# Selection   : patch(inlet)
# Faces       : 376
# Area        : 3.835388e-01
# Time        	areaAverage(p)	areaAverage(U)
633           	5.882303e-05	(0.000000e+00 0.000000e+00 -5.706577e-03)
634           	5.850695e-05	(0.000000e+00 0.000000e+00 -5.706577e-03)
635           	5.849142e-05	(0.000000e+00 0.000000e+00 -5.706577e-03)
636           	5.845424e-05	(0.000000e+00 0.000000e+00 -5.706577e-03)
637           	5.820413e-05	(0.000000e+00 0.000000e+00 -5.706577e-03)
638           	5.784291e-05	(0.000000e+00 0.000000e+00 -5.706577e-03)
639           	5.760937e-05	(0.000000e+00 0.000000e+00 -5.706577e-03)
640           	5.755507e-05	(0.000000e+00 0.000000e+00 -5.706577e-03)
641           	5.749265e-05	(0.000000e+00 0.000000e+00 -5.706577e-03)
642           	5.748935e-05	(0.000000e+00 0.000000e+00 -5.706577e-03)
643           	5.751990e-05	(0.000000e+00 0.000000e+00 -5.706577e-03)
644           	5.757432e-05	(0.000000e+00 0.000000e+00 -5.706577e-03)
645           	5.773755e-05	(0.000000e+00 0.000000e+00 -5.706577e-03)
646           	5.782591e-05	(0.000000e+00 0.000000e+00 -5.706577e-03)
647           	5.785938e-05	(0.000000e+00 0.000000e+00 -5.706577e-03)
648           	5.789153e-05	(0.000000e+00 0.000000e+00 -5.706577e-03)
649           	5.793224e-05	(0.000000e+00 0.000000e+00 -5.706577e-03)
650           	5.800461e-05	(0.000000e+00 0.000000e+00 -5.706577e-03)
651           	5.884246e-05	(0.000000e+00 0.000000e+00 -5.706577e-03)
652           	5.876569e-05	(0.000000e+00 0.000000e+00 -5.706577e-03)
653           	5.871444e-05	(0.000000e+00 0.000000e+00 -5.706577e-03)
654           	5.886664e-05	(0.000000e+00 0.000000e+00 -5.706577e-03)
655           	5.910505e-05	(0.000000e+00 0.000000e+00 -5.706577e-03)
656           	6.017896e-05	(0.000000e+00 0.000000e+00 -5.706577e-03)
657           	6.014451e-05	(0.000000e+00 0.000000e+00 -5.706577e-03)
658           	6.026185e-05	(0.000000e+00 0.000000e+00 -5.706577e-03)
659           	6.049587e-05	(0.000000e+00 0.000000e+00 -5.706577e-03)
660           	6.146112e-05	(0.000000e+00 0.000000e+00 -5.706577e-03)
661           	6.140636e-05	(0.000000e+00 0.000000e+00 -5.706577e-03)
662           	6.134617e-05	(0.000000e+00 0.000000e+00 -5.706577e-03)
663           	6.125144e-05	(0.000000e+00 0.000000e+00 -5.706577e-03)
664           	6.116774e-05	(0.000000e+00 0.000000e+00 -5.706577e-03)
665           	6.060197e-05	(0.000000e+00 0.000000e+00 -5.706577e-03)
666           	6.062960e-05	(0.000000e+00 0.000000e+00 -5.706577e-03)
667           	6.067892e-05	(0.000000e+00 0.000000e+00 -5.706577e-03)
668           	6.085208e-05	(0.000000e+00 0.000000e+00 -5.706577e-03)
669           	6.068517e-05	(0.000000e+00 0.000000e+00 -5.706577e-03)
670           	6.050699e-05	(0.000000e+00 0.000000e+00 -5.706577e-03)
671           	5.956413e-05	(0.000000e+00 0.000000e+00 -5.706577e-03)
672           	5.947627e-05	(0.000000e+00 0.000000e+00 -5.706577e-03)
673           	5.937779e-05	(0.000000e+00 0.000000e+00 -5.706577e-03)
674           	5.896132e-05	(0.000000e+00 0.000000e+00 -5.706577e-03)
675           	5.896957e-05	(0.000000e+00 0.000000e+00 -5.706577e-03)
676           	5.898318e-05	(0.000000e+00 0.000000e+00 -5.706577e-03)
677           	5.905802e-05	(0.000000e+00 0.000000e+00 -5.706577e-03)
678           	5.901334e-05	(0.000000e+00 0.000000e+00 -5.706577e-03)
679           	5.900433e-05	(0.000000e+00 0.000000e+00 -5.706577e-03)
680           	5.921419e-05	(0.000000e+00 0.000000e+00 -5.706577e-03)
681           	5.921017e-05	(0.000000e+00 0.000000e+00 -5.706577e-03)
682           	5.921317e-05	(0.000000e+00 0.000000e+00 -5.706577e-03)
683           	5.929153e-05	(0.000000e+00 0.000000e+00 -5.706577e-03)
684           	5.937109e-05	(0.000000e+00 0.000000e+00 -5.706577e-03)
685           	5.944899e-05	(0.000000e+00 0.000000e+00 -5.706577e-03)
686           	5.983568e-05	(0.000000e+00 0.000000e+00 -5.706577e-03)
687           	5.987584e-05	(0.000000e+00 0.000000e+00 -5.706577e-03)
688           	6.005315e-05	(0.000000e+00 0.000000e+00 -5.706577e-03)
689           	6.009856e-05	(0.000000e+00 0.000000e+00 -5.706577e-03)
690           	6.032963e-05	(0.000000e+00 0.000000e+00 -5.706577e-03)
691           	6.038516e-05	(0.000000e+00 0.000000e+00 -5.706577e-03)
692           	6.065335e-05	(0.000000e+00 0.000000e+00 -5.706577e-03)
693           	6.066969e-05	(0.000000e+00 0.000000e+00 -5.706577e-03)
694           	6.072157e-05	(0.000000e+00 0.000000e+00 -5.706577e-03)
695           	6.072507e-05	(0.000000e+00 0.000000e+00 -5.706577e-03)
696           	6.073355e-05	(0.000000e+00 0.000000e+00 -5.706577e-03)
697           	6.073654e-05	(0.000000e+00 0.000000e+00 -5.706577e-03)
698           	6.061107e-05	(0.000000e+00 0.000000e+00 -5.706577e-03)
699           	6.060763e-05	(0.000000e+00 0.000000e+00 -5.706577e-03)
700           	6.001855e-05	(0.000000e+00 0.000000e+00 -5.706577e-03)
701           	6.003451e-05	(0.000000e+00 0.000000e+00 -5.706577e-03)
702           	6.010060e-05	(0.000000e+00 0.000000e+00 -5.706577e-03)
703           	6.009518e-05	(0.000000e+00 0.000000e+00 -5.706577e-03)
704           	6.007769e-05	(0.000000e+00 0.000000e+00 -5.706577e-03)
705           	6.007377e-05	(0.000000e+00 0.000000e+00 -5.706577e-03)
706           	6.005462e-05	(0.000000e+00 0.000000e+00 -5.706577e-03)
707           	6.004802e-05	(0.000000e+00 0.000000e+00 -5.706577e-03)
708           	6.001054e-05	(0.000000e+00 0.000000e+00 -5.706577e-03)
709           	5.998420e-05	(0.000000e+00 0.000000e+00 -5.706577e-03)
710           	5.988209e-05	(0.000000e+00 0.000000e+00 -5.706577e-03)
711           	5.985669e-05	(0.000000e+00 0.000000e+00 -5.706577e-03)
712           	5.966298e-05	(0.000000e+00 0.000000e+00 -5.706577e-03)
713           	5.966719e-05	(0.000000e+00 0.000000e+00 -5.706577e-03)
714           	5.968556e-05	(0.000000e+00 0.000000e+00 -5.706577e-03)
715           	5.968358e-05	(0.000000e+00 0.000000e+00 -5.706577e-03)
716           	5.968047e-05	(0.000000e+00 0.000000e+00 -5.706577e-03)
717           	5.967994e-05	(0.000000e+00 0.000000e+00 -5.706577e-03)
718           	5.968285e-05	(0.000000e+00 0.000000e+00 -5.706577e-03)
719           	5.969865e-05	(0.000000e+00 0.000000e+00 -5.706577e-03)
720           	5.978096e-05	(0.000000e+00 0.000000e+00 -5.706577e-03)
721           	5.978739e-05	(0.000000e+00 0.000000e+00 -5.706577e-03)
722           	5.982032e-05	(0.000000e+00 0.000000e+00 -5.706577e-03)
723           	5.986994e-05	(0.000000e+00 0.000000e+00 -5.706577e-03)
724           	5.993238e-05	(0.000000e+00 0.000000e+00 -5.706577e-03)
725           	5.997264e-05	(0.000000e+00 0.000000e+00 -5.706577e-03)
726           	6.007577e-05	(0.000000e+00 0.000000e+00 -5.706577e-03)
727           	6.010347e-05	(0.000000e+00 0.000000e+00 -5.706577e-03)
728           	6.022049e-05	(0.000000e+00 0.000000e+00 -5.706577e-03)
729           	6.023316e-05	(0.000000e+00 0.000000e+00 -5.706577e-03)
730           	6.026894e-05	(0.000000e+00 0.000000e+00 -5.706577e-03)
731           	6.028093e-05	(0.000000e+00 0.000000e+00 -5.706577e-03)
732           	6.031555e-05	(0.000000e+00 0.000000e+00 -5.706577e-03)
733           	6.032301e-05	(0.000000e+00 0.000000e+00 -5.706577e-03)
734           	6.034366e-05	(0.000000e+00 0.000000e+00 -5.706577e-03)
735           	6.034750e-05	(0.000000e+00 0.000000e+00 -5.706577e-03)
736           	6.035897e-05	(0.000000e+00 0.000000e+00 -5.706577e-03)
737           	6.036140e-05	(0.000000e+00 0.000000e+00 -5.706577e-03)
738           	6.036874e-05	(0.000000e+00 0.000000e+00 -5.706577e-03)
739           	6.037045e-05	(0.000000e+00 0.000000e+00 -5.706577e-03)
740           	6.037455e-05	(0.000000e+00 0.000000e+00 -5.706577e-03)
741           	6.037535e-05	(0.000000e+00 0.000000e+00 -5.706577e-03)
742           	6.037705e-05	(0.000000e+00 0.000000e+00 -5.706577e-03)
743           	6.037731e-05	(0.000000e+00 0.000000e+00 -5.706577e-03)
744           	6.037749e-05	(0.000000e+00 0.000000e+00 -5.706577e-03)
745           	6.037732e-05	(0.000000e+00 0.000000e+00 -5.706577e-03)
746           	6.037624e-05	(0.000000e+00 0.000000e+00 -5.706577e-03)
747           	6.037568e-05	(0.000000e+00 0.000000e+00 -5.706577e-03)
748           	6.037362e-05	(0.000000e+00 0.000000e+00 -5.706577e-03)
749           	6.037294e-05	(0.000000e+00 0.000000e+00 -5.706577e-03)
750           	6.035948e-05	(0.000000e+00 0.000000e+00 -5.706577e-03)
751           	6.035810e-05	(0.000000e+00 0.000000e+00 -5.706577e-03)
752           	6.035241e-05	(0.000000e+00 0.000000e+00 -5.706577e-03)
753           	6.035089e-05	(0.000000e+00 0.000000e+00 -5.706577e-03)
754           	6.034424e-05	(0.000000e+00 0.000000e+00 -5.706577e-03)
755           	6.034246e-05	(0.000000e+00 0.000000e+00 -5.706577e-03)
756           	6.033504e-05	(0.000000e+00 0.000000e+00 -5.706577e-03)
757           	6.033298e-05	(0.000000e+00 0.000000e+00 -5.706577e-03)
758           	6.032486e-05	(0.000000e+00 0.000000e+00 -5.706577e-03)
759           	6.032241e-05	(0.000000e+00 0.000000e+00 -5.706577e-03)
760           	6.031381e-05	(0.000000e+00 0.000000e+00 -5.706577e-03)
761           	6.031121e-05	(0.000000e+00 0.000000e+00 -5.706577e-03)
762           	6.030191e-05	(0.000000e+00 0.000000e+00 -5.706577e-03)
763           	6.029877e-05	(0.000000e+00 0.000000e+00 -5.706577e-03)
764           	6.028925e-05	(0.000000e+00 0.000000e+00 -5.706577e-03)
765           	6.028628e-05	(0.000000e+00 0.000000e+00 -5.706577e-03)
766           	6.027708e-05	(0.000000e+00 0.000000e+00 -5.706577e-03)
767           	6.027415e-05	(0.000000e+00 0.000000e+00 -5.706577e-03)
768           	6.026563e-05	(0.000000e+00 0.000000e+00 -5.706577e-03)
769           	6.026308e-05	(0.000000e+00 0.000000e+00 -5.706577e-03)
770           	6.025491e-05	(0.000000e+00 0.000000e+00 -5.706577e-03)
771           	6.025243e-05	(0.000000e+00 0.000000e+00 -5.706577e-03)
772           	6.024536e-05	(0.000000e+00 0.000000e+00 -5.706577e-03)
773           	6.024341e-05	(0.000000e+00 0.000000e+00 -5.706577e-03)
774           	6.023742e-05	(0.000000e+00 0.000000e+00 -5.706577e-03)
775           	6.023579e-05	(0.000000e+00 0.000000e+00 -5.706577e-03)
776           	6.023084e-05	(0.000000e+00 0.000000e+00 -5.706577e-03)
777           	6.022962e-05	(0.000000e+00 0.000000e+00 -5.706577e-03)
778           	6.022536e-05	(0.000000e+00 0.000000e+00 -5.706577e-03)
779           	6.022436e-05	(0.000000e+00 0.000000e+00 -5.706577e-03)
780           	6.022128e-05	(0.000000e+00 0.000000e+00 -5.706577e-03)
781           	6.022066e-05	(0.000000e+00 0.000000e+00 -5.706577e-03)
782           	6.021850e-05	(0.000000e+00 0.000000e+00 -5.706577e-03)
783           	6.022360e-05	(0.000000e+00 0.000000e+00 -5.706577e-03)
784           	6.023994e-05	(0.000000e+00 0.000000e+00 -5.706577e-03)
785           	6.023994e-05	(0.000000e+00 0.000000e+00 -5.706577e-03)
786           	6.025976e-05	(0.000000e+00 0.000000e+00 -5.706577e-03)
787           	6.026028e-05	(0.000000e+00 0.000000e+00 -5.706577e-03)
788           	6.026187e-05	(0.000000e+00 0.000000e+00 -5.706577e-03)
789           	6.026949e-05	(0.000000e+00 0.000000e+00 -5.706577e-03)
790           	6.027233e-05	(0.000000e+00 0.000000e+00 -5.706577e-03)
791           	6.028247e-05	(0.000000e+00 0.000000e+00 -5.706577e-03)
792           	6.028659e-05	(0.000000e+00 0.000000e+00 -5.706577e-03)
793           	6.029792e-05	(0.000000e+00 0.000000e+00 -5.706577e-03)
794           	6.030388e-05	(0.000000e+00 0.000000e+00 -5.706577e-03)
795           	6.031948e-05	(0.000000e+00 0.000000e+00 -5.706577e-03)
796           	6.032655e-05	(0.000000e+00 0.000000e+00 -5.706577e-03)
797           	6.034084e-05	(0.000000e+00 0.000000e+00 -5.706577e-03)
798           	6.038998e-05	(0.000000e+00 0.000000e+00 -5.706577e-03)
799           	6.039440e-05	(0.000000e+00 0.000000e+00 -5.706577e-03)
800           	6.040311e-05	(0.000000e+00 0.000000e+00 -5.706577e-03)
801           	6.040740e-05	(0.000000e+00 0.000000e+00 -5.706577e-03)
802           	6.041839e-05	(0.000000e+00 0.000000e+00 -5.706577e-03)
803           	6.043890e-05	(0.000000e+00 0.000000e+00 -5.706577e-03)
804           	6.045078e-05	(0.000000e+00 0.000000e+00 -5.706577e-03)
805           	6.046911e-05	(0.000000e+00 0.000000e+00 -5.706577e-03)
806           	6.048154e-05	(0.000000e+00 0.000000e+00 -5.706577e-03)
807           	6.049758e-05	(0.000000e+00 0.000000e+00 -5.706577e-03)
808           	6.054657e-05	(0.000000e+00 0.000000e+00 -5.706577e-03)
809           	6.055061e-05	(0.000000e+00 0.000000e+00 -5.706577e-03)
810           	6.056270e-05	(0.000000e+00 0.000000e+00 -5.706577e-03)
811           	6.056669e-05	(0.000000e+00 0.000000e+00 -5.706577e-03)
812           	6.057838e-05	(0.000000e+00 0.000000e+00 -5.706577e-03)
813           	6.058861e-05	(0.000000e+00 0.000000e+00 -5.706577e-03)
814           	6.060073e-05	(0.000000e+00 0.000000e+00 -5.706577e-03)
815           	6.061040e-05	(0.000000e+00 0.000000e+00 -5.706577e-03)
816           	6.065044e-05	(0.000000e+00 0.000000e+00 -5.706577e-03)
817           	6.065587e-05	(0.000000e+00 0.000000e+00 -5.706577e-03)
818           	6.066961e-05	(0.000000e+00 0.000000e+00 -5.706577e-03)
819           	6.068134e-05	(0.000000e+00 0.000000e+00 -5.706577e-03)
820           	6.069188e-05	(0.000000e+00 0.000000e+00 -5.706577e-03)
821           	6.069417e-05	(0.000000e+00 0.000000e+00 -5.706577e-03)
822           	6.070174e-05	(0.000000e+00 0.000000e+00 -5.706577e-03)
823           	6.070412e-05	(0.000000e+00 0.000000e+00 -5.706577e-03)
824           	6.071077e-05	(0.000000e+00 0.000000e+00 -5.706577e-03)
825           	6.071607e-05	(0.000000e+00 0.000000e+00 -5.706577e-03)
826           	6.073952e-05	(0.000000e+00 0.000000e+00 -5.706577e-03)
827           	6.074123e-05	(0.000000e+00 0.000000e+00 -5.706577e-03)
828           	6.074632e-05	(0.000000e+00 0.000000e+00 -5.706577e-03)
829           	6.075047e-05	(0.000000e+00 0.000000e+00 -5.706577e-03)
830           	6.076625e-05	(0.000000e+00 0.000000e+00 -5.706577e-03)
831           	6.076981e-05	(0.000000e+00 0.000000e+00 -5.706577e-03)
832           	6.077344e-05	(0.000000e+00 0.000000e+00 -5.706577e-03)
833           	6.077472e-05	(0.000000e+00 0.000000e+00 -5.706577e-03)
834           	6.077847e-05	(0.000000e+00 0.000000e+00 -5.706577e-03)
835           	6.078189e-05	(0.000000e+00 0.000000e+00 -5.706577e-03)
836           	6.078539e-05	(0.000000e+00 0.000000e+00 -5.706577e-03)
837           	6.078662e-05	(0.000000e+00 0.000000e+00 -5.706577e-03)
838           	6.079038e-05	(0.000000e+00 0.000000e+00 -5.706577e-03)
839           	6.079473e-05	(0.000000e+00 0.000000e+00 -5.706577e-03)
840           	6.079831e-05	(0.000000e+00 0.000000e+00 -5.706577e-03)
841           	6.080290e-05	(0.000000e+00 0.000000e+00 -5.706577e-03)
842           	6.082014e-05	(0.000000e+00 0.000000e+00 -5.706577e-03)
843           	6.082152e-05	(0.000000e+00 0.000000e+00 -5.706577e-03)
844           	6.082427e-05	(0.000000e+00 0.000000e+00 -5.706577e-03)
845           	6.082530e-05	(0.000000e+00 0.000000e+00 -5.706577e-03)
846           	6.082857e-05	(0.000000e+00 0.000000e+00 -5.706577e-03)
847           	6.083597e-05	(0.000000e+00 0.000000e+00 -5.706577e-03)
848           	6.083942e-05	(0.000000e+00 0.000000e+00 -5.706577e-03)
849           	6.084734e-05	(0.000000e+00 0.000000e+00 -5.706577e-03)
850           	6.085127e-05	(0.000000e+00 0.000000e+00 -5.706577e-03)
851           	6.086160e-05	(0.000000e+00 0.000000e+00 -5.706577e-03)
852           	6.089456e-05	(0.000000e+00 0.000000e+00 -5.706577e-03)
853           	6.089560e-05	(0.000000e+00 0.000000e+00 -5.706577e-03)
854           	6.092264e-05	(0.000000e+00 0.000000e+00 -5.706577e-03)
855           	6.092364e-05	(0.000000e+00 0.000000e+00 -5.706577e-03)
856           	6.092707e-05	(0.000000e+00 0.000000e+00 -5.706577e-03)
857           	6.092825e-05	(0.000000e+00 0.000000e+00 -5.706577e-03)
858           	6.093320e-05	(0.000000e+00 0.000000e+00 -5.706577e-03)
859           	6.094210e-05	(0.000000e+00 0.000000e+00 -5.706577e-03)
860           	6.094764e-05	(0.000000e+00 0.000000e+00 -5.706577e-03)
861           	6.095728e-05	(0.000000e+00 0.000000e+00 -5.706577e-03)
862           	6.096443e-05	(0.000000e+00 0.000000e+00 -5.706577e-03)
863           	6.097744e-05	(0.000000e+00 0.000000e+00 -5.706577e-03)
864           	6.102244e-05	(0.000000e+00 0.000000e+00 -5.706577e-03)
865           	6.102406e-05	(0.000000e+00 0.000000e+00 -5.706577e-03)
866           	6.103052e-05	(0.000000e+00 0.000000e+00 -5.706577e-03)
867           	6.104256e-05	(0.000000e+00 0.000000e+00 -5.706577e-03)
868           	6.104979e-05	(0.000000e+00 0.000000e+00 -5.706577e-03)
869           	6.106294e-05	(0.000000e+00 0.000000e+00 -5.706577e-03)
870           	6.112057e-05	(0.000000e+00 0.000000e+00 -5.706577e-03)
871           	6.112273e-05	(0.000000e+00 0.000000e+00 -5.706577e-03)
872           	6.113035e-05	(0.000000e+00 0.000000e+00 -5.706577e-03)
873           	6.113256e-05	(0.000000e+00 0.000000e+00 -5.706577e-03)
874           	6.114128e-05	(0.000000e+00 0.000000e+00 -5.706577e-03)
875           	6.115627e-05	(0.000000e+00 0.000000e+00 -5.706577e-03)
876           	6.121235e-05	(0.000000e+00 0.000000e+00 -5.706577e-03)
877           	6.121499e-05	(0.000000e+00 0.000000e+00 -5.706577e-03)
878           	6.122476e-05	(0.000000e+00 0.000000e+00 -5.706577e-03)
879           	6.122792e-05	(0.000000e+00 0.000000e+00 -5.706577e-03)
880           	6.123876e-05	(0.000000e+00 0.000000e+00 -5.706577e-03)
881           	6.125432e-05	(0.000000e+00 0.000000e+00 -5.706577e-03)
882           	6.132504e-05	(0.000000e+00 0.000000e+00 -5.706577e-03)
883           	6.132859e-05	(0.000000e+00 0.000000e+00 -5.706577e-03)
884           	6.133977e-05	(0.000000e+00 0.000000e+00 -5.706577e-03)
885           	6.134332e-05	(0.000000e+00 0.000000e+00 -5.706577e-03)
886           	6.135542e-05	(0.000000e+00 0.000000e+00 -5.706577e-03)
887           	6.136955e-05	(0.000000e+00 0.000000e+00 -5.706577e-03)
888           	6.137912e-05	(0.000000e+00 0.000000e+00 -5.706577e-03)
889           	6.139462e-05	(0.000000e+00 0.000000e+00 -5.706577e-03)
890           	6.146838e-05	(0.000000e+00 0.000000e+00 -5.706577e-03)
891           	6.147237e-05	(0.000000e+00 0.000000e+00 -5.706577e-03)
892           	6.148573e-05	(0.000000e+00 0.000000e+00 -5.706577e-03)
893           	6.148952e-05	(0.000000e+00 0.000000e+00 -5.706577e-03)
894           	6.150522e-05	(0.000000e+00 0.000000e+00 -5.706577e-03)
895           	6.151711e-05	(0.000000e+00 0.000000e+00 -5.706577e-03)
896           	6.153378e-05	(0.000000e+00 0.000000e+00 -5.706577e-03)
897           	6.154553e-05	(0.000000e+00 0.000000e+00 -5.706577e-03)
898           	6.156367e-05	(0.000000e+00 0.000000e+00 -5.706577e-03)
899           	6.157555e-05	(0.000000e+00 0.000000e+00 -5.706577e-03)
900           	6.159414e-05	(0.000000e+00 0.000000e+00 -5.706577e-03)
901           	6.160607e-05	(0.000000e+00 0.000000e+00 -5.706577e-03)
902           	6.169127e-05	(0.000000e+00 0.000000e+00 -5.706577e-03)
903           	6.169459e-05	(0.000000e+00 0.000000e+00 -5.706577e-03)
904           	6.171509e-05	(0.000000e+00 0.000000e+00 -5.706577e-03)
905           	6.171808e-05	(0.000000e+00 0.000000e+00 -5.706577e-03)
906           	6.173627e-05	(0.000000e+00 0.000000e+00 -5.706577e-03)
907           	6.173923e-05	(0.000000e+00 0.000000e+00 -5.706577e-03)
908           	6.175766e-05	(0.000000e+00 0.000000e+00 -5.706577e-03)
909           	6.176060e-05	(0.000000e+00 0.000000e+00 -5.706577e-03)
910           	6.178190e-05	(0.000000e+00 0.000000e+00 -5.706577e-03)
911           	6.178475e-05	(0.000000e+00 0.000000e+00 -5.706577e-03)
912           	6.180558e-05	(0.000000e+00 0.000000e+00 -5.706577e-03)
913           	6.181383e-05	(0.000000e+00 0.000000e+00 -5.706577e-03)
914           	6.189373e-05	(0.000000e+00 0.000000e+00 -5.706577e-03)
915           	6.189632e-05	(0.000000e+00 0.000000e+00 -5.706577e-03)
916           	6.191423e-05	(0.000000e+00 0.000000e+00 -5.706577e-03)
917           	6.191688e-05	(0.000000e+00 0.000000e+00 -5.706577e-03)
918           	6.193380e-05	(0.000000e+00 0.000000e+00 -5.706577e-03)
919           	6.194145e-05	(0.000000e+00 0.000000e+00 -5.706577e-03)
920           	6.195800e-05	(0.000000e+00 0.000000e+00 -5.706577e-03)
921           	6.196657e-05	(0.000000e+00 0.000000e+00 -5.706577e-03)
922           	6.198271e-05	(0.000000e+00 0.000000e+00 -5.706577e-03)
923           	6.199268e-05	(0.000000e+00 0.000000e+00 -5.706577e-03)
924           	6.200811e-05	(0.000000e+00 0.000000e+00 -5.706577e-03)
925           	6.201935e-05	(0.000000e+00 0.000000e+00 -5.706577e-03)
926           	6.207499e-05	(0.000000e+00 0.000000e+00 -5.706577e-03)
927           	6.208528e-05	(0.000000e+00 0.000000e+00 -5.706577e-03)
928           	6.209832e-05	(0.000000e+00 0.000000e+00 -5.706577e-03)
929           	6.210727e-05	(0.000000e+00 0.000000e+00 -5.706577e-03)
930           	6.211976e-05	(0.000000e+00 0.000000e+00 -5.706577e-03)
931           	6.212873e-05	(0.000000e+00 0.000000e+00 -5.706577e-03)
932           	6.214133e-05	(0.000000e+00 0.000000e+00 -5.706577e-03)
933           	6.214984e-05	(0.000000e+00 0.000000e+00 -5.706577e-03)
934           	6.217802e-05	(0.000000e+00 0.000000e+00 -5.706577e-03)
935           	6.218115e-05	(0.000000e+00 0.000000e+00 -5.706577e-03)
936           	6.219221e-05	(0.000000e+00 0.000000e+00 -5.706577e-03)
937           	6.219568e-05	(0.000000e+00 0.000000e+00 -5.706577e-03)
938           	6.222317e-05	(0.000000e+00 0.000000e+00 -5.706577e-03)
939           	6.223046e-05	(0.000000e+00 0.000000e+00 -5.706577e-03)
940           	6.225384e-05	(0.000000e+00 0.000000e+00 -5.706577e-03)
941           	6.225615e-05	(0.000000e+00 0.000000e+00 -5.706577e-03)
942           	6.226494e-05	(0.000000e+00 0.000000e+00 -5.706577e-03)
943           	6.226733e-05	(0.000000e+00 0.000000e+00 -5.706577e-03)
944           	6.227579e-05	(0.000000e+00 0.000000e+00 -5.706577e-03)
945           	6.227807e-05	(0.000000e+00 0.000000e+00 -5.706577e-03)
946           	6.228663e-05	(0.000000e+00 0.000000e+00 -5.706577e-03)
947           	6.228885e-05	(0.000000e+00 0.000000e+00 -5.706577e-03)
948           	6.231386e-05	(0.000000e+00 0.000000e+00 -5.706577e-03)
949           	6.231571e-05	(0.000000e+00 0.000000e+00 -5.706577e-03)
950           	6.233985e-05	(0.000000e+00 0.000000e+00 -5.706577e-03)
951           	6.234575e-05	(0.000000e+00 0.000000e+00 -5.706577e-03)
952           	6.235329e-05	(0.000000e+00 0.000000e+00 -5.706577e-03)
953           	6.235944e-05	(0.000000e+00 0.000000e+00 -5.706577e-03)
954           	6.238074e-05	(0.000000e+00 0.000000e+00 -5.706577e-03)
955           	6.238242e-05	(0.000000e+00 0.000000e+00 -5.706577e-03)
956           	6.239008e-05	(0.000000e+00 0.000000e+00 -5.706577e-03)
957           	6.239157e-05	(0.000000e+00 0.000000e+00 -5.706577e-03)
958           	6.239910e-05	(0.000000e+00 0.000000e+00 -5.706577e-03)
959           	6.240039e-05	(0.000000e+00 0.000000e+00 -5.706577e-03)
960           	6.240776e-05	(0.000000e+00 0.000000e+00 -5.706577e-03)
961           	6.240911e-05	(0.000000e+00 0.000000e+00 -5.706577e-03)
962           	6.241694e-05	(0.000000e+00 0.000000e+00 -5.706577e-03)
963           	6.241853e-05	(0.000000e+00 0.000000e+00 -5.706577e-03)
964           	6.242636e-05	(0.000000e+00 0.000000e+00 -5.706577e-03)
965           	6.242793e-05	(0.000000e+00 0.000000e+00 -5.706577e-03)
966           	6.243572e-05	(0.000000e+00 0.000000e+00 -5.706577e-03)
967           	6.243726e-05	(0.000000e+00 0.000000e+00 -5.706577e-03)
968           	6.244508e-05	(0.000000e+00 0.000000e+00 -5.706577e-03)
969           	6.244662e-05	(0.000000e+00 0.000000e+00 -5.706577e-03)
970           	6.245475e-05	(0.000000e+00 0.000000e+00 -5.706577e-03)
971           	6.245642e-05	(0.000000e+00 0.000000e+00 -5.706577e-03)
972           	6.246427e-05	(0.000000e+00 0.000000e+00 -5.706577e-03)
973           	6.246587e-05	(0.000000e+00 0.000000e+00 -5.706577e-03)
974           	6.247323e-05	(0.000000e+00 0.000000e+00 -5.706577e-03)
975           	6.247485e-05	(0.000000e+00 0.000000e+00 -5.706577e-03)
976           	6.248185e-05	(0.000000e+00 0.000000e+00 -5.706577e-03)
977           	6.248352e-05	(0.000000e+00 0.000000e+00 -5.706577e-03)
978           	6.248953e-05	(0.000000e+00 0.000000e+00 -5.706577e-03)
979           	6.249080e-05	(0.000000e+00 0.000000e+00 -5.706577e-03)
980           	6.249513e-05	(0.000000e+00 0.000000e+00 -5.706577e-03)
981           	6.249585e-05	(0.000000e+00 0.000000e+00 -5.706577e-03)
982           	6.249903e-05	(0.000000e+00 0.000000e+00 -5.706577e-03)
983           	6.249940e-05	(0.000000e+00 0.000000e+00 -5.706577e-03)
984           	6.250200e-05	(0.000000e+00 0.000000e+00 -5.706577e-03)
985           	6.249448e-05	(0.000000e+00 0.000000e+00 -5.706577e-03)
986           	6.249711e-05	(0.000000e+00 0.000000e+00 -5.706577e-03)
987           	6.248812e-05	(0.000000e+00 0.000000e+00 -5.706577e-03)
988           	6.247131e-05	(0.000000e+00 0.000000e+00 -5.706577e-03)
989           	6.247148e-05	(0.000000e+00 0.000000e+00 -5.706577e-03)
990           	6.245661e-05	(0.000000e+00 0.000000e+00 -5.706577e-03)
991           	6.245665e-05	(0.000000e+00 0.000000e+00 -5.706577e-03)
992           	6.245841e-05	(0.000000e+00 0.000000e+00 -5.706577e-03)
993           	6.245825e-05	(0.000000e+00 0.000000e+00 -5.706577e-03)
994           	6.244452e-05	(0.000000e+00 0.000000e+00 -5.706577e-03)
995           	6.244430e-05	(0.000000e+00 0.000000e+00 -5.706577e-03)
996           	6.244512e-05	(0.000000e+00 0.000000e+00 -5.706577e-03)
997           	6.244451e-05	(0.000000e+00 0.000000e+00 -5.706577e-03)
998           	6.244380e-05	(0.000000e+00 0.000000e+00 -5.706577e-03)
999           	6.243437e-05	(0.000000e+00 0.000000e+00 -5.706577e-03)
1000          	6.243255e-05	(0.000000e+00 0.000000e+00 -5.706577e-03)
1001          	6.243150e-05	(0.000000e+00 0.000000e+00 -5.706577e-03)
1002          	6.242920e-05	(0.000000e+00 0.000000e+00 -5.706577e-03)
1003          	6.241868e-05	(0.000000e+00 0.000000e+00 -5.706577e-03)
1004          	6.241613e-05	(0.000000e+00 0.000000e+00 -5.706577e-03)
1005          	6.240430e-05	(0.000000e+00 0.000000e+00 -5.706577e-03)
1006          	6.240189e-05	(0.000000e+00 0.000000e+00 -5.706577e-03)
1007          	6.240045e-05	(0.000000e+00 0.000000e+00 -5.706577e-03)
1008          	6.239710e-05	(0.000000e+00 0.000000e+00 -5.706577e-03)
1009          	6.238399e-05	(0.000000e+00 0.000000e+00 -5.706577e-03)
1010          	6.238005e-05	(0.000000e+00 0.000000e+00 -5.706577e-03)
1011          	6.236811e-05	(0.000000e+00 0.000000e+00 -5.706577e-03)
1012          	6.236278e-05	(0.000000e+00 0.000000e+00 -5.706577e-03)
1013          	6.235020e-05	(0.000000e+00 0.000000e+00 -5.706577e-03)
1014          	6.234455e-05	(0.000000e+00 0.000000e+00 -5.706577e-03)
1015          	6.233311e-05	(0.000000e+00 0.000000e+00 -5.706577e-03)
1016          	6.232737e-05	(0.000000e+00 0.000000e+00 -5.706577e-03)
1017          	6.232518e-05	(0.000000e+00 0.000000e+00 -5.706577e-03)
1018          	6.231838e-05	(0.000000e+00 0.000000e+00 -5.706577e-03)
1019          	6.230520e-05	(0.000000e+00 0.000000e+00 -5.706577e-03)
1020          	6.227874e-05	(0.000000e+00 0.000000e+00 -5.706577e-03)
1021          	6.226842e-05	(0.000000e+00 0.000000e+00 -5.706577e-03)
1022          	6.226306e-05	(0.000000e+00 0.000000e+00 -5.706577e-03)
1023          	6.225322e-05	(0.000000e+00 0.000000e+00 -5.706577e-03)
1024          	6.224708e-05	(0.000000e+00 0.000000e+00 -5.706577e-03)
1025          	6.224494e-05	(0.000000e+00 0.000000e+00 -5.706577e-03)
1026          	6.223807e-05	(0.000000e+00 0.000000e+00 -5.706577e-03)
1027          	6.223562e-05	(0.000000e+00 0.000000e+00 -5.706577e-03)
1028          	6.222786e-05	(0.000000e+00 0.000000e+00 -5.706577e-03)
1029          	6.221379e-05	(0.000000e+00 0.000000e+00 -5.706577e-03)
1030          	6.220526e-05	(0.000000e+00 0.000000e+00 -5.706577e-03)
1031          	6.219048e-05	(0.000000e+00 0.000000e+00 -5.706577e-03)
1032          	6.216063e-05	(0.000000e+00 0.000000e+00 -5.706577e-03)
1033          	6.215790e-05	(0.000000e+00 0.000000e+00 -5.706577e-03)
1034          	6.214915e-05	(0.000000e+00 0.000000e+00 -5.706577e-03)
1035          	6.214639e-05	(0.000000e+00 0.000000e+00 -5.706577e-03)
1036          	6.213742e-05	(0.000000e+00 0.000000e+00 -5.706577e-03)
1037          	6.212445e-05	(0.000000e+00 0.000000e+00 -5.706577e-03)
1038          	6.211554e-05	(0.000000e+00 0.000000e+00 -5.706577e-03)
1039          	6.211292e-05	(0.000000e+00 0.000000e+00 -5.706577e-03)
1040          	6.208244e-05	(0.000000e+00 0.000000e+00 -5.706577e-03)
1041          	6.208008e-05	(0.000000e+00 0.000000e+00 -5.706577e-03)
1042          	6.207176e-05	(0.000000e+00 0.000000e+00 -5.706577e-03)
1043          	6.206934e-05	(0.000000e+00 0.000000e+00 -5.706577e-03)
1044          	6.206091e-05	(0.000000e+00 0.000000e+00 -5.706577e-03)
1045          	6.205840e-05	(0.000000e+00 0.000000e+00 -5.706577e-03)
1046          	6.205004e-05	(0.000000e+00 0.000000e+00 -5.706577e-03)
1047          	6.204750e-05	(0.000000e+00 0.000000e+00 -5.706577e-03)
1048          	6.203930e-05	(0.000000e+00 0.000000e+00 -5.706577e-03)
1049          	6.203678e-05	(0.000000e+00 0.000000e+00 -5.706577e-03)
1050          	6.202862e-05	(0.000000e+00 0.000000e+00 -5.706577e-03)
1051          	6.202603e-05	(0.000000e+00 0.000000e+00 -5.706577e-03)
1052          	6.201773e-05	(0.000000e+00 0.000000e+00 -5.706577e-03)
1053          	6.201492e-05	(0.000000e+00 0.000000e+00 -5.706577e-03)
1054          	6.200628e-05	(0.000000e+00 0.000000e+00 -5.706577e-03)
1055          	6.200324e-05	(0.000000e+00 0.000000e+00 -5.706577e-03)
1056          	6.199467e-05	(0.000000e+00 0.000000e+00 -5.706577e-03)
1057          	6.199181e-05	(0.000000e+00 0.000000e+00 -5.706577e-03)
1058          	6.198364e-05	(0.000000e+00 0.000000e+00 -5.706577e-03)
1059          	6.196520e-05	(0.000000e+00 0.000000e+00 -5.706577e-03)
1060          	6.192954e-05	(0.000000e+00 0.000000e+00 -5.706577e-03)
1061          	6.192681e-05	(0.000000e+00 0.000000e+00 -5.706577e-03)
1062          	6.191941e-05	(0.000000e+00 0.000000e+00 -5.706577e-03)
1063          	6.191687e-05	(0.000000e+00 0.000000e+00 -5.706577e-03)
1064          	6.190972e-05	(0.000000e+00 0.000000e+00 -5.706577e-03)
1065          	6.190727e-05	(0.000000e+00 0.000000e+00 -5.706577e-03)
1066          	6.190004e-05	(0.000000e+00 0.000000e+00 -5.706577e-03)
1067          	6.189754e-05	(0.000000e+00 0.000000e+00 -5.706577e-03)
1068          	6.189028e-05	(0.000000e+00 0.000000e+00 -5.706577e-03)
1069          	6.188784e-05	(0.000000e+00 0.000000e+00 -5.706577e-03)
1070          	6.188110e-05	(0.000000e+00 0.000000e+00 -5.706577e-03)
1071          	6.187887e-05	(0.000000e+00 0.000000e+00 -5.706577e-03)
1072          	6.186995e-05	(0.000000e+00 0.000000e+00 -5.706577e-03)
1073          	6.186650e-05	(0.000000e+00 0.000000e+00 -5.706577e-03)
1074          	6.184138e-05	(0.000000e+00 0.000000e+00 -5.706577e-03)
1075          	6.183891e-05	(0.000000e+00 0.000000e+00 -5.706577e-03)
1076          	6.183217e-05	(0.000000e+00 0.000000e+00 -5.706577e-03)
1077          	6.182298e-05	(0.000000e+00 0.000000e+00 -5.706577e-03)
1078          	6.180458e-05	(0.000000e+00 0.000000e+00 -5.706577e-03)
1079          	6.180287e-05	(0.000000e+00 0.000000e+00 -5.706577e-03)
1080          	6.179911e-05	(0.000000e+00 0.000000e+00 -5.706577e-03)
1081          	6.179737e-05	(0.000000e+00 0.000000e+00 -5.706577e-03)
1082          	6.179442e-05	(0.000000e+00 0.000000e+00 -5.706577e-03)
1083          	6.179273e-05	(0.000000e+00 0.000000e+00 -5.706577e-03)
1084          	6.179003e-05	(0.000000e+00 0.000000e+00 -5.706577e-03)
1085          	6.178873e-05	(0.000000e+00 0.000000e+00 -5.706577e-03)
1086          	6.178751e-05	(0.000000e+00 0.000000e+00 -5.706577e-03)
1087          	6.178616e-05	(0.000000e+00 0.000000e+00 -5.706577e-03)
1088          	6.178511e-05	(0.000000e+00 0.000000e+00 -5.706577e-03)
1089          	6.178379e-05	(0.000000e+00 0.000000e+00 -5.706577e-03)
1090          	6.178254e-05	(0.000000e+00 0.000000e+00 -5.706577e-03)
1091          	6.178128e-05	(0.000000e+00 0.000000e+00 -5.706577e-03)
1092          	6.178000e-05	(0.000000e+00 0.000000e+00 -5.706577e-03)
1093          	6.177890e-05	(0.000000e+00 0.000000e+00 -5.706577e-03)
1094          	6.177764e-05	(0.000000e+00 0.000000e+00 -5.706577e-03)
1095          	6.177668e-05	(0.000000e+00 0.000000e+00 -5.706577e-03)
1096          	6.177578e-05	(0.000000e+00 0.000000e+00 -5.706577e-03)
1097          	6.177519e-05	(0.000000e+00 0.000000e+00 -5.706577e-03)
1098          	6.177447e-05	(0.000000e+00 0.000000e+00 -5.706577e-03)
1099          	6.177391e-05	(0.000000e+00 0.000000e+00 -5.706577e-03)
1100          	6.177318e-05	(0.000000e+00 0.000000e+00 -5.706577e-03)
1101          	6.177270e-05	(0.000000e+00 0.000000e+00 -5.706577e-03)
1102          	6.177338e-05	(0.000000e+00 0.000000e+00 -5.706577e-03)
1103          	6.177345e-05	(0.000000e+00 0.000000e+00 -5.706577e-03)
1104          	6.177386e-05	(0.000000e+00 0.000000e+00 -5.706577e-03)
1105          	6.177437e-05	(0.000000e+00 0.000000e+00 -5.706577e-03)
1106          	6.177439e-05	(0.000000e+00 0.000000e+00 -5.706577e-03)
1107          	6.177562e-05	(0.000000e+00 0.000000e+00 -5.706577e-03)
1108          	6.177658e-05	(0.000000e+00 0.000000e+00 -5.706577e-03)
1109          	6.179122e-05	(0.000000e+00 0.000000e+00 -5.706577e-03)
1110          	6.182752e-05	(0.000000e+00 0.000000e+00 -5.706577e-03)
1111          	6.183034e-05	(0.000000e+00 0.000000e+00 -5.706577e-03)
1112          	6.187095e-05	(0.000000e+00 0.000000e+00 -5.706577e-03)
1113          	6.187466e-05	(0.000000e+00 0.000000e+00 -5.706577e-03)
1114          	6.188167e-05	(0.000000e+00 0.000000e+00 -5.706577e-03)
1115          	6.188414e-05	(0.000000e+00 0.000000e+00 -5.706577e-03)
1116          	6.192882e-05	(0.000000e+00 0.000000e+00 -5.706577e-03)
1117          	6.193236e-05	(0.000000e+00 0.000000e+00 -5.706577e-03)
1118          	6.193738e-05	(0.000000e+00 0.000000e+00 -5.706577e-03)
1119          	6.195391e-05	(0.000000e+00 0.000000e+00 -5.706577e-03)
1120          	6.195783e-05	(0.000000e+00 0.000000e+00 -5.706577e-03)
1121          	6.197376e-05	(0.000000e+00 0.000000e+00 -5.706577e-03)
1122          	6.202025e-05	(0.000000e+00 0.000000e+00 -5.706577e-03)
1123          	6.202257e-05	(0.000000e+00 0.000000e+00 -5.706577e-03)
1124          	6.202399e-05	(0.000000e+00 0.000000e+00 -5.706577e-03)
1125          	6.203720e-05	(0.000000e+00 0.000000e+00 -5.706577e-03)
1126          	6.207027e-05	(0.000000e+00 0.000000e+00 -5.706577e-03)
1127          	6.208112e-05	(0.000000e+00 0.000000e+00 -5.706577e-03)
1128          	6.210278e-05	(0.000000e+00 0.000000e+00 -5.706577e-03)
1129          	6.210208e-05	(0.000000e+00 0.000000e+00 -5.706577e-03)
1130          	6.211580e-05	(0.000000e+00 0.000000e+00 -5.706577e-03)
1131          	6.211471e-05	(0.000000e+00 0.000000e+00 -5.706577e-03)
1132          	6.210876e-05	(0.000000e+00 0.000000e+00 -5.706577e-03)
1133          	6.210615e-05	(0.000000e+00 0.000000e+00 -5.706577e-03)
1134          	6.209683e-05	(0.000000e+00 0.000000e+00 -5.706577e-03)
1135          	6.210445e-05	(0.000000e+00 0.000000e+00 -5.706577e-03)
1136          	6.213018e-05	(0.000000e+00 0.000000e+00 -5.706577e-03)
1137          	6.213701e-05	(0.000000e+00 0.000000e+00 -5.706577e-03)
1138          	6.215772e-05	(0.000000e+00 0.000000e+00 -5.706577e-03)
1139          	6.216220e-05	(0.000000e+00 0.000000e+00 -5.706577e-03)
1140          	6.215571e-05	(0.000000e+00 0.000000e+00 -5.706577e-03)
1141          	6.215282e-05	(0.000000e+00 0.000000e+00 -5.706577e-03)
1142          	6.214583e-05	(0.000000e+00 0.000000e+00 -5.706577e-03)
1143          	6.215139e-05	(0.000000e+00 0.000000e+00 -5.706577e-03)
1144          	6.217037e-05	(0.000000e+00 0.000000e+00 -5.706577e-03)
1145          	6.216704e-05	(0.000000e+00 0.000000e+00 -5.706577e-03)
1146          	6.215884e-05	(0.000000e+00 0.000000e+00 -5.706577e-03)
1147          	6.215520e-05	(0.000000e+00 0.000000e+00 -5.706577e-03)
1148          	6.214549e-05	(0.000000e+00 0.000000e+00 -5.706577e-03)
1149          	6.214154e-05	(0.000000e+00 0.000000e+00 -5.706577e-03)
1150          	6.216148e-05	(0.000000e+00 0.000000e+00 -5.706577e-03)
1151          	6.215762e-05	(0.000000e+00 0.000000e+00 -5.706577e-03)
1152          	6.214777e-05	(0.000000e+00 0.000000e+00 -5.706577e-03)
1153          	6.214374e-05	(0.000000e+00 0.000000e+00 -5.706577e-03)
1154          	6.213329e-05	(0.000000e+00 0.000000e+00 -5.706577e-03)
1155          	6.212909e-05	(0.000000e+00 0.000000e+00 -5.706577e-03)
1156          	6.211707e-05	(0.000000e+00 0.000000e+00 -5.706577e-03)
1157          	6.211278e-05	(0.000000e+00 0.000000e+00 -5.706577e-03)
1158          	6.210067e-05	(0.000000e+00 0.000000e+00 -5.706577e-03)
1159          	6.209616e-05	(0.000000e+00 0.000000e+00 -5.706577e-03)
1160          	6.208430e-05	(0.000000e+00 0.000000e+00 -5.706577e-03)
1161          	6.207997e-05	(0.000000e+00 0.000000e+00 -5.706577e-03)
1162          	6.207097e-05	(0.000000e+00 0.000000e+00 -5.706577e-03)
1163          	6.206801e-05	(0.000000e+00 0.000000e+00 -5.706577e-03)
1164          	6.205922e-05	(0.000000e+00 0.000000e+00 -5.706577e-03)
1165          	6.205569e-05	(0.000000e+00 0.000000e+00 -5.706577e-03)
1166          	6.204719e-05	(0.000000e+00 0.000000e+00 -5.706577e-03)
1167          	6.204336e-05	(0.000000e+00 0.000000e+00 -5.706577e-03)
1168          	6.203457e-05	(0.000000e+00 0.000000e+00 -5.706577e-03)
1169          	6.203047e-05	(0.000000e+00 0.000000e+00 -5.706577e-03)
1170          	6.202123e-05	(0.000000e+00 0.000000e+00 -5.706577e-03)
1171          	6.201715e-05	(0.000000e+00 0.000000e+00 -5.706577e-03)
1172          	6.200785e-05	(0.000000e+00 0.000000e+00 -5.706577e-03)
1173          	6.200403e-05	(0.000000e+00 0.000000e+00 -5.706577e-03)
1174          	6.199500e-05	(0.000000e+00 0.000000e+00 -5.706577e-03)
1175          	6.199156e-05	(0.000000e+00 0.000000e+00 -5.706577e-03)
1176          	6.198282e-05	(0.000000e+00 0.000000e+00 -5.706577e-03)
1177          	6.197970e-05	(0.000000e+00 0.000000e+00 -5.706577e-03)
1178          	6.197130e-05	(0.000000e+00 0.000000e+00 -5.706577e-03)
1179          	6.196824e-05	(0.000000e+00 0.000000e+00 -5.706577e-03)
1180          	6.196019e-05	(0.000000e+00 0.000000e+00 -5.706577e-03)
1181          	6.195753e-05	(0.000000e+00 0.000000e+00 -5.706577e-03)
1182          	6.194962e-05	(0.000000e+00 0.000000e+00 -5.706577e-03)
1183          	6.194689e-05	(0.000000e+00 0.000000e+00 -5.706577e-03)
1184          	6.193923e-05	(0.000000e+00 0.000000e+00 -5.706577e-03)
1185          	6.193657e-05	(0.000000e+00 0.000000e+00 -5.706577e-03)
1186          	6.192958e-05	(0.000000e+00 0.000000e+00 -5.706577e-03)
1187          	6.192700e-05	(0.000000e+00 0.000000e+00 -5.706577e-03)
1188          	6.192012e-05	(0.000000e+00 0.000000e+00 -5.706577e-03)
1189          	6.191763e-05	(0.000000e+00 0.000000e+00 -5.706577e-03)
1190          	6.191156e-05	(0.000000e+00 0.000000e+00 -5.706577e-03)
1191          	6.190937e-05	(0.000000e+00 0.000000e+00 -5.706577e-03)
1192          	6.190425e-05	(0.000000e+00 0.000000e+00 -5.706577e-03)
1193          	6.190225e-05	(0.000000e+00 0.000000e+00 -5.706577e-03)
1194          	6.189787e-05	(0.000000e+00 0.000000e+00 -5.706577e-03)
1195          	6.189608e-05	(0.000000e+00 0.000000e+00 -5.706577e-03)
1196          	6.189230e-05	(0.000000e+00 0.000000e+00 -5.706577e-03)
1197          	6.189079e-05	(0.000000e+00 0.000000e+00 -5.706577e-03)
1198          	6.188794e-05	(0.000000e+00 0.000000e+00 -5.706577e-03)
1199          	6.188672e-05	(0.000000e+00 0.000000e+00 -5.706577e-03)
1200          	6.188442e-05	(0.000000e+00 0.000000e+00 -5.706577e-03)
1201          	6.188336e-05	(0.000000e+00 0.000000e+00 -5.706577e-03)
1202          	6.188180e-05	(0.000000e+00 0.000000e+00 -5.706577e-03)
1203          	6.188101e-05	(0.000000e+00 0.000000e+00 -5.706577e-03)
1204          	6.187973e-05	(0.000000e+00 0.000000e+00 -5.706577e-03)
1205          	6.187886e-05	(0.000000e+00 0.000000e+00 -5.706577e-03)
1206          	6.187690e-05	(0.000000e+00 0.000000e+00 -5.706577e-03)
1207          	6.187572e-05	(0.000000e+00 0.000000e+00 -5.706577e-03)
1208          	6.187342e-05	(0.000000e+00 0.000000e+00 -5.706577e-03)
1209          	6.187357e-05	(0.000000e+00 0.000000e+00 -5.706577e-03)
1210          	6.187241e-05	(0.000000e+00 0.000000e+00 -5.706577e-03)
1211          	6.187374e-05	(0.000000e+00 0.000000e+00 -5.706577e-03)
1212          	6.187093e-05	(0.000000e+00 0.000000e+00 -5.706577e-03)
1213          	6.187158e-05	(0.000000e+00 0.000000e+00 -5.706577e-03)
1214          	6.186882e-05	(0.000000e+00 0.000000e+00 -5.706577e-03)
1215          	6.186895e-05	(0.000000e+00 0.000000e+00 -5.706577e-03)
1216          	6.186709e-05	(0.000000e+00 0.000000e+00 -5.706577e-03)
1217          	6.186724e-05	(0.000000e+00 0.000000e+00 -5.706577e-03)
1218          	6.186828e-05	(0.000000e+00 0.000000e+00 -5.706577e-03)
1219          	6.186865e-05	(0.000000e+00 0.000000e+00 -5.706577e-03)
1220          	6.186993e-05	(0.000000e+00 0.000000e+00 -5.706577e-03)
1221          	6.187030e-05	(0.000000e+00 0.000000e+00 -5.706577e-03)
1222          	6.187049e-05	(0.000000e+00 0.000000e+00 -5.706577e-03)
1223          	6.187059e-05	(0.000000e+00 0.000000e+00 -5.706577e-03)
1224          	6.183943e-05	(0.000000e+00 0.000000e+00 -5.706577e-03)
1225          	6.183941e-05	(0.000000e+00 0.000000e+00 -5.706577e-03)
1226          	6.181222e-05	(0.000000e+00 0.000000e+00 -5.706577e-03)
1227          	6.181223e-05	(0.000000e+00 0.000000e+00 -5.706577e-03)
1228          	6.180814e-05	(0.000000e+00 0.000000e+00 -5.706577e-03)
1229          	6.180806e-05	(0.000000e+00 0.000000e+00 -5.706577e-03)
1230          	6.180382e-05	(0.000000e+00 0.000000e+00 -5.706577e-03)
1231          	6.180388e-05	(0.000000e+00 0.000000e+00 -5.706577e-03)
1232          	6.179988e-05	(0.000000e+00 0.000000e+00 -5.706577e-03)
1233          	6.179992e-05	(0.000000e+00 0.000000e+00 -5.706577e-03)
1234          	6.179558e-05	(0.000000e+00 0.000000e+00 -5.706577e-03)
1235          	6.179536e-05	(0.000000e+00 0.000000e+00 -5.706577e-03)
1236          	6.178992e-05	(0.000000e+00 0.000000e+00 -5.706577e-03)
1237          	6.177667e-05	(0.000000e+00 0.000000e+00 -5.706577e-03)
1238          	6.177050e-05	(0.000000e+00 0.000000e+00 -5.706577e-03)
1239          	6.175747e-05	(0.000000e+00 0.000000e+00 -5.706577e-03)
1240          	6.175078e-05	(0.000000e+00 0.000000e+00 -5.706577e-03)
1241          	6.173831e-05	(0.000000e+00 0.000000e+00 -5.706577e-03)
1242          	6.173132e-05	(0.000000e+00 0.000000e+00 -5.706577e-03)
1243          	6.173022e-05	(0.000000e+00 0.000000e+00 -5.706577e-03)
1244          	6.168963e-05	(0.000000e+00 0.000000e+00 -5.706577e-03)
1245          	6.168825e-05	(0.000000e+00 0.000000e+00 -5.706577e-03)
1246          	6.165602e-05	(0.000000e+00 0.000000e+00 -5.706577e-03)
1247          	6.165464e-05	(0.000000e+00 0.000000e+00 -5.706577e-03)
1248          	6.164552e-05	(0.000000e+00 0.000000e+00 -5.706577e-03)
1249          	6.164410e-05	(0.000000e+00 0.000000e+00 -5.706577e-03)
1250          	6.163575e-05	(0.000000e+00 0.000000e+00 -5.706577e-03)
1251          	6.163409e-05	(0.000000e+00 0.000000e+00 -5.706577e-03)
1252          	6.162140e-05	(0.000000e+00 0.000000e+00 -5.706577e-03)
1253          	6.161942e-05	(0.000000e+00 0.000000e+00 -5.706577e-03)
1254          	6.160569e-05	(0.000000e+00 0.000000e+00 -5.706577e-03)
1255          	6.160354e-05	(0.000000e+00 0.000000e+00 -5.706577e-03)
1256          	6.158868e-05	(0.000000e+00 0.000000e+00 -5.706577e-03)
1257          	6.158511e-05	(0.000000e+00 0.000000e+00 -5.706577e-03)
1258          	6.152937e-05	(0.000000e+00 0.000000e+00 -5.706577e-03)
1259          	6.152554e-05	(0.000000e+00 0.000000e+00 -5.706577e-03)
1260          	6.151042e-05	(0.000000e+00 0.000000e+00 -5.706577e-03)
1261          	6.150613e-05	(0.000000e+00 0.000000e+00 -5.706577e-03)
1262          	6.148949e-05	(0.000000e+00 0.000000e+00 -5.706577e-03)
1263          	6.148438e-05	(0.000000e+00 0.000000e+00 -5.706577e-03)
1264          	6.146535e-05	(0.000000e+00 0.000000e+00 -5.706577e-03)
1265          	6.145938e-05	(0.000000e+00 0.000000e+00 -5.706577e-03)
1266          	6.143856e-05	(0.000000e+00 0.000000e+00 -5.706577e-03)
1267          	6.143280e-05	(0.000000e+00 0.000000e+00 -5.706577e-03)
1268          	6.141188e-05	(0.000000e+00 0.000000e+00 -5.706577e-03)
1269          	6.140608e-05	(0.000000e+00 0.000000e+00 -5.706577e-03)
1270          	6.138676e-05	(0.000000e+00 0.000000e+00 -5.706577e-03)
1271          	6.138200e-05	(0.000000e+00 0.000000e+00 -5.706577e-03)
1272          	6.136712e-05	(0.000000e+00 0.000000e+00 -5.706577e-03)
1273          	6.136301e-05	(0.000000e+00 0.000000e+00 -5.706577e-03)
1274          	6.134872e-05	(0.000000e+00 0.000000e+00 -5.706577e-03)
1275          	6.134405e-05	(0.000000e+00 0.000000e+00 -5.706577e-03)
1276          	6.132955e-05	(0.000000e+00 0.000000e+00 -5.706577e-03)
1277          	6.130494e-05	(0.000000e+00 0.000000e+00 -5.706577e-03)
1278          	6.129043e-05	(0.000000e+00 0.000000e+00 -5.706577e-03)
1279          	6.125877e-05	(0.000000e+00 0.000000e+00 -5.706577e-03)
1280          	6.124589e-05	(0.000000e+00 0.000000e+00 -5.706577e-03)
1281          	6.122253e-05	(0.000000e+00 0.000000e+00 -5.706577e-03)
1282          	6.121184e-05	(0.000000e+00 0.000000e+00 -5.706577e-03)
1283          	6.119257e-05	(0.000000e+00 0.000000e+00 -5.706577e-03)
1284          	6.118530e-05	(0.000000e+00 0.000000e+00 -5.706577e-03)
1285          	6.116945e-05	(0.000000e+00 0.000000e+00 -5.706577e-03)
1286          	6.113807e-05	(0.000000e+00 0.000000e+00 -5.706577e-03)
1287          	6.113616e-05	(0.000000e+00 0.000000e+00 -5.706577e-03)
1288          	6.113436e-05	(0.000000e+00 0.000000e+00 -5.706577e-03)
1289          	6.112494e-05	(0.000000e+00 0.000000e+00 -5.706577e-03)
1290          	6.112846e-05	(0.000000e+00 0.000000e+00 -5.706577e-03)
1291          	6.113030e-05	(0.000000e+00 0.000000e+00 -5.706577e-03)
1292          	6.113910e-05	(0.000000e+00 0.000000e+00 -5.706577e-03)
1293          	6.114269e-05	(0.000000e+00 0.000000e+00 -5.706577e-03)
1294          	6.115558e-05	(0.000000e+00 0.000000e+00 -5.706577e-03)
1295          	6.116019e-05	(0.000000e+00 0.000000e+00 -5.706577e-03)
1296          	6.117599e-05	(0.000000e+00 0.000000e+00 -5.706577e-03)
1297          	6.115925e-05	(0.000000e+00 0.000000e+00 -5.706577e-03)
1298          	6.111900e-05	(0.000000e+00 0.000000e+00 -5.706577e-03)
1299          	6.112460e-05	(0.000000e+00 0.000000e+00 -5.706577e-03)
1300          	6.114521e-05	(0.000000e+00 0.000000e+00 -5.706577e-03)
1301          	6.115184e-05	(0.000000e+00 0.000000e+00 -5.706577e-03)
1302          	6.117654e-05	(0.000000e+00 0.000000e+00 -5.706577e-03)
1303          	6.118376e-05	(0.000000e+00 0.000000e+00 -5.706577e-03)
1304          	6.121252e-05	(0.000000e+00 0.000000e+00 -5.706577e-03)
1305          	6.122162e-05	(0.000000e+00 0.000000e+00 -5.706577e-03)
1306          	6.125132e-05	(0.000000e+00 0.000000e+00 -5.706577e-03)
1307          	6.126075e-05	(0.000000e+00 0.000000e+00 -5.706577e-03)
1308          	6.128735e-05	(0.000000e+00 0.000000e+00 -5.706577e-03)
1309          	6.129419e-05	(0.000000e+00 0.000000e+00 -5.706577e-03)
1310          	6.131534e-05	(0.000000e+00 0.000000e+00 -5.706577e-03)
1311          	6.132252e-05	(0.000000e+00 0.000000e+00 -5.706577e-03)
1312          	6.134358e-05	(0.000000e+00 0.000000e+00 -5.706577e-03)
1313          	6.134990e-05	(0.000000e+00 0.000000e+00 -5.706577e-03)
1314          	6.136623e-05	(0.000000e+00 0.000000e+00 -5.706577e-03)
1315          	6.137070e-05	(0.000000e+00 0.000000e+00 -5.706577e-03)
1316          	6.138105e-05	(0.000000e+00 0.000000e+00 -5.706577e-03)
1317          	6.138385e-05	(0.000000e+00 0.000000e+00 -5.706577e-03)
1318          	6.138948e-05	(0.000000e+00 0.000000e+00 -5.706577e-03)
1319          	6.139077e-05	(0.000000e+00 0.000000e+00 -5.706577e-03)
1320          	6.139259e-05	(0.000000e+00 0.000000e+00 -5.706577e-03)
1321          	6.139287e-05	(0.000000e+00 0.000000e+00 -5.706577e-03)
1322          	6.138973e-05	(0.000000e+00 0.000000e+00 -5.706577e-03)
1323          	6.138909e-05	(0.000000e+00 0.000000e+00 -5.706577e-03)
1324          	6.138245e-05	(0.000000e+00 0.000000e+00 -5.706577e-03)
1325          	6.138024e-05	(0.000000e+00 0.000000e+00 -5.706577e-03)
1326          	6.136886e-05	(0.000000e+00 0.000000e+00 -5.706577e-03)
1327          	6.136508e-05	(0.000000e+00 0.000000e+00 -5.706577e-03)
1328          	6.134822e-05	(0.000000e+00 0.000000e+00 -5.706577e-03)
1329          	6.135802e-05	(0.000000e+00 0.000000e+00 -5.706577e-03)
1330          	6.137600e-05	(0.000000e+00 0.000000e+00 -5.706577e-03)
1331          	6.136883e-05	(0.000000e+00 0.000000e+00 -5.706577e-03)
1332          	6.134049e-05	(0.000000e+00 0.000000e+00 -5.706577e-03)
1333          	6.133133e-05	(0.000000e+00 0.000000e+00 -5.706577e-03)
1334          	6.129504e-05	(0.000000e+00 0.000000e+00 -5.706577e-03)
1335          	6.128409e-05	(0.000000e+00 0.000000e+00 -5.706577e-03)
1336          	6.124080e-05	(0.000000e+00 0.000000e+00 -5.706577e-03)
1337          	6.122693e-05	(0.000000e+00 0.000000e+00 -5.706577e-03)
1338          	6.118029e-05	(0.000000e+00 0.000000e+00 -5.706577e-03)
1339          	6.116588e-05	(0.000000e+00 0.000000e+00 -5.706577e-03)
1340          	6.111909e-05	(0.000000e+00 0.000000e+00 -5.706577e-03)
1341          	6.110430e-05	(0.000000e+00 0.000000e+00 -5.706577e-03)
1342          	6.105986e-05	(0.000000e+00 0.000000e+00 -5.706577e-03)
1343          	6.104676e-05	(0.000000e+00 0.000000e+00 -5.706577e-03)
1344          	6.100746e-05	(0.000000e+00 0.000000e+00 -5.706577e-03)
1345          	6.099595e-05	(0.000000e+00 0.000000e+00 -5.706577e-03)
1346          	6.095989e-05	(0.000000e+00 0.000000e+00 -5.706577e-03)
1347          	6.094939e-05	(0.000000e+00 0.000000e+00 -5.706577e-03)
1348          	6.091690e-05	(0.000000e+00 0.000000e+00 -5.706577e-03)
1349          	6.090772e-05	(0.000000e+00 0.000000e+00 -5.706577e-03)
1350          	6.087799e-05	(0.000000e+00 0.000000e+00 -5.706577e-03)
1351          	6.086988e-05	(0.000000e+00 0.000000e+00 -5.706577e-03)
1352          	6.084264e-05	(0.000000e+00 0.000000e+00 -5.706577e-03)
1353          	6.083527e-05	(0.000000e+00 0.000000e+00 -5.706577e-03)
1354          	6.081049e-05	(0.000000e+00 0.000000e+00 -5.706577e-03)
1355          	6.080401e-05	(0.000000e+00 0.000000e+00 -5.706577e-03)
1356          	6.078211e-05	(0.000000e+00 0.000000e+00 -5.706577e-03)
1357          	6.077635e-05	(0.000000e+00 0.000000e+00 -5.706577e-03)
1358          	6.075576e-05	(0.000000e+00 0.000000e+00 -5.706577e-03)
1359          	6.075043e-05	(0.000000e+00 0.000000e+00 -5.706577e-03)
1360          	6.073445e-05	(0.000000e+00 0.000000e+00 -5.706577e-03)
1361          	6.073048e-05	(0.000000e+00 0.000000e+00 -5.706577e-03)
1362          	6.072128e-05	(0.000000e+00 0.000000e+00 -5.706577e-03)
1363          	6.071917e-05	(0.000000e+00 0.000000e+00 -5.706577e-03)
1364          	6.071662e-05	(0.000000e+00 0.000000e+00 -5.706577e-03)
1365          	6.071643e-05	(0.000000e+00 0.000000e+00 -5.706577e-03)
1366          	6.071838e-05	(0.000000e+00 0.000000e+00 -5.706577e-03)
1367          	6.071992e-05	(0.000000e+00 0.000000e+00 -5.706577e-03)
1368          	6.072498e-05	(0.000000e+00 0.000000e+00 -5.706577e-03)
1369          	6.072768e-05	(0.000000e+00 0.000000e+00 -5.706577e-03)
1370          	6.073528e-05	(0.000000e+00 0.000000e+00 -5.706577e-03)
1371          	6.073870e-05	(0.000000e+00 0.000000e+00 -5.706577e-03)
1372          	6.075088e-05	(0.000000e+00 0.000000e+00 -5.706577e-03)
1373          	6.075463e-05	(0.000000e+00 0.000000e+00 -5.706577e-03)
1374          	6.077148e-05	(0.000000e+00 0.000000e+00 -5.706577e-03)
1375          	6.077583e-05	(0.000000e+00 0.000000e+00 -5.706577e-03)
1376          	6.079580e-05	(0.000000e+00 0.000000e+00 -5.706577e-03)
1377          	6.080040e-05	(0.000000e+00 0.000000e+00 -5.706577e-03)
1378          	6.082109e-05	(0.000000e+00 0.000000e+00 -5.706577e-03)
1379          	6.082574e-05	(0.000000e+00 0.000000e+00 -5.706577e-03)
1380          	6.084361e-05	(0.000000e+00 0.000000e+00 -5.706577e-03)
1381          	6.084740e-05	(0.000000e+00 0.000000e+00 -5.706577e-03)
1382          	6.086131e-05	(0.000000e+00 0.000000e+00 -5.706577e-03)
1383          	6.086433e-05	(0.000000e+00 0.000000e+00 -5.706577e-03)
1384          	6.087717e-05	(0.000000e+00 0.000000e+00 -5.706577e-03)
1385          	6.088081e-05	(0.000000e+00 0.000000e+00 -5.706577e-03)
1386          	6.089448e-05	(0.000000e+00 0.000000e+00 -5.706577e-03)
1387          	6.089841e-05	(0.000000e+00 0.000000e+00 -5.706577e-03)
1388          	6.091105e-05	(0.000000e+00 0.000000e+00 -5.706577e-03)
1389          	6.091468e-05	(0.000000e+00 0.000000e+00 -5.706577e-03)
1390          	6.092483e-05	(0.000000e+00 0.000000e+00 -5.706577e-03)
1391          	6.092804e-05	(0.000000e+00 0.000000e+00 -5.706577e-03)
1392          	6.093732e-05	(0.000000e+00 0.000000e+00 -5.706577e-03)
1393          	6.094037e-05	(0.000000e+00 0.000000e+00 -5.706577e-03)
1394          	6.094804e-05	(0.000000e+00 0.000000e+00 -5.706577e-03)
1395          	6.095058e-05	(0.000000e+00 0.000000e+00 -5.706577e-03)
1396          	6.095722e-05	(0.000000e+00 0.000000e+00 -5.706577e-03)
1397          	6.097035e-05	(0.000000e+00 0.000000e+00 -5.706577e-03)
1398          	6.097466e-05	(0.000000e+00 0.000000e+00 -5.706577e-03)
1399          	6.098661e-05	(0.000000e+00 0.000000e+00 -5.706577e-03)
1400          	6.098791e-05	(0.000000e+00 0.000000e+00 -5.706577e-03)
1401          	6.098797e-05	(0.000000e+00 0.000000e+00 -5.706577e-03)
1402          	6.098562e-05	(0.000000e+00 0.000000e+00 -5.706577e-03)
1403          	6.098488e-05	(0.000000e+00 0.000000e+00 -5.706577e-03)
1404          	6.098049e-05	(0.000000e+00 0.000000e+00 -5.706577e-03)
1405          	6.097905e-05	(0.000000e+00 0.000000e+00 -5.706577e-03)
1406          	6.097339e-05	(0.000000e+00 0.000000e+00 -5.706577e-03)
1407          	6.097145e-05	(0.000000e+00 0.000000e+00 -5.706577e-03)
1408          	6.096530e-05	(0.000000e+00 0.000000e+00 -5.706577e-03)
1409          	6.096330e-05	(0.000000e+00 0.000000e+00 -5.706577e-03)
1410          	6.095595e-05	(0.000000e+00 0.000000e+00 -5.706577e-03)
1411          	6.095374e-05	(0.000000e+00 0.000000e+00 -5.706577e-03)
1412          	6.094506e-05	(0.000000e+00 0.000000e+00 -5.706577e-03)
1413          	6.094290e-05	(0.000000e+00 0.000000e+00 -5.706577e-03)
1414          	6.093295e-05	(0.000000e+00 0.000000e+00 -5.706577e-03)
1415          	6.093099e-05	(0.000000e+00 0.000000e+00 -5.706577e-03)
1416          	6.092099e-05	(0.000000e+00 0.000000e+00 -5.706577e-03)
1417          	6.091924e-05	(0.000000e+00 0.000000e+00 -5.706577e-03)
1418          	6.090904e-05	(0.000000e+00 0.000000e+00 -5.706577e-03)
1419          	6.090729e-05	(0.000000e+00 0.000000e+00 -5.706577e-03)
1420          	6.089853e-05	(0.000000e+00 0.000000e+00 -5.706577e-03)
1421          	6.089731e-05	(0.000000e+00 0.000000e+00 -5.706577e-03)
1422          	6.089072e-05	(0.000000e+00 0.000000e+00 -5.706577e-03)
1423          	6.091645e-05	(0.000000e+00 0.000000e+00 -5.706577e-03)
1424          	6.091331e-05	(0.000000e+00 0.000000e+00 -5.706577e-03)
1425          	6.093614e-05	(0.000000e+00 0.000000e+00 -5.706577e-03)
1426          	6.098883e-05	(0.000000e+00 0.000000e+00 -5.706577e-03)
1427          	6.099040e-05	(0.000000e+00 0.000000e+00 -5.706577e-03)
1428          	6.099439e-05	(0.000000e+00 0.000000e+00 -5.706577e-03)
1429          	6.099687e-05	(0.000000e+00 0.000000e+00 -5.706577e-03)
1430          	6.100356e-05	(0.000000e+00 0.000000e+00 -5.706577e-03)
1431          	6.100707e-05	(0.000000e+00 0.000000e+00 -5.706577e-03)
1432          	6.101631e-05	(0.000000e+00 0.000000e+00 -5.706577e-03)
1433          	6.102115e-05	(0.000000e+00 0.000000e+00 -5.706577e-03)
1434          	6.103499e-05	(0.000000e+00 0.000000e+00 -5.706577e-03)
1435          	6.104039e-05	(0.000000e+00 0.000000e+00 -5.706577e-03)
1436          	6.105893e-05	(0.000000e+00 0.000000e+00 -5.706577e-03)
1437          	6.106598e-05	(0.000000e+00 0.000000e+00 -5.706577e-03)
1438          	6.109391e-05	(0.000000e+00 0.000000e+00 -5.706577e-03)
1439          	6.110726e-05	(0.000000e+00 0.000000e+00 -5.706577e-03)
1440          	6.115406e-05	(0.000000e+00 0.000000e+00 -5.706577e-03)
1441          	6.117599e-05	(0.000000e+00 0.000000e+00 -5.706577e-03)
1442          	6.123767e-05	(0.000000e+00 0.000000e+00 -5.706577e-03)
1443          	6.125561e-05	(0.000000e+00 0.000000e+00 -5.706577e-03)
1444          	6.130509e-05	(0.000000e+00 0.000000e+00 -5.706577e-03)
1445          	6.131604e-05	(0.000000e+00 0.000000e+00 -5.706577e-03)
1446          	6.135268e-05	(0.000000e+00 0.000000e+00 -5.706577e-03)
1447          	6.136018e-05	(0.000000e+00 0.000000e+00 -5.706577e-03)
1448          	6.139020e-05	(0.000000e+00 0.000000e+00 -5.706577e-03)
1449          	6.139609e-05	(0.000000e+00 0.000000e+00 -5.706577e-03)
1450          	6.142197e-05	(0.000000e+00 0.000000e+00 -5.706577e-03)
1451          	6.142626e-05	(0.000000e+00 0.000000e+00 -5.706577e-03)
1452          	6.144994e-05	(0.000000e+00 0.000000e+00 -5.706577e-03)
1453          	6.145462e-05	(0.000000e+00 0.000000e+00 -5.706577e-03)
1454          	6.147807e-05	(0.000000e+00 0.000000e+00 -5.706577e-03)
1455          	6.148242e-05	(0.000000e+00 0.000000e+00 -5.706577e-03)
1456          	6.150464e-05	(0.000000e+00 0.000000e+00 -5.706577e-03)
1457          	6.150853e-05	(0.000000e+00 0.000000e+00 -5.706577e-03)
1458          	6.152931e-05	(0.000000e+00 0.000000e+00 -5.706577e-03)
1459          	6.153284e-05	(0.000000e+00 0.000000e+00 -5.706577e-03)
1460          	6.154956e-05	(0.000000e+00 0.000000e+00 -5.706577e-03)
1461          	6.155180e-05	(0.000000e+00 0.000000e+00 -5.706577e-03)
1462          	6.156862e-05	(0.000000e+00 0.000000e+00 -5.706577e-03)
1463          	6.157014e-05	(0.000000e+00 0.000000e+00 -5.706577e-03)
1464          	6.158386e-05	(0.000000e+00 0.000000e+00 -5.706577e-03)
1465          	6.158477e-05	(0.000000e+00 0.000000e+00 -5.706577e-03)
1466          	6.159802e-05	(0.000000e+00 0.000000e+00 -5.706577e-03)
1467          	6.160075e-05	(0.000000e+00 0.000000e+00 -5.706577e-03)
1468          	6.160879e-05	(0.000000e+00 0.000000e+00 -5.706577e-03)
1469          	6.161010e-05	(0.000000e+00 0.000000e+00 -5.706577e-03)
1470          	6.161437e-05	(0.000000e+00 0.000000e+00 -5.706577e-03)
1471          	6.161437e-05	(0.000000e+00 0.000000e+00 -5.706577e-03)
1472          	6.161646e-05	(0.000000e+00 0.000000e+00 -5.706577e-03)
1473          	6.161545e-05	(0.000000e+00 0.000000e+00 -5.706577e-03)
1474          	6.161507e-05	(0.000000e+00 0.000000e+00 -5.706577e-03)
1475          	6.161299e-05	(0.000000e+00 0.000000e+00 -5.706577e-03)
1476          	6.160959e-05	(0.000000e+00 0.000000e+00 -5.706577e-03)
1477          	6.160672e-05	(0.000000e+00 0.000000e+00 -5.706577e-03)
1478          	6.160038e-05	(0.000000e+00 0.000000e+00 -5.706577e-03)
1479          	6.159706e-05	(0.000000e+00 0.000000e+00 -5.706577e-03)
1480          	6.158750e-05	(0.000000e+00 0.000000e+00 -5.706577e-03)
1481          	6.158342e-05	(0.000000e+00 0.000000e+00 -5.706577e-03)
1482          	6.157040e-05	(0.000000e+00 0.000000e+00 -5.706577e-03)
1483          	6.156586e-05	(0.000000e+00 0.000000e+00 -5.706577e-03)
1484          	6.155049e-05	(0.000000e+00 0.000000e+00 -5.706577e-03)
1485          	6.154585e-05	(0.000000e+00 0.000000e+00 -5.706577e-03)
1486          	6.152882e-05	(0.000000e+00 0.000000e+00 -5.706577e-03)
1487          	6.152399e-05	(0.000000e+00 0.000000e+00 -5.706577e-03)
1488          	6.150619e-05	(0.000000e+00 0.000000e+00 -5.706577e-03)
1489          	6.150122e-05	(0.000000e+00 0.000000e+00 -5.706577e-03)
1490          	6.148413e-05	(0.000000e+00 0.000000e+00 -5.706577e-03)
1491          	6.147956e-05	(0.000000e+00 0.000000e+00 -5.706577e-03)
1492          	6.140298e-05	(0.000000e+00 0.000000e+00 -5.706577e-03)
1493          	6.139781e-05	(0.000000e+00 0.000000e+00 -5.706577e-03)
1494          	6.137474e-05	(0.000000e+00 0.000000e+00 -5.706577e-03)
1495          	6.136729e-05	(0.000000e+00 0.000000e+00 -5.706577e-03)
1496          	6.134219e-05	(0.000000e+00 0.000000e+00 -5.706577e-03)
1497          	6.131667e-05	(0.000000e+00 0.000000e+00 -5.706577e-03)
1498          	6.129180e-05	(0.000000e+00 0.000000e+00 -5.706577e-03)
1499          	6.126323e-05	(0.000000e+00 0.000000e+00 -5.706577e-03)
1500          	6.118747e-05	(0.000000e+00 0.000000e+00 -5.706577e-03)
1501          	6.118241e-05	(0.000000e+00 0.000000e+00 -5.706577e-03)
1502          	6.116721e-05	(0.000000e+00 0.000000e+00 -5.706577e-03)
1503          	6.116330e-05	(0.000000e+00 0.000000e+00 -5.706577e-03)
1504          	6.115062e-05	(0.000000e+00 0.000000e+00 -5.706577e-03)
1505          	6.113032e-05	(0.000000e+00 0.000000e+00 -5.706577e-03)
1506          	6.107555e-05	(0.000000e+00 0.000000e+00 -5.706577e-03)
1507          	6.107315e-05	(0.000000e+00 0.000000e+00 -5.706577e-03)
1508          	6.106464e-05	(0.000000e+00 0.000000e+00 -5.706577e-03)
1509          	6.104835e-05	(0.000000e+00 0.000000e+00 -5.706577e-03)
1510          	6.100652e-05	(0.000000e+00 0.000000e+00 -5.706577e-03)
1511          	6.100578e-05	(0.000000e+00 0.000000e+00 -5.706577e-03)
1512          	6.100351e-05	(0.000000e+00 0.000000e+00 -5.706577e-03)
1513          	6.099117e-05	(0.000000e+00 0.000000e+00 -5.706577e-03)
1514          	6.099204e-05	(0.000000e+00 0.000000e+00 -5.706577e-03)
1515          	6.099231e-05	(0.000000e+00 0.000000e+00 -5.706577e-03)
1516          	6.096058e-05	(0.000000e+00 0.000000e+00 -5.706577e-03)
1517          	6.096141e-05	(0.000000e+00 0.000000e+00 -5.706577e-03)
1518          	6.093972e-05	(0.000000e+00 0.000000e+00 -5.706577e-03)
1519          	6.094102e-05	(0.000000e+00 0.000000e+00 -5.706577e-03)
1520          	6.094778e-05	(0.000000e+00 0.000000e+00 -5.706577e-03)
1521          	6.094946e-05	(0.000000e+00 0.000000e+00 -5.706577e-03)
1522          	6.095797e-05	(0.000000e+00 0.000000e+00 -5.706577e-03)
1523          	6.096007e-05	(0.000000e+00 0.000000e+00 -5.706577e-03)
1524          	6.097026e-05	(0.000000e+00 0.000000e+00 -5.706577e-03)
1525          	6.097274e-05	(0.000000e+00 0.000000e+00 -5.706577e-03)
1526          	6.098395e-05	(0.000000e+00 0.000000e+00 -5.706577e-03)
1527          	6.098654e-05	(0.000000e+00 0.000000e+00 -5.706577e-03)
1528          	6.097886e-05	(0.000000e+00 0.000000e+00 -5.706577e-03)
1529          	6.098180e-05	(0.000000e+00 0.000000e+00 -5.706577e-03)
1530          	6.099452e-05	(0.000000e+00 0.000000e+00 -5.706577e-03)
1531          	6.099775e-05	(0.000000e+00 0.000000e+00 -5.706577e-03)
1532          	6.100968e-05	(0.000000e+00 0.000000e+00 -5.706577e-03)
1533          	6.101276e-05	(0.000000e+00 0.000000e+00 -5.706577e-03)
1534          	6.102465e-05	(0.000000e+00 0.000000e+00 -5.706577e-03)
1535          	6.102770e-05	(0.000000e+00 0.000000e+00 -5.706577e-03)
1536          	6.103871e-05	(0.000000e+00 0.000000e+00 -5.706577e-03)
1537          	6.104178e-05	(0.000000e+00 0.000000e+00 -5.706577e-03)
1538          	6.105205e-05	(0.000000e+00 0.000000e+00 -5.706577e-03)
1539          	6.105529e-05	(0.000000e+00 0.000000e+00 -5.706577e-03)
1540          	6.106664e-05	(0.000000e+00 0.000000e+00 -5.706577e-03)
1541          	6.106998e-05	(0.000000e+00 0.000000e+00 -5.706577e-03)
1542          	6.108084e-05	(0.000000e+00 0.000000e+00 -5.706577e-03)
1543          	6.108410e-05	(0.000000e+00 0.000000e+00 -5.706577e-03)
1544          	6.109371e-05	(0.000000e+00 0.000000e+00 -5.706577e-03)
1545          	6.109679e-05	(0.000000e+00 0.000000e+00 -5.706577e-03)
1546          	6.110654e-05	(0.000000e+00 0.000000e+00 -5.706577e-03)
1547          	6.111753e-05	(0.000000e+00 0.000000e+00 -5.706577e-03)
1548          	6.114963e-05	(0.000000e+00 0.000000e+00 -5.706577e-03)
1549          	6.116071e-05	(0.000000e+00 0.000000e+00 -5.706577e-03)
1550          	6.117966e-05	(0.000000e+00 0.000000e+00 -5.706577e-03)
1551          	6.118334e-05	(0.000000e+00 0.000000e+00 -5.706577e-03)
1552          	6.119550e-05	(0.000000e+00 0.000000e+00 -5.706577e-03)
1553          	6.119931e-05	(0.000000e+00 0.000000e+00 -5.706577e-03)
1554          	6.121161e-05	(0.000000e+00 0.000000e+00 -5.706577e-03)
1555          	6.122855e-05	(0.000000e+00 0.000000e+00 -5.706577e-03)
1556          	6.127358e-05	(0.000000e+00 0.000000e+00 -5.706577e-03)
1557          	6.127712e-05	(0.000000e+00 0.000000e+00 -5.706577e-03)
1558          	6.128663e-05	(0.000000e+00 0.000000e+00 -5.706577e-03)
1559          	6.128982e-05	(0.000000e+00 0.000000e+00 -5.706577e-03)
1560          	6.129866e-05	(0.000000e+00 0.000000e+00 -5.706577e-03)
1561          	6.130162e-05	(0.000000e+00 0.000000e+00 -5.706577e-03)
1562          	6.131008e-05	(0.000000e+00 0.000000e+00 -5.706577e-03)
1563          	6.132670e-05	(0.000000e+00 0.000000e+00 -5.706577e-03)
1564          	6.133412e-05	(0.000000e+00 0.000000e+00 -5.706577e-03)
1565          	6.135087e-05	(0.000000e+00 0.000000e+00 -5.706577e-03)
1566          	6.135649e-05	(0.000000e+00 0.000000e+00 -5.706577e-03)
1567          	6.137256e-05	(0.000000e+00 0.000000e+00 -5.706577e-03)
1568          	6.141187e-05	(0.000000e+00 0.000000e+00 -5.706577e-03)
1569          	6.141382e-05	(0.000000e+00 0.000000e+00 -5.706577e-03)
1570          	6.141706e-05	(0.000000e+00 0.000000e+00 -5.706577e-03)
1571          	6.141832e-05	(0.000000e+00 0.000000e+00 -5.706577e-03)
1572          	6.141889e-05	(0.000000e+00 0.000000e+00 -5.706577e-03)
1573          	6.142898e-05	(0.000000e+00 0.000000e+00 -5.706577e-03)
1574          	6.142671e-05	(0.000000e+00 0.000000e+00 -5.706577e-03)
1575          	6.142601e-05	(0.000000e+00 0.000000e+00 -5.706577e-03)
1576          	6.142121e-05	(0.000000e+00 0.000000e+00 -5.706577e-03)
1577          	6.141975e-05	(0.000000e+00 0.000000e+00 -5.706577e-03)
1578          	6.141257e-05	(0.000000e+00 0.000000e+00 -5.706577e-03)
1579          	6.141058e-05	(0.000000e+00 0.000000e+00 -5.706577e-03)
1580          	6.140135e-05	(0.000000e+00 0.000000e+00 -5.706577e-03)
1581          	6.139909e-05	(0.000000e+00 0.000000e+00 -5.706577e-03)
1582          	6.138810e-05	(0.000000e+00 0.000000e+00 -5.706577e-03)
1583          	6.138553e-05	(0.000000e+00 0.000000e+00 -5.706577e-03)
1584          	6.137327e-05	(0.000000e+00 0.000000e+00 -5.706577e-03)
1585          	6.137068e-05	(0.000000e+00 0.000000e+00 -5.706577e-03)
1586          	6.139750e-05	(0.000000e+00 0.000000e+00 -5.706577e-03)
1587          	6.139521e-05	(0.000000e+00 0.000000e+00 -5.706577e-03)
1588          	6.138188e-05	(0.000000e+00 0.000000e+00 -5.706577e-03)
1589          	6.137918e-05	(0.000000e+00 0.000000e+00 -5.706577e-03)
1590          	6.136447e-05	(0.000000e+00 0.000000e+00 -5.706577e-03)
1591          	6.136182e-05	(0.000000e+00 0.000000e+00 -5.706577e-03)
1592          	6.134601e-05	(0.000000e+00 0.000000e+00 -5.706577e-03)
1593          	6.134291e-05	(0.000000e+00 0.000000e+00 -5.706577e-03)
1594          	6.132568e-05	(0.000000e+00 0.000000e+00 -5.706577e-03)
1595          	6.132179e-05	(0.000000e+00 0.000000e+00 -5.706577e-03)
1596          	6.130317e-05	(0.000000e+00 0.000000e+00 -5.706577e-03)
1597          	6.129834e-05	(0.000000e+00 0.000000e+00 -5.706577e-03)
1598          	6.128058e-05	(0.000000e+00 0.000000e+00 -5.706577e-03)
1599          	6.127572e-05	(0.000000e+00 0.000000e+00 -5.706577e-03)
1600          	6.126076e-05	(0.000000e+00 0.000000e+00 -5.706577e-03)
1601          	6.125631e-05	(0.000000e+00 0.000000e+00 -5.706577e-03)
1602          	6.124424e-05	(0.000000e+00 0.000000e+00 -5.706577e-03)
1603          	6.124057e-05	(0.000000e+00 0.000000e+00 -5.706577e-03)
1604          	6.122979e-05	(0.000000e+00 0.000000e+00 -5.706577e-03)
1605          	6.122648e-05	(0.000000e+00 0.000000e+00 -5.706577e-03)
1606          	6.121524e-05	(0.000000e+00 0.000000e+00 -5.706577e-03)
1607          	6.121205e-05	(0.000000e+00 0.000000e+00 -5.706577e-03)
1608          	6.119944e-05	(0.000000e+00 0.000000e+00 -5.706577e-03)
1609          	6.119591e-05	(0.000000e+00 0.000000e+00 -5.706577e-03)
1610          	6.118320e-05	(0.000000e+00 0.000000e+00 -5.706577e-03)
1611          	6.117968e-05	(0.000000e+00 0.000000e+00 -5.706577e-03)
1612          	6.116666e-05	(0.000000e+00 0.000000e+00 -5.706577e-03)
1613          	6.116334e-05	(0.000000e+00 0.000000e+00 -5.706577e-03)
1614          	6.115166e-05	(0.000000e+00 0.000000e+00 -5.706577e-03)
1615          	6.114826e-05	(0.000000e+00 0.000000e+00 -5.706577e-03)
1616          	6.113715e-05	(0.000000e+00 0.000000e+00 -5.706577e-03)
1617          	6.113386e-05	(0.000000e+00 0.000000e+00 -5.706577e-03)
1618          	6.112448e-05	(0.000000e+00 0.000000e+00 -5.706577e-03)
1619          	6.112197e-05	(0.000000e+00 0.000000e+00 -5.706577e-03)
1620          	6.111354e-05	(0.000000e+00 0.000000e+00 -5.706577e-03)
1621          	6.111153e-05	(0.000000e+00 0.000000e+00 -5.706577e-03)
1622          	6.110337e-05	(0.000000e+00 0.000000e+00 -5.706577e-03)
1623          	6.110141e-05	(0.000000e+00 0.000000e+00 -5.706577e-03)
1624          	6.109204e-05	(0.000000e+00 0.000000e+00 -5.706577e-03)
1625          	6.108996e-05	(0.000000e+00 0.000000e+00 -5.706577e-03)
1626          	6.107942e-05	(0.000000e+00 0.000000e+00 -5.706577e-03)
1627          	6.107710e-05	(0.000000e+00 0.000000e+00 -5.706577e-03)
1628          	6.106637e-05	(0.000000e+00 0.000000e+00 -5.706577e-03)
1629          	6.106413e-05	(0.000000e+00 0.000000e+00 -5.706577e-03)
1630          	6.105439e-05	(0.000000e+00 0.000000e+00 -5.706577e-03)
1631          	6.105264e-05	(0.000000e+00 0.000000e+00 -5.706577e-03)
1632          	6.104419e-05	(0.000000e+00 0.000000e+00 -5.706577e-03)
1633          	6.104252e-05	(0.000000e+00 0.000000e+00 -5.706577e-03)
1634          	6.103414e-05	(0.000000e+00 0.000000e+00 -5.706577e-03)
1635          	6.103260e-05	(0.000000e+00 0.000000e+00 -5.706577e-03)
1636          	6.102433e-05	(0.000000e+00 0.000000e+00 -5.706577e-03)
1637          	6.102297e-05	(0.000000e+00 0.000000e+00 -5.706577e-03)
1638          	6.101603e-05	(0.000000e+00 0.000000e+00 -5.706577e-03)
1639          	6.101501e-05	(0.000000e+00 0.000000e+00 -5.706577e-03)
1640          	6.101084e-05	(0.000000e+00 0.000000e+00 -5.706577e-03)
1641          	6.100981e-05	(0.000000e+00 0.000000e+00 -5.706577e-03)
1642          	6.100646e-05	(0.000000e+00 0.000000e+00 -5.706577e-03)
1643          	6.100535e-05	(0.000000e+00 0.000000e+00 -5.706577e-03)
1644          	6.100342e-05	(0.000000e+00 0.000000e+00 -5.706577e-03)
1645          	6.100249e-05	(0.000000e+00 0.000000e+00 -5.706577e-03)
1646          	6.100256e-05	(0.000000e+00 0.000000e+00 -5.706577e-03)
1647          	6.100213e-05	(0.000000e+00 0.000000e+00 -5.706577e-03)
1648          	6.100343e-05	(0.000000e+00 0.000000e+00 -5.706577e-03)
1649          	6.100306e-05	(0.000000e+00 0.000000e+00 -5.706577e-03)
1650          	6.100478e-05	(0.000000e+00 0.000000e+00 -5.706577e-03)
1651          	6.100477e-05	(0.000000e+00 0.000000e+00 -5.706577e-03)
1652          	6.100702e-05	(0.000000e+00 0.000000e+00 -5.706577e-03)
1653          	6.100800e-05	(0.000000e+00 0.000000e+00 -5.706577e-03)
1654          	6.101163e-05	(0.000000e+00 0.000000e+00 -5.706577e-03)
1655          	6.101322e-05	(0.000000e+00 0.000000e+00 -5.706577e-03)
1656          	6.101885e-05	(0.000000e+00 0.000000e+00 -5.706577e-03)
1657          	6.102041e-05	(0.000000e+00 0.000000e+00 -5.706577e-03)
1658          	6.102590e-05	(0.000000e+00 0.000000e+00 -5.706577e-03)
1659          	6.102736e-05	(0.000000e+00 0.000000e+00 -5.706577e-03)
1660          	6.103227e-05	(0.000000e+00 0.000000e+00 -5.706577e-03)
1661          	6.103386e-05	(0.000000e+00 0.000000e+00 -5.706577e-03)
1662          	6.103795e-05	(0.000000e+00 0.000000e+00 -5.706577e-03)
1663          	6.103929e-05	(0.000000e+00 0.000000e+00 -5.706577e-03)
1664          	6.104281e-05	(0.000000e+00 0.000000e+00 -5.706577e-03)
1665          	6.104448e-05	(0.000000e+00 0.000000e+00 -5.706577e-03)
1666          	6.104830e-05	(0.000000e+00 0.000000e+00 -5.706577e-03)
1667          	6.105027e-05	(0.000000e+00 0.000000e+00 -5.706577e-03)
1668          	6.105563e-05	(0.000000e+00 0.000000e+00 -5.706577e-03)
1669          	6.105803e-05	(0.000000e+00 0.000000e+00 -5.706577e-03)
1670          	6.106332e-05	(0.000000e+00 0.000000e+00 -5.706577e-03)
1671          	6.106547e-05	(0.000000e+00 0.000000e+00 -5.706577e-03)
1672          	6.107055e-05	(0.000000e+00 0.000000e+00 -5.706577e-03)
1673          	6.107269e-05	(0.000000e+00 0.000000e+00 -5.706577e-03)
1674          	6.107744e-05	(0.000000e+00 0.000000e+00 -5.706577e-03)
1675          	6.107891e-05	(0.000000e+00 0.000000e+00 -5.706577e-03)
1676          	6.108321e-05	(0.000000e+00 0.000000e+00 -5.706577e-03)
1677          	6.108408e-05	(0.000000e+00 0.000000e+00 -5.706577e-03)
1678          	6.108743e-05	(0.000000e+00 0.000000e+00 -5.706577e-03)
1679          	6.109220e-05	(0.000000e+00 0.000000e+00 -5.706577e-03)
1680          	6.109491e-05	(0.000000e+00 0.000000e+00 -5.706577e-03)
1681          	6.109544e-05	(0.000000e+00 0.000000e+00 -5.706577e-03)
1682          	6.109715e-05	(0.000000e+00 0.000000e+00 -5.706577e-03)
1683          	6.109739e-05	(0.000000e+00 0.000000e+00 -5.706577e-03)
1684          	6.109719e-05	(0.000000e+00 0.000000e+00 -5.706577e-03)
1685          	6.109677e-05	(0.000000e+00 0.000000e+00 -5.706577e-03)
1686          	6.109532e-05	(0.000000e+00 0.000000e+00 -5.706577e-03)
1687          	6.109435e-05	(0.000000e+00 0.000000e+00 -5.706577e-03)
1688          	6.109156e-05	(0.000000e+00 0.000000e+00 -5.706577e-03)
1689          	6.109002e-05	(0.000000e+00 0.000000e+00 -5.706577e-03)
1690          	6.108563e-05	(0.000000e+00 0.000000e+00 -5.706577e-03)
1691          	6.108375e-05	(0.000000e+00 0.000000e+00 -5.706577e-03)
1692          	6.107827e-05	(0.000000e+00 0.000000e+00 -5.706577e-03)
1693          	6.107606e-05	(0.000000e+00 0.000000e+00 -5.706577e-03)
1694          	6.107037e-05	(0.000000e+00 0.000000e+00 -5.706577e-03)
1695          	6.106832e-05	(0.000000e+00 0.000000e+00 -5.706577e-03)
1696          	6.106402e-05	(0.000000e+00 0.000000e+00 -5.706577e-03)
1697          	6.106264e-05	(0.000000e+00 0.000000e+00 -5.706577e-03)
1698          	6.106102e-05	(0.000000e+00 0.000000e+00 -5.706577e-03)
1699          	6.106022e-05	(0.000000e+00 0.000000e+00 -5.706577e-03)
1700          	6.105878e-05	(0.000000e+00 0.000000e+00 -5.706577e-03)
1701          	6.105772e-05	(0.000000e+00 0.000000e+00 -5.706577e-03)
1702          	6.105569e-05	(0.000000e+00 0.000000e+00 -5.706577e-03)
1703          	6.105465e-05	(0.000000e+00 0.000000e+00 -5.706577e-03)
1704          	6.102929e-05	(0.000000e+00 0.000000e+00 -5.706577e-03)
1705          	6.102163e-05	(0.000000e+00 0.000000e+00 -5.706577e-03)
1706          	6.102269e-05	(0.000000e+00 0.000000e+00 -5.706577e-03)
1707          	6.102316e-05	(0.000000e+00 0.000000e+00 -5.706577e-03)
1708          	6.102837e-05	(0.000000e+00 0.000000e+00 -5.706577e-03)
1709          	6.103046e-05	(0.000000e+00 0.000000e+00 -5.706577e-03)
1710          	6.103147e-05	(0.000000e+00 0.000000e+00 -5.706577e-03)
1711          	6.104204e-05	(0.000000e+00 0.000000e+00 -5.706577e-03)
1712          	6.104983e-05	(0.000000e+00 0.000000e+00 -5.706577e-03)
1713          	6.105263e-05	(0.000000e+00 0.000000e+00 -5.706577e-03)
1714          	6.107103e-05	(0.000000e+00 0.000000e+00 -5.706577e-03)
1715          	6.109546e-05	(0.000000e+00 0.000000e+00 -5.706577e-03)
1716          	6.110013e-05	(0.000000e+00 0.000000e+00 -5.706577e-03)
1717          	6.112615e-05	(0.000000e+00 0.000000e+00 -5.706577e-03)
1718          	6.116561e-05	(0.000000e+00 0.000000e+00 -5.706577e-03)
1719          	6.117093e-05	(0.000000e+00 0.000000e+00 -5.706577e-03)
1720          	6.119894e-05	(0.000000e+00 0.000000e+00 -5.706577e-03)
1721          	6.122268e-05	(0.000000e+00 0.000000e+00 -5.706577e-03)
1722          	6.122695e-05	(0.000000e+00 0.000000e+00 -5.706577e-03)
1723          	6.124893e-05	(0.000000e+00 0.000000e+00 -5.706577e-03)
1724          	6.126294e-05	(0.000000e+00 0.000000e+00 -5.706577e-03)
1725          	6.126658e-05	(0.000000e+00 0.000000e+00 -5.706577e-03)
1726          	6.128521e-05	(0.000000e+00 0.000000e+00 -5.706577e-03)
1727          	6.129311e-05	(0.000000e+00 0.000000e+00 -5.706577e-03)
1728          	6.129594e-05	(0.000000e+00 0.000000e+00 -5.706577e-03)
1729          	6.131215e-05	(0.000000e+00 0.000000e+00 -5.706577e-03)
1730          	6.131679e-05	(0.000000e+00 0.000000e+00 -5.706577e-03)
1731          	6.131895e-05	(0.000000e+00 0.000000e+00 -5.706577e-03)
1732          	6.133183e-05	(0.000000e+00 0.000000e+00 -5.706577e-03)
1733          	6.133454e-05	(0.000000e+00 0.000000e+00 -5.706577e-03)
1734          	6.133574e-05	(0.000000e+00 0.000000e+00 -5.706577e-03)
1735          	6.134508e-05	(0.000000e+00 0.000000e+00 -5.706577e-03)
1736          	6.134655e-05	(0.000000e+00 0.000000e+00 -5.706577e-03)
1737          	6.134609e-05	(0.000000e+00 0.000000e+00 -5.706577e-03)
1738          	6.135168e-05	(0.000000e+00 0.000000e+00 -5.706577e-03)
1739          	6.135143e-05	(0.000000e+00 0.000000e+00 -5.706577e-03)
1740          	6.135047e-05	(0.000000e+00 0.000000e+00 -5.706577e-03)
1741          	6.135375e-05	(0.000000e+00 0.000000e+00 -5.706577e-03)
1742          	6.135277e-05	(0.000000e+00 0.000000e+00 -5.706577e-03)
1743          	6.135125e-05	(0.000000e+00 0.000000e+00 -5.706577e-03)
1744          	6.134903e-05	(0.000000e+00 0.000000e+00 -5.706577e-03)
1745          	6.134741e-05	(0.000000e+00 0.000000e+00 -5.706577e-03)
1746          	6.134543e-05	(0.000000e+00 0.000000e+00 -5.706577e-03)
1747          	6.134028e-05	(0.000000e+00 0.000000e+00 -5.706577e-03)
1748          	6.133784e-05	(0.000000e+00 0.000000e+00 -5.706577e-03)
1749          	6.133514e-05	(0.000000e+00 0.000000e+00 -5.706577e-03)
1750          	6.132654e-05	(0.000000e+00 0.000000e+00 -5.706577e-03)
1751          	6.132327e-05	(0.000000e+00 0.000000e+00 -5.706577e-03)
1752          	6.132036e-05	(0.000000e+00 0.000000e+00 -5.706577e-03)
1753          	6.131093e-05	(0.000000e+00 0.000000e+00 -5.706577e-03)
1754          	6.130706e-05	(0.000000e+00 0.000000e+00 -5.706577e-03)
1755          	6.130420e-05	(0.000000e+00 0.000000e+00 -5.706577e-03)
1756          	6.129607e-05	(0.000000e+00 0.000000e+00 -5.706577e-03)
1757          	6.129188e-05	(0.000000e+00 0.000000e+00 -5.706577e-03)
1758          	6.128438e-05	(0.000000e+00 0.000000e+00 -5.706577e-03)
1759          	6.128118e-05	(0.000000e+00 0.000000e+00 -5.706577e-03)
1760          	6.127677e-05	(0.000000e+00 0.000000e+00 -5.706577e-03)
1761          	6.127402e-05	(0.000000e+00 0.000000e+00 -5.706577e-03)
1762          	6.127073e-05	(0.000000e+00 0.000000e+00 -5.706577e-03)
1763          	6.126841e-05	(0.000000e+00 0.000000e+00 -5.706577e-03)
1764          	6.126552e-05	(0.000000e+00 0.000000e+00 -5.706577e-03)
1765          	6.126307e-05	(0.000000e+00 0.000000e+00 -5.706577e-03)
1766          	6.126079e-05	(0.000000e+00 0.000000e+00 -5.706577e-03)
1767          	6.125878e-05	(0.000000e+00 0.000000e+00 -5.706577e-03)
1768          	6.125831e-05	(0.000000e+00 0.000000e+00 -5.706577e-03)
1769          	6.125697e-05	(0.000000e+00 0.000000e+00 -5.706577e-03)
1770          	6.125845e-05	(0.000000e+00 0.000000e+00 -5.706577e-03)
1771          	6.125750e-05	(0.000000e+00 0.000000e+00 -5.706577e-03)
1772          	6.126047e-05	(0.000000e+00 0.000000e+00 -5.706577e-03)
1773          	6.125969e-05	(0.000000e+00 0.000000e+00 -5.706577e-03)
1774          	6.126340e-05	(0.000000e+00 0.000000e+00 -5.706577e-03)
1775          	6.126275e-05	(0.000000e+00 0.000000e+00 -5.706577e-03)
1776          	6.126737e-05	(0.000000e+00 0.000000e+00 -5.706577e-03)
1777          	6.126694e-05	(0.000000e+00 0.000000e+00 -5.706577e-03)
1778          	6.127268e-05	(0.000000e+00 0.000000e+00 -5.706577e-03)
1779          	6.127762e-05	(0.000000e+00 0.000000e+00 -5.706577e-03)
1780          	6.128458e-05	(0.000000e+00 0.000000e+00 -5.706577e-03)
1781          	6.128494e-05	(0.000000e+00 0.000000e+00 -5.706577e-03)
1782          	6.129316e-05	(0.000000e+00 0.000000e+00 -5.706577e-03)
1783          	6.129421e-05	(0.000000e+00 0.000000e+00 -5.706577e-03)
1784          	6.130361e-05	(0.000000e+00 0.000000e+00 -5.706577e-03)
1785          	6.130556e-05	(0.000000e+00 0.000000e+00 -5.706577e-03)
1786          	6.131535e-05	(0.000000e+00 0.000000e+00 -5.706577e-03)
1787          	6.131755e-05	(0.000000e+00 0.000000e+00 -5.706577e-03)
1788          	6.132890e-05	(0.000000e+00 0.000000e+00 -5.706577e-03)
1789          	6.133152e-05	(0.000000e+00 0.000000e+00 -5.706577e-03)
1790          	6.134375e-05	(0.000000e+00 0.000000e+00 -5.706577e-03)
1791          	6.134692e-05	(0.000000e+00 0.000000e+00 -5.706577e-03)
1792          	6.137118e-05	(0.000000e+00 0.000000e+00 -5.706577e-03)
1793          	6.137449e-05	(0.000000e+00 0.000000e+00 -5.706577e-03)
1794          	6.139780e-05	(0.000000e+00 0.000000e+00 -5.706577e-03)
1795          	6.140153e-05	(0.000000e+00 0.000000e+00 -5.706577e-03)
1796          	6.141552e-05	(0.000000e+00 0.000000e+00 -5.706577e-03)
1797          	6.141950e-05	(0.000000e+00 0.000000e+00 -5.706577e-03)
1798          	6.144370e-05	(0.000000e+00 0.000000e+00 -5.706577e-03)
1799          	6.144788e-05	(0.000000e+00 0.000000e+00 -5.706577e-03)
1800          	6.146216e-05	(0.000000e+00 0.000000e+00 -5.706577e-03)
1801          	6.146627e-05	(0.000000e+00 0.000000e+00 -5.706577e-03)
1802          	6.149266e-05	(0.000000e+00 0.000000e+00 -5.706577e-03)
1803          	6.149641e-05	(0.000000e+00 0.000000e+00 -5.706577e-03)
1804          	6.152150e-05	(0.000000e+00 0.000000e+00 -5.706577e-03)
1805          	6.152495e-05	(0.000000e+00 0.000000e+00 -5.706577e-03)
1806          	6.154960e-05	(0.000000e+00 0.000000e+00 -5.706577e-03)
1807          	6.155291e-05	(0.000000e+00 0.000000e+00 -5.706577e-03)
1808          	6.156178e-05	(0.000000e+00 0.000000e+00 -5.706577e-03)
1809          	6.156417e-05	(0.000000e+00 0.000000e+00 -5.706577e-03)
1810          	6.157168e-05	(0.000000e+00 0.000000e+00 -5.706577e-03)
1811          	6.157373e-05	(0.000000e+00 0.000000e+00 -5.706577e-03)
1812          	6.160665e-05	(0.000000e+00 0.000000e+00 -5.706577e-03)
1813          	6.160846e-05	(0.000000e+00 0.000000e+00 -5.706577e-03)
1814          	6.163540e-05	(0.000000e+00 0.000000e+00 -5.706577e-03)
1815          	6.163687e-05	(0.000000e+00 0.000000e+00 -5.706577e-03)
1816          	6.163770e-05	(0.000000e+00 0.000000e+00 -5.706577e-03)
1817          	6.164607e-05	(0.000000e+00 0.000000e+00 -5.706577e-03)
1818          	6.164519e-05	(0.000000e+00 0.000000e+00 -5.706577e-03)
1819          	6.164622e-05	(0.000000e+00 0.000000e+00 -5.706577e-03)
1820          	6.164355e-05	(0.000000e+00 0.000000e+00 -5.706577e-03)
1821          	6.164431e-05	(0.000000e+00 0.000000e+00 -5.706577e-03)
1822          	6.164017e-05	(0.000000e+00 0.000000e+00 -5.706577e-03)
1823          	6.164028e-05	(0.000000e+00 0.000000e+00 -5.706577e-03)
1824          	6.163688e-05	(0.000000e+00 0.000000e+00 -5.706577e-03)
1825          	6.163687e-05	(0.000000e+00 0.000000e+00 -5.706577e-03)
1826          	6.163144e-05	(0.000000e+00 0.000000e+00 -5.706577e-03)
1827          	6.164867e-05	(0.000000e+00 0.000000e+00 -5.706577e-03)
1828          	6.165365e-05	(0.000000e+00 0.000000e+00 -5.706577e-03)
1829          	6.166790e-05	(0.000000e+00 0.000000e+00 -5.706577e-03)
1830          	6.166397e-05	(0.000000e+00 0.000000e+00 -5.706577e-03)
1831          	6.166362e-05	(0.000000e+00 0.000000e+00 -5.706577e-03)
1832          	6.166050e-05	(0.000000e+00 0.000000e+00 -5.706577e-03)
1833          	6.166002e-05	(0.000000e+00 0.000000e+00 -5.706577e-03)
1834          	6.165785e-05	(0.000000e+00 0.000000e+00 -5.706577e-03)
1835          	6.165716e-05	(0.000000e+00 0.000000e+00 -5.706577e-03)
1836          	6.165528e-05	(0.000000e+00 0.000000e+00 -5.706577e-03)
1837          	6.165422e-05	(0.000000e+00 0.000000e+00 -5.706577e-03)
1838          	6.165181e-05	(0.000000e+00 0.000000e+00 -5.706577e-03)
1839          	6.166205e-05	(0.000000e+00 0.000000e+00 -5.706577e-03)
1840          	6.165990e-05	(0.000000e+00 0.000000e+00 -5.706577e-03)
1841          	6.165799e-05	(0.000000e+00 0.000000e+00 -5.706577e-03)
1842          	6.165546e-05	(0.000000e+00 0.000000e+00 -5.706577e-03)
1843          	6.165333e-05	(0.000000e+00 0.000000e+00 -5.706577e-03)
1844          	6.164982e-05	(0.000000e+00 0.000000e+00 -5.706577e-03)
1845          	6.164759e-05	(0.000000e+00 0.000000e+00 -5.706577e-03)
1846          	6.164331e-05	(0.000000e+00 0.000000e+00 -5.706577e-03)
1847          	6.164132e-05	(0.000000e+00 0.000000e+00 -5.706577e-03)
1848          	6.163688e-05	(0.000000e+00 0.000000e+00 -5.706577e-03)
1849          	6.163544e-05	(0.000000e+00 0.000000e+00 -5.706577e-03)
1850          	6.163146e-05	(0.000000e+00 0.000000e+00 -5.706577e-03)
1851          	6.163050e-05	(0.000000e+00 0.000000e+00 -5.706577e-03)
1852          	6.162657e-05	(0.000000e+00 0.000000e+00 -5.706577e-03)
1853          	6.162579e-05	(0.000000e+00 0.000000e+00 -5.706577e-03)
1854          	6.162224e-05	(0.000000e+00 0.000000e+00 -5.706577e-03)
1855          	6.162170e-05	(0.000000e+00 0.000000e+00 -5.706577e-03)
1856          	6.161961e-05	(0.000000e+00 0.000000e+00 -5.706577e-03)
1857          	6.161948e-05	(0.000000e+00 0.000000e+00 -5.706577e-03)
1858          	6.161967e-05	(0.000000e+00 0.000000e+00 -5.706577e-03)
1859          	6.162036e-05	(0.000000e+00 0.000000e+00 -5.706577e-03)
1860          	6.162446e-05	(0.000000e+00 0.000000e+00 -5.706577e-03)
1861          	6.162624e-05	(0.000000e+00 0.000000e+00 -5.706577e-03)
1862          	6.163434e-05	(0.000000e+00 0.000000e+00 -5.706577e-03)
1863          	6.163716e-05	(0.000000e+00 0.000000e+00 -5.706577e-03)
1864          	6.164850e-05	(0.000000e+00 0.000000e+00 -5.706577e-03)
1865          	6.165206e-05	(0.000000e+00 0.000000e+00 -5.706577e-03)
1866          	6.166470e-05	(0.000000e+00 0.000000e+00 -5.706577e-03)
1867          	6.166858e-05	(0.000000e+00 0.000000e+00 -5.706577e-03)
1868          	6.168011e-05	(0.000000e+00 0.000000e+00 -5.706577e-03)
1869          	6.168367e-05	(0.000000e+00 0.000000e+00 -5.706577e-03)
1870          	6.169367e-05	(0.000000e+00 0.000000e+00 -5.706577e-03)
1871          	6.169731e-05	(0.000000e+00 0.000000e+00 -5.706577e-03)
1872          	6.170717e-05	(0.000000e+00 0.000000e+00 -5.706577e-03)
1873          	6.171063e-05	(0.000000e+00 0.000000e+00 -5.706577e-03)
1874          	6.172045e-05	(0.000000e+00 0.000000e+00 -5.706577e-03)
1875          	6.172419e-05	(0.000000e+00 0.000000e+00 -5.706577e-03)
1876          	6.173458e-05	(0.000000e+00 0.000000e+00 -5.706577e-03)
1877          	6.173852e-05	(0.000000e+00 0.000000e+00 -5.706577e-03)
1878          	6.174889e-05	(0.000000e+00 0.000000e+00 -5.706577e-03)
1879          	6.175276e-05	(0.000000e+00 0.000000e+00 -5.706577e-03)
1880          	6.176254e-05	(0.000000e+00 0.000000e+00 -5.706577e-03)
1881          	6.176624e-05	(0.000000e+00 0.000000e+00 -5.706577e-03)
1882          	6.177620e-05	(0.000000e+00 0.000000e+00 -5.706577e-03)
1883          	6.177993e-05	(0.000000e+00 0.000000e+00 -5.706577e-03)
1884          	6.177679e-05	(0.000000e+00 0.000000e+00 -5.706577e-03)
1885          	6.177562e-05	(0.000000e+00 0.000000e+00 -5.706577e-03)
1886          	6.178457e-05	(0.000000e+00 0.000000e+00 -5.706577e-03)
1887          	6.178736e-05	(0.000000e+00 0.000000e+00 -5.706577e-03)
1888          	6.179480e-05	(0.000000e+00 0.000000e+00 -5.706577e-03)
1889          	6.179689e-05	(0.000000e+00 0.000000e+00 -5.706577e-03)
1890          	6.180223e-05	(0.000000e+00 0.000000e+00 -5.706577e-03)
1891          	6.180369e-05	(0.000000e+00 0.000000e+00 -5.706577e-03)
1892          	6.180708e-05	(0.000000e+00 0.000000e+00 -5.706577e-03)
1893          	6.180826e-05	(0.000000e+00 0.000000e+00 -5.706577e-03)
1894          	6.181033e-05	(0.000000e+00 0.000000e+00 -5.706577e-03)
1895          	6.181117e-05	(0.000000e+00 0.000000e+00 -5.706577e-03)
1896          	6.181166e-05	(0.000000e+00 0.000000e+00 -5.706577e-03)
1897          	6.181195e-05	(0.000000e+00 0.000000e+00 -5.706577e-03)
1898          	6.181041e-05	(0.000000e+00 0.000000e+00 -5.706577e-03)
1899          	6.181022e-05	(0.000000e+00 0.000000e+00 -5.706577e-03)
1900          	6.180650e-05	(0.000000e+00 0.000000e+00 -5.706577e-03)
1901          	6.180585e-05	(0.000000e+00 0.000000e+00 -5.706577e-03)
1902          	6.179739e-05	(0.000000e+00 0.000000e+00 -5.706577e-03)
1903          	6.179508e-05	(0.000000e+00 0.000000e+00 -5.706577e-03)
1904          	6.174871e-05	(0.000000e+00 0.000000e+00 -5.706577e-03)
1905          	6.174306e-05	(0.000000e+00 0.000000e+00 -5.706577e-03)
1906          	6.170370e-05	(0.000000e+00 0.000000e+00 -5.706577e-03)
1907          	6.169982e-05	(0.000000e+00 0.000000e+00 -5.706577e-03)
1908          	6.168265e-05	(0.000000e+00 0.000000e+00 -5.706577e-03)
1909          	6.167812e-05	(0.000000e+00 0.000000e+00 -5.706577e-03)
1910          	6.165760e-05	(0.000000e+00 0.000000e+00 -5.706577e-03)
1911          	6.165218e-05	(0.000000e+00 0.000000e+00 -5.706577e-03)
1912          	6.162944e-05	(0.000000e+00 0.000000e+00 -5.706577e-03)
1913          	6.162249e-05	(0.000000e+00 0.000000e+00 -5.706577e-03)
1914          	6.159788e-05	(0.000000e+00 0.000000e+00 -5.706577e-03)
1915          	6.159044e-05	(0.000000e+00 0.000000e+00 -5.706577e-03)
1916          	6.156473e-05	(0.000000e+00 0.000000e+00 -5.706577e-03)
1917          	6.155729e-05	(0.000000e+00 0.000000e+00 -5.706577e-03)
1918          	6.153182e-05	(0.000000e+00 0.000000e+00 -5.706577e-03)
1919          	6.152471e-05	(0.000000e+00 0.000000e+00 -5.706577e-03)
1920          	6.149832e-05	(0.000000e+00 0.000000e+00 -5.706577e-03)
1921          	6.149122e-05	(0.000000e+00 0.000000e+00 -5.706577e-03)
1922          	6.146222e-05	(0.000000e+00 0.000000e+00 -5.706577e-03)
1923          	6.145434e-05	(0.000000e+00 0.000000e+00 -5.706577e-03)
1924          	6.142317e-05	(0.000000e+00 0.000000e+00 -5.706577e-03)
1925          	6.141449e-05	(0.000000e+00 0.000000e+00 -5.706577e-03)
1926          	6.138304e-05	(0.000000e+00 0.000000e+00 -5.706577e-03)
1927          	6.137384e-05	(0.000000e+00 0.000000e+00 -5.706577e-03)
1928          	6.134337e-05	(0.000000e+00 0.000000e+00 -5.706577e-03)
1929          	6.133418e-05	(0.000000e+00 0.000000e+00 -5.706577e-03)
1930          	6.130447e-05	(0.000000e+00 0.000000e+00 -5.706577e-03)
1931          	6.129526e-05	(0.000000e+00 0.000000e+00 -5.706577e-03)
1932          	6.126552e-05	(0.000000e+00 0.000000e+00 -5.706577e-03)
1933          	6.125621e-05	(0.000000e+00 0.000000e+00 -5.706577e-03)
1934          	6.122619e-05	(0.000000e+00 0.000000e+00 -5.706577e-03)
1935          	6.121709e-05	(0.000000e+00 0.000000e+00 -5.706577e-03)
1936          	6.118678e-05	(0.000000e+00 0.000000e+00 -5.706577e-03)
1937          	6.117781e-05	(0.000000e+00 0.000000e+00 -5.706577e-03)
1938          	6.114623e-05	(0.000000e+00 0.000000e+00 -5.706577e-03)
1939          	6.113712e-05	(0.000000e+00 0.000000e+00 -5.706577e-03)
1940          	6.110468e-05	(0.000000e+00 0.000000e+00 -5.706577e-03)
1941          	6.109537e-05	(0.000000e+00 0.000000e+00 -5.706577e-03)
1942          	6.106395e-05	(0.000000e+00 0.000000e+00 -5.706577e-03)
1943          	6.105481e-05	(0.000000e+00 0.000000e+00 -5.706577e-03)
1944          	6.102971e-05	(0.000000e+00 0.000000e+00 -5.706577e-03)
1945          	6.102070e-05	(0.000000e+00 0.000000e+00 -5.706577e-03)
1946          	6.099740e-05	(0.000000e+00 0.000000e+00 -5.706577e-03)
1947          	6.099116e-05	(0.000000e+00 0.000000e+00 -5.706577e-03)
1948          	6.097113e-05	(0.000000e+00 0.000000e+00 -5.706577e-03)
1949          	6.096540e-05	(0.000000e+00 0.000000e+00 -5.706577e-03)
1950          	6.094674e-05	(0.000000e+00 0.000000e+00 -5.706577e-03)
1951          	6.094151e-05	(0.000000e+00 0.000000e+00 -5.706577e-03)
1952          	6.092457e-05	(0.000000e+00 0.000000e+00 -5.706577e-03)
1953          	6.089362e-05	(0.000000e+00 0.000000e+00 -5.706577e-03)
1954          	6.081565e-05	(0.000000e+00 0.000000e+00 -5.706577e-03)
1955          	6.081154e-05	(0.000000e+00 0.000000e+00 -5.706577e-03)
1956          	6.079854e-05	(0.000000e+00 0.000000e+00 -5.706577e-03)
1957          	6.079499e-05	(0.000000e+00 0.000000e+00 -5.706577e-03)
1958          	6.078617e-05	(0.000000e+00 0.000000e+00 -5.706577e-03)
1959          	6.078368e-05	(0.000000e+00 0.000000e+00 -5.706577e-03)
1960          	6.077787e-05	(0.000000e+00 0.000000e+00 -5.706577e-03)
1961          	6.077599e-05	(0.000000e+00 0.000000e+00 -5.706577e-03)
1962          	6.077197e-05	(0.000000e+00 0.000000e+00 -5.706577e-03)
1963          	6.077061e-05	(0.000000e+00 0.000000e+00 -5.706577e-03)
1964          	6.076908e-05	(0.000000e+00 0.000000e+00 -5.706577e-03)
1965          	6.076796e-05	(0.000000e+00 0.000000e+00 -5.706577e-03)
1966          	6.076767e-05	(0.000000e+00 0.000000e+00 -5.706577e-03)
1967          	6.076665e-05	(0.000000e+00 0.000000e+00 -5.706577e-03)
1968          	6.076762e-05	(0.000000e+00 0.000000e+00 -5.706577e-03)
1969          	6.076688e-05	(0.000000e+00 0.000000e+00 -5.706577e-03)
1970          	6.076940e-05	(0.000000e+00 0.000000e+00 -5.706577e-03)
1971          	6.076461e-05	(0.000000e+00 0.000000e+00 -5.706577e-03)
1972          	6.076802e-05	(0.000000e+00 0.000000e+00 -5.706577e-03)
1973          	6.076883e-05	(0.000000e+00 0.000000e+00 -5.706577e-03)
1974          	6.077171e-05	(0.000000e+00 0.000000e+00 -5.706577e-03)
1975          	6.077263e-05	(0.000000e+00 0.000000e+00 -5.706577e-03)
1976          	6.077491e-05	(0.000000e+00 0.000000e+00 -5.706577e-03)
1977          	6.077553e-05	(0.000000e+00 0.000000e+00 -5.706577e-03)
1978          	6.077812e-05	(0.000000e+00 0.000000e+00 -5.706577e-03)
1979          	6.077906e-05	(0.000000e+00 0.000000e+00 -5.706577e-03)
1980          	6.078260e-05	(0.000000e+00 0.000000e+00 -5.706577e-03)
1981          	6.079229e-05	(0.000000e+00 0.000000e+00 -5.706577e-03)
1982          	6.079659e-05	(0.000000e+00 0.000000e+00 -5.706577e-03)
1983          	6.080894e-05	(0.000000e+00 0.000000e+00 -5.706577e-03)
1984          	6.083853e-05	(0.000000e+00 0.000000e+00 -5.706577e-03)
1985          	6.085030e-05	(0.000000e+00 0.000000e+00 -5.706577e-03)
1986          	6.085800e-05	(0.000000e+00 0.000000e+00 -5.706577e-03)
1987          	6.087053e-05	(0.000000e+00 0.000000e+00 -5.706577e-03)
1988          	6.089913e-05	(0.000000e+00 0.000000e+00 -5.706577e-03)
1989          	6.090969e-05	(0.000000e+00 0.000000e+00 -5.706577e-03)
1990          	6.091678e-05	(0.000000e+00 0.000000e+00 -5.706577e-03)
1991          	6.092765e-05	(0.000000e+00 0.000000e+00 -5.706577e-03)
1992          	6.095438e-05	(0.000000e+00 0.000000e+00 -5.706577e-03)
1993          	6.095602e-05	(0.000000e+00 0.000000e+00 -5.706577e-03)
1994          	6.098188e-05	(0.000000e+00 0.000000e+00 -5.706577e-03)
1995          	6.098327e-05	(0.000000e+00 0.000000e+00 -5.706577e-03)
1996          	6.098892e-05	(0.000000e+00 0.000000e+00 -5.706577e-03)
1997          	6.099011e-05	(0.000000e+00 0.000000e+00 -5.706577e-03)
1998          	6.101955e-05	(0.000000e+00 0.000000e+00 -5.706577e-03)
1999          	6.102057e-05	(0.000000e+00 0.000000e+00 -5.706577e-03)
2000          	6.102435e-05	(0.000000e+00 0.000000e+00 -5.706577e-03)
2001          	6.102507e-05	(0.000000e+00 0.000000e+00 -5.706577e-03)
2002          	6.106670e-05	(0.000000e+00 0.000000e+00 -5.706577e-03)
2003          	6.106718e-05	(0.000000e+00 0.000000e+00 -5.706577e-03)
2004          	6.109362e-05	(0.000000e+00 0.000000e+00 -5.706577e-03)
2005          	6.109411e-05	(0.000000e+00 0.000000e+00 -5.706577e-03)
2006          	6.111546e-05	(0.000000e+00 0.000000e+00 -5.706577e-03)
2007          	6.111602e-05	(0.000000e+00 0.000000e+00 -5.706577e-03)
2008          	6.113487e-05	(0.000000e+00 0.000000e+00 -5.706577e-03)
2009          	6.114104e-05	(0.000000e+00 0.000000e+00 -5.706577e-03)
2010          	6.115846e-05	(0.000000e+00 0.000000e+00 -5.706577e-03)
2011          	6.115964e-05	(0.000000e+00 0.000000e+00 -5.706577e-03)
2012          	6.116677e-05	(0.000000e+00 0.000000e+00 -5.706577e-03)
2013          	6.116926e-05	(0.000000e+00 0.000000e+00 -5.706577e-03)
2014          	6.117710e-05	(0.000000e+00 0.000000e+00 -5.706577e-03)
2015          	6.117927e-05	(0.000000e+00 0.000000e+00 -5.706577e-03)
2016          	6.118715e-05	(0.000000e+00 0.000000e+00 -5.706577e-03)
2017          	6.118948e-05	(0.000000e+00 0.000000e+00 -5.706577e-03)
2018          	6.119804e-05	(0.000000e+00 0.000000e+00 -5.706577e-03)
2019          	6.120035e-05	(0.000000e+00 0.000000e+00 -5.706577e-03)
2020          	6.121051e-05	(0.000000e+00 0.000000e+00 -5.706577e-03)
2021          	6.121379e-05	(0.000000e+00 0.000000e+00 -5.706577e-03)
2022          	6.122859e-05	(0.000000e+00 0.000000e+00 -5.706577e-03)
2023          	6.123434e-05	(0.000000e+00 0.000000e+00 -5.706577e-03)
2024          	6.125657e-05	(0.000000e+00 0.000000e+00 -5.706577e-03)
2025          	6.126490e-05	(0.000000e+00 0.000000e+00 -5.706577e-03)
2026          	6.129178e-05	(0.000000e+00 0.000000e+00 -5.706577e-03)
2027          	6.129969e-05	(0.000000e+00 0.000000e+00 -5.706577e-03)
2028          	6.132830e-05	(0.000000e+00 0.000000e+00 -5.706577e-03)
2029          	6.133670e-05	(0.000000e+00 0.000000e+00 -5.706577e-03)
2030          	6.136246e-05	(0.000000e+00 0.000000e+00 -5.706577e-03)
2031          	6.136965e-05	(0.000000e+00 0.000000e+00 -5.706577e-03)
2032          	6.139126e-05	(0.000000e+00 0.000000e+00 -5.706577e-03)
2033          	6.139761e-05	(0.000000e+00 0.000000e+00 -5.706577e-03)
2034          	6.141635e-05	(0.000000e+00 0.000000e+00 -5.706577e-03)
2035          	6.142233e-05	(0.000000e+00 0.000000e+00 -5.706577e-03)
2036          	6.143823e-05	(0.000000e+00 0.000000e+00 -5.706577e-03)
2037          	6.144271e-05	(0.000000e+00 0.000000e+00 -5.706577e-03)
2038          	6.145506e-05	(0.000000e+00 0.000000e+00 -5.706577e-03)
2039          	6.145790e-05	(0.000000e+00 0.000000e+00 -5.706577e-03)
2040          	6.146727e-05	(0.000000e+00 0.000000e+00 -5.706577e-03)
2041          	6.146917e-05	(0.000000e+00 0.000000e+00 -5.706577e-03)
2042          	6.147609e-05	(0.000000e+00 0.000000e+00 -5.706577e-03)
2043          	6.147744e-05	(0.000000e+00 0.000000e+00 -5.706577e-03)
2044          	6.148254e-05	(0.000000e+00 0.000000e+00 -5.706577e-03)
2045          	6.148357e-05	(0.000000e+00 0.000000e+00 -5.706577e-03)
2046          	6.148823e-05	(0.000000e+00 0.000000e+00 -5.706577e-03)
2047          	6.148873e-05	(0.000000e+00 0.000000e+00 -5.706577e-03)
2048          	6.149282e-05	(0.000000e+00 0.000000e+00 -5.706577e-03)
2049          	6.149314e-05	(0.000000e+00 0.000000e+00 -5.706577e-03)
2050          	6.149624e-05	(0.000000e+00 0.000000e+00 -5.706577e-03)
2051          	6.149612e-05	(0.000000e+00 0.000000e+00 -5.706577e-03)
2052          	6.149803e-05	(0.000000e+00 0.000000e+00 -5.706577e-03)
2053          	6.149758e-05	(0.000000e+00 0.000000e+00 -5.706577e-03)
2054          	6.149895e-05	(0.000000e+00 0.000000e+00 -5.706577e-03)
2055          	6.149813e-05	(0.000000e+00 0.000000e+00 -5.706577e-03)
2056          	6.149798e-05	(0.000000e+00 0.000000e+00 -5.706577e-03)
2057          	6.149705e-05	(0.000000e+00 0.000000e+00 -5.706577e-03)
2058          	6.149670e-05	(0.000000e+00 0.000000e+00 -5.706577e-03)
2059          	6.149522e-05	(0.000000e+00 0.000000e+00 -5.706577e-03)
2060          	6.149361e-05	(0.000000e+00 0.000000e+00 -5.706577e-03)
2061          	6.149156e-05	(0.000000e+00 0.000000e+00 -5.706577e-03)
2062          	6.148897e-05	(0.000000e+00 0.000000e+00 -5.706577e-03)
2063          	6.148681e-05	(0.000000e+00 0.000000e+00 -5.706577e-03)
2064          	6.148446e-05	(0.000000e+00 0.000000e+00 -5.706577e-03)
2065          	6.148233e-05	(0.000000e+00 0.000000e+00 -5.706577e-03)
2066          	6.148027e-05	(0.000000e+00 0.000000e+00 -5.706577e-03)
2067          	6.147841e-05	(0.000000e+00 0.000000e+00 -5.706577e-03)
2068          	6.147599e-05	(0.000000e+00 0.000000e+00 -5.706577e-03)
2069          	6.147389e-05	(0.000000e+00 0.000000e+00 -5.706577e-03)
2070          	6.147105e-05	(0.000000e+00 0.000000e+00 -5.706577e-03)
2071          	6.146897e-05	(0.000000e+00 0.000000e+00 -5.706577e-03)
2072          	6.146760e-05	(0.000000e+00 0.000000e+00 -5.706577e-03)
2073          	6.146580e-05	(0.000000e+00 0.000000e+00 -5.706577e-03)
2074          	6.146557e-05	(0.000000e+00 0.000000e+00 -5.706577e-03)
2075          	6.146429e-05	(0.000000e+00 0.000000e+00 -5.706577e-03)
2076          	6.146458e-05	(0.000000e+00 0.000000e+00 -5.706577e-03)
2077          	6.146347e-05	(0.000000e+00 0.000000e+00 -5.706577e-03)
2078          	6.146343e-05	(0.000000e+00 0.000000e+00 -5.706577e-03)
2079          	6.146243e-05	(0.000000e+00 0.000000e+00 -5.706577e-03)
2080          	6.146164e-05	(0.000000e+00 0.000000e+00 -5.706577e-03)
2081          	6.146049e-05	(0.000000e+00 0.000000e+00 -5.706577e-03)
2082          	6.146267e-05	(0.000000e+00 0.000000e+00 -5.706577e-03)
2083          	6.146280e-05	(0.000000e+00 0.000000e+00 -5.706577e-03)
2084          	6.146460e-05	(0.000000e+00 0.000000e+00 -5.706577e-03)
2085          	6.146452e-05	(0.000000e+00 0.000000e+00 -5.706577e-03)
2086          	6.146585e-05	(0.000000e+00 0.000000e+00 -5.706577e-03)
2087          	6.146535e-05	(0.000000e+00 0.000000e+00 -5.706577e-03)
2088          	6.146582e-05	(0.000000e+00 0.000000e+00 -5.706577e-03)
2089          	6.146492e-05	(0.000000e+00 0.000000e+00 -5.706577e-03)
2090          	6.146472e-05	(0.000000e+00 0.000000e+00 -5.706577e-03)
2091          	6.146389e-05	(0.000000e+00 0.000000e+00 -5.706577e-03)
2092          	6.146371e-05	(0.000000e+00 0.000000e+00 -5.706577e-03)
2093          	6.143994e-05	(0.000000e+00 0.000000e+00 -5.706577e-03)
2094          	6.139064e-05	(0.000000e+00 0.000000e+00 -5.706577e-03)
2095          	6.138940e-05	(0.000000e+00 0.000000e+00 -5.706577e-03)
2096          	6.138705e-05	(0.000000e+00 0.000000e+00 -5.706577e-03)
2097          	6.138636e-05	(0.000000e+00 0.000000e+00 -5.706577e-03)
2098          	6.138523e-05	(0.000000e+00 0.000000e+00 -5.706577e-03)
2099          	6.138474e-05	(0.000000e+00 0.000000e+00 -5.706577e-03)
2100          	6.138431e-05	(0.000000e+00 0.000000e+00 -5.706577e-03)
2101          	6.138405e-05	(0.000000e+00 0.000000e+00 -5.706577e-03)
2102          	6.138310e-05	(0.000000e+00 0.000000e+00 -5.706577e-03)
2103          	6.138288e-05	(0.000000e+00 0.000000e+00 -5.706577e-03)
2104          	6.138173e-05	(0.000000e+00 0.000000e+00 -5.706577e-03)
2105          	6.138158e-05	(0.000000e+00 0.000000e+00 -5.706577e-03)
2106          	6.132961e-05	(0.000000e+00 0.000000e+00 -5.706577e-03)
2107          	6.132903e-05	(0.000000e+00 0.000000e+00 -5.706577e-03)
2108          	6.132623e-05	(0.000000e+00 0.000000e+00 -5.706577e-03)
2109          	6.132587e-05	(0.000000e+00 0.000000e+00 -5.706577e-03)
2110          	6.132249e-05	(0.000000e+00 0.000000e+00 -5.706577e-03)
2111          	6.132206e-05	(0.000000e+00 0.000000e+00 -5.706577e-03)
2112          	6.131704e-05	(0.000000e+00 0.000000e+00 -5.706577e-03)
2113          	6.131613e-05	(0.000000e+00 0.000000e+00 -5.706577e-03)
2114          	6.127944e-05	(0.000000e+00 0.000000e+00 -5.706577e-03)
2115          	6.127793e-05	(0.000000e+00 0.000000e+00 -5.706577e-03)
2116          	6.126934e-05	(0.000000e+00 0.000000e+00 -5.706577e-03)
2117          	6.126776e-05	(0.000000e+00 0.000000e+00 -5.706577e-03)
2118          	6.126276e-05	(0.000000e+00 0.000000e+00 -5.706577e-03)
2119          	6.126140e-05	(0.000000e+00 0.000000e+00 -5.706577e-03)
2120          	6.125393e-05	(0.000000e+00 0.000000e+00 -5.706577e-03)
2121          	6.125236e-05	(0.000000e+00 0.000000e+00 -5.706577e-03)
2122          	6.124510e-05	(0.000000e+00 0.000000e+00 -5.706577e-03)
2123          	6.124408e-05	(0.000000e+00 0.000000e+00 -5.706577e-03)
2124          	6.123656e-05	(0.000000e+00 0.000000e+00 -5.706577e-03)
2125          	6.123532e-05	(0.000000e+00 0.000000e+00 -5.706577e-03)
2126          	6.122850e-05	(0.000000e+00 0.000000e+00 -5.706577e-03)
2127          	6.122619e-05	(0.000000e+00 0.000000e+00 -5.706577e-03)
2128          	6.122069e-05	(0.000000e+00 0.000000e+00 -5.706577e-03)
2129          	6.121851e-05	(0.000000e+00 0.000000e+00 -5.706577e-03)
2130          	6.121453e-05	(0.000000e+00 0.000000e+00 -5.706577e-03)
2131          	6.121319e-05	(0.000000e+00 0.000000e+00 -5.706577e-03)
2132          	6.120990e-05	(0.000000e+00 0.000000e+00 -5.706577e-03)
2133          	6.120889e-05	(0.000000e+00 0.000000e+00 -5.706577e-03)
2134          	6.120631e-05	(0.000000e+00 0.000000e+00 -5.706577e-03)
2135          	6.120586e-05	(0.000000e+00 0.000000e+00 -5.706577e-03)
2136          	6.120442e-05	(0.000000e+00 0.000000e+00 -5.706577e-03)
2137          	6.120445e-05	(0.000000e+00 0.000000e+00 -5.706577e-03)
2138          	6.120376e-05	(0.000000e+00 0.000000e+00 -5.706577e-03)
2139          	6.120393e-05	(0.000000e+00 0.000000e+00 -5.706577e-03)
2140          	6.120368e-05	(0.000000e+00 0.000000e+00 -5.706577e-03)
2141          	6.120410e-05	(0.000000e+00 0.000000e+00 -5.706577e-03)
2142          	6.120475e-05	(0.000000e+00 0.000000e+00 -5.706577e-03)
2143          	6.120544e-05	(0.000000e+00 0.000000e+00 -5.706577e-03)
2144          	6.120689e-05	(0.000000e+00 0.000000e+00 -5.706577e-03)
2145          	6.121348e-05	(0.000000e+00 0.000000e+00 -5.706577e-03)
2146          	6.121639e-05	(0.000000e+00 0.000000e+00 -5.706577e-03)
2147          	6.122265e-05	(0.000000e+00 0.000000e+00 -5.706577e-03)
2148          	6.124367e-05	(0.000000e+00 0.000000e+00 -5.706577e-03)
2149          	6.124980e-05	(0.000000e+00 0.000000e+00 -5.706577e-03)
2150          	6.125642e-05	(0.000000e+00 0.000000e+00 -5.706577e-03)
2151          	6.126192e-05	(0.000000e+00 0.000000e+00 -5.706577e-03)
2152          	6.126951e-05	(0.000000e+00 0.000000e+00 -5.706577e-03)
2153          	6.127564e-05	(0.000000e+00 0.000000e+00 -5.706577e-03)
2154          	6.128486e-05	(0.000000e+00 0.000000e+00 -5.706577e-03)
2155          	6.129126e-05	(0.000000e+00 0.000000e+00 -5.706577e-03)
2156          	6.130098e-05	(0.000000e+00 0.000000e+00 -5.706577e-03)
2157          	6.130735e-05	(0.000000e+00 0.000000e+00 -5.706577e-03)
2158          	6.131873e-05	(0.000000e+00 0.000000e+00 -5.706577e-03)
2159          	6.132581e-05	(0.000000e+00 0.000000e+00 -5.706577e-03)
2160          	6.134009e-05	(0.000000e+00 0.000000e+00 -5.706577e-03)
2161          	6.134694e-05	(0.000000e+00 0.000000e+00 -5.706577e-03)
2162          	6.137058e-05	(0.000000e+00 0.000000e+00 -5.706577e-03)
2163          	6.137807e-05	(0.000000e+00 0.000000e+00 -5.706577e-03)
2164          	6.139103e-05	(0.000000e+00 0.000000e+00 -5.706577e-03)
2165          	6.139806e-05	(0.000000e+00 0.000000e+00 -5.706577e-03)
2166          	6.141108e-05	(0.000000e+00 0.000000e+00 -5.706577e-03)
2167          	6.141889e-05	(0.000000e+00 0.000000e+00 -5.706577e-03)
2168          	6.143359e-05	(0.000000e+00 0.000000e+00 -5.706577e-03)
2169          	6.144188e-05	(0.000000e+00 0.000000e+00 -5.706577e-03)
2170          	6.145671e-05	(0.000000e+00 0.000000e+00 -5.706577e-03)
2171          	6.146508e-05	(0.000000e+00 0.000000e+00 -5.706577e-03)
2172          	6.148181e-05	(0.000000e+00 0.000000e+00 -5.706577e-03)
2173          	6.148701e-05	(0.000000e+00 0.000000e+00 -5.706577e-03)
2174          	6.150335e-05	(0.000000e+00 0.000000e+00 -5.706577e-03)
2175          	6.150815e-05	(0.000000e+00 0.000000e+00 -5.706577e-03)
2176          	6.152473e-05	(0.000000e+00 0.000000e+00 -5.706577e-03)
2177          	6.153002e-05	(0.000000e+00 0.000000e+00 -5.706577e-03)
2178          	6.154559e-05	(0.000000e+00 0.000000e+00 -5.706577e-03)
2179          	6.155071e-05	(0.000000e+00 0.000000e+00 -5.706577e-03)
2180          	6.156718e-05	(0.000000e+00 0.000000e+00 -5.706577e-03)
2181          	6.158001e-05	(0.000000e+00 0.000000e+00 -5.706577e-03)
2182          	6.159405e-05	(0.000000e+00 0.000000e+00 -5.706577e-03)
2183          	6.159810e-05	(0.000000e+00 0.000000e+00 -5.706577e-03)
2184          	6.161078e-05	(0.000000e+00 0.000000e+00 -5.706577e-03)
2185          	6.161484e-05	(0.000000e+00 0.000000e+00 -5.706577e-03)
2186          	6.162820e-05	(0.000000e+00 0.000000e+00 -5.706577e-03)
2187          	6.163240e-05	(0.000000e+00 0.000000e+00 -5.706577e-03)
2188          	6.164577e-05	(0.000000e+00 0.000000e+00 -5.706577e-03)
2189          	6.164965e-05	(0.000000e+00 0.000000e+00 -5.706577e-03)
2190          	6.166284e-05	(0.000000e+00 0.000000e+00 -5.706577e-03)
2191          	6.166637e-05	(0.000000e+00 0.000000e+00 -5.706577e-03)
2192          	6.167715e-05	(0.000000e+00 0.000000e+00 -5.706577e-03)
2193          	6.168010e-05	(0.000000e+00 0.000000e+00 -5.706577e-03)
2194          	6.169121e-05	(0.000000e+00 0.000000e+00 -5.706577e-03)
2195          	6.169454e-05	(0.000000e+00 0.000000e+00 -5.706577e-03)
2196          	6.170329e-05	(0.000000e+00 0.000000e+00 -5.706577e-03)
2197          	6.170592e-05	(0.000000e+00 0.000000e+00 -5.706577e-03)
2198          	6.171234e-05	(0.000000e+00 0.000000e+00 -5.706577e-03)
2199          	6.171479e-05	(0.000000e+00 0.000000e+00 -5.706577e-03)
2200          	6.171889e-05	(0.000000e+00 0.000000e+00 -5.706577e-03)
2201          	6.172063e-05	(0.000000e+00 0.000000e+00 -5.706577e-03)
2202          	6.172300e-05	(0.000000e+00 0.000000e+00 -5.706577e-03)
2203          	6.172449e-05	(0.000000e+00 0.000000e+00 -5.706577e-03)
2204          	6.172487e-05	(0.000000e+00 0.000000e+00 -5.706577e-03)
2205          	6.173565e-05	(0.000000e+00 0.000000e+00 -5.706577e-03)
2206          	6.175455e-05	(0.000000e+00 0.000000e+00 -5.706577e-03)
2207          	6.176051e-05	(0.000000e+00 0.000000e+00 -5.706577e-03)
2208          	6.175239e-05	(0.000000e+00 0.000000e+00 -5.706577e-03)
2209          	6.174982e-05	(0.000000e+00 0.000000e+00 -5.706577e-03)
2210          	6.173953e-05	(0.000000e+00 0.000000e+00 -5.706577e-03)
2211          	6.173673e-05	(0.000000e+00 0.000000e+00 -5.706577e-03)
2212          	6.172513e-05	(0.000000e+00 0.000000e+00 -5.706577e-03)
2213          	6.172106e-05	(0.000000e+00 0.000000e+00 -5.706577e-03)
2214          	6.170417e-05	(0.000000e+00 0.000000e+00 -5.706577e-03)
2215          	6.169932e-05	(0.000000e+00 0.000000e+00 -5.706577e-03)
2216          	6.168172e-05	(0.000000e+00 0.000000e+00 -5.706577e-03)
2217          	6.167597e-05	(0.000000e+00 0.000000e+00 -5.706577e-03)
2218          	6.165008e-05	(0.000000e+00 0.000000e+00 -5.706577e-03)
2219          	6.165543e-05	(0.000000e+00 0.000000e+00 -5.706577e-03)
2220          	6.162665e-05	(0.000000e+00 0.000000e+00 -5.706577e-03)
2221          	6.162897e-05	(0.000000e+00 0.000000e+00 -5.706577e-03)
2222          	6.160292e-05	(0.000000e+00 0.000000e+00 -5.706577e-03)
2223          	6.160359e-05	(0.000000e+00 0.000000e+00 -5.706577e-03)
2224          	6.157140e-05	(0.000000e+00 0.000000e+00 -5.706577e-03)
2225          	6.156203e-05	(0.000000e+00 0.000000e+00 -5.706577e-03)
2226          	6.153595e-05	(0.000000e+00 0.000000e+00 -5.706577e-03)
2227          	6.152742e-05	(0.000000e+00 0.000000e+00 -5.706577e-03)
2228          	6.149270e-05	(0.000000e+00 0.000000e+00 -5.706577e-03)
2229          	6.148269e-05	(0.000000e+00 0.000000e+00 -5.706577e-03)
2230          	6.144937e-05	(0.000000e+00 0.000000e+00 -5.706577e-03)
2231          	6.144150e-05	(0.000000e+00 0.000000e+00 -5.706577e-03)
2232          	6.141072e-05	(0.000000e+00 0.000000e+00 -5.706577e-03)
2233          	6.140065e-05	(0.000000e+00 0.000000e+00 -5.706577e-03)
2234          	6.136626e-05	(0.000000e+00 0.000000e+00 -5.706577e-03)
2235          	6.135749e-05	(0.000000e+00 0.000000e+00 -5.706577e-03)
2236          	6.132661e-05	(0.000000e+00 0.000000e+00 -5.706577e-03)
2237          	6.131860e-05	(0.000000e+00 0.000000e+00 -5.706577e-03)
2238          	6.128841e-05	(0.000000e+00 0.000000e+00 -5.706577e-03)
2239          	6.128069e-05	(0.000000e+00 0.000000e+00 -5.706577e-03)
2240          	6.125249e-05	(0.000000e+00 0.000000e+00 -5.706577e-03)
2241          	6.124523e-05	(0.000000e+00 0.000000e+00 -5.706577e-03)
2242          	6.121800e-05	(0.000000e+00 0.000000e+00 -5.706577e-03)
2243          	6.121126e-05	(0.000000e+00 0.000000e+00 -5.706577e-03)
2244          	6.118890e-05	(0.000000e+00 0.000000e+00 -5.706577e-03)
2245          	6.118284e-05	(0.000000e+00 0.000000e+00 -5.706577e-03)
2246          	6.116199e-05	(0.000000e+00 0.000000e+00 -5.706577e-03)
2247          	6.115751e-05	(0.000000e+00 0.000000e+00 -5.706577e-03)
2248          	6.114194e-05	(0.000000e+00 0.000000e+00 -5.706577e-03)
2249          	6.113929e-05	(0.000000e+00 0.000000e+00 -5.706577e-03)
2250          	6.113031e-05	(0.000000e+00 0.000000e+00 -5.706577e-03)
2251          	6.112833e-05	(0.000000e+00 0.000000e+00 -5.706577e-03)
2252          	6.112043e-05	(0.000000e+00 0.000000e+00 -5.706577e-03)
2253          	6.111906e-05	(0.000000e+00 0.000000e+00 -5.706577e-03)
2254          	6.111481e-05	(0.000000e+00 0.000000e+00 -5.706577e-03)
2255          	6.111342e-05	(0.000000e+00 0.000000e+00 -5.706577e-03)
2256          	6.111384e-05	(0.000000e+00 0.000000e+00 -5.706577e-03)
2257          	6.111305e-05	(0.000000e+00 0.000000e+00 -5.706577e-03)
2258          	6.111600e-05	(0.000000e+00 0.000000e+00 -5.706577e-03)
2259          	6.111628e-05	(0.000000e+00 0.000000e+00 -5.706577e-03)
2260          	6.112628e-05	(0.000000e+00 0.000000e+00 -5.706577e-03)
2261          	6.112843e-05	(0.000000e+00 0.000000e+00 -5.706577e-03)
2262          	6.114208e-05	(0.000000e+00 0.000000e+00 -5.706577e-03)
2263          	6.114614e-05	(0.000000e+00 0.000000e+00 -5.706577e-03)
2264          	6.116435e-05	(0.000000e+00 0.000000e+00 -5.706577e-03)
2265          	6.116898e-05	(0.000000e+00 0.000000e+00 -5.706577e-03)
2266          	6.118763e-05	(0.000000e+00 0.000000e+00 -5.706577e-03)
2267          	6.119281e-05	(0.000000e+00 0.000000e+00 -5.706577e-03)
2268          	6.121181e-05	(0.000000e+00 0.000000e+00 -5.706577e-03)
2269          	6.121789e-05	(0.000000e+00 0.000000e+00 -5.706577e-03)
2270          	6.123755e-05	(0.000000e+00 0.000000e+00 -5.706577e-03)
2271          	6.122998e-05	(0.000000e+00 0.000000e+00 -5.706577e-03)
2272          	6.124850e-05	(0.000000e+00 0.000000e+00 -5.706577e-03)
2273          	6.124163e-05	(0.000000e+00 0.000000e+00 -5.706577e-03)
2274          	6.126006e-05	(0.000000e+00 0.000000e+00 -5.706577e-03)
2275          	6.125458e-05	(0.000000e+00 0.000000e+00 -5.706577e-03)
2276          	6.126972e-05	(0.000000e+00 0.000000e+00 -5.706577e-03)
2277          	6.127410e-05	(0.000000e+00 0.000000e+00 -5.706577e-03)
2278          	6.128849e-05	(0.000000e+00 0.000000e+00 -5.706577e-03)
2279          	6.129217e-05	(0.000000e+00 0.000000e+00 -5.706577e-03)
2280          	6.130515e-05	(0.000000e+00 0.000000e+00 -5.706577e-03)
2281          	6.130867e-05	(0.000000e+00 0.000000e+00 -5.706577e-03)
2282          	6.132089e-05	(0.000000e+00 0.000000e+00 -5.706577e-03)
2283          	6.132316e-05	(0.000000e+00 0.000000e+00 -5.706577e-03)
2284          	6.133257e-05	(0.000000e+00 0.000000e+00 -5.706577e-03)
2285          	6.133424e-05	(0.000000e+00 0.000000e+00 -5.706577e-03)
2286          	6.134196e-05	(0.000000e+00 0.000000e+00 -5.706577e-03)
2287          	6.134303e-05	(0.000000e+00 0.000000e+00 -5.706577e-03)
2288          	6.134801e-05	(0.000000e+00 0.000000e+00 -5.706577e-03)
2289          	6.134780e-05	(0.000000e+00 0.000000e+00 -5.706577e-03)
2290          	6.134952e-05	(0.000000e+00 0.000000e+00 -5.706577e-03)
2291          	6.134901e-05	(0.000000e+00 0.000000e+00 -5.706577e-03)
2292          	6.134973e-05	(0.000000e+00 0.000000e+00 -5.706577e-03)
2293          	6.134910e-05	(0.000000e+00 0.000000e+00 -5.706577e-03)
2294          	6.134945e-05	(0.000000e+00 0.000000e+00 -5.706577e-03)
2295          	6.134856e-05	(0.000000e+00 0.000000e+00 -5.706577e-03)
2296          	6.134837e-05	(0.000000e+00 0.000000e+00 -5.706577e-03)
2297          	6.134736e-05	(0.000000e+00 0.000000e+00 -5.706577e-03)
2298          	6.134586e-05	(0.000000e+00 0.000000e+00 -5.706577e-03)
2299          	6.134451e-05	(0.000000e+00 0.000000e+00 -5.706577e-03)
2300          	6.134099e-05	(0.000000e+00 0.000000e+00 -5.706577e-03)
2301          	6.133935e-05	(0.000000e+00 0.000000e+00 -5.706577e-03)
2302          	6.133393e-05	(0.000000e+00 0.000000e+00 -5.706577e-03)
2303          	6.133228e-05	(0.000000e+00 0.000000e+00 -5.706577e-03)
2304          	6.132672e-05	(0.000000e+00 0.000000e+00 -5.706577e-03)
2305          	6.132532e-05	(0.000000e+00 0.000000e+00 -5.706577e-03)
2306          	6.132143e-05	(0.000000e+00 0.000000e+00 -5.706577e-03)
2307          	6.131987e-05	(0.000000e+00 0.000000e+00 -5.706577e-03)
2308          	6.131722e-05	(0.000000e+00 0.000000e+00 -5.706577e-03)
2309          	6.131674e-05	(0.000000e+00 0.000000e+00 -5.706577e-03)
2310          	6.131558e-05	(0.000000e+00 0.000000e+00 -5.706577e-03)
2311          	6.131526e-05	(0.000000e+00 0.000000e+00 -5.706577e-03)
2312          	6.131371e-05	(0.000000e+00 0.000000e+00 -5.706577e-03)
2313          	6.131324e-05	(0.000000e+00 0.000000e+00 -5.706577e-03)
2314          	6.131235e-05	(0.000000e+00 0.000000e+00 -5.706577e-03)
2315          	6.131418e-05	(0.000000e+00 0.000000e+00 -5.706577e-03)
2316          	6.131818e-05	(0.000000e+00 0.000000e+00 -5.706577e-03)
2317          	6.132010e-05	(0.000000e+00 0.000000e+00 -5.706577e-03)
2318          	6.133000e-05	(0.000000e+00 0.000000e+00 -5.706577e-03)
2319          	6.135326e-05	(0.000000e+00 0.000000e+00 -5.706577e-03)
2320          	6.136727e-05	(0.000000e+00 0.000000e+00 -5.706577e-03)
2321          	6.137380e-05	(0.000000e+00 0.000000e+00 -5.706577e-03)
2322          	6.139936e-05	(0.000000e+00 0.000000e+00 -5.706577e-03)
2323          	6.144652e-05	(0.000000e+00 0.000000e+00 -5.706577e-03)
2324          	6.159416e-05	(0.000000e+00 0.000000e+00 -5.706577e-03)
2325          	6.162091e-05	(0.000000e+00 0.000000e+00 -5.706577e-03)
2326          	6.165847e-05	(0.000000e+00 0.000000e+00 -5.706577e-03)
2327          	6.166902e-05	(0.000000e+00 0.000000e+00 -5.706577e-03)
2328          	6.170357e-05	(0.000000e+00 0.000000e+00 -5.706577e-03)
2329          	6.172023e-05	(0.000000e+00 0.000000e+00 -5.706577e-03)
2330          	6.175917e-05	(0.000000e+00 0.000000e+00 -5.706577e-03)
2331          	6.176841e-05	(0.000000e+00 0.000000e+00 -5.706577e-03)
2332          	6.178668e-05	(0.000000e+00 0.000000e+00 -5.706577e-03)
2333          	6.179196e-05	(0.000000e+00 0.000000e+00 -5.706577e-03)
2334          	6.180564e-05	(0.000000e+00 0.000000e+00 -5.706577e-03)
2335          	6.181030e-05	(0.000000e+00 0.000000e+00 -5.706577e-03)
2336          	6.182383e-05	(0.000000e+00 0.000000e+00 -5.706577e-03)
2337          	6.182858e-05	(0.000000e+00 0.000000e+00 -5.706577e-03)
2338          	6.183754e-05	(0.000000e+00 0.000000e+00 -5.706577e-03)
2339          	6.183992e-05	(0.000000e+00 0.000000e+00 -5.706577e-03)
2340          	6.184994e-05	(0.000000e+00 0.000000e+00 -5.706577e-03)
2341          	6.185256e-05	(0.000000e+00 0.000000e+00 -5.706577e-03)
2342          	6.185761e-05	(0.000000e+00 0.000000e+00 -5.706577e-03)
2343          	6.185919e-05	(0.000000e+00 0.000000e+00 -5.706577e-03)
2344          	6.186369e-05	(0.000000e+00 0.000000e+00 -5.706577e-03)
2345          	6.186494e-05	(0.000000e+00 0.000000e+00 -5.706577e-03)
2346          	6.186664e-05	(0.000000e+00 0.000000e+00 -5.706577e-03)
2347          	6.186535e-05	(0.000000e+00 0.000000e+00 -5.706577e-03)
2348          	6.186485e-05	(0.000000e+00 0.000000e+00 -5.706577e-03)
2349          	6.186313e-05	(0.000000e+00 0.000000e+00 -5.706577e-03)
2350          	6.185784e-05	(0.000000e+00 0.000000e+00 -5.706577e-03)
2351          	6.185531e-05	(0.000000e+00 0.000000e+00 -5.706577e-03)
2352          	6.184940e-05	(0.000000e+00 0.000000e+00 -5.706577e-03)
2353          	6.184664e-05	(0.000000e+00 0.000000e+00 -5.706577e-03)
2354          	6.184155e-05	(0.000000e+00 0.000000e+00 -5.706577e-03)
2355          	6.183899e-05	(0.000000e+00 0.000000e+00 -5.706577e-03)
2356          	6.182998e-05	(0.000000e+00 0.000000e+00 -5.706577e-03)
2357          	6.182686e-05	(0.000000e+00 0.000000e+00 -5.706577e-03)
2358          	6.181935e-05	(0.000000e+00 0.000000e+00 -5.706577e-03)
2359          	6.181572e-05	(0.000000e+00 0.000000e+00 -5.706577e-03)
2360          	6.180952e-05	(0.000000e+00 0.000000e+00 -5.706577e-03)
2361          	6.180589e-05	(0.000000e+00 0.000000e+00 -5.706577e-03)
2362          	6.180012e-05	(0.000000e+00 0.000000e+00 -5.706577e-03)
2363          	6.179643e-05	(0.000000e+00 0.000000e+00 -5.706577e-03)
2364          	6.179094e-05	(0.000000e+00 0.000000e+00 -5.706577e-03)
2365          	6.178767e-05	(0.000000e+00 0.000000e+00 -5.706577e-03)
2366          	6.178059e-05	(0.000000e+00 0.000000e+00 -5.706577e-03)
2367          	6.177658e-05	(0.000000e+00 0.000000e+00 -5.706577e-03)
2368          	6.177131e-05	(0.000000e+00 0.000000e+00 -5.706577e-03)
2369          	6.176867e-05	(0.000000e+00 0.000000e+00 -5.706577e-03)
2370          	6.176366e-05	(0.000000e+00 0.000000e+00 -5.706577e-03)
2371          	6.175982e-05	(0.000000e+00 0.000000e+00 -5.706577e-03)
2372          	6.175187e-05	(0.000000e+00 0.000000e+00 -5.706577e-03)
2373          	6.174782e-05	(0.000000e+00 0.000000e+00 -5.706577e-03)
2374          	6.174024e-05	(0.000000e+00 0.000000e+00 -5.706577e-03)
2375          	6.173730e-05	(0.000000e+00 0.000000e+00 -5.706577e-03)
2376          	6.173362e-05	(0.000000e+00 0.000000e+00 -5.706577e-03)
2377          	6.173124e-05	(0.000000e+00 0.000000e+00 -5.706577e-03)
2378          	6.172822e-05	(0.000000e+00 0.000000e+00 -5.706577e-03)
2379          	6.172602e-05	(0.000000e+00 0.000000e+00 -5.706577e-03)
2380          	6.172459e-05	(0.000000e+00 0.000000e+00 -5.706577e-03)
2381          	6.172268e-05	(0.000000e+00 0.000000e+00 -5.706577e-03)
2382          	6.172090e-05	(0.000000e+00 0.000000e+00 -5.706577e-03)
2383          	6.171888e-05	(0.000000e+00 0.000000e+00 -5.706577e-03)
2384          	6.171927e-05	(0.000000e+00 0.000000e+00 -5.706577e-03)
2385          	6.171909e-05	(0.000000e+00 0.000000e+00 -5.706577e-03)
2386          	6.172241e-05	(0.000000e+00 0.000000e+00 -5.706577e-03)
2387          	6.172233e-05	(0.000000e+00 0.000000e+00 -5.706577e-03)
2388          	6.172605e-05	(0.000000e+00 0.000000e+00 -5.706577e-03)
2389          	6.172661e-05	(0.000000e+00 0.000000e+00 -5.706577e-03)
2390          	6.173147e-05	(0.000000e+00 0.000000e+00 -5.706577e-03)
2391          	6.173276e-05	(0.000000e+00 0.000000e+00 -5.706577e-03)
2392          	6.173783e-05	(0.000000e+00 0.000000e+00 -5.706577e-03)
2393          	6.173885e-05	(0.000000e+00 0.000000e+00 -5.706577e-03)
2394          	6.174267e-05	(0.000000e+00 0.000000e+00 -5.706577e-03)
2395          	6.174385e-05	(0.000000e+00 0.000000e+00 -5.706577e-03)
2396          	6.174941e-05	(0.000000e+00 0.000000e+00 -5.706577e-03)
2397          	6.175099e-05	(0.000000e+00 0.000000e+00 -5.706577e-03)
2398          	6.175891e-05	(0.000000e+00 0.000000e+00 -5.706577e-03)
2399          	6.176117e-05	(0.000000e+00 0.000000e+00 -5.706577e-03)
2400          	6.177029e-05	(0.000000e+00 0.000000e+00 -5.706577e-03)
2401          	6.177204e-05	(0.000000e+00 0.000000e+00 -5.706577e-03)
2402          	6.177912e-05	(0.000000e+00 0.000000e+00 -5.706577e-03)
2403          	6.178192e-05	(0.000000e+00 0.000000e+00 -5.706577e-03)
2404          	6.178948e-05	(0.000000e+00 0.000000e+00 -5.706577e-03)
2405          	6.179226e-05	(0.000000e+00 0.000000e+00 -5.706577e-03)
2406          	6.179785e-05	(0.000000e+00 0.000000e+00 -5.706577e-03)
2407          	6.180031e-05	(0.000000e+00 0.000000e+00 -5.706577e-03)
2408          	6.180705e-05	(0.000000e+00 0.000000e+00 -5.706577e-03)
2409          	6.180931e-05	(0.000000e+00 0.000000e+00 -5.706577e-03)
2410          	6.181526e-05	(0.000000e+00 0.000000e+00 -5.706577e-03)
2411          	6.181811e-05	(0.000000e+00 0.000000e+00 -5.706577e-03)
2412          	6.182312e-05	(0.000000e+00 0.000000e+00 -5.706577e-03)
2413          	6.182577e-05	(0.000000e+00 0.000000e+00 -5.706577e-03)
2414          	6.183047e-05	(0.000000e+00 0.000000e+00 -5.706577e-03)
2415          	6.183310e-05	(0.000000e+00 0.000000e+00 -5.706577e-03)
2416          	6.183633e-05	(0.000000e+00 0.000000e+00 -5.706577e-03)
2417          	6.183850e-05	(0.000000e+00 0.000000e+00 -5.706577e-03)
2418          	6.184294e-05	(0.000000e+00 0.000000e+00 -5.706577e-03)
2419          	6.184498e-05	(0.000000e+00 0.000000e+00 -5.706577e-03)
2420          	6.184963e-05	(0.000000e+00 0.000000e+00 -5.706577e-03)
2421          	6.185232e-05	(0.000000e+00 0.000000e+00 -5.706577e-03)
2422          	6.185701e-05	(0.000000e+00 0.000000e+00 -5.706577e-03)
2423          	6.185934e-05	(0.000000e+00 0.000000e+00 -5.706577e-03)
2424          	6.186344e-05	(0.000000e+00 0.000000e+00 -5.706577e-03)
2425          	6.186549e-05	(0.000000e+00 0.000000e+00 -5.706577e-03)
2426          	6.187061e-05	(0.000000e+00 0.000000e+00 -5.706577e-03)
2427          	6.187239e-05	(0.000000e+00 0.000000e+00 -5.706577e-03)
2428          	6.187496e-05	(0.000000e+00 0.000000e+00 -5.706577e-03)
2429          	6.187617e-05	(0.000000e+00 0.000000e+00 -5.706577e-03)
2430          	6.187654e-05	(0.000000e+00 0.000000e+00 -5.706577e-03)
2431          	6.187660e-05	(0.000000e+00 0.000000e+00 -5.706577e-03)
2432          	6.187587e-05	(0.000000e+00 0.000000e+00 -5.706577e-03)
2433          	6.187552e-05	(0.000000e+00 0.000000e+00 -5.706577e-03)
2434          	6.187430e-05	(0.000000e+00 0.000000e+00 -5.706577e-03)
2435          	6.187356e-05	(0.000000e+00 0.000000e+00 -5.706577e-03)
2436          	6.187086e-05	(0.000000e+00 0.000000e+00 -5.706577e-03)
2437          	6.186960e-05	(0.000000e+00 0.000000e+00 -5.706577e-03)
2438          	6.186452e-05	(0.000000e+00 0.000000e+00 -5.706577e-03)
2439          	6.186248e-05	(0.000000e+00 0.000000e+00 -5.706577e-03)
2440          	6.185577e-05	(0.000000e+00 0.000000e+00 -5.706577e-03)
2441          	6.185298e-05	(0.000000e+00 0.000000e+00 -5.706577e-03)
2442          	6.184574e-05	(0.000000e+00 0.000000e+00 -5.706577e-03)
2443          	6.184276e-05	(0.000000e+00 0.000000e+00 -5.706577e-03)
2444          	6.183438e-05	(0.000000e+00 0.000000e+00 -5.706577e-03)
2445          	6.183142e-05	(0.000000e+00 0.000000e+00 -5.706577e-03)
2446          	6.182220e-05	(0.000000e+00 0.000000e+00 -5.706577e-03)
2447          	6.181905e-05	(0.000000e+00 0.000000e+00 -5.706577e-03)
2448          	6.180935e-05	(0.000000e+00 0.000000e+00 -5.706577e-03)
2449          	6.180665e-05	(0.000000e+00 0.000000e+00 -5.706577e-03)
2450          	6.179829e-05	(0.000000e+00 0.000000e+00 -5.706577e-03)
2451          	6.179570e-05	(0.000000e+00 0.000000e+00 -5.706577e-03)
2452          	6.178650e-05	(0.000000e+00 0.000000e+00 -5.706577e-03)
2453          	6.178362e-05	(0.000000e+00 0.000000e+00 -5.706577e-03)
2454          	6.177483e-05	(0.000000e+00 0.000000e+00 -5.706577e-03)
2455          	6.177280e-05	(0.000000e+00 0.000000e+00 -5.706577e-03)
2456          	6.176619e-05	(0.000000e+00 0.000000e+00 -5.706577e-03)
2457          	6.176425e-05	(0.000000e+00 0.000000e+00 -5.706577e-03)
2458          	6.175827e-05	(0.000000e+00 0.000000e+00 -5.706577e-03)
2459          	6.175666e-05	(0.000000e+00 0.000000e+00 -5.706577e-03)
2460          	6.175327e-05	(0.000000e+00 0.000000e+00 -5.706577e-03)
2461          	6.175282e-05	(0.000000e+00 0.000000e+00 -5.706577e-03)
2462          	6.175123e-05	(0.000000e+00 0.000000e+00 -5.706577e-03)
2463          	6.175105e-05	(0.000000e+00 0.000000e+00 -5.706577e-03)
2464          	6.175116e-05	(0.000000e+00 0.000000e+00 -5.706577e-03)
2465          	6.175168e-05	(0.000000e+00 0.000000e+00 -5.706577e-03)
2466          	6.175254e-05	(0.000000e+00 0.000000e+00 -5.706577e-03)
2467          	6.175317e-05	(0.000000e+00 0.000000e+00 -5.706577e-03)
2468          	6.175423e-05	(0.000000e+00 0.000000e+00 -5.706577e-03)
2469          	6.175504e-05	(0.000000e+00 0.000000e+00 -5.706577e-03)
2470          	6.175826e-05	(0.000000e+00 0.000000e+00 -5.706577e-03)
2471          	6.175933e-05	(0.000000e+00 0.000000e+00 -5.706577e-03)
2472          	6.176337e-05	(0.000000e+00 0.000000e+00 -5.706577e-03)
2473          	6.176505e-05	(0.000000e+00 0.000000e+00 -5.706577e-03)
2474          	6.176994e-05	(0.000000e+00 0.000000e+00 -5.706577e-03)
2475          	6.177187e-05	(0.000000e+00 0.000000e+00 -5.706577e-03)
2476          	6.177586e-05	(0.000000e+00 0.000000e+00 -5.706577e-03)
2477          	6.177757e-05	(0.000000e+00 0.000000e+00 -5.706577e-03)
2478          	6.178188e-05	(0.000000e+00 0.000000e+00 -5.706577e-03)
2479          	6.178291e-05	(0.000000e+00 0.000000e+00 -5.706577e-03)
2480          	6.178590e-05	(0.000000e+00 0.000000e+00 -5.706577e-03)
2481          	6.178111e-05	(0.000000e+00 0.000000e+00 -5.706577e-03)
2482          	6.178379e-05	(0.000000e+00 0.000000e+00 -5.706577e-03)
2483          	6.178452e-05	(0.000000e+00 0.000000e+00 -5.706577e-03)
2484          	6.178768e-05	(0.000000e+00 0.000000e+00 -5.706577e-03)
2485          	6.178413e-05	(0.000000e+00 0.000000e+00 -5.706577e-03)
2486          	6.178821e-05	(0.000000e+00 0.000000e+00 -5.706577e-03)
2487          	6.178974e-05	(0.000000e+00 0.000000e+00 -5.706577e-03)
2488          	6.179291e-05	(0.000000e+00 0.000000e+00 -5.706577e-03)
2489          	6.178978e-05	(0.000000e+00 0.000000e+00 -5.706577e-03)
2490          	6.179072e-05	(0.000000e+00 0.000000e+00 -5.706577e-03)
2491          	6.179102e-05	(0.000000e+00 0.000000e+00 -5.706577e-03)
2492          	6.178998e-05	(0.000000e+00 0.000000e+00 -5.706577e-03)
2493          	6.179039e-05	(0.000000e+00 0.000000e+00 -5.706577e-03)
2494          	6.178925e-05	(0.000000e+00 0.000000e+00 -5.706577e-03)
2495          	6.178973e-05	(0.000000e+00 0.000000e+00 -5.706577e-03)
2496          	6.178839e-05	(0.000000e+00 0.000000e+00 -5.706577e-03)
2497          	6.178843e-05	(0.000000e+00 0.000000e+00 -5.706577e-03)
2498          	6.178564e-05	(0.000000e+00 0.000000e+00 -5.706577e-03)
2499          	6.178516e-05	(0.000000e+00 0.000000e+00 -5.706577e-03)
2500          	6.178194e-05	(0.000000e+00 0.000000e+00 -5.706577e-03)
2501          	6.178112e-05	(0.000000e+00 0.000000e+00 -5.706577e-03)
2502          	6.177775e-05	(0.000000e+00 0.000000e+00 -5.706577e-03)
2503          	6.177665e-05	(0.000000e+00 0.000000e+00 -5.706577e-03)
2504          	6.177338e-05	(0.000000e+00 0.000000e+00 -5.706577e-03)
2505          	6.177243e-05	(0.000000e+00 0.000000e+00 -5.706577e-03)
2506          	6.176880e-05	(0.000000e+00 0.000000e+00 -5.706577e-03)
2507          	6.176782e-05	(0.000000e+00 0.000000e+00 -5.706577e-03)
2508          	6.176198e-05	(0.000000e+00 0.000000e+00 -5.706577e-03)
2509          	6.176061e-05	(0.000000e+00 0.000000e+00 -5.706577e-03)
2510          	6.175388e-05	(0.000000e+00 0.000000e+00 -5.706577e-03)
2511          	6.175147e-05	(0.000000e+00 0.000000e+00 -5.706577e-03)
2512          	6.173915e-05	(0.000000e+00 0.000000e+00 -5.706577e-03)
2513          	6.173583e-05	(0.000000e+00 0.000000e+00 -5.706577e-03)
2514          	6.172123e-05	(0.000000e+00 0.000000e+00 -5.706577e-03)
2515          	6.171807e-05	(0.000000e+00 0.000000e+00 -5.706577e-03)
2516          	6.170270e-05	(0.000000e+00 0.000000e+00 -5.706577e-03)
2517          	6.169705e-05	(0.000000e+00 0.000000e+00 -5.706577e-03)
2518          	6.167695e-05	(0.000000e+00 0.000000e+00 -5.706577e-03)
2519          	6.167119e-05	(0.000000e+00 0.000000e+00 -5.706577e-03)
2520          	6.165590e-05	(0.000000e+00 0.000000e+00 -5.706577e-03)
2521          	6.165006e-05	(0.000000e+00 0.000000e+00 -5.706577e-03)
2522          	6.162625e-05	(0.000000e+00 0.000000e+00 -5.706577e-03)
2523          	6.162006e-05	(0.000000e+00 0.000000e+00 -5.706577e-03)
2524          	6.159859e-05	(0.000000e+00 0.000000e+00 -5.706577e-03)
2525          	6.159179e-05	(0.000000e+00 0.000000e+00 -5.706577e-03)
2526          	6.156622e-05	(0.000000e+00 0.000000e+00 -5.706577e-03)
2527          	6.155979e-05	(0.000000e+00 0.000000e+00 -5.706577e-03)
2528          	6.153479e-05	(0.000000e+00 0.000000e+00 -5.706577e-03)
2529          	6.152632e-05	(0.000000e+00 0.000000e+00 -5.706577e-03)
2530          	6.149600e-05	(0.000000e+00 0.000000e+00 -5.706577e-03)
2531          	6.148797e-05	(0.000000e+00 0.000000e+00 -5.706577e-03)
2532          	6.146111e-05	(0.000000e+00 0.000000e+00 -5.706577e-03)
2533          	6.145364e-05	(0.000000e+00 0.000000e+00 -5.706577e-03)
2534          	6.142952e-05	(0.000000e+00 0.000000e+00 -5.706577e-03)
2535          	6.142239e-05	(0.000000e+00 0.000000e+00 -5.706577e-03)
2536          	6.139603e-05	(0.000000e+00 0.000000e+00 -5.706577e-03)
2537          	6.138862e-05	(0.000000e+00 0.000000e+00 -5.706577e-03)
2538          	6.136592e-05	(0.000000e+00 0.000000e+00 -5.706577e-03)
2539          	6.135926e-05	(0.000000e+00 0.000000e+00 -5.706577e-03)
2540          	6.133265e-05	(0.000000e+00 0.000000e+00 -5.706577e-03)
2541          	6.132713e-05	(0.000000e+00 0.000000e+00 -5.706577e-03)
2542          	6.130619e-05	(0.000000e+00 0.000000e+00 -5.706577e-03)
2543          	6.130242e-05	(0.000000e+00 0.000000e+00 -5.706577e-03)
2544          	6.128457e-05	(0.000000e+00 0.000000e+00 -5.706577e-03)
2545          	6.128020e-05	(0.000000e+00 0.000000e+00 -5.706577e-03)
2546          	6.126251e-05	(0.000000e+00 0.000000e+00 -5.706577e-03)
2547          	6.125858e-05	(0.000000e+00 0.000000e+00 -5.706577e-03)
2548          	6.124602e-05	(0.000000e+00 0.000000e+00 -5.706577e-03)
2549          	6.124279e-05	(0.000000e+00 0.000000e+00 -5.706577e-03)
2550          	6.123144e-05	(0.000000e+00 0.000000e+00 -5.706577e-03)
2551          	6.122880e-05	(0.000000e+00 0.000000e+00 -5.706577e-03)
2552          	6.122095e-05	(0.000000e+00 0.000000e+00 -5.706577e-03)
2553          	6.121896e-05	(0.000000e+00 0.000000e+00 -5.706577e-03)
2554          	6.121278e-05	(0.000000e+00 0.000000e+00 -5.706577e-03)
2555          	6.121108e-05	(0.000000e+00 0.000000e+00 -5.706577e-03)
2556          	6.120832e-05	(0.000000e+00 0.000000e+00 -5.706577e-03)
2557          	6.120766e-05	(0.000000e+00 0.000000e+00 -5.706577e-03)
2558          	6.120849e-05	(0.000000e+00 0.000000e+00 -5.706577e-03)
2559          	6.120910e-05	(0.000000e+00 0.000000e+00 -5.706577e-03)
2560          	6.121343e-05	(0.000000e+00 0.000000e+00 -5.706577e-03)
2561          	6.121446e-05	(0.000000e+00 0.000000e+00 -5.706577e-03)
2562          	6.122337e-05	(0.000000e+00 0.000000e+00 -5.706577e-03)
2563          	6.122586e-05	(0.000000e+00 0.000000e+00 -5.706577e-03)
2564          	6.123596e-05	(0.000000e+00 0.000000e+00 -5.706577e-03)
2565          	6.123891e-05	(0.000000e+00 0.000000e+00 -5.706577e-03)
2566          	6.125098e-05	(0.000000e+00 0.000000e+00 -5.706577e-03)
2567          	6.125420e-05	(0.000000e+00 0.000000e+00 -5.706577e-03)
2568          	6.126783e-05	(0.000000e+00 0.000000e+00 -5.706577e-03)
2569          	6.127104e-05	(0.000000e+00 0.000000e+00 -5.706577e-03)
2570          	6.128365e-05	(0.000000e+00 0.000000e+00 -5.706577e-03)
2571          	6.128739e-05	(0.000000e+00 0.000000e+00 -5.706577e-03)
2572          	6.130188e-05	(0.000000e+00 0.000000e+00 -5.706577e-03)
2573          	6.130567e-05	(0.000000e+00 0.000000e+00 -5.706577e-03)
2574          	6.131901e-05	(0.000000e+00 0.000000e+00 -5.706577e-03)
2575          	6.132346e-05	(0.000000e+00 0.000000e+00 -5.706577e-03)
2576          	6.133959e-05	(0.000000e+00 0.000000e+00 -5.706577e-03)
2577          	6.134473e-05	(0.000000e+00 0.000000e+00 -5.706577e-03)
2578          	6.135953e-05	(0.000000e+00 0.000000e+00 -5.706577e-03)
2579          	6.136415e-05	(0.000000e+00 0.000000e+00 -5.706577e-03)
2580          	6.137696e-05	(0.000000e+00 0.000000e+00 -5.706577e-03)
2581          	6.138082e-05	(0.000000e+00 0.000000e+00 -5.706577e-03)
2582          	6.139122e-05	(0.000000e+00 0.000000e+00 -5.706577e-03)
2583          	6.139421e-05	(0.000000e+00 0.000000e+00 -5.706577e-03)
2584          	6.140313e-05	(0.000000e+00 0.000000e+00 -5.706577e-03)
2585          	6.140606e-05	(0.000000e+00 0.000000e+00 -5.706577e-03)
2586          	6.141423e-05	(0.000000e+00 0.000000e+00 -5.706577e-03)
2587          	6.141669e-05	(0.000000e+00 0.000000e+00 -5.706577e-03)
2588          	6.142215e-05	(0.000000e+00 0.000000e+00 -5.706577e-03)
2589          	6.142360e-05	(0.000000e+00 0.000000e+00 -5.706577e-03)
2590          	6.142711e-05	(0.000000e+00 0.000000e+00 -5.706577e-03)
2591          	6.142795e-05	(0.000000e+00 0.000000e+00 -5.706577e-03)
2592          	6.142936e-05	(0.000000e+00 0.000000e+00 -5.706577e-03)
2593          	6.142950e-05	(0.000000e+00 0.000000e+00 -5.706577e-03)
2594          	6.141107e-05	(0.000000e+00 0.000000e+00 -5.706577e-03)
2595          	6.140412e-05	(0.000000e+00 0.000000e+00 -5.706577e-03)
2596          	6.138640e-05	(0.000000e+00 0.000000e+00 -5.706577e-03)
2597          	6.138556e-05	(0.000000e+00 0.000000e+00 -5.706577e-03)
2598          	6.138290e-05	(0.000000e+00 0.000000e+00 -5.706577e-03)
2599          	6.138159e-05	(0.000000e+00 0.000000e+00 -5.706577e-03)
2600          	6.137702e-05	(0.000000e+00 0.000000e+00 -5.706577e-03)
2601          	6.137559e-05	(0.000000e+00 0.000000e+00 -5.706577e-03)
2602          	6.136970e-05	(0.000000e+00 0.000000e+00 -5.706577e-03)
2603          	6.136782e-05	(0.000000e+00 0.000000e+00 -5.706577e-03)
2604          	6.136023e-05	(0.000000e+00 0.000000e+00 -5.706577e-03)
2605          	6.135790e-05	(0.000000e+00 0.000000e+00 -5.706577e-03)
2606          	6.134940e-05	(0.000000e+00 0.000000e+00 -5.706577e-03)
2607          	6.134354e-05	(0.000000e+00 0.000000e+00 -5.706577e-03)
2608          	6.133516e-05	(0.000000e+00 0.000000e+00 -5.706577e-03)
2609          	6.132769e-05	(0.000000e+00 0.000000e+00 -5.706577e-03)
2610          	6.131870e-05	(0.000000e+00 0.000000e+00 -5.706577e-03)
2611          	6.131702e-05	(0.000000e+00 0.000000e+00 -5.706577e-03)
2612          	6.131178e-05	(0.000000e+00 0.000000e+00 -5.706577e-03)
2613          	6.131094e-05	(0.000000e+00 0.000000e+00 -5.706577e-03)
2614          	6.130865e-05	(0.000000e+00 0.000000e+00 -5.706577e-03)
2615          	6.130840e-05	(0.000000e+00 0.000000e+00 -5.706577e-03)
2616          	6.130737e-05	(0.000000e+00 0.000000e+00 -5.706577e-03)
2617          	6.130747e-05	(0.000000e+00 0.000000e+00 -5.706577e-03)
2618          	6.130875e-05	(0.000000e+00 0.000000e+00 -5.706577e-03)
2619          	6.130953e-05	(0.000000e+00 0.000000e+00 -5.706577e-03)
2620          	6.131249e-05	(0.000000e+00 0.000000e+00 -5.706577e-03)
2621          	6.131357e-05	(0.000000e+00 0.000000e+00 -5.706577e-03)
2622          	6.131848e-05	(0.000000e+00 0.000000e+00 -5.706577e-03)
2623          	6.132063e-05	(0.000000e+00 0.000000e+00 -5.706577e-03)
2624          	6.133099e-05	(0.000000e+00 0.000000e+00 -5.706577e-03)
2625          	6.133458e-05	(0.000000e+00 0.000000e+00 -5.706577e-03)
2626          	6.134741e-05	(0.000000e+00 0.000000e+00 -5.706577e-03)
2627          	6.135164e-05	(0.000000e+00 0.000000e+00 -5.706577e-03)
2628          	6.137035e-05	(0.000000e+00 0.000000e+00 -5.706577e-03)
2629          	6.137565e-05	(0.000000e+00 0.000000e+00 -5.706577e-03)
2630          	6.139552e-05	(0.000000e+00 0.000000e+00 -5.706577e-03)
2631          	6.140081e-05	(0.000000e+00 0.000000e+00 -5.706577e-03)
2632          	6.142456e-05	(0.000000e+00 0.000000e+00 -5.706577e-03)
2633          	6.143094e-05	(0.000000e+00 0.000000e+00 -5.706577e-03)
2634          	6.145586e-05	(0.000000e+00 0.000000e+00 -5.706577e-03)
2635          	6.146311e-05	(0.000000e+00 0.000000e+00 -5.706577e-03)
2636          	6.149237e-05	(0.000000e+00 0.000000e+00 -5.706577e-03)
2637          	6.149933e-05	(0.000000e+00 0.000000e+00 -5.706577e-03)
2638          	6.152558e-05	(0.000000e+00 0.000000e+00 -5.706577e-03)
2639          	6.153221e-05	(0.000000e+00 0.000000e+00 -5.706577e-03)
2640          	6.156289e-05	(0.000000e+00 0.000000e+00 -5.706577e-03)
2641          	6.159918e-05	(0.000000e+00 0.000000e+00 -5.706577e-03)
2642          	6.162571e-05	(0.000000e+00 0.000000e+00 -5.706577e-03)
2643          	6.163048e-05	(0.000000e+00 0.000000e+00 -5.706577e-03)
2644          	6.165480e-05	(0.000000e+00 0.000000e+00 -5.706577e-03)
2645          	6.165954e-05	(0.000000e+00 0.000000e+00 -5.706577e-03)
2646          	6.168485e-05	(0.000000e+00 0.000000e+00 -5.706577e-03)
2647          	6.168980e-05	(0.000000e+00 0.000000e+00 -5.706577e-03)
2648          	6.170098e-05	(0.000000e+00 0.000000e+00 -5.706577e-03)
2649          	6.170609e-05	(0.000000e+00 0.000000e+00 -5.706577e-03)
2650          	6.171934e-05	(0.000000e+00 0.000000e+00 -5.706577e-03)
2651          	6.175500e-05	(0.000000e+00 0.000000e+00 -5.706577e-03)
2652          	6.176591e-05	(0.000000e+00 0.000000e+00 -5.706577e-03)
2653          	6.176964e-05	(0.000000e+00 0.000000e+00 -5.706577e-03)
2654          	6.178904e-05	(0.000000e+00 0.000000e+00 -5.706577e-03)
2655          	6.181867e-05	(0.000000e+00 0.000000e+00 -5.706577e-03)
2656          	6.183547e-05	(0.000000e+00 0.000000e+00 -5.706577e-03)
2657          	6.183729e-05	(0.000000e+00 0.000000e+00 -5.706577e-03)
2658          	6.185081e-05	(0.000000e+00 0.000000e+00 -5.706577e-03)
2659          	6.185150e-05	(0.000000e+00 0.000000e+00 -5.706577e-03)
2660          	6.186163e-05	(0.000000e+00 0.000000e+00 -5.706577e-03)
2661          	6.186419e-05	(0.000000e+00 0.000000e+00 -5.706577e-03)
2662          	6.186977e-05	(0.000000e+00 0.000000e+00 -5.706577e-03)
2663          	6.190172e-05	(0.000000e+00 0.000000e+00 -5.706577e-03)
2664          	6.190261e-05	(0.000000e+00 0.000000e+00 -5.706577e-03)
2665          	6.190245e-05	(0.000000e+00 0.000000e+00 -5.706577e-03)
2666          	6.190204e-05	(0.000000e+00 0.000000e+00 -5.706577e-03)
2667          	6.190085e-05	(0.000000e+00 0.000000e+00 -5.706577e-03)
2668          	6.189887e-05	(0.000000e+00 0.000000e+00 -5.706577e-03)
2669          	6.191558e-05	(0.000000e+00 0.000000e+00 -5.706577e-03)
2670          	6.191105e-05	(0.000000e+00 0.000000e+00 -5.706577e-03)
2671          	6.190829e-05	(0.000000e+00 0.000000e+00 -5.706577e-03)
2672          	6.190172e-05	(0.000000e+00 0.000000e+00 -5.706577e-03)
2673          	6.189850e-05	(0.000000e+00 0.000000e+00 -5.706577e-03)
2674          	6.188991e-05	(0.000000e+00 0.000000e+00 -5.706577e-03)
2675          	6.188668e-05	(0.000000e+00 0.000000e+00 -5.706577e-03)
2676          	6.187762e-05	(0.000000e+00 0.000000e+00 -5.706577e-03)
2677          	6.187417e-05	(0.000000e+00 0.000000e+00 -5.706577e-03)
2678          	6.186294e-05	(0.000000e+00 0.000000e+00 -5.706577e-03)
2679          	6.185913e-05	(0.000000e+00 0.000000e+00 -5.706577e-03)
2680          	6.184808e-05	(0.000000e+00 0.000000e+00 -5.706577e-03)
2681          	6.184419e-05	(0.000000e+00 0.000000e+00 -5.706577e-03)
2682          	6.183151e-05	(0.000000e+00 0.000000e+00 -5.706577e-03)
2683          	6.182753e-05	(0.000000e+00 0.000000e+00 -5.706577e-03)
2684          	6.181563e-05	(0.000000e+00 0.000000e+00 -5.706577e-03)
2685          	6.181183e-05	(0.000000e+00 0.000000e+00 -5.706577e-03)
2686          	6.179539e-05	(0.000000e+00 0.000000e+00 -5.706577e-03)
2687          	6.177696e-05	(0.000000e+00 0.000000e+00 -5.706577e-03)
2688          	6.175967e-05	(0.000000e+00 0.000000e+00 -5.706577e-03)
2689          	6.173918e-05	(0.000000e+00 0.000000e+00 -5.706577e-03)
2690          	6.167123e-05	(0.000000e+00 0.000000e+00 -5.706577e-03)
2691          	6.166686e-05	(0.000000e+00 0.000000e+00 -5.706577e-03)
2692          	6.165202e-05	(0.000000e+00 0.000000e+00 -5.706577e-03)
2693          	6.164821e-05	(0.000000e+00 0.000000e+00 -5.706577e-03)
2694          	6.163418e-05	(0.000000e+00 0.000000e+00 -5.706577e-03)
2695          	6.161298e-05	(0.000000e+00 0.000000e+00 -5.706577e-03)
2696          	6.160112e-05	(0.000000e+00 0.000000e+00 -5.706577e-03)
2697          	6.158159e-05	(0.000000e+00 0.000000e+00 -5.706577e-03)
2698          	6.157029e-05	(0.000000e+00 0.000000e+00 -5.706577e-03)
2699          	6.154873e-05	(0.000000e+00 0.000000e+00 -5.706577e-03)
2700          	6.147056e-05	(0.000000e+00 0.000000e+00 -5.706577e-03)
2701          	6.146834e-05	(0.000000e+00 0.000000e+00 -5.706577e-03)
2702          	6.145927e-05	(0.000000e+00 0.000000e+00 -5.706577e-03)
2703          	6.144255e-05	(0.000000e+00 0.000000e+00 -5.706577e-03)
2704          	6.143463e-05	(0.000000e+00 0.000000e+00 -5.706577e-03)
2705          	6.141806e-05	(0.000000e+00 0.000000e+00 -5.706577e-03)
2706          	6.136507e-05	(0.000000e+00 0.000000e+00 -5.706577e-03)
2707          	6.136323e-05	(0.000000e+00 0.000000e+00 -5.706577e-03)
2708          	6.135837e-05	(0.000000e+00 0.000000e+00 -5.706577e-03)
2709          	6.135720e-05	(0.000000e+00 0.000000e+00 -5.706577e-03)
2710          	6.135315e-05	(0.000000e+00 0.000000e+00 -5.706577e-03)
2711          	6.135182e-05	(0.000000e+00 0.000000e+00 -5.706577e-03)
2712          	6.131710e-05	(0.000000e+00 0.000000e+00 -5.706577e-03)
2713          	6.131561e-05	(0.000000e+00 0.000000e+00 -5.706577e-03)
2714          	6.131263e-05	(0.000000e+00 0.000000e+00 -5.706577e-03)
2715          	6.131126e-05	(0.000000e+00 0.000000e+00 -5.706577e-03)
2716          	6.131025e-05	(0.000000e+00 0.000000e+00 -5.706577e-03)
2717          	6.130945e-05	(0.000000e+00 0.000000e+00 -5.706577e-03)
2718          	6.131052e-05	(0.000000e+00 0.000000e+00 -5.706577e-03)
2719          	6.131022e-05	(0.000000e+00 0.000000e+00 -5.706577e-03)
2720          	6.131217e-05	(0.000000e+00 0.000000e+00 -5.706577e-03)
2721          	6.131207e-05	(0.000000e+00 0.000000e+00 -5.706577e-03)
2722          	6.131374e-05	(0.000000e+00 0.000000e+00 -5.706577e-03)
2723          	6.131355e-05	(0.000000e+00 0.000000e+00 -5.706577e-03)
2724          	6.131546e-05	(0.000000e+00 0.000000e+00 -5.706577e-03)
2725          	6.131568e-05	(0.000000e+00 0.000000e+00 -5.706577e-03)
2726          	6.131883e-05	(0.000000e+00 0.000000e+00 -5.706577e-03)
2727          	6.131950e-05	(0.000000e+00 0.000000e+00 -5.706577e-03)
2728          	6.132341e-05	(0.000000e+00 0.000000e+00 -5.706577e-03)
2729          	6.132434e-05	(0.000000e+00 0.000000e+00 -5.706577e-03)
2730          	6.132862e-05	(0.000000e+00 0.000000e+00 -5.706577e-03)
2731          	6.132982e-05	(0.000000e+00 0.000000e+00 -5.706577e-03)
2732          	6.133475e-05	(0.000000e+00 0.000000e+00 -5.706577e-03)
2733          	6.133592e-05	(0.000000e+00 0.000000e+00 -5.706577e-03)
2734          	6.134199e-05	(0.000000e+00 0.000000e+00 -5.706577e-03)
2735          	6.134337e-05	(0.000000e+00 0.000000e+00 -5.706577e-03)
2736          	6.135112e-05	(0.000000e+00 0.000000e+00 -5.706577e-03)
2737          	6.135305e-05	(0.000000e+00 0.000000e+00 -5.706577e-03)
2738          	6.136203e-05	(0.000000e+00 0.000000e+00 -5.706577e-03)
2739          	6.136448e-05	(0.000000e+00 0.000000e+00 -5.706577e-03)
2740          	6.137444e-05	(0.000000e+00 0.000000e+00 -5.706577e-03)
2741          	6.138475e-05	(0.000000e+00 0.000000e+00 -5.706577e-03)
2742          	6.139543e-05	(0.000000e+00 0.000000e+00 -5.706577e-03)
2743          	6.140654e-05	(0.000000e+00 0.000000e+00 -5.706577e-03)
2744          	6.141769e-05	(0.000000e+00 0.000000e+00 -5.706577e-03)
2745          	6.142887e-05	(0.000000e+00 0.000000e+00 -5.706577e-03)
2746          	6.145834e-05	(0.000000e+00 0.000000e+00 -5.706577e-03)
2747          	6.146256e-05	(0.000000e+00 0.000000e+00 -5.706577e-03)
2748          	6.147703e-05	(0.000000e+00 0.000000e+00 -5.706577e-03)
2749          	6.148158e-05	(0.000000e+00 0.000000e+00 -5.706577e-03)
2750          	6.149778e-05	(0.000000e+00 0.000000e+00 -5.706577e-03)
2751          	6.150253e-05	(0.000000e+00 0.000000e+00 -5.706577e-03)
2752          	6.152049e-05	(0.000000e+00 0.000000e+00 -5.706577e-03)
2753          	6.152544e-05	(0.000000e+00 0.000000e+00 -5.706577e-03)
2754          	6.154520e-05	(0.000000e+00 0.000000e+00 -5.706577e-03)
2755          	6.155052e-05	(0.000000e+00 0.000000e+00 -5.706577e-03)
2756          	6.157234e-05	(0.000000e+00 0.000000e+00 -5.706577e-03)
2757          	6.157813e-05	(0.000000e+00 0.000000e+00 -5.706577e-03)
2758          	6.160185e-05	(0.000000e+00 0.000000e+00 -5.706577e-03)
2759          	6.160827e-05	(0.000000e+00 0.000000e+00 -5.706577e-03)
2760          	6.163313e-05	(0.000000e+00 0.000000e+00 -5.706577e-03)
2761          	6.163989e-05	(0.000000e+00 0.000000e+00 -5.706577e-03)
2762          	6.166514e-05	(0.000000e+00 0.000000e+00 -5.706577e-03)
2763          	6.167211e-05	(0.000000e+00 0.000000e+00 -5.706577e-03)
2764          	6.169715e-05	(0.000000e+00 0.000000e+00 -5.706577e-03)
2765          	6.170404e-05	(0.000000e+00 0.000000e+00 -5.706577e-03)
2766          	6.172912e-05	(0.000000e+00 0.000000e+00 -5.706577e-03)
2767          	6.173631e-05	(0.000000e+00 0.000000e+00 -5.706577e-03)
2768          	6.179016e-05	(0.000000e+00 0.000000e+00 -5.706577e-03)
2769          	6.179710e-05	(0.000000e+00 0.000000e+00 -5.706577e-03)
2770          	6.182044e-05	(0.000000e+00 0.000000e+00 -5.706577e-03)
2771          	6.182738e-05	(0.000000e+00 0.000000e+00 -5.706577e-03)
2772          	6.185048e-05	(0.000000e+00 0.000000e+00 -5.706577e-03)
2773          	6.185755e-05	(0.000000e+00 0.000000e+00 -5.706577e-03)
2774          	6.188080e-05	(0.000000e+00 0.000000e+00 -5.706577e-03)
2775          	6.189399e-05	(0.000000e+00 0.000000e+00 -5.706577e-03)
2776          	6.191666e-05	(0.000000e+00 0.000000e+00 -5.706577e-03)
2777          	6.192908e-05	(0.000000e+00 0.000000e+00 -5.706577e-03)
2778          	6.194923e-05	(0.000000e+00 0.000000e+00 -5.706577e-03)
2779          	6.196072e-05	(0.000000e+00 0.000000e+00 -5.706577e-03)
2780          	6.197793e-05	(0.000000e+00 0.000000e+00 -5.706577e-03)
2781          	6.198322e-05	(0.000000e+00 0.000000e+00 -5.706577e-03)
2782          	6.199680e-05	(0.000000e+00 0.000000e+00 -5.706577e-03)
2783          	6.200099e-05	(0.000000e+00 0.000000e+00 -5.706577e-03)
2784          	6.201010e-05	(0.000000e+00 0.000000e+00 -5.706577e-03)
2785          	6.201296e-05	(0.000000e+00 0.000000e+00 -5.706577e-03)
2786          	6.201785e-05	(0.000000e+00 0.000000e+00 -5.706577e-03)
2787          	6.201936e-05	(0.000000e+00 0.000000e+00 -5.706577e-03)
2788          	6.203420e-05	(0.000000e+00 0.000000e+00 -5.706577e-03)
2789          	6.203391e-05	(0.000000e+00 0.000000e+00 -5.706577e-03)
2790          	6.203020e-05	(0.000000e+00 0.000000e+00 -5.706577e-03)
2791          	6.202939e-05	(0.000000e+00 0.000000e+00 -5.706577e-03)
2792          	6.202182e-05	(0.000000e+00 0.000000e+00 -5.706577e-03)
2793          	6.202052e-05	(0.000000e+00 0.000000e+00 -5.706577e-03)
2794          	6.201008e-05	(0.000000e+00 0.000000e+00 -5.706577e-03)
2795          	6.200795e-05	(0.000000e+00 0.000000e+00 -5.706577e-03)
2796          	6.199455e-05	(0.000000e+00 0.000000e+00 -5.706577e-03)
2797          	6.199133e-05	(0.000000e+00 0.000000e+00 -5.706577e-03)
2798          	6.197557e-05	(0.000000e+00 0.000000e+00 -5.706577e-03)
2799          	6.197158e-05	(0.000000e+00 0.000000e+00 -5.706577e-03)
2800          	6.195406e-05	(0.000000e+00 0.000000e+00 -5.706577e-03)
2801          	6.194916e-05	(0.000000e+00 0.000000e+00 -5.706577e-03)
2802          	6.193016e-05	(0.000000e+00 0.000000e+00 -5.706577e-03)
2803          	6.192498e-05	(0.000000e+00 0.000000e+00 -5.706577e-03)
2804          	6.190530e-05	(0.000000e+00 0.000000e+00 -5.706577e-03)
2805          	6.189953e-05	(0.000000e+00 0.000000e+00 -5.706577e-03)
2806          	6.187685e-05	(0.000000e+00 0.000000e+00 -5.706577e-03)
2807          	6.187002e-05	(0.000000e+00 0.000000e+00 -5.706577e-03)
2808          	6.184369e-05	(0.000000e+00 0.000000e+00 -5.706577e-03)
2809          	6.183616e-05	(0.000000e+00 0.000000e+00 -5.706577e-03)
2810          	6.180605e-05	(0.000000e+00 0.000000e+00 -5.706577e-03)
2811          	6.179795e-05	(0.000000e+00 0.000000e+00 -5.706577e-03)
2812          	6.176412e-05	(0.000000e+00 0.000000e+00 -5.706577e-03)
2813          	6.175580e-05	(0.000000e+00 0.000000e+00 -5.706577e-03)
2814          	6.172123e-05	(0.000000e+00 0.000000e+00 -5.706577e-03)
2815          	6.171241e-05	(0.000000e+00 0.000000e+00 -5.706577e-03)
2816          	6.167801e-05	(0.000000e+00 0.000000e+00 -5.706577e-03)
2817          	6.166893e-05	(0.000000e+00 0.000000e+00 -5.706577e-03)
2818          	6.163413e-05	(0.000000e+00 0.000000e+00 -5.706577e-03)
2819          	6.162475e-05	(0.000000e+00 0.000000e+00 -5.706577e-03)
2820          	6.158929e-05	(0.000000e+00 0.000000e+00 -5.706577e-03)
2821          	6.157938e-05	(0.000000e+00 0.000000e+00 -5.706577e-03)
2822          	6.154410e-05	(0.000000e+00 0.000000e+00 -5.706577e-03)
2823          	6.153430e-05	(0.000000e+00 0.000000e+00 -5.706577e-03)
2824          	6.150109e-05	(0.000000e+00 0.000000e+00 -5.706577e-03)
2825          	6.149218e-05	(0.000000e+00 0.000000e+00 -5.706577e-03)
2826          	6.146185e-05	(0.000000e+00 0.000000e+00 -5.706577e-03)
2827          	6.145376e-05	(0.000000e+00 0.000000e+00 -5.706577e-03)
2828          	6.142387e-05	(0.000000e+00 0.000000e+00 -5.706577e-03)
2829          	6.141600e-05	(0.000000e+00 0.000000e+00 -5.706577e-03)
2830          	6.138926e-05	(0.000000e+00 0.000000e+00 -5.706577e-03)
2831          	6.135325e-05	(0.000000e+00 0.000000e+00 -5.706577e-03)
2832          	6.132787e-05	(0.000000e+00 0.000000e+00 -5.706577e-03)
2833          	6.129230e-05	(0.000000e+00 0.000000e+00 -5.706577e-03)
2834          	6.126959e-05	(0.000000e+00 0.000000e+00 -5.706577e-03)
2835          	6.126222e-05	(0.000000e+00 0.000000e+00 -5.706577e-03)
2836          	6.124378e-05	(0.000000e+00 0.000000e+00 -5.706577e-03)
2837          	6.123748e-05	(0.000000e+00 0.000000e+00 -5.706577e-03)
2838          	6.121701e-05	(0.000000e+00 0.000000e+00 -5.706577e-03)
2839          	6.121251e-05	(0.000000e+00 0.000000e+00 -5.706577e-03)
2840          	6.119760e-05	(0.000000e+00 0.000000e+00 -5.706577e-03)
2841          	6.119383e-05	(0.000000e+00 0.000000e+00 -5.706577e-03)
2842          	6.118221e-05	(0.000000e+00 0.000000e+00 -5.706577e-03)
2843          	6.118034e-05	(0.000000e+00 0.000000e+00 -5.706577e-03)
2844          	6.117398e-05	(0.000000e+00 0.000000e+00 -5.706577e-03)
2845          	6.113826e-05	(0.000000e+00 0.000000e+00 -5.706577e-03)
2846          	6.113561e-05	(0.000000e+00 0.000000e+00 -5.706577e-03)
2847          	6.113515e-05	(0.000000e+00 0.000000e+00 -5.706577e-03)
2848          	6.113501e-05	(0.000000e+00 0.000000e+00 -5.706577e-03)
2849          	6.113522e-05	(0.000000e+00 0.000000e+00 -5.706577e-03)
2850          	6.113658e-05	(0.000000e+00 0.000000e+00 -5.706577e-03)
2851          	6.113654e-05	(0.000000e+00 0.000000e+00 -5.706577e-03)
2852          	6.113781e-05	(0.000000e+00 0.000000e+00 -5.706577e-03)
2853          	6.113744e-05	(0.000000e+00 0.000000e+00 -5.706577e-03)
2854          	6.113803e-05	(0.000000e+00 0.000000e+00 -5.706577e-03)
2855          	6.113726e-05	(0.000000e+00 0.000000e+00 -5.706577e-03)
2856          	6.113802e-05	(0.000000e+00 0.000000e+00 -5.706577e-03)
2857          	6.113736e-05	(0.000000e+00 0.000000e+00 -5.706577e-03)
2858          	6.114010e-05	(0.000000e+00 0.000000e+00 -5.706577e-03)
2859          	6.113971e-05	(0.000000e+00 0.000000e+00 -5.706577e-03)
2860          	6.114405e-05	(0.000000e+00 0.000000e+00 -5.706577e-03)
2861          	6.114350e-05	(0.000000e+00 0.000000e+00 -5.706577e-03)
2862          	6.114818e-05	(0.000000e+00 0.000000e+00 -5.706577e-03)
2863          	6.114815e-05	(0.000000e+00 0.000000e+00 -5.706577e-03)
2864          	6.115287e-05	(0.000000e+00 0.000000e+00 -5.706577e-03)
2865          	6.115341e-05	(0.000000e+00 0.000000e+00 -5.706577e-03)
2866          	6.115689e-05	(0.000000e+00 0.000000e+00 -5.706577e-03)
2867          	6.115739e-05	(0.000000e+00 0.000000e+00 -5.706577e-03)
2868          	6.115935e-05	(0.000000e+00 0.000000e+00 -5.706577e-03)
2869          	6.115983e-05	(0.000000e+00 0.000000e+00 -5.706577e-03)
2870          	6.116015e-05	(0.000000e+00 0.000000e+00 -5.706577e-03)
2871          	6.116020e-05	(0.000000e+00 0.000000e+00 -5.706577e-03)
2872          	6.115858e-05	(0.000000e+00 0.000000e+00 -5.706577e-03)
2873          	6.115872e-05	(0.000000e+00 0.000000e+00 -5.706577e-03)
2874          	6.115760e-05	(0.000000e+00 0.000000e+00 -5.706577e-03)
2875          	6.115779e-05	(0.000000e+00 0.000000e+00 -5.706577e-03)
2876          	6.115631e-05	(0.000000e+00 0.000000e+00 -5.706577e-03)
2877          	6.115586e-05	(0.000000e+00 0.000000e+00 -5.706577e-03)
2878          	6.115339e-05	(0.000000e+00 0.000000e+00 -5.706577e-03)
2879          	6.115224e-05	(0.000000e+00 0.000000e+00 -5.706577e-03)
2880          	6.114730e-05	(0.000000e+00 0.000000e+00 -5.706577e-03)
2881          	6.114528e-05	(0.000000e+00 0.000000e+00 -5.706577e-03)
2882          	6.113727e-05	(0.000000e+00 0.000000e+00 -5.706577e-03)
2883          	6.113419e-05	(0.000000e+00 0.000000e+00 -5.706577e-03)
2884          	6.112366e-05	(0.000000e+00 0.000000e+00 -5.706577e-03)
2885          	6.112015e-05	(0.000000e+00 0.000000e+00 -5.706577e-03)
2886          	6.110936e-05	(0.000000e+00 0.000000e+00 -5.706577e-03)
2887          	6.110560e-05	(0.000000e+00 0.000000e+00 -5.706577e-03)
2888          	6.109490e-05	(0.000000e+00 0.000000e+00 -5.706577e-03)
2889          	6.109150e-05	(0.000000e+00 0.000000e+00 -5.706577e-03)
2890          	6.108074e-05	(0.000000e+00 0.000000e+00 -5.706577e-03)
2891          	6.107701e-05	(0.000000e+00 0.000000e+00 -5.706577e-03)
2892          	6.106564e-05	(0.000000e+00 0.000000e+00 -5.706577e-03)
2893          	6.106197e-05	(0.000000e+00 0.000000e+00 -5.706577e-03)
2894          	6.105038e-05	(0.000000e+00 0.000000e+00 -5.706577e-03)
2895          	6.104710e-05	(0.000000e+00 0.000000e+00 -5.706577e-03)
2896          	6.103593e-05	(0.000000e+00 0.000000e+00 -5.706577e-03)
2897          	6.103296e-05	(0.000000e+00 0.000000e+00 -5.706577e-03)
2898          	6.102237e-05	(0.000000e+00 0.000000e+00 -5.706577e-03)
2899          	6.101993e-05	(0.000000e+00 0.000000e+00 -5.706577e-03)
2900          	6.101089e-05	(0.000000e+00 0.000000e+00 -5.706577e-03)
2901          	6.100881e-05	(0.000000e+00 0.000000e+00 -5.706577e-03)
2902          	6.100073e-05	(0.000000e+00 0.000000e+00 -5.706577e-03)
2903          	6.099900e-05	(0.000000e+00 0.000000e+00 -5.706577e-03)
2904          	6.099392e-05	(0.000000e+00 0.000000e+00 -5.706577e-03)
2905          	6.099298e-05	(0.000000e+00 0.000000e+00 -5.706577e-03)
2906          	6.099131e-05	(0.000000e+00 0.000000e+00 -5.706577e-03)
2907          	6.099136e-05	(0.000000e+00 0.000000e+00 -5.706577e-03)
2908          	6.099370e-05	(0.000000e+00 0.000000e+00 -5.706577e-03)
2909          	6.099544e-05	(0.000000e+00 0.000000e+00 -5.706577e-03)
2910          	6.100518e-05	(0.000000e+00 0.000000e+00 -5.706577e-03)
2911          	6.100965e-05	(0.000000e+00 0.000000e+00 -5.706577e-03)
2912          	6.101176e-05	(0.000000e+00 0.000000e+00 -5.706577e-03)
2913          	6.103112e-05	(0.000000e+00 0.000000e+00 -5.706577e-03)
2914          	6.114503e-05	(0.000000e+00 0.000000e+00 -5.706577e-03)
2915          	6.115314e-05	(0.000000e+00 0.000000e+00 -5.706577e-03)
2916          	6.119273e-05	(0.000000e+00 0.000000e+00 -5.706577e-03)
2917          	6.134070e-05	(0.000000e+00 0.000000e+00 -5.706577e-03)
2918          	6.134638e-05	(0.000000e+00 0.000000e+00 -5.706577e-03)
2919          	6.136471e-05	(0.000000e+00 0.000000e+00 -5.706577e-03)
2920          	6.137956e-05	(0.000000e+00 0.000000e+00 -5.706577e-03)
2921          	6.138177e-05	(0.000000e+00 0.000000e+00 -5.706577e-03)
2922          	6.139071e-05	(0.000000e+00 0.000000e+00 -5.706577e-03)
2923          	6.139655e-05	(0.000000e+00 0.000000e+00 -5.706577e-03)
2924          	6.139789e-05	(0.000000e+00 0.000000e+00 -5.706577e-03)
2925          	6.140423e-05	(0.000000e+00 0.000000e+00 -5.706577e-03)
2926          	6.140806e-05	(0.000000e+00 0.000000e+00 -5.706577e-03)
2927          	6.140814e-05	(0.000000e+00 0.000000e+00 -5.706577e-03)
2928          	6.141258e-05	(0.000000e+00 0.000000e+00 -5.706577e-03)
2929          	6.141383e-05	(0.000000e+00 0.000000e+00 -5.706577e-03)
2930          	6.141400e-05	(0.000000e+00 0.000000e+00 -5.706577e-03)
2931          	6.141871e-05	(0.000000e+00 0.000000e+00 -5.706577e-03)
2932          	6.141990e-05	(0.000000e+00 0.000000e+00 -5.706577e-03)
2933          	6.142018e-05	(0.000000e+00 0.000000e+00 -5.706577e-03)
2934          	6.142489e-05	(0.000000e+00 0.000000e+00 -5.706577e-03)
2935          	6.142588e-05	(0.000000e+00 0.000000e+00 -5.706577e-03)
2936          	6.142761e-05	(0.000000e+00 0.000000e+00 -5.706577e-03)
2937          	6.143831e-05	(0.000000e+00 0.000000e+00 -5.706577e-03)
2938          	6.144191e-05	(0.000000e+00 0.000000e+00 -5.706577e-03)
2939          	6.144428e-05	(0.000000e+00 0.000000e+00 -5.706577e-03)
2940          	6.145776e-05	(0.000000e+00 0.000000e+00 -5.706577e-03)
2941          	6.149589e-05	(0.000000e+00 0.000000e+00 -5.706577e-03)
2942          	6.149833e-05	(0.000000e+00 0.000000e+00 -5.706577e-03)
2943          	6.150988e-05	(0.000000e+00 0.000000e+00 -5.706577e-03)
2944          	6.154171e-05	(0.000000e+00 0.000000e+00 -5.706577e-03)
2945          	6.154331e-05	(0.000000e+00 0.000000e+00 -5.706577e-03)
2946          	6.155113e-05	(0.000000e+00 0.000000e+00 -5.706577e-03)
2947          	6.155298e-05	(0.000000e+00 0.000000e+00 -5.706577e-03)
2948          	6.155420e-05	(0.000000e+00 0.000000e+00 -5.706577e-03)
2949          	6.156059e-05	(0.000000e+00 0.000000e+00 -5.706577e-03)
2950          	6.156228e-05	(0.000000e+00 0.000000e+00 -5.706577e-03)
2951          	6.156204e-05	(0.000000e+00 0.000000e+00 -5.706577e-03)
2952          	6.156099e-05	(0.000000e+00 0.000000e+00 -5.706577e-03)
2953          	6.156034e-05	(0.000000e+00 0.000000e+00 -5.706577e-03)
2954          	6.155972e-05	(0.000000e+00 0.000000e+00 -5.706577e-03)
2955          	6.155906e-05	(0.000000e+00 0.000000e+00 -5.706577e-03)
2956          	6.155815e-05	(0.000000e+00 0.000000e+00 -5.706577e-03)
2957          	6.155794e-05	(0.000000e+00 0.000000e+00 -5.706577e-03)
2958          	6.155893e-05	(0.000000e+00 0.000000e+00 -5.706577e-03)
2959          	6.155768e-05	(0.000000e+00 0.000000e+00 -5.706577e-03)
2960          	6.155742e-05	(0.000000e+00 0.000000e+00 -5.706577e-03)
2961          	6.156024e-05	(0.000000e+00 0.000000e+00 -5.706577e-03)
2962          	6.155911e-05	(0.000000e+00 0.000000e+00 -5.706577e-03)
2963          	6.155931e-05	(0.000000e+00 0.000000e+00 -5.706577e-03)
2964          	6.156342e-05	(0.000000e+00 0.000000e+00 -5.706577e-03)
2965          	6.156244e-05	(0.000000e+00 0.000000e+00 -5.706577e-03)
2966          	6.156543e-05	(0.000000e+00 0.000000e+00 -5.706577e-03)
2967          	6.156481e-05	(0.000000e+00 0.000000e+00 -5.706577e-03)
2968          	6.156893e-05	(0.000000e+00 0.000000e+00 -5.706577e-03)
2969          	6.156850e-05	(0.000000e+00 0.000000e+00 -5.706577e-03)
2970          	6.157417e-05	(0.000000e+00 0.000000e+00 -5.706577e-03)
2971          	6.157354e-05	(0.000000e+00 0.000000e+00 -5.706577e-03)
2972          	6.157936e-05	(0.000000e+00 0.000000e+00 -5.706577e-03)
2973          	6.157884e-05	(0.000000e+00 0.000000e+00 -5.706577e-03)
2974          	6.158468e-05	(0.000000e+00 0.000000e+00 -5.706577e-03)
2975          	6.158460e-05	(0.000000e+00 0.000000e+00 -5.706577e-03)
2976          	6.159121e-05	(0.000000e+00 0.000000e+00 -5.706577e-03)
2977          	6.159142e-05	(0.000000e+00 0.000000e+00 -5.706577e-03)
2978          	6.159843e-05	(0.000000e+00 0.000000e+00 -5.706577e-03)
2979          	6.159888e-05	(0.000000e+00 0.000000e+00 -5.706577e-03)
2980          	6.160575e-05	(0.000000e+00 0.000000e+00 -5.706577e-03)
2981          	6.160647e-05	(0.000000e+00 0.000000e+00 -5.706577e-03)
2982          	6.161339e-05	(0.000000e+00 0.000000e+00 -5.706577e-03)
2983          	6.161422e-05	(0.000000e+00 0.000000e+00 -5.706577e-03)
2984          	6.162085e-05	(0.000000e+00 0.000000e+00 -5.706577e-03)
2985          	6.161632e-05	(0.000000e+00 0.000000e+00 -5.706577e-03)
2986          	6.160941e-05	(0.000000e+00 0.000000e+00 -5.706577e-03)
2987          	6.161063e-05	(0.000000e+00 0.000000e+00 -5.706577e-03)
2988          	6.161519e-05	(0.000000e+00 0.000000e+00 -5.706577e-03)
2989          	6.161634e-05	(0.000000e+00 0.000000e+00 -5.706577e-03)
2990          	6.162053e-05	(0.000000e+00 0.000000e+00 -5.706577e-03)
2991          	6.162164e-05	(0.000000e+00 0.000000e+00 -5.706577e-03)
2992          	6.162520e-05	(0.000000e+00 0.000000e+00 -5.706577e-03)
2993          	6.162638e-05	(0.000000e+00 0.000000e+00 -5.706577e-03)
2994          	6.162941e-05	(0.000000e+00 0.000000e+00 -5.706577e-03)
2995          	6.163067e-05	(0.000000e+00 0.000000e+00 -5.706577e-03)
2996          	6.161936e-05	(0.000000e+00 0.000000e+00 -5.706577e-03)
2997          	6.162038e-05	(0.000000e+00 0.000000e+00 -5.706577e-03)
2998          	6.161217e-05	(0.000000e+00 0.000000e+00 -5.706577e-03)
2999          	6.161341e-05	(0.000000e+00 0.000000e+00 -5.706577e-03)
3000          	6.161617e-05	(0.000000e+00 0.000000e+00 -5.706577e-03)
3001          	6.161749e-05	(0.000000e+00 0.000000e+00 -5.706577e-03)
3002          	6.161894e-05	(0.000000e+00 0.000000e+00 -5.706577e-03)
3003          	6.162030e-05	(0.000000e+00 0.000000e+00 -5.706577e-03)
3004          	6.161882e-05	(0.000000e+00 0.000000e+00 -5.706577e-03)
3005          	6.161966e-05	(0.000000e+00 0.000000e+00 -5.706577e-03)
3006          	6.161673e-05	(0.000000e+00 0.000000e+00 -5.706577e-03)
3007          	6.161736e-05	(0.000000e+00 0.000000e+00 -5.706577e-03)
3008          	6.161328e-05	(0.000000e+00 0.000000e+00 -5.706577e-03)
3009          	6.161393e-05	(0.000000e+00 0.000000e+00 -5.706577e-03)
3010          	6.160881e-05	(0.000000e+00 0.000000e+00 -5.706577e-03)
3011          	6.160941e-05	(0.000000e+00 0.000000e+00 -5.706577e-03)
3012          	6.160291e-05	(0.000000e+00 0.000000e+00 -5.706577e-03)
3013          	6.160333e-05	(0.000000e+00 0.000000e+00 -5.706577e-03)
3014          	6.159556e-05	(0.000000e+00 0.000000e+00 -5.706577e-03)
3015          	6.159558e-05	(0.000000e+00 0.000000e+00 -5.706577e-03)
3016          	6.158727e-05	(0.000000e+00 0.000000e+00 -5.706577e-03)
3017          	6.158586e-05	(0.000000e+00 0.000000e+00 -5.706577e-03)
3018          	6.157792e-05	(0.000000e+00 0.000000e+00 -5.706577e-03)
3019          	6.157626e-05	(0.000000e+00 0.000000e+00 -5.706577e-03)
3020          	6.156874e-05	(0.000000e+00 0.000000e+00 -5.706577e-03)
3021          	6.156682e-05	(0.000000e+00 0.000000e+00 -5.706577e-03)
3022          	6.155918e-05	(0.000000e+00 0.000000e+00 -5.706577e-03)
3023          	6.155717e-05	(0.000000e+00 0.000000e+00 -5.706577e-03)
3024          	6.154956e-05	(0.000000e+00 0.000000e+00 -5.706577e-03)
3025          	6.154777e-05	(0.000000e+00 0.000000e+00 -5.706577e-03)
3026          	6.154026e-05	(0.000000e+00 0.000000e+00 -5.706577e-03)
3027          	6.153798e-05	(0.000000e+00 0.000000e+00 -5.706577e-03)
3028          	6.153169e-05	(0.000000e+00 0.000000e+00 -5.706577e-03)
3029          	6.152960e-05	(0.000000e+00 0.000000e+00 -5.706577e-03)
3030          	6.152513e-05	(0.000000e+00 0.000000e+00 -5.706577e-03)
3031          	6.152334e-05	(0.000000e+00 0.000000e+00 -5.706577e-03)
3032          	6.152015e-05	(0.000000e+00 0.000000e+00 -5.706577e-03)
3033          	6.151862e-05	(0.000000e+00 0.000000e+00 -5.706577e-03)
3034          	6.151625e-05	(0.000000e+00 0.000000e+00 -5.706577e-03)
3035          	6.151503e-05	(0.000000e+00 0.000000e+00 -5.706577e-03)
3036          	6.151363e-05	(0.000000e+00 0.000000e+00 -5.706577e-03)
3037          	6.151297e-05	(0.000000e+00 0.000000e+00 -5.706577e-03)
3038          	6.151167e-05	(0.000000e+00 0.000000e+00 -5.706577e-03)
3039          	6.151101e-05	(0.000000e+00 0.000000e+00 -5.706577e-03)
3040          	6.150929e-05	(0.000000e+00 0.000000e+00 -5.706577e-03)
3041          	6.150782e-05	(0.000000e+00 0.000000e+00 -5.706577e-03)
3042          	6.150679e-05	(0.000000e+00 0.000000e+00 -5.706577e-03)
3043          	6.150047e-05	(0.000000e+00 0.000000e+00 -5.706577e-03)
3044          	6.150087e-05	(0.000000e+00 0.000000e+00 -5.706577e-03)
3045          	6.149488e-05	(0.000000e+00 0.000000e+00 -5.706577e-03)
3046          	6.149583e-05	(0.000000e+00 0.000000e+00 -5.706577e-03)
3047          	6.149013e-05	(0.000000e+00 0.000000e+00 -5.706577e-03)
3048          	6.149220e-05	(0.000000e+00 0.000000e+00 -5.706577e-03)
3049          	6.148735e-05	(0.000000e+00 0.000000e+00 -5.706577e-03)
3050          	6.149108e-05	(0.000000e+00 0.000000e+00 -5.706577e-03)
3051          	6.149158e-05	(0.000000e+00 0.000000e+00 -5.706577e-03)
3052          	6.149673e-05	(0.000000e+00 0.000000e+00 -5.706577e-03)
3053          	6.149820e-05	(0.000000e+00 0.000000e+00 -5.706577e-03)
3054          	6.150395e-05	(0.000000e+00 0.000000e+00 -5.706577e-03)
3055          	6.150569e-05	(0.000000e+00 0.000000e+00 -5.706577e-03)
3056          	6.151150e-05	(0.000000e+00 0.000000e+00 -5.706577e-03)
3057          	6.151329e-05	(0.000000e+00 0.000000e+00 -5.706577e-03)
3058          	6.152045e-05	(0.000000e+00 0.000000e+00 -5.706577e-03)
3059          	6.152260e-05	(0.000000e+00 0.000000e+00 -5.706577e-03)
3060          	6.153110e-05	(0.000000e+00 0.000000e+00 -5.706577e-03)
3061          	6.152694e-05	(0.000000e+00 0.000000e+00 -5.706577e-03)
3062          	6.153660e-05	(0.000000e+00 0.000000e+00 -5.706577e-03)
3063          	6.154011e-05	(0.000000e+00 0.000000e+00 -5.706577e-03)
3064          	6.155226e-05	(0.000000e+00 0.000000e+00 -5.706577e-03)
3065          	6.155603e-05	(0.000000e+00 0.000000e+00 -5.706577e-03)
3066          	6.156859e-05	(0.000000e+00 0.000000e+00 -5.706577e-03)
3067          	6.157243e-05	(0.000000e+00 0.000000e+00 -5.706577e-03)
3068          	6.158472e-05	(0.000000e+00 0.000000e+00 -5.706577e-03)
3069          	6.158852e-05	(0.000000e+00 0.000000e+00 -5.706577e-03)
3070          	6.159998e-05	(0.000000e+00 0.000000e+00 -5.706577e-03)
3071          	6.160343e-05	(0.000000e+00 0.000000e+00 -5.706577e-03)
3072          	6.161336e-05	(0.000000e+00 0.000000e+00 -5.706577e-03)
3073          	6.161635e-05	(0.000000e+00 0.000000e+00 -5.706577e-03)
3074          	6.162491e-05	(0.000000e+00 0.000000e+00 -5.706577e-03)
3075          	6.161871e-05	(0.000000e+00 0.000000e+00 -5.706577e-03)
3076          	6.162565e-05	(0.000000e+00 0.000000e+00 -5.706577e-03)
3077          	6.161953e-05	(0.000000e+00 0.000000e+00 -5.706577e-03)
3078          	6.162544e-05	(0.000000e+00 0.000000e+00 -5.706577e-03)
3079          	6.161981e-05	(0.000000e+00 0.000000e+00 -5.706577e-03)
3080          	6.162475e-05	(0.000000e+00 0.000000e+00 -5.706577e-03)
3081          	6.162006e-05	(0.000000e+00 0.000000e+00 -5.706577e-03)
3082          	6.162368e-05	(0.000000e+00 0.000000e+00 -5.706577e-03)
3083          	6.161938e-05	(0.000000e+00 0.000000e+00 -5.706577e-03)
3084          	6.161987e-05	(0.000000e+00 0.000000e+00 -5.706577e-03)
3085          	6.162004e-05	(0.000000e+00 0.000000e+00 -5.706577e-03)
3086          	6.161733e-05	(0.000000e+00 0.000000e+00 -5.706577e-03)
3087          	6.161676e-05	(0.000000e+00 0.000000e+00 -5.706577e-03)
3088          	6.161251e-05	(0.000000e+00 0.000000e+00 -5.706577e-03)
3089          	6.161198e-05	(0.000000e+00 0.000000e+00 -5.706577e-03)
3090          	6.160738e-05	(0.000000e+00 0.000000e+00 -5.706577e-03)
3091          	6.160731e-05	(0.000000e+00 0.000000e+00 -5.706577e-03)
3092          	6.160170e-05	(0.000000e+00 0.000000e+00 -5.706577e-03)
3093          	6.160115e-05	(0.000000e+00 0.000000e+00 -5.706577e-03)
3094          	6.159266e-05	(0.000000e+00 0.000000e+00 -5.706577e-03)
3095          	6.159143e-05	(0.000000e+00 0.000000e+00 -5.706577e-03)
3096          	6.158024e-05	(0.000000e+00 0.000000e+00 -5.706577e-03)
3097          	6.157833e-05	(0.000000e+00 0.000000e+00 -5.706577e-03)
3098          	6.156599e-05	(0.000000e+00 0.000000e+00 -5.706577e-03)
3099          	6.156363e-05	(0.000000e+00 0.000000e+00 -5.706577e-03)
3100          	6.155119e-05	(0.000000e+00 0.000000e+00 -5.706577e-03)
3101          	6.154852e-05	(0.000000e+00 0.000000e+00 -5.706577e-03)
3102          	6.153604e-05	(0.000000e+00 0.000000e+00 -5.706577e-03)
3103          	6.153334e-05	(0.000000e+00 0.000000e+00 -5.706577e-03)
3104          	6.151989e-05	(0.000000e+00 0.000000e+00 -5.706577e-03)
3105          	6.151591e-05	(0.000000e+00 0.000000e+00 -5.706577e-03)
3106          	6.150207e-05	(0.000000e+00 0.000000e+00 -5.706577e-03)
3107          	6.149755e-05	(0.000000e+00 0.000000e+00 -5.706577e-03)
3108          	6.148210e-05	(0.000000e+00 0.000000e+00 -5.706577e-03)
3109          	6.147731e-05	(0.000000e+00 0.000000e+00 -5.706577e-03)
3110          	6.145943e-05	(0.000000e+00 0.000000e+00 -5.706577e-03)
3111          	6.145404e-05	(0.000000e+00 0.000000e+00 -5.706577e-03)
3112          	6.143148e-05	(0.000000e+00 0.000000e+00 -5.706577e-03)
3113          	6.142503e-05	(0.000000e+00 0.000000e+00 -5.706577e-03)
3114          	6.140002e-05	(0.000000e+00 0.000000e+00 -5.706577e-03)
3115          	6.139282e-05	(0.000000e+00 0.000000e+00 -5.706577e-03)
3116          	6.136682e-05	(0.000000e+00 0.000000e+00 -5.706577e-03)
3117          	6.135901e-05	(0.000000e+00 0.000000e+00 -5.706577e-03)
3118          	6.133291e-05	(0.000000e+00 0.000000e+00 -5.706577e-03)
3119          	6.132480e-05	(0.000000e+00 0.000000e+00 -5.706577e-03)
3120          	6.129867e-05	(0.000000e+00 0.000000e+00 -5.706577e-03)
3121          	6.129055e-05	(0.000000e+00 0.000000e+00 -5.706577e-03)
3122          	6.126487e-05	(0.000000e+00 0.000000e+00 -5.706577e-03)
3123          	6.125708e-05	(0.000000e+00 0.000000e+00 -5.706577e-03)
3124          	6.123152e-05	(0.000000e+00 0.000000e+00 -5.706577e-03)
3125          	6.122414e-05	(0.000000e+00 0.000000e+00 -5.706577e-03)
3126          	6.119992e-05	(0.000000e+00 0.000000e+00 -5.706577e-03)
3127          	6.119268e-05	(0.000000e+00 0.000000e+00 -5.706577e-03)
3128          	6.116590e-05	(0.000000e+00 0.000000e+00 -5.706577e-03)
3129          	6.115817e-05	(0.000000e+00 0.000000e+00 -5.706577e-03)
3130          	6.113154e-05	(0.000000e+00 0.000000e+00 -5.706577e-03)
3131          	6.112397e-05	(0.000000e+00 0.000000e+00 -5.706577e-03)
3132          	6.109817e-05	(0.000000e+00 0.000000e+00 -5.706577e-03)
3133          	6.109098e-05	(0.000000e+00 0.000000e+00 -5.706577e-03)
3134          	6.106846e-05	(0.000000e+00 0.000000e+00 -5.706577e-03)
3135          	6.106217e-05	(0.000000e+00 0.000000e+00 -5.706577e-03)
3136          	6.104153e-05	(0.000000e+00 0.000000e+00 -5.706577e-03)
3137          	6.103674e-05	(0.000000e+00 0.000000e+00 -5.706577e-03)
3138          	6.101704e-05	(0.000000e+00 0.000000e+00 -5.706577e-03)
3139          	6.101256e-05	(0.000000e+00 0.000000e+00 -5.706577e-03)
3140          	6.099391e-05	(0.000000e+00 0.000000e+00 -5.706577e-03)
3141          	6.098952e-05	(0.000000e+00 0.000000e+00 -5.706577e-03)
3142          	6.097229e-05	(0.000000e+00 0.000000e+00 -5.706577e-03)
3143          	6.096861e-05	(0.000000e+00 0.000000e+00 -5.706577e-03)
3144          	6.095534e-05	(0.000000e+00 0.000000e+00 -5.706577e-03)
3145          	6.095238e-05	(0.000000e+00 0.000000e+00 -5.706577e-03)
3146          	6.094104e-05	(0.000000e+00 0.000000e+00 -5.706577e-03)
3147          	6.093873e-05	(0.000000e+00 0.000000e+00 -5.706577e-03)
3148          	6.093010e-05	(0.000000e+00 0.000000e+00 -5.706577e-03)
3149          	6.092856e-05	(0.000000e+00 0.000000e+00 -5.706577e-03)
3150          	6.092309e-05	(0.000000e+00 0.000000e+00 -5.706577e-03)
3151          	6.092183e-05	(0.000000e+00 0.000000e+00 -5.706577e-03)
3152          	6.091768e-05	(0.000000e+00 0.000000e+00 -5.706577e-03)
3153          	6.091668e-05	(0.000000e+00 0.000000e+00 -5.706577e-03)
3154          	6.091348e-05	(0.000000e+00 0.000000e+00 -5.706577e-03)
3155          	6.091289e-05	(0.000000e+00 0.000000e+00 -5.706577e-03)
3156          	6.091396e-05	(0.000000e+00 0.000000e+00 -5.706577e-03)
3157          	6.091461e-05	(0.000000e+00 0.000000e+00 -5.706577e-03)
3158          	6.092031e-05	(0.000000e+00 0.000000e+00 -5.706577e-03)
3159          	6.092215e-05	(0.000000e+00 0.000000e+00 -5.706577e-03)
3160          	6.092998e-05	(0.000000e+00 0.000000e+00 -5.706577e-03)
3161          	6.093215e-05	(0.000000e+00 0.000000e+00 -5.706577e-03)
3162          	6.093973e-05	(0.000000e+00 0.000000e+00 -5.706577e-03)
3163          	6.094181e-05	(0.000000e+00 0.000000e+00 -5.706577e-03)
3164          	6.094950e-05	(0.000000e+00 0.000000e+00 -5.706577e-03)
3165          	6.095160e-05	(0.000000e+00 0.000000e+00 -5.706577e-03)
3166          	6.095924e-05	(0.000000e+00 0.000000e+00 -5.706577e-03)
3167          	6.096134e-05	(0.000000e+00 0.000000e+00 -5.706577e-03)
3168          	6.097003e-05	(0.000000e+00 0.000000e+00 -5.706577e-03)
3169          	6.097255e-05	(0.000000e+00 0.000000e+00 -5.706577e-03)
3170          	6.098222e-05	(0.000000e+00 0.000000e+00 -5.706577e-03)
3171          	6.098580e-05	(0.000000e+00 0.000000e+00 -5.706577e-03)
3172          	6.099595e-05	(0.000000e+00 0.000000e+00 -5.706577e-03)
3173          	6.100005e-05	(0.000000e+00 0.000000e+00 -5.706577e-03)
3174          	6.101162e-05	(0.000000e+00 0.000000e+00 -5.706577e-03)
3175          	6.101589e-05	(0.000000e+00 0.000000e+00 -5.706577e-03)
3176          	6.102770e-05	(0.000000e+00 0.000000e+00 -5.706577e-03)
3177          	6.103135e-05	(0.000000e+00 0.000000e+00 -5.706577e-03)
3178          	6.104280e-05	(0.000000e+00 0.000000e+00 -5.706577e-03)
3179          	6.104637e-05	(0.000000e+00 0.000000e+00 -5.706577e-03)
3180          	6.105639e-05	(0.000000e+00 0.000000e+00 -5.706577e-03)
3181          	6.105901e-05	(0.000000e+00 0.000000e+00 -5.706577e-03)
3182          	6.108606e-05	(0.000000e+00 0.000000e+00 -5.706577e-03)
3183          	6.108831e-05	(0.000000e+00 0.000000e+00 -5.706577e-03)
3184          	6.109468e-05	(0.000000e+00 0.000000e+00 -5.706577e-03)
3185          	6.109666e-05	(0.000000e+00 0.000000e+00 -5.706577e-03)
3186          	6.110225e-05	(0.000000e+00 0.000000e+00 -5.706577e-03)
3187          	6.110388e-05	(0.000000e+00 0.000000e+00 -5.706577e-03)
3188          	6.112793e-05	(0.000000e+00 0.000000e+00 -5.706577e-03)
3189          	6.113614e-05	(0.000000e+00 0.000000e+00 -5.706577e-03)
3190          	6.115518e-05	(0.000000e+00 0.000000e+00 -5.706577e-03)
3191          	6.115652e-05	(0.000000e+00 0.000000e+00 -5.706577e-03)
3192          	6.116173e-05	(0.000000e+00 0.000000e+00 -5.706577e-03)
3193          	6.116248e-05	(0.000000e+00 0.000000e+00 -5.706577e-03)
3194          	6.116692e-05	(0.000000e+00 0.000000e+00 -5.706577e-03)
3195          	6.116741e-05	(0.000000e+00 0.000000e+00 -5.706577e-03)
3196          	6.117128e-05	(0.000000e+00 0.000000e+00 -5.706577e-03)
3197          	6.117158e-05	(0.000000e+00 0.000000e+00 -5.706577e-03)
3198          	6.117423e-05	(0.000000e+00 0.000000e+00 -5.706577e-03)
3199          	6.117437e-05	(0.000000e+00 0.000000e+00 -5.706577e-03)
3200          	6.119198e-05	(0.000000e+00 0.000000e+00 -5.706577e-03)
3201          	6.119218e-05	(0.000000e+00 0.000000e+00 -5.706577e-03)
3202          	6.120755e-05	(0.000000e+00 0.000000e+00 -5.706577e-03)
3203          	6.120802e-05	(0.000000e+00 0.000000e+00 -5.706577e-03)
3204          	6.121024e-05	(0.000000e+00 0.000000e+00 -5.706577e-03)
3205          	6.121037e-05	(0.000000e+00 0.000000e+00 -5.706577e-03)
3206          	6.121112e-05	(0.000000e+00 0.000000e+00 -5.706577e-03)
3207          	6.121764e-05	(0.000000e+00 0.000000e+00 -5.706577e-03)
3208          	6.122039e-05	(0.000000e+00 0.000000e+00 -5.706577e-03)
3209          	6.122149e-05	(0.000000e+00 0.000000e+00 -5.706577e-03)
3210          	6.122547e-05	(0.000000e+00 0.000000e+00 -5.706577e-03)
3211          	6.122703e-05	(0.000000e+00 0.000000e+00 -5.706577e-03)
3212          	6.123335e-05	(0.000000e+00 0.000000e+00 -5.706577e-03)
3213          	6.123642e-05	(0.000000e+00 0.000000e+00 -5.706577e-03)
3214          	6.124648e-05	(0.000000e+00 0.000000e+00 -5.706577e-03)
3215          	6.125080e-05	(0.000000e+00 0.000000e+00 -5.706577e-03)
3216          	6.126289e-05	(0.000000e+00 0.000000e+00 -5.706577e-03)
3217          	6.126826e-05	(0.000000e+00 0.000000e+00 -5.706577e-03)
3218          	6.128159e-05	(0.000000e+00 0.000000e+00 -5.706577e-03)
3219          	6.128843e-05	(0.000000e+00 0.000000e+00 -5.706577e-03)
3220          	6.130512e-05	(0.000000e+00 0.000000e+00 -5.706577e-03)
3221          	6.131367e-05	(0.000000e+00 0.000000e+00 -5.706577e-03)
3222          	6.133432e-05	(0.000000e+00 0.000000e+00 -5.706577e-03)
3223          	6.134509e-05	(0.000000e+00 0.000000e+00 -5.706577e-03)
3224          	6.136909e-05	(0.000000e+00 0.000000e+00 -5.706577e-03)
3225          	6.138037e-05	(0.000000e+00 0.000000e+00 -5.706577e-03)
3226          	6.140281e-05	(0.000000e+00 0.000000e+00 -5.706577e-03)
3227          	6.141114e-05	(0.000000e+00 0.000000e+00 -5.706577e-03)
3228          	6.142950e-05	(0.000000e+00 0.000000e+00 -5.706577e-03)
3229          	6.143556e-05	(0.000000e+00 0.000000e+00 -5.706577e-03)
3230          	6.145231e-05	(0.000000e+00 0.000000e+00 -5.706577e-03)
3231          	6.145707e-05	(0.000000e+00 0.000000e+00 -5.706577e-03)
3232          	6.147226e-05	(0.000000e+00 0.000000e+00 -5.706577e-03)
3233          	6.147604e-05	(0.000000e+00 0.000000e+00 -5.706577e-03)
3234          	6.148934e-05	(0.000000e+00 0.000000e+00 -5.706577e-03)
3235          	6.149235e-05	(0.000000e+00 0.000000e+00 -5.706577e-03)
3236          	6.150277e-05	(0.000000e+00 0.000000e+00 -5.706577e-03)
3237          	6.150519e-05	(0.000000e+00 0.000000e+00 -5.706577e-03)
3238          	6.151411e-05	(0.000000e+00 0.000000e+00 -5.706577e-03)
3239          	6.151602e-05	(0.000000e+00 0.000000e+00 -5.706577e-03)
3240          	6.152373e-05	(0.000000e+00 0.000000e+00 -5.706577e-03)
3241          	6.152530e-05	(0.000000e+00 0.000000e+00 -5.706577e-03)
3242          	6.152926e-05	(0.000000e+00 0.000000e+00 -5.706577e-03)
3243          	6.152957e-05	(0.000000e+00 0.000000e+00 -5.706577e-03)
3244          	6.153316e-05	(0.000000e+00 0.000000e+00 -5.706577e-03)
3245          	6.153323e-05	(0.000000e+00 0.000000e+00 -5.706577e-03)
3246          	6.153599e-05	(0.000000e+00 0.000000e+00 -5.706577e-03)
3247          	6.153561e-05	(0.000000e+00 0.000000e+00 -5.706577e-03)
3248          	6.153682e-05	(0.000000e+00 0.000000e+00 -5.706577e-03)
3249          	6.153590e-05	(0.000000e+00 0.000000e+00 -5.706577e-03)
3250          	6.153525e-05	(0.000000e+00 0.000000e+00 -5.706577e-03)
3251          	6.153381e-05	(0.000000e+00 0.000000e+00 -5.706577e-03)
3252          	6.153145e-05	(0.000000e+00 0.000000e+00 -5.706577e-03)
3253          	6.152948e-05	(0.000000e+00 0.000000e+00 -5.706577e-03)
3254          	6.152581e-05	(0.000000e+00 0.000000e+00 -5.706577e-03)
3255          	6.152329e-05	(0.000000e+00 0.000000e+00 -5.706577e-03)
3256          	6.151871e-05	(0.000000e+00 0.000000e+00 -5.706577e-03)
3257          	6.151554e-05	(0.000000e+00 0.000000e+00 -5.706577e-03)
3258          	6.151071e-05	(0.000000e+00 0.000000e+00 -5.706577e-03)
3259          	6.150706e-05	(0.000000e+00 0.000000e+00 -5.706577e-03)
3260          	6.150305e-05	(0.000000e+00 0.000000e+00 -5.706577e-03)
3261          	6.150073e-05	(0.000000e+00 0.000000e+00 -5.706577e-03)
3262          	6.149465e-05	(0.000000e+00 0.000000e+00 -5.706577e-03)
3263          	6.149200e-05	(0.000000e+00 0.000000e+00 -5.706577e-03)
3264          	6.148675e-05	(0.000000e+00 0.000000e+00 -5.706577e-03)
3265          	6.148504e-05	(0.000000e+00 0.000000e+00 -5.706577e-03)
3266          	6.147953e-05	(0.000000e+00 0.000000e+00 -5.706577e-03)
3267          	6.147750e-05	(0.000000e+00 0.000000e+00 -5.706577e-03)
3268          	6.147116e-05	(0.000000e+00 0.000000e+00 -5.706577e-03)
3269          	6.146871e-05	(0.000000e+00 0.000000e+00 -5.706577e-03)
3270          	6.146171e-05	(0.000000e+00 0.000000e+00 -5.706577e-03)
3271          	6.145957e-05	(0.000000e+00 0.000000e+00 -5.706577e-03)
3272          	6.145561e-05	(0.000000e+00 0.000000e+00 -5.706577e-03)
3273          	6.145403e-05	(0.000000e+00 0.000000e+00 -5.706577e-03)
3274          	6.145283e-05	(0.000000e+00 0.000000e+00 -5.706577e-03)
3275          	6.145132e-05	(0.000000e+00 0.000000e+00 -5.706577e-03)
3276          	6.145110e-05	(0.000000e+00 0.000000e+00 -5.706577e-03)
3277          	6.144917e-05	(0.000000e+00 0.000000e+00 -5.706577e-03)
3278          	6.144886e-05	(0.000000e+00 0.000000e+00 -5.706577e-03)
3279          	6.144609e-05	(0.000000e+00 0.000000e+00 -5.706577e-03)
3280          	6.144785e-05	(0.000000e+00 0.000000e+00 -5.706577e-03)
3281          	6.144783e-05	(0.000000e+00 0.000000e+00 -5.706577e-03)
3282          	6.144878e-05	(0.000000e+00 0.000000e+00 -5.706577e-03)
3283          	6.145746e-05	(0.000000e+00 0.000000e+00 -5.706577e-03)
3284          	6.145996e-05	(0.000000e+00 0.000000e+00 -5.706577e-03)
3285          	6.146740e-05	(0.000000e+00 0.000000e+00 -5.706577e-03)
3286          	6.147261e-05	(0.000000e+00 0.000000e+00 -5.706577e-03)
3287          	6.147287e-05	(0.000000e+00 0.000000e+00 -5.706577e-03)
3288          	6.148026e-05	(0.000000e+00 0.000000e+00 -5.706577e-03)
3289          	6.148112e-05	(0.000000e+00 0.000000e+00 -5.706577e-03)
3290          	6.150124e-05	(0.000000e+00 0.000000e+00 -5.706577e-03)
3291          	6.150276e-05	(0.000000e+00 0.000000e+00 -5.706577e-03)
3292          	6.151145e-05	(0.000000e+00 0.000000e+00 -5.706577e-03)
3293          	6.151348e-05	(0.000000e+00 0.000000e+00 -5.706577e-03)
3294          	6.152362e-05	(0.000000e+00 0.000000e+00 -5.706577e-03)
3295          	6.152627e-05	(0.000000e+00 0.000000e+00 -5.706577e-03)
3296          	6.153802e-05	(0.000000e+00 0.000000e+00 -5.706577e-03)
3297          	6.154122e-05	(0.000000e+00 0.000000e+00 -5.706577e-03)
3298          	6.155437e-05	(0.000000e+00 0.000000e+00 -5.706577e-03)
3299          	6.155796e-05	(0.000000e+00 0.000000e+00 -5.706577e-03)
3300          	6.157232e-05	(0.000000e+00 0.000000e+00 -5.706577e-03)
3301          	6.157626e-05	(0.000000e+00 0.000000e+00 -5.706577e-03)
3302          	6.159140e-05	(0.000000e+00 0.000000e+00 -5.706577e-03)
3303          	6.159568e-05	(0.000000e+00 0.000000e+00 -5.706577e-03)
3304          	6.161055e-05	(0.000000e+00 0.000000e+00 -5.706577e-03)
3305          	6.161469e-05	(0.000000e+00 0.000000e+00 -5.706577e-03)
3306          	6.162849e-05	(0.000000e+00 0.000000e+00 -5.706577e-03)
3307          	6.163226e-05	(0.000000e+00 0.000000e+00 -5.706577e-03)
3308          	6.164476e-05	(0.000000e+00 0.000000e+00 -5.706577e-03)
3309          	6.164819e-05	(0.000000e+00 0.000000e+00 -5.706577e-03)
3310          	6.165924e-05	(0.000000e+00 0.000000e+00 -5.706577e-03)
3311          	6.166256e-05	(0.000000e+00 0.000000e+00 -5.706577e-03)
3312          	6.167245e-05	(0.000000e+00 0.000000e+00 -5.706577e-03)
3313          	6.167530e-05	(0.000000e+00 0.000000e+00 -5.706577e-03)
3314          	6.168305e-05	(0.000000e+00 0.000000e+00 -5.706577e-03)
3315          	6.168547e-05	(0.000000e+00 0.000000e+00 -5.706577e-03)
3316          	6.169038e-05	(0.000000e+00 0.000000e+00 -5.706577e-03)
3317          	6.169205e-05	(0.000000e+00 0.000000e+00 -5.706577e-03)
3318          	6.169522e-05	(0.000000e+00 0.000000e+00 -5.706577e-03)
3319          	6.169640e-05	(0.000000e+00 0.000000e+00 -5.706577e-03)
3320          	6.169630e-05	(0.000000e+00 0.000000e+00 -5.706577e-03)
3321          	6.169684e-05	(0.000000e+00 0.000000e+00 -5.706577e-03)
3322          	6.169161e-05	(0.000000e+00 0.000000e+00 -5.706577e-03)
3323          	6.169173e-05	(0.000000e+00 0.000000e+00 -5.706577e-03)
3324          	6.168341e-05	(0.000000e+00 0.000000e+00 -5.706577e-03)
3325          	6.168244e-05	(0.000000e+00 0.000000e+00 -5.706577e-03)
3326          	6.167132e-05	(0.000000e+00 0.000000e+00 -5.706577e-03)
3327          	6.166938e-05	(0.000000e+00 0.000000e+00 -5.706577e-03)
3328          	6.165625e-05	(0.000000e+00 0.000000e+00 -5.706577e-03)
3329          	6.165305e-05	(0.000000e+00 0.000000e+00 -5.706577e-03)
3330          	6.163895e-05	(0.000000e+00 0.000000e+00 -5.706577e-03)
3331          	6.163480e-05	(0.000000e+00 0.000000e+00 -5.706577e-03)
3332          	6.162010e-05	(0.000000e+00 0.000000e+00 -5.706577e-03)
3333          	6.161553e-05	(0.000000e+00 0.000000e+00 -5.706577e-03)
3334          	6.160084e-05	(0.000000e+00 0.000000e+00 -5.706577e-03)
3335          	6.159574e-05	(0.000000e+00 0.000000e+00 -5.706577e-03)
3336          	6.157966e-05	(0.000000e+00 0.000000e+00 -5.706577e-03)
3337          	6.157379e-05	(0.000000e+00 0.000000e+00 -5.706577e-03)
3338          	6.155693e-05	(0.000000e+00 0.000000e+00 -5.706577e-03)
3339          	6.153277e-05	(0.000000e+00 0.000000e+00 -5.706577e-03)
3340          	6.151717e-05	(0.000000e+00 0.000000e+00 -5.706577e-03)
3341          	6.150963e-05	(0.000000e+00 0.000000e+00 -5.706577e-03)
3342          	6.149651e-05	(0.000000e+00 0.000000e+00 -5.706577e-03)
3343          	6.148916e-05	(0.000000e+00 0.000000e+00 -5.706577e-03)
3344          	6.147754e-05	(0.000000e+00 0.000000e+00 -5.706577e-03)
3345          	6.147015e-05	(0.000000e+00 0.000000e+00 -5.706577e-03)
3346          	6.141700e-05	(0.000000e+00 0.000000e+00 -5.706577e-03)
3347          	6.141084e-05	(0.000000e+00 0.000000e+00 -5.706577e-03)
3348          	6.139550e-05	(0.000000e+00 0.000000e+00 -5.706577e-03)
3349          	6.139026e-05	(0.000000e+00 0.000000e+00 -5.706577e-03)
3350          	6.137564e-05	(0.000000e+00 0.000000e+00 -5.706577e-03)
3351          	6.137099e-05	(0.000000e+00 0.000000e+00 -5.706577e-03)
3352          	6.135997e-05	(0.000000e+00 0.000000e+00 -5.706577e-03)
3353          	6.135624e-05	(0.000000e+00 0.000000e+00 -5.706577e-03)
3354          	6.134753e-05	(0.000000e+00 0.000000e+00 -5.706577e-03)
3355          	6.134466e-05	(0.000000e+00 0.000000e+00 -5.706577e-03)
3356          	6.133755e-05	(0.000000e+00 0.000000e+00 -5.706577e-03)
3357          	6.133522e-05	(0.000000e+00 0.000000e+00 -5.706577e-03)
3358          	6.132980e-05	(0.000000e+00 0.000000e+00 -5.706577e-03)
3359          	6.132888e-05	(0.000000e+00 0.000000e+00 -5.706577e-03)
3360          	6.132578e-05	(0.000000e+00 0.000000e+00 -5.706577e-03)
3361          	6.132561e-05	(0.000000e+00 0.000000e+00 -5.706577e-03)
3362          	6.132786e-05	(0.000000e+00 0.000000e+00 -5.706577e-03)
3363          	6.132892e-05	(0.000000e+00 0.000000e+00 -5.706577e-03)
3364          	6.133604e-05	(0.000000e+00 0.000000e+00 -5.706577e-03)
3365          	6.133855e-05	(0.000000e+00 0.000000e+00 -5.706577e-03)
3366          	6.134969e-05	(0.000000e+00 0.000000e+00 -5.706577e-03)
3367          	6.135337e-05	(0.000000e+00 0.000000e+00 -5.706577e-03)
3368          	6.136683e-05	(0.000000e+00 0.000000e+00 -5.706577e-03)
3369          	6.137099e-05	(0.000000e+00 0.000000e+00 -5.706577e-03)
3370          	6.138352e-05	(0.000000e+00 0.000000e+00 -5.706577e-03)
3371          	6.138738e-05	(0.000000e+00 0.000000e+00 -5.706577e-03)
3372          	6.139948e-05	(0.000000e+00 0.000000e+00 -5.706577e-03)
3373          	6.140375e-05	(0.000000e+00 0.000000e+00 -5.706577e-03)
3374          	6.141549e-05	(0.000000e+00 0.000000e+00 -5.706577e-03)
3375          	6.141985e-05	(0.000000e+00 0.000000e+00 -5.706577e-03)
3376          	6.143276e-05	(0.000000e+00 0.000000e+00 -5.706577e-03)
3377          	6.143777e-05	(0.000000e+00 0.000000e+00 -5.706577e-03)
3378          	6.145189e-05	(0.000000e+00 0.000000e+00 -5.706577e-03)
3379          	6.145719e-05	(0.000000e+00 0.000000e+00 -5.706577e-03)
3380          	6.147321e-05	(0.000000e+00 0.000000e+00 -5.706577e-03)
3381          	6.147876e-05	(0.000000e+00 0.000000e+00 -5.706577e-03)
3382          	6.149373e-05	(0.000000e+00 0.000000e+00 -5.706577e-03)
3383          	6.149870e-05	(0.000000e+00 0.000000e+00 -5.706577e-03)
3384          	6.151372e-05	(0.000000e+00 0.000000e+00 -5.706577e-03)
3385          	6.151860e-05	(0.000000e+00 0.000000e+00 -5.706577e-03)
3386          	6.153267e-05	(0.000000e+00 0.000000e+00 -5.706577e-03)
3387          	6.153691e-05	(0.000000e+00 0.000000e+00 -5.706577e-03)
3388          	6.155042e-05	(0.000000e+00 0.000000e+00 -5.706577e-03)
3389          	6.155451e-05	(0.000000e+00 0.000000e+00 -5.706577e-03)
3390          	6.156733e-05	(0.000000e+00 0.000000e+00 -5.706577e-03)
3391          	6.157118e-05	(0.000000e+00 0.000000e+00 -5.706577e-03)
3392          	6.158425e-05	(0.000000e+00 0.000000e+00 -5.706577e-03)
3393          	6.158777e-05	(0.000000e+00 0.000000e+00 -5.706577e-03)
3394          	6.159829e-05	(0.000000e+00 0.000000e+00 -5.706577e-03)
3395          	6.160371e-05	(0.000000e+00 0.000000e+00 -5.706577e-03)
3396          	6.161201e-05	(0.000000e+00 0.000000e+00 -5.706577e-03)
3397          	6.161810e-05	(0.000000e+00 0.000000e+00 -5.706577e-03)
3398          	6.162343e-05	(0.000000e+00 0.000000e+00 -5.706577e-03)
3399          	6.162543e-05	(0.000000e+00 0.000000e+00 -5.706577e-03)
3400          	6.162952e-05	(0.000000e+00 0.000000e+00 -5.706577e-03)
3401          	6.163156e-05	(0.000000e+00 0.000000e+00 -5.706577e-03)
3402          	6.163420e-05	(0.000000e+00 0.000000e+00 -5.706577e-03)
3403          	6.163572e-05	(0.000000e+00 0.000000e+00 -5.706577e-03)
3404          	6.163700e-05	(0.000000e+00 0.000000e+00 -5.706577e-03)
3405          	6.163834e-05	(0.000000e+00 0.000000e+00 -5.706577e-03)
3406          	6.163876e-05	(0.000000e+00 0.000000e+00 -5.706577e-03)
3407          	6.163972e-05	(0.000000e+00 0.000000e+00 -5.706577e-03)
3408          	6.163909e-05	(0.000000e+00 0.000000e+00 -5.706577e-03)
3409          	6.163967e-05	(0.000000e+00 0.000000e+00 -5.706577e-03)
3410          	6.165322e-05	(0.000000e+00 0.000000e+00 -5.706577e-03)
3411          	6.165320e-05	(0.000000e+00 0.000000e+00 -5.706577e-03)
3412          	6.165069e-05	(0.000000e+00 0.000000e+00 -5.706577e-03)
3413          	6.165049e-05	(0.000000e+00 0.000000e+00 -5.706577e-03)
3414          	6.164766e-05	(0.000000e+00 0.000000e+00 -5.706577e-03)
3415          	6.164710e-05	(0.000000e+00 0.000000e+00 -5.706577e-03)
3416          	6.164276e-05	(0.000000e+00 0.000000e+00 -5.706577e-03)
3417          	6.164163e-05	(0.000000e+00 0.000000e+00 -5.706577e-03)
3418          	6.163536e-05	(0.000000e+00 0.000000e+00 -5.706577e-03)
3419          	6.163359e-05	(0.000000e+00 0.000000e+00 -5.706577e-03)
3420          	6.162587e-05	(0.000000e+00 0.000000e+00 -5.706577e-03)
3421          	6.162343e-05	(0.000000e+00 0.000000e+00 -5.706577e-03)
3422          	6.161417e-05	(0.000000e+00 0.000000e+00 -5.706577e-03)
3423          	6.161115e-05	(0.000000e+00 0.000000e+00 -5.706577e-03)
3424          	6.160079e-05	(0.000000e+00 0.000000e+00 -5.706577e-03)
3425          	6.159718e-05	(0.000000e+00 0.000000e+00 -5.706577e-03)
3426          	6.158535e-05	(0.000000e+00 0.000000e+00 -5.706577e-03)
3427          	6.158150e-05	(0.000000e+00 0.000000e+00 -5.706577e-03)
3428          	6.156959e-05	(0.000000e+00 0.000000e+00 -5.706577e-03)
3429          	6.156569e-05	(0.000000e+00 0.000000e+00 -5.706577e-03)
3430          	6.155237e-05	(0.000000e+00 0.000000e+00 -5.706577e-03)
3431          	6.154819e-05	(0.000000e+00 0.000000e+00 -5.706577e-03)
3432          	6.153560e-05	(0.000000e+00 0.000000e+00 -5.706577e-03)
3433          	6.153123e-05	(0.000000e+00 0.000000e+00 -5.706577e-03)
3434          	6.151422e-05	(0.000000e+00 0.000000e+00 -5.706577e-03)
3435          	6.150902e-05	(0.000000e+00 0.000000e+00 -5.706577e-03)
3436          	6.149245e-05	(0.000000e+00 0.000000e+00 -5.706577e-03)
3437          	6.148782e-05	(0.000000e+00 0.000000e+00 -5.706577e-03)
3438          	6.147397e-05	(0.000000e+00 0.000000e+00 -5.706577e-03)
3439          	6.146932e-05	(0.000000e+00 0.000000e+00 -5.706577e-03)
3440          	6.145092e-05	(0.000000e+00 0.000000e+00 -5.706577e-03)
3441          	6.144638e-05	(0.000000e+00 0.000000e+00 -5.706577e-03)
3442          	6.142955e-05	(0.000000e+00 0.000000e+00 -5.706577e-03)
3443          	6.142440e-05	(0.000000e+00 0.000000e+00 -5.706577e-03)
3444          	6.140411e-05	(0.000000e+00 0.000000e+00 -5.706577e-03)
3445          	6.139891e-05	(0.000000e+00 0.000000e+00 -5.706577e-03)
3446          	6.137786e-05	(0.000000e+00 0.000000e+00 -5.706577e-03)
3447          	6.137154e-05	(0.000000e+00 0.000000e+00 -5.706577e-03)
3448          	6.134956e-05	(0.000000e+00 0.000000e+00 -5.706577e-03)
3449          	6.134414e-05	(0.000000e+00 0.000000e+00 -5.706577e-03)
3450          	6.132548e-05	(0.000000e+00 0.000000e+00 -5.706577e-03)
3451          	6.132101e-05	(0.000000e+00 0.000000e+00 -5.706577e-03)
3452          	6.130262e-05	(0.000000e+00 0.000000e+00 -5.706577e-03)
3453          	6.129823e-05	(0.000000e+00 0.000000e+00 -5.706577e-03)
3454          	6.127966e-05	(0.000000e+00 0.000000e+00 -5.706577e-03)
3455          	6.127578e-05	(0.000000e+00 0.000000e+00 -5.706577e-03)
3456          	6.125812e-05	(0.000000e+00 0.000000e+00 -5.706577e-03)
3457          	6.125365e-05	(0.000000e+00 0.000000e+00 -5.706577e-03)
3458          	6.123566e-05	(0.000000e+00 0.000000e+00 -5.706577e-03)
3459          	6.123177e-05	(0.000000e+00 0.000000e+00 -5.706577e-03)
3460          	6.121706e-05	(0.000000e+00 0.000000e+00 -5.706577e-03)
3461          	6.121309e-05	(0.000000e+00 0.000000e+00 -5.706577e-03)
3462          	6.119975e-05	(0.000000e+00 0.000000e+00 -5.706577e-03)
3463          	6.119704e-05	(0.000000e+00 0.000000e+00 -5.706577e-03)
3464          	6.118665e-05	(0.000000e+00 0.000000e+00 -5.706577e-03)
3465          	6.118421e-05	(0.000000e+00 0.000000e+00 -5.706577e-03)
3466          	6.117394e-05	(0.000000e+00 0.000000e+00 -5.706577e-03)
3467          	6.117180e-05	(0.000000e+00 0.000000e+00 -5.706577e-03)
3468          	6.116310e-05	(0.000000e+00 0.000000e+00 -5.706577e-03)
3469          	6.116095e-05	(0.000000e+00 0.000000e+00 -5.706577e-03)
3470          	6.115697e-05	(0.000000e+00 0.000000e+00 -5.706577e-03)
3471          	6.115556e-05	(0.000000e+00 0.000000e+00 -5.706577e-03)
3472          	6.115470e-05	(0.000000e+00 0.000000e+00 -5.706577e-03)
3473          	6.115398e-05	(0.000000e+00 0.000000e+00 -5.706577e-03)
3474          	6.115504e-05	(0.000000e+00 0.000000e+00 -5.706577e-03)
3475          	6.115427e-05	(0.000000e+00 0.000000e+00 -5.706577e-03)
3476          	6.115510e-05	(0.000000e+00 0.000000e+00 -5.706577e-03)
3477          	6.115461e-05	(0.000000e+00 0.000000e+00 -5.706577e-03)
3478          	6.115682e-05	(0.000000e+00 0.000000e+00 -5.706577e-03)
3479          	6.115700e-05	(0.000000e+00 0.000000e+00 -5.706577e-03)
3480          	6.116013e-05	(0.000000e+00 0.000000e+00 -5.706577e-03)
3481          	6.116131e-05	(0.000000e+00 0.000000e+00 -5.706577e-03)
3482          	6.116573e-05	(0.000000e+00 0.000000e+00 -5.706577e-03)
3483          	6.116703e-05	(0.000000e+00 0.000000e+00 -5.706577e-03)
3484          	6.117198e-05	(0.000000e+00 0.000000e+00 -5.706577e-03)
3485          	6.117386e-05	(0.000000e+00 0.000000e+00 -5.706577e-03)
3486          	6.117976e-05	(0.000000e+00 0.000000e+00 -5.706577e-03)
3487          	6.118193e-05	(0.000000e+00 0.000000e+00 -5.706577e-03)
3488          	6.118837e-05	(0.000000e+00 0.000000e+00 -5.706577e-03)
3489          	6.119103e-05	(0.000000e+00 0.000000e+00 -5.706577e-03)
3490          	6.119730e-05	(0.000000e+00 0.000000e+00 -5.706577e-03)
3491          	6.119939e-05	(0.000000e+00 0.000000e+00 -5.706577e-03)
3492          	6.120403e-05	(0.000000e+00 0.000000e+00 -5.706577e-03)
3493          	6.120567e-05	(0.000000e+00 0.000000e+00 -5.706577e-03)
3494          	6.120888e-05	(0.000000e+00 0.000000e+00 -5.706577e-03)
3495          	6.120971e-05	(0.000000e+00 0.000000e+00 -5.706577e-03)
3496          	6.121196e-05	(0.000000e+00 0.000000e+00 -5.706577e-03)
3497          	6.121288e-05	(0.000000e+00 0.000000e+00 -5.706577e-03)
3498          	6.121588e-05	(0.000000e+00 0.000000e+00 -5.706577e-03)
3499          	6.121691e-05	(0.000000e+00 0.000000e+00 -5.706577e-03)
3500          	6.122025e-05	(0.000000e+00 0.000000e+00 -5.706577e-03)
3501          	6.122148e-05	(0.000000e+00 0.000000e+00 -5.706577e-03)
3502          	6.122460e-05	(0.000000e+00 0.000000e+00 -5.706577e-03)
3503          	6.122543e-05	(0.000000e+00 0.000000e+00 -5.706577e-03)
3504          	6.122650e-05	(0.000000e+00 0.000000e+00 -5.706577e-03)
3505          	6.122648e-05	(0.000000e+00 0.000000e+00 -5.706577e-03)
3506          	6.122580e-05	(0.000000e+00 0.000000e+00 -5.706577e-03)
3507          	6.122527e-05	(0.000000e+00 0.000000e+00 -5.706577e-03)
3508          	6.122368e-05	(0.000000e+00 0.000000e+00 -5.706577e-03)
3509          	6.122302e-05	(0.000000e+00 0.000000e+00 -5.706577e-03)
3510          	6.122202e-05	(0.000000e+00 0.000000e+00 -5.706577e-03)
3511          	6.122156e-05	(0.000000e+00 0.000000e+00 -5.706577e-03)
3512          	6.122176e-05	(0.000000e+00 0.000000e+00 -5.706577e-03)
3513          	6.122164e-05	(0.000000e+00 0.000000e+00 -5.706577e-03)
3514          	6.122252e-05	(0.000000e+00 0.000000e+00 -5.706577e-03)
3515          	6.122259e-05	(0.000000e+00 0.000000e+00 -5.706577e-03)
3516          	6.122263e-05	(0.000000e+00 0.000000e+00 -5.706577e-03)
3517          	6.122248e-05	(0.000000e+00 0.000000e+00 -5.706577e-03)
3518          	6.122158e-05	(0.000000e+00 0.000000e+00 -5.706577e-03)
3519          	6.122097e-05	(0.000000e+00 0.000000e+00 -5.706577e-03)
3520          	6.121869e-05	(0.000000e+00 0.000000e+00 -5.706577e-03)
3521          	6.121869e-05	(0.000000e+00 0.000000e+00 -5.706577e-03)
3522          	6.121944e-05	(0.000000e+00 0.000000e+00 -5.706577e-03)
3523          	6.121976e-05	(0.000000e+00 0.000000e+00 -5.706577e-03)
3524          	6.122401e-05	(0.000000e+00 0.000000e+00 -5.706577e-03)
3525          	6.122614e-05	(0.000000e+00 0.000000e+00 -5.706577e-03)
3526          	6.123673e-05	(0.000000e+00 0.000000e+00 -5.706577e-03)
3527          	6.123997e-05	(0.000000e+00 0.000000e+00 -5.706577e-03)
3528          	6.125362e-05	(0.000000e+00 0.000000e+00 -5.706577e-03)
3529          	6.125833e-05	(0.000000e+00 0.000000e+00 -5.706577e-03)
3530          	6.127004e-05	(0.000000e+00 0.000000e+00 -5.706577e-03)
3531          	6.127428e-05	(0.000000e+00 0.000000e+00 -5.706577e-03)
3532          	6.130087e-05	(0.000000e+00 0.000000e+00 -5.706577e-03)
3533          	6.130897e-05	(0.000000e+00 0.000000e+00 -5.706577e-03)
3534          	6.134438e-05	(0.000000e+00 0.000000e+00 -5.706577e-03)
3535          	6.135463e-05	(0.000000e+00 0.000000e+00 -5.706577e-03)
3536          	6.150043e-05	(0.000000e+00 0.000000e+00 -5.706577e-03)
3537          	6.152876e-05	(0.000000e+00 0.000000e+00 -5.706577e-03)
3538          	6.156642e-05	(0.000000e+00 0.000000e+00 -5.706577e-03)
3539          	6.157569e-05	(0.000000e+00 0.000000e+00 -5.706577e-03)
3540          	6.161750e-05	(0.000000e+00 0.000000e+00 -5.706577e-03)
3541          	6.163174e-05	(0.000000e+00 0.000000e+00 -5.706577e-03)
3542          	6.166483e-05	(0.000000e+00 0.000000e+00 -5.706577e-03)
3543          	6.167127e-05	(0.000000e+00 0.000000e+00 -5.706577e-03)
3544          	6.170152e-05	(0.000000e+00 0.000000e+00 -5.706577e-03)
3545          	6.171188e-05	(0.000000e+00 0.000000e+00 -5.706577e-03)
3546          	6.172858e-05	(0.000000e+00 0.000000e+00 -5.706577e-03)
3547          	6.174965e-05	(0.000000e+00 0.000000e+00 -5.706577e-03)
3548          	6.176215e-05	(0.000000e+00 0.000000e+00 -5.706577e-03)
3549          	6.176538e-05	(0.000000e+00 0.000000e+00 -5.706577e-03)
3550          	6.177548e-05	(0.000000e+00 0.000000e+00 -5.706577e-03)
3551          	6.177772e-05	(0.000000e+00 0.000000e+00 -5.706577e-03)
3552          	6.178540e-05	(0.000000e+00 0.000000e+00 -5.706577e-03)
3553          	6.178693e-05	(0.000000e+00 0.000000e+00 -5.706577e-03)
3554          	6.179412e-05	(0.000000e+00 0.000000e+00 -5.706577e-03)
3555          	6.179420e-05	(0.000000e+00 0.000000e+00 -5.706577e-03)
3556          	6.179739e-05	(0.000000e+00 0.000000e+00 -5.706577e-03)
3557          	6.179729e-05	(0.000000e+00 0.000000e+00 -5.706577e-03)
3558          	6.180191e-05	(0.000000e+00 0.000000e+00 -5.706577e-03)
3559          	6.180131e-05	(0.000000e+00 0.000000e+00 -5.706577e-03)
3560          	6.180380e-05	(0.000000e+00 0.000000e+00 -5.706577e-03)
3561          	6.180252e-05	(0.000000e+00 0.000000e+00 -5.706577e-03)
3562          	6.180380e-05	(0.000000e+00 0.000000e+00 -5.706577e-03)
3563          	6.180320e-05	(0.000000e+00 0.000000e+00 -5.706577e-03)
3564          	6.180417e-05	(0.000000e+00 0.000000e+00 -5.706577e-03)
3565          	6.180247e-05	(0.000000e+00 0.000000e+00 -5.706577e-03)
3566          	6.179849e-05	(0.000000e+00 0.000000e+00 -5.706577e-03)
3567          	6.179513e-05	(0.000000e+00 0.000000e+00 -5.706577e-03)
3568          	6.178912e-05	(0.000000e+00 0.000000e+00 -5.706577e-03)
3569          	6.178618e-05	(0.000000e+00 0.000000e+00 -5.706577e-03)
3570          	6.178159e-05	(0.000000e+00 0.000000e+00 -5.706577e-03)
3571          	6.177845e-05	(0.000000e+00 0.000000e+00 -5.706577e-03)
3572          	6.177078e-05	(0.000000e+00 0.000000e+00 -5.706577e-03)
3573          	6.176648e-05	(0.000000e+00 0.000000e+00 -5.706577e-03)
3574          	6.175726e-05	(0.000000e+00 0.000000e+00 -5.706577e-03)
3575          	6.175372e-05	(0.000000e+00 0.000000e+00 -5.706577e-03)
3576          	6.174770e-05	(0.000000e+00 0.000000e+00 -5.706577e-03)
3577          	6.174502e-05	(0.000000e+00 0.000000e+00 -5.706577e-03)
3578          	6.174033e-05	(0.000000e+00 0.000000e+00 -5.706577e-03)
3579          	6.173732e-05	(0.000000e+00 0.000000e+00 -5.706577e-03)
3580          	6.173329e-05	(0.000000e+00 0.000000e+00 -5.706577e-03)
3581          	6.173082e-05	(0.000000e+00 0.000000e+00 -5.706577e-03)
3582          	6.172620e-05	(0.000000e+00 0.000000e+00 -5.706577e-03)
3583          	6.172201e-05	(0.000000e+00 0.000000e+00 -5.706577e-03)
3584          	6.171699e-05	(0.000000e+00 0.000000e+00 -5.706577e-03)
3585          	6.171519e-05	(0.000000e+00 0.000000e+00 -5.706577e-03)
3586          	6.171451e-05	(0.000000e+00 0.000000e+00 -5.706577e-03)
3587          	6.171639e-05	(0.000000e+00 0.000000e+00 -5.706577e-03)
3588          	6.171492e-05	(0.000000e+00 0.000000e+00 -5.706577e-03)
3589          	6.171451e-05	(0.000000e+00 0.000000e+00 -5.706577e-03)
3590          	6.171066e-05	(0.000000e+00 0.000000e+00 -5.706577e-03)
3591          	6.170865e-05	(0.000000e+00 0.000000e+00 -5.706577e-03)
3592          	6.170603e-05	(0.000000e+00 0.000000e+00 -5.706577e-03)
3593          	6.170472e-05	(0.000000e+00 0.000000e+00 -5.706577e-03)
3594          	6.170271e-05	(0.000000e+00 0.000000e+00 -5.706577e-03)
3595          	6.170104e-05	(0.000000e+00 0.000000e+00 -5.706577e-03)
3596          	6.170004e-05	(0.000000e+00 0.000000e+00 -5.706577e-03)
3597          	6.169951e-05	(0.000000e+00 0.000000e+00 -5.706577e-03)
3598          	6.169886e-05	(0.000000e+00 0.000000e+00 -5.706577e-03)
3599          	6.169856e-05	(0.000000e+00 0.000000e+00 -5.706577e-03)
3600          	6.169807e-05	(0.000000e+00 0.000000e+00 -5.706577e-03)
3601          	6.169651e-05	(0.000000e+00 0.000000e+00 -5.706577e-03)
3602          	6.169880e-05	(0.000000e+00 0.000000e+00 -5.706577e-03)
3603          	6.169154e-05	(0.000000e+00 0.000000e+00 -5.706577e-03)
3604          	6.169552e-05	(0.000000e+00 0.000000e+00 -5.706577e-03)
3605          	6.168574e-05	(0.000000e+00 0.000000e+00 -5.706577e-03)
3606          	6.166927e-05	(0.000000e+00 0.000000e+00 -5.706577e-03)
3607          	6.166994e-05	(0.000000e+00 0.000000e+00 -5.706577e-03)
3608          	6.167401e-05	(0.000000e+00 0.000000e+00 -5.706577e-03)
3609          	6.167512e-05	(0.000000e+00 0.000000e+00 -5.706577e-03)
3610          	6.167990e-05	(0.000000e+00 0.000000e+00 -5.706577e-03)
3611          	6.168141e-05	(0.000000e+00 0.000000e+00 -5.706577e-03)
3612          	6.168642e-05	(0.000000e+00 0.000000e+00 -5.706577e-03)
3613          	6.168808e-05	(0.000000e+00 0.000000e+00 -5.706577e-03)
3614          	6.169456e-05	(0.000000e+00 0.000000e+00 -5.706577e-03)
3615          	6.169606e-05	(0.000000e+00 0.000000e+00 -5.706577e-03)
3616          	6.170174e-05	(0.000000e+00 0.000000e+00 -5.706577e-03)
3617          	6.170307e-05	(0.000000e+00 0.000000e+00 -5.706577e-03)
3618          	6.170908e-05	(0.000000e+00 0.000000e+00 -5.706577e-03)
3619          	6.171147e-05	(0.000000e+00 0.000000e+00 -5.706577e-03)
3620          	6.171966e-05	(0.000000e+00 0.000000e+00 -5.706577e-03)
3621          	6.172187e-05	(0.000000e+00 0.000000e+00 -5.706577e-03)
3622          	6.172801e-05	(0.000000e+00 0.000000e+00 -5.706577e-03)
3623          	6.173000e-05	(0.000000e+00 0.000000e+00 -5.706577e-03)
3624          	6.173686e-05	(0.000000e+00 0.000000e+00 -5.706577e-03)
3625          	6.173799e-05	(0.000000e+00 0.000000e+00 -5.706577e-03)
3626          	6.171245e-05	(0.000000e+00 0.000000e+00 -5.706577e-03)
3627          	6.171363e-05	(0.000000e+00 0.000000e+00 -5.706577e-03)
3628          	6.171660e-05	(0.000000e+00 0.000000e+00 -5.706577e-03)
3629          	6.171761e-05	(0.000000e+00 0.000000e+00 -5.706577e-03)
3630          	6.171928e-05	(0.000000e+00 0.000000e+00 -5.706577e-03)
3631          	6.172021e-05	(0.000000e+00 0.000000e+00 -5.706577e-03)
3632          	6.172049e-05	(0.000000e+00 0.000000e+00 -5.706577e-03)
3633          	6.172113e-05	(0.000000e+00 0.000000e+00 -5.706577e-03)
3634          	6.172059e-05	(0.000000e+00 0.000000e+00 -5.706577e-03)
3635          	6.172112e-05	(0.000000e+00 0.000000e+00 -5.706577e-03)
3636          	6.171503e-05	(0.000000e+00 0.000000e+00 -5.706577e-03)
3637          	6.171421e-05	(0.000000e+00 0.000000e+00 -5.706577e-03)
3638          	6.170802e-05	(0.000000e+00 0.000000e+00 -5.706577e-03)
3639          	6.170730e-05	(0.000000e+00 0.000000e+00 -5.706577e-03)
3640          	6.170184e-05	(0.000000e+00 0.000000e+00 -5.706577e-03)
3641          	6.170071e-05	(0.000000e+00 0.000000e+00 -5.706577e-03)
3642          	6.169148e-05	(0.000000e+00 0.000000e+00 -5.706577e-03)
3643          	6.168917e-05	(0.000000e+00 0.000000e+00 -5.706577e-03)
3644          	6.167794e-05	(0.000000e+00 0.000000e+00 -5.706577e-03)
3645          	6.167506e-05	(0.000000e+00 0.000000e+00 -5.706577e-03)
3646          	6.166547e-05	(0.000000e+00 0.000000e+00 -5.706577e-03)
3647          	6.166267e-05	(0.000000e+00 0.000000e+00 -5.706577e-03)
3648          	6.164996e-05	(0.000000e+00 0.000000e+00 -5.706577e-03)
3649          	6.164664e-05	(0.000000e+00 0.000000e+00 -5.706577e-03)
3650          	6.163655e-05	(0.000000e+00 0.000000e+00 -5.706577e-03)
3651          	6.163305e-05	(0.000000e+00 0.000000e+00 -5.706577e-03)
3652          	6.162352e-05	(0.000000e+00 0.000000e+00 -5.706577e-03)
3653          	6.162033e-05	(0.000000e+00 0.000000e+00 -5.706577e-03)
3654          	6.160765e-05	(0.000000e+00 0.000000e+00 -5.706577e-03)
3655          	6.160352e-05	(0.000000e+00 0.000000e+00 -5.706577e-03)
3656          	6.158934e-05	(0.000000e+00 0.000000e+00 -5.706577e-03)
3657          	6.158569e-05	(0.000000e+00 0.000000e+00 -5.706577e-03)
3658          	6.157352e-05	(0.000000e+00 0.000000e+00 -5.706577e-03)
3659          	6.157095e-05	(0.000000e+00 0.000000e+00 -5.706577e-03)
3660          	6.156231e-05	(0.000000e+00 0.000000e+00 -5.706577e-03)
3661          	6.155972e-05	(0.000000e+00 0.000000e+00 -5.706577e-03)
3662          	6.155264e-05	(0.000000e+00 0.000000e+00 -5.706577e-03)
3663          	6.155041e-05	(0.000000e+00 0.000000e+00 -5.706577e-03)
3664          	6.154458e-05	(0.000000e+00 0.000000e+00 -5.706577e-03)
3665          	6.154268e-05	(0.000000e+00 0.000000e+00 -5.706577e-03)
3666          	6.153943e-05	(0.000000e+00 0.000000e+00 -5.706577e-03)
3667          	6.153840e-05	(0.000000e+00 0.000000e+00 -5.706577e-03)
3668          	6.153640e-05	(0.000000e+00 0.000000e+00 -5.706577e-03)
3669          	6.153189e-05	(0.000000e+00 0.000000e+00 -5.706577e-03)
3670          	6.153188e-05	(0.000000e+00 0.000000e+00 -5.706577e-03)
3671          	6.152697e-05	(0.000000e+00 0.000000e+00 -5.706577e-03)
3672          	6.152814e-05	(0.000000e+00 0.000000e+00 -5.706577e-03)
3673          	6.152437e-05	(0.000000e+00 0.000000e+00 -5.706577e-03)
3674          	6.152558e-05	(0.000000e+00 0.000000e+00 -5.706577e-03)
3675          	6.152213e-05	(0.000000e+00 0.000000e+00 -5.706577e-03)
3676          	6.152534e-05	(0.000000e+00 0.000000e+00 -5.706577e-03)
3677          	6.152273e-05	(0.000000e+00 0.000000e+00 -5.706577e-03)
3678          	6.152812e-05	(0.000000e+00 0.000000e+00 -5.706577e-03)
3679          	6.152652e-05	(0.000000e+00 0.000000e+00 -5.706577e-03)
3680          	6.153418e-05	(0.000000e+00 0.000000e+00 -5.706577e-03)
3681          	6.153721e-05	(0.000000e+00 0.000000e+00 -5.706577e-03)
3682          	6.154846e-05	(0.000000e+00 0.000000e+00 -5.706577e-03)
3683          	6.155201e-05	(0.000000e+00 0.000000e+00 -5.706577e-03)
3684          	6.156320e-05	(0.000000e+00 0.000000e+00 -5.706577e-03)
3685          	6.156714e-05	(0.000000e+00 0.000000e+00 -5.706577e-03)
3686          	6.158334e-05	(0.000000e+00 0.000000e+00 -5.706577e-03)
3687          	6.158253e-05	(0.000000e+00 0.000000e+00 -5.706577e-03)
3688          	6.159731e-05	(0.000000e+00 0.000000e+00 -5.706577e-03)
3689          	6.159600e-05	(0.000000e+00 0.000000e+00 -5.706577e-03)
3690          	6.161059e-05	(0.000000e+00 0.000000e+00 -5.706577e-03)
3691          	6.161509e-05	(0.000000e+00 0.000000e+00 -5.706577e-03)
3692          	6.162980e-05	(0.000000e+00 0.000000e+00 -5.706577e-03)
3693          	6.163441e-05	(0.000000e+00 0.000000e+00 -5.706577e-03)
3694          	6.163599e-05	(0.000000e+00 0.000000e+00 -5.706577e-03)
3695          	6.164033e-05	(0.000000e+00 0.000000e+00 -5.706577e-03)
3696          	6.164563e-05	(0.000000e+00 0.000000e+00 -5.706577e-03)
3697          	6.164929e-05	(0.000000e+00 0.000000e+00 -5.706577e-03)
3698          	6.166246e-05	(0.000000e+00 0.000000e+00 -5.706577e-03)
3699          	6.166690e-05	(0.000000e+00 0.000000e+00 -5.706577e-03)
3700          	6.167968e-05	(0.000000e+00 0.000000e+00 -5.706577e-03)
3701          	6.168355e-05	(0.000000e+00 0.000000e+00 -5.706577e-03)
3702          	6.169764e-05	(0.000000e+00 0.000000e+00 -5.706577e-03)
3703          	6.170119e-05	(0.000000e+00 0.000000e+00 -5.706577e-03)
3704          	6.171269e-05	(0.000000e+00 0.000000e+00 -5.706577e-03)
3705          	6.171543e-05	(0.000000e+00 0.000000e+00 -5.706577e-03)
3706          	6.172253e-05	(0.000000e+00 0.000000e+00 -5.706577e-03)
3707          	6.172499e-05	(0.000000e+00 0.000000e+00 -5.706577e-03)
3708          	6.173009e-05	(0.000000e+00 0.000000e+00 -5.706577e-03)
3709          	6.173153e-05	(0.000000e+00 0.000000e+00 -5.706577e-03)
3710          	6.173421e-05	(0.000000e+00 0.000000e+00 -5.706577e-03)
3711          	6.173573e-05	(0.000000e+00 0.000000e+00 -5.706577e-03)
3712          	6.173792e-05	(0.000000e+00 0.000000e+00 -5.706577e-03)
3713          	6.173907e-05	(0.000000e+00 0.000000e+00 -5.706577e-03)
3714          	6.173985e-05	(0.000000e+00 0.000000e+00 -5.706577e-03)
3715          	6.174030e-05	(0.000000e+00 0.000000e+00 -5.706577e-03)
3716          	6.173989e-05	(0.000000e+00 0.000000e+00 -5.706577e-03)
3717          	6.174003e-05	(0.000000e+00 0.000000e+00 -5.706577e-03)
3718          	6.173804e-05	(0.000000e+00 0.000000e+00 -5.706577e-03)
3719          	6.173787e-05	(0.000000e+00 0.000000e+00 -5.706577e-03)
3720          	6.173476e-05	(0.000000e+00 0.000000e+00 -5.706577e-03)
3721          	6.173405e-05	(0.000000e+00 0.000000e+00 -5.706577e-03)
3722          	6.172906e-05	(0.000000e+00 0.000000e+00 -5.706577e-03)
3723          	6.172784e-05	(0.000000e+00 0.000000e+00 -5.706577e-03)
3724          	6.172238e-05	(0.000000e+00 0.000000e+00 -5.706577e-03)
3725          	6.172054e-05	(0.000000e+00 0.000000e+00 -5.706577e-03)
3726          	6.171053e-05	(0.000000e+00 0.000000e+00 -5.706577e-03)
3727          	6.170844e-05	(0.000000e+00 0.000000e+00 -5.706577e-03)
3728          	6.169846e-05	(0.000000e+00 0.000000e+00 -5.706577e-03)
3729          	6.169472e-05	(0.000000e+00 0.000000e+00 -5.706577e-03)
3730          	6.168259e-05	(0.000000e+00 0.000000e+00 -5.706577e-03)
3731          	6.167858e-05	(0.000000e+00 0.000000e+00 -5.706577e-03)
3732          	6.166612e-05	(0.000000e+00 0.000000e+00 -5.706577e-03)
3733          	6.166170e-05	(0.000000e+00 0.000000e+00 -5.706577e-03)
3734          	6.164511e-05	(0.000000e+00 0.000000e+00 -5.706577e-03)
3735          	6.163989e-05	(0.000000e+00 0.000000e+00 -5.706577e-03)
3736          	6.162432e-05	(0.000000e+00 0.000000e+00 -5.706577e-03)
3737          	6.161862e-05	(0.000000e+00 0.000000e+00 -5.706577e-03)
3738          	6.159640e-05	(0.000000e+00 0.000000e+00 -5.706577e-03)
3739          	6.159113e-05	(0.000000e+00 0.000000e+00 -5.706577e-03)
3740          	6.157211e-05	(0.000000e+00 0.000000e+00 -5.706577e-03)
3741          	6.156494e-05	(0.000000e+00 0.000000e+00 -5.706577e-03)
3742          	6.154480e-05	(0.000000e+00 0.000000e+00 -5.706577e-03)
3743          	6.153856e-05	(0.000000e+00 0.000000e+00 -5.706577e-03)
3744          	6.151976e-05	(0.000000e+00 0.000000e+00 -5.706577e-03)
3745          	6.151448e-05	(0.000000e+00 0.000000e+00 -5.706577e-03)
3746          	6.149325e-05	(0.000000e+00 0.000000e+00 -5.706577e-03)
3747          	6.148713e-05	(0.000000e+00 0.000000e+00 -5.706577e-03)
3748          	6.146397e-05	(0.000000e+00 0.000000e+00 -5.706577e-03)
3749          	6.145761e-05	(0.000000e+00 0.000000e+00 -5.706577e-03)
3750          	6.143377e-05	(0.000000e+00 0.000000e+00 -5.706577e-03)
3751          	6.142735e-05	(0.000000e+00 0.000000e+00 -5.706577e-03)
3752          	6.140437e-05	(0.000000e+00 0.000000e+00 -5.706577e-03)
3753          	6.139811e-05	(0.000000e+00 0.000000e+00 -5.706577e-03)
3754          	6.137258e-05	(0.000000e+00 0.000000e+00 -5.706577e-03)
3755          	6.136645e-05	(0.000000e+00 0.000000e+00 -5.706577e-03)
3756          	6.134621e-05	(0.000000e+00 0.000000e+00 -5.706577e-03)
3757          	6.134094e-05	(0.000000e+00 0.000000e+00 -5.706577e-03)
3758          	6.131737e-05	(0.000000e+00 0.000000e+00 -5.706577e-03)
3759          	6.131320e-05	(0.000000e+00 0.000000e+00 -5.706577e-03)
3760          	6.129496e-05	(0.000000e+00 0.000000e+00 -5.706577e-03)
3761          	6.129026e-05	(0.000000e+00 0.000000e+00 -5.706577e-03)
3762          	6.127180e-05	(0.000000e+00 0.000000e+00 -5.706577e-03)
3763          	6.126779e-05	(0.000000e+00 0.000000e+00 -5.706577e-03)
3764          	6.125375e-05	(0.000000e+00 0.000000e+00 -5.706577e-03)
3765          	6.125081e-05	(0.000000e+00 0.000000e+00 -5.706577e-03)
3766          	6.123877e-05	(0.000000e+00 0.000000e+00 -5.706577e-03)
3767          	6.123518e-05	(0.000000e+00 0.000000e+00 -5.706577e-03)
3768          	6.122337e-05	(0.000000e+00 0.000000e+00 -5.706577e-03)
3769          	6.122054e-05	(0.000000e+00 0.000000e+00 -5.706577e-03)
3770          	6.121226e-05	(0.000000e+00 0.000000e+00 -5.706577e-03)
3771          	6.121023e-05	(0.000000e+00 0.000000e+00 -5.706577e-03)
3772          	6.120461e-05	(0.000000e+00 0.000000e+00 -5.706577e-03)
3773          	6.120298e-05	(0.000000e+00 0.000000e+00 -5.706577e-03)
3774          	6.119931e-05	(0.000000e+00 0.000000e+00 -5.706577e-03)
3775          	6.119812e-05	(0.000000e+00 0.000000e+00 -5.706577e-03)
3776          	6.119839e-05	(0.000000e+00 0.000000e+00 -5.706577e-03)
3777          	6.119784e-05	(0.000000e+00 0.000000e+00 -5.706577e-03)
3778          	6.119801e-05	(0.000000e+00 0.000000e+00 -5.706577e-03)
3779          	6.119773e-05	(0.000000e+00 0.000000e+00 -5.706577e-03)
3780          	6.120216e-05	(0.000000e+00 0.000000e+00 -5.706577e-03)
3781          	6.120277e-05	(0.000000e+00 0.000000e+00 -5.706577e-03)
3782          	6.120952e-05	(0.000000e+00 0.000000e+00 -5.706577e-03)
3783          	6.121101e-05	(0.000000e+00 0.000000e+00 -5.706577e-03)
3784          	6.122144e-05	(0.000000e+00 0.000000e+00 -5.706577e-03)
3785          	6.122409e-05	(0.000000e+00 0.000000e+00 -5.706577e-03)
3786          	6.123385e-05	(0.000000e+00 0.000000e+00 -5.706577e-03)
3787          	6.123718e-05	(0.000000e+00 0.000000e+00 -5.706577e-03)
3788          	6.124921e-05	(0.000000e+00 0.000000e+00 -5.706577e-03)
3789          	6.125303e-05	(0.000000e+00 0.000000e+00 -5.706577e-03)
3790          	6.126469e-05	(0.000000e+00 0.000000e+00 -5.706577e-03)
3791          	6.126856e-05	(0.000000e+00 0.000000e+00 -5.706577e-03)
3792          	6.127915e-05	(0.000000e+00 0.000000e+00 -5.706577e-03)
3793          	6.128294e-05	(0.000000e+00 0.000000e+00 -5.706577e-03)
3794          	6.129555e-05	(0.000000e+00 0.000000e+00 -5.706577e-03)
3795          	6.129878e-05	(0.000000e+00 0.000000e+00 -5.706577e-03)
3796          	6.130771e-05	(0.000000e+00 0.000000e+00 -5.706577e-03)
3797          	6.131052e-05	(0.000000e+00 0.000000e+00 -5.706577e-03)
3798          	6.132043e-05	(0.000000e+00 0.000000e+00 -5.706577e-03)
3799          	6.132281e-05	(0.000000e+00 0.000000e+00 -5.706577e-03)
3800          	6.133142e-05	(0.000000e+00 0.000000e+00 -5.706577e-03)
3801          	6.133336e-05	(0.000000e+00 0.000000e+00 -5.706577e-03)
3802          	6.134109e-05	(0.000000e+00 0.000000e+00 -5.706577e-03)
3803          	6.134291e-05	(0.000000e+00 0.000000e+00 -5.706577e-03)
3804          	6.134949e-05	(0.000000e+00 0.000000e+00 -5.706577e-03)
3805          	6.135097e-05	(0.000000e+00 0.000000e+00 -5.706577e-03)
3806          	6.135553e-05	(0.000000e+00 0.000000e+00 -5.706577e-03)
3807          	6.135600e-05	(0.000000e+00 0.000000e+00 -5.706577e-03)
3808          	6.135764e-05	(0.000000e+00 0.000000e+00 -5.706577e-03)
3809          	6.135720e-05	(0.000000e+00 0.000000e+00 -5.706577e-03)
3810          	6.135586e-05	(0.000000e+00 0.000000e+00 -5.706577e-03)
3811          	6.135504e-05	(0.000000e+00 0.000000e+00 -5.706577e-03)
3812          	6.135340e-05	(0.000000e+00 0.000000e+00 -5.706577e-03)
3813          	6.135274e-05	(0.000000e+00 0.000000e+00 -5.706577e-03)
3814          	6.135020e-05	(0.000000e+00 0.000000e+00 -5.706577e-03)
3815          	6.134951e-05	(0.000000e+00 0.000000e+00 -5.706577e-03)
3816          	6.134729e-05	(0.000000e+00 0.000000e+00 -5.706577e-03)
3817          	6.134658e-05	(0.000000e+00 0.000000e+00 -5.706577e-03)
3818          	6.134444e-05	(0.000000e+00 0.000000e+00 -5.706577e-03)
3819          	6.134373e-05	(0.000000e+00 0.000000e+00 -5.706577e-03)
3820          	6.134124e-05	(0.000000e+00 0.000000e+00 -5.706577e-03)
3821          	6.134020e-05	(0.000000e+00 0.000000e+00 -5.706577e-03)
3822          	6.133525e-05	(0.000000e+00 0.000000e+00 -5.706577e-03)
3823          	6.133417e-05	(0.000000e+00 0.000000e+00 -5.706577e-03)
3824          	6.132851e-05	(0.000000e+00 0.000000e+00 -5.706577e-03)
3825          	6.132686e-05	(0.000000e+00 0.000000e+00 -5.706577e-03)
3826          	6.132033e-05	(0.000000e+00 0.000000e+00 -5.706577e-03)
3827          	6.131925e-05	(0.000000e+00 0.000000e+00 -5.706577e-03)
3828          	6.131571e-05	(0.000000e+00 0.000000e+00 -5.706577e-03)
3829          	6.131518e-05	(0.000000e+00 0.000000e+00 -5.706577e-03)
3830          	6.131376e-05	(0.000000e+00 0.000000e+00 -5.706577e-03)
3831          	6.131353e-05	(0.000000e+00 0.000000e+00 -5.706577e-03)
3832          	6.134242e-05	(0.000000e+00 0.000000e+00 -5.706577e-03)
3833          	6.134463e-05	(0.000000e+00 0.000000e+00 -5.706577e-03)
3834          	6.134748e-05	(0.000000e+00 0.000000e+00 -5.706577e-03)
3835          	6.135009e-05	(0.000000e+00 0.000000e+00 -5.706577e-03)
3836          	6.135632e-05	(0.000000e+00 0.000000e+00 -5.706577e-03)
3837          	6.136145e-05	(0.000000e+00 0.000000e+00 -5.706577e-03)
3838          	6.136864e-05	(0.000000e+00 0.000000e+00 -5.706577e-03)
3839          	6.137307e-05	(0.000000e+00 0.000000e+00 -5.706577e-03)
3840          	6.138041e-05	(0.000000e+00 0.000000e+00 -5.706577e-03)
3841          	6.138580e-05	(0.000000e+00 0.000000e+00 -5.706577e-03)
3842          	6.139657e-05	(0.000000e+00 0.000000e+00 -5.706577e-03)
3843          	6.140385e-05	(0.000000e+00 0.000000e+00 -5.706577e-03)
3844          	6.141986e-05	(0.000000e+00 0.000000e+00 -5.706577e-03)
3845          	6.142862e-05	(0.000000e+00 0.000000e+00 -5.706577e-03)
3846          	6.144861e-05	(0.000000e+00 0.000000e+00 -5.706577e-03)
3847          	6.145828e-05	(0.000000e+00 0.000000e+00 -5.706577e-03)
3848          	6.148175e-05	(0.000000e+00 0.000000e+00 -5.706577e-03)
3849          	6.149147e-05	(0.000000e+00 0.000000e+00 -5.706577e-03)
3850          	6.151501e-05	(0.000000e+00 0.000000e+00 -5.706577e-03)
3851          	6.152313e-05	(0.000000e+00 0.000000e+00 -5.706577e-03)
3852          	6.154835e-05	(0.000000e+00 0.000000e+00 -5.706577e-03)
3853          	6.155582e-05	(0.000000e+00 0.000000e+00 -5.706577e-03)
3854          	6.157637e-05	(0.000000e+00 0.000000e+00 -5.706577e-03)
3855          	6.158309e-05	(0.000000e+00 0.000000e+00 -5.706577e-03)
3856          	6.161023e-05	(0.000000e+00 0.000000e+00 -5.706577e-03)
3857          	6.161825e-05	(0.000000e+00 0.000000e+00 -5.706577e-03)
3858          	6.163958e-05	(0.000000e+00 0.000000e+00 -5.706577e-03)
3859          	6.164429e-05	(0.000000e+00 0.000000e+00 -5.706577e-03)
3860          	6.166065e-05	(0.000000e+00 0.000000e+00 -5.706577e-03)
3861          	6.166440e-05	(0.000000e+00 0.000000e+00 -5.706577e-03)
3862          	6.167993e-05	(0.000000e+00 0.000000e+00 -5.706577e-03)
3863          	6.170791e-05	(0.000000e+00 0.000000e+00 -5.706577e-03)
3864          	6.172254e-05	(0.000000e+00 0.000000e+00 -5.706577e-03)
3865          	6.172538e-05	(0.000000e+00 0.000000e+00 -5.706577e-03)
3866          	6.173998e-05	(0.000000e+00 0.000000e+00 -5.706577e-03)
3867          	6.174237e-05	(0.000000e+00 0.000000e+00 -5.706577e-03)
3868          	6.175517e-05	(0.000000e+00 0.000000e+00 -5.706577e-03)
3869          	6.175694e-05	(0.000000e+00 0.000000e+00 -5.706577e-03)
3870          	6.176941e-05	(0.000000e+00 0.000000e+00 -5.706577e-03)
3871          	6.179360e-05	(0.000000e+00 0.000000e+00 -5.706577e-03)
3872          	6.180240e-05	(0.000000e+00 0.000000e+00 -5.706577e-03)
3873          	6.180211e-05	(0.000000e+00 0.000000e+00 -5.706577e-03)
3874          	6.189323e-05	(0.000000e+00 0.000000e+00 -5.706577e-03)
3875          	6.189313e-05	(0.000000e+00 0.000000e+00 -5.706577e-03)
3876          	6.189758e-05	(0.000000e+00 0.000000e+00 -5.706577e-03)
3877          	6.189666e-05	(0.000000e+00 0.000000e+00 -5.706577e-03)
3878          	6.189904e-05	(0.000000e+00 0.000000e+00 -5.706577e-03)
3879          	6.189763e-05	(0.000000e+00 0.000000e+00 -5.706577e-03)
3880          	6.189747e-05	(0.000000e+00 0.000000e+00 -5.706577e-03)
3881          	6.189458e-05	(0.000000e+00 0.000000e+00 -5.706577e-03)
3882          	6.189257e-05	(0.000000e+00 0.000000e+00 -5.706577e-03)
3883          	6.188992e-05	(0.000000e+00 0.000000e+00 -5.706577e-03)
3884          	6.188761e-05	(0.000000e+00 0.000000e+00 -5.706577e-03)
3885          	6.188493e-05	(0.000000e+00 0.000000e+00 -5.706577e-03)
3886          	6.188290e-05	(0.000000e+00 0.000000e+00 -5.706577e-03)
3887          	6.187952e-05	(0.000000e+00 0.000000e+00 -5.706577e-03)
3888          	6.187829e-05	(0.000000e+00 0.000000e+00 -5.706577e-03)
3889          	6.188986e-05	(0.000000e+00 0.000000e+00 -5.706577e-03)
3890          	6.188701e-05	(0.000000e+00 0.000000e+00 -5.706577e-03)
3891          	6.188587e-05	(0.000000e+00 0.000000e+00 -5.706577e-03)
3892          	6.188155e-05	(0.000000e+00 0.000000e+00 -5.706577e-03)
3893          	6.187900e-05	(0.000000e+00 0.000000e+00 -5.706577e-03)
3894          	6.187495e-05	(0.000000e+00 0.000000e+00 -5.706577e-03)
3895          	6.187286e-05	(0.000000e+00 0.000000e+00 -5.706577e-03)
3896          	6.187341e-05	(0.000000e+00 0.000000e+00 -5.706577e-03)
3897          	6.187348e-05	(0.000000e+00 0.000000e+00 -5.706577e-03)
3898          	6.187633e-05	(0.000000e+00 0.000000e+00 -5.706577e-03)
3899          	6.187519e-05	(0.000000e+00 0.000000e+00 -5.706577e-03)
3900          	6.187696e-05	(0.000000e+00 0.000000e+00 -5.706577e-03)
3901          	6.187723e-05	(0.000000e+00 0.000000e+00 -5.706577e-03)
3902          	6.187899e-05	(0.000000e+00 0.000000e+00 -5.706577e-03)
3903          	6.187102e-05	(0.000000e+00 0.000000e+00 -5.706577e-03)
3904          	6.185252e-05	(0.000000e+00 0.000000e+00 -5.706577e-03)
3905          	6.184404e-05	(0.000000e+00 0.000000e+00 -5.706577e-03)
3906          	6.181938e-05	(0.000000e+00 0.000000e+00 -5.706577e-03)
3907          	6.181196e-05	(0.000000e+00 0.000000e+00 -5.706577e-03)
3908          	6.179353e-05	(0.000000e+00 0.000000e+00 -5.706577e-03)
3909          	6.179439e-05	(0.000000e+00 0.000000e+00 -5.706577e-03)
3910          	6.179947e-05	(0.000000e+00 0.000000e+00 -5.706577e-03)
3911          	6.180095e-05	(0.000000e+00 0.000000e+00 -5.706577e-03)
3912          	6.180920e-05	(0.000000e+00 0.000000e+00 -5.706577e-03)
3913          	6.181210e-05	(0.000000e+00 0.000000e+00 -5.706577e-03)
3914          	6.182236e-05	(0.000000e+00 0.000000e+00 -5.706577e-03)
3915          	6.182488e-05	(0.000000e+00 0.000000e+00 -5.706577e-03)
3916          	6.183242e-05	(0.000000e+00 0.000000e+00 -5.706577e-03)
3917          	6.183493e-05	(0.000000e+00 0.000000e+00 -5.706577e-03)
3918          	6.182241e-05	(0.000000e+00 0.000000e+00 -5.706577e-03)
3919          	6.182458e-05	(0.000000e+00 0.000000e+00 -5.706577e-03)
3920          	6.180944e-05	(0.000000e+00 0.000000e+00 -5.706577e-03)
3921          	6.181161e-05	(0.000000e+00 0.000000e+00 -5.706577e-03)
3922          	6.181957e-05	(0.000000e+00 0.000000e+00 -5.706577e-03)
3923          	6.182187e-05	(0.000000e+00 0.000000e+00 -5.706577e-03)
3924          	6.182961e-05	(0.000000e+00 0.000000e+00 -5.706577e-03)
3925          	6.183141e-05	(0.000000e+00 0.000000e+00 -5.706577e-03)
3926          	6.182182e-05	(0.000000e+00 0.000000e+00 -5.706577e-03)
3927          	6.182389e-05	(0.000000e+00 0.000000e+00 -5.706577e-03)
3928          	6.182885e-05	(0.000000e+00 0.000000e+00 -5.706577e-03)
3929          	6.183033e-05	(0.000000e+00 0.000000e+00 -5.706577e-03)
3930          	6.183343e-05	(0.000000e+00 0.000000e+00 -5.706577e-03)
3931          	6.183476e-05	(0.000000e+00 0.000000e+00 -5.706577e-03)
3932          	6.183699e-05	(0.000000e+00 0.000000e+00 -5.706577e-03)
3933          	6.183814e-05	(0.000000e+00 0.000000e+00 -5.706577e-03)
3934          	6.184042e-05	(0.000000e+00 0.000000e+00 -5.706577e-03)
3935          	6.184169e-05	(0.000000e+00 0.000000e+00 -5.706577e-03)
3936          	6.184427e-05	(0.000000e+00 0.000000e+00 -5.706577e-03)
3937          	6.184549e-05	(0.000000e+00 0.000000e+00 -5.706577e-03)
3938          	6.184720e-05	(0.000000e+00 0.000000e+00 -5.706577e-03)
3939          	6.184822e-05	(0.000000e+00 0.000000e+00 -5.706577e-03)
3940          	6.185015e-05	(0.000000e+00 0.000000e+00 -5.706577e-03)
3941          	6.185097e-05	(0.000000e+00 0.000000e+00 -5.706577e-03)
3942          	6.185328e-05	(0.000000e+00 0.000000e+00 -5.706577e-03)
3943          	6.185413e-05	(0.000000e+00 0.000000e+00 -5.706577e-03)
3944          	6.185666e-05	(0.000000e+00 0.000000e+00 -5.706577e-03)
3945          	6.185759e-05	(0.000000e+00 0.000000e+00 -5.706577e-03)
3946          	6.186048e-05	(0.000000e+00 0.000000e+00 -5.706577e-03)
3947          	6.186127e-05	(0.000000e+00 0.000000e+00 -5.706577e-03)
3948          	6.186496e-05	(0.000000e+00 0.000000e+00 -5.706577e-03)
3949          	6.186547e-05	(0.000000e+00 0.000000e+00 -5.706577e-03)
3950          	6.186873e-05	(0.000000e+00 0.000000e+00 -5.706577e-03)
3951          	6.186818e-05	(0.000000e+00 0.000000e+00 -5.706577e-03)
3952          	6.186993e-05	(0.000000e+00 0.000000e+00 -5.706577e-03)
3953          	6.186860e-05	(0.000000e+00 0.000000e+00 -5.706577e-03)
3954          	6.186836e-05	(0.000000e+00 0.000000e+00 -5.706577e-03)
3955          	6.186632e-05	(0.000000e+00 0.000000e+00 -5.706577e-03)
3956          	6.186323e-05	(0.000000e+00 0.000000e+00 -5.706577e-03)
3957          	6.186062e-05	(0.000000e+00 0.000000e+00 -5.706577e-03)
3958          	6.185569e-05	(0.000000e+00 0.000000e+00 -5.706577e-03)
3959          	6.185314e-05	(0.000000e+00 0.000000e+00 -5.706577e-03)
3960          	6.184626e-05	(0.000000e+00 0.000000e+00 -5.706577e-03)
3961          	6.184350e-05	(0.000000e+00 0.000000e+00 -5.706577e-03)
3962          	6.183500e-05	(0.000000e+00 0.000000e+00 -5.706577e-03)
3963          	6.183201e-05	(0.000000e+00 0.000000e+00 -5.706577e-03)
3964          	6.184514e-05	(0.000000e+00 0.000000e+00 -5.706577e-03)
3965          	6.184258e-05	(0.000000e+00 0.000000e+00 -5.706577e-03)
3966          	6.183366e-05	(0.000000e+00 0.000000e+00 -5.706577e-03)
3967          	6.183144e-05	(0.000000e+00 0.000000e+00 -5.706577e-03)
3968          	6.182388e-05	(0.000000e+00 0.000000e+00 -5.706577e-03)
3969          	6.182269e-05	(0.000000e+00 0.000000e+00 -5.706577e-03)
3970          	6.181962e-05	(0.000000e+00 0.000000e+00 -5.706577e-03)
3971          	6.181996e-05	(0.000000e+00 0.000000e+00 -5.706577e-03)
3972          	6.182235e-05	(0.000000e+00 0.000000e+00 -5.706577e-03)
3973          	6.182414e-05	(0.000000e+00 0.000000e+00 -5.706577e-03)
3974          	6.183032e-05	(0.000000e+00 0.000000e+00 -5.706577e-03)
3975          	6.183309e-05	(0.000000e+00 0.000000e+00 -5.706577e-03)
3976          	6.184128e-05	(0.000000e+00 0.000000e+00 -5.706577e-03)
3977          	6.184393e-05	(0.000000e+00 0.000000e+00 -5.706577e-03)
3978          	6.184984e-05	(0.000000e+00 0.000000e+00 -5.706577e-03)
3979          	6.185240e-05	(0.000000e+00 0.000000e+00 -5.706577e-03)
3980          	6.185633e-05	(0.000000e+00 0.000000e+00 -5.706577e-03)
3981          	6.185838e-05	(0.000000e+00 0.000000e+00 -5.706577e-03)
3982          	6.186190e-05	(0.000000e+00 0.000000e+00 -5.706577e-03)
3983          	6.186441e-05	(0.000000e+00 0.000000e+00 -5.706577e-03)
3984          	6.186967e-05	(0.000000e+00 0.000000e+00 -5.706577e-03)
3985          	6.187273e-05	(0.000000e+00 0.000000e+00 -5.706577e-03)
3986          	6.187880e-05	(0.000000e+00 0.000000e+00 -5.706577e-03)
3987          	6.188161e-05	(0.000000e+00 0.000000e+00 -5.706577e-03)
3988          	6.188684e-05	(0.000000e+00 0.000000e+00 -5.706577e-03)
3989          	6.188916e-05	(0.000000e+00 0.000000e+00 -5.706577e-03)
3990          	6.189336e-05	(0.000000e+00 0.000000e+00 -5.706577e-03)
3991          	6.189500e-05	(0.000000e+00 0.000000e+00 -5.706577e-03)
3992          	6.189873e-05	(0.000000e+00 0.000000e+00 -5.706577e-03)
3993          	6.190005e-05	(0.000000e+00 0.000000e+00 -5.706577e-03)
3994          	6.190377e-05	(0.000000e+00 0.000000e+00 -5.706577e-03)
3995          	6.190483e-05	(0.000000e+00 0.000000e+00 -5.706577e-03)
3996          	6.190747e-05	(0.000000e+00 0.000000e+00 -5.706577e-03)
3997          	6.190820e-05	(0.000000e+00 0.000000e+00 -5.706577e-03)
3998          	6.190947e-05	(0.000000e+00 0.000000e+00 -5.706577e-03)
3999          	6.190979e-05	(0.000000e+00 0.000000e+00 -5.706577e-03)
4000          	6.190934e-05	(0.000000e+00 0.000000e+00 -5.706577e-03)
4001          	6.190932e-05	(0.000000e+00 0.000000e+00 -5.706577e-03)
4002          	6.190721e-05	(0.000000e+00 0.000000e+00 -5.706577e-03)
4003          	6.190603e-05	(0.000000e+00 0.000000e+00 -5.706577e-03)
4004          	6.190140e-05	(0.000000e+00 0.000000e+00 -5.706577e-03)
4005          	6.190068e-05	(0.000000e+00 0.000000e+00 -5.706577e-03)
4006          	6.189461e-05	(0.000000e+00 0.000000e+00 -5.706577e-03)
4007          	6.189258e-05	(0.000000e+00 0.000000e+00 -5.706577e-03)
4008          	6.188461e-05	(0.000000e+00 0.000000e+00 -5.706577e-03)
4009          	6.188193e-05	(0.000000e+00 0.000000e+00 -5.706577e-03)
4010          	6.183199e-05	(0.000000e+00 0.000000e+00 -5.706577e-03)
4011          	6.182828e-05	(0.000000e+00 0.000000e+00 -5.706577e-03)
4012          	6.177639e-05	(0.000000e+00 0.000000e+00 -5.706577e-03)
4013          	6.177053e-05	(0.000000e+00 0.000000e+00 -5.706577e-03)
4014          	6.174927e-05	(0.000000e+00 0.000000e+00 -5.706577e-03)
4015          	6.172796e-05	(0.000000e+00 0.000000e+00 -5.706577e-03)
4016          	6.166698e-05	(0.000000e+00 0.000000e+00 -5.706577e-03)
4017          	6.166031e-05	(0.000000e+00 0.000000e+00 -5.706577e-03)
4018          	6.163716e-05	(0.000000e+00 0.000000e+00 -5.706577e-03)
4019          	6.163095e-05	(0.000000e+00 0.000000e+00 -5.706577e-03)
4020          	6.160603e-05	(0.000000e+00 0.000000e+00 -5.706577e-03)
4021          	6.160029e-05	(0.000000e+00 0.000000e+00 -5.706577e-03)
4022          	6.152575e-05	(0.000000e+00 0.000000e+00 -5.706577e-03)
4023          	6.152128e-05	(0.000000e+00 0.000000e+00 -5.706577e-03)
4024          	6.145699e-05	(0.000000e+00 0.000000e+00 -5.706577e-03)
4025          	6.145214e-05	(0.000000e+00 0.000000e+00 -5.706577e-03)
4026          	6.143011e-05	(0.000000e+00 0.000000e+00 -5.706577e-03)
4027          	6.142500e-05	(0.000000e+00 0.000000e+00 -5.706577e-03)
4028          	6.140237e-05	(0.000000e+00 0.000000e+00 -5.706577e-03)
4029          	6.139760e-05	(0.000000e+00 0.000000e+00 -5.706577e-03)
4030          	6.137978e-05	(0.000000e+00 0.000000e+00 -5.706577e-03)
4031          	6.135976e-05	(0.000000e+00 0.000000e+00 -5.706577e-03)
4032          	6.134339e-05	(0.000000e+00 0.000000e+00 -5.706577e-03)
4033          	6.132363e-05	(0.000000e+00 0.000000e+00 -5.706577e-03)
4034          	6.130815e-05	(0.000000e+00 0.000000e+00 -5.706577e-03)
4035          	6.128927e-05	(0.000000e+00 0.000000e+00 -5.706577e-03)
4036          	6.127382e-05	(0.000000e+00 0.000000e+00 -5.706577e-03)
4037          	6.126937e-05	(0.000000e+00 0.000000e+00 -5.706577e-03)
4038          	6.125394e-05	(0.000000e+00 0.000000e+00 -5.706577e-03)
4039          	6.124948e-05	(0.000000e+00 0.000000e+00 -5.706577e-03)
4040          	6.123743e-05	(0.000000e+00 0.000000e+00 -5.706577e-03)
4041          	6.122071e-05	(0.000000e+00 0.000000e+00 -5.706577e-03)
4042          	6.120979e-05	(0.000000e+00 0.000000e+00 -5.706577e-03)
4043          	6.120681e-05	(0.000000e+00 0.000000e+00 -5.706577e-03)
4044          	6.119595e-05	(0.000000e+00 0.000000e+00 -5.706577e-03)
4045          	6.119303e-05	(0.000000e+00 0.000000e+00 -5.706577e-03)
4046          	6.118174e-05	(0.000000e+00 0.000000e+00 -5.706577e-03)
4047          	6.117858e-05	(0.000000e+00 0.000000e+00 -5.706577e-03)
4048          	6.116576e-05	(0.000000e+00 0.000000e+00 -5.706577e-03)
4049          	6.116256e-05	(0.000000e+00 0.000000e+00 -5.706577e-03)
4050          	6.114919e-05	(0.000000e+00 0.000000e+00 -5.706577e-03)
4051          	6.114588e-05	(0.000000e+00 0.000000e+00 -5.706577e-03)
4052          	6.113268e-05	(0.000000e+00 0.000000e+00 -5.706577e-03)
4053          	6.112963e-05	(0.000000e+00 0.000000e+00 -5.706577e-03)
4054          	6.111790e-05	(0.000000e+00 0.000000e+00 -5.706577e-03)
4055          	6.111553e-05	(0.000000e+00 0.000000e+00 -5.706577e-03)
4056          	6.110524e-05	(0.000000e+00 0.000000e+00 -5.706577e-03)
4057          	6.110385e-05	(0.000000e+00 0.000000e+00 -5.706577e-03)
4058          	6.109486e-05	(0.000000e+00 0.000000e+00 -5.706577e-03)
4059          	6.109381e-05	(0.000000e+00 0.000000e+00 -5.706577e-03)
4060          	6.108618e-05	(0.000000e+00 0.000000e+00 -5.706577e-03)
4061          	6.108528e-05	(0.000000e+00 0.000000e+00 -5.706577e-03)
4062          	6.107983e-05	(0.000000e+00 0.000000e+00 -5.706577e-03)
4063          	6.107889e-05	(0.000000e+00 0.000000e+00 -5.706577e-03)
4064          	6.107521e-05	(0.000000e+00 0.000000e+00 -5.706577e-03)
4065          	6.107435e-05	(0.000000e+00 0.000000e+00 -5.706577e-03)
4066          	6.107185e-05	(0.000000e+00 0.000000e+00 -5.706577e-03)
4067          	6.107111e-05	(0.000000e+00 0.000000e+00 -5.706577e-03)
4068          	6.106906e-05	(0.000000e+00 0.000000e+00 -5.706577e-03)
4069          	6.106823e-05	(0.000000e+00 0.000000e+00 -5.706577e-03)
4070          	6.106666e-05	(0.000000e+00 0.000000e+00 -5.706577e-03)
4071          	6.106613e-05	(0.000000e+00 0.000000e+00 -5.706577e-03)
4072          	6.106499e-05	(0.000000e+00 0.000000e+00 -5.706577e-03)
4073          	6.106471e-05	(0.000000e+00 0.000000e+00 -5.706577e-03)
4074          	6.106398e-05	(0.000000e+00 0.000000e+00 -5.706577e-03)
4075          	6.106364e-05	(0.000000e+00 0.000000e+00 -5.706577e-03)
4076          	6.106301e-05	(0.000000e+00 0.000000e+00 -5.706577e-03)
4077          	6.106275e-05	(0.000000e+00 0.000000e+00 -5.706577e-03)
4078          	6.106217e-05	(0.000000e+00 0.000000e+00 -5.706577e-03)
4079          	6.106188e-05	(0.000000e+00 0.000000e+00 -5.706577e-03)
4080          	6.106153e-05	(0.000000e+00 0.000000e+00 -5.706577e-03)
4081          	6.106136e-05	(0.000000e+00 0.000000e+00 -5.706577e-03)
4082          	6.106198e-05	(0.000000e+00 0.000000e+00 -5.706577e-03)
4083          	6.106165e-05	(0.000000e+00 0.000000e+00 -5.706577e-03)
4084          	6.106323e-05	(0.000000e+00 0.000000e+00 -5.706577e-03)
4085          	6.106313e-05	(0.000000e+00 0.000000e+00 -5.706577e-03)
4086          	6.106615e-05	(0.000000e+00 0.000000e+00 -5.706577e-03)
4087          	6.106648e-05	(0.000000e+00 0.000000e+00 -5.706577e-03)
4088          	6.107156e-05	(0.000000e+00 0.000000e+00 -5.706577e-03)
4089          	6.107282e-05	(0.000000e+00 0.000000e+00 -5.706577e-03)
4090          	6.107849e-05	(0.000000e+00 0.000000e+00 -5.706577e-03)
4091          	6.108056e-05	(0.000000e+00 0.000000e+00 -5.706577e-03)
4092          	6.108692e-05	(0.000000e+00 0.000000e+00 -5.706577e-03)
4093          	6.108946e-05	(0.000000e+00 0.000000e+00 -5.706577e-03)
4094          	6.109561e-05	(0.000000e+00 0.000000e+00 -5.706577e-03)
4095          	6.109746e-05	(0.000000e+00 0.000000e+00 -5.706577e-03)
4096          	6.110282e-05	(0.000000e+00 0.000000e+00 -5.706577e-03)
4097          	6.110460e-05	(0.000000e+00 0.000000e+00 -5.706577e-03)
4098          	6.110929e-05	(0.000000e+00 0.000000e+00 -5.706577e-03)
4099          	6.111063e-05	(0.000000e+00 0.000000e+00 -5.706577e-03)
4100          	6.111358e-05	(0.000000e+00 0.000000e+00 -5.706577e-03)
4101          	6.111473e-05	(0.000000e+00 0.000000e+00 -5.706577e-03)
4102          	6.111897e-05	(0.000000e+00 0.000000e+00 -5.706577e-03)
4103          	6.112107e-05	(0.000000e+00 0.000000e+00 -5.706577e-03)
4104          	6.112610e-05	(0.000000e+00 0.000000e+00 -5.706577e-03)
4105          	6.112808e-05	(0.000000e+00 0.000000e+00 -5.706577e-03)
4106          	6.113230e-05	(0.000000e+00 0.000000e+00 -5.706577e-03)
4107          	6.113369e-05	(0.000000e+00 0.000000e+00 -5.706577e-03)
4108          	6.113674e-05	(0.000000e+00 0.000000e+00 -5.706577e-03)
4109          	6.113756e-05	(0.000000e+00 0.000000e+00 -5.706577e-03)
4110          	6.113963e-05	(0.000000e+00 0.000000e+00 -5.706577e-03)
4111          	6.113998e-05	(0.000000e+00 0.000000e+00 -5.706577e-03)
4112          	6.114067e-05	(0.000000e+00 0.000000e+00 -5.706577e-03)
4113          	6.114075e-05	(0.000000e+00 0.000000e+00 -5.706577e-03)
4114          	6.114055e-05	(0.000000e+00 0.000000e+00 -5.706577e-03)
4115          	6.114017e-05	(0.000000e+00 0.000000e+00 -5.706577e-03)
4116          	6.113954e-05	(0.000000e+00 0.000000e+00 -5.706577e-03)
4117          	6.113887e-05	(0.000000e+00 0.000000e+00 -5.706577e-03)
4118          	6.113788e-05	(0.000000e+00 0.000000e+00 -5.706577e-03)
4119          	6.113733e-05	(0.000000e+00 0.000000e+00 -5.706577e-03)
4120          	6.113665e-05	(0.000000e+00 0.000000e+00 -5.706577e-03)
4121          	6.113626e-05	(0.000000e+00 0.000000e+00 -5.706577e-03)
4122          	6.113543e-05	(0.000000e+00 0.000000e+00 -5.706577e-03)
4123          	6.113504e-05	(0.000000e+00 0.000000e+00 -5.706577e-03)
4124          	6.113446e-05	(0.000000e+00 0.000000e+00 -5.706577e-03)
4125          	6.113496e-05	(0.000000e+00 0.000000e+00 -5.706577e-03)
4126          	6.113716e-05	(0.000000e+00 0.000000e+00 -5.706577e-03)
4127          	6.113826e-05	(0.000000e+00 0.000000e+00 -5.706577e-03)
4128          	6.114510e-05	(0.000000e+00 0.000000e+00 -5.706577e-03)
4129          	6.114747e-05	(0.000000e+00 0.000000e+00 -5.706577e-03)
4130          	6.116008e-05	(0.000000e+00 0.000000e+00 -5.706577e-03)
4131          	6.116543e-05	(0.000000e+00 0.000000e+00 -5.706577e-03)
4132          	6.118425e-05	(0.000000e+00 0.000000e+00 -5.706577e-03)
4133          	6.119233e-05	(0.000000e+00 0.000000e+00 -5.706577e-03)
4134          	6.121496e-05	(0.000000e+00 0.000000e+00 -5.706577e-03)
4135          	6.122554e-05	(0.000000e+00 0.000000e+00 -5.706577e-03)
4136          	6.125241e-05	(0.000000e+00 0.000000e+00 -5.706577e-03)
4137          	6.127430e-05	(0.000000e+00 0.000000e+00 -5.706577e-03)
4138          	6.130988e-05	(0.000000e+00 0.000000e+00 -5.706577e-03)
4139          	6.135745e-05	(0.000000e+00 0.000000e+00 -5.706577e-03)
4140          	6.141141e-05	(0.000000e+00 0.000000e+00 -5.706577e-03)
4141          	6.145320e-05	(0.000000e+00 0.000000e+00 -5.706577e-03)
4142          	6.149716e-05	(0.000000e+00 0.000000e+00 -5.706577e-03)
4143          	6.152764e-05	(0.000000e+00 0.000000e+00 -5.706577e-03)
4144          	6.155703e-05	(0.000000e+00 0.000000e+00 -5.706577e-03)
4145          	6.156275e-05	(0.000000e+00 0.000000e+00 -5.706577e-03)
4146          	6.158365e-05	(0.000000e+00 0.000000e+00 -5.706577e-03)
4147          	6.158762e-05	(0.000000e+00 0.000000e+00 -5.706577e-03)
4148          	6.160021e-05	(0.000000e+00 0.000000e+00 -5.706577e-03)
4149          	6.160348e-05	(0.000000e+00 0.000000e+00 -5.706577e-03)
4150          	6.161463e-05	(0.000000e+00 0.000000e+00 -5.706577e-03)
4151          	6.163567e-05	(0.000000e+00 0.000000e+00 -5.706577e-03)
4152          	6.164668e-05	(0.000000e+00 0.000000e+00 -5.706577e-03)
4153          	6.166577e-05	(0.000000e+00 0.000000e+00 -5.706577e-03)
4154          	6.167742e-05	(0.000000e+00 0.000000e+00 -5.706577e-03)
4155          	6.169322e-05	(0.000000e+00 0.000000e+00 -5.706577e-03)
4156          	6.170329e-05	(0.000000e+00 0.000000e+00 -5.706577e-03)
4157          	6.171497e-05	(0.000000e+00 0.000000e+00 -5.706577e-03)
4158          	6.172390e-05	(0.000000e+00 0.000000e+00 -5.706577e-03)
4159          	6.172485e-05	(0.000000e+00 0.000000e+00 -5.706577e-03)
4160          	6.173274e-05	(0.000000e+00 0.000000e+00 -5.706577e-03)
4161          	6.173316e-05	(0.000000e+00 0.000000e+00 -5.706577e-03)
4162          	6.173714e-05	(0.000000e+00 0.000000e+00 -5.706577e-03)
4163          	6.173713e-05	(0.000000e+00 0.000000e+00 -5.706577e-03)
4164          	6.174019e-05	(0.000000e+00 0.000000e+00 -5.706577e-03)
4165          	6.173978e-05	(0.000000e+00 0.000000e+00 -5.706577e-03)
4166          	6.174263e-05	(0.000000e+00 0.000000e+00 -5.706577e-03)
4167          	6.174069e-05	(0.000000e+00 0.000000e+00 -5.706577e-03)
4168          	6.174243e-05	(0.000000e+00 0.000000e+00 -5.706577e-03)
4169          	6.173964e-05	(0.000000e+00 0.000000e+00 -5.706577e-03)
4170          	6.174002e-05	(0.000000e+00 0.000000e+00 -5.706577e-03)
4171          	6.173772e-05	(0.000000e+00 0.000000e+00 -5.706577e-03)
4172          	6.173751e-05	(0.000000e+00 0.000000e+00 -5.706577e-03)
4173          	6.173532e-05	(0.000000e+00 0.000000e+00 -5.706577e-03)
4174          	6.173366e-05	(0.000000e+00 0.000000e+00 -5.706577e-03)
4175          	6.173096e-05	(0.000000e+00 0.000000e+00 -5.706577e-03)
4176          	6.173003e-05	(0.000000e+00 0.000000e+00 -5.706577e-03)
4177          	6.172762e-05	(0.000000e+00 0.000000e+00 -5.706577e-03)
4178          	6.172738e-05	(0.000000e+00 0.000000e+00 -5.706577e-03)
4179          	6.172450e-05	(0.000000e+00 0.000000e+00 -5.706577e-03)
4180          	6.172635e-05	(0.000000e+00 0.000000e+00 -5.706577e-03)
4181          	6.172592e-05	(0.000000e+00 0.000000e+00 -5.706577e-03)
4182          	6.172569e-05	(0.000000e+00 0.000000e+00 -5.706577e-03)
4183          	6.172500e-05	(0.000000e+00 0.000000e+00 -5.706577e-03)
4184          	6.172036e-05	(0.000000e+00 0.000000e+00 -5.706577e-03)
4185          	6.171905e-05	(0.000000e+00 0.000000e+00 -5.706577e-03)
4186          	6.171544e-05	(0.000000e+00 0.000000e+00 -5.706577e-03)
4187          	6.171376e-05	(0.000000e+00 0.000000e+00 -5.706577e-03)
4188          	6.171162e-05	(0.000000e+00 0.000000e+00 -5.706577e-03)
4189          	6.171087e-05	(0.000000e+00 0.000000e+00 -5.706577e-03)
4190          	6.171007e-05	(0.000000e+00 0.000000e+00 -5.706577e-03)
4191          	6.170939e-05	(0.000000e+00 0.000000e+00 -5.706577e-03)
4192          	6.170876e-05	(0.000000e+00 0.000000e+00 -5.706577e-03)
4193          	6.170826e-05	(0.000000e+00 0.000000e+00 -5.706577e-03)
4194          	6.167053e-05	(0.000000e+00 0.000000e+00 -5.706577e-03)
4195          	6.167019e-05	(0.000000e+00 0.000000e+00 -5.706577e-03)
4196          	6.164537e-05	(0.000000e+00 0.000000e+00 -5.706577e-03)
4197          	6.164542e-05	(0.000000e+00 0.000000e+00 -5.706577e-03)
4198          	6.164522e-05	(0.000000e+00 0.000000e+00 -5.706577e-03)
4199          	6.164434e-05	(0.000000e+00 0.000000e+00 -5.706577e-03)
4200          	6.164567e-05	(0.000000e+00 0.000000e+00 -5.706577e-03)
4201          	6.164525e-05	(0.000000e+00 0.000000e+00 -5.706577e-03)
4202          	6.162811e-05	(0.000000e+00 0.000000e+00 -5.706577e-03)
4203          	6.162838e-05	(0.000000e+00 0.000000e+00 -5.706577e-03)
4204          	6.163153e-05	(0.000000e+00 0.000000e+00 -5.706577e-03)
4205          	6.163253e-05	(0.000000e+00 0.000000e+00 -5.706577e-03)
4206          	6.161571e-05	(0.000000e+00 0.000000e+00 -5.706577e-03)
4207          	6.161710e-05	(0.000000e+00 0.000000e+00 -5.706577e-03)
4208          	6.162207e-05	(0.000000e+00 0.000000e+00 -5.706577e-03)
4209          	6.162395e-05	(0.000000e+00 0.000000e+00 -5.706577e-03)
4210          	6.160738e-05	(0.000000e+00 0.000000e+00 -5.706577e-03)
4211          	6.160957e-05	(0.000000e+00 0.000000e+00 -5.706577e-03)
4212          	6.159755e-05	(0.000000e+00 0.000000e+00 -5.706577e-03)
4213          	6.159992e-05	(0.000000e+00 0.000000e+00 -5.706577e-03)
4214          	6.159362e-05	(0.000000e+00 0.000000e+00 -5.706577e-03)
4215          	6.159615e-05	(0.000000e+00 0.000000e+00 -5.706577e-03)
4216          	6.160578e-05	(0.000000e+00 0.000000e+00 -5.706577e-03)
4217          	6.160846e-05	(0.000000e+00 0.000000e+00 -5.706577e-03)
4218          	6.161899e-05	(0.000000e+00 0.000000e+00 -5.706577e-03)
4219          	6.162188e-05	(0.000000e+00 0.000000e+00 -5.706577e-03)
4220          	6.163266e-05	(0.000000e+00 0.000000e+00 -5.706577e-03)
4221          	6.163555e-05	(0.000000e+00 0.000000e+00 -5.706577e-03)
4222          	6.164516e-05	(0.000000e+00 0.000000e+00 -5.706577e-03)
4223          	6.164780e-05	(0.000000e+00 0.000000e+00 -5.706577e-03)
4224          	6.164298e-05	(0.000000e+00 0.000000e+00 -5.706577e-03)
4225          	6.164522e-05	(0.000000e+00 0.000000e+00 -5.706577e-03)
4226          	6.165118e-05	(0.000000e+00 0.000000e+00 -5.706577e-03)
4227          	6.165357e-05	(0.000000e+00 0.000000e+00 -5.706577e-03)
4228          	6.165886e-05	(0.000000e+00 0.000000e+00 -5.706577e-03)
4229          	6.166147e-05	(0.000000e+00 0.000000e+00 -5.706577e-03)
4230          	6.166586e-05	(0.000000e+00 0.000000e+00 -5.706577e-03)
4231          	6.166847e-05	(0.000000e+00 0.000000e+00 -5.706577e-03)
4232          	6.167049e-05	(0.000000e+00 0.000000e+00 -5.706577e-03)
4233          	6.167261e-05	(0.000000e+00 0.000000e+00 -5.706577e-03)
4234          	6.167349e-05	(0.000000e+00 0.000000e+00 -5.706577e-03)
4235          	6.167506e-05	(0.000000e+00 0.000000e+00 -5.706577e-03)
4236          	6.167521e-05	(0.000000e+00 0.000000e+00 -5.706577e-03)
4237          	6.167606e-05	(0.000000e+00 0.000000e+00 -5.706577e-03)
4238          	6.167521e-05	(0.000000e+00 0.000000e+00 -5.706577e-03)
4239          	6.167555e-05	(0.000000e+00 0.000000e+00 -5.706577e-03)
4240          	6.167379e-05	(0.000000e+00 0.000000e+00 -5.706577e-03)
4241          	6.167321e-05	(0.000000e+00 0.000000e+00 -5.706577e-03)
4242          	6.166961e-05	(0.000000e+00 0.000000e+00 -5.706577e-03)
4243          	6.166829e-05	(0.000000e+00 0.000000e+00 -5.706577e-03)
4244          	6.166395e-05	(0.000000e+00 0.000000e+00 -5.706577e-03)
4245          	6.166201e-05	(0.000000e+00 0.000000e+00 -5.706577e-03)
4246          	6.165695e-05	(0.000000e+00 0.000000e+00 -5.706577e-03)
4247          	6.165448e-05	(0.000000e+00 0.000000e+00 -5.706577e-03)
4248          	6.164831e-05	(0.000000e+00 0.000000e+00 -5.706577e-03)
4249          	6.164523e-05	(0.000000e+00 0.000000e+00 -5.706577e-03)
4250          	6.163790e-05	(0.000000e+00 0.000000e+00 -5.706577e-03)
4251          	6.163445e-05	(0.000000e+00 0.000000e+00 -5.706577e-03)
4252          	6.162489e-05	(0.000000e+00 0.000000e+00 -5.706577e-03)
4253          	6.162122e-05	(0.000000e+00 0.000000e+00 -5.706577e-03)
4254          	6.161088e-05	(0.000000e+00 0.000000e+00 -5.706577e-03)
4255          	6.160726e-05	(0.000000e+00 0.000000e+00 -5.706577e-03)
4256          	6.159703e-05	(0.000000e+00 0.000000e+00 -5.706577e-03)
4257          	6.159373e-05	(0.000000e+00 0.000000e+00 -5.706577e-03)
4258          	6.158379e-05	(0.000000e+00 0.000000e+00 -5.706577e-03)
4259          	6.158103e-05	(0.000000e+00 0.000000e+00 -5.706577e-03)
4260          	6.157172e-05	(0.000000e+00 0.000000e+00 -5.706577e-03)
4261          	6.156935e-05	(0.000000e+00 0.000000e+00 -5.706577e-03)
4262          	6.156178e-05	(0.000000e+00 0.000000e+00 -5.706577e-03)
4263          	6.155967e-05	(0.000000e+00 0.000000e+00 -5.706577e-03)
4264          	6.155317e-05	(0.000000e+00 0.000000e+00 -5.706577e-03)
4265          	6.155124e-05	(0.000000e+00 0.000000e+00 -5.706577e-03)
4266          	6.154600e-05	(0.000000e+00 0.000000e+00 -5.706577e-03)
4267          	6.154421e-05	(0.000000e+00 0.000000e+00 -5.706577e-03)
4268          	6.151217e-05	(0.000000e+00 0.000000e+00 -5.706577e-03)
4269          	6.150979e-05	(0.000000e+00 0.000000e+00 -5.706577e-03)
4270          	6.148391e-05	(0.000000e+00 0.000000e+00 -5.706577e-03)
4271          	6.148255e-05	(0.000000e+00 0.000000e+00 -5.706577e-03)
4272          	6.148012e-05	(0.000000e+00 0.000000e+00 -5.706577e-03)
4273          	6.147232e-05	(0.000000e+00 0.000000e+00 -5.706577e-03)
4274          	6.147270e-05	(0.000000e+00 0.000000e+00 -5.706577e-03)
4275          	6.147340e-05	(0.000000e+00 0.000000e+00 -5.706577e-03)
4276          	6.147705e-05	(0.000000e+00 0.000000e+00 -5.706577e-03)
4277          	6.147868e-05	(0.000000e+00 0.000000e+00 -5.706577e-03)
4278          	6.148467e-05	(0.000000e+00 0.000000e+00 -5.706577e-03)
4279          	6.148687e-05	(0.000000e+00 0.000000e+00 -5.706577e-03)
4280          	6.147000e-05	(0.000000e+00 0.000000e+00 -5.706577e-03)
4281          	6.147268e-05	(0.000000e+00 0.000000e+00 -5.706577e-03)
4282          	6.148040e-05	(0.000000e+00 0.000000e+00 -5.706577e-03)
4283          	6.147185e-05	(0.000000e+00 0.000000e+00 -5.706577e-03)
4284          	6.145634e-05	(0.000000e+00 0.000000e+00 -5.706577e-03)
4285          	6.145915e-05	(0.000000e+00 0.000000e+00 -5.706577e-03)
4286          	6.146756e-05	(0.000000e+00 0.000000e+00 -5.706577e-03)
4287          	6.147075e-05	(0.000000e+00 0.000000e+00 -5.706577e-03)
4288          	6.148063e-05	(0.000000e+00 0.000000e+00 -5.706577e-03)
4289          	6.148439e-05	(0.000000e+00 0.000000e+00 -5.706577e-03)
4290          	6.147141e-05	(0.000000e+00 0.000000e+00 -5.706577e-03)
4291          	6.147535e-05	(0.000000e+00 0.000000e+00 -5.706577e-03)
4292          	6.146587e-05	(0.000000e+00 0.000000e+00 -5.706577e-03)
4293          	6.146873e-05	(0.000000e+00 0.000000e+00 -5.706577e-03)
4294          	6.147958e-05	(0.000000e+00 0.000000e+00 -5.706577e-03)
4295          	6.147591e-05	(0.000000e+00 0.000000e+00 -5.706577e-03)
4296          	6.148632e-05	(0.000000e+00 0.000000e+00 -5.706577e-03)
4297          	6.148291e-05	(0.000000e+00 0.000000e+00 -5.706577e-03)
4298          	6.149293e-05	(0.000000e+00 0.000000e+00 -5.706577e-03)
4299          	6.148973e-05	(0.000000e+00 0.000000e+00 -5.706577e-03)
4300          	6.149920e-05	(0.000000e+00 0.000000e+00 -5.706577e-03)
4301          	6.150183e-05	(0.000000e+00 0.000000e+00 -5.706577e-03)
4302          	6.151078e-05	(0.000000e+00 0.000000e+00 -5.706577e-03)
4303          	6.151319e-05	(0.000000e+00 0.000000e+00 -5.706577e-03)
4304          	6.152084e-05	(0.000000e+00 0.000000e+00 -5.706577e-03)
4305          	6.152291e-05	(0.000000e+00 0.000000e+00 -5.706577e-03)
4306          	6.152816e-05	(0.000000e+00 0.000000e+00 -5.706577e-03)
4307          	6.152979e-05	(0.000000e+00 0.000000e+00 -5.706577e-03)
4308          	6.153226e-05	(0.000000e+00 0.000000e+00 -5.706577e-03)
4309          	6.153376e-05	(0.000000e+00 0.000000e+00 -5.706577e-03)
4310          	6.153253e-05	(0.000000e+00 0.000000e+00 -5.706577e-03)
4311          	6.153341e-05	(0.000000e+00 0.000000e+00 -5.706577e-03)
4312          	6.153022e-05	(0.000000e+00 0.000000e+00 -5.706577e-03)
4313          	6.153038e-05	(0.000000e+00 0.000000e+00 -5.706577e-03)
4314          	6.152583e-05	(0.000000e+00 0.000000e+00 -5.706577e-03)
4315          	6.152569e-05	(0.000000e+00 0.000000e+00 -5.706577e-03)
4316          	6.152091e-05	(0.000000e+00 0.000000e+00 -5.706577e-03)
4317          	6.152049e-05	(0.000000e+00 0.000000e+00 -5.706577e-03)
4318          	6.151500e-05	(0.000000e+00 0.000000e+00 -5.706577e-03)
4319          	6.151435e-05	(0.000000e+00 0.000000e+00 -5.706577e-03)
4320          	6.150880e-05	(0.000000e+00 0.000000e+00 -5.706577e-03)
4321          	6.150778e-05	(0.000000e+00 0.000000e+00 -5.706577e-03)
4322          	6.150175e-05	(0.000000e+00 0.000000e+00 -5.706577e-03)
4323          	6.150040e-05	(0.000000e+00 0.000000e+00 -5.706577e-03)
4324          	6.149275e-05	(0.000000e+00 0.000000e+00 -5.706577e-03)
4325          	6.149066e-05	(0.000000e+00 0.000000e+00 -5.706577e-03)
4326          	6.148109e-05	(0.000000e+00 0.000000e+00 -5.706577e-03)
4327          	6.147830e-05	(0.000000e+00 0.000000e+00 -5.706577e-03)
4328          	6.146655e-05	(0.000000e+00 0.000000e+00 -5.706577e-03)
4329          	6.146264e-05	(0.000000e+00 0.000000e+00 -5.706577e-03)
4330          	6.144698e-05	(0.000000e+00 0.000000e+00 -5.706577e-03)
4331          	6.144195e-05	(0.000000e+00 0.000000e+00 -5.706577e-03)
4332          	6.142212e-05	(0.000000e+00 0.000000e+00 -5.706577e-03)
4333          	6.141601e-05	(0.000000e+00 0.000000e+00 -5.706577e-03)
4334          	6.139229e-05	(0.000000e+00 0.000000e+00 -5.706577e-03)
4335          	6.138533e-05	(0.000000e+00 0.000000e+00 -5.706577e-03)
4336          	6.135930e-05	(0.000000e+00 0.000000e+00 -5.706577e-03)
4337          	6.135179e-05	(0.000000e+00 0.000000e+00 -5.706577e-03)
4338          	6.132388e-05	(0.000000e+00 0.000000e+00 -5.706577e-03)
4339          	6.131553e-05	(0.000000e+00 0.000000e+00 -5.706577e-03)
4340          	6.128781e-05	(0.000000e+00 0.000000e+00 -5.706577e-03)
4341          	6.127904e-05	(0.000000e+00 0.000000e+00 -5.706577e-03)
4342          	6.125101e-05	(0.000000e+00 0.000000e+00 -5.706577e-03)
4343          	6.124195e-05	(0.000000e+00 0.000000e+00 -5.706577e-03)
4344          	6.121303e-05	(0.000000e+00 0.000000e+00 -5.706577e-03)
4345          	6.120406e-05	(0.000000e+00 0.000000e+00 -5.706577e-03)
4346          	6.117355e-05	(0.000000e+00 0.000000e+00 -5.706577e-03)
4347          	6.116397e-05	(0.000000e+00 0.000000e+00 -5.706577e-03)
4348          	6.113057e-05	(0.000000e+00 0.000000e+00 -5.706577e-03)
4349          	6.112034e-05	(0.000000e+00 0.000000e+00 -5.706577e-03)
4350          	6.108554e-05	(0.000000e+00 0.000000e+00 -5.706577e-03)
4351          	6.107547e-05	(0.000000e+00 0.000000e+00 -5.706577e-03)
4352          	6.104220e-05	(0.000000e+00 0.000000e+00 -5.706577e-03)
4353          	6.103282e-05	(0.000000e+00 0.000000e+00 -5.706577e-03)
4354          	6.100186e-05	(0.000000e+00 0.000000e+00 -5.706577e-03)
4355          	6.099339e-05	(0.000000e+00 0.000000e+00 -5.706577e-03)
4356          	6.096427e-05	(0.000000e+00 0.000000e+00 -5.706577e-03)
4357          	6.095640e-05	(0.000000e+00 0.000000e+00 -5.706577e-03)
4358          	6.092834e-05	(0.000000e+00 0.000000e+00 -5.706577e-03)
4359          	6.092103e-05	(0.000000e+00 0.000000e+00 -5.706577e-03)
4360          	6.089495e-05	(0.000000e+00 0.000000e+00 -5.706577e-03)
4361          	6.088835e-05	(0.000000e+00 0.000000e+00 -5.706577e-03)
4362          	6.086638e-05	(0.000000e+00 0.000000e+00 -5.706577e-03)
4363          	6.086142e-05	(0.000000e+00 0.000000e+00 -5.706577e-03)
4364          	6.084127e-05	(0.000000e+00 0.000000e+00 -5.706577e-03)
4365          	6.083691e-05	(0.000000e+00 0.000000e+00 -5.706577e-03)
4366          	6.081910e-05	(0.000000e+00 0.000000e+00 -5.706577e-03)
4367          	6.081535e-05	(0.000000e+00 0.000000e+00 -5.706577e-03)
4368          	6.080121e-05	(0.000000e+00 0.000000e+00 -5.706577e-03)
4369          	6.079796e-05	(0.000000e+00 0.000000e+00 -5.706577e-03)
4370          	6.078566e-05	(0.000000e+00 0.000000e+00 -5.706577e-03)
4371          	6.078244e-05	(0.000000e+00 0.000000e+00 -5.706577e-03)
4372          	6.077161e-05	(0.000000e+00 0.000000e+00 -5.706577e-03)
4373          	6.076887e-05	(0.000000e+00 0.000000e+00 -5.706577e-03)
4374          	6.076168e-05	(0.000000e+00 0.000000e+00 -5.706577e-03)
4375          	6.075987e-05	(0.000000e+00 0.000000e+00 -5.706577e-03)
4376          	6.075696e-05	(0.000000e+00 0.000000e+00 -5.706577e-03)
4377          	6.075596e-05	(0.000000e+00 0.000000e+00 -5.706577e-03)
4378          	6.075696e-05	(0.000000e+00 0.000000e+00 -5.706577e-03)
4379          	6.075652e-05	(0.000000e+00 0.000000e+00 -5.706577e-03)
4380          	6.075874e-05	(0.000000e+00 0.000000e+00 -5.706577e-03)
4381          	6.075930e-05	(0.000000e+00 0.000000e+00 -5.706577e-03)
4382          	6.076334e-05	(0.000000e+00 0.000000e+00 -5.706577e-03)
4383          	6.076486e-05	(0.000000e+00 0.000000e+00 -5.706577e-03)
4384          	6.077138e-05	(0.000000e+00 0.000000e+00 -5.706577e-03)
4385          	6.077377e-05	(0.000000e+00 0.000000e+00 -5.706577e-03)
4386          	6.078217e-05	(0.000000e+00 0.000000e+00 -5.706577e-03)
4387          	6.078548e-05	(0.000000e+00 0.000000e+00 -5.706577e-03)
4388          	6.079553e-05	(0.000000e+00 0.000000e+00 -5.706577e-03)
4389          	6.079953e-05	(0.000000e+00 0.000000e+00 -5.706577e-03)
4390          	6.081053e-05	(0.000000e+00 0.000000e+00 -5.706577e-03)
4391          	6.081518e-05	(0.000000e+00 0.000000e+00 -5.706577e-03)
4392          	6.082741e-05	(0.000000e+00 0.000000e+00 -5.706577e-03)
4393          	6.083188e-05	(0.000000e+00 0.000000e+00 -5.706577e-03)
4394          	6.084300e-05	(0.000000e+00 0.000000e+00 -5.706577e-03)
4395          	6.084671e-05	(0.000000e+00 0.000000e+00 -5.706577e-03)
4396          	6.085734e-05	(0.000000e+00 0.000000e+00 -5.706577e-03)
4397          	6.086100e-05	(0.000000e+00 0.000000e+00 -5.706577e-03)
4398          	6.087171e-05	(0.000000e+00 0.000000e+00 -5.706577e-03)
4399          	6.087510e-05	(0.000000e+00 0.000000e+00 -5.706577e-03)
4400          	6.088520e-05	(0.000000e+00 0.000000e+00 -5.706577e-03)
4401          	6.088798e-05	(0.000000e+00 0.000000e+00 -5.706577e-03)
4402          	6.089678e-05	(0.000000e+00 0.000000e+00 -5.706577e-03)
4403          	6.089891e-05	(0.000000e+00 0.000000e+00 -5.706577e-03)
4404          	6.090692e-05	(0.000000e+00 0.000000e+00 -5.706577e-03)
4405          	6.090892e-05	(0.000000e+00 0.000000e+00 -5.706577e-03)
4406          	6.091646e-05	(0.000000e+00 0.000000e+00 -5.706577e-03)
4407          	6.091812e-05	(0.000000e+00 0.000000e+00 -5.706577e-03)
4408          	6.092462e-05	(0.000000e+00 0.000000e+00 -5.706577e-03)
4409          	6.092585e-05	(0.000000e+00 0.000000e+00 -5.706577e-03)
4410          	6.093143e-05	(0.000000e+00 0.000000e+00 -5.706577e-03)
4411          	6.093233e-05	(0.000000e+00 0.000000e+00 -5.706577e-03)
4412          	6.093697e-05	(0.000000e+00 0.000000e+00 -5.706577e-03)
4413          	6.093779e-05	(0.000000e+00 0.000000e+00 -5.706577e-03)
4414          	6.094140e-05	(0.000000e+00 0.000000e+00 -5.706577e-03)
4415          	6.094204e-05	(0.000000e+00 0.000000e+00 -5.706577e-03)
4416          	6.094414e-05	(0.000000e+00 0.000000e+00 -5.706577e-03)
4417          	6.094416e-05	(0.000000e+00 0.000000e+00 -5.706577e-03)
4418          	6.094514e-05	(0.000000e+00 0.000000e+00 -5.706577e-03)
4419          	6.094492e-05	(0.000000e+00 0.000000e+00 -5.706577e-03)
4420          	6.094670e-05	(0.000000e+00 0.000000e+00 -5.706577e-03)
4421          	6.094698e-05	(0.000000e+00 0.000000e+00 -5.706577e-03)
4422          	6.094995e-05	(0.000000e+00 0.000000e+00 -5.706577e-03)
4423          	6.095048e-05	(0.000000e+00 0.000000e+00 -5.706577e-03)
4424          	6.095403e-05	(0.000000e+00 0.000000e+00 -5.706577e-03)
4425          	6.095486e-05	(0.000000e+00 0.000000e+00 -5.706577e-03)
4426          	6.095881e-05	(0.000000e+00 0.000000e+00 -5.706577e-03)
4427          	6.095996e-05	(0.000000e+00 0.000000e+00 -5.706577e-03)
4428          	6.096464e-05	(0.000000e+00 0.000000e+00 -5.706577e-03)
4429          	6.096605e-05	(0.000000e+00 0.000000e+00 -5.706577e-03)
4430          	6.097350e-05	(0.000000e+00 0.000000e+00 -5.706577e-03)
4431          	6.097622e-05	(0.000000e+00 0.000000e+00 -5.706577e-03)
4432          	6.098834e-05	(0.000000e+00 0.000000e+00 -5.706577e-03)
4433          	6.099271e-05	(0.000000e+00 0.000000e+00 -5.706577e-03)
4434          	6.100946e-05	(0.000000e+00 0.000000e+00 -5.706577e-03)
4435          	6.101608e-05	(0.000000e+00 0.000000e+00 -5.706577e-03)
4436          	6.103830e-05	(0.000000e+00 0.000000e+00 -5.706577e-03)
4437          	6.104808e-05	(0.000000e+00 0.000000e+00 -5.706577e-03)
4438          	6.107570e-05	(0.000000e+00 0.000000e+00 -5.706577e-03)
4439          	6.108842e-05	(0.000000e+00 0.000000e+00 -5.706577e-03)
4440          	6.111883e-05	(0.000000e+00 0.000000e+00 -5.706577e-03)
4441          	6.113187e-05	(0.000000e+00 0.000000e+00 -5.706577e-03)
4442          	6.116253e-05	(0.000000e+00 0.000000e+00 -5.706577e-03)
4443          	6.117437e-05	(0.000000e+00 0.000000e+00 -5.706577e-03)
4444          	6.120625e-05	(0.000000e+00 0.000000e+00 -5.706577e-03)
4445          	6.122001e-05	(0.000000e+00 0.000000e+00 -5.706577e-03)
4446          	6.137813e-05	(0.000000e+00 0.000000e+00 -5.706577e-03)
4447          	6.139888e-05	(0.000000e+00 0.000000e+00 -5.706577e-03)
4448          	6.143960e-05	(0.000000e+00 0.000000e+00 -5.706577e-03)
4449          	6.145045e-05	(0.000000e+00 0.000000e+00 -5.706577e-03)
4450          	6.147739e-05	(0.000000e+00 0.000000e+00 -5.706577e-03)
4451          	6.150886e-05	(0.000000e+00 0.000000e+00 -5.706577e-03)
4452          	6.152789e-05	(0.000000e+00 0.000000e+00 -5.706577e-03)
4453          	6.153235e-05	(0.000000e+00 0.000000e+00 -5.706577e-03)
4454          	6.154873e-05	(0.000000e+00 0.000000e+00 -5.706577e-03)
4455          	6.155208e-05	(0.000000e+00 0.000000e+00 -5.706577e-03)
4456          	6.162794e-05	(0.000000e+00 0.000000e+00 -5.706577e-03)
4457          	6.163060e-05	(0.000000e+00 0.000000e+00 -5.706577e-03)
4458          	6.163957e-05	(0.000000e+00 0.000000e+00 -5.706577e-03)
4459          	6.164169e-05	(0.000000e+00 0.000000e+00 -5.706577e-03)
4460          	6.164871e-05	(0.000000e+00 0.000000e+00 -5.706577e-03)
4461          	6.165023e-05	(0.000000e+00 0.000000e+00 -5.706577e-03)
4462          	6.169889e-05	(0.000000e+00 0.000000e+00 -5.706577e-03)
4463          	6.169879e-05	(0.000000e+00 0.000000e+00 -5.706577e-03)
4464          	6.169902e-05	(0.000000e+00 0.000000e+00 -5.706577e-03)
4465          	6.169797e-05	(0.000000e+00 0.000000e+00 -5.706577e-03)
4466          	6.169436e-05	(0.000000e+00 0.000000e+00 -5.706577e-03)
4467          	6.169212e-05	(0.000000e+00 0.000000e+00 -5.706577e-03)
4468          	6.168476e-05	(0.000000e+00 0.000000e+00 -5.706577e-03)
4469          	6.168131e-05	(0.000000e+00 0.000000e+00 -5.706577e-03)
4470          	6.167046e-05	(0.000000e+00 0.000000e+00 -5.706577e-03)
4471          	6.166572e-05	(0.000000e+00 0.000000e+00 -5.706577e-03)
4472          	6.165086e-05	(0.000000e+00 0.000000e+00 -5.706577e-03)
4473          	6.164458e-05	(0.000000e+00 0.000000e+00 -5.706577e-03)
4474          	6.162680e-05	(0.000000e+00 0.000000e+00 -5.706577e-03)
4475          	6.161900e-05	(0.000000e+00 0.000000e+00 -5.706577e-03)
4476          	6.159948e-05	(0.000000e+00 0.000000e+00 -5.706577e-03)
4477          	6.159105e-05	(0.000000e+00 0.000000e+00 -5.706577e-03)
4478          	6.157167e-05	(0.000000e+00 0.000000e+00 -5.706577e-03)
4479          	6.156363e-05	(0.000000e+00 0.000000e+00 -5.706577e-03)
4480          	6.154563e-05	(0.000000e+00 0.000000e+00 -5.706577e-03)
4481          	6.153834e-05	(0.000000e+00 0.000000e+00 -5.706577e-03)
4482          	6.152220e-05	(0.000000e+00 0.000000e+00 -5.706577e-03)
4483          	6.151589e-05	(0.000000e+00 0.000000e+00 -5.706577e-03)
4484          	6.150195e-05	(0.000000e+00 0.000000e+00 -5.706577e-03)
4485          	6.149671e-05	(0.000000e+00 0.000000e+00 -5.706577e-03)
4486          	6.148522e-05	(0.000000e+00 0.000000e+00 -5.706577e-03)
4487          	6.148155e-05	(0.000000e+00 0.000000e+00 -5.706577e-03)
4488          	6.147263e-05	(0.000000e+00 0.000000e+00 -5.706577e-03)
4489          	6.146977e-05	(0.000000e+00 0.000000e+00 -5.706577e-03)
4490          	6.146672e-05	(0.000000e+00 0.000000e+00 -5.706577e-03)
4491          	6.146514e-05	(0.000000e+00 0.000000e+00 -5.706577e-03)
4492          	6.146447e-05	(0.000000e+00 0.000000e+00 -5.706577e-03)
4493          	6.145008e-05	(0.000000e+00 0.000000e+00 -5.706577e-03)
4494          	6.141108e-05	(0.000000e+00 0.000000e+00 -5.706577e-03)
4495          	6.140885e-05	(0.000000e+00 0.000000e+00 -5.706577e-03)
4496          	6.140741e-05	(0.000000e+00 0.000000e+00 -5.706577e-03)
4497          	6.140570e-05	(0.000000e+00 0.000000e+00 -5.706577e-03)
4498          	6.140699e-05	(0.000000e+00 0.000000e+00 -5.706577e-03)
4499          	6.140563e-05	(0.000000e+00 0.000000e+00 -5.706577e-03)
4500          	6.138142e-05	(0.000000e+00 0.000000e+00 -5.706577e-03)
4501          	6.138048e-05	(0.000000e+00 0.000000e+00 -5.706577e-03)
4502          	6.138532e-05	(0.000000e+00 0.000000e+00 -5.706577e-03)
4503          	6.138523e-05	(0.000000e+00 0.000000e+00 -5.706577e-03)
4504          	6.136948e-05	(0.000000e+00 0.000000e+00 -5.706577e-03)
4505          	6.137022e-05	(0.000000e+00 0.000000e+00 -5.706577e-03)
4506          	6.137899e-05	(0.000000e+00 0.000000e+00 -5.706577e-03)
4507          	6.138033e-05	(0.000000e+00 0.000000e+00 -5.706577e-03)
4508          	6.138977e-05	(0.000000e+00 0.000000e+00 -5.706577e-03)
4509          	6.139155e-05	(0.000000e+00 0.000000e+00 -5.706577e-03)
4510          	6.137926e-05	(0.000000e+00 0.000000e+00 -5.706577e-03)
4511          	6.138158e-05	(0.000000e+00 0.000000e+00 -5.706577e-03)
4512          	6.137510e-05	(0.000000e+00 0.000000e+00 -5.706577e-03)
4513          	6.137783e-05	(0.000000e+00 0.000000e+00 -5.706577e-03)
4514          	6.137709e-05	(0.000000e+00 0.000000e+00 -5.706577e-03)
4515          	6.137998e-05	(0.000000e+00 0.000000e+00 -5.706577e-03)
4516          	6.139104e-05	(0.000000e+00 0.000000e+00 -5.706577e-03)
4517          	6.139421e-05	(0.000000e+00 0.000000e+00 -5.706577e-03)
4518          	6.140626e-05	(0.000000e+00 0.000000e+00 -5.706577e-03)
4519          	6.140982e-05	(0.000000e+00 0.000000e+00 -5.706577e-03)
4520          	6.142214e-05	(0.000000e+00 0.000000e+00 -5.706577e-03)
4521          	6.142573e-05	(0.000000e+00 0.000000e+00 -5.706577e-03)
4522          	6.143745e-05	(0.000000e+00 0.000000e+00 -5.706577e-03)
4523          	6.144085e-05	(0.000000e+00 0.000000e+00 -5.706577e-03)
4524          	6.145163e-05	(0.000000e+00 0.000000e+00 -5.706577e-03)
4525          	6.145499e-05	(0.000000e+00 0.000000e+00 -5.706577e-03)
4526          	6.146502e-05	(0.000000e+00 0.000000e+00 -5.706577e-03)
4527          	6.146826e-05	(0.000000e+00 0.000000e+00 -5.706577e-03)
4528          	6.147679e-05	(0.000000e+00 0.000000e+00 -5.706577e-03)
4529          	6.147925e-05	(0.000000e+00 0.000000e+00 -5.706577e-03)
4530          	6.148702e-05	(0.000000e+00 0.000000e+00 -5.706577e-03)
4531          	6.148942e-05	(0.000000e+00 0.000000e+00 -5.706577e-03)
4532          	6.149575e-05	(0.000000e+00 0.000000e+00 -5.706577e-03)
4533          	6.149772e-05	(0.000000e+00 0.000000e+00 -5.706577e-03)
4534          	6.150329e-05	(0.000000e+00 0.000000e+00 -5.706577e-03)
4535          	6.150524e-05	(0.000000e+00 0.000000e+00 -5.706577e-03)
4536          	6.150839e-05	(0.000000e+00 0.000000e+00 -5.706577e-03)
4537          	6.150978e-05	(0.000000e+00 0.000000e+00 -5.706577e-03)
4538          	6.150984e-05	(0.000000e+00 0.000000e+00 -5.706577e-03)
4539          	6.151098e-05	(0.000000e+00 0.000000e+00 -5.706577e-03)
4540          	6.150880e-05	(0.000000e+00 0.000000e+00 -5.706577e-03)
4541          	6.151007e-05	(0.000000e+00 0.000000e+00 -5.706577e-03)
4542          	6.150640e-05	(0.000000e+00 0.000000e+00 -5.706577e-03)
4543          	6.151982e-05	(0.000000e+00 0.000000e+00 -5.706577e-03)
4544          	6.151454e-05	(0.000000e+00 0.000000e+00 -5.706577e-03)
4545          	6.151501e-05	(0.000000e+00 0.000000e+00 -5.706577e-03)
4546          	6.150848e-05	(0.000000e+00 0.000000e+00 -5.706577e-03)
4547          	6.150833e-05	(0.000000e+00 0.000000e+00 -5.706577e-03)
4548          	6.150102e-05	(0.000000e+00 0.000000e+00 -5.706577e-03)
4549          	6.150063e-05	(0.000000e+00 0.000000e+00 -5.706577e-03)
4550          	6.149339e-05	(0.000000e+00 0.000000e+00 -5.706577e-03)
4551          	6.149292e-05	(0.000000e+00 0.000000e+00 -5.706577e-03)
4552          	6.148575e-05	(0.000000e+00 0.000000e+00 -5.706577e-03)
4553          	6.148512e-05	(0.000000e+00 0.000000e+00 -5.706577e-03)
4554          	6.147704e-05	(0.000000e+00 0.000000e+00 -5.706577e-03)
4555          	6.147612e-05	(0.000000e+00 0.000000e+00 -5.706577e-03)
4556          	6.146791e-05	(0.000000e+00 0.000000e+00 -5.706577e-03)
4557          	6.146670e-05	(0.000000e+00 0.000000e+00 -5.706577e-03)
4558          	6.145927e-05	(0.000000e+00 0.000000e+00 -5.706577e-03)
4559          	6.145792e-05	(0.000000e+00 0.000000e+00 -5.706577e-03)
4560          	6.145137e-05	(0.000000e+00 0.000000e+00 -5.706577e-03)
4561          	6.145014e-05	(0.000000e+00 0.000000e+00 -5.706577e-03)
4562          	6.144343e-05	(0.000000e+00 0.000000e+00 -5.706577e-03)
4563          	6.144204e-05	(0.000000e+00 0.000000e+00 -5.706577e-03)
4564          	6.143499e-05	(0.000000e+00 0.000000e+00 -5.706577e-03)
4565          	6.143348e-05	(0.000000e+00 0.000000e+00 -5.706577e-03)
4566          	6.142657e-05	(0.000000e+00 0.000000e+00 -5.706577e-03)
4567          	6.142502e-05	(0.000000e+00 0.000000e+00 -5.706577e-03)
4568          	6.141922e-05	(0.000000e+00 0.000000e+00 -5.706577e-03)
4569          	6.141784e-05	(0.000000e+00 0.000000e+00 -5.706577e-03)
4570          	6.141377e-05	(0.000000e+00 0.000000e+00 -5.706577e-03)
4571          	6.141271e-05	(0.000000e+00 0.000000e+00 -5.706577e-03)
4572          	6.141027e-05	(0.000000e+00 0.000000e+00 -5.706577e-03)
4573          	6.140956e-05	(0.000000e+00 0.000000e+00 -5.706577e-03)
4574          	6.140787e-05	(0.000000e+00 0.000000e+00 -5.706577e-03)
4575          	6.140731e-05	(0.000000e+00 0.000000e+00 -5.706577e-03)
4576          	6.140574e-05	(0.000000e+00 0.000000e+00 -5.706577e-03)
4577          	6.140540e-05	(0.000000e+00 0.000000e+00 -5.706577e-03)
4578          	6.140452e-05	(0.000000e+00 0.000000e+00 -5.706577e-03)
4579          	6.140475e-05	(0.000000e+00 0.000000e+00 -5.706577e-03)
4580          	6.140523e-05	(0.000000e+00 0.000000e+00 -5.706577e-03)
4581          	6.140579e-05	(0.000000e+00 0.000000e+00 -5.706577e-03)
4582          	6.140820e-05	(0.000000e+00 0.000000e+00 -5.706577e-03)
4583          	6.140899e-05	(0.000000e+00 0.000000e+00 -5.706577e-03)
4584          	6.141322e-05	(0.000000e+00 0.000000e+00 -5.706577e-03)
4585          	6.141030e-05	(0.000000e+00 0.000000e+00 -5.706577e-03)
4586          	6.141620e-05	(0.000000e+00 0.000000e+00 -5.706577e-03)
4587          	6.141328e-05	(0.000000e+00 0.000000e+00 -5.706577e-03)
4588          	6.142058e-05	(0.000000e+00 0.000000e+00 -5.706577e-03)
4589          	6.142260e-05	(0.000000e+00 0.000000e+00 -5.706577e-03)
4590          	6.141940e-05	(0.000000e+00 0.000000e+00 -5.706577e-03)
4591          	6.142164e-05	(0.000000e+00 0.000000e+00 -5.706577e-03)
4592          	6.142038e-05	(0.000000e+00 0.000000e+00 -5.706577e-03)
4593          	6.142287e-05	(0.000000e+00 0.000000e+00 -5.706577e-03)
4594          	6.143239e-05	(0.000000e+00 0.000000e+00 -5.706577e-03)
4595          	6.143519e-05	(0.000000e+00 0.000000e+00 -5.706577e-03)
4596          	6.144488e-05	(0.000000e+00 0.000000e+00 -5.706577e-03)
4597          	6.144773e-05	(0.000000e+00 0.000000e+00 -5.706577e-03)
4598          	6.144806e-05	(0.000000e+00 0.000000e+00 -5.706577e-03)
4599          	6.145086e-05	(0.000000e+00 0.000000e+00 -5.706577e-03)
4600          	6.146004e-05	(0.000000e+00 0.000000e+00 -5.706577e-03)
4601          	6.146282e-05	(0.000000e+00 0.000000e+00 -5.706577e-03)
4602          	6.146161e-05	(0.000000e+00 0.000000e+00 -5.706577e-03)
4603          	6.146394e-05	(0.000000e+00 0.000000e+00 -5.706577e-03)
4604          	6.146264e-05	(0.000000e+00 0.000000e+00 -5.706577e-03)
4605          	6.146451e-05	(0.000000e+00 0.000000e+00 -5.706577e-03)
4606          	6.147099e-05	(0.000000e+00 0.000000e+00 -5.706577e-03)
4607          	6.147281e-05	(0.000000e+00 0.000000e+00 -5.706577e-03)
4608          	6.148069e-05	(0.000000e+00 0.000000e+00 -5.706577e-03)
4609          	6.148255e-05	(0.000000e+00 0.000000e+00 -5.706577e-03)
4610          	6.149058e-05	(0.000000e+00 0.000000e+00 -5.706577e-03)
4611          	6.148959e-05	(0.000000e+00 0.000000e+00 -5.706577e-03)
4612          	6.149767e-05	(0.000000e+00 0.000000e+00 -5.706577e-03)
4613          	6.149996e-05	(0.000000e+00 0.000000e+00 -5.706577e-03)
4614          	6.150586e-05	(0.000000e+00 0.000000e+00 -5.706577e-03)
4615          	6.150756e-05	(0.000000e+00 0.000000e+00 -5.706577e-03)
4616          	6.151132e-05	(0.000000e+00 0.000000e+00 -5.706577e-03)
4617          	6.151237e-05	(0.000000e+00 0.000000e+00 -5.706577e-03)
4618          	6.151398e-05	(0.000000e+00 0.000000e+00 -5.706577e-03)
4619          	6.151475e-05	(0.000000e+00 0.000000e+00 -5.706577e-03)
4620          	6.151550e-05	(0.000000e+00 0.000000e+00 -5.706577e-03)
4621          	6.151616e-05	(0.000000e+00 0.000000e+00 -5.706577e-03)
4622          	6.151696e-05	(0.000000e+00 0.000000e+00 -5.706577e-03)
4623          	6.151759e-05	(0.000000e+00 0.000000e+00 -5.706577e-03)
4624          	6.151875e-05	(0.000000e+00 0.000000e+00 -5.706577e-03)
4625          	6.151943e-05	(0.000000e+00 0.000000e+00 -5.706577e-03)
4626          	6.152026e-05	(0.000000e+00 0.000000e+00 -5.706577e-03)
4627          	6.152055e-05	(0.000000e+00 0.000000e+00 -5.706577e-03)
4628          	6.151979e-05	(0.000000e+00 0.000000e+00 -5.706577e-03)
4629          	6.151965e-05	(0.000000e+00 0.000000e+00 -5.706577e-03)
4630          	6.151709e-05	(0.000000e+00 0.000000e+00 -5.706577e-03)
4631          	6.151653e-05	(0.000000e+00 0.000000e+00 -5.706577e-03)
4632          	6.151252e-05	(0.000000e+00 0.000000e+00 -5.706577e-03)
4633          	6.151157e-05	(0.000000e+00 0.000000e+00 -5.706577e-03)
4634          	6.150566e-05	(0.000000e+00 0.000000e+00 -5.706577e-03)
4635          	6.150407e-05	(0.000000e+00 0.000000e+00 -5.706577e-03)
4636          	6.151096e-05	(0.000000e+00 0.000000e+00 -5.706577e-03)
4637          	6.150892e-05	(0.000000e+00 0.000000e+00 -5.706577e-03)
4638          	6.150055e-05	(0.000000e+00 0.000000e+00 -5.706577e-03)
4639          	6.149790e-05	(0.000000e+00 0.000000e+00 -5.706577e-03)
4640          	6.148757e-05	(0.000000e+00 0.000000e+00 -5.706577e-03)
4641          	6.148405e-05	(0.000000e+00 0.000000e+00 -5.706577e-03)
4642          	6.147141e-05	(0.000000e+00 0.000000e+00 -5.706577e-03)
4643          	6.146686e-05	(0.000000e+00 0.000000e+00 -5.706577e-03)
4644          	6.145139e-05	(0.000000e+00 0.000000e+00 -5.706577e-03)
4645          	6.144636e-05	(0.000000e+00 0.000000e+00 -5.706577e-03)
4646          	6.142895e-05	(0.000000e+00 0.000000e+00 -5.706577e-03)
4647          	6.143556e-05	(0.000000e+00 0.000000e+00 -5.706577e-03)
4648          	6.141729e-05	(0.000000e+00 0.000000e+00 -5.706577e-03)
4649          	6.142295e-05	(0.000000e+00 0.000000e+00 -5.706577e-03)
4650          	6.140385e-05	(0.000000e+00 0.000000e+00 -5.706577e-03)
4651          	6.139781e-05	(0.000000e+00 0.000000e+00 -5.706577e-03)
4652          	6.137757e-05	(0.000000e+00 0.000000e+00 -5.706577e-03)
4653          	6.137148e-05	(0.000000e+00 0.000000e+00 -5.706577e-03)
4654          	6.135072e-05	(0.000000e+00 0.000000e+00 -5.706577e-03)
4655          	6.134476e-05	(0.000000e+00 0.000000e+00 -5.706577e-03)
4656          	6.132386e-05	(0.000000e+00 0.000000e+00 -5.706577e-03)
4657          	6.131805e-05	(0.000000e+00 0.000000e+00 -5.706577e-03)
4658          	6.129662e-05	(0.000000e+00 0.000000e+00 -5.706577e-03)
4659          	6.129104e-05	(0.000000e+00 0.000000e+00 -5.706577e-03)
4660          	6.126853e-05	(0.000000e+00 0.000000e+00 -5.706577e-03)
4661          	6.126222e-05	(0.000000e+00 0.000000e+00 -5.706577e-03)
4662          	6.123882e-05	(0.000000e+00 0.000000e+00 -5.706577e-03)
4663          	6.123375e-05	(0.000000e+00 0.000000e+00 -5.706577e-03)
4664          	6.120723e-05	(0.000000e+00 0.000000e+00 -5.706577e-03)
4665          	6.120160e-05	(0.000000e+00 0.000000e+00 -5.706577e-03)
4666          	6.117824e-05	(0.000000e+00 0.000000e+00 -5.706577e-03)
4667          	6.117333e-05	(0.000000e+00 0.000000e+00 -5.706577e-03)
4668          	6.115347e-05	(0.000000e+00 0.000000e+00 -5.706577e-03)
4669          	6.114898e-05	(0.000000e+00 0.000000e+00 -5.706577e-03)
4670          	6.113163e-05	(0.000000e+00 0.000000e+00 -5.706577e-03)
4671          	6.112757e-05	(0.000000e+00 0.000000e+00 -5.706577e-03)
4672          	6.111179e-05	(0.000000e+00 0.000000e+00 -5.706577e-03)
4673          	6.110801e-05	(0.000000e+00 0.000000e+00 -5.706577e-03)
4674          	6.109424e-05	(0.000000e+00 0.000000e+00 -5.706577e-03)
4675          	6.109099e-05	(0.000000e+00 0.000000e+00 -5.706577e-03)
4676          	6.107948e-05	(0.000000e+00 0.000000e+00 -5.706577e-03)
4677          	6.107682e-05	(0.000000e+00 0.000000e+00 -5.706577e-03)
4678          	6.106786e-05	(0.000000e+00 0.000000e+00 -5.706577e-03)
4679          	6.106582e-05	(0.000000e+00 0.000000e+00 -5.706577e-03)
4680          	6.105884e-05	(0.000000e+00 0.000000e+00 -5.706577e-03)
4681          	6.105739e-05	(0.000000e+00 0.000000e+00 -5.706577e-03)
4682          	6.105234e-05	(0.000000e+00 0.000000e+00 -5.706577e-03)
4683          	6.105139e-05	(0.000000e+00 0.000000e+00 -5.706577e-03)
4684          	6.104772e-05	(0.000000e+00 0.000000e+00 -5.706577e-03)
4685          	6.104672e-05	(0.000000e+00 0.000000e+00 -5.706577e-03)
4686          	6.104445e-05	(0.000000e+00 0.000000e+00 -5.706577e-03)
4687          	6.104360e-05	(0.000000e+00 0.000000e+00 -5.706577e-03)
4688          	6.104284e-05	(0.000000e+00 0.000000e+00 -5.706577e-03)
4689          	6.104244e-05	(0.000000e+00 0.000000e+00 -5.706577e-03)
4690          	6.104546e-05	(0.000000e+00 0.000000e+00 -5.706577e-03)
4691          	6.104564e-05	(0.000000e+00 0.000000e+00 -5.706577e-03)
4692          	6.105114e-05	(0.000000e+00 0.000000e+00 -5.706577e-03)
4693          	6.105248e-05	(0.000000e+00 0.000000e+00 -5.706577e-03)
4694          	6.106080e-05	(0.000000e+00 0.000000e+00 -5.706577e-03)
4695          	6.106370e-05	(0.000000e+00 0.000000e+00 -5.706577e-03)
4696          	6.107303e-05	(0.000000e+00 0.000000e+00 -5.706577e-03)
4697          	6.107636e-05	(0.000000e+00 0.000000e+00 -5.706577e-03)
4698          	6.108591e-05	(0.000000e+00 0.000000e+00 -5.706577e-03)
4699          	6.108926e-05	(0.000000e+00 0.000000e+00 -5.706577e-03)
4700          	6.109950e-05	(0.000000e+00 0.000000e+00 -5.706577e-03)
4701          	6.110321e-05	(0.000000e+00 0.000000e+00 -5.706577e-03)
4702          	6.111462e-05	(0.000000e+00 0.000000e+00 -5.706577e-03)
4703          	6.111878e-05	(0.000000e+00 0.000000e+00 -5.706577e-03)
4704          	6.113117e-05	(0.000000e+00 0.000000e+00 -5.706577e-03)
4705          	6.113504e-05	(0.000000e+00 0.000000e+00 -5.706577e-03)
4706          	6.114645e-05	(0.000000e+00 0.000000e+00 -5.706577e-03)
4707          	6.115005e-05	(0.000000e+00 0.000000e+00 -5.706577e-03)
4708          	6.116109e-05	(0.000000e+00 0.000000e+00 -5.706577e-03)
4709          	6.116467e-05	(0.000000e+00 0.000000e+00 -5.706577e-03)
4710          	6.117650e-05	(0.000000e+00 0.000000e+00 -5.706577e-03)
4711          	6.117984e-05	(0.000000e+00 0.000000e+00 -5.706577e-03)
4712          	6.119141e-05	(0.000000e+00 0.000000e+00 -5.706577e-03)
4713          	6.119457e-05	(0.000000e+00 0.000000e+00 -5.706577e-03)
4714          	6.120409e-05	(0.000000e+00 0.000000e+00 -5.706577e-03)
4715          	6.120609e-05	(0.000000e+00 0.000000e+00 -5.706577e-03)
4716          	6.121137e-05	(0.000000e+00 0.000000e+00 -5.706577e-03)
4717          	6.121245e-05	(0.000000e+00 0.000000e+00 -5.706577e-03)
4718          	6.121594e-05	(0.000000e+00 0.000000e+00 -5.706577e-03)
4719          	6.121643e-05	(0.000000e+00 0.000000e+00 -5.706577e-03)
4720          	6.121976e-05	(0.000000e+00 0.000000e+00 -5.706577e-03)
4721          	6.122008e-05	(0.000000e+00 0.000000e+00 -5.706577e-03)
4722          	6.122302e-05	(0.000000e+00 0.000000e+00 -5.706577e-03)
4723          	6.122311e-05	(0.000000e+00 0.000000e+00 -5.706577e-03)
4724          	6.122529e-05	(0.000000e+00 0.000000e+00 -5.706577e-03)
4725          	6.122529e-05	(0.000000e+00 0.000000e+00 -5.706577e-03)
4726          	6.122691e-05	(0.000000e+00 0.000000e+00 -5.706577e-03)
4727          	6.122697e-05	(0.000000e+00 0.000000e+00 -5.706577e-03)
4728          	6.122819e-05	(0.000000e+00 0.000000e+00 -5.706577e-03)
4729          	6.122839e-05	(0.000000e+00 0.000000e+00 -5.706577e-03)
4730          	6.122950e-05	(0.000000e+00 0.000000e+00 -5.706577e-03)
4731          	6.122983e-05	(0.000000e+00 0.000000e+00 -5.706577e-03)
4732          	6.123139e-05	(0.000000e+00 0.000000e+00 -5.706577e-03)
4733          	6.123267e-05	(0.000000e+00 0.000000e+00 -5.706577e-03)
4734          	6.123533e-05	(0.000000e+00 0.000000e+00 -5.706577e-03)
4735          	6.123738e-05	(0.000000e+00 0.000000e+00 -5.706577e-03)
4736          	6.124361e-05	(0.000000e+00 0.000000e+00 -5.706577e-03)
4737          	6.124720e-05	(0.000000e+00 0.000000e+00 -5.706577e-03)
4738          	6.125671e-05	(0.000000e+00 0.000000e+00 -5.706577e-03)
4739          	6.126179e-05	(0.000000e+00 0.000000e+00 -5.706577e-03)
4740          	6.127369e-05	(0.000000e+00 0.000000e+00 -5.706577e-03)
4741          	6.129947e-05	(0.000000e+00 0.000000e+00 -5.706577e-03)
4742          	6.131765e-05	(0.000000e+00 0.000000e+00 -5.706577e-03)
4743          	6.134563e-05	(0.000000e+00 0.000000e+00 -5.706577e-03)
4744          	6.136438e-05	(0.000000e+00 0.000000e+00 -5.706577e-03)
4745          	6.137623e-05	(0.000000e+00 0.000000e+00 -5.706577e-03)
4746          	6.139710e-05	(0.000000e+00 0.000000e+00 -5.706577e-03)
4747          	6.142837e-05	(0.000000e+00 0.000000e+00 -5.706577e-03)
4748          	6.145051e-05	(0.000000e+00 0.000000e+00 -5.706577e-03)
4749          	6.148143e-05	(0.000000e+00 0.000000e+00 -5.706577e-03)
4750          	6.150406e-05	(0.000000e+00 0.000000e+00 -5.706577e-03)
4751          	6.151256e-05	(0.000000e+00 0.000000e+00 -5.706577e-03)
4752          	6.153062e-05	(0.000000e+00 0.000000e+00 -5.706577e-03)
4753          	6.153724e-05	(0.000000e+00 0.000000e+00 -5.706577e-03)
4754          	6.155440e-05	(0.000000e+00 0.000000e+00 -5.706577e-03)
4755          	6.155991e-05	(0.000000e+00 0.000000e+00 -5.706577e-03)
4756          	6.157460e-05	(0.000000e+00 0.000000e+00 -5.706577e-03)
4757          	6.157950e-05	(0.000000e+00 0.000000e+00 -5.706577e-03)
4758          	6.159193e-05	(0.000000e+00 0.000000e+00 -5.706577e-03)
4759          	6.159623e-05	(0.000000e+00 0.000000e+00 -5.706577e-03)
4760          	6.160665e-05	(0.000000e+00 0.000000e+00 -5.706577e-03)
4761          	6.161028e-05	(0.000000e+00 0.000000e+00 -5.706577e-03)
4762          	6.161965e-05	(0.000000e+00 0.000000e+00 -5.706577e-03)
4763          	6.162251e-05	(0.000000e+00 0.000000e+00 -5.706577e-03)
4764          	6.162893e-05	(0.000000e+00 0.000000e+00 -5.706577e-03)
4765          	6.163100e-05	(0.000000e+00 0.000000e+00 -5.706577e-03)
4766          	6.163661e-05	(0.000000e+00 0.000000e+00 -5.706577e-03)
4767          	6.165382e-05	(0.000000e+00 0.000000e+00 -5.706577e-03)
4768          	6.166014e-05	(0.000000e+00 0.000000e+00 -5.706577e-03)
4769          	6.167427e-05	(0.000000e+00 0.000000e+00 -5.706577e-03)
4770          	6.168179e-05	(0.000000e+00 0.000000e+00 -5.706577e-03)
4771          	6.168296e-05	(0.000000e+00 0.000000e+00 -5.706577e-03)
4772          	6.168973e-05	(0.000000e+00 0.000000e+00 -5.706577e-03)
4773          	6.169031e-05	(0.000000e+00 0.000000e+00 -5.706577e-03)
4774          	6.169637e-05	(0.000000e+00 0.000000e+00 -5.706577e-03)
4775          	6.169603e-05	(0.000000e+00 0.000000e+00 -5.706577e-03)
4776          	6.169919e-05	(0.000000e+00 0.000000e+00 -5.706577e-03)
4777          	6.169847e-05	(0.000000e+00 0.000000e+00 -5.706577e-03)
4778          	6.169890e-05	(0.000000e+00 0.000000e+00 -5.706577e-03)
4779          	6.169767e-05	(0.000000e+00 0.000000e+00 -5.706577e-03)
4780          	6.169803e-05	(0.000000e+00 0.000000e+00 -5.706577e-03)
4781          	6.169637e-05	(0.000000e+00 0.000000e+00 -5.706577e-03)
4782          	6.169558e-05	(0.000000e+00 0.000000e+00 -5.706577e-03)
4783          	6.169365e-05	(0.000000e+00 0.000000e+00 -5.706577e-03)
4784          	6.169158e-05	(0.000000e+00 0.000000e+00 -5.706577e-03)
4785          	6.168940e-05	(0.000000e+00 0.000000e+00 -5.706577e-03)
4786          	6.168665e-05	(0.000000e+00 0.000000e+00 -5.706577e-03)
4787          	6.168439e-05	(0.000000e+00 0.000000e+00 -5.706577e-03)
4788          	6.168191e-05	(0.000000e+00 0.000000e+00 -5.706577e-03)
4789          	6.168001e-05	(0.000000e+00 0.000000e+00 -5.706577e-03)
4790          	6.167808e-05	(0.000000e+00 0.000000e+00 -5.706577e-03)
4791          	6.167604e-05	(0.000000e+00 0.000000e+00 -5.706577e-03)
4792          	6.167452e-05	(0.000000e+00 0.000000e+00 -5.706577e-03)
4793          	6.167221e-05	(0.000000e+00 0.000000e+00 -5.706577e-03)
4794          	6.167090e-05	(0.000000e+00 0.000000e+00 -5.706577e-03)
4795          	6.166873e-05	(0.000000e+00 0.000000e+00 -5.706577e-03)
4796          	6.166780e-05	(0.000000e+00 0.000000e+00 -5.706577e-03)
4797          	6.166548e-05	(0.000000e+00 0.000000e+00 -5.706577e-03)
4798          	6.166386e-05	(0.000000e+00 0.000000e+00 -5.706577e-03)
4799          	6.166115e-05	(0.000000e+00 0.000000e+00 -5.706577e-03)
4800          	6.165914e-05	(0.000000e+00 0.000000e+00 -5.706577e-03)
4801          	6.165570e-05	(0.000000e+00 0.000000e+00 -5.706577e-03)
4802          	6.165601e-05	(0.000000e+00 0.000000e+00 -5.706577e-03)
4803          	6.165560e-05	(0.000000e+00 0.000000e+00 -5.706577e-03)
4804          	6.165476e-05	(0.000000e+00 0.000000e+00 -5.706577e-03)
4805          	6.165425e-05	(0.000000e+00 0.000000e+00 -5.706577e-03)
4806          	6.165340e-05	(0.000000e+00 0.000000e+00 -5.706577e-03)
4807          	6.165277e-05	(0.000000e+00 0.000000e+00 -5.706577e-03)
4808          	6.165329e-05	(0.000000e+00 0.000000e+00 -5.706577e-03)
4809          	6.165253e-05	(0.000000e+00 0.000000e+00 -5.706577e-03)
4810          	6.165409e-05	(0.000000e+00 0.000000e+00 -5.706577e-03)
4811          	6.165325e-05	(0.000000e+00 0.000000e+00 -5.706577e-03)
4812          	6.165572e-05	(0.000000e+00 0.000000e+00 -5.706577e-03)
4813          	6.165537e-05	(0.000000e+00 0.000000e+00 -5.706577e-03)
4814          	6.165868e-05	(0.000000e+00 0.000000e+00 -5.706577e-03)
4815          	6.165905e-05	(0.000000e+00 0.000000e+00 -5.706577e-03)
4816          	6.166368e-05	(0.000000e+00 0.000000e+00 -5.706577e-03)
4817          	6.166457e-05	(0.000000e+00 0.000000e+00 -5.706577e-03)
4818          	6.166990e-05	(0.000000e+00 0.000000e+00 -5.706577e-03)
4819          	6.167117e-05	(0.000000e+00 0.000000e+00 -5.706577e-03)
4820          	6.167768e-05	(0.000000e+00 0.000000e+00 -5.706577e-03)
4821          	6.167950e-05	(0.000000e+00 0.000000e+00 -5.706577e-03)
4822          	6.168653e-05	(0.000000e+00 0.000000e+00 -5.706577e-03)
4823          	6.168850e-05	(0.000000e+00 0.000000e+00 -5.706577e-03)
4824          	6.169612e-05	(0.000000e+00 0.000000e+00 -5.706577e-03)
4825          	6.169826e-05	(0.000000e+00 0.000000e+00 -5.706577e-03)
4826          	6.170588e-05	(0.000000e+00 0.000000e+00 -5.706577e-03)
4827          	6.170795e-05	(0.000000e+00 0.000000e+00 -5.706577e-03)
4828          	6.169968e-05	(0.000000e+00 0.000000e+00 -5.706577e-03)
4829          	6.170183e-05	(0.000000e+00 0.000000e+00 -5.706577e-03)
4830          	6.170859e-05	(0.000000e+00 0.000000e+00 -5.706577e-03)
4831          	6.171040e-05	(0.000000e+00 0.000000e+00 -5.706577e-03)
4832          	6.170260e-05	(0.000000e+00 0.000000e+00 -5.706577e-03)
4833          	6.170456e-05	(0.000000e+00 0.000000e+00 -5.706577e-03)
4834          	6.171044e-05	(0.000000e+00 0.000000e+00 -5.706577e-03)
4835          	6.171223e-05	(0.000000e+00 0.000000e+00 -5.706577e-03)
4836          	6.171677e-05	(0.000000e+00 0.000000e+00 -5.706577e-03)
4837          	6.171822e-05	(0.000000e+00 0.000000e+00 -5.706577e-03)
4838          	6.171921e-05	(0.000000e+00 0.000000e+00 -5.706577e-03)
4839          	6.171960e-05	(0.000000e+00 0.000000e+00 -5.706577e-03)
4840          	6.171738e-05	(0.000000e+00 0.000000e+00 -5.706577e-03)
4841          	6.171664e-05	(0.000000e+00 0.000000e+00 -5.706577e-03)
4842          	6.168517e-05	(0.000000e+00 0.000000e+00 -5.706577e-03)
4843          	6.168410e-05	(0.000000e+00 0.000000e+00 -5.706577e-03)
4844          	6.167873e-05	(0.000000e+00 0.000000e+00 -5.706577e-03)
4845          	6.167744e-05	(0.000000e+00 0.000000e+00 -5.706577e-03)
4846          	6.167102e-05	(0.000000e+00 0.000000e+00 -5.706577e-03)
4847          	6.166901e-05	(0.000000e+00 0.000000e+00 -5.706577e-03)
4848          	6.166022e-05	(0.000000e+00 0.000000e+00 -5.706577e-03)
4849          	6.165687e-05	(0.000000e+00 0.000000e+00 -5.706577e-03)
4850          	6.164697e-05	(0.000000e+00 0.000000e+00 -5.706577e-03)
4851          	6.164358e-05	(0.000000e+00 0.000000e+00 -5.706577e-03)
4852          	6.163188e-05	(0.000000e+00 0.000000e+00 -5.706577e-03)
4853          	6.161139e-05	(0.000000e+00 0.000000e+00 -5.706577e-03)
4854          	6.159905e-05	(0.000000e+00 0.000000e+00 -5.706577e-03)
4855          	6.159337e-05	(0.000000e+00 0.000000e+00 -5.706577e-03)
4856          	6.158096e-05	(0.000000e+00 0.000000e+00 -5.706577e-03)
4857          	6.157450e-05	(0.000000e+00 0.000000e+00 -5.706577e-03)
4858          	6.155734e-05	(0.000000e+00 0.000000e+00 -5.706577e-03)
4859          	6.153894e-05	(0.000000e+00 0.000000e+00 -5.706577e-03)
4860          	6.151904e-05	(0.000000e+00 0.000000e+00 -5.706577e-03)
4861          	6.149874e-05	(0.000000e+00 0.000000e+00 -5.706577e-03)
4862          	6.148056e-05	(0.000000e+00 0.000000e+00 -5.706577e-03)
4863          	6.146601e-05	(0.000000e+00 0.000000e+00 -5.706577e-03)
4864          	6.145133e-05	(0.000000e+00 0.000000e+00 -5.706577e-03)
4865          	6.143812e-05	(0.000000e+00 0.000000e+00 -5.706577e-03)
4866          	6.142654e-05	(0.000000e+00 0.000000e+00 -5.706577e-03)
4867          	6.142259e-05	(0.000000e+00 0.000000e+00 -5.706577e-03)
4868          	6.141123e-05	(0.000000e+00 0.000000e+00 -5.706577e-03)
4869          	6.139904e-05	(0.000000e+00 0.000000e+00 -5.706577e-03)
4870          	6.138825e-05	(0.000000e+00 0.000000e+00 -5.706577e-03)
4871          	6.137893e-05	(0.000000e+00 0.000000e+00 -5.706577e-03)
4872          	6.136932e-05	(0.000000e+00 0.000000e+00 -5.706577e-03)
4873          	6.136545e-05	(0.000000e+00 0.000000e+00 -5.706577e-03)
4874          	6.135725e-05	(0.000000e+00 0.000000e+00 -5.706577e-03)
4875          	6.135470e-05	(0.000000e+00 0.000000e+00 -5.706577e-03)
4876          	6.134733e-05	(0.000000e+00 0.000000e+00 -5.706577e-03)
4877          	6.134502e-05	(0.000000e+00 0.000000e+00 -5.706577e-03)
4878          	6.133823e-05	(0.000000e+00 0.000000e+00 -5.706577e-03)
4879          	6.133632e-05	(0.000000e+00 0.000000e+00 -5.706577e-03)
4880          	6.132927e-05	(0.000000e+00 0.000000e+00 -5.706577e-03)
4881          	6.132745e-05	(0.000000e+00 0.000000e+00 -5.706577e-03)
4882          	6.132197e-05	(0.000000e+00 0.000000e+00 -5.706577e-03)
4883          	6.132131e-05	(0.000000e+00 0.000000e+00 -5.706577e-03)
4884          	6.132027e-05	(0.000000e+00 0.000000e+00 -5.706577e-03)
4885          	6.132098e-05	(0.000000e+00 0.000000e+00 -5.706577e-03)
4886          	6.132653e-05	(0.000000e+00 0.000000e+00 -5.706577e-03)
4887          	6.132875e-05	(0.000000e+00 0.000000e+00 -5.706577e-03)
4888          	6.133927e-05	(0.000000e+00 0.000000e+00 -5.706577e-03)
4889          	6.134242e-05	(0.000000e+00 0.000000e+00 -5.706577e-03)
4890          	6.135500e-05	(0.000000e+00 0.000000e+00 -5.706577e-03)
4891          	6.135855e-05	(0.000000e+00 0.000000e+00 -5.706577e-03)
4892          	6.137074e-05	(0.000000e+00 0.000000e+00 -5.706577e-03)
4893          	6.137423e-05	(0.000000e+00 0.000000e+00 -5.706577e-03)
4894          	6.138468e-05	(0.000000e+00 0.000000e+00 -5.706577e-03)
4895          	6.138825e-05	(0.000000e+00 0.000000e+00 -5.706577e-03)
4896          	6.139817e-05	(0.000000e+00 0.000000e+00 -5.706577e-03)
4897          	6.140142e-05	(0.000000e+00 0.000000e+00 -5.706577e-03)
4898          	6.141152e-05	(0.000000e+00 0.000000e+00 -5.706577e-03)
4899          	6.141577e-05	(0.000000e+00 0.000000e+00 -5.706577e-03)
4900          	6.142921e-05	(0.000000e+00 0.000000e+00 -5.706577e-03)
4901          	6.143382e-05	(0.000000e+00 0.000000e+00 -5.706577e-03)
4902          	6.144840e-05	(0.000000e+00 0.000000e+00 -5.706577e-03)
4903          	6.145313e-05	(0.000000e+00 0.000000e+00 -5.706577e-03)
4904          	6.146772e-05	(0.000000e+00 0.000000e+00 -5.706577e-03)
4905          	6.147195e-05	(0.000000e+00 0.000000e+00 -5.706577e-03)
4906          	6.148467e-05	(0.000000e+00 0.000000e+00 -5.706577e-03)
4907          	6.148828e-05	(0.000000e+00 0.000000e+00 -5.706577e-03)
4908          	6.149925e-05	(0.000000e+00 0.000000e+00 -5.706577e-03)
4909          	6.150222e-05	(0.000000e+00 0.000000e+00 -5.706577e-03)
4910          	6.151165e-05	(0.000000e+00 0.000000e+00 -5.706577e-03)
4911          	6.151471e-05	(0.000000e+00 0.000000e+00 -5.706577e-03)
4912          	6.152394e-05	(0.000000e+00 0.000000e+00 -5.706577e-03)
4913          	6.152644e-05	(0.000000e+00 0.000000e+00 -5.706577e-03)
4914          	6.153406e-05	(0.000000e+00 0.000000e+00 -5.706577e-03)
4915          	6.153672e-05	(0.000000e+00 0.000000e+00 -5.706577e-03)
4916          	6.154335e-05	(0.000000e+00 0.000000e+00 -5.706577e-03)
4917          	6.154532e-05	(0.000000e+00 0.000000e+00 -5.706577e-03)
4918          	6.154954e-05	(0.000000e+00 0.000000e+00 -5.706577e-03)
4919          	6.155100e-05	(0.000000e+00 0.000000e+00 -5.706577e-03)
4920          	6.155328e-05	(0.000000e+00 0.000000e+00 -5.706577e-03)
4921          	6.155435e-05	(0.000000e+00 0.000000e+00 -5.706577e-03)
4922          	6.155436e-05	(0.000000e+00 0.000000e+00 -5.706577e-03)
4923          	6.155471e-05	(0.000000e+00 0.000000e+00 -5.706577e-03)
4924          	6.155309e-05	(0.000000e+00 0.000000e+00 -5.706577e-03)
4925          	6.155290e-05	(0.000000e+00 0.000000e+00 -5.706577e-03)
4926          	6.154997e-05	(0.000000e+00 0.000000e+00 -5.706577e-03)
4927          	6.154936e-05	(0.000000e+00 0.000000e+00 -5.706577e-03)
4928          	6.154399e-05	(0.000000e+00 0.000000e+00 -5.706577e-03)
4929          	6.154293e-05	(0.000000e+00 0.000000e+00 -5.706577e-03)
4930          	6.153569e-05	(0.000000e+00 0.000000e+00 -5.706577e-03)
4931          	6.153364e-05	(0.000000e+00 0.000000e+00 -5.706577e-03)
4932          	6.152191e-05	(0.000000e+00 0.000000e+00 -5.706577e-03)
4933          	6.151929e-05	(0.000000e+00 0.000000e+00 -5.706577e-03)
4934          	6.150688e-05	(0.000000e+00 0.000000e+00 -5.706577e-03)
4935          	6.150328e-05	(0.000000e+00 0.000000e+00 -5.706577e-03)
4936          	6.148658e-05	(0.000000e+00 0.000000e+00 -5.706577e-03)
4937          	6.148289e-05	(0.000000e+00 0.000000e+00 -5.706577e-03)
4938          	6.146699e-05	(0.000000e+00 0.000000e+00 -5.706577e-03)
4939          	6.146287e-05	(0.000000e+00 0.000000e+00 -5.706577e-03)
4940          	6.144429e-05	(0.000000e+00 0.000000e+00 -5.706577e-03)
4941          	6.144023e-05	(0.000000e+00 0.000000e+00 -5.706577e-03)
4942          	6.142259e-05	(0.000000e+00 0.000000e+00 -5.706577e-03)
4943          	6.141736e-05	(0.000000e+00 0.000000e+00 -5.706577e-03)
4944          	6.139632e-05	(0.000000e+00 0.000000e+00 -5.706577e-03)
4945          	6.139108e-05	(0.000000e+00 0.000000e+00 -5.706577e-03)
4946          	6.137123e-05	(0.000000e+00 0.000000e+00 -5.706577e-03)
4947          	6.136601e-05	(0.000000e+00 0.000000e+00 -5.706577e-03)
4948          	6.134761e-05	(0.000000e+00 0.000000e+00 -5.706577e-03)
4949          	6.134275e-05	(0.000000e+00 0.000000e+00 -5.706577e-03)
4950          	6.132465e-05	(0.000000e+00 0.000000e+00 -5.706577e-03)
4951          	6.131882e-05	(0.000000e+00 0.000000e+00 -5.706577e-03)
4952          	6.129707e-05	(0.000000e+00 0.000000e+00 -5.706577e-03)
4953          	6.129164e-05	(0.000000e+00 0.000000e+00 -5.706577e-03)
4954          	6.127162e-05	(0.000000e+00 0.000000e+00 -5.706577e-03)
4955          	6.126648e-05	(0.000000e+00 0.000000e+00 -5.706577e-03)
4956          	6.124564e-05	(0.000000e+00 0.000000e+00 -5.706577e-03)
4957          	6.124026e-05	(0.000000e+00 0.000000e+00 -5.706577e-03)
4958          	6.121942e-05	(0.000000e+00 0.000000e+00 -5.706577e-03)
4959          	6.121486e-05	(0.000000e+00 0.000000e+00 -5.706577e-03)
4960          	6.119684e-05	(0.000000e+00 0.000000e+00 -5.706577e-03)
4961          	6.119179e-05	(0.000000e+00 0.000000e+00 -5.706577e-03)
4962          	6.117347e-05	(0.000000e+00 0.000000e+00 -5.706577e-03)
4963          	6.116931e-05	(0.000000e+00 0.000000e+00 -5.706577e-03)
4964          	6.115297e-05	(0.000000e+00 0.000000e+00 -5.706577e-03)
4965          	6.114787e-05	(0.000000e+00 0.000000e+00 -5.706577e-03)
4966          	6.113010e-05	(0.000000e+00 0.000000e+00 -5.706577e-03)
4967          	6.112517e-05	(0.000000e+00 0.000000e+00 -5.706577e-03)
4968          	6.110771e-05	(0.000000e+00 0.000000e+00 -5.706577e-03)
4969          	6.110373e-05	(0.000000e+00 0.000000e+00 -5.706577e-03)
4970          	6.108608e-05	(0.000000e+00 0.000000e+00 -5.706577e-03)
4971          	6.108220e-05	(0.000000e+00 0.000000e+00 -5.706577e-03)
4972          	6.106523e-05	(0.000000e+00 0.000000e+00 -5.706577e-03)
4973          	6.106174e-05	(0.000000e+00 0.000000e+00 -5.706577e-03)
4974          	6.104653e-05	(0.000000e+00 0.000000e+00 -5.706577e-03)
4975          	6.104319e-05	(0.000000e+00 0.000000e+00 -5.706577e-03)
4976          	6.102892e-05	(0.000000e+00 0.000000e+00 -5.706577e-03)
4977          	6.102632e-05	(0.000000e+00 0.000000e+00 -5.706577e-03)
4978          	6.101525e-05	(0.000000e+00 0.000000e+00 -5.706577e-03)
4979          	6.101287e-05	(0.000000e+00 0.000000e+00 -5.706577e-03)
4980          	6.100401e-05	(0.000000e+00 0.000000e+00 -5.706577e-03)
4981          	6.100226e-05	(0.000000e+00 0.000000e+00 -5.706577e-03)
4982          	6.099516e-05	(0.000000e+00 0.000000e+00 -5.706577e-03)
4983          	6.099300e-05	(0.000000e+00 0.000000e+00 -5.706577e-03)
4984          	6.098894e-05	(0.000000e+00 0.000000e+00 -5.706577e-03)
4985          	6.098841e-05	(0.000000e+00 0.000000e+00 -5.706577e-03)
4986          	6.098831e-05	(0.000000e+00 0.000000e+00 -5.706577e-03)
4987          	6.098873e-05	(0.000000e+00 0.000000e+00 -5.706577e-03)
4988          	6.098881e-05	(0.000000e+00 0.000000e+00 -5.706577e-03)
4989          	6.098895e-05	(0.000000e+00 0.000000e+00 -5.706577e-03)
4990          	6.099154e-05	(0.000000e+00 0.000000e+00 -5.706577e-03)
4991          	6.099210e-05	(0.000000e+00 0.000000e+00 -5.706577e-03)
4992          	6.099486e-05	(0.000000e+00 0.000000e+00 -5.706577e-03)
4993          	6.099522e-05	(0.000000e+00 0.000000e+00 -5.706577e-03)
4994          	6.099769e-05	(0.000000e+00 0.000000e+00 -5.706577e-03)
4995          	6.099812e-05	(0.000000e+00 0.000000e+00 -5.706577e-03)
4996          	6.100275e-05	(0.000000e+00 0.000000e+00 -5.706577e-03)
4997          	6.100319e-05	(0.000000e+00 0.000000e+00 -5.706577e-03)
4998          	6.100882e-05	(0.000000e+00 0.000000e+00 -5.706577e-03)
4999          	6.100953e-05	(0.000000e+00 0.000000e+00 -5.706577e-03)
5000          	6.101626e-05	(0.000000e+00 0.000000e+00 -5.706577e-03)
