# Selection   : patch(inlet)
# Faces       : 376
# Area        : 3.835388e-01
# Time        	areaAverage(p)	areaAverage(U)
0             	0.000000e+00	(0.000000e+00 0.000000e+00 7.600000e-03)
0.05          	2.045800e+00	(0.000000e+00 0.000000e+00 -5.706577e-03)
0.1           	-1.368513e-01	(0.000000e+00 0.000000e+00 -5.706577e-03)
0.15          	-9.438091e-03	(0.000000e+00 0.000000e+00 -5.706577e-03)
0.2           	1.295718e-03	(0.000000e+00 0.000000e+00 -5.706577e-03)
0.25          	1.742026e-03	(0.000000e+00 0.000000e+00 -5.706577e-03)
0.3           	2.233777e-03	(0.000000e+00 0.000000e+00 -5.706577e-03)
0.35          	2.526004e-03	(0.000000e+00 0.000000e+00 -5.706577e-03)
0.4           	2.711560e-03	(0.000000e+00 0.000000e+00 -5.706577e-03)
0.45          	2.830938e-03	(0.000000e+00 0.000000e+00 -5.706577e-03)
0.5           	2.907092e-03	(0.000000e+00 0.000000e+00 -5.706577e-03)
0.55          	2.957153e-03	(0.000000e+00 0.000000e+00 -5.706577e-03)
0.6           	2.987793e-03	(0.000000e+00 0.000000e+00 -5.706577e-03)
0.65          	3.004850e-03	(0.000000e+00 0.000000e+00 -5.706577e-03)
0.7           	3.011197e-03	(0.000000e+00 0.000000e+00 -5.706577e-03)
0.75          	3.010133e-03	(0.000000e+00 0.000000e+00 -5.706577e-03)
0.8           	3.003733e-03	(0.000000e+00 0.000000e+00 -5.706577e-03)
0.85          	2.992460e-03	(0.000000e+00 0.000000e+00 -5.706577e-03)
0.9           	2.977946e-03	(0.000000e+00 0.000000e+00 -5.706577e-03)
0.95          	2.960489e-03	(0.000000e+00 0.000000e+00 -5.706577e-03)
1             	2.941803e-03	(0.000000e+00 0.000000e+00 -5.706577e-03)
1.05          	2.921703e-03	(0.000000e+00 0.000000e+00 -5.706577e-03)
1.1           	2.900365e-03	(0.000000e+00 0.000000e+00 -5.706577e-03)
1.15          	2.878305e-03	(0.000000e+00 0.000000e+00 -5.706577e-03)
1.2           	2.855670e-03	(0.000000e+00 0.000000e+00 -5.706577e-03)
1.25          	2.832801e-03	(0.000000e+00 0.000000e+00 -5.706577e-03)
1.3           	2.809705e-03	(0.000000e+00 0.000000e+00 -5.706577e-03)
1.35          	2.786148e-03	(0.000000e+00 0.000000e+00 -5.706577e-03)
1.4           	2.763003e-03	(0.000000e+00 0.000000e+00 -5.706577e-03)
1.45          	2.740330e-03	(0.000000e+00 0.000000e+00 -5.706577e-03)
1.5           	2.716727e-03	(0.000000e+00 0.000000e+00 -5.706577e-03)
1.55          	2.693805e-03	(0.000000e+00 0.000000e+00 -5.706577e-03)
1.6           	2.671573e-03	(0.000000e+00 0.000000e+00 -5.706577e-03)
1.65          	2.648614e-03	(0.000000e+00 0.000000e+00 -5.706577e-03)
1.7           	2.626191e-03	(0.000000e+00 0.000000e+00 -5.706577e-03)
1.75          	2.603732e-03	(0.000000e+00 0.000000e+00 -5.706577e-03)
1.8           	2.581823e-03	(0.000000e+00 0.000000e+00 -5.706577e-03)
1.85          	2.559856e-03	(0.000000e+00 0.000000e+00 -5.706577e-03)
1.9           	2.537934e-03	(0.000000e+00 0.000000e+00 -5.706577e-03)
1.95          	2.516479e-03	(0.000000e+00 0.000000e+00 -5.706577e-03)
2             	2.494998e-03	(0.000000e+00 0.000000e+00 -5.706577e-03)
2.05          	2.473541e-03	(0.000000e+00 0.000000e+00 -5.706577e-03)
2.1           	2.452586e-03	(0.000000e+00 0.000000e+00 -5.706577e-03)
2.15          	2.430933e-03	(0.000000e+00 0.000000e+00 -5.706577e-03)
2.2           	2.410452e-03	(0.000000e+00 0.000000e+00 -5.706577e-03)
2.25          	2.389091e-03	(0.000000e+00 0.000000e+00 -5.706577e-03)
2.3           	2.368775e-03	(0.000000e+00 0.000000e+00 -5.706577e-03)
2.35          	2.347912e-03	(0.000000e+00 0.000000e+00 -5.706577e-03)
2.4           	2.327726e-03	(0.000000e+00 0.000000e+00 -5.706577e-03)
2.45          	2.307095e-03	(0.000000e+00 0.000000e+00 -5.706577e-03)
2.5           	2.286849e-03	(0.000000e+00 0.000000e+00 -5.706577e-03)
2.55          	2.266899e-03	(0.000000e+00 0.000000e+00 -5.706577e-03)
2.6           	2.246596e-03	(0.000000e+00 0.000000e+00 -5.706577e-03)
2.65          	2.227073e-03	(0.000000e+00 0.000000e+00 -5.706577e-03)
2.7           	2.206405e-03	(0.000000e+00 0.000000e+00 -5.706577e-03)
2.75          	2.187252e-03	(0.000000e+00 0.000000e+00 -5.706577e-03)
2.8           	2.167239e-03	(0.000000e+00 0.000000e+00 -5.706577e-03)
2.85          	2.147905e-03	(0.000000e+00 0.000000e+00 -5.706577e-03)
2.9           	2.128577e-03	(0.000000e+00 0.000000e+00 -5.706577e-03)
2.95          	2.108885e-03	(0.000000e+00 0.000000e+00 -5.706577e-03)
3             	2.089779e-03	(0.000000e+00 0.000000e+00 -5.706577e-03)
3.05          	2.070726e-03	(0.000000e+00 0.000000e+00 -5.706577e-03)
3.1           	2.051708e-03	(0.000000e+00 0.000000e+00 -5.706577e-03)
3.15          	2.032820e-03	(0.000000e+00 0.000000e+00 -5.706577e-03)
3.2           	2.013431e-03	(0.000000e+00 0.000000e+00 -5.706577e-03)
3.25          	1.995305e-03	(0.000000e+00 0.000000e+00 -5.706577e-03)
3.3           	1.976245e-03	(0.000000e+00 0.000000e+00 -5.706577e-03)
3.35          	1.957798e-03	(0.000000e+00 0.000000e+00 -5.706577e-03)
3.4           	1.939367e-03	(0.000000e+00 0.000000e+00 -5.706577e-03)
3.45          	1.921194e-03	(0.000000e+00 0.000000e+00 -5.706577e-03)
3.5           	1.902661e-03	(0.000000e+00 0.000000e+00 -5.706577e-03)
3.55          	1.884651e-03	(0.000000e+00 0.000000e+00 -5.706577e-03)
3.6           	1.866746e-03	(0.000000e+00 0.000000e+00 -5.706577e-03)
3.65          	1.848611e-03	(0.000000e+00 0.000000e+00 -5.706577e-03)
3.7           	1.831031e-03	(0.000000e+00 0.000000e+00 -5.706577e-03)
3.75          	1.813058e-03	(0.000000e+00 0.000000e+00 -5.706577e-03)
3.8           	1.795531e-03	(0.000000e+00 0.000000e+00 -5.706577e-03)
3.85          	1.778236e-03	(0.000000e+00 0.000000e+00 -5.706577e-03)
3.9           	1.760694e-03	(0.000000e+00 0.000000e+00 -5.706577e-03)
3.95          	1.743109e-03	(0.000000e+00 0.000000e+00 -5.706577e-03)
4             	1.726092e-03	(0.000000e+00 0.000000e+00 -5.706577e-03)
4.05          	1.709241e-03	(0.000000e+00 0.000000e+00 -5.706577e-03)
4.1           	1.691844e-03	(0.000000e+00 0.000000e+00 -5.706577e-03)
4.15          	1.675194e-03	(0.000000e+00 0.000000e+00 -5.706577e-03)
4.2           	1.658374e-03	(0.000000e+00 0.000000e+00 -5.706577e-03)
4.25          	1.641769e-03	(0.000000e+00 0.000000e+00 -5.706577e-03)
4.3           	1.625339e-03	(0.000000e+00 0.000000e+00 -5.706577e-03)
4.35          	1.608740e-03	(0.000000e+00 0.000000e+00 -5.706577e-03)
4.4           	1.592374e-03	(0.000000e+00 0.000000e+00 -5.706577e-03)
4.45          	1.576039e-03	(0.000000e+00 0.000000e+00 -5.706577e-03)
4.5           	1.560244e-03	(0.000000e+00 0.000000e+00 -5.706577e-03)
4.55          	1.544027e-03	(0.000000e+00 0.000000e+00 -5.706577e-03)
4.6           	1.528286e-03	(0.000000e+00 0.000000e+00 -5.706577e-03)
4.65          	1.512367e-03	(0.000000e+00 0.000000e+00 -5.706577e-03)
4.7           	1.496676e-03	(0.000000e+00 0.000000e+00 -5.706577e-03)
4.75          	1.481344e-03	(0.000000e+00 0.000000e+00 -5.706577e-03)
4.8           	1.465888e-03	(0.000000e+00 0.000000e+00 -5.706577e-03)
4.85          	1.450526e-03	(0.000000e+00 0.000000e+00 -5.706577e-03)
4.9           	1.435028e-03	(0.000000e+00 0.000000e+00 -5.706577e-03)
4.95          	1.420263e-03	(0.000000e+00 0.000000e+00 -5.706577e-03)
5             	1.404968e-03	(0.000000e+00 0.000000e+00 -5.706577e-03)
5.05          	1.390060e-03	(0.000000e+00 0.000000e+00 -5.706577e-03)
5.1           	1.375641e-03	(0.000000e+00 0.000000e+00 -5.706577e-03)
5.15          	1.360645e-03	(0.000000e+00 0.000000e+00 -5.706577e-03)
5.2           	1.346170e-03	(0.000000e+00 0.000000e+00 -5.706577e-03)
5.25          	1.331734e-03	(0.000000e+00 0.000000e+00 -5.706577e-03)
5.3           	1.317473e-03	(0.000000e+00 0.000000e+00 -5.706577e-03)
5.35          	1.303138e-03	(0.000000e+00 0.000000e+00 -5.706577e-03)
5.4           	1.289160e-03	(0.000000e+00 0.000000e+00 -5.706577e-03)
5.45          	1.275046e-03	(0.000000e+00 0.000000e+00 -5.706577e-03)
5.5           	1.261131e-03	(0.000000e+00 0.000000e+00 -5.706577e-03)
5.55          	1.247420e-03	(0.000000e+00 0.000000e+00 -5.706577e-03)
5.6           	1.233824e-03	(0.000000e+00 0.000000e+00 -5.706577e-03)
5.65          	1.220020e-03	(0.000000e+00 0.000000e+00 -5.706577e-03)
5.7           	1.206849e-03	(0.000000e+00 0.000000e+00 -5.706577e-03)
5.75          	1.193191e-03	(0.000000e+00 0.000000e+00 -5.706577e-03)
5.8           	1.180204e-03	(0.000000e+00 0.000000e+00 -5.706577e-03)
5.85          	1.166913e-03	(0.000000e+00 0.000000e+00 -5.706577e-03)
5.95          	1.203682e-03	(0.000000e+00 0.000000e+00 -5.706577e-03)
6.05          	1.166245e-03	(0.000000e+00 0.000000e+00 -5.706577e-03)
6.15          	1.134538e-03	(0.000000e+00 0.000000e+00 -5.706577e-03)
6.25          	1.104327e-03	(0.000000e+00 0.000000e+00 -5.706577e-03)
6.35          	1.075601e-03	(0.000000e+00 0.000000e+00 -5.706577e-03)
6.45          	1.047589e-03	(0.000000e+00 0.000000e+00 -5.706577e-03)
6.55          	1.020849e-03	(0.000000e+00 0.000000e+00 -5.706577e-03)
6.65          	9.949070e-04	(0.000000e+00 0.000000e+00 -5.706577e-03)
6.75          	9.698451e-04	(0.000000e+00 0.000000e+00 -5.706577e-03)
6.85          	9.453916e-04	(0.000000e+00 0.000000e+00 -5.706577e-03)
6.95          	9.216148e-04	(0.000000e+00 0.000000e+00 -5.706577e-03)
7.05          	8.987223e-04	(0.000000e+00 0.000000e+00 -5.706577e-03)
7.15          	8.763092e-04	(0.000000e+00 0.000000e+00 -5.706577e-03)
7.25          	8.546403e-04	(0.000000e+00 0.000000e+00 -5.706577e-03)
7.35          	8.333511e-04	(0.000000e+00 0.000000e+00 -5.706577e-03)
7.45          	8.127369e-04	(0.000000e+00 0.000000e+00 -5.706577e-03)
7.55          	7.925692e-04	(0.000000e+00 0.000000e+00 -5.706577e-03)
7.65          	7.728073e-04	(0.000000e+00 0.000000e+00 -5.706577e-03)
7.75          	7.535598e-04	(0.000000e+00 0.000000e+00 -5.706577e-03)
7.85          	7.350217e-04	(0.000000e+00 0.000000e+00 -5.706577e-03)
7.95          	7.164247e-04	(0.000000e+00 0.000000e+00 -5.706577e-03)
8.05          	6.985670e-04	(0.000000e+00 0.000000e+00 -5.706577e-03)
8.15          	6.812477e-04	(0.000000e+00 0.000000e+00 -5.706577e-03)
8.25          	6.638973e-04	(0.000000e+00 0.000000e+00 -5.706577e-03)
8.35          	6.473657e-04	(0.000000e+00 0.000000e+00 -5.706577e-03)
8.45          	6.309222e-04	(0.000000e+00 0.000000e+00 -5.706577e-03)
8.55          	6.150946e-04	(0.000000e+00 0.000000e+00 -5.706577e-03)
8.65          	5.993420e-04	(0.000000e+00 0.000000e+00 -5.706577e-03)
8.75          	5.840832e-04	(0.000000e+00 0.000000e+00 -5.706577e-03)
8.85          	5.692837e-04	(0.000000e+00 0.000000e+00 -5.706577e-03)
8.95          	5.546665e-04	(0.000000e+00 0.000000e+00 -5.706577e-03)
9.05          	5.404088e-04	(0.000000e+00 0.000000e+00 -5.706577e-03)
9.15          	5.265341e-04	(0.000000e+00 0.000000e+00 -5.706577e-03)
9.25          	5.128341e-04	(0.000000e+00 0.000000e+00 -5.706577e-03)
9.35          	4.996341e-04	(0.000000e+00 0.000000e+00 -5.706577e-03)
9.45          	4.865710e-04	(0.000000e+00 0.000000e+00 -5.706577e-03)
9.55          	4.737922e-04	(0.000000e+00 0.000000e+00 -5.706577e-03)
9.65          	4.614960e-04	(0.000000e+00 0.000000e+00 -5.706577e-03)
9.75          	4.493274e-04	(0.000000e+00 0.000000e+00 -5.706577e-03)
9.85          	4.375471e-04	(0.000000e+00 0.000000e+00 -5.706577e-03)
9.95          	4.260461e-04	(0.000000e+00 0.000000e+00 -5.706577e-03)
10.05         	4.145324e-04	(0.000000e+00 0.000000e+00 -5.706577e-03)
10.15         	4.037606e-04	(0.000000e+00 0.000000e+00 -5.706577e-03)
10.25         	3.927181e-04	(0.000000e+00 0.000000e+00 -5.706577e-03)
10.35         	3.823084e-04	(0.000000e+00 0.000000e+00 -5.706577e-03)
10.45         	3.720714e-04	(0.000000e+00 0.000000e+00 -5.706577e-03)
10.55         	3.619667e-04	(0.000000e+00 0.000000e+00 -5.706577e-03)
10.65         	3.523536e-04	(0.000000e+00 0.000000e+00 -5.706577e-03)
10.75         	3.426022e-04	(0.000000e+00 0.000000e+00 -5.706577e-03)
10.85         	3.334065e-04	(0.000000e+00 0.000000e+00 -5.706577e-03)
10.95         	3.243082e-04	(0.000000e+00 0.000000e+00 -5.706577e-03)
11.05         	3.154538e-04	(0.000000e+00 0.000000e+00 -5.706577e-03)
11.15         	3.068199e-04	(0.000000e+00 0.000000e+00 -5.706577e-03)
11.25         	2.984896e-04	(0.000000e+00 0.000000e+00 -5.706577e-03)
11.35         	2.902676e-04	(0.000000e+00 0.000000e+00 -5.706577e-03)
11.45         	2.822966e-04	(0.000000e+00 0.000000e+00 -5.706577e-03)
11.55         	2.744112e-04	(0.000000e+00 0.000000e+00 -5.706577e-03)
11.65         	2.668851e-04	(0.000000e+00 0.000000e+00 -5.706577e-03)
11.75         	2.595505e-04	(0.000000e+00 0.000000e+00 -5.706577e-03)
11.85         	2.524073e-04	(0.000000e+00 0.000000e+00 -5.706577e-03)
11.95         	2.453545e-04	(0.000000e+00 0.000000e+00 -5.706577e-03)
12.05         	2.385518e-04	(0.000000e+00 0.000000e+00 -5.706577e-03)
12.15         	2.317952e-04	(0.000000e+00 0.000000e+00 -5.706577e-03)
12.25         	2.254879e-04	(0.000000e+00 0.000000e+00 -5.706577e-03)
12.35         	2.191927e-04	(0.000000e+00 0.000000e+00 -5.706577e-03)
12.45         	2.131203e-04	(0.000000e+00 0.000000e+00 -5.706577e-03)
12.55         	2.071304e-04	(0.000000e+00 0.000000e+00 -5.706577e-03)
12.65         	2.014503e-04	(0.000000e+00 0.000000e+00 -5.706577e-03)
12.75         	1.957300e-04	(0.000000e+00 0.000000e+00 -5.706577e-03)
12.85         	1.903394e-04	(0.000000e+00 0.000000e+00 -5.706577e-03)
12.95         	1.849489e-04	(0.000000e+00 0.000000e+00 -5.706577e-03)
13.05         	1.798713e-04	(0.000000e+00 0.000000e+00 -5.706577e-03)
13.15         	1.748626e-04	(0.000000e+00 0.000000e+00 -5.706577e-03)
13.25         	1.700221e-04	(0.000000e+00 0.000000e+00 -5.706577e-03)
13.35         	1.653401e-04	(0.000000e+00 0.000000e+00 -5.706577e-03)
13.45         	1.606774e-04	(0.000000e+00 0.000000e+00 -5.706577e-03)
13.55         	1.561766e-04	(0.000000e+00 0.000000e+00 -5.706577e-03)
13.65         	1.519590e-04	(0.000000e+00 0.000000e+00 -5.706577e-03)
13.75         	1.478142e-04	(0.000000e+00 0.000000e+00 -5.706577e-03)
13.85         	1.435060e-04	(0.000000e+00 0.000000e+00 -5.706577e-03)
13.95         	1.397631e-04	(0.000000e+00 0.000000e+00 -5.706577e-03)
14.05         	1.357655e-04	(0.000000e+00 0.000000e+00 -5.706577e-03)
14.15         	1.322245e-04	(0.000000e+00 0.000000e+00 -5.706577e-03)
14.25         	1.285088e-04	(0.000000e+00 0.000000e+00 -5.706577e-03)
14.35         	1.250554e-04	(0.000000e+00 0.000000e+00 -5.706577e-03)
14.45         	1.217955e-04	(0.000000e+00 0.000000e+00 -5.706577e-03)
14.55         	1.182994e-04	(0.000000e+00 0.000000e+00 -5.706577e-03)
14.65         	1.151963e-04	(0.000000e+00 0.000000e+00 -5.706577e-03)
14.75         	1.121458e-04	(0.000000e+00 0.000000e+00 -5.706577e-03)
14.85         	1.091628e-04	(0.000000e+00 0.000000e+00 -5.706577e-03)
14.95         	1.063103e-04	(0.000000e+00 0.000000e+00 -5.706577e-03)
15.05         	1.033030e-04	(0.000000e+00 0.000000e+00 -5.706577e-03)
15.15         	1.008373e-04	(0.000000e+00 0.000000e+00 -5.706577e-03)
15.25         	9.817737e-05	(0.000000e+00 0.000000e+00 -5.706577e-03)
15.35         	9.561964e-05	(0.000000e+00 0.000000e+00 -5.706577e-03)
15.45         	9.309551e-05	(0.000000e+00 0.000000e+00 -5.706577e-03)
15.55         	9.073144e-05	(0.000000e+00 0.000000e+00 -5.706577e-03)
15.65         	8.842090e-05	(0.000000e+00 0.000000e+00 -5.706577e-03)
15.75         	8.643102e-05	(0.000000e+00 0.000000e+00 -5.706577e-03)
15.85         	8.411571e-05	(0.000000e+00 0.000000e+00 -5.706577e-03)
15.95         	8.208878e-05	(0.000000e+00 0.000000e+00 -5.706577e-03)
16.05         	8.022403e-05	(0.000000e+00 0.000000e+00 -5.706577e-03)
16.15         	7.817518e-05	(0.000000e+00 0.000000e+00 -5.706577e-03)
16.25         	7.631863e-05	(0.000000e+00 0.000000e+00 -5.706577e-03)
16.35         	7.453458e-05	(0.000000e+00 0.000000e+00 -5.706577e-03)
16.45         	7.289062e-05	(0.000000e+00 0.000000e+00 -5.706577e-03)
16.55         	7.115461e-05	(0.000000e+00 0.000000e+00 -5.706577e-03)
16.65         	6.962345e-05	(0.000000e+00 0.000000e+00 -5.706577e-03)
16.75         	6.811204e-05	(0.000000e+00 0.000000e+00 -5.706577e-03)
16.85         	6.659294e-05	(0.000000e+00 0.000000e+00 -5.706577e-03)
16.95         	6.523931e-05	(0.000000e+00 0.000000e+00 -5.706577e-03)
17.05         	6.369361e-05	(0.000000e+00 0.000000e+00 -5.706577e-03)
17.15         	6.238181e-05	(0.000000e+00 0.000000e+00 -5.706577e-03)
17.25         	6.126486e-05	(0.000000e+00 0.000000e+00 -5.706577e-03)
17.35         	5.991006e-05	(0.000000e+00 0.000000e+00 -5.706577e-03)
17.45         	5.882964e-05	(0.000000e+00 0.000000e+00 -5.706577e-03)
17.55         	5.765903e-05	(0.000000e+00 0.000000e+00 -5.706577e-03)
17.65         	5.659134e-05	(0.000000e+00 0.000000e+00 -5.706577e-03)
17.75         	5.558264e-05	(0.000000e+00 0.000000e+00 -5.706577e-03)
17.85         	5.458920e-05	(0.000000e+00 0.000000e+00 -5.706577e-03)
17.95         	5.360518e-05	(0.000000e+00 0.000000e+00 -5.706577e-03)
18.05         	5.274221e-05	(0.000000e+00 0.000000e+00 -5.706577e-03)
18.15         	5.189301e-05	(0.000000e+00 0.000000e+00 -5.706577e-03)
18.25         	5.114780e-05	(0.000000e+00 0.000000e+00 -5.706577e-03)
18.35         	5.013416e-05	(0.000000e+00 0.000000e+00 -5.706577e-03)
18.45         	4.942331e-05	(0.000000e+00 0.000000e+00 -5.706577e-03)
18.55         	4.879289e-05	(0.000000e+00 0.000000e+00 -5.706577e-03)
18.65         	4.802754e-05	(0.000000e+00 0.000000e+00 -5.706577e-03)
18.75         	4.744278e-05	(0.000000e+00 0.000000e+00 -5.706577e-03)
18.85         	4.690789e-05	(0.000000e+00 0.000000e+00 -5.706577e-03)
18.95         	4.607869e-05	(0.000000e+00 0.000000e+00 -5.706577e-03)
19.05         	4.574146e-05	(0.000000e+00 0.000000e+00 -5.706577e-03)
19.15         	4.505381e-05	(0.000000e+00 0.000000e+00 -5.706577e-03)
19.25         	4.462937e-05	(0.000000e+00 0.000000e+00 -5.706577e-03)
19.35         	4.409617e-05	(0.000000e+00 0.000000e+00 -5.706577e-03)
19.45         	4.373987e-05	(0.000000e+00 0.000000e+00 -5.706577e-03)
19.55         	4.321611e-05	(0.000000e+00 0.000000e+00 -5.706577e-03)
19.65         	4.283035e-05	(0.000000e+00 0.000000e+00 -5.706577e-03)
19.75         	4.263842e-05	(0.000000e+00 0.000000e+00 -5.706577e-03)
19.85         	4.200968e-05	(0.000000e+00 0.000000e+00 -5.706577e-03)
19.95         	4.183919e-05	(0.000000e+00 0.000000e+00 -5.706577e-03)
20.05         	4.141678e-05	(0.000000e+00 0.000000e+00 -5.706577e-03)
20.15         	4.122271e-05	(0.000000e+00 0.000000e+00 -5.706577e-03)
20.25         	4.096163e-05	(0.000000e+00 0.000000e+00 -5.706577e-03)
20.35         	4.061098e-05	(0.000000e+00 0.000000e+00 -5.706577e-03)
20.45         	4.046201e-05	(0.000000e+00 0.000000e+00 -5.706577e-03)
20.55         	4.031152e-05	(0.000000e+00 0.000000e+00 -5.706577e-03)
20.65         	3.998475e-05	(0.000000e+00 0.000000e+00 -5.706577e-03)
20.75         	3.978747e-05	(0.000000e+00 0.000000e+00 -5.706577e-03)
20.85         	3.971120e-05	(0.000000e+00 0.000000e+00 -5.706577e-03)
20.95         	3.955523e-05	(0.000000e+00 0.000000e+00 -5.706577e-03)
21.05         	3.941685e-05	(0.000000e+00 0.000000e+00 -5.706577e-03)
21.15         	3.925560e-05	(0.000000e+00 0.000000e+00 -5.706577e-03)
21.25         	3.911316e-05	(0.000000e+00 0.000000e+00 -5.706577e-03)
21.35         	3.900773e-05	(0.000000e+00 0.000000e+00 -5.706577e-03)
21.45         	3.895371e-05	(0.000000e+00 0.000000e+00 -5.706577e-03)
21.55         	3.887729e-05	(0.000000e+00 0.000000e+00 -5.706577e-03)
21.65         	3.884286e-05	(0.000000e+00 0.000000e+00 -5.706577e-03)
21.75         	3.880585e-05	(0.000000e+00 0.000000e+00 -5.706577e-03)
21.85         	3.877528e-05	(0.000000e+00 0.000000e+00 -5.706577e-03)
21.95         	3.873960e-05	(0.000000e+00 0.000000e+00 -5.706577e-03)
22.05         	3.871606e-05	(0.000000e+00 0.000000e+00 -5.706577e-03)
22.15         	3.869529e-05	(0.000000e+00 0.000000e+00 -5.706577e-03)
22.25         	3.873474e-05	(0.000000e+00 0.000000e+00 -5.706577e-03)
22.35         	3.874944e-05	(0.000000e+00 0.000000e+00 -5.706577e-03)
22.45         	3.878996e-05	(0.000000e+00 0.000000e+00 -5.706577e-03)
22.55         	3.879853e-05	(0.000000e+00 0.000000e+00 -5.706577e-03)
22.65         	3.883875e-05	(0.000000e+00 0.000000e+00 -5.706577e-03)
22.75         	3.887433e-05	(0.000000e+00 0.000000e+00 -5.706577e-03)
22.85         	3.890357e-05	(0.000000e+00 0.000000e+00 -5.706577e-03)
22.95         	3.895523e-05	(0.000000e+00 0.000000e+00 -5.706577e-03)
23.05         	3.909793e-05	(0.000000e+00 0.000000e+00 -5.706577e-03)
23.15         	3.913321e-05	(0.000000e+00 0.000000e+00 -5.706577e-03)
23.25         	3.915886e-05	(0.000000e+00 0.000000e+00 -5.706577e-03)
23.35         	3.921175e-05	(0.000000e+00 0.000000e+00 -5.706577e-03)
23.45         	3.944015e-05	(0.000000e+00 0.000000e+00 -5.706577e-03)
23.55         	3.943248e-05	(0.000000e+00 0.000000e+00 -5.706577e-03)
23.65         	3.946822e-05	(0.000000e+00 0.000000e+00 -5.706577e-03)
23.75         	3.968238e-05	(0.000000e+00 0.000000e+00 -5.706577e-03)
23.85         	3.970118e-05	(0.000000e+00 0.000000e+00 -5.706577e-03)
23.95         	3.981568e-05	(0.000000e+00 0.000000e+00 -5.706577e-03)
24.05         	3.999017e-05	(0.000000e+00 0.000000e+00 -5.706577e-03)
24.15         	4.002364e-05	(0.000000e+00 0.000000e+00 -5.706577e-03)
24.25         	4.022721e-05	(0.000000e+00 0.000000e+00 -5.706577e-03)
24.35         	4.024823e-05	(0.000000e+00 0.000000e+00 -5.706577e-03)
24.45         	4.045597e-05	(0.000000e+00 0.000000e+00 -5.706577e-03)
24.55         	4.048504e-05	(0.000000e+00 0.000000e+00 -5.706577e-03)
24.65         	4.075639e-05	(0.000000e+00 0.000000e+00 -5.706577e-03)
24.75         	4.077724e-05	(0.000000e+00 0.000000e+00 -5.706577e-03)
24.85         	4.085239e-05	(0.000000e+00 0.000000e+00 -5.706577e-03)
24.95         	4.107907e-05	(0.000000e+00 0.000000e+00 -5.706577e-03)
25.05         	4.118813e-05	(0.000000e+00 0.000000e+00 -5.706577e-03)
25.15         	4.134053e-05	(0.000000e+00 0.000000e+00 -5.706577e-03)
25.25         	4.146851e-05	(0.000000e+00 0.000000e+00 -5.706577e-03)
25.35         	4.159567e-05	(0.000000e+00 0.000000e+00 -5.706577e-03)
25.45         	4.173568e-05	(0.000000e+00 0.000000e+00 -5.706577e-03)
25.55         	4.186593e-05	(0.000000e+00 0.000000e+00 -5.706577e-03)
25.65         	4.205670e-05	(0.000000e+00 0.000000e+00 -5.706577e-03)
25.75         	4.209073e-05	(0.000000e+00 0.000000e+00 -5.706577e-03)
25.85         	4.230458e-05	(0.000000e+00 0.000000e+00 -5.706577e-03)
25.95         	4.249028e-05	(0.000000e+00 0.000000e+00 -5.706577e-03)
26.05         	4.255065e-05	(0.000000e+00 0.000000e+00 -5.706577e-03)
26.15         	4.268836e-05	(0.000000e+00 0.000000e+00 -5.706577e-03)
26.25         	4.291816e-05	(0.000000e+00 0.000000e+00 -5.706577e-03)
26.35         	4.302516e-05	(0.000000e+00 0.000000e+00 -5.706577e-03)
26.45         	4.317827e-05	(0.000000e+00 0.000000e+00 -5.706577e-03)
26.55         	4.332383e-05	(0.000000e+00 0.000000e+00 -5.706577e-03)
26.65         	4.344407e-05	(0.000000e+00 0.000000e+00 -5.706577e-03)
26.75         	4.364583e-05	(0.000000e+00 0.000000e+00 -5.706577e-03)
26.85         	4.367882e-05	(0.000000e+00 0.000000e+00 -5.706577e-03)
26.95         	4.391169e-05	(0.000000e+00 0.000000e+00 -5.706577e-03)
27.05         	4.407360e-05	(0.000000e+00 0.000000e+00 -5.706577e-03)
27.15         	4.409844e-05	(0.000000e+00 0.000000e+00 -5.706577e-03)
27.25         	4.424721e-05	(0.000000e+00 0.000000e+00 -5.706577e-03)
27.35         	4.447432e-05	(0.000000e+00 0.000000e+00 -5.706577e-03)
27.45         	4.450706e-05	(0.000000e+00 0.000000e+00 -5.706577e-03)
27.55         	4.464389e-05	(0.000000e+00 0.000000e+00 -5.706577e-03)
27.65         	4.477914e-05	(0.000000e+00 0.000000e+00 -5.706577e-03)
27.75         	4.501068e-05	(0.000000e+00 0.000000e+00 -5.706577e-03)
27.85         	4.520142e-05	(0.000000e+00 0.000000e+00 -5.706577e-03)
27.95         	4.523278e-05	(0.000000e+00 0.000000e+00 -5.706577e-03)
28.05         	4.534256e-05	(0.000000e+00 0.000000e+00 -5.706577e-03)
28.15         	4.550840e-05	(0.000000e+00 0.000000e+00 -5.706577e-03)
28.25         	4.567706e-05	(0.000000e+00 0.000000e+00 -5.706577e-03)
28.35         	4.570513e-05	(0.000000e+00 0.000000e+00 -5.706577e-03)
28.45         	4.582863e-05	(0.000000e+00 0.000000e+00 -5.706577e-03)
28.55         	4.595320e-05	(0.000000e+00 0.000000e+00 -5.706577e-03)
28.65         	4.617228e-05	(0.000000e+00 0.000000e+00 -5.706577e-03)
28.75         	4.627910e-05	(0.000000e+00 0.000000e+00 -5.706577e-03)
28.85         	4.633711e-05	(0.000000e+00 0.000000e+00 -5.706577e-03)
28.95         	4.641841e-05	(0.000000e+00 0.000000e+00 -5.706577e-03)
29.05         	4.656264e-05	(0.000000e+00 0.000000e+00 -5.706577e-03)
29.15         	4.676375e-05	(0.000000e+00 0.000000e+00 -5.706577e-03)
29.25         	4.686677e-05	(0.000000e+00 0.000000e+00 -5.706577e-03)
29.35         	4.689032e-05	(0.000000e+00 0.000000e+00 -5.706577e-03)
29.45         	4.697432e-05	(0.000000e+00 0.000000e+00 -5.706577e-03)
29.55         	4.709601e-05	(0.000000e+00 0.000000e+00 -5.706577e-03)
29.65         	4.726441e-05	(0.000000e+00 0.000000e+00 -5.706577e-03)
29.75         	4.742981e-05	(0.000000e+00 0.000000e+00 -5.706577e-03)
29.85         	4.745643e-05	(0.000000e+00 0.000000e+00 -5.706577e-03)
29.95         	4.756102e-05	(0.000000e+00 0.000000e+00 -5.706577e-03)
30.05         	4.769534e-05	(0.000000e+00 0.000000e+00 -5.706577e-03)
30.15         	4.772313e-05	(0.000000e+00 0.000000e+00 -5.706577e-03)
30.25         	4.781790e-05	(0.000000e+00 0.000000e+00 -5.706577e-03)
30.35         	4.796212e-05	(0.000000e+00 0.000000e+00 -5.706577e-03)
30.45         	4.807445e-05	(0.000000e+00 0.000000e+00 -5.706577e-03)
30.55         	4.814358e-05	(0.000000e+00 0.000000e+00 -5.706577e-03)
30.65         	4.826629e-05	(0.000000e+00 0.000000e+00 -5.706577e-03)
30.75         	4.830940e-05	(0.000000e+00 0.000000e+00 -5.706577e-03)
30.85         	4.839372e-05	(0.000000e+00 0.000000e+00 -5.706577e-03)
30.95         	4.850022e-05	(0.000000e+00 0.000000e+00 -5.706577e-03)
31.05         	4.857917e-05	(0.000000e+00 0.000000e+00 -5.706577e-03)
31.15         	4.876012e-05	(0.000000e+00 0.000000e+00 -5.706577e-03)
31.25         	4.879456e-05	(0.000000e+00 0.000000e+00 -5.706577e-03)
31.35         	4.881824e-05	(0.000000e+00 0.000000e+00 -5.706577e-03)
31.45         	4.891030e-05	(0.000000e+00 0.000000e+00 -5.706577e-03)
31.55         	4.903169e-05	(0.000000e+00 0.000000e+00 -5.706577e-03)
31.65         	4.912999e-05	(0.000000e+00 0.000000e+00 -5.706577e-03)
31.75         	4.916007e-05	(0.000000e+00 0.000000e+00 -5.706577e-03)
31.85         	4.917584e-05	(0.000000e+00 0.000000e+00 -5.706577e-03)
31.95         	4.926530e-05	(0.000000e+00 0.000000e+00 -5.706577e-03)
32.05         	4.933015e-05	(0.000000e+00 0.000000e+00 -5.706577e-03)
32.15         	4.939627e-05	(0.000000e+00 0.000000e+00 -5.706577e-03)
32.25         	4.955515e-05	(0.000000e+00 0.000000e+00 -5.706577e-03)
32.35         	4.964668e-05	(0.000000e+00 0.000000e+00 -5.706577e-03)
32.45         	4.965621e-05	(0.000000e+00 0.000000e+00 -5.706577e-03)
32.55         	4.968373e-05	(0.000000e+00 0.000000e+00 -5.706577e-03)
32.65         	4.971478e-05	(0.000000e+00 0.000000e+00 -5.706577e-03)
32.75         	4.977387e-05	(0.000000e+00 0.000000e+00 -5.706577e-03)
32.85         	4.983086e-05	(0.000000e+00 0.000000e+00 -5.706577e-03)
32.95         	4.997219e-05	(0.000000e+00 0.000000e+00 -5.706577e-03)
33.05         	5.009762e-05	(0.000000e+00 0.000000e+00 -5.706577e-03)
33.15         	5.008733e-05	(0.000000e+00 0.000000e+00 -5.706577e-03)
33.25         	5.012039e-05	(0.000000e+00 0.000000e+00 -5.706577e-03)
33.35         	5.014402e-05	(0.000000e+00 0.000000e+00 -5.706577e-03)
33.45         	5.018357e-05	(0.000000e+00 0.000000e+00 -5.706577e-03)
33.55         	5.027097e-05	(0.000000e+00 0.000000e+00 -5.706577e-03)
33.65         	5.030202e-05	(0.000000e+00 0.000000e+00 -5.706577e-03)
33.75         	5.039788e-05	(0.000000e+00 0.000000e+00 -5.706577e-03)
33.85         	5.041315e-05	(0.000000e+00 0.000000e+00 -5.706577e-03)
33.95         	5.044732e-05	(0.000000e+00 0.000000e+00 -5.706577e-03)
34.05         	5.046431e-05	(0.000000e+00 0.000000e+00 -5.706577e-03)
34.15         	5.051272e-05	(0.000000e+00 0.000000e+00 -5.706577e-03)
34.25         	5.058102e-05	(0.000000e+00 0.000000e+00 -5.706577e-03)
34.35         	5.060686e-05	(0.000000e+00 0.000000e+00 -5.706577e-03)
34.45         	5.064116e-05	(0.000000e+00 0.000000e+00 -5.706577e-03)
34.55         	5.065092e-05	(0.000000e+00 0.000000e+00 -5.706577e-03)
34.65         	5.067409e-05	(0.000000e+00 0.000000e+00 -5.706577e-03)
34.75         	5.073019e-05	(0.000000e+00 0.000000e+00 -5.706577e-03)
34.85         	5.075678e-05	(0.000000e+00 0.000000e+00 -5.706577e-03)
34.95         	5.082772e-05	(0.000000e+00 0.000000e+00 -5.706577e-03)
35.05         	5.085798e-05	(0.000000e+00 0.000000e+00 -5.706577e-03)
35.15         	5.085789e-05	(0.000000e+00 0.000000e+00 -5.706577e-03)
35.25         	5.088945e-05	(0.000000e+00 0.000000e+00 -5.706577e-03)
35.35         	5.090936e-05	(0.000000e+00 0.000000e+00 -5.706577e-03)
35.45         	5.093274e-05	(0.000000e+00 0.000000e+00 -5.706577e-03)
35.55         	5.095956e-05	(0.000000e+00 0.000000e+00 -5.706577e-03)
35.65         	5.098951e-05	(0.000000e+00 0.000000e+00 -5.706577e-03)
35.75         	5.101904e-05	(0.000000e+00 0.000000e+00 -5.706577e-03)
35.85         	5.104924e-05	(0.000000e+00 0.000000e+00 -5.706577e-03)
35.95         	5.105556e-05	(0.000000e+00 0.000000e+00 -5.706577e-03)
36.05         	5.108126e-05	(0.000000e+00 0.000000e+00 -5.706577e-03)
36.15         	5.109984e-05	(0.000000e+00 0.000000e+00 -5.706577e-03)
36.25         	5.111943e-05	(0.000000e+00 0.000000e+00 -5.706577e-03)
36.35         	5.115200e-05	(0.000000e+00 0.000000e+00 -5.706577e-03)
36.45         	5.115134e-05	(0.000000e+00 0.000000e+00 -5.706577e-03)
36.55         	5.117896e-05	(0.000000e+00 0.000000e+00 -5.706577e-03)
36.65         	5.117580e-05	(0.000000e+00 0.000000e+00 -5.706577e-03)
36.75         	5.121606e-05	(0.000000e+00 0.000000e+00 -5.706577e-03)
36.85         	5.124961e-05	(0.000000e+00 0.000000e+00 -5.706577e-03)
36.95         	5.124996e-05	(0.000000e+00 0.000000e+00 -5.706577e-03)
37.05         	5.123996e-05	(0.000000e+00 0.000000e+00 -5.706577e-03)
37.15         	5.126091e-05	(0.000000e+00 0.000000e+00 -5.706577e-03)
37.25         	5.126181e-05	(0.000000e+00 0.000000e+00 -5.706577e-03)
37.35         	5.128931e-05	(0.000000e+00 0.000000e+00 -5.706577e-03)
37.45         	5.128515e-05	(0.000000e+00 0.000000e+00 -5.706577e-03)
37.55         	5.129833e-05	(0.000000e+00 0.000000e+00 -5.706577e-03)
37.65         	5.129795e-05	(0.000000e+00 0.000000e+00 -5.706577e-03)
37.75         	5.132155e-05	(0.000000e+00 0.000000e+00 -5.706577e-03)
37.85         	5.131484e-05	(0.000000e+00 0.000000e+00 -5.706577e-03)
37.95         	5.132593e-05	(0.000000e+00 0.000000e+00 -5.706577e-03)
38.05         	5.132655e-05	(0.000000e+00 0.000000e+00 -5.706577e-03)
38.15         	5.131854e-05	(0.000000e+00 0.000000e+00 -5.706577e-03)
38.25         	5.133813e-05	(0.000000e+00 0.000000e+00 -5.706577e-03)
38.35         	5.133024e-05	(0.000000e+00 0.000000e+00 -5.706577e-03)
38.45         	5.132669e-05	(0.000000e+00 0.000000e+00 -5.706577e-03)
38.55         	5.132073e-05	(0.000000e+00 0.000000e+00 -5.706577e-03)
38.65         	5.133587e-05	(0.000000e+00 0.000000e+00 -5.706577e-03)
38.75         	5.133799e-05	(0.000000e+00 0.000000e+00 -5.706577e-03)
38.85         	5.132691e-05	(0.000000e+00 0.000000e+00 -5.706577e-03)
38.95         	5.132967e-05	(0.000000e+00 0.000000e+00 -5.706577e-03)
39.05         	5.133065e-05	(0.000000e+00 0.000000e+00 -5.706577e-03)
39.15         	5.133516e-05	(0.000000e+00 0.000000e+00 -5.706577e-03)
39.25         	5.133843e-05	(0.000000e+00 0.000000e+00 -5.706577e-03)
39.35         	5.133670e-05	(0.000000e+00 0.000000e+00 -5.706577e-03)
39.45         	5.133557e-05	(0.000000e+00 0.000000e+00 -5.706577e-03)
39.55         	5.132820e-05	(0.000000e+00 0.000000e+00 -5.706577e-03)
39.65         	5.131793e-05	(0.000000e+00 0.000000e+00 -5.706577e-03)
39.75         	5.130869e-05	(0.000000e+00 0.000000e+00 -5.706577e-03)
39.85         	5.130224e-05	(0.000000e+00 0.000000e+00 -5.706577e-03)
39.95         	5.129186e-05	(0.000000e+00 0.000000e+00 -5.706577e-03)
40.05         	5.127675e-05	(0.000000e+00 0.000000e+00 -5.706577e-03)
40.15         	5.126786e-05	(0.000000e+00 0.000000e+00 -5.706577e-03)
40.25         	5.126121e-05	(0.000000e+00 0.000000e+00 -5.706577e-03)
40.35         	5.125202e-05	(0.000000e+00 0.000000e+00 -5.706577e-03)
40.45         	5.124442e-05	(0.000000e+00 0.000000e+00 -5.706577e-03)
40.55         	5.124036e-05	(0.000000e+00 0.000000e+00 -5.706577e-03)
40.65         	5.123017e-05	(0.000000e+00 0.000000e+00 -5.706577e-03)
40.75         	5.121809e-05	(0.000000e+00 0.000000e+00 -5.706577e-03)
40.85         	5.120564e-05	(0.000000e+00 0.000000e+00 -5.706577e-03)
40.95         	5.119808e-05	(0.000000e+00 0.000000e+00 -5.706577e-03)
41.05         	5.118867e-05	(0.000000e+00 0.000000e+00 -5.706577e-03)
41.15         	5.117472e-05	(0.000000e+00 0.000000e+00 -5.706577e-03)
41.25         	5.116682e-05	(0.000000e+00 0.000000e+00 -5.706577e-03)
41.35         	5.115270e-05	(0.000000e+00 0.000000e+00 -5.706577e-03)
41.45         	5.114033e-05	(0.000000e+00 0.000000e+00 -5.706577e-03)
41.55         	5.112965e-05	(0.000000e+00 0.000000e+00 -5.706577e-03)
41.65         	5.111835e-05	(0.000000e+00 0.000000e+00 -5.706577e-03)
41.75         	5.109783e-05	(0.000000e+00 0.000000e+00 -5.706577e-03)
41.85         	5.107633e-05	(0.000000e+00 0.000000e+00 -5.706577e-03)
41.95         	5.106488e-05	(0.000000e+00 0.000000e+00 -5.706577e-03)
42.05         	5.104890e-05	(0.000000e+00 0.000000e+00 -5.706577e-03)
42.15         	5.102956e-05	(0.000000e+00 0.000000e+00 -5.706577e-03)
42.25         	5.100819e-05	(0.000000e+00 0.000000e+00 -5.706577e-03)
42.35         	5.099133e-05	(0.000000e+00 0.000000e+00 -5.706577e-03)
42.45         	5.098107e-05	(0.000000e+00 0.000000e+00 -5.706577e-03)
42.55         	5.096767e-05	(0.000000e+00 0.000000e+00 -5.706577e-03)
42.65         	5.095328e-05	(0.000000e+00 0.000000e+00 -5.706577e-03)
42.75         	5.093980e-05	(0.000000e+00 0.000000e+00 -5.706577e-03)
42.85         	5.093035e-05	(0.000000e+00 0.000000e+00 -5.706577e-03)
42.95         	5.090590e-05	(0.000000e+00 0.000000e+00 -5.706577e-03)
43.05         	5.089387e-05	(0.000000e+00 0.000000e+00 -5.706577e-03)
43.15         	5.088729e-05	(0.000000e+00 0.000000e+00 -5.706577e-03)
43.25         	5.087541e-05	(0.000000e+00 0.000000e+00 -5.706577e-03)
43.35         	5.084861e-05	(0.000000e+00 0.000000e+00 -5.706577e-03)
43.45         	5.083258e-05	(0.000000e+00 0.000000e+00 -5.706577e-03)
43.55         	5.081030e-05	(0.000000e+00 0.000000e+00 -5.706577e-03)
43.65         	5.081169e-05	(0.000000e+00 0.000000e+00 -5.706577e-03)
43.75         	5.078293e-05	(0.000000e+00 0.000000e+00 -5.706577e-03)
43.85         	5.073785e-05	(0.000000e+00 0.000000e+00 -5.706577e-03)
43.95         	5.073680e-05	(0.000000e+00 0.000000e+00 -5.706577e-03)
44.05         	5.073192e-05	(0.000000e+00 0.000000e+00 -5.706577e-03)
44.15         	5.072361e-05	(0.000000e+00 0.000000e+00 -5.706577e-03)
44.25         	5.070670e-05	(0.000000e+00 0.000000e+00 -5.706577e-03)
44.35         	5.066563e-05	(0.000000e+00 0.000000e+00 -5.706577e-03)
44.45         	5.065785e-05	(0.000000e+00 0.000000e+00 -5.706577e-03)
44.55         	5.063777e-05	(0.000000e+00 0.000000e+00 -5.706577e-03)
44.65         	5.059492e-05	(0.000000e+00 0.000000e+00 -5.706577e-03)
44.75         	5.059235e-05	(0.000000e+00 0.000000e+00 -5.706577e-03)
44.85         	5.058181e-05	(0.000000e+00 0.000000e+00 -5.706577e-03)
44.95         	5.056692e-05	(0.000000e+00 0.000000e+00 -5.706577e-03)
45.05         	5.054592e-05	(0.000000e+00 0.000000e+00 -5.706577e-03)
45.15         	5.052282e-05	(0.000000e+00 0.000000e+00 -5.706577e-03)
45.25         	5.050946e-05	(0.000000e+00 0.000000e+00 -5.706577e-03)
45.35         	5.048799e-05	(0.000000e+00 0.000000e+00 -5.706577e-03)
45.45         	5.047543e-05	(0.000000e+00 0.000000e+00 -5.706577e-03)
45.55         	5.044536e-05	(0.000000e+00 0.000000e+00 -5.706577e-03)
45.65         	5.043284e-05	(0.000000e+00 0.000000e+00 -5.706577e-03)
45.75         	5.041473e-05	(0.000000e+00 0.000000e+00 -5.706577e-03)
45.85         	5.038452e-05	(0.000000e+00 0.000000e+00 -5.706577e-03)
45.95         	5.036786e-05	(0.000000e+00 0.000000e+00 -5.706577e-03)
46.05         	5.033485e-05	(0.000000e+00 0.000000e+00 -5.706577e-03)
46.15         	5.033308e-05	(0.000000e+00 0.000000e+00 -5.706577e-03)
46.25         	5.032338e-05	(0.000000e+00 0.000000e+00 -5.706577e-03)
46.35         	5.028745e-05	(0.000000e+00 0.000000e+00 -5.706577e-03)
46.45         	5.028122e-05	(0.000000e+00 0.000000e+00 -5.706577e-03)
46.55         	5.026815e-05	(0.000000e+00 0.000000e+00 -5.706577e-03)
46.65         	5.023008e-05	(0.000000e+00 0.000000e+00 -5.706577e-03)
46.75         	5.021894e-05	(0.000000e+00 0.000000e+00 -5.706577e-03)
46.85         	5.018220e-05	(0.000000e+00 0.000000e+00 -5.706577e-03)
46.95         	5.017226e-05	(0.000000e+00 0.000000e+00 -5.706577e-03)
47.05         	5.015978e-05	(0.000000e+00 0.000000e+00 -5.706577e-03)
47.15         	5.013031e-05	(0.000000e+00 0.000000e+00 -5.706577e-03)
47.25         	5.010656e-05	(0.000000e+00 0.000000e+00 -5.706577e-03)
47.35         	5.006481e-05	(0.000000e+00 0.000000e+00 -5.706577e-03)
47.45         	5.006015e-05	(0.000000e+00 0.000000e+00 -5.706577e-03)
47.55         	5.004899e-05	(0.000000e+00 0.000000e+00 -5.706577e-03)
47.65         	5.000103e-05	(0.000000e+00 0.000000e+00 -5.706577e-03)
47.75         	4.999162e-05	(0.000000e+00 0.000000e+00 -5.706577e-03)
47.85         	4.998619e-05	(0.000000e+00 0.000000e+00 -5.706577e-03)
47.95         	4.996093e-05	(0.000000e+00 0.000000e+00 -5.706577e-03)
48.05         	4.994815e-05	(0.000000e+00 0.000000e+00 -5.706577e-03)
48.15         	4.992332e-05	(0.000000e+00 0.000000e+00 -5.706577e-03)
48.25         	4.990985e-05	(0.000000e+00 0.000000e+00 -5.706577e-03)
48.35         	4.989041e-05	(0.000000e+00 0.000000e+00 -5.706577e-03)
48.45         	4.987660e-05	(0.000000e+00 0.000000e+00 -5.706577e-03)
48.55         	4.985394e-05	(0.000000e+00 0.000000e+00 -5.706577e-03)
48.65         	4.983872e-05	(0.000000e+00 0.000000e+00 -5.706577e-03)
48.75         	4.980921e-05	(0.000000e+00 0.000000e+00 -5.706577e-03)
48.85         	4.979613e-05	(0.000000e+00 0.000000e+00 -5.706577e-03)
48.95         	4.976715e-05	(0.000000e+00 0.000000e+00 -5.706577e-03)
49.05         	4.976135e-05	(0.000000e+00 0.000000e+00 -5.706577e-03)
49.15         	4.973693e-05	(0.000000e+00 0.000000e+00 -5.706577e-03)
49.25         	4.971426e-05	(0.000000e+00 0.000000e+00 -5.706577e-03)
49.35         	4.970818e-05	(0.000000e+00 0.000000e+00 -5.706577e-03)
49.45         	4.968229e-05	(0.000000e+00 0.000000e+00 -5.706577e-03)
49.55         	4.965666e-05	(0.000000e+00 0.000000e+00 -5.706577e-03)
49.65         	4.963835e-05	(0.000000e+00 0.000000e+00 -5.706577e-03)
49.75         	4.962882e-05	(0.000000e+00 0.000000e+00 -5.706577e-03)
49.85         	4.959392e-05	(0.000000e+00 0.000000e+00 -5.706577e-03)
49.95         	4.958652e-05	(0.000000e+00 0.000000e+00 -5.706577e-03)
50.05         	4.957513e-05	(0.000000e+00 0.000000e+00 -5.706577e-03)
50.15         	4.955427e-05	(0.000000e+00 0.000000e+00 -5.706577e-03)
50.25         	4.953528e-05	(0.000000e+00 0.000000e+00 -5.706577e-03)
50.35         	4.952000e-05	(0.000000e+00 0.000000e+00 -5.706577e-03)
50.45         	4.949557e-05	(0.000000e+00 0.000000e+00 -5.706577e-03)
50.55         	4.948296e-05	(0.000000e+00 0.000000e+00 -5.706577e-03)
50.65         	4.946858e-05	(0.000000e+00 0.000000e+00 -5.706577e-03)
50.75         	4.946411e-05	(0.000000e+00 0.000000e+00 -5.706577e-03)
50.85         	4.941657e-05	(0.000000e+00 0.000000e+00 -5.706577e-03)
50.95         	4.940753e-05	(0.000000e+00 0.000000e+00 -5.706577e-03)
51.05         	4.939430e-05	(0.000000e+00 0.000000e+00 -5.706577e-03)
51.15         	4.938261e-05	(0.000000e+00 0.000000e+00 -5.706577e-03)
51.25         	4.936005e-05	(0.000000e+00 0.000000e+00 -5.706577e-03)
51.35         	4.932738e-05	(0.000000e+00 0.000000e+00 -5.706577e-03)
51.45         	4.932000e-05	(0.000000e+00 0.000000e+00 -5.706577e-03)
51.55         	4.931445e-05	(0.000000e+00 0.000000e+00 -5.706577e-03)
51.65         	4.930020e-05	(0.000000e+00 0.000000e+00 -5.706577e-03)
51.75         	4.926899e-05	(0.000000e+00 0.000000e+00 -5.706577e-03)
51.85         	4.926864e-05	(0.000000e+00 0.000000e+00 -5.706577e-03)
51.95         	4.923661e-05	(0.000000e+00 0.000000e+00 -5.706577e-03)
52.05         	4.923543e-05	(0.000000e+00 0.000000e+00 -5.706577e-03)
52.15         	4.920859e-05	(0.000000e+00 0.000000e+00 -5.706577e-03)
52.25         	4.920299e-05	(0.000000e+00 0.000000e+00 -5.706577e-03)
52.35         	4.919122e-05	(0.000000e+00 0.000000e+00 -5.706577e-03)
52.45         	4.917062e-05	(0.000000e+00 0.000000e+00 -5.706577e-03)
52.55         	4.914165e-05	(0.000000e+00 0.000000e+00 -5.706577e-03)
52.65         	4.913549e-05	(0.000000e+00 0.000000e+00 -5.706577e-03)
52.75         	4.912968e-05	(0.000000e+00 0.000000e+00 -5.706577e-03)
52.85         	4.911632e-05	(0.000000e+00 0.000000e+00 -5.706577e-03)
52.95         	4.910461e-05	(0.000000e+00 0.000000e+00 -5.706577e-03)
53.05         	4.906515e-05	(0.000000e+00 0.000000e+00 -5.706577e-03)
53.15         	4.905860e-05	(0.000000e+00 0.000000e+00 -5.706577e-03)
53.25         	4.904383e-05	(0.000000e+00 0.000000e+00 -5.706577e-03)
53.35         	4.904059e-05	(0.000000e+00 0.000000e+00 -5.706577e-03)
53.45         	4.901017e-05	(0.000000e+00 0.000000e+00 -5.706577e-03)
53.55         	4.901044e-05	(0.000000e+00 0.000000e+00 -5.706577e-03)
53.65         	4.899466e-05	(0.000000e+00 0.000000e+00 -5.706577e-03)
53.75         	4.898641e-05	(0.000000e+00 0.000000e+00 -5.706577e-03)
53.85         	4.893938e-05	(0.000000e+00 0.000000e+00 -5.706577e-03)
53.95         	4.894001e-05	(0.000000e+00 0.000000e+00 -5.706577e-03)
54.05         	4.893319e-05	(0.000000e+00 0.000000e+00 -5.706577e-03)
54.15         	4.891872e-05	(0.000000e+00 0.000000e+00 -5.706577e-03)
54.25         	4.890325e-05	(0.000000e+00 0.000000e+00 -5.706577e-03)
54.35         	4.888790e-05	(0.000000e+00 0.000000e+00 -5.706577e-03)
54.45         	4.888675e-05	(0.000000e+00 0.000000e+00 -5.706577e-03)
54.55         	4.884486e-05	(0.000000e+00 0.000000e+00 -5.706577e-03)
54.65         	4.884860e-05	(0.000000e+00 0.000000e+00 -5.706577e-03)
54.75         	4.884812e-05	(0.000000e+00 0.000000e+00 -5.706577e-03)
54.85         	4.883231e-05	(0.000000e+00 0.000000e+00 -5.706577e-03)
54.95         	4.880028e-05	(0.000000e+00 0.000000e+00 -5.706577e-03)
55.05         	4.879579e-05	(0.000000e+00 0.000000e+00 -5.706577e-03)
55.15         	4.879351e-05	(0.000000e+00 0.000000e+00 -5.706577e-03)
55.25         	4.878565e-05	(0.000000e+00 0.000000e+00 -5.706577e-03)
55.35         	4.874860e-05	(0.000000e+00 0.000000e+00 -5.706577e-03)
55.45         	4.874662e-05	(0.000000e+00 0.000000e+00 -5.706577e-03)
55.55         	4.873947e-05	(0.000000e+00 0.000000e+00 -5.706577e-03)
55.65         	4.872489e-05	(0.000000e+00 0.000000e+00 -5.706577e-03)
55.75         	4.872589e-05	(0.000000e+00 0.000000e+00 -5.706577e-03)
55.85         	4.869656e-05	(0.000000e+00 0.000000e+00 -5.706577e-03)
55.95         	4.868734e-05	(0.000000e+00 0.000000e+00 -5.706577e-03)
56.05         	4.867479e-05	(0.000000e+00 0.000000e+00 -5.706577e-03)
56.15         	4.867036e-05	(0.000000e+00 0.000000e+00 -5.706577e-03)
56.25         	4.864653e-05	(0.000000e+00 0.000000e+00 -5.706577e-03)
56.35         	4.864505e-05	(0.000000e+00 0.000000e+00 -5.706577e-03)
56.45         	4.863272e-05	(0.000000e+00 0.000000e+00 -5.706577e-03)
56.55         	4.862119e-05	(0.000000e+00 0.000000e+00 -5.706577e-03)
56.65         	4.860100e-05	(0.000000e+00 0.000000e+00 -5.706577e-03)
56.75         	4.859030e-05	(0.000000e+00 0.000000e+00 -5.706577e-03)
56.85         	4.858197e-05	(0.000000e+00 0.000000e+00 -5.706577e-03)
56.95         	4.857506e-05	(0.000000e+00 0.000000e+00 -5.706577e-03)
57.05         	4.856064e-05	(0.000000e+00 0.000000e+00 -5.706577e-03)
57.15         	4.854962e-05	(0.000000e+00 0.000000e+00 -5.706577e-03)
57.25         	4.854257e-05	(0.000000e+00 0.000000e+00 -5.706577e-03)
57.35         	4.852748e-05	(0.000000e+00 0.000000e+00 -5.706577e-03)
57.45         	4.852823e-05	(0.000000e+00 0.000000e+00 -5.706577e-03)
57.55         	4.851291e-05	(0.000000e+00 0.000000e+00 -5.706577e-03)
57.65         	4.849785e-05	(0.000000e+00 0.000000e+00 -5.706577e-03)
57.75         	4.849191e-05	(0.000000e+00 0.000000e+00 -5.706577e-03)
57.85         	4.846287e-05	(0.000000e+00 0.000000e+00 -5.706577e-03)
57.95         	4.846345e-05	(0.000000e+00 0.000000e+00 -5.706577e-03)
58.05         	4.845169e-05	(0.000000e+00 0.000000e+00 -5.706577e-03)
58.15         	4.844043e-05	(0.000000e+00 0.000000e+00 -5.706577e-03)
58.25         	4.842228e-05	(0.000000e+00 0.000000e+00 -5.706577e-03)
58.35         	4.841008e-05	(0.000000e+00 0.000000e+00 -5.706577e-03)
58.45         	4.840260e-05	(0.000000e+00 0.000000e+00 -5.706577e-03)
58.55         	4.839370e-05	(0.000000e+00 0.000000e+00 -5.706577e-03)
58.65         	4.838472e-05	(0.000000e+00 0.000000e+00 -5.706577e-03)
58.75         	4.837216e-05	(0.000000e+00 0.000000e+00 -5.706577e-03)
58.85         	4.836991e-05	(0.000000e+00 0.000000e+00 -5.706577e-03)
58.95         	4.835987e-05	(0.000000e+00 0.000000e+00 -5.706577e-03)
59.05         	4.833938e-05	(0.000000e+00 0.000000e+00 -5.706577e-03)
59.15         	4.833793e-05	(0.000000e+00 0.000000e+00 -5.706577e-03)
59.25         	4.833241e-05	(0.000000e+00 0.000000e+00 -5.706577e-03)
59.35         	4.831050e-05	(0.000000e+00 0.000000e+00 -5.706577e-03)
59.45         	4.830182e-05	(0.000000e+00 0.000000e+00 -5.706577e-03)
59.55         	4.828015e-05	(0.000000e+00 0.000000e+00 -5.706577e-03)
59.65         	4.827683e-05	(0.000000e+00 0.000000e+00 -5.706577e-03)
59.75         	4.826617e-05	(0.000000e+00 0.000000e+00 -5.706577e-03)
59.85         	4.824555e-05	(0.000000e+00 0.000000e+00 -5.706577e-03)
59.95         	4.824411e-05	(0.000000e+00 0.000000e+00 -5.706577e-03)
60.05         	4.823322e-05	(0.000000e+00 0.000000e+00 -5.706577e-03)
60.15         	4.822014e-05	(0.000000e+00 0.000000e+00 -5.706577e-03)
60.25         	4.821797e-05	(0.000000e+00 0.000000e+00 -5.706577e-03)
60.35         	4.820175e-05	(0.000000e+00 0.000000e+00 -5.706577e-03)
60.45         	4.819373e-05	(0.000000e+00 0.000000e+00 -5.706577e-03)
60.55         	4.818124e-05	(0.000000e+00 0.000000e+00 -5.706577e-03)
60.65         	4.818026e-05	(0.000000e+00 0.000000e+00 -5.706577e-03)
60.75         	4.816669e-05	(0.000000e+00 0.000000e+00 -5.706577e-03)
60.85         	4.815526e-05	(0.000000e+00 0.000000e+00 -5.706577e-03)
60.95         	4.815101e-05	(0.000000e+00 0.000000e+00 -5.706577e-03)
61.05         	4.813697e-05	(0.000000e+00 0.000000e+00 -5.706577e-03)
61.15         	4.812338e-05	(0.000000e+00 0.000000e+00 -5.706577e-03)
61.25         	4.812045e-05	(0.000000e+00 0.000000e+00 -5.706577e-03)
61.35         	4.811329e-05	(0.000000e+00 0.000000e+00 -5.706577e-03)
61.45         	4.810135e-05	(0.000000e+00 0.000000e+00 -5.706577e-03)
61.55         	4.810103e-05	(0.000000e+00 0.000000e+00 -5.706577e-03)
61.65         	4.808480e-05	(0.000000e+00 0.000000e+00 -5.706577e-03)
61.75         	4.807915e-05	(0.000000e+00 0.000000e+00 -5.706577e-03)
61.85         	4.806613e-05	(0.000000e+00 0.000000e+00 -5.706577e-03)
61.95         	4.806472e-05	(0.000000e+00 0.000000e+00 -5.706577e-03)
62.05         	4.805186e-05	(0.000000e+00 0.000000e+00 -5.706577e-03)
62.15         	4.804144e-05	(0.000000e+00 0.000000e+00 -5.706577e-03)
62.25         	4.803299e-05	(0.000000e+00 0.000000e+00 -5.706577e-03)
62.35         	4.802358e-05	(0.000000e+00 0.000000e+00 -5.706577e-03)
62.45         	4.802106e-05	(0.000000e+00 0.000000e+00 -5.706577e-03)
62.55         	4.800280e-05	(0.000000e+00 0.000000e+00 -5.706577e-03)
62.65         	4.799711e-05	(0.000000e+00 0.000000e+00 -5.706577e-03)
62.75         	4.799279e-05	(0.000000e+00 0.000000e+00 -5.706577e-03)
62.85         	4.798245e-05	(0.000000e+00 0.000000e+00 -5.706577e-03)
62.95         	4.796598e-05	(0.000000e+00 0.000000e+00 -5.706577e-03)
63.05         	4.796145e-05	(0.000000e+00 0.000000e+00 -5.706577e-03)
63.15         	4.795044e-05	(0.000000e+00 0.000000e+00 -5.706577e-03)
63.25         	4.794725e-05	(0.000000e+00 0.000000e+00 -5.706577e-03)
63.35         	4.793872e-05	(0.000000e+00 0.000000e+00 -5.706577e-03)
63.45         	4.793499e-05	(0.000000e+00 0.000000e+00 -5.706577e-03)
63.55         	4.791892e-05	(0.000000e+00 0.000000e+00 -5.706577e-03)
63.65         	4.791076e-05	(0.000000e+00 0.000000e+00 -5.706577e-03)
63.75         	4.789946e-05	(0.000000e+00 0.000000e+00 -5.706577e-03)
63.85         	4.789594e-05	(0.000000e+00 0.000000e+00 -5.706577e-03)
63.95         	4.788735e-05	(0.000000e+00 0.000000e+00 -5.706577e-03)
64.05         	4.787590e-05	(0.000000e+00 0.000000e+00 -5.706577e-03)
64.15         	4.786274e-05	(0.000000e+00 0.000000e+00 -5.706577e-03)
64.25         	4.786196e-05	(0.000000e+00 0.000000e+00 -5.706577e-03)
64.35         	4.785996e-05	(0.000000e+00 0.000000e+00 -5.706577e-03)
64.45         	4.784776e-05	(0.000000e+00 0.000000e+00 -5.706577e-03)
64.55         	4.783483e-05	(0.000000e+00 0.000000e+00 -5.706577e-03)
64.65         	4.783146e-05	(0.000000e+00 0.000000e+00 -5.706577e-03)
64.75         	4.781702e-05	(0.000000e+00 0.000000e+00 -5.706577e-03)
64.85         	4.780945e-05	(0.000000e+00 0.000000e+00 -5.706577e-03)
64.95         	4.780609e-05	(0.000000e+00 0.000000e+00 -5.706577e-03)
65.05         	4.779925e-05	(0.000000e+00 0.000000e+00 -5.706577e-03)
65.15         	4.779056e-05	(0.000000e+00 0.000000e+00 -5.706577e-03)
65.25         	4.778775e-05	(0.000000e+00 0.000000e+00 -5.706577e-03)
65.35         	4.778161e-05	(0.000000e+00 0.000000e+00 -5.706577e-03)
65.45         	4.777720e-05	(0.000000e+00 0.000000e+00 -5.706577e-03)
65.55         	4.776653e-05	(0.000000e+00 0.000000e+00 -5.706577e-03)
65.65         	4.775479e-05	(0.000000e+00 0.000000e+00 -5.706577e-03)
65.75         	4.774222e-05	(0.000000e+00 0.000000e+00 -5.706577e-03)
65.85         	4.773605e-05	(0.000000e+00 0.000000e+00 -5.706577e-03)
65.95         	4.772768e-05	(0.000000e+00 0.000000e+00 -5.706577e-03)
66.05         	4.772578e-05	(0.000000e+00 0.000000e+00 -5.706577e-03)
66.15         	4.771603e-05	(0.000000e+00 0.000000e+00 -5.706577e-03)
66.25         	4.771242e-05	(0.000000e+00 0.000000e+00 -5.706577e-03)
66.35         	4.770815e-05	(0.000000e+00 0.000000e+00 -5.706577e-03)
66.45         	4.769408e-05	(0.000000e+00 0.000000e+00 -5.706577e-03)
66.55         	4.768460e-05	(0.000000e+00 0.000000e+00 -5.706577e-03)
66.65         	4.767767e-05	(0.000000e+00 0.000000e+00 -5.706577e-03)
66.75         	4.767855e-05	(0.000000e+00 0.000000e+00 -5.706577e-03)
66.85         	4.767099e-05	(0.000000e+00 0.000000e+00 -5.706577e-03)
66.95         	4.765941e-05	(0.000000e+00 0.000000e+00 -5.706577e-03)
67.05         	4.765021e-05	(0.000000e+00 0.000000e+00 -5.706577e-03)
67.15         	4.764403e-05	(0.000000e+00 0.000000e+00 -5.706577e-03)
67.25         	4.763672e-05	(0.000000e+00 0.000000e+00 -5.706577e-03)
67.35         	4.762427e-05	(0.000000e+00 0.000000e+00 -5.706577e-03)
67.45         	4.762066e-05	(0.000000e+00 0.000000e+00 -5.706577e-03)
67.55         	4.760935e-05	(0.000000e+00 0.000000e+00 -5.706577e-03)
67.65         	4.760843e-05	(0.000000e+00 0.000000e+00 -5.706577e-03)
67.75         	4.759970e-05	(0.000000e+00 0.000000e+00 -5.706577e-03)
67.85         	4.758617e-05	(0.000000e+00 0.000000e+00 -5.706577e-03)
67.95         	4.758472e-05	(0.000000e+00 0.000000e+00 -5.706577e-03)
68.05         	4.758247e-05	(0.000000e+00 0.000000e+00 -5.706577e-03)
68.15         	4.757599e-05	(0.000000e+00 0.000000e+00 -5.706577e-03)
68.25         	4.757341e-05	(0.000000e+00 0.000000e+00 -5.706577e-03)
68.35         	4.756659e-05	(0.000000e+00 0.000000e+00 -5.706577e-03)
68.45         	4.755785e-05	(0.000000e+00 0.000000e+00 -5.706577e-03)
68.55         	4.754720e-05	(0.000000e+00 0.000000e+00 -5.706577e-03)
68.65         	4.753254e-05	(0.000000e+00 0.000000e+00 -5.706577e-03)
68.75         	4.753284e-05	(0.000000e+00 0.000000e+00 -5.706577e-03)
68.85         	4.752411e-05	(0.000000e+00 0.000000e+00 -5.706577e-03)
68.95         	4.751786e-05	(0.000000e+00 0.000000e+00 -5.706577e-03)
69.05         	4.751303e-05	(0.000000e+00 0.000000e+00 -5.706577e-03)
69.15         	4.749625e-05	(0.000000e+00 0.000000e+00 -5.706577e-03)
69.25         	4.748869e-05	(0.000000e+00 0.000000e+00 -5.706577e-03)
69.35         	4.747336e-05	(0.000000e+00 0.000000e+00 -5.706577e-03)
69.45         	4.746740e-05	(0.000000e+00 0.000000e+00 -5.706577e-03)
69.55         	4.746553e-05	(0.000000e+00 0.000000e+00 -5.706577e-03)
69.65         	4.745656e-05	(0.000000e+00 0.000000e+00 -5.706577e-03)
69.75         	4.744873e-05	(0.000000e+00 0.000000e+00 -5.706577e-03)
69.85         	4.744431e-05	(0.000000e+00 0.000000e+00 -5.706577e-03)
69.95         	4.744124e-05	(0.000000e+00 0.000000e+00 -5.706577e-03)
70.05         	4.743729e-05	(0.000000e+00 0.000000e+00 -5.706577e-03)
70.15         	4.742463e-05	(0.000000e+00 0.000000e+00 -5.706577e-03)
70.25         	4.741866e-05	(0.000000e+00 0.000000e+00 -5.706577e-03)
70.35         	4.740808e-05	(0.000000e+00 0.000000e+00 -5.706577e-03)
70.45         	4.740508e-05	(0.000000e+00 0.000000e+00 -5.706577e-03)
70.55         	4.740114e-05	(0.000000e+00 0.000000e+00 -5.706577e-03)
70.65         	4.739135e-05	(0.000000e+00 0.000000e+00 -5.706577e-03)
70.75         	4.738758e-05	(0.000000e+00 0.000000e+00 -5.706577e-03)
70.85         	4.737121e-05	(0.000000e+00 0.000000e+00 -5.706577e-03)
70.95         	4.736927e-05	(0.000000e+00 0.000000e+00 -5.706577e-03)
71.05         	4.736333e-05	(0.000000e+00 0.000000e+00 -5.706577e-03)
71.15         	4.735963e-05	(0.000000e+00 0.000000e+00 -5.706577e-03)
71.25         	4.734867e-05	(0.000000e+00 0.000000e+00 -5.706577e-03)
71.35         	4.733154e-05	(0.000000e+00 0.000000e+00 -5.706577e-03)
71.45         	4.733055e-05	(0.000000e+00 0.000000e+00 -5.706577e-03)
71.55         	4.732654e-05	(0.000000e+00 0.000000e+00 -5.706577e-03)
71.65         	4.732350e-05	(0.000000e+00 0.000000e+00 -5.706577e-03)
71.75         	4.731887e-05	(0.000000e+00 0.000000e+00 -5.706577e-03)
71.85         	4.731252e-05	(0.000000e+00 0.000000e+00 -5.706577e-03)
71.95         	4.730128e-05	(0.000000e+00 0.000000e+00 -5.706577e-03)
72.05         	4.729582e-05	(0.000000e+00 0.000000e+00 -5.706577e-03)
72.15         	4.729265e-05	(0.000000e+00 0.000000e+00 -5.706577e-03)
72.25         	4.728817e-05	(0.000000e+00 0.000000e+00 -5.706577e-03)
72.35         	4.728700e-05	(0.000000e+00 0.000000e+00 -5.706577e-03)
72.45         	4.727651e-05	(0.000000e+00 0.000000e+00 -5.706577e-03)
72.55         	4.727011e-05	(0.000000e+00 0.000000e+00 -5.706577e-03)
72.65         	4.726107e-05	(0.000000e+00 0.000000e+00 -5.706577e-03)
72.75         	4.725538e-05	(0.000000e+00 0.000000e+00 -5.706577e-03)
72.85         	4.724993e-05	(0.000000e+00 0.000000e+00 -5.706577e-03)
72.95         	4.724254e-05	(0.000000e+00 0.000000e+00 -5.706577e-03)
73.05         	4.723606e-05	(0.000000e+00 0.000000e+00 -5.706577e-03)
73.15         	4.722707e-05	(0.000000e+00 0.000000e+00 -5.706577e-03)
73.25         	4.722314e-05	(0.000000e+00 0.000000e+00 -5.706577e-03)
73.35         	4.721537e-05	(0.000000e+00 0.000000e+00 -5.706577e-03)
73.45         	4.721105e-05	(0.000000e+00 0.000000e+00 -5.706577e-03)
73.55         	4.720923e-05	(0.000000e+00 0.000000e+00 -5.706577e-03)
73.65         	4.720822e-05	(0.000000e+00 0.000000e+00 -5.706577e-03)
73.75         	4.720083e-05	(0.000000e+00 0.000000e+00 -5.706577e-03)
73.85         	4.719943e-05	(0.000000e+00 0.000000e+00 -5.706577e-03)
73.95         	4.719257e-05	(0.000000e+00 0.000000e+00 -5.706577e-03)
74.05         	4.718846e-05	(0.000000e+00 0.000000e+00 -5.706577e-03)
74.15         	4.717458e-05	(0.000000e+00 0.000000e+00 -5.706577e-03)
74.25         	4.717023e-05	(0.000000e+00 0.000000e+00 -5.706577e-03)
74.35         	4.716303e-05	(0.000000e+00 0.000000e+00 -5.706577e-03)
74.45         	4.716155e-05	(0.000000e+00 0.000000e+00 -5.706577e-03)
74.55         	4.715542e-05	(0.000000e+00 0.000000e+00 -5.706577e-03)
74.65         	4.714497e-05	(0.000000e+00 0.000000e+00 -5.706577e-03)
74.75         	4.714474e-05	(0.000000e+00 0.000000e+00 -5.706577e-03)
74.85         	4.713821e-05	(0.000000e+00 0.000000e+00 -5.706577e-03)
74.95         	4.713515e-05	(0.000000e+00 0.000000e+00 -5.706577e-03)
75.05         	4.713075e-05	(0.000000e+00 0.000000e+00 -5.706577e-03)
75.15         	4.712458e-05	(0.000000e+00 0.000000e+00 -5.706577e-03)
75.25         	4.711957e-05	(0.000000e+00 0.000000e+00 -5.706577e-03)
75.35         	4.711648e-05	(0.000000e+00 0.000000e+00 -5.706577e-03)
75.45         	4.710569e-05	(0.000000e+00 0.000000e+00 -5.706577e-03)
75.55         	4.710094e-05	(0.000000e+00 0.000000e+00 -5.706577e-03)
75.65         	4.709599e-05	(0.000000e+00 0.000000e+00 -5.706577e-03)
75.75         	4.708727e-05	(0.000000e+00 0.000000e+00 -5.706577e-03)
75.85         	4.708572e-05	(0.000000e+00 0.000000e+00 -5.706577e-03)
75.95         	4.708051e-05	(0.000000e+00 0.000000e+00 -5.706577e-03)
76.05         	4.707761e-05	(0.000000e+00 0.000000e+00 -5.706577e-03)
76.15         	4.707134e-05	(0.000000e+00 0.000000e+00 -5.706577e-03)
76.25         	4.706789e-05	(0.000000e+00 0.000000e+00 -5.706577e-03)
76.35         	4.705947e-05	(0.000000e+00 0.000000e+00 -5.706577e-03)
76.45         	4.705479e-05	(0.000000e+00 0.000000e+00 -5.706577e-03)
76.55         	4.704763e-05	(0.000000e+00 0.000000e+00 -5.706577e-03)
76.65         	4.704219e-05	(0.000000e+00 0.000000e+00 -5.706577e-03)
76.75         	4.703464e-05	(0.000000e+00 0.000000e+00 -5.706577e-03)
76.85         	4.702545e-05	(0.000000e+00 0.000000e+00 -5.706577e-03)
76.95         	4.702287e-05	(0.000000e+00 0.000000e+00 -5.706577e-03)
77.05         	4.701658e-05	(0.000000e+00 0.000000e+00 -5.706577e-03)
77.15         	4.701316e-05	(0.000000e+00 0.000000e+00 -5.706577e-03)
77.25         	4.700920e-05	(0.000000e+00 0.000000e+00 -5.706577e-03)
77.35         	4.700422e-05	(0.000000e+00 0.000000e+00 -5.706577e-03)
77.45         	4.699947e-05	(0.000000e+00 0.000000e+00 -5.706577e-03)
77.55         	4.699425e-05	(0.000000e+00 0.000000e+00 -5.706577e-03)
77.65         	4.698956e-05	(0.000000e+00 0.000000e+00 -5.706577e-03)
77.75         	4.698101e-05	(0.000000e+00 0.000000e+00 -5.706577e-03)
77.85         	4.697582e-05	(0.000000e+00 0.000000e+00 -5.706577e-03)
77.95         	4.697248e-05	(0.000000e+00 0.000000e+00 -5.706577e-03)
78.05         	4.696766e-05	(0.000000e+00 0.000000e+00 -5.706577e-03)
78.15         	4.696516e-05	(0.000000e+00 0.000000e+00 -5.706577e-03)
78.25         	4.696493e-05	(0.000000e+00 0.000000e+00 -5.706577e-03)
78.35         	4.696197e-05	(0.000000e+00 0.000000e+00 -5.706577e-03)
78.45         	4.695922e-05	(0.000000e+00 0.000000e+00 -5.706577e-03)
78.55         	4.695412e-05	(0.000000e+00 0.000000e+00 -5.706577e-03)
78.65         	4.694779e-05	(0.000000e+00 0.000000e+00 -5.706577e-03)
78.75         	4.693960e-05	(0.000000e+00 0.000000e+00 -5.706577e-03)
78.85         	4.693505e-05	(0.000000e+00 0.000000e+00 -5.706577e-03)
78.95         	4.693001e-05	(0.000000e+00 0.000000e+00 -5.706577e-03)
79.05         	4.692556e-05	(0.000000e+00 0.000000e+00 -5.706577e-03)
79.15         	4.692191e-05	(0.000000e+00 0.000000e+00 -5.706577e-03)
79.25         	4.691648e-05	(0.000000e+00 0.000000e+00 -5.706577e-03)
79.35         	4.691261e-05	(0.000000e+00 0.000000e+00 -5.706577e-03)
79.45         	4.690988e-05	(0.000000e+00 0.000000e+00 -5.706577e-03)
79.55         	4.690428e-05	(0.000000e+00 0.000000e+00 -5.706577e-03)
79.65         	4.689621e-05	(0.000000e+00 0.000000e+00 -5.706577e-03)
79.75         	4.689185e-05	(0.000000e+00 0.000000e+00 -5.706577e-03)
79.85         	4.688770e-05	(0.000000e+00 0.000000e+00 -5.706577e-03)
79.95         	4.688195e-05	(0.000000e+00 0.000000e+00 -5.706577e-03)
80.05         	4.687732e-05	(0.000000e+00 0.000000e+00 -5.706577e-03)
80.15         	4.687480e-05	(0.000000e+00 0.000000e+00 -5.706577e-03)
80.25         	4.686940e-05	(0.000000e+00 0.000000e+00 -5.706577e-03)
80.35         	4.686553e-05	(0.000000e+00 0.000000e+00 -5.706577e-03)
80.45         	4.686103e-05	(0.000000e+00 0.000000e+00 -5.706577e-03)
80.55         	4.685627e-05	(0.000000e+00 0.000000e+00 -5.706577e-03)
80.65         	4.685394e-05	(0.000000e+00 0.000000e+00 -5.706577e-03)
80.75         	4.685041e-05	(0.000000e+00 0.000000e+00 -5.706577e-03)
80.85         	4.684649e-05	(0.000000e+00 0.000000e+00 -5.706577e-03)
80.95         	4.684076e-05	(0.000000e+00 0.000000e+00 -5.706577e-03)
81.05         	4.683767e-05	(0.000000e+00 0.000000e+00 -5.706577e-03)
81.15         	4.682694e-05	(0.000000e+00 0.000000e+00 -5.706577e-03)
81.25         	4.682489e-05	(0.000000e+00 0.000000e+00 -5.706577e-03)
81.35         	4.682343e-05	(0.000000e+00 0.000000e+00 -5.706577e-03)
81.45         	4.682265e-05	(0.000000e+00 0.000000e+00 -5.706577e-03)
81.55         	4.682302e-05	(0.000000e+00 0.000000e+00 -5.706577e-03)
81.65         	4.682053e-05	(0.000000e+00 0.000000e+00 -5.706577e-03)
81.75         	4.681867e-05	(0.000000e+00 0.000000e+00 -5.706577e-03)
81.85         	4.681541e-05	(0.000000e+00 0.000000e+00 -5.706577e-03)
81.95         	4.680919e-05	(0.000000e+00 0.000000e+00 -5.706577e-03)
82.05         	4.679745e-05	(0.000000e+00 0.000000e+00 -5.706577e-03)
82.15         	4.679444e-05	(0.000000e+00 0.000000e+00 -5.706577e-03)
82.25         	4.679400e-05	(0.000000e+00 0.000000e+00 -5.706577e-03)
82.35         	4.679263e-05	(0.000000e+00 0.000000e+00 -5.706577e-03)
82.45         	4.679134e-05	(0.000000e+00 0.000000e+00 -5.706577e-03)
82.55         	4.678909e-05	(0.000000e+00 0.000000e+00 -5.706577e-03)
82.65         	4.678789e-05	(0.000000e+00 0.000000e+00 -5.706577e-03)
82.75         	4.678374e-05	(0.000000e+00 0.000000e+00 -5.706577e-03)
82.85         	4.678012e-05	(0.000000e+00 0.000000e+00 -5.706577e-03)
82.95         	4.677746e-05	(0.000000e+00 0.000000e+00 -5.706577e-03)
83.05         	4.677578e-05	(0.000000e+00 0.000000e+00 -5.706577e-03)
83.15         	4.677141e-05	(0.000000e+00 0.000000e+00 -5.706577e-03)
83.25         	4.676534e-05	(0.000000e+00 0.000000e+00 -5.706577e-03)
83.35         	4.675935e-05	(0.000000e+00 0.000000e+00 -5.706577e-03)
83.45         	4.675796e-05	(0.000000e+00 0.000000e+00 -5.706577e-03)
83.55         	4.675590e-05	(0.000000e+00 0.000000e+00 -5.706577e-03)
83.65         	4.675221e-05	(0.000000e+00 0.000000e+00 -5.706577e-03)
83.75         	4.674961e-05	(0.000000e+00 0.000000e+00 -5.706577e-03)
83.85         	4.674485e-05	(0.000000e+00 0.000000e+00 -5.706577e-03)
83.95         	4.674035e-05	(0.000000e+00 0.000000e+00 -5.706577e-03)
84.05         	4.673940e-05	(0.000000e+00 0.000000e+00 -5.706577e-03)
84.15         	4.673903e-05	(0.000000e+00 0.000000e+00 -5.706577e-03)
84.25         	4.673651e-05	(0.000000e+00 0.000000e+00 -5.706577e-03)
84.35         	4.673361e-05	(0.000000e+00 0.000000e+00 -5.706577e-03)
84.45         	4.673121e-05	(0.000000e+00 0.000000e+00 -5.706577e-03)
84.55         	4.673042e-05	(0.000000e+00 0.000000e+00 -5.706577e-03)
84.65         	4.673042e-05	(0.000000e+00 0.000000e+00 -5.706577e-03)
84.75         	4.672739e-05	(0.000000e+00 0.000000e+00 -5.706577e-03)
84.85         	4.672227e-05	(0.000000e+00 0.000000e+00 -5.706577e-03)
84.95         	4.671875e-05	(0.000000e+00 0.000000e+00 -5.706577e-03)
85.05         	4.671583e-05	(0.000000e+00 0.000000e+00 -5.706577e-03)
85.15         	4.671497e-05	(0.000000e+00 0.000000e+00 -5.706577e-03)
85.25         	4.671481e-05	(0.000000e+00 0.000000e+00 -5.706577e-03)
85.35         	4.671157e-05	(0.000000e+00 0.000000e+00 -5.706577e-03)
85.45         	4.671037e-05	(0.000000e+00 0.000000e+00 -5.706577e-03)
85.55         	4.671014e-05	(0.000000e+00 0.000000e+00 -5.706577e-03)
85.65         	4.670908e-05	(0.000000e+00 0.000000e+00 -5.706577e-03)
85.75         	4.670743e-05	(0.000000e+00 0.000000e+00 -5.706577e-03)
85.85         	4.670531e-05	(0.000000e+00 0.000000e+00 -5.706577e-03)
85.95         	4.670329e-05	(0.000000e+00 0.000000e+00 -5.706577e-03)
86.05         	4.670075e-05	(0.000000e+00 0.000000e+00 -5.706577e-03)
86.15         	4.669786e-05	(0.000000e+00 0.000000e+00 -5.706577e-03)
86.25         	4.669468e-05	(0.000000e+00 0.000000e+00 -5.706577e-03)
86.35         	4.669425e-05	(0.000000e+00 0.000000e+00 -5.706577e-03)
86.45         	4.669474e-05	(0.000000e+00 0.000000e+00 -5.706577e-03)
86.55         	4.669166e-05	(0.000000e+00 0.000000e+00 -5.706577e-03)
86.65         	4.668797e-05	(0.000000e+00 0.000000e+00 -5.706577e-03)
86.75         	4.668793e-05	(0.000000e+00 0.000000e+00 -5.706577e-03)
86.85         	4.668845e-05	(0.000000e+00 0.000000e+00 -5.706577e-03)
86.95         	4.668716e-05	(0.000000e+00 0.000000e+00 -5.706577e-03)
87.05         	4.668575e-05	(0.000000e+00 0.000000e+00 -5.706577e-03)
87.15         	4.668428e-05	(0.000000e+00 0.000000e+00 -5.706577e-03)
87.25         	4.668227e-05	(0.000000e+00 0.000000e+00 -5.706577e-03)
87.35         	4.667816e-05	(0.000000e+00 0.000000e+00 -5.706577e-03)
87.45         	4.667697e-05	(0.000000e+00 0.000000e+00 -5.706577e-03)
87.55         	4.667788e-05	(0.000000e+00 0.000000e+00 -5.706577e-03)
87.65         	4.667770e-05	(0.000000e+00 0.000000e+00 -5.706577e-03)
87.75         	4.667632e-05	(0.000000e+00 0.000000e+00 -5.706577e-03)
87.85         	4.667618e-05	(0.000000e+00 0.000000e+00 -5.706577e-03)
87.95         	4.667578e-05	(0.000000e+00 0.000000e+00 -5.706577e-03)
88.05         	4.667263e-05	(0.000000e+00 0.000000e+00 -5.706577e-03)
88.15         	4.666946e-05	(0.000000e+00 0.000000e+00 -5.706577e-03)
88.25         	4.666578e-05	(0.000000e+00 0.000000e+00 -5.706577e-03)
88.35         	4.666206e-05	(0.000000e+00 0.000000e+00 -5.706577e-03)
88.45         	4.666125e-05	(0.000000e+00 0.000000e+00 -5.706577e-03)
88.55         	4.666252e-05	(0.000000e+00 0.000000e+00 -5.706577e-03)
88.65         	4.666046e-05	(0.000000e+00 0.000000e+00 -5.706577e-03)
88.75         	4.665734e-05	(0.000000e+00 0.000000e+00 -5.706577e-03)
88.85         	4.665375e-05	(0.000000e+00 0.000000e+00 -5.706577e-03)
88.95         	4.665240e-05	(0.000000e+00 0.000000e+00 -5.706577e-03)
89.05         	4.665369e-05	(0.000000e+00 0.000000e+00 -5.706577e-03)
89.15         	4.665329e-05	(0.000000e+00 0.000000e+00 -5.706577e-03)
89.25         	4.665453e-05	(0.000000e+00 0.000000e+00 -5.706577e-03)
89.35         	4.665764e-05	(0.000000e+00 0.000000e+00 -5.706577e-03)
89.45         	4.665902e-05	(0.000000e+00 0.000000e+00 -5.706577e-03)
89.55         	4.665896e-05	(0.000000e+00 0.000000e+00 -5.706577e-03)
89.65         	4.665737e-05	(0.000000e+00 0.000000e+00 -5.706577e-03)
89.75         	4.665519e-05	(0.000000e+00 0.000000e+00 -5.706577e-03)
89.85         	4.665552e-05	(0.000000e+00 0.000000e+00 -5.706577e-03)
89.95         	4.665553e-05	(0.000000e+00 0.000000e+00 -5.706577e-03)
90.05         	4.665691e-05	(0.000000e+00 0.000000e+00 -5.706577e-03)
90.15         	4.665916e-05	(0.000000e+00 0.000000e+00 -5.706577e-03)
90.25         	4.666133e-05	(0.000000e+00 0.000000e+00 -5.706577e-03)
90.35         	4.666269e-05	(0.000000e+00 0.000000e+00 -5.706577e-03)
90.45         	4.666285e-05	(0.000000e+00 0.000000e+00 -5.706577e-03)
90.55         	4.666199e-05	(0.000000e+00 0.000000e+00 -5.706577e-03)
90.65         	4.666037e-05	(0.000000e+00 0.000000e+00 -5.706577e-03)
90.75         	4.665978e-05	(0.000000e+00 0.000000e+00 -5.706577e-03)
90.85         	4.665899e-05	(0.000000e+00 0.000000e+00 -5.706577e-03)
90.95         	4.665790e-05	(0.000000e+00 0.000000e+00 -5.706577e-03)
91.05         	4.665688e-05	(0.000000e+00 0.000000e+00 -5.706577e-03)
91.15         	4.665755e-05	(0.000000e+00 0.000000e+00 -5.706577e-03)
91.25         	4.665658e-05	(0.000000e+00 0.000000e+00 -5.706577e-03)
91.35         	4.665512e-05	(0.000000e+00 0.000000e+00 -5.706577e-03)
91.45         	4.665407e-05	(0.000000e+00 0.000000e+00 -5.706577e-03)
91.55         	4.665396e-05	(0.000000e+00 0.000000e+00 -5.706577e-03)
91.65         	4.665626e-05	(0.000000e+00 0.000000e+00 -5.706577e-03)
91.75         	4.665772e-05	(0.000000e+00 0.000000e+00 -5.706577e-03)
91.85         	4.666063e-05	(0.000000e+00 0.000000e+00 -5.706577e-03)
91.95         	4.666405e-05	(0.000000e+00 0.000000e+00 -5.706577e-03)
92.05         	4.666453e-05	(0.000000e+00 0.000000e+00 -5.706577e-03)
92.15         	4.666558e-05	(0.000000e+00 0.000000e+00 -5.706577e-03)
92.25         	4.666661e-05	(0.000000e+00 0.000000e+00 -5.706577e-03)
92.35         	4.666718e-05	(0.000000e+00 0.000000e+00 -5.706577e-03)
92.45         	4.666659e-05	(0.000000e+00 0.000000e+00 -5.706577e-03)
92.55         	4.666727e-05	(0.000000e+00 0.000000e+00 -5.706577e-03)
92.65         	4.667002e-05	(0.000000e+00 0.000000e+00 -5.706577e-03)
92.75         	4.667396e-05	(0.000000e+00 0.000000e+00 -5.706577e-03)
92.85         	4.667678e-05	(0.000000e+00 0.000000e+00 -5.706577e-03)
92.95         	4.667801e-05	(0.000000e+00 0.000000e+00 -5.706577e-03)
93.05         	4.667857e-05	(0.000000e+00 0.000000e+00 -5.706577e-03)
93.15         	4.668013e-05	(0.000000e+00 0.000000e+00 -5.706577e-03)
93.25         	4.668126e-05	(0.000000e+00 0.000000e+00 -5.706577e-03)
93.35         	4.668161e-05	(0.000000e+00 0.000000e+00 -5.706577e-03)
93.45         	4.668307e-05	(0.000000e+00 0.000000e+00 -5.706577e-03)
93.55         	4.668596e-05	(0.000000e+00 0.000000e+00 -5.706577e-03)
93.65         	4.668872e-05	(0.000000e+00 0.000000e+00 -5.706577e-03)
93.75         	4.669055e-05	(0.000000e+00 0.000000e+00 -5.706577e-03)
93.85         	4.669271e-05	(0.000000e+00 0.000000e+00 -5.706577e-03)
93.95         	4.669428e-05	(0.000000e+00 0.000000e+00 -5.706577e-03)
94.05         	4.669773e-05	(0.000000e+00 0.000000e+00 -5.706577e-03)
94.15         	4.670198e-05	(0.000000e+00 0.000000e+00 -5.706577e-03)
94.25         	4.670448e-05	(0.000000e+00 0.000000e+00 -5.706577e-03)
94.35         	4.670467e-05	(0.000000e+00 0.000000e+00 -5.706577e-03)
94.45         	4.670536e-05	(0.000000e+00 0.000000e+00 -5.706577e-03)
94.55         	4.670915e-05	(0.000000e+00 0.000000e+00 -5.706577e-03)
94.65         	4.671577e-05	(0.000000e+00 0.000000e+00 -5.706577e-03)
94.75         	4.671919e-05	(0.000000e+00 0.000000e+00 -5.706577e-03)
94.85         	4.672038e-05	(0.000000e+00 0.000000e+00 -5.706577e-03)
94.95         	4.672366e-05	(0.000000e+00 0.000000e+00 -5.706577e-03)
95.05         	4.672766e-05	(0.000000e+00 0.000000e+00 -5.706577e-03)
95.15         	4.672738e-05	(0.000000e+00 0.000000e+00 -5.706577e-03)
95.25         	4.672726e-05	(0.000000e+00 0.000000e+00 -5.706577e-03)
95.35         	4.672868e-05	(0.000000e+00 0.000000e+00 -5.706577e-03)
95.45         	4.673230e-05	(0.000000e+00 0.000000e+00 -5.706577e-03)
95.55         	4.673520e-05	(0.000000e+00 0.000000e+00 -5.706577e-03)
95.65         	4.673839e-05	(0.000000e+00 0.000000e+00 -5.706577e-03)
95.75         	4.674029e-05	(0.000000e+00 0.000000e+00 -5.706577e-03)
95.85         	4.674192e-05	(0.000000e+00 0.000000e+00 -5.706577e-03)
95.95         	4.674576e-05	(0.000000e+00 0.000000e+00 -5.706577e-03)
96.05         	4.675066e-05	(0.000000e+00 0.000000e+00 -5.706577e-03)
96.15         	4.675305e-05	(0.000000e+00 0.000000e+00 -5.706577e-03)
96.25         	4.675648e-05	(0.000000e+00 0.000000e+00 -5.706577e-03)
96.35         	4.676142e-05	(0.000000e+00 0.000000e+00 -5.706577e-03)
96.45         	4.676571e-05	(0.000000e+00 0.000000e+00 -5.706577e-03)
96.55         	4.676983e-05	(0.000000e+00 0.000000e+00 -5.706577e-03)
96.65         	4.677322e-05	(0.000000e+00 0.000000e+00 -5.706577e-03)
96.75         	4.677549e-05	(0.000000e+00 0.000000e+00 -5.706577e-03)
96.85         	4.677948e-05	(0.000000e+00 0.000000e+00 -5.706577e-03)
96.95         	4.678355e-05	(0.000000e+00 0.000000e+00 -5.706577e-03)
97.05         	4.678882e-05	(0.000000e+00 0.000000e+00 -5.706577e-03)
97.15         	4.679302e-05	(0.000000e+00 0.000000e+00 -5.706577e-03)
97.25         	4.679625e-05	(0.000000e+00 0.000000e+00 -5.706577e-03)
97.35         	4.680117e-05	(0.000000e+00 0.000000e+00 -5.706577e-03)
97.45         	4.680422e-05	(0.000000e+00 0.000000e+00 -5.706577e-03)
97.55         	4.680819e-05	(0.000000e+00 0.000000e+00 -5.706577e-03)
97.65         	4.681132e-05	(0.000000e+00 0.000000e+00 -5.706577e-03)
97.75         	4.681308e-05	(0.000000e+00 0.000000e+00 -5.706577e-03)
97.85         	4.681466e-05	(0.000000e+00 0.000000e+00 -5.706577e-03)
97.95         	4.681712e-05	(0.000000e+00 0.000000e+00 -5.706577e-03)
98.05         	4.681914e-05	(0.000000e+00 0.000000e+00 -5.706577e-03)
98.15         	4.682293e-05	(0.000000e+00 0.000000e+00 -5.706577e-03)
98.25         	4.682723e-05	(0.000000e+00 0.000000e+00 -5.706577e-03)
98.35         	4.683020e-05	(0.000000e+00 0.000000e+00 -5.706577e-03)
98.45         	4.683354e-05	(0.000000e+00 0.000000e+00 -5.706577e-03)
98.55         	4.683709e-05	(0.000000e+00 0.000000e+00 -5.706577e-03)
98.65         	4.684189e-05	(0.000000e+00 0.000000e+00 -5.706577e-03)
98.75         	4.684674e-05	(0.000000e+00 0.000000e+00 -5.706577e-03)
98.85         	4.685341e-05	(0.000000e+00 0.000000e+00 -5.706577e-03)
98.95         	4.685975e-05	(0.000000e+00 0.000000e+00 -5.706577e-03)
99.05         	4.686586e-05	(0.000000e+00 0.000000e+00 -5.706577e-03)
99.15         	4.686802e-05	(0.000000e+00 0.000000e+00 -5.706577e-03)
99.25         	4.687383e-05	(0.000000e+00 0.000000e+00 -5.706577e-03)
99.35         	4.687777e-05	(0.000000e+00 0.000000e+00 -5.706577e-03)
99.45         	4.688094e-05	(0.000000e+00 0.000000e+00 -5.706577e-03)
99.55         	4.688646e-05	(0.000000e+00 0.000000e+00 -5.706577e-03)
99.65         	4.689284e-05	(0.000000e+00 0.000000e+00 -5.706577e-03)
99.75         	4.689715e-05	(0.000000e+00 0.000000e+00 -5.706577e-03)
99.85         	4.690361e-05	(0.000000e+00 0.000000e+00 -5.706577e-03)
99.95         	4.690993e-05	(0.000000e+00 0.000000e+00 -5.706577e-03)
100.05        	4.691495e-05	(0.000000e+00 0.000000e+00 -5.706577e-03)
100.15        	4.691910e-05	(0.000000e+00 0.000000e+00 -5.706577e-03)
100.25        	4.692388e-05	(0.000000e+00 0.000000e+00 -5.706577e-03)
100.35        	4.692855e-05	(0.000000e+00 0.000000e+00 -5.706577e-03)
100.45        	4.693209e-05	(0.000000e+00 0.000000e+00 -5.706577e-03)
100.55        	4.693610e-05	(0.000000e+00 0.000000e+00 -5.706577e-03)
100.65        	4.694009e-05	(0.000000e+00 0.000000e+00 -5.706577e-03)
100.75        	4.694434e-05	(0.000000e+00 0.000000e+00 -5.706577e-03)
100.85        	4.695087e-05	(0.000000e+00 0.000000e+00 -5.706577e-03)
100.95        	4.695690e-05	(0.000000e+00 0.000000e+00 -5.706577e-03)
101.05        	4.696327e-05	(0.000000e+00 0.000000e+00 -5.706577e-03)
101.15        	4.696939e-05	(0.000000e+00 0.000000e+00 -5.706577e-03)
101.25        	4.697330e-05	(0.000000e+00 0.000000e+00 -5.706577e-03)
101.35        	4.697794e-05	(0.000000e+00 0.000000e+00 -5.706577e-03)
101.45        	4.698396e-05	(0.000000e+00 0.000000e+00 -5.706577e-03)
101.55        	4.698930e-05	(0.000000e+00 0.000000e+00 -5.706577e-03)
101.65        	4.699485e-05	(0.000000e+00 0.000000e+00 -5.706577e-03)
101.75        	4.700088e-05	(0.000000e+00 0.000000e+00 -5.706577e-03)
101.85        	4.700678e-05	(0.000000e+00 0.000000e+00 -5.706577e-03)
101.95        	4.701475e-05	(0.000000e+00 0.000000e+00 -5.706577e-03)
102.05        	4.702037e-05	(0.000000e+00 0.000000e+00 -5.706577e-03)
102.15        	4.702262e-05	(0.000000e+00 0.000000e+00 -5.706577e-03)
102.25        	4.702695e-05	(0.000000e+00 0.000000e+00 -5.706577e-03)
102.35        	4.703477e-05	(0.000000e+00 0.000000e+00 -5.706577e-03)
102.45        	4.704130e-05	(0.000000e+00 0.000000e+00 -5.706577e-03)
102.55        	4.704565e-05	(0.000000e+00 0.000000e+00 -5.706577e-03)
102.65        	4.705090e-05	(0.000000e+00 0.000000e+00 -5.706577e-03)
102.75        	4.705855e-05	(0.000000e+00 0.000000e+00 -5.706577e-03)
102.85        	4.706380e-05	(0.000000e+00 0.000000e+00 -5.706577e-03)
102.95        	4.706758e-05	(0.000000e+00 0.000000e+00 -5.706577e-03)
103.05        	4.707300e-05	(0.000000e+00 0.000000e+00 -5.706577e-03)
103.15        	4.708219e-05	(0.000000e+00 0.000000e+00 -5.706577e-03)
103.25        	4.708771e-05	(0.000000e+00 0.000000e+00 -5.706577e-03)
103.35        	4.709149e-05	(0.000000e+00 0.000000e+00 -5.706577e-03)
103.45        	4.709453e-05	(0.000000e+00 0.000000e+00 -5.706577e-03)
103.55        	4.709895e-05	(0.000000e+00 0.000000e+00 -5.706577e-03)
103.65        	4.710452e-05	(0.000000e+00 0.000000e+00 -5.706577e-03)
103.75        	4.711100e-05	(0.000000e+00 0.000000e+00 -5.706577e-03)
103.85        	4.711933e-05	(0.000000e+00 0.000000e+00 -5.706577e-03)
103.95        	4.712585e-05	(0.000000e+00 0.000000e+00 -5.706577e-03)
104.05        	4.713183e-05	(0.000000e+00 0.000000e+00 -5.706577e-03)
104.15        	4.713665e-05	(0.000000e+00 0.000000e+00 -5.706577e-03)
104.25        	4.714353e-05	(0.000000e+00 0.000000e+00 -5.706577e-03)
104.35        	4.715054e-05	(0.000000e+00 0.000000e+00 -5.706577e-03)
104.45        	4.715767e-05	(0.000000e+00 0.000000e+00 -5.706577e-03)
104.55        	4.716362e-05	(0.000000e+00 0.000000e+00 -5.706577e-03)
104.65        	4.716982e-05	(0.000000e+00 0.000000e+00 -5.706577e-03)
104.75        	4.717600e-05	(0.000000e+00 0.000000e+00 -5.706577e-03)
104.85        	4.718064e-05	(0.000000e+00 0.000000e+00 -5.706577e-03)
104.95        	4.718620e-05	(0.000000e+00 0.000000e+00 -5.706577e-03)
105.05        	4.719352e-05	(0.000000e+00 0.000000e+00 -5.706577e-03)
105.15        	4.719898e-05	(0.000000e+00 0.000000e+00 -5.706577e-03)
105.25        	4.720482e-05	(0.000000e+00 0.000000e+00 -5.706577e-03)
105.35        	4.721091e-05	(0.000000e+00 0.000000e+00 -5.706577e-03)
105.45        	4.721764e-05	(0.000000e+00 0.000000e+00 -5.706577e-03)
105.55        	4.722431e-05	(0.000000e+00 0.000000e+00 -5.706577e-03)
105.65        	4.723113e-05	(0.000000e+00 0.000000e+00 -5.706577e-03)
105.75        	4.723699e-05	(0.000000e+00 0.000000e+00 -5.706577e-03)
105.85        	4.724254e-05	(0.000000e+00 0.000000e+00 -5.706577e-03)
105.95        	4.724831e-05	(0.000000e+00 0.000000e+00 -5.706577e-03)
106.05        	4.725461e-05	(0.000000e+00 0.000000e+00 -5.706577e-03)
106.15        	4.726292e-05	(0.000000e+00 0.000000e+00 -5.706577e-03)
106.25        	4.727015e-05	(0.000000e+00 0.000000e+00 -5.706577e-03)
106.35        	4.727751e-05	(0.000000e+00 0.000000e+00 -5.706577e-03)
106.45        	4.728387e-05	(0.000000e+00 0.000000e+00 -5.706577e-03)
106.55        	4.728916e-05	(0.000000e+00 0.000000e+00 -5.706577e-03)
106.65        	4.729549e-05	(0.000000e+00 0.000000e+00 -5.706577e-03)
106.75        	4.730163e-05	(0.000000e+00 0.000000e+00 -5.706577e-03)
106.85        	4.730940e-05	(0.000000e+00 0.000000e+00 -5.706577e-03)
106.95        	4.731292e-05	(0.000000e+00 0.000000e+00 -5.706577e-03)
107.05        	4.731982e-05	(0.000000e+00 0.000000e+00 -5.706577e-03)
107.15        	4.732460e-05	(0.000000e+00 0.000000e+00 -5.706577e-03)
107.25        	4.733077e-05	(0.000000e+00 0.000000e+00 -5.706577e-03)
107.35        	4.733764e-05	(0.000000e+00 0.000000e+00 -5.706577e-03)
107.45        	4.734480e-05	(0.000000e+00 0.000000e+00 -5.706577e-03)
107.55        	4.735160e-05	(0.000000e+00 0.000000e+00 -5.706577e-03)
107.65        	4.735854e-05	(0.000000e+00 0.000000e+00 -5.706577e-03)
107.75        	4.736479e-05	(0.000000e+00 0.000000e+00 -5.706577e-03)
107.85        	4.737253e-05	(0.000000e+00 0.000000e+00 -5.706577e-03)
107.95        	4.737883e-05	(0.000000e+00 0.000000e+00 -5.706577e-03)
108.05        	4.738492e-05	(0.000000e+00 0.000000e+00 -5.706577e-03)
108.15        	4.739162e-05	(0.000000e+00 0.000000e+00 -5.706577e-03)
108.25        	4.739771e-05	(0.000000e+00 0.000000e+00 -5.706577e-03)
108.35        	4.740456e-05	(0.000000e+00 0.000000e+00 -5.706577e-03)
108.45        	4.741132e-05	(0.000000e+00 0.000000e+00 -5.706577e-03)
108.55        	4.741738e-05	(0.000000e+00 0.000000e+00 -5.706577e-03)
108.65        	4.742372e-05	(0.000000e+00 0.000000e+00 -5.706577e-03)
108.75        	4.742940e-05	(0.000000e+00 0.000000e+00 -5.706577e-03)
108.85        	4.743562e-05	(0.000000e+00 0.000000e+00 -5.706577e-03)
108.95        	4.744279e-05	(0.000000e+00 0.000000e+00 -5.706577e-03)
109.05        	4.745283e-05	(0.000000e+00 0.000000e+00 -5.706577e-03)
109.15        	4.746224e-05	(0.000000e+00 0.000000e+00 -5.706577e-03)
109.25        	4.746998e-05	(0.000000e+00 0.000000e+00 -5.706577e-03)
109.35        	4.747683e-05	(0.000000e+00 0.000000e+00 -5.706577e-03)
109.45        	4.748173e-05	(0.000000e+00 0.000000e+00 -5.706577e-03)
109.55        	4.748857e-05	(0.000000e+00 0.000000e+00 -5.706577e-03)
109.65        	4.749480e-05	(0.000000e+00 0.000000e+00 -5.706577e-03)
109.75        	4.750362e-05	(0.000000e+00 0.000000e+00 -5.706577e-03)
109.85        	4.751170e-05	(0.000000e+00 0.000000e+00 -5.706577e-03)
109.95        	4.751783e-05	(0.000000e+00 0.000000e+00 -5.706577e-03)
110.05        	4.752434e-05	(0.000000e+00 0.000000e+00 -5.706577e-03)
110.15        	4.753132e-05	(0.000000e+00 0.000000e+00 -5.706577e-03)
110.25        	4.753687e-05	(0.000000e+00 0.000000e+00 -5.706577e-03)
110.35        	4.754194e-05	(0.000000e+00 0.000000e+00 -5.706577e-03)
110.45        	4.754662e-05	(0.000000e+00 0.000000e+00 -5.706577e-03)
110.55        	4.755312e-05	(0.000000e+00 0.000000e+00 -5.706577e-03)
110.65        	4.756128e-05	(0.000000e+00 0.000000e+00 -5.706577e-03)
110.75        	4.756754e-05	(0.000000e+00 0.000000e+00 -5.706577e-03)
110.85        	4.757493e-05	(0.000000e+00 0.000000e+00 -5.706577e-03)
110.95        	4.758175e-05	(0.000000e+00 0.000000e+00 -5.706577e-03)
111.05        	4.758879e-05	(0.000000e+00 0.000000e+00 -5.706577e-03)
111.15        	4.759449e-05	(0.000000e+00 0.000000e+00 -5.706577e-03)
111.25        	4.760270e-05	(0.000000e+00 0.000000e+00 -5.706577e-03)
111.35        	4.760902e-05	(0.000000e+00 0.000000e+00 -5.706577e-03)
111.45        	4.761576e-05	(0.000000e+00 0.000000e+00 -5.706577e-03)
111.55        	4.762205e-05	(0.000000e+00 0.000000e+00 -5.706577e-03)
111.65        	4.762881e-05	(0.000000e+00 0.000000e+00 -5.706577e-03)
111.75        	4.763483e-05	(0.000000e+00 0.000000e+00 -5.706577e-03)
111.85        	4.764183e-05	(0.000000e+00 0.000000e+00 -5.706577e-03)
111.95        	4.765001e-05	(0.000000e+00 0.000000e+00 -5.706577e-03)
112.05        	4.765731e-05	(0.000000e+00 0.000000e+00 -5.706577e-03)
112.15        	4.766342e-05	(0.000000e+00 0.000000e+00 -5.706577e-03)
112.25        	4.767189e-05	(0.000000e+00 0.000000e+00 -5.706577e-03)
112.35        	4.768147e-05	(0.000000e+00 0.000000e+00 -5.706577e-03)
112.45        	4.769074e-05	(0.000000e+00 0.000000e+00 -5.706577e-03)
112.55        	4.769681e-05	(0.000000e+00 0.000000e+00 -5.706577e-03)
112.65        	4.770410e-05	(0.000000e+00 0.000000e+00 -5.706577e-03)
112.75        	4.771149e-05	(0.000000e+00 0.000000e+00 -5.706577e-03)
112.85        	4.771922e-05	(0.000000e+00 0.000000e+00 -5.706577e-03)
112.95        	4.772677e-05	(0.000000e+00 0.000000e+00 -5.706577e-03)
113.05        	4.773316e-05	(0.000000e+00 0.000000e+00 -5.706577e-03)
113.15        	4.773965e-05	(0.000000e+00 0.000000e+00 -5.706577e-03)
113.25        	4.774537e-05	(0.000000e+00 0.000000e+00 -5.706577e-03)
113.35        	4.775074e-05	(0.000000e+00 0.000000e+00 -5.706577e-03)
113.45        	4.775679e-05	(0.000000e+00 0.000000e+00 -5.706577e-03)
113.55        	4.776119e-05	(0.000000e+00 0.000000e+00 -5.706577e-03)
113.65        	4.776848e-05	(0.000000e+00 0.000000e+00 -5.706577e-03)
113.75        	4.777582e-05	(0.000000e+00 0.000000e+00 -5.706577e-03)
113.85        	4.778388e-05	(0.000000e+00 0.000000e+00 -5.706577e-03)
113.95        	4.779473e-05	(0.000000e+00 0.000000e+00 -5.706577e-03)
114.05        	4.780223e-05	(0.000000e+00 0.000000e+00 -5.706577e-03)
114.15        	4.780954e-05	(0.000000e+00 0.000000e+00 -5.706577e-03)
114.25        	4.781698e-05	(0.000000e+00 0.000000e+00 -5.706577e-03)
114.35        	4.782495e-05	(0.000000e+00 0.000000e+00 -5.706577e-03)
114.45        	4.783053e-05	(0.000000e+00 0.000000e+00 -5.706577e-03)
114.55        	4.783534e-05	(0.000000e+00 0.000000e+00 -5.706577e-03)
114.65        	4.784169e-05	(0.000000e+00 0.000000e+00 -5.706577e-03)
114.75        	4.784984e-05	(0.000000e+00 0.000000e+00 -5.706577e-03)
114.85        	4.785866e-05	(0.000000e+00 0.000000e+00 -5.706577e-03)
114.95        	4.786536e-05	(0.000000e+00 0.000000e+00 -5.706577e-03)
115.05        	4.787043e-05	(0.000000e+00 0.000000e+00 -5.706577e-03)
115.15        	4.787785e-05	(0.000000e+00 0.000000e+00 -5.706577e-03)
115.25        	4.788507e-05	(0.000000e+00 0.000000e+00 -5.706577e-03)
115.35        	4.789160e-05	(0.000000e+00 0.000000e+00 -5.706577e-03)
115.45        	4.789858e-05	(0.000000e+00 0.000000e+00 -5.706577e-03)
115.55        	4.790470e-05	(0.000000e+00 0.000000e+00 -5.706577e-03)
115.65        	4.791240e-05	(0.000000e+00 0.000000e+00 -5.706577e-03)
115.75        	4.791910e-05	(0.000000e+00 0.000000e+00 -5.706577e-03)
115.85        	4.792661e-05	(0.000000e+00 0.000000e+00 -5.706577e-03)
115.95        	4.793448e-05	(0.000000e+00 0.000000e+00 -5.706577e-03)
116.05        	4.794167e-05	(0.000000e+00 0.000000e+00 -5.706577e-03)
116.15        	4.795024e-05	(0.000000e+00 0.000000e+00 -5.706577e-03)
116.25        	4.795869e-05	(0.000000e+00 0.000000e+00 -5.706577e-03)
116.35        	4.796614e-05	(0.000000e+00 0.000000e+00 -5.706577e-03)
116.45        	4.797221e-05	(0.000000e+00 0.000000e+00 -5.706577e-03)
116.55        	4.797851e-05	(0.000000e+00 0.000000e+00 -5.706577e-03)
116.65        	4.798677e-05	(0.000000e+00 0.000000e+00 -5.706577e-03)
116.75        	4.799329e-05	(0.000000e+00 0.000000e+00 -5.706577e-03)
116.85        	4.800101e-05	(0.000000e+00 0.000000e+00 -5.706577e-03)
116.95        	4.800860e-05	(0.000000e+00 0.000000e+00 -5.706577e-03)
117.05        	4.801579e-05	(0.000000e+00 0.000000e+00 -5.706577e-03)
117.15        	4.802306e-05	(0.000000e+00 0.000000e+00 -5.706577e-03)
117.25        	4.802953e-05	(0.000000e+00 0.000000e+00 -5.706577e-03)
117.35        	4.803846e-05	(0.000000e+00 0.000000e+00 -5.706577e-03)
117.45        	4.804749e-05	(0.000000e+00 0.000000e+00 -5.706577e-03)
117.55        	4.805587e-05	(0.000000e+00 0.000000e+00 -5.706577e-03)
117.65        	4.806299e-05	(0.000000e+00 0.000000e+00 -5.706577e-03)
117.75        	4.806896e-05	(0.000000e+00 0.000000e+00 -5.706577e-03)
117.85        	4.807582e-05	(0.000000e+00 0.000000e+00 -5.706577e-03)
117.95        	4.808188e-05	(0.000000e+00 0.000000e+00 -5.706577e-03)
118.05        	4.808787e-05	(0.000000e+00 0.000000e+00 -5.706577e-03)
118.15        	4.809451e-05	(0.000000e+00 0.000000e+00 -5.706577e-03)
118.25        	4.810118e-05	(0.000000e+00 0.000000e+00 -5.706577e-03)
118.35        	4.810760e-05	(0.000000e+00 0.000000e+00 -5.706577e-03)
118.45        	4.811458e-05	(0.000000e+00 0.000000e+00 -5.706577e-03)
118.55        	4.811982e-05	(0.000000e+00 0.000000e+00 -5.706577e-03)
118.65        	4.812477e-05	(0.000000e+00 0.000000e+00 -5.706577e-03)
118.75        	4.813235e-05	(0.000000e+00 0.000000e+00 -5.706577e-03)
118.85        	4.813870e-05	(0.000000e+00 0.000000e+00 -5.706577e-03)
118.95        	4.814671e-05	(0.000000e+00 0.000000e+00 -5.706577e-03)
119.05        	4.815541e-05	(0.000000e+00 0.000000e+00 -5.706577e-03)
119.15        	4.816416e-05	(0.000000e+00 0.000000e+00 -5.706577e-03)
119.25        	4.817356e-05	(0.000000e+00 0.000000e+00 -5.706577e-03)
119.35        	4.818133e-05	(0.000000e+00 0.000000e+00 -5.706577e-03)
119.45        	4.819045e-05	(0.000000e+00 0.000000e+00 -5.706577e-03)
119.55        	4.819956e-05	(0.000000e+00 0.000000e+00 -5.706577e-03)
119.65        	4.820672e-05	(0.000000e+00 0.000000e+00 -5.706577e-03)
119.75        	4.821332e-05	(0.000000e+00 0.000000e+00 -5.706577e-03)
119.85        	4.821896e-05	(0.000000e+00 0.000000e+00 -5.706577e-03)
119.95        	4.822632e-05	(0.000000e+00 0.000000e+00 -5.706577e-03)
120.05        	4.823166e-05	(0.000000e+00 0.000000e+00 -5.706577e-03)
120.15        	4.823815e-05	(0.000000e+00 0.000000e+00 -5.706577e-03)
120.25        	4.824432e-05	(0.000000e+00 0.000000e+00 -5.706577e-03)
120.35        	4.825139e-05	(0.000000e+00 0.000000e+00 -5.706577e-03)
120.45        	4.825850e-05	(0.000000e+00 0.000000e+00 -5.706577e-03)
120.55        	4.826656e-05	(0.000000e+00 0.000000e+00 -5.706577e-03)
120.65        	4.827533e-05	(0.000000e+00 0.000000e+00 -5.706577e-03)
120.75        	4.828282e-05	(0.000000e+00 0.000000e+00 -5.706577e-03)
120.85        	4.829150e-05	(0.000000e+00 0.000000e+00 -5.706577e-03)
120.95        	4.829886e-05	(0.000000e+00 0.000000e+00 -5.706577e-03)
121.05        	4.830429e-05	(0.000000e+00 0.000000e+00 -5.706577e-03)
121.15        	4.830983e-05	(0.000000e+00 0.000000e+00 -5.706577e-03)
121.25        	4.831809e-05	(0.000000e+00 0.000000e+00 -5.706577e-03)
121.35        	4.832763e-05	(0.000000e+00 0.000000e+00 -5.706577e-03)
121.45        	4.833532e-05	(0.000000e+00 0.000000e+00 -5.706577e-03)
121.55        	4.833981e-05	(0.000000e+00 0.000000e+00 -5.706577e-03)
121.65        	4.834548e-05	(0.000000e+00 0.000000e+00 -5.706577e-03)
121.75        	4.835368e-05	(0.000000e+00 0.000000e+00 -5.706577e-03)
121.85        	4.836093e-05	(0.000000e+00 0.000000e+00 -5.706577e-03)
121.95        	4.836789e-05	(0.000000e+00 0.000000e+00 -5.706577e-03)
122.05        	4.837680e-05	(0.000000e+00 0.000000e+00 -5.706577e-03)
122.15        	4.838469e-05	(0.000000e+00 0.000000e+00 -5.706577e-03)
122.25        	4.839049e-05	(0.000000e+00 0.000000e+00 -5.706577e-03)
122.35        	4.839552e-05	(0.000000e+00 0.000000e+00 -5.706577e-03)
122.45        	4.840249e-05	(0.000000e+00 0.000000e+00 -5.706577e-03)
122.55        	4.841053e-05	(0.000000e+00 0.000000e+00 -5.706577e-03)
122.65        	4.841851e-05	(0.000000e+00 0.000000e+00 -5.706577e-03)
122.75        	4.842232e-05	(0.000000e+00 0.000000e+00 -5.706577e-03)
122.85        	4.842798e-05	(0.000000e+00 0.000000e+00 -5.706577e-03)
122.95        	4.843315e-05	(0.000000e+00 0.000000e+00 -5.706577e-03)
123.05        	4.843961e-05	(0.000000e+00 0.000000e+00 -5.706577e-03)
123.15        	4.844693e-05	(0.000000e+00 0.000000e+00 -5.706577e-03)
123.25        	4.845347e-05	(0.000000e+00 0.000000e+00 -5.706577e-03)
123.35        	4.846181e-05	(0.000000e+00 0.000000e+00 -5.706577e-03)
123.45        	4.846975e-05	(0.000000e+00 0.000000e+00 -5.706577e-03)
123.55        	4.847585e-05	(0.000000e+00 0.000000e+00 -5.706577e-03)
123.65        	4.848227e-05	(0.000000e+00 0.000000e+00 -5.706577e-03)
123.75        	4.848983e-05	(0.000000e+00 0.000000e+00 -5.706577e-03)
123.85        	4.849732e-05	(0.000000e+00 0.000000e+00 -5.706577e-03)
123.95        	4.850516e-05	(0.000000e+00 0.000000e+00 -5.706577e-03)
124.05        	4.851475e-05	(0.000000e+00 0.000000e+00 -5.706577e-03)
124.15        	4.852305e-05	(0.000000e+00 0.000000e+00 -5.706577e-03)
124.25        	4.852969e-05	(0.000000e+00 0.000000e+00 -5.706577e-03)
124.35        	4.853635e-05	(0.000000e+00 0.000000e+00 -5.706577e-03)
124.45        	4.854344e-05	(0.000000e+00 0.000000e+00 -5.706577e-03)
124.55        	4.855005e-05	(0.000000e+00 0.000000e+00 -5.706577e-03)
124.65        	4.855772e-05	(0.000000e+00 0.000000e+00 -5.706577e-03)
124.75        	4.856439e-05	(0.000000e+00 0.000000e+00 -5.706577e-03)
124.85        	4.857113e-05	(0.000000e+00 0.000000e+00 -5.706577e-03)
124.95        	4.857734e-05	(0.000000e+00 0.000000e+00 -5.706577e-03)
125.05        	4.858262e-05	(0.000000e+00 0.000000e+00 -5.706577e-03)
125.15        	4.859014e-05	(0.000000e+00 0.000000e+00 -5.706577e-03)
125.25        	4.859780e-05	(0.000000e+00 0.000000e+00 -5.706577e-03)
125.35        	4.860622e-05	(0.000000e+00 0.000000e+00 -5.706577e-03)
125.45        	4.861490e-05	(0.000000e+00 0.000000e+00 -5.706577e-03)
125.55        	4.862219e-05	(0.000000e+00 0.000000e+00 -5.706577e-03)
125.65        	4.862824e-05	(0.000000e+00 0.000000e+00 -5.706577e-03)
125.75        	4.863482e-05	(0.000000e+00 0.000000e+00 -5.706577e-03)
125.85        	4.864368e-05	(0.000000e+00 0.000000e+00 -5.706577e-03)
125.95        	4.865165e-05	(0.000000e+00 0.000000e+00 -5.706577e-03)
126.05        	4.865980e-05	(0.000000e+00 0.000000e+00 -5.706577e-03)
126.15        	4.866782e-05	(0.000000e+00 0.000000e+00 -5.706577e-03)
126.25        	4.867641e-05	(0.000000e+00 0.000000e+00 -5.706577e-03)
126.35        	4.868503e-05	(0.000000e+00 0.000000e+00 -5.706577e-03)
126.45        	4.869206e-05	(0.000000e+00 0.000000e+00 -5.706577e-03)
126.55        	4.869934e-05	(0.000000e+00 0.000000e+00 -5.706577e-03)
126.65        	4.870574e-05	(0.000000e+00 0.000000e+00 -5.706577e-03)
126.75        	4.871265e-05	(0.000000e+00 0.000000e+00 -5.706577e-03)
126.85        	4.872018e-05	(0.000000e+00 0.000000e+00 -5.706577e-03)
126.95        	4.872701e-05	(0.000000e+00 0.000000e+00 -5.706577e-03)
127.05        	4.873487e-05	(0.000000e+00 0.000000e+00 -5.706577e-03)
127.15        	4.874214e-05	(0.000000e+00 0.000000e+00 -5.706577e-03)
127.25        	4.875025e-05	(0.000000e+00 0.000000e+00 -5.706577e-03)
127.35        	4.875569e-05	(0.000000e+00 0.000000e+00 -5.706577e-03)
127.45        	4.876205e-05	(0.000000e+00 0.000000e+00 -5.706577e-03)
127.55        	4.877003e-05	(0.000000e+00 0.000000e+00 -5.706577e-03)
127.65        	4.877744e-05	(0.000000e+00 0.000000e+00 -5.706577e-03)
127.75        	4.878411e-05	(0.000000e+00 0.000000e+00 -5.706577e-03)
127.85        	4.879190e-05	(0.000000e+00 0.000000e+00 -5.706577e-03)
127.95        	4.880076e-05	(0.000000e+00 0.000000e+00 -5.706577e-03)
128.05        	4.880955e-05	(0.000000e+00 0.000000e+00 -5.706577e-03)
128.15        	4.881562e-05	(0.000000e+00 0.000000e+00 -5.706577e-03)
128.25        	4.882218e-05	(0.000000e+00 0.000000e+00 -5.706577e-03)
128.35        	4.882966e-05	(0.000000e+00 0.000000e+00 -5.706577e-03)
128.45        	4.883607e-05	(0.000000e+00 0.000000e+00 -5.706577e-03)
128.55        	4.884325e-05	(0.000000e+00 0.000000e+00 -5.706577e-03)
128.65        	4.885131e-05	(0.000000e+00 0.000000e+00 -5.706577e-03)
128.75        	4.885737e-05	(0.000000e+00 0.000000e+00 -5.706577e-03)
128.85        	4.886344e-05	(0.000000e+00 0.000000e+00 -5.706577e-03)
128.95        	4.887016e-05	(0.000000e+00 0.000000e+00 -5.706577e-03)
129.05        	4.887672e-05	(0.000000e+00 0.000000e+00 -5.706577e-03)
129.15        	4.888286e-05	(0.000000e+00 0.000000e+00 -5.706577e-03)
129.25        	4.888933e-05	(0.000000e+00 0.000000e+00 -5.706577e-03)
129.35        	4.889632e-05	(0.000000e+00 0.000000e+00 -5.706577e-03)
129.45        	4.890348e-05	(0.000000e+00 0.000000e+00 -5.706577e-03)
129.55        	4.891120e-05	(0.000000e+00 0.000000e+00 -5.706577e-03)
129.65        	4.891896e-05	(0.000000e+00 0.000000e+00 -5.706577e-03)
129.75        	4.892728e-05	(0.000000e+00 0.000000e+00 -5.706577e-03)
129.85        	4.893437e-05	(0.000000e+00 0.000000e+00 -5.706577e-03)
129.95        	4.894103e-05	(0.000000e+00 0.000000e+00 -5.706577e-03)
130.05        	4.894749e-05	(0.000000e+00 0.000000e+00 -5.706577e-03)
130.15        	4.895445e-05	(0.000000e+00 0.000000e+00 -5.706577e-03)
130.25        	4.896189e-05	(0.000000e+00 0.000000e+00 -5.706577e-03)
130.35        	4.896923e-05	(0.000000e+00 0.000000e+00 -5.706577e-03)
130.45        	4.897663e-05	(0.000000e+00 0.000000e+00 -5.706577e-03)
130.55        	4.898315e-05	(0.000000e+00 0.000000e+00 -5.706577e-03)
130.65        	4.899129e-05	(0.000000e+00 0.000000e+00 -5.706577e-03)
130.75        	4.899853e-05	(0.000000e+00 0.000000e+00 -5.706577e-03)
130.85        	4.900602e-05	(0.000000e+00 0.000000e+00 -5.706577e-03)
130.95        	4.901291e-05	(0.000000e+00 0.000000e+00 -5.706577e-03)
131.05        	4.901987e-05	(0.000000e+00 0.000000e+00 -5.706577e-03)
131.15        	4.902754e-05	(0.000000e+00 0.000000e+00 -5.706577e-03)
131.25        	4.903546e-05	(0.000000e+00 0.000000e+00 -5.706577e-03)
131.35        	4.904270e-05	(0.000000e+00 0.000000e+00 -5.706577e-03)
131.45        	4.905007e-05	(0.000000e+00 0.000000e+00 -5.706577e-03)
131.55        	4.905611e-05	(0.000000e+00 0.000000e+00 -5.706577e-03)
131.65        	4.906304e-05	(0.000000e+00 0.000000e+00 -5.706577e-03)
131.75        	4.907040e-05	(0.000000e+00 0.000000e+00 -5.706577e-03)
131.85        	4.907794e-05	(0.000000e+00 0.000000e+00 -5.706577e-03)
131.95        	4.908452e-05	(0.000000e+00 0.000000e+00 -5.706577e-03)
132.05        	4.909090e-05	(0.000000e+00 0.000000e+00 -5.706577e-03)
132.15        	4.909767e-05	(0.000000e+00 0.000000e+00 -5.706577e-03)
132.25        	4.910521e-05	(0.000000e+00 0.000000e+00 -5.706577e-03)
132.35        	4.911223e-05	(0.000000e+00 0.000000e+00 -5.706577e-03)
132.45        	4.911886e-05	(0.000000e+00 0.000000e+00 -5.706577e-03)
132.55        	4.912652e-05	(0.000000e+00 0.000000e+00 -5.706577e-03)
132.65        	4.913410e-05	(0.000000e+00 0.000000e+00 -5.706577e-03)
132.75        	4.914172e-05	(0.000000e+00 0.000000e+00 -5.706577e-03)
132.85        	4.914859e-05	(0.000000e+00 0.000000e+00 -5.706577e-03)
132.95        	4.915595e-05	(0.000000e+00 0.000000e+00 -5.706577e-03)
133.05        	4.916247e-05	(0.000000e+00 0.000000e+00 -5.706577e-03)
133.15        	4.916823e-05	(0.000000e+00 0.000000e+00 -5.706577e-03)
133.25        	4.917469e-05	(0.000000e+00 0.000000e+00 -5.706577e-03)
133.35        	4.918180e-05	(0.000000e+00 0.000000e+00 -5.706577e-03)
133.45        	4.918813e-05	(0.000000e+00 0.000000e+00 -5.706577e-03)
133.55        	4.919453e-05	(0.000000e+00 0.000000e+00 -5.706577e-03)
133.65        	4.920119e-05	(0.000000e+00 0.000000e+00 -5.706577e-03)
133.75        	4.920749e-05	(0.000000e+00 0.000000e+00 -5.706577e-03)
133.85        	4.921517e-05	(0.000000e+00 0.000000e+00 -5.706577e-03)
133.95        	4.922324e-05	(0.000000e+00 0.000000e+00 -5.706577e-03)
134.05        	4.923113e-05	(0.000000e+00 0.000000e+00 -5.706577e-03)
134.15        	4.923732e-05	(0.000000e+00 0.000000e+00 -5.706577e-03)
134.25        	4.924341e-05	(0.000000e+00 0.000000e+00 -5.706577e-03)
134.35        	4.924999e-05	(0.000000e+00 0.000000e+00 -5.706577e-03)
134.45        	4.925516e-05	(0.000000e+00 0.000000e+00 -5.706577e-03)
134.55        	4.926223e-05	(0.000000e+00 0.000000e+00 -5.706577e-03)
134.65        	4.927135e-05	(0.000000e+00 0.000000e+00 -5.706577e-03)
134.75        	4.927858e-05	(0.000000e+00 0.000000e+00 -5.706577e-03)
134.85        	4.928511e-05	(0.000000e+00 0.000000e+00 -5.706577e-03)
134.95        	4.929219e-05	(0.000000e+00 0.000000e+00 -5.706577e-03)
135.05        	4.929920e-05	(0.000000e+00 0.000000e+00 -5.706577e-03)
135.15        	4.930639e-05	(0.000000e+00 0.000000e+00 -5.706577e-03)
135.25        	4.931293e-05	(0.000000e+00 0.000000e+00 -5.706577e-03)
135.35        	4.931964e-05	(0.000000e+00 0.000000e+00 -5.706577e-03)
135.45        	4.932553e-05	(0.000000e+00 0.000000e+00 -5.706577e-03)
135.55        	4.933127e-05	(0.000000e+00 0.000000e+00 -5.706577e-03)
135.65        	4.933787e-05	(0.000000e+00 0.000000e+00 -5.706577e-03)
135.75        	4.934307e-05	(0.000000e+00 0.000000e+00 -5.706577e-03)
135.85        	4.934943e-05	(0.000000e+00 0.000000e+00 -5.706577e-03)
135.95        	4.935652e-05	(0.000000e+00 0.000000e+00 -5.706577e-03)
136.05        	4.936394e-05	(0.000000e+00 0.000000e+00 -5.706577e-03)
136.15        	4.936993e-05	(0.000000e+00 0.000000e+00 -5.706577e-03)
136.25        	4.937493e-05	(0.000000e+00 0.000000e+00 -5.706577e-03)
136.35        	4.938154e-05	(0.000000e+00 0.000000e+00 -5.706577e-03)
136.45        	4.938780e-05	(0.000000e+00 0.000000e+00 -5.706577e-03)
136.55        	4.939348e-05	(0.000000e+00 0.000000e+00 -5.706577e-03)
136.65        	4.939961e-05	(0.000000e+00 0.000000e+00 -5.706577e-03)
136.75        	4.940519e-05	(0.000000e+00 0.000000e+00 -5.706577e-03)
136.85        	4.941078e-05	(0.000000e+00 0.000000e+00 -5.706577e-03)
136.95        	4.941612e-05	(0.000000e+00 0.000000e+00 -5.706577e-03)
137.05        	4.942259e-05	(0.000000e+00 0.000000e+00 -5.706577e-03)
137.15        	4.942988e-05	(0.000000e+00 0.000000e+00 -5.706577e-03)
137.25        	4.943820e-05	(0.000000e+00 0.000000e+00 -5.706577e-03)
137.35        	4.944550e-05	(0.000000e+00 0.000000e+00 -5.706577e-03)
137.45        	4.945297e-05	(0.000000e+00 0.000000e+00 -5.706577e-03)
137.55        	4.945838e-05	(0.000000e+00 0.000000e+00 -5.706577e-03)
137.65        	4.946441e-05	(0.000000e+00 0.000000e+00 -5.706577e-03)
137.75        	4.947208e-05	(0.000000e+00 0.000000e+00 -5.706577e-03)
137.85        	4.947811e-05	(0.000000e+00 0.000000e+00 -5.706577e-03)
137.95        	4.948281e-05	(0.000000e+00 0.000000e+00 -5.706577e-03)
138.05        	4.948882e-05	(0.000000e+00 0.000000e+00 -5.706577e-03)
138.15        	4.949652e-05	(0.000000e+00 0.000000e+00 -5.706577e-03)
138.25        	4.950311e-05	(0.000000e+00 0.000000e+00 -5.706577e-03)
138.35        	4.950981e-05	(0.000000e+00 0.000000e+00 -5.706577e-03)
138.45        	4.951652e-05	(0.000000e+00 0.000000e+00 -5.706577e-03)
138.55        	4.952231e-05	(0.000000e+00 0.000000e+00 -5.706577e-03)
138.65        	4.952850e-05	(0.000000e+00 0.000000e+00 -5.706577e-03)
138.75        	4.953443e-05	(0.000000e+00 0.000000e+00 -5.706577e-03)
138.85        	4.954266e-05	(0.000000e+00 0.000000e+00 -5.706577e-03)
138.95        	4.955056e-05	(0.000000e+00 0.000000e+00 -5.706577e-03)
139.05        	4.955845e-05	(0.000000e+00 0.000000e+00 -5.706577e-03)
139.15        	4.956519e-05	(0.000000e+00 0.000000e+00 -5.706577e-03)
139.25        	4.957247e-05	(0.000000e+00 0.000000e+00 -5.706577e-03)
139.35        	4.957922e-05	(0.000000e+00 0.000000e+00 -5.706577e-03)
139.45        	4.958365e-05	(0.000000e+00 0.000000e+00 -5.706577e-03)
139.55        	4.958900e-05	(0.000000e+00 0.000000e+00 -5.706577e-03)
139.65        	4.959655e-05	(0.000000e+00 0.000000e+00 -5.706577e-03)
139.75        	4.960221e-05	(0.000000e+00 0.000000e+00 -5.706577e-03)
139.85        	4.961058e-05	(0.000000e+00 0.000000e+00 -5.706577e-03)
139.95        	4.961568e-05	(0.000000e+00 0.000000e+00 -5.706577e-03)
140.05        	4.961990e-05	(0.000000e+00 0.000000e+00 -5.706577e-03)
140.15        	4.962617e-05	(0.000000e+00 0.000000e+00 -5.706577e-03)
140.25        	4.963336e-05	(0.000000e+00 0.000000e+00 -5.706577e-03)
140.35        	4.963743e-05	(0.000000e+00 0.000000e+00 -5.706577e-03)
140.45        	4.964061e-05	(0.000000e+00 0.000000e+00 -5.706577e-03)
140.55        	4.964492e-05	(0.000000e+00 0.000000e+00 -5.706577e-03)
140.65        	4.965239e-05	(0.000000e+00 0.000000e+00 -5.706577e-03)
140.75        	4.965988e-05	(0.000000e+00 0.000000e+00 -5.706577e-03)
140.85        	4.966731e-05	(0.000000e+00 0.000000e+00 -5.706577e-03)
140.95        	4.967482e-05	(0.000000e+00 0.000000e+00 -5.706577e-03)
141.05        	4.968283e-05	(0.000000e+00 0.000000e+00 -5.706577e-03)
141.15        	4.968893e-05	(0.000000e+00 0.000000e+00 -5.706577e-03)
141.25        	4.969607e-05	(0.000000e+00 0.000000e+00 -5.706577e-03)
141.35        	4.970382e-05	(0.000000e+00 0.000000e+00 -5.706577e-03)
141.45        	4.971155e-05	(0.000000e+00 0.000000e+00 -5.706577e-03)
141.55        	4.971699e-05	(0.000000e+00 0.000000e+00 -5.706577e-03)
141.65        	4.972276e-05	(0.000000e+00 0.000000e+00 -5.706577e-03)
141.75        	4.972854e-05	(0.000000e+00 0.000000e+00 -5.706577e-03)
141.85        	4.973509e-05	(0.000000e+00 0.000000e+00 -5.706577e-03)
141.95        	4.974165e-05	(0.000000e+00 0.000000e+00 -5.706577e-03)
142.05        	4.974813e-05	(0.000000e+00 0.000000e+00 -5.706577e-03)
142.15        	4.975362e-05	(0.000000e+00 0.000000e+00 -5.706577e-03)
142.25        	4.975889e-05	(0.000000e+00 0.000000e+00 -5.706577e-03)
142.35        	4.976568e-05	(0.000000e+00 0.000000e+00 -5.706577e-03)
142.45        	4.977219e-05	(0.000000e+00 0.000000e+00 -5.706577e-03)
142.55        	4.977784e-05	(0.000000e+00 0.000000e+00 -5.706577e-03)
142.65        	4.978460e-05	(0.000000e+00 0.000000e+00 -5.706577e-03)
142.75        	4.979123e-05	(0.000000e+00 0.000000e+00 -5.706577e-03)
142.85        	4.979675e-05	(0.000000e+00 0.000000e+00 -5.706577e-03)
142.95        	4.980278e-05	(0.000000e+00 0.000000e+00 -5.706577e-03)
143.05        	4.980995e-05	(0.000000e+00 0.000000e+00 -5.706577e-03)
143.15        	4.981727e-05	(0.000000e+00 0.000000e+00 -5.706577e-03)
143.25        	4.982488e-05	(0.000000e+00 0.000000e+00 -5.706577e-03)
143.35        	4.983156e-05	(0.000000e+00 0.000000e+00 -5.706577e-03)
143.45        	4.983796e-05	(0.000000e+00 0.000000e+00 -5.706577e-03)
143.55        	4.984452e-05	(0.000000e+00 0.000000e+00 -5.706577e-03)
143.65        	4.985052e-05	(0.000000e+00 0.000000e+00 -5.706577e-03)
143.75        	4.985707e-05	(0.000000e+00 0.000000e+00 -5.706577e-03)
143.85        	4.986348e-05	(0.000000e+00 0.000000e+00 -5.706577e-03)
143.95        	4.987056e-05	(0.000000e+00 0.000000e+00 -5.706577e-03)
144.05        	4.987671e-05	(0.000000e+00 0.000000e+00 -5.706577e-03)
144.15        	4.988124e-05	(0.000000e+00 0.000000e+00 -5.706577e-03)
144.25        	4.988649e-05	(0.000000e+00 0.000000e+00 -5.706577e-03)
144.35        	4.989297e-05	(0.000000e+00 0.000000e+00 -5.706577e-03)
144.45        	4.989949e-05	(0.000000e+00 0.000000e+00 -5.706577e-03)
144.55        	4.990702e-05	(0.000000e+00 0.000000e+00 -5.706577e-03)
144.65        	4.991160e-05	(0.000000e+00 0.000000e+00 -5.706577e-03)
144.75        	4.991715e-05	(0.000000e+00 0.000000e+00 -5.706577e-03)
144.85        	4.992230e-05	(0.000000e+00 0.000000e+00 -5.706577e-03)
144.95        	4.992714e-05	(0.000000e+00 0.000000e+00 -5.706577e-03)
145.05        	4.993296e-05	(0.000000e+00 0.000000e+00 -5.706577e-03)
145.15        	4.993854e-05	(0.000000e+00 0.000000e+00 -5.706577e-03)
145.25        	4.994549e-05	(0.000000e+00 0.000000e+00 -5.706577e-03)
145.35        	4.995222e-05	(0.000000e+00 0.000000e+00 -5.706577e-03)
145.45        	4.995921e-05	(0.000000e+00 0.000000e+00 -5.706577e-03)
145.55        	4.996654e-05	(0.000000e+00 0.000000e+00 -5.706577e-03)
145.65        	4.997205e-05	(0.000000e+00 0.000000e+00 -5.706577e-03)
145.75        	4.997825e-05	(0.000000e+00 0.000000e+00 -5.706577e-03)
145.85        	4.998392e-05	(0.000000e+00 0.000000e+00 -5.706577e-03)
145.95        	4.999027e-05	(0.000000e+00 0.000000e+00 -5.706577e-03)
146.05        	4.999647e-05	(0.000000e+00 0.000000e+00 -5.706577e-03)
146.15        	5.000393e-05	(0.000000e+00 0.000000e+00 -5.706577e-03)
146.25        	5.000942e-05	(0.000000e+00 0.000000e+00 -5.706577e-03)
146.35        	5.001458e-05	(0.000000e+00 0.000000e+00 -5.706577e-03)
146.45        	5.001965e-05	(0.000000e+00 0.000000e+00 -5.706577e-03)
146.55        	5.002610e-05	(0.000000e+00 0.000000e+00 -5.706577e-03)
146.65        	5.003254e-05	(0.000000e+00 0.000000e+00 -5.706577e-03)
146.75        	5.003844e-05	(0.000000e+00 0.000000e+00 -5.706577e-03)
146.85        	5.004263e-05	(0.000000e+00 0.000000e+00 -5.706577e-03)
146.95        	5.004884e-05	(0.000000e+00 0.000000e+00 -5.706577e-03)
147.05        	5.005594e-05	(0.000000e+00 0.000000e+00 -5.706577e-03)
147.15        	5.006321e-05	(0.000000e+00 0.000000e+00 -5.706577e-03)
147.25        	5.006996e-05	(0.000000e+00 0.000000e+00 -5.706577e-03)
147.35        	5.007516e-05	(0.000000e+00 0.000000e+00 -5.706577e-03)
147.45        	5.007979e-05	(0.000000e+00 0.000000e+00 -5.706577e-03)
147.55        	5.008557e-05	(0.000000e+00 0.000000e+00 -5.706577e-03)
147.65        	5.009146e-05	(0.000000e+00 0.000000e+00 -5.706577e-03)
147.75        	5.009790e-05	(0.000000e+00 0.000000e+00 -5.706577e-03)
147.85        	5.010571e-05	(0.000000e+00 0.000000e+00 -5.706577e-03)
147.95        	5.011030e-05	(0.000000e+00 0.000000e+00 -5.706577e-03)
148.05        	5.011526e-05	(0.000000e+00 0.000000e+00 -5.706577e-03)
148.15        	5.012091e-05	(0.000000e+00 0.000000e+00 -5.706577e-03)
148.25        	5.012738e-05	(0.000000e+00 0.000000e+00 -5.706577e-03)
148.35        	5.013459e-05	(0.000000e+00 0.000000e+00 -5.706577e-03)
148.45        	5.014053e-05	(0.000000e+00 0.000000e+00 -5.706577e-03)
148.55        	5.014681e-05	(0.000000e+00 0.000000e+00 -5.706577e-03)
148.65        	5.015405e-05	(0.000000e+00 0.000000e+00 -5.706577e-03)
148.75        	5.015999e-05	(0.000000e+00 0.000000e+00 -5.706577e-03)
148.85        	5.016547e-05	(0.000000e+00 0.000000e+00 -5.706577e-03)
148.95        	5.017176e-05	(0.000000e+00 0.000000e+00 -5.706577e-03)
149.05        	5.017781e-05	(0.000000e+00 0.000000e+00 -5.706577e-03)
149.15        	5.018466e-05	(0.000000e+00 0.000000e+00 -5.706577e-03)
149.25        	5.019220e-05	(0.000000e+00 0.000000e+00 -5.706577e-03)
149.35        	5.019836e-05	(0.000000e+00 0.000000e+00 -5.706577e-03)
149.45        	5.020360e-05	(0.000000e+00 0.000000e+00 -5.706577e-03)
149.55        	5.020894e-05	(0.000000e+00 0.000000e+00 -5.706577e-03)
149.65        	5.021515e-05	(0.000000e+00 0.000000e+00 -5.706577e-03)
149.75        	5.022040e-05	(0.000000e+00 0.000000e+00 -5.706577e-03)
149.85        	5.022534e-05	(0.000000e+00 0.000000e+00 -5.706577e-03)
149.95        	5.023200e-05	(0.000000e+00 0.000000e+00 -5.706577e-03)
150.05        	5.023884e-05	(0.000000e+00 0.000000e+00 -5.706577e-03)
150.15        	5.024530e-05	(0.000000e+00 0.000000e+00 -5.706577e-03)
150.25        	5.024931e-05	(0.000000e+00 0.000000e+00 -5.706577e-03)
150.35        	5.025509e-05	(0.000000e+00 0.000000e+00 -5.706577e-03)
150.45        	5.026161e-05	(0.000000e+00 0.000000e+00 -5.706577e-03)
150.55        	5.026653e-05	(0.000000e+00 0.000000e+00 -5.706577e-03)
150.65        	5.027180e-05	(0.000000e+00 0.000000e+00 -5.706577e-03)
150.75        	5.027706e-05	(0.000000e+00 0.000000e+00 -5.706577e-03)
150.85        	5.028370e-05	(0.000000e+00 0.000000e+00 -5.706577e-03)
150.95        	5.029025e-05	(0.000000e+00 0.000000e+00 -5.706577e-03)
151.05        	5.029569e-05	(0.000000e+00 0.000000e+00 -5.706577e-03)
151.15        	5.030158e-05	(0.000000e+00 0.000000e+00 -5.706577e-03)
151.25        	5.030784e-05	(0.000000e+00 0.000000e+00 -5.706577e-03)
151.35        	5.031370e-05	(0.000000e+00 0.000000e+00 -5.706577e-03)
151.45        	5.032005e-05	(0.000000e+00 0.000000e+00 -5.706577e-03)
151.55        	5.032743e-05	(0.000000e+00 0.000000e+00 -5.706577e-03)
151.65        	5.033263e-05	(0.000000e+00 0.000000e+00 -5.706577e-03)
151.75        	5.033940e-05	(0.000000e+00 0.000000e+00 -5.706577e-03)
151.85        	5.034627e-05	(0.000000e+00 0.000000e+00 -5.706577e-03)
151.95        	5.035279e-05	(0.000000e+00 0.000000e+00 -5.706577e-03)
152.05        	5.035761e-05	(0.000000e+00 0.000000e+00 -5.706577e-03)
152.15        	5.036343e-05	(0.000000e+00 0.000000e+00 -5.706577e-03)
152.25        	5.036778e-05	(0.000000e+00 0.000000e+00 -5.706577e-03)
152.35        	5.037253e-05	(0.000000e+00 0.000000e+00 -5.706577e-03)
152.45        	5.037862e-05	(0.000000e+00 0.000000e+00 -5.706577e-03)
152.55        	5.038445e-05	(0.000000e+00 0.000000e+00 -5.706577e-03)
152.65        	5.038906e-05	(0.000000e+00 0.000000e+00 -5.706577e-03)
152.75        	5.039661e-05	(0.000000e+00 0.000000e+00 -5.706577e-03)
152.85        	5.040387e-05	(0.000000e+00 0.000000e+00 -5.706577e-03)
152.95        	5.040999e-05	(0.000000e+00 0.000000e+00 -5.706577e-03)
153.05        	5.041621e-05	(0.000000e+00 0.000000e+00 -5.706577e-03)
153.15        	5.042158e-05	(0.000000e+00 0.000000e+00 -5.706577e-03)
153.25        	5.042663e-05	(0.000000e+00 0.000000e+00 -5.706577e-03)
153.35        	5.043212e-05	(0.000000e+00 0.000000e+00 -5.706577e-03)
153.45        	5.043864e-05	(0.000000e+00 0.000000e+00 -5.706577e-03)
153.55        	5.044384e-05	(0.000000e+00 0.000000e+00 -5.706577e-03)
153.65        	5.044888e-05	(0.000000e+00 0.000000e+00 -5.706577e-03)
153.75        	5.045391e-05	(0.000000e+00 0.000000e+00 -5.706577e-03)
153.85        	5.045938e-05	(0.000000e+00 0.000000e+00 -5.706577e-03)
153.95        	5.046505e-05	(0.000000e+00 0.000000e+00 -5.706577e-03)
154.05        	5.047195e-05	(0.000000e+00 0.000000e+00 -5.706577e-03)
154.15        	5.047761e-05	(0.000000e+00 0.000000e+00 -5.706577e-03)
154.25        	5.048401e-05	(0.000000e+00 0.000000e+00 -5.706577e-03)
154.35        	5.049093e-05	(0.000000e+00 0.000000e+00 -5.706577e-03)
154.45        	5.049744e-05	(0.000000e+00 0.000000e+00 -5.706577e-03)
154.55        	5.050225e-05	(0.000000e+00 0.000000e+00 -5.706577e-03)
154.65        	5.050815e-05	(0.000000e+00 0.000000e+00 -5.706577e-03)
154.75        	5.051426e-05	(0.000000e+00 0.000000e+00 -5.706577e-03)
154.85        	5.052179e-05	(0.000000e+00 0.000000e+00 -5.706577e-03)
154.95        	5.052838e-05	(0.000000e+00 0.000000e+00 -5.706577e-03)
155.05        	5.053347e-05	(0.000000e+00 0.000000e+00 -5.706577e-03)
155.15        	5.054091e-05	(0.000000e+00 0.000000e+00 -5.706577e-03)
155.25        	5.054891e-05	(0.000000e+00 0.000000e+00 -5.706577e-03)
155.35        	5.055224e-05	(0.000000e+00 0.000000e+00 -5.706577e-03)
155.45        	5.055572e-05	(0.000000e+00 0.000000e+00 -5.706577e-03)
155.55        	5.056019e-05	(0.000000e+00 0.000000e+00 -5.706577e-03)
155.65        	5.056679e-05	(0.000000e+00 0.000000e+00 -5.706577e-03)
155.75        	5.057303e-05	(0.000000e+00 0.000000e+00 -5.706577e-03)
155.85        	5.057591e-05	(0.000000e+00 0.000000e+00 -5.706577e-03)
155.95        	5.058059e-05	(0.000000e+00 0.000000e+00 -5.706577e-03)
156.05        	5.058730e-05	(0.000000e+00 0.000000e+00 -5.706577e-03)
156.15        	5.059426e-05	(0.000000e+00 0.000000e+00 -5.706577e-03)
156.25        	5.059972e-05	(0.000000e+00 0.000000e+00 -5.706577e-03)
156.35        	5.060532e-05	(0.000000e+00 0.000000e+00 -5.706577e-03)
156.45        	5.061033e-05	(0.000000e+00 0.000000e+00 -5.706577e-03)
156.55        	5.061692e-05	(0.000000e+00 0.000000e+00 -5.706577e-03)
156.65        	5.062304e-05	(0.000000e+00 0.000000e+00 -5.706577e-03)
156.75        	5.062905e-05	(0.000000e+00 0.000000e+00 -5.706577e-03)
156.85        	5.063444e-05	(0.000000e+00 0.000000e+00 -5.706577e-03)
156.95        	5.064119e-05	(0.000000e+00 0.000000e+00 -5.706577e-03)
157.05        	5.064842e-05	(0.000000e+00 0.000000e+00 -5.706577e-03)
157.15        	5.065516e-05	(0.000000e+00 0.000000e+00 -5.706577e-03)
157.25        	5.065953e-05	(0.000000e+00 0.000000e+00 -5.706577e-03)
157.35        	5.066376e-05	(0.000000e+00 0.000000e+00 -5.706577e-03)
157.45        	5.066890e-05	(0.000000e+00 0.000000e+00 -5.706577e-03)
157.55        	5.067589e-05	(0.000000e+00 0.000000e+00 -5.706577e-03)
157.65        	5.068130e-05	(0.000000e+00 0.000000e+00 -5.706577e-03)
157.75        	5.068772e-05	(0.000000e+00 0.000000e+00 -5.706577e-03)
157.85        	5.069340e-05	(0.000000e+00 0.000000e+00 -5.706577e-03)
157.95        	5.069997e-05	(0.000000e+00 0.000000e+00 -5.706577e-03)
158.05        	5.070582e-05	(0.000000e+00 0.000000e+00 -5.706577e-03)
158.15        	5.071069e-05	(0.000000e+00 0.000000e+00 -5.706577e-03)
158.25        	5.071555e-05	(0.000000e+00 0.000000e+00 -5.706577e-03)
158.35        	5.072146e-05	(0.000000e+00 0.000000e+00 -5.706577e-03)
158.45        	5.072776e-05	(0.000000e+00 0.000000e+00 -5.706577e-03)
158.55        	5.073279e-05	(0.000000e+00 0.000000e+00 -5.706577e-03)
158.65        	5.073681e-05	(0.000000e+00 0.000000e+00 -5.706577e-03)
158.75        	5.074059e-05	(0.000000e+00 0.000000e+00 -5.706577e-03)
158.85        	5.074447e-05	(0.000000e+00 0.000000e+00 -5.706577e-03)
158.95        	5.074827e-05	(0.000000e+00 0.000000e+00 -5.706577e-03)
159.05        	5.075394e-05	(0.000000e+00 0.000000e+00 -5.706577e-03)
159.15        	5.075992e-05	(0.000000e+00 0.000000e+00 -5.706577e-03)
159.25        	5.076614e-05	(0.000000e+00 0.000000e+00 -5.706577e-03)
159.35        	5.077180e-05	(0.000000e+00 0.000000e+00 -5.706577e-03)
159.45        	5.077819e-05	(0.000000e+00 0.000000e+00 -5.706577e-03)
159.55        	5.078565e-05	(0.000000e+00 0.000000e+00 -5.706577e-03)
159.65        	5.079126e-05	(0.000000e+00 0.000000e+00 -5.706577e-03)
159.75        	5.079589e-05	(0.000000e+00 0.000000e+00 -5.706577e-03)
159.85        	5.080068e-05	(0.000000e+00 0.000000e+00 -5.706577e-03)
159.95        	5.080640e-05	(0.000000e+00 0.000000e+00 -5.706577e-03)
160.05        	5.081243e-05	(0.000000e+00 0.000000e+00 -5.706577e-03)
160.15        	5.081883e-05	(0.000000e+00 0.000000e+00 -5.706577e-03)
160.25        	5.082368e-05	(0.000000e+00 0.000000e+00 -5.706577e-03)
160.35        	5.082929e-05	(0.000000e+00 0.000000e+00 -5.706577e-03)
160.45        	5.083481e-05	(0.000000e+00 0.000000e+00 -5.706577e-03)
160.55        	5.083837e-05	(0.000000e+00 0.000000e+00 -5.706577e-03)
160.65        	5.084289e-05	(0.000000e+00 0.000000e+00 -5.706577e-03)
160.75        	5.084825e-05	(0.000000e+00 0.000000e+00 -5.706577e-03)
160.85        	5.085542e-05	(0.000000e+00 0.000000e+00 -5.706577e-03)
160.95        	5.086079e-05	(0.000000e+00 0.000000e+00 -5.706577e-03)
161.05        	5.086660e-05	(0.000000e+00 0.000000e+00 -5.706577e-03)
161.15        	5.087175e-05	(0.000000e+00 0.000000e+00 -5.706577e-03)
161.25        	5.087628e-05	(0.000000e+00 0.000000e+00 -5.706577e-03)
161.35        	5.088127e-05	(0.000000e+00 0.000000e+00 -5.706577e-03)
161.45        	5.088704e-05	(0.000000e+00 0.000000e+00 -5.706577e-03)
161.55        	5.089279e-05	(0.000000e+00 0.000000e+00 -5.706577e-03)
161.65        	5.090064e-05	(0.000000e+00 0.000000e+00 -5.706577e-03)
161.75        	5.090814e-05	(0.000000e+00 0.000000e+00 -5.706577e-03)
161.85        	5.091439e-05	(0.000000e+00 0.000000e+00 -5.706577e-03)
161.95        	5.092031e-05	(0.000000e+00 0.000000e+00 -5.706577e-03)
162.05        	5.092680e-05	(0.000000e+00 0.000000e+00 -5.706577e-03)
162.15        	5.093306e-05	(0.000000e+00 0.000000e+00 -5.706577e-03)
162.25        	5.093839e-05	(0.000000e+00 0.000000e+00 -5.706577e-03)
162.35        	5.094542e-05	(0.000000e+00 0.000000e+00 -5.706577e-03)
162.45        	5.095227e-05	(0.000000e+00 0.000000e+00 -5.706577e-03)
162.55        	5.095863e-05	(0.000000e+00 0.000000e+00 -5.706577e-03)
162.65        	5.096397e-05	(0.000000e+00 0.000000e+00 -5.706577e-03)
162.75        	5.096898e-05	(0.000000e+00 0.000000e+00 -5.706577e-03)
162.85        	5.097354e-05	(0.000000e+00 0.000000e+00 -5.706577e-03)
162.95        	5.097860e-05	(0.000000e+00 0.000000e+00 -5.706577e-03)
163.05        	5.098302e-05	(0.000000e+00 0.000000e+00 -5.706577e-03)
163.15        	5.098760e-05	(0.000000e+00 0.000000e+00 -5.706577e-03)
163.25        	5.099317e-05	(0.000000e+00 0.000000e+00 -5.706577e-03)
163.35        	5.099814e-05	(0.000000e+00 0.000000e+00 -5.706577e-03)
163.45        	5.100314e-05	(0.000000e+00 0.000000e+00 -5.706577e-03)
163.55        	5.100812e-05	(0.000000e+00 0.000000e+00 -5.706577e-03)
163.65        	5.101357e-05	(0.000000e+00 0.000000e+00 -5.706577e-03)
163.75        	5.101919e-05	(0.000000e+00 0.000000e+00 -5.706577e-03)
163.85        	5.102423e-05	(0.000000e+00 0.000000e+00 -5.706577e-03)
163.95        	5.102786e-05	(0.000000e+00 0.000000e+00 -5.706577e-03)
164.05        	5.103216e-05	(0.000000e+00 0.000000e+00 -5.706577e-03)
164.15        	5.103811e-05	(0.000000e+00 0.000000e+00 -5.706577e-03)
164.25        	5.104273e-05	(0.000000e+00 0.000000e+00 -5.706577e-03)
164.35        	5.104711e-05	(0.000000e+00 0.000000e+00 -5.706577e-03)
164.45        	5.105228e-05	(0.000000e+00 0.000000e+00 -5.706577e-03)
164.55        	5.105908e-05	(0.000000e+00 0.000000e+00 -5.706577e-03)
164.65        	5.106699e-05	(0.000000e+00 0.000000e+00 -5.706577e-03)
164.75        	5.107296e-05	(0.000000e+00 0.000000e+00 -5.706577e-03)
164.85        	5.107726e-05	(0.000000e+00 0.000000e+00 -5.706577e-03)
164.95        	5.108169e-05	(0.000000e+00 0.000000e+00 -5.706577e-03)
165.05        	5.108741e-05	(0.000000e+00 0.000000e+00 -5.706577e-03)
165.15        	5.109306e-05	(0.000000e+00 0.000000e+00 -5.706577e-03)
165.25        	5.109926e-05	(0.000000e+00 0.000000e+00 -5.706577e-03)
165.35        	5.110594e-05	(0.000000e+00 0.000000e+00 -5.706577e-03)
165.45        	5.111180e-05	(0.000000e+00 0.000000e+00 -5.706577e-03)
165.55        	5.111789e-05	(0.000000e+00 0.000000e+00 -5.706577e-03)
165.65        	5.112317e-05	(0.000000e+00 0.000000e+00 -5.706577e-03)
165.75        	5.112707e-05	(0.000000e+00 0.000000e+00 -5.706577e-03)
165.85        	5.113209e-05	(0.000000e+00 0.000000e+00 -5.706577e-03)
165.95        	5.113766e-05	(0.000000e+00 0.000000e+00 -5.706577e-03)
166.05        	5.114328e-05	(0.000000e+00 0.000000e+00 -5.706577e-03)
166.15        	5.114773e-05	(0.000000e+00 0.000000e+00 -5.706577e-03)
166.25        	5.115238e-05	(0.000000e+00 0.000000e+00 -5.706577e-03)
166.35        	5.115690e-05	(0.000000e+00 0.000000e+00 -5.706577e-03)
166.45        	5.116277e-05	(0.000000e+00 0.000000e+00 -5.706577e-03)
166.55        	5.116844e-05	(0.000000e+00 0.000000e+00 -5.706577e-03)
166.65        	5.117375e-05	(0.000000e+00 0.000000e+00 -5.706577e-03)
166.75        	5.117893e-05	(0.000000e+00 0.000000e+00 -5.706577e-03)
166.85        	5.118380e-05	(0.000000e+00 0.000000e+00 -5.706577e-03)
166.95        	5.118802e-05	(0.000000e+00 0.000000e+00 -5.706577e-03)
167.05        	5.119203e-05	(0.000000e+00 0.000000e+00 -5.706577e-03)
167.15        	5.119660e-05	(0.000000e+00 0.000000e+00 -5.706577e-03)
167.25        	5.120315e-05	(0.000000e+00 0.000000e+00 -5.706577e-03)
167.35        	5.120942e-05	(0.000000e+00 0.000000e+00 -5.706577e-03)
167.45        	5.121481e-05	(0.000000e+00 0.000000e+00 -5.706577e-03)
167.55        	5.121988e-05	(0.000000e+00 0.000000e+00 -5.706577e-03)
167.65        	5.122535e-05	(0.000000e+00 0.000000e+00 -5.706577e-03)
167.75        	5.123085e-05	(0.000000e+00 0.000000e+00 -5.706577e-03)
167.85        	5.123716e-05	(0.000000e+00 0.000000e+00 -5.706577e-03)
167.95        	5.124412e-05	(0.000000e+00 0.000000e+00 -5.706577e-03)
168.05        	5.124844e-05	(0.000000e+00 0.000000e+00 -5.706577e-03)
168.15        	5.125307e-05	(0.000000e+00 0.000000e+00 -5.706577e-03)
168.25        	5.125746e-05	(0.000000e+00 0.000000e+00 -5.706577e-03)
168.35        	5.126153e-05	(0.000000e+00 0.000000e+00 -5.706577e-03)
168.45        	5.126670e-05	(0.000000e+00 0.000000e+00 -5.706577e-03)
168.55        	5.127228e-05	(0.000000e+00 0.000000e+00 -5.706577e-03)
168.65        	5.127782e-05	(0.000000e+00 0.000000e+00 -5.706577e-03)
168.75        	5.128330e-05	(0.000000e+00 0.000000e+00 -5.706577e-03)
168.85        	5.128814e-05	(0.000000e+00 0.000000e+00 -5.706577e-03)
168.95        	5.129073e-05	(0.000000e+00 0.000000e+00 -5.706577e-03)
169.05        	5.129380e-05	(0.000000e+00 0.000000e+00 -5.706577e-03)
169.15        	5.129926e-05	(0.000000e+00 0.000000e+00 -5.706577e-03)
169.25        	5.130371e-05	(0.000000e+00 0.000000e+00 -5.706577e-03)
169.35        	5.130849e-05	(0.000000e+00 0.000000e+00 -5.706577e-03)
169.45        	5.131392e-05	(0.000000e+00 0.000000e+00 -5.706577e-03)
169.55        	5.131896e-05	(0.000000e+00 0.000000e+00 -5.706577e-03)
169.65        	5.132479e-05	(0.000000e+00 0.000000e+00 -5.706577e-03)
169.75        	5.133079e-05	(0.000000e+00 0.000000e+00 -5.706577e-03)
169.85        	5.133594e-05	(0.000000e+00 0.000000e+00 -5.706577e-03)
169.95        	5.134106e-05	(0.000000e+00 0.000000e+00 -5.706577e-03)
170.05        	5.134621e-05	(0.000000e+00 0.000000e+00 -5.706577e-03)
170.15        	5.135158e-05	(0.000000e+00 0.000000e+00 -5.706577e-03)
170.25        	5.135712e-05	(0.000000e+00 0.000000e+00 -5.706577e-03)
170.35        	5.136295e-05	(0.000000e+00 0.000000e+00 -5.706577e-03)
170.45        	5.136802e-05	(0.000000e+00 0.000000e+00 -5.706577e-03)
170.55        	5.137300e-05	(0.000000e+00 0.000000e+00 -5.706577e-03)
170.65        	5.137782e-05	(0.000000e+00 0.000000e+00 -5.706577e-03)
170.75        	5.137991e-05	(0.000000e+00 0.000000e+00 -5.706577e-03)
170.85        	5.138309e-05	(0.000000e+00 0.000000e+00 -5.706577e-03)
170.95        	5.138820e-05	(0.000000e+00 0.000000e+00 -5.706577e-03)
171.05        	5.139283e-05	(0.000000e+00 0.000000e+00 -5.706577e-03)
171.15        	5.139807e-05	(0.000000e+00 0.000000e+00 -5.706577e-03)
171.25        	5.140364e-05	(0.000000e+00 0.000000e+00 -5.706577e-03)
171.35        	5.140891e-05	(0.000000e+00 0.000000e+00 -5.706577e-03)
171.45        	5.141403e-05	(0.000000e+00 0.000000e+00 -5.706577e-03)
171.55        	5.141882e-05	(0.000000e+00 0.000000e+00 -5.706577e-03)
171.65        	5.142278e-05	(0.000000e+00 0.000000e+00 -5.706577e-03)
171.75        	5.142852e-05	(0.000000e+00 0.000000e+00 -5.706577e-03)
171.85        	5.143472e-05	(0.000000e+00 0.000000e+00 -5.706577e-03)
171.95        	5.143996e-05	(0.000000e+00 0.000000e+00 -5.706577e-03)
172.05        	5.144493e-05	(0.000000e+00 0.000000e+00 -5.706577e-03)
172.15        	5.144940e-05	(0.000000e+00 0.000000e+00 -5.706577e-03)
172.25        	5.145408e-05	(0.000000e+00 0.000000e+00 -5.706577e-03)
172.35        	5.145907e-05	(0.000000e+00 0.000000e+00 -5.706577e-03)
172.45        	5.146392e-05	(0.000000e+00 0.000000e+00 -5.706577e-03)
172.55        	5.146886e-05	(0.000000e+00 0.000000e+00 -5.706577e-03)
172.65        	5.147339e-05	(0.000000e+00 0.000000e+00 -5.706577e-03)
172.75        	5.147828e-05	(0.000000e+00 0.000000e+00 -5.706577e-03)
172.85        	5.148363e-05	(0.000000e+00 0.000000e+00 -5.706577e-03)
172.95        	5.148982e-05	(0.000000e+00 0.000000e+00 -5.706577e-03)
173.05        	5.149524e-05	(0.000000e+00 0.000000e+00 -5.706577e-03)
173.15        	5.149986e-05	(0.000000e+00 0.000000e+00 -5.706577e-03)
173.25        	5.150448e-05	(0.000000e+00 0.000000e+00 -5.706577e-03)
173.35        	5.150867e-05	(0.000000e+00 0.000000e+00 -5.706577e-03)
173.45        	5.151309e-05	(0.000000e+00 0.000000e+00 -5.706577e-03)
173.55        	5.151742e-05	(0.000000e+00 0.000000e+00 -5.706577e-03)
173.65        	5.152200e-05	(0.000000e+00 0.000000e+00 -5.706577e-03)
173.75        	5.152725e-05	(0.000000e+00 0.000000e+00 -5.706577e-03)
173.85        	5.153114e-05	(0.000000e+00 0.000000e+00 -5.706577e-03)
173.95        	5.153457e-05	(0.000000e+00 0.000000e+00 -5.706577e-03)
174.05        	5.153883e-05	(0.000000e+00 0.000000e+00 -5.706577e-03)
174.15        	5.154297e-05	(0.000000e+00 0.000000e+00 -5.706577e-03)
174.25        	5.154833e-05	(0.000000e+00 0.000000e+00 -5.706577e-03)
174.35        	5.155386e-05	(0.000000e+00 0.000000e+00 -5.706577e-03)
174.45        	5.155929e-05	(0.000000e+00 0.000000e+00 -5.706577e-03)
174.55        	5.156300e-05	(0.000000e+00 0.000000e+00 -5.706577e-03)
174.65        	5.156703e-05	(0.000000e+00 0.000000e+00 -5.706577e-03)
174.75        	5.157192e-05	(0.000000e+00 0.000000e+00 -5.706577e-03)
174.85        	5.157773e-05	(0.000000e+00 0.000000e+00 -5.706577e-03)
174.95        	5.158278e-05	(0.000000e+00 0.000000e+00 -5.706577e-03)
175.05        	5.158611e-05	(0.000000e+00 0.000000e+00 -5.706577e-03)
175.15        	5.159055e-05	(0.000000e+00 0.000000e+00 -5.706577e-03)
175.25        	5.159512e-05	(0.000000e+00 0.000000e+00 -5.706577e-03)
175.35        	5.159946e-05	(0.000000e+00 0.000000e+00 -5.706577e-03)
175.45        	5.160580e-05	(0.000000e+00 0.000000e+00 -5.706577e-03)
175.55        	5.161144e-05	(0.000000e+00 0.000000e+00 -5.706577e-03)
175.65        	5.161612e-05	(0.000000e+00 0.000000e+00 -5.706577e-03)
175.75        	5.162057e-05	(0.000000e+00 0.000000e+00 -5.706577e-03)
175.85        	5.162590e-05	(0.000000e+00 0.000000e+00 -5.706577e-03)
175.95        	5.163078e-05	(0.000000e+00 0.000000e+00 -5.706577e-03)
176.05        	5.163425e-05	(0.000000e+00 0.000000e+00 -5.706577e-03)
176.15        	5.163830e-05	(0.000000e+00 0.000000e+00 -5.706577e-03)
176.25        	5.164058e-05	(0.000000e+00 0.000000e+00 -5.706577e-03)
176.35        	5.164475e-05	(0.000000e+00 0.000000e+00 -5.706577e-03)
176.45        	5.165007e-05	(0.000000e+00 0.000000e+00 -5.706577e-03)
176.55        	5.165466e-05	(0.000000e+00 0.000000e+00 -5.706577e-03)
176.65        	5.165849e-05	(0.000000e+00 0.000000e+00 -5.706577e-03)
176.75        	5.166276e-05	(0.000000e+00 0.000000e+00 -5.706577e-03)
176.85        	5.166676e-05	(0.000000e+00 0.000000e+00 -5.706577e-03)
176.95        	5.167118e-05	(0.000000e+00 0.000000e+00 -5.706577e-03)
177.05        	5.167688e-05	(0.000000e+00 0.000000e+00 -5.706577e-03)
177.15        	5.168209e-05	(0.000000e+00 0.000000e+00 -5.706577e-03)
177.25        	5.168652e-05	(0.000000e+00 0.000000e+00 -5.706577e-03)
177.35        	5.169109e-05	(0.000000e+00 0.000000e+00 -5.706577e-03)
177.45        	5.169585e-05	(0.000000e+00 0.000000e+00 -5.706577e-03)
177.55        	5.170099e-05	(0.000000e+00 0.000000e+00 -5.706577e-03)
177.65        	5.170581e-05	(0.000000e+00 0.000000e+00 -5.706577e-03)
177.75        	5.171120e-05	(0.000000e+00 0.000000e+00 -5.706577e-03)
177.85        	5.171602e-05	(0.000000e+00 0.000000e+00 -5.706577e-03)
177.95        	5.172002e-05	(0.000000e+00 0.000000e+00 -5.706577e-03)
178.05        	5.172477e-05	(0.000000e+00 0.000000e+00 -5.706577e-03)
178.15        	5.173083e-05	(0.000000e+00 0.000000e+00 -5.706577e-03)
178.25        	5.173567e-05	(0.000000e+00 0.000000e+00 -5.706577e-03)
178.35        	5.173826e-05	(0.000000e+00 0.000000e+00 -5.706577e-03)
178.45        	5.174059e-05	(0.000000e+00 0.000000e+00 -5.706577e-03)
178.55        	5.174237e-05	(0.000000e+00 0.000000e+00 -5.706577e-03)
178.65        	5.174565e-05	(0.000000e+00 0.000000e+00 -5.706577e-03)
178.75        	5.175155e-05	(0.000000e+00 0.000000e+00 -5.706577e-03)
178.85        	5.175724e-05	(0.000000e+00 0.000000e+00 -5.706577e-03)
178.95        	5.176228e-05	(0.000000e+00 0.000000e+00 -5.706577e-03)
179.05        	5.176722e-05	(0.000000e+00 0.000000e+00 -5.706577e-03)
179.15        	5.177216e-05	(0.000000e+00 0.000000e+00 -5.706577e-03)
179.25        	5.177725e-05	(0.000000e+00 0.000000e+00 -5.706577e-03)
179.35        	5.178127e-05	(0.000000e+00 0.000000e+00 -5.706577e-03)
179.45        	5.178571e-05	(0.000000e+00 0.000000e+00 -5.706577e-03)
179.55        	5.178970e-05	(0.000000e+00 0.000000e+00 -5.706577e-03)
179.65        	5.179362e-05	(0.000000e+00 0.000000e+00 -5.706577e-03)
179.75        	5.179839e-05	(0.000000e+00 0.000000e+00 -5.706577e-03)
179.85        	5.180418e-05	(0.000000e+00 0.000000e+00 -5.706577e-03)
179.95        	5.180998e-05	(0.000000e+00 0.000000e+00 -5.706577e-03)
180.05        	5.181517e-05	(0.000000e+00 0.000000e+00 -5.706577e-03)
180.15        	5.181992e-05	(0.000000e+00 0.000000e+00 -5.706577e-03)
180.25        	5.182426e-05	(0.000000e+00 0.000000e+00 -5.706577e-03)
180.35        	5.182835e-05	(0.000000e+00 0.000000e+00 -5.706577e-03)
180.45        	5.183285e-05	(0.000000e+00 0.000000e+00 -5.706577e-03)
180.55        	5.183678e-05	(0.000000e+00 0.000000e+00 -5.706577e-03)
180.65        	5.184146e-05	(0.000000e+00 0.000000e+00 -5.706577e-03)
180.75        	5.184566e-05	(0.000000e+00 0.000000e+00 -5.706577e-03)
180.85        	5.184982e-05	(0.000000e+00 0.000000e+00 -5.706577e-03)
180.95        	5.185410e-05	(0.000000e+00 0.000000e+00 -5.706577e-03)
181.05        	5.185841e-05	(0.000000e+00 0.000000e+00 -5.706577e-03)
181.15        	5.186277e-05	(0.000000e+00 0.000000e+00 -5.706577e-03)
181.25        	5.186681e-05	(0.000000e+00 0.000000e+00 -5.706577e-03)
181.35        	5.187093e-05	(0.000000e+00 0.000000e+00 -5.706577e-03)
181.45        	5.187442e-05	(0.000000e+00 0.000000e+00 -5.706577e-03)
181.55        	5.187889e-05	(0.000000e+00 0.000000e+00 -5.706577e-03)
181.65        	5.188396e-05	(0.000000e+00 0.000000e+00 -5.706577e-03)
181.75        	5.188944e-05	(0.000000e+00 0.000000e+00 -5.706577e-03)
181.85        	5.189489e-05	(0.000000e+00 0.000000e+00 -5.706577e-03)
181.95        	5.189934e-05	(0.000000e+00 0.000000e+00 -5.706577e-03)
182.05        	5.190408e-05	(0.000000e+00 0.000000e+00 -5.706577e-03)
182.15        	5.190928e-05	(0.000000e+00 0.000000e+00 -5.706577e-03)
182.25        	5.191379e-05	(0.000000e+00 0.000000e+00 -5.706577e-03)
182.35        	5.191814e-05	(0.000000e+00 0.000000e+00 -5.706577e-03)
182.45        	5.192285e-05	(0.000000e+00 0.000000e+00 -5.706577e-03)
182.55        	5.192812e-05	(0.000000e+00 0.000000e+00 -5.706577e-03)
182.65        	5.193138e-05	(0.000000e+00 0.000000e+00 -5.706577e-03)
182.75        	5.193513e-05	(0.000000e+00 0.000000e+00 -5.706577e-03)
182.85        	5.193910e-05	(0.000000e+00 0.000000e+00 -5.706577e-03)
182.95        	5.194308e-05	(0.000000e+00 0.000000e+00 -5.706577e-03)
183.05        	5.194861e-05	(0.000000e+00 0.000000e+00 -5.706577e-03)
183.15        	5.195290e-05	(0.000000e+00 0.000000e+00 -5.706577e-03)
183.25        	5.195826e-05	(0.000000e+00 0.000000e+00 -5.706577e-03)
183.35        	5.196282e-05	(0.000000e+00 0.000000e+00 -5.706577e-03)
183.45        	5.196771e-05	(0.000000e+00 0.000000e+00 -5.706577e-03)
183.55        	5.197223e-05	(0.000000e+00 0.000000e+00 -5.706577e-03)
183.65        	5.197688e-05	(0.000000e+00 0.000000e+00 -5.706577e-03)
183.75        	5.197977e-05	(0.000000e+00 0.000000e+00 -5.706577e-03)
183.85        	5.198290e-05	(0.000000e+00 0.000000e+00 -5.706577e-03)
183.95        	5.198803e-05	(0.000000e+00 0.000000e+00 -5.706577e-03)
184.05        	5.199365e-05	(0.000000e+00 0.000000e+00 -5.706577e-03)
184.15        	5.199880e-05	(0.000000e+00 0.000000e+00 -5.706577e-03)
184.25        	5.200336e-05	(0.000000e+00 0.000000e+00 -5.706577e-03)
184.35        	5.200763e-05	(0.000000e+00 0.000000e+00 -5.706577e-03)
184.45        	5.201057e-05	(0.000000e+00 0.000000e+00 -5.706577e-03)
184.55        	5.201473e-05	(0.000000e+00 0.000000e+00 -5.706577e-03)
184.65        	5.201853e-05	(0.000000e+00 0.000000e+00 -5.706577e-03)
184.75        	5.202282e-05	(0.000000e+00 0.000000e+00 -5.706577e-03)
184.85        	5.202717e-05	(0.000000e+00 0.000000e+00 -5.706577e-03)
184.95        	5.203168e-05	(0.000000e+00 0.000000e+00 -5.706577e-03)
185.05        	5.203563e-05	(0.000000e+00 0.000000e+00 -5.706577e-03)
185.15        	5.203990e-05	(0.000000e+00 0.000000e+00 -5.706577e-03)
185.25        	5.204394e-05	(0.000000e+00 0.000000e+00 -5.706577e-03)
185.35        	5.204817e-05	(0.000000e+00 0.000000e+00 -5.706577e-03)
185.45        	5.205225e-05	(0.000000e+00 0.000000e+00 -5.706577e-03)
185.55        	5.205673e-05	(0.000000e+00 0.000000e+00 -5.706577e-03)
185.65        	5.206106e-05	(0.000000e+00 0.000000e+00 -5.706577e-03)
185.75        	5.206519e-05	(0.000000e+00 0.000000e+00 -5.706577e-03)
185.85        	5.207059e-05	(0.000000e+00 0.000000e+00 -5.706577e-03)
185.95        	5.207537e-05	(0.000000e+00 0.000000e+00 -5.706577e-03)
186.05        	5.207919e-05	(0.000000e+00 0.000000e+00 -5.706577e-03)
186.15        	5.208352e-05	(0.000000e+00 0.000000e+00 -5.706577e-03)
186.25        	5.208727e-05	(0.000000e+00 0.000000e+00 -5.706577e-03)
186.35        	5.209191e-05	(0.000000e+00 0.000000e+00 -5.706577e-03)
186.45        	5.209676e-05	(0.000000e+00 0.000000e+00 -5.706577e-03)
186.55        	5.210228e-05	(0.000000e+00 0.000000e+00 -5.706577e-03)
186.65        	5.210711e-05	(0.000000e+00 0.000000e+00 -5.706577e-03)
186.75        	5.211100e-05	(0.000000e+00 0.000000e+00 -5.706577e-03)
186.85        	5.211600e-05	(0.000000e+00 0.000000e+00 -5.706577e-03)
186.95        	5.212002e-05	(0.000000e+00 0.000000e+00 -5.706577e-03)
187.05        	5.212418e-05	(0.000000e+00 0.000000e+00 -5.706577e-03)
187.15        	5.212894e-05	(0.000000e+00 0.000000e+00 -5.706577e-03)
187.25        	5.213306e-05	(0.000000e+00 0.000000e+00 -5.706577e-03)
187.35        	5.213743e-05	(0.000000e+00 0.000000e+00 -5.706577e-03)
187.45        	5.214201e-05	(0.000000e+00 0.000000e+00 -5.706577e-03)
187.55        	5.214630e-05	(0.000000e+00 0.000000e+00 -5.706577e-03)
187.65        	5.215132e-05	(0.000000e+00 0.000000e+00 -5.706577e-03)
187.75        	5.215591e-05	(0.000000e+00 0.000000e+00 -5.706577e-03)
187.85        	5.216059e-05	(0.000000e+00 0.000000e+00 -5.706577e-03)
187.95        	5.216495e-05	(0.000000e+00 0.000000e+00 -5.706577e-03)
188.05        	5.216896e-05	(0.000000e+00 0.000000e+00 -5.706577e-03)
188.15        	5.217398e-05	(0.000000e+00 0.000000e+00 -5.706577e-03)
188.25        	5.217789e-05	(0.000000e+00 0.000000e+00 -5.706577e-03)
188.35        	5.218169e-05	(0.000000e+00 0.000000e+00 -5.706577e-03)
188.45        	5.218473e-05	(0.000000e+00 0.000000e+00 -5.706577e-03)
188.55        	5.218936e-05	(0.000000e+00 0.000000e+00 -5.706577e-03)
188.65        	5.219452e-05	(0.000000e+00 0.000000e+00 -5.706577e-03)
188.75        	5.220005e-05	(0.000000e+00 0.000000e+00 -5.706577e-03)
188.85        	5.220312e-05	(0.000000e+00 0.000000e+00 -5.706577e-03)
188.95        	5.220718e-05	(0.000000e+00 0.000000e+00 -5.706577e-03)
189.05        	5.221094e-05	(0.000000e+00 0.000000e+00 -5.706577e-03)
189.15        	5.221553e-05	(0.000000e+00 0.000000e+00 -5.706577e-03)
189.25        	5.222034e-05	(0.000000e+00 0.000000e+00 -5.706577e-03)
189.35        	5.222443e-05	(0.000000e+00 0.000000e+00 -5.706577e-03)
189.45        	5.222912e-05	(0.000000e+00 0.000000e+00 -5.706577e-03)
189.55        	5.223365e-05	(0.000000e+00 0.000000e+00 -5.706577e-03)
189.65        	5.223889e-05	(0.000000e+00 0.000000e+00 -5.706577e-03)
189.75        	5.224413e-05	(0.000000e+00 0.000000e+00 -5.706577e-03)
189.85        	5.224827e-05	(0.000000e+00 0.000000e+00 -5.706577e-03)
189.95        	5.225272e-05	(0.000000e+00 0.000000e+00 -5.706577e-03)
190.05        	5.225761e-05	(0.000000e+00 0.000000e+00 -5.706577e-03)
190.15        	5.226219e-05	(0.000000e+00 0.000000e+00 -5.706577e-03)
190.25        	5.226693e-05	(0.000000e+00 0.000000e+00 -5.706577e-03)
190.35        	5.227080e-05	(0.000000e+00 0.000000e+00 -5.706577e-03)
190.45        	5.227517e-05	(0.000000e+00 0.000000e+00 -5.706577e-03)
190.55        	5.227938e-05	(0.000000e+00 0.000000e+00 -5.706577e-03)
190.65        	5.228382e-05	(0.000000e+00 0.000000e+00 -5.706577e-03)
190.75        	5.228833e-05	(0.000000e+00 0.000000e+00 -5.706577e-03)
190.85        	5.229287e-05	(0.000000e+00 0.000000e+00 -5.706577e-03)
190.95        	5.229772e-05	(0.000000e+00 0.000000e+00 -5.706577e-03)
191.05        	5.230157e-05	(0.000000e+00 0.000000e+00 -5.706577e-03)
191.15        	5.230624e-05	(0.000000e+00 0.000000e+00 -5.706577e-03)
191.25        	5.231026e-05	(0.000000e+00 0.000000e+00 -5.706577e-03)
191.35        	5.231354e-05	(0.000000e+00 0.000000e+00 -5.706577e-03)
191.45        	5.231803e-05	(0.000000e+00 0.000000e+00 -5.706577e-03)
191.55        	5.232249e-05	(0.000000e+00 0.000000e+00 -5.706577e-03)
191.65        	5.232691e-05	(0.000000e+00 0.000000e+00 -5.706577e-03)
191.75        	5.233107e-05	(0.000000e+00 0.000000e+00 -5.706577e-03)
191.85        	5.233583e-05	(0.000000e+00 0.000000e+00 -5.706577e-03)
191.95        	5.233945e-05	(0.000000e+00 0.000000e+00 -5.706577e-03)
192.05        	5.234353e-05	(0.000000e+00 0.000000e+00 -5.706577e-03)
192.15        	5.234874e-05	(0.000000e+00 0.000000e+00 -5.706577e-03)
192.25        	5.235341e-05	(0.000000e+00 0.000000e+00 -5.706577e-03)
192.35        	5.235792e-05	(0.000000e+00 0.000000e+00 -5.706577e-03)
192.45        	5.236221e-05	(0.000000e+00 0.000000e+00 -5.706577e-03)
192.55        	5.236646e-05	(0.000000e+00 0.000000e+00 -5.706577e-03)
192.65        	5.237001e-05	(0.000000e+00 0.000000e+00 -5.706577e-03)
192.75        	5.237313e-05	(0.000000e+00 0.000000e+00 -5.706577e-03)
192.85        	5.237727e-05	(0.000000e+00 0.000000e+00 -5.706577e-03)
192.95        	5.238192e-05	(0.000000e+00 0.000000e+00 -5.706577e-03)
193.05        	5.238615e-05	(0.000000e+00 0.000000e+00 -5.706577e-03)
193.15        	5.239078e-05	(0.000000e+00 0.000000e+00 -5.706577e-03)
193.25        	5.239517e-05	(0.000000e+00 0.000000e+00 -5.706577e-03)
193.35        	5.239891e-05	(0.000000e+00 0.000000e+00 -5.706577e-03)
193.45        	5.240273e-05	(0.000000e+00 0.000000e+00 -5.706577e-03)
193.55        	5.240665e-05	(0.000000e+00 0.000000e+00 -5.706577e-03)
193.65        	5.241145e-05	(0.000000e+00 0.000000e+00 -5.706577e-03)
193.75        	5.241575e-05	(0.000000e+00 0.000000e+00 -5.706577e-03)
193.85        	5.242004e-05	(0.000000e+00 0.000000e+00 -5.706577e-03)
193.95        	5.242543e-05	(0.000000e+00 0.000000e+00 -5.706577e-03)
194.05        	5.242934e-05	(0.000000e+00 0.000000e+00 -5.706577e-03)
194.15        	5.243287e-05	(0.000000e+00 0.000000e+00 -5.706577e-03)
194.25        	5.243649e-05	(0.000000e+00 0.000000e+00 -5.706577e-03)
194.35        	5.244058e-05	(0.000000e+00 0.000000e+00 -5.706577e-03)
194.45        	5.244459e-05	(0.000000e+00 0.000000e+00 -5.706577e-03)
194.55        	5.244903e-05	(0.000000e+00 0.000000e+00 -5.706577e-03)
194.65        	5.245281e-05	(0.000000e+00 0.000000e+00 -5.706577e-03)
194.75        	5.245649e-05	(0.000000e+00 0.000000e+00 -5.706577e-03)
194.85        	5.246102e-05	(0.000000e+00 0.000000e+00 -5.706577e-03)
194.95        	5.246637e-05	(0.000000e+00 0.000000e+00 -5.706577e-03)
195.05        	5.247064e-05	(0.000000e+00 0.000000e+00 -5.706577e-03)
195.15        	5.247427e-05	(0.000000e+00 0.000000e+00 -5.706577e-03)
195.25        	5.247878e-05	(0.000000e+00 0.000000e+00 -5.706577e-03)
195.35        	5.248335e-05	(0.000000e+00 0.000000e+00 -5.706577e-03)
195.45        	5.248712e-05	(0.000000e+00 0.000000e+00 -5.706577e-03)
195.55        	5.249091e-05	(0.000000e+00 0.000000e+00 -5.706577e-03)
195.65        	5.249482e-05	(0.000000e+00 0.000000e+00 -5.706577e-03)
195.75        	5.249974e-05	(0.000000e+00 0.000000e+00 -5.706577e-03)
195.85        	5.250494e-05	(0.000000e+00 0.000000e+00 -5.706577e-03)
195.95        	5.250831e-05	(0.000000e+00 0.000000e+00 -5.706577e-03)
196.05        	5.251199e-05	(0.000000e+00 0.000000e+00 -5.706577e-03)
196.15        	5.251581e-05	(0.000000e+00 0.000000e+00 -5.706577e-03)
196.25        	5.252042e-05	(0.000000e+00 0.000000e+00 -5.706577e-03)
196.35        	5.252571e-05	(0.000000e+00 0.000000e+00 -5.706577e-03)
196.45        	5.253009e-05	(0.000000e+00 0.000000e+00 -5.706577e-03)
196.55        	5.253280e-05	(0.000000e+00 0.000000e+00 -5.706577e-03)
196.65        	5.253583e-05	(0.000000e+00 0.000000e+00 -5.706577e-03)
196.75        	5.253925e-05	(0.000000e+00 0.000000e+00 -5.706577e-03)
196.85        	5.254335e-05	(0.000000e+00 0.000000e+00 -5.706577e-03)
196.95        	5.254778e-05	(0.000000e+00 0.000000e+00 -5.706577e-03)
197.05        	5.255249e-05	(0.000000e+00 0.000000e+00 -5.706577e-03)
197.15        	5.255601e-05	(0.000000e+00 0.000000e+00 -5.706577e-03)
197.25        	5.255999e-05	(0.000000e+00 0.000000e+00 -5.706577e-03)
197.35        	5.256405e-05	(0.000000e+00 0.000000e+00 -5.706577e-03)
197.45        	5.256897e-05	(0.000000e+00 0.000000e+00 -5.706577e-03)
197.55        	5.257363e-05	(0.000000e+00 0.000000e+00 -5.706577e-03)
197.65        	5.257805e-05	(0.000000e+00 0.000000e+00 -5.706577e-03)
197.75        	5.258093e-05	(0.000000e+00 0.000000e+00 -5.706577e-03)
197.85        	5.258341e-05	(0.000000e+00 0.000000e+00 -5.706577e-03)
197.95        	5.258736e-05	(0.000000e+00 0.000000e+00 -5.706577e-03)
198.05        	5.259100e-05	(0.000000e+00 0.000000e+00 -5.706577e-03)
198.15        	5.259473e-05	(0.000000e+00 0.000000e+00 -5.706577e-03)
198.25        	5.259838e-05	(0.000000e+00 0.000000e+00 -5.706577e-03)
198.35        	5.260196e-05	(0.000000e+00 0.000000e+00 -5.706577e-03)
198.45        	5.260565e-05	(0.000000e+00 0.000000e+00 -5.706577e-03)
198.55        	5.260904e-05	(0.000000e+00 0.000000e+00 -5.706577e-03)
198.65        	5.261326e-05	(0.000000e+00 0.000000e+00 -5.706577e-03)
198.75        	5.261711e-05	(0.000000e+00 0.000000e+00 -5.706577e-03)
198.85        	5.262163e-05	(0.000000e+00 0.000000e+00 -5.706577e-03)
198.95        	5.262611e-05	(0.000000e+00 0.000000e+00 -5.706577e-03)
199.05        	5.262980e-05	(0.000000e+00 0.000000e+00 -5.706577e-03)
199.15        	5.263397e-05	(0.000000e+00 0.000000e+00 -5.706577e-03)
199.25        	5.263857e-05	(0.000000e+00 0.000000e+00 -5.706577e-03)
199.35        	5.264382e-05	(0.000000e+00 0.000000e+00 -5.706577e-03)
199.45        	5.264968e-05	(0.000000e+00 0.000000e+00 -5.706577e-03)
199.55        	5.265435e-05	(0.000000e+00 0.000000e+00 -5.706577e-03)
199.65        	5.265756e-05	(0.000000e+00 0.000000e+00 -5.706577e-03)
199.75        	5.266088e-05	(0.000000e+00 0.000000e+00 -5.706577e-03)
199.85        	5.266432e-05	(0.000000e+00 0.000000e+00 -5.706577e-03)
199.95        	5.266846e-05	(0.000000e+00 0.000000e+00 -5.706577e-03)
200.05        	5.267243e-05	(0.000000e+00 0.000000e+00 -5.706577e-03)
200.15        	5.267619e-05	(0.000000e+00 0.000000e+00 -5.706577e-03)
200.25        	5.268034e-05	(0.000000e+00 0.000000e+00 -5.706577e-03)
200.35        	5.268400e-05	(0.000000e+00 0.000000e+00 -5.706577e-03)
200.45        	5.268773e-05	(0.000000e+00 0.000000e+00 -5.706577e-03)
200.55        	5.269098e-05	(0.000000e+00 0.000000e+00 -5.706577e-03)
200.65        	5.269368e-05	(0.000000e+00 0.000000e+00 -5.706577e-03)
200.75        	5.269703e-05	(0.000000e+00 0.000000e+00 -5.706577e-03)
200.85        	5.270180e-05	(0.000000e+00 0.000000e+00 -5.706577e-03)
200.95        	5.270518e-05	(0.000000e+00 0.000000e+00 -5.706577e-03)
201.05        	5.270844e-05	(0.000000e+00 0.000000e+00 -5.706577e-03)
201.15        	5.271247e-05	(0.000000e+00 0.000000e+00 -5.706577e-03)
201.25        	5.271610e-05	(0.000000e+00 0.000000e+00 -5.706577e-03)
201.35        	5.271950e-05	(0.000000e+00 0.000000e+00 -5.706577e-03)
201.45        	5.272371e-05	(0.000000e+00 0.000000e+00 -5.706577e-03)
201.55        	5.272745e-05	(0.000000e+00 0.000000e+00 -5.706577e-03)
201.65        	5.273131e-05	(0.000000e+00 0.000000e+00 -5.706577e-03)
201.75        	5.273659e-05	(0.000000e+00 0.000000e+00 -5.706577e-03)
201.85        	5.274029e-05	(0.000000e+00 0.000000e+00 -5.706577e-03)
201.95        	5.274315e-05	(0.000000e+00 0.000000e+00 -5.706577e-03)
202.05        	5.274678e-05	(0.000000e+00 0.000000e+00 -5.706577e-03)
202.15        	5.275126e-05	(0.000000e+00 0.000000e+00 -5.706577e-03)
202.25        	5.275555e-05	(0.000000e+00 0.000000e+00 -5.706577e-03)
202.35        	5.275992e-05	(0.000000e+00 0.000000e+00 -5.706577e-03)
202.45        	5.276398e-05	(0.000000e+00 0.000000e+00 -5.706577e-03)
202.55        	5.276802e-05	(0.000000e+00 0.000000e+00 -5.706577e-03)
202.65        	5.277204e-05	(0.000000e+00 0.000000e+00 -5.706577e-03)
202.75        	5.277611e-05	(0.000000e+00 0.000000e+00 -5.706577e-03)
202.85        	5.277979e-05	(0.000000e+00 0.000000e+00 -5.706577e-03)
202.95        	5.278272e-05	(0.000000e+00 0.000000e+00 -5.706577e-03)
203.05        	5.278557e-05	(0.000000e+00 0.000000e+00 -5.706577e-03)
203.15        	5.278962e-05	(0.000000e+00 0.000000e+00 -5.706577e-03)
203.25        	5.279448e-05	(0.000000e+00 0.000000e+00 -5.706577e-03)
203.35        	5.279852e-05	(0.000000e+00 0.000000e+00 -5.706577e-03)
203.45        	5.280226e-05	(0.000000e+00 0.000000e+00 -5.706577e-03)
203.55        	5.280630e-05	(0.000000e+00 0.000000e+00 -5.706577e-03)
203.65        	5.280922e-05	(0.000000e+00 0.000000e+00 -5.706577e-03)
203.75        	5.281269e-05	(0.000000e+00 0.000000e+00 -5.706577e-03)
203.85        	5.281748e-05	(0.000000e+00 0.000000e+00 -5.706577e-03)
203.95        	5.282170e-05	(0.000000e+00 0.000000e+00 -5.706577e-03)
204.05        	5.282647e-05	(0.000000e+00 0.000000e+00 -5.706577e-03)
204.15        	5.283086e-05	(0.000000e+00 0.000000e+00 -5.706577e-03)
204.25        	5.283526e-05	(0.000000e+00 0.000000e+00 -5.706577e-03)
204.35        	5.283924e-05	(0.000000e+00 0.000000e+00 -5.706577e-03)
204.45        	5.284369e-05	(0.000000e+00 0.000000e+00 -5.706577e-03)
204.55        	5.284717e-05	(0.000000e+00 0.000000e+00 -5.706577e-03)
204.65        	5.285117e-05	(0.000000e+00 0.000000e+00 -5.706577e-03)
204.75        	5.285465e-05	(0.000000e+00 0.000000e+00 -5.706577e-03)
204.85        	5.285708e-05	(0.000000e+00 0.000000e+00 -5.706577e-03)
204.95        	5.285973e-05	(0.000000e+00 0.000000e+00 -5.706577e-03)
205.05        	5.286348e-05	(0.000000e+00 0.000000e+00 -5.706577e-03)
205.15        	5.286760e-05	(0.000000e+00 0.000000e+00 -5.706577e-03)
205.25        	5.287134e-05	(0.000000e+00 0.000000e+00 -5.706577e-03)
205.35        	5.287567e-05	(0.000000e+00 0.000000e+00 -5.706577e-03)
205.45        	5.287935e-05	(0.000000e+00 0.000000e+00 -5.706577e-03)
205.55        	5.288295e-05	(0.000000e+00 0.000000e+00 -5.706577e-03)
205.65        	5.288758e-05	(0.000000e+00 0.000000e+00 -5.706577e-03)
205.75        	5.289040e-05	(0.000000e+00 0.000000e+00 -5.706577e-03)
205.85        	5.289279e-05	(0.000000e+00 0.000000e+00 -5.706577e-03)
205.95        	5.289519e-05	(0.000000e+00 0.000000e+00 -5.706577e-03)
206.05        	5.289737e-05	(0.000000e+00 0.000000e+00 -5.706577e-03)
206.15        	5.290016e-05	(0.000000e+00 0.000000e+00 -5.706577e-03)
206.25        	5.290334e-05	(0.000000e+00 0.000000e+00 -5.706577e-03)
206.35        	5.290689e-05	(0.000000e+00 0.000000e+00 -5.706577e-03)
206.45        	5.291121e-05	(0.000000e+00 0.000000e+00 -5.706577e-03)
206.55        	5.291491e-05	(0.000000e+00 0.000000e+00 -5.706577e-03)
206.65        	5.291757e-05	(0.000000e+00 0.000000e+00 -5.706577e-03)
206.75        	5.292132e-05	(0.000000e+00 0.000000e+00 -5.706577e-03)
206.85        	5.292604e-05	(0.000000e+00 0.000000e+00 -5.706577e-03)
206.95        	5.292953e-05	(0.000000e+00 0.000000e+00 -5.706577e-03)
207.05        	5.293345e-05	(0.000000e+00 0.000000e+00 -5.706577e-03)
207.15        	5.293781e-05	(0.000000e+00 0.000000e+00 -5.706577e-03)
207.25        	5.294183e-05	(0.000000e+00 0.000000e+00 -5.706577e-03)
207.35        	5.294551e-05	(0.000000e+00 0.000000e+00 -5.706577e-03)
207.45        	5.294974e-05	(0.000000e+00 0.000000e+00 -5.706577e-03)
207.55        	5.295340e-05	(0.000000e+00 0.000000e+00 -5.706577e-03)
207.65        	5.295749e-05	(0.000000e+00 0.000000e+00 -5.706577e-03)
207.75        	5.296259e-05	(0.000000e+00 0.000000e+00 -5.706577e-03)
207.85        	5.296733e-05	(0.000000e+00 0.000000e+00 -5.706577e-03)
207.95        	5.297100e-05	(0.000000e+00 0.000000e+00 -5.706577e-03)
208.05        	5.297419e-05	(0.000000e+00 0.000000e+00 -5.706577e-03)
208.15        	5.297745e-05	(0.000000e+00 0.000000e+00 -5.706577e-03)
208.25        	5.298042e-05	(0.000000e+00 0.000000e+00 -5.706577e-03)
208.35        	5.298335e-05	(0.000000e+00 0.000000e+00 -5.706577e-03)
208.45        	5.298645e-05	(0.000000e+00 0.000000e+00 -5.706577e-03)
208.55        	5.298980e-05	(0.000000e+00 0.000000e+00 -5.706577e-03)
208.65        	5.299278e-05	(0.000000e+00 0.000000e+00 -5.706577e-03)
208.75        	5.299579e-05	(0.000000e+00 0.000000e+00 -5.706577e-03)
208.85        	5.299882e-05	(0.000000e+00 0.000000e+00 -5.706577e-03)
208.95        	5.300096e-05	(0.000000e+00 0.000000e+00 -5.706577e-03)
209.05        	5.300327e-05	(0.000000e+00 0.000000e+00 -5.706577e-03)
209.15        	5.300622e-05	(0.000000e+00 0.000000e+00 -5.706577e-03)
209.25        	5.301017e-05	(0.000000e+00 0.000000e+00 -5.706577e-03)
209.35        	5.301382e-05	(0.000000e+00 0.000000e+00 -5.706577e-03)
209.45        	5.301829e-05	(0.000000e+00 0.000000e+00 -5.706577e-03)
209.55        	5.302234e-05	(0.000000e+00 0.000000e+00 -5.706577e-03)
209.65        	5.302511e-05	(0.000000e+00 0.000000e+00 -5.706577e-03)
209.75        	5.302793e-05	(0.000000e+00 0.000000e+00 -5.706577e-03)
209.85        	5.303070e-05	(0.000000e+00 0.000000e+00 -5.706577e-03)
209.95        	5.303381e-05	(0.000000e+00 0.000000e+00 -5.706577e-03)
210.05        	5.303734e-05	(0.000000e+00 0.000000e+00 -5.706577e-03)
210.15        	5.304171e-05	(0.000000e+00 0.000000e+00 -5.706577e-03)
210.25        	5.304611e-05	(0.000000e+00 0.000000e+00 -5.706577e-03)
210.35        	5.304960e-05	(0.000000e+00 0.000000e+00 -5.706577e-03)
210.45        	5.305300e-05	(0.000000e+00 0.000000e+00 -5.706577e-03)
210.55        	5.305709e-05	(0.000000e+00 0.000000e+00 -5.706577e-03)
210.65        	5.305982e-05	(0.000000e+00 0.000000e+00 -5.706577e-03)
210.75        	5.306312e-05	(0.000000e+00 0.000000e+00 -5.706577e-03)
210.85        	5.306668e-05	(0.000000e+00 0.000000e+00 -5.706577e-03)
210.95        	5.307087e-05	(0.000000e+00 0.000000e+00 -5.706577e-03)
211.05        	5.307377e-05	(0.000000e+00 0.000000e+00 -5.706577e-03)
211.15        	5.307681e-05	(0.000000e+00 0.000000e+00 -5.706577e-03)
211.25        	5.307980e-05	(0.000000e+00 0.000000e+00 -5.706577e-03)
211.35        	5.308311e-05	(0.000000e+00 0.000000e+00 -5.706577e-03)
211.45        	5.308614e-05	(0.000000e+00 0.000000e+00 -5.706577e-03)
211.55        	5.308976e-05	(0.000000e+00 0.000000e+00 -5.706577e-03)
211.65        	5.309297e-05	(0.000000e+00 0.000000e+00 -5.706577e-03)
211.75        	5.309599e-05	(0.000000e+00 0.000000e+00 -5.706577e-03)
211.85        	5.309886e-05	(0.000000e+00 0.000000e+00 -5.706577e-03)
211.95        	5.310120e-05	(0.000000e+00 0.000000e+00 -5.706577e-03)
212.05        	5.310412e-05	(0.000000e+00 0.000000e+00 -5.706577e-03)
212.15        	5.310705e-05	(0.000000e+00 0.000000e+00 -5.706577e-03)
212.25        	5.311080e-05	(0.000000e+00 0.000000e+00 -5.706577e-03)
212.35        	5.311593e-05	(0.000000e+00 0.000000e+00 -5.706577e-03)
212.45        	5.312071e-05	(0.000000e+00 0.000000e+00 -5.706577e-03)
212.55        	5.312474e-05	(0.000000e+00 0.000000e+00 -5.706577e-03)
212.65        	5.312730e-05	(0.000000e+00 0.000000e+00 -5.706577e-03)
212.75        	5.313059e-05	(0.000000e+00 0.000000e+00 -5.706577e-03)
212.85        	5.313403e-05	(0.000000e+00 0.000000e+00 -5.706577e-03)
212.95        	5.313874e-05	(0.000000e+00 0.000000e+00 -5.706577e-03)
213.05        	5.314239e-05	(0.000000e+00 0.000000e+00 -5.706577e-03)
213.15        	5.314504e-05	(0.000000e+00 0.000000e+00 -5.706577e-03)
213.25        	5.314809e-05	(0.000000e+00 0.000000e+00 -5.706577e-03)
213.35        	5.315214e-05	(0.000000e+00 0.000000e+00 -5.706577e-03)
213.45        	5.315614e-05	(0.000000e+00 0.000000e+00 -5.706577e-03)
213.55        	5.315968e-05	(0.000000e+00 0.000000e+00 -5.706577e-03)
213.65        	5.316269e-05	(0.000000e+00 0.000000e+00 -5.706577e-03)
213.75        	5.316589e-05	(0.000000e+00 0.000000e+00 -5.706577e-03)
213.85        	5.317043e-05	(0.000000e+00 0.000000e+00 -5.706577e-03)
213.95        	5.317471e-05	(0.000000e+00 0.000000e+00 -5.706577e-03)
214.05        	5.317764e-05	(0.000000e+00 0.000000e+00 -5.706577e-03)
214.15        	5.317995e-05	(0.000000e+00 0.000000e+00 -5.706577e-03)
214.25        	5.318286e-05	(0.000000e+00 0.000000e+00 -5.706577e-03)
214.35        	5.318634e-05	(0.000000e+00 0.000000e+00 -5.706577e-03)
214.45        	5.319009e-05	(0.000000e+00 0.000000e+00 -5.706577e-03)
214.55        	5.319357e-05	(0.000000e+00 0.000000e+00 -5.706577e-03)
214.65        	5.319640e-05	(0.000000e+00 0.000000e+00 -5.706577e-03)
214.75        	5.319947e-05	(0.000000e+00 0.000000e+00 -5.706577e-03)
214.85        	5.320297e-05	(0.000000e+00 0.000000e+00 -5.706577e-03)
214.95        	5.320706e-05	(0.000000e+00 0.000000e+00 -5.706577e-03)
215.05        	5.321031e-05	(0.000000e+00 0.000000e+00 -5.706577e-03)
215.15        	5.321308e-05	(0.000000e+00 0.000000e+00 -5.706577e-03)
215.25        	5.321555e-05	(0.000000e+00 0.000000e+00 -5.706577e-03)
215.35        	5.321735e-05	(0.000000e+00 0.000000e+00 -5.706577e-03)
215.45        	5.322008e-05	(0.000000e+00 0.000000e+00 -5.706577e-03)
215.55        	5.322441e-05	(0.000000e+00 0.000000e+00 -5.706577e-03)
215.65        	5.322857e-05	(0.000000e+00 0.000000e+00 -5.706577e-03)
215.75        	5.323217e-05	(0.000000e+00 0.000000e+00 -5.706577e-03)
215.85        	5.323604e-05	(0.000000e+00 0.000000e+00 -5.706577e-03)
215.95        	5.323969e-05	(0.000000e+00 0.000000e+00 -5.706577e-03)
216.05        	5.324311e-05	(0.000000e+00 0.000000e+00 -5.706577e-03)
216.15        	5.324747e-05	(0.000000e+00 0.000000e+00 -5.706577e-03)
216.25        	5.325221e-05	(0.000000e+00 0.000000e+00 -5.706577e-03)
216.35        	5.325612e-05	(0.000000e+00 0.000000e+00 -5.706577e-03)
216.45        	5.326006e-05	(0.000000e+00 0.000000e+00 -5.706577e-03)
216.55        	5.326352e-05	(0.000000e+00 0.000000e+00 -5.706577e-03)
216.65        	5.326691e-05	(0.000000e+00 0.000000e+00 -5.706577e-03)
216.75        	5.326904e-05	(0.000000e+00 0.000000e+00 -5.706577e-03)
216.85        	5.327150e-05	(0.000000e+00 0.000000e+00 -5.706577e-03)
216.95        	5.327486e-05	(0.000000e+00 0.000000e+00 -5.706577e-03)
217.05        	5.327782e-05	(0.000000e+00 0.000000e+00 -5.706577e-03)
217.15        	5.328085e-05	(0.000000e+00 0.000000e+00 -5.706577e-03)
217.25        	5.328382e-05	(0.000000e+00 0.000000e+00 -5.706577e-03)
217.35        	5.328730e-05	(0.000000e+00 0.000000e+00 -5.706577e-03)
217.45        	5.329197e-05	(0.000000e+00 0.000000e+00 -5.706577e-03)
217.55        	5.329563e-05	(0.000000e+00 0.000000e+00 -5.706577e-03)
217.65        	5.329881e-05	(0.000000e+00 0.000000e+00 -5.706577e-03)
217.75        	5.330276e-05	(0.000000e+00 0.000000e+00 -5.706577e-03)
217.85        	5.330615e-05	(0.000000e+00 0.000000e+00 -5.706577e-03)
217.95        	5.330930e-05	(0.000000e+00 0.000000e+00 -5.706577e-03)
218.05        	5.331260e-05	(0.000000e+00 0.000000e+00 -5.706577e-03)
218.15        	5.331605e-05	(0.000000e+00 0.000000e+00 -5.706577e-03)
218.25        	5.331909e-05	(0.000000e+00 0.000000e+00 -5.706577e-03)
218.35        	5.332258e-05	(0.000000e+00 0.000000e+00 -5.706577e-03)
218.45        	5.332637e-05	(0.000000e+00 0.000000e+00 -5.706577e-03)
218.55        	5.332969e-05	(0.000000e+00 0.000000e+00 -5.706577e-03)
218.65        	5.333278e-05	(0.000000e+00 0.000000e+00 -5.706577e-03)
218.75        	5.333585e-05	(0.000000e+00 0.000000e+00 -5.706577e-03)
218.85        	5.333918e-05	(0.000000e+00 0.000000e+00 -5.706577e-03)
218.95        	5.334222e-05	(0.000000e+00 0.000000e+00 -5.706577e-03)
219.05        	5.334575e-05	(0.000000e+00 0.000000e+00 -5.706577e-03)
219.15        	5.334939e-05	(0.000000e+00 0.000000e+00 -5.706577e-03)
219.25        	5.335327e-05	(0.000000e+00 0.000000e+00 -5.706577e-03)
219.35        	5.335680e-05	(0.000000e+00 0.000000e+00 -5.706577e-03)
219.45        	5.335998e-05	(0.000000e+00 0.000000e+00 -5.706577e-03)
219.55        	5.336327e-05	(0.000000e+00 0.000000e+00 -5.706577e-03)
219.65        	5.336645e-05	(0.000000e+00 0.000000e+00 -5.706577e-03)
219.75        	5.337034e-05	(0.000000e+00 0.000000e+00 -5.706577e-03)
219.85        	5.337472e-05	(0.000000e+00 0.000000e+00 -5.706577e-03)
219.95        	5.337899e-05	(0.000000e+00 0.000000e+00 -5.706577e-03)
220.05        	5.338233e-05	(0.000000e+00 0.000000e+00 -5.706577e-03)
220.15        	5.338554e-05	(0.000000e+00 0.000000e+00 -5.706577e-03)
220.25        	5.338778e-05	(0.000000e+00 0.000000e+00 -5.706577e-03)
220.35        	5.338978e-05	(0.000000e+00 0.000000e+00 -5.706577e-03)
220.45        	5.339194e-05	(0.000000e+00 0.000000e+00 -5.706577e-03)
220.55        	5.339560e-05	(0.000000e+00 0.000000e+00 -5.706577e-03)
220.65        	5.339948e-05	(0.000000e+00 0.000000e+00 -5.706577e-03)
220.75        	5.340328e-05	(0.000000e+00 0.000000e+00 -5.706577e-03)
220.85        	5.340577e-05	(0.000000e+00 0.000000e+00 -5.706577e-03)
220.95        	5.340781e-05	(0.000000e+00 0.000000e+00 -5.706577e-03)
221.05        	5.341135e-05	(0.000000e+00 0.000000e+00 -5.706577e-03)
221.15        	5.341531e-05	(0.000000e+00 0.000000e+00 -5.706577e-03)
221.25        	5.341891e-05	(0.000000e+00 0.000000e+00 -5.706577e-03)
221.35        	5.342159e-05	(0.000000e+00 0.000000e+00 -5.706577e-03)
221.45        	5.342424e-05	(0.000000e+00 0.000000e+00 -5.706577e-03)
221.55        	5.342766e-05	(0.000000e+00 0.000000e+00 -5.706577e-03)
221.65        	5.343183e-05	(0.000000e+00 0.000000e+00 -5.706577e-03)
221.75        	5.343564e-05	(0.000000e+00 0.000000e+00 -5.706577e-03)
221.85        	5.343896e-05	(0.000000e+00 0.000000e+00 -5.706577e-03)
221.95        	5.344251e-05	(0.000000e+00 0.000000e+00 -5.706577e-03)
222.05        	5.344593e-05	(0.000000e+00 0.000000e+00 -5.706577e-03)
222.15        	5.344910e-05	(0.000000e+00 0.000000e+00 -5.706577e-03)
222.25        	5.345241e-05	(0.000000e+00 0.000000e+00 -5.706577e-03)
222.35        	5.345631e-05	(0.000000e+00 0.000000e+00 -5.706577e-03)
222.45        	5.346032e-05	(0.000000e+00 0.000000e+00 -5.706577e-03)
222.55        	5.346387e-05	(0.000000e+00 0.000000e+00 -5.706577e-03)
222.65        	5.346651e-05	(0.000000e+00 0.000000e+00 -5.706577e-03)
222.75        	5.346958e-05	(0.000000e+00 0.000000e+00 -5.706577e-03)
222.85        	5.347197e-05	(0.000000e+00 0.000000e+00 -5.706577e-03)
222.95        	5.347520e-05	(0.000000e+00 0.000000e+00 -5.706577e-03)
223.05        	5.347827e-05	(0.000000e+00 0.000000e+00 -5.706577e-03)
223.15        	5.348152e-05	(0.000000e+00 0.000000e+00 -5.706577e-03)
223.25        	5.348427e-05	(0.000000e+00 0.000000e+00 -5.706577e-03)
223.35        	5.348692e-05	(0.000000e+00 0.000000e+00 -5.706577e-03)
223.45        	5.349039e-05	(0.000000e+00 0.000000e+00 -5.706577e-03)
223.55        	5.349523e-05	(0.000000e+00 0.000000e+00 -5.706577e-03)
223.65        	5.349977e-05	(0.000000e+00 0.000000e+00 -5.706577e-03)
223.75        	5.350345e-05	(0.000000e+00 0.000000e+00 -5.706577e-03)
223.85        	5.350675e-05	(0.000000e+00 0.000000e+00 -5.706577e-03)
223.95        	5.350998e-05	(0.000000e+00 0.000000e+00 -5.706577e-03)
224.05        	5.351321e-05	(0.000000e+00 0.000000e+00 -5.706577e-03)
224.15        	5.351580e-05	(0.000000e+00 0.000000e+00 -5.706577e-03)
224.25        	5.351892e-05	(0.000000e+00 0.000000e+00 -5.706577e-03)
224.35        	5.352264e-05	(0.000000e+00 0.000000e+00 -5.706577e-03)
224.45        	5.352598e-05	(0.000000e+00 0.000000e+00 -5.706577e-03)
224.55        	5.352830e-05	(0.000000e+00 0.000000e+00 -5.706577e-03)
224.65        	5.352996e-05	(0.000000e+00 0.000000e+00 -5.706577e-03)
224.75        	5.353216e-05	(0.000000e+00 0.000000e+00 -5.706577e-03)
224.85        	5.353609e-05	(0.000000e+00 0.000000e+00 -5.706577e-03)
224.95        	5.353895e-05	(0.000000e+00 0.000000e+00 -5.706577e-03)
225.05        	5.354183e-05	(0.000000e+00 0.000000e+00 -5.706577e-03)
225.15        	5.354526e-05	(0.000000e+00 0.000000e+00 -5.706577e-03)
225.25        	5.354848e-05	(0.000000e+00 0.000000e+00 -5.706577e-03)
225.35        	5.355237e-05	(0.000000e+00 0.000000e+00 -5.706577e-03)
225.45        	5.355586e-05	(0.000000e+00 0.000000e+00 -5.706577e-03)
225.55        	5.355890e-05	(0.000000e+00 0.000000e+00 -5.706577e-03)
225.65        	5.356105e-05	(0.000000e+00 0.000000e+00 -5.706577e-03)
225.75        	5.356323e-05	(0.000000e+00 0.000000e+00 -5.706577e-03)
225.85        	5.356617e-05	(0.000000e+00 0.000000e+00 -5.706577e-03)
225.95        	5.357039e-05	(0.000000e+00 0.000000e+00 -5.706577e-03)
226.05        	5.357354e-05	(0.000000e+00 0.000000e+00 -5.706577e-03)
226.15        	5.357665e-05	(0.000000e+00 0.000000e+00 -5.706577e-03)
226.25        	5.358005e-05	(0.000000e+00 0.000000e+00 -5.706577e-03)
226.35        	5.358299e-05	(0.000000e+00 0.000000e+00 -5.706577e-03)
226.45        	5.358591e-05	(0.000000e+00 0.000000e+00 -5.706577e-03)
226.55        	5.358824e-05	(0.000000e+00 0.000000e+00 -5.706577e-03)
226.65        	5.359112e-05	(0.000000e+00 0.000000e+00 -5.706577e-03)
226.75        	5.359421e-05	(0.000000e+00 0.000000e+00 -5.706577e-03)
226.85        	5.359697e-05	(0.000000e+00 0.000000e+00 -5.706577e-03)
226.95        	5.359954e-05	(0.000000e+00 0.000000e+00 -5.706577e-03)
227.05        	5.360170e-05	(0.000000e+00 0.000000e+00 -5.706577e-03)
227.15        	5.360469e-05	(0.000000e+00 0.000000e+00 -5.706577e-03)
227.25        	5.360873e-05	(0.000000e+00 0.000000e+00 -5.706577e-03)
227.35        	5.361278e-05	(0.000000e+00 0.000000e+00 -5.706577e-03)
227.45        	5.361641e-05	(0.000000e+00 0.000000e+00 -5.706577e-03)
227.55        	5.362000e-05	(0.000000e+00 0.000000e+00 -5.706577e-03)
227.65        	5.362348e-05	(0.000000e+00 0.000000e+00 -5.706577e-03)
227.75        	5.362689e-05	(0.000000e+00 0.000000e+00 -5.706577e-03)
227.85        	5.362950e-05	(0.000000e+00 0.000000e+00 -5.706577e-03)
227.95        	5.363154e-05	(0.000000e+00 0.000000e+00 -5.706577e-03)
228.05        	5.363484e-05	(0.000000e+00 0.000000e+00 -5.706577e-03)
228.15        	5.363982e-05	(0.000000e+00 0.000000e+00 -5.706577e-03)
228.25        	5.364399e-05	(0.000000e+00 0.000000e+00 -5.706577e-03)
228.35        	5.364690e-05	(0.000000e+00 0.000000e+00 -5.706577e-03)
228.45        	5.365025e-05	(0.000000e+00 0.000000e+00 -5.706577e-03)
228.55        	5.365348e-05	(0.000000e+00 0.000000e+00 -5.706577e-03)
228.65        	5.365631e-05	(0.000000e+00 0.000000e+00 -5.706577e-03)
228.75        	5.365890e-05	(0.000000e+00 0.000000e+00 -5.706577e-03)
228.85        	5.366238e-05	(0.000000e+00 0.000000e+00 -5.706577e-03)
228.95        	5.366555e-05	(0.000000e+00 0.000000e+00 -5.706577e-03)
229.05        	5.366902e-05	(0.000000e+00 0.000000e+00 -5.706577e-03)
229.15        	5.367240e-05	(0.000000e+00 0.000000e+00 -5.706577e-03)
229.25        	5.367558e-05	(0.000000e+00 0.000000e+00 -5.706577e-03)
229.35        	5.367768e-05	(0.000000e+00 0.000000e+00 -5.706577e-03)
229.45        	5.367979e-05	(0.000000e+00 0.000000e+00 -5.706577e-03)
229.55        	5.368264e-05	(0.000000e+00 0.000000e+00 -5.706577e-03)
229.65        	5.368584e-05	(0.000000e+00 0.000000e+00 -5.706577e-03)
229.75        	5.368865e-05	(0.000000e+00 0.000000e+00 -5.706577e-03)
229.85        	5.369239e-05	(0.000000e+00 0.000000e+00 -5.706577e-03)
229.95        	5.369599e-05	(0.000000e+00 0.000000e+00 -5.706577e-03)
230.05        	5.369923e-05	(0.000000e+00 0.000000e+00 -5.706577e-03)
230.15        	5.370210e-05	(0.000000e+00 0.000000e+00 -5.706577e-03)
230.25        	5.370502e-05	(0.000000e+00 0.000000e+00 -5.706577e-03)
230.35        	5.370811e-05	(0.000000e+00 0.000000e+00 -5.706577e-03)
230.45        	5.371163e-05	(0.000000e+00 0.000000e+00 -5.706577e-03)
230.55        	5.371558e-05	(0.000000e+00 0.000000e+00 -5.706577e-03)
230.65        	5.371952e-05	(0.000000e+00 0.000000e+00 -5.706577e-03)
230.75        	5.372311e-05	(0.000000e+00 0.000000e+00 -5.706577e-03)
230.85        	5.372608e-05	(0.000000e+00 0.000000e+00 -5.706577e-03)
230.95        	5.372944e-05	(0.000000e+00 0.000000e+00 -5.706577e-03)
231.05        	5.373356e-05	(0.000000e+00 0.000000e+00 -5.706577e-03)
231.15        	5.373675e-05	(0.000000e+00 0.000000e+00 -5.706577e-03)
231.25        	5.373991e-05	(0.000000e+00 0.000000e+00 -5.706577e-03)
231.35        	5.374265e-05	(0.000000e+00 0.000000e+00 -5.706577e-03)
231.45        	5.374578e-05	(0.000000e+00 0.000000e+00 -5.706577e-03)
231.55        	5.374857e-05	(0.000000e+00 0.000000e+00 -5.706577e-03)
231.65        	5.375161e-05	(0.000000e+00 0.000000e+00 -5.706577e-03)
231.75        	5.375489e-05	(0.000000e+00 0.000000e+00 -5.706577e-03)
231.85        	5.375853e-05	(0.000000e+00 0.000000e+00 -5.706577e-03)
231.95        	5.376207e-05	(0.000000e+00 0.000000e+00 -5.706577e-03)
232.05        	5.376514e-05	(0.000000e+00 0.000000e+00 -5.706577e-03)
232.15        	5.376764e-05	(0.000000e+00 0.000000e+00 -5.706577e-03)
232.25        	5.376966e-05	(0.000000e+00 0.000000e+00 -5.706577e-03)
232.35        	5.377261e-05	(0.000000e+00 0.000000e+00 -5.706577e-03)
232.45        	5.377610e-05	(0.000000e+00 0.000000e+00 -5.706577e-03)
232.55        	5.377955e-05	(0.000000e+00 0.000000e+00 -5.706577e-03)
232.65        	5.378209e-05	(0.000000e+00 0.000000e+00 -5.706577e-03)
232.75        	5.378460e-05	(0.000000e+00 0.000000e+00 -5.706577e-03)
232.85        	5.378841e-05	(0.000000e+00 0.000000e+00 -5.706577e-03)
232.95        	5.379115e-05	(0.000000e+00 0.000000e+00 -5.706577e-03)
233.05        	5.379321e-05	(0.000000e+00 0.000000e+00 -5.706577e-03)
233.15        	5.379642e-05	(0.000000e+00 0.000000e+00 -5.706577e-03)
233.25        	5.379978e-05	(0.000000e+00 0.000000e+00 -5.706577e-03)
233.35        	5.380354e-05	(0.000000e+00 0.000000e+00 -5.706577e-03)
233.45        	5.380671e-05	(0.000000e+00 0.000000e+00 -5.706577e-03)
233.55        	5.380884e-05	(0.000000e+00 0.000000e+00 -5.706577e-03)
233.65        	5.381097e-05	(0.000000e+00 0.000000e+00 -5.706577e-03)
233.75        	5.381322e-05	(0.000000e+00 0.000000e+00 -5.706577e-03)
233.85        	5.381713e-05	(0.000000e+00 0.000000e+00 -5.706577e-03)
233.95        	5.382104e-05	(0.000000e+00 0.000000e+00 -5.706577e-03)
234.05        	5.382374e-05	(0.000000e+00 0.000000e+00 -5.706577e-03)
234.15        	5.382586e-05	(0.000000e+00 0.000000e+00 -5.706577e-03)
234.25        	5.382783e-05	(0.000000e+00 0.000000e+00 -5.706577e-03)
234.35        	5.383060e-05	(0.000000e+00 0.000000e+00 -5.706577e-03)
234.45        	5.383391e-05	(0.000000e+00 0.000000e+00 -5.706577e-03)
234.55        	5.383815e-05	(0.000000e+00 0.000000e+00 -5.706577e-03)
234.65        	5.384197e-05	(0.000000e+00 0.000000e+00 -5.706577e-03)
234.75        	5.384461e-05	(0.000000e+00 0.000000e+00 -5.706577e-03)
234.85        	5.384493e-05	(0.000000e+00 0.000000e+00 -5.706577e-03)
234.95        	5.384583e-05	(0.000000e+00 0.000000e+00 -5.706577e-03)
235.05        	5.384814e-05	(0.000000e+00 0.000000e+00 -5.706577e-03)
235.15        	5.385223e-05	(0.000000e+00 0.000000e+00 -5.706577e-03)
235.25        	5.385598e-05	(0.000000e+00 0.000000e+00 -5.706577e-03)
235.35        	5.385904e-05	(0.000000e+00 0.000000e+00 -5.706577e-03)
235.45        	5.386195e-05	(0.000000e+00 0.000000e+00 -5.706577e-03)
235.55        	5.386427e-05	(0.000000e+00 0.000000e+00 -5.706577e-03)
235.65        	5.386770e-05	(0.000000e+00 0.000000e+00 -5.706577e-03)
235.75        	5.387050e-05	(0.000000e+00 0.000000e+00 -5.706577e-03)
235.85        	5.387395e-05	(0.000000e+00 0.000000e+00 -5.706577e-03)
235.95        	5.387714e-05	(0.000000e+00 0.000000e+00 -5.706577e-03)
236.05        	5.388020e-05	(0.000000e+00 0.000000e+00 -5.706577e-03)
236.15        	5.388331e-05	(0.000000e+00 0.000000e+00 -5.706577e-03)
236.25        	5.388530e-05	(0.000000e+00 0.000000e+00 -5.706577e-03)
236.35        	5.388773e-05	(0.000000e+00 0.000000e+00 -5.706577e-03)
236.45        	5.389042e-05	(0.000000e+00 0.000000e+00 -5.706577e-03)
236.55        	5.389351e-05	(0.000000e+00 0.000000e+00 -5.706577e-03)
236.65        	5.389709e-05	(0.000000e+00 0.000000e+00 -5.706577e-03)
236.75        	5.389956e-05	(0.000000e+00 0.000000e+00 -5.706577e-03)
236.85        	5.390153e-05	(0.000000e+00 0.000000e+00 -5.706577e-03)
236.95        	5.390401e-05	(0.000000e+00 0.000000e+00 -5.706577e-03)
237.05        	5.390650e-05	(0.000000e+00 0.000000e+00 -5.706577e-03)
237.15        	5.390940e-05	(0.000000e+00 0.000000e+00 -5.706577e-03)
237.25        	5.391198e-05	(0.000000e+00 0.000000e+00 -5.706577e-03)
237.35        	5.391532e-05	(0.000000e+00 0.000000e+00 -5.706577e-03)
237.45        	5.391828e-05	(0.000000e+00 0.000000e+00 -5.706577e-03)
237.55        	5.392165e-05	(0.000000e+00 0.000000e+00 -5.706577e-03)
237.65        	5.392471e-05	(0.000000e+00 0.000000e+00 -5.706577e-03)
237.75        	5.392714e-05	(0.000000e+00 0.000000e+00 -5.706577e-03)
237.85        	5.393009e-05	(0.000000e+00 0.000000e+00 -5.706577e-03)
237.95        	5.393336e-05	(0.000000e+00 0.000000e+00 -5.706577e-03)
238.05        	5.393619e-05	(0.000000e+00 0.000000e+00 -5.706577e-03)
238.15        	5.393901e-05	(0.000000e+00 0.000000e+00 -5.706577e-03)
238.25        	5.394105e-05	(0.000000e+00 0.000000e+00 -5.706577e-03)
238.35        	5.394328e-05	(0.000000e+00 0.000000e+00 -5.706577e-03)
238.45        	5.394588e-05	(0.000000e+00 0.000000e+00 -5.706577e-03)
238.55        	5.394788e-05	(0.000000e+00 0.000000e+00 -5.706577e-03)
238.65        	5.395135e-05	(0.000000e+00 0.000000e+00 -5.706577e-03)
238.75        	5.395452e-05	(0.000000e+00 0.000000e+00 -5.706577e-03)
238.85        	5.395791e-05	(0.000000e+00 0.000000e+00 -5.706577e-03)
238.95        	5.396071e-05	(0.000000e+00 0.000000e+00 -5.706577e-03)
239.05        	5.396376e-05	(0.000000e+00 0.000000e+00 -5.706577e-03)
239.15        	5.396700e-05	(0.000000e+00 0.000000e+00 -5.706577e-03)
239.25        	5.397006e-05	(0.000000e+00 0.000000e+00 -5.706577e-03)
239.35        	5.397299e-05	(0.000000e+00 0.000000e+00 -5.706577e-03)
239.45        	5.397589e-05	(0.000000e+00 0.000000e+00 -5.706577e-03)
239.55        	5.397841e-05	(0.000000e+00 0.000000e+00 -5.706577e-03)
239.65        	5.398054e-05	(0.000000e+00 0.000000e+00 -5.706577e-03)
239.75        	5.398330e-05	(0.000000e+00 0.000000e+00 -5.706577e-03)
239.85        	5.398638e-05	(0.000000e+00 0.000000e+00 -5.706577e-03)
239.95        	5.398915e-05	(0.000000e+00 0.000000e+00 -5.706577e-03)
240.05        	5.399185e-05	(0.000000e+00 0.000000e+00 -5.706577e-03)
240.15        	5.399468e-05	(0.000000e+00 0.000000e+00 -5.706577e-03)
240.25        	5.399786e-05	(0.000000e+00 0.000000e+00 -5.706577e-03)
240.35        	5.400098e-05	(0.000000e+00 0.000000e+00 -5.706577e-03)
240.45        	5.400350e-05	(0.000000e+00 0.000000e+00 -5.706577e-03)
240.55        	5.400608e-05	(0.000000e+00 0.000000e+00 -5.706577e-03)
240.65        	5.400927e-05	(0.000000e+00 0.000000e+00 -5.706577e-03)
240.75        	5.401218e-05	(0.000000e+00 0.000000e+00 -5.706577e-03)
240.85        	5.401473e-05	(0.000000e+00 0.000000e+00 -5.706577e-03)
240.95        	5.401716e-05	(0.000000e+00 0.000000e+00 -5.706577e-03)
241.05        	5.401973e-05	(0.000000e+00 0.000000e+00 -5.706577e-03)
241.15        	5.402245e-05	(0.000000e+00 0.000000e+00 -5.706577e-03)
241.25        	5.402510e-05	(0.000000e+00 0.000000e+00 -5.706577e-03)
241.35        	5.402829e-05	(0.000000e+00 0.000000e+00 -5.706577e-03)
241.45        	5.403109e-05	(0.000000e+00 0.000000e+00 -5.706577e-03)
241.55        	5.403386e-05	(0.000000e+00 0.000000e+00 -5.706577e-03)
241.65        	5.403580e-05	(0.000000e+00 0.000000e+00 -5.706577e-03)
241.75        	5.403845e-05	(0.000000e+00 0.000000e+00 -5.706577e-03)
241.85        	5.404146e-05	(0.000000e+00 0.000000e+00 -5.706577e-03)
241.95        	5.404505e-05	(0.000000e+00 0.000000e+00 -5.706577e-03)
242.05        	5.404788e-05	(0.000000e+00 0.000000e+00 -5.706577e-03)
242.15        	5.405037e-05	(0.000000e+00 0.000000e+00 -5.706577e-03)
242.25        	5.405345e-05	(0.000000e+00 0.000000e+00 -5.706577e-03)
242.35        	5.405607e-05	(0.000000e+00 0.000000e+00 -5.706577e-03)
242.45        	5.405861e-05	(0.000000e+00 0.000000e+00 -5.706577e-03)
242.55        	5.406084e-05	(0.000000e+00 0.000000e+00 -5.706577e-03)
242.65        	5.406345e-05	(0.000000e+00 0.000000e+00 -5.706577e-03)
242.75        	5.406667e-05	(0.000000e+00 0.000000e+00 -5.706577e-03)
242.85        	5.406957e-05	(0.000000e+00 0.000000e+00 -5.706577e-03)
242.95        	5.407216e-05	(0.000000e+00 0.000000e+00 -5.706577e-03)
243.05        	5.407445e-05	(0.000000e+00 0.000000e+00 -5.706577e-03)
243.15        	5.407616e-05	(0.000000e+00 0.000000e+00 -5.706577e-03)
243.25        	5.407840e-05	(0.000000e+00 0.000000e+00 -5.706577e-03)
243.35        	5.408106e-05	(0.000000e+00 0.000000e+00 -5.706577e-03)
243.45        	5.408337e-05	(0.000000e+00 0.000000e+00 -5.706577e-03)
243.55        	5.408610e-05	(0.000000e+00 0.000000e+00 -5.706577e-03)
243.65        	5.408879e-05	(0.000000e+00 0.000000e+00 -5.706577e-03)
243.75        	5.409104e-05	(0.000000e+00 0.000000e+00 -5.706577e-03)
243.85        	5.409257e-05	(0.000000e+00 0.000000e+00 -5.706577e-03)
243.95        	5.409426e-05	(0.000000e+00 0.000000e+00 -5.706577e-03)
244.05        	5.409625e-05	(0.000000e+00 0.000000e+00 -5.706577e-03)
244.15        	5.409881e-05	(0.000000e+00 0.000000e+00 -5.706577e-03)
244.25        	5.410164e-05	(0.000000e+00 0.000000e+00 -5.706577e-03)
244.35        	5.410444e-05	(0.000000e+00 0.000000e+00 -5.706577e-03)
244.45        	5.410719e-05	(0.000000e+00 0.000000e+00 -5.706577e-03)
244.55        	5.411107e-05	(0.000000e+00 0.000000e+00 -5.706577e-03)
244.65        	5.411456e-05	(0.000000e+00 0.000000e+00 -5.706577e-03)
244.75        	5.411712e-05	(0.000000e+00 0.000000e+00 -5.706577e-03)
244.85        	5.411907e-05	(0.000000e+00 0.000000e+00 -5.706577e-03)
244.95        	5.412135e-05	(0.000000e+00 0.000000e+00 -5.706577e-03)
245.05        	5.412381e-05	(0.000000e+00 0.000000e+00 -5.706577e-03)
245.15        	5.412654e-05	(0.000000e+00 0.000000e+00 -5.706577e-03)
245.25        	5.412985e-05	(0.000000e+00 0.000000e+00 -5.706577e-03)
245.35        	5.413273e-05	(0.000000e+00 0.000000e+00 -5.706577e-03)
245.45        	5.413541e-05	(0.000000e+00 0.000000e+00 -5.706577e-03)
245.55        	5.413722e-05	(0.000000e+00 0.000000e+00 -5.706577e-03)
245.65        	5.413973e-05	(0.000000e+00 0.000000e+00 -5.706577e-03)
245.75        	5.414280e-05	(0.000000e+00 0.000000e+00 -5.706577e-03)
245.85        	5.414500e-05	(0.000000e+00 0.000000e+00 -5.706577e-03)
245.95        	5.414666e-05	(0.000000e+00 0.000000e+00 -5.706577e-03)
246.05        	5.414857e-05	(0.000000e+00 0.000000e+00 -5.706577e-03)
246.15        	5.415031e-05	(0.000000e+00 0.000000e+00 -5.706577e-03)
246.25        	5.415316e-05	(0.000000e+00 0.000000e+00 -5.706577e-03)
246.35        	5.415642e-05	(0.000000e+00 0.000000e+00 -5.706577e-03)
246.45        	5.415907e-05	(0.000000e+00 0.000000e+00 -5.706577e-03)
246.55        	5.416192e-05	(0.000000e+00 0.000000e+00 -5.706577e-03)
246.65        	5.416478e-05	(0.000000e+00 0.000000e+00 -5.706577e-03)
246.75        	5.416714e-05	(0.000000e+00 0.000000e+00 -5.706577e-03)
246.85        	5.417014e-05	(0.000000e+00 0.000000e+00 -5.706577e-03)
246.95        	5.417258e-05	(0.000000e+00 0.000000e+00 -5.706577e-03)
247.05        	5.417487e-05	(0.000000e+00 0.000000e+00 -5.706577e-03)
247.15        	5.417697e-05	(0.000000e+00 0.000000e+00 -5.706577e-03)
247.25        	5.417955e-05	(0.000000e+00 0.000000e+00 -5.706577e-03)
247.35        	5.418257e-05	(0.000000e+00 0.000000e+00 -5.706577e-03)
247.45        	5.418565e-05	(0.000000e+00 0.000000e+00 -5.706577e-03)
247.55        	5.418851e-05	(0.000000e+00 0.000000e+00 -5.706577e-03)
247.65        	5.419085e-05	(0.000000e+00 0.000000e+00 -5.706577e-03)
247.75        	5.419317e-05	(0.000000e+00 0.000000e+00 -5.706577e-03)
247.85        	5.419590e-05	(0.000000e+00 0.000000e+00 -5.706577e-03)
247.95        	5.419775e-05	(0.000000e+00 0.000000e+00 -5.706577e-03)
248.05        	5.419963e-05	(0.000000e+00 0.000000e+00 -5.706577e-03)
248.15        	5.420170e-05	(0.000000e+00 0.000000e+00 -5.706577e-03)
248.25        	5.420228e-05	(0.000000e+00 0.000000e+00 -5.706577e-03)
248.35        	5.420459e-05	(0.000000e+00 0.000000e+00 -5.706577e-03)
248.45        	5.420709e-05	(0.000000e+00 0.000000e+00 -5.706577e-03)
248.55        	5.421019e-05	(0.000000e+00 0.000000e+00 -5.706577e-03)
248.65        	5.421353e-05	(0.000000e+00 0.000000e+00 -5.706577e-03)
248.75        	5.421646e-05	(0.000000e+00 0.000000e+00 -5.706577e-03)
248.85        	5.421943e-05	(0.000000e+00 0.000000e+00 -5.706577e-03)
248.95        	5.422126e-05	(0.000000e+00 0.000000e+00 -5.706577e-03)
249.05        	5.422357e-05	(0.000000e+00 0.000000e+00 -5.706577e-03)
249.15        	5.422610e-05	(0.000000e+00 0.000000e+00 -5.706577e-03)
249.25        	5.422857e-05	(0.000000e+00 0.000000e+00 -5.706577e-03)
249.35        	5.423103e-05	(0.000000e+00 0.000000e+00 -5.706577e-03)
249.45        	5.423364e-05	(0.000000e+00 0.000000e+00 -5.706577e-03)
249.55        	5.423623e-05	(0.000000e+00 0.000000e+00 -5.706577e-03)
249.65        	5.423840e-05	(0.000000e+00 0.000000e+00 -5.706577e-03)
249.75        	5.424038e-05	(0.000000e+00 0.000000e+00 -5.706577e-03)
249.85        	5.424277e-05	(0.000000e+00 0.000000e+00 -5.706577e-03)
249.95        	5.424534e-05	(0.000000e+00 0.000000e+00 -5.706577e-03)
250.05        	5.424809e-05	(0.000000e+00 0.000000e+00 -5.706577e-03)
250.15        	5.425007e-05	(0.000000e+00 0.000000e+00 -5.706577e-03)
250.25        	5.425189e-05	(0.000000e+00 0.000000e+00 -5.706577e-03)
250.35        	5.425428e-05	(0.000000e+00 0.000000e+00 -5.706577e-03)
250.45        	5.425770e-05	(0.000000e+00 0.000000e+00 -5.706577e-03)
250.55        	5.426083e-05	(0.000000e+00 0.000000e+00 -5.706577e-03)
250.65        	5.426326e-05	(0.000000e+00 0.000000e+00 -5.706577e-03)
250.75        	5.426568e-05	(0.000000e+00 0.000000e+00 -5.706577e-03)
250.85        	5.426785e-05	(0.000000e+00 0.000000e+00 -5.706577e-03)
250.95        	5.426954e-05	(0.000000e+00 0.000000e+00 -5.706577e-03)
251.05        	5.427128e-05	(0.000000e+00 0.000000e+00 -5.706577e-03)
251.15        	5.427323e-05	(0.000000e+00 0.000000e+00 -5.706577e-03)
251.25        	5.427513e-05	(0.000000e+00 0.000000e+00 -5.706577e-03)
251.35        	5.427749e-05	(0.000000e+00 0.000000e+00 -5.706577e-03)
251.45        	5.428061e-05	(0.000000e+00 0.000000e+00 -5.706577e-03)
251.55        	5.428348e-05	(0.000000e+00 0.000000e+00 -5.706577e-03)
251.65        	5.428539e-05	(0.000000e+00 0.000000e+00 -5.706577e-03)
251.75        	5.428669e-05	(0.000000e+00 0.000000e+00 -5.706577e-03)
251.85        	5.428799e-05	(0.000000e+00 0.000000e+00 -5.706577e-03)
251.95        	5.428977e-05	(0.000000e+00 0.000000e+00 -5.706577e-03)
252.05        	5.429183e-05	(0.000000e+00 0.000000e+00 -5.706577e-03)
252.15        	5.429423e-05	(0.000000e+00 0.000000e+00 -5.706577e-03)
252.25        	5.429663e-05	(0.000000e+00 0.000000e+00 -5.706577e-03)
252.35        	5.429892e-05	(0.000000e+00 0.000000e+00 -5.706577e-03)
252.45        	5.430125e-05	(0.000000e+00 0.000000e+00 -5.706577e-03)
252.55        	5.430406e-05	(0.000000e+00 0.000000e+00 -5.706577e-03)
252.65        	5.430738e-05	(0.000000e+00 0.000000e+00 -5.706577e-03)
252.75        	5.431026e-05	(0.000000e+00 0.000000e+00 -5.706577e-03)
252.85        	5.431251e-05	(0.000000e+00 0.000000e+00 -5.706577e-03)
252.95        	5.431462e-05	(0.000000e+00 0.000000e+00 -5.706577e-03)
253.05        	5.431705e-05	(0.000000e+00 0.000000e+00 -5.706577e-03)
253.15        	5.431888e-05	(0.000000e+00 0.000000e+00 -5.706577e-03)
253.25        	5.432072e-05	(0.000000e+00 0.000000e+00 -5.706577e-03)
253.35        	5.432251e-05	(0.000000e+00 0.000000e+00 -5.706577e-03)
253.45        	5.432462e-05	(0.000000e+00 0.000000e+00 -5.706577e-03)
253.55        	5.432732e-05	(0.000000e+00 0.000000e+00 -5.706577e-03)
253.65        	5.432998e-05	(0.000000e+00 0.000000e+00 -5.706577e-03)
253.75        	5.433295e-05	(0.000000e+00 0.000000e+00 -5.706577e-03)
253.85        	5.433545e-05	(0.000000e+00 0.000000e+00 -5.706577e-03)
253.95        	5.433807e-05	(0.000000e+00 0.000000e+00 -5.706577e-03)
254.05        	5.434004e-05	(0.000000e+00 0.000000e+00 -5.706577e-03)
254.15        	5.434193e-05	(0.000000e+00 0.000000e+00 -5.706577e-03)
254.25        	5.434364e-05	(0.000000e+00 0.000000e+00 -5.706577e-03)
254.35        	5.434539e-05	(0.000000e+00 0.000000e+00 -5.706577e-03)
254.45        	5.434667e-05	(0.000000e+00 0.000000e+00 -5.706577e-03)
254.55        	5.434877e-05	(0.000000e+00 0.000000e+00 -5.706577e-03)
254.65        	5.435194e-05	(0.000000e+00 0.000000e+00 -5.706577e-03)
254.75        	5.435466e-05	(0.000000e+00 0.000000e+00 -5.706577e-03)
254.85        	5.435706e-05	(0.000000e+00 0.000000e+00 -5.706577e-03)
254.95        	5.435961e-05	(0.000000e+00 0.000000e+00 -5.706577e-03)
255.05        	5.436189e-05	(0.000000e+00 0.000000e+00 -5.706577e-03)
255.15        	5.436411e-05	(0.000000e+00 0.000000e+00 -5.706577e-03)
255.25        	5.436651e-05	(0.000000e+00 0.000000e+00 -5.706577e-03)
255.35        	5.436927e-05	(0.000000e+00 0.000000e+00 -5.706577e-03)
255.45        	5.437162e-05	(0.000000e+00 0.000000e+00 -5.706577e-03)
255.55        	5.437313e-05	(0.000000e+00 0.000000e+00 -5.706577e-03)
255.65        	5.437500e-05	(0.000000e+00 0.000000e+00 -5.706577e-03)
255.75        	5.437709e-05	(0.000000e+00 0.000000e+00 -5.706577e-03)
255.85        	5.437971e-05	(0.000000e+00 0.000000e+00 -5.706577e-03)
255.95        	5.438261e-05	(0.000000e+00 0.000000e+00 -5.706577e-03)
256.05        	5.438506e-05	(0.000000e+00 0.000000e+00 -5.706577e-03)
256.15        	5.438710e-05	(0.000000e+00 0.000000e+00 -5.706577e-03)
256.25        	5.438948e-05	(0.000000e+00 0.000000e+00 -5.706577e-03)
256.35        	5.439229e-05	(0.000000e+00 0.000000e+00 -5.706577e-03)
256.45        	5.439498e-05	(0.000000e+00 0.000000e+00 -5.706577e-03)
256.55        	5.439735e-05	(0.000000e+00 0.000000e+00 -5.706577e-03)
256.65        	5.439967e-05	(0.000000e+00 0.000000e+00 -5.706577e-03)
256.75        	5.440162e-05	(0.000000e+00 0.000000e+00 -5.706577e-03)
256.85        	5.440332e-05	(0.000000e+00 0.000000e+00 -5.706577e-03)
256.95        	5.440467e-05	(0.000000e+00 0.000000e+00 -5.706577e-03)
257.05        	5.440624e-05	(0.000000e+00 0.000000e+00 -5.706577e-03)
257.15        	5.440854e-05	(0.000000e+00 0.000000e+00 -5.706577e-03)
257.25        	5.441105e-05	(0.000000e+00 0.000000e+00 -5.706577e-03)
257.35        	5.441290e-05	(0.000000e+00 0.000000e+00 -5.706577e-03)
257.45        	5.441490e-05	(0.000000e+00 0.000000e+00 -5.706577e-03)
257.55        	5.441709e-05	(0.000000e+00 0.000000e+00 -5.706577e-03)
257.65        	5.441921e-05	(0.000000e+00 0.000000e+00 -5.706577e-03)
257.75        	5.442130e-05	(0.000000e+00 0.000000e+00 -5.706577e-03)
257.85        	5.442330e-05	(0.000000e+00 0.000000e+00 -5.706577e-03)
257.95        	5.442576e-05	(0.000000e+00 0.000000e+00 -5.706577e-03)
258.05        	5.442779e-05	(0.000000e+00 0.000000e+00 -5.706577e-03)
258.15        	5.442941e-05	(0.000000e+00 0.000000e+00 -5.706577e-03)
258.25        	5.443135e-05	(0.000000e+00 0.000000e+00 -5.706577e-03)
258.35        	5.443348e-05	(0.000000e+00 0.000000e+00 -5.706577e-03)
258.45        	5.443597e-05	(0.000000e+00 0.000000e+00 -5.706577e-03)
258.55        	5.443808e-05	(0.000000e+00 0.000000e+00 -5.706577e-03)
258.65        	5.443984e-05	(0.000000e+00 0.000000e+00 -5.706577e-03)
258.75        	5.444233e-05	(0.000000e+00 0.000000e+00 -5.706577e-03)
258.85        	5.444562e-05	(0.000000e+00 0.000000e+00 -5.706577e-03)
258.95        	5.444788e-05	(0.000000e+00 0.000000e+00 -5.706577e-03)
259.05        	5.444977e-05	(0.000000e+00 0.000000e+00 -5.706577e-03)
259.15        	5.445121e-05	(0.000000e+00 0.000000e+00 -5.706577e-03)
259.25        	5.445312e-05	(0.000000e+00 0.000000e+00 -5.706577e-03)
259.35        	5.445619e-05	(0.000000e+00 0.000000e+00 -5.706577e-03)
259.45        	5.446024e-05	(0.000000e+00 0.000000e+00 -5.706577e-03)
259.55        	5.446322e-05	(0.000000e+00 0.000000e+00 -5.706577e-03)
259.65        	5.446529e-05	(0.000000e+00 0.000000e+00 -5.706577e-03)
259.75        	5.446677e-05	(0.000000e+00 0.000000e+00 -5.706577e-03)
259.85        	5.446822e-05	(0.000000e+00 0.000000e+00 -5.706577e-03)
259.95        	5.446990e-05	(0.000000e+00 0.000000e+00 -5.706577e-03)
260.05        	5.447191e-05	(0.000000e+00 0.000000e+00 -5.706577e-03)
260.15        	5.447389e-05	(0.000000e+00 0.000000e+00 -5.706577e-03)
260.25        	5.447596e-05	(0.000000e+00 0.000000e+00 -5.706577e-03)
260.35        	5.447794e-05	(0.000000e+00 0.000000e+00 -5.706577e-03)
260.45        	5.448030e-05	(0.000000e+00 0.000000e+00 -5.706577e-03)
260.55        	5.448276e-05	(0.000000e+00 0.000000e+00 -5.706577e-03)
260.65        	5.448465e-05	(0.000000e+00 0.000000e+00 -5.706577e-03)
260.75        	5.448694e-05	(0.000000e+00 0.000000e+00 -5.706577e-03)
260.85        	5.448897e-05	(0.000000e+00 0.000000e+00 -5.706577e-03)
260.95        	5.449105e-05	(0.000000e+00 0.000000e+00 -5.706577e-03)
261.05        	5.449353e-05	(0.000000e+00 0.000000e+00 -5.706577e-03)
261.15        	5.449615e-05	(0.000000e+00 0.000000e+00 -5.706577e-03)
261.25        	5.449897e-05	(0.000000e+00 0.000000e+00 -5.706577e-03)
261.35        	5.450197e-05	(0.000000e+00 0.000000e+00 -5.706577e-03)
261.45        	5.450389e-05	(0.000000e+00 0.000000e+00 -5.706577e-03)
261.55        	5.450553e-05	(0.000000e+00 0.000000e+00 -5.706577e-03)
261.65        	5.450701e-05	(0.000000e+00 0.000000e+00 -5.706577e-03)
261.75        	5.450916e-05	(0.000000e+00 0.000000e+00 -5.706577e-03)
261.85        	5.451145e-05	(0.000000e+00 0.000000e+00 -5.706577e-03)
261.95        	5.451372e-05	(0.000000e+00 0.000000e+00 -5.706577e-03)
262.05        	5.451609e-05	(0.000000e+00 0.000000e+00 -5.706577e-03)
262.15        	5.451808e-05	(0.000000e+00 0.000000e+00 -5.706577e-03)
262.25        	5.451982e-05	(0.000000e+00 0.000000e+00 -5.706577e-03)
262.35        	5.452176e-05	(0.000000e+00 0.000000e+00 -5.706577e-03)
262.45        	5.452448e-05	(0.000000e+00 0.000000e+00 -5.706577e-03)
262.55        	5.452707e-05	(0.000000e+00 0.000000e+00 -5.706577e-03)
262.65        	5.452924e-05	(0.000000e+00 0.000000e+00 -5.706577e-03)
262.75        	5.453105e-05	(0.000000e+00 0.000000e+00 -5.706577e-03)
262.85        	5.453276e-05	(0.000000e+00 0.000000e+00 -5.706577e-03)
262.95        	5.453349e-05	(0.000000e+00 0.000000e+00 -5.706577e-03)
263.05        	5.453492e-05	(0.000000e+00 0.000000e+00 -5.706577e-03)
263.15        	5.453687e-05	(0.000000e+00 0.000000e+00 -5.706577e-03)
263.25        	5.453899e-05	(0.000000e+00 0.000000e+00 -5.706577e-03)
263.35        	5.454140e-05	(0.000000e+00 0.000000e+00 -5.706577e-03)
263.45        	5.454387e-05	(0.000000e+00 0.000000e+00 -5.706577e-03)
263.55        	5.454569e-05	(0.000000e+00 0.000000e+00 -5.706577e-03)
263.65        	5.454746e-05	(0.000000e+00 0.000000e+00 -5.706577e-03)
263.75        	5.454901e-05	(0.000000e+00 0.000000e+00 -5.706577e-03)
263.85        	5.455001e-05	(0.000000e+00 0.000000e+00 -5.706577e-03)
263.95        	5.455190e-05	(0.000000e+00 0.000000e+00 -5.706577e-03)
264.05        	5.455495e-05	(0.000000e+00 0.000000e+00 -5.706577e-03)
264.15        	5.455792e-05	(0.000000e+00 0.000000e+00 -5.706577e-03)
264.25        	5.456082e-05	(0.000000e+00 0.000000e+00 -5.706577e-03)
264.35        	5.456321e-05	(0.000000e+00 0.000000e+00 -5.706577e-03)
264.45        	5.456495e-05	(0.000000e+00 0.000000e+00 -5.706577e-03)
264.55        	5.456680e-05	(0.000000e+00 0.000000e+00 -5.706577e-03)
264.65        	5.456898e-05	(0.000000e+00 0.000000e+00 -5.706577e-03)
264.75        	5.457147e-05	(0.000000e+00 0.000000e+00 -5.706577e-03)
264.85        	5.457364e-05	(0.000000e+00 0.000000e+00 -5.706577e-03)
264.95        	5.457558e-05	(0.000000e+00 0.000000e+00 -5.706577e-03)
265.05        	5.457760e-05	(0.000000e+00 0.000000e+00 -5.706577e-03)
265.15        	5.457963e-05	(0.000000e+00 0.000000e+00 -5.706577e-03)
265.25        	5.458244e-05	(0.000000e+00 0.000000e+00 -5.706577e-03)
265.35        	5.458525e-05	(0.000000e+00 0.000000e+00 -5.706577e-03)
265.45        	5.458765e-05	(0.000000e+00 0.000000e+00 -5.706577e-03)
265.55        	5.458930e-05	(0.000000e+00 0.000000e+00 -5.706577e-03)
265.65        	5.459114e-05	(0.000000e+00 0.000000e+00 -5.706577e-03)
265.75        	5.459355e-05	(0.000000e+00 0.000000e+00 -5.706577e-03)
265.85        	5.459652e-05	(0.000000e+00 0.000000e+00 -5.706577e-03)
265.95        	5.459879e-05	(0.000000e+00 0.000000e+00 -5.706577e-03)
266.05        	5.460071e-05	(0.000000e+00 0.000000e+00 -5.706577e-03)
266.15        	5.460256e-05	(0.000000e+00 0.000000e+00 -5.706577e-03)
266.25        	5.460448e-05	(0.000000e+00 0.000000e+00 -5.706577e-03)
266.35        	5.460619e-05	(0.000000e+00 0.000000e+00 -5.706577e-03)
266.45        	5.460809e-05	(0.000000e+00 0.000000e+00 -5.706577e-03)
266.55        	5.460974e-05	(0.000000e+00 0.000000e+00 -5.706577e-03)
266.65        	5.461164e-05	(0.000000e+00 0.000000e+00 -5.706577e-03)
266.75        	5.461281e-05	(0.000000e+00 0.000000e+00 -5.706577e-03)
266.85        	5.461385e-05	(0.000000e+00 0.000000e+00 -5.706577e-03)
266.95        	5.461555e-05	(0.000000e+00 0.000000e+00 -5.706577e-03)
267.05        	5.461768e-05	(0.000000e+00 0.000000e+00 -5.706577e-03)
267.15        	5.461928e-05	(0.000000e+00 0.000000e+00 -5.706577e-03)
267.25        	5.462057e-05	(0.000000e+00 0.000000e+00 -5.706577e-03)
267.35        	5.462273e-05	(0.000000e+00 0.000000e+00 -5.706577e-03)
267.45        	5.462455e-05	(0.000000e+00 0.000000e+00 -5.706577e-03)
267.55        	5.462692e-05	(0.000000e+00 0.000000e+00 -5.706577e-03)
267.65        	5.462914e-05	(0.000000e+00 0.000000e+00 -5.706577e-03)
267.75        	5.463050e-05	(0.000000e+00 0.000000e+00 -5.706577e-03)
267.85        	5.463204e-05	(0.000000e+00 0.000000e+00 -5.706577e-03)
267.95        	5.463343e-05	(0.000000e+00 0.000000e+00 -5.706577e-03)
268.05        	5.463511e-05	(0.000000e+00 0.000000e+00 -5.706577e-03)
268.15        	5.463759e-05	(0.000000e+00 0.000000e+00 -5.706577e-03)
268.25        	5.464020e-05	(0.000000e+00 0.000000e+00 -5.706577e-03)
268.35        	5.464311e-05	(0.000000e+00 0.000000e+00 -5.706577e-03)
268.45        	5.464550e-05	(0.000000e+00 0.000000e+00 -5.706577e-03)
268.55        	5.464733e-05	(0.000000e+00 0.000000e+00 -5.706577e-03)
268.65        	5.464934e-05	(0.000000e+00 0.000000e+00 -5.706577e-03)
268.75        	5.465138e-05	(0.000000e+00 0.000000e+00 -5.706577e-03)
268.85        	5.465325e-05	(0.000000e+00 0.000000e+00 -5.706577e-03)
268.95        	5.465450e-05	(0.000000e+00 0.000000e+00 -5.706577e-03)
269.05        	5.465608e-05	(0.000000e+00 0.000000e+00 -5.706577e-03)
269.15        	5.465808e-05	(0.000000e+00 0.000000e+00 -5.706577e-03)
269.25        	5.465990e-05	(0.000000e+00 0.000000e+00 -5.706577e-03)
269.35        	5.466198e-05	(0.000000e+00 0.000000e+00 -5.706577e-03)
269.45        	5.466428e-05	(0.000000e+00 0.000000e+00 -5.706577e-03)
269.55        	5.466615e-05	(0.000000e+00 0.000000e+00 -5.706577e-03)
269.65        	5.466815e-05	(0.000000e+00 0.000000e+00 -5.706577e-03)
269.75        	5.466942e-05	(0.000000e+00 0.000000e+00 -5.706577e-03)
269.85        	5.467074e-05	(0.000000e+00 0.000000e+00 -5.706577e-03)
269.95        	5.467229e-05	(0.000000e+00 0.000000e+00 -5.706577e-03)
270.05        	5.467442e-05	(0.000000e+00 0.000000e+00 -5.706577e-03)
270.15        	5.467699e-05	(0.000000e+00 0.000000e+00 -5.706577e-03)
270.25        	5.467982e-05	(0.000000e+00 0.000000e+00 -5.706577e-03)
270.35        	5.468196e-05	(0.000000e+00 0.000000e+00 -5.706577e-03)
270.45        	5.468365e-05	(0.000000e+00 0.000000e+00 -5.706577e-03)
270.55        	5.468533e-05	(0.000000e+00 0.000000e+00 -5.706577e-03)
270.65        	5.468725e-05	(0.000000e+00 0.000000e+00 -5.706577e-03)
270.75        	5.468926e-05	(0.000000e+00 0.000000e+00 -5.706577e-03)
270.85        	5.469145e-05	(0.000000e+00 0.000000e+00 -5.706577e-03)
270.95        	5.469429e-05	(0.000000e+00 0.000000e+00 -5.706577e-03)
271.05        	5.469692e-05	(0.000000e+00 0.000000e+00 -5.706577e-03)
271.15        	5.469875e-05	(0.000000e+00 0.000000e+00 -5.706577e-03)
271.25        	5.470044e-05	(0.000000e+00 0.000000e+00 -5.706577e-03)
271.35        	5.470253e-05	(0.000000e+00 0.000000e+00 -5.706577e-03)
271.45        	5.470477e-05	(0.000000e+00 0.000000e+00 -5.706577e-03)
271.55        	5.470707e-05	(0.000000e+00 0.000000e+00 -5.706577e-03)
271.65        	5.470885e-05	(0.000000e+00 0.000000e+00 -5.706577e-03)
271.75        	5.471009e-05	(0.000000e+00 0.000000e+00 -5.706577e-03)
271.85        	5.471092e-05	(0.000000e+00 0.000000e+00 -5.706577e-03)
271.95        	5.471212e-05	(0.000000e+00 0.000000e+00 -5.706577e-03)
272.05        	5.471391e-05	(0.000000e+00 0.000000e+00 -5.706577e-03)
272.15        	5.471611e-05	(0.000000e+00 0.000000e+00 -5.706577e-03)
272.25        	5.471789e-05	(0.000000e+00 0.000000e+00 -5.706577e-03)
272.35        	5.471962e-05	(0.000000e+00 0.000000e+00 -5.706577e-03)
272.45        	5.472151e-05	(0.000000e+00 0.000000e+00 -5.706577e-03)
272.55        	5.472380e-05	(0.000000e+00 0.000000e+00 -5.706577e-03)
272.65        	5.472609e-05	(0.000000e+00 0.000000e+00 -5.706577e-03)
272.75        	5.472845e-05	(0.000000e+00 0.000000e+00 -5.706577e-03)
272.85        	5.473028e-05	(0.000000e+00 0.000000e+00 -5.706577e-03)
272.95        	5.473125e-05	(0.000000e+00 0.000000e+00 -5.706577e-03)
273.05        	5.473248e-05	(0.000000e+00 0.000000e+00 -5.706577e-03)
273.15        	5.473431e-05	(0.000000e+00 0.000000e+00 -5.706577e-03)
273.25        	5.473612e-05	(0.000000e+00 0.000000e+00 -5.706577e-03)
273.35        	5.473799e-05	(0.000000e+00 0.000000e+00 -5.706577e-03)
273.45        	5.474082e-05	(0.000000e+00 0.000000e+00 -5.706577e-03)
273.55        	5.474401e-05	(0.000000e+00 0.000000e+00 -5.706577e-03)
273.65        	5.474629e-05	(0.000000e+00 0.000000e+00 -5.706577e-03)
273.75        	5.474847e-05	(0.000000e+00 0.000000e+00 -5.706577e-03)
273.85        	5.475110e-05	(0.000000e+00 0.000000e+00 -5.706577e-03)
273.95        	5.475334e-05	(0.000000e+00 0.000000e+00 -5.706577e-03)
274.05        	5.475534e-05	(0.000000e+00 0.000000e+00 -5.706577e-03)
274.15        	5.475730e-05	(0.000000e+00 0.000000e+00 -5.706577e-03)
274.25        	5.475948e-05	(0.000000e+00 0.000000e+00 -5.706577e-03)
274.35        	5.476132e-05	(0.000000e+00 0.000000e+00 -5.706577e-03)
274.45        	5.476311e-05	(0.000000e+00 0.000000e+00 -5.706577e-03)
274.55        	5.476444e-05	(0.000000e+00 0.000000e+00 -5.706577e-03)
274.65        	5.476594e-05	(0.000000e+00 0.000000e+00 -5.706577e-03)
274.75        	5.476842e-05	(0.000000e+00 0.000000e+00 -5.706577e-03)
274.85        	5.477018e-05	(0.000000e+00 0.000000e+00 -5.706577e-03)
274.95        	5.477147e-05	(0.000000e+00 0.000000e+00 -5.706577e-03)
275.05        	5.477240e-05	(0.000000e+00 0.000000e+00 -5.706577e-03)
275.15        	5.477404e-05	(0.000000e+00 0.000000e+00 -5.706577e-03)
275.25        	5.477636e-05	(0.000000e+00 0.000000e+00 -5.706577e-03)
275.35        	5.477881e-05	(0.000000e+00 0.000000e+00 -5.706577e-03)
275.45        	5.478067e-05	(0.000000e+00 0.000000e+00 -5.706577e-03)
275.55        	5.478209e-05	(0.000000e+00 0.000000e+00 -5.706577e-03)
275.65        	5.478330e-05	(0.000000e+00 0.000000e+00 -5.706577e-03)
275.75        	5.478513e-05	(0.000000e+00 0.000000e+00 -5.706577e-03)
275.85        	5.478757e-05	(0.000000e+00 0.000000e+00 -5.706577e-03)
275.95        	5.478944e-05	(0.000000e+00 0.000000e+00 -5.706577e-03)
276.05        	5.479076e-05	(0.000000e+00 0.000000e+00 -5.706577e-03)
276.15        	5.479211e-05	(0.000000e+00 0.000000e+00 -5.706577e-03)
276.25        	5.479403e-05	(0.000000e+00 0.000000e+00 -5.706577e-03)
276.35        	5.479579e-05	(0.000000e+00 0.000000e+00 -5.706577e-03)
276.45        	5.479750e-05	(0.000000e+00 0.000000e+00 -5.706577e-03)
276.55        	5.479978e-05	(0.000000e+00 0.000000e+00 -5.706577e-03)
276.65        	5.480209e-05	(0.000000e+00 0.000000e+00 -5.706577e-03)
276.75        	5.480470e-05	(0.000000e+00 0.000000e+00 -5.706577e-03)
276.85        	5.480690e-05	(0.000000e+00 0.000000e+00 -5.706577e-03)
276.95        	5.480906e-05	(0.000000e+00 0.000000e+00 -5.706577e-03)
277.05        	5.481125e-05	(0.000000e+00 0.000000e+00 -5.706577e-03)
277.15        	5.481370e-05	(0.000000e+00 0.000000e+00 -5.706577e-03)
277.25        	5.481635e-05	(0.000000e+00 0.000000e+00 -5.706577e-03)
277.35        	5.481832e-05	(0.000000e+00 0.000000e+00 -5.706577e-03)
277.45        	5.482071e-05	(0.000000e+00 0.000000e+00 -5.706577e-03)
277.55        	5.482283e-05	(0.000000e+00 0.000000e+00 -5.706577e-03)
277.65        	5.482487e-05	(0.000000e+00 0.000000e+00 -5.706577e-03)
277.75        	5.482659e-05	(0.000000e+00 0.000000e+00 -5.706577e-03)
277.85        	5.482750e-05	(0.000000e+00 0.000000e+00 -5.706577e-03)
277.95        	5.482931e-05	(0.000000e+00 0.000000e+00 -5.706577e-03)
278.05        	5.483199e-05	(0.000000e+00 0.000000e+00 -5.706577e-03)
278.15        	5.483429e-05	(0.000000e+00 0.000000e+00 -5.706577e-03)
278.25        	5.483558e-05	(0.000000e+00 0.000000e+00 -5.706577e-03)
278.35        	5.483713e-05	(0.000000e+00 0.000000e+00 -5.706577e-03)
278.45        	5.483863e-05	(0.000000e+00 0.000000e+00 -5.706577e-03)
278.55        	5.484042e-05	(0.000000e+00 0.000000e+00 -5.706577e-03)
278.65        	5.484208e-05	(0.000000e+00 0.000000e+00 -5.706577e-03)
278.75        	5.484426e-05	(0.000000e+00 0.000000e+00 -5.706577e-03)
278.85        	5.484659e-05	(0.000000e+00 0.000000e+00 -5.706577e-03)
278.95        	5.484866e-05	(0.000000e+00 0.000000e+00 -5.706577e-03)
279.05        	5.485017e-05	(0.000000e+00 0.000000e+00 -5.706577e-03)
279.15        	5.485225e-05	(0.000000e+00 0.000000e+00 -5.706577e-03)
279.25        	5.485448e-05	(0.000000e+00 0.000000e+00 -5.706577e-03)
279.35        	5.485638e-05	(0.000000e+00 0.000000e+00 -5.706577e-03)
279.45        	5.485813e-05	(0.000000e+00 0.000000e+00 -5.706577e-03)
279.55        	5.486019e-05	(0.000000e+00 0.000000e+00 -5.706577e-03)
279.65        	5.486241e-05	(0.000000e+00 0.000000e+00 -5.706577e-03)
279.75        	5.486457e-05	(0.000000e+00 0.000000e+00 -5.706577e-03)
279.85        	5.486710e-05	(0.000000e+00 0.000000e+00 -5.706577e-03)
279.95        	5.486966e-05	(0.000000e+00 0.000000e+00 -5.706577e-03)
280.05        	5.487204e-05	(0.000000e+00 0.000000e+00 -5.706577e-03)
280.15        	5.487377e-05	(0.000000e+00 0.000000e+00 -5.706577e-03)
280.25        	5.487564e-05	(0.000000e+00 0.000000e+00 -5.706577e-03)
280.35        	5.487769e-05	(0.000000e+00 0.000000e+00 -5.706577e-03)
280.45        	5.487994e-05	(0.000000e+00 0.000000e+00 -5.706577e-03)
280.55        	5.488244e-05	(0.000000e+00 0.000000e+00 -5.706577e-03)
280.65        	5.488478e-05	(0.000000e+00 0.000000e+00 -5.706577e-03)
280.75        	5.488686e-05	(0.000000e+00 0.000000e+00 -5.706577e-03)
280.85        	5.488848e-05	(0.000000e+00 0.000000e+00 -5.706577e-03)
280.95        	5.488945e-05	(0.000000e+00 0.000000e+00 -5.706577e-03)
281.05        	5.489040e-05	(0.000000e+00 0.000000e+00 -5.706577e-03)
281.15        	5.489189e-05	(0.000000e+00 0.000000e+00 -5.706577e-03)
281.25        	5.489370e-05	(0.000000e+00 0.000000e+00 -5.706577e-03)
281.35        	5.489580e-05	(0.000000e+00 0.000000e+00 -5.706577e-03)
281.45        	5.489786e-05	(0.000000e+00 0.000000e+00 -5.706577e-03)
281.55        	5.489951e-05	(0.000000e+00 0.000000e+00 -5.706577e-03)
281.65        	5.490117e-05	(0.000000e+00 0.000000e+00 -5.706577e-03)
281.75        	5.490309e-05	(0.000000e+00 0.000000e+00 -5.706577e-03)
281.85        	5.490480e-05	(0.000000e+00 0.000000e+00 -5.706577e-03)
281.95        	5.490647e-05	(0.000000e+00 0.000000e+00 -5.706577e-03)
282.05        	5.490784e-05	(0.000000e+00 0.000000e+00 -5.706577e-03)
282.15        	5.490932e-05	(0.000000e+00 0.000000e+00 -5.706577e-03)
282.25        	5.491123e-05	(0.000000e+00 0.000000e+00 -5.706577e-03)
282.35        	5.491335e-05	(0.000000e+00 0.000000e+00 -5.706577e-03)
282.45        	5.491513e-05	(0.000000e+00 0.000000e+00 -5.706577e-03)
282.55        	5.491696e-05	(0.000000e+00 0.000000e+00 -5.706577e-03)
282.65        	5.491907e-05	(0.000000e+00 0.000000e+00 -5.706577e-03)
282.75        	5.492089e-05	(0.000000e+00 0.000000e+00 -5.706577e-03)
282.85        	5.492295e-05	(0.000000e+00 0.000000e+00 -5.706577e-03)
282.95        	5.492449e-05	(0.000000e+00 0.000000e+00 -5.706577e-03)
283.05        	5.492618e-05	(0.000000e+00 0.000000e+00 -5.706577e-03)
283.15        	5.492779e-05	(0.000000e+00 0.000000e+00 -5.706577e-03)
283.25        	5.492945e-05	(0.000000e+00 0.000000e+00 -5.706577e-03)
283.35        	5.493104e-05	(0.000000e+00 0.000000e+00 -5.706577e-03)
283.45        	5.493303e-05	(0.000000e+00 0.000000e+00 -5.706577e-03)
283.55        	5.493480e-05	(0.000000e+00 0.000000e+00 -5.706577e-03)
283.65        	5.493682e-05	(0.000000e+00 0.000000e+00 -5.706577e-03)
283.75        	5.493873e-05	(0.000000e+00 0.000000e+00 -5.706577e-03)
283.85        	5.494065e-05	(0.000000e+00 0.000000e+00 -5.706577e-03)
283.95        	5.494242e-05	(0.000000e+00 0.000000e+00 -5.706577e-03)
284.05        	5.494435e-05	(0.000000e+00 0.000000e+00 -5.706577e-03)
284.15        	5.494604e-05	(0.000000e+00 0.000000e+00 -5.706577e-03)
284.25        	5.494794e-05	(0.000000e+00 0.000000e+00 -5.706577e-03)
284.35        	5.494951e-05	(0.000000e+00 0.000000e+00 -5.706577e-03)
284.45        	5.495096e-05	(0.000000e+00 0.000000e+00 -5.706577e-03)
284.55        	5.495269e-05	(0.000000e+00 0.000000e+00 -5.706577e-03)
284.65        	5.495487e-05	(0.000000e+00 0.000000e+00 -5.706577e-03)
284.75        	5.495588e-05	(0.000000e+00 0.000000e+00 -5.706577e-03)
284.85        	5.495765e-05	(0.000000e+00 0.000000e+00 -5.706577e-03)
284.95        	5.495987e-05	(0.000000e+00 0.000000e+00 -5.706577e-03)
285.05        	5.496131e-05	(0.000000e+00 0.000000e+00 -5.706577e-03)
285.15        	5.496265e-05	(0.000000e+00 0.000000e+00 -5.706577e-03)
285.25        	5.496475e-05	(0.000000e+00 0.000000e+00 -5.706577e-03)
285.35        	5.496663e-05	(0.000000e+00 0.000000e+00 -5.706577e-03)
285.45        	5.496834e-05	(0.000000e+00 0.000000e+00 -5.706577e-03)
285.55        	5.497011e-05	(0.000000e+00 0.000000e+00 -5.706577e-03)
285.65        	5.497207e-05	(0.000000e+00 0.000000e+00 -5.706577e-03)
285.75        	5.497429e-05	(0.000000e+00 0.000000e+00 -5.706577e-03)
285.85        	5.497674e-05	(0.000000e+00 0.000000e+00 -5.706577e-03)
285.95        	5.497860e-05	(0.000000e+00 0.000000e+00 -5.706577e-03)
286.05        	5.498050e-05	(0.000000e+00 0.000000e+00 -5.706577e-03)
286.15        	5.498239e-05	(0.000000e+00 0.000000e+00 -5.706577e-03)
286.25        	5.498437e-05	(0.000000e+00 0.000000e+00 -5.706577e-03)
286.35        	5.498670e-05	(0.000000e+00 0.000000e+00 -5.706577e-03)
286.45        	5.498918e-05	(0.000000e+00 0.000000e+00 -5.706577e-03)
286.55        	5.499183e-05	(0.000000e+00 0.000000e+00 -5.706577e-03)
286.65        	5.499420e-05	(0.000000e+00 0.000000e+00 -5.706577e-03)
286.75        	5.499564e-05	(0.000000e+00 0.000000e+00 -5.706577e-03)
286.85        	5.499688e-05	(0.000000e+00 0.000000e+00 -5.706577e-03)
286.95        	5.499881e-05	(0.000000e+00 0.000000e+00 -5.706577e-03)
287.05        	5.500116e-05	(0.000000e+00 0.000000e+00 -5.706577e-03)
287.15        	5.500366e-05	(0.000000e+00 0.000000e+00 -5.706577e-03)
287.25        	5.500506e-05	(0.000000e+00 0.000000e+00 -5.706577e-03)
287.35        	5.500616e-05	(0.000000e+00 0.000000e+00 -5.706577e-03)
287.45        	5.500763e-05	(0.000000e+00 0.000000e+00 -5.706577e-03)
287.55        	5.500950e-05	(0.000000e+00 0.000000e+00 -5.706577e-03)
287.65        	5.501120e-05	(0.000000e+00 0.000000e+00 -5.706577e-03)
287.75        	5.501291e-05	(0.000000e+00 0.000000e+00 -5.706577e-03)
287.85        	5.501413e-05	(0.000000e+00 0.000000e+00 -5.706577e-03)
287.95        	5.501491e-05	(0.000000e+00 0.000000e+00 -5.706577e-03)
288.05        	5.501603e-05	(0.000000e+00 0.000000e+00 -5.706577e-03)
288.15        	5.501785e-05	(0.000000e+00 0.000000e+00 -5.706577e-03)
288.25        	5.501953e-05	(0.000000e+00 0.000000e+00 -5.706577e-03)
288.35        	5.502147e-05	(0.000000e+00 0.000000e+00 -5.706577e-03)
288.45        	5.502314e-05	(0.000000e+00 0.000000e+00 -5.706577e-03)
288.55        	5.502432e-05	(0.000000e+00 0.000000e+00 -5.706577e-03)
288.65        	5.502552e-05	(0.000000e+00 0.000000e+00 -5.706577e-03)
288.75        	5.502721e-05	(0.000000e+00 0.000000e+00 -5.706577e-03)
288.85        	5.502847e-05	(0.000000e+00 0.000000e+00 -5.706577e-03)
288.95        	5.503041e-05	(0.000000e+00 0.000000e+00 -5.706577e-03)
289.05        	5.503285e-05	(0.000000e+00 0.000000e+00 -5.706577e-03)
289.15        	5.503441e-05	(0.000000e+00 0.000000e+00 -5.706577e-03)
289.25        	5.503559e-05	(0.000000e+00 0.000000e+00 -5.706577e-03)
289.35        	5.503708e-05	(0.000000e+00 0.000000e+00 -5.706577e-03)
289.45        	5.503890e-05	(0.000000e+00 0.000000e+00 -5.706577e-03)
289.55        	5.504029e-05	(0.000000e+00 0.000000e+00 -5.706577e-03)
289.65        	5.504214e-05	(0.000000e+00 0.000000e+00 -5.706577e-03)
289.75        	5.504458e-05	(0.000000e+00 0.000000e+00 -5.706577e-03)
289.85        	5.504704e-05	(0.000000e+00 0.000000e+00 -5.706577e-03)
289.95        	5.504945e-05	(0.000000e+00 0.000000e+00 -5.706577e-03)
290.05        	5.505183e-05	(0.000000e+00 0.000000e+00 -5.706577e-03)
290.15        	5.505366e-05	(0.000000e+00 0.000000e+00 -5.706577e-03)
290.25        	5.505599e-05	(0.000000e+00 0.000000e+00 -5.706577e-03)
290.35        	5.505830e-05	(0.000000e+00 0.000000e+00 -5.706577e-03)
290.45        	5.506027e-05	(0.000000e+00 0.000000e+00 -5.706577e-03)
290.55        	5.506189e-05	(0.000000e+00 0.000000e+00 -5.706577e-03)
290.65        	5.506313e-05	(0.000000e+00 0.000000e+00 -5.706577e-03)
290.75        	5.506520e-05	(0.000000e+00 0.000000e+00 -5.706577e-03)
290.85        	5.506703e-05	(0.000000e+00 0.000000e+00 -5.706577e-03)
290.95        	5.506911e-05	(0.000000e+00 0.000000e+00 -5.706577e-03)
291.05        	5.507111e-05	(0.000000e+00 0.000000e+00 -5.706577e-03)
291.15        	5.507287e-05	(0.000000e+00 0.000000e+00 -5.706577e-03)
291.25        	5.507430e-05	(0.000000e+00 0.000000e+00 -5.706577e-03)
291.35        	5.507581e-05	(0.000000e+00 0.000000e+00 -5.706577e-03)
291.45        	5.507750e-05	(0.000000e+00 0.000000e+00 -5.706577e-03)
291.55        	5.507928e-05	(0.000000e+00 0.000000e+00 -5.706577e-03)
291.65        	5.508061e-05	(0.000000e+00 0.000000e+00 -5.706577e-03)
291.75        	5.508151e-05	(0.000000e+00 0.000000e+00 -5.706577e-03)
291.85        	5.508278e-05	(0.000000e+00 0.000000e+00 -5.706577e-03)
291.95        	5.508432e-05	(0.000000e+00 0.000000e+00 -5.706577e-03)
292.05        	5.508606e-05	(0.000000e+00 0.000000e+00 -5.706577e-03)
292.15        	5.508744e-05	(0.000000e+00 0.000000e+00 -5.706577e-03)
292.25        	5.508917e-05	(0.000000e+00 0.000000e+00 -5.706577e-03)
292.35        	5.509189e-05	(0.000000e+00 0.000000e+00 -5.706577e-03)
292.45        	5.509466e-05	(0.000000e+00 0.000000e+00 -5.706577e-03)
292.55        	5.509709e-05	(0.000000e+00 0.000000e+00 -5.706577e-03)
292.65        	5.509948e-05	(0.000000e+00 0.000000e+00 -5.706577e-03)
292.75        	5.510233e-05	(0.000000e+00 0.000000e+00 -5.706577e-03)
292.85        	5.510492e-05	(0.000000e+00 0.000000e+00 -5.706577e-03)
292.95        	5.510641e-05	(0.000000e+00 0.000000e+00 -5.706577e-03)
293.05        	5.510776e-05	(0.000000e+00 0.000000e+00 -5.706577e-03)
293.15        	5.510847e-05	(0.000000e+00 0.000000e+00 -5.706577e-03)
293.25        	5.510963e-05	(0.000000e+00 0.000000e+00 -5.706577e-03)
293.35        	5.511214e-05	(0.000000e+00 0.000000e+00 -5.706577e-03)
293.45        	5.511530e-05	(0.000000e+00 0.000000e+00 -5.706577e-03)
293.55        	5.511733e-05	(0.000000e+00 0.000000e+00 -5.706577e-03)
293.65        	5.511948e-05	(0.000000e+00 0.000000e+00 -5.706577e-03)
293.75        	5.512109e-05	(0.000000e+00 0.000000e+00 -5.706577e-03)
293.85        	5.512280e-05	(0.000000e+00 0.000000e+00 -5.706577e-03)
293.95        	5.512460e-05	(0.000000e+00 0.000000e+00 -5.706577e-03)
294.05        	5.512644e-05	(0.000000e+00 0.000000e+00 -5.706577e-03)
294.15        	5.512757e-05	(0.000000e+00 0.000000e+00 -5.706577e-03)
294.25        	5.512854e-05	(0.000000e+00 0.000000e+00 -5.706577e-03)
294.35        	5.513001e-05	(0.000000e+00 0.000000e+00 -5.706577e-03)
294.45        	5.513141e-05	(0.000000e+00 0.000000e+00 -5.706577e-03)
294.55        	5.513286e-05	(0.000000e+00 0.000000e+00 -5.706577e-03)
294.65        	5.513378e-05	(0.000000e+00 0.000000e+00 -5.706577e-03)
294.75        	5.513395e-05	(0.000000e+00 0.000000e+00 -5.706577e-03)
294.85        	5.513472e-05	(0.000000e+00 0.000000e+00 -5.706577e-03)
294.95        	5.513641e-05	(0.000000e+00 0.000000e+00 -5.706577e-03)
295.05        	5.513829e-05	(0.000000e+00 0.000000e+00 -5.706577e-03)
295.15        	5.514000e-05	(0.000000e+00 0.000000e+00 -5.706577e-03)
295.25        	5.514132e-05	(0.000000e+00 0.000000e+00 -5.706577e-03)
295.35        	5.514263e-05	(0.000000e+00 0.000000e+00 -5.706577e-03)
295.45        	5.514412e-05	(0.000000e+00 0.000000e+00 -5.706577e-03)
295.55        	5.514589e-05	(0.000000e+00 0.000000e+00 -5.706577e-03)
295.65        	5.514743e-05	(0.000000e+00 0.000000e+00 -5.706577e-03)
295.75        	5.514865e-05	(0.000000e+00 0.000000e+00 -5.706577e-03)
295.85        	5.515073e-05	(0.000000e+00 0.000000e+00 -5.706577e-03)
295.95        	5.515303e-05	(0.000000e+00 0.000000e+00 -5.706577e-03)
296.05        	5.515577e-05	(0.000000e+00 0.000000e+00 -5.706577e-03)
296.15        	5.515724e-05	(0.000000e+00 0.000000e+00 -5.706577e-03)
296.25        	5.515905e-05	(0.000000e+00 0.000000e+00 -5.706577e-03)
296.35        	5.516090e-05	(0.000000e+00 0.000000e+00 -5.706577e-03)
296.45        	5.516289e-05	(0.000000e+00 0.000000e+00 -5.706577e-03)
296.55        	5.516517e-05	(0.000000e+00 0.000000e+00 -5.706577e-03)
296.65        	5.516729e-05	(0.000000e+00 0.000000e+00 -5.706577e-03)
296.75        	5.516945e-05	(0.000000e+00 0.000000e+00 -5.706577e-03)
296.85        	5.517141e-05	(0.000000e+00 0.000000e+00 -5.706577e-03)
296.95        	5.517320e-05	(0.000000e+00 0.000000e+00 -5.706577e-03)
297.05        	5.517493e-05	(0.000000e+00 0.000000e+00 -5.706577e-03)
297.15        	5.517707e-05	(0.000000e+00 0.000000e+00 -5.706577e-03)
297.25        	5.517868e-05	(0.000000e+00 0.000000e+00 -5.706577e-03)
297.35        	5.517958e-05	(0.000000e+00 0.000000e+00 -5.706577e-03)
297.45        	5.518051e-05	(0.000000e+00 0.000000e+00 -5.706577e-03)
297.55        	5.518271e-05	(0.000000e+00 0.000000e+00 -5.706577e-03)
297.65        	5.518476e-05	(0.000000e+00 0.000000e+00 -5.706577e-03)
297.75        	5.518644e-05	(0.000000e+00 0.000000e+00 -5.706577e-03)
297.85        	5.518799e-05	(0.000000e+00 0.000000e+00 -5.706577e-03)
297.95        	5.518978e-05	(0.000000e+00 0.000000e+00 -5.706577e-03)
298.05        	5.519198e-05	(0.000000e+00 0.000000e+00 -5.706577e-03)
298.15        	5.519356e-05	(0.000000e+00 0.000000e+00 -5.706577e-03)
298.25        	5.519497e-05	(0.000000e+00 0.000000e+00 -5.706577e-03)
298.35        	5.519613e-05	(0.000000e+00 0.000000e+00 -5.706577e-03)
298.45        	5.519755e-05	(0.000000e+00 0.000000e+00 -5.706577e-03)
298.55        	5.519888e-05	(0.000000e+00 0.000000e+00 -5.706577e-03)
298.65        	5.520043e-05	(0.000000e+00 0.000000e+00 -5.706577e-03)
298.75        	5.520197e-05	(0.000000e+00 0.000000e+00 -5.706577e-03)
298.85        	5.520395e-05	(0.000000e+00 0.000000e+00 -5.706577e-03)
298.95        	5.520619e-05	(0.000000e+00 0.000000e+00 -5.706577e-03)
299.05        	5.520873e-05	(0.000000e+00 0.000000e+00 -5.706577e-03)
299.15        	5.521086e-05	(0.000000e+00 0.000000e+00 -5.706577e-03)
299.25        	5.521287e-05	(0.000000e+00 0.000000e+00 -5.706577e-03)
299.35        	5.521455e-05	(0.000000e+00 0.000000e+00 -5.706577e-03)
299.45        	5.521600e-05	(0.000000e+00 0.000000e+00 -5.706577e-03)
299.55        	5.521748e-05	(0.000000e+00 0.000000e+00 -5.706577e-03)
299.65        	5.521906e-05	(0.000000e+00 0.000000e+00 -5.706577e-03)
299.75        	5.522081e-05	(0.000000e+00 0.000000e+00 -5.706577e-03)
299.85        	5.522278e-05	(0.000000e+00 0.000000e+00 -5.706577e-03)
299.95        	5.522482e-05	(0.000000e+00 0.000000e+00 -5.706577e-03)
300.05        	5.522724e-05	(0.000000e+00 0.000000e+00 -5.706577e-03)
300.15        	5.522941e-05	(0.000000e+00 0.000000e+00 -5.706577e-03)
300.25        	5.523067e-05	(0.000000e+00 0.000000e+00 -5.706577e-03)
300.35        	5.523191e-05	(0.000000e+00 0.000000e+00 -5.706577e-03)
300.45        	5.523352e-05	(0.000000e+00 0.000000e+00 -5.706577e-03)
300.55        	5.523586e-05	(0.000000e+00 0.000000e+00 -5.706577e-03)
300.65        	5.523762e-05	(0.000000e+00 0.000000e+00 -5.706577e-03)
300.75        	5.523853e-05	(0.000000e+00 0.000000e+00 -5.706577e-03)
300.85        	5.523936e-05	(0.000000e+00 0.000000e+00 -5.706577e-03)
300.95        	5.524007e-05	(0.000000e+00 0.000000e+00 -5.706577e-03)
301.05        	5.524086e-05	(0.000000e+00 0.000000e+00 -5.706577e-03)
301.15        	5.524216e-05	(0.000000e+00 0.000000e+00 -5.706577e-03)
301.25        	5.524403e-05	(0.000000e+00 0.000000e+00 -5.706577e-03)
301.35        	5.524570e-05	(0.000000e+00 0.000000e+00 -5.706577e-03)
301.45        	5.524702e-05	(0.000000e+00 0.000000e+00 -5.706577e-03)
301.55        	5.524809e-05	(0.000000e+00 0.000000e+00 -5.706577e-03)
301.65        	5.524977e-05	(0.000000e+00 0.000000e+00 -5.706577e-03)
301.75        	5.525162e-05	(0.000000e+00 0.000000e+00 -5.706577e-03)
301.85        	5.525291e-05	(0.000000e+00 0.000000e+00 -5.706577e-03)
301.95        	5.525440e-05	(0.000000e+00 0.000000e+00 -5.706577e-03)
302.05        	5.525596e-05	(0.000000e+00 0.000000e+00 -5.706577e-03)
302.15        	5.525804e-05	(0.000000e+00 0.000000e+00 -5.706577e-03)
302.25        	5.525996e-05	(0.000000e+00 0.000000e+00 -5.706577e-03)
302.35        	5.526160e-05	(0.000000e+00 0.000000e+00 -5.706577e-03)
302.45        	5.526354e-05	(0.000000e+00 0.000000e+00 -5.706577e-03)
302.55        	5.526582e-05	(0.000000e+00 0.000000e+00 -5.706577e-03)
302.65        	5.526822e-05	(0.000000e+00 0.000000e+00 -5.706577e-03)
302.75        	5.527074e-05	(0.000000e+00 0.000000e+00 -5.706577e-03)
302.85        	5.527341e-05	(0.000000e+00 0.000000e+00 -5.706577e-03)
302.95        	5.527620e-05	(0.000000e+00 0.000000e+00 -5.706577e-03)
303.05        	5.527797e-05	(0.000000e+00 0.000000e+00 -5.706577e-03)
303.15        	5.527934e-05	(0.000000e+00 0.000000e+00 -5.706577e-03)
303.25        	5.528063e-05	(0.000000e+00 0.000000e+00 -5.706577e-03)
303.35        	5.528239e-05	(0.000000e+00 0.000000e+00 -5.706577e-03)
303.45        	5.528432e-05	(0.000000e+00 0.000000e+00 -5.706577e-03)
303.55        	5.528607e-05	(0.000000e+00 0.000000e+00 -5.706577e-03)
303.65        	5.528761e-05	(0.000000e+00 0.000000e+00 -5.706577e-03)
303.75        	5.528931e-05	(0.000000e+00 0.000000e+00 -5.706577e-03)
303.85        	5.529073e-05	(0.000000e+00 0.000000e+00 -5.706577e-03)
303.95        	5.529193e-05	(0.000000e+00 0.000000e+00 -5.706577e-03)
304.05        	5.529309e-05	(0.000000e+00 0.000000e+00 -5.706577e-03)
304.15        	5.529399e-05	(0.000000e+00 0.000000e+00 -5.706577e-03)
304.25        	5.529478e-05	(0.000000e+00 0.000000e+00 -5.706577e-03)
304.35        	5.529591e-05	(0.000000e+00 0.000000e+00 -5.706577e-03)
304.45        	5.529762e-05	(0.000000e+00 0.000000e+00 -5.706577e-03)
304.55        	5.529895e-05	(0.000000e+00 0.000000e+00 -5.706577e-03)
304.65        	5.530025e-05	(0.000000e+00 0.000000e+00 -5.706577e-03)
304.75        	5.530138e-05	(0.000000e+00 0.000000e+00 -5.706577e-03)
304.85        	5.530255e-05	(0.000000e+00 0.000000e+00 -5.706577e-03)
304.95        	5.530403e-05	(0.000000e+00 0.000000e+00 -5.706577e-03)
305.05        	5.530657e-05	(0.000000e+00 0.000000e+00 -5.706577e-03)
305.15        	5.530904e-05	(0.000000e+00 0.000000e+00 -5.706577e-03)
305.25        	5.531090e-05	(0.000000e+00 0.000000e+00 -5.706577e-03)
305.35        	5.531270e-05	(0.000000e+00 0.000000e+00 -5.706577e-03)
305.45        	5.531437e-05	(0.000000e+00 0.000000e+00 -5.706577e-03)
305.55        	5.531574e-05	(0.000000e+00 0.000000e+00 -5.706577e-03)
305.65        	5.531739e-05	(0.000000e+00 0.000000e+00 -5.706577e-03)
305.75        	5.531891e-05	(0.000000e+00 0.000000e+00 -5.706577e-03)
305.85        	5.532083e-05	(0.000000e+00 0.000000e+00 -5.706577e-03)
305.95        	5.532290e-05	(0.000000e+00 0.000000e+00 -5.706577e-03)
306.05        	5.532493e-05	(0.000000e+00 0.000000e+00 -5.706577e-03)
306.15        	5.532697e-05	(0.000000e+00 0.000000e+00 -5.706577e-03)
306.25        	5.532907e-05	(0.000000e+00 0.000000e+00 -5.706577e-03)
306.35        	5.533103e-05	(0.000000e+00 0.000000e+00 -5.706577e-03)
306.45        	5.533286e-05	(0.000000e+00 0.000000e+00 -5.706577e-03)
306.55        	5.533576e-05	(0.000000e+00 0.000000e+00 -5.706577e-03)
306.65        	5.533739e-05	(0.000000e+00 0.000000e+00 -5.706577e-03)
306.75        	5.533863e-05	(0.000000e+00 0.000000e+00 -5.706577e-03)
306.85        	5.533958e-05	(0.000000e+00 0.000000e+00 -5.706577e-03)
306.95        	5.534100e-05	(0.000000e+00 0.000000e+00 -5.706577e-03)
307.05        	5.534261e-05	(0.000000e+00 0.000000e+00 -5.706577e-03)
307.15        	5.534414e-05	(0.000000e+00 0.000000e+00 -5.706577e-03)
307.25        	5.534544e-05	(0.000000e+00 0.000000e+00 -5.706577e-03)
307.35        	5.534691e-05	(0.000000e+00 0.000000e+00 -5.706577e-03)
307.45        	5.534857e-05	(0.000000e+00 0.000000e+00 -5.706577e-03)
307.55        	5.535016e-05	(0.000000e+00 0.000000e+00 -5.706577e-03)
307.65        	5.535193e-05	(0.000000e+00 0.000000e+00 -5.706577e-03)
307.75        	5.535417e-05	(0.000000e+00 0.000000e+00 -5.706577e-03)
307.85        	5.535570e-05	(0.000000e+00 0.000000e+00 -5.706577e-03)
307.95        	5.535649e-05	(0.000000e+00 0.000000e+00 -5.706577e-03)
308.05        	5.535753e-05	(0.000000e+00 0.000000e+00 -5.706577e-03)
308.15        	5.535889e-05	(0.000000e+00 0.000000e+00 -5.706577e-03)
308.25        	5.536059e-05	(0.000000e+00 0.000000e+00 -5.706577e-03)
308.35        	5.536228e-05	(0.000000e+00 0.000000e+00 -5.706577e-03)
308.45        	5.536426e-05	(0.000000e+00 0.000000e+00 -5.706577e-03)
308.55        	5.536602e-05	(0.000000e+00 0.000000e+00 -5.706577e-03)
308.65        	5.536700e-05	(0.000000e+00 0.000000e+00 -5.706577e-03)
308.75        	5.536779e-05	(0.000000e+00 0.000000e+00 -5.706577e-03)
308.85        	5.536846e-05	(0.000000e+00 0.000000e+00 -5.706577e-03)
308.95        	5.537022e-05	(0.000000e+00 0.000000e+00 -5.706577e-03)
309.05        	5.537271e-05	(0.000000e+00 0.000000e+00 -5.706577e-03)
309.15        	5.537489e-05	(0.000000e+00 0.000000e+00 -5.706577e-03)
309.25        	5.537646e-05	(0.000000e+00 0.000000e+00 -5.706577e-03)
309.35        	5.537812e-05	(0.000000e+00 0.000000e+00 -5.706577e-03)
309.45        	5.537951e-05	(0.000000e+00 0.000000e+00 -5.706577e-03)
309.55        	5.538088e-05	(0.000000e+00 0.000000e+00 -5.706577e-03)
309.65        	5.538204e-05	(0.000000e+00 0.000000e+00 -5.706577e-03)
309.75        	5.538353e-05	(0.000000e+00 0.000000e+00 -5.706577e-03)
309.85        	5.538491e-05	(0.000000e+00 0.000000e+00 -5.706577e-03)
309.95        	5.538620e-05	(0.000000e+00 0.000000e+00 -5.706577e-03)
310.05        	5.538761e-05	(0.000000e+00 0.000000e+00 -5.706577e-03)
310.15        	5.538937e-05	(0.000000e+00 0.000000e+00 -5.706577e-03)
310.25        	5.539091e-05	(0.000000e+00 0.000000e+00 -5.706577e-03)
310.35        	5.539283e-05	(0.000000e+00 0.000000e+00 -5.706577e-03)
310.45        	5.539535e-05	(0.000000e+00 0.000000e+00 -5.706577e-03)
310.55        	5.539721e-05	(0.000000e+00 0.000000e+00 -5.706577e-03)
310.65        	5.539888e-05	(0.000000e+00 0.000000e+00 -5.706577e-03)
310.75        	5.540046e-05	(0.000000e+00 0.000000e+00 -5.706577e-03)
310.85        	5.540201e-05	(0.000000e+00 0.000000e+00 -5.706577e-03)
310.95        	5.540343e-05	(0.000000e+00 0.000000e+00 -5.706577e-03)
311.05        	5.540526e-05	(0.000000e+00 0.000000e+00 -5.706577e-03)
311.15        	5.540641e-05	(0.000000e+00 0.000000e+00 -5.706577e-03)
311.25        	5.540749e-05	(0.000000e+00 0.000000e+00 -5.706577e-03)
311.35        	5.540896e-05	(0.000000e+00 0.000000e+00 -5.706577e-03)
311.45        	5.541060e-05	(0.000000e+00 0.000000e+00 -5.706577e-03)
311.55        	5.541228e-05	(0.000000e+00 0.000000e+00 -5.706577e-03)
311.65        	5.541434e-05	(0.000000e+00 0.000000e+00 -5.706577e-03)
311.75        	5.541557e-05	(0.000000e+00 0.000000e+00 -5.706577e-03)
311.85        	5.541664e-05	(0.000000e+00 0.000000e+00 -5.706577e-03)
311.95        	5.541748e-05	(0.000000e+00 0.000000e+00 -5.706577e-03)
312.05        	5.541888e-05	(0.000000e+00 0.000000e+00 -5.706577e-03)
312.15        	5.542025e-05	(0.000000e+00 0.000000e+00 -5.706577e-03)
312.25        	5.542137e-05	(0.000000e+00 0.000000e+00 -5.706577e-03)
312.35        	5.542270e-05	(0.000000e+00 0.000000e+00 -5.706577e-03)
312.45        	5.542450e-05	(0.000000e+00 0.000000e+00 -5.706577e-03)
312.55        	5.542568e-05	(0.000000e+00 0.000000e+00 -5.706577e-03)
312.65        	5.542601e-05	(0.000000e+00 0.000000e+00 -5.706577e-03)
312.75        	5.542684e-05	(0.000000e+00 0.000000e+00 -5.706577e-03)
312.85        	5.542823e-05	(0.000000e+00 0.000000e+00 -5.706577e-03)
312.95        	5.543038e-05	(0.000000e+00 0.000000e+00 -5.706577e-03)
313.05        	5.543259e-05	(0.000000e+00 0.000000e+00 -5.706577e-03)
313.15        	5.543471e-05	(0.000000e+00 0.000000e+00 -5.706577e-03)
313.25        	5.543638e-05	(0.000000e+00 0.000000e+00 -5.706577e-03)
313.35        	5.543793e-05	(0.000000e+00 0.000000e+00 -5.706577e-03)
313.45        	5.543971e-05	(0.000000e+00 0.000000e+00 -5.706577e-03)
313.55        	5.544144e-05	(0.000000e+00 0.000000e+00 -5.706577e-03)
313.65        	5.544303e-05	(0.000000e+00 0.000000e+00 -5.706577e-03)
313.75        	5.544497e-05	(0.000000e+00 0.000000e+00 -5.706577e-03)
313.85        	5.544677e-05	(0.000000e+00 0.000000e+00 -5.706577e-03)
313.95        	5.544872e-05	(0.000000e+00 0.000000e+00 -5.706577e-03)
314.05        	5.545074e-05	(0.000000e+00 0.000000e+00 -5.706577e-03)
314.15        	5.545265e-05	(0.000000e+00 0.000000e+00 -5.706577e-03)
314.25        	5.545512e-05	(0.000000e+00 0.000000e+00 -5.706577e-03)
314.35        	5.545750e-05	(0.000000e+00 0.000000e+00 -5.706577e-03)
314.45        	5.545979e-05	(0.000000e+00 0.000000e+00 -5.706577e-03)
314.55        	5.546208e-05	(0.000000e+00 0.000000e+00 -5.706577e-03)
314.65        	5.546383e-05	(0.000000e+00 0.000000e+00 -5.706577e-03)
314.75        	5.546538e-05	(0.000000e+00 0.000000e+00 -5.706577e-03)
314.85        	5.546745e-05	(0.000000e+00 0.000000e+00 -5.706577e-03)
314.95        	5.546921e-05	(0.000000e+00 0.000000e+00 -5.706577e-03)
315.05        	5.547063e-05	(0.000000e+00 0.000000e+00 -5.706577e-03)
315.15        	5.547232e-05	(0.000000e+00 0.000000e+00 -5.706577e-03)
315.25        	5.547402e-05	(0.000000e+00 0.000000e+00 -5.706577e-03)
315.35        	5.547593e-05	(0.000000e+00 0.000000e+00 -5.706577e-03)
315.45        	5.547700e-05	(0.000000e+00 0.000000e+00 -5.706577e-03)
315.55        	5.547736e-05	(0.000000e+00 0.000000e+00 -5.706577e-03)
315.65        	5.547832e-05	(0.000000e+00 0.000000e+00 -5.706577e-03)
315.75        	5.547916e-05	(0.000000e+00 0.000000e+00 -5.706577e-03)
315.85        	5.548012e-05	(0.000000e+00 0.000000e+00 -5.706577e-03)
315.95        	5.548107e-05	(0.000000e+00 0.000000e+00 -5.706577e-03)
316.05        	5.548230e-05	(0.000000e+00 0.000000e+00 -5.706577e-03)
316.15        	5.548384e-05	(0.000000e+00 0.000000e+00 -5.706577e-03)
316.25        	5.548561e-05	(0.000000e+00 0.000000e+00 -5.706577e-03)
316.35        	5.548738e-05	(0.000000e+00 0.000000e+00 -5.706577e-03)
316.45        	5.548866e-05	(0.000000e+00 0.000000e+00 -5.706577e-03)
316.55        	5.548986e-05	(0.000000e+00 0.000000e+00 -5.706577e-03)
316.65        	5.549127e-05	(0.000000e+00 0.000000e+00 -5.706577e-03)
316.75        	5.549298e-05	(0.000000e+00 0.000000e+00 -5.706577e-03)
316.85        	5.549471e-05	(0.000000e+00 0.000000e+00 -5.706577e-03)
316.95        	5.549662e-05	(0.000000e+00 0.000000e+00 -5.706577e-03)
317.05        	5.549846e-05	(0.000000e+00 0.000000e+00 -5.706577e-03)
317.15        	5.550002e-05	(0.000000e+00 0.000000e+00 -5.706577e-03)
317.25        	5.550168e-05	(0.000000e+00 0.000000e+00 -5.706577e-03)
317.35        	5.550369e-05	(0.000000e+00 0.000000e+00 -5.706577e-03)
317.45        	5.550574e-05	(0.000000e+00 0.000000e+00 -5.706577e-03)
317.55        	5.550758e-05	(0.000000e+00 0.000000e+00 -5.706577e-03)
317.65        	5.550887e-05	(0.000000e+00 0.000000e+00 -5.706577e-03)
317.75        	5.550961e-05	(0.000000e+00 0.000000e+00 -5.706577e-03)
317.85        	5.551130e-05	(0.000000e+00 0.000000e+00 -5.706577e-03)
317.95        	5.551354e-05	(0.000000e+00 0.000000e+00 -5.706577e-03)
318.05        	5.551563e-05	(0.000000e+00 0.000000e+00 -5.706577e-03)
318.15        	5.551726e-05	(0.000000e+00 0.000000e+00 -5.706577e-03)
318.25        	5.551864e-05	(0.000000e+00 0.000000e+00 -5.706577e-03)
318.35        	5.551988e-05	(0.000000e+00 0.000000e+00 -5.706577e-03)
318.45        	5.552099e-05	(0.000000e+00 0.000000e+00 -5.706577e-03)
318.55        	5.552219e-05	(0.000000e+00 0.000000e+00 -5.706577e-03)
318.65        	5.552320e-05	(0.000000e+00 0.000000e+00 -5.706577e-03)
318.75        	5.552419e-05	(0.000000e+00 0.000000e+00 -5.706577e-03)
318.85        	5.552529e-05	(0.000000e+00 0.000000e+00 -5.706577e-03)
318.95        	5.552627e-05	(0.000000e+00 0.000000e+00 -5.706577e-03)
319.05        	5.552782e-05	(0.000000e+00 0.000000e+00 -5.706577e-03)
319.15        	5.552931e-05	(0.000000e+00 0.000000e+00 -5.706577e-03)
319.25        	5.553073e-05	(0.000000e+00 0.000000e+00 -5.706577e-03)
319.35        	5.553299e-05	(0.000000e+00 0.000000e+00 -5.706577e-03)
319.45        	5.553541e-05	(0.000000e+00 0.000000e+00 -5.706577e-03)
319.55        	5.553733e-05	(0.000000e+00 0.000000e+00 -5.706577e-03)
319.65        	5.553900e-05	(0.000000e+00 0.000000e+00 -5.706577e-03)
319.75        	5.554037e-05	(0.000000e+00 0.000000e+00 -5.706577e-03)
319.85        	5.554127e-05	(0.000000e+00 0.000000e+00 -5.706577e-03)
319.95        	5.554214e-05	(0.000000e+00 0.000000e+00 -5.706577e-03)
320.05        	5.554397e-05	(0.000000e+00 0.000000e+00 -5.706577e-03)
320.15        	5.554663e-05	(0.000000e+00 0.000000e+00 -5.706577e-03)
320.25        	5.554885e-05	(0.000000e+00 0.000000e+00 -5.706577e-03)
320.35        	5.555075e-05	(0.000000e+00 0.000000e+00 -5.706577e-03)
320.45        	5.555184e-05	(0.000000e+00 0.000000e+00 -5.706577e-03)
320.55        	5.555324e-05	(0.000000e+00 0.000000e+00 -5.706577e-03)
320.65        	5.555486e-05	(0.000000e+00 0.000000e+00 -5.706577e-03)
320.75        	5.555682e-05	(0.000000e+00 0.000000e+00 -5.706577e-03)
320.85        	5.555876e-05	(0.000000e+00 0.000000e+00 -5.706577e-03)
320.95        	5.556047e-05	(0.000000e+00 0.000000e+00 -5.706577e-03)
321.05        	5.556195e-05	(0.000000e+00 0.000000e+00 -5.706577e-03)
321.15        	5.556319e-05	(0.000000e+00 0.000000e+00 -5.706577e-03)
321.25        	5.556422e-05	(0.000000e+00 0.000000e+00 -5.706577e-03)
321.35        	5.556536e-05	(0.000000e+00 0.000000e+00 -5.706577e-03)
321.45        	5.556696e-05	(0.000000e+00 0.000000e+00 -5.706577e-03)
321.55        	5.556920e-05	(0.000000e+00 0.000000e+00 -5.706577e-03)
321.65        	5.557102e-05	(0.000000e+00 0.000000e+00 -5.706577e-03)
321.75        	5.557227e-05	(0.000000e+00 0.000000e+00 -5.706577e-03)
321.85        	5.557349e-05	(0.000000e+00 0.000000e+00 -5.706577e-03)
321.95        	5.557500e-05	(0.000000e+00 0.000000e+00 -5.706577e-03)
322.05        	5.557603e-05	(0.000000e+00 0.000000e+00 -5.706577e-03)
322.15        	5.557728e-05	(0.000000e+00 0.000000e+00 -5.706577e-03)
322.25        	5.557850e-05	(0.000000e+00 0.000000e+00 -5.706577e-03)
322.35        	5.558005e-05	(0.000000e+00 0.000000e+00 -5.706577e-03)
322.45        	5.558185e-05	(0.000000e+00 0.000000e+00 -5.706577e-03)
322.55        	5.558349e-05	(0.000000e+00 0.000000e+00 -5.706577e-03)
322.65        	5.558502e-05	(0.000000e+00 0.000000e+00 -5.706577e-03)
322.75        	5.558627e-05	(0.000000e+00 0.000000e+00 -5.706577e-03)
322.85        	5.558798e-05	(0.000000e+00 0.000000e+00 -5.706577e-03)
322.95        	5.558968e-05	(0.000000e+00 0.000000e+00 -5.706577e-03)
323.05        	5.559203e-05	(0.000000e+00 0.000000e+00 -5.706577e-03)
323.15        	5.559442e-05	(0.000000e+00 0.000000e+00 -5.706577e-03)
323.25        	5.559678e-05	(0.000000e+00 0.000000e+00 -5.706577e-03)
323.35        	5.559900e-05	(0.000000e+00 0.000000e+00 -5.706577e-03)
323.45        	5.560178e-05	(0.000000e+00 0.000000e+00 -5.706577e-03)
323.55        	5.560398e-05	(0.000000e+00 0.000000e+00 -5.706577e-03)
323.65        	5.560501e-05	(0.000000e+00 0.000000e+00 -5.706577e-03)
323.75        	5.560638e-05	(0.000000e+00 0.000000e+00 -5.706577e-03)
323.85        	5.560795e-05	(0.000000e+00 0.000000e+00 -5.706577e-03)
323.95        	5.560947e-05	(0.000000e+00 0.000000e+00 -5.706577e-03)
324.05        	5.561147e-05	(0.000000e+00 0.000000e+00 -5.706577e-03)
324.15        	5.561352e-05	(0.000000e+00 0.000000e+00 -5.706577e-03)
324.25        	5.561520e-05	(0.000000e+00 0.000000e+00 -5.706577e-03)
324.35        	5.561638e-05	(0.000000e+00 0.000000e+00 -5.706577e-03)
324.45        	5.561813e-05	(0.000000e+00 0.000000e+00 -5.706577e-03)
324.55        	5.562004e-05	(0.000000e+00 0.000000e+00 -5.706577e-03)
324.65        	5.562213e-05	(0.000000e+00 0.000000e+00 -5.706577e-03)
324.75        	5.562369e-05	(0.000000e+00 0.000000e+00 -5.706577e-03)
324.85        	5.562493e-05	(0.000000e+00 0.000000e+00 -5.706577e-03)
324.95        	5.562626e-05	(0.000000e+00 0.000000e+00 -5.706577e-03)
325.05        	5.562767e-05	(0.000000e+00 0.000000e+00 -5.706577e-03)
325.15        	5.562886e-05	(0.000000e+00 0.000000e+00 -5.706577e-03)
325.25        	5.563056e-05	(0.000000e+00 0.000000e+00 -5.706577e-03)
325.35        	5.563162e-05	(0.000000e+00 0.000000e+00 -5.706577e-03)
325.45        	5.563210e-05	(0.000000e+00 0.000000e+00 -5.706577e-03)
325.55        	5.563357e-05	(0.000000e+00 0.000000e+00 -5.706577e-03)
325.65        	5.563534e-05	(0.000000e+00 0.000000e+00 -5.706577e-03)
325.75        	5.563662e-05	(0.000000e+00 0.000000e+00 -5.706577e-03)
325.85        	5.563771e-05	(0.000000e+00 0.000000e+00 -5.706577e-03)
325.95        	5.563902e-05	(0.000000e+00 0.000000e+00 -5.706577e-03)
326.05        	5.564091e-05	(0.000000e+00 0.000000e+00 -5.706577e-03)
326.15        	5.564274e-05	(0.000000e+00 0.000000e+00 -5.706577e-03)
326.25        	5.564425e-05	(0.000000e+00 0.000000e+00 -5.706577e-03)
326.35        	5.564570e-05	(0.000000e+00 0.000000e+00 -5.706577e-03)
326.45        	5.564742e-05	(0.000000e+00 0.000000e+00 -5.706577e-03)
326.55        	5.564922e-05	(0.000000e+00 0.000000e+00 -5.706577e-03)
326.65        	5.565103e-05	(0.000000e+00 0.000000e+00 -5.706577e-03)
326.75        	5.565260e-05	(0.000000e+00 0.000000e+00 -5.706577e-03)
326.85        	5.565419e-05	(0.000000e+00 0.000000e+00 -5.706577e-03)
326.95        	5.565595e-05	(0.000000e+00 0.000000e+00 -5.706577e-03)
327.05        	5.565777e-05	(0.000000e+00 0.000000e+00 -5.706577e-03)
327.15        	5.565938e-05	(0.000000e+00 0.000000e+00 -5.706577e-03)
327.25        	5.566108e-05	(0.000000e+00 0.000000e+00 -5.706577e-03)
327.35        	5.566284e-05	(0.000000e+00 0.000000e+00 -5.706577e-03)
327.45        	5.566457e-05	(0.000000e+00 0.000000e+00 -5.706577e-03)
327.55        	5.566638e-05	(0.000000e+00 0.000000e+00 -5.706577e-03)
327.65        	5.566780e-05	(0.000000e+00 0.000000e+00 -5.706577e-03)
327.75        	5.566990e-05	(0.000000e+00 0.000000e+00 -5.706577e-03)
327.85        	5.567287e-05	(0.000000e+00 0.000000e+00 -5.706577e-03)
327.95        	5.567575e-05	(0.000000e+00 0.000000e+00 -5.706577e-03)
328.05        	5.567804e-05	(0.000000e+00 0.000000e+00 -5.706577e-03)
328.15        	5.568017e-05	(0.000000e+00 0.000000e+00 -5.706577e-03)
328.25        	5.568227e-05	(0.000000e+00 0.000000e+00 -5.706577e-03)
328.35        	5.568415e-05	(0.000000e+00 0.000000e+00 -5.706577e-03)
328.45        	5.568602e-05	(0.000000e+00 0.000000e+00 -5.706577e-03)
328.55        	5.568712e-05	(0.000000e+00 0.000000e+00 -5.706577e-03)
328.65        	5.568765e-05	(0.000000e+00 0.000000e+00 -5.706577e-03)
328.75        	5.568859e-05	(0.000000e+00 0.000000e+00 -5.706577e-03)
328.85        	5.569004e-05	(0.000000e+00 0.000000e+00 -5.706577e-03)
328.95        	5.569139e-05	(0.000000e+00 0.000000e+00 -5.706577e-03)
329.05        	5.569265e-05	(0.000000e+00 0.000000e+00 -5.706577e-03)
329.15        	5.569363e-05	(0.000000e+00 0.000000e+00 -5.706577e-03)
329.25        	5.569478e-05	(0.000000e+00 0.000000e+00 -5.706577e-03)
329.35        	5.569634e-05	(0.000000e+00 0.000000e+00 -5.706577e-03)
329.45        	5.569718e-05	(0.000000e+00 0.000000e+00 -5.706577e-03)
329.55        	5.569788e-05	(0.000000e+00 0.000000e+00 -5.706577e-03)
329.65        	5.569858e-05	(0.000000e+00 0.000000e+00 -5.706577e-03)
329.75        	5.569909e-05	(0.000000e+00 0.000000e+00 -5.706577e-03)
329.85        	5.570034e-05	(0.000000e+00 0.000000e+00 -5.706577e-03)
329.95        	5.570214e-05	(0.000000e+00 0.000000e+00 -5.706577e-03)
330.05        	5.570371e-05	(0.000000e+00 0.000000e+00 -5.706577e-03)
330.15        	5.570531e-05	(0.000000e+00 0.000000e+00 -5.706577e-03)
330.25        	5.570680e-05	(0.000000e+00 0.000000e+00 -5.706577e-03)
330.35        	5.570911e-05	(0.000000e+00 0.000000e+00 -5.706577e-03)
330.45        	5.571121e-05	(0.000000e+00 0.000000e+00 -5.706577e-03)
330.55        	5.571338e-05	(0.000000e+00 0.000000e+00 -5.706577e-03)
330.65        	5.571582e-05	(0.000000e+00 0.000000e+00 -5.706577e-03)
330.75        	5.571770e-05	(0.000000e+00 0.000000e+00 -5.706577e-03)
330.85        	5.571944e-05	(0.000000e+00 0.000000e+00 -5.706577e-03)
330.95        	5.572171e-05	(0.000000e+00 0.000000e+00 -5.706577e-03)
331.05        	5.572356e-05	(0.000000e+00 0.000000e+00 -5.706577e-03)
331.15        	5.572581e-05	(0.000000e+00 0.000000e+00 -5.706577e-03)
331.25        	5.572780e-05	(0.000000e+00 0.000000e+00 -5.706577e-03)
331.35        	5.572970e-05	(0.000000e+00 0.000000e+00 -5.706577e-03)
331.45        	5.573157e-05	(0.000000e+00 0.000000e+00 -5.706577e-03)
331.55        	5.573409e-05	(0.000000e+00 0.000000e+00 -5.706577e-03)
331.65        	5.573599e-05	(0.000000e+00 0.000000e+00 -5.706577e-03)
331.75        	5.573778e-05	(0.000000e+00 0.000000e+00 -5.706577e-03)
331.85        	5.573949e-05	(0.000000e+00 0.000000e+00 -5.706577e-03)
331.95        	5.574062e-05	(0.000000e+00 0.000000e+00 -5.706577e-03)
332.05        	5.574249e-05	(0.000000e+00 0.000000e+00 -5.706577e-03)
332.15        	5.574408e-05	(0.000000e+00 0.000000e+00 -5.706577e-03)
332.25        	5.574527e-05	(0.000000e+00 0.000000e+00 -5.706577e-03)
332.35        	5.574680e-05	(0.000000e+00 0.000000e+00 -5.706577e-03)
332.45        	5.574785e-05	(0.000000e+00 0.000000e+00 -5.706577e-03)
332.55        	5.574920e-05	(0.000000e+00 0.000000e+00 -5.706577e-03)
332.65        	5.575105e-05	(0.000000e+00 0.000000e+00 -5.706577e-03)
332.75        	5.575300e-05	(0.000000e+00 0.000000e+00 -5.706577e-03)
332.85        	5.575466e-05	(0.000000e+00 0.000000e+00 -5.706577e-03)
332.95        	5.575578e-05	(0.000000e+00 0.000000e+00 -5.706577e-03)
333.05        	5.575687e-05	(0.000000e+00 0.000000e+00 -5.706577e-03)
333.15        	5.575855e-05	(0.000000e+00 0.000000e+00 -5.706577e-03)
333.25        	5.576035e-05	(0.000000e+00 0.000000e+00 -5.706577e-03)
333.35        	5.576184e-05	(0.000000e+00 0.000000e+00 -5.706577e-03)
333.45        	5.576278e-05	(0.000000e+00 0.000000e+00 -5.706577e-03)
333.55        	5.576392e-05	(0.000000e+00 0.000000e+00 -5.706577e-03)
333.65        	5.576575e-05	(0.000000e+00 0.000000e+00 -5.706577e-03)
333.75        	5.576759e-05	(0.000000e+00 0.000000e+00 -5.706577e-03)
333.85        	5.577002e-05	(0.000000e+00 0.000000e+00 -5.706577e-03)
333.95        	5.577227e-05	(0.000000e+00 0.000000e+00 -5.706577e-03)
334.05        	5.577451e-05	(0.000000e+00 0.000000e+00 -5.706577e-03)
334.15        	5.577622e-05	(0.000000e+00 0.000000e+00 -5.706577e-03)
334.25        	5.577796e-05	(0.000000e+00 0.000000e+00 -5.706577e-03)
334.35        	5.577920e-05	(0.000000e+00 0.000000e+00 -5.706577e-03)
334.45        	5.578141e-05	(0.000000e+00 0.000000e+00 -5.706577e-03)
334.55        	5.578346e-05	(0.000000e+00 0.000000e+00 -5.706577e-03)
334.65        	5.578587e-05	(0.000000e+00 0.000000e+00 -5.706577e-03)
334.75        	5.578793e-05	(0.000000e+00 0.000000e+00 -5.706577e-03)
334.85        	5.578975e-05	(0.000000e+00 0.000000e+00 -5.706577e-03)
334.95        	5.579185e-05	(0.000000e+00 0.000000e+00 -5.706577e-03)
335.05        	5.579314e-05	(0.000000e+00 0.000000e+00 -5.706577e-03)
335.15        	5.579422e-05	(0.000000e+00 0.000000e+00 -5.706577e-03)
335.25        	5.579517e-05	(0.000000e+00 0.000000e+00 -5.706577e-03)
335.35        	5.579649e-05	(0.000000e+00 0.000000e+00 -5.706577e-03)
335.45        	5.579892e-05	(0.000000e+00 0.000000e+00 -5.706577e-03)
335.55        	5.580035e-05	(0.000000e+00 0.000000e+00 -5.706577e-03)
335.65        	5.580072e-05	(0.000000e+00 0.000000e+00 -5.706577e-03)
335.75        	5.580193e-05	(0.000000e+00 0.000000e+00 -5.706577e-03)
335.85        	5.580345e-05	(0.000000e+00 0.000000e+00 -5.706577e-03)
335.95        	5.580432e-05	(0.000000e+00 0.000000e+00 -5.706577e-03)
336.05        	5.580487e-05	(0.000000e+00 0.000000e+00 -5.706577e-03)
336.15        	5.580584e-05	(0.000000e+00 0.000000e+00 -5.706577e-03)
336.25        	5.580750e-05	(0.000000e+00 0.000000e+00 -5.706577e-03)
336.35        	5.580875e-05	(0.000000e+00 0.000000e+00 -5.706577e-03)
336.45        	5.581011e-05	(0.000000e+00 0.000000e+00 -5.706577e-03)
336.55        	5.581106e-05	(0.000000e+00 0.000000e+00 -5.706577e-03)
336.65        	5.581232e-05	(0.000000e+00 0.000000e+00 -5.706577e-03)
336.75        	5.581356e-05	(0.000000e+00 0.000000e+00 -5.706577e-03)
336.85        	5.581495e-05	(0.000000e+00 0.000000e+00 -5.706577e-03)
336.95        	5.581639e-05	(0.000000e+00 0.000000e+00 -5.706577e-03)
337.05        	5.581773e-05	(0.000000e+00 0.000000e+00 -5.706577e-03)
337.15        	5.581944e-05	(0.000000e+00 0.000000e+00 -5.706577e-03)
337.25        	5.582179e-05	(0.000000e+00 0.000000e+00 -5.706577e-03)
337.35        	5.582397e-05	(0.000000e+00 0.000000e+00 -5.706577e-03)
337.45        	5.582629e-05	(0.000000e+00 0.000000e+00 -5.706577e-03)
337.55        	5.582842e-05	(0.000000e+00 0.000000e+00 -5.706577e-03)
337.65        	5.583093e-05	(0.000000e+00 0.000000e+00 -5.706577e-03)
337.75        	5.583412e-05	(0.000000e+00 0.000000e+00 -5.706577e-03)
337.85        	5.583621e-05	(0.000000e+00 0.000000e+00 -5.706577e-03)
337.95        	5.583765e-05	(0.000000e+00 0.000000e+00 -5.706577e-03)
338.05        	5.583916e-05	(0.000000e+00 0.000000e+00 -5.706577e-03)
338.15        	5.584081e-05	(0.000000e+00 0.000000e+00 -5.706577e-03)
338.25        	5.584262e-05	(0.000000e+00 0.000000e+00 -5.706577e-03)
338.35        	5.584368e-05	(0.000000e+00 0.000000e+00 -5.706577e-03)
338.45        	5.584464e-05	(0.000000e+00 0.000000e+00 -5.706577e-03)
338.55        	5.584603e-05	(0.000000e+00 0.000000e+00 -5.706577e-03)
338.65        	5.584731e-05	(0.000000e+00 0.000000e+00 -5.706577e-03)
338.75        	5.584871e-05	(0.000000e+00 0.000000e+00 -5.706577e-03)
338.85        	5.585007e-05	(0.000000e+00 0.000000e+00 -5.706577e-03)
338.95        	5.585089e-05	(0.000000e+00 0.000000e+00 -5.706577e-03)
339.05        	5.585118e-05	(0.000000e+00 0.000000e+00 -5.706577e-03)
339.15        	5.585191e-05	(0.000000e+00 0.000000e+00 -5.706577e-03)
339.25        	5.585336e-05	(0.000000e+00 0.000000e+00 -5.706577e-03)
339.35        	5.585463e-05	(0.000000e+00 0.000000e+00 -5.706577e-03)
339.45        	5.585541e-05	(0.000000e+00 0.000000e+00 -5.706577e-03)
339.55        	5.585714e-05	(0.000000e+00 0.000000e+00 -5.706577e-03)
339.65        	5.585913e-05	(0.000000e+00 0.000000e+00 -5.706577e-03)
339.75        	5.586042e-05	(0.000000e+00 0.000000e+00 -5.706577e-03)
339.85        	5.586210e-05	(0.000000e+00 0.000000e+00 -5.706577e-03)
339.95        	5.586377e-05	(0.000000e+00 0.000000e+00 -5.706577e-03)
340.05        	5.586527e-05	(0.000000e+00 0.000000e+00 -5.706577e-03)
340.15        	5.586670e-05	(0.000000e+00 0.000000e+00 -5.706577e-03)
340.25        	5.586832e-05	(0.000000e+00 0.000000e+00 -5.706577e-03)
340.35        	5.587015e-05	(0.000000e+00 0.000000e+00 -5.706577e-03)
340.45        	5.587204e-05	(0.000000e+00 0.000000e+00 -5.706577e-03)
340.55        	5.587422e-05	(0.000000e+00 0.000000e+00 -5.706577e-03)
340.65        	5.587601e-05	(0.000000e+00 0.000000e+00 -5.706577e-03)
340.75        	5.587817e-05	(0.000000e+00 0.000000e+00 -5.706577e-03)
340.85        	5.588048e-05	(0.000000e+00 0.000000e+00 -5.706577e-03)
340.95        	5.588321e-05	(0.000000e+00 0.000000e+00 -5.706577e-03)
341.05        	5.588527e-05	(0.000000e+00 0.000000e+00 -5.706577e-03)
341.15        	5.588681e-05	(0.000000e+00 0.000000e+00 -5.706577e-03)
341.25        	5.588787e-05	(0.000000e+00 0.000000e+00 -5.706577e-03)
341.35        	5.588944e-05	(0.000000e+00 0.000000e+00 -5.706577e-03)
341.45        	5.589170e-05	(0.000000e+00 0.000000e+00 -5.706577e-03)
341.55        	5.589362e-05	(0.000000e+00 0.000000e+00 -5.706577e-03)
341.65        	5.589530e-05	(0.000000e+00 0.000000e+00 -5.706577e-03)
341.75        	5.589701e-05	(0.000000e+00 0.000000e+00 -5.706577e-03)
341.85        	5.589857e-05	(0.000000e+00 0.000000e+00 -5.706577e-03)
341.95        	5.589944e-05	(0.000000e+00 0.000000e+00 -5.706577e-03)
342.05        	5.590062e-05	(0.000000e+00 0.000000e+00 -5.706577e-03)
342.15        	5.590222e-05	(0.000000e+00 0.000000e+00 -5.706577e-03)
342.25        	5.590347e-05	(0.000000e+00 0.000000e+00 -5.706577e-03)
342.35        	5.590494e-05	(0.000000e+00 0.000000e+00 -5.706577e-03)
342.45        	5.590625e-05	(0.000000e+00 0.000000e+00 -5.706577e-03)
342.55        	5.590752e-05	(0.000000e+00 0.000000e+00 -5.706577e-03)
342.65        	5.590873e-05	(0.000000e+00 0.000000e+00 -5.706577e-03)
342.75        	5.590962e-05	(0.000000e+00 0.000000e+00 -5.706577e-03)
342.85        	5.591019e-05	(0.000000e+00 0.000000e+00 -5.706577e-03)
342.95        	5.591134e-05	(0.000000e+00 0.000000e+00 -5.706577e-03)
343.05        	5.591265e-05	(0.000000e+00 0.000000e+00 -5.706577e-03)
343.15        	5.591380e-05	(0.000000e+00 0.000000e+00 -5.706577e-03)
343.25        	5.591527e-05	(0.000000e+00 0.000000e+00 -5.706577e-03)
343.35        	5.591695e-05	(0.000000e+00 0.000000e+00 -5.706577e-03)
343.45        	5.591797e-05	(0.000000e+00 0.000000e+00 -5.706577e-03)
343.55        	5.591936e-05	(0.000000e+00 0.000000e+00 -5.706577e-03)
343.65        	5.592092e-05	(0.000000e+00 0.000000e+00 -5.706577e-03)
343.75        	5.592228e-05	(0.000000e+00 0.000000e+00 -5.706577e-03)
343.85        	5.592371e-05	(0.000000e+00 0.000000e+00 -5.706577e-03)
343.95        	5.592547e-05	(0.000000e+00 0.000000e+00 -5.706577e-03)
344.05        	5.592768e-05	(0.000000e+00 0.000000e+00 -5.706577e-03)
344.15        	5.592978e-05	(0.000000e+00 0.000000e+00 -5.706577e-03)
344.25        	5.593165e-05	(0.000000e+00 0.000000e+00 -5.706577e-03)
344.35        	5.593299e-05	(0.000000e+00 0.000000e+00 -5.706577e-03)
344.45        	5.593452e-05	(0.000000e+00 0.000000e+00 -5.706577e-03)
344.55        	5.593721e-05	(0.000000e+00 0.000000e+00 -5.706577e-03)
344.65        	5.594005e-05	(0.000000e+00 0.000000e+00 -5.706577e-03)
344.75        	5.594181e-05	(0.000000e+00 0.000000e+00 -5.706577e-03)
344.85        	5.594278e-05	(0.000000e+00 0.000000e+00 -5.706577e-03)
344.95        	5.594399e-05	(0.000000e+00 0.000000e+00 -5.706577e-03)
345.05        	5.594536e-05	(0.000000e+00 0.000000e+00 -5.706577e-03)
345.15        	5.594667e-05	(0.000000e+00 0.000000e+00 -5.706577e-03)
345.25        	5.594836e-05	(0.000000e+00 0.000000e+00 -5.706577e-03)
345.35        	5.595000e-05	(0.000000e+00 0.000000e+00 -5.706577e-03)
345.45        	5.595127e-05	(0.000000e+00 0.000000e+00 -5.706577e-03)
345.55        	5.595205e-05	(0.000000e+00 0.000000e+00 -5.706577e-03)
345.65        	5.595302e-05	(0.000000e+00 0.000000e+00 -5.706577e-03)
345.75        	5.595352e-05	(0.000000e+00 0.000000e+00 -5.706577e-03)
345.85        	5.595453e-05	(0.000000e+00 0.000000e+00 -5.706577e-03)
345.95        	5.595563e-05	(0.000000e+00 0.000000e+00 -5.706577e-03)
346.05        	5.595716e-05	(0.000000e+00 0.000000e+00 -5.706577e-03)
346.15        	5.595857e-05	(0.000000e+00 0.000000e+00 -5.706577e-03)
346.25        	5.595953e-05	(0.000000e+00 0.000000e+00 -5.706577e-03)
346.35        	5.596050e-05	(0.000000e+00 0.000000e+00 -5.706577e-03)
346.45        	5.596149e-05	(0.000000e+00 0.000000e+00 -5.706577e-03)
346.55        	5.596296e-05	(0.000000e+00 0.000000e+00 -5.706577e-03)
346.65        	5.596455e-05	(0.000000e+00 0.000000e+00 -5.706577e-03)
346.75        	5.596594e-05	(0.000000e+00 0.000000e+00 -5.706577e-03)
346.85        	5.596790e-05	(0.000000e+00 0.000000e+00 -5.706577e-03)
346.95        	5.596944e-05	(0.000000e+00 0.000000e+00 -5.706577e-03)
347.05        	5.597126e-05	(0.000000e+00 0.000000e+00 -5.706577e-03)
347.15        	5.597294e-05	(0.000000e+00 0.000000e+00 -5.706577e-03)
347.25        	5.597437e-05	(0.000000e+00 0.000000e+00 -5.706577e-03)
347.35        	5.597572e-05	(0.000000e+00 0.000000e+00 -5.706577e-03)
347.45        	5.597733e-05	(0.000000e+00 0.000000e+00 -5.706577e-03)
347.55        	5.597927e-05	(0.000000e+00 0.000000e+00 -5.706577e-03)
347.65        	5.598117e-05	(0.000000e+00 0.000000e+00 -5.706577e-03)
347.75        	5.598264e-05	(0.000000e+00 0.000000e+00 -5.706577e-03)
347.85        	5.598456e-05	(0.000000e+00 0.000000e+00 -5.706577e-03)
347.95        	5.598694e-05	(0.000000e+00 0.000000e+00 -5.706577e-03)
348.05        	5.598860e-05	(0.000000e+00 0.000000e+00 -5.706577e-03)
348.15        	5.598982e-05	(0.000000e+00 0.000000e+00 -5.706577e-03)
348.25        	5.599079e-05	(0.000000e+00 0.000000e+00 -5.706577e-03)
348.35        	5.599264e-05	(0.000000e+00 0.000000e+00 -5.706577e-03)
348.45        	5.599472e-05	(0.000000e+00 0.000000e+00 -5.706577e-03)
348.55        	5.599526e-05	(0.000000e+00 0.000000e+00 -5.706577e-03)
348.65        	5.599537e-05	(0.000000e+00 0.000000e+00 -5.706577e-03)
348.75        	5.599580e-05	(0.000000e+00 0.000000e+00 -5.706577e-03)
348.85        	5.599698e-05	(0.000000e+00 0.000000e+00 -5.706577e-03)
348.95        	5.599880e-05	(0.000000e+00 0.000000e+00 -5.706577e-03)
349.05        	5.599896e-05	(0.000000e+00 0.000000e+00 -5.706577e-03)
349.15        	5.599975e-05	(0.000000e+00 0.000000e+00 -5.706577e-03)
349.25        	5.600027e-05	(0.000000e+00 0.000000e+00 -5.706577e-03)
349.35        	5.600149e-05	(0.000000e+00 0.000000e+00 -5.706577e-03)
349.45        	5.600259e-05	(0.000000e+00 0.000000e+00 -5.706577e-03)
349.55        	5.600368e-05	(0.000000e+00 0.000000e+00 -5.706577e-03)
349.65        	5.600446e-05	(0.000000e+00 0.000000e+00 -5.706577e-03)
349.75        	5.600561e-05	(0.000000e+00 0.000000e+00 -5.706577e-03)
349.85        	5.600679e-05	(0.000000e+00 0.000000e+00 -5.706577e-03)
349.95        	5.600788e-05	(0.000000e+00 0.000000e+00 -5.706577e-03)
350.05        	5.600940e-05	(0.000000e+00 0.000000e+00 -5.706577e-03)
350.15        	5.601192e-05	(0.000000e+00 0.000000e+00 -5.706577e-03)
350.25        	5.601335e-05	(0.000000e+00 0.000000e+00 -5.706577e-03)
350.35        	5.601479e-05	(0.000000e+00 0.000000e+00 -5.706577e-03)
350.45        	5.601530e-05	(0.000000e+00 0.000000e+00 -5.706577e-03)
350.55        	5.601727e-05	(0.000000e+00 0.000000e+00 -5.706577e-03)
350.65        	5.601961e-05	(0.000000e+00 0.000000e+00 -5.706577e-03)
350.75        	5.602192e-05	(0.000000e+00 0.000000e+00 -5.706577e-03)
350.85        	5.602448e-05	(0.000000e+00 0.000000e+00 -5.706577e-03)
350.95        	5.602725e-05	(0.000000e+00 0.000000e+00 -5.706577e-03)
351.05        	5.602971e-05	(0.000000e+00 0.000000e+00 -5.706577e-03)
351.15        	5.603180e-05	(0.000000e+00 0.000000e+00 -5.706577e-03)
351.25        	5.603345e-05	(0.000000e+00 0.000000e+00 -5.706577e-03)
351.35        	5.603497e-05	(0.000000e+00 0.000000e+00 -5.706577e-03)
351.45        	5.603636e-05	(0.000000e+00 0.000000e+00 -5.706577e-03)
351.55        	5.603778e-05	(0.000000e+00 0.000000e+00 -5.706577e-03)
351.65        	5.603916e-05	(0.000000e+00 0.000000e+00 -5.706577e-03)
351.75        	5.604089e-05	(0.000000e+00 0.000000e+00 -5.706577e-03)
351.85        	5.604239e-05	(0.000000e+00 0.000000e+00 -5.706577e-03)
351.95        	5.604359e-05	(0.000000e+00 0.000000e+00 -5.706577e-03)
352.05        	5.604433e-05	(0.000000e+00 0.000000e+00 -5.706577e-03)
352.15        	5.604462e-05	(0.000000e+00 0.000000e+00 -5.706577e-03)
352.25        	5.604504e-05	(0.000000e+00 0.000000e+00 -5.706577e-03)
352.35        	5.604573e-05	(0.000000e+00 0.000000e+00 -5.706577e-03)
352.45        	5.604668e-05	(0.000000e+00 0.000000e+00 -5.706577e-03)
352.55        	5.604788e-05	(0.000000e+00 0.000000e+00 -5.706577e-03)
352.65        	5.604981e-05	(0.000000e+00 0.000000e+00 -5.706577e-03)
352.75        	5.605078e-05	(0.000000e+00 0.000000e+00 -5.706577e-03)
352.85        	5.605150e-05	(0.000000e+00 0.000000e+00 -5.706577e-03)
352.95        	5.605224e-05	(0.000000e+00 0.000000e+00 -5.706577e-03)
353.05        	5.605319e-05	(0.000000e+00 0.000000e+00 -5.706577e-03)
353.15        	5.605476e-05	(0.000000e+00 0.000000e+00 -5.706577e-03)
353.25        	5.605678e-05	(0.000000e+00 0.000000e+00 -5.706577e-03)
353.35        	5.605858e-05	(0.000000e+00 0.000000e+00 -5.706577e-03)
353.45        	5.606043e-05	(0.000000e+00 0.000000e+00 -5.706577e-03)
353.55        	5.606223e-05	(0.000000e+00 0.000000e+00 -5.706577e-03)
353.65        	5.606408e-05	(0.000000e+00 0.000000e+00 -5.706577e-03)
353.75        	5.606573e-05	(0.000000e+00 0.000000e+00 -5.706577e-03)
353.85        	5.606695e-05	(0.000000e+00 0.000000e+00 -5.706577e-03)
353.95        	5.606779e-05	(0.000000e+00 0.000000e+00 -5.706577e-03)
354.05        	5.606939e-05	(0.000000e+00 0.000000e+00 -5.706577e-03)
354.15        	5.607133e-05	(0.000000e+00 0.000000e+00 -5.706577e-03)
354.25        	5.607267e-05	(0.000000e+00 0.000000e+00 -5.706577e-03)
354.35        	5.607349e-05	(0.000000e+00 0.000000e+00 -5.706577e-03)
354.45        	5.607439e-05	(0.000000e+00 0.000000e+00 -5.706577e-03)
354.55        	5.607584e-05	(0.000000e+00 0.000000e+00 -5.706577e-03)
354.65        	5.607716e-05	(0.000000e+00 0.000000e+00 -5.706577e-03)
354.75        	5.607897e-05	(0.000000e+00 0.000000e+00 -5.706577e-03)
354.85        	5.608089e-05	(0.000000e+00 0.000000e+00 -5.706577e-03)
354.95        	5.608252e-05	(0.000000e+00 0.000000e+00 -5.706577e-03)
355.05        	5.608399e-05	(0.000000e+00 0.000000e+00 -5.706577e-03)
355.15        	5.608498e-05	(0.000000e+00 0.000000e+00 -5.706577e-03)
355.25        	5.608601e-05	(0.000000e+00 0.000000e+00 -5.706577e-03)
355.35        	5.608734e-05	(0.000000e+00 0.000000e+00 -5.706577e-03)
355.45        	5.608841e-05	(0.000000e+00 0.000000e+00 -5.706577e-03)
355.55        	5.608987e-05	(0.000000e+00 0.000000e+00 -5.706577e-03)
355.65        	5.609075e-05	(0.000000e+00 0.000000e+00 -5.706577e-03)
355.75        	5.609203e-05	(0.000000e+00 0.000000e+00 -5.706577e-03)
355.85        	5.609375e-05	(0.000000e+00 0.000000e+00 -5.706577e-03)
355.95        	5.609504e-05	(0.000000e+00 0.000000e+00 -5.706577e-03)
356.05        	5.609653e-05	(0.000000e+00 0.000000e+00 -5.706577e-03)
356.15        	5.609827e-05	(0.000000e+00 0.000000e+00 -5.706577e-03)
356.25        	5.609973e-05	(0.000000e+00 0.000000e+00 -5.706577e-03)
356.35        	5.610101e-05	(0.000000e+00 0.000000e+00 -5.706577e-03)
356.45        	5.610254e-05	(0.000000e+00 0.000000e+00 -5.706577e-03)
356.55        	5.610414e-05	(0.000000e+00 0.000000e+00 -5.706577e-03)
356.65        	5.610481e-05	(0.000000e+00 0.000000e+00 -5.706577e-03)
356.75        	5.610576e-05	(0.000000e+00 0.000000e+00 -5.706577e-03)
356.85        	5.610688e-05	(0.000000e+00 0.000000e+00 -5.706577e-03)
356.95        	5.610817e-05	(0.000000e+00 0.000000e+00 -5.706577e-03)
357.05        	5.611015e-05	(0.000000e+00 0.000000e+00 -5.706577e-03)
357.15        	5.611165e-05	(0.000000e+00 0.000000e+00 -5.706577e-03)
357.25        	5.611283e-05	(0.000000e+00 0.000000e+00 -5.706577e-03)
357.35        	5.611424e-05	(0.000000e+00 0.000000e+00 -5.706577e-03)
357.45        	5.611565e-05	(0.000000e+00 0.000000e+00 -5.706577e-03)
357.55        	5.611690e-05	(0.000000e+00 0.000000e+00 -5.706577e-03)
357.65        	5.611798e-05	(0.000000e+00 0.000000e+00 -5.706577e-03)
357.75        	5.611955e-05	(0.000000e+00 0.000000e+00 -5.706577e-03)
357.85        	5.612097e-05	(0.000000e+00 0.000000e+00 -5.706577e-03)
357.95        	5.612216e-05	(0.000000e+00 0.000000e+00 -5.706577e-03)
358.05        	5.612333e-05	(0.000000e+00 0.000000e+00 -5.706577e-03)
358.15        	5.612522e-05	(0.000000e+00 0.000000e+00 -5.706577e-03)
358.25        	5.612705e-05	(0.000000e+00 0.000000e+00 -5.706577e-03)
358.35        	5.612852e-05	(0.000000e+00 0.000000e+00 -5.706577e-03)
358.45        	5.612986e-05	(0.000000e+00 0.000000e+00 -5.706577e-03)
358.55        	5.613112e-05	(0.000000e+00 0.000000e+00 -5.706577e-03)
358.65        	5.613266e-05	(0.000000e+00 0.000000e+00 -5.706577e-03)
358.75        	5.613357e-05	(0.000000e+00 0.000000e+00 -5.706577e-03)
358.85        	5.613419e-05	(0.000000e+00 0.000000e+00 -5.706577e-03)
358.95        	5.613507e-05	(0.000000e+00 0.000000e+00 -5.706577e-03)
359.05        	5.613617e-05	(0.000000e+00 0.000000e+00 -5.706577e-03)
359.15        	5.613780e-05	(0.000000e+00 0.000000e+00 -5.706577e-03)
359.25        	5.613921e-05	(0.000000e+00 0.000000e+00 -5.706577e-03)
359.35        	5.614002e-05	(0.000000e+00 0.000000e+00 -5.706577e-03)
359.45        	5.614080e-05	(0.000000e+00 0.000000e+00 -5.706577e-03)
359.55        	5.614180e-05	(0.000000e+00 0.000000e+00 -5.706577e-03)
359.65        	5.614277e-05	(0.000000e+00 0.000000e+00 -5.706577e-03)
359.75        	5.614422e-05	(0.000000e+00 0.000000e+00 -5.706577e-03)
359.85        	5.614588e-05	(0.000000e+00 0.000000e+00 -5.706577e-03)
359.95        	5.614689e-05	(0.000000e+00 0.000000e+00 -5.706577e-03)
360.05        	5.614811e-05	(0.000000e+00 0.000000e+00 -5.706577e-03)
360.15        	5.614966e-05	(0.000000e+00 0.000000e+00 -5.706577e-03)
360.25        	5.615091e-05	(0.000000e+00 0.000000e+00 -5.706577e-03)
360.35        	5.615317e-05	(0.000000e+00 0.000000e+00 -5.706577e-03)
360.45        	5.615544e-05	(0.000000e+00 0.000000e+00 -5.706577e-03)
360.55        	5.615693e-05	(0.000000e+00 0.000000e+00 -5.706577e-03)
360.65        	5.615794e-05	(0.000000e+00 0.000000e+00 -5.706577e-03)
360.75        	5.615970e-05	(0.000000e+00 0.000000e+00 -5.706577e-03)
360.85        	5.616148e-05	(0.000000e+00 0.000000e+00 -5.706577e-03)
360.95        	5.616280e-05	(0.000000e+00 0.000000e+00 -5.706577e-03)
361.05        	5.616446e-05	(0.000000e+00 0.000000e+00 -5.706577e-03)
361.15        	5.616623e-05	(0.000000e+00 0.000000e+00 -5.706577e-03)
361.25        	5.616806e-05	(0.000000e+00 0.000000e+00 -5.706577e-03)
361.35        	5.616992e-05	(0.000000e+00 0.000000e+00 -5.706577e-03)
361.45        	5.617107e-05	(0.000000e+00 0.000000e+00 -5.706577e-03)
361.55        	5.617232e-05	(0.000000e+00 0.000000e+00 -5.706577e-03)
361.65        	5.617366e-05	(0.000000e+00 0.000000e+00 -5.706577e-03)
361.75        	5.617515e-05	(0.000000e+00 0.000000e+00 -5.706577e-03)
361.85        	5.617661e-05	(0.000000e+00 0.000000e+00 -5.706577e-03)
361.95        	5.617788e-05	(0.000000e+00 0.000000e+00 -5.706577e-03)
362.05        	5.617917e-05	(0.000000e+00 0.000000e+00 -5.706577e-03)
362.15        	5.617992e-05	(0.000000e+00 0.000000e+00 -5.706577e-03)
362.25        	5.618081e-05	(0.000000e+00 0.000000e+00 -5.706577e-03)
362.35        	5.618244e-05	(0.000000e+00 0.000000e+00 -5.706577e-03)
362.45        	5.618429e-05	(0.000000e+00 0.000000e+00 -5.706577e-03)
362.55        	5.618501e-05	(0.000000e+00 0.000000e+00 -5.706577e-03)
362.65        	5.618601e-05	(0.000000e+00 0.000000e+00 -5.706577e-03)
362.75        	5.618739e-05	(0.000000e+00 0.000000e+00 -5.706577e-03)
362.85        	5.618891e-05	(0.000000e+00 0.000000e+00 -5.706577e-03)
362.95        	5.619032e-05	(0.000000e+00 0.000000e+00 -5.706577e-03)
363.05        	5.619140e-05	(0.000000e+00 0.000000e+00 -5.706577e-03)
363.15        	5.619229e-05	(0.000000e+00 0.000000e+00 -5.706577e-03)
363.25        	5.619330e-05	(0.000000e+00 0.000000e+00 -5.706577e-03)
363.35        	5.619438e-05	(0.000000e+00 0.000000e+00 -5.706577e-03)
363.45        	5.619569e-05	(0.000000e+00 0.000000e+00 -5.706577e-03)
363.55        	5.619738e-05	(0.000000e+00 0.000000e+00 -5.706577e-03)
363.65        	5.619833e-05	(0.000000e+00 0.000000e+00 -5.706577e-03)
363.75        	5.619998e-05	(0.000000e+00 0.000000e+00 -5.706577e-03)
363.85        	5.620146e-05	(0.000000e+00 0.000000e+00 -5.706577e-03)
363.95        	5.620287e-05	(0.000000e+00 0.000000e+00 -5.706577e-03)
364.05        	5.620433e-05	(0.000000e+00 0.000000e+00 -5.706577e-03)
364.15        	5.620576e-05	(0.000000e+00 0.000000e+00 -5.706577e-03)
364.25        	5.620765e-05	(0.000000e+00 0.000000e+00 -5.706577e-03)
364.35        	5.620980e-05	(0.000000e+00 0.000000e+00 -5.706577e-03)
364.45        	5.621177e-05	(0.000000e+00 0.000000e+00 -5.706577e-03)
364.55        	5.621337e-05	(0.000000e+00 0.000000e+00 -5.706577e-03)
364.65        	5.621476e-05	(0.000000e+00 0.000000e+00 -5.706577e-03)
364.75        	5.621595e-05	(0.000000e+00 0.000000e+00 -5.706577e-03)
364.85        	5.621714e-05	(0.000000e+00 0.000000e+00 -5.706577e-03)
364.95        	5.621853e-05	(0.000000e+00 0.000000e+00 -5.706577e-03)
365.05        	5.622016e-05	(0.000000e+00 0.000000e+00 -5.706577e-03)
365.15        	5.622164e-05	(0.000000e+00 0.000000e+00 -5.706577e-03)
365.25        	5.622302e-05	(0.000000e+00 0.000000e+00 -5.706577e-03)
365.35        	5.622423e-05	(0.000000e+00 0.000000e+00 -5.706577e-03)
365.45        	5.622521e-05	(0.000000e+00 0.000000e+00 -5.706577e-03)
365.55        	5.622639e-05	(0.000000e+00 0.000000e+00 -5.706577e-03)
365.65        	5.622773e-05	(0.000000e+00 0.000000e+00 -5.706577e-03)
365.75        	5.622924e-05	(0.000000e+00 0.000000e+00 -5.706577e-03)
365.85        	5.623042e-05	(0.000000e+00 0.000000e+00 -5.706577e-03)
365.95        	5.623182e-05	(0.000000e+00 0.000000e+00 -5.706577e-03)
366.05        	5.623341e-05	(0.000000e+00 0.000000e+00 -5.706577e-03)
366.15        	5.623503e-05	(0.000000e+00 0.000000e+00 -5.706577e-03)
366.25        	5.623656e-05	(0.000000e+00 0.000000e+00 -5.706577e-03)
366.35        	5.623749e-05	(0.000000e+00 0.000000e+00 -5.706577e-03)
366.45        	5.623776e-05	(0.000000e+00 0.000000e+00 -5.706577e-03)
366.55        	5.623839e-05	(0.000000e+00 0.000000e+00 -5.706577e-03)
366.65        	5.623990e-05	(0.000000e+00 0.000000e+00 -5.706577e-03)
366.75        	5.624139e-05	(0.000000e+00 0.000000e+00 -5.706577e-03)
366.85        	5.624334e-05	(0.000000e+00 0.000000e+00 -5.706577e-03)
366.95        	5.624523e-05	(0.000000e+00 0.000000e+00 -5.706577e-03)
367.05        	5.624725e-05	(0.000000e+00 0.000000e+00 -5.706577e-03)
367.15        	5.624923e-05	(0.000000e+00 0.000000e+00 -5.706577e-03)
367.25        	5.625077e-05	(0.000000e+00 0.000000e+00 -5.706577e-03)
367.35        	5.625233e-05	(0.000000e+00 0.000000e+00 -5.706577e-03)
367.45        	5.625410e-05	(0.000000e+00 0.000000e+00 -5.706577e-03)
367.55        	5.625532e-05	(0.000000e+00 0.000000e+00 -5.706577e-03)
367.65        	5.625684e-05	(0.000000e+00 0.000000e+00 -5.706577e-03)
367.75        	5.625847e-05	(0.000000e+00 0.000000e+00 -5.706577e-03)
367.85        	5.626006e-05	(0.000000e+00 0.000000e+00 -5.706577e-03)
367.95        	5.626159e-05	(0.000000e+00 0.000000e+00 -5.706577e-03)
368.05        	5.626351e-05	(0.000000e+00 0.000000e+00 -5.706577e-03)
368.15        	5.626464e-05	(0.000000e+00 0.000000e+00 -5.706577e-03)
368.25        	5.626595e-05	(0.000000e+00 0.000000e+00 -5.706577e-03)
368.35        	5.626735e-05	(0.000000e+00 0.000000e+00 -5.706577e-03)
368.45        	5.626885e-05	(0.000000e+00 0.000000e+00 -5.706577e-03)
368.55        	5.627002e-05	(0.000000e+00 0.000000e+00 -5.706577e-03)
368.65        	5.627061e-05	(0.000000e+00 0.000000e+00 -5.706577e-03)
368.75        	5.627159e-05	(0.000000e+00 0.000000e+00 -5.706577e-03)
368.85        	5.627314e-05	(0.000000e+00 0.000000e+00 -5.706577e-03)
368.95        	5.627502e-05	(0.000000e+00 0.000000e+00 -5.706577e-03)
369.05        	5.627725e-05	(0.000000e+00 0.000000e+00 -5.706577e-03)
369.15        	5.627846e-05	(0.000000e+00 0.000000e+00 -5.706577e-03)
369.25        	5.627892e-05	(0.000000e+00 0.000000e+00 -5.706577e-03)
369.35        	5.627993e-05	(0.000000e+00 0.000000e+00 -5.706577e-03)
369.45        	5.628124e-05	(0.000000e+00 0.000000e+00 -5.706577e-03)
369.55        	5.628252e-05	(0.000000e+00 0.000000e+00 -5.706577e-03)
369.65        	5.628355e-05	(0.000000e+00 0.000000e+00 -5.706577e-03)
369.75        	5.628471e-05	(0.000000e+00 0.000000e+00 -5.706577e-03)
369.85        	5.628604e-05	(0.000000e+00 0.000000e+00 -5.706577e-03)
369.95        	5.628777e-05	(0.000000e+00 0.000000e+00 -5.706577e-03)
370.05        	5.628936e-05	(0.000000e+00 0.000000e+00 -5.706577e-03)
370.15        	5.629091e-05	(0.000000e+00 0.000000e+00 -5.706577e-03)
370.25        	5.629236e-05	(0.000000e+00 0.000000e+00 -5.706577e-03)
370.35        	5.629307e-05	(0.000000e+00 0.000000e+00 -5.706577e-03)
370.45        	5.629380e-05	(0.000000e+00 0.000000e+00 -5.706577e-03)
370.55        	5.629526e-05	(0.000000e+00 0.000000e+00 -5.706577e-03)
370.65        	5.629679e-05	(0.000000e+00 0.000000e+00 -5.706577e-03)
370.75        	5.629837e-05	(0.000000e+00 0.000000e+00 -5.706577e-03)
370.85        	5.630065e-05	(0.000000e+00 0.000000e+00 -5.706577e-03)
370.95        	5.630270e-05	(0.000000e+00 0.000000e+00 -5.706577e-03)
371.05        	5.630462e-05	(0.000000e+00 0.000000e+00 -5.706577e-03)
371.15        	5.630665e-05	(0.000000e+00 0.000000e+00 -5.706577e-03)
371.25        	5.630860e-05	(0.000000e+00 0.000000e+00 -5.706577e-03)
371.35        	5.631004e-05	(0.000000e+00 0.000000e+00 -5.706577e-03)
371.45        	5.631157e-05	(0.000000e+00 0.000000e+00 -5.706577e-03)
371.55        	5.631276e-05	(0.000000e+00 0.000000e+00 -5.706577e-03)
371.65        	5.631392e-05	(0.000000e+00 0.000000e+00 -5.706577e-03)
371.75        	5.631510e-05	(0.000000e+00 0.000000e+00 -5.706577e-03)
371.85        	5.631650e-05	(0.000000e+00 0.000000e+00 -5.706577e-03)
371.95        	5.631858e-05	(0.000000e+00 0.000000e+00 -5.706577e-03)
372.05        	5.632088e-05	(0.000000e+00 0.000000e+00 -5.706577e-03)
372.15        	5.632202e-05	(0.000000e+00 0.000000e+00 -5.706577e-03)
372.25        	5.632280e-05	(0.000000e+00 0.000000e+00 -5.706577e-03)
372.35        	5.632415e-05	(0.000000e+00 0.000000e+00 -5.706577e-03)
372.45        	5.632549e-05	(0.000000e+00 0.000000e+00 -5.706577e-03)
372.55        	5.632680e-05	(0.000000e+00 0.000000e+00 -5.706577e-03)
372.65        	5.632773e-05	(0.000000e+00 0.000000e+00 -5.706577e-03)
372.75        	5.632903e-05	(0.000000e+00 0.000000e+00 -5.706577e-03)
372.85        	5.633044e-05	(0.000000e+00 0.000000e+00 -5.706577e-03)
372.95        	5.633201e-05	(0.000000e+00 0.000000e+00 -5.706577e-03)
373.05        	5.633338e-05	(0.000000e+00 0.000000e+00 -5.706577e-03)
373.15        	5.633419e-05	(0.000000e+00 0.000000e+00 -5.706577e-03)
373.25        	5.633493e-05	(0.000000e+00 0.000000e+00 -5.706577e-03)
373.35        	5.633596e-05	(0.000000e+00 0.000000e+00 -5.706577e-03)
373.45        	5.633755e-05	(0.000000e+00 0.000000e+00 -5.706577e-03)
373.55        	5.633889e-05	(0.000000e+00 0.000000e+00 -5.706577e-03)
373.65        	5.634045e-05	(0.000000e+00 0.000000e+00 -5.706577e-03)
373.75        	5.634224e-05	(0.000000e+00 0.000000e+00 -5.706577e-03)
373.85        	5.634345e-05	(0.000000e+00 0.000000e+00 -5.706577e-03)
373.95        	5.634466e-05	(0.000000e+00 0.000000e+00 -5.706577e-03)
374.05        	5.634639e-05	(0.000000e+00 0.000000e+00 -5.706577e-03)
374.15        	5.634806e-05	(0.000000e+00 0.000000e+00 -5.706577e-03)
374.25        	5.634942e-05	(0.000000e+00 0.000000e+00 -5.706577e-03)
374.35        	5.635055e-05	(0.000000e+00 0.000000e+00 -5.706577e-03)
374.45        	5.635178e-05	(0.000000e+00 0.000000e+00 -5.706577e-03)
374.55        	5.635286e-05	(0.000000e+00 0.000000e+00 -5.706577e-03)
374.65        	5.635468e-05	(0.000000e+00 0.000000e+00 -5.706577e-03)
374.75        	5.635678e-05	(0.000000e+00 0.000000e+00 -5.706577e-03)
374.85        	5.635825e-05	(0.000000e+00 0.000000e+00 -5.706577e-03)
374.95        	5.635977e-05	(0.000000e+00 0.000000e+00 -5.706577e-03)
375.05        	5.636099e-05	(0.000000e+00 0.000000e+00 -5.706577e-03)
375.15        	5.636275e-05	(0.000000e+00 0.000000e+00 -5.706577e-03)
375.25        	5.636435e-05	(0.000000e+00 0.000000e+00 -5.706577e-03)
375.35        	5.636586e-05	(0.000000e+00 0.000000e+00 -5.706577e-03)
375.45        	5.636683e-05	(0.000000e+00 0.000000e+00 -5.706577e-03)
375.55        	5.636834e-05	(0.000000e+00 0.000000e+00 -5.706577e-03)
375.65        	5.636987e-05	(0.000000e+00 0.000000e+00 -5.706577e-03)
375.75        	5.637143e-05	(0.000000e+00 0.000000e+00 -5.706577e-03)
375.85        	5.637317e-05	(0.000000e+00 0.000000e+00 -5.706577e-03)
375.95        	5.637504e-05	(0.000000e+00 0.000000e+00 -5.706577e-03)
376.05        	5.637650e-05	(0.000000e+00 0.000000e+00 -5.706577e-03)
376.15        	5.637777e-05	(0.000000e+00 0.000000e+00 -5.706577e-03)
376.25        	5.637932e-05	(0.000000e+00 0.000000e+00 -5.706577e-03)
376.35        	5.638074e-05	(0.000000e+00 0.000000e+00 -5.706577e-03)
376.45        	5.638184e-05	(0.000000e+00 0.000000e+00 -5.706577e-03)
376.55        	5.638278e-05	(0.000000e+00 0.000000e+00 -5.706577e-03)
376.65        	5.638429e-05	(0.000000e+00 0.000000e+00 -5.706577e-03)
376.75        	5.638643e-05	(0.000000e+00 0.000000e+00 -5.706577e-03)
376.85        	5.638831e-05	(0.000000e+00 0.000000e+00 -5.706577e-03)
376.95        	5.638940e-05	(0.000000e+00 0.000000e+00 -5.706577e-03)
377.05        	5.639033e-05	(0.000000e+00 0.000000e+00 -5.706577e-03)
377.15        	5.639140e-05	(0.000000e+00 0.000000e+00 -5.706577e-03)
377.25        	5.639341e-05	(0.000000e+00 0.000000e+00 -5.706577e-03)
377.35        	5.639526e-05	(0.000000e+00 0.000000e+00 -5.706577e-03)
377.45        	5.639644e-05	(0.000000e+00 0.000000e+00 -5.706577e-03)
377.55        	5.639743e-05	(0.000000e+00 0.000000e+00 -5.706577e-03)
377.65        	5.639960e-05	(0.000000e+00 0.000000e+00 -5.706577e-03)
377.75        	5.640155e-05	(0.000000e+00 0.000000e+00 -5.706577e-03)
377.85        	5.640280e-05	(0.000000e+00 0.000000e+00 -5.706577e-03)
377.95        	5.640394e-05	(0.000000e+00 0.000000e+00 -5.706577e-03)
378.05        	5.640509e-05	(0.000000e+00 0.000000e+00 -5.706577e-03)
378.15        	5.640648e-05	(0.000000e+00 0.000000e+00 -5.706577e-03)
378.25        	5.640800e-05	(0.000000e+00 0.000000e+00 -5.706577e-03)
378.35        	5.640954e-05	(0.000000e+00 0.000000e+00 -5.706577e-03)
378.45        	5.641129e-05	(0.000000e+00 0.000000e+00 -5.706577e-03)
378.55        	5.641291e-05	(0.000000e+00 0.000000e+00 -5.706577e-03)
378.65        	5.641459e-05	(0.000000e+00 0.000000e+00 -5.706577e-03)
378.75        	5.641629e-05	(0.000000e+00 0.000000e+00 -5.706577e-03)
378.85        	5.641754e-05	(0.000000e+00 0.000000e+00 -5.706577e-03)
378.95        	5.641869e-05	(0.000000e+00 0.000000e+00 -5.706577e-03)
379.05        	5.642008e-05	(0.000000e+00 0.000000e+00 -5.706577e-03)
379.15        	5.642164e-05	(0.000000e+00 0.000000e+00 -5.706577e-03)
379.25        	5.642226e-05	(0.000000e+00 0.000000e+00 -5.706577e-03)
379.35        	5.642296e-05	(0.000000e+00 0.000000e+00 -5.706577e-03)
379.45        	5.642403e-05	(0.000000e+00 0.000000e+00 -5.706577e-03)
379.55        	5.642552e-05	(0.000000e+00 0.000000e+00 -5.706577e-03)
379.65        	5.642739e-05	(0.000000e+00 0.000000e+00 -5.706577e-03)
379.75        	5.642940e-05	(0.000000e+00 0.000000e+00 -5.706577e-03)
379.85        	5.643154e-05	(0.000000e+00 0.000000e+00 -5.706577e-03)
379.95        	5.643370e-05	(0.000000e+00 0.000000e+00 -5.706577e-03)
380.05        	5.643565e-05	(0.000000e+00 0.000000e+00 -5.706577e-03)
380.15        	5.643748e-05	(0.000000e+00 0.000000e+00 -5.706577e-03)
380.25        	5.643941e-05	(0.000000e+00 0.000000e+00 -5.706577e-03)
380.35        	5.644113e-05	(0.000000e+00 0.000000e+00 -5.706577e-03)
380.45        	5.644239e-05	(0.000000e+00 0.000000e+00 -5.706577e-03)
380.55        	5.644395e-05	(0.000000e+00 0.000000e+00 -5.706577e-03)
380.65        	5.644548e-05	(0.000000e+00 0.000000e+00 -5.706577e-03)
380.75        	5.644656e-05	(0.000000e+00 0.000000e+00 -5.706577e-03)
380.85        	5.644798e-05	(0.000000e+00 0.000000e+00 -5.706577e-03)
380.95        	5.644928e-05	(0.000000e+00 0.000000e+00 -5.706577e-03)
381.05        	5.645042e-05	(0.000000e+00 0.000000e+00 -5.706577e-03)
381.15        	5.645138e-05	(0.000000e+00 0.000000e+00 -5.706577e-03)
381.25        	5.645231e-05	(0.000000e+00 0.000000e+00 -5.706577e-03)
381.35        	5.645319e-05	(0.000000e+00 0.000000e+00 -5.706577e-03)
381.45        	5.645411e-05	(0.000000e+00 0.000000e+00 -5.706577e-03)
381.55        	5.645560e-05	(0.000000e+00 0.000000e+00 -5.706577e-03)
381.65        	5.645659e-05	(0.000000e+00 0.000000e+00 -5.706577e-03)
381.75        	5.645728e-05	(0.000000e+00 0.000000e+00 -5.706577e-03)
381.85        	5.645832e-05	(0.000000e+00 0.000000e+00 -5.706577e-03)
381.95        	5.645938e-05	(0.000000e+00 0.000000e+00 -5.706577e-03)
382.05        	5.646021e-05	(0.000000e+00 0.000000e+00 -5.706577e-03)
382.15        	5.646125e-05	(0.000000e+00 0.000000e+00 -5.706577e-03)
382.25        	5.646266e-05	(0.000000e+00 0.000000e+00 -5.706577e-03)
382.35        	5.646418e-05	(0.000000e+00 0.000000e+00 -5.706577e-03)
382.45        	5.646586e-05	(0.000000e+00 0.000000e+00 -5.706577e-03)
382.55        	5.646771e-05	(0.000000e+00 0.000000e+00 -5.706577e-03)
382.65        	5.646986e-05	(0.000000e+00 0.000000e+00 -5.706577e-03)
382.75        	5.647203e-05	(0.000000e+00 0.000000e+00 -5.706577e-03)
382.85        	5.647417e-05	(0.000000e+00 0.000000e+00 -5.706577e-03)
382.95        	5.647567e-05	(0.000000e+00 0.000000e+00 -5.706577e-03)
383.05        	5.647706e-05	(0.000000e+00 0.000000e+00 -5.706577e-03)
383.15        	5.647865e-05	(0.000000e+00 0.000000e+00 -5.706577e-03)
383.25        	5.648057e-05	(0.000000e+00 0.000000e+00 -5.706577e-03)
383.35        	5.648238e-05	(0.000000e+00 0.000000e+00 -5.706577e-03)
383.45        	5.648397e-05	(0.000000e+00 0.000000e+00 -5.706577e-03)
383.55        	5.648517e-05	(0.000000e+00 0.000000e+00 -5.706577e-03)
383.65        	5.648595e-05	(0.000000e+00 0.000000e+00 -5.706577e-03)
383.75        	5.648736e-05	(0.000000e+00 0.000000e+00 -5.706577e-03)
383.85        	5.648896e-05	(0.000000e+00 0.000000e+00 -5.706577e-03)
383.95        	5.649055e-05	(0.000000e+00 0.000000e+00 -5.706577e-03)
384.05        	5.649182e-05	(0.000000e+00 0.000000e+00 -5.706577e-03)
384.15        	5.649276e-05	(0.000000e+00 0.000000e+00 -5.706577e-03)
384.25        	5.649338e-05	(0.000000e+00 0.000000e+00 -5.706577e-03)
384.35        	5.649425e-05	(0.000000e+00 0.000000e+00 -5.706577e-03)
384.45        	5.649519e-05	(0.000000e+00 0.000000e+00 -5.706577e-03)
384.55        	5.649612e-05	(0.000000e+00 0.000000e+00 -5.706577e-03)
384.65        	5.649697e-05	(0.000000e+00 0.000000e+00 -5.706577e-03)
384.75        	5.649851e-05	(0.000000e+00 0.000000e+00 -5.706577e-03)
384.85        	5.649951e-05	(0.000000e+00 0.000000e+00 -5.706577e-03)
384.95        	5.650083e-05	(0.000000e+00 0.000000e+00 -5.706577e-03)
385.05        	5.650180e-05	(0.000000e+00 0.000000e+00 -5.706577e-03)
385.15        	5.650357e-05	(0.000000e+00 0.000000e+00 -5.706577e-03)
385.25        	5.650536e-05	(0.000000e+00 0.000000e+00 -5.706577e-03)
385.35        	5.650764e-05	(0.000000e+00 0.000000e+00 -5.706577e-03)
385.45        	5.650985e-05	(0.000000e+00 0.000000e+00 -5.706577e-03)
385.55        	5.651177e-05	(0.000000e+00 0.000000e+00 -5.706577e-03)
385.65        	5.651374e-05	(0.000000e+00 0.000000e+00 -5.706577e-03)
385.75        	5.651520e-05	(0.000000e+00 0.000000e+00 -5.706577e-03)
385.85        	5.651741e-05	(0.000000e+00 0.000000e+00 -5.706577e-03)
385.95        	5.651961e-05	(0.000000e+00 0.000000e+00 -5.706577e-03)
386.05        	5.652189e-05	(0.000000e+00 0.000000e+00 -5.706577e-03)
386.15        	5.652420e-05	(0.000000e+00 0.000000e+00 -5.706577e-03)
386.25        	5.652599e-05	(0.000000e+00 0.000000e+00 -5.706577e-03)
386.35        	5.652731e-05	(0.000000e+00 0.000000e+00 -5.706577e-03)
386.45        	5.652875e-05	(0.000000e+00 0.000000e+00 -5.706577e-03)
386.55        	5.653002e-05	(0.000000e+00 0.000000e+00 -5.706577e-03)
386.65        	5.653122e-05	(0.000000e+00 0.000000e+00 -5.706577e-03)
386.75        	5.653290e-05	(0.000000e+00 0.000000e+00 -5.706577e-03)
386.85        	5.653439e-05	(0.000000e+00 0.000000e+00 -5.706577e-03)
386.95        	5.653559e-05	(0.000000e+00 0.000000e+00 -5.706577e-03)
387.05        	5.653648e-05	(0.000000e+00 0.000000e+00 -5.706577e-03)
387.15        	5.653744e-05	(0.000000e+00 0.000000e+00 -5.706577e-03)
387.25        	5.653816e-05	(0.000000e+00 0.000000e+00 -5.706577e-03)
387.35        	5.653914e-05	(0.000000e+00 0.000000e+00 -5.706577e-03)
387.45        	5.654037e-05	(0.000000e+00 0.000000e+00 -5.706577e-03)
387.55        	5.654128e-05	(0.000000e+00 0.000000e+00 -5.706577e-03)
387.65        	5.654189e-05	(0.000000e+00 0.000000e+00 -5.706577e-03)
387.75        	5.654240e-05	(0.000000e+00 0.000000e+00 -5.706577e-03)
387.85        	5.654329e-05	(0.000000e+00 0.000000e+00 -5.706577e-03)
387.95        	5.654437e-05	(0.000000e+00 0.000000e+00 -5.706577e-03)
388.05        	5.654522e-05	(0.000000e+00 0.000000e+00 -5.706577e-03)
388.15        	5.654649e-05	(0.000000e+00 0.000000e+00 -5.706577e-03)
388.25        	5.654813e-05	(0.000000e+00 0.000000e+00 -5.706577e-03)
388.35        	5.654933e-05	(0.000000e+00 0.000000e+00 -5.706577e-03)
388.45        	5.655078e-05	(0.000000e+00 0.000000e+00 -5.706577e-03)
388.55        	5.655274e-05	(0.000000e+00 0.000000e+00 -5.706577e-03)
388.65        	5.655444e-05	(0.000000e+00 0.000000e+00 -5.706577e-03)
388.75        	5.655612e-05	(0.000000e+00 0.000000e+00 -5.706577e-03)
388.85        	5.655779e-05	(0.000000e+00 0.000000e+00 -5.706577e-03)
388.95        	5.655983e-05	(0.000000e+00 0.000000e+00 -5.706577e-03)
389.05        	5.656108e-05	(0.000000e+00 0.000000e+00 -5.706577e-03)
389.15        	5.656219e-05	(0.000000e+00 0.000000e+00 -5.706577e-03)
389.25        	5.656333e-05	(0.000000e+00 0.000000e+00 -5.706577e-03)
389.35        	5.656478e-05	(0.000000e+00 0.000000e+00 -5.706577e-03)
389.45        	5.656618e-05	(0.000000e+00 0.000000e+00 -5.706577e-03)
389.55        	5.656758e-05	(0.000000e+00 0.000000e+00 -5.706577e-03)
389.65        	5.656910e-05	(0.000000e+00 0.000000e+00 -5.706577e-03)
389.75        	5.656995e-05	(0.000000e+00 0.000000e+00 -5.706577e-03)
389.85        	5.657096e-05	(0.000000e+00 0.000000e+00 -5.706577e-03)
389.95        	5.657205e-05	(0.000000e+00 0.000000e+00 -5.706577e-03)
390.05        	5.657267e-05	(0.000000e+00 0.000000e+00 -5.706577e-03)
390.15        	5.657303e-05	(0.000000e+00 0.000000e+00 -5.706577e-03)
390.25        	5.657360e-05	(0.000000e+00 0.000000e+00 -5.706577e-03)
390.35        	5.657434e-05	(0.000000e+00 0.000000e+00 -5.706577e-03)
390.45        	5.657559e-05	(0.000000e+00 0.000000e+00 -5.706577e-03)
390.55        	5.657694e-05	(0.000000e+00 0.000000e+00 -5.706577e-03)
390.65        	5.657813e-05	(0.000000e+00 0.000000e+00 -5.706577e-03)
390.75        	5.657988e-05	(0.000000e+00 0.000000e+00 -5.706577e-03)
390.85        	5.658126e-05	(0.000000e+00 0.000000e+00 -5.706577e-03)
390.95        	5.658245e-05	(0.000000e+00 0.000000e+00 -5.706577e-03)
391.05        	5.658389e-05	(0.000000e+00 0.000000e+00 -5.706577e-03)
391.15        	5.658601e-05	(0.000000e+00 0.000000e+00 -5.706577e-03)
391.25        	5.658743e-05	(0.000000e+00 0.000000e+00 -5.706577e-03)
391.35        	5.658868e-05	(0.000000e+00 0.000000e+00 -5.706577e-03)
391.45        	5.658977e-05	(0.000000e+00 0.000000e+00 -5.706577e-03)
391.55        	5.659144e-05	(0.000000e+00 0.000000e+00 -5.706577e-03)
391.65        	5.659340e-05	(0.000000e+00 0.000000e+00 -5.706577e-03)
391.75        	5.659509e-05	(0.000000e+00 0.000000e+00 -5.706577e-03)
391.85        	5.659676e-05	(0.000000e+00 0.000000e+00 -5.706577e-03)
391.95        	5.659828e-05	(0.000000e+00 0.000000e+00 -5.706577e-03)
392.05        	5.659987e-05	(0.000000e+00 0.000000e+00 -5.706577e-03)
392.15        	5.660167e-05	(0.000000e+00 0.000000e+00 -5.706577e-03)
392.25        	5.660378e-05	(0.000000e+00 0.000000e+00 -5.706577e-03)
392.35        	5.660554e-05	(0.000000e+00 0.000000e+00 -5.706577e-03)
392.45        	5.660641e-05	(0.000000e+00 0.000000e+00 -5.706577e-03)
392.55        	5.660703e-05	(0.000000e+00 0.000000e+00 -5.706577e-03)
392.65        	5.660766e-05	(0.000000e+00 0.000000e+00 -5.706577e-03)
392.75        	5.660839e-05	(0.000000e+00 0.000000e+00 -5.706577e-03)
392.85        	5.660939e-05	(0.000000e+00 0.000000e+00 -5.706577e-03)
392.95        	5.661043e-05	(0.000000e+00 0.000000e+00 -5.706577e-03)
393.05        	5.661140e-05	(0.000000e+00 0.000000e+00 -5.706577e-03)
393.15        	5.661230e-05	(0.000000e+00 0.000000e+00 -5.706577e-03)
393.25        	5.661357e-05	(0.000000e+00 0.000000e+00 -5.706577e-03)
393.35        	5.661519e-05	(0.000000e+00 0.000000e+00 -5.706577e-03)
393.45        	5.661625e-05	(0.000000e+00 0.000000e+00 -5.706577e-03)
393.55        	5.661685e-05	(0.000000e+00 0.000000e+00 -5.706577e-03)
393.65        	5.661740e-05	(0.000000e+00 0.000000e+00 -5.706577e-03)
393.75        	5.661834e-05	(0.000000e+00 0.000000e+00 -5.706577e-03)
393.85        	5.661994e-05	(0.000000e+00 0.000000e+00 -5.706577e-03)
393.95        	5.662179e-05	(0.000000e+00 0.000000e+00 -5.706577e-03)
394.05        	5.662348e-05	(0.000000e+00 0.000000e+00 -5.706577e-03)
394.15        	5.662478e-05	(0.000000e+00 0.000000e+00 -5.706577e-03)
394.25        	5.662648e-05	(0.000000e+00 0.000000e+00 -5.706577e-03)
394.35        	5.662817e-05	(0.000000e+00 0.000000e+00 -5.706577e-03)
394.45        	5.662948e-05	(0.000000e+00 0.000000e+00 -5.706577e-03)
394.55        	5.663052e-05	(0.000000e+00 0.000000e+00 -5.706577e-03)
394.65        	5.663180e-05	(0.000000e+00 0.000000e+00 -5.706577e-03)
394.75        	5.663367e-05	(0.000000e+00 0.000000e+00 -5.706577e-03)
394.85        	5.663607e-05	(0.000000e+00 0.000000e+00 -5.706577e-03)
394.95        	5.663781e-05	(0.000000e+00 0.000000e+00 -5.706577e-03)
395.05        	5.663908e-05	(0.000000e+00 0.000000e+00 -5.706577e-03)
395.15        	5.664015e-05	(0.000000e+00 0.000000e+00 -5.706577e-03)
395.25        	5.664146e-05	(0.000000e+00 0.000000e+00 -5.706577e-03)
395.35        	5.664320e-05	(0.000000e+00 0.000000e+00 -5.706577e-03)
395.45        	5.664512e-05	(0.000000e+00 0.000000e+00 -5.706577e-03)
395.55        	5.664712e-05	(0.000000e+00 0.000000e+00 -5.706577e-03)
395.65        	5.664863e-05	(0.000000e+00 0.000000e+00 -5.706577e-03)
395.75        	5.664994e-05	(0.000000e+00 0.000000e+00 -5.706577e-03)
395.85        	5.665138e-05	(0.000000e+00 0.000000e+00 -5.706577e-03)
395.95        	5.665233e-05	(0.000000e+00 0.000000e+00 -5.706577e-03)
396.05        	5.665350e-05	(0.000000e+00 0.000000e+00 -5.706577e-03)
396.15        	5.665426e-05	(0.000000e+00 0.000000e+00 -5.706577e-03)
396.25        	5.665563e-05	(0.000000e+00 0.000000e+00 -5.706577e-03)
396.35        	5.665678e-05	(0.000000e+00 0.000000e+00 -5.706577e-03)
396.45        	5.665841e-05	(0.000000e+00 0.000000e+00 -5.706577e-03)
396.55        	5.666025e-05	(0.000000e+00 0.000000e+00 -5.706577e-03)
396.65        	5.666169e-05	(0.000000e+00 0.000000e+00 -5.706577e-03)
396.75        	5.666276e-05	(0.000000e+00 0.000000e+00 -5.706577e-03)
396.85        	5.666370e-05	(0.000000e+00 0.000000e+00 -5.706577e-03)
396.95        	5.666482e-05	(0.000000e+00 0.000000e+00 -5.706577e-03)
397.05        	5.666604e-05	(0.000000e+00 0.000000e+00 -5.706577e-03)
397.15        	5.666792e-05	(0.000000e+00 0.000000e+00 -5.706577e-03)
397.25        	5.666990e-05	(0.000000e+00 0.000000e+00 -5.706577e-03)
397.35        	5.667112e-05	(0.000000e+00 0.000000e+00 -5.706577e-03)
397.45        	5.667200e-05	(0.000000e+00 0.000000e+00 -5.706577e-03)
397.55        	5.667302e-05	(0.000000e+00 0.000000e+00 -5.706577e-03)
397.65        	5.667421e-05	(0.000000e+00 0.000000e+00 -5.706577e-03)
397.75        	5.667536e-05	(0.000000e+00 0.000000e+00 -5.706577e-03)
397.85        	5.667670e-05	(0.000000e+00 0.000000e+00 -5.706577e-03)
397.95        	5.667776e-05	(0.000000e+00 0.000000e+00 -5.706577e-03)
398.05        	5.667901e-05	(0.000000e+00 0.000000e+00 -5.706577e-03)
398.15        	5.668022e-05	(0.000000e+00 0.000000e+00 -5.706577e-03)
398.25        	5.668098e-05	(0.000000e+00 0.000000e+00 -5.706577e-03)
398.35        	5.668177e-05	(0.000000e+00 0.000000e+00 -5.706577e-03)
398.45        	5.668337e-05	(0.000000e+00 0.000000e+00 -5.706577e-03)
398.55        	5.668516e-05	(0.000000e+00 0.000000e+00 -5.706577e-03)
398.65        	5.668634e-05	(0.000000e+00 0.000000e+00 -5.706577e-03)
398.75        	5.668804e-05	(0.000000e+00 0.000000e+00 -5.706577e-03)
398.85        	5.668963e-05	(0.000000e+00 0.000000e+00 -5.706577e-03)
398.95        	5.669119e-05	(0.000000e+00 0.000000e+00 -5.706577e-03)
399.05        	5.669268e-05	(0.000000e+00 0.000000e+00 -5.706577e-03)
399.15        	5.669461e-05	(0.000000e+00 0.000000e+00 -5.706577e-03)
399.25        	5.669597e-05	(0.000000e+00 0.000000e+00 -5.706577e-03)
399.35        	5.669743e-05	(0.000000e+00 0.000000e+00 -5.706577e-03)
399.45        	5.669908e-05	(0.000000e+00 0.000000e+00 -5.706577e-03)
399.55        	5.670057e-05	(0.000000e+00 0.000000e+00 -5.706577e-03)
399.65        	5.670198e-05	(0.000000e+00 0.000000e+00 -5.706577e-03)
399.75        	5.670431e-05	(0.000000e+00 0.000000e+00 -5.706577e-03)
399.85        	5.670532e-05	(0.000000e+00 0.000000e+00 -5.706577e-03)
399.95        	5.670634e-05	(0.000000e+00 0.000000e+00 -5.706577e-03)
400.05        	5.670725e-05	(0.000000e+00 0.000000e+00 -5.706577e-03)
400.15        	5.670840e-05	(0.000000e+00 0.000000e+00 -5.706577e-03)
400.25        	5.670951e-05	(0.000000e+00 0.000000e+00 -5.706577e-03)
400.35        	5.671069e-05	(0.000000e+00 0.000000e+00 -5.706577e-03)
400.45        	5.671164e-05	(0.000000e+00 0.000000e+00 -5.706577e-03)
400.55        	5.671258e-05	(0.000000e+00 0.000000e+00 -5.706577e-03)
400.65        	5.671368e-05	(0.000000e+00 0.000000e+00 -5.706577e-03)
400.75        	5.671490e-05	(0.000000e+00 0.000000e+00 -5.706577e-03)
400.85        	5.671609e-05	(0.000000e+00 0.000000e+00 -5.706577e-03)
400.95        	5.671747e-05	(0.000000e+00 0.000000e+00 -5.706577e-03)
401.05        	5.671863e-05	(0.000000e+00 0.000000e+00 -5.706577e-03)
401.15        	5.671979e-05	(0.000000e+00 0.000000e+00 -5.706577e-03)
401.25        	5.672121e-05	(0.000000e+00 0.000000e+00 -5.706577e-03)
401.35        	5.672313e-05	(0.000000e+00 0.000000e+00 -5.706577e-03)
401.45        	5.672500e-05	(0.000000e+00 0.000000e+00 -5.706577e-03)
401.55        	5.672611e-05	(0.000000e+00 0.000000e+00 -5.706577e-03)
401.65        	5.672745e-05	(0.000000e+00 0.000000e+00 -5.706577e-03)
401.75        	5.672839e-05	(0.000000e+00 0.000000e+00 -5.706577e-03)
401.85        	5.672915e-05	(0.000000e+00 0.000000e+00 -5.706577e-03)
401.95        	5.672958e-05	(0.000000e+00 0.000000e+00 -5.706577e-03)
402.05        	5.673027e-05	(0.000000e+00 0.000000e+00 -5.706577e-03)
402.15        	5.673128e-05	(0.000000e+00 0.000000e+00 -5.706577e-03)
402.25        	5.673279e-05	(0.000000e+00 0.000000e+00 -5.706577e-03)
402.35        	5.673485e-05	(0.000000e+00 0.000000e+00 -5.706577e-03)
402.45        	5.673643e-05	(0.000000e+00 0.000000e+00 -5.706577e-03)
402.55        	5.673797e-05	(0.000000e+00 0.000000e+00 -5.706577e-03)
402.65        	5.673921e-05	(0.000000e+00 0.000000e+00 -5.706577e-03)
402.75        	5.674022e-05	(0.000000e+00 0.000000e+00 -5.706577e-03)
402.85        	5.674084e-05	(0.000000e+00 0.000000e+00 -5.706577e-03)
402.95        	5.674186e-05	(0.000000e+00 0.000000e+00 -5.706577e-03)
403.05        	5.674305e-05	(0.000000e+00 0.000000e+00 -5.706577e-03)
403.15        	5.674434e-05	(0.000000e+00 0.000000e+00 -5.706577e-03)
403.25        	5.674608e-05	(0.000000e+00 0.000000e+00 -5.706577e-03)
403.35        	5.674755e-05	(0.000000e+00 0.000000e+00 -5.706577e-03)
403.45        	5.674928e-05	(0.000000e+00 0.000000e+00 -5.706577e-03)
403.55        	5.675089e-05	(0.000000e+00 0.000000e+00 -5.706577e-03)
403.65        	5.675221e-05	(0.000000e+00 0.000000e+00 -5.706577e-03)
403.75        	5.675406e-05	(0.000000e+00 0.000000e+00 -5.706577e-03)
403.85        	5.675532e-05	(0.000000e+00 0.000000e+00 -5.706577e-03)
403.95        	5.675603e-05	(0.000000e+00 0.000000e+00 -5.706577e-03)
404.05        	5.675710e-05	(0.000000e+00 0.000000e+00 -5.706577e-03)
404.15        	5.675827e-05	(0.000000e+00 0.000000e+00 -5.706577e-03)
404.25        	5.675976e-05	(0.000000e+00 0.000000e+00 -5.706577e-03)
404.35        	5.676148e-05	(0.000000e+00 0.000000e+00 -5.706577e-03)
404.45        	5.676320e-05	(0.000000e+00 0.000000e+00 -5.706577e-03)
404.55        	5.676505e-05	(0.000000e+00 0.000000e+00 -5.706577e-03)
404.65        	5.676663e-05	(0.000000e+00 0.000000e+00 -5.706577e-03)
404.75        	5.676790e-05	(0.000000e+00 0.000000e+00 -5.706577e-03)
404.85        	5.676932e-05	(0.000000e+00 0.000000e+00 -5.706577e-03)
404.95        	5.677055e-05	(0.000000e+00 0.000000e+00 -5.706577e-03)
405.05        	5.677116e-05	(0.000000e+00 0.000000e+00 -5.706577e-03)
405.15        	5.677166e-05	(0.000000e+00 0.000000e+00 -5.706577e-03)
405.25        	5.677241e-05	(0.000000e+00 0.000000e+00 -5.706577e-03)
405.35        	5.677343e-05	(0.000000e+00 0.000000e+00 -5.706577e-03)
405.45        	5.677446e-05	(0.000000e+00 0.000000e+00 -5.706577e-03)
405.55        	5.677623e-05	(0.000000e+00 0.000000e+00 -5.706577e-03)
405.65        	5.677752e-05	(0.000000e+00 0.000000e+00 -5.706577e-03)
405.75        	5.677830e-05	(0.000000e+00 0.000000e+00 -5.706577e-03)
405.85        	5.677945e-05	(0.000000e+00 0.000000e+00 -5.706577e-03)
405.95        	5.678037e-05	(0.000000e+00 0.000000e+00 -5.706577e-03)
406.05        	5.678166e-05	(0.000000e+00 0.000000e+00 -5.706577e-03)
406.15        	5.678186e-05	(0.000000e+00 0.000000e+00 -5.706577e-03)
406.25        	5.678297e-05	(0.000000e+00 0.000000e+00 -5.706577e-03)
406.35        	5.678440e-05	(0.000000e+00 0.000000e+00 -5.706577e-03)
406.45        	5.678642e-05	(0.000000e+00 0.000000e+00 -5.706577e-03)
406.55        	5.678904e-05	(0.000000e+00 0.000000e+00 -5.706577e-03)
406.65        	5.679078e-05	(0.000000e+00 0.000000e+00 -5.706577e-03)
406.75        	5.679227e-05	(0.000000e+00 0.000000e+00 -5.706577e-03)
406.85        	5.679399e-05	(0.000000e+00 0.000000e+00 -5.706577e-03)
406.95        	5.679550e-05	(0.000000e+00 0.000000e+00 -5.706577e-03)
407.05        	5.679718e-05	(0.000000e+00 0.000000e+00 -5.706577e-03)
407.15        	5.679838e-05	(0.000000e+00 0.000000e+00 -5.706577e-03)
407.25        	5.680015e-05	(0.000000e+00 0.000000e+00 -5.706577e-03)
407.35        	5.680239e-05	(0.000000e+00 0.000000e+00 -5.706577e-03)
407.45        	5.680322e-05	(0.000000e+00 0.000000e+00 -5.706577e-03)
407.55        	5.680338e-05	(0.000000e+00 0.000000e+00 -5.706577e-03)
407.65        	5.680396e-05	(0.000000e+00 0.000000e+00 -5.706577e-03)
407.75        	5.680503e-05	(0.000000e+00 0.000000e+00 -5.706577e-03)
407.85        	5.680649e-05	(0.000000e+00 0.000000e+00 -5.706577e-03)
407.95        	5.680808e-05	(0.000000e+00 0.000000e+00 -5.706577e-03)
408.05        	5.680921e-05	(0.000000e+00 0.000000e+00 -5.706577e-03)
408.15        	5.680973e-05	(0.000000e+00 0.000000e+00 -5.706577e-03)
408.25        	5.681011e-05	(0.000000e+00 0.000000e+00 -5.706577e-03)
408.35        	5.681089e-05	(0.000000e+00 0.000000e+00 -5.706577e-03)
408.45        	5.681183e-05	(0.000000e+00 0.000000e+00 -5.706577e-03)
408.55        	5.681325e-05	(0.000000e+00 0.000000e+00 -5.706577e-03)
408.65        	5.681467e-05	(0.000000e+00 0.000000e+00 -5.706577e-03)
408.75        	5.681532e-05	(0.000000e+00 0.000000e+00 -5.706577e-03)
408.85        	5.681611e-05	(0.000000e+00 0.000000e+00 -5.706577e-03)
408.95        	5.681679e-05	(0.000000e+00 0.000000e+00 -5.706577e-03)
409.05        	5.681766e-05	(0.000000e+00 0.000000e+00 -5.706577e-03)
409.15        	5.681845e-05	(0.000000e+00 0.000000e+00 -5.706577e-03)
409.25        	5.681974e-05	(0.000000e+00 0.000000e+00 -5.706577e-03)
409.35        	5.682106e-05	(0.000000e+00 0.000000e+00 -5.706577e-03)
409.45        	5.682218e-05	(0.000000e+00 0.000000e+00 -5.706577e-03)
409.55        	5.682342e-05	(0.000000e+00 0.000000e+00 -5.706577e-03)
409.65        	5.682495e-05	(0.000000e+00 0.000000e+00 -5.706577e-03)
409.75        	5.682658e-05	(0.000000e+00 0.000000e+00 -5.706577e-03)
409.85        	5.682786e-05	(0.000000e+00 0.000000e+00 -5.706577e-03)
409.95        	5.682920e-05	(0.000000e+00 0.000000e+00 -5.706577e-03)
410.05        	5.683071e-05	(0.000000e+00 0.000000e+00 -5.706577e-03)
410.15        	5.683227e-05	(0.000000e+00 0.000000e+00 -5.706577e-03)
410.25        	5.683336e-05	(0.000000e+00 0.000000e+00 -5.706577e-03)
410.35        	5.683473e-05	(0.000000e+00 0.000000e+00 -5.706577e-03)
410.45        	5.683571e-05	(0.000000e+00 0.000000e+00 -5.706577e-03)
410.55        	5.683689e-05	(0.000000e+00 0.000000e+00 -5.706577e-03)
410.65        	5.683832e-05	(0.000000e+00 0.000000e+00 -5.706577e-03)
410.75        	5.683990e-05	(0.000000e+00 0.000000e+00 -5.706577e-03)
410.85        	5.684114e-05	(0.000000e+00 0.000000e+00 -5.706577e-03)
410.95        	5.684245e-05	(0.000000e+00 0.000000e+00 -5.706577e-03)
411.05        	5.684364e-05	(0.000000e+00 0.000000e+00 -5.706577e-03)
411.15        	5.684467e-05	(0.000000e+00 0.000000e+00 -5.706577e-03)
411.25        	5.684540e-05	(0.000000e+00 0.000000e+00 -5.706577e-03)
411.35        	5.684645e-05	(0.000000e+00 0.000000e+00 -5.706577e-03)
411.45        	5.684742e-05	(0.000000e+00 0.000000e+00 -5.706577e-03)
411.55        	5.684832e-05	(0.000000e+00 0.000000e+00 -5.706577e-03)
411.65        	5.684923e-05	(0.000000e+00 0.000000e+00 -5.706577e-03)
411.75        	5.685020e-05	(0.000000e+00 0.000000e+00 -5.706577e-03)
411.85        	5.685143e-05	(0.000000e+00 0.000000e+00 -5.706577e-03)
411.95        	5.685255e-05	(0.000000e+00 0.000000e+00 -5.706577e-03)
412.05        	5.685352e-05	(0.000000e+00 0.000000e+00 -5.706577e-03)
412.15        	5.685450e-05	(0.000000e+00 0.000000e+00 -5.706577e-03)
412.25        	5.685526e-05	(0.000000e+00 0.000000e+00 -5.706577e-03)
412.35        	5.685618e-05	(0.000000e+00 0.000000e+00 -5.706577e-03)
412.45        	5.685723e-05	(0.000000e+00 0.000000e+00 -5.706577e-03)
412.55        	5.685818e-05	(0.000000e+00 0.000000e+00 -5.706577e-03)
412.65        	5.685913e-05	(0.000000e+00 0.000000e+00 -5.706577e-03)
412.75        	5.686040e-05	(0.000000e+00 0.000000e+00 -5.706577e-03)
412.85        	5.686204e-05	(0.000000e+00 0.000000e+00 -5.706577e-03)
412.95        	5.686377e-05	(0.000000e+00 0.000000e+00 -5.706577e-03)
413.05        	5.686552e-05	(0.000000e+00 0.000000e+00 -5.706577e-03)
413.15        	5.686708e-05	(0.000000e+00 0.000000e+00 -5.706577e-03)
413.25        	5.686920e-05	(0.000000e+00 0.000000e+00 -5.706577e-03)
413.35        	5.687141e-05	(0.000000e+00 0.000000e+00 -5.706577e-03)
413.45        	5.687335e-05	(0.000000e+00 0.000000e+00 -5.706577e-03)
413.55        	5.687418e-05	(0.000000e+00 0.000000e+00 -5.706577e-03)
413.65        	5.687514e-05	(0.000000e+00 0.000000e+00 -5.706577e-03)
413.75        	5.687567e-05	(0.000000e+00 0.000000e+00 -5.706577e-03)
413.85        	5.687679e-05	(0.000000e+00 0.000000e+00 -5.706577e-03)
413.95        	5.687778e-05	(0.000000e+00 0.000000e+00 -5.706577e-03)
414.05        	5.687946e-05	(0.000000e+00 0.000000e+00 -5.706577e-03)
414.15        	5.688180e-05	(0.000000e+00 0.000000e+00 -5.706577e-03)
414.25        	5.688335e-05	(0.000000e+00 0.000000e+00 -5.706577e-03)
414.35        	5.688455e-05	(0.000000e+00 0.000000e+00 -5.706577e-03)
414.45        	5.688581e-05	(0.000000e+00 0.000000e+00 -5.706577e-03)
414.55        	5.688701e-05	(0.000000e+00 0.000000e+00 -5.706577e-03)
414.65        	5.688789e-05	(0.000000e+00 0.000000e+00 -5.706577e-03)
414.75        	5.688843e-05	(0.000000e+00 0.000000e+00 -5.706577e-03)
414.85        	5.688864e-05	(0.000000e+00 0.000000e+00 -5.706577e-03)
414.95        	5.688959e-05	(0.000000e+00 0.000000e+00 -5.706577e-03)
415.05        	5.689079e-05	(0.000000e+00 0.000000e+00 -5.706577e-03)
415.15        	5.689188e-05	(0.000000e+00 0.000000e+00 -5.706577e-03)
415.25        	5.689302e-05	(0.000000e+00 0.000000e+00 -5.706577e-03)
415.35        	5.689446e-05	(0.000000e+00 0.000000e+00 -5.706577e-03)
415.45        	5.689553e-05	(0.000000e+00 0.000000e+00 -5.706577e-03)
415.55        	5.689670e-05	(0.000000e+00 0.000000e+00 -5.706577e-03)
415.65        	5.689764e-05	(0.000000e+00 0.000000e+00 -5.706577e-03)
415.75        	5.689819e-05	(0.000000e+00 0.000000e+00 -5.706577e-03)
415.85        	5.689868e-05	(0.000000e+00 0.000000e+00 -5.706577e-03)
415.95        	5.689950e-05	(0.000000e+00 0.000000e+00 -5.706577e-03)
416.05        	5.690024e-05	(0.000000e+00 0.000000e+00 -5.706577e-03)
416.15        	5.690165e-05	(0.000000e+00 0.000000e+00 -5.706577e-03)
416.25        	5.690338e-05	(0.000000e+00 0.000000e+00 -5.706577e-03)
416.35        	5.690509e-05	(0.000000e+00 0.000000e+00 -5.706577e-03)
416.45        	5.690646e-05	(0.000000e+00 0.000000e+00 -5.706577e-03)
416.55        	5.690803e-05	(0.000000e+00 0.000000e+00 -5.706577e-03)
416.65        	5.690938e-05	(0.000000e+00 0.000000e+00 -5.706577e-03)
416.75        	5.691064e-05	(0.000000e+00 0.000000e+00 -5.706577e-03)
416.85        	5.691245e-05	(0.000000e+00 0.000000e+00 -5.706577e-03)
416.95        	5.691445e-05	(0.000000e+00 0.000000e+00 -5.706577e-03)
417.05        	5.691547e-05	(0.000000e+00 0.000000e+00 -5.706577e-03)
417.15        	5.691649e-05	(0.000000e+00 0.000000e+00 -5.706577e-03)
417.25        	5.691740e-05	(0.000000e+00 0.000000e+00 -5.706577e-03)
417.35        	5.691927e-05	(0.000000e+00 0.000000e+00 -5.706577e-03)
417.45        	5.692049e-05	(0.000000e+00 0.000000e+00 -5.706577e-03)
417.55        	5.692145e-05	(0.000000e+00 0.000000e+00 -5.706577e-03)
417.65        	5.692258e-05	(0.000000e+00 0.000000e+00 -5.706577e-03)
417.75        	5.692349e-05	(0.000000e+00 0.000000e+00 -5.706577e-03)
417.85        	5.692439e-05	(0.000000e+00 0.000000e+00 -5.706577e-03)
417.95        	5.692540e-05	(0.000000e+00 0.000000e+00 -5.706577e-03)
418.05        	5.692621e-05	(0.000000e+00 0.000000e+00 -5.706577e-03)
418.15        	5.692694e-05	(0.000000e+00 0.000000e+00 -5.706577e-03)
418.25        	5.692814e-05	(0.000000e+00 0.000000e+00 -5.706577e-03)
418.35        	5.692977e-05	(0.000000e+00 0.000000e+00 -5.706577e-03)
418.45        	5.693116e-05	(0.000000e+00 0.000000e+00 -5.706577e-03)
418.55        	5.693232e-05	(0.000000e+00 0.000000e+00 -5.706577e-03)
418.65        	5.693363e-05	(0.000000e+00 0.000000e+00 -5.706577e-03)
418.75        	5.693383e-05	(0.000000e+00 0.000000e+00 -5.706577e-03)
418.85        	5.693474e-05	(0.000000e+00 0.000000e+00 -5.706577e-03)
418.95        	5.693604e-05	(0.000000e+00 0.000000e+00 -5.706577e-03)
419.05        	5.693847e-05	(0.000000e+00 0.000000e+00 -5.706577e-03)
419.15        	5.694090e-05	(0.000000e+00 0.000000e+00 -5.706577e-03)
419.25        	5.694256e-05	(0.000000e+00 0.000000e+00 -5.706577e-03)
419.35        	5.694436e-05	(0.000000e+00 0.000000e+00 -5.706577e-03)
419.45        	5.694579e-05	(0.000000e+00 0.000000e+00 -5.706577e-03)
419.55        	5.694722e-05	(0.000000e+00 0.000000e+00 -5.706577e-03)
419.65        	5.694840e-05	(0.000000e+00 0.000000e+00 -5.706577e-03)
419.75        	5.695022e-05	(0.000000e+00 0.000000e+00 -5.706577e-03)
419.85        	5.695233e-05	(0.000000e+00 0.000000e+00 -5.706577e-03)
419.95        	5.695358e-05	(0.000000e+00 0.000000e+00 -5.706577e-03)
420.05        	5.695435e-05	(0.000000e+00 0.000000e+00 -5.706577e-03)
420.15        	5.695505e-05	(0.000000e+00 0.000000e+00 -5.706577e-03)
420.25        	5.695591e-05	(0.000000e+00 0.000000e+00 -5.706577e-03)
420.35        	5.695676e-05	(0.000000e+00 0.000000e+00 -5.706577e-03)
420.45        	5.695725e-05	(0.000000e+00 0.000000e+00 -5.706577e-03)
420.55        	5.695829e-05	(0.000000e+00 0.000000e+00 -5.706577e-03)
420.65        	5.695925e-05	(0.000000e+00 0.000000e+00 -5.706577e-03)
420.75        	5.696054e-05	(0.000000e+00 0.000000e+00 -5.706577e-03)
420.85        	5.696164e-05	(0.000000e+00 0.000000e+00 -5.706577e-03)
420.95        	5.696228e-05	(0.000000e+00 0.000000e+00 -5.706577e-03)
421.05        	5.696314e-05	(0.000000e+00 0.000000e+00 -5.706577e-03)
421.15        	5.696418e-05	(0.000000e+00 0.000000e+00 -5.706577e-03)
421.25        	5.696569e-05	(0.000000e+00 0.000000e+00 -5.706577e-03)
421.35        	5.696746e-05	(0.000000e+00 0.000000e+00 -5.706577e-03)
421.45        	5.696857e-05	(0.000000e+00 0.000000e+00 -5.706577e-03)
421.55        	5.696999e-05	(0.000000e+00 0.000000e+00 -5.706577e-03)
421.65        	5.697085e-05	(0.000000e+00 0.000000e+00 -5.706577e-03)
421.75        	5.697203e-05	(0.000000e+00 0.000000e+00 -5.706577e-03)
421.85        	5.697315e-05	(0.000000e+00 0.000000e+00 -5.706577e-03)
421.95        	5.697501e-05	(0.000000e+00 0.000000e+00 -5.706577e-03)
422.05        	5.697708e-05	(0.000000e+00 0.000000e+00 -5.706577e-03)
422.15        	5.697790e-05	(0.000000e+00 0.000000e+00 -5.706577e-03)
422.25        	5.697847e-05	(0.000000e+00 0.000000e+00 -5.706577e-03)
422.35        	5.697959e-05	(0.000000e+00 0.000000e+00 -5.706577e-03)
422.45        	5.698079e-05	(0.000000e+00 0.000000e+00 -5.706577e-03)
422.55        	5.698226e-05	(0.000000e+00 0.000000e+00 -5.706577e-03)
422.65        	5.698381e-05	(0.000000e+00 0.000000e+00 -5.706577e-03)
422.75        	5.698562e-05	(0.000000e+00 0.000000e+00 -5.706577e-03)
422.85        	5.698761e-05	(0.000000e+00 0.000000e+00 -5.706577e-03)
422.95        	5.698922e-05	(0.000000e+00 0.000000e+00 -5.706577e-03)
423.05        	5.698998e-05	(0.000000e+00 0.000000e+00 -5.706577e-03)
423.15        	5.699020e-05	(0.000000e+00 0.000000e+00 -5.706577e-03)
423.25        	5.699059e-05	(0.000000e+00 0.000000e+00 -5.706577e-03)
423.35        	5.699181e-05	(0.000000e+00 0.000000e+00 -5.706577e-03)
423.45        	5.699412e-05	(0.000000e+00 0.000000e+00 -5.706577e-03)
423.55        	5.699600e-05	(0.000000e+00 0.000000e+00 -5.706577e-03)
423.65        	5.699751e-05	(0.000000e+00 0.000000e+00 -5.706577e-03)
423.75        	5.699863e-05	(0.000000e+00 0.000000e+00 -5.706577e-03)
423.85        	5.699853e-05	(0.000000e+00 0.000000e+00 -5.706577e-03)
423.95        	5.699869e-05	(0.000000e+00 0.000000e+00 -5.706577e-03)
424.05        	5.700007e-05	(0.000000e+00 0.000000e+00 -5.706577e-03)
424.15        	5.700138e-05	(0.000000e+00 0.000000e+00 -5.706577e-03)
424.25        	5.700306e-05	(0.000000e+00 0.000000e+00 -5.706577e-03)
424.35        	5.700432e-05	(0.000000e+00 0.000000e+00 -5.706577e-03)
424.45        	5.700522e-05	(0.000000e+00 0.000000e+00 -5.706577e-03)
424.55        	5.700619e-05	(0.000000e+00 0.000000e+00 -5.706577e-03)
424.65        	5.700704e-05	(0.000000e+00 0.000000e+00 -5.706577e-03)
424.75        	5.700774e-05	(0.000000e+00 0.000000e+00 -5.706577e-03)
424.85        	5.700847e-05	(0.000000e+00 0.000000e+00 -5.706577e-03)
424.95        	5.700903e-05	(0.000000e+00 0.000000e+00 -5.706577e-03)
425.05        	5.700999e-05	(0.000000e+00 0.000000e+00 -5.706577e-03)
425.15        	5.701108e-05	(0.000000e+00 0.000000e+00 -5.706577e-03)
425.25        	5.701171e-05	(0.000000e+00 0.000000e+00 -5.706577e-03)
425.35        	5.701263e-05	(0.000000e+00 0.000000e+00 -5.706577e-03)
425.45        	5.701376e-05	(0.000000e+00 0.000000e+00 -5.706577e-03)
425.55        	5.701517e-05	(0.000000e+00 0.000000e+00 -5.706577e-03)
425.65        	5.701599e-05	(0.000000e+00 0.000000e+00 -5.706577e-03)
425.75        	5.701716e-05	(0.000000e+00 0.000000e+00 -5.706577e-03)
425.85        	5.701834e-05	(0.000000e+00 0.000000e+00 -5.706577e-03)
425.95        	5.701940e-05	(0.000000e+00 0.000000e+00 -5.706577e-03)
426.05        	5.702051e-05	(0.000000e+00 0.000000e+00 -5.706577e-03)
426.15        	5.702136e-05	(0.000000e+00 0.000000e+00 -5.706577e-03)
426.25        	5.702202e-05	(0.000000e+00 0.000000e+00 -5.706577e-03)
426.35        	5.702329e-05	(0.000000e+00 0.000000e+00 -5.706577e-03)
426.45        	5.702525e-05	(0.000000e+00 0.000000e+00 -5.706577e-03)
426.55        	5.702702e-05	(0.000000e+00 0.000000e+00 -5.706577e-03)
426.65        	5.702873e-05	(0.000000e+00 0.000000e+00 -5.706577e-03)
426.75        	5.703038e-05	(0.000000e+00 0.000000e+00 -5.706577e-03)
426.85        	5.703196e-05	(0.000000e+00 0.000000e+00 -5.706577e-03)
426.95        	5.703351e-05	(0.000000e+00 0.000000e+00 -5.706577e-03)
427.05        	5.703463e-05	(0.000000e+00 0.000000e+00 -5.706577e-03)
427.15        	5.703567e-05	(0.000000e+00 0.000000e+00 -5.706577e-03)
427.25        	5.703679e-05	(0.000000e+00 0.000000e+00 -5.706577e-03)
427.35        	5.703827e-05	(0.000000e+00 0.000000e+00 -5.706577e-03)
427.45        	5.704021e-05	(0.000000e+00 0.000000e+00 -5.706577e-03)
427.55        	5.704177e-05	(0.000000e+00 0.000000e+00 -5.706577e-03)
427.65        	5.704309e-05	(0.000000e+00 0.000000e+00 -5.706577e-03)
427.75        	5.704428e-05	(0.000000e+00 0.000000e+00 -5.706577e-03)
427.85        	5.704556e-05	(0.000000e+00 0.000000e+00 -5.706577e-03)
427.95        	5.704674e-05	(0.000000e+00 0.000000e+00 -5.706577e-03)
428.05        	5.704802e-05	(0.000000e+00 0.000000e+00 -5.706577e-03)
428.15        	5.704898e-05	(0.000000e+00 0.000000e+00 -5.706577e-03)
428.25        	5.705022e-05	(0.000000e+00 0.000000e+00 -5.706577e-03)
428.35        	5.705172e-05	(0.000000e+00 0.000000e+00 -5.706577e-03)
428.45        	5.705307e-05	(0.000000e+00 0.000000e+00 -5.706577e-03)
428.55        	5.705390e-05	(0.000000e+00 0.000000e+00 -5.706577e-03)
428.65        	5.705467e-05	(0.000000e+00 0.000000e+00 -5.706577e-03)
428.75        	5.705533e-05	(0.000000e+00 0.000000e+00 -5.706577e-03)
428.85        	5.705599e-05	(0.000000e+00 0.000000e+00 -5.706577e-03)
428.95        	5.705709e-05	(0.000000e+00 0.000000e+00 -5.706577e-03)
429.05        	5.705851e-05	(0.000000e+00 0.000000e+00 -5.706577e-03)
429.15        	5.706011e-05	(0.000000e+00 0.000000e+00 -5.706577e-03)
429.25        	5.706091e-05	(0.000000e+00 0.000000e+00 -5.706577e-03)
429.35        	5.706220e-05	(0.000000e+00 0.000000e+00 -5.706577e-03)
429.45        	5.706344e-05	(0.000000e+00 0.000000e+00 -5.706577e-03)
429.55        	5.706452e-05	(0.000000e+00 0.000000e+00 -5.706577e-03)
429.65        	5.706554e-05	(0.000000e+00 0.000000e+00 -5.706577e-03)
429.75        	5.706640e-05	(0.000000e+00 0.000000e+00 -5.706577e-03)
429.85        	5.706873e-05	(0.000000e+00 0.000000e+00 -5.706577e-03)
429.95        	5.707026e-05	(0.000000e+00 0.000000e+00 -5.706577e-03)
430.05        	5.707133e-05	(0.000000e+00 0.000000e+00 -5.706577e-03)
430.15        	5.707239e-05	(0.000000e+00 0.000000e+00 -5.706577e-03)
430.25        	5.707356e-05	(0.000000e+00 0.000000e+00 -5.706577e-03)
430.35        	5.707513e-05	(0.000000e+00 0.000000e+00 -5.706577e-03)
430.45        	5.707675e-05	(0.000000e+00 0.000000e+00 -5.706577e-03)
430.55        	5.707815e-05	(0.000000e+00 0.000000e+00 -5.706577e-03)
430.65        	5.707959e-05	(0.000000e+00 0.000000e+00 -5.706577e-03)
430.75        	5.708102e-05	(0.000000e+00 0.000000e+00 -5.706577e-03)
430.85        	5.708201e-05	(0.000000e+00 0.000000e+00 -5.706577e-03)
430.95        	5.708326e-05	(0.000000e+00 0.000000e+00 -5.706577e-03)
431.05        	5.708481e-05	(0.000000e+00 0.000000e+00 -5.706577e-03)
431.15        	5.708610e-05	(0.000000e+00 0.000000e+00 -5.706577e-03)
431.25        	5.708733e-05	(0.000000e+00 0.000000e+00 -5.706577e-03)
431.35        	5.708859e-05	(0.000000e+00 0.000000e+00 -5.706577e-03)
431.45        	5.709010e-05	(0.000000e+00 0.000000e+00 -5.706577e-03)
431.55        	5.709095e-05	(0.000000e+00 0.000000e+00 -5.706577e-03)
431.65        	5.709222e-05	(0.000000e+00 0.000000e+00 -5.706577e-03)
431.75        	5.709333e-05	(0.000000e+00 0.000000e+00 -5.706577e-03)
431.85        	5.709404e-05	(0.000000e+00 0.000000e+00 -5.706577e-03)
431.95        	5.709544e-05	(0.000000e+00 0.000000e+00 -5.706577e-03)
432.05        	5.709686e-05	(0.000000e+00 0.000000e+00 -5.706577e-03)
432.15        	5.709790e-05	(0.000000e+00 0.000000e+00 -5.706577e-03)
432.25        	5.709930e-05	(0.000000e+00 0.000000e+00 -5.706577e-03)
432.35        	5.710082e-05	(0.000000e+00 0.000000e+00 -5.706577e-03)
432.45        	5.710187e-05	(0.000000e+00 0.000000e+00 -5.706577e-03)
432.55        	5.710312e-05	(0.000000e+00 0.000000e+00 -5.706577e-03)
432.65        	5.710433e-05	(0.000000e+00 0.000000e+00 -5.706577e-03)
432.75        	5.710515e-05	(0.000000e+00 0.000000e+00 -5.706577e-03)
432.85        	5.710653e-05	(0.000000e+00 0.000000e+00 -5.706577e-03)
432.95        	5.710819e-05	(0.000000e+00 0.000000e+00 -5.706577e-03)
433.05        	5.710936e-05	(0.000000e+00 0.000000e+00 -5.706577e-03)
433.15        	5.711067e-05	(0.000000e+00 0.000000e+00 -5.706577e-03)
433.25        	5.711202e-05	(0.000000e+00 0.000000e+00 -5.706577e-03)
433.35        	5.711320e-05	(0.000000e+00 0.000000e+00 -5.706577e-03)
433.45        	5.711415e-05	(0.000000e+00 0.000000e+00 -5.706577e-03)
433.55        	5.711529e-05	(0.000000e+00 0.000000e+00 -5.706577e-03)
433.65        	5.711632e-05	(0.000000e+00 0.000000e+00 -5.706577e-03)
433.75        	5.711789e-05	(0.000000e+00 0.000000e+00 -5.706577e-03)
433.85        	5.711975e-05	(0.000000e+00 0.000000e+00 -5.706577e-03)
433.95        	5.712088e-05	(0.000000e+00 0.000000e+00 -5.706577e-03)
434.05        	5.712168e-05	(0.000000e+00 0.000000e+00 -5.706577e-03)
434.15        	5.712257e-05	(0.000000e+00 0.000000e+00 -5.706577e-03)
434.25        	5.712346e-05	(0.000000e+00 0.000000e+00 -5.706577e-03)
434.35        	5.712464e-05	(0.000000e+00 0.000000e+00 -5.706577e-03)
434.45        	5.712603e-05	(0.000000e+00 0.000000e+00 -5.706577e-03)
434.55        	5.712723e-05	(0.000000e+00 0.000000e+00 -5.706577e-03)
434.65        	5.712841e-05	(0.000000e+00 0.000000e+00 -5.706577e-03)
434.75        	5.712913e-05	(0.000000e+00 0.000000e+00 -5.706577e-03)
434.85        	5.712991e-05	(0.000000e+00 0.000000e+00 -5.706577e-03)
434.95        	5.713053e-05	(0.000000e+00 0.000000e+00 -5.706577e-03)
435.05        	5.713110e-05	(0.000000e+00 0.000000e+00 -5.706577e-03)
435.15        	5.713185e-05	(0.000000e+00 0.000000e+00 -5.706577e-03)
435.25        	5.713286e-05	(0.000000e+00 0.000000e+00 -5.706577e-03)
435.35        	5.713387e-05	(0.000000e+00 0.000000e+00 -5.706577e-03)
435.45        	5.713435e-05	(0.000000e+00 0.000000e+00 -5.706577e-03)
435.55        	5.713512e-05	(0.000000e+00 0.000000e+00 -5.706577e-03)
435.65        	5.713620e-05	(0.000000e+00 0.000000e+00 -5.706577e-03)
435.75        	5.713670e-05	(0.000000e+00 0.000000e+00 -5.706577e-03)
435.85        	5.713780e-05	(0.000000e+00 0.000000e+00 -5.706577e-03)
435.95        	5.713978e-05	(0.000000e+00 0.000000e+00 -5.706577e-03)
436.05        	5.714113e-05	(0.000000e+00 0.000000e+00 -5.706577e-03)
436.15        	5.714233e-05	(0.000000e+00 0.000000e+00 -5.706577e-03)
436.25        	5.714337e-05	(0.000000e+00 0.000000e+00 -5.706577e-03)
436.35        	5.714484e-05	(0.000000e+00 0.000000e+00 -5.706577e-03)
436.45        	5.714683e-05	(0.000000e+00 0.000000e+00 -5.706577e-03)
436.55        	5.714882e-05	(0.000000e+00 0.000000e+00 -5.706577e-03)
436.65        	5.715051e-05	(0.000000e+00 0.000000e+00 -5.706577e-03)
436.75        	5.715224e-05	(0.000000e+00 0.000000e+00 -5.706577e-03)
436.85        	5.715371e-05	(0.000000e+00 0.000000e+00 -5.706577e-03)
436.95        	5.715507e-05	(0.000000e+00 0.000000e+00 -5.706577e-03)
437.05        	5.715652e-05	(0.000000e+00 0.000000e+00 -5.706577e-03)
437.15        	5.715841e-05	(0.000000e+00 0.000000e+00 -5.706577e-03)
437.25        	5.716045e-05	(0.000000e+00 0.000000e+00 -5.706577e-03)
437.35        	5.716191e-05	(0.000000e+00 0.000000e+00 -5.706577e-03)
437.45        	5.716308e-05	(0.000000e+00 0.000000e+00 -5.706577e-03)
437.55        	5.716424e-05	(0.000000e+00 0.000000e+00 -5.706577e-03)
437.65        	5.716545e-05	(0.000000e+00 0.000000e+00 -5.706577e-03)
437.75        	5.716654e-05	(0.000000e+00 0.000000e+00 -5.706577e-03)
437.85        	5.716758e-05	(0.000000e+00 0.000000e+00 -5.706577e-03)
437.95        	5.716854e-05	(0.000000e+00 0.000000e+00 -5.706577e-03)
438.05        	5.716949e-05	(0.000000e+00 0.000000e+00 -5.706577e-03)
438.15        	5.716990e-05	(0.000000e+00 0.000000e+00 -5.706577e-03)
438.25        	5.717066e-05	(0.000000e+00 0.000000e+00 -5.706577e-03)
438.35        	5.717132e-05	(0.000000e+00 0.000000e+00 -5.706577e-03)
438.45        	5.717187e-05	(0.000000e+00 0.000000e+00 -5.706577e-03)
438.55        	5.717285e-05	(0.000000e+00 0.000000e+00 -5.706577e-03)
438.65        	5.717411e-05	(0.000000e+00 0.000000e+00 -5.706577e-03)
438.75        	5.717563e-05	(0.000000e+00 0.000000e+00 -5.706577e-03)
438.85        	5.717695e-05	(0.000000e+00 0.000000e+00 -5.706577e-03)
438.95        	5.717828e-05	(0.000000e+00 0.000000e+00 -5.706577e-03)
439.05        	5.717946e-05	(0.000000e+00 0.000000e+00 -5.706577e-03)
439.15        	5.718087e-05	(0.000000e+00 0.000000e+00 -5.706577e-03)
439.25        	5.718218e-05	(0.000000e+00 0.000000e+00 -5.706577e-03)
439.35        	5.718332e-05	(0.000000e+00 0.000000e+00 -5.706577e-03)
439.45        	5.718442e-05	(0.000000e+00 0.000000e+00 -5.706577e-03)
439.55        	5.718608e-05	(0.000000e+00 0.000000e+00 -5.706577e-03)
439.65        	5.718824e-05	(0.000000e+00 0.000000e+00 -5.706577e-03)
439.75        	5.719052e-05	(0.000000e+00 0.000000e+00 -5.706577e-03)
439.85        	5.719231e-05	(0.000000e+00 0.000000e+00 -5.706577e-03)
439.95        	5.719321e-05	(0.000000e+00 0.000000e+00 -5.706577e-03)
440.05        	5.719410e-05	(0.000000e+00 0.000000e+00 -5.706577e-03)
440.15        	5.719518e-05	(0.000000e+00 0.000000e+00 -5.706577e-03)
440.25        	5.719619e-05	(0.000000e+00 0.000000e+00 -5.706577e-03)
440.35        	5.719749e-05	(0.000000e+00 0.000000e+00 -5.706577e-03)
440.45        	5.719821e-05	(0.000000e+00 0.000000e+00 -5.706577e-03)
440.55        	5.719929e-05	(0.000000e+00 0.000000e+00 -5.706577e-03)
440.65        	5.720045e-05	(0.000000e+00 0.000000e+00 -5.706577e-03)
440.75        	5.720125e-05	(0.000000e+00 0.000000e+00 -5.706577e-03)
440.85        	5.720275e-05	(0.000000e+00 0.000000e+00 -5.706577e-03)
440.95        	5.720368e-05	(0.000000e+00 0.000000e+00 -5.706577e-03)
441.05        	5.720466e-05	(0.000000e+00 0.000000e+00 -5.706577e-03)
441.15        	5.720632e-05	(0.000000e+00 0.000000e+00 -5.706577e-03)
441.25        	5.720836e-05	(0.000000e+00 0.000000e+00 -5.706577e-03)
441.35        	5.721021e-05	(0.000000e+00 0.000000e+00 -5.706577e-03)
441.45        	5.721220e-05	(0.000000e+00 0.000000e+00 -5.706577e-03)
441.55        	5.721382e-05	(0.000000e+00 0.000000e+00 -5.706577e-03)
441.65        	5.721510e-05	(0.000000e+00 0.000000e+00 -5.706577e-03)
441.75        	5.721643e-05	(0.000000e+00 0.000000e+00 -5.706577e-03)
441.85        	5.721800e-05	(0.000000e+00 0.000000e+00 -5.706577e-03)
441.95        	5.721973e-05	(0.000000e+00 0.000000e+00 -5.706577e-03)
442.05        	5.722145e-05	(0.000000e+00 0.000000e+00 -5.706577e-03)
442.15        	5.722257e-05	(0.000000e+00 0.000000e+00 -5.706577e-03)
442.25        	5.722364e-05	(0.000000e+00 0.000000e+00 -5.706577e-03)
442.35        	5.722478e-05	(0.000000e+00 0.000000e+00 -5.706577e-03)
442.45        	5.722652e-05	(0.000000e+00 0.000000e+00 -5.706577e-03)
442.55        	5.722787e-05	(0.000000e+00 0.000000e+00 -5.706577e-03)
442.65        	5.722957e-05	(0.000000e+00 0.000000e+00 -5.706577e-03)
442.75        	5.723120e-05	(0.000000e+00 0.000000e+00 -5.706577e-03)
442.85        	5.723247e-05	(0.000000e+00 0.000000e+00 -5.706577e-03)
442.95        	5.723352e-05	(0.000000e+00 0.000000e+00 -5.706577e-03)
443.05        	5.723418e-05	(0.000000e+00 0.000000e+00 -5.706577e-03)
443.15        	5.723494e-05	(0.000000e+00 0.000000e+00 -5.706577e-03)
443.25        	5.723604e-05	(0.000000e+00 0.000000e+00 -5.706577e-03)
443.35        	5.723698e-05	(0.000000e+00 0.000000e+00 -5.706577e-03)
443.45        	5.723812e-05	(0.000000e+00 0.000000e+00 -5.706577e-03)
443.55        	5.723926e-05	(0.000000e+00 0.000000e+00 -5.706577e-03)
443.65        	5.724039e-05	(0.000000e+00 0.000000e+00 -5.706577e-03)
443.75        	5.724134e-05	(0.000000e+00 0.000000e+00 -5.706577e-03)
443.85        	5.724247e-05	(0.000000e+00 0.000000e+00 -5.706577e-03)
443.95        	5.724360e-05	(0.000000e+00 0.000000e+00 -5.706577e-03)
444.05        	5.724459e-05	(0.000000e+00 0.000000e+00 -5.706577e-03)
444.15        	5.724567e-05	(0.000000e+00 0.000000e+00 -5.706577e-03)
444.25        	5.724729e-05	(0.000000e+00 0.000000e+00 -5.706577e-03)
444.35        	5.724940e-05	(0.000000e+00 0.000000e+00 -5.706577e-03)
444.45        	5.725075e-05	(0.000000e+00 0.000000e+00 -5.706577e-03)
444.55        	5.725261e-05	(0.000000e+00 0.000000e+00 -5.706577e-03)
444.65        	5.725401e-05	(0.000000e+00 0.000000e+00 -5.706577e-03)
444.75        	5.725570e-05	(0.000000e+00 0.000000e+00 -5.706577e-03)
444.85        	5.725682e-05	(0.000000e+00 0.000000e+00 -5.706577e-03)
444.95        	5.725792e-05	(0.000000e+00 0.000000e+00 -5.706577e-03)
445.05        	5.725913e-05	(0.000000e+00 0.000000e+00 -5.706577e-03)
445.15        	5.726036e-05	(0.000000e+00 0.000000e+00 -5.706577e-03)
445.25        	5.726187e-05	(0.000000e+00 0.000000e+00 -5.706577e-03)
445.35        	5.726366e-05	(0.000000e+00 0.000000e+00 -5.706577e-03)
445.45        	5.726489e-05	(0.000000e+00 0.000000e+00 -5.706577e-03)
445.55        	5.726620e-05	(0.000000e+00 0.000000e+00 -5.706577e-03)
445.65        	5.726746e-05	(0.000000e+00 0.000000e+00 -5.706577e-03)
445.75        	5.726859e-05	(0.000000e+00 0.000000e+00 -5.706577e-03)
445.85        	5.726975e-05	(0.000000e+00 0.000000e+00 -5.706577e-03)
445.95        	5.727075e-05	(0.000000e+00 0.000000e+00 -5.706577e-03)
446.05        	5.727222e-05	(0.000000e+00 0.000000e+00 -5.706577e-03)
446.15        	5.727436e-05	(0.000000e+00 0.000000e+00 -5.706577e-03)
446.25        	5.727595e-05	(0.000000e+00 0.000000e+00 -5.706577e-03)
446.35        	5.727739e-05	(0.000000e+00 0.000000e+00 -5.706577e-03)
446.45        	5.727885e-05	(0.000000e+00 0.000000e+00 -5.706577e-03)
446.55        	5.728060e-05	(0.000000e+00 0.000000e+00 -5.706577e-03)
446.65        	5.728181e-05	(0.000000e+00 0.000000e+00 -5.706577e-03)
446.75        	5.728349e-05	(0.000000e+00 0.000000e+00 -5.706577e-03)
446.85        	5.728572e-05	(0.000000e+00 0.000000e+00 -5.706577e-03)
446.95        	5.728729e-05	(0.000000e+00 0.000000e+00 -5.706577e-03)
447.05        	5.728862e-05	(0.000000e+00 0.000000e+00 -5.706577e-03)
447.15        	5.728967e-05	(0.000000e+00 0.000000e+00 -5.706577e-03)
447.25        	5.729108e-05	(0.000000e+00 0.000000e+00 -5.706577e-03)
447.35        	5.729197e-05	(0.000000e+00 0.000000e+00 -5.706577e-03)
447.45        	5.729301e-05	(0.000000e+00 0.000000e+00 -5.706577e-03)
447.55        	5.729439e-05	(0.000000e+00 0.000000e+00 -5.706577e-03)
447.65        	5.729549e-05	(0.000000e+00 0.000000e+00 -5.706577e-03)
447.75        	5.729710e-05	(0.000000e+00 0.000000e+00 -5.706577e-03)
447.85        	5.729846e-05	(0.000000e+00 0.000000e+00 -5.706577e-03)
447.95        	5.729992e-05	(0.000000e+00 0.000000e+00 -5.706577e-03)
448.05        	5.730167e-05	(0.000000e+00 0.000000e+00 -5.706577e-03)
448.15        	5.730292e-05	(0.000000e+00 0.000000e+00 -5.706577e-03)
448.25        	5.730394e-05	(0.000000e+00 0.000000e+00 -5.706577e-03)
448.35        	5.730495e-05	(0.000000e+00 0.000000e+00 -5.706577e-03)
448.45        	5.730580e-05	(0.000000e+00 0.000000e+00 -5.706577e-03)
448.55        	5.730727e-05	(0.000000e+00 0.000000e+00 -5.706577e-03)
448.65        	5.730884e-05	(0.000000e+00 0.000000e+00 -5.706577e-03)
448.75        	5.730970e-05	(0.000000e+00 0.000000e+00 -5.706577e-03)
448.85        	5.731065e-05	(0.000000e+00 0.000000e+00 -5.706577e-03)
448.95        	5.731187e-05	(0.000000e+00 0.000000e+00 -5.706577e-03)
449.05        	5.731328e-05	(0.000000e+00 0.000000e+00 -5.706577e-03)
449.15        	5.731485e-05	(0.000000e+00 0.000000e+00 -5.706577e-03)
449.25        	5.731665e-05	(0.000000e+00 0.000000e+00 -5.706577e-03)
449.35        	5.731870e-05	(0.000000e+00 0.000000e+00 -5.706577e-03)
449.45        	5.731996e-05	(0.000000e+00 0.000000e+00 -5.706577e-03)
449.55        	5.732206e-05	(0.000000e+00 0.000000e+00 -5.706577e-03)
449.65        	5.732410e-05	(0.000000e+00 0.000000e+00 -5.706577e-03)
449.75        	5.732627e-05	(0.000000e+00 0.000000e+00 -5.706577e-03)
449.85        	5.732778e-05	(0.000000e+00 0.000000e+00 -5.706577e-03)
449.95        	5.732993e-05	(0.000000e+00 0.000000e+00 -5.706577e-03)
450.05        	5.733209e-05	(0.000000e+00 0.000000e+00 -5.706577e-03)
450.15        	5.733389e-05	(0.000000e+00 0.000000e+00 -5.706577e-03)
450.25        	5.733550e-05	(0.000000e+00 0.000000e+00 -5.706577e-03)
450.35        	5.733725e-05	(0.000000e+00 0.000000e+00 -5.706577e-03)
450.45        	5.733893e-05	(0.000000e+00 0.000000e+00 -5.706577e-03)
450.55        	5.734049e-05	(0.000000e+00 0.000000e+00 -5.706577e-03)
450.65        	5.734201e-05	(0.000000e+00 0.000000e+00 -5.706577e-03)
450.75        	5.734303e-05	(0.000000e+00 0.000000e+00 -5.706577e-03)
450.85        	5.734451e-05	(0.000000e+00 0.000000e+00 -5.706577e-03)
450.95        	5.734618e-05	(0.000000e+00 0.000000e+00 -5.706577e-03)
451.05        	5.734714e-05	(0.000000e+00 0.000000e+00 -5.706577e-03)
451.15        	5.734800e-05	(0.000000e+00 0.000000e+00 -5.706577e-03)
451.25        	5.734880e-05	(0.000000e+00 0.000000e+00 -5.706577e-03)
451.35        	5.735017e-05	(0.000000e+00 0.000000e+00 -5.706577e-03)
451.45        	5.735133e-05	(0.000000e+00 0.000000e+00 -5.706577e-03)
451.55        	5.735267e-05	(0.000000e+00 0.000000e+00 -5.706577e-03)
451.65        	5.735421e-05	(0.000000e+00 0.000000e+00 -5.706577e-03)
451.75        	5.735563e-05	(0.000000e+00 0.000000e+00 -5.706577e-03)
451.85        	5.735680e-05	(0.000000e+00 0.000000e+00 -5.706577e-03)
451.95        	5.735817e-05	(0.000000e+00 0.000000e+00 -5.706577e-03)
452.05        	5.736013e-05	(0.000000e+00 0.000000e+00 -5.706577e-03)
452.15        	5.736175e-05	(0.000000e+00 0.000000e+00 -5.706577e-03)
452.25        	5.736350e-05	(0.000000e+00 0.000000e+00 -5.706577e-03)
452.35        	5.736544e-05	(0.000000e+00 0.000000e+00 -5.706577e-03)
452.45        	5.736774e-05	(0.000000e+00 0.000000e+00 -5.706577e-03)
452.55        	5.737008e-05	(0.000000e+00 0.000000e+00 -5.706577e-03)
452.65        	5.737205e-05	(0.000000e+00 0.000000e+00 -5.706577e-03)
452.75        	5.737400e-05	(0.000000e+00 0.000000e+00 -5.706577e-03)
452.85        	5.737586e-05	(0.000000e+00 0.000000e+00 -5.706577e-03)
452.95        	5.737763e-05	(0.000000e+00 0.000000e+00 -5.706577e-03)
453.05        	5.737918e-05	(0.000000e+00 0.000000e+00 -5.706577e-03)
453.15        	5.738182e-05	(0.000000e+00 0.000000e+00 -5.706577e-03)
453.25        	5.738350e-05	(0.000000e+00 0.000000e+00 -5.706577e-03)
453.35        	5.738446e-05	(0.000000e+00 0.000000e+00 -5.706577e-03)
453.45        	5.738556e-05	(0.000000e+00 0.000000e+00 -5.706577e-03)
453.55        	5.738690e-05	(0.000000e+00 0.000000e+00 -5.706577e-03)
453.65        	5.738755e-05	(0.000000e+00 0.000000e+00 -5.706577e-03)
453.75        	5.738877e-05	(0.000000e+00 0.000000e+00 -5.706577e-03)
453.85        	5.738968e-05	(0.000000e+00 0.000000e+00 -5.706577e-03)
453.95        	5.739071e-05	(0.000000e+00 0.000000e+00 -5.706577e-03)
454.05        	5.739212e-05	(0.000000e+00 0.000000e+00 -5.706577e-03)
454.15        	5.739448e-05	(0.000000e+00 0.000000e+00 -5.706577e-03)
454.25        	5.739556e-05	(0.000000e+00 0.000000e+00 -5.706577e-03)
454.35        	5.739644e-05	(0.000000e+00 0.000000e+00 -5.706577e-03)
454.45        	5.739705e-05	(0.000000e+00 0.000000e+00 -5.706577e-03)
454.55        	5.739783e-05	(0.000000e+00 0.000000e+00 -5.706577e-03)
454.65        	5.739894e-05	(0.000000e+00 0.000000e+00 -5.706577e-03)
454.75        	5.740099e-05	(0.000000e+00 0.000000e+00 -5.706577e-03)
454.85        	5.740286e-05	(0.000000e+00 0.000000e+00 -5.706577e-03)
454.95        	5.740451e-05	(0.000000e+00 0.000000e+00 -5.706577e-03)
455.05        	5.740578e-05	(0.000000e+00 0.000000e+00 -5.706577e-03)
455.15        	5.740728e-05	(0.000000e+00 0.000000e+00 -5.706577e-03)
455.25        	5.740945e-05	(0.000000e+00 0.000000e+00 -5.706577e-03)
455.35        	5.741151e-05	(0.000000e+00 0.000000e+00 -5.706577e-03)
455.45        	5.741362e-05	(0.000000e+00 0.000000e+00 -5.706577e-03)
455.55        	5.741519e-05	(0.000000e+00 0.000000e+00 -5.706577e-03)
455.65        	5.741658e-05	(0.000000e+00 0.000000e+00 -5.706577e-03)
455.75        	5.741838e-05	(0.000000e+00 0.000000e+00 -5.706577e-03)
455.85        	5.741945e-05	(0.000000e+00 0.000000e+00 -5.706577e-03)
455.95        	5.741992e-05	(0.000000e+00 0.000000e+00 -5.706577e-03)
456.05        	5.742155e-05	(0.000000e+00 0.000000e+00 -5.706577e-03)
456.15        	5.742314e-05	(0.000000e+00 0.000000e+00 -5.706577e-03)
456.25        	5.742412e-05	(0.000000e+00 0.000000e+00 -5.706577e-03)
456.35        	5.742567e-05	(0.000000e+00 0.000000e+00 -5.706577e-03)
456.45        	5.742683e-05	(0.000000e+00 0.000000e+00 -5.706577e-03)
456.55        	5.742816e-05	(0.000000e+00 0.000000e+00 -5.706577e-03)
456.65        	5.742961e-05	(0.000000e+00 0.000000e+00 -5.706577e-03)
456.75        	5.743078e-05	(0.000000e+00 0.000000e+00 -5.706577e-03)
456.85        	5.743226e-05	(0.000000e+00 0.000000e+00 -5.706577e-03)
456.95        	5.743376e-05	(0.000000e+00 0.000000e+00 -5.706577e-03)
457.05        	5.743518e-05	(0.000000e+00 0.000000e+00 -5.706577e-03)
457.15        	5.743657e-05	(0.000000e+00 0.000000e+00 -5.706577e-03)
457.25        	5.743793e-05	(0.000000e+00 0.000000e+00 -5.706577e-03)
457.35        	5.743940e-05	(0.000000e+00 0.000000e+00 -5.706577e-03)
457.45        	5.744136e-05	(0.000000e+00 0.000000e+00 -5.706577e-03)
457.55        	5.744341e-05	(0.000000e+00 0.000000e+00 -5.706577e-03)
457.65        	5.744539e-05	(0.000000e+00 0.000000e+00 -5.706577e-03)
457.75        	5.744770e-05	(0.000000e+00 0.000000e+00 -5.706577e-03)
457.85        	5.744952e-05	(0.000000e+00 0.000000e+00 -5.706577e-03)
457.95        	5.745193e-05	(0.000000e+00 0.000000e+00 -5.706577e-03)
458.05        	5.745414e-05	(0.000000e+00 0.000000e+00 -5.706577e-03)
458.15        	5.745644e-05	(0.000000e+00 0.000000e+00 -5.706577e-03)
458.25        	5.745804e-05	(0.000000e+00 0.000000e+00 -5.706577e-03)
458.35        	5.745977e-05	(0.000000e+00 0.000000e+00 -5.706577e-03)
458.45        	5.746132e-05	(0.000000e+00 0.000000e+00 -5.706577e-03)
458.55        	5.746293e-05	(0.000000e+00 0.000000e+00 -5.706577e-03)
458.65        	5.746459e-05	(0.000000e+00 0.000000e+00 -5.706577e-03)
458.75        	5.746590e-05	(0.000000e+00 0.000000e+00 -5.706577e-03)
458.85        	5.746679e-05	(0.000000e+00 0.000000e+00 -5.706577e-03)
458.95        	5.746854e-05	(0.000000e+00 0.000000e+00 -5.706577e-03)
459.05        	5.747012e-05	(0.000000e+00 0.000000e+00 -5.706577e-03)
459.15        	5.747115e-05	(0.000000e+00 0.000000e+00 -5.706577e-03)
459.25        	5.747232e-05	(0.000000e+00 0.000000e+00 -5.706577e-03)
459.35        	5.747358e-05	(0.000000e+00 0.000000e+00 -5.706577e-03)
459.45        	5.747496e-05	(0.000000e+00 0.000000e+00 -5.706577e-03)
459.55        	5.747672e-05	(0.000000e+00 0.000000e+00 -5.706577e-03)
459.65        	5.747859e-05	(0.000000e+00 0.000000e+00 -5.706577e-03)
459.75        	5.748101e-05	(0.000000e+00 0.000000e+00 -5.706577e-03)
459.85        	5.748346e-05	(0.000000e+00 0.000000e+00 -5.706577e-03)
459.95        	5.748577e-05	(0.000000e+00 0.000000e+00 -5.706577e-03)
460.05        	5.748855e-05	(0.000000e+00 0.000000e+00 -5.706577e-03)
460.15        	5.749134e-05	(0.000000e+00 0.000000e+00 -5.706577e-03)
460.25        	5.749331e-05	(0.000000e+00 0.000000e+00 -5.706577e-03)
460.35        	5.749572e-05	(0.000000e+00 0.000000e+00 -5.706577e-03)
460.45        	5.749794e-05	(0.000000e+00 0.000000e+00 -5.706577e-03)
460.55        	5.750039e-05	(0.000000e+00 0.000000e+00 -5.706577e-03)
460.65        	5.750267e-05	(0.000000e+00 0.000000e+00 -5.706577e-03)
460.75        	5.750467e-05	(0.000000e+00 0.000000e+00 -5.706577e-03)
460.85        	5.750594e-05	(0.000000e+00 0.000000e+00 -5.706577e-03)
460.95        	5.750740e-05	(0.000000e+00 0.000000e+00 -5.706577e-03)
461.05        	5.750841e-05	(0.000000e+00 0.000000e+00 -5.706577e-03)
461.15        	5.750891e-05	(0.000000e+00 0.000000e+00 -5.706577e-03)
461.25        	5.751002e-05	(0.000000e+00 0.000000e+00 -5.706577e-03)
461.35        	5.751104e-05	(0.000000e+00 0.000000e+00 -5.706577e-03)
461.45        	5.751125e-05	(0.000000e+00 0.000000e+00 -5.706577e-03)
461.55        	5.751258e-05	(0.000000e+00 0.000000e+00 -5.706577e-03)
461.65        	5.751345e-05	(0.000000e+00 0.000000e+00 -5.706577e-03)
461.75        	5.751432e-05	(0.000000e+00 0.000000e+00 -5.706577e-03)
461.85        	5.751490e-05	(0.000000e+00 0.000000e+00 -5.706577e-03)
461.95        	5.751616e-05	(0.000000e+00 0.000000e+00 -5.706577e-03)
462.05        	5.751768e-05	(0.000000e+00 0.000000e+00 -5.706577e-03)
462.15        	5.751915e-05	(0.000000e+00 0.000000e+00 -5.706577e-03)
462.25        	5.752040e-05	(0.000000e+00 0.000000e+00 -5.706577e-03)
462.35        	5.752222e-05	(0.000000e+00 0.000000e+00 -5.706577e-03)
462.45        	5.752453e-05	(0.000000e+00 0.000000e+00 -5.706577e-03)
462.55        	5.752746e-05	(0.000000e+00 0.000000e+00 -5.706577e-03)
462.65        	5.752975e-05	(0.000000e+00 0.000000e+00 -5.706577e-03)
462.75        	5.753247e-05	(0.000000e+00 0.000000e+00 -5.706577e-03)
462.85        	5.753421e-05	(0.000000e+00 0.000000e+00 -5.706577e-03)
462.95        	5.753671e-05	(0.000000e+00 0.000000e+00 -5.706577e-03)
463.05        	5.753919e-05	(0.000000e+00 0.000000e+00 -5.706577e-03)
463.15        	5.754106e-05	(0.000000e+00 0.000000e+00 -5.706577e-03)
463.25        	5.754268e-05	(0.000000e+00 0.000000e+00 -5.706577e-03)
463.35        	5.754432e-05	(0.000000e+00 0.000000e+00 -5.706577e-03)
463.45        	5.754548e-05	(0.000000e+00 0.000000e+00 -5.706577e-03)
463.55        	5.754725e-05	(0.000000e+00 0.000000e+00 -5.706577e-03)
463.65        	5.754801e-05	(0.000000e+00 0.000000e+00 -5.706577e-03)
463.75        	5.754901e-05	(0.000000e+00 0.000000e+00 -5.706577e-03)
463.85        	5.754953e-05	(0.000000e+00 0.000000e+00 -5.706577e-03)
463.95        	5.755046e-05	(0.000000e+00 0.000000e+00 -5.706577e-03)
464.05        	5.755117e-05	(0.000000e+00 0.000000e+00 -5.706577e-03)
464.15        	5.755261e-05	(0.000000e+00 0.000000e+00 -5.706577e-03)
464.25        	5.755394e-05	(0.000000e+00 0.000000e+00 -5.706577e-03)
464.35        	5.755605e-05	(0.000000e+00 0.000000e+00 -5.706577e-03)
464.45        	5.755716e-05	(0.000000e+00 0.000000e+00 -5.706577e-03)
464.55        	5.755879e-05	(0.000000e+00 0.000000e+00 -5.706577e-03)
464.65        	5.756014e-05	(0.000000e+00 0.000000e+00 -5.706577e-03)
464.75        	5.756185e-05	(0.000000e+00 0.000000e+00 -5.706577e-03)
464.85        	5.756373e-05	(0.000000e+00 0.000000e+00 -5.706577e-03)
464.95        	5.756625e-05	(0.000000e+00 0.000000e+00 -5.706577e-03)
465.05        	5.756831e-05	(0.000000e+00 0.000000e+00 -5.706577e-03)
465.15        	5.757153e-05	(0.000000e+00 0.000000e+00 -5.706577e-03)
465.25        	5.757413e-05	(0.000000e+00 0.000000e+00 -5.706577e-03)
465.35        	5.757720e-05	(0.000000e+00 0.000000e+00 -5.706577e-03)
465.45        	5.757935e-05	(0.000000e+00 0.000000e+00 -5.706577e-03)
465.55        	5.758183e-05	(0.000000e+00 0.000000e+00 -5.706577e-03)
465.65        	5.758387e-05	(0.000000e+00 0.000000e+00 -5.706577e-03)
465.75        	5.758632e-05	(0.000000e+00 0.000000e+00 -5.706577e-03)
465.85        	5.758763e-05	(0.000000e+00 0.000000e+00 -5.706577e-03)
465.95        	5.758934e-05	(0.000000e+00 0.000000e+00 -5.706577e-03)
466.05        	5.759071e-05	(0.000000e+00 0.000000e+00 -5.706577e-03)
466.15        	5.759205e-05	(0.000000e+00 0.000000e+00 -5.706577e-03)
466.25        	5.759290e-05	(0.000000e+00 0.000000e+00 -5.706577e-03)
466.35        	5.759384e-05	(0.000000e+00 0.000000e+00 -5.706577e-03)
466.45        	5.759463e-05	(0.000000e+00 0.000000e+00 -5.706577e-03)
466.55        	5.759570e-05	(0.000000e+00 0.000000e+00 -5.706577e-03)
466.65        	5.759676e-05	(0.000000e+00 0.000000e+00 -5.706577e-03)
466.75        	5.759854e-05	(0.000000e+00 0.000000e+00 -5.706577e-03)
466.85        	5.759976e-05	(0.000000e+00 0.000000e+00 -5.706577e-03)
466.95        	5.760170e-05	(0.000000e+00 0.000000e+00 -5.706577e-03)
467.05        	5.760450e-05	(0.000000e+00 0.000000e+00 -5.706577e-03)
467.15        	5.760750e-05	(0.000000e+00 0.000000e+00 -5.706577e-03)
467.25        	5.760941e-05	(0.000000e+00 0.000000e+00 -5.706577e-03)
467.35        	5.761162e-05	(0.000000e+00 0.000000e+00 -5.706577e-03)
467.45        	5.761315e-05	(0.000000e+00 0.000000e+00 -5.706577e-03)
467.55        	5.761555e-05	(0.000000e+00 0.000000e+00 -5.706577e-03)
467.65        	5.761802e-05	(0.000000e+00 0.000000e+00 -5.706577e-03)
467.75        	5.762037e-05	(0.000000e+00 0.000000e+00 -5.706577e-03)
467.85        	5.762236e-05	(0.000000e+00 0.000000e+00 -5.706577e-03)
467.95        	5.762462e-05	(0.000000e+00 0.000000e+00 -5.706577e-03)
468.05        	5.762654e-05	(0.000000e+00 0.000000e+00 -5.706577e-03)
468.15        	5.762848e-05	(0.000000e+00 0.000000e+00 -5.706577e-03)
468.25        	5.763003e-05	(0.000000e+00 0.000000e+00 -5.706577e-03)
468.35        	5.763156e-05	(0.000000e+00 0.000000e+00 -5.706577e-03)
468.45        	5.763283e-05	(0.000000e+00 0.000000e+00 -5.706577e-03)
468.55        	5.763467e-05	(0.000000e+00 0.000000e+00 -5.706577e-03)
468.65        	5.763653e-05	(0.000000e+00 0.000000e+00 -5.706577e-03)
468.75        	5.763819e-05	(0.000000e+00 0.000000e+00 -5.706577e-03)
468.85        	5.763904e-05	(0.000000e+00 0.000000e+00 -5.706577e-03)
468.95        	5.764044e-05	(0.000000e+00 0.000000e+00 -5.706577e-03)
469.05        	5.764203e-05	(0.000000e+00 0.000000e+00 -5.706577e-03)
469.15        	5.764388e-05	(0.000000e+00 0.000000e+00 -5.706577e-03)
469.25        	5.764563e-05	(0.000000e+00 0.000000e+00 -5.706577e-03)
469.35        	5.764767e-05	(0.000000e+00 0.000000e+00 -5.706577e-03)
469.45        	5.764918e-05	(0.000000e+00 0.000000e+00 -5.706577e-03)
469.55        	5.765088e-05	(0.000000e+00 0.000000e+00 -5.706577e-03)
469.65        	5.765338e-05	(0.000000e+00 0.000000e+00 -5.706577e-03)
469.75        	5.765629e-05	(0.000000e+00 0.000000e+00 -5.706577e-03)
469.85        	5.765849e-05	(0.000000e+00 0.000000e+00 -5.706577e-03)
469.95        	5.766011e-05	(0.000000e+00 0.000000e+00 -5.706577e-03)
470.05        	5.766189e-05	(0.000000e+00 0.000000e+00 -5.706577e-03)
470.15        	5.766437e-05	(0.000000e+00 0.000000e+00 -5.706577e-03)
470.25        	5.766622e-05	(0.000000e+00 0.000000e+00 -5.706577e-03)
470.35        	5.766788e-05	(0.000000e+00 0.000000e+00 -5.706577e-03)
470.45        	5.766944e-05	(0.000000e+00 0.000000e+00 -5.706577e-03)
470.55        	5.767120e-05	(0.000000e+00 0.000000e+00 -5.706577e-03)
470.65        	5.767347e-05	(0.000000e+00 0.000000e+00 -5.706577e-03)
470.75        	5.767530e-05	(0.000000e+00 0.000000e+00 -5.706577e-03)
470.85        	5.767665e-05	(0.000000e+00 0.000000e+00 -5.706577e-03)
470.95        	5.767778e-05	(0.000000e+00 0.000000e+00 -5.706577e-03)
471.05        	5.767879e-05	(0.000000e+00 0.000000e+00 -5.706577e-03)
471.15        	5.768051e-05	(0.000000e+00 0.000000e+00 -5.706577e-03)
471.25        	5.768206e-05	(0.000000e+00 0.000000e+00 -5.706577e-03)
471.35        	5.768390e-05	(0.000000e+00 0.000000e+00 -5.706577e-03)
471.45        	5.768524e-05	(0.000000e+00 0.000000e+00 -5.706577e-03)
471.55        	5.768628e-05	(0.000000e+00 0.000000e+00 -5.706577e-03)
471.65        	5.768707e-05	(0.000000e+00 0.000000e+00 -5.706577e-03)
471.75        	5.768881e-05	(0.000000e+00 0.000000e+00 -5.706577e-03)
471.85        	5.769012e-05	(0.000000e+00 0.000000e+00 -5.706577e-03)
471.95        	5.769173e-05	(0.000000e+00 0.000000e+00 -5.706577e-03)
472.05        	5.769336e-05	(0.000000e+00 0.000000e+00 -5.706577e-03)
472.15        	5.769538e-05	(0.000000e+00 0.000000e+00 -5.706577e-03)
472.25        	5.769748e-05	(0.000000e+00 0.000000e+00 -5.706577e-03)
472.35        	5.769986e-05	(0.000000e+00 0.000000e+00 -5.706577e-03)
472.45        	5.770256e-05	(0.000000e+00 0.000000e+00 -5.706577e-03)
472.55        	5.770486e-05	(0.000000e+00 0.000000e+00 -5.706577e-03)
472.65        	5.770641e-05	(0.000000e+00 0.000000e+00 -5.706577e-03)
472.75        	5.770839e-05	(0.000000e+00 0.000000e+00 -5.706577e-03)
472.85        	5.771081e-05	(0.000000e+00 0.000000e+00 -5.706577e-03)
472.95        	5.771335e-05	(0.000000e+00 0.000000e+00 -5.706577e-03)
473.05        	5.771465e-05	(0.000000e+00 0.000000e+00 -5.706577e-03)
473.15        	5.771603e-05	(0.000000e+00 0.000000e+00 -5.706577e-03)
473.25        	5.771663e-05	(0.000000e+00 0.000000e+00 -5.706577e-03)
473.35        	5.771751e-05	(0.000000e+00 0.000000e+00 -5.706577e-03)
473.45        	5.771894e-05	(0.000000e+00 0.000000e+00 -5.706577e-03)
473.55        	5.772062e-05	(0.000000e+00 0.000000e+00 -5.706577e-03)
473.65        	5.772257e-05	(0.000000e+00 0.000000e+00 -5.706577e-03)
473.75        	5.772465e-05	(0.000000e+00 0.000000e+00 -5.706577e-03)
473.85        	5.772650e-05	(0.000000e+00 0.000000e+00 -5.706577e-03)
473.95        	5.772784e-05	(0.000000e+00 0.000000e+00 -5.706577e-03)
474.05        	5.772842e-05	(0.000000e+00 0.000000e+00 -5.706577e-03)
474.15        	5.772955e-05	(0.000000e+00 0.000000e+00 -5.706577e-03)
474.25        	5.773117e-05	(0.000000e+00 0.000000e+00 -5.706577e-03)
474.35        	5.773305e-05	(0.000000e+00 0.000000e+00 -5.706577e-03)
474.45        	5.773422e-05	(0.000000e+00 0.000000e+00 -5.706577e-03)
474.55        	5.773581e-05	(0.000000e+00 0.000000e+00 -5.706577e-03)
474.65        	5.773740e-05	(0.000000e+00 0.000000e+00 -5.706577e-03)
474.75        	5.773893e-05	(0.000000e+00 0.000000e+00 -5.706577e-03)
474.85        	5.774029e-05	(0.000000e+00 0.000000e+00 -5.706577e-03)
474.95        	5.774175e-05	(0.000000e+00 0.000000e+00 -5.706577e-03)
475.05        	5.774333e-05	(0.000000e+00 0.000000e+00 -5.706577e-03)
475.15        	5.774567e-05	(0.000000e+00 0.000000e+00 -5.706577e-03)
475.25        	5.774736e-05	(0.000000e+00 0.000000e+00 -5.706577e-03)
475.35        	5.774871e-05	(0.000000e+00 0.000000e+00 -5.706577e-03)
475.45        	5.775023e-05	(0.000000e+00 0.000000e+00 -5.706577e-03)
475.55        	5.775195e-05	(0.000000e+00 0.000000e+00 -5.706577e-03)
475.65        	5.775377e-05	(0.000000e+00 0.000000e+00 -5.706577e-03)
475.75        	5.775544e-05	(0.000000e+00 0.000000e+00 -5.706577e-03)
475.85        	5.775656e-05	(0.000000e+00 0.000000e+00 -5.706577e-03)
475.95        	5.775785e-05	(0.000000e+00 0.000000e+00 -5.706577e-03)
476.05        	5.775961e-05	(0.000000e+00 0.000000e+00 -5.706577e-03)
476.15        	5.776101e-05	(0.000000e+00 0.000000e+00 -5.706577e-03)
476.25        	5.776264e-05	(0.000000e+00 0.000000e+00 -5.706577e-03)
476.35        	5.776400e-05	(0.000000e+00 0.000000e+00 -5.706577e-03)
476.45        	5.776549e-05	(0.000000e+00 0.000000e+00 -5.706577e-03)
476.55        	5.776729e-05	(0.000000e+00 0.000000e+00 -5.706577e-03)
476.65        	5.776920e-05	(0.000000e+00 0.000000e+00 -5.706577e-03)
476.75        	5.777053e-05	(0.000000e+00 0.000000e+00 -5.706577e-03)
476.85        	5.777147e-05	(0.000000e+00 0.000000e+00 -5.706577e-03)
476.95        	5.777315e-05	(0.000000e+00 0.000000e+00 -5.706577e-03)
477.05        	5.777465e-05	(0.000000e+00 0.000000e+00 -5.706577e-03)
477.15        	5.777617e-05	(0.000000e+00 0.000000e+00 -5.706577e-03)
477.25        	5.777742e-05	(0.000000e+00 0.000000e+00 -5.706577e-03)
477.35        	5.777864e-05	(0.000000e+00 0.000000e+00 -5.706577e-03)
477.45        	5.777955e-05	(0.000000e+00 0.000000e+00 -5.706577e-03)
477.55        	5.778090e-05	(0.000000e+00 0.000000e+00 -5.706577e-03)
477.65        	5.778224e-05	(0.000000e+00 0.000000e+00 -5.706577e-03)
477.75        	5.778364e-05	(0.000000e+00 0.000000e+00 -5.706577e-03)
477.85        	5.778519e-05	(0.000000e+00 0.000000e+00 -5.706577e-03)
477.95        	5.778654e-05	(0.000000e+00 0.000000e+00 -5.706577e-03)
478.05        	5.778791e-05	(0.000000e+00 0.000000e+00 -5.706577e-03)
478.15        	5.779008e-05	(0.000000e+00 0.000000e+00 -5.706577e-03)
478.25        	5.779206e-05	(0.000000e+00 0.000000e+00 -5.706577e-03)
478.35        	5.779374e-05	(0.000000e+00 0.000000e+00 -5.706577e-03)
478.45        	5.779570e-05	(0.000000e+00 0.000000e+00 -5.706577e-03)
478.55        	5.779744e-05	(0.000000e+00 0.000000e+00 -5.706577e-03)
478.65        	5.779898e-05	(0.000000e+00 0.000000e+00 -5.706577e-03)
478.75        	5.779998e-05	(0.000000e+00 0.000000e+00 -5.706577e-03)
478.85        	5.780143e-05	(0.000000e+00 0.000000e+00 -5.706577e-03)
478.95        	5.780323e-05	(0.000000e+00 0.000000e+00 -5.706577e-03)
479.05        	5.780527e-05	(0.000000e+00 0.000000e+00 -5.706577e-03)
479.15        	5.780687e-05	(0.000000e+00 0.000000e+00 -5.706577e-03)
479.25        	5.780832e-05	(0.000000e+00 0.000000e+00 -5.706577e-03)
479.35        	5.781006e-05	(0.000000e+00 0.000000e+00 -5.706577e-03)
479.45        	5.781134e-05	(0.000000e+00 0.000000e+00 -5.706577e-03)
479.55        	5.781280e-05	(0.000000e+00 0.000000e+00 -5.706577e-03)
479.65        	5.781453e-05	(0.000000e+00 0.000000e+00 -5.706577e-03)
479.75        	5.781592e-05	(0.000000e+00 0.000000e+00 -5.706577e-03)
479.85        	5.781718e-05	(0.000000e+00 0.000000e+00 -5.706577e-03)
479.95        	5.781753e-05	(0.000000e+00 0.000000e+00 -5.706577e-03)
480.05        	5.781884e-05	(0.000000e+00 0.000000e+00 -5.706577e-03)
480.15        	5.782131e-05	(0.000000e+00 0.000000e+00 -5.706577e-03)
480.25        	5.782369e-05	(0.000000e+00 0.000000e+00 -5.706577e-03)
480.35        	5.782522e-05	(0.000000e+00 0.000000e+00 -5.706577e-03)
480.45        	5.782643e-05	(0.000000e+00 0.000000e+00 -5.706577e-03)
480.55        	5.782809e-05	(0.000000e+00 0.000000e+00 -5.706577e-03)
480.65        	5.783026e-05	(0.000000e+00 0.000000e+00 -5.706577e-03)
480.75        	5.783240e-05	(0.000000e+00 0.000000e+00 -5.706577e-03)
480.85        	5.783337e-05	(0.000000e+00 0.000000e+00 -5.706577e-03)
480.95        	5.783470e-05	(0.000000e+00 0.000000e+00 -5.706577e-03)
481.05        	5.783626e-05	(0.000000e+00 0.000000e+00 -5.706577e-03)
481.15        	5.783804e-05	(0.000000e+00 0.000000e+00 -5.706577e-03)
481.25        	5.783965e-05	(0.000000e+00 0.000000e+00 -5.706577e-03)
481.35        	5.784105e-05	(0.000000e+00 0.000000e+00 -5.706577e-03)
481.45        	5.784280e-05	(0.000000e+00 0.000000e+00 -5.706577e-03)
481.55        	5.784520e-05	(0.000000e+00 0.000000e+00 -5.706577e-03)
481.65        	5.784761e-05	(0.000000e+00 0.000000e+00 -5.706577e-03)
481.75        	5.784889e-05	(0.000000e+00 0.000000e+00 -5.706577e-03)
481.85        	5.785037e-05	(0.000000e+00 0.000000e+00 -5.706577e-03)
481.95        	5.785141e-05	(0.000000e+00 0.000000e+00 -5.706577e-03)
482.05        	5.785270e-05	(0.000000e+00 0.000000e+00 -5.706577e-03)
482.15        	5.785463e-05	(0.000000e+00 0.000000e+00 -5.706577e-03)
482.25        	5.785715e-05	(0.000000e+00 0.000000e+00 -5.706577e-03)
482.35        	5.785953e-05	(0.000000e+00 0.000000e+00 -5.706577e-03)
482.45        	5.786119e-05	(0.000000e+00 0.000000e+00 -5.706577e-03)
482.55        	5.786332e-05	(0.000000e+00 0.000000e+00 -5.706577e-03)
482.65        	5.786501e-05	(0.000000e+00 0.000000e+00 -5.706577e-03)
482.75        	5.786650e-05	(0.000000e+00 0.000000e+00 -5.706577e-03)
482.85        	5.786846e-05	(0.000000e+00 0.000000e+00 -5.706577e-03)
482.95        	5.787062e-05	(0.000000e+00 0.000000e+00 -5.706577e-03)
483.05        	5.787235e-05	(0.000000e+00 0.000000e+00 -5.706577e-03)
483.15        	5.787420e-05	(0.000000e+00 0.000000e+00 -5.706577e-03)
483.25        	5.787574e-05	(0.000000e+00 0.000000e+00 -5.706577e-03)
483.35        	5.787727e-05	(0.000000e+00 0.000000e+00 -5.706577e-03)
483.45        	5.787880e-05	(0.000000e+00 0.000000e+00 -5.706577e-03)
483.55        	5.788057e-05	(0.000000e+00 0.000000e+00 -5.706577e-03)
483.65        	5.788256e-05	(0.000000e+00 0.000000e+00 -5.706577e-03)
483.75        	5.788471e-05	(0.000000e+00 0.000000e+00 -5.706577e-03)
483.85        	5.788676e-05	(0.000000e+00 0.000000e+00 -5.706577e-03)
483.95        	5.788870e-05	(0.000000e+00 0.000000e+00 -5.706577e-03)
484.05        	5.789073e-05	(0.000000e+00 0.000000e+00 -5.706577e-03)
484.15        	5.789288e-05	(0.000000e+00 0.000000e+00 -5.706577e-03)
484.25        	5.789472e-05	(0.000000e+00 0.000000e+00 -5.706577e-03)
484.35        	5.789599e-05	(0.000000e+00 0.000000e+00 -5.706577e-03)
484.45        	5.789784e-05	(0.000000e+00 0.000000e+00 -5.706577e-03)
484.55        	5.789930e-05	(0.000000e+00 0.000000e+00 -5.706577e-03)
484.65        	5.790090e-05	(0.000000e+00 0.000000e+00 -5.706577e-03)
484.75        	5.790293e-05	(0.000000e+00 0.000000e+00 -5.706577e-03)
484.85        	5.790464e-05	(0.000000e+00 0.000000e+00 -5.706577e-03)
484.95        	5.790562e-05	(0.000000e+00 0.000000e+00 -5.706577e-03)
485.05        	5.790691e-05	(0.000000e+00 0.000000e+00 -5.706577e-03)
485.15        	5.790887e-05	(0.000000e+00 0.000000e+00 -5.706577e-03)
485.25        	5.791041e-05	(0.000000e+00 0.000000e+00 -5.706577e-03)
485.35        	5.791176e-05	(0.000000e+00 0.000000e+00 -5.706577e-03)
485.45        	5.791336e-05	(0.000000e+00 0.000000e+00 -5.706577e-03)
485.55        	5.791569e-05	(0.000000e+00 0.000000e+00 -5.706577e-03)
485.65        	5.791795e-05	(0.000000e+00 0.000000e+00 -5.706577e-03)
485.75        	5.792009e-05	(0.000000e+00 0.000000e+00 -5.706577e-03)
485.85        	5.792157e-05	(0.000000e+00 0.000000e+00 -5.706577e-03)
485.95        	5.792327e-05	(0.000000e+00 0.000000e+00 -5.706577e-03)
486.05        	5.792511e-05	(0.000000e+00 0.000000e+00 -5.706577e-03)
486.15        	5.792738e-05	(0.000000e+00 0.000000e+00 -5.706577e-03)
486.25        	5.792990e-05	(0.000000e+00 0.000000e+00 -5.706577e-03)
486.35        	5.793244e-05	(0.000000e+00 0.000000e+00 -5.706577e-03)
486.45        	5.793500e-05	(0.000000e+00 0.000000e+00 -5.706577e-03)
486.55        	5.793745e-05	(0.000000e+00 0.000000e+00 -5.706577e-03)
486.65        	5.793989e-05	(0.000000e+00 0.000000e+00 -5.706577e-03)
486.75        	5.794113e-05	(0.000000e+00 0.000000e+00 -5.706577e-03)
486.85        	5.794203e-05	(0.000000e+00 0.000000e+00 -5.706577e-03)
486.95        	5.794402e-05	(0.000000e+00 0.000000e+00 -5.706577e-03)
487.05        	5.794527e-05	(0.000000e+00 0.000000e+00 -5.706577e-03)
487.15        	5.794642e-05	(0.000000e+00 0.000000e+00 -5.706577e-03)
487.25        	5.794718e-05	(0.000000e+00 0.000000e+00 -5.706577e-03)
487.35        	5.794794e-05	(0.000000e+00 0.000000e+00 -5.706577e-03)
487.45        	5.794899e-05	(0.000000e+00 0.000000e+00 -5.706577e-03)
487.55        	5.795046e-05	(0.000000e+00 0.000000e+00 -5.706577e-03)
487.65        	5.795245e-05	(0.000000e+00 0.000000e+00 -5.706577e-03)
487.75        	5.795513e-05	(0.000000e+00 0.000000e+00 -5.706577e-03)
487.85        	5.795747e-05	(0.000000e+00 0.000000e+00 -5.706577e-03)
487.95        	5.796044e-05	(0.000000e+00 0.000000e+00 -5.706577e-03)
488.05        	5.796341e-05	(0.000000e+00 0.000000e+00 -5.706577e-03)
488.15        	5.796562e-05	(0.000000e+00 0.000000e+00 -5.706577e-03)
488.25        	5.796824e-05	(0.000000e+00 0.000000e+00 -5.706577e-03)
488.35        	5.797128e-05	(0.000000e+00 0.000000e+00 -5.706577e-03)
488.45        	5.797454e-05	(0.000000e+00 0.000000e+00 -5.706577e-03)
488.55        	5.797727e-05	(0.000000e+00 0.000000e+00 -5.706577e-03)
488.65        	5.797963e-05	(0.000000e+00 0.000000e+00 -5.706577e-03)
488.75        	5.798258e-05	(0.000000e+00 0.000000e+00 -5.706577e-03)
488.85        	5.798376e-05	(0.000000e+00 0.000000e+00 -5.706577e-03)
488.95        	5.798607e-05	(0.000000e+00 0.000000e+00 -5.706577e-03)
489.05        	5.798816e-05	(0.000000e+00 0.000000e+00 -5.706577e-03)
489.15        	5.798963e-05	(0.000000e+00 0.000000e+00 -5.706577e-03)
489.25        	5.799124e-05	(0.000000e+00 0.000000e+00 -5.706577e-03)
489.35        	5.799302e-05	(0.000000e+00 0.000000e+00 -5.706577e-03)
489.45        	5.799506e-05	(0.000000e+00 0.000000e+00 -5.706577e-03)
489.55        	5.799690e-05	(0.000000e+00 0.000000e+00 -5.706577e-03)
489.65        	5.799865e-05	(0.000000e+00 0.000000e+00 -5.706577e-03)
489.75        	5.800088e-05	(0.000000e+00 0.000000e+00 -5.706577e-03)
489.85        	5.800257e-05	(0.000000e+00 0.000000e+00 -5.706577e-03)
489.95        	5.800449e-05	(0.000000e+00 0.000000e+00 -5.706577e-03)
490.05        	5.800656e-05	(0.000000e+00 0.000000e+00 -5.706577e-03)
490.15        	5.800877e-05	(0.000000e+00 0.000000e+00 -5.706577e-03)
490.25        	5.801143e-05	(0.000000e+00 0.000000e+00 -5.706577e-03)
490.35        	5.801309e-05	(0.000000e+00 0.000000e+00 -5.706577e-03)
490.45        	5.801486e-05	(0.000000e+00 0.000000e+00 -5.706577e-03)
490.55        	5.801676e-05	(0.000000e+00 0.000000e+00 -5.706577e-03)
490.65        	5.801877e-05	(0.000000e+00 0.000000e+00 -5.706577e-03)
490.75        	5.802087e-05	(0.000000e+00 0.000000e+00 -5.706577e-03)
490.85        	5.802276e-05	(0.000000e+00 0.000000e+00 -5.706577e-03)
490.95        	5.802491e-05	(0.000000e+00 0.000000e+00 -5.706577e-03)
491.05        	5.802774e-05	(0.000000e+00 0.000000e+00 -5.706577e-03)
491.15        	5.803029e-05	(0.000000e+00 0.000000e+00 -5.706577e-03)
491.25        	5.803240e-05	(0.000000e+00 0.000000e+00 -5.706577e-03)
491.35        	5.803459e-05	(0.000000e+00 0.000000e+00 -5.706577e-03)
491.45        	5.803681e-05	(0.000000e+00 0.000000e+00 -5.706577e-03)
491.55        	5.803903e-05	(0.000000e+00 0.000000e+00 -5.706577e-03)
491.65        	5.804171e-05	(0.000000e+00 0.000000e+00 -5.706577e-03)
491.75        	5.804400e-05	(0.000000e+00 0.000000e+00 -5.706577e-03)
491.85        	5.804659e-05	(0.000000e+00 0.000000e+00 -5.706577e-03)
491.95        	5.804885e-05	(0.000000e+00 0.000000e+00 -5.706577e-03)
492.05        	5.805086e-05	(0.000000e+00 0.000000e+00 -5.706577e-03)
492.15        	5.805288e-05	(0.000000e+00 0.000000e+00 -5.706577e-03)
492.25        	5.805518e-05	(0.000000e+00 0.000000e+00 -5.706577e-03)
492.35        	5.805699e-05	(0.000000e+00 0.000000e+00 -5.706577e-03)
492.45        	5.805854e-05	(0.000000e+00 0.000000e+00 -5.706577e-03)
492.55        	5.806024e-05	(0.000000e+00 0.000000e+00 -5.706577e-03)
492.65        	5.806199e-05	(0.000000e+00 0.000000e+00 -5.706577e-03)
492.75        	5.806353e-05	(0.000000e+00 0.000000e+00 -5.706577e-03)
492.85        	5.806523e-05	(0.000000e+00 0.000000e+00 -5.706577e-03)
492.95        	5.806682e-05	(0.000000e+00 0.000000e+00 -5.706577e-03)
493.05        	5.806841e-05	(0.000000e+00 0.000000e+00 -5.706577e-03)
493.15        	5.807047e-05	(0.000000e+00 0.000000e+00 -5.706577e-03)
493.25        	5.807232e-05	(0.000000e+00 0.000000e+00 -5.706577e-03)
493.35        	5.807411e-05	(0.000000e+00 0.000000e+00 -5.706577e-03)
493.45        	5.807604e-05	(0.000000e+00 0.000000e+00 -5.706577e-03)
493.55        	5.807849e-05	(0.000000e+00 0.000000e+00 -5.706577e-03)
493.65        	5.808116e-05	(0.000000e+00 0.000000e+00 -5.706577e-03)
493.75        	5.808425e-05	(0.000000e+00 0.000000e+00 -5.706577e-03)
493.85        	5.808731e-05	(0.000000e+00 0.000000e+00 -5.706577e-03)
493.95        	5.809025e-05	(0.000000e+00 0.000000e+00 -5.706577e-03)
494.05        	5.809162e-05	(0.000000e+00 0.000000e+00 -5.706577e-03)
494.15        	5.809391e-05	(0.000000e+00 0.000000e+00 -5.706577e-03)
494.25        	5.809670e-05	(0.000000e+00 0.000000e+00 -5.706577e-03)
494.35        	5.809964e-05	(0.000000e+00 0.000000e+00 -5.706577e-03)
494.45        	5.810229e-05	(0.000000e+00 0.000000e+00 -5.706577e-03)
494.55        	5.810336e-05	(0.000000e+00 0.000000e+00 -5.706577e-03)
494.65        	5.810683e-05	(0.000000e+00 0.000000e+00 -5.706577e-03)
494.75        	5.810939e-05	(0.000000e+00 0.000000e+00 -5.706577e-03)
494.85        	5.811065e-05	(0.000000e+00 0.000000e+00 -5.706577e-03)
494.95        	5.811189e-05	(0.000000e+00 0.000000e+00 -5.706577e-03)
495.05        	5.811260e-05	(0.000000e+00 0.000000e+00 -5.706577e-03)
495.15        	5.811321e-05	(0.000000e+00 0.000000e+00 -5.706577e-03)
495.25        	5.811454e-05	(0.000000e+00 0.000000e+00 -5.706577e-03)
495.35        	5.811543e-05	(0.000000e+00 0.000000e+00 -5.706577e-03)
495.45        	5.811649e-05	(0.000000e+00 0.000000e+00 -5.706577e-03)
495.55        	5.811831e-05	(0.000000e+00 0.000000e+00 -5.706577e-03)
495.65        	5.811985e-05	(0.000000e+00 0.000000e+00 -5.706577e-03)
495.75        	5.812172e-05	(0.000000e+00 0.000000e+00 -5.706577e-03)
495.85        	5.812372e-05	(0.000000e+00 0.000000e+00 -5.706577e-03)
495.95        	5.812579e-05	(0.000000e+00 0.000000e+00 -5.706577e-03)
496.05        	5.812774e-05	(0.000000e+00 0.000000e+00 -5.706577e-03)
496.15        	5.812945e-05	(0.000000e+00 0.000000e+00 -5.706577e-03)
496.25        	5.813165e-05	(0.000000e+00 0.000000e+00 -5.706577e-03)
496.35        	5.813410e-05	(0.000000e+00 0.000000e+00 -5.706577e-03)
496.45        	5.813761e-05	(0.000000e+00 0.000000e+00 -5.706577e-03)
496.55        	5.814203e-05	(0.000000e+00 0.000000e+00 -5.706577e-03)
496.65        	5.814655e-05	(0.000000e+00 0.000000e+00 -5.706577e-03)
496.75        	5.814957e-05	(0.000000e+00 0.000000e+00 -5.706577e-03)
496.85        	5.815264e-05	(0.000000e+00 0.000000e+00 -5.706577e-03)
496.95        	5.815588e-05	(0.000000e+00 0.000000e+00 -5.706577e-03)
497.05        	5.815913e-05	(0.000000e+00 0.000000e+00 -5.706577e-03)
497.15        	5.816104e-05	(0.000000e+00 0.000000e+00 -5.706577e-03)
497.25        	5.816280e-05	(0.000000e+00 0.000000e+00 -5.706577e-03)
497.35        	5.816477e-05	(0.000000e+00 0.000000e+00 -5.706577e-03)
497.45        	5.816666e-05	(0.000000e+00 0.000000e+00 -5.706577e-03)
497.55        	5.816797e-05	(0.000000e+00 0.000000e+00 -5.706577e-03)
497.65        	5.816873e-05	(0.000000e+00 0.000000e+00 -5.706577e-03)
497.75        	5.817028e-05	(0.000000e+00 0.000000e+00 -5.706577e-03)
497.85        	5.817183e-05	(0.000000e+00 0.000000e+00 -5.706577e-03)
497.95        	5.817325e-05	(0.000000e+00 0.000000e+00 -5.706577e-03)
498.05        	5.817483e-05	(0.000000e+00 0.000000e+00 -5.706577e-03)
498.15        	5.817678e-05	(0.000000e+00 0.000000e+00 -5.706577e-03)
498.25        	5.817925e-05	(0.000000e+00 0.000000e+00 -5.706577e-03)
498.35        	5.818203e-05	(0.000000e+00 0.000000e+00 -5.706577e-03)
498.45        	5.818499e-05	(0.000000e+00 0.000000e+00 -5.706577e-03)
498.55        	5.818795e-05	(0.000000e+00 0.000000e+00 -5.706577e-03)
498.65        	5.819152e-05	(0.000000e+00 0.000000e+00 -5.706577e-03)
498.75        	5.819351e-05	(0.000000e+00 0.000000e+00 -5.706577e-03)
498.85        	5.819699e-05	(0.000000e+00 0.000000e+00 -5.706577e-03)
498.95        	5.819934e-05	(0.000000e+00 0.000000e+00 -5.706577e-03)
499.05        	5.820164e-05	(0.000000e+00 0.000000e+00 -5.706577e-03)
499.15        	5.820365e-05	(0.000000e+00 0.000000e+00 -5.706577e-03)
499.25        	5.820548e-05	(0.000000e+00 0.000000e+00 -5.706577e-03)
499.35        	5.820609e-05	(0.000000e+00 0.000000e+00 -5.706577e-03)
499.45        	5.820598e-05	(0.000000e+00 0.000000e+00 -5.706577e-03)
499.55        	5.820609e-05	(0.000000e+00 0.000000e+00 -5.706577e-03)
499.65        	5.820732e-05	(0.000000e+00 0.000000e+00 -5.706577e-03)
499.75        	5.820828e-05	(0.000000e+00 0.000000e+00 -5.706577e-03)
499.85        	5.820890e-05	(0.000000e+00 0.000000e+00 -5.706577e-03)
499.95        	5.821022e-05	(0.000000e+00 0.000000e+00 -5.706577e-03)
500.05        	5.821117e-05	(0.000000e+00 0.000000e+00 -5.706577e-03)
500.15        	5.821185e-05	(0.000000e+00 0.000000e+00 -5.706577e-03)
500.25        	5.821307e-05	(0.000000e+00 0.000000e+00 -5.706577e-03)
500.35        	5.821542e-05	(0.000000e+00 0.000000e+00 -5.706577e-03)
500.45        	5.821852e-05	(0.000000e+00 0.000000e+00 -5.706577e-03)
500.55        	5.822230e-05	(0.000000e+00 0.000000e+00 -5.706577e-03)
500.65        	5.822575e-05	(0.000000e+00 0.000000e+00 -5.706577e-03)
500.75        	5.822889e-05	(0.000000e+00 0.000000e+00 -5.706577e-03)
500.85        	5.823207e-05	(0.000000e+00 0.000000e+00 -5.706577e-03)
500.95        	5.823480e-05	(0.000000e+00 0.000000e+00 -5.706577e-03)
501.05        	5.823745e-05	(0.000000e+00 0.000000e+00 -5.706577e-03)
501.15        	5.823999e-05	(0.000000e+00 0.000000e+00 -5.706577e-03)
501.25        	5.824238e-05	(0.000000e+00 0.000000e+00 -5.706577e-03)
501.35        	5.824394e-05	(0.000000e+00 0.000000e+00 -5.706577e-03)
501.45        	5.824510e-05	(0.000000e+00 0.000000e+00 -5.706577e-03)
501.55        	5.824596e-05	(0.000000e+00 0.000000e+00 -5.706577e-03)
501.65        	5.824641e-05	(0.000000e+00 0.000000e+00 -5.706577e-03)
501.75        	5.824740e-05	(0.000000e+00 0.000000e+00 -5.706577e-03)
501.85        	5.824880e-05	(0.000000e+00 0.000000e+00 -5.706577e-03)
501.95        	5.824960e-05	(0.000000e+00 0.000000e+00 -5.706577e-03)
502.05        	5.825001e-05	(0.000000e+00 0.000000e+00 -5.706577e-03)
502.15        	5.825104e-05	(0.000000e+00 0.000000e+00 -5.706577e-03)
502.25        	5.825275e-05	(0.000000e+00 0.000000e+00 -5.706577e-03)
502.35        	5.825480e-05	(0.000000e+00 0.000000e+00 -5.706577e-03)
502.45        	5.825667e-05	(0.000000e+00 0.000000e+00 -5.706577e-03)
502.55        	5.825775e-05	(0.000000e+00 0.000000e+00 -5.706577e-03)
502.65        	5.826003e-05	(0.000000e+00 0.000000e+00 -5.706577e-03)
502.75        	5.826306e-05	(0.000000e+00 0.000000e+00 -5.706577e-03)
502.85        	5.826559e-05	(0.000000e+00 0.000000e+00 -5.706577e-03)
502.95        	5.826841e-05	(0.000000e+00 0.000000e+00 -5.706577e-03)
503.05        	5.827166e-05	(0.000000e+00 0.000000e+00 -5.706577e-03)
503.15        	5.827345e-05	(0.000000e+00 0.000000e+00 -5.706577e-03)
503.25        	5.827574e-05	(0.000000e+00 0.000000e+00 -5.706577e-03)
503.35        	5.827737e-05	(0.000000e+00 0.000000e+00 -5.706577e-03)
503.45        	5.828014e-05	(0.000000e+00 0.000000e+00 -5.706577e-03)
503.55        	5.828298e-05	(0.000000e+00 0.000000e+00 -5.706577e-03)
503.65        	5.828521e-05	(0.000000e+00 0.000000e+00 -5.706577e-03)
503.75        	5.828728e-05	(0.000000e+00 0.000000e+00 -5.706577e-03)
503.85        	5.828865e-05	(0.000000e+00 0.000000e+00 -5.706577e-03)
503.95        	5.829024e-05	(0.000000e+00 0.000000e+00 -5.706577e-03)
504.05        	5.829063e-05	(0.000000e+00 0.000000e+00 -5.706577e-03)
504.15        	5.829164e-05	(0.000000e+00 0.000000e+00 -5.706577e-03)
504.25        	5.829329e-05	(0.000000e+00 0.000000e+00 -5.706577e-03)
504.35        	5.829433e-05	(0.000000e+00 0.000000e+00 -5.706577e-03)
504.45        	5.829521e-05	(0.000000e+00 0.000000e+00 -5.706577e-03)
504.55        	5.829703e-05	(0.000000e+00 0.000000e+00 -5.706577e-03)
504.65        	5.829851e-05	(0.000000e+00 0.000000e+00 -5.706577e-03)
504.75        	5.829979e-05	(0.000000e+00 0.000000e+00 -5.706577e-03)
504.85        	5.830236e-05	(0.000000e+00 0.000000e+00 -5.706577e-03)
504.95        	5.830492e-05	(0.000000e+00 0.000000e+00 -5.706577e-03)
505.05        	5.830585e-05	(0.000000e+00 0.000000e+00 -5.706577e-03)
505.15        	5.830682e-05	(0.000000e+00 0.000000e+00 -5.706577e-03)
505.25        	5.830860e-05	(0.000000e+00 0.000000e+00 -5.706577e-03)
505.35        	5.831096e-05	(0.000000e+00 0.000000e+00 -5.706577e-03)
505.45        	5.831304e-05	(0.000000e+00 0.000000e+00 -5.706577e-03)
505.55        	5.831494e-05	(0.000000e+00 0.000000e+00 -5.706577e-03)
505.65        	5.831684e-05	(0.000000e+00 0.000000e+00 -5.706577e-03)
505.75        	5.831836e-05	(0.000000e+00 0.000000e+00 -5.706577e-03)
505.85        	5.831986e-05	(0.000000e+00 0.000000e+00 -5.706577e-03)
505.95        	5.832301e-05	(0.000000e+00 0.000000e+00 -5.706577e-03)
506.05        	5.832452e-05	(0.000000e+00 0.000000e+00 -5.706577e-03)
506.15        	5.832511e-05	(0.000000e+00 0.000000e+00 -5.706577e-03)
506.25        	5.832608e-05	(0.000000e+00 0.000000e+00 -5.706577e-03)
506.35        	5.832848e-05	(0.000000e+00 0.000000e+00 -5.706577e-03)
506.45        	5.833060e-05	(0.000000e+00 0.000000e+00 -5.706577e-03)
506.55        	5.833174e-05	(0.000000e+00 0.000000e+00 -5.706577e-03)
506.65        	5.833216e-05	(0.000000e+00 0.000000e+00 -5.706577e-03)
506.75        	5.833306e-05	(0.000000e+00 0.000000e+00 -5.706577e-03)
506.85        	5.833417e-05	(0.000000e+00 0.000000e+00 -5.706577e-03)
506.95        	5.833505e-05	(0.000000e+00 0.000000e+00 -5.706577e-03)
507.05        	5.833603e-05	(0.000000e+00 0.000000e+00 -5.706577e-03)
507.15        	5.833798e-05	(0.000000e+00 0.000000e+00 -5.706577e-03)
507.25        	5.834071e-05	(0.000000e+00 0.000000e+00 -5.706577e-03)
507.35        	5.834217e-05	(0.000000e+00 0.000000e+00 -5.706577e-03)
507.45        	5.834439e-05	(0.000000e+00 0.000000e+00 -5.706577e-03)
507.55        	5.834684e-05	(0.000000e+00 0.000000e+00 -5.706577e-03)
507.65        	5.834896e-05	(0.000000e+00 0.000000e+00 -5.706577e-03)
507.75        	5.835116e-05	(0.000000e+00 0.000000e+00 -5.706577e-03)
507.85        	5.835314e-05	(0.000000e+00 0.000000e+00 -5.706577e-03)
507.95        	5.835572e-05	(0.000000e+00 0.000000e+00 -5.706577e-03)
508.05        	5.835920e-05	(0.000000e+00 0.000000e+00 -5.706577e-03)
508.15        	5.836179e-05	(0.000000e+00 0.000000e+00 -5.706577e-03)
508.25        	5.836320e-05	(0.000000e+00 0.000000e+00 -5.706577e-03)
508.35        	5.836435e-05	(0.000000e+00 0.000000e+00 -5.706577e-03)
508.45        	5.836542e-05	(0.000000e+00 0.000000e+00 -5.706577e-03)
508.55        	5.836625e-05	(0.000000e+00 0.000000e+00 -5.706577e-03)
508.65        	5.836725e-05	(0.000000e+00 0.000000e+00 -5.706577e-03)
508.75        	5.836857e-05	(0.000000e+00 0.000000e+00 -5.706577e-03)
508.85        	5.836948e-05	(0.000000e+00 0.000000e+00 -5.706577e-03)
508.95        	5.836958e-05	(0.000000e+00 0.000000e+00 -5.706577e-03)
509.05        	5.836976e-05	(0.000000e+00 0.000000e+00 -5.706577e-03)
509.15        	5.837130e-05	(0.000000e+00 0.000000e+00 -5.706577e-03)
509.25        	5.837213e-05	(0.000000e+00 0.000000e+00 -5.706577e-03)
509.35        	5.837264e-05	(0.000000e+00 0.000000e+00 -5.706577e-03)
509.45        	5.837265e-05	(0.000000e+00 0.000000e+00 -5.706577e-03)
509.55        	5.837282e-05	(0.000000e+00 0.000000e+00 -5.706577e-03)
509.65        	5.837349e-05	(0.000000e+00 0.000000e+00 -5.706577e-03)
509.75        	5.837432e-05	(0.000000e+00 0.000000e+00 -5.706577e-03)
509.85        	5.837576e-05	(0.000000e+00 0.000000e+00 -5.706577e-03)
509.95        	5.837800e-05	(0.000000e+00 0.000000e+00 -5.706577e-03)
510.05        	5.838129e-05	(0.000000e+00 0.000000e+00 -5.706577e-03)
510.15        	5.838330e-05	(0.000000e+00 0.000000e+00 -5.706577e-03)
510.25        	5.838505e-05	(0.000000e+00 0.000000e+00 -5.706577e-03)
510.35        	5.838729e-05	(0.000000e+00 0.000000e+00 -5.706577e-03)
510.45        	5.838916e-05	(0.000000e+00 0.000000e+00 -5.706577e-03)
510.55        	5.839111e-05	(0.000000e+00 0.000000e+00 -5.706577e-03)
510.65        	5.839280e-05	(0.000000e+00 0.000000e+00 -5.706577e-03)
510.75        	5.839486e-05	(0.000000e+00 0.000000e+00 -5.706577e-03)
510.85        	5.839713e-05	(0.000000e+00 0.000000e+00 -5.706577e-03)
510.95        	5.839897e-05	(0.000000e+00 0.000000e+00 -5.706577e-03)
511.05        	5.840052e-05	(0.000000e+00 0.000000e+00 -5.706577e-03)
511.15        	5.840167e-05	(0.000000e+00 0.000000e+00 -5.706577e-03)
511.25        	5.840252e-05	(0.000000e+00 0.000000e+00 -5.706577e-03)
511.35        	5.840333e-05	(0.000000e+00 0.000000e+00 -5.706577e-03)
511.45        	5.840485e-05	(0.000000e+00 0.000000e+00 -5.706577e-03)
511.55        	5.840641e-05	(0.000000e+00 0.000000e+00 -5.706577e-03)
511.65        	5.840801e-05	(0.000000e+00 0.000000e+00 -5.706577e-03)
511.75        	5.840959e-05	(0.000000e+00 0.000000e+00 -5.706577e-03)
511.85        	5.841102e-05	(0.000000e+00 0.000000e+00 -5.706577e-03)
511.95        	5.841240e-05	(0.000000e+00 0.000000e+00 -5.706577e-03)
512.05        	5.841332e-05	(0.000000e+00 0.000000e+00 -5.706577e-03)
512.15        	5.841417e-05	(0.000000e+00 0.000000e+00 -5.706577e-03)
512.25        	5.841586e-05	(0.000000e+00 0.000000e+00 -5.706577e-03)
512.35        	5.841809e-05	(0.000000e+00 0.000000e+00 -5.706577e-03)
512.45        	5.842152e-05	(0.000000e+00 0.000000e+00 -5.706577e-03)
512.55        	5.842363e-05	(0.000000e+00 0.000000e+00 -5.706577e-03)
512.65        	5.842562e-05	(0.000000e+00 0.000000e+00 -5.706577e-03)
512.75        	5.842827e-05	(0.000000e+00 0.000000e+00 -5.706577e-03)
512.85        	5.843041e-05	(0.000000e+00 0.000000e+00 -5.706577e-03)
512.95        	5.843219e-05	(0.000000e+00 0.000000e+00 -5.706577e-03)
513.05        	5.843339e-05	(0.000000e+00 0.000000e+00 -5.706577e-03)
513.15        	5.843459e-05	(0.000000e+00 0.000000e+00 -5.706577e-03)
513.25        	5.843635e-05	(0.000000e+00 0.000000e+00 -5.706577e-03)
513.35        	5.843844e-05	(0.000000e+00 0.000000e+00 -5.706577e-03)
513.45        	5.844009e-05	(0.000000e+00 0.000000e+00 -5.706577e-03)
513.55        	5.844189e-05	(0.000000e+00 0.000000e+00 -5.706577e-03)
513.65        	5.844325e-05	(0.000000e+00 0.000000e+00 -5.706577e-03)
513.75        	5.844406e-05	(0.000000e+00 0.000000e+00 -5.706577e-03)
513.85        	5.844481e-05	(0.000000e+00 0.000000e+00 -5.706577e-03)
513.95        	5.844546e-05	(0.000000e+00 0.000000e+00 -5.706577e-03)
514.05        	5.844607e-05	(0.000000e+00 0.000000e+00 -5.706577e-03)
514.15        	5.844700e-05	(0.000000e+00 0.000000e+00 -5.706577e-03)
514.25        	5.844797e-05	(0.000000e+00 0.000000e+00 -5.706577e-03)
514.35        	5.844922e-05	(0.000000e+00 0.000000e+00 -5.706577e-03)
514.45        	5.845026e-05	(0.000000e+00 0.000000e+00 -5.706577e-03)
514.55        	5.845132e-05	(0.000000e+00 0.000000e+00 -5.706577e-03)
514.65        	5.845308e-05	(0.000000e+00 0.000000e+00 -5.706577e-03)
514.75        	5.845585e-05	(0.000000e+00 0.000000e+00 -5.706577e-03)
514.85        	5.845796e-05	(0.000000e+00 0.000000e+00 -5.706577e-03)
514.95        	5.846020e-05	(0.000000e+00 0.000000e+00 -5.706577e-03)
515.05        	5.846229e-05	(0.000000e+00 0.000000e+00 -5.706577e-03)
515.15        	5.846434e-05	(0.000000e+00 0.000000e+00 -5.706577e-03)
515.25        	5.846660e-05	(0.000000e+00 0.000000e+00 -5.706577e-03)
515.35        	5.846889e-05	(0.000000e+00 0.000000e+00 -5.706577e-03)
515.45        	5.847099e-05	(0.000000e+00 0.000000e+00 -5.706577e-03)
515.55        	5.847257e-05	(0.000000e+00 0.000000e+00 -5.706577e-03)
515.65        	5.847387e-05	(0.000000e+00 0.000000e+00 -5.706577e-03)
515.75        	5.847499e-05	(0.000000e+00 0.000000e+00 -5.706577e-03)
515.85        	5.847682e-05	(0.000000e+00 0.000000e+00 -5.706577e-03)
515.95        	5.847831e-05	(0.000000e+00 0.000000e+00 -5.706577e-03)
516.05        	5.847929e-05	(0.000000e+00 0.000000e+00 -5.706577e-03)
516.15        	5.848020e-05	(0.000000e+00 0.000000e+00 -5.706577e-03)
516.25        	5.848141e-05	(0.000000e+00 0.000000e+00 -5.706577e-03)
516.35        	5.848229e-05	(0.000000e+00 0.000000e+00 -5.706577e-03)
516.45        	5.848315e-05	(0.000000e+00 0.000000e+00 -5.706577e-03)
516.55        	5.848421e-05	(0.000000e+00 0.000000e+00 -5.706577e-03)
516.65        	5.848576e-05	(0.000000e+00 0.000000e+00 -5.706577e-03)
516.75        	5.848666e-05	(0.000000e+00 0.000000e+00 -5.706577e-03)
516.85        	5.848835e-05	(0.000000e+00 0.000000e+00 -5.706577e-03)
516.95        	5.848970e-05	(0.000000e+00 0.000000e+00 -5.706577e-03)
517.05        	5.849099e-05	(0.000000e+00 0.000000e+00 -5.706577e-03)
517.15        	5.849240e-05	(0.000000e+00 0.000000e+00 -5.706577e-03)
517.25        	5.849412e-05	(0.000000e+00 0.000000e+00 -5.706577e-03)
517.35        	5.849644e-05	(0.000000e+00 0.000000e+00 -5.706577e-03)
517.45        	5.849850e-05	(0.000000e+00 0.000000e+00 -5.706577e-03)
517.55        	5.850013e-05	(0.000000e+00 0.000000e+00 -5.706577e-03)
517.65        	5.850237e-05	(0.000000e+00 0.000000e+00 -5.706577e-03)
517.75        	5.850392e-05	(0.000000e+00 0.000000e+00 -5.706577e-03)
517.85        	5.850497e-05	(0.000000e+00 0.000000e+00 -5.706577e-03)
517.95        	5.850596e-05	(0.000000e+00 0.000000e+00 -5.706577e-03)
518.05        	5.850706e-05	(0.000000e+00 0.000000e+00 -5.706577e-03)
518.15        	5.850855e-05	(0.000000e+00 0.000000e+00 -5.706577e-03)
518.25        	5.850999e-05	(0.000000e+00 0.000000e+00 -5.706577e-03)
518.35        	5.851141e-05	(0.000000e+00 0.000000e+00 -5.706577e-03)
518.45        	5.851312e-05	(0.000000e+00 0.000000e+00 -5.706577e-03)
518.55        	5.851448e-05	(0.000000e+00 0.000000e+00 -5.706577e-03)
518.65        	5.851533e-05	(0.000000e+00 0.000000e+00 -5.706577e-03)
518.75        	5.851704e-05	(0.000000e+00 0.000000e+00 -5.706577e-03)
518.85        	5.851861e-05	(0.000000e+00 0.000000e+00 -5.706577e-03)
518.95        	5.852052e-05	(0.000000e+00 0.000000e+00 -5.706577e-03)
519.05        	5.852233e-05	(0.000000e+00 0.000000e+00 -5.706577e-03)
519.15        	5.852452e-05	(0.000000e+00 0.000000e+00 -5.706577e-03)
519.25        	5.852689e-05	(0.000000e+00 0.000000e+00 -5.706577e-03)
519.35        	5.852867e-05	(0.000000e+00 0.000000e+00 -5.706577e-03)
519.45        	5.853080e-05	(0.000000e+00 0.000000e+00 -5.706577e-03)
519.55        	5.853372e-05	(0.000000e+00 0.000000e+00 -5.706577e-03)
519.65        	5.853591e-05	(0.000000e+00 0.000000e+00 -5.706577e-03)
519.75        	5.853870e-05	(0.000000e+00 0.000000e+00 -5.706577e-03)
519.85        	5.854070e-05	(0.000000e+00 0.000000e+00 -5.706577e-03)
519.95        	5.854226e-05	(0.000000e+00 0.000000e+00 -5.706577e-03)
520.05        	5.854370e-05	(0.000000e+00 0.000000e+00 -5.706577e-03)
520.15        	5.854467e-05	(0.000000e+00 0.000000e+00 -5.706577e-03)
520.25        	5.854602e-05	(0.000000e+00 0.000000e+00 -5.706577e-03)
520.35        	5.854734e-05	(0.000000e+00 0.000000e+00 -5.706577e-03)
520.45        	5.854904e-05	(0.000000e+00 0.000000e+00 -5.706577e-03)
520.55        	5.855078e-05	(0.000000e+00 0.000000e+00 -5.706577e-03)
520.65        	5.855301e-05	(0.000000e+00 0.000000e+00 -5.706577e-03)
520.75        	5.855490e-05	(0.000000e+00 0.000000e+00 -5.706577e-03)
520.85        	5.855686e-05	(0.000000e+00 0.000000e+00 -5.706577e-03)
520.95        	5.855847e-05	(0.000000e+00 0.000000e+00 -5.706577e-03)
521.05        	5.856088e-05	(0.000000e+00 0.000000e+00 -5.706577e-03)
521.15        	5.856269e-05	(0.000000e+00 0.000000e+00 -5.706577e-03)
521.25        	5.856440e-05	(0.000000e+00 0.000000e+00 -5.706577e-03)
521.35        	5.856620e-05	(0.000000e+00 0.000000e+00 -5.706577e-03)
521.45        	5.856848e-05	(0.000000e+00 0.000000e+00 -5.706577e-03)
521.55        	5.856909e-05	(0.000000e+00 0.000000e+00 -5.706577e-03)
521.65        	5.857043e-05	(0.000000e+00 0.000000e+00 -5.706577e-03)
521.75        	5.857235e-05	(0.000000e+00 0.000000e+00 -5.706577e-03)
521.85        	5.857415e-05	(0.000000e+00 0.000000e+00 -5.706577e-03)
521.95        	5.857584e-05	(0.000000e+00 0.000000e+00 -5.706577e-03)
522.05        	5.857800e-05	(0.000000e+00 0.000000e+00 -5.706577e-03)
522.15        	5.857960e-05	(0.000000e+00 0.000000e+00 -5.706577e-03)
522.25        	5.858127e-05	(0.000000e+00 0.000000e+00 -5.706577e-03)
522.35        	5.858010e-05	(0.000000e+00 0.000000e+00 -5.706577e-03)
522.45        	5.858119e-05	(0.000000e+00 0.000000e+00 -5.706577e-03)
522.55        	5.858348e-05	(0.000000e+00 0.000000e+00 -5.706577e-03)
522.65        	5.858503e-05	(0.000000e+00 0.000000e+00 -5.706577e-03)
522.75        	5.858636e-05	(0.000000e+00 0.000000e+00 -5.706577e-03)
522.85        	5.858800e-05	(0.000000e+00 0.000000e+00 -5.706577e-03)
522.95        	5.858922e-05	(0.000000e+00 0.000000e+00 -5.706577e-03)
523.05        	5.859021e-05	(0.000000e+00 0.000000e+00 -5.706577e-03)
523.15        	5.859092e-05	(0.000000e+00 0.000000e+00 -5.706577e-03)
523.25        	5.859092e-05	(0.000000e+00 0.000000e+00 -5.706577e-03)
523.35        	5.859135e-05	(0.000000e+00 0.000000e+00 -5.706577e-03)
523.45        	5.859210e-05	(0.000000e+00 0.000000e+00 -5.706577e-03)
523.55        	5.859403e-05	(0.000000e+00 0.000000e+00 -5.706577e-03)
523.65        	5.859584e-05	(0.000000e+00 0.000000e+00 -5.706577e-03)
523.75        	5.859755e-05	(0.000000e+00 0.000000e+00 -5.706577e-03)
523.85        	5.859987e-05	(0.000000e+00 0.000000e+00 -5.706577e-03)
523.95        	5.860198e-05	(0.000000e+00 0.000000e+00 -5.706577e-03)
524.05        	5.860367e-05	(0.000000e+00 0.000000e+00 -5.706577e-03)
524.15        	5.860566e-05	(0.000000e+00 0.000000e+00 -5.706577e-03)
524.25        	5.860785e-05	(0.000000e+00 0.000000e+00 -5.706577e-03)
524.35        	5.861067e-05	(0.000000e+00 0.000000e+00 -5.706577e-03)
524.45        	5.861271e-05	(0.000000e+00 0.000000e+00 -5.706577e-03)
524.55        	5.861503e-05	(0.000000e+00 0.000000e+00 -5.706577e-03)
524.65        	5.861727e-05	(0.000000e+00 0.000000e+00 -5.706577e-03)
524.75        	5.862028e-05	(0.000000e+00 0.000000e+00 -5.706577e-03)
524.85        	5.862310e-05	(0.000000e+00 0.000000e+00 -5.706577e-03)
524.95        	5.862584e-05	(0.000000e+00 0.000000e+00 -5.706577e-03)
525.05        	5.862870e-05	(0.000000e+00 0.000000e+00 -5.706577e-03)
525.15        	5.863115e-05	(0.000000e+00 0.000000e+00 -5.706577e-03)
525.25        	5.863286e-05	(0.000000e+00 0.000000e+00 -5.706577e-03)
525.35        	5.863410e-05	(0.000000e+00 0.000000e+00 -5.706577e-03)
525.45        	5.863478e-05	(0.000000e+00 0.000000e+00 -5.706577e-03)
525.55        	5.863589e-05	(0.000000e+00 0.000000e+00 -5.706577e-03)
525.65        	5.863703e-05	(0.000000e+00 0.000000e+00 -5.706577e-03)
525.75        	5.863796e-05	(0.000000e+00 0.000000e+00 -5.706577e-03)
525.85        	5.863856e-05	(0.000000e+00 0.000000e+00 -5.706577e-03)
525.95        	5.863919e-05	(0.000000e+00 0.000000e+00 -5.706577e-03)
526.05        	5.864054e-05	(0.000000e+00 0.000000e+00 -5.706577e-03)
526.15        	5.864167e-05	(0.000000e+00 0.000000e+00 -5.706577e-03)
526.25        	5.864258e-05	(0.000000e+00 0.000000e+00 -5.706577e-03)
526.35        	5.864336e-05	(0.000000e+00 0.000000e+00 -5.706577e-03)
526.45        	5.864445e-05	(0.000000e+00 0.000000e+00 -5.706577e-03)
526.55        	5.864553e-05	(0.000000e+00 0.000000e+00 -5.706577e-03)
526.65        	5.864673e-05	(0.000000e+00 0.000000e+00 -5.706577e-03)
526.75        	5.864792e-05	(0.000000e+00 0.000000e+00 -5.706577e-03)
526.85        	5.864965e-05	(0.000000e+00 0.000000e+00 -5.706577e-03)
526.95        	5.865148e-05	(0.000000e+00 0.000000e+00 -5.706577e-03)
527.05        	5.865341e-05	(0.000000e+00 0.000000e+00 -5.706577e-03)
527.15        	5.865522e-05	(0.000000e+00 0.000000e+00 -5.706577e-03)
527.25        	5.865700e-05	(0.000000e+00 0.000000e+00 -5.706577e-03)
527.35        	5.865929e-05	(0.000000e+00 0.000000e+00 -5.706577e-03)
527.45        	5.866163e-05	(0.000000e+00 0.000000e+00 -5.706577e-03)
527.55        	5.866389e-05	(0.000000e+00 0.000000e+00 -5.706577e-03)
527.65        	5.866604e-05	(0.000000e+00 0.000000e+00 -5.706577e-03)
527.75        	5.866789e-05	(0.000000e+00 0.000000e+00 -5.706577e-03)
527.85        	5.866923e-05	(0.000000e+00 0.000000e+00 -5.706577e-03)
527.95        	5.866981e-05	(0.000000e+00 0.000000e+00 -5.706577e-03)
528.05        	5.867137e-05	(0.000000e+00 0.000000e+00 -5.706577e-03)
528.15        	5.867370e-05	(0.000000e+00 0.000000e+00 -5.706577e-03)
528.25        	5.867558e-05	(0.000000e+00 0.000000e+00 -5.706577e-03)
528.35        	5.867684e-05	(0.000000e+00 0.000000e+00 -5.706577e-03)
528.45        	5.867777e-05	(0.000000e+00 0.000000e+00 -5.706577e-03)
528.55        	5.867888e-05	(0.000000e+00 0.000000e+00 -5.706577e-03)
528.65        	5.868022e-05	(0.000000e+00 0.000000e+00 -5.706577e-03)
528.75        	5.868162e-05	(0.000000e+00 0.000000e+00 -5.706577e-03)
528.85        	5.868284e-05	(0.000000e+00 0.000000e+00 -5.706577e-03)
528.95        	5.868406e-05	(0.000000e+00 0.000000e+00 -5.706577e-03)
529.05        	5.868554e-05	(0.000000e+00 0.000000e+00 -5.706577e-03)
529.15        	5.868768e-05	(0.000000e+00 0.000000e+00 -5.706577e-03)
529.25        	5.868998e-05	(0.000000e+00 0.000000e+00 -5.706577e-03)
529.35        	5.869222e-05	(0.000000e+00 0.000000e+00 -5.706577e-03)
529.45        	5.869367e-05	(0.000000e+00 0.000000e+00 -5.706577e-03)
529.55        	5.869549e-05	(0.000000e+00 0.000000e+00 -5.706577e-03)
529.65        	5.869748e-05	(0.000000e+00 0.000000e+00 -5.706577e-03)
529.75        	5.870010e-05	(0.000000e+00 0.000000e+00 -5.706577e-03)
529.85        	5.870255e-05	(0.000000e+00 0.000000e+00 -5.706577e-03)
529.95        	5.870457e-05	(0.000000e+00 0.000000e+00 -5.706577e-03)
530.05        	5.870683e-05	(0.000000e+00 0.000000e+00 -5.706577e-03)
530.15        	5.870849e-05	(0.000000e+00 0.000000e+00 -5.706577e-03)
530.25        	5.871062e-05	(0.000000e+00 0.000000e+00 -5.706577e-03)
530.35        	5.871227e-05	(0.000000e+00 0.000000e+00 -5.706577e-03)
530.45        	5.871244e-05	(0.000000e+00 0.000000e+00 -5.706577e-03)
530.55        	5.871273e-05	(0.000000e+00 0.000000e+00 -5.706577e-03)
530.65        	5.871417e-05	(0.000000e+00 0.000000e+00 -5.706577e-03)
530.75        	5.871566e-05	(0.000000e+00 0.000000e+00 -5.706577e-03)
530.85        	5.871714e-05	(0.000000e+00 0.000000e+00 -5.706577e-03)
530.95        	5.871886e-05	(0.000000e+00 0.000000e+00 -5.706577e-03)
531.05        	5.872072e-05	(0.000000e+00 0.000000e+00 -5.706577e-03)
531.15        	5.872207e-05	(0.000000e+00 0.000000e+00 -5.706577e-03)
531.25        	5.872399e-05	(0.000000e+00 0.000000e+00 -5.706577e-03)
531.35        	5.872628e-05	(0.000000e+00 0.000000e+00 -5.706577e-03)
531.45        	5.872752e-05	(0.000000e+00 0.000000e+00 -5.706577e-03)
531.55        	5.872863e-05	(0.000000e+00 0.000000e+00 -5.706577e-03)
531.65        	5.872975e-05	(0.000000e+00 0.000000e+00 -5.706577e-03)
531.75        	5.873096e-05	(0.000000e+00 0.000000e+00 -5.706577e-03)
531.85        	5.873245e-05	(0.000000e+00 0.000000e+00 -5.706577e-03)
531.95        	5.873491e-05	(0.000000e+00 0.000000e+00 -5.706577e-03)
532.05        	5.873656e-05	(0.000000e+00 0.000000e+00 -5.706577e-03)
532.15        	5.873812e-05	(0.000000e+00 0.000000e+00 -5.706577e-03)
532.25        	5.873865e-05	(0.000000e+00 0.000000e+00 -5.706577e-03)
532.35        	5.873925e-05	(0.000000e+00 0.000000e+00 -5.706577e-03)
532.45        	5.873983e-05	(0.000000e+00 0.000000e+00 -5.706577e-03)
532.55        	5.874041e-05	(0.000000e+00 0.000000e+00 -5.706577e-03)
532.65        	5.874131e-05	(0.000000e+00 0.000000e+00 -5.706577e-03)
532.75        	5.874278e-05	(0.000000e+00 0.000000e+00 -5.706577e-03)
532.85        	5.874398e-05	(0.000000e+00 0.000000e+00 -5.706577e-03)
532.95        	5.874567e-05	(0.000000e+00 0.000000e+00 -5.706577e-03)
533.05        	5.874720e-05	(0.000000e+00 0.000000e+00 -5.706577e-03)
533.15        	5.874883e-05	(0.000000e+00 0.000000e+00 -5.706577e-03)
533.25        	5.874995e-05	(0.000000e+00 0.000000e+00 -5.706577e-03)
533.35        	5.875165e-05	(0.000000e+00 0.000000e+00 -5.706577e-03)
533.45        	5.875321e-05	(0.000000e+00 0.000000e+00 -5.706577e-03)
533.55        	5.875461e-05	(0.000000e+00 0.000000e+00 -5.706577e-03)
533.65        	5.875632e-05	(0.000000e+00 0.000000e+00 -5.706577e-03)
533.75        	5.875796e-05	(0.000000e+00 0.000000e+00 -5.706577e-03)
533.85        	5.876038e-05	(0.000000e+00 0.000000e+00 -5.706577e-03)
533.95        	5.876354e-05	(0.000000e+00 0.000000e+00 -5.706577e-03)
534.05        	5.876638e-05	(0.000000e+00 0.000000e+00 -5.706577e-03)
534.15        	5.876876e-05	(0.000000e+00 0.000000e+00 -5.706577e-03)
534.25        	5.877088e-05	(0.000000e+00 0.000000e+00 -5.706577e-03)
534.35        	5.877295e-05	(0.000000e+00 0.000000e+00 -5.706577e-03)
534.45        	5.877418e-05	(0.000000e+00 0.000000e+00 -5.706577e-03)
534.55        	5.877567e-05	(0.000000e+00 0.000000e+00 -5.706577e-03)
534.65        	5.877709e-05	(0.000000e+00 0.000000e+00 -5.706577e-03)
534.75        	5.877825e-05	(0.000000e+00 0.000000e+00 -5.706577e-03)
534.85        	5.877983e-05	(0.000000e+00 0.000000e+00 -5.706577e-03)
534.95        	5.878117e-05	(0.000000e+00 0.000000e+00 -5.706577e-03)
535.05        	5.878256e-05	(0.000000e+00 0.000000e+00 -5.706577e-03)
535.15        	5.878463e-05	(0.000000e+00 0.000000e+00 -5.706577e-03)
535.25        	5.878684e-05	(0.000000e+00 0.000000e+00 -5.706577e-03)
535.35        	5.878793e-05	(0.000000e+00 0.000000e+00 -5.706577e-03)
535.45        	5.878975e-05	(0.000000e+00 0.000000e+00 -5.706577e-03)
535.55        	5.879225e-05	(0.000000e+00 0.000000e+00 -5.706577e-03)
535.65        	5.879337e-05	(0.000000e+00 0.000000e+00 -5.706577e-03)
535.75        	5.879501e-05	(0.000000e+00 0.000000e+00 -5.706577e-03)
535.85        	5.879638e-05	(0.000000e+00 0.000000e+00 -5.706577e-03)
535.95        	5.879828e-05	(0.000000e+00 0.000000e+00 -5.706577e-03)
536.05        	5.880001e-05	(0.000000e+00 0.000000e+00 -5.706577e-03)
536.15        	5.880186e-05	(0.000000e+00 0.000000e+00 -5.706577e-03)
536.25        	5.880326e-05	(0.000000e+00 0.000000e+00 -5.706577e-03)
536.35        	5.880479e-05	(0.000000e+00 0.000000e+00 -5.706577e-03)
536.45        	5.880611e-05	(0.000000e+00 0.000000e+00 -5.706577e-03)
536.55        	5.880777e-05	(0.000000e+00 0.000000e+00 -5.706577e-03)
536.65        	5.880909e-05	(0.000000e+00 0.000000e+00 -5.706577e-03)
536.75        	5.881043e-05	(0.000000e+00 0.000000e+00 -5.706577e-03)
536.85        	5.881192e-05	(0.000000e+00 0.000000e+00 -5.706577e-03)
536.95        	5.881366e-05	(0.000000e+00 0.000000e+00 -5.706577e-03)
537.05        	5.881428e-05	(0.000000e+00 0.000000e+00 -5.706577e-03)
537.15        	5.881448e-05	(0.000000e+00 0.000000e+00 -5.706577e-03)
537.25        	5.881547e-05	(0.000000e+00 0.000000e+00 -5.706577e-03)
537.35        	5.881717e-05	(0.000000e+00 0.000000e+00 -5.706577e-03)
537.45        	5.881811e-05	(0.000000e+00 0.000000e+00 -5.706577e-03)
537.55        	5.881938e-05	(0.000000e+00 0.000000e+00 -5.706577e-03)
537.65        	5.882124e-05	(0.000000e+00 0.000000e+00 -5.706577e-03)
537.75        	5.882262e-05	(0.000000e+00 0.000000e+00 -5.706577e-03)
537.85        	5.882404e-05	(0.000000e+00 0.000000e+00 -5.706577e-03)
537.95        	5.882564e-05	(0.000000e+00 0.000000e+00 -5.706577e-03)
538.05        	5.882689e-05	(0.000000e+00 0.000000e+00 -5.706577e-03)
538.15        	5.882816e-05	(0.000000e+00 0.000000e+00 -5.706577e-03)
538.25        	5.883004e-05	(0.000000e+00 0.000000e+00 -5.706577e-03)
538.35        	5.883176e-05	(0.000000e+00 0.000000e+00 -5.706577e-03)
538.45        	5.883297e-05	(0.000000e+00 0.000000e+00 -5.706577e-03)
538.55        	5.883456e-05	(0.000000e+00 0.000000e+00 -5.706577e-03)
538.65        	5.883624e-05	(0.000000e+00 0.000000e+00 -5.706577e-03)
538.75        	5.883736e-05	(0.000000e+00 0.000000e+00 -5.706577e-03)
538.85        	5.883837e-05	(0.000000e+00 0.000000e+00 -5.706577e-03)
538.95        	5.883964e-05	(0.000000e+00 0.000000e+00 -5.706577e-03)
539.05        	5.884114e-05	(0.000000e+00 0.000000e+00 -5.706577e-03)
539.15        	5.884298e-05	(0.000000e+00 0.000000e+00 -5.706577e-03)
539.25        	5.884475e-05	(0.000000e+00 0.000000e+00 -5.706577e-03)
539.35        	5.884654e-05	(0.000000e+00 0.000000e+00 -5.706577e-03)
539.45        	5.884808e-05	(0.000000e+00 0.000000e+00 -5.706577e-03)
539.55        	5.885009e-05	(0.000000e+00 0.000000e+00 -5.706577e-03)
539.65        	5.885125e-05	(0.000000e+00 0.000000e+00 -5.706577e-03)
539.75        	5.885227e-05	(0.000000e+00 0.000000e+00 -5.706577e-03)
539.85        	5.885390e-05	(0.000000e+00 0.000000e+00 -5.706577e-03)
539.95        	5.885624e-05	(0.000000e+00 0.000000e+00 -5.706577e-03)
540.05        	5.885804e-05	(0.000000e+00 0.000000e+00 -5.706577e-03)
540.15        	5.885958e-05	(0.000000e+00 0.000000e+00 -5.706577e-03)
540.25        	5.886090e-05	(0.000000e+00 0.000000e+00 -5.706577e-03)
540.35        	5.886187e-05	(0.000000e+00 0.000000e+00 -5.706577e-03)
540.45        	5.886374e-05	(0.000000e+00 0.000000e+00 -5.706577e-03)
540.55        	5.886545e-05	(0.000000e+00 0.000000e+00 -5.706577e-03)
540.65        	5.886774e-05	(0.000000e+00 0.000000e+00 -5.706577e-03)
540.75        	5.886899e-05	(0.000000e+00 0.000000e+00 -5.706577e-03)
540.85        	5.887090e-05	(0.000000e+00 0.000000e+00 -5.706577e-03)
540.95        	5.887265e-05	(0.000000e+00 0.000000e+00 -5.706577e-03)
541.05        	5.887395e-05	(0.000000e+00 0.000000e+00 -5.706577e-03)
541.15        	5.887463e-05	(0.000000e+00 0.000000e+00 -5.706577e-03)
541.25        	5.887661e-05	(0.000000e+00 0.000000e+00 -5.706577e-03)
541.35        	5.887827e-05	(0.000000e+00 0.000000e+00 -5.706577e-03)
541.45        	5.887992e-05	(0.000000e+00 0.000000e+00 -5.706577e-03)
541.55        	5.888148e-05	(0.000000e+00 0.000000e+00 -5.706577e-03)
541.65        	5.888286e-05	(0.000000e+00 0.000000e+00 -5.706577e-03)
541.75        	5.888424e-05	(0.000000e+00 0.000000e+00 -5.706577e-03)
541.85        	5.888507e-05	(0.000000e+00 0.000000e+00 -5.706577e-03)
541.95        	5.888641e-05	(0.000000e+00 0.000000e+00 -5.706577e-03)
542.05        	5.888753e-05	(0.000000e+00 0.000000e+00 -5.706577e-03)
542.15        	5.888800e-05	(0.000000e+00 0.000000e+00 -5.706577e-03)
542.25        	5.888906e-05	(0.000000e+00 0.000000e+00 -5.706577e-03)
542.35        	5.888986e-05	(0.000000e+00 0.000000e+00 -5.706577e-03)
542.45        	5.889059e-05	(0.000000e+00 0.000000e+00 -5.706577e-03)
542.55        	5.889145e-05	(0.000000e+00 0.000000e+00 -5.706577e-03)
542.65        	5.889306e-05	(0.000000e+00 0.000000e+00 -5.706577e-03)
542.75        	5.889425e-05	(0.000000e+00 0.000000e+00 -5.706577e-03)
542.85        	5.889572e-05	(0.000000e+00 0.000000e+00 -5.706577e-03)
542.95        	5.889723e-05	(0.000000e+00 0.000000e+00 -5.706577e-03)
543.05        	5.889809e-05	(0.000000e+00 0.000000e+00 -5.706577e-03)
543.15        	5.889945e-05	(0.000000e+00 0.000000e+00 -5.706577e-03)
543.25        	5.890153e-05	(0.000000e+00 0.000000e+00 -5.706577e-03)
543.35        	5.890311e-05	(0.000000e+00 0.000000e+00 -5.706577e-03)
543.45        	5.890511e-05	(0.000000e+00 0.000000e+00 -5.706577e-03)
543.55        	5.890734e-05	(0.000000e+00 0.000000e+00 -5.706577e-03)
543.65        	5.890979e-05	(0.000000e+00 0.000000e+00 -5.706577e-03)
543.75        	5.891248e-05	(0.000000e+00 0.000000e+00 -5.706577e-03)
543.85        	5.891487e-05	(0.000000e+00 0.000000e+00 -5.706577e-03)
543.95        	5.891737e-05	(0.000000e+00 0.000000e+00 -5.706577e-03)
544.05        	5.891915e-05	(0.000000e+00 0.000000e+00 -5.706577e-03)
544.15        	5.892123e-05	(0.000000e+00 0.000000e+00 -5.706577e-03)
544.25        	5.892224e-05	(0.000000e+00 0.000000e+00 -5.706577e-03)
544.35        	5.892296e-05	(0.000000e+00 0.000000e+00 -5.706577e-03)
544.45        	5.892396e-05	(0.000000e+00 0.000000e+00 -5.706577e-03)
544.55        	5.892432e-05	(0.000000e+00 0.000000e+00 -5.706577e-03)
544.65        	5.892509e-05	(0.000000e+00 0.000000e+00 -5.706577e-03)
544.75        	5.892595e-05	(0.000000e+00 0.000000e+00 -5.706577e-03)
544.85        	5.892657e-05	(0.000000e+00 0.000000e+00 -5.706577e-03)
544.95        	5.892688e-05	(0.000000e+00 0.000000e+00 -5.706577e-03)
545.05        	5.892783e-05	(0.000000e+00 0.000000e+00 -5.706577e-03)
545.15        	5.892946e-05	(0.000000e+00 0.000000e+00 -5.706577e-03)
545.25        	5.893040e-05	(0.000000e+00 0.000000e+00 -5.706577e-03)
545.35        	5.893133e-05	(0.000000e+00 0.000000e+00 -5.706577e-03)
545.45        	5.893228e-05	(0.000000e+00 0.000000e+00 -5.706577e-03)
545.55        	5.893304e-05	(0.000000e+00 0.000000e+00 -5.706577e-03)
545.65        	5.893390e-05	(0.000000e+00 0.000000e+00 -5.706577e-03)
545.75        	5.893524e-05	(0.000000e+00 0.000000e+00 -5.706577e-03)
545.85        	5.893689e-05	(0.000000e+00 0.000000e+00 -5.706577e-03)
545.95        	5.893867e-05	(0.000000e+00 0.000000e+00 -5.706577e-03)
546.05        	5.894012e-05	(0.000000e+00 0.000000e+00 -5.706577e-03)
546.15        	5.894116e-05	(0.000000e+00 0.000000e+00 -5.706577e-03)
546.25        	5.894368e-05	(0.000000e+00 0.000000e+00 -5.706577e-03)
546.35        	5.894623e-05	(0.000000e+00 0.000000e+00 -5.706577e-03)
546.45        	5.894786e-05	(0.000000e+00 0.000000e+00 -5.706577e-03)
546.55        	5.894901e-05	(0.000000e+00 0.000000e+00 -5.706577e-03)
546.65        	5.894998e-05	(0.000000e+00 0.000000e+00 -5.706577e-03)
546.75        	5.895064e-05	(0.000000e+00 0.000000e+00 -5.706577e-03)
546.85        	5.895125e-05	(0.000000e+00 0.000000e+00 -5.706577e-03)
546.95        	5.895183e-05	(0.000000e+00 0.000000e+00 -5.706577e-03)
547.05        	5.895320e-05	(0.000000e+00 0.000000e+00 -5.706577e-03)
547.15        	5.895440e-05	(0.000000e+00 0.000000e+00 -5.706577e-03)
547.25        	5.895483e-05	(0.000000e+00 0.000000e+00 -5.706577e-03)
547.35        	5.895531e-05	(0.000000e+00 0.000000e+00 -5.706577e-03)
547.45        	5.895590e-05	(0.000000e+00 0.000000e+00 -5.706577e-03)
547.55        	5.895634e-05	(0.000000e+00 0.000000e+00 -5.706577e-03)
547.65        	5.895709e-05	(0.000000e+00 0.000000e+00 -5.706577e-03)
547.75        	5.895836e-05	(0.000000e+00 0.000000e+00 -5.706577e-03)
547.85        	5.895951e-05	(0.000000e+00 0.000000e+00 -5.706577e-03)
547.95        	5.896097e-05	(0.000000e+00 0.000000e+00 -5.706577e-03)
548.05        	5.896262e-05	(0.000000e+00 0.000000e+00 -5.706577e-03)
548.15        	5.896421e-05	(0.000000e+00 0.000000e+00 -5.706577e-03)
548.25        	5.896532e-05	(0.000000e+00 0.000000e+00 -5.706577e-03)
548.35        	5.896659e-05	(0.000000e+00 0.000000e+00 -5.706577e-03)
548.45        	5.896787e-05	(0.000000e+00 0.000000e+00 -5.706577e-03)
548.55        	5.896978e-05	(0.000000e+00 0.000000e+00 -5.706577e-03)
548.65        	5.897228e-05	(0.000000e+00 0.000000e+00 -5.706577e-03)
548.75        	5.897465e-05	(0.000000e+00 0.000000e+00 -5.706577e-03)
548.85        	5.897631e-05	(0.000000e+00 0.000000e+00 -5.706577e-03)
548.95        	5.897824e-05	(0.000000e+00 0.000000e+00 -5.706577e-03)
549.05        	5.898015e-05	(0.000000e+00 0.000000e+00 -5.706577e-03)
549.15        	5.898205e-05	(0.000000e+00 0.000000e+00 -5.706577e-03)
549.25        	5.898376e-05	(0.000000e+00 0.000000e+00 -5.706577e-03)
549.35        	5.898539e-05	(0.000000e+00 0.000000e+00 -5.706577e-03)
549.45        	5.898729e-05	(0.000000e+00 0.000000e+00 -5.706577e-03)
549.55        	5.898872e-05	(0.000000e+00 0.000000e+00 -5.706577e-03)
549.65        	5.899018e-05	(0.000000e+00 0.000000e+00 -5.706577e-03)
549.75        	5.899154e-05	(0.000000e+00 0.000000e+00 -5.706577e-03)
549.85        	5.899306e-05	(0.000000e+00 0.000000e+00 -5.706577e-03)
549.95        	5.899443e-05	(0.000000e+00 0.000000e+00 -5.706577e-03)
550.05        	5.899563e-05	(0.000000e+00 0.000000e+00 -5.706577e-03)
550.15        	5.899667e-05	(0.000000e+00 0.000000e+00 -5.706577e-03)
550.25        	5.899762e-05	(0.000000e+00 0.000000e+00 -5.706577e-03)
550.35        	5.899906e-05	(0.000000e+00 0.000000e+00 -5.706577e-03)
550.45        	5.900039e-05	(0.000000e+00 0.000000e+00 -5.706577e-03)
550.55        	5.900055e-05	(0.000000e+00 0.000000e+00 -5.706577e-03)
550.65        	5.900115e-05	(0.000000e+00 0.000000e+00 -5.706577e-03)
550.75        	5.900197e-05	(0.000000e+00 0.000000e+00 -5.706577e-03)
550.85        	5.900220e-05	(0.000000e+00 0.000000e+00 -5.706577e-03)
550.95        	5.900366e-05	(0.000000e+00 0.000000e+00 -5.706577e-03)
551.05        	5.900541e-05	(0.000000e+00 0.000000e+00 -5.706577e-03)
551.15        	5.900767e-05	(0.000000e+00 0.000000e+00 -5.706577e-03)
551.25        	5.901045e-05	(0.000000e+00 0.000000e+00 -5.706577e-03)
551.35        	5.901162e-05	(0.000000e+00 0.000000e+00 -5.706577e-03)
551.45        	5.901199e-05	(0.000000e+00 0.000000e+00 -5.706577e-03)
551.55        	5.901263e-05	(0.000000e+00 0.000000e+00 -5.706577e-03)
551.65        	5.901413e-05	(0.000000e+00 0.000000e+00 -5.706577e-03)
551.75        	5.901722e-05	(0.000000e+00 0.000000e+00 -5.706577e-03)
551.85        	5.901958e-05	(0.000000e+00 0.000000e+00 -5.706577e-03)
551.95        	5.902217e-05	(0.000000e+00 0.000000e+00 -5.706577e-03)
552.05        	5.902443e-05	(0.000000e+00 0.000000e+00 -5.706577e-03)
552.15        	5.902641e-05	(0.000000e+00 0.000000e+00 -5.706577e-03)
552.25        	5.902872e-05	(0.000000e+00 0.000000e+00 -5.706577e-03)
552.35        	5.902972e-05	(0.000000e+00 0.000000e+00 -5.706577e-03)
552.45        	5.903122e-05	(0.000000e+00 0.000000e+00 -5.706577e-03)
552.55        	5.903298e-05	(0.000000e+00 0.000000e+00 -5.706577e-03)
552.65        	5.903461e-05	(0.000000e+00 0.000000e+00 -5.706577e-03)
552.75        	5.903585e-05	(0.000000e+00 0.000000e+00 -5.706577e-03)
552.85        	5.903680e-05	(0.000000e+00 0.000000e+00 -5.706577e-03)
552.95        	5.903783e-05	(0.000000e+00 0.000000e+00 -5.706577e-03)
553.05        	5.904002e-05	(0.000000e+00 0.000000e+00 -5.706577e-03)
553.15        	5.904151e-05	(0.000000e+00 0.000000e+00 -5.706577e-03)
553.25        	5.904376e-05	(0.000000e+00 0.000000e+00 -5.706577e-03)
553.35        	5.904541e-05	(0.000000e+00 0.000000e+00 -5.706577e-03)
553.45        	5.904622e-05	(0.000000e+00 0.000000e+00 -5.706577e-03)
553.55        	5.904764e-05	(0.000000e+00 0.000000e+00 -5.706577e-03)
553.65        	5.904925e-05	(0.000000e+00 0.000000e+00 -5.706577e-03)
553.75        	5.905060e-05	(0.000000e+00 0.000000e+00 -5.706577e-03)
553.85        	5.905150e-05	(0.000000e+00 0.000000e+00 -5.706577e-03)
553.95        	5.905320e-05	(0.000000e+00 0.000000e+00 -5.706577e-03)
554.05        	5.905493e-05	(0.000000e+00 0.000000e+00 -5.706577e-03)
554.15        	5.905660e-05	(0.000000e+00 0.000000e+00 -5.706577e-03)
554.25        	5.905798e-05	(0.000000e+00 0.000000e+00 -5.706577e-03)
554.35        	5.905988e-05	(0.000000e+00 0.000000e+00 -5.706577e-03)
554.45        	5.906166e-05	(0.000000e+00 0.000000e+00 -5.706577e-03)
554.55        	5.906369e-05	(0.000000e+00 0.000000e+00 -5.706577e-03)
554.65        	5.906607e-05	(0.000000e+00 0.000000e+00 -5.706577e-03)
554.75        	5.906886e-05	(0.000000e+00 0.000000e+00 -5.706577e-03)
554.85        	5.907174e-05	(0.000000e+00 0.000000e+00 -5.706577e-03)
554.95        	5.907327e-05	(0.000000e+00 0.000000e+00 -5.706577e-03)
555.05        	5.907421e-05	(0.000000e+00 0.000000e+00 -5.706577e-03)
555.15        	5.907548e-05	(0.000000e+00 0.000000e+00 -5.706577e-03)
555.25        	5.907693e-05	(0.000000e+00 0.000000e+00 -5.706577e-03)
555.35        	5.907804e-05	(0.000000e+00 0.000000e+00 -5.706577e-03)
555.45        	5.907938e-05	(0.000000e+00 0.000000e+00 -5.706577e-03)
555.55        	5.908091e-05	(0.000000e+00 0.000000e+00 -5.706577e-03)
555.65        	5.908236e-05	(0.000000e+00 0.000000e+00 -5.706577e-03)
555.75        	5.908362e-05	(0.000000e+00 0.000000e+00 -5.706577e-03)
555.85        	5.908484e-05	(0.000000e+00 0.000000e+00 -5.706577e-03)
555.95        	5.908631e-05	(0.000000e+00 0.000000e+00 -5.706577e-03)
556.05        	5.908749e-05	(0.000000e+00 0.000000e+00 -5.706577e-03)
556.15        	5.908925e-05	(0.000000e+00 0.000000e+00 -5.706577e-03)
556.25        	5.909081e-05	(0.000000e+00 0.000000e+00 -5.706577e-03)
556.35        	5.909293e-05	(0.000000e+00 0.000000e+00 -5.706577e-03)
556.45        	5.909390e-05	(0.000000e+00 0.000000e+00 -5.706577e-03)
556.55        	5.909464e-05	(0.000000e+00 0.000000e+00 -5.706577e-03)
556.65        	5.909619e-05	(0.000000e+00 0.000000e+00 -5.706577e-03)
556.75        	5.909842e-05	(0.000000e+00 0.000000e+00 -5.706577e-03)
556.85        	5.910094e-05	(0.000000e+00 0.000000e+00 -5.706577e-03)
556.95        	5.910246e-05	(0.000000e+00 0.000000e+00 -5.706577e-03)
557.05        	5.910319e-05	(0.000000e+00 0.000000e+00 -5.706577e-03)
557.15        	5.910440e-05	(0.000000e+00 0.000000e+00 -5.706577e-03)
557.25        	5.910634e-05	(0.000000e+00 0.000000e+00 -5.706577e-03)
557.35        	5.910771e-05	(0.000000e+00 0.000000e+00 -5.706577e-03)
557.45        	5.910885e-05	(0.000000e+00 0.000000e+00 -5.706577e-03)
557.55        	5.911067e-05	(0.000000e+00 0.000000e+00 -5.706577e-03)
557.65        	5.911269e-05	(0.000000e+00 0.000000e+00 -5.706577e-03)
557.75        	5.911430e-05	(0.000000e+00 0.000000e+00 -5.706577e-03)
557.85        	5.911617e-05	(0.000000e+00 0.000000e+00 -5.706577e-03)
557.95        	5.911761e-05	(0.000000e+00 0.000000e+00 -5.706577e-03)
558.05        	5.911895e-05	(0.000000e+00 0.000000e+00 -5.706577e-03)
558.15        	5.912041e-05	(0.000000e+00 0.000000e+00 -5.706577e-03)
558.25        	5.912218e-05	(0.000000e+00 0.000000e+00 -5.706577e-03)
558.35        	5.912388e-05	(0.000000e+00 0.000000e+00 -5.706577e-03)
558.45        	5.912515e-05	(0.000000e+00 0.000000e+00 -5.706577e-03)
558.55        	5.912696e-05	(0.000000e+00 0.000000e+00 -5.706577e-03)
558.65        	5.912869e-05	(0.000000e+00 0.000000e+00 -5.706577e-03)
558.75        	5.912988e-05	(0.000000e+00 0.000000e+00 -5.706577e-03)
558.85        	5.913164e-05	(0.000000e+00 0.000000e+00 -5.706577e-03)
558.95        	5.913402e-05	(0.000000e+00 0.000000e+00 -5.706577e-03)
559.05        	5.913572e-05	(0.000000e+00 0.000000e+00 -5.706577e-03)
559.15        	5.913799e-05	(0.000000e+00 0.000000e+00 -5.706577e-03)
559.25        	5.914031e-05	(0.000000e+00 0.000000e+00 -5.706577e-03)
559.35        	5.914206e-05	(0.000000e+00 0.000000e+00 -5.706577e-03)
559.45        	5.914375e-05	(0.000000e+00 0.000000e+00 -5.706577e-03)
559.55        	5.914538e-05	(0.000000e+00 0.000000e+00 -5.706577e-03)
559.65        	5.914832e-05	(0.000000e+00 0.000000e+00 -5.706577e-03)
559.75        	5.915067e-05	(0.000000e+00 0.000000e+00 -5.706577e-03)
559.85        	5.915260e-05	(0.000000e+00 0.000000e+00 -5.706577e-03)
559.95        	5.915459e-05	(0.000000e+00 0.000000e+00 -5.706577e-03)
560.05        	5.915688e-05	(0.000000e+00 0.000000e+00 -5.706577e-03)
560.15        	5.915940e-05	(0.000000e+00 0.000000e+00 -5.706577e-03)
560.25        	5.916077e-05	(0.000000e+00 0.000000e+00 -5.706577e-03)
560.35        	5.916312e-05	(0.000000e+00 0.000000e+00 -5.706577e-03)
560.45        	5.916511e-05	(0.000000e+00 0.000000e+00 -5.706577e-03)
560.55        	5.916607e-05	(0.000000e+00 0.000000e+00 -5.706577e-03)
560.65        	5.916765e-05	(0.000000e+00 0.000000e+00 -5.706577e-03)
560.75        	5.917007e-05	(0.000000e+00 0.000000e+00 -5.706577e-03)
560.85        	5.917212e-05	(0.000000e+00 0.000000e+00 -5.706577e-03)
560.95        	5.917377e-05	(0.000000e+00 0.000000e+00 -5.706577e-03)
561.05        	5.917574e-05	(0.000000e+00 0.000000e+00 -5.706577e-03)
561.15        	5.917854e-05	(0.000000e+00 0.000000e+00 -5.706577e-03)
561.25        	5.918104e-05	(0.000000e+00 0.000000e+00 -5.706577e-03)
561.35        	5.918136e-05	(0.000000e+00 0.000000e+00 -5.706577e-03)
561.45        	5.918195e-05	(0.000000e+00 0.000000e+00 -5.706577e-03)
561.55        	5.918295e-05	(0.000000e+00 0.000000e+00 -5.706577e-03)
561.65        	5.918569e-05	(0.000000e+00 0.000000e+00 -5.706577e-03)
561.75        	5.918840e-05	(0.000000e+00 0.000000e+00 -5.706577e-03)
561.85        	5.919054e-05	(0.000000e+00 0.000000e+00 -5.706577e-03)
561.95        	5.919102e-05	(0.000000e+00 0.000000e+00 -5.706577e-03)
562.05        	5.919251e-05	(0.000000e+00 0.000000e+00 -5.706577e-03)
562.15        	5.919460e-05	(0.000000e+00 0.000000e+00 -5.706577e-03)
562.25        	5.919729e-05	(0.000000e+00 0.000000e+00 -5.706577e-03)
562.35        	5.920029e-05	(0.000000e+00 0.000000e+00 -5.706577e-03)
562.45        	5.920227e-05	(0.000000e+00 0.000000e+00 -5.706577e-03)
562.55        	5.920429e-05	(0.000000e+00 0.000000e+00 -5.706577e-03)
562.65        	5.920689e-05	(0.000000e+00 0.000000e+00 -5.706577e-03)
562.75        	5.921004e-05	(0.000000e+00 0.000000e+00 -5.706577e-03)
562.85        	5.921152e-05	(0.000000e+00 0.000000e+00 -5.706577e-03)
562.95        	5.921348e-05	(0.000000e+00 0.000000e+00 -5.706577e-03)
563.05        	5.921539e-05	(0.000000e+00 0.000000e+00 -5.706577e-03)
563.15        	5.921747e-05	(0.000000e+00 0.000000e+00 -5.706577e-03)
563.25        	5.921926e-05	(0.000000e+00 0.000000e+00 -5.706577e-03)
563.35        	5.922075e-05	(0.000000e+00 0.000000e+00 -5.706577e-03)
563.45        	5.922213e-05	(0.000000e+00 0.000000e+00 -5.706577e-03)
563.55        	5.922346e-05	(0.000000e+00 0.000000e+00 -5.706577e-03)
563.65        	5.922439e-05	(0.000000e+00 0.000000e+00 -5.706577e-03)
563.75        	5.922663e-05	(0.000000e+00 0.000000e+00 -5.706577e-03)
563.85        	5.922755e-05	(0.000000e+00 0.000000e+00 -5.706577e-03)
563.95        	5.922836e-05	(0.000000e+00 0.000000e+00 -5.706577e-03)
564.05        	5.922926e-05	(0.000000e+00 0.000000e+00 -5.706577e-03)
564.15        	5.923074e-05	(0.000000e+00 0.000000e+00 -5.706577e-03)
564.25        	5.923309e-05	(0.000000e+00 0.000000e+00 -5.706577e-03)
564.35        	5.923531e-05	(0.000000e+00 0.000000e+00 -5.706577e-03)
564.45        	5.923638e-05	(0.000000e+00 0.000000e+00 -5.706577e-03)
564.55        	5.923768e-05	(0.000000e+00 0.000000e+00 -5.706577e-03)
564.65        	5.923993e-05	(0.000000e+00 0.000000e+00 -5.706577e-03)
564.75        	5.924131e-05	(0.000000e+00 0.000000e+00 -5.706577e-03)
564.85        	5.924303e-05	(0.000000e+00 0.000000e+00 -5.706577e-03)
564.95        	5.924629e-05	(0.000000e+00 0.000000e+00 -5.706577e-03)
565.05        	5.924868e-05	(0.000000e+00 0.000000e+00 -5.706577e-03)
565.15        	5.925112e-05	(0.000000e+00 0.000000e+00 -5.706577e-03)
565.25        	5.925552e-05	(0.000000e+00 0.000000e+00 -5.706577e-03)
565.35        	5.925782e-05	(0.000000e+00 0.000000e+00 -5.706577e-03)
565.45        	5.926010e-05	(0.000000e+00 0.000000e+00 -5.706577e-03)
565.55        	5.926287e-05	(0.000000e+00 0.000000e+00 -5.706577e-03)
565.65        	5.926428e-05	(0.000000e+00 0.000000e+00 -5.706577e-03)
565.75        	5.926612e-05	(0.000000e+00 0.000000e+00 -5.706577e-03)
565.85        	5.926837e-05	(0.000000e+00 0.000000e+00 -5.706577e-03)
565.95        	5.927180e-05	(0.000000e+00 0.000000e+00 -5.706577e-03)
566.05        	5.927294e-05	(0.000000e+00 0.000000e+00 -5.706577e-03)
566.15        	5.927434e-05	(0.000000e+00 0.000000e+00 -5.706577e-03)
566.25        	5.927553e-05	(0.000000e+00 0.000000e+00 -5.706577e-03)
566.35        	5.927690e-05	(0.000000e+00 0.000000e+00 -5.706577e-03)
566.45        	5.927828e-05	(0.000000e+00 0.000000e+00 -5.706577e-03)
566.55        	5.927978e-05	(0.000000e+00 0.000000e+00 -5.706577e-03)
566.65        	5.928112e-05	(0.000000e+00 0.000000e+00 -5.706577e-03)
566.75        	5.928195e-05	(0.000000e+00 0.000000e+00 -5.706577e-03)
566.85        	5.928325e-05	(0.000000e+00 0.000000e+00 -5.706577e-03)
566.95        	5.928529e-05	(0.000000e+00 0.000000e+00 -5.706577e-03)
567.05        	5.928780e-05	(0.000000e+00 0.000000e+00 -5.706577e-03)
567.15        	5.929109e-05	(0.000000e+00 0.000000e+00 -5.706577e-03)
567.25        	5.929434e-05	(0.000000e+00 0.000000e+00 -5.706577e-03)
567.35        	5.929632e-05	(0.000000e+00 0.000000e+00 -5.706577e-03)
567.45        	5.930042e-05	(0.000000e+00 0.000000e+00 -5.706577e-03)
567.55        	5.930282e-05	(0.000000e+00 0.000000e+00 -5.706577e-03)
567.65        	5.930515e-05	(0.000000e+00 0.000000e+00 -5.706577e-03)
567.75        	5.930763e-05	(0.000000e+00 0.000000e+00 -5.706577e-03)
567.85        	5.930982e-05	(0.000000e+00 0.000000e+00 -5.706577e-03)
567.95        	5.931200e-05	(0.000000e+00 0.000000e+00 -5.706577e-03)
568.05        	5.931396e-05	(0.000000e+00 0.000000e+00 -5.706577e-03)
568.15        	5.931580e-05	(0.000000e+00 0.000000e+00 -5.706577e-03)
568.25        	5.931802e-05	(0.000000e+00 0.000000e+00 -5.706577e-03)
568.35        	5.932129e-05	(0.000000e+00 0.000000e+00 -5.706577e-03)
568.45        	5.932294e-05	(0.000000e+00 0.000000e+00 -5.706577e-03)
568.55        	5.932421e-05	(0.000000e+00 0.000000e+00 -5.706577e-03)
568.65        	5.932694e-05	(0.000000e+00 0.000000e+00 -5.706577e-03)
568.75        	5.933010e-05	(0.000000e+00 0.000000e+00 -5.706577e-03)
568.85        	5.933251e-05	(0.000000e+00 0.000000e+00 -5.706577e-03)
568.95        	5.933458e-05	(0.000000e+00 0.000000e+00 -5.706577e-03)
569.05        	5.933661e-05	(0.000000e+00 0.000000e+00 -5.706577e-03)
569.15        	5.933998e-05	(0.000000e+00 0.000000e+00 -5.706577e-03)
569.25        	5.934077e-05	(0.000000e+00 0.000000e+00 -5.706577e-03)
569.35        	5.934292e-05	(0.000000e+00 0.000000e+00 -5.706577e-03)
569.45        	5.934508e-05	(0.000000e+00 0.000000e+00 -5.706577e-03)
569.55        	5.934684e-05	(0.000000e+00 0.000000e+00 -5.706577e-03)
569.65        	5.934855e-05	(0.000000e+00 0.000000e+00 -5.706577e-03)
569.75        	5.935032e-05	(0.000000e+00 0.000000e+00 -5.706577e-03)
569.85        	5.935224e-05	(0.000000e+00 0.000000e+00 -5.706577e-03)
569.95        	5.935390e-05	(0.000000e+00 0.000000e+00 -5.706577e-03)
570.05        	5.935409e-05	(0.000000e+00 0.000000e+00 -5.706577e-03)
570.15        	5.935473e-05	(0.000000e+00 0.000000e+00 -5.706577e-03)
570.25        	5.935610e-05	(0.000000e+00 0.000000e+00 -5.706577e-03)
570.35        	5.935800e-05	(0.000000e+00 0.000000e+00 -5.706577e-03)
570.45        	5.935873e-05	(0.000000e+00 0.000000e+00 -5.706577e-03)
570.55        	5.936032e-05	(0.000000e+00 0.000000e+00 -5.706577e-03)
570.65        	5.936254e-05	(0.000000e+00 0.000000e+00 -5.706577e-03)
570.75        	5.936489e-05	(0.000000e+00 0.000000e+00 -5.706577e-03)
570.85        	5.936715e-05	(0.000000e+00 0.000000e+00 -5.706577e-03)
570.95        	5.936987e-05	(0.000000e+00 0.000000e+00 -5.706577e-03)
571.05        	5.937183e-05	(0.000000e+00 0.000000e+00 -5.706577e-03)
571.15        	5.937480e-05	(0.000000e+00 0.000000e+00 -5.706577e-03)
571.25        	5.937798e-05	(0.000000e+00 0.000000e+00 -5.706577e-03)
571.35        	5.938055e-05	(0.000000e+00 0.000000e+00 -5.706577e-03)
571.45        	5.938302e-05	(0.000000e+00 0.000000e+00 -5.706577e-03)
571.55        	5.938549e-05	(0.000000e+00 0.000000e+00 -5.706577e-03)
571.65        	5.938968e-05	(0.000000e+00 0.000000e+00 -5.706577e-03)
571.75        	5.939191e-05	(0.000000e+00 0.000000e+00 -5.706577e-03)
571.85        	5.939570e-05	(0.000000e+00 0.000000e+00 -5.706577e-03)
571.95        	5.939575e-05	(0.000000e+00 0.000000e+00 -5.706577e-03)
572.05        	5.939658e-05	(0.000000e+00 0.000000e+00 -5.706577e-03)
572.15        	5.939798e-05	(0.000000e+00 0.000000e+00 -5.706577e-03)
572.25        	5.940099e-05	(0.000000e+00 0.000000e+00 -5.706577e-03)
572.35        	5.940412e-05	(0.000000e+00 0.000000e+00 -5.706577e-03)
572.45        	5.940648e-05	(0.000000e+00 0.000000e+00 -5.706577e-03)
572.55        	5.940864e-05	(0.000000e+00 0.000000e+00 -5.706577e-03)
572.65        	5.941103e-05	(0.000000e+00 0.000000e+00 -5.706577e-03)
572.75        	5.941428e-05	(0.000000e+00 0.000000e+00 -5.706577e-03)
572.85        	5.941712e-05	(0.000000e+00 0.000000e+00 -5.706577e-03)
572.95        	5.941945e-05	(0.000000e+00 0.000000e+00 -5.706577e-03)
573.05        	5.942228e-05	(0.000000e+00 0.000000e+00 -5.706577e-03)
573.15        	5.942616e-05	(0.000000e+00 0.000000e+00 -5.706577e-03)
573.25        	5.942954e-05	(0.000000e+00 0.000000e+00 -5.706577e-03)
573.35        	5.943266e-05	(0.000000e+00 0.000000e+00 -5.706577e-03)
573.45        	5.943740e-05	(0.000000e+00 0.000000e+00 -5.706577e-03)
573.55        	5.944054e-05	(0.000000e+00 0.000000e+00 -5.706577e-03)
573.65        	5.944370e-05	(0.000000e+00 0.000000e+00 -5.706577e-03)
573.75        	5.944545e-05	(0.000000e+00 0.000000e+00 -5.706577e-03)
573.85        	5.944733e-05	(0.000000e+00 0.000000e+00 -5.706577e-03)
573.95        	5.944954e-05	(0.000000e+00 0.000000e+00 -5.706577e-03)
574.05        	5.945183e-05	(0.000000e+00 0.000000e+00 -5.706577e-03)
574.15        	5.945403e-05	(0.000000e+00 0.000000e+00 -5.706577e-03)
574.25        	5.945589e-05	(0.000000e+00 0.000000e+00 -5.706577e-03)
574.35        	5.945763e-05	(0.000000e+00 0.000000e+00 -5.706577e-03)
574.45        	5.945972e-05	(0.000000e+00 0.000000e+00 -5.706577e-03)
574.55        	5.946206e-05	(0.000000e+00 0.000000e+00 -5.706577e-03)
574.65        	5.946451e-05	(0.000000e+00 0.000000e+00 -5.706577e-03)
574.75        	5.946625e-05	(0.000000e+00 0.000000e+00 -5.706577e-03)
574.85        	5.946884e-05	(0.000000e+00 0.000000e+00 -5.706577e-03)
574.95        	5.947225e-05	(0.000000e+00 0.000000e+00 -5.706577e-03)
575.05        	5.947565e-05	(0.000000e+00 0.000000e+00 -5.706577e-03)
575.15        	5.947828e-05	(0.000000e+00 0.000000e+00 -5.706577e-03)
575.25        	5.948097e-05	(0.000000e+00 0.000000e+00 -5.706577e-03)
575.35        	5.948401e-05	(0.000000e+00 0.000000e+00 -5.706577e-03)
575.45        	5.948745e-05	(0.000000e+00 0.000000e+00 -5.706577e-03)
575.55        	5.949179e-05	(0.000000e+00 0.000000e+00 -5.706577e-03)
575.65        	5.949452e-05	(0.000000e+00 0.000000e+00 -5.706577e-03)
575.75        	5.949581e-05	(0.000000e+00 0.000000e+00 -5.706577e-03)
575.85        	5.949660e-05	(0.000000e+00 0.000000e+00 -5.706577e-03)
575.95        	5.949845e-05	(0.000000e+00 0.000000e+00 -5.706577e-03)
576.05        	5.950011e-05	(0.000000e+00 0.000000e+00 -5.706577e-03)
576.15        	5.950252e-05	(0.000000e+00 0.000000e+00 -5.706577e-03)
576.25        	5.950506e-05	(0.000000e+00 0.000000e+00 -5.706577e-03)
576.35        	5.950773e-05	(0.000000e+00 0.000000e+00 -5.706577e-03)
576.45        	5.951001e-05	(0.000000e+00 0.000000e+00 -5.706577e-03)
576.55        	5.951120e-05	(0.000000e+00 0.000000e+00 -5.706577e-03)
576.65        	5.951299e-05	(0.000000e+00 0.000000e+00 -5.706577e-03)
576.75        	5.951492e-05	(0.000000e+00 0.000000e+00 -5.706577e-03)
576.85        	5.951734e-05	(0.000000e+00 0.000000e+00 -5.706577e-03)
576.95        	5.951982e-05	(0.000000e+00 0.000000e+00 -5.706577e-03)
577.05        	5.952244e-05	(0.000000e+00 0.000000e+00 -5.706577e-03)
577.15        	5.952422e-05	(0.000000e+00 0.000000e+00 -5.706577e-03)
577.25        	5.952669e-05	(0.000000e+00 0.000000e+00 -5.706577e-03)
577.35        	5.953021e-05	(0.000000e+00 0.000000e+00 -5.706577e-03)
577.45        	5.953200e-05	(0.000000e+00 0.000000e+00 -5.706577e-03)
577.55        	5.953378e-05	(0.000000e+00 0.000000e+00 -5.706577e-03)
577.65        	5.953618e-05	(0.000000e+00 0.000000e+00 -5.706577e-03)
577.75        	5.953865e-05	(0.000000e+00 0.000000e+00 -5.706577e-03)
577.85        	5.954215e-05	(0.000000e+00 0.000000e+00 -5.706577e-03)
577.95        	5.954524e-05	(0.000000e+00 0.000000e+00 -5.706577e-03)
578.05        	5.954784e-05	(0.000000e+00 0.000000e+00 -5.706577e-03)
578.15        	5.954990e-05	(0.000000e+00 0.000000e+00 -5.706577e-03)
578.25        	5.955229e-05	(0.000000e+00 0.000000e+00 -5.706577e-03)
578.35        	5.955472e-05	(0.000000e+00 0.000000e+00 -5.706577e-03)
578.45        	5.955730e-05	(0.000000e+00 0.000000e+00 -5.706577e-03)
578.55        	5.956088e-05	(0.000000e+00 0.000000e+00 -5.706577e-03)
578.65        	5.956413e-05	(0.000000e+00 0.000000e+00 -5.706577e-03)
578.75        	5.956611e-05	(0.000000e+00 0.000000e+00 -5.706577e-03)
578.85        	5.956852e-05	(0.000000e+00 0.000000e+00 -5.706577e-03)
578.95        	5.957114e-05	(0.000000e+00 0.000000e+00 -5.706577e-03)
579.05        	5.957334e-05	(0.000000e+00 0.000000e+00 -5.706577e-03)
579.15        	5.957470e-05	(0.000000e+00 0.000000e+00 -5.706577e-03)
579.25        	5.957731e-05	(0.000000e+00 0.000000e+00 -5.706577e-03)
579.35        	5.958012e-05	(0.000000e+00 0.000000e+00 -5.706577e-03)
579.45        	5.958372e-05	(0.000000e+00 0.000000e+00 -5.706577e-03)
579.55        	5.958706e-05	(0.000000e+00 0.000000e+00 -5.706577e-03)
579.65        	5.958951e-05	(0.000000e+00 0.000000e+00 -5.706577e-03)
579.75        	5.959164e-05	(0.000000e+00 0.000000e+00 -5.706577e-03)
579.85        	5.959555e-05	(0.000000e+00 0.000000e+00 -5.706577e-03)
579.95        	5.960021e-05	(0.000000e+00 0.000000e+00 -5.706577e-03)
580.05        	5.960578e-05	(0.000000e+00 0.000000e+00 -5.706577e-03)
580.15        	5.960775e-05	(0.000000e+00 0.000000e+00 -5.706577e-03)
580.25        	5.960905e-05	(0.000000e+00 0.000000e+00 -5.706577e-03)
580.35        	5.961070e-05	(0.000000e+00 0.000000e+00 -5.706577e-03)
580.45        	5.961225e-05	(0.000000e+00 0.000000e+00 -5.706577e-03)
580.55        	5.961517e-05	(0.000000e+00 0.000000e+00 -5.706577e-03)
580.65        	5.961816e-05	(0.000000e+00 0.000000e+00 -5.706577e-03)
580.75        	5.962140e-05	(0.000000e+00 0.000000e+00 -5.706577e-03)
580.85        	5.962414e-05	(0.000000e+00 0.000000e+00 -5.706577e-03)
580.95        	5.962647e-05	(0.000000e+00 0.000000e+00 -5.706577e-03)
581.05        	5.962852e-05	(0.000000e+00 0.000000e+00 -5.706577e-03)
581.15        	5.962959e-05	(0.000000e+00 0.000000e+00 -5.706577e-03)
581.25        	5.963119e-05	(0.000000e+00 0.000000e+00 -5.706577e-03)
581.35        	5.963301e-05	(0.000000e+00 0.000000e+00 -5.706577e-03)
581.45        	5.963522e-05	(0.000000e+00 0.000000e+00 -5.706577e-03)
581.55        	5.963744e-05	(0.000000e+00 0.000000e+00 -5.706577e-03)
581.65        	5.964033e-05	(0.000000e+00 0.000000e+00 -5.706577e-03)
581.75        	5.964289e-05	(0.000000e+00 0.000000e+00 -5.706577e-03)
581.85        	5.964498e-05	(0.000000e+00 0.000000e+00 -5.706577e-03)
581.95        	5.964743e-05	(0.000000e+00 0.000000e+00 -5.706577e-03)
582.05        	5.964975e-05	(0.000000e+00 0.000000e+00 -5.706577e-03)
582.15        	5.965193e-05	(0.000000e+00 0.000000e+00 -5.706577e-03)
582.25        	5.965354e-05	(0.000000e+00 0.000000e+00 -5.706577e-03)
582.35        	5.965648e-05	(0.000000e+00 0.000000e+00 -5.706577e-03)
582.45        	5.966014e-05	(0.000000e+00 0.000000e+00 -5.706577e-03)
582.55        	5.966270e-05	(0.000000e+00 0.000000e+00 -5.706577e-03)
582.65        	5.966602e-05	(0.000000e+00 0.000000e+00 -5.706577e-03)
582.75        	5.966923e-05	(0.000000e+00 0.000000e+00 -5.706577e-03)
582.85        	5.967188e-05	(0.000000e+00 0.000000e+00 -5.706577e-03)
582.95        	5.967473e-05	(0.000000e+00 0.000000e+00 -5.706577e-03)
583.05        	5.967806e-05	(0.000000e+00 0.000000e+00 -5.706577e-03)
583.15        	5.968145e-05	(0.000000e+00 0.000000e+00 -5.706577e-03)
583.25        	5.968345e-05	(0.000000e+00 0.000000e+00 -5.706577e-03)
583.35        	5.968588e-05	(0.000000e+00 0.000000e+00 -5.706577e-03)
583.45        	5.968874e-05	(0.000000e+00 0.000000e+00 -5.706577e-03)
583.55        	5.969115e-05	(0.000000e+00 0.000000e+00 -5.706577e-03)
583.65        	5.969325e-05	(0.000000e+00 0.000000e+00 -5.706577e-03)
583.75        	5.969592e-05	(0.000000e+00 0.000000e+00 -5.706577e-03)
583.85        	5.969816e-05	(0.000000e+00 0.000000e+00 -5.706577e-03)
583.95        	5.970090e-05	(0.000000e+00 0.000000e+00 -5.706577e-03)
584.05        	5.970257e-05	(0.000000e+00 0.000000e+00 -5.706577e-03)
584.15        	5.970443e-05	(0.000000e+00 0.000000e+00 -5.706577e-03)
584.25        	5.970555e-05	(0.000000e+00 0.000000e+00 -5.706577e-03)
584.35        	5.970833e-05	(0.000000e+00 0.000000e+00 -5.706577e-03)
584.45        	5.971085e-05	(0.000000e+00 0.000000e+00 -5.706577e-03)
584.55        	5.971278e-05	(0.000000e+00 0.000000e+00 -5.706577e-03)
584.65        	5.971392e-05	(0.000000e+00 0.000000e+00 -5.706577e-03)
584.75        	5.971557e-05	(0.000000e+00 0.000000e+00 -5.706577e-03)
584.85        	5.971810e-05	(0.000000e+00 0.000000e+00 -5.706577e-03)
584.95        	5.972101e-05	(0.000000e+00 0.000000e+00 -5.706577e-03)
585.05        	5.972385e-05	(0.000000e+00 0.000000e+00 -5.706577e-03)
585.15        	5.972807e-05	(0.000000e+00 0.000000e+00 -5.706577e-03)
585.25        	5.973162e-05	(0.000000e+00 0.000000e+00 -5.706577e-03)
585.35        	5.973629e-05	(0.000000e+00 0.000000e+00 -5.706577e-03)
585.45        	5.974067e-05	(0.000000e+00 0.000000e+00 -5.706577e-03)
585.55        	5.974593e-05	(0.000000e+00 0.000000e+00 -5.706577e-03)
585.65        	5.974981e-05	(0.000000e+00 0.000000e+00 -5.706577e-03)
585.75        	5.975275e-05	(0.000000e+00 0.000000e+00 -5.706577e-03)
585.85        	5.975638e-05	(0.000000e+00 0.000000e+00 -5.706577e-03)
585.95        	5.976018e-05	(0.000000e+00 0.000000e+00 -5.706577e-03)
586.05        	5.976250e-05	(0.000000e+00 0.000000e+00 -5.706577e-03)
586.15        	5.976425e-05	(0.000000e+00 0.000000e+00 -5.706577e-03)
586.25        	5.976700e-05	(0.000000e+00 0.000000e+00 -5.706577e-03)
586.35        	5.976973e-05	(0.000000e+00 0.000000e+00 -5.706577e-03)
586.45        	5.977171e-05	(0.000000e+00 0.000000e+00 -5.706577e-03)
586.55        	5.977414e-05	(0.000000e+00 0.000000e+00 -5.706577e-03)
586.65        	5.977493e-05	(0.000000e+00 0.000000e+00 -5.706577e-03)
586.75        	5.977701e-05	(0.000000e+00 0.000000e+00 -5.706577e-03)
586.85        	5.978017e-05	(0.000000e+00 0.000000e+00 -5.706577e-03)
586.95        	5.978151e-05	(0.000000e+00 0.000000e+00 -5.706577e-03)
587.05        	5.978389e-05	(0.000000e+00 0.000000e+00 -5.706577e-03)
587.15        	5.978625e-05	(0.000000e+00 0.000000e+00 -5.706577e-03)
587.25        	5.978861e-05	(0.000000e+00 0.000000e+00 -5.706577e-03)
587.35        	5.979177e-05	(0.000000e+00 0.000000e+00 -5.706577e-03)
587.45        	5.979435e-05	(0.000000e+00 0.000000e+00 -5.706577e-03)
587.55        	5.979777e-05	(0.000000e+00 0.000000e+00 -5.706577e-03)
587.65        	5.980033e-05	(0.000000e+00 0.000000e+00 -5.706577e-03)
587.75        	5.980410e-05	(0.000000e+00 0.000000e+00 -5.706577e-03)
587.85        	5.980792e-05	(0.000000e+00 0.000000e+00 -5.706577e-03)
587.95        	5.981079e-05	(0.000000e+00 0.000000e+00 -5.706577e-03)
588.05        	5.981405e-05	(0.000000e+00 0.000000e+00 -5.706577e-03)
588.15        	5.981698e-05	(0.000000e+00 0.000000e+00 -5.706577e-03)
588.25        	5.981960e-05	(0.000000e+00 0.000000e+00 -5.706577e-03)
588.35        	5.982376e-05	(0.000000e+00 0.000000e+00 -5.706577e-03)
588.45        	5.982836e-05	(0.000000e+00 0.000000e+00 -5.706577e-03)
588.55        	5.983163e-05	(0.000000e+00 0.000000e+00 -5.706577e-03)
588.65        	5.983241e-05	(0.000000e+00 0.000000e+00 -5.706577e-03)
588.75        	5.983395e-05	(0.000000e+00 0.000000e+00 -5.706577e-03)
588.85        	5.983525e-05	(0.000000e+00 0.000000e+00 -5.706577e-03)
588.95        	5.983781e-05	(0.000000e+00 0.000000e+00 -5.706577e-03)
589.05        	5.984094e-05	(0.000000e+00 0.000000e+00 -5.706577e-03)
589.15        	5.984333e-05	(0.000000e+00 0.000000e+00 -5.706577e-03)
589.25        	5.984424e-05	(0.000000e+00 0.000000e+00 -5.706577e-03)
589.35        	5.984614e-05	(0.000000e+00 0.000000e+00 -5.706577e-03)
589.45        	5.984895e-05	(0.000000e+00 0.000000e+00 -5.706577e-03)
589.55        	5.985165e-05	(0.000000e+00 0.000000e+00 -5.706577e-03)
589.65        	5.985353e-05	(0.000000e+00 0.000000e+00 -5.706577e-03)
589.75        	5.985519e-05	(0.000000e+00 0.000000e+00 -5.706577e-03)
589.85        	5.985808e-05	(0.000000e+00 0.000000e+00 -5.706577e-03)
589.95        	5.986204e-05	(0.000000e+00 0.000000e+00 -5.706577e-03)
590.05        	5.986621e-05	(0.000000e+00 0.000000e+00 -5.706577e-03)
590.15        	5.987048e-05	(0.000000e+00 0.000000e+00 -5.706577e-03)
590.25        	5.987385e-05	(0.000000e+00 0.000000e+00 -5.706577e-03)
590.35        	5.987836e-05	(0.000000e+00 0.000000e+00 -5.706577e-03)
590.45        	5.988249e-05	(0.000000e+00 0.000000e+00 -5.706577e-03)
590.55        	5.988608e-05	(0.000000e+00 0.000000e+00 -5.706577e-03)
590.65        	5.989074e-05	(0.000000e+00 0.000000e+00 -5.706577e-03)
590.75        	5.989462e-05	(0.000000e+00 0.000000e+00 -5.706577e-03)
590.85        	5.989770e-05	(0.000000e+00 0.000000e+00 -5.706577e-03)
590.95        	5.989946e-05	(0.000000e+00 0.000000e+00 -5.706577e-03)
591.05        	5.990148e-05	(0.000000e+00 0.000000e+00 -5.706577e-03)
591.15        	5.990379e-05	(0.000000e+00 0.000000e+00 -5.706577e-03)
591.25        	5.990728e-05	(0.000000e+00 0.000000e+00 -5.706577e-03)
591.35        	5.991016e-05	(0.000000e+00 0.000000e+00 -5.706577e-03)
591.45        	5.991202e-05	(0.000000e+00 0.000000e+00 -5.706577e-03)
591.55        	5.991405e-05	(0.000000e+00 0.000000e+00 -5.706577e-03)
591.65        	5.991590e-05	(0.000000e+00 0.000000e+00 -5.706577e-03)
591.75        	5.991874e-05	(0.000000e+00 0.000000e+00 -5.706577e-03)
591.85        	5.992169e-05	(0.000000e+00 0.000000e+00 -5.706577e-03)
591.95        	5.992506e-05	(0.000000e+00 0.000000e+00 -5.706577e-03)
592.05        	5.992841e-05	(0.000000e+00 0.000000e+00 -5.706577e-03)
592.15        	5.993255e-05	(0.000000e+00 0.000000e+00 -5.706577e-03)
592.25        	5.993658e-05	(0.000000e+00 0.000000e+00 -5.706577e-03)
592.35        	5.994206e-05	(0.000000e+00 0.000000e+00 -5.706577e-03)
592.45        	5.994767e-05	(0.000000e+00 0.000000e+00 -5.706577e-03)
592.55        	5.995176e-05	(0.000000e+00 0.000000e+00 -5.706577e-03)
592.65        	5.995521e-05	(0.000000e+00 0.000000e+00 -5.706577e-03)
592.75        	5.995846e-05	(0.000000e+00 0.000000e+00 -5.706577e-03)
592.85        	5.996217e-05	(0.000000e+00 0.000000e+00 -5.706577e-03)
592.95        	5.996539e-05	(0.000000e+00 0.000000e+00 -5.706577e-03)
593.05        	5.996911e-05	(0.000000e+00 0.000000e+00 -5.706577e-03)
593.15        	5.997221e-05	(0.000000e+00 0.000000e+00 -5.706577e-03)
593.25        	5.997597e-05	(0.000000e+00 0.000000e+00 -5.706577e-03)
593.35        	5.997925e-05	(0.000000e+00 0.000000e+00 -5.706577e-03)
593.45        	5.998252e-05	(0.000000e+00 0.000000e+00 -5.706577e-03)
593.55        	5.998654e-05	(0.000000e+00 0.000000e+00 -5.706577e-03)
593.65        	5.998916e-05	(0.000000e+00 0.000000e+00 -5.706577e-03)
593.75        	5.999216e-05	(0.000000e+00 0.000000e+00 -5.706577e-03)
593.85        	5.999430e-05	(0.000000e+00 0.000000e+00 -5.706577e-03)
593.95        	5.999746e-05	(0.000000e+00 0.000000e+00 -5.706577e-03)
594.05        	6.000117e-05	(0.000000e+00 0.000000e+00 -5.706577e-03)
594.15        	6.000457e-05	(0.000000e+00 0.000000e+00 -5.706577e-03)
594.25        	6.000712e-05	(0.000000e+00 0.000000e+00 -5.706577e-03)
594.35        	6.000975e-05	(0.000000e+00 0.000000e+00 -5.706577e-03)
594.45        	6.001200e-05	(0.000000e+00 0.000000e+00 -5.706577e-03)
594.55        	6.001497e-05	(0.000000e+00 0.000000e+00 -5.706577e-03)
594.65        	6.001894e-05	(0.000000e+00 0.000000e+00 -5.706577e-03)
594.75        	6.002273e-05	(0.000000e+00 0.000000e+00 -5.706577e-03)
594.85        	6.002685e-05	(0.000000e+00 0.000000e+00 -5.706577e-03)
594.95        	6.002980e-05	(0.000000e+00 0.000000e+00 -5.706577e-03)
595.05        	6.003280e-05	(0.000000e+00 0.000000e+00 -5.706577e-03)
595.15        	6.003603e-05	(0.000000e+00 0.000000e+00 -5.706577e-03)
595.25        	6.004012e-05	(0.000000e+00 0.000000e+00 -5.706577e-03)
595.35        	6.004476e-05	(0.000000e+00 0.000000e+00 -5.706577e-03)
595.45        	6.004876e-05	(0.000000e+00 0.000000e+00 -5.706577e-03)
595.55        	6.005285e-05	(0.000000e+00 0.000000e+00 -5.706577e-03)
595.65        	6.005749e-05	(0.000000e+00 0.000000e+00 -5.706577e-03)
595.75        	6.006189e-05	(0.000000e+00 0.000000e+00 -5.706577e-03)
595.85        	6.006598e-05	(0.000000e+00 0.000000e+00 -5.706577e-03)
595.95        	6.006832e-05	(0.000000e+00 0.000000e+00 -5.706577e-03)
596.05        	6.007234e-05	(0.000000e+00 0.000000e+00 -5.706577e-03)
596.15        	6.007615e-05	(0.000000e+00 0.000000e+00 -5.706577e-03)
596.25        	6.007956e-05	(0.000000e+00 0.000000e+00 -5.706577e-03)
596.35        	6.008243e-05	(0.000000e+00 0.000000e+00 -5.706577e-03)
596.45        	6.008596e-05	(0.000000e+00 0.000000e+00 -5.706577e-03)
596.55        	6.008929e-05	(0.000000e+00 0.000000e+00 -5.706577e-03)
596.65        	6.009281e-05	(0.000000e+00 0.000000e+00 -5.706577e-03)
596.75        	6.009657e-05	(0.000000e+00 0.000000e+00 -5.706577e-03)
596.85        	6.010036e-05	(0.000000e+00 0.000000e+00 -5.706577e-03)
596.95        	6.010428e-05	(0.000000e+00 0.000000e+00 -5.706577e-03)
597.05        	6.010804e-05	(0.000000e+00 0.000000e+00 -5.706577e-03)
597.15        	6.011315e-05	(0.000000e+00 0.000000e+00 -5.706577e-03)
597.25        	6.011724e-05	(0.000000e+00 0.000000e+00 -5.706577e-03)
597.35        	6.012349e-05	(0.000000e+00 0.000000e+00 -5.706577e-03)
597.45        	6.012593e-05	(0.000000e+00 0.000000e+00 -5.706577e-03)
597.55        	6.013070e-05	(0.000000e+00 0.000000e+00 -5.706577e-03)
597.65        	6.013508e-05	(0.000000e+00 0.000000e+00 -5.706577e-03)
597.75        	6.013893e-05	(0.000000e+00 0.000000e+00 -5.706577e-03)
597.85        	6.014271e-05	(0.000000e+00 0.000000e+00 -5.706577e-03)
597.95        	6.014596e-05	(0.000000e+00 0.000000e+00 -5.706577e-03)
598.05        	6.014927e-05	(0.000000e+00 0.000000e+00 -5.706577e-03)
598.15        	6.015283e-05	(0.000000e+00 0.000000e+00 -5.706577e-03)
598.25        	6.015669e-05	(0.000000e+00 0.000000e+00 -5.706577e-03)
598.35        	6.016042e-05	(0.000000e+00 0.000000e+00 -5.706577e-03)
598.45        	6.016470e-05	(0.000000e+00 0.000000e+00 -5.706577e-03)
598.55        	6.016816e-05	(0.000000e+00 0.000000e+00 -5.706577e-03)
598.65        	6.017293e-05	(0.000000e+00 0.000000e+00 -5.706577e-03)
598.75        	6.017552e-05	(0.000000e+00 0.000000e+00 -5.706577e-03)
598.85        	6.017816e-05	(0.000000e+00 0.000000e+00 -5.706577e-03)
598.95        	6.018223e-05	(0.000000e+00 0.000000e+00 -5.706577e-03)
599.05        	6.018620e-05	(0.000000e+00 0.000000e+00 -5.706577e-03)
599.15        	6.018959e-05	(0.000000e+00 0.000000e+00 -5.706577e-03)
599.25        	6.019255e-05	(0.000000e+00 0.000000e+00 -5.706577e-03)
599.35        	6.019594e-05	(0.000000e+00 0.000000e+00 -5.706577e-03)
599.45        	6.019941e-05	(0.000000e+00 0.000000e+00 -5.706577e-03)
599.55        	6.020339e-05	(0.000000e+00 0.000000e+00 -5.706577e-03)
599.65        	6.020804e-05	(0.000000e+00 0.000000e+00 -5.706577e-03)
599.75        	6.021274e-05	(0.000000e+00 0.000000e+00 -5.706577e-03)
599.85        	6.021735e-05	(0.000000e+00 0.000000e+00 -5.706577e-03)
599.95        	6.022116e-05	(0.000000e+00 0.000000e+00 -5.706577e-03)
600.05        	6.022566e-05	(0.000000e+00 0.000000e+00 -5.706577e-03)
600.15        	6.023111e-05	(0.000000e+00 0.000000e+00 -5.706577e-03)
600.25        	6.023595e-05	(0.000000e+00 0.000000e+00 -5.706577e-03)
600.35        	6.023981e-05	(0.000000e+00 0.000000e+00 -5.706577e-03)
600.45        	6.024415e-05	(0.000000e+00 0.000000e+00 -5.706577e-03)
600.55        	6.024742e-05	(0.000000e+00 0.000000e+00 -5.706577e-03)
600.65        	6.025095e-05	(0.000000e+00 0.000000e+00 -5.706577e-03)
600.75        	6.025425e-05	(0.000000e+00 0.000000e+00 -5.706577e-03)
600.85        	6.025778e-05	(0.000000e+00 0.000000e+00 -5.706577e-03)
600.95        	6.026221e-05	(0.000000e+00 0.000000e+00 -5.706577e-03)
601.05        	6.026640e-05	(0.000000e+00 0.000000e+00 -5.706577e-03)
601.15        	6.027108e-05	(0.000000e+00 0.000000e+00 -5.706577e-03)
601.25        	6.027544e-05	(0.000000e+00 0.000000e+00 -5.706577e-03)
601.35        	6.027926e-05	(0.000000e+00 0.000000e+00 -5.706577e-03)
601.45        	6.028329e-05	(0.000000e+00 0.000000e+00 -5.706577e-03)
601.55        	6.028722e-05	(0.000000e+00 0.000000e+00 -5.706577e-03)
601.65        	6.029208e-05	(0.000000e+00 0.000000e+00 -5.706577e-03)
601.75        	6.029625e-05	(0.000000e+00 0.000000e+00 -5.706577e-03)
601.85        	6.029898e-05	(0.000000e+00 0.000000e+00 -5.706577e-03)
601.95        	6.030396e-05	(0.000000e+00 0.000000e+00 -5.706577e-03)
602.05        	6.030832e-05	(0.000000e+00 0.000000e+00 -5.706577e-03)
602.15        	6.031296e-05	(0.000000e+00 0.000000e+00 -5.706577e-03)
602.25        	6.031825e-05	(0.000000e+00 0.000000e+00 -5.706577e-03)
602.35        	6.032355e-05	(0.000000e+00 0.000000e+00 -5.706577e-03)
602.45        	6.032934e-05	(0.000000e+00 0.000000e+00 -5.706577e-03)
602.55        	6.033129e-05	(0.000000e+00 0.000000e+00 -5.706577e-03)
602.65        	6.033586e-05	(0.000000e+00 0.000000e+00 -5.706577e-03)
602.75        	6.033929e-05	(0.000000e+00 0.000000e+00 -5.706577e-03)
602.85        	6.034388e-05	(0.000000e+00 0.000000e+00 -5.706577e-03)
602.95        	6.034887e-05	(0.000000e+00 0.000000e+00 -5.706577e-03)
603.05        	6.035251e-05	(0.000000e+00 0.000000e+00 -5.706577e-03)
603.15        	6.035654e-05	(0.000000e+00 0.000000e+00 -5.706577e-03)
603.25        	6.035741e-05	(0.000000e+00 0.000000e+00 -5.706577e-03)
603.35        	6.036026e-05	(0.000000e+00 0.000000e+00 -5.706577e-03)
603.45        	6.036418e-05	(0.000000e+00 0.000000e+00 -5.706577e-03)
603.55        	6.036623e-05	(0.000000e+00 0.000000e+00 -5.706577e-03)
603.65        	6.036929e-05	(0.000000e+00 0.000000e+00 -5.706577e-03)
603.75        	6.037329e-05	(0.000000e+00 0.000000e+00 -5.706577e-03)
603.85        	6.037729e-05	(0.000000e+00 0.000000e+00 -5.706577e-03)
603.95        	6.038046e-05	(0.000000e+00 0.000000e+00 -5.706577e-03)
604.05        	6.038406e-05	(0.000000e+00 0.000000e+00 -5.706577e-03)
604.15        	6.038877e-05	(0.000000e+00 0.000000e+00 -5.706577e-03)
604.25        	6.039256e-05	(0.000000e+00 0.000000e+00 -5.706577e-03)
604.35        	6.039654e-05	(0.000000e+00 0.000000e+00 -5.706577e-03)
604.45        	6.040056e-05	(0.000000e+00 0.000000e+00 -5.706577e-03)
604.55        	6.040576e-05	(0.000000e+00 0.000000e+00 -5.706577e-03)
604.65        	6.041598e-05	(0.000000e+00 0.000000e+00 -5.706577e-03)
604.75        	6.042617e-05	(0.000000e+00 0.000000e+00 -5.706577e-03)
604.85        	6.043550e-05	(0.000000e+00 0.000000e+00 -5.706577e-03)
604.95        	6.044087e-05	(0.000000e+00 0.000000e+00 -5.706577e-03)
605.05        	6.044517e-05	(0.000000e+00 0.000000e+00 -5.706577e-03)
605.15        	6.044871e-05	(0.000000e+00 0.000000e+00 -5.706577e-03)
605.25        	6.045397e-05	(0.000000e+00 0.000000e+00 -5.706577e-03)
605.35        	6.045672e-05	(0.000000e+00 0.000000e+00 -5.706577e-03)
605.45        	6.045998e-05	(0.000000e+00 0.000000e+00 -5.706577e-03)
605.55        	6.046509e-05	(0.000000e+00 0.000000e+00 -5.706577e-03)
605.65        	6.047011e-05	(0.000000e+00 0.000000e+00 -5.706577e-03)
605.75        	6.047536e-05	(0.000000e+00 0.000000e+00 -5.706577e-03)
605.85        	6.047883e-05	(0.000000e+00 0.000000e+00 -5.706577e-03)
605.95        	6.048300e-05	(0.000000e+00 0.000000e+00 -5.706577e-03)
606.05        	6.048760e-05	(0.000000e+00 0.000000e+00 -5.706577e-03)
606.15        	6.049220e-05	(0.000000e+00 0.000000e+00 -5.706577e-03)
606.25        	6.049679e-05	(0.000000e+00 0.000000e+00 -5.706577e-03)
606.35        	6.050184e-05	(0.000000e+00 0.000000e+00 -5.706577e-03)
606.45        	6.050754e-05	(0.000000e+00 0.000000e+00 -5.706577e-03)
606.55        	6.051300e-05	(0.000000e+00 0.000000e+00 -5.706577e-03)
606.65        	6.051842e-05	(0.000000e+00 0.000000e+00 -5.706577e-03)
606.75        	6.052141e-05	(0.000000e+00 0.000000e+00 -5.706577e-03)
606.85        	6.052626e-05	(0.000000e+00 0.000000e+00 -5.706577e-03)
606.95        	6.053024e-05	(0.000000e+00 0.000000e+00 -5.706577e-03)
607.05        	6.053233e-05	(0.000000e+00 0.000000e+00 -5.706577e-03)
607.15        	6.053706e-05	(0.000000e+00 0.000000e+00 -5.706577e-03)
607.25        	6.054255e-05	(0.000000e+00 0.000000e+00 -5.706577e-03)
607.35        	6.054649e-05	(0.000000e+00 0.000000e+00 -5.706577e-03)
607.45        	6.055103e-05	(0.000000e+00 0.000000e+00 -5.706577e-03)
607.55        	6.055549e-05	(0.000000e+00 0.000000e+00 -5.706577e-03)
607.65        	6.055988e-05	(0.000000e+00 0.000000e+00 -5.706577e-03)
607.75        	6.056491e-05	(0.000000e+00 0.000000e+00 -5.706577e-03)
607.85        	6.057030e-05	(0.000000e+00 0.000000e+00 -5.706577e-03)
607.95        	6.057439e-05	(0.000000e+00 0.000000e+00 -5.706577e-03)
608.05        	6.057940e-05	(0.000000e+00 0.000000e+00 -5.706577e-03)
608.15        	6.058595e-05	(0.000000e+00 0.000000e+00 -5.706577e-03)
608.25        	6.059117e-05	(0.000000e+00 0.000000e+00 -5.706577e-03)
608.35        	6.059609e-05	(0.000000e+00 0.000000e+00 -5.706577e-03)
608.45        	6.060150e-05	(0.000000e+00 0.000000e+00 -5.706577e-03)
608.55        	6.060675e-05	(0.000000e+00 0.000000e+00 -5.706577e-03)
608.65        	6.061211e-05	(0.000000e+00 0.000000e+00 -5.706577e-03)
608.75        	6.061837e-05	(0.000000e+00 0.000000e+00 -5.706577e-03)
608.85        	6.062297e-05	(0.000000e+00 0.000000e+00 -5.706577e-03)
608.95        	6.062781e-05	(0.000000e+00 0.000000e+00 -5.706577e-03)
609.05        	6.063254e-05	(0.000000e+00 0.000000e+00 -5.706577e-03)
609.15        	6.063815e-05	(0.000000e+00 0.000000e+00 -5.706577e-03)
609.25        	6.064242e-05	(0.000000e+00 0.000000e+00 -5.706577e-03)
609.35        	6.064562e-05	(0.000000e+00 0.000000e+00 -5.706577e-03)
609.45        	6.064999e-05	(0.000000e+00 0.000000e+00 -5.706577e-03)
609.55        	6.065498e-05	(0.000000e+00 0.000000e+00 -5.706577e-03)
609.65        	6.065943e-05	(0.000000e+00 0.000000e+00 -5.706577e-03)
609.75        	6.066430e-05	(0.000000e+00 0.000000e+00 -5.706577e-03)
609.85        	6.066979e-05	(0.000000e+00 0.000000e+00 -5.706577e-03)
609.95        	6.067484e-05	(0.000000e+00 0.000000e+00 -5.706577e-03)
610.05        	6.068078e-05	(0.000000e+00 0.000000e+00 -5.706577e-03)
610.15        	6.068732e-05	(0.000000e+00 0.000000e+00 -5.706577e-03)
610.25        	6.069350e-05	(0.000000e+00 0.000000e+00 -5.706577e-03)
610.35        	6.069876e-05	(0.000000e+00 0.000000e+00 -5.706577e-03)
610.45        	6.070476e-05	(0.000000e+00 0.000000e+00 -5.706577e-03)
610.55        	6.071042e-05	(0.000000e+00 0.000000e+00 -5.706577e-03)
610.65        	6.071820e-05	(0.000000e+00 0.000000e+00 -5.706577e-03)
610.75        	6.072540e-05	(0.000000e+00 0.000000e+00 -5.706577e-03)
610.85        	6.073234e-05	(0.000000e+00 0.000000e+00 -5.706577e-03)
610.95        	6.073770e-05	(0.000000e+00 0.000000e+00 -5.706577e-03)
611.05        	6.074301e-05	(0.000000e+00 0.000000e+00 -5.706577e-03)
611.15        	6.074798e-05	(0.000000e+00 0.000000e+00 -5.706577e-03)
611.25        	6.075270e-05	(0.000000e+00 0.000000e+00 -5.706577e-03)
611.35        	6.075767e-05	(0.000000e+00 0.000000e+00 -5.706577e-03)
611.45        	6.076114e-05	(0.000000e+00 0.000000e+00 -5.706577e-03)
611.55        	6.076552e-05	(0.000000e+00 0.000000e+00 -5.706577e-03)
611.65        	6.077048e-05	(0.000000e+00 0.000000e+00 -5.706577e-03)
611.75        	6.077435e-05	(0.000000e+00 0.000000e+00 -5.706577e-03)
611.85        	6.077915e-05	(0.000000e+00 0.000000e+00 -5.706577e-03)
611.95        	6.078353e-05	(0.000000e+00 0.000000e+00 -5.706577e-03)
612.05        	6.078822e-05	(0.000000e+00 0.000000e+00 -5.706577e-03)
612.15        	6.079225e-05	(0.000000e+00 0.000000e+00 -5.706577e-03)
612.25        	6.079657e-05	(0.000000e+00 0.000000e+00 -5.706577e-03)
612.35        	6.080066e-05	(0.000000e+00 0.000000e+00 -5.706577e-03)
612.45        	6.080503e-05	(0.000000e+00 0.000000e+00 -5.706577e-03)
612.55        	6.080999e-05	(0.000000e+00 0.000000e+00 -5.706577e-03)
612.65        	6.081627e-05	(0.000000e+00 0.000000e+00 -5.706577e-03)
612.75        	6.082171e-05	(0.000000e+00 0.000000e+00 -5.706577e-03)
612.85        	6.082785e-05	(0.000000e+00 0.000000e+00 -5.706577e-03)
612.95        	6.083349e-05	(0.000000e+00 0.000000e+00 -5.706577e-03)
613.05        	6.083895e-05	(0.000000e+00 0.000000e+00 -5.706577e-03)
613.15        	6.084441e-05	(0.000000e+00 0.000000e+00 -5.706577e-03)
613.25        	6.085142e-05	(0.000000e+00 0.000000e+00 -5.706577e-03)
613.35        	6.085998e-05	(0.000000e+00 0.000000e+00 -5.706577e-03)
613.45        	6.086597e-05	(0.000000e+00 0.000000e+00 -5.706577e-03)
613.55        	6.087656e-05	(0.000000e+00 0.000000e+00 -5.706577e-03)
613.65        	6.088360e-05	(0.000000e+00 0.000000e+00 -5.706577e-03)
613.75        	6.088541e-05	(0.000000e+00 0.000000e+00 -5.706577e-03)
613.85        	6.088829e-05	(0.000000e+00 0.000000e+00 -5.706577e-03)
613.95        	6.089231e-05	(0.000000e+00 0.000000e+00 -5.706577e-03)
614.05        	6.089679e-05	(0.000000e+00 0.000000e+00 -5.706577e-03)
614.15        	6.090170e-05	(0.000000e+00 0.000000e+00 -5.706577e-03)
614.25        	6.090649e-05	(0.000000e+00 0.000000e+00 -5.706577e-03)
614.35        	6.091098e-05	(0.000000e+00 0.000000e+00 -5.706577e-03)
614.45        	6.091636e-05	(0.000000e+00 0.000000e+00 -5.706577e-03)
614.55        	6.092211e-05	(0.000000e+00 0.000000e+00 -5.706577e-03)
614.65        	6.092752e-05	(0.000000e+00 0.000000e+00 -5.706577e-03)
614.75        	6.093318e-05	(0.000000e+00 0.000000e+00 -5.706577e-03)
614.85        	6.093846e-05	(0.000000e+00 0.000000e+00 -5.706577e-03)
614.95        	6.094480e-05	(0.000000e+00 0.000000e+00 -5.706577e-03)
615.05        	6.095286e-05	(0.000000e+00 0.000000e+00 -5.706577e-03)
615.15        	6.096140e-05	(0.000000e+00 0.000000e+00 -5.706577e-03)
615.25        	6.096869e-05	(0.000000e+00 0.000000e+00 -5.706577e-03)
615.35        	6.097427e-05	(0.000000e+00 0.000000e+00 -5.706577e-03)
615.45        	6.098026e-05	(0.000000e+00 0.000000e+00 -5.706577e-03)
615.55        	6.098615e-05	(0.000000e+00 0.000000e+00 -5.706577e-03)
615.65        	6.099241e-05	(0.000000e+00 0.000000e+00 -5.706577e-03)
615.75        	6.099750e-05	(0.000000e+00 0.000000e+00 -5.706577e-03)
615.85        	6.100217e-05	(0.000000e+00 0.000000e+00 -5.706577e-03)
615.95        	6.100778e-05	(0.000000e+00 0.000000e+00 -5.706577e-03)
616.05        	6.101314e-05	(0.000000e+00 0.000000e+00 -5.706577e-03)
616.15        	6.101819e-05	(0.000000e+00 0.000000e+00 -5.706577e-03)
616.25        	6.102305e-05	(0.000000e+00 0.000000e+00 -5.706577e-03)
616.35        	6.102637e-05	(0.000000e+00 0.000000e+00 -5.706577e-03)
616.45        	6.103101e-05	(0.000000e+00 0.000000e+00 -5.706577e-03)
616.55        	6.103884e-05	(0.000000e+00 0.000000e+00 -5.706577e-03)
616.65        	6.104619e-05	(0.000000e+00 0.000000e+00 -5.706577e-03)
616.75        	6.105272e-05	(0.000000e+00 0.000000e+00 -5.706577e-03)
616.85        	6.106011e-05	(0.000000e+00 0.000000e+00 -5.706577e-03)
616.95        	6.106705e-05	(0.000000e+00 0.000000e+00 -5.706577e-03)
617.05        	6.107226e-05	(0.000000e+00 0.000000e+00 -5.706577e-03)
617.15        	6.107739e-05	(0.000000e+00 0.000000e+00 -5.706577e-03)
617.25        	6.108323e-05	(0.000000e+00 0.000000e+00 -5.706577e-03)
617.35        	6.108990e-05	(0.000000e+00 0.000000e+00 -5.706577e-03)
617.45        	6.108965e-05	(0.000000e+00 0.000000e+00 -5.706577e-03)
617.55        	6.110120e-05	(0.000000e+00 0.000000e+00 -5.706577e-03)
617.65        	6.110887e-05	(0.000000e+00 0.000000e+00 -5.706577e-03)
617.75        	6.111503e-05	(0.000000e+00 0.000000e+00 -5.706577e-03)
617.85        	6.112106e-05	(0.000000e+00 0.000000e+00 -5.706577e-03)
617.95        	6.112775e-05	(0.000000e+00 0.000000e+00 -5.706577e-03)
618.05        	6.113297e-05	(0.000000e+00 0.000000e+00 -5.706577e-03)
618.15        	6.113910e-05	(0.000000e+00 0.000000e+00 -5.706577e-03)
618.25        	6.114440e-05	(0.000000e+00 0.000000e+00 -5.706577e-03)
618.35        	6.115069e-05	(0.000000e+00 0.000000e+00 -5.706577e-03)
618.45        	6.115671e-05	(0.000000e+00 0.000000e+00 -5.706577e-03)
618.55        	6.116382e-05	(0.000000e+00 0.000000e+00 -5.706577e-03)
618.65        	6.117047e-05	(0.000000e+00 0.000000e+00 -5.706577e-03)
618.75        	6.117637e-05	(0.000000e+00 0.000000e+00 -5.706577e-03)
618.85        	6.118255e-05	(0.000000e+00 0.000000e+00 -5.706577e-03)
618.95        	6.118896e-05	(0.000000e+00 0.000000e+00 -5.706577e-03)
619.05        	6.119642e-05	(0.000000e+00 0.000000e+00 -5.706577e-03)
619.15        	6.120343e-05	(0.000000e+00 0.000000e+00 -5.706577e-03)
619.25        	6.121060e-05	(0.000000e+00 0.000000e+00 -5.706577e-03)
619.35        	6.121751e-05	(0.000000e+00 0.000000e+00 -5.706577e-03)
619.45        	6.122371e-05	(0.000000e+00 0.000000e+00 -5.706577e-03)
619.55        	6.122996e-05	(0.000000e+00 0.000000e+00 -5.706577e-03)
619.65        	6.123672e-05	(0.000000e+00 0.000000e+00 -5.706577e-03)
619.75        	6.124310e-05	(0.000000e+00 0.000000e+00 -5.706577e-03)
619.85        	6.124828e-05	(0.000000e+00 0.000000e+00 -5.706577e-03)
619.95        	6.125377e-05	(0.000000e+00 0.000000e+00 -5.706577e-03)
620.05        	6.125892e-05	(0.000000e+00 0.000000e+00 -5.706577e-03)
620.15        	6.126394e-05	(0.000000e+00 0.000000e+00 -5.706577e-03)
620.25        	6.127055e-05	(0.000000e+00 0.000000e+00 -5.706577e-03)
620.35        	6.127685e-05	(0.000000e+00 0.000000e+00 -5.706577e-03)
620.45        	6.128292e-05	(0.000000e+00 0.000000e+00 -5.706577e-03)
620.55        	6.129115e-05	(0.000000e+00 0.000000e+00 -5.706577e-03)
620.65        	6.129713e-05	(0.000000e+00 0.000000e+00 -5.706577e-03)
620.75        	6.130265e-05	(0.000000e+00 0.000000e+00 -5.706577e-03)
620.85        	6.131159e-05	(0.000000e+00 0.000000e+00 -5.706577e-03)
620.95        	6.132210e-05	(0.000000e+00 0.000000e+00 -5.706577e-03)
621.05        	6.132851e-05	(0.000000e+00 0.000000e+00 -5.706577e-03)
621.15        	6.133582e-05	(0.000000e+00 0.000000e+00 -5.706577e-03)
621.25        	6.134153e-05	(0.000000e+00 0.000000e+00 -5.706577e-03)
621.35        	6.134707e-05	(0.000000e+00 0.000000e+00 -5.706577e-03)
621.45        	6.135345e-05	(0.000000e+00 0.000000e+00 -5.706577e-03)
621.55        	6.136027e-05	(0.000000e+00 0.000000e+00 -5.706577e-03)
621.65        	6.136673e-05	(0.000000e+00 0.000000e+00 -5.706577e-03)
621.75        	6.137299e-05	(0.000000e+00 0.000000e+00 -5.706577e-03)
621.85        	6.137930e-05	(0.000000e+00 0.000000e+00 -5.706577e-03)
621.95        	6.138602e-05	(0.000000e+00 0.000000e+00 -5.706577e-03)
622.05        	6.139156e-05	(0.000000e+00 0.000000e+00 -5.706577e-03)
622.15        	6.139835e-05	(0.000000e+00 0.000000e+00 -5.706577e-03)
622.25        	6.140345e-05	(0.000000e+00 0.000000e+00 -5.706577e-03)
622.35        	6.140984e-05	(0.000000e+00 0.000000e+00 -5.706577e-03)
622.45        	6.141548e-05	(0.000000e+00 0.000000e+00 -5.706577e-03)
622.55        	6.142228e-05	(0.000000e+00 0.000000e+00 -5.706577e-03)
622.65        	6.142958e-05	(0.000000e+00 0.000000e+00 -5.706577e-03)
622.75        	6.143444e-05	(0.000000e+00 0.000000e+00 -5.706577e-03)
622.85        	6.144005e-05	(0.000000e+00 0.000000e+00 -5.706577e-03)
622.95        	6.144637e-05	(0.000000e+00 0.000000e+00 -5.706577e-03)
623.05        	6.145286e-05	(0.000000e+00 0.000000e+00 -5.706577e-03)
623.15        	6.145793e-05	(0.000000e+00 0.000000e+00 -5.706577e-03)
623.25        	6.146330e-05	(0.000000e+00 0.000000e+00 -5.706577e-03)
623.35        	6.147040e-05	(0.000000e+00 0.000000e+00 -5.706577e-03)
623.45        	6.147668e-05	(0.000000e+00 0.000000e+00 -5.706577e-03)
623.55        	6.148295e-05	(0.000000e+00 0.000000e+00 -5.706577e-03)
623.65        	6.148933e-05	(0.000000e+00 0.000000e+00 -5.706577e-03)
623.75        	6.149649e-05	(0.000000e+00 0.000000e+00 -5.706577e-03)
623.85        	6.150282e-05	(0.000000e+00 0.000000e+00 -5.706577e-03)
623.95        	6.151100e-05	(0.000000e+00 0.000000e+00 -5.706577e-03)
624.05        	6.151939e-05	(0.000000e+00 0.000000e+00 -5.706577e-03)
624.15        	6.152701e-05	(0.000000e+00 0.000000e+00 -5.706577e-03)
624.25        	6.153264e-05	(0.000000e+00 0.000000e+00 -5.706577e-03)
624.35        	6.154218e-05	(0.000000e+00 0.000000e+00 -5.706577e-03)
624.45        	6.154979e-05	(0.000000e+00 0.000000e+00 -5.706577e-03)
624.55        	6.155570e-05	(0.000000e+00 0.000000e+00 -5.706577e-03)
624.65        	6.156221e-05	(0.000000e+00 0.000000e+00 -5.706577e-03)
624.75        	6.156982e-05	(0.000000e+00 0.000000e+00 -5.706577e-03)
624.85        	6.157751e-05	(0.000000e+00 0.000000e+00 -5.706577e-03)
624.95        	6.158493e-05	(0.000000e+00 0.000000e+00 -5.706577e-03)
625.05        	6.159122e-05	(0.000000e+00 0.000000e+00 -5.706577e-03)
625.15        	6.159749e-05	(0.000000e+00 0.000000e+00 -5.706577e-03)
625.25        	6.160302e-05	(0.000000e+00 0.000000e+00 -5.706577e-03)
625.35        	6.160907e-05	(0.000000e+00 0.000000e+00 -5.706577e-03)
625.45        	6.161612e-05	(0.000000e+00 0.000000e+00 -5.706577e-03)
625.55        	6.162235e-05	(0.000000e+00 0.000000e+00 -5.706577e-03)
625.65        	6.162962e-05	(0.000000e+00 0.000000e+00 -5.706577e-03)
625.75        	6.163640e-05	(0.000000e+00 0.000000e+00 -5.706577e-03)
625.85        	6.164256e-05	(0.000000e+00 0.000000e+00 -5.706577e-03)
625.95        	6.164924e-05	(0.000000e+00 0.000000e+00 -5.706577e-03)
626.05        	6.165521e-05	(0.000000e+00 0.000000e+00 -5.706577e-03)
626.15        	6.166171e-05	(0.000000e+00 0.000000e+00 -5.706577e-03)
626.25        	6.166966e-05	(0.000000e+00 0.000000e+00 -5.706577e-03)
626.35        	6.167790e-05	(0.000000e+00 0.000000e+00 -5.706577e-03)
626.45        	6.168576e-05	(0.000000e+00 0.000000e+00 -5.706577e-03)
626.55        	6.169398e-05	(0.000000e+00 0.000000e+00 -5.706577e-03)
626.65        	6.170233e-05	(0.000000e+00 0.000000e+00 -5.706577e-03)
626.75        	6.171161e-05	(0.000000e+00 0.000000e+00 -5.706577e-03)
626.85        	6.171892e-05	(0.000000e+00 0.000000e+00 -5.706577e-03)
626.95        	6.172474e-05	(0.000000e+00 0.000000e+00 -5.706577e-03)
627.05        	6.173016e-05	(0.000000e+00 0.000000e+00 -5.706577e-03)
627.15        	6.173685e-05	(0.000000e+00 0.000000e+00 -5.706577e-03)
627.25        	6.174450e-05	(0.000000e+00 0.000000e+00 -5.706577e-03)
627.35        	6.175084e-05	(0.000000e+00 0.000000e+00 -5.706577e-03)
627.45        	6.175731e-05	(0.000000e+00 0.000000e+00 -5.706577e-03)
627.55        	6.176321e-05	(0.000000e+00 0.000000e+00 -5.706577e-03)
627.65        	6.176896e-05	(0.000000e+00 0.000000e+00 -5.706577e-03)
627.75        	6.177583e-05	(0.000000e+00 0.000000e+00 -5.706577e-03)
627.85        	6.178207e-05	(0.000000e+00 0.000000e+00 -5.706577e-03)
627.95        	6.178850e-05	(0.000000e+00 0.000000e+00 -5.706577e-03)
628.05        	6.179536e-05	(0.000000e+00 0.000000e+00 -5.706577e-03)
628.15        	6.180399e-05	(0.000000e+00 0.000000e+00 -5.706577e-03)
628.25        	6.181204e-05	(0.000000e+00 0.000000e+00 -5.706577e-03)
628.35        	6.181966e-05	(0.000000e+00 0.000000e+00 -5.706577e-03)
628.45        	6.182769e-05	(0.000000e+00 0.000000e+00 -5.706577e-03)
628.55        	6.183329e-05	(0.000000e+00 0.000000e+00 -5.706577e-03)
628.65        	6.184096e-05	(0.000000e+00 0.000000e+00 -5.706577e-03)
628.75        	6.184879e-05	(0.000000e+00 0.000000e+00 -5.706577e-03)
628.85        	6.185625e-05	(0.000000e+00 0.000000e+00 -5.706577e-03)
628.95        	6.186157e-05	(0.000000e+00 0.000000e+00 -5.706577e-03)
629.05        	6.186952e-05	(0.000000e+00 0.000000e+00 -5.706577e-03)
629.15        	6.187565e-05	(0.000000e+00 0.000000e+00 -5.706577e-03)
629.25        	6.188679e-05	(0.000000e+00 0.000000e+00 -5.706577e-03)
629.35        	6.189700e-05	(0.000000e+00 0.000000e+00 -5.706577e-03)
629.45        	6.190433e-05	(0.000000e+00 0.000000e+00 -5.706577e-03)
629.55        	6.191114e-05	(0.000000e+00 0.000000e+00 -5.706577e-03)
629.65        	6.191866e-05	(0.000000e+00 0.000000e+00 -5.706577e-03)
629.75        	6.192652e-05	(0.000000e+00 0.000000e+00 -5.706577e-03)
629.85        	6.193705e-05	(0.000000e+00 0.000000e+00 -5.706577e-03)
629.95        	6.194913e-05	(0.000000e+00 0.000000e+00 -5.706577e-03)
630.05        	6.195947e-05	(0.000000e+00 0.000000e+00 -5.706577e-03)
630.15        	6.196725e-05	(0.000000e+00 0.000000e+00 -5.706577e-03)
630.25        	6.197422e-05	(0.000000e+00 0.000000e+00 -5.706577e-03)
630.35        	6.198150e-05	(0.000000e+00 0.000000e+00 -5.706577e-03)
630.45        	6.198844e-05	(0.000000e+00 0.000000e+00 -5.706577e-03)
630.55        	6.199539e-05	(0.000000e+00 0.000000e+00 -5.706577e-03)
630.65        	6.200116e-05	(0.000000e+00 0.000000e+00 -5.706577e-03)
630.75        	6.200808e-05	(0.000000e+00 0.000000e+00 -5.706577e-03)
630.85        	6.201520e-05	(0.000000e+00 0.000000e+00 -5.706577e-03)
630.95        	6.202197e-05	(0.000000e+00 0.000000e+00 -5.706577e-03)
631.05        	6.202930e-05	(0.000000e+00 0.000000e+00 -5.706577e-03)
631.15        	6.203554e-05	(0.000000e+00 0.000000e+00 -5.706577e-03)
631.25        	6.203999e-05	(0.000000e+00 0.000000e+00 -5.706577e-03)
631.35        	6.204824e-05	(0.000000e+00 0.000000e+00 -5.706577e-03)
631.45        	6.205489e-05	(0.000000e+00 0.000000e+00 -5.706577e-03)
631.55        	6.206087e-05	(0.000000e+00 0.000000e+00 -5.706577e-03)
631.65        	6.206958e-05	(0.000000e+00 0.000000e+00 -5.706577e-03)
631.75        	6.207839e-05	(0.000000e+00 0.000000e+00 -5.706577e-03)
631.85        	6.208770e-05	(0.000000e+00 0.000000e+00 -5.706577e-03)
631.95        	6.209564e-05	(0.000000e+00 0.000000e+00 -5.706577e-03)
632.05        	6.210780e-05	(0.000000e+00 0.000000e+00 -5.706577e-03)
632.15        	6.211633e-05	(0.000000e+00 0.000000e+00 -5.706577e-03)
632.25        	6.212414e-05	(0.000000e+00 0.000000e+00 -5.706577e-03)
632.35        	6.213301e-05	(0.000000e+00 0.000000e+00 -5.706577e-03)
632.45        	6.214080e-05	(0.000000e+00 0.000000e+00 -5.706577e-03)
632.55        	6.214892e-05	(0.000000e+00 0.000000e+00 -5.706577e-03)
632.65        	6.215750e-05	(0.000000e+00 0.000000e+00 -5.706577e-03)
632.75        	6.216716e-05	(0.000000e+00 0.000000e+00 -5.706577e-03)
632.85        	6.217241e-05	(0.000000e+00 0.000000e+00 -5.706577e-03)
632.95        	6.217933e-05	(0.000000e+00 0.000000e+00 -5.706577e-03)
633.05        	6.218689e-05	(0.000000e+00 0.000000e+00 -5.706577e-03)
633.15        	6.219479e-05	(0.000000e+00 0.000000e+00 -5.706577e-03)
633.25        	6.220332e-05	(0.000000e+00 0.000000e+00 -5.706577e-03)
633.35        	6.221215e-05	(0.000000e+00 0.000000e+00 -5.706577e-03)
633.45        	6.222087e-05	(0.000000e+00 0.000000e+00 -5.706577e-03)
633.55        	6.221902e-05	(0.000000e+00 0.000000e+00 -5.706577e-03)
633.65        	6.221558e-05	(0.000000e+00 0.000000e+00 -5.706577e-03)
633.75        	6.222259e-05	(0.000000e+00 0.000000e+00 -5.706577e-03)
633.85        	6.223303e-05	(0.000000e+00 0.000000e+00 -5.706577e-03)
633.95        	6.224249e-05	(0.000000e+00 0.000000e+00 -5.706577e-03)
634.05        	6.224897e-05	(0.000000e+00 0.000000e+00 -5.706577e-03)
634.15        	6.225733e-05	(0.000000e+00 0.000000e+00 -5.706577e-03)
634.25        	6.226295e-05	(0.000000e+00 0.000000e+00 -5.706577e-03)
634.35        	6.227027e-05	(0.000000e+00 0.000000e+00 -5.706577e-03)
634.45        	6.227833e-05	(0.000000e+00 0.000000e+00 -5.706577e-03)
634.55        	6.228582e-05	(0.000000e+00 0.000000e+00 -5.706577e-03)
634.65        	6.229292e-05	(0.000000e+00 0.000000e+00 -5.706577e-03)
634.75        	6.230210e-05	(0.000000e+00 0.000000e+00 -5.706577e-03)
634.85        	6.231163e-05	(0.000000e+00 0.000000e+00 -5.706577e-03)
634.95        	6.231963e-05	(0.000000e+00 0.000000e+00 -5.706577e-03)
635.05        	6.232734e-05	(0.000000e+00 0.000000e+00 -5.706577e-03)
635.15        	6.233487e-05	(0.000000e+00 0.000000e+00 -5.706577e-03)
635.25        	6.234346e-05	(0.000000e+00 0.000000e+00 -5.706577e-03)
635.35        	6.235285e-05	(0.000000e+00 0.000000e+00 -5.706577e-03)
635.45        	6.236050e-05	(0.000000e+00 0.000000e+00 -5.706577e-03)
635.55        	6.236945e-05	(0.000000e+00 0.000000e+00 -5.706577e-03)
635.65        	6.237966e-05	(0.000000e+00 0.000000e+00 -5.706577e-03)
635.75        	6.238740e-05	(0.000000e+00 0.000000e+00 -5.706577e-03)
635.85        	6.239365e-05	(0.000000e+00 0.000000e+00 -5.706577e-03)
635.95        	6.240123e-05	(0.000000e+00 0.000000e+00 -5.706577e-03)
636.05        	6.240834e-05	(0.000000e+00 0.000000e+00 -5.706577e-03)
636.15        	6.241597e-05	(0.000000e+00 0.000000e+00 -5.706577e-03)
636.25        	6.242348e-05	(0.000000e+00 0.000000e+00 -5.706577e-03)
636.35        	6.243079e-05	(0.000000e+00 0.000000e+00 -5.706577e-03)
636.45        	6.243743e-05	(0.000000e+00 0.000000e+00 -5.706577e-03)
636.55        	6.244425e-05	(0.000000e+00 0.000000e+00 -5.706577e-03)
636.65        	6.245067e-05	(0.000000e+00 0.000000e+00 -5.706577e-03)
636.75        	6.245604e-05	(0.000000e+00 0.000000e+00 -5.706577e-03)
636.85        	6.246245e-05	(0.000000e+00 0.000000e+00 -5.706577e-03)
636.95        	6.246990e-05	(0.000000e+00 0.000000e+00 -5.706577e-03)
637.05        	6.247837e-05	(0.000000e+00 0.000000e+00 -5.706577e-03)
637.15        	6.248531e-05	(0.000000e+00 0.000000e+00 -5.706577e-03)
637.25        	6.249084e-05	(0.000000e+00 0.000000e+00 -5.706577e-03)
637.35        	6.249872e-05	(0.000000e+00 0.000000e+00 -5.706577e-03)
637.45        	6.250702e-05	(0.000000e+00 0.000000e+00 -5.706577e-03)
637.55        	6.251518e-05	(0.000000e+00 0.000000e+00 -5.706577e-03)
637.65        	6.252499e-05	(0.000000e+00 0.000000e+00 -5.706577e-03)
637.75        	6.253276e-05	(0.000000e+00 0.000000e+00 -5.706577e-03)
637.85        	6.254085e-05	(0.000000e+00 0.000000e+00 -5.706577e-03)
637.95        	6.254722e-05	(0.000000e+00 0.000000e+00 -5.706577e-03)
638.05        	6.255429e-05	(0.000000e+00 0.000000e+00 -5.706577e-03)
638.15        	6.256089e-05	(0.000000e+00 0.000000e+00 -5.706577e-03)
638.25        	6.256886e-05	(0.000000e+00 0.000000e+00 -5.706577e-03)
638.35        	6.257653e-05	(0.000000e+00 0.000000e+00 -5.706577e-03)
638.45        	6.258427e-05	(0.000000e+00 0.000000e+00 -5.706577e-03)
638.55        	6.259115e-05	(0.000000e+00 0.000000e+00 -5.706577e-03)
638.65        	6.259871e-05	(0.000000e+00 0.000000e+00 -5.706577e-03)
638.75        	6.260615e-05	(0.000000e+00 0.000000e+00 -5.706577e-03)
638.85        	6.261402e-05	(0.000000e+00 0.000000e+00 -5.706577e-03)
638.95        	6.262221e-05	(0.000000e+00 0.000000e+00 -5.706577e-03)
639.05        	6.263003e-05	(0.000000e+00 0.000000e+00 -5.706577e-03)
639.15        	6.263849e-05	(0.000000e+00 0.000000e+00 -5.706577e-03)
639.25        	6.264605e-05	(0.000000e+00 0.000000e+00 -5.706577e-03)
639.35        	6.265252e-05	(0.000000e+00 0.000000e+00 -5.706577e-03)
639.45        	6.266036e-05	(0.000000e+00 0.000000e+00 -5.706577e-03)
639.55        	6.266791e-05	(0.000000e+00 0.000000e+00 -5.706577e-03)
639.65        	6.267752e-05	(0.000000e+00 0.000000e+00 -5.706577e-03)
639.75        	6.268476e-05	(0.000000e+00 0.000000e+00 -5.706577e-03)
639.85        	6.269208e-05	(0.000000e+00 0.000000e+00 -5.706577e-03)
639.95        	6.269820e-05	(0.000000e+00 0.000000e+00 -5.706577e-03)
640.05        	6.270542e-05	(0.000000e+00 0.000000e+00 -5.706577e-03)
640.15        	6.271383e-05	(0.000000e+00 0.000000e+00 -5.706577e-03)
640.25        	6.272141e-05	(0.000000e+00 0.000000e+00 -5.706577e-03)
640.35        	6.272776e-05	(0.000000e+00 0.000000e+00 -5.706577e-03)
640.45        	6.273545e-05	(0.000000e+00 0.000000e+00 -5.706577e-03)
640.55        	6.274228e-05	(0.000000e+00 0.000000e+00 -5.706577e-03)
640.65        	6.275067e-05	(0.000000e+00 0.000000e+00 -5.706577e-03)
640.75        	6.275745e-05	(0.000000e+00 0.000000e+00 -5.706577e-03)
640.85        	6.276446e-05	(0.000000e+00 0.000000e+00 -5.706577e-03)
640.95        	6.277075e-05	(0.000000e+00 0.000000e+00 -5.706577e-03)
641.05        	6.277697e-05	(0.000000e+00 0.000000e+00 -5.706577e-03)
641.15        	6.278149e-05	(0.000000e+00 0.000000e+00 -5.706577e-03)
641.25        	6.278730e-05	(0.000000e+00 0.000000e+00 -5.706577e-03)
641.35        	6.279366e-05	(0.000000e+00 0.000000e+00 -5.706577e-03)
641.45        	6.280073e-05	(0.000000e+00 0.000000e+00 -5.706577e-03)
641.55        	6.280484e-05	(0.000000e+00 0.000000e+00 -5.706577e-03)
641.65        	6.281758e-05	(0.000000e+00 0.000000e+00 -5.706577e-03)
641.75        	6.283534e-05	(0.000000e+00 0.000000e+00 -5.706577e-03)
641.85        	6.285641e-05	(0.000000e+00 0.000000e+00 -5.706577e-03)
641.95        	6.286996e-05	(0.000000e+00 0.000000e+00 -5.706577e-03)
642.05        	6.287631e-05	(0.000000e+00 0.000000e+00 -5.706577e-03)
642.15        	6.288139e-05	(0.000000e+00 0.000000e+00 -5.706577e-03)
642.25        	6.288787e-05	(0.000000e+00 0.000000e+00 -5.706577e-03)
642.35        	6.289526e-05	(0.000000e+00 0.000000e+00 -5.706577e-03)
642.45        	6.290160e-05	(0.000000e+00 0.000000e+00 -5.706577e-03)
642.55        	6.290887e-05	(0.000000e+00 0.000000e+00 -5.706577e-03)
642.65        	6.291615e-05	(0.000000e+00 0.000000e+00 -5.706577e-03)
642.75        	6.292291e-05	(0.000000e+00 0.000000e+00 -5.706577e-03)
642.85        	6.293051e-05	(0.000000e+00 0.000000e+00 -5.706577e-03)
642.95        	6.293759e-05	(0.000000e+00 0.000000e+00 -5.706577e-03)
643.05        	6.294712e-05	(0.000000e+00 0.000000e+00 -5.706577e-03)
643.15        	6.295671e-05	(0.000000e+00 0.000000e+00 -5.706577e-03)
643.25        	6.296568e-05	(0.000000e+00 0.000000e+00 -5.706577e-03)
643.35        	6.297494e-05	(0.000000e+00 0.000000e+00 -5.706577e-03)
643.45        	6.298278e-05	(0.000000e+00 0.000000e+00 -5.706577e-03)
643.55        	6.299154e-05	(0.000000e+00 0.000000e+00 -5.706577e-03)
643.65        	6.299971e-05	(0.000000e+00 0.000000e+00 -5.706577e-03)
643.75        	6.300692e-05	(0.000000e+00 0.000000e+00 -5.706577e-03)
643.85        	6.301480e-05	(0.000000e+00 0.000000e+00 -5.706577e-03)
643.95        	6.302424e-05	(0.000000e+00 0.000000e+00 -5.706577e-03)
644.05        	6.303186e-05	(0.000000e+00 0.000000e+00 -5.706577e-03)
644.15        	6.303984e-05	(0.000000e+00 0.000000e+00 -5.706577e-03)
644.25        	6.304829e-05	(0.000000e+00 0.000000e+00 -5.706577e-03)
644.35        	6.305767e-05	(0.000000e+00 0.000000e+00 -5.706577e-03)
644.45        	6.306649e-05	(0.000000e+00 0.000000e+00 -5.706577e-03)
644.55        	6.307495e-05	(0.000000e+00 0.000000e+00 -5.706577e-03)
644.65        	6.308257e-05	(0.000000e+00 0.000000e+00 -5.706577e-03)
644.75        	6.308368e-05	(0.000000e+00 0.000000e+00 -5.706577e-03)
644.85        	6.308810e-05	(0.000000e+00 0.000000e+00 -5.706577e-03)
644.95        	6.308707e-05	(0.000000e+00 0.000000e+00 -5.706577e-03)
645.05        	6.309677e-05	(0.000000e+00 0.000000e+00 -5.706577e-03)
645.15        	6.310402e-05	(0.000000e+00 0.000000e+00 -5.706577e-03)
645.25        	6.311288e-05	(0.000000e+00 0.000000e+00 -5.706577e-03)
645.35        	6.312173e-05	(0.000000e+00 0.000000e+00 -5.706577e-03)
645.45        	6.312915e-05	(0.000000e+00 0.000000e+00 -5.706577e-03)
645.55        	6.313910e-05	(0.000000e+00 0.000000e+00 -5.706577e-03)
645.65        	6.314869e-05	(0.000000e+00 0.000000e+00 -5.706577e-03)
645.75        	6.315814e-05	(0.000000e+00 0.000000e+00 -5.706577e-03)
645.85        	6.316644e-05	(0.000000e+00 0.000000e+00 -5.706577e-03)
645.95        	6.317537e-05	(0.000000e+00 0.000000e+00 -5.706577e-03)
646.05        	6.318423e-05	(0.000000e+00 0.000000e+00 -5.706577e-03)
646.15        	6.319278e-05	(0.000000e+00 0.000000e+00 -5.706577e-03)
646.25        	6.320158e-05	(0.000000e+00 0.000000e+00 -5.706577e-03)
646.35        	6.320666e-05	(0.000000e+00 0.000000e+00 -5.706577e-03)
646.45        	6.321444e-05	(0.000000e+00 0.000000e+00 -5.706577e-03)
646.55        	6.322328e-05	(0.000000e+00 0.000000e+00 -5.706577e-03)
646.65        	6.323152e-05	(0.000000e+00 0.000000e+00 -5.706577e-03)
646.75        	6.324022e-05	(0.000000e+00 0.000000e+00 -5.706577e-03)
646.85        	6.324584e-05	(0.000000e+00 0.000000e+00 -5.706577e-03)
646.95        	6.325151e-05	(0.000000e+00 0.000000e+00 -5.706577e-03)
647.05        	6.325818e-05	(0.000000e+00 0.000000e+00 -5.706577e-03)
647.15        	6.326346e-05	(0.000000e+00 0.000000e+00 -5.706577e-03)
647.25        	6.326974e-05	(0.000000e+00 0.000000e+00 -5.706577e-03)
647.35        	6.327667e-05	(0.000000e+00 0.000000e+00 -5.706577e-03)
647.45        	6.328840e-05	(0.000000e+00 0.000000e+00 -5.706577e-03)
647.55        	6.330202e-05	(0.000000e+00 0.000000e+00 -5.706577e-03)
647.65        	6.331706e-05	(0.000000e+00 0.000000e+00 -5.706577e-03)
647.75        	6.332428e-05	(0.000000e+00 0.000000e+00 -5.706577e-03)
647.85        	6.333033e-05	(0.000000e+00 0.000000e+00 -5.706577e-03)
647.95        	6.333784e-05	(0.000000e+00 0.000000e+00 -5.706577e-03)
648.05        	6.334524e-05	(0.000000e+00 0.000000e+00 -5.706577e-03)
648.15        	6.335127e-05	(0.000000e+00 0.000000e+00 -5.706577e-03)
648.25        	6.337265e-05	(0.000000e+00 0.000000e+00 -5.706577e-03)
648.35        	6.339662e-05	(0.000000e+00 0.000000e+00 -5.706577e-03)
648.45        	6.340637e-05	(0.000000e+00 0.000000e+00 -5.706577e-03)
648.55        	6.340986e-05	(0.000000e+00 0.000000e+00 -5.706577e-03)
648.65        	6.341544e-05	(0.000000e+00 0.000000e+00 -5.706577e-03)
648.75        	6.342171e-05	(0.000000e+00 0.000000e+00 -5.706577e-03)
648.85        	6.343331e-05	(0.000000e+00 0.000000e+00 -5.706577e-03)
648.95        	6.344698e-05	(0.000000e+00 0.000000e+00 -5.706577e-03)
649.05        	6.345759e-05	(0.000000e+00 0.000000e+00 -5.706577e-03)
649.15        	6.346416e-05	(0.000000e+00 0.000000e+00 -5.706577e-03)
649.25        	6.347107e-05	(0.000000e+00 0.000000e+00 -5.706577e-03)
649.35        	6.347870e-05	(0.000000e+00 0.000000e+00 -5.706577e-03)
649.45        	6.348554e-05	(0.000000e+00 0.000000e+00 -5.706577e-03)
649.55        	6.349368e-05	(0.000000e+00 0.000000e+00 -5.706577e-03)
649.65        	6.350140e-05	(0.000000e+00 0.000000e+00 -5.706577e-03)
649.75        	6.351065e-05	(0.000000e+00 0.000000e+00 -5.706577e-03)
649.85        	6.351934e-05	(0.000000e+00 0.000000e+00 -5.706577e-03)
649.95        	6.352819e-05	(0.000000e+00 0.000000e+00 -5.706577e-03)
650.05        	6.353887e-05	(0.000000e+00 0.000000e+00 -5.706577e-03)
650.15        	6.354834e-05	(0.000000e+00 0.000000e+00 -5.706577e-03)
650.25        	6.355790e-05	(0.000000e+00 0.000000e+00 -5.706577e-03)
650.35        	6.356674e-05	(0.000000e+00 0.000000e+00 -5.706577e-03)
650.45        	6.357566e-05	(0.000000e+00 0.000000e+00 -5.706577e-03)
650.55        	6.358418e-05	(0.000000e+00 0.000000e+00 -5.706577e-03)
650.65        	6.359281e-05	(0.000000e+00 0.000000e+00 -5.706577e-03)
650.75        	6.360116e-05	(0.000000e+00 0.000000e+00 -5.706577e-03)
650.85        	6.360784e-05	(0.000000e+00 0.000000e+00 -5.706577e-03)
650.95        	6.361665e-05	(0.000000e+00 0.000000e+00 -5.706577e-03)
651.05        	6.362788e-05	(0.000000e+00 0.000000e+00 -5.706577e-03)
651.15        	6.363616e-05	(0.000000e+00 0.000000e+00 -5.706577e-03)
651.25        	6.364383e-05	(0.000000e+00 0.000000e+00 -5.706577e-03)
651.35        	6.365216e-05	(0.000000e+00 0.000000e+00 -5.706577e-03)
651.45        	6.365969e-05	(0.000000e+00 0.000000e+00 -5.706577e-03)
651.55        	6.366774e-05	(0.000000e+00 0.000000e+00 -5.706577e-03)
651.65        	6.367552e-05	(0.000000e+00 0.000000e+00 -5.706577e-03)
651.75        	6.368662e-05	(0.000000e+00 0.000000e+00 -5.706577e-03)
651.85        	6.369649e-05	(0.000000e+00 0.000000e+00 -5.706577e-03)
651.95        	6.369808e-05	(0.000000e+00 0.000000e+00 -5.706577e-03)
652.05        	6.370322e-05	(0.000000e+00 0.000000e+00 -5.706577e-03)
652.15        	6.371055e-05	(0.000000e+00 0.000000e+00 -5.706577e-03)
652.25        	6.371764e-05	(0.000000e+00 0.000000e+00 -5.706577e-03)
652.35        	6.372753e-05	(0.000000e+00 0.000000e+00 -5.706577e-03)
652.45        	6.373895e-05	(0.000000e+00 0.000000e+00 -5.706577e-03)
652.55        	6.374746e-05	(0.000000e+00 0.000000e+00 -5.706577e-03)
652.65        	6.375481e-05	(0.000000e+00 0.000000e+00 -5.706577e-03)
652.75        	6.376346e-05	(0.000000e+00 0.000000e+00 -5.706577e-03)
652.85        	6.377108e-05	(0.000000e+00 0.000000e+00 -5.706577e-03)
652.95        	6.378052e-05	(0.000000e+00 0.000000e+00 -5.706577e-03)
653.05        	6.378968e-05	(0.000000e+00 0.000000e+00 -5.706577e-03)
653.15        	6.379926e-05	(0.000000e+00 0.000000e+00 -5.706577e-03)
653.25        	6.380834e-05	(0.000000e+00 0.000000e+00 -5.706577e-03)
653.35        	6.381785e-05	(0.000000e+00 0.000000e+00 -5.706577e-03)
653.45        	6.382547e-05	(0.000000e+00 0.000000e+00 -5.706577e-03)
653.55        	6.383428e-05	(0.000000e+00 0.000000e+00 -5.706577e-03)
653.65        	6.384305e-05	(0.000000e+00 0.000000e+00 -5.706577e-03)
653.75        	6.385094e-05	(0.000000e+00 0.000000e+00 -5.706577e-03)
653.85        	6.385898e-05	(0.000000e+00 0.000000e+00 -5.706577e-03)
653.95        	6.386596e-05	(0.000000e+00 0.000000e+00 -5.706577e-03)
654.05        	6.387530e-05	(0.000000e+00 0.000000e+00 -5.706577e-03)
654.15        	6.388376e-05	(0.000000e+00 0.000000e+00 -5.706577e-03)
654.25        	6.389328e-05	(0.000000e+00 0.000000e+00 -5.706577e-03)
654.35        	6.390709e-05	(0.000000e+00 0.000000e+00 -5.706577e-03)
654.45        	6.392234e-05	(0.000000e+00 0.000000e+00 -5.706577e-03)
654.55        	6.393799e-05	(0.000000e+00 0.000000e+00 -5.706577e-03)
654.65        	6.394727e-05	(0.000000e+00 0.000000e+00 -5.706577e-03)
654.75        	6.395417e-05	(0.000000e+00 0.000000e+00 -5.706577e-03)
654.85        	6.396908e-05	(0.000000e+00 0.000000e+00 -5.706577e-03)
654.95        	6.398589e-05	(0.000000e+00 0.000000e+00 -5.706577e-03)
655.05        	6.399591e-05	(0.000000e+00 0.000000e+00 -5.706577e-03)
655.15        	6.399471e-05	(0.000000e+00 0.000000e+00 -5.706577e-03)
655.25        	6.400744e-05	(0.000000e+00 0.000000e+00 -5.706577e-03)
655.35        	6.402339e-05	(0.000000e+00 0.000000e+00 -5.706577e-03)
655.45        	6.403307e-05	(0.000000e+00 0.000000e+00 -5.706577e-03)
655.55        	6.404177e-05	(0.000000e+00 0.000000e+00 -5.706577e-03)
655.65        	6.405035e-05	(0.000000e+00 0.000000e+00 -5.706577e-03)
655.75        	6.406105e-05	(0.000000e+00 0.000000e+00 -5.706577e-03)
655.85        	6.406941e-05	(0.000000e+00 0.000000e+00 -5.706577e-03)
655.95        	6.407753e-05	(0.000000e+00 0.000000e+00 -5.706577e-03)
656.05        	6.408590e-05	(0.000000e+00 0.000000e+00 -5.706577e-03)
656.15        	6.409369e-05	(0.000000e+00 0.000000e+00 -5.706577e-03)
656.25        	6.410095e-05	(0.000000e+00 0.000000e+00 -5.706577e-03)
656.35        	6.410922e-05	(0.000000e+00 0.000000e+00 -5.706577e-03)
656.45        	6.411842e-05	(0.000000e+00 0.000000e+00 -5.706577e-03)
656.55        	6.412603e-05	(0.000000e+00 0.000000e+00 -5.706577e-03)
656.65        	6.413692e-05	(0.000000e+00 0.000000e+00 -5.706577e-03)
656.75        	6.414455e-05	(0.000000e+00 0.000000e+00 -5.706577e-03)
656.85        	6.415296e-05	(0.000000e+00 0.000000e+00 -5.706577e-03)
656.95        	6.416136e-05	(0.000000e+00 0.000000e+00 -5.706577e-03)
657.05        	6.417029e-05	(0.000000e+00 0.000000e+00 -5.706577e-03)
657.15        	6.417935e-05	(0.000000e+00 0.000000e+00 -5.706577e-03)
657.25        	6.418866e-05	(0.000000e+00 0.000000e+00 -5.706577e-03)
657.35        	6.419958e-05	(0.000000e+00 0.000000e+00 -5.706577e-03)
657.45        	6.420907e-05	(0.000000e+00 0.000000e+00 -5.706577e-03)
657.55        	6.421777e-05	(0.000000e+00 0.000000e+00 -5.706577e-03)
657.65        	6.422497e-05	(0.000000e+00 0.000000e+00 -5.706577e-03)
657.75        	6.423272e-05	(0.000000e+00 0.000000e+00 -5.706577e-03)
657.85        	6.424110e-05	(0.000000e+00 0.000000e+00 -5.706577e-03)
657.95        	6.425003e-05	(0.000000e+00 0.000000e+00 -5.706577e-03)
658.05        	6.425984e-05	(0.000000e+00 0.000000e+00 -5.706577e-03)
658.15        	6.426851e-05	(0.000000e+00 0.000000e+00 -5.706577e-03)
658.25        	6.427799e-05	(0.000000e+00 0.000000e+00 -5.706577e-03)
658.35        	6.428620e-05	(0.000000e+00 0.000000e+00 -5.706577e-03)
658.45        	6.429484e-05	(0.000000e+00 0.000000e+00 -5.706577e-03)
658.55        	6.430351e-05	(0.000000e+00 0.000000e+00 -5.706577e-03)
658.65        	6.431153e-05	(0.000000e+00 0.000000e+00 -5.706577e-03)
658.75        	6.432632e-05	(0.000000e+00 0.000000e+00 -5.706577e-03)
658.85        	6.433908e-05	(0.000000e+00 0.000000e+00 -5.706577e-03)
658.95        	6.435469e-05	(0.000000e+00 0.000000e+00 -5.706577e-03)
659.05        	6.436757e-05	(0.000000e+00 0.000000e+00 -5.706577e-03)
659.15        	6.437548e-05	(0.000000e+00 0.000000e+00 -5.706577e-03)
659.25        	6.438345e-05	(0.000000e+00 0.000000e+00 -5.706577e-03)
659.35        	6.439155e-05	(0.000000e+00 0.000000e+00 -5.706577e-03)
659.45        	6.440057e-05	(0.000000e+00 0.000000e+00 -5.706577e-03)
659.55        	6.440914e-05	(0.000000e+00 0.000000e+00 -5.706577e-03)
659.65        	6.441746e-05	(0.000000e+00 0.000000e+00 -5.706577e-03)
659.75        	6.442583e-05	(0.000000e+00 0.000000e+00 -5.706577e-03)
659.85        	6.443447e-05	(0.000000e+00 0.000000e+00 -5.706577e-03)
659.95        	6.444569e-05	(0.000000e+00 0.000000e+00 -5.706577e-03)
660.05        	6.445070e-05	(0.000000e+00 0.000000e+00 -5.706577e-03)
660.15        	6.445753e-05	(0.000000e+00 0.000000e+00 -5.706577e-03)
660.25        	6.446013e-05	(0.000000e+00 0.000000e+00 -5.706577e-03)
660.35        	6.446095e-05	(0.000000e+00 0.000000e+00 -5.706577e-03)
660.45        	6.446315e-05	(0.000000e+00 0.000000e+00 -5.706577e-03)
660.55        	6.447862e-05	(0.000000e+00 0.000000e+00 -5.706577e-03)
660.65        	6.450104e-05	(0.000000e+00 0.000000e+00 -5.706577e-03)
660.75        	6.452385e-05	(0.000000e+00 0.000000e+00 -5.706577e-03)
660.85        	6.454126e-05	(0.000000e+00 0.000000e+00 -5.706577e-03)
660.95        	6.454628e-05	(0.000000e+00 0.000000e+00 -5.706577e-03)
661.05        	6.455212e-05	(0.000000e+00 0.000000e+00 -5.706577e-03)
661.15        	6.456019e-05	(0.000000e+00 0.000000e+00 -5.706577e-03)
661.25        	6.457373e-05	(0.000000e+00 0.000000e+00 -5.706577e-03)
661.35        	6.458877e-05	(0.000000e+00 0.000000e+00 -5.706577e-03)
661.45        	6.460030e-05	(0.000000e+00 0.000000e+00 -5.706577e-03)
661.55        	6.460624e-05	(0.000000e+00 0.000000e+00 -5.706577e-03)
661.65        	6.461552e-05	(0.000000e+00 0.000000e+00 -5.706577e-03)
661.75        	6.462195e-05	(0.000000e+00 0.000000e+00 -5.706577e-03)
661.85        	6.463003e-05	(0.000000e+00 0.000000e+00 -5.706577e-03)
661.95        	6.463865e-05	(0.000000e+00 0.000000e+00 -5.706577e-03)
662.05        	6.464759e-05	(0.000000e+00 0.000000e+00 -5.706577e-03)
662.15        	6.465566e-05	(0.000000e+00 0.000000e+00 -5.706577e-03)
662.25        	6.466367e-05	(0.000000e+00 0.000000e+00 -5.706577e-03)
662.35        	6.467292e-05	(0.000000e+00 0.000000e+00 -5.706577e-03)
662.45        	6.468329e-05	(0.000000e+00 0.000000e+00 -5.706577e-03)
662.55        	6.469460e-05	(0.000000e+00 0.000000e+00 -5.706577e-03)
662.65        	6.470245e-05	(0.000000e+00 0.000000e+00 -5.706577e-03)
662.75        	6.471241e-05	(0.000000e+00 0.000000e+00 -5.706577e-03)
662.85        	6.472363e-05	(0.000000e+00 0.000000e+00 -5.706577e-03)
662.95        	6.473427e-05	(0.000000e+00 0.000000e+00 -5.706577e-03)
663.05        	6.474180e-05	(0.000000e+00 0.000000e+00 -5.706577e-03)
663.15        	6.475041e-05	(0.000000e+00 0.000000e+00 -5.706577e-03)
663.25        	6.476539e-05	(0.000000e+00 0.000000e+00 -5.706577e-03)
663.35        	6.477304e-05	(0.000000e+00 0.000000e+00 -5.706577e-03)
663.45        	6.477698e-05	(0.000000e+00 0.000000e+00 -5.706577e-03)
663.55        	6.477927e-05	(0.000000e+00 0.000000e+00 -5.706577e-03)
663.65        	6.478766e-05	(0.000000e+00 0.000000e+00 -5.706577e-03)
663.75        	6.479671e-05	(0.000000e+00 0.000000e+00 -5.706577e-03)
663.85        	6.481109e-05	(0.000000e+00 0.000000e+00 -5.706577e-03)
663.95        	6.482221e-05	(0.000000e+00 0.000000e+00 -5.706577e-03)
664.05        	6.483196e-05	(0.000000e+00 0.000000e+00 -5.706577e-03)
664.15        	6.484508e-05	(0.000000e+00 0.000000e+00 -5.706577e-03)
664.25        	6.485923e-05	(0.000000e+00 0.000000e+00 -5.706577e-03)
664.35        	6.486876e-05	(0.000000e+00 0.000000e+00 -5.706577e-03)
664.45        	6.488045e-05	(0.000000e+00 0.000000e+00 -5.706577e-03)
664.55        	6.489191e-05	(0.000000e+00 0.000000e+00 -5.706577e-03)
664.65        	6.490400e-05	(0.000000e+00 0.000000e+00 -5.706577e-03)
664.75        	6.491475e-05	(0.000000e+00 0.000000e+00 -5.706577e-03)
664.85        	6.492584e-05	(0.000000e+00 0.000000e+00 -5.706577e-03)
664.95        	6.493514e-05	(0.000000e+00 0.000000e+00 -5.706577e-03)
665.05        	6.494464e-05	(0.000000e+00 0.000000e+00 -5.706577e-03)
665.15        	6.495556e-05	(0.000000e+00 0.000000e+00 -5.706577e-03)
665.25        	6.496734e-05	(0.000000e+00 0.000000e+00 -5.706577e-03)
665.35        	6.497972e-05	(0.000000e+00 0.000000e+00 -5.706577e-03)
665.45        	6.499032e-05	(0.000000e+00 0.000000e+00 -5.706577e-03)
665.55        	6.500173e-05	(0.000000e+00 0.000000e+00 -5.706577e-03)
665.65        	6.500630e-05	(0.000000e+00 0.000000e+00 -5.706577e-03)
665.75        	6.501903e-05	(0.000000e+00 0.000000e+00 -5.706577e-03)
665.85        	6.502242e-05	(0.000000e+00 0.000000e+00 -5.706577e-03)
665.95        	6.502769e-05	(0.000000e+00 0.000000e+00 -5.706577e-03)
666.05        	6.503445e-05	(0.000000e+00 0.000000e+00 -5.706577e-03)
666.15        	6.503248e-05	(0.000000e+00 0.000000e+00 -5.706577e-03)
666.25        	6.503971e-05	(0.000000e+00 0.000000e+00 -5.706577e-03)
666.35        	6.505461e-05	(0.000000e+00 0.000000e+00 -5.706577e-03)
666.45        	6.506335e-05	(0.000000e+00 0.000000e+00 -5.706577e-03)
666.55        	6.507333e-05	(0.000000e+00 0.000000e+00 -5.706577e-03)
666.65        	6.508087e-05	(0.000000e+00 0.000000e+00 -5.706577e-03)
666.75        	6.509147e-05	(0.000000e+00 0.000000e+00 -5.706577e-03)
666.85        	6.510331e-05	(0.000000e+00 0.000000e+00 -5.706577e-03)
666.95        	6.510979e-05	(0.000000e+00 0.000000e+00 -5.706577e-03)
667.05        	6.512148e-05	(0.000000e+00 0.000000e+00 -5.706577e-03)
667.15        	6.513037e-05	(0.000000e+00 0.000000e+00 -5.706577e-03)
667.25        	6.514043e-05	(0.000000e+00 0.000000e+00 -5.706577e-03)
667.35        	6.515185e-05	(0.000000e+00 0.000000e+00 -5.706577e-03)
667.45        	6.516339e-05	(0.000000e+00 0.000000e+00 -5.706577e-03)
667.55        	6.517319e-05	(0.000000e+00 0.000000e+00 -5.706577e-03)
667.65        	6.517873e-05	(0.000000e+00 0.000000e+00 -5.706577e-03)
667.75        	6.518455e-05	(0.000000e+00 0.000000e+00 -5.706577e-03)
667.85        	6.519290e-05	(0.000000e+00 0.000000e+00 -5.706577e-03)
667.95        	6.520201e-05	(0.000000e+00 0.000000e+00 -5.706577e-03)
668.05        	6.521144e-05	(0.000000e+00 0.000000e+00 -5.706577e-03)
668.15        	6.522772e-05	(0.000000e+00 0.000000e+00 -5.706577e-03)
668.25        	6.523643e-05	(0.000000e+00 0.000000e+00 -5.706577e-03)
668.35        	6.524664e-05	(0.000000e+00 0.000000e+00 -5.706577e-03)
668.45        	6.526887e-05	(0.000000e+00 0.000000e+00 -5.706577e-03)
668.55        	6.529178e-05	(0.000000e+00 0.000000e+00 -5.706577e-03)
668.65        	6.530415e-05	(0.000000e+00 0.000000e+00 -5.706577e-03)
668.75        	6.531578e-05	(0.000000e+00 0.000000e+00 -5.706577e-03)
668.85        	6.531457e-05	(0.000000e+00 0.000000e+00 -5.706577e-03)
668.95        	6.530896e-05	(0.000000e+00 0.000000e+00 -5.706577e-03)
669.05        	6.531681e-05	(0.000000e+00 0.000000e+00 -5.706577e-03)
669.15        	6.532623e-05	(0.000000e+00 0.000000e+00 -5.706577e-03)
669.25        	6.533636e-05	(0.000000e+00 0.000000e+00 -5.706577e-03)
669.35        	6.534851e-05	(0.000000e+00 0.000000e+00 -5.706577e-03)
669.45        	6.535847e-05	(0.000000e+00 0.000000e+00 -5.706577e-03)
669.55        	6.536819e-05	(0.000000e+00 0.000000e+00 -5.706577e-03)
669.65        	6.537716e-05	(0.000000e+00 0.000000e+00 -5.706577e-03)
669.75        	6.538676e-05	(0.000000e+00 0.000000e+00 -5.706577e-03)
669.85        	6.539592e-05	(0.000000e+00 0.000000e+00 -5.706577e-03)
669.95        	6.540617e-05	(0.000000e+00 0.000000e+00 -5.706577e-03)
670.05        	6.541680e-05	(0.000000e+00 0.000000e+00 -5.706577e-03)
670.15        	6.542972e-05	(0.000000e+00 0.000000e+00 -5.706577e-03)
670.25        	6.544463e-05	(0.000000e+00 0.000000e+00 -5.706577e-03)
670.35        	6.546198e-05	(0.000000e+00 0.000000e+00 -5.706577e-03)
670.45        	6.547595e-05	(0.000000e+00 0.000000e+00 -5.706577e-03)
670.55        	6.548550e-05	(0.000000e+00 0.000000e+00 -5.706577e-03)
670.65        	6.549594e-05	(0.000000e+00 0.000000e+00 -5.706577e-03)
670.75        	6.550801e-05	(0.000000e+00 0.000000e+00 -5.706577e-03)
670.85        	6.552342e-05	(0.000000e+00 0.000000e+00 -5.706577e-03)
670.95        	6.552716e-05	(0.000000e+00 0.000000e+00 -5.706577e-03)
671.05        	6.552969e-05	(0.000000e+00 0.000000e+00 -5.706577e-03)
671.15        	6.553859e-05	(0.000000e+00 0.000000e+00 -5.706577e-03)
671.25        	6.555042e-05	(0.000000e+00 0.000000e+00 -5.706577e-03)
671.35        	6.556420e-05	(0.000000e+00 0.000000e+00 -5.706577e-03)
671.45        	6.557769e-05	(0.000000e+00 0.000000e+00 -5.706577e-03)
671.55        	6.559637e-05	(0.000000e+00 0.000000e+00 -5.706577e-03)
671.65        	6.559404e-05	(0.000000e+00 0.000000e+00 -5.706577e-03)
671.75        	6.558860e-05	(0.000000e+00 0.000000e+00 -5.706577e-03)
671.85        	6.559349e-05	(0.000000e+00 0.000000e+00 -5.706577e-03)
671.95        	6.560376e-05	(0.000000e+00 0.000000e+00 -5.706577e-03)
672.05        	6.561589e-05	(0.000000e+00 0.000000e+00 -5.706577e-03)
672.15        	6.562564e-05	(0.000000e+00 0.000000e+00 -5.706577e-03)
672.25        	6.563391e-05	(0.000000e+00 0.000000e+00 -5.706577e-03)
672.35        	6.564347e-05	(0.000000e+00 0.000000e+00 -5.706577e-03)
672.45        	6.565336e-05	(0.000000e+00 0.000000e+00 -5.706577e-03)
672.55        	6.566434e-05	(0.000000e+00 0.000000e+00 -5.706577e-03)
672.65        	6.567305e-05	(0.000000e+00 0.000000e+00 -5.706577e-03)
672.75        	6.568256e-05	(0.000000e+00 0.000000e+00 -5.706577e-03)
672.85        	6.569138e-05	(0.000000e+00 0.000000e+00 -5.706577e-03)
672.95        	6.570143e-05	(0.000000e+00 0.000000e+00 -5.706577e-03)
673.05        	6.571148e-05	(0.000000e+00 0.000000e+00 -5.706577e-03)
673.15        	6.572369e-05	(0.000000e+00 0.000000e+00 -5.706577e-03)
673.25        	6.573575e-05	(0.000000e+00 0.000000e+00 -5.706577e-03)
673.35        	6.574550e-05	(0.000000e+00 0.000000e+00 -5.706577e-03)
673.45        	6.575615e-05	(0.000000e+00 0.000000e+00 -5.706577e-03)
673.55        	6.576767e-05	(0.000000e+00 0.000000e+00 -5.706577e-03)
673.65        	6.578057e-05	(0.000000e+00 0.000000e+00 -5.706577e-03)
673.75        	6.579267e-05	(0.000000e+00 0.000000e+00 -5.706577e-03)
673.85        	6.580360e-05	(0.000000e+00 0.000000e+00 -5.706577e-03)
673.95        	6.581759e-05	(0.000000e+00 0.000000e+00 -5.706577e-03)
674.05        	6.583036e-05	(0.000000e+00 0.000000e+00 -5.706577e-03)
674.15        	6.583508e-05	(0.000000e+00 0.000000e+00 -5.706577e-03)
674.25        	6.584593e-05	(0.000000e+00 0.000000e+00 -5.706577e-03)
674.35        	6.586590e-05	(0.000000e+00 0.000000e+00 -5.706577e-03)
674.45        	6.587942e-05	(0.000000e+00 0.000000e+00 -5.706577e-03)
674.55        	6.588905e-05	(0.000000e+00 0.000000e+00 -5.706577e-03)
674.65        	6.589764e-05	(0.000000e+00 0.000000e+00 -5.706577e-03)
674.75        	6.590747e-05	(0.000000e+00 0.000000e+00 -5.706577e-03)
674.85        	6.591616e-05	(0.000000e+00 0.000000e+00 -5.706577e-03)
674.95        	6.592788e-05	(0.000000e+00 0.000000e+00 -5.706577e-03)
675.05        	6.594476e-05	(0.000000e+00 0.000000e+00 -5.706577e-03)
675.15        	6.595077e-05	(0.000000e+00 0.000000e+00 -5.706577e-03)
675.25        	6.595243e-05	(0.000000e+00 0.000000e+00 -5.706577e-03)
675.35        	6.596025e-05	(0.000000e+00 0.000000e+00 -5.706577e-03)
675.45        	6.597087e-05	(0.000000e+00 0.000000e+00 -5.706577e-03)
675.55        	6.598016e-05	(0.000000e+00 0.000000e+00 -5.706577e-03)
675.65        	6.598786e-05	(0.000000e+00 0.000000e+00 -5.706577e-03)
675.75        	6.599811e-05	(0.000000e+00 0.000000e+00 -5.706577e-03)
675.85        	6.600877e-05	(0.000000e+00 0.000000e+00 -5.706577e-03)
675.95        	6.602106e-05	(0.000000e+00 0.000000e+00 -5.706577e-03)
676.05        	6.603408e-05	(0.000000e+00 0.000000e+00 -5.706577e-03)
676.15        	6.604579e-05	(0.000000e+00 0.000000e+00 -5.706577e-03)
676.25        	6.605257e-05	(0.000000e+00 0.000000e+00 -5.706577e-03)
676.35        	6.606416e-05	(0.000000e+00 0.000000e+00 -5.706577e-03)
676.45        	6.607502e-05	(0.000000e+00 0.000000e+00 -5.706577e-03)
676.55        	6.608300e-05	(0.000000e+00 0.000000e+00 -5.706577e-03)
676.65        	6.609781e-05	(0.000000e+00 0.000000e+00 -5.706577e-03)
676.75        	6.611245e-05	(0.000000e+00 0.000000e+00 -5.706577e-03)
676.85        	6.612688e-05	(0.000000e+00 0.000000e+00 -5.706577e-03)
676.95        	6.613621e-05	(0.000000e+00 0.000000e+00 -5.706577e-03)
677.05        	6.615228e-05	(0.000000e+00 0.000000e+00 -5.706577e-03)
677.15        	6.616554e-05	(0.000000e+00 0.000000e+00 -5.706577e-03)
677.25        	6.616189e-05	(0.000000e+00 0.000000e+00 -5.706577e-03)
677.35        	6.615254e-05	(0.000000e+00 0.000000e+00 -5.706577e-03)
677.45        	6.616414e-05	(0.000000e+00 0.000000e+00 -5.706577e-03)
677.55        	6.618513e-05	(0.000000e+00 0.000000e+00 -5.706577e-03)
677.65        	6.619706e-05	(0.000000e+00 0.000000e+00 -5.706577e-03)
677.75        	6.620708e-05	(0.000000e+00 0.000000e+00 -5.706577e-03)
677.85        	6.622018e-05	(0.000000e+00 0.000000e+00 -5.706577e-03)
677.95        	6.623330e-05	(0.000000e+00 0.000000e+00 -5.706577e-03)
678.05        	6.624457e-05	(0.000000e+00 0.000000e+00 -5.706577e-03)
678.15        	6.625628e-05	(0.000000e+00 0.000000e+00 -5.706577e-03)
678.25        	6.626505e-05	(0.000000e+00 0.000000e+00 -5.706577e-03)
678.35        	6.627253e-05	(0.000000e+00 0.000000e+00 -5.706577e-03)
678.45        	6.628148e-05	(0.000000e+00 0.000000e+00 -5.706577e-03)
678.55        	6.629141e-05	(0.000000e+00 0.000000e+00 -5.706577e-03)
678.65        	6.630248e-05	(0.000000e+00 0.000000e+00 -5.706577e-03)
678.75        	6.631105e-05	(0.000000e+00 0.000000e+00 -5.706577e-03)
678.85        	6.631268e-05	(0.000000e+00 0.000000e+00 -5.706577e-03)
678.95        	6.632462e-05	(0.000000e+00 0.000000e+00 -5.706577e-03)
679.05        	6.632621e-05	(0.000000e+00 0.000000e+00 -5.706577e-03)
679.15        	6.634920e-05	(0.000000e+00 0.000000e+00 -5.706577e-03)
679.25        	6.636324e-05	(0.000000e+00 0.000000e+00 -5.706577e-03)
679.35        	6.637447e-05	(0.000000e+00 0.000000e+00 -5.706577e-03)
679.45        	6.639294e-05	(0.000000e+00 0.000000e+00 -5.706577e-03)
679.55        	6.641164e-05	(0.000000e+00 0.000000e+00 -5.706577e-03)
679.65        	6.642213e-05	(0.000000e+00 0.000000e+00 -5.706577e-03)
679.75        	6.643225e-05	(0.000000e+00 0.000000e+00 -5.706577e-03)
679.85        	6.644413e-05	(0.000000e+00 0.000000e+00 -5.706577e-03)
679.95        	6.645702e-05	(0.000000e+00 0.000000e+00 -5.706577e-03)
680.05        	6.646929e-05	(0.000000e+00 0.000000e+00 -5.706577e-03)
680.15        	6.648150e-05	(0.000000e+00 0.000000e+00 -5.706577e-03)
680.25        	6.649572e-05	(0.000000e+00 0.000000e+00 -5.706577e-03)
680.35        	6.650888e-05	(0.000000e+00 0.000000e+00 -5.706577e-03)
680.45        	6.651073e-05	(0.000000e+00 0.000000e+00 -5.706577e-03)
680.55        	6.651468e-05	(0.000000e+00 0.000000e+00 -5.706577e-03)
680.65        	6.652426e-05	(0.000000e+00 0.000000e+00 -5.706577e-03)
680.75        	6.653638e-05	(0.000000e+00 0.000000e+00 -5.706577e-03)
680.85        	6.654803e-05	(0.000000e+00 0.000000e+00 -5.706577e-03)
680.95        	6.655749e-05	(0.000000e+00 0.000000e+00 -5.706577e-03)
681.05        	6.656783e-05	(0.000000e+00 0.000000e+00 -5.706577e-03)
681.15        	6.658224e-05	(0.000000e+00 0.000000e+00 -5.706577e-03)
681.25        	6.659615e-05	(0.000000e+00 0.000000e+00 -5.706577e-03)
681.35        	6.660783e-05	(0.000000e+00 0.000000e+00 -5.706577e-03)
681.45        	6.661550e-05	(0.000000e+00 0.000000e+00 -5.706577e-03)
681.55        	6.662630e-05	(0.000000e+00 0.000000e+00 -5.706577e-03)
681.65        	6.663901e-05	(0.000000e+00 0.000000e+00 -5.706577e-03)
681.75        	6.665676e-05	(0.000000e+00 0.000000e+00 -5.706577e-03)
681.85        	6.666126e-05	(0.000000e+00 0.000000e+00 -5.706577e-03)
681.95        	6.667206e-05	(0.000000e+00 0.000000e+00 -5.706577e-03)
682.05        	6.668741e-05	(0.000000e+00 0.000000e+00 -5.706577e-03)
682.15        	6.670153e-05	(0.000000e+00 0.000000e+00 -5.706577e-03)
682.25        	6.671635e-05	(0.000000e+00 0.000000e+00 -5.706577e-03)
682.35        	6.672615e-05	(0.000000e+00 0.000000e+00 -5.706577e-03)
682.45        	6.674225e-05	(0.000000e+00 0.000000e+00 -5.706577e-03)
682.55        	6.676041e-05	(0.000000e+00 0.000000e+00 -5.706577e-03)
682.65        	6.677778e-05	(0.000000e+00 0.000000e+00 -5.706577e-03)
682.75        	6.678754e-05	(0.000000e+00 0.000000e+00 -5.706577e-03)
682.85        	6.680600e-05	(0.000000e+00 0.000000e+00 -5.706577e-03)
682.95        	6.681145e-05	(0.000000e+00 0.000000e+00 -5.706577e-03)
683.05        	6.681499e-05	(0.000000e+00 0.000000e+00 -5.706577e-03)
683.15        	6.681947e-05	(0.000000e+00 0.000000e+00 -5.706577e-03)
683.25        	6.682668e-05	(0.000000e+00 0.000000e+00 -5.706577e-03)
683.35        	6.682869e-05	(0.000000e+00 0.000000e+00 -5.706577e-03)
683.45        	6.683451e-05	(0.000000e+00 0.000000e+00 -5.706577e-03)
683.55        	6.684570e-05	(0.000000e+00 0.000000e+00 -5.706577e-03)
683.65        	6.686178e-05	(0.000000e+00 0.000000e+00 -5.706577e-03)
683.75        	6.687266e-05	(0.000000e+00 0.000000e+00 -5.706577e-03)
683.85        	6.688170e-05	(0.000000e+00 0.000000e+00 -5.706577e-03)
683.95        	6.688813e-05	(0.000000e+00 0.000000e+00 -5.706577e-03)
684.05        	6.690371e-05	(0.000000e+00 0.000000e+00 -5.706577e-03)
684.15        	6.691207e-05	(0.000000e+00 0.000000e+00 -5.706577e-03)
684.25        	6.693187e-05	(0.000000e+00 0.000000e+00 -5.706577e-03)
684.35        	6.694934e-05	(0.000000e+00 0.000000e+00 -5.706577e-03)
684.45        	6.695829e-05	(0.000000e+00 0.000000e+00 -5.706577e-03)
684.55        	6.696771e-05	(0.000000e+00 0.000000e+00 -5.706577e-03)
684.65        	6.698161e-05	(0.000000e+00 0.000000e+00 -5.706577e-03)
684.75        	6.699634e-05	(0.000000e+00 0.000000e+00 -5.706577e-03)
684.85        	6.700864e-05	(0.000000e+00 0.000000e+00 -5.706577e-03)
684.95        	6.702315e-05	(0.000000e+00 0.000000e+00 -5.706577e-03)
685.05        	6.703402e-05	(0.000000e+00 0.000000e+00 -5.706577e-03)
685.15        	6.703698e-05	(0.000000e+00 0.000000e+00 -5.706577e-03)
685.25        	6.704845e-05	(0.000000e+00 0.000000e+00 -5.706577e-03)
685.35        	6.706361e-05	(0.000000e+00 0.000000e+00 -5.706577e-03)
685.45        	6.707427e-05	(0.000000e+00 0.000000e+00 -5.706577e-03)
685.55        	6.708238e-05	(0.000000e+00 0.000000e+00 -5.706577e-03)
685.65        	6.709225e-05	(0.000000e+00 0.000000e+00 -5.706577e-03)
685.75        	6.710333e-05	(0.000000e+00 0.000000e+00 -5.706577e-03)
685.85        	6.711449e-05	(0.000000e+00 0.000000e+00 -5.706577e-03)
685.95        	6.712514e-05	(0.000000e+00 0.000000e+00 -5.706577e-03)
686.05        	6.713964e-05	(0.000000e+00 0.000000e+00 -5.706577e-03)
686.15        	6.715273e-05	(0.000000e+00 0.000000e+00 -5.706577e-03)
686.25        	6.716955e-05	(0.000000e+00 0.000000e+00 -5.706577e-03)
686.35        	6.718614e-05	(0.000000e+00 0.000000e+00 -5.706577e-03)
686.45        	6.718818e-05	(0.000000e+00 0.000000e+00 -5.706577e-03)
686.55        	6.718697e-05	(0.000000e+00 0.000000e+00 -5.706577e-03)
686.65        	6.719524e-05	(0.000000e+00 0.000000e+00 -5.706577e-03)
686.75        	6.720656e-05	(0.000000e+00 0.000000e+00 -5.706577e-03)
686.85        	6.721691e-05	(0.000000e+00 0.000000e+00 -5.706577e-03)
686.95        	6.722581e-05	(0.000000e+00 0.000000e+00 -5.706577e-03)
687.05        	6.723369e-05	(0.000000e+00 0.000000e+00 -5.706577e-03)
687.15        	6.724245e-05	(0.000000e+00 0.000000e+00 -5.706577e-03)
687.25        	6.725718e-05	(0.000000e+00 0.000000e+00 -5.706577e-03)
687.35        	6.727058e-05	(0.000000e+00 0.000000e+00 -5.706577e-03)
687.45        	6.728912e-05	(0.000000e+00 0.000000e+00 -5.706577e-03)
687.55        	6.730824e-05	(0.000000e+00 0.000000e+00 -5.706577e-03)
687.65        	6.732662e-05	(0.000000e+00 0.000000e+00 -5.706577e-03)
687.75        	6.734821e-05	(0.000000e+00 0.000000e+00 -5.706577e-03)
687.85        	6.736382e-05	(0.000000e+00 0.000000e+00 -5.706577e-03)
687.95        	6.737353e-05	(0.000000e+00 0.000000e+00 -5.706577e-03)
688.05        	6.738715e-05	(0.000000e+00 0.000000e+00 -5.706577e-03)
688.15        	6.740039e-05	(0.000000e+00 0.000000e+00 -5.706577e-03)
688.25        	6.741201e-05	(0.000000e+00 0.000000e+00 -5.706577e-03)
688.35        	6.742611e-05	(0.000000e+00 0.000000e+00 -5.706577e-03)
688.45        	6.743862e-05	(0.000000e+00 0.000000e+00 -5.706577e-03)
688.55        	6.745067e-05	(0.000000e+00 0.000000e+00 -5.706577e-03)
688.65        	6.745897e-05	(0.000000e+00 0.000000e+00 -5.706577e-03)
688.75        	6.746902e-05	(0.000000e+00 0.000000e+00 -5.706577e-03)
688.85        	6.747554e-05	(0.000000e+00 0.000000e+00 -5.706577e-03)
688.95        	6.748286e-05	(0.000000e+00 0.000000e+00 -5.706577e-03)
689.05        	6.749161e-05	(0.000000e+00 0.000000e+00 -5.706577e-03)
689.15        	6.750049e-05	(0.000000e+00 0.000000e+00 -5.706577e-03)
689.25        	6.751211e-05	(0.000000e+00 0.000000e+00 -5.706577e-03)
689.35        	6.752333e-05	(0.000000e+00 0.000000e+00 -5.706577e-03)
689.45        	6.753564e-05	(0.000000e+00 0.000000e+00 -5.706577e-03)
689.55        	6.755117e-05	(0.000000e+00 0.000000e+00 -5.706577e-03)
689.65        	6.756344e-05	(0.000000e+00 0.000000e+00 -5.706577e-03)
689.75        	6.757612e-05	(0.000000e+00 0.000000e+00 -5.706577e-03)
689.85        	6.758648e-05	(0.000000e+00 0.000000e+00 -5.706577e-03)
689.95        	6.760324e-05	(0.000000e+00 0.000000e+00 -5.706577e-03)
690.05        	6.761852e-05	(0.000000e+00 0.000000e+00 -5.706577e-03)
690.15        	6.762566e-05	(0.000000e+00 0.000000e+00 -5.706577e-03)
690.25        	6.764173e-05	(0.000000e+00 0.000000e+00 -5.706577e-03)
690.35        	6.765724e-05	(0.000000e+00 0.000000e+00 -5.706577e-03)
690.45        	6.767179e-05	(0.000000e+00 0.000000e+00 -5.706577e-03)
690.55        	6.768632e-05	(0.000000e+00 0.000000e+00 -5.706577e-03)
690.65        	6.769810e-05	(0.000000e+00 0.000000e+00 -5.706577e-03)
690.75        	6.770893e-05	(0.000000e+00 0.000000e+00 -5.706577e-03)
690.85        	6.771959e-05	(0.000000e+00 0.000000e+00 -5.706577e-03)
690.95        	6.771481e-05	(0.000000e+00 0.000000e+00 -5.706577e-03)
691.05        	6.771880e-05	(0.000000e+00 0.000000e+00 -5.706577e-03)
691.15        	6.772397e-05	(0.000000e+00 0.000000e+00 -5.706577e-03)
691.25        	6.773484e-05	(0.000000e+00 0.000000e+00 -5.706577e-03)
691.35        	6.774600e-05	(0.000000e+00 0.000000e+00 -5.706577e-03)
691.45        	6.774958e-05	(0.000000e+00 0.000000e+00 -5.706577e-03)
691.55        	6.776186e-05	(0.000000e+00 0.000000e+00 -5.706577e-03)
691.65        	6.777054e-05	(0.000000e+00 0.000000e+00 -5.706577e-03)
691.75        	6.778282e-05	(0.000000e+00 0.000000e+00 -5.706577e-03)
691.85        	6.779972e-05	(0.000000e+00 0.000000e+00 -5.706577e-03)
691.95        	6.781731e-05	(0.000000e+00 0.000000e+00 -5.706577e-03)
692.05        	6.783292e-05	(0.000000e+00 0.000000e+00 -5.706577e-03)
692.15        	6.784018e-05	(0.000000e+00 0.000000e+00 -5.706577e-03)
692.25        	6.783888e-05	(0.000000e+00 0.000000e+00 -5.706577e-03)
692.35        	6.784079e-05	(0.000000e+00 0.000000e+00 -5.706577e-03)
692.45        	6.785099e-05	(0.000000e+00 0.000000e+00 -5.706577e-03)
692.55        	6.786415e-05	(0.000000e+00 0.000000e+00 -5.706577e-03)
692.65        	6.787922e-05	(0.000000e+00 0.000000e+00 -5.706577e-03)
692.75        	6.789531e-05	(0.000000e+00 0.000000e+00 -5.706577e-03)
692.85        	6.790620e-05	(0.000000e+00 0.000000e+00 -5.706577e-03)
692.95        	6.791828e-05	(0.000000e+00 0.000000e+00 -5.706577e-03)
693.05        	6.792890e-05	(0.000000e+00 0.000000e+00 -5.706577e-03)
693.15        	6.793963e-05	(0.000000e+00 0.000000e+00 -5.706577e-03)
693.25        	6.795174e-05	(0.000000e+00 0.000000e+00 -5.706577e-03)
693.35        	6.796242e-05	(0.000000e+00 0.000000e+00 -5.706577e-03)
693.45        	6.797111e-05	(0.000000e+00 0.000000e+00 -5.706577e-03)
693.55        	6.798327e-05	(0.000000e+00 0.000000e+00 -5.706577e-03)
693.65        	6.799846e-05	(0.000000e+00 0.000000e+00 -5.706577e-03)
693.75        	6.799811e-05	(0.000000e+00 0.000000e+00 -5.706577e-03)
693.85        	6.799809e-05	(0.000000e+00 0.000000e+00 -5.706577e-03)
693.95        	6.800152e-05	(0.000000e+00 0.000000e+00 -5.706577e-03)
694.05        	6.801627e-05	(0.000000e+00 0.000000e+00 -5.706577e-03)
694.15        	6.802759e-05	(0.000000e+00 0.000000e+00 -5.706577e-03)
694.25        	6.803785e-05	(0.000000e+00 0.000000e+00 -5.706577e-03)
694.35        	6.804957e-05	(0.000000e+00 0.000000e+00 -5.706577e-03)
694.45        	6.805671e-05	(0.000000e+00 0.000000e+00 -5.706577e-03)
694.55        	6.806620e-05	(0.000000e+00 0.000000e+00 -5.706577e-03)
694.65        	6.807670e-05	(0.000000e+00 0.000000e+00 -5.706577e-03)
694.75        	6.808927e-05	(0.000000e+00 0.000000e+00 -5.706577e-03)
694.85        	6.810124e-05	(0.000000e+00 0.000000e+00 -5.706577e-03)
694.95        	6.811375e-05	(0.000000e+00 0.000000e+00 -5.706577e-03)
695.05        	6.812727e-05	(0.000000e+00 0.000000e+00 -5.706577e-03)
695.15        	6.813864e-05	(0.000000e+00 0.000000e+00 -5.706577e-03)
695.25        	6.814907e-05	(0.000000e+00 0.000000e+00 -5.706577e-03)
695.35        	6.815186e-05	(0.000000e+00 0.000000e+00 -5.706577e-03)
695.45        	6.815744e-05	(0.000000e+00 0.000000e+00 -5.706577e-03)
695.55        	6.816856e-05	(0.000000e+00 0.000000e+00 -5.706577e-03)
695.65        	6.818360e-05	(0.000000e+00 0.000000e+00 -5.706577e-03)
695.75        	6.819675e-05	(0.000000e+00 0.000000e+00 -5.706577e-03)
695.85        	6.821100e-05	(0.000000e+00 0.000000e+00 -5.706577e-03)
695.95        	6.822400e-05	(0.000000e+00 0.000000e+00 -5.706577e-03)
696.05        	6.822736e-05	(0.000000e+00 0.000000e+00 -5.706577e-03)
696.15        	6.823464e-05	(0.000000e+00 0.000000e+00 -5.706577e-03)
696.25        	6.823963e-05	(0.000000e+00 0.000000e+00 -5.706577e-03)
696.35        	6.824823e-05	(0.000000e+00 0.000000e+00 -5.706577e-03)
696.45        	6.825862e-05	(0.000000e+00 0.000000e+00 -5.706577e-03)
696.55        	6.826741e-05	(0.000000e+00 0.000000e+00 -5.706577e-03)
696.65        	6.827735e-05	(0.000000e+00 0.000000e+00 -5.706577e-03)
696.75        	6.828619e-05	(0.000000e+00 0.000000e+00 -5.706577e-03)
696.85        	6.829919e-05	(0.000000e+00 0.000000e+00 -5.706577e-03)
696.95        	6.831034e-05	(0.000000e+00 0.000000e+00 -5.706577e-03)
697.05        	6.831436e-05	(0.000000e+00 0.000000e+00 -5.706577e-03)
697.15        	6.832966e-05	(0.000000e+00 0.000000e+00 -5.706577e-03)
697.25        	6.833821e-05	(0.000000e+00 0.000000e+00 -5.706577e-03)
697.35        	6.834601e-05	(0.000000e+00 0.000000e+00 -5.706577e-03)
697.45        	6.835724e-05	(0.000000e+00 0.000000e+00 -5.706577e-03)
697.55        	6.836695e-05	(0.000000e+00 0.000000e+00 -5.706577e-03)
697.65        	6.837984e-05	(0.000000e+00 0.000000e+00 -5.706577e-03)
697.75        	6.839491e-05	(0.000000e+00 0.000000e+00 -5.706577e-03)
697.85        	6.840533e-05	(0.000000e+00 0.000000e+00 -5.706577e-03)
697.95        	6.841970e-05	(0.000000e+00 0.000000e+00 -5.706577e-03)
698.05        	6.843679e-05	(0.000000e+00 0.000000e+00 -5.706577e-03)
698.15        	6.844811e-05	(0.000000e+00 0.000000e+00 -5.706577e-03)
698.25        	6.844930e-05	(0.000000e+00 0.000000e+00 -5.706577e-03)
698.35        	6.845582e-05	(0.000000e+00 0.000000e+00 -5.706577e-03)
698.45        	6.846552e-05	(0.000000e+00 0.000000e+00 -5.706577e-03)
698.55        	6.847480e-05	(0.000000e+00 0.000000e+00 -5.706577e-03)
698.65        	6.848479e-05	(0.000000e+00 0.000000e+00 -5.706577e-03)
698.75        	6.849271e-05	(0.000000e+00 0.000000e+00 -5.706577e-03)
698.85        	6.849582e-05	(0.000000e+00 0.000000e+00 -5.706577e-03)
698.95        	6.850449e-05	(0.000000e+00 0.000000e+00 -5.706577e-03)
699.05        	6.851153e-05	(0.000000e+00 0.000000e+00 -5.706577e-03)
699.15        	6.852044e-05	(0.000000e+00 0.000000e+00 -5.706577e-03)
699.25        	6.852895e-05	(0.000000e+00 0.000000e+00 -5.706577e-03)
699.35        	6.853684e-05	(0.000000e+00 0.000000e+00 -5.706577e-03)
699.45        	6.854794e-05	(0.000000e+00 0.000000e+00 -5.706577e-03)
699.55        	6.856229e-05	(0.000000e+00 0.000000e+00 -5.706577e-03)
699.65        	6.857499e-05	(0.000000e+00 0.000000e+00 -5.706577e-03)
699.75        	6.858506e-05	(0.000000e+00 0.000000e+00 -5.706577e-03)
699.85        	6.859682e-05	(0.000000e+00 0.000000e+00 -5.706577e-03)
699.95        	6.860900e-05	(0.000000e+00 0.000000e+00 -5.706577e-03)
700.05        	6.862716e-05	(0.000000e+00 0.000000e+00 -5.706577e-03)
700.15        	6.862894e-05	(0.000000e+00 0.000000e+00 -5.706577e-03)
700.25        	6.863431e-05	(0.000000e+00 0.000000e+00 -5.706577e-03)
700.35        	6.864175e-05	(0.000000e+00 0.000000e+00 -5.706577e-03)
700.45        	6.865252e-05	(0.000000e+00 0.000000e+00 -5.706577e-03)
700.55        	6.866319e-05	(0.000000e+00 0.000000e+00 -5.706577e-03)
700.65        	6.867083e-05	(0.000000e+00 0.000000e+00 -5.706577e-03)
700.75        	6.868187e-05	(0.000000e+00 0.000000e+00 -5.706577e-03)
700.85        	6.869062e-05	(0.000000e+00 0.000000e+00 -5.706577e-03)
700.95        	6.870053e-05	(0.000000e+00 0.000000e+00 -5.706577e-03)
701.05        	6.870622e-05	(0.000000e+00 0.000000e+00 -5.706577e-03)
701.15        	6.871184e-05	(0.000000e+00 0.000000e+00 -5.706577e-03)
701.25        	6.871594e-05	(0.000000e+00 0.000000e+00 -5.706577e-03)
701.35        	6.872559e-05	(0.000000e+00 0.000000e+00 -5.706577e-03)
701.45        	6.874083e-05	(0.000000e+00 0.000000e+00 -5.706577e-03)
701.55        	6.875225e-05	(0.000000e+00 0.000000e+00 -5.706577e-03)
701.65        	6.876187e-05	(0.000000e+00 0.000000e+00 -5.706577e-03)
701.75        	6.877689e-05	(0.000000e+00 0.000000e+00 -5.706577e-03)
701.85        	6.878125e-05	(0.000000e+00 0.000000e+00 -5.706577e-03)
701.95        	6.878991e-05	(0.000000e+00 0.000000e+00 -5.706577e-03)
702.05        	6.880486e-05	(0.000000e+00 0.000000e+00 -5.706577e-03)
702.15        	6.881575e-05	(0.000000e+00 0.000000e+00 -5.706577e-03)
702.25        	6.882582e-05	(0.000000e+00 0.000000e+00 -5.706577e-03)
702.35        	6.883763e-05	(0.000000e+00 0.000000e+00 -5.706577e-03)
702.45        	6.884923e-05	(0.000000e+00 0.000000e+00 -5.706577e-03)
702.55        	6.885993e-05	(0.000000e+00 0.000000e+00 -5.706577e-03)
702.65        	6.886867e-05	(0.000000e+00 0.000000e+00 -5.706577e-03)
702.75        	6.887284e-05	(0.000000e+00 0.000000e+00 -5.706577e-03)
702.85        	6.887696e-05	(0.000000e+00 0.000000e+00 -5.706577e-03)
702.95        	6.888899e-05	(0.000000e+00 0.000000e+00 -5.706577e-03)
703.05        	6.890870e-05	(0.000000e+00 0.000000e+00 -5.706577e-03)
703.15        	6.891995e-05	(0.000000e+00 0.000000e+00 -5.706577e-03)
703.25        	6.894670e-05	(0.000000e+00 0.000000e+00 -5.706577e-03)
703.35        	6.895765e-05	(0.000000e+00 0.000000e+00 -5.706577e-03)
703.45        	6.897033e-05	(0.000000e+00 0.000000e+00 -5.706577e-03)
703.55        	6.896991e-05	(0.000000e+00 0.000000e+00 -5.706577e-03)
703.65        	6.896779e-05	(0.000000e+00 0.000000e+00 -5.706577e-03)
703.75        	6.897722e-05	(0.000000e+00 0.000000e+00 -5.706577e-03)
703.85        	6.898804e-05	(0.000000e+00 0.000000e+00 -5.706577e-03)
703.95        	6.900593e-05	(0.000000e+00 0.000000e+00 -5.706577e-03)
704.05        	6.902575e-05	(0.000000e+00 0.000000e+00 -5.706577e-03)
704.15        	6.904772e-05	(0.000000e+00 0.000000e+00 -5.706577e-03)
704.25        	6.905684e-05	(0.000000e+00 0.000000e+00 -5.706577e-03)
704.35        	6.906679e-05	(0.000000e+00 0.000000e+00 -5.706577e-03)
704.45        	6.906220e-05	(0.000000e+00 0.000000e+00 -5.706577e-03)
704.55        	6.905875e-05	(0.000000e+00 0.000000e+00 -5.706577e-03)
704.65        	6.906611e-05	(0.000000e+00 0.000000e+00 -5.706577e-03)
704.75        	6.906856e-05	(0.000000e+00 0.000000e+00 -5.706577e-03)
704.85        	6.908335e-05	(0.000000e+00 0.000000e+00 -5.706577e-03)
704.95        	6.908800e-05	(0.000000e+00 0.000000e+00 -5.706577e-03)
705.05        	6.909542e-05	(0.000000e+00 0.000000e+00 -5.706577e-03)
705.15        	6.910572e-05	(0.000000e+00 0.000000e+00 -5.706577e-03)
705.25        	6.911626e-05	(0.000000e+00 0.000000e+00 -5.706577e-03)
705.35        	6.912558e-05	(0.000000e+00 0.000000e+00 -5.706577e-03)
705.45        	6.913493e-05	(0.000000e+00 0.000000e+00 -5.706577e-03)
705.55        	6.914852e-05	(0.000000e+00 0.000000e+00 -5.706577e-03)
705.65        	6.916192e-05	(0.000000e+00 0.000000e+00 -5.706577e-03)
705.75        	6.917460e-05	(0.000000e+00 0.000000e+00 -5.706577e-03)
705.85        	6.918960e-05	(0.000000e+00 0.000000e+00 -5.706577e-03)
705.95        	6.919518e-05	(0.000000e+00 0.000000e+00 -5.706577e-03)
706.05        	6.918507e-05	(0.000000e+00 0.000000e+00 -5.706577e-03)
706.15        	6.919104e-05	(0.000000e+00 0.000000e+00 -5.706577e-03)
706.25        	6.920599e-05	(0.000000e+00 0.000000e+00 -5.706577e-03)
706.35        	6.922529e-05	(0.000000e+00 0.000000e+00 -5.706577e-03)
706.45        	6.923924e-05	(0.000000e+00 0.000000e+00 -5.706577e-03)
706.55        	6.925579e-05	(0.000000e+00 0.000000e+00 -5.706577e-03)
706.65        	6.926347e-05	(0.000000e+00 0.000000e+00 -5.706577e-03)
706.75        	6.927281e-05	(0.000000e+00 0.000000e+00 -5.706577e-03)
706.85        	6.928785e-05	(0.000000e+00 0.000000e+00 -5.706577e-03)
706.95        	6.928863e-05	(0.000000e+00 0.000000e+00 -5.706577e-03)
707.05        	6.929528e-05	(0.000000e+00 0.000000e+00 -5.706577e-03)
707.15        	6.929467e-05	(0.000000e+00 0.000000e+00 -5.706577e-03)
707.25        	6.930252e-05	(0.000000e+00 0.000000e+00 -5.706577e-03)
707.35        	6.931261e-05	(0.000000e+00 0.000000e+00 -5.706577e-03)
707.45        	6.931913e-05	(0.000000e+00 0.000000e+00 -5.706577e-03)
707.55        	6.933182e-05	(0.000000e+00 0.000000e+00 -5.706577e-03)
707.65        	6.934182e-05	(0.000000e+00 0.000000e+00 -5.706577e-03)
707.75        	6.935117e-05	(0.000000e+00 0.000000e+00 -5.706577e-03)
707.85        	6.936112e-05	(0.000000e+00 0.000000e+00 -5.706577e-03)
707.95        	6.936997e-05	(0.000000e+00 0.000000e+00 -5.706577e-03)
708.05        	6.937853e-05	(0.000000e+00 0.000000e+00 -5.706577e-03)
708.15        	6.938775e-05	(0.000000e+00 0.000000e+00 -5.706577e-03)
708.25        	6.939598e-05	(0.000000e+00 0.000000e+00 -5.706577e-03)
708.35        	6.940467e-05	(0.000000e+00 0.000000e+00 -5.706577e-03)
708.45        	6.941107e-05	(0.000000e+00 0.000000e+00 -5.706577e-03)
708.55        	6.941891e-05	(0.000000e+00 0.000000e+00 -5.706577e-03)
708.65        	6.942572e-05	(0.000000e+00 0.000000e+00 -5.706577e-03)
708.75        	6.943359e-05	(0.000000e+00 0.000000e+00 -5.706577e-03)
708.85        	6.944012e-05	(0.000000e+00 0.000000e+00 -5.706577e-03)
708.95        	6.944577e-05	(0.000000e+00 0.000000e+00 -5.706577e-03)
709.05        	6.945234e-05	(0.000000e+00 0.000000e+00 -5.706577e-03)
709.15        	6.946539e-05	(0.000000e+00 0.000000e+00 -5.706577e-03)
709.25        	6.946004e-05	(0.000000e+00 0.000000e+00 -5.706577e-03)
709.35        	6.945607e-05	(0.000000e+00 0.000000e+00 -5.706577e-03)
709.45        	6.946434e-05	(0.000000e+00 0.000000e+00 -5.706577e-03)
709.55        	6.947313e-05	(0.000000e+00 0.000000e+00 -5.706577e-03)
709.65        	6.948048e-05	(0.000000e+00 0.000000e+00 -5.706577e-03)
709.75        	6.948846e-05	(0.000000e+00 0.000000e+00 -5.706577e-03)
709.85        	6.949626e-05	(0.000000e+00 0.000000e+00 -5.706577e-03)
709.95        	6.950268e-05	(0.000000e+00 0.000000e+00 -5.706577e-03)
710.05        	6.950954e-05	(0.000000e+00 0.000000e+00 -5.706577e-03)
710.15        	6.951583e-05	(0.000000e+00 0.000000e+00 -5.706577e-03)
710.25        	6.952733e-05	(0.000000e+00 0.000000e+00 -5.706577e-03)
710.35        	6.953156e-05	(0.000000e+00 0.000000e+00 -5.706577e-03)
710.45        	6.953533e-05	(0.000000e+00 0.000000e+00 -5.706577e-03)
710.55        	6.954276e-05	(0.000000e+00 0.000000e+00 -5.706577e-03)
710.65        	6.955203e-05	(0.000000e+00 0.000000e+00 -5.706577e-03)
710.75        	6.956409e-05	(0.000000e+00 0.000000e+00 -5.706577e-03)
710.85        	6.957179e-05	(0.000000e+00 0.000000e+00 -5.706577e-03)
710.95        	6.957526e-05	(0.000000e+00 0.000000e+00 -5.706577e-03)
711.05        	6.957128e-05	(0.000000e+00 0.000000e+00 -5.706577e-03)
711.15        	6.957582e-05	(0.000000e+00 0.000000e+00 -5.706577e-03)
711.25        	6.958747e-05	(0.000000e+00 0.000000e+00 -5.706577e-03)
711.35        	6.959226e-05	(0.000000e+00 0.000000e+00 -5.706577e-03)
711.45        	6.959768e-05	(0.000000e+00 0.000000e+00 -5.706577e-03)
711.55        	6.960764e-05	(0.000000e+00 0.000000e+00 -5.706577e-03)
711.65        	6.961571e-05	(0.000000e+00 0.000000e+00 -5.706577e-03)
711.75        	6.962157e-05	(0.000000e+00 0.000000e+00 -5.706577e-03)
711.85        	6.963004e-05	(0.000000e+00 0.000000e+00 -5.706577e-03)
711.95        	6.963536e-05	(0.000000e+00 0.000000e+00 -5.706577e-03)
712.05        	6.964130e-05	(0.000000e+00 0.000000e+00 -5.706577e-03)
712.15        	6.964883e-05	(0.000000e+00 0.000000e+00 -5.706577e-03)
712.25        	6.965584e-05	(0.000000e+00 0.000000e+00 -5.706577e-03)
712.35        	6.966311e-05	(0.000000e+00 0.000000e+00 -5.706577e-03)
712.45        	6.966682e-05	(0.000000e+00 0.000000e+00 -5.706577e-03)
712.55        	6.967105e-05	(0.000000e+00 0.000000e+00 -5.706577e-03)
712.65        	6.967726e-05	(0.000000e+00 0.000000e+00 -5.706577e-03)
712.75        	6.968424e-05	(0.000000e+00 0.000000e+00 -5.706577e-03)
712.85        	6.969425e-05	(0.000000e+00 0.000000e+00 -5.706577e-03)
712.95        	6.970134e-05	(0.000000e+00 0.000000e+00 -5.706577e-03)
713.05        	6.970391e-05	(0.000000e+00 0.000000e+00 -5.706577e-03)
713.15        	6.970740e-05	(0.000000e+00 0.000000e+00 -5.706577e-03)
713.25        	6.971078e-05	(0.000000e+00 0.000000e+00 -5.706577e-03)
713.35        	6.971481e-05	(0.000000e+00 0.000000e+00 -5.706577e-03)
713.45        	6.972063e-05	(0.000000e+00 0.000000e+00 -5.706577e-03)
713.55        	6.972424e-05	(0.000000e+00 0.000000e+00 -5.706577e-03)
713.65        	6.972813e-05	(0.000000e+00 0.000000e+00 -5.706577e-03)
713.75        	6.973393e-05	(0.000000e+00 0.000000e+00 -5.706577e-03)
713.85        	6.973924e-05	(0.000000e+00 0.000000e+00 -5.706577e-03)
713.95        	6.974393e-05	(0.000000e+00 0.000000e+00 -5.706577e-03)
714.05        	6.975346e-05	(0.000000e+00 0.000000e+00 -5.706577e-03)
714.15        	6.976856e-05	(0.000000e+00 0.000000e+00 -5.706577e-03)
714.25        	6.977498e-05	(0.000000e+00 0.000000e+00 -5.706577e-03)
714.35        	6.976408e-05	(0.000000e+00 0.000000e+00 -5.706577e-03)
714.45        	6.976755e-05	(0.000000e+00 0.000000e+00 -5.706577e-03)
714.55        	6.977250e-05	(0.000000e+00 0.000000e+00 -5.706577e-03)
714.65        	6.977858e-05	(0.000000e+00 0.000000e+00 -5.706577e-03)
714.75        	6.978684e-05	(0.000000e+00 0.000000e+00 -5.706577e-03)
714.85        	6.979227e-05	(0.000000e+00 0.000000e+00 -5.706577e-03)
714.95        	6.979730e-05	(0.000000e+00 0.000000e+00 -5.706577e-03)
715.05        	6.980481e-05	(0.000000e+00 0.000000e+00 -5.706577e-03)
715.15        	6.980717e-05	(0.000000e+00 0.000000e+00 -5.706577e-03)
715.25        	6.980372e-05	(0.000000e+00 0.000000e+00 -5.706577e-03)
715.35        	6.980737e-05	(0.000000e+00 0.000000e+00 -5.706577e-03)
715.45        	6.981328e-05	(0.000000e+00 0.000000e+00 -5.706577e-03)
715.55        	6.981958e-05	(0.000000e+00 0.000000e+00 -5.706577e-03)
715.65        	6.982561e-05	(0.000000e+00 0.000000e+00 -5.706577e-03)
715.75        	6.983153e-05	(0.000000e+00 0.000000e+00 -5.706577e-03)
715.85        	6.983640e-05	(0.000000e+00 0.000000e+00 -5.706577e-03)
715.95        	6.984039e-05	(0.000000e+00 0.000000e+00 -5.706577e-03)
716.05        	6.984624e-05	(0.000000e+00 0.000000e+00 -5.706577e-03)
716.15        	6.985556e-05	(0.000000e+00 0.000000e+00 -5.706577e-03)
716.25        	6.985994e-05	(0.000000e+00 0.000000e+00 -5.706577e-03)
716.35        	6.986190e-05	(0.000000e+00 0.000000e+00 -5.706577e-03)
716.45        	6.986181e-05	(0.000000e+00 0.000000e+00 -5.706577e-03)
716.55        	6.986500e-05	(0.000000e+00 0.000000e+00 -5.706577e-03)
716.65        	6.986838e-05	(0.000000e+00 0.000000e+00 -5.706577e-03)
716.75        	6.987118e-05	(0.000000e+00 0.000000e+00 -5.706577e-03)
716.85        	6.987826e-05	(0.000000e+00 0.000000e+00 -5.706577e-03)
716.95        	6.988446e-05	(0.000000e+00 0.000000e+00 -5.706577e-03)
717.05        	6.988969e-05	(0.000000e+00 0.000000e+00 -5.706577e-03)
717.15        	6.989358e-05	(0.000000e+00 0.000000e+00 -5.706577e-03)
717.25        	6.989707e-05	(0.000000e+00 0.000000e+00 -5.706577e-03)
717.35        	6.990235e-05	(0.000000e+00 0.000000e+00 -5.706577e-03)
717.45        	6.990701e-05	(0.000000e+00 0.000000e+00 -5.706577e-03)
717.55        	6.991026e-05	(0.000000e+00 0.000000e+00 -5.706577e-03)
717.65        	6.991271e-05	(0.000000e+00 0.000000e+00 -5.706577e-03)
717.75        	6.991281e-05	(0.000000e+00 0.000000e+00 -5.706577e-03)
717.85        	6.992042e-05	(0.000000e+00 0.000000e+00 -5.706577e-03)
717.95        	6.993686e-05	(0.000000e+00 0.000000e+00 -5.706577e-03)
718.05        	6.993952e-05	(0.000000e+00 0.000000e+00 -5.706577e-03)
718.15        	6.994091e-05	(0.000000e+00 0.000000e+00 -5.706577e-03)
718.25        	6.994046e-05	(0.000000e+00 0.000000e+00 -5.706577e-03)
718.35        	6.994665e-05	(0.000000e+00 0.000000e+00 -5.706577e-03)
718.45        	6.996024e-05	(0.000000e+00 0.000000e+00 -5.706577e-03)
718.55        	6.997668e-05	(0.000000e+00 0.000000e+00 -5.706577e-03)
718.65        	6.998023e-05	(0.000000e+00 0.000000e+00 -5.706577e-03)
718.75        	6.998212e-05	(0.000000e+00 0.000000e+00 -5.706577e-03)
718.85        	6.998384e-05	(0.000000e+00 0.000000e+00 -5.706577e-03)
718.95        	6.998646e-05	(0.000000e+00 0.000000e+00 -5.706577e-03)
719.05        	6.998998e-05	(0.000000e+00 0.000000e+00 -5.706577e-03)
719.15        	6.999504e-05	(0.000000e+00 0.000000e+00 -5.706577e-03)
719.25        	6.999379e-05	(0.000000e+00 0.000000e+00 -5.706577e-03)
719.35        	6.999404e-05	(0.000000e+00 0.000000e+00 -5.706577e-03)
719.45        	6.999708e-05	(0.000000e+00 0.000000e+00 -5.706577e-03)
719.55        	6.999915e-05	(0.000000e+00 0.000000e+00 -5.706577e-03)
719.65        	7.000295e-05	(0.000000e+00 0.000000e+00 -5.706577e-03)
719.75        	7.000314e-05	(0.000000e+00 0.000000e+00 -5.706577e-03)
719.85        	6.999988e-05	(0.000000e+00 0.000000e+00 -5.706577e-03)
719.95        	7.000044e-05	(0.000000e+00 0.000000e+00 -5.706577e-03)
720.05        	7.000166e-05	(0.000000e+00 0.000000e+00 -5.706577e-03)
720.15        	7.000208e-05	(0.000000e+00 0.000000e+00 -5.706577e-03)
720.25        	7.000267e-05	(0.000000e+00 0.000000e+00 -5.706577e-03)
720.35        	7.000561e-05	(0.000000e+00 0.000000e+00 -5.706577e-03)
720.45        	7.000739e-05	(0.000000e+00 0.000000e+00 -5.706577e-03)
720.55        	7.000978e-05	(0.000000e+00 0.000000e+00 -5.706577e-03)
720.65        	7.001236e-05	(0.000000e+00 0.000000e+00 -5.706577e-03)
720.75        	7.001488e-05	(0.000000e+00 0.000000e+00 -5.706577e-03)
720.85        	7.001746e-05	(0.000000e+00 0.000000e+00 -5.706577e-03)
720.95        	7.002105e-05	(0.000000e+00 0.000000e+00 -5.706577e-03)
721.05        	7.002444e-05	(0.000000e+00 0.000000e+00 -5.706577e-03)
721.15        	7.002620e-05	(0.000000e+00 0.000000e+00 -5.706577e-03)
721.25        	7.002637e-05	(0.000000e+00 0.000000e+00 -5.706577e-03)
721.35        	7.002769e-05	(0.000000e+00 0.000000e+00 -5.706577e-03)
721.45        	7.002894e-05	(0.000000e+00 0.000000e+00 -5.706577e-03)
721.55        	7.002846e-05	(0.000000e+00 0.000000e+00 -5.706577e-03)
721.65        	7.003210e-05	(0.000000e+00 0.000000e+00 -5.706577e-03)
721.75        	7.004118e-05	(0.000000e+00 0.000000e+00 -5.706577e-03)
721.85        	7.004229e-05	(0.000000e+00 0.000000e+00 -5.706577e-03)
721.95        	7.004106e-05	(0.000000e+00 0.000000e+00 -5.706577e-03)
722.05        	7.004233e-05	(0.000000e+00 0.000000e+00 -5.706577e-03)
722.15        	7.004098e-05	(0.000000e+00 0.000000e+00 -5.706577e-03)
722.25        	7.003027e-05	(0.000000e+00 0.000000e+00 -5.706577e-03)
722.35        	7.003272e-05	(0.000000e+00 0.000000e+00 -5.706577e-03)
722.45        	7.003449e-05	(0.000000e+00 0.000000e+00 -5.706577e-03)
722.55        	7.003697e-05	(0.000000e+00 0.000000e+00 -5.706577e-03)
722.65        	7.003679e-05	(0.000000e+00 0.000000e+00 -5.706577e-03)
722.75        	7.003268e-05	(0.000000e+00 0.000000e+00 -5.706577e-03)
722.85        	7.003226e-05	(0.000000e+00 0.000000e+00 -5.706577e-03)
722.95        	7.003159e-05	(0.000000e+00 0.000000e+00 -5.706577e-03)
723.05        	7.003855e-05	(0.000000e+00 0.000000e+00 -5.706577e-03)
723.15        	7.004403e-05	(0.000000e+00 0.000000e+00 -5.706577e-03)
723.25        	7.006037e-05	(0.000000e+00 0.000000e+00 -5.706577e-03)
723.35        	7.005027e-05	(0.000000e+00 0.000000e+00 -5.706577e-03)
723.45        	7.002500e-05	(0.000000e+00 0.000000e+00 -5.706577e-03)
723.55        	7.001774e-05	(0.000000e+00 0.000000e+00 -5.706577e-03)
723.65        	7.001894e-05	(0.000000e+00 0.000000e+00 -5.706577e-03)
723.75        	7.001748e-05	(0.000000e+00 0.000000e+00 -5.706577e-03)
723.85        	7.001481e-05	(0.000000e+00 0.000000e+00 -5.706577e-03)
723.95        	7.001463e-05	(0.000000e+00 0.000000e+00 -5.706577e-03)
724.05        	7.001629e-05	(0.000000e+00 0.000000e+00 -5.706577e-03)
724.15        	7.001732e-05	(0.000000e+00 0.000000e+00 -5.706577e-03)
724.25        	7.001618e-05	(0.000000e+00 0.000000e+00 -5.706577e-03)
724.35        	7.001660e-05	(0.000000e+00 0.000000e+00 -5.706577e-03)
724.45        	7.001210e-05	(0.000000e+00 0.000000e+00 -5.706577e-03)
724.55        	7.000711e-05	(0.000000e+00 0.000000e+00 -5.706577e-03)
724.65        	6.999837e-05	(0.000000e+00 0.000000e+00 -5.706577e-03)
724.75        	6.999563e-05	(0.000000e+00 0.000000e+00 -5.706577e-03)
724.85        	7.000466e-05	(0.000000e+00 0.000000e+00 -5.706577e-03)
724.95        	7.000625e-05	(0.000000e+00 0.000000e+00 -5.706577e-03)
725.05        	7.000587e-05	(0.000000e+00 0.000000e+00 -5.706577e-03)
725.15        	7.000076e-05	(0.000000e+00 0.000000e+00 -5.706577e-03)
725.25        	6.999662e-05	(0.000000e+00 0.000000e+00 -5.706577e-03)
725.35        	6.999545e-05	(0.000000e+00 0.000000e+00 -5.706577e-03)
725.45        	6.999682e-05	(0.000000e+00 0.000000e+00 -5.706577e-03)
725.55        	6.999818e-05	(0.000000e+00 0.000000e+00 -5.706577e-03)
725.65        	6.999924e-05	(0.000000e+00 0.000000e+00 -5.706577e-03)
725.75        	6.999959e-05	(0.000000e+00 0.000000e+00 -5.706577e-03)
725.85        	7.000014e-05	(0.000000e+00 0.000000e+00 -5.706577e-03)
725.95        	6.999727e-05	(0.000000e+00 0.000000e+00 -5.706577e-03)
726.05        	6.999431e-05	(0.000000e+00 0.000000e+00 -5.706577e-03)
726.15        	6.999281e-05	(0.000000e+00 0.000000e+00 -5.706577e-03)
726.25        	6.999321e-05	(0.000000e+00 0.000000e+00 -5.706577e-03)
726.35        	6.998897e-05	(0.000000e+00 0.000000e+00 -5.706577e-03)
726.45        	6.997976e-05	(0.000000e+00 0.000000e+00 -5.706577e-03)
726.55        	6.997226e-05	(0.000000e+00 0.000000e+00 -5.706577e-03)
726.65        	6.997406e-05	(0.000000e+00 0.000000e+00 -5.706577e-03)
726.75        	6.997377e-05	(0.000000e+00 0.000000e+00 -5.706577e-03)
726.85        	6.996304e-05	(0.000000e+00 0.000000e+00 -5.706577e-03)
726.95        	6.995973e-05	(0.000000e+00 0.000000e+00 -5.706577e-03)
727.05        	6.995597e-05	(0.000000e+00 0.000000e+00 -5.706577e-03)
727.15        	6.995533e-05	(0.000000e+00 0.000000e+00 -5.706577e-03)
727.25        	6.995038e-05	(0.000000e+00 0.000000e+00 -5.706577e-03)
727.35        	6.993896e-05	(0.000000e+00 0.000000e+00 -5.706577e-03)
727.45        	6.993563e-05	(0.000000e+00 0.000000e+00 -5.706577e-03)
727.55        	6.992957e-05	(0.000000e+00 0.000000e+00 -5.706577e-03)
727.65        	6.992872e-05	(0.000000e+00 0.000000e+00 -5.706577e-03)
727.75        	6.992841e-05	(0.000000e+00 0.000000e+00 -5.706577e-03)
727.85        	6.992650e-05	(0.000000e+00 0.000000e+00 -5.706577e-03)
727.95        	6.992341e-05	(0.000000e+00 0.000000e+00 -5.706577e-03)
728.05        	6.992239e-05	(0.000000e+00 0.000000e+00 -5.706577e-03)
728.15        	6.991919e-05	(0.000000e+00 0.000000e+00 -5.706577e-03)
728.25        	6.990588e-05	(0.000000e+00 0.000000e+00 -5.706577e-03)
728.35        	6.990108e-05	(0.000000e+00 0.000000e+00 -5.706577e-03)
728.45        	6.990132e-05	(0.000000e+00 0.000000e+00 -5.706577e-03)
728.55        	6.989112e-05	(0.000000e+00 0.000000e+00 -5.706577e-03)
728.65        	6.988709e-05	(0.000000e+00 0.000000e+00 -5.706577e-03)
728.75        	6.988540e-05	(0.000000e+00 0.000000e+00 -5.706577e-03)
728.85        	6.988019e-05	(0.000000e+00 0.000000e+00 -5.706577e-03)
728.95        	6.987694e-05	(0.000000e+00 0.000000e+00 -5.706577e-03)
729.05        	6.987246e-05	(0.000000e+00 0.000000e+00 -5.706577e-03)
729.15        	6.985914e-05	(0.000000e+00 0.000000e+00 -5.706577e-03)
729.25        	6.985842e-05	(0.000000e+00 0.000000e+00 -5.706577e-03)
729.35        	6.985658e-05	(0.000000e+00 0.000000e+00 -5.706577e-03)
729.45        	6.985166e-05	(0.000000e+00 0.000000e+00 -5.706577e-03)
729.55        	6.984290e-05	(0.000000e+00 0.000000e+00 -5.706577e-03)
729.65        	6.983814e-05	(0.000000e+00 0.000000e+00 -5.706577e-03)
729.75        	6.983828e-05	(0.000000e+00 0.000000e+00 -5.706577e-03)
729.85        	6.983707e-05	(0.000000e+00 0.000000e+00 -5.706577e-03)
729.95        	6.983495e-05	(0.000000e+00 0.000000e+00 -5.706577e-03)
730.05        	6.983204e-05	(0.000000e+00 0.000000e+00 -5.706577e-03)
730.15        	6.982814e-05	(0.000000e+00 0.000000e+00 -5.706577e-03)
730.25        	6.982998e-05	(0.000000e+00 0.000000e+00 -5.706577e-03)
730.35        	6.980209e-05	(0.000000e+00 0.000000e+00 -5.706577e-03)
730.45        	6.977927e-05	(0.000000e+00 0.000000e+00 -5.706577e-03)
730.55        	6.978044e-05	(0.000000e+00 0.000000e+00 -5.706577e-03)
730.65        	6.978382e-05	(0.000000e+00 0.000000e+00 -5.706577e-03)
730.75        	6.978739e-05	(0.000000e+00 0.000000e+00 -5.706577e-03)
730.85        	6.978327e-05	(0.000000e+00 0.000000e+00 -5.706577e-03)
730.95        	6.977424e-05	(0.000000e+00 0.000000e+00 -5.706577e-03)
731.05        	6.977047e-05	(0.000000e+00 0.000000e+00 -5.706577e-03)
731.15        	6.976788e-05	(0.000000e+00 0.000000e+00 -5.706577e-03)
731.25        	6.976294e-05	(0.000000e+00 0.000000e+00 -5.706577e-03)
731.35        	6.975704e-05	(0.000000e+00 0.000000e+00 -5.706577e-03)
731.45        	6.975513e-05	(0.000000e+00 0.000000e+00 -5.706577e-03)
731.55        	6.974972e-05	(0.000000e+00 0.000000e+00 -5.706577e-03)
731.65        	6.974056e-05	(0.000000e+00 0.000000e+00 -5.706577e-03)
731.75        	6.973427e-05	(0.000000e+00 0.000000e+00 -5.706577e-03)
731.85        	6.972597e-05	(0.000000e+00 0.000000e+00 -5.706577e-03)
731.95        	6.971550e-05	(0.000000e+00 0.000000e+00 -5.706577e-03)
732.05        	6.970630e-05	(0.000000e+00 0.000000e+00 -5.706577e-03)
732.15        	6.969783e-05	(0.000000e+00 0.000000e+00 -5.706577e-03)
732.25        	6.968969e-05	(0.000000e+00 0.000000e+00 -5.706577e-03)
732.35        	6.968664e-05	(0.000000e+00 0.000000e+00 -5.706577e-03)
732.45        	6.968216e-05	(0.000000e+00 0.000000e+00 -5.706577e-03)
732.55        	6.967066e-05	(0.000000e+00 0.000000e+00 -5.706577e-03)
732.65        	6.966406e-05	(0.000000e+00 0.000000e+00 -5.706577e-03)
732.75        	6.966049e-05	(0.000000e+00 0.000000e+00 -5.706577e-03)
732.85        	6.964716e-05	(0.000000e+00 0.000000e+00 -5.706577e-03)
732.95        	6.962883e-05	(0.000000e+00 0.000000e+00 -5.706577e-03)
733.05        	6.961554e-05	(0.000000e+00 0.000000e+00 -5.706577e-03)
733.15        	6.960938e-05	(0.000000e+00 0.000000e+00 -5.706577e-03)
733.25        	6.961095e-05	(0.000000e+00 0.000000e+00 -5.706577e-03)
733.35        	6.961084e-05	(0.000000e+00 0.000000e+00 -5.706577e-03)
733.45        	6.960830e-05	(0.000000e+00 0.000000e+00 -5.706577e-03)
733.55        	6.960178e-05	(0.000000e+00 0.000000e+00 -5.706577e-03)
733.65        	6.957486e-05	(0.000000e+00 0.000000e+00 -5.706577e-03)
733.75        	6.956954e-05	(0.000000e+00 0.000000e+00 -5.706577e-03)
733.85        	6.955197e-05	(0.000000e+00 0.000000e+00 -5.706577e-03)
733.95        	6.953201e-05	(0.000000e+00 0.000000e+00 -5.706577e-03)
734.05        	6.950196e-05	(0.000000e+00 0.000000e+00 -5.706577e-03)
734.15        	6.946098e-05	(0.000000e+00 0.000000e+00 -5.706577e-03)
734.25        	6.944927e-05	(0.000000e+00 0.000000e+00 -5.706577e-03)
734.35        	6.944798e-05	(0.000000e+00 0.000000e+00 -5.706577e-03)
734.45        	6.943776e-05	(0.000000e+00 0.000000e+00 -5.706577e-03)
734.55        	6.942191e-05	(0.000000e+00 0.000000e+00 -5.706577e-03)
734.65        	6.941643e-05	(0.000000e+00 0.000000e+00 -5.706577e-03)
734.75        	6.940781e-05	(0.000000e+00 0.000000e+00 -5.706577e-03)
734.85        	6.939895e-05	(0.000000e+00 0.000000e+00 -5.706577e-03)
734.95        	6.938706e-05	(0.000000e+00 0.000000e+00 -5.706577e-03)
735.05        	6.938320e-05	(0.000000e+00 0.000000e+00 -5.706577e-03)
735.15        	6.936948e-05	(0.000000e+00 0.000000e+00 -5.706577e-03)
735.25        	6.936296e-05	(0.000000e+00 0.000000e+00 -5.706577e-03)
735.35        	6.935438e-05	(0.000000e+00 0.000000e+00 -5.706577e-03)
735.45        	6.934430e-05	(0.000000e+00 0.000000e+00 -5.706577e-03)
735.55        	6.933489e-05	(0.000000e+00 0.000000e+00 -5.706577e-03)
735.65        	6.932587e-05	(0.000000e+00 0.000000e+00 -5.706577e-03)
735.75        	6.931541e-05	(0.000000e+00 0.000000e+00 -5.706577e-03)
735.85        	6.930260e-05	(0.000000e+00 0.000000e+00 -5.706577e-03)
735.95        	6.928904e-05	(0.000000e+00 0.000000e+00 -5.706577e-03)
736.05        	6.927597e-05	(0.000000e+00 0.000000e+00 -5.706577e-03)
736.15        	6.926232e-05	(0.000000e+00 0.000000e+00 -5.706577e-03)
736.25        	6.924806e-05	(0.000000e+00 0.000000e+00 -5.706577e-03)
736.35        	6.923708e-05	(0.000000e+00 0.000000e+00 -5.706577e-03)
736.45        	6.922076e-05	(0.000000e+00 0.000000e+00 -5.706577e-03)
736.55        	6.920105e-05	(0.000000e+00 0.000000e+00 -5.706577e-03)
736.65        	6.918483e-05	(0.000000e+00 0.000000e+00 -5.706577e-03)
736.75        	6.916427e-05	(0.000000e+00 0.000000e+00 -5.706577e-03)
736.85        	6.914785e-05	(0.000000e+00 0.000000e+00 -5.706577e-03)
736.95        	6.914505e-05	(0.000000e+00 0.000000e+00 -5.706577e-03)
737.05        	6.913640e-05	(0.000000e+00 0.000000e+00 -5.706577e-03)
737.15        	6.912643e-05	(0.000000e+00 0.000000e+00 -5.706577e-03)
737.25        	6.910892e-05	(0.000000e+00 0.000000e+00 -5.706577e-03)
737.35        	6.908290e-05	(0.000000e+00 0.000000e+00 -5.706577e-03)
737.45        	6.906738e-05	(0.000000e+00 0.000000e+00 -5.706577e-03)
737.55        	6.905094e-05	(0.000000e+00 0.000000e+00 -5.706577e-03)
737.65        	6.904828e-05	(0.000000e+00 0.000000e+00 -5.706577e-03)
737.75        	6.902629e-05	(0.000000e+00 0.000000e+00 -5.706577e-03)
737.85        	6.899664e-05	(0.000000e+00 0.000000e+00 -5.706577e-03)
737.95        	6.898053e-05	(0.000000e+00 0.000000e+00 -5.706577e-03)
738.05        	6.896906e-05	(0.000000e+00 0.000000e+00 -5.706577e-03)
738.15        	6.895534e-05	(0.000000e+00 0.000000e+00 -5.706577e-03)
738.25        	6.893891e-05	(0.000000e+00 0.000000e+00 -5.706577e-03)
738.35        	6.892351e-05	(0.000000e+00 0.000000e+00 -5.706577e-03)
738.45        	6.890741e-05	(0.000000e+00 0.000000e+00 -5.706577e-03)
738.55        	6.889459e-05	(0.000000e+00 0.000000e+00 -5.706577e-03)
738.65        	6.888302e-05	(0.000000e+00 0.000000e+00 -5.706577e-03)
738.75        	6.886918e-05	(0.000000e+00 0.000000e+00 -5.706577e-03)
738.85        	6.885475e-05	(0.000000e+00 0.000000e+00 -5.706577e-03)
738.95        	6.883959e-05	(0.000000e+00 0.000000e+00 -5.706577e-03)
739.05        	6.882652e-05	(0.000000e+00 0.000000e+00 -5.706577e-03)
739.15        	6.881291e-05	(0.000000e+00 0.000000e+00 -5.706577e-03)
739.25        	6.879763e-05	(0.000000e+00 0.000000e+00 -5.706577e-03)
739.35        	6.878462e-05	(0.000000e+00 0.000000e+00 -5.706577e-03)
739.45        	6.876595e-05	(0.000000e+00 0.000000e+00 -5.706577e-03)
739.55        	6.874933e-05	(0.000000e+00 0.000000e+00 -5.706577e-03)
739.65        	6.873475e-05	(0.000000e+00 0.000000e+00 -5.706577e-03)
739.75        	6.872111e-05	(0.000000e+00 0.000000e+00 -5.706577e-03)
739.85        	6.869725e-05	(0.000000e+00 0.000000e+00 -5.706577e-03)
739.95        	6.867579e-05	(0.000000e+00 0.000000e+00 -5.706577e-03)
740.05        	6.865366e-05	(0.000000e+00 0.000000e+00 -5.706577e-03)
740.15        	6.863226e-05	(0.000000e+00 0.000000e+00 -5.706577e-03)
740.25        	6.861981e-05	(0.000000e+00 0.000000e+00 -5.706577e-03)
740.35        	6.860942e-05	(0.000000e+00 0.000000e+00 -5.706577e-03)
740.45        	6.860421e-05	(0.000000e+00 0.000000e+00 -5.706577e-03)
740.55        	6.858829e-05	(0.000000e+00 0.000000e+00 -5.706577e-03)
740.65        	6.857225e-05	(0.000000e+00 0.000000e+00 -5.706577e-03)
740.75        	6.855313e-05	(0.000000e+00 0.000000e+00 -5.706577e-03)
740.85        	6.853598e-05	(0.000000e+00 0.000000e+00 -5.706577e-03)
740.95        	6.852410e-05	(0.000000e+00 0.000000e+00 -5.706577e-03)
741.0500000001	6.849134e-05	(0.000000e+00 0.000000e+00 -5.706577e-03)
741.1500000001	6.846202e-05	(0.000000e+00 0.000000e+00 -5.706577e-03)
741.2500000001	6.844648e-05	(0.000000e+00 0.000000e+00 -5.706577e-03)
741.3500000001	6.843933e-05	(0.000000e+00 0.000000e+00 -5.706577e-03)
741.4500000001	6.842232e-05	(0.000000e+00 0.000000e+00 -5.706577e-03)
741.5500000001	6.840228e-05	(0.000000e+00 0.000000e+00 -5.706577e-03)
741.6500000001	6.838927e-05	(0.000000e+00 0.000000e+00 -5.706577e-03)
741.7500000001	6.837438e-05	(0.000000e+00 0.000000e+00 -5.706577e-03)
741.8500000001	6.835762e-05	(0.000000e+00 0.000000e+00 -5.706577e-03)
741.9500000001	6.834094e-05	(0.000000e+00 0.000000e+00 -5.706577e-03)
742.0500000001	6.832507e-05	(0.000000e+00 0.000000e+00 -5.706577e-03)
742.1500000001	6.831213e-05	(0.000000e+00 0.000000e+00 -5.706577e-03)
742.2500000001	6.829691e-05	(0.000000e+00 0.000000e+00 -5.706577e-03)
742.3500000001	6.826994e-05	(0.000000e+00 0.000000e+00 -5.706577e-03)
742.4500000001	6.824785e-05	(0.000000e+00 0.000000e+00 -5.706577e-03)
742.5500000001	6.822706e-05	(0.000000e+00 0.000000e+00 -5.706577e-03)
742.6500000001	6.820634e-05	(0.000000e+00 0.000000e+00 -5.706577e-03)
742.7500000001	6.819000e-05	(0.000000e+00 0.000000e+00 -5.706577e-03)
742.8500000001	6.817538e-05	(0.000000e+00 0.000000e+00 -5.706577e-03)
742.9500000001	6.815872e-05	(0.000000e+00 0.000000e+00 -5.706577e-03)
743.0500000001	6.812724e-05	(0.000000e+00 0.000000e+00 -5.706577e-03)
743.1500000001	6.809924e-05	(0.000000e+00 0.000000e+00 -5.706577e-03)
743.2500000001	6.806691e-05	(0.000000e+00 0.000000e+00 -5.706577e-03)
743.3500000001	6.804008e-05	(0.000000e+00 0.000000e+00 -5.706577e-03)
743.4500000001	6.803086e-05	(0.000000e+00 0.000000e+00 -5.706577e-03)
743.5500000001	6.802076e-05	(0.000000e+00 0.000000e+00 -5.706577e-03)
743.6500000001	6.799623e-05	(0.000000e+00 0.000000e+00 -5.706577e-03)
743.7500000001	6.797538e-05	(0.000000e+00 0.000000e+00 -5.706577e-03)
743.8500000001	6.797505e-05	(0.000000e+00 0.000000e+00 -5.706577e-03)
743.9500000001	6.796848e-05	(0.000000e+00 0.000000e+00 -5.706577e-03)
744.0500000001	6.794738e-05	(0.000000e+00 0.000000e+00 -5.706577e-03)
744.1500000001	6.792150e-05	(0.000000e+00 0.000000e+00 -5.706577e-03)
744.2500000001	6.789957e-05	(0.000000e+00 0.000000e+00 -5.706577e-03)
744.3500000001	6.788138e-05	(0.000000e+00 0.000000e+00 -5.706577e-03)
744.4500000001	6.785998e-05	(0.000000e+00 0.000000e+00 -5.706577e-03)
744.5500000001	6.784317e-05	(0.000000e+00 0.000000e+00 -5.706577e-03)
744.6500000001	6.782391e-05	(0.000000e+00 0.000000e+00 -5.706577e-03)
744.7500000001	6.780581e-05	(0.000000e+00 0.000000e+00 -5.706577e-03)
744.8500000001	6.778506e-05	(0.000000e+00 0.000000e+00 -5.706577e-03)
744.9500000001	6.776815e-05	(0.000000e+00 0.000000e+00 -5.706577e-03)
745.0500000001	6.774424e-05	(0.000000e+00 0.000000e+00 -5.706577e-03)
745.1500000001	6.770770e-05	(0.000000e+00 0.000000e+00 -5.706577e-03)
745.2500000001	6.768036e-05	(0.000000e+00 0.000000e+00 -5.706577e-03)
745.3500000001	6.766301e-05	(0.000000e+00 0.000000e+00 -5.706577e-03)
745.4500000001	6.764747e-05	(0.000000e+00 0.000000e+00 -5.706577e-03)
745.5500000001	6.762511e-05	(0.000000e+00 0.000000e+00 -5.706577e-03)
745.6500000001	6.760099e-05	(0.000000e+00 0.000000e+00 -5.706577e-03)
745.7500000001	6.757458e-05	(0.000000e+00 0.000000e+00 -5.706577e-03)
745.8500000001	6.755056e-05	(0.000000e+00 0.000000e+00 -5.706577e-03)
745.9500000001	6.752827e-05	(0.000000e+00 0.000000e+00 -5.706577e-03)
746.0500000001	6.750426e-05	(0.000000e+00 0.000000e+00 -5.706577e-03)
746.1500000001	6.747905e-05	(0.000000e+00 0.000000e+00 -5.706577e-03)
746.2500000001	6.745410e-05	(0.000000e+00 0.000000e+00 -5.706577e-03)
746.3500000001	6.743243e-05	(0.000000e+00 0.000000e+00 -5.706577e-03)
746.4500000001	6.741386e-05	(0.000000e+00 0.000000e+00 -5.706577e-03)
746.5500000001	6.739091e-05	(0.000000e+00 0.000000e+00 -5.706577e-03)
746.6500000001	6.737041e-05	(0.000000e+00 0.000000e+00 -5.706577e-03)
746.7500000001	6.735003e-05	(0.000000e+00 0.000000e+00 -5.706577e-03)
746.8500000001	6.733000e-05	(0.000000e+00 0.000000e+00 -5.706577e-03)
746.9500000001	6.730772e-05	(0.000000e+00 0.000000e+00 -5.706577e-03)
747.0500000001	6.728738e-05	(0.000000e+00 0.000000e+00 -5.706577e-03)
747.1500000001	6.726592e-05	(0.000000e+00 0.000000e+00 -5.706577e-03)
747.2500000001	6.723817e-05	(0.000000e+00 0.000000e+00 -5.706577e-03)
747.3500000001	6.720889e-05	(0.000000e+00 0.000000e+00 -5.706577e-03)
747.4500000001	6.718195e-05	(0.000000e+00 0.000000e+00 -5.706577e-03)
747.5500000001	6.715856e-05	(0.000000e+00 0.000000e+00 -5.706577e-03)
747.6500000001	6.713581e-05	(0.000000e+00 0.000000e+00 -5.706577e-03)
747.7500000001	6.711240e-05	(0.000000e+00 0.000000e+00 -5.706577e-03)
747.8500000001	6.708669e-05	(0.000000e+00 0.000000e+00 -5.706577e-03)
747.9500000001	6.706533e-05	(0.000000e+00 0.000000e+00 -5.706577e-03)
748.0500000001	6.705271e-05	(0.000000e+00 0.000000e+00 -5.706577e-03)
748.1500000001	6.703182e-05	(0.000000e+00 0.000000e+00 -5.706577e-03)
748.2500000001	6.700598e-05	(0.000000e+00 0.000000e+00 -5.706577e-03)
748.3500000001	6.697955e-05	(0.000000e+00 0.000000e+00 -5.706577e-03)
748.4500000001	6.695630e-05	(0.000000e+00 0.000000e+00 -5.706577e-03)
748.5500000001	6.693179e-05	(0.000000e+00 0.000000e+00 -5.706577e-03)
748.6500000001	6.691516e-05	(0.000000e+00 0.000000e+00 -5.706577e-03)
748.7500000001	6.689731e-05	(0.000000e+00 0.000000e+00 -5.706577e-03)
748.8500000001	6.687457e-05	(0.000000e+00 0.000000e+00 -5.706577e-03)
748.9500000001	6.683613e-05	(0.000000e+00 0.000000e+00 -5.706577e-03)
749.0500000001	6.681324e-05	(0.000000e+00 0.000000e+00 -5.706577e-03)
749.1500000001	6.680098e-05	(0.000000e+00 0.000000e+00 -5.706577e-03)
749.2500000001	6.678580e-05	(0.000000e+00 0.000000e+00 -5.706577e-03)
749.3500000001	6.675908e-05	(0.000000e+00 0.000000e+00 -5.706577e-03)
749.4500000001	6.672413e-05	(0.000000e+00 0.000000e+00 -5.706577e-03)
749.5500000001	6.669849e-05	(0.000000e+00 0.000000e+00 -5.706577e-03)
749.6500000001	6.666441e-05	(0.000000e+00 0.000000e+00 -5.706577e-03)
749.7500000001	6.663925e-05	(0.000000e+00 0.000000e+00 -5.706577e-03)
749.8500000001	6.661471e-05	(0.000000e+00 0.000000e+00 -5.706577e-03)
749.9500000001	6.658871e-05	(0.000000e+00 0.000000e+00 -5.706577e-03)
750.0500000001	6.655870e-05	(0.000000e+00 0.000000e+00 -5.706577e-03)
750.1500000001	6.653723e-05	(0.000000e+00 0.000000e+00 -5.706577e-03)
750.2500000001	6.652164e-05	(0.000000e+00 0.000000e+00 -5.706577e-03)
750.3500000001	6.649831e-05	(0.000000e+00 0.000000e+00 -5.706577e-03)
750.4500000001	6.647103e-05	(0.000000e+00 0.000000e+00 -5.706577e-03)
750.5500000001	6.644844e-05	(0.000000e+00 0.000000e+00 -5.706577e-03)
750.6500000001	6.642654e-05	(0.000000e+00 0.000000e+00 -5.706577e-03)
750.7500000001	6.640554e-05	(0.000000e+00 0.000000e+00 -5.706577e-03)
750.8500000001	6.638283e-05	(0.000000e+00 0.000000e+00 -5.706577e-03)
750.9500000001	6.635980e-05	(0.000000e+00 0.000000e+00 -5.706577e-03)
751.0500000001	6.634012e-05	(0.000000e+00 0.000000e+00 -5.706577e-03)
751.1500000001	6.631702e-05	(0.000000e+00 0.000000e+00 -5.706577e-03)
751.2500000001	6.629120e-05	(0.000000e+00 0.000000e+00 -5.706577e-03)
751.3500000001	6.626077e-05	(0.000000e+00 0.000000e+00 -5.706577e-03)
751.4500000001	6.622910e-05	(0.000000e+00 0.000000e+00 -5.706577e-03)
751.5500000001	6.620363e-05	(0.000000e+00 0.000000e+00 -5.706577e-03)
751.6500000001	6.618146e-05	(0.000000e+00 0.000000e+00 -5.706577e-03)
751.7500000001	6.616166e-05	(0.000000e+00 0.000000e+00 -5.706577e-03)
751.8500000001	6.614342e-05	(0.000000e+00 0.000000e+00 -5.706577e-03)
751.9500000001	6.612238e-05	(0.000000e+00 0.000000e+00 -5.706577e-03)
752.0500000001	6.609776e-05	(0.000000e+00 0.000000e+00 -5.706577e-03)
752.1500000001	6.607482e-05	(0.000000e+00 0.000000e+00 -5.706577e-03)
752.2500000001	6.605766e-05	(0.000000e+00 0.000000e+00 -5.706577e-03)
752.3500000001	6.603922e-05	(0.000000e+00 0.000000e+00 -5.706577e-03)
752.4500000001	6.601736e-05	(0.000000e+00 0.000000e+00 -5.706577e-03)
752.5500000001	6.599549e-05	(0.000000e+00 0.000000e+00 -5.706577e-03)
752.6500000001	6.597867e-05	(0.000000e+00 0.000000e+00 -5.706577e-03)
752.7500000001	6.594737e-05	(0.000000e+00 0.000000e+00 -5.706577e-03)
752.8500000001	6.590601e-05	(0.000000e+00 0.000000e+00 -5.706577e-03)
752.9500000001	6.587983e-05	(0.000000e+00 0.000000e+00 -5.706577e-03)
753.0500000001	6.586190e-05	(0.000000e+00 0.000000e+00 -5.706577e-03)
753.1500000001	6.584955e-05	(0.000000e+00 0.000000e+00 -5.706577e-03)
753.2500000001	6.583199e-05	(0.000000e+00 0.000000e+00 -5.706577e-03)
753.3500000001	6.581073e-05	(0.000000e+00 0.000000e+00 -5.706577e-03)
753.4500000001	6.579474e-05	(0.000000e+00 0.000000e+00 -5.706577e-03)
753.5500000001	6.576781e-05	(0.000000e+00 0.000000e+00 -5.706577e-03)
753.6500000001	6.574161e-05	(0.000000e+00 0.000000e+00 -5.706577e-03)
753.7500000001	6.571295e-05	(0.000000e+00 0.000000e+00 -5.706577e-03)
753.8500000001	6.568562e-05	(0.000000e+00 0.000000e+00 -5.706577e-03)
753.9500000001	6.566827e-05	(0.000000e+00 0.000000e+00 -5.706577e-03)
754.0500000001	6.564619e-05	(0.000000e+00 0.000000e+00 -5.706577e-03)
754.1500000001	6.562849e-05	(0.000000e+00 0.000000e+00 -5.706577e-03)
754.2500000001	6.562022e-05	(0.000000e+00 0.000000e+00 -5.706577e-03)
754.3500000001	6.561134e-05	(0.000000e+00 0.000000e+00 -5.706577e-03)
754.4500000001	6.559182e-05	(0.000000e+00 0.000000e+00 -5.706577e-03)
754.5500000001	6.557054e-05	(0.000000e+00 0.000000e+00 -5.706577e-03)
754.6500000001	6.554860e-05	(0.000000e+00 0.000000e+00 -5.706577e-03)
754.7500000001	6.552851e-05	(0.000000e+00 0.000000e+00 -5.706577e-03)
754.8500000001	6.550961e-05	(0.000000e+00 0.000000e+00 -5.706577e-03)
754.9500000001	6.549075e-05	(0.000000e+00 0.000000e+00 -5.706577e-03)
755.0500000001	6.547029e-05	(0.000000e+00 0.000000e+00 -5.706577e-03)
755.1500000001	6.545361e-05	(0.000000e+00 0.000000e+00 -5.706577e-03)
755.2500000001	6.543521e-05	(0.000000e+00 0.000000e+00 -5.706577e-03)
755.3500000001	6.541643e-05	(0.000000e+00 0.000000e+00 -5.706577e-03)
755.4500000001	6.539838e-05	(0.000000e+00 0.000000e+00 -5.706577e-03)
755.5500000001	6.537789e-05	(0.000000e+00 0.000000e+00 -5.706577e-03)
755.6500000001	6.535458e-05	(0.000000e+00 0.000000e+00 -5.706577e-03)
755.7500000001	6.533793e-05	(0.000000e+00 0.000000e+00 -5.706577e-03)
755.8500000001	6.531891e-05	(0.000000e+00 0.000000e+00 -5.706577e-03)
755.9500000001	6.529825e-05	(0.000000e+00 0.000000e+00 -5.706577e-03)
756.0500000001	6.527859e-05	(0.000000e+00 0.000000e+00 -5.706577e-03)
756.1500000001	6.525928e-05	(0.000000e+00 0.000000e+00 -5.706577e-03)
756.2500000001	6.523805e-05	(0.000000e+00 0.000000e+00 -5.706577e-03)
756.3500000001	6.521755e-05	(0.000000e+00 0.000000e+00 -5.706577e-03)
756.4500000001	6.519741e-05	(0.000000e+00 0.000000e+00 -5.706577e-03)
756.5500000001	6.517735e-05	(0.000000e+00 0.000000e+00 -5.706577e-03)
756.6500000001	6.516082e-05	(0.000000e+00 0.000000e+00 -5.706577e-03)
756.7500000001	6.514234e-05	(0.000000e+00 0.000000e+00 -5.706577e-03)
756.8500000001	6.512500e-05	(0.000000e+00 0.000000e+00 -5.706577e-03)
756.9500000001	6.510530e-05	(0.000000e+00 0.000000e+00 -5.706577e-03)
757.0500000001	6.508820e-05	(0.000000e+00 0.000000e+00 -5.706577e-03)
757.1500000001	6.507216e-05	(0.000000e+00 0.000000e+00 -5.706577e-03)
757.2500000001	6.505414e-05	(0.000000e+00 0.000000e+00 -5.706577e-03)
757.3500000001	6.503443e-05	(0.000000e+00 0.000000e+00 -5.706577e-03)
757.4500000001	6.501311e-05	(0.000000e+00 0.000000e+00 -5.706577e-03)
757.5500000001	6.500025e-05	(0.000000e+00 0.000000e+00 -5.706577e-03)
757.6500000001	6.498736e-05	(0.000000e+00 0.000000e+00 -5.706577e-03)
757.7500000001	6.497538e-05	(0.000000e+00 0.000000e+00 -5.706577e-03)
757.8500000001	6.496536e-05	(0.000000e+00 0.000000e+00 -5.706577e-03)
757.9500000001	6.495019e-05	(0.000000e+00 0.000000e+00 -5.706577e-03)
758.0500000001	6.493187e-05	(0.000000e+00 0.000000e+00 -5.706577e-03)
758.1500000001	6.491537e-05	(0.000000e+00 0.000000e+00 -5.706577e-03)
758.2500000001	6.489929e-05	(0.000000e+00 0.000000e+00 -5.706577e-03)
758.3500000001	6.488252e-05	(0.000000e+00 0.000000e+00 -5.706577e-03)
758.4500000001	6.486434e-05	(0.000000e+00 0.000000e+00 -5.706577e-03)
758.5500000001	6.484545e-05	(0.000000e+00 0.000000e+00 -5.706577e-03)
758.6500000001	6.482501e-05	(0.000000e+00 0.000000e+00 -5.706577e-03)
758.7500000001	6.480392e-05	(0.000000e+00 0.000000e+00 -5.706577e-03)
758.8500000001	6.478652e-05	(0.000000e+00 0.000000e+00 -5.706577e-03)
758.9500000001	6.476978e-05	(0.000000e+00 0.000000e+00 -5.706577e-03)
759.0500000001	6.475492e-05	(0.000000e+00 0.000000e+00 -5.706577e-03)
759.1500000001	6.474019e-05	(0.000000e+00 0.000000e+00 -5.706577e-03)
759.2500000001	6.472268e-05	(0.000000e+00 0.000000e+00 -5.706577e-03)
759.3500000001	6.470578e-05	(0.000000e+00 0.000000e+00 -5.706577e-03)
759.4500000001	6.470171e-05	(0.000000e+00 0.000000e+00 -5.706577e-03)
759.5500000001	6.468542e-05	(0.000000e+00 0.000000e+00 -5.706577e-03)
759.6500000001	6.466898e-05	(0.000000e+00 0.000000e+00 -5.706577e-03)
759.7500000001	6.465649e-05	(0.000000e+00 0.000000e+00 -5.706577e-03)
759.8500000001	6.463707e-05	(0.000000e+00 0.000000e+00 -5.706577e-03)
759.9500000001	6.461849e-05	(0.000000e+00 0.000000e+00 -5.706577e-03)
760.0500000001	6.460286e-05	(0.000000e+00 0.000000e+00 -5.706577e-03)
760.1500000001	6.458857e-05	(0.000000e+00 0.000000e+00 -5.706577e-03)
760.2500000001	6.457363e-05	(0.000000e+00 0.000000e+00 -5.706577e-03)
760.3500000001	6.456203e-05	(0.000000e+00 0.000000e+00 -5.706577e-03)
760.4500000001	6.454921e-05	(0.000000e+00 0.000000e+00 -5.706577e-03)
760.5500000001	6.453033e-05	(0.000000e+00 0.000000e+00 -5.706577e-03)
760.6500000001	6.451012e-05	(0.000000e+00 0.000000e+00 -5.706577e-03)
760.7500000001	6.449433e-05	(0.000000e+00 0.000000e+00 -5.706577e-03)
760.8500000001	6.447848e-05	(0.000000e+00 0.000000e+00 -5.706577e-03)
760.9500000001	6.446007e-05	(0.000000e+00 0.000000e+00 -5.706577e-03)
761.0500000001	6.444513e-05	(0.000000e+00 0.000000e+00 -5.706577e-03)
761.1500000001	6.442708e-05	(0.000000e+00 0.000000e+00 -5.706577e-03)
761.2500000001	6.440855e-05	(0.000000e+00 0.000000e+00 -5.706577e-03)
761.3500000001	6.438946e-05	(0.000000e+00 0.000000e+00 -5.706577e-03)
761.4500000001	6.437430e-05	(0.000000e+00 0.000000e+00 -5.706577e-03)
761.5500000001	6.435715e-05	(0.000000e+00 0.000000e+00 -5.706577e-03)
761.6500000001	6.434132e-05	(0.000000e+00 0.000000e+00 -5.706577e-03)
761.7500000001	6.432912e-05	(0.000000e+00 0.000000e+00 -5.706577e-03)
761.8500000001	6.431709e-05	(0.000000e+00 0.000000e+00 -5.706577e-03)
761.9500000001	6.430393e-05	(0.000000e+00 0.000000e+00 -5.706577e-03)
762.0500000001	6.428916e-05	(0.000000e+00 0.000000e+00 -5.706577e-03)
762.1500000001	6.427536e-05	(0.000000e+00 0.000000e+00 -5.706577e-03)
762.2500000001	6.426128e-05	(0.000000e+00 0.000000e+00 -5.706577e-03)
762.3500000001	6.424593e-05	(0.000000e+00 0.000000e+00 -5.706577e-03)
762.4500000001	6.423399e-05	(0.000000e+00 0.000000e+00 -5.706577e-03)
762.5500000001	6.422368e-05	(0.000000e+00 0.000000e+00 -5.706577e-03)
762.6500000001	6.421037e-05	(0.000000e+00 0.000000e+00 -5.706577e-03)
762.7500000001	6.419698e-05	(0.000000e+00 0.000000e+00 -5.706577e-03)
762.8500000001	6.418615e-05	(0.000000e+00 0.000000e+00 -5.706577e-03)
762.9500000001	6.417015e-05	(0.000000e+00 0.000000e+00 -5.706577e-03)
763.0500000001	6.414947e-05	(0.000000e+00 0.000000e+00 -5.706577e-03)
763.1500000001	6.412546e-05	(0.000000e+00 0.000000e+00 -5.706577e-03)
763.2500000001	6.411734e-05	(0.000000e+00 0.000000e+00 -5.706577e-03)
763.3500000001	6.410290e-05	(0.000000e+00 0.000000e+00 -5.706577e-03)
763.4500000001	6.407780e-05	(0.000000e+00 0.000000e+00 -5.706577e-03)
763.5500000001	6.406320e-05	(0.000000e+00 0.000000e+00 -5.706577e-03)
763.6500000001	6.404879e-05	(0.000000e+00 0.000000e+00 -5.706577e-03)
763.7500000001	6.403422e-05	(0.000000e+00 0.000000e+00 -5.706577e-03)
763.8500000001	6.402451e-05	(0.000000e+00 0.000000e+00 -5.706577e-03)
763.9500000001	6.401665e-05	(0.000000e+00 0.000000e+00 -5.706577e-03)
764.0500000001	6.400442e-05	(0.000000e+00 0.000000e+00 -5.706577e-03)
764.1500000001	6.398900e-05	(0.000000e+00 0.000000e+00 -5.706577e-03)
764.2500000001	6.397854e-05	(0.000000e+00 0.000000e+00 -5.706577e-03)
764.3500000001	6.396486e-05	(0.000000e+00 0.000000e+00 -5.706577e-03)
764.4500000001	6.395220e-05	(0.000000e+00 0.000000e+00 -5.706577e-03)
764.5500000001	6.394012e-05	(0.000000e+00 0.000000e+00 -5.706577e-03)
764.6500000001	6.392592e-05	(0.000000e+00 0.000000e+00 -5.706577e-03)
764.7500000001	6.391398e-05	(0.000000e+00 0.000000e+00 -5.706577e-03)
764.8500000001	6.390064e-05	(0.000000e+00 0.000000e+00 -5.706577e-03)
764.9500000001	6.388865e-05	(0.000000e+00 0.000000e+00 -5.706577e-03)
765.0500000001	6.387349e-05	(0.000000e+00 0.000000e+00 -5.706577e-03)
765.1500000001	6.386431e-05	(0.000000e+00 0.000000e+00 -5.706577e-03)
765.2500000001	6.385784e-05	(0.000000e+00 0.000000e+00 -5.706577e-03)
765.3500000001	6.384882e-05	(0.000000e+00 0.000000e+00 -5.706577e-03)
765.4500000001	6.383662e-05	(0.000000e+00 0.000000e+00 -5.706577e-03)
765.5500000001	6.382161e-05	(0.000000e+00 0.000000e+00 -5.706577e-03)
765.6500000001	6.380721e-05	(0.000000e+00 0.000000e+00 -5.706577e-03)
765.7500000001	6.379157e-05	(0.000000e+00 0.000000e+00 -5.706577e-03)
765.8500000001	6.378045e-05	(0.000000e+00 0.000000e+00 -5.706577e-03)
765.9500000001	6.377342e-05	(0.000000e+00 0.000000e+00 -5.706577e-03)
766.0500000001	6.376537e-05	(0.000000e+00 0.000000e+00 -5.706577e-03)
766.1500000001	6.375818e-05	(0.000000e+00 0.000000e+00 -5.706577e-03)
766.2500000001	6.373820e-05	(0.000000e+00 0.000000e+00 -5.706577e-03)
766.3500000001	6.372044e-05	(0.000000e+00 0.000000e+00 -5.706577e-03)
766.4500000001	6.370695e-05	(0.000000e+00 0.000000e+00 -5.706577e-03)
766.5500000001	6.369519e-05	(0.000000e+00 0.000000e+00 -5.706577e-03)
766.6500000001	6.367732e-05	(0.000000e+00 0.000000e+00 -5.706577e-03)
766.7500000001	6.366405e-05	(0.000000e+00 0.000000e+00 -5.706577e-03)
766.8500000001	6.365729e-05	(0.000000e+00 0.000000e+00 -5.706577e-03)
766.9500000001	6.365185e-05	(0.000000e+00 0.000000e+00 -5.706577e-03)
767.0500000001	6.364164e-05	(0.000000e+00 0.000000e+00 -5.706577e-03)
767.1500000001	6.363249e-05	(0.000000e+00 0.000000e+00 -5.706577e-03)
767.2500000001	6.362315e-05	(0.000000e+00 0.000000e+00 -5.706577e-03)
767.3500000001	6.361536e-05	(0.000000e+00 0.000000e+00 -5.706577e-03)
767.4500000001	6.360852e-05	(0.000000e+00 0.000000e+00 -5.706577e-03)
767.5500000001	6.360098e-05	(0.000000e+00 0.000000e+00 -5.706577e-03)
767.6500000001	6.359377e-05	(0.000000e+00 0.000000e+00 -5.706577e-03)
767.7500000001	6.358752e-05	(0.000000e+00 0.000000e+00 -5.706577e-03)
767.8500000001	6.358122e-05	(0.000000e+00 0.000000e+00 -5.706577e-03)
767.9500000001	6.357172e-05	(0.000000e+00 0.000000e+00 -5.706577e-03)
768.0500000001	6.355758e-05	(0.000000e+00 0.000000e+00 -5.706577e-03)
768.1500000001	6.353913e-05	(0.000000e+00 0.000000e+00 -5.706577e-03)
768.2500000001	6.352419e-05	(0.000000e+00 0.000000e+00 -5.706577e-03)
768.3500000001	6.351798e-05	(0.000000e+00 0.000000e+00 -5.706577e-03)
768.4500000001	6.351003e-05	(0.000000e+00 0.000000e+00 -5.706577e-03)
768.5500000001	6.349963e-05	(0.000000e+00 0.000000e+00 -5.706577e-03)
768.6500000001	6.349339e-05	(0.000000e+00 0.000000e+00 -5.706577e-03)
768.7500000001	6.349321e-05	(0.000000e+00 0.000000e+00 -5.706577e-03)
768.8500000001	6.349964e-05	(0.000000e+00 0.000000e+00 -5.706577e-03)
768.9500000001	6.349249e-05	(0.000000e+00 0.000000e+00 -5.706577e-03)
769.0500000001	6.348042e-05	(0.000000e+00 0.000000e+00 -5.706577e-03)
769.1500000001	6.347428e-05	(0.000000e+00 0.000000e+00 -5.706577e-03)
769.2500000001	6.347122e-05	(0.000000e+00 0.000000e+00 -5.706577e-03)
769.3500000001	6.346911e-05	(0.000000e+00 0.000000e+00 -5.706577e-03)
769.4500000001	6.346374e-05	(0.000000e+00 0.000000e+00 -5.706577e-03)
769.5500000001	6.345704e-05	(0.000000e+00 0.000000e+00 -5.706577e-03)
769.6500000001	6.345061e-05	(0.000000e+00 0.000000e+00 -5.706577e-03)
769.7500000001	6.344381e-05	(0.000000e+00 0.000000e+00 -5.706577e-03)
769.8500000001	6.343537e-05	(0.000000e+00 0.000000e+00 -5.706577e-03)
769.9500000001	6.342869e-05	(0.000000e+00 0.000000e+00 -5.706577e-03)
770.0500000001	6.342062e-05	(0.000000e+00 0.000000e+00 -5.706577e-03)
770.1500000001	6.341428e-05	(0.000000e+00 0.000000e+00 -5.706577e-03)
770.2500000001	6.341179e-05	(0.000000e+00 0.000000e+00 -5.706577e-03)
770.3500000001	6.340725e-05	(0.000000e+00 0.000000e+00 -5.706577e-03)
770.4500000001	6.340142e-05	(0.000000e+00 0.000000e+00 -5.706577e-03)
770.5500000001	6.339251e-05	(0.000000e+00 0.000000e+00 -5.706577e-03)
770.6500000001	6.338227e-05	(0.000000e+00 0.000000e+00 -5.706577e-03)
770.7500000001	6.337421e-05	(0.000000e+00 0.000000e+00 -5.706577e-03)
770.8500000001	6.336781e-05	(0.000000e+00 0.000000e+00 -5.706577e-03)
770.9500000001	6.336147e-05	(0.000000e+00 0.000000e+00 -5.706577e-03)
771.0500000001	6.335815e-05	(0.000000e+00 0.000000e+00 -5.706577e-03)
771.1500000001	6.335012e-05	(0.000000e+00 0.000000e+00 -5.706577e-03)
771.2500000001	6.333498e-05	(0.000000e+00 0.000000e+00 -5.706577e-03)
771.3500000001	6.332572e-05	(0.000000e+00 0.000000e+00 -5.706577e-03)
771.4500000001	6.331801e-05	(0.000000e+00 0.000000e+00 -5.706577e-03)
771.5500000001	6.331851e-05	(0.000000e+00 0.000000e+00 -5.706577e-03)
771.6500000001	6.330912e-05	(0.000000e+00 0.000000e+00 -5.706577e-03)
771.7500000001	6.330658e-05	(0.000000e+00 0.000000e+00 -5.706577e-03)
771.8500000001	6.330358e-05	(0.000000e+00 0.000000e+00 -5.706577e-03)
771.9500000001	6.330144e-05	(0.000000e+00 0.000000e+00 -5.706577e-03)
772.0500000001	6.329906e-05	(0.000000e+00 0.000000e+00 -5.706577e-03)
772.1500000001	6.329465e-05	(0.000000e+00 0.000000e+00 -5.706577e-03)
772.2500000001	6.329066e-05	(0.000000e+00 0.000000e+00 -5.706577e-03)
772.3500000001	6.328710e-05	(0.000000e+00 0.000000e+00 -5.706577e-03)
772.4500000001	6.328489e-05	(0.000000e+00 0.000000e+00 -5.706577e-03)
772.5500000001	6.328390e-05	(0.000000e+00 0.000000e+00 -5.706577e-03)
772.6500000001	6.328264e-05	(0.000000e+00 0.000000e+00 -5.706577e-03)
772.7500000001	6.327927e-05	(0.000000e+00 0.000000e+00 -5.706577e-03)
772.8500000001	6.327920e-05	(0.000000e+00 0.000000e+00 -5.706577e-03)
772.9500000001	6.328047e-05	(0.000000e+00 0.000000e+00 -5.706577e-03)
773.0500000001	6.327782e-05	(0.000000e+00 0.000000e+00 -5.706577e-03)
773.1500000001	6.327653e-05	(0.000000e+00 0.000000e+00 -5.706577e-03)
773.2500000001	6.327199e-05	(0.000000e+00 0.000000e+00 -5.706577e-03)
773.3500000001	6.326647e-05	(0.000000e+00 0.000000e+00 -5.706577e-03)
773.4500000001	6.326195e-05	(0.000000e+00 0.000000e+00 -5.706577e-03)
773.5500000001	6.325890e-05	(0.000000e+00 0.000000e+00 -5.706577e-03)
773.6500000001	6.325585e-05	(0.000000e+00 0.000000e+00 -5.706577e-03)
773.7500000001	6.325269e-05	(0.000000e+00 0.000000e+00 -5.706577e-03)
773.8500000001	6.324860e-05	(0.000000e+00 0.000000e+00 -5.706577e-03)
773.9500000001	6.324358e-05	(0.000000e+00 0.000000e+00 -5.706577e-03)
774.0500000001	6.323862e-05	(0.000000e+00 0.000000e+00 -5.706577e-03)
774.1500000001	6.323490e-05	(0.000000e+00 0.000000e+00 -5.706577e-03)
774.2500000001	6.323147e-05	(0.000000e+00 0.000000e+00 -5.706577e-03)
774.3500000001	6.322997e-05	(0.000000e+00 0.000000e+00 -5.706577e-03)
774.4500000001	6.322932e-05	(0.000000e+00 0.000000e+00 -5.706577e-03)
774.5500000001	6.322420e-05	(0.000000e+00 0.000000e+00 -5.706577e-03)
774.6500000001	6.321592e-05	(0.000000e+00 0.000000e+00 -5.706577e-03)
774.7500000001	6.321497e-05	(0.000000e+00 0.000000e+00 -5.706577e-03)
774.8500000001	6.321730e-05	(0.000000e+00 0.000000e+00 -5.706577e-03)
774.9500000001	6.321662e-05	(0.000000e+00 0.000000e+00 -5.706577e-03)
775.0500000001	6.321394e-05	(0.000000e+00 0.000000e+00 -5.706577e-03)
775.1500000001	6.321359e-05	(0.000000e+00 0.000000e+00 -5.706577e-03)
775.2500000001	6.321461e-05	(0.000000e+00 0.000000e+00 -5.706577e-03)
775.3500000001	6.321389e-05	(0.000000e+00 0.000000e+00 -5.706577e-03)
775.4500000001	6.321422e-05	(0.000000e+00 0.000000e+00 -5.706577e-03)
775.5500000001	6.321482e-05	(0.000000e+00 0.000000e+00 -5.706577e-03)
775.6500000001	6.321127e-05	(0.000000e+00 0.000000e+00 -5.706577e-03)
775.7500000001	6.320747e-05	(0.000000e+00 0.000000e+00 -5.706577e-03)
775.8500000001	6.320435e-05	(0.000000e+00 0.000000e+00 -5.706577e-03)
775.9500000001	6.319785e-05	(0.000000e+00 0.000000e+00 -5.706577e-03)
776.0500000001	6.319223e-05	(0.000000e+00 0.000000e+00 -5.706577e-03)
776.1500000001	6.319273e-05	(0.000000e+00 0.000000e+00 -5.706577e-03)
776.2500000001	6.318831e-05	(0.000000e+00 0.000000e+00 -5.706577e-03)
776.3500000001	6.318378e-05	(0.000000e+00 0.000000e+00 -5.706577e-03)
776.4500000001	6.318058e-05	(0.000000e+00 0.000000e+00 -5.706577e-03)
776.5500000001	6.317868e-05	(0.000000e+00 0.000000e+00 -5.706577e-03)
776.6500000001	6.317470e-05	(0.000000e+00 0.000000e+00 -5.706577e-03)
776.7500000001	6.317294e-05	(0.000000e+00 0.000000e+00 -5.706577e-03)
776.8500000001	6.317405e-05	(0.000000e+00 0.000000e+00 -5.706577e-03)
776.9500000001	6.316815e-05	(0.000000e+00 0.000000e+00 -5.706577e-03)
777.0500000001	6.316161e-05	(0.000000e+00 0.000000e+00 -5.706577e-03)
777.1500000001	6.315758e-05	(0.000000e+00 0.000000e+00 -5.706577e-03)
777.2500000001	6.315494e-05	(0.000000e+00 0.000000e+00 -5.706577e-03)
777.3500000001	6.315775e-05	(0.000000e+00 0.000000e+00 -5.706577e-03)
777.4500000001	6.315544e-05	(0.000000e+00 0.000000e+00 -5.706577e-03)
777.5500000001	6.315676e-05	(0.000000e+00 0.000000e+00 -5.706577e-03)
777.6500000001	6.315443e-05	(0.000000e+00 0.000000e+00 -5.706577e-03)
777.7500000001	6.315486e-05	(0.000000e+00 0.000000e+00 -5.706577e-03)
777.8500000001	6.315472e-05	(0.000000e+00 0.000000e+00 -5.706577e-03)
777.9500000001	6.315013e-05	(0.000000e+00 0.000000e+00 -5.706577e-03)
778.0500000001	6.314568e-05	(0.000000e+00 0.000000e+00 -5.706577e-03)
778.1500000001	6.314226e-05	(0.000000e+00 0.000000e+00 -5.706577e-03)
778.2500000001	6.314110e-05	(0.000000e+00 0.000000e+00 -5.706577e-03)
778.3500000001	6.314170e-05	(0.000000e+00 0.000000e+00 -5.706577e-03)
778.4500000001	6.314160e-05	(0.000000e+00 0.000000e+00 -5.706577e-03)
778.5500000001	6.314017e-05	(0.000000e+00 0.000000e+00 -5.706577e-03)
778.6500000001	6.313756e-05	(0.000000e+00 0.000000e+00 -5.706577e-03)
778.7500000001	6.313561e-05	(0.000000e+00 0.000000e+00 -5.706577e-03)
778.8500000001	6.313548e-05	(0.000000e+00 0.000000e+00 -5.706577e-03)
778.9500000001	6.313721e-05	(0.000000e+00 0.000000e+00 -5.706577e-03)
779.0500000001	6.313871e-05	(0.000000e+00 0.000000e+00 -5.706577e-03)
779.1500000001	6.313456e-05	(0.000000e+00 0.000000e+00 -5.706577e-03)
779.2500000001	6.313293e-05	(0.000000e+00 0.000000e+00 -5.706577e-03)
779.3500000001	6.313007e-05	(0.000000e+00 0.000000e+00 -5.706577e-03)
779.4500000001	6.312857e-05	(0.000000e+00 0.000000e+00 -5.706577e-03)
779.5500000001	6.312763e-05	(0.000000e+00 0.000000e+00 -5.706577e-03)
779.6500000001	6.312783e-05	(0.000000e+00 0.000000e+00 -5.706577e-03)
779.7500000001	6.312691e-05	(0.000000e+00 0.000000e+00 -5.706577e-03)
779.8500000001	6.312547e-05	(0.000000e+00 0.000000e+00 -5.706577e-03)
779.9500000001	6.312286e-05	(0.000000e+00 0.000000e+00 -5.706577e-03)
780.0500000001	6.312230e-05	(0.000000e+00 0.000000e+00 -5.706577e-03)
780.1500000001	6.311840e-05	(0.000000e+00 0.000000e+00 -5.706577e-03)
780.2500000001	6.311957e-05	(0.000000e+00 0.000000e+00 -5.706577e-03)
780.3500000001	6.311772e-05	(0.000000e+00 0.000000e+00 -5.706577e-03)
780.4500000001	6.312303e-05	(0.000000e+00 0.000000e+00 -5.706577e-03)
780.5500000001	6.311859e-05	(0.000000e+00 0.000000e+00 -5.706577e-03)
780.6500000001	6.311625e-05	(0.000000e+00 0.000000e+00 -5.706577e-03)
780.7500000001	6.311740e-05	(0.000000e+00 0.000000e+00 -5.706577e-03)
780.8500000001	6.311730e-05	(0.000000e+00 0.000000e+00 -5.706577e-03)
780.9500000001	6.311469e-05	(0.000000e+00 0.000000e+00 -5.706577e-03)
781.0500000001	6.312142e-05	(0.000000e+00 0.000000e+00 -5.706577e-03)
781.1500000001	6.312407e-05	(0.000000e+00 0.000000e+00 -5.706577e-03)
781.2500000001	6.312054e-05	(0.000000e+00 0.000000e+00 -5.706577e-03)
781.3500000001	6.312034e-05	(0.000000e+00 0.000000e+00 -5.706577e-03)
781.4500000001	6.312077e-05	(0.000000e+00 0.000000e+00 -5.706577e-03)
781.5500000001	6.312756e-05	(0.000000e+00 0.000000e+00 -5.706577e-03)
781.6500000001	6.313041e-05	(0.000000e+00 0.000000e+00 -5.706577e-03)
781.7500000001	6.312891e-05	(0.000000e+00 0.000000e+00 -5.706577e-03)
781.8500000001	6.312845e-05	(0.000000e+00 0.000000e+00 -5.706577e-03)
781.9500000001	6.312801e-05	(0.000000e+00 0.000000e+00 -5.706577e-03)
782.0500000001	6.312365e-05	(0.000000e+00 0.000000e+00 -5.706577e-03)
782.1500000001	6.312285e-05	(0.000000e+00 0.000000e+00 -5.706577e-03)
782.2500000001	6.312584e-05	(0.000000e+00 0.000000e+00 -5.706577e-03)
782.3500000001	6.312655e-05	(0.000000e+00 0.000000e+00 -5.706577e-03)
782.4500000001	6.312817e-05	(0.000000e+00 0.000000e+00 -5.706577e-03)
782.5500000001	6.312900e-05	(0.000000e+00 0.000000e+00 -5.706577e-03)
782.6500000001	6.313037e-05	(0.000000e+00 0.000000e+00 -5.706577e-03)
782.7500000001	6.313168e-05	(0.000000e+00 0.000000e+00 -5.706577e-03)
782.8500000001	6.313266e-05	(0.000000e+00 0.000000e+00 -5.706577e-03)
782.9500000001	6.313354e-05	(0.000000e+00 0.000000e+00 -5.706577e-03)
783.0500000001	6.313385e-05	(0.000000e+00 0.000000e+00 -5.706577e-03)
783.1500000001	6.313572e-05	(0.000000e+00 0.000000e+00 -5.706577e-03)
783.2500000001	6.314013e-05	(0.000000e+00 0.000000e+00 -5.706577e-03)
783.3500000001	6.314291e-05	(0.000000e+00 0.000000e+00 -5.706577e-03)
783.4500000001	6.314405e-05	(0.000000e+00 0.000000e+00 -5.706577e-03)
783.5500000001	6.314302e-05	(0.000000e+00 0.000000e+00 -5.706577e-03)
783.6500000001	6.314356e-05	(0.000000e+00 0.000000e+00 -5.706577e-03)
783.7500000001	6.314335e-05	(0.000000e+00 0.000000e+00 -5.706577e-03)
783.8500000001	6.314346e-05	(0.000000e+00 0.000000e+00 -5.706577e-03)
783.9500000001	6.314265e-05	(0.000000e+00 0.000000e+00 -5.706577e-03)
784.0500000001	6.314255e-05	(0.000000e+00 0.000000e+00 -5.706577e-03)
784.1500000001	6.314725e-05	(0.000000e+00 0.000000e+00 -5.706577e-03)
784.2500000001	6.315668e-05	(0.000000e+00 0.000000e+00 -5.706577e-03)
784.3500000001	6.315905e-05	(0.000000e+00 0.000000e+00 -5.706577e-03)
784.4500000001	6.315694e-05	(0.000000e+00 0.000000e+00 -5.706577e-03)
784.5500000001	6.315468e-05	(0.000000e+00 0.000000e+00 -5.706577e-03)
784.6500000001	6.315614e-05	(0.000000e+00 0.000000e+00 -5.706577e-03)
784.7500000001	6.315764e-05	(0.000000e+00 0.000000e+00 -5.706577e-03)
784.8500000001	6.316455e-05	(0.000000e+00 0.000000e+00 -5.706577e-03)
784.9500000001	6.317124e-05	(0.000000e+00 0.000000e+00 -5.706577e-03)
785.0500000001	6.317610e-05	(0.000000e+00 0.000000e+00 -5.706577e-03)
785.1500000001	6.317993e-05	(0.000000e+00 0.000000e+00 -5.706577e-03)
785.2500000001	6.318398e-05	(0.000000e+00 0.000000e+00 -5.706577e-03)
785.3500000001	6.318797e-05	(0.000000e+00 0.000000e+00 -5.706577e-03)
785.4500000001	6.319108e-05	(0.000000e+00 0.000000e+00 -5.706577e-03)
785.5500000001	6.319464e-05	(0.000000e+00 0.000000e+00 -5.706577e-03)
785.6500000001	6.319737e-05	(0.000000e+00 0.000000e+00 -5.706577e-03)
785.7500000001	6.320309e-05	(0.000000e+00 0.000000e+00 -5.706577e-03)
785.8500000001	6.320685e-05	(0.000000e+00 0.000000e+00 -5.706577e-03)
785.9500000001	6.320642e-05	(0.000000e+00 0.000000e+00 -5.706577e-03)
786.0500000001	6.320744e-05	(0.000000e+00 0.000000e+00 -5.706577e-03)
786.1500000001	6.320692e-05	(0.000000e+00 0.000000e+00 -5.706577e-03)
786.2500000001	6.321032e-05	(0.000000e+00 0.000000e+00 -5.706577e-03)
786.3500000001	6.321279e-05	(0.000000e+00 0.000000e+00 -5.706577e-03)
786.4500000001	6.321470e-05	(0.000000e+00 0.000000e+00 -5.706577e-03)
786.5500000001	6.321862e-05	(0.000000e+00 0.000000e+00 -5.706577e-03)
786.6500000001	6.322493e-05	(0.000000e+00 0.000000e+00 -5.706577e-03)
786.7500000001	6.323255e-05	(0.000000e+00 0.000000e+00 -5.706577e-03)
786.8500000001	6.323512e-05	(0.000000e+00 0.000000e+00 -5.706577e-03)
786.9500000001	6.323955e-05	(0.000000e+00 0.000000e+00 -5.706577e-03)
787.0500000001	6.324194e-05	(0.000000e+00 0.000000e+00 -5.706577e-03)
787.1500000001	6.324532e-05	(0.000000e+00 0.000000e+00 -5.706577e-03)
787.2500000001	6.325042e-05	(0.000000e+00 0.000000e+00 -5.706577e-03)
787.3500000001	6.325746e-05	(0.000000e+00 0.000000e+00 -5.706577e-03)
787.4500000001	6.326389e-05	(0.000000e+00 0.000000e+00 -5.706577e-03)
787.5500000001	6.326788e-05	(0.000000e+00 0.000000e+00 -5.706577e-03)
787.6500000001	6.327139e-05	(0.000000e+00 0.000000e+00 -5.706577e-03)
787.7500000001	6.327044e-05	(0.000000e+00 0.000000e+00 -5.706577e-03)
787.8500000001	6.327213e-05	(0.000000e+00 0.000000e+00 -5.706577e-03)
787.9500000001	6.327593e-05	(0.000000e+00 0.000000e+00 -5.706577e-03)
788.0500000001	6.328180e-05	(0.000000e+00 0.000000e+00 -5.706577e-03)
788.1500000001	6.328475e-05	(0.000000e+00 0.000000e+00 -5.706577e-03)
788.2500000001	6.329048e-05	(0.000000e+00 0.000000e+00 -5.706577e-03)
788.3500000001	6.329457e-05	(0.000000e+00 0.000000e+00 -5.706577e-03)
788.4500000001	6.329799e-05	(0.000000e+00 0.000000e+00 -5.706577e-03)
788.5500000001	6.330367e-05	(0.000000e+00 0.000000e+00 -5.706577e-03)
788.6500000001	6.330877e-05	(0.000000e+00 0.000000e+00 -5.706577e-03)
788.7500000001	6.331280e-05	(0.000000e+00 0.000000e+00 -5.706577e-03)
788.8500000001	6.331915e-05	(0.000000e+00 0.000000e+00 -5.706577e-03)
788.9500000001	6.332679e-05	(0.000000e+00 0.000000e+00 -5.706577e-03)
789.0500000001	6.333680e-05	(0.000000e+00 0.000000e+00 -5.706577e-03)
789.1500000001	6.334619e-05	(0.000000e+00 0.000000e+00 -5.706577e-03)
789.2500000001	6.334923e-05	(0.000000e+00 0.000000e+00 -5.706577e-03)
789.3500000001	6.335826e-05	(0.000000e+00 0.000000e+00 -5.706577e-03)
789.4500000001	6.335982e-05	(0.000000e+00 0.000000e+00 -5.706577e-03)
789.5500000001	6.336763e-05	(0.000000e+00 0.000000e+00 -5.706577e-03)
789.6500000001	6.337279e-05	(0.000000e+00 0.000000e+00 -5.706577e-03)
789.7500000001	6.337694e-05	(0.000000e+00 0.000000e+00 -5.706577e-03)
789.8500000001	6.338250e-05	(0.000000e+00 0.000000e+00 -5.706577e-03)
789.9500000001	6.338977e-05	(0.000000e+00 0.000000e+00 -5.706577e-03)
790.0500000001	6.339658e-05	(0.000000e+00 0.000000e+00 -5.706577e-03)
790.1500000001	6.340409e-05	(0.000000e+00 0.000000e+00 -5.706577e-03)
790.2500000001	6.341155e-05	(0.000000e+00 0.000000e+00 -5.706577e-03)
790.3500000001	6.341390e-05	(0.000000e+00 0.000000e+00 -5.706577e-03)
790.4500000001	6.342174e-05	(0.000000e+00 0.000000e+00 -5.706577e-03)
790.5500000001	6.342758e-05	(0.000000e+00 0.000000e+00 -5.706577e-03)
790.6500000001	6.343420e-05	(0.000000e+00 0.000000e+00 -5.706577e-03)
790.7500000001	6.344248e-05	(0.000000e+00 0.000000e+00 -5.706577e-03)
790.8500000001	6.345166e-05	(0.000000e+00 0.000000e+00 -5.706577e-03)
790.9500000001	6.345387e-05	(0.000000e+00 0.000000e+00 -5.706577e-03)
791.0500000001	6.345829e-05	(0.000000e+00 0.000000e+00 -5.706577e-03)
791.1500000001	6.346446e-05	(0.000000e+00 0.000000e+00 -5.706577e-03)
791.2500000001	6.347073e-05	(0.000000e+00 0.000000e+00 -5.706577e-03)
791.3500000001	6.347660e-05	(0.000000e+00 0.000000e+00 -5.706577e-03)
791.4500000001	6.348374e-05	(0.000000e+00 0.000000e+00 -5.706577e-03)
791.5500000001	6.349099e-05	(0.000000e+00 0.000000e+00 -5.706577e-03)
791.6500000001	6.349879e-05	(0.000000e+00 0.000000e+00 -5.706577e-03)
791.7500000001	6.350548e-05	(0.000000e+00 0.000000e+00 -5.706577e-03)
791.8500000001	6.351327e-05	(0.000000e+00 0.000000e+00 -5.706577e-03)
791.9500000001	6.352004e-05	(0.000000e+00 0.000000e+00 -5.706577e-03)
792.0500000001	6.352655e-05	(0.000000e+00 0.000000e+00 -5.706577e-03)
792.1500000001	6.353144e-05	(0.000000e+00 0.000000e+00 -5.706577e-03)
792.2500000001	6.354092e-05	(0.000000e+00 0.000000e+00 -5.706577e-03)
792.3500000001	6.354879e-05	(0.000000e+00 0.000000e+00 -5.706577e-03)
792.4500000001	6.355659e-05	(0.000000e+00 0.000000e+00 -5.706577e-03)
792.5500000001	6.356460e-05	(0.000000e+00 0.000000e+00 -5.706577e-03)
792.6500000001	6.357208e-05	(0.000000e+00 0.000000e+00 -5.706577e-03)
792.7500000001	6.357927e-05	(0.000000e+00 0.000000e+00 -5.706577e-03)
792.8500000001	6.358502e-05	(0.000000e+00 0.000000e+00 -5.706577e-03)
792.9500000001	6.359130e-05	(0.000000e+00 0.000000e+00 -5.706577e-03)
793.0500000001	6.360090e-05	(0.000000e+00 0.000000e+00 -5.706577e-03)
793.1500000001	6.360942e-05	(0.000000e+00 0.000000e+00 -5.706577e-03)
793.2500000001	6.361712e-05	(0.000000e+00 0.000000e+00 -5.706577e-03)
793.3500000001	6.362503e-05	(0.000000e+00 0.000000e+00 -5.706577e-03)
793.4500000001	6.363351e-05	(0.000000e+00 0.000000e+00 -5.706577e-03)
793.5500000001	6.363960e-05	(0.000000e+00 0.000000e+00 -5.706577e-03)
793.6500000001	6.364507e-05	(0.000000e+00 0.000000e+00 -5.706577e-03)
793.7500000001	6.365313e-05	(0.000000e+00 0.000000e+00 -5.706577e-03)
793.8500000001	6.366331e-05	(0.000000e+00 0.000000e+00 -5.706577e-03)
793.9500000001	6.367161e-05	(0.000000e+00 0.000000e+00 -5.706577e-03)
794.0500000001	6.367860e-05	(0.000000e+00 0.000000e+00 -5.706577e-03)
794.1500000001	6.368498e-05	(0.000000e+00 0.000000e+00 -5.706577e-03)
794.2500000001	6.369144e-05	(0.000000e+00 0.000000e+00 -5.706577e-03)
794.3500000001	6.369895e-05	(0.000000e+00 0.000000e+00 -5.706577e-03)
794.4500000001	6.371024e-05	(0.000000e+00 0.000000e+00 -5.706577e-03)
794.5500000001	6.372427e-05	(0.000000e+00 0.000000e+00 -5.706577e-03)
794.6500000001	6.373243e-05	(0.000000e+00 0.000000e+00 -5.706577e-03)
794.7500000001	6.373857e-05	(0.000000e+00 0.000000e+00 -5.706577e-03)
794.8500000001	6.374942e-05	(0.000000e+00 0.000000e+00 -5.706577e-03)
794.9500000001	6.375964e-05	(0.000000e+00 0.000000e+00 -5.706577e-03)
795.0500000001	6.376930e-05	(0.000000e+00 0.000000e+00 -5.706577e-03)
795.1500000001	6.377772e-05	(0.000000e+00 0.000000e+00 -5.706577e-03)
795.2500000001	6.378685e-05	(0.000000e+00 0.000000e+00 -5.706577e-03)
795.3500000001	6.379724e-05	(0.000000e+00 0.000000e+00 -5.706577e-03)
795.4500000001	6.380654e-05	(0.000000e+00 0.000000e+00 -5.706577e-03)
795.5500000001	6.381538e-05	(0.000000e+00 0.000000e+00 -5.706577e-03)
795.6500000001	6.382483e-05	(0.000000e+00 0.000000e+00 -5.706577e-03)
795.7500000001	6.383608e-05	(0.000000e+00 0.000000e+00 -5.706577e-03)
795.8500000001	6.384244e-05	(0.000000e+00 0.000000e+00 -5.706577e-03)
795.9500000001	6.384834e-05	(0.000000e+00 0.000000e+00 -5.706577e-03)
796.0500000001	6.385607e-05	(0.000000e+00 0.000000e+00 -5.706577e-03)
796.1500000001	6.386506e-05	(0.000000e+00 0.000000e+00 -5.706577e-03)
796.2500000001	6.387514e-05	(0.000000e+00 0.000000e+00 -5.706577e-03)
796.3500000001	6.388580e-05	(0.000000e+00 0.000000e+00 -5.706577e-03)
796.4500000001	6.389521e-05	(0.000000e+00 0.000000e+00 -5.706577e-03)
796.5500000001	6.390407e-05	(0.000000e+00 0.000000e+00 -5.706577e-03)
796.6500000001	6.391379e-05	(0.000000e+00 0.000000e+00 -5.706577e-03)
796.7500000001	6.392318e-05	(0.000000e+00 0.000000e+00 -5.706577e-03)
796.8500000001	6.393138e-05	(0.000000e+00 0.000000e+00 -5.706577e-03)
796.9500000001	6.394036e-05	(0.000000e+00 0.000000e+00 -5.706577e-03)
797.0500000001	6.395062e-05	(0.000000e+00 0.000000e+00 -5.706577e-03)
797.1500000001	6.396271e-05	(0.000000e+00 0.000000e+00 -5.706577e-03)
797.2500000001	6.397391e-05	(0.000000e+00 0.000000e+00 -5.706577e-03)
797.3500000001	6.398458e-05	(0.000000e+00 0.000000e+00 -5.706577e-03)
797.4500000001	6.399486e-05	(0.000000e+00 0.000000e+00 -5.706577e-03)
