$MeshFormat
4.1 0 8
$EndMeshFormat
$Entities
290 532 348 76
1 7.5e-06 -0.002019998437499 0.0015 0 
2 7.5e-06 -0.002019998437499 0 0 
3 7.5e-06 -2.25e-05 0 0 
4 7.5e-06 -2.25e-05 0.0015 0 
5 1.250625e-05 -0.002024998433593 0 0 
6 1.250625e-05 -0.002024998433593 0.0015 0 
7 1.25e-05 -0.002019998437499 -5e-06 0 
8 1.25e-05 -2.25e-05 -5e-06 0 
9 1.25e-05 -1.75e-05 0.0015 0 
10 1.25e-05 -1.75e-05 0 0 
11 1.25e-05 -0.002019998437499 0.001505 0 
12 1.25e-05 -2.25e-05 0.001505 0 
13 0.002014998433593 -2.250625e-05 0 0 
14 0.002014998433593 -2.250625e-05 0.0015 0 
15 0.002009998437499 -2.25e-05 -5e-06 0 
16 0.0004 -0.001445 -5e-06 0 
17 0.0004 -0.001045 -5e-06 0 
18 0.001 -0.001045 -5e-06 0 
19 0.0004 -0.0006450000000000001 -5e-06 0 
20 0.001 -0.0006450000000000001 -5e-06 0 
21 0.0004 -0.000245 -5e-06 0 
22 0.001 -0.000245 -5e-06 0 
23 0.0016 -0.0006450000000000001 -5e-06 0 
24 0.0016 -0.000245 -5e-06 0 
25 0.002009998437499 -1.75e-05 0.0015 0 
26 0.002009998437499 -1.75e-05 0 0 
27 0.002009998437499 -2.25e-05 0.001505 0 
28 0.0009149365681290001 -0.001369936568129 0.001505 0 
29 0.0004 -0.001445 4.214856327685e-36 0 
30 0.0004 -0.001045 4.214856327685e-36 0 
31 0.001 -0.001045 4.214856327685e-36 0 
32 0.0004 -0.0006450000000000001 4.214856327685e-36 0 
33 0.001 -0.0006450000000000001 4.214856327685e-36 0 
34 0.0004 -0.000245 4.214856327685e-36 0 
35 0.001 -0.000245 4.214856327685e-36 0 
36 0.0016 -0.0006450000000000001 4.214856327685e-36 0 
37 0.0016 -0.000245 4.214856327685e-36 0 
38 0.0009149365681290001 -0.001369936568129 0.00205 0 
39 1.25e-05 -0.002019998437499 0 0 
40 1.25e-05 -2.25e-05 0 0 
41 0.002009998437499 -2.25e-05 0 0 
42 0.0009099365681290001 -0.001369936568129 0.002055 0 
43 1.25e-05 -0.002019998437499 0.0015 0 
44 1.25e-05 -2.25e-05 0.0015 0 
45 0.002009998437499 -2.25e-05 0.0015 0 
46 0.0009099365681290001 -0.001369936568129 0.0015 0 
47 0.0009099365681290001 -0.001369936568129 0.00205 0 
48 0.0004 -0.00145 -5e-06 0 
49 0.0004 -0.00145 0 0 
50 0.0004 -0.00105 -5e-06 0 
51 0.0004 -0.00105 0 0 
52 0.001 -0.00105 -5e-06 0 
53 0.001 -0.00105 0 0 
54 0.0004 -0.0006500000000000001 -5e-06 0 
55 0.0004 -0.0006500000000000001 0 0 
56 0.001 -0.0006500000000000001 -5e-06 0 
57 0.001 -0.0006500000000000001 0 0 
58 0.0004 -0.00025 -5e-06 0 
59 0.0004 -0.00025 0 0 
60 0.001 -0.00025 -5e-06 0 
61 0.001 -0.00025 0 0 
62 0.0016 -0.0006500000000000001 -5e-06 0 
63 0.0016 -0.0006500000000000001 0 0 
64 0.0016 -0.00025 -5e-06 0 
65 0.0016 -0.00025 0 0 
66 -0.002009998437499 -1.75e-05 0.0015 0 
67 -1.25e-05 -1.75e-05 0.0015 0 
68 -0.002009998437499 -2.25e-05 0.001505 0 
69 -1.25e-05 -2.25e-05 0.001505 0 
70 -1.25e-05 -1.75e-05 0 0 
71 -0.002009998437499 -1.75e-05 0 0 
72 -0.002014998433593 -2.250625e-05 0.0015 0 
73 -1.25e-05 -0.002019998437499 0.001505 0 
74 -0.000204936568129 -0.001369936568129 0.001505 0 
75 -7.5e-06 -2.25e-05 0.0015 0 
76 -7.5e-06 -2.25e-05 0 0 
77 -0.002014998433593 -2.250625e-05 0 0 
78 -0.002009998437499 -2.25e-05 -5e-06 0 
79 -1.25e-05 -2.25e-05 -5e-06 0 
80 -1.250625e-05 -0.002024998433593 0.0015 0 
81 -7.5e-06 -0.002019998437499 0.0015 0 
82 -0.000204936568129 -0.001369936568129 0.00205 0 
83 -7.5e-06 -0.002019998437499 0 0 
84 -1.250625e-05 -0.002024998433593 0 0 
85 -1.25e-05 -0.002019998437499 -5e-06 0 
86 -0.001 -0.001045 -5e-06 0 
87 -0.0004 -0.001445 -5e-06 0 
88 -0.0004 -0.001045 -5e-06 0 
89 -0.0016 -0.0006450000000000001 -5e-06 0 
90 -0.001 -0.0006450000000000001 -5e-06 0 
91 -0.0016 -0.000245 -5e-06 0 
92 -0.001 -0.000245 -5e-06 0 
93 -0.0004 -0.0006450000000000001 -5e-06 0 
94 -0.0004 -0.000245 -5e-06 0 
95 -0.000209936568129 -0.001369936568129 0.002055 0 
96 -0.001 -0.001045 4.214856327685e-36 0 
97 -0.0004 -0.001445 4.214856327685e-36 0 
98 -0.0004 -0.001045 4.214856327685e-36 0 
99 -0.0016 -0.0006450000000000001 4.214856327685e-36 0 
100 -0.001 -0.0006450000000000001 4.214856327685e-36 0 
101 -0.0016 -0.000245 4.214856327685e-36 0 
102 -0.001 -0.000245 4.214856327685e-36 0 
103 -0.0004 -0.0006450000000000001 4.214856327685e-36 0 
104 -0.0004 -0.000245 4.214856327685e-36 0 
105 -0.002009998437499 -2.249999999999999e-05 0 0 
106 -1.25e-05 -2.25e-05 0 0 
107 -1.25e-05 -0.002019998437499 0 0 
108 -1.25e-05 -2.25e-05 0.0015 0 
109 -0.002009998437499 -2.249999999999999e-05 0.0015 0 
110 -1.25e-05 -0.002019998437499 0.0015 0 
111 -0.000209936568129 -0.001369936568129 0.0015 0 
112 -0.000209936568129 -0.001369936568129 0.00205 0 
113 -0.001 -0.00105 -5e-06 0 
114 -0.001 -0.00105 0 0 
115 -0.0004 -0.00145 -5e-06 0 
116 -0.0004 -0.00145 0 0 
117 -0.0004 -0.00105 -5e-06 0 
118 -0.0004 -0.00105 0 0 
119 -0.0016 -0.0006500000000000001 -5e-06 0 
120 -0.0016 -0.0006500000000000001 0 0 
121 -0.001 -0.0006500000000000001 -5e-06 0 
122 -0.001 -0.0006500000000000001 0 0 
123 -0.0016 -0.00025 -5e-06 0 
124 -0.0016 -0.00025 0 0 
125 -0.001 -0.00025 -5e-06 0 
126 -0.001 -0.00025 0 0 
127 -0.0004 -0.0006500000000000001 -5e-06 0 
128 -0.0004 -0.0006500000000000001 0 0 
129 -0.0004 -0.00025 -5e-06 0 
130 -0.0004 -0.00025 0 0 
131 0.002004998433593 2.50625e-06 0.0015 0 
132 0.001999998437499 2.5e-06 0.001505 0 
133 0.001999998437499 -2.5e-06 0.0015 0 
134 -0.002004998433593 2.50625e-06 0.0015 0 
135 -0.001999998437499 2.5e-06 0.001505 0 
136 -0.001999998437499 -2.5e-06 0.0015 0 
137 0.002004998433593 2.50625e-06 0 0 
138 0.001999998437499 -2.5e-06 0 0 
139 -0.002004998433593 2.50625e-06 0 0 
140 -0.001999998437499 -2.5e-06 0 0 
141 0.001999998437499 2.5e-06 -5e-06 0 
142 -0.001999998437499 2.5e-06 -5e-06 0 
143 -0.001599999999999999 0.0002450000000000005 -4.999999999999796e-06 0 
144 -0.0009999999999999994 0.0002450000000000005 -4.999999999999796e-06 0 
145 -0.0003999999999999995 0.0002450000000000005 -4.999999999999796e-06 0 
146 -0.001599999999999999 0.0006450000000000001 -4.999999999999796e-06 0 
147 -0.0009999999999999994 0.0006450000000000001 -4.999999999999796e-06 0 
148 -0.0003999999999999994 0.0006450000000000001 -4.999999999999796e-06 0 
149 0.0004000000000000006 0.0002450000000000005 -4.999999999999796e-06 0 
150 0.001000000000000001 0.0002450000000000005 -4.999999999999796e-06 0 
151 0.001600000000000001 0.0002450000000000005 -4.999999999999796e-06 0 
152 0.0004000000000000007 0.0006450000000000001 -4.999999999999796e-06 0 
153 0.001000000000000001 0.0006450000000000001 -4.999999999999796e-06 0 
154 0.001600000000000001 0.0006450000000000001 -4.999999999999796e-06 0 
155 -0.0009999999999999994 0.001045 -4.999999999999796e-06 0 
156 -0.0003999999999999993 0.001045 -4.999999999999796e-06 0 
157 -0.0003999999999999992 0.001445 -4.999999999999796e-06 0 
158 0.0004000000000000008 0.001045 -4.999999999999796e-06 0 
159 0.001000000000000001 0.001045 -4.999999999999796e-06 0 
160 0.0004000000000000008 0.001445 -4.999999999999796e-06 0 
161 -0.0016 0.000245 0 0 
162 -0.001 0.000245 0 0 
163 -0.0004 0.000245 0 0 
164 -0.0016 0.0006450000000000001 0 0 
165 -0.001 0.0006450000000000001 0 0 
166 -0.0004 0.0006450000000000001 0 0 
167 0.0004 0.000245 0 0 
168 0.001 0.000245 0 0 
169 0.0016 0.000245 0 0 
170 0.0004 0.0006450000000000001 0 0 
171 0.001 0.0006450000000000001 0 0 
172 0.0016 0.0006450000000000001 0 0 
173 -0.001 0.001045 0 0 
174 -0.0004 0.001045 0 0 
175 -0.0004 0.001445 0 0 
176 0.0004 0.001045 0 0 
177 0.001 0.001045 0 0 
178 0.0004 0.001445 0 0 
179 -0.001999998437499 2.5e-06 0 0 
180 0.001999998437499 2.5e-06 0 0 
181 0.001999998437499 2.5e-06 0.0015 0 
182 -0.001999998437499 2.5e-06 0.0015 0 
183 -0.0016 0.00025 -5e-06 0 
184 -0.0016 0.00025 0 0 
185 -0.001 0.00025 -5e-06 0 
186 -0.001 0.00025 0 0 
187 -0.0004 0.00025 -5e-06 0 
188 -0.0004 0.00025 0 0 
189 -0.0016 0.0006500000000000001 -5e-06 0 
190 -0.0016 0.0006500000000000001 0 0 
191 -0.001 0.0006500000000000001 -5e-06 0 
192 -0.001 0.0006500000000000001 0 0 
193 -0.0004 0.0006500000000000001 -5e-06 0 
194 -0.0004 0.0006500000000000001 0 0 
195 0.0004 0.00025 -5e-06 0 
196 0.0004 0.00025 0 0 
197 0.001 0.00025 -5e-06 0 
198 0.001 0.00025 0 0 
199 0.0016 0.00025 -5e-06 0 
200 0.0016 0.00025 0 0 
201 0.0004 0.0006500000000000001 -5e-06 0 
202 0.0004 0.0006500000000000001 0 0 
203 0.001 0.0006500000000000001 -5e-06 0 
204 0.001 0.0006500000000000001 0 0 
205 0.0016 0.0006500000000000001 -5e-06 0 
206 0.0016 0.0006500000000000001 0 0 
207 -0.001 0.00105 -5e-06 0 
208 -0.001 0.00105 0 0 
209 -0.0004 0.00105 -5e-06 0 
210 -0.0004 0.00105 0 0 
211 -0.0004 0.00145 -5e-06 0 
212 -0.0004 0.00145 0 0 
213 0.0004 0.00105 -5e-06 0 
214 0.0004 0.00105 0 0 
215 0.001 0.00105 -5e-06 0 
216 0.001 0.00105 0 0 
217 0.0004 0.00145 -5e-06 0 
218 0.0004 0.00145 0 0 
219 0.0004 -0.00025 -0.005 0 
220 0.0004 0.00025 -0.005 0 
223 -0.0004 -0.00025 -0.005 0 
224 -0.0004 0.00025 -0.005 0 
227 0.0004 -0.0006500000000000001 -0.005833333333333 0 
228 0.0004 0.0006500000000000001 -0.005833333333333 0 
231 -0.0004 -0.0006500000000000001 -0.005833333333333 0 
232 -0.0004 0.0006500000000000001 -0.005833333333333 0 
235 0.0004 -0.00105 -0.006666666666667 0 
236 0.0004 0.00105 -0.006666666666667 0 
239 -0.0004 -0.00105 -0.006666666666667 0 
240 -0.0004 0.00105 -0.006666666666667 0 
243 0.0004 -0.00145 -0.0075 0 
244 0.0004 0.00145 -0.0075 0 
247 -0.0004 -0.00145 -0.0075 0 
248 -0.0004 0.00145 -0.0075 0 
251 0.001 -0.00025 -0.005 0 
252 0.001 0.00025 -0.005 0 
255 -0.001 -0.00025 -0.005 0 
256 -0.001 0.00025 -0.005 0 
259 0.001 -0.0006500000000000001 -0.005833333333333 0 
260 0.001 0.0006500000000000001 -0.005833333333333 0 
263 -0.001 -0.0006500000000000001 -0.005833333333333 0 
264 -0.001 0.0006500000000000001 -0.005833333333333 0 
267 0.001 -0.00105 -0.006666666666667 0 
268 0.001 0.00105 -0.006666666666667 0 
271 -0.001 -0.00105 -0.006666666666667 0 
272 -0.001 0.00105 -0.006666666666667 0 
275 0.0016 -0.00025 -0.005 0 
276 0.0016 0.00025 -0.005 0 
279 -0.0016 -0.00025 -0.005 0 
280 -0.0016 0.00025 -0.005 0 
283 0.0016 -0.0006500000000000001 -0.005833333333333 0 
284 0.0016 0.0006500000000000001 -0.005833333333333 0 
287 -0.0016 -0.0006500000000000001 -0.005833333333333 0 
288 -0.0016 0.0006500000000000001 -0.005833333333333 0 
289 0.0004 -0.000245 -0.005 0 
290 0.0004 0.000245 -0.005 0 
291 -0.0004 -0.000245 -0.005 0 
292 -0.0004 0.000245 -0.005 0 
293 0.0004 -0.0006450000000000001 -0.005833333333333 0 
294 0.0004 0.0006450000000000001 -0.005833333333333 0 
295 -0.0004 -0.0006450000000000001 -0.005833333333333 0 
296 -0.0004 0.0006450000000000001 -0.005833333333333 0 
297 0.0004 -0.001045 -0.006666666666667 0 
298 0.0004 0.001045 -0.006666666666667 0 
299 -0.0004 -0.001045 -0.006666666666667 0 
300 -0.0004 0.001045 -0.006666666666667 0 
301 0.0004 -0.001445 -0.0075 0 
302 0.0004 0.001445 -0.0075 0 
303 -0.0004 -0.001445 -0.0075 0 
304 -0.0004 0.001445 -0.0075 0 
305 0.001 -0.000245 -0.005 0 
306 0.001 0.000245 -0.005 0 
307 -0.001 -0.000245 -0.005 0 
308 -0.001 0.000245 -0.005 0 
309 0.001 -0.0006450000000000001 -0.005833333333333 0 
310 0.001 0.0006450000000000001 -0.005833333333333 0 
311 -0.001 -0.0006450000000000001 -0.005833333333333 0 
312 -0.001 0.0006450000000000001 -0.005833333333333 0 
313 0.001 -0.001045 -0.006666666666667 0 
314 0.001 0.001045 -0.006666666666667 0 
315 -0.001 -0.001045 -0.006666666666667 0 
316 -0.001 0.001045 -0.006666666666667 0 
317 0.0016 -0.000245 -0.005 0 
318 0.0016 0.000245 -0.005 0 
319 -0.0016 -0.000245 -0.005 0 
320 -0.0016 0.000245 -0.005 0 
321 0.0016 -0.0006450000000000001 -0.005833333333333 0 
322 0.0016 0.0006450000000000001 -0.005833333333333 0 
323 -0.0016 -0.0006450000000000001 -0.005833333333333 0 
324 -0.0016 0.0006450000000000001 -0.005833333333333 0 
1 7.4e-06 -0.002020098437499 -9.999999999994822e-08 7.6e-06 -0.002019898437499 0.0015001 0 2 1 -2 
2 7.4e-06 -0.002020098437499 -1e-07 7.6e-06 -2.239999999999989e-05 1e-07 0 2 2 -3 
3 7.4e-06 -2.26e-05 -9.999999999994822e-08 7.6e-06 -2.24e-05 0.0015001 0 2 3 -4 
4 7.4e-06 -0.002020098437499 0.0014999 7.6e-06 -2.239999999999989e-05 0.0015001 0 2 1 -4 
5 7.4e-06 -0.002025098437499 -1e-07 1.260624999999969e-05 -0.002019898437499 1e-07 0 2 2 -5 
6 1.240625e-05 -0.002025098433593 -9.999999999994822e-08 1.260625e-05 -0.002024898433593 0.0015001 0 2 6 -5 
7 7.4e-06 -0.002025098437499 0.0014999 1.260624999999969e-05 -0.002019898437499 0.0015001 0 2 1 -6 
8 1.24e-05 -0.002020098437499 -5.1e-06 1.26e-05 -2.239999999999989e-05 -4.900000000000001e-06 0 2 7 -8 
9 7.4e-06 -0.002020098437499 -5.1e-06 1.26e-05 -0.002019898437499 9.999999999999989e-08 0 2 7 -2 
10 7.4e-06 -2.26e-05 -5.1e-06 1.26e-05 -2.24e-05 9.999999999999989e-08 0 2 8 -3 
11 7.4e-06 -2.26e-05 0.0014999 1.26e-05 -1.74e-05 0.0015001 0 2 4 -9 
12 1.24e-05 -1.76e-05 -9.999999999994822e-08 1.26e-05 -1.74e-05 0.0015001 0 2 10 -9 
13 7.4e-06 -2.26e-05 -1e-07 1.26e-05 -1.74e-05 1e-07 0 2 3 -10 
14 7.4e-06 -0.002020098437499 0.0014999 1.26e-05 -0.002019898437499 0.0015051 0 2 1 -11 
15 1.24e-05 -0.002020098437499 0.0015049 1.26e-05 -2.239999999999989e-05 0.0015051 0 2 11 -12 
16 7.4e-06 -2.26e-05 0.0014999 1.26e-05 -2.24e-05 0.0015051 0 2 4 -12 
17 1.24e-05 -0.002025098433592748 -5.1e-06 1.260625e-05 -0.002019898437499 9.999999999999862e-08 0 2 7 -5 
18 1.24062500000007e-05 -0.002025098433593138 -1e-07 0.002015098433593138 -2.240625000000159e-05 1e-07 0 2 5 -13 
19 0.002014898433593 -2.260625e-05 -9.999999999994822e-08 0.002015098433593 -2.240625e-05 0.0015001 0 2 14 -13 
20 1.24062500000007e-05 -0.002025098433593138 0.0014999 0.002015098433593138 -2.240625000000159e-05 0.0015001 0 2 6 -14 
21 1.24e-05 -0.002025098433592748 0.0014999 1.260625e-05 -0.002019898437499 0.0015051 0 2 6 -11 
22 1.240000000000074e-05 -0.002020098437499389 -5.1e-06 0.002010098437499389 -2.240000000000163e-05 -4.900000000000001e-06 0 2 7 -15 
23 1.240000000000008e-05 -2.26e-05 -5.1e-06 0.002010098437499 -2.24e-05 -4.900000000000001e-06 0 2 8 -15 
24 0.0002449 -0.0017551 -5.100000000000017e-06 0.0005551 -0.0014449 -4.899999999999984e-06 0 2 16 -16 
25 0.0002449 -0.0013551 -5.100000000000017e-06 0.0005551 -0.0010449 -4.899999999999984e-06 0 2 17 -17 
26 0.0008449000000000001 -0.0013551 -5.100000000000017e-06 0.0011551 -0.0010449 -4.899999999999984e-06 0 2 18 -18 
27 0.0002449 -0.0009551 -5.100000000000017e-06 0.0005551 -0.0006449000000000001 -4.899999999999984e-06 0 2 19 -19 
28 0.0008449000000000001 -0.0009551 -5.100000000000017e-06 0.0011551 -0.0006449000000000001 -4.899999999999984e-06 0 2 20 -20 
29 0.0002449 -0.0005551 -5.100000000000017e-06 0.0005551 -0.0002449 -4.899999999999984e-06 0 2 21 -21 
30 0.0008449000000000001 -0.0005551 -5.100000000000017e-06 0.0011551 -0.0002449 -4.899999999999984e-06 0 2 22 -22 
31 0.0014449 -0.0009551 -5.100000000000017e-06 0.0017551 -0.0006449000000000001 -4.899999999999984e-06 0 2 23 -23 
32 0.0014449 -0.0005551 -5.100000000000017e-06 0.0017551 -0.0002449 -4.899999999999984e-06 0 2 24 -24 
33 1.24e-05 -2.26e-05 -5.1e-06 1.26e-05 -1.74e-05 9.999999999999989e-08 0 2 8 -10 
34 1.24e-05 -2.26e-05 0.0014999 1.26e-05 -1.74e-05 0.0015051 0 2 9 -12 
35 0.002009898437499 -1.76e-05 -9.999999999994822e-08 0.002010098437499 -1.74e-05 0.0015001 0 2 25 -26 
36 1.240000000000008e-05 -1.76e-05 0.0014999 0.002010098437499 -1.74e-05 0.0015001 0 2 9 -25 
37 1.240000000000008e-05 -1.76e-05 -1e-07 0.002010098437499 -1.74e-05 1e-07 0 2 10 -26 
38 1.240000000000074e-05 -0.002020098437499389 0.0015049 0.002010098437499389 -2.240000000000163e-05 0.0015051 0 2 11 -27 
39 1.240000000000008e-05 -2.26e-05 0.0015049 0.002010098437499 -2.24e-05 0.0015051 0 2 12 -27 
40 0.0002048365681289999 -0.001725036568129 0.0015049 0.0009150365681289998 -0.001014836568129 0.0015051 0 2 28 -28 
41 0.002009898437499 -2.260624999999999e-05 -5.1e-06 0.002015098433592748 -2.24e-05 9.999999999999862e-08 0 2 15 -13 
42 0.002009898437499 -2.260624999999968e-05 0.0014999 0.002015098437499 -1.74e-05 0.0015001 0 2 25 -14 
43 0.002009898437499 -2.260624999999968e-05 -1e-07 0.002015098437499 -1.74e-05 1e-07 0 2 26 -13 
44 0.002009898437499 -2.260624999999999e-05 0.0014999 0.002015098433592748 -2.24e-05 0.0015051 0 2 14 -27 
45 0.002009898437499 -2.26e-05 -5.1e-06 0.002010098437499 -1.74e-05 9.999999999999989e-08 0 2 15 -26 
46 0.0002449 -0.0017551 -1.000000000000344e-07 0.0005551000000000001 -0.0014449 1.000000000000344e-07 0 2 29 -29 
47 0.0003999 -0.0014451 -5.1e-06 0.0004001 -0.0014449 9.999999999999989e-08 0 2 29 -16 
48 0.0002449 -0.0013551 -1.000000000000344e-07 0.0005551000000000001 -0.0010449 1.000000000000344e-07 0 2 30 -30 
49 0.0003999 -0.0010451 -5.1e-06 0.0004001 -0.0010449 9.999999999999989e-08 0 2 30 -17 
50 0.0008449 -0.0013551 -1.000000000000344e-07 0.0011551 -0.0010449 1.000000000000344e-07 0 2 31 -31 
51 0.0009999 -0.0010451 -5.1e-06 0.0010001 -0.0010449 9.999999999999989e-08 0 2 31 -18 
52 0.0002449 -0.0009551000000000001 -1.000000000000344e-07 0.0005551000000000001 -0.0006449 1.000000000000344e-07 0 2 32 -32 
53 0.0003999 -0.0006451 -5.1e-06 0.0004001 -0.0006449000000000001 9.999999999999989e-08 0 2 32 -19 
54 0.0008449 -0.0009551000000000001 -1.000000000000344e-07 0.0011551 -0.0006449 1.000000000000344e-07 0 2 33 -33 
55 0.0009999 -0.0006451 -5.1e-06 0.0010001 -0.0006449000000000001 9.999999999999989e-08 0 2 33 -20 
56 0.0002449 -0.0005551000000000001 -1.000000000000344e-07 0.0005551000000000001 -0.0002449 1.000000000000344e-07 0 2 34 -34 
57 0.0003999 -0.0002451 -5.1e-06 0.0004001 -0.0002449 9.999999999999989e-08 0 2 34 -21 
58 0.0008449 -0.0005551000000000001 -1.000000000000344e-07 0.0011551 -0.0002449 1.000000000000344e-07 0 2 35 -35 
59 0.0009999 -0.0002451 -5.1e-06 0.0010001 -0.0002449 9.999999999999989e-08 0 2 35 -22 
60 0.0014449 -0.0009551000000000001 -1.000000000000344e-07 0.0017551 -0.0006449 1.000000000000344e-07 0 2 36 -36 
61 0.0015999 -0.0006451 -5.1e-06 0.0016001 -0.0006449000000000001 9.999999999999989e-08 0 2 36 -23 
62 0.0014449 -0.0005551000000000001 -1.000000000000344e-07 0.0017551 -0.0002449 1.000000000000344e-07 0 2 37 -37 
63 0.0015999 -0.0002451 -5.1e-06 0.0016001 -0.0002449 9.999999999999989e-08 0 2 37 -24 
64 0.002009898437499 -2.26e-05 0.0014999 0.002010098437499 -1.74e-05 0.0015051 0 2 25 -27 
65 0.0002048365681289999 -0.001725036568129 0.0020499 0.0009150365681289998 -0.001014836568129 0.0020501 0 2 38 -38 
66 0.0009148365681290002 -0.001370036568129 0.0015049 0.000915036568129 -0.001369836568129 0.0020501 0 2 28 -38 
67 1.24e-05 -0.002020098437499 -1e-07 1.26e-05 -2.239999999999989e-05 1e-07 0 2 39 -40 
68 1.240000000000074e-05 -0.002020098437499389 -1e-07 0.002010098437499389 -2.240000000000163e-05 1e-07 0 2 39 -41 
69 1.240000000000008e-05 -2.26e-05 -1e-07 0.002010098437499 -2.24e-05 1e-07 0 2 40 -41 
70 0.0009098365681290001 -0.001370036568129 0.0020499 0.000915036568129 -0.001369836568129 0.002055099999999999 0 2 38 -42 
71 0.0002098365681289999 -0.001720036568129 0.002054900000000001 0.0009100365681289998 -0.001019836568129 0.0020551 0 2 42 -42 
72 1.24e-05 -0.002020098437499 -9.999999999994822e-08 1.26e-05 -0.002019898437499 0.0015001 0 2 43 -39 
73 1.24e-05 -2.26e-05 -9.999999999994822e-08 1.26e-05 -2.24e-05 0.0015001 0 2 40 -44 
74 1.24e-05 -0.002020098437499 0.0014999 1.26e-05 -2.239999999999989e-05 0.0015001 0 2 43 -44 
75 0.002009898437499 -2.26e-05 -9.999999999994822e-08 0.002010098437499 -2.24e-05 0.0015001 0 2 45 -41 
76 1.240000000000074e-05 -0.002020098437499389 0.0014999 0.002010098437499389 -2.240000000000163e-05 0.0015001 0 2 43 -45 
77 1.240000000000008e-05 -2.26e-05 0.0014999 0.002010098437499 -2.24e-05 0.0015001 0 2 44 -45 
78 0.0002098365681289997 -0.001720036568129001 0.0014999 0.000910036568129 -0.001019836568129 0.0015001 0 2 46 -46 
79 0.0009098365681290001 -0.001370036568129 0.0014999 0.000910036568129 -0.001369836568129 0.0020501 0 2 46 -47 
80 0.0002098365681289997 -0.001720036568129001 0.002049899999999999 0.000910036568129 -0.001019836568129 0.0020501 0 2 47 -47 
81 0.0002498999999999999 -0.0017501 -5.100000000000126e-06 0.0005501000000000001 -0.0014499 -4.899999999999875e-06 0 2 48 -48 
82 0.0002498999999999999 -0.0017501 -1.000000000001251e-07 0.0005501000000000001 -0.0014499 1.000000000001251e-07 0 2 49 -49 
83 0.0003999 -0.0014501 -5.100000000000001e-06 0.0004001 -0.0014499 1.000000000000007e-07 0 2 49 -48 
84 0.0002498999999999999 -0.0013501 -5.100000000000126e-06 0.0005501000000000001 -0.0010499 -4.899999999999875e-06 0 2 50 -50 
85 0.0002498999999999999 -0.0013501 -1.000000000001251e-07 0.0005501000000000001 -0.0010499 1.000000000001251e-07 0 2 51 -51 
86 0.0003999 -0.0010501 -5.100000000000001e-06 0.0004001 -0.0010499 1.000000000000007e-07 0 2 51 -50 
87 0.0008499 -0.0013501 -5.100000000000126e-06 0.0011501 -0.0010499 -4.899999999999875e-06 0 2 52 -52 
88 0.0008499 -0.0013501 -1.000000000001251e-07 0.0011501 -0.0010499 1.000000000001251e-07 0 2 53 -53 
89 0.0009999 -0.0010501 -5.100000000000001e-06 0.0010001 -0.0010499 1.000000000000007e-07 0 2 53 -52 
90 0.0002498999999999999 -0.0009501000000000002 -5.100000000000138e-06 0.0005501000000000002 -0.0006498999999999999 -4.899999999999862e-06 0 2 54 -54 
91 0.0002498999999999999 -0.0009501000000000002 -1.000000000001379e-07 0.0005501000000000002 -0.0006498999999999999 1.000000000001379e-07 0 2 55 -55 
92 0.0003999 -0.0006501 -5.100000000000001e-06 0.0004001 -0.0006499000000000001 1.000000000000007e-07 0 2 55 -54 
93 0.0008498999999999999 -0.0009501000000000002 -5.100000000000171e-06 0.0011501 -0.0006498999999999999 -4.89999999999983e-06 0 2 56 -56 
94 0.0008498999999999999 -0.0009501000000000002 -1.0000000000017e-07 0.0011501 -0.0006498999999999999 1.0000000000017e-07 0 2 57 -57 
95 0.0009999 -0.0006501 -5.100000000000001e-06 0.0010001 -0.0006499000000000001 1.000000000000007e-07 0 2 57 -56 
96 0.0002499 -0.0005501 -5.100000000000017e-06 0.0005501 -0.0002499 -4.899999999999984e-06 0 2 58 -58 
97 0.0002498999999999999 -0.0005501000000000001 -1.000000000000709e-07 0.0005501000000000001 -0.0002498999999999999 1.000000000000709e-07 0 2 59 -59 
98 0.0003999 -0.0002501 -5.100000000000001e-06 0.0004001 -0.0002499 1.000000000000007e-07 0 2 59 -58 
99 0.0008499 -0.0005501000000000001 -5.100000000000126e-06 0.0011501 -0.0002498999999999999 -4.899999999999875e-06 0 2 60 -60 
100 0.0008499 -0.0005501000000000001 -1.000000000001251e-07 0.0011501 -0.0002498999999999999 1.000000000001251e-07 0 2 61 -61 
101 0.0009999 -0.0002501 -5.100000000000001e-06 0.0010001 -0.0002499 1.000000000000007e-07 0 2 61 -60 
102 0.0014499 -0.0009501000000000001 -5.100000000000126e-06 0.0017501 -0.0006499 -4.899999999999875e-06 0 2 62 -62 
103 0.0014499 -0.0009501000000000001 -1.000000000001251e-07 0.0017501 -0.0006499 1.000000000001251e-07 0 2 63 -63 
104 0.0015999 -0.0006501 -5.100000000000001e-06 0.0016001 -0.0006499000000000001 1.000000000000007e-07 0 2 63 -62 
105 0.0014499 -0.0005501000000000001 -5.100000000000126e-06 0.0017501 -0.0002498999999999999 -4.899999999999875e-06 0 2 64 -64 
106 0.0014499 -0.0005501000000000001 -1.000000000001251e-07 0.0017501 -0.0002498999999999999 1.000000000001251e-07 0 2 65 -65 
107 0.0015999 -0.0002501 -5.100000000000001e-06 0.0016001 -0.0002499 1.000000000000007e-07 0 2 65 -64 
108 -0.002010098437499 -1.76e-05 0.0014999 -1.240000000000008e-05 -1.74e-05 0.0015001 0 2 66 -67 
109 -0.002010098437499 -2.26e-05 0.0014999 -0.002009898437499 -1.74e-05 0.0015051 0 2 66 -68 
110 -0.002010098437499 -2.26e-05 0.0015049 -1.240000000000008e-05 -2.24e-05 0.0015051 0 2 68 -69 
111 -1.26e-05 -2.26e-05 0.0014999 -1.24e-05 -1.74e-05 0.0015051 0 2 67 -69 
112 -1.26e-05 -1.76e-05 -9.999999999994822e-08 -1.24e-05 -1.74e-05 0.0015001 0 2 70 -67 
113 -0.002010098437499 -1.76e-05 -9.999999999994822e-08 -0.002009898437499 -1.74e-05 0.0015001 0 2 66 -71 
114 -0.002010098437499 -1.76e-05 -1e-07 -1.240000000000008e-05 -1.74e-05 1e-07 0 2 71 -70 
115 -0.002015098437499 -2.260624999999968e-05 0.0014999 -0.002009898437499 -1.74e-05 0.0015001 0 2 66 -72 
116 -0.002015098433592748 -2.260624999999999e-05 0.0014999 -0.002009898437499 -2.24e-05 0.0015051 0 2 72 -68 
117 -0.002010098437499389 -0.002020098437499389 0.0015049 -1.240000000000139e-05 -2.239999999999989e-05 0.0015051 0 2 68 -73 
118 -1.26e-05 -0.002020098437499 0.0015049 -1.24e-05 -2.239999999999989e-05 0.0015051 0 2 73 -69 
119 -0.0009150365681289998 -0.001725036568129 0.0015049 -0.0002048365681289999 -0.001014836568129 0.0015051 0 2 74 -74 
120 -1.26e-05 -2.26e-05 0.0014999 -7.4e-06 -1.74e-05 0.0015001 0 2 67 -75 
121 -1.26e-05 -2.26e-05 0.0014999 -7.4e-06 -2.24e-05 0.0015051 0 2 75 -69 
122 -7.6e-06 -2.26e-05 -9.999999999994822e-08 -7.4e-06 -2.24e-05 0.0015001 0 2 76 -75 
123 -1.26e-05 -2.26e-05 -1e-07 -7.4e-06 -1.74e-05 1e-07 0 2 70 -76 
124 -0.002015098437499 -2.260624999999968e-05 -1e-07 -0.002009898437499 -1.74e-05 1e-07 0 2 71 -77 
125 -0.002015098433593 -2.260625e-05 -9.999999999994822e-08 -0.002014898433593 -2.240625e-05 0.0015001 0 2 72 -77 
126 -0.002010098437499 -2.26e-05 -5.1e-06 -1.240000000000008e-05 -2.24e-05 -4.900000000000001e-06 0 2 78 -79 
127 -0.002010098437499 -2.26e-05 -5.1e-06 -0.002009898437499 -1.74e-05 9.999999999999989e-08 0 2 78 -71 
128 -1.26e-05 -2.26e-05 -5.1e-06 -1.24e-05 -1.74e-05 9.999999999999989e-08 0 2 79 -70 
129 -0.002015098433593138 -0.002025098433593138 0.0014999 -1.240625000000135e-05 -2.240624999999986e-05 0.0015001 0 2 72 -80 
130 -1.260625e-05 -0.002025098433592748 0.0014999 -1.24e-05 -0.002019898437499 0.0015051 0 2 80 -73 
131 -1.26e-05 -0.002020098437499 0.0014999 -7.4e-06 -0.002019898437499 0.0015051 0 2 81 -73 
132 -7.6e-06 -0.002020098437499 0.0014999 -7.4e-06 -2.239999999999989e-05 0.0015001 0 2 81 -75 
133 -0.0009150365681289998 -0.001725036568129 0.0020499 -0.0002048365681289999 -0.001014836568129 0.0020501 0 2 82 -82 
134 -0.000205036568129 -0.001370036568129 0.0015049 -0.000204836568129 -0.001369836568129 0.0020501 0 2 74 -82 
135 -7.6e-06 -0.002020098437499 -9.999999999994822e-08 -7.4e-06 -0.002019898437499 0.0015001 0 2 81 -83 
136 -7.6e-06 -0.002020098437499 -1e-07 -7.4e-06 -2.239999999999989e-05 1e-07 0 2 83 -76 
137 -1.26e-05 -2.26e-05 -5.1e-06 -7.4e-06 -2.24e-05 9.999999999999989e-08 0 2 79 -76 
138 -0.002015098433592748 -2.260624999999999e-05 -5.1e-06 -0.002009898437499 -2.24e-05 9.999999999999862e-08 0 2 78 -77 
139 -0.002015098433593138 -0.002025098433593138 -1e-07 -1.240625000000135e-05 -2.240624999999986e-05 1e-07 0 2 77 -84 
140 -1.260625e-05 -0.002025098433593 -9.999999999994822e-08 -1.240625e-05 -0.002024898433593 0.0015001 0 2 80 -84 
141 -0.002010098437499389 -0.002020098437499389 -5.1e-06 -1.240000000000139e-05 -2.239999999999989e-05 -4.900000000000001e-06 0 2 78 -85 
142 -1.26e-05 -0.002020098437499 -5.1e-06 -1.24e-05 -2.239999999999989e-05 -4.900000000000001e-06 0 2 85 -79 
143 -0.0011551 -0.0013551 -5.100000000000017e-06 -0.0008449000000000001 -0.0010449 -4.899999999999984e-06 0 2 86 -86 
144 -0.0005551 -0.0017551 -5.100000000000017e-06 -0.0002449 -0.0014449 -4.899999999999984e-06 0 2 87 -87 
145 -0.0005551 -0.0013551 -5.100000000000017e-06 -0.0002449 -0.0010449 -4.899999999999984e-06 0 2 88 -88 
146 -0.0017551 -0.0009551 -5.100000000000017e-06 -0.0014449 -0.0006449000000000001 -4.899999999999984e-06 0 2 89 -89 
147 -0.0011551 -0.0009551 -5.100000000000017e-06 -0.0008449000000000001 -0.0006449000000000001 -4.899999999999984e-06 0 2 90 -90 
148 -0.0017551 -0.0005551 -5.100000000000017e-06 -0.0014449 -0.0002449 -4.899999999999984e-06 0 2 91 -91 
149 -0.0011551 -0.0005551 -5.100000000000017e-06 -0.0008449000000000001 -0.0002449 -4.899999999999984e-06 0 2 92 -92 
150 -0.0005551 -0.0009551 -5.100000000000017e-06 -0.0002449 -0.0006449000000000001 -4.899999999999984e-06 0 2 93 -93 
151 -0.0005551 -0.0005551 -5.100000000000017e-06 -0.0002449 -0.0002449 -4.899999999999984e-06 0 2 94 -94 
152 -1.260624999999969e-05 -0.002025098437499 0.0014999 -7.4e-06 -0.002019898437499 0.0015001 0 2 81 -80 
153 -0.000210036568129 -0.001370036568129 0.0020499 -0.000204836568129 -0.001369836568129 0.002055099999999999 0 2 82 -95 
154 -0.0009100365681289998 -0.001720036568129 0.002054900000000001 -0.0002098365681289999 -0.001019836568129 0.0020551 0 2 95 -95 
155 -1.260624999999969e-05 -0.002025098437499 -1e-07 -7.4e-06 -0.002019898437499 1e-07 0 2 83 -84 
156 -1.26e-05 -0.002020098437499 -5.1e-06 -7.4e-06 -0.002019898437499 9.999999999999989e-08 0 2 85 -83 
157 -1.260625e-05 -0.002025098433592748 -5.1e-06 -1.24e-05 -0.002019898437499 9.999999999999862e-08 0 2 85 -84 
158 -0.0011551 -0.0013551 -1.000000000000344e-07 -0.0008449 -0.0010449 1.000000000000344e-07 0 2 96 -96 
159 -0.0010001 -0.0010451 -5.1e-06 -0.0009999 -0.0010449 9.999999999999989e-08 0 2 96 -86 
160 -0.0005551000000000001 -0.0017551 -1.000000000000344e-07 -0.0002449 -0.0014449 1.000000000000344e-07 0 2 97 -97 
161 -0.0004001 -0.0014451 -5.1e-06 -0.0003999 -0.0014449 9.999999999999989e-08 0 2 97 -87 
162 -0.0005551000000000001 -0.0013551 -1.000000000000344e-07 -0.0002449 -0.0010449 1.000000000000344e-07 0 2 98 -98 
163 -0.0004001 -0.0010451 -5.1e-06 -0.0003999 -0.0010449 9.999999999999989e-08 0 2 98 -88 
164 -0.0017551 -0.0009551000000000001 -1.000000000000344e-07 -0.0014449 -0.0006449 1.000000000000344e-07 0 2 99 -99 
165 -0.0016001 -0.0006451 -5.1e-06 -0.0015999 -0.0006449000000000001 9.999999999999989e-08 0 2 99 -89 
166 -0.0011551 -0.0009551000000000001 -1.000000000000344e-07 -0.0008449 -0.0006449 1.000000000000344e-07 0 2 100 -100 
167 -0.0010001 -0.0006451 -5.1e-06 -0.0009999 -0.0006449000000000001 9.999999999999989e-08 0 2 100 -90 
168 -0.0017551 -0.0005551000000000001 -1.000000000000344e-07 -0.0014449 -0.0002449 1.000000000000344e-07 0 2 101 -101 
169 -0.0016001 -0.0002451 -5.1e-06 -0.0015999 -0.0002449 9.999999999999989e-08 0 2 101 -91 
170 -0.0011551 -0.0005551000000000001 -1.000000000000344e-07 -0.0008449 -0.0002449 1.000000000000344e-07 0 2 102 -102 
171 -0.0010001 -0.0002451 -5.1e-06 -0.0009999 -0.0002449 9.999999999999989e-08 0 2 102 -92 
172 -0.0005551000000000001 -0.0009551000000000001 -1.000000000000344e-07 -0.0002449 -0.0006449 1.000000000000344e-07 0 2 103 -103 
173 -0.0004001 -0.0006451 -5.1e-06 -0.0003999 -0.0006449000000000001 9.999999999999989e-08 0 2 103 -93 
174 -0.0005551000000000001 -0.0005551000000000001 -1.000000000000344e-07 -0.0002449 -0.0002449 1.000000000000344e-07 0 2 104 -104 
175 -0.0004001 -0.0002451 -5.1e-06 -0.0003999 -0.0002449 9.999999999999989e-08 0 2 104 -94 
176 -0.002010098437499 -2.26e-05 -1e-07 -1.240000000000008e-05 -2.24e-05 1e-07 0 2 105 -106 
177 -0.002010098437499391 -0.002020098437499391 -1.000000000015637e-07 -1.239999999999987e-05 -2.239999999999838e-05 1.000000000015637e-07 0 2 105 -107 
178 -1.26e-05 -0.002020098437499 -1e-07 -1.24e-05 -2.239999999999989e-05 1e-07 0 2 107 -106 
179 -1.26e-05 -2.26e-05 -9.999999999994822e-08 -1.24e-05 -2.24e-05 0.0015001 0 2 106 -108 
180 -0.002010098437499 -2.26e-05 0.0014999 -1.240000000000008e-05 -2.24e-05 0.0015001 0 2 109 -108 
181 -0.002010098437499 -2.26e-05 -9.999999999994822e-08 -0.002009898437499 -2.24e-05 0.0015001 0 2 109 -105 
182 -1.26e-05 -0.002020098437499 -9.999999999994822e-08 -1.24e-05 -0.002019898437499 0.0015001 0 2 110 -107 
183 -0.002010098437499391 -0.002020098437499391 0.001499899999999998 -1.239999999999987e-05 -2.239999999999838e-05 0.001500100000000002 0 2 109 -110 
184 -1.26e-05 -0.002020098437499 0.0014999 -1.24e-05 -2.239999999999989e-05 0.0015001 0 2 110 -108 
185 -0.000910036568129 -0.001720036568129001 0.0014999 -0.0002098365681289997 -0.001019836568129 0.0015001 0 2 111 -111 
186 -0.000210036568129 -0.001370036568129 0.0014999 -0.000209836568129 -0.001369836568129 0.0020501 0 2 111 -112 
187 -0.000910036568129 -0.001720036568129001 0.002049899999999999 -0.0002098365681289997 -0.001019836568129 0.0020501 0 2 112 -112 
188 -0.0011501 -0.0013501 -5.100000000000017e-06 -0.0008499000000000001 -0.0010499 -4.899999999999984e-06 0 2 113 -113 
189 -0.0011501 -0.0013501 -1.000000000000166e-07 -0.0008499000000000001 -0.0010499 1.000000000000166e-07 0 2 114 -114 
190 -0.0010001 -0.0010501 -5.100000000000001e-06 -0.0009999 -0.0010499 1.000000000000007e-07 0 2 114 -113 
191 -0.0005501000000000001 -0.0017501 -5.100000000000126e-06 -0.0002498999999999999 -0.0014499 -4.899999999999875e-06 0 2 115 -115 
192 -0.0005501000000000001 -0.0017501 -1.000000000001251e-07 -0.0002498999999999999 -0.0014499 1.000000000001251e-07 0 2 116 -116 
193 -0.0004001 -0.0014501 -5.100000000000001e-06 -0.0003999 -0.0014499 1.000000000000007e-07 0 2 116 -115 
194 -0.0005501000000000001 -0.0013501 -5.100000000000126e-06 -0.0002498999999999999 -0.0010499 -4.899999999999875e-06 0 2 117 -117 
195 -0.0005501000000000001 -0.0013501 -1.000000000001251e-07 -0.0002498999999999999 -0.0010499 1.000000000001251e-07 0 2 118 -118 
196 -0.0004001 -0.0010501 -5.100000000000001e-06 -0.0003999 -0.0010499 1.000000000000007e-07 0 2 118 -117 
197 -0.0017501 -0.0009501000000000001 -5.100000000000126e-06 -0.0014499 -0.0006499 -4.899999999999875e-06 0 2 119 -119 
198 -0.0017501 -0.0009501000000000001 -1.000000000001251e-07 -0.0014499 -0.0006499 1.000000000001251e-07 0 2 120 -120 
199 -0.0016001 -0.0006501 -5.100000000000001e-06 -0.0015999 -0.0006499000000000001 1.000000000000007e-07 0 2 120 -119 
200 -0.0011501 -0.0009501000000000001 -5.100000000000126e-06 -0.0008499 -0.0006499 -4.899999999999875e-06 0 2 121 -121 
201 -0.0011501 -0.0009501000000000001 -1.000000000001251e-07 -0.0008499 -0.0006499 1.000000000001251e-07 0 2 122 -122 
202 -0.0010001 -0.0006501 -5.100000000000001e-06 -0.0009999 -0.0006499000000000001 1.000000000000007e-07 0 2 122 -121 
203 -0.0017501 -0.0005501000000000001 -5.100000000000126e-06 -0.0014499 -0.0002498999999999999 -4.899999999999875e-06 0 2 123 -123 
204 -0.0017501 -0.0005501000000000001 -1.000000000001251e-07 -0.0014499 -0.0002498999999999999 1.000000000001251e-07 0 2 124 -124 
205 -0.0016001 -0.0002501 -5.100000000000001e-06 -0.0015999 -0.0002499 1.000000000000007e-07 0 2 124 -123 
206 -0.0011501 -0.0005501000000000001 -5.100000000000126e-06 -0.0008499 -0.0002498999999999999 -4.899999999999875e-06 0 2 125 -125 
207 -0.0011501 -0.0005501000000000001 -1.000000000001251e-07 -0.0008499 -0.0002498999999999999 1.000000000001251e-07 0 2 126 -126 
208 -0.0010001 -0.0002501 -5.100000000000001e-06 -0.0009999 -0.0002499 1.000000000000007e-07 0 2 126 -125 
209 -0.0005501000000000002 -0.0009501000000000002 -5.100000000000171e-06 -0.0002498999999999998 -0.0006498999999999999 -4.89999999999983e-06 0 2 127 -127 
210 -0.0005501000000000002 -0.0009501000000000002 -1.0000000000017e-07 -0.0002498999999999998 -0.0006498999999999999 1.0000000000017e-07 0 2 128 -128 
211 -0.0004001 -0.0006501 -5.100000000000001e-06 -0.0003999 -0.0006499000000000001 1.000000000000007e-07 0 2 128 -127 
212 -0.0005501 -0.0005501 -5.100000000000017e-06 -0.0002499 -0.0002499 -4.899999999999984e-06 0 2 129 -129 
213 -0.0005501000000000001 -0.0005501000000000001 -1.000000000000709e-07 -0.0002498999999999999 -0.0002498999999999999 1.000000000000709e-07 0 2 130 -130 
214 -0.0004001 -0.0002501 -5.100000000000001e-06 -0.0003999 -0.0002499 1.000000000000007e-07 0 2 130 -129 
215 0.001999898437499 2.4e-06 0.0014999 0.002005098433592748 2.606249999999998e-06 0.0015051 0 2 131 -132 
216 0.001999898437499 -2.6e-06 0.0014999 0.002000098437499 2.6e-06 0.0015051 0 2 133 -132 
217 0.001999898437499 -2.6e-06 0.0014999 0.002005098437499 2.606249999999686e-06 0.0015001 0 2 131 -133 
218 -0.002005098433593138 2.406250000000238e-06 0.0014999 0.002005098433593138 0.0020051 0.0015001 0 2 131 -134 
219 -0.002005098433592748 2.4e-06 0.0014999 -0.001999898437499 2.606249999999998e-06 0.0015051 0 2 134 -135 
220 -0.002000098437499389 2.400000000000492e-06 0.0015049 0.002000098437499389 0.0020001 0.0015051 0 2 132 -135 
221 -0.002000098437499 2.4e-06 0.0015049 0.002000098437499 2.6e-06 0.0015051 0 2 135 -132 
222 -0.002000098437499 -2.6e-06 0.0014999 -0.001999898437499 2.6e-06 0.0015051 0 2 136 -135 
223 -0.002000098437499 -2.6e-06 0.0014999 0.002000098437499 -2.4e-06 0.0015001 0 2 136 -133 
224 0.002004898433593 2.40625e-06 -9.999999999994822e-08 0.002005098433592999 2.60625e-06 0.0015001 0 2 131 -137 
225 0.001999898437499 -2.6e-06 -9.999999999994822e-08 0.002000098437499 -2.4e-06 0.0015001 0 2 133 -138 
226 0.001999898437499 -2.6e-06 -1e-07 0.002005098437499 2.606249999999686e-06 1e-07 0 2 137 -138 
227 -0.002005098433592999 2.40625e-06 -9.999999999994822e-08 -0.002004898433593 2.60625e-06 0.0015001 0 2 134 -139 
228 -0.002005098433593138 2.406250000000238e-06 -1e-07 0.002005098433593138 0.0020051 1e-07 0 2 137 -139 
229 -0.002005098437499 -2.600000000000001e-06 0.0014999 -0.001999898437499 2.606249999999686e-06 0.0015001 0 2 134 -136 
230 -0.002000098437499 -2.6e-06 -9.999999999994822e-08 -0.001999898437499 -2.4e-06 0.0015001 0 2 136 -140 
231 -0.002000098437499 -2.6e-06 -1e-07 0.002000098437499 -2.4e-06 1e-07 0 2 140 -138 
232 0.001999898437499 2.4e-06 -5.1e-06 0.002005098433592748 2.606249999999998e-06 9.999999999999989e-08 0 2 137 -141 
233 0.001999898437499 -2.6e-06 -5.1e-06 0.002000098437499 2.6e-06 9.999999999999989e-08 0 2 141 -138 
234 -0.002005098437499 -2.600000000000001e-06 -1e-07 -0.001999898437499 2.606249999999686e-06 1e-07 0 2 139 -140 
235 -0.002000098437499389 2.400000000000492e-06 -5.1e-06 0.002000098437499389 0.0020001 -4.900000000000001e-06 0 2 141 -142 
236 -0.002005098433592748 2.4e-06 -5.1e-06 -0.001999898437499 2.606249999999998e-06 9.999999999999989e-08 0 2 139 -142 
237 -0.002000098437499 -2.6e-06 -5.1e-06 -0.001999898437499 2.6e-06 9.999999999999989e-08 0 2 142 -140 
238 -0.002000098437499 2.4e-06 -5.1e-06 0.002000098437499 2.6e-06 -4.900000000000001e-06 0 2 142 -141 
239 -0.001755099999999999 0.0002449000000000005 -5.099999999999821e-06 -0.001444899999999999 0.0005551000000000005 -4.899999999999772e-06 0 2 143 -143 
240 -0.001155099999999999 0.0002449000000000005 -5.099999999999821e-06 -0.0008448999999999994 0.0005551000000000005 -4.899999999999772e-06 0 2 144 -144 
241 -0.0005550999999999995 0.0002449000000000005 -5.099999999999821e-06 -0.0002448999999999994 0.0005551000000000005 -4.899999999999772e-06 0 2 145 -145 
242 -0.001755099999999999 0.0006449000000000001 -5.099999999999813e-06 -0.001444899999999999 0.0009551 -4.899999999999779e-06 0 2 146 -146 
243 -0.001155099999999999 0.0006449000000000001 -5.099999999999813e-06 -0.0008448999999999994 0.0009551 -4.899999999999779e-06 0 2 147 -147 
244 -0.0005550999999999993 0.0006449000000000001 -5.099999999999813e-06 -0.0002448999999999993 0.0009551 -4.899999999999779e-06 0 2 148 -148 
245 0.0002449000000000005 0.0002449000000000005 -5.099999999999821e-06 0.0005551000000000005 0.0005551000000000005 -4.899999999999772e-06 0 2 149 -149 
246 0.0008449000000000008 0.0002449000000000005 -5.099999999999821e-06 0.001155100000000001 0.0005551000000000005 -4.899999999999772e-06 0 2 150 -150 
247 0.001444900000000001 0.0002449000000000005 -5.099999999999821e-06 0.001755100000000001 0.0005551000000000005 -4.899999999999772e-06 0 2 151 -151 
248 0.0002449000000000006 0.0006449000000000001 -5.099999999999813e-06 0.0005551000000000006 0.0009551 -4.899999999999779e-06 0 2 152 -152 
249 0.0008449000000000008 0.0006449000000000001 -5.099999999999813e-06 0.001155100000000001 0.0009551 -4.899999999999779e-06 0 2 153 -153 
250 0.001444900000000001 0.0006449000000000001 -5.099999999999813e-06 0.001755100000000001 0.0009551 -4.899999999999779e-06 0 2 154 -154 
251 -0.001155099999999999 0.0010449 -5.099999999999813e-06 -0.0008448999999999994 0.0013551 -4.899999999999779e-06 0 2 155 -155 
252 -0.0005550999999999992 0.0010449 -5.099999999999813e-06 -0.0002448999999999992 0.0013551 -4.899999999999779e-06 0 2 156 -156 
253 -0.0005550999999999991 0.0014449 -5.099999999999813e-06 -0.0002448999999999992 0.0017551 -4.899999999999779e-06 0 2 157 -157 
254 0.0002449000000000007 0.0010449 -5.099999999999813e-06 0.0005551000000000008 0.0013551 -4.899999999999779e-06 0 2 158 -158 
255 0.0008449000000000008 0.0010449 -5.099999999999813e-06 0.001155100000000001 0.0013551 -4.899999999999779e-06 0 2 159 -159 
256 0.0002449000000000009 0.0014449 -5.099999999999813e-06 0.0005551000000000008 0.0017551 -4.899999999999779e-06 0 2 160 -160 
257 -0.001600099999999999 0.0002449000000000005 -5.099999999999796e-06 -0.001599899999999999 0.0002451000000000005 9.999999999999989e-08 0 2 143 -161 
258 -0.0017551 0.0002449 -1.000000000000478e-07 -0.0014449 0.0005551000000000001 1.000000000000478e-07 0 2 161 -161 
259 -0.001000099999999999 0.0002449000000000005 -5.099999999999796e-06 -0.0009998999999999993 0.0002451000000000005 9.999999999999989e-08 0 2 144 -162 
260 -0.0011551 0.0002449 -1.000000000000478e-07 -0.0008449 0.0005551000000000001 1.000000000000478e-07 0 2 162 -162 
261 -0.0004000999999999995 0.0002449000000000005 -5.099999999999796e-06 -0.0003998999999999995 0.0002451000000000005 9.999999999999989e-08 0 2 145 -163 
262 -0.0005551000000000001 0.0002449 -1.000000000000478e-07 -0.0002449 0.0005551000000000001 1.000000000000478e-07 0 2 163 -163 
263 -0.001600099999999999 0.0006449000000000001 -5.099999999999796e-06 -0.001599899999999999 0.0006451 9.999999999999989e-08 0 2 146 -164 
264 -0.0017551 0.0006449 -1.000000000000344e-07 -0.0014449 0.0009551000000000001 1.000000000000344e-07 0 2 164 -164 
265 -0.001000099999999999 0.0006449000000000001 -5.099999999999796e-06 -0.0009998999999999993 0.0006451 9.999999999999989e-08 0 2 147 -165 
266 -0.0011551 0.0006449 -1.000000000000344e-07 -0.0008449 0.0009551000000000001 1.000000000000344e-07 0 2 165 -165 
267 -0.0004000999999999994 0.0006449000000000001 -5.099999999999796e-06 -0.0003998999999999994 0.0006451 9.999999999999989e-08 0 2 148 -166 
268 -0.0005551000000000001 0.0006449 -1.000000000000344e-07 -0.0002449 0.0009551000000000001 1.000000000000344e-07 0 2 166 -166 
269 0.0003999000000000006 0.0002449000000000005 -5.099999999999796e-06 0.0004001000000000006 0.0002451000000000005 9.999999999999989e-08 0 2 149 -167 
270 0.0002449 0.0002449 -1.000000000000478e-07 0.0005551000000000001 0.0005551000000000001 1.000000000000478e-07 0 2 167 -167 
271 0.0009999000000000006 0.0002449000000000005 -5.099999999999796e-06 0.001000100000000001 0.0002451000000000005 9.999999999999989e-08 0 2 150 -168 
272 0.0008449 0.0002449 -1.000000000000478e-07 0.0011551 0.0005551000000000001 1.000000000000478e-07 0 2 168 -168 
273 0.001599900000000001 0.0002449000000000005 -5.099999999999796e-06 0.001600100000000001 0.0002451000000000005 9.999999999999989e-08 0 2 151 -169 
274 0.0014449 0.0002449 -1.000000000000478e-07 0.0017551 0.0005551000000000001 1.000000000000478e-07 0 2 169 -169 
275 0.0003999000000000007 0.0006449000000000001 -5.099999999999796e-06 0.0004001000000000007 0.0006451 9.999999999999989e-08 0 2 152 -170 
276 0.0002449 0.0006449 -1.000000000000344e-07 0.0005551000000000001 0.0009551000000000001 1.000000000000344e-07 0 2 170 -170 
277 0.0009999000000000006 0.0006449000000000001 -5.099999999999796e-06 0.001000100000000001 0.0006451 9.999999999999989e-08 0 2 153 -171 
278 0.0008449 0.0006449 -1.000000000000344e-07 0.0011551 0.0009551000000000001 1.000000000000344e-07 0 2 171 -171 
279 0.001599900000000001 0.0006449000000000001 -5.099999999999796e-06 0.001600100000000001 0.0006451 9.999999999999989e-08 0 2 154 -172 
280 0.0014449 0.0006449 -1.000000000000344e-07 0.0017551 0.0009551000000000001 1.000000000000344e-07 0 2 172 -172 
281 -0.001000099999999999 0.0010449 -5.099999999999796e-06 -0.0009998999999999993 0.0010451 9.999999999999989e-08 0 2 155 -173 
282 -0.0011551 0.0010449 -1.000000000000344e-07 -0.0008449 0.0013551 1.000000000000344e-07 0 2 173 -173 
283 -0.0004000999999999993 0.0010449 -5.099999999999796e-06 -0.0003998999999999993 0.0010451 9.999999999999989e-08 0 2 156 -174 
284 -0.0005551000000000001 0.0010449 -1.000000000000344e-07 -0.0002449 0.0013551 1.000000000000344e-07 0 2 174 -174 
285 -0.0004000999999999992 0.0014449 -5.099999999999796e-06 -0.0003998999999999992 0.0014451 9.999999999999989e-08 0 2 157 -175 
286 -0.0005551000000000001 0.0014449 -1.000000000000344e-07 -0.0002449 0.0017551 1.000000000000344e-07 0 2 175 -175 
287 0.0003999000000000008 0.0010449 -5.099999999999796e-06 0.0004001000000000008 0.0010451 9.999999999999989e-08 0 2 158 -176 
288 0.0002449 0.0010449 -1.000000000000344e-07 0.0005551000000000001 0.0013551 1.000000000000344e-07 0 2 176 -176 
289 0.0009999000000000006 0.0010449 -5.099999999999796e-06 0.001000100000000001 0.0010451 9.999999999999989e-08 0 2 159 -177 
290 0.0008449 0.0010449 -1.000000000000344e-07 0.0011551 0.0013551 1.000000000000344e-07 0 2 177 -177 
291 0.0003999000000000008 0.0014449 -5.099999999999796e-06 0.0004001000000000008 0.0014451 9.999999999999989e-08 0 2 160 -178 
292 0.0002449 0.0014449 -1.000000000000344e-07 0.0005551000000000001 0.0017551 1.000000000000344e-07 0 2 178 -178 
293 -0.002000098437499 2.4e-06 -1e-07 0.002000098437499 2.6e-06 1e-07 0 2 179 -180 
294 -0.00200009843749939 2.400000000000058e-06 -1.000000000003909e-07 0.00200009843749939 0.0020001 1.000000000003909e-07 0 2 180 -179 
295 0.001999898437499 2.4e-06 -9.999999999994822e-08 0.002000098437499 2.6e-06 0.0015001 0 2 181 -180 
296 -0.002000098437499 2.4e-06 0.0014999 0.002000098437499 2.6e-06 0.0015001 0 2 182 -181 
297 -0.002000098437499 2.4e-06 -9.999999999994822e-08 -0.001999898437499 2.6e-06 0.0015001 0 2 182 -179 
298 -0.00200009843749939 2.400000000000058e-06 0.0014999 0.00200009843749939 0.0020001 0.001500100000000001 0 2 181 -182 
299 -0.001750100000000001 0.0002498999999999991 -5.100000000000869e-06 -0.001449899999999999 0.0005501000000000008 -4.899999999999132e-06 0 2 183 -183 
300 -0.001600099999999999 0.0002499000000000005 -5.099999999999796e-06 -0.001599899999999999 0.0002501000000000005 9.999999999999989e-08 0 2 183 -184 
301 -0.0017501 0.0002498999999999999 -1.00000000000132e-07 -0.0014499 0.0005501000000000001 1.00000000000132e-07 0 2 184 -184 
302 -0.001150100000000001 0.0002498999999999992 -5.100000000000838e-06 -0.0008498999999999992 0.0005501000000000008 -4.899999999999163e-06 0 2 185 -185 
303 -0.001000099999999999 0.0002499000000000005 -5.099999999999796e-06 -0.0009998999999999993 0.0002501000000000005 9.999999999999989e-08 0 2 185 -186 
304 -0.0011501 0.0002498999999999999 -1.00000000000132e-07 -0.0008499 0.0005501000000000001 1.00000000000132e-07 0 2 186 -186 
305 -0.0005501000000000008 0.0002498999999999992 -5.100000000000838e-06 -0.0002498999999999992 0.0005501000000000008 -4.899999999999163e-06 0 2 187 -187 
306 -0.0004000999999999995 0.0002499000000000005 -5.099999999999796e-06 -0.0003998999999999995 0.0002501000000000005 9.999999999999989e-08 0 2 187 -188 
307 -0.0005501000000000001 0.0002498999999999999 -1.000000000000778e-07 -0.0002498999999999999 0.0005501000000000001 1.000000000000778e-07 0 2 188 -188 
308 -0.001750100000000001 0.0006498999999999994 -5.100000000000777e-06 -0.001449899999999999 0.0009501000000000007 -4.899999999999224e-06 0 2 189 -189 
309 -0.001600099999999999 0.0006499000000000001 -5.099999999999796e-06 -0.001599899999999999 0.0006501 9.999999999999989e-08 0 2 189 -190 
310 -0.0017501 0.0006499 -1.000000000001251e-07 -0.0014499 0.0009501000000000001 1.000000000001251e-07 0 2 190 -190 
311 -0.001150100000000001 0.0006498999999999994 -5.100000000000704e-06 -0.0008498999999999994 0.0009501000000000007 -4.899999999999297e-06 0 2 191 -191 
312 -0.001000099999999999 0.0006499000000000001 -5.099999999999796e-06 -0.0009998999999999993 0.0006501 9.999999999999989e-08 0 2 191 -192 
313 -0.0011501 0.0006499 -1.000000000001251e-07 -0.0008499 0.0009501000000000001 1.000000000001251e-07 0 2 192 -192 
314 -0.0005501000000000007 0.0006498999999999994 -5.100000000000704e-06 -0.0002498999999999993 0.0009501000000000007 -4.899999999999297e-06 0 2 193 -193 
315 -0.0004000999999999994 0.0006499000000000001 -5.099999999999796e-06 -0.0003998999999999994 0.0006501 9.999999999999989e-08 0 2 193 -194 
316 -0.0005501000000000001 0.0006499 -1.000000000000709e-07 -0.0002498999999999999 0.0009501000000000001 1.000000000000709e-07 0 2 194 -194 
317 0.0002498999999999992 0.0002498999999999992 -5.100000000000838e-06 0.0005501000000000008 0.0005501000000000008 -4.899999999999163e-06 0 2 195 -195 
318 0.0003999000000000006 0.0002499000000000005 -5.099999999999796e-06 0.0004001000000000006 0.0002501000000000005 9.999999999999989e-08 0 2 195 -196 
319 0.0002498999999999999 0.0002498999999999999 -1.000000000000778e-07 0.0005501000000000001 0.0005501000000000001 1.000000000000778e-07 0 2 196 -196 
320 0.0008498999999999992 0.0002498999999999991 -5.100000000000869e-06 0.001150100000000001 0.0005501000000000008 -4.899999999999132e-06 0 2 197 -197 
321 0.0009999000000000006 0.0002499000000000005 -5.099999999999796e-06 0.001000100000000001 0.0002501000000000005 9.999999999999989e-08 0 2 197 -198 
322 0.0008499 0.0002498999999999999 -1.000000000000778e-07 0.0011501 0.0005501000000000001 1.000000000000778e-07 0 2 198 -198 
323 0.001449899999999999 0.0002498999999999991 -5.100000000000869e-06 0.001750100000000001 0.0005501000000000008 -4.899999999999132e-06 0 2 199 -199 
324 0.001599900000000001 0.0002499000000000005 -5.099999999999796e-06 0.001600100000000001 0.0002501000000000005 9.999999999999989e-08 0 2 199 -200 
325 0.0014499 0.0002498999999999999 -1.00000000000132e-07 0.0017501 0.0005501000000000001 1.00000000000132e-07 0 2 200 -200 
326 0.0002498999999999993 0.0006498999999999994 -5.100000000000704e-06 0.0005501000000000007 0.0009501000000000007 -4.899999999999297e-06 0 2 201 -201 
327 0.0003999000000000007 0.0006499000000000001 -5.099999999999796e-06 0.0004001000000000007 0.0006501 9.999999999999989e-08 0 2 201 -202 
328 0.0002498999999999999 0.0006499 -1.000000000000709e-07 0.0005501000000000001 0.0009501000000000001 1.000000000000709e-07 0 2 202 -202 
329 0.0008498999999999994 0.0006498999999999994 -5.100000000000704e-06 0.001150100000000001 0.0009501000000000007 -4.899999999999297e-06 0 2 203 -203 
330 0.0009999000000000006 0.0006499000000000001 -5.099999999999796e-06 0.001000100000000001 0.0006501 9.999999999999989e-08 0 2 203 -204 
331 0.0008499 0.0006499 -1.000000000001251e-07 0.0011501 0.0009501000000000001 1.000000000001251e-07 0 2 204 -204 
332 0.001449899999999999 0.0006498999999999994 -5.100000000000777e-06 0.001750100000000001 0.0009501000000000007 -4.899999999999224e-06 0 2 205 -205 
333 0.001599900000000001 0.0006499000000000001 -5.099999999999796e-06 0.001600100000000001 0.0006501 9.999999999999989e-08 0 2 205 -206 
334 0.0014499 0.0006499 -1.000000000001251e-07 0.0017501 0.0009501000000000001 1.000000000001251e-07 0 2 206 -206 
335 -0.001150100000000001 0.001049899999999999 -5.10000000000083e-06 -0.0008498999999999992 0.001350100000000001 -4.899999999999171e-06 0 2 207 -207 
336 -0.001000099999999999 0.0010499 -5.099999999999796e-06 -0.0009998999999999993 0.0010501 9.999999999999989e-08 0 2 207 -208 
337 -0.0011501 0.0010499 -1.000000000000166e-07 -0.0008499000000000001 0.0013501 1.000000000000166e-07 0 2 208 -208 
338 -0.0005501000000000008 0.001049899999999999 -5.100000000000799e-06 -0.0002498999999999992 0.001350100000000001 -4.899999999999202e-06 0 2 209 -209 
339 -0.0004000999999999993 0.0010499 -5.099999999999796e-06 -0.0003998999999999993 0.0010501 9.999999999999989e-08 0 2 209 -210 
340 -0.0005501000000000001 0.0010499 -1.000000000000709e-07 -0.0002498999999999999 0.0013501 1.000000000000709e-07 0 2 210 -210 
341 -0.000550100000000001 0.001449899999999999 -5.100000000000905e-06 -0.0002498999999999991 0.001750100000000001 -4.899999999999096e-06 0 2 211 -211 
342 -0.0004000999999999992 0.0014499 -5.099999999999796e-06 -0.0003998999999999992 0.0014501 9.999999999999989e-08 0 2 211 -212 
343 -0.0005501000000000001 0.0014499 -1.000000000000709e-07 -0.0002498999999999999 0.0017501 1.000000000000709e-07 0 2 212 -212 
344 0.0002498999999999992 0.001049899999999999 -5.100000000000808e-06 0.0005501000000000008 0.001350100000000001 -4.899999999999193e-06 0 2 213 -213 
345 0.0003999000000000008 0.0010499 -5.099999999999796e-06 0.0004001000000000008 0.0010501 9.999999999999989e-08 0 2 213 -214 
346 0.0002498999999999999 0.0010499 -1.000000000000709e-07 0.0005501000000000001 0.0013501 1.000000000000709e-07 0 2 214 -214 
347 0.0008498999999999991 0.001049899999999999 -5.100000000000913e-06 0.001150100000000001 0.001350100000000001 -4.899999999999088e-06 0 2 215 -215 
348 0.0009999000000000006 0.0010499 -5.099999999999796e-06 0.001000100000000001 0.0010501 9.999999999999989e-08 0 2 215 -216 
349 0.0008499 0.0010499 -1.000000000001251e-07 0.0011501 0.0013501 1.000000000001251e-07 0 2 216 -216 
350 0.0002498999999999991 0.001449899999999999 -5.100000000000905e-06 0.000550100000000001 0.001750100000000001 -4.899999999999096e-06 0 2 217 -217 
351 0.0003999000000000008 0.0014499 -5.099999999999796e-06 0.0004001000000000008 0.0014501 9.999999999999989e-08 0 2 217 -218 
352 0.0002498999999999999 0.0014499 -1.000000000000709e-07 0.0005501000000000001 0.0017501 1.000000000000709e-07 0 2 218 -218 
353 0.0003998999999999995 -0.0002501 -0.0050001 0.0004001 -0.0002499 -4.899999999999956e-06 0 2 58 -219 
354 0.0002498999999999999 -0.0005501000000000001 -0.0050001 0.0005501000000000001 -0.0002498999999999999 -0.0049999 0 2 219 -219 
355 0.0003998999999999999 -0.0002501000000000001 -0.005250100000000001 0.0004001000000000002 0.0002501000000000002 -0.0049999 0 2 219 -220 
356 0.0002499 0.0002499 -0.0050001 0.0005501 0.0005501 -0.0049999 0 2 220 -220 
359 0.0003999 0.0002499 -0.0050001 0.0004001000000000006 0.0002501000000000005 -4.899999999999956e-06 0 2 220 -195 
363 -0.0004001000000000006 -0.0002501 -0.0050001 -0.0003999 -0.0002499 -4.899999999999956e-06 0 2 129 -223 
364 -0.0005501000000000001 -0.0005501000000000001 -0.0050001 -0.0002498999999999999 -0.0002498999999999999 -0.0049999 0 2 223 -223 
365 -0.0004001000000000002 -0.0002501000000000001 -0.005250100000000001 -0.0003998999999999999 0.0002501000000000002 -0.0049999 0 2 223 -224 
366 -0.0005501 0.0002499 -0.0050001 -0.0002499 0.0005501 -0.0049999 0 2 224 -224 
369 -0.0004001 0.0002499 -0.0050001 -0.0003998999999999995 0.0002501000000000005 -4.899999999999956e-06 0 2 224 -187 
373 0.0003998999999999994 -0.0006501 -0.005833433333333 0.0004001 -0.0006499000000000001 -4.899999999999956e-06 0 2 54 -227 
374 0.0002498999999999999 -0.0009501000000000002 -0.005833433333333 0.0005501000000000002 -0.0006498999999999999 -0.005833233333332999 0 2 227 -227 
375 0.0003998999999999996 -0.0006501000000000002 -0.006483433333333 0.0004001000000000003 0.0006501000000000005 -0.005833233333332999 0 2 227 -228 
376 0.0002498999999999998 0.0006498999999999999 -0.005833433333333 0.0005501000000000002 0.0009501000000000002 -0.005833233333332999 0 2 228 -228 
379 0.0003999 0.0006499000000000001 -0.005833433333333 0.0004001000000000007 0.0006501 -4.899999999999956e-06 0 2 228 -201 
383 -0.0004001000000000007 -0.0006501 -0.005833433333333 -0.0003999 -0.0006499000000000001 -4.899999999999956e-06 0 2 127 -231 
384 -0.0005501000000000002 -0.0009501000000000002 -0.005833433333333 -0.0002498999999999998 -0.0006498999999999999 -0.005833233333332999 0 2 231 -231 
385 -0.0004001000000000004 -0.0006501000000000002 -0.006483433333333 -0.0003998999999999997 0.0006501000000000005 -0.005833233333332999 0 2 231 -232 
386 -0.0005501000000000002 0.0006498999999999999 -0.005833433333333 -0.0002498999999999998 0.0009501000000000002 -0.005833233333332999 0 2 232 -232 
389 -0.0004001 0.0006499000000000001 -0.005833433333333 -0.0003998999999999994 0.0006501 -4.899999999999956e-06 0 2 232 -193 
393 0.0003998999999999993 -0.0010501 -0.006666766666667 0.0004001 -0.0010499 -4.899999999999956e-06 0 2 50 -235 
394 0.0002498999999999999 -0.0013501 -0.006666766666667 0.0005501000000000001 -0.0010499 -0.006666566666667 0 2 235 -235 
395 0.0003998999999999996 -0.0010501 -0.007716766666667 0.0004001000000000003 0.0010501 -0.006666566666667 0 2 235 -236 
396 0.0002498999999999999 0.0010499 -0.006666766666667 0.0005501000000000001 0.0013501 -0.006666566666667 0 2 236 -236 
399 0.0003999 0.0010499 -0.006666766666667 0.0004001000000000008 0.0010501 -4.899999999999956e-06 0 2 236 -213 
403 -0.0004001000000000008 -0.0010501 -0.006666766666667 -0.0003999 -0.0010499 -4.899999999999956e-06 0 2 117 -239 
404 -0.0005501000000000001 -0.0013501 -0.006666766666667 -0.0002498999999999999 -0.0010499 -0.006666566666667 0 2 239 -239 
405 -0.0004001000000000004 -0.0010501 -0.007716766666667 -0.0003998999999999997 0.0010501 -0.006666566666667 0 2 239 -240 
406 -0.0005501000000000001 0.0010499 -0.006666766666667 -0.0002498999999999999 0.0013501 -0.006666566666667 0 2 240 -240 
409 -0.0004001 0.0010499 -0.006666766666667 -0.0003998999999999993 0.0010501 -4.899999999999956e-06 0 2 240 -209 
413 0.0003998999999999992 -0.0014501 -0.0075001 0.0004001 -0.0014499 -4.899999999999956e-06 0 2 48 -243 
414 0.0002498999999999999 -0.0017501 -0.0075001 0.0005501000000000001 -0.0014499 -0.007499899999999999 0 2 243 -243 
415 0.0003998999999999996 -0.0014501 -0.008950099999999999 0.0004001000000000004 0.0014501 -0.007499899999999999 0 2 243 -244 
416 0.0002498999999999999 0.0014499 -0.0075001 0.0005501000000000001 0.0017501 -0.007499899999999999 0 2 244 -244 
419 0.0003999 0.0014499 -0.0075001 0.0004001000000000008 0.0014501 -4.899999999999956e-06 0 2 244 -217 
423 -0.0004001000000000008 -0.0014501 -0.0075001 -0.0003999 -0.0014499 -4.899999999999956e-06 0 2 115 -247 
424 -0.0005501000000000001 -0.0017501 -0.0075001 -0.0002498999999999999 -0.0014499 -0.007499899999999999 0 2 247 -247 
425 -0.0004001000000000005 -0.0014501 -0.008950099999999999 -0.0003998999999999996 0.0014501 -0.007499899999999999 0 2 247 -248 
426 -0.0005501000000000001 0.0014499 -0.0075001 -0.0002498999999999999 0.0017501 -0.007499899999999999 0 2 248 -248 
429 -0.0004001 0.0014499 -0.0075001 -0.0003998999999999992 0.0014501 -4.899999999999956e-06 0 2 248 -211 
433 0.0009998999999999993 -0.0002501 -0.0050001 0.0010001 -0.0002499 -4.899999999999956e-06 0 2 60 -251 
434 0.0008499 -0.0005501000000000001 -0.0050001 0.0011501 -0.0002498999999999999 -0.0049999 0 2 251 -251 
435 0.0009999 -0.0002501000000000001 -0.005250100000000001 0.0010001 0.0002501000000000002 -0.0049999 0 2 251 -252 
436 0.0008499 0.0002498999999999999 -0.0050001 0.0011501 0.0005501000000000001 -0.0049999 0 2 252 -252 
439 0.0009999 0.0002499 -0.0050001 0.001000100000000001 0.0002501000000000005 -4.899999999999956e-06 0 2 252 -197 
443 -0.001000100000000001 -0.0002501 -0.0050001 -0.0009999 -0.0002499 -4.899999999999956e-06 0 2 125 -255 
444 -0.0011501 -0.0005501000000000001 -0.0050001 -0.0008499 -0.0002498999999999999 -0.0049999 0 2 255 -255 
445 -0.0010001 -0.0002501000000000001 -0.005250100000000001 -0.0009999 0.0002501000000000002 -0.0049999 0 2 255 -256 
446 -0.0011501 0.0002498999999999999 -0.0050001 -0.0008499 0.0005501000000000001 -0.0049999 0 2 256 -256 
449 -0.0010001 0.0002499 -0.0050001 -0.0009998999999999993 0.0002501000000000005 -4.899999999999956e-06 0 2 256 -185 
453 0.0009998999999999993 -0.0006501 -0.005833433333333 0.0010001 -0.0006499000000000001 -4.899999999999956e-06 0 2 56 -259 
454 0.0008498999999999999 -0.0009501000000000002 -0.005833433333333 0.0011501 -0.0006498999999999999 -0.005833233333332999 0 2 259 -259 
455 0.0009998999999999997 -0.0006501000000000002 -0.006483433333333 0.0010001 0.0006501000000000005 -0.005833233333332999 0 2 259 -260 
456 0.0008498999999999999 0.0006498999999999999 -0.005833433333333 0.0011501 0.0009501000000000002 -0.005833233333332999 0 2 260 -260 
459 0.0009999 0.0006499000000000001 -0.005833433333333 0.001000100000000001 0.0006501 -4.899999999999956e-06 0 2 260 -203 
463 -0.001000100000000001 -0.0006501 -0.005833433333333 -0.0009999 -0.0006499000000000001 -4.899999999999956e-06 0 2 121 -263 
464 -0.0011501 -0.0009501000000000001 -0.005833433333333 -0.0008499 -0.0006499 -0.005833233333332999 0 2 263 -263 
465 -0.0010001 -0.0006501000000000002 -0.006483433333333 -0.0009998999999999997 0.0006501000000000005 -0.005833233333332999 0 2 263 -264 
466 -0.0011501 0.0006498999999999999 -0.005833433333333 -0.0008498999999999999 0.0009501000000000002 -0.005833233333332999 0 2 264 -264 
469 -0.0010001 0.0006499000000000001 -0.005833433333333 -0.0009998999999999993 0.0006501 -4.899999999999956e-06 0 2 264 -191 
473 0.0009998999999999993 -0.0010501 -0.006666766666667 0.0010001 -0.0010499 -4.899999999999956e-06 0 2 52 -267 
474 0.0008499 -0.0013501 -0.006666766666667 0.0011501 -0.0010499 -0.006666566666667 0 2 267 -267 
475 0.0009998999999999995 -0.0010501 -0.007716766666667 0.001000100000000001 0.0010501 -0.006666566666667 0 2 267 -268 
476 0.0008499 0.0010499 -0.006666766666667 0.0011501 0.0013501 -0.006666566666667 0 2 268 -268 
479 0.0009999 0.0010499 -0.006666766666667 0.001000100000000001 0.0010501 -4.899999999999956e-06 0 2 268 -215 
483 -0.001000100000000001 -0.0010501 -0.006666766666667 -0.0009999 -0.0010499 -4.899999999999956e-06 0 2 113 -271 
484 -0.0011501 -0.0013501 -0.006666766666667 -0.0008499000000000001 -0.0010499 -0.006666566666667 0 2 271 -271 
485 -0.001000100000000001 -0.0010501 -0.007716766666667 -0.0009998999999999995 0.0010501 -0.006666566666667 0 2 271 -272 
486 -0.0011501 0.0010499 -0.006666766666667 -0.0008499 0.0013501 -0.006666566666667 0 2 272 -272 
489 -0.0010001 0.0010499 -0.006666766666667 -0.0009998999999999993 0.0010501 -4.899999999999956e-06 0 2 272 -207 
493 0.001599899999999999 -0.0002501 -0.0050001 0.0016001 -0.0002499 -4.899999999999956e-06 0 2 64 -275 
494 0.0014499 -0.0005501000000000001 -0.0050001 0.0017501 -0.0002498999999999999 -0.0049999 0 2 275 -275 
495 0.0015999 -0.0002501000000000001 -0.005250100000000001 0.0016001 0.0002501000000000002 -0.0049999 0 2 275 -276 
496 0.0014499 0.0002498999999999999 -0.0050001 0.0017501 0.0005501000000000001 -0.0049999 0 2 276 -276 
499 0.0015999 0.0002499 -0.0050001 0.001600100000000001 0.0002501000000000005 -4.899999999999956e-06 0 2 276 -199 
503 -0.001600100000000001 -0.0002501 -0.0050001 -0.0015999 -0.0002499 -4.899999999999956e-06 0 2 123 -279 
504 -0.0017501 -0.0005501000000000001 -0.0050001 -0.0014499 -0.0002498999999999999 -0.0049999 0 2 279 -279 
505 -0.0016001 -0.0002501000000000001 -0.005250100000000001 -0.0015999 0.0002501000000000002 -0.0049999 0 2 279 -280 
506 -0.0017501 0.0002498999999999999 -0.0050001 -0.0014499 0.0005501000000000001 -0.0049999 0 2 280 -280 
509 -0.0016001 0.0002499 -0.0050001 -0.001599899999999999 0.0002501000000000005 -4.899999999999956e-06 0 2 280 -183 
513 0.001599899999999999 -0.0006501 -0.005833433333333 0.0016001 -0.0006499000000000001 -4.899999999999956e-06 0 2 62 -283 
514 0.0014499 -0.0009501000000000001 -0.005833433333333 0.0017501 -0.0006499 -0.005833233333332999 0 2 283 -283 
515 0.0015999 -0.0006501000000000002 -0.006483433333333 0.0016001 0.0006501000000000005 -0.005833233333332999 0 2 283 -284 
516 0.0014499 0.0006499 -0.005833433333333 0.0017501 0.0009501000000000001 -0.005833233333332999 0 2 284 -284 
519 0.0015999 0.0006499000000000001 -0.005833433333333 0.001600100000000001 0.0006501 -4.899999999999956e-06 0 2 284 -205 
523 -0.001600100000000001 -0.0006501 -0.005833433333333 -0.0015999 -0.0006499000000000001 -4.899999999999956e-06 0 2 119 -287 
524 -0.0017501 -0.0009501000000000001 -0.005833433333333 -0.0014499 -0.0006499 -0.005833233333332999 0 2 287 -287 
525 -0.0016001 -0.0006501000000000002 -0.006483433333333 -0.0015999 0.0006501000000000005 -0.005833233333332999 0 2 287 -288 
526 -0.0017501 0.0006499 -0.005833433333333 -0.0014499 0.0009501000000000001 -0.005833233333332999 0 2 288 -288 
529 -0.0016001 0.0006499000000000001 -0.005833433333333 -0.001599899999999999 0.0006501 -4.899999999999956e-06 0 2 288 -189 
530 0.0003998999999999995 -0.0002451 -0.0050001 0.0004001 -0.0002449 -4.899999999999956e-06 0 2 21 -289 
531 0.0002449 -0.0005551 -0.0050001 0.0005551 -0.0002449 -0.0049999 0 2 289 -289 
532 0.0003999 -0.0002450999999999999 -0.0052451 0.0004001000000000001 0.0002451 -0.0049999 0 2 289 -290 
533 0.0002449 0.0002449 -0.0050001 0.0005551 0.0005551 -0.0049999 0 2 290 -290 
534 0.0003999 0.0002449 -0.0050001 0.0004001000000000006 0.0002451000000000005 -4.899999999999956e-06 0 2 290 -149 
535 -0.0004001000000000006 -0.0002451 -0.0050001 -0.0003999 -0.0002449 -4.899999999999956e-06 0 2 94 -291 
536 -0.0005551 -0.0005551 -0.0050001 -0.0002449 -0.0002449 -0.0049999 0 2 291 -291 
537 -0.0004001000000000001 -0.0002450999999999999 -0.0052451 -0.0003999 0.0002451 -0.0049999 0 2 291 -292 
538 -0.0005551 0.0002449 -0.0050001 -0.0002449 0.0005551 -0.0049999 0 2 292 -292 
539 -0.0004001 0.0002449 -0.0050001 -0.0003998999999999995 0.0002451000000000005 -4.899999999999956e-06 0 2 292 -145 
540 0.0003998999999999994 -0.0006451 -0.005833433333333 0.0004001 -0.0006449000000000001 -4.899999999999956e-06 0 2 19 -293 
541 0.0002449 -0.0009551 -0.005833433333333 0.0005551 -0.0006449000000000001 -0.005833233333332999 0 2 293 -293 
542 0.0003998999999999999 -0.0006450999999999999 -0.006478433333333 0.0004001000000000001 0.0006451000000000001 -0.005833233333332999 0 2 293 -294 
543 0.0002449 0.0006449000000000001 -0.005833433333333 0.0005551 0.0009551 -0.005833233333332999 0 2 294 -294 
544 0.0003999 0.0006449000000000001 -0.005833433333333 0.0004001000000000007 0.0006451 -4.899999999999956e-06 0 2 294 -152 
545 -0.0004001000000000007 -0.0006451 -0.005833433333333 -0.0003999 -0.0006449000000000001 -4.899999999999956e-06 0 2 93 -295 
546 -0.0005551 -0.0009551 -0.005833433333333 -0.0002449 -0.0006449000000000001 -0.005833233333332999 0 2 295 -295 
547 -0.0004001000000000001 -0.0006450999999999999 -0.006478433333333 -0.0003999 0.0006451000000000001 -0.005833233333332999 0 2 295 -296 
548 -0.0005551 0.0006449000000000001 -0.005833433333333 -0.0002449 0.0009551 -0.005833233333332999 0 2 296 -296 
549 -0.0004001 0.0006449000000000001 -0.005833433333333 -0.0003998999999999994 0.0006451 -4.899999999999956e-06 0 2 296 -148 
550 0.0003998999999999993 -0.0010451 -0.006666766666667 0.0004001 -0.0010449 -4.899999999999956e-06 0 2 17 -297 
551 0.0002449 -0.0013551 -0.006666766666667 0.0005551 -0.0010449 -0.006666566666667 0 2 297 -297 
552 0.0003998999999999999 -0.0010451 -0.007711766666667 0.0004001000000000001 0.0010451 -0.006666566666667 0 2 297 -298 
553 0.0002449 0.0010449 -0.006666766666667 0.0005551 0.0013551 -0.006666566666667 0 2 298 -298 
554 0.0003999 0.0010449 -0.006666766666667 0.0004001000000000008 0.0010451 -4.899999999999956e-06 0 2 298 -158 
555 -0.0004001000000000008 -0.0010451 -0.006666766666667 -0.0003999 -0.0010449 -4.899999999999956e-06 0 2 88 -299 
556 -0.0005551 -0.0013551 -0.006666766666667 -0.0002449 -0.0010449 -0.006666566666667 0 2 299 -299 
557 -0.0004001000000000002 -0.0010451 -0.007711766666667 -0.0003998999999999999 0.0010451 -0.006666566666667 0 2 299 -300 
558 -0.0005551 0.0010449 -0.006666766666667 -0.0002449 0.0013551 -0.006666566666667 0 2 300 -300 
559 -0.0004001 0.0010449 -0.006666766666667 -0.0003998999999999993 0.0010451 -4.899999999999956e-06 0 2 300 -156 
560 0.0003998999999999992 -0.0014451 -0.0075001 0.0004001 -0.0014449 -4.899999999999956e-06 0 2 16 -301 
561 0.0002449 -0.0017551 -0.0075001 0.0005551 -0.0014449 -0.007499899999999999 0 2 301 -301 
562 0.0003998999999999998 -0.0014451 -0.008945099999999999 0.0004001000000000002 0.0014451 -0.007499899999999999 0 2 301 -302 
563 0.0002449 0.0014449 -0.0075001 0.0005551 0.0017551 -0.007499899999999999 0 2 302 -302 
564 0.0003999 0.0014449 -0.0075001 0.0004001000000000008 0.0014451 -4.899999999999956e-06 0 2 302 -160 
565 -0.0004001000000000008 -0.0014451 -0.0075001 -0.0003999 -0.0014449 -4.899999999999956e-06 0 2 87 -303 
566 -0.0005551 -0.0017551 -0.0075001 -0.0002449 -0.0014449 -0.007499899999999999 0 2 303 -303 
567 -0.0004001000000000002 -0.0014451 -0.008945099999999999 -0.0003998999999999999 0.0014451 -0.007499899999999999 0 2 303 -304 
568 -0.0005551 0.0014449 -0.0075001 -0.0002449 0.0017551 -0.007499899999999999 0 2 304 -304 
569 -0.0004001 0.0014449 -0.0075001 -0.0003998999999999992 0.0014451 -4.899999999999956e-06 0 2 304 -157 
570 0.0009998999999999993 -0.0002451 -0.0050001 0.0010001 -0.0002449 -4.899999999999956e-06 0 2 22 -305 
571 0.0008449000000000001 -0.0005551 -0.0050001 0.0011551 -0.0002449 -0.0049999 0 2 305 -305 
572 0.0009999 -0.0002450999999999999 -0.0052451 0.0010001 0.0002451 -0.0049999 0 2 305 -306 
573 0.0008449000000000001 0.0002449 -0.0050001 0.0011551 0.0005551 -0.0049999 0 2 306 -306 
574 0.0009999 0.0002449 -0.0050001 0.001000100000000001 0.0002451000000000005 -4.899999999999956e-06 0 2 306 -150 
575 -0.001000100000000001 -0.0002451 -0.0050001 -0.0009999 -0.0002449 -4.899999999999956e-06 0 2 92 -307 
576 -0.0011551 -0.0005551 -0.0050001 -0.0008449000000000001 -0.0002449 -0.0049999 0 2 307 -307 
577 -0.0010001 -0.0002450999999999999 -0.0052451 -0.0009999 0.0002451 -0.0049999 0 2 307 -308 
578 -0.0011551 0.0002449 -0.0050001 -0.0008449000000000001 0.0005551 -0.0049999 0 2 308 -308 
579 -0.0010001 0.0002449 -0.0050001 -0.0009998999999999993 0.0002451000000000005 -4.899999999999956e-06 0 2 308 -144 
580 0.0009998999999999993 -0.0006451 -0.005833433333333 0.0010001 -0.0006449000000000001 -4.899999999999956e-06 0 2 20 -309 
581 0.0008449000000000001 -0.0009551 -0.005833433333333 0.0011551 -0.0006449000000000001 -0.005833233333332999 0 2 309 -309 
582 0.0009999 -0.0006450999999999999 -0.006478433333333 0.0010001 0.0006451000000000001 -0.005833233333332999 0 2 309 -310 
583 0.0008449000000000001 0.0006449000000000001 -0.005833433333333 0.0011551 0.0009551 -0.005833233333332999 0 2 310 -310 
584 0.0009999 0.0006449000000000001 -0.005833433333333 0.001000100000000001 0.0006451 -4.899999999999956e-06 0 2 310 -153 
585 -0.001000100000000001 -0.0006451 -0.005833433333333 -0.0009999 -0.0006449000000000001 -4.899999999999956e-06 0 2 90 -311 
586 -0.0011551 -0.0009551 -0.005833433333333 -0.0008449000000000001 -0.0006449000000000001 -0.005833233333332999 0 2 311 -311 
587 -0.0010001 -0.0006450999999999999 -0.006478433333333 -0.0009999 0.0006451000000000001 -0.005833233333332999 0 2 311 -312 
588 -0.0011551 0.0006449000000000001 -0.005833433333333 -0.0008449000000000001 0.0009551 -0.005833233333332999 0 2 312 -312 
589 -0.0010001 0.0006449000000000001 -0.005833433333333 -0.0009998999999999993 0.0006451 -4.899999999999956e-06 0 2 312 -147 
590 0.0009998999999999993 -0.0010451 -0.006666766666667 0.0010001 -0.0010449 -4.899999999999956e-06 0 2 18 -313 
591 0.0008449000000000001 -0.0013551 -0.006666766666667 0.0011551 -0.0010449 -0.006666566666667 0 2 313 -313 
592 0.0009998999999999997 -0.0010451 -0.007711766666667 0.0010001 0.0010451 -0.006666566666667 0 2 313 -314 
593 0.0008449000000000001 0.0010449 -0.006666766666667 0.0011551 0.0013551 -0.006666566666667 0 2 314 -314 
594 0.0009999 0.0010449 -0.006666766666667 0.001000100000000001 0.0010451 -4.899999999999956e-06 0 2 314 -159 
595 -0.001000100000000001 -0.0010451 -0.006666766666667 -0.0009999 -0.0010449 -4.899999999999956e-06 0 2 86 -315 
596 -0.0011551 -0.0013551 -0.006666766666667 -0.0008449000000000001 -0.0010449 -0.006666566666667 0 2 315 -315 
597 -0.0010001 -0.0010451 -0.007711766666667 -0.0009998999999999997 0.0010451 -0.006666566666667 0 2 315 -316 
598 -0.0011551 0.0010449 -0.006666766666667 -0.0008449000000000001 0.0013551 -0.006666566666667 0 2 316 -316 
599 -0.0010001 0.0010449 -0.006666766666667 -0.0009998999999999993 0.0010451 -4.899999999999956e-06 0 2 316 -155 
600 0.001599899999999999 -0.0002451 -0.0050001 0.0016001 -0.0002449 -4.899999999999956e-06 0 2 24 -317 
601 0.0014449 -0.0005551 -0.0050001 0.0017551 -0.0002449 -0.0049999 0 2 317 -317 
602 0.0015999 -0.0002450999999999999 -0.0052451 0.0016001 0.0002451 -0.0049999 0 2 317 -318 
603 0.0014449 0.0002449 -0.0050001 0.0017551 0.0005551 -0.0049999 0 2 318 -318 
604 0.0015999 0.0002449 -0.0050001 0.001600100000000001 0.0002451000000000005 -4.899999999999956e-06 0 2 318 -151 
605 -0.001600100000000001 -0.0002451 -0.0050001 -0.0015999 -0.0002449 -4.899999999999956e-06 0 2 91 -319 
606 -0.0017551 -0.0005551 -0.0050001 -0.0014449 -0.0002449 -0.0049999 0 2 319 -319 
607 -0.0016001 -0.0002450999999999999 -0.0052451 -0.0015999 0.0002451 -0.0049999 0 2 319 -320 
608 -0.0017551 0.0002449 -0.0050001 -0.0014449 0.0005551 -0.0049999 0 2 320 -320 
609 -0.0016001 0.0002449 -0.0050001 -0.001599899999999999 0.0002451000000000005 -4.899999999999956e-06 0 2 320 -143 
610 0.001599899999999999 -0.0006451 -0.005833433333333 0.0016001 -0.0006449000000000001 -4.899999999999956e-06 0 2 23 -321 
611 0.0014449 -0.0009551 -0.005833433333333 0.0017551 -0.0006449000000000001 -0.005833233333332999 0 2 321 -321 
612 0.0015999 -0.0006450999999999999 -0.006478433333333 0.0016001 0.0006451000000000001 -0.005833233333332999 0 2 321 -322 
613 0.0014449 0.0006449000000000001 -0.005833433333333 0.0017551 0.0009551 -0.005833233333332999 0 2 322 -322 
614 0.0015999 0.0006449000000000001 -0.005833433333333 0.001600100000000001 0.0006451 -4.899999999999956e-06 0 2 322 -154 
615 -0.001600100000000001 -0.0006451 -0.005833433333333 -0.0015999 -0.0006449000000000001 -4.899999999999956e-06 0 2 89 -323 
616 -0.0017551 -0.0009551 -0.005833433333333 -0.0014449 -0.0006449000000000001 -0.005833233333332999 0 2 323 -323 
617 -0.0016001 -0.0006450999999999999 -0.006478433333333 -0.0015999 0.0006451000000000001 -0.005833233333332999 0 2 323 -324 
618 -0.0017551 0.0006449000000000001 -0.005833433333333 -0.0014449 0.0009551 -0.005833233333332999 0 2 324 -324 
619 -0.0016001 0.0006449000000000001 -0.005833433333333 -0.001599899999999999 0.0006451 -4.899999999999956e-06 0 2 324 -146 
1 7.4e-06 -0.002020098437499 -9.999999999994822e-08 7.6e-06 -2.239999999999989e-05 0.0015001 0 4 1 2 3 -4 
2 7.4e-06 -0.002025098437499 -9.999999999994822e-08 1.260624999999969e-05 -0.002019898437499 0.0015001 0 4 5 -6 -7 1 
3 7.4e-06 -0.002020098437499 -5.1e-06 1.26e-05 -2.239999999999989e-05 1.000000000010345e-07 0 4 -8 9 2 -10 
4 7.4e-06 -2.26e-05 -9.999999999994822e-08 1.260000000000104e-05 -1.74e-05 0.0015001 0 4 11 -12 -13 3 
5 7.4e-06 -0.002020098437499 0.0014999 1.260000000000104e-05 -2.239999999999989e-05 0.0015051 0 4 -4 14 15 -16 
6 7.4e-06 -0.002025098437499 -5.1e-06 1.260883606961371e-05 -0.002017398437986366 2.600611564650616e-06 0 3 -9 17 -5 
7 1.240624999957743e-05 -0.002025098433593138 -9.999999999994822e-08 0.002015098433593138 -2.240625000000094e-05 0.0015001 0 4 6 18 -19 -20 
8 7.4e-06 -0.002025098437499 0.001497399388435347 1.260883606961371e-05 -0.002017398437986364 0.0015051 0 3 7 21 -14 
9 1.240000000000008e-05 -0.002020098437499389 -5.100000000000017e-06 0.002010098437499389 -2.239999999999989e-05 -4.899999999999984e-06 0 12 -8 22 -23 24 25 26 27 28 29 30 31 32 
10 7.4e-06 -2.509999999999838e-05 -5.100000000000001e-06 1.260000000000203e-05 -1.74e-05 2.600000000000106e-06 0 3 10 13 -33 
11 7.4e-06 -2.510000000000002e-05 0.001497400000000002 1.260000000000204e-05 -1.74e-05 0.0015051 0 3 16 -34 -11 
12 1.240000000000008e-05 -1.76e-05 -9.999999999994822e-08 0.002010098437499 -1.74e-05 0.0015001 0 4 -35 -36 -12 37 
13 1.240000000000008e-05 -0.002020098437499389 0.0015049 0.002010098437499389 -2.239999999999989e-05 0.0015051 0 4 -15 38 -39 40 
14 1.23999999995779e-05 -0.00219029466611968 -5.1e-06 0.00218029466611968 -2.240000000000163e-05 3.650000000000001e-06 0 4 -17 22 41 -18 
15 0.002009898437499 -2.260624999999968e-05 -9.999999999994822e-08 0.002015098437499 -1.74e-05 0.0015001 0 4 -35 42 19 -43 
16 1.239556249957871e-05 -0.00219029466611968 0.0014999 0.00218029466611968 -2.239556250000158e-05 0.0015051 0 4 -21 20 44 -38 
17 1.240000000000008e-05 -2.26e-05 -5.1e-06 0.002010098437499 -1.74e-05 1.000000000010345e-07 0 4 -23 33 37 -45 
18 0.0002449 -0.0017551 -5.100000000000017e-06 0.0005551 -0.0014449 1.000000000000173e-07 0 4 46 47 -24 -47 
19 0.0002449 -0.0013551 -5.100000000000017e-06 0.0005551 -0.0010449 1.000000000000173e-07 0 4 48 49 -25 -49 
20 0.0008449000000000001 -0.0013551 -5.100000000000017e-06 0.0011551 -0.0010449 1.000000000000173e-07 0 4 50 51 -26 -51 
21 0.0002449 -0.0009551 -5.100000000000017e-06 0.0005551 -0.0006449000000000001 1.000000000000173e-07 0 4 52 53 -27 -53 
22 0.0008449000000000001 -0.0009551 -5.100000000000017e-06 0.0011551 -0.0006449000000000001 1.000000000000173e-07 0 4 54 55 -28 -55 
23 0.0002449 -0.0005551 -5.100000000000017e-06 0.0005551 -0.0002449 1.000000000000173e-07 0 4 56 57 -29 -57 
24 0.0008449000000000001 -0.0005551 -5.100000000000017e-06 0.0011551 -0.0002449 1.000000000000173e-07 0 4 58 59 -30 -59 
25 0.0014449 -0.0009551 -5.100000000000017e-06 0.0017551 -0.0006449000000000001 1.000000000000173e-07 0 4 60 61 -31 -61 
26 0.0014449 -0.0005551 -5.100000000000017e-06 0.0017551 -0.0002449 1.000000000000173e-07 0 4 62 63 -32 -63 
27 1.240000000000008e-05 -2.260000000000103e-05 0.0014999 0.002010098437499 -1.74e-05 0.0015051 0 4 -36 34 39 -64 
28 0.0002048365681289999 -0.001725036568129 0.0015049 0.0009150365681289998 -0.001014836568129 0.0020501 0 4 -65 -66 -40 66 
29 0.002007398437986364 -2.26088360696137e-05 -5.1e-06 0.002015098437499 -1.74e-05 2.600611564653115e-06 0 3 45 43 -41 
30 0.002007398437986364 -2.26088360696137e-05 0.001497399388435347 0.002015098437499 -1.74e-05 0.0015051 0 3 -42 64 -44 
31 1.240000000000008e-05 -0.002020098437499389 -1.000000000000344e-07 0.002010098437499389 -2.239999999999989e-05 1.000000000000344e-07 0 12 -67 68 -69 46 48 50 52 54 56 58 60 62 
32 0.0001755873370252001 -0.0017542857992328 0.0020499 0.0009442857992327997 -0.0009855873370252003 0.002055099999999999 0 4 -70 65 70 -71 
33 1.24e-05 -0.002020098437499 -9.999999999994822e-08 1.26e-05 -2.239999999999989e-05 0.0015001 0 4 72 67 73 -74 
34 1.239999999957833e-05 -0.00202009843749939 -9.999999999994822e-08 0.002010098437499389 -2.240000000000098e-05 0.0015001 0 4 72 68 -75 -76 
35 1.240000000000008e-05 -2.26e-05 -9.999999999994822e-08 0.002010098437499 -2.24e-05 0.0015001 0 4 -75 -77 -73 69 
36 0.0002098365681289999 -0.001720036568129 0.002054900000000001 0.0009100365681289998 -0.001019836568129 0.0020551 0 1 71 
37 1.239999999999987e-05 -0.00202009843749939 0.0014999 0.00201009843749939 -2.239999999999968e-05 0.0015001 0 4 -74 76 -77 -78 
38 0.0002098365681289999 -0.001720036568129 0.0014999 0.0009100365681289998 -0.001019836568129 0.0020501 0 4 78 79 -80 -79 
39 0.0002098365681289997 -0.001720036568129001 0.002049899999999999 0.000910036568129 -0.001019836568129 0.0020501 0 1 80 
40 0.0002448999999999999 -0.0017551 -5.100000000000126e-06 0.0005551000000000001 -0.0014449 -4.899999999999875e-06 0 2 -24 81 
41 0.0002499 -0.0017501 -5.100000000000017e-06 0.0005501 -0.0014499 1.000000000000168e-07 0 4 82 83 -81 -83 
42 0.0002448999999999999 -0.0017551 -1.000000000001256e-07 0.0005551000000000001 -0.0014449 1.000000000001256e-07 0 2 -46 82 
43 0.0002448999999999999 -0.0013551 -5.100000000000126e-06 0.0005551000000000001 -0.0010449 -4.899999999999875e-06 0 2 -25 84 
44 0.0002499 -0.0013501 -5.100000000000017e-06 0.0005501 -0.0010499 1.000000000000168e-07 0 4 85 86 -84 -86 
45 0.0002448999999999999 -0.0013551 -1.000000000001256e-07 0.0005551000000000001 -0.0010449 1.000000000001256e-07 0 2 -48 85 
46 0.0008449 -0.0013551 -5.100000000000126e-06 0.0011551 -0.0010449 -4.899999999999875e-06 0 2 -26 87 
47 0.0008499000000000001 -0.0013501 -5.100000000000017e-06 0.0011501 -0.0010499 1.000000000000168e-07 0 4 88 89 -87 -89 
48 0.0008449 -0.0013551 -1.000000000001256e-07 0.0011551 -0.0010449 1.000000000001256e-07 0 2 -50 88 
49 0.0002448999999999999 -0.0009551000000000002 -5.100000000000138e-06 0.0005551000000000002 -0.0006448999999999999 -4.899999999999862e-06 0 2 -27 90 
50 0.0002499 -0.0009500999999999999 -5.100000000000017e-06 0.0005501 -0.0006499000000000001 1.000000000000168e-07 0 4 91 92 -90 -92 
51 0.0002448999999999999 -0.0009551000000000002 -1.000000000001384e-07 0.0005551000000000002 -0.0006448999999999999 1.000000000001384e-07 0 2 -52 91 
52 0.0008448999999999999 -0.0009551000000000002 -5.100000000000171e-06 0.0011551 -0.0006448999999999999 -4.89999999999983e-06 0 2 -28 93 
53 0.0008499000000000001 -0.0009500999999999999 -5.100000000000017e-06 0.0011501 -0.0006499000000000001 1.000000000000168e-07 0 4 94 95 -93 -95 
54 0.0008448999999999999 -0.0009551000000000002 -1.000000000001705e-07 0.0011551 -0.0006448999999999999 1.000000000001705e-07 0 2 -54 94 
55 0.0002449 -0.0005551 -5.100000000000017e-06 0.0005551 -0.0002449 -4.899999999999984e-06 0 2 -29 96 
56 0.0002499 -0.0005501 -5.100000000000017e-06 0.0005501 -0.0002499 1.000000000000168e-07 0 4 97 98 -96 -98 
57 0.0002448999999999999 -0.0005551000000000001 -1.000000000000714e-07 0.0005551000000000001 -0.0002448999999999999 1.000000000000714e-07 0 2 -56 97 
58 0.0008449 -0.0005551000000000001 -5.100000000000126e-06 0.0011551 -0.0002448999999999999 -4.899999999999875e-06 0 2 -30 99 
59 0.0008499000000000001 -0.0005501 -5.100000000000017e-06 0.0011501 -0.0002499 1.000000000000168e-07 0 4 100 101 -99 -101 
60 0.0008449 -0.0005551000000000001 -1.000000000001256e-07 0.0011551 -0.0002448999999999999 1.000000000001256e-07 0 2 -58 100 
61 0.0014449 -0.0009551000000000001 -5.100000000000126e-06 0.0017551 -0.0006449 -4.899999999999875e-06 0 2 -31 102 
62 0.0014499 -0.0009500999999999999 -5.100000000000017e-06 0.0017501 -0.0006499000000000001 1.000000000000168e-07 0 4 103 104 -102 -104 
63 0.0014449 -0.0009551000000000001 -1.000000000001256e-07 0.0017551 -0.0006449 1.000000000001256e-07 0 2 -60 103 
64 0.0014449 -0.0005551000000000001 -5.100000000000126e-06 0.0017551 -0.0002448999999999999 -4.899999999999875e-06 0 2 -32 105 
65 0.0014499 -0.0005501 -5.100000000000017e-06 0.0017501 -0.0002499 1.000000000000168e-07 0 4 106 107 -105 -107 
66 0.0014449 -0.0005551000000000001 -1.000000000001256e-07 0.0017551 -0.0002448999999999999 1.000000000001256e-07 0 2 -62 106 
67 -0.002010098437499 -2.260000000000103e-05 0.0014999 -1.239999999999987e-05 -1.74e-05 0.0015051 0 4 -108 109 110 -111 
68 -0.002010098437499 -1.76e-05 -9.999999999994822e-08 -1.240000000000008e-05 -1.74e-05 0.0015001 0 4 112 -108 113 114 
69 -0.002015098437499 -2.26088360696137e-05 0.001497399388435347 -0.002007398437986364 -1.74e-05 0.0015051 0 3 115 116 -109 
70 -0.002010098437499389 -0.002020098437499389 0.0015049 -1.240000000000008e-05 -2.239999999999989e-05 0.0015051 0 4 -110 117 118 119 
71 -1.510000000000011e-05 -2.260000000000203e-05 0.001497400000000002 -7.399999999999999e-06 -1.74e-05 0.0015051 0 3 -120 111 -121 
72 -1.26e-05 -2.260000000000103e-05 -9.999999999994822e-08 -7.4e-06 -1.74e-05 0.0015001 0 4 120 -122 -123 112 
73 -0.002015098437499 -2.260624999999968e-05 -9.999999999994822e-08 -0.002009898437499 -1.74e-05 0.0015001 0 4 124 -125 -115 113 
74 -0.002010098437499 -2.26e-05 -5.1e-06 -1.239999999999987e-05 -1.74e-05 1.000000000010345e-07 0 4 -126 127 114 -128 
75 -0.002180294666119681 -0.00219029466611968 0.0014999 -1.239556250000134e-05 -2.239556249937209e-05 0.0015051 0 4 -116 129 130 -117 
76 -1.260000000000104e-05 -0.002020098437499 0.0014999 -7.4e-06 -2.239999999999989e-05 0.0015051 0 4 121 -118 -131 132 
77 -0.0009150365681289998 -0.001725036568129 0.0015049 -0.0002048365681289999 -0.001014836568129 0.0020501 0 4 -133 -134 -119 134 
78 -7.6e-06 -0.002020098437499 -9.999999999994822e-08 -7.4e-06 -2.239999999999989e-05 0.0015001 0 4 135 136 122 -132 
79 -1.509999999999838e-05 -2.510000000000011e-05 -5.1e-06 -7.399999999999999e-06 -1.74e-05 1.000000000020298e-07 0 3 128 123 -137 
80 -0.002015098437499 -2.260883606961166e-05 -5.1e-06 -0.002007398437986363 -1.74e-05 2.600611564654136e-06 0 3 -127 138 -124 
81 -0.002015098433593139 -0.002025098433593138 -9.999999999994822e-08 -1.240625000000091e-05 -2.240624999936994e-05 0.0015001 0 4 125 139 -140 -129 
82 -0.002010098437499389 -0.002020098437499389 -5.100000000000017e-06 -1.240000000000008e-05 -2.239999999999989e-05 -4.899999999999984e-06 0 12 -126 141 142 143 144 145 146 147 148 149 150 151 
83 -1.260883606961167e-05 -0.002025098437499 0.001497399388435347 -7.4e-06 -0.002017398437986367 0.0015051 0 3 -152 131 -130 
84 -0.0009442857992327997 -0.0017542857992328 0.0020499 -0.0001755873370252001 -0.0009855873370252003 0.002055099999999999 0 4 -153 133 153 -154 
85 -1.260625000000343e-05 -0.002025098437499 -9.999999999994822e-08 -7.4e-06 -0.002019898437499 0.0015001 0 4 -135 152 140 -155 
86 -1.26e-05 -0.002020098437499 -5.1e-06 -7.4e-06 -2.239999999999989e-05 1.000000000010358e-07 0 4 137 -136 -156 142 
87 -0.002180294666119681 -0.00219029466611968 -5.1e-06 -1.240000000000139e-05 -2.239999999937106e-05 3.650000000000001e-06 0 4 -138 141 157 -139 
88 -0.0011551 -0.0013551 -5.100000000000017e-06 -0.0008449000000000001 -0.0010449 1.000000000000173e-07 0 4 158 159 -143 -159 
89 -0.0005551 -0.0017551 -5.100000000000017e-06 -0.0002449 -0.0014449 1.000000000000173e-07 0 4 160 161 -144 -161 
90 -0.0005551 -0.0013551 -5.100000000000017e-06 -0.0002449 -0.0010449 1.000000000000173e-07 0 4 162 163 -145 -163 
91 -0.0017551 -0.0009551 -5.100000000000017e-06 -0.0014449 -0.0006449000000000001 1.000000000000173e-07 0 4 164 165 -146 -165 
92 -0.0011551 -0.0009551 -5.100000000000017e-06 -0.0008449000000000001 -0.0006449000000000001 1.000000000000173e-07 0 4 166 167 -147 -167 
93 -0.0017551 -0.0005551 -5.100000000000017e-06 -0.0014449 -0.0002449 1.000000000000173e-07 0 4 168 169 -148 -169 
94 -0.0011551 -0.0005551 -5.100000000000017e-06 -0.0008449000000000001 -0.0002449 1.000000000000173e-07 0 4 170 171 -149 -171 
95 -0.0005551 -0.0009551 -5.100000000000017e-06 -0.0002449 -0.0006449000000000001 1.000000000000173e-07 0 4 172 173 -150 -173 
96 -0.0005551 -0.0005551 -5.100000000000017e-06 -0.0002449 -0.0002449 1.000000000000173e-07 0 4 174 175 -151 -175 
97 -0.0009100365681289998 -0.001720036568129 0.002054900000000001 -0.0002098365681289999 -0.001019836568129 0.0020551 0 1 154 
98 -1.260883606961167e-05 -0.002025098437499 -5.100000000000001e-06 -7.4e-06 -0.002017398437986365 2.600611564651635e-06 0 3 156 155 -157 
99 -0.002010098437499391 -0.002020098437499391 -1.000000000015809e-07 -1.239999999999835e-05 -2.239999999999838e-05 1.000000000015809e-07 0 12 -176 177 178 158 160 162 164 166 168 170 172 174 
100 -0.002010098437499 -2.26e-05 -9.999999999994822e-08 -1.240000000000008e-05 -2.24e-05 0.0015001 0 4 179 -180 181 176 
101 -0.002010098437499391 -0.002020098437499389 -9.999999999994822e-08 -1.240000000000095e-05 -2.239999999937149e-05 0.0015001 0 4 181 177 -182 -183 
102 -1.26e-05 -0.002020098437499 -9.999999999994822e-08 -1.24e-05 -2.239999999999989e-05 0.0015001 0 4 182 178 179 -184 
103 -0.002010098437499391 -0.002020098437499391 0.001499899999999998 -1.239999999999835e-05 -2.239999999999838e-05 0.001500100000000002 0 4 -180 183 184 -185 
104 -0.0009100365681289998 -0.001720036568129 0.0014999 -0.0002098365681289999 -0.001019836568129 0.0020501 0 4 185 186 -187 -186 
105 -0.000910036568129 -0.001720036568129001 0.002049899999999999 -0.0002098365681289997 -0.001019836568129 0.0020501 0 1 187 
106 -0.0011551 -0.0013551 -5.100000000000017e-06 -0.0008449000000000001 -0.0010449 -4.899999999999984e-06 0 2 -143 188 
107 -0.0011501 -0.0013501 -5.100000000000017e-06 -0.0008499000000000001 -0.0010499 1.000000000000168e-07 0 4 189 190 -188 -190 
108 -0.0011551 -0.0013551 -1.000000000000344e-07 -0.0008449 -0.0010449 1.000000000000344e-07 0 2 -158 189 
109 -0.0005551000000000001 -0.0017551 -5.100000000000126e-06 -0.0002448999999999999 -0.0014449 -4.899999999999875e-06 0 2 -144 191 
110 -0.0005501 -0.0017501 -5.100000000000017e-06 -0.0002499 -0.0014499 1.000000000000168e-07 0 4 192 193 -191 -193 
111 -0.0005551000000000001 -0.0017551 -1.000000000001256e-07 -0.0002448999999999999 -0.0014449 1.000000000001256e-07 0 2 -160 192 
112 -0.0005551000000000001 -0.0013551 -5.100000000000126e-06 -0.0002448999999999999 -0.0010449 -4.899999999999875e-06 0 2 -145 194 
113 -0.0005501 -0.0013501 -5.100000000000017e-06 -0.0002499 -0.0010499 1.000000000000168e-07 0 4 195 196 -194 -196 
114 -0.0005551000000000001 -0.0013551 -1.000000000001256e-07 -0.0002448999999999999 -0.0010449 1.000000000001256e-07 0 2 -162 195 
115 -0.0017551 -0.0009551000000000001 -5.100000000000126e-06 -0.0014449 -0.0006449 -4.899999999999875e-06 0 2 -146 197 
116 -0.0017501 -0.0009500999999999999 -5.100000000000017e-06 -0.0014499 -0.0006499000000000001 1.000000000000168e-07 0 4 198 199 -197 -199 
117 -0.0017551 -0.0009551000000000001 -1.000000000001256e-07 -0.0014449 -0.0006449 1.000000000001256e-07 0 2 -164 198 
118 -0.0011551 -0.0009551000000000001 -5.100000000000126e-06 -0.0008449 -0.0006449 -4.899999999999875e-06 0 2 -147 200 
119 -0.0011501 -0.0009500999999999999 -5.100000000000017e-06 -0.0008499000000000001 -0.0006499000000000001 1.000000000000168e-07 0 4 201 202 -200 -202 
120 -0.0011551 -0.0009551000000000001 -1.000000000001256e-07 -0.0008449 -0.0006449 1.000000000001256e-07 0 2 -166 201 
121 -0.0017551 -0.0005551000000000001 -5.100000000000126e-06 -0.0014449 -0.0002448999999999999 -4.899999999999875e-06 0 2 -148 203 
122 -0.0017501 -0.0005501 -5.100000000000017e-06 -0.0014499 -0.0002499 1.000000000000168e-07 0 4 204 205 -203 -205 
123 -0.0017551 -0.0005551000000000001 -1.000000000001256e-07 -0.0014449 -0.0002448999999999999 1.000000000001256e-07 0 2 -168 204 
124 -0.0011551 -0.0005551000000000001 -5.100000000000126e-06 -0.0008449 -0.0002448999999999999 -4.899999999999875e-06 0 2 -149 206 
125 -0.0011501 -0.0005501 -5.100000000000017e-06 -0.0008499000000000001 -0.0002499 1.000000000000168e-07 0 4 207 208 -206 -208 
126 -0.0011551 -0.0005551000000000001 -1.000000000001256e-07 -0.0008449 -0.0002448999999999999 1.000000000001256e-07 0 2 -170 207 
127 -0.0005551000000000002 -0.0009551000000000002 -5.100000000000171e-06 -0.0002448999999999998 -0.0006448999999999999 -4.89999999999983e-06 0 2 -150 209 
128 -0.0005501 -0.0009500999999999999 -5.100000000000017e-06 -0.0002499 -0.0006499000000000001 1.000000000000168e-07 0 4 210 211 -209 -211 
129 -0.0005551000000000002 -0.0009551000000000002 -1.000000000001705e-07 -0.0002448999999999998 -0.0006448999999999999 1.000000000001705e-07 0 2 -172 210 
130 -0.0005551 -0.0005551 -5.100000000000017e-06 -0.0002449 -0.0002449 -4.899999999999984e-06 0 2 -151 212 
131 -0.0005501 -0.0005501 -5.100000000000017e-06 -0.0002499 -0.0002499 1.000000000000168e-07 0 4 213 214 -212 -214 
132 -0.0005551000000000001 -0.0005551000000000001 -1.000000000000714e-07 -0.0002448999999999999 -0.0002448999999999999 1.000000000000714e-07 0 2 -174 213 
133 0.001999892191405244 -2.600000000000001e-06 0.001497399388435348 0.002005098437499 5.104415596902619e-06 0.0015051 0 3 215 -216 -217 
134 -0.00217029466611968 2.395562499999792e-06 0.0014999 0.00217029466611968 0.00217029636158625 0.0015051 0 4 -215 218 219 -220 
135 -0.002000098437499 -2.6e-06 0.0014999 0.002000098437499 2.600000000001036e-06 0.0015051 0 4 216 -221 -222 223 
136 0.001999898437499 -2.6e-06 -9.999999999994822e-08 0.002005098437499 2.606249999999686e-06 0.0015001 0 4 -224 217 225 -226 
137 -0.002005098433593138 2.406249999999804e-06 -9.999999999994822e-08 0.002005098433593138 0.0020051 0.0015001 0 4 -227 -218 224 228 
138 -0.002005098437499 -2.600000000000001e-06 0.001497399388435345 -0.001999892191405245 5.104415596901871e-06 0.0015051 0 3 229 222 -219 
139 -0.002000098437499389 2.400000000000058e-06 0.0015049 0.002000098437499389 0.0020001 0.0015051 0 2 221 220 
140 -0.002000098437499 -2.6e-06 -9.999999999994822e-08 0.002000098437499 -2.4e-06 0.0015001 0 4 -225 -223 230 231 
141 0.001999892191405245 -2.600000000000001e-06 -5.100000000000001e-06 0.002005098437499 5.104415596903638e-06 2.600611564652931e-06 0 3 -232 226 -233 
142 -0.002005098437499 -2.600000000000001e-06 -9.999999999994822e-08 -0.001999898437499 2.606249999999882e-06 0.0015001 0 4 234 -230 -229 227 
143 -0.00217029466611968 2.395562499999792e-06 -5.1e-06 0.00217029466611968 0.00217029636158625 9.999999999999989e-08 0 4 235 -236 -228 232 
144 -0.002000098437499 -2.600000000000001e-06 -5.1e-06 0.002000098437499 2.599999999999999e-06 1.000000000010358e-07 0 4 233 -231 -237 238 
145 -0.002005098437499 -2.600000000000001e-06 -5.100000000000001e-06 -0.001999892191405245 5.104415596901871e-06 2.600611564654698e-06 0 3 236 237 -234 
146 -0.002000098437499389 2.400000000000058e-06 -5.1e-06 0.002000098437499389 0.0020001 -4.899999999999772e-06 0 20 238 235 -239 -240 -241 -242 -243 -244 -245 -246 -247 -248 -249 -250 -251 -252 -253 -254 -255 -256 
147 -0.001755099999999999 0.0002449000000000005 -5.099999999999821e-06 -0.001444899999999999 0.0005551000000000005 1.000000000000245e-07 0 4 239 257 -258 -257 
148 -0.001155099999999999 0.0002449000000000005 -5.099999999999821e-06 -0.0008448999999999994 0.0005551000000000005 1.000000000000245e-07 0 4 240 259 -260 -259 
149 -0.0005550999999999995 0.0002449000000000005 -5.099999999999821e-06 -0.0002448999999999994 0.0005551000000000005 1.000000000000245e-07 0 4 241 261 -262 -261 
150 -0.001755099999999999 0.0006449000000000001 -5.099999999999813e-06 -0.001444899999999999 0.0009551 1.000000000000173e-07 0 4 242 263 -264 -263 
151 -0.001155099999999999 0.0006449000000000001 -5.099999999999813e-06 -0.0008448999999999994 0.0009551 1.000000000000173e-07 0 4 243 265 -266 -265 
152 -0.0005550999999999993 0.0006449000000000001 -5.099999999999813e-06 -0.0002448999999999993 0.0009551 1.000000000000173e-07 0 4 244 267 -268 -267 
153 0.0002449000000000005 0.0002449000000000005 -5.099999999999821e-06 0.0005551000000000005 0.0005551000000000005 1.000000000000245e-07 0 4 245 269 -270 -269 
154 0.0008449000000000008 0.0002449000000000005 -5.099999999999821e-06 0.001155100000000001 0.0005551000000000005 1.000000000000245e-07 0 4 246 271 -272 -271 
155 0.001444900000000001 0.0002449000000000005 -5.099999999999821e-06 0.001755100000000001 0.0005551000000000005 1.000000000000245e-07 0 4 247 273 -274 -273 
156 0.0002449000000000006 0.0006449000000000001 -5.099999999999813e-06 0.0005551000000000006 0.0009551 1.000000000000173e-07 0 4 248 275 -276 -275 
157 0.0008449000000000008 0.0006449000000000001 -5.099999999999813e-06 0.001155100000000001 0.0009551 1.000000000000173e-07 0 4 249 277 -278 -277 
158 0.001444900000000001 0.0006449000000000001 -5.099999999999813e-06 0.001755100000000001 0.0009551 1.000000000000173e-07 0 4 250 279 -280 -279 
159 -0.001155099999999999 0.0010449 -5.099999999999813e-06 -0.0008448999999999994 0.0013551 1.000000000000173e-07 0 4 251 281 -282 -281 
160 -0.0005550999999999992 0.0010449 -5.099999999999813e-06 -0.0002448999999999992 0.0013551 1.000000000000173e-07 0 4 252 283 -284 -283 
161 -0.0005550999999999991 0.0014449 -5.099999999999813e-06 -0.0002448999999999992 0.0017551 1.000000000000173e-07 0 4 253 285 -286 -285 
162 0.0002449000000000007 0.0010449 -5.099999999999813e-06 0.0005551000000000008 0.0013551 1.000000000000173e-07 0 4 254 287 -288 -287 
163 0.0008449000000000008 0.0010449 -5.099999999999813e-06 0.001155100000000001 0.0013551 1.000000000000173e-07 0 4 255 289 -290 -289 
164 0.0002449000000000009 0.0014449 -5.099999999999813e-06 0.0005551000000000008 0.0017551 1.000000000000173e-07 0 4 256 291 -292 -291 
165 -0.00200009843749939 2.399999999999625e-06 -1.000000000004153e-07 0.00200009843749939 0.0020001 1.000000000004153e-07 0 20 293 294 -258 -260 -262 -264 -266 -268 -270 -272 -274 -276 -278 -280 -282 -284 -286 -288 -290 -292 
166 -0.002000098437499 2.4e-06 -9.999999999994822e-08 0.002000098437499 2.6e-06 0.0015001 0 4 -295 -296 297 293 
167 -0.002000098437499389 2.399999999999841e-06 -9.999999999994822e-08 0.002000098437499389 0.0020001 0.0015001 0 4 -297 -298 295 294 
168 -0.00200009843749939 2.399999999999625e-06 0.0014999 0.00200009843749939 0.0020001 0.001500100000000001 0 2 296 298 
169 -0.0017551 0.0002448999999999997 -5.100000000000869e-06 -0.001444899999999999 0.0005551000000000014 -4.899999999998927e-06 0 2 239 -299 
170 -0.001750099999999999 0.0002499000000000005 -5.09999999999982e-06 -0.001449899999999999 0.0005501000000000005 1.000000000000236e-07 0 4 299 300 -301 -300 
171 -0.0017551 0.0002448999999999999 -1.000000000001328e-07 -0.0014449 0.0005551000000000001 1.000000000001328e-07 0 2 258 -301 
172 -0.0011551 0.0002448999999999997 -5.100000000000838e-06 -0.0008448999999999986 0.0005551000000000014 -4.899999999998958e-06 0 2 240 -302 
173 -0.001150099999999999 0.0002499000000000005 -5.09999999999982e-06 -0.0008498999999999995 0.0005501000000000005 1.000000000000236e-07 0 4 302 303 -304 -303 
174 -0.0011551 0.0002448999999999999 -1.000000000001328e-07 -0.0008449 0.0005551000000000001 1.000000000001328e-07 0 2 260 -304 
175 -0.0005551000000000003 0.0002448999999999997 -5.100000000000838e-06 -0.0002448999999999986 0.0005551000000000014 -4.899999999998958e-06 0 2 241 -305 
176 -0.0005500999999999994 0.0002499000000000005 -5.09999999999982e-06 -0.0002498999999999995 0.0005501000000000005 1.000000000000236e-07 0 4 305 306 -307 -306 
177 -0.0005551000000000001 0.0002448999999999999 -1.000000000000785e-07 -0.0002448999999999999 0.0005551000000000001 1.000000000000785e-07 0 2 262 -307 
178 -0.0017551 0.0006448999999999994 -5.100000000000777e-06 -0.001444899999999999 0.0009551000000000007 -4.89999999999902e-06 0 2 242 -308 
179 -0.001750099999999999 0.0006499000000000001 -5.099999999999813e-06 -0.001449899999999999 0.0009500999999999999 1.000000000000168e-07 0 4 308 309 -310 -309 
180 -0.0017551 0.0006449 -1.000000000001256e-07 -0.0014449 0.0009551000000000001 1.000000000001256e-07 0 2 264 -310 
181 -0.0011551 0.0006448999999999994 -5.100000000000704e-06 -0.0008448999999999987 0.0009551000000000007 -4.899999999999093e-06 0 2 243 -311 
182 -0.001150099999999999 0.0006499000000000001 -5.099999999999813e-06 -0.0008498999999999995 0.0009500999999999999 1.000000000000168e-07 0 4 311 312 -313 -312 
183 -0.0011551 0.0006449 -1.000000000001256e-07 -0.0008449 0.0009551000000000001 1.000000000001256e-07 0 2 266 -313 
184 -0.0005551000000000001 0.0006448999999999994 -5.100000000000704e-06 -0.0002448999999999986 0.0009551000000000007 -4.899999999999093e-06 0 2 244 -314 
185 -0.0005500999999999993 0.0006499000000000001 -5.099999999999813e-06 -0.0002498999999999994 0.0009500999999999999 1.000000000000168e-07 0 4 314 315 -316 -315 
186 -0.0005551000000000001 0.0006449 -1.000000000000714e-07 -0.0002448999999999999 0.0009551000000000001 1.000000000000714e-07 0 2 268 -316 
187 0.0002448999999999997 0.0002448999999999997 -5.100000000000838e-06 0.0005551000000000014 0.0005551000000000014 -4.899999999998958e-06 0 2 245 -317 
188 0.0002499000000000005 0.0002499000000000005 -5.09999999999982e-06 0.0005501000000000005 0.0005501000000000005 1.000000000000236e-07 0 4 317 318 -319 -318 
189 0.0002448999999999999 0.0002448999999999999 -1.000000000000785e-07 0.0005551000000000001 0.0005551000000000001 1.000000000000785e-07 0 2 270 -319 
190 0.0008448999999999999 0.0002448999999999997 -5.100000000000869e-06 0.001155100000000002 0.0005551000000000014 -4.899999999998927e-06 0 2 246 -320 
191 0.0008499000000000008 0.0002499000000000005 -5.09999999999982e-06 0.001150100000000001 0.0005501000000000005 1.000000000000236e-07 0 4 320 321 -322 -321 
192 0.0008449 0.0002448999999999999 -1.000000000000785e-07 0.0011551 0.0005551000000000001 1.000000000000785e-07 0 2 272 -322 
193 0.0014449 0.0002448999999999997 -5.100000000000869e-06 0.001755100000000002 0.0005551000000000014 -4.899999999998927e-06 0 2 247 -323 
194 0.001449900000000001 0.0002499000000000005 -5.09999999999982e-06 0.001750100000000001 0.0005501000000000005 1.000000000000236e-07 0 4 323 324 -325 -324 
195 0.0014449 0.0002448999999999999 -1.000000000001328e-07 0.0017551 0.0005551000000000001 1.000000000001328e-07 0 2 274 -325 
196 0.0002448999999999999 0.0006448999999999994 -5.100000000000704e-06 0.0005551000000000014 0.0009551000000000007 -4.899999999999093e-06 0 2 248 -326 
197 0.0002499000000000007 0.0006499000000000001 -5.099999999999813e-06 0.0005501000000000006 0.0009500999999999999 1.000000000000168e-07 0 4 326 327 -328 -327 
198 0.0002448999999999999 0.0006449 -1.000000000000714e-07 0.0005551000000000001 0.0009551000000000001 1.000000000000714e-07 0 2 276 -328 
199 0.0008449 0.0006448999999999994 -5.100000000000704e-06 0.001155100000000001 0.0009551000000000007 -4.899999999999093e-06 0 2 249 -329 
200 0.0008499000000000008 0.0006499000000000001 -5.099999999999813e-06 0.001150100000000001 0.0009500999999999999 1.000000000000168e-07 0 4 329 330 -331 -330 
201 0.0008449 0.0006449 -1.000000000001256e-07 0.0011551 0.0009551000000000001 1.000000000001256e-07 0 2 278 -331 
202 0.0014449 0.0006448999999999994 -5.100000000000777e-06 0.001755100000000001 0.0009551000000000007 -4.89999999999902e-06 0 2 250 -332 
203 0.001449900000000001 0.0006499000000000001 -5.099999999999813e-06 0.001750100000000001 0.0009500999999999999 1.000000000000168e-07 0 4 332 333 -334 -333 
204 0.0014449 0.0006449 -1.000000000001256e-07 0.0017551 0.0009551000000000001 1.000000000001256e-07 0 2 280 -334 
205 -0.0011551 0.001044899999999999 -5.10000000000083e-06 -0.0008448999999999986 0.001355100000000001 -4.899999999998967e-06 0 2 251 -335 
206 -0.001150099999999999 0.0010499 -5.099999999999813e-06 -0.0008498999999999995 0.0013501 1.000000000000168e-07 0 4 335 336 -337 -336 
207 -0.0011551 0.0010449 -1.000000000000344e-07 -0.0008449 0.0013551 1.000000000000344e-07 0 2 282 -337 
208 -0.0005551000000000001 0.001044899999999999 -5.100000000000799e-06 -0.0002448999999999985 0.001355100000000001 -4.899999999998998e-06 0 2 252 -338 
209 -0.0005500999999999992 0.0010499 -5.099999999999813e-06 -0.0002498999999999992 0.0013501 1.000000000000168e-07 0 4 338 339 -340 -339 
210 -0.0005551000000000001 0.0010449 -1.000000000000714e-07 -0.0002448999999999999 0.0013551 1.000000000000714e-07 0 2 284 -340 
211 -0.0005551000000000001 0.001444899999999999 -5.100000000000905e-06 -0.0002448999999999984 0.001755100000000001 -4.899999999998892e-06 0 2 253 -341 
212 -0.0005500999999999991 0.0014499 -5.099999999999813e-06 -0.0002498999999999992 0.0017501 1.000000000000168e-07 0 4 341 342 -343 -342 
213 -0.0005551000000000001 0.0014449 -1.000000000000714e-07 -0.0002448999999999999 0.0017551 1.000000000000714e-07 0 2 286 -343 
214 0.0002448999999999999 0.001044899999999999 -5.100000000000808e-06 0.0005551000000000016 0.001355100000000001 -4.899999999998989e-06 0 2 254 -344 
215 0.0002499000000000008 0.0010499 -5.099999999999813e-06 0.0005501000000000007 0.0013501 1.000000000000168e-07 0 4 344 345 -346 -345 
216 0.0002448999999999999 0.0010449 -1.000000000000714e-07 0.0005551000000000001 0.0013551 1.000000000000714e-07 0 2 288 -346 
217 0.0008448999999999998 0.001044899999999999 -5.100000000000913e-06 0.001155100000000002 0.001355100000000001 -4.899999999998884e-06 0 2 255 -347 
218 0.0008499000000000008 0.0010499 -5.099999999999813e-06 0.001150100000000001 0.0013501 1.000000000000168e-07 0 4 347 348 -349 -348 
219 0.0008449 0.0010449 -1.000000000001256e-07 0.0011551 0.0013551 1.000000000001256e-07 0 2 290 -349 
220 0.0002449 0.001444899999999999 -5.100000000000905e-06 0.0005551000000000017 0.001755100000000001 -4.899999999998892e-06 0 2 256 -350 
221 0.0002499000000000009 0.0014499 -5.099999999999813e-06 0.0005501000000000007 0.0017501 1.000000000000168e-07 0 4 350 351 -352 -351 
222 0.0002448999999999999 0.0014449 -1.000000000000714e-07 0.0005551000000000001 0.0017551 1.000000000000714e-07 0 2 292 -352 
223 0.0002498999999999995 -0.0005501 -0.0050001 0.0005501 -0.0002499 -4.899999999999956e-06 0 4 96 353 -354 -353 
224 0.0002498999999999999 -0.0005954157101608166 -0.005595415710160818 0.0005501 0.0005954157101608168 -0.004999899999999877 0 4 355 356 -355 354 
226 0.0002499 0.0002499 -0.0050001 0.0005501000000000005 0.0005501000000000005 -4.899999999999956e-06 0 4 -356 359 -317 -359 
229 0.0002498999999999999 -0.0005954157101608166 -0.005595415710160818 0.0005501 0.0005954157101608168 -0.004999899999999877 0 4 355 356 -355 354 
230 -0.0005501000000000005 -0.0005501 -0.0050001 -0.0002499 -0.0002499 -4.899999999999956e-06 0 4 212 363 -364 -363 
231 -0.0005501 -0.0005954157101608166 -0.005595415710160818 -0.0002498999999999999 0.0005954157101608168 -0.004999899999999877 0 4 365 366 -365 364 
233 -0.0005501 0.0002499 -0.0050001 -0.0002498999999999995 0.0005501000000000005 -4.899999999999956e-06 0 4 -366 369 -305 -369 
236 -0.0005501 -0.0005954157101608166 -0.005595415710160818 -0.0002498999999999999 0.0005954157101608168 -0.004999899999999877 0 4 365 366 -365 364 
237 0.0002498999999999994 -0.0009500999999999999 -0.005833433333333 0.0005501 -0.0006499000000000001 -4.899999999999956e-06 0 4 90 373 -374 -373 
238 0.0002498999999999999 -0.001028372590277774 -0.006861705923610775 0.0005501000000000001 0.001028372590277775 -0.005833233333332786 0 4 375 376 -375 374 
240 0.0002499 0.0006499000000000001 -0.005833433333333 0.0005501000000000006 0.0009500999999999999 -4.899999999999956e-06 0 4 -376 379 -326 -379 
243 0.0002498999999999999 -0.001028372590277774 -0.006861705923610775 0.0005501000000000001 0.001028372590277775 -0.005833233333332786 0 4 375 376 -375 374 
244 -0.0005501000000000006 -0.0009500999999999999 -0.005833433333333 -0.0002499 -0.0006499000000000001 -4.899999999999956e-06 0 4 209 383 -384 -383 
245 -0.0005501000000000002 -0.001028372590277774 -0.006861705923610775 -0.0002498999999999999 0.001028372590277775 -0.005833233333332786 0 4 385 386 -385 384 
247 -0.0005501 0.0006499000000000001 -0.005833433333333 -0.0002498999999999994 0.0009500999999999999 -4.899999999999956e-06 0 4 -386 389 -314 -389 
250 -0.0005501000000000002 -0.001028372590277774 -0.006861705923610775 -0.0002498999999999999 0.001028372590277775 -0.005833233333332786 0 4 385 386 -385 384 
251 0.0002498999999999992 -0.0013501 -0.006666766666667 0.0005501 -0.0010499 -4.899999999999956e-06 0 4 84 393 -394 -393 
252 0.0002498999999999998 -0.001461329470394732 -0.008127996137061732 0.0005501000000000001 0.001461329470394732 -0.006666566666666698 0 4 395 396 -395 394 
254 0.0002499 0.0010499 -0.006666766666667 0.0005501000000000007 0.0013501 -4.899999999999956e-06 0 4 -396 399 -344 -399 
257 0.0002498999999999998 -0.001461329470394732 -0.008127996137061732 0.0005501000000000001 0.001461329470394732 -0.006666566666666698 0 4 395 396 -395 394 
258 -0.0005501000000000007 -0.0013501 -0.006666766666667 -0.0002499 -0.0010499 -4.899999999999956e-06 0 4 194 403 -404 -403 
259 -0.0005501000000000002 -0.001461329470394732 -0.008127996137061732 -0.0002498999999999998 0.001461329470394732 -0.006666566666666698 0 4 405 406 -405 404 
261 -0.0005501 0.0010499 -0.006666766666667 -0.0002498999999999992 0.0013501 -4.899999999999956e-06 0 4 -406 409 -338 -409 
264 -0.0005501000000000002 -0.001461329470394732 -0.008127996137061732 -0.0002498999999999998 0.001461329470394732 -0.006666566666666698 0 4 405 406 -405 404 
265 0.0002498999999999992 -0.0017501 -0.0075001 0.0005501 -0.0014499 -4.899999999999956e-06 0 4 81 413 -414 -413 
266 0.0002498999999999997 -0.001894286350511689 -0.009394286350511689 0.0005501000000000002 0.00189428635051169 -0.007499899999999607 0 4 415 416 -415 414 
268 0.0002499 0.0014499 -0.0075001 0.0005501000000000007 0.0017501 -4.899999999999956e-06 0 4 -416 419 -350 -419 
271 0.0002498999999999997 -0.001894286350511689 -0.009394286350511689 0.0005501000000000002 0.00189428635051169 -0.007499899999999607 0 4 415 416 -415 414 
272 -0.0005501000000000007 -0.0017501 -0.0075001 -0.0002499 -0.0014499 -4.899999999999956e-06 0 4 191 423 -424 -423 
273 -0.0005501000000000002 -0.001894286350511689 -0.009394286350511689 -0.0002498999999999998 0.00189428635051169 -0.007499899999999607 0 4 425 426 -425 424 
275 -0.0005501 0.0014499 -0.0075001 -0.0002498999999999992 0.0017501 -4.899999999999956e-06 0 4 -426 429 -341 -429 
278 -0.0005501000000000002 -0.001894286350511689 -0.009394286350511689 -0.0002498999999999998 0.00189428635051169 -0.007499899999999607 0 4 425 426 -425 424 
279 0.0008498999999999995 -0.0005501 -0.0050001 0.0011501 -0.0002499 -4.899999999999956e-06 0 4 99 433 -434 -433 
280 0.0008499000000000001 -0.0005954157101608166 -0.005595415710160818 0.0011501 0.0005954157101608168 -0.004999899999999877 0 4 435 436 -435 434 
282 0.0008499000000000001 0.0002499 -0.0050001 0.001150100000000001 0.0005501000000000005 -4.899999999999956e-06 0 4 -436 439 -320 -439 
285 0.0008499000000000001 -0.0005954157101608166 -0.005595415710160818 0.0011501 0.0005954157101608168 -0.004999899999999877 0 4 435 436 -435 434 
286 -0.001150100000000001 -0.0005501 -0.0050001 -0.0008499000000000001 -0.0002499 -4.899999999999956e-06 0 4 206 443 -444 -443 
287 -0.0011501 -0.0005954157101608166 -0.005595415710160818 -0.0008499000000000001 0.0005954157101608168 -0.004999899999999877 0 4 445 446 -445 444 
289 -0.0011501 0.0002499 -0.0050001 -0.0008498999999999995 0.0005501000000000005 -4.899999999999956e-06 0 4 -446 449 -302 -449 
292 -0.0011501 -0.0005954157101608166 -0.005595415710160818 -0.0008499000000000001 0.0005954157101608168 -0.004999899999999877 0 4 445 446 -445 444 
293 0.0008498999999999995 -0.0009500999999999999 -0.005833433333333 0.0011501 -0.0006499000000000001 -4.899999999999956e-06 0 4 93 453 -454 -453 
294 0.0008498999999999999 -0.001028372590277774 -0.006861705923610775 0.0011501 0.001028372590277775 -0.005833233333332786 0 4 455 456 -455 454 
296 0.0008499000000000001 0.0006499000000000001 -0.005833433333333 0.001150100000000001 0.0009500999999999999 -4.899999999999956e-06 0 4 -456 459 -329 -459 
299 0.0008498999999999999 -0.001028372590277774 -0.006861705923610775 0.0011501 0.001028372590277775 -0.005833233333332786 0 4 455 456 -455 454 
300 -0.001150100000000001 -0.0009500999999999999 -0.005833433333333 -0.0008499000000000001 -0.0006499000000000001 -4.899999999999956e-06 0 4 200 463 -464 -463 
301 -0.0011501 -0.001028372590277774 -0.006861705923610775 -0.0008499 0.001028372590277775 -0.005833233333332786 0 4 465 466 -465 464 
303 -0.0011501 0.0006499000000000001 -0.005833433333333 -0.0008498999999999995 0.0009500999999999999 -4.899999999999956e-06 0 4 -466 469 -311 -469 
306 -0.0011501 -0.001028372590277774 -0.006861705923610775 -0.0008499 0.001028372590277775 -0.005833233333332786 0 4 465 466 -465 464 
307 0.0008498999999999995 -0.0013501 -0.006666766666667 0.0011501 -0.0010499 -4.899999999999956e-06 0 4 87 473 -474 -473 
308 0.0008498999999999999 -0.001461329470394732 -0.008127996137061732 0.0011501 0.001461329470394732 -0.006666566666666698 0 4 475 476 -475 474 
310 0.0008499000000000001 0.0010499 -0.006666766666667 0.001150100000000001 0.0013501 -4.899999999999956e-06 0 4 -476 479 -347 -479 
313 0.0008498999999999999 -0.001461329470394732 -0.008127996137061732 0.0011501 0.001461329470394732 -0.006666566666666698 0 4 475 476 -475 474 
314 -0.001150100000000001 -0.0013501 -0.006666766666667 -0.0008499000000000001 -0.0010499 -4.899999999999956e-06 0 4 188 483 -484 -483 
315 -0.0011501 -0.001461329470394732 -0.008127996137061732 -0.0008499 0.001461329470394732 -0.006666566666666698 0 4 485 486 -485 484 
317 -0.0011501 0.0010499 -0.006666766666667 -0.0008498999999999995 0.0013501 -4.899999999999956e-06 0 4 -486 489 -335 -489 
320 -0.0011501 -0.001461329470394732 -0.008127996137061732 -0.0008499 0.001461329470394732 -0.006666566666666698 0 4 485 486 -485 484 
321 0.001449899999999999 -0.0005501 -0.0050001 0.0017501 -0.0002499 -4.899999999999956e-06 0 4 105 493 -494 -493 
322 0.0014499 -0.0005954157101608166 -0.005595415710160818 0.0017501 0.0005954157101608168 -0.004999899999999877 0 4 495 496 -495 494 
324 0.0014499 0.0002499 -0.0050001 0.001750100000000001 0.0005501000000000005 -4.899999999999956e-06 0 4 -496 499 -323 -499 
327 0.0014499 -0.0005954157101608166 -0.005595415710160818 0.0017501 0.0005954157101608168 -0.004999899999999877 0 4 495 496 -495 494 
328 -0.001750100000000001 -0.0005501 -0.0050001 -0.0014499 -0.0002499 -4.899999999999956e-06 0 4 203 503 -504 -503 
329 -0.0017501 -0.0005954157101608166 -0.005595415710160818 -0.0014499 0.0005954157101608168 -0.004999899999999877 0 4 505 506 -505 504 
331 -0.0017501 0.0002499 -0.0050001 -0.001449899999999999 0.0005501000000000005 -4.899999999999956e-06 0 4 -506 509 -299 -509 
334 -0.0017501 -0.0005954157101608166 -0.005595415710160818 -0.0014499 0.0005954157101608168 -0.004999899999999877 0 4 505 506 -505 504 
335 0.001449899999999999 -0.0009500999999999999 -0.005833433333333 0.0017501 -0.0006499000000000001 -4.899999999999956e-06 0 4 102 513 -514 -513 
336 0.0014499 -0.001028372590277774 -0.006861705923610775 0.0017501 0.001028372590277775 -0.005833233333332786 0 4 515 516 -515 514 
338 0.0014499 0.0006499000000000001 -0.005833433333333 0.001750100000000001 0.0009500999999999999 -4.899999999999956e-06 0 4 -516 519 -332 -519 
341 0.0014499 -0.001028372590277774 -0.006861705923610775 0.0017501 0.001028372590277775 -0.005833233333332786 0 4 515 516 -515 514 
342 -0.001750100000000001 -0.0009500999999999999 -0.005833433333333 -0.0014499 -0.0006499000000000001 -4.899999999999956e-06 0 4 197 523 -524 -523 
343 -0.0017501 -0.001028372590277774 -0.006861705923610775 -0.0014499 0.001028372590277775 -0.005833233333332786 0 4 525 526 -525 524 
345 -0.0017501 0.0006499000000000001 -0.005833433333333 -0.001449899999999999 0.0009500999999999999 -4.899999999999956e-06 0 4 -526 529 -308 -529 
348 -0.0017501 -0.001028372590277774 -0.006861705923610775 -0.0014499 0.001028372590277775 -0.005833233333332786 0 4 525 526 -525 524 
349 0.0002448999999999994 -0.0005551 -0.0050001 0.0005551 -0.0002449 -4.899999999999956e-06 0 4 29 530 -531 -530 
350 0.0002448999999999999 -0.0006008276711622786 -0.005600827671162279 0.0005551 0.0006008276711622788 -0.004999899999999876 0 4 532 533 -532 531 
351 0.0002449 0.0002449 -0.0050001 0.0005551000000000005 0.0005551000000000005 -4.899999999999956e-06 0 4 -533 534 -245 -534 
352 -0.0005551000000000005 -0.0005551 -0.0050001 -0.0002449 -0.0002449 -4.899999999999956e-06 0 4 151 535 -536 -535 
353 -0.0005551 -0.0006008276711622786 -0.005600827671162279 -0.0002448999999999999 0.0006008276711622788 -0.004999899999999876 0 4 537 538 -537 536 
354 -0.0005551 0.0002449 -0.0050001 -0.0002448999999999994 0.0005551000000000005 -4.899999999999956e-06 0 4 -538 539 -241 -539 
355 0.0002448999999999993 -0.0009551 -0.005833433333333 0.0005551 -0.0006449000000000001 -4.899999999999956e-06 0 4 27 540 -541 -540 
356 0.0002448999999999999 -0.001033784551279236 -0.006867117884612236 0.0005551000000000001 0.001033784551279237 -0.005833233333332785 0 4 542 543 -542 541 
357 0.0002449 0.0006449000000000001 -0.005833433333333 0.0005551000000000006 0.0009551 -4.899999999999956e-06 0 4 -543 544 -248 -544 
358 -0.0005551000000000006 -0.0009551 -0.005833433333333 -0.0002449 -0.0006449000000000001 -4.899999999999956e-06 0 4 150 545 -546 -545 
359 -0.0005551000000000002 -0.001033784551279236 -0.006867117884612236 -0.0002448999999999999 0.001033784551279237 -0.005833233333332785 0 4 547 548 -547 546 
360 -0.0005551 0.0006449000000000001 -0.005833433333333 -0.0002448999999999993 0.0009551 -4.899999999999956e-06 0 4 -548 549 -244 -549 
361 0.0002448999999999992 -0.0013551 -0.006666766666667 0.0005551 -0.0010449 -4.899999999999956e-06 0 4 25 550 -551 -550 
362 0.0002448999999999998 -0.001466741431396194 -0.008133408098063193 0.0005551000000000001 0.001466741431396194 -0.006666566666666696 0 4 552 553 -552 551 
363 0.0002449 0.0010449 -0.006666766666667 0.0005551000000000008 0.0013551 -4.899999999999956e-06 0 4 -553 554 -254 -554 
364 -0.0005551000000000008 -0.0013551 -0.006666766666667 -0.0002449 -0.0010449 -4.899999999999956e-06 0 4 145 555 -556 -555 
365 -0.0005551000000000002 -0.001466741431396194 -0.008133408098063193 -0.0002448999999999998 0.001466741431396194 -0.006666566666666696 0 4 557 558 -557 556 
366 -0.0005551 0.0010449 -0.006666766666667 -0.0002448999999999992 0.0013551 -4.899999999999956e-06 0 4 -558 559 -252 -559 
367 0.0002448999999999992 -0.0017551 -0.0075001 0.0005551 -0.0014449 -4.899999999999956e-06 0 4 24 560 -561 -560 
368 0.0002448999999999997 -0.001899698311513151 -0.00939969831151315 0.0005551000000000002 0.001899698311513152 -0.007499899999999607 0 4 562 563 -562 561 
369 0.0002449 0.0014449 -0.0075001 0.0005551000000000008 0.0017551 -4.899999999999956e-06 0 4 -563 564 -256 -564 
370 -0.0005551000000000008 -0.0017551 -0.0075001 -0.0002449 -0.0014449 -4.899999999999956e-06 0 4 144 565 -566 -565 
371 -0.0005551000000000002 -0.001899698311513151 -0.00939969831151315 -0.0002448999999999998 0.001899698311513152 -0.007499899999999607 0 4 567 568 -567 566 
372 -0.0005551 0.0014449 -0.0075001 -0.0002448999999999992 0.0017551 -4.899999999999956e-06 0 4 -568 569 -253 -569 
373 0.0008448999999999994 -0.0005551 -0.0050001 0.0011551 -0.0002449 -4.899999999999956e-06 0 4 30 570 -571 -570 
374 0.0008449000000000001 -0.0006008276711622786 -0.005600827671162279 0.0011551 0.0006008276711622788 -0.004999899999999876 0 4 572 573 -572 571 
375 0.0008449000000000001 0.0002449 -0.0050001 0.001155100000000001 0.0005551000000000005 -4.899999999999956e-06 0 4 -573 574 -246 -574 
376 -0.001155100000000001 -0.0005551 -0.0050001 -0.0008449000000000001 -0.0002449 -4.899999999999956e-06 0 4 149 575 -576 -575 
377 -0.0011551 -0.0006008276711622786 -0.005600827671162279 -0.0008449000000000001 0.0006008276711622788 -0.004999899999999876 0 4 577 578 -577 576 
378 -0.0011551 0.0002449 -0.0050001 -0.0008448999999999994 0.0005551000000000005 -4.899999999999956e-06 0 4 -578 579 -240 -579 
379 0.0008448999999999994 -0.0009551 -0.005833433333333 0.0011551 -0.0006449000000000001 -4.899999999999956e-06 0 4 28 580 -581 -580 
380 0.0008448999999999999 -0.001033784551279236 -0.006867117884612236 0.0011551 0.001033784551279237 -0.005833233333332785 0 4 582 583 -582 581 
381 0.0008449000000000001 0.0006449000000000001 -0.005833433333333 0.001155100000000001 0.0009551 -4.899999999999956e-06 0 4 -583 584 -249 -584 
382 -0.001155100000000001 -0.0009551 -0.005833433333333 -0.0008449000000000001 -0.0006449000000000001 -4.899999999999956e-06 0 4 147 585 -586 -585 
383 -0.0011551 -0.001033784551279236 -0.006867117884612236 -0.0008449 0.001033784551279237 -0.005833233333332785 0 4 587 588 -587 586 
384 -0.0011551 0.0006449000000000001 -0.005833433333333 -0.0008448999999999994 0.0009551 -4.899999999999956e-06 0 4 -588 589 -243 -589 
385 0.0008448999999999994 -0.0013551 -0.006666766666667 0.0011551 -0.0010449 -4.899999999999956e-06 0 4 26 590 -591 -590 
386 0.0008448999999999999 -0.001466741431396194 -0.008133408098063193 0.0011551 0.001466741431396194 -0.006666566666666696 0 4 592 593 -592 591 
387 0.0008449000000000001 0.0010449 -0.006666766666667 0.001155100000000001 0.0013551 -4.899999999999956e-06 0 4 -593 594 -255 -594 
388 -0.001155100000000001 -0.0013551 -0.006666766666667 -0.0008449000000000001 -0.0010449 -4.899999999999956e-06 0 4 143 595 -596 -595 
389 -0.0011551 -0.001466741431396194 -0.008133408098063193 -0.0008449 0.001466741431396194 -0.006666566666666696 0 4 597 598 -597 596 
390 -0.0011551 0.0010449 -0.006666766666667 -0.0008448999999999994 0.0013551 -4.899999999999956e-06 0 4 -598 599 -251 -599 
391 0.001444899999999999 -0.0005551 -0.0050001 0.0017551 -0.0002449 -4.899999999999956e-06 0 4 32 600 -601 -600 
392 0.0014449 -0.0006008276711622786 -0.005600827671162279 0.0017551 0.0006008276711622788 -0.004999899999999876 0 4 602 603 -602 601 
393 0.0014449 0.0002449 -0.0050001 0.001755100000000001 0.0005551000000000005 -4.899999999999956e-06 0 4 -603 604 -247 -604 
394 -0.001755100000000001 -0.0005551 -0.0050001 -0.0014449 -0.0002449 -4.899999999999956e-06 0 4 148 605 -606 -605 
395 -0.0017551 -0.0006008276711622786 -0.005600827671162279 -0.0014449 0.0006008276711622788 -0.004999899999999876 0 4 607 608 -607 606 
396 -0.0017551 0.0002449 -0.0050001 -0.001444899999999999 0.0005551000000000005 -4.899999999999956e-06 0 4 -608 609 -239 -609 
397 0.001444899999999999 -0.0009551 -0.005833433333333 0.0017551 -0.0006449000000000001 -4.899999999999956e-06 0 4 31 610 -611 -610 
398 0.0014449 -0.001033784551279236 -0.006867117884612236 0.0017551 0.001033784551279237 -0.005833233333332785 0 4 612 613 -612 611 
399 0.0014449 0.0006449000000000001 -0.005833433333333 0.001755100000000001 0.0009551 -4.899999999999956e-06 0 4 -613 614 -250 -614 
400 -0.001755100000000001 -0.0009551 -0.005833433333333 -0.0014449 -0.0006449000000000001 -4.899999999999956e-06 0 4 146 615 -616 -615 
401 -0.0017551 -0.001033784551279236 -0.006867117884612236 -0.0014449 0.001033784551279237 -0.005833233333332785 0 4 617 618 -617 616 
402 -0.0017551 0.0006449000000000001 -0.005833433333333 -0.001444899999999999 0.0009551 -4.899999999999956e-06 0 4 -618 619 -242 -619 
1 -0.002010098437499393 -0.002020098437499392 -0.009394286350511691 0.002010098437499391 0.002000100000000002 0.002050100000000002 0 144 -31 -57 -51 -45 -42 -60 -54 -48 -66 -63 -33 34 -35 41 265 44 251 47 307 50 237 56 223 53 293 62 335 59 279 65 321 37 266 252 308 238 224 294 336 280 322 38 268 221 254 215 310 218 240 197 226 188 296 200 338 203 282 191 324 194 39 -165 -189 -177 -198 -186 -216 -210 -222 -213 -192 -174 -201 -183 -219 -207 -195 -171 -204 -180 166 167 331 170 289 173 233 176 345 179 303 182 247 185 317 206 261 209 275 212 168 329 287 231 343 301 245 315 259 273 122 328 125 286 131 230 116 342 119 300 128 244 107 314 113 258 110 272 -99 -132 -129 -114 -111 -126 -120 -108 -123 -117 -100 101 102 103 104 105 
2 7.399999999999855e-06 -0.002190294666119681 -5.100000000000287e-06 0.00218029466611968 -1.739999999999988e-05 0.002055100000000001 0 39 -1 2 3 4 5 6 7 8 -9 10 11 -12 13 14 15 16 17 -18 -19 -20 -21 -22 -23 -24 -25 -26 27 28 29 30 31 32 33 -34 35 36 -37 -38 -39 
3 0.0002448999999999999 -0.0017551 -5.100000000000126e-06 0.0005551000000000001 -0.0014449 1.000000000001257e-07 0 4 -40 18 -41 42 
4 0.0002448999999999999 -0.0013551 -5.100000000000126e-06 0.0005551000000000001 -0.0010449 1.000000000001257e-07 0 4 -43 19 -44 45 
5 0.0008449 -0.0013551 -5.100000000000126e-06 0.0011551 -0.0010449 1.000000000001257e-07 0 4 -46 20 -47 48 
6 0.0002448999999999999 -0.0009551000000000002 -5.100000000000138e-06 0.0005551000000000002 -0.0006448999999999999 1.000000000001384e-07 0 4 -49 21 -50 51 
7 0.0008448999999999999 -0.0009551000000000002 -5.100000000000171e-06 0.0011551 -0.0006448999999999999 1.000000000001706e-07 0 4 -52 22 -53 54 
8 0.0002448999999999999 -0.0005551000000000001 -5.100000000000071e-06 0.0005551000000000001 -0.0002448999999999999 1.000000000000715e-07 0 4 -55 23 -56 57 
9 0.0008449 -0.0005551000000000001 -5.100000000000126e-06 0.0011551 -0.0002448999999999999 1.000000000001257e-07 0 4 -58 24 -59 60 
10 0.0014449 -0.0009551000000000001 -5.100000000000126e-06 0.0017551 -0.0006449 1.000000000001257e-07 0 4 -61 25 -62 63 
11 0.0014449 -0.0005551000000000001 -5.100000000000126e-06 0.0017551 -0.0002448999999999999 1.000000000001257e-07 0 4 -64 26 -65 66 
12 -0.002180294666119683 -0.002190294666119681 -5.100000000001588e-06 -7.399999999998337e-06 -1.739999999999836e-05 0.002055100000000002 0 39 67 -68 69 70 71 72 73 74 75 76 77 78 79 80 81 -82 83 84 85 86 87 -88 -89 -90 -91 -92 -93 -94 -95 -96 97 98 99 100 -101 -102 -103 -104 -105 
13 -0.0011551 -0.0013551 -5.100000000000034e-06 -0.0008449 -0.0010449 1.000000000000346e-07 0 4 -106 88 -107 108 
14 -0.0005551000000000001 -0.0017551 -5.100000000000126e-06 -0.0002448999999999999 -0.0014449 1.000000000001257e-07 0 4 -109 89 -110 111 
15 -0.0005551000000000001 -0.0013551 -5.100000000000126e-06 -0.0002448999999999999 -0.0010449 1.000000000001257e-07 0 4 -112 90 -113 114 
16 -0.0017551 -0.0009551000000000001 -5.100000000000126e-06 -0.0014449 -0.0006449 1.000000000001257e-07 0 4 -115 91 -116 117 
17 -0.0011551 -0.0009551000000000001 -5.100000000000126e-06 -0.0008449 -0.0006449 1.000000000001257e-07 0 4 -118 92 -119 120 
18 -0.0017551 -0.0005551000000000001 -5.100000000000126e-06 -0.0014449 -0.0002448999999999999 1.000000000001257e-07 0 4 -121 93 -122 123 
19 -0.0011551 -0.0005551000000000001 -5.100000000000126e-06 -0.0008449 -0.0002448999999999999 1.000000000001257e-07 0 4 -124 94 -125 126 
20 -0.0005551000000000002 -0.0009551000000000002 -5.100000000000171e-06 -0.0002448999999999998 -0.0006448999999999999 1.000000000001706e-07 0 4 -127 95 -128 129 
21 -0.0005551000000000001 -0.0005551000000000001 -5.100000000000071e-06 -0.0002448999999999999 -0.0002448999999999999 1.000000000000715e-07 0 4 -130 96 -131 132 
22 -0.00217029466611968 -2.600000000000388e-06 -5.100000000000395e-06 0.00217029466611968 0.00217029636158625 0.001505100000000001 0 36 133 134 135 136 137 138 139 140 141 142 143 144 145 -146 -147 -148 -149 -150 -151 -152 -153 -154 -155 -156 -157 -158 -159 -160 -161 -162 -163 -164 165 -166 -167 -168 
23 -0.001755100000000001 0.0002448999999999991 -5.100000000000869e-06 -0.001444899999999999 0.0005551000000000014 1.000000000008685e-07 0 4 -169 147 -170 171 
24 -0.001155100000000001 0.0002448999999999992 -5.100000000000838e-06 -0.0008448999999999986 0.0005551000000000014 1.000000000008385e-07 0 4 -172 148 -173 174 
25 -0.0005551000000000009 0.0002448999999999992 -5.100000000000838e-06 -0.0002448999999999986 0.0005551000000000014 1.000000000008385e-07 0 4 -175 149 -176 177 
26 -0.001755100000000001 0.0006448999999999994 -5.100000000000777e-06 -0.001444899999999999 0.0009551000000000007 1.000000000007766e-07 0 4 -178 150 -179 180 
27 -0.001155100000000001 0.0006448999999999994 -5.100000000000704e-06 -0.0008448999999999987 0.0009551000000000007 1.000000000007042e-07 0 4 -181 151 -182 183 
28 -0.0005551000000000008 0.0006448999999999994 -5.100000000000704e-06 -0.0002448999999999986 0.0009551000000000007 1.000000000007042e-07 0 4 -184 152 -185 186 
29 0.0002448999999999992 0.0002448999999999992 -5.100000000000838e-06 0.0005551000000000014 0.0005551000000000014 1.000000000008385e-07 0 4 -187 153 -188 189 
30 0.0008448999999999992 0.0002448999999999991 -5.100000000000869e-06 0.001155100000000002 0.0005551000000000014 1.000000000008685e-07 0 4 -190 154 -191 192 
31 0.001444899999999999 0.0002448999999999991 -5.100000000000869e-06 0.001755100000000002 0.0005551000000000014 1.000000000008685e-07 0 4 -193 155 -194 195 
32 0.0002448999999999993 0.0006448999999999994 -5.100000000000704e-06 0.0005551000000000014 0.0009551000000000007 1.000000000007042e-07 0 4 -196 156 -197 198 
33 0.0008448999999999993 0.0006448999999999994 -5.100000000000704e-06 0.001155100000000001 0.0009551000000000007 1.000000000007042e-07 0 4 -199 157 -200 201 
34 0.001444899999999999 0.0006448999999999994 -5.100000000000777e-06 0.001755100000000001 0.0009551000000000007 1.000000000007766e-07 0 4 -202 158 -203 204 
35 -0.001155100000000001 0.001044899999999999 -5.10000000000083e-06 -0.0008448999999999986 0.001355100000000001 1.000000000008291e-07 0 4 -205 159 -206 207 
36 -0.0005551000000000009 0.001044899999999999 -5.100000000000799e-06 -0.0002448999999999985 0.001355100000000001 1.000000000007991e-07 0 4 -208 160 -209 210 
37 -0.000555100000000001 0.001444899999999999 -5.100000000000905e-06 -0.0002448999999999984 0.001755100000000001 1.000000000009045e-07 0 4 -211 161 -212 213 
38 0.0002448999999999992 0.001044899999999999 -5.100000000000808e-06 0.0005551000000000016 0.001355100000000001 1.000000000008075e-07 0 4 -214 162 -215 216 
39 0.0008448999999999991 0.001044899999999999 -5.100000000000913e-06 0.001155100000000002 0.001355100000000001 1.000000000009121e-07 0 4 -217 163 -218 219 
40 0.0002448999999999991 0.001444899999999999 -5.100000000000905e-06 0.0005551000000000017 0.001755100000000001 1.000000000009045e-07 0 4 -220 164 -221 222 
42 0.0002498999999999999 -0.0005954157101608166 -0.005595415710160818 0.0005501 0.0005954157101608168 -0.004999899999999877 0 2 -229 224 
44 -0.0005501 -0.0005954157101608166 -0.005595415710160818 -0.0002498999999999999 0.0005954157101608168 -0.004999899999999877 0 2 -236 231 
46 0.0002498999999999999 -0.001028372590277774 -0.006861705923610775 0.0005501000000000001 0.001028372590277775 -0.005833233333332786 0 2 -243 238 
48 -0.0005501000000000002 -0.001028372590277774 -0.006861705923610775 -0.0002498999999999999 0.001028372590277775 -0.005833233333332786 0 2 -250 245 
50 0.0002498999999999998 -0.001461329470394732 -0.008127996137061732 0.0005501000000000001 0.001461329470394732 -0.006666566666666698 0 2 -257 252 
52 -0.0005501000000000002 -0.001461329470394732 -0.008127996137061732 -0.0002498999999999998 0.001461329470394732 -0.006666566666666698 0 2 -264 259 
54 0.0002498999999999997 -0.001894286350511689 -0.009394286350511689 0.0005501000000000002 0.00189428635051169 -0.007499899999999607 0 2 -271 266 
56 -0.0005501000000000002 -0.001894286350511689 -0.009394286350511689 -0.0002498999999999998 0.00189428635051169 -0.007499899999999607 0 2 -278 273 
58 0.0008499000000000001 -0.0005954157101608166 -0.005595415710160818 0.0011501 0.0005954157101608168 -0.004999899999999877 0 2 -285 280 
60 -0.0011501 -0.0005954157101608166 -0.005595415710160818 -0.0008499000000000001 0.0005954157101608168 -0.004999899999999877 0 2 -292 287 
62 0.0008498999999999999 -0.001028372590277774 -0.006861705923610775 0.0011501 0.001028372590277775 -0.005833233333332786 0 2 -299 294 
64 -0.0011501 -0.001028372590277774 -0.006861705923610775 -0.0008499 0.001028372590277775 -0.005833233333332786 0 2 -306 301 
66 0.0008498999999999999 -0.001461329470394732 -0.008127996137061732 0.0011501 0.001461329470394732 -0.006666566666666698 0 2 -313 308 
68 -0.0011501 -0.001461329470394732 -0.008127996137061732 -0.0008499 0.001461329470394732 -0.006666566666666698 0 2 -320 315 
70 0.0014499 -0.0005954157101608166 -0.005595415710160818 0.0017501 0.0005954157101608168 -0.004999899999999877 0 2 -327 322 
72 -0.0017501 -0.0005954157101608166 -0.005595415710160818 -0.0014499 0.0005954157101608168 -0.004999899999999877 0 2 -334 329 
74 0.0014499 -0.001028372590277774 -0.006861705923610775 0.0017501 0.001028372590277775 -0.005833233333332786 0 2 -341 336 
76 -0.0017501 -0.001028372590277774 -0.006861705923610775 -0.0014499 0.001028372590277775 -0.005833233333332786 0 2 -348 343 
77 0.0002448999999999986 -0.0006008276711622795 -0.00560082767116228 0.0005551000000000014 0.0006008276711622797 -4.899999999999089e-06 0 8 -223 55 -229 349 -226 350 187 351 
78 -0.0005551000000000014 -0.0006008276711622795 -0.00560082767116228 -0.0002448999999999986 0.0006008276711622797 -4.899999999999089e-06 0 8 -230 130 -236 352 -233 353 175 354 
79 0.0002448999999999986 -0.001033784551279237 -0.006867117884612236 0.0005551000000000014 0.001033784551279237 -4.899999999999089e-06 0 8 -237 49 -243 355 -240 356 196 357 
80 -0.0005551000000000014 -0.001033784551279237 -0.006867117884612236 -0.0002448999999999986 0.001033784551279237 -4.899999999999089e-06 0 8 -244 127 -250 358 -247 359 184 360 
81 0.0002448999999999984 -0.001466741431396195 -0.008133408098063195 0.0005551000000000016 0.001466741431396195 -4.899999999998655e-06 0 8 -251 43 -257 361 -254 362 214 363 
82 -0.0005551000000000016 -0.001466741431396195 -0.008133408098063195 -0.0002448999999999985 0.001466741431396195 -4.899999999998655e-06 0 8 -258 112 -264 364 -261 365 208 366 
83 0.0002448999999999984 -0.001899698311513152 -0.009399698311513152 0.0005551000000000017 0.001899698311513153 -4.899999999998655e-06 0 8 -265 40 -271 367 -268 368 220 369 
84 -0.0005551000000000017 -0.001899698311513152 -0.009399698311513152 -0.0002448999999999984 0.001899698311513153 -4.899999999998655e-06 0 8 -272 109 -278 370 -275 371 211 372 
85 0.0008448999999999986 -0.0006008276711622795 -0.00560082767116228 0.001155100000000002 0.0006008276711622797 -4.899999999999089e-06 0 8 -279 58 -285 373 -282 374 190 375 
86 -0.001155100000000001 -0.0006008276711622795 -0.00560082767116228 -0.0008448999999999986 0.0006008276711622797 -4.899999999999089e-06 0 8 -286 124 -292 376 -289 377 172 378 
87 0.0008448999999999987 -0.001033784551279237 -0.006867117884612236 0.001155100000000001 0.001033784551279237 -4.899999999999089e-06 0 8 -293 52 -299 379 -296 380 199 381 
88 -0.001155100000000001 -0.001033784551279237 -0.006867117884612236 -0.0008448999999999987 0.001033784551279237 -4.899999999999089e-06 0 8 -300 118 -306 382 -303 383 181 384 
89 0.0008448999999999985 -0.001466741431396195 -0.008133408098063195 0.001155100000000002 0.001466741431396195 -4.899999999998655e-06 0 8 -307 46 -313 385 -310 386 217 387 
90 -0.001155100000000001 -0.001466741431396195 -0.008133408098063195 -0.0008448999999999986 0.001466741431396195 -4.899999999998655e-06 0 8 -314 106 -320 388 -317 389 205 390 
91 0.001444899999999999 -0.0006008276711622795 -0.00560082767116228 0.001755100000000002 0.0006008276711622797 -4.899999999999089e-06 0 8 -321 64 -327 391 -324 392 193 393 
92 -0.001755100000000002 -0.0006008276711622795 -0.00560082767116228 -0.001444899999999999 0.0006008276711622797 -4.899999999999089e-06 0 8 -328 121 -334 394 -331 395 169 396 
93 0.001444899999999999 -0.001033784551279237 -0.006867117884612237 0.001755100000000001 0.001033784551279237 -4.899999999999089e-06 0 8 -335 61 -341 397 -338 398 202 399 
94 -0.001755100000000001 -0.001033784551279237 -0.006867117884612237 -0.001444899999999999 0.001033784551279237 -4.899999999999089e-06 0 8 -342 115 -348 400 -345 401 178 402 
$EndEntities
$Nodes
1246 1868 1 1868
0 1 0 1
1
7.5e-06 -0.002019998437499 0.0015
0 2 0 1
2
7.5e-06 -0.002019998437499 0
0 3 0 1
3
7.5e-06 -2.25e-05 0
0 4 0 1
4
7.5e-06 -2.25e-05 0.0015
0 5 0 1
5
1.250625e-05 -0.002024998433593 0
0 6 0 1
6
1.250625e-05 -0.002024998433593 0.0015
0 7 0 1
7
1.25e-05 -0.002019998437499 -5e-06
0 8 0 1
8
1.25e-05 -2.25e-05 -5e-06
0 9 0 1
9
1.25e-05 -1.75e-05 0.0015
0 10 0 1
10
1.25e-05 -1.75e-05 0
0 11 0 1
11
1.25e-05 -0.002019998437499 0.001505
0 12 0 1
12
1.25e-05 -2.25e-05 0.001505
0 13 0 1
13
0.002014998433593 -2.250625e-05 0
0 14 0 1
14
0.002014998433593 -2.250625e-05 0.0015
0 15 0 1
15
0.002009998437499 -2.25e-05 -5e-06
0 16 0 1
16
0.0004 -0.001445 -5e-06
0 17 0 1
17
0.0004 -0.001045 -5e-06
0 18 0 1
18
0.001 -0.001045 -5e-06
0 19 0 1
19
0.0004 -0.0006450000000000001 -5e-06
0 20 0 1
20
0.001 -0.0006450000000000001 -5e-06
0 21 0 1
21
0.0004 -0.000245 -5e-06
0 22 0 1
22
0.001 -0.000245 -5e-06
0 23 0 1
23
0.0016 -0.0006450000000000001 -5e-06
0 24 0 1
24
0.0016 -0.000245 -5e-06
0 25 0 1
25
0.002009998437499 -1.75e-05 0.0015
0 26 0 1
26
0.002009998437499 -1.75e-05 0
0 27 0 1
27
0.002009998437499 -2.25e-05 0.001505
0 28 0 1
28
0.0009149365681290001 -0.001369936568129 0.001505
0 29 0 1
29
0.0004 -0.001445 4.214856327685e-36
0 30 0 1
30
0.0004 -0.001045 4.214856327685e-36
0 31 0 1
31
0.001 -0.001045 4.214856327685e-36
0 32 0 1
32
0.0004 -0.0006450000000000001 4.214856327685e-36
0 33 0 1
33
0.001 -0.0006450000000000001 4.214856327685e-36
0 34 0 1
34
0.0004 -0.000245 4.214856327685e-36
0 35 0 1
35
0.001 -0.000245 4.214856327685e-36
0 36 0 1
36
0.0016 -0.0006450000000000001 4.214856327685e-36
0 37 0 1
37
0.0016 -0.000245 4.214856327685e-36
0 38 0 1
38
0.0009149365681290001 -0.001369936568129 0.00205
0 39 0 1
39
1.25e-05 -0.002019998437499 0
0 40 0 1
40
1.25e-05 -2.25e-05 0
0 41 0 1
41
0.002009998437499 -2.25e-05 0
0 42 0 1
42
0.0009099365681290001 -0.001369936568129 0.002055
0 43 0 1
43
1.25e-05 -0.002019998437499 0.0015
0 44 0 1
44
1.25e-05 -2.25e-05 0.0015
0 45 0 1
45
0.002009998437499 -2.25e-05 0.0015
0 46 0 1
46
0.0009099365681290001 -0.001369936568129 0.0015
0 47 0 1
47
0.0009099365681290001 -0.001369936568129 0.00205
0 48 0 1
48
0.0004 -0.00145 -5e-06
0 49 0 1
49
0.0004 -0.00145 0
0 50 0 1
50
0.0004 -0.00105 -5e-06
0 51 0 1
51
0.0004 -0.00105 0
0 52 0 1
52
0.001 -0.00105 -5e-06
0 53 0 1
53
0.001 -0.00105 0
0 54 0 1
54
0.0004 -0.0006500000000000001 -5e-06
0 55 0 1
55
0.0004 -0.0006500000000000001 0
0 56 0 1
56
0.001 -0.0006500000000000001 -5e-06
0 57 0 1
57
0.001 -0.0006500000000000001 0
0 58 0 1
58
0.0004 -0.00025 -5e-06
0 59 0 1
59
0.0004 -0.00025 0
0 60 0 1
60
0.001 -0.00025 -5e-06
0 61 0 1
61
0.001 -0.00025 0
0 62 0 1
62
0.0016 -0.0006500000000000001 -5e-06
0 63 0 1
63
0.0016 -0.0006500000000000001 0
0 64 0 1
64
0.0016 -0.00025 -5e-06
0 65 0 1
65
0.0016 -0.00025 0
0 66 0 1
66
-0.002009998437499 -1.75e-05 0.0015
0 67 0 1
67
-1.25e-05 -1.75e-05 0.0015
0 68 0 1
68
-0.002009998437499 -2.25e-05 0.001505
0 69 0 1
69
-1.25e-05 -2.25e-05 0.001505
0 70 0 1
70
-1.25e-05 -1.75e-05 0
0 71 0 1
71
-0.002009998437499 -1.75e-05 0
0 72 0 1
72
-0.002014998433593 -2.250625e-05 0.0015
0 73 0 1
73
-1.25e-05 -0.002019998437499 0.001505
0 74 0 1
74
-0.000204936568129 -0.001369936568129 0.001505
0 75 0 1
75
-7.5e-06 -2.25e-05 0.0015
0 76 0 1
76
-7.5e-06 -2.25e-05 0
0 77 0 1
77
-0.002014998433593 -2.250625e-05 0
0 78 0 1
78
-0.002009998437499 -2.25e-05 -5e-06
0 79 0 1
79
-1.25e-05 -2.25e-05 -5e-06
0 80 0 1
80
-1.250625e-05 -0.002024998433593 0.0015
0 81 0 1
81
-7.5e-06 -0.002019998437499 0.0015
0 82 0 1
82
-0.000204936568129 -0.001369936568129 0.00205
0 83 0 1
83
-7.5e-06 -0.002019998437499 0
0 84 0 1
84
-1.250625e-05 -0.002024998433593 0
0 85 0 1
85
-1.25e-05 -0.002019998437499 -5e-06
0 86 0 1
86
-0.001 -0.001045 -5e-06
0 87 0 1
87
-0.0004 -0.001445 -5e-06
0 88 0 1
88
-0.0004 -0.001045 -5e-06
0 89 0 1
89
-0.0016 -0.0006450000000000001 -5e-06
0 90 0 1
90
-0.001 -0.0006450000000000001 -5e-06
0 91 0 1
91
-0.0016 -0.000245 -5e-06
0 92 0 1
92
-0.001 -0.000245 -5e-06
0 93 0 1
93
-0.0004 -0.0006450000000000001 -5e-06
0 94 0 1
94
-0.0004 -0.000245 -5e-06
0 95 0 1
95
-0.000209936568129 -0.001369936568129 0.002055
0 96 0 1
96
-0.001 -0.001045 4.214856327685e-36
0 97 0 1
97
-0.0004 -0.001445 4.214856327685e-36
0 98 0 1
98
-0.0004 -0.001045 4.214856327685e-36
0 99 0 1
99
-0.0016 -0.0006450000000000001 4.214856327685e-36
0 100 0 1
100
-0.001 -0.0006450000000000001 4.214856327685e-36
0 101 0 1
101
-0.0016 -0.000245 4.214856327685e-36
0 102 0 1
102
-0.001 -0.000245 4.214856327685e-36
0 103 0 1
103
-0.0004 -0.0006450000000000001 4.214856327685e-36
0 104 0 1
104
-0.0004 -0.000245 4.214856327685e-36
0 105 0 1
105
-0.002009998437499 -2.249999999999999e-05 0
0 106 0 1
106
-1.25e-05 -2.25e-05 0
0 107 0 1
107
-1.25e-05 -0.002019998437499 0
0 108 0 1
108
-1.25e-05 -2.25e-05 0.0015
0 109 0 1
109
-0.002009998437499 -2.249999999999999e-05 0.0015
0 110 0 1
110
-1.25e-05 -0.002019998437499 0.0015
0 111 0 1
111
-0.000209936568129 -0.001369936568129 0.0015
0 112 0 1
112
-0.000209936568129 -0.001369936568129 0.00205
0 113 0 1
113
-0.001 -0.00105 -5e-06
0 114 0 1
114
-0.001 -0.00105 0
0 115 0 1
115
-0.0004 -0.00145 -5e-06
0 116 0 1
116
-0.0004 -0.00145 0
0 117 0 1
117
-0.0004 -0.00105 -5e-06
0 118 0 1
118
-0.0004 -0.00105 0
0 119 0 1
119
-0.0016 -0.0006500000000000001 -5e-06
0 120 0 1
120
-0.0016 -0.0006500000000000001 0
0 121 0 1
121
-0.001 -0.0006500000000000001 -5e-06
0 122 0 1
122
-0.001 -0.0006500000000000001 0
0 123 0 1
123
-0.0016 -0.00025 -5e-06
0 124 0 1
124
-0.0016 -0.00025 0
0 125 0 1
125
-0.001 -0.00025 -5e-06
0 126 0 1
126
-0.001 -0.00025 0
0 127 0 1
127
-0.0004 -0.0006500000000000001 -5e-06
0 128 0 1
128
-0.0004 -0.0006500000000000001 0
0 129 0 1
129
-0.0004 -0.00025 -5e-06
0 130 0 1
130
-0.0004 -0.00025 0
0 131 0 1
131
0.002004998433593 2.50625e-06 0.0015
0 132 0 1
132
0.001999998437499 2.5e-06 0.001505
0 133 0 1
133
0.001999998437499 -2.5e-06 0.0015
0 134 0 1
134
-0.002004998433593 2.50625e-06 0.0015
0 135 0 1
135
-0.001999998437499 2.5e-06 0.001505
0 136 0 1
136
-0.001999998437499 -2.5e-06 0.0015
0 137 0 1
137
0.002004998433593 2.50625e-06 0
0 138 0 1
138
0.001999998437499 -2.5e-06 0
0 139 0 1
139
-0.002004998433593 2.50625e-06 0
0 140 0 1
140
-0.001999998437499 -2.5e-06 0
0 141 0 1
141
0.001999998437499 2.5e-06 -5e-06
0 142 0 1
142
-0.001999998437499 2.5e-06 -5e-06
0 143 0 1
143
-0.001599999999999999 0.0002450000000000005 -4.999999999999796e-06
0 144 0 1
144
-0.0009999999999999994 0.0002450000000000005 -4.999999999999796e-06
0 145 0 1
145
-0.0003999999999999995 0.0002450000000000005 -4.999999999999796e-06
0 146 0 1
146
-0.001599999999999999 0.0006450000000000001 -4.999999999999796e-06
0 147 0 1
147
-0.0009999999999999994 0.0006450000000000001 -4.999999999999796e-06
0 148 0 1
148
-0.0003999999999999994 0.0006450000000000001 -4.999999999999796e-06
0 149 0 1
149
0.0004000000000000006 0.0002450000000000005 -4.999999999999796e-06
0 150 0 1
150
0.001000000000000001 0.0002450000000000005 -4.999999999999796e-06
0 151 0 1
151
0.001600000000000001 0.0002450000000000005 -4.999999999999796e-06
0 152 0 1
152
0.0004000000000000007 0.0006450000000000001 -4.999999999999796e-06
0 153 0 1
153
0.001000000000000001 0.0006450000000000001 -4.999999999999796e-06
0 154 0 1
154
0.001600000000000001 0.0006450000000000001 -4.999999999999796e-06
0 155 0 1
155
-0.0009999999999999994 0.001045 -4.999999999999796e-06
0 156 0 1
156
-0.0003999999999999993 0.001045 -4.999999999999796e-06
0 157 0 1
157
-0.0003999999999999992 0.001445 -4.999999999999796e-06
0 158 0 1
158
0.0004000000000000008 0.001045 -4.999999999999796e-06
0 159 0 1
159
0.001000000000000001 0.001045 -4.999999999999796e-06
0 160 0 1
160
0.0004000000000000008 0.001445 -4.999999999999796e-06
0 161 0 1
161
-0.0016 0.000245 0
0 162 0 1
162
-0.001 0.000245 0
0 163 0 1
163
-0.0004 0.000245 0
0 164 0 1
164
-0.0016 0.0006450000000000001 0
0 165 0 1
165
-0.001 0.0006450000000000001 0
0 166 0 1
166
-0.0004 0.0006450000000000001 0
0 167 0 1
167
0.0004 0.000245 0
0 168 0 1
168
0.001 0.000245 0
0 169 0 1
169
0.0016 0.000245 0
0 170 0 1
170
0.0004 0.0006450000000000001 0
0 171 0 1
171
0.001 0.0006450000000000001 0
0 172 0 1
172
0.0016 0.0006450000000000001 0
0 173 0 1
173
-0.001 0.001045 0
0 174 0 1
174
-0.0004 0.001045 0
0 175 0 1
175
-0.0004 0.001445 0
0 176 0 1
176
0.0004 0.001045 0
0 177 0 1
177
0.001 0.001045 0
0 178 0 1
178
0.0004 0.001445 0
0 179 0 1
179
-0.001999998437499 2.5e-06 0
0 180 0 1
180
0.001999998437499 2.5e-06 0
0 181 0 1
181
0.001999998437499 2.5e-06 0.0015
0 182 0 1
182
-0.001999998437499 2.5e-06 0.0015
0 183 0 1
183
-0.0016 0.00025 -5e-06
0 184 0 1
184
-0.0016 0.00025 0
0 185 0 1
185
-0.001 0.00025 -5e-06
0 186 0 1
186
-0.001 0.00025 0
0 187 0 1
187
-0.0004 0.00025 -5e-06
0 188 0 1
188
-0.0004 0.00025 0
0 189 0 1
189
-0.0016 0.0006500000000000001 -5e-06
0 190 0 1
190
-0.0016 0.0006500000000000001 0
0 191 0 1
191
-0.001 0.0006500000000000001 -5e-06
0 192 0 1
192
-0.001 0.0006500000000000001 0
0 193 0 1
193
-0.0004 0.0006500000000000001 -5e-06
0 194 0 1
194
-0.0004 0.0006500000000000001 0
0 195 0 1
195
0.0004 0.00025 -5e-06
0 196 0 1
196
0.0004 0.00025 0
0 197 0 1
197
0.001 0.00025 -5e-06
0 198 0 1
198
0.001 0.00025 0
0 199 0 1
199
0.0016 0.00025 -5e-06
0 200 0 1
200
0.0016 0.00025 0
0 201 0 1
201
0.0004 0.0006500000000000001 -5e-06
0 202 0 1
202
0.0004 0.0006500000000000001 0
0 203 0 1
203
0.001 0.0006500000000000001 -5e-06
0 204 0 1
204
0.001 0.0006500000000000001 0
0 205 0 1
205
0.0016 0.0006500000000000001 -5e-06
0 206 0 1
206
0.0016 0.0006500000000000001 0
0 207 0 1
207
-0.001 0.00105 -5e-06
0 208 0 1
208
-0.001 0.00105 0
0 209 0 1
209
-0.0004 0.00105 -5e-06
0 210 0 1
210
-0.0004 0.00105 0
0 211 0 1
211
-0.0004 0.00145 -5e-06
0 212 0 1
212
-0.0004 0.00145 0
0 213 0 1
213
0.0004 0.00105 -5e-06
0 214 0 1
214
0.0004 0.00105 0
0 215 0 1
215
0.001 0.00105 -5e-06
0 216 0 1
216
0.001 0.00105 0
0 217 0 1
217
0.0004 0.00145 -5e-06
0 218 0 1
218
0.0004 0.00145 0
0 219 0 1
219
0.0004 -0.00025 -0.005
0 220 0 1
220
0.0004 0.00025 -0.005
0 223 0 1
221
-0.0004 -0.00025 -0.005
0 224 0 1
222
-0.0004 0.00025 -0.005
0 227 0 1
223
0.0004 -0.0006500000000000001 -0.005833333333333
0 228 0 1
224
0.0004 0.0006500000000000001 -0.005833333333333
0 231 0 1
225
-0.0004 -0.0006500000000000001 -0.005833333333333
0 232 0 1
226
-0.0004 0.0006500000000000001 -0.005833333333333
0 235 0 1
227
0.0004 -0.00105 -0.006666666666667
0 236 0 1
228
0.0004 0.00105 -0.006666666666667
0 239 0 1
229
-0.0004 -0.00105 -0.006666666666667
0 240 0 1
230
-0.0004 0.00105 -0.006666666666667
0 243 0 1
231
0.0004 -0.00145 -0.0075
0 244 0 1
232
0.0004 0.00145 -0.0075
0 247 0 1
233
-0.0004 -0.00145 -0.0075
0 248 0 1
234
-0.0004 0.00145 -0.0075
0 251 0 1
235
0.001 -0.00025 -0.005
0 252 0 1
236
0.001 0.00025 -0.005
0 255 0 1
237
-0.001 -0.00025 -0.005
0 256 0 1
238
-0.001 0.00025 -0.005
0 259 0 1
239
0.001 -0.0006500000000000001 -0.005833333333333
0 260 0 1
240
0.001 0.0006500000000000001 -0.005833333333333
0 263 0 1
241
-0.001 -0.0006500000000000001 -0.005833333333333
0 264 0 1
242
-0.001 0.0006500000000000001 -0.005833333333333
0 267 0 1
243
0.001 -0.00105 -0.006666666666667
0 268 0 1
244
0.001 0.00105 -0.006666666666667
0 271 0 1
245
-0.001 -0.00105 -0.006666666666667
0 272 0 1
246
-0.001 0.00105 -0.006666666666667
0 275 0 1
247
0.0016 -0.00025 -0.005
0 276 0 1
248
0.0016 0.00025 -0.005
0 279 0 1
249
-0.0016 -0.00025 -0.005
0 280 0 1
250
-0.0016 0.00025 -0.005
0 283 0 1
251
0.0016 -0.0006500000000000001 -0.005833333333333
0 284 0 1
252
0.0016 0.0006500000000000001 -0.005833333333333
0 287 0 1
253
-0.0016 -0.0006500000000000001 -0.005833333333333
0 288 0 1
254
-0.0016 0.0006500000000000001 -0.005833333333333
0 289 0 1
255
0.0004 -0.000245 -0.005
0 290 0 1
256
0.0004 0.000245 -0.005
0 291 0 1
257
-0.0004 -0.000245 -0.005
0 292 0 1
258
-0.0004 0.000245 -0.005
0 293 0 1
259
0.0004 -0.0006450000000000001 -0.005833333333333
0 294 0 1
260
0.0004 0.0006450000000000001 -0.005833333333333
0 295 0 1
261
-0.0004 -0.0006450000000000001 -0.005833333333333
0 296 0 1
262
-0.0004 0.0006450000000000001 -0.005833333333333
0 297 0 1
263
0.0004 -0.001045 -0.006666666666667
0 298 0 1
264
0.0004 0.001045 -0.006666666666667
0 299 0 1
265
-0.0004 -0.001045 -0.006666666666667
0 300 0 1
266
-0.0004 0.001045 -0.006666666666667
0 301 0 1
267
0.0004 -0.001445 -0.0075
0 302 0 1
268
0.0004 0.001445 -0.0075
0 303 0 1
269
-0.0004 -0.001445 -0.0075
0 304 0 1
270
-0.0004 0.001445 -0.0075
0 305 0 1
271
0.001 -0.000245 -0.005
0 306 0 1
272
0.001 0.000245 -0.005
0 307 0 1
273
-0.001 -0.000245 -0.005
0 308 0 1
274
-0.001 0.000245 -0.005
0 309 0 1
275
0.001 -0.0006450000000000001 -0.005833333333333
0 310 0 1
276
0.001 0.0006450000000000001 -0.005833333333333
0 311 0 1
277
-0.001 -0.0006450000000000001 -0.005833333333333
0 312 0 1
278
-0.001 0.0006450000000000001 -0.005833333333333
0 313 0 1
279
0.001 -0.001045 -0.006666666666667
0 314 0 1
280
0.001 0.001045 -0.006666666666667
0 315 0 1
281
-0.001 -0.001045 -0.006666666666667
0 316 0 1
282
-0.001 0.001045 -0.006666666666667
0 317 0 1
283
0.0016 -0.000245 -0.005
0 318 0 1
284
0.0016 0.000245 -0.005
0 319 0 1
285
-0.0016 -0.000245 -0.005
0 320 0 1
286
-0.0016 0.000245 -0.005
0 321 0 1
287
0.0016 -0.0006450000000000001 -0.005833333333333
0 322 0 1
288
0.0016 0.0006450000000000001 -0.005833333333333
0 323 0 1
289
-0.0016 -0.0006450000000000001 -0.005833333333333
0 324 0 1
290
-0.0016 0.0006450000000000001 -0.005833333333333
1 1 0 0
1 2 0 0
1 3 0 0
1 4 0 0
1 5 0 1
291
8.966676493724246e-06 -0.002023536180423521 0
1 6 0 0
1 7 0 1
292
8.966676493724246e-06 -0.002023536180423521 0.0015
1 8 0 0
1 9 0 1
293
8.96446609406727e-06 -0.002019998437499 -3.535533905932745e-06
1 10 0 1
294
8.96446609406727e-06 -2.25e-05 -3.535533905932745e-06
1 11 0 1
295
8.964466094067255e-06 -1.896446609406727e-05 0.0015
1 12 0 0
1 13 0 1
296
8.964466094067255e-06 -1.896446609406727e-05 0
1 14 0 1
297
8.964466094067255e-06 -0.002019998437499 0.001503535533905933
1 15 0 0
1 16 0 1
298
8.964466094067255e-06 -2.25e-05 0.001503535533905933
1 17 0 1
299
1.250441941738242e-05 -0.002023533968642796 -3.535533905932739e-06
1 18 0 1
300
0.001427749096279031 -0.001437749096279024 0
1 19 0 0
1 20 0 1
301
0.001427749096279031 -0.001437749096279024 0.0015
1 21 0 1
302
1.250441941738242e-05 -0.002023533968642796 0.001503535533905933
1 22 0 1
303
0.001424213562373094 -0.001434213562373097 -5e-06
1 23 0 0
1 24 0 6
304
305
306
307
308
309
0.0005211838797825447 -0.001503359080711896 -5.000000000000014e-06
0.0005511138263881827 -0.001634490744763229 -5.000000000000017e-06
0.0004672519795632214 -0.001739650174524875 -5.000000000000008e-06
0.0003327480204367784 -0.001739650174524875 -4.999999999999993e-06
0.0002488861736118174 -0.001634490744763229 -4.999999999999983e-06
0.0002788161202174553 -0.001503359080711896 -4.999999999999987e-06
1 25 0 6
310
311
312
313
314
315
0.0005211838797825447 -0.001103359080711896 -5.000000000000014e-06
0.0005511138263881827 -0.001234490744763229 -5.000000000000017e-06
0.0004672519795632214 -0.001339650174524875 -5.000000000000008e-06
0.0003327480204367784 -0.001339650174524875 -4.999999999999993e-06
0.0002488861736118174 -0.001234490744763229 -4.999999999999983e-06
0.0002788161202174553 -0.001103359080711896 -4.999999999999987e-06
1 26 0 6
316
317
318
319
320
321
0.001121183879782545 -0.001103359080711896 -5.000000000000014e-06
0.001151113826388183 -0.001234490744763229 -5.000000000000017e-06
0.001067251979563221 -0.001339650174524875 -5.000000000000008e-06
0.0009327480204367784 -0.001339650174524875 -4.999999999999993e-06
0.0008488861736118174 -0.001234490744763229 -4.999999999999983e-06
0.0008788161202174553 -0.001103359080711896 -4.999999999999987e-06
1 27 0 6
322
323
324
325
326
327
0.0005211838797825447 -0.0007033590807118964 -5.000000000000014e-06
0.0005511138263881827 -0.000834490744763229 -5.000000000000017e-06
0.0004672519795632214 -0.0009396501745248751 -5.000000000000008e-06
0.0003327480204367784 -0.000939650174524875 -4.999999999999993e-06
0.0002488861736118174 -0.000834490744763229 -4.999999999999983e-06
0.0002788161202174553 -0.0007033590807118964 -4.999999999999987e-06
1 28 0 6
328
329
330
331
332
333
0.001121183879782545 -0.0007033590807118964 -5.000000000000014e-06
0.001151113826388183 -0.000834490744763229 -5.000000000000017e-06
0.001067251979563221 -0.0009396501745248751 -5.000000000000008e-06
0.0009327480204367784 -0.000939650174524875 -4.999999999999993e-06
0.0008488861736118174 -0.000834490744763229 -4.999999999999983e-06
0.0008788161202174553 -0.0007033590807118964 -4.999999999999987e-06
1 29 0 6
334
335
336
337
338
339
0.0005211838797825447 -0.0003033590807118964 -5.000000000000014e-06
0.0005511138263881827 -0.0004344907447632289 -5.000000000000017e-06
0.0004672519795632214 -0.000539650174524875 -5.000000000000008e-06
0.0003327480204367784 -0.0005396501745248749 -4.999999999999993e-06
0.0002488861736118174 -0.0004344907447632289 -4.999999999999983e-06
0.0002788161202174553 -0.0003033590807118964 -4.999999999999987e-06
1 30 0 6
340
341
342
343
344
345
0.001121183879782545 -0.0003033590807118964 -5.000000000000014e-06
0.001151113826388183 -0.0004344907447632289 -5.000000000000017e-06
0.001067251979563221 -0.000539650174524875 -5.000000000000008e-06
0.0009327480204367784 -0.0005396501745248749 -4.999999999999993e-06
0.0008488861736118174 -0.0004344907447632289 -4.999999999999983e-06
0.0008788161202174553 -0.0003033590807118964 -4.999999999999987e-06
1 31 0 6
346
347
348
349
350
351
0.001721183879782545 -0.0007033590807118964 -5.000000000000014e-06
0.001751113826388183 -0.000834490744763229 -5.000000000000017e-06
0.001667251979563221 -0.0009396501745248751 -5.000000000000008e-06
0.001532748020436778 -0.000939650174524875 -4.999999999999993e-06
0.001448886173611818 -0.000834490744763229 -4.999999999999983e-06
0.001478816120217455 -0.0007033590807118964 -4.999999999999987e-06
1 32 0 6
352
353
354
355
356
357
0.001721183879782545 -0.0003033590807118964 -5.000000000000014e-06
0.001751113826388183 -0.0004344907447632289 -5.000000000000017e-06
0.001667251979563221 -0.000539650174524875 -5.000000000000008e-06
0.001532748020436778 -0.0005396501745248749 -4.999999999999993e-06
0.001448886173611818 -0.0004344907447632289 -4.999999999999983e-06
0.001478816120217455 -0.0003033590807118964 -4.999999999999987e-06
1 33 0 1
358
1.25e-05 -1.896446609406727e-05 -3.535533905932745e-06
1 34 0 1
359
1.25e-05 -1.896446609406725e-05 0.001503535533905933
1 35 0 0
1 36 0 0
1 37 0 0
1 38 0 1
360
0.001424213562373094 -0.001434213562373097 0.001505
1 39 0 0
1 40 0 6
361
362
363
364
365
366
0.0007812754477888504 -0.001647486744405151 0.001505
0.0004809416365745083 -0.001716035976953548 0.001505
0.0002400926200236409 -0.001523965295515733 0.001505
0.0002400926200236414 -0.001215907840742266 0.001505
0.0004809416365745095 -0.001023837159304453 0.001505
0.0007812754477888515 -0.001092386391852851 0.001505
1 41 0 1
367
0.002013533968642796 -2.250441941738241e-05 -3.535533905932739e-06
1 42 0 1
368
0.002013536180423521 -1.896667649372424e-05 0.0015
1 43 0 1
369
0.002013536180423521 -1.896667649372424e-05 0
1 44 0 1
370
0.002013533968642796 -2.250441941738241e-05 0.001503535533905933
1 45 0 1
371
0.002009998437499 -1.896446609406727e-05 -3.535533905932745e-06
1 46 0 6
372
373
374
375
376
377
0.0005211838797825447 -0.001503359080711896 -1.345411335479691e-20
0.0005511138263881827 -0.001634490744763229 -1.677700493953453e-20
0.0004672519795632214 -0.001739650174524875 -7.466469616269827e-21
0.0003327480204367784 -0.001739650174524875 7.466469616269859e-21
0.0002488861736118174 -0.001634490744763229 1.677700493953453e-20
0.0002788161202174553 -0.001503359080711896 1.345411335479692e-20
1 47 0 0
1 48 0 6
378
379
380
381
382
383
0.0005211838797825447 -0.001103359080711896 -1.345411335479691e-20
0.0005511138263881827 -0.001234490744763229 -1.677700493953453e-20
0.0004672519795632214 -0.001339650174524875 -7.466469616269827e-21
0.0003327480204367784 -0.001339650174524875 7.466469616269859e-21
0.0002488861736118174 -0.001234490744763229 1.677700493953453e-20
0.0002788161202174553 -0.001103359080711896 1.345411335479692e-20
1 49 0 0
1 50 0 6
384
385
386
387
388
389
0.001121183879782545 -0.001103359080711896 -1.345411335479691e-20
0.001151113826388183 -0.001234490744763229 -1.677700493953453e-20
0.001067251979563221 -0.001339650174524875 -7.466469616269827e-21
0.0009327480204367784 -0.001339650174524875 7.466469616269859e-21
0.0008488861736118174 -0.001234490744763229 1.677700493953453e-20
0.0008788161202174553 -0.001103359080711896 1.345411335479692e-20
1 51 0 0
1 52 0 6
390
391
392
393
394
395
0.0005211838797825447 -0.0007033590807118964 -1.345411335479691e-20
0.0005511138263881827 -0.000834490744763229 -1.677700493953453e-20
0.0004672519795632214 -0.0009396501745248751 -7.466469616269827e-21
0.0003327480204367784 -0.000939650174524875 7.466469616269859e-21
0.0002488861736118174 -0.000834490744763229 1.677700493953453e-20
0.0002788161202174553 -0.0007033590807118964 1.345411335479692e-20
1 53 0 0
1 54 0 6
396
397
398
399
400
401
0.001121183879782545 -0.0007033590807118964 -1.345411335479691e-20
0.001151113826388183 -0.000834490744763229 -1.677700493953453e-20
0.001067251979563221 -0.0009396501745248751 -7.466469616269827e-21
0.0009327480204367784 -0.000939650174524875 7.466469616269859e-21
0.0008488861736118174 -0.000834490744763229 1.677700493953453e-20
0.0008788161202174553 -0.0007033590807118964 1.345411335479692e-20
1 55 0 0
1 56 0 6
402
403
404
405
406
407
0.0005211838797825447 -0.0003033590807118964 -1.345411335479691e-20
0.0005511138263881827 -0.0004344907447632289 -1.677700493953453e-20
0.0004672519795632214 -0.000539650174524875 -7.466469616269827e-21
0.0003327480204367784 -0.0005396501745248749 7.466469616269859e-21
0.0002488861736118174 -0.0004344907447632289 1.677700493953453e-20
0.0002788161202174553 -0.0003033590807118964 1.345411335479692e-20
1 57 0 0
1 58 0 6
408
409
410
411
412
413
0.001121183879782545 -0.0003033590807118964 -1.345411335479691e-20
0.001151113826388183 -0.0004344907447632289 -1.677700493953453e-20
0.001067251979563221 -0.000539650174524875 -7.466469616269827e-21
0.0009327480204367784 -0.0005396501745248749 7.466469616269859e-21
0.0008488861736118174 -0.0004344907447632289 1.677700493953453e-20
0.0008788161202174553 -0.0003033590807118964 1.345411335479692e-20
1 59 0 0
1 60 0 6
414
415
416
417
418
419
0.001721183879782545 -0.0007033590807118964 -1.345411335479691e-20
0.001751113826388183 -0.000834490744763229 -1.677700493953453e-20
0.001667251979563221 -0.0009396501745248751 -7.466469616269827e-21
0.001532748020436778 -0.000939650174524875 7.466469616269859e-21
0.001448886173611818 -0.000834490744763229 1.677700493953453e-20
0.001478816120217455 -0.0007033590807118964 1.345411335479692e-20
1 61 0 0
1 62 0 6
420
421
422
423
424
425
0.001721183879782545 -0.0003033590807118964 -1.345411335479691e-20
0.001751113826388183 -0.0004344907447632289 -1.677700493953453e-20
0.001667251979563221 -0.000539650174524875 -7.466469616269827e-21
0.001532748020436778 -0.0005396501745248749 7.466469616269859e-21
0.001448886173611818 -0.0004344907447632289 1.677700493953453e-20
0.001478816120217455 -0.0003033590807118964 1.345411335479692e-20
1 63 0 0
1 64 0 1
426
0.002009998437499 -1.896446609406725e-05 0.001503535533905933
1 65 0 6
427
428
429
430
431
432
0.0007812754477888504 -0.00109238639185285 0.00205
0.0004809416365745083 -0.001023837159304453 0.00205
0.0002400926200236409 -0.001215907840742267 0.00205
0.0002400926200236414 -0.001523965295515734 0.00205
0.0004809416365745095 -0.001716035976953548 0.00205
0.0007812754477888515 -0.00164748674440515 0.00205
1 66 0 0
1 67 0 0
1 68 0 1
433
0.001424213562373094 -0.001434213562373097 0
1 69 0 0
1 70 0 1
434
0.0009134721020349328 -0.001369936568129 0.002053535533905932
1 71 0 6
435
436
437
438
439
440
0.0007781579987795566 -0.00109629554926519 0.002055
0.0004820542412442898 -0.001028711798865362 0.002055
0.0002445974643631532 -0.001218077259437855 0.002055
0.0002445974643631532 -0.001521795876820145 0.002055
0.0004820542412442895 -0.001711161337392638 0.002055
0.0007781579987795566 -0.001643577586992811 0.002055
1 72 0 0
1 73 0 0
1 74 0 0
1 75 0 0
1 76 0 1
441
0.001424213562373094 -0.001434213562373097 0.0015
1 77 0 0
1 78 0 6
442
443
444
445
446
447
0.0007781579987795566 -0.00109629554926519 0.0015
0.0004820542412442898 -0.001028711798865362 0.0015
0.0002445974643631532 -0.001218077259437855 0.0015
0.0002445974643631532 -0.001521795876820145 0.0015
0.0004820542412442895 -0.001711161337392638 0.0015
0.0007781579987795566 -0.001643577586992811 0.0015
1 79 0 0
1 80 0 6
448
449
450
451
452
453
0.0007781579987795566 -0.00109629554926519 0.00205
0.0004820542412442898 -0.001028711798865362 0.00205
0.0002445974643631532 -0.001218077259437855 0.00205
0.0002445974643631532 -0.001521795876820145 0.00205
0.0004820542412442895 -0.001711161337392638 0.00205
0.0007781579987795566 -0.001643577586992811 0.00205
1 81 0 6
454
455
456
457
458
459
0.0005172747223702043 -0.00150647652972119 -5.000000000000013e-06
0.0005462391868272737 -0.001633378140093447 -5.000000000000017e-06
0.0004650825608676344 -0.001735145330185363 -5.000000000000008e-06
0.0003349174391323671 -0.001735145330185363 -4.999999999999993e-06
0.0002537608131727266 -0.001633378140093448 -4.999999999999984e-06
0.0002827252776297954 -0.00150647652972119 -4.999999999999988e-06
1 82 0 6
460
461
462
463
464
465
0.0005172747223702043 -0.00150647652972119 -1.302010969819054e-20
0.0005462391868272737 -0.001633378140093447 -1.623581123180762e-20
0.0004650825608676344 -0.001735145330185363 -7.225615757680571e-21
0.0003349174391323671 -0.001735145330185363 7.225615757680401e-21
0.0002537608131727266 -0.001633378140093448 1.623581123180759e-20
0.0002827252776297954 -0.00150647652972119 1.302010969819058e-20
1 83 0 0
1 84 0 6
466
467
468
469
470
471
0.0005172747223702043 -0.00110647652972119 -5.000000000000013e-06
0.0005462391868272737 -0.001233378140093447 -5.000000000000017e-06
0.0004650825608676344 -0.001335145330185362 -5.000000000000008e-06
0.0003349174391323671 -0.001335145330185363 -4.999999999999993e-06
0.0002537608131727266 -0.001233378140093448 -4.999999999999984e-06
0.0002827252776297954 -0.00110647652972119 -4.999999999999988e-06
1 85 0 6
472
473
474
475
476
477
0.0005172747223702043 -0.00110647652972119 -1.302010969819054e-20
0.0005462391868272737 -0.001233378140093447 -1.623581123180762e-20
0.0004650825608676344 -0.001335145330185362 -7.225615757680571e-21
0.0003349174391323671 -0.001335145330185363 7.225615757680401e-21
0.0002537608131727266 -0.001233378140093448 1.623581123180759e-20
0.0002827252776297954 -0.00110647652972119 1.302010969819058e-20
1 86 0 0
1 87 0 6
478
479
480
481
482
483
0.001117274722370204 -0.00110647652972119 -5.000000000000013e-06
0.001146239186827274 -0.001233378140093447 -5.000000000000017e-06
0.001065082560867634 -0.001335145330185362 -5.000000000000008e-06
0.0009349174391323671 -0.001335145330185363 -4.999999999999993e-06
0.0008537608131727266 -0.001233378140093448 -4.999999999999984e-06
0.0008827252776297953 -0.00110647652972119 -4.999999999999988e-06
1 88 0 6
484
485
486
487
488
489
0.001117274722370204 -0.00110647652972119 -1.302010969819054e-20
0.001146239186827274 -0.001233378140093447 -1.623581123180762e-20
0.001065082560867634 -0.001335145330185362 -7.225615757680571e-21
0.0009349174391323671 -0.001335145330185363 7.225615757680401e-21
0.0008537608131727266 -0.001233378140093448 1.623581123180759e-20
0.0008827252776297953 -0.00110647652972119 1.302010969819058e-20
1 89 0 0
1 90 0 6
490
491
492
493
494
495
0.0005172747223702043 -0.0007064765297211899 -5.000000000000013e-06
0.0005462391868272737 -0.0008333781400934468 -5.000000000000017e-06
0.0004650825608676344 -0.0009351453301853626 -5.000000000000008e-06
0.0003349174391323671 -0.0009351453301853633 -4.999999999999993e-06
0.0002537608131727266 -0.0008333781400934478 -4.999999999999984e-06
0.0002827252776297954 -0.0007064765297211902 -4.999999999999988e-06
1 91 0 6
496
497
498
499
500
501
0.0005172747223702043 -0.0007064765297211899 -1.302010969819054e-20
0.0005462391868272737 -0.0008333781400934468 -1.623581123180762e-20
0.0004650825608676344 -0.0009351453301853626 -7.225615757680571e-21
0.0003349174391323671 -0.0009351453301853633 7.225615757680401e-21
0.0002537608131727266 -0.0008333781400934478 1.623581123180759e-20
0.0002827252776297954 -0.0007064765297211902 1.302010969819058e-20
1 92 0 0
1 93 0 6
502
503
504
505
506
507
0.001117274722370204 -0.0007064765297211899 -5.000000000000013e-06
0.001146239186827274 -0.0008333781400934468 -5.000000000000017e-06
0.001065082560867634 -0.0009351453301853626 -5.000000000000008e-06
0.0009349174391323671 -0.0009351453301853633 -4.999999999999993e-06
0.0008537608131727266 -0.0008333781400934478 -4.999999999999984e-06
0.0008827252776297953 -0.0007064765297211902 -4.999999999999988e-06
1 94 0 6
508
509
510
511
512
513
0.001117274722370204 -0.0007064765297211899 -1.302010969819054e-20
0.001146239186827274 -0.0008333781400934468 -1.623581123180762e-20
0.001065082560867634 -0.0009351453301853626 -7.225615757680571e-21
0.0009349174391323671 -0.0009351453301853633 7.225615757680401e-21
0.0008537608131727266 -0.0008333781400934478 1.623581123180759e-20
0.0008827252776297953 -0.0007064765297211902 1.302010969819058e-20
1 95 0 0
1 96 0 6
514
515
516
517
518
519
0.0005172747223702043 -0.0003064765297211898 -5.000000000000013e-06
0.0005462391868272737 -0.0004333781400934467 -5.000000000000017e-06
0.0004650825608676344 -0.0005351453301853626 -5.000000000000008e-06
0.0003349174391323671 -0.0005351453301853633 -4.999999999999993e-06
0.0002537608131727266 -0.0004333781400934477 -4.999999999999984e-06
0.0002827252776297954 -0.0003064765297211902 -4.999999999999988e-06
1 97 0 6
520
521
522
523
524
525
0.0005172747223702043 -0.0003064765297211898 -1.302010969819054e-20
0.0005462391868272737 -0.0004333781400934467 -1.623581123180762e-20
0.0004650825608676344 -0.0005351453301853626 -7.225615757680571e-21
0.0003349174391323671 -0.0005351453301853633 7.225615757680401e-21
0.0002537608131727266 -0.0004333781400934477 1.623581123180759e-20
0.0002827252776297954 -0.0003064765297211902 1.302010969819058e-20
1 98 0 0
1 99 0 6
526
527
528
529
530
531
0.001117274722370204 -0.0003064765297211898 -5.000000000000013e-06
0.001146239186827274 -0.0004333781400934467 -5.000000000000017e-06
0.001065082560867634 -0.0005351453301853626 -5.000000000000008e-06
0.0009349174391323671 -0.0005351453301853633 -4.999999999999993e-06
0.0008537608131727266 -0.0004333781400934477 -4.999999999999984e-06
0.0008827252776297953 -0.0003064765297211902 -4.999999999999988e-06
1 100 0 6
532
533
534
535
536
537
0.001117274722370204 -0.0003064765297211898 -1.302010969819054e-20
0.001146239186827274 -0.0004333781400934467 -1.623581123180762e-20
0.001065082560867634 -0.0005351453301853626 -7.225615757680571e-21
0.0009349174391323671 -0.0005351453301853633 7.225615757680401e-21
0.0008537608131727266 -0.0004333781400934477 1.623581123180759e-20
0.0008827252776297953 -0.0003064765297211902 1.302010969819058e-20
1 101 0 0
1 102 0 6
538
539
540
541
542
543
0.001717274722370204 -0.0007064765297211899 -5.000000000000013e-06
0.001746239186827274 -0.0008333781400934468 -5.000000000000017e-06
0.001665082560867634 -0.0009351453301853626 -5.000000000000008e-06
0.001534917439132367 -0.0009351453301853633 -4.999999999999993e-06
0.001453760813172727 -0.0008333781400934478 -4.999999999999984e-06
0.001482725277629796 -0.0007064765297211902 -4.999999999999988e-06
1 103 0 6
544
545
546
547
548
549
0.001717274722370204 -0.0007064765297211899 -1.302010969819054e-20
0.001746239186827274 -0.0008333781400934468 -1.623581123180762e-20
0.001665082560867634 -0.0009351453301853626 -7.225615757680571e-21
0.001534917439132367 -0.0009351453301853633 7.225615757680401e-21
0.001453760813172727 -0.0008333781400934478 1.623581123180759e-20
0.001482725277629796 -0.0007064765297211902 1.302010969819058e-20
1 104 0 0
1 105 0 6
550
551
552
553
554
555
0.001717274722370204 -0.0003064765297211898 -5.000000000000013e-06
0.001746239186827274 -0.0004333781400934467 -5.000000000000017e-06
0.001665082560867634 -0.0005351453301853626 -5.000000000000008e-06
0.001534917439132367 -0.0005351453301853633 -4.999999999999993e-06
0.001453760813172727 -0.0004333781400934477 -4.999999999999984e-06
0.001482725277629796 -0.0003064765297211902 -4.999999999999988e-06
1 106 0 6
556
557
558
559
560
561
0.001717274722370204 -0.0003064765297211898 -1.302010969819054e-20
0.001746239186827274 -0.0004333781400934467 -1.623581123180762e-20
0.001665082560867634 -0.0005351453301853626 -7.225615757680571e-21
0.001534917439132367 -0.0005351453301853633 7.225615757680401e-21
0.001453760813172727 -0.0004333781400934477 1.623581123180759e-20
0.001482725277629796 -0.0003064765297211902 1.302010969819058e-20
1 107 0 0
1 108 0 0
1 109 0 1
562
-0.002009998437499 -1.896446609406725e-05 0.001503535533905933
1 110 0 0
1 111 0 1
563
-1.25e-05 -1.896446609406725e-05 0.001503535533905933
1 112 0 0
1 113 0 0
1 114 0 0
1 115 0 1
564
-0.002013536180423521 -1.896667649372424e-05 0.0015
1 116 0 1
565
-0.002013533968642796 -2.250441941738241e-05 0.001503535533905933
1 117 0 1
566
-0.001424213562373097 -0.001434213562373093 0.001505
1 118 0 0
1 119 0 6
567
568
569
570
571
572
-0.0003385976884691495 -0.001647486744405151 0.001505
-0.0006389314996834915 -0.001716035976953548 0.001505
-0.000879780516234359 -0.001523965295515733 0.001505
-0.0008797805162343584 -0.001215907840742266 0.001505
-0.0006389314996834904 -0.001023837159304453 0.001505
-0.0003385976884691484 -0.001092386391852851 0.001505
1 120 0 1
573
-8.96446609406727e-06 -1.896446609406725e-05 0.0015
1 121 0 1
574
-8.964466094067255e-06 -2.25e-05 0.001503535533905933
1 122 0 0
1 123 0 1
575
-8.96446609406727e-06 -1.896446609406725e-05 0
1 124 0 1
576
-0.002013536180423521 -1.896667649372424e-05 0
1 125 0 0
1 126 0 0
1 127 0 1
577
-0.002009998437499 -1.896446609406727e-05 -3.535533905932745e-06
1 128 0 1
578
-1.25e-05 -1.896446609406727e-05 -3.535533905932745e-06
1 129 0 1
579
-0.001427749096279025 -0.001437749096279031 0.0015
1 130 0 1
580
-1.250441941738242e-05 -0.002023533968642796 0.001503535533905933
1 131 0 1
581
-8.964466094067255e-06 -0.002019998437499 0.001503535533905933
1 132 0 0
1 133 0 6
582
583
584
585
586
587
-0.0003385976884691495 -0.00109238639185285 0.00205
-0.0006389314996834915 -0.001023837159304453 0.00205
-0.000879780516234359 -0.001215907840742267 0.00205
-0.0008797805162343584 -0.001523965295515734 0.00205
-0.0006389314996834904 -0.001716035976953548 0.00205
-0.0003385976884691484 -0.00164748674440515 0.00205
1 134 0 0
1 135 0 0
1 136 0 0
1 137 0 1
588
-8.96446609406727e-06 -2.25e-05 -3.535533905932745e-06
1 138 0 1
589
-0.002013533968642796 -2.250441941738241e-05 -3.535533905932739e-06
1 139 0 1
590
-0.001427749096279025 -0.001437749096279031 0
1 140 0 0
1 141 0 1
591
-0.001424213562373097 -0.001434213562373093 -5e-06
1 142 0 0
1 143 0 6
592
593
594
595
596
597
-0.0008788161202174553 -0.001103359080711896 -5.000000000000014e-06
-0.0008488861736118174 -0.001234490744763229 -5.000000000000017e-06
-0.0009327480204367787 -0.001339650174524875 -5.000000000000008e-06
-0.001067251979563222 -0.001339650174524875 -4.999999999999993e-06
-0.001151113826388183 -0.001234490744763229 -4.999999999999983e-06
-0.001121183879782545 -0.001103359080711896 -4.999999999999987e-06
1 144 0 6
598
599
600
601
602
603
-0.0002788161202174553 -0.001503359080711896 -5.000000000000014e-06
-0.0002488861736118174 -0.001634490744763229 -5.000000000000017e-06
-0.0003327480204367787 -0.001739650174524875 -5.000000000000008e-06
-0.0004672519795632217 -0.001739650174524875 -4.999999999999993e-06
-0.0005511138263881827 -0.001634490744763229 -4.999999999999983e-06
-0.0005211838797825447 -0.001503359080711896 -4.999999999999987e-06
1 145 0 6
604
605
606
607
608
609
-0.0002788161202174553 -0.001103359080711896 -5.000000000000014e-06
-0.0002488861736118174 -0.001234490744763229 -5.000000000000017e-06
-0.0003327480204367787 -0.001339650174524875 -5.000000000000008e-06
-0.0004672519795632217 -0.001339650174524875 -4.999999999999993e-06
-0.0005511138263881827 -0.001234490744763229 -4.999999999999983e-06
-0.0005211838797825447 -0.001103359080711896 -4.999999999999987e-06
1 146 0 6
610
611
612
613
614
615
-0.001478816120217455 -0.0007033590807118964 -5.000000000000014e-06
-0.001448886173611818 -0.000834490744763229 -5.000000000000017e-06
-0.001532748020436779 -0.0009396501745248751 -5.000000000000008e-06
-0.001667251979563222 -0.000939650174524875 -4.999999999999993e-06
-0.001751113826388183 -0.000834490744763229 -4.999999999999983e-06
-0.001721183879782545 -0.0007033590807118964 -4.999999999999987e-06
1 147 0 6
616
617
618
619
620
621
-0.0008788161202174553 -0.0007033590807118964 -5.000000000000014e-06
-0.0008488861736118174 -0.000834490744763229 -5.000000000000017e-06
-0.0009327480204367787 -0.0009396501745248751 -5.000000000000008e-06
-0.001067251979563222 -0.000939650174524875 -4.999999999999993e-06
-0.001151113826388183 -0.000834490744763229 -4.999999999999983e-06
-0.001121183879782545 -0.0007033590807118964 -4.999999999999987e-06
1 148 0 6
622
623
624
625
626
627
-0.001478816120217455 -0.0003033590807118964 -5.000000000000014e-06
-0.001448886173611818 -0.0004344907447632289 -5.000000000000017e-06
-0.001532748020436779 -0.000539650174524875 -5.000000000000008e-06
-0.001667251979563222 -0.0005396501745248749 -4.999999999999993e-06
-0.001751113826388183 -0.0004344907447632289 -4.999999999999983e-06
-0.001721183879782545 -0.0003033590807118964 -4.999999999999987e-06
1 149 0 6
628
629
630
631
632
633
-0.0008788161202174553 -0.0003033590807118964 -5.000000000000014e-06
-0.0008488861736118174 -0.0004344907447632289 -5.000000000000017e-06
-0.0009327480204367787 -0.000539650174524875 -5.000000000000008e-06
-0.001067251979563222 -0.0005396501745248749 -4.999999999999993e-06
-0.001151113826388183 -0.0004344907447632289 -4.999999999999983e-06
-0.001121183879782545 -0.0003033590807118964 -4.999999999999987e-06
1 150 0 6
634
635
636
637
638
639
-0.0002788161202174553 -0.0007033590807118964 -5.000000000000014e-06
-0.0002488861736118174 -0.000834490744763229 -5.000000000000017e-06
-0.0003327480204367787 -0.0009396501745248751 -5.000000000000008e-06
-0.0004672519795632217 -0.000939650174524875 -4.999999999999993e-06
-0.0005511138263881827 -0.000834490744763229 -4.999999999999983e-06
-0.0005211838797825447 -0.0007033590807118964 -4.999999999999987e-06
1 151 0 6
640
641
642
643
644
645
-0.0002788161202174553 -0.0003033590807118964 -5.000000000000014e-06
-0.0002488861736118174 -0.0004344907447632289 -5.000000000000017e-06
-0.0003327480204367787 -0.000539650174524875 -5.000000000000008e-06
-0.0004672519795632217 -0.0005396501745248749 -4.999999999999993e-06
-0.0005511138263881827 -0.0004344907447632289 -4.999999999999983e-06
-0.0005211838797825447 -0.0003033590807118964 -4.999999999999987e-06
1 152 0 1
646
-8.966676493724246e-06 -0.002023536180423521 0.0015
1 153 0 1
647
-0.0002064010342230673 -0.001369936568129 0.002053535533905932
1 154 0 6
648
649
650
651
652
653
-0.0003417151374784433 -0.00109629554926519 0.002055
-0.00063781889501371 -0.001028711798865362 0.002055
-0.0008752756718948466 -0.001218077259437855 0.002055
-0.0008752756718948466 -0.001521795876820145 0.002055
-0.0006378188950137103 -0.001711161337392638 0.002055
-0.0003417151374784433 -0.001643577586992811 0.002055
1 155 0 1
654
-8.966676493724246e-06 -0.002023536180423521 0
1 156 0 1
655
-8.96446609406727e-06 -0.002019998437499 -3.535533905932745e-06
1 157 0 1
656
-1.250441941738242e-05 -0.002023533968642796 -3.535533905932739e-06
1 158 0 6
657
658
659
660
661
662
-0.0008788161202174553 -0.001103359080711896 -1.345411335479691e-20
-0.0008488861736118174 -0.001234490744763229 -1.677700493953453e-20
-0.0009327480204367787 -0.001339650174524875 -7.466469616269827e-21
-0.001067251979563222 -0.001339650174524875 7.466469616269859e-21
-0.001151113826388183 -0.001234490744763229 1.677700493953453e-20
-0.001121183879782545 -0.001103359080711896 1.345411335479692e-20
1 159 0 0
1 160 0 6
663
664
665
666
667
668
-0.0002788161202174553 -0.001503359080711896 -1.345411335479691e-20
-0.0002488861736118174 -0.001634490744763229 -1.677700493953453e-20
-0.0003327480204367787 -0.001739650174524875 -7.466469616269827e-21
-0.0004672519795632217 -0.001739650174524875 7.466469616269859e-21
-0.0005511138263881827 -0.001634490744763229 1.677700493953453e-20
-0.0005211838797825447 -0.001503359080711896 1.345411335479692e-20
1 161 0 0
1 162 0 6
669
670
671
672
673
674
-0.0002788161202174553 -0.001103359080711896 -1.345411335479691e-20
-0.0002488861736118174 -0.001234490744763229 -1.677700493953453e-20
-0.0003327480204367787 -0.001339650174524875 -7.466469616269827e-21
-0.0004672519795632217 -0.001339650174524875 7.466469616269859e-21
-0.0005511138263881827 -0.001234490744763229 1.677700493953453e-20
-0.0005211838797825447 -0.001103359080711896 1.345411335479692e-20
1 163 0 0
1 164 0 6
675
676
677
678
679
680
-0.001478816120217455 -0.0007033590807118964 -1.345411335479691e-20
-0.001448886173611818 -0.000834490744763229 -1.677700493953453e-20
-0.001532748020436779 -0.0009396501745248751 -7.466469616269827e-21
-0.001667251979563222 -0.000939650174524875 7.466469616269859e-21
-0.001751113826388183 -0.000834490744763229 1.677700493953453e-20
-0.001721183879782545 -0.0007033590807118964 1.345411335479692e-20
1 165 0 0
1 166 0 6
681
682
683
684
685
686
-0.0008788161202174553 -0.0007033590807118964 -1.345411335479691e-20
-0.0008488861736118174 -0.000834490744763229 -1.677700493953453e-20
-0.0009327480204367787 -0.0009396501745248751 -7.466469616269827e-21
-0.001067251979563222 -0.000939650174524875 7.466469616269859e-21
-0.001151113826388183 -0.000834490744763229 1.677700493953453e-20
-0.001121183879782545 -0.0007033590807118964 1.345411335479692e-20
1 167 0 0
1 168 0 6
687
688
689
690
691
692
-0.001478816120217455 -0.0003033590807118964 -1.345411335479691e-20
-0.001448886173611818 -0.0004344907447632289 -1.677700493953453e-20
-0.001532748020436779 -0.000539650174524875 -7.466469616269827e-21
-0.001667251979563222 -0.0005396501745248749 7.466469616269859e-21
-0.001751113826388183 -0.0004344907447632289 1.677700493953453e-20
-0.001721183879782545 -0.0003033590807118964 1.345411335479692e-20
1 169 0 0
1 170 0 6
693
694
695
696
697
698
-0.0008788161202174553 -0.0003033590807118964 -1.345411335479691e-20
-0.0008488861736118174 -0.0004344907447632289 -1.677700493953453e-20
-0.0009327480204367787 -0.000539650174524875 -7.466469616269827e-21
-0.001067251979563222 -0.0005396501745248749 7.466469616269859e-21
-0.001151113826388183 -0.0004344907447632289 1.677700493953453e-20
-0.001121183879782545 -0.0003033590807118964 1.345411335479692e-20
1 171 0 0
1 172 0 6
699
700
701
702
703
704
-0.0002788161202174553 -0.0007033590807118964 -1.345411335479691e-20
-0.0002488861736118174 -0.000834490744763229 -1.677700493953453e-20
-0.0003327480204367787 -0.0009396501745248751 -7.466469616269827e-21
-0.0004672519795632217 -0.000939650174524875 7.466469616269859e-21
-0.0005511138263881827 -0.000834490744763229 1.677700493953453e-20
-0.0005211838797825447 -0.0007033590807118964 1.345411335479692e-20
1 173 0 0
1 174 0 6
705
706
707
708
709
710
-0.0002788161202174553 -0.0003033590807118964 -1.345411335479691e-20
-0.0002488861736118174 -0.0004344907447632289 -1.677700493953453e-20
-0.0003327480204367787 -0.000539650174524875 -7.466469616269827e-21
-0.0004672519795632217 -0.0005396501745248749 7.466469616269859e-21
-0.0005511138263881827 -0.0004344907447632289 1.677700493953453e-20
-0.0005211838797825447 -0.0003033590807118964 1.345411335479692e-20
1 175 0 0
1 176 0 0
1 177 0 1
711
-0.001424213562373097 -0.001434213562373093 0
1 178 0 0
1 179 0 0
1 180 0 0
1 181 0 0
1 182 0 0
1 183 0 1
712
-0.001424213562373097 -0.001434213562373093 0.0015
1 184 0 0
1 185 0 6
713
714
715
716
717
718
-0.0003417151374784433 -0.00109629554926519 0.0015
-0.00063781889501371 -0.001028711798865362 0.0015
-0.0008752756718948466 -0.001218077259437855 0.0015
-0.0008752756718948466 -0.001521795876820145 0.0015
-0.0006378188950137103 -0.001711161337392638 0.0015
-0.0003417151374784433 -0.001643577586992811 0.0015
1 186 0 0
1 187 0 6
719
720
721
722
723
724
-0.0003417151374784433 -0.00109629554926519 0.00205
-0.00063781889501371 -0.001028711798865362 0.00205
-0.0008752756718948466 -0.001218077259437855 0.00205
-0.0008752756718948466 -0.001521795876820145 0.00205
-0.0006378188950137103 -0.001711161337392638 0.00205
-0.0003417151374784433 -0.001643577586992811 0.00205
1 188 0 6
725
726
727
728
729
730
-0.0008827252776297957 -0.00110647652972119 -5.000000000000013e-06
-0.0008537608131727264 -0.001233378140093447 -5.000000000000017e-06
-0.0009349174391323656 -0.001335145330185362 -5.000000000000008e-06
-0.001065082560867633 -0.001335145330185363 -4.999999999999993e-06
-0.001146239186827273 -0.001233378140093448 -4.999999999999984e-06
-0.001117274722370205 -0.00110647652972119 -4.999999999999988e-06
1 189 0 6
731
732
733
734
735
736
-0.0008827252776297957 -0.00110647652972119 -1.302010969819054e-20
-0.0008537608131727264 -0.001233378140093447 -1.623581123180762e-20
-0.0009349174391323656 -0.001335145330185362 -7.225615757680571e-21
-0.001065082560867633 -0.001335145330185363 7.225615757680401e-21
-0.001146239186827273 -0.001233378140093448 1.623581123180759e-20
-0.001117274722370205 -0.00110647652972119 1.302010969819058e-20
1 190 0 0
1 191 0 6
737
738
739
740
741
742
-0.0002827252776297957 -0.00150647652972119 -5.000000000000013e-06
-0.0002537608131727264 -0.001633378140093447 -5.000000000000017e-06
-0.0003349174391323657 -0.001735145330185363 -5.000000000000008e-06
-0.0004650825608676329 -0.001735145330185363 -4.999999999999993e-06
-0.0005462391868272734 -0.001633378140093448 -4.999999999999984e-06
-0.0005172747223702046 -0.00150647652972119 -4.999999999999988e-06
1 192 0 6
743
744
745
746
747
748
-0.0002827252776297957 -0.00150647652972119 -1.302010969819054e-20
-0.0002537608131727264 -0.001633378140093447 -1.623581123180762e-20
-0.0003349174391323657 -0.001735145330185363 -7.225615757680571e-21
-0.0004650825608676329 -0.001735145330185363 7.225615757680401e-21
-0.0005462391868272734 -0.001633378140093448 1.623581123180759e-20
-0.0005172747223702046 -0.00150647652972119 1.302010969819058e-20
1 193 0 0
1 194 0 6
749
750
751
752
753
754
-0.0002827252776297957 -0.00110647652972119 -5.000000000000013e-06
-0.0002537608131727264 -0.001233378140093447 -5.000000000000017e-06
-0.0003349174391323657 -0.001335145330185362 -5.000000000000008e-06
-0.0004650825608676329 -0.001335145330185363 -4.999999999999993e-06
-0.0005462391868272734 -0.001233378140093448 -4.999999999999984e-06
-0.0005172747223702046 -0.00110647652972119 -4.999999999999988e-06
1 195 0 6
755
756
757
758
759
760
-0.0002827252776297957 -0.00110647652972119 -1.302010969819054e-20
-0.0002537608131727264 -0.001233378140093447 -1.623581123180762e-20
-0.0003349174391323657 -0.001335145330185362 -7.225615757680571e-21
-0.0004650825608676329 -0.001335145330185363 7.225615757680401e-21
-0.0005462391868272734 -0.001233378140093448 1.623581123180759e-20
-0.0005172747223702046 -0.00110647652972119 1.302010969819058e-20
1 196 0 0
1 197 0 6
761
762
763
764
765
766
-0.001482725277629796 -0.0007064765297211899 -5.000000000000013e-06
-0.001453760813172726 -0.0008333781400934468 -5.000000000000017e-06
-0.001534917439132366 -0.0009351453301853626 -5.000000000000008e-06
-0.001665082560867633 -0.0009351453301853633 -4.999999999999993e-06
-0.001746239186827273 -0.0008333781400934478 -4.999999999999984e-06
-0.001717274722370205 -0.0007064765297211902 -4.999999999999988e-06
1 198 0 6
767
768
769
770
771
772
-0.001482725277629796 -0.0007064765297211899 -1.302010969819054e-20
-0.001453760813172726 -0.0008333781400934468 -1.623581123180762e-20
-0.001534917439132366 -0.0009351453301853626 -7.225615757680571e-21
-0.001665082560867633 -0.0009351453301853633 7.225615757680401e-21
-0.001746239186827273 -0.0008333781400934478 1.623581123180759e-20
-0.001717274722370205 -0.0007064765297211902 1.302010969819058e-20
1 199 0 0
1 200 0 6
773
774
775
776
777
778
-0.0008827252776297957 -0.0007064765297211899 -5.000000000000013e-06
-0.0008537608131727264 -0.0008333781400934468 -5.000000000000017e-06
-0.0009349174391323656 -0.0009351453301853626 -5.000000000000008e-06
-0.001065082560867633 -0.0009351453301853633 -4.999999999999993e-06
-0.001146239186827273 -0.0008333781400934478 -4.999999999999984e-06
-0.001117274722370205 -0.0007064765297211902 -4.999999999999988e-06
1 201 0 6
779
780
781
782
783
784
-0.0008827252776297957 -0.0007064765297211899 -1.302010969819054e-20
-0.0008537608131727264 -0.0008333781400934468 -1.623581123180762e-20
-0.0009349174391323656 -0.0009351453301853626 -7.225615757680571e-21
-0.001065082560867633 -0.0009351453301853633 7.225615757680401e-21
-0.001146239186827273 -0.0008333781400934478 1.623581123180759e-20
-0.001117274722370205 -0.0007064765297211902 1.302010969819058e-20
1 202 0 0
1 203 0 6
785
786
787
788
789
790
-0.001482725277629796 -0.0003064765297211898 -5.000000000000013e-06
-0.001453760813172726 -0.0004333781400934467 -5.000000000000017e-06
-0.001534917439132366 -0.0005351453301853626 -5.000000000000008e-06
-0.001665082560867633 -0.0005351453301853633 -4.999999999999993e-06
-0.001746239186827273 -0.0004333781400934477 -4.999999999999984e-06
-0.001717274722370205 -0.0003064765297211902 -4.999999999999988e-06
1 204 0 6
791
792
793
794
795
796
-0.001482725277629796 -0.0003064765297211898 -1.302010969819054e-20
-0.001453760813172726 -0.0004333781400934467 -1.623581123180762e-20
-0.001534917439132366 -0.0005351453301853626 -7.225615757680571e-21
-0.001665082560867633 -0.0005351453301853633 7.225615757680401e-21
-0.001746239186827273 -0.0004333781400934477 1.623581123180759e-20
-0.001717274722370205 -0.0003064765297211902 1.302010969819058e-20
1 205 0 0
1 206 0 6
797
798
799
800
801
802
-0.0008827252776297957 -0.0003064765297211898 -5.000000000000013e-06
-0.0008537608131727264 -0.0004333781400934467 -5.000000000000017e-06
-0.0009349174391323656 -0.0005351453301853626 -5.000000000000008e-06
-0.001065082560867633 -0.0005351453301853633 -4.999999999999993e-06
-0.001146239186827273 -0.0004333781400934477 -4.999999999999984e-06
-0.001117274722370205 -0.0003064765297211902 -4.999999999999988e-06
1 207 0 6
803
804
805
806
807
808
-0.0008827252776297957 -0.0003064765297211898 -1.302010969819054e-20
-0.0008537608131727264 -0.0004333781400934467 -1.623581123180762e-20
-0.0009349174391323656 -0.0005351453301853626 -7.225615757680571e-21
-0.001065082560867633 -0.0005351453301853633 7.225615757680401e-21
-0.001146239186827273 -0.0004333781400934477 1.623581123180759e-20
-0.001117274722370205 -0.0003064765297211902 1.302010969819058e-20
1 208 0 0
1 209 0 6
809
810
811
812
813
814
-0.0002827252776297957 -0.0007064765297211899 -5.000000000000013e-06
-0.0002537608131727264 -0.0008333781400934468 -5.000000000000017e-06
-0.0003349174391323657 -0.0009351453301853626 -5.000000000000008e-06
-0.0004650825608676329 -0.0009351453301853633 -4.999999999999993e-06
-0.0005462391868272734 -0.0008333781400934478 -4.999999999999984e-06
-0.0005172747223702046 -0.0007064765297211902 -4.999999999999988e-06
1 210 0 6
815
816
817
818
819
820
-0.0002827252776297957 -0.0007064765297211899 -1.302010969819054e-20
-0.0002537608131727264 -0.0008333781400934468 -1.623581123180762e-20
-0.0003349174391323657 -0.0009351453301853626 -7.225615757680571e-21
-0.0004650825608676329 -0.0009351453301853633 7.225615757680401e-21
-0.0005462391868272734 -0.0008333781400934478 1.623581123180759e-20
-0.0005172747223702046 -0.0007064765297211902 1.302010969819058e-20
1 211 0 0
1 212 0 6
821
822
823
824
825
826
-0.0002827252776297957 -0.0003064765297211898 -5.000000000000013e-06
-0.0002537608131727264 -0.0004333781400934467 -5.000000000000017e-06
-0.0003349174391323657 -0.0005351453301853626 -5.000000000000008e-06
-0.0004650825608676329 -0.0005351453301853633 -4.999999999999993e-06
-0.0005462391868272734 -0.0004333781400934477 -4.999999999999984e-06
-0.0005172747223702046 -0.0003064765297211902 -4.999999999999988e-06
1 213 0 6
827
828
829
830
831
832
-0.0002827252776297957 -0.0003064765297211898 -1.302010969819054e-20
-0.0002537608131727264 -0.0004333781400934467 -1.623581123180762e-20
-0.0003349174391323657 -0.0005351453301853626 -7.225615757680571e-21
-0.0004650825608676329 -0.0005351453301853633 7.225615757680401e-21
-0.0005462391868272734 -0.0004333781400934477 1.623581123180759e-20
-0.0005172747223702046 -0.0003064765297211902 1.302010969819058e-20
1 214 0 0
1 215 0 1
833
0.002003533968642796 2.504419417382415e-06 0.001503535533905933
1 216 0 1
834
0.001999998437499 -1.035533905932745e-06 0.001503535533905933
1 217 0 1
835
0.002003536180423521 -1.033323506275753e-06 0.0015
1 218 0 2
836
837
0.001001776420753831 0.001736798492290238 0.0015
-0.00100177642075384 0.001736798492290233 0.0015
1 219 0 1
838
-0.002003533968642796 2.504419417382415e-06 0.001503535533905933
1 220 0 2
839
840
0.0009992782251908615 0.001732467323980283 0.001505
-0.0009992782251908455 0.001732467323980292 0.001505
1 221 0 1
841
-4.084952670870386e-18 2.5e-06 0.001505
1 222 0 1
842
-0.001999998437499 -1.035533905932745e-06 0.001503535533905933
1 223 0 0
1 224 0 0
1 225 0 0
1 226 0 1
843
0.002003536180423521 -1.033323506275753e-06 0
1 227 0 0
1 228 0 2
844
845
0.001001776420753831 0.001736798492290238 0
-0.00100177642075384 0.001736798492290233 0
1 229 0 1
846
-0.002003536180423521 -1.033323506275753e-06 0.0015
1 230 0 0
1 231 0 0
1 232 0 1
847
0.002003533968642796 2.504419417382415e-06 -3.535533905932732e-06
1 233 0 1
848
0.001999998437499 -1.03553390593273e-06 -3.535533905932745e-06
1 234 0 1
849
-0.002003536180423521 -1.033323506275753e-06 0
1 235 0 2
850
851
0.0009992782251908615 0.001732467323980283 -5e-06
-0.0009992782251908455 0.001732467323980292 -5e-06
1 236 0 1
852
-0.002003533968642796 2.504419417382415e-06 -3.535533905932732e-06
1 237 0 1
853
-0.001999998437499 -1.03553390593273e-06 -3.535533905932745e-06
1 238 0 1
854
-4.084952670870386e-18 2.5e-06 -5e-06
1 239 0 6
855
856
857
858
859
860
-0.001478816120217415 0.000303359080711947 -4.999999999999799e-06
-0.001448886173611831 0.0004344907447632918 -4.999999999999817e-06
-0.001532748020436836 0.0005396501745249035 -4.999999999999819e-06
-0.001667251979563279 0.0005396501745248477 -4.999999999999804e-06
-0.001751113826388196 0.0004344907447631669 -4.999999999999784e-06
-0.001721183879782504 0.0003033590807118468 -4.999999999999772e-06
1 240 0 6
861
862
863
864
865
866
-0.0008788161202174148 0.000303359080711947 -4.999999999999799e-06
-0.0008488861736118309 0.0004344907447632918 -4.999999999999817e-06
-0.0009327480204368357 0.0005396501745249035 -4.999999999999819e-06
-0.001067251979563279 0.0005396501745248477 -4.999999999999804e-06
-0.001151113826388196 0.0004344907447631669 -4.999999999999784e-06
-0.001121183879782504 0.0003033590807118468 -4.999999999999772e-06
1 241 0 6
867
868
869
870
871
872
-0.0002788161202174548 0.0003033590807118969 -4.999999999999799e-06
-0.0002488861736118168 0.0004344907447632294 -4.999999999999817e-06
-0.0003327480204367781 0.0005396501745248756 -4.999999999999819e-06
-0.0004672519795632211 0.0005396501745248755 -4.999999999999804e-06
-0.0005511138263881821 0.0004344907447632295 -4.999999999999784e-06
-0.0005211838797825442 0.000303359080711897 -4.999999999999772e-06
1 242 0 6
873
874
875
876
877
878
-0.001478816120217455 0.0007033590807118964 -4.99999999999981e-06
-0.001448886173611817 0.000834490744763229 -4.999999999999813e-06
-0.001532748020436778 0.0009396501745248751 -4.999999999999804e-06
-0.001667251979563221 0.000939650174524875 -4.999999999999789e-06
-0.001751113826388182 0.000834490744763229 -4.999999999999779e-06
-0.001721183879782544 0.0007033590807118964 -4.999999999999783e-06
1 243 0 6
879
880
881
882
883
884
-0.0008788161202174547 0.0007033590807118964 -4.99999999999981e-06
-0.0008488861736118167 0.000834490744763229 -4.999999999999813e-06
-0.000932748020436778 0.0009396501745248751 -4.999999999999804e-06
-0.001067251979563221 0.000939650174524875 -4.999999999999789e-06
-0.001151113826388182 0.000834490744763229 -4.999999999999779e-06
-0.001121183879782544 0.0007033590807118964 -4.999999999999783e-06
1 244 0 6
885
886
887
888
889
890
-0.0002788161202174547 0.0007033590807118964 -4.99999999999981e-06
-0.0002488861736118167 0.000834490744763229 -4.999999999999813e-06
-0.000332748020436778 0.0009396501745248751 -4.999999999999804e-06
-0.000467251979563221 0.000939650174524875 -4.999999999999789e-06
-0.0005511138263881821 0.000834490744763229 -4.999999999999779e-06
-0.0005211838797825441 0.0007033590807118964 -4.999999999999783e-06
1 245 0 6
891
892
893
894
895
896
0.0005211838797825453 0.0003033590807118969 -4.999999999999799e-06
0.0005511138263881831 0.0004344907447632294 -4.999999999999817e-06
0.0004672519795632219 0.0005396501745248756 -4.999999999999819e-06
0.000332748020436779 0.0005396501745248755 -4.999999999999804e-06
0.0002488861736118179 0.0004344907447632295 -4.999999999999784e-06
0.0002788161202174558 0.000303359080711897 -4.999999999999772e-06
1 246 0 6
897
898
899
900
901
902
0.001121183879782585 0.000303359080711947 -4.999999999999799e-06
0.001151113826388169 0.0004344907447632918 -4.999999999999817e-06
0.001067251979563164 0.0005396501745249035 -4.999999999999819e-06
0.0009327480204367214 0.0005396501745248477 -4.999999999999804e-06
0.0008488861736118038 0.0004344907447631669 -4.999999999999784e-06
0.0008788161202174959 0.0003033590807118468 -4.999999999999772e-06
1 247 0 6
903
904
905
906
907
908
0.001721183879782585 0.000303359080711947 -4.999999999999799e-06
0.001751113826388169 0.0004344907447632918 -4.999999999999817e-06
0.001667251979563164 0.0005396501745249035 -4.999999999999819e-06
0.001532748020436722 0.0005396501745248477 -4.999999999999804e-06
0.001448886173611804 0.0004344907447631669 -4.999999999999784e-06
0.001478816120217496 0.0003033590807118468 -4.999999999999772e-06
1 248 0 6
909
910
911
912
913
914
0.0005211838797825454 0.0007033590807118964 -4.99999999999981e-06
0.0005511138263881834 0.000834490744763229 -4.999999999999813e-06
0.000467251979563222 0.0009396501745248751 -4.999999999999804e-06
0.0003327480204367791 0.000939650174524875 -4.999999999999789e-06
0.000248886173611818 0.000834490744763229 -4.999999999999779e-06
0.0002788161202174559 0.0007033590807118964 -4.999999999999783e-06
1 249 0 6
915
916
917
918
919
920
0.001121183879782545 0.0007033590807118964 -4.99999999999981e-06
0.001151113826388183 0.000834490744763229 -4.999999999999813e-06
0.001067251979563222 0.0009396501745248751 -4.999999999999804e-06
0.0009327480204367791 0.000939650174524875 -4.999999999999789e-06
0.000848886173611818 0.000834490744763229 -4.999999999999779e-06
0.0008788161202174559 0.0007033590807118964 -4.999999999999783e-06
1 250 0 6
921
922
923
924
925
926
0.001721183879782545 0.0007033590807118964 -4.99999999999981e-06
0.001751113826388183 0.000834490744763229 -4.999999999999813e-06
0.001667251979563222 0.0009396501745248751 -4.999999999999804e-06
0.001532748020436779 0.000939650174524875 -4.999999999999789e-06
0.001448886173611818 0.000834490744763229 -4.999999999999779e-06
0.001478816120217456 0.0007033590807118964 -4.999999999999783e-06
1 251 0 6
927
928
929
930
931
932
-0.0008788161202174547 0.001103359080711896 -4.99999999999981e-06
-0.0008488861736118167 0.001234490744763229 -4.999999999999813e-06
-0.000932748020436778 0.001339650174524875 -4.999999999999804e-06
-0.001067251979563221 0.001339650174524875 -4.999999999999789e-06
-0.001151113826388182 0.001234490744763229 -4.999999999999779e-06
-0.001121183879782544 0.001103359080711896 -4.999999999999783e-06
1 252 0 6
933
934
935
936
937
938
-0.0002788161202174546 0.001103359080711896 -4.99999999999981e-06
-0.0002488861736118166 0.001234490744763229 -4.999999999999813e-06
-0.0003327480204367779 0.001339650174524875 -4.999999999999804e-06
-0.0004672519795632209 0.001339650174524875 -4.999999999999789e-06
-0.0005511138263881818 0.001234490744763229 -4.999999999999779e-06
-0.0005211838797825439 0.001103359080711896 -4.999999999999783e-06
1 253 0 6
939
940
941
942
943
944
-0.0002788161202174545 0.001503359080711896 -4.99999999999981e-06
-0.0002488861736118166 0.001634490744763229 -4.999999999999813e-06
-0.0003327480204367779 0.001739650174524875 -4.999999999999804e-06
-0.0004672519795632208 0.001739650174524875 -4.999999999999789e-06
-0.0005511138263881818 0.001634490744763229 -4.999999999999779e-06
-0.0005211838797825439 0.001503359080711896 -4.999999999999783e-06
1 254 0 6
945
946
947
948
949
950
0.0005211838797825455 0.001103359080711896 -4.99999999999981e-06
0.0005511138263881834 0.001234490744763229 -4.999999999999813e-06
0.0004672519795632221 0.001339650174524875 -4.999999999999804e-06
0.0003327480204367792 0.001339650174524875 -4.999999999999789e-06
0.0002488861736118181 0.001234490744763229 -4.999999999999779e-06
0.000278816120217456 0.001103359080711896 -4.999999999999783e-06
1 255 0 6
951
952
953
954
955
956
0.001121183879782545 0.001103359080711896 -4.99999999999981e-06
0.001151113826388183 0.001234490744763229 -4.999999999999813e-06
0.001067251979563222 0.001339650174524875 -4.999999999999804e-06
0.0009327480204367791 0.001339650174524875 -4.999999999999789e-06
0.000848886173611818 0.001234490744763229 -4.999999999999779e-06
0.0008788161202174559 0.001103359080711896 -4.999999999999783e-06
1 256 0 6
957
958
959
960
961
962
0.0005211838797825455 0.001503359080711896 -4.99999999999981e-06
0.0005511138263881835 0.001634490744763229 -4.999999999999813e-06
0.0004672519795632222 0.001739650174524875 -4.999999999999804e-06
0.0003327480204367792 0.001739650174524875 -4.999999999999789e-06
0.0002488861736118182 0.001634490744763229 -4.999999999999779e-06
0.0002788161202174561 0.001503359080711896 -4.999999999999783e-06
1 257 0 0
1 258 0 6
963
964
965
966
967
968
-0.001478816120217455 0.0003033590807118964 -2.724815983339022e-21
-0.001448886173611818 0.0004344907447632289 -2.060624683679461e-20
-0.001532748020436779 0.000539650174524875 -2.297075353131142e-20
-0.001667251979563222 0.0005396501745248749 -8.037814298771718e-21
-0.001751113826388183 0.0004344907447632289 1.294776304227444e-20
-0.001721183879782545 0.0003033590807118965 2.41834107262548e-20
1 259 0 0
1 260 0 6
969
970
971
972
973
974
-0.0008788161202174554 0.0003033590807118964 -2.724815983339022e-21
-0.0008488861736118174 0.0004344907447632289 -2.060624683679461e-20
-0.0009327480204367786 0.000539650174524875 -2.297075353131142e-20
-0.001067251979563222 0.0005396501745248749 -8.037814298771718e-21
-0.001151113826388183 0.0004344907447632289 1.294776304227444e-20
-0.001121183879782545 0.0003033590807118965 2.41834107262548e-20
1 261 0 0
1 262 0 6
975
976
977
978
979
980
-0.0002788161202174553 0.0003033590807118964 -2.724815983339022e-21
-0.0002488861736118174 0.0004344907447632289 -2.060624683679461e-20
-0.0003327480204367787 0.000539650174524875 -2.297075353131142e-20
-0.0004672519795632216 0.0005396501745248749 -8.037814298771718e-21
-0.0005511138263881827 0.0004344907447632289 1.294776304227444e-20
-0.0005211838797825447 0.0003033590807118965 2.41834107262548e-20
1 263 0 0
1 264 0 6
981
982
983
984
985
986
-0.001478816120217455 0.0007033590807118964 -1.345411335479691e-20
-0.001448886173611818 0.000834490744763229 -1.677700493953453e-20
-0.001532748020436779 0.0009396501745248751 -7.466469616269827e-21
-0.001667251979563222 0.000939650174524875 7.466469616269859e-21
-0.001751113826388183 0.000834490744763229 1.677700493953453e-20
-0.001721183879782545 0.0007033590807118964 1.345411335479692e-20
1 265 0 0
1 266 0 6
987
988
989
990
991
992
-0.0008788161202174554 0.0007033590807118964 -1.345411335479691e-20
-0.0008488861736118174 0.000834490744763229 -1.677700493953453e-20
-0.0009327480204367786 0.0009396501745248751 -7.466469616269827e-21
-0.001067251979563222 0.000939650174524875 7.466469616269859e-21
-0.001151113826388183 0.000834490744763229 1.677700493953453e-20
-0.001121183879782545 0.0007033590807118964 1.345411335479692e-20
1 267 0 0
1 268 0 6
993
994
995
996
997
998
-0.0002788161202174553 0.0007033590807118964 -1.345411335479691e-20
-0.0002488861736118174 0.000834490744763229 -1.677700493953453e-20
-0.0003327480204367787 0.0009396501745248751 -7.466469616269827e-21
-0.0004672519795632216 0.000939650174524875 7.466469616269859e-21
-0.0005511138263881827 0.000834490744763229 1.677700493953453e-20
-0.0005211838797825447 0.0007033590807118964 1.345411335479692e-20
1 269 0 0
1 270 0 6
999
1000
1001
1002
1003
1004
0.0005211838797825447 0.0003033590807118964 -2.724815983339022e-21
0.0005511138263881827 0.0004344907447632289 -2.060624683679461e-20
0.0004672519795632214 0.000539650174524875 -2.297075353131142e-20
0.0003327480204367784 0.0005396501745248749 -8.037814298771718e-21
0.0002488861736118174 0.0004344907447632289 1.294776304227444e-20
0.0002788161202174553 0.0003033590807118965 2.41834107262548e-20
1 271 0 0
1 272 0 6
1005
1006
1007
1008
1009
1010
0.001121183879782545 0.0003033590807118964 -2.724815983339022e-21
0.001151113826388183 0.0004344907447632289 -2.060624683679461e-20
0.001067251979563221 0.000539650174524875 -2.297075353131142e-20
0.0009327480204367784 0.0005396501745248749 -8.037814298771718e-21
0.0008488861736118174 0.0004344907447632289 1.294776304227444e-20
0.0008788161202174553 0.0003033590807118965 2.41834107262548e-20
1 273 0 0
1 274 0 6
1011
1012
1013
1014
1015
1016
0.001721183879782545 0.0003033590807118964 -2.724815983339022e-21
0.001751113826388183 0.0004344907447632289 -2.060624683679461e-20
0.001667251979563221 0.000539650174524875 -2.297075353131142e-20
0.001532748020436779 0.0005396501745248749 -8.037814298771718e-21
0.001448886173611818 0.0004344907447632289 1.294776304227444e-20
0.001478816120217455 0.0003033590807118965 2.41834107262548e-20
1 275 0 0
1 276 0 6
1017
1018
1019
1020
1021
1022
0.0005211838797825447 0.0007033590807118964 -1.345411335479691e-20
0.0005511138263881827 0.000834490744763229 -1.677700493953453e-20
0.0004672519795632214 0.0009396501745248751 -7.466469616269827e-21
0.0003327480204367784 0.000939650174524875 7.466469616269859e-21
0.0002488861736118174 0.000834490744763229 1.677700493953453e-20
0.0002788161202174553 0.0007033590807118964 1.345411335479692e-20
1 277 0 0
1 278 0 6
1023
1024
1025
1026
1027
1028
0.001121183879782545 0.0007033590807118964 -1.345411335479691e-20
0.001151113826388183 0.000834490744763229 -1.677700493953453e-20
0.001067251979563221 0.0009396501745248751 -7.466469616269827e-21
0.0009327480204367784 0.000939650174524875 7.466469616269859e-21
0.0008488861736118174 0.000834490744763229 1.677700493953453e-20
0.0008788161202174553 0.0007033590807118964 1.345411335479692e-20
1 279 0 0
1 280 0 6
1029
1030
1031
1032
1033
1034
0.001721183879782545 0.0007033590807118964 -1.345411335479691e-20
0.001751113826388183 0.000834490744763229 -1.677700493953453e-20
0.001667251979563221 0.0009396501745248751 -7.466469616269827e-21
0.001532748020436779 0.000939650174524875 7.466469616269859e-21
0.001448886173611818 0.000834490744763229 1.677700493953453e-20
0.001478816120217455 0.0007033590807118964 1.345411335479692e-20
1 281 0 0
1 282 0 6
1035
1036
1037
1038
1039
1040
-0.0008788161202174554 0.001103359080711896 -1.345411335479691e-20
-0.0008488861736118174 0.001234490744763229 -1.677700493953453e-20
-0.0009327480204367786 0.001339650174524875 -7.466469616269827e-21
-0.001067251979563222 0.001339650174524875 7.466469616269859e-21
-0.001151113826388183 0.001234490744763229 1.677700493953453e-20
-0.001121183879782545 0.001103359080711896 1.345411335479692e-20
1 283 0 0
1 284 0 6
1041
1042
1043
1044
1045
1046
-0.0002788161202174553 0.001103359080711896 -1.345411335479691e-20
-0.0002488861736118174 0.001234490744763229 -1.677700493953453e-20
-0.0003327480204367787 0.001339650174524875 -7.466469616269827e-21
-0.0004672519795632216 0.001339650174524875 7.466469616269859e-21
-0.0005511138263881827 0.001234490744763229 1.677700493953453e-20
-0.0005211838797825447 0.001103359080711896 1.345411335479692e-20
1 285 0 0
1 286 0 6
1047
1048
1049
1050
1051
1052
-0.0002788161202174553 0.001503359080711896 -1.345411335479691e-20
-0.0002488861736118174 0.001634490744763229 -1.677700493953453e-20
-0.0003327480204367787 0.001739650174524875 -7.466469616269827e-21
-0.0004672519795632216 0.001739650174524875 7.466469616269859e-21
-0.0005511138263881827 0.001634490744763229 1.677700493953453e-20
-0.0005211838797825447 0.001503359080711896 1.345411335479692e-20
1 287 0 0
1 288 0 6
1053
1054
1055
1056
1057
1058
0.0005211838797825447 0.001103359080711896 -1.345411335479691e-20
0.0005511138263881827 0.001234490744763229 -1.677700493953453e-20
0.0004672519795632214 0.001339650174524875 -7.466469616269827e-21
0.0003327480204367784 0.001339650174524875 7.466469616269859e-21
0.0002488861736118174 0.001234490744763229 1.677700493953453e-20
0.0002788161202174553 0.001103359080711896 1.345411335479692e-20
1 289 0 0
1 290 0 6
1059
1060
1061
1062
1063
1064
0.001121183879782545 0.001103359080711896 -1.345411335479691e-20
0.001151113826388183 0.001234490744763229 -1.677700493953453e-20
0.001067251979563221 0.001339650174524875 -7.466469616269827e-21
0.0009327480204367784 0.001339650174524875 7.466469616269859e-21
0.0008488861736118174 0.001234490744763229 1.677700493953453e-20
0.0008788161202174553 0.001103359080711896 1.345411335479692e-20
1 291 0 0
1 292 0 6
1065
1066
1067
1068
1069
1070
0.0005211838797825447 0.001503359080711896 -1.345411335479691e-20
0.0005511138263881827 0.001634490744763229 -1.677700493953453e-20
0.0004672519795632214 0.001739650174524875 -7.466469616269827e-21
0.0003327480204367784 0.001739650174524875 7.466469616269859e-21
0.0002488861736118174 0.001634490744763229 1.677700493953453e-20
0.0002788161202174553 0.001503359080711896 1.345411335479692e-20
1 293 0 1
1071
-4.084952670870386e-18 2.5e-06 0
1 294 0 2
1072
1073
0.0009992782251908615 0.001732467323980283 0
-0.0009992782251908455 0.001732467323980292 0
1 295 0 0
1 296 0 1
1074
-4.084952670870386e-18 2.5e-06 0.0015
1 297 0 0
1 298 0 2
1075
1076
0.0009992782251908615 0.001732467323980283 0.0015
-0.0009992782251908455 0.001732467323980292 0.0015
1 299 0 6
1077
1078
1079
1080
1081
1082
-0.001482725277629796 0.0003064765297211898 -5.000000000000003e-06
-0.001453760813172726 0.0004333781400934467 -5.000000000000021e-06
-0.001534917439132366 0.0005351453301853626 -5.000000000000022e-06
-0.001665082560867633 0.0005351453301853633 -5.000000000000008e-06
-0.001746239186827273 0.0004333781400934477 -4.999999999999988e-06
-0.001717274722370205 0.0003064765297211902 -4.999999999999977e-06
1 300 0 0
1 301 0 6
1083
1084
1085
1086
1087
1088
-0.001482725277629796 0.0003064765297211898 -2.636918693553845e-21
-0.001453760813172726 0.0004333781400934467 -1.994152919689796e-20
-0.001534917439132366 0.0005351453301853626 -2.222976148191432e-20
-0.001665082560867633 0.0005351453301853633 -7.778529966553434e-21
-0.001746239186827273 0.0004333781400934477 1.253009326671714e-20
-0.001717274722370205 0.0003064765297211902 2.340330070282722e-20
1 302 0 6
1089
1090
1091
1092
1093
1094
-0.0008827252776297957 0.0003064765297211898 -5.000000000000003e-06
-0.0008537608131727264 0.0004333781400934467 -5.000000000000021e-06
-0.0009349174391323656 0.0005351453301853626 -5.000000000000022e-06
-0.001065082560867633 0.0005351453301853633 -5.000000000000008e-06
-0.001146239186827273 0.0004333781400934477 -4.999999999999988e-06
-0.001117274722370205 0.0003064765297211902 -4.999999999999977e-06
1 303 0 0
1 304 0 6
1095
1096
1097
1098
1099
1100
-0.0008827252776297957 0.0003064765297211898 -2.636918693553845e-21
-0.0008537608131727264 0.0004333781400934467 -1.994152919689796e-20
-0.0009349174391323656 0.0005351453301853626 -2.222976148191432e-20
-0.001065082560867633 0.0005351453301853633 -7.778529966553434e-21
-0.001146239186827273 0.0004333781400934477 1.253009326671714e-20
-0.001117274722370205 0.0003064765297211902 2.340330070282722e-20
1 305 0 6
1101
1102
1103
1104
1105
1106
-0.0002827252776297957 0.0003064765297211898 -5.000000000000003e-06
-0.0002537608131727264 0.0004333781400934467 -5.000000000000021e-06
-0.0003349174391323656 0.0005351453301853626 -5.000000000000022e-06
-0.0004650825608676328 0.0005351453301853633 -5.000000000000008e-06
-0.0005462391868272734 0.0004333781400934477 -4.999999999999988e-06
-0.0005172747223702046 0.0003064765297211902 -4.999999999999977e-06
1 306 0 0
1 307 0 6
1107
1108
1109
1110
1111
1112
-0.0002827252776297957 0.0003064765297211898 -2.636918693553845e-21
-0.0002537608131727264 0.0004333781400934467 -1.994152919689796e-20
-0.0003349174391323656 0.0005351453301853626 -2.222976148191432e-20
-0.0004650825608676328 0.0005351453301853633 -7.778529966553434e-21
-0.0005462391868272734 0.0004333781400934477 1.253009326671714e-20
-0.0005172747223702046 0.0003064765297211902 2.340330070282722e-20
1 308 0 6
1113
1114
1115
1116
1117
1118
-0.001482725277629796 0.0007064765297211898 -5.000000000000013e-06
-0.001453760813172726 0.0008333781400934467 -5.000000000000017e-06
-0.001534917439132366 0.0009351453301853626 -5.000000000000008e-06
-0.001665082560867633 0.0009351453301853633 -4.999999999999993e-06
-0.001746239186827273 0.0008333781400934478 -4.999999999999984e-06
-0.001717274722370205 0.0007064765297211902 -4.999999999999988e-06
1 309 0 0
1 310 0 6
1119
1120
1121
1122
1123
1124
-0.001482725277629796 0.0007064765297211898 -1.302010969819054e-20
-0.001453760813172726 0.0008333781400934467 -1.623581123180762e-20
-0.001534917439132366 0.0009351453301853626 -7.225615757680571e-21
-0.001665082560867633 0.0009351453301853633 7.225615757680401e-21
-0.001746239186827273 0.0008333781400934478 1.623581123180759e-20
-0.001717274722370205 0.0007064765297211902 1.302010969819058e-20
1 311 0 6
1125
1126
1127
1128
1129
1130
-0.0008827252776297957 0.0007064765297211898 -5.000000000000013e-06
-0.0008537608131727264 0.0008333781400934467 -5.000000000000017e-06
-0.0009349174391323656 0.0009351453301853626 -5.000000000000008e-06
-0.001065082560867633 0.0009351453301853633 -4.999999999999993e-06
-0.001146239186827273 0.0008333781400934478 -4.999999999999984e-06
-0.001117274722370205 0.0007064765297211902 -4.999999999999988e-06
1 312 0 0
1 313 0 6
1131
1132
1133
1134
1135
1136
-0.0008827252776297957 0.0007064765297211898 -1.302010969819054e-20
-0.0008537608131727264 0.0008333781400934467 -1.623581123180762e-20
-0.0009349174391323656 0.0009351453301853626 -7.225615757680571e-21
-0.001065082560867633 0.0009351453301853633 7.225615757680401e-21
-0.001146239186827273 0.0008333781400934478 1.623581123180759e-20
-0.001117274722370205 0.0007064765297211902 1.302010969819058e-20
1 314 0 6
1137
1138
1139
1140
1141
1142
-0.0002827252776297957 0.0007064765297211898 -5.000000000000013e-06
-0.0002537608131727264 0.0008333781400934467 -5.000000000000017e-06
-0.0003349174391323656 0.0009351453301853626 -5.000000000000008e-06
-0.0004650825608676328 0.0009351453301853633 -4.999999999999993e-06
-0.0005462391868272734 0.0008333781400934478 -4.999999999999984e-06
-0.0005172747223702046 0.0007064765297211902 -4.999999999999988e-06
1 315 0 0
1 316 0 6
1143
1144
1145
1146
1147
1148
-0.0002827252776297957 0.0007064765297211898 -1.302010969819054e-20
-0.0002537608131727264 0.0008333781400934467 -1.623581123180762e-20
-0.0003349174391323656 0.0009351453301853626 -7.225615757680571e-21
-0.0004650825608676328 0.0009351453301853633 7.225615757680401e-21
-0.0005462391868272734 0.0008333781400934478 1.623581123180759e-20
-0.0005172747223702046 0.0007064765297211902 1.302010969819058e-20
1 317 0 6
1149
1150
1151
1152
1153
1154
0.0005172747223702043 0.0003064765297211898 -5.000000000000003e-06
0.0005462391868272737 0.0004333781400934467 -5.000000000000021e-06
0.0004650825608676344 0.0005351453301853626 -5.000000000000022e-06
0.0003349174391323672 0.0005351453301853633 -5.000000000000008e-06
0.0002537608131727266 0.0004333781400934477 -4.999999999999988e-06
0.0002827252776297953 0.0003064765297211902 -4.999999999999977e-06
1 318 0 0
1 319 0 6
1155
1156
1157
1158
1159
1160
0.0005172747223702043 0.0003064765297211898 -2.636918693553845e-21
0.0005462391868272737 0.0004333781400934467 -1.994152919689796e-20
0.0004650825608676344 0.0005351453301853626 -2.222976148191432e-20
0.0003349174391323672 0.0005351453301853633 -7.778529966553434e-21
0.0002537608131727266 0.0004333781400934477 1.253009326671714e-20
0.0002827252776297953 0.0003064765297211902 2.340330070282722e-20
1 320 0 6
1161
1162
1163
1164
1165
1166
0.001117274722370204 0.0003064765297211898 -5.000000000000003e-06
0.001146239186827274 0.0004333781400934467 -5.000000000000021e-06
0.001065082560867634 0.0005351453301853626 -5.000000000000022e-06
0.0009349174391323671 0.0005351453301853633 -5.000000000000008e-06
0.0008537608131727266 0.0004333781400934477 -4.999999999999988e-06
0.0008827252776297953 0.0003064765297211902 -4.999999999999977e-06
1 321 0 0
1 322 0 6
1167
1168
1169
1170
1171
1172
0.001117274722370204 0.0003064765297211898 -2.636918693553845e-21
0.001146239186827274 0.0004333781400934467 -1.994152919689796e-20
0.001065082560867634 0.0005351453301853626 -2.222976148191432e-20
0.0009349174391323671 0.0005351453301853633 -7.778529966553434e-21
0.0008537608131727266 0.0004333781400934477 1.253009326671714e-20
0.0008827252776297953 0.0003064765297211902 2.340330070282722e-20
1 323 0 6
1173
1174
1175
1176
1177
1178
0.001717274722370204 0.0003064765297211898 -5.000000000000003e-06
0.001746239186827274 0.0004333781400934467 -5.000000000000021e-06
0.001665082560867634 0.0005351453301853626 -5.000000000000022e-06
0.001534917439132367 0.0005351453301853633 -5.000000000000008e-06
0.001453760813172727 0.0004333781400934477 -4.999999999999988e-06
0.001482725277629796 0.0003064765297211902 -4.999999999999977e-06
1 324 0 0
1 325 0 6
1179
1180
1181
1182
1183
1184
0.001717274722370204 0.0003064765297211898 -2.636918693553845e-21
0.001746239186827274 0.0004333781400934467 -1.994152919689796e-20
0.001665082560867634 0.0005351453301853626 -2.222976148191432e-20
0.001534917439132367 0.0005351453301853633 -7.778529966553434e-21
0.001453760813172727 0.0004333781400934477 1.253009326671714e-20
0.001482725277629796 0.0003064765297211902 2.340330070282722e-20
1 326 0 6
1185
1186
1187
1188
1189
1190
0.0005172747223702043 0.0007064765297211898 -5.000000000000013e-06
0.0005462391868272737 0.0008333781400934467 -5.000000000000017e-06
0.0004650825608676344 0.0009351453301853626 -5.000000000000008e-06
0.0003349174391323672 0.0009351453301853633 -4.999999999999993e-06
0.0002537608131727266 0.0008333781400934478 -4.999999999999984e-06
0.0002827252776297953 0.0007064765297211902 -4.999999999999988e-06
1 327 0 0
1 328 0 6
1191
1192
1193
1194
1195
1196
0.0005172747223702043 0.0007064765297211898 -1.302010969819054e-20
0.0005462391868272737 0.0008333781400934467 -1.623581123180762e-20
0.0004650825608676344 0.0009351453301853626 -7.225615757680571e-21
0.0003349174391323672 0.0009351453301853633 7.225615757680401e-21
0.0002537608131727266 0.0008333781400934478 1.623581123180759e-20
0.0002827252776297953 0.0007064765297211902 1.302010969819058e-20
1 329 0 6
1197
1198
1199
1200
1201
1202
0.001117274722370204 0.0007064765297211898 -5.000000000000013e-06
0.001146239186827274 0.0008333781400934467 -5.000000000000017e-06
0.001065082560867634 0.0009351453301853626 -5.000000000000008e-06
0.0009349174391323671 0.0009351453301853633 -4.999999999999993e-06
0.0008537608131727266 0.0008333781400934478 -4.999999999999984e-06
0.0008827252776297953 0.0007064765297211902 -4.999999999999988e-06
1 330 0 0
1 331 0 6
1203
1204
1205
1206
1207
1208
0.001117274722370204 0.0007064765297211898 -1.302010969819054e-20
0.001146239186827274 0.0008333781400934467 -1.623581123180762e-20
0.001065082560867634 0.0009351453301853626 -7.225615757680571e-21
0.0009349174391323671 0.0009351453301853633 7.225615757680401e-21
0.0008537608131727266 0.0008333781400934478 1.623581123180759e-20
0.0008827252776297953 0.0007064765297211902 1.302010969819058e-20
1 332 0 6
1209
1210
1211
1212
1213
1214
0.001717274722370204 0.0007064765297211898 -5.000000000000013e-06
0.001746239186827274 0.0008333781400934467 -5.000000000000017e-06
0.001665082560867634 0.0009351453301853626 -5.000000000000008e-06
0.001534917439132367 0.0009351453301853633 -4.999999999999993e-06
0.001453760813172727 0.0008333781400934478 -4.999999999999984e-06
0.001482725277629796 0.0007064765297211902 -4.999999999999988e-06
1 333 0 0
1 334 0 6
1215
1216
1217
1218
1219
1220
0.001717274722370204 0.0007064765297211898 -1.302010969819054e-20
0.001746239186827274 0.0008333781400934467 -1.623581123180762e-20
0.001665082560867634 0.0009351453301853626 -7.225615757680571e-21
0.001534917439132367 0.0009351453301853633 7.225615757680401e-21
0.001453760813172727 0.0008333781400934478 1.623581123180759e-20
0.001482725277629796 0.0007064765297211902 1.302010969819058e-20
1 335 0 6
1221
1222
1223
1224
1225
1226
-0.0008827252776297957 0.00110647652972119 -5.000000000000013e-06
-0.0008537608131727264 0.001233378140093447 -5.000000000000017e-06
-0.0009349174391323656 0.001335145330185362 -5.000000000000008e-06
-0.001065082560867633 0.001335145330185363 -4.999999999999993e-06
-0.001146239186827273 0.001233378140093448 -4.999999999999984e-06
-0.001117274722370205 0.00110647652972119 -4.999999999999988e-06
1 336 0 0
1 337 0 6
1227
1228
1229
1230
1231
1232
-0.0008827252776297957 0.00110647652972119 -1.302010969819054e-20
-0.0008537608131727264 0.001233378140093447 -1.623581123180762e-20
-0.0009349174391323656 0.001335145330185362 -7.225615757680571e-21
-0.001065082560867633 0.001335145330185363 7.225615757680401e-21
-0.001146239186827273 0.001233378140093448 1.623581123180759e-20
-0.001117274722370205 0.00110647652972119 1.302010969819058e-20
1 338 0 6
1233
1234
1235
1236
1237
1238
-0.0002827252776297957 0.00110647652972119 -5.000000000000013e-06
-0.0002537608131727264 0.001233378140093447 -5.000000000000017e-06
-0.0003349174391323656 0.001335145330185362 -5.000000000000008e-06
-0.0004650825608676328 0.001335145330185363 -4.999999999999993e-06
-0.0005462391868272734 0.001233378140093448 -4.999999999999984e-06
-0.0005172747223702046 0.00110647652972119 -4.999999999999988e-06
1 339 0 0
1 340 0 6
1239
1240
1241
1242
1243
1244
-0.0002827252776297957 0.00110647652972119 -1.302010969819054e-20
-0.0002537608131727264 0.001233378140093447 -1.623581123180762e-20
-0.0003349174391323656 0.001335145330185362 -7.225615757680571e-21
-0.0004650825608676328 0.001335145330185363 7.225615757680401e-21
-0.0005462391868272734 0.001233378140093448 1.623581123180759e-20
-0.0005172747223702046 0.00110647652972119 1.302010969819058e-20
1 341 0 6
1245
1246
1247
1248
1249
1250
-0.0002827252776297957 0.00150647652972119 -5.000000000000013e-06
-0.0002537608131727264 0.001633378140093447 -5.000000000000017e-06
-0.0003349174391323656 0.001735145330185363 -5.000000000000008e-06
-0.0004650825608676328 0.001735145330185363 -4.999999999999993e-06
-0.0005462391868272734 0.001633378140093448 -4.999999999999984e-06
-0.0005172747223702046 0.00150647652972119 -4.999999999999988e-06
1 342 0 0
1 343 0 6
1251
1252
1253
1254
1255
1256
-0.0002827252776297957 0.00150647652972119 -1.302010969819054e-20
-0.0002537608131727264 0.001633378140093447 -1.623581123180762e-20
-0.0003349174391323656 0.001735145330185363 -7.225615757680571e-21
-0.0004650825608676328 0.001735145330185363 7.225615757680401e-21
-0.0005462391868272734 0.001633378140093448 1.623581123180759e-20
-0.0005172747223702046 0.00150647652972119 1.302010969819058e-20
1 344 0 6
1257
1258
1259
1260
1261
1262
0.0005172747223702043 0.00110647652972119 -5.000000000000013e-06
0.0005462391868272737 0.001233378140093447 -5.000000000000017e-06
0.0004650825608676344 0.001335145330185362 -5.000000000000008e-06
0.0003349174391323672 0.001335145330185363 -4.999999999999993e-06
0.0002537608131727266 0.001233378140093448 -4.999999999999984e-06
0.0002827252776297953 0.00110647652972119 -4.999999999999988e-06
1 345 0 0
1 346 0 6
1263
1264
1265
1266
1267
1268
0.0005172747223702043 0.00110647652972119 -1.302010969819054e-20
0.0005462391868272737 0.001233378140093447 -1.623581123180762e-20
0.0004650825608676344 0.001335145330185362 -7.225615757680571e-21
0.0003349174391323672 0.001335145330185363 7.225615757680401e-21
0.0002537608131727266 0.001233378140093448 1.623581123180759e-20
0.0002827252776297953 0.00110647652972119 1.302010969819058e-20
1 347 0 6
1269
1270
1271
1272
1273
1274
0.001117274722370204 0.00110647652972119 -5.000000000000013e-06
0.001146239186827274 0.001233378140093447 -5.000000000000017e-06
0.001065082560867634 0.001335145330185362 -5.000000000000008e-06
0.0009349174391323671 0.001335145330185363 -4.999999999999993e-06
0.0008537608131727266 0.001233378140093448 -4.999999999999984e-06
0.0008827252776297953 0.00110647652972119 -4.999999999999988e-06
1 348 0 0
1 349 0 6
1275
1276
1277
1278
1279
1280
0.001117274722370204 0.00110647652972119 -1.302010969819054e-20
0.001146239186827274 0.001233378140093447 -1.623581123180762e-20
0.001065082560867634 0.001335145330185362 -7.225615757680571e-21
0.0009349174391323671 0.001335145330185363 7.225615757680401e-21
0.0008537608131727266 0.001233378140093448 1.623581123180759e-20
0.0008827252776297953 0.00110647652972119 1.302010969819058e-20
1 350 0 6
1281
1282
1283
1284
1285
1286
0.0005172747223702043 0.00150647652972119 -5.000000000000013e-06
0.0005462391868272737 0.001633378140093447 -5.000000000000017e-06
0.0004650825608676344 0.001735145330185363 -5.000000000000008e-06
0.0003349174391323672 0.001735145330185363 -4.999999999999993e-06
0.0002537608131727266 0.001633378140093448 -4.999999999999984e-06
0.0002827252776297953 0.00150647652972119 -4.999999999999988e-06
1 351 0 0
1 352 0 6
1287
1288
1289
1290
1291
1292
0.0005172747223702043 0.00150647652972119 -1.302010969819054e-20
0.0005462391868272737 0.001633378140093447 -1.623581123180762e-20
0.0004650825608676344 0.001735145330185363 -7.225615757680571e-21
0.0003349174391323672 0.001735145330185363 7.225615757680401e-21
0.0002537608131727266 0.001633378140093448 1.623581123180759e-20
0.0002827252776297953 0.00150647652972119 1.302010969819058e-20
1 353 0 1
1293
0.0003999999999999997 -0.00025 -0.0025025
1 354 0 6
1294
1295
1296
1297
1298
1299
0.0005172747223702043 -0.0003064765297211898 -0.005
0.0005462391868272737 -0.0004333781400934467 -0.005
0.0004650825608676344 -0.0005351453301853626 -0.005
0.0003349174391323671 -0.0005351453301853633 -0.005
0.0002537608131727266 -0.0004333781400934477 -0.005
0.0002827252776297954 -0.0003064765297211902 -0.005
1 355 0 2
1300
1301
0.0004 -0.0001249999999999995 -0.00521650635094611
0.0004 0.0001250000000000003 -0.00521650635094611
1 356 0 6
1302
1303
1304
1305
1306
1307
0.0002827252776297957 0.0003064765297211898 -0.005
0.0002537608131727264 0.0004333781400934467 -0.005
0.0003349174391323655 0.0005351453301853625 -0.005
0.0004650825608676327 0.0005351453301853633 -0.005
0.0005462391868272734 0.0004333781400934479 -0.005
0.0005172747223702049 0.0003064765297211904 -0.005
1 359 0 1
1308
0.0004000000000000003 0.0002500000000000003 -0.0025025
1 363 0 1
1309
-0.0004000000000000003 -0.00025 -0.0025025
1 364 0 6
1310
1311
1312
1313
1314
1315
-0.0002827252776297957 -0.0003064765297211898 -0.005
-0.0002537608131727264 -0.0004333781400934467 -0.005
-0.0003349174391323657 -0.0005351453301853626 -0.005
-0.0004650825608676329 -0.0005351453301853633 -0.005
-0.0005462391868272734 -0.0004333781400934477 -0.005
-0.0005172747223702046 -0.0003064765297211902 -0.005
1 365 0 2
1316
1317
-0.0004000000000000001 -0.0001249999999999995 -0.00521650635094611
-0.0004 0.0001250000000000003 -0.00521650635094611
1 366 0 6
1318
1319
1320
1321
1322
1323
-0.0005172747223702043 0.0003064765297211898 -0.005
-0.0005462391868272737 0.0004333781400934467 -0.005
-0.0004650825608676346 0.0005351453301853625 -0.005
-0.0003349174391323673 0.0005351453301853633 -0.005
-0.0002537608131727266 0.0004333781400934479 -0.005
-0.0002827252776297952 0.0003064765297211904 -0.005
1 369 0 1
1324
-0.0003999999999999997 0.0002500000000000003 -0.0025025
1 373 0 1
1325
0.0003999999999999997 -0.0006500000000000001 -0.002919166666666504
1 374 0 6
1326
1327
1328
1329
1330
1331
0.0005172747223702043 -0.0007064765297211899 -0.005833333333333
0.0005462391868272737 -0.0008333781400934468 -0.005833333333333
0.0004650825608676344 -0.0009351453301853626 -0.005833333333333
0.0003349174391323671 -0.0009351453301853633 -0.005833333333333
0.0002537608131727266 -0.0008333781400934478 -0.005833333333333
0.0002827252776297954 -0.0007064765297211902 -0.005833333333333
1 375 0 2
1332
1333
0.0003999999999999999 -0.0003249999999999985 -0.006396249845792886
0.0004 0.0003250000000000022 -0.006396249845792883
1 376 0 6
1334
1335
1336
1337
1338
1339
0.0002827252776297957 0.0007064765297211898 -0.005833333333333
0.0002537608131727264 0.0008333781400934467 -0.005833333333333
0.0003349174391323655 0.0009351453301853624 -0.005833333333333
0.0004650825608676327 0.0009351453301853634 -0.005833333333333
0.0005462391868272734 0.0008333781400934479 -0.005833333333333
0.0005172747223702049 0.0007064765297211905 -0.005833333333333
1 379 0 1
1340
0.0004000000000000003 0.0006500000000000001 -0.002919166666666496
1 383 0 1
1341
-0.0004000000000000003 -0.0006500000000000001 -0.002919166666666504
1 384 0 6
1342
1343
1344
1345
1346
1347
-0.0002827252776297957 -0.0007064765297211899 -0.005833333333333
-0.0002537608131727264 -0.0008333781400934468 -0.005833333333333
-0.0003349174391323657 -0.0009351453301853626 -0.005833333333333
-0.0004650825608676329 -0.0009351453301853633 -0.005833333333333
-0.0005462391868272734 -0.0008333781400934478 -0.005833333333333
-0.0005172747223702046 -0.0007064765297211902 -0.005833333333333
1 385 0 2
1348
1349
-0.0004000000000000001 -0.0003249999999999985 -0.006396249845792886
-0.0004 0.0003250000000000022 -0.006396249845792883
1 386 0 6
1350
1351
1352
1353
1354
1355
-0.0005172747223702043 0.0007064765297211898 -0.005833333333333
-0.0005462391868272737 0.0008333781400934467 -0.005833333333333
-0.0004650825608676346 0.0009351453301853624 -0.005833333333333
-0.0003349174391323673 0.0009351453301853634 -0.005833333333333
-0.0002537608131727266 0.0008333781400934479 -0.005833333333333
-0.0002827252776297952 0.0007064765297211905 -0.005833333333333
1 389 0 1
1356
-0.0003999999999999997 0.0006500000000000001 -0.002919166666666496
1 393 0 1
1357
0.0003999999999999996 -0.00105 -0.003335833333333508
1 394 0 6
1358
1359
1360
1361
1362
1363
0.0005172747223702043 -0.00110647652972119 -0.006666666666667
0.0005462391868272737 -0.001233378140093447 -0.006666666666667
0.0004650825608676344 -0.001335145330185362 -0.006666666666667
0.0003349174391323671 -0.001335145330185363 -0.006666666666667
0.0002537608131727266 -0.001233378140093448 -0.006666666666667
0.0002827252776297954 -0.00110647652972119 -0.006666666666667
1 395 0 2
1364
1365
0.0003999999999999999 -0.0005250000000000002 -0.007575993340640661
0.0004 0.0005250000000000003 -0.007575993340640661
1 396 0 6
1366
1367
1368
1369
1370
1371
0.0002827252776297957 0.00110647652972119 -0.006666666666667
0.0002537608131727264 0.001233378140093446 -0.006666666666667
0.0003349174391323655 0.001335145330185362 -0.006666666666667
0.0004650825608676327 0.001335145330185363 -0.006666666666667
0.0005462391868272734 0.001233378140093448 -0.006666666666667
0.0005172747223702049 0.00110647652972119 -0.006666666666667
1 399 0 1
1372
0.0004000000000000004 0.00105 -0.003335833333333492
1 403 0 1
1373
-0.0004000000000000004 -0.00105 -0.003335833333333508
1 404 0 6
1374
1375
1376
1377
1378
1379
-0.0002827252776297957 -0.00110647652972119 -0.006666666666667
-0.0002537608131727264 -0.001233378140093447 -0.006666666666667
-0.0003349174391323657 -0.001335145330185362 -0.006666666666667
-0.0004650825608676329 -0.001335145330185363 -0.006666666666667
-0.0005462391868272734 -0.001233378140093448 -0.006666666666667
-0.0005172747223702046 -0.00110647652972119 -0.006666666666667
1 405 0 2
1380
1381
-0.0004000000000000002 -0.0005250000000000002 -0.007575993340640661
-0.0004000000000000001 0.0005250000000000003 -0.007575993340640661
1 406 0 6
1382
1383
1384
1385
1386
1387
-0.0005172747223702043 0.00110647652972119 -0.006666666666667
-0.0005462391868272737 0.001233378140093446 -0.006666666666667
-0.0004650825608676346 0.001335145330185362 -0.006666666666667
-0.0003349174391323673 0.001335145330185363 -0.006666666666667
-0.0002537608131727266 0.001233378140093448 -0.006666666666667
-0.0002827252776297952 0.00110647652972119 -0.006666666666667
1 409 0 1
1388
-0.0003999999999999996 0.00105 -0.003335833333333492
1 413 0 1
1389
0.0003999999999999996 -0.00145 -0.003752500000000003
1 414 0 6
1390
1391
1392
1393
1394
1395
0.0005172747223702043 -0.00150647652972119 -0.0075
0.0005462391868272737 -0.001633378140093447 -0.0075
0.0004650825608676344 -0.001735145330185363 -0.0075
0.0003349174391323671 -0.001735145330185363 -0.0075
0.0002537608131727266 -0.001633378140093448 -0.0075
0.0002827252776297954 -0.00150647652972119 -0.0075
1 415 0 2
1396
1397
0.0003999999999999998 -0.0007249999999999984 -0.008755736835487436
0.0004 0.0007250000000000028 -0.008755736835487435
1 416 0 6
1398
1399
1400
1401
1402
1403
0.0002827252776297957 0.00150647652972119 -0.0075
0.0002537608131727264 0.001633378140093447 -0.0075
0.0003349174391323655 0.001735145330185363 -0.0075
0.0004650825608676327 0.001735145330185363 -0.0075
0.0005462391868272734 0.001633378140093448 -0.0075
0.0005172747223702049 0.001506476529721191 -0.0075
1 419 0 1
1404
0.0004000000000000005 0.00145 -0.003752499999999996
1 423 0 1
1405
-0.0004000000000000005 -0.00145 -0.003752500000000003
1 424 0 6
1406
1407
1408
1409
1410
1411
-0.0002827252776297957 -0.00150647652972119 -0.0075
-0.0002537608131727264 -0.001633378140093447 -0.0075
-0.0003349174391323657 -0.001735145330185363 -0.0075
-0.0004650825608676329 -0.001735145330185363 -0.0075
-0.0005462391868272734 -0.001633378140093448 -0.0075
-0.0005172747223702046 -0.00150647652972119 -0.0075
1 425 0 2
1412
1413
-0.0004000000000000002 -0.0007249999999999984 -0.008755736835487436
-0.0004000000000000001 0.0007250000000000028 -0.008755736835487435
1 426 0 6
1414
1415
1416
1417
1418
1419
-0.0005172747223702043 0.00150647652972119 -0.0075
-0.0005462391868272737 0.001633378140093447 -0.0075
-0.0004650825608676346 0.001735145330185363 -0.0075
-0.0003349174391323673 0.001735145330185363 -0.0075
-0.0002537608131727266 0.001633378140093448 -0.0075
-0.0002827252776297952 0.001506476529721191 -0.0075
1 429 0 1
1420
-0.0003999999999999996 0.00145 -0.003752499999999996
1 433 0 1
1421
0.0009999999999999998 -0.00025 -0.0025025
1 434 0 6
1422
1423
1424
1425
1426
1427
0.001117274722370204 -0.0003064765297211898 -0.005
0.001146239186827274 -0.0004333781400934467 -0.005
0.001065082560867634 -0.0005351453301853626 -0.005
0.0009349174391323671 -0.0005351453301853633 -0.005
0.0008537608131727266 -0.0004333781400934477 -0.005
0.0008827252776297953 -0.0003064765297211902 -0.005
1 435 0 2
1428
1429
0.001 -0.0001249999999999995 -0.00521650635094611
0.001 0.0001250000000000003 -0.00521650635094611
1 436 0 6
1430
1431
1432
1433
1434
1435
0.0008827252776297957 0.0003064765297211898 -0.005
0.0008537608131727264 0.0004333781400934467 -0.005
0.0009349174391323654 0.0005351453301853625 -0.005
0.001065082560867633 0.0005351453301853633 -0.005
0.001146239186827273 0.0004333781400934479 -0.005
0.001117274722370205 0.0003064765297211904 -0.005
1 439 0 1
1436
0.001 0.0002500000000000003 -0.0025025
1 443 0 1
1437
-0.001 -0.00025 -0.0025025
1 444 0 6
1438
1439
1440
1441
1442
1443
-0.0008827252776297957 -0.0003064765297211898 -0.005
-0.0008537608131727264 -0.0004333781400934467 -0.005
-0.0009349174391323656 -0.0005351453301853626 -0.005
-0.001065082560867633 -0.0005351453301853633 -0.005
-0.001146239186827273 -0.0004333781400934477 -0.005
-0.001117274722370205 -0.0003064765297211902 -0.005
1 445 0 2
1444
1445
-0.001 -0.0001249999999999995 -0.00521650635094611
-0.001 0.0001250000000000003 -0.00521650635094611
1 446 0 6
1446
1447
1448
1449
1450
1451
-0.001117274722370204 0.0003064765297211898 -0.005
-0.001146239186827274 0.0004333781400934467 -0.005
-0.001065082560867635 0.0005351453301853625 -0.005
-0.0009349174391323672 0.0005351453301853633 -0.005
-0.0008537608131727267 0.0004333781400934479 -0.005
-0.0008827252776297952 0.0003064765297211904 -0.005
1 449 0 1
1452
-0.0009999999999999998 0.0002500000000000003 -0.0025025
1 453 0 1
1453
0.0009999999999999998 -0.0006500000000000001 -0.002919166666666504
1 454 0 6
1454
1455
1456
1457
1458
1459
0.001117274722370204 -0.0007064765297211899 -0.005833333333333
0.001146239186827274 -0.0008333781400934468 -0.005833333333333
0.001065082560867634 -0.0009351453301853626 -0.005833333333333
0.0009349174391323671 -0.0009351453301853633 -0.005833333333333
0.0008537608131727266 -0.0008333781400934478 -0.005833333333333
0.0008827252776297953 -0.0007064765297211902 -0.005833333333333
1 455 0 2
1460
1461
0.001 -0.0003249999999999985 -0.006396249845792886
0.001 0.0003250000000000022 -0.006396249845792883
1 456 0 6
1462
1463
1464
1465
1466
1467
0.0008827252776297957 0.0007064765297211898 -0.005833333333333
0.0008537608131727264 0.0008333781400934467 -0.005833333333333
0.0009349174391323654 0.0009351453301853624 -0.005833333333333
0.001065082560867633 0.0009351453301853634 -0.005833333333333
0.001146239186827273 0.0008333781400934479 -0.005833333333333
0.001117274722370205 0.0007064765297211905 -0.005833333333333
1 459 0 1
1468
0.001 0.0006500000000000001 -0.002919166666666496
1 463 0 1
1469
-0.001 -0.0006500000000000001 -0.002919166666666504
1 464 0 6
1470
1471
1472
1473
1474
1475
-0.0008827252776297957 -0.0007064765297211899 -0.005833333333333
-0.0008537608131727264 -0.0008333781400934468 -0.005833333333333
-0.0009349174391323656 -0.0009351453301853626 -0.005833333333333
-0.001065082560867633 -0.0009351453301853633 -0.005833333333333
-0.001146239186827273 -0.0008333781400934478 -0.005833333333333
-0.001117274722370205 -0.0007064765297211902 -0.005833333333333
1 465 0 2
1476
1477
-0.001 -0.0003249999999999985 -0.006396249845792886
-0.001 0.0003250000000000022 -0.006396249845792883
1 466 0 6
1478
1479
1480
1481
1482
1483
-0.001117274722370204 0.0007064765297211898 -0.005833333333333
-0.001146239186827274 0.0008333781400934467 -0.005833333333333
-0.001065082560867635 0.0009351453301853624 -0.005833333333333
-0.0009349174391323672 0.0009351453301853634 -0.005833333333333
-0.0008537608131727267 0.0008333781400934479 -0.005833333333333
-0.0008827252776297952 0.0007064765297211905 -0.005833333333333
1 469 0 1
1484
-0.0009999999999999998 0.0006500000000000001 -0.002919166666666496
1 473 0 1
1485
0.0009999999999999996 -0.00105 -0.003335833333333508
1 474 0 6
1486
1487
1488
1489
1490
1491
0.001117274722370204 -0.00110647652972119 -0.006666666666667
0.001146239186827274 -0.001233378140093447 -0.006666666666667
0.001065082560867634 -0.001335145330185362 -0.006666666666667
0.0009349174391323671 -0.001335145330185363 -0.006666666666667
0.0008537608131727266 -0.001233378140093448 -0.006666666666667
0.0008827252776297953 -0.00110647652972119 -0.006666666666667
1 475 0 2
1492
1493
0.0009999999999999998 -0.0005250000000000002 -0.007575993340640661
0.001 0.0005250000000000003 -0.007575993340640661
1 476 0 6
1494
1495
1496
1497
1498
1499
0.0008827252776297957 0.00110647652972119 -0.006666666666667
0.0008537608131727264 0.001233378140093446 -0.006666666666667
0.0009349174391323654 0.001335145330185362 -0.006666666666667
0.001065082560867633 0.001335145330185363 -0.006666666666667
0.001146239186827273 0.001233378140093448 -0.006666666666667
0.001117274722370205 0.00110647652972119 -0.006666666666667
1 479 0 1
1500
0.001 0.00105 -0.003335833333333492
1 483 0 1
1501
-0.001 -0.00105 -0.003335833333333508
1 484 0 6
1502
1503
1504
1505
1506
1507
-0.0008827252776297957 -0.00110647652972119 -0.006666666666667
-0.0008537608131727264 -0.001233378140093447 -0.006666666666667
-0.0009349174391323656 -0.001335145330185362 -0.006666666666667
-0.001065082560867633 -0.001335145330185363 -0.006666666666667
-0.001146239186827273 -0.001233378140093448 -0.006666666666667
-0.001117274722370205 -0.00110647652972119 -0.006666666666667
1 485 0 2
1508
1509
-0.001 -0.0005250000000000002 -0.007575993340640661
-0.001 0.0005250000000000003 -0.007575993340640661
1 486 0 6
1510
1511
1512
1513
1514
1515
-0.001117274722370204 0.00110647652972119 -0.006666666666667
-0.001146239186827274 0.001233378140093446 -0.006666666666667
-0.001065082560867635 0.001335145330185362 -0.006666666666667
-0.0009349174391323672 0.001335145330185363 -0.006666666666667
-0.0008537608131727267 0.001233378140093448 -0.006666666666667
-0.0008827252776297952 0.00110647652972119 -0.006666666666667
1 489 0 1
1516
-0.0009999999999999996 0.00105 -0.003335833333333492
1 493 0 1
1517
0.0016 -0.00025 -0.0025025
1 494 0 6
1518
1519
1520
1521
1522
1523
0.001717274722370204 -0.0003064765297211898 -0.005
0.001746239186827274 -0.0004333781400934467 -0.005
0.001665082560867634 -0.0005351453301853626 -0.005
0.001534917439132367 -0.0005351453301853633 -0.005
0.001453760813172727 -0.0004333781400934477 -0.005
0.001482725277629796 -0.0003064765297211902 -0.005
1 495 0 2
1524
1525
0.0016 -0.0001249999999999995 -0.00521650635094611
0.0016 0.0001250000000000003 -0.00521650635094611
1 496 0 6
1526
1527
1528
1529
1530
1531
0.001482725277629796 0.0003064765297211898 -0.005
0.001453760813172726 0.0004333781400934467 -0.005
0.001534917439132365 0.0005351453301853625 -0.005
0.001665082560867633 0.0005351453301853633 -0.005
0.001746239186827273 0.0004333781400934479 -0.005
0.001717274722370205 0.0003064765297211904 -0.005
1 499 0 1
1532
0.0016 0.0002500000000000003 -0.0025025
1 503 0 1
1533
-0.0016 -0.00025 -0.0025025
1 504 0 6
1534
1535
1536
1537
1538
1539
-0.001482725277629796 -0.0003064765297211898 -0.005
-0.001453760813172726 -0.0004333781400934467 -0.005
-0.001534917439132366 -0.0005351453301853626 -0.005
-0.001665082560867633 -0.0005351453301853633 -0.005
-0.001746239186827273 -0.0004333781400934477 -0.005
-0.001717274722370205 -0.0003064765297211902 -0.005
1 505 0 2
1540
1541
-0.0016 -0.0001249999999999995 -0.00521650635094611
-0.0016 0.0001250000000000003 -0.00521650635094611
1 506 0 6
1542
1543
1544
1545
1546
1547
-0.001717274722370204 0.0003064765297211898 -0.005
-0.001746239186827274 0.0004333781400934467 -0.005
-0.001665082560867635 0.0005351453301853625 -0.005
-0.001534917439132367 0.0005351453301853633 -0.005
-0.001453760813172727 0.0004333781400934479 -0.005
-0.001482725277629795 0.0003064765297211904 -0.005
1 509 0 1
1548
-0.0016 0.0002500000000000003 -0.0025025
1 513 0 1
1549
0.0016 -0.0006500000000000001 -0.002919166666666504
1 514 0 6
1550
1551
1552
1553
1554
1555
0.001717274722370204 -0.0007064765297211899 -0.005833333333333
0.001746239186827274 -0.0008333781400934468 -0.005833333333333
0.001665082560867634 -0.0009351453301853626 -0.005833333333333
0.001534917439132367 -0.0009351453301853633 -0.005833333333333
0.001453760813172727 -0.0008333781400934478 -0.005833333333333
0.001482725277629796 -0.0007064765297211902 -0.005833333333333
1 515 0 2
1556
1557
0.0016 -0.0003249999999999985 -0.006396249845792886
0.0016 0.0003250000000000022 -0.006396249845792883
1 516 0 6
1558
1559
1560
1561
1562
1563
0.001482725277629796 0.0007064765297211898 -0.005833333333333
0.001453760813172726 0.0008333781400934467 -0.005833333333333
0.001534917439132365 0.0009351453301853624 -0.005833333333333
0.001665082560867633 0.0009351453301853634 -0.005833333333333
0.001746239186827273 0.0008333781400934479 -0.005833333333333
0.001717274722370205 0.0007064765297211905 -0.005833333333333
1 519 0 1
1564
0.0016 0.0006500000000000001 -0.002919166666666496
1 523 0 1
1565
-0.0016 -0.0006500000000000001 -0.002919166666666504
1 524 0 6
1566
1567
1568
1569
1570
1571
-0.001482725277629796 -0.0007064765297211899 -0.005833333333333
-0.001453760813172726 -0.0008333781400934468 -0.005833333333333
-0.001534917439132366 -0.0009351453301853626 -0.005833333333333
-0.001665082560867633 -0.0009351453301853633 -0.005833333333333
-0.001746239186827273 -0.0008333781400934478 -0.005833333333333
-0.001717274722370205 -0.0007064765297211902 -0.005833333333333
1 525 0 2
1572
1573
-0.0016 -0.0003249999999999985 -0.006396249845792886
-0.0016 0.0003250000000000022 -0.006396249845792883
1 526 0 6
1574
1575
1576
1577
1578
1579
-0.001717274722370204 0.0007064765297211898 -0.005833333333333
-0.001746239186827274 0.0008333781400934467 -0.005833333333333
-0.001665082560867635 0.0009351453301853624 -0.005833333333333
-0.001534917439132367 0.0009351453301853634 -0.005833333333333
-0.001453760813172727 0.0008333781400934479 -0.005833333333333
-0.001482725277629795 0.0007064765297211905 -0.005833333333333
1 529 0 1
1580
-0.0016 0.0006500000000000001 -0.002919166666666496
1 530 0 1
1581
0.0003999999999999997 -0.000245 -0.0025025
1 531 0 6
1582
1583
1584
1585
1586
1587
0.0005211838797825447 -0.0003033590807118965 -0.005
0.0005511138263881826 -0.000434490744763229 -0.005
0.0004672519795632213 -0.000539650174524875 -0.005
0.0003327480204367784 -0.0005396501745248749 -0.005
0.0002488861736118173 -0.0004344907447632288 -0.005
0.0002788161202174553 -0.0003033590807118964 -0.005
1 532 0 2
1588
1589
0.0004 -0.0001224999999999993 -0.005212176223927188
0.0004 0.0001225000000000013 -0.005212176223927186
1 533 0 6
1590
1591
1592
1593
1594
1595
0.0002788161202174553 0.0003033590807118964 -0.005
0.0002488861736118173 0.0004344907447632287 -0.005
0.0003327480204367785 0.0005396501745248749 -0.005
0.0004672519795632215 0.000539650174524875 -0.005
0.0005511138263881827 0.0004344907447632288 -0.005
0.0005211838797825447 0.0003033590807118964 -0.005
1 534 0 1
1596
0.0004000000000000003 0.0002450000000000003 -0.0025025
1 535 0 1
1597
-0.0004000000000000003 -0.000245 -0.0025025
1 536 0 6
1598
1599
1600
1601
1602
1603
-0.0002788161202174553 -0.0003033590807118965 -0.005
-0.0002488861736118174 -0.000434490744763229 -0.005
-0.0003327480204367787 -0.000539650174524875 -0.005
-0.0004672519795632217 -0.0005396501745248749 -0.005
-0.0005511138263881827 -0.0004344907447632288 -0.005
-0.0005211838797825447 -0.0003033590807118964 -0.005
1 537 0 2
1604
1605
-0.0004000000000000001 -0.0001224999999999993 -0.005212176223927188
-0.0004 0.0001225000000000013 -0.005212176223927186
1 538 0 6
1606
1607
1608
1609
1610
1611
-0.0005211838797825447 0.0003033590807118964 -0.005
-0.0005511138263881827 0.0004344907447632287 -0.005
-0.0004672519795632216 0.0005396501745248749 -0.005
-0.0003327480204367785 0.000539650174524875 -0.005
-0.0002488861736118174 0.0004344907447632288 -0.005
-0.0002788161202174554 0.0003033590807118964 -0.005
1 539 0 1
1612
-0.0003999999999999997 0.0002450000000000003 -0.0025025
1 540 0 1
1613
0.0003999999999999997 -0.0006450000000000001 -0.002919166666666504
1 541 0 6
1614
1615
1616
1617
1618
1619
0.0005211838797825447 -0.0007033590807118964 -0.005833333333333
0.0005511138263881826 -0.000834490744763229 -0.005833333333333
0.0004672519795632213 -0.0009396501745248751 -0.005833333333333
0.0003327480204367784 -0.0009396501745248749 -0.005833333333333
0.0002488861736118173 -0.0008344907447632289 -0.005833333333333
0.0002788161202174553 -0.0007033590807118964 -0.005833333333333
1 542 0 2
1620
1621
0.0003999999999999999 -0.0003224999999999999 -0.006391919718773962
0.0004 0.0003225000000000001 -0.006391919718773962
1 543 0 6
1622
1623
1624
1625
1626
1627
0.0002788161202174553 0.0007033590807118964 -0.005833333333333
0.0002488861736118173 0.0008344907447632288 -0.005833333333333
0.0003327480204367785 0.000939650174524875 -0.005833333333333
0.0004672519795632215 0.000939650174524875 -0.005833333333333
0.0005511138263881827 0.0008344907447632288 -0.005833333333333
0.0005211838797825447 0.0007033590807118963 -0.005833333333333
1 544 0 1
1628
0.0004000000000000003 0.0006450000000000001 -0.002919166666666496
1 545 0 1
1629
-0.0004000000000000003 -0.0006450000000000001 -0.002919166666666504
1 546 0 6
1630
1631
1632
1633
1634
1635
-0.0002788161202174553 -0.0007033590807118964 -0.005833333333333
-0.0002488861736118174 -0.000834490744763229 -0.005833333333333
-0.0003327480204367787 -0.0009396501745248751 -0.005833333333333
-0.0004672519795632217 -0.0009396501745248749 -0.005833333333333
-0.0005511138263881827 -0.0008344907447632289 -0.005833333333333
-0.0005211838797825447 -0.0007033590807118964 -0.005833333333333
1 547 0 2
1636
1637
-0.0004000000000000001 -0.0003224999999999999 -0.006391919718773962
-0.0004 0.0003225000000000001 -0.006391919718773962
1 548 0 6
1638
1639
1640
1641
1642
1643
-0.0005211838797825447 0.0007033590807118964 -0.005833333333333
-0.0005511138263881827 0.0008344907447632288 -0.005833333333333
-0.0004672519795632216 0.000939650174524875 -0.005833333333333
-0.0003327480204367785 0.000939650174524875 -0.005833333333333
-0.0002488861736118174 0.0008344907447632288 -0.005833333333333
-0.0002788161202174554 0.0007033590807118963 -0.005833333333333
1 549 0 1
1644
-0.0003999999999999997 0.0006450000000000001 -0.002919166666666496
1 550 0 1
1645
0.0003999999999999996 -0.001045 -0.003335833333333508
1 551 0 6
1646
1647
1648
1649
1650
1651
0.0005211838797825447 -0.001103359080711896 -0.006666666666667
0.0005511138263881826 -0.001234490744763229 -0.006666666666667
0.0004672519795632213 -0.001339650174524875 -0.006666666666667
0.0003327480204367784 -0.001339650174524875 -0.006666666666667
0.0002488861736118173 -0.001234490744763229 -0.006666666666667
0.0002788161202174553 -0.001103359080711896 -0.006666666666667
1 552 0 2
1652
1653
0.0003999999999999999 -0.000522499999999999 -0.007571663213621739
0.0004 0.0005225000000000042 -0.007571663213621736
1 553 0 6
1654
1655
1656
1657
1658
1659
0.0002788161202174553 0.001103359080711896 -0.006666666666667
0.0002488861736118173 0.001234490744763229 -0.006666666666667
0.0003327480204367785 0.001339650174524875 -0.006666666666667
0.0004672519795632215 0.001339650174524875 -0.006666666666667
0.0005511138263881827 0.001234490744763229 -0.006666666666667
0.0005211838797825447 0.001103359080711896 -0.006666666666667
1 554 0 1
1660
0.0004000000000000004 0.001045 -0.003335833333333492
1 555 0 1
1661
-0.0004000000000000004 -0.001045 -0.003335833333333508
1 556 0 6
1662
1663
1664
1665
1666
1667
-0.0002788161202174553 -0.001103359080711896 -0.006666666666667
-0.0002488861736118174 -0.001234490744763229 -0.006666666666667
-0.0003327480204367787 -0.001339650174524875 -0.006666666666667
-0.0004672519795632217 -0.001339650174524875 -0.006666666666667
-0.0005511138263881827 -0.001234490744763229 -0.006666666666667
-0.0005211838797825447 -0.001103359080711896 -0.006666666666667
1 557 0 2
1668
1669
-0.0004000000000000002 -0.000522499999999999 -0.007571663213621739
-0.0004000000000000001 0.0005225000000000042 -0.007571663213621736
1 558 0 6
1670
1671
1672
1673
1674
1675
-0.0005211838797825447 0.001103359080711896 -0.006666666666667
-0.0005511138263881827 0.001234490744763229 -0.006666666666667
-0.0004672519795632216 0.001339650174524875 -0.006666666666667
-0.0003327480204367785 0.001339650174524875 -0.006666666666667
-0.0002488861736118174 0.001234490744763229 -0.006666666666667
-0.0002788161202174554 0.001103359080711896 -0.006666666666667
1 559 0 1
1676
-0.0003999999999999996 0.001045 -0.003335833333333492
1 560 0 1
1677
0.0003999999999999996 -0.001445 -0.003752500000000003
1 561 0 6
1678
1679
1680
1681
1682
1683
0.0005211838797825447 -0.001503359080711896 -0.0075
0.0005511138263881826 -0.001634490744763229 -0.0075
0.0004672519795632213 -0.001739650174524875 -0.0075
0.0003327480204367784 -0.001739650174524875 -0.0075
0.0002488861736118173 -0.001634490744763229 -0.0075
0.0002788161202174553 -0.001503359080711896 -0.0075
1 562 0 2
1684
1685
0.0003999999999999998 -0.0007224999999999997 -0.008751406708468513
0.0004 0.0007224999999999967 -0.008751406708468516
1 563 0 6
1686
1687
1688
1689
1690
1691
0.0002788161202174553 0.001503359080711896 -0.0075
0.0002488861736118173 0.001634490744763229 -0.0075
0.0003327480204367785 0.001739650174524875 -0.0075
0.0004672519795632215 0.001739650174524875 -0.0075
0.0005511138263881827 0.001634490744763229 -0.0075
0.0005211838797825447 0.001503359080711896 -0.0075
1 564 0 1
1692
0.0004000000000000005 0.001445 -0.003752499999999996
1 565 0 1
1693
-0.0004000000000000005 -0.001445 -0.003752500000000003
1 566 0 6
1694
1695
1696
1697
1698
1699
-0.0002788161202174553 -0.001503359080711896 -0.0075
-0.0002488861736118174 -0.001634490744763229 -0.0075
-0.0003327480204367787 -0.001739650174524875 -0.0075
-0.0004672519795632217 -0.001739650174524875 -0.0075
-0.0005511138263881827 -0.001634490744763229 -0.0075
-0.0005211838797825447 -0.001503359080711896 -0.0075
1 567 0 2
1700
1701
-0.0004000000000000002 -0.0007224999999999997 -0.008751406708468513
-0.0004000000000000001 0.0007224999999999967 -0.008751406708468516
1 568 0 6
1702
1703
1704
1705
1706
1707
-0.0005211838797825447 0.001503359080711896 -0.0075
-0.0005511138263881827 0.001634490744763229 -0.0075
-0.0004672519795632216 0.001739650174524875 -0.0075
-0.0003327480204367785 0.001739650174524875 -0.0075
-0.0002488861736118174 0.001634490744763229 -0.0075
-0.0002788161202174554 0.001503359080711896 -0.0075
1 569 0 1
1708
-0.0003999999999999996 0.001445 -0.003752499999999996
1 570 0 1
1709
0.0009999999999999998 -0.000245 -0.0025025
1 571 0 6
1710
1711
1712
1713
1714
1715
0.001121183879782545 -0.0003033590807118965 -0.005
0.001151113826388183 -0.000434490744763229 -0.005
0.001067251979563221 -0.000539650174524875 -0.005
0.0009327480204367783 -0.0005396501745248749 -0.005
0.0008488861736118174 -0.0004344907447632288 -0.005
0.0008788161202174554 -0.0003033590807118964 -0.005
1 572 0 2
1716
1717
0.001 -0.0001224999999999993 -0.005212176223927188
0.001 0.0001225000000000013 -0.005212176223927186
1 573 0 6
1718
1719
1720
1721
1722
1723
0.0008788161202174553 0.0003033590807118964 -0.005
0.0008488861736118174 0.0004344907447632287 -0.005
0.0009327480204367785 0.0005396501745248749 -0.005
0.001067251979563222 0.000539650174524875 -0.005
0.001151113826388183 0.0004344907447632288 -0.005
0.001121183879782545 0.0003033590807118964 -0.005
1 574 0 1
1724
0.001 0.0002450000000000003 -0.0025025
1 575 0 1
1725
-0.001 -0.000245 -0.0025025
1 576 0 6
1726
1727
1728
1729
1730
1731
-0.0008788161202174553 -0.0003033590807118965 -0.005
-0.0008488861736118174 -0.000434490744763229 -0.005
-0.0009327480204367787 -0.000539650174524875 -0.005
-0.001067251979563222 -0.0005396501745248749 -0.005
-0.001151113826388183 -0.0004344907447632288 -0.005
-0.001121183879782545 -0.0003033590807118964 -0.005
1 577 0 2
1732
1733
-0.001 -0.0001224999999999993 -0.005212176223927188
-0.001 0.0001225000000000013 -0.005212176223927186
1 578 0 6
1734
1735
1736
1737
1738
1739
-0.001121183879782545 0.0003033590807118964 -0.005
-0.001151113826388183 0.0004344907447632287 -0.005
-0.001067251979563222 0.0005396501745248749 -0.005
-0.0009327480204367785 0.000539650174524875 -0.005
-0.0008488861736118174 0.0004344907447632288 -0.005
-0.0008788161202174554 0.0003033590807118964 -0.005
1 579 0 1
1740
-0.0009999999999999998 0.0002450000000000003 -0.0025025
1 580 0 1
1741
0.0009999999999999998 -0.0006450000000000001 -0.002919166666666504
1 581 0 6
1742
1743
1744
1745
1746
1747
0.001121183879782545 -0.0007033590807118964 -0.005833333333333
0.001151113826388183 -0.000834490744763229 -0.005833333333333
0.001067251979563221 -0.0009396501745248751 -0.005833333333333
0.0009327480204367783 -0.0009396501745248749 -0.005833333333333
0.0008488861736118174 -0.0008344907447632289 -0.005833333333333
0.0008788161202174554 -0.0007033590807118964 -0.005833333333333
1 582 0 2
1748
1749
0.001 -0.0003224999999999999 -0.006391919718773962
0.001 0.0003225000000000001 -0.006391919718773962
1 583 0 6
1750
1751
1752
1753
1754
1755
0.0008788161202174553 0.0007033590807118964 -0.005833333333333
0.0008488861736118174 0.0008344907447632288 -0.005833333333333
0.0009327480204367785 0.000939650174524875 -0.005833333333333
0.001067251979563222 0.000939650174524875 -0.005833333333333
0.001151113826388183 0.0008344907447632288 -0.005833333333333
0.001121183879782545 0.0007033590807118963 -0.005833333333333
1 584 0 1
1756
0.001 0.0006450000000000001 -0.002919166666666496
1 585 0 1
1757
-0.001 -0.0006450000000000001 -0.002919166666666504
1 586 0 6
1758
1759
1760
1761
1762
1763
-0.0008788161202174553 -0.0007033590807118964 -0.005833333333333
-0.0008488861736118174 -0.000834490744763229 -0.005833333333333
-0.0009327480204367787 -0.0009396501745248751 -0.005833333333333
-0.001067251979563222 -0.0009396501745248749 -0.005833333333333
-0.001151113826388183 -0.0008344907447632289 -0.005833333333333
-0.001121183879782545 -0.0007033590807118964 -0.005833333333333
1 587 0 2
1764
1765
-0.001 -0.0003224999999999999 -0.006391919718773962
-0.001 0.0003225000000000001 -0.006391919718773962
1 588 0 6
1766
1767
1768
1769
1770
1771
-0.001121183879782545 0.0007033590807118964 -0.005833333333333
-0.001151113826388183 0.0008344907447632288 -0.005833333333333
-0.001067251979563222 0.000939650174524875 -0.005833333333333
-0.0009327480204367785 0.000939650174524875 -0.005833333333333
-0.0008488861736118174 0.0008344907447632288 -0.005833333333333
-0.0008788161202174554 0.0007033590807118963 -0.005833333333333
1 589 0 1
1772
-0.0009999999999999998 0.0006450000000000001 -0.002919166666666496
1 590 0 1
1773
0.0009999999999999996 -0.001045 -0.003335833333333508
1 591 0 6
1774
1775
1776
1777
1778
1779
0.001121183879782545 -0.001103359080711896 -0.006666666666667
0.001151113826388183 -0.001234490744763229 -0.006666666666667
0.001067251979563221 -0.001339650174524875 -0.006666666666667
0.0009327480204367783 -0.001339650174524875 -0.006666666666667
0.0008488861736118174 -0.001234490744763229 -0.006666666666667
0.0008788161202174554 -0.001103359080711896 -0.006666666666667
1 592 0 2
1780
1781
0.0009999999999999998 -0.000522499999999999 -0.007571663213621739
0.001 0.0005225000000000042 -0.007571663213621736
1 593 0 6
1782
1783
1784
1785
1786
1787
0.0008788161202174553 0.001103359080711896 -0.006666666666667
0.0008488861736118174 0.001234490744763229 -0.006666666666667
0.0009327480204367785 0.001339650174524875 -0.006666666666667
0.001067251979563222 0.001339650174524875 -0.006666666666667
0.001151113826388183 0.001234490744763229 -0.006666666666667
0.001121183879782545 0.001103359080711896 -0.006666666666667
1 594 0 1
1788
0.001 0.001045 -0.003335833333333492
1 595 0 1
1789
-0.001 -0.001045 -0.003335833333333508
1 596 0 6
1790
1791
1792
1793
1794
1795
-0.0008788161202174553 -0.001103359080711896 -0.006666666666667
-0.0008488861736118174 -0.001234490744763229 -0.006666666666667
-0.0009327480204367787 -0.001339650174524875 -0.006666666666667
-0.001067251979563222 -0.001339650174524875 -0.006666666666667
-0.001151113826388183 -0.001234490744763229 -0.006666666666667
-0.001121183879782545 -0.001103359080711896 -0.006666666666667
1 597 0 2
1796
1797
-0.001 -0.000522499999999999 -0.007571663213621739
-0.001 0.0005225000000000042 -0.007571663213621736
1 598 0 6
1798
1799
1800
1801
1802
1803
-0.001121183879782545 0.001103359080711896 -0.006666666666667
-0.001151113826388183 0.001234490744763229 -0.006666666666667
-0.001067251979563222 0.001339650174524875 -0.006666666666667
-0.0009327480204367785 0.001339650174524875 -0.006666666666667
-0.0008488861736118174 0.001234490744763229 -0.006666666666667
-0.0008788161202174554 0.001103359080711896 -0.006666666666667
1 599 0 1
1804
-0.0009999999999999996 0.001045 -0.003335833333333492
1 600 0 1
1805
0.0016 -0.000245 -0.0025025
1 601 0 6
1806
1807
1808
1809
1810
1811
0.001721183879782545 -0.0003033590807118965 -0.005
0.001751113826388183 -0.000434490744763229 -0.005
0.001667251979563221 -0.000539650174524875 -0.005
0.001532748020436778 -0.0005396501745248749 -0.005
0.001448886173611817 -0.0004344907447632288 -0.005
0.001478816120217455 -0.0003033590807118964 -0.005
1 602 0 2
1812
1813
0.0016 -0.0001224999999999993 -0.005212176223927188
0.0016 0.0001225000000000013 -0.005212176223927186
1 603 0 6
1814
1815
1816
1817
1818
1819
0.001478816120217455 0.0003033590807118964 -0.005
0.001448886173611817 0.0004344907447632287 -0.005
0.001532748020436779 0.0005396501745248749 -0.005
0.001667251979563222 0.000539650174524875 -0.005
0.001751113826388183 0.0004344907447632288 -0.005
0.001721183879782545 0.0003033590807118964 -0.005
1 604 0 1
1820
0.0016 0.0002450000000000003 -0.0025025
1 605 0 1
1821
-0.0016 -0.000245 -0.0025025
1 606 0 6
1822
1823
1824
1825
1826
1827
-0.001478816120217455 -0.0003033590807118965 -0.005
-0.001448886173611818 -0.000434490744763229 -0.005
-0.001532748020436779 -0.000539650174524875 -0.005
-0.001667251979563222 -0.0005396501745248749 -0.005
-0.001751113826388183 -0.0004344907447632288 -0.005
-0.001721183879782545 -0.0003033590807118964 -0.005
1 607 0 2
1828
1829
-0.0016 -0.0001224999999999993 -0.005212176223927188
-0.0016 0.0001225000000000013 -0.005212176223927186
1 608 0 6
1830
1831
1832
1833
1834
1835
-0.001721183879782545 0.0003033590807118964 -0.005
-0.001751113826388183 0.0004344907447632287 -0.005
-0.001667251979563222 0.0005396501745248749 -0.005
-0.001532748020436779 0.000539650174524875 -0.005
-0.001448886173611818 0.0004344907447632288 -0.005
-0.001478816120217455 0.0003033590807118964 -0.005
1 609 0 1
1836
-0.0016 0.0002450000000000003 -0.0025025
1 610 0 1
1837
0.0016 -0.0006450000000000001 -0.002919166666666504
1 611 0 6
1838
1839
1840
1841
1842
1843
0.001721183879782545 -0.0007033590807118964 -0.005833333333333
0.001751113826388183 -0.000834490744763229 -0.005833333333333
0.001667251979563221 -0.0009396501745248751 -0.005833333333333
0.001532748020436778 -0.0009396501745248749 -0.005833333333333
0.001448886173611817 -0.0008344907447632289 -0.005833333333333
0.001478816120217455 -0.0007033590807118964 -0.005833333333333
1 612 0 2
1844
1845
0.0016 -0.0003224999999999999 -0.006391919718773962
0.0016 0.0003225000000000001 -0.006391919718773962
1 613 0 6
1846
1847
1848
1849
1850
1851
0.001478816120217455 0.0007033590807118964 -0.005833333333333
0.001448886173611817 0.0008344907447632288 -0.005833333333333
0.001532748020436779 0.000939650174524875 -0.005833333333333
0.001667251979563222 0.000939650174524875 -0.005833333333333
0.001751113826388183 0.0008344907447632288 -0.005833333333333
0.001721183879782545 0.0007033590807118963 -0.005833333333333
1 614 0 1
1852
0.0016 0.0006450000000000001 -0.002919166666666496
1 615 0 1
1853
-0.0016 -0.0006450000000000001 -0.002919166666666504
1 616 0 6
1854
1855
1856
1857
1858
1859
-0.001478816120217455 -0.0007033590807118964 -0.005833333333333
-0.001448886173611818 -0.000834490744763229 -0.005833333333333
-0.001532748020436779 -0.0009396501745248751 -0.005833333333333
-0.001667251979563222 -0.0009396501745248749 -0.005833333333333
-0.001751113826388183 -0.0008344907447632289 -0.005833333333333
-0.001721183879782545 -0.0007033590807118964 -0.005833333333333
1 617 0 2
1860
1861
-0.0016 -0.0003224999999999999 -0.006391919718773962
-0.0016 0.0003225000000000001 -0.006391919718773962
1 618 0 6
1862
1863
1864
1865
1866
1867
-0.001721183879782545 0.0007033590807118964 -0.005833333333333
-0.001751113826388183 0.0008344907447632288 -0.005833333333333
-0.001667251979563222 0.000939650174524875 -0.005833333333333
-0.001532748020436779 0.000939650174524875 -0.005833333333333
-0.001448886173611818 0.0008344907447632288 -0.005833333333333
-0.001478816120217455 0.0007033590807118963 -0.005833333333333
1 619 0 1
1868
-0.0016 0.0006450000000000001 -0.002919166666666496
2 1 0 0
2 2 0 0
2 3 0 0
2 4 0 0
2 5 0 0
2 6 0 0
2 7 0 0
2 8 0 0
2 9 0 0
2 10 0 0
2 11 0 0
2 12 0 0
2 13 0 0
2 14 0 0
2 15 0 0
2 16 0 0
2 17 0 0
2 18 0 0
2 19 0 0
2 20 0 0
2 21 0 0
2 22 0 0
2 23 0 0
2 24 0 0
2 25 0 0
2 26 0 0
2 27 0 0
2 28 0 0
2 29 0 0
2 30 0 0
2 31 0 0
2 32 0 0
2 33 0 0
2 34 0 0
2 35 0 0
2 36 0 0
2 37 0 0
2 38 0 0
2 39 0 0
2 40 0 0
2 41 0 0
2 42 0 0
2 43 0 0
2 44 0 0
2 45 0 0
2 46 0 0
2 47 0 0
2 48 0 0
2 49 0 0
2 50 0 0
2 51 0 0
2 52 0 0
2 53 0 0
2 54 0 0
2 55 0 0
2 56 0 0
2 57 0 0
2 58 0 0
2 59 0 0
2 60 0 0
2 61 0 0
2 62 0 0
2 63 0 0
2 64 0 0
2 65 0 0
2 66 0 0
2 67 0 0
2 68 0 0
2 69 0 0
2 70 0 0
2 71 0 0
2 72 0 0
2 73 0 0
2 74 0 0
2 75 0 0
2 76 0 0
2 77 0 0
2 78 0 0
2 79 0 0
2 80 0 0
2 81 0 0
2 82 0 0
2 83 0 0
2 84 0 0
2 85 0 0
2 86 0 0
2 87 0 0
2 88 0 0
2 89 0 0
2 90 0 0
2 91 0 0
2 92 0 0
2 93 0 0
2 94 0 0
2 95 0 0
2 96 0 0
2 97 0 0
2 98 0 0
2 99 0 0
2 100 0 0
2 101 0 0
2 102 0 0
2 103 0 0
2 104 0 0
2 105 0 0
2 106 0 0
2 107 0 0
2 108 0 0
2 109 0 0
2 110 0 0
2 111 0 0
2 112 0 0
2 113 0 0
2 114 0 0
2 115 0 0
2 116 0 0
2 117 0 0
2 118 0 0
2 119 0 0
2 120 0 0
2 121 0 0
2 122 0 0
2 123 0 0
2 124 0 0
2 125 0 0
2 126 0 0
2 127 0 0
2 128 0 0
2 129 0 0
2 130 0 0
2 131 0 0
2 132 0 0
2 133 0 0
2 134 0 0
2 135 0 0
2 136 0 0
2 137 0 0
2 138 0 0
2 139 0 0
2 140 0 0
2 141 0 0
2 142 0 0
2 143 0 0
2 144 0 0
2 145 0 0
2 146 0 0
2 147 0 0
2 148 0 0
2 149 0 0
2 150 0 0
2 151 0 0
2 152 0 0
2 153 0 0
2 154 0 0
2 155 0 0
2 156 0 0
2 157 0 0
2 158 0 0
2 159 0 0
2 160 0 0
2 161 0 0
2 162 0 0
2 163 0 0
2 164 0 0
2 165 0 0
2 166 0 0
2 167 0 0
2 168 0 0
2 169 0 0
2 170 0 0
2 171 0 0
2 172 0 0
2 173 0 0
2 174 0 0
2 175 0 0
2 176 0 0
2 177 0 0
2 178 0 0
2 179 0 0
2 180 0 0
2 181 0 0
2 182 0 0
2 183 0 0
2 184 0 0
2 185 0 0
2 186 0 0
2 187 0 0
2 188 0 0
2 189 0 0
2 190 0 0
2 191 0 0
2 192 0 0
2 193 0 0
2 194 0 0
2 195 0 0
2 196 0 0
2 197 0 0
2 198 0 0
2 199 0 0
2 200 0 0
2 201 0 0
2 202 0 0
2 203 0 0
2 204 0 0
2 205 0 0
2 206 0 0
2 207 0 0
2 208 0 0
2 209 0 0
2 210 0 0
2 211 0 0
2 212 0 0
2 213 0 0
2 214 0 0
2 215 0 0
2 216 0 0
2 217 0 0
2 218 0 0
2 219 0 0
2 220 0 0
2 221 0 0
2 222 0 0
2 223 0 0
2 224 0 0
2 226 0 0
2 229 0 0
2 230 0 0
2 231 0 0
2 233 0 0
2 236 0 0
2 237 0 0
2 238 0 0
2 240 0 0
2 243 0 0
2 244 0 0
2 245 0 0
2 247 0 0
2 250 0 0
2 251 0 0
2 252 0 0
2 254 0 0
2 257 0 0
2 258 0 0
2 259 0 0
2 261 0 0
2 264 0 0
2 265 0 0
2 266 0 0
2 268 0 0
2 271 0 0
2 272 0 0
2 273 0 0
2 275 0 0
2 278 0 0
2 279 0 0
2 280 0 0
2 282 0 0
2 285 0 0
2 286 0 0
2 287 0 0
2 289 0 0
2 292 0 0
2 293 0 0
2 294 0 0
2 296 0 0
2 299 0 0
2 300 0 0
2 301 0 0
2 303 0 0
2 306 0 0
2 307 0 0
2 308 0 0
2 310 0 0
2 313 0 0
2 314 0 0
2 315 0 0
2 317 0 0
2 320 0 0
2 321 0 0
2 322 0 0
2 324 0 0
2 327 0 0
2 328 0 0
2 329 0 0
2 331 0 0
2 334 0 0
2 335 0 0
2 336 0 0
2 338 0 0
2 341 0 0
2 342 0 0
2 343 0 0
2 345 0 0
2 348 0 0
2 349 0 0
2 350 0 0
2 351 0 0
2 352 0 0
2 353 0 0
2 354 0 0
2 355 0 0
2 356 0 0
2 357 0 0
2 358 0 0
2 359 0 0
2 360 0 0
2 361 0 0
2 362 0 0
2 363 0 0
2 364 0 0
2 365 0 0
2 366 0 0
2 367 0 0
2 368 0 0
2 369 0 0
2 370 0 0
2 371 0 0
2 372 0 0
2 373 0 0
2 374 0 0
2 375 0 0
2 376 0 0
2 377 0 0
2 378 0 0
2 379 0 0
2 380 0 0
2 381 0 0
2 382 0 0
2 383 0 0
2 384 0 0
2 385 0 0
2 386 0 0
2 387 0 0
2 388 0 0
2 389 0 0
2 390 0 0
2 391 0 0
2 392 0 0
2 393 0 0
2 394 0 0
2 395 0 0
2 396 0 0
2 397 0 0
2 398 0 0
2 399 0 0
2 400 0 0
2 401 0 0
2 402 0 0
3 1 0 0
3 2 0 0
3 3 0 0
3 4 0 0
3 5 0 0
3 6 0 0
3 7 0 0
3 8 0 0
3 9 0 0
3 10 0 0
3 11 0 0
3 12 0 0
3 13 0 0
3 14 0 0
3 15 0 0
3 16 0 0
3 17 0 0
3 18 0 0
3 19 0 0
3 20 0 0
3 21 0 0
3 22 0 0
3 23 0 0
3 24 0 0
3 25 0 0
3 26 0 0
3 27 0 0
3 28 0 0
3 29 0 0
3 30 0 0
3 31 0 0
3 32 0 0
3 33 0 0
3 34 0 0
3 35 0 0
3 36 0 0
3 37 0 0
3 38 0 0
3 39 0 0
3 40 0 0
3 42 0 0
3 44 0 0
3 46 0 0
3 48 0 0
3 50 0 0
3 52 0 0
3 54 0 0
3 56 0 0
3 58 0 0
3 60 0 0
3 62 0 0
3 64 0 0
3 66 0 0
3 68 0 0
3 70 0 0
3 72 0 0
3 74 0 0
3 76 0 0
3 77 0 0
3 78 0 0
3 79 0 0
3 80 0 0
3 81 0 0
3 82 0 0
3 83 0 0
3 84 0 0
3 85 0 0
3 86 0 0
3 87 0 0
3 88 0 0
3 89 0 0
3 90 0 0
3 91 0 0
3 92 0 0
3 93 0 0
3 94 0 0
$EndNodes
$Elements
822 2400 1 2400
0 1 15 1
1 1 
0 2 15 1
2 2 
0 3 15 1
3 3 
0 4 15 1
4 4 
0 5 15 1
5 5 
0 6 15 1
6 6 
0 7 15 1
7 7 
0 8 15 1
8 8 
0 9 15 1
9 9 
0 10 15 1
10 10 
0 11 15 1
11 11 
0 12 15 1
12 12 
0 13 15 1
13 13 
0 14 15 1
14 14 
0 15 15 1
15 15 
0 16 15 1
16 16 
0 17 15 1
17 17 
0 18 15 1
18 18 
0 19 15 1
19 19 
0 20 15 1
20 20 
0 21 15 1
21 21 
0 22 15 1
22 22 
0 23 15 1
23 23 
0 24 15 1
24 24 
0 25 15 1
25 25 
0 26 15 1
26 26 
0 27 15 1
27 27 
0 28 15 1
28 28 
0 29 15 1
29 29 
0 30 15 1
30 30 
0 31 15 1
31 31 
0 32 15 1
32 32 
0 33 15 1
33 33 
0 34 15 1
34 34 
0 35 15 1
35 35 
0 36 15 1
36 36 
0 37 15 1
37 37 
0 38 15 1
38 38 
0 39 15 1
39 39 
0 40 15 1
40 40 
0 41 15 1
41 41 
0 42 15 1
42 42 
0 43 15 1
43 43 
0 44 15 1
44 44 
0 45 15 1
45 45 
0 46 15 1
46 46 
0 47 15 1
47 47 
0 48 15 1
48 48 
0 49 15 1
49 49 
0 50 15 1
50 50 
0 51 15 1
51 51 
0 52 15 1
52 52 
0 53 15 1
53 53 
0 54 15 1
54 54 
0 55 15 1
55 55 
0 56 15 1
56 56 
0 57 15 1
57 57 
0 58 15 1
58 58 
0 59 15 1
59 59 
0 60 15 1
60 60 
0 61 15 1
61 61 
0 62 15 1
62 62 
0 63 15 1
63 63 
0 64 15 1
64 64 
0 65 15 1
65 65 
0 66 15 1
66 66 
0 67 15 1
67 67 
0 68 15 1
68 68 
0 69 15 1
69 69 
0 70 15 1
70 70 
0 71 15 1
71 71 
0 72 15 1
72 72 
0 73 15 1
73 73 
0 74 15 1
74 74 
0 75 15 1
75 75 
0 76 15 1
76 76 
0 77 15 1
77 77 
0 78 15 1
78 78 
0 79 15 1
79 79 
0 80 15 1
80 80 
0 81 15 1
81 81 
0 82 15 1
82 82 
0 83 15 1
83 83 
0 84 15 1
84 84 
0 85 15 1
85 85 
0 86 15 1
86 86 
0 87 15 1
87 87 
0 88 15 1
88 88 
0 89 15 1
89 89 
0 90 15 1
90 90 
0 91 15 1
91 91 
0 92 15 1
92 92 
0 93 15 1
93 93 
0 94 15 1
94 94 
0 95 15 1
95 95 
0 96 15 1
96 96 
0 97 15 1
97 97 
0 98 15 1
98 98 
0 99 15 1
99 99 
0 100 15 1
100 100 
0 101 15 1
101 101 
0 102 15 1
102 102 
0 103 15 1
103 103 
0 104 15 1
104 104 
0 105 15 1
105 105 
0 106 15 1
106 106 
0 107 15 1
107 107 
0 108 15 1
108 108 
0 109 15 1
109 109 
0 110 15 1
110 110 
0 111 15 1
111 111 
0 112 15 1
112 112 
0 113 15 1
113 113 
0 114 15 1
114 114 
0 115 15 1
115 115 
0 116 15 1
116 116 
0 117 15 1
117 117 
0 118 15 1
118 118 
0 119 15 1
119 119 
0 120 15 1
120 120 
0 121 15 1
121 121 
0 122 15 1
122 122 
0 123 15 1
123 123 
0 124 15 1
124 124 
0 125 15 1
125 125 
0 126 15 1
126 126 
0 127 15 1
127 127 
0 128 15 1
128 128 
0 129 15 1
129 129 
0 130 15 1
130 130 
0 131 15 1
131 131 
0 132 15 1
132 132 
0 133 15 1
133 133 
0 134 15 1
134 134 
0 135 15 1
135 135 
0 136 15 1
136 136 
0 137 15 1
137 137 
0 138 15 1
138 138 
0 139 15 1
139 139 
0 140 15 1
140 140 
0 141 15 1
141 141 
0 142 15 1
142 142 
0 143 15 1
143 143 
0 144 15 1
144 144 
0 145 15 1
145 145 
0 146 15 1
146 146 
0 147 15 1
147 147 
0 148 15 1
148 148 
0 149 15 1
149 149 
0 150 15 1
150 150 
0 151 15 1
151 151 
0 152 15 1
152 152 
0 153 15 1
153 153 
0 154 15 1
154 154 
0 155 15 1
155 155 
0 156 15 1
156 156 
0 157 15 1
157 157 
0 158 15 1
158 158 
0 159 15 1
159 159 
0 160 15 1
160 160 
0 161 15 1
161 161 
0 162 15 1
162 162 
0 163 15 1
163 163 
0 164 15 1
164 164 
0 165 15 1
165 165 
0 166 15 1
166 166 
0 167 15 1
167 167 
0 168 15 1
168 168 
0 169 15 1
169 169 
0 170 15 1
170 170 
0 171 15 1
171 171 
0 172 15 1
172 172 
0 173 15 1
173 173 
0 174 15 1
174 174 
0 175 15 1
175 175 
0 176 15 1
176 176 
0 177 15 1
177 177 
0 178 15 1
178 178 
0 179 15 1
179 179 
0 180 15 1
180 180 
0 181 15 1
181 181 
0 182 15 1
182 182 
0 183 15 1
183 183 
0 184 15 1
184 184 
0 185 15 1
185 185 
0 186 15 1
186 186 
0 187 15 1
187 187 
0 188 15 1
188 188 
0 189 15 1
189 189 
0 190 15 1
190 190 
0 191 15 1
191 191 
0 192 15 1
192 192 
0 193 15 1
193 193 
0 194 15 1
194 194 
0 195 15 1
195 195 
0 196 15 1
196 196 
0 197 15 1
197 197 
0 198 15 1
198 198 
0 199 15 1
199 199 
0 200 15 1
200 200 
0 201 15 1
201 201 
0 202 15 1
202 202 
0 203 15 1
203 203 
0 204 15 1
204 204 
0 205 15 1
205 205 
0 206 15 1
206 206 
0 207 15 1
207 207 
0 208 15 1
208 208 
0 209 15 1
209 209 
0 210 15 1
210 210 
0 211 15 1
211 211 
0 212 15 1
212 212 
0 213 15 1
213 213 
0 214 15 1
214 214 
0 215 15 1
215 215 
0 216 15 1
216 216 
0 217 15 1
217 217 
0 218 15 1
218 218 
0 219 15 1
219 219 
0 220 15 1
220 220 
0 223 15 1
221 221 
0 224 15 1
222 222 
0 227 15 1
223 223 
0 228 15 1
224 224 
0 231 15 1
225 225 
0 232 15 1
226 226 
0 235 15 1
227 227 
0 236 15 1
228 228 
0 239 15 1
229 229 
0 240 15 1
230 230 
0 243 15 1
231 231 
0 244 15 1
232 232 
0 247 15 1
233 233 
0 248 15 1
234 234 
0 251 15 1
235 235 
0 252 15 1
236 236 
0 255 15 1
237 237 
0 256 15 1
238 238 
0 259 15 1
239 239 
0 260 15 1
240 240 
0 263 15 1
241 241 
0 264 15 1
242 242 
0 267 15 1
243 243 
0 268 15 1
244 244 
0 271 15 1
245 245 
0 272 15 1
246 246 
0 275 15 1
247 247 
0 276 15 1
248 248 
0 279 15 1
249 249 
0 280 15 1
250 250 
0 283 15 1
251 251 
0 284 15 1
252 252 
0 287 15 1
253 253 
0 288 15 1
254 254 
0 289 15 1
255 255 
0 290 15 1
256 256 
0 291 15 1
257 257 
0 292 15 1
258 258 
0 293 15 1
259 259 
0 294 15 1
260 260 
0 295 15 1
261 261 
0 296 15 1
262 262 
0 297 15 1
263 263 
0 298 15 1
264 264 
0 299 15 1
265 265 
0 300 15 1
266 266 
0 301 15 1
267 267 
0 302 15 1
268 268 
0 303 15 1
269 269 
0 304 15 1
270 270 
0 305 15 1
271 271 
0 306 15 1
272 272 
0 307 15 1
273 273 
0 308 15 1
274 274 
0 309 15 1
275 275 
0 310 15 1
276 276 
0 311 15 1
277 277 
0 312 15 1
278 278 
0 313 15 1
279 279 
0 314 15 1
280 280 
0 315 15 1
281 281 
0 316 15 1
282 282 
0 317 15 1
283 283 
0 318 15 1
284 284 
0 319 15 1
285 285 
0 320 15 1
286 286 
0 321 15 1
287 287 
0 322 15 1
288 288 
0 323 15 1
289 289 
0 324 15 1
290 290 
1 1 1 1
291 1 2 
1 2 1 1
292 2 3 
1 3 1 1
293 3 4 
1 4 1 1
294 1 4 
1 5 1 2
295 2 291 
296 291 5 
1 6 1 1
297 6 5 
1 7 1 2
298 1 292 
299 292 6 
1 8 1 1
300 7 8 
1 9 1 2
301 7 293 
302 293 2 
1 10 1 2
303 8 294 
304 294 3 
1 11 1 2
305 4 295 
306 295 9 
1 12 1 1
307 10 9 
1 13 1 2
308 3 296 
309 296 10 
1 14 1 2
310 1 297 
311 297 11 
1 15 1 1
312 11 12 
1 16 1 2
313 4 298 
314 298 12 
1 17 1 2
315 7 299 
316 299 5 
1 18 1 2
317 5 300 
318 300 13 
1 19 1 1
319 14 13 
1 20 1 2
320 6 301 
321 301 14 
1 21 1 2
322 6 302 
323 302 11 
1 22 1 2
324 7 303 
325 303 15 
1 23 1 1
326 8 15 
1 24 1 7
327 16 304 
328 304 305 
329 305 306 
330 306 307 
331 307 308 
332 308 309 
333 309 16 
1 25 1 7
334 17 310 
335 310 311 
336 311 312 
337 312 313 
338 313 314 
339 314 315 
340 315 17 
1 26 1 7
341 18 316 
342 316 317 
343 317 318 
344 318 319 
345 319 320 
346 320 321 
347 321 18 
1 27 1 7
348 19 322 
349 322 323 
350 323 324 
351 324 325 
352 325 326 
353 326 327 
354 327 19 
1 28 1 7
355 20 328 
356 328 329 
357 329 330 
358 330 331 
359 331 332 
360 332 333 
361 333 20 
1 29 1 7
362 21 334 
363 334 335 
364 335 336 
365 336 337 
366 337 338 
367 338 339 
368 339 21 
1 30 1 7
369 22 340 
370 340 341 
371 341 342 
372 342 343 
373 343 344 
374 344 345 
375 345 22 
1 31 1 7
376 23 346 
377 346 347 
378 347 348 
379 348 349 
380 349 350 
381 350 351 
382 351 23 
1 32 1 7
383 24 352 
384 352 353 
385 353 354 
386 354 355 
387 355 356 
388 356 357 
389 357 24 
1 33 1 2
390 8 358 
391 358 10 
1 34 1 2
392 9 359 
393 359 12 
1 35 1 1
394 25 26 
1 36 1 1
395 9 25 
1 37 1 1
396 10 26 
1 38 1 2
397 11 360 
398 360 27 
1 39 1 1
399 12 27 
1 40 1 7
400 28 361 
401 361 362 
402 362 363 
403 363 364 
404 364 365 
405 365 366 
406 366 28 
1 41 1 2
407 15 367 
408 367 13 
1 42 1 2
409 25 368 
410 368 14 
1 43 1 2
411 26 369 
412 369 13 
1 44 1 2
413 14 370 
414 370 27 
1 45 1 2
415 15 371 
416 371 26 
1 46 1 7
417 29 372 
418 372 373 
419 373 374 
420 374 375 
421 375 376 
422 376 377 
423 377 29 
1 47 1 1
424 29 16 
1 48 1 7
425 30 378 
426 378 379 
427 379 380 
428 380 381 
429 381 382 
430 382 383 
431 383 30 
1 49 1 1
432 30 17 
1 50 1 7
433 31 384 
434 384 385 
435 385 386 
436 386 387 
437 387 388 
438 388 389 
439 389 31 
1 51 1 1
440 31 18 
1 52 1 7
441 32 390 
442 390 391 
443 391 392 
444 392 393 
445 393 394 
446 394 395 
447 395 32 
1 53 1 1
448 32 19 
1 54 1 7
449 33 396 
450 396 397 
451 397 398 
452 398 399 
453 399 400 
454 400 401 
455 401 33 
1 55 1 1
456 33 20 
1 56 1 7
457 34 402 
458 402 403 
459 403 404 
460 404 405 
461 405 406 
462 406 407 
463 407 34 
1 57 1 1
464 34 21 
1 58 1 7
465 35 408 
466 408 409 
467 409 410 
468 410 411 
469 411 412 
470 412 413 
471 413 35 
1 59 1 1
472 35 22 
1 60 1 7
473 36 414 
474 414 415 
475 415 416 
476 416 417 
477 417 418 
478 418 419 
479 419 36 
1 61 1 1
480 36 23 
1 62 1 7
481 37 420 
482 420 421 
483 421 422 
484 422 423 
485 423 424 
486 424 425 
487 425 37 
1 63 1 1
488 37 24 
1 64 1 2
489 25 426 
490 426 27 
1 65 1 7
491 38 427 
492 427 428 
493 428 429 
494 429 430 
495 430 431 
496 431 432 
497 432 38 
1 66 1 1
498 28 38 
1 67 1 1
499 39 40 
1 68 1 2
500 39 433 
501 433 41 
1 69 1 1
502 40 41 
1 70 1 2
503 38 434 
504 434 42 
1 71 1 7
505 42 435 
506 435 436 
507 436 437 
508 437 438 
509 438 439 
510 439 440 
511 440 42 
1 72 1 1
512 43 39 
1 73 1 1
513 40 44 
1 74 1 1
514 43 44 
1 75 1 1
515 45 41 
1 76 1 2
516 43 441 
517 441 45 
1 77 1 1
518 44 45 
1 78 1 7
519 46 442 
520 442 443 
521 443 444 
522 444 445 
523 445 446 
524 446 447 
525 447 46 
1 79 1 1
526 46 47 
1 80 1 7
527 47 448 
528 448 449 
529 449 450 
530 450 451 
531 451 452 
532 452 453 
533 453 47 
1 81 1 7
534 48 454 
535 454 455 
536 455 456 
537 456 457 
538 457 458 
539 458 459 
540 459 48 
1 82 1 7
541 49 460 
542 460 461 
543 461 462 
544 462 463 
545 463 464 
546 464 465 
547 465 49 
1 83 1 1
548 49 48 
1 84 1 7
549 50 466 
550 466 467 
551 467 468 
552 468 469 
553 469 470 
554 470 471 
555 471 50 
1 85 1 7
556 51 472 
557 472 473 
558 473 474 
559 474 475 
560 475 476 
561 476 477 
562 477 51 
1 86 1 1
563 51 50 
1 87 1 7
564 52 478 
565 478 479 
566 479 480 
567 480 481 
568 481 482 
569 482 483 
570 483 52 
1 88 1 7
571 53 484 
572 484 485 
573 485 486 
574 486 487 
575 487 488 
576 488 489 
577 489 53 
1 89 1 1
578 53 52 
1 90 1 7
579 54 490 
580 490 491 
581 491 492 
582 492 493 
583 493 494 
584 494 495 
585 495 54 
1 91 1 7
586 55 496 
587 496 497 
588 497 498 
589 498 499 
590 499 500 
591 500 501 
592 501 55 
1 92 1 1
593 55 54 
1 93 1 7
594 56 502 
595 502 503 
596 503 504 
597 504 505 
598 505 506 
599 506 507 
600 507 56 
1 94 1 7
601 57 508 
602 508 509 
603 509 510 
604 510 511 
605 511 512 
606 512 513 
607 513 57 
1 95 1 1
608 57 56 
1 96 1 7
609 58 514 
610 514 515 
611 515 516 
612 516 517 
613 517 518 
614 518 519 
615 519 58 
1 97 1 7
616 59 520 
617 520 521 
618 521 522 
619 522 523 
620 523 524 
621 524 525 
622 525 59 
1 98 1 1
623 59 58 
1 99 1 7
624 60 526 
625 526 527 
626 527 528 
627 528 529 
628 529 530 
629 530 531 
630 531 60 
1 100 1 7
631 61 532 
632 532 533 
633 533 534 
634 534 535 
635 535 536 
636 536 537 
637 537 61 
1 101 1 1
638 61 60 
1 102 1 7
639 62 538 
640 538 539 
641 539 540 
642 540 541 
643 541 542 
644 542 543 
645 543 62 
1 103 1 7
646 63 544 
647 544 545 
648 545 546 
649 546 547 
650 547 548 
651 548 549 
652 549 63 
1 104 1 1
653 63 62 
1 105 1 7
654 64 550 
655 550 551 
656 551 552 
657 552 553 
658 553 554 
659 554 555 
660 555 64 
1 106 1 7
661 65 556 
662 556 557 
663 557 558 
664 558 559 
665 559 560 
666 560 561 
667 561 65 
1 107 1 1
668 65 64 
1 108 1 1
669 66 67 
1 109 1 2
670 66 562 
671 562 68 
1 110 1 1
672 68 69 
1 111 1 2
673 67 563 
674 563 69 
1 112 1 1
675 70 67 
1 113 1 1
676 66 71 
1 114 1 1
677 71 70 
1 115 1 2
678 66 564 
679 564 72 
1 116 1 2
680 72 565 
681 565 68 
1 117 1 2
682 68 566 
683 566 73 
1 118 1 1
684 73 69 
1 119 1 7
685 74 567 
686 567 568 
687 568 569 
688 569 570 
689 570 571 
690 571 572 
691 572 74 
1 120 1 2
692 67 573 
693 573 75 
1 121 1 2
694 75 574 
695 574 69 
1 122 1 1
696 76 75 
1 123 1 2
697 70 575 
698 575 76 
1 124 1 2
699 71 576 
700 576 77 
1 125 1 1
701 72 77 
1 126 1 1
702 78 79 
1 127 1 2
703 78 577 
704 577 71 
1 128 1 2
705 79 578 
706 578 70 
1 129 1 2
707 72 579 
708 579 80 
1 130 1 2
709 80 580 
710 580 73 
1 131 1 2
711 81 581 
712 581 73 
1 132 1 1
713 81 75 
1 133 1 7
714 82 582 
715 582 583 
716 583 584 
717 584 585 
718 585 586 
719 586 587 
720 587 82 
1 134 1 1
721 74 82 
1 135 1 1
722 81 83 
1 136 1 1
723 83 76 
1 137 1 2
724 79 588 
725 588 76 
1 138 1 2
726 78 589 
727 589 77 
1 139 1 2
728 77 590 
729 590 84 
1 140 1 1
730 80 84 
1 141 1 2
731 78 591 
732 591 85 
1 142 1 1
733 85 79 
1 143 1 7
734 86 592 
735 592 593 
736 593 594 
737 594 595 
738 595 596 
739 596 597 
740 597 86 
1 144 1 7
741 87 598 
742 598 599 
743 599 600 
744 600 601 
745 601 602 
746 602 603 
747 603 87 
1 145 1 7
748 88 604 
749 604 605 
750 605 606 
751 606 607 
752 607 608 
753 608 609 
754 609 88 
1 146 1 7
755 89 610 
756 610 611 
757 611 612 
758 612 613 
759 613 614 
760 614 615 
761 615 89 
1 147 1 7
762 90 616 
763 616 617 
764 617 618 
765 618 619 
766 619 620 
767 620 621 
768 621 90 
1 148 1 7
769 91 622 
770 622 623 
771 623 624 
772 624 625 
773 625 626 
774 626 627 
775 627 91 
1 149 1 7
776 92 628 
777 628 629 
778 629 630 
779 630 631 
780 631 632 
781 632 633 
782 633 92 
1 150 1 7
783 93 634 
784 634 635 
785 635 636 
786 636 637 
787 637 638 
788 638 639 
789 639 93 
1 151 1 7
790 94 640 
791 640 641 
792 641 642 
793 642 643 
794 643 644 
795 644 645 
796 645 94 
1 152 1 2
797 81 646 
798 646 80 
1 153 1 2
799 82 647 
800 647 95 
1 154 1 7
801 95 648 
802 648 649 
803 649 650 
804 650 651 
805 651 652 
806 652 653 
807 653 95 
1 155 1 2
808 83 654 
809 654 84 
1 156 1 2
810 85 655 
811 655 83 
1 157 1 2
812 85 656 
813 656 84 
1 158 1 7
814 96 657 
815 657 658 
816 658 659 
817 659 660 
818 660 661 
819 661 662 
820 662 96 
1 159 1 1
821 96 86 
1 160 1 7
822 97 663 
823 663 664 
824 664 665 
825 665 666 
826 666 667 
827 667 668 
828 668 97 
1 161 1 1
829 97 87 
1 162 1 7
830 98 669 
831 669 670 
832 670 671 
833 671 672 
834 672 673 
835 673 674 
836 674 98 
1 163 1 1
837 98 88 
1 164 1 7
838 99 675 
839 675 676 
840 676 677 
841 677 678 
842 678 679 
843 679 680 
844 680 99 
1 165 1 1
845 99 89 
1 166 1 7
846 100 681 
847 681 682 
848 682 683 
849 683 684 
850 684 685 
851 685 686 
852 686 100 
1 167 1 1
853 100 90 
1 168 1 7
854 101 687 
855 687 688 
856 688 689 
857 689 690 
858 690 691 
859 691 692 
860 692 101 
1 169 1 1
861 101 91 
1 170 1 7
862 102 693 
863 693 694 
864 694 695 
865 695 696 
866 696 697 
867 697 698 
868 698 102 
1 171 1 1
869 102 92 
1 172 1 7
870 103 699 
871 699 700 
872 700 701 
873 701 702 
874 702 703 
875 703 704 
876 704 103 
1 173 1 1
877 103 93 
1 174 1 7
878 104 705 
879 705 706 
880 706 707 
881 707 708 
882 708 709 
883 709 710 
884 710 104 
1 175 1 1
885 104 94 
1 176 1 1
886 105 106 
1 177 1 2
887 105 711 
888 711 107 
1 178 1 1
889 107 106 
1 179 1 1
890 106 108 
1 180 1 1
891 109 108 
1 181 1 1
892 109 105 
1 182 1 1
893 110 107 
1 183 1 2
894 109 712 
895 712 110 
1 184 1 1
896 110 108 
1 185 1 7
897 111 713 
898 713 714 
899 714 715 
900 715 716 
901 716 717 
902 717 718 
903 718 111 
1 186 1 1
904 111 112 
1 187 1 7
905 112 719 
906 719 720 
907 720 721 
908 721 722 
909 722 723 
910 723 724 
911 724 112 
1 188 1 7
912 113 725 
913 725 726 
914 726 727 
915 727 728 
916 728 729 
917 729 730 
918 730 113 
1 189 1 7
919 114 731 
920 731 732 
921 732 733 
922 733 734 
923 734 735 
924 735 736 
925 736 114 
1 190 1 1
926 114 113 
1 191 1 7
927 115 737 
928 737 738 
929 738 739 
930 739 740 
931 740 741 
932 741 742 
933 742 115 
1 192 1 7
934 116 743 
935 743 744 
936 744 745 
937 745 746 
938 746 747 
939 747 748 
940 748 116 
1 193 1 1
941 116 115 
1 194 1 7
942 117 749 
943 749 750 
944 750 751 
945 751 752 
946 752 753 
947 753 754 
948 754 117 
1 195 1 7
949 118 755 
950 755 756 
951 756 757 
952 757 758 
953 758 759 
954 759 760 
955 760 118 
1 196 1 1
956 118 117 
1 197 1 7
957 119 761 
958 761 762 
959 762 763 
960 763 764 
961 764 765 
962 765 766 
963 766 119 
1 198 1 7
964 120 767 
965 767 768 
966 768 769 
967 769 770 
968 770 771 
969 771 772 
970 772 120 
1 199 1 1
971 120 119 
1 200 1 7
972 121 773 
973 773 774 
974 774 775 
975 775 776 
976 776 777 
977 777 778 
978 778 121 
1 201 1 7
979 122 779 
980 779 780 
981 780 781 
982 781 782 
983 782 783 
984 783 784 
985 784 122 
1 202 1 1
986 122 121 
1 203 1 7
987 123 785 
988 785 786 
989 786 787 
990 787 788 
991 788 789 
992 789 790 
993 790 123 
1 204 1 7
994 124 791 
995 791 792 
996 792 793 
997 793 794 
998 794 795 
999 795 796 
1000 796 124 
1 205 1 1
1001 124 123 
1 206 1 7
1002 125 797 
1003 797 798 
1004 798 799 
1005 799 800 
1006 800 801 
1007 801 802 
1008 802 125 
1 207 1 7
1009 126 803 
1010 803 804 
1011 804 805 
1012 805 806 
1013 806 807 
1014 807 808 
1015 808 126 
1 208 1 1
1016 126 125 
1 209 1 7
1017 127 809 
1018 809 810 
1019 810 811 
1020 811 812 
1021 812 813 
1022 813 814 
1023 814 127 
1 210 1 7
1024 128 815 
1025 815 816 
1026 816 817 
1027 817 818 
1028 818 819 
1029 819 820 
1030 820 128 
1 211 1 1
1031 128 127 
1 212 1 7
1032 129 821 
1033 821 822 
1034 822 823 
1035 823 824 
1036 824 825 
1037 825 826 
1038 826 129 
1 213 1 7
1039 130 827 
1040 827 828 
1041 828 829 
1042 829 830 
1043 830 831 
1044 831 832 
1045 832 130 
1 214 1 1
1046 130 129 
1 215 1 2
1047 131 833 
1048 833 132 
1 216 1 2
1049 133 834 
1050 834 132 
1 217 1 2
1051 131 835 
1052 835 133 
1 218 1 3
1053 131 836 
1054 836 837 
1055 837 134 
1 219 1 2
1056 134 838 
1057 838 135 
1 220 1 3
1058 132 839 
1059 839 840 
1060 840 135 
1 221 1 2
1061 135 841 
1062 841 132 
1 222 1 2
1063 136 842 
1064 842 135 
1 223 1 1
1065 136 133 
1 224 1 1
1066 131 137 
1 225 1 1
1067 133 138 
1 226 1 2
1068 137 843 
1069 843 138 
1 227 1 1
1070 134 139 
1 228 1 3
1071 137 844 
1072 844 845 
1073 845 139 
1 229 1 2
1074 134 846 
1075 846 136 
1 230 1 1
1076 136 140 
1 231 1 1
1077 140 138 
1 232 1 2
1078 137 847 
1079 847 141 
1 233 1 2
1080 141 848 
1081 848 138 
1 234 1 2
1082 139 849 
1083 849 140 
1 235 1 3
1084 141 850 
1085 850 851 
1086 851 142 
1 236 1 2
1087 139 852 
1088 852 142 
1 237 1 2
1089 142 853 
1090 853 140 
1 238 1 2
1091 142 854 
1092 854 141 
1 239 1 7
1093 143 855 
1094 855 856 
1095 856 857 
1096 857 858 
1097 858 859 
1098 859 860 
1099 860 143 
1 240 1 7
1100 144 861 
1101 861 862 
1102 862 863 
1103 863 864 
1104 864 865 
1105 865 866 
1106 866 144 
1 241 1 7
1107 145 867 
1108 867 868 
1109 868 869 
1110 869 870 
1111 870 871 
1112 871 872 
1113 872 145 
1 242 1 7
1114 146 873 
1115 873 874 
1116 874 875 
1117 875 876 
1118 876 877 
1119 877 878 
1120 878 146 
1 243 1 7
1121 147 879 
1122 879 880 
1123 880 881 
1124 881 882 
1125 882 883 
1126 883 884 
1127 884 147 
1 244 1 7
1128 148 885 
1129 885 886 
1130 886 887 
1131 887 888 
1132 888 889 
1133 889 890 
1134 890 148 
1 245 1 7
1135 149 891 
1136 891 892 
1137 892 893 
1138 893 894 
1139 894 895 
1140 895 896 
1141 896 149 
1 246 1 7
1142 150 897 
1143 897 898 
1144 898 899 
1145 899 900 
1146 900 901 
1147 901 902 
1148 902 150 
1 247 1 7
1149 151 903 
1150 903 904 
1151 904 905 
1152 905 906 
1153 906 907 
1154 907 908 
1155 908 151 
1 248 1 7
1156 152 909 
1157 909 910 
1158 910 911 
1159 911 912 
1160 912 913 
1161 913 914 
1162 914 152 
1 249 1 7
1163 153 915 
1164 915 916 
1165 916 917 
1166 917 918 
1167 918 919 
1168 919 920 
1169 920 153 
1 250 1 7
1170 154 921 
1171 921 922 
1172 922 923 
1173 923 924 
1174 924 925 
1175 925 926 
1176 926 154 
1 251 1 7
1177 155 927 
1178 927 928 
1179 928 929 
1180 929 930 
1181 930 931 
1182 931 932 
1183 932 155 
1 252 1 7
1184 156 933 
1185 933 934 
1186 934 935 
1187 935 936 
1188 936 937 
1189 937 938 
1190 938 156 
1 253 1 7
1191 157 939 
1192 939 940 
1193 940 941 
1194 941 942 
1195 942 943 
1196 943 944 
1197 944 157 
1 254 1 7
1198 158 945 
1199 945 946 
1200 946 947 
1201 947 948 
1202 948 949 
1203 949 950 
1204 950 158 
1 255 1 7
1205 159 951 
1206 951 952 
1207 952 953 
1208 953 954 
1209 954 955 
1210 955 956 
1211 956 159 
1 256 1 7
1212 160 957 
1213 957 958 
1214 958 959 
1215 959 960 
1216 960 961 
1217 961 962 
1218 962 160 
1 257 1 1
1219 143 161 
1 258 1 7
1220 161 963 
1221 963 964 
1222 964 965 
1223 965 966 
1224 966 967 
1225 967 968 
1226 968 161 
1 259 1 1
1227 144 162 
1 260 1 7
1228 162 969 
1229 969 970 
1230 970 971 
1231 971 972 
1232 972 973 
1233 973 974 
1234 974 162 
1 261 1 1
1235 145 163 
1 262 1 7
1236 163 975 
1237 975 976 
1238 976 977 
1239 977 978 
1240 978 979 
1241 979 980 
1242 980 163 
1 263 1 1
1243 146 164 
1 264 1 7
1244 164 981 
1245 981 982 
1246 982 983 
1247 983 984 
1248 984 985 
1249 985 986 
1250 986 164 
1 265 1 1
1251 147 165 
1 266 1 7
1252 165 987 
1253 987 988 
1254 988 989 
1255 989 990 
1256 990 991 
1257 991 992 
1258 992 165 
1 267 1 1
1259 148 166 
1 268 1 7
1260 166 993 
1261 993 994 
1262 994 995 
1263 995 996 
1264 996 997 
1265 997 998 
1266 998 166 
1 269 1 1
1267 149 167 
1 270 1 7
1268 167 999 
1269 999 1000 
1270 1000 1001 
1271 1001 1002 
1272 1002 1003 
1273 1003 1004 
1274 1004 167 
1 271 1 1
1275 150 168 
1 272 1 7
1276 168 1005 
1277 1005 1006 
1278 1006 1007 
1279 1007 1008 
1280 1008 1009 
1281 1009 1010 
1282 1010 168 
1 273 1 1
1283 151 169 
1 274 1 7
1284 169 1011 
1285 1011 1012 
1286 1012 1013 
1287 1013 1014 
1288 1014 1015 
1289 1015 1016 
1290 1016 169 
1 275 1 1
1291 152 170 
1 276 1 7
1292 170 1017 
1293 1017 1018 
1294 1018 1019 
1295 1019 1020 
1296 1020 1021 
1297 1021 1022 
1298 1022 170 
1 277 1 1
1299 153 171 
1 278 1 7
1300 171 1023 
1301 1023 1024 
1302 1024 1025 
1303 1025 1026 
1304 1026 1027 
1305 1027 1028 
1306 1028 171 
1 279 1 1
1307 154 172 
1 280 1 7
1308 172 1029 
1309 1029 1030 
1310 1030 1031 
1311 1031 1032 
1312 1032 1033 
1313 1033 1034 
1314 1034 172 
1 281 1 1
1315 155 173 
1 282 1 7
1316 173 1035 
1317 1035 1036 
1318 1036 1037 
1319 1037 1038 
1320 1038 1039 
1321 1039 1040 
1322 1040 173 
1 283 1 1
1323 156 174 
1 284 1 7
1324 174 1041 
1325 1041 1042 
1326 1042 1043 
1327 1043 1044 
1328 1044 1045 
1329 1045 1046 
1330 1046 174 
1 285 1 1
1331 157 175 
1 286 1 7
1332 175 1047 
1333 1047 1048 
1334 1048 1049 
1335 1049 1050 
1336 1050 1051 
1337 1051 1052 
1338 1052 175 
1 287 1 1
1339 158 176 
1 288 1 7
1340 176 1053 
1341 1053 1054 
1342 1054 1055 
1343 1055 1056 
1344 1056 1057 
1345 1057 1058 
1346 1058 176 
1 289 1 1
1347 159 177 
1 290 1 7
1348 177 1059 
1349 1059 1060 
1350 1060 1061 
1351 1061 1062 
1352 1062 1063 
1353 1063 1064 
1354 1064 177 
1 291 1 1
1355 160 178 
1 292 1 7
1356 178 1065 
1357 1065 1066 
1358 1066 1067 
1359 1067 1068 
1360 1068 1069 
1361 1069 1070 
1362 1070 178 
1 293 1 2
1363 179 1071 
1364 1071 180 
1 294 1 3
1365 180 1072 
1366 1072 1073 
1367 1073 179 
1 295 1 1
1368 181 180 
1 296 1 2
1369 182 1074 
1370 1074 181 
1 297 1 1
1371 182 179 
1 298 1 3
1372 181 1075 
1373 1075 1076 
1374 1076 182 
1 299 1 7
1375 183 1077 
1376 1077 1078 
1377 1078 1079 
1378 1079 1080 
1379 1080 1081 
1380 1081 1082 
1381 1082 183 
1 300 1 1
1382 183 184 
1 301 1 7
1383 184 1083 
1384 1083 1084 
1385 1084 1085 
1386 1085 1086 
1387 1086 1087 
1388 1087 1088 
1389 1088 184 
1 302 1 7
1390 185 1089 
1391 1089 1090 
1392 1090 1091 
1393 1091 1092 
1394 1092 1093 
1395 1093 1094 
1396 1094 185 
1 303 1 1
1397 185 186 
1 304 1 7
1398 186 1095 
1399 1095 1096 
1400 1096 1097 
1401 1097 1098 
1402 1098 1099 
1403 1099 1100 
1404 1100 186 
1 305 1 7
1405 187 1101 
1406 1101 1102 
1407 1102 1103 
1408 1103 1104 
1409 1104 1105 
1410 1105 1106 
1411 1106 187 
1 306 1 1
1412 187 188 
1 307 1 7
1413 188 1107 
1414 1107 1108 
1415 1108 1109 
1416 1109 1110 
1417 1110 1111 
1418 1111 1112 
1419 1112 188 
1 308 1 7
1420 189 1113 
1421 1113 1114 
1422 1114 1115 
1423 1115 1116 
1424 1116 1117 
1425 1117 1118 
1426 1118 189 
1 309 1 1
1427 189 190 
1 310 1 7
1428 190 1119 
1429 1119 1120 
1430 1120 1121 
1431 1121 1122 
1432 1122 1123 
1433 1123 1124 
1434 1124 190 
1 311 1 7
1435 191 1125 
1436 1125 1126 
1437 1126 1127 
1438 1127 1128 
1439 1128 1129 
1440 1129 1130 
1441 1130 191 
1 312 1 1
1442 191 192 
1 313 1 7
1443 192 1131 
1444 1131 1132 
1445 1132 1133 
1446 1133 1134 
1447 1134 1135 
1448 1135 1136 
1449 1136 192 
1 314 1 7
1450 193 1137 
1451 1137 1138 
1452 1138 1139 
1453 1139 1140 
1454 1140 1141 
1455 1141 1142 
1456 1142 193 
1 315 1 1
1457 193 194 
1 316 1 7
1458 194 1143 
1459 1143 1144 
1460 1144 1145 
1461 1145 1146 
1462 1146 1147 
1463 1147 1148 
1464 1148 194 
1 317 1 7
1465 195 1149 
1466 1149 1150 
1467 1150 1151 
1468 1151 1152 
1469 1152 1153 
1470 1153 1154 
1471 1154 195 
1 318 1 1
1472 195 196 
1 319 1 7
1473 196 1155 
1474 1155 1156 
1475 1156 1157 
1476 1157 1158 
1477 1158 1159 
1478 1159 1160 
1479 1160 196 
1 320 1 7
1480 197 1161 
1481 1161 1162 
1482 1162 1163 
1483 1163 1164 
1484 1164 1165 
1485 1165 1166 
1486 1166 197 
1 321 1 1
1487 197 198 
1 322 1 7
1488 198 1167 
1489 1167 1168 
1490 1168 1169 
1491 1169 1170 
1492 1170 1171 
1493 1171 1172 
1494 1172 198 
1 323 1 7
1495 199 1173 
1496 1173 1174 
1497 1174 1175 
1498 1175 1176 
1499 1176 1177 
1500 1177 1178 
1501 1178 199 
1 324 1 1
1502 199 200 
1 325 1 7
1503 200 1179 
1504 1179 1180 
1505 1180 1181 
1506 1181 1182 
1507 1182 1183 
1508 1183 1184 
1509 1184 200 
1 326 1 7
1510 201 1185 
1511 1185 1186 
1512 1186 1187 
1513 1187 1188 
1514 1188 1189 
1515 1189 1190 
1516 1190 201 
1 327 1 1
1517 201 202 
1 328 1 7
1518 202 1191 
1519 1191 1192 
1520 1192 1193 
1521 1193 1194 
1522 1194 1195 
1523 1195 1196 
1524 1196 202 
1 329 1 7
1525 203 1197 
1526 1197 1198 
1527 1198 1199 
1528 1199 1200 
1529 1200 1201 
1530 1201 1202 
1531 1202 203 
1 330 1 1
1532 203 204 
1 331 1 7
1533 204 1203 
1534 1203 1204 
1535 1204 1205 
1536 1205 1206 
1537 1206 1207 
1538 1207 1208 
1539 1208 204 
1 332 1 7
1540 205 1209 
1541 1209 1210 
1542 1210 1211 
1543 1211 1212 
1544 1212 1213 
1545 1213 1214 
1546 1214 205 
1 333 1 1
1547 205 206 
1 334 1 7
1548 206 1215 
1549 1215 1216 
1550 1216 1217 
1551 1217 1218 
1552 1218 1219 
1553 1219 1220 
1554 1220 206 
1 335 1 7
1555 207 1221 
1556 1221 1222 
1557 1222 1223 
1558 1223 1224 
1559 1224 1225 
1560 1225 1226 
1561 1226 207 
1 336 1 1
1562 207 208 
1 337 1 7
1563 208 1227 
1564 1227 1228 
1565 1228 1229 
1566 1229 1230 
1567 1230 1231 
1568 1231 1232 
1569 1232 208 
1 338 1 7
1570 209 1233 
1571 1233 1234 
1572 1234 1235 
1573 1235 1236 
1574 1236 1237 
1575 1237 1238 
1576 1238 209 
1 339 1 1
1577 209 210 
1 340 1 7
1578 210 1239 
1579 1239 1240 
1580 1240 1241 
1581 1241 1242 
1582 1242 1243 
1583 1243 1244 
1584 1244 210 
1 341 1 7
1585 211 1245 
1586 1245 1246 
1587 1246 1247 
1588 1247 1248 
1589 1248 1249 
1590 1249 1250 
1591 1250 211 
1 342 1 1
1592 211 212 
1 343 1 7
1593 212 1251 
1594 1251 1252 
1595 1252 1253 
1596 1253 1254 
1597 1254 1255 
1598 1255 1256 
1599 1256 212 
1 344 1 7
1600 213 1257 
1601 1257 1258 
1602 1258 1259 
1603 1259 1260 
1604 1260 1261 
1605 1261 1262 
1606 1262 213 
1 345 1 1
1607 213 214 
1 346 1 7
1608 214 1263 
1609 1263 1264 
1610 1264 1265 
1611 1265 1266 
1612 1266 1267 
1613 1267 1268 
1614 1268 214 
1 347 1 7
1615 215 1269 
1616 1269 1270 
1617 1270 1271 
1618 1271 1272 
1619 1272 1273 
1620 1273 1274 
1621 1274 215 
1 348 1 1
1622 215 216 
1 349 1 7
1623 216 1275 
1624 1275 1276 
1625 1276 1277 
1626 1277 1278 
1627 1278 1279 
1628 1279 1280 
1629 1280 216 
1 350 1 7
1630 217 1281 
1631 1281 1282 
1632 1282 1283 
1633 1283 1284 
1634 1284 1285 
1635 1285 1286 
1636 1286 217 
1 351 1 1
1637 217 218 
1 352 1 7
1638 218 1287 
1639 1287 1288 
1640 1288 1289 
1641 1289 1290 
1642 1290 1291 
1643 1291 1292 
1644 1292 218 
1 353 1 2
1645 58 1293 
1646 1293 219 
1 354 1 7
1647 219 1294 
1648 1294 1295 
1649 1295 1296 
1650 1296 1297 
1651 1297 1298 
1652 1298 1299 
1653 1299 219 
1 355 1 3
1654 219 1300 
1655 1300 1301 
1656 1301 220 
1 356 1 7
1657 220 1302 
1658 1302 1303 
1659 1303 1304 
1660 1304 1305 
1661 1305 1306 
1662 1306 1307 
1663 1307 220 
1 359 1 2
1664 220 1308 
1665 1308 195 
1 363 1 2
1666 129 1309 
1667 1309 221 
1 364 1 7
1668 221 1310 
1669 1310 1311 
1670 1311 1312 
1671 1312 1313 
1672 1313 1314 
1673 1314 1315 
1674 1315 221 
1 365 1 3
1675 221 1316 
1676 1316 1317 
1677 1317 222 
1 366 1 7
1678 222 1318 
1679 1318 1319 
1680 1319 1320 
1681 1320 1321 
1682 1321 1322 
1683 1322 1323 
1684 1323 222 
1 369 1 2
1685 222 1324 
1686 1324 187 
1 373 1 2
1687 54 1325 
1688 1325 223 
1 374 1 7
1689 223 1326 
1690 1326 1327 
1691 1327 1328 
1692 1328 1329 
1693 1329 1330 
1694 1330 1331 
1695 1331 223 
1 375 1 3
1696 223 1332 
1697 1332 1333 
1698 1333 224 
1 376 1 7
1699 224 1334 
1700 1334 1335 
1701 1335 1336 
1702 1336 1337 
1703 1337 1338 
1704 1338 1339 
1705 1339 224 
1 379 1 2
1706 224 1340 
1707 1340 201 
1 383 1 2
1708 127 1341 
1709 1341 225 
1 384 1 7
1710 225 1342 
1711 1342 1343 
1712 1343 1344 
1713 1344 1345 
1714 1345 1346 
1715 1346 1347 
1716 1347 225 
1 385 1 3
1717 225 1348 
1718 1348 1349 
1719 1349 226 
1 386 1 7
1720 226 1350 
1721 1350 1351 
1722 1351 1352 
1723 1352 1353 
1724 1353 1354 
1725 1354 1355 
1726 1355 226 
1 389 1 2
1727 226 1356 
1728 1356 193 
1 393 1 2
1729 50 1357 
1730 1357 227 
1 394 1 7
1731 227 1358 
1732 1358 1359 
1733 1359 1360 
1734 1360 1361 
1735 1361 1362 
1736 1362 1363 
1737 1363 227 
1 395 1 3
1738 227 1364 
1739 1364 1365 
1740 1365 228 
1 396 1 7
1741 228 1366 
1742 1366 1367 
1743 1367 1368 
1744 1368 1369 
1745 1369 1370 
1746 1370 1371 
1747 1371 228 
1 399 1 2
1748 228 1372 
1749 1372 213 
1 403 1 2
1750 117 1373 
1751 1373 229 
1 404 1 7
1752 229 1374 
1753 1374 1375 
1754 1375 1376 
1755 1376 1377 
1756 1377 1378 
1757 1378 1379 
1758 1379 229 
1 405 1 3
1759 229 1380 
1760 1380 1381 
1761 1381 230 
1 406 1 7
1762 230 1382 
1763 1382 1383 
1764 1383 1384 
1765 1384 1385 
1766 1385 1386 
1767 1386 1387 
1768 1387 230 
1 409 1 2
1769 230 1388 
1770 1388 209 
1 413 1 2
1771 48 1389 
1772 1389 231 
1 414 1 7
1773 231 1390 
1774 1390 1391 
1775 1391 1392 
1776 1392 1393 
1777 1393 1394 
1778 1394 1395 
1779 1395 231 
1 415 1 3
1780 231 1396 
1781 1396 1397 
1782 1397 232 
1 416 1 7
1783 232 1398 
1784 1398 1399 
1785 1399 1400 
1786 1400 1401 
1787 1401 1402 
1788 1402 1403 
1789 1403 232 
1 419 1 2
1790 232 1404 
1791 1404 217 
1 423 1 2
1792 115 1405 
1793 1405 233 
1 424 1 7
1794 233 1406 
1795 1406 1407 
1796 1407 1408 
1797 1408 1409 
1798 1409 1410 
1799 1410 1411 
1800 1411 233 
1 425 1 3
1801 233 1412 
1802 1412 1413 
1803 1413 234 
1 426 1 7
1804 234 1414 
1805 1414 1415 
1806 1415 1416 
1807 1416 1417 
1808 1417 1418 
1809 1418 1419 
1810 1419 234 
1 429 1 2
1811 234 1420 
1812 1420 211 
1 433 1 2
1813 60 1421 
1814 1421 235 
1 434 1 7
1815 235 1422 
1816 1422 1423 
1817 1423 1424 
1818 1424 1425 
1819 1425 1426 
1820 1426 1427 
1821 1427 235 
1 435 1 3
1822 235 1428 
1823 1428 1429 
1824 1429 236 
1 436 1 7
1825 236 1430 
1826 1430 1431 
1827 1431 1432 
1828 1432 1433 
1829 1433 1434 
1830 1434 1435 
1831 1435 236 
1 439 1 2
1832 236 1436 
1833 1436 197 
1 443 1 2
1834 125 1437 
1835 1437 237 
1 444 1 7
1836 237 1438 
1837 1438 1439 
1838 1439 1440 
1839 1440 1441 
1840 1441 1442 
1841 1442 1443 
1842 1443 237 
1 445 1 3
1843 237 1444 
1844 1444 1445 
1845 1445 238 
1 446 1 7
1846 238 1446 
1847 1446 1447 
1848 1447 1448 
1849 1448 1449 
1850 1449 1450 
1851 1450 1451 
1852 1451 238 
1 449 1 2
1853 238 1452 
1854 1452 185 
1 453 1 2
1855 56 1453 
1856 1453 239 
1 454 1 7
1857 239 1454 
1858 1454 1455 
1859 1455 1456 
1860 1456 1457 
1861 1457 1458 
1862 1458 1459 
1863 1459 239 
1 455 1 3
1864 239 1460 
1865 1460 1461 
1866 1461 240 
1 456 1 7
1867 240 1462 
1868 1462 1463 
1869 1463 1464 
1870 1464 1465 
1871 1465 1466 
1872 1466 1467 
1873 1467 240 
1 459 1 2
1874 240 1468 
1875 1468 203 
1 463 1 2
1876 121 1469 
1877 1469 241 
1 464 1 7
1878 241 1470 
1879 1470 1471 
1880 1471 1472 
1881 1472 1473 
1882 1473 1474 
1883 1474 1475 
1884 1475 241 
1 465 1 3
1885 241 1476 
1886 1476 1477 
1887 1477 242 
1 466 1 7
1888 242 1478 
1889 1478 1479 
1890 1479 1480 
1891 1480 1481 
1892 1481 1482 
1893 1482 1483 
1894 1483 242 
1 469 1 2
1895 242 1484 
1896 1484 191 
1 473 1 2
1897 52 1485 
1898 1485 243 
1 474 1 7
1899 243 1486 
1900 1486 1487 
1901 1487 1488 
1902 1488 1489 
1903 1489 1490 
1904 1490 1491 
1905 1491 243 
1 475 1 3
1906 243 1492 
1907 1492 1493 
1908 1493 244 
1 476 1 7
1909 244 1494 
1910 1494 1495 
1911 1495 1496 
1912 1496 1497 
1913 1497 1498 
1914 1498 1499 
1915 1499 244 
1 479 1 2
1916 244 1500 
1917 1500 215 
1 483 1 2
1918 113 1501 
1919 1501 245 
1 484 1 7
1920 245 1502 
1921 1502 1503 
1922 1503 1504 
1923 1504 1505 
1924 1505 1506 
1925 1506 1507 
1926 1507 245 
1 485 1 3
1927 245 1508 
1928 1508 1509 
1929 1509 246 
1 486 1 7
1930 246 1510 
1931 1510 1511 
1932 1511 1512 
1933 1512 1513 
1934 1513 1514 
1935 1514 1515 
1936 1515 246 
1 489 1 2
1937 246 1516 
1938 1516 207 
1 493 1 2
1939 64 1517 
1940 1517 247 
1 494 1 7
1941 247 1518 
1942 1518 1519 
1943 1519 1520 
1944 1520 1521 
1945 1521 1522 
1946 1522 1523 
1947 1523 247 
1 495 1 3
1948 247 1524 
1949 1524 1525 
1950 1525 248 
1 496 1 7
1951 248 1526 
1952 1526 1527 
1953 1527 1528 
1954 1528 1529 
1955 1529 1530 
1956 1530 1531 
1957 1531 248 
1 499 1 2
1958 248 1532 
1959 1532 199 
1 503 1 2
1960 123 1533 
1961 1533 249 
1 504 1 7
1962 249 1534 
1963 1534 1535 
1964 1535 1536 
1965 1536 1537 
1966 1537 1538 
1967 1538 1539 
1968 1539 249 
1 505 1 3
1969 249 1540 
1970 1540 1541 
1971 1541 250 
1 506 1 7
1972 250 1542 
1973 1542 1543 
1974 1543 1544 
1975 1544 1545 
1976 1545 1546 
1977 1546 1547 
1978 1547 250 
1 509 1 2
1979 250 1548 
1980 1548 183 
1 513 1 2
1981 62 1549 
1982 1549 251 
1 514 1 7
1983 251 1550 
1984 1550 1551 
1985 1551 1552 
1986 1552 1553 
1987 1553 1554 
1988 1554 1555 
1989 1555 251 
1 515 1 3
1990 251 1556 
1991 1556 1557 
1992 1557 252 
1 516 1 7
1993 252 1558 
1994 1558 1559 
1995 1559 1560 
1996 1560 1561 
1997 1561 1562 
1998 1562 1563 
1999 1563 252 
1 519 1 2
2000 252 1564 
2001 1564 205 
1 523 1 2
2002 119 1565 
2003 1565 253 
1 524 1 7
2004 253 1566 
2005 1566 1567 
2006 1567 1568 
2007 1568 1569 
2008 1569 1570 
2009 1570 1571 
2010 1571 253 
1 525 1 3
2011 253 1572 
2012 1572 1573 
2013 1573 254 
1 526 1 7
2014 254 1574 
2015 1574 1575 
2016 1575 1576 
2017 1576 1577 
2018 1577 1578 
2019 1578 1579 
2020 1579 254 
1 529 1 2
2021 254 1580 
2022 1580 189 
1 530 1 2
2023 21 1581 
2024 1581 255 
1 531 1 7
2025 255 1582 
2026 1582 1583 
2027 1583 1584 
2028 1584 1585 
2029 1585 1586 
2030 1586 1587 
2031 1587 255 
1 532 1 3
2032 255 1588 
2033 1588 1589 
2034 1589 256 
1 533 1 7
2035 256 1590 
2036 1590 1591 
2037 1591 1592 
2038 1592 1593 
2039 1593 1594 
2040 1594 1595 
2041 1595 256 
1 534 1 2
2042 256 1596 
2043 1596 149 
1 535 1 2
2044 94 1597 
2045 1597 257 
1 536 1 7
2046 257 1598 
2047 1598 1599 
2048 1599 1600 
2049 1600 1601 
2050 1601 1602 
2051 1602 1603 
2052 1603 257 
1 537 1 3
2053 257 1604 
2054 1604 1605 
2055 1605 258 
1 538 1 7
2056 258 1606 
2057 1606 1607 
2058 1607 1608 
2059 1608 1609 
2060 1609 1610 
2061 1610 1611 
2062 1611 258 
1 539 1 2
2063 258 1612 
2064 1612 145 
1 540 1 2
2065 19 1613 
2066 1613 259 
1 541 1 7
2067 259 1614 
2068 1614 1615 
2069 1615 1616 
2070 1616 1617 
2071 1617 1618 
2072 1618 1619 
2073 1619 259 
1 542 1 3
2074 259 1620 
2075 1620 1621 
2076 1621 260 
1 543 1 7
2077 260 1622 
2078 1622 1623 
2079 1623 1624 
2080 1624 1625 
2081 1625 1626 
2082 1626 1627 
2083 1627 260 
1 544 1 2
2084 260 1628 
2085 1628 152 
1 545 1 2
2086 93 1629 
2087 1629 261 
1 546 1 7
2088 261 1630 
2089 1630 1631 
2090 1631 1632 
2091 1632 1633 
2092 1633 1634 
2093 1634 1635 
2094 1635 261 
1 547 1 3
2095 261 1636 
2096 1636 1637 
2097 1637 262 
1 548 1 7
2098 262 1638 
2099 1638 1639 
2100 1639 1640 
2101 1640 1641 
2102 1641 1642 
2103 1642 1643 
2104 1643 262 
1 549 1 2
2105 262 1644 
2106 1644 148 
1 550 1 2
2107 17 1645 
2108 1645 263 
1 551 1 7
2109 263 1646 
2110 1646 1647 
2111 1647 1648 
2112 1648 1649 
2113 1649 1650 
2114 1650 1651 
2115 1651 263 
1 552 1 3
2116 263 1652 
2117 1652 1653 
2118 1653 264 
1 553 1 7
2119 264 1654 
2120 1654 1655 
2121 1655 1656 
2122 1656 1657 
2123 1657 1658 
2124 1658 1659 
2125 1659 264 
1 554 1 2
2126 264 1660 
2127 1660 158 
1 555 1 2
2128 88 1661 
2129 1661 265 
1 556 1 7
2130 265 1662 
2131 1662 1663 
2132 1663 1664 
2133 1664 1665 
2134 1665 1666 
2135 1666 1667 
2136 1667 265 
1 557 1 3
2137 265 1668 
2138 1668 1669 
2139 1669 266 
1 558 1 7
2140 266 1670 
2141 1670 1671 
2142 1671 1672 
2143 1672 1673 
2144 1673 1674 
2145 1674 1675 
2146 1675 266 
1 559 1 2
2147 266 1676 
2148 1676 156 
1 560 1 2
2149 16 1677 
2150 1677 267 
1 561 1 7
2151 267 1678 
2152 1678 1679 
2153 1679 1680 
2154 1680 1681 
2155 1681 1682 
2156 1682 1683 
2157 1683 267 
1 562 1 3
2158 267 1684 
2159 1684 1685 
2160 1685 268 
1 563 1 7
2161 268 1686 
2162 1686 1687 
2163 1687 1688 
2164 1688 1689 
2165 1689 1690 
2166 1690 1691 
2167 1691 268 
1 564 1 2
2168 268 1692 
2169 1692 160 
1 565 1 2
2170 87 1693 
2171 1693 269 
1 566 1 7
2172 269 1694 
2173 1694 1695 
2174 1695 1696 
2175 1696 1697 
2176 1697 1698 
2177 1698 1699 
2178 1699 269 
1 567 1 3
2179 269 1700 
2180 1700 1701 
2181 1701 270 
1 568 1 7
2182 270 1702 
2183 1702 1703 
2184 1703 1704 
2185 1704 1705 
2186 1705 1706 
2187 1706 1707 
2188 1707 270 
1 569 1 2
2189 270 1708 
2190 1708 157 
1 570 1 2
2191 22 1709 
2192 1709 271 
1 571 1 7
2193 271 1710 
2194 1710 1711 
2195 1711 1712 
2196 1712 1713 
2197 1713 1714 
2198 1714 1715 
2199 1715 271 
1 572 1 3
2200 271 1716 
2201 1716 1717 
2202 1717 272 
1 573 1 7
2203 272 1718 
2204 1718 1719 
2205 1719 1720 
2206 1720 1721 
2207 1721 1722 
2208 1722 1723 
2209 1723 272 
1 574 1 2
2210 272 1724 
2211 1724 150 
1 575 1 2
2212 92 1725 
2213 1725 273 
1 576 1 7
2214 273 1726 
2215 1726 1727 
2216 1727 1728 
2217 1728 1729 
2218 1729 1730 
2219 1730 1731 
2220 1731 273 
1 577 1 3
2221 273 1732 
2222 1732 1733 
2223 1733 274 
1 578 1 7
2224 274 1734 
2225 1734 1735 
2226 1735 1736 
2227 1736 1737 
2228 1737 1738 
2229 1738 1739 
2230 1739 274 
1 579 1 2
2231 274 1740 
2232 1740 144 
1 580 1 2
2233 20 1741 
2234 1741 275 
1 581 1 7
2235 275 1742 
2236 1742 1743 
2237 1743 1744 
2238 1744 1745 
2239 1745 1746 
2240 1746 1747 
2241 1747 275 
1 582 1 3
2242 275 1748 
2243 1748 1749 
2244 1749 276 
1 583 1 7
2245 276 1750 
2246 1750 1751 
2247 1751 1752 
2248 1752 1753 
2249 1753 1754 
2250 1754 1755 
2251 1755 276 
1 584 1 2
2252 276 1756 
2253 1756 153 
1 585 1 2
2254 90 1757 
2255 1757 277 
1 586 1 7
2256 277 1758 
2257 1758 1759 
2258 1759 1760 
2259 1760 1761 
2260 1761 1762 
2261 1762 1763 
2262 1763 277 
1 587 1 3
2263 277 1764 
2264 1764 1765 
2265 1765 278 
1 588 1 7
2266 278 1766 
2267 1766 1767 
2268 1767 1768 
2269 1768 1769 
2270 1769 1770 
2271 1770 1771 
2272 1771 278 
1 589 1 2
2273 278 1772 
2274 1772 147 
1 590 1 2
2275 18 1773 
2276 1773 279 
1 591 1 7
2277 279 1774 
2278 1774 1775 
2279 1775 1776 
2280 1776 1777 
2281 1777 1778 
2282 1778 1779 
2283 1779 279 
1 592 1 3
2284 279 1780 
2285 1780 1781 
2286 1781 280 
1 593 1 7
2287 280 1782 
2288 1782 1783 
2289 1783 1784 
2290 1784 1785 
2291 1785 1786 
2292 1786 1787 
2293 1787 280 
1 594 1 2
2294 280 1788 
2295 1788 159 
1 595 1 2
2296 86 1789 
2297 1789 281 
1 596 1 7
2298 281 1790 
2299 1790 1791 
2300 1791 1792 
2301 1792 1793 
2302 1793 1794 
2303 1794 1795 
2304 1795 281 
1 597 1 3
2305 281 1796 
2306 1796 1797 
2307 1797 282 
1 598 1 7
2308 282 1798 
2309 1798 1799 
2310 1799 1800 
2311 1800 1801 
2312 1801 1802 
2313 1802 1803 
2314 1803 282 
1 599 1 2
2315 282 1804 
2316 1804 155 
1 600 1 2
2317 24 1805 
2318 1805 283 
1 601 1 7
2319 283 1806 
2320 1806 1807 
2321 1807 1808 
2322 1808 1809 
2323 1809 1810 
2324 1810 1811 
2325 1811 283 
1 602 1 3
2326 283 1812 
2327 1812 1813 
2328 1813 284 
1 603 1 7
2329 284 1814 
2330 1814 1815 
2331 1815 1816 
2332 1816 1817 
2333 1817 1818 
2334 1818 1819 
2335 1819 284 
1 604 1 2
2336 284 1820 
2337 1820 151 
1 605 1 2
2338 91 1821 
2339 1821 285 
1 606 1 7
2340 285 1822 
2341 1822 1823 
2342 1823 1824 
2343 1824 1825 
2344 1825 1826 
2345 1826 1827 
2346 1827 285 
1 607 1 3
2347 285 1828 
2348 1828 1829 
2349 1829 286 
1 608 1 7
2350 286 1830 
2351 1830 1831 
2352 1831 1832 
2353 1832 1833 
2354 1833 1834 
2355 1834 1835 
2356 1835 286 
1 609 1 2
2357 286 1836 
2358 1836 143 
1 610 1 2
2359 23 1837 
2360 1837 287 
1 611 1 7
2361 287 1838 
2362 1838 1839 
2363 1839 1840 
2364 1840 1841 
2365 1841 1842 
2366 1842 1843 
2367 1843 287 
1 612 1 3
2368 287 1844 
2369 1844 1845 
2370 1845 288 
1 613 1 7
2371 288 1846 
2372 1846 1847 
2373 1847 1848 
2374 1848 1849 
2375 1849 1850 
2376 1850 1851 
2377 1851 288 
1 614 1 2
2378 288 1852 
2379 1852 154 
1 615 1 2
2380 89 1853 
2381 1853 289 
1 616 1 7
2382 289 1854 
2383 1854 1855 
2384 1855 1856 
2385 1856 1857 
2386 1857 1858 
2387 1858 1859 
2388 1859 289 
1 617 1 3
2389 289 1860 
2390 1860 1861 
2391 1861 290 
1 618 1 7
2392 290 1862 
2393 1862 1863 
2394 1863 1864 
2395 1864 1865 
2396 1865 1866 
2397 1866 1867 
2398 1867 290 
1 619 1 2
2399 290 1868 
2400 1868 146 
$EndElements
