/*--------------------------------*- C++ -*----------------------------------*\
  =========                 |
  \\      /  F ield         | OpenFOAM: The Open Source CFD Toolbox
   \\    /   O peration     | Website:  https://openfoam.org
    \\  /    A nd           | Version:  13
     \\/     M anipulation  |
\*---------------------------------------------------------------------------*/
FoamFile
{
    format      ascii;
    class       volScalarField;
    location    "1923";
    object      k;
}
// * * * * * * * * * * * * * * * * * * * * * * * * * * * * * * * * * * * * * //

dimensions      [0 2 -2 0 0 0 0];

internalField   nonuniform List<scalar> 
34022
(
0.00980202
0.00366037
0.0019223
0.0066897
0.00361713
0.00112637
0.0060558
0.00251554
0.00238598
0.00146231
0.00794374
0.00841576
0.00824488
0.00525654
0.000383097
0.000602968
0.000811158
0.00337466
0.00170132
0.002188
0.00544568
0.0107794
0.00524469
0.00116217
0.0033136
0.0034697
0.00499113
0.00334912
0.00304637
0.0019829
0.00196555
0.000982391
0.00214718
0.00249632
0.00268681
0.00428541
0.00723576
0.00264851
0.00231891
0.00192557
0.00255587
0.00283159
0.00409249
0.00101979
0.00048086
0.00147856
0.00388726
0.00460813
0.00505281
0.00228403
0.000868101
0.00141663
0.00195324
0.000400505
0.000365824
0.000437031
0.00107784
0.000879398
0.000990746
0.000652905
0.000485056
0.00106575
0.00128631
0.000375105
0.000948451
0.00136557
0.0014418
0.00141001
0.00139807
0.00149803
0.00134826
0.00155885
0.00135006
0.00132237
0.00125943
0.00285196
0.00119632
0.00132257
0.00120212
0.000826897
0.000963617
0.00114968
0.000957167
0.000688133
0.00112718
0.00142775
0.000898935
0.00115939
0.00108112
0.000888441
0.00127589
0.00118506
0.00151682
0.00118622
0.000964263
0.000975509
0.00123619
0.00120918
0.00122588
0.0011019
0.000663019
0.00123874
0.00198993
0.00116844
0.000671647
0.00142501
0.00112642
0.000753353
0.000721861
0.00114031
0.000946967
0.00114681
0.00110589
0.000609455
0.000888346
0.00235703
0.00321193
0.00401304
0.00256474
0.000723055
0.00133747
0.00151371
0.0015908
0.00167549
0.00179424
0.00165109
0.0025697
0.000475685
0.00280184
0.00141702
0.0015694
0.00195255
0.00123584
0.00270247
0.00135899
0.00161903
0.000786878
0.00219886
0.00116849
0.00137933
0.00144874
0.00259387
0.00117161
0.0019639
0.00239275
0.00200249
0.00146344
0.000863462
0.0018028
0.00308777
0.00201922
0.00142193
0.0015508
0.00172892
0.00173086
0.00136056
0.00149865
0.00146027
0.00170159
0.00169195
0.00230138
0.0100732
0.00505474
0.00457711
0.00179754
0.00254197
0.00188647
0.00137186
0.00147579
0.00127484
0.00137831
0.00128137
0.00353541
0.00319885
0.00132479
0.00426944
0.00322103
0.00338283
0.00296462
0.00349786
0.00337539
0.00339152
0.00212124
0.00372272
0.00290356
0.00692754
0.00397557
0.00429464
0.00317797
0.00458883
0.00498628
0.0041311
0.00345914
0.00307287
0.00263923
0.00322969
0.00363018
0.00420241
0.00344342
0.00170448
0.00234837
0.00199365
0.00216073
0.00227484
0.00185581
0.0026311
0.00305672
0.00581585
0.00403245
0.00424556
0.00459618
0.00324559
0.0020144
0.00283114
0.00293496
0.00174402
0.00120647
0.00489873
0.00165505
0.00176793
0.00469064
0.0042921
0.00557427
0.00371639
0.00510545
0.00417416
0.00680572
0.00527654
0.00490299
0.00463329
0.0153851
0.0040791
0.00508099
0.00661387
0.00150167
0.0056645
0.00244297
0.00292082
0.00584377
0.0035326
0.00509458
0.0101183
0.00458451
0.00568594
0.00342284
0.00503195
0.00645736
0.00425131
0.00441374
0.00381011
0.00493868
0.00558066
0.00489032
0.00419165
0.00258676
0.00642329
0.00889477
0.00450026
0.00565695
0.00399144
0.00439749
0.00430958
0.00456179
0.00413898
0.00595445
0.00410423
0.00347959
0.00460835
0.00725397
0.00473037
0.00564469
0.00624132
0.00575496
0.00767972
0.00576885
0.00482243
0.00727992
0.00554687
0.00644228
0.00433526
0.00433368
0.00477839
0.00509059
0.00465033
0.00306689
0.00347813
0.00125347
0.00762197
0.00579846
0.00680933
0.00507399
0.0058433
0.00495477
0.00135566
0.00129631
0.00117257
0.00146891
0.00364963
0.00551972
0.00104992
0.0011763
0.00550304
0.00489169
0.0067881
0.00702989
0.00480895
0.00490842
0.00662422
0.000981406
0.00638014
0.00155334
0.0034186
0.00479699
0.000831401
0.00179213
0.00155098
0.00634772
0.00359494
0.00410271
0.00497407
0.00382478
0.00169861
0.0040745
0.00261645
0.000648853
0.000713055
0.000805124
0.0010557
0.0011083
0.00125267
0.00277193
0.00380201
0.00582464
0.00457117
0.00400182
0.00459453
0.00432796
0.00365014
0.00468987
0.00286629
0.00372781
0.00325755
0.0035885
0.00408966
0.00319544
0.00205235
0.00292487
0.00317272
0.00296449
0.0029171
0.00117236
0.00125302
0.00203782
0.00131208
0.000752597
0.0022295
0.00325672
0.00246761
0.00125313
0.00243366
0.00167938
0.0022424
0.0031917
0.00299613
0.002449
0.00278685
0.00197888
0.0020347
0.00308321
0.00116749
0.0012321
0.00461262
0.0042182
0.00415288
0.00262696
0.00280233
0.00296468
0.00226228
0.00481329
0.00133777
0.00187849
0.00400205
0.00232894
0.00297976
0.00366524
0.00166637
0.00155358
0.00469916
0.00471764
0.00461208
0.00475831
0.00489893
0.00220095
0.00212832
0.00389395
0.0041214
0.00195985
0.00216823
0.00554266
0.00434535
0.00533408
0.00143615
0.00461881
0.00874433
0.00351853
0.00537331
0.00402596
0.00599213
0.00444613
0.00494328
0.00319135
0.00417573
0.00472888
0.00399327
0.00406832
0.00532791
0.00464919
0.00298174
0.00298236
0.0047828
0.0012912
0.00144436
0.00292445
0.00357759
0.00293002
0.00343765
0.00414712
0.00371112
0.00335702
0.00295995
0.0027323
0.00263649
0.00121882
0.00262073
0.00447779
0.00367061
0.00278722
0.00420998
0.00221629
0.00321094
0.00290437
0.00266719
0.00314616
0.00371452
0.00328399
0.00408365
0.00255389
0.00287605
0.00203997
0.00174933
0.00211696
0.0018665
0.00194349
0.00376272
0.00597179
0.00457792
0.0042589
0.0047076
0.00399405
0.0047345
0.00449916
0.00575937
0.00530159
0.00530992
0.00466535
0.0018661
0.00192136
0.00195577
0.00410868
0.00475524
0.00552511
0.00249751
0.00196445
0.00178558
0.00339701
0.00423145
0.00349933
0.00345497
0.00350384
0.002746
0.0030715
0.00334467
0.00408448
0.00344273
0.00170723
0.00208097
0.00358226
0.00185998
0.00174966
0.00210503
0.003641
0.00354558
0.00409698
0.00502
0.00297666
0.00297409
0.00430471
0.00175509
0.00307706
0.00374235
0.00128344
0.00292494
0.0028691
0.00369153
0.00384712
0.00294028
0.00288263
0.00316115
0.0023152
0.00256414
0.00378791
0.00446731
0.00309003
0.00173221
0.00451757
0.00385385
0.00442792
0.00411465
0.0043608
0.00397745
0.00381955
0.00402774
0.00374051
0.00303326
0.00319145
0.00314273
0.00309717
0.00339755
0.00166896
0.00292822
0.00227421
0.00250894
0.0030065
0.00231304
0.00259865
0.00265041
0.00272466
0.00242221
0.00217251
0.00313949
0.00324124
0.00232534
0.0024791
0.00308999
0.0035831
0.00318916
0.00404238
0.00254384
0.00277532
0.00267231
0.00322705
0.00368458
0.00368672
0.00315419
0.00386418
0.00252128
0.00291985
0.00312628
0.00259657
0.0029981
0.00270517
0.00308882
0.00196462
0.00243345
0.00186001
0.0023309
0.00236691
0.0024163
0.00271835
0.00245606
0.0023494
0.00211341
0.00215632
0.00198315
0.00191306
0.0017307
0.00192828
0.00342358
0.00270463
0.0022442
0.00247229
0.00314759
0.00134957
0.00263568
0.00238122
0.0027262
0.00198031
0.00219366
0.00205028
0.00132691
0.00255181
0.0024069
0.00198611
0.00367165
0.00269901
0.00319026
0.00184166
0.00284922
0.00370584
0.00307615
0.00216751
0.00326387
0.00336548
0.00276295
0.00143766
0.00248443
0.00212438
0.00224672
0.00274959
0.00204779
0.00181415
0.00264737
0.00290259
0.00356751
0.00226933
0.00278129
0.00233254
0.00217083
0.00375982
0.00443375
0.00310039
0.00285896
0.00319872
0.00219285
0.00293952
0.00198934
0.00204412
0.002856
0.00218397
0.00218038
0.000944781
0.000843961
0.00120928
0.00147101
0.00398412
0.00394781
0.00285515
0.00210131
0.0023195
0.0027504
0.00303158
0.00314992
0.00154684
0.00172211
0.001401
0.00222791
0.00260665
0.00167136
0.00308623
0.00370367
0.00181893
0.00136004
0.00140967
0.00216868
0.00180713
0.0031782
0.00247704
0.00162258
0.00228018
0.00270398
0.00215943
0.00266487
0.0030063
0.00201765
0.00164899
0.00177036
0.00208153
0.00271406
0.00273365
0.00155541
0.00246155
0.00153882
0.00166172
0.00164787
0.0018201
0.00174219
0.00139803
0.00191368
0.00211529
0.0023506
0.00195274
0.00161389
0.0018845
0.0019058
0.00154192
0.00120232
0.00364281
0.0028546
0.00206908
0.000881959
0.00118502
0.00235024
0.0031991
0.001647
0.0019052
0.00176135
0.00245516
0.00263857
0.00204952
0.00238646
0.00234073
0.00227003
0.00291061
0.00267308
0.00224414
0.00187735
0.0022267
0.00230274
0.00134051
0.00151705
0.00171479
0.00159516
0.00134525
0.00202234
0.00225494
0.00171985
0.00205927
0.00202091
0.00176159
0.00194384
0.00192918
0.00236082
0.00208296
0.00212363
0.00317131
0.00294893
0.00239578
0.00233335
0.00265132
0.00281848
0.00267279
0.00276339
0.00256265
0.00282173
0.0024264
0.00276393
0.00197848
0.00220611
0.00229666
0.00269751
0.00234331
0.00262898
0.00243261
0.00284387
0.00251587
0.00246519
0.00364432
0.00220076
0.00301594
0.0018718
0.00175515
0.00173919
0.00183339
0.00176673
0.00168121
0.00146886
0.00183709
0.0017344
0.00156078
0.00180221
0.00169271
0.00168518
0.00148359
0.00171205
0.00207756
0.00165158
0.002001
0.00185568
0.00164746
0.00173493
0.00173499
0.00163577
0.00178904
0.00173024
0.00145798
0.00158702
0.0017301
0.00161206
0.00172896
0.00157468
0.0011843
0.00167818
0.00175188
0.00181178
0.00166009
0.00157898
0.00163477
0.00155144
0.00154426
0.00152747
0.00165261
0.00166228
0.00163443
0.00152039
0.00166754
0.00152106
0.00152165
0.00152225
0.00148554
0.00150478
0.00149082
0.00152877
0.00672965
0.00560889
0.00682297
0.00698026
0.00585408
0.00735995
0.00559285
0.0103165
0.00606367
0.00870363
0.00623075
0.00867336
0.00480086
0.00753197
0.00471781
0.00510513
0.0046794
0.00579925
0.00442764
0.00445966
0.00486181
0.0074248
0.0043919
0.00538183
0.00678367
0.00441724
0.00445938
0.00661871
0.00433499
0.00652255
0.00446634
0.00486087
0.00439585
0.00505198
0.00438385
0.00644524
0.00498418
0.00485222
0.00465258
0.00503278
0.00462431
0.00704025
0.00948411
0.0103604
0.00928506
0.00546376
0.00587298
0.00749117
0.005911
0.00637301
0.00716472
0.00566035
0.0053908
0.00535261
0.0044854
0.00988026
0.0114228
0.0063963
0.0098912
0.00805899
0.00744519
0.00759302
0.00784587
0.00698342
0.00706348
0.00741661
0.00715237
0.00755703
0.0063896
0.00445902
0.00750555
0.00554869
0.00779184
0.0045799
0.00736711
0.0112245
0.00647769
0.00860265
0.00554857
0.00567904
0.00784016
0.00642661
0.00482938
0.00563683
0.00528413
0.00819527
0.00614661
0.00571753
0.0113845
0.00598867
0.0120922
0.00570967
0.00900044
0.00515693
0.00912932
0.00538105
0.00870476
0.0109267
0.00705038
0.00538629
0.0108743
0.0111116
0.0101442
0.00756375
0.00787576
0.0102193
0.00915232
0.00766755
0.0063789
0.00850905
0.00641354
0.00970325
0.0113203
0.00709619
0.00995434
0.00898465
0.00771354
0.00560578
0.00767023
0.00610708
0.00983542
0.00650273
0.00662874
0.00584406
0.00545976
0.00649208
0.00658609
0.00528521
0.00857102
0.0070013
0.00660595
0.00683059
0.0098795
0.00721428
0.0081801
0.00627221
0.00699106
0.00675977
0.00790394
0.00815228
0.00787038
0.00789273
0.00603777
0.00733515
0.00991379
0.0109106
0.00779914
0.00597287
0.00548981
0.00850932
0.00788277
0.00782811
0.00859179
0.0078444
0.00771591
0.00776465
0.00854766
0.010978
0.00826494
0.0107429
0.00823305
0.0117502
0.0105231
0.0084442
0.0121501
0.00900347
0.00903142
0.0122282
0.0135484
0.00928337
0.00945021
0.0116691
0.016274
0.011134
0.0105666
0.0135407
0.00897819
0.0109712
0.0164913
0.0118045
0.00958769
0.0118857
0.00850528
0.00897431
0.0116487
0.010706
0.0109728
0.0122313
0.0107527
0.011586
0.0116824
0.0149348
0.0128927
0.0125246
0.0132774
0.0126134
0.0158137
0.00659163
0.0102878
0.0143294
0.0155521
0.0117961
0.0158214
0.0140782
0.0153717
0.013775
0.0100173
0.0110334
0.0108066
0.0115641
0.0101421
0.0114962
0.0169137
0.0108104
0.0115356
0.0090449
0.00961011
0.0101712
0.0102101
0.0100922
0.0165613
0.0161298
0.0115045
0.0215432
0.0139051
0.0129391
0.010496
0.0189666
0.0102863
0.0133267
0.0124227
0.0108553
0.0110853
0.0122675
0.0113091
0.01135
0.00954324
0.0112169
0.0100787
0.0138319
0.0131662
0.017746
0.0243768
0.0132222
0.0124441
0.0204121
0.0124586
0.0112597
0.0144948
0.0141446
0.0116763
0.0160025
0.0150644
0.0192962
0.0215857
0.0103418
0.0119742
0.0140405
0.0152911
0.0125205
0.0243737
0.0259544
0.0292234
0.0179419
0.0236476
0.0144233
0.0220243
0.012057
0.0238231
0.02583
0.0213746
0.00106276
0.000606803
0.000989516
0.00115419
0.00122754
0.000475262
0.000902529
0.00128824
0.000720529
0.000751607
0.000696998
0.000672417
0.00066176
0.000645304
0.000340049
0.000616491
0.000592428
0.000586954
0.00053876
0.000583536
0.000574708
0.000951545
0.000360609
0.00047224
0.000417911
0.000575162
0.000475606
0.000471412
0.000493331
0.000505401
0.000671072
0.000455207
0.000386999
0.000579739
0.000395905
0.000680807
0.00070425
0.000376556
0.000368958
0.000478028
0.000682022
0.000646242
0.000647535
0.000363867
0.000344631
0.000550935
0.000475363
0.000655059
0.000632656
0.000655005
0.000572712
0.000880662
0.000654761
0.000588516
0.000609844
0.000615326
0.00111723
0.00121347
0.000769311
0.00105577
0.000812407
0.000701323
0.000608223
0.000605178
0.000880567
0.000557381
0.000752133
0.000347763
0.000359278
0.00041049
0.000336698
0.00102856
0.000874602
0.000845941
0.00125237
0.000958408
0.00130351
0.00101594
0.00111399
0.00104099
0.00167663
0.00182877
0.00177418
0.00163065
0.00142401
0.0011179
0.00119277
0.00158054
0.00162436
0.00142529
0.000601742
0.000766999
0.000625691
0.00152088
0.000813407
0.000859021
0.00113281
0.00192927
0.00224268
0.000824751
0.00221467
0.00141765
0.000880093
0.00103136
0.000924273
0.00090692
0.000851942
0.00110904
0.000987282
0.0024002
0.00113443
0.0012048
0.00146771
0.00210825
0.00111977
0.000876696
0.00124216
0.00253951
0.00130282
0.00133736
0.00173239
0.0023702
0.000803784
0.000792485
0.00216662
0.00161233
0.00142284
0.00104111
0.00197514
0.001631
0.00198645
0.00183789
0.0018104
0.00126642
0.00201111
0.00117967
0.00149505
0.000668568
0.00107748
0.000810873
0.00108241
0.000590058
0.000614859
0.00060718
0.000723461
0.000727102
0.000664413
0.000761825
0.00133834
0.00100974
0.00119442
0.00143947
0.00109926
0.0015271
0.0014006
0.00123304
0.0011495
0.000417884
0.000443052
0.000606978
0.00055132
0.000534517
0.000558503
0.000533594
0.000530003
0.00052679
0.000512764
0.000555987
0.0005746
0.00050137
0.000825901
0.000953941
0.00089302
0.000735627
0.00190051
0.00164473
0.00137933
0.00176347
0.00157236
0.000810784
0.000877092
0.00176988
0.00181269
0.00184787
0.00162247
0.00178072
0.00184555
0.001467
0.000713201
0.00084476
0.000485728
0.00111078
0.000703999
0.000814294
0.000896169
0.0010059
0.00111863
0.000814949
0.000950132
0.00066345
0.000695421
0.000400652
0.000721049
0.000555952
0.000629665
0.000334462
0.000354964
0.000819693
0.0025738
0.00208314
0.00230822
0.00239907
0.00155275
0.00265057
0.00116944
0.000986212
0.00280492
0.00148917
0.00126487
0.0016397
0.00223442
0.00208102
0.00101749
0.00307012
0.00227272
0.00191184
0.00215271
0.00192383
0.00150907
0.00110508
0.00230363
0.00116283
0.000591422
0.000624689
0.000646696
0.00104728
0.000611821
0.00060713
0.000609901
0.00068964
0.000811685
0.00100462
0.00130026
0.00169678
0.00153044
0.00148738
0.00264281
0.00110751
0.00110888
0.00132874
0.00157398
0.00159563
0.00147077
0.00107838
0.00135435
0.00129081
0.001268
0.00124131
0.00121822
0.00119046
0.000407975
0.000797919
0.00109221
0.000702462
0.000938039
0.00120213
0.00134327
0.00115316
0.000961998
0.000634989
0.000820823
0.00130049
0.00117593
0.00114433
0.0013169
0.00111167
0.00119661
0.00109528
0.00105246
0.00114006
0.00149495
0.000572406
0.000430389
0.000767429
0.000423248
0.000448723
0.000464823
0.000603225
0.000443766
0.000497377
0.000355495
0.000426335
0.000969359
0.00105692
0.000951067
0.0010155
0.00139203
0.000794384
0.000890311
0.000843763
0.000950764
0.000730956
0.000714827
0.000400033
0.000424082
0.000443261
0.000420677
0.0017061
0.00202443
0.000771539
0.00172414
0.000939341
0.000988586
0.0013534
0.0015882
0.00157905
0.000572246
0.00200427
0.00106922
0.000943966
0.00162166
0.00101547
0.00104896
0.00101259
0.00105182
0.00147611
0.00160887
0.00196914
0.00118058
0.00117353
0.00122711
0.000973861
0.00128409
0.000461937
0.000579767
0.000312346
0.000364642
0.00232629
0.00207377
0.0014868
0.00100862
0.00219774
0.0011238
0.00156194
0.00144236
0.00125946
0.00275688
0.00142095
0.00167055
0.00179058
0.00121027
0.00287301
0.00222071
0.00266964
0.00224783
0.00243318
0.00137824
0.00189452
0.00140162
0.00256778
0.00171829
0.00266258
0.00245405
0.00103732
0.00129085
0.00199666
0.00124601
0.000543185
0.0019125
0.00134614
0.000925963
0.000415115
0.000785961
0.000602221
0.00140341
0.000344824
0.000848346
0.00103146
0.00177438
0.000899703
0.00168183
0.000927662
0.000518603
0.000535733
0.000957841
0.00172137
0.00179908
0.00257819
0.00165898
0.000281513
0.000335323
0.000673634
0.000429363
0.000342565
0.000700985
0.000780064
0.000731117
0.000364548
0.000507789
0.000398378
0.00059341
0.000614808
0.00065291
0.00116474
0.00254713
0.00103189
0.000876381
0.000985843
0.000984106
0.00109365
0.00123173
0.00106475
0.000245522
0.00181723
0.00147857
0.00178185
0.00143406
0.00155083
0.00216234
0.00132413
0.00251293
0.00170889
0.00133409
0.00141506
0.00146107
0.00273813
0.00150142
0.00128487
0.00192311
0.0013781
0.00130825
0.00172615
0.00165948
0.00230565
0.00157069
0.00317986
0.00146539
0.00114478
0.00184003
0.00136126
0.00137612
0.000694368
0.00161933
0.00032313
0.000663955
0.000233223
0.00118012
0.00122832
0.00162992
0.000994152
0.00116047
0.000919891
0.0010471
0.000276457
0.000339829
0.000608392
0.000725402
0.000324376
0.000392733
0.000258611
0.000351031
0.000802196
0.00102919
0.00101604
0.0012442
0.00170543
0.00130404
0.00125871
0.000378889
0.00115013
0.00138538
0.00149972
0.00147195
0.00170257
0.00151616
0.00159758
0.000840045
0.00036626
0.000695376
0.000365353
0.000978432
0.00110226
0.000352495
0.00117754
0.0009649
0.000852799
0.00107949
0.00136588
0.00119685
0.000507078
0.00154672
0.00286794
0.00207966
0.00224739
0.000822963
0.00196696
0.000804973
0.00102272
0.00249785
0.00294157
0.00116308
0.00261849
0.00207101
0.00299432
0.00162898
0.00156632
0.00255057
0.00150964
0.00248546
0.00179086
0.0015404
0.00148047
0.00228035
0.00163022
0.00146702
0.00151956
0.00206956
0.00212966
0.00145894
0.00139303
0.00141352
0.00148542
0.00147207
0.00173654
0.0014563
0.00182522
0.00154921
0.00171935
0.00187845
0.00169757
0.00193802
0.00226093
0.0022624
0.00323264
0.00282766
0.00238528
0.0032972
0.00349593
0.00336715
0.00297424
0.00274105
0.00387759
0.00382053
0.0036087
0.00143054
0.00156381
0.00161505
0.00193238
0.00198792
0.00386572
0.0036874
0.00386187
0.00207101
0.0054901
0.00381709
0.00365011
0.00335407
0.00264662
0.0027713
0.00351693
0.00138322
0.00137905
0.00149327
0.00191918
0.00251297
0.00293404
0.00325437
0.00368387
0.000830915
0.00131662
0.00125101
0.00304935
0.00267258
0.00282974
0.00279514
0.0013456
0.00113736
0.00139134
0.0018609
0.0010522
0.00308325
0.00396418
0.0075701
0.00719236
0.00740906
0.00628832
0.00573546
0.00528664
0.00517657
0.00437628
0.00458117
0.00641408
0.00146003
0.00106333
0.000581872
0.000550324
0.00299927
0.00233222
0.00314459
0.00466509
0.00354459
0.00472442
0.00658224
0.0192564
0.0236967
0.0181558
0.0100799
0.0155737
0.0105175
0.0128755
0.0118402
0.0131945
0.0112066
0.00763174
0.00417645
0.00425287
0.00581527
0.0127399
0.00665339
0.00147579
0.0110006
0.00401791
0.00360098
0.0031669
0.00291545
0.0157363
0.0126728
0.0119906
0.00484303
0.0107507
0.0120256
0.0123752
0.0102106
0.0101541
0.010044
0.0063236
0.0099823
0.00689425
0.00670059
0.00478237
0.00163957
0.00188708
0.00272441
0.00268622
0.00165696
0.00144573
0.0018348
0.00157536
0.0032399
0.00151962
0.00194369
0.00193311
0.00287012
0.00319072
0.00194814
0.00111477
0.00135716
0.00364273
0.0010232
0.00267204
0.00143549
0.00259981
0.00288308
0.000896557
0.00141218
0.0014659
0.00127787
0.00151563
0.00120819
0.00133169
0.00129456
0.00393766
0.0036827
0.00335502
0.00391626
0.00139324
0.00210762
0.00244361
0.00158033
0.00159393
0.00210136
0.00233349
0.00189749
0.00223657
0.00166696
0.00175885
0.00181086
0.00218297
0.00192367
0.00184142
0.00261374
0.0021415
0.00394308
0.00703087
0.00501848
0.00167439
0.00123956
0.00159338
0.00121248
0.00143616
0.00122834
0.000504767
0.00173784
0.00167864
0.00207432
0.00226398
0.00294827
0.00165717
0.00161375
0.00281316
0.00147343
0.00158949
0.00153698
0.00164201
0.000508168
0.000650301
0.000760735
0.000500171
0.000567942
0.000823576
0.0007666
0.000722942
0.000690114
0.00094695
0.00115013
0.000778577
0.00119544
0.00112884
0.000842107
0.00136935
0.000879751
0.000823652
0.00211982
0.00130493
0.00128639
0.000872556
0.000845384
0.00112423
0.00104415
0.000831832
0.00120819
0.00112776
0.000849623
0.00129628
0.000891162
0.00113876
0.000937893
0.00123039
0.000941336
0.000966223
0.000915755
0.000903263
0.000832359
0.000727293
0.000800386
0.00103527
0.000506505
0.000489342
0.000465323
0.00143676
0.00104678
0.00100041
0.00109835
0.000614761
0.000385806
0.00180161
0.000286562
0.000401171
0.000540095
0.000534886
0.000533069
0.000644127
0.00053131
0.000746848
0.000912579
0.000712391
0.00110711
0.00104474
0.000565314
0.000490776
0.000630494
0.000456897
0.000527189
0.000484147
0.000494125
0.000965443
0.000473348
0.000328664
0.000455134
0.000466653
0.000432917
0.000486152
0.000439257
0.000389035
0.000393085
0.000501536
0.00035827
0.000381347
0.000361465
0.000436451
0.000950563
0.000457344
0.000594064
0.000540736
0.000580568
0.000769116
0.000964507
0.000805217
0.000600268
0.000626105
0.000635867
0.000758513
0.000992485
0.000996409
0.000913213
0.00110396
0.000754665
0.000651211
0.000569099
0.000540551
0.000667333
0.000764966
0.00087576
0.000663771
0.00095369
0.000907155
0.000952209
0.000960401
0.000752375
0.000871054
0.00270768
0.0032136
0.00106495
0.00253273
0.00193138
0.00232821
0.00198058
0.00116085
0.00124037
0.00123453
0.00195079
0.00167608
0.00195017
0.00121857
0.00122366
0.00208158
0.002016
0.00137896
0.000721069
0.00132545
0.00163123
0.001242
0.0010806
0.000941542
0.000947048
0.00119144
0.00258334
0.00191911
0.00246991
0.00114914
0.000992966
0.00115509
0.000906494
0.000866146
0.00104276
0.00102531
0.00137516
0.0014161
0.00126782
0.00188586
0.00217942
0.00194666
0.00138268
0.00188251
0.000480049
0.000441164
0.00125133
0.000482991
0.000572429
0.000545554
0.00129147
0.000863414
0.000792615
0.000513003
0.000982977
0.00136751
0.000896706
0.00143818
0.00107203
0.00102836
0.00100391
0.00117218
0.000845838
0.000951381
0.00158473
0.000508876
0.00205321
0.00211468
0.00226832
0.00176825
0.00190059
0.00181708
0.000533098
0.000412264
0.00163518
0.00104531
0.00238349
0.00181142
0.00211664
0.000637979
0.000483956
0.0024355
0.00231172
0.00225337
0.00182461
0.00233236
0.00238859
0.00251582
0.00243457
0.00247258
0.0019397
0.000473121
0.000353818
0.00205046
0.00261384
0.00196615
0.000511731
0.00306768
0.00279194
0.002028
0.00202395
0.000359957
0.002359
0.00320441
0.00318205
0.000406255
0.00268925
0.00286902
0.00303783
0.00276201
0.00307835
0.000551166
0.00226792
0.00223182
0.00349271
0.000935904
0.00222064
0.0029229
0.00235272
0.00298309
0.00297653
0.000916937
0.00105553
0.00112823
0.00116992
0.00373844
0.00296751
0.00275112
0.00212714
0.00278141
0.00313364
0.00264501
0.00246076
0.00208361
0.00303365
0.00265842
0.00343659
0.00336852
0.00240624
0.00107456
0.00110079
0.000936234
0.00273518
0.000937138
0.00119243
0.000887438
0.00127046
0.00100549
0.00131335
0.00100638
0.00128041
0.00125859
0.00139016
0.00303154
0.00213081
0.00274814
0.00111387
0.00116836
0.00127993
0.00117124
0.00111328
0.00135381
0.00292704
0.00161846
0.000526524
0.00162547
0.0017011
0.00218761
0.00166762
0.00167487
0.00216176
0.00183532
0.00169219
0.00235455
0.00121248
0.0018879
0.00203598
0.00217198
0.00166911
0.00195176
0.0020094
0.00140242
0.00117172
0.00120818
0.000842042
0.00049558
0.000563646
0.000698054
0.000634673
0.00209533
0.000838845
0.00129562
0.0012329
0.00159342
0.00136043
0.00561614
0.00132015
0.00502714
0.00670627
0.0114218
0.000862197
0.00169848
0.000576635
0.00190255
0.00163275
0.000489489
0.000536256
0.000486779
0.000481414
0.000432178
0.000570263
0.00231471
0.00253478
0.00328091
0.00282211
0.00251762
0.00327991
0.00298515
0.0026964
0.00252443
0.00112874
0.00108244
0.00132927
0.00199049
0.000780695
0.00256542
0.00116593
0.00222148
0.00128603
0.00218086
0.00190991
0.0014529
0.00150366
0.00220701
0.00157585
0.00161185
0.00156073
0.00157193
0.00263469
0.00120741
0.0035361
0.00231929
0.00134364
0.00279865
0.00219607
0.0019364
0.00140478
0.00114872
0.0013976
0.00121105
0.00111665
0.00144821
0.00379757
0.00133602
0.00316072
0.00238671
0.00124354
0.00155812
0.00226814
0.00196498
0.00210819
0.00136494
0.00137308
0.00199938
0.00186787
0.00189514
0.00238632
0.00235292
0.00185986
0.00199105
0.00218479
0.00277507
0.00262855
0.00282718
0.003301
0.00311596
0.0011856
0.00097449
0.001694
0.0016271
0.00171392
0.00199058
0.00169899
0.00183427
0.00190545
0.00173201
0.00155361
0.00182517
0.0111681
0.00816447
0.0102532
0.0101643
0.00230146
0.00300241
0.00541377
0.00406412
0.00152329
0.00077964
0.000897292
0.000811936
0.00310371
0.00263268
0.00212079
0.000607284
0.000648849
0.000578056
0.000446056
0.00304013
0.00246279
0.00324313
0.000534809
0.00253292
0.00226921
0.00165357
0.00056638
0.00216265
0.00171048
0.00203974
0.0022385
0.00154693
0.00189316
0.00275248
0.00240661
0.00175701
0.000605585
0.00268109
0.00261224
0.00052948
0.00181821
0.000416727
0.00280403
0.000427776
0.00336562
0.000582521
0.00146949
0.00301493
0.00152532
0.00266219
0.00311813
0.00335524
0.00299709
0.00345304
0.00354147
0.00105504
0.00360727
0.001165
0.00376261
0.00285373
0.0016737
0.00196053
0.00346614
0.00293707
0.00246653
0.00291273
0.00320658
0.00154619
0.0018111
0.00300568
0.00314238
0.0030546
0.00355709
0.00165635
0.00148287
0.00158637
0.00153712
0.00164359
0.0014251
0.00139874
0.00215781
0.00127354
0.0019454
0.00221253
0.0023853
0.00209936
0.00235815
0.00209248
0.00331169
0.00296403
0.00151092
0.00381017
0.00359169
0.00219711
0.00241234
0.00186876
0.0022389
0.00178039
0.00188457
0.00196771
0.0017294
0.000477959
0.0029937
0.00180998
0.00154282
0.00189663
0.00211069
0.004126
0.003756
0.000539176
0.000528938
0.00173886
0.00109377
0.00389508
0.00281436
0.00153072
0.00128683
0.000458341
0.00365443
0.00201084
0.00334616
0.00204355
0.00163821
0.000509817
0.000522975
0.000928025
0.00192597
0.000539596
0.000336505
0.000962659
0.000460901
0.000704552
0.000550422
0.000511127
0.000527632
0.000567607
0.00175596
0.000970542
0.000474242
0.000467736
0.00297216
0.000394612
0.000369118
0.00355169
0.00306426
0.00325174
0.00160478
0.00210253
0.00236066
0.00153343
0.00278919
0.00189716
0.00146633
0.00133659
0.00161147
0.00172765
0.00160806
0.00202451
0.00188965
0.00219561
0.0023411
0.0020757
0.00243292
0.00198498
0.00194209
0.00138078
0.00154108
0.0015326
0.00166496
0.00124446
0.00147046
0.00180896
0.00188488
0.00186413
0.0019456
0.00271231
0.00281106
0.0027303
0.00205784
0.00175792
0.00215209
0.00215731
0.00164479
0.00229046
0.00163843
0.00265492
0.0025219
0.00279184
0.00144032
0.000834293
0.000565779
0.0016534
0.000348953
0.0027312
0.00047868
0.000521302
0.00038929
0.00048879
0.000519254
0.000438656
0.00124892
0.00206376
0.00153846
0.00145158
0.00264032
0.00322403
0.00366154
0.00309356
0.00259447
0.0040084
0.00234273
0.00204008
0.00355848
0.00337383
0.0038207
0.003452
0.00170147
0.00313947
0.00327799
0.00177211
0.000361606
0.000347311
0.00181382
0.00214618
0.00194487
0.00327301
0.00227398
0.00193316
0.00208506
0.00218757
0.00386245
0.00299648
0.00275523
0.00213176
0.00404332
0.00267857
0.00162572
0.0025018
0.00213002
0.00331156
0.00204995
0.00229093
0.00223897
0.00377815
0.00309844
0.00265693
0.00257611
0.00217618
0.0026226
0.00199188
0.00325582
0.00155159
0.000947712
0.000405871
0.00151526
0.00212594
0.00179247
0.000384513
0.00034506
0.000356525
0.000394793
0.00235702
0.0024515
0.00166585
0.000537753
0.000442259
0.00060684
0.000369599
0.000505418
0.000413743
0.00171523
0.00256841
0.00226672
0.000379948
0.000352116
0.00262131
0.00335205
0.00357288
0.00305401
0.00314206
0.00356416
0.00310634
0.000455146
0.000395836
0.000459632
0.000427699
0.00140888
0.000426089
0.000680036
0.000587479
0.000458812
0.000562865
0.00179493
0.00348593
0.00300264
0.0029505
0.00241191
0.00255953
0.00223501
0.00190752
0.00220176
0.00208149
0.00221901
0.00295113
0.000846931
0.00142215
0.00106361
0.000409385
0.000387191
0.00111604
0.000455786
0.000482394
0.00271988
0.00231727
0.000722808
0.00107822
0.00124956
0.00123762
0.000794999
0.00118723
0.00115509
0.000921236
0.000736893
0.000702314
0.000771905
0.00107869
0.000681373
0.00130925
0.00115788
0.00127404
0.00131599
0.000577005
0.00116345
0.00102327
0.000541455
0.000706635
0.000757982
0.00134783
0.00116074
0.00139871
0.00257714
0.00280226
0.00170005
0.00287465
0.00298856
0.00235255
0.00251177
0.000642417
0.00109327
0.000779742
0.00118299
0.001361
0.00195158
0.00215803
0.00365535
0.00284095
0.00392767
0.00296699
0.00476832
0.0056602
0.00653046
0.0055845
0.00611968
0.00397145
0.00658568
0.000780913
0.000898466
0.00120666
0.0012335
0.000975095
0.00131446
0.0017192
0.00214566
0.00269328
0.000715905
0.00121945
0.00104082
0.000693893
0.000925733
0.00124798
0.00140007
0.000895295
0.00133999
0.00131488
0.00113333
0.00112279
0.00112229
0.00114073
0.00330261
0.0035791
0.00353705
0.00363138
0.00298863
0.00115369
0.00123355
0.00129755
0.00115317
0.00117031
0.000985312
0.0013664
0.00132802
0.00153746
0.00138762
0.00184189
0.0027384
0.00242543
0.010522
0.00688644
0.000808415
0.000768017
0.00140068
0.00146105
0.00986564
0.00981122
0.0104709
0.00655785
0.00672435
0.00155807
0.00879522
0.00871246
0.00172375
0.00209262
0.00377264
0.00528261
0.00312784
0.00500897
0.00265715
0.00143293
0.00218055
0.0022645
0.00111075
0.00103468
0.00988469
0.0016145
0.00156907
0.00162154
0.00134194
0.00212495
0.00052488
0.000405073
0.00317549
0.00165759
0.00165932
0.00141389
0.000361078
0.000348354
0.00162122
0.00158943
0.00160657
0.00155235
0.00150624
0.00142142
0.00156598
0.000650082
0.00153466
0.00152263
0.000471718
0.000484048
0.000739211
0.000555583
0.0005596
0.000517786
0.000555549
0.000533892
0.000530635
0.000728388
0.000630438
0.000506933
0.000461391
0.00080386
0.000691977
0.000717355
0.000550174
0.00061139
0.000466174
0.000561106
0.00040716
0.000640127
0.000568998
0.000406446
0.000573386
0.000486403
0.000444343
0.000681229
0.000670033
0.000696367
0.000715472
0.000614987
0.000637235
0.000500131
0.000790816
0.000712125
0.000752428
0.000887584
0.000710946
0.000857406
0.000835797
0.000855542
0.0007891
0.000768615
0.000430845
0.000435257
0.000466635
0.000448866
0.000471051
0.000441338
0.000341612
0.000490933
0.00049705
0.000477224
0.000370708
0.000494494
0.000520795
0.000528895
0.000495059
0.000570956
0.000357981
0.000486785
0.000499659
0.000550472
0.000583522
0.000616254
0.000593244
0.000536972
0.000557421
0.000522359
0.000558417
0.000504654
0.00130013
0.00132984
0.0013764
0.00043785
0.000529181
0.000703196
0.000418246
0.000546682
0.000680663
0.000701365
0.000536079
0.000793921
0.000585763
0.000662896
0.000795385
0.000446893
0.00094172
0.000667177
0.000451896
0.000612061
0.000730402
0.000732321
0.00102402
0.000744658
0.00105982
0.000603204
0.000521393
0.00124856
0.000852923
0.00110946
0.000425672
0.00112851
0.00105232
0.00176245
0.00103641
0.000946989
0.0012392
0.00115079
0.00112071
0.00107735
0.00166422
0.000989265
0.00164473
0.0012833
0.00239854
0.00169687
0.00175138
0.00137319
0.00193899
0.00192018
0.000974388
0.000596458
0.0016068
0.000890578
0.00127005
0.00153808
0.00140921
0.00125557
0.000568208
0.000677029
0.000600806
0.000535257
0.000661779
0.000661643
0.00070152
0.000724399
0.000822464
0.000387034
0.00029405
0.000337954
0.000494167
0.00061776
0.000736487
0.00034958
0.000858898
0.000518443
0.000407159
0.000219676
0.000415424
0.000506799
0.00064658
0.000925418
0.000833043
0.000670156
0.000621816
0.000517405
0.000885331
0.000938437
0.00122946
0.00122326
0.00120857
0.00110029
0.00101794
0.000984319
0.00132362
0.001289
0.00135035
0.00114981
0.00117381
0.00128753
0.000562983
0.000748416
0.00111977
0.000930268
0.000788734
0.000857232
0.000856483
0.00102487
0.000520245
0.000628745
0.00172702
0.00150773
0.000568038
0.000623426
0.000420307
0.00062204
0.000655407
0.000694757
0.000560007
0.000542006
0.000647785
0.000626068
0.000686941
0.000743915
0.000729225
0.00136513
0.00136572
0.00129089
0.00119303
0.00128837
0.00115399
0.00130931
0.000892286
0.000505047
0.000441074
0.000434266
0.00115937
0.00116285
0.000604383
0.000518051
0.00110703
0.000952037
0.00102729
0.00171339
0.00167006
0.0018439
0.00172375
0.000340221
0.00142686
0.00144519
0.000433501
0.000497433
0.000499602
0.000397596
0.000515067
0.000882248
0.000716212
0.000813323
0.000810885
0.00193955
0.00102466
0.00173423
0.000726125
0.00115081
0.000558041
0.000797475
0.00124028
0.000585259
0.000496036
0.00147111
0.000696081
0.000890773
0.000838262
0.00109938
0.00135561
0.00136839
0.00126865
0.00144867
0.00112812
0.00123474
0.00113144
0.000656402
0.000626665
0.000618852
0.000387597
0.000478947
0.000866555
0.000820058
0.000775353
0.000668353
0.000699389
0.00179653
0.00182358
0.000594882
0.000455433
0.000968885
0.000941212
0.00144252
0.00116179
0.00115407
0.00108449
0.0010785
0.0013283
0.000779509
0.000910416
0.000878782
0.000915238
0.000971626
0.000992522
0.0013003
0.00104538
0.00104065
0.000974215
0.00107361
0.000783073
0.000579187
0.000751729
0.000496812
0.000680951
0.000640912
0.00186021
0.000482587
0.00133949
0.00108419
0.00123547
0.000493792
0.00152778
0.00140349
0.000525178
0.00127881
0.00145416
0.00140709
0.000677728
0.000671989
0.000728023
0.000771098
0.00072861
0.000590245
0.000753796
0.000354137
0.000936015
0.000805232
0.00089937
0.000877989
0.00051619
0.000851732
0.00095794
0.000925642
0.000916117
0.00118658
0.000570193
0.00106035
0.00097825
0.00106251
0.00106925
0.000912334
0.00100374
0.00105528
0.00114726
0.00150998
0.0014872
0.000466268
0.000423271
0.000483087
0.000405577
0.00165475
0.000370909
0.000701821
0.000350102
0.000371102
0.00184497
0.00185326
0.00198515
0.00166392
0.00110139
0.00199347
0.00189136
0.00197486
0.000739509
0.00083221
0.000866107
0.00047825
0.00103014
0.00142294
0.00121495
0.00124617
0.0012322
0.000960543
0.000521132
0.000460705
0.000464643
0.000835993
0.000409661
0.00160424
0.00176515
0.00185819
0.0015615
0.00170475
0.00160954
0.00179699
0.00172626
0.00162726
0.00158758
0.0020183
0.00208357
0.00167725
0.00109331
0.000363887
0.00208949
0.00133745
0.00175432
0.000398116
0.00153894
0.0013491
0.00157091
0.000341867
0.00149167
0.00135842
0.00135119
0.00138727
0.00184109
0.000803563
0.000800872
0.000852819
0.000926825
0.000863697
0.000731676
0.000811593
0.00156658
0.00117401
0.000793008
0.000789452
0.000562962
0.000813235
0.00150053
0.00103552
0.00158569
0.00140996
0.00170705
0.00384377
0.00480186
0.00420695
0.00110263
0.00120354
0.000890258
0.00109174
0.00109238
0.00114143
0.000781071
0.000879893
0.000783637
0.000759763
0.00173156
0.00186154
0.00135445
0.00186982
0.000515937
0.00169993
0.000382398
0.00154117
0.00140716
0.00121255
0.00142688
0.000834488
0.000850912
0.000983357
0.000925247
0.000984896
0.000835855
0.00094568
0.00102839
0.000593637
0.00116102
0.00123001
0.00119683
0.00151979
0.00166727
0.000426395
0.00159382
0.00137281
0.00137005
0.0017647
0.000995102
0.000895665
0.000968551
0.000470023
0.000914733
0.000956801
0.000865547
0.0011379
0.0010198
0.000950976
0.00112765
0.00147397
0.00139947
0.00142468
0.00108848
0.00121928
0.00102709
0.00114859
0.00149984
0.00161775
0.0014978
0.00136796
0.00143116
0.00140227
0.000994424
0.00091215
0.00106975
0.00101697
0.00105104
0.0014191
0.00102939
0.00101988
0.00099537
0.000947139
0.000929306
0.000983515
0.00112938
0.00125633
0.00108163
0.00101823
0.0010916
0.00100037
0.00141336
0.00137847
0.00117753
0.0014725
0.00118147
0.00106528
0.00101966
0.000689642
0.00109164
0.000638263
0.00268725
0.000784232
0.000975054
0.00071752
0.000670566
0.000906909
0.0010229
0.0010195
0.000653278
0.000777415
0.00112155
0.000661164
0.000625679
0.000693239
0.000535586
0.000748353
0.000637784
0.000504395
0.000603046
0.000447466
0.000408319
0.000368313
0.000374426
0.000332519
0.000382704
0.000432652
0.000395754
0.000406371
0.00037811
0.000428033
0.000422132
0.000378655
0.000388704
0.000363969
0.000407769
0.000604232
0.00046336
0.00106455
0.0009287
0.000955443
0.0011277
0.000432588
0.00059336
0.00126639
0.000967055
0.000973078
0.00105509
0.0013642
0.000474714
0.000458171
0.000596564
0.000880885
0.00106984
0.0013154
0.00112613
0.0014421
0.000510115
0.00053676
0.00142802
0.00127201
0.00152188
0.00147649
0.0010337
0.00109691
0.00125784
0.00128613
0.000992301
0.00126359
0.00113031
0.00131954
0.00102569
0.00120486
0.00117033
0.000872905
0.00121656
0.00100119
0.000954109
0.000839232
0.0011527
0.00105804
0.00100163
0.00164209
0.00151385
0.00126753
0.00133382
0.00164758
0.000968831
0.000338595
0.00039734
0.000575878
0.000516062
0.000469164
0.000454309
0.000434985
0.000394543
0.000457646
0.000436714
0.000539217
0.000527757
0.000553605
0.000693349
0.000652474
0.00090055
0.000777008
0.000936681
0.00056342
0.000643808
0.000615621
0.000576545
0.000569609
0.000579544
0.000615944
0.000686576
0.000668384
0.00104363
0.00072558
0.000762696
0.000780937
0.000756826
0.000762472
0.000984131
0.00101177
0.000616838
0.000651238
0.000733996
0.000702684
0.000729821
0.000521146
0.000815231
0.000664127
0.00096501
0.000928161
0.000746046
0.000851622
0.000702204
0.000779476
0.00101081
0.000713686
0.00088245
0.000921535
0.000596788
0.000687273
0.000726771
0.000632783
0.000508958
0.000612096
0.000570594
0.000519345
0.000473439
0.000632125
0.000416669
0.000631929
0.000554597
0.000649865
0.000588509
0.00057249
0.000493071
0.0005427
0.00059908
0.000556534
0.00139821
0.00147411
0.00105523
0.00233378
0.00125992
0.00157078
0.00228236
0.00150338
0.00153547
0.000791185
0.00129268
0.00142707
0.00108992
0.00135106
0.00135888
0.00122766
0.000799716
0.000969892
0.00107343
0.00102951
0.00117617
0.00124658
0.00203115
0.00118196
0.000765867
0.00112412
0.000973889
0.000855499
0.000629281
0.000614723
0.00118267
0.000925006
0.000867659
0.000707192
0.000753754
0.00103807
0.000932139
0.000580274
0.000427542
0.000360056
0.000620524
0.000662811
0.000575378
0.00108191
0.00200435
0.00137572
0.00115391
0.0019443
0.00125635
0.00122474
0.000845581
0.00128916
0.00190055
0.00123283
0.000913436
0.00111596
0.000865038
0.000636119
0.00110452
0.00178068
0.00165285
0.00156229
0.00145627
0.000846771
0.000591756
0.00106755
0.00100226
0.000958247
0.000568511
0.000705359
0.000706725
0.000560458
0.000722313
0.000716517
0.00057798
0.000477633
0.000516996
0.000395251
0.000750561
0.000635846
0.000606831
0.00123109
0.000341131
0.000349658
0.000379669
0.000363781
0.000322702
0.000359814
0.000500933
0.000393099
0.000409402
0.00049043
0.000337465
0.000432517
0.000509828
0.000419954
0.000581621
0.0010566
0.000885663
0.000479387
0.00103613
0.000994406
0.000345417
0.000371066
0.000722847
0.000338895
0.000646736
0.00107141
0.00088119
0.00104142
0.0010051
0.000739644
0.000540395
0.000591445
0.000574228
0.000817791
0.000740963
0.000895902
0.00123742
0.00101435
0.0014048
0.00110124
0.00120145
0.0011039
0.00114713
0.00106167
0.00105116
0.00104679
0.000873451
0.000849753
0.000913341
0.000671036
0.000724395
0.000913295
0.00137375
0.00100668
0.00111276
0.000609449
0.000460364
0.000320342
0.000399892
0.0015171
0.000500689
0.000429419
0.00166587
0.000647214
0.000587659
0.000527931
0.000501892
0.000643574
0.000483044
0.000827138
0.000486758
0.00141787
0.00123788
0.00146188
0.000902513
0.00112352
0.00124915
0.00112113
0.00101192
0.000512073
0.000512102
0.000748579
0.000722137
0.000715851
0.000610667
0.000832358
0.000524265
0.000537521
0.000667519
0.000677576
0.000582884
0.000365058
0.000520489
0.000544418
0.00102436
0.000649852
0.000653695
0.000593136
0.000649399
0.000676512
0.000537674
0.000596423
0.000863874
0.00106257
0.00126086
0.00131505
0.00110782
0.000825344
0.000919031
0.000442313
0.000428444
0.000388852
0.000435054
0.000489647
0.000417076
0.000698075
0.000646012
0.000674748
0.000653749
0.000614841
0.000591341
0.000651674
0.00152493
0.00124706
0.00116361
0.00131554
0.00128161
0.00170635
0.0011975
0.00109522
0.00093763
0.000953581
0.000470677
0.000557683
0.000595534
0.000372442
0.000624369
0.000367971
0.000365897
0.000483772
0.000569263
0.000594144
0.000695718
0.000770997
0.000662776
0.000641025
0.000672755
0.000649876
0.000676464
0.000668323
0.000764492
0.000590495
0.000529568
0.000390007
0.000804699
0.000758997
0.000755389
0.000803782
0.000739137
0.000658367
0.000789828
0.000660262
0.000810499
0.00104105
0.000739539
0.000645918
0.000622525
0.000642632
0.000678725
0.000827773
0.000725756
0.000810986
0.000660943
0.0007626
0.000764912
0.000848464
0.000793095
0.000905056
0.00097764
0.000924938
0.000763165
0.000658323
0.000888147
0.000531281
0.000518862
0.000698985
0.000735883
0.000592051
0.000633654
0.000680306
0.000646516
0.000650598
0.000617069
0.000549855
0.000513594
0.000587833
0.000476788
0.00064778
0.000701734
0.000716031
0.000688344
0.000335484
0.000576063
0.000338493
0.000548787
0.000665281
0.000719607
0.000760624
0.000860703
0.000788619
0.00091211
0.00083061
0.000718742
0.000728663
0.000867915
0.000895926
0.00079423
0.00076592
0.00106856
0.000809855
0.00110927
0.000927851
0.00207491
0.000891978
0.00117933
0.000718735
0.00103229
0.000422968
0.000543108
0.000588067
0.000521947
0.000550397
0.000638379
0.0012229
0.000882036
0.00139723
0.000921482
0.000515561
0.000758859
0.000878654
0.0011819
0.0016095
0.000712962
0.0007622
0.000532313
0.000688009
0.000644345
0.000379471
0.000443958
0.00107519
0.000996297
0.000587003
0.000588277
0.000567724
0.00064323
0.000701277
0.00064883
0.000509669
0.000533845
0.000605493
0.000573706
0.000450888
0.000435731
0.000614883
0.000751866
0.000445433
0.000669519
0.000764104
0.000799659
0.000748895
0.000774488
0.000816212
0.0010457
0.000891815
0.000602273
0.00093926
0.00133291
0.000802341
0.000859924
0.000870276
0.000832158
0.00157415
0.000745325
0.0008532
0.000698146
0.000397911
0.000395229
0.000780597
0.000649074
0.000560292
0.000905057
0.00133612
0.000933988
0.000846167
0.000886666
0.000834279
0.000720923
0.000577814
0.000721335
0.000696738
0.000715466
0.00077603
0.000652154
0.000875457
0.00141458
0.00100327
0.00100134
0.000661558
0.000407661
0.000603668
0.00144646
0.000904857
0.000799456
0.00075123
0.000643029
0.000640555
0.000759621
0.000630428
0.00075443
0.00075177
0.000578503
0.000745916
0.000518525
0.000686718
0.00054182
0.000512419
0.000725527
0.00107834
0.000984037
0.000837388
0.000914703
0.000964212
0.000861543
0.000891466
0.000597285
0.000533383
0.000682304
0.000796557
0.000760052
0.000601534
0.000556062
0.000631688
0.000645724
0.000660672
0.000702024
0.000685296
0.000624114
0.000867344
0.000811787
0.000853928
0.000743124
0.000911042
0.000874103
0.00057675
0.000780295
0.000796675
0.000500502
0.000744074
0.000772351
0.000801081
0.000894283
0.000658617
0.000700027
0.000858183
0.00151386
0.000792486
0.000935811
0.000943612
0.000900385
0.000811499
0.000965931
0.000881868
0.000895363
0.000780539
0.00076081
0.000806932
0.000954039
0.000891196
0.000741536
0.000860773
0.000755251
0.000731927
0.000788349
0.000788646
0.000805231
0.000862229
0.000877577
0.000738801
0.000835848
0.000877477
0.000606723
0.000759077
0.000913025
0.000907181
0.000754536
0.000775412
0.000824292
0.000847961
0.000883596
0.00089421
0.000860291
0.000821685
0.000902676
0.000804456
0.000841167
0.000828293
0.00092228
0.000900292
0.000896832
0.000916016
0.000901335
0.00092935
0.00094739
0.000962527
0.000947734
0.000948818
0.000947448
0.000937933
0.00093905
0.000947484
0.000940445
0.000947663
0.000944566
0.000969934
0.000948051
0.000948607
0.000926097
0.000928403
0.000939618
0.000940073
0.000935307
0.000933885
0.000947417
0.000926966
0.000939597
0.000802664
0.000937963
0.000947455
0.000925528
0.000948079
0.000856908
0.000882152
0.000882383
0.000939407
0.000947373
0.00082455
0.000861391
0.000845995
0.000883844
0.00084681
0.00082993
0.000846332
0.000865257
0.00082797
0.000947412
0.000936356
0.000822772
0.000848164
0.000830767
0.00095602
0.000838235
0.000948069
0.000949734
0.000856634
0.000846377
0.000970767
0.000799816
0.000924937
0.000938135
0.000858249
0.000935347
0.000821753
0.000850875
0.000856191
0.000860965
0.000792894
0.000854174
0.000831816
0.000819992
0.00083637
0.000897079
0.000965052
0.000923357
0.000894768
0.0009507
0.000947937
0.000952381
0.000847908
0.000881854
0.000857043
0.000850234
0.000842777
0.000886195
0.000866479
0.000924143
0.000951818
0.000935402
0.000910029
0.000957164
0.000916435
0.00083021
0.000822167
0.000841552
0.000898833
0.000912576
0.000887454
0.000916572
0.000935328
0.000872828
0.000905154
0.000915426
0.000867189
0.000934194
0.000854408
0.000801936
0.000856774
0.000909109
0.000907327
0.000852605
0.000921266
0.00090574
0.000872626
0.00085784
0.000915374
0.000879591
0.000909719
0.000863396
0.000916541
0.000858159
0.000935461
0.000911242
0.000845876
0.000937218
0.00090817
0.000935334
0.000895565
0.000903503
0.000862635
0.00086452
0.000879048
0.00089834
0.000854278
0.00089199
0.000950495
0.000870021
0.000839823
0.000934831
0.000872516
0.000917976
0.000865964
0.000870278
0.000902499
0.000841182
0.000878294
0.000895915
0.000891994
0.000860383
0.000892228
0.00091949
0.000887053
0.000906302
0.000878081
0.000882846
0.000890723
0.000909053
0.000903904
0.000873914
0.00087987
0.000901434
0.000876706
0.000925399
0.000949911
0.000941624
0.00093532
0.000908117
0.000934807
0.000947228
0.000933009
0.000954291
0.000935669
0.00093447
0.000941623
0.000930072
0.00091613
0.000937434
0.000920999
0.000934634
0.000926493
0.0009474
0.000942407
0.000922484
0.000933482
0.000947414
0.000943141
0.000935398
0.00086326
0.000921222
0.000906566
0.000935083
0.000934893
0.000923777
0.000947399
0.000948051
0.000946064
0.000926953
0.000935633
0.000919773
0.000935089
0.000946297
0.000948313
0.000924296
0.000947436
0.000935172
0.000947421
0.000920167
0.000935621
0.000947414
0.000929432
0.000925803
0.000924731
0.000907693
0.00094733
0.000971876
0.000928898
0.000934313
0.000925352
0.00093376
0.000910614
0.000941989
0.000945787
0.00091928
0.000927421
0.000906737
0.000936323
0.000922
0.000935369
0.000924782
0.00093454
0.000935422
0.000925227
0.000892367
0.000928626
0.000918421
0.000925588
0.000909725
0.00092674
0.000913935
0.00091499
0.000905455
0.000880453
0.000869699
0.000871144
0.000894633
0.000923341
0.000883582
0.000915684
0.000885576
0.000926605
0.000897986
0.000886928
0.00087302
0.000926829
0.000934967
0.000912361
0.000934684
0.000935316
0.000935101
0.000935067
0.000906141
0.000935109
0.000901672
0.000935123
0.00093422
0.000934979
0.000935735
0.000935434
0.000919843
0.000935285
0.00091216
0.000899274
0.000935293
0.00093525
0.000934961
0.000934906
0.00090022
0.000934793
0.000934934
0.000934981
0.000934995
0.000934918
0.000934927
0.000934929
0.00398363
0.00379164
0.00468487
0.00579948
0.0026552
0.00330952
0.00780334
0.0102131
0.00183857
0.00276573
0.00241788
0.00183746
0.00148301
0.000401843
0.000401177
0.000433108
0.000469587
0.000521041
0.000587613
0.00061315
0.000789743
0.000854174
0.000857948
0.000787809
0.000927266
0.000929634
0.000913674
0.00093521
0.000929172
0.00179966
0.00156506
0.000676554
0.00131508
0.00150096
0.00157077
0.00649684
0.00861442
0.00902465
0.00046675
0.000510194
0.000519502
0.00053605
0.00044665
0.000639099
0.000671232
0.000594358
0.000606851
0.00223479
0.00287926
0.00318157
0.00301857
0.0025051
0.00312341
0.00208252
0.00307172
0.00228758
0.00280585
0.00119862
0.00130447
0.00447233
0.00136231
0.00126817
0.00373475
0.00244787
0.00143891
0.00127598
0.00224294
0.00266209
0.00265684
0.00400778
0.00398617
0.00141916
0.00238377
0.00342927
0.00173244
0.00146354
0.00208086
0.00386864
0.00502655
0.00187472
0.00139854
0.00202489
0.00196648
0.00214273
0.0021534
0.00300308
0.00234886
0.00422282
0.00877847
0.00209481
0.00215845
0.00156599
0.00111441
0.00122998
0.00114286
0.00122162
0.00117042
0.00118692
0.00118878
0.00166154
0.000935898
0.00116977
0.00093296
0.000982038
0.000999523
0.00100531
0.00104717
0.00101959
0.00115352
0.00096533
0.00123714
0.00370368
0.00173781
0.00197419
0.00183376
0.00301674
0.00187488
0.00101386
0.00121023
0.000933535
0.00101951
0.00230929
0.00110476
0.000941423
0.00128554
0.00092404
0.00108758
0.00108746
0.000585019
0.000528489
0.00045325
0.00124273
0.00108138
0.00114021
0.00123512
0.000952713
0.000824524
0.00103587
0.00137726
0.000899617
0.000804345
0.00147126
0.00142015
0.000907007
0.000588788
0.000687205
0.000945234
0.000715662
0.00151613
0.00109375
0.00138915
0.0011814
0.000919897
0.000773912
0.000578944
0.000720273
0.000801294
0.000931371
0.000884812
0.000908779
0.000924295
0.000941113
0.00087892
0.00173912
0.00138187
0.00165742
0.0014049
0.00146845
0.00150252
0.00180272
0.00177553
0.00220568
0.00177951
0.0014827
0.00182049
0.0013836
0.00131787
0.00140739
0.0011845
0.00139569
0.00130362
0.00224341
0.00131969
0.00201842
0.000986027
0.00132549
0.00105264
0.00165678
0.00266076
0.00158783
0.000939028
0.00115498
0.0015878
0.00120415
0.00132684
0.00191713
0.00156239
0.000844372
0.000674167
0.00114382
0.00117392
0.00122829
0.00121856
0.00129722
0.00174199
0.00139828
0.00154865
0.0020326
0.00117002
0.00118767
0.00139993
0.00133994
0.00137892
0.00190223
0.00194595
0.00220457
0.00203593
0.0023168
0.0020024
0.00268365
0.00257444
0.00358267
0.00326132
0.00275586
0.00119391
0.00106027
0.00172518
0.00196551
0.00170866
0.00119371
0.00194001
0.00159976
0.00152358
0.00145053
0.00332383
0.0030967
0.00359788
0.00147814
0.00216988
0.0027522
0.0035665
0.00208183
0.00181358
0.00192765
0.00175057
0.00440387
0.00292996
0.00363239
0.00410647
0.00379168
0.00380404
0.00170869
0.00181791
0.00155225
0.00152203
0.00184654
0.00194137
0.00173371
0.00173371
0.00202219
0.00186896
0.00175611
0.00137778
0.00187753
0.00200202
0.00363703
0.00141126
0.00137416
0.00112861
0.00112106
0.0014253
0.0013642
0.00142344
0.00133036
0.00112124
0.00129038
0.00113598
0.00486017
0.0120285
0.00245802
0.00231217
0.00299479
0.0101785
0.00739458
0.00431181
0.00603338
0.00412843
0.00278407
0.00252497
0.00332629
0.0032015
0.00364489
0.00664703
0.00616654
0.00692253
0.00315112
0.00303994
0.00353183
0.0037005
0.00569681
0.0068339
0.00418332
0.00411679
0.00257815
0.00281563
0.0027263
0.00290262
0.00372939
0.00451087
0.00305627
0.00367791
0.00353742
0.00471491
0.0039163
0.00498861
0.00143681
0.00145868
0.00190369
0.00186015
0.00165111
0.00164172
0.00181126
0.00273234
0.0019017
0.00218257
0.00203414
0.00712789
0.00225091
0.00334118
0.00200834
0.00213589
0.0063311
0.00704083
0.0029806
0.00579483
0.00189189
0.00191524
0.00203058
0.00228243
0.00213534
0.00219885
0.00144497
0.00135732
0.00129363
0.00145841
0.00169789
0.00166884
0.00230184
0.00281218
0.00169239
0.00155548
0.00168342
0.00390156
0.00392324
0.00371551
0.00438245
0.00397874
0.00429608
0.0046556
0.00564209
0.00387484
0.00337713
0.00346995
0.0043335
0.00520532
0.00388854
0.00415305
0.0108493
0.00826465
0.00642062
0.00430752
0.00441487
0.00537897
0.00643786
0.00142612
0.00170641
0.00231544
0.00123653
0.0012408
0.00265537
0.00232996
0.00550305
0.00247484
0.0026014
0.00365319
0.00382765
0.00656971
0.00788999
0.00420739
0.00700673
0.00710651
0.00851624
0.0045334
0.00291925
0.00735535
0.00608958
0.00529425
0.00391927
0.004162
0.00572008
0.00597259
0.00441397
0.00642365
0.00444551
0.00771223
0.00444741
0.00568919
0.00317226
0.00722144
0.00315909
0.00329079
0.00238112
0.00229968
0.00236801
0.0046592
0.00405901
0.00284063
0.00371742
0.00717617
0.00671016
0.0089179
0.00742239
0.00526983
0.00494246
0.00606625
0.00355233
0.00622379
0.00340845
0.00298439
0.004653
0.00393031
0.00557914
0.00608407
0.00238108
0.00289219
0.0036018
0.00334509
0.00375377
0.00430848
0.00412608
0.00463707
0.00413469
0.00491309
0.0048393
0.00617657
0.00527428
0.00526931
0.00428468
0.00432144
0.00534835
0.00647602
0.00810226
0.0122164
0.00883829
0.00705606
0.00737414
0.00464214
0.0047412
0.00577136
0.0049492
0.00564094
0.0064531
0.0094808
0.00656351
0.00871388
0.00478739
0.0058923
0.00931987
0.00890575
0.00644149
0.00887573
0.00490605
0.00861792
0.00524414
0.00587235
0.0081182
0.00329314
0.00341748
0.00659367
0.00467072
0.00369699
0.0032869
0.00268389
0.00239666
0.00232215
0.00260437
0.00810791
0.00712215
0.0082952
0.00506062
0.00465553
0.00456824
0.00671569
0.00550921
0.00155032
0.0015819
0.00186999
0.00162134
0.00121873
0.00122203
0.00140827
0.00184044
0.0017371
0.00137168
0.00132664
0.00165728
0.000946573
0.000868225
0.000861577
0.000797356
0.0013284
0.00143728
0.00146899
0.00122819
0.00780115
0.00452767
0.00411744
0.00493081
0.00631916
0.00514902
0.00767428
0.0111375
0.00644277
0.00590868
0.00639462
0.00141957
0.00138632
0.00204871
0.00134741
0.00541263
0.00548418
0.00816005
0.00511366
0.00920369
0.007552
0.00682443
0.00171385
0.00138319
0.00148946
0.00161625
0.00682584
0.00739346
0.00423725
0.00396591
0.00431807
0.00619697
0.00729163
0.0084204
0.00729917
0.00302096
0.00331804
0.00629634
0.00577199
0.00697382
0.00580546
0.00579484
0.00480794
0.0043881
0.00471606
0.00462677
0.00156307
0.00131468
0.00242206
0.00618215
0.00536566
0.00113327
0.00316904
0.00231985
0.00336591
0.00349885
0.00838615
0.00364306
0.00520276
0.0057505
0.00405336
0.00781696
0.00360532
0.00641057
0.00622537
0.00392683
0.0031707
0.00288583
0.00398705
0.00389725
0.00463988
0.00345085
0.00256033
0.00238063
0.00323436
0.0024858
0.00308144
0.00268958
0.00282199
0.00346138
0.00348767
0.00264284
0.00286872
0.00327383
0.00343589
0.00257612
0.00255841
0.00236559
0.0034938
0.00442273
0.00275599
0.00117966
0.000978577
0.00112161
0.00128406
0.00140473
0.00105606
0.00111494
0.00113607
0.00121107
0.0015388
0.00130194
0.00153428
0.00600125
0.00349884
0.00253054
0.00248076
0.00366855
0.00215097
0.00348435
0.0030345
0.00189728
0.00183919
0.00189021
0.00267072
0.00279732
0.00119763
0.00313426
0.00418951
0.0025137
0.00151792
0.00194701
0.00168254
0.00201569
0.00183859
0.00476125
0.00266225
0.00157859
0.00344576
0.00263637
0.0026204
0.0018599
0.00260853
0.00227986
0.00266829
0.00123777
0.00123763
0.00399763
0.00367968
0.00550153
0.00274193
0.00309475
0.00342437
0.00263062
0.00243576
0.00322104
0.00217067
0.00452169
0.001452
0.0009941
0.00086163
0.00129424
0.00100616
0.000807926
0.000743981
0.00114905
0.000695598
0.00106257
0.00106857
0.00406733
0.00362486
0.00329398
0.00322707
0.00355284
0.00348829
0.00399243
0.00293657
0.00350589
0.00320341
0.0034566
0.00297692
0.00304598
0.00237462
0.00334562
0.00462205
0.0026288
0.00427028
0.00547188
0.00427114
0.0049475
0.00564343
0.00583852
0.00594464
0.00137709
0.00137659
0.00117808
0.00158977
0.00267404
0.00111794
0.00226506
0.00267699
0.00162901
0.0029486
0.00185009
0.00430762
0.00293844
0.00381714
0.00365205
0.00251845
0.00456123
0.00366679
0.00393938
0.00630199
0.005122
0.00391464
0.00514182
0.00379616
0.00320968
0.0041522
0.00494841
0.00435787
0.00298522
0.003995
0.00387336
0.00548377
0.00529428
0.00510585
0.00590172
0.00228084
0.00374586
0.00222933
0.00235623
0.0033191
0.00405647
0.00377882
0.00425409
0.0040385
0.00269383
0.00416871
0.00413019
0.00575383
0.00360412
0.00401787
0.00338172
0.00197854
0.00316896
0.00184852
0.00206503
0.00213531
0.00184946
0.00208384
0.0043378
0.00605443
0.00465655
0.00592805
0.007919
0.00142504
0.00131672
0.00116297
0.0015542
0.00147639
0.00171519
0.00556503
0.00643156
0.00746422
0.00673812
0.00499855
0.00465207
0.00536
0.00718548
0.00887541
0.00715291
0.00823344
0.00818481
0.00869478
0.00926494
0.00477906
0.00494334
0.00309558
0.00702102
0.00691552
0.0042471
0.00541169
0.00523896
0.003271
0.00311447
0.00556838
0.00722252
0.00613338
0.00531473
0.00539654
0.00529114
0.00335825
0.00381224
0.00404302
0.0058729
0.00580222
0.00389583
0.00412011
0.00386055
0.00606443
0.00625421
0.00230657
0.00283026
0.00246275
0.00299976
0.00393925
0.00315533
0.00446846
0.00338785
0.00446633
0.00367197
0.00299628
0.00346036
0.00143982
0.00160552
0.00158759
0.00190445
0.00124329
0.00366777
0.00347401
0.00234709
0.00194283
0.00271082
0.00183609
0.00197919
0.00249637
0.00215649
0.00222857
0.00185606
0.00297832
0.00206469
0.00332389
0.00339283
0.00373178
0.00231955
0.00263866
0.00233597
0.00296444
0.00223631
0.00290756
0.00259932
0.0021711
0.00220075
0.00220432
0.00273842
0.00250426
0.00250725
0.00291726
0.00268355
0.00276687
0.00282943
0.0027082
0.00313545
0.00320593
0.00311175
0.00361216
0.0030237
0.00491935
0.00369529
0.00366119
0.00220363
0.0031961
0.00345113
0.00231919
0.00315343
0.00172752
0.00211675
0.00184171
0.00177967
0.0020441
0.00330961
0.00317808
0.00340657
0.00422467
0.00497116
0.00656402
0.00473936
0.00411734
0.00382117
0.00447004
0.00512363
0.00414172
0.00419771
0.00378676
0.00493946
0.00433347
0.00455532
0.00410696
0.00435221
0.00457059
0.00474738
0.00545064
0.00630155
0.00442005
0.00366606
0.00423015
0.00432511
0.00401022
0.00601527
0.0065773
0.00270472
0.00298514
0.00237413
0.00213379
0.00221064
0.00756367
0.00236434
0.00553989
0.00377844
0.00396667
0.00511619
0.00537535
0.00275545
0.00359699
0.00439558
0.00269728
0.00279755
0.00347806
0.00243623
0.00262135
0.00230151
0.00403215
0.00404064
0.00500545
0.00356955
0.00320691
0.00341861
0.00208199
0.00261388
0.00168658
0.00176452
0.00226496
0.00404744
0.00858281
0.00387844
0.00690131
0.00244533
0.00861342
0.00603891
0.00313146
0.00349146
0.00511781
0.00563129
0.00376877
0.00351754
0.00572663
0.00282876
0.00332961
0.00336605
0.00529089
0.00163642
0.00183595
0.00278017
0.00154108
0.00470607
0.00541503
0.00302757
0.00443603
0.00689988
0.00324545
0.00268267
0.00266673
0.00364684
0.00336892
0.00338107
0.0040835
0.00447812
0.0040862
0.00552938
0.00368104
0.00237736
0.00322808
0.00462745
0.00321022
0.00285168
0.00268021
0.00282009
0.00510652
0.00317423
0.00227854
0.00369667
0.00389703
0.00439227
0.004066
0.00872776
0.00387302
0.00404153
0.00608237
0.00188694
0.00144637
0.00259503
0.00198441
0.00195155
0.00324342
0.00412742
0.00374169
0.00406681
0.00381415
0.00384933
0.00306581
0.00458155
0.00268932
0.00357798
0.00391628
0.00385795
0.00354931
0.00325992
0.0039447
0.00255386
0.00316889
0.00279678
0.00279355
0.00348577
0.00193697
0.00257956
0.00268798
0.00448527
0.00204552
0.00321055
0.00343932
0.00599856
0.00276228
0.0034748
0.00197639
0.00161074
0.00346981
0.00299317
0.00434054
0.00397926
0.00472552
0.00251497
0.00223329
0.00243128
0.00242631
0.00238574
0.00218318
0.00226376
0.00223731
0.00311212
0.00250359
0.003056
0.00331209
0.00370062
0.00319362
0.00325004
0.00322366
0.00443364
0.00332131
0.00352766
0.00473035
0.00355682
0.00328375
0.00461723
0.00514176
0.003814
0.00507559
0.00261576
0.00370956
0.00324366
0.00500884
0.00320971
0.00533089
0.0048116
0.00333462
0.003581
0.00336266
0.00343944
0.00355887
0.00425753
0.00256915
0.00329526
0.00403861
0.00251133
0.00233989
0.00348313
0.00395652
0.00298052
0.00278063
0.00280588
0.00308998
0.00363947
0.00245769
0.00312144
0.00237852
0.00316265
0.00227921
0.00331553
0.00532586
0.00381905
0.00538043
0.00244689
0.00236439
0.00347822
0.00234375
0.00258177
0.00292952
0.00261571
0.00535213
0.00500619
0.00212522
0.00218145
0.00211802
0.00218845
0.00387468
0.00195349
0.00205127
0.00200832
0.00172597
0.00178869
0.00175698
0.00166571
0.00181403
0.00175972
0.00187871
0.00186055
0.00299479
0.00193162
0.00194782
0.00347438
0.00313111
0.00460556
0.00323801
0.00456163
0.00346993
0.00327049
0.00305792
0.00325149
0.00323592
0.00389552
0.00571434
0.00322322
0.00268166
0.00298855
0.00530196
0.0023182
0.00591599
0.00259826
0.00298726
0.00258459
0.00314018
0.00257766
0.00363319
0.00398448
0.00250728
0.00241442
0.00494843
0.00273572
0.00559253
0.00247585
0.00293783
0.00229339
0.00205855
0.00224719
0.00212326
0.00147262
0.00174917
0.00141476
0.00140699
0.00466241
0.00440943
0.00635712
0.00295364
0.00545561
0.00303675
0.00586541
0.00320409
0.00201276
0.00227785
0.00208684
0.00412594
0.00224196
0.00445538
0.0028294
0.00417238
0.00566709
0.00381314
0.00373195
0.00271022
0.00377966
0.0016467
0.00170058
0.00178908
0.00221728
0.00193744
0.00254947
0.00299375
0.00335048
0.0053787
0.00242393
0.00197572
0.00387179
0.00521877
0.0046052
0.00418852
0.00322228
0.00645282
0.00200317
0.00278312
0.00389384
0.00196924
0.00206078
0.0026037
0.00472591
0.00235433
0.00239597
0.00164951
0.00183324
0.00382521
0.00352444
0.00155942
0.00196993
0.00334326
0.00241883
0.00258725
0.00218607
0.00288276
0.00435602
0.00325048
0.00279664
0.00292166
0.0042031
0.00467128
0.00515591
0.00269556
0.00439249
0.00193386
0.00207864
0.00228846
0.00227817
0.00301932
0.00200992
0.00239432
0.00204304
0.00309466
0.00427234
0.0029917
0.0046561
0.0102247
0.00464189
0.00371896
0.00408394
0.0038876
0.00368537
0.00349029
0.00322787
0.00278671
0.00327029
0.0031467
0.00337114
0.0037157
0.0017306
0.00276328
0.00290459
0.00365306
0.00481939
0.00216818
0.00265834
0.00298197
0.00245515
0.0024574
0.00292208
0.00311134
0.00225422
0.00234052
0.00838917
0.00424539
0.00235042
0.00276276
0.00336851
0.0022334
0.00203736
0.00235181
0.0030241
0.00326308
0.00186996
0.00178292
0.00197876
0.0020197
0.00334476
0.00335357
0.00144994
0.00109376
0.0010268
0.00162854
0.0018781
0.00194525
0.00200129
0.00138256
0.00147568
0.00134158
0.000810473
0.00100047
0.00429057
0.00314293
0.00317734
0.00441572
0.0038036
0.00343484
0.00390934
0.00353849
0.00437082
0.00359064
0.00166656
0.00283274
0.00296041
0.00346619
0.00168138
0.00160488
0.00448702
0.00225854
0.00252981
0.00175025
0.0022315
0.00211802
0.00333119
0.00465563
0.00589283
0.00368543
0.00305134
0.00360736
0.00692424
0.00361811
0.00331916
0.00246737
0.00147164
0.00154716
0.00154638
0.00126603
0.00146461
0.00148297
0.00160202
0.00165245
0.00197097
0.00144532
0.00142815
0.0014918
0.00216565
0.00205668
0.00253716
0.00237091
0.0024852
0.00285698
0.00227398
0.0032047
0.00183154
0.00198835
0.00221599
0.00283199
0.00320641
0.00234403
0.00233997
0.00306207
0.00210219
0.00285918
0.00288562
0.00356629
0.00421411
0.0027943
0.00286969
0.00287136
0.00287302
0.00344107
0.0020598
0.00224508
0.00182748
0.00210269
0.00232932
0.00312129
0.00295602
0.00227192
0.0038153
0.00152795
0.00198373
0.00325799
0.00234388
0.00179513
0.00189604
0.00169091
0.00159331
0.00198978
0.00180656
0.0019343
0.00179793
0.00136551
0.0014
0.00142644
0.00153468
0.00167423
0.00175541
0.00307413
0.00188586
0.00304794
0.0030425
0.00209527
0.00197843
0.00378403
0.00337478
0.00218996
0.00215314
0.00183467
0.00318209
0.00309295
0.00319429
0.00344581
0.00226963
0.00328809
0.00230963
0.001562
0.00405534
0.00226899
0.00206254
0.00211005
0.00166685
0.00191607
0.00184071
0.0017925
0.00153783
0.00223792
0.00178876
0.00379122
0.00225737
0.00233404
0.0024264
0.00425504
0.00244269
0.0016694
0.00160697
0.0015052
0.00135167
0.00126272
0.00134113
0.00223419
0.00187706
0.00134405
0.00183914
0.00129707
0.00267788
0.00332043
0.00200456
0.0029003
0.00187753
0.00245538
0.000895395
0.000945602
0.00161781
0.00186552
0.00138899
0.0032371
0.00298915
0.00540253
0.00296812
0.00236076
0.00631352
0.00239566
0.00334844
0.00260408
0.00230302
0.00338259
0.00358813
0.0033579
0.00423067
0.00215739
0.00174157
0.00164187
0.00165108
0.00186646
0.00281271
0.00200197
0.00550833
0.00200594
0.00186577
0.00233059
0.00230972
0.00206497
0.00240356
0.00215569
0.00206876
0.00330865
0.00280293
0.00315538
0.00330587
0.00249039
0.00252506
0.0031033
0.00264484
0.00324121
0.00448725
0.00220246
0.00227924
0.00266408
0.0020758
0.00325249
0.00377714
0.00407134
0.00314989
0.00184665
0.00168316
0.00183171
0.00221455
0.00172522
0.00324175
0.00169598
0.00317321
0.00188363
0.00319349
0.00282918
0.00378811
0.00341897
0.00360148
0.00161874
0.00253671
0.0016725
0.0017404
0.00185199
0.00212028
0.00204133
0.00220069
0.00176064
0.00291829
0.00197633
0.00181446
0.00318754
0.00191605
0.00179435
0.00185797
0.00330228
0.00204991
0.00192895
0.00200974
0.00211765
0.00216291
0.00214073
0.00189566
0.00194368
0.00209526
0.00212375
0.00211298
0.00195071
0.00281492
0.00278824
0.00275531
0.00255257
0.00232167
0.00226451
0.00234837
0.00248013
0.00403966
0.00414759
0.00374891
0.00308118
0.00195345
0.00218814
0.0020316
0.0021062
0.00358685
0.00385477
0.00239332
0.00329098
0.00226976
0.00244034
0.00225184
0.00309915
0.00329294
0.00247701
0.00238715
0.00275243
0.0032673
0.00283423
0.00305456
0.00311766
0.00562572
0.00175018
0.00165041
0.00183807
0.00276377
0.0032145
0.00187066
0.0030417
0.00175892
0.00175205
0.00168231
0.00320596
0.00299537
0.00185298
0.0016629
0.00282792
0.002834
0.001621
0.00167489
0.0031667
0.00307545
0.00369956
0.00164004
0.00184652
0.00151537
0.00168176
0.00140611
0.00162783
0.00180114
0.00239222
0.00199754
0.0028686
0.00353934
0.00160924
0.00172037
0.00194726
0.00176349
0.00218224
0.00175621
0.00194143
0.00348251
0.00158798
0.00147406
0.00104017
0.00191061
0.00191748
0.0019662
0.00192609
0.00218248
0.00223899
0.00161055
0.00173062
0.00313079
0.00173875
0.00183196
0.00248537
0.00169245
0.0026707
0.00160559
0.00169213
0.00164685
0.00268476
0.00187636
0.00174176
0.00199668
0.00190991
0.00203141
0.00200395
0.00159793
0.00172258
0.00155813
0.00160261
0.00150855
0.00194221
0.00179842
0.00221823
0.00183848
0.0070472
0.00171869
0.00174928
0.00173677
0.00186362
0.00162469
0.00237669
0.0014681
0.00116148
0.0013594
0.00126268
0.00180268
0.0018845
0.00173651
0.00165441
0.00162512
0.00147215
0.00183057
0.00193621
0.00181366
0.00164876
0.00308776
0.00153953
0.0015918
0.00275985
0.00156483
0.00161666
0.00172389
0.00172911
0.00170223
0.00171418
0.00164405
0.00268304
0.00279036
0.00160776
0.00165007
0.00154866
0.00164032
0.0016168
0.00153439
0.00250399
0.00173995
0.0017477
0.00277775
0.00157002
0.00164761
0.00154728
0.00158385
0.00151502
0.00153638
0.00151171
0.00256598
0.00157237
0.00271039
0.00169255
0.00149649
0.00162638
0.00280195
0.00158236
0.00158514
0.00157245
0.00160397
0.00639181
0.00633862
0.00610972
0.00663172
0.0065787
0.00851346
0.00637145
0.00736696
0.00727675
0.00801861
0.0076459
0.0104761
0.0102551
0.00887413
0.00918905
0.00968118
0.00852875
0.00457659
0.00560662
0.00363829
0.00502424
0.00453563
0.00636995
0.00711197
0.00676201
0.00633561
0.00529774
0.00782965
0.00683639
0.00700653
0.00305185
0.00407319
0.00404883
0.00526379
0.00452294
0.00439615
0.00198747
0.00333025
0.00418989
0.00433314
0.00419586
0.00320987
0.00544966
0.00396938
0.00423448
0.00503443
0.00472638
0.00419663
0.00297172
0.00423737
0.00395501
0.00455961
0.00397668
0.00583336
0.00419128
0.00500635
0.00399729
0.00735698
0.004378
0.00583471
0.00841904
0.00471846
0.00492391
0.00530282
0.00544452
0.0055276
0.00496201
0.00508929
0.00425363
0.00518464
0.00390833
0.00570296
0.00900357
0.012293
0.00489498
0.0069338
0.00545712
0.00560893
0.00541763
0.00630154
0.00933605
0.00667595
0.00808458
0.00645302
0.00731027
0.00634
0.00418589
0.00399062
0.00460137
0.00673429
0.00481755
0.00298501
0.00802204
0.00559497
0.00552639
0.00469368
0.00533419
0.00429951
0.00510516
0.00478518
0.00560331
0.00829782
0.00821287
0.00725123
0.0102897
0.00987555
0.00697727
0.010094
0.00897307
0.00471296
0.00698693
0.00526198
0.00443954
0.00450258
0.005154
0.0043295
0.0049264
0.00614434
0.00529176
0.00625183
0.00846399
0.00756848
0.00931466
0.00573753
0.00502084
0.00914703
0.0048852
0.00766539
0.00498155
0.00490032
0.00572735
0.00544923
0.0055447
0.00553611
0.00628629
0.00588236
0.00689839
0.0100626
0.00829773
0.00450365
0.00735398
0.00941881
0.0107148
0.00717667
0.00791505
0.00648039
0.00999583
0.00925823
0.00613871
0.00921426
0.010014
0.00949364
0.00516588
0.0062169
0.00648888
0.0052393
0.00527317
0.00516063
0.00513384
0.0109628
0.0106316
0.00976304
0.0114368
0.00856135
0.00766266
0.00843704
0.0132524
0.00893717
0.00891858
0.00972099
0.00931374
0.0097637
0.00943574
0.00857385
0.00672751
0.00780867
0.00887065
0.00798539
0.0075521
0.00782567
0.00815299
0.00763906
0.00903449
0.00614777
0.00617659
0.00637118
0.00847716
0.00729369
0.00693874
0.0113993
0.00845622
0.0083667
0.00846813
0.00478285
0.00560874
0.00450033
0.00432566
0.00461653
0.00774249
0.00560059
0.00942087
0.00986691
0.00754403
0.00823745
0.0054995
0.00561696
0.00364992
0.00513125
0.00813494
0.00659851
0.00861056
0.00645398
0.00708003
0.00852208
0.00784396
0.00767089
0.0058808
0.0052952
0.00820864
0.0070406
0.00534881
0.00660604
0.00380979
0.00310329
0.00172977
0.00358169
0.00392165
0.00891687
0.00820736
0.00365629
0.00335794
0.00716533
0.00863641
0.00979324
0.00520105
0.00550661
0.00577683
0.00942277
0.00549925
0.00717432
0.0102842
0.00800663
0.00607349
0.00527928
0.00626344
0.005384
0.00711595
0.00585247
0.00550092
0.00581687
0.00656317
0.00507898
0.00607102
0.00886604
0.010017
0.00305145
0.00471463
0.00617298
0.00570999
0.00702722
0.00642925
0.00907841
0.00638099
0.00806116
0.0102281
0.00471874
0.0094148
0.0102579
0.00562192
0.00469412
0.00551767
0.00565629
0.00550994
0.00429061
0.00809555
0.00531534
0.00766532
0.00460134
0.00518404
0.0068403
0.00561522
0.00553723
0.00731894
0.00647015
0.00579056
0.00540005
0.00838113
0.00567693
0.00563994
0.00814843
0.00676582
0.00414906
0.00480983
0.00602075
0.0086745
0.0103714
0.00596488
0.00701376
0.00565177
0.00816354
0.00855825
0.00826729
0.00540109
0.0052593
0.00650402
0.00603456
0.00402332
0.00714312
0.00759108
0.00573255
0.00435515
0.00589226
0.00889686
0.00485793
0.00561319
0.00692659
0.00704263
0.00658457
0.00609677
0.00751892
0.00678964
0.00510448
0.00531862
0.00489224
0.00484307
0.00537718
0.00479836
0.00364945
0.00379833
0.00757356
0.00895235
0.00917887
0.00442448
0.00607607
0.00748631
0.00747926
0.00741789
0.0062696
0.00734149
0.00801896
0.00827059
0.00695008
0.0107451
0.00473503
0.00516354
0.00674936
0.00747043
0.00777209
0.00801883
0.0115528
0.00993021
0.00969529
0.00809792
0.00989335
0.00718186
0.00726591
0.00893255
0.00701257
0.00635175
0.00617289
0.00415331
0.0105068
0.0072492
0.00728644
0.00949067
0.00810431
0.00672604
0.00741803
0.0139477
0.00848088
0.00767105
0.00915598
0.00422937
0.00528839
0.00931086
0.0075879
0.00669181
0.00902425
0.010276
0.00962367
0.0116435
0.0105675
0.00745754
0.00894311
0.00715443
0.00907378
0.00479178
0.00829828
0.0141388
0.0170692
0.0254766
0.00602144
0.0113586
0.00624
0.00549272
0.00792578
0.00618653
0.00535958
0.00924343
0.0157147
0.00687613
0.0132196
0.0124568
0.0114524
0.00621714
0.00723259
0.00570011
0.0101892
0.0116658
0.0108222
0.00780794
0.0138
0.0111842
0.0103897
0.00957568
0.0107197
0.00841502
0.0101706
0.00811935
0.00751225
0.00647461
0.00809365
0.0123702
0.0118979
0.0120871
0.00644386
0.0126295
0.0100053
0.0115689
0.0112087
0.0111068
0.011476
0.01281
0.0105318
0.0110518
0.0108007
0.00925441
0.00902785
0.00928956
0.00966733
0.00515308
0.00464776
0.00564255
0.0124036
0.00993185
0.0100796
0.00914314
0.00380442
0.00628404
0.0114198
0.0119819
0.0116004
0.0109799
0.0131761
0.0126766
0.011559
0.011647
0.0128308
0.00637282
0.0055827
0.00614724
0.00729938
0.00666098
0.00461027
0.0100598
0.0118052
0.0139008
0.0135194
0.0131178
0.0112102
0.0128076
0.0129732
0.0122327
0.0126941
0.0155033
0.0152801
0.0126448
0.0131835
0.0100319
0.0139903
0.0132573
0.011059
0.0125502
0.00492776
0.0187291
0.0107708
0.0133222
0.0106358
0.0109113
0.0160708
0.0136639
0.0182453
0.0125675
0.0112973
0.00938235
0.00911171
0.00965442
0.0095973
0.00436159
0.00871878
0.00975764
0.011549
0.0096409
0.010898
0.00916161
0.0102093
0.0127961
0.00985691
0.00811215
0.00964965
0.0100983
0.00997074
0.00936593
0.00858008
0.00950114
0.00815153
0.00857422
0.00804839
0.0146586
0.016007
0.0149592
0.0177531
0.0163894
0.0151845
0.0140727
0.0113066
0.0130151
0.0132027
0.016332
0.0134535
0.0117468
0.0125408
0.0109291
0.0109562
0.00950822
0.0102186
0.0094663
0.00858519
0.0082509
0.00904867
0.0105572
0.00339343
0.00856457
0.00887967
0.00814911
0.00803742
0.00862334
0.0101988
0.00851906
0.00882945
0.0091504
0.00379741
0.00936281
0.0100421
0.0090683
0.0113391
0.0113294
0.0103623
0.0037565
0.0112085
0.00859037
0.010635
0.00936258
0.00781955
0.00821941
0.00346918
0.00900825
0.0101145
0.0121796
0.00835356
0.0101124
0.0106575
0.0094095
0.0109356
0.0170902
0.0113911
0.0123665
0.0109258
0.0208289
0.0204446
0.0193005
0.0133332
0.0150526
0.0107261
0.00961272
0.0115747
0.010213
0.0118427
0.0108009
0.0172989
0.0116284
0.0127002
0.00151299
0.00874437
0.0178681
0.00989219
0.0161518
0.0129008
0.0102787
0.00772602
0.0111439
0.00951247
0.0105827
0.0110528
0.0115362
0.01233
0.0137514
0.0150825
0.0173103
0.014608
0.0167467
0.0158455
0.0161582
0.0160862
0.0209199
0.0167205
0.0194585
0.0103265
0.0126191
0.0134509
0.0103884
0.011012
0.00887916
0.0107208
0.0101158
0.0140156
0.012039
0.0108953
0.0136266
0.0111525
0.00970128
0.0171134
0.00273617
0.0158056
0.015487
0.0187288
0.0278635
0.0197277
0.0173966
0.0196822
0.0231688
0.0218113
0.0176727
0.0120791
0.0129293
0.0192749
0.0259699
0.0234399
0.0212132
0.0139589
0.0162772
0.0135443
0.0221499
0.00975406
0.0109872
0.0242739
0.0116466
0.0160915
0.0127299
0.0185045
0.0129939
0.0175574
0.020363
0.0207159
0.0228159
0.010254
0.0138374
0.0111171
0.00879919
0.0151181
0.0157189
0.0137297
0.0163864
0.0199373
0.0173136
0.0156696
0.0233179
0.0231041
0.0210317
0.0179946
0.0251627
0.0220775
0.0186122
0.023657
0.023536
0.0209762
0.0184934
0.0218584
0.000938787
0.000941628
0.000914585
0.0012471
0.00121078
0.000928865
0.00103992
0.00115973
0.00136569
0.00139387
0.00112727
0.0011176
0.00100194
0.00115114
0.00108028
0.00139546
0.00147984
0.000950521
0.00148082
0.00128207
0.0012954
0.0011462
0.00130123
0.000845392
0.0010167
0.000761204
0.000944614
0.000718058
0.000692987
0.000729463
0.000815314
0.000789714
0.000807317
0.000817859
0.000587129
0.000580625
0.000656107
0.000719353
0.000925287
0.000907962
0.000935342
0.000933945
0.000914565
0.000907707
0.000940546
0.000923368
0.000469736
0.00042413
0.000713904
0.000374271
0.000456001
0.000417129
0.000397136
0.000426237
0.000577043
0.000478957
0.000465549
0.000587582
0.000151528
0.000515725
0.000604862
0.000661936
0.000572853
0.000403638
0.000426222
0.000550277
0.000611215
0.000715984
0.00063433
0.000562665
0.000514315
0.000484947
0.000599959
0.000570685
0.000489196
0.000455212
0.000939843
0.000401284
0.00105096
0.000588576
0.000906851
0.000397913
0.000395455
0.000398293
0.000377034
0.000380282
0.000378908
0.000393057
0.000545941
0.000430836
0.000449614
0.000717152
0.00118942
0.000865195
0.000884795
0.000667015
0.00119716
0.000692441
0.000758561
0.000468832
0.000378189
0.000477418
0.00035876
0.000424907
0.000775116
0.000973626
0.000638233
0.000647996
0.00119473
0.000387471
0.000374616
0.000379528
0.000355096
0.00133723
0.00107101
0.00137097
0.00125155
0.00110933
0.00111965
0.00132291
0.00117603
0.00129658
0.00114247
0.00115038
0.000894476
0.0011707
0.00106273
0.00167618
0.00190411
0.001892
0.00178375
0.00168676
0.00180576
0.00151569
0.00157959
0.00180931
0.00136168
0.00145215
0.00139248
0.000611731
0.00118017
0.00116806
0.000620956
0.000614358
0.00143599
0.00124803
0.00155164
0.00181058
0.00201538
0.00187274
0.00124569
0.00145947
0.00186779
0.00134133
0.00209035
0.00202165
0.00145907
0.000858761
0.000914475
0.00312275
0.00119191
0.000875684
0.00101838
0.000975716
0.00101885
0.0018859
0.00133479
0.00235872
0.00201199
0.0027684
0.00388435
0.00190331
0.0013822
0.000416735
0.00191211
0.00187037
0.00186014
0.00152839
0.0010143
0.000379858
0.000107759
0.00192565
0.00201899
0.00227425
0.00112309
0.00130709
0.00182858
0.00133978
0.00309935
0.00307499
0.00307687
0.00303649
0.00279122
0.0028057
0.00189581
0.00157968
0.00132935
0.00112934
0.00177137
0.00114307
0.000835576
0.000867287
0.0010409
0.000726481
0.000588233
0.000479364
0.000770614
0.000879665
0.000898135
0.000147161
0.000527325
0.00112595
0.0010774
0.00121166
0.000950082
0.000979109
0.00113502
0.000823919
0.000777341
0.000971558
0.00117467
0.00079617
0.00136146
0.000654223
0.0025267
0.00091243
0.000655011
0.000762595
0.000662724
0.0006814
0.000722233
0.00115963
0.00115421
0.000782754
0.00118538
0.00104215
0.000815911
0.00129003
0.000764774
0.00171092
0.000947566
0.000761151
0.000783319
0.000695196
0.000419068
0.000392148
0.000416524
0.000391175
0.00047155
0.00059124
0.000409764
0.000445812
0.000408532
0.000445343
0.000423086
0.000516563
0.000658511
0.000555402
0.000442993
0.000595671
0.000500221
0.000652529
0.000649302
0.000745147
0.000589946
0.000689424
0.000620626
0.000564088
0.00055151
0.000685443
0.000743624
0.000562195
0.000674583
0.00055371
0.00055687
0.000544497
0.000709572
0.000779436
0.000737154
0.000591193
0.000540169
0.000733834
0.00111906
0.000783639
0.000750301
0.00110723
0.000788499
0.00077711
0.00147769
0.00106983
0.00119818
0.00113864
0.00164193
0.00110515
0.00109327
0.00132044
0.000873291
0.000860405
0.00219591
0.00219701
0.00197599
0.00183743
0.00207708
0.00207373
0.00184886
0.00201559
0.00164309
0.00132435
0.00203198
0.00192207
0.00182487
0.00228047
0.00161452
0.00178235
0.000700076
0.000738614
0.000962177
0.000999387
0.00129322
0.00129283
0.00210537
0.000961483
0.00121697
0.00191711
0.00169098
0.00126782
0.00233998
0.000830025
0.000748689
0.000738034
0.000862027
0.00104946
0.00115028
0.00106729
0.00107724
0.00104309
0.000992393
0.000939932
0.000931185
0.00109283
0.00107832
0.000788998
0.000444056
0.000560262
0.000610429
0.000675744
0.000675799
0.000728364
0.000712474
0.000721397
0.000799261
0.000532859
0.000433108
0.000403344
0.000378414
0.000460239
0.000356856
0.000357518
0.0011349
0.00105997
0.000848987
0.000861923
0.00232341
0.00279481
0.00192945
0.00171147
0.00216653
0.00378729
0.00305212
0.00169789
0.00427486
0.00407653
0.00384302
0.0021667
0.00128319
0.00218621
0.00190239
0.0036118
0.0012057
0.00108809
0.00158254
0.000850679
0.00119724
0.00166499
0.000842659
0.00141144
0.00370888
0.00269215
0.00357438
0.00667522
0.00147688
0.00138906
0.00171857
0.00199046
0.00328499
0.00290394
0.001643
0.00158689
0.00194682
0.00281882
0.00239069
0.0030091
0.00291881
0.00178594
0.00294323
0.00243751
0.00344338
0.00230718
0.00291544
0.00196606
0.00162824
0.00242312
0.00258511
0.0015455
0.00204598
0.00327083
0.00431087
0.00244016
0.00346544
0.00378952
0.00174581
0.00251688
0.00158034
0.00148146
0.00181386
0.00252713
0.00167797
0.0014786
0.0011464
0.00492696
0.00122417
0.00150712
0.00109282
0.00406775
0.0022974
0.00192178
0.00120807
0.00238949
0.00138873
0.00197313
0.00121303
0.00259702
0.00115746
0.00110463
0.00144095
0.00301257
0.00123531
0.00101694
0.00286749
0.00110218
0.00105527
0.000901817
0.00112234
0.00051612
0.00113898
0.00122806
0.00155584
0.0014969
0.00134337
0.00134244
0.000955228
0.000725224
0.000930024
0.00117224
0.000916142
0.00101835
0.00090702
0.00183343
0.00176579
0.0018989
0.00232475
0.00220266
0.00166402
0.00119676
0.00150665
0.00163365
0.00132132
0.00172695
0.00127655
0.00144968
0.00148873
0.00141768
0.00135468
0.00131622
0.00107249
0.00148885
0.00145024
0.00127332
0.00143539
0.00110729
0.00141777
0.00164296
0.00142482
0.001568
0.00160731
0.000644232
0.00052577
0.0004161
0.000564584
0.000805314
0.000705098
0.000738569
0.000461165
0.000516987
0.000513553
0.000519903
0.000697172
0.000617453
0.000438979
0.000480845
0.000450811
0.000449916
0.00058314
0.000610966
0.000524165
0.000738695
0.00062948
0.000673271
0.000745111
0.000402629
0.000665094
0.000425272
0.000346269
0.000435444
0.000580654
0.00112796
0.00121582
0.000992491
0.00126777
0.00110635
0.000956122
0.00111067
0.000818056
0.000997487
0.00102675
0.00104518
0.000769493
0.000975583
0.00103695
0.00113935
0.00112662
0.00099445
0.00115773
0.00132039
0.00115992
0.00104142
0.0012478
0.00122991
0.0012753
0.000765496
0.00104743
0.000884986
0.00113394
0.000828809
0.00107388
0.000974385
0.000637796
0.000765208
0.000759889
0.0009404
0.00108298
0.000906476
0.0007082
0.000707196
0.000872825
0.000891153
0.000905801
0.00091211
0.000821266
0.000936802
0.00112238
0.00125723
0.000489639
0.000470958
0.000941413
0.000762138
0.000483704
0.000499093
0.00287959
0.00250757
0.0020761
0.00221737
0.00289071
0.00313835
0.00242404
0.00315761
0.00129589
0.00116701
0.00146194
0.00144388
0.00174947
0.00137184
0.00174301
0.00170638
0.00139323
0.0018713
0.00186112
0.00220858
0.00183826
0.00180229
0.00158115
0.00123248
0.00151133
0.000463693
0.000909886
0.000707668
0.000967007
0.000930675
0.00119227
0.00116922
0.00135354
0.00107874
0.00117273
0.00104989
0.00135102
0.00180317
0.00148916
0.00183092
0.00143916
0.00162488
0.00149503
0.00122292
0.00132683
0.00131802
0.00161031
0.00120152
0.00152104
0.00131508
0.00150045
0.00118844
0.00147218
0.00166461
0.00165262
0.00140749
0.00144727
0.00125629
0.00132032
0.00167322
0.00187674
0.00207791
0.00149613
0.00154742
0.00216967
0.00129652
0.00135634
0.00124618
0.000440557
0.000445277
0.000627273
0.000525328
0.00168715
0.00157396
0.00156247
0.00283054
0.00170498
0.0018486
0.00143113
0.0023959
0.00146577
0.00244268
0.00214586
0.00113122
0.00267779
0.00168941
0.00169553
0.00193519
0.00426002
0.00311283
0.00388948
0.00179943
0.00260686
0.00162226
0.00169084
0.00139969
0.00483644
0.00182295
0.00197215
0.00149977
0.00144466
0.00147174
0.00144002
0.00237962
0.00344445
0.00215233
0.00195463
0.00186203
0.00204485
0.00220182
0.00153002
0.00326993
0.00257384
0.00215801
0.00297934
0.00234776
0.00198654
0.00184992
0.00266995
0.0054897
0.00392048
0.00369278
0.00519997
0.00275701
0.00321619
0.00465266
0.00468318
0.00355217
0.00108354
0.00106588
0.00116722
0.00232811
0.00125658
0.00256983
0.0015405
0.00197743
0.00220262
0.00146599
0.00304855
0.0047251
0.00316464
0.00274346
0.00200613
0.00154479
0.00157138
0.00132559
0.0012478
0.00314946
0.00155994
0.00189737
0.00161505
0.0013088
0.00154191
0.00177368
0.00145232
0.0014695
0.00123828
0.00134485
0.00162272
0.00157869
0.00136224
0.00078021
0.000969729
0.000520206
0.000862298
0.00287998
0.00193359
0.000955642
0.00213467
0.00159199
0.00254685
0.00120134
0.00177807
0.000778554
0.000765621
0.000777879
0.000738219
0.00061086
0.000918481
0.000922271
0.00100754
0.00102364
0.00134647
0.00106374
0.00112205
0.00119892
0.0013378
0.00153227
0.00172781
0.00187186
0.00176762
0.00182074
0.00152616
0.00125664
0.00129354
0.00155648
0.00126561
0.0011637
0.00131362
0.000858601
0.000843329
0.000804245
0.000717112
0.000990819
0.000974596
0.000968006
0.00115277
0.00115487
0.00161914
0.000501752
0.00085641
0.00040964
0.00202576
0.00155058
0.00171289
0.00142774
0.00243927
0.00151151
0.00211973
0.00185433
0.00199089
0.00239885
0.00168122
0.00179763
0.00198201
0.00242015
0.00215077
0.000489169
0.000474853
0.00045446
0.000564998
0.000541454
0.000561789
0.000337119
0.000396748
0.000380322
0.000956701
0.000811317
0.000790137
0.000809708
0.00032863
0.000706746
0.000953593
0.000617706
0.000613088
0.000406134
0.000480834
0.00036091
0.000462182
0.000471286
0.000754382
0.00069836
0.000411656
0.000765305
0.000771487
0.000796236
0.000951486
0.00100304
0.00102404
0.000868365
0.000852671
0.000895312
0.000997099
0.000760782
0.00100117
0.000439331
0.000873649
0.000688281
0.000754358
0.000852249
0.000818561
0.000959841
0.000897828
0.000709336
0.000711127
0.000933365
0.000840909
0.000703337
0.000891034
0.000932012
0.000729695
0.000766464
0.000875903
0.000490733
0.000551698
0.00062896
0.000919634
0.000402819
0.000529961
0.00042788
0.000652576
0.000525909
0.00073912
0.00109461
0.000659701
0.000501405
0.000503989
0.000505913
0.00188473
0.00207088
0.00153864
0.00171924
0.00137329
0.00142
0.00131317
0.00119817
0.00136789
0.00139717
0.00143493
0.00164359
0.00164337
0.00127826
0.00162418
0.00487714
0.0046051
0.0031673
0.00253196
0.00359715
0.00148195
0.00112054
0.000951095
0.00113822
0.000953504
0.001068
0.00112381
0.00133433
0.00109606
0.000948743
0.00122665
0.000988444
0.00107835
0.00114652
0.00138815
0.0012918
0.00100247
0.00139987
0.00101504
0.00102155
0.00225238
0.00216589
0.000866295
0.00251648
0.00171778
0.00506731
0.00192772
0.00220947
0.0025147
0.00495794
0.00503746
0.0014974
0.00176301
0.00138702
0.00240901
0.00264067
0.00182648
0.00166413
0.00184197
0.0016148
0.00173332
0.00229671
0.00113936
0.00148633
0.00130315
0.00209526
0.00181627
0.00180972
0.00219679
0.00192376
0.00176931
0.00137499
0.00206907
0.0015872
0.00195
0.00149787
0.00133999
0.0020306
0.00144357
0.00145779
0.00221455
0.0019784
0.00174809
0.00170644
0.0023983
0.00194975
0.00232729
0.00222413
0.00132669
0.00160734
0.0011122
0.0015936
0.00112847
0.00116609
0.0014511
0.00121805
0.00125086
0.00143041
0.0014563
0.00147431
0.00164162
0.00221679
0.00213198
0.0017222
0.0017792
0.000607842
0.00103965
0.00103143
0.00103121
0.000989756
0.00121523
0.000460576
0.000422773
0.000423989
0.000664576
0.000720582
0.00055015
0.000416909
0.000364529
0.00043976
0.000361469
0.000402043
0.00033528
0.000394443
0.000674687
0.000326125
0.000744672
0.000463791
0.000969839
0.0010325
0.000837509
0.00122257
0.00114215
0.00145262
0.00110564
0.00147404
0.00113636
0.00110073
0.000745143
0.000868125
0.00116126
0.000555094
0.0011053
0.00101669
0.0013513
0.00150337
0.0015627
0.00128808
0.00150634
0.00134788
0.00153114
0.00165447
0.00131466
0.00146234
0.00159448
0.00153903
0.00162253
0.00152283
0.00133197
0.00145175
0.00138672
0.0013954
0.00116046
0.00115173
0.00129956
0.00121737
0.00137044
0.000771862
0.000593532
0.000438282
0.000430584
0.000398761
0.000400865
0.000439001
0.000591821
0.00156106
0.00127047
0.0013839
0.00158918
0.00156579
0.0015556
0.00147814
0.00147959
0.00155981
0.00170302
0.00159696
0.00151056
0.00166181
0.00165851
0.00166288
0.00169236
0.00210904
0.0018337
0.00181931
0.000949225
0.000961011
0.000969604
0.000810551
0.000549033
0.000761038
0.000479992
0.000451786
0.000538622
0.000688444
0.000942227
0.00144479
0.00090466
0.00121918
0.00175253
0.0014388
0.00123607
0.00190887
0.00249228
0.0027634
0.00211207
0.000918939
0.00216752
0.00219727
0.00577093
0.00315241
0.00343167
0.00358146
0.00290748
0.0051269
0.00318717
0.00322088
0.00426555
0.00342912
0.00241452
0.00264716
0.00199088
0.00252762
0.00198685
0.00213472
0.0025813
0.00250381
0.00345807
0.00252927
0.00241789
0.00200169
0.00205395
0.00204646
0.00197324
0.00305575
0.00211503
0.00254288
0.0017019
0.0028921
0.00226223
0.00209067
0.0017197
0.00244864
0.00304896
0.00188602
0.00195517
0.00268241
0.00292852
0.00402078
0.00432951
0.00281696
0.00265276
0.0029267
0.00274793
0.00460029
0.00236267
0.00251688
0.00276219
0.00298409
0.00262611
0.0110075
0.00862914
0.00390237
0.00479468
0.00548944
0.0025119
0.00247073
0.00214251
0.00213325
0.00340327
0.00408594
0.00327351
0.00309996
0.00302011
0.00293245
0.00307141
0.00359965
0.00385497
0.00355374
0.00990454
0.00363032
0.00377019
0.00427378
0.00445734
0.0053123
0.00338716
0.00393051
0.00282253
0.00480958
0.00332246
0.00547333
0.00346939
0.00160946
0.00280888
0.00244598
0.00189484
0.00289184
0.00197131
0.00312583
0.0089042
0.00231128
0.0023121
0.00370076
0.00373682
0.00249293
0.00261976
0.00353839
0.0124714
0.0118922
0.00327462
0.00409742
0.00299201
0.00414587
0.00454788
0.0035312
0.00351093
0.00247326
0.00223074
0.00415277
0.00291258
0.00192342
0.00160389
0.00403197
0.00298032
0.00329356
0.00305657
0.0106962
0.00493372
0.00433865
0.00331791
0.00338873
0.00298698
0.00318442
0.00265317
0.0027824
0.00256874
0.00390539
0.00266448
0.00187403
0.00335049
0.00184354
0.0016386
0.00294695
0.0039515
0.00372876
0.00378571
0.00394465
0.00621626
0.0101746
0.00642139
0.00768735
0.0103759
0.00865959
0.00857727
0.00664819
0.00696169
0.0101193
0.0107647
0.00818412
0.00671295
0.00731811
0.00702139
0.00976116
0.00951256
0.0117145
0.00524102
0.00748046
0.00582214
0.00985605
0.00797582
0.00666658
0.00679167
0.00670185
0.0049765
0.00586228
0.00844827
0.00525237
0.00553973
0.00549522
0.00420126
0.0100625
0.00540607
0.00342852
0.00553635
0.00409858
0.00415766
0.0064974
0.00681986
0.0107216
0.00733002
0.00680295
0.00774851
0.00368741
0.00380524
0.00389392
0.00316786
0.00299241
0.00426567
0.00332207
0.00246912
0.00287835
0.00333018
0.00267284
0.00286622
0.00474467
0.0048233
0.00453529
0.00620181
0.00440504
0.00643787
0.00638656
0.0101583
0.00892137
0.00741143
0.0089544
0.00872103
0.00905103
0.00881516
0.00986298
0.0104574
0.0118858
0.0128391
0.0118518
0.0124285
0.0112714
0.00958338
0.00659524
0.0101897
0.00685275
0.00988593
0.00975503
0.0084743
0.00762211
0.00400432
0.00411802
0.00553712
0.00452362
0.00339239
0.0029143
0.0132665
0.0104551
0.00385904
0.0125265
0.00461037
0.0130104
0.00242597
0.00219283
0.00247001
0.00272194
0.00472863
0.00257127
0.0161288
0.0101298
0.00368674
0.00282173
0.00378884
0.0034701
0.0105687
0.00169756
0.0022896
0.00150021
0.00159299
0.00334235
0.00344894
0.00353681
0.00390002
0.00394434
0.00465344
0.00597239
0.00369173
0.00240108
0.00372993
0.00401205
0.00426241
0.00266091
0.00324355
0.0118182
0.012949
0.00904445
0.0103677
0.0104692
0.013744
0.00460126
0.00469737
0.0048367
0.0048776
0.00575529
0.00570591
0.00773873
0.00895839
0.00922211
0.00987382
0.00980149
0.0104356
0.00973139
0.0127648
0.00906021
0.0092366
0.0107155
0.00962452
0.0117516
0.0106285
0.00937162
0.00833729
0.0101921
0.0107275
0.0117396
0.0106349
0.00948688
0.00880401
0.00896303
0.00882807
0.00833961
0.00856057
0.00200981
0.00281243
0.00580775
0.00372091
0.00260951
0.00468868
0.00286206
0.00253608
0.0023384
0.00418569
0.00441308
0.00320481
0.00494143
0.00313495
0.00337331
0.00381187
0.00380283
0.00397393
0.00358346
0.00382061
0.00184878
0.0016625
0.00186295
0.00180352
0.00162903
0.00134053
0.00134192
0.00175771
0.00157104
0.00260064
0.00347055
0.00172264
0.00154569
0.00135766
0.00241785
0.00160974
0.00423445
0.00588005
0.0051177
0.00424246
0.0109156
0.00781118
0.00314821
0.00385682
0.00406274
0.00359746
0.00527915
0.00622867
0.0067317
0.0042221
0.00395855
0.00404319
0.00403353
0.00163628
0.00149956
0.00138706
0.00152343
0.00255295
0.00389757
0.00253187
0.00234283
0.00211009
0.00194389
0.00237223
0.00225286
0.00192127
0.00301434
0.00184632
0.00184802
0.00385611
0.0114838
0.0108025
0.00242643
0.00236195
0.00208326
0.00354809
0.00209459
0.00337612
0.00231131
0.00253983
0.00172426
0.00175899
0.00239636
0.00174968
0.00295946
0.00264363
0.00172245
0.00191395
0.00188789
0.00185747
0.00177573
0.00420245
0.00307885
0.00413372
0.00410113
0.00495155
0.00348598
0.0033398
0.00886387
0.00642066
0.00594156
0.00834489
0.0066858
0.00792541
0.00596329
0.00531349
0.00422959
0.00507795
0.00486079
0.00429554
0.00548429
0.00224574
0.00218331
0.00167372
0.00343139
0.00373681
0.00884592
0.00466074
0.00338553
0.00162848
0.00194145
0.00153045
0.00258988
0.002025
0.00189258
0.00127732
0.000894397
0.00311039
0.00265865
0.00101402
0.000950804
0.00150242
0.00255207
0.00127688
0.00136966
0.00127093
0.00181911
0.00138594
0.00124162
0.00208884
0.00201896
0.00228314
0.00173935
0.00303182
0.00286427
0.00328413
0.00247054
0.00234599
0.00175884
0.00174327
0.00244922
0.0033319
0.00206807
0.00179586
0.00170531
0.00201006
0.00220841
0.00189356
0.00293239
0.00276761
0.00258615
0.00179645
0.00377347
0.00217804
0.00189922
0.00205221
0.00278588
0.0039002
0.00282954
0.00677038
0.00367767
0.00255896
0.00851258
0.00958005
0.000783667
0.000663399
0.000838863
0.000600998
0.000993011
0.000762123
0.00098911
0.000842395
0.000981619
0.00120991
0.00306057
0.000891822
0.00217746
0.0010523
0.000996689
0.00305357
0.00118472
0.00126442
0.00216794
0.00251207
0.00154954
0.00122031
0.00112818
0.000946855
0.000934709
0.000923467
0.00260855
0.000961216
0.00136126
0.000815751
0.000926427
0.00189756
0.00134466
0.00141319
0.00266183
0.00228322
0.00187062
0.000825144
0.00154159
0.000834746
0.00137996
0.0017686
0.00187886
0.00133813
0.00146475
0.0014435
0.00178122
0.00125701
0.00151219
0.00124944
0.000890547
0.00268927
0.00281701
0.000804957
0.00130793
0.000821335
0.00161884
0.00118329
0.00130214
0.00113559
0.000794235
0.00115267
0.000803728
0.00152819
0.00113163
0.00120426
0.00141243
0.000472737
0.000484007
0.000541085
0.000645982
0.000625688
0.00072038
0.00135174
0.00146325
0.0012699
0.00166027
0.00133106
0.00166206
0.00165122
0.000455074
0.000540216
0.000469359
0.00116976
0.0012378
0.00106476
0.00135767
0.00136352
0.00128258
0.000861088
0.000865415
0.00134333
0.00137479
0.00120101
0.00179331
0.00132762
0.00102914
0.0016788
0.00110116
0.00146827
0.00169279
0.00129188
0.0010939
0.00179283
0.000928904
0.000495668
0.000596726
0.000869363
0.00158772
0.000582689
0.00121306
0.000792547
0.000841385
0.00125933
0.000770908
0.00145679
0.000796965
0.000757199
0.0013932
0.000485027
0.000460247
0.000908665
0.00161235
0.000412238
0.00183389
0.000713467
0.001824
0.000648442
0.000725975
0.000763624
0.000884996
0.00053913
0.00054801
0.000802197
0.000714893
0.000649937
0.000782938
0.000643862
0.000715892
0.000609642
0.000517413
0.000555515
0.000724687
0.000952053
0.000622692
0.000681384
0.000668655
0.000449573
0.000703796
0.000440414
0.000387021
0.000614885
0.000870951
0.000821352
0.000919732
0.00213109
0.00104167
0.00129275
0.00148137
0.00185254
0.000589802
0.000841666
0.0013873
0.00188478
0.000525763
0.00039947
0.0017443
0.000489994
0.00074692
0.000465789
0.000649643
0.000602103
0.000655844
0.000934094
0.000680275
0.000624022
0.00117959
0.000846098
0.00138954
0.00189052
0.00436479
0.00311279
0.000845321
0.00238033
0.00128404
0.00470973
0.00350414
0.00242125
0.0015264
0.00223539
0.0015699
0.00110922
0.000976827
0.00132863
0.000998211
0.00119586
0.00123911
0.00185721
0.00131066
0.00352981
0.00293167
0.0043006
0.00323232
0.00449342
0.00418325
0.00363081
0.0039134
0.00414331
0.00489629
0.0030507
0.00359227
0.00538126
0.00215695
0.00193282
0.00286572
0.00180531
0.00173972
0.00197665
0.00304854
0.00382721
0.0057672
0.0029206
0.00443457
0.00419297
0.00374853
0.00156911
0.00188657
0.00146997
0.00130084
0.00127519
0.00239695
0.0046751
0.00345026
0.0017812
0.00173581
0.00173688
0.0021227
0.00195929
0.00305194
0.00271391
0.0022407
0.00216808
0.00166616
0.00223316
0.00461374
0.00214491
0.00191409
0.0021745
0.00156342
0.00127071
0.001301
0.00131986
0.00163842
0.00166376
0.00169157
0.00332283
0.001303
0.00185501
0.00284176
0.00127589
0.00248621
0.00190066
0.00258729
0.00210725
0.0029826
0.00242965
0.00229448
0.00247414
0.00298545
0.00227843
0.00274076
0.00115648
0.00133606
0.00128877
0.00181497
0.00218358
0.00199308
0.00139614
0.00209929
0.00280872
0.00199817
0.00215883
0.00262204
0.00205361
0.00176221
0.00159863
0.0016501
0.00219501
0.00179887
0.00144832
0.00124654
0.00145997
0.0016157
0.00177417
0.00123354
0.00108437
0.00150112
0.0013658
0.0010319
0.00107483
0.00203299
0.00199621
0.00269669
0.00153842
0.00141742
0.00106919
0.00136963
0.00210942
0.00164742
0.00144288
0.0025161
0.00163268
0.00206031
0.00198726
0.0018158
0.00230004
0.00302056
0.0033962
0.00302816
0.00264423
0.00230133
0.00222196
0.00235779
0.00312143
0.00181152
0.00194569
0.00324693
0.00192051
0.00225445
0.00210268
0.00262446
0.00176952
0.00327539
0.00229156
0.00336354
0.00193787
0.00303627
0.00204049
0.00164071
0.00199785
0.00236113
0.00389039
0.00178453
0.00182091
0.00261709
0.00252503
0.00182245
0.00184984
0.00124889
0.00165555
0.00165454
0.00180322
0.000912294
0.000636764
0.000566443
0.00101511
0.000555953
0.000754067
0.000514604
0.000613583
0.000655428
0.00083925
0.000731378
0.000769124
0.000683126
0.00111947
0.00110887
0.00162233
0.00122862
0.00200473
0.00143767
0.00128343
0.00128183
0.00115466
0.00182349
0.00170035
0.00180586
0.00228485
0.00201569
0.00164539
0.00125703
0.00162056
0.00161882
0.00178149
0.00186848
0.00220902
0.00109953
0.00130408
0.00131087
0.00184137
0.00133844
0.00292041
0.00145516
0.00109243
0.0023876
0.00221082
0.00196357
0.00173738
0.00107676
0.0014989
0.00123686
0.00132526
0.00117043
0.00329289
0.00238947
0.00263702
0.00275159
0.00236544
0.00236089
0.00179594
0.0028692
0.00333781
0.00216579
0.0020997
0.00211819
0.00215242
0.00190733
0.00329261
0.00272758
0.00216658
0.00229185
0.00215264
0.00213062
0.00169323
0.00269515
0.00186077
0.00206543
0.00297014
0.00293936
0.00211029
0.0030835
0.0019971
0.00263305
0.00191166
0.0022566
0.00191248
0.00240256
0.00227752
0.00349709
0.0036068
0.00223306
0.000722124
0.000652323
0.000422367
0.000333367
0.000358843
0.00203603
0.00339174
0.00239421
0.00239934
0.00330008
0.00253028
0.00322561
0.00279857
0.00280714
0.0022111
0.00268231
0.00272929
0.00267865
0.00248843
0.00344362
0.00268926
0.00262882
0.00296899
0.00207517
0.00299641
0.00284712
0.00270558
0.00268483
0.00245929
0.00309989
0.00278527
0.00408168
0.0050873
0.00243733
0.00361911
0.00331567
0.00389174
0.00351033
0.00281432
0.00213381
0.00321923
0.00299489
0.00243286
0.00387241
0.00389922
0.00335338
0.00266706
0.00443518
0.00413279
0.00317104
0.00472982
0.00570393
0.00259776
0.00481044
0.00294066
0.00323165
0.00353916
0.00354901
0.00322073
0.00277654
0.00279978
0.00390649
0.00281211
0.00295133
0.00333821
0.00451767
0.00329724
0.00293696
0.00271515
0.00453186
0.00276714
0.00282461
0.00313236
0.00494152
0.0045459
0.0077829
0.00603863
0.00390248
0.00424906
0.00360353
0.00300565
0.00157436
0.000965451
0.0010196
0.000943043
0.000908673
0.000818794
0.00232356
0.00434033
0.00506335
0.00336621
0.0036637
0.00413675
0.00280835
0.00470659
0.00514454
0.00575407
0.00377254
0.00168161
0.00343939
0.00465617
0.00642033
0.00350905
0.00353444
0.00513603
0.00530887
0.00316583
0.00532169
0.00141837
0.00108297
0.00114507
0.000925161
0.00162308
0.00237694
0.000987547
0.00135614
0.00182505
0.00152659
0.00147931
0.00284868
0.00431485
0.00395093
0.00477043
0.00298326
0.00366094
0.00315622
0.00325125
0.00299573
0.00279476
0.00473851
0.00396169
0.00343264
0.00406669
0.00422206
0.00401822
0.00358369
0.0040757
0.00316543
0.00400843
0.0031043
0.00291849
0.00636258
0.00668963
0.00612776
0.00275843
0.00506234
0.00347913
0.00416261
0.00663165
0.00399773
0.00992706
0.00475853
0.00174158
0.00118726
0.00254482
0.00109182
0.00118244
0.00159935
0.00190768
0.00115297
0.000938205
0.00124881
0.00120521
0.00232529
0.00107268
0.00184717
0.00168038
0.00114562
0.00272355
0.00132698
0.0021007
0.00226463
0.00207793
0.00118796
0.00112284
0.00108184
0.00150513
0.00129542
0.00101136
0.00091417
0.000976817
0.000632653
0.000967804
0.00107311
0.00137248
0.00112087
0.00105624
0.00110368
0.00115561
0.00150608
0.00177329
0.00150701
0.00123914
0.00255729
0.00254736
0.00375054
0.00287357
0.0040757
0.00591657
0.00325206
0.00628951
0.00419637
0.0039563
0.00155559
0.00117789
0.0011118
0.00134554
0.00133463
0.00162654
0.001638
0.00130185
0.00163988
0.00146889
0.00134429
0.00158467
0.00389806
0.00158174
0.0016733
0.00142544
0.00157559
0.00145324
0.00135824
0.00171504
0.00298433
0.00289546
0.00201271
0.00175038
0.00270516
0.0027035
0.00171706
0.00173583
0.00227575
0.0028867
0.0025113
0.00353057
0.0033549
0.00287698
0.00295518
0.00226015
0.00265477
0.00238426
0.00276842
0.00291238
0.00172756
0.00172599
0.00174218
0.00172199
0.00170406
0.00169854
0.0026559
0.00265194
0.00238563
0.00495364
0.00282547
0.00318157
0.00128575
0.00113084
0.00145639
0.0019105
0.00169805
0.0017557
0.00277759
0.00146698
0.00264785
0.00261057
0.00226871
0.00167964
0.00281524
0.00203401
0.00242941
0.00216052
0.00216181
0.00352266
0.00296996
0.00265603
0.00219053
0.00214269
0.00208042
0.00292094
0.00203023
0.00146703
0.00792947
0.00161821
0.00221481
0.00220473
0.00286833
0.00346463
0.0014057
0.00137066
0.00088107
0.000792622
0.000655912
0.000983124
0.000806764
0.000648608
0.000608559
0.000706696
0.00091762
0.000558074
0.000522735
0.000730637
0.00157582
0.000539988
0.0010114
0.000731251
0.00103761
0.0010378
0.000995923
0.00098541
0.0017291
0.00173582
0.00141687
0.00151407
0.00342383
0.00553675
0.00396174
0.00473531
0.00322626
0.00389558
0.00289299
0.00357664
0.00101635
0.000796284
0.00096695
0.00368914
0.000921771
0.000856815
0.000905225
0.000896543
0.00148603
0.00127295
0.00155469
0.00194794
0.00126542
0.00135048
0.001709
0.0022066
0.0011305
0.00221589
0.00210493
0.00144168
0.00156427
0.00191796
0.00208814
0.00197678
0.00248658
0.0016708
0.00193796
0.0022657
0.00133343
0.00161826
0.00592264
0.00483478
0.00691355
0.00541014
0.0100731
0.00610431
0.0074013
0.00583443
0.00266067
0.00111888
0.00228155
0.00336647
0.00217489
0.00168224
0.0019317
0.0021048
0.00345928
0.00295577
0.00058236
0.000556334
0.000580305
0.000607752
0.000823844
0.000695331
0.000663647
0.000482512
0.000547667
0.000740585
0.000611928
0.000390067
0.000424127
0.0032976
0.00302116
0.00479105
0.00255084
0.00301087
0.00203623
0.00288324
0.00403653
0.00349954
0.0044607
0.00488391
0.00453403
0.0067595
0.00449922
0.0061098
0.00491971
0.0039074
0.00386854
0.00377419
0.00383889
0.00321074
0.00761356
0.00273303
0.00270654
0.00352726
0.00451448
0.00237962
0.00132014
0.00150251
0.00116192
0.00107953
0.00108601
0.00471268
0.0011276
0.00156967
0.00282164
0.00364454
0.00351626
0.0033521
0.00332236
0.00294374
0.00295162
0.00264865
0.00321401
0.00274147
0.00359119
0.003164
0.00282061
0.00403364
0.00186177
0.00418707
0.00153634
0.0018034
0.00473795
0.00164104
0.00151234
0.00144668
0.00155366
0.00159469
0.00121605
0.00246807
0.00114753
0.00203949
0.00455514
0.00200046
0.00232866
0.00149873
0.00348041
0.00206613
0.00209657
0.00218694
0.00196177
0.0022456
0.00188392
0.00444322
0.00362709
0.0019986
0.00206659
0.00162154
0.00198704
0.00296892
0.00329713
0.00488034
0.00441316
0.00129393
0.00135571
0.00151435
0.00373513
0.00280499
0.00133132
0.00328711
0.00558781
0.00155326
0.00128414
0.0014781
0.00147039
0.00174138
0.00132283
0.0016468
0.00146661
0.00338801
0.00324457
0.00333723
0.00115949
0.00241007
0.00154706
0.00136746
0.00121974
0.00147041
0.00246675
0.00273368
0.00355727
0.00161645
0.00149304
0.00124541
0.00331935
0.00246963
0.00227644
0.00454716
0.00275802
0.00361234
0.00278107
0.00477795
0.00442072
0.00242765
0.00251323
0.00361925
0.00369948
0.00397257
0.00275254
0.00133665
0.00353603
0.00142081
0.00126147
0.00124697
0.00114572
0.00122524
0.0024018
0.00304262
0.00125514
0.00116538
0.00304677
0.00113116
0.00352574
0.00133092
0.0038884
0.00125413
0.00137762
0.00153853
0.00151206
0.00345524
0.00184274
0.00339475
0.00137807
0.0013665
0.00334918
0.0028688
0.00207103
0.00415065
0.00448702
0.00327509
0.00501398
0.00251303
0.00281393
0.00336923
0.00248848
0.00340359
0.00253769
0.00244589
0.00404188
0.00235877
0.00213957
0.00271556
0.00358536
0.00485246
0.00299125
0.003192
0.00218387
0.00208641
0.00424104
0.00528428
0.00251612
0.00191045
0.0025913
0.00223116
0.00260773
0.00222422
0.00269755
0.00244832
0.00373103
0.00283736
0.00306669
0.00468728
0.00515079
0.00353273
0.0031594
0.00397743
0.00331298
0.00297594
0.00324435
0.00315371
0.00374996
0.00578548
0.00624119
0.00572387
0.00325724
0.00380386
0.0040849
0.00413325
0.00397229
0.00142851
0.00121834
0.00185824
0.00351168
0.00171108
0.00258899
0.00170994
0.00163352
0.00158717
0.000615961
0.00164897
0.00168201
0.00273642
0.00201163
0.00241408
0.00263238
0.00226806
0.00250664
0.00230383
0.00168703
0.00320356
0.00253208
0.00191629
0.00207247
0.00217401
0.003866
0.00228761
0.00185284
0.00201392
0.00213389
0.00210642
0.00334559
0.00747226
0.00621313
0.00942506
0.00780316
0.00754563
0.00516546
0.00526843
0.00859788
0.00376456
0.00833821
0.00760226
0.008841
0.00957916
0.00942739
0.00914367
0.00823995
0.00795792
0.00379053
0.00282534
0.00287457
0.00246962
0.00246068
0.00224159
0.0023197
0.00440112
0.0070532
0.00650794
0.00629693
0.00641181
0.0056565
0.00351293
0.00503572
0.00453977
0.00355625
0.00321398
0.00363395
0.000534625
0.00204537
0.00175188
0.00312245
0.00203668
0.00280438
0.00292451
0.00172586
0.00117813
0.000941383
0.000990146
0.00103566
0.00203731
0.00107091
0.0045906
0.00412468
0.00381999
0.0073205
0.00410935
0.00354436
0.00552121
0.00460603
0.00394799
0.00500559
0.000764894
0.00108766
0.000777709
0.000913166
0.000760029
0.00061813
0.000666498
0.000901309
0.00382775
0.00304979
0.00248425
0.0035741
0.00301418
0.00409638
0.00673228
0.00517402
0.00492306
0.00395458
0.00630711
0.00499144
0.000887118
0.000531975
0.000592793
0.000641558
0.000705294
0.00152231
0.00165594
0.0035338
0.00139096
0.00226951
0.00266019
0.00236509
0.00260058
0.00257253
0.00277435
0.0018372
0.00173528
0.00148945
0.00380815
0.00302312
0.00399377
0.00353923
0.0030065
0.00419742
0.00231036
0.00198267
0.00186973
0.00170575
0.00280251
0.00298766
0.00353872
0.00253632
0.00308602
0.00270741
0.00239724
0.00531939
0.0035755
0.00407763
0.00430479
0.0052924
0.00506673
0.00498046
0.0047191
0.00504816
0.00365512
0.00802714
0.00448602
0.0025169
0.00887673
0.0106469
0.0058244
0.00470819
0.00457935
0.00389847
0.00857786
0.00610461
0.00793685
0.00180804
0.00143118
0.00113464
0.00131007
0.00381641
0.00646011
0.00328301
0.00337877
0.00566943
0.00330309
0.00380998
0.00366736
0.00605418
0.00163281
0.00160498
0.00163575
0.00155633
0.00288797
0.00395316
0.00672286
0.00400794
0.00407558
0.00358752
0.00317089
0.00333704
0.00416552
0.00581007
0.00997557
0.00591437
0.00385112
0.00306251
0.00518931
0.00493253
0.00157546
0.00238067
0.00167481
0.00241876
0.00241972
0.00325429
0.00323716
0.00317152
0.00252391
0.00506782
0.00555769
0.0030293
0.00637216
0.00528959
0.00680739
0.00598693
0.00321647
0.0031054
0.00415364
0.00987043
0.00256561
0.00287346
0.00216083
0.00241468
0.00218975
0.00275223
0.00281397
0.00334491
0.00356276
0.00397797
0.00421316
0.00640849
0.00174307
0.00155795
0.00160981
0.00141116
0.0015419
0.00287168
0.0059349
0.00202654
0.00193778
0.00520688
0.00154716
0.00145526
0.00123585
0.00485433
0.00152379
0.00542327
0.00544868
0.00187997
0.00207906
0.00189092
0.00210442
0.00616114
0.00297855
0.00224063
0.00144641
0.00189018
0.00291212
0.00161355
0.00162662
0.00242378
0.00236961
0.00230997
0.00376979
0.00290334
0.00379007
0.00267017
0.00223053
0.00345613
0.00312558
0.00366835
0.00248914
0.00334355
0.00389388
0.00349387
0.00429766
0.00349657
0.00406856
0.00350482
0.00451909
0.00374879
0.00396148
0.0039478
0.00383634
0.00517342
0.00519564
0.00449617
0.00596905
0.00882723
0.00229315
0.0104397
0.00491126
0.00496958
0.00424273
0.00496161
0.00994931
0.00624775
0.00231509
0.00239095
0.00293232
0.00198231
0.00553385
0.0020859
0.00243876
0.00444734
0.00216902
0.00275807
0.00267922
0.0025439
0.0020889
0.00311621
0.00300751
0.00505247
0.00184234
0.00174916
0.00212478
0.00240551
0.00226769
0.004219
0.0018854
0.00245076
0.002622
0.00448082
0.00310155
0.00270143
0.000506015
0.000475065
0.000756417
0.00128492
0.00216342
0.00282368
0.00242559
0.00244731
0.0026992
0.00244154
0.00414758
0.00869096
0.00154288
0.00150292
0.00231931
0.00250546
0.0018015
0.00211341
0.00151121
0.000909408
0.0027273
0.00328001
0.00203911
0.00257582
0.00306914
0.00188861
0.00260632
0.00741371
0.00240762
0.00199882
0.00209364
0.00248363
0.00227475
0.00466466
0.00191317
0.00430463
0.00623077
0.00505011
0.00530718
0.000494308
0.00055943
0.000632745
0.000642944
0.000508629
0.000512089
0.000540573
0.00171725
0.000548064
0.000524308
0.000901117
0.00159304
0.000830988
0.00189463
0.00335566
0.00706076
0.00320923
0.00279757
0.00240324
0.00325895
0.00240972
0.00104691
0.000830921
0.00115272
0.00444854
0.00529668
0.00506251
0.00487712
0.00325175
0.00310925
0.00292457
0.00168045
0.00280145
0.00237497
0.00280769
0.00524167
0.00260809
0.00390558
0.00339505
0.00244273
0.00082443
0.000930064
0.000954464
0.000956544
0.000933144
0.000888676
0.000991099
0.000900011
0.000916485
0.000807019
0.000917852
0.000911806
0.00093995
0.000905263
0.000705725
0.000612979
0.000439972
0.00120626
0.00193105
0.00260102
0.00258971
0.00331905
0.00389632
0.00433033
0.00641721
0.00248855
0.000379848
0.000490904
0.000732949
0.00202242
0.000471919
0.00135922
0.00143323
0.00151182
0.00169999
0.00500883
0.00366159
0.00447787
0.00238359
0.00233875
0.00207018
0.00214186
0.00215117
0.00397594
0.00283517
0.002928
0.00592108
0.00324841
0.0025702
0.00320661
0.00384597
0.00140004
0.00170286
0.00150678
0.00243494
0.00173934
0.00185371
0.0021606
0.00152598
0.00168195
0.00171186
0.00195484
0.00291521
0.00547378
0.00467266
0.00485055
0.00455056
0.00232228
0.00217666
0.0029098
0.00406352
0.00407215
0.00494483
0.00210406
0.00302253
0.00425799
0.00256458
0.00219768
0.00229722
0.00488285
0.00191105
0.00202183
0.00258308
0.00373649
0.00200298
0.00266082
0.00169931
0.00385598
0.00178256
0.00451928
0.00226143
0.00186626
0.00421687
0.00209167
0.00253686
0.00155403
0.0015488
0.00170743
0.0014861
0.00221547
0.00163903
0.00401159
0.00146053
0.00164915
0.00189183
0.00211158
0.00158249
0.00164912
0.00213679
0.00380899
0.00116446
0.0013743
0.00132193
0.00144093
0.00232901
0.00619191
0.00216457
0.00182296
0.00234374
0.00184545
0.00417915
0.00184122
0.00159544
0.00168684
0.00268454
0.0058228
0.00349826
0.00288425
0.00329251
0.00265233
0.003198
0.00543328
0.00315039
0.00553679
0.00359906
0.00439702
0.00194016
0.00477631
0.00196888
0.00222673
0.00249998
0.00227174
0.00269395
0.00201271
0.0021861
0.00160103
0.00162086
0.00215705
0.00189551
0.00573347
0.00241247
0.00253646
0.00559204
0.00351167
0.00258999
0.00255578
0.00300198
0.00175142
0.0018855
0.0015055
0.00155361
0.00339638
0.00796852
0.00358423
0.00286388
0.00298006
0.00704718
0.00245039
0.00250342
0.00269383
0.00310188
0.00270021
0.00354541
0.00715302
0.00353316
0.00340111
0.00153249
0.00136214
0.00170505
0.00118326
0.000411473
0.00274344
0.000463496
0.000453718
0.000416848
0.000491911
0.000472628
0.000487728
0.000501367
0.000586324
0.000861277
0.000892865
0.00395532
0.000440427
0.000521805
0.000535851
0.000541161
0.000703003
0.00102109
0.000405863
0.000480655
0.000472904
0.000413947
0.000495014
0.000542926
0.000447838
0.00045831
0.000386525
0.000485512
0.000408306
0.00151665
0.00247964
0.002208
0.00179422
0.00149174
0.00262726
0.00318452
0.00272192
0.00213172
0.00356241
0.00751619
0.00322936
0.00331872
0.00582687
0.00372459
0.00381466
0.00290287
0.00673781
0.00142434
0.00264954
0.00256802
0.00219732
0.007469
0.00428683
0.00422166
0.0034432
0.0076044
0.00712035
0.0103684
0.00435095
0.00422277
0.00903331
0.00374637
0.00448834
0.00715536
0.0022039
0.00274903
0.00558405
0.0065759
0.00244541
0.00323134
0.00257344
0.00294964
0.0106752
0.0105455
0.00495836
0.0101988
0.0056148
0.0044961
0.0052665
0.00413335
0.00423606
0.0121171
0.00599372
0.00511078
0.00417974
0.00544632
0.0109084
0.00406436
0.00470276
0.00284003
0.00776832
0.00315854
0.00283604
0.00306732
0.0105075
0.0041606
0.00532606
0.0106248
0.00429037
0.00513657
0.00399193
0.00439485
0.0109648
0.00397466
0.00456381
0.00401587
0.00941701
0.00363358
0.0100191
0.00427763
0.00485349
0.00485831
0.00328797
0.00325807
0.00364519
0.00409479
0.00332034
0.00827847
0.00915454
0.00207357
0.00199654
0.00186663
0.00208264
0.00190315
0.000371898
0.00114396
0.000801734
0.00036474
0.00142735
0.000612286
0.00190944
0.000926754
0.00194762
0.000403261
0.000369962
0.000377108
0.000350218
0.00158494
0.00219833
0.00226033
0.00326022
0.00223201
0.00716779
0.00226135
0.00353331
0.00721757
0.0022493
0.00201623
0.00246147
0.00275708
0.00525961
0.00188913
0.00186608
0.00243803
0.00203318
0.00266274
0.00468011
0.00234923
0.00205492
0.00215119
0.00192338
0.00186467
0.0017958
0.00200321
0.00200116
0.00329647
0.00928314
0.00248346
0.00220177
0.00292402
0.00358996
0.00357935
0.0043207
0.00812483
0.00762874
0.00222063
0.00205496
0.00208309
0.00546484
0.00247001
0.00251967
0.0030818
0.00296598
0.006352
0.00306305
0.00788606
0.00327853
0.00381571
0.0015418
0.00193377
0.0018333
0.00150673
0.00157821
0.00182478
0.00198407
0.00261404
0.00277033
0.0026398
0.00278045
0.00303227
0.00325958
0.00659699
0.0030836
0.00381549
0.00813402
0.00385367
0.00368643
0.00231853
0.00232845
0.00298009
0.00559005
0.00696371
0.0031513
0.00354404
0.00403604
0.0031598
0.00404103
0.00452332
0.00253075
0.0106738
0.00361851
0.00336841
0.00318767
0.00342002
0.00285928
0.00347657
0.00296004
0.00856693
0.0102444
0.00343658
0.0029543
0.00314768
0.00246853
0.00353707
0.00326902
0.00194811
0.00278746
0.0029543
0.000964406
0.00601736
0.00110163
0.00213431
0.00215047
0.00256483
0.000640186
0.000715339
0.00221165
0.00157517
0.00166695
0.00173533
0.00198265
0.00247254
0.00250054
0.00290348
0.0100233
0.000434903
0.000557431
0.000588843
0.000443967
0.000373616
0.00200742
0.00166036
0.00385132
0.00169223
0.00477922
0.00189837
0.00440864
0.00481582
0.0014473
0.00206086
0.000426315
0.000454786
0.000432012
0.00199041
0.000801413
0.0005696
0.000504953
0.000438545
0.000449672
0.000495202
0.000426206
0.00136664
0.0019898
0.00195615
0.000799149
0.00830418
0.00293027
0.00243649
0.00286722
0.00190322
0.00266317
0.00238626
0.00327914
0.00470482
0.00174342
0.00213371
0.00182744
0.00195838
0.00164582
0.00167594
0.00255656
0.00287027
0.00077056
0.000495909
0.000563939
0.000550483
0.000540378
0.0023687
0.00207226
0.002427
0.00233741
0.00417923
0.00215004
0.000444969
0.000767137
0.000465098
0.000475743
0.000420559
0.000617495
0.000531743
0.000488096
0.000608427
0.000463982
0.00790311
0.00301143
0.00255168
0.00292703
0.0023036
0.00410639
0.00384735
0.000364869
0.000439052
0.00119419
0.000423432
0.00039124
0.000379137
0.00444932
0.00359045
0.0101255
0.00433402
0.00495377
0.00994938
0.00439869
0.00951579
0.0038009
0.00347785
0.00339745
0.00381564
0.00435919
0.00370429
0.00453583
0.0106054
0.0103819
0.00961508
0.00373119
0.00323668
0.0037374
0.00392923
0.00865186
0.00347624
0.00443936
0.00462554
0.00400196
0.00459683
0.00406357
0.0106693
0.00949326
0.00389884
0.00311806
0.0035637
0.00344999
0.00695827
0.00406841
0.00371234
0.00407759
0.00474311
0.00459744
0.0106
0.010851
0.00883759
0.00971535
0.00276736
0.00358303
0.0036107
0.0035567
0.00223952
0.00268492
0.00544955
0.00434318
0.0022572
0.00223431
0.00220634
0.000444875
0.000476587
0.000452894
0.000441048
0.000489863
0.000527277
0.000566588
0.00043889
0.000617039
0.00046026
0.000490292
0.000457153
0.00144512
0.00196672
0.00429161
0.00452632
0.003771
0.00489536
0.00393673
0.0102511
0.00449053
0.00824664
0.00272375
0.00361772
0.00313626
0.00321735
0.00284209
0.00306447
0.00321848
0.00313911
0.00683977
0.00414433
0.00373018
0.00397364
0.00495716
0.00423475
0.00422182
0.00840833
0.00866606
0.00156098
0.00645577
0.00275698
0.00274594
0.00243611
0.00225022
0.00217533
0.0023562
0.002501
0.00274853
0.00557477
0.00226817
0.00560711
0.0021031
0.00243933
0.00576484
0.00607239
0.00218778
0.0024858
0.00215178
0.00229513
0.0029331
0.00349366
0.00404853
0.00308081
0.00807948
0.00198178
0.00192517
0.00230015
0.000555875
0.000510742
0.0024791
0.0009547
0.000835412
0.000962663
0.000853494
0.000842496
0.000444539
0.000410124
0.000450619
0.000655431
0.0012807
0.00214166
0.000693302
0.000557409
0.00188776
0.00232576
0.0010126
0.000692478
0.00135399
0.00127081
0.00179945
0.00258639
0.00266768
0.00248533
0.00267289
0.00343552
0.0077904
0.00221418
0.00130074
0.00139011
0.00122199
0.000833875
0.00140604
0.00138383
0.00151151
0.00138258
0.00138717
0.00158105
0.00143837
0.000772394
0.000861515
0.000733641
0.000738041
0.000743694
0.00100301
0.000909899
0.000704937
0.000672143
0.00109278
0.00113114
0.000573937
0.00102668
0.00120761
0.000245451
0.000721308
0.00139478
0.000896227
0.00139463
0.00128183
0.00142307
0.00146049
0.00141443
0.00131208
0.00255018
0.0013929
0.00184129
0.00135698
0.00134397
0.00130802
0.00189964
0.00130097
0.00145323
0.00113384
0.00138522
0.00113237
0.00139574
0.00144836
0.00125895
0.00132003
0.00144133
0.00126355
0.00114663
0.0014385
0.00127075
0.00131182
0.00477953
0.00307382
0.00302659
0.00306189
0.00280786
0.00292588
0.00275013
0.00263373
0.00346632
0.00258428
0.00255861
0.00241746
0.00218834
0.0041234
0.00683058
0.00560155
0.00587189
0.00340742
0.00381419
0.00380167
0.00381398
0.00271943
0.00126369
0.00131019
0.00139955
0.00081859
0.00129717
0.00141314
0.000899024
0.00121591
0.00179374
0.00186016
0.00247403
0.00193225
0.00166784
0.00272495
0.00493489
0.00286489
0.00422104
0.00303952
0.00204132
0.00257642
0.00109917
0.00133334
0.00136684
0.00115092
0.00143088
0.000935457
0.00138218
0.00131669
0.000990418
0.00131485
0.00120036
0.00135827
0.0013911
0.00150554
0.00128862
0.00136564
0.0017954
0.00143785
0.00552872
0.00342342
0.00371081
0.00376413
0.00350025
0.00337812
0.00351946
0.00536889
0.00110068
0.00200779
0.00103587
0.00210287
0.00208688
0.0017224
0.00257004
0.00146466
0.00153598
0.00145506
0.0018619
0.00150725
0.00154152
0.00193854
0.00169472
0.00168818
0.00182145
0.00398845
0.00246156
0.00240662
0.0028927
0.00277222
0.00342194
0.00242755
0.00258779
0.0101861
0.0076341
0.00906346
0.0115025
0.0101367
0.0110264
0.00893136
0.00718552
0.0107823
0.00808895
0.00944678
0.00653121
0.0097805
0.00796079
0.00553064
0.00270149
0.00162433
0.00319283
0.00185844
0.00817198
0.00741815
0.00797676
0.00915189
0.00978472
0.00851507
0.00914239
0.00939854
0.00913252
0.00947321
0.0104866
0.00889136
0.00475714
0.00313702
0.00174663
0.00152153
0.00165517
0.00166575
0.00163086
0.00173995
0.00735284
0.00902715
0.00837065
0.00764872
0.00904899
0.00646746
0.00681444
0.00826738
0.00693968
0.00783511
0.00687164
0.00913378
0.00782029
0.0047311
0.0042022
0.004599
0.00685673
0.00594673
0.00604506
0.00483402
0.00489068
0.00255813
0.00270686
0.0027819
0.00289045
0.00468758
0.00262714
0.00385823
0.00449857
0.00276433
0.00410754
0.00738892
0.00271205
0.00233958
0.00238342
0.00425006
0.00472173
0.0031296
0.00278117
0.00232693
0.00230799
0.00248496
0.00218712
0.00155825
0.000966855
0.00205347
0.00140658
0.00209145
0.00152257
0.00131936
0.00175342
0.00278045
0.00403059
0.00225752
0.00167036
0.00243769
0.00452602
0.00350329
0.00240232
0.00165177
0.00160078
0.00179534
0.0017849
0.0017622
0.00274478
0.00221072
0.0114363
0.00231595
0.00237792
0.00946207
0.00443527
0.00369471
0.00606813
0.00219132
0.00159188
0.00161646
0.00139792
0.00137091
0.00141056
0.00264178
0.00162536
0.00268669
0.00341717
0.00270375
0.002189
0.00427995
0.00220144
0.00133658
0.00102132
0.000460628
0.00118877
0.000428851
0.000496221
0.000359507
0.00249894
0.00236731
0.00463459
0.00264371
0.00262121
0.00413456
0.00304538
0.00220072
0.00222519
0.00178657
0.0038295
0.00196108
0.00195886
0.00460729
0.00440143
0.0039132
0.00170443
0.00208411
0.00177156
0.00174999
0.00359618
0.00399746
0.00339039
0.00397298
0.00914626
0.0042894
0.00058468
0.000374955
0.000423795
0.00035783
0.000451641
0.000352557
0.000479532
0.0029383
0.00155412
0.00171769
0.00165972
0.00175063
0.00173325
0.00154493
0.00284615
0.00179219
0.00137965
0.00161328
0.00148052
0.00251375
0.00160261
0.00153214
0.00161591
0.00135898
0.00302993
0.00348998
0.00188777
0.00161906
0.00389368
0.00307855
0.00324355
0.00308767
0.00435909
0.00297871
0.000759445
0.00108797
0.000483416
0.00107849
0.00879773
0.00179194
0.00179508
0.00278094
0.0049837
0.00338227
0.00372144
0.00317808
0.00591249
0.00211294
0.00157902
0.00762924
0.00185752
0.00317649
0.00756622
0.00362616
0.000609442
0.000586288
0.000570027
0.000650545
0.000608043
0.000693211
0.000648045
0.000644847
0.000613134
0.000583484
0.000706627
0.000657306
0.000652008
0.000679979
0.000501835
0.000578878
0.000668571
0.000588237
0.000564109
0.000617699
0.000592737
0.000714129
0.000521877
0.000759009
0.00068377
0.000765902
0.000499653
0.000513615
0.000586796
0.000530961
0.000566175
0.000480454
0.000620251
0.00074307
0.000607931
0.000724581
0.000713322
0.000706262
0.000818611
0.000429271
0.000700022
0.000500093
0.000446381
0.000444471
0.000435977
0.000444808
0.000473951
0.000538259
0.000639177
0.000660691
0.000658471
0.000837736
0.000911879
0.000700579
0.000607408
0.000696443
0.000686555
0.000521311
0.000818571
0.000664822
0.000704753
0.000592778
0.000557817
0.000713154
0.00086452
0.000895509
0.000786419
0.000790694
0.000713699
0.00097765
0.00121852
0.000901857
0.000838408
0.000877845
0.00102798
0.000869719
0.00102129
0.000473012
0.000453793
0.000479011
0.000459102
0.000560716
0.000680828
0.000673686
0.00049433
0.000512017
0.000509233
0.000497251
0.000476277
0.00050847
0.000508716
0.000968995
0.000718366
0.000879285
0.000512188
0.000701268
0.000505789
0.000547151
0.000853837
0.00053635
0.000576313
0.000554217
0.000738251
0.000517259
0.000754309
0.000475809
0.00071119
0.00056738
0.000654777
0.000661074
0.000530504
0.000544127
0.000569225
0.000474947
0.000489428
0.000518513
0.000525765
0.000541652
0.000548236
0.000621401
0.000593443
0.000617089
0.000538484
0.000540196
0.000539202
0.000671609
0.000522299
0.000653121
0.000572877
0.000739467
0.00059896
0.000534813
0.000538822
0.000593762
0.000555263
0.000734586
0.000539025
0.00129502
0.00138098
0.00196005
0.00179311
0.00145263
0.00138384
0.000436381
0.000571725
0.000469926
0.00108847
0.000647944
0.00068878
0.0020895
0.000665723
0.000678902
0.000865783
0.000739846
0.00076664
0.000701635
0.00057255
0.000639985
0.000709119
0.000942225
0.000915294
0.000590941
0.000627699
0.000961368
0.000610648
0.000743291
0.00108072
0.000952704
0.00119117
0.000824978
0.00133134
0.00148249
0.00115457
0.00112263
0.00124329
0.00171036
0.00216261
0.000673716
0.000639222
0.000563181
0.000632268
0.000536997
0.00057857
0.00056898
0.0022354
0.00154852
0.00211468
0.00159303
0.00245342
0.00139625
0.00198436
0.00175116
0.00332672
0.00157494
0.0016541
0.00152055
0.00179483
0.00168753
0.0016451
0.00234364
0.00204825
0.00109345
0.000927461
0.00178056
0.00179892
0.00194782
0.00168766
0.0019617
0.00161609
0.00178532
0.00137478
0.00156997
0.00132782
0.00127587
0.00128402
0.00144266
0.00247119
0.00162023
0.00169852
0.00197365
0.00170441
0.00187673
0.00273457
0.00225895
0.00223954
0.00184646
0.0018884
0.0020026
0.00179827
0.00209341
0.00237342
0.00177761
0.00199201
0.00209672
0.00181187
0.00232798
0.00217637
0.00159173
0.00188703
0.00279212
0.00282077
0.000545146
0.00039058
0.000436758
0.000351657
0.000542566
0.00051248
0.000426721
0.000456493
0.000443569
0.000649999
0.000552679
0.000637681
0.000873521
0.000783101
0.000582658
0.000639742
0.000626013
0.000481334
0.000527096
0.000700524
0.000606609
0.000773821
0.000790415
0.000811782
0.000641576
0.000723421
0.000859398
0.00040384
0.000528892
0.000644928
0.000680726
0.000447911
0.000672192
0.000515924
0.00053526
0.000629849
0.000662897
0.000359752
0.000546
0.000602575
0.000637822
0.000360366
0.000551905
0.000735681
0.000902693
0.000692488
0.000646245
0.0011134
0.000681068
0.000784502
0.000628194
0.000837422
0.000586935
0.000872565
0.00082678
0.000823278
0.000792456
0.000802303
0.000792977
0.000890328
0.000671572
0.000817699
0.000735422
0.000876128
0.000733656
0.000563756
0.000689425
0.00070692
0.000662986
0.000652751
0.000548077
0.000580852
0.000559316
0.00167266
0.00132153
0.00134768
0.00141958
0.00139376
0.00141885
0.00180008
0.00174047
0.00132597
0.00144093
0.00145457
0.00149888
0.00121886
0.00123275
0.00137933
0.00119972
0.000993023
0.000913255
0.00104589
0.00112268
0.001236
0.00105221
0.00134401
0.00100336
0.00128588
0.00128508
0.00133153
0.000986586
0.000959906
0.0010636
0.00100023
0.00113692
0.00105228
0.00107262
0.000979054
0.000981184
0.000875603
0.000903392
0.00105349
0.000837713
0.000950047
0.00100434
0.000950479
0.000724028
0.000843217
0.000895612
0.00247975
0.000683184
0.00192158
0.00172001
0.00179111
0.00178249
0.000752415
0.00255537
0.00167097
0.00155213
0.00272634
0.0015061
0.000697272
0.000784888
0.000615728
0.000764718
0.000456805
0.000723274
0.000677821
0.00060788
0.000668461
0.000692021
0.000608789
0.000650812
0.0010009
0.00103936
0.000578559
0.000671984
0.00123223
0.000510865
0.000542613
0.000785839
0.000666109
0.000676622
0.000723871
0.000734988
0.000640924
0.000636754
0.000645638
0.000776971
0.000831093
0.00073186
0.000729644
0.000689014
0.000732919
0.000732436
0.000667297
0.000677253
0.000775774
0.000787664
0.000700872
0.000729485
0.000681882
0.00066109
0.000776937
0.000720517
0.000846739
0.00131147
0.00143227
0.00125392
0.00136001
0.00144449
0.00130708
0.00165095
0.00187811
0.00189373
0.00142371
0.000675098
0.00103793
0.000952801
0.000792782
0.000591123
0.000732537
0.00262465
0.00172669
0.00353582
0.00101039
0.0013953
0.00104683
0.000929176
0.00100551
0.00100311
0.00148307
0.00133555
0.00104292
0.00139776
0.000705953
0.000707759
0.000960266
0.000669989
0.000711768
0.00151529
0.0030777
0.00164326
0.00274099
0.00306686
0.00170994
0.00271448
0.00181222
0.00242685
0.00166967
0.00204288
0.00182911
0.00163725
0.00264028
0.0017713
0.00168466
0.00216646
0.00239509
0.00150962
0.00143488
0.00151652
0.00153834
0.00154405
0.00156827
0.00165149
0.00291864
0.00161569
0.00146948
0.00148206
0.00152727
0.000449375
0.000719325
0.000435759
0.000428787
0.0004688
0.000555501
0.000531434
0.00060284
0.000577022
0.00072873
0.000586148
0.000531069
0.00051921
0.00108501
0.000726614
0.00104423
0.00119898
0.00133107
0.0011275
0.00128423
0.00180938
0.000786387
0.00357002
0.00314162
0.00308081
0.00237914
0.00189211
0.00199594
0.00201762
0.000951927
0.00122278
0.00103999
0.000984083
0.000734654
0.000912225
0.00109014
0.00101077
0.00128995
0.00157873
0.000695003
0.00174346
0.00171066
0.0013353
0.00106647
0.00114713
0.0012263
0.000931276
0.00062196
0.000595644
0.000529394
0.000675674
0.000951751
0.000888972
0.000500933
0.000583632
0.000544649
0.000593866
0.00283773
0.00200876
0.00168441
0.00130882
0.00212519
0.000675151
0.000655365
0.000703953
0.00078707
0.000611218
0.000550783
0.000792131
0.000915781
0.000887663
0.000856933
0.000783428
0.00285176
0.000936066
0.000904586
0.0010896
0.00177029
0.00137813
0.00177324
0.0013675
0.00122389
0.00120396
0.00131471
0.00186626
0.00184026
0.00179031
0.00157628
0.00152265
0.00165183
0.00184278
0.00211438
0.00165032
0.00178444
0.00124883
0.00142468
0.00149868
0.00126832
0.00160838
0.00145782
0.00120257
0.00136768
0.00123892
0.00136797
0.00140668
0.00131262
0.000725833
0.000590337
0.000655633
0.000581218
0.000538876
0.000752184
0.000960151
0.000919432
0.000956352
0.000920784
0.000893164
0.000798115
0.00111541
0.000790485
0.000672568
0.000697344
0.000689575
0.00108926
0.000767769
0.0011165
0.000687072
0.000751322
0.000762781
0.000599177
0.000835729
0.00081382
0.000766208
0.000759272
0.00191546
0.00185387
0.00212182
0.00210695
0.00205276
0.00181387
0.0020464
0.00234121
0.00185804
0.00179593
0.00266314
0.00117485
0.00108271
0.00310913
0.000974736
0.000862067
0.000988692
0.000901311
0.000830446
0.00126162
0.00108084
0.00134642
0.00138045
0.00139202
0.00133499
0.00379249
0.00063456
0.00155451
0.000827268
0.000615569
0.000986591
0.00140733
0.00138761
0.00145898
0.00146488
0.00139429
0.0017395
0.00141259
0.0014068
0.0012523
0.00160791
0.00145858
0.00146241
0.00089085
0.000606497
0.000954125
0.000543534
0.000883814
0.000822588
0.000806581
0.00103624
0.00101719
0.000950674
0.000894986
0.000945445
0.00100085
0.000934682
0.00101077
0.000831789
0.00105694
0.00101161
0.00106625
0.00116914
0.000969266
0.000962525
0.00102693
0.00115785
0.000975172
0.00139652
0.0010634
0.00115564
0.000725608
0.000977339
0.000481675
0.00069644
0.000701186
0.0012781
0.000736686
0.000672247
0.00067036
0.000671975
0.000929656
0.000711045
0.00113082
0.00143561
0.00112179
0.00133575
0.00145772
0.00185716
0.00167851
0.00157602
0.00272369
0.00206808
0.00195309
0.00188119
0.00188113
0.00150933
0.000568665
0.000540472
0.00057463
0.00053294
0.000799513
0.000932969
0.00298458
0.00204121
0.00256778
0.00151616
0.00157609
0.00143446
0.00134498
0.00149222
0.000731751
0.000915651
0.000912044
0.000686801
0.00065859
0.000706746
0.000707766
0.000781643
0.000762067
0.000703785
0.000792504
0.00104864
0.000909711
0.0008992
0.000999617
0.00075384
0.000743668
0.000759384
0.00072162
0.000693932
0.00107299
0.000864892
0.00093523
0.00104291
0.000842048
0.00085251
0.000902282
0.000934855
0.000949154
0.00105408
0.00131284
0.000955952
0.001025
0.0012379
0.00116388
0.000699499
0.000945536
0.000883783
0.00100389
0.000907868
0.000917945
0.00108591
0.00107305
0.000888907
0.000538261
0.00109769
0.000940525
0.000922142
0.00088701
0.00136022
0.00117875
0.00117525
0.00165271
0.00108705
0.00134051
0.00136233
0.00111914
0.00132456
0.00105616
0.0010822
0.00116692
0.00131664
0.0014577
0.00142166
0.001396
0.00138644
0.00118212
0.0011125
0.00130018
0.00118907
0.00141102
0.00142039
0.00106122
0.00108439
0.00101593
0.00144004
0.00144155
0.00141911
0.00107854
0.00144494
0.00123223
0.00119069
0.00149001
0.00146083
0.00138646
0.00112842
0.00143652
0.00121109
0.00147568
0.0011819
0.00141102
0.000995698
0.00165368
0.00123294
0.00209823
0.00227823
0.00162829
0.00176349
0.00192017
0.0019287
0.00162013
0.002203
0.000812593
0.00323139
0.00229226
0.00346475
0.00175318
0.00178481
0.00193969
0.000488978
0.000462603
0.000835489
0.00354474
0.00049679
0.000472023
0.00049287
0.000731042
0.000523886
0.000367308
0.000787301
0.000433734
0.000426877
0.000932833
0.000368939
0.000482923
0.000538738
0.000388744
0.000360324
0.000370952
0.000603808
0.000550185
0.00132463
0.00196673
0.00183994
0.00231469
0.000491997
0.000517184
0.00217726
0.00218561
0.00245461
0.00201986
0.0023297
0.00219919
0.00115213
0.00116185
0.00145694
0.00129215
0.00315545
0.00255424
0.00276386
0.0022968
0.0023297
0.00207864
0.00377068
0.00358511
0.00222476
0.00244651
0.00189693
0.00236447
0.00217474
0.000684267
0.00117981
0.00112114
0.000726363
0.000914905
0.000667571
0.000989165
0.00141274
0.00125375
0.00157187
0.0014273
0.000466433
0.000516492
0.000761295
0.000438875
0.000421614
0.000432092
0.000430421
0.000398992
0.000381397
0.000393139
0.000837158
0.000411767
0.000634057
0.00349599
0.00342568
0.00229463
0.00211825
0.00228747
0.00185875
0.00349672
0.000523297
0.00172672
0.00262119
0.00171695
0.00256962
0.00154885
0.0029362
0.00229058
0.00790297
0.00219984
0.00375537
0.0017097
0.00216614
0.00212758
0.00179698
0.00167307
0.00212834
0.00187135
0.00417107
0.000699937
0.00163623
0.00305415
0.00346212
0.0007057
0.00342765
0.000531655
0.0019272
0.000862743
0.00263757
0.0019937
0.00192391
0.00417093
0.0026646
0.000715103
0.00188397
0.00187235
0.00107857
0.000898551
0.00099964
0.000836595
0.000729947
0.00243259
0.000808824
0.000842492
0.000835123
0.000916696
0.000628819
0.00252999
0.00221674
0.00264381
0.0020911
0.00208587
0.00196963
0.00197178
0.000610855
0.000802647
0.00192605
0.00240926
0.0020226
0.000797805
0.00164191
0.00251957
0.00269319
0.00171024
0.00137451
0.00123544
0.00135393
0.00222826
0.00165204
0.00174933
0.00150576
0.00205275
0.00228773
0.00163899
0.0016667
0.00188542
0.00174942
0.0015195
0.0018862
0.00145254
0.00189769
0.00126765
0.00216218
0.00175904
0.00194041
0.00258521
0.00393897
0.00197941
0.00282199
0.00197902
0.00212274
0.00257786
0.000793506
0.000773186
0.000787467
0.00147224
0.00115546
0.00106909
0.000922844
0.0015598
0.00173471
0.00145865
0.000990027
0.000810322
0.00164352
0.000770876
0.00158081
0.00126552
0.000755742
0.000693783
0.000709532
0.000704084
0.000695973
0.000736406
0.000827139
0.000717239
0.000801338
0.000737211
0.00120835
0.00124639
0.00172907
0.00167768
0.00124479
0.0016521
0.00139257
0.00117226
0.00110727
0.00110874
0.00111292
0.000852328
0.00126214
0.00117623
0.000768088
0.000826692
0.000745304
0.00237415
0.00380753
0.00373225
0.00329088
0.00205815
0.00198047
0.00331135
0.00234108
0.00392937
0.00257146
0.00284295
0.00263517
0.00330953
0.00274907
0.00222127
0.00301481
0.000585869
0.00198804
0.00415034
0.00166225
0.00212431
0.00204063
0.00210374
0.00383399
0.00353767
0.00350088
0.00179244
0.00175395
0.00383121
0.00377563
0.00326775
0.00296727
0.00278402
0.00442744
0.00617126
0.00577058
0.00471108
0.0039967
0.00556925
0.0049328
0.00471623
0.0038142
0.00417764
0.00136579
0.00148814
0.000843086
0.00151191
0.00170485
0.00137871
0.00142176
0.00149447
0.00113138
0.00139018
0.00113051
0.00142745
0.00161673
0.00206825
0.000868494
0.00160736
0.00104305
0.0024429
0.000897804
0.000845653
0.000863373
0.000951682
0.00167214
0.00111271
0.00116369
0.00102972
0.00127984
0.00102902
0.00115631
0.00128754
0.00142344
0.00116434
0.00125082
0.0010899
0.000783626
0.000749406
0.000740387
0.000910844
0.000828365
0.000789322
0.000817494
0.000727914
0.000770464
0.000772205
0.000698717
0.000751569
0.000792996
0.000812382
0.00081867
0.000386446
0.000622682
0.000406269
0.000416311
0.000372095
0.000590691
0.000421145
0.00301899
0.00157918
0.00242452
0.00153288
0.00115604
0.00156848
0.00240474
0.00172513
0.00190332
0.00170139
0.00190035
0.00140269
0.00348645
0.000634915
0.00106583
0.000879242
0.000797212
0.000838703
0.000806372
0.00108652
0.00101958
0.000801978
0.000808204
0.000911388
0.000871603
0.000837113
0.000889209
0.000896357
0.00112096
0.00100431
0.000882668
0.00149547
0.0014478
0.00106213
0.000975617
0.000835297
0.00183586
0.00103403
0.00148011
0.00130431
0.00113753
0.00115566
0.00109877
0.000958077
0.00123066
0.00107815
0.000500673
0.0010014
0.000942502
0.000999061
0.000977303
0.00115492
0.000943443
0.000821232
0.000986744
0.000787783
0.00101953
0.00126244
0.00143229
0.00141764
0.00118438
0.0010409
0.00104234
0.000482038
0.000684789
0.000609683
0.000748033
0.000717524
0.00115372
0.000653538
0.00117206
0.00111848
0.00118507
0.00136178
0.00126086
0.00118515
0.00119116
0.000996423
0.00104276
0.000926905
0.00188749
0.00228815
0.0015247
0.00130268
0.00143466
0.0014192
0.00233402
0.000722909
0.00045506
0.000413423
0.000393669
0.00066909
0.000396149
0.00385132
0.00320418
0.00170716
0.00236793
0.00382295
0.00207892
0.00227117
0.00300568
0.00216816
0.00157552
0.00404633
0.00235581
0.00196258
0.0009106
0.000968294
0.000891784
0.00113881
0.000924119
0.000859589
0.000866925
0.000953029
0.00093884
0.00106861
0.00127938
0.000996929
0.000471806
0.00105015
0.00144207
0.00119713
0.00172371
0.000837627
0.000854247
0.000909284
0.000941664
0.0011977
0.00188304
0.00182742
0.0021742
0.00140501
0.00197834
0.00165359
0.00132189
0.00215693
0.00143472
0.00257185
0.00271412
0.00104704
0.0023583
0.00168295
0.00120621
0.000947328
0.00111971
0.00342245
0.00221867
0.00261162
0.00244445
0.00249275
0.00273583
0.00145023
0.00167903
0.000667421
0.00373582
0.00241536
0.00388596
0.00167601
0.00155191
0.00235307
0.00388139
0.00147295
0.000564415
0.00255441
0.00401425
0.000624654
0.00368466
0.00173204
0.00155964
0.00154037
0.00158924
0.00161102
0.00243919
0.00179106
0.00269042
0.00364702
0.00214908
0.00139502
0.00214027
0.00367859
0.00167168
0.00166288
0.00191757
0.00165472
0.000950334
0.000911154
0.000927894
0.00111064
0.00116626
0.00154328
0.00188925
0.00112705
0.0013535
0.00112026
0.000943581
0.00105728
0.000889598
0.000881458
0.000912855
0.00202519
0.000957542
0.00197743
0.00143634
0.00160394
0.00147782
0.00138055
0.00238975
0.00218477
0.00286703
0.000969836
0.00174817
0.000958773
0.00114415
0.00129399
0.0014155
0.00104972
0.00100925
0.0011252
0.000914854
0.00107919
0.00100513
0.000523735
0.000883938
0.00097162
0.00102901
0.00187279
0.00314189
0.00135511
0.00191354
0.00159414
0.00134588
0.00263216
0.00157132
0.00169929
0.00180313
0.00187994
0.00341324
0.00124845
0.00173222
0.00182823
0.00117052
0.00120821
0.00285903
0.00304543
0.0016923
0.00275882
0.00158523
0.00115061
0.00102161
0.000995045
0.00115134
0.00112823
0.0011687
0.00102722
0.00115282
0.000996799
0.00101145
0.000987068
0.00138791
0.00137701
0.00109818
0.00103695
0.00202662
0.00143023
0.000991349
0.00113133
0.001805
0.00168743
0.00104145
0.00119866
0.00146329
0.0010755
0.00102572
0.000974435
0.00103861
0.000946775
0.00148781
0.0018843
0.00148018
0.00178816
0.00312429
0.00230154
0.00194042
0.00158226
0.00357667
0.00204807
0.00152047
0.00168654
0.00186188
0.00336523
0.0035945
0.00182731
0.00147278
0.00184083
0.00397273
0.00187126
0.00154984
0.00199691
0.00332033
0.00172193
0.000970551
0.00104496
0.00116101
0.00104898
0.000959145
0.00151731
0.00104868
0.00253832
0.00161385
0.00137049
0.0010218
0.00214846
0.00232781
0.00127034
0.0014319
0.00129547
0.00102293
0.00111902
0.00104266
0.00256422
0.00119152
0.00134823
0.00320319
0.00112026
0.00116199
0.00286599
0.00310284
0.000697235
0.000644562
0.00070206
0.00117245
0.00237051
0.00115955
0.00105357
0.000999664
0.00107869
0.00117525
0.00113316
0.000895849
0.00135813
0.00097825
0.00100994
0.00105915
0.00114824
0.000790948
0.000940615
0.000912326
0.000839011
0.00116159
0.00120546
0.000727767
0.000529541
0.000756579
0.000591655
0.000562198
0.000898734
0.00104918
0.000758481
0.00206569
0.00147927
0.00110424
0.00107158
0.000834272
0.000867866
0.00163487
0.000400572
0.000614965
0.000428359
0.00052895
0.000580244
0.000646327
0.000716329
0.000719641
0.000449333
0.000460075
0.000738599
0.000390852
0.00123389
0.000945366
0.000706399
0.00070154
0.00045966
0.000555827
0.000479071
0.000625438
0.000716873
0.000687693
0.000662806
0.00067162
0.000658103
0.000681382
0.000606957
0.000633225
0.000650829
0.000614053
0.000655742
0.000621033
0.000704662
0.000726542
0.000743662
0.000839978
0.00437147
0.00209145
0.000910673
0.00175103
0.00196061
0.00138359
0.00388297
0.00120939
0.0013053
0.00116256
0.00151328
0.00391933
0.00178038
0.0013904
0.00169059
0.00191286
0.00159053
0.00171577
0.00147326
0.0047328
0.00153426
0.00292252
0.0046616
0.00128869
0.00103445
0.0015829
0.00158325
0.00111468
0.00119081
0.000951159
0.00131099
0.00224006
0.000941066
0.00156176
0.00131872
0.00164217
0.00189884
0.00126363
0.00134484
0.00204621
0.0038291
0.00203141
0.0020377
0.00229736
0.00167597
0.00211731
0.00265448
0.00189249
0.00347254
0.00159507
0.00162328
0.00168693
0.00187719
0.0018703
0.00190151
0.00207842
0.00170264
0.00600795
0.00526606
0.00058832
0.000653127
0.000661422
0.000725059
0.000605253
0.000654996
0.000765759
0.000739471
0.000561939
0.000532749
0.000711109
0.000602784
0.000692257
0.000527761
0.000615601
0.000596473
0.000736483
0.000694244
0.000731497
0.000558678
0.000712586
0.000933468
0.000778542
0.000827123
0.000549431
0.000665425
0.00073814
0.000540334
0.000551275
0.000682924
0.000932146
0.000689741
0.000638827
0.000683481
0.000854032
0.000930042
0.000714363
0.000687871
0.000725012
0.0006925
0.000688798
0.000535396
0.000747539
0.000630593
0.000595911
0.000810398
0.000682476
0.000711374
0.00015379
0.000808969
0.00047815
0.000682429
0.000551737
0.0012364
0.000787128
0.00085096
0.000873679
0.00058707
0.000620408
0.000556172
0.000705375
0.000759452
0.000591487
0.000833045
0.000625864
0.00056824
0.0010788
0.000643082
0.00110229
0.00121871
0.000927252
0.000680231
0.00106815
0.000725923
0.000708268
0.000730432
0.00104591
0.000734022
0.00102122
0.000989229
0.000680769
0.00130389
0.000717035
0.00169553
0.00116427
0.000988151
0.00104743
0.0013735
0.000671844
0.000762884
0.000875399
0.000626871
0.000920688
0.00124437
0.00169552
0.000632512
0.000914108
0.000710237
0.000652321
0.000606477
0.000668809
0.000574728
0.000724869
0.000553916
0.000720568
0.00059711
0.000617657
0.000667266
0.000710516
0.000754608
0.000857959
0.000817716
0.000972654
0.000789561
0.000702261
0.00071142
0.000708505
0.000615885
0.00062724
0.000535272
0.00169647
0.00158226
0.00626457
0.00192843
0.00506086
0.00175724
0.00458498
0.00126394
0.00212251
0.00319738
0.00404047
0.00103892
0.0010645
0.00261879
0.0029107
0.00322729
0.00240845
0.00245377
0.00263962
0.00325716
0.00371189
0.00236069
0.00257615
0.00259187
0.0027111
0.00456996
0.00223674
0.00184211
0.00205218
0.00179696
0.00195883
0.00202695
0.00597221
0.00606325
0.00438422
0.00632918
0.00392815
0.00120103
0.00203176
0.00198708
0.00187055
0.00157245
0.000919722
0.00112336
0.00129782
0.000960089
0.00169248
0.000909592
0.000829174
0.00123699
0.00119536
0.00146616
0.00130396
0.0013599
0.00125367
0.00276571
0.00264112
0.00154082
0.0016228
0.00175611
0.0016727
0.0036072
0.00166822
0.00291477
0.00141797
0.0019596
0.00116338
0.00380269
0.00102848
0.000998434
0.00151869
0.00122657
0.00115043
0.00114239
0.00319288
0.0010439
0.00134562
0.00132035
0.00133214
0.00295687
0.00255336
0.0012092
0.00121639
0.00125842
0.00250995
0.00386845
0.00325121
0.00270985
0.00290936
0.00275609
0.000999741
0.000810385
0.000680068
0.001029
0.00104812
0.00105717
0.00133797
0.000792667
0.000873575
0.00102542
0.00104169
0.00108084
0.00117638
0.00120889
0.00114026
0.00224351
0.00103169
0.0010293
0.00109785
0.000595778
0.000797557
0.00058105
0.000850297
0.00093148
0.000609823
0.000724822
0.00115914
0.002916
0.00294895
0.00235156
0.00308955
0.00289101
0.00200017
0.002424
0.00137824
0.00200132
0.00119772
0.0013535
0.00281343
0.00246674
0.00116738
0.000991052
0.00111266
0.00119744
0.00128499
0.00204033
0.00259582
0.00223259
0.00115124
0.00139202
0.00142151
0.00273842
0.00382374
0.0015348
0.00595657
0.00392748
0.00242179
0.00115713
0.00123579
0.0029535
0.00128728
0.00119981
0.00101479
0.00118403
0.000591644
0.00550747
0.00110102
0.00490677
0.00547978
0.00622335
0.00642177
0.000863732
0.00264104
0.000881682
0.00088078
0.00128864
0.00216148
0.000634197
0.00210711
0.00106398
0.00114825
0.00120798
0.000951716
0.00133421
0.000978805
0.00117789
0.000715313
0.000858305
0.00249615
0.00240948
0.00157991
0.00122785
0.00200946
0.00222514
0.00152268
0.00093685
0.00182946
0.00093267
0.00256079
0.00128673
0.000671386
0.000597678
0.000613565
0.000788137
0.00074101
0.000535543
0.000731877
0.000537102
0.000753792
0.000700964
0.000723664
0.000827149
0.000674009
0.0014099
0.00073222
0.000578533
0.000863881
0.000750363
0.000725985
0.00124334
0.000709234
0.000554489
0.000674406
0.000598451
0.00113405
0.000434049
0.000429744
0.000529504
0.000506517
0.000452359
0.000576648
0.000467853
0.000617224
0.000689662
0.000504746
0.000887836
0.00123341
0.000421483
0.00085056
0.000751221
0.000905373
0.00083037
0.000767835
0.00121767
0.00191914
0.000680707
0.000846276
0.000998752
0.000612661
0.000704037
0.000889318
0.000635467
0.000634169
0.000756114
0.000581562
0.000672295
0.000766849
0.000623928
0.000988081
0.000340823
0.000387791
0.000385884
0.000383526
0.000633986
0.000389597
0.000391162
0.000568635
0.000396634
0.000527805
0.000412265
0.000400823
0.000523888
0.000616729
0.00100974
0.000542538
0.000667698
0.00133638
0.000676966
0.0010284
0.000554703
0.000331473
0.000378797
0.00038267
0.000454725
0.000437376
0.000740969
0.000413011
0.000952071
0.000360397
0.00143396
0.000377211
0.00121536
0.000814754
0.00115482
0.000417194
0.000534386
0.000383166
0.000609939
0.000472277
0.000685243
0.00069814
0.000591757
0.000556625
0.000993725
0.000714755
0.000813901
0.00162812
0.000653465
0.00066509
0.00147549
0.000702247
0.000636697
0.000839727
0.000685409
0.000974704
0.000597564
0.000841421
0.00055185
0.00143437
0.00107303
0.000640985
0.00064514
0.000601438
0.000898783
0.00119125
0.000725146
0.00152283
0.00207484
0.000507081
0.000724151
0.000728213
0.000775676
0.00153075
0.00180171
0.000934242
0.00100556
0.0013357
0.00109695
0.00181243
0.000406057
0.000671183
0.000654228
0.000605275
0.000487046
0.000473703
0.000409811
0.000437562
0.000486918
0.000421178
0.000494476
0.000430804
0.000512573
0.000765717
0.00102494
0.000940748
0.00082571
0.00102222
0.000912277
0.00061799
0.000608215
0.00223337
0.000709507
0.000657871
0.00321168
0.0013248
0.00241455
0.00182227
0.00181872
0.00106008
0.00285107
0.00121958
0.00211501
0.00105557
0.000989081
0.00127282
0.00120569
0.00211264
0.000979699
0.000987161
0.00205316
0.00148479
0.0017812
0.00126824
0.00285876
0.00316834
0.00118824
0.00108664
0.00134088
0.00112822
0.00143561
0.00257768
0.000938284
0.00131299
0.00207262
0.00191675
0.00204302
0.00107775
0.00105445
0.00109068
0.00109182
0.00114769
0.00126892
0.00227165
0.00235947
0.00144878
0.00108998
0.00151899
0.00122321
0.000954934
0.00147261
0.000754335
0.000690219
0.00141483
0.00113169
0.00143519
0.00191127
0.00122449
0.000954108
0.0010058
0.000988646
0.001164
0.00115632
0.00164829
0.000974853
0.00156048
0.000972709
0.000874271
0.00104188
0.00107306
0.00117824
0.000665052
0.00081229
0.000915825
0.00105278
0.00106793
0.000851763
0.00149706
0.00116016
0.00143068
0.00341229
0.0016468
0.00169319
0.00118584
0.0015286
0.00099887
0.00143426
0.00201312
0.00154257
0.00171571
0.00170273
0.00163797
0.000356819
0.000416947
0.000534047
0.000352005
0.000382914
0.00082502
0.000514796
0.000562027
0.000407765
0.000600087
0.000364068
0.000371263
0.000410711
0.00105326
0.000965703
0.00169656
0.00164826
0.00178465
0.00155595
0.00169988
0.00217265
0.000504153
0.000821127
0.000853677
0.000595591
0.00203755
0.00152317
0.00209349
0.00186844
0.00200067
0.00195164
0.00209196
0.00217068
0.00195823
0.000643858
0.000655027
0.000706926
0.000755605
0.000824421
0.000686829
0.000717982
0.000834109
0.000616248
0.000498664
0.000685657
0.000763969
0.000708218
0.000537536
0.000583188
0.00128497
0.000891741
0.000860367
0.000617447
0.000825184
0.00136053
0.000558069
0.00195786
0.000567685
0.000517445
0.000610704
0.000664205
0.000767887
0.000685212
0.000794501
0.000606427
0.000655416
0.000537718
0.000665302
0.000682184
0.000673944
0.00074264
0.000726608
0.000713506
0.000633128
0.000672808
0.00056492
0.000651224
0.000690307
0.000644098
0.000665165
0.000505431
0.000741105
0.00064476
0.000606156
0.000768139
0.000666212
0.000674545
0.000717585
0.00450029
0.00312959
0.000948576
0.00142647
0.00164439
0.00210895
0.00168015
0.0023207
0.00582003
0.00363181
0.00698805
0.0014688
0.00101425
0.00108619
0.00370192
0.00516618
0.00226565
0.00229033
0.00163124
0.00149341
0.00130896
0.00145001
0.00161511
0.00151486
0.00135166
0.00121387
0.00101858
0.000973184
0.00102093
0.00110114
0.0011105
0.00170144
0.00170894
0.00145437
0.00148397
0.00104058
0.00136433
0.00104636
0.000874761
0.00128598
0.000889014
0.000999118
0.00127994
0.00137805
0.00089791
0.000692607
0.000709052
0.000531768
0.000710671
0.000938057
0.00075986
0.000790289
0.00108997
0.000753086
0.000737259
0.000706926
0.001045
0.00123118
0.000732716
0.0010209
0.00156286
0.000742767
0.000952772
0.000993578
0.00120396
0.000823906
0.000756097
0.000719667
0.000648562
0.000763759
0.000633678
0.000720364
0.000473146
0.000741085
0.00091639
0.000711764
0.00108209
0.000972586
0.000762858
0.000690683
0.000696211
0.000911041
0.000668472
0.00054213
0.000672249
0.0007239
0.00064754
0.000436407
0.000572305
0.000645851
0.000489481
0.000673822
0.00077277
0.000552847
0.000724186
0.000684535
0.000662713
0.000443021
0.000637424
0.000671072
0.000698198
0.0010377
0.00131766
0.000805325
0.000793865
0.000837368
0.000743081
0.000679714
0.000703467
0.000719176
0.000561149
0.000944437
0.00066939
0.00160757
0.00142721
0.00120916
0.00136662
0.00135115
0.000802545
0.00146331
0.000784048
0.00118581
0.00109347
0.000423836
0.000565284
0.000587355
0.000447038
0.000574636
0.000615022
0.000616391
0.001109
0.000959494
0.000655585
0.000573315
0.000569029
0.000435134
0.00123546
0.000768298
0.00103218
0.000610191
0.000638608
0.000626217
0.000588624
0.000491689
0.000499766
0.000471695
0.000570471
0.000488425
0.000659653
0.000607262
0.000669453
0.000539454
0.000858342
0.000523091
0.000699284
0.000684492
0.000661893
0.000581429
0.000671782
0.000575483
0.000815414
0.000740112
0.00100498
0.00078664
0.000781928
0.000716635
0.0006567
0.000929277
0.00068517
0.000649058
0.000674124
0.000683845
0.000653891
0.000709266
0.000725392
0.000691662
0.000856781
0.000772736
0.000911382
0.000771301
0.000736264
0.000693711
0.000663147
0.000768209
0.000657201
0.00134285
0.00163252
0.00135077
0.00272677
0.0016329
0.00146255
0.00207522
0.00126461
0.00182582
0.00177441
0.00141198
0.00363804
0.00153056
0.0018845
0.00269742
0.00142231
0.00127798
0.00113519
0.00157824
0.00190668
0.00147126
0.00113939
0.00127317
0.00146954
0.00126237
0.00133046
0.00255039
0.000509278
0.000641703
0.000390634
0.000571522
0.000405026
0.00102231
0.000937309
0.00108839
0.000582642
0.0007092
0.000513871
0.000466961
0.000785014
0.000544357
0.000546576
0.000478909
0.000421284
0.000473411
0.000414162
0.000528014
0.000762117
0.000607924
0.00047979
0.000422128
0.000523596
0.000534412
0.000436843
0.000695679
0.000642302
0.000751975
0.000633174
0.000591834
0.000513256
0.000569797
0.000575724
0.000435824
0.000434374
0.000745854
0.000775558
0.000698687
0.000703713
0.000621142
0.00106654
0.00077756
0.00113553
0.000699479
0.000898638
0.000668751
0.000683773
0.000943076
0.000686171
0.000796234
0.000699825
0.000753479
0.000790022
0.00103697
0.00103471
0.000715516
0.000790811
0.000650181
0.00068966
0.000718012
0.000809485
0.000750707
0.000750186
0.000763758
0.0018102
0.00234229
0.0014903
0.00114508
0.000893639
0.000914989
0.000773385
0.00100643
0.000884057
0.000808713
0.00109175
0.00110057
0.00164571
0.00137611
0.00101059
0.0011532
0.000895551
0.000547335
0.000611148
0.000405704
0.00069016
0.000403589
0.000604369
0.000364487
0.000597011
0.000762861
0.000666248
0.00084361
0.000513117
0.000662314
0.000521251
0.000826179
0.0011899
0.000956977
0.00105822
0.00142617
0.000850961
0.000967515
0.00139494
0.000909255
0.00199622
0.000712661
0.000794634
0.000842222
0.000801137
0.00075288
0.000853066
0.00100315
0.00116853
0.00140219
0.00119237
0.000941417
0.00114775
0.00114497
0.0010094
0.000789338
0.000849041
0.000612317
0.0015924
0.000702469
0.000678014
0.000842568
0.000750605
0.00114762
0.00137931
0.000781256
0.000831025
0.00102041
0.00124019
0.000947062
0.0010901
0.00163266
0.000861888
0.00101808
0.0009252
0.00139309
0.00126165
0.00109181
0.0016055
0.000976907
0.0012357
0.000741266
0.000658715
0.000778359
0.000712627
0.000872364
0.000959679
0.00109301
0.000865867
0.0010138
0.00154912
0.00175079
0.00187399
0.000965394
0.00112856
0.00108601
0.000814372
0.000847569
0.00119993
0.000779629
0.00106027
0.000663521
0.000964672
0.00083092
0.00173705
0.00102294
0.00103889
0.000609972
0.000622458
0.000525493
0.000608153
0.000558645
0.00069047
0.000803207
0.000807373
0.000704522
0.000707499
0.000659737
0.000663369
0.000942103
0.000698948
0.000835971
0.000652211
0.000670597
0.000692308
0.000678368
0.000845506
0.000807386
0.000881219
0.000615063
0.000691416
0.000648526
0.000820261
0.000684485
0.000864561
0.000907805
0.000812963
0.00072619
0.000812842
0.000571394
0.000783777
0.000645149
0.00054582
0.000630584
0.00061587
0.000582047
0.000595909
0.000716321
0.00113589
0.00130203
0.000512033
0.000536096
0.000644837
0.00130978
0.000526372
0.000712803
0.000846006
0.000893397
0.000973433
0.00078558
0.00104958
0.00106363
0.000900738
0.0008032
0.000945727
0.000714835
0.000851088
0.000402693
0.000606827
0.000574714
0.000692597
0.000856525
0.000864865
0.000428828
0.000460794
0.00129097
0.000733215
0.0011578
0.000719239
0.000712903
0.000744004
0.00107042
0.000949043
0.00135117
0.00100254
0.00161534
0.000848387
0.00161482
0.00170165
0.000963587
0.000750712
0.000779448
0.00091689
0.00147797
0.0016597
0.000888491
0.00140793
0.0014097
0.00106696
0.00148306
0.00154747
0.00113321
0.000935246
0.00102082
0.00114096
0.00134443
0.000761408
0.000765842
0.000770905
0.000779729
0.000793032
0.00152751
0.00159705
0.0016059
0.00119245
0.00128548
0.00132185
0.0012239
0.00116407
0.00197962
0.00153849
0.00172825
0.00140096
0.00134208
0.00267797
0.00186944
0.00157793
0.00112499
0.000992048
0.00110484
0.00102686
0.0014788
0.00105044
0.00264882
0.00156082
0.00237094
0.00103432
0.00163243
0.00107696
0.00148984
0.00144807
0.0018181
0.00111809
0.000968347
0.000926784
0.00140239
0.000497381
0.000437247
0.000347508
0.000333657
0.000418677
0.000429813
0.000470035
0.000487949
0.000439523
0.000455735
0.000717182
0.000607347
0.000533456
0.000427342
0.000382613
0.000490949
0.00103622
0.000740131
0.00073475
0.00101575
0.000766599
0.00108312
0.00132019
0.00156784
0.00107359
0.00219527
0.00131671
0.00102991
0.000940616
0.000950696
0.000949431
0.00062532
0.000742907
0.000536432
0.000603288
0.00059086
0.000559462
0.000603147
0.000561734
0.00061726
0.000565167
0.000854845
0.000876289
0.000693128
0.000580502
0.00093229
0.000869424
0.00056629
0.000591129
0.000897615
0.000781317
0.000914098
0.00073306
0.000765666
0.000923828
0.00130739
0.00140111
0.00114501
0.00128994
0.00188434
0.00177854
0.0014129
0.00163664
0.00145779
0.00179666
0.00273001
0.00200425
0.00298802
0.00115789
0.000906295
0.000976348
0.00113343
0.000609083
0.000714377
0.00147953
0.000558201
0.000791382
0.000748461
0.000723542
0.000693453
0.000740925
0.00100608
0.000854408
0.00084611
0.0011736
0.000904951
0.0010899
0.000861704
0.000797016
0.000724009
0.000671937
0.000655231
0.000719544
0.000712625
0.00103656
0.000747901
0.000742101
0.000954258
0.000533315
0.00103863
0.00059209
0.000670494
0.000548801
0.00179002
0.00250856
0.000932649
0.00114721
0.00189863
0.00105781
0.00118734
0.00102538
0.00185282
0.00175233
0.00116966
0.000995089
0.0010986
0.0005482
0.000558713
0.000549437
0.000626164
0.000657796
0.000685661
0.000622949
0.00066935
0.00113028
0.000505473
0.000621008
0.000540681
0.00133644
0.00185786
0.000862586
0.00104534
0.0011156
0.00145824
0.0020479
0.00211377
0.00132135
0.00143491
0.00175758
0.00132422
0.000975596
0.000969663
0.000590384
0.000648608
0.000658631
0.000877536
0.000808594
0.000694087
0.000596189
0.000743272
0.000890392
0.000835978
0.000913677
0.00124198
0.000620556
0.000541919
0.000687274
0.000967509
0.00112764
0.000548016
0.000913071
0.000920887
0.00104302
0.000776896
0.0010171
0.000705668
0.00073569
0.000771885
0.000751008
0.000868013
0.000749868
0.00081118
0.000760086
0.000732004
0.000783457
0.00107288
0.000928067
0.000498572
0.000623249
0.00147088
0.00124664
0.00103652
0.000982109
0.000800719
0.000666968
0.000534959
0.000640539
0.000778501
0.000540103
0.000592217
0.000530704
0.000535885
0.000500963
0.000615186
0.000508325
0.00062478
0.000557028
0.0005527
0.000599311
0.000752691
0.000595522
0.000850483
0.000467922
0.000525265
0.000490644
0.00062
0.000783274
0.00055998
0.000476479
0.000550928
0.000596382
0.000676663
0.000617498
0.000477751
0.000469565
0.000685246
0.000540046
0.000525751
0.000554337
0.00112682
0.00135559
0.00134434
0.00101487
0.000923825
0.000910584
0.000774865
0.000776229
0.000807468
0.000739001
0.00122871
0.00114073
0.00111173
0.00109592
0.00123568
0.000844306
0.000763259
0.000686847
0.000738535
0.000852938
0.00141903
0.000646619
0.000681005
0.000686837
0.00136513
0.00109152
0.000780684
0.000855059
0.00122713
0.000909993
0.00108219
0.000845306
0.000871045
0.00129456
0.00136888
0.00110256
0.000789062
0.000736287
0.000956124
0.00121533
0.000951383
0.00140498
0.00157222
0.000713541
0.000863528
0.000710703
0.000766653
0.00157404
0.00104395
0.00155617
0.000985325
0.000999837
0.000895431
0.000776316
0.000761721
0.000968951
0.000752203
0.00148784
0.00105118
0.00086937
0.000882693
0.000939931
0.000887391
0.00155379
0.00156618
0.00130348
0.000872183
0.00143505
0.000919097
0.000834809
0.000830922
0.00078992
0.000841469
0.00128147
0.000828424
0.00068638
0.000803115
0.000800502
0.00104454
0.000879334
0.000796843
0.000926419
0.000446969
0.000438291
0.000504933
0.000503012
0.000428794
0.00049224
0.000914162
0.000905271
0.00122875
0.000721805
0.000790913
0.000771067
0.00064691
0.000818449
0.000770765
0.000662628
0.000742326
0.00187622
0.00130205
0.0016377
0.00155019
0.00336896
0.00159395
0.00287942
0.00179958
0.000944514
0.00081246
0.000937738
0.000807732
0.00182552
0.00100001
0.00237512
0.000827537
0.00101154
0.00105604
0.00175029
0.00172816
0.00126173
0.00202634
0.00235568
0.00272093
0.00245497
0.00121642
0.00121486
0.00100134
0.000824499
0.000912254
0.000666152
0.000925069
0.000627089
0.000592323
0.000557239
0.000746637
0.000715162
0.000981424
0.000603263
0.000775861
0.00070715
0.000713091
0.00064077
0.000630095
0.00110199
0.000953233
0.000673249
0.000657111
0.000839994
0.0007328
0.000830777
0.00131628
0.00125153
0.00128802
0.00110765
0.000878466
0.000822033
0.00131576
0.00076899
0.000780572
0.00113449
0.000866812
0.00101905
0.000939048
0.00125845
0.000855569
0.0015074
0.000965314
0.00077692
0.000764451
0.000799809
0.000754081
0.00113918
0.00137853
0.000812607
0.00123862
0.000784119
0.000778502
0.000828787
0.000738484
0.00299347
0.00108119
0.000961026
0.000945035
0.000992808
0.00121035
0.00123472
0.00115589
0.00166761
0.00186977
0.00217328
0.00207326
0.0024927
0.00383053
0.00248422
0.00131729
0.00147192
0.000995755
0.0010494
0.000966154
0.00104163
0.00107666
0.000885943
0.000937031
0.00107127
0.000878938
0.000700769
0.000727642
0.000722701
0.000910209
0.000806668
0.000794278
0.00085527
0.000895402
0.00130959
0.000677458
0.000705323
0.000617031
0.00142363
0.00061742
0.00114716
0.00187498
0.00119847
0.00192077
0.00366398
0.0033321
0.000856784
0.00123391
0.000939203
0.000739092
0.000740216
0.000724157
0.00122735
0.00071749
0.000733613
0.000692176
0.000741867
0.000803352
0.00163352
0.000773287
0.000862809
0.000738842
0.000857799
0.000649309
0.00119896
0.000946376
0.000859734
0.00090895
0.000837025
0.000814817
0.000792802
0.000689851
0.000648117
0.000636513
0.000836724
0.000876718
0.000850485
0.000863469
0.000889363
0.000489899
0.000524775
0.000557693
0.00049434
0.000941715
0.000790775
0.000918265
0.00100187
0.000912852
0.000866809
0.000830315
0.000697391
0.00081759
0.0019555
0.000964748
0.000961178
0.00100933
0.000730156
0.000678466
0.000665853
0.000645305
0.000807566
0.00089183
0.000903337
0.00117323
0.000971936
0.000922484
0.00087428
0.000847748
0.000849217
0.000713659
0.00079953
0.00272166
0.00284214
0.00185661
0.000789837
0.00118708
0.000933948
0.000903939
0.00104015
0.00106133
0.00180772
0.00101073
0.00122703
0.00113931
0.00188973
0.00116687
0.00349818
0.00117565
0.000932445
0.000809547
0.00335166
0.00194475
0.00191867
0.0011438
0.00102818
0.00119617
0.00111296
0.000812787
0.0011147
0.00190404
0.00107047
0.000840097
0.000865997
0.000819398
0.00113223
0.00107723
0.00101558
0.000951145
0.000895509
0.00175239
0.00176795
0.000924849
0.000885746
0.00080429
0.000887452
0.000850851
0.000811272
0.000776928
0.000758382
0.000781066
0.000996986
0.00116093
0.000808945
0.000805169
0.000762161
0.000708953
0.000735049
0.000852311
0.000826954
0.000904705
0.000807919
0.000936125
0.000772304
0.00146747
0.000860316
0.000569805
0.000572878
0.000617792
0.000950731
0.00142816
0.00116523
0.000809659
0.000672765
0.000734186
0.000743644
0.000654737
0.000781829
0.00126284
0.00122779
0.000618277
0.00125372
0.000716103
0.000698734
0.000625493
0.000796383
0.000723921
0.000816576
0.000798166
0.000871437
0.000866032
0.000704229
0.00178585
0.000847315
0.000818308
0.000906489
0.000852895
0.000887852
0.00170224
0.00134128
0.00134773
0.00142215
0.000877506
0.000940459
0.00105148
0.000991585
0.000817232
0.00086335
0.000876328
0.0008482
0.000840989
0.000836175
0.000880411
0.000834323
0.00076551
0.000761737
0.000889437
0.000885378
0.000725566
0.000669492
0.000827867
0.000701357
0.000841439
0.000862044
0.000854951
0.000736793
0.000887251
0.000927307
0.000925078
0.000827577
0.000882238
0.000766701
0.000720514
0.000820826
0.000926168
0.00143244
0.000865869
0.00127799
0.000945359
0.000992144
0.00073477
0.00325628
0.000808448
0.0030304
0.00316241
0.00103877
0.00187595
0.00100341
0.000970807
0.000881163
0.000921156
0.00158057
0.00178044
0.0019264
0.00166072
0.00166986
0.00170703
0.00187658
0.00184861
0.00188571
0.00183353
0.00179954
0.0023299
0.00104465
0.000979491
0.000961134
0.0018108
0.0020715
0.00104684
0.00128734
0.0010003
0.00129922
0.0012346
0.00080872
0.000910831
0.00107075
0.000798473
0.00161847
0.000877193
0.000916866
0.000892916
0.00109234
0.000889847
0.00159949
0.000746038
0.000777708
0.00148548
0.000922018
0.001447
0.00189735
0.00182652
0.0007576
0.000786055
0.00087665
0.00105937
0.00163553
0.00173908
0.00134031
0.00081521
0.000756698
0.000720956
0.000803836
0.00174274
0.000834629
0.00171567
0.00174695
0.00106211
0.000870234
0.00101163
0.00085752
0.000948638
0.000895628
0.000916133
0.00176344
0.000878114
0.000836518
0.00142638
0.00090812
0.00129695
0.00113424
0.00191826
0.00118954
0.0010956
0.00185059
0.00101682
0.000949745
0.00169963
0.000905159
0.00169135
0.00180923
0.000922473
0.000929779
0.000870167
0.000957136
0.000807291
0.00137007
0.000959794
0.000928829
0.000890162
0.000898918
0.00189851
0.000924578
0.00179974
0.00161456
0.000883341
0.000756733
0.000947526
0.000898763
0.000887815
0.0009135
0.000835066
0.000801197
0.00076099
0.000997765
0.000905519
0.00181769
0.00125139
0.00114483
0.00109393
0.0009802
0.000839838
0.000889946
0.00109428
0.000902055
0.000973464
0.000826715
0.000866176
0.000826659
0.00131429
0.000980569
0.0010167
0.00125076
0.000853824
0.000848857
0.00140384
0.000872904
0.000875211
0.000848236
0.00128575
0.000808932
0.000906167
0.00087889
0.000856724
0.000851397
0.000908034
0.000912066
0.000912678
0.000888729
0.000874586
0.000903451
0.000934907
0.000862932
0.000848614
0.000861657
0.00119473
0.000848408
0.000819763
0.000832363
0.000862648
0.000801845
0.000807579
0.000852289
0.00093481
0.000934933
0.000860743
0.000869682
0.000934913
0.000790078
0.00093489
0.000907259
0.000918313
0.000880841
0.000934911
0.000865308
0.000922097
0.000865589
0.000861781
0.000833848
0.000867676
0.000862744
0.00084319
0.000826007
0.000905768
0.000857103
0.000917372
0.000935284
0.000906275
0.000934853
0.000935112
0.000934935
0.00092148
0.000930731
0.000938909
0.000928901
0.000905972
0.000929039
0.000889101
0.000907562
0.000916493
0.000890405
0.000938681
0.000934024
0.000928902
0.000933525
0.000933186
0.000965803
0.000911657
0.0009381
0.000927454
0.000926524
0.000946383
0.000906682
0.000907218
0.000776463
0.000799642
0.000817588
0.000784366
0.00078906
0.00083805
0.00116925
0.000802892
0.000786839
0.000808207
0.000839269
0.00083318
0.000799282
0.000880539
0.000867008
0.000797651
0.000779572
0.000833174
0.000856459
0.000811944
0.000793317
0.000804501
0.000800139
0.000806402
0.000935751
0.000935738
0.000923485
0.000941155
0.000910396
0.000798689
0.000934426
0.000886926
0.000862781
0.000842547
0.000927562
0.000939404
0.00093378
0.000907512
0.000801577
0.000822812
0.000809036
0.000829328
0.000808302
0.000792545
0.000811966
0.000794086
0.00083048
0.000815804
0.000793464
0.000860732
0.000787356
0.000842321
0.000867178
0.000813014
0.000796761
0.00086746
0.000803369
0.000789946
0.000807115
0.000820307
0.000794916
0.000824968
0.000879175
0.000838139
0.000834996
0.000798844
0.000790349
0.000793521
0.000804022
0.000826643
0.000850279
0.00085835
0.000841551
0.000890815
0.000889052
0.000898938
0.000880569
0.000823517
0.000889363
0.000883885
0.000813829
0.000934531
0.000902709
0.000911369
0.000909163
0.000924845
0.000883434
0.000908486
0.000926173
0.000920258
0.000940393
0.000817373
0.000839258
0.00081379
0.000799789
0.000856748
0.000881872
0.000863576
0.00079326
0.000794798
0.000812494
0.000833591
0.000821365
0.000837924
0.000886508
0.000866798
0.000858019
0.000847232
0.000847803
0.000811191
0.000865837
0.000910799
0.000911349
0.000931369
0.00091201
0.000895491
0.000881478
0.000899537
0.000913138
0.000897025
0.000908949
0.000923947
0.000940494
0.000910008
0.000928321
0.000898471
0.000940714
0.000926366
0.000924594
0.000903004
0.000861551
0.000796393
0.00079945
0.000814875
0.000862045
0.000870979
0.000874159
0.000856898
0.000766255
0.000786019
0.000786924
0.000908729
0.000902788
0.000859982
0.000899523
0.000853749
0.00086769
0.00086516
0.000831009
0.000837798
0.00087623
0.000808715
0.000827764
0.000918841
0.00088651
0.000832355
0.000857307
0.000899236
0.000870372
0.000885278
0.000868943
0.000891453
0.000903818
0.000914931
0.000880135
0.000888205
0.000867306
0.000898934
0.000915521
0.000888228
0.000894418
0.000849186
0.00084459
0.000838115
0.000826636
0.000799446
0.00080714
0.000878866
0.00082
0.000863872
0.000807806
0.000801615
0.000849029
0.000787919
0.000813181
0.000871584
0.00091786
0.000909989
0.000892355
0.000906424
0.000871515
0.000868104
0.000789342
0.000833671
0.000866332
0.000809498
0.00085892
0.000856787
0.000814049
0.00085749
0.000794738
0.000838081
0.000854056
0.000820926
0.000810927
0.000823682
0.00087108
0.000858131
0.000801452
0.000840667
0.000882262
0.000821582
0.000877198
0.000826897
0.000804137
0.00088362
0.000900433
0.000849282
0.00089792
0.000900533
0.000904696
0.000899188
0.000932293
0.000906578
0.00090338
0.000926034
0.000901876
0.000881413
0.000933155
0.000927777
0.000934393
0.000928862
0.000917153
0.000920267
0.000863686
0.00086799
0.000871465
0.000908371
0.000852922
0.000829058
0.000832473
0.00084901
0.000843564
0.000892536
0.000810657
0.000875579
0.000832863
0.000821943
0.000813924
0.000885757
0.000812257
0.000790134
0.000868073
0.000839607
0.000926988
0.000888547
0.000924948
0.000830135
0.000906258
0.000900685
0.000820181
0.000807639
0.000875243
0.000874169
0.000884605
0.000815852
0.000887596
0.000832858
0.000842429
0.00085958
0.000853912
0.000821149
0.000887428
0.000858225
0.000876006
0.000924457
0.00082186
0.000864257
0.00084811
0.000842148
0.000867989
0.000882488
0.00082704
0.000823889
0.000822165
0.000856635
0.00084629
0.000886908
0.000879861
0.00087322
0.000893658
0.000843577
0.00089331
0.000891393
0.000915336
0.00087513
0.000838302
0.000838036
0.000868374
0.000815565
0.000826659
0.000846473
0.000877113
0.000895914
0.000838118
0.00086579
0.000836169
0.000843155
0.000817484
0.000813435
0.000895916
0.000844907
0.000893295
0.000876493
0.000900535
0.000910103
0.000869879
0.00084181
0.000910167
0.00091539
0.000916202
0.000929812
0.000924115
0.000929179
0.000933578
0.000935395
0.000891948
0.000882374
0.000929797
0.000922608
0.000904133
0.00090469
0.000914051
0.000888574
0.000835241
0.000863539
0.000882525
0.000916635
0.000877023
0.000935882
0.000907244
0.000935426
0.000924894
0.00093502
0.00087476
0.000898406
0.00089504
0.000904485
0.000890358
0.000874998
0.000860034
0.000919053
0.000873947
0.000905104
0.000879588
0.000908985
0.000908923
0.00084764
0.000853304
0.000934645
0.00093931
0.000934174
0.000925667
0.000933482
0.000927465
0.000928447
0.000908792
0.00092435
0.000939616
0.000909756
0.000951386
0.000925416
0.000908387
0.000938519
0.000939502
0.000935547
0.00093077
0.000868015
0.000906228
0.000881184
0.000895578
0.000915265
0.000844718
0.000839264
0.000901343
0.000885062
0.000924587
0.000903435
0.000866252
0.000940619
0.000933315
0.000909306
0.000895429
0.000883267
0.00086933
0.000906263
0.000925088
0.000927345
0.000912367
0.000939641
0.000880569
0.000916201
0.000890673
0.000915009
0.000903844
0.000835519
0.000810024
0.000845278
0.000875057
0.000872548
0.000834143
0.000895507
0.000840785
0.000872917
0.000880725
0.000903409
0.000874595
0.000849158
0.00085786
0.000814179
0.000833982
0.000820846
0.000812352
0.000898467
0.000900073
0.000933288
0.000931901
0.000919447
0.0009242
0.000929967
0.000911625
0.000895643
0.000919356
0.000931388
0.000916541
0.000929842
0.000931471
0.000933474
0.000932118
0.000912839
0.000933259
0.000932929
0.000909099
0.000898134
0.000926766
0.000917955
0.000900068
0.000928752
0.000933031
0.000897312
0.000906891
0.000892039
0.000912835
0.000932375
0.000929351
0.000931451
0.000933091
0.000924317
0.000930176
0.000904593
0.000929249
0.000927081
0.000932087
0.000931403
0.000933124
0.000931154
0.000933089
0.000911474
0.00093101
0.0009335
0.000905416
0.000934602
0.000909294
0.000904371
0.000914971
0.000922101
0.000921723
0.000922355
0.000932308
0.000931666
0.000932878
0.000929944
0.000928296
0.000931633
0.000933535
0.000867219
0.000899369
0.000871148
0.000928034
0.000869912
0.00090634
0.00093176
0.000933718
0.000933444
0.000897418
0.000931587
0.000928669
0.00093282
0.000933625
0.000931692
0.000934179
0.000919419
0.000930512
0.000928605
0.000933263
0.000931691
0.000933677
0.000929465
0.000932844
0.000924111
0.00091162
0.000933009
0.000933605
0.000933473
0.000931692
0.00092181
0.000931136
0.000918726
0.000929197
0.000931635
0.000933186
0.000932845
0.000931349
0.000929092
0.000928484
0.000918251
0.000930932
0.000933097
0.000931065
0.000932724
0.000931416
0.000932954
0.000929173
0.00093072
0.000929499
0.000931772
0.000926451
0.0009333
0.000931154
0.000933024
0.000929376
0.000931585
0.000928891
0.000933262
0.000932876
0.00093086
0.000931495
0.000928921
0.000933074
0.000931105
0.000930655
0.000932753
0.000932915
0.000928699
0.00093108
0.00384769
0.00285461
0.00611878
0.00348697
0.00325763
0.00314764
0.00309504
0.00385742
0.00571222
0.00429688
0.00332963
0.0080239
0.00593208
0.0039216
0.0041752
0.000383724
0.000439321
0.000373387
0.000475431
0.000469907
0.000501934
0.000512834
0.000485305
0.000635871
0.000509857
0.000596533
0.000688299
0.000823264
0.000506865
0.000701755
0.000558498
0.000781784
0.000648678
0.000858922
0.000880031
0.00066894
0.000631204
0.000682786
0.000729401
0.000794131
0.000715215
0.000794345
0.000812362
0.000819847
0.000796214
0.000817054
0.000812922
0.000872811
0.000910304
0.00092238
0.000928889
0.000926949
0.000926143
0.000928223
0.000890013
0.000701699
0.00110598
0.000699091
0.000538952
0.000625367
0.00105064
0.00372441
0.00334565
0.00513108
0.0039575
0.00999847
0.00902296
0.00948309
0.00399147
0.00849718
0.00512535
0.0061094
0.00665556
0.00299764
0.00292237
0.00240627
0.00352667
0.00486165
0.00439512
0.0128745
0.00508259
0.0116654
0.00391353
0.00301821
0.00286135
0.00316467
0.00258022
0.00270138
0.0040387
0.00478535
0.00812543
0.00329191
0.00208842
0.00382656
0.00364839
0.00710235
0.00320984
0.00265377
0.00896398
0.00474638
0.00737057
0.00350148
0.00300646
0.00307322
0.00265259
0.00777987
0.00518562
0.00768432
0.0066806
0.00413935
0.00573842
0.00544944
0.00266091
0.00331268
0.00335527
0.00237789
0.00370593
0.00355318
0.00376868
0.00298098
0.00325438
0.00355737
0.00426051
0.00170476
0.001419
0.00142013
0.00169598
0.00175871
0.00130119
0.00139672
0.00130538
0.00169442
0.00145896
0.00445783
0.00524281
0.00359786
0.00183139
0.00274624
0.00177116
0.00238784
0.00144708
0.00168986
0.00208101
0.0028812
0.00134293
0.000903519
0.000924518
0.000929071
0.000924469
0.000928628
0.000924223
0.000908011
0.00091854
0.000892015
0.000891255
0.000919933
0.000926864
0.000926404
0.000926163
0.000927329
0.000912061
0.00091622
0.000921039
0.000924514
0.000885818
0.000915767
0.00089317
0.000910732
0.000913831
0.00084218
0.00088014
0.000879288
0.000928108
0.00091872
0.000884853
0.000874053
0.000867039
0.00081014
0.000861419
0.000904263
0.000913269
0.000862045
0.000898211
0.00082862
0.000870978
0.000868228
0.000898523
0.000912452
0.000876485
0.00090244
0.000870397
0.00090246
0.000928772
0.000928557
0.000926532
0.00089704
0.000905004
0.00092519
0.000918033
0.000924471
0.000910741
0.000864496
0.000873735
0.000885082
0.000872268
0.000881535
0.000896352
0.000773374
0.000866383
0.000774183
0.000815226
0.000858878
0.00086843
0.0008805
0.00619819
0.000818481
0.00148617
0.000805225
0.00225521
0.000878802
0.000890376
0.000899857
0.000878349
0.000874742
0.000885458
0.000867987
0.000876515
0.00090188
0.000895703
0.000915847
0.000914735
0.000887029
0.000909216
0.000897034
0.000898896
0.000891642
0.000885116
0.000891461
0.000904571
0.000889322
0.000886123
0.000882531
0.000893543
0.000899979
0.000874219
0.000863647
0.00122397
0.00168766
0.0019817
0.00184534
0.00281893
0.00176441
0.00189348
0.00198753
0.00116437
0.000600222
0.00126413
0.0012331
0.00108227
0.00103668
0.00156444
0.000686226
0.000841151
0.000864099
0.00106848
0.00108198
0.000706156
0.000727684
0.000720286
0.000723745
0.00116257
0.00109804
0.00258486
0.000628389
0.000663572
0.00271439
0.00216165
0.00116426
0.00102773
0.00106371
0.00115168
0.00146549
0.00108456
0.00100916
0.000802981
0.00129744
0.00129185
0.00142827
0.000756162
0.00108631
0.00145259
0.00122783
0.00107789
0.00142511
0.00123603
0.001098
0.00147798
0.00130405
0.00125798
0.00138806
0.00134163
0.000910712
0.00139184
0.00182333
0.00163113
0.000956651
0.00159776
0.00126477
0.00105353
0.00101251
0.00137759
0.00158003
0.00127186
0.0013959
0.00095347
0.000943479
0.00109035
0.000955626
0.00112267
0.00121524
0.00140687
0.001446
0.000984676
0.0011694
0.001324
0.00109804
0.0012221
0.00807698
0.00406451
0.00276366
0.00168259
0.00326106
0.00242672
0.00299065
0.00333258
0.0028543
0.00394774
0.00408831
0.00309403
0.00241689
0.00282815
0.00889156
0.00255005
0.00439262
0.01183
0.00781001
0.00810482
0.00307894
0.00287885
0.00170371
0.00163778
0.00158744
0.00218877
0.00366716
0.00473538
0.00343783
0.00257531
0.0071356
0.00518615
0.00788032
0.00796151
0.00812045
0.00799091
0.00357942
0.00678742
0.00568009
0.00765645
0.00632048
0.00478124
0.00452636
0.00709276
0.00192467
0.00502152
0.00679324
0.00471325
0.00462263
0.00301797
0.00298835
0.00212743
0.00160613
0.00319079
0.00148412
0.00164504
0.00764432
0.0077323
0.00821667
0.00711288
0.00605995
0.00809795
0.00643542
0.00533527
0.0104265
0.00862461
0.00700022
0.00177097
0.00839865
0.0063593
0.00189153
0.00894008
0.00791126
0.00578365
0.0108016
0.00682118
0.00847366
0.0061858
0.00941751
0.0115551
0.00430594
0.0120925
0.0025977
0.00296698
0.00424388
0.00325269
0.00439644
0.00493822
0.00313806
0.00334967
0.00543056
0.00455414
0.00423719
0.00292837
0.00229179
0.0036062
0.00449202
0.0036473
0.00491808
0.00475914
0.0054863
0.00642681
0.00431024
0.00403966
0.00276711
0.00320625
0.00411945
0.0093782
0.00412364
0.00355294
0.0020939
0.00360964
0.00158861
0.00186423
0.000919873
0.000855875
0.000940996
0.00122855
0.00131043
0.00138811
0.00242078
0.00325431
0.00288641
0.00883969
0.00309929
0.00339646
0.00220563
0.00227749
0.00262177
0.00303527
0.0034616
0.00331974
0.0010865
0.00112639
0.00213608
0.0016305
0.000944496
0.0012779
0.00241455
0.00376165
0.0034467
0.00466232
0.0040874
0.00271787
0.00339915
0.00294718
0.00349299
0.00422537
0.00437437
0.00332166
0.00325736
0.000441763
0.000509624
0.000633988
0.000470343
0.00326619
0.00295639
0.00408474
0.00206342
0.00199273
0.00267982
0.00289015
0.0047212
0.0015139
0.00384202
0.00343857
0.00348184
0.00945425
0.00256596
0.00324414
0.000965984
0.00287247
0.00424008
0.0042505
0.00286437
0.00297108
0.00427778
0.00973176
0.00272818
0.00189327
0.00442898
0.00340884
0.00314704
0.00864841
0.00396393
0.00346393
0.0044129
0.00867969
0.00426638
0.00167197
0.00240425
0.00174312
0.0037082
0.00180822
0.00525768
0.00651491
0.00597848
0.00795532
0.00843602
0.00134281
0.000734612
0.00103973
0.00086556
0.00108926
0.000727356
0.000878875
0.000647589
0.00160426
0.00145312
0.00136345
0.00156225
0.00168879
0.00141742
0.00141896
0.00155241
0.0108846
0.0017155
0.00199851
0.00177765
0.00131134
0.00089257
0.000802592
0.000618345
0.000626701
0.00058473
0.00102492
0.00104838
0.00115886
0.000841568
0.00104369
0.00131482
0.000949078
0.00131229
0.00137415
0.00137405
0.00182167
0.0017536
0.00171052
0.00119361
0.00222752
0.00251109
0.00196226
0.00158852
0.00151047
0.000742956
0.000969782
0.000855897
0.000888209
0.000792239
0.000786036
0.000709791
0.000887468
0.00102113
0.00127738
0.0013452
0.00125586
0.00123225
0.000773416
0.000691158
0.000903717
0.000885117
0.000690905
0.000697835
0.00157951
0.00185708
0.00180674
0.00526873
0.00204182
0.000697318
0.000738513
0.000741498
0.000798759
0.000709358
0.000832518
0.00190343
0.0169589
0.0110412
0.00882713
0.00967457
0.00830894
0.009223
0.00904754
0.00858698
0.00904742
0.0082091
0.00657354
0.00719839
0.0113885
0.0101308
0.00593783
0.00883668
0.0106236
0.0101754
0.008778
0.00930402
0.00214197
0.0115332
0.010469
0.00941335
0.00459804
0.00423863
0.00714488
0.00687006
0.00487651
0.00796987
0.00571215
0.00739312
0.00742516
0.0035122
0.00346839
0.00320539
0.00310823
0.00905446
0.0036714
0.00467473
0.00639983
0.00434094
0.00538325
0.00659745
0.00592763
0.00488966
0.00450498
0.00455405
0.00649844
0.00523469
0.00622575
0.00946067
0.00945624
0.00746313
0.00690871
0.00901592
0.00491654
0.010008
0.0120764
0.0120252
0.00562962
0.00972472
0.0115367
0.0112985
0.00973349
0.0100205
0.00922966
0.0105668
0.00915835
0.00856616
0.00745695
0.00878064
0.00473401
0.00780011
0.00809934
0.00634684
0.0052614
0.00719762
0.00565046
0.00755438
0.00794126
0.00518743
0.00600585
0.00552635
0.00665609
0.00805811
0.00772532
0.0071026
0.00475446
0.00733098
0.00277076
0.00450753
0.0067714
0.00760863
0.00774917
0.00627772
0.00849629
0.00582364
0.00331929
0.00264241
0.00295506
0.00373737
0.0027186
0.00222442
0.00222254
0.00200802
0.00296688
0.00207129
0.00212943
0.00230326
0.00285602
0.00258613
0.00360708
0.00325172
0.00418617
0.00296319
0.0024725
0.0030582
0.0032645
0.0032915
0.00282366
0.00245093
0.00264365
0.00411086
0.00359768
0.00532364
0.00595822
0.003332
0.00194802
0.00170136
0.0110409
0.00917296
0.00258882
0.00134807
0.00105338
0.00144491
0.003982
0.0033542
0.00342931
0.00375577
0.00366509
0.00395401
0.00833694
0.00877693
0.00909924
0.00351791
0.00383161
0.00899124
0.00592832
0.00808255
0.00782024
0.00487559
0.00524481
0.00500233
0.00619465
0.00780735
0.00417763
0.00413105
0.00737192
0.00489937
0.00411628
0.00402026
0.00468051
0.00342261
0.00353726
0.0033072
0.00399276
0.0046031
0.00328947
0.00394405
0.0034874
0.0035454
0.00593714
0.00508606
0.00441311
0.0034197
0.00376232
0.00320434
0.00555545
0.00362173
0.00387998
0.00624271
0.00328677
0.00334049
0.00405197
0.00461874
0.0032367
0.00310153
0.00329065
0.00308512
0.003351
0.00370338
0.0041103
0.00525657
0.00456315
0.00411147
0.00526924
0.0048555
0.00872122
0.00859593
0.00860247
0.00344376
0.00295073
0.00353457
0.00314839
0.00656273
0.00440901
0.00502588
0.00403059
0.00543593
0.0045855
0.00413163
0.00538119
0.00424895
0.00484017
0.005077
0.00411966
0.00442763
0.00463715
0.00484191
0.00546338
0.00483555
0.00599007
0.00380135
0.00356376
0.00338329
0.00856242
0.00796634
0.00418546
0.00857073
0.00356184
0.00529399
0.00502025
0.00304824
0.00508897
0.00427093
0.00391659
0.0039921
0.00283679
0.00163207
0.00156384
0.00140659
0.00714869
0.0076242
0.00782405
0.00712618
0.00249094
0.00353281
0.00293855
0.00289865
0.00421073
0.00536794
0.00354064
0.00521307
0.00525806
0.0047077
0.00563329
0.00675386
0.00590984
0.00692838
0.00565506
0.00736465
0.00511171
0.0100536
0.0101239
0.00755305
0.00410866
0.00443407
0.00440247
0.00358943
0.00424965
0.00468712
0.00936881
0.00943244
0.00866479
0.00803485
0.00962247
0.00799148
0.00653033
0.00786334
0.0103125
0.0088325
0.0123331
0.0136957
0.00785048
0.00462186
0.00454751
0.00541268
0.00764043
0.00713056
0.00650382
0.0147178
0.00561009
0.00916662
0.00550848
0.00528159
0.00478686
0.00335186
0.00323151
0.00335666
0.0038229
0.0047123
0.00917402
0.00998336
0.00563325
0.00800066
0.00526133
0.00622138
0.00834607
0.00581955
0.0082983
0.00500201
0.00784812
0.00609936
0.00522027
0.00357774
0.0035416
0.00340176
0.00632434
0.00395114
0.00411741
0.00588968
0.00354979
0.00325371
0.00410673
0.00375066
0.006293
0.00855289
0.00763595
0.00585736
0.00605895
0.00688727
0.00398445
0.00309702
0.00286757
0.00186016
0.00272593
0.00307674
0.00395455
0.00485285
0.00395605
0.00700232
0.00544595
0.00770021
0.00645477
0.00555672
0.00307881
0.00418626
0.00344759
0.00409916
0.00200693
0.00208292
0.00465459
0.00382765
0.00314985
0.0044677
0.00314917
0.00231018
0.00364544
0.00301672
0.00329686
0.00240061
0.00256303
0.00397448
0.0022885
0.00403995
0.00500288
0.00330462
0.00359102
0.00476959
0.00519136
0.0047586
0.00608196
0.00655619
0.00843886
0.00834454
0.00717544
0.0074594
0.00738727
0.00851715
0.00536254
0.00700661
0.00357321
0.00335676
0.00292644
0.00387619
0.00208427
0.00228197
0.00287148
0.00256267
0.00222761
0.00318355
0.00365503
0.00138269
0.00130783
0.00137123
0.003654
0.0039664
0.00472708
0.00368875
0.00228892
0.00364856
0.00356441
0.00566382
0.00246701
0.00264659
0.00346763
0.00410284
0.00636104
0.00399421
0.00363158
0.00451462
0.00482472
0.0037986
0.00515331
0.00471142
0.00464553
0.00667854
0.00614356
0.000888907
0.000925165
0.000929288
0.000912162
0.00092905
0.000929578
0.000924251
0.000926757
0.000926608
0.000926762
0.000926675
0.000916052
0.000926378
0.000927232
0.000921036
0.000912405
0.000907335
0.000928403
0.000927024
0.00091088
0.000926269
0.000925814
0.000923787
0.000924569
0.000926619
0.00092864
0.00092085
0.000922008
0.000929208
0.000927267
0.000924583
0.000923739
0.00092447
0.000906769
0.000928956
0.000925809
0.000904306
0.000922019
0.000916221
0.000925539
0.000924543
0.000920709
0.000926941
0.000919047
0.000901746
0.000923285
0.000907042
0.000922051
0.000916293
0.000904265
0.000876026
0.000917613
0.000896274
0.000912667
0.000902762
0.000917975
0.00092195
0.000905467
0.000913047
0.00091461
0.000913765
0.000909402
0.000904683
0.000901891
0.000906412
0.000871982
0.000892406
0.000890558
0.000921602
0.000923872
0.00092445
0.000914025
0.00091767
0.00092226
0.000919001
0.000926611
0.000924777
0.000895469
0.000888825
0.000904346
0.000883336
0.000888892
0.000917303
0.000919929
0.000918623
0.000920386
0.000925039
0.000921753
0.00092406
0.000927076
0.000895533
0.000906269
0.000901304
0.00089659
0.000915446
0.000903176
0.000914871
0.000920718
0.000917941
0.000919549
0.000871319
0.000906272
0.000883989
0.000880344
0.000916585
0.000904408
0.000902886
0.000893465
0.000894217
0.000880086
0.000848581
0.000866656
0.000883878
0.000890783
0.000886544
0.000892541
0.000908038
0.00091739
0.000914087
0.000913078
0.00090758
0.000915749
0.000884392
0.00092475
0.000900372
0.000909133
0.00092277
0.000903926
0.000897764
0.000897376
0.00088381
0.000874258
0.000910238
0.000902949
0.000880848
0.000891222
0.000864281
0.000910207
0.000903076
0.000879346
0.000882765
0.00088156
0.000886095
0.000881282
0.000892654
0.000878865
0.000869766
0.000871843
0.000896083
0.000875157
0.000887234
0.000905526
0.000877564
0.000864777
0.000859854
0.000864959
0.000904428
0.000859615
0.000846416
0.000850509
0.000875695
0.000891018
0.000894532
0.000927081
0.000921352
0.000916205
0.000922299
0.000927168
0.000925864
0.000913324
0.000919576
0.00092192
0.000908321
0.000917206
0.000884064
0.000876893
0.000894864
0.000911116
0.000890999
0.000903028
0.00091323
0.000902147
0.00088643
0.000865383
0.000859086
0.00088526
0.000861025
0.000877711
0.00090417
0.000848618
0.000883647
0.000794951
0.00306085
0.00274573
0.0037287
0.00227198
0.00115333
0.0010807
0.0013384
0.00131659
0.00191917
0.00163188
0.00175578
0.000692806
0.00172526
0.00178084
0.00180374
0.00179474
0.000810847
0.00177541
0.00185521
0.00162466
0.0016553
0.00080995
0.000636136
0.00198776
0.00197733
0.000702634
0.00116462
0.00351605
0.000974474
0.000923889
0.00106486
0.00189733
0.000564669
0.000863932
0.00191522
0.00182106
0.0013692
0.00101488
0.00172695
0.00161668
0.00153631
0.00201706
0.00154308
0.00187593
0.00163113
0.00112387
0.00134369
0.00211338
0.0018258
0.00176231
0.00187342
0.0019391
0.00183448
0.00164529
0.00189187
0.00209013
0.00167826
0.0015679
0.00377844
0.00185808
0.00389425
0.0017229
0.00221086
0.00206622
0.00277807
0.00202284
0.00195544
0.00199974
0.00200831
0.0025849
0.0018362
0.00162426
0.00260628
0.00271156
0.00187515
0.00142167
0.00195915
0.00182059
0.00186057
0.00183828
0.000979679
0.00074526
0.00143368
0.00097699
0.00139247
0.000953205
0.00119812
0.00110198
0.000855153
0.000784661
0.00160017
0.00186906
0.00193176
0.00172477
0.00201085
0.00180958
0.00214896
0.00171168
0.0018022
0.00182515
0.00227217
0.00186819
0.00199957
0.00167243
0.00242254
0.00375326
0.00383676
0.00146597
0.00160226
0.00106047
0.00123807
0.0018197
0.00157861
0.001513
0.00115424
0.00120685
0.00157145
0.00190491
0.00179326
0.00180969
0.00155785
0.00102271
0.00187772
0.00209024
0.00156105
0.00157402
0.00181344
0.00177817
0.00197499
0.00194879
0.00198687
0.00189571
0.00179607
0.00101899
0.000893152
0.00201196
0.00190513
0.00179645
0.00184724
0.00116552
0.00153395
0.0016333
0.00193012
0.00189449
0.00198962
0.00213653
0.000983593
0.00103551
0.000993456
0.00158104
0.00129125
0.000946182
0.000955443
0.00148024
0.00157277
0.00138525
0.00107546
0.00189268
0.00115843
0.00123396
0.0013725
0.00221513
0.00221414
0.00216865
0.00198432
0.00231686
0.00187258
0.00187874
0.00166388
0.00160229
0.00159202
0.00210552
0.0012469
0.0009751
0.00105638
0.00126788
0.00201301
0.00140189
0.00170479
0.00128753
0.00180716
0.00130033
0.00114278
0.000983454
0.000875743
0.000873353
0.00104939
0.00137554
0.00149869
0.00193121
0.00200478
0.00196594
0.00198586
0.00193991
0.00248025
0.00175343
0.00107032
0.000899192
0.000826444
0.00103169
0.00094884
0.000810638
0.00131727
0.00117731
0.00135242
0.00161086
0.000945075
0.000899955
0.00116198
0.000920738
0.000886475
0.00085626
0.00132494
0.000913114
0.0023212
0.00182686
0.00186415
0.00199371
0.00173484
0.00157585
0.00172112
0.00183714
0.00171084
0.00158661
0.00124156
0.001118
0.00149942
0.00179424
0.00124939
0.00170126
0.0012914
0.00151748
0.000999187
0.00106183
0.00200112
0.00150887
0.00131967
0.00214378
0.00226504
0.00163565
0.00120509
0.00127707
0.00137359
0.00133808
0.00156619
0.00154603
0.00126325
0.00188816
0.00133716
0.00139618
0.00102276
0.00163654
0.00155615
0.00104711
0.000802126
0.00201855
0.0017519
0.00168221
0.00181548
0.00171626
0.00163033
0.00176685
0.00174215
0.000877165
0.00191108
0.000963711
0.00143106
0.0017662
0.00162258
0.00160968
0.00145794
0.00131642
0.00130819
0.00168406
0.00127589
0.00199051
0.00162143
0.00146012
0.00176882
0.00190553
0.0014356
0.00145687
0.00136106
0.0017991
0.00143614
0.0015233
0.00152563
0.00144785
0.00127386
0.000535931
0.000919296
0.00118131
0.00143818
0.0013039
0.00125555
0.00128812
0.00166079
0.00121294
0.00128173
0.00101887
0.00110852
0.000792587
0.000749403
0.000966834
0.000659543
0.000667285
0.000737825
0.000836276
0.00102841
0.000958803
0.000849335
0.000715188
0.000805105
0.000632669
0.000703589
0.000757836
0.000790063
0.000740342
0.0008669
0.000905097
0.00103726
0.000955851
0.00107632
0.00111243
0.000948033
0.00105369
0.00108499
0.000640897
0.000814388
0.000607826
0.00063249
0.00242869
0.00185352
0.00198868
0.00157504
0.00195348
0.00195544
0.00246438
0.00201409
0.000830459
0.00109537
0.000893852
0.000772338
0.00102017
0.000886442
0.000643364
0.00242915
0.00242504
0.00234308
0.00300981
0.00363807
0.00251971
0.00243702
0.00169203
0.00281371
0.0018393
0.00123248
0.00159879
0.00326879
0.0015783
0.00103359
0.00111134
0.00155632
0.000910208
0.00156464
0.000949443
0.00196485
0.00174235
0.00167219
0.00208342
0.00204621
0.00275361
0.00174591
0.00191214
0.00209328
0.00191561
0.00225988
0.00204567
0.00286258
0.00235014
0.00301514
0.000834132
0.00167027
0.000859512
0.00140514
0.00173821
0.00144548
0.00172583
0.00167841
0.000993649
0.000823559
0.00144868
0.00147911
0.00161813
0.0013809
0.00184899
0.00264173
0.00182066
0.00141697
0.0014072
0.00179897
0.00189862
0.00184881
0.00148387
0.0024365
0.00149224
0.00131544
0.00222108
0.0022451
0.00130584
0.00132803
0.0019046
0.00187609
0.00217142
0.00200244
0.00195632
0.00127631
0.00124773
0.00116077
0.00138957
0.00109641
0.00059842
0.000577193
0.000468441
0.000454572
0.000652216
0.000711519
0.00099892
0.00101389
0.00122934
0.00133882
0.00100991
0.00117825
0.000996931
0.00109701
0.00183319
0.00141465
0.0011213
0.00113916
0.00263811
0.00209546
0.00200302
0.00219783
0.00231711
0.0020947
0.00297753
0.0027963
0.00240015
0.00231229
0.00231127
0.00246099
0.00224286
0.00219955
0.00166737
0.00190344
0.00127864
0.00225659
0.00202646
0.00138059
0.00139078
0.00177688
0.00133125
0.00200376
0.00133476
0.00187017
0.00153742
0.000976418
0.00150614
0.00153803
0.00155586
0.0010901
0.00105464
0.000929553
0.00117972
0.00113498
0.000918851
0.00119797
0.000668879
0.000937172
0.000637397
0.000627778
0.000811693
0.000612516
0.00172427
0.00227119
0.00193935
0.0013945
0.00158257
0.00203977
0.0017686
0.00142873
0.00107133
0.00131208
0.00133815
0.00122766
0.00101636
0.00155305
0.00153427
0.00124262
0.001369
0.000783912
0.000654493
0.00129076
0.000820392
0.00102233
0.000722585
0.000871085
0.000854116
0.000979184
0.000790805
0.000656818
0.000684763
0.000592688
0.000762939
0.00100002
0.000832786
0.000772823
0.000926246
0.000881135
0.00120667
0.000961974
0.00126766
0.00155517
0.00170182
0.00136467
0.00155091
0.00063441
0.000631006
0.000656646
0.00102404
0.000905886
0.000548884
0.000551995
0.000839542
0.000855308
0.00107101
0.000945769
0.000873837
0.000946319
0.000929719
0.000998919
0.000901432
0.00107062
0.00120138
0.000966335
0.000934121
0.00107202
0.00126793
0.000879449
0.00112846
0.000921544
0.0010105
0.00095304
0.000725896
0.00109864
0.000890682
0.000814936
0.000744585
0.00195654
0.00247282
0.00238218
0.00198874
0.00144364
0.00202534
0.001414
0.00180229
0.00287704
0.00231059
0.00235525
0.00236176
0.00243168
0.00314038
0.00238071
0.00313163
0.00244191
0.00231345
0.00276139
0.00317059
0.00227155
0.00281045
0.00253956
0.00240523
0.00278984
0.00225801
0.0017934
0.00179423
0.00186155
0.00164419
0.00134062
0.00204053
0.00135898
0.000816844
0.000822595
0.000862399
0.00110964
0.00101622
0.0011231
0.00108847
0.000875266
0.00122274
0.00101419
0.00129494
0.000834242
0.00136615
0.00159719
0.00104453
0.00147112
0.00112675
0.00106811
0.00102768
0.00166057
0.00143492
0.00106883
0.00118606
0.00140924
0.00134681
0.00125678
0.00190865
0.00180037
0.00103735
0.00100168
0.00136486
0.00117407
0.00154626
0.00162104
0.00146119
0.00141402
0.00224348
0.00231644
0.00194765
0.00138226
0.00210565
0.00103058
0.00181243
0.00692451
0.00268079
0.00156353
0.0034722
0.00207526
0.000981216
0.000919971
0.00108544
0.00104397
0.000945083
0.000900436
0.00103758
0.00298527
0.00186521
0.00548906
0.00131068
0.00103656
0.00132747
0.00101786
0.00129956
0.000836385
0.00178119
0.00180093
0.00146188
0.000915043
0.000620869
0.00115444
0.000757625
0.000700397
0.000855662
0.000638506
0.000670474
0.000581614
0.000609283
0.000856806
0.000675244
0.00125538
0.00202394
0.00168632
0.00212188
0.00263918
0.00182317
0.00145036
0.00107962
0.00108973
0.00135946
0.0011185
0.00269284
0.00146511
0.00247423
0.00139646
0.0026657
0.00241396
0.00184646
0.00153925
0.00292901
0.00161593
0.00153192
0.00373686
0.00290384
0.0017355
0.00365886
0.00429242
0.00236556
0.00414771
0.00404538
0.00279037
0.00205526
0.00145466
0.000953389
0.0011145
0.000969165
0.00120322
0.00126524
0.00171473
0.00128878
0.00242117
0.00159074
0.00214892
0.00179097
0.00134199
0.00129002
0.000988617
0.00159828
0.0017483
0.000912896
0.00117979
0.0011968
0.00123066
0.00176191
0.00136561
0.0010288
0.000907156
0.000570971
0.000589212
0.000562366
0.00118848
0.00102856
0.00130281
0.00137312
0.00116613
0.00120287
0.00166888
0.00201866
0.00165014
0.00114281
0.00124766
0.00163901
0.00158047
0.00105016
0.00132753
0.00109678
0.00113929
0.000746361
0.00171698
0.00158294
0.000646366
0.000837974
0.000636649
0.000914286
0.00114249
0.000645185
0.000849264
0.000789206
0.00158798
0.00191259
0.000601726
0.00113719
0.00133015
0.000809423
0.000848229
0.000892843
0.000759541
0.000580023
0.000655851
0.000648393
0.00141504
0.00146098
0.00196636
0.0013066
0.00168201
0.00122311
0.00212988
0.00197532
0.00223248
0.00133898
0.00225606
0.00329276
0.00368772
0.00272178
0.00226598
0.00241753
0.00143392
0.00148118
0.00214647
0.00200941
0.00129164
0.00126039
0.00210264
0.00159155
0.00139147
0.00138076
0.00248891
0.00401479
0.00356985
0.00314962
0.00525036
0.00290358
0.00519344
0.00225217
0.00268256
0.00422995
0.00323905
0.00538371
0.0032111
0.00373062
0.00586661
0.00569334
0.000956878
0.00149349
0.00118511
0.00163116
0.00125625
0.000923305
0.00107
0.000905872
0.00102279
0.000943778
0.000964101
0.00105989
0.00101902
0.00127713
0.00120217
0.000953191
0.00122003
0.00106089
0.000889655
0.0008609
0.00129063
0.00096295
0.00118526
0.00124377
0.000939609
0.00112011
0.00143136
0.000935051
0.00140875
0.000874015
0.000753437
0.000765434
0.000638152
0.00360801
0.00213402
0.00217208
0.00243942
0.00248954
0.0028332
0.00512009
0.00273366
0.00283616
0.0036922
0.00548309
0.00377249
0.00397792
0.000756482
0.00112778
0.00106485
0.000795824
0.0042286
0.00290965
0.00215959
0.00457209
0.00352284
0.0032727
0.00294809
0.00233621
0.00236239
0.00196423
0.00205295
0.0014823
0.00308019
0.00341296
0.00364118
0.00298692
0.00234128
0.0029059
0.00306178
0.00202251
0.00296991
0.00207862
0.00194231
0.00185887
0.00211652
0.00279395
0.000691888
0.00124274
0.00134765
0.000960453
0.00136666
0.00154655
0.00157918
0.00132449
0.00175375
0.00242587
0.00330839
0.00291626
0.00325799
0.00195305
0.0015843
0.00169762
0.00332387
0.00327513
0.00336466
0.00305826
0.00334859
0.00334133
0.00318757
0.00319577
0.00357307
0.0034674
0.00369248
0.0036431
0.00251875
0.00313241
0.00280532
0.00344061
0.00319712
0.00300493
0.0024004
0.00297659
0.00347107
0.00356896
0.00358137
0.00314884
0.00361373
0.00400978
0.00185317
0.00318243
0.00334558
0.00340305
0.00346211
0.0035407
0.00329312
0.00344559
0.00306459
0.00337059
0.00190836
0.00212855
0.00274897
0.00308053
0.00245198
0.00278079
0.00288083
0.00316497
0.0026781
0.00254823
0.00267135
0.00301424
0.00313895
0.00303128
0.00286646
0.00298747
0.00311375
0.00329647
0.00335658
0.00368142
0.00330529
0.00334525
0.0025896
0.00277998
0.00212647
0.00201389
0.00267208
0.00176907
0.00241927
0.00253349
0.00211514
0.000701833
0.00244521
0.00195493
0.00156891
0.00189089
0.00157297
0.00142317
0.00141018
0.00160444
0.00237712
0.00169481
0.00234976
0.00159729
0.00163313
0.00164693
0.00173745
0.00231128
0.00144717
0.00131012
0.0012498
0.00116802
0.0011506
0.0012423
0.00126703
0.00113434
0.0015552
0.000966208
0.0022236
0.00201474
0.00242814
0.00286258
0.00251174
0.00346421
0.00354368
0.00358575
0.00315104
0.00355922
0.00237156
0.0021231
0.00280923
0.00274839
0.00321005
0.00324214
0.00164457
0.00157106
0.00211423
0.00142189
0.00159473
0.00147347
0.00197202
0.00143734
0.00226596
0.00165219
0.0021806
0.00195906
0.00199736
0.00176314
0.00117792
0.00126901
0.00125682
0.00130163
0.00164045
0.00105017
0.00212447
0.00194334
0.00184071
0.00198941
0.00179448
0.00193742
0.00124779
0.00139721
0.00137106
0.00170222
0.00215331
0.00209446
0.00206828
0.00225538
0.00199393
0.00112042
0.000897433
0.00119022
0.00113721
0.00145903
0.000988028
0.00108985
0.00134188
0.00111364
0.00122571
0.00143779
0.00150382
0.00281414
0.0029161
0.0033726
0.00280136
0.00335001
0.00333298
0.0014317
0.00116197
0.00112301
0.00128751
0.00119849
0.00116031
0.00114758
0.00265805
0.0020706
0.00203756
0.00199631
0.0014248
0.00209544
0.00161029
0.00127511
0.0022693
0.00244684
0.00172147
0.00159333
0.00152547
0.00175871
0.00159543
0.00140883
0.00198805
0.00128222
0.00141998
0.00161387
0.00120233
0.00134042
0.00132528
0.00115919
0.0013362
0.00133617
0.00194435
0.00226794
0.00220164
0.00266043
0.00206785
0.00186288
0.00224659
0.00253207
0.00213286
0.00230693
0.00277515
0.00350949
0.00315785
0.00306577
0.00275391
0.00305676
0.00279268
0.00263414
0.00266249
0.00219955
0.00217033
0.00383836
0.00263661
0.003481
0.00330891
0.00324443
0.00285514
0.0019347
0.00182545
0.0017502
0.00208571
0.00163548
0.00146377
0.00150119
0.00150617
0.00144043
0.00171185
0.00194022
0.00183351
0.00166688
0.00179359
0.0016731
0.00134292
0.0013786
0.00139365
0.00110144
0.00139138
0.00279274
0.00238253
0.00254069
0.00248565
0.00278402
0.00312153
0.00210052
0.00197074
0.00246117
0.0031448
0.00281991
0.00287757
0.00240961
0.00251465
0.00222619
0.00175543
0.00180711
0.00224249
0.00165593
0.00155066
0.00184515
0.00203366
0.00248964
0.00250897
0.00156336
0.00191325
0.00226452
0.00163772
0.00159933
0.0016554
0.00207882
0.0019034
0.00236763
0.00182662
0.00152276
0.00223641
0.00216316
0.00153589
0.00160541
0.00361776
0.00283315
0.00219692
0.00370127
0.00357246
0.00320328
0.00301224
0.00321458
0.00302367
0.00270019
0.0029553
0.00302262
0.0025762
0.00344488
0.00396845
0.00352739
0.00370325
0.000647942
0.00330002
0.00271675
0.00321323
0.00326735
0.00320791
0.00325968
0.00297949
0.00340707
0.00281509
0.00277747
0.00213501
0.00207408
0.00212222
0.00206477
0.00188934
0.00204067
0.00307653
0.00281436
0.00321579
0.00286941
0.00288452
0.00297178
0.00268923
0.00272576
0.00271831
0.00360581
0.00329641
0.00367987
0.00233379
0.00242941
0.00384108
0.0030203
0.0026691
0.000662284
0.00212258
0.00286407
0.00378703
0.00402275
0.00391825
0.00388217
0.00369178
0.00331706
0.00427863
0.00433185
0.0026311
0.00393986
0.00359667
0.00381602
0.00695653
0.00607771
0.00225189
0.00341569
0.00327621
0.00307032
0.00289018
0.00133793
0.00217026
0.00198543
0.00184772
0.00189349
0.0018451
0.00181042
0.00199214
0.00201928
0.00276424
0.00193074
0.00260516
0.00221087
0.00293806
0.00240894
0.00222206
0.0018062
0.00273321
0.00197172
0.00166085
0.00430412
0.0022403
0.00380491
0.00297674
0.00263523
0.000587739
0.000946369
0.000935527
0.000892317
0.00270239
0.00162442
0.00268707
0.00129561
0.00127646
0.000814479
0.00101339
0.00126255
0.00135964
0.00123127
0.00124441
0.000647053
0.00113925
0.0010992
0.00120374
0.00116725
0.00101705
0.00135753
0.00112242
0.00130916
0.00127572
0.00115984
0.000908656
0.00103043
0.000793647
0.000875679
0.00100089
0.00111917
0.00111881
0.00103842
0.000940336
0.000927328
0.00095291
0.000936713
0.000965666
0.00113416
0.000956199
0.00108672
0.000937833
0.00110216
0.0012284
0.0012463
0.00183929
0.00287627
0.00289381
0.0027314
0.0035637
0.00336172
0.0023992
0.00139995
0.000966648
0.00102913
0.000578814
0.00120884
0.00117871
0.00106343
0.00097718
0.0008549
0.00188775
0.000883029
0.000759407
0.00117481
0.0013419
0.00151564
0.00202714
0.00203691
0.00175081
0.00155629
0.0012654
0.00122313
0.00121696
0.00156477
0.000864747
0.000846685
0.000836038
0.00089979
0.000973561
0.00107222
0.000852933
0.00121061
0.000976683
0.000981403
0.00134455
0.00154556
0.000947982
0.00096794
0.00209948
0.0019647
0.00139717
0.00170949
0.00157091
0.00144251
0.00141088
0.00118382
0.00146142
0.00121083
0.00107029
0.0010858
0.00117652
0.000955289
0.000998465
0.00118792
0.00136556
0.00117436
0.00106032
0.00104999
0.00113879
0.001184
0.000790579
0.00104168
0.00104949
0.00109001
0.00100859
0.00103086
0.0010681
0.00104155
0.00088017
0.000955712
0.000804648
0.00104603
0.000963357
0.0010328
0.000665921
0.00103569
0.000939257
0.000917636
0.000927377
0.001035
0.000800531
0.000900552
0.00105477
0.00105092
0.00102975
0.000800043
0.000918819
0.00102549
0.000902342
0.00105883
0.00119512
0.00112487
0.00123399
0.00143217
0.00222479
0.00175007
0.00245057
0.0017074
0.00194476
0.00235258
0.00252749
0.00287856
0.0027349
0.0023894
0.00260635
0.00248218
0.00267598
0.00183559
0.00198974
0.00204162
0.0018893
0.00209913
0.00225861
0.00189896
0.0026192
0.0017625
0.00220781
0.00150679
0.00130094
0.00178814
0.00221485
0.00126974
0.00199944
0.00189024
0.00247227
0.00179293
0.00234409
0.00184961
0.00238695
0.00284639
0.00328919
0.00233774
0.00142597
0.00353893
0.00312174
0.00148071
0.00212616
0.00246923
0.00205771
0.00241419
0.00233021
0.00263831
0.00225137
0.00225479
0.00214895
0.00290821
0.00247422
0.00227755
0.00236939
0.0024562
0.0026855
0.00270965
0.00289465
0.00263514
0.00292307
0.00198954
0.00285917
0.00260562
0.00299951
0.00256475
0.00287908
0.00284958
0.00244684
0.00180807
0.00243778
0.00242482
0.00334805
0.00266355
0.00241175
0.002943
0.00317774
0.00322238
0.00183412
0.00173375
0.00222092
0.00198341
0.00222248
0.00222495
0.00150625
0.00160244
0.00315437
0.00178009
0.00212589
0.00123544
0.00137633
0.00102897
0.00144785
0.00307826
0.00319945
0.00244004
0.00323269
0.00122921
0.00105498
0.0013185
0.0011987
0.00121292
0.00124847
0.00143455
0.000684856
0.000632612
0.00079309
0.000678472
0.000631432
0.000926192
0.000762317
0.00110306
0.00115561
0.00112172
0.00105995
0.00111887
0.00112201
0.000905594
0.000684433
0.000688696
0.000820622
0.000740717
0.000662711
0.000690513
0.000965291
0.000758382
0.00073278
0.000686185
0.000720084
0.00117963
0.000902353
0.000980619
0.00227831
0.0017854
0.00294097
0.00185777
0.00108987
0.000939711
0.000809659
0.000924187
0.000997229
0.000905989
0.000707415
0.00071838
0.0011301
0.00101289
0.000976577
0.00096459
0.000722523
0.000918771
0.000676808
0.000677572
0.000705162
0.000874638
0.00068088
0.000883092
0.000930351
0.000959074
0.00081614
0.000950792
0.000929338
0.000868845
0.000973482
0.00101575
0.00106109
0.001117
0.000856366
0.000795562
0.000788588
0.0027124
0.00302256
0.00332756
0.00263979
0.00330183
0.00294607
0.00353728
0.00310171
0.00326632
0.00175065
0.00278307
0.00323008
0.000605609
0.000634847
0.000688547
0.00206282
0.0045784
0.00366069
0.00357344
0.00548201
0.00473389
0.00507162
0.00329349
0.00451217
0.00461178
0.00845433
0.0029107
0.00207271
0.00288119
0.00106529
0.00114618
0.000504572
0.00100318
0.000525577
0.00408009
0.0024597
0.0043561
0.00874129
0.00907303
0.0015027
0.00106438
0.00253319
0.00119292
0.0018319
0.0022464
0.00337754
0.00248581
0.00253055
0.00375996
0.00456101
0.00378977
0.00433126
0.00383657
0.00248672
0.00286254
0.00292896
0.0022938
0.00250157
0.00171063
0.00213694
0.00181965
0.00247194
0.00168288
0.00171334
0.00249544
0.00196071
0.0018715
0.00224334
0.00234557
0.00186898
0.00221864
0.00165626
0.00264195
0.00256158
0.0038453
0.0031244
0.00310571
0.0024809
0.00279764
0.00268019
0.00315827
0.00346183
0.00358922
0.0051762
0.0056388
0.00661397
0.00525283
0.00816009
0.00878737
0.0028231
0.00298173
0.00319971
0.00303453
0.00298928
0.00289546
0.00313021
0.00396631
0.00128657
0.00284601
0.000569626
0.00240952
0.00171766
0.00148274
0.000783535
0.00413245
0.00395246
0.00652615
0.00403102
0.00932223
0.00520613
0.0082278
0.00586228
0.00704179
0.00643847
0.00496448
0.00247805
0.00738943
0.0106984
0.0098746
0.00128318
0.000656749
0.000690153
0.000944849
0.000864868
0.00108685
0.00108671
0.00295721
0.000816874
0.000810309
0.00069658
0.000677751
0.000728997
0.000722957
0.000730186
0.000792973
0.000713252
0.000709867
0.00402192
0.0056158
0.000645004
0.00171081
0.00186176
0.00527743
0.0094919
0.00786374
0.00909902
0.00909488
0.00904213
0.0129976
0.00216618
0.00934073
0.0109592
0.00829046
0.0124599
0.00208955
0.00134946
0.000641563
0.000635938
0.000869176
0.000944462
0.000632232
0.000694503
0.000647014
0.000953236
0.000743186
0.000880122
0.000680281
0.000699205
0.000745647
0.00081783
0.000628702
0.000606038
0.000583559
0.000724666
0.00107157
0.000872745
0.000781216
0.000618531
0.000776376
0.000628164
0.00125826
0.00536069
0.0074626
0.00688935
0.00401188
0.00423685
0.0049451
0.00639825
0.00858691
0.00963996
0.00754721
0.00742803
0.00563526
0.00953455
0.00257927
0.00552955
0.00709515
0.0066159
0.00576741
0.00643464
0.00859277
0.00979384
0.00837224
0.00900683
0.00652884
0.00710023
0.0099542
0.0106385
0.0110544
0.0120156
0.00988152
0.00771488
0.0120065
0.0106431
0.0105113
0.011575
0.00806272
0.0086687
0.00916335
0.00710221
0.00947391
0.0101344
0.00772473
0.0103738
0.00859432
0.00955574
0.0101622
0.00825577
0.0150802
0.00722746
0.0111229
0.0102244
0.00722333
0.00646684
0.0115698
0.00735605
0.00765081
0.00834603
0.0074857
0.00654459
0.00892664
0.00719605
0.0105218
0.00768354
0.00643648
0.00820216
0.0108853
0.0110654
0.0103475
0.011392
0.0102589
0.0110341
0.00632749
0.0106266
0.0112035
0.0110426
0.0155877
0.0110139
0.00931765
0.0125677
0.00958153
0.0108185
0.00635978
0.00657827
0.00678688
0.010135
0.00725513
0.00539805
0.00490385
0.00500886
0.00578035
0.0101005
0.00905915
0.0103686
0.00703085
0.00874633
0.0105824
0.000667179
0.00062627
0.000616238
0.000663996
0.00145067
0.000583441
0.000558268
0.000782176
0.000736213
0.0026737
0.000589727
0.000665999
0.00059577
0.000612935
0.000894165
0.000737333
0.00580791
0.00827695
0.00614586
0.00673322
0.0125561
0.0113745
0.00148773
0.00921438
0.00674151
0.00587491
0.0139829
0.00663879
0.012853
0.00996113
0.00895181
0.00740351
0.0106742
0.00972191
0.0109028
0.012486
0.0103378
0.0113107
0.0121555
0.0122561
0.0133376
0.0136859
0.00873643
0.0118724
0.010871
0.00947124
0.00996911
0.0130376
0.0121008
0.0117431
0.00932072
0.0128438
0.0114101
0.0114183
0.0146271
0.0117177
0.0109957
0.0111631
0.0118439
0.00549305
0.00716059
0.00701672
0.00668797
0.00782832
0.00798099
0.00169215
0.00142702
0.00228197
0.00598213
0.00637056
0.00621323
0.00529985
0.00629801
0.0033597
0.00585727
0.00741561
0.00743719
0.00843159
0.007295
0.0108754
0.00886342
0.00588447
0.0105934
0.0109699
0.00484247
0.00628853
0.00265557
0.00286194
0.00402615
0.00262832
0.00550919
0.00692777
0.00713577
0.00574482
0.00653475
0.00465139
0.00490818
0.00615463
0.00489438
0.00214206
0.0020067
0.00360362
0.00436006
0.00395331
0.00254121
0.00226719
0.00406176
0.000938971
0.000860002
0.00114856
0.000801476
0.000775351
0.000649585
0.000929171
0.00250546
0.00074966
0.000723328
0.000765456
0.000597317
0.000691374
0.00273768
0.000916826
0.000946329
0.00122734
0.00089751
0.000964795
0.00783168
0.00705361
0.00696632
0.00761336
0.0083606
0.0102598
0.00584322
0.00502229
0.00620685
0.00717202
0.00815665
0.00530955
0.00311955
0.0034555
0.0101695
0.00997104
0.00491395
0.00568787
0.00342038
0.00965116
0.0100898
0.00176261
0.00127761
0.0109509
0.0112937
0.0124615
0.00471915
0.0039841
0.003387
0.00327504
0.00456792
0.00325163
0.00438508
0.0050578
0.00771262
0.00370499
0.00689105
0.00345321
0.00488498
0.00514897
0.00493585
0.00435275
0.00552304
0.00311029
0.00460116
0.00574693
0.00469743
0.00511773
0.00497368
0.00466493
0.00432807
0.00411652
0.00534541
0.00796386
0.0046161
0.0038573
0.00416436
0.00785923
0.00606957
0.00569853
0.00557345
0.00530134
0.00603709
0.00599279
0.00766847
0.00479241
0.00402874
0.00459691
0.00533132
0.00542101
0.00411492
0.00790943
0.00926365
0.00181968
0.00765428
0.00245436
0.000598264
0.000631222
0.000793078
0.000729434
0.00111379
0.00109568
0.00153147
0.00702966
0.00594428
0.00632338
0.00794837
0.00743418
0.00539417
0.00399699
0.00105357
0.00117846
0.00330385
0.00455501
0.000982412
0.00372626
0.00112137
0.000792929
0.000634358
0.000582726
0.000719127
0.00482443
0.000963679
0.000829262
0.000787067
0.000643792
0.000674278
0.000795118
0.00058551
0.00067319
0.000695379
0.000688857
0.000959929
0.000966375
0.000823847
0.00087298
0.00131099
0.00113006
0.000542668
0.000566299
0.000650342
0.000686523
0.00093911
0.000608354
0.00189408
0.002272
0.00171049
0.0019121
0.00185389
0.000797064
0.00139731
0.00209048
0.00296684
0.0023251
0.00306875
0.00221761
0.00177267
0.00194915
0.00164521
0.00180336
0.00130041
0.00189251
0.00177568
0.0031406
0.0036777
0.00334991
0.00328525
0.00484388
0.00592685
0.00695592
0.00362037
0.00473713
0.00301419
0.00451999
0.00587948
0.0063178
0.0088886
0.00933793
0.00108928
0.000703435
0.000673459
0.000652062
0.000643264
0.00113157
0.0011423
0.0015204
0.000931426
0.000955884
0.00174573
0.00135578
0.00220368
0.0097802
0.00942726
0.00577751
0.00616063
0.00931199
0.00950122
0.0117947
0.00918437
0.00961138
0.00962446
0.0120018
0.00685891
0.0119292
0.00919351
0.00771563
0.00704051
0.007833
0.00640345
0.00808879
0.00817608
0.00937815
0.00631996
0.00642301
0.00845606
0.00344817
0.0033193
0.00344064
0.00245327
0.00121556
0.00338044
0.00325267
0.00253747
0.0025377
0.00252391
0.00263404
0.00265553
0.00225211
0.00206419
0.00210835
0.00166769
0.000742337
0.00288932
0.00268658
0.00245347
0.00278079
0.0102769
0.0076949
0.010995
0.0124222
0.00723989
0.00805088
0.011204
0.0101067
0.0121635
0.00708395
0.00874077
0.0138062
0.00447388
0.00308256
0.00173821
0.00553312
0.00303548
0.0058936
0.00074386
0.000804574
0.000756855
0.000771935
0.000842326
0.00117583
0.00445693
0.00361254
0.00444529
0.00386109
0.00347306
0.0051824
0.0058772
0.00456766
0.00719248
0.00904266
0.00843364
0.00941486
0.00531579
0.00791264
0.00688024
0.00800699
0.00954855
0.00725308
0.00861812
0.00636376
0.00945937
0.0120121
0.0107733
0.0130531
0.0113545
0.0114653
0.0135713
0.0126246
0.00510193
0.00579458
0.00827628
0.0124692
0.00776015
0.00841004
0.00517989
0.00688472
0.00700039
0.00600483
0.00230934
0.00644403
0.00207679
0.0058372
0.00980948
0.00655584
0.00653887
0.00698008
0.00754732
0.00669144
0.00634461
0.00634258
0.00734677
0.00712092
0.0060789
0.00715937
0.00753803
0.00784099
0.00407162
0.00647664
0.00663216
0.00731939
0.00452809
0.00386911
0.00408379
0.00442894
0.00758459
0.00645187
0.00866861
0.00776901
0.00928356
0.00758524
0.00693471
0.00680938
0.00645449
0.0096432
0.00967123
0.0112247
0.0100955
0.00800691
0.010792
0.00748938
0.00768804
0.00393188
0.00433017
0.00349592
0.00359914
0.00333238
0.0107822
0.00724355
0.0135126
0.0100878
0.00307717
0.00984443
0.0100755
0.0100034
0.00526369
0.00444209
0.00381744
0.00420252
0.00503802
0.00167642
0.00158383
0.00323335
0.00407831
0.00345086
0.00134043
0.00162999
0.00559254
0.00198695
0.00656266
0.00571903
0.00786431
0.00842482
0.00970638
0.00703015
0.0100443
0.00744046
0.00789195
0.00590338
0.00581623
0.00671811
0.00671516
0.00748554
0.00272392
0.00329495
0.0023577
0.00165217
0.00267508
0.00188541
0.0056869
0.00519765
0.0077597
0.00670221
0.00943264
0.00900865
0.00750791
0.00970209
0.00923511
0.00594915
0.0075647
0.00802704
0.00814082
0.000709955
0.000849321
0.000581622
0.000672356
0.000613715
0.000776258
0.000975606
0.000776825
0.000579399
0.00078834
0.00503072
0.00504375
0.0061205
0.00491189
0.00571629
0.00510268
0.00446334
0.00585964
0.00531834
0.00417644
0.00395951
0.0053393
0.00452348
0.0067882
0.00737737
0.00651128
0.00401204
0.00368849
0.00733806
0.00161419
0.00228008
0.0019645
0.00199055
0.00560253
0.00531037
0.00103168
0.00103562
0.00104469
0.00110336
0.00213555
0.00134823
0.00220246
0.00278236
0.00352828
0.000691786
0.00237897
0.00329901
0.00370924
0.00308945
0.00198495
0.00345183
0.00183832
0.00203148
0.00356489
0.00182607
0.00165979
0.00316609
0.0028612
0.00145524
0.00101959
0.00100866
0.000981793
0.00103028
0.00130196
0.000933153
0.000915455
0.00662565
0.0098319
0.0112371
0.0114677
0.0107731
0.00813344
0.0103522
0.0118997
0.0101503
0.000568749
0.00225701
0.00236629
0.000809985
0.0017427
0.00075016
0.00070783
0.000797685
0.00205228
0.00296444
0.00228323
0.00215485
0.000790011
0.000965922
0.00130726
0.00190898
0.00162536
0.00129731
0.00106662
0.0011595
0.000665971
0.000865761
0.00191128
0.00173182
0.00143122
0.00120886
0.00131065
0.00249869
0.000782436
0.00237859
0.00269369
0.00184641
0.00189607
0.00290808
0.00291243
0.00256271
0.00176128
0.00280476
0.00247245
0.00973611
0.00689415
0.00710644
0.00595989
0.00566468
0.00591155
0.00617834
0.00663998
0.00390739
0.00475594
0.00475907
0.00398642
0.0043884
0.00657851
0.00471832
0.00525565
0.00515239
0.00457957
0.00581392
0.00645353
0.00455642
0.00245814
0.00425694
0.00370749
0.00335115
0.00226029
0.00280381
0.00551708
0.0050711
0.00750449
0.0037203
0.00694378
0.00356394
0.00420559
0.00445544
0.00170613
0.00216106
0.00256093
0.0019207
0.00189453
0.00120368
0.00289149
0.0113393
0.00265774
0.00879477
0.00140769
0.00130403
0.00424131
0.00297575
0.00325444
0.00362377
0.00325412
0.00310546
0.00386433
0.00365721
0.00606625
0.00431521
0.00343442
0.00424139
0.00425082
0.00528129
0.00597268
0.00297993
0.0032057
0.00252769
0.00303025
0.00302502
0.00236059
0.00265938
0.00271098
0.0026185
0.00201259
0.00155566
0.00157549
0.0038331
0.00347633
0.00824551
0.00217477
0.00245429
0.00183857
0.00380035
0.00316148
0.00312945
0.0035666
0.00370697
0.0069143
0.00303963
0.00336562
0.00362969
0.00335561
0.00238611
0.00500859
0.00346637
0.0022966
0.00352469
0.00443448
0.00286097
0.00284109
0.00332359
0.00552059
0.00388416
0.00442396
0.00348555
0.00387315
0.0019182
0.00927648
0.00228099
0.00235786
0.00437791
0.00397879
0.00574888
0.00352653
0.00294927
0.00380853
0.00640201
0.00303983
0.00554355
0.00606969
0.00489744
0.00665788
0.00662989
0.00477651
0.00475102
0.00439379
0.00447389
0.00450758
0.00562673
0.00552851
0.00484586
0.00330461
0.0011229
0.00125357
0.00120444
0.00156087
0.00096304
0.00124515
0.001053
0.00102943
0.001382
0.000804611
0.000733393
0.000594079
0.000499387
0.000597558
0.000653444
0.000714507
0.000868657
0.000722175
0.000822368
0.000949274
0.000912827
0.00104513
0.00278759
0.00334575
0.00389949
0.00394247
0.00409461
0.00172684
0.00144073
0.00107836
0.00146003
0.00102694
0.000986468
0.00133197
0.00266544
0.00280851
0.001891
0.00199631
0.00281144
0.00186626
0.00243643
0.00232971
0.0024143
0.00210604
0.00269415
0.00299427
0.0020062
0.0021661
0.00307004
0.00270172
0.00281077
0.0028875
0.00197861
0.00271537
0.00250374
0.00274386
0.0022571
0.0024022
0.00199152
0.00245909
0.00234203
0.00214281
0.0018106
0.0017231
0.001872
0.00225035
0.00216465
0.00165495
0.00157897
0.00151755
0.00148774
0.00251524
0.00322338
0.00086981
0.00410055
0.00464379
0.00322955
0.00485012
0.00376221
0.00321659
0.00403289
0.00139368
0.00253955
0.000810584
0.00135502
0.00103103
0.00271886
0.00134018
0.00164274
0.00077504
0.000747499
0.000729627
0.000839999
0.00105603
0.00123462
0.00236317
0.00146246
0.00183602
0.00116618
0.00230784
0.00250955
0.00341844
0.0041642
0.00221956
0.00246954
0.00345208
0.00430372
0.00215474
0.00203536
0.00634175
0.00824639
0.00500022
0.00526224
0.00602768
0.00640108
0.0047332
0.00769
0.00717814
0.008736
0.00746539
0.00537899
0.00589357
0.00709233
0.00359803
0.00531424
0.00803309
0.00715341
0.00954166
0.00787999
0.00816729
0.0135158
0.00116514
0.0125125
0.00744113
0.00762848
0.00879676
0.00584917
0.00255629
0.00245241
0.00279025
0.00260451
0.0054213
0.00682943
0.00363379
0.00309744
0.00351318
0.00491917
0.00510476
0.00458439
0.00343064
0.00315434
0.00418451
0.00313549
0.00303872
0.00397229
0.00309071
0.00309142
0.00351654
0.00290725
0.00335124
0.0031218
0.00227547
0.00249101
0.00278897
0.00349275
0.00350576
0.00422891
0.00441253
0.00374525
0.00448602
0.0029842
0.00422075
0.00275771
0.00306566
0.00380134
0.00390794
0.00265291
0.0026927
0.00351346
0.00240209
0.00261233
0.0011342
0.010784
0.00640065
0.00787683
0.00729404
0.00750241
0.0101619
0.00624677
0.00856982
0.00430271
0.00335226
0.00562088
0.00668177
0.00490147
0.00625024
0.00554836
0.00757863
0.00121037
0.000882065
0.00472397
0.00341181
0.00245085
0.00615433
0.00618955
0.00560882
0.00568275
0.00536054
0.00561891
0.00692674
0.00324176
0.00412903
0.0040887
0.00408135
0.00376742
0.00532218
0.00603466
0.00525589
0.00404799
0.00423878
0.00293718
0.000972621
0.000806381
0.00168552
0.000879321
0.00193365
0.00393096
0.00544779
0.000865369
0.00433994
0.000905664
0.00263545
0.00380227
0.0031792
0.00347386
0.00357996
0.00330395
0.00404848
0.00524534
0.00395577
0.0062451
0.00227281
0.00392176
0.00471748
0.00249097
0.00355278
0.00200386
0.0022835
0.00192212
0.00224177
0.004094
0.00332139
0.00204684
0.00232981
0.00300569
0.00381003
0.00296055
0.00329148
0.00357186
0.00509547
0.00567686
0.00265088
0.00237609
0.0110311
0.0074884
0.00856675
0.00745738
0.0110485
0.00845907
0.00701799
0.00653228
0.0100708
0.00718143
0.00648762
0.00890368
0.00739349
0.00939436
0.00551765
0.00587019
0.00981299
0.00623425
0.00818656
0.0085057
0.00796266
0.00949165
0.0091808
0.0021426
0.00240406
0.00322527
0.00170502
0.00209875
0.00228711
0.00370111
0.00201353
0.00234512
0.00166794
0.00173117
0.00409828
0.0101914
0.00835645
0.0134514
0.00491819
0.00575102
0.00958298
0.00700947
0.00354669
0.00390415
0.00503124
0.00496797
0.0057262
0.00653652
0.00621331
0.00657798
0.00769351
0.00368739
0.00361031
0.00390544
0.0054148
0.00566455
0.00503272
0.00324296
0.00392861
0.00330483
0.0040171
0.00470402
0.00453707
0.00450636
0.00509366
0.00511593
0.00370913
0.00478858
0.00361984
0.00475946
0.00311762
0.00374992
0.00339316
0.00382972
0.00459658
0.00367908
0.00618567
0.00580962
0.00230353
0.00256191
0.00314822
0.00290318
0.00296233
0.0035282
0.00382679
0.00267834
0.00252322
0.00255821
0.00281932
0.00605379
0.00350367
0.0033067
0.00517078
0.00564902
0.00419165
0.00401594
0.00449983
0.00521471
0.0045298
0.00656306
0.00560697
0.00494415
0.00199968
0.00209542
0.00172366
0.00199339
0.00149107
0.0014367
0.00271353
0.00262693
0.00310191
0.00141138
0.00103928
0.00115681
0.000925891
0.00116292
0.00121982
0.00138456
0.00148359
0.000926779
0.000986945
0.000955256
0.00105326
0.0014043
0.00154358
0.00162978
0.00114123
0.0023512
0.00116802
0.00115275
0.00150074
0.00101156
0.00114292
0.00416567
0.00390945
0.00298103
0.00345016
0.00350729
0.00386461
0.00380555
0.00315773
0.00339594
0.00327995
0.00320948
0.00316127
0.00276858
0.00355534
0.00208645
0.00246461
0.00322996
0.0025196
0.00295402
0.00288199
0.00306397
0.00261196
0.00286208
0.00353024
0.00278255
0.00281265
0.00274727
0.00752521
0.00154159
0.00170632
0.00541633
0.00356729
0.00559773
0.00194292
0.00196179
0.00275254
0.00322872
0.00321198
0.00313157
0.00230727
0.00295768
0.00321383
0.00341439
0.00197212
0.0020683
0.00239625
0.00264804
0.00286082
0.00316263
0.00343175
0.00265943
0.00323653
0.00290914
0.00184829
0.00183479
0.00453852
0.00502837
0.00457891
0.00533375
0.0065303
0.00289248
0.00351769
0.0029232
0.00391719
0.00354139
0.00494576
0.00383863
0.00350414
0.00384432
0.00405616
0.00680075
0.00554195
0.00338493
0.00268293
0.00736579
0.00612744
0.00279347
0.00489757
0.00599331
0.00745632
0.00222377
0.00531661
0.00509122
0.0056328
0.00674943
0.00615131
0.00534338
0.0015282
0.00234532
0.00212354
0.00188805
0.0020735
0.00315386
0.00198865
0.00325974
0.00267306
0.0028174
0.0029689
0.00493494
0.00342664
0.00482591
0.00122143
0.00120194
0.00139471
0.00170983
0.00189996
0.00179216
0.00182964
0.00220746
0.00124926
0.00170673
0.00127603
0.00117915
0.00161733
0.000960351
0.000843604
0.000888921
0.00117631
0.000905801
0.00112375
0.000889208
0.00228509
0.00127926
0.000854973
0.000951651
0.00101096
0.000970329
0.00259703
0.00217379
0.00264434
0.00265155
0.00266581
0.00194372
0.00163708
0.00289653
0.00318488
0.00275198
0.0064169
0.00618271
0.00328272
0.00334287
0.00350343
0.00286226
0.00404625
0.00277101
0.0030068
0.00314727
0.00377119
0.00387929
0.00354901
0.00316718
0.00415825
0.00327367
0.00380233
0.00475907
0.00325711
0.0033262
0.00305609
0.00302508
0.00354838
0.00427497
0.00375094
0.00328793
0.00375252
0.0034095
0.00403371
0.00530321
0.00723787
0.00773664
0.00897894
0.008666
0.00201082
0.00192901
0.00249533
0.00306663
0.00171383
0.00290328
0.00304095
0.0030094
0.00387604
0.00402687
0.00255774
0.00310102
0.00249383
0.00236035
0.00227892
0.00268471
0.00207047
0.00200608
0.00178017
0.00207258
0.00260529
0.00290011
0.00268655
0.00346609
0.00283441
0.00285147
0.00275189
0.00551261
0.00245463
0.00380053
0.00351965
0.00347462
0.00373952
0.00479786
0.00423459
0.00773293
0.00936511
0.00696913
0.00611301
0.0056449
0.00538151
0.00519256
0.00671553
0.00847222
0.00870191
0.00912008
0.00711688
0.00659744
0.00680234
0.0067864
0.00472041
0.00435319
0.00536657
0.00468211
0.00391174
0.00521509
0.00399806
0.00456104
0.0036468
0.00294569
0.00312487
0.00147361
0.000828434
0.000665949
0.000824145
0.000967415
0.000937887
0.000758479
0.000634521
0.00154596
0.00108577
0.0130827
0.00159699
0.0133688
0.00194693
0.00160133
0.00186982
0.00139638
0.00143999
0.00148384
0.00130494
0.00110066
0.00129577
0.00155249
0.00161825
0.00153197
0.00133434
0.00144997
0.0015408
0.000988031
0.00074999
0.0015751
0.00114167
0.00151401
0.00146042
0.00113421
0.00143923
0.0012563
0.00126713
0.00162484
0.00156728
0.00153258
0.000873182
0.00114186
0.000745097
0.00142568
0.00138542
0.00144161
0.00060157
0.00061623
0.000658619
0.000808822
0.000947967
0.0006323
0.000664514
0.000959674
0.00102489
0.00138076
0.00150593
0.0013518
0.00144987
0.00151623
0.0015226
0.00124455
0.00140611
0.00144572
0.00144197
0.00146752
0.00144736
0.00170751
0.00147231
0.00163994
0.00142802
0.00147064
0.00170734
0.0015309
0.00196715
0.00257262
0.0014088
0.00105648
0.00130857
0.00975007
0.00792216
0.00561153
0.0067579
0.00526578
0.00537979
0.00646578
0.0052124
0.006987
0.00151259
0.00157664
0.00172571
0.00155328
0.00175679
0.00149614
0.00102357
0.00525194
0.00625898
0.00558545
0.00302352
0.00753032
0.00273771
0.00689748
0.00717889
0.00823544
0.00583259
0.00724615
0.00625828
0.00600045
0.00108947
0.00163063
0.00146787
0.00200652
0.00211052
0.00157336
0.00144342
0.00131011
0.00142889
0.00160122
0.0012627
0.00133086
0.0014466
0.00138338
0.0014245
0.00132856
0.00144645
0.00191781
0.00761074
0.0034979
0.00264769
0.00211169
0.00201202
0.00754165
0.00161162
0.00922698
0.00165554
0.00266716
0.00531658
0.00283424
0.00524911
0.00466547
0.00262777
0.00289298
0.00299003
0.00257507
0.00442368
0.00803386
0.00748795
0.00879796
0.00817175
0.00333492
0.00242305
0.00249054
0.00438981
0.00398119
0.00271421
0.00356488
0.001862
0.00161295
0.00149639
0.00170619
0.00153443
0.00136306
0.00166968
0.0016624
0.00182861
0.00175183
0.00177237
0.00127624
0.00185412
0.00191403
0.000629142
0.0019695
0.00111919
0.00178946
0.00189936
0.00151378
0.00126598
0.0127197
0.00179003
0.00142202
0.00125919
0.0014061
0.00143396
0.00143424
0.00145052
0.00141742
0.00127746
0.0010632
0.00125113
0.00138962
0.00143025
0.00132099
0.00118782
0.00293043
0.00195734
0.00147418
0.00282188
0.00278097
0.00122871
0.00120557
0.00113501
0.00138428
0.00130903
0.00113497
0.00109308
0.00138087
0.00163689
0.00116208
0.00133148
0.00108213
0.00131853
0.00170617
0.00130009
0.00177694
0.00128131
0.0013033
0.00120875
0.00133504
0.00148707
0.00164325
0.00170757
0.00161188
0.00191537
0.00158776
0.00133034
0.00119229
0.00179784
0.0010796
0.00105619
0.000786704
0.00114382
0.00137921
0.000740413
0.000690864
0.00182764
0.00176212
0.00164795
0.00062033
0.00073881
0.000515681
0.000739007
0.000685016
0.000762521
0.00126601
0.00125219
0.000962234
0.000909308
0.00109852
0.000814534
0.000965595
0.000763392
0.000934901
0.00160439
0.00153789
0.000546703
0.00111468
0.00072501
0.000586876
0.000598944
0.000571663
0.000917698
0.000778994
0.00121024
0.00157121
0.000822761
0.000842464
0.00157159
0.000611144
0.00163322
0.000747051
0.00126633
0.00132218
0.00109473
0.00100915
0.00102743
0.00137606
0.000930418
0.0014723
0.00110132
0.00132033
0.00123709
0.00101746
0.000896093
0.00142728
0.00132909
0.00140334
0.00160477
0.00132519
0.00140865
0.00141219
0.00119832
0.000843864
0.00124506
0.00122038
0.001267
0.00070589
0.00112484
0.000862476
0.000801605
0.0010254
0.000867155
0.000775659
0.000986499
0.000812542
0.00101026
0.000823995
0.000961964
0.00104915
0.000949273
0.00106984
0.000926605
0.000984717
0.0008153
0.000837111
0.000752441
0.000813995
0.000846042
0.000630222
0.000479806
0.000774414
0.000580933
0.000845097
0.000836695
0.00155333
0.0016248
0.000816514
0.000797078
0.00168806
0.00260322
0.000865277
0.000567603
0.00107551
0.0007399
0.00151392
0.00196596
0.00189974
0.00116663
0.00209866
0.00211869
0.000932011
0.000918484
0.00111228
0.000688702
0.000836352
0.000627929
0.00178572
0.00241575
0.00216014
0.00181109
0.00126799
0.000679351
0.000691529
0.000784183
0.00101543
0.0110948
0.00145909
0.00164708
0.00152086
0.00164603
0.00145665
0.001029
0.00112901
0.00158511
0.00176449
0.00187092
0.00178888
0.00184826
0.00137163
0.00143477
0.00130798
0.00140838
0.0017216
0.0015702
0.00176522
0.00172182
0.00138361
0.00463691
0.00445323
0.0045866
0.00528459
0.00590681
0.00540076
0.00751553
0.00404936
0.00515971
0.00475516
0.00403853
0.00492989
0.00482784
0.00353998
0.00318747
0.00408336
0.00298075
0.00328245
0.00123772
0.00303288
0.00452221
0.00409804
0.00665439
0.00528972
0.00507707
0.005287
0.00490431
0.00745992
0.00424034
0.00225157
0.00540924
0.00536892
0.00613393
0.00390938
0.00549173
0.00487323
0.00556654
0.00433313
0.00370233
0.00502838
0.00261052
0.00247714
0.00447676
0.00532304
0.00642548
0.00761537
0.00562841
0.00397783
0.00575976
0.00516702
0.00292506
0.00312059
0.00260384
0.00140167
0.00193468
0.00190318
0.00191125
0.00230392
0.00196436
0.00233554
0.00245282
0.00205859
0.0116239
0.000661961
0.000590431
0.000586079
0.000614788
0.000667755
0.00063438
0.000698656
0.000813453
0.000695677
0.0014933
0.00137934
0.00130976
0.00157285
0.00134312
0.00138422
0.00131572
0.00146676
0.00108627
0.00112873
0.0013653
0.00142393
0.00137256
0.001354
0.00121015
0.00123486
0.00134463
0.00177626
0.00179114
0.00168435
0.0014106
0.00211476
0.00167913
0.00233537
0.00229122
0.00158302
0.00132238
0.00135987
0.00143622
0.00141548
0.00136377
0.00145546
0.00141297
0.0010398
0.000851749
0.00100184
0.00127951
0.00105049
0.00129364
0.000811051
0.00475867
0.00480462
0.00332744
0.00817936
0.00533315
0.00177376
0.000911451
0.00229666
0.0022171
0.00218103
0.00222005
0.00123664
0.00127198
0.00146701
0.00146561
0.00151372
0.00112966
0.00140727
0.00121882
0.00096663
0.00138022
0.00105578
0.00127828
0.000942446
0.00104535
0.0010075
0.000960013
0.000837931
0.000826198
0.000862621
0.0011995
0.00104437
0.00125704
0.000992886
0.000947415
0.00104778
0.00101658
0.000971093
0.000846
0.000750722
0.000933782
0.000630798
0.000657278
0.00084057
0.000798243
0.000969505
0.000720356
0.000796086
0.00114717
0.0010558
0.00113179
0.000946984
0.000781362
0.000617903
0.000714119
0.00078319
0.000729314
0.000863316
0.000920121
0.000666385
0.00109124
0.00123041
0.00108914
0.00124819
0.00100896
0.00131005
0.00102092
0.00113372
0.000944759
0.00117115
0.000866592
0.000842334
0.00100117
0.00136846
0.00138625
0.000669627
0.000798941
0.000981648
0.000791106
0.00236848
0.00253638
0.00242314
0.0030116
0.00135434
0.00160155
0.00144304
0.00196175
0.00204713
0.00202965
0.00640705
0.00303478
0.00236982
0.00488923
0.00526507
0.00564717
0.0049877
0.00480232
0.00262162
0.00393404
0.00324671
0.00300778
0.00410435
0.00417457
0.00557816
0.00571172
0.00623984
0.00735436
0.00521708
0.00369626
0.00474048
0.00330965
0.00332944
0.00368217
0.00208173
0.00322081
0.00485341
0.00392902
0.00497441
0.00578415
0.00144619
0.00269343
0.00236916
0.00534322
0.00326778
0.00478377
0.00421739
0.0053088
0.00229096
0.0029362
0.00266605
0.00148888
0.00435974
0.00480684
0.00516174
0.00440758
0.00321677
0.00215226
0.00210974
0.00305868
0.00528854
0.00289098
0.00308826
0.00261254
0.00165106
0.00232044
0.00233242
0.00632343
0.00385164
0.00568131
0.00413321
0.00345519
0.00340644
0.00318534
0.00435857
0.00331103
0.00320468
0.00251415
0.00275965
0.00348849
0.00292959
0.00341321
0.00438756
0.00314132
0.000893055
0.000983773
0.00111064
0.000905027
0.00107173
0.000926444
0.00100797
0.00102551
0.000743716
0.000732971
0.000902773
0.000853868
0.000810953
0.000795536
0.000877023
0.000753297
0.000747749
0.000978373
0.00283187
0.00294486
0.00407689
0.00484191
0.00612966
0.00481711
0.00275499
0.00316418
0.0040643
0.00319391
0.00302198
0.00534531
0.00435454
0.00606524
0.00591909
0.00339992
0.0041907
0.00267926
0.00279522
0.00163281
0.00380397
0.00318917
0.00308392
0.0010405
0.00135886
0.001433
0.00136458
0.00144511
0.00136949
0.00144454
0.0014465
0.00140536
0.00146619
0.00142056
0.00137523
0.00141486
0.00102179
0.00102094
0.00107912
0.00126935
0.00116088
0.00141814
0.00245798
0.00178982
0.0028191
0.00177895
0.0031533
0.00115091
0.0011528
0.00257909
0.00184745
0.00104513
0.00197208
0.00291542
0.00197316
0.000793443
0.0015394
0.00196574
0.000957415
0.00247151
0.00278003
0.00318614
0.00227212
0.00288366
0.00351801
0.0020265
0.000833286
0.000853133
0.000866923
0.000600229
0.000649321
0.000635827
0.000824357
0.000841197
0.000641638
0.000662256
0.000681002
0.000764272
0.000714385
0.000816473
0.000648929
0.00286693
0.00269466
0.0201119
0.00187097
0.0147121
0.0176951
0.00404094
0.0197794
0.00552379
0.00690392
0.00557159
0.0139053
0.0139895
0.00895585
0.00978188
0.0129734
0.0115931
0.00496523
0.00499248
0.00681059
0.0121711
0.00887863
0.00686771
0.00854788
0.00432897
0.00329914
0.0124431
0.0103296
0.0161411
0.0154626
0.0179249
0.016665
0.0192507
0.0120194
0.0170794
0.00616385
0.00530541
0.0122453
0.014522
0.0147698
0.0139507
0.0088974
0.00739412
0.00657531
0.00468922
0.00846206
0.00808817
0.007825
0.00688214
0.00727572
0.0053841
0.00699065
0.00630287
0.00531651
0.00660543
0.00743481
0.00571319
0.00617785
0.00435284
0.00790877
0.00391146
0.00873096
0.00813216
0.00651377
0.00796409
0.00919483
0.00677149
0.00867172
0.0068839
0.015084
0.0184742
0.00672412
0.00918675
0.00533428
0.0165689
0.0100064
0.0141841
0.0105508
0.00897339
0.00779183
0.0121092
0.0120388
0.00770127
0.0103757
0.0111975
0.00721331
0.00998162
0.015279
0.0114989
0.00731085
0.017521
0.0156768
0.0100429
0.0102822
0.0103944
0.0105251
0.00908105
0.0108613
0.0109196
0.0118311
0.00843075
0.00759233
0.011226
0.0112109
0.0144257
0.00935339
0.01284
0.0117712
0.0112998
0.0117454
0.00816837
0.0122489
0.00893565
0.00853266
0.0117997
0.010231
0.0182951
0.0113018
0.0180821
0.013566
0.0090292
0.0154596
0.0144041
0.0110351
0.0153972
0.0174685
0.0177709
0.00580031
0.00747428
0.00877323
0.00771484
0.00869546
0.00720626
0.0114494
0.00573062
0.011363
0.00762152
0.00888292
0.00840663
0.00892149
0.00691595
0.00596208
0.00905507
0.0083207
0.00449023
0.00940262
0.00879625
0.00889661
0.0100026
0.00623406
0.00620928
0.006192
0.00648829
0.0069997
0.0047163
0.00502968
0.00866976
0.00845112
0.00943276
0.00758826
0.00639249
0.0148433
0.0148982
0.0131136
0.00539643
0.00433387
0.00689305
0.00847065
0.00841312
0.00930706
0.0086355
0.00662572
0.0066452
0.00797643
0.00660512
0.00745611
0.00745233
0.00467289
0.00799121
0.00804527
0.00735676
0.00732795
0.00802078
0.00406283
0.00735018
0.00646511
0.00793886
0.00852759
0.00597559
0.00774218
0.00867525
0.0148431
0.00491955
0.00829874
0.00841239
0.00644451
0.0064366
0.00727213
0.00698516
0.0070199
0.00626321
0.00651669
0.00675857
0.0071036
0.00727154
0.00742553
0.00728495
0.00840948
0.00775569
0.00838456
0.00772617
0.00803852
0.00656358
0.008137
0.00749542
0.00864316
0.00803816
0.00739339
0.00519562
0.00610146
0.00982412
0.00844406
0.00893678
0.00750725
0.00765632
0.00806202
0.00916261
0.00800158
0.0120242
0.0132076
0.00856231
0.0119523
0.00748823
0.00763528
0.0127988
0.00733484
0.0138136
0.00617563
0.00541988
0.00762805
0.00777472
0.00626832
0.00922531
0.00845848
0.00781301
0.0107544
0.010486
0.00845585
0.0111172
0.00520459
0.0063778
0.00661876
0.00668957
0.00768333
0.0073397
0.00700672
0.00741612
0.00669028
0.010487
0.00798664
0.00735698
0.00688794
0.00552155
0.00429201
0.00823586
0.00902482
0.00932361
0.00842605
0.00980623
0.0087276
0.00760088
0.00536449
0.00625108
0.00857114
0.00746278
0.00802537
0.00608086
0.00645381
0.00805306
0.00647898
0.00753141
0.0091879
0.00736419
0.007676
0.00702512
0.00732275
0.00693928
0.00619511
0.00708851
0.00900507
0.00675418
0.00708102
0.00801542
0.00749128
0.00598433
0.00720223
0.00589267
0.00650848
0.00894672
0.00688281
0.00563528
0.00368843
0.00717686
0.00363164
0.00628054
0.00478144
0.00727395
0.00665824
0.00733608
0.00514427
0.00636732
0.00425529
0.00592858
0.00562889
0.00575775
0.00395073
0.00695397
0.00716183
0.0060611
0.00637395
0.00759663
0.00737002
0.00757906
0.00269022
0.00265456
0.00257967
0.00337952
0.00249211
0.00279414
0.00248984
0.00304039
0.00241637
0.0028958
0.00296529
0.0028711
0.00272662
0.00282962
0.00367877
0.00251538
0.00290023
0.00302393
0.00302609
0.00313647
0.00622368
0.00380127
0.00290555
0.00296595
0.00315864
0.00360749
0.00294398
0.00295212
0.00269136
0.00306941
0.0031115
0.00295983
0.00316383
0.00305713
0.00336852
0.00282967
0.00364903
0.0013509
0.00195495
0.00273192
0.00178669
0.00145607
0.00164352
0.00065194
0.00184122
0.000866465
0.0025296
0.00184318
0.00078527
0.00243765
0.00220732
0.00189063
0.00293253
0.00216888
0.00210011
0.00248857
0.00296075
0.00257188
0.0028014
0.00272059
0.00373373
0.0039189
0.00241429
0.00219527
0.00280827
0.00288195
0.00292204
0.00277082
0.00216265
0.00315204
0.00236209
0.00331507
0.00221842
0.00239379
0.00314902
0.00557491
0.00100947
0.00218027
0.00148727
0.0015803
0.000970201
0.00148712
0.00158306
0.000833039
0.00152919
0.000744715
0.00111535
0.0034321
0.00335664
0.00349114
0.0038126
0.00358187
0.00397122
0.00355883
0.00322956
0.00320015
0.00340275
0.00322905
0.00345127
0.00317671
0.00326517
0.00419712
0.00292248
0.00337165
0.0031279
0.00381733
0.00390543
0.00292846
0.00306381
0.00330731
0.00342116
0.00296297
0.00302866
0.0075138
0.00437765
0.00399185
0.00407852
0.0044923
0.00338673
0.00380313
0.0050305
0.00335837
0.00391387
0.00304814
0.00316428
0.00334978
0.00431832
0.00375215
0.00445971
0.00600725
0.00652751
0.00635835
0.00567293
0.00396331
0.00436594
0.0033933
0.00478757
0.003451
0.00467318
0.00705529
0.00353406
0.0030843
0.00306001
0.00337008
0.00358225
0.00416601
0.00396242
0.00380242
0.00307418
0.00268083
0.00290635
0.00305217
0.00253676
0.00256404
0.00228136
0.0024259
0.00309715
0.00310993
0.00254583
0.00273144
0.00294246
0.00251272
0.00224978
0.0025741
0.00216341
0.00470081
0.00338162
0.0037729
0.00409667
0.00347532
0.00383027
0.00401264
0.00395881
0.00321307
0.00386803
0.00423596
0.00383168
0.00367137
0.00362493
0.00371381
0.00439161
0.0038198
0.00440903
0.00416312
0.00427346
0.00331826
0.00445082
0.00404202
0.00404287
0.00329915
0.00378731
0.00375416
0.0030984
0.00385361
0.00233289
0.00215053
0.00211873
0.00239748
0.00230284
0.00220776
0.00270644
0.0051964
0.00416259
0.0102442
0.0129938
0.00329491
0.00975145
0.00164814
0.00570777
0.00205439
0.00258437
0.00205888
0.00174568
0.00307081
0.00292561
0.00205004
0.00502813
0.00230021
0.0024282
0.00653856
0.00580735
0.0020136
0.0016968
0.00282992
0.00233106
0.00275646
0.00214934
0.00249605
0.00183831
0.00209244
0.0025338
0.00204473
0.00314863
0.00212283
0.00199632
0.00229148
0.00194049
0.00284478
0.00216949
0.0018955
0.00205409
0.00204174
0.00192945
0.00220921
0.00229421
0.00239814
0.00197416
0.00204843
0.00212219
0.00198101
0.00207274
0.00208432
0.00205384
0.00197688
0.00316857
0.00701529
0.00691224
0.0062235
0.00679596
0.00254849
0.00163522
0.0101568
0.00218961
0.00197092
0.00173456
0.00223088
0.00125999
0.0057644
0.0029036
0.00277289
0.000892584
0.000803407
0.000588392
0.000936395
0.000885057
0.00091203
0.0014533
0.00109553
0.00154844
0.0015522
0.00130233
0.00156791
0.00157025
0.0113468
0.0130165
0.00323817
0.00202217
0.00143156
0.00181452
0.0017468
0.00177047
0.00185469
0.00193697
0.00173002
0.00223923
0.0026415
0.0023926
0.00213727
0.00224684
0.00217128
0.00224778
0.0022952
0.00256848
0.00279505
0.00340013
0.00366008
0.00392307
0.00370738
0.00407716
0.00374259
0.00523502
0.00330398
0.003809
0.00334258
0.0035929
0.00334035
0.00338116
0.00346361
0.00317056
0.00401971
0.00269929
0.00341244
0.00300083
0.00346849
0.00352734
0.00311194
0.00334723
0.00236042
0.0036054
0.00334719
0.00213233
0.00379469
0.00404545
0.00373919
0.00623514
0.00512711
0.00202322
0.0124741
0.00767676
0.003591
0.00421702
0.00481684
0.00356931
0.0040113
0.00385529
0.0037197
0.00432161
0.00488798
0.00400456
0.00443966
0.00454419
0.00407607
0.00460879
0.00357069
0.00319625
0.00294457
0.00371904
0.00414224
0.0037972
0.00313431
0.00389977
0.00329336
0.00351507
0.00341814
0.00415555
0.0034266
0.00354403
0.00476497
0.00415212
0.00467307
0.00451901
0.00316742
0.00459156
0.00206179
0.00497093
0.00668067
0.00191337
0.00779764
0.00248989
0.00955002
0.00825617
0.00790655
0.00464
0.00829181
0.00604996
0.0118823
0.00261845
0.001103
0.00140166
0.00126581
0.00109505
0.00143196
0.00124606
0.00114511
0.00151696
0.001205
0.000761446
0.00092343
0.00104473
0.00106895
0.000965406
0.00113994
0.000977823
0.00102635
0.00101598
0.00111648
0.00128796
0.000958503
0.000959489
0.00328513
0.00442891
0.00363134
0.00322631
0.00760357
0.00349437
0.00484265
0.00363482
0.0047228
0.00402871
0.00822595
0.00346751
0.00319894
0.00410658
0.00431648
0.00461762
0.00634374
0.0052034
0.00623476
0.00661637
0.00678177
0.00466632
0.00503289
0.00551061
0.00380042
0.00569241
0.00359715
0.00742477
0.00684997
0.0038471
0.00475648
0.00380022
0.00461922
0.00515286
0.00562209
0.00290747
0.00301049
0.00354904
0.00377129
0.00426296
0.00382692
0.00501733
0.00409211
0.00388136
0.00393604
0.00436009
0.00442121
0.00514154
0.00524985
0.00516392
0.00578866
0.00440384
0.00451856
0.00550359
0.00499159
0.00657527
0.006576
0.0048863
0.00668032
0.00638849
0.00584448
0.00373573
0.00419625
0.00411959
0.00361467
0.0045155
0.00394148
0.0044683
0.00432481
0.00525834
0.00562973
0.00571311
0.00556705
0.00542938
0.0066044
0.00448721
0.00425564
0.00495288
0.00618667
0.00632685
0.00438667
0.0050949
0.0046393
0.00488389
0.0044466
0.00451076
0.00456187
0.00423491
0.00306919
0.00182183
0.00301082
0.00184788
0.00277677
0.00262347
0.002924
0.00334846
0.00268984
0.00336564
0.00292772
0.00304647
0.00279181
0.00354935
0.0039715
0.00467246
0.00424792
0.00516536
0.0042844
0.00518323
0.00483971
0.00444039
0.00401552
0.00315166
0.0034015
0.0043163
0.00344769
0.00377365
0.00381961
0.00372255
0.00353289
0.00411679
0.00440524
0.00460961
0.00522869
0.00460626
0.00523209
0.0041045
0.0046436
0.00373206
0.00363041
0.00402326
0.00385933
0.00433567
0.00401003
0.0037725
0.00482684
0.00410849
0.00519566
0.00417328
0.00413436
0.00510855
0.00376333
0.00422167
0.00348808
0.0037033
0.00440653
0.00464695
0.00518944
0.00474202
0.00505742
0.00455456
0.00538199
0.00449659
0.00430021
0.00453731
0.00625821
0.00496721
0.0044105
0.00402209
0.00446609
0.00451314
0.00593686
0.00566123
0.00606576
0.00431641
0.00520227
0.00388873
0.00842713
0.00439297
0.00400066
0.00982053
0.00579548
0.0060123
0.00451191
0.00548496
0.00457198
0.00574007
0.00456546
0.00428165
0.00363703
0.00316834
0.00435007
0.00365642
0.00437216
0.00455564
0.00350271
0.00404211
0.00346456
0.0036825
0.00458575
0.00399326
0.0063649
0.00391315
0.00397586
0.00436377
0.0041177
0.00339585
0.00391157
0.00417583
0.00453697
0.00556364
0.00661035
0.00550189
0.00594561
0.0111539
0.00659943
0.0106632
0.00431081
0.00569941
0.00541916
0.00595319
0.0041815
0.00550432
0.00591614
0.00657847
0.00692814
0.00609912
0.0077609
0.00532403
0.0053068
0.00697161
0.0068916
0.00812515
0.00647843
0.0109028
0.00821902
0.00808773
0.00914954
0.0098781
0.00709314
0.0070083
0.00638944
0.00625688
0.00609839
0.00672387
0.00558166
0.00440909
0.00702751
0.00708931
0.00774621
0.00401405
0.00730599
0.00535971
0.00574009
0.00472616
0.00493082
0.0050111
0.00651553
0.00765189
0.00468783
0.00532301
0.0062377
0.00883187
0.00735615
0.00626644
0.00443848
0.00442295
0.00424983
0.00512821
0.00613532
0.00666227
0.00620655
0.00550656
0.00501317
0.00631482
0.00373754
0.00675213
0.00485194
0.00535905
0.00525111
0.00695955
0.00672389
0.0043157
0.00586367
0.0106133
0.00588471
0.00373237
0.00521733
0.0027521
0.00272181
0.00327606
0.00362957
0.00418139
0.00326243
0.00530067
0.00537088
0.00419556
0.00412787
0.00495229
0.00448443
0.00546879
0.0046485
0.00415328
0.00530007
0.00592139
0.00485212
0.00424632
0.00468113
0.00605926
0.00500789
0.00462408
0.00554601
0.00702058
0.00507316
0.0031174
0.00390112
0.00364385
0.00434176
0.00376594
0.00369715
0.00355377
0.00314025
0.00328806
0.00526749
0.0054403
0.00784379
0.0056927
0.00722375
0.00546636
0.0053727
0.00551902
0.00461692
0.00335055
0.00327594
0.00439533
0.00337408
0.00315889
0.00358639
0.00747265
0.00711267
0.00631028
0.00332011
0.00347326
0.00362405
0.0053218
0.0054735
0.00467026
0.00305493
0.00224021
0.0020392
0.00255263
0.00544217
0.00575295
0.00306626
0.00245763
0.00358721
0.00564372
0.00729064
0.00642683
0.00571739
0.00551839
0.00693642
0.00680199
0.00488826
0.00394381
0.00503066
0.00664586
0.00479947
0.00348904
0.00540381
0.00738015
0.00571108
0.0066987
0.0067249
0.00611024
0.00544169
0.00591463
0.00706616
0.00704443
0.0058138
0.00682665
0.00657879
0.00610859
0.00750604
0.00613209
0.00583642
0.00740945
0.00589263
0.00625391
0.00689549
0.0076818
0.00370339
0.00340092
0.00466785
0.00359701
0.00416351
0.00397147
0.0043122
0.00379903
0.00470674
0.00416541
0.00453412
0.00414307
0.00406167
0.00581454
0.00695268
0.0057513
0.00519284
0.00500932
0.00768955
0.00463248
0.00746536
0.00746345
0.00536358
0.00534184
0.00473655
0.00461556
0.00303935
0.00406353
0.0046304
0.00346899
0.00385
0.00615755
0.00393281
0.00431648
0.00445423
0.00582536
0.00530672
0.00590131
0.00709861
0.00610516
0.00742981
0.00669198
0.00705274
0.00416282
0.00491772
0.00630802
0.00547536
0.00503285
0.00535864
0.00421258
0.0042766
0.00433455
0.00427836
0.00420891
0.00597982
0.0050774
0.00564194
0.00570996
0.00431137
0.00483616
0.00372624
0.00409453
0.00460428
0.00527372
0.00520261
0.00718027
0.00411797
0.00370773
0.006227
0.00551052
0.0046653
0.00650868
0.00340973
0.00555543
0.00679258
0.00722969
0.00488169
0.00111938
0.0012609
0.00115849
0.00122855
0.00131535
0.0014449
0.00128688
0.00133403
0.00192533
0.00196385
0.00231655
0.00250747
0.00225864
0.00557024
0.00667391
0.00510196
0.00561278
0.00664096
0.00538771
0.00468741
0.00540682
0.00582587
0.00531646
0.0043671
0.00569074
0.00515486
0.0050385
0.00746823
0.0046356
0.00412938
0.00454331
0.00459256
0.00367542
0.00393696
0.00396782
0.00379333
0.0050975
0.00359716
0.00740491
0.00637144
0.00559681
0.00543964
0.00508836
0.00482916
0.00538016
0.00591195
0.00655757
0.00502673
0.00114859
0.000919482
0.00109072
0.000922656
0.0011092
0.00911651
0.00870146
0.00834163
0.00612566
0.00656004
0.008057
0.00630357
0.00583199
0.00654692
0.00625109
0.0077527
0.00753665
0.00804651
0.00891444
0.007966
0.00746582
0.01056
0.00961194
0.00996245
0.00795807
0.00931304
0.00829403
0.00898867
0.00777218
0.00715886
0.00743602
0.00852936
0.00779517
0.00918513
0.0097826
0.0104211
0.00831499
0.0102544
0.00966835
0.00925146
0.00902568
0.00575253
0.0062935
0.00539851
0.0072485
0.00443348
0.00479579
0.00538416
0.00481501
0.00684185
0.0047653
0.00753914
0.00949684
0.00582313
0.00521671
0.00986813
0.009497
0.00949018
0.00676192
0.0077595
0.00695088
0.005165
0.00448212
0.00384074
0.0042141
0.00355954
0.00730028
0.00390556
0.00363641
0.00724303
0.00586664
0.00633881
0.00550827
0.0048868
0.00415476
0.0052576
0.00491055
0.00909933
0.00906005
0.00782349
0.00506614
0.00485392
0.00757579
0.00486895
0.0048421
0.00539237
0.00611725
0.00857197
0.00978741
0.00865578
0.00835603
0.0101145
0.00775474
0.0066572
0.00854893
0.00905093
0.00642119
0.00805659
0.00586069
0.00760973
0.00709611
0.00629796
0.007121
0.00559684
0.00598414
0.00769331
0.00439112
0.00473139
0.00644765
0.0041854
0.00453288
0.00514429
0.00484649
0.00447685
0.00514954
0.00617822
0.00476961
0.00556333
0.00638122
0.00634346
0.00684677
0.0064852
0.00613269
0.00713904
0.00703433
0.00796635
0.00583632
0.00734645
0.00796224
0.0102295
0.0102501
0.010283
0.0100537
0.00727959
0.00874195
0.00708623
0.00811619
0.0103892
0.00866619
0.0100003
0.0106815
0.0125209
0.0110495
0.00977047
0.0105343
0.0108376
0.00745354
0.00698736
0.00935043
0.00630587
0.00790015
0.0112093
0.00508776
0.00737341
0.00517199
0.00671516
0.00446637
0.00504423
0.0043008
0.00599467
0.00547954
0.00611466
0.00693482
0.00590031
0.00434089
0.00383298
0.00395573
0.00375853
0.00391071
0.00408991
0.00666957
0.00447777
0.00546029
0.00364405
0.00411417
0.00515252
0.00544156
0.00615497
0.00416677
0.00553005
0.0066778
0.00752682
0.00394345
0.00559685
0.00500165
0.00428612
0.0042369
0.00434206
0.00442165
0.00479528
0.00622462
0.00823737
0.00716669
0.004743
0.00505831
0.0062956
0.00532317
0.00536449
0.0054078
0.00665816
0.00718302
0.00815495
0.00753546
0.00735646
0.00510401
0.00567895
0.00539622
0.0061534
0.0055651
0.00688556
0.00674376
0.00609403
0.00609617
0.00509724
0.00553773
0.00695848
0.00604611
0.00531552
0.00536632
0.00713703
0.00540613
0.00700614
0.00447145
0.00438501
0.00446102
0.00354231
0.00455535
0.0029303
0.00304648
0.00332599
0.00417661
0.00401532
0.00351316
0.00216675
0.00190673
0.00290383
0.00238289
0.00271455
0.00280577
0.00303034
0.00350553
0.00238556
0.00298566
0.0036191
0.00380475
0.00424283
0.00418008
0.00435909
0.00520728
0.00562319
0.00581271
0.000998504
0.000628909
0.000724776
0.000776701
0.000980043
0.00064104
0.000767463
0.000804764
0.00220307
0.00248353
0.00252483
0.00241037
0.00285594
0.00259339
0.00262564
0.00249004
0.00181648
0.00210898
0.00183757
0.00174867
0.00202904
0.00258535
0.000960098
0.0027301
0.0016066
0.00120447
0.00267451
0.000765384
0.000598322
0.000675115
0.000818226
0.00119826
0.000594389
0.00115526
0.00145812
0.00150938
0.00240724
0.00223849
0.00274103
0.00297031
0.00284223
0.00301592
0.00240484
0.00250156
0.00221256
0.00186789
0.00207165
0.00265348
0.00211319
0.000772346
0.000878473
0.000919729
0.000777593
0.000856557
0.00118804
0.000862828
0.00071913
0.00086948
0.000611617
0.000973186
0.000948161
0.00138179
0.000724324
0.000734018
0.000725779
0.00115379
0.000767515
0.00306622
0.00357528
0.0046707
0.00341237
0.00314424
0.0032108
0.00311317
0.00265053
0.00210904
0.00189619
0.00197432
0.00216989
0.00182636
0.00259212
0.00252676
0.00310239
0.00306067
0.00257115
0.00238272
0.0027978
0.00231182
0.00323157
0.00264465
0.00254389
0.00274244
0.00258147
0.00262347
0.00303022
0.00256351
0.00277016
0.0030056
0.00294731
0.00288566
0.00274855
0.00278639
0.00297812
0.00324788
0.00376334
0.00407528
0.00312424
0.00382849
0.00376319
0.0048204
0.00363859
0.00441986
0.00318168
0.0029996
0.00335456
0.00511956
0.00424657
0.00417799
0.00379555
0.00367185
0.00586486
0.0057064
0.00601587
0.0069275
0.00510831
0.00595227
0.00698869
0.00745474
0.0065328
0.00725151
0.00712089
0.00547373
0.00658522
0.00292606
0.00306795
0.00256309
0.00315093
0.00313664
0.003267
0.00315644
0.00319969
0.00507866
0.00276568
0.00486629
0.00559084
0.00357999
0.00337975
0.00387264
0.00587652
0.005534
0.00627408
0.00645375
0.00636587
0.006177
0.0076343
0.00128535
0.00140093
0.00151144
0.00175836
0.00127457
0.00168956
0.00170077
0.00131651
0.00173335
0.00193501
0.00629795
0.00451047
0.00442993
0.00362855
0.00377045
0.0104356
0.00817358
0.00686
0.0132046
0.00948377
0.00635756
0.0056024
0.00610327
0.00474548
0.00515824
0.0053919
0.00660298
0.00533981
0.00696813
0.0069591
0.0044321
0.00527685
0.00527648
0.00518274
0.00893819
0.0063091
0.00669851
0.00590744
0.004137
0.00740057
0.00692298
0.0104432
0.011676
0.00891641
0.0101357
0.0120366
0.0100441
0.0128728
0.00854335
0.00786712
0.00938599
0.0118377
0.0126875
0.0111392
0.0103687
0.0110928
0.00686873
0.00740607
0.00741036
0.00273348
0.00288845
0.00278226
0.00303468
0.00325471
0.00316142
0.00306173
0.0035269
0.00352522
0.00334387
0.0043434
0.00335406
0.003345
0.00513153
0.00731823
0.00606207
0.00627664
0.00748909
0.00706464
0.00645515
0.00794272
0.00857246
0.00802447
0.0081366
0.00812793
0.00775486
0.00713209
0.00611629
0.00780732
0.00658265
0.00792831
0.00775392
0.00092307
0.000914196
0.000918248
0.000900302
0.000922041
0.00444481
0.000801406
0.00152273
0.00740163
0.00194816
0.00169774
0.000816811
0.00209206
0.00173838
0.000871164
0.000829094
0.000893704
0.00089464
0.000902794
0.000852768
0.0015517
0.000825256
0.000881131
0.000798706
0.000814924
0.000890897
0.000907003
0.000921192
0.00144015
0.000824436
0.000807343
0.00167777
0.00101453
0.000948284
0.000815237
0.00354551
0.000879391
0.000908961
0.00819224
0.0117738
0.000879313
0.00166214
0.000811265
0.00206624
0.000800464
0.0014832
0.000859157
0.00151406
0.00115043
0.00077911
0.000844938
0.000910492
0.000784643
0.000812042
0.00131463
0.00115304
0.000850029
0.000816686
0.000794411
0.000784719
0.000794915
0.000864098
0.00119412
0.00116952
0.000885168
0.0127773
0.00087758
0.000826001
0.000780204
0.000778947
0.000896228
0.00783036
0.00103803
0.000780413
0.000815049
0.000871584
0.000808013
0.00131302
0.000776117
0.000802665
0.000800293
0.000874328
0.000792545
0.000795921
0.0012125
0.000920091
0.00112417
0.000965518
0.00171867
0.00101443
0.00102613
0.0015766
0.00131391
0.00119013
0.00164107
0.00156558
0.00165736
0.000820053
0.00139101
0.000806308
0.00119249
0.00168211
0.000816314
0.000791513
0.000795003
0.000986475
0.000847857
0.000818923
0.000826125
0.00118281
0.00088291
0.000872345
0.000903358
0.00175816
0.000897893
0.00100863
0.000933227
0.00078498
0.000808926
0.00325173
0.000819866
0.000804363
0.000836915
0.000730019
0.00114101
0.00102511
0.00101711
0.0010206
0.00106756
0.000759426
0.000927203
0.00100371
0.00113965
0.000941746
0.00237597
0.002544
0.00264202
0.00331419
0.00231543
0.00397124
0.00352789
0.00831736
0.00774418
0.00848853
0.00719867
0.00740172
0.00685592
0.00796381
0.00784082
0.00739005
0.00699811
0.00229287
0.00298624
0.00291019
0.00480513
0.00333264
0.0061838
0.00774576
0.00875976
0.00870587
0.00165196
0.00189186
0.00172156
0.00254997
0.00278067
0.00266256
0.00136596
0.00193799
0.00142236
0.00245439
0.00210331
0.00285401
0.00287136
0.00131854
0.00181094
0.00134648
0.00151406
0.00182744
0.00133032
0.00126847
0.00160579
0.00166073
0.00169409
0.00281585
0.00195539
0.00246458
0.00332857
0.00232822
0.021304
0.011162
0.0226425
0.0200575
0.0105747
0.0155272
0.00953191
0.00207419
0.00162389
0.00193635
0.00352133
0.00228328
0.00289803
0.00323484
0.00268506
0.000781107
0.000815825
0.000792177
0.000827845
0.00104438
0.00475018
0.000807232
0.000841595
0.000787141
0.00085891
0.00404258
0.00863706
0.00136259
0.000831475
0.00088861
0.000801121
0.000883939
0.00159208
0.000827426
0.000794519
0.000857505
0.000894495
0.00137703
0.000829814
0.000867691
0.000821616
0.00088582
0.000873016
0.00083017
0.000841602
0.0012507
0.000803835
0.000825967
0.000849702
0.00117815
0.000852402
0.000895274
0.000883495
0.000805443
0.00861033
0.00113867
0.000877542
0.000865882
0.000885522
0.000876405
0.000792741
0.000718726
0.001276
0.00114041
0.00163458
0.00140498
0.00206442
0.00200387
0.00197763
0.00200248
0.000676546
0.000622723
0.000663757
0.000644403
0.000607494
0.000622408
0.000694581
0.00311389
0.00441449
0.00318114
0.00360453
0.0057788
0.00137366
0.00174154
0.00191957
0.00152256
0.00190088
0.00470919
0.00473372
0.00731206
0.00472921
0.00504228
0.00706619
0.00710827
0.00645955
0.00465798
0.00474134
0.00525986
0.00461234
0.00479406
0.00430986
0.00443559
0.00559253
0.00525062
0.00549493
0.00458832
0.00600707
0.00606862
0.00652101
0.00774802
0.0056185
0.00469388
0.00548707
0.00519528
0.00437872
0.0057269
0.0069119
0.00464408
0.0065044
0.00597902
0.00556243
0.00607814
0.0067967
0.00377219
0.0037901
0.00351061
0.00368049
0.00864363
0.00701915
0.0070339
0.0101829
0.00909028
0.00886154
0.00649173
0.0101466
0.00862365
0.0107347
0.0150675
0.0162844
0.00525257
0.00760294
0.00670845
0.00898386
0.00593069
0.00783712
0.00642959
0.0114527
0.00601574
0.00211518
0.00395614
0.00471922
0.00671514
0.00540727
0.00521007
0.00637946
0.00528935
0.00563914
0.00648506
0.00481583
0.00383688
0.00491643
0.00661793
0.00570623
0.00622562
0.00647761
0.00578916
0.00624839
0.00461699
0.00476479
0.00700076
0.00733015
0.00807644
0.0066375
0.00637763
0.00654215
0.00593563
0.00195169
0.000832058
0.00139507
0.0011312
0.000807157
0.00080661
0.00156843
0.000709796
0.0019358
0.00191044
0.00160971
0.00134217
0.00106564
0.0015549
0.00618793
0.00628152
0.00899684
0.0058202
0.00653186
0.00678273
0.00580574
0.0113387
0.00512617
0.00988548
0.00482072
0.0041421
0.00403041
0.00467051
0.00427986
0.0091759
0.00642326
0.00521832
0.0085327
0.00450962
0.00526506
0.00588847
0.00633001
0.00619365
0.00635336
0.00679051
0.00695124
0.00663813
0.00984295
0.00474717
0.00476325
0.005388
0.00610452
0.00528298
0.00467766
0.00692901
0.00470332
0.00403308
0.00375698
0.00419439
0.00394876
0.00485156
0.005823
0.00458733
0.00464336
0.00406495
0.00481119
0.0052951
0.00586976
0.00647215
0.00619723
0.00393069
0.00650962
0.00831359
0.00530672
0.00655167
0.0081558
0.00608876
0.0053009
0.00510342
0.00809972
0.00812809
0.00512026
0.00495302
0.00631685
0.0060689
0.00533694
0.00430412
0.0039766
0.00568829
0.00480228
0.0047959
0.00427001
0.0043149
0.00440782
0.00405165
0.00371423
0.0035639
0.00442807
0.00488756
0.00584364
0.00561244
0.00666287
0.0064093
0.00727979
0.00628661
0.00563507
0.00659727
0.00972995
0.0113523
0.00827484
0.0063073
0.00775822
0.00513365
0.00906095
0.00975172
0.0113227
0.00811393
0.00949372
0.00973439
0.00967394
0.0121562
0.0113554
0.0111483
0.00966438
0.0137852
0.00742314
0.00470647
0.0136002
0.0143289
0.00495841
0.00576187
0.0079081
0.00910891
0.00854768
0.0108669
0.0120475
0.00488711
0.00856445
0.0103094
0.0062722
0.00975384
0.0102303
0.0108883
0.00982157
0.00165016
0.00124814
0.00113278
0.00085111
0.00120087
0.000979901
0.00141775
0.00113356
0.00143618
0.0014536
0.00128071
0.00151442
0.00117729
0.00131812
0.00131022
0.0045693
0.00420475
0.00476888
0.00589035
0.00580831
0.001363
0.00141826
0.00109357
0.00106728
0.000911144
0.00110246
0.000778726
0.000956021
0.000949495
0.000800665
0.00124059
0.000900405
0.0136923
0.0153265
0.00161761
0.00126002
0.001657
0.00107131
0.00112601
0.0022144
0.00156505
0.00150877
0.00475222
0.00420633
0.00435322
0.00509494
0.00434839
0.00413607
0.00433918
0.00481752
0.0040981
0.00432032
0.00440586
0.00345752
0.00724322
0.00615138
0.00446979
0.00515021
0.00546932
0.00122754
0.00210817
0.00228473
0.00186005
0.0168059
0.0018956
0.0158895
0.00324548
0.000967083
0.00427193
0.00400386
0.00653627
0.000842526
0.000990838
0.000870274
0.00348341
0.00295511
0.00101396
0.00221133
0.00658022
0.00136163
0.00109878
0.00114611
0.00111979
0.000836833
0.00119075
0.00412503
0.00608624
0.00782684
0.00128386
0.00509459
0.00930553
0.00105302
0.00989873
0.00116648
0.0119131
0.013013
0.00516694
0.0140921
0.00735428
0.0120837
0.0114192
0.00823318
0.00126829
0.000679902
0.00166413
0.0015917
0.00191318
0.000678661
0.00170469
0.0110112
0.00774997
0.00709947
0.00642446
0.00334103
0.0129046
0.00595403
0.0104787
0.00650575
0.00141056
0.00597242
0.0117624
0.0154215
0.011199
0.0042112
0.00391786
0.00344374
0.00288145
0.00342871
0.00321895
0.00367692
0.00362248
0.00343022
0.00282548
0.00295685
0.00265221
0.00309456
0.0031739
0.00375032
0.00252985
0.00257829
0.00229666
0.00200631
0.00240978
0.00201646
0.00246057
0.00252524
0.00154193
0.0019991
0.00156735
0.0011233
0.0012373
0.00122498
0.00217806
0.00217615
0.00215878
0.00208061
0.00231549
0.00298734
0.00200264
0.00308462
0.00226418
0.0021619
0.00204312
0.00251982
0.00208589
0.00173029
0.005317
0.00114654
0.00135222
0.00191443
0.00175672
0.00176118
0.00135014
0.00113967
0.00108856
0.00111701
0.00139891
0.000846322
0.000877737
0.000887407
0.00081858
0.000824538
0.000862188
0.000903611
0.000902042
0.000906095
0.000901997
0.000905043
0.000906839
0.00090773
0.00529822
0.00466193
0.00608357
0.00610492
0.00505898
0.00572006
0.00630929
0.00480634
0.00573909
0.0112092
0.00558233
0.0116055
0.0100199
0.0105556
0.0101253
0.00690666
0.00817465
0.00829456
0.00551598
0.00903628
0.00622635
0.00774732
0.00779688
0.00593338
0.00700316
0.00556017
0.00618556
0.0062054
0.00818081
0.00697772
0.00559898
0.0049796
0.00557942
0.00593233
0.00513703
0.00504372
0.00421726
0.00522583
0.00414839
0.00515957
0.00497722
0.00976737
0.00562373
0.00604226
0.0107407
0.00708133
0.00728283
0.00537178
0.00542966
0.00509286
0.00287837
0.00270909
0.0046567
0.00345729
0.00314006
0.00444053
0.00390568
0.00385447
0.0056761
0.00603474
0.00620871
0.00512159
0.00625601
0.00716858
0.0055119
0.00710317
0.00353858
0.00375536
0.00449771
0.00400982
0.00251216
0.00248151
0.00564667
0.00469202
0.00258166
0.00306592
0.00368286
0.00539826
0.00681127
0.00525471
0.00656457
0.0130689
0.00646258
0.00725862
0.0136281
0.0100379
0.00211267
0.00212162
0.00215173
0.00207177
0.00212568
0.00207722
0.00355432
0.00411513
0.0056524
0.00550533
0.00428416
0.00419323
0.00528114
0.00488904
0.00470895
0.00568534
0.00231853
0.00255691
0.00234305
0.00239351
0.00250733
0.00132641
0.0009231
0.000922508
0.000925637
0.000921953
0.000922335
0.000912096
0.000909645
0.000872806
0.000908486
0.00084104
0.000903353
0.000906543
0.000908853
0.000912195
0.000904851
0.000912365
0.000910618
0.000911468
0.0009087
0.0050913
0.00481647
0.00509958
0.00538932
0.00568477
0.00408857
0.00522696
0.00422352
0.0056306
0.00519011
0.00541125
0.00464823
0.000808622
0.000997015
0.000915427
0.00098052
0.00101458
0.000902585
0.000869867
0.000666239
0.00113492
0.00714649
0.00750445
0.00893448
0.0070914
0.00666782
0.00560511
0.00617763
0.00721083
0.00683668
0.00749277
0.00588067
0.00312573
0.00124982
0.00121581
0.00868714
0.00178357
0.00714111
0.000913295
0.00222904
0.00158976
0.00167155
0.00124066
0.00159918
0.00164283
0.00429491
0.00385979
0.00462309
0.00476816
0.00417409
0.00394315
0.00573374
0.00452595
0.00826682
0.00823726
0.00968493
0.00891028
0.00797531
0.00448832
0.00358767
0.00439957
0.00386686
0.00311212
0.00415972
0.00315159
0.00856161
0.00778688
0.00571957
0.00485057
0.00617875
0.00587666
0.00710566
0.00471864
0.00102203
0.000887509
0.00157518
0.00124499
0.000912927
0.000857353
0.000929164
0.00142669
0.00160224
0.000816655
0.000852956
0.00188467
0.0019507
0.000906225
0.000845823
0.000837857
0.000903476
0.000860863
0.000874308
0.000919229
0.00086574
0.000870117
0.00410089
0.0040683
0.00586732
0.00473853
0.00289453
0.00546109
0.0067761
0.00673553
0.00444078
0.00446958
0.00490035
0.00290877
0.00258017
0.00271571
0.00345271
0.00260927
0.00209904
0.00226915
0.00229503
0.00254348
0.00477071
0.00464055
0.00508764
0.00446798
0.00449509
0.00434579
0.00598918
0.00517888
0.00164624
0.000916305
0.00138615
0.00094941
0.00213722
0.00162103
0.00178969
0.0013642
0.00129714
0.000750946
0.00150889
0.000831081
0.00159329
0.00213757
0.00105774
0.00263575
0.00212566
0.00410379
0.00215872
0.0029782
0.00180521
0.00520047
0.00611105
0.00306832
0.00277637
0.003489
0.00318997
0.00691477
0.00660115
0.00606135
0.00629228
0.00421761
0.00716931
0.0049684
0.00684031
0.00643834
0.00559617
0.00556793
0.0056659
0.00528569
0.007493
0.00573665
0.00836361
0.00804293
0.00908033
0.00867581
0.0093501
0.00920732
0.00954059
0.0051562
0.00497956
0.00569974
0.005741
0.00937172
0.00468233
0.00698275
0.00700964
0.00359226
0.00349188
0.00318387
0.00302923
0.00301177
0.00447521
0.00392224
0.00459228
0.00514575
0.00494195
0.00498042
0.00742494
0.00397456
0.00467357
0.00396084
0.00480453
0.00558786
0.00543164
0.00616522
0.0055671
0.00633148
0.00618704
0.00554051
0.00629479
0.00605945
0.00686655
0.00575262
0.00864959
0.0056287
0.00510034
0.00690249
0.00602896
0.00741965
0.00711217
0.00474464
0.00423855
0.00494861
0.00741096
0.00463747
0.00524705
0.00577772
0.00548641
0.00573828
0.00571783
0.00573793
0.00579219
0.00562477
0.00606876
0.00557965
0.0024945
0.00625485
0.00337995
0.00452564
0.00495635
0.0032133
0.0054432
0.00688417
0.00687915
0.00847918
0.00592928
0.00713214
0.00763084
0.00669375
0.00571348
0.00643665
0.00889432
0.0107036
0.00926465
0.00713832
0.00910269
0.00579747
0.00780512
0.00638006
0.00794906
0.0080649
0.00789518
0.00728373
0.00735895
0.00709669
0.00659256
0.00641963
0.00589166
0.00587494
0.00690281
0.00673736
0.00753877
0.00668191
0.00892813
0.00897877
0.00793532
0.00621915
0.00681798
0.00749588
0.00715917
0.00829983
0.00804913
0.00460854
0.00488546
0.00512146
0.0059988
0.00537239
0.00663151
0.00711761
0.00569987
0.00599083
0.00616197
0.0067176
0.00579915
0.00665397
0.00810354
0.00627704
0.00570299
0.00643297
0.00600306
0.00659203
0.00588222
0.00554774
0.0048552
0.0057097
0.0064537
0.00437934
0.00349815
0.00458254
0.00448555
0.00508449
0.00282745
0.00308175
0.00293581
0.00293791
0.00310893
0.00362647
0.00334807
0.0049193
0.00501618
0.00601737
0.00496295
0.00597908
0.00550443
0.00586345
0.00523758
0.00618687
0.00594802
0.00631297
0.00518397
0.0046141
0.00527345
0.00576514
0.005448
0.00617563
0.00589027
0.0063458
0.00418365
0.0049492
0.00489308
0.00365036
0.00452052
0.00414169
0.00382006
0.00450552
0.00444594
0.00439581
0.00491803
0.00398076
0.0061402
0.00426671
0.00479241
0.0038267
0.00398776
0.00345937
0.00383402
0.00380059
0.00359118
0.00376084
0.00406627
0.00302751
0.00546951
0.00535416
0.00502921
0.00489315
0.00499244
0.00492267
0.00139365
0.00937602
0.00467084
0.0106771
0.0124676
0.00677362
0.00628524
0.00749308
0.00683509
0.00756363
0.0092962
0.00736975
0.00632036
0.00518202
0.00522867
0.00487308
0.00488346
0.00579784
0.0071642
0.00548903
0.00670769
0.00549652
0.005396
0.0059067
0.00288903
0.00268113
0.00306774
0.00319547
0.00341398
0.0034664
0.00466109
0.0053852
0.00415222
0.00530318
0.00372189
0.0035917
0.00431444
0.000951531
0.000946184
0.000862618
0.000913138
0.000796968
0.00293121
0.00596051
0.00296393
0.00915364
0.00297595
0.00270141
0.00258879
0.00504328
0.00394081
0.00303208
0.00301594
0.00211809
0.00232595
0.000833996
0.00322964
0.00321635
0.000810907
0.00119119
0.00164691
0.000780964
0.00245216
0.00309741
0.00275622
0.00225422
0.00194096
0.00189909
0.00209679
0.00189413
0.00217451
0.0018057
0.00345101
0.00289444
0.00273426
0.00255035
0.0019084
0.00245287
0.00553312
0.00171727
0.00275408
0.00309528
0.00243407
0.00258197
0.0027535
0.00289009
0.0028669
0.00275732
0.00191439
0.00196312
0.00209131
0.00179832
0.00168349
0.00199406
0.00163795
0.00172036
0.00484052
0.00430867
0.00453834
0.00481656
0.00538899
0.00567756
0.00517221
0.00623558
0.00480091
0.00500917
0.00478438
0.00469247
0.00421158
0.00478147
0.00418921
0.00374713
0.00405568
0.0054441
0.00665562
0.00625855
0.00560567
0.00685907
0.00599716
0.00560036
0.00542123
0.00572371
0.00576821
0.0067947
0.00649676
0.00578294
0.0064224
0.00596922
0.00604139
0.00813984
0.00722433
0.0083856
0.007227
0.00743735
0.00714995
0.00630028
0.00604381
0.00553816
0.00492398
0.00714849
0.00273518
0.00399699
0.00396755
0.00416134
0.00390186
0.0043413
0.00470892
0.00288564
0.00238218
0.00217201
0.00231051
0.00288192
0.00305071
0.00257377
0.00251574
0.00211791
0.00229126
0.00261511
0.00357633
0.00331666
0.00299264
0.000698955
0.00284845
0.00344018
0.00440453
0.00329914
0.00401218
0.00368349
0.00393852
0.0037126
0.00394553
0.00321808
0.00403242
0.00387942
0.00409453
0.0028968
0.00410251
0.00406583
0.00261595
0.00340333
0.0026
0.00193467
0.00266874
0.00241842
0.00225797
0.00239633
0.00187853
0.00237985
0.00251325
0.00205262
0.00398559
0.00306295
0.0038099
0.00197863
0.00384192
0.0039519
0.00291564
0.00219635
0.00305237
0.00357375
0.00352716
0.0034785
0.00280394
0.00235203
0.00359596
0.00265932
0.0031817
0.00574843
0.00631427
0.00658621
0.00673676
0.00628122
0.00645445
0.00856846
0.00844984
0.0075266
0.00733032
0.00770102
0.00823794
0.00666203
0.00626136
0.00689945
0.00697772
0.00725049
0.00684423
0.00618411
0.00709448
0.00557255
0.00647937
0.00594706
0.00636826
0.00653534
0.0048901
0.00588351
0.00661983
0.00639039
0.00762881
0.00741128
0.00620676
0.00754215
0.00661371
0.0079843
0.00676947
0.00739754
0.00603462
0.00715743
0.00634566
0.0079371
0.00838982
0.00707062
0.00755688
0.00707681
0.0067193
0.00736088
0.00856144
0.00682853
0.00539361
0.00646334
0.00651645
0.00770466
0.00685193
0.00832292
0.007061
0.00708266
0.00674573
0.00731497
0.00557363
0.00614129
0.00542532
0.00558815
0.00732647
0.00673323
0.00527344
0.00305896
0.00665713
0.0072022
0.00639137
0.00406901
0.00850571
0.00810204
0.00623666
0.00679116
0.00771159
0.00797519
0.00820998
0.00689837
0.00689169
0.0059325
0.00765178
0.00793146
0.00589918
0.0123765
0.00989568
0.00847783
0.00778468
0.011243
0.01048
0.00329867
0.0037262
0.00856862
0.00806564
0.00826805
0.0102284
0.0105208
0.00711258
0.00815867
0.00795273
0.0082572
0.00780992
0.00900735
0.00703078
0.011539
0.00326566
0.0054082
0.00603547
0.00309922
0.00496901
0.00516126
0.00528166
0.00303848
0.00552885
0.00638487
0.00569114
0.00591475
0.00619152
0.00800336
0.00492153
0.0049575
0.0061096
0.00602031
0.00547798
0.00439891
0.00729143
0.00338359
0.00547767
0.00351092
0.00457065
0.00526276
0.0040849
0.00900565
0.0105126
0.00803999
0.0162638
0.012431
0.0094483
0.00955926
0.00908215
0.012964
0.00956222
0.00928682
0.00531793
0.00871928
0.00740642
0.0117513
0.0116165
0.0124726
0.012805
0.0151936
0.014383
0.0134105
0.00857586
0.00828945
0.00971728
0.00422833
0.0103269
0.00864299
0.0078227
0.0180099
0.0158793
0.0109323
0.00792088
0.00671063
0.00745964
0.00747038
0.00621776
0.00424438
0.00654202
0.00703725
0.00615549
0.0065386
0.00919025
0.0077923
0.00870085
0.00916441
0.0115566
0.010689
0.0113373
0.0152547
0.013468
0.0132083
0.014578
0.0142537
0.013488
0.00992582
0.00990068
0.0034339
0.00361917
0.0069578
0.0104833
0.00805482
0.00772247
0.000797366
0.000696136
0.000735075
0.000814576
0.00109658
0.00120614
0.000868932
0.000719984
0.00118282
0.00119034
0.00156631
0.000998076
0.00114111
0.00125463
0.000854943
0.00427704
0.00606432
0.00836223
0.00352281
0.00140945
0.00195558
0.000832077
0.0122984
0.00290855
0.00084658
0.000879466
0.00102843
0.00206987
0.00394571
0.00291334
0.00256936
0.00245735
0.00271005
0.00222347
0.00189002
0.00083613
0.00128064
0.0012054
0.0012716
0.000990748
0.000699441
0.00109934
0.00138436
0.0014082
0.00136284
0.00131263
0.00141202
0.00115055
0.00108282
0.00104994
0.000857691
0.00104589
0.00202376
0.00129588
0.00107429
0.00153502
0.000915521
0.00122116
0.001726
0.00155252
0.00215774
0.00534878
0.00605202
0.0056803
0.00784884
0.00674115
0.00799644
0.00706438
0.00512701
0.00148903
0.0025586
0.00659163
0.00683596
0.00585126
0.00452769
0.00416131
0.00560142
0.00565104
0.00890905
0.00625216
0.00696368
0.00537558
0.00608001
0.00894842
0.00772922
0.00765062
0.00783085
0.00513465
0.00526176
0.00126453
0.00127112
0.00102784
0.000934895
0.00110104
0.00119873
0.000712893
0.0011246
0.00069272
0.000958306
0.00118823
0.00149155
0.000960783
0.00151442
0.000927632
0.00150587
0.00164739
0.00145282
0.00133893
0.00170142
0.00170375
0.00163657
0.0017967
0.00164158
0.000788779
0.00086559
0.00137852
0.000772538
0.00089047
0.000894779
0.000729581
0.00127278
0.00133921
0.00196501
0.00125098
0.00156073
0.00129871
0.00141363
0.0010262
0.000909565
0.000702402
0.000718866
0.000894359
0.000817678
0.00091413
0.000910617
0.00145479
0.00166447
0.00170469
0.00171691
0.00184047
0.00188463
0.00152238
0.00140018
0.00162077
0.0016729
0.00168732
0.0017426
0.00165571
0.00135884
0.00176392
0.00129526
0.000790076
0.00115359
0.000904704
0.00136576
0.000804177
0.000874687
0.00105212
0.00115268
0.00111773
0.000924942
0.00119047
0.00200763
0.000935918
0.00113472
0.00110793
0.00157055
0.00107333
0.0126873
0.00107547
0.00134019
0.00102079
0.0013246
0.000963406
0.00103482
0.00114794
0.00128358
0.00717292
0.00770876
0.00660945
0.00953744
0.00771279
0.00459706
0.0028566
0.0030236
0.00493221
0.00342729
0.00566377
0.00988189
0.00226984
0.00235065
0.00159847
0.00246047
0.00228857
0.00114826
0.00103603
0.00148167
0.00142324
0.00126015
0.00113321
0.00148775
0.0011365
0.00110869
0.00141905
0.0014341
0.00102698
0.00100914
0.0010162
0.00171926
0.00159149
0.00101008
0.00140807
0.00122084
0.00129505
0.0015348
0.00105474
0.00201918
0.00177671
0.00121816
0.00155142
0.00136142
0.00178742
0.00128137
0.00155042
0.00133381
0.00153852
0.00162937
0.00122088
0.00119271
0.000808207
0.000744234
0.000827912
0.00100283
0.00102652
0.00111686
0.00135565
0.000928996
0.000810609
0.00136437
0.000838363
0.000855341
0.000822683
0.00104323
0.000852524
0.000866175
0.00150185
0.000883171
0.0012736
0.00158946
0.0011698
0.00144447
0.00102005
0.000766428
0.0008885
0.00123081
0.00113227
0.000733079
0.000888138
0.00114623
0.00107756
0.00152576
0.00139909
0.00123252
0.00138589
0.00151293
0.000913307
0.00122257
0.00133596
0.00148597
0.00116263
0.00149519
0.00142447
0.000981999
0.00144848
0.00146184
0.00115461
0.00122863
0.000956729
0.000986799
0.00085154
0.000884326
0.000871442
0.00115483
0.00138372
0.00115681
0.00119029
0.00144036
0.00124607
0.00100215
0.000994202
0.00326546
0.00457529
0.00158258
0.00100796
0.00108217
0.00100442
0.000923971
0.000753252
0.00138977
0.00077653
0.000806121
0.00123391
0.000949187
0.00830086
0.00773917
0.00807387
0.00736646
0.00749418
0.00664976
0.00779669
0.00775748
0.00769426
0.00809854
0.00811366
0.00940148
0.0096865
0.00814037
0.00919525
0.00671369
0.00780295
0.0080745
0.00770261
0.0102719
0.00931961
0.0107754
0.00831491
0.0106132
0.00591735
0.00613842
0.00710234
0.00678618
0.00675398
0.00412161
0.00339591
0.00281579
0.00319199
0.00616928
0.00628972
0.00443662
0.00446483
0.00437552
0.00430676
0.00456048
0.00206685
0.00344173
0.00392946
0.003438
0.00658301
0.00400347
0.00493153
0.00490854
0.00540398
0.00861169
0.00448093
0.00458394
0.00415939
0.00459742
0.00469632
0.00450768
0.00445253
0.00427632
0.00445118
0.00143954
0.00158605
0.00162716
0.00134995
0.00130632
0.00124616
0.00107143
0.00368978
0.00355039
0.0030645
0.00289278
0.0034109
0.00345263
0.00303267
0.00377153
0.00299214
0.00389087
0.00396919
0.00388224
0.00354892
0.00404552
0.00378143
0.00361818
0.00384452
0.00421312
0.00350789
0.00307814
0.00335881
0.00304588
0.00428567
0.00259845
0.00670211
0.00605849
0.0112045
0.00777023
0.00130361
0.001373
0.00128779
0.00197143
0.0016219
0.00105157
0.00155192
0.00103173
0.00118064
0.00153974
0.00240202
0.00293817
0.00189777
0.00154334
0.00589316
0.00448115
0.00548451
0.000850168
0.000733848
0.00327701
0.000842126
0.000979115
0.00143743
0.00138769
0.000988885
0.00145061
0.00153583
0.00299631
0.00391922
0.00380801
0.0033522
0.00301925
0.00384849
0.00360926
0.00421056
0.00354965
0.00319515
0.00473908
0.00277311
0.00277937
0.00291192
0.00395846
0.00100493
0.000981748
0.00123844
0.000999007
0.00177905
0.00122426
0.00595697
0.00430038
0.00660364
0.0055206
0.00610902
0.00764668
0.00790662
0.00575894
0.00713934
0.00785501
0.00455782
0.010716
0.00633232
0.00675873
0.00764523
0.00781685
0.00555289
0.00880927
0.00524203
0.00725208
0.00503832
0.0089605
0.00486526
0.00530969
0.00844663
0.0050495
0.00621589
0.00575067
0.00337398
0.00350718
0.00105018
0.00315962
0.00344792
0.00118885
0.00348872
0.0055439
0.00355467
0.00415418
0.00511004
0.00329791
0.0031184
0.00323575
0.00666364
0.00924705
0.00806778
0.00665571
0.00637141
0.00644486
0.00141156
0.00078209
0.000994693
0.00187298
0.000899727
0.000887224
0.00075257
0.00105865
0.00214074
0.00177226
0.00163233
0.00124813
0.00147885
0.00154324
0.00193215
0.00199031
0.00149261
0.0014761
0.00195519
0.00148845
0.00151466
0.00112188
0.00251079
0.00272561
0.00115625
0.00485731
0.00352832
0.00577487
0.00469337
0.00304031
0.0039281
0.00449992
0.00376929
0.0048672
0.00708279
0.00569497
0.007391
0.00581877
0.00542745
0.00274144
0.00435504
0.00396217
0.00384058
0.00455967
0.00390137
0.00402132
0.00303308
0.00136175
0.00121829
0.000838557
0.000902522
0.000878273
0.00102038
0.000789862
0.000729812
0.000701269
0.00106522
0.00223441
0.00145756
0.00142136
0.00130178
0.00461323
0.00347343
0.00358651
0.00217032
0.00176481
0.0012522
0.00180075
0.00292043
0.0013639
0.00161494
0.00188244
0.00173501
0.00224195
0.00181835
0.0021591
0.00260188
0.0029828
0.00173582
0.00168693
0.00992082
0.00570165
0.00832016
0.00750456
0.00676443
0.00679869
0.00519321
0.00609335
0.00550691
0.00385423
0.0104618
0.00627969
0.00867035
0.00731027
0.00773078
0.00762641
0.0070681
0.00443449
0.00575397
0.00413726
0.00479572
0.00248114
0.00112691
0.00726984
0.00853687
0.0027605
0.00161392
0.00123046
0.00131834
0.000830787
0.0013573
0.00266621
0.00612467
0.00701228
0.00616508
0.00323594
0.00270397
0.00481477
0.00109492
0.000837495
0.00561687
0.00531628
0.00323549
0.00608492
0.00534194
0.00584016
0.00531566
0.00490395
0.00199666
0.00592901
0.00503135
0.0031766
0.00305561
0.00575778
0.00555305
0.00266972
0.00343797
0.00241776
0.00337809
0.00501817
0.00495567
0.00420735
0.00360483
0.0055833
0.00623301
0.00772604
0.00487952
0.00380562
0.00667868
0.0020558
0.00268591
0.000987421
0.0168481
0.00111745
0.0108039
0.00896099
0.00115572
0.00118008
0.00160115
0.00125581
0.00269295
0.00411683
0.00651762
0.00632087
0.00448886
0.0061106
0.00513503
0.00178496
0.00574493
0.00317876
0.00174944
0.00502845
0.00559855
0.00570822
0.00605821
0.0061615
0.00665272
0.00574996
0.00542083
0.00588412
0.00460952
0.00213027
0.00132808
0.00120532
0.00171485
0.000850364
0.00422853
0.00307149
0.00185368
0.000806794
0.000837534
0.000813725
0.0018116
0.00155227
0.00179411
0.00175557
0.00120757
0.00176193
0.00145298
0.00127063
0.000927522
0.00130822
0.00125303
0.00150628
0.00276382
0.00130486
0.00110633
0.00147059
0.000846373
0.00122545
0.000905406
0.00274789
0.0038558
0.00510892
0.00328063
0.00192889
0.00608445
0.00383968
0.00599916
0.00440502
0.00449497
0.00503474
0.00457668
0.00326668
0.00427184
0.00391283
0.0041734
0.00297094
0.00300537
0.00300502
0.00464282
0.00377018
0.00446288
0.0015037
0.00114521
0.00112546
0.00430395
0.00297471
0.00142963
0.00152757
0.0082586
0.00816289
0.007881
0.00738966
0.00669983
0.00803275
0.00734232
0.00862822
0.00831213
0.0075273
0.0101532
0.0106375
0.00906371
0.011856
0.00961037
0.00874708
0.00881164
0.00719487
0.0114586
0.0105894
0.0096442
0.00884559
0.00799429
0.00738282
0.00471997
0.00149851
0.00124355
0.0127683
0.00180532
0.00247727
0.0150715
0.00424724
0.0145613
0.00334019
0.00134631
0.0133981
0.00871871
0.0097751
0.00906595
0.00966594
0.0102077
0.0100793
0.00846259
0.0119156
0.0108776
0.0106481
0.00959986
0.0032487
0.00141462
0.00141769
0.000948843
0.00147572
0.00174899
0.00152725
0.00161142
0.00250331
0.00085574
0.00126579
0.000695563
0.00129047
0.00132924
0.00285364
0.00355223
0.00391749
0.00304156
0.00436119
0.00141714
0.00475296
0.00449724
0.00450358
0.00353123
0.00473561
0.0049288
0.00428
0.00337431
0.00425744
0.00612901
0.00630866
0.00501328
0.00479211
0.0034602
0.00536576
0.00248155
0.0050836
0.00724635
0.00634664
0.00529036
0.00537372
0.00582664
0.00333308
0.00511307
0.00310688
0.00557137
0.0055377
0.00258347
0.00564282
0.0139921
0.0132398
0.0136129
0.0121843
0.0153099
0.00937046
0.0130301
0.0123714
0.00714608
0.014397
0.00964704
0.000747417
0.00081046
0.000700544
0.00123991
0.000962483
0.00356494
0.00314423
0.000757472
0.000758781
0.0039658
0.00259881
0.0162801
0.00202826
0.0135958
0.00678378
0.00530815
0.0119098
0.0106824
0.00599922
0.00650208
0.00616692
0.00591402
0.00591728
0.00902532
0.00983377
0.0119902
0.0103786
0.0156116
0.00599946
0.0147407
0.000930051
0.00093667
0.0124445
0.01015
0.00796306
0.00543766
0.00758663
0.00893332
0.00195128
0.0155507
0.0156142
0.0146368
0.0114762
0.00100964
0.0146123
0.018331
0.0151165
0.0108668
0.0152168
0.0153267
0.0132964
0.0132262
0.00595578
0.00588086
0.00531401
0.00300218
0.00582144
0.00562869
0.00487434
0.00459842
0.00488811
0.00448687
0.00949952
0.0155874
0.0164376
0.01206
0.0102614
0.00196245
0.0113134
0.00146457
0.00900378
0.00137594
0.00145567
0.0110355
0.0105534
0.00479838
0.0061103
0.00601121
0.00517434
0.00610549
0.00652128
0.00420865
0.0029799
0.00532791
0.00533817
0.0120419
0.00755297
0.00595874
0.00222948
0.00553564
0.00406987
0.00574167
0.0056278
0.0046384
0.00596731
0.00570171
0.00236222
0.00144377
0.00182058
0.00375699
0.00420218
0.0019098
0.00144443
0.00381816
0.0049532
0.00161309
0.00130115
0.00420911
0.00574861
0.00110326
0.000904127
0.00176106
0.00173415
0.0015173
0.00189678
0.00194329
0.00221304
0.00148156
0.000797284
0.00082934
0.000941779
0.000875734
0.0021125
0.00250164
0.00398071
0.00403633
0.00401983
0.00403515
0.00474725
0.000941823
0.00138235
0.000892423
0.000995852
0.000957797
0.00098601
0.00284591
0.00108957
0.000881057
0.00125861
0.00099446
0.00109571
0.000874176
0.000970101
0.000873238
0.0008798
0.00114
0.00110493
0.0146819
0.0168185
0.0103385
0.00196728
0.00703056
0.0146668
0.0155892
0.000810503
0.00109537
0.000826274
0.000829165
0.00764632
0.0123212
0.00190033
0.0132355
0.0107834
0.00603887
0.00443739
0.00549435
0.00493616
0.00554454
0.00582486
0.00442615
0.0057512
0.00602109
0.00431648
0.00235119
0.00400597
0.00528632
0.00511878
0.00558888
0.00509078
0.00468085
0.0054423
0.00572398
0.00512336
0.00449616
0.00598786
0.00109105
0.00109509
0.00134325
0.00118601
0.000860232
0.000846737
0.000906404
0.000933228
0.000983215
0.000945935
0.00501408
0.00511845
0.00524646
0.00549724
0.00527754
0.00537136
0.00515304
0.00540479
0.00502982
0.00535187
0.00301355
0.0159577
0.0138851
0.0163778
0.00754642
0.0154627
0.0161387
0.0144891
0.0114153
0.0164927
0.0102033
0.0135906
0.00824835
0.00977814
0.0133113
0.0137001
0.00854406
0.0103202
0.0129194
0.0168275
0.00774631
0.0150465
0.0150693
0.00960237
0.0109999
0.0166599
0.000898047
0.00123353
0.00206396
0.00090759
0.000914172
0.00102662
0.000990344
0.000900543
0.000971296
0.0017877
0.00150905
0.00275601
0.00259135
0.00138729
0.00114345
0.00127737
0.00106286
0.00085827
0.000893968
0.00144665
0.000962096
0.000911598
0.00112267
0.000976453
0.00103648
0.00113465
0.00334139
0.00305622
0.00267712
0.00294241
0.00308358
0.00296433
0.00304186
0.00247655
0.00548279
0.00591003
0.00599376
0.00475861
0.00654142
0.00619576
0.00455193
0.00680376
0.00499996
0.00492053
0.00139563
0.00124597
0.00128873
0.00108808
0.000748423
0.00118395
0.00175319
0.00156976
0.00242362
0.000938047
0.000800151
0.000751158
0.000879162
0.00112585
0.000738025
0.00298095
0.00381065
0.00292311
0.0031143
0.00361345
0.00278775
0.00241928
0.00275073
0.00230361
0.00308594
0.00194172
0.0029266
0.00284888
0.00290863
0.00255854
0.0025622
0.00223847
0.00269819
0.000830487
0.000740389
0.000694905
0.000944437
0.000771703
0.000869171
0.000960032
0.0011594
0.000986594
0.00122851
0.00161276
0.000851698
0.000963457
0.00151629
0.000976081
0.00149977
0.00180722
0.00185524
0.00135287
0.000868547
0.000805526
0.00192145
0.00222338
0.00154271
0.00148034
0.000843252
0.0016879
0.00191112
0.00146
0.0012376
0.00145173
0.00212502
0.000902258
0.000749255
0.000857044
0.00159773
0.0017627
0.00097531
0.00110312
0.00142168
0.00159269
0.00195156
0.00228547
0.00195656
0.00155698
0.0018096
0.00153163
0.00136868
0.00168329
0.00194153
0.00135307
0.000971537
0.00201713
0.00205907
0.00204089
0.00187403
0.00179605
0.00179309
0.0016217
0.00159479
0.00161742
0.00158833
0.00255488
0.00194116
0.0027598
0.00227876
0.00234308
0.00225018
0.00243953
0.00197317
0.00180756
0.00207955
0.001271
0.00159725
0.00107537
0.00135469
0.00121031
0.00158979
0.00104338
0.00141994
0.000910192
0.000838453
0.00106083
0.00118251
0.000801392
0.000975728
0.00129517
0.000901249
0.000664004
0.000896643
0.00107382
0.000821195
0.00088802
0.000984599
0.00110333
0.000927636
0.000932548
0.00117723
0.00128104
0.00109565
0.00170559
0.00119713
0.0017499
0.00194196
0.00221711
0.00183719
0.00160716
0.00131054
0.00182937
0.00204413
0.00117412
0.00241867
0.00259143
0.00124895
0.000883603
0.00148327
0.0024273
0.00271913
0.00256331
0.00184283
0.00207826
0.000700484
0.00229343
0.00168345
0.00155636
0.00248474
0.00318176
0.00254349
0.00108937
0.00132989
0.00125373
0.00150628
0.00145636
0.00291751
0.00292708
0.00218038
0.00292542
0.0013281
0.00203532
0.00262199
0.00103676
0.00268314
0.00156198
0.0024764
0.000801762
0.00173612
0.00141838
0.00232712
0.00264308
0.00199085
0.00233773
0.001088
0.0011384
0.00140656
0.00215068
0.00211547
0.00195734
0.00209718
0.00245865
0.00244593
0.00195386
0.00255786
0.00226469
0.00260809
0.00240275
0.00208441
0.00107974
0.00131963
0.00159421
0.000942962
0.00115557
0.00260093
0.00232444
0.00217307
0.00197012
0.00213746
0.00270211
0.00261183
0.00243765
0.00266227
0.00246421
0.00221642
0.00252792
0.00249873
0.00192328
0.00214299
0.00232646
0.00188946
0.00193619
0.00224004
0.00163751
0.00171845
0.00175998
0.0014253
0.00164288
0.00246259
0.000953328
0.00180057
0.000935692
0.00246875
0.00168578
0.00179442
0.00285813
0.00131996
0.00216511
0.00161557
0.00120626
0.00221827
0.00251605
0.00258142
0.00261615
0.00270343
0.00240594
0.00189594
0.00186889
0.00222469
0.00216867
0.00211341
0.00159096
0.00230612
0.00222136
0.00244345
0.00241748
0.00225784
0.00216697
0.00211946
0.00102522
0.00104445
0.00107116
0.00195632
0.00252399
0.00236904
0.00228025
0.00106799
0.0023379
0.0022533
0.0018466
0.00172655
0.00207332
0.00231165
0.00139659
0.00099759
0.001178
0.00100052
0.00102815
0.00103181
0.000976576
0.000976207
0.000993811
0.00203076
0.00188938
0.00233765
0.00238884
0.00257404
0.00255418
0.00268354
0.00218058
0.00199247
0.00253853
0.0021613
0.00270638
0.00212261
0.00264095
0.00214738
0.00241469
0.00240418
0.00211954
0.00265885
0.0026598
0.00259041
0.00249278
0.00263589
0.00282705
0.00221554
0.00217543
0.00259646
0.00259513
0.00278181
0.00291299
0.0029528
0.00277956
0.00286279
0.00133865
0.00133977
0.00187106
0.00121146
0.00105616
0.00129524
0.00103955
0.00208665
0.00236774
0.00206177
0.00237012
0.00252591
0.0023993
0.00251547
0.00238724
0.00258791
0.00278724
0.00253935
0.0024717
0.00243504
0.00246289
0.00243143
0.00251308
0.00235961
0.00309051
0.00251784
0.00239109
0.00227066
0.00257105
0.00274042
0.00262729
0.00242902
0.00244971
0.00184115
0.00223669
0.0022979
0.00186436
0.0026168
0.00256713
0.00269281
0.00213674
0.00261538
0.00278916
0.00262619
0.00200482
0.00236824
0.00217803
0.00180807
0.00204727
0.00217007
0.00232925
0.00247957
0.00217789
0.0022159
0.00261975
0.00199736
0.00243835
0.00235346
0.00260849
0.00255081
0.00202294
0.0026044
0.00259143
0.00260647
0.00221321
0.0024422
0.00251736
0.00266146
0.00256073
0.00227399
0.00257614
0.00209461
0.00282615
0.00272801
0.00240426
0.00281335
0.00153543
0.00281915
0.00243013
0.0023166
0.00266397
0.00238452
0.00281412
0.00286052
0.00283292
0.00257434
0.0022152
0.00280984
0.00215342
0.00201272
0.000902498
0.00206513
0.00256156
0.0014833
0.00131759
0.00206686
0.00236483
0.00115179
0.00123152
0.00113649
0.00101128
0.00189944
0.00181141
0.0024116
0.00221993
0.00240993
0.00212821
0.00275451
0.00232477
0.00293824
0.00290254
0.00281838
0.00258685
0.00292857
0.00240405
0.00219604
0.00287698
0.00280956
0.00289124
0.002257
0.00299914
0.00307099
0.00260851
0.00245003
0.00260966
0.0027133
0.00264369
0.00248215
0.00234207
0.00217789
0.00243777
0.00221569
0.00240846
0.00220939
0.00233651
0.00216859
0.00265635
0.0025539
0.00269608
0.00284318
0.0028571
0.0024371
0.0031906
0.00281463
0.00296418
0.00253545
0.00241204
0.00274539
0.00211335
0.000988054
0.000868564
0.00101085
0.00139582
0.00104247
0.00101163
0.0011967
0.00123318
0.000857886
0.000934034
0.0011642
0.00103901
0.00102515
0.00085649
0.0010041
0.000830768
0.00121596
0.00166695
0.00184027
0.00209164
0.00197507
0.00302545
0.00448759
0.00356069
0.00404647
0.00290197
0.00478597
0.00526374
0.00434276
0.00102715
0.000744269
0.000716569
0.000855863
0.000808211
0.00137321
0.000871689
0.00103393
0.0010302
0.0132215
0.003801
0.012184
0.00579056
0.00148742
0.000923044
0.000880908
0.000920906
0.000869881
0.0142551
0.0130249
0.0037678
0.00100535
0.00107986
0.00108527
0.000985475
0.00162552
0.000969109
0.00265964
0.0013106
0.00151789
0.00481906
0.00461389
0.00213662
0.00141648
0.00492877
0.00152995
0.0034902
0.00114688
0.00292261
0.00159365
0.000893907
0.00249757
0.000818703
0.0010491
0.00114406
0.0016762
0.00180463
0.00162006
0.00157062
0.00168416
0.0013689
0.00128181
0.00125123
0.00216653
0.00243338
0.00236239
0.00230097
0.00242366
0.00219345
0.00213068
0.00219042
0.00183307
0.00223556
0.0019552
0.000804576
0.000712511
0.00121668
0.00117402
0.00132653
0.000891175
0.00074375
0.000794566
0.00136656
0.000826183
0.0011443
0.00112517
0.00139079
0.000987229
0.00102694
0.00106925
0.00115554
0.00161159
0.00166472
0.00128239
0.00106694
0.00119251
0.00145384
0.00142533
0.0015043
0.00144621
0.00121768
0.00169672
0.00156811
0.00122473
0.0029009
0.00244168
0.00150099
0.00195949
0.00186093
0.00125251
0.00116043
0.00103613
0.0011202
0.00145248
0.00084993
0.00106328
0.00171346
0.00175415
0.000847026
0.00108709
0.00120585
0.00100259
0.00085724
0.00102778
0.00131598
0.000907102
0.000998021
0.00103013
0.00147832
0.00132894
0.000844272
0.000833474
0.00115954
0.00115298
0.00127222
0.00146372
0.000900014
0.000909746
0.00105059
0.00440541
0.00331329
0.00481215
0.00372812
0.00382387
0.00505573
0.00579868
0.00643748
0.000743683
0.000835608
0.00110395
0.00076857
0.0011421
0.000905431
0.00118742
0.00109265
0.000734754
0.000773402
0.00081013
0.000763242
0.000684007
0.000736865
0.00113614
0.00113764
0.000860231
0.000760846
0.0014704
0.00179246
0.00169885
0.001452
0.00184164
0.00245718
0.00254235
0.00253543
0.00228972
0.00223227
0.00231678
0.00250788
0.00253496
0.00273936
0.00343205
0.00217193
0.00274313
0.00213119
0.00235417
0.00261449
0.00285264
0.0046835
0.00384391
0.00212737
0.00208057
0.0024164
0.00249533
0.00239025
0.00249193
0.00248125
0.00220426
0.00257616
0.00211634
0.00245771
0.00242842
0.00241982
0.00150904
0.00187405
0.00172958
0.00130189
0.00129693
0.00139342
0.00221843
0.00148308
0.00220153
0.00240886
0.00234234
0.00230826
0.00233906
0.00216813
0.00247161
0.00220782
0.00133286
0.001351
0.00180237
0.0013401
0.00146549
0.00144626
0.0015294
0.00222739
0.0024701
0.00219402
0.00249693
0.00245478
0.00254402
0.00183223
0.00225265
0.00219893
0.00242407
0.00214581
0.00212122
0.00178188
0.00222196
0.00232847
0.00264026
0.00261724
0.00269844
0.00262611
0.00242445
0.0026116
0.00245941
0.00240233
0.00244065
0.00242427
0.00247838
0.00252246
0.00251047
0.00258669
0.00291016
0.00248762
0.0015229
0.00131424
0.00163192
0.00181514
0.00181477
0.00168613
0.00185556
0.00164073
0.00163486
0.00157536
0.00154933
0.00121564
0.00102464
0.00120624
0.000875157
0.00132537
0.00125948
0.00186647
0.00248925
0.00181115
0.00169597
0.00171795
0.0019545
0.00250594
0.00255029
0.00205328
0.000813585
0.0014456
0.00179399
0.00161963
0.00139189
0.00167717
0.000883536
0.00169854
0.00194108
0.00156978
0.0020406
0.00151165
0.00187557
0.00196908
0.00155448
0.00183083
0.00161043
0.00180407
0.0029767
0.00228292
0.00235126
0.00261867
0.00246719
0.00184272
0.00163066
0.00215875
0.00499769
0.00471122
0.00196237
0.00239516
0.00196075
0.00270276
0.00185301
0.00240939
0.00241399
0.00202913
0.00205776
0.00211193
0.00223379
0.00207569
0.00148208
0.00164178
0.00162515
0.00177687
0.00242063
0.00221441
0.00249765
0.00242052
0.00228678
0.00209668
0.00228864
0.00220363
0.00218521
0.00225064
0.00182691
0.00153192
0.00192925
0.00154097
0.00175531
0.00163362
0.00199544
0.00202913
0.00197874
0.00192328
0.00178365
0.00185414
0.00234133
0.00221576
0.00216896
0.0010976
0.00229435
0.00209759
0.00228198
0.00235782
0.00234868
0.00228478
0.00228138
0.00232352
0.00229786
0.00218719
0.00143817
0.00143438
0.00183145
0.00177109
0.0017101
0.00181811
0.00224385
0.00248289
0.00253193
0.00230607
0.00232966
0.00227458
0.0022718
0.00171086
0.00188752
0.00144964
0.000702558
0.000944685
0.000745318
0.000904296
0.000827122
0.000819463
0.00214462
0.00216
0.002104
0.00128809
0.00131354
0.00143943
0.00171024
0.00111913
0.00204624
0.00132081
0.0020805
0.00206189
0.00190885
0.00183905
0.00183774
0.00201121
0.00228555
0.00208762
0.00188524
0.0019372
0.00173969
0.00142387
0.0018128
0.00181415
0.00159208
0.00150061
0.0022421
0.00230384
0.00209685
0.00263459
0.00240152
0.00246952
0.00243199
0.00240888
0.00219779
0.00247655
0.00255214
0.002482
0.00238928
0.00204438
0.00202554
0.00213903
0.00208717
0.00212322
0.00220224
0.00223758
0.00215223
0.00219149
0.00229097
0.00222813
0.0022025
0.00228793
0.00216971
0.00205285
0.002362
0.00219616
0.00226219
0.00246462
0.00177846
0.00241543
0.000998287
0.00135625
0.00225728
0.0022741
0.00155873
0.002128
0.00154355
0.000989459
0.00140909
0.00107144
0.00142385
0.00110641
0.00120199
0.00142403
0.00116152
0.0010314
0.00229219
0.00137601
0.00138591
0.00153756
0.0018568
0.00247221
0.00190935
0.00203785
0.00248191
0.00206742
0.00206898
0.0020635
0.00213852
0.00241963
0.00244916
0.00229911
0.00255887
0.00213697
0.00183436
0.00210094
0.00198314
0.00213376
0.00178146
0.00162486
0.00201198
0.00230206
0.00240184
0.00230698
0.00224678
0.00224134
0.00243213
0.00238125
0.00217685
0.00214185
0.0022039
0.00214577
0.00217573
0.00211025
0.00214168
0.00207018
0.00207131
0.00206171
0.002169
0.00206467
0.00206592
0.00205784
0.00205759
0.00226626
0.00208445
0.00206748
0.00240198
0.00205919
0.00192342
0.00214833
0.00223357
0.00220647
0.00215274
0.00202611
0.00230145
0.00224092
0.00220453
0.00211653
0.00206502
0.00212121
0.00208149
0.00207422
0.000904553
0.000910745
0.000916511
0.000915565
0.000907337
0.000918641
0.000911151
0.000908431
0.000910653
0.000917693
0.000916283
0.000910113
0.000912449
0.00091253
0.00091389
0.000912732
0.000911547
0.000902391
0.000910274
0.000912632
0.00090876
0.000913108
0.000916245
0.000914912
0.000915364
0.000906951
0.000906998
0.000919454
0.000921625
0.000919385
0.000914907
0.000909889
0.000916497
0.000911765
0.000891249
0.000919788
0.000910941
0.000912432
0.000914842
0.000919884
0.000912881
0.000914568
0.000915077
0.000920881
0.000913941
0.000915958
0.000913601
0.000919967
0.00162625
0.00226324
0.00244519
0.00297554
0.0031339
0.00322175
0.00326241
0.0023855
0.000847263
0.00173674
0.00172119
0.00225496
0.0028379
0.00292302
0.00311943
0.00285769
0.00195399
0.00186974
0.00590841
0.00498987
0.00549134
0.00676775
0.00649627
0.00241833
0.00644216
0.00592834
0.00707426
0.00761842
0.00674502
0.00763767
0.00629249
0.00607049
0.00636158
0.00518521
0.00545278
0.00675567
0.00654018
0.00661058
0.00644341
0.00811522
0.00828489
0.00761815
0.00736133
0.00769686
0.00638739
0.00656503
0.00275251
0.00291592
0.0031973
0.00771689
0.00532107
0.00543342
0.00368755
0.00405278
0.00608908
0.00604456
0.00913337
0.00741225
0.00621225
0.00661153
0.00860013
0.00921057
0.00814595
0.0072426
0.00564231
0.00820691
0.00706216
0.00713206
0.00870298
0.00638521
0.0102587
0.0131341
0.00602521
0.00638415
0.00563813
0.00501821
0.00516808
0.00551364
0.00530916
0.00514003
0.0045593
0.0050855
0.00584072
0.00543277
0.00444565
0.00423791
0.00578684
0.00508797
0.00475462
0.00519744
0.00622988
0.00575608
0.00613145
0.00548014
0.00541853
0.00629737
0.00511656
0.00459699
0.00640378
0.00585774
0.00589616
0.00659885
0.00579933
0.00765687
0.00738435
0.0058442
0.00645894
0.00599024
0.00693646
0.00484181
0.00555399
0.00606443
0.00482748
0.00481453
0.0057299
0.0049031
0.00462642
0.00505748
0.00519689
0.0049729
0.00550157
0.00588443
0.00511746
0.00666543
0.0050196
0.00502842
0.0045037
0.0051576
0.00544602
0.00427357
0.00420196
0.00415558
0.00439359
0.00425608
0.00441837
0.00408215
0.00451006
0.00446245
0.00450798
0.00443933
0.00501463
0.00526757
0.00441499
0.00541487
0.0052337
0.00501975
0.00516114
0.00416208
0.00536824
0.00341902
0.00397721
0.00457561
0.00413634
0.00425134
0.00472418
0.00463402
0.00405009
0.00426449
0.00398736
0.00464197
0.00433656
0.00461456
0.00497436
0.00472218
0.0047802
0.00438436
0.00550342
0.00510909
0.00556652
0.00477566
0.00543591
0.00634223
0.00591607
0.00551028
0.00532931
0.00548144
0.00494767
0.00574273
0.00140347
0.00146883
0.00162344
0.00116801
0.00130338
0.00371239
0.00333102
0.00319868
0.00335024
0.00361234
0.0029709
0.00362003
0.00315349
0.00289831
0.00378493
0.00350289
0.00390303
0.00410102
0.00390294
0.00401359
0.00620098
0.00389642
0.00451485
0.00505193
0.00522201
0.00478695
0.00465281
0.00490587
0.00500844
0.00547601
0.00457281
0.00475944
0.00397335
0.00424548
0.00433324
0.00426748
0.0046986
0.00427205
0.00425849
0.00438414
0.00406297
0.00476566
0.00187305
0.00196706
0.00182314
0.00219694
0.00172172
0.00238604
0.00702205
0.00769077
0.00751496
0.00833255
0.00655119
0.00673337
0.00757532
0.00805046
0.00813344
0.00690474
0.00798304
0.00778
0.00734485
0.00817115
0.00750798
0.00781665
0.00711341
0.00814322
0.00886099
0.00855947
0.00808844
0.00684114
0.00768825
0.00727789
0.00712226
0.00803999
0.00609025
0.0063922
0.0125233
0.0106998
0.0128022
0.0141571
0.0149612
0.0134545
0.00151854
0.00153378
0.0012396
0.00143951
0.00125154
0.00123092
0.000739855
0.000742535
0.000766786
0.00071022
0.000810245
0.000708875
0.000752551
0.000886894
0.00075537
0.00078241
0.000929779
0.001304
0.000845535
0.00088857
0.000803257
0.00122737
0.00138205
0.00141636
0.00134216
0.00139619
0.00104323
0.000776896
0.00121279
0.000782541
0.000889222
0.00123307
0.000685003
0.000694798
0.000758457
0.00212786
0.000915605
0.00187596
0.000842251
0.000820675
0.00073019
0.00164186
0.00985628
0.0129307
0.0102139
0.011668
0.00928388
0.00643028
0.0123657
0.00206204
0.00212243
0.00341172
0.00207724
0.00287678
0.00939852
0.00416791
0.00461541
0.00540424
0.00438813
0.00605037
0.00448235
0.00465377
0.00496416
0.00421607
0.00497861
0.00355676
0.00394237
0.0032454
0.00389183
0.00438002
0.00415614
0.00362676
0.00444058
0.00462999
0.00437096
0.00493941
0.00292739
0.000516719
0.000707448
0.00165634
0.00382552
0.00193877
0.00172264
0.00739745
0.00633875
0.00940044
0.00879626
0.0107339
0.00910605
0.000793943
0.00394324
0.0038025
0.000921806
0.00388561
0.00397696
0.00400185
0.00371833
0.00393929
0.0036062
0.00334703
0.00455705
0.00522801
0.00556179
0.0046959
0.00451523
0.00423011
0.00469834
0.00436376
0.00310078
0.00476854
0.00453358
0.0033079
0.00349646
0.00468145
0.00479133
0.0137618
0.011499
0.0144662
0.0107077
0.0121608
0.011432
0.0183128
0.00291286
0.00188822
0.000675145
0.011896
0.0146547
0.0064978
0.0088399
0.00901383
0.00792266
0.0107366
0.0104405
0.0123369
0.00961235
0.00692472
0.00773157
0.00962638
0.00966985
0.00834436
0.00775145
0.00808875
0.00593633
0.00919293
0.00879196
0.00595197
0.00803074
0.00841079
0.00796314
0.00920906
0.0119155
0.0111536
0.00260902
0.00217491
0.00231246
0.0051133
0.00328525
0.00246165
0.00284108
0.00259442
0.00615919
0.00183794
0.00297664
0.00280286
0.0032304
0.00345289
0.00352415
0.00353345
0.00332426
0.00270319
0.00219063
0.00180454
0.00165904
0.00202132
0.00154226
0.00147622
0.00194918
0.00121801
0.000935171
0.000924268
0.000810787
0.000984735
0.000988077
0.000929197
0.00114688
0.000892734
0.000910332
0.00111892
0.00144474
0.00108548
0.00129559
0.00183844
0.00183172
0.00173215
0.00198712
0.00182706
0.00145912
0.00164023
0.0016611
0.00161638
0.00183212
0.00122818
0.00126549
0.00157899
0.000992528
0.000941215
0.000984541
0.000924352
0.00106024
0.00112221
0.00108983
0.000918023
0.0022994
0.00237365
0.00241897
0.00240295
0.00254602
0.00263553
0.00251355
0.00241003
0.00236818
0.000906231
0.000876449
0.000900409
0.000867395
0.000911461
0.000845015
0.000908385
0.000906862
0.000904519
0.000911696
0.000908099
0.000905737
0.000911519
0.000907801
0.000909418
0.000908947
0.000910625
0.00540385
0.00620119
0.00546469
0.00474856
0.00539045
0.00586112
0.00500183
0.00707106
0.00505559
0.00902448
0.00813193
0.00401863
0.00643171
0.00793073
0.0059211
0.00646225
0.00626641
0.011052
0.010074
0.0092528
0.0101197
0.00958251
0.00895165
0.010506
0.00950281
0.00424597
0.00395093
0.00431075
0.00356334
0.00444766
0.000818229
0.000818155
0.000861768
0.000880766
0.000845904
0.000903502
0.00480316
0.00385631
0.00777655
0.00820775
0.00953322
0.00583096
0.00604868
0.000771548
0.00181745
0.00178498
0.000716001
0.000681381
0.00158732
0.00153669
0.000697811
0.00101731
0.00360025
0.00426513
0.00574779
0.00537266
0.00382594
0.00398669
0.00565601
0.00382608
0.00503708
0.000852247
0.00544171
0.00412673
0.00156716
0.00659068
0.00502965
0.00446926
0.00544096
0.00726843
0.00798729
0.00988643
0.0107083
0.00852947
0.00084376
0.00104821
0.000909482
0.00135877
0.00118394
0.00120014
0.00138571
0.00139782
0.00240236
0.000890953
0.00089214
0.000832049
0.000864642
0.000800597
0.000888546
0.000859682
0.000894349
0.000838243
0.000831051
0.000897425
0.000909685
0.000867691
0.00091128
0.000863305
0.000873994
0.00086396
0.00091416
0.00090395
0.000857441
0.00434491
0.00528124
0.00404513
0.000928721
0.00157132
0.000945155
0.000854954
0.000826602
0.000830284
0.00231046
0.00254531
0.00133072
0.00112001
0.00155613
0.00135191
0.00179687
0.00129304
0.00090749
0.000842445
0.000836647
0.000896681
0.000838802
0.000859859
0.000836405
0.000725088
0.00133617
0.000946242
0.000941265
0.000750345
0.00120463
0.000818511
0.000972312
0.000886917
0.000882788
0.000908137
0.000899159
0.000855126
0.00086528
0.00086893
0.000855018
0.000912309
0.000848561
0.000875775
0.000870107
0.000887359
0.000841588
0.000907077
0.000904133
0.000876729
0.000852611
0.000879664
0.0008009
0.000900084
0.000899925
0.000899567
0.00918979
0.00830907
0.0120173
0.00789827
0.00953692
0.00613408
0.00729695
0.00751606
0.00860229
0.00808236
0.00840024
0.00769474
0.0074212
0.00720649
0.00714322
0.00103811
0.00123124
0.00108257
0.00111437
0.0011294
0.000911467
0.00106898
0.000888226
0.00350009
0.00331366
0.00347363
0.00285669
0.00328492
0.00307649
0.00290381
0.00435248
0.0057079
0.00420802
0.00568301
0.00522082
0.00520845
0.00491827
0.00480578
0.00549723
0.00666106
0.00468498
0.00612249
0.00626704
0.00697577
0.0071687
0.00523941
0.00603827
0.00192059
0.00153185
0.00118406
0.000979525
0.00121243
0.00125047
0.000994296
0.00111875
0.00527129
0.00522943
0.00490831
0.00501462
0.0039642
0.00400367
0.00533419
0.00367256
0.00393616
0.00297907
0.00482259
0.00480762
0.00500864
0.00430753
0.00414902
0.00316023
0.00429214
0.00447387
0.00275874
0.00864386
0.00793264
0.00622815
0.00750644
0.00618618
0.00747576
0.00632981
0.00823338
0.00766102
0.00799881
0.00769418
0.00711233
0.00914561
0.00970374
0.00810383
0.00808146
0.00880686
0.00753386
0.00767175
0.00951235
0.00811199
0.00808819
0.0100029
0.00914016
0.0157393
0.0150697
0.00706292
0.00556293
0.00659934
0.0075353
0.00697854
0.00922339
0.00557504
0.00534934
0.00647065
0.00540857
0.00355475
0.00653024
0.00683219
0.00786522
0.00401755
0.00623808
0.00751537
0.00842094
0.00543507
0.0057018
0.00694868
0.00567422
0.00899962
0.00190635
0.00207682
0.00202898
0.00218135
0.00720328
0.00299196
0.00625659
0.00778527
0.00676009
0.00296583
0.00759838
0.0121778
0.00342285
0.00326894
0.00388306
0.00311918
0.00294996
0.00294953
0.00470636
0.00350117
0.00422237
0.00432014
0.00388314
0.00334839
0.00344785
0.00357281
0.00297649
0.00308838
0.00301531
0.00321281
0.00302606
0.00254911
0.00123614
0.00470823
0.00861181
0.00333895
0.000738348
0.000556313
0.000580935
0.000776918
0.000738651
0.00087349
0.000713708
0.000682241
0.000621361
0.000682664
0.00093288
0.000758192
0.000718573
0.000992132
0.000782417
0.000820654
0.000919603
0.001022
0.0034148
0.00264613
0.0034189
0.00313179
0.00288122
0.00253017
0.00199342
0.00226221
0.00247305
0.00332191
0.00222924
0.00246874
0.00263262
0.0035254
0.00394267
0.0131499
0.0131595
0.0129448
0.0160417
0.0147998
0.0097008
0.0123827
0.0176259
0.0154807
0.0042423
0.00490466
0.00470641
0.00493076
0.00457621
0.00558577
0.000998963
0.000691208
0.000653256
0.000585926
0.00109979
0.000596743
0.000902868
0.000934798
0.00091587
0.00114022
0.00298315
0.00277333
0.00331078
0.00335262
0.0022571
0.0021289
0.00275364
0.00250464
0.000911888
0.000947133
0.000816661
0.00133708
0.000864514
0.000810808
0.000875597
0.000991172
0.00216727
0.00173991
0.00126152
0.00114568
0.00310629
0.00285094
0.00336725
0.00282264
0.00332765
0.00358899
0.00322198
0.00264533
0.00254901
0.0028073
0.00117768
0.00150474
0.00124266
0.00126369
0.0011822
0.0113533
0.00438337
0.00498786
0.00508938
0.00468273
0.00286485
0.00338189
0.00334578
0.00136826
0.00141372
0.00136206
0.00120588
0.000962175
0.00199199
0.00119278
0.00242014
0.00124206
0.0012011
0.00126576
0.00149675
0.00148661
0.00160275
0.00157846
0.00193802
0.00201775
0.00118155
0.00120692
0.00144698
0.00154684
0.00113311
0.00139826
0.0013492
0.00134464
0.00133137
0.00146589
0.00162841
0.00209481
0.0019492
0.00101589
0.00155437
0.0014011
0.00113884
0.00125771
0.00164251
0.00186527
0.00142657
0.00152835
0.00137954
0.00206421
0.00182688
0.00112908
0.00146234
0.00126212
0.00117915
0.000910569
0.000894335
0.00090573
0.000901554
0.000912342
0.000898505
0.00151809
0.00199803
0.00166485
0.00173058
0.00156726
0.00121037
0.00286441
0.00258847
0.00365754
0.0032779
0.00355142
0.0034149
0.00369788
0.00870634
0.00606343
0.00763566
0.00782148
0.00677941
0.00691829
0.0170734
0.0123232
0.0132217
0.0108896
0.00892716
0.013662
0.00377051
0.00183798
0.00130169
0.00614664
0.00347053
0.0013793
0.00122365
0.00117319
0.00106716
0.000950084
0.00126061
0.00134368
0.0011175
0.00128301
0.00118787
0.00114976
0.0010752
0.00119403
0.00139873
0.000624396
0.00100205
0.00128264
0.000609144
0.000954179
0.00166991
0.000891948
0.000802089
0.000746866
0.00169683
0.00090817
0.000570347
0.000578689
0.000949285
0.000887711
0.00089148
0.000607096
0.00053852
0.000548356
0.000739013
0.000768945
0.00153352
0.000607662
0.000761415
0.000691648
0.00194673
0.000847472
0.000957015
0.00181084
0.00194155
0.00164601
0.000956202
0.000600774
0.0012074
0.000903959
0.00766787
0.00684781
0.00678473
0.00724938
0.00602952
0.00623158
0.00168356
0.00173294
0.00170144
0.00206334
0.00210147
0.00175577
0.00198132
0.00456566
0.00356809
0.00295404
0.00220633
0.00176304
0.00226266
0.00194673
0.00182442
0.000853565
0.000841044
0.000750843
0.000823032
0.000955442
0.000925353
0.00199445
0.00143932
0.00187903
0.00151415
0.0014898
0.00124515
0.00110466
0.00103332
0.00202969
0.00169228
0.00103261
0.00135195
0.00135255
0.00142837
0.00185827
0.0015714
0.00166351
0.00202524
0.00172134
0.00191376
0.003713
0.00286786
0.00287785
0.00277263
0.00281572
0.00327897
0.00337709
0.00140133
0.00199386
0.00093754
0.000848133
0.00104931
0.00139975
0.0014335
0.00134173
0.00182277
0.00180853
0.00178542
0.00166984
0.00188158
0.00213096
0.00179972
0.00195197
0.000844049
0.000964393
0.00140013
0.000803433
0.00132598
0.00188322
0.000857899
0.000964859
0.000965257
0.000860685
0.00105109
0.000914151
0.00122414
0.000953408
0.000837511
0.000912537
0.00208963
0.00178731
0.00190626
0.0017098
0.00210471
0.00189216
0.00178545
0.00179414
0.00161748
0.00216769
0.00180736
0.000902649
0.000872968
0.000871895
0.000909676
0.000867556
0.000904846
0.00089749
0.000870441
0.000864308
0.000848503
0.0126686
0.0108776
0.00317264
0.00293264
0.00296132
0.00128101
0.00138324
0.00122332
0.00113362
0.00111504
0.00104965
0.00102327
0.00172033
0.0017855
0.00184333
0.00178881
0.00178626
0.00151868
0.0071732
0.00867926
0.0088673
0.0057171
0.0131514
0.00895373
0.0125719
0.00122726
0.00291148
0.00112108
0.00156306
0.00269131
0.00150235
0.00152678
0.00223693
0.00130738
0.00108469
0.00119879
0.00124065
0.00101697
0.000892
0.000976363
0.00109359
0.00135663
0.00115094
0.000904159
0.000898027
0.00130342
0.00105306
0.000757514
0.00103972
0.000742604
0.000939266
0.00134203
0.00442278
0.0059574
0.0067778
0.00666502
0.00782618
0.00604223
0.00549542
0.00547919
0.00730447
0.00231113
0.00421032
0.0032139
0.00279149
0.00342343
0.00240734
0.00504181
0.00459087
0.000965753
0.00119435
0.00112532
0.00144215
0.00350093
0.00289619
0.00267195
0.00350118
0.00287051
0.00321723
0.00237081
0.00274627
0.00246269
0.0039665
0.00448174
0.00501652
0.0119107
0.00715567
0.00924402
0.00343368
0.00401073
0.00163506
0.00255382
0.00334096
0.00199466
0.00422879
0.00386854
0.00395705
0.00417868
0.00475485
0.00264565
0.0019742
0.00175052
0.00358835
0.0032053
0.0024053
0.00154096
0.0014041
0.00192128
0.00172103
0.00220523
0.00232105
0.00336152
0.00216021
0.00358838
0.00357861
0.0038004
0.00236953
0.000752644
0.00106945
0.000899009
0.00102608
0.00085336
0.0011092
0.00111538
0.00100328
0.00137017
0.00098315
0.000845222
0.0011183
0.00129933
0.000881458
0.000832429
0.00147921
0.00140621
0.000992279
0.000954279
0.000884431
0.000846694
0.000880058
0.00196745
0.00101957
0.00393416
0.00185007
0.00175667
0.00437961
0.00422159
0.00149423
0.004323
0.00115802
0.00131868
0.00138145
0.00446067
0.00322461
0.00245314
0.000910674
0.00094489
0.000887505
0.00115231
0.00085651
0.000799934
0.00106604
0.00102827
0.000920042
0.000827411
0.000837178
0.00579999
0.0011611
0.00129081
0.000901602
0.00108211
0.000836835
0.000837377
0.000873187
0.00157686
0.00145197
0.00143602
0.00113631
0.00133544
0.00179382
0.00156928
0.00211825
0.00152929
0.00191908
0.0021188
0.00171475
0.00194081
0.00153458
0.00210214
0.00188804
0.0016043
0.00118951
0.001223
0.00155134
0.00112776
0.00112382
0.000883671
0.000850994
0.00085215
0.000835758
0.000764852
0.000854417
0.000874654
0.00329205
0.00285591
0.00314402
0.0062778
0.00478788
0.0045712
0.0045906
0.00437739
0.00464835
0.00437622
0.00479537
0.00489824
0.00712344
0.00486894
0.00243214
0.00252824
0.00253381
0.00233113
0.00244143
0.0019673
0.00276371
0.003265
0.00450054
0.00326471
0.00365193
0.00345869
0.00320333
0.00154981
0.00185723
0.00270082
0.00138762
0.000935794
0.00105277
0.000852634
0.00100935
0.00102724
0.010628
0.00418469
0.00752605
0.00399015
0.00490141
0.00418967
0.00516766
0.00381735
0.00432586
0.0051499
0.00594096
0.00493802
0.004422
0.0084861
0.00796603
0.00541169
0.003749
0.0101764
0.00560796
0.00354911
0.00570032
0.00855814
0.00743461
0.0069356
0.00187612
0.00198601
0.00212202
0.0021046
0.00162185
0.00400444
0.00427353
0.0041632
0.00426586
0.00433029
0.00499633
0.00603826
0.0082277
0.00660659
0.00507389
0.00580329
0.00641041
0.00525775
0.00448455
0.00549907
0.00499353
0.00468242
0.00505522
0.00634108
0.00670354
0.00170612
0.00159072
0.00131756
0.00096765
0.000864135
0.000820134
0.000885072
0.000828978
0.00277256
0.000754894
0.00352599
0.00277308
0.00353817
0.00413348
0.00341042
0.00388235
0.00200273
0.00259271
0.00297169
0.00221818
0.00256828
0.00360391
0.0147002
0.0145462
0.0106758
0.00224372
0.0134619
0.01106
0.00949593
0.0107133
0.0108531
0.00516011
0.00676848
0.00620295
0.00556167
0.00616136
0.00333996
0.00304332
0.00473035
0.004773
0.00481086
0.00556529
0.00225029
0.00209253
0.0020003
0.00221817
0.00215045
0.00236831
0.0015917
0.00231404
0.00163532
0.00218683
0.00235517
0.00253327
0.00263406
0.00271991
0.00232635
0.0021564
0.00215459
0.00154357
0.00209426
0.0017699
0.00387284
0.00151325
0.00399607
0.00286768
0.00148205
0.00261082
0.00225583
0.00171477
0.000804115
0.00105456
0.000871301
0.00107399
0.00366009
0.00159178
0.00134934
0.00112174
0.00143965
0.00152366
0.00151177
0.00125032
0.00144077
0.00139284
0.00123938
0.0015396
0.00113111
0.00410334
0.00687888
0.00979797
0.0105989
0.0132835
0.00892103
0.0033376
0.00854595
0.00821336
0.00456537
0.00461598
0.00731037
0.00534499
0.00512299
0.00382053
0.00381471
0.00527547
0.00992775
0.00845385
0.0079464
0.0112097
0.00892514
0.00519409
0.00718855
0.00727922
0.00678758
0.00585365
0.00589249
0.00594637
0.00605608
0.00706473
0.00706263
0.00720095
0.00661154
0.00671219
0.00755796
0.00702226
0.00332138
0.0025271
0.00227827
0.00228881
0.00211703
0.00190483
0.004738
0.00320544
0.00462652
0.00486547
0.00189119
0.00230957
0.00220781
0.00252602
0.00178072
0.00605215
0.00525326
0.00562102
0.00548621
0.00652433
0.00511407
0.00667119
0.00473766
0.00501465
0.00299484
0.00356055
0.00334191
0.00269629
0.00275243
0.00364784
0.00395704
0.00293023
0.00370947
0.00312505
0.00317674
0.00346515
0.00644682
0.00609315
0.00597302
0.0073044
0.00655284
0.00698172
0.00608001
0.00544916
0.00571002
0.0076344
0.00617757
0.00645735
0.00766327
0.00735682
0.00662642
0.00632607
0.00496778
0.00553814
0.00538097
0.00569365
0.0058812
0.00460602
0.00498127
0.00411043
0.00489075
0.00395348
0.003743
0.00481349
0.00412235
0.00340717
0.00504965
0.00468854
0.0107353
0.0063804
0.00689392
0.00970428
0.00601596
0.00862407
0.00508706
0.0026822
0.00460541
0.00236623
0.00255693
0.00933923
0.0107628
0.00613858
0.0130297
0.00222114
0.00207654
0.00218289
0.0021266
0.00223325
0.00193233
0.00202177
0.00196289
0.00197541
0.00208515
0.00239503
0.0021703
0.00207331
0.00206249
0.00221525
0.00238373
0.00115056
0.00109665
0.000835334
0.000984988
0.00109262
0.00110629
0.00113228
0.00152754
0.000955407
0.0010335
0.000866588
0.00359286
0.00460765
0.00337532
0.00355142
0.00331189
0.00385807
0.000848542
0.000813598
0.00110087
0.000791516
0.000773995
0.000780352
0.00114113
0.00118322
0.000831468
0.00268442
0.0015967
0.00283744
0.00206928
0.0027611
0.00164154
0.00127655
0.00751978
0.00107486
0.00413666
0.0103155
0.00961833
0.00382467
0.00352538
0.00812767
0.00105427
0.000900874
0.00125464
0.0015233
0.00155981
0.00537455
0.00588005
0.00551808
0.00502967
0.00568803
0.00648072
0.00665225
0.00770293
0.00652653
0.00729151
0.00609009
0.00672227
0.00608237
0.0071213
0.00633489
0.00395912
0.0055218
0.0051612
0.00523503
0.00345547
0.00431233
0.00361712
0.00476956
0.0044626
0.00441065
0.00413395
0.00375052
0.00293367
0.00254562
0.00300368
0.00152673
0.00309319
0.00377245
0.00282289
0.00337163
0.00531092
0.00197647
0.00177547
0.00235443
0.00294318
0.00215194
0.00212196
0.00203639
0.00159864
0.00654084
0.00645904
0.00626229
0.0069508
0.0128883
0.0115806
0.00470502
0.00650803
0.00606475
0.00630369
0.00510524
0.0064866
0.00691656
0.00666012
0.00783288
0.00961512
0.00916623
0.00688934
0.0109716
0.00968021
0.000909157
0.000912972
0.000921309
0.000812964
0.00180639
0.000880189
0.000868263
0.00225196
0.000876392
0.000903999
0.000895802
0.000818003
0.000916616
0.000875522
0.000883363
0.00091502
0.000916228
0.000924203
0.000868258
0.000848014
0.000872846
0.000842725
0.000853226
0.00308494
0.0039602
0.00428671
0.00452208
0.00523985
0.00125514
0.00626873
0.000912861
0.000853566
0.000882008
0.000909956
0.00324265
0.00985319
0.00846226
0.0066811
0.00567333
0.00495976
0.00683308
0.0061397
0.00555502
0.00556927
0.00695286
0.00521425
0.0022176
0.00167008
0.00190806
0.00179904
0.00155337
0.00155735
0.00176961
0.00181261
0.00214579
0.00221384
0.00241253
0.00452613
0.00558428
0.00485535
0.00115426
0.00145181
0.000884899
0.00101577
0.00106538
0.0013936
0.00141134
0.00106643
0.000853095
0.00267686
0.000944214
0.00116494
0.00188968
0.00666215
0.00764558
0.00717808
0.00585377
0.00635568
0.00799156
0.00748424
0.00660999
0.00603177
0.00664587
0.00729825
0.00635468
0.00428402
0.00475964
0.00439211
0.00463842
0.00595567
0.00292252
0.00419743
0.00361917
0.00416175
0.0038949
0.00246574
0.00446133
0.00409777
0.00328988
0.0044165
0.00386072
0.00551371
0.0050466
0.00333691
0.00396601
0.00347181
0.00339566
0.00415172
0.00484276
0.00431049
0.00388642
0.00506429
0.00413429
0.00443569
0.00482719
0.00169359
0.00203875
0.00193469
0.00145797
0.00117318
0.00207289
0.00331696
0.00342139
0.00364181
0.00324706
0.00358485
0.00186665
0.00208721
0.00220603
0.00177638
0.00218863
0.00211265
0.00208496
0.00217268
0.0019912
0.00192852
0.00211826
0.00203367
0.00216386
0.00189569
0.00193791
0.00195796
0.00196226
0.00188969
0.00210532
0.00215298
0.00182956
0.0021461
0.00213154
0.00206001
0.00213003
0.00134437
0.00212261
0.00217456
0.00155055
0.00201779
0.00187828
0.00207889
0.00210566
0.00203214
0.00202102
0.00205431
0.00196224
0.00219868
0.00208514
0.0017258
0.00170897
0.00136361
0.00185847
0.0014711
0.00194584
0.00207866
0.00197018
0.0020344
0.00197324
0.00192905
0.00209779
0.00220083
0.00223786
0.00215054
0.00236035
0.00206046
0.00251932
0.00244691
0.00243893
0.00210229
0.00226303
0.00225963
0.00236181
0.00211415
0.00195627
0.00191651
0.00192847
0.00203969
0.00121675
0.0014229
0.00104145
0.00232253
0.00267966
0.0012195
0.00213531
0.00276977
0.00146643
0.00200616
0.000959043
0.00176669
0.00161001
0.000999987
0.000939859
0.00128043
0.00122402
0.00186431
0.00190826
0.00176831
0.00148341
0.00183191
0.00164087
0.000914122
0.00122646
0.00184652
0.00260594
0.00261216
0.00218165
0.00210808
0.0019596
0.00199881
0.00186082
0.00207202
0.00191917
0.00198844
0.0024676
0.0023255
0.00217104
0.00234785
0.00239933
0.00203313
0.00211267
0.00224996
0.00202089
0.00207197
0.00211735
0.0019511
0.00201556
0.00189119
0.00193964
0.00198333
0.00215136
0.00208227
0.00202591
0.00138137
0.00209474
0.00186918
0.0019709
0.00197035
0.00171635
0.00184648
0.00183637
0.00193338
0.00178086
0.00100714
0.0019857
0.00191385
0.00180451
0.00161363
0.0022637
0.00243257
0.00214653
0.00230494
0.00172807
0.00173422
0.00167743
0.00181813
0.00185185
0.00191013
0.00180512
0.00204915
0.0020164
0.00203166
0.00208727
0.00211513
0.00204108
0.00207057
0.00211868
0.00187238
0.00196686
0.00220505
0.00209842
0.00200034
0.00218041
0.00200664
0.00207886
0.0020249
0.00216222
0.00217921
0.00242036
0.00188443
0.00220938
0.00243825
0.00253482
0.00229457
0.00216406
0.00234712
0.00222183
0.00236908
0.00211294
0.00191217
0.00153633
0.00160053
0.00181137
0.00194426
0.00190008
0.00176188
0.000765469
0.00180605
0.00181821
0.00174104
0.00167548
0.00228274
0.00245778
0.00222211
0.0022988
0.00233022
0.00204815
0.00227655
0.00213958
0.00235901
0.00231325
0.00206821
0.00204146
0.00236417
0.0022339
0.00226559
0.00213975
0.00208642
0.00215929
0.00215072
0.0021042
0.00205783
0.0020941
0.00201872
0.00183479
0.00169342
0.00165166
0.00201215
0.00183435
0.0020608
0.0025154
0.00229802
0.0023074
0.00220603
0.00194924
0.00192978
0.00198405
0.00199809
0.00202563
0.00199936
0.00192199
0.0020673
0.00210245
0.00192824
0.0019255
0.00199163
0.00207859
0.00211462
0.00178035
0.00192633
0.00179752
0.00163034
0.00161791
0.00153615
0.00148307
0.0022829
0.00239214
0.0010556
0.00173463
0.00211063
0.00200652
0.00218078
0.00257692
0.0026321
0.00227314
0.00245762
0.0024428
0.00243281
0.00203904
0.00207649
0.00199713
0.00205934
0.00209383
0.00206529
0.0021109
0.0020622
0.00208238
0.00200632
0.00202603
0.00196848
0.00215298
0.0020271
0.00200676
0.000898458
0.000922381
0.00192732
0.000916077
0.00097897
0.00172129
0.00201483
0.00227418
0.00248457
0.00199688
0.000850965
0.00168541
0.000926355
0.00129384
0.00150629
0.00180393
0.00108827
0.00145367
0.00139365
0.00180154
0.000921985
0.00129528
0.00152446
0.00170446
0.00151326
0.00178872
0.00168126
0.0014495
0.0013723
0.00172303
0.00110278
0.00144374
0.00156085
0.00133698
0.001884
0.000953692
0.00104569
0.00108505
0.00100074
0.00096731
0.00110854
0.000876157
0.000927143
0.000829094
0.000766973
0.000822296
0.000808461
0.000863499
0.000880131
0.00132292
0.0015189
0.00144794
0.00117461
0.00136298
0.0014885
0.00131977
0.00258264
0.00310156
0.00313808
0.00250425
0.00255981
0.00298374
0.00248958
0.00348046
0.00361255
0.00343236
0.000993532
0.00118016
0.00167629
0.00187678
0.00187694
0.00481944
0.00204893
0.00404762
0.00339502
0.0015298
0.00310152
0.00350365
0.00372843
0.00200707
0.00110379
0.00136034
0.000732267
0.00108678
0.00100143
0.000789767
0.00247391
0.00307379
0.00138615
0.00108706
0.0011483
0.00114276
0.0010954
0.00148794
0.00110443
0.00198688
0.00200536
0.00367622
0.00159747
0.00453541
0.00431837
0.00484553
0.0048354
0.00111144
0.00106197
0.0013266
0.00127539
0.00146614
0.00134636
0.00135394
0.00120809
0.00131286
0.00202219
0.00126802
0.00158287
0.00227393
0.00214114
0.00123584
0.00132596
0.00196946
0.00270619
0.00112194
0.00295812
0.00121096
0.00374641
0.00449619
0.00475766
0.00506891
0.00483287
0.00258322
0.00318677
0.00383741
0.00154874
0.00155533
0.00306354
0.00328788
0.0048102
0.00794999
0.00383603
0.00279235
0.0154709
0.00270212
0.0136892
0.0106193
0.00111644
0.0159246
0.00992881
0.0172067
0.00116938
0.00174902
0.00550507
0.00627355
0.00310334
0.00974971
0.0125602
0.00239761
0.000933141
0.0133475
0.00161809
0.00106303
0.00105399
0.00105017
0.00112541
0.001697
0.00103951
0.00123222
0.00096453
0.00098557
0.00121979
0.00767462
0.00100075
0.0053606
0.000924807
0.00096759
0.000912562
0.000836308
0.00997543
0.00163414
0.0046935
0.00277982
0.00507886
0.00494341
0.00455831
0.00413806
0.00291771
0.00391692
0.00331024
0.00343085
0.00392338
0.00419611
0.00432198
0.00450858
0.00150548
0.0128567
0.0140521
0.0145022
0.013074
0.0134922
0.00810735
0.0111171
0.0117254
0.0127841
0.0107441
0.00615742
0.0126172
0.0146889
0.0120753
0.00407066
0.0101999
0.00868326
0.00676917
0.0124284
0.0110062
0.00960928
0.00871608
0.00425522
0.00463239
0.00411783
0.00370902
0.00373817
0.00466713
0.00356404
0.00342316
0.00151823
0.00403262
0.00111421
0.00150072
0.00142063
0.00112204
0.00112558
0.00204532
0.00147443
0.00177358
0.00106203
0.00121458
0.00159881
0.0017337
0.0017892
0.00140717
0.00100688
0.00246983
0.00385146
0.00375618
0.00246745
0.00428375
0.00162434
0.00416775
0.00243165
0.00198414
0.00108453
0.00225174
0.00193143
0.00108365
0.00119922
0.00132442
0.000978695
0.00122399
0.00124279
0.000872724
0.00117607
0.00167654
0.00102184
0.00373574
0.00389324
0.0048514
0.00382182
0.00484344
0.00340541
0.00276997
0.00415109
0.0159215
0.0146511
0.0165864
0.0103409
0.00655028
0.0104994
0.000780593
0.00102207
0.000850309
0.000663239
0.000968021
0.00099184
0.00598668
0.0107772
0.00515815
0.0125619
0.0119515
0.00113229
0.0061024
0.00435357
0.00482393
0.0033601
0.0051528
0.00388696
0.00367617
0.00467091
0.0017822
0.00284885
0.00137538
0.00293919
0.00166592
0.00180559
0.00164195
0.00129202
0.00212751
0.00168059
0.00120991
0.00123408
0.00105046
0.000857105
0.00223943
0.00222198
0.00235962
0.000950087
0.00169895
0.0012827
0.000931988
0.00100235
0.0012942
0.00123571
0.00283401
0.000882977
0.00125537
0.00165054
0.00156318
0.00139839
0.00103764
0.0012082
0.00121627
0.00253617
0.00165664
0.00444983
0.00166816
0.00414146
0.00482542
0.00283545
0.00256753
0.004341
0.00252222
0.00233829
0.00310957
0.00297955
0.00362422
0.00203573
0.00133182
0.0012679
0.00182302
0.00155826
0.00141869
0.00094151
0.0010666
0.00111627
0.00460664
0.00132273
0.000975256
0.00172596
0.00152993
0.00469024
0.00429108
0.0015016
0.00168874
0.00220426
0.00213325
0.0023071
0.00187717
0.00189331
0.00230741
0.0019025
0.00201522
0.0019638
0.00217267
0.00346149
0.0112686
0.00095506
0.00115405
0.0108928
0.0102696
0.0116018
0.0045484
0.00778069
0.0104007
0.00096158
0.00768917
0.00221737
0.00405189
0.00243501
0.0025506
0.00255868
0.00364784
0.00103337
0.0011723
0.00110465
0.000942109
0.00195945
0.00133578
0.00127707
0.00373991
0.003457
0.00394788
0.0037884
0.00409986
0.00358736
0.0025838
0.00190235
0.0022506
0.00208341
0.00198652
0.00180602
0.00214164
0.00182558
0.00206327
0.00192058
0.00150147
0.00292276
0.0023663
0.00186529
0.00260284
0.00235101
0.00199412
0.00157558
0.00121774
0.00223207
0.00130084
0.00136799
0.00136967
0.00122167
0.00178966
0.00214311
0.0015724
0.00169092
0.00183037
0.00197571
0.00191485
0.00196979
0.00613025
0.00585631
0.00612947
0.00503811
0.00457775
0.00568795
0.00638846
0.00565188
0.00382077
0.00588252
0.00559727
0.00549083
0.00595372
0.00522571
0.00131718
0.00113546
0.000924861
0.000870352
0.000881095
0.00105784
0.00101882
0.00113548
0.00125741
0.00156395
0.00106529
0.00117233
0.000988309
0.00116485
0.00147075
0.00100395
0.0011057
0.00181146
0.00115136
0.00113781
0.00103471
0.0013493
0.00119576
0.00565939
0.00123986
0.00325264
0.0014215
0.00107164
0.000958653
0.00146405
0.0011638
0.00143824
0.00157237
0.00158249
0.00148902
0.00156086
0.00138115
0.00103662
0.00118707
0.00099646
0.00123942
0.00149662
0.00101128
0.00103833
0.000996578
0.00146377
0.000907298
0.000997898
0.00131112
0.00127045
0.00114312
0.00115387
0.00133512
0.00112699
0.00134028
0.00136137
0.0014591
0.00113785
0.00134265
0.00145681
0.00120585
0.00123098
0.00147153
0.00147253
0.00132007
0.0014317
0.00154171
0.00145651
0.00144362
0.0117792
0.00111016
0.00107705
0.00109372
0.00120399
0.00116667
0.00139947
0.001157
0.00110552
0.00127394
0.0010614
0.00103807
0.00110229
0.00645993
0.00592613
0.00105915
0.00642474
0.00935545
0.00679158
0.00138027
0.0014702
0.00130537
0.00143924
0.00125641
0.00113653
0.00130885
0.00120977
0.00128217
0.0039669
0.00093378
0.000994282
0.00109056
0.000990978
0.000932197
0.000973283
0.000940751
0.0011915
0.000940966
0.00201822
0.00199175
0.00216996
0.00204525
0.00196484
0.00184884
0.00203396
0.00180688
0.0017223
0.00191315
0.00195926
0.0022548
0.00169056
0.00178134
0.00196418
0.00118832
0.00160881
0.00145393
0.00100666
0.00116314
0.000877222
0.00137537
0.000865558
0.00134175
0.000804582
0.00130924
0.0010786
0.000961989
0.000809411
0.000828631
0.000883537
0.00116785
0.000979682
0.00196731
0.00189773
0.00193992
0.00182673
0.00181108
0.001888
0.0020226
0.00201464
0.000925753
0.00090897
0.000946596
0.000854951
0.000958708
0.000948599
0.00103829
0.000916814
0.000928895
0.000960381
0.0010411
0.00137479
0.00133821
0.000926375
0.00113636
0.000956622
0.000898468
0.00110327
0.00115932
0.000871141
0.00120862
0.00114527
0.00118534
0.00102952
0.000936821
0.00167527
0.000987027
0.000930983
0.00119481
0.00129354
0.000983296
0.00129518
0.00102928
0.00113147
0.00140456
0.00101284
0.000739775
0.0012741
0.000876893
0.000867056
0.000913052
0.00191279
0.00180031
0.00191011
0.00183998
0.00181316
0.00193517
0.00110035
0.000835063
0.000826596
0.000894362
0.0012643
0.00124229
0.00140273
0.00144568
0.000885406
0.000850136
0.000878731
0.000920074
0.000844415
0.000947927
0.00110332
0.00193752
0.00124932
0.000963808
0.00273923
0.000904515
0.000911012
0.00153731
0.000867776
0.000919997
0.000907673
0.00101302
0.000874823
0.00114351
0.000846635
0.000901044
0.00113346
0.000845523
0.00108815
0.00768761
0.00377109
0.00502963
0.0123105
0.00793008
0.00854624
0.00881327
0.0113007
0.00640522
0.00400533
0.00708221
0.0060265
0.00618512
0.007322
0.00649356
0.00753667
0.00985375
0.00588157
0.00664447
0.0106305
0.00867279
0.00990298
0.0124612
0.00572945
0.00936587
0.00582898
0.0102938
0.00965412
0.00717375
0.00587688
0.00753068
0.00879957
0.00968689
0.0118848
0.0118234
0.0118264
0.00928951
0.00895847
0.00437006
0.00402302
0.00459376
0.00524799
0.00426778
0.00436567
0.00423687
0.00387698
0.00408278
0.00293226
0.00537632
0.00429514
0.00397224
0.00424555
0.00361196
0.00259011
0.0036176
0.00676717
0.0057653
0.00522707
0.00688113
0.00717981
0.00874973
0.0070626
0.0083097
0.00884707
0.00805864
0.00890566
0.00687672
0.00694315
0.00476426
0.00732218
0.00537247
0.00733366
0.00712425
0.00670256
0.00730025
0.00699571
0.00723609
0.00711818
0.00783287
0.00651365
0.0060577
0.00691023
0.00676786
0.00607091
0.00491472
0.00545933
0.00464895
0.00615465
0.00657845
0.0060725
0.00638125
0.0065512
0.00612753
0.00677911
0.00712536
0.00628469
0.00647457
0.00459751
0.00598208
0.00619808
0.00643158
0.00375224
0.00281304
0.00208469
0.00271541
0.00377337
0.00242246
0.0023074
0.00334629
0.00301139
0.0041233
0.00312438
0.00277634
0.00306857
0.00379471
0.00372556
0.0031916
0.00351734
0.00424199
0.00273232
0.0019257
0.00207065
0.00225661
0.0017351
0.0018148
0.0019311
0.00190162
0.00158036
0.00163416
0.00162671
0.00178214
0.00175532
0.00218874
0.00180548
0.00182369
0.00166603
0.00198321
0.00137293
0.00182084
0.00159813
0.00155242
0.00363612
0.00297795
0.00120383
0.00178362
0.00342765
0.00386541
0.00390303
0.00363391
0.00365397
0.00336767
0.00377321
0.0046189
0.00467578
0.00641461
0.00485905
0.00440021
0.00463816
0.00470224
0.00428211
0.00485367
0.00679206
0.0064628
0.00576185
0.00547597
0.00608674
0.0059271
0.00658796
0.00624647
0.00686524
0.00176161
0.00200978
0.00344427
0.00143137
0.00183523
0.00315681
0.00344443
0.00153827
0.00336672
0.00383099
0.00312648
0.00188192
0.00352156
0.00301496
0.00447696
0.00160366
0.00503468
0.0025916
0.00154902
0.0115543
0.00204126
0.00610481
0.00223053
0.00412828
0.00548319
0.00180099
0.00473692
0.00132761
0.0112984
0.00107366
0.00494625
0.0113628
0.00375704
0.00486202
0.00434788
0.00455134
0.00395749
0.00468803
0.00367074
0.00411988
0.00348679
0.00437477
0.00545006
0.00564009
0.00458713
0.00480885
0.00526006
0.00410669
0.00432415
0.00387058
0.00198849
0.00322667
0.00384698
0.00578932
0.00697893
0.00610384
0.00146773
0.00179566
0.00152343
0.00113987
0.00119925
0.00103497
0.00126568
0.00133015
0.000702319
0.00099646
0.00104772
0.00127952
0.00131499
0.00132165
0.00139317
0.00456718
0.00587523
0.00567917
0.00479125
0.0042375
0.00502181
0.00492844
0.00571584
0.00575303
0.00558467
0.00643859
0.00562797
0.00088378
0.000904596
0.000916373
0.000900284
0.000809235
0.000908774
0.000918122
0.000905558
0.000905491
0.000862103
0.0102929
0.00754471
0.0107891
0.0086738
0.00862763
0.0133754
0.00998484
0.00575662
0.00663631
0.00559258
0.00489984
0.00614958
0.00423115
0.0064799
0.00491137
0.00553169
0.00472949
0.00513977
0.00457715
0.00562034
0.00396254
0.00144426
0.00117496
0.00307867
0.00329821
0.00215731
0.001439
0.00099649
0.000905897
0.00102598
0.00173661
0.0085758
0.00240099
0.0054111
0.000934264
0.00792868
0.00158922
0.00813415
0.0010535
0.00243294
0.00159132
0.00853541
0.00138194
0.00107172
0.0010844
0.00110432
0.00112742
0.00124155
0.00125527
0.00115523
0.00149047
0.00517962
0.00481084
0.00509725
0.00476847
0.00372428
0.00448388
0.00416626
0.0105108
0.0105583
0.0101862
0.00410234
0.00602024
0.00650734
0.00626687
0.00527287
0.00576418
0.00675106
0.00694359
0.00497755
0.00289782
0.00272356
0.00334092
0.00329848
0.00326527
0.00269893
0.00274901
0.00827938
0.00773394
0.00814765
0.00848497
0.00736917
0.00855499
0.00756683
0.00660561
0.000910409
0.000910287
0.0009092
0.000906984
0.000914771
0.00091655
0.000906392
0.000906738
0.000920472
0.000993128
0.00108307
0.000914457
0.00185288
0.00120107
0.000823487
0.00116304
0.00117777
0.00104925
0.00103078
0.00212744
0.00151872
0.00195611
0.00187934
0.00181827
0.0023612
0.00214358
0.00170562
0.00166292
0.00205982
0.00220189
0.00201721
0.00191442
0.00212511
0.00224062
0.00246005
0.0024288
0.00226611
0.0025754
0.00243659
0.00178779
0.00215773
0.00231391
0.00251638
0.00284796
0.00260335
0.00408445
0.00347653
0.00346645
0.00365251
0.00331476
0.00397347
0.00388472
0.00347475
0.00451734
0.0034844
0.00248692
0.0026541
0.00127084
0.00613283
0.0026869
0.00321538
0.00151925
0.0145618
0.0139222
0.011371
0.0134815
0.00561788
0.0130994
0.0037434
0.0131714
0.00418498
0.00575703
0.000959791
0.000987551
0.0133943
0.0127839
0.0121615
0.000940193
0.000897165
0.000870975
0.000874469
0.000879542
0.000962209
0.000933247
0.00101961
0.00256462
0.00707224
0.00144477
0.00911004
0.00848097
0.00606304
0.00266467
0.00716817
0.00121961
0.00622803
0.00265062
0.00159667
0.0015541
0.00156609
0.00187032
0.0022815
0.00342995
0.00225992
0.00110057
0.00110648
0.00101879
0.0012318
0.000969152
0.00107787
0.00108468
0.0010164
0.00116473
0.001059
0.0017066
0.00110388
0.00168864
0.00114719
0.00148708
0.00935446
0.0110251
0.0123198
0.012036
0.0126143
0.00529118
0.00647002
0.00524163
0.0050626
0.00676902
0.00604646
0.00658359
0.00585311
0.00444519
0.00459395
0.00453578
0.0044273
0.00377579
0.00382304
0.00435959
0.00493774
0.00361709
0.0044894
0.00287545
0.00313707
0.00301632
0.00316543
0.00284225
0.00235803
0.00219382
0.00313685
0.00287493
0.00302399
0.00364925
0.00347035
0.00358932
0.00272826
0.00969275
0.00957503
0.0106497
0.00838964
0.00703262
0.0103446
0.0102872
0.0114078
0.00415947
0.00399175
0.00360368
0.00427709
0.00382061
0.00415782
0.00122371
0.00138725
0.00155725
0.00131739
0.000935327
0.000901046
0.000948217
0.00878842
0.0092048
0.0113193
0.00650454
0.00693547
0.0115024
0.00997612
0.00821145
0.0104769
0.00367113
0.00462792
0.00365316
0.00479753
0.00480223
0.00441294
0.0039677
0.0048121
0.00468811
0.00125765
0.0019322
0.00156009
0.00196045
0.00220437
0.00211061
0.00217107
0.0022215
0.0019983
0.00200456
0.00200795
0.00209159
0.00216811
0.00209221
0.00225716
0.00207731
0.00211009
0.00223778
0.00228178
0.00209974
0.00138014
0.00235156
0.00159725
0.00181346
0.00110747
0.00147859
0.00241011
0.00144598
0.00220473
0.00215078
0.00224828
0.00223557
0.00203202
0.00213331
0.0130005
0.013975
0.0144708
0.00758828
0.0130619
0.0113557
0.0103196
0.0112982
0.00866517
0.0058469
0.00967207
0.0110007
0.00692846
0.00911902
0.00884899
0.00951136
0.00933594
0.00672621
0.0069401
0.00666162
0.00789169
0.00714507
0.00798665
0.00751838
0.00677777
0.00157924
0.00219637
0.0032201
0.00239529
0.00197631
0.000850653
0.00088548
0.000891364
0.000886249
0.000918076
0.000865685
0.000825412
0.000856293
0.00109856
0.00109609
0.00109502
0.000891989
0.00111871
0.00101386
0.0012634
0.00134655
0.00135
0.000988861
0.00149021
0.00141984
0.00141709
0.0010387
0.00280367
0.00267269
0.00139423
0.00133042
0.00127856
0.00243187
0.00139914
0.0024467
0.00184634
0.00126142
0.00143155
0.00257484
0.00151657
0.00171287
0.00232512
0.00200107
0.00265175
0.0008641
0.000913173
0.0008793
0.00127218
0.00101815
0.00113976
0.000966015
0.00212387
0.0018052
0.00175061
0.00137937
0.00150458
0.0013019
0.00183729
0.00160716
0.00175857
0.00205686
0.00195864
0.00212157
0.00193595
0.00224042
0.00171125
0.00166991
0.00188485
0.00212584
0.00174859
0.00211516
0.000961202
0.000881718
0.000873004
0.000858078
0.000898223
0.000881172
0.00082996
0.000901344
0.000868903
0.0008665
0.000841368
0.00521499
0.00697754
0.00875402
0.00505097
0.00478068
0.00846896
0.00512114
0.000889532
0.000868228
0.000907816
0.000898706
0.000865027
0.00180855
0.000910202
0.0015436
0.00147302
0.000630217
0.00334717
0.00148496
0.0015622
0.00098028
0.00405921
0.00431578
0.00209023
0.00239583
0.00124918
0.00221742
0.00155671
0.000981852
0.00148201
0.00118768
0.00196784
0.00208401
0.00200939
0.00204576
0.00161754
0.00218849
0.00161292
0.00128091
0.00158045
0.00137671
0.00191845
0.00187887
0.00192133
0.00196335
0.00233895
0.001897
0.00202857
0.00198398
0.0019967
0.00185575
0.00212545
0.000801968
0.000810833
0.000892489
0.000798611
0.00140071
0.00477123
0.00511195
0.0059447
0.00450192
0.00680284
0.00185788
0.00195636
0.00152157
0.00194142
0.001595
0.00197737
0.00192161
0.00185821
0.00190657
0.00138979
0.00139956
0.00155616
0.00208273
0.00205613
0.00210843
0.00210093
0.00219014
0.00125423
0.00154685
0.00147541
0.00116059
0.00180807
0.00159797
0.00121798
0.00111635
0.00710171
0.00746857
0.00653083
0.00564996
0.00626816
0.00791783
0.00661903
0.00658745
0.00105028
0.000903335
0.00109108
0.00126353
0.00142351
0.00089222
0.00094454
0.00111111
0.000865622
0.000881748
0.000865199
0.000914126
0.000907995
0.000849454
0.000860396
0.000879283
0.000912751
0.000916295
0.000880695
0.000878684
0.000877492
0.000865236
0.000869897
0.000905247
0.00088049
0.00087038
0.0149559
0.0143224
0.00661778
0.00871984
0.00795021
0.00927868
0.000858214
0.000880418
0.000850607
0.000850483
0.000874354
0.000835167
0.000838117
0.000849258
0.000841146
0.00112452
0.000825646
0.000827641
0.000870213
0.000893449
0.000803233
0.00085653
0.000909531
0.000668645
0.000700312
0.000742862
0.000969878
0.00138293
0.000774047
0.000927993
0.000820505
0.00174565
0.00908421
0.00843993
0.0100489
0.0117282
0.0145982
0.00258018
0.00154472
0.0010485
0.00104554
0.000977803
0.00168416
0.000968681
0.00114103
0.000810952
0.000726019
0.000849091
0.000776686
0.000742357
0.00414292
0.00376705
0.00278741
0.00373922
0.00118306
0.00305357
0.00279538
0.00391442
0.00389279
0.00380444
0.00384826
0.0040247
0.00388016
0.00503382
0.00500947
0.00463863
0.00465251
0.00461779
0.0152635
0.0166427
0.0104339
0.011661
0.0142534
0.00932293
0.0101449
0.0145782
0.013489
0.012471
0.00729288
0.00667737
0.00545859
0.00542831
0.00699949
0.0054814
0.00790189
0.00515153
0.00498073
0.00428589
0.00591785
0.00484704
0.00390573
0.00462922
0.00423106
0.0045656
0.00525342
0.00445759
0.00591645
0.00568857
0.0087758
0.00770889
0.00510291
0.00550345
0.00517445
0.00593501
0.00546721
0.00495702
0.00444067
0.00561297
0.00565124
0.00497126
0.00204734
0.00198864
0.00213852
0.00213534
0.00189907
0.00211886
0.00212431
0.00204317
0.00198139
0.00203885
0.00208451
0.00208286
0.00197248
0.00216388
0.0020723
0.00223226
0.00233549
0.0021276
0.00216805
0.00205414
0.0022243
0.00192403
0.00211638
0.00186144
0.0018968
0.00199911
0.00129794
0.00130882
0.00183604
0.00119504
0.00118745
0.00179101
0.00139951
0.00165627
0.0021318
0.00179571
0.00126638
0.00131386
0.00199453
0.00176288
0.00142074
0.00190277
0.00128321
0.00263677
0.00221777
0.00171788
0.0013439
0.00192483
0.00178202
0.0025886
0.00186616
0.00206446
0.00184678
0.00169706
0.0024334
0.00209163
0.00253292
0.00208931
0.00233796
0.00204107
0.00245281
0.00201455
0.00213409
0.00251524
0.00215996
0.00245214
0.00230332
0.00248295
0.00218675
0.00244709
0.00183491
0.00192801
0.00199596
0.00162596
0.00153967
0.00143857
0.00152872
0.00160125
0.00109868
0.00116059
0.00180485
0.0014699
0.00115016
0.00224271
0.00149663
0.00173562
0.00186925
0.00181695
0.00200418
0.0020482
0.00162543
0.00183063
0.00102395
0.000975022
0.00131649
0.00180627
0.00167792
0.0017344
0.00237374
0.002039
0.00173533
0.0018505
0.00158129
0.00249375
0.00171429
0.00149782
0.00137763
0.00153851
0.00205356
0.00192048
0.00170531
0.00212333
0.00165494
0.00171948
0.00193069
0.00184331
0.00140491
0.0021905
0.00163836
0.00150567
0.00101409
0.00133884
0.0021643
0.00214647
0.00209898
0.00259085
0.00231834
0.00155579
0.000912476
0.00152376
0.00139303
0.0014545
0.00164891
0.00185971
0.00158725
0.00243187
0.0011003
0.00116068
0.00319637
0.00321806
0.00232774
0.00315293
0.0031069
0.00342553
0.00257707
0.00103466
0.00117699
0.00115386
0.00101859
0.00133853
0.00531352
0.00452168
0.00556253
0.00497623
0.00655606
0.00599704
0.00527181
0.000928224
0.000848202
0.0010191
0.00117246
0.000754027
0.000931629
0.00073671
0.001039
0.000857974
0.00641596
0.00574623
0.00591203
0.00416868
0.0044455
0.00461572
0.00430177
0.00533924
0.00490745
0.0050381
0.00538288
0.00429625
0.00373039
0.0044962
0.00326415
0.0128985
0.0126273
0.0102572
0.00948778
0.000731702
0.000981853
0.00117323
0.000795952
0.000754143
0.00102961
0.00664254
0.0108772
0.00776129
0.00918815
0.0122869
0.00737972
0.00415176
0.00661374
0.00508661
0.00336028
0.00602349
0.00995669
0.00252674
0.00816713
0.0061447
0.00175938
0.0014824
0.00692828
0.00564522
0.00408271
0.00310593
0.000942665
0.00120586
0.0015447
0.00293992
0.000966931
0.00476457
0.00459902
0.00460551
0.00476701
0.00516684
0.00577457
0.00501197
0.00156109
0.00093807
0.0018898
0.00596789
0.00550261
0.00575147
0.00527696
0.00561424
0.00531532
0.00610955
0.00605485
0.00520828
0.00712878
0.00935332
0.00654013
0.00645613
0.00776292
0.00910334
0.00816892
0.00690254
0.00638298
0.0074432
0.00695308
0.00757044
0.00733069
0.00702454
0.0081039
0.00786589
0.00714462
0.00728562
0.00748809
0.00793909
0.00692376
0.00244486
0.00173312
0.00158605
0.00183454
0.00274256
0.00307876
0.00155532
0.00166006
0.00213033
0.00294975
0.00233011
0.00255944
0.00250231
0.00205437
0.00219895
0.00203824
0.00219804
0.00197877
0.00165352
0.00143102
0.00187039
0.00171144
0.00172098
0.00245652
0.002401
0.00253461
0.0024484
0.00263739
0.00246875
0.00212247
0.00220917
0.00178039
0.00231485
0.00187877
0.00205922
0.00187027
0.00210303
0.0126614
0.0133133
0.0135573
0.00759355
0.0125044
0.0028759
0.00407678
0.0033105
0.00284136
0.00459871
0.00490596
0.00085116
0.000891611
0.000887874
0.000895286
0.000833557
0.000884913
0.000883873
0.00082183
0.000831954
0.00192973
0.000823192
0.000829904
0.000854221
0.00159235
0.00160999
0.00459065
0.00196001
0.000893306
0.000918324
0.000916367
0.000918343
0.000920987
0.000916246
0.00312414
0.00349386
0.00458609
0.00309738
0.00450935
0.00327758
0.00329657
0.00266568
0.00264698
0.00144699
0.00157634
0.00127082
0.00145856
0.00141656
0.0013652
0.00117658
0.000963398
0.00098022
0.00614553
0.00631518
0.00575782
0.00565277
0.00611778
0.00517415
0.00529114
0.00840589
0.00715318
0.00659395
0.00346883
0.00517413
0.0060815
0.00401629
0.000841547
0.000949787
0.000966501
0.00104707
0.000945
0.000895036
0.000902263
0.00104667
0.00394044
0.00456578
0.00426416
0.00736208
0.00822819
0.00198927
0.00186505
0.00250775
0.00239456
0.00194163
0.00225258
0.00189063
0.00217612
0.00214197
0.00261722
0.00188267
0.00239332
0.00211567
0.00302887
0.00195108
0.001832
0.00155316
0.00185719
0.00166656
0.00387659
0.00461598
0.00504231
0.00453196
0.00397945
0.00436161
0.00463195
0.0017847
0.00161081
0.00193475
0.0020269
0.00152017
0.00221701
0.00156216
0.00149986
0.0015443
0.00150542
0.00139249
0.00125687
0.00136603
0.00142362
0.0016707
0.0019647
0.00112331
0.00191491
0.00184522
0.00142323
0.00208338
0.00152294
0.00143118
0.00131803
0.00204638
0.00207754
0.00200719
0.00199737
0.00202779
0.00182269
0.00184819
0.00183083
0.0018046
0.00196569
0.00182684
0.00153681
0.00175551
0.00162072
0.000929871
0.00133344
0.001112
0.00116824
0.000793785
0.000839857
0.00149414
0.00112585
0.00128481
0.00158649
0.0013073
0.000960372
0.00122935
0.00175638
0.00171779
0.00170267
0.00139239
0.00164997
0.00135169
0.001653
0.00155505
0.00207673
0.0023528
0.00123337
0.00119238
0.00191953
0.00227135
0.00107601
0.00290507
0.00260317
0.00281596
0.00235034
0.00224985
0.00226031
0.00230977
0.00226739
0.00258307
0.00229702
0.00242438
0.00234312
0.00246411
0.00252659
0.00135872
0.000995391
0.00101388
0.0013192
0.00121765
0.00106796
0.00100107
0.000992801
0.00324558
0.00158847
0.000899814
0.00157355
0.00136134
0.000900155
0.000988341
0.000900418
0.00182641
0.00148844
0.00100888
0.00180334
0.00243489
0.00224863
0.00121234
0.00344988
0.00327669
0.00421974
0.00401465
0.00385674
0.0035502
0.00165717
0.00351394
0.0037868
0.00370178
0.0044083
0.00395256
0.0035407
0.00454588
0.0103945
0.0042344
0.00718631
0.0106571
0.0104175
0.00809798
0.00808767
0.0109078
0.0100882
0.00201768
0.00229172
0.0020886
0.00187316
0.00213587
0.00227087
0.00228977
0.001924
0.00085506
0.000926542
0.000995906
0.000912206
0.000904559
0.00111144
0.000908356
0.000882357
0.000907181
0.000885786
0.000906276
0.000906415
0.000888841
0.00132165
0.00120991
0.00468792
0.00523816
0.0058147
0.00441824
0.00594671
0.0048665
0.00443148
0.00551548
0.00496265
0.00346958
0.00415789
0.00348469
0.00184249
0.00215739
0.00325914
0.00246867
0.0123
0.00825661
0.0151369
0.0138725
0.00667552
0.00755787
0.0112418
0.00955748
0.00624947
0.00704393
0.00592548
0.00637361
0.00702895
0.00648272
0.00645476
0.00582735
0.00611013
0.00726588
0.00768469
0.00220889
0.00221097
0.00201491
0.00225902
0.00227856
0.00218964
0.00212234
0.00208395
0.00206064
0.00208054
0.00208987
0.00121085
0.00107174
0.00100524
0.00117719
0.00154694
0.00181593
0.00163313
0.00121254
0.00147438
0.00195766
0.00165639
0.00178134
0.00214591
0.00216761
0.00180063
0.00150353
0.00147427
0.00155803
0.00175588
0.00197162
0.00169755
0.00186973
0.00163272
0.00167235
0.00183702
0.00207101
0.00196183
0.00189486
0.00195178
0.00183308
0.00228117
0.00177402
0.00227597
0.00255863
0.00109895
0.000801077
0.000921544
0.000870414
0.00105895
0.000882478
0.00101938
0.00110777
0.00198791
0.00233773
0.0019502
0.00186307
0.00190898
0.00240265
0.00316391
0.00372352
0.00277532
0.00664407
0.00123345
0.00124388
0.00111657
0.00129994
0.00126003
0.00152919
0.00193664
0.00171884
0.00187775
0.00170106
0.00447064
0.00339483
0.00481622
0.00512209
0.00496079
0.00344056
0.00477232
0.00412573
0.005687
0.00472037
0.00481983
0.0140149
0.00978735
0.00848205
0.00712436
0.0109419
0.012057
0.00758527
0.0139052
0.0104244
0.00257053
0.0126092
0.0120357
0.00894483
0.00880284
0.014454
0.00510352
0.0136992
0.00681521
0.00208974
0.002341
0.00143215
0.00164519
0.00158074
0.00245081
0.00199142
0.00270224
0.00165601
0.00204625
0.00186304
0.00150842
0.00213428
0.00205663
0.00203631
0.00222416
0.0020363
0.00247206
0.00189817
0.00268426
0.00246441
0.00213548
0.00229218
0.00198374
0.00563749
0.0042569
0.00432901
0.00389796
0.00410101
0.00146408
0.00143638
0.00115449
0.00141572
0.00100518
0.00129368
0.00117315
0.00104592
0.00122877
0.0109058
0.00984025
0.00605217
0.00490116
0.00489291
0.00717891
0.00981178
0.00504037
0.00430288
0.0041052
0.00495331
0.00521352
0.00464782
0.00509299
0.00468423
0.000857599
0.0103964
0.00804303
0.00738552
0.00539456
0.00479436
0.00651022
0.00471863
0.00206797
0.00202093
0.00201731
0.00209247
0.0017087
0.00240373
0.0021796
0.00230754
0.0020689
0.0025554
0.00246371
0.00151653
0.00176977
0.00152804
0.0112951
0.0107384
0.00761847
0.00441841
0.00186256
0.00429915
0.00109081
0.00329222
0.00439744
0.00411116
0.00452411
0.00579973
0.00522522
0.00520418
0.00549568
0.00387257
0.00493083
0.0056725
0.00355984
0.00337522
0.00219601
0.00239139
0.00214687
0.00277328
0.00203018
0.00190303
0.00201448
0.00199182
0.00217339
0.00211655
0.00214558
0.00200953
0.00195579
0.00207921
0.00194657
0.00304899
0.00310038
0.00320666
0.0037827
0.00276776
0.00290285
0.00250499
0.00226215
0.00393234
0.00413981
0.00369056
0.00407202
0.00322495
0.0038361
0.00374261
0.00359973
0.00246914
0.00268833
0.00287102
0.00278724
0.00312799
0.00336932
0.0029617
0.00390714
0.00381807
0.00258839
0.00403171
0.00360582
0.00143013
0.00201175
0.00165386
0.0017115
0.001327
0.00130019
0.00142269
0.00111233
0.00122184
0.00107586
0.00132373
0.00107778
0.000902589
0.000945965
0.000946369
0.000999786
0.000961889
0.000839067
0.000998598
0.000966597
0.00298283
0.00137047
0.00104564
0.000920167
0.00139889
0.0107667
0.00234647
0.00203077
0.00150228
0.00195445
0.00200446
0.00205917
0.00199857
0.00210514
0.0013833
0.00138013
0.00140773
0.00122341
0.00148016
0.00135797
0.00130743
0.00111963
0.000826035
0.00135306
0.0042319
0.00430742
0.00737154
0.0036172
0.0040483
0.00229125
0.00341725
0.00359825
0.00629288
0.0118495
0.00543527
0.00503199
0.00577666
0.00495128
0.00429698
0.00439615
0.00452178
0.00269003
0.00537956
0.00753573
0.00926757
0.00143019
0.00196112
0.00206417
0.00127759
0.00123643
0.00252929
0.00236501
0.00244065
0.0031927
0.00232982
0.00273398
0.00296814
0.0029949
0.00297158
0.00301769
0.00317667
0.00161976
0.00154708
0.00314562
0.00312056
0.00458872
0.00346815
0.00490398
0.00496255
0.00542525
0.00151094
0.000958874
0.00105492
0.00111845
0.000971668
0.00130624
0.00108775
0.00355444
0.0019758
0.00342108
0.00287577
0.00307263
0.00137691
0.00187936
0.00195752
0.00187694
0.00193024
0.00193683
0.00192527
0.0019326
0.00206646
0.00202304
0.00472635
0.0060184
0.00191579
0.00267518
0.00325989
0.00273842
0.00326425
0.00090797
0.000912626
0.000905877
0.000917081
0.000908258
0.000918833
0.000866614
0.000923462
0.000931895
0.00091989
0.000867712
0.000917552
0.000890901
0.000921047
0.000879032
0.0051022
0.00544075
0.00524
0.00562848
0.00528657
0.00292063
0.00196121
0.00199836
0.00250302
0.00222164
0.00219655
0.0013843
0.00178283
0.00152683
0.00214295
0.00299988
0.00118314
0.00140926
0.00162981
0.00558652
0.00227337
0.00236394
0.00207381
0.00440171
0.00466463
0.00359652
0.00342699
0.0010459
0.00360467
0.00536
0.00184524
0.000956594
0.00112699
0.00210986
0.00143279
0.00110983
0.00108554
0.00184458
0.00208349
0.00156636
0.00142329
0.00112446
0.00107256
0.00210382
0.000913549
0.000910243
0.00086043
0.000944208
0.000937997
0.00214515
0.00130662
0.00205789
0.00210128
0.00211486
0.002014
0.00200107
0.00152932
0.00183756
0.00250442
0.0025743
0.00266236
0.00200061
0.0117026
0.00803314
0.00320688
0.0101746
0.0059764
0.00796269
0.0017034
0.00126928
0.00270499
0.00197929
0.00201037
0.00259131
0.00221483
0.00294261
0.00167117
0.00215711
0.00216466
0.0038932
0.00375215
0.00392496
0.00152694
0.0111046
0.0133653
0.00591417
0.00294552
0.011329
0.00444842
0.00159078
0.00878832
0.0123166
0.00141443
0.00154571
0.00170592
0.00161389
0.00171927
0.00153543
0.00165233
0.00138968
0.00164989
0.00123142
0.00130095
0.00179378
0.00204664
0.00107362
0.00150371
0.00092637
0.00119159
0.00107026
0.00117887
0.00115308
0.000994219
0.00136645
0.00179527
0.00162265
0.000918137
0.00178709
0.0030791
0.00333279
0.00191945
0.00234424
0.00370377
0.00152793
0.00168537
0.00186173
0.00140236
0.0015288
0.00171771
0.00207251
0.00160209
0.00195135
0.00204302
0.00180719
0.00179463
0.00103524
0.00187975
0.00244681
0.00273779
0.0018704
0.00220617
0.00272881
0.00162273
0.000793001
0.00239221
0.00153172
0.0017149
0.00100808
0.00261146
0.00222277
0.00115604
0.00331892
0.00353866
0.00105157
0.0016733
0.00139848
0.00168019
0.00131906
0.000949894
0.00131676
0.00195745
0.00153945
0.00186912
0.00187728
0.00177565
0.00166781
0.00187607
0.00104724
0.0014461
0.00151233
0.00236813
0.00131205
0.00153765
0.00140978
0.00167238
0.0014675
0.00123463
0.0015553
0.00147662
0.00115429
0.00179817
0.00165395
0.00162935
0.00111382
0.00151242
0.00139639
0.00179511
0.00144708
0.00175667
0.004934
0.00125165
0.0061446
0.00224571
0.000967112
0.00124968
0.00136586
0.00107176
0.00138584
0.00139437
0.00117914
0.00219254
0.00239471
0.00408025
0.00340811
0.00450149
0.00133888
0.00869706
0.00772938
0.00663759
0.0019653
0.00256235
0.0031204
0.00372317
0.00500172
0.00357703
0.00474648
0.00481964
0.00472787
0.00490607
0.0014902
0.00135121
0.00164153
0.00117631
0.00395202
0.00485075
0.00545444
0.00564204
0.00266531
0.00438616
0.00467065
0.00514606
0.00546398
0.00576354
0.00639496
0.00240013
0.00212316
0.0036643
0.00200825
0.0064991
0.00663465
0.00484885
0.00533125
0.00551389
0.00444162
0.00651897
0.00622177
0.00563332
0.00642151
0.00690435
0.00457307
0.00584738
0.00535701
0.00621738
0.00571745
0.0100862
0.00895151
0.00474822
0.00567119
0.00510003
0.00703697
0.00949772
0.00876768
0.00741113
0.0055706
0.00756915
0.00771126
0.00489087
0.00450532
0.00768372
0.00727481
0.00743693
0.0031784
0.00346089
0.00296407
0.00332287
0.00286475
0.00302504
0.00296791
0.00345673
0.00337307
0.0029239
0.00260872
0.00354287
0.00279629
0.00307518
0.00316547
0.00351297
0.00411469
0.00372441
0.0102584
0.0106153
0.00671779
0.00597547
0.00514348
0.00558769
0.00672793
0.00666973
0.00764399
0.00789599
0.00664567
0.00664233
0.00583434
0.00545061
0.00537783
0.00557094
0.00596521
0.000878998
0.000887534
0.000836117
0.000929785
0.000946819
0.00103797
0.000899595
0.000943358
0.000911551
0.000880104
0.000902345
0.00131042
0.00131003
0.00159944
0.00179024
0.00149512
0.00148241
0.00135042
0.00153538
0.00105967
0.00165032
0.0010556
0.00195477
0.00191523
0.00199397
0.0019616
0.00210527
0.0019202
0.00180845
0.00156712
0.00149648
0.00182011
0.00149296
0.00159828
0.0015917
0.00173086
0.000929017
0.000931429
0.0008733
0.00092787
0.000941725
0.00166605
0.000942426
0.000929212
0.000932785
0.000910023
0.000925787
0.000946765
0.000923076
0.00115002
0.00129248
0.00121557
0.00149011
0.00108675
0.00105876
0.00140898
0.00100991
0.00117547
0.00153224
0.00110036
0.00132402
0.00124255
0.00128349
0.00142069
0.00183317
0.00156445
0.00143123
0.00140361
0.00196661
0.00135945
0.00174694
0.00149583
0.00162497
0.00199719
0.00164504
0.00166017
0.00180555
0.00196298
0.00177435
0.00142639
0.00194888
0.00105027
0.00112471
0.0010131
0.000957725
0.00697803
0.00240208
0.000953074
0.000977991
0.00154017
0.00190247
0.00181539
0.00159181
0.00144735
0.000873914
0.00094325
0.000915454
0.000939315
0.000848036
0.000940708
0.000940225
0.000909468
0.000926033
0.000864258
0.000895806
0.00173881
0.00103219
0.00289121
0.00101274
0.000969204
0.00103749
0.000982629
0.00379775
0.00235923
0.00226896
0.00233275
0.00182414
0.00293845
0.00344139
0.00151076
0.00143304
0.00107746
0.00141966
0.00108793
0.00200127
0.00197579
0.00190341
0.00140345
0.00183022
0.00214878
0.00290157
0.00118468
0.00178413
0.0014119
0.00270348
0.00224155
0.00182464
0.00135563
0.00155488
0.00260613
0.0017848
0.00135542
0.00129934
0.00126075
0.00312802
0.00338936
0.00307063
0.00178863
0.00138534
0.00342237
0.00350159
0.00242099
0.0021323
0.00288135
0.0032004
0.00535307
0.00971598
0.00207038
0.00491291
0.00266424
0.00388278
0.00225473
0.00310689
0.00270336
0.00332141
0.0019473
0.00107481
0.000940929
0.00156859
0.000950693
0.000953721
0.000940254
0.000908227
0.000917208
0.000920585
0.00117556
0.00183493
0.00124205
0.00149718
0.00128524
0.00194737
0.00143726
0.00149945
0.00130083
0.00150624
0.00111689
0.00234413
0.00122391
0.00101858
0.000960947
0.000875967
0.000884444
0.00159796
0.00114373
0.00103092
0.000934899
0.00106625
0.00123981
0.00126062
0.00315421
0.000921341
0.00151967
0.00110064
0.00141826
0.00133012
0.0012756
0.00194575
0.00374703
0.00298903
0.0030693
0.00134281
0.00136792
0.00185209
0.00175896
0.00363643
0.00344641
0.0036193
0.00336576
0.00318802
0.00153252
0.00150488
0.00189442
0.00130084
0.00127646
0.00412027
0.00311384
0.00353225
0.00316071
0.00448698
0.00141615
0.00447632
0.00199171
0.00187799
0.00147338
0.00131467
0.0012988
0.00121663
0.00157046
0.00146686
0.00152157
0.00145938
0.00120812
0.00155016
0.00149326
0.00149258
0.00171069
0.00182981
0.00195554
0.00193867
0.00201
0.0015546
0.0018326
0.00148138
0.0019237
0.00136654
0.00137789
0.00164161
0.00142409
0.00198876
0.00144012
0.00188483
0.00194966
0.00197138
0.00201807
0.00209623
0.00206597
0.00203219
0.00181157
0.00198809
0.00191381
0.00147939
0.00169797
0.00150845
0.00154528
0.00147588
0.00179604
0.0017238
0.00174719
0.0015409
0.00207061
0.00200103
0.00203894
0.00201576
0.00202667
0.00176816
0.00213427
0.00202526
0.00193791
0.00186973
0.00202696
0.00202121
0.001922
0.0019659
0.00197213
0.00228925
0.00216992
0.00192254
0.00247993
0.00265024
0.00252725
0.00238804
0.00239545
0.00228723
0.00245703
0.0024731
0.00201164
0.00181188
0.00194126
0.00215238
0.00196009
0.00241063
0.00188979
0.00182727
0.00203619
0.00169502
0.00216218
0.00173401
0.00189558
0.00187791
0.00179221
0.00167893
0.00167884
0.00165436
0.000939195
0.000931616
0.000912534
0.000918084
0.000929114
0.000907736
0.000931083
0.000998633
0.000908233
0.000978422
0.00136101
0.00118444
0.000949285
0.000968578
0.00137348
0.0014377
0.00103399
0.00146698
0.00130839
0.00113442
0.00144298
0.00140794
0.00121491
0.0013215
0.00128432
0.00145066
0.00103132
0.00163994
0.00134306
0.00191873
0.00199174
0.00198573
0.00192444
0.00209462
0.00195886
0.00197146
0.00207948
0.0019515
0.00197434
0.00197879
0.00203732
0.00199928
0.00195644
0.00193992
0.00215552
0.00205728
0.00190974
0.00186054
0.00216964
0.00201195
0.00141714
0.00216227
0.00190899
0.00207491
0.0021907
0.00207432
0.00205591
0.00211112
0.0019964
0.00213541
0.0021923
0.00190265
0.0020547
0.00177575
0.00204994
0.00179883
0.00205234
0.00110061
0.00156243
0.00143761
0.00146376
0.00323239
0.00428119
0.00392423
0.00382812
0.00407489
0.00353194
0.00351474
0.00398721
0.00415739
0.00187147
0.00176205
0.00181001
0.00195956
0.00206593
0.000947885
0.00094873
0.0010938
0.000909729
0.000935217
0.00175163
0.00151523
0.0013676
0.00278895
0.00282238
0.00195298
0.00215979
0.00207276
0.00218071
0.00512724
0.00419528
0.00447596
0.00559086
0.00635096
0.00674183
0.002054
0.00188051
0.00181509
0.00182043
0.00181771
0.00579325
0.00561005
0.00509978
0.00202243
0.00141513
0.00263683
0.00204995
0.00163021
0.00135857
0.00153052
0.00351597
0.00328784
0.00253609
0.00207939
0.00298361
0.00243296
0.00269753
0.00175805
0.00206858
0.00163106
0.00193458
0.0028343
0.00354902
0.0032132
0.00324894
0.00328609
0.00529533
0.00433142
0.00372575
0.00434227
0.00436824
0.00349411
0.00322115
0.00341305
0.00402467
0.00279904
0.00258668
0.00208462
0.00390828
0.00363253
0.00384141
0.00405599
0.00246187
0.00359677
0.00427949
0.00372065
0.00290453
0.00212557
0.0027411
0.00167209
0.00193356
0.00180156
0.00202103
0.00192837
0.0030264
0.00180948
0.00261311
0.0020806
0.00136202
0.00189095
0.00140373
0.00182103
0.00164906
0.00159362
0.00247821
0.00183036
0.00178171
0.00700819
0.0055148
0.00596712
0.0069857
0.00642735
0.00441295
0.0104796
0.0085474
0.00949271
0.00848935
0.00613068
0.00694491
0.00648622
0.00610372
0.00425494
0.00594539
0.00681161
0.00705621
0.00461527
0.00359497
0.00111754
0.00296429
0.00803128
0.0125646
0.0112111
0.00139062
0.00137897
0.00192427
0.00147942
0.00165534
0.00177168
0.00206485
0.00143608
0.00150301
0.0014048
0.00139323
0.00196434
0.0016041
0.0014058
0.00202624
0.00197055
0.00227638
0.00136422
0.00171511
0.00205262
0.0141033
0.0106814
0.00264906
0.00130568
0.00154594
0.00281437
0.00108041
0.00483689
0.00266311
0.0052404
0.00464333
0.00388515
0.00344159
0.00523667
0.00507996
0.00440549
0.0127292
0.00965527
0.00782955
0.00247778
0.012281
0.0119371
0.00130915
0.00108519
0.00164315
0.00180351
0.00235277
0.0015403
0.00148623
0.00155106
0.00359785
0.00415344
0.00415779
0.00354628
0.0039729
0.0037314
0.00192567
0.00199193
0.0019952
0.00206143
0.00220156
0.00118747
0.00194156
0.00124241
0.00097408
0.00102875
0.000936973
0.00173911
0.00174445
0.00195449
0.00136507
0.00130034
0.00158514
0.00135965
0.00136174
0.00147338
0.00186869
0.00205464
0.00127732
0.00304872
0.00170079
0.00183098
0.00201617
0.00212809
0.00175665
0.00185015
0.00101844
0.0011699
0.00125421
0.00127919
0.00109368
0.0010719
0.00107479
0.000973757
0.000940846
0.001002
0.00189133
0.00232587
0.00224418
0.00266966
0.00193038
0.0017236
0.00590272
0.00542878
0.00606335
0.00575001
0.00167834
0.00160439
0.00181862
0.00185971
0.00180379
0.00188472
0.00145735
0.00147422
0.00519564
0.00513223
0.0053081
0.00285658
0.00171313
0.00116736
0.00170484
0.00274063
0.00146934
0.00172491
0.00157435
0.00166291
0.00137651
0.00137923
0.00159057
0.00136223
0.00141388
0.00163891
0.00137877
0.00206579
0.00254624
0.00256261
0.00251643
0.00192259
0.0025322
0.00244805
0.00216567
0.00378373
0.00314736
0.00268035
0.00325064
0.00182845
0.00198515
0.00192521
0.0020094
0.00193869
0.00195035
0.00205098
0.00213285
0.00205909
0.00194338
0.00212274
0.0088172
0.0072842
0.00751492
0.00703337
0.00843723
0.00598315
0.00665951
0.00248742
0.00326822
0.00360784
0.00171671
0.00340296
0.00393879
0.00109036
0.000848109
0.00119777
0.000956159
0.000899394
0.000907274
0.00147014
0.000916332
0.000924003
0.00205614
0.00158235
0.00166424
0.00125207
0.00106806
0.00114638
0.00261863
0.0036863
0.00273294
0.00321111
0.00269724
0.00266207
0.00151421
0.0020925
0.0021005
0.00196291
0.00207276
0.00223626
0.00212711
0.00208025
0.00211123
0.00229668
0.00193583
0.00195521
0.00178149
0.00262265
0.000878271
0.000756836
0.000800249
0.00105556
0.000927927
0.000939523
0.00107505
0.00117305
0.00120169
0.00130627
0.00133577
0.00147243
0.00156404
0.00174407
0.00203642
0.00207146
0.00126006
0.00135249
0.00140906
0.00102407
0.00123524
0.00102473
0.00275063
0.00274638
0.00157149
0.00333624
0.0030574
0.00164821
0.00196989
0.00152733
0.0018709
0.00194651
0.00206349
0.00192136
0.00199642
0.00174642
0.00156547
0.00165953
0.00159719
0.00120542
0.00147459
0.00182492
0.00186757
0.00159144
0.00136218
0.00134986
0.000866918
0.00103477
0.00103512
0.00150865
0.00086113
0.00112587
0.00213068
0.000844918
0.00228466
0.000902139
0.000833513
0.00097054
0.000897323
0.00100408
0.000836914
0.000867259
0.000980834
0.00195849
0.00197526
0.00187457
0.00191003
0.00199184
0.00205689
0.00209841
0.00183979
0.00193491
0.00185201
0.00197797
0.00192816
0.00205526
0.00176685
0.00172649
0.00212798
0.00181961
0.00194552
0.00173741
0.0018677
0.00278546
0.00190938
0.00200384
0.0040945
0.00322867
0.00251719
0.0012569
0.00207741
0.000803991
0.00212907
0.000968257
0.00248583
0.000931747
0.000900446
0.000920446
0.000899836
0.000901446
0.000931715
0.00205235
0.00206092
0.00215572
0.00214432
0.00213914
0.00214088
0.00194677
0.00201941
0.0020465
0.00367842
0.00148507
0.00109656
0.00148496
0.00404826
0.00117418
0.0022662
0.0095293
0.000959694
0.00155571
0.00147648
0.00137515
0.0014919
0.00135773
0.00152237
0.00153626
0.00140161
0.00209126
0.00149999
0.00226468
0.00219122
0.00273187
0.00226347
0.00240183
0.00168062
0.00187365
0.0018262
0.00135873
0.00169706
0.00184028
0.00180003
0.00193718
0.00149323
0.00145512
0.00155161
0.00569833
0.00525961
0.00489354
0.00332016
0.00345763
0.00408526
0.00384496
0.00362454
0.00364713
0.00363284
0.00407663
0.00136531
0.00245384
0.00342867
0.00153541
0.00276196
0.00164303
0.000939483
0.00212495
0.00106252
0.00171367
0.00259665
0.000921975
0.00456923
0.00459157
0.00577775
0.00548247
0.0050503
0.00594068
0.0057942
0.00086958
0.000915106
0.000927055
0.000903399
0.000921985
0.000909425
0.00090887
0.000916668
0.00091501
0.000914692
0.000921109
0.000926811
0.000931539
0.00084929
0.00204193
0.00148819
0.00183381
0.0023098
0.00137635
0.00457963
0.00337554
0.00468349
0.00323869
0.00540498
0.00502754
0.00445126
0.00404964
0.000976549
0.0013104
0.000914388
0.00095384
0.000962887
0.0020729
0.0019454
0.00137659
0.00124851
0.000988154
0.000974886
0.00156696
0.00107178
0.00219997
0.00155932
0.00247123
0.00242965
0.00481939
0.00485478
0.00422731
0.00469066
0.00395471
0.00455839
0.00149889
0.00158329
0.00191878
0.00163362
0.00168337
0.00211583
0.0015499
0.00172553
0.00177143
0.00198344
0.00194977
0.00159705
0.00145038
0.00180988
0.00177802
0.00191393
0.00139075
0.0015051
0.0105257
0.0131106
0.00497707
0.00397244
0.00308208
0.011372
0.0115347
0.0103557
0.00326318
0.00335041
0.00436263
0.00450079
0.00416888
0.00429855
0.00371304
0.015247
0.00791811
0.013471
0.00772888
0.0133428
0.014554
0.00838276
0.00858033
0.00292175
0.0065762
0.00592643
0.00157122
0.00155105
0.00164933
0.00187576
0.00126799
0.00217699
0.00171813
0.00252932
0.0014684
0.00160225
0.00141333
0.00349792
0.00214922
0.00362176
0.00215044
0.00256454
0.00310263
0.0015554
0.00416135
0.0052291
0.00502305
0.00463815
0.0035139
0.00376697
0.00297714
0.00335671
0.0011693
0.00131683
0.00127343
0.00219732
0.00118164
0.00159852
0.00149599
0.00165867
0.00147048
0.000948181
0.00136621
0.00134897
0.00141402
0.00135985
0.000912057
0.00106909
0.000846457
0.00171861
0.00152203
0.00169665
0.00189364
0.00178956
0.0016162
0.00163321
0.00117841
0.00124634
0.0014058
0.00103617
0.00109981
0.000998117
0.00155926
0.001086
0.00148147
0.0018267
0.00240996
0.00289551
0.00146911
0.00129414
0.000943605
0.00145431
0.00146117
0.00135972
0.00182617
0.00179521
0.00152259
0.00160695
0.0018979
0.00184907
0.00170879
0.00154561
0.0017456
0.00212524
0.00211349
0.00217351
0.00203721
0.00203316
0.00211729
0.00213443
0.00205512
0.00177386
0.00197359
0.000891912
0.0012153
0.00177754
0.00167037
0.00122675
0.00193007
0.00232088
0.00257474
0.00256435
0.00213779
0.0018892
0.00220069
0.00228711
0.002474
0.00236658
0.0023607
0.00243791
0.00207035
0.00220972
0.00206006
0.00156246
0.00218579
0.00154078
0.00147563
0.00174823
0.00165437
0.00147251
0.0020491
0.00206801
0.00207455
0.00202427
0.00193058
0.00198886
0.00140106
0.00139631
0.00131359
0.00151959
0.00122944
0.00147159
0.00172789
0.00223652
0.00212605
0.00226837
0.00259035
0.0024749
0.0022435
0.00219837
0.00208603
0.00212534
0.00219203
0.00221345
0.00204269
0.00207166
0.00203048
0.00204694
0.00196617
0.0021182
0.00209089
0.00209126
0.00200805
0.00202615
0.00210459
0.00176919
0.00197502
0.00208577
0.00207671
0.00126696
0.00131755
0.0021031
0.00212608
0.00197982
0.00212232
0.00213526
0.00205812
0.00219968
0.00208647
0.00196112
0.00203808
0.00215969
0.00184683
0.00184411
0.00166418
0.00166449
0.00193973
0.00170552
0.00185158
0.0016746
0.00187256
0.00190583
0.00215089
0.00176009
0.00228306
0.00504213
0.00466776
0.00509855
0.00499622
0.00421781
0.00453376
0.00372053
0.00459887
0.00382312
0.00408494
0.00440914
0.00452553
0.00453047
0.00731908
0.00534555
0.005153
0.00613354
0.00834351
0.00919182
0.00663039
0.00580047
0.00605983
0.00191903
0.0015675
0.00211891
0.000925863
0.0013319
0.00127907
0.00345604
0.00372095
0.00436268
0.00415773
0.00586969
0.00560225
0.00505975
0.00479503
0.00475476
0.00433643
0.00509813
0.00605247
0.00545065
0.00523166
0.00411113
0.00603157
0.00677996
0.006968
0.00652886
0.00647654
0.00507378
0.00482679
0.00596703
0.00466562
0.00494081
0.00508147
0.00576181
0.00551419
0.00552784
0.00827996
0.00851508
0.00459271
0.00644716
0.00548158
0.0111454
0.00546135
0.00556652
0.0127662
0.0112292
0.00960061
0.00360005
0.00392832
0.00378611
0.0038533
0.00251131
0.00102275
0.00130973
0.000800577
0.0012608
0.000822871
0.000980945
0.000985692
0.0024318
0.00255013
0.00243537
0.00242293
0.00242382
0.00209983
0.00200398
0.00206868
0.00194294
0.000850152
0.000843441
0.000967151
0.00104137
0.00090282
0.000890932
0.000864886
0.00190241
0.00217923
0.00175728
0.00174134
0.00162251
0.00169338
0.00143464
0.00711853
0.0117387
0.0077831
0.00683812
0.0102779
0.0114814
0.00914954
0.00613678
0.00670248
0.004158
0.0113113
0.0115141
0.00815048
0.00584
0.00199968
0.00219418
0.00221934
0.00220954
0.00172411
0.00160511
0.00153707
0.00146589
0.00180518
0.00170437
0.0013907
0.00155731
0.00214484
0.00170603
0.00196623
0.00153455
0.00146457
0.00709319
0.00547889
0.00876715
0.00933147
0.00429592
0.00479955
0.00276325
0.00417256
0.00441011
0.00478779
0.00303024
0.0040987
0.00481362
0.00225504
0.00286883
0.00882216
0.00722467
0.00586278
0.0035399
0.00452788
0.00290739
0.00263306
0.00431374
0.00494275
0.00440987
0.00319677
0.00290902
0.0155933
0.0126593
0.00601708
0.0127237
0.0115729
0.0044466
0.0058377
0.000995002
0.000991321
0.000922446
0.00113577
0.000948156
0.00120474
0.00125133
0.00147841
0.00140375
0.00144211
0.00252577
0.0023751
0.00224142
0.00168791
0.00332487
0.00220994
0.00211727
0.00356855
0.0020775
0.00201367
0.00186018
0.0021775
0.00211364
0.00213928
0.00217583
0.00222761
0.00249918
0.00164144
0.00162892
0.00159056
0.00231186
0.00181031
0.00198261
0.00192181
0.00184255
0.00212776
0.00157243
0.00198876
0.00192829
0.00207828
0.00191861
0.0020868
0.00199064
0.0013864
0.00153598
0.00185433
0.00177013
0.00164055
0.00221848
0.00212037
0.0020547
0.00224834
0.00195748
0.00194192
0.00212047
0.0068714
0.00597065
0.00580029
0.00591029
0.0074168
0.00681442
0.00650291
0.000883151
0.000819904
0.000800429
0.000984249
0.000844654
0.000877255
0.00110986
0.000886169
0.000953883
0.000893931
0.00192686
0.00209926
0.00192826
0.0020775
0.00180384
0.00160194
0.00167841
0.00168581
0.00155036
0.00157967
0.00174307
0.00173257
0.00614575
0.00560893
0.00729073
0.00662481
0.00626277
0.00515238
0.0050657
0.0075891
0.00808268
0.00513568
0.00796217
0.0106315
0.0078915
0.00497812
0.0079866
0.0086415
0.00118225
0.00310636
0.00108294
0.00136204
0.00323858
0.00209612
0.00158119
0.00160955
0.00123022
0.00259145
0.00124378
0.00227129
0.00230945
0.00239582
0.00216318
0.00287486
0.0024052
0.00282201
0.00135421
0.0017681
0.00167779
0.00182209
0.00204444
0.00258002
0.00139669
0.00133623
0.00128607
0.00104487
0.00135541
0.00101652
0.00104302
0.0021874
0.00207203
0.0019798
0.00199437
0.00210931
0.002172
0.00141054
0.00194739
0.0020228
0.00214546
0.00231602
0.00263987
0.00219059
0.00252215
0.00170357
0.00214809
0.00200615
0.00240908
0.0024522
0.00203658
0.00183823
0.0017315
0.0020908
0.00209232
0.0017897
0.00237449
0.00237037
0.00241918
0.00260176
0.00244764
0.00234499
0.00186242
0.00208588
0.0020893
0.00201366
0.00200426
0.0020698
0.0034004
0.00357691
0.00330438
0.00286268
0.00191718
0.00243235
0.00354763
0.00333817
0.00141797
0.00325775
0.0057355
0.00602535
0.00620769
0.00574481
0.00534384
0.00539527
0.00528927
0.00527758
0.00368267
0.0032322
0.00309723
0.00371406
0.00267841
0.00341875
0.00348307
0.00344813
0.00189105
0.00155662
0.00128949
0.00120969
0.000994632
0.000889615
0.00110893
0.00737269
0.011687
0.0108106
0.00898618
0.0095026
0.0012366
0.0017763
0.00238278
0.00199458
0.00202067
0.00177201
0.00203017
0.00181852
0.00239355
0.00401479
0.00228197
0.00117731
0.00158667
0.00188314
0.00400952
0.00347553
0.00442238
0.00691263
0.00367295
0.00708637
0.00498749
0.00524754
0.00319907
0.00305649
0.00253712
0.00372373
0.003488
0.00328614
0.00518835
0.00174145
0.00201813
0.00208506
0.00184671
0.00194866
0.00186017
0.00156815
0.00190931
0.00173295
0.00149642
0.00158375
0.00139149
0.00222419
0.00275959
0.00260942
0.00337797
0.00262511
0.00340884
0.00162333
0.0018859
0.00163105
0.00146941
0.00186495
0.00111321
0.00140947
0.00241804
0.00164097
0.00103088
0.00088335
0.00095448
0.000938106
0.000946082
0.000902104
0.000936028
0.000892382
0.000917936
0.000917388
0.00149535
0.00161586
0.00254462
0.00120695
0.000970942
0.0043339
0.00382766
0.00458655
0.00451522
0.0051535
0.00527182
0.00601723
0.0056553
0.000943761
0.00151021
0.00146421
0.00138052
0.00190819
0.00195317
0.00193693
0.00178447
0.00216921
0.00209396
0.00138365
0.00158771
0.00203696
0.00170526
0.00204574
0.00193572
0.00205222
0.00355127
0.00166557
0.00226217
0.00185499
0.00338446
0.00145381
0.00168703
0.00197903
0.0024369
0.00134495
0.000859465
0.00084704
0.000847989
0.000818856
0.000834238
0.000961328
0.000968624
0.000942279
0.00133905
0.000946327
0.00144816
0.00169529
0.00157694
0.00123794
0.00157075
0.00206016
0.00198049
0.0021239
0.00204836
0.00198762
0.00105285
0.000964846
0.00101797
0.00115608
0.00138638
0.00108029
0.00157347
0.00106935
0.00144206
0.00150311
0.00386002
0.00494142
0.00336183
0.00540685
0.00507837
0.00421407
0.00219232
0.00322125
0.00317647
0.00403428
0.00364379
0.00419827
0.00683223
0.00804107
0.00406871
0.00380952
0.00349832
0.00655024
0.0052855
0.00859649
0.00286504
0.00370302
0.00498438
0.00422997
0.00471974
0.00173955
0.00146652
0.00206515
0.00206215
0.00210618
0.00208349
0.00152486
0.00166014
0.00166323
0.00149397
0.00514
0.00505777
0.00463615
0.00483273
0.00661956
0.00707554
0.0051467
0.00597333
0.00754665
0.0013142
0.00161597
0.0012802
0.00107417
0.00110715
0.00134765
0.0016547
0.0015151
0.00095037
0.000856952
0.00084844
0.000885224
0.000871549
0.000923098
0.000887543
0.000900975
0.00190812
0.0021099
0.00208427
0.00211905
0.00200746
0.00188221
0.00217363
0.00214995
0.00202177
0.00193105
0.00217872
0.00168099
0.00100156
0.00174397
0.00296514
0.00197163
0.00289249
0.00257451
0.00199899
0.00185934
0.00201159
0.00205219
0.00199283
0.00208877
0.00227047
0.00243022
0.00219956
0.00215842
0.00210045
0.00216474
0.00232766
0.00211782
0.00189245
0.00219205
0.00214443
0.00199724
0.00215266
0.00113161
0.00123905
0.00121608
0.000849282
0.00203657
0.00117546
0.00154675
0.00115087
0.00107389
0.00157158
0.00109653
0.00232281
0.00149984
0.00245563
0.00111153
0.00211446
0.00623276
0.00579621
0.000968135
0.0060796
0.000971296
0.00634758
0.0018652
0.00178372
0.00166704
0.00198857
0.00118493
0.00103484
0.00116516
0.000929157
0.00173938
0.00185739
0.000980217
0.00416258
0.00470658
0.0043578
0.00291517
0.00324264
0.00483572
0.0019895
0.0020487
0.00198901
0.0021064
0.00205032
0.00224278
0.00209971
0.00212609
0.00132947
0.00146258
0.00163606
0.00146043
0.002026
0.00204722
0.00306761
0.00111132
0.00114876
0.00205422
0.00209696
0.00208642
0.0020428
0.00207173
0.00203251
0.00166304
0.00186147
0.00196706
0.00170551
0.00197378
0.0019757
0.00215237
0.00184615
0.00189399
0.00221128
0.00208668
0.00191072
0.00210994
0.00213
0.00208278
0.00209241
0.00189848
0.00183908
0.00155528
0.00152751
0.00144325
0.00143787
0.00168312
0.00189603
0.00176721
0.00179331
0.00179406
0.000913082
0.00100761
0.00091242
0.000889745
0.00109359
0.0014546
0.00112169
0.00169626
0.00169704
0.00163674
0.000894384
0.00144329
0.00149473
0.0018587
0.00131791
0.0012298
0.0011688
0.00102797
0.00111862
0.00117654
0.00106792
0.000934355
0.000915229
0.000867297
0.00117906
0.00093381
0.000883961
0.000884499
0.000933311
0.00091619
0.000867078
0.00167523
0.00140627
0.00136164
0.00197145
0.00124388
0.00172145
0.00157049
0.00190151
0.00176433
0.00207919
0.00165625
0.00174272
0.00177612
0.00221908
0.000876191
0.000857579
0.00092572
0.000876773
0.000824934
0.00085676
0.000935559
0.000959979
0.000923531
0.00091382
0.00092368
0.000905558
0.000899748
0.00090631
0.000897878
0.000865627
0.00274264
0.00253114
0.00328965
0.00292735
0.00310966
0.00339271
0.00266885
0.00297194
0.00226277
0.00444942
0.00376525
0.00254844
0.00251251
0.00142322
0.0020991
0.00191385
0.00218627
0.00131528
0.00227385
0.00198145
0.00257427
0.00203409
0.00253514
0.00177089
0.00195846
0.0016474
0.00188784
0.00237611
0.00213902
0.00194399
0.00212824
0.00197393
0.00186312
0.00186724
0.00372821
0.00322447
0.00459235
0.00429759
0.00341492
0.00411972
0.00272822
0.00122298
0.00131233
0.00139129
0.00128981
0.00141502
0.001496
0.00150986
0.00182202
0.00195414
0.00205997
0.00180031
0.00177155
0.00176133
0.00139913
0.00148231
0.00172647
0.00142088
0.00145813
0.0014982
0.00219921
0.00201765
0.00267245
0.00204157
0.00214852
0.00230334
0.00236222
0.00250939
0.00213408
0.00202186
0.00222235
0.00208764
0.00190448
0.00205686
0.00196742
0.00210814
0.00210429
0.00227868
0.00229808
0.00250915
0.00229419
0.00231852
0.00248657
0.0024424
0.00251668
0.00231337
0.00238315
0.00104144
0.00127465
0.00123379
0.00169042
0.00167436
0.00237752
0.00120675
0.00139645
0.0013032
0.0012665
0.00119694
0.001236
0.00147436
0.00131862
0.00101227
0.0009989
0.00121843
0.00121331
0.0021393
0.00207844
0.00210952
0.00203762
0.00214915
0.00209965
0.00204934
0.00209244
0.00205628
0.00197772
0.00189463
0.00346717
0.00221438
0.00265325
0.00132426
0.00165605
0.00256725
0.00160373
0.00137253
0.00213979
0.00545547
0.00413858
0.00480733
0.0048554
0.00504573
0.00464975
0.00446194
0.00208068
0.00240703
0.00191766
0.0022302
0.00225821
0.00222122
0.00120494
0.00300264
0.00308562
0.0049584
0.00155909
0.00216692
0.00155602
0.00166441
0.00209596
0.00103027
0.000951466
0.00134481
0.00127028
0.00103085
0.00124001
0.00127443
0.00104457
0.00130168
0.00126212
0.00209124
0.00195754
0.0021074
0.00270974
0.00269548
0.00163032
0.00171789
0.00187331
0.00213901
0.00274471
0.00208149
0.00228824
0.00254724
0.00186352
0.0024079
0.0031706
0.00219027
0.00139644
0.00164776
0.00162224
0.00205791
0.00306188
0.00295644
0.00182956
0.00196057
0.001287
0.00236847
0.00368857
0.00199405
0.00160593
0.003171
0.0019993
0.00198208
0.00285434
0.00171608
0.00186355
0.00270151
0.00271694
0.00123885
0.00102241
0.00140892
0.00126468
0.0013949
0.00104217
0.000840365
0.00145737
0.000882322
0.00102146
0.000866131
0.000904377
0.000896512
0.00138873
0.000985283
0.00111078
0.00115758
0.00097169
0.00104141
0.000968411
0.000974027
0.00146024
0.00107953
0.0036125
0.000865798
0.000860663
0.000903725
0.000883692
0.000856966
0.000915987
0.000929816
0.000853632
0.000939813
0.000935286
0.000864277
0.00119779
0.000942403
0.000941762
0.000898661
0.000941379
0.00138876
0.00122943
0.00288264
0.00125612
0.00192432
0.00193517
0.00192409
0.00205821
0.00214663
0.00218702
0.00258314
0.00540822
0.00486531
0.00506152
0.00439087
0.00484286
0.00570488
0.00515586
0.0028134
0.00158398
0.00109237
0.00148892
0.00223487
0.00176877
0.00351221
0.00224963
0.00193908
0.00185923
0.00178175
0.00177485
0.00182787
0.00195992
0.00157639
0.001602
0.00142997
0.0025182
0.00195298
0.00145394
0.00229242
0.00155025
0.00143689
0.00202403
0.00193028
0.00211428
0.001642
0.0014103
0.00158564
0.00184335
0.00197828
0.00205817
0.0020155
0.00209044
0.00195212
0.0020469
0.00211634
0.00222259
0.00210311
0.00212855
0.00267234
0.00243382
0.00145255
0.00255923
0.00152395
0.00253118
0.00144792
0.000829942
0.000868998
0.000837003
0.00107903
0.00103508
0.000954055
0.00111166
0.00662592
0.00554669
0.00536573
0.00769279
0.00619787
0.00633498
0.00622027
0.00694982
0.0016152
0.00136572
0.00147015
0.00178783
0.00205853
0.00140183
0.00133704
0.00156605
0.00164906
0.00233359
0.00225564
0.00219219
0.00240769
0.00231965
0.00218573
0.00209241
0.00249108
0.00220038
0.00196842
0.00246983
0.00235423
0.00217328
0.00241299
0.00258616
0.00247073
0.00230091
0.00217018
0.00260837
0.00266674
0.00249874
0.00236225
0.0016794
0.00212783
0.00254115
0.00214246
0.00139733
0.00204083
0.00192007
0.00184513
0.00180437
0.00200932
0.00203036
0.00201629
0.0019679
0.002039
0.00205876
0.00209234
0.00763868
0.00532478
0.00887335
0.00782047
0.00491003
0.00955446
0.00722247
0.00485027
0.00485915
0.00567269
0.00206461
0.00211405
0.00246626
0.00233272
0.00231734
0.0021687
0.00220767
0.00203234
0.00161796
0.00169941
0.00191977
0.00138941
0.00149213
0.00156216
0.0015251
0.00145131
0.00206104
0.00197467
0.00220599
0.0021979
0.00216502
0.0021699
0.00218722
0.0019883
0.00215652
0.00229941
0.00225207
0.00213089
0.0021408
0.00220781
0.00169995
0.00167554
0.00155104
0.00187261
0.00143135
0.00208275
0.0018898
0.00187678
0.00148157
0.00136799
0.00313393
0.00268731
0.00266052
0.00331269
0.00224393
0.00236998
0.00342047
0.00187779
0.00274743
0.0032567
0.00264937
0.00311017
0.0027162
0.00157024
0.00139713
0.00165501
0.00177527
0.00207464
0.00201
0.0021788
0.0022434
0.00139048
0.00139397
0.00129352
0.00163958
0.00467859
0.00261487
0.00261605
0.00505416
0.00804963
0.00424864
0.00806313
0.00207679
0.00205561
0.00210993
0.0021516
0.00208402
0.00188813
0.00218218
0.00874674
0.00689279
0.00409869
0.00687184
0.00962208
0.00199376
0.00205772
0.00196901
0.0020263
0.00206556
0.00179943
0.0016654
0.00145391
0.00154435
0.0017055
0.00171981
0.0015282
0.001698
0.00175867
0.00162225
0.00160436
0.00170853
0.00141907
0.00173121
0.00148444
0.00159261
0.00163223
0.001516
0.000921056
0.000953038
0.00635568
0.00326001
0.0053455
0.00257215
0.00373306
0.00243988
0.00183107
0.00281257
0.00204702
0.00202824
0.00217092
0.00197408
0.00214377
0.0020887
0.00152042
0.00120946
0.00124517
0.00165432
0.00161971
0.00140138
0.00136286
0.0014939
0.00156831
0.00125022
0.00156527
0.00204291
0.0018119
0.00191806
0.00158126
0.00173951
0.00184751
0.00193801
0.00185986
0.00175167
0.00175955
0.00171981
0.00184707
0.00191454
0.00193004
0.00182014
0.00196905
0.00203791
0.00194908
0.00204024
0.0019613
0.00188901
0.00206499
0.00207954
0.00308915
0.00229318
0.00315503
0.00317352
0.00247846
0.00262726
0.00153659
0.00183663
0.00154028
0.00177798
0.00184184
0.0029259
0.00187536
0.00211516
0.00251343
0.00139045
0.0027378
0.00215129
0.00281362
0.00310684
0.00306896
0.00227494
0.00243005
0.00179627
0.000906287
0.00185181
0.000948823
0.00107952
0.0010314
0.00330369
0.00250537
0.00294956
0.00266389
0.00329965
0.00237821
0.00262239
0.0023113
0.0022533
0.00142831
0.00201555
0.00163091
0.00250738
0.00188334
0.00103221
0.00129112
0.000940415
0.000930768
0.000955526
0.00103455
0.000961581
0.00097938
0.00113366
0.000960165
0.00100433
0.000971673
0.00256854
0.000979825
0.000976506
0.00102139
0.00217379
0.00201819
0.00164959
0.00214743
0.00151542
0.00251864
0.00276087
0.00250661
0.00274549
0.00203154
0.00348077
0.00167188
0.00319932
0.0031114
0.00309086
0.0026772
0.00242919
0.0035764
0.00218693
0.00203861
0.00200498
0.00201991
0.00209765
0.0015828
0.00140384
0.00143672
0.00165339
0.00161672
0.00233425
0.00222908
0.00210522
0.00232199
0.0017764
0.0021494
0.00191866
0.0019205
0.00200777
0.00169285
0.00190979
0.00195671
0.00332752
0.00248627
0.00306662
0.00388265
0.00411773
0.00351958
0.00512367
0.00598024
0.00619887
0.00628832
0.00235644
0.00179264
0.00179718
0.0020885
0.00225479
0.00265892
0.00199076
0.00204499
0.00164761
0.00237629
0.00288849
0.0034322
0.00098046
0.00100615
0.00144382
0.00111466
0.00108352
0.000959695
0.000983098
0.000962558
0.00140593
0.00216128
0.00117136
0.00216565
0.00121052
0.00106811
0.00151712
0.00153973
0.00097307
0.000938576
0.000868598
0.00131964
0.00109053
0.00160807
0.000939481
0.00098155
0.00188805
0.00112073
0.00109293
0.00217204
0.00189833
0.000854112
0.000944341
0.00114662
0.00206558
0.00212959
0.00121559
0.00198554
0.00187218
0.00186199
0.00192967
0.0019308
0.00216444
0.00209242
0.00200677
0.00197854
0.00203696
0.0019839
0.00200338
0.00191173
0.00135294
0.0014888
0.00274682
0.00287817
0.00339933
0.00202735
0.00566254
0.00205223
0.00227434
0.00135779
0.00904238
0.00605605
0.00559342
0.00201535
0.00200721
0.00197052
0.00205103
0.00188322
0.0019797
0.00188358
0.00216781
0.00222247
0.00206762
0.00252701
0.00217906
0.00145494
0.00125224
0.00154739
0.00170704
0.00153737
0.00135071
0.00113682
0.00134401
0.00121189
0.00104781
0.000988039
0.00119635
0.00123175
0.00129667
0.00101278
0.00117934
0.00109133
0.00129038
0.00146909
0.00149626
0.00120854
0.00132481
0.00152797
0.00151409
0.00151957
0.0017577
0.00192067
0.00186147
0.0019781
0.00211776
0.0021212
0.00188079
0.00199261
0.00569688
0.00513615
0.00527668
0.00537612
0.00546266
0.00621937
0.00615749
0.00544588
0.00267369
0.0035437
0.0035962
0.00310819
0.00294851
0.00200331
0.00204692
0.00202641
0.00215381
0.00217897
0.00213759
0.00215729
0.00212599
0.00210399
0.00212573
0.00201312
0.00294825
0.00145316
0.0013747
0.00162092
0.00163466
0.00151311
0.00126771
0.0011765
0.00239211
0.00229044
0.00263939
0.00270583
0.00247065
0.00176298
0.00248886
0.00205616
0.00133266
0.00294348
0.00289168
0.00211127
0.00282141
0.00352293
0.0017136
0.00167547
0.00197461
0.00393717
0.00264333
0.0039017
0.00429597
0.00265547
0.00415925
0.00274917
0.00299432
0.00354887
0.00286581
0.00264274
0.00314615
0.00362445
0.0057324
0.000912952
0.00132014
0.000855525
0.00139323
0.000831932
0.000924881
0.00147112
0.000843663
0.00107672
0.00132172
0.00154171
0.00176918
0.00112578
0.00171045
0.00086198
0.000835126
0.00123422
0.000769661
0.000950064
0.0020938
0.00215858
0.00211988
0.00209414
0.00207791
0.0020875
0.00202843
0.00203154
0.0019075
0.00178345
0.00180312
0.0020041
0.00197087
0.00170005
0.0019548
0.00207947
0.00196601
0.00195789
0.00187423
0.0019461
0.00129678
0.00144571
0.0014045
0.00159039
0.00138646
0.0014208
0.0035402
0.00489066
0.00867752
0.0025895
0.00348354
0.00479894
0.00175347
0.00213977
0.00215658
0.00208
0.00235164
0.00230847
0.00266658
0.00225323
0.00299083
0.00289282
0.00266608
0.00287901
0.00384674
0.00411429
0.00414268
0.00224095
0.00223087
0.00222472
0.00208349
0.00211234
0.00207866
0.00229246
0.00114686
0.00176991
0.0016569
0.00107769
0.00171452
0.00183849
0.00202494
0.00129475
0.00130194
0.00114878
0.0023669
0.00238192
0.00221729
0.00227322
0.0022532
0.00197343
0.00206271
0.00197567
0.00213399
0.00263961
0.001664
0.00172843
0.00158266
0.00184478
0.00211736
0.00160847
0.00185354
0.00268244
0.00215367
0.00201182
0.00227393
0.00152193
0.0022308
0.00232555
0.00155323
0.00296312
0.00222122
0.00144751
0.00329916
0.0035057
0.00280001
0.00489305
0.00500288
0.0033897
0.00332594
0.00245138
0.00395743
0.0018986
0.002698
0.00116542
0.00133891
0.00150157
0.0014539
0.00122859
0.00130828
0.00122146
0.00203276
0.00199496
0.00152102
0.00179219
0.00250222
0.00226128
0.00220225
0.00158273
0.00312693
0.00180093
0.00236703
0.00304425
0.00364791
0.00386611
0.00151338
0.000918618
0.000896321
0.000942007
0.000951294
0.000978275
0.00153068
0.00212917
0.00239148
0.00182268
0.00202021
0.00303971
0.00223391
0.00202543
0.00216829
0.00200258
0.00211252
0.00222395
0.00204171
0.00225447
0.00207454
0.00178342
0.00202934
0.00201147
0.00212147
0.00215789
0.00204943
0.00204495
0.00219031
0.00209759
0.00255259
0.00204997
0.00219086
0.00221894
0.00203109
0.0020242
0.00213539
0.00226066
0.00236692
0.0024501
0.00233153
0.00215059
0.00195487
0.00200039
0.0021063
0.00212278
0.00203533
0.00194766
0.00203278
0.00184896
0.00189282
0.00194185
0.00198967
0.00191009
0.00228996
0.00189014
0.00259881
0.00236919
0.00211807
0.00248058
0.00184846
0.00156181
0.00252213
0.00263446
0.0016493
0.00185205
0.00248828
0.00246105
0.0026229
0.00249956
0.00239447
0.00241041
0.00250788
0.0026314
0.00248631
0.00228499
0.0022747
0.00159885
0.00192092
0.00152967
0.0012641
0.00137421
0.00246578
0.00232394
0.00255108
0.00217052
0.00189455
0.00235884
0.0022528
0.00209476
0.00260952
0.00311464
0.00285133
0.00215314
0.00200542
0.00211137
0.00225897
0.00216709
0.002229
0.0020561
0.00157004
0.0018941
0.0017642
0.00184825
0.00194866
0.00184706
0.0019639
0.00193695
0.00176794
0.00176442
0.00166198
0.0011283
0.00175914
0.00153315
0.000964497
0.000887354
0.00192641
0.00184588
0.00182691
0.00195488
0.00198572
0.00186763
0.00176019
0.00210367
0.00212748
0.00229868
0.00147804
0.001998
0.00164275
0.00146047
0.00197941
0.0019431
0.00204035
0.00200359
0.00193282
0.00195533
0.00203231
0.00196663
0.00199887
0.00223819
0.00197037
0.00244102
0.00217972
0.00236419
0.00221206
0.00202451
0.00192821
0.0022193
0.00213659
0.00153929
0.00152191
0.00151752
0.00155079
0.00102964
0.00103546
0.0009754
0.0010839
0.00106771
0.00139662
0.00163742
0.000981357
0.000999889
0.000988623
0.00194556
0.00205986
0.00222607
0.00197733
0.00204094
0.00199775
0.00138066
0.00118129
0.00106498
0.00123466
0.00106595
0.00154084
0.00149195
0.000801973
0.000872606
0.00251209
0.0021432
0.00215748
0.00203127
0.00192393
0.00189437
0.00188062
0.00162917
0.00222213
0.00219415
0.00300191
0.00299017
0.00182907
0.00280434
0.00263871
0.00201641
0.00190229
0.00190891
0.00202584
0.00213046
0.00203741
0.00187187
0.00196441
0.00185015
0.00210703
0.00211733
0.00209867
0.00205366
0.00198112
0.00210445
0.0019899
0.00174001
0.00164439
0.00158687
0.00219506
0.00182655
0.0019941
0.00207138
0.0018714
0.00261555
0.00257866
0.00270518
0.00660253
0.00179981
0.00315753
0.00577022
0.00460606
0.00512558
0.00167485
0.00168913
0.00154748
0.00183541
0.00208868
0.00268532
0.00192361
0.0022507
0.00220527
0.00289964
0.00192571
0.00175647
0.00182264
0.00160683
0.00175447
0.00171217
0.00162845
0.00171701
0.00182943
0.00201826
0.00216598
0.00210875
0.0020227
0.00171845
0.00196863
0.00172009
0.00173635
0.00194319
0.00200778
0.00200812
0.00151627
0.00169708
0.00196468
0.00123647
0.00115881
0.00128729
0.00211016
0.000871068
0.00131212
0.000949314
0.000971789
0.000967785
0.00097684
0.000923169
0.00101131
0.000981769
0.000983481
0.00266433
0.0021032
0.00180692
0.00266528
0.00233989
0.00203644
0.00274449
0.00268939
0.00182589
0.00197613
0.00172974
0.00201281
0.00201109
0.00198507
0.00206006
0.00199687
0.00204722
0.00199118
0.00210864
0.00213571
0.00183504
0.00210319
0.0016733
0.00189761
0.00179131
0.00205592
0.0020551
0.00104356
0.00100774
0.000983667
0.0011958
0.00114174
0.0010372
0.00111705
0.000906721
0.00097996
0.00108843
0.00151441
0.00141514
0.00129768
0.00146346
0.00170334
0.00123241
0.00128801
0.0018034
0.00171248
0.00196524
0.00257601
0.00186804
0.00162679
0.00154982
0.0020827
0.00265545
0.0022215
0.00203538
0.00203864
0.00198363
0.00212441
0.00187259
0.00199769
0.00202655
0.00208119
0.00249854
0.0025194
0.0032764
0.0037226
0.00449957
0.0044783
0.00493585
0.00373532
0.00373501
0.00399661
0.00513153
0.00533588
0.00116511
0.00144729
0.00192041
0.00147589
0.00161092
0.00144045
0.00122906
0.00103057
0.00171323
0.00263173
0.00148332
0.00158805
0.00162678
0.00162673
0.00275073
0.00318845
0.00389098
0.00275178
0.00635249
0.00404462
0.00430953
0.00388518
0.00444557
0.00408771
0.00095492
0.000934222
0.000994189
0.000955715
0.00120079
0.00274102
0.00146026
0.00354868
0.00142072
0.00282572
0.00214107
0.00189267
0.00200537
0.00178651
0.00157978
0.00140541
0.00210759
0.00149942
0.00147247
0.00127146
0.00259063
0.00349062
0.00322421
0.00281733
0.00253271
0.00205277
0.0020962
0.00192013
0.00217769
0.00202625
0.00202937
0.00200342
0.00373272
0.00303981
0.00486822
0.00216498
0.00250577
0.00241369
0.00220345
0.00237182
0.00205653
0.00193937
0.00192686
0.000950221
0.000990729
0.00106919
0.000900074
0.000910406
0.0010229
0.00104439
0.000891751
0.00148485
0.00153369
0.00161974
0.00141883
0.00165445
0.0047009
0.00386942
0.00412937
0.00460289
0.00309185
0.00697851
0.00209017
0.002023
0.00180383
0.00196793
0.00204098
0.00222129
0.0023155
0.00202517
0.00192147
0.00255953
0.00229999
0.00188186
0.00175051
0.00211618
0.00172043
0.00209953
0.00257417
0.00196428
0.00218852
0.00257272
0.00190085
0.00205088
0.00200717
0.00232691
0.00151545
0.00181201
0.00166919
0.00166714
0.0016787
0.00214734
0.00222359
0.00226543
0.00151147
0.00163224
0.00196098
0.00207713
0.00217444
0.00206635
0.00204856
0.00199623
0.00152747
0.00152978
0.00200497
0.00200039
0.00209892
0.00210038
0.00164481
0.00162788
0.00202758
0.00196663
0.00210305
0.00188384
0.0019566
0.00198889
0.00189253
0.0018864
0.00177712
0.00196299
0.00156083
0.00180817
0.00170593
0.00155613
0.00149688
0.000997527
0.000889634
0.00107684
0.00123216
0.00126639
0.00176886
0.00171453
0.00108305
0.00153969
0.00177166
0.0018891
0.00178002
0.00192678
0.00197903
0.00191061
0.00210619
0.00229849
0.00173584
0.00218514
0.00169129
0.00194693
0.00157099
0.00189177
0.00292573
0.00202515
0.00222116
0.00172707
0.00169426
0.00176754
0.00169658
0.00156593
0.00188994
0.00184438
0.00182055
0.00245382
0.001644
0.0093051
0.00203907
0.0082211
0.00599659
0.00287561
0.0015863
0.00143519
0.00173506
0.00995372
0.00477977
0.00147798
0.000836209
0.000918373
0.001011
0.00127711
0.00481751
0.00107091
0.00271791
0.00300733
0.00335495
0.00313126
0.000807427
0.00367178
0.00323516
0.00920305
0.00708059
0.00506226
0.0116752
0.00490688
0.00434199
0.00153047
0.00195763
0.00200591
0.0085619
0.00527321
0.00389091
0.00142035
0.000892127
0.00106337
0.00249492
0.00604125
0.00611001
0.00514034
0.00196297
0.00136417
0.00230612
0.00247079
0.00333643
0.00447969
0.00205268
0.000891346
0.00146057
0.00156874
0.00139856
0.00178483
0.00566626
0.0012263
0.00583824
0.00955534
0.00208411
0.00310524
0.00182823
0.00240069
0.00104906
0.0009621
0.000957873
0.000955591
0.00332907
0.00477238
0.00180729
0.00173264
0.00166468
0.00579312
0.00130867
0.00215752
0.00300705
0.0112204
0.00364509
0.00261151
0.000926487
0.00580007
0.00669533
0.00576261
0.00581375
0.0059937
0.00266203
0.00375447
0.00293058
0.00253439
0.00261354
0.00274287
0.00218366
0.0026108
0.00248917
0.00286095
0.00277518
0.0023381
0.00357617
0.0023601
0.00386519
0.00246204
0.00258464
0.00223938
0.00229326
0.00202533
0.00226719
0.00265298
0.00373805
0.00276332
0.00230785
0.00216628
0.00244183
0.00258225
0.00242781
0.00244259
0.00400124
0.0041506
0.0035042
0.00213403
0.00257473
0.00227264
0.00262285
0.00391852
0.00317058
0.00282942
0.00331134
0.0029301
)
;

boundaryField
{
    tank_inlet
    {
        type            fixedValue;
        value           uniform 0.000937;
    }
    tank_outlet
    {
        type            zeroGradient;
    }
    tank_walls
    {
        type            kqRWallFunction;
        value           nonuniform List<scalar> 
4233
(
0.0019223
0.00361713
0.00112637
0.00112637
0.00251554
0.00238598
0.00146231
0.00525654
0.000383097
0.00337466
0.00170132
0.002188
0.00116217
0.0033136
0.00334912
0.0019829
0.00196555
0.000982391
0.00214718
0.00249632
0.00268681
0.00428541
0.00264851
0.00231891
0.00192557
0.00255587
0.00283159
0.00409249
0.00101979
0.00048086
0.00147856
0.00388726
0.00460813
0.00228403
0.000868101
0.000868101
0.00141663
0.00195324
0.000400505
0.000365824
0.000437031
0.00107784
0.000879398
0.000990746
0.000652905
0.000485056
0.000485056
0.00106575
0.00128631
0.000375105
0.000948451
0.00136557
0.00136557
0.0014418
0.00141001
0.00141001
0.00139807
0.00149803
0.00134826
0.00134826
0.00155885
0.00135006
0.00132237
0.00125943
0.00285196
0.00119632
0.00119632
0.00132257
0.00120212
0.000826897
0.000826897
0.000963617
0.00114968
0.000957167
0.000688133
0.00112718
0.00112718
0.00142775
0.000898935
0.00115939
0.00108112
0.000888441
0.000888441
0.00127589
0.00118506
0.00151682
0.00118622
0.00118622
0.000964263
0.000975509
0.000975509
0.00120918
0.00120918
0.0011019
0.000663019
0.000663019
0.00123874
0.00198993
0.000671647
0.000671647
0.00142501
0.00112642
0.00112642
0.000753353
0.000721861
0.000721861
0.00114031
0.000946967
0.00114681
0.00110589
0.00110589
0.000609455
0.000609455
0.000888346
0.000888346
0.00235703
0.00321193
0.00401304
0.00256474
0.000723055
0.00133747
0.00151371
0.0015908
0.0015908
0.00167549
0.00167549
0.00179424
0.00165109
0.0025697
0.000475685
0.000475685
0.00141702
0.00141702
0.0015694
0.00195255
0.00270247
0.00135899
0.00161903
0.00161903
0.000786878
0.00219886
0.00116849
0.00116849
0.00137933
0.00144874
0.00144874
0.00259387
0.00117161
0.0019639
0.0019639
0.00239275
0.00200249
0.00146344
0.00146344
0.000863462
0.000863462
0.0018028
0.00308777
0.00201922
0.00201922
0.00142193
0.00142193
0.0015508
0.0015508
0.00172892
0.00173086
0.00136056
0.00136056
0.00149865
0.00149865
0.00146027
0.00170159
0.00169195
0.00169195
0.00230138
0.00505474
0.00457711
0.00179754
0.00254197
0.00188647
0.00188647
0.00137186
0.00147579
0.00147579
0.00127484
0.00137831
0.00128137
0.00128137
0.00353541
0.00319885
0.00132479
0.00322103
0.00338283
0.00296462
0.00349786
0.00337539
0.00339152
0.00212124
0.00372272
0.00397557
0.00429464
0.00317797
0.00498628
0.0041311
0.00345914
0.00307287
0.00263923
0.00322969
0.00363018
0.00420241
0.00344342
0.00170448
0.00234837
0.00199365
0.00216073
0.00227484
0.00185581
0.0026311
0.00403245
0.00424556
0.00324559
0.0020144
0.00283114
0.00293496
0.00120647
0.00165505
0.00176793
0.00469064
0.0042921
0.00371639
0.00510545
0.00417416
0.00527654
0.00490299
0.00463329
0.0040791
0.00508099
0.00661387
0.00150167
0.0056645
0.00244297
0.00292082
0.0035326
0.00509458
0.00458451
0.00342284
0.00503195
0.00425131
0.00381011
0.00493868
0.00489032
0.00419165
0.00258676
0.00450026
0.00399144
0.00439749
0.00430958
0.00456179
0.00413898
0.00410423
0.00347959
0.00460835
0.00473037
0.00564469
0.00624132
0.00575496
0.00576885
0.00482243
0.00727992
0.00433526
0.00433368
0.00465033
0.00347813
0.00125347
0.00579846
0.00507399
0.0058433
0.00495477
0.00135566
0.00129631
0.00117257
0.00146891
0.00364963
0.00551972
0.00104992
0.00104992
0.0011763
0.00550304
0.00480895
0.00490842
0.000981406
0.000981406
0.00155334
0.0034186
0.00479699
0.000831401
0.00179213
0.00359494
0.00410271
0.00497407
0.00382478
0.00169861
0.0040745
0.00261645
0.000648853
0.000648853
0.000713055
0.000805124
0.000805124
0.0010557
0.0011083
0.00125267
0.00277193
0.00380201
0.00457117
0.00400182
0.00432796
0.00365014
0.00372781
0.00325755
0.0035885
0.00408966
0.00319544
0.00205235
0.00292487
0.00317272
0.00296449
0.0029171
0.00117236
0.00125302
0.00131208
0.000752597
0.000752597
0.00125313
0.00243366
0.00167938
0.0022424
0.002449
0.00278685
0.00197888
0.0020347
0.00308321
0.00116749
0.0012321
0.0042182
0.00415288
0.00262696
0.00280233
0.00296468
0.00226228
0.00481329
0.00133777
0.00187849
0.00400205
0.00232894
0.00297976
0.00366524
0.00166637
0.00155358
0.00461208
0.00475831
0.00489893
0.00220095
0.00212832
0.00389395
0.0041214
0.00195985
0.00216823
0.00434535
0.00533408
0.00143615
0.00461881
0.00351853
0.00537331
0.00402596
0.00444613
0.00494328
0.00319135
0.00417573
0.00472888
0.00399327
0.00406832
0.00464919
0.00298174
0.00298236
0.0047828
0.0012912
0.00144436
0.00292445
0.00357759
0.00293002
0.00343765
0.00414712
0.00335702
0.00295995
0.0027323
0.00263649
0.00121882
0.00262073
0.00367061
0.00278722
0.00420998
0.00221629
0.00321094
0.00290437
0.00266719
0.00314616
0.00371452
0.00328399
0.00408365
0.00255389
0.00287605
0.00203997
0.00174933
0.00211696
0.0018665
0.00194349
0.00376272
0.00457792
0.0042589
0.0047076
0.00399405
0.0047345
0.00449916
0.00530159
0.00530992
0.00466535
0.0018661
0.00192136
0.00195577
0.00410868
0.00475524
0.00249751
0.00196445
0.00178558
0.00339701
0.00423145
0.00349933
0.00345497
0.00350384
0.002746
0.0030715
0.00334467
0.00170723
0.00208097
0.00358226
0.00185998
0.00174966
0.00354558
0.00409698
0.00502
0.00297666
0.00297409
0.00430471
0.00175509
0.00307706
0.00374235
0.00292494
0.0028691
0.00369153
0.00288263
0.00316115
0.0023152
0.00256414
0.00378791
0.00446731
0.00309003
0.00173221
0.00451757
0.00385385
0.0043608
0.00397745
0.00381955
0.00402774
0.00374051
0.00303326
0.00319145
0.00314273
0.00309717
0.00339755
0.00166896
0.00292822
0.00227421
0.00250894
0.0030065
0.00231304
0.00259865
0.00265041
0.00272466
0.00242221
0.00217251
0.00313949
0.00324124
0.00232534
0.0024791
0.00308999
0.0035831
0.00318916
0.00404238
0.00254384
0.00277532
0.00267231
0.00368458
0.00315419
0.00386418
0.00252128
0.00291985
0.00259657
0.0029981
0.00270517
0.00308882
0.00196462
0.00243345
0.00186001
0.00236691
0.0024163
0.00271835
0.00245606
0.0023494
0.00211341
0.00215632
0.00198315
0.00191306
0.0017307
0.00192828
0.00342358
0.00270463
0.0022442
0.00314759
0.00134957
0.00263568
0.00238122
0.0027262
0.00198031
0.00219366
0.00205028
0.00132691
0.00255181
0.0024069
0.00198611
0.00367165
0.00269901
0.00319026
0.00184166
0.00284922
0.00370584
0.00307615
0.00216751
0.00326387
0.00336548
0.00276295
0.00143766
0.00248443
0.00212438
0.00224672
0.00274959
0.00204779
0.00181415
0.00264737
0.00290259
0.00356751
0.00226933
0.00278129
0.00233254
0.00217083
0.00375982
0.00285896
0.00319872
0.00219285
0.00293952
0.00198934
0.00204412
0.002856
0.00218397
0.00218038
0.000944781
0.000843961
0.00120928
0.00147101
0.00398412
0.00394781
0.00285515
0.00210131
0.0023195
0.00314992
0.00154684
0.00172211
0.001401
0.00222791
0.00260665
0.00167136
0.00308623
0.00370367
0.00181893
0.00136004
0.00140967
0.00216868
0.00180713
0.0031782
0.00247704
0.00162258
0.00228018
0.00270398
0.0030063
0.00201765
0.00164899
0.00177036
0.00208153
0.00271406
0.00273365
0.00155541
0.00246155
0.00153882
0.00166172
0.00164787
0.0018201
0.00174219
0.00139803
0.00191368
0.00211529
0.0023506
0.00195274
0.00161389
0.0019058
0.00154192
0.00120232
0.00364281
0.0028546
0.00206908
0.000881959
0.00118502
0.00235024
0.0031991
0.001647
0.0019052
0.00176135
0.00245516
0.00263857
0.00238646
0.00234073
0.00227003
0.00291061
0.00267308
0.00224414
0.00187735
0.0022267
0.00230274
0.00134051
0.00151705
0.00171479
0.00159516
0.00134525
0.00202234
0.00225494
0.00171985
0.00202091
0.00176159
0.00194384
0.00192918
0.00236082
0.00208296
0.00212363
0.00317131
0.00294893
0.00233335
0.00265132
0.00281848
0.00267279
0.00276339
0.00256265
0.00282173
0.0024264
0.00276393
0.00197848
0.00220611
0.00229666
0.00269751
0.00234331
0.00262898
0.00243261
0.00284387
0.00251587
0.00246519
0.00364432
0.00220076
0.00301594
0.0018718
0.00175515
0.00173919
0.00183339
0.00176673
0.00168121
0.00146886
0.00183709
0.0017344
0.00156078
0.00180221
0.00169271
0.00168518
0.00148359
0.00171205
0.00207756
0.00165158
0.002001
0.00185568
0.00164746
0.00173493
0.00173499
0.00163577
0.00178904
0.00173024
0.00145798
0.00158702
0.0017301
0.00161206
0.00172896
0.00157468
0.0011843
0.00167818
0.00175188
0.00181178
0.00166009
0.00157898
0.00163477
0.00155144
0.00154426
0.00152747
0.00165261
0.00166228
0.00163443
0.00152039
0.00166754
0.00152106
0.00152165
0.00152225
0.00148554
0.00150478
0.00149082
0.00152877
0.000606803
0.000989516
0.00115419
0.00122754
0.000475262
0.000475262
0.000902529
0.000902529
0.00128824
0.000720529
0.000751607
0.000696998
0.000672417
0.00066176
0.00066176
0.000645304
0.000340049
0.000616491
0.000592428
0.000586954
0.000586954
0.000583536
0.000574708
0.000951545
0.000360609
0.00047224
0.000417911
0.000575162
0.000575162
0.000475606
0.000475606
0.000471412
0.000471412
0.000493331
0.000505401
0.000505401
0.000671072
0.000671072
0.000455207
0.000455207
0.000386999
0.000386999
0.000579739
0.000395905
0.00070425
0.00070425
0.000376556
0.000368958
0.000368958
0.000478028
0.000682022
0.000646242
0.000647535
0.000647535
0.000363867
0.000344631
0.000344631
0.000550935
0.000550935
0.000475363
0.000475363
0.000655059
0.000632656
0.000632656
0.000572712
0.000880662
0.000654761
0.000588516
0.000588516
0.000609844
0.000615326
0.00121347
0.000769311
0.000701323
0.000701323
0.000608223
0.000605178
0.000605178
0.000880567
0.000557381
0.000752133
0.000347763
0.000359278
0.00041049
0.000336698
0.00102856
0.000874602
0.000845941
0.000958408
0.00130351
0.00101594
0.00104099
0.00167663
0.00182877
0.00177418
0.00163065
0.00142401
0.00142401
0.0011179
0.0011179
0.00119277
0.00119277
0.00158054
0.00142529
0.000601742
0.000766999
0.00152088
0.000813407
0.000813407
0.000859021
0.00113281
0.00113281
0.00192927
0.000824751
0.000824751
0.00221467
0.00141765
0.000880093
0.00103136
0.000924273
0.00090692
0.00090692
0.000851942
0.000851942
0.00110904
0.000987282
0.0024002
0.00113443
0.00113443
0.000876696
0.00124216
0.00130282
0.00133736
0.00173239
0.00173239
0.000792485
0.000792485
0.00216662
0.00161233
0.00142284
0.00104111
0.00104111
0.00197514
0.001631
0.00183789
0.00126642
0.00201111
0.00117967
0.00149505
0.000668568
0.00107748
0.000810873
0.000810873
0.00108241
0.000590058
0.000614859
0.00060718
0.000723461
0.000727102
0.000664413
0.000664413
0.000761825
0.00133834
0.00100974
0.00109926
0.00123304
0.0011495
0.000417884
0.000443052
0.000606978
0.00055132
0.000558503
0.000533594
0.00052679
0.00052679
0.000512764
0.000555987
0.0005746
0.00050137
0.000825901
0.000825901
0.000953941
0.00089302
0.00089302
0.000735627
0.00190051
0.00137933
0.00157236
0.000810784
0.000877092
0.00176988
0.00162247
0.00184555
0.001467
0.000713201
0.00084476
0.000485728
0.000703999
0.000703999
0.000814294
0.000896169
0.000814949
0.000950132
0.00066345
0.000695421
0.000400652
0.000721049
0.000555952
0.000629665
0.000334462
0.000354964
0.000819693
0.00208314
0.00230822
0.00239907
0.00155275
0.00265057
0.00116944
0.000986212
0.00280492
0.00148917
0.00126487
0.0016397
0.00101749
0.00227272
0.00191184
0.00150907
0.00110508
0.00230363
0.00116283
0.000591422
0.000624689
0.000646696
0.00104728
0.000611821
0.00060713
0.000609901
0.00068964
0.000811685
0.00100462
0.00169678
0.00153044
0.00148738
0.00264281
0.00110751
0.00110888
0.00132874
0.00157398
0.00159563
0.00147077
0.00107838
0.00135435
0.001268
0.00124131
0.000407975
0.000797919
0.00109221
0.000702462
0.000938039
0.00120213
0.00134327
0.000961998
0.000634989
0.000820823
0.00130049
0.00117593
0.00114433
0.0013169
0.00119661
0.00109528
0.00105246
0.00114006
0.00149495
0.000572406
0.000430389
0.000767429
0.000423248
0.000448723
0.000464823
0.000603225
0.000443766
0.000497377
0.000355495
0.000426335
0.000969359
0.00105692
0.000951067
0.0010155
0.00139203
0.000794384
0.000890311
0.000843763
0.000950764
0.000730956
0.000714827
0.000400033
0.000424082
0.000443261
0.000420677
0.0017061
0.00202443
0.000771539
0.00172414
0.000939341
0.000988586
0.0013534
0.0015882
0.00157905
0.000572246
0.00200427
0.00106922
0.000943966
0.00101547
0.00104896
0.00101259
0.00105182
0.00147611
0.00160887
0.00196914
0.00118058
0.00117353
0.00122711
0.000973861
0.00128409
0.000461937
0.000579767
0.000312346
0.000364642
0.00232629
0.00207377
0.0014868
0.00100862
0.00219774
0.0011238
0.00156194
0.00144236
0.00125946
0.00275688
0.00142095
0.00167055
0.00179058
0.00121027
0.00287301
0.00222071
0.00266964
0.00224783
0.00243318
0.00137824
0.00189452
0.00140162
0.00171829
0.00266258
0.00245405
0.00103732
0.00129085
0.00199666
0.00124601
0.000543185
0.0019125
0.00134614
0.000925963
0.000415115
0.000785961
0.000602221
0.00140341
0.000344824
0.000848346
0.00103146
0.00177438
0.000899703
0.00168183
0.000927662
0.000518603
0.000535733
0.000957841
0.00172137
0.00179908
0.00257819
0.00165898
0.000281513
0.000335323
0.000673634
0.000429363
0.000342565
0.000700985
0.000780064
0.000731117
0.000364548
0.000507789
0.000398378
0.00059341
0.000614808
0.00065291
0.00116474
0.00254713
0.00103189
0.000876381
0.000985843
0.000984106
0.00109365
0.00123173
0.00106475
0.000245522
0.00181723
0.00147857
0.00178185
0.00143406
0.00155083
0.00216234
0.00132413
0.00251293
0.00170889
0.00133409
0.00141506
0.00146107
0.00273813
0.00150142
0.00128487
0.00192311
0.0013781
0.00130825
0.00172615
0.00165948
0.00230565
0.00157069
0.00146539
0.00114478
0.00184003
0.00136126
0.00137612
0.000694368
0.00161933
0.00032313
0.000663955
0.000233223
0.00118012
0.00122832
0.00162992
0.000994152
0.00116047
0.000919891
0.0010471
0.000276457
0.000339829
0.000608392
0.000725402
0.000324376
0.000392733
0.000258611
0.000351031
0.000802196
0.00102919
0.00101604
0.0012442
0.00170543
0.00130404
0.00125871
0.000378889
0.00115013
0.00138538
0.00149972
0.00147195
0.00170257
0.00151616
0.00159758
0.000840045
0.00036626
0.000695376
0.000365353
0.000978432
0.00110226
0.000352495
0.000352495
0.0009649
0.000852799
0.000852799
0.00107949
0.00136588
0.00119685
0.000507078
0.000507078
0.00154672
0.00224739
0.000822963
0.000804973
0.000804973
0.00102272
0.00249785
0.00294157
0.00116308
0.00261849
0.00207101
0.00162898
0.00156632
0.00255057
0.00150964
0.00150964
0.00248546
0.00179086
0.0015404
0.00148047
0.00148047
0.00163022
0.00146702
0.00151956
0.00206956
0.00212966
0.00145894
0.00139303
0.00141352
0.00147207
0.00173654
0.0014563
0.00182522
0.00154921
0.00171935
0.00187845
0.00169757
0.00193802
0.0022624
0.00323264
0.00282766
0.00238528
0.0032972
0.00336715
0.00274105
0.00387759
0.00382053
0.0036087
0.00143054
0.00161505
0.00193238
0.0036874
0.00386187
0.00207101
0.00381709
0.00365011
0.00335407
0.00264662
0.0027713
0.00351693
0.00138322
0.00149327
0.00191918
0.00251297
0.00293404
0.00325437
0.00368387
0.000830915
0.000830915
0.00125101
0.00304935
0.00267258
0.00282974
0.00279514
0.0013456
0.00113736
0.00113736
0.00139134
0.0018609
0.0010522
0.00308325
0.00628832
0.00437628
0.00458117
0.00641408
0.000581872
0.000550324
0.00299927
0.00233222
0.00314459
0.00466509
0.00354459
0.00417645
0.00425287
0.00147579
0.00401791
0.00360098
0.0031669
0.00291545
0.00478237
0.00163957
0.00188708
0.00272441
0.00268622
0.00165696
0.00165696
0.00144573
0.0018348
0.00157536
0.00151962
0.00151962
0.00194369
0.00193311
0.00287012
0.00319072
0.00194814
0.00111477
0.00111477
0.00135716
0.0010232
0.00267204
0.00143549
0.000896557
0.00127787
0.00151563
0.00120819
0.00133169
0.00129456
0.0036827
0.00335502
0.00391626
0.00139324
0.00210762
0.00244361
0.00158033
0.00159393
0.00210136
0.00233349
0.00189749
0.00223657
0.00166696
0.00175885
0.00181086
0.00218297
0.00192367
0.00184142
0.00261374
0.0021415
0.00394308
0.00167439
0.00123956
0.00159338
0.00121248
0.00143616
0.00122834
0.000504767
0.00173784
0.00167864
0.00207432
0.00165717
0.00161375
0.00147343
0.00158949
0.00153698
0.00164201
0.000508168
0.000508168
0.000650301
0.000760735
0.000760735
0.000500171
0.000567942
0.000823576
0.000823576
0.0007666
0.000690114
0.00115013
0.000778577
0.00119544
0.00112884
0.00136935
0.000879751
0.00211982
0.00130493
0.00128639
0.000872556
0.000845384
0.00112423
0.00104415
0.00120819
0.00112776
0.00129628
0.00103527
0.000506505
0.000489342
0.000489342
0.000465323
0.00143676
0.00104678
0.00100041
0.00109835
0.00109835
0.000614761
0.000614761
0.000385806
0.000385806
0.00180161
0.000286562
0.000286562
0.000401171
0.000540095
0.00053131
0.000746848
0.000912579
0.000712391
0.000712391
0.00110711
0.00104474
0.000565314
0.000490776
0.000630494
0.000630494
0.000456897
0.000527189
0.000484147
0.000484147
0.000494125
0.000965443
0.000473348
0.000328664
0.000328664
0.000455134
0.000466653
0.000432917
0.000486152
0.000389035
0.000393085
0.000393085
0.00035827
0.00035827
0.000381347
0.000361465
0.000436451
0.000950563
0.000457344
0.000594064
0.000540736
0.000580568
0.000580568
0.000769116
0.000964507
0.000805217
0.000805217
0.000600268
0.000600268
0.000626105
0.000635867
0.000758513
0.000992485
0.000996409
0.000913213
0.00110396
0.000754665
0.000651211
0.000651211
0.000569099
0.000569099
0.000667333
0.000764966
0.00087576
0.000663771
0.000663771
0.00095369
0.000952209
0.000871054
0.000871054
0.00270768
0.0032136
0.00106495
0.00253273
0.00193138
0.00232821
0.00198058
0.00116085
0.00124037
0.00123453
0.00195079
0.00167608
0.00195017
0.00121857
0.00122366
0.002016
0.00137896
0.000721069
0.000721069
0.00163123
0.001242
0.0010806
0.000941542
0.000947048
0.00119144
0.00191911
0.00114914
0.000992966
0.00115509
0.000906494
0.000866146
0.000866146
0.00104276
0.00104276
0.00102531
0.00137516
0.0014161
0.00126782
0.00188586
0.00217942
0.00194666
0.00188251
0.000480049
0.000441164
0.000441164
0.00125133
0.000482991
0.000482991
0.000572429
0.000545554
0.00129147
0.000863414
0.000863414
0.000792615
0.000513003
0.000982977
0.00136751
0.000896706
0.00143818
0.00107203
0.00102836
0.00100391
0.00117218
0.000845838
0.000951381
0.000951381
0.00158473
0.000508876
0.00205321
0.00176825
0.00190059
0.00181708
0.000533098
0.000412264
0.00163518
0.00104531
0.00104531
0.00181142
0.00211664
0.000483956
0.00231172
0.00225337
0.00182461
0.00238859
0.00243457
0.0019397
0.000473121
0.000353818
0.00261384
0.00196615
0.000511731
0.00202395
0.000359957
0.002359
0.000406255
0.00286902
0.00303783
0.000551166
0.00226792
0.00349271
0.000935904
0.0029229
0.00298309
0.000916937
0.00105553
0.00373844
0.00212714
0.00278141
0.00313364
0.00246076
0.00265842
0.00107456
0.00110079
0.000936234
0.00273518
0.000937138
0.00119243
0.000887438
0.00127046
0.00100549
0.00131335
0.00100638
0.00128041
0.00125859
0.00139016
0.00303154
0.00213081
0.00274814
0.00111387
0.00116836
0.00127993
0.00117124
0.00111328
0.00135381
0.00292704
0.000526524
0.00162547
0.0017011
0.00218761
0.00166762
0.00167487
0.00216176
0.00183532
0.00169219
0.00235455
0.00121248
0.0018879
0.00203598
0.00217198
0.00166911
0.00195176
0.0020094
0.00140242
0.00117172
0.00120818
0.000842042
0.00049558
0.000563646
0.000698054
0.000634673
0.00209533
0.000838845
0.00129562
0.0012329
0.00159342
0.00136043
0.00561614
0.00132015
0.00502714
0.000862197
0.00169848
0.000576635
0.00190255
0.00163275
0.000489489
0.000536256
0.000486779
0.000481414
0.000432178
0.000570263
0.00231471
0.00253478
0.00282211
0.00251762
0.00327991
0.00298515
0.0026964
0.00252443
0.00112874
0.00108244
0.00132927
0.000780695
0.00256542
0.00116593
0.00222148
0.00128603
0.00218086
0.00190991
0.0014529
0.00150366
0.00220701
0.00157585
0.00161185
0.00156073
0.00157193
0.00263469
0.00120741
0.00231929
0.00134364
0.00279865
0.00219607
0.0019364
0.00140478
0.00114872
0.0013976
0.00121105
0.00111665
0.00144821
0.00133602
0.00316072
0.00238671
0.00124354
0.00155812
0.00226814
0.00196498
0.00210819
0.00136494
0.00137308
0.00199938
0.00186787
0.00189514
0.00238632
0.00235292
0.00185986
0.00199105
0.00218479
0.00277507
0.00262855
0.00282718
0.003301
0.00311596
0.0011856
0.00097449
0.001694
0.0016271
0.00171392
0.00199058
0.00169899
0.00183427
0.00190545
0.00173201
0.00182517
0.00230146
0.00300241
0.00406412
0.00152329
0.00077964
0.000897292
0.000811936
0.00310371
0.00263268
0.00212079
0.000607284
0.000648849
0.000578056
0.000446056
0.00304013
0.00246279
0.00324313
0.000534809
0.00253292
0.00226921
0.00165357
0.00056638
0.00216265
0.00171048
0.00203974
0.0022385
0.00154693
0.00189316
0.00275248
0.00240661
0.00175701
0.000605585
0.00268109
0.00261224
0.00052948
0.00181821
0.000416727
0.00280403
0.000427776
0.00336562
0.000582521
0.00146949
0.00301493
0.00152532
0.00266219
0.00311813
0.00299709
0.00345304
0.00354147
0.00105504
0.00360727
0.001165
0.00376261
0.00285373
0.0016737
0.00196053
0.00346614
0.00293707
0.00246653
0.00291273
0.00320658
0.00154619
0.0018111
0.00300568
0.00314238
0.0030546
0.00355709
0.00165635
0.00148287
0.00158637
0.00153712
0.00164359
0.0014251
0.00139874
0.00215781
0.00127354
0.0019454
0.00221253
0.0023853
0.00209936
0.00235815
0.00209248
0.00331169
0.00296403
0.00151092
0.00381017
0.00359169
0.00219711
0.00241234
0.00186876
0.0022389
0.00178039
0.00188457
0.00196771
0.0017294
0.000477959
0.0029937
0.00180998
0.00154282
0.00189663
0.00211069
0.004126
0.003756
0.000539176
0.000528938
0.00173886
0.00109377
0.00389508
0.00281436
0.00153072
0.00128683
0.000458341
0.00365443
0.00201084
0.00334616
0.00204355
0.00163821
0.000509817
0.000522975
0.000928025
0.00192597
0.000539596
0.000336505
0.000962659
0.000460901
0.000550422
0.000511127
0.000527632
0.000567607
0.00175596
0.000970542
0.000474242
0.000467736
0.00297216
0.000394612
0.000369118
0.00355169
0.00306426
0.00325174
0.00160478
0.00210253
0.00236066
0.00153343
0.00278919
0.00189716
0.00146633
0.00133659
0.00161147
0.00172765
0.00160806
0.00202451
0.00188965
0.00219561
0.0023411
0.0020757
0.00243292
0.00198498
0.00194209
0.00138078
0.00154108
0.0015326
0.00166496
0.00124446
0.00147046
0.00180896
0.00188488
0.00186413
0.0019456
0.00271231
0.00281106
0.0027303
0.00205784
0.00175792
0.00215209
0.00215731
0.00164479
0.00229046
0.00163843
0.00265492
0.0025219
0.00279184
0.00144032
0.000834293
0.000565779
0.0016534
0.000348953
0.0027312
0.00047868
0.000521302
0.00038929
0.00048879
0.000519254
0.000438656
0.00124892
0.00206376
0.00153846
0.00145158
0.00264032
0.00366154
0.00309356
0.00259447
0.0040084
0.00234273
0.00204008
0.00355848
0.00337383
0.0038207
0.003452
0.00313947
0.00327799
0.00177211
0.000361606
0.000347311
0.00181382
0.00214618
0.00194487
0.00327301
0.00227398
0.00193316
0.00208506
0.00218757
0.00386245
0.00299648
0.00275523
0.00213176
0.00404332
0.00267857
0.00162572
0.0025018
0.00213002
0.00331156
0.00204995
0.00229093
0.00223897
0.00377815
0.00309844
0.00265693
0.00257611
0.00217618
0.0026226
0.00199188
0.00325582
0.00155159
0.000947712
0.000405871
0.00151526
0.00212594
0.00179247
0.000384513
0.00034506
0.000356525
0.000394793
0.00235702
0.0024515
0.00166585
0.000537753
0.000442259
0.00060684
0.000369599
0.000505418
0.000413743
0.00171523
0.00256841
0.00226672
0.000379948
0.000352116
0.00262131
0.00335205
0.00357288
0.00305401
0.00314206
0.00356416
0.00310634
0.000455146
0.000395836
0.000459632
0.000427699
0.00140888
0.000426089
0.000680036
0.000587479
0.000458812
0.000562865
0.00179493
0.00348593
0.00300264
0.0029505
0.00241191
0.00255953
0.00223501
0.00190752
0.00220176
0.00208149
0.00221901
0.00295113
0.000846931
0.00142215
0.00106361
0.000409385
0.000387191
0.00111604
0.000455786
0.000482394
0.00271988
0.00231727
0.000722808
0.00107822
0.000794999
0.000794999
0.00118723
0.00115509
0.000921236
0.000736893
0.000702314
0.000771905
0.00107869
0.000681373
0.00130925
0.00115788
0.00127404
0.00131599
0.000577005
0.000577005
0.00116345
0.000541455
0.000706635
0.000706635
0.000757982
0.00116074
0.00116074
0.00139871
0.00280226
0.00170005
0.00287465
0.00298856
0.00235255
0.00251177
0.000642417
0.00109327
0.000779742
0.00118299
0.00118299
0.001361
0.00195158
0.00215803
0.00365535
0.00284095
0.00392767
0.00296699
0.00476832
0.0056602
0.0055845
0.00397145
0.000780913
0.0012335
0.000975095
0.000975095
0.00131446
0.0017192
0.00214566
0.00269328
0.000715905
0.00121945
0.000693893
0.000925733
0.00124798
0.000895295
0.00131488
0.00330261
0.0035791
0.00353705
0.00363138
0.00298863
0.00115369
0.00115317
0.000985312
0.0013664
0.00132802
0.00153746
0.00138762
0.00242543
0.00140068
0.00146105
0.00155807
0.00172375
0.00209262
0.00377264
0.00312784
0.00265715
0.00143293
0.00218055
0.0022645
0.00111075
0.00103468
0.0016145
0.00156907
0.00162154
0.00212495
0.000405073
0.00317549
0.00165759
0.00165932
0.00141389
0.000361078
0.000348354
0.00162122
0.00158943
0.00160657
0.00155235
0.00150624
0.00142142
0.00156598
0.000650082
0.00153466
0.00152263
0.000471718
0.000471718
0.000484048
0.000484048
0.000555583
0.0005596
0.000517786
0.000555549
0.000533892
0.000530635
0.000728388
0.000728388
0.000630438
0.000506933
0.000461391
0.00080386
0.000691977
0.000691977
0.000717355
0.000717355
0.000550174
0.000550174
0.00061139
0.00061139
0.000466174
0.000561106
0.00040716
0.000640127
0.000640127
0.000568998
0.000406446
0.000486403
0.000444343
0.000681229
0.000681229
0.000670033
0.000696367
0.000696367
0.000715472
0.000614987
0.000500131
0.000712125
0.000752428
0.000887584
0.000857406
0.000835797
0.000855542
0.000430845
0.000435257
0.000466635
0.000448866
0.000471051
0.000441338
0.000341612
0.000341612
0.000490933
0.000477224
0.000370708
0.000494494
0.000520795
0.000495059
0.000570956
0.000357981
0.000486785
0.000499659
0.000550472
0.000536972
0.000522359
0.000504654
0.00130013
0.00132984
0.0013764
0.00043785
0.000529181
0.000703196
0.000418246
0.000418246
0.000546682
0.000701365
0.000701365
0.000536079
0.000793921
0.000585763
0.000662896
0.000662896
0.000795385
0.00094172
0.000667177
0.000451896
0.000451896
0.000612061
0.000612061
0.000730402
0.000732321
0.000732321
0.00102402
0.000744658
0.00105982
0.000603204
0.000521393
0.00124856
0.000425672
0.000425672
0.00112851
0.00105232
0.000946989
0.0012392
0.00115079
0.00112071
0.00107735
0.00166422
0.00169687
0.00175138
0.000974388
0.000596458
0.00140921
0.00125557
0.000568208
0.000600806
0.000535257
0.000535257
0.000387034
0.00029405
0.000337954
0.000494167
0.00061776
0.000736487
0.00034958
0.000858898
0.000518443
0.000407159
0.000219676
0.000415424
0.000506799
0.00064658
0.000925418
0.000833043
0.000670156
0.000621816
0.000517405
0.000885331
0.000938437
0.000984319
0.00132362
0.00135035
0.00114981
0.000562983
0.000748416
0.00111977
0.000930268
0.000788734
0.000857232
0.000856483
0.00102487
0.000520245
0.000520245
0.000628745
0.00172702
0.00150773
0.000568038
0.000623426
0.000420307
0.00062204
0.000655407
0.000694757
0.000560007
0.000542006
0.000647785
0.000686941
0.000743915
0.000729225
0.00119303
0.00128837
0.00115399
0.000892286
0.000505047
0.000441074
0.000441074
0.000604383
0.000518051
0.00110703
0.000952037
0.00102729
0.00171339
0.00167006
0.0018439
0.00172375
0.000340221
0.00142686
0.00144519
0.000433501
0.000497433
0.000499602
0.000397596
0.000515067
0.000882248
0.000716212
0.000813323
0.000810885
0.00193955
0.00102466
0.00173423
0.000726125
0.00115081
0.000558041
0.000797475
0.00124028
0.000585259
0.000496036
0.00147111
0.000696081
0.000890773
0.000838262
0.00109938
0.00136839
0.00126865
0.00144867
0.00112812
0.00123474
0.00113144
0.000656402
0.000626665
0.000618852
0.000387597
0.000478947
0.000866555
0.000820058
0.000775353
0.000668353
0.000699389
0.00179653
0.00182358
0.000594882
0.000455433
0.000968885
0.000941212
0.00144252
0.00116179
0.00115407
0.0010785
0.0013283
0.000779509
0.000910416
0.000878782
0.000915238
0.000971626
0.000992522
0.0013003
0.00104538
0.00104065
0.000974215
0.00107361
0.000783073
0.000579187
0.000751729
0.000496812
0.000680951
0.000640912
0.00186021
0.000482587
0.00133949
0.00108419
0.00123547
0.000493792
0.00152778
0.00140349
0.000525178
0.00127881
0.00145416
0.00140709
0.000677728
0.000671989
0.000728023
0.000771098
0.00072861
0.000590245
0.000753796
0.000354137
0.000936015
0.000805232
0.00089937
0.000877989
0.00051619
0.000851732
0.00095794
0.000925642
0.000916117
0.00118658
0.000570193
0.00106035
0.00097825
0.00106251
0.00106925
0.000912334
0.00100374
0.00105528
0.00114726
0.00150998
0.0014872
0.000466268
0.000423271
0.000483087
0.000405577
0.00165475
0.000370909
0.000701821
0.000350102
0.000371102
0.00184497
0.00185326
0.00198515
0.00166392
0.00110139
0.00199347
0.00189136
0.00197486
0.000739509
0.00083221
0.000866107
0.00047825
0.00103014
0.00142294
0.00121495
0.00124617
0.0012322
0.000960543
0.000460705
0.000464643
0.000835993
0.000409661
0.00160424
0.00176515
0.00185819
0.0015615
0.00170475
0.00160954
0.00179699
0.00172626
0.00162726
0.00158758
0.0020183
0.00208357
0.00167725
0.00109331
0.000363887
0.00208949
0.00133745
0.00175432
0.000398116
0.00153894
0.0013491
0.00157091
0.000341867
0.00149167
0.00135842
0.00135119
0.00138727
0.00184109
0.000803563
0.000800872
0.000852819
0.000926825
0.000863697
0.000731676
0.000811593
0.00156658
0.00117401
0.000793008
0.000789452
0.000562962
0.000813235
0.00150053
0.00103552
0.00158569
0.00140996
0.00170705
0.00384377
0.00110263
0.00120354
0.000890258
0.00109174
0.00109238
0.00114143
0.000781071
0.000879893
0.000783637
0.00173156
0.00186154
0.00135445
0.00186982
0.000515937
0.00169993
0.000382398
0.00154117
0.00140716
0.00121255
0.00142688
0.000834488
0.000850912
0.000983357
0.000925247
0.000984896
0.000835855
0.00094568
0.00102839
0.000593637
0.00116102
0.00123001
0.00119683
0.00151979
0.00166727
0.000426395
0.00159382
0.00137281
0.00137005
0.0017647
0.000995102
0.000895665
0.000968551
0.000470023
0.000914733
0.000956801
0.000865547
0.0011379
0.0010198
0.000950976
0.00112765
0.00147397
0.00139947
0.00142468
0.00108848
0.00121928
0.00102709
0.00114859
0.00149984
0.00161775
0.0014978
0.00136796
0.00143116
0.00140227
0.000994424
0.00091215
0.00106975
0.00101697
0.00105104
0.0014191
0.00102939
0.00101988
0.00099537
0.000947139
0.000929306
0.000983515
0.00112938
0.00125633
0.00108163
0.00101823
0.0010916
0.00100037
0.00141336
0.00137847
0.00117753
0.0014725
0.00118147
0.00106528
0.00101966
0.000689642
0.00109164
0.000638263
0.00268725
0.000784232
0.000975054
0.000906909
0.0010229
0.0010195
0.000777415
0.000661164
0.000661164
0.000693239
0.000535586
0.000748353
0.000637784
0.000504395
0.000603046
0.000447466
0.000408319
0.000408319
0.000368313
0.000374426
0.000332519
0.000432652
0.000432652
0.000395754
0.000406371
0.000428033
0.000422132
0.000363969
0.000363969
0.000604232
0.00046336
0.00106455
0.000955443
0.0011277
0.00059336
0.00126639
0.000967055
0.000967055
0.0013642
0.000474714
0.000474714
0.000596564
0.000880885
0.000880885
0.00106984
0.00106984
0.0013154
0.00142802
0.00127201
0.0010337
0.00109691
0.00125784
0.000992301
0.00126359
0.00131954
0.00102569
0.00120486
0.000872905
0.000872905
0.00121656
0.000839232
0.000839232
0.0011527
0.00105804
0.00100163
0.00164209
0.00151385
0.00126753
0.00133382
0.00164758
0.000968831
0.000338595
0.00039734
0.00039734
0.000575878
0.000516062
0.000469164
0.000454309
0.000454309
0.000434985
0.000394543
0.000394543
0.000457646
0.000436714
0.000539217
0.000693349
0.00090055
0.000777008
0.000936681
0.000615621
0.000576545
0.000579544
0.00104363
0.000756826
0.00101177
0.000616838
0.000651238
0.000733996
0.000702684
0.000702684
0.000729821
0.000815231
0.000664127
0.00096501
0.000928161
0.00101081
0.00088245
0.000596788
0.000596788
0.000726771
0.000632783
0.000508958
0.000508958
0.000612096
0.000570594
0.000570594
0.000519345
0.000473439
0.000632125
0.000416669
0.000416669
0.000631929
0.00057249
0.000493071
0.0005427
0.00059908
0.00139821
0.00147411
0.00105523
0.00233378
0.00125992
0.00157078
0.00228236
0.00150338
0.00153547
0.000791185
0.00129268
0.00142707
0.00135106
0.00122766
0.000799716
0.000969892
0.00107343
0.00102951
0.00117617
0.00124658
0.00203115
0.00118196
0.000973889
0.000855499
0.000629281
0.000629281
0.000614723
0.00118267
0.000867659
0.00103807
0.000932139
0.000360056
0.000620524
0.00108191
0.00200435
0.00137572
0.00115391
0.0019443
0.00125635
0.00122474
0.000845581
0.00190055
0.00123283
0.000913436
0.00111596
0.00110452
0.00178068
0.00165285
0.00156229
0.00145627
0.000846771
0.000591756
0.00106755
0.00100226
0.000958247
0.000568511
0.000568511
0.000705359
0.000706725
0.000722313
0.000716517
0.000395251
0.000750561
0.00123109
0.000341131
0.000349658
0.000379669
0.000363781
0.000322702
0.000359814
0.000500933
0.000393099
0.000409402
0.00049043
0.000337465
0.000432517
0.000509828
0.000419954
0.000581621
0.0010566
0.000885663
0.000479387
0.00103613
0.000994406
0.000345417
0.000371066
0.000722847
0.000338895
0.000646736
0.00107141
0.000739644
0.000540395
0.000591445
0.000574228
0.000817791
0.000895902
0.00123742
0.00101435
0.0014048
0.00110124
0.00120145
0.0011039
0.00114713
0.00106167
0.00104679
0.000873451
0.000849753
0.000913341
0.000671036
0.000913295
0.00137375
0.00100668
0.00111276
0.000609449
0.000460364
0.000320342
0.000399892
0.0015171
0.000500689
0.000429419
0.00166587
0.000647214
0.000527931
0.000643574
0.00141787
0.00123788
0.00146188
0.000902513
0.00112352
0.00124915
0.00112113
0.00101192
0.000512073
0.000512102
0.000748579
0.000722137
0.000715851
0.000524265
0.000537521
0.000667519
0.000677576
0.000582884
0.000365058
0.000520489
0.000544418
0.00102436
0.000653695
0.000593136
0.000649399
0.000676512
0.000537674
0.000596423
0.00126086
0.00131505
0.00110782
0.000825344
0.000428444
0.000388852
0.000435054
0.000489647
0.000646012
0.000674748
0.000653749
0.000614841
0.000591341
0.000651674
0.00124706
0.00116361
0.00131554
0.00128161
0.00109522
0.00093763
0.000953581
0.000470677
0.000557683
0.000595534
0.000624369
0.000483772
0.000569263
0.000594144
0.000695718
0.000770997
0.000662776
0.000641025
0.000649876
0.000676464
0.000668323
0.000764492
0.000590495
0.000529568
0.000804699
0.000803782
0.000739137
0.000789828
0.000810499
0.00104105
0.000739539
0.000645918
0.000622525
0.000642632
0.000678725
0.000827773
0.000810986
0.000660943
0.0007626
0.000764912
0.000848464
0.000793095
0.000905056
0.00097764
0.000924938
0.000763165
0.000658323
0.000888147
0.000531281
0.000518862
0.000698985
0.000735883
0.000592051
0.000633654
0.000680306
0.000646516
0.000650598
0.000617069
0.000549855
0.000513594
0.000587833
0.000476788
0.00064778
0.000701734
0.000716031
0.000688344
0.000335484
0.000576063
0.000338493
0.000548787
0.000665281
0.000719607
0.000760624
0.000860703
0.000788619
0.00091211
0.00083061
0.000718742
0.000728663
0.000867915
0.000895926
0.00079423
0.00076592
0.00106856
0.00110927
0.000891978
0.00117933
0.000718735
0.000422968
0.000543108
0.000588067
0.000521947
0.000550397
0.000638379
0.0012229
0.000882036
0.00139723
0.000921482
0.000515561
0.000758859
0.000878654
0.0011819
0.000712962
0.0007622
0.000532313
0.000688009
0.000644345
0.000379471
0.000443958
0.00107519
0.000996297
0.000587003
0.000588277
0.000567724
0.00064323
0.000701277
0.00064883
0.000509669
0.000533845
0.000605493
0.000573706
0.000450888
0.000435731
0.000614883
0.000751866
0.000445433
0.000669519
0.000764104
0.000799659
0.000748895
0.000774488
0.000816212
0.0010457
0.000891815
0.000602273
0.00093926
0.00133291
0.000802341
0.000859924
0.000870276
0.000832158
0.00157415
0.000745325
0.0008532
0.000698146
0.000397911
0.000780597
0.000649074
0.000560292
0.000905057
0.00133612
0.000933988
0.000846167
0.000886666
0.000834279
0.000720923
0.000577814
0.000721335
0.000696738
0.000715466
0.00077603
0.000652154
0.000875457
0.00141458
0.00100327
0.00100134
0.000661558
0.000407661
0.000603668
0.00144646
0.000799456
0.00075123
0.000643029
0.000640555
0.000759621
0.000630428
0.00075443
0.00075177
0.000578503
0.000745916
0.000518525
0.000686718
0.00054182
0.000512419
0.000725527
0.00107834
0.000984037
0.000837388
0.000914703
0.000964212
0.000861543
0.000891466
0.000597285
0.000533383
0.000682304
0.000796557
0.000760052
0.000601534
0.000556062
0.000631688
0.000645724
0.000660672
0.000702024
0.000685296
0.000624114
0.000867344
0.000811787
0.000853928
0.000743124
0.000911042
0.000874103
0.00057675
0.000780295
0.000796675
0.000500502
0.000744074
0.000772351
0.000801081
0.000894283
0.000658617
0.000700027
0.000858183
0.00151386
0.000792486
0.000935811
0.000943612
0.000900385
0.000811499
0.000965931
0.000881868
0.000895363
0.000780539
0.00076081
0.000806932
0.000954039
0.000891196
0.000741536
0.000860773
0.000755251
0.000731927
0.000788349
0.000788646
0.000805231
0.000862229
0.000877577
0.000738801
0.000835848
0.000877477
0.000606723
0.000759077
0.000913025
0.000907181
0.000754536
0.000775412
0.000824292
0.000847961
0.000883596
0.00089421
0.000860291
0.000821685
0.000902676
0.000841167
0.000828293
0.00092228
0.000900292
0.000896832
0.000916016
0.000901335
0.00092935
0.00094739
0.000962527
0.000947734
0.000948818
0.000947448
0.000937933
0.00093905
0.000947484
0.000940445
0.000947663
0.000944566
0.000969934
0.000948051
0.000948607
0.000926097
0.000939618
0.000940073
0.000933885
0.000947417
0.000802664
0.000937963
0.000947455
0.000948079
0.000856908
0.000882152
0.000882383
0.000939407
0.000947373
0.00082455
0.000861391
0.000845995
0.000883844
0.00084681
0.00082993
0.000846332
0.000865257
0.00082797
0.000947412
0.000936356
0.000822772
0.000848164
0.000830767
0.00095602
0.000838235
0.000948069
0.000949734
0.000856634
0.000846377
0.000970767
0.000799816
0.000924937
0.000938135
0.000858249
0.000821753
0.000850875
0.000856191
0.000860965
0.000854174
0.000831816
0.000819992
0.00083637
0.000897079
0.000965052
0.000923357
0.000894768
0.0009507
0.000947937
0.000952381
0.000847908
0.000881854
0.000857043
0.000850234
0.000842777
0.000886195
0.000866479
0.000924143
0.000951818
0.000910029
0.000957164
0.000916435
0.00083021
0.000822167
0.000841552
0.000898833
0.000912576
0.000887454
0.000872828
0.000905154
0.000915426
0.000867189
0.000854408
0.000856774
0.000907327
0.000852605
0.000921266
0.00090574
0.000872626
0.00085784
0.000915374
0.000879591
0.000909719
0.000863396
0.000916541
0.000858159
0.000911242
0.000845876
0.000937218
0.00090817
0.000862635
0.00086452
0.000879048
0.00089834
0.00089199
0.000950495
0.000870021
0.000839823
0.000872516
0.000917976
0.000865964
0.000902499
0.000841182
0.000878294
0.000895915
0.000891994
0.000892228
0.00091949
0.000887053
0.000906302
0.000878081
0.000882846
0.000890723
0.000909053
0.000903904
0.000873914
0.00087987
0.000901434
0.000876706
0.000925399
0.000949911
0.000941624
0.00093532
0.000934807
0.000947228
0.000933009
0.000954291
0.000935669
0.000941623
0.00091613
0.000937434
0.000920999
0.0009474
0.000942407
0.000947414
0.000943141
0.000935083
0.000934893
0.000923777
0.000947399
0.000948051
0.000946064
0.000946297
0.000948313
0.000947436
0.000947421
0.000947414
0.000924731
0.00094733
0.000971876
0.000934313
0.00093376
0.000941989
0.000945787
0.000936323
0.000918421
0.00092674
0.000913935
0.00091499
0.000905455
0.000880453
0.000869699
0.000871144
0.000894633
0.000923341
0.000883582
0.000915684
0.000885576
0.000886928
0.00087302
0.000934684
0.000906141
0.000901672
0.000919843
0.00091216
0.000899274
0.00090022
0.00398363
0.00379164
0.00579948
0.0026552
0.00330952
0.00183857
0.00241788
0.00148301
0.00061315
0.000854174
0.000857948
0.000929172
0.00179966
0.00156506
0.000676554
0.00131508
0.00150096
0.00157077
0.00046675
0.000510194
0.000519502
0.00053605
0.00044665
0.000639099
0.000671232
0.000594358
0.000606851
0.00223479
0.00287926
0.0025051
0.00312341
0.00208252
0.00307172
0.00228758
0.00280585
0.00119862
0.00130447
0.00136231
0.00126817
0.00244787
0.00143891
0.00127598
0.00224294
0.00266209
0.00265684
0.00400778
0.00398617
0.00141916
0.00238377
0.00146354
0.00187472
0.00139854
0.00156599
0.00111441
0.00122998
0.00114286
0.00122162
0.00117042
0.00118692
0.00118878
0.00166154
0.000935898
0.00116977
0.00093296
0.000982038
0.000999523
0.00100531
0.00104717
0.00101959
0.00115352
0.00096533
0.00123714
0.00101386
0.00121023
0.000933535
0.00101951
0.000941423
0.00092404
0.00108746
0.000528489
0.00045325
0.00124273
0.00108138
0.00114021
0.00123512
0.000952713
0.000824524
0.00103587
0.00137726
0.000899617
0.000804345
0.00147126
0.00142015
0.000907007
0.000588788
0.000687205
0.000715662
0.00151613
0.00109375
0.00138915
0.0011814
0.000919897
0.000773912
0.000578944
0.000720273
0.000801294
0.000931371
0.000884812
0.00087892
0.00165742
0.0014049
0.00220568
0.00131787
0.00140739
0.0011845
0.00130362
0.000986027
0.00165678
0.00120415
0.00156239
0.000844372
0.000674167
0.00121856
0.00174199
0.00139828
0.00154865
0.00117002
0.00118767
0.00139993
0.00137892
0.00119391
0.00106027
0.00172518
0.00196551
0.00170866
0.00119371
0.00194001
0.00152358
0.00145053
0.00147814
0.00216988
0.00208183
0.00181358
0.00192765
0.00175057
0.00440387
0.00292996
0.00363239
0.00410647
0.00379168
0.00380404
0.00170869
0.00181791
0.00155225
0.00173371
0.00173371
0.00202219
0.00137778
0.00112861
0.00112124
0.00129038
0.00145868
0.00135732
0.00129363
0.00155548
0.00168342
0.00337713
0.00520532
0.00441487
0.0012408
0.00441397
0.00229968
0.00405901
0.00393031
0.00491309
0.00432144
0.00587235
0.00122203
0.000946573
0.000868225
0.000861577
0.000797356
0.0013284
0.00143728
0.00146899
0.00122819
0.00452767
0.00590868
0.0043881
0.00131468
0.00117966
0.000978577
0.00112161
0.00128406
0.00105606
0.00111494
0.00253054
0.00248076
0.00183919
0.00119763
0.00151792
0.00194701
0.00168254
0.00183859
0.00157859
0.00260853
0.00123777
0.00123763
0.00274193
0.00309475
0.00342437
0.00263062
0.00243576
0.00217067
0.00452169
0.0009941
0.00086163
0.00100616
0.000807926
0.000743981
0.00114905
0.000695598
0.00106257
0.00106857
0.0026288
0.00137709
0.00293844
0.00435787
0.00298522
0.00131672
0.00386055
0.00367197
0.00194283
0.00271082
0.00183609
0.00197919
0.00249637
0.00215649
0.00185606
0.00297832
0.00206469
0.00291726
0.00172752
0.00184171
0.0020441
0.00432511
0.00377844
0.00320691
0.00368104
0.00369667
0.00439227
0.00161074
0.00324366
0.003581
0.00363947
0.0023182
0.00269556
0.00239432
0.0029917
0.0031467
0.00337114
0.0037157
0.0017306
0.00276328
0.00365306
0.00216818
0.00234052
0.00203736
0.00235181
0.00109376
0.0018781
0.000810473
0.00100047
0.00314293
0.00317734
0.00390934
0.00437082
0.00359064
0.00166656
0.00252981
0.00126603
0.00210219
0.00226963
0.00184071
0.00160697
0.00129707
0.00332043
0.00245538
0.000945602
0.00138899
0.00236076
0.00334844
0.00260408
0.00230302
0.00186577
0.00330587
0.00324121
0.0017404
0.00639181
0.00305185
0.00471874
0.000938787
0.000941628
0.000928865
0.00115973
0.00100194
0.00115114
0.00108028
0.000950521
0.000845392
0.000944614
0.000718058
0.000815314
0.000789714
0.000807317
0.000817859
0.000587129
0.000656107
0.000719353
0.000469736
0.000417129
0.000426237
0.000577043
0.000478957
0.000465549
0.000151528
0.000151528
0.000151528
0.000515725
0.000604862
0.000572853
0.000550277
0.000570685
0.000489196
0.000401284
0.000397913
0.000377034
0.000393057
0.00118942
0.000865195
0.000884795
0.000758561
0.00035876
0.000647996
0.00117603
0.00129658
0.000614358
0.00143599
0.00124803
0.00155164
0.00181058
0.00201538
0.00187274
0.00145947
0.00186779
0.00134133
0.00209035
0.000858761
0.000975716
0.000416735
0.0010143
0.000379858
0.000107759
0.000107759
0.000107759
0.00112309
0.00130709
0.00112934
0.000479364
0.000770614
0.000879665
0.000147161
0.000147161
0.000147161
0.00112595
0.0010774
0.00121166
0.000950082
0.000979109
0.000971558
0.00117467
0.00079617
0.000762595
0.0006814
0.00115421
0.00129003
0.000761151
0.000783319
0.000695196
0.000419068
0.000445812
0.000652529
0.000620626
0.000685443
0.000562195
0.000674583
0.000779436
0.000737154
0.000591193
0.000733834
0.000788499
0.00119818
0.00109327
0.00132044
0.000860405
0.00197599
0.000700076
0.00129283
0.00126782
0.000738034
0.000862027
0.000675799
0.00169789
0.000842659
0.0015455
0.00144095
0.000738695
0.000745111
0.00174947
0.00174301
0.00170638
0.00168715
0.00157396
0.00156247
0.00170498
0.00237962
0.00198654
0.00116722
0.000520206
0.00161914
0.00185433
0.00199089
0.00168122
0.000959841
0.000897828
0.000709336
0.000711127
0.000933365
0.000840909
0.000703337
0.000932012
0.000766464
0.00194975
0.00090466
0.000918939
0.00216752
0.00199088
0.00213472
0.00355374
0.00373682
0.00342852
0.00380524
0.00286622
0.00411802
0.00452362
0.00200981
0.00260951
0.00286206
0.00253608
0.0023384
0.00313495
0.0016625
0.00157104
0.00163628
0.00150242
0.000663399
0.000981619
0.000934709
0.000825144
0.000804957
0.000794235
0.000484007
0.000645982
0.000625688
0.00072038
0.00146325
0.00133106
0.000455074
0.00116976
0.0012378
0.00135767
0.000861088
0.00134333
0.00137479
0.00179331
0.00132762
0.00102914
0.00146827
0.00129188
0.0010939
0.00179283
0.000792547
0.000841385
0.000770908
0.00145679
0.000796965
0.000757199
0.0013932
0.000485027
0.000460247
0.000908665
0.00161235
0.000412238
0.00183389
0.000713467
0.001824
0.000648442
0.000725975
0.000763624
0.000884996
0.000714893
0.000649937
0.000782938
0.000643862
0.000715892
0.000609642
0.000517413
0.000555515
0.000622692
0.000681384
0.000668655
0.000440414
0.000387021
0.000870951
0.000821352
0.000919732
0.000589802
0.0013873
0.00188478
0.000525763
0.00039947
0.0017443
0.000489994
0.00074692
0.000465789
0.000649643
0.000602103
0.000680275
0.00115648
0.00181497
0.00139614
0.00108437
0.0013658
0.0010319
0.00106919
0.00136963
0.000655428
0.00143767
0.0023876
0.00221082
0.00196357
0.00173738
0.00107676
0.0014989
0.00123686
0.00132526
0.00117043
0.000333367
0.000358843
0.00279978
0.00281211
0.00282461
0.0010196
0.000943043
0.000908673
0.00168161
0.000925161
0.00291849
0.00275843
0.00101136
0.00091417
0.000632653
0.00177329
0.00123914
0.0011118
0.00130185
0.00113084
0.00277759
0.00264785
0.00261057
0.00226871
0.00214269
0.00161821
0.00286833
0.00088107
0.000806764
0.000648608
0.000608559
0.00101635
0.00096695
0.000921771
0.000856815
0.000905225
0.000896543
0.00541014
0.000695331
0.000482512
0.000390067
0.00275802
0.00222422
0.00277435
0.00180804
0.00288797
0.0030293
0.00245076
0.00216342
0.00250546
0.000909408
0.0027273
0.00328001
0.00257582
0.00240762
0.00227475
0.00279757
0.00310925
0.00280769
0.00082443
0.000933144
0.000991099
0.000807019
0.000917852
0.00093995
0.000905263
0.00270021
0.00153249
0.000703003
0.00290287
0.00157821
0.0009547
0.000835412
0.000962663
0.000853494
0.000842496
0.00122199
0.000833875
0.000743694
0.000704937
0.000573937
0.000245451
0.000245451
0.000245451
0.000896227
0.00128183
0.00130097
0.00113237
0.00081859
0.00109917
0.000935457
0.00110068
0.000483416
0.000586288
0.000583484
0.000652008
0.000679979
0.000592737
0.000620251
0.000696443
0.000473012
0.000754309
0.00071119
0.000518513
0.000538484
0.000436381
0.00109345
0.000823278
0.000792456
0.00105221
0.000959906
0.000697272
0.000784888
0.000615728
0.000456805
0.000776937
0.000705953
0.000707759
0.000669989
0.000711768
0.000695003
0.000931276
0.000675151
0.000655365
0.000703953
0.00078707
0.000611218
0.000550783
0.000792131
0.000915781
0.000887663
0.000856933
0.000783428
0.000936066
0.000904586
0.00120396
0.00120257
0.000725833
0.000581218
0.000538876
0.000752184
0.00063456
0.000615569
0.0012523
0.000481675
0.000940525
0.000836595
0.000729947
0.000808824
0.000842492
0.000835123
0.000916696
0.000755742
0.000897804
0.000845653
0.00070206
0.00097825
0.000839011
0.000727767
0.000529541
0.000400572
0.000910673
0.00120939
0.00111468
0.000951159
0.000561939
0.000596473
0.000558678
0.000540334
0.000689741
0.000535396
0.000630593
0.00015379
0.00015379
0.00015379
0.00047815
0.000551737
0.000556172
0.000625864
0.00056824
0.000643082
0.000680231
0.000708268
0.000680769
0.000671844
0.000632512
0.000574728
0.000553916
0.00103892
0.000829174
0.000680068
0.000792667
0.00058105
0.00119772
0.000991052
0.000591644
0.000597678
0.000613565
0.000535543
0.000578533
0.000554489
0.000434049
0.000452359
0.000612661
0.000581562
0.00066509
0.000636697
0.000640985
0.00064514
0.000601438
0.00082571
0.000657871
0.000690219
0.000498664
0.000583188
0.000517445
0.000537718
0.00056492
0.000505431
0.000732716
0.000637424
0.000671072
0.000793865
0.000743081
0.00141198
0.00077756
0.000333657
0.000740131
0.000862586
0.000489899
0.000839838
0.000902055
0.000866176
0.000826659
0.000853824
0.000848857
0.000872904
0.000875211
0.000808932
0.000906167
0.00087889
0.000856724
0.000851397
0.000908034
0.000912066
0.000912678
0.000888729
0.000874586
0.000903451
0.000848614
0.000852289
0.000860743
0.000907259
0.000918313
0.000865589
0.000930731
0.000965803
0.000946383
0.000839269
0.000880539
0.000833174
0.000842547
0.000826643
0.000934531
0.000874159
0.000857307
0.000892536
0.000900685
0.000887596
0.00087513
0.000910103
0.000916202
0.000922608
0.000951386
0.000916201
0.000373387
0.000509857
0.000558498
0.000944496
0.000881131
0.00169409
0.00311389
0.00142035
0.00218366
0.0026108
0.00246204
0.00223938
0.00244259
0.00213403
)
;
    }
}


// ************************************************************************* //
