/*--------------------------------*- C++ -*----------------------------------*\
  =========                 |
  \\      /  F ield         | OpenFOAM: The Open Source CFD Toolbox
   \\    /   O peration     | Website:  https://openfoam.org
    \\  /    A nd           | Version:  13
     \\/     M anipulation  |
\*---------------------------------------------------------------------------*/
FoamFile
{
    format      ascii;
    class       volScalarField;
    location    "1923";
    object      p;
}
// * * * * * * * * * * * * * * * * * * * * * * * * * * * * * * * * * * * * * //

dimensions      [0 2 -2 0 0 0 0];

internalField   nonuniform List<scalar> 
34022
(
1.23969
6.30076
6.20659
1.34778
5.18668
6.32349
1.33333
5.5581
5.58924
6.19548
1.07673
0.930382
1.2214
3.91578
6.22919
6.22865
6.25296
6.30685
6.23225
6.27299
2.75487
1.19581
1.42246
6.26153
6.31098
3.87806
1.63894
6.317
5.42621
5.88423
6.29964
6.22551
6.23033
6.27713
6.30393
4.27375
1.29086
5.21281
5.57679
6.01002
5.53584
5.70313
5.2631
6.22378
6.25971
6.22238
3.91342
4.55993
2.36949
5.60458
6.26344
6.22076
5.88227
6.22777
6.22194
6.2371
6.23616
6.23563
6.24951
6.26035
6.2483
6.24035
6.22174
6.22159
6.25449
6.21806
6.18875
6.17813
6.18409
6.19237
6.19969
6.16033
6.2107
6.22394
6.23863
5.67243
6.25955
6.27364
6.23057
6.27612
6.26517
6.26285
6.27182
6.27295
6.19034
6.15512
6.2596
6.16466
6.26692
6.27442
6.27026
6.23902
6.19714
6.22386
6.2791
6.28508
6.20393
6.19244
6.18498
6.28564
6.29224
6.17557
6.14779
6.29707
6.29773
6.13566
6.16207
6.29787
6.30207
6.15638
6.30435
6.2244
6.22472
6.31616
6.24501
5.56993
4.96988
3.85028
5.53524
6.31521
6.29153
6.29391
6.32506
6.31712
6.30259
6.31304
6.32055
6.32082
6.31658
6.3091
6.30753
6.2996
6.32229
6.30794
6.32369
6.32134
6.3201
6.31307
6.32352
6.31433
6.3152
6.30622
6.32169
6.30438
6.30243
6.32146
6.32386
6.31942
6.3044
6.30045
6.31005
6.2349
6.25689
6.14343
6.16622
6.17917
6.17168
6.15239
6.133
6.26617
6.25036
1.02168
4.16609
4.595
6.26139
6.25898
6.2757
6.16298
6.28227
6.2221
6.16395
6.28015
5.16178
5.33221
6.23746
1.27092
5.1188
4.26969
5.05037
4.26912
4.25355
4.20364
5.67822
4.21174
4.96141
1.25624
4.21573
3.81273
4.96202
0.913582
3.77164
3.65239
4.14211
4.9276
5.54371
5.12879
4.96403
3.93363
5.14445
6.1387
5.89844
6.06457
6.00553
5.91909
6.13348
5.74395
5.31774
1.56238
4.41769
4.34669
4.11615
5.28658
6.04546
5.69442
5.65066
6.21503
6.26585
1.96151
6.18831
6.17596
4.01212
4.3985
1.808
5.22981
3.87586
5.23909
1.56258
4.43444
4.45158
5.18884
1.36078
5.28382
4.59865
4.18018
6.17205
4.35703
5.52042
5.58592
1.21555
5.148
3.70157
1.78669
4.2122
1.30865
5.23933
3.9077
1.01584
4.27662
3.96124
5.09099
3.78818
1.22705
3.81501
4.17478
5.72957
2.39924
1.39674
3.83333
1.77108
4.43723
4.4136
4.0636
4.34035
4.45011
2.44076
4.46194
5.21148
4.16719
0.926986
5.16142
4.4411
3.69076
4.41143
1.95257
3.95548
5.18118
3.72941
4.16255
1.87042
4.54001
4.15975
3.80942
1.88293
3.78061
4.58979
4.25538
6.27511
1.15372
4.45456
1.25757
4.11014
4.12764
5.19036
6.22972
6.25074
6.26732
6.26667
5.44758
4.039
6.26383
6.2903
4.13771
4.77797
1.66289
1.56097
4.48251
4.52626
1.4276
6.2692
1.5743
6.11419
5.38559
4.28165
6.23313
6.32317
6.27148
2.07071
5.19468
4.54682
4.20319
5.44019
6.0626
5.26902
5.80536
6.30773
6.30551
6.29262
6.2989
6.28559
6.265
5.33306
4.45421
1.68737
4.17732
3.86442
1.19574
3.9347
4.19415
1.20222
4.9581
4.19158
4.98782
4.1994
3.66717
5.13561
5.90743
5.29522
5.01126
5.13889
4.97121
6.27946
6.2433
6.32175
6.29675
6.32819
6.30461
6.30317
6.31938
6.32218
6.32885
6.2949
6.30429
6.30748
6.3087
6.31237
6.33232
6.33477
6.33796
6.28582
6.2446
6.288
1.24266
3.82526
3.64811
5.17609
5.21686
5.03197
6.03076
4.53684
6.11808
6.07671
5.24359
5.95261
5.76176
5.36497
6.08699
6.10482
4.09996
4.01343
4.04678
4.01302
3.79221
5.99028
6.03324
5.01993
5.0054
6.08629
6.04245
1.09569
4.50598
4.13528
6.12412
4.48981
0.961868
5.19594
4.03242
4.51144
0.890251
4.40851
4.08437
5.35797
4.34051
4.05496
4.47418
4.43784
1.6843
3.78857
5.33279
5.33403
3.8221
6.23062
6.22512
5.34704
4.3118
5.0896
4.33361
3.77101
4.04629
4.34247
5.11588
5.32119
5.24474
6.26482
6.2742
0.912189
4.15637
5.17461
3.71145
6.2427
5.00391
5.15761
5.5403
5.06543
4.14999
4.90958
3.82154
5.54584
5.12207
6.20967
6.1667
6.03817
6.19414
6.18474
4.97221
2.30385
4.22987
4.2588
3.76043
4.94911
3.95648
4.27793
1.28079
3.89898
3.89358
4.25424
6.12256
6.11684
6.09368
4.30556
3.85897
1.35731
5.89104
6.09574
6.10764
5.32118
4.27726
5.09383
5.22178
5.14209
5.68613
5.31828
5.28771
4.35856
5.18028
6.14915
6.07442
5.19963
6.12491
6.16409
6.1899
5.27211
5.83722
5.37962
5.23825
5.76603
5.81291
5.28727
6.11307
5.76145
5.39188
6.1806
5.73976
5.83673
5.40743
5.28477
5.95391
5.85722
5.74431
5.99848
6.03661
5.75237
5.38485
5.85669
6.23693
5.3423
5.74971
5.13073
5.58455
5.376
5.77451
5.76652
5.75081
5.84509
6.0393
6.03957
5.37509
6.09122
5.91776
6.24235
6.17443
6.09421
6.20818
5.75017
5.99524
5.77257
5.7778
5.7487
5.97856
6.01134
5.29418
5.26046
6.03173
5.91004
5.58725
5.20071
5.5331
4.99712
5.88378
5.67415
5.84447
5.34483
5.23699
4.96691
5.57223
4.98435
5.84386
5.66259
5.5696
5.90261
5.63277
5.1321
5.65904
5.92808
5.5619
6.21168
5.5139
5.65065
5.64336
5.33987
5.66373
5.62974
5.69857
5.71494
5.90236
5.94415
6.04776
5.90274
5.20262
5.70312
5.72206
5.70511
5.11344
6.1915
5.68633
5.75901
5.71261
5.93654
5.73745
5.98799
6.20529
5.68996
5.75725
5.96018
5.24648
5.72718
5.35426
6.06317
5.68949
5.21224
5.42833
5.92649
5.49033
5.39922
5.73225
6.20678
5.79711
5.99441
5.96637
5.79622
6.0145
6.05197
5.77885
5.7208
5.41234
5.9384
5.80626
5.97525
6.01984
5.39375
5.24193
5.73097
5.82266
5.73533
5.98119
6.24443
6.22303
5.81383
5.50377
5.63647
5.85805
6.24784
6.23008
6.25503
6.25559
6.24396
6.31316
6.28941
5.82618
5.62418
5.97898
5.70928
5.75425
6.27266
6.18036
6.18706
6.14815
6.17309
6.21306
6.07282
5.87392
6.08319
6.22643
6.23884
5.97878
6.08765
5.95893
5.98182
6.19257
6.08917
5.79863
6.09627
5.5464
5.65805
6.18716
6.23351
6.22242
6.13878
5.82881
5.84545
6.23086
6.10718
6.1289
6.10269
6.1195
5.92339
6.08055
6.17142
5.99644
5.81344
5.55716
5.94866
6.15013
5.9853
5.97109
6.24122
6.24777
6.30815
6.33263
6.30227
6.23037
6.25793
6.34426
6.23887
6.24253
6.27089
6.26343
6.31771
6.32741
5.73504
5.64473
6.03306
6.03211
5.60842
5.72229
5.9719
6.0458
5.94103
5.94354
6.22998
6.16555
6.08266
6.14871
6.23004
5.88265
5.67694
6.03057
5.8051
5.88396
6.17242
5.91467
5.91169
5.65118
5.86129
5.85295
5.57162
5.62883
6.14189
6.05625
5.82487
5.84671
5.90673
5.68897
5.86486
5.68892
5.91305
5.71073
6.06297
5.92912
5.94498
5.65876
6.04107
5.82046
6.04256
5.78386
6.20105
6.15445
5.81692
6.14661
6.08341
5.98865
6.13069
6.09192
6.03607
6.05463
6.0606
6.20054
5.96194
6.0675
6.13248
6.04946
6.08117
6.08868
6.21819
6.10318
5.91253
6.13856
6.06895
6.03756
6.08949
6.26704
6.11447
6.11775
6.03949
6.27277
6.22706
6.24142
6.25342
6.23709
6.12644
6.14283
6.2398
6.24993
6.2613
6.29836
6.26062
6.15293
6.11383
6.15982
6.15466
6.18503
6.13624
6.20826
6.17186
6.18066
6.16473
6.19022
6.2116
6.19358
6.20324
6.2198
6.19503
6.19575
1.755
2.28504
1.47998
1.75928
0.910796
1.67067
1.90938
1.09561
1.20862
0.887848
1.34864
0.974443
1.92715
1.32536
1.26284
2.7519
1.35588
1.52404
1.44513
1.42923
1.48851
0.985002
1.01569
2.11534
1.01839
0.905037
3.12888
1.00565
1.24224
0.961264
1.01143
1.24413
1.22589
1.02474
1.33696
0.935359
1.02176
0.937152
1.25677
1.17622
1.09227
1.69008
1.86485
1.22743
0.962256
1.40551
1.12174
1.06577
1.32469
1.07825
1.09017
1.33516
1.30379
2.12381
2.06008
1.97107
1.07805
1.37272
1.23327
1.39939
0.884582
1.44864
1.00608
1.79725
1.39682
0.961897
1.12234
1.08331
1.02061
1.17589
0.811074
1.53328
1.00671
1.13088
1.64337
1.2137
1.66293
1.05716
1.43902
1.57249
1.40818
1.0667
1.3547
2.10426
1.00271
1.19547
2.11501
1.41364
0.846309
1.50718
1.7919
1.89122
1.25789
1.52743
1.23147
1.67765
1.33686
1.61463
0.833094
1.14829
0.907107
1.5124
1.33368
0.983241
1.05816
1.09011
1.07067
1.06754
1.15891
0.995057
1.34652
0.982614
1.01798
1.09389
1.35013
1.46663
1.20602
1.78858
0.948198
1.27376
1.32226
0.873979
1.33152
1.87986
1.90411
1.04313
1.2655
2.99377
1.19834
1.09991
1.13985
0.821546
0.905209
1.16972
1.07613
1.71393
0.874407
1.12001
0.944428
0.732592
0.936556
1.21624
1.72127
0.960828
1.0222
0.855634
1.14518
1.43895
1.4262
0.915496
1.2457
1.20925
1.22247
1.10856
0.719451
1.22502
0.747132
2.07863
1.40505
1.87907
0.921584
1.12439
1.46429
0.902919
2.41129
1.00733
1.46653
0.94575
1.04354
1.65395
1.66057
0.720491
1.28925
1.27724
1.27554
1.32129
1.08089
0.820597
1.20322
1.40141
1.21073
1.27041
1.54576
2.16939
0.907155
0.870782
1.28895
1.35394
1.05674
1.26268
1.13572
1.09211
1.10981
1.05756
1.80499
1.22279
0.952493
1.24445
0.824439
1.19298
1.17053
1.0439
1.42804
0.996602
1.33433
1.16168
0.845023
0.82443
1.07474
0.972051
0.921512
1.19421
2.30031
1.11206
1.09352
1.98338
1.23397
1.15459
1.26408
1.2521
1.07961
1.22233
1.10961
1.14825
0.851597
1.08394
1.28947
1.33856
1.29115
1.1041
1.13293
1.06544
1.31002
1.18507
1.18319
1.21238
1.23323
1.04299
1.29076
1.36415
1.15737
1.13081
1.20268
1.73688
1.09916
1.11448
1.75389
1.21617
1.39671
1.52462
1.36806
1.17228
1.23393
1.12072
1.37959
1.09527
1.67178
1.25375
1.28472
1.39824
1.46645
1.53889
1.29445
1.18693
1.15271
1.19568
1.43702
1.21181
1.27088
1.41923
1.4211
6.286
6.31414
6.304
6.28006
6.27671
6.31452
6.28164
6.27053
6.2763
6.27322
6.26019
6.24365
6.24481
6.23254
6.21867
6.22527
6.22501
6.22747
6.28365
6.2264
6.22921
6.25134
6.23187
6.27766
6.2301
6.2317
6.25296
6.27217
6.25711
6.26626
6.21122
6.24051
6.23685
6.24889
6.23263
6.21169
6.21758
6.23914
6.24671
6.25088
6.22318
6.22188
6.22612
6.25101
6.26091
6.24554
6.26162
6.23352
6.23509
6.21437
6.23562
6.24618
6.21376
6.23116
6.2234
6.21778
6.27637
6.27426
6.30075
6.29912
6.31523
6.30451
6.31943
6.31581
6.30488
6.26036
6.30527
6.23695
6.24669
6.25666
6.23879
6.26558
6.28536
6.28829
6.26208
6.27118
6.26407
6.25501
6.27272
6.27753
6.29406
6.31461
6.31654
6.28506
6.29365
6.26429
6.26926
6.27254
6.26317
6.26496
6.22523
6.23482
6.21527
6.25507
6.26972
6.27113
6.31777
6.3124
6.32244
6.28172
6.31075
6.31222
6.28496
6.28367
6.29691
6.30643
6.31967
6.30596
6.30812
6.30957
6.31029
6.3098
6.31456
6.31436
6.3217
6.31744
6.30772
6.30669
6.30985
6.31126
6.31959
6.30788
6.25767
6.25639
6.31726
6.3151
6.32706
6.33036
6.33199
6.30052
6.31458
6.33242
6.31718
6.33026
6.32834
6.25321
6.25068
6.25597
6.22612
6.24519
6.225
6.22017
6.22894
6.21849
6.28361
6.23882
6.24907
6.22474
6.26283
6.26912
6.26507
6.26738
6.2632
6.26924
6.26391
6.26753
6.26967
6.23131
6.23479
6.23082
6.22217
6.24913
6.23158
6.23091
6.25663
6.24958
6.2373
6.22691
6.25852
6.24242
6.23735
6.22781
6.22529
6.22205
6.33852
6.28706
6.28948
6.29986
6.308
6.21908
6.22285
6.31933
6.30114
6.30924
6.28426
6.29639
6.29576
6.28871
6.23673
6.22219
6.21817
6.28669
6.23135
6.30259
6.28654
6.30473
6.29395
6.29092
6.27075
6.24277
6.25324
6.22161
6.2655
6.22365
6.23572
6.23115
6.24833
6.22555
6.31335
6.31081
6.31546
6.31048
6.29519
6.30901
6.30114
6.27199
6.3142
6.29371
6.28968
6.30317
6.3067
6.30766
6.26489
6.31244
6.33232
6.30455
6.30821
6.32006
6.29779
6.29977
6.34193
6.23791
6.21931
6.21787
6.22052
6.2224
6.23241
6.22766
6.23221
6.2206
6.22711
6.22843
6.20977
6.29948
6.28976
6.29894
6.31163
6.28651
6.27423
6.27646
6.2621
6.23871
6.25761
6.25976
6.26563
6.26092
6.2226
6.22073
6.26515
6.25622
6.24171
6.23298
6.22794
6.25247
6.27598
6.26278
6.26381
6.26679
6.25969
6.2455
6.26997
6.27689
6.26541
6.26895
6.28367
6.26078
6.26966
6.26779
6.2557
6.26419
6.2643
6.22294
6.22168
6.22845
6.2435
6.23454
6.22686
6.25131
6.22897
6.22668
6.22985
6.22047
6.24944
6.25589
6.26494
6.25463
6.26007
6.26153
6.2731
6.24953
6.25673
6.24541
6.25217
6.22613
6.22462
6.22061
6.22475
6.3037
6.34226
6.24753
6.23008
6.22317
6.22698
6.22411
6.23163
6.22599
6.23376
6.31334
6.25816
6.2265
6.26256
6.25197
6.25363
6.29234
6.29683
6.29412
6.30087
6.3347
6.26606
6.28134
6.28293
6.29755
6.27951
6.22488
6.21889
6.2194
6.21912
6.23714
6.23122
6.30409
6.30129
6.34306
6.29239
6.24633
6.29441
6.28612
6.22849
6.26746
6.26222
6.25109
6.30276
6.33538
6.24155
6.23089
6.23346
6.2446
6.2331
6.28257
6.2939
6.25773
6.27102
6.24398
6.25333
6.29354
6.27378
6.24751
6.26987
6.24657
6.23292
6.23457
6.24927
6.22507
6.24158
6.22817
6.25425
6.21737
6.24153
6.25536
6.28733
6.24402
6.27228
6.24178
6.22247
6.2236
6.2268
6.23096
6.23957
6.23623
6.24067
6.21578
6.21698
6.21996
6.21689
6.22177
6.22805
6.2306
6.22962
6.21874
6.21798
6.21904
6.21855
6.21959
6.22098
6.2855
6.34261
6.24802
6.23299
6.23564
6.24289
6.24185
6.25863
6.2479
6.21557
6.24661
6.22744
6.28908
6.27381
6.27164
6.25911
6.28992
6.25027
6.28084
6.27745
6.28448
6.28603
6.24585
6.28354
6.26379
6.24958
6.28089
6.27078
6.24894
6.23484
6.2345
6.26233
6.31769
6.27174
6.22525
6.25279
6.22715
6.22626
6.22365
6.26058
6.22094
6.2219
6.21674
6.25166
6.2529
6.23527
6.22503
6.24529
6.22795
6.23632
6.21759
6.21674
6.21939
6.22321
6.21842
6.21714
6.2171
6.21745
6.22377
6.22584
6.22713
6.22758
6.24785
6.24244
6.22856
6.21973
6.22584
6.24505
6.24353
6.24776
6.25891
6.26188
6.24922
6.22368
6.21889
6.2215
6.22035
6.32048
6.29567
6.323
6.32174
6.32256
6.29364
6.28961
6.29724
6.28779
6.32188
6.32214
6.31637
6.3212
6.31333
6.32326
6.32179
6.32175
6.32042
6.29551
6.30964
6.31746
6.3102
6.31898
6.31319
6.25404
6.28063
6.26599
6.28957
6.25464
6.2752
6.24327
6.24601
6.23272
6.26793
6.2314
6.25831
6.22718
6.22975
6.24629
6.21661
6.23364
6.2131
6.19394
6.22874
6.22205
6.18604
6.15789
6.14567
6.1528
6.15389
6.1056
5.94503
5.96695
5.60538
5.64375
6.0008
5.53842
5.26918
5.24576
5.44675
5.65977
5.08396
5.05729
5.06988
6.20383
6.1725
6.18789
6.11863
6.25267
4.65851
5.09772
4.5606
6.09255
3.65031
5.12851
5.11315
5.35257
5.82274
5.72386
5.08579
6.26944
6.2088
6.25975
6.13244
5.89309
5.78216
5.38353
5.16743
6.2737
6.25655
6.25536
6.06496
5.88211
5.87892
5.84799
6.25563
6.25154
6.24264
6.20309
6.2668
6.00788
5.78267
1.53278
1.39439
1.2962
3.97228
1.69448
1.65449
2.96343
4.41273
5.25746
4.00893
6.27795
6.26758
6.27252
6.27019
5.63987
5.55637
5.1963
3.64725
4.96774
1.40039
0.824363
1.30712
1.28336
1.12178
1.00842
1.23357
1.11571
1.17026
1.2657
1.42928
1.06076
1.49518
5.4055
5.24937
4.8368
0.929268
1.07357
6.20387
1.46321
3.74222
4.16848
4.95801
5.1798
1.18019
1.28007
1.31687
1.05912
1.22164
1.2213
0.87614
0.840515
1.09525
0.97234
0.873485
0.877558
1.10039
0.868459
4.45698
6.28909
6.28811
6.28396
6.26955
6.29699
6.29172
6.29276
6.29899
6.29029
6.31882
6.31458
6.31782
6.30088
6.30208
6.31842
6.31667
6.31893
6.29005
6.31958
6.30615
6.32034
6.31924
6.31557
6.32136
6.1841
6.16515
6.24721
6.19446
6.22266
6.22632
6.21758
5.5075
5.45303
5.83448
5.24912
6.22088
6.09479
5.99207
6.18541
6.19126
6.09829
5.65661
6.05441
6.07397
6.12017
6.10784
6.01868
5.67161
5.89524
5.92632
5.27143
5.68616
3.82769
1.45351
1.26279
6.216
6.24271
6.21654
6.24062
6.23437
6.23309
6.24406
6.20995
6.21728
6.20311
6.21227
5.59403
6.19986
6.19631
6.2084
6.21057
6.19427
6.20653
6.20596
6.25269
6.23723
6.22212
6.22153
6.24347
6.22415
6.21862
6.24987
6.22133
6.25412
6.23035
6.22085
6.22428
6.22289
6.22374
6.23254
6.23941
6.22321
6.22693
6.24337
6.24629
6.24887
6.25987
6.25896
6.27368
6.26846
6.27522
6.2801
6.28151
6.28702
6.29349
6.31237
6.2915
6.2994
6.31596
6.30477
6.2277
6.23058
6.24319
6.2293
6.22341
6.22354
6.24162
6.25216
6.25286
6.24133
6.2615
6.25247
6.25294
6.23889
6.24312
6.21275
6.24471
6.24375
6.25337
6.25132
6.24582
6.25843
6.24623
6.24242
6.23925
6.2401
6.23374
6.24006
6.25841
6.23921
6.24948
6.23984
6.25818
6.25965
6.23675
6.23772
6.25503
6.25433
6.26141
6.24952
6.26286
6.245
6.26194
6.26263
6.26188
6.2592
6.25716
6.25565
6.25015
6.24692
6.24336
6.24542
6.2461
6.24737
6.2499
6.22901
6.27761
6.28537
6.24365
6.23428
6.2382
6.22639
6.2257
6.22532
6.2262
6.23629
6.22871
6.27237
6.26648
6.25444
6.26475
6.27758
6.27037
6.28709
6.28222
6.28575
6.23671
6.25424
6.25074
6.28195
6.23773
6.24632
6.23981
6.23621
6.23492
6.23723
6.22822
6.228
6.27957
6.26978
6.26377
6.25592
6.26429
6.26452
6.26307
6.3187
6.30675
6.29107
6.28417
6.28275
6.29469
6.27704
6.27126
6.26642
6.26335
6.2608
6.31598
6.31108
6.31792
6.23333
6.24026
6.23192
6.23855
6.24114
6.24597
6.25035
6.23107
6.22318
6.22689
6.20991
6.12269
6.14748
6.18914
6.12433
6.2588
6.26178
6.22756
6.25873
6.24246
6.24254
6.22346
6.26232
6.24953
6.24379
6.25294
6.23731
6.22618
6.22975
6.22662
6.23118
6.23543
6.25682
6.24142
6.26492
6.23823
6.24907
6.23064
6.22697
6.24194
6.21173
6.20609
6.20502
6.2508
6.25893
6.23707
6.26341
6.25239
6.22483
6.2378
6.25733
6.25371
6.26143
6.24794
6.23787
6.24808
6.26881
6.25724
6.26676
6.24476
6.2514
6.2567
6.25891
6.25186
6.28186
6.25136
6.26495
6.25238
6.28369
6.28258
6.27446
6.27062
6.24784
6.28359
6.291
6.26561
6.24366
6.29857
6.29818
6.27187
6.29765
6.29057
6.2434
6.29015
6.30857
6.3019
6.25402
6.31393
6.27995
6.30879
6.30938
6.29861
6.24573
6.24511
6.25387
6.23757
6.30543
6.31453
6.29831
6.28269
6.29951
6.2868
6.31344
6.30635
6.31496
6.31619
6.26899
6.29711
6.297
6.31454
6.23465
6.24926
6.27089
6.24071
6.28043
6.22725
6.23057
6.2252
6.26922
6.26295
6.2663
6.25361
6.25617
6.24162
6.25532
6.29373
6.29479
6.2504
6.25134
6.25064
6.2554
6.25586
6.24512
6.26153
6.3205
6.25561
6.23208
6.20467
6.23004
6.24078
6.18032
6.23466
6.18291
6.16993
6.23072
6.23528
6.23576
6.22354
6.17613
6.18237
6.21961
6.23231
6.23807
6.23978
6.24088
6.24123
6.25121
6.23564
6.23968
6.2331
6.24134
6.23183
6.21935
6.23311
6.22878
6.22158
4.24568
6.21941
4.5571
0.972358
1.1452
6.22974
6.21513
6.23737
6.21558
6.23131
6.24991
6.24435
6.24786
6.23924
6.2449
6.26009
6.2421
6.23514
6.25732
6.24234
6.24808
6.25066
6.26723
6.26056
6.2686
6.25954
6.2616
6.24932
6.32087
6.32234
6.31991
6.25841
6.2406
6.23206
6.30161
6.30383
6.24428
6.2509
6.31503
6.29049
6.27585
6.26614
6.27768
6.30308
6.25094
6.23103
6.29949
6.23334
6.25094
6.24916
6.24333
6.2293
6.23279
6.23511
6.22887
6.23544
6.22849
6.24043
6.22618
6.25081
6.24941
6.22928
6.23445
6.25194
6.25267
6.25135
6.23065
6.22726
6.28668
6.29909
6.26941
6.26674
6.25636
6.25593
6.26467
6.25147
6.28028
6.28606
6.28035
6.27127
6.3041
6.22083
6.22664
6.21389
6.1327
6.03831
6.22627
6.23954
6.2261
6.22871
6.23269
6.24409
5.95415
1.18554
1.51659
1.12674
1.0294
5.67104
5.06562
1.32024
4.01473
6.23565
6.24119
6.2295
6.23005
6.27429
6.26403
6.27848
6.23176
6.2315
6.23177
6.23413
6.28327
6.29198
6.26575
6.24119
6.28359
6.28679
6.21889
6.23901
6.22784
6.2298
6.24193
6.23113
6.23329
6.23153
6.23956
6.23381
6.24841
6.24347
6.23263
6.23774
6.2409
6.25886
6.23736
6.28927
6.23464
6.25316
6.23435
6.2364
6.27484
6.27445
6.27856
6.25833
6.27302
6.2724
6.2601
6.25323
6.23601
6.25668
6.23639
6.26012
6.26868
6.23447
6.23264
6.26155
6.26627
6.32321
6.25157
6.25357
6.23364
6.22819
6.27347
6.2705
6.23317
6.26268
6.2308
6.2298
6.23545
6.24611
6.23709
6.24751
6.24225
6.23444
6.25092
6.25164
6.25524
6.2413
6.24066
6.24969
6.23898
6.25431
6.25335
6.27374
6.24866
6.24738
6.23008
6.23164
6.23749
6.23464
6.22958
6.22912
6.239
6.24294
6.23974
6.23266
6.21544
6.21905
6.22823
6.22631
6.24572
6.24539
6.23558
6.23774
6.23051
6.23436
6.24292
6.2251
6.23293
6.23347
6.23057
6.2437
6.22818
6.2407
6.28787
6.21814
6.23636
6.23834
6.22811
6.21237
6.24389
6.23836
6.24226
6.23368
6.23231
6.23935
6.23848
6.23797
6.24012
6.24804
6.23177
6.23724
6.23011
6.23569
6.23455
6.23654
6.24325
6.238
6.23149
6.24026
6.25794
6.25125
6.23424
6.26597
6.27366
6.24332
6.24154
6.24049
6.24454
6.23605
6.24098
6.26747
6.25486
6.25807
6.24403
6.24326
6.25611
6.23663
6.23709
6.23698
6.22947
6.23212
6.23721
6.23463
6.26223
6.25568
6.23203
6.23275
6.24939
6.26718
6.26033
6.23307
6.2663
6.23361
6.2354
6.26147
6.23868
6.24087
6.24249
6.24552
6.23508
6.24154
6.24425
6.24782
6.08095
6.24186
5.28912
6.2352
6.23183
6.23592
6.23363
6.23339
6.2356
6.24997
6.23872
6.22009
6.25497
6.23343
6.2295
6.2324
6.25137
6.2342
6.23407
6.2381
6.22939
6.23404
6.23799
6.23433
6.23544
6.26376
6.24243
6.23789
6.23915
6.24688
6.24583
6.23878
6.23125
6.23682
6.23014
6.23475
6.23285
6.23369
6.23279
6.22958
6.24091
6.23538
6.23011
6.22945
6.2346
6.25775
6.236
6.22856
6.23006
6.23508
6.23022
6.22699
6.22942
6.23115
6.23063
6.22667
6.22781
6.22754
6.23025
6.23006
6.23547
6.23549
6.23474
6.23704
6.23281
6.23533
6.23614
6.24773
6.23836
6.25371
6.23133
6.23282
6.23473
6.23875
6.23897
6.25365
6.24705
6.23952
6.24445
6.24485
6.23195
6.23351
6.2534
6.25115
6.22777
6.22969
6.22974
6.22841
6.22795
6.23025
6.22843
6.23905
6.25135
6.24091
6.2443
6.24827
6.2491
6.2479
6.24997
6.2434
6.25279
6.2432
6.23114
6.23026
6.23162
6.23365
6.23761
6.23418
6.23477
6.23287
6.23514
6.24039
6.23271
6.2528
6.24966
6.22893
6.24193
6.24956
6.25096
6.25047
6.25275
6.23143
6.234
6.29525
6.2855
6.29194
6.30585
6.30861
6.26521
6.26974
6.26585
6.29296
6.31263
6.29011
6.30126
6.31179
6.23628
6.1986
6.20869
6.19525
6.31059
6.2961
6.31372
6.31708
6.29167
6.28078
6.12419
6.14499
6.15791
5.85639
5.81376
6.11135
5.81804
5.71864
5.99723
5.90749
6.31493
6.29626
6.27129
6.16132
6.13256
6.0962
5.99685
5.41283
5.76757
5.20391
5.75259
4.47975
4.21377
3.0683
4.17451
4.02204
5.26987
4.0906
6.30957
6.30831
6.30298
6.20498
6.26408
6.23835
6.20607
6.17482
6.06833
6.30285
6.27577
6.2857
6.29836
6.2838
6.25545
6.24788
6.2731
6.26384
6.24984
6.18921
6.22041
6.16109
6.15142
5.39608
5.19882
5.23071
5.23776
5.74745
6.14307
6.23773
6.26598
6.25353
6.26226
6.24361
6.23617
6.22072
6.24574
6.20434
6.24965
6.0704
5.99187
0.908741
1.93686
6.28928
6.31658
6.17838
6.16919
0.712477
1.08384
1.51667
1.57002
1.32686
6.15316
1.42845
1.07161
6.07556
5.91725
4.39895
1.81517
5.13244
1.69999
5.68792
6.21958
6.08993
6.11567
6.22479
6.23028
1.23408
6.2126
6.1993
6.18875
6.1601
6.13418
6.237
6.23679
5.07568
6.19292
6.18504
6.1677
6.23825
6.23994
6.15347
6.16446
6.17072
6.1734
6.21312
6.19332
6.19595
6.23508
6.1925
6.18031
6.26012
6.26174
6.24839
6.24895
6.25883
6.25744
6.24043
6.24428
6.25213
6.24424
6.24372
6.2722
6.24983
6.24204
6.24835
6.24528
6.23829
6.22813
6.22239
6.22473
6.22196
6.23233
6.22536
6.2211
6.23021
6.22694
6.2229
6.25877
6.24379
6.27603
6.2573
6.23744
6.23298
6.22829
6.23585
6.26135
6.27092
6.29712
6.27445
6.28351
6.30884
6.28397
6.3089
6.29701
6.2395
6.243
6.24417
6.23259
6.2315
6.22738
6.27879
6.27725
6.27272
6.27894
6.27585
6.25737
6.25614
6.27444
6.24924
6.26938
6.27426
6.23827
6.23078
6.27166
6.22854
6.22925
6.22925
6.24221
6.23319
6.23271
6.22864
6.22656
6.23658
6.21909
6.23523
6.24161
6.23984
6.23716
6.24109
6.23573
6.24378
6.24465
6.24209
6.24322
6.2369
6.25221
6.2426
6.24486
6.23048
6.23382
6.28446
6.25802
6.25098
6.24038
6.23593
6.22981
6.22543
6.2325
6.23524
6.22819
6.24447
6.24384
6.2388
6.23017
6.22704
6.23648
6.23942
6.2398
6.21962
6.22289
6.22123
6.22122
6.22211
6.23848
6.2357
6.23903
6.22148
6.2233
6.20993
6.24215
6.24863
6.2211
6.23761
6.24177
6.23827
6.24065
6.23914
6.21386
6.20113
6.24385
6.27039
6.27371
6.27758
6.28158
6.24322
6.23968
6.26605
6.2717
6.24253
6.21859
6.21671
6.21905
6.22546
6.23455
6.22874
6.22009
6.23397
6.22245
6.21743
6.21631
6.21733
6.21877
6.24632
6.25317
6.25627
6.23779
6.22522
6.21903
6.24219
6.30015
6.30312
6.30656
6.30903
6.31287
6.31313
6.31034
6.26152
6.28983
6.26325
6.30008
6.29767
6.29513
6.26791
6.24351
6.29526
6.30139
6.30191
6.2882
6.27132
6.28467
6.27599
6.26485
6.21499
6.22237
6.27133
6.25668
6.23231
6.2516
6.2648
6.22902
6.22222
6.22304
6.23906
6.24235
6.23179
6.22958
6.22937
6.28625
6.26346
6.27175
6.25417
6.25383
6.26826
6.26785
6.24254
6.24122
6.24246
6.24294
6.26042
6.25202
6.23991
6.23322
6.23315
6.23664
6.2362
6.22508
6.22317
6.21002
6.20462
6.24217
6.20136
6.193
6.23485
6.23211
6.23286
6.23457
6.23167
6.22612
6.23057
6.23587
6.24031
6.21637
6.22404
6.21572
6.24854
6.23178
6.23518
6.23847
6.22682
6.23578
6.2333
6.22389
6.25849
6.23838
6.22851
6.25794
6.26208
6.25162
6.2462
6.23759
6.29381
6.28995
6.28355
6.25317
6.26467
6.26035
6.22026
6.22282
6.23109
6.23105
6.22925
6.24286
6.25108
6.20971
6.2138
6.23072
6.23334
6.27042
6.29021
6.22919
6.2421
6.23084
6.29627
6.27785
6.27597
6.23751
6.23711
6.23713
6.24774
6.25716
6.27637
6.26659
6.2954
6.28664
6.27105
6.28184
6.2383
6.25965
6.2469
6.22585
6.25044
6.25396
6.21826
6.23263
6.22472
6.23389
6.22892
6.23351
6.2232
6.22843
6.2347
6.23953
6.20823
6.22651
6.24176
6.22117
6.23035
6.22943
6.23516
6.22044
6.24022
6.21622
6.24631
6.23016
6.2343
6.2336
6.21726
6.23051
6.25051
6.24137
6.23685
6.26602
6.2217
6.27749
6.26621
6.27357
6.29132
6.28628
6.27318
6.27068
6.25908
6.2493
6.21653
6.23395
6.23518
6.23412
6.23575
6.22046
6.23811
6.2302
6.23987
6.2404
6.21932
6.21463
6.21506
6.19257
6.23713
6.21022
6.21271
6.20839
6.23319
6.22987
6.23124
6.21848
6.26419
6.24607
6.24097
6.23484
6.2423
6.22912
6.2373
6.23767
6.23561
6.22931
6.2378
6.22282
6.21722
6.21543
6.21644
6.20056
6.21427
6.22288
6.2014
6.21731
6.21582
6.21726
6.21079
6.2217
6.22603
6.24226
6.21696
6.22243
6.2198
6.23844
6.22186
6.23554
6.23418
6.24833
6.22987
6.2327
6.22371
6.22061
6.21977
6.23597
6.23454
6.23039
6.22888
6.22684
6.24022
6.23777
6.24842
6.25303
6.22946
6.23066
6.21863
6.23306
6.22037
6.254
6.22601
6.22502
6.21954
3.81041
1.31218
0.888831
6.22567
6.24787
6.2266
6.25265
6.25523
6.2589
6.23286
6.23187
6.23135
6.2329
6.21895
6.2211
6.2227
6.21708
6.23518
6.22544
6.24484
6.21503
6.23394
6.23526
6.2323
6.22926
6.22898
6.24183
6.24006
6.24397
6.2297
6.22886
6.24564
6.21967
6.24276
6.2394
6.23716
6.23449
6.22396
6.24048
6.22292
6.22633
6.23254
6.22615
6.23756
6.23049
6.23898
6.21721
6.23288
6.23528
6.22942
6.24204
6.23752
6.22795
6.24147
6.22976
6.22355
6.22544
6.23938
6.23728
6.23174
6.23759
6.22715
6.22596
6.22847
6.22908
6.23067
6.22847
6.22783
6.22859
6.23858
6.22789
6.22837
6.23012
6.23609
6.23787
6.24116
6.23378
6.23332
6.23093
6.237
6.23448
6.23806
6.22901
6.23427
6.23476
6.2325
6.23307
6.23304
6.23046
6.23158
6.23384
6.23415
6.217
6.22069
6.21703
6.2407
6.26996
6.26076
6.21519
6.22965
6.26222
6.25582
6.24864
6.23345
6.25835
6.25581
6.27903
6.2413
6.26173
6.25103
6.23916
6.24768
6.26503
6.26066
6.26203
6.23266
6.23146
6.22929
6.23492
6.2593
6.23404
6.23081
6.22661
6.24519
6.23442
6.22773
6.2355
6.23584
6.28388
6.23224
6.26455
6.22862
6.25998
6.28564
6.27287
6.25673
6.23387
6.26768
6.25321
6.27388
6.27746
6.27355
6.25024
6.2812
6.24105
6.25569
6.26681
6.26754
6.24529
6.27545
6.26799
6.26421
6.26913
6.24482
6.25783
6.2657
6.26737
6.25566
6.25198
6.24489
6.26673
6.25481
6.24702
6.26088
6.24112
6.25658
6.24586
6.26157
6.25834
6.25372
6.26074
6.25843
6.25457
6.25114
6.24857
6.241
6.23845
6.24131
6.2417
6.24193
6.23155
6.25198
6.24809
6.24975
6.24787
6.25543
6.25882
6.2603
6.25685
6.26218
6.25538
6.25079
6.24882
6.25906
6.25766
6.24549
6.2558
6.23867
6.24211
6.24124
6.2565
6.25384
6.25052
6.25694
6.2502
6.25272
6.25759
6.24899
6.25393
6.23538
6.24788
6.24628
6.24462
6.24593
6.2451
6.24321
6.23668
6.24046
6.24897
6.24436
6.25278
6.2477
6.24817
6.24292
6.25572
6.24003
6.24103
6.24629
6.24298
6.25137
6.24942
6.23618
6.25131
6.24777
6.25518
6.26231
6.25281
6.25026
6.26282
6.27202
6.26493
6.27863
6.27859
6.27048
6.26685
6.2867
6.27499
6.27492
6.27193
6.27929
6.27487
6.27968
6.272
6.27671
6.28189
6.22944
6.24352
6.26607
6.23797
6.25191
6.224
6.24727
6.24295
6.24042
6.27147
6.24946
6.24529
6.22852
6.21832
6.2551
6.24088
6.28931
6.26602
6.25365
6.25974
6.24748
6.24542
6.24225
6.25418
6.28238
6.27577
6.26554
6.27469
6.21819
6.21895
6.20678
6.26283
6.27378
6.26647
6.27232
6.25019
6.2718
6.24424
6.26448
6.26248
6.25443
6.2512
6.25241
6.22157
6.23431
6.22381
6.2018
6.23488
6.20375
6.178
6.23986
6.22714
6.2339
6.18929
6.23601
6.17508
6.22811
6.21698
6.24802
6.23641
6.22813
6.2304
6.23167
6.23952
6.2425
6.23797
6.22931
6.23151
6.26684
6.25656
6.25644
6.27307
6.25142
6.25296
6.26932
6.24792
6.24729
6.24098
6.24904
6.25744
6.2654
6.22998
6.22423
6.22595
6.22237
6.22117
6.22559
6.22698
6.22885
6.22448
6.22285
6.21988
6.22782
6.22943
6.23016
6.22497
6.24527
6.22824
6.23565
6.2347
6.23807
6.24121
6.2418
6.23641
6.25169
6.24527
6.25704
6.24426
6.25335
6.25366
6.2592
6.25368
6.25057
6.25189
6.25104
6.26681
6.22338
6.21542
6.18949
6.24651
6.24485
6.21911
6.23823
6.23909
6.21557
6.24892
6.26591
6.26378
6.27062
6.27758
6.24447
6.25932
6.2306
6.22949
6.27518
6.26685
6.25956
6.23208
6.25314
6.23648
6.23182
6.22999
6.25213
6.26019
6.23604
6.26609
6.27982
6.25242
6.2825
6.25254
6.28384
6.27811
6.28274
6.21871
6.23571
6.19626
6.25332
6.23814
6.22827
6.23225
6.23699
6.2431
6.24689
6.24123
6.24364
6.24396
6.25048
6.24227
6.24813
6.24477
6.25004
6.24643
6.24446
6.25926
6.25625
6.24232
6.24651
6.259
6.24889
6.25204
6.25798
6.23908
6.25311
6.24855
6.26283
6.22179
6.22625
6.22617
6.23197
6.23437
6.25222
6.25262
6.238
6.22376
6.22453
6.23214
6.23265
6.24788
6.25187
6.25062
6.24928
6.27278
6.2729
6.26436
6.24728
6.2507
6.22995
6.24115
6.23245
6.23489
6.25769
6.27364
6.2623
6.24148
6.24021
6.25804
6.26007
6.24499
6.24666
6.23829
6.24269
6.24086
6.25458
6.2477
6.24789
6.25861
6.25255
6.26439
6.27595
6.26681
6.25886
6.26241
6.24518
6.23159
6.23409
6.23219
6.24553
6.26151
6.25728
6.2463
6.24609
6.26798
6.25749
6.24866
6.2474
6.2431
6.24882
6.24813
6.25218
6.25815
6.25665
6.24993
6.26524
6.25274
6.24067
6.23683
6.24643
6.23248
6.23658
6.23461
6.22819
6.22832
6.24156
6.25416
6.2526
6.24734
6.24867
6.24005
6.23551
6.23336
6.24306
6.24469
6.24808
6.25947
6.25667
6.21981
6.22125
6.24126
6.25197
6.23247
6.24164
6.26461
6.26235
6.25495
6.25291
6.25645
6.24472
6.24815
6.24904
6.24411
6.22674
6.24146
6.2325
6.23838
6.24158
6.24616
6.24046
6.24361
6.23455
6.24296
6.2292
6.24507
6.22775
6.24762
6.23947
6.25126
6.22883
6.2419
6.24445
6.25388
6.24991
6.24056
6.23946
6.24085
6.24931
6.22303
6.2382
6.22282
6.23512
6.23863
6.23736
6.23777
6.22369
6.23267
6.24565
6.24003
6.25621
6.24873
6.25172
6.25559
6.25763
6.23943
6.24712
6.23276
6.22161
6.2311
6.24501
6.25969
6.23844
6.24563
6.24253
6.23173
6.23664
6.25118
6.25413
6.23103
6.2318
6.2186
6.22877
6.23337
6.22957
6.25095
6.23638
6.23125
6.2454
6.24865
6.25151
6.22981
6.22025
6.23708
6.23217
6.2316
6.23308
6.22158
6.23776
6.23446
6.24887
6.23487
6.24041
6.2535
6.25104
6.2547
6.22747
6.22119
6.2325
6.23299
6.23334
6.23206
6.25145
6.25773
6.23133
6.24104
6.23438
6.23842
6.23201
6.22913
6.2365
6.24661
6.24656
6.25477
6.26454
6.23176
6.22453
6.24122
6.23769
6.23883
6.22979
6.23055
6.22877
6.23613
6.24228
6.24621
6.257
6.23947
6.23824
6.25046
6.26286
6.25761
6.25755
6.22599
6.22713
6.22643
6.22689
6.22696
6.23144
6.23213
6.26021
6.26555
6.24848
6.2372
6.2332
6.23747
6.23892
6.23293
6.23073
6.22906
6.22849
6.25807
6.2549
6.23013
6.2356
6.2308
6.22756
6.22842
6.23137
6.26165
6.23612
6.23984
6.26068
6.24216
6.23583
6.23258
6.23001
6.24185
6.23681
6.22995
6.2247
6.25246
6.2287
6.22657
6.22799
6.22724
6.22797
6.22896
6.22932
6.23147
6.23809
6.22702
6.22685
6.22698
6.22814
6.2276
6.22743
6.22792
6.22717
6.22861
6.22976
6.22711
6.22953
6.23666
6.23792
6.23412
6.26043
6.24737
6.22756
6.22956
6.23325
6.22891
6.25418
6.27162
6.2514
6.25281
6.24464
6.26029
6.24692
6.24892
6.2701
6.25387
6.25551
6.25308
6.26148
6.25615
6.2552
6.25672
6.25249
6.25682
6.25681
6.25607
6.25612
6.25652
6.25487
6.25163
6.26285
6.25264
6.25046
6.24728
6.25187
6.26236
6.26039
6.25678
6.26196
6.26077
6.25591
6.26043
6.2523
6.25738
6.25515
6.27292
6.26245
6.25624
6.25816
6.2521
6.26341
6.25754
6.25398
6.26252
6.25276
6.26032
6.24226
6.26717
6.25404
6.27185
6.25956
6.2563
6.26177
6.27786
6.25372
6.26293
6.25171
6.25025
6.23821
6.25136
6.28193
6.25349
6.26416
6.23276
6.23074
6.24774
6.28117
6.25064
6.26285
6.24719
6.25644
6.2676
6.26771
6.24785
6.25154
6.26972
6.26229
6.25331
6.27138
6.23466
6.25529
6.25546
6.25565
6.25572
6.25481
6.25228
6.25067
6.26305
6.25021
6.25004
6.2552
6.25875
6.25673
6.25636
6.25704
6.251
6.25665
6.25501
6.2522
6.25547
6.25347
6.26043
6.27465
6.25367
6.2564
6.25656
6.25683
6.25623
6.24952
6.26177
6.25083
6.2583
6.25608
6.26496
6.25879
6.25303
6.25517
6.24812
6.24753
6.26023
6.24718
6.24343
6.24112
6.24853
6.25442
6.24825
6.24214
6.2493
6.25192
6.25673
6.25049
6.26445
6.26104
6.25238
6.25635
6.255
6.2567
6.26789
6.25599
6.25312
6.26102
6.25838
6.25957
6.25321
6.25691
6.26437
6.25585
6.25989
6.25111
6.25467
6.2576
6.25763
6.25746
6.25828
6.25501
6.2474
6.25362
6.24842
6.25726
6.24723
6.26185
6.25225
6.25007
6.25142
6.25927
6.2583
6.24727
6.25029
6.2612
6.24771
6.25988
6.25578
6.25856
6.25562
6.25785
6.25379
6.25186
6.26052
6.25904
6.26263
6.25618
6.26166
6.25606
6.25359
6.26276
6.24409
6.25621
6.2571
6.25236
6.26245
6.25807
6.25602
6.25308
6.26172
6.25645
6.2567
6.25817
6.25868
6.25875
6.26093
6.24956
6.25186
6.25138
6.26084
6.25674
6.25528
6.25598
6.25553
6.26148
6.26324
6.25737
6.25211
6.25542
6.25338
6.25775
6.2559
6.25297
6.25848
6.25771
6.26115
6.25712
6.25256
6.24879
6.25835
6.26251
6.25872
6.26112
6.25846
6.263
6.25198
6.25868
6.25843
6.25819
6.26249
6.25829
6.25662
6.25762
6.25598
6.2564
6.25719
6.25602
6.25596
6.2552
6.25609
6.25568
6.24507
6.25057
6.24933
6.25894
6.2516
6.2577
6.26011
6.2552
6.25812
6.25524
6.25325
6.25504
6.2559
6.25582
6.25351
6.26345
6.256
6.25589
6.25644
6.25741
6.25595
6.25576
6.25601
6.26051
6.2552
6.26097
6.25529
6.25589
6.2553
6.25547
6.25567
6.26067
6.25624
6.26082
6.26144
6.25602
6.25583
6.25574
6.25546
6.26271
6.25573
6.25559
6.25552
6.25537
6.25555
6.25554
6.25539
3.75625
3.89183
1.19667
4.48168
5.86492
5.33144
1.42035
1.13725
6.32993
6.32085
6.31434
6.32134
6.32828
6.25605
6.25102
6.25045
6.26162
6.26074
6.26006
6.25434
6.26613
6.25248
6.24679
6.25172
6.25763
6.25724
6.25341
6.25539
6.25037
6.2103
6.22671
6.25223
6.22164
6.17529
6.17854
2.95205
2.25412
3.74723
6.23316
6.23234
6.23643
6.23382
6.23504
6.23486
6.2301
6.23501
6.23725
6.31733
6.27909
6.24333
6.30655
6.31484
6.24941
6.31838
6.24077
6.30602
6.26479
6.2921
6.29551
6.29957
6.26128
6.28121
6.29622
6.23902
6.26079
6.29729
6.30646
6.27239
6.25636
6.23619
6.24624
6.28956
6.30034
6.30544
6.01181
6.22902
5.54463
6.29239
6.29377
6.20176
6.22621
5.71642
5.72523
5.54733
5.7298
5.72069
5.42323
4.97912
2.90436
5.58469
5.4509
6.23094
6.2409
6.24836
6.23512
6.23392
6.23654
6.25373
6.24988
6.24453
6.23406
6.23435
6.23226
6.23632
6.23136
6.23344
6.24408
6.23175
6.25949
6.25312
6.26022
5.78263
5.9407
5.77561
5.84885
5.77617
5.77636
6.23122
6.23174
6.22861
6.22879
6.2358
6.23651
6.23152
6.23949
6.23243
6.23718
6.2278
6.24504
6.24166
6.25123
6.24081
6.24557
6.2465
6.23643
6.25084
6.25142
6.2431
6.21094
6.25386
6.25661
6.22488
6.21834
6.24654
6.24108
6.23216
6.2486
6.22934
6.23006
6.23099
6.23091
6.2316
6.23238
6.2276
6.23577
6.22897
6.2309
6.25802
6.25773
6.25806
6.25831
6.25572
6.25126
6.17904
6.19499
6.20169
6.18606
6.16134
6.15428
6.18162
6.2359
6.05498
6.13129
6.18999
6.19716
6.2215
6.23551
6.20748
6.24397
6.21698
6.2376
6.22597
6.26816
6.2099
6.27116
6.25661
6.27262
6.20614
6.23207
6.25378
6.27
6.26778
6.24678
6.25849
6.25127
6.22706
6.24509
6.27242
6.27621
6.18815
6.21469
6.22215
6.2031
6.22126
6.17902
6.17562
6.22699
6.21212
6.15194
6.15813
6.15606
6.15674
6.16674
5.78073
5.74279
5.39305
5.73666
5.42058
5.7519
5.31462
5.24013
3.83924
4.40579
4.80266
6.26122
6.25139
6.29642
6.31215
6.30298
6.28884
6.30889
6.28251
6.28274
6.31469
6.30147
6.29256
6.28714
6.31908
6.30495
6.31714
6.29986
6.28596
6.30616
6.30352
6.29629
6.24377
6.27659
6.25653
6.2438
6.23562
6.23545
6.19581
6.21054
6.17925
6.16383
6.16758
6.1701
6.20218
6.2121
6.21349
6.12791
6.14657
6.18028
6.17671
6.19564
6.05149
6.14696
6.1573
6.17991
6.17313
6.1796
6.21978
6.21328
6.21367
6.23726
6.25962
6.23173
5.02376
3.15565
5.36598
5.37576
4.68903
1.51336
1.6743
3.36523
1.80545
3.28906
5.24533
5.24279
4.68872
4.51792
3.76636
1.83015
1.89096
2.36079
4.71416
4.49594
4.52548
3.8446
2.03437
3.26908
3.35182
3.98539
5.42176
4.75662
5.01929
5.27219
4.49742
4.71008
4.94039
4.4939
4.29142
3.41978
4.52933
4.09284
6.1715
6.17384
6.16023
6.11355
6.18738
6.1447
6.1376
6.10858
6.08493
6.03216
6.05436
3.40075
5.89882
5.92549
6.05899
6.02111
2.18486
2.35004
5.39295
4.28954
6.1121
6.09154
6.13198
6.18539
6.02229
5.98546
6.25121
6.23207
6.26361
6.27105
6.26676
6.20997
6.18162
5.85619
6.2144
6.23463
6.19737
4.76201
4.68502
4.88837
4.78104
4.6356
3.97574
3.51057
4.64151
4.98879
5.42171
5.63605
5.21037
4.582
5.61916
5.26239
1.93629
3.05644
5.19261
5.05728
5.2092
4.78678
3.91454
6.17811
6.18886
6.16527
6.17342
6.17052
5.33412
5.54493
4.19478
5.83451
5.73251
4.57054
4.59559
2.49936
3.18744
5.7557
2.33766
2.02377
1.70869
4.60495
5.59228
2.66531
3.0733
2.7515
5.93667
4.59287
1.28248
3.02778
4.27547
3.93215
4.73796
2.93014
3.93026
4.88142
5.41812
2.24925
5.43057
5.51669
5.89087
5.96643
5.76518
5.42163
4.29222
5.46081
4.65793
2.50772
2.39504
1.51164
2.66223
3.52693
3.47275
3.71348
5.11866
2.35582
5.41738
5.61241
4.23368
4.5795
3.71703
3.33065
5.99285
5.54988
4.98984
5.23597
4.80412
5.63497
5.58383
5.16459
4.22823
4.30628
5.10654
2.42791
4.82636
4.62704
5.48164
5.38197
4.67578
4.55907
5.13852
1.99977
2.11863
4.5136
3.9105
4.80758
4.84152
5.09437
4.15757
4.22626
3.70037
2.47149
3.81356
3.5406
5.48274
4.02374
2.33721
1.97119
2.94925
2.14379
4.71136
3.80008
3.96018
3.80493
4.10908
4.87413
4.68255
2.45223
3.40904
4.08893
4.72279
4.99413
5.31859
5.32421
5.05367
4.07571
4.12477
5.00618
5.23026
5.15048
5.39893
4.47845
4.88456
6.25709
6.21705
6.24405
6.20859
6.25144
6.23685
6.25733
6.22367
6.2445
6.2545
6.24865
6.25963
6.24548
6.24162
6.24782
6.23753
6.26444
6.27045
6.27662
6.26319
4.82148
4.61694
4.8851
4.81117
4.73278
4.65394
3.8526
2.302
3.79812
4.2838
3.10192
6.19686
6.17718
6.16841
6.1134
4.90008
4.18757
4.44798
4.8286
2.97616
3.095
3.8823
6.17522
6.14489
6.13676
6.13235
5.08349
4.72053
4.88411
4.92903
5.1788
3.26281
3.39341
2.21055
2.35002
6.12485
5.14472
5.26312
3.25676
3.7037
4.35082
5.17962
5.06962
5.19434
5.0099
5.12212
6.09822
6.12813
6.1386
5.25316
5.69299
6.14104
5.58095
6.00414
5.51019
5.00146
3.00573
4.73002
2.98006
5.08497
4.8102
2.72968
4.69944
3.23787
4.41588
4.72246
4.68742
4.82932
4.09615
3.99516
3.5122
5.33598
5.37236
5.32092
4.69664
5.32815
5.44809
5.43284
5.45602
4.60266
4.74423
5.02
4.77434
4.60073
4.53603
5.33061
4.96992
5.23712
5.32886
3.18162
4.7128
6.27045
6.25546
6.28671
6.29113
6.29056
6.28505
6.25964
6.23954
6.23746
6.26537
6.26498
6.268
6.28966
6.30889
6.31566
6.31878
6.31284
6.30108
6.30594
6.30663
6.30686
6.31044
6.3016
6.30428
6.31666
6.32937
6.31463
6.29668
6.30759
6.31085
6.30567
6.31492
6.30693
6.29336
6.30691
6.30867
6.31511
6.30817
6.30835
6.3331
6.29864
6.3249
6.323
6.32028
6.247
6.23643
6.28213
6.28512
6.2815
6.26501
6.24881
6.24208
6.28442
6.29858
6.28903
6.30216
6.23488
6.27863
6.28033
6.30745
6.29815
6.26049
6.25178
6.23811
6.30868
6.23404
6.24822
6.24672
4.85718
4.79529
4.64116
4.56817
3.88553
4.67813
3.39021
4.46698
3.90515
4.49638
5.44814
5.71771
4.56808
5.34246
3.94577
3.2412
5.18419
5.36307
4.75275
5.81364
4.20298
3.80313
4.24093
3.94343
6.16133
6.16761
6.15713
6.11166
6.10841
6.14039
6.0673
5.97937
6.09602
5.86093
6.09208
4.78753
5.80352
5.2369
5.50943
5.86069
4.82902
4.90836
4.60481
4.38043
2.59768
4.66026
3.84297
4.8113
5.37596
3.92573
5.01994
4.28054
5.6112
4.79441
4.57598
4.6572
3.64866
3.20492
4.32006
6.04571
5.98352
5.98822
5.91228
5.46864
4.57761
5.95504
4.54076
4.63009
5.75341
4.4317
4.77465
4.80317
4.99066
4.8262
6.03384
6.11745
6.07031
6.12872
6.05606
6.05216
6.13667
6.05705
4.9739
2.69671
4.46423
4.05759
4.15442
6.13888
6.13221
6.14356
6.10293
6.11557
6.14684
2.51637
3.68508
4.39238
4.95839
4.34419
4.87932
3.83522
4.51809
2.95575
4.61046
2.86163
2.26151
2.69475
2.49728
3.9611
4.75906
5.60536
4.15179
4.86527
4.14361
3.75004
4.185
5.16903
5.54773
2.77682
2.65934
3.4049
2.80524
5.02413
3.43113
4.74861
4.76227
4.09729
4.2764
2.62821
4.49874
3.71606
4.47907
4.89009
3.89151
5.36677
4.8055
5.07854
4.56701
5.07083
4.64419
2.82079
3.93861
3.34326
4.31409
4.56936
4.89217
6.28025
6.26016
6.23135
6.24135
6.2532
3.75754
4.91509
6.24794
6.25294
6.25396
6.24629
6.26244
6.23326
6.23325
6.23776
6.23666
6.24671
6.22836
4.40041
4.425
4.70508
5.37358
5.02078
5.44452
4.75631
5.68269
4.96441
5.26405
5.67649
5.70026
5.5557
5.26883
5.37002
5.38985
5.15321
5.2637
5.2607
4.95045
5.27594
4.67223
4.561
4.70733
3.74792
4.72839
1.98382
4.74256
4.90499
5.69452
5.33539
4.86882
5.51671
5.61972
6.22229
6.22258
6.23158
6.17292
6.22926
4.97731
5.22549
4.76748
4.54986
4.82913
2.35551
3.52447
3.91902
4.57945
4.01368
3.60376
4.60408
4.69331
4.72479
3.79422
4.05221
3.88056
4.59276
4.66586
3.91371
3.9496
3.35738
2.12747
4.59796
4.68787
4.11956
4.35267
5.74694
3.00249
3.98018
5.72875
5.40048
5.85563
5.97064
5.98973
3.46329
5.75438
4.58088
4.69141
4.43102
3.93138
4.4262
5.57827
5.08852
4.70854
5.65696
5.39494
5.30475
5.82286
5.6741
6.03136
4.57489
4.95775
3.31021
4.99723
5.39819
5.26806
6.15631
5.83473
6.19467
6.16649
6.08601
5.55475
4.97555
5.59912
4.94077
6.03309
4.97984
4.86266
5.56598
5.64072
5.11221
4.89329
5.61229
5.66342
5.54612
5.93898
5.55829
5.51617
5.63337
6.13572
6.14211
6.02526
6.1617
4.80761
4.87765
5.77754
4.87181
5.09932
5.5525
6.15346
5.90919
5.67153
5.51785
5.5758
5.62992
4.90917
5.28962
5.3292
5.42532
5.95664
5.7505
5.10076
5.87196
5.89742
5.91157
5.82201
5.93249
6.17348
6.09047
5.80807
5.79688
5.37877
5.54068
4.71297
5.82311
5.61414
5.61266
6.24886
6.23371
6.23715
6.25058
6.24717
6.15314
5.50129
5.8596
5.49836
5.87316
5.73146
6.00283
5.49284
6.20321
5.86408
5.95543
5.95808
5.8636
6.22209
5.90061
6.20842
6.12186
6.21034
6.10041
6.07075
6.17969
5.98996
6.17083
6.12136
6.1384
5.64781
5.97535
4.47445
6.17622
6.14586
6.25169
6.22309
5.9089
6.13431
5.55496
5.8809
5.42378
5.81331
6.03141
5.82943
5.90833
5.83547
6.08687
6.10043
5.94736
6.0717
5.80292
5.52046
5.14483
4.82672
5.26239
5.27576
5.30758
5.1002
5.2643
5.28389
5.36975
5.28172
5.32403
5.44004
5.00226
4.81381
4.88824
5.83672
5.04705
5.55581
4.94004
5.28937
4.71705
5.35833
5.30583
5.15714
5.01974
5.01795
4.85465
5.33057
5.71342
5.34343
5.75066
5.91006
5.92923
5.30996
5.70999
5.51714
5.8321
5.66506
5.3807
5.16232
5.28795
5.43413
5.27248
5.70874
5.53976
4.94061
4.87905
5.4008
4.10818
5.33454
5.38679
4.64663
5.76754
5.6999
5.09149
5.3473
4.93594
5.05222
5.79182
5.6016
5.57981
5.4381
5.36218
5.88302
5.77136
5.76053
5.99245
5.96193
5.96298
6.09544
5.97059
5.98697
5.87855
5.87319
5.94459
5.81735
5.82801
5.83693
5.09346
5.62262
4.87915
4.54378
4.9643
5.45228
5.43235
5.13164
5.17518
4.78781
4.8706
5.44965
5.47594
5.43196
5.48919
5.6585
4.60468
5.82711
5.46891
5.65571
5.5323
5.57421
5.86873
5.91222
5.8447
5.83853
5.43639
5.57866
4.46965
5.41397
6.14595
5.92862
5.83581
5.80608
6.17165
6.16953
6.21942
6.20297
6.22616
5.83485
5.23182
5.32312
5.83095
5.45075
5.70392
4.93074
5.57637
6.04191
5.82052
5.92243
5.82606
5.90428
5.27237
5.55422
4.71357
5.17468
4.69865
4.93955
6.08804
5.99278
6.08883
6.0823
6.05676
5.92671
6.08955
5.84018
5.69696
5.40199
5.54292
5.92274
6.07782
4.81774
5.65141
4.80484
4.77625
5.32073
5.00812
6.04751
5.8502
6.04015
6.02
5.94544
5.83889
5.83926
6.00813
6.02023
6.10944
6.05413
6.0593
6.06532
6.13776
6.06297
5.57706
5.91888
5.95445
5.94325
5.73395
5.92017
5.53979
5.796
5.83495
5.07715
5.75694
5.5665
5.87662
5.89027
6.10441
6.15929
6.06683
5.97802
5.91078
6.09241
5.97114
6.1036
6.10093
5.70335
5.84309
5.64316
3.30982
4.96046
5.53972
5.5439
5.21293
5.92993
5.58316
5.5953
5.88945
5.47334
6.23251
6.23315
6.23487
6.24747
6.2577
6.25034
6.23489
6.26792
6.23973
5.92339
5.50299
5.43212
5.46829
5.30093
5.35531
5.69044
5.67018
2.84242
5.54092
5.56071
5.48833
5.45499
5.64769
5.89598
5.64393
5.63366
5.65695
5.98497
6.0254
5.86932
5.92045
5.36415
5.17275
6.25424
6.25778
6.25212
6.28349
6.28414
6.23806
6.23813
6.26137
6.25576
6.26097
6.25539
6.24918
6.28674
6.23223
6.23201
6.293
6.29785
6.28289
6.23404
6.29714
6.2335
6.23437
6.24383
6.26573
6.28088
6.28166
6.17696
6.21468
6.16155
6.14609
6.08444
6.16994
6.05239
6.10286
6.02267
6.10789
6.05415
5.85996
6.1135
5.91363
5.77518
6.02783
6.0949
6.2284
6.21321
6.24987
6.24514
6.25863
6.20868
6.22227
6.23488
6.24471
6.23982
6.21967
6.23619
6.23791
6.03378
6.0954
5.87028
5.93542
5.87325
6.13035
6.13737
6.24064
6.24675
6.18012
6.14432
6.13863
6.002
6.14085
6.08244
5.61176
6.06529
5.72201
5.6922
5.69114
5.76376
5.70148
5.77694
5.69182
5.7326
6.21901
6.2583
6.17132
6.25145
6.22281
6.19762
6.10247
6.18274
6.10364
5.66819
6.16402
6.05421
6.11323
6.06734
6.07429
6.10386
6.10985
6.14024
6.10013
6.0527
6.01774
6.07297
6.1936
6.20152
6.1547
6.14837
6.14748
6.14408
6.17181
6.20077
6.14917
5.95082
5.88519
5.89051
4.93756
5.8728
5.84682
5.683
6.05804
5.66478
5.58152
5.43343
4.91884
5.67493
5.46978
5.46514
6.17792
5.90921
5.77975
5.84832
5.75099
6.10077
5.98868
6.0607
6.11032
6.1911
6.01981
6.05321
5.88349
5.95411
5.91579
5.87816
5.84734
6.22786
6.24791
6.23002
6.23638
6.25232
6.2416
6.243
6.23887
6.24278
6.24283
6.28938
6.24886
6.3108
6.23119
6.31396
6.33823
6.28398
6.23281
6.23886
6.23741
6.29545
6.30277
6.23415
6.32917
6.32931
6.3031
6.32637
6.23329
6.29188
6.2725
6.23007
6.23611
6.2373
6.23227
6.23896
6.23506
6.24122
6.23771
6.25286
6.23725
6.23731
6.24235
6.25523
6.27582
6.24182
6.26747
6.24861
6.21756
6.19414
6.16271
5.99636
6.07448
6.03146
5.6825
5.66291
5.31211
5.21574
5.72423
5.75627
5.37463
5.76304
5.2501
5.6037
6.0012
6.0404
5.83844
6.00387
5.67633
5.9514
5.41183
5.99664
5.97667
6.10216
6.022
5.99883
6.11616
6.11584
6.14641
6.12427
6.03
6.14488
6.03158
6.07473
6.01636
6.10112
6.12707
6.07801
6.05662
6.24637
5.84166
5.73835
5.7311
5.56737
5.94793
5.79484
5.70179
5.9635
5.19222
5.96885
6.05665
6.07412
5.96735
5.94018
5.95322
5.88363
5.86193
5.73312
5.67559
5.95479
5.83056
5.69245
5.72138
5.73167
5.91545
5.75848
5.94927
5.83962
5.77947
5.95641
5.92429
5.94325
5.78984
5.78408
5.77158
5.89407
6.11424
6.10932
6.00188
6.05377
5.97794
5.97662
5.92245
5.99858
6.11129
6.06845
5.9494
6.12452
5.50481
5.56123
5.96336
5.95441
5.74765
6.00651
6.06716
6.14773
6.11441
6.09621
6.06004
6.13823
6.03646
6.15541
6.04347
6.02862
6.13186
6.12688
6.04167
6.04378
6.02078
6.11197
5.97824
6.11686
6.0668
6.08987
6.09363
6.12051
6.05159
6.09773
6.03982
6.10803
6.01125
6.21929
6.21778
6.22309
6.22402
6.23143
6.1254
6.1789
6.17696
6.05571
6.12448
6.1355
6.06662
6.08635
6.0572
6.11809
6.0846
6.08266
6.19111
6.18473
6.22807
6.24424
6.25957
6.28709
6.29542
6.3143
6.29918
6.166
6.0804
6.05838
6.09297
6.07471
6.14266
6.1453
6.22948
6.11641
6.10746
6.07108
6.05622
6.27751
6.23744
6.25006
6.24402
6.28381
6.25664
6.23382
6.24104
6.22974
6.23091
6.21425
6.24208
6.24562
6.23557
6.242
6.2373
6.23425
6.22084
6.23882
6.24111
6.23459
6.23304
6.23734
6.23532
6.23931
6.23717
6.24791
6.25174
6.23781
6.23624
6.25335
6.2459
6.24038
6.2511
6.25962
6.22519
6.17856
6.15863
6.21957
6.09621
6.15131
6.13989
6.18041
6.13758
6.20472
6.13599
6.1452
6.19721
6.12074
6.15119
6.22369
6.17979
6.16577
6.17161
6.19613
6.16667
6.21877
6.20497
6.195
6.22081
6.19561
6.19938
6.20107
6.2211
6.18631
6.19919
6.22027
6.18305
6.18615
6.17286
6.20761
6.2184
6.20018
6.22485
6.21205
6.20491
6.20721
3.83926
5.01596
2.95407
5.14767
2.7403
3.67471
5.33827
3.87777
3.65173
2.55176
2.49118
2.16377
1.80558
2.32223
1.9561
1.90592
2.33222
5.93993
5.33406
6.0212
5.76556
5.85379
3.67462
2.35655
3.51666
3.19587
2.79123
2.48145
2.29335
4.46639
5.06739
2.77696
5.075
3.14096
2.75736
2.5591
5.765
5.19292
3.38928
2.83741
2.57579
5.35865
2.60579
3.31274
2.61828
2.18579
3.08622
2.78979
5.7584
2.73229
3.3808
4.62488
3.23813
2.60768
2.73318
2.16493
3.4185
1.58739
2.5079
2.22789
3.11967
2.24035
3.07978
3.35303
4.67753
2.8222
5.22423
4.22845
5.43439
2.98413
5.90059
4.67391
2.31349
1.60948
5.14779
2.20966
3.32204
2.69761
2.61236
2.14255
2.43322
5.17335
2.27399
2.92593
3.67158
2.63948
4.61721
2.57341
3.10734
1.73856
2.16047
5.9186
1.73888
3.36165
2.30084
2.66378
3.06722
2.42064
2.06934
3.20147
2.23551
4.6924
5.07427
5.66485
2.71765
4.37501
2.69978
1.82506
2.27557
5.16315
3.37956
3.79976
2.63434
2.75541
2.10222
4.82502
3.21183
2.54894
2.06863
1.21111
1.02315
2.27851
2.21156
4.25216
4.82907
2.21654
4.07777
1.66776
2.77247
4.67444
1.34581
1.26593
3.37813
2.71472
2.27198
3.17365
2.42758
2.55292
4.72155
5.68301
4.38819
2.23407
1.78632
4.63467
3.31324
5.21046
2.58391
2.17379
4.98642
3.8273
2.08307
2.87744
3.89857
2.41285
3.29057
2.93006
2.03124
3.2193
2.64593
1.98609
1.94748
1.91481
1.80179
3.94788
4.70408
3.06754
2.01398
2.41259
2.64449
2.67412
2.83875
1.85298
2.36801
3.41562
2.17425
2.23745
2.10878
3.56203
2.1715
2.1228
2.94659
3.98311
2.38187
3.14174
2.98173
2.23678
1.62879
2.65764
2.69798
1.79147
2.47826
2.13784
2.54668
5.51248
4.81896
5.56506
5.56155
5.45669
3.2431
4.47749
1.81382
1.6016
2.14235
1.74804
4.33167
4.09623
5.44282
4.2501
3.42814
2.63178
2.17214
2.08347
2.87619
1.65849
2.30885
1.78864
3.13665
2.87658
1.45353
2.57463
3.58541
3.40084
4.89027
5.98598
6.01035
4.99906
5.76505
2.57351
2.21728
5.79704
5.95671
2.40263
2.28563
1.77264
1.27131
2.0351
1.97287
1.02418
2.25025
1.84274
1.89842
0.806312
4.16431
2.84867
2.15557
3.02891
2.44312
2.74749
4.52912
1.66027
3.40197
3.67203
1.73083
2.05419
1.7148
5.88697
3.84843
3.23877
1.95919
1.7298
2.33907
3.01769
3.80016
2.226
1.87293
4.06647
2.47051
1.67339
1.83852
3.80276
3.09073
1.98177
2.48608
3.98651
2.2561
2.44002
2.95666
4.06277
3.82538
2.90224
1.84952
1.84075
1.63131
2.27372
2.29816
1.86882
2.25429
2.03979
1.99849
2.77127
2.08627
4.78548
3.97399
1.85202
2.22417
1.61444
3.73406
1.69749
2.602
2.39551
3.45868
2.96783
3.18559
4.37862
4.65773
2.80937
5.75662
4.20279
3.44163
4.3382
5.3332
4.07545
2.17991
4.60647
4.1254
2.1482
2.42172
2.19235
3.70903
2.84236
4.42219
4.99807
2.71482
2.58805
5.97875
5.04951
3.58541
5.72134
5.63011
2.13945
1.60496
2.23559
5.36263
4.12183
1.81281
3.4372
2.32846
3.82977
2.45702
2.32061
1.71307
2.15902
1.62696
5.30913
3.59132
3.69464
1.92456
1.91496
2.11839
1.5157
2.21479
3.18178
2.89813
2.0379
2.64626
1.74476
1.35612
1.81701
4.21721
4.28242
5.64714
2.28325
2.81627
2.39082
1.61259
2.16961
4.15136
2.36466
1.53248
2.26856
2.41189
1.46417
4.72792
2.69788
0.90816
2.37761
2.29763
1.76037
2.15591
2.27286
0.952488
2.3989
5.49966
2.87834
2.06317
1.02311
5.66621
3.83872
3.20716
1.91903
2.17009
5.95922
2.34379
5.83127
5.63607
3.58766
3.97501
4.59918
1.62708
1.7816
2.34316
2.26786
2.337
2.61675
5.49924
4.59936
5.91138
2.8565
2.30463
3.34971
5.46959
1.79175
2.65533
2.22245
2.68535
3.08867
2.40033
2.47439
3.47168
4.9801
3.0638
1.65373
1.69584
2.35235
1.89884
5.656
1.65684
2.35825
1.75243
1.8892
1.7146
2.36028
1.60286
3.22717
2.6119
2.66706
2.22813
4.31798
3.79627
2.13831
5.74032
5.88362
5.53752
1.61138
2.13849
2.19638
3.83108
6.16697
5.171
1.74186
1.9057
2.19976
3.17484
1.70341
1.78242
3.19898
2.29063
2.17775
2.32138
3.44815
2.15835
1.77994
1.68177
4.05832
1.44617
3.04497
1.71438
0.884593
2.32163
3.18602
1.53158
2.36589
3.56918
2.41364
1.77202
1.59793
3.14378
1.80758
3.90846
2.03978
2.13737
2.27582
1.94591
5.16712
1.8568
3.39607
2.3967
1.92942
1.85355
1.86534
2.31805
2.28141
2.18447
1.73299
2.21283
2.83092
1.82196
1.81835
5.59959
3.12695
1.8991
1.52359
1.72502
3.08253
3.13674
1.93024
1.62211
1.87153
3.31849
3.05607
1.71134
1.57116
1.73293
2.25048
1.86196
3.05291
2.24408
3.53612
2.12153
1.63406
2.2042
2.44194
2.01357
2.2534
2.33948
2.19296
2.28131
3.34726
1.78778
1.82611
2.2211
1.80689
0.886942
1.51549
2.8529
1.96071
2.23003
1.57749
2.24187
1.90151
2.19098
5.51406
2.13098
1.9117
2.28999
2.86773
1.91976
2.45612
2.26876
1.79739
2.84033
5.36671
1.97041
2.17067
1.77836
2.06955
1.44165
2.72507
5.87058
1.71525
3.33451
1.85205
2.48639
3.79644
2.43641
5.99941
2.42119
2.28542
2.48453
3.18747
2.04954
1.812
1.86262
3.04938
3.26395
2.28179
1.64982
2.24981
1.88215
1.8249
2.43675
3.31458
2.3702
2.31576
3.46833
1.77351
2.90398
2.01749
2.3164
1.6849
1.95882
1.67898
6.21878
3.26822
2.48234
1.83803
1.81891
2.2386
3.41548
3.66544
2.53215
1.91965
1.86901
2.17677
1.9875
1.76409
1.61039
1.88853
1.69573
3.48491
3.36219
2.47357
3.48617
3.21003
1.82649
2.17106
1.92846
3.36843
1.941
2.37083
2.01614
1.89405
2.99454
1.99946
3.13523
1.99241
1.75625
2.09669
1.63739
1.89238
2.11798
2.50418
5.96618
3.56575
2.24692
3.38436
2.03494
1.84622
2.33153
2.19194
1.88894
2.5073
1.94697
3.59541
2.44727
3.46142
1.80022
2.44407
3.52195
2.55444
1.90676
3.10912
2.01559
3.23885
2.4667
2.04053
2.52175
3.39958
1.81878
2.63982
2.25407
1.96259
1.9658
2.09307
2.1031
3.66355
3.35546
2.62381
2.65472
2.43773
1.99167
3.2744
3.37386
2.47432
4.03802
3.86145
2.59672
2.58427
3.35919
3.34034
2.00118
3.45979
3.64067
2.31979
2.45
2.65507
2.31866
1.90329
6.28899
6.29067
6.31241
6.28412
6.30538
6.29818
6.31029
6.31536
6.28088
6.26526
6.29089
6.28878
6.28232
6.2653
6.27425
6.27348
6.25702
6.26348
6.25478
6.27575
6.29331
6.26281
6.28728
6.26723
6.29903
6.28574
6.25979
6.28295
6.25409
6.28167
6.22818
6.23499
6.2297
6.24207
6.22918
6.22842
6.23412
6.23107
6.25496
6.25743
6.25595
6.25641
6.25542
6.25682
6.25574
6.2583
6.24449
6.22678
6.22814
6.23027
6.23192
6.24307
6.23187
6.23945
6.26488
6.28381
6.28343
6.26478
6.28369
6.27354
6.27672
6.27594
6.24058
6.23051
6.22663
6.23673
6.2299
6.22775
6.26545
6.2642
6.25006
6.25423
6.27514
6.24619
6.26664
6.23961
6.24374
6.25545
6.2341
6.23698
6.24094
6.23365
6.23329
6.23107
6.24018
6.23962
6.23421
6.25125
6.23385
6.23779
6.23487
6.21319
6.19887
6.22521
6.226
6.21203
6.21993
6.22049
6.21672
6.26302
6.25159
6.24178
6.2524
6.24331
6.24476
6.2423
6.21742
6.21524
6.21464
6.24978
6.2356
6.23281
6.23457
6.26674
6.26601
6.25982
6.26965
6.26041
6.26679
6.25742
6.26476
6.26057
6.28355
6.27651
6.29154
6.26749
6.26681
6.26905
6.30109
6.30973
6.28775
6.28351
6.28779
6.2641
6.27751
6.28263
6.25593
6.26471
6.26528
6.2209
6.21418
6.23078
6.22211
6.22106
6.24016
6.25488
6.27665
6.23426
6.27679
6.31711
6.30955
6.32
6.32241
6.30501
6.31825
6.26331
6.29137
6.28651
6.27762
6.29417
6.30105
6.28728
6.30252
6.31136
6.3104
6.31325
6.31691
6.30098
6.29915
6.30535
6.30281
6.30476
6.3089
6.32166
6.3177
6.3195
6.3089
6.31145
6.32179
6.32247
6.3223
6.31039
6.31574
6.30538
6.31244
6.31515
6.30137
6.31753
6.31694
6.32003
6.32582
6.31796
6.30595
6.32592
6.32524
6.24796
6.24927
6.24283
6.25929
6.26133
6.26775
6.25306
6.25837
6.25932
6.26517
6.25854
6.24793
6.24508
6.22669
6.26445
6.26436
6.23534
6.22593
6.22606
6.25426
6.25143
6.21881
6.23139
6.24359
6.23714
6.23788
6.24355
6.22385
6.22112
6.22066
6.21867
6.23263
6.2373
6.22506
6.22607
6.23705
6.2231
6.22496
6.21987
6.21925
6.22674
6.21794
6.22482
6.22751
6.21925
6.28402
6.25956
6.28817
6.28193
6.23266
6.23099
6.23227
6.22961
6.23261
6.23083
6.22912
6.23729
6.23236
6.2368
6.23151
6.23211
6.2321
6.23629
6.23197
6.24679
6.2512
6.23881
6.23716
6.22713
6.22683
6.2303
6.2433
6.22717
6.23762
6.23607
6.23027
6.23409
6.23898
6.22869
6.22513
6.22977
6.22636
6.2298
6.23254
6.26316
6.23681
6.22576
6.21859
6.22031
6.22386
6.22345
6.22412
6.22166
6.21859
6.21824
6.22272
6.22
6.21896
6.22394
6.23338
6.22689
6.22685
6.22623
6.3163
6.30859
6.31831
6.29017
6.32274
6.30624
6.30633
6.32077
6.28498
6.26779
6.296
6.29519
6.30243
6.30632
6.28224
6.28625
6.24236
6.2391
6.22145
6.23179
6.22461
6.22849
6.2264
6.21971
6.22333
6.22099
6.21866
6.23066
6.22879
6.30098
6.30418
6.31071
6.31359
6.30343
6.30954
6.28424
6.29093
6.27507
6.28458
6.29989
6.2845
6.30306
6.30583
6.23708
6.22233
6.23096
6.23785
6.24962
6.25156
6.26855
6.26074
6.26449
6.27977
6.23983
6.24799
6.25808
6.24542
6.25643
6.24318
6.24082
6.22491
6.22525
6.22606
6.2333
6.30689
6.30828
6.30942
6.29356
6.29513
6.30421
6.3092
6.31997
6.30362
6.30714
6.29945
6.29606
6.28067
6.29761
6.29484
6.2964
6.26322
6.28003
6.26177
6.27471
6.27751
6.25612
6.27457
6.27575
6.29521
6.30258
6.30189
6.28232
6.29265
6.27884
6.29329
6.29067
6.30318
6.29262
6.30414
6.29467
6.30152
6.30653
6.30613
6.31363
6.30932
6.29765
6.28878
6.29381
6.28951
6.29951
6.29801
6.30159
6.29219
6.29692
6.31825
6.31407
6.30178
6.29884
6.31621
6.33439
6.32672
6.31534
6.31426
6.24879
6.26111
6.29099
6.30231
6.28921
6.30591
6.29901
6.27701
6.2936
6.29015
6.29112
6.29026
6.29071
6.29958
6.27782
6.28213
6.25385
6.26734
6.28105
6.27892
6.22055
6.21934
6.22231
6.24138
6.22175
6.22784
6.23287
6.22111
6.23556
6.23673
6.24566
6.24693
6.25591
6.25146
6.2508
6.25158
6.25479
6.2662
6.26345
6.2782
6.26025
6.26387
6.2968
6.27309
6.27539
6.28235
6.29511
6.30245
6.29904
6.30482
6.30276
6.29142
6.26742
6.27283
6.28046
6.27715
6.28337
6.27079
6.26695
6.27379
6.26345
6.26158
6.26162
6.25663
6.26704
6.27062
6.2706
6.25847
6.25054
6.26847
6.26574
6.25545
6.26001
6.26878
6.22767
6.2237
6.22006
6.23249
6.22525
6.22929
6.22676
6.24169
6.23776
6.25404
6.25458
6.24132
6.24484
6.23381
6.23572
6.24178
6.22796
6.22571
6.22815
6.23594
6.23974
6.22584
6.23273
6.23059
6.23022
6.22841
6.22339
6.23728
6.22848
6.23369
6.25625
6.25292
6.25186
6.25585
6.26317
6.24918
6.26149
6.25947
6.27726
6.27078
6.25437
6.25743
6.25597
6.27297
6.25727
6.25334
6.25237
6.25337
6.25689
6.25732
6.25526
6.25743
6.25749
6.25831
6.24253
6.25647
6.2483
6.25347
6.25213
6.26282
6.2621
6.24384
6.25968
6.267
6.25729
6.26463
6.25678
6.24273
6.24773
6.26237
6.25901
6.25255
6.25303
6.24128
6.25202
6.25679
6.24906
6.22801
6.22596
6.22455
6.23053
6.22869
6.23026
6.32725
6.31285
6.33025
6.33367
6.33794
6.3286
6.31013
6.22637
6.2208
6.22602
6.25757
6.22174
6.23203
6.22245
6.23176
6.23575
6.26236
6.29235
6.30632
6.32005
6.27266
6.25684
6.25258
6.22284
6.26418
6.22307
6.23092
6.22353
6.23135
6.24731
6.26341
6.25037
6.25977
6.25163
6.26188
6.25414
6.26483
6.31482
6.27276
6.29717
6.27504
6.29095
6.28953
6.25963
6.27164
6.27446
6.28141
6.26206
6.29099
6.27942
6.28986
6.27721
6.27671
6.28679
6.2921
6.27866
6.28237
6.26982
6.28772
6.28936
6.29945
6.30567
6.28807
6.29298
6.30533
6.26539
6.28737
6.28014
6.2206
6.219
6.24638
6.21973
6.24358
6.2436
6.23275
6.22711
6.23897
6.22841
6.23001
6.3157
6.2954
6.3087
6.30636
6.29696
6.30717
6.25167
6.23952
6.25594
6.30822
6.29293
6.29225
6.28579
6.30519
6.29423
6.29175
6.2888
6.29553
6.26881
6.28241
6.26895
6.26169
6.2842
6.28544
6.23706
6.28779
6.28768
6.29207
6.29994
6.29888
6.30196
6.30016
6.29873
6.30508
6.30601
6.31453
6.23686
6.2337
6.24261
6.24657
6.22603
6.22879
6.23716
6.23153
6.23395
6.22743
6.22179
6.23179
6.23368
6.22365
6.22664
6.23957
6.2198
6.22555
6.25977
6.29133
6.29795
6.28933
6.29467
6.25486
6.23944
6.24599
6.24545
6.25885
6.28209
6.27944
6.291
6.29693
6.31249
6.29683
6.29835
6.29822
6.28827
6.28625
6.22811
6.25331
6.28174
6.25216
6.26411
6.28372
6.28039
6.27137
6.25306
6.24222
6.2514
6.22481
6.22643
6.22711
6.20413
6.23176
6.22805
6.22865
6.22712
6.22906
6.2267
6.24705
6.23983
6.24469
6.23449
6.23721
6.2461
6.24712
6.23162
6.25844
6.25147
6.26238
6.25776
6.25706
6.2537
6.2512
6.28927
6.2805
6.28143
6.2701
6.24243
6.24393
6.24696
6.22896
6.24906
6.24844
6.24478
6.23705
6.24157
6.23149
6.24871
6.24765
6.23219
6.24255
6.25533
6.23924
6.22562
6.22458
6.22504
6.22697
6.2294
6.2299
6.22569
6.23065
6.22934
6.2277
6.23647
6.23491
6.22844
6.24978
6.23258
6.22584
6.2296
6.23321
6.21645
6.21674
6.21919
6.22238
6.21677
6.21743
6.21605
6.21664
6.21651
6.21697
6.22552
6.22724
6.22756
6.21707
6.22192
6.21871
6.21589
6.21629
6.21591
6.21597
6.22246
6.22067
6.21848
6.22207
6.22612
6.21779
6.23543
6.23614
6.2336
6.25029
6.25032
6.24131
6.24204
6.23424
6.24537
6.23681
6.22206
6.23158
6.2189
6.23458
6.22287
6.23136
6.23924
6.2194
6.22903
6.22871
6.23186
6.23394
6.22681
6.22779
6.23103
6.22002
6.23013
6.227
6.23995
6.21899
6.21923
6.21673
6.22006
6.219
6.22154
6.21743
6.22052
6.21844
6.21818
6.21867
6.2176
6.21801
6.22218
6.2199
6.22067
6.29872
6.29888
6.28332
6.29441
6.28781
6.2859
6.29893
6.29932
6.27558
6.26635
6.29059
6.2794
6.26868
6.28642
6.27641
6.31583
6.30844
6.33897
6.32655
6.32924
6.27191
6.25319
6.24568
6.25515
6.23912
6.23442
6.25746
6.25015
6.23299
6.23536
6.23532
6.24158
6.24548
6.24815
6.24298
6.23711
6.22933
6.25892
6.23824
6.24017
6.23846
6.24394
6.23203
6.25764
6.28996
6.30389
6.2779
6.25755
6.27962
6.25513
6.2527
6.27662
6.29034
6.28306
6.28632
6.27495
6.29295
6.29074
6.2795
6.28554
6.28178
6.30951
6.24739
6.27679
6.26444
6.24881
6.24788
6.2574
6.24561
6.28026
6.24328
6.26774
6.27846
6.27121
6.27228
6.25182
6.25908
6.23766
6.22726
6.22611
6.23341
6.23375
6.22991
6.22852
6.24739
6.23615
6.24861
6.2486
6.22558
6.23076
6.22624
6.22524
6.24447
6.23904
6.25699
6.24626
6.24251
6.25814
6.25529
6.2367
6.23861
6.24136
6.24047
6.24169
6.24135
6.22243
6.22667
6.23292
6.22721
6.22815
6.24184
6.21792
6.21932
6.2203
6.21878
6.21692
6.21739
6.21616
6.21758
6.21802
6.216
6.21619
6.21696
6.21849
6.21591
6.21741
6.22631
6.22127
6.2232
6.22692
6.22638
6.22974
6.22435
6.24612
6.22631
6.23666
6.23201
6.23337
6.22096
6.22256
6.22499
6.22545
6.22592
6.22555
6.23457
6.25604
6.25151
6.23972
6.25151
6.25872
6.24153
6.23345
6.2436
6.25395
6.26292
6.26412
6.22393
6.22967
6.22871
6.22508
6.22502
6.23784
6.22899
6.22555
6.22331
6.22596
6.22657
6.22381
6.21826
6.21986
6.21996
6.21914
6.2198
6.21782
6.21742
6.22958
6.22925
6.22567
6.24118
6.24757
6.2338
6.22873
6.24087
6.23435
6.24165
6.23933
6.24462
6.25644
6.25127
6.24367
6.24582
6.2487
6.24191
6.24177
6.22502
6.22493
6.225
6.22152
6.22051
6.22361
6.22316
6.22118
6.21931
6.22282
6.2989
6.28967
6.29898
6.28796
6.28891
6.2942
6.29015
6.29202
6.31026
6.3108
6.32251
6.32352
6.31157
6.31545
6.29243
6.29697
6.30697
6.30443
6.30258
6.29262
6.31155
6.31288
6.29578
6.30731
6.24764
6.24514
6.26922
6.24615
6.1996
6.23935
6.20351
6.22905
6.23332
6.21687
6.2046
6.21358
6.2009
6.21521
6.165
6.18253
6.07621
6.13934
6.17556
6.06859
6.06277
6.0847
6.15984
5.95558
6.11215
6.12854
6.0831
5.92614
6.11351
5.95031
5.6428
5.68899
5.68958
5.68002
5.69078
5.45875
5.8163
5.79725
5.59779
5.42781
5.63815
3.15706
3.04231
4.87742
5.01679
4.66787
5.93802
5.97329
6.00495
6.07085
6.04006
5.94376
5.44154
5.37645
5.53013
5.70712
5.35285
4.99512
4.8212
5.21234
3.22321
5.3028
5.08079
5.71855
4.52137
4.86923
5.10476
4.64191
5.55824
5.34609
5.08319
4.90096
4.84402
6.18032
6.14006
6.19657
6.17694
6.09805
6.17717
5.42089
3.7239
5.90696
5.93459
5.93305
5.18566
5.87361
5.9256
5.98351
3.13419
3.40595
5.14442
4.72907
5.37999
5.60634
5.36316
5.08663
5.44237
6.24126
6.23868
6.19633
6.22485
6.2644
6.27086
4.77677
5.53073
5.56462
5.50295
3.01226
5.13774
5.60258
5.68557
5.98864
5.9802
5.87553
5.80551
5.6862
5.9593
5.94468
6.21522
6.23044
6.18351
6.21676
6.21926
6.1757
6.20206
6.07764
6.01882
5.92606
5.89106
0.99898
2.9529
2.21967
3.47019
2.22175
2.68191
3.16113
3.56961
2.12632
3.39105
3.37312
2.59527
3.47957
2.73163
2.76206
4.34582
3.48641
4.7884
2.71832
5.01556
4.38995
3.62334
4.63613
2.63116
3.76148
3.07962
3.64065
2.70877
0.891345
3.41887
4.81414
5.5075
4.04605
4.73858
5.76412
4.93965
5.60857
5.64143
4.71057
4.17326
3.90662
5.49361
5.61137
5.25906
4.82939
4.20505
3.8272
4.51393
4.73848
4.11441
5.19212
5.27639
4.94654
4.53315
5.29078
5.13995
2.65814
2.34189
3.20029
3.08292
3.06353
3.25932
2.33173
2.39242
2.94556
3.71712
1.83571
2.23049
1.84268
1.82105
3.8913
3.29125
2.18896
1.57515
2.13859
1.91725
2.10168
4.22777
3.23142
4.11509
2.95374
0.616481
1.74089
3.32631
4.21942
5.61032
5.41731
5.01476
4.86758
5.45255
6.07608
3.27464
3.27757
5.83219
3.12246
6.16452
3.39903
6.18015
6.20906
6.23956
6.24453
5.42776
6.23452
2.54096
3.04422
5.98904
6.12049
5.81465
5.98024
3.42759
6.2178
6.2111
6.21666
6.21057
4.53618
4.59077
3.78287
4.79143
3.37435
3.33012
3.39723
4.58436
5.3881
5.36759
4.67303
4.37873
4.99895
4.51951
3.35329
2.51958
3.33425
2.33074
2.30826
1.89325
3.11334
3.05465
2.00086
3.84544
2.87285
2.42288
3.85708
2.33595
2.40346
1.93833
1.78392
3.31042
2.4075
1.11119
3.77341
3.37637
2.3545
2.21524
1.74839
2.30722
1.69752
2.14377
3.41939
3.49068
1.9945
2.51332
2.10438
3.22505
1.92623
1.91649
2.24211
3.10515
6.27815
6.26071
6.24613
6.26943
6.28114
6.26304
6.29852
6.3099
6.30779
6.2998
6.29724
6.30721
6.28761
6.30586
6.30248
6.30478
6.31183
6.28729
6.30012
6.28918
6.23935
6.21123
6.21867
6.20196
6.25977
6.26049
6.25241
6.21885
6.23162
6.22325
6.20832
6.22698
6.21085
6.23181
6.20377
6.20347
6.16783
6.04887
6.06135
5.55517
3.13609
5.08909
5.90737
5.519
5.86901
5.74827
5.83264
4.31382
5.41327
5.32506
5.51652
5.22746
5.48491
6.22542
6.2234
6.22073
6.219
5.93595
5.92684
5.98138
5.98912
6.06975
6.13589
6.05327
6.18524
6.16324
6.14083
6.17775
6.17139
5.88451
2.09234
3.09664
6.04605
6.07655
6.11995
6.04753
6.09472
6.06224
6.04743
6.13503
6.1025
6.0718
6.13989
6.14548
6.0592
6.09045
6.09039
6.05809
5.99676
5.94322
5.98991
3.72803
4.72001
2.89724
4.47525
4.35022
4.0709
4.68414
1.88505
2.06065
2.04111
2.4995
2.50445
3.77522
2.60297
3.72629
2.83563
2.18769
3.23126
3.76833
3.93875
6.1932
6.19763
6.23976
6.04439
5.98516
3.89903
5.31711
6.05431
6.23327
6.22347
6.23163
6.22085
6.22227
6.22738
6.24151
6.24448
6.06937
6.20466
6.23021
6.22929
6.22896
6.21078
6.23135
6.24325
6.24597
6.21717
6.23575
6.23466
6.21521
6.21685
6.19546
6.21086
6.11863
6.19993
6.16936
6.1886
6.17529
6.21418
6.2064
6.16985
6.04265
6.19277
6.19472
6.2006
6.17933
6.16332
6.16404
6.12327
6.16713
6.16666
6.20421
6.18974
6.19955
6.22201
6.22093
6.1686
5.79223
6.1745
6.19104
6.21144
6.20721
3.20982
2.17834
6.2382
6.24711
6.25847
6.24539
6.22263
6.24633
6.24815
6.23369
6.2636
6.21824
6.2282
6.21804
6.22766
6.21906
6.22545
6.22361
6.22283
6.22683
6.23108
6.22837
6.22742
6.22769
6.22874
6.23351
6.23343
6.24478
6.24456
6.21886
6.22058
6.22039
6.2199
6.22471
6.22554
6.22193
6.22803
6.22184
6.22313
6.24332
6.23737
6.24047
6.23072
6.23428
6.24657
6.2418
6.23394
6.24873
6.23547
6.25178
6.23669
6.24691
6.25448
6.23128
6.22846
6.25273
6.24925
6.24713
6.24689
6.2494
6.24524
6.23989
6.26488
6.25513
6.26453
6.24911
6.26547
6.25485
6.26448
6.24275
6.24684
6.24002
6.24035
6.24871
6.24248
6.25433
6.25521
6.25906
6.25607
6.23625
6.2544
6.2257
6.2445
6.24232
6.24499
6.2335
6.22855
6.23703
6.232
6.24129
6.23405
6.24094
6.24087
6.2219
6.22329
6.23169
6.21758
6.22846
6.23725
6.23681
6.23896
6.21842
6.22912
6.22759
6.23537
6.21568
6.23908
6.24084
6.23918
6.23981
6.22841
6.24019
6.23621
6.24023
6.23847
6.23191
6.23628
6.22643
6.23052
6.23569
6.23236
6.24178
6.23813
6.22864
6.22344
6.24613
6.21838
6.24306
6.21689
6.25082
6.2434
6.24101
6.23069
6.24021
6.23821
6.24664
6.24287
6.25184
6.23587
6.25107
6.24964
6.25479
6.2573
6.2566
6.24301
6.2447
6.25231
6.24905
6.25005
6.26115
6.25265
6.26057
6.25519
6.25639
6.24733
6.2487
6.24767
6.2389
6.24883
6.24278
6.24009
6.2393
6.25817
6.24614
6.23466
6.23978
6.25858
6.24936
6.23369
6.25512
6.24785
6.25719
6.25611
6.2494
6.23775
6.23173
6.23633
6.22818
6.22826
6.2296
6.22175
6.23011
6.23054
6.23133
6.22845
6.22158
6.22216
6.22439
6.22106
6.22481
6.22054
6.22893
6.22327
6.22484
6.24176
6.22017
6.22903
6.23118
6.24243
6.21838
6.23573
6.22983
6.2329
6.2312
6.2472
6.23362
6.235
6.24189
6.24641
6.24297
6.2377
6.24091
6.23529
6.24011
6.23829
6.24188
6.23923
6.24045
6.23417
6.22979
6.22948
6.23606
6.22921
6.23279
6.23242
6.23489
6.22169
6.22422
6.22291
6.22518
6.22486
6.22993
6.21964
6.22715
6.2726
6.27522
6.27373
6.27213
6.25321
6.25401
6.24231
6.2474
6.25862
6.26561
6.26574
6.25451
6.25175
6.26746
6.2611
6.27304
6.2653
6.26103
6.25979
6.27207
6.25686
6.27471
6.2598
6.25844
6.27135
6.26134
6.25367
6.26534
6.25236
6.25481
6.25396
6.25431
6.30618
6.3057
6.28285
6.31201
6.3104
6.29765
6.27612
6.29711
6.28542
6.28028
6.30283
6.28964
6.30346
6.30981
6.30486
6.2712
6.29538
6.28584
6.29612
6.28947
6.29623
6.26263
6.28245
6.27297
6.26501
6.28445
6.26765
6.27021
6.22618
6.22997
6.23853
6.23475
6.22586
6.22818
6.23457
6.23858
6.23208
6.24312
6.20726
6.23464
6.24783
6.2464
6.2315
6.24179
6.2107
6.24389
6.20498
6.23144
6.22243
6.21139
6.20342
6.19392
6.16787
6.08036
6.13483
6.18707
6.17198
6.13596
6.08665
6.0911
6.14919
6.17075
6.12552
6.14929
6.11915
6.11883
6.20519
6.20939
6.18162
6.18961
6.19257
6.17838
6.16851
6.17939
6.18269
6.19348
6.15763
6.19828
6.1129
6.08524
6.09458
6.2047
6.23631
6.22705
6.22906
6.22872
6.21711
6.22079
6.24516
6.24494
6.24477
6.2396
6.24123
6.24047
6.24894
6.24074
6.24836
6.24136
6.24989
6.24713
6.23796
6.22696
6.22587
6.21733
6.21835
6.21846
6.22971
6.23241
6.23095
6.223
6.21955
6.23209
6.22439
6.2123
6.2286
6.23542
6.23328
6.2181
6.22634
6.22936
6.22235
6.21489
6.23265
6.22563
6.23619
6.22834
6.23149
6.22376
6.23212
6.23685
6.22653
6.22721
6.23251
6.23508
6.24269
6.20607
6.25298
6.25694
6.25613
6.23086
6.23652
6.19922
6.23958
6.22241
6.21916
6.21932
6.22739
6.19436
6.23406
6.21629
6.206
6.21392
6.23325
6.22528
6.23785
6.23151
6.24318
6.22778
6.22517
6.1878
6.22134
6.1914
6.21034
6.20225
6.21117
6.21762
6.2178
6.17721
6.21316
6.21422
6.1486
6.24219
6.25144
6.24055
6.23257
6.24238
6.23569
6.25264
6.25851
6.25567
6.25438
6.25555
6.25203
6.24365
6.25825
6.25456
6.23232
6.23831
6.25652
6.26515
6.25061
6.2363
6.26323
6.22377
6.224
6.23491
6.24222
6.24284
6.22437
6.24628
6.26128
6.27194
6.25649
6.25772
6.25971
6.2653
6.23827
6.23513
6.25151
6.23553
6.23819
6.23938
6.2543
6.23223
6.23982
6.23786
6.2672
6.26703
6.26358
6.26845
6.2471
6.2617
6.24368
6.2447
6.2558
6.2473
6.24393
6.25882
6.27428
6.27118
6.26792
6.28003
6.27215
6.27649
6.28051
6.27436
6.27685
6.29118
6.28512
6.29226
6.28235
6.27005
6.27344
6.27695
6.26501
6.2931
6.2825
6.29738
6.29397
6.29112
6.25816
6.27269
6.26344
6.27384
6.27596
6.28416
6.26863
6.28461
6.23859
6.25723
6.25378
6.25266
6.25934
6.2504
6.28675
6.28708
6.28647
6.29647
6.29811
6.29239
6.30452
6.26444
6.2763
6.2799
6.29049
6.29864
6.27027
6.27495
6.27099
6.28953
6.29197
6.29634
6.2839
6.29042
6.30284
6.25172
6.24983
6.25619
6.26066
6.23908
6.23803
6.26027
6.24942
6.24427
6.24281
6.24452
6.30065
6.26919
6.29298
6.28968
6.30484
6.29945
6.3068
6.30252
6.29819
6.2666
6.28054
6.28966
6.28928
6.27675
6.28166
6.28988
6.29611
6.29947
6.29965
6.28187
6.29244
6.31498
6.27613
6.28261
6.28057
6.30376
6.28607
6.27824
6.28522
6.28014
6.26148
6.24595
6.28732
6.22435
6.23831
6.22427
6.23714
6.22623
6.22743
6.22823
6.22876
6.2289
6.22029
6.23683
6.21824
6.22544
6.22016
6.22098
6.22035
6.2189
6.22453
6.22315
6.22196
6.21916
6.22322
6.22185
6.2674
6.27599
6.28077
6.2582
6.28221
6.28356
6.27801
6.27329
6.27768
6.2671
6.27723
6.26876
6.26527
6.26878
6.26733
6.23678
6.25062
6.24588
6.30759
6.30403
6.29647
6.27327
6.27954
6.28233
6.28649
6.28156
6.2985
6.28416
6.23051
6.26259
6.26553
6.24827
6.25522
6.23799
6.25594
6.25569
6.24222
6.24598
6.25349
6.26242
6.23854
6.24303
6.25214
6.2593
6.25423
6.2624
6.26373
6.25372
6.28489
6.28164
6.24843
6.22218
6.23841
6.23072
6.23459
6.21712
6.23468
6.20272
6.20808
6.22918
6.21808
6.21103
6.22861
6.23084
6.22725
6.15391
6.13959
6.10915
6.15684
6.20274
6.1376
6.1911
6.16648
6.16997
6.22894
6.22725
6.22263
6.23177
6.23283
6.23502
6.23967
6.2398
6.24407
6.23388
6.2384
6.23623
6.23135
6.24132
6.23127
6.22635
6.22961
6.24972
6.22275
6.21103
6.214
6.22485
6.22334
6.21832
6.19689
6.21991
6.14238
6.15625
6.19043
6.18757
6.18984
6.23611
6.2265
6.23197
6.23606
6.2425
6.22616
6.23322
6.24797
6.25144
6.25032
6.23911
6.23784
6.24744
6.25041
6.24847
6.24791
6.24825
6.24419
6.24546
6.2562
6.25426
6.22723
6.23466
6.23754
6.23541
6.23074
6.2256
6.22841
6.23662
6.23453
6.21989
6.23448
6.23837
6.24921
6.26235
6.26379
6.2618
6.26309
6.26512
6.25057
6.25037
6.23004
6.24074
6.22923
6.21733
6.23511
6.23609
6.23585
6.2275
6.21894
6.21959
6.2179
6.21042
6.22521
6.2175
6.21403
6.22175
6.22041
6.23915
6.2278
6.24181
6.22028
6.22913
6.24345
6.23849
6.20583
6.21534
6.21891
6.20819
6.22994
6.22376
4.27052
5.11052
3.68532
4.25835
3.85962
5.30457
3.86794
4.35845
6.19466
6.24258
6.21151
6.20414
6.21746
6.23429
6.22712
6.21016
6.08944
6.20294
6.24024
6.23757
6.24179
6.24252
6.24435
6.244
6.24914
6.25299
6.25114
6.24457
6.24775
6.25323
6.25423
6.23442
6.22854
6.22863
6.2308
6.22848
6.245
6.25719
6.25201
6.25746
6.25361
6.26094
6.25165
6.24979
6.25628
6.24785
6.25193
6.2415
6.24291
6.25354
6.24532
6.24492
6.23823
6.24465
6.24986
6.24816
6.24584
6.24506
6.26737
6.26188
6.26308
6.26677
6.26311
6.26056
6.25128
6.25867
6.22526
6.23747
6.23303
6.23783
6.23238
6.31413
6.29778
6.31454
6.30061
6.31161
6.29979
6.31492
6.31968
6.29543
6.24552
6.24472
6.24928
6.25044
6.24571
6.23772
6.24084
6.23478
6.24375
6.24467
6.24211
6.24451
6.24454
6.28966
6.26769
6.28697
6.26848
6.27756
6.27986
6.25861
6.27766
6.26741
6.26846
6.28688
6.2761
6.28848
6.275
6.26301
6.28046
6.27019
6.27449
6.29694
6.29979
6.28495
6.29272
6.22637
6.22531
6.22127
6.226
6.2228
6.23098
6.22169
6.23006
6.22383
6.22723
6.22507
6.23845
6.23883
6.22834
6.22807
6.23096
6.22999
6.23311
6.22651
6.23244
6.22239
6.22452
6.2225
6.22743
6.22421
6.21838
6.21937
6.22365
6.22463
6.22205
6.22476
6.24779
6.2431
6.24637
6.23572
6.23875
6.2391
6.24484
6.23689
6.24261
6.25112
6.24791
6.24774
6.24509
6.24368
6.2442
6.22338
6.22313
6.22779
6.22751
6.23044
6.23982
6.23199
6.22591
6.22556
6.22803
6.23617
6.22577
6.23666
6.22723
6.23109
6.23018
6.23439
6.22633
6.2275
6.22693
6.22735
6.23177
6.22377
6.22454
6.22463
6.30537
6.28949
6.30525
6.29752
6.29449
6.30289
6.28065
6.29888
6.30185
6.25607
6.27067
6.26714
6.28461
6.27524
6.25596
6.28592
6.28849
6.27965
6.28768
6.29143
6.25413
6.25156
6.24785
6.26995
6.25755
6.24268
6.25995
6.24878
6.26432
6.26194
6.26558
6.25723
6.27126
6.26778
6.28636
6.28707
6.26861
6.29332
6.2825
6.29174
6.2637
6.27602
6.27077
6.27823
6.27703
6.272
6.28321
6.2645
6.26451
6.28193
6.27923
6.29824
6.27892
6.28924
6.29793
6.22101
6.21742
6.2255
6.21471
6.21029
6.20398
6.19313
6.09397
6.16832
6.22968
6.06417
6.05947
6.17409
6.22895
6.2147
6.21967
6.21722
6.21704
6.22788
6.19026
6.15804
6.19224
6.23919
6.23439
6.23267
6.22159
6.22541
6.22688
6.22363
6.21098
6.22443
6.15181
2.46115
2.30295
1.87301
1.77028
3.21742
4.62814
4.30378
2.68576
5.77852
3.35355
3.53627
2.39345
1.86584
1.86927
1.71306
3.37874
2.31882
5.38066
4.74154
4.84119
5.39621
5.03661
5.49
5.35783
3.52689
3.36693
2.37166
2.02315
2.46851
2.27062
4.63235
3.10373
4.89259
4.04489
4.69066
5.46499
6.24294
6.23351
6.2352
6.22366
6.23085
6.11457
6.15105
6.2334
6.2238
6.22909
6.23211
6.22997
6.21425
6.22638
6.24527
6.25723
6.26207
6.26573
6.27316
6.26982
6.26879
6.25067
6.25569
6.2547
6.23183
6.22272
6.23141
6.2297
6.23121
6.23171
6.23319
6.22934
6.28065
6.27002
6.28293
6.27787
6.29502
6.28981
6.27884
6.26809
6.25391
6.25904
6.27418
6.26544
6.24235
6.23958
6.23629
6.24044
6.24311
6.22045
6.22702
6.21394
6.22539
6.21459
6.22574
6.22694
6.22116
6.2336
6.23414
6.23555
6.22973
6.23749
6.22879
6.23995
6.23541
6.24089
6.23369
6.23898
6.23488
6.23858
6.25786
6.23933
6.25693
6.23141
6.23185
6.24223
6.23339
6.22932
6.23088
6.2249
6.24909
6.24572
6.24977
6.24584
6.25537
6.24641
6.24282
6.23476
6.23935
6.24269
6.24008
6.25735
6.23419
6.25167
6.24995
6.25298
6.24754
6.25271
6.24472
6.26153
6.2597
6.23132
6.24074
6.24101
6.23955
6.25943
6.27225
6.27819
6.25954
6.28239
6.27616
6.27396
6.26855
6.28031
6.27603
6.27685
6.26853
6.27284
6.27617
6.26046
6.25978
6.28062
6.26407
6.25722
6.25101
6.25366
6.25926
6.25183
6.2466
6.25996
6.2633
6.25405
6.2545
6.27447
6.23889
6.22996
6.23173
6.23309
6.23604
6.31895
6.30618
6.32368
6.30959
6.29963
6.30766
6.23061
6.28917
6.25706
6.25588
6.30024
6.25531
6.30059
6.2512
6.2365
6.23199
6.2296
6.23307
6.22837
6.23236
6.22667
6.22613
6.26477
6.26796
6.25662
6.27392
6.27264
6.2353
6.22675
6.23226
6.22719
6.22695
6.23004
6.22631
6.2329
6.23339
6.24
6.24396
6.24875
6.25351
6.25246
6.25631
6.23437
6.2507
6.24484
6.24434
6.23655
6.23211
6.23364
6.23012
6.23141
6.25175
6.24449
6.24317
6.24826
6.25067
6.24619
6.23968
6.24569
6.23394
6.24099
6.23816
6.23502
6.24417
6.23933
6.23854
6.23651
6.24703
6.24635
6.24487
6.25108
6.26112
6.24797
6.25292
6.24917
6.24073
6.24398
6.25611
6.25041
6.29155
6.23911
6.28414
6.24397
6.24761
6.2472
6.29337
6.25199
6.24257
6.23784
6.24406
6.24924
6.25
6.24708
6.232
6.23427
6.23106
6.22907
6.22844
6.25043
6.22924
6.22174
6.2311
6.22633
6.23021
6.22954
6.2429
6.22812
6.22852
6.2239
6.23996
6.2469
6.23472
6.22676
6.235
6.21894
6.23477
6.22949
6.22957
6.23007
6.22692
6.22788
6.23687
6.23729
6.23588
6.23631
6.23338
6.22902
6.22992
6.23064
6.23382
6.23297
6.23254
6.23633
6.25581
6.25212
6.25227
6.22973
6.21853
6.21617
6.22484
6.22688
6.2273
6.22849
6.22692
6.22908
6.22718
6.22947
6.22658
6.22487
6.22987
6.23475
6.23279
6.23222
6.23473
6.23049
6.2423
6.24249
6.23625
6.23864
6.24549
6.23589
6.23675
6.23886
6.23834
6.23704
6.23511
6.23709
6.22722
6.23724
6.23613
6.23184
6.23502
6.23422
6.23493
6.22875
6.2204
6.22564
6.22961
6.22608
6.2255
6.24186
6.22886
6.23114
6.23375
6.24227
6.23596
6.2381
6.24974
6.23358
6.22832
6.22622
6.23259
6.22602
6.22679
6.23013
6.2276
6.23682
6.23079
6.23344
6.24103
6.22653
6.22917
6.2286
6.23643
6.22816
6.2383
6.2323
6.23
6.24013
6.22903
6.23095
6.2303
6.23609
6.2367
6.23276
6.23986
6.24134
6.25254
6.24682
6.23926
6.23763
6.23629
6.23648
6.23268
6.22525
6.24606
6.23511
6.23185
6.22984
6.24274
6.2366
6.24673
6.23772
6.23414
6.23098
6.22926
6.22571
6.24493
6.26532
6.27
6.28456
6.26826
6.27979
6.27891
6.26609
6.2601
6.25199
6.2789
6.25828
6.2666
6.28004
6.24796
6.23628
6.23871
6.24511
6.23808
6.24975
6.25158
6.23082
6.2319
6.23995
6.2404
6.25719
6.26048
6.26188
6.26875
6.26113
6.25354
6.2481
6.26357
6.23344
6.26524
6.24637
6.23621
6.24991
6.24317
6.25105
6.2389
6.25211
6.23896
6.24904
6.26522
6.25354
6.25024
6.24867
6.26121
6.26686
6.22831
6.22986
6.24678
6.2357
6.23215
6.23941
6.24178
6.24137
6.24503
6.24681
6.23709
6.23382
6.24669
6.23132
6.23118
6.22982
6.22983
6.23422
6.23351
6.22968
6.22855
6.23154
6.2273
6.23744
6.24154
6.23171
6.23683
6.24984
6.23157
6.25429
6.24978
6.25019
6.23279
6.2347
6.22875
6.23383
6.22993
6.25285
6.24793
6.25595
6.25054
6.25446
6.24079
6.26214
6.2546
6.26365
6.27019
6.2696
6.23109
6.23052
6.24223
6.23168
6.2309
6.23743
6.23369
6.25362
6.25765
6.25376
6.26252
6.26948
6.25774
6.26369
6.23602
6.23516
6.25659
6.24066
6.25392
6.2346
6.2448
6.24538
6.24095
6.2387
6.24637
6.24949
6.24348
6.22918
6.2425
6.24715
6.24193
6.24224
6.26444
6.26724
6.23705
6.2474
6.24662
6.26251
6.24739
6.24734
6.25217
6.24633
6.24692
6.2365
6.24381
6.24413
6.21673
6.23526
6.23467
6.23595
6.23495
6.2361
6.23572
6.23476
6.23437
6.23545
6.23453
6.21472
6.23703
6.23479
6.23362
6.2334
6.22914
6.22743
6.2392
6.23468
6.23565
6.23656
6.23333
6.23112
6.23595
6.23631
6.23788
6.23493
6.24702
6.25309
6.2255
6.24526
6.2431
6.24901
6.23517
6.23072
6.23154
6.24297
6.23068
6.22954
6.23074
6.23155
6.22371
6.23252
6.22963
6.23191
6.22789
6.2355
6.22972
6.22875
6.22927
6.22987
6.22904
6.23373
6.23078
6.22561
6.2282
6.23552
6.22787
6.23704
6.23176
6.23159
6.23238
6.23559
6.2535
6.23744
6.23455
6.23622
6.23327
6.23852
6.23972
6.23892
6.22858
6.23582
6.23246
6.23511
6.22809
6.2364
6.23406
6.23393
6.23762
6.23045
6.23414
6.2367
6.22842
6.22885
6.23861
6.23268
6.23583
6.23038
6.22247
6.22755
6.22689
6.22646
6.22684
6.23708
6.22921
6.23258
6.23405
6.23467
6.23008
6.23754
6.23583
6.233
6.23512
6.23238
6.2296
6.23915
6.23318
6.23393
6.23001
6.23506
6.2421
6.23925
6.23588
6.23691
6.23235
6.24115
6.22906
6.23659
6.23693
6.24018
6.23795
6.24153
6.23874
6.24839
6.24256
6.24099
6.2518
6.25091
6.2436
6.25156
6.23244
6.24737
6.23926
6.25043
6.24398
6.24937
6.23315
6.23451
6.23003
6.23346
6.22864
6.22976
6.22899
6.23121
6.23308
6.23296
6.23463
6.2348
6.23222
6.23599
6.23441
6.23243
6.23328
6.2342
6.23095
6.23149
6.23803
6.23395
6.23894
6.24797
6.23846
6.23482
6.23441
6.23085
6.223
6.23228
6.23542
6.23609
6.23467
6.23679
6.2385
6.23767
6.24281
6.23527
6.23688
6.2378
6.23821
6.23451
6.23476
6.23294
6.23564
6.23276
6.23288
6.23279
6.23386
6.23079
6.24307
6.25189
6.25422
6.24918
6.26778
6.25422
6.25365
6.23245
6.23195
6.23543
6.2339
6.23429
6.23683
6.23476
6.22915
6.22535
6.22966
6.22718
6.22669
6.23688
6.23583
6.23299
6.23491
6.23471
6.23197
6.23237
6.23016
6.23201
6.23264
6.23091
6.23144
6.2278
6.23077
6.23156
6.22647
6.22836
6.22795
6.22795
6.22869
6.22113
6.22773
6.22611
6.22654
6.22532
6.23572
6.22998
6.22744
6.23364
6.22822
6.22663
6.23235
6.22733
6.23445
6.23306
6.23219
6.23028
6.23223
6.23056
6.23437
6.23531
6.23648
6.23869
6.23587
6.23186
6.23235
6.22888
6.22871
6.23551
6.23472
6.24048
6.2325
6.24237
6.23318
6.23822
6.23585
6.23927
6.23653
6.23626
6.23249
6.234
6.25114
6.25216
6.2384
6.24731
6.24002
6.24823
6.24023
6.23475
6.24014
6.24062
6.23533
6.23872
6.23749
6.24568
6.25372
6.24247
6.25492
6.23189
6.22895
6.22976
6.23005
6.25243
6.23001
6.23664
6.2271
6.22355
6.25262
6.24464
6.22692
6.23464
6.22862
6.23082
6.21973
6.23708
6.23794
6.2389
6.23632
6.23728
6.23861
6.23555
6.24427
6.2343
6.23568
6.22783
6.23764
6.24818
6.2522
6.24159
6.24022
6.23866
6.2443
6.23817
6.23909
6.23763
6.24241
6.23047
6.23125
6.23551
6.23215
6.23453
6.23041
6.2308
6.2491
6.25478
6.25546
6.25017
6.24748
6.24305
6.22994
6.23087
6.22825
6.23049
6.23046
6.22952
6.23022
6.22939
6.23194
6.23232
6.23165
6.22948
6.23008
6.22966
6.22758
6.22844
6.2308
6.22702
6.22842
6.22706
6.22958
6.23056
6.22871
6.22898
6.22933
6.23003
6.23019
6.22862
6.22883
6.23011
6.22373
6.22832
6.22791
6.22895
6.22892
6.22934
6.22852
6.23044
6.22978
6.229
6.22717
6.22596
6.22979
6.22823
6.22268
6.22992
6.22949
6.22703
6.22739
6.24247
6.23391
6.23382
6.23143
6.23757
6.24503
6.23486
6.24143
6.24465
6.24494
6.24017
6.25229
6.24858
6.24541
6.24624
6.24162
6.24309
6.241
6.25048
6.25006
6.23744
6.22867
6.22987
6.22986
6.22649
6.22817
6.22596
6.23227
6.22379
6.23445
6.23061
6.22739
6.22878
6.23329
6.23327
6.23169
6.23023
6.22778
6.22957
6.22961
6.23068
6.22802
6.22993
6.22797
6.22771
6.22634
6.24908
6.23308
6.23315
6.2338
6.23354
6.23444
6.23351
6.2337
6.23331
6.23329
6.23165
6.2332
6.23089
6.2351
6.23382
6.23529
6.23454
6.24629
6.23836
6.24189
6.23861
6.23464
6.22952
6.22723
6.23204
6.22488
6.24483
6.24782
6.23907
6.25076
6.25012
6.23256
6.22894
6.23131
6.22894
6.22884
6.22802
6.25094
6.24521
6.25222
6.24559
6.25405
6.23985
6.25348
6.24932
6.24929
6.24549
6.25177
6.25287
6.2484
6.25326
6.25166
6.23302
6.23189
6.23264
6.23361
6.23132
6.23133
6.2341
6.29258
6.28539
6.30652
6.30557
6.28619
6.26735
6.2752
6.27432
6.27267
6.27314
6.25434
6.28235
6.27899
6.28994
6.26842
6.29767
6.28289
6.30966
6.31406
6.31389
6.30138
6.30991
6.31839
6.30762
6.30644
6.31867
6.31874
6.2556
6.25692
6.23497
6.26599
6.24504
6.24609
6.22222
6.2323
6.22166
6.21871
6.24881
6.25189
6.23207
6.26145
6.19758
6.22166
6.1956
6.20505
6.17382
6.21014
6.18081
6.20139
6.2941
6.28058
6.28459
6.30179
6.27249
6.29419
6.30762
6.30392
5.87384
5.73251
5.58388
5.55135
5.9148
5.82624
5.73721
5.8705
6.07121
5.98046
5.93314
6.01443
5.96634
4.74631
4.92614
5.51042
5.52872
5.70015
5.26722
5.21585
5.58555
5.72536
6.30264
6.29298
6.29075
6.31309
6.29874
6.289
6.30995
6.29654
6.19422
6.2213
6.18298
6.20077
6.18896
6.2182
6.10956
6.1157
6.15505
6.18805
6.16355
6.17685
6.277
6.27957
6.27349
6.27354
6.27813
6.29219
6.28253
6.28138
6.29032
6.25235
6.28434
6.25778
6.26798
6.25977
6.24785
6.25193
6.23357
6.23708
5.63523
5.67826
5.14299
4.9493
5.31577
5.39349
5.46401
4.86977
6.24019
6.23238
6.24506
6.23909
6.22748
6.21733
6.20593
6.22252
6.21798
6.22015
6.21699
6.21492
6.23603
6.24372
6.25552
6.25382
6.24882
6.17976
6.23848
6.23977
5.88215
5.94472
5.93314
6.08436
6.11102
2.7035
4.5938
2.74182
2.01357
3.42872
2.52448
2.60805
2.08915
1.84973
4.3156
4.01693
3.51935
3.24986
2.4488
4.30907
6.21833
6.16148
6.1449
6.12293
2.68155
3.73268
3.46817
0.947425
1.64955
2.1994
3.6696
2.73706
2.52175
2.43236
1.91335
3.32882
5.19142
6.15115
6.1287
6.17881
6.14721
6.11294
6.15801
6.15275
2.30718
1.984
2.44693
3.74478
1.60394
4.85659
4.42385
2.51127
2.38261
3.3614
2.35996
1.55431
2.07223
2.99417
5.47521
1.82089
2.29416
4.33956
2.52319
3.6344
2.84228
5.33308
5.10445
5.4912
5.10112
4.9335
5.77703
4.66218
5.28301
5.32907
5.81183
3.14424
5.63991
5.53575
5.39703
5.20933
6.05484
6.16117
6.00603
6.17441
6.13462
6.04494
6.14462
6.2284
6.2328
6.20324
6.21784
6.2023
6.21169
6.21961
6.1881
6.21912
6.18265
6.22149
6.23917
6.18776
6.11048
6.20103
6.21286
6.23208
6.22187
6.1716
6.20904
6.20702
6.2075
6.19845
3.45836
6.07337
6.20218
3.58801
6.03667
6.15622
5.80355
6.17649
6.17959
6.15183
6.15469
6.14543
6.16829
6.1007
6.15004
6.15681
6.04937
6.16578
6.11448
6.08452
6.12907
6.22691
6.24578
6.23543
6.23327
6.23793
6.23275
6.24072
5.39666
5.36094
4.66971
5.08513
5.09442
4.89612
4.77494
6.202
6.19832
6.21039
6.17805
6.18697
6.18808
6.17061
6.18405
6.01295
6.16761
6.18738
6.15363
6.16277
6.15167
6.05086
5.63389
6.0227
3.34428
5.94697
6.23669
6.24454
6.23712
6.23882
6.23606
6.24357
6.23693
6.15543
6.17441
6.15107
6.18073
6.10264
6.15445
6.17776
6.14172
6.19659
6.15641
6.14319
6.15932
6.16261
6.20112
6.19296
6.1939
6.17092
6.16302
6.11967
6.20135
6.18513
6.05294
6.17348
6.13589
6.20659
5.9176
6.12471
6.23276
6.23302
6.23645
6.23913
2.31276
6.16654
6.16553
5.82242
5.87878
6.1681
6.14687
6.16267
5.44075
6.1911
6.18115
3.30356
6.17226
6.1677
3.39571
6.17255
6.23642
6.25124
6.24785
6.2403
6.23727
6.23786
6.24803
6.25262
6.24581
6.25196
6.24346
6.24749
6.24751
6.24557
6.22236
6.2289
6.22018
6.22769
6.22481
6.23083
6.22913
6.22048
6.22456
6.21927
6.22514
6.22694
6.2222
6.22161
6.22773
6.22527
6.22615
6.22345
6.23082
6.22884
6.22744
6.22541
6.228
6.22674
6.22107
6.22178
6.22466
6.2227
6.2206
6.2195
6.22088
6.2225
6.22701
6.22459
6.2446
6.24774
6.224
6.25197
6.26838
6.2527
6.24063
6.26758
6.25829
6.23059
6.25144
6.25222
6.23608
6.23628
6.23351
6.25836
6.27486
6.25976
6.2756
6.27287
6.26235
6.2777
6.29984
6.29517
6.28224
6.29655
6.28074
6.29668
6.27737
6.24744
6.23843
6.24704
6.23756
6.23703
6.23821
6.24774
6.23961
6.24871
6.23702
6.22979
6.23317
6.22677
6.23085
6.22569
6.23744
6.22892
6.23414
6.2381
6.22813
6.23555
6.23077
6.22716
6.22628
6.22882
6.22572
6.23148
6.24444
6.2299
6.24808
6.27165
6.26718
6.24666
6.24927
6.25098
6.26552
6.24527
6.25058
6.25766
6.2651
6.25483
6.261
6.26035
6.26635
6.24948
6.24321
6.24682
6.24272
6.24704
6.23822
6.23773
6.23579
6.23632
6.22987
6.23023
6.23221
6.23191
6.23827
6.23523
6.24062
6.2365
6.22631
6.24187
6.2229
6.2303
6.23603
6.24138
6.24072
6.24181
6.23817
6.24035
6.24063
6.22311
6.23691
6.23797
6.24098
6.2418
6.23893
6.23873
6.24289
6.23959
6.23762
6.24159
6.23926
6.23572
6.2377
6.23696
6.23802
6.23068
6.22491
6.22795
6.2224
6.2323
6.2213
6.21812
6.22744
6.22476
6.22209
6.2176
6.22267
6.23434
6.2352
6.23814
6.23582
6.2345
6.23261
6.23454
6.22488
6.21558
6.22916
6.22357
6.22275
6.22083
6.23239
6.22767
6.21328
6.2251
6.21502
6.22325
6.22744
6.22659
6.21946
6.2135
6.21209
6.23593
6.24058
6.22952
6.22641
6.2311
6.22759
6.22165
6.22463
6.21884
6.21696
6.21438
6.2161
6.21804
6.22003
6.21607
6.21017
6.21489
6.22545
6.21731
6.22843
6.21976
6.20338
6.2116
6.23035
6.23502
6.20026
6.24108
6.19593
6.2105
6.2229
6.22578
6.21582
6.21417
6.22993
6.217
6.22156
6.23266
6.23613
6.20833
6.21198
6.21623
6.21673
6.21636
6.21756
6.22081
6.21772
6.21838
6.21929
6.22018
6.21747
6.22015
6.21796
6.21868
6.21713
6.22115
6.25173
6.24425
6.22354
6.23397
6.23621
6.22378
6.23322
6.22781
6.22736
6.21888
6.22751
6.21927
6.21949
6.21967
6.22046
6.22815
6.22002
6.23318
6.22877
6.23027
6.24032
6.23127
6.21567
6.21812
6.22484
6.22183
6.21618
6.21888
6.21814
6.21652
6.21873
6.21725
6.21866
6.22536
6.24752
6.23107
6.23423
6.22355
6.23302
6.24803
6.25299
6.23985
6.23623
6.24125
6.26456
6.23337
6.24368
6.24463
6.26283
6.24212
6.23347
6.25177
6.22056
6.2453
6.23653
6.22189
6.23048
6.22619
6.25474
6.27337
6.26329
6.2532
6.2636
6.26998
6.24101
6.24635
6.27508
6.27834
6.288
6.29366
6.27341
6.2979
6.29621
6.29376
6.27355
6.26809
6.29642
6.29217
6.28981
6.31423
6.29539
6.27886
6.29554
6.30335
6.2746
6.29078
6.29708
6.28581
6.3054
6.30715
6.30703
6.28623
6.28969
6.27521
6.27384
6.29491
6.29451
6.24724
6.26092
6.25997
6.27814
6.24655
6.25848
6.26148
6.21075
6.22901
6.2171
6.2219
6.22202
6.22066
6.23178
6.2077
6.21391
6.22847
6.21082
6.22491
6.27529
6.24577
6.27891
6.23188
6.27755
6.23765
6.24236
6.24926
6.25986
6.24282
6.25813
6.25491
6.22589
6.22454
6.22426
6.22452
6.21979
6.2213
6.22024
6.22844
6.24599
6.24956
6.23004
6.23874
6.24574
6.24288
6.23676
6.228
6.22517
6.23356
6.22749
6.23267
6.23496
6.22857
6.23322
6.22925
6.22793
6.22704
6.22578
6.22861
6.22262
6.22593
6.23142
6.22739
6.22754
6.24221
6.25913
6.2472
6.25516
6.24866
6.23499
6.23115
6.22518
6.24665
6.24986
6.24066
6.2376
6.23481
6.24354
6.24172
6.24483
6.2205
6.22005
6.21665
6.23844
6.23344
6.23246
6.23676
6.23696
6.23811
6.23297
6.23322
6.23972
6.22779
6.24315
6.24265
6.23023
6.24245
6.24234
6.23126
6.21684
6.22702
6.222
6.21592
6.23155
6.21061
6.21557
6.21399
6.22912
6.21785
6.21561
6.22552
6.2123
6.21685
6.21559
6.21414
6.22749
6.21664
6.19782
6.20706
6.17016
6.19154
6.17675
6.17583
6.18995
6.1873
6.20042
6.19388
6.2125
6.23569
6.233
6.23611
6.23551
6.23577
6.23333
6.23185
6.2335
6.23396
6.23067
6.22964
6.23213
6.23357
6.22616
6.23315
6.22926
6.22095
6.22206
6.22386
6.22184
6.2157
6.22711
6.21195
6.2091
6.21875
6.21215
6.21821
6.21322
6.21461
6.24138
6.2371
6.23723
6.23746
6.23853
6.24112
6.23658
6.24482
6.22944
6.22604
6.24376
6.22036
6.22658
6.21977
6.23411
6.23382
6.23028
6.23972
6.23455
6.2365
6.23486
6.23588
6.23595
6.22984
6.2336
6.2331
6.23442
6.23188
6.21824
6.2243
6.22054
6.23233
6.21871
6.27207
6.26835
6.2641
6.24912
6.25767
6.26827
6.24021
6.2337
6.2332
6.23164
6.227
6.22576
6.22824
6.24429
6.22516
6.22435
6.26875
6.24815
6.24438
6.25281
6.28166
6.26022
6.24145
6.24231
6.24621
6.25699
6.26844
6.25134
6.24036
6.23978
6.25073
6.24692
6.23638
6.24302
6.24892
6.24715
6.23788
6.29063
6.30009
6.26129
6.29434
6.28264
6.27932
6.26789
6.25858
6.26737
6.25544
6.27263
6.28055
6.24879
6.22159
6.21971
6.2228
6.2206
6.21754
6.22114
6.22116
6.22438
6.22
6.22308
6.22197
6.22072
6.22742
6.21771
6.22066
6.22909
6.21618
6.21745
6.22892
6.2309
6.22717
6.22801
6.21273
6.21492
6.19677
6.20563
6.20601
6.21605
6.20974
6.21058
6.21208
6.21375
6.20726
6.22393
6.224
6.20912
6.23051
6.2292
6.22787
6.23362
6.23205
6.28323
6.28238
6.28878
6.29496
6.29451
6.29729
6.21585
6.24617
6.22315
6.23216
6.25101
6.29845
6.29029
6.2802
6.27676
6.27818
6.26983
6.25364
6.26754
6.2547
6.26839
6.26699
6.27504
6.27147
6.23702
6.22579
6.24152
6.21647
6.2309
6.23015
6.22977
6.2483
6.23717
6.25008
6.23968
6.23812
6.26809
6.25175
6.25305
6.24442
6.27368
6.24997
6.279
6.28263
6.25452
6.26273
6.26663
6.28692
6.27228
6.28923
6.28186
6.28926
6.256
6.26019
6.27496
6.25082
6.25744
6.24581
6.25491
6.24819
6.26152
6.25594
6.25786
6.24474
6.25526
6.22776
6.23707
6.23356
6.22489
6.22962
6.22395
6.22676
6.2212
6.21778
6.22589
6.21868
6.22104
6.22813
6.2328
6.23483
6.23503
6.23312
6.23119
6.23406
6.21508
6.2395
6.23124
6.23918
6.23301
6.2284
6.23796
6.23945
6.23292
6.24136
6.25061
6.24718
6.24928
6.2382
6.23521
6.22759
6.2279
6.23762
6.22821
6.22449
6.22653
6.23013
6.23497
6.23122
6.23051
6.2303
6.21997
6.22247
6.22081
6.21859
6.22175
6.22652
6.2288
6.22888
6.23463
6.23841
6.24369
6.26444
6.24921
6.24148
6.25374
6.26978
6.26029
6.22861
6.24317
6.23357
6.2446
6.23496
6.2346
6.24196
6.23432
6.23131
6.21645
6.23599
6.23159
6.2364
6.23244
6.26366
6.26872
6.25239
6.25763
6.27366
6.2497
6.26126
6.27444
6.25795
6.26812
6.25653
6.25198
6.27014
6.28127
6.27143
6.28393
6.26865
6.27777
6.26008
6.26264
6.26819
6.27576
6.27474
6.25409
6.25201
6.27238
6.27578
6.27305
6.27125
6.27436
6.26115
6.26601
6.25926
6.26681
6.2683
6.26553
6.24424
6.26049
6.25626
6.25383
6.25969
6.25778
6.25691
6.24401
6.2633
6.24096
6.23986
6.25004
6.24699
6.24236
6.24179
6.24478
6.21499
6.2274
6.21419
6.21817
6.21215
6.21607
6.21748
6.21654
6.23419
6.23394
6.23243
6.21431
6.23362
6.23502
6.23427
6.22977
6.23239
6.244
6.24586
6.23762
6.23615
6.24082
6.24352
6.23951
6.23716
6.24601
6.24357
6.24114
6.24596
6.2381
6.22193
6.21071
6.21142
6.21031
6.23548
6.23415
6.2057
6.21198
6.21437
6.21009
6.20913
6.24695
6.2378
6.23775
6.22373
6.22882
6.21026
6.20607
6.20665
6.20756
6.20833
6.21028
6.19369
6.19116
6.20041
6.20805
6.20379
6.21913
6.20916
6.21726
6.21838
6.21671
6.21881
6.21881
6.21843
6.21883
6.24844
6.25088
6.25397
6.26625
6.23877
6.23815
6.23767
6.2372
6.23806
6.2399
6.23675
6.23935
6.23979
6.23692
6.23398
6.23569
6.23673
6.2138
6.21568
6.21629
6.21325
6.21433
6.21368
6.20144
6.24097
6.221
6.20595
6.20404
6.21058
6.20872
6.17748
6.19878
3.26176
6.22102
6.18742
6.1951
6.18651
6.18309
6.19502
6.21153
6.18921
6.20291
6.19017
6.2344
6.21319
6.21851
6.21267
6.23582
6.21604
6.24222
6.22083
6.23574
6.2061
6.21215
6.21347
6.20852
6.22439
6.23859
6.2235
6.22759
6.22635
6.22646
6.22672
6.24623
6.24504
6.22721
6.23424
6.24605
6.23145
6.22656
6.23599
6.21369
6.20955
6.20983
6.21773
6.217
6.21693
6.21551
6.22977
6.23446
6.2197
6.21624
6.21876
6.233
6.21644
6.22687
6.22139
6.22775
6.23194
6.23515
6.24025
6.23736
6.23502
6.23489
6.2247
6.23874
6.23102
6.23095
6.2314
6.22192
6.22975
6.22472
6.21997
6.22328
6.22426
6.22183
6.21808
6.21855
6.21991
6.22093
6.21986
6.226
6.2177
6.2162
6.2153
6.21869
6.23926
6.24333
6.24149
6.23718
6.23352
6.23565
6.25625
6.22898
6.22605
6.22821
6.2276
6.23692
6.23276
6.24076
6.23091
6.21815
6.2343
6.24425
6.24184
6.24254
6.2459
6.23505
6.23277
6.23952
6.23853
6.24514
6.24298
6.24145
6.24512
6.24718
6.24596
6.25678
6.25324
6.2574
6.21646
6.23101
6.21807
6.22889
6.21816
6.22074
6.2286
6.22752
6.23021
6.22223
6.21788
6.22435
6.21794
6.21989
6.21586
6.21671
6.21628
6.22394
6.2233
6.22064
6.22231
6.22162
6.21265
6.22294
6.23248
6.24671
6.22798
6.2258
6.22482
6.2231
6.20807
6.22679
6.22395
6.22555
6.21107
6.20628
6.21602
6.21243
3.3817
3.86029
4.46783
4.77596
4.19926
3.19475
2.45778
2.26809
2.49174
2.41188
2.26965
2.28543
4.77331
4.79425
6.22483
6.22223
6.2273
6.24357
6.24244
6.25124
6.24471
6.24897
6.25091
6.25047
6.254
6.25257
6.22794
6.2273
6.22613
6.22579
6.2279
6.22658
6.22874
6.23146
6.22744
6.22609
6.23085
6.2308
6.23017
6.24526
6.23986
6.24775
6.25208
6.25041
6.24786
6.25685
6.25007
6.24881
6.23438
6.23519
6.23704
6.22913
6.23511
6.23611
6.23281
6.23664
6.2339
6.2297
6.23566
6.23047
6.22994
6.22871
6.22955
6.24357
6.23881
6.24825
6.24207
6.24835
6.24136
6.23821
6.22908
6.22669
6.22758
6.21335
6.24494
6.20632
6.2066
6.23407
6.23183
6.22841
6.22937
6.2301
6.23033
6.24676
6.22903
6.22923
6.23001
6.22847
6.2289
6.22721
6.22887
6.22847
6.22838
6.23103
6.23121
6.22924
6.22957
6.23003
6.2273
6.23222
6.22882
6.2353
6.23175
6.22856
6.22798
6.22567
6.22433
6.22529
6.24401
6.24825
6.24327
6.2501
6.24639
6.23936
6.24549
6.24779
6.21655
6.24427
6.23811
6.24166
6.23785
6.22775
6.22812
6.22942
6.2274
6.23078
6.22814
6.2281
6.24299
6.24174
6.24667
6.24613
6.23758
6.21793
6.22378
6.22131
6.22475
6.2279
6.23736
6.22506
6.24147
6.23962
6.24012
6.23698
6.24513
6.23853
6.23128
6.22779
6.22885
6.22833
6.22447
6.23734
6.23721
6.23764
6.23319
6.23912
6.23541
6.23696
6.23852
6.24303
6.24115
6.23779
6.24289
6.22439
6.21977
6.21824
6.21802
6.21752
6.21895
6.22913
6.22515
6.22762
6.22061
6.22713
6.22272
6.22336
6.22751
6.22842
6.22919
6.22967
6.23354
6.22925
6.22939
6.23361
6.23548
6.23699
6.24214
6.23907
6.21714
6.24238
6.24146
6.23293
6.22646
6.23
6.22889
6.23178
6.23324
6.22866
6.22497
6.22449
6.22383
6.22025
6.22075
6.23164
6.23535
6.23611
6.2369
6.23487
6.23345
6.22889
6.23015
6.23108
6.23436
6.22842
6.22931
6.21817
6.22075
6.22466
6.22295
6.21966
6.22608
6.22396
6.2242
6.24086
6.22352
6.2239
6.22434
6.22242
6.2314
6.22819
6.22849
6.22694
6.24289
6.22556
6.22916
6.24215
6.22954
6.22714
6.22595
6.2299
6.22915
6.23072
6.22917
6.2327
6.23265
6.23154
6.22584
6.2276
6.23137
6.2291
6.22614
6.22863
6.22904
6.22836
6.2285
6.22764
6.22837
6.22687
6.23639
6.24086
6.2286
6.24
6.23939
6.23531
6.22676
6.22666
6.22701
6.22863
6.22789
6.22661
6.227
6.22745
6.23452
6.23308
6.23242
6.23719
6.2364
6.23678
6.23519
6.23372
6.22935
6.23141
6.24294
6.23908
6.24009
6.23515
6.24051
6.24079
6.23052
6.23625
6.2336
6.21739
6.23016
6.23157
6.2282
6.23036
6.22995
6.22852
6.22789
6.2333
6.2318
6.23457
6.2356
6.2311
6.23343
6.23189
6.23239
6.23339
6.23392
6.23286
6.23339
6.23209
6.23254
6.2329
6.23144
6.23477
6.23872
6.24204
6.23763
6.23582
6.23586
6.2348
6.23684
6.2284
6.23328
6.22706
6.22803
6.22771
6.22921
6.23134
6.22948
6.23148
6.23046
6.23485
6.23519
6.23197
6.23469
6.23505
6.23558
6.23707
6.23286
6.22957
6.23154
6.22951
6.23346
6.23289
6.23085
6.23008
6.22903
6.23427
6.23333
6.22536
6.22528
6.22673
6.22585
6.22806
6.23125
6.23254
6.23087
6.23253
6.23273
6.23332
6.23109
6.23231
6.22851
6.23126
6.22604
6.22755
6.22859
6.23247
6.22945
6.22981
6.23312
6.22916
6.23257
6.2352
6.23386
6.23323
6.23348
6.23181
6.23144
6.23504
6.23267
6.23395
6.23074
6.23045
6.23107
6.22923
6.2312
6.21234
6.22
6.22185
6.22649
6.22041
6.21978
6.24026
6.23758
6.21285
6.21525
6.20872
6.20851
6.2181
6.21717
6.24071
6.27032
6.24401
6.23899
6.27885
6.23027
6.24945
6.25523
6.24345
6.26268
6.24479
6.26844
6.25862
6.26198
6.25495
6.24727
6.23679
6.2674
6.25465
6.24601
6.25957
6.26055
6.25177
6.25202
6.25665
6.22579
6.23365
6.23949
6.24543
6.23343
6.24416
6.23167
6.26358
6.26476
6.25494
6.25334
6.25698
6.25663
6.25631
6.25922
6.22794
6.22603
6.22675
6.22772
6.21896
6.22579
6.23338
6.22894
6.23026
6.22618
6.22859
6.27328
6.28041
6.25814
6.26864
6.25582
6.26134
6.25043
6.25826
6.25857
6.2776
6.25592
6.24348
6.24971
6.25607
6.25222
6.23238
6.25098
6.25413
6.25973
6.27164
6.25064
6.25195
6.26027
6.23988
6.26687
6.2424
6.2637
6.24757
6.24383
6.22989
6.25009
6.24075
6.23355
6.24122
6.23761
6.24778
6.23129
6.24664
6.23676
6.22938
6.25495
6.2621
6.24212
6.24228
6.26482
6.24785
6.2631
6.24916
6.24768
6.26074
6.2458
6.25032
6.24251
6.23774
6.24898
6.24958
6.23304
6.22907
6.24227
6.24038
6.23543
6.24301
6.24059
6.23845
6.23667
6.23476
6.24935
6.25217
6.23733
6.23425
6.24495
6.24463
6.24201
6.23883
6.24116
6.24239
6.24754
6.24586
6.24844
6.24717
6.25603
6.25507
6.25364
6.2508
6.25733
6.25836
6.2503
6.25915
6.25207
6.2575
6.24849
6.25537
6.24556
6.24755
6.25247
6.2534
6.24778
6.24427
6.2446
6.24059
6.25679
6.25176
6.24705
6.25587
6.25735
6.24933
6.24338
6.25004
6.24807
6.25019
6.24372
6.24459
6.24641
6.24637
6.24505
6.2491
6.25445
6.24867
6.24709
6.25534
6.25802
6.24409
6.24854
6.24654
6.25858
6.24304
6.24974
6.24547
6.24817
6.24012
6.24185
6.2445
6.24016
6.24894
6.24459
6.24909
6.24398
6.24683
6.24535
6.2412
6.25698
6.25444
6.23717
6.25092
6.23591
6.23176
6.24578
6.24662
6.23898
6.25366
6.25167
6.2481
6.24056
6.23872
6.23911
6.24343
6.25586
6.2391
6.24856
6.22813
6.23004
6.23965
6.23941
6.24508
6.25161
6.24624
6.24502
6.25012
6.24683
6.24506
6.23154
6.26028
6.2461
6.24251
6.25643
6.27589
6.26319
6.27944
6.25532
6.28253
6.26966
6.2634
6.27706
6.25835
6.25211
6.26467
6.26346
6.26116
6.25516
6.27813
6.25881
6.26098
6.25575
6.26476
6.26905
6.2652
6.24
6.24266
6.23661
6.23753
6.24707
6.2429
6.24278
6.25366
6.25986
6.26584
6.25685
6.27638
6.2701
6.23374
6.22296
6.23294
6.23552
6.24268
6.24382
6.22702
6.2525
6.24239
6.2413
6.22949
6.23395
6.24408
6.24388
6.2365
6.23552
6.24234
6.24126
6.24216
6.24063
6.24014
6.22949
6.22981
6.2578
6.2301
6.23008
6.23379
6.26712
6.27088
6.27666
6.27153
6.25604
6.26975
6.26477
6.27991
6.28121
6.25526
6.25658
6.2545
6.24601
6.24131
6.25202
6.24073
6.25682
6.24257
6.24476
6.24356
6.24357
6.24569
6.24582
6.23676
6.2214
6.2382
6.28012
6.20532
6.25777
6.27729
6.26605
6.2553
6.26188
6.25608
6.27113
6.26812
6.27246
6.2721
6.2456
6.234
6.23878
6.24991
6.24359
6.25112
6.23685
6.24262
6.244
6.24355
6.23691
6.23941
6.26776
6.28033
6.28305
6.26414
6.27347
6.27532
6.26957
6.27677
6.27631
6.26413
6.26911
6.25736
6.26592
6.24349
6.25899
6.24686
6.26173
6.25859
6.25255
6.23619
6.23997
6.23776
6.23283
6.22651
6.22761
6.24337
6.24106
6.23136
6.22496
6.23006
6.21941
6.22031
6.23442
6.23555
6.21703
6.21226
6.22684
6.22221
6.22842
6.23201
6.21806
6.22195
6.22785
6.21006
6.18455
6.21245
6.21983
6.20974
6.20133
6.21038
6.2178
6.22148
6.2355
6.21195
6.25943
6.24749
6.21376
6.19588
6.18523
6.19033
6.19595
6.20862
6.17031
6.1979
6.24991
6.22471
6.24643
6.24678
6.24172
6.23786
6.23549
6.26215
6.22842
6.23401
6.23712
6.22899
6.22967
6.23413
6.22868
6.23698
6.23835
6.20906
6.23515
6.19804
6.24361
6.23461
6.24372
6.18997
6.22958
6.23245
6.23557
6.23127
6.23172
6.21631
6.20608
6.2374
6.2269
6.23668
6.22051
6.25118
6.26124
6.26353
6.26113
6.23892
6.25166
6.2749
6.2615
6.27168
6.26712
6.2678
6.2569
6.25722
6.26125
6.24117
6.25935
6.26043
6.2353
6.24811
6.25996
6.2502
6.26463
6.27104
6.26242
6.2658
6.23905
6.25067
6.24887
6.24425
6.24295
6.24862
6.24044
6.24472
6.24289
6.23893
6.24114
6.23823
6.24581
6.25319
6.249
6.25526
6.24108
6.24943
6.25703
6.24565
6.22998
6.24714
6.25146
6.2463
6.2655
6.25913
6.23608
6.26085
6.25645
6.25981
6.27
6.25346
6.25583
6.26257
6.25054
6.23436
6.22198
6.22412
6.22332
6.22223
6.22496
6.22302
6.22104
6.22549
6.22515
6.22324
6.22425
6.22194
6.22495
6.22299
6.22228
6.21859
6.22704
6.21998
6.22253
6.21946
6.22685
6.2285
6.22448
6.22653
6.23142
6.22499
6.2287
6.23515
6.22807
6.23133
6.22657
6.23191
6.23624
6.2285
6.22716
6.22405
6.2235
6.22861
6.22901
6.22741
6.2251
6.22162
6.22494
6.23084
6.22891
6.23084
6.22617
6.22297
6.2385
6.22537
6.22397
6.24678
6.26444
6.22256
6.22636
6.22898
6.22347
6.2445
6.23893
6.24325
6.26191
6.26424
6.25989
6.23967
6.23667
6.2324
6.23548
6.23598
6.23321
6.23807
6.23517
6.23356
6.2378
6.23607
6.23989
6.23758
6.24079
6.2362
6.2427
6.23621
6.23882
6.23322
6.23413
6.24343
6.24016
6.2418
6.2409
6.25129
6.24622
6.25114
6.24592
6.24921
6.25255
6.2478
6.24899
6.25572
6.24847
6.26824
6.24955
6.24952
6.23106
6.2445
6.23991
6.2189
6.20198
6.20393
6.2269
6.22901
6.19097
6.24953
6.20876
6.21818
6.23237
6.23015
6.20877
6.21852
6.21941
6.22734
6.22216
6.24805
6.20881
6.24991
6.22587
6.23412
6.24407
6.22748
6.25574
6.27847
6.26761
6.25019
6.26298
6.23068
6.23051
6.23366
6.24368
6.2347
6.25278
6.26304
6.25535
6.25055
6.24394
6.24586
6.23172
6.22684
6.25615
6.26161
6.23911
6.24926
6.24727
6.23881
6.26136
6.26264
6.2626
6.26268
6.2569
6.26489
6.24961
6.27489
6.25829
6.24109
6.267
6.27135
6.25479
6.26985
6.2581
6.253
6.24555
6.25667
6.24932
6.25077
6.25223
6.24999
6.24708
6.23781
6.2354
6.23744
6.23011
6.24043
6.25246
6.27106
6.27326
6.2541
6.27144
6.26594
6.23218
6.26028
6.25076
6.26722
6.27404
6.26746
6.27323
6.23053
6.24621
6.24761
6.23255
6.23439
6.24194
6.24494
6.22616
6.22836
6.2292
6.22981
6.23147
6.23726
6.23204
6.2294
6.22996
6.22668
6.22736
6.22514
6.22319
6.22623
6.25692
6.26719
6.25413
6.24752
6.22499
6.22333
6.22722
6.23517
6.23814
6.22811
6.23252
6.23087
6.22868
6.27005
6.25776
6.28083
6.27435
6.26722
6.27533
6.27004
6.2647
6.27432
6.28373
6.2784
6.25686
6.27153
6.28142
6.25687
6.25124
6.26329
6.26045
6.25336
6.24339
6.22502
6.25736
6.2355
6.28374
6.28568
6.26849
6.26515
6.26496
6.27432
6.268
6.28315
6.26923
6.2853
6.26331
6.27009
6.27431
6.26722
6.26988
6.2627
6.27698
6.27504
6.28061
6.27245
6.2572
6.26629
6.2647
6.28226
6.27485
6.27911
6.27089
6.2756
6.27352
6.26425
6.26573
6.22538
6.23159
6.22044
6.23185
6.23149
6.23627
6.21392
6.23432
6.22434
6.20467
6.23214
6.22054
6.23987
6.21794
6.23239
6.22659
6.22678
6.24426
6.24353
6.22964
6.23157
6.22578
6.2067
6.21578
6.24823
6.25193
6.2547
6.25686
6.25917
6.24855
6.24973
6.24351
6.23109
6.2308
6.24609
6.25401
6.23643
6.2387
6.24317
6.23321
6.24474
6.24054
6.23491
6.23584
6.23963
6.24551
6.2435
6.2507
6.25177
6.24623
6.24816
6.24745
6.23799
6.24319
6.24527
6.24093
6.23585
6.2334
6.24868
6.23622
6.22913
6.24587
6.24189
6.23935
6.23567
6.24407
6.24007
6.24803
6.25577
6.24928
6.25766
6.25322
6.25348
6.25353
6.24358
6.25528
6.24318
6.24314
6.24456
6.25242
6.25237
6.24664
6.24474
6.23733
6.24041
6.24555
6.2427
6.24184
6.24015
6.23781
6.2606
6.25748
6.25209
6.26008
6.25191
6.25011
6.25454
6.25561
6.25655
6.24805
6.25725
6.25937
6.24582
6.25304
6.23304
6.23313
6.2386
6.24551
6.24364
6.23753
6.25518
6.26066
6.25026
6.22448
6.22706
6.22891
6.22856
6.22738
6.24614
6.23627
6.24583
6.23328
6.2332
6.23842
6.2397
6.23757
6.23506
6.23925
6.24034
6.22419
6.22002
6.22436
6.22183
6.22174
6.2251
6.22376
6.2202
6.22279
6.22124
6.22453
6.22264
6.22712
6.22688
6.23196
6.23178
6.23158
6.23072
6.23739
6.2326
6.23121
6.23105
6.23379
6.2339
6.23241
6.23937
6.23492
6.24725
6.24113
6.23646
6.23985
6.22958
6.27314
6.25034
6.27131
6.27085
6.26166
6.25844
6.246
6.24472
6.26028
6.2529
6.25407
6.25727
6.27119
6.26851
6.27314
6.25846
6.26716
6.25796
6.26741
6.2749
6.25993
6.24944
6.27313
6.27798
6.23425
6.21618
6.25258
6.23823
6.24469
6.25158
6.24412
6.25151
6.22365
6.20157
6.23805
6.2056
6.21275
6.23254
6.23377
6.24892
6.23395
6.24632
6.22794
6.22409
6.24914
6.2451
6.25303
6.24297
6.25583
6.25889
6.23733
6.2344
6.24599
6.24286
6.24643
6.2403
6.25185
6.25203
6.24404
6.25178
6.25953
6.25981
6.25405
6.25727
6.26096
6.26318
6.24918
6.2494
6.24405
6.24408
6.23526
6.23201
6.23248
6.24865
6.25628
6.25548
6.24027
6.25692
6.24529
6.2499
6.2485
6.25097
6.2375
6.23758
6.23155
6.23169
6.23859
6.23502
6.25596
6.25489
6.25209
6.25145
6.25364
6.24445
6.2381
6.24009
6.27337
6.25926
6.26811
6.2693
6.24443
6.26987
6.2634
6.26552
6.2664
6.26328
6.24971
6.2576
6.26043
6.26271
6.26488
6.26617
6.2672
6.23748
6.25331
6.24866
6.24989
6.22761
6.2263
6.23644
6.24917
6.24477
6.24
6.24796
6.24168
6.23844
6.25124
6.23794
6.24424
6.23337
6.24044
6.23881
6.25232
6.25289
6.24696
6.24508
6.24799
6.24471
6.24507
6.24654
6.24834
6.24748
6.24757
6.24608
6.24407
6.24805
6.24652
6.24751
6.24548
6.24433
6.24336
6.24078
6.23942
6.24722
6.24848
6.24699
6.24629
6.24424
6.24716
6.24688
6.24612
6.24461
6.24691
6.24835
6.24698
6.24398
6.24314
6.24398
6.24395
6.24606
6.24879
6.25015
6.24738
6.24907
6.25209
6.23166
6.24431
6.24929
6.24824
6.25766
6.26085
6.24379
6.24159
6.25437
6.2487
6.24438
6.24351
6.24193
6.23534
6.26048
6.25167
6.24973
6.24672
6.24432
6.24529
6.24133
6.24725
6.24119
6.24134
6.24378
6.23486
6.24304
6.22826
6.23029
6.24853
6.23387
6.23339
6.23205
6.22993
6.22434
6.22992
6.22582
6.22697
6.23168
6.23077
6.23897
6.24251
6.25782
6.2602
6.25925
6.25686
6.23288
6.25378
6.25391
6.24368
6.22943
6.24919
6.24802
6.25367
6.25682
6.24574
6.23053
6.23784
6.23268
6.23216
6.24154
6.26001
6.24462
6.24688
6.25038
6.24401
6.23778
6.24219
6.24047
6.25611
6.23862
6.23952
6.24013
6.23809
6.2621
6.26331
6.26052
6.24605
6.2642
6.25036
6.24962
6.22088
6.22002
6.21999
6.25206
6.25462
6.25689
6.25224
6.25284
6.23486
6.23226
6.23358
6.23612
6.2328
6.23013
6.23238
6.23477
6.24451
6.25381
6.25148
6.25184
6.25442
6.23964
6.24314
6.2588
6.26763
6.25346
6.26564
6.26323
6.25604
6.24052
6.25684
6.25644
6.2506
6.24651
6.25371
6.24919
6.24936
6.24304
6.2398
6.25068
6.24885
6.24844
6.24403
6.23489
6.23198
6.22826
6.22502
6.23028
6.2251
6.22586
6.23274
6.2498
6.2389
6.23783
6.23942
6.23942
6.23869
6.23722
6.24147
6.24275
6.23854
6.23963
6.24133
6.23645
6.23881
6.23692
6.25156
6.24654
6.24782
6.24115
6.24212
6.23528
6.2346
6.23875
6.23999
6.23007
6.22521
6.22803
6.22816
6.23312
6.22613
6.23116
6.22793
6.23758
6.23681
6.22055
6.22508
6.235
6.23997
6.22741
6.23657
6.23478
6.24108
6.24056
6.24088
6.24571
6.24384
6.24614
6.24567
6.24748
6.23256
6.23199
6.2268
6.23122
6.23252
6.23703
6.2336
6.24698
6.25035
6.25466
6.25514
6.25096
6.25202
6.25107
6.24783
6.25636
6.25209
6.24399
6.25196
6.25189
6.25418
6.25585
6.25643
6.24032
6.24871
6.23752
6.23978
6.24609
6.23584
6.23418
6.22856
6.237
6.22453
6.23378
6.22969
6.23591
6.23145
6.2368
6.23851
6.23843
6.2377
6.23817
6.23775
6.23813
6.2388
6.2389
6.23993
6.23785
6.23744
6.23864
6.25361
6.25571
6.24772
6.24133
6.25514
6.25651
6.23999
6.25301
6.24294
6.24689
6.25224
6.23224
6.2244
6.22225
6.22592
6.22558
6.2235
6.22104
6.22389
6.22088
6.22385
6.22154
6.22364
6.23033
6.22068
6.23762
6.23224
6.23248
6.23416
6.23826
6.23976
6.23177
6.23533
6.23802
6.24561
6.2487
6.25105
6.24366
6.23858
6.24015
6.24005
6.23919
6.23838
6.23617
6.23138
6.23965
6.24617
6.25401
6.25296
6.24627
6.2489
6.24331
6.24147
6.24645
6.23841
6.25015
6.23344
6.24862
6.24684
6.24937
6.22949
6.22282
6.22541
6.2289
6.22609
6.2276
6.2341
6.23007
6.22468
6.22885
6.23091
6.22788
6.22513
6.25634
6.25154
6.25473
6.25604
6.25405
6.26101
6.25412
6.25688
6.23207
6.25724
6.25303
6.25519
6.24035
6.23609
6.26086
6.2551
6.24504
6.25154
6.23858
6.23786
6.24459
6.24579
6.23957
6.24327
6.24663
6.2465
6.23115
6.23092
6.23082
6.23181
6.22493
6.23317
6.23368
6.22126
6.22245
6.22027
6.21969
6.22176
6.22946
6.23243
6.23018
6.22799
6.22163
6.23189
6.23691
6.23839
6.23562
6.24181
6.23093
6.23041
6.24859
6.24913
6.24611
6.25627
6.26209
6.24934
6.24273
6.25666
6.26119
6.24899
6.2599
6.25325
6.24721
6.22478
6.22082
6.22892
6.21994
6.22744
6.23122
6.24402
6.23704
6.22851
6.24372
6.23578
6.24431
6.23282
6.23924
6.23217
6.23518
6.23414
6.24058
6.24012
6.2348
6.23937
6.23339
6.23562
6.24645
6.246
6.23954
6.23818
6.23445
6.23839
6.24308
6.24135
6.24523
6.24269
6.25688
6.24938
6.25429
6.24621
6.24921
6.25189
6.25273
6.24698
6.23768
6.23335
6.24003
6.25038
6.24356
6.25097
6.22756
6.22798
6.22863
6.22259
6.23583
6.2326
6.23017
6.2178
6.22973
6.23414
6.23493
6.2331
6.22678
6.2266
6.23655
6.22737
6.23111
6.22586
6.24338
6.23449
6.24624
6.23356
6.24269
6.24839
6.25499
6.25733
6.24245
6.24369
6.24271
6.2503
6.24776
6.24557
6.24397
6.24686
6.24493
6.2446
6.24829
6.24622
6.24737
6.24667
6.2429
6.22934
6.2285
6.228
6.22825
6.23206
6.23876
6.24441
6.23615
6.24221
6.23337
6.23326
6.23139
6.23382
6.23112
6.2363
6.23031
6.22988
6.23664
6.23687
6.23441
6.23387
6.23339
6.23443
6.23378
6.23499
6.2407
6.25022
6.24575
6.24006
6.23996
6.24704
6.24682
6.24652
6.24571
6.23339
6.23243
6.23634
6.23639
6.23624
6.2353
6.24838
6.22881
6.23758
6.25409
6.26101
6.2505
6.25075
6.2472
6.24862
6.25072
6.25012
6.21952
6.22431
6.22146
6.22226
6.21721
6.22212
6.22105
6.22696
6.2304
6.23505
6.23125
6.23479
6.2314
6.22792
6.22561
6.22769
6.23182
6.23483
6.22817
6.23258
6.22878
6.2284
6.22651
6.22519
6.22577
6.22971
6.23238
6.22563
6.23222
6.24414
6.25515
6.25381
6.25817
6.23385
6.2351
6.23435
6.25185
6.25041
6.23538
6.24987
6.25395
6.25985
6.25739
6.25396
6.2482
6.23648
6.2291
6.22871
6.2375
6.22896
6.23363
6.2274
6.22081
6.2288
6.243
6.24566
6.2423
6.23154
6.22935
6.22978
6.24064
6.22946
6.23177
6.23438
6.23795
6.24041
6.22534
6.24368
6.24295
6.23988
6.23305
6.24051
6.24161
6.23889
6.23783
6.2328
6.23315
6.23596
6.23406
6.23123
6.2236
6.22758
6.22511
6.22566
6.22872
6.22821
6.23287
6.23141
6.23754
6.23423
6.23455
6.23679
6.2315
6.23096
6.2383
6.24654
6.24079
6.25
6.2428
6.24826
6.24579
6.24408
6.24685
6.24603
6.24459
6.24741
6.26369
6.25433
6.25374
6.26477
6.2547
6.25238
6.24963
6.25101
6.23395
6.23057
6.23049
6.22985
6.22583
6.23286
6.22939
6.2253
6.22662
6.22439
6.22208
6.22033
6.22558
6.22984
6.22992
6.2409
6.23394
6.23941
6.23306
6.22958
6.22822
6.22972
6.231
6.23113
6.22476
6.23059
6.2267
6.22657
6.2272
6.23469
6.25219
6.22716
6.24373
6.23941
6.23678
6.24742
6.24954
6.25335
6.25702
6.25532
6.24543
6.23503
6.24236
6.23662
6.24493
6.23768
6.238
6.23729
6.23777
6.25616
6.2603
6.25512
6.26119
6.26025
6.25044
6.2411
6.25876
6.25591
6.23313
6.26214
6.26339
6.2541
6.26467
6.25794
6.25732
6.25876
6.25488
6.25324
6.25553
6.24466
6.25274
6.25682
6.25033
6.25699
6.25569
6.2657
6.25646
6.22562
6.22451
6.22419
6.22555
6.22769
6.22574
6.22789
6.22561
6.22489
6.22448
6.22539
6.2259
6.22573
6.22361
6.22469
6.22211
6.22493
6.22526
6.23769
6.2175
6.22444
6.22324
6.22609
6.22632
6.22757
6.22744
6.23439
6.22507
6.22379
6.22771
6.23969
6.23921
6.23733
6.22537
6.22661
6.22717
6.22997
6.23004
6.2273
6.22657
6.22944
6.2321
6.23678
6.2365
6.23613
6.26227
6.25867
6.25938
6.255
6.25394
6.25403
6.24483
6.246
6.25138
6.25308
6.25559
6.25055
6.2327
6.23571
6.22825
6.22827
6.2348
6.22831
6.23904
6.23928
6.23898
6.24189
6.23495
6.2272
6.2304
6.23275
6.23332
6.23165
6.22938
6.22962
6.2279
6.22718
6.22757
6.23011
6.22717
6.22846
6.22807
6.2296
6.25305
6.25794
6.2583
6.25844
6.25791
6.25158
6.23032
6.22746
6.22936
6.23291
6.22713
6.22847
6.22862
6.23268
6.23697
6.2288
6.22883
6.22799
6.23485
6.23397
6.23838
6.2392
6.23221
6.22813
6.23219
6.23006
6.23059
6.23191
6.22788
6.23132
6.23246
6.25622
6.25703
6.25984
6.26251
6.26217
6.25992
6.23987
6.22963
6.24278
6.24494
6.24019
6.23517
6.23251
6.23115
6.23829
6.24905
6.2469
6.24179
6.23673
6.23767
6.23721
6.23831
6.22583
6.22903
6.23797
6.22606
6.22638
6.22322
6.22415
6.22703
6.22452
6.22923
6.23034
6.22778
6.23018
6.22733
6.22408
6.22225
6.22279
6.22428
6.22647
6.22419
6.22524
6.22428
6.226
6.2242
6.22656
6.22627
6.22636
6.22649
6.22561
6.22704
6.22485
6.22626
6.22697
6.22509
6.22557
6.22683
6.22796
6.22564
6.22919
6.22597
6.23192
6.22643
6.24331
6.24953
6.23075
6.23014
6.24182
6.23266
6.23083
6.23322
6.23558
6.22512
6.22552
6.23017
6.23689
6.23503
6.22566
6.22534
6.22425
6.22778
6.22793
6.22582
6.22862
6.22768
6.22723
6.22583
6.22708
6.2238
6.22903
6.22593
6.2263
6.22572
6.22934
6.22603
6.22617
6.22503
6.23028
6.23145
6.23098
6.23162
6.22564
6.22825
6.22464
6.22685
6.22564
6.22418
6.22497
6.2263
6.22881
6.22657
6.22756
6.22496
6.22826
6.22841
6.2313
6.22567
6.23285
6.23473
6.23737
6.2502
6.25165
6.25325
6.22576
6.23104
6.22679
6.23088
6.23701
6.24105
6.2292
6.23246
6.25764
6.26369
6.25178
6.26022
6.25616
6.238
6.234
6.22712
6.23537
6.22978
6.23477
6.24533
6.26301
6.27124
6.2144
6.25788
6.26155
6.26379
6.25604
6.25039
6.27594
6.25634
6.25565
6.23063
6.26626
6.26055
6.23229
6.24465
6.25514
6.25305
6.21262
6.26268
6.25497
6.25302
6.25634
6.2566
6.25567
6.25464
6.25623
6.25589
6.25573
6.25636
6.25571
6.25201
6.25189
6.25544
6.20549
6.25215
6.25238
6.25168
6.2601
6.25256
6.2527
6.24213
6.25591
6.25581
6.25264
6.2544
6.25576
6.25305
6.25575
6.25094
6.25099
6.2529
6.25538
6.24546
6.25526
6.2612
6.25421
6.25466
6.25474
6.25484
6.25452
6.2541
6.2554
6.25698
6.2564
6.25594
6.25552
6.25597
6.25605
6.25602
6.25698
6.26158
6.25579
6.2572
6.2552
6.25463
6.25602
6.25332
6.25563
6.25538
6.25544
6.25518
6.25682
6.25552
6.25527
6.24869
6.25477
6.25633
6.25752
6.25774
6.26309
6.25373
6.25827
6.26753
6.26208
6.26186
6.25798
6.26178
6.25976
6.24493
6.25019
6.26061
6.25969
6.25066
6.25987
6.26807
6.25592
6.25727
6.27007
6.26876
6.25829
6.25711
6.26625
6.26256
6.25956
6.25122
6.25548
6.25622
6.25602
6.25766
6.25505
6.25699
6.25604
6.27336
6.2576
6.25404
6.26743
6.25863
6.25602
6.2564
6.25879
6.24179
6.21787
6.23468
6.22161
6.23568
6.27476
6.26699
6.26368
6.25701
6.25582
6.26419
6.25125
6.25241
6.25182
6.26009
6.25286
6.25013
6.25585
6.25261
6.24406
6.25493
6.25044
6.25237
6.25264
6.25271
6.24485
6.25285
6.25583
6.25764
6.25727
6.26783
6.25935
6.25163
6.25961
6.25503
6.25509
6.25556
6.25553
6.2555
6.25505
6.25515
6.25532
6.25606
6.25546
6.25591
6.25561
6.25657
6.25578
6.25477
6.25602
6.25628
6.25799
6.25569
6.24596
6.24185
6.24563
6.251
6.25286
6.24941
6.25282
6.26162
6.25687
6.25692
6.25618
6.2537
6.25449
6.25446
6.25541
6.25532
6.25673
6.25495
6.25643
6.25404
6.25576
6.25586
6.25595
6.25768
6.25587
6.25609
6.25524
6.25548
6.25573
6.25787
6.25824
6.2558
6.25766
6.25608
6.256
6.25528
6.25643
6.25797
6.25706
6.25652
6.25858
6.25758
6.25679
6.25666
6.25705
6.26458
6.2586
6.26901
6.26808
6.26218
6.25153
6.25577
6.25638
6.25539
6.25589
6.2563
6.25705
6.25712
6.25663
6.25599
6.26209
6.25919
6.2548
6.256
6.25663
6.26525
6.25428
6.25777
6.25511
6.25601
6.25595
6.25525
6.25487
6.25405
6.25592
6.25406
6.25581
6.25394
6.25687
6.2598
6.2574
6.2574
6.2571
6.25686
6.25975
6.25743
6.25672
6.2607
6.2542
6.26005
6.25872
6.25804
6.25987
6.25811
6.25898
6.25348
6.2567
6.25615
6.25465
6.25517
6.25622
6.25556
6.2531
6.25183
6.25151
6.25078
6.25011
6.24989
6.25051
6.24566
6.24952
6.2545
6.23914
6.24165
6.25531
6.26082
6.25051
6.24264
6.24596
6.24986
6.24795
6.24487
6.23832
6.24592
6.25304
6.25299
6.2551
6.25191
6.25572
6.25413
6.25427
6.25559
6.25816
6.25578
6.25625
6.25531
6.25626
6.25668
6.25658
6.25686
6.25656
6.2581
6.25493
6.25623
6.25771
6.25528
6.25797
6.25961
6.25942
6.26801
6.25358
6.25748
6.26141
6.2548
6.25718
6.25596
6.25866
6.26372
6.25489
6.26375
6.26607
6.26064
6.25885
6.2558
6.255
6.25586
6.2564
6.25621
6.26191
6.25859
6.25817
6.25631
6.256
6.25791
6.2602
6.25303
6.25819
6.25666
6.25583
6.25624
6.25681
6.2563
6.25373
6.25703
6.25581
6.25105
6.25174
6.2513
6.25207
6.25121
6.25004
6.24932
6.24865
6.24808
6.25382
6.2464
6.25277
6.25398
6.25598
6.25414
6.25107
6.25246
6.25105
6.2546
6.25835
6.25404
6.25663
6.25298
6.25474
6.25181
6.25409
6.25703
6.25302
6.25592
6.25361
6.25173
6.25202
6.25465
6.25157
6.25471
6.25663
6.25535
6.25637
6.25499
6.24966
6.25624
6.25494
6.25544
6.25607
6.2609
6.25604
6.25587
6.25591
6.2562
6.25605
6.25564
6.25549
6.25595
6.25547
6.25543
6.25617
6.25611
6.25706
6.25483
6.25479
6.25529
6.256
6.25536
6.25617
6.25607
6.25636
6.25595
6.25617
6.25456
6.25463
6.25601
6.25515
6.25522
6.2558
6.25676
6.25476
6.25242
6.25286
6.25292
6.25509
6.25744
6.25387
6.25332
6.25573
6.25558
6.25526
6.25741
6.2552
6.25707
6.25481
6.25551
6.25457
6.25446
6.2557
6.24962
6.25791
6.25671
6.25716
6.25526
6.25611
6.256
6.25617
6.25687
6.25413
6.25407
6.25476
6.25613
6.25741
6.25636
6.25421
6.25893
6.25423
6.25621
6.25662
6.25635
6.25652
6.25597
6.25553
6.25649
6.25583
6.25857
6.25657
6.25536
6.2564
6.25688
6.26169
6.25704
6.25596
6.25516
6.25507
6.25153
6.25369
6.24934
6.25332
6.25364
6.25282
6.25298
6.25467
6.25427
6.25266
6.25371
6.25658
6.26038
6.25892
6.2595
6.26095
6.25828
6.25633
6.25607
6.25589
6.25607
6.25602
6.25587
6.256
6.25595
6.25628
6.25553
6.25578
6.25569
6.25591
6.25595
6.25598
6.25596
6.25484
6.25578
6.2558
6.25571
6.25566
6.25607
6.25588
6.25506
6.25569
6.25597
6.25456
6.25556
6.25627
6.25608
6.25507
6.25499
6.25514
6.25523
6.25424
6.25519
6.25497
6.25483
6.25469
6.25512
6.25532
6.25519
6.2554
6.25521
6.25332
6.25504
6.25635
6.25623
6.25607
6.25575
6.25462
6.25706
6.25567
6.25529
6.25389
6.25557
6.25576
6.25538
6.25555
6.25542
6.25508
6.25564
6.25687
6.2548
6.2555
6.25543
6.25541
6.25511
6.25587
6.25586
6.25541
6.25615
6.25514
6.25507
6.25574
6.25649
6.25656
6.25633
6.25556
6.25589
6.25601
6.25612
6.25565
6.25637
6.25641
6.25625
6.25511
6.25547
6.25539
6.25604
6.25564
6.2562
6.25539
6.25575
6.25508
6.2559
6.25597
6.25599
6.25552
6.25546
6.25531
6.2552
6.25552
6.25591
6.25601
6.2556
6.25572
6.25591
6.25532
6.25579
6.2552
6.25566
6.2558
6.25578
6.25585
6.25576
6.25571
6.25526
6.25534
6.25558
6.25558
6.25559
6.25555
6.25572
6.25542
6.25572
6.25531
6.2555
6.25558
6.25548
6.25547
6.25552
3.47778
4.81103
3.9201
3.96036
4.64871
4.59491
4.5935
3.32496
2.65013
4.62239
3.88762
2.98228
3.22338
3.42477
1.06474
6.25392
6.25089
6.25176
6.24857
6.24815
6.24575
6.24537
6.26159
6.25757
6.25968
6.25899
6.25531
6.25061
6.26011
6.2561
6.25846
6.25003
6.25808
6.24903
6.24735
6.25519
6.25718
6.2553
6.25325
6.25264
6.24975
6.2534
6.26115
6.25952
6.26134
6.25617
6.25556
6.25635
6.25599
6.25578
6.25564
6.25589
6.25565
6.25576
6.2317
6.2366
6.23032
6.25159
6.25227
6.24242
6.24958
6.01961
6.14055
5.72001
6.02828
3.48988
3.79091
3.6464
5.88067
2.61159
5.83535
5.13582
5.06706
5.60874
6.16832
6.18837
5.91489
5.51672
5.58337
3.20776
5.21265
3.85209
4.69257
6.14452
6.15398
6.09738
6.1517
6.15758
6.0665
5.12178
3.43336
6.13145
6.20004
6.07357
6.17971
5.21787
6.15366
6.21233
3.05444
5.36184
4.01012
6.0139
6.10036
6.16332
6.13773
3.73811
4.90863
3.4768
4.10569
5.67826
4.70919
4.92254
6.1524
6.06618
6.13164
6.1412
5.98046
6.02926
6.0656
6.14099
6.17032
5.96842
5.42933
6.24492
6.27183
6.26315
6.24514
6.24374
6.23569
6.23688
6.26289
6.24701
6.27031
6.22752
6.22402
6.23325
6.24539
6.23562
6.24167
6.22207
6.24691
6.24489
6.24164
6.22903
6.24556
6.25522
6.25557
6.25587
6.25569
6.25573
6.25513
6.25542
6.25567
6.25731
6.25464
6.25566
6.25564
6.25557
6.25584
6.25583
6.25533
6.2558
6.25542
6.2556
6.2557
6.25562
6.25486
6.2557
6.25592
6.25663
6.25538
6.25696
6.25549
6.25501
6.25683
6.25498
6.25236
6.2563
6.25763
6.2552
6.25556
6.24406
6.25345
6.24854
6.25143
6.24131
6.25615
6.25552
6.25633
6.25582
6.256
6.25555
6.25524
6.25589
6.25548
6.25595
6.25617
6.2555
6.25524
6.25594
6.25531
6.26174
6.25858
6.25863
6.25334
6.25476
6.25658
6.27644
6.26299
6.25251
6.24595
6.27713
6.25677
6.25869
6.25548
6.28592
6.24343
6.25308
6.24103
6.26008
6.25664
6.25455
6.24774
6.25415
6.25748
6.2535
6.25702
6.25459
6.25555
6.2555
6.25543
6.25591
6.25563
6.25568
6.25632
6.25683
6.25777
6.25535
6.2537
6.25415
6.25419
6.25511
6.25482
6.25516
6.25747
6.24717
6.25931
6.23083
6.22429
6.22757
6.21854
6.23206
6.2242
6.22606
6.22896
6.21967
6.23
6.22957
6.22921
6.22773
6.2245
6.24281
6.24306
6.22936
6.22936
6.23724
6.242
6.23198
6.2296
6.22884
6.24028
6.24469
6.22782
6.24976
6.24366
6.22668
6.22741
6.21709
6.22739
6.23096
6.23343
6.21886
6.2287
6.22919
6.2511
6.25346
6.24682
6.26721
6.23647
6.24647
6.28048
6.27634
6.26216
6.2867
6.28246
6.24091
6.28107
6.27349
6.25531
6.27404
6.29701
6.25608
6.29271
6.22982
6.23363
6.24837
6.23247
6.25164
6.2543
6.25151
6.24517
6.23029
6.23378
6.23196
6.25659
6.2587
6.25304
6.25581
6.25092
6.24621
6.24083
6.24265
6.25618
6.24662
6.24315
6.25779
6.24894
3.18711
6.17751
6.19061
6.19117
6.22029
6.23543
6.16983
6.23072
6.22176
6.18326
6.19985
6.19369
6.21445
6.19029
3.30451
6.20408
6.16844
3.21772
5.06793
4.35741
6.19015
6.20638
6.2507
6.25714
6.2544
6.23858
6.10878
5.84998
6.07869
6.11398
4.40418
5.58568
3.08971
3.71717
3.51869
3.22994
6.28026
6.26489
6.27059
6.23964
6.26067
6.23579
6.25051
6.23502
6.26323
6.2731
6.23089
6.23257
6.27302
6.21381
6.20473
6.2377
6.21212
6.19742
6.23246
6.24306
6.25312
6.25756
6.24572
6.24421
6.23252
6.23735
6.23223
6.23219
6.22657
6.22976
6.2303
6.25785
6.22976
6.2305
6.24845
6.23079
6.24253
6.2282
6.22673
6.23284
6.24836
6.22793
6.25063
6.23573
6.22725
6.22587
6.20251
6.18605
6.20844
6.15255
6.21344
6.22078
6.19823
6.22693
6.22567
6.22143
6.219
6.23465
6.24265
6.17879
6.21561
6.20496
6.28649
6.2837
6.28105
6.25573
6.29798
6.28588
6.28065
6.27626
6.29772
3.05725
6.20264
6.21684
6.2297
6.17481
6.22974
6.22338
6.23596
6.23117
6.23935
6.23753
6.23583
6.23202
6.22713
6.23348
6.07687
3.24668
5.90743
5.80106
6.25061
6.24235
6.24002
6.23243
6.2147
6.22988
6.247
6.2447
6.24148
6.24598
6.24598
6.24899
6.24086
6.22374
6.21747
6.22496
6.20505
6.20312
6.20614
6.17582
6.20802
6.20668
6.20774
6.19433
6.17878
6.24886
6.24639
6.24798
6.24846
6.22257
6.22947
6.21824
6.21912
6.22288
6.22019
6.20424
5.85037
6.20762
6.0692
6.12887
6.13547
3.22074
6.22295
6.20559
6.23054
6.22356
6.15946
6.1935
6.19082
6.16444
6.18405
3.08014
5.9391
6.1997
5.98898
6.05935
6.11093
2.83991
5.25592
5.44665
5.23096
3.11083
5.65803
6.21771
6.21148
6.22768
6.18285
6.20777
6.23056
6.24227
6.24222
6.23948
6.24477
6.23459
6.22319
6.21566
6.23063
6.23066
6.22361
6.23329
6.22036
6.27514
6.24601
6.23207
6.24302
6.23074
6.27303
6.26357
6.22551
6.22886
6.29372
6.28667
6.28495
6.24379
6.23813
6.24182
6.22097
6.2191
6.21872
6.23432
6.25514
6.26076
6.22837
6.24397
6.25953
6.23951
6.25719
6.25177
6.25786
6.30235
6.30815
6.28939
6.25382
6.2989
6.28816
6.30452
6.28233
6.27456
6.23826
6.22739
6.24213
6.23408
6.25419
6.23224
6.23418
6.23679
6.23213
6.25472
6.26606
6.25369
6.24705
6.22829
6.22616
6.22656
6.22793
6.22343
6.22465
6.26904
6.26792
6.26078
6.25675
6.24961
6.25062
6.25312
6.24038
6.23525
6.25638
6.2453
6.21216
3.75508
3.18082
3.91692
3.5693
4.19722
3.33339
3.94058
4.96494
3.72739
4.92275
5.65913
5.58243
3.19936
3.47132
6.06791
3.21261
3.40446
3.87787
4.13678
2.64486
6.18426
3.24516
3.86858
3.22857
4.67748
4.81232
4.18398
3.60305
5.02466
3.29465
4.47581
3.38784
3.7043
5.67297
5.31814
5.46759
5.55557
2.16559
5.44348
4.93115
3.25226
4.34347
3.88441
3.57845
3.40188
3.90694
4.18855
3.93942
3.10877
3.52427
2.24639
3.53141
3.63938
3.38506
3.27673
3.72536
4.63796
3.8795
3.05434
3.262
6.10853
4.05407
3.54681
3.33215
4.21784
3.46949
4.1438
0.783542
3.9023
4.62887
4.88184
3.94434
4.01092
2.57263
3.49187
4.63687
5.00971
3.65908
4.44382
3.81614
3.12202
3.40952
3.0295
3.35866
4.40858
3.09018
2.19087
3.39609
4.60548
3.3584
5.40772
5.48398
4.5259
3.5092
3.48138
5.55211
3.8562
5.77117
6.20186
6.22101
6.17927
6.18035
6.17346
6.23725
6.23433
6.23917
6.23335
6.23634
6.23803
6.23124
6.14688
6.17096
6.19161
6.11799
6.13664
6.14246
6.09904
6.11497
5.72202
5.62951
6.22988
6.2162
6.24203
6.18644
6.17673
6.1134
4.38241
6.11464
6.27701
6.28862
6.22892
6.22959
6.30458
6.24494
6.22261
6.22284
6.01157
6.1207
6.11362
6.14328
6.11932
5.83998
3.50833
4.13479
3.45581
5.93514
6.00132
4.01166
4.3031
3.48829
3.5111
5.86506
5.7656
5.79554
5.58506
3.65242
5.9672
6.00143
3.49085
5.81657
5.93818
5.9593
5.27303
6.08809
6.18523
5.97253
6.10151
5.97218
6.10505
5.80388
5.89374
5.85961
3.23058
4.18904
4.05733
4.85234
5.71773
5.4109
3.82966
4.43422
5.28191
3.03914
5.8974
5.92315
4.9703
4.09378
5.37297
5.64119
5.89273
6.03681
5.94295
5.97479
5.82985
5.14159
5.48631
5.80587
6.10696
6.14875
4.90206
4.00222
3.57254
5.83103
5.90745
5.64191
5.81362
3.73203
5.97257
5.14489
5.59403
5.51428
5.9085
5.82974
5.14312
5.35852
4.80983
4.08036
5.51084
5.44255
5.54884
5.36945
4.70399
5.15655
4.21206
5.78229
6.06942
6.07144
4.40464
5.0571
5.85785
4.38713
5.98081
5.66455
5.7855
6.1229
5.89697
6.00919
6.14452
6.16286
6.07587
6.30366
6.30614
6.288
3.77635
3.75496
3.70261
3.51082
6.11122
6.04896
6.08969
6.12156
5.95282
5.68602
6.09305
5.83828
5.77031
5.89706
5.76702
5.11873
5.33537
5.38455
5.47657
5.05476
5.79302
3.85099
4.12359
5.01925
6.18893
6.1583
6.11065
6.1813
6.15913
6.14624
4.01746
4.34168
4.40683
4.35046
3.3252
4.90441
5.90361
5.69111
4.47724
3.41939
3.06741
3.04082
3.60702
5.69363
5.44935
5.99731
3.48376
4.09509
4.4544
4.4178
4.70361
3.55549
5.03233
5.21615
5.33555
6.05906
6.13132
6.12156
6.10932
6.14409
4.73785
3.95402
4.96678
3.54137
4.92006
4.41122
4.27915
3.43036
3.5567
3.99404
3.72483
3.93401
4.27342
5.31929
5.27055
5.63302
4.66616
4.30028
4.61007
4.01977
5.69126
5.92381
5.67518
5.3501
5.55368
4.1967
4.5657
5.31747
5.55007
5.11068
6.17692
6.12112
6.13784
6.13728
6.14695
6.16839
5.98477
5.64892
5.06913
4.02859
4.35361
3.47368
3.65914
4.35596
5.59278
5.64489
5.57534
6.16985
6.1828
6.19713
6.15671
6.16888
6.19448
6.18164
6.18499
6.23668
6.21268
6.21738
6.21998
6.22502
6.22901
6.20129
6.21563
6.19523
4.4642
5.66393
5.71503
5.50634
5.03551
5.0359
4.25939
3.12872
3.8975
4.20691
3.71901
3.67066
3.5369
3.25184
5.86275
5.19596
5.74083
5.62046
5.71699
6.19055
6.2425
6.23188
6.20539
6.22074
6.23293
6.23173
6.23211
6.21711
6.21681
6.21747
6.29687
6.29388
6.28022
6.28699
6.29492
6.28432
6.27189
6.2247
6.22833
6.22545
5.93246
5.17875
4.65979
5.38804
5.19581
4.85338
5.3094
4.9721
5.17381
4.42036
4.44986
4.1403
3.92909
6.2533
6.25473
6.25486
6.25485
6.25514
6.25555
6.25554
6.25529
6.25551
6.25559
6.25551
6.25543
6.25507
6.25544
6.25529
6.25446
6.25386
6.2547
6.25462
6.25535
6.25536
6.25468
6.25423
6.25492
6.25501
6.25463
6.25428
6.25459
6.255
6.2553
6.25531
6.2557
6.25554
6.25599
6.2556
6.25543
6.2559
6.25524
6.25554
6.25544
6.25537
6.25518
6.2556
6.25536
6.25592
6.25563
6.25541
6.25515
6.25556
6.25447
6.25468
6.25461
6.25289
6.25438
6.25478
6.25542
6.25512
6.25584
6.25608
6.25512
6.25573
6.25556
6.25614
6.25624
6.2556
6.25397
6.25235
6.24966
6.25498
6.25538
6.25531
6.25563
6.25447
6.25463
6.25553
6.25517
6.25481
6.2562
6.25712
6.25538
6.25936
6.2575
6.25573
6.25558
6.25574
6.25582
6.25561
6.25552
6.256
6.25589
6.25646
6.25593
6.25606
6.2559
6.25588
6.25478
6.25525
6.25541
6.25545
6.25498
6.23639
6.25237
6.2526
6.24967
6.25392
6.25152
6.25292
6.25216
6.25136
6.246
6.24623
6.25215
6.25023
6.2551
6.25101
6.254
6.24962
6.25437
6.25342
6.25311
6.2543
6.25414
6.25284
6.25474
6.25246
6.25257
6.25486
6.25441
6.25372
6.25402
6.25644
6.25662
6.2541
6.25114
6.25364
6.25469
6.25244
6.25289
6.25436
6.25506
6.25437
6.25901
6.25633
6.26012
6.25651
6.24256
6.25098
6.24975
6.25436
6.24766
6.24788
6.253
6.25404
6.25528
6.24899
6.24943
6.25145
6.25654
6.25883
6.25896
6.2575
6.25621
6.25349
6.25491
6.25527
6.2551
6.25454
6.25513
6.25517
6.25506
6.25466
6.25445
6.2553
6.25526
6.2544
6.25505
6.25522
6.25482
6.25458
6.25519
6.25533
6.25492
6.2537
6.25637
6.257
6.26116
6.25187
6.25472
6.25421
6.24821
6.25248
6.26741
6.22705
6.22688
6.22505
6.22786
6.24689
6.24501
6.23899
6.23825
6.22779
6.22958
6.22673
6.23803
6.22821
6.22712
6.22392
6.22664
6.23689
6.22401
6.2282
6.22674
6.22887
6.23664
6.23751
6.22506
6.22593
6.23987
6.24325
6.22962
6.24803
6.25315
6.246
6.22584
6.23678
6.25614
6.22571
6.22857
6.23666
6.25033
6.23045
6.22865
6.23101
6.22209
6.23006
6.22795
6.21627
6.23841
6.23759
6.22148
6.2283
6.22439
6.22293
6.22246
6.22272
6.23132
6.22341
6.22254
6.22824
6.23115
6.22349
6.23022
6.22118
6.22944
6.22223
6.22241
6.22259
6.22194
6.22339
6.22427
6.2249
6.22929
6.2332
6.2333
6.22364
6.23065
6.2236
6.23664
6.22423
6.22337
6.22188
6.23059
6.22882
6.25209
6.23953
6.25257
6.2422
6.25908
6.24786
6.2478
6.24849
6.24807
6.23332
6.22494
6.22605
6.23196
6.22056
6.22886
6.22856
6.23295
6.22306
6.223
6.22162
6.22342
6.22279
6.23145
6.23252
6.22911
6.22298
6.23896
6.23485
6.25752
6.25579
6.23376
6.23143
6.23289
6.24652
6.24146
6.23882
6.22311
6.22584
6.22581
6.23202
6.24767
6.22916
6.22389
6.23871
6.23396
6.23345
6.22796
6.22493
6.22905
6.22729
6.22538
6.22606
6.25239
6.24682
6.2236
6.22782
6.23548
6.22988
6.24991
6.23311
6.23242
6.22268
6.22225
6.22199
6.22237
6.22958
6.22333
6.23139
6.2422
6.24602
6.25756
6.2524
6.24345
6.24061
6.24968
6.25458
6.23338
6.25213
6.24842
6.24514
6.22026
6.21962
6.2214
6.22231
6.21993
6.22263
6.22262
6.22862
6.24105
6.2361
6.2202
6.2287
6.22984
6.22772
6.22654
6.22732
6.23741
6.23322
6.23903
6.23018
6.24442
6.24126
6.24677
6.25335
6.25247
6.24747
6.24448
6.2394
6.22257
6.22117
6.22435
6.22353
6.22337
6.23473
6.23323
6.24626
6.25162
6.25428
6.23105
6.25188
6.24759
6.24643
6.25056
6.24136
6.23346
6.25108
6.24892
6.24558
6.24645
6.24296
6.24911
6.23767
6.23423
6.22075
6.2276
6.22319
6.22754
6.23377
6.23349
6.2312
6.22768
6.23245
6.23071
6.2383
6.24203
6.23543
6.23254
6.24506
6.24362
6.24628
6.24288
6.24557
6.24689
6.24087
6.244
6.2459
6.24019
6.23665
6.24902
6.25565
6.2285
6.22632
6.22911
6.21918
6.22831
6.24453
6.23103
6.23108
6.23116
6.25041
6.22678
6.22752
6.25464
6.24265
6.22225
6.22519
6.22542
6.22748
6.22508
6.22393
6.223
6.22409
6.24366
6.2278
6.23603
6.23154
6.23208
6.22699
6.22788
6.22535
6.22592
6.22708
6.22562
6.22686
6.22035
6.218
6.22709
6.22343
6.22451
6.22523
6.22494
6.22464
6.22244
6.22604
6.22403
6.22448
6.22598
6.22636
6.24613
6.24857
6.2332
6.21994
6.2273
6.22762
6.22541
6.22297
6.22893
6.22675
6.22817
6.23093
6.23951
6.23719
6.23261
6.24523
6.24306
6.23819
6.23186
6.22665
6.22978
6.22978
6.22952
6.22978
6.23343
6.23532
6.2284
6.22587
6.2294
6.2296
6.22939
6.22677
6.22722
6.22577
6.22604
6.22675
6.22747
6.2271
6.25166
6.25301
6.24794
6.24203
6.22103
6.22482
6.22195
6.22954
6.22291
6.22218
6.21901
6.22137
6.24981
6.2461
6.24916
6.25201
6.2443
6.24373
6.24538
6.21921
6.2195
6.22133
6.22236
6.21531
6.22295
6.22476
6.2304
6.21597
6.22974
6.23686
6.22765
6.21489
6.22849
6.24417
6.24003
6.23561
6.24607
6.23135
6.2472
6.22306
6.23555
6.23573
6.22253
6.22349
6.21908
6.22814
6.22579
6.22409
6.23129
6.22467
6.22575
6.21613
6.22425
6.22188
6.25121
6.23492
6.25005
6.24097
6.23194
6.23844
6.23336
6.23607
6.2422
6.23968
6.23223
6.23221
6.22896
6.23225
6.22386
6.22026
6.22469
6.2328
6.23292
6.22564
6.22835
6.22457
6.23328
6.22531
6.23422
6.24017
6.22704
6.22121
6.24197
6.24184
6.22566
6.23056
6.22994
6.23283
6.2298
6.23593
6.2362
6.25279
6.23495
6.25493
6.24812
6.24431
6.25158
6.25043
6.25403
6.24863
6.23057
6.23135
6.23169
6.23641
6.2483
6.22565
6.22833
6.2286
6.22335
6.22739
6.23249
6.23195
6.22209
6.22694
6.22941
6.22601
6.22482
6.22063
6.22315
6.22534
6.22576
6.22711
6.22095
6.22439
6.21966
6.22024
6.24406
6.241
6.24576
6.239
6.24112
6.24321
6.24349
6.24264
6.24311
6.23982
6.24438
6.24123
6.24329
6.24563
6.24086
6.24423
6.24231
6.24488
6.24449
6.24497
6.24344
6.24362
6.24175
6.24294
6.24491
6.24518
6.24428
6.24869
6.24797
6.25016
6.2371
6.22859
6.23582
6.24553
6.23821
6.23392
6.23374
6.24466
6.24758
6.23757
6.24202
6.24245
6.24985
6.24895
6.24969
6.25049
6.25447
6.23428
6.22932
6.2267
6.23532
6.2285
6.23984
6.22959
6.23492
6.23022
6.23089
6.22996
6.23047
6.23648
6.2355
6.22714
6.22597
6.23541
6.22834
6.23071
6.24075
6.24319
6.24017
6.22567
6.22758
6.24686
6.23147
6.24938
6.2394
6.24062
6.25083
6.24432
6.24798
6.24123
6.24995
6.2544
6.24368
6.24206
6.26132
6.23652
6.23975
6.24956
6.24721
6.23544
6.23168
6.23856
6.24464
6.23178
6.23671
6.23746
6.2294
6.23447
6.22657
6.22756
6.22813
6.22688
6.2258
6.22891
6.22729
6.22924
6.22621
6.22326
6.22587
6.23575
6.2265
6.23633
6.22948
6.22157
6.22847
6.22236
6.22232
6.22164
6.21829
6.22153
6.21755
6.22204
6.22672
6.22433
6.21932
6.22455
6.21787
6.22321
6.21977
6.22291
6.21877
6.23624
6.23377
6.23039
6.2383
6.24248
6.23182
6.24078
6.25205
6.25143
6.24793
6.24509
6.23859
6.23637
6.24045
6.24773
6.24129
6.2464
6.24274
6.25005
6.23861
6.23762
6.24376
6.2323
6.24055
6.23964
6.23826
6.2275
6.23197
6.2377
6.23364
6.23334
6.23663
6.23612
6.22841
6.23047
6.24092
6.23231
6.24006
6.2409
6.23481
6.2308
6.232
6.23478
6.22348
6.23319
6.23503
6.23722
6.24055
6.25087
6.24625
6.22474
6.22643
6.20677
6.19293
6.24174
6.25627
6.25598
6.25079
6.2494
6.24923
6.24245
6.24655
6.23215
6.22833
6.239
6.24769
6.24618
6.24889
6.23853
6.23496
6.24126
6.23354
6.22492
6.22326
6.23722
6.22583
6.22853
6.2302
6.24497
6.23164
6.23275
6.246
6.24331
6.22707
6.23421
6.23264
6.22921
6.22711
6.22959
6.2444
6.21831
6.22953
6.2294
6.23326
6.24119
6.23918
6.24767
6.20276
6.2265
6.22058
6.23105
6.22835
6.23556
6.2417
6.2605
6.23959
6.25286
6.2423
6.22478
6.24447
6.23129
6.23327
6.21882
6.24563
6.22725
6.2204
6.23729
6.22146
6.23506
6.24196
6.24047
6.24563
6.24295
6.24608
6.24832
6.25183
6.24177
6.24081
6.24076
6.23983
6.24564
6.24731
6.25529
6.23388
6.24331
6.25232
6.24448
6.25173
6.24369
6.23778
6.24656
6.25212
6.2561
6.2379
6.24384
6.23575
6.2428
6.24211
6.24268
6.23788
6.24851
6.24927
6.24593
6.24335
6.24588
6.24903
6.24548
6.24317
6.24453
6.22089
6.22715
6.22153
6.22067
6.22785
6.22229
6.22249
6.23167
6.22379
6.23279
6.22278
6.22502
6.23071
6.2202
6.22352
6.2252
6.22367
6.22664
6.22093
6.22404
6.22293
6.23726
6.24145
6.24329
6.23695
6.24485
6.24433
6.24458
6.24472
6.23343
6.24771
6.2417
6.25085
6.22971
6.22593
6.22367
6.24812
6.23574
6.21768
6.21667
6.23041
6.24142
6.23815
6.24223
6.24934
6.24923
6.24324
6.23692
6.22852
6.23436
6.23983
6.24017
6.23095
6.2152
6.22139
6.21714
6.21092
6.21415
6.23525
6.19483
6.23379
6.21507
6.2325
6.23639
6.23455
6.25598
6.26612
6.23631
6.23751
6.23326
6.24253
6.24176
6.24136
6.24252
6.24062
6.23662
6.23965
6.24418
6.24372
6.2369
6.23802
6.23768
6.23745
6.23925
6.23521
6.23755
6.24215
6.24582
6.24569
6.23526
6.2322
6.24042
6.23555
6.24569
6.24324
6.23833
6.24625
6.24165
6.24081
6.25275
6.25324
6.24867
6.23301
6.24268
6.24676
6.23937
6.23682
6.23914
6.2259
6.23931
6.23624
6.20914
6.23595
6.23092
6.22871
6.22864
6.2257
6.22297
6.22635
6.24521
6.23563
6.25603
6.26715
6.2509
6.233
6.2113
6.23779
6.23326
6.23532
6.23111
6.22116
6.22759
6.22605
6.22313
6.22478
6.22812
6.23196
6.23269
6.23135
6.22999
6.23321
6.2263
6.2291
6.23621
6.22357
6.22187
6.24138
6.24798
6.21731
6.23271
6.23081
6.23203
6.23414
6.23583
6.23554
6.23091
6.22941
6.23091
6.23739
6.23555
6.23305
6.22857
6.22985
6.22826
6.22832
6.23178
6.22958
6.22919
6.23215
6.23063
6.23138
6.2164
6.21724
6.23597
6.23198
6.23456
6.232
6.22979
6.23038
6.22749
6.22794
6.23207
6.22952
6.22796
6.22777
6.22634
6.21657
6.22651
6.2246
6.22177
6.22318
6.22449
6.22375
6.21932
6.21989
6.22192
6.21482
6.21976
6.23483
6.23484
6.2329
6.2341
6.23524
6.2309
6.22798
6.23157
6.23519
6.23587
6.23392
6.23314
6.23501
6.23365
6.23341
6.2216
6.22472
6.22017
6.22454
6.2248
6.22584
6.22482
6.22354
6.22054
6.22545
6.22238
6.22637
6.22603
6.22493
6.22515
6.2182
6.22997
6.23238
6.2336
6.23004
6.23137
6.2374
6.23655
6.2344
6.23506
6.23453
6.23631
6.23652
6.23673
6.237
6.23721
6.23639
6.22926
6.21628
6.2328
6.23235
6.23091
6.22712
6.22644
6.23006
6.23042
6.22919
6.22942
6.23182
6.22978
6.22782
6.22729
6.22991
6.2319
6.23061
6.23297
6.23056
6.23692
6.23697
6.235
6.23213
6.2336
6.22806
6.24967
6.24377
6.23641
6.24338
6.2388
6.24826
6.23928
6.2389
6.22623
6.22586
6.2264
6.2294
6.22775
6.22972
6.25088
6.23942
6.23451
6.24213
6.22732
6.2309
6.22051
6.22256
6.23435
6.22235
6.22314
6.23065
6.22712
6.22798
6.22963
6.22593
6.22644
6.22827
6.22515
6.22599
6.22614
6.22633
6.23028
6.22709
6.22433
6.21691
6.23014
6.22778
6.22754
6.22655
6.23176
6.22656
6.22628
6.23475
6.23126
6.23271
6.23405
6.23359
6.23277
6.22939
6.22795
6.23997
6.2248
6.22594
6.22654
6.22841
6.22368
6.22599
6.2266
6.22674
6.22786
6.22457
6.22702
6.22782
6.22448
6.22432
6.22604
6.22838
6.22493
6.22645
6.22855
6.25346
6.23757
6.2432
6.24028
6.24077
6.23837
6.25349
6.25315
6.2613
6.24397
6.24164
6.2249
6.22909
6.22082
6.22245
6.22361
6.22463
6.22686
6.22536
6.22415
6.2195
6.22041
6.22319
6.22375
6.22519
6.22437
6.22345
6.22298
6.22139
6.22202
6.21988
6.21955
6.22996
6.23066
6.23127
6.22937
6.23051
6.23069
6.23833
6.2435
6.24109
6.24086
6.24755
6.24523
6.24408
6.25073
6.24776
6.24582
6.24252
6.24116
6.2503
6.24386
6.23515
6.23929
6.22885
6.23386
6.24519
6.23246
6.2278
6.22662
6.22772
6.22482
6.22338
6.2259
6.22583
6.22769
6.22476
6.22621
6.2257
6.22537
6.22643
6.22999
6.22957
6.22671
6.23014
6.2234
6.23682
6.23889
6.23099
6.2255
6.22431
6.22415
6.23623
6.22772
6.2275
6.23056
6.23108
6.22897
6.2291
6.23399
6.22593
6.23044
6.23724
6.22864
6.22582
6.23992
6.23713
6.22514
6.2264
6.22872
6.21336
6.2225
6.23092
6.23489
6.23355
6.23263
6.2332
6.23365
6.23481
6.23434
6.21822
6.21505
6.22088
6.21266
6.22863
6.22105
6.2177
6.22021
6.22175
6.22142
6.21851
6.22125
6.21963
6.21861
6.21993
6.22188
6.22238
6.22191
6.22255
6.22367
6.22235
6.22612
6.22595
6.22721
6.22463
6.22457
6.22717
6.22249
6.22549
6.22325
6.21555
6.2282
6.22739
6.22122
6.22823
6.12178
6.22114
6.22253
6.23122
6.22509
6.20886
6.19512
6.17093
6.18276
6.22189
6.2082
6.21377
6.16615
6.16924
6.18809
6.19352
6.19595
6.06446
4.77492
5.83976
6.21592
6.21162
6.21224
6.21765
6.22029
6.22008
6.2202
6.22167
6.22439
6.22362
6.22555
6.22701
6.22069
6.22217
6.21696
6.22259
6.23324
6.23676
6.23189
6.23034
6.23557
6.24548
6.21739
6.21203
6.21869
6.21326
6.21973
6.19901
6.22633
6.22136
6.24191
6.24917
6.25016
6.23535
6.23111
6.24827
6.23197
6.24515
6.25925
6.23833
6.23607
6.26906
6.25372
6.2458
6.24799
6.21965
6.23876
6.23795
6.2343
6.23784
6.22614
6.21663
6.22741
6.22708
6.22809
6.22367
6.23124
6.236
6.2264
6.22801
6.22603
6.22899
6.24335
6.23061
6.24242
6.2335
6.25276
6.23296
6.24926
6.23032
6.2415
6.23699
6.25402
6.23278
6.2359
6.23148
6.2264
6.21715
6.20942
6.22305
6.22802
6.22814
6.21335
6.23136
6.23079
6.23446
6.23219
6.23751
6.24021
6.23247
6.23214
6.2277
6.22864
6.23097
6.22871
6.22783
6.23333
6.23056
6.22527
6.23
6.23204
6.23368
6.23552
6.23637
6.22933
6.23515
6.25075
6.25433
6.2422
6.24025
6.24254
6.2411
6.22805
6.22821
6.24974
6.22435
6.22774
6.22517
6.22759
6.2275
6.22932
6.23282
6.2426
6.23204
6.23408
6.23433
6.23927
6.2465
6.23909
6.2446
6.24736
6.25149
6.24929
6.25972
6.25806
6.24872
6.24363
6.2543
6.25048
6.24328
6.23781
6.25953
6.23811
6.23679
6.2464
6.24691
6.24105
6.23273
6.24578
6.23061
6.23139
6.22778
6.23024
6.23391
6.23561
6.23498
6.22102
6.22456
6.22177
6.22634
6.22635
6.227
6.22391
6.22598
6.22612
6.22445
6.22657
6.22323
6.22552
6.2245
6.22698
6.22548
6.24318
6.24664
6.2414
6.23592
6.23559
6.25456
6.22447
6.2367
6.23837
6.2352
6.22761
6.2229
6.22361
6.22612
6.22161
6.22462
6.22414
6.22914
6.22451
6.22683
6.22799
6.22318
6.22766
6.23004
6.2209
6.24195
6.23078
6.23963
6.2471
6.23496
6.22755
6.24286
6.22909
6.22934
6.2209
6.23201
6.22103
6.23034
6.22213
6.21736
6.21624
6.2142
6.21581
6.21396
6.21237
6.21794
6.23205
6.2254
6.23261
6.22006
6.22681
6.22478
6.22863
6.2268
6.2307
6.22237
6.22521
6.2282
6.22418
6.22087
6.2228
6.218
6.22091
6.22341
6.19485
6.20398
6.20485
6.20127
6.20374
6.19738
6.20712
6.20559
6.20676
6.19679
6.21802
6.21914
6.21254
6.21814
6.21598
6.21046
6.21213
6.21181
6.22545
6.22528
6.22403
6.22733
6.22539
6.22223
6.23143
6.228
6.21652
6.22907
6.22542
6.2321
6.22622
6.22783
6.2304
6.21583
6.21048
6.21179
6.21222
6.21718
6.2194
6.21793
6.21602
6.22451
6.2257
6.21891
6.23507
6.2259
6.23359
6.22409
6.22085
6.23192
6.23032
6.24378
6.24237
6.21707
6.21829
6.21996
6.21789
6.22879
6.23256
6.22475
6.22466
6.2194
6.22826
6.22304
6.2357
6.24385
6.23669
6.23594
6.23109
6.26753
6.25478
6.25686
6.2334
6.21902
6.208
6.2106
6.25559
6.25008
6.23941
6.25898
6.25448
6.25676
6.23877
6.2397
6.26868
6.2728
6.24161
6.24258
6.24124
6.23043
6.23142
6.22901
6.22275
6.22558
6.22452
6.22442
6.22447
6.22403
6.2214
6.22337
6.22522
6.22007
6.22359
6.21989
6.21954
6.22
6.22114
6.22785
6.22491
6.21974
6.21823
6.2086
6.22145
6.22606
6.20349
6.1871
6.21197
6.20186
6.20926
6.20999
6.21347
6.23871
6.23725
6.23866
6.21599
6.14586
6.13497
6.12596
5.8499
6.16288
6.10767
6.15086
6.14326
6.11097
5.14721
6.17551
6.20803
6.18807
6.2232
6.21857
6.23477
6.2283
6.23445
6.17214
6.19045
6.17016
4.68356
5.26623
6.21986
6.22669
6.19763
6.22412
6.2053
6.15237
6.19361
6.1484
6.14034
6.16023
6.05269
6.12646
6.10714
6.11827
6.12635
6.12861
6.08268
6.23363
6.22994
6.25682
6.23719
6.22681
6.22926
6.25037
6.25976
6.23305
6.2378
6.24803
6.23766
6.23698
6.24064
6.23796
6.24687
6.22476
6.23317
6.17619
6.20854
6.21439
6.23211
6.22313
6.21511
6.21268
6.19582
6.18036
6.12856
6.05608
5.93667
6.12643
5.1852
4.87245
6.2261
6.2266
6.23131
6.22909
6.22858
6.22765
6.23215
6.23356
6.24388
6.22778
6.23693
6.23992
6.24361
6.24913
6.24677
6.2292
6.22769
6.23326
6.22976
6.23039
6.23431
6.23094
6.2344
6.23315
6.22886
6.2328
6.23635
6.22305
6.22669
6.2261
6.2357
6.24209
6.23881
6.23517
6.24635
6.2444
6.24003
6.22608
6.24478
6.23516
6.24215
6.2421
6.23997
6.23678
6.23729
6.23508
6.23892
6.2398
6.23163
6.23164
6.24164
6.24189
6.24121
6.22291
6.2287
6.22425
6.23089
6.22885
6.22881
6.22596
6.29578
6.22563
6.23101
6.22655
6.22737
6.2342
6.24542
6.2428
6.23717
6.24674
6.23961
6.23942
6.24321
6.24353
6.234
6.23828
6.23646
6.23682
6.24037
6.23823
6.23735
6.23684
6.23886
6.23468
6.23837
6.23521
6.2359
6.23703
6.23758
6.23429
6.2416
6.23965
6.22687
6.22879
6.22736
6.23376
6.23356
6.23442
6.22279
6.22364
6.22514
6.22599
6.22334
6.22889
6.21998
6.23567
6.22993
6.22494
6.22827
6.22892
6.22539
6.22706
6.22578
6.222
6.22412
6.22981
6.23091
6.23063
6.22843
6.22771
6.2315
6.22583
6.23102
6.24271
6.22887
6.23138
6.23056
6.2292
6.22478
6.22983
6.22715
6.23178
6.22719
6.22762
6.23029
6.23217
6.22462
6.23068
6.23378
6.23351
6.23218
6.23289
6.22944
6.23165
6.23206
6.22921
6.23245
6.23377
6.2349
6.23309
6.23293
6.23145
6.23198
6.22752
6.23355
6.23163
6.23563
6.2318
6.22924
6.22706
6.23268
6.23455
6.22885
6.22777
6.23098
6.22555
6.2256
6.2355
6.23138
6.23217
6.232
6.23069
6.23381
6.23399
6.23644
6.23588
6.23562
6.23808
6.24463
6.23573
6.24466
6.23785
6.22799
6.23145
6.23243
6.2341
6.22889
6.23065
6.24009
6.24289
6.23857
6.24308
6.24276
6.24359
6.23867
6.23964
6.23555
6.22687
6.23581
6.23309
6.24225
6.24051
6.24194
6.23541
6.23699
6.23556
6.2392
6.23843
6.23749
6.24898
6.21467
6.23477
6.23762
6.24167
6.2414
6.2411
6.23691
6.22945
6.25197
6.25504
6.23914
6.2344
6.23533
6.22841
6.22891
6.23361
6.22129
6.23027
6.23096
6.23121
6.25278
6.23608
6.22809
6.25031
6.24593
6.22372
6.22334
6.22509
6.22548
6.22683
6.23008
6.22731
6.22373
6.23121
6.22553
6.22959
6.22624
6.22535
6.22657
6.22715
6.228
6.23003
6.22663
6.23983
6.24279
6.23979
6.22607
6.22974
6.23054
6.22838
6.22728
6.23524
6.22937
6.22653
6.22342
6.22724
6.23419
6.2248
6.22834
6.22743
6.23276
6.22845
6.23178
6.22713
6.23441
6.23322
6.22664
6.23706
6.22767
6.22374
6.22599
6.22154
6.22622
6.22911
6.22559
6.23241
6.22005
6.24211
6.24335
6.23128
6.22572
6.23026
6.22571
6.23923
6.22221
6.24473
6.24773
6.23766
6.23293
6.23547
6.23396
6.23421
6.21608
6.23111
6.23205
6.22731
6.23535
6.23415
6.22101
6.23545
6.23448
6.23067
6.23242
6.22969
6.23079
6.23193
6.23614
6.23245
6.23146
6.23935
6.24368
6.24147
6.2426
6.24069
6.24369
6.25006
6.24936
6.26238
6.23196
6.22739
6.23443
6.23121
6.22958
6.22858
6.22802
6.26858
6.25959
6.22755
6.23141
6.22972
6.22771
6.22448
6.22616
6.23036
6.22996
6.22805
6.23181
6.22656
6.2243
6.23382
6.22447
6.2316
6.23777
6.23651
6.2387
6.22833
6.23013
6.23828
6.22538
6.23928
6.23131
6.22904
6.22866
6.23637
6.22938
6.22918
6.23723
6.22763
6.24916
6.24706
6.23698
6.23133
6.24694
6.28445
6.26685
6.2514
6.24887
6.25112
6.22661
6.23805
6.22864
6.23117
6.22953
6.2398
6.23972
6.22935
6.23537
6.25869
6.22362
6.25874
6.23647
6.23439
6.23249
6.23854
6.23083
6.23056
6.23424
6.23002
6.229
6.22492
6.22989
6.22928
6.22458
6.22272
6.23008
6.23211
6.23406
6.23313
6.23897
6.23302
6.24539
6.23815
6.24644
6.24433
6.23728
6.22912
6.23551
6.23633
6.23371
6.23593
6.23505
6.23442
6.23471
6.2323
6.23576
6.23509
6.24617
6.23818
6.23828
6.23679
6.23649
6.23488
6.23705
6.23671
6.23107
6.23143
6.2281
6.23417
6.22036
6.20809
6.23312
6.21739
6.21991
6.2289
6.21565
6.21721
6.21903
6.21312
6.21432
6.20748
6.22871
6.22165
6.2278
6.22695
6.23025
6.22241
6.22623
6.21912
6.22228
6.22267
6.21617
6.22024
6.22787
6.2256
6.22436
6.23025
6.22901
6.23074
6.23159
6.23114
6.23395
6.23117
6.22977
6.2324
6.23389
6.2324
6.2326
6.23628
6.23146
6.23691
6.23351
6.23782
6.23919
6.24102
6.23427
6.22523
6.22256
6.22956
6.2263
6.22196
6.224
6.22851
6.21946
6.22499
6.22345
6.22875
6.2406
6.24592
6.24335
6.26034
6.25823
6.22309
6.22377
6.22375
6.22202
6.21732
6.21933
6.22557
6.22319
6.21628
6.21777
6.21299
6.22
6.22456
6.21266
6.21454
6.22192
6.22339
6.21979
6.22086
6.21865
6.22137
6.22499
6.2148
6.21783
6.22644
6.21134
6.20945
6.21561
6.21422
6.22833
6.23163
6.22887
6.23041
6.2329
6.22947
6.22791
6.22814
6.23225
6.23194
6.23607
6.2317
6.23153
6.23509
6.24133
6.22836
6.23389
6.22493
6.23618
6.23705
6.23728
6.23684
6.23517
6.23404
6.22093
6.22497
6.22033
6.22792
6.22977
6.22447
6.22559
6.22347
6.22492
6.22186
6.22676
6.2301
6.22738
6.23141
6.23654
6.22588
6.22797
6.23656
6.23225
6.22525
6.23003
6.23468
6.24881
6.22969
6.23079
6.22957
6.22854
6.22665
6.27947
6.27573
6.24289
6.24056
6.24587
6.24023
6.27506
6.27266
6.26482
6.22211
6.23833
6.22278
6.22887
6.24909
6.23854
6.23532
6.24081
6.24796
6.24125
6.24562
6.2424
6.24736
6.24517
6.2371
6.21814
6.22934
6.23563
6.22642
6.22827
6.23702
6.23878
6.22611
6.22687
6.22548
6.22686
6.2278
6.22467
6.21751
6.21985
6.22175
6.22049
6.22288
6.22199
6.26773
6.27642
6.24616
6.23744
6.24233
6.25135
6.24973
6.24114
6.26961
6.26582
6.23148
6.22368
6.23825
6.23332
6.23824
6.23304
6.23693
6.23389
6.23411
6.25931
6.23264
6.2272
6.24202
6.2302
6.23173
6.23234
6.23089
6.22715
6.24021
6.23494
6.2351
6.23401
6.23416
6.2332
6.23273
6.26148
6.26354
6.25805
6.28066
6.24874
6.25091
6.25501
6.26412
6.25381
6.24851
6.26706
6.28739
6.27929
6.27211
6.27261
6.26074
6.23692
6.23344
6.23887
6.242
6.23656
6.23799
6.24995
6.23277
6.23101
6.25378
6.23637
6.24022
6.25269
6.24555
6.24796
6.2503
6.23537
6.2401
6.24112
6.24125
6.2365
6.23509
6.24357
6.2377
6.23654
6.23617
6.23921
6.23519
6.23501
6.22137
6.22365
6.22527
6.22518
6.22371
6.22238
6.21975
6.22731
6.22471
6.23905
6.23811
6.23725
6.22524
6.22392
6.225
6.22172
6.23234
6.22841
6.22835
6.23686
6.23896
6.24355
6.24451
6.23151
6.23096
6.23616
6.23213
6.23408
6.23366
6.22491
6.23283
6.22594
6.21492
6.21563
6.22945
6.2132
6.21349
6.21428
6.21273
6.21839
6.21162
6.22353
6.22212
6.21281
6.22263
6.22216
6.21605
6.21648
6.23118
6.23976
6.2358
6.23332
6.23105
6.24155
6.24313
6.23818
6.25668
6.2506
6.24375
6.23987
6.23562
6.26544
6.25555
6.24101
6.24703
6.23174
6.21165
6.21242
6.23059
6.21909
6.22916
6.22969
6.22576
6.21251
6.20972
6.21359
6.211
6.2252
6.22411
6.22167
6.2188
6.21532
6.22064
6.223
6.21906
6.23032
6.22667
6.21209
6.20939
6.21734
6.22198
6.22089
6.21045
6.23264
6.2112
6.20446
6.21287
6.21149
6.20993
6.20898
6.20718
6.21333
6.21123
6.21203
6.24779
6.27571
6.2701
6.25599
6.27625
6.25934
6.26316
6.26636
6.28592
6.23628
6.24364
6.2586
6.23599
6.24609
6.23506
6.28006
6.28094
6.26216
6.27295
6.2543
6.26266
6.2829
6.26849
6.29649
6.27597
6.28743
6.27918
6.27842
6.29049
6.22055
6.2252
6.22931
6.23054
6.23199
6.2281
6.23958
6.23514
6.23539
6.23802
6.23831
6.23799
6.23543
6.23702
6.23741
6.22591
6.23586
6.24432
6.23381
6.21987
6.22248
6.22588
6.21891
6.22746
6.22744
6.23048
6.21787
6.22577
6.22037
6.2247
6.22194
6.23693
6.22489
6.2393
6.22801
6.24236
6.22437
6.21963
6.22951
6.2184
6.23119
6.21829
6.21838
6.22147
6.22491
6.24469
6.23813
6.22583
6.24855
6.24287
6.24102
6.22648
6.23673
6.23396
6.22261
6.22408
6.22259
6.22186
6.22309
6.21778
6.25848
6.27545
6.24698
6.27813
6.27992
6.27507
6.27464
6.24707
6.242
6.23295
6.22515
6.23401
6.24932
6.22689
6.2256
6.23856
6.23903
6.224
6.2319
6.27039
6.25237
6.24967
6.26967
6.26536
6.2539
6.23911
6.24092
6.23358
6.22999
6.23757
6.24619
6.24342
6.2196
6.2221
6.21949
6.21377
6.22268
6.22653
6.22606
6.22357
6.22657
6.2525
6.25358
6.25206
6.24852
6.25626
6.24786
6.25437
6.24861
6.24338
6.23811
6.23975
6.2388
6.24386
6.23972
6.23855
6.24281
6.2474
6.24536
6.23892
6.23979
6.25075
6.23768
6.20917
6.16416
6.17608
6.1971
6.20054
6.22399
6.22916
6.23481
6.23408
6.24198
6.23625
6.23412
6.21
6.20559
6.20921
6.21029
6.20892
6.19993
6.20185
6.20838
6.20547
6.20349
6.20399
6.19595
6.20883
6.20335
6.18649
6.20678
6.21078
6.20217
6.20996
6.19816
6.20161
6.20097
6.19902
6.20124
6.21177
6.20724
6.20516
6.22451
6.22491
6.232
6.2249
6.22351
6.22447
6.22655
6.23069
6.23388
6.23448
6.23336
6.23728
6.24284
6.23468
6.23231
6.23843
6.22397
6.22676
6.2369
6.22994
6.22566
6.21724
6.2259
6.22464
6.22465
6.2149
6.22091
6.21738
6.2538
6.25356
6.25216
6.2466
6.24611
6.23907
6.2377
6.24221
6.23928
6.24057
6.2364
6.23752
6.23513
6.23264
6.23883
6.24072
6.2358
6.23046
6.24008
6.23964
6.22835
6.22415
6.22714
6.20315
6.22789
6.22914
6.19618
6.22224
6.22066
6.2196
6.22148
6.2271
6.22013
6.22289
6.20969
6.22265
6.23857
6.23838
6.23605
6.23799
6.23501
6.23749
6.23679
6.24192
6.23067
6.23338
6.22675
6.23493
6.22425
6.23016
6.23423
6.23262
6.20217
6.21786
6.21535
6.2235
6.22261
6.22264
6.22283
6.21871
6.13061
6.12315
6.17575
6.19233
6.14533
6.21188
6.20909
6.17378
6.17364
6.19584
6.15245
6.16606
6.23209
6.21955
6.21226
6.22752
6.19375
6.2
6.21315
6.21214
6.21807
6.22457
6.20646
6.21874
6.20188
6.22268
6.2197
6.22556
6.20717
6.20902
6.22651
6.22607
6.23528
6.24195
6.27349
6.2523
6.2588
6.2651
6.24414
6.26483
6.2518
6.24017
6.25007
6.25222
6.23114
6.25719
6.24199
6.25406
6.24704
6.2034
6.25861
6.20375
6.23246
6.21736
6.23463
6.2255
6.22875
6.23711
6.23971
6.24681
6.24637
6.22524
6.24913
6.23936
6.22452
6.19919
6.23559
6.23601
6.23061
6.20283
6.2347
6.24027
6.26954
6.292
6.2466
6.25373
6.2481
6.26712
6.25656
6.25039
6.26094
6.25198
6.26254
6.26403
6.24919
6.22323
6.22364
6.22135
6.2221
6.2219
6.21871
6.22169
6.22084
6.2218
6.21994
6.21827
6.21905
6.26129
6.24467
6.26301
6.25646
6.25241
6.24465
6.24866
6.24726
6.24097
6.2274
6.23533
6.23103
6.23547
6.22279
6.22921
6.23042
6.23329
6.25597
6.25748
6.25568
6.27271
6.25164
6.25559
6.2701
6.2815
6.25924
6.2747
6.27393
6.25658
6.26959
6.26052
6.26873
6.268
6.25362
6.26014
6.26488
6.25201
6.2574
6.2604
6.25791
6.24492
6.23694
6.23217
6.24124
6.24084
6.23796
6.23322
6.23963
6.23864
6.24302
6.24241
6.22873
6.22959
6.23846
6.22951
6.26743
6.27095
6.25874
6.27308
6.25912
6.25124
6.24153
6.26598
6.26113
6.25326
6.24783
6.2433
6.25039
6.24555
6.24181
6.22371
6.24331
6.24012
6.22812
6.23378
6.23024
6.21009
6.23006
6.22323
6.22021
6.21907
6.2354
6.23365
6.21415
6.22763
6.21967
6.2257
6.22211
6.23012
6.22201
6.22238
6.22731
6.24645
6.24207
6.24366
6.23542
6.23063
6.23256
6.22929
6.22364
6.21603
6.21546
6.22156
6.23541
6.23273
6.22914
6.21305
6.23302
6.23352
6.22386
6.22526
6.23215
6.21895
6.23162
6.22723
6.22626
6.22948
6.22108
6.20541
6.21549
6.20911
6.21439
6.20645
6.21012
6.21746
6.20722
6.21267
6.20949
6.24029
6.24412
6.23636
6.24541
6.23844
6.24026
6.23483
6.237
6.24339
6.23859
6.24664
6.24302
6.23604
6.22585
6.23393
6.23327
6.22365
6.2362
6.23758
6.23599
6.23814
6.23644
6.15694
6.18786
6.19362
6.11579
6.20923
6.19219
6.18208
6.15272
6.18029
6.13825
6.15128
6.12163
6.20176
6.17424
6.20801
6.19367
6.17311
6.19746
6.19142
6.18817
6.20033
6.18871
6.19193
6.17615
6.20515
6.19615
6.17764
6.26396
6.26937
6.26229
6.26068
6.26626
6.25983
6.28411
6.28427
6.26757
6.28433
6.28023
6.27181
6.27158
6.26997
6.28593
6.29254
6.29601
6.29294
6.28715
6.30393
6.29637
6.29568
6.2897
6.26046
6.26023
6.26699
6.27098
6.27255
6.25042
6.25659
6.24756
6.25998
6.24936
6.22608
6.22537
6.23296
6.22055
6.21827
6.22718
6.22125
6.22429
6.22069
6.22081
6.21756
6.22176
6.2443
6.24777
6.21918
6.23225
6.24115
6.23601
6.23133
6.23337
6.24804
6.23403
6.23769
6.23112
6.22339
6.22415
6.21834
6.2205
6.22192
6.2314
6.23652
6.23257
6.22498
6.22729
6.21937
6.21944
6.22979
6.22629
6.22472
6.23319
6.22157
6.23133
6.22889
6.23334
6.23653
6.23639
6.23467
6.23576
6.23532
6.23197
6.23335
6.2355
6.2337
6.23663
6.23262
6.23648
6.23631
6.23098
6.23774
6.23477
6.23686
6.2242
6.23433
6.23461
6.23337
6.23244
6.23473
6.20014
6.21044
6.20516
6.20537
6.20406
6.20014
6.20876
6.16309
6.17628
6.17798
5.64164
5.24338
6.1515
6.12684
6.1582
6.15376
6.11346
6.19407
6.19427
6.19079
6.15541
6.16991
6.0894
6.14549
6.17048
6.14228
6.15073
6.08032
6.16644
6.07692
6.13552
6.15418
6.09853
5.97072
6.1606
6.145
6.17241
6.15677
6.12547
5.95623
5.20303
5.33846
4.63852
4.80014
6.1773
6.18794
6.23018
6.16216
6.23544
6.21075
6.20283
6.19177
6.19672
6.16598
6.1999
6.17204
6.19115
6.19865
6.18328
6.18615
6.19784
6.20884
6.21099
6.20242
6.19495
6.17329
6.20093
6.16641
6.18865
6.2008
6.20364
6.11158
6.2015
6.13941
6.18865
6.15037
6.21411
6.17435
6.16901
5.43095
4.53547
5.47101
5.62587
4.70079
5.00276
5.32569
4.91949
4.71921
5.5359
5.0356
5.52754
5.66511
5.59761
5.8617
5.36851
5.57076
4.96913
5.49136
5.91107
5.2778
6.1455
6.14688
6.08004
6.17543
6.19576
6.23672
6.22108
6.21732
6.21893
6.22042
6.21879
6.22137
6.221
6.24061
6.24747
6.23738
6.2505
6.23239
6.24418
6.25075
6.25718
6.24383
6.24472
6.24829
6.26346
6.22401
6.22279
6.23562
6.22735
6.23497
6.25498
6.24385
6.22917
6.22246
6.22483
6.23563
6.24218
6.23267
6.23944
6.24042
6.22569
6.22303
6.22308
6.22377
6.22592
6.22697
6.22411
6.22728
6.22209
6.22391
6.22769
6.22705
6.22041
6.21974
6.22174
6.21801
6.2236
6.22075
6.22156
6.22491
6.22328
6.25071
6.23322
6.22934
6.23833
6.23549
6.23651
6.22763
6.23652
6.23043
6.2495
6.23693
6.24756
6.228
6.22368
6.22701
6.23991
6.24263
6.22689
6.2359
6.28013
6.26664
6.27169
6.24737
6.26423
6.24521
6.25419
6.23203
6.23236
6.23014
6.2298
6.23235
6.22974
6.23251
6.23193
6.23106
6.22828
6.2368
6.22394
6.24386
6.24371
6.23121
6.23003
6.22971
6.24547
6.2345
6.25567
6.23319
6.23961
6.23799
6.23309
6.22994
6.22988
6.23582
6.24595
6.24468
6.24312
6.24593
6.24496
6.24587
6.24064
6.26184
6.24721
6.26885
6.24148
6.27042
6.28154
6.2493
6.24781
6.25988
6.24133
6.26663
6.23364
6.25442
6.26033
6.27216
6.27846
6.25815
6.2676
6.22717
6.27142
6.29508
6.28244
6.29523
6.26369
6.26949
6.28035
6.27718
6.26873
6.25536
6.24586
6.22589
6.23671
6.22866
6.2244
6.24461
6.25349
6.25335
6.25415
6.26907
6.26634
6.26418
6.23823
6.23637
6.23565
6.23438
6.23898
6.23557
6.22127
6.2262
6.22377
6.22748
6.22975
6.22398
6.22472
6.22192
6.22746
6.22357
6.21931
6.23599
6.23021
6.23421
6.2366
6.24692
6.23036
6.24327
6.23219
6.26108
6.25375
6.2447
6.27767
6.23787
6.24891
6.23178
6.24405
6.24414
6.24428
6.28194
6.27457
6.28538
6.28116
6.27583
6.28206
6.30716
6.22356
6.21902
6.22002
6.21871
6.22061
6.2291
6.22087
6.21892
6.21848
6.21817
6.21759
6.21783
6.21914
6.2242
6.21956
6.22616
6.22067
6.22127
6.22285
6.21877
6.21769
6.21817
6.22456
6.21996
6.22182
6.21653
6.21844
6.21702
6.22315
6.21933
6.21936
6.21877
6.2165
6.2167
6.21693
6.21793
6.23323
6.23706
6.23673
6.22214
6.22097
6.21759
6.2249
6.22404
6.22448
6.21836
6.21693
6.23014
6.22006
6.21772
6.21598
6.21728
6.21594
6.21781
6.21586
6.23278
6.21903
6.2159
6.21733
6.21662
6.21831
6.22055
6.21882
6.21973
6.22058
6.22103
6.22211
6.22134
6.2224
6.22313
6.22318
6.22033
6.22209
6.22125
6.22575
6.22487
6.23127
6.22505
6.22511
6.22232
6.22454
6.22014
6.22061
6.22382
6.22516
6.22327
6.22217
6.22166
6.21968
6.22065
6.21978
6.22393
6.22303
6.229
6.23588
6.23013
6.23893
6.22272
6.24721
6.23459
6.22413
6.23533
6.2408
6.22472
6.24936
6.23586
6.24911
6.23143
6.23385
6.24703
6.23624
6.24785
6.24317
6.249
6.24938
6.24113
6.23486
6.23075
6.23039
6.22109
6.21666
6.21638
6.22162
6.2168
6.21777
6.24596
6.25126
6.23159
6.22452
6.24807
6.23438
6.2256
6.22623
6.22543
6.22073
6.22152
6.22172
6.22673
6.22955
6.22557
6.22358
6.22454
6.22943
6.22311
6.23037
6.22609
6.22624
6.22526
6.22589
6.22587
6.22626
6.25032
6.2478
6.23039
6.24258
6.24082
6.24435
6.23857
6.23645
6.23869
6.23921
6.23052
6.23155
6.2358
6.23335
6.23657
6.23097
6.23182
6.23134
6.28
6.2716
6.26033
6.27419
6.28758
6.28095
6.28934
6.29671
6.27834
6.25791
6.25145
6.24156
6.24168
6.23346
6.26548
6.25561
6.26491
6.25228
6.2627
6.26407
6.26776
6.27669
6.28263
6.2934
6.26242
6.28162
6.29115
6.23285
6.22948
6.22973
6.21987
6.22438
6.24116
6.25832
6.2535
6.2567
6.25301
6.25446
6.27564
6.26559
6.25638
6.24659
6.27443
6.26667
6.26371
6.26099
6.27261
6.26376
6.26934
6.27169
6.27605
6.26835
6.22668
6.22764
6.24157
6.2458
6.23522
6.22754
6.24898
6.23695
6.23809
6.21688
6.22971
6.23088
6.22339
6.23013
6.22773
6.2329
6.22719
6.22875
6.22286
6.24916
6.22958
6.21894
6.21777
6.21954
6.23169
6.21958
6.22853
6.22822
6.21917
6.29047
6.24193
6.26589
6.2856
6.25905
6.25759
6.26269
6.25782
6.23339
6.23657
6.2458
6.26253
6.25391
6.25891
6.2401
6.24105
6.28071
6.30246
6.29209
6.28742
6.28218
6.29135
6.28695
6.30923
6.29799
6.29544
6.26031
6.26552
6.27191
6.26958
6.28229
6.27784
6.29147
6.22935
6.22484
6.22498
6.23233
6.23074
6.2296
6.2264
6.22561
6.22722
6.22006
6.22348
6.22861
6.2261
6.23097
6.22745
6.22291
6.22573
6.22807
6.22314
6.22098
6.21993
6.21831
6.21833
6.22593
6.22409
6.22168
6.22529
6.2233
6.22332
6.22407
6.22535
6.26575
6.24935
6.25159
6.25436
6.24481
6.24901
6.27226
6.23958
6.24153
6.24061
6.24556
6.25272
6.25789
6.22716
6.23139
6.22961
6.22476
6.23413
6.23082
6.22477
6.23584
6.22633
6.24341
6.2315
6.23661
6.23587
6.22949
6.23713
6.21914
6.22137
6.22374
6.2195
6.22832
6.2264
6.22358
6.2262
6.28683
6.27101
6.26427
6.28024
6.27683
6.29839
6.27195
6.27568
6.26195
6.26958
6.25172
6.25179
6.28587
6.28273
6.28757
6.24625
6.24859
6.23809
6.24169
6.22465
6.22725
6.23198
6.22193
6.22596
6.22809
6.23482
6.22691
6.22565
6.22032
6.23399
6.26189
6.25872
6.25526
6.25435
6.24999
6.25724
6.2611
6.26115
6.24474
6.24534
6.25766
6.25765
6.25947
6.25734
6.24398
6.25045
6.24236
6.24906
6.23574
6.24984
6.25408
6.24745
6.25272
6.25792
6.25672
6.22054
6.22974
6.2218
6.224
6.22965
6.22843
6.22469
6.2169
6.21757
6.22104
6.22311
6.22914
6.22059
6.23442
6.22972
6.23129
6.21796
6.21758
6.21623
6.22039
6.21872
6.21868
6.21833
6.22194
6.22009
6.29916
6.28245
6.28927
6.30133
6.30281
6.30708
6.27066
6.30333
6.27382
6.29762
6.29245
6.28687
6.28959
6.28648
6.29721
6.29991
6.2862
6.27816
6.27433
6.29528
6.2809
6.27896
6.27167
6.24293
6.25911
6.25613
6.25999
6.25788
6.26566
6.2696
6.27143
6.24035
6.24369
6.24031
6.23117
6.23574
6.23058
6.23398
6.23033
6.23214
6.22292
6.24844
6.24659
6.24886
6.23188
6.24463
6.24543
6.24431
6.23352
6.23189
6.246
6.2424
6.23671
6.24415
6.23527
6.24365
6.23496
6.23356
6.22362
6.22367
6.22659
6.214
6.21514
6.22275
6.22952
6.2364
6.24802
6.25667
6.25498
6.2725
6.28385
6.26705
6.29285
6.2706
6.24677
6.26366
6.24937
6.29349
6.2765
6.2936
6.28435
6.27983
6.28607
6.22091
6.22367
6.2093
6.21409
6.21486
6.21769
6.22027
6.21909
6.23135
6.23999
6.23609
6.22674
6.22892
6.24138
6.22705
6.23087
6.24286
6.21558
6.20834
6.21444
6.21228
6.21289
6.20611
6.20207
6.22531
6.22281
6.2176
6.2178
6.21989
6.21676
6.21831
6.22328
6.22571
6.22557
6.22134
6.22154
6.22299
6.23117
6.22513
6.15106
6.16925
4.01163
6.20002
4.32604
4.23467
6.1702
3.87473
5.30819
5.45037
5.64184
3.85009
3.04014
4.85522
3.76305
3.67805
3.44788
5.62917
5.31506
4.27286
3.31133
3.14523
3.99085
3.88096
6.08685
6.18672
4.10034
2.95855
4.68296
3.82385
4.15548
3.68906
3.76215
4.21879
4.84917
5.27664
5.71089
4.11469
4.56988
3.87125
3.59192
3.7309
4.74058
4.90279
5.94911
3.10736
3.49379
3.94073
4.10668
4.39563
4.73257
3.77652
4.0653
5.70653
4.00959
3.74638
4.03919
4.62466
6.01469
3.24708
6.14877
3.7557
3.7944
5.32985
4.28124
4.67712
4.11855
4.22826
3.74267
3.87705
3.38964
3.81045
3.7219
5.60842
4.12943
3.39857
3.68453
3.58828
3.79873
5.78405
3.99169
3.71827
5.78561
4.51005
3.62448
5.93134
3.66611
4.11887
3.90612
5.90063
3.79863
4.08189
4.03633
3.48135
3.82041
3.51745
4.05796
4.03934
3.1167
3.80605
5.48161
5.76134
3.62098
4.01738
3.77065
4.08365
3.50387
3.6723
3.92802
4.57535
3.58042
3.72542
4.15548
5.38484
3.57966
4.40506
4.13066
3.74837
3.69464
4.07767
4.53655
3.72692
4.03745
5.05604
4.12092
4.07503
3.79834
5.4828
4.96269
4.45041
4.00789
4.8897
4.26709
3.03622
5.37935
3.95809
3.58227
3.8685
3.33824
3.52318
4.99386
5.20173
3.40484
3.67607
5.89558
3.51463
3.42554
3.74569
2.90985
5.10816
4.45262
4.22054
4.2843
4.43216
5.44651
5.11712
4.09813
3.37746
3.56771
3.7803
5.65378
3.6076
3.83437
3.95221
5.48486
6.0682
4.44856
3.86801
3.65687
3.67615
4.00424
4.47146
4.37585
3.34176
3.74566
3.57727
3.68003
5.2559
3.5264
3.84563
3.84439
4.44974
3.42645
5.85318
3.84055
4.48914
4.32067
3.57688
4.13167
3.0803
3.11742
3.71565
5.79955
3.51305
4.21814
4.66508
3.97839
3.79894
4.08694
4.24469
4.60047
4.11461
4.30868
3.8843
3.82887
4.81958
4.15218
3.90992
4.16544
3.72512
4.066
3.8244
5.50897
4.01635
4.6605
3.95249
4.21122
5.1338
5.4819
5.07504
3.72441
4.15049
4.08328
4.47542
4.98258
4.61823
3.96506
3.95174
3.70944
4.0503
4.77157
4.51696
4.34981
4.01692
4.69214
5.29653
4.07851
4.00413
3.94609
4.27263
4.3956
3.31547
5.05087
5.47208
5.39568
3.59169
3.85793
5.51525
3.4736
5.7815
3.82962
3.97137
4.76925
3.72267
3.85698
3.56576
3.74512
4.49939
3.67187
2.98838
3.42594
4.2225
5.66002
5.8003
3.95617
3.70225
3.25006
3.68131
3.81832
3.93329
3.26073
5.60761
4.0755
4.34699
3.92
3.6161
4.19817
3.61766
3.74746
3.86919
4.53401
3.52304
4.52285
3.57851
4.10608
4.1754
4.78157
4.09866
3.65683
3.73658
4.41536
3.96269
3.88909
4.44606
4.13576
3.83148
4.01634
3.75474
3.88636
4.49338
3.73411
4.78109
4.06734
5.15943
3.69712
4.26819
3.66361
3.71373
3.88212
4.75719
4.14469
4.94949
5.07802
4.03318
5.01362
5.08081
4.78981
4.26505
5.59042
4.53706
3.84374
4.07056
3.50482
6.22226
6.19743
6.21856
6.21887
6.21674
6.20948
6.22881
6.21779
6.22855
6.19343
6.22637
6.20532
6.22609
6.21834
6.20591
6.19824
6.18914
6.15964
6.06904
6.20728
4.52338
6.18431
6.20328
6.20712
6.1536
6.19321
6.21143
6.1942
6.20003
6.16894
6.20471
6.20858
6.205
6.18585
6.2112
6.18538
6.1622
6.24331
6.23953
6.2327
6.25352
6.24239
6.24146
6.22259
6.24575
6.22415
6.22944
6.23922
6.22947
6.23608
6.23581
6.23965
6.23571
6.23962
6.24013
6.23688
6.17152
6.18407
6.15964
6.18893
6.18503
6.13394
6.22776
6.23617
6.22119
6.22202
6.23321
6.23261
6.23249
6.23168
6.23128
6.2322
6.23453
6.23159
6.23624
6.22365
6.23773
6.23996
6.26209
6.2743
6.22729
6.26209
6.24237
6.22226
6.23934
6.22047
6.23355
6.17087
6.15392
6.1281
6.08722
6.09857
6.0825
6.17521
6.17402
6.04781
6.08143
6.15178
6.06441
5.82564
6.11435
6.07723
6.15408
6.05657
6.17203
6.15916
6.14806
6.13842
6.10935
5.92505
5.8466
6.07593
6.13867
4.47169
6.15088
6.13683
6.11882
6.07265
6.11105
6.13968
5.95513
6.07055
5.97884
6.00314
6.05083
6.0833
5.99624
6.00603
6.15135
6.09115
5.93498
5.93543
5.99842
5.8839
5.7009
6.03788
5.87988
6.02625
5.53283
4.7631
6.17748
6.18545
6.17235
6.13333
6.13001
6.11956
6.07967
6.16347
6.05089
6.15256
6.15594
6.22333
6.22941
6.23131
6.23564
6.22073
6.22971
6.23155
6.22773
6.22457
6.21708
6.22717
6.23225
6.22975
6.23237
5.90499
6.12099
6.08982
5.95939
6.06907
5.89903
5.70617
5.84148
6.09458
5.93866
6.15355
6.03146
6.09529
6.06742
5.98413
5.99351
5.97803
6.2135
6.19945
6.20233
6.20863
6.21342
6.17163
6.20791
6.19878
6.20442
6.20571
6.18522
6.19394
6.23407
6.23698
6.23538
6.2308
6.22925
6.23449
6.23244
6.22326
6.28013
6.22965
6.22563
6.26813
6.2305
6.24563
6.22758
6.23731
6.23435
6.23992
6.24737
6.23242
6.2308
6.23677
6.23143
6.24044
6.23535
6.22651
6.22505
6.23932
6.27628
6.23155
6.24092
6.23323
6.23573
6.23379
6.24337
6.2383
6.23497
6.23646
6.23195
6.23606
6.23999
6.23772
6.23915
6.23486
6.23921
6.2394
6.23561
6.23794
6.24023
6.23589
6.23062
6.23336
6.24139
6.23824
6.23607
6.24155
6.23583
6.24143
6.23438
6.23564
6.2321
6.23766
6.22721
6.23388
6.22753
6.23523
6.29475
6.25868
6.29479
6.28081
6.30974
6.30515
6.2741
6.26605
6.27378
6.2612
6.22804
6.22256
6.22156
6.22866
6.22556
6.22769
6.26897
6.22392
6.27308
6.25576
6.23024
6.25591
6.25368
6.2389
6.23306
6.28017
6.29083
6.27764
6.29368
6.26557
6.24293
6.24173
6.24104
6.24304
6.23495
6.23527
6.238
6.24091
6.23369
6.23679
6.23698
6.23583
6.23554
6.23539
6.10445
5.96867
6.03998
6.1149
6.01308
6.02306
4.5542
6.16094
6.15743
6.1335
6.07126
6.19512
6.14877
6.05427
6.08874
6.07423
6.21968
6.12976
6.19368
6.13544
6.16189
6.14403
6.1422
6.13738
6.16444
6.13273
6.17529
6.12946
5.82547
6.18653
6.01971
6.14191
6.19473
4.66928
5.11404
5.89187
5.77126
6.20362
6.02506
5.91557
6.0095
6.0688
6.05234
5.99571
5.53775
5.28962
5.0282
5.838
5.71593
5.86404
6.17416
6.19741
6.19734
6.18991
6.20647
6.16272
6.18098
6.16451
6.01656
5.82428
5.69005
5.65918
5.56236
6.04055
5.96328
5.94832
5.96337
6.27592
6.25304
6.25573
6.26163
6.2539
6.25325
6.24833
6.24583
6.25792
6.26893
6.26192
6.27288
6.26165
6.27468
6.23835
6.27067
6.24025
6.25614
6.25216
6.24943
6.24276
6.24524
6.24714
6.23935
6.24624
6.23482
6.24815
6.24709
6.24197
6.236
6.24485
6.24508
6.24238
6.23401
6.24188
6.24917
6.23342
6.23213
5.92933
6.02687
5.82116
6.01007
4.62247
5.91253
5.93118
6.04322
5.77986
5.88974
4.44803
5.71625
5.79398
6.23186
6.23066
6.22636
6.22562
6.22979
6.23141
6.23126
6.23584
6.07109
6.03133
5.83163
5.89647
5.80298
6.07518
4.57404
5.52051
6.01046
5.84792
6.05921
6.00079
5.80601
5.81586
6.15636
6.12171
6.09746
6.0537
6.0345
6.11642
5.97865
6.00001
6.0788
6.01704
5.97941
5.98933
5.93848
5.74802
5.83927
5.76692
6.00343
5.89028
5.76293
5.67724
4.57593
4.86713
5.72487
4.50922
4.41173
5.42686
6.07491
6.01141
6.00007
6.08351
5.95849
6.05498
6.04015
5.67922
5.76261
5.46214
5.59226
5.7446
5.80609
4.70039
5.74939
5.68719
5.4087
4.46244
4.69032
5.72421
5.7909
5.76171
5.78904
5.93572
5.83981
5.85852
5.94519
6.20775
6.21047
6.20145
6.20961
6.15111
6.19377
6.16804
6.17632
6.20669
6.16676
6.17424
6.16794
6.19004
6.01625
5.66953
5.65097
5.55823
5.77243
5.6595
5.36967
5.53015
5.80368
6.07837
5.99719
6.10073
6.03857
5.90918
5.99488
5.91201
5.91679
6.10757
5.82803
5.94509
5.70446
5.71666
5.98921
5.26954
5.72087
4.99346
5.74127
5.97504
5.9579
5.62245
6.00203
5.68853
5.81596
4.99136
5.27478
5.83819
5.80002
5.96578
5.93449
6.02893
5.91295
5.95218
6.01664
5.8625
5.50662
5.26523
5.62641
5.12785
5.76689
5.57054
5.73159
5.78074
5.63739
5.32954
5.2892
5.5225
5.79636
5.71271
5.61536
5.47564
5.41426
5.24773
5.54756
5.22081
5.90684
4.5749
5.68089
5.831
4.51329
5.30308
4.89178
5.48674
5.03514
5.38746
5.4441
5.41593
5.60953
5.89542
6.10008
5.76498
6.00663
6.06326
5.8963
6.05785
6.22769
6.23975
6.15347
6.16184
6.10674
5.64815
6.02992
5.76385
5.78986
5.9607
6.11679
6.17549
6.18181
6.17757
6.09439
6.03598
6.09161
6.03585
4.33375
5.86322
4.43392
6.16332
6.07086
6.13604
6.0864
6.13767
5.81462
5.64271
5.97292
5.97346
5.73568
5.7505
6.04319
5.96259
5.6335
5.75431
5.0888
5.92139
3.91965
5.5193
5.59676
4.66268
4.81404
5.51564
5.64352
5.78841
6.01046
5.85834
5.80057
5.73486
5.96883
5.27743
5.07654
4.84338
6.09739
5.7876
5.67684
5.651
6.08422
5.71712
6.04964
5.74101
5.62678
5.59517
5.66176
5.31396
4.68373
5.16258
5.85506
5.97547
5.95232
5.91749
5.67372
5.58088
5.54798
5.65208
6.00999
5.85697
5.89841
5.86149
5.65298
5.93336
5.75811
5.65142
4.59847
5.33132
5.67575
4.81395
4.36376
5.90251
5.83794
5.95684
6.17479
6.1366
6.03411
6.06379
6.18941
6.09123
6.09558
6.03594
5.78704
5.85078
5.82537
5.64696
5.62428
5.44862
5.55997
5.11789
5.52049
5.46076
5.59671
5.14597
5.06305
4.33055
4.91519
4.15585
4.32119
5.58738
6.09078
5.99714
6.03807
6.06593
6.06875
6.09142
6.08613
6.08632
6.03926
4.49251
3.99512
4.17852
3.83184
4.02909
4.01363
3.82206
4.48928
4.59892
5.14156
5.67765
4.41632
5.58327
5.68322
5.20263
4.61729
4.2974
4.02311
5.30276
5.39658
5.3346
5.25088
4.95805
5.58613
6.23426
6.24229
6.2588
6.23943
6.22812
6.24939
6.23816
6.26465
6.25938
5.30182
4.14788
4.25114
4.4102
4.84558
3.81873
4.07992
4.59552
5.66218
5.52583
4.50102
4.67631
5.30778
5.55665
3.93595
3.90209
5.07363
5.06425
5.26909
5.60949
5.44175
4.48441
4.7119
5.36776
5.30499
4.81246
5.48862
4.64418
5.2471
5.55798
4.35888
5.29942
4.95897
4.25305
4.01221
6.04393
6.07754
5.92625
5.97659
6.10174
6.10254
6.13811
5.98044
6.08161
5.83413
5.67375
5.89667
5.91
4.42064
4.2361
4.71623
5.07197
5.76863
4.498
5.45228
4.00137
3.85969
4.9022
5.07365
5.96195
6.07024
6.0916
6.00957
6.07985
6.09026
6.04541
5.63557
6.12672
5.85495
5.83921
5.57561
5.7949
5.47383
4.7329
5.48939
4.72948
5.50017
4.77706
6.088
5.9557
6.022
5.95643
6.04627
6.0428
6.03265
5.97006
5.97288
6.03782
6.07837
5.94449
6.0772
3.92668
5.16892
4.42125
3.98396
5.02745
5.05034
4.74123
4.05825
3.77228
4.38497
4.65203
5.21046
3.87859
4.41996
4.06961
3.5971
5.26903
3.79408
3.98682
4.19308
5.12003
6.25349
6.25262
6.2636
6.2606
6.26081
6.26238
6.25882
6.26867
6.23961
6.2403
6.23619
6.23847
6.23775
4.78046
4.42886
5.29152
5.54552
4.85934
5.37881
5.22761
5.69655
4.77382
3.83416
4.44299
3.66907
4.07605
4.41114
3.93422
5.34105
4.42019
4.4778
4.37758
5.20671
4.65237
4.98396
4.85972
5.04131
5.58239
4.36617
4.88484
5.51596
5.33102
5.70108
5.65543
5.13287
4.96135
4.70949
5.51526
6.23576
6.2294
6.23789
6.22637
6.23959
4.35037
5.05861
4.19415
5.71762
5.24821
4.7965
5.60896
5.65601
5.25792
5.38495
5.64081
5.29304
5.1645
5.38399
5.0469
5.48865
3.8916
4.70458
4.54015
5.26254
4.84612
5.1962
5.0493
5.47155
5.79955
5.66294
5.46371
5.2883
5.10775
4.94897
3.7361
5.30693
4.38548
4.28804
5.12762
4.7312
4.7361
4.76956
4.99299
4.24823
5.40746
5.39258
5.80029
5.46658
5.57652
5.83695
5.22147
4.64513
4.70605
5.02567
3.84731
4.25315
3.16573
4.44436
4.2808
4.01722
5.80925
5.9592
6.06817
5.82245
6.02684
6.0876
5.87605
5.96088
3.45183
5.50813
4.55792
4.55979
5.39843
5.69922
4.8152
4.98971
3.38278
3.60039
4.03632
5.6667
5.57724
4.68931
5.47845
5.19497
4.77229
4.7669
4.19011
3.7902
3.58798
3.84628
3.46943
4.83949
4.91244
3.79584
3.40348
5.0158
4.31552
4.6053
3.87457
4.11532
4.37494
4.00368
4.56984
4.23472
3.85613
5.5385
4.9478
4.68358
5.01267
5.31245
5.08695
5.27145
5.51107
5.10083
5.24162
5.8632
5.01735
5.11959
5.27574
4.58558
5.51682
5.50008
4.89188
5.13065
5.13657
5.81987
4.95889
4.75976
4.3839
4.11178
4.1681
3.84015
4.114
3.85047
4.61849
4.78777
4.8478
4.18882
4.88257
3.86765
3.93836
4.24429
4.54236
3.80399
3.98207
4.15468
5.08779
4.44246
5.58536
4.52689
4.4643
5.35332
5.05515
5.25073
5.45371
5.46631
5.0021
5.60976
5.21057
4.76709
4.75133
4.84516
5.20367
6.04244
5.90352
5.88858
5.98972
5.9186
6.06819
4.65516
5.11799
5.44965
5.49233
5.50265
5.47322
5.27852
3.91967
4.82757
4.22543
3.91187
3.92728
5.13412
4.69811
4.75588
5.49271
5.42325
4.9246
5.25526
4.55501
4.051
4.30666
4.30059
4.45385
4.6456
5.31429
5.35547
4.90553
5.27884
4.78539
4.13939
3.41509
3.78851
3.76315
4.05503
4.70102
4.78953
3.89361
3.56599
3.96747
5.00236
5.44918
4.54851
5.45125
5.25033
4.51371
4.78572
5.61588
5.57137
4.84805
5.20845
5.18121
5.11028
4.51233
4.72007
5.12204
4.64194
6.16379
6.15722
6.09605
6.09247
6.13142
6.13484
6.18216
6.19779
6.17902
6.15821
6.18135
6.16596
6.18825
6.11358
6.16384
6.15664
6.09512
6.07618
5.85675
5.66483
5.69741
5.9331
5.00493
5.16506
6.21914
6.2239
6.22228
6.22265
6.22111
6.2228
6.22207
6.2213
6.22348
6.22067
6.21803
6.22045
6.22017
6.22205
6.23366
6.2356
6.24679
6.23904
6.24474
6.24341
6.22764
6.22741
6.23513
6.22494
6.23143
6.23046
6.22647
6.24025
6.2332
6.24028
6.22904
6.24141
6.23528
6.22836
6.22881
6.23031
6.23389
6.2332
6.23246
6.23288
6.23558
6.22987
6.23629
6.2348
6.23544
6.23756
6.23711
6.23643
6.23887
6.23609
6.23562
6.23348
6.23489
6.23619
6.23363
6.23459
6.22187
6.21902
6.2223
6.22239
6.22262
6.2166
6.22087
6.22054
6.21988
6.21824
6.21942
5.90648
5.93021
6.03089
5.95615
6.04765
6.03907
6.0694
6.23591
6.2373
6.24043
6.23919
6.24042
6.24088
6.21923
6.22664
6.22524
6.22922
6.21989
6.23383
6.23216
6.23174
6.19085
6.22227
6.21913
6.19327
6.21963
6.20791
6.19589
6.2164
6.20649
6.20393
6.20707
6.20955
6.21887
6.21869
6.20157
6.18658
5.49094
5.64719
5.82752
5.75628
5.85711
5.85811
5.04468
4.94208
5.7338
5.93759
5.65337
5.64676
5.32524
5.26008
5.32625
5.22989
5.20617
5.14401
4.90414
4.56112
5.24141
5.31402
4.18649
4.67802
5.4017
4.75569
5.2921
5.58125
5.38125
6.04794
6.09792
6.1066
5.91202
6.07522
5.72128
5.99057
6.00369
5.70399
6.01284
5.66226
5.37593
5.48508
5.4428
5.14017
6.22207
6.21838
6.22374
6.22377
6.21997
6.22176
6.22181
6.21473
6.21328
6.21054
6.20787
6.22054
6.20948
6.21303
6.21978
6.2122
6.2091
6.28636
6.29358
6.30116
6.29704
6.28037
6.25984
6.26449
6.27815
6.23544
6.26717
6.28636
6.29355
6.28353
6.28184
6.27782
4.33351
4.27989
4.55678
4.74324
4.23021
4.88359
4.62666
5.10656
4.7584
4.55323
4.69419
4.07224
4.55596
6.06609
3.75932
3.99953
4.04379
3.9024
3.85361
3.23461
3.66944
4.0388
3.93721
4.33113
3.98411
4.52301
4.5364
4.61595
4.51699
3.61009
3.62741
4.07266
3.49298
4.42345
6.19791
6.18875
6.18513
6.15583
6.15203
6.15822
6.14974
6.15337
5.43084
5.66634
5.80759
5.80732
5.45301
5.39998
3.7309
3.95
4.27095
4.56151
4.52462
4.62054
4.12946
3.87262
4.68415
4.05954
4.08876
4.65317
4.7825
5.60986
4.68234
5.4423
4.62561
4.58551
6.25489
6.25397
6.25361
6.25549
6.25439
6.25737
6.26417
6.26908
6.24327
6.25059
6.25387
6.25111
6.2229
6.2093
6.25659
6.25874
6.25616
6.25617
6.25562
6.24932
6.22773
6.26183
6.24702
6.24421
6.27456
6.2515
6.25719
6.24076
6.25599
6.28939
6.27524
6.2711
6.27013
6.26622
6.27665
6.26531
6.26115
6.25611
6.25532
6.2523
6.24528
6.22058
6.22943
6.21758
6.23149
6.2267
6.25634
6.20834
6.24841
6.26205
6.2576
6.23273
6.2433
6.2291
6.23423
6.24925
6.2555
6.27804
6.27281
6.26472
6.27767
6.25145
6.25251
6.25123
6.25036
6.24593
6.2421
6.25469
6.25784
6.26147
6.25462
6.24467
6.2552
6.26661
6.27377
6.25725
6.26231
6.23241
6.26784
6.24469
6.23995
6.24987
6.25029
6.24536
6.24443
6.24324
6.2446
6.24499
6.23483
6.23756
6.23431
6.23088
6.23425
6.23685
6.2294
6.22852
6.22555
6.22983
6.22924
6.23522
6.23478
6.22877
6.2523
6.26524
6.25706
6.24595
6.23396
6.22703
6.21598
6.23143
6.25089
6.23597
6.22173
6.22976
6.22922
6.22407
6.21309
6.24232
6.24476
6.24804
6.25742
6.24904
6.25568
6.23064
6.22651
6.22627
6.23172
6.22917
6.22817
6.22892
6.22767
6.22401
6.22163
6.22465
6.20678
6.19974
6.21036
6.19597
6.19875
6.18966
6.17156
2.57906
3.52276
2.39419
3.72426
4.00982
4.10543
2.91208
3.34471
3.73541
3.88744
6.18376
6.15585
6.16208
6.19179
6.18697
3.12875
3.47172
4.19778
3.94054
6.25632
6.24828
6.24877
6.23092
6.21409
6.22923
6.29307
6.29113
6.29633
6.28902
6.29773
6.28889
6.28966
6.2557
6.26399
6.25663
6.2491
6.26054
6.26544
6.2517
6.26017
6.25873
6.32074
6.31402
6.31909
6.29701
6.30163
6.30464
3.63549
3.95278
1.27574
3.46632
3.62197
4.07849
3.94724
6.19289
6.24036
6.21492
6.20804
6.21199
6.16682
6.15802
6.21226
6.2635
6.24872
6.26758
6.26353
6.25719
6.23801
6.24396
6.24811
6.26766
6.26039
6.24296
6.25143
6.23102
6.21369
6.22195
6.23596
6.22723
6.22585
6.23513
6.23746
6.25471
6.25914
6.24072
6.25885
6.27207
6.25425
6.25557
6.25444
6.25609
6.25608
6.24318
6.2376
6.24203
6.25711
6.2263
6.226
6.23839
6.24784
6.24716
6.23971
6.23077
6.20797
6.2303
6.23608
6.22678
6.23023
6.241
6.23623
6.24932
6.22121
6.20748
6.18865
6.22234
6.21398
6.21004
6.25153
6.2598
6.26633
6.27313
6.27235
6.26399
6.24994
6.2418
6.23875
6.23211
6.22629
6.22064
6.23101
6.24511
6.22721
6.22982
6.22656
6.0104
6.00247
4.7787
5.91365
6.028
4.91531
4.9008
5.04509
5.80781
6.0198
5.86096
5.83644
5.6577
6.03608
6.00789
5.19261
5.47688
5.56347
5.85295
4.88556
4.65953
4.87501
4.20375
4.94921
5.91256
5.33299
5.64909
5.64165
5.2295
4.55966
5.51831
4.56472
4.66208
5.67809
5.27787
4.59393
6.17276
6.15822
6.19932
6.16416
5.03007
5.89887
5.98203
4.55446
4.98612
5.35279
5.98978
4.59949
5.606
4.11755
4.76452
4.7239
5.98485
4.29608
5.49049
4.47603
5.74365
4.90039
6.22601
6.23736
6.24931
6.24567
6.26762
6.25275
4.41231
4.97287
4.84472
4.66523
5.37525
4.79713
4.40356
5.94375
6.11982
5.91744
4.96757
5.33818
5.2714
4.66983
5.64802
4.95819
6.09742
6.00725
5.31114
5.42132
4.85483
4.90609
5.27572
5.56439
5.62263
6.22338
6.21945
6.22231
6.21657
6.22002
6.22251
6.22061
6.2226
6.237
6.22174
6.21712
6.21912
6.22274
6.21631
4.97071
5.07725
4.04411
5.51852
4.84082
4.73389
5.17333
4.68622
5.66599
4.40743
5.8202
6.09149
5.94961
5.92058
6.05425
4.43266
5.37233
5.67648
4.23557
6.01488
5.83061
5.72625
5.29283
5.51522
5.32485
5.03173
5.12859
5.2026
4.73916
6.0907
6.07266
6.06273
5.90291
6.00776
6.02075
5.62701
6.08994
6.15033
6.12477
6.06762
6.06888
5.99769
4.8552
5.654
5.45652
5.82195
5.56408
5.09055
5.85548
4.79297
5.82613
6.09214
5.98807
4.9439
5.66183
4.88426
4.48567
5.30861
5.78039
5.932
4.29649
4.29819
5.16255
5.62183
5.00493
5.45996
5.03267
6.10074
5.90589
5.50568
5.98511
5.84301
6.03468
6.11049
6.0575
6.15556
6.18321
6.19846
6.00283
6.02153
5.37801
4.96808
4.55892
4.851
4.69552
5.28436
5.28469
4.8263
4.95673
4.54361
4.43371
5.00514
4.61204
5.80019
4.9669
4.81247
4.73638
4.87556
4.67696
4.98698
4.94121
4.88855
4.8167
4.7822
4.81028
4.70911
5.51423
5.83408
4.82356
5.02435
5.80368
5.92031
5.74954
4.82041
5.01209
4.76956
4.82809
5.85745
4.98626
4.9034
5.56716
5.31644
4.73487
4.66064
4.99546
6.24879
6.24573
6.24011
6.22786
6.24403
6.23176
6.23826
6.24096
6.25644
6.23744
6.25475
6.22684
6.23568
6.26976
6.25382
6.24167
6.24353
6.23826
6.23157
6.23501
6.26957
6.26141
6.23842
6.23884
6.2315
6.23634
6.22354
6.2324
6.21899
6.22183
6.23417
6.23181
6.23588
6.23596
6.25049
6.246
6.22643
6.24068
6.23659
6.25035
6.24078
6.24113
6.04142
6.11916
6.03063
5.8379
6.07895
6.12708
6.15281
6.09426
6.13176
6.1568
6.10094
6.18511
6.24614
6.24643
6.26899
6.25382
6.25675
6.21899
6.19583
6.18002
6.2004
4.41595
6.25403
6.23284
6.25914
6.23674
6.24763
6.25998
6.26383
6.24052
6.23063
6.2482
6.22856
6.22975
6.26311
6.2608
6.23401
6.23098
6.23712
6.23507
6.23517
6.22751
6.21294
6.16677
5.64913
4.57973
6.23977
6.24536
6.22494
6.23909
6.24714
6.23676
6.21998
6.22188
6.26755
6.22954
6.2448
6.25075
6.25549
6.23587
6.21084
6.22796
6.20039
6.21733
6.20701
6.22935
6.20964
6.22447
6.24237
6.25234
6.2394
6.24335
6.22172
6.22199
6.22943
6.22697
6.23254
6.2267
6.23453
6.23871
6.22874
6.08373
6.11302
6.17984
6.18278
6.18615
6.17887
6.14723
6.14621
6.16184
6.21776
6.22505
6.22897
6.19954
6.22463
6.18343
6.22379
6.229
6.23359
6.23498
6.2359
6.23704
6.23462
6.23228
6.24272
6.23604
6.24282
6.2471
6.24771
6.23427
6.23933
6.23809
6.23924
6.24002
6.23603
6.23486
6.23706
6.23527
6.23879
6.23993
6.2368
6.23743
6.23975
6.24029
5.19692
6.24143
6.23932
6.2259
6.23372
6.23131
6.23813
6.24165
6.22592
6.24492
6.22129
6.255
6.24647
6.25598
6.2572
6.25805
6.24041
6.25283
6.25263
6.24784
6.24999
6.2528
6.25347
6.25543
5.61788
5.8543
5.09914
4.87163
5.45952
5.66325
5.30885
5.9806
5.01476
5.25367
5.55497
5.06512
4.9828
4.884
5.12905
6.00792
5.65474
5.63604
6.10762
5.29211
5.82417
5.1588
5.24842
5.77118
5.81489
5.88663
5.78038
5.94134
4.46095
5.71685
5.93816
5.74222
5.7708
5.55395
5.85899
5.95764
5.87967
5.86369
5.72763
5.42376
5.87763
5.48262
5.83252
5.13923
4.91865
4.95657
5.04552
5.81641
5.72394
6.18286
6.22184
6.21544
6.16191
6.15808
6.19494
6.03828
6.16349
6.118
5.62422
5.186
5.31541
5.25641
4.94983
4.54778
4.75038
4.70214
6.19752
6.16739
6.06228
6.23202
6.23321
6.22552
6.2279
6.22372
6.23593
6.22143
6.24419
6.23085
6.22087
6.22726
6.2459
6.21608
6.2317
6.2404
6.23247
6.25247
6.2393
6.23867
6.23694
6.23826
6.239
6.23657
6.1332
6.08686
5.75005
5.79713
6.08022
6.0841
5.89998
5.9457
5.96899
5.59899
6.22047
6.21864
6.22131
6.22408
6.2209
6.22914
6.25556
6.25557
6.25547
6.25541
6.25553
6.25583
6.25468
6.25665
6.24908
6.25212
6.24983
6.25444
6.25532
6.25158
6.25493
6.25155
6.25106
6.25248
6.25282
6.10677
6.14779
6.09137
6.02935
5.9819
6.11006
6.04875
6.15451
5.86656
5.97104
5.91845
6.04854
6.22458
6.23409
6.23546
6.23744
6.23696
6.23149
6.24012
6.22307
6.22982
4.981
4.50504
4.12338
5.26896
4.06235
5.65276
4.83258
4.133
4.9007
4.04313
4.68178
6.26513
6.25217
6.25071
6.24614
6.26872
6.23394
6.23925
6.25365
6.21919
6.231
6.23022
6.23022
6.23155
6.16649
6.16719
6.1634
6.17193
6.18978
6.19027
6.17983
6.09419
5.24533
4.97477
4.70178
5.04178
5.36018
6.13505
6.14955
6.14463
6.17628
6.16304
6.1694
6.17958
5.50733
5.69783
6.27319
6.27537
6.25879
6.26283
6.25986
6.27152
6.25828
6.24293
6.26042
6.24517
6.25261
6.24426
6.24565
6.23112
6.22885
6.247
6.2297
6.22771
6.23023
6.25228
6.24749
6.23979
6.25214
6.2503
6.24627
6.25185
6.26106
6.25562
6.22752
6.22409
6.21522
6.20467
6.23529
5.88979
5.26383
4.78353
6.10169
5.93621
5.9063
6.22765
6.22657
6.20426
6.15438
6.20745
6.2266
6.20238
6.20446
6.22956
5.92099
6.0518
5.77194
5.64017
5.57183
5.67523
4.72825
5.6948
6.2176
6.21843
6.21744
6.21969
6.22569
6.21692
6.21658
6.21973
6.23242
6.23368
6.23417
6.22731
6.2254
6.22774
6.22542
6.23291
6.24106
6.233
6.23819
6.23422
6.2406
6.2282
6.22484
6.23508
6.19138
6.1694
6.20897
4.44141
4.44018
5.27062
5.23105
5.45774
4.64446
5.37552
4.8118
4.83826
4.9711
5.5896
5.6544
5.94049
4.66947
5.74714
5.52347
5.38478
4.89089
5.28217
5.26726
5.21082
4.88944
6.05849
5.8935
5.98223
4.963
5.30641
5.9344
4.96831
5.10471
6.03166
6.12097
6.12803
6.06866
6.13729
5.96687
6.08707
6.03877
5.66208
6.00816
5.98094
5.8174
6.02367
6.05809
6.0191
5.8998
5.51997
5.03691
4.97411
5.45287
5.22081
5.03155
5.22869
4.85866
5.16531
4.99007
5.98843
5.42266
5.67908
5.66275
5.23941
5.77607
4.92128
4.90756
6.02963
6.02722
5.83582
4.93694
5.90797
5.91322
5.83451
4.99202
5.41632
5.10832
4.84142
5.62808
4.74554
4.88217
6.2341
6.24576
6.23919
6.25146
6.24756
6.23876
6.2479
6.22443
4.54988
4.84845
4.17128
5.23081
4.88128
4.83042
4.8481
5.48859
5.30839
5.43341
5.33408
5.48623
5.91986
5.16617
5.88752
5.75604
5.7921
5.63637
5.34467
5.2327
5.55926
5.64509
5.33702
5.61311
5.88049
5.87768
5.94355
5.71382
5.77569
5.48955
5.76676
4.6326
4.69987
5.76726
6.02703
5.88624
5.74156
5.60025
5.23933
4.89356
6.17636
5.98827
6.13098
6.07095
5.96477
5.7543
5.5688
5.7953
5.39784
5.25802
5.15345
5.43119
5.25706
4.59626
5.40995
5.46823
5.5506
5.33592
5.04276
5.37271
5.55667
5.9201
5.49375
5.03552
6.0246
6.1033
5.98478
5.85643
5.52848
6.22063
6.1908
6.21314
6.20295
6.19845
6.15752
6.18447
5.82256
5.84506
5.13386
4.94912
5.48649
5.56659
5.2862
5.54072
5.11186
4.94084
4.96459
5.88958
5.95611
5.75543
5.37666
5.77505
5.11653
5.44214
5.33359
6.06604
5.83314
5.93025
6.142
6.02942
6.06255
6.1276
6.0488
6.04686
6.02058
5.97951
6.06923
5.4671
6.0828
6.04689
6.11204
6.09342
6.15042
6.16739
6.17121
6.1564
6.11613
6.23388
6.23542
5.51489
5.72802
5.95947
5.85714
5.94022
5.75267
6.27349
6.26114
6.26279
6.2443
6.23595
6.05981
6.07345
5.79384
5.88639
5.73527
5.29337
5.80223
5.99884
5.93085
5.68451
5.64166
5.656
5.32828
5.04504
5.51846
5.11944
5.45785
5.61532
5.14749
6.20648
6.21196
6.19344
6.18521
6.19562
6.18244
5.9858
5.74304
6.03141
5.60013
6.1315
6.132
6.0141
6.2316
6.22625
6.22989
6.23096
6.22551
6.25815
6.26239
6.2324
6.25021
6.27385
6.26313
6.2481
6.25434
6.25226
6.22928
6.22886
6.23679
6.23553
6.2404
6.22914
6.22892
6.23744
6.23957
6.23763
6.23684
6.23509
6.2287
6.2381
6.23665
6.23485
6.23421
6.23865
6.23207
6.23354
6.23126
6.22438
6.22996
6.23644
6.23294
6.25239
6.24546
6.22282
6.24502
6.23286
6.22911
6.23337
6.23639
6.23079
6.23282
6.2303
6.23842
6.23402
6.24006
6.2345
6.24136
6.25898
6.23809
6.2705
6.26302
5.97209
6.10069
5.89068
6.01516
5.71451
5.85476
5.8102
5.63621
5.88062
5.80614
5.9791
5.9568
6.00198
6.05647
6.04474
6.056
6.01043
5.75325
5.4287
5.62504
5.64631
5.15202
5.24411
5.3975
5.66844
6.09342
6.07241
5.96377
5.96741
6.10809
5.94701
6.08035
6.04273
5.53348
5.84338
5.49524
5.91334
5.83421
5.89556
6.0478
6.07649
6.12281
6.1195
5.87148
6.16543
6.10614
6.06149
6.04769
6.10779
6.00905
5.93481
6.23021
6.23429
6.23508
6.23362
6.23138
6.22955
6.23122
6.23417
6.22876
6.23434
6.22286
6.21074
6.22237
6.21352
6.23631
6.22839
6.19484
6.03994
6.18206
6.11127
6.19255
6.18952
6.16318
6.15921
6.19538
6.15138
6.16373
6.1095
6.2293
6.18388
6.19383
6.20945
6.19963
6.22983
6.22234
6.2273
6.23005
6.22358
6.23217
6.22818
6.22023
6.21956
6.21705
6.18167
6.2105
6.19766
6.2133
6.18796
6.17594
6.21601
6.21344
6.20233
6.18118
6.177
6.21723
6.21903
6.2257
6.21028
6.20851
6.21159
5.49382
5.16355
4.73411
4.92335
5.16802
4.79685
3.71523
3.31421
4.24265
4.6034
3.50094
4.30197
5.2264
4.76282
4.68859
4.9768
4.6225
5.28281
4.88656
4.93523
5.09471
5.00965
5.25502
4.93283
4.78062
5.22662
5.47435
5.305
5.11542
4.59252
4.69988
5.59762
4.85983
5.34014
4.75039
4.70158
4.85165
5.6354
4.622
5.58146
4.78205
4.66438
4.78445
4.86726
4.7062
5.28059
4.79412
4.70154
5.24656
5.91022
5.22744
5.18631
5.27984
5.15124
5.11571
5.33576
5.6864
5.7086
5.3398
5.54142
5.59375
5.74456
5.89053
4.99269
5.29562
5.96795
6.19682
5.228
4.9393
5.43888
6.00138
4.26077
4.63321
5.47618
5.08629
4.75213
4.67982
4.2768
5.28398
4.99415
5.22365
4.56223
4.6709
5.24887
5.10259
5.3184
5.58897
5.84304
5.02271
5.04136
6.13793
6.11532
5.74736
5.58556
5.71149
4.9686
4.69305
5.33984
4.9766
4.87165
4.49952
4.65006
4.96955
4.92992
5.09056
6.17916
5.06239
4.47065
6.1828
5.86025
5.30122
5.37872
6.12857
5.3945
4.96422
5.1888
5.29725
5.04704
4.81485
4.93274
4.71959
4.88075
5.04949
4.9678
5.85544
4.94341
6.11504
4.96594
6.13826
4.93774
5.03243
5.99093
4.92146
4.93202
5.43799
4.87741
4.79851
4.96284
4.71041
5.30162
5.39866
4.81376
5.22769
5.86251
5.3173
5.10919
5.05416
5.32367
5.02232
4.92869
4.79656
4.9252
4.63192
5.00728
5.2993
5.25363
5.43692
4.49309
4.69195
4.63943
3.98762
3.51064
4.14531
5.0669
4.88571
5.41211
5.56897
5.91118
6.03604
5.2021
5.76033
5.99931
5.93801
4.87064
5.32765
5.31204
4.98465
5.43475
5.61171
5.08348
4.97239
5.4249
4.92336
4.9662
5.10832
5.05832
5.20812
4.88519
6.16899
6.14757
5.91481
4.56929
5.25186
4.77046
6.2323
6.22965
6.2327
6.23769
6.22702
6.22291
6.23667
6.23354
6.22481
6.22131
6.22916
6.23418
6.24994
6.22648
6.23242
6.27958
6.27592
6.25121
6.28561
6.2619
6.23251
6.2379
6.23258
6.22824
6.23566
6.22408
6.2301
6.22723
6.21782
6.2108
6.21466
6.21386
6.21546
6.22753
6.1968
6.23193
6.22197
6.21837
6.23123
6.21185
6.22187
6.22765
6.22289
6.22223
6.22228
6.22166
6.22493
6.22118
6.22081
6.21805
6.23356
6.23354
6.22471
6.22629
6.23111
6.22576
6.2326
6.23
6.22808
6.22648
6.22803
6.24523
6.23311
6.23373
6.24945
6.25313
6.238
6.23341
6.22462
6.23426
6.22804
6.22094
6.24299
6.26245
6.27324
6.27557
6.25777
6.25899
6.25663
6.2572
6.27735
6.28635
6.28045
6.24277
6.24843
6.25544
6.24875
6.26463
6.26669
6.23177
6.23063
6.2349
6.22536
6.22498
6.22898
6.22185
6.23892
6.22431
6.24261
6.24035
6.24973
6.22827
6.25689
6.23048
6.2245
6.22093
6.22221
6.22415
6.21666
6.2168
6.22038
6.22
6.22034
6.22036
6.21984
6.21882
6.22098
6.22371
6.226
6.22713
6.23139
6.22058
6.21861
6.22161
6.22956
6.21773
6.21869
6.21946
6.2341
6.22105
6.22656
6.24276
6.23088
6.23075
6.23654
6.22154
6.21946
6.2197
6.21769
6.21766
6.2253
6.21723
6.21874
6.21964
6.21636
6.21878
6.21815
6.22115
6.21917
6.21846
6.22984
6.22521
6.23119
6.23044
6.23886
6.22633
6.22804
6.23365
6.2377
6.23783
6.23391
6.23137
6.22587
6.23511
6.23185
6.23084
6.23033
6.23241
6.24169
6.23493
6.23202
6.24045
6.23176
6.23464
6.23628
6.23483
6.22788
6.25279
6.24785
6.26567
6.23391
6.25065
6.25452
6.26787
6.27227
6.25773
6.25692
6.25334
6.25208
6.27063
6.26778
6.28699
6.285
6.28108
6.23788
6.2429
6.27712
6.26929
6.231
6.23479
6.24573
6.26362
6.23424
6.25027
6.24691
6.23491
6.23181
6.23379
6.22563
6.22848
6.22401
6.2296
6.23166
6.22859
6.22586
6.23167
6.2258
6.22549
6.22831
6.2288
6.22124
6.22494
6.22223
6.22213
6.23496
6.22552
6.22802
6.23611
6.23227
6.22359
6.22227
6.22175
6.2209
6.22214
6.23242
6.22248
6.22881
6.22312
6.23494
6.22032
6.22007
6.22473
6.21984
6.22477
6.22429
6.2328
6.22353
6.22323
6.22958
6.23206
6.2333
6.22694
6.22064
6.22269
6.22533
6.22685
6.22095
6.22182
6.24969
6.24316
6.22829
6.24457
6.22596
6.22926
6.22367
6.2208
6.22647
6.23425
6.23205
6.22161
6.23513
6.23241
6.22258
6.22667
6.23326
6.22462
6.2263
6.22217
6.22585
6.22219
6.22318
6.22315
6.24153
6.24258
6.25554
6.2371
6.23914
6.26651
6.24331
6.2421
6.25492
6.25275
6.23767
6.23771
6.23824
6.24256
6.21909
6.22061
6.21704
6.22092
6.22081
6.21999
6.22059
5.62404
5.74529
5.63532
5.8627
5.81675
5.95982
5.45922
5.66103
5.48469
5.52458
5.51546
4.87649
4.59486
5.16696
4.90767
5.55088
4.96025
5.29041
5.42232
5.34458
5.56028
5.50889
4.9594
5.00421
5.58427
5.29819
4.59835
4.839
4.42196
6.16033
6.209
6.20088
6.20279
6.20669
6.12749
6.18608
6.11813
6.13026
6.11387
6.15937
6.17436
6.1961
6.16941
6.16974
5.23298
6.08207
5.97108
6.05194
5.97519
5.24856
6.07377
6.15866
6.11925
6.09901
6.02694
6.17132
6.1684
6.15563
6.13352
6.23455
6.23782
6.23669
6.24062
6.23485
6.23786
6.24366
6.20523
6.21351
6.2297
6.22625
6.21844
6.2221
6.22418
6.20519
6.21219
6.15609
6.184
6.15102
6.18755
6.19975
6.19603
6.18139
6.20218
6.21626
6.21712
6.21885
6.21297
6.21971
6.2379
6.25533
6.22084
6.24527
6.24748
6.22483
6.24181
6.24058
6.23849
6.23844
6.24086
6.23781
6.23124
6.24798
6.23387
6.22815
6.22063
6.21514
6.21384
6.21971
6.22606
6.23061
6.22604
6.23332
6.23935
6.2274
6.24236
6.23748
6.23737
6.2402
6.24682
6.24081
6.23963
6.22593
6.22104
6.22659
6.22603
6.22543
6.21751
6.21472
6.21846
6.21207
6.24198
6.23852
6.23564
6.23301
6.24136
6.2317
6.23591
6.23723
6.233
6.23306
6.22781
6.2327
6.22449
6.21768
6.21598
6.22681
6.23139
6.22325
6.21954
6.21698
6.22336
6.22619
6.21932
6.22134
6.21781
6.22291
6.22789
6.22462
6.21989
6.2248
6.21629
6.21604
6.22915
6.2232
6.22683
6.23118
6.22066
6.2299
6.22545
6.22547
6.22644
6.23072
6.23688
6.22967
6.23681
6.23844
6.23177
6.23356
6.24417
6.2389
6.23692
6.23784
6.2332
6.23191
6.21809
6.22797
6.2244
6.22556
6.22418
6.2414
6.21449
6.22787
6.22197
6.21395
6.22642
6.23338
6.22661
6.22451
6.22762
6.2339
6.23363
6.23191
6.23734
6.23878
6.23008
6.22952
6.22795
6.23594
6.23219
6.23479
6.2337
6.23343
6.21851
6.21815
6.23419
6.19873
6.21242
6.21956
6.21992
6.22418
6.22592
6.21989
6.22107
6.21446
6.21917
6.21629
6.21811
6.21683
6.21043
6.23368
6.22128
6.21941
6.22453
6.22369
6.21803
6.22792
6.23051
6.24179
6.23654
6.23464
6.24603
6.23263
6.24239
6.24218
6.24422
6.24411
6.23175
6.26906
6.26827
6.24321
6.26596
6.25095
6.25691
6.23173
6.23183
6.23737
6.23083
6.23626
6.23629
6.22996
6.24607
6.24086
6.23884
6.23753
6.23928
6.23786
6.23648
6.23476
6.24175
6.24027
6.23033
6.22395
6.23267
6.23424
6.21911
6.2197
6.21742
6.22191
6.22425
6.23178
6.2258
6.23618
6.22225
6.23027
6.21848
6.2197
6.25031
6.23272
6.22314
6.21312
6.22314
6.23902
6.2474
6.24108
6.25293
6.259
6.25502
6.26117
6.23452
6.23874
6.23908
6.24311
6.24809
6.25091
6.22081
6.24674
6.22444
6.23813
6.23466
6.22838
6.21937
6.2164
6.23673
6.22704
6.21585
6.21673
6.22525
6.21464
6.21259
6.22886
6.2322
6.23377
6.23356
6.22811
6.22324
6.2363
6.23463
6.23733
6.23399
6.22466
6.22444
6.22809
6.23173
6.22917
6.24233
6.24117
6.23637
6.22833
6.22969
6.24086
6.23798
6.23845
6.2256
6.23383
6.23864
6.23141
6.21805
6.21622
6.21188
6.21341
6.23157
6.2281
6.22374
6.2216
6.22901
6.22474
6.22799
6.22894
6.22214
6.23215
6.2185
6.21099
6.21598
6.21232
6.21929
6.22008
6.21809
6.22197
6.21863
6.2207
6.21694
6.22847
6.24222
6.23472
6.23675
6.23517
6.23254
6.23219
6.23419
6.23325
6.23533
6.23653
6.23593
6.23135
6.23154
6.23328
6.23888
6.23122
6.23458
6.23892
6.2352
6.23392
6.23396
6.22853
6.22232
6.23262
6.23412
6.23238
6.23616
6.23565
6.23766
6.23103
6.22871
6.23204
6.23413
6.23844
6.22659
6.23247
6.22999
6.23114
6.22157
6.22219
6.23189
6.22567
6.22511
6.22468
6.23525
6.235
6.22957
6.23269
6.22443
6.22438
6.22286
6.24586
6.24379
6.23637
6.23406
6.24035
6.24728
6.25652
6.23403
6.23967
6.22313
6.22676
6.23528
6.22797
6.23408
6.22381
6.22379
6.23131
6.22072
6.22047
6.22673
6.22579
6.22145
6.22194
6.22298
6.2269
6.22436
6.22491
6.21739
6.21893
6.22303
6.22037
6.24405
6.24789
6.25011
6.22385
6.26017
6.25919
6.22711
6.23945
6.22724
6.23465
6.23933
6.22326
6.22425
6.22296
6.22719
6.22087
6.22127
6.22032
6.22048
6.23506
6.22354
6.22647
6.224
6.25556
6.22981
6.23229
6.22385
6.23174
6.22968
6.2235
6.23054
6.21976
6.23644
6.23346
6.22797
6.23073
6.22931
6.22742
6.22214
6.22197
6.22645
6.21848
6.23216
6.22261
6.22216
6.21985
6.22609
6.22213
6.22224
6.22327
6.22511
6.22077
6.22506
6.22507
6.22915
6.22991
6.23118
6.22704
6.2359
6.23137
6.23028
6.2366
6.23998
6.23179
6.24143
6.22686
6.22663
6.23175
6.22471
6.226
6.23403
6.22455
6.22839
6.23499
6.22632
6.24633
6.21722
6.22916
6.23227
6.23502
6.24769
6.2465
6.25071
6.22842
6.21951
6.2279
6.23116
6.21811
6.20001
6.18896
6.23319
6.23177
6.20793
6.2277
6.24136
6.22874
6.24371
6.2311
6.2314
6.23162
6.24211
6.21893
6.2259
6.21409
6.21585
6.22769
6.24248
6.23416
6.24524
6.23054
6.23543
6.22694
6.24735
6.23594
6.23749
6.23814
6.24056
6.23696
6.22903
6.23382
6.23621
6.23064
6.24104
6.23627
6.24336
6.24173
6.23684
6.22758
6.22879
6.22169
6.22726
6.21941
6.2239
6.22212
6.22503
6.22651
6.22752
6.22468
6.23142
6.22892
6.22434
6.22313
6.22502
6.22135
6.22026
6.23112
6.23162
6.22743
6.23068
6.2312
6.23545
6.23662
6.22666
6.23884
6.22742
6.22659
6.23015
6.22999
6.22183
6.21473
6.21564
6.21714
6.21986
6.21916
6.23389
6.22505
6.22602
6.2203
6.23329
6.22719
6.22369
6.2237
6.22732
6.23136
6.22351
6.2275
6.23074
6.22552
6.22609
6.2347
6.23017
6.23199
6.23342
6.23178
6.23571
6.23014
6.22239
6.23127
6.23239
6.23287
6.22976
6.22784
6.23147
6.23836
6.23311
6.23049
6.22927
6.23209
6.22783
6.23179
6.23551
6.23589
6.23494
6.23385
6.23147
6.23314
6.23032
6.22269
6.21208
6.22345
6.21232
6.22131
6.23428
6.23148
6.23345
6.23175
6.23428
6.23243
6.22587
6.23455
6.23389
6.23006
6.23176
6.22976
6.2336
6.23471
6.23461
6.23237
6.23064
6.23154
6.23911
6.24024
6.23352
6.23059
6.23534
6.2375
6.23441
6.23704
6.23338
6.23423
6.23241
6.22642
6.2358
6.23307
6.23294
6.23012
6.2225
6.22054
6.22152
6.22238
6.22573
6.22254
6.2254
6.21279
6.22035
6.21978
6.22327
6.22051
6.22153
6.22556
6.22219
6.22559
6.22362
6.22627
6.22503
6.222
6.21927
6.22463
6.23375
6.23496
6.23222
6.23402
6.23619
6.23724
6.23454
6.23509
6.23286
6.23689
6.22281
6.22348
6.22857
6.22745
6.22365
6.22553
6.2251
6.22457
6.22164
6.22672
6.23225
6.2394
6.23113
6.23654
6.23386
6.23479
6.23409
6.23357
6.23159
6.23316
6.23771
6.22726
6.22696
6.22707
6.22781
6.22576
6.22665
6.22168
6.24124
6.23358
6.24051
6.2301
6.24022
6.24094
6.22898
6.22534
6.23875
6.23589
6.23129
6.23771
6.23448
6.23188
6.23206
6.23767
6.23142
6.22928
6.23542
6.22719
6.22686
6.23278
6.23693
6.23287
6.23275
6.2376
6.23569
6.23912
6.24044
6.23417
6.23095
6.23667
6.2378
6.23313
6.17635
6.19393
6.19306
6.20524
6.1979
6.18538
6.21177
6.20233
6.0967
6.07441
6.06774
6.15644
6.00103
5.9528
6.13276
5.94654
6.1246
6.11383
6.20248
6.2124
6.20898
6.21642
6.22087
6.21556
6.19711
6.20729
6.21429
6.21606
6.22278
6.23021
6.22601
6.22076
6.22018
6.13717
6.14346
6.1973
6.18456
6.1618
6.2056
6.1836
6.21476
6.223
6.18833
6.22233
6.22105
6.21406
6.20937
6.21253
6.22721
6.22752
6.22067
6.22333
6.23104
6.22192
6.23273
6.22434
6.24106
6.22194
6.21837
6.21847
6.21788
6.21626
6.22057
6.21823
6.21818
6.2277
6.22382
6.21157
6.21398
6.21767
6.22024
6.22692
6.21555
6.21035
6.21433
6.21513
6.22047
6.23794
6.23743
6.24414
6.24727
6.23788
6.22802
6.22265
6.22221
6.22199
6.22336
6.22504
6.21929
6.22026
6.22867
6.22703
6.22929
6.22415
6.22716
6.23102
6.2293
6.22528
6.22932
6.23074
6.22752
6.2283
6.22563
6.22084
6.22831
6.22765
6.22692
6.22666
6.22816
6.22471
6.22982
6.22943
6.23115
6.23313
6.23559
6.23385
6.23833
6.23528
6.23686
6.23393
6.23271
6.23432
6.2339
6.23422
6.22983
6.24197
6.22456
6.23466
6.23179
6.23669
6.22373
6.22559
6.22813
6.22431
6.22113
6.22774
6.22358
6.23329
6.23501
6.23083
6.23438
6.23228
6.23146
6.22975
6.23354
6.23162
6.23543
6.23568
6.23355
6.23206
6.21325
6.20668
6.2139
6.20785
6.19181
6.21724
6.19934
6.21094
6.2151
6.19524
6.18396
6.21287
6.1911
6.17864
6.21747
6.21691
6.21852
6.22114
6.21873
6.21757
6.2201
6.22784
6.2242
6.21601
6.21415
6.21471
6.20668
6.12095
6.19092
6.20843
6.20522
6.2123
6.2148
6.21532
6.21116
6.22215
6.22626
6.22671
6.23102
6.21884
6.22358
6.233
6.21985
6.22769
6.21637
6.2229
6.21521
6.21763
6.21635
6.21388
6.21563
6.21765
6.22034
6.21978
6.21802
6.21448
6.21403
6.21483
6.22008
6.23094
6.22424
6.22343
6.21788
6.2246
6.22181
6.21824
6.21585
6.21771
6.21718
6.21627
6.21882
6.21467
6.22494
6.22721
6.2288
6.23757
6.22654
6.22377
6.22335
6.22389
6.22512
6.22141
6.22599
6.22202
6.22117
6.23292
6.22021
6.22304
6.21737
6.21703
6.22597
6.23382
6.21935
6.22023
6.21752
6.23613
6.22439
6.23094
6.22244
6.21866
6.22939
6.22884
6.22046
6.22979
6.21976
6.21851
6.23051
6.23153
6.21846
6.21956
6.22123
6.21786
6.21693
6.22085
6.22912
6.2299
6.22998
6.22484
6.22535
6.23814
6.22181
6.22251
6.22234
6.22382
6.22363
6.22412
6.2265
6.23021
6.22722
6.23169
6.23425
6.2339
6.22986
6.23047
6.23089
6.22754
6.23059
6.22887
6.22622
6.22411
6.22478
6.22048
6.22209
6.22188
6.22436
6.2202
6.22247
6.22062
6.22196
6.22063
6.22004
6.2281
6.22111
6.22388
6.22319
6.23297
6.22687
6.23483
6.22936
6.22806
6.2291
6.23133
6.23009
6.23251
6.22157
6.22153
6.22122
6.22143
6.22273
6.22384
6.22354
6.2237
6.22351
6.22449
6.22411
6.22981
6.22502
6.22404
6.22382
6.22669
6.22778
6.22524
6.22545
6.21967
6.21945
6.22112
6.22358
6.22241
6.22346
6.22356
6.2234
6.22269
6.22427
6.22251
6.22665
6.23526
6.23666
6.22723
6.23731
6.23323
6.21742
6.21735
6.21727
6.21813
6.21937
6.21877
6.22684
6.22611
6.21987
6.21936
6.21958
6.23575
6.23566
6.23464
6.23395
6.23716
6.23388
6.23316
6.23495
6.232
6.2352
6.2307
6.22587
6.22215
6.23089
6.22656
6.22856
6.22971
6.23015
6.23067
6.22897
6.23234
6.23191
6.23295
6.23291
6.23263
6.22581
6.22338
6.22488
6.22625
6.22797
6.22854
6.22487
6.22945
6.22366
6.22541
6.22475
6.2247
6.22815
6.22304
6.22416
6.22212
6.22158
6.2222
6.22001
6.22882
6.23553
6.23473
6.23488
6.23337
6.23482
6.23112
6.23461
6.23336
6.23181
6.23566
6.23452
6.23514
6.23537
6.2336
6.23353
6.2325
6.23267
6.22883
6.23775
6.23309
6.23369
6.2388
6.23695
6.23282
6.23569
6.23107
6.23902
6.22348
6.22692
6.23218
6.22644
6.22997
6.23015
6.23052
6.23043
6.23196
6.2332
6.23354
6.23409
6.22978
6.23158
6.23242
6.22788
6.22575
6.23157
6.23264
6.22397
6.23099
6.22672
6.23126
6.22798
6.23231
6.22905
6.2298
6.22272
6.23003
6.22841
6.23167
6.23139
6.23144
6.2299
6.2298
6.22728
6.23123
6.22816
6.22792
6.22784
6.22982
6.22649
6.23207
6.23142
6.23385
6.23412
6.23321
6.23198
6.23121
6.23063
6.22979
6.23555
6.22775
6.23588
6.23084
6.25512
6.2235
6.23423
6.22671
6.2208
6.21973
6.22831
6.23256
6.21326
6.23011
6.23296
6.23003
6.22752
6.22536
6.22755
6.23111
6.21452
6.21501
6.21195
6.22266
6.21354
6.21107
6.22677
6.24365
6.24932
6.24973
6.24333
6.24348
6.24112
6.25251
6.24474
6.24981
6.24546
6.25552
6.24938
6.24702
6.2513
6.23322
6.2352
6.23454
6.23619
6.24816
6.24585
6.24359
6.23971
6.23732
6.23517
6.23525
6.23569
6.2366
6.23382
6.2444
6.24697
6.21359
6.21511
6.21778
6.22974
6.2213
6.23097
6.23824
6.2521
6.23205
6.25019
6.24065
6.22959
6.25482
6.23248
6.23224
6.22276
6.22659
6.22956
6.22337
6.22569
6.22898
6.22161
6.2255
6.22944
6.22302
6.22166
6.22106
6.22504
6.2256
6.22837
6.23027
6.23812
6.2288
6.23613
6.22109
6.22261
6.22007
6.21847
6.21879
6.2246
6.22499
6.2246
6.22072
6.22339
6.21992
6.23034
6.21901
6.22144
6.22636
6.22704
6.23032
6.22001
6.21793
6.21948
6.22802
6.22428
6.22237
6.22434
6.22282
6.22144
6.22285
6.22093
6.21927
6.24621
6.23419
6.23764
6.23961
6.23791
6.2384
6.24236
6.23517
6.24251
6.24036
6.24202
6.24065
6.23567
6.23531
6.2391
6.23514
6.23338
6.23506
6.2324
6.23322
6.23199
6.2312
6.24326
6.24158
6.24132
6.2382
6.23759
6.23857
6.23681
6.23803
6.25156
6.25337
6.24699
6.25366
6.24825
6.25471
6.22195
6.22123
6.22086
6.22969
6.22423
6.23496
6.22199
6.22031
6.22291
6.22238
6.22319
6.22263
6.23534
6.24214
6.22336
6.22327
6.23623
6.23041
6.23483
6.23405
6.22898
6.23428
6.23122
6.22716
6.22719
6.22682
6.23396
6.23205
6.23121
6.23438
6.22671
6.21953
6.22172
6.22054
6.21734
6.22046
6.21706
6.22442
6.22657
6.22081
6.23261
6.23786
6.23591
6.23905
6.24018
6.23775
6.23474
6.2279
6.23046
6.21956
6.2187
6.21946
6.22061
6.22019
6.21984
6.22153
6.22014
6.22201
6.21958
6.22094
6.22141
6.22551
6.23831
6.23395
6.23715
6.24608
6.23764
6.24134
6.22852
6.23631
6.23052
6.22006
6.22126
6.21965
6.22826
6.22507
6.22241
6.2213
6.23382
6.23458
6.22855
6.23245
6.23025
6.23161
6.23003
6.22376
6.22225
6.22617
6.21924
6.22411
6.21942
6.22918
6.22358
6.22272
6.22011
6.22228
6.22429
6.23018
6.22401
6.21638
6.21694
6.21624
6.21743
6.21772
6.21838
6.21725
6.21878
6.21949
6.21914
6.21535
6.21967
6.22033
6.21784
6.2194
6.21653
6.21483
6.23334
6.22858
6.22288
6.21931
6.21912
6.22311
6.22114
6.22162
6.22083
6.22209
6.22359
6.23094
6.22147
6.22561
6.22577
6.22645
6.22642
6.21665
6.22184
6.22194
6.22384
6.2235
6.22694
6.22291
6.22596
6.22332
6.22153
6.23116
6.22701
6.22727
6.23132
6.22127
6.22272
6.22086
6.21576
6.21903
6.22009
6.22696
6.22144
6.22193
6.22187
6.22095
6.22369
6.22186
6.23454
6.23653
6.23708
6.23661
6.23767
6.24037
6.24067
6.2395
6.22559
6.22996
6.24151
6.2362
6.24274
6.23484
6.23143
6.22142
6.22002
6.2278
6.22701
6.23636
6.23754
6.23744
6.24185
6.24308
6.24316
6.23992
6.22111
6.21675
6.21706
6.21813
6.21707
6.22195
6.22494
6.22307
6.21863
6.22303
6.22352
6.2275
6.22498
6.22741
6.22376
6.22528
6.22213
6.22424
6.2197
6.22183
6.22179
6.21873
6.21633
6.21987
6.21844
6.23207
6.22055
6.22333
6.21884
6.21795
6.22082
6.21756
6.2206
6.21851
6.21721
6.21853
6.224
6.22429
6.22086
6.22231
6.22208
6.22027
6.21683
6.21662
6.21624
6.21779
6.22138
6.21837
6.21828
6.22766
6.23144
6.24293
6.24238
6.23767
6.24065
6.23913
6.23936
6.24699
6.22112
6.22234
6.23171
6.23112
6.2441
6.24487
6.23963
6.24262
6.22438
6.23305
6.21658
6.21856
6.22737
6.23366
6.23147
6.22705
6.22237
6.22547
6.22932
6.22972
6.23435
6.24032
6.23631
6.23595
6.23462
6.24029
6.22233
6.22094
6.22567
6.22079
6.22115
6.22454
6.22267
6.22292
6.2195
6.22188
6.22172
6.22116
6.22089
6.2173
6.21879
6.21677
6.21773
6.21699
6.2177
6.21784
6.21776
6.21894
6.22065
6.22431
6.21854
6.2248
6.21909
6.21762
6.21906
6.22458
6.22374
6.21824
6.22914
6.21971
6.23497
6.23582
6.22456
6.22149
6.2355
6.22677
6.23991
6.24361
6.24462
6.24413
6.24154
6.24386
6.24555
6.24788
6.24308
6.24526
6.23695
6.24318
6.23919
6.23702
6.23178
6.23488
6.22697
6.22497
6.2241
6.22124
6.22234
6.21929
6.22268
6.22554
6.22524
6.22688
6.22238
6.22514
6.22604
6.22357
6.22464
6.22432
6.22892
6.23295
6.22726
6.2164
6.21746
6.21757
6.21683
6.22227
6.21739
6.21792
6.22195
6.21916
6.22314
6.21866
6.2192
6.22017
6.22082
6.22235
6.22555
6.22202
6.21946
6.21945
6.21822
6.21968
6.21781
6.22093
6.22013
6.22076
6.22119
6.21849
6.21612
6.21843
6.2229
6.21978
6.2182
6.21606
6.21868
6.21955
6.21936
6.21802
6.22639
6.22322
6.21982
6.21711
6.25363
6.25511
6.25534
6.25534
6.25546
6.25534
6.25559
6.25349
6.25303
6.25503
6.25525
6.25307
6.25304
6.25518
6.25526
6.2539
6.25332
6.25444
6.25401
6.25409
6.25397
6.255
6.25484
6.25438
6.25528
6.25517
6.25507
6.25503
6.25535
6.25539
6.25511
6.25398
6.25385
6.25364
6.25097
6.25427
6.25384
6.2533
6.25442
6.25512
6.25441
6.25452
6.25382
6.25508
6.25414
6.25386
6.25389
6.25434
6.22652
6.22837
6.23101
6.22681
6.22486
6.22668
6.2238
6.22157
6.21673
6.21755
6.21699
6.23367
6.22991
6.22878
6.22803
6.22691
6.23063
6.22858
5.16457
5.69043
5.54766
5.10232
4.95833
6.17384
5.17527
5.64473
5.1894
5.17599
5.12751
4.78703
5.52402
4.9968
4.796
5.64204
5.58168
4.76298
4.74177
4.38502
5.08252
4.42409
4.25694
4.58941
4.82581
4.8046
5.10758
4.86531
6.1875
6.1381
6.15537
6.07536
6.07759
6.11823
6.17355
6.15423
6.0725
6.15461
5.41198
5.16868
5.38093
5.57351
4.78111
5.01465
5.87434
5.25376
5.80932
5.59436
5.39384
5.4064
5.89667
5.80748
5.39664
5.41015
5.57379
5.6638
5.93367
5.96929
5.89348
5.82478
5.01424
5.45252
5.10654
5.27295
4.58586
4.89256
5.86716
5.96783
4.8053
5.06819
5.64274
5.35778
4.85462
5.43474
5.32507
5.65915
5.23266
5.16967
5.73065
6.00341
5.73654
5.83055
5.74893
5.72281
5.52072
5.01055
5.09079
5.60657
5.20947
5.44683
5.24615
5.859
5.5321
5.35637
5.83862
5.90795
5.4919
5.81815
5.63409
5.89172
5.81231
5.54443
5.17421
5.65048
5.44812
5.09424
5.85442
5.74379
5.99035
5.7661
5.75263
6.11331
5.21083
6.10915
6.14307
6.04702
6.04251
6.13894
6.0603
5.98391
6.04506
5.97363
5.83596
5.76631
5.91082
5.59344
5.74379
5.84227
5.72307
5.99166
5.61452
6.04873
5.98291
5.96318
6.05569
5.92224
5.86437
5.83608
6.10966
6.06369
6.0844
5.38037
5.61517
5.99414
5.95754
5.9727
5.90703
6.01546
5.69893
5.29827
5.65349
5.76499
5.74056
5.44277
5.49405
5.68133
5.79924
5.34548
5.87814
5.55784
6.25779
6.25894
6.2688
6.27355
6.27412
6.12384
6.16951
6.17981
6.16818
6.12634
6.16794
6.04506
6.10543
6.13836
6.12228
6.14422
6.10035
6.03371
6.11697
6.07276
6.01905
6.17404
6.16461
6.14388
6.03815
5.93078
6.04894
6.01853
5.88956
5.89389
6.12788
6.04518
6.1308
6.12348
6.07432
6.0551
6.07975
6.12731
6.16148
6.13621
6.12728
6.09081
6.2351
6.23416
6.23528
6.23432
6.23196
6.23619
4.80767
4.71576
5.04913
4.6946
5.34659
5.43073
4.80236
4.44759
4.67026
5.30387
4.84437
4.90798
5.10898
4.61732
5.0713
4.80837
5.30327
5.07462
4.91369
5.04078
5.57502
5.74953
5.35271
5.59354
5.3842
4.624
5.52996
5.19606
4.20489
5.39474
5.07353
4.90603
5.02597
5.19906
6.28106
6.27892
6.24158
6.26094
6.27167
6.26631
6.22789
6.22639
6.23113
6.2241
6.22466
6.22107
6.22059
6.22382
6.22513
6.22342
6.22174
6.22266
6.22874
6.22768
6.22767
6.25384
6.24735
6.23909
6.24408
6.2446
6.24759
6.22017
6.22603
6.2273
6.22453
6.21748
6.22127
6.2221
6.22732
6.2304
6.229
6.21588
6.22026
6.22245
6.22074
6.21621
6.25391
6.23984
6.25849
6.25036
6.23741
6.25581
6.22476
6.18412
6.18704
6.16046
6.18564
6.17737
5.54411
6.13797
6.03634
5.92456
6.02336
5.3067
6.09713
5.93863
5.8782
6.0788
5.93934
6.19336
6.18053
6.18026
6.13998
6.15339
6.13883
6.15212
6.14888
6.04828
6.1209
6.03687
6.22204
6.23661
6.24247
6.2404
6.22153
6.23642
6.22926
6.22231
6.21685
6.21881
6.21564
6.22085
6.21919
6.22801
6.18693
6.21859
6.2319
6.19022
6.19314
6.20829
6.20756
6.22187
6.22532
6.22632
6.23372
6.22711
6.23259
6.22478
6.2252
6.22951
6.22869
6.22689
6.2298
6.23517
6.23484
6.22873
6.2263
6.22658
6.23189
6.23797
6.22363
6.22326
6.22713
6.22661
6.23816
6.22409
6.18322
6.20386
6.22885
6.24781
6.23145
6.24621
6.24277
6.23005
6.2289
6.24303
6.23078
6.23502
6.22492
6.2519
6.24352
6.24331
6.24704
6.25524
6.23832
6.24147
6.26708
6.24501
6.2462
6.28503
6.25391
6.25378
6.25568
6.25428
6.23801
6.24048
6.17454
6.16899
6.18109
5.6662
6.14287
6.19135
6.21006
6.21032
5.3376
6.19717
6.19525
6.17943
6.19934
6.13331
6.17477
6.2034
6.18682
6.17774
6.22913
6.22723
6.23758
6.23047
6.24158
6.24381
6.22409
6.24416
6.23877
6.24658
6.23571
6.25272
6.24544
6.24064
6.23494
6.23065
6.23073
6.22717
6.22475
6.22758
6.22961
6.21694
6.21625
6.21751
6.21699
6.21671
6.22055
6.21805
6.21762
6.21977
6.21805
6.22107
6.22169
6.22188
6.23506
6.23663
6.23394
6.24051
6.24006
6.23527
6.22917
6.24776
6.22275
6.21928
6.21862
6.21601
6.22081
6.2171
6.2188
6.21801
6.2158
6.25508
6.25366
6.25498
6.25334
6.25464
6.25106
6.25454
6.25421
6.25349
6.25222
6.25347
6.25561
6.25317
6.2547
6.25434
6.25484
6.2528
5.77026
5.70907
5.64664
5.79739
5.75322
6.09276
6.16326
6.17293
6.07579
6.03589
6.02059
6.18897
6.00848
6.13564
6.15114
6.17237
6.0902
3.83206
4.65855
4.70095
3.94844
4.70068
4.89751
4.47274
4.84094
6.1539
6.1481
6.15601
6.15135
6.09082
6.26483
6.26493
6.26148
6.25728
6.26379
6.25611
6.10431
6.11108
6.11321
6.08459
6.07034
6.19427
6.18114
6.22685
6.21928
6.22712
6.23691
6.22762
6.2261
6.23834
6.22957
6.22754
5.51383
5.26321
5.15309
5.16834
5.59367
5.04517
5.36184
5.67314
5.76146
6.25226
6.26359
6.26401
6.26343
6.25046
6.28741
6.29496
6.277
6.27094
6.2739
6.25797
6.25214
6.26753
6.25039
6.26064
6.25336
6.22979
6.2396
6.22592
6.2455
6.2266
6.24816
6.25194
6.24286
6.24293
6.24821
6.25315
6.24795
6.25078
6.25404
6.25942
6.25705
6.25327
6.2518
6.2346
6.25288
6.23754
6.24425
6.2385
6.24572
6.25285
6.23592
6.28242
6.27353
6.28223
6.26217
6.24311
6.24364
6.2509
6.25017
6.24569
6.24496
6.24401
6.25122
6.25695
6.2481
6.24841
6.24418
6.25003
6.25264
6.24897
6.25555
6.25254
6.25715
6.25713
6.25346
6.25002
6.24303
6.24876
6.24851
6.25215
6.23932
6.24943
6.2309
6.24107
6.24455
6.25655
6.25201
6.26357
6.26029
6.26125
6.25885
6.25315
6.25717
6.25456
6.25516
6.25538
6.25509
6.25347
6.25492
6.25534
6.24996
6.24983
6.25599
6.25483
6.25425
6.25177
6.26631
6.26461
6.2448
6.27083
6.2589
6.28453
6.26318
6.26618
3.79816
4.61447
3.81516
4.61991
4.86188
4.3518
5.02807
6.25452
6.26026
6.25919
6.25152
6.2469
6.23942
6.26259
6.24913
6.21718
6.22471
6.22172
6.2177
6.21567
6.20268
6.20084
5.78447
5.685
5.89617
5.76407
5.84254
5.92646
5.92949
5.97412
6.12213
6.08627
6.10443
6.03108
6.02866
5.90285
5.93702
6.03085
5.75211
6.23959
6.24095
6.24004
6.23656
6.24643
6.24957
6.2401
6.24333
6.10557
6.11229
6.14288
6.09561
6.18361
6.1525
6.11296
6.17739
6.16573
5.94397
6.00386
5.94758
5.86657
5.91132
5.78666
6.10014
6.11821
6.06038
5.99829
3.18734
2.82546
4.83722
3.94736
4.875
3.95409
4.77109
3.58273
4.77425
3.88991
4.16386
4.92499
4.21206
3.77171
4.83621
5.01358
4.10648
4.80183
5.25033
4.1109
5.29968
4.5445
5.00102
4.19844
4.38658
4.3023
6.28072
6.27332
6.26758
6.2676
6.25911
6.26286
6.26989
6.27571
6.21887
6.22832
6.22739
6.2223
6.22558
6.21799
6.22045
6.2166
6.22027
6.22911
6.2476
6.24197
6.23848
6.24436
6.22995
6.19276
6.18514
6.2038
6.19754
6.09763
6.18261
6.1518
6.0347
6.12293
6.17368
6.08915
5.39016
6.15181
6.18963
6.15085
6.20699
6.20747
6.2168
6.11181
6.16473
6.14473
6.09929
6.14415
6.20746
6.207
6.21328
6.20976
6.21292
6.21976
6.21272
6.22055
6.23536
6.23507
6.23561
6.22248
6.22704
6.2272
6.23371
6.23046
6.22626
6.22913
6.2243
6.23217
6.23579
6.23366
6.22919
6.22344
6.23285
6.23102
6.22856
6.22774
6.22958
6.2276
6.22396
6.21315
6.21452
6.2141
6.21523
6.21792
6.21751
6.21573
6.21461
6.23894
6.23576
6.2412
6.24192
6.23051
6.23293
6.2277
6.22421
6.22733
6.22695
6.22942
6.22628
6.23168
6.23371
6.23348
6.23198
6.15775
6.1432
6.16356
6.124
6.1105
6.10384
6.23405
6.23407
6.23117
6.23226
6.23284
6.23143
6.2377
6.23629
6.23047
6.22947
6.18756
6.17106
6.14605
6.17589
6.17659
6.18678
6.18666
6.18801
6.22964
6.2271
6.22395
6.22102
6.22118
6.22695
6.22647
6.22866
6.22745
6.22163
6.22123
6.21893
6.22799
6.22432
6.21583
6.21592
6.21728
6.21765
6.21644
6.21666
6.2167
6.21855
6.23322
6.22973
6.22864
6.22431
6.22909
6.25289
6.25403
6.25111
6.24108
6.25985
6.25342
6.24383
6.2525
6.23286
6.23415
6.23765
6.24939
6.22593
6.24077
6.25736
6.23665
6.24843
6.25283
6.24063
6.23079
6.22754
6.22591
6.22397
6.2229
6.22184
6.23886
6.23734
6.23595
6.23251
6.23746
6.24161
6.241
6.23854
6.24034
6.23833
6.23648
6.22821
6.23014
6.24661
6.23826
6.2388
6.2552
6.25123
6.2521
6.24252
6.24344
6.24018
6.25395
6.24079
6.23012
6.24022
6.23735
6.23995
6.24725
6.25536
6.25657
6.25569
6.25625
6.25524
6.25593
6.2682
6.23818
6.25285
6.27728
6.25992
6.26207
6.23083
6.21841
6.2036
6.22484
6.2177
6.21637
6.20614
3.93382
5.02786
4.11877
4.74905
4.67504
4.59295
3.78073
3.9129
4.52045
3.6805
4.75712
5.08522
6.25364
6.2504
6.25469
6.25312
6.26457
6.26631
6.24391
6.24079
6.23324
6.23484
6.25886
6.26293
6.25994
6.25765
6.25541
6.24818
6.24884
6.26039
6.25583
6.21685
6.2157
6.21623
6.21577
6.21675
6.216
6.21799
6.21641
6.2165
6.22345
6.21998
6.23137
6.24038
6.23711
6.22326
6.22302
6.22752
6.23275
6.23204
6.23744
6.22111
6.21823
6.22533
6.23004
6.22345
6.19225
6.22843
6.23108
6.23084
6.23515
6.23439
6.23818
6.24551
6.24514
6.24636
4.13694
4.79543
3.95038
4.01942
5.41951
4.51084
6.22512
6.22483
6.22393
6.22122
6.22081
6.22354
6.22028
6.21979
6.22985
6.23399
6.23689
6.24058
6.22364
6.23717
6.23137
6.25682
6.24979
6.25104
6.24465
6.24215
6.23689
6.23285
6.22825
6.22624
6.22912
6.2375
6.23494
6.23966
6.2377
6.22373
6.23208
6.24117
6.23528
6.23854
6.23194
6.23394
6.23136
6.22831
6.22557
6.23555
6.2263
6.22157
6.23248
6.22463
6.23588
6.23248
6.2182
6.22054
6.22307
6.22387
6.22719
6.23004
6.23208
6.22931
6.22816
6.22801
6.23166
6.22374
6.22976
6.23303
6.22307
6.22733
6.22412
6.23411
6.24512
6.25902
6.24772
6.2527
6.23656
6.23085
6.24026
6.23348
6.2331
6.23318
6.2466
6.24018
6.24417
6.24354
6.24928
6.24431
6.22043
6.22941
6.22289
6.22824
6.22314
6.22332
6.2233
6.22548
6.22502
6.22173
6.22336
6.2443
6.24209
6.24172
6.25021
6.24773
6.25135
6.25191
6.25285
6.24838
6.24654
3.80329
4.00927
6.22891
6.23388
6.23233
6.24865
6.24604
6.24275
6.24146
6.23981
6.23684
6.23808
6.25528
6.24657
6.2419
6.23934
6.24698
6.25114
4.11948
4.28441
3.68874
4.97055
3.83001
4.82411
4.1826
6.2274
6.22159
6.23305
6.22376
6.22556
6.23243
6.23067
6.22095
6.22256
6.22468
6.22199
6.2217
6.22607
6.22778
6.22772
6.25367
6.24793
6.24537
6.25319
6.24257
6.2313
6.24708
6.21843
6.21736
6.21667
6.21698
6.21634
6.2233
6.22607
6.22464
6.22297
6.22055
6.22758
6.22264
6.2203
6.21877
6.23513
6.22218
6.22678
6.22571
6.22003
6.23334
6.21366
6.21196
6.24363
6.24118
6.24445
6.24151
6.21447
6.21897
6.22066
6.21548
6.2179
6.2158
6.21634
6.21447
6.21437
6.23725
6.23572
6.23611
6.23643
6.23336
6.24167
6.20598
6.22127
6.1893
6.20103
6.20113
6.20473
6.18296
6.13587
6.18601
6.16255
6.10414
6.16357
6.17371
6.2223
6.2273
6.22408
6.22129
6.2294
6.22851
6.2271
6.22887
6.22423
6.22635
6.22748
6.22671
6.22807
6.22905
6.22873
6.2238
6.24614
6.24193
6.24465
6.24186
6.2286
6.22658
6.22284
6.23019
6.245
6.24385
6.24691
6.23797
6.22724
6.24101
6.25251
6.21428
6.23505
6.25544
6.25689
6.25193
6.24795
6.24367
6.22984
6.22377
6.2333
6.21053
6.22297
6.26347
6.26116
6.26498
6.23042
6.24209
6.23667
6.25275
6.24771
6.25076
6.22482
6.25387
6.2582
6.25543
6.24979
6.25444
6.25369
6.24795
6.25139
6.25755
6.24651
6.2465
6.2466
6.21897
6.22189
6.22284
6.23034
6.2299
6.23328
6.23729
6.23703
6.24047
6.2399
6.24268
6.23663
6.23396
6.23904
6.22997
6.23979
6.23078
6.2261
6.23453
6.22944
6.23535
6.22388
6.2319
6.23548
6.24101
6.24623
6.2379
6.24942
6.2445
6.25308
6.25864
6.25724
6.25555
6.26164
6.25461
6.25272
6.19204
6.21742
6.17258
5.07156
6.06561
6.13836
6.14794
6.1326
6.12557
6.16416
6.06943
6.0913
5.28443
6.05088
6.22025
6.22041
6.21937
6.22333
6.22048
6.21668
6.21518
6.22967
6.22208
6.23201
6.23136
6.23136
6.23454
6.23341
6.23654
6.23098
6.2353
6.22553
6.22023
6.2271
6.224
6.22048
5.34418
5.544
5.83907
6.05401
5.85963
5.23112
5.75732
5.99467
5.34477
6.11384
6.10954
6.11643
6.14486
5.41624
5.07669
6.12339
6.1636
5.4117
6.08555
6.10972
5.97515
4.79539
5.81428
5.27649
6.22676
6.2307
6.23225
6.23385
6.22888
6.18944
6.16615
6.16063
6.17245
6.17278
6.06267
5.63376
4.81366
4.55015
5.97706
4.75284
4.55535
5.77458
5.75627
5.65425
5.88547
5.31196
5.60266
5.08974
4.94301
6.22406
6.21675
6.22363
6.22639
6.22011
6.23036
6.23594
6.2246
6.22268
6.23326
6.21978
6.21511
6.19707
6.17676
6.2053
6.1932
6.17808
6.17371
6.15539
6.17793
6.18485
6.15262
6.22419
6.22479
6.2346
6.26872
6.23255
6.22296
6.25772
6.24084
6.24133
5.97661
5.79832
5.5526
5.97823
5.81496
6.1529
6.13788
6.00608
6.0927
5.621
5.4347
6.21552
6.21987
6.21669
6.21782
6.21793
6.21654
6.23008
6.21794
6.22815
6.22368
6.22147
6.21629
6.21639
6.21548
6.21614
6.22669
6.23017
6.2309
6.2188
6.22874
6.23065
6.23192
6.22903
6.23275
6.23787
6.23504
6.23196
6.26044
6.22205
6.22662
6.22442
6.22377
6.23648
6.23281
6.23407
6.24482
6.24389
6.24866
6.23937
6.25145
6.23451
6.25619
6.23733
6.25925
6.25832
6.1332
6.09881
5.65533
5.52129
5.3547
5.91676
6.12914
5.97761
5.4664
5.59727
5.1585
5.14433
5.00803
5.23897
5.53248
5.46816
5.74541
5.32099
5.51292
5.73799
5.65613
5.56213
6.00373
5.12065
5.09069
5.2797
5.71417
5.8533
5.72512
5.68909
5.22968
5.20121
5.02022
5.55085
5.29442
4.75191
5.24324
6.14842
6.20764
6.21712
6.20819
6.21651
6.22432
6.03919
6.17623
6.12199
6.07906
6.22917
6.22945
6.22627
6.23268
6.23134
6.00012
6.11033
6.0698
6.0968
6.00093
6.01965
5.53573
6.08623
6.04251
6.23018
6.2244
6.22636
6.22849
6.2328
6.2258
6.22345
6.22415
6.22617
6.2238
6.22803
6.22435
5.61776
5.56473
5.88219
5.14217
5.4949
5.90326
5.79891
5.82349
5.90187
5.02191
5.7445
5.70364
5.10958
5.00999
5.60591
5.60154
6.00438
6.01
5.95892
5.92982
5.77203
5.4503
5.66523
5.81639
5.6764
5.43044
5.9618
5.23614
5.60824
5.70397
5.5323
5.56383
5.48264
6.03257
6.06331
5.31786
5.95477
5.27955
6.22132
6.2228
6.22785
6.23616
6.23378
6.23857
6.23115
6.25691
6.24044
6.22012
6.21974
6.22039
6.22053
6.22027
6.21552
6.21746
6.21593
6.22385
6.22569
6.22162
6.22643
6.22778
6.22559
6.2252
6.22186
6.22655
6.23244
6.22865
6.23198
6.23971
6.23699
6.22223
6.22025
6.21933
6.21773
6.21862
6.00523
5.88808
5.82082
5.68797
6.04869
6.05939
6.24405
6.23915
6.22899
6.2334
6.23537
6.23892
6.2256
6.22614
6.22766
6.20403
6.20607
6.18725
6.18567
6.22308
6.2312
6.24956
6.24013
6.2387
6.11948
5.69163
5.79218
6.16434
6.16991
5.86317
6.22792
6.22286
6.23469
6.24298
6.24498
6.00119
5.85652
5.94311
6.06632
5.83972
5.57109
5.57127
5.27249
5.47776
5.20979
5.7468
4.79172
5.47997
4.89117
5.39919
6.03253
5.56886
5.5746
5.36109
5.9522
5.90998
5.59926
5.63204
5.83488
5.98842
5.56253
5.47153
6.22969
6.23659
6.23611
6.25806
6.24093
6.15284
6.1878
6.17363
5.93509
6.21964
6.21523
6.20313
6.17146
6.22114
6.22251
6.21935
6.18841
4.98246
5.51991
5.88769
4.98982
4.4567
4.86715
5.41555
5.16129
5.33698
5.57647
5.25357
5.22097
6.02645
5.99661
5.79711
5.57799
5.76995
5.96402
5.59602
5.44559
6.24694
6.25281
6.25128
6.24598
6.24899
6.2567
6.26297
6.2497
6.25393
6.24936
6.2531
6.25348
6.23559
6.25179
6.24782
6.24541
6.25147
6.24774
6.24437
6.23195
6.24892
6.23849
6.24427
6.16814
6.08642
6.12901
6.12371
5.88991
6.24033
6.24574
6.25813
6.26089
6.25011
6.25641
6.15596
6.02085
5.90372
6.09525
5.35709
5.26813
4.64988
5.1219
5.60246
4.88127
4.73868
5.04595
6.22055
6.21715
6.2195
6.2245
6.22047
6.22262
6.21894
6.21982
6.19845
6.20062
6.18407
6.12996
6.14785
6.15921
6.22107
6.21582
6.21589
6.21798
6.2198
6.21991
6.21597
6.22381
6.22806
6.22922
6.22728
6.22293
6.22169
5.89598
5.59162
5.6282
5.79251
5.88426
5.51808
5.88938
5.63878
5.74836
5.48914
5.29283
5.77707
6.14316
6.11323
6.13047
6.09752
5.78063
6.19299
6.15915
6.03296
5.86805
5.76436
6.1404
6.01947
5.97046
6.01752
5.79143
5.79748
5.37593
5.74955
6.07777
5.72882
6.05674
6.04853
5.87273
5.63
5.84442
5.76963
5.50069
5.51857
5.49679
5.67517
6.2172
6.21589
6.21673
6.21742
6.21979
6.21592
6.22575
6.21957
6.20814
6.21148
6.21275
6.23142
6.22291
6.22066
6.23353
6.22242
6.22126
6.22332
6.21854
6.21857
6.21626
6.21719
6.21719
6.22384
6.21671
6.21733
6.21562
6.21805
6.23043
6.22185
6.21932
6.22898
6.21916
6.2197
6.22624
6.22097
6.22762
6.21851
6.21686
6.23922
6.22488
6.22859
6.22255
6.22281
6.21625
6.21667
6.21581
6.2153
6.21626
6.21774
6.2299
6.22324
6.2313
6.22239
6.21848
6.21921
6.21945
6.21575
6.2182
6.21715
6.21659
6.21682
6.2168
6.21806
6.21567
6.21526
6.21695
6.217
6.21774
6.21646
6.22594
6.22398
6.2207
6.21735
6.21737
6.21526
6.21568
6.21666
6.21888
6.23756
6.24579
6.24736
6.23561
6.23453
6.23999
6.23881
6.23406
6.23958
6.21565
6.23359
6.21735
6.21871
6.22797
6.22755
6.23817
6.22406
6.2184
6.22131
6.21897
6.22129
6.21761
6.2201
6.22311
6.2475
6.22834
6.23321
6.23425
6.23266
6.21616
6.21643
6.21578
6.23273
6.2288
6.22825
6.22684
6.22612
6.22745
6.22978
6.23299
6.23028
6.23282
6.22924
6.22928
6.22951
6.22731
6.22342
6.21628
6.21826
6.21609
6.21648
6.21842
6.22199
6.21992
6.22015
6.22826
6.22543
6.2331
6.23095
6.23091
6.23203
6.23113
6.23037
6.22953
6.22884
6.21989
6.22853
6.22941
6.22785
6.22889
6.22537
6.22404
6.22041
6.22495
6.23231
6.22897
6.23112
6.23228
6.22951
6.23045
6.22976
6.22505
6.21821
6.22037
6.22928
6.22484
6.22662
6.2244
6.22331
6.231
6.23089
6.22995
6.22702
6.2281
6.22451
6.22251
6.22274
6.22
6.22155
6.22059
6.22932
6.23385
6.23862
6.2391
6.22995
6.23115
6.23288
6.22132
6.21916
6.22539
6.2206
6.21579
6.22962
6.23081
6.23092
6.23104
6.23299
6.23115
6.22195
6.22768
6.22936
6.22597
6.22631
6.22231
6.22188
6.22132
6.22057
6.22044
6.21796
6.21649
6.21581
6.21592
6.21629
6.21695
6.21646
6.21581
6.21553
6.21617
6.21706
6.21952
6.2174
6.22019
6.22109
6.21768
6.21827
6.22663
6.23295
6.23047
6.22915
6.22801
6.22998
6.21579
6.2281
6.22029
6.2206
6.2203
6.22623
6.21627
6.21743
6.21819
6.21761
6.21784
6.21612
6.2176
6.22402
6.22576
6.22652
6.22601
6.22821
6.22507
6.18766
6.19423
6.22687
6.23018
6.23014
6.22396
6.22439
6.21837
6.215
6.2281
6.22214
6.21867
6.21735
6.21667
6.21584
6.21648
6.2163
6.21731
6.21555
6.21688
6.22069
6.22071
6.21986
6.22139
6.22448
6.22238
6.22158
6.22121
6.21853
6.21816
6.21941
6.21757
6.21849
6.21763
6.21876
6.2142
6.2177
6.19069
6.21574
6.21816
6.22656
6.20724
6.17502
6.07355
6.18506
6.21837
6.21651
6.22608
6.20798
6.19949
6.2079
6.23169
6.22998
6.23084
6.22825
6.22058
6.23261
6.21978
6.21851
6.21806
6.21682
6.21668
6.21951
6.21953
6.21688
6.22025
6.22107
6.21672
6.22068
6.21768
6.22485
6.23591
6.23783
6.24067
6.22907
6.23949
6.22421
6.22229
6.22764
6.23517
6.23288
6.23738
6.23505
6.23167
6.22848
6.2257
6.2324
6.23229
6.23541
6.23227
6.22929
6.18241
6.16275
6.17131
6.19582
6.18918
6.13731
6.15596
6.06206
6.01948
6.22208
6.23056
6.23146
6.23074
6.22837
6.22621
6.22695
6.23152
6.22323
6.22426
6.22613
6.22603
6.22498
6.22162
6.2274
6.235
6.233
6.2381
6.23121
6.23488
6.24157
6.23388
6.23129
6.22917
6.23292
6.22965
6.23091
6.23003
6.2268
6.23119
6.22474
6.22498
6.22351
6.23096
6.22293
6.22443
6.22611
6.22357
6.22952
6.2312
6.23056
6.23305
6.22852
6.23145
6.22881
6.22991
6.22693
6.22227
6.23099
6.22896
6.22351
6.23176
6.2317
6.23075
6.22395
6.22686
6.22891
6.22811
6.22914
6.20668
6.22511
6.22192
6.2246
6.22138
6.23559
6.23107
6.23091
6.23238
6.23227
6.22097
6.22506
6.21731
6.22874
6.24221
6.23061
6.24291
6.23581
6.23956
6.24233
6.25146
6.22711
6.23384
6.23123
6.23342
6.22963
6.24157
6.23601
6.23655
6.22696
6.22796
6.24059
6.23629
6.23256
6.22716
6.22987
6.23035
6.23072
6.22707
6.22589
6.23024
6.22913
6.22808
6.2308
6.21988
6.24515
6.25099
6.24266
6.23919
6.23966
6.23748
6.24775
6.23957
6.22849
6.22543
6.231
6.22267
6.22336
6.22272
6.22867
6.23317
6.21691
6.2237
6.2268
6.22622
6.227
6.2258
6.24666
6.25218
6.22682
6.22577
6.22276
6.23594
6.23545
6.23399
6.21893
6.21817
6.22447
6.21501
6.22632
6.22325
6.22457
6.22238
6.24407
6.23076
6.23217
6.2433
6.22664
6.23759
6.23565
6.23766
6.23542
6.2418
6.22303
6.22424
6.22384
6.22346
6.22515
6.22525
6.22762
6.22024
6.22973
6.22757
6.22698
6.23027
6.22938
6.22007
6.23104
6.22286
6.23134
6.23029
6.23059
6.22921
6.22484
6.22602
6.23363
6.22402
6.22362
6.22247
6.22539
6.21918
6.22667
6.22562
6.23568
6.22832
6.22967
6.23358
6.22817
6.23116
6.23106
6.22927
6.24129
6.23878
6.23336
6.24535
6.23922
6.22704
6.23248
6.22983
6.22455
6.22415
6.22773
6.21606
6.22967
6.22428
6.21067
6.22217
6.22309
6.22922
6.2276
6.23214
6.2292
6.22437
6.21853
6.2191
6.22997
6.22046
6.22184
6.23636
6.2276
6.2358
6.23133
6.22411
6.24265
6.23723
6.22686
6.21983
6.23089
6.22163
6.22427
6.22867
6.22602
6.23906
6.22303
6.23176
6.23569
6.23124
6.23667
6.2438
6.22537
6.22235
6.22776
6.24125
6.24466
6.24019
6.23424
6.23608
6.24519
6.24573
6.24926
6.24646
6.21028
6.24138
6.22495
6.23147
6.24217
6.22614
6.22864
6.21963
6.21658
6.22355
6.22661
6.23596
6.23416
6.24333
6.2266
6.22226
6.21376
6.22296
6.21875
6.2221
6.23463
6.23664
6.22893
6.23656
6.23502
6.23242
6.2348
6.22879
6.22496
6.22964
6.23732
6.23112
6.23739
6.23839
6.23657
6.23188
6.23638
6.21686
6.21346
6.22847
6.22306
6.22307
6.2121
6.21698
6.2255
6.22758
6.2233
6.22171
6.22258
6.22564
6.22802
6.22324
6.22617
6.22631
6.21775
6.23781
6.23562
6.2333
6.23607
6.23549
6.21827
6.22272
6.23093
6.22919
6.21978
6.24547
6.23677
6.22125
6.23093
6.24334
6.24432
6.23949
6.24065
6.24373
6.24287
6.23455
6.2344
6.23771
6.24002
6.2397
6.23639
6.22189
6.2222
6.21548
6.21791
6.22021
6.21206
6.22496
6.22431
6.22343
6.22865
6.23006
6.22886
6.2237
6.22874
6.22825
6.22931
6.23384
6.2317
6.23205
6.23185
6.22922
6.23654
6.23653
6.23568
6.23912
6.23783
6.23619
6.24034
6.23329
6.23393
6.22704
6.2168
6.22976
6.22782
6.22695
6.22313
6.22534
6.22258
5.31468
5.55674
5.40083
5.80929
5.84597
5.50611
5.03659
4.98617
5.63955
5.50148
4.82471
5.43172
5.25048
5.64494
6.21794
6.21833
6.21768
6.21847
6.21706
6.21734
6.21621
6.23071
6.22327
6.21648
6.24757
6.25502
6.2441
6.24191
6.24888
6.23433
6.25703
6.26085
6.25038
6.25339
6.24583
6.24175
6.24801
6.23969
6.24161
6.23255
6.23132
6.22868
6.22371
6.22957
6.2282
6.22622
6.23468
6.2371
6.23141
6.23169
6.22847
6.22102
6.22565
6.22402
6.22535
6.23506
6.22456
6.22501
6.22525
6.22555
6.22172
6.22437
6.22372
6.22522
6.22583
6.21939
6.24063
6.22223
6.22655
6.22855
6.22764
6.22401
6.22732
6.22627
6.23369
6.24286
6.22912
6.22769
6.22524
6.22586
6.2292
6.23091
6.22689
6.24303
6.25516
6.24823
6.24182
6.25704
6.25193
6.23804
6.24544
6.23897
6.2376
6.24671
6.24108
6.24168
6.23261
6.24389
6.24379
6.25329
6.23797
6.24805
6.2276
6.2253
6.24248
6.22886
6.2295
6.23425
6.22818
6.23134
6.23268
6.22678
6.23732
6.23437
6.23066
6.23321
6.23573
6.23456
6.23641
6.23129
6.2336
6.21629
6.21652
6.21979
6.21625
6.21766
6.21934
6.21704
6.21954
6.2233
6.21834
6.2181
6.22069
6.21972
6.21777
6.21673
6.22318
6.21942
6.22313
6.22204
6.22282
6.22499
6.22043
6.22369
6.22204
6.22367
6.22614
6.22658
6.22341
6.22275
6.22334
6.22203
6.22072
6.22363
6.21691
6.21717
6.21894
6.22057
6.21746
6.21988
6.22025
6.22085
6.24892
6.2369
6.23241
6.23791
6.23712
6.2366
6.24289
6.23546
6.23684
6.23288
6.23895
6.23885
6.23113
6.23447
6.23608
6.23537
6.22569
6.22665
6.22467
6.23827
6.23187
6.22798
6.23094
6.2255
6.22831
6.23588
6.22298
6.22468
6.24076
6.23187
6.23295
6.23223
6.23437
6.22696
6.23075
6.23317
6.23017
6.23343
6.2377
6.23435
6.2281
6.21704
6.22139
6.2177
6.21934
6.22134
6.22038
6.22723
6.22474
6.22597
6.22684
6.2296
6.23259
6.23038
6.233
6.22791
6.22916
6.23103
6.2339
6.2307
6.24372
6.22315
6.2249
6.22258
6.22241
6.22433
6.23554
6.24392
6.23394
6.22928
6.23889
6.23592
6.24566
6.23743
6.23619
6.2347
6.23858
6.2398
6.23609
6.23512
5.52072
6.06975
6.06375
5.51381
5.63489
5.58731
5.81502
5.61763
5.46207
6.09026
5.74555
5.63668
5.81912
5.91219
5.41258
5.87897
5.53193
5.70558
5.64776
5.38562
5.63016
5.65808
5.59154
5.8002
5.85462
5.9209
5.57275
6.08319
5.73661
5.80612
5.52086
5.40747
5.79136
5.61927
5.46064
5.67504
5.84752
5.96087
5.41329
5.52424
5.75411
5.34389
5.52026
5.56406
5.5945
5.78661
5.77226
6.09774
5.61652
5.51406
5.72451
5.69938
5.86561
6.10571
5.72315
5.77493
5.77454
5.88271
5.58211
5.58498
5.7884
5.91023
5.73936
5.50689
5.60867
5.45128
5.46903
5.34262
6.07539
5.27535
5.94515
5.18669
5.52153
5.43099
5.19272
5.34147
5.42372
5.28555
5.45003
5.57852
5.83745
5.38997
5.46623
5.75383
5.43726
5.75838
5.63598
5.68413
5.44726
5.70853
5.45093
5.61661
5.50693
5.29046
5.055
5.23065
5.43503
6.01606
5.50426
5.37511
4.78432
6.14918
6.19454
6.20127
6.14425
6.2153
6.22002
6.2162
6.18955
6.15511
6.15524
6.19705
6.20119
6.20432
6.17493
6.20832
6.11195
6.15214
6.02168
6.15894
6.1815
6.23121
6.23589
6.23477
6.23461
6.23385
6.23218
6.21984
6.2317
6.22721
6.2227
6.23103
6.2266
6.22617
6.21794
6.22846
6.22184
6.2274
6.23288
6.22988
6.22813
6.22421
6.22468
6.22737
6.23129
6.01953
5.94779
5.8935
5.68517
5.8351
5.91237
5.69999
5.78142
5.77211
5.42355
6.01996
6.08613
6.11262
6.1
6.09586
6.04979
4.99236
5.71849
5.89184
5.98877
5.68308
5.7632
5.4642
5.70137
5.47286
6.22799
6.22884
6.22144
6.22884
6.23094
6.22554
6.22165
6.22557
6.22707
6.22517
6.22117
6.22722
6.22829
6.22525
6.26968
6.27069
6.2511
6.25681
6.25873
6.25185
6.25835
6.24687
6.25077
6.23425
6.24398
6.25772
6.24107
6.2376
6.23336
6.2381
6.24974
6.23256
6.076
5.92956
6.08926
5.89301
5.96659
5.82536
6.0757
6.13627
6.09955
6.13655
5.54179
5.65383
5.60545
5.51291
5.62951
5.88297
5.69496
5.81938
6.17915
6.08651
6.03283
5.68743
5.61361
5.63524
6.22077
6.21659
6.2196
6.21992
6.21964
6.2201
6.2205
6.23479
6.2373
6.23456
6.2289
6.23685
6.24053
6.22985
6.24737
5.87882
5.52283
5.65438
5.86706
5.92365
6.03877
6.03388
5.4346
5.64705
5.71628
5.56482
5.90801
6.24515
6.24948
6.24607
6.25102
6.24481
6.2361
6.24637
6.24571
6.25052
6.24989
6.24288
6.24454
6.24756
6.2586
6.2608
6.23984
6.25512
6.25737
6.26297
5.86578
6.02371
5.71731
6.08682
5.56213
5.9753
5.94924
6.09779
6.03956
6.11114
5.92591
6.22584
6.22762
6.23124
6.22673
6.22302
6.22469
6.22787
6.25334
6.23979
6.2478
6.24922
6.2519
6.24303
6.24754
6.23599
6.25277
6.25624
6.24239
6.25758
6.25714
6.25933
6.23479
6.22565
6.23116
6.22918
6.22761
6.23145
6.23002
6.22822
6.23146
6.226
5.89136
6.04995
5.82081
5.79532
5.98002
5.97304
5.977
6.22505
6.2219
6.22711
6.23589
4.73154
5.14626
4.85887
5.42649
5.74052
5.21466
4.92643
5.53781
6.15327
6.16247
6.04464
6.08626
6.13543
6.14213
6.1584
5.53882
5.64334
5.59787
5.31741
5.80824
5.46914
5.82651
5.90592
6.24914
6.24944
6.24629
6.24561
6.24999
6.25128
6.24921
6.2472
6.24941
6.24631
6.23937
6.2365
6.23037
6.2303
6.22872
6.21793
6.21902
6.22595
6.22453
6.2048
6.22136
6.20925
6.20149
6.20265
6.20224
6.19533
6.2049
6.22733
6.21928
6.20024
6.2105
6.22586
6.20567
6.20498
6.14678
6.19209
6.14625
6.17653
6.18973
6.19704
6.20247
6.18571
6.17624
6.14107
6.1771
6.12256
6.16491
6.13229
6.16776
6.10759
6.14963
6.10674
6.13913
6.12087
6.2405
6.23326
6.23249
6.23503
6.22989
6.2281
6.22276
6.22575
6.22667
6.22177
6.23115
6.22362
6.22786
6.2254
6.23774
6.22255
6.23102
6.24351
6.23961
6.23815
6.21772
6.22637
6.2244
6.2351
6.23651
6.23992
6.24637
6.25165
6.2488
6.2408
6.24323
6.2438
6.2349
6.25141
6.23633
6.23268
6.23943
6.23673
6.23223
6.23404
6.23307
6.22765
6.24663
6.24218
6.2308
6.2372
6.23433
6.23695
6.23737
6.23773
6.23559
6.23817
6.2307
6.23631
6.23354
6.23001
6.23825
6.23838
6.23942
6.21952
6.22379
6.22644
6.22633
6.21671
5.67477
5.91129
5.64901
5.52315
5.5443
5.89745
5.79503
5.80396
5.59997
5.41714
5.68275
5.32746
5.55862
6.13792
6.12432
6.15242
6.14515
6.19094
6.1964
6.12223
6.0482
6.19816
6.11873
6.11777
6.08797
6.11106
6.09705
6.14034
6.18074
6.18154
5.99198
6.02633
6.09249
5.94866
5.95999
6.01152
6.08818
5.82017
5.89445
5.76149
6.10872
6.12172
5.82716
5.65753
5.60325
6.05811
6.10162
6.1074
6.02808
6.02835
5.91092
6.21916
6.22059
6.21925
6.21977
6.2215
6.22288
6.22161
5.89774
5.93959
5.85319
6.02148
5.92104
5.76653
5.91994
6.0575
5.77383
5.79045
5.7372
5.65517
5.43214
5.53921
5.73401
5.68167
5.5139
5.01237
6.21757
6.22912
6.22451
6.22552
6.2284
6.22078
6.22074
6.22128
6.2214
6.22131
6.22205
6.21935
6.22544
6.22802
6.22248
6.21895
6.23125
6.22692
6.22633
6.22518
6.23793
6.23531
6.23167
6.23231
6.22707
6.2326
6.2351
6.23039
6.22108
6.22256
6.22253
6.22173
6.21817
6.22161
6.22737
6.22377
6.23394
6.23392
6.23369
6.22807
6.2324
6.22506
6.23141
6.23097
6.23868
6.22322
6.2364
6.22839
6.2352
6.2353
6.2268
4.95554
5.22603
5.39996
4.63541
5.11387
4.58037
5.13026
5.38666
6.21773
6.22791
6.2152
6.22898
6.21163
6.24895
6.25097
6.23654
6.23635
6.24109
6.24404
6.24682
6.24456
6.23015
6.23913
6.23
6.23382
6.23847
6.22578
6.23573
6.22018
6.24368
6.24214
6.23185
6.24583
6.22351
6.23956
6.22906
6.23161
6.23434
6.24494
6.23844
6.23699
6.23806
6.23559
6.23866
6.22695
6.23351
6.22889
6.22358
6.23546
6.22743
6.2279
6.22676
6.22836
6.22473
6.22656
6.2298
6.23274
6.2329
6.22237
6.22222
6.22326
6.22207
6.23543
6.22859
6.23446
6.22427
6.22403
6.22376
6.22162
6.22697
6.21956
6.2235
6.22232
6.23499
6.23076
6.22902
6.22625
6.22876
6.22091
6.24114
6.23349
6.24729
6.24729
6.2336
6.24425
6.24057
6.2451
6.25106
6.24617
6.24305
6.22562
6.22515
6.22269
6.22617
6.22577
6.22298
6.22457
6.25521
6.25529
6.25248
6.25187
6.25583
6.20912
6.21373
6.20497
6.19479
6.22401
6.19636
6.20633
6.2172
6.22397
6.15804
6.1427
6.19949
6.2337
6.23232
6.2359
6.23147
6.23187
6.2367
6.22978
6.22747
6.22382
6.22866
6.22478
6.2346
6.23363
6.23873
6.24233
6.24273
6.24244
6.22399
6.22825
6.22328
6.23275
6.22233
6.22618
6.22804
6.22456
6.2236
6.22907
6.22208
6.24881
6.24665
6.24802
6.24828
6.25581
6.23102
6.23394
6.22948
6.23123
6.22918
6.2172
6.22057
6.2295
6.22432
6.23882
6.22136
6.22339
6.22241
6.21491
6.24089
6.24036
6.24023
6.223
6.22108
6.22028
6.22348
6.22267
6.22828
6.22392
6.2263
6.22552
6.21945
6.22959
6.22928
6.23255
4.95845
4.52223
4.77619
5.21424
5.39633
4.25169
5.26009
5.21271
6.23773
6.2297
6.23694
6.23287
6.23322
6.2328
6.23695
6.22841
6.22939
6.22984
6.23523
6.24193
6.23985
6.24203
6.24011
6.23659
6.24704
6.24595
6.23431
6.22846
6.22955
6.22886
6.22311
6.23676
6.22136
6.23596
4.27094
4.84524
5.46097
5.16218
5.27514
5.35276
6.235
6.23826
6.23727
6.23203
6.2394
6.23716
6.24315
6.24204
6.24891
6.24165
6.24836
6.25021
6.2485
6.24751
6.24591
6.2447
6.22055
6.22885
6.22841
6.22639
6.22442
6.21204
6.22328
6.22208
6.21502
6.21667
6.23864
6.23491
6.22696
6.24181
6.22758
6.20362
6.20408
6.20833
6.21843
6.21207
6.19199
6.21631
6.22317
6.22558
6.22152
6.21526
6.22205
6.2225
6.21617
6.21554
6.2211
6.19748
6.22686
6.21137
6.21615
6.19168
6.20289
6.20227
6.18893
6.15569
6.16598
6.0566
6.06885
6.06166
6.03683
6.06085
6.22439
6.22376
6.22841
6.22876
6.22445
6.2262
6.23019
6.23535
6.23738
6.23209
5.60002
5.6431
5.63991
5.59907
5.50239
5.58312
4.75444
5.0857
5.41295
5.47988
5.1126
5.68814
6.11936
6.04106
6.0733
6.03078
5.95327
5.97266
5.5585
5.87931
5.65408
5.63224
5.96205
5.71487
5.75362
5.50824
5.76145
5.92877
5.92776
5.80682
5.70854
5.98682
6.2199
6.21719
6.22164
6.21942
6.21629
6.21928
6.21962
6.21921
6.21694
6.21945
6.22178
6.22202
6.218
6.22345
6.21969
6.21838
6.21881
6.21733
6.22239
6.226
6.21831
6.22988
6.21742
6.22854
6.2272
6.22282
6.23872
6.24121
6.23205
6.24187
6.24455
6.23175
6.23364
6.2385
6.2234
6.23603
6.24449
6.24173
6.23787
6.24307
6.24473
6.23809
6.2431
6.21382
6.22472
6.23377
6.22963
6.22701
6.22636
6.22857
6.21512
6.22837
6.22683
6.21613
6.2243
6.22193
6.22801
6.22412
6.22171
6.22548
6.22177
6.21885
6.21969
6.22298
6.21892
6.22274
6.22166
6.22241
6.21916
6.22218
6.22745
6.22615
6.22904
6.22702
6.22119
6.22117
6.22293
6.22529
6.22335
6.22205
6.22038
6.22081
6.22542
6.22171
6.22516
6.2334
6.23041
6.23047
6.22866
6.22726
6.23423
6.23018
6.22125
6.22399
6.22063
6.21669
6.22404
6.22338
6.2218
6.22312
6.22577
6.22417
6.22418
6.21729
6.20384
6.22478
6.21314
6.19998
6.23226
6.23126
6.23091
6.23044
6.23286
6.22402
6.21929
6.22467
6.22642
6.21937
6.22266
6.22136
6.2219
6.2181
6.21684
6.21998
6.2158
6.21728
6.21473
6.22303
6.21243
6.22217
6.22419
6.22249
6.20821
6.21632
6.22025
6.19929
6.2149
6.21627
6.15703
6.15429
6.16856
6.12215
6.14321
6.10578
6.12242
6.23238
6.23087
6.23294
6.23041
6.22919
6.06324
5.93576
5.91103
5.87377
5.8495
5.89296
5.79844
6.23216
6.22953
6.23155
6.22871
6.22584
6.23172
6.22361
6.22866
6.22443
6.2161
6.21909
6.21667
6.21964
6.2156
6.22255
6.21566
6.22138
6.22406
6.22303
6.22228
6.22079
6.22196
6.25131
6.24885
6.23844
6.22524
6.25074
6.2446
6.22882
6.22057
6.2186
6.22358
6.22382
6.21877
6.23585
6.24704
6.23979
6.24518
6.24024
6.24345
6.2238
6.22077
6.23073
6.24696
6.23485
6.23941
6.23366
6.22324
6.22755
6.23896
6.23064
6.22759
6.22449
6.2321
6.2288
6.23329
6.22894
6.22931
6.22816
6.23414
6.08067
6.07443
6.11273
6.03273
6.00507
5.86058
6.02961
6.22986
6.23598
6.23364
6.22595
6.22869
5.03934
5.20931
5.09394
5.22774
5.06984
4.919
5.2704
5.57851
5.50733
5.64064
5.67805
4.83294
4.44935
4.90192
5.36969
5.14253
5.16567
5.29273
4.85414
5.13499
5.23392
4.49106
4.55841
4.80016
4.76462
5.47347
5.21004
5.55268
6.2358
6.24146
6.24386
6.23752
6.22917
6.22845
6.26246
6.23505
6.24321
6.23041
6.23384
6.23162
6.23711
6.23443
6.23604
6.23208
6.23538
6.23491
6.22194
6.22311
6.23552
6.23074
6.22473
6.23357
6.23196
6.23075
6.22959
6.2332
6.234
6.23521
6.23685
6.23432
6.23618
6.23572
6.23535
6.23406
6.23531
5.04356
4.87887
4.97142
5.20525
4.78962
6.23237
6.21995
6.22822
6.23354
6.22041
6.21743
6.23749
6.24451
6.24108
6.24658
6.25113
6.24649
6.25012
6.2485
6.24271
6.26102
6.25748
6.25645
6.25556
6.23075
6.22516
6.23678
6.2426
6.23327
6.25496
6.25492
6.25496
6.25523
6.25495
6.22489
6.21717
6.21795
6.22934
6.21619
6.23093
6.22462
6.21867
6.22396
6.2218
6.21634
6.22059
6.21623
6.216
6.21578
6.21644
6.21857
6.21734
5.60166
5.72
5.69948
5.89264
5.72828
5.96621
5.84497
6.02727
6.17459
5.95607
6.18039
6.17359
5.39994
6.12284
6.2468
6.24388
6.24184
6.24983
6.24482
6.25394
6.25087
6.25353
6.14498
6.16303
6.13312
5.97724
5.91206
6.236
6.23744
6.23421
6.23581
6.2362
6.23573
6.23543
6.23567
6.22743
6.22709
6.22708
6.22529
6.22293
6.22522
6.22428
6.21968
6.22271
6.22443
6.22407
6.12108
6.11141
6.0268
6.05228
6.04876
5.94592
5.97641
6.23083
6.23208
6.23514
6.22993
6.22369
6.23339
6.22896
6.25225
6.23722
6.24659
6.241
6.23931
6.25052
6.21598
6.21602
6.21578
6.21607
6.21594
6.23222
6.23838
6.22318
6.23614
6.23394
6.23407
6.22038
6.21992
6.22054
6.2167
6.21732
6.22335
6.23285
6.22954
6.22721
6.22351
6.22525
6.23599
6.22812
6.2337
6.23783
6.2397
6.22821
6.24112
6.24748
6.25
6.23589
6.23135
6.23775
6.22714
6.2382
6.22935
6.24025
6.22796
6.23168
6.22969
6.23986
6.23176
6.2356
6.23072
6.23157
6.22507
6.22575
6.22695
6.22644
6.22729
6.22432
6.23016
6.21558
6.21513
6.21615
6.21715
6.21693
6.21632
6.21572
6.21847
6.21848
6.22287
6.21457
6.22115
6.22241
6.21628
6.2234
6.22418
6.22589
6.22433
6.22677
6.22786
6.23117
6.22977
6.22765
6.23855
6.23286
6.23451
6.22462
6.22829
6.2299
6.22802
6.22482
6.22196
6.22621
6.23678
6.23034
6.23259
6.2342
6.22888
6.21827
6.21631
6.21182
6.22059
6.21991
6.22487
6.2149
6.20999
6.21835
6.10938
6.15538
6.15387
6.04627
5.83829
6.11582
6.24286
6.23535
6.23124
6.23909
6.23445
6.23021
6.24167
6.23578
6.23631
6.23637
6.23569
6.23332
6.23432
6.23432
6.23456
6.25998
6.25038
6.25269
6.25321
6.24958
6.25432
6.2562
6.26026
6.25293
6.25142
6.25355
6.25363
6.2512
6.24612
6.24951
6.09596
6.04886
5.84564
6.05871
5.98544
6.12817
6.0469
6.07537
6.05759
6.19191
6.20214
6.20474
6.20904
6.21702
6.21485
6.20883
4.89983
4.9788
4.67871
5.09866
5.48397
5.34309
5.4755
5.70108
5.7009
5.61461
5.42236
5.09116
5.20768
5.3918
5.60485
5.44008
5.41669
5.15481
5.12438
6.21989
6.22331
6.21689
6.21869
6.21729
6.22408
6.22024
6.21912
6.21989
6.22213
6.22318
6.24447
6.24304
6.23824
6.23677
6.23578
6.23232
6.24058
6.2322
6.23851
6.22913
6.22966
6.23109
6.22152
6.22327
6.22711
6.22819
6.23133
6.22788
6.22306
6.22129
6.22339
6.22147
6.22422
6.22229
6.22378
6.21801
6.22144
6.21648
6.23242
6.22882
6.2333
6.23226
6.2304
6.23129
6.23034
6.23029
6.2408
6.22882
6.23621
6.23171
6.24265
6.22839
6.2182
6.21417
6.22078
6.22007
6.21712
6.21645
6.15808
6.15764
6.14436
5.81221
6.22423
6.22116
6.22512
6.22679
6.22133
6.2272
6.22339
6.21777
6.22029
6.22606
6.13526
6.13117
6.09423
6.04155
6.0641
6.10576
5.94361
5.98451
5.87081
6.00207
5.80668
6.23546
6.24248
6.23448
6.23647
6.23272
6.24477
6.23855
6.24415
6.2332
6.24375
6.22785
6.22515
6.23466
6.23257
6.23863
6.24944
6.23582
6.23404
6.23712
6.23717
6.25088
6.24059
6.23027
6.23513
6.24578
6.23454
6.24457
6.24574
6.2405
6.25031
6.23603
6.23586
6.2347
6.23655
6.23409
6.23389
6.23247
6.23655
6.23587
6.23496
6.23714
6.23615
5.92637
6.17608
6.19516
6.19976
6.17491
6.2227
6.22251
6.22411
6.22143
6.22516
6.22195
6.22158
6.22294
6.22227
6.22513
6.22583
6.23483
6.24164
6.24447
6.2355
6.23033
6.13017
6.15281
6.13607
6.14927
6.09538
6.08465
6.1188
6.07825
6.25355
5.94
5.86038
6.11022
5.97312
6.11328
6.13782
5.97233
6.22188
6.21709
6.21728
6.22179
6.22767
6.21741
6.21728
6.22154
6.21888
6.21902
6.21957
6.22289
6.21862
6.22563
6.23507
6.2262
6.23272
6.23992
6.24398
6.2432
6.24705
6.24112
5.85331
5.9458
6.04586
5.82214
5.83717
5.96953
5.99388
6.10147
5.96093
6.00594
6.09214
6.08296
6.23413
6.233
6.23407
6.23006
6.23329
6.22834
6.2181
6.21779
6.22182
6.21994
6.21894
6.21791
6.22188
6.21986
6.21802
6.12066
6.04957
6.06313
5.97622
6.1232
6.15193
6.16811
6.15392
5.8567
5.97429
5.9299
6.05681
6.07218
6.0422
5.98127
6.04623
6.13703
6.15741
6.04432
6.05965
6.14588
5.98336
6.07753
5.86644
5.89176
6.03572
5.78766
5.8128
6.23421
6.22146
6.2184
6.22669
6.22329
6.22194
6.23796
6.2376
6.24587
6.23974
6.23035
6.24408
6.23969
6.23729
6.23664
6.23299
6.23835
6.24447
6.24294
6.24303
6.23374
6.2368
6.24642
6.24905
6.23518
6.23889
6.23247
6.23331
6.22752
6.23256
6.23385
6.22278
6.22266
6.22462
6.23228
6.22897
6.23368
6.23214
6.22911
6.23313
6.22224
6.23852
6.24599
6.22054
6.16844
6.12306
6.06687
6.1529
6.05846
6.18967
6.14248
6.11701
6.10257
5.91852
6.06402
6.10862
6.09165
6.09517
6.08621
6.10034
6.08216
6.13864
6.12871
6.08711
5.45946
6.2451
6.24767
6.23596
6.24408
6.23772
6.23205
6.22983
6.0758
5.84207
6.1216
6.00739
5.92714
5.95567
6.2289
6.22628
6.22765
6.2255
6.22995
5.82872
5.94363
5.41438
5.85241
5.33217
5.47118
5.46743
6.22826
6.23512
6.23648
6.23495
6.23488
6.23293
6.23396
6.22534
6.22612
6.22184
6.22527
6.21831
6.22828
6.21634
6.21633
6.21695
6.21712
6.21739
6.2177
6.21752
6.24885
6.24212
6.2455
6.23329
6.24992
6.25096
6.24073
6.23802
6.23888
6.25245
6.25099
6.25176
6.25084
6.24995
6.24825
6.24804
6.24585
6.24247
6.23955
6.24083
6.24112
6.23686
6.24556
6.24385
5.97151
5.75359
5.88077
5.70045
5.90963
6.02789
6.22882
6.22575
6.23054
6.23583
6.23298
6.22989
6.23076
6.24508
6.23361
6.22461
6.26109
6.23914
6.24019
6.06061
6.15195
6.14928
6.16399
6.02822
5.94318
6.09618
6.0267
6.2371
6.23141
6.2239
6.23588
6.23493
6.23417
6.23005
6.21884
6.22126
6.22574
6.21944
6.21766
6.22799
6.22788
6.2192
6.22247
6.21936
6.24181
6.2503
6.25641
6.25165
6.25061
6.22144
6.22766
6.21804
6.21862
6.22744
6.22645
6.22694
6.23334
6.23508
6.23409
6.22498
6.22962
6.2388
6.23417
6.24557
6.23068
6.22505
6.22668
6.22571
6.23708
6.23173
6.22844
6.23089
6.23247
6.23069
6.22604
6.22842
6.23399
6.23147
6.23459
6.20606
6.21069
6.16854
6.22721
6.22905
6.24313
6.23375
6.23166
6.23192
6.22957
6.23673
6.23852
6.23617
6.21948
6.22663
6.22266
6.22524
6.22656
6.22399
6.21429
6.22352
6.23623
6.23248
6.23608
6.23005
6.22319
6.2398
6.23776
6.22621
6.22008
6.22159
6.22931
6.22983
6.22025
6.22948
6.22653
6.22623
6.22788
6.22632
6.22135
6.21823
6.20993
6.21492
6.21655
6.23315
6.23375
6.22606
6.23434
6.22272
6.22588
6.21842
6.22709
6.21858
6.2187
6.22104
6.22217
6.22463
6.22406
6.2227
6.22921
6.22318
6.228
6.22667
6.22053
6.21588
6.20447
6.20534
6.21415
6.20862
6.20371
6.18641
6.22135
6.17536
6.11415
6.22387
6.22628
6.22387
6.22693
6.22635
6.22137
6.22358
6.22622
6.22532
6.22324
6.22696
6.22701
6.22548
6.22237
6.23449
6.23092
6.22628
6.23198
6.22861
6.2271
6.23483
6.22896
6.22437
6.22753
6.22594
6.22536
6.22226
6.22778
6.22637
6.22619
6.22189
6.2423
6.23184
6.23064
6.22404
6.23587
6.09318
6.20133
5.64344
6.16126
6.21221
6.24542
6.24665
6.2475
6.23674
6.23581
6.24495
6.23253
6.23709
6.22998
6.24547
6.23509
6.23634
6.23263
6.2441
6.2343
6.25127
6.24299
6.25222
6.11912
5.84027
6.03304
5.99179
5.9289
5.88112
5.91363
6.21972
6.22166
6.22517
6.22558
6.1663
6.10482
5.97588
5.93802
6.0587
6.03559
6.08515
6.02258
5.48437
5.90492
5.47926
6.12205
6.15727
6.09867
6.1743
6.06503
5.30744
5.58148
5.81642
5.76382
5.94759
5.07
5.4263
5.63991
5.18521
5.29853
6.03248
5.73003
5.97528
5.82968
5.41343
5.77458
5.91218
6.13662
6.07391
6.06692
6.1327
5.84026
6.03481
5.91529
6.0001
5.80375
5.77367
5.97487
6.04164
5.89864
6.0192
6.01638
5.93491
5.85911
6.03637
5.82266
5.93255
5.86015
5.95257
5.77611
5.7712
6.09134
6.10971
5.88551
6.06606
6.05338
5.97861
5.97405
5.87297
5.93258
5.47503
5.4733
5.72502
5.82939
6.0113
5.91157
5.83739
5.90876
5.89405
5.85203
5.83682
5.97217
6.08167
5.87863
5.96983
6.02719
5.92613
6.24353
6.23848
6.24058
6.24009
6.23677
6.23914
6.23313
6.2466
6.24335
6.24337
6.24875
6.22758
6.22039
6.22288
6.22275
6.22781
6.2219
6.22595
6.21945
6.22365
6.22031
6.22478
6.21679
6.21841
6.21869
6.22001
6.22047
6.21688
6.21944
6.22498
6.22526
6.22013
6.22721
6.22604
6.22754
6.2255
6.23463
6.23661
6.23669
6.23853
6.23992
6.24104
6.23981
6.23771
6.2344
6.246
6.24037
6.23465
6.2353
6.24037
6.22906
6.23086
6.23793
6.24495
6.24171
6.23747
6.2345
6.23553
6.2404
6.24674
6.23524
6.24972
6.2217
6.22748
6.22358
6.22529
6.23578
6.22641
6.22664
6.22195
6.22132
6.22392
6.21796
6.22298
6.21828
6.22393
6.22312
6.22774
6.22999
6.22327
6.21613
6.23576
6.2353
6.23612
6.23565
6.2289
6.23727
6.23702
6.23796
6.22821
6.22391
6.22499
6.2306
6.23006
6.24081
6.23509
6.24221
6.2399
6.24537
6.24787
6.24055
6.23929
6.24401
6.23443
6.24348
6.22263
6.22879
6.22136
6.23723
6.23167
6.23448
6.2369
6.22549
6.22836
6.22617
6.22133
6.22045
6.2206
6.22442
6.23541
6.23534
6.23882
6.22958
6.23915
6.22176
6.22524
6.22437
6.23531
6.23161
6.21858
6.22877
6.23401
6.23393
6.22924
6.23252
6.23369
6.23146
6.23745
6.23411
6.23548
6.22404
6.22866
6.22905
6.22964
6.23366
6.23202
6.231
6.23575
6.23511
6.22574
6.22599
6.23296
6.23705
6.23112
6.23341
6.22992
6.22508
6.23568
6.23277
6.23593
6.23126
6.23358
6.23099
6.23235
6.22611
6.23515
6.24416
6.23971
6.2492
6.24353
6.24008
6.24705
6.24329
6.25314
6.25022
6.22602
6.22597
6.22244
6.22715
6.22831
6.22755
6.2265
6.22863
6.22627
6.22617
6.23386
6.22244
6.23737
6.23247
6.23799
6.23187
6.23557
6.23564
6.23348
6.23968
6.23763
6.23885
6.23616
6.24054
6.22324
6.23366
6.22839
6.23512
6.23794
6.23748
6.23861
6.22418
6.22209
6.22968
6.22948
6.22667
6.22622
6.22398
6.22577
6.22283
6.22401
6.22401
6.22437
6.22625
6.22865
6.22738
6.22322
6.22804
6.22645
6.22321
6.22494
6.223
6.2258
6.22157
6.22741
6.22293
6.2279
6.22367
6.22696
6.2268
6.22755
6.22723
6.22537
6.2247
6.2294
6.22409
6.22493
6.22521
6.22232
6.2279
6.23087
6.22949
6.21842
6.22267
6.22302
6.2269
6.22701
6.22559
6.22352
6.22471
6.22678
6.22663
6.22625
6.2197
6.22716
6.2235
6.22233
6.22038
6.22753
6.21817
6.21621
6.21856
6.22306
6.21639
6.21612
6.22723
6.23143
6.22834
6.23149
6.22917
6.22836
6.22852
6.22669
6.22906
6.21878
6.21652
6.22045
6.22176
6.21648
6.22522
6.21701
6.22014
6.22318
6.22407
6.21957
6.21902
6.21637
6.21903
6.21994
6.2199
6.21963
6.21687
6.22734
6.22719
6.22958
6.23237
6.23229
6.22925
6.23508
6.23177
6.22546
6.22665
6.23047
6.23352
6.23057
6.23078
6.22655
6.22587
6.2232
6.22655
6.21948
6.22951
6.22829
6.22607
6.2298
6.2295
6.22791
6.2282
6.23794
6.23887
6.24532
6.23989
6.24576
6.25042
6.25098
6.24262
6.23596
6.23298
6.2281
6.23298
6.23483
6.23319
6.22626
6.22585
6.22929
6.22673
6.22774
6.22829
6.23489
6.22964
6.22965
6.23014
6.22278
6.22979
6.22428
6.22439
6.2287
6.21685
6.2168
6.2159
6.21563
6.21853
6.21563
6.21591
6.21611
6.21867
6.21773
6.2193
6.21883
6.21679
6.21732
6.22165
6.21855
6.21751
6.21868
6.22204
6.22039
6.22221
6.23116
6.22706
6.22118
6.21596
6.21857
6.21592
6.21852
6.2196
6.21567
6.21635
6.21883
6.22092
6.21637
6.21828
6.21723
6.21844
6.21589
6.22688
6.22723
6.22702
6.226
6.14072
6.11613
6.14248
6.11009
6.02718
6.19347
6.13922
6.17452
6.166
6.21753
6.21793
6.21693
6.21644
6.21578
6.24703
6.24414
6.24282
6.24071
6.24193
6.23204
6.22783
6.23114
6.22973
6.22628
6.21626
6.22082
6.21843
6.21619
6.05646
6.07044
6.05724
5.97554
5.70552
5.52146
6.22832
6.21749
6.23055
6.23088
6.22077
5.94067
5.76268
6.03991
6.22507
6.21942
6.22347
6.21799
6.2209
6.21785
6.21814
6.22468
6.22751
6.23007
6.22753
6.22484
6.23049
6.22858
6.22736
6.23379
6.23189
6.22581
6.22447
6.22313
6.22803
6.22545
6.05526
5.66783
6.11622
6.10906
6.05804
6.06641
6.16591
6.14987
6.16862
6.13757
6.1966
6.18909
6.16699
6.11601
6.14133
6.06198
6.02037
6.09961
6.06584
6.02586
6.07627
6.12717
6.16212
6.16964
6.21976
6.19618
6.14619
6.1596
6.19543
6.15668
6.16672
6.17679
6.15485
6.21007
6.18434
6.20469
6.20279
6.21432
6.22441
6.20907
6.19337
6.20744
5.25776
5.48186
5.54168
5.26447
5.7018
5.99003
5.87165
6.03855
5.92663
5.8381
5.98394
6.04789
5.5355
5.61452
5.92187
5.86839
5.53564
5.31918
5.99285
6.22987
6.23708
6.24212
6.23662
6.23597
6.23218
6.22762
6.22557
6.22534
6.22807
6.22798
6.22564
6.21889
6.22671
6.22542
6.22616
6.22887
6.21991
6.22464
6.22899
6.21922
6.21891
6.23873
6.23744
6.241
6.24233
6.23274
6.2253
6.25267
6.25177
6.24588
6.24669
6.2514
5.52389
6.02792
5.4976
5.79914
5.75669
5.56544
5.66326
5.62721
5.52382
5.30725
5.4151
5.52035
6.04986
5.18401
5.36592
6.22073
6.21139
6.19822
6.21703
6.17256
6.2008
6.21247
6.22058
6.22826
6.22161
6.22086
6.22644
6.22463
6.228
6.2203
6.21927
6.21791
6.21844
6.24067
6.23574
6.23142
6.23195
6.23239
6.23928
6.23619
6.21661
6.21614
6.22046
6.21896
6.218
6.21778
6.2191
6.21851
6.23106
6.23281
6.22295
6.23613
6.22755
6.23815
6.21676
6.21961
6.21612
6.2172
6.21642
6.24188
6.2395
6.23625
6.25028
6.24524
6.24387
6.24036
6.24116
6.23551
6.24226
6.23264
6.23712
6.22994
6.2302
6.23607
6.23755
5.80057
5.95779
5.55411
5.75502
6.22189
6.22195
6.21889
6.21755
6.22123
6.21903
6.22363
6.22777
5.99996
6.06639
6.00432
6.22908
6.23648
6.23683
6.23186
6.22535
6.22595
6.22843
6.227
6.22771
6.22935
6.22988
6.22474
6.23131
6.22639
6.22377
6.22602
6.22585
6.22513
6.22789
6.22327
6.2251
6.22606
6.23178
6.22909
6.22508
6.22742
6.22691
6.21942
6.2301
6.22298
6.22143
6.21563
6.22309
6.21886
6.21834
6.22208
6.21948
6.2155
6.21745
5.02024
5.11966
5.48736
5.30491
5.86916
5.38561
5.45295
6.21425
6.21379
6.19912
6.21415
6.19642
6.16583
6.22917
6.23919
6.24448
6.24938
6.24429
6.23831
6.22821
6.2454
6.24215
6.23555
6.22385
6.22209
6.22911
6.22719
6.22925
6.17189
6.17272
6.16401
6.14149
6.1445
6.16418
6.1775
6.23107
6.23356
6.23407
6.2342
6.23298
6.23169
6.23539
6.23517
6.23343
6.23433
6.18374
6.17362
6.09932
6.22874
6.22574
6.22193
6.22422
6.22848
6.23117
6.22508
6.22532
6.22152
6.22962
6.22517
6.21886
6.21725
6.21651
6.2158
6.21643
6.2309
6.23142
6.22715
6.2261
6.22764
6.22453
6.14249
6.11164
6.18298
5.85267
6.06271
6.22016
6.21922
6.22275
6.22111
6.21846
6.21789
6.22119
6.21961
6.21893
6.21346
6.21318
6.19505
6.20519
6.19761
6.20772
6.18145
6.20401
6.23635
6.23275
6.2321
6.23296
6.23209
6.2386
6.23913
6.22889
6.227
6.24664
6.23335
6.23697
6.23986
6.23996
6.2367
6.23753
6.24191
6.23315
6.23109
6.2163
6.21656
6.21733
6.21799
6.2177
6.21763
6.217
6.2178
6.2179
6.21886
6.22219
6.22156
6.2228
6.22426
6.22687
6.21943
6.22556
6.22531
6.22856
6.19356
6.20721
6.20253
6.18515
6.16598
6.16225
6.2214
6.22165
6.22345
6.22528
6.21175
6.2235
6.2162
6.24018
6.23849
6.24652
6.24004
6.24255
6.2441
6.21778
6.21777
6.22031
6.22016
6.22067
6.21799
6.22673
6.22606
6.21858
6.24767
6.24731
6.24782
6.23749
6.22761
6.24576
6.23818
6.23682
6.24364
6.22948
6.23356
6.23471
6.23277
6.23493
6.23932
6.23593
6.23867
6.23224
6.232
6.2329
6.22889
6.23165
6.23263
6.23144
6.22652
6.22115
6.22229
6.22352
6.22587
6.22366
6.227
6.22107
6.22025
6.22129
6.22305
5.55136
5.63914
5.61264
6.18827
6.171
6.16772
6.17876
6.19753
6.18898
6.16483
6.18318
6.23064
6.22727
6.2195
6.22676
6.22403
6.23428
6.25186
6.2442
6.24891
6.24334
6.24932
6.23958
5.91562
6.02725
5.73702
5.65011
5.89794
5.79151
5.86476
6.23918
6.24171
6.23892
6.24071
6.24701
6.25336
6.24999
6.24875
6.24749
6.25225
6.25147
6.25137
6.24859
6.25901
6.22878
6.22689
6.22662
6.23225
6.22711
5.51724
5.77062
5.48217
5.87368
5.27688
5.75646
5.90147
5.92746
6.2372
6.23491
6.2357
6.24092
6.23665
6.23443
6.23164
6.23816
6.22193
6.22108
6.22273
6.22456
6.21951
6.22675
6.21871
6.2266
6.23012
5.5129
5.74419
5.57868
5.70111
5.57567
5.43911
6.22526
6.22624
6.22273
6.22402
6.22212
6.22309
6.22253
6.21914
6.22031
6.22518
6.22432
6.23111
6.22985
6.22846
6.2263
6.22747
6.23458
6.23335
6.23496
6.22786
6.22155
6.22905
6.23823
6.226
6.2331
6.23407
6.22237
6.22444
6.22162
6.22073
6.22207
6.22181
6.22225
6.22678
6.23327
6.22527
6.23165
6.23523
6.22599
6.22839
6.232
6.23226
6.23278
6.24055
6.23769
6.22914
6.22694
6.22854
6.22871
6.22974
6.23142
6.23105
6.23127
6.23077
6.22782
6.22425
6.22659
6.22144
6.23051
6.22496
6.22597
6.22741
6.22125
6.21844
6.2187
6.21984
6.21833
6.2216
6.22624
6.22195
6.23009
6.22729
6.22902
6.2272
6.22984
6.22817
6.2311
6.23017
6.23106
6.21802
6.221
6.22368
6.21894
6.22354
6.22361
6.21365
6.21688
6.21889
6.21893
6.21999
6.21972
6.22209
6.22214
6.22176
6.22471
6.22072
6.22704
6.22534
6.22018
6.2224
6.22385
6.22397
6.20045
6.19296
6.17266
6.15684
6.19227
6.2116
6.2204
6.22349
6.22491
6.22456
6.22706
6.22278
6.22566
6.22011
6.22147
6.22853
6.21493
6.22878
6.2295
6.2183
6.21793
6.22205
6.21768
6.21766
6.22582
6.22244
6.21797
6.22194
6.22454
6.22608
6.22562
6.21987
6.23268
6.22917
6.23088
6.2207
6.22305
6.22234
6.21869
6.21808
6.21916
6.22474
6.22488
6.22105
6.22169
6.22578
6.21955
6.22376
6.21876
6.22111
6.22516
6.2236
6.22265
6.22695
6.22487
6.22518
6.22259
6.21961
6.22346
6.22477
6.22067
6.22387
6.23255
6.23424
6.23107
6.23114
6.23789
6.23317
6.23635
6.23132
6.23505
6.218
6.21671
6.22027
6.22097
6.22217
6.22138
6.21879
6.21736
6.21591
6.21538
6.21614
6.2209
6.21977
6.22003
6.21985
6.22173
6.21872
6.21863
6.21772
6.21937
6.2241
6.22155
6.21883
6.22418
6.23373
6.23304
6.21809
6.21967
6.22299
6.21781
6.21739
6.21582
6.21721
6.217
6.21646
6.21585
6.21658
6.21611
6.21794
6.2169
6.21839
6.21785
6.21648
6.21631
6.21747
6.21781
6.21716
6.21771
6.21799
6.21954
5.94874
5.89629
5.79557
5.72408
6.00073
6.03764
5.72083
5.95488
5.72188
5.94215
5.85078
5.77536
5.76174
6.0519
6.02476
6.07327
6.05804
5.97925
5.99719
6.05102
6.09477
6.07712
6.22761
6.2255
6.23022
6.2331
6.22977
6.2282
5.7763
5.99049
5.93375
5.7404
5.15233
5.44084
5.4568
5.54655
5.41996
5.49741
5.52878
5.39458
5.50588
5.82029
6.023
5.74379
5.62145
5.44794
5.59422
5.66772
5.98117
5.98035
5.87329
6.10501
6.06038
6.02566
5.8508
5.82172
5.96099
5.94324
5.93676
5.83986
5.33017
5.50861
5.67693
5.52148
5.79539
5.20472
5.51584
5.61366
6.18156
6.18962
6.18535
6.20021
6.20266
6.21655
6.22312
6.22085
6.21601
6.21696
6.22075
6.22198
6.22142
6.21679
6.21627
6.21978
6.21688
6.21705
6.21668
6.21708
6.21727
6.24214
6.24336
6.24453
6.23886
6.23358
6.23914
6.23371
6.21978
6.22359
6.21998
6.22203
6.22155
6.22518
6.22243
5.02836
5.13042
5.34568
5.45397
4.40635
4.97777
5.76114
5.4454
5.29219
5.76099
5.63677
5.4294
5.35645
5.3999
6.18266
6.15261
6.16799
6.15886
6.1916
6.19438
6.23462
6.24112
6.22886
6.2308
6.23967
6.23453
6.22465
6.23063
6.22768
6.23273
6.23134
6.2308
6.2316
6.22832
6.22692
6.13187
6.11676
6.17379
6.15878
6.11843
6.11265
6.17459
6.10973
6.10214
6.15528
6.11848
5.53578
5.59727
5.93392
5.9108
5.89061
6.09224
6.00666
6.14375
6.06701
6.0885
6.13889
6.15822
6.2242
6.23062
6.23065
6.23205
6.22984
6.23421
6.23552
6.22661
6.22818
6.22231
6.22799
6.22256
6.22666
6.22522
6.22442
6.22105
6.22571
6.23106
6.23075
6.22814
6.22953
6.23169
6.22829
6.2301
6.23061
6.21786
6.23111
6.23259
6.22194
6.22279
6.22437
6.22293
6.22412
6.22322
6.22056
6.21969
6.22331
6.22511
6.22414
6.21776
6.22106
6.23087
6.22014
6.22605
6.22611
6.22153
6.22489
6.22308
6.22152
6.22381
6.23312
6.23066
6.2289
6.2281
6.23209
6.2189
6.22232
6.21921
6.22099
6.22475
6.22336
6.21845
5.44304
5.73926
5.84569
5.73661
5.19221
5.39226
5.67468
6.23883
6.24248
6.24588
6.23628
6.24115
6.23878
6.22721
6.23109
6.22732
6.22463
6.23188
6.23182
6.23131
6.2302
6.22806
6.23346
6.23153
6.23272
6.23105
6.23193
6.23264
6.23131
5.38719
5.44185
4.97081
5.32072
5.5706
5.60403
5.39971
5.68451
5.58653
5.93723
5.66065
5.65351
5.55981
5.96731
5.93038
5.85736
6.24605
6.2374
6.23853
6.24421
6.23854
6.24907
6.22574
6.22862
6.22861
6.22595
6.22923
6.22887
6.2252
6.23574
6.2318
6.22696
6.22835
6.22369
6.22444
6.22215
6.22069
6.21994
6.22015
6.22681
6.19997
6.20519
6.21255
6.21906
6.19913
6.21492
6.20715
6.2234
6.22788
6.22793
6.22941
6.22451
6.22165
6.22592
6.22143
6.22318
6.22357
6.22335
6.22922
6.22722
6.22756
6.22979
6.23368
6.22683
6.23191
6.23233
6.22295
6.22292
6.21992
6.22052
6.22434
6.22745
6.22389
6.22037
6.2218
6.22535
6.22462
6.22078
6.21561
6.21837
6.21632
6.21588
6.21786
6.21695
6.22284
6.20833
6.22373
6.22266
6.22293
6.21598
6.21595
6.21796
6.21887
6.20291
5.95171
5.73915
5.60782
5.7518
5.93061
5.95197
6.0046
6.03591
6.20715
6.2122
6.21824
6.20175
6.21864
6.21759
6.21509
6.21648
6.18914
6.20238
6.19904
6.20544
6.21128
6.21728
6.2115
4.07232
3.85058
3.81862
3.29078
4.33519
6.30444
6.22051
6.22064
6.21798
6.21904
6.2243
6.22073
6.22221
6.14191
6.09944
6.15215
6.19451
6.18586
6.18516
5.7055
5.84153
5.88752
5.6899
6.00551
5.51809
5.66458
5.77165
6.07249
6.07798
6.14154
6.05936
6.03036
6.08203
5.85163
6.22917
6.23053
6.23155
6.22461
6.22971
6.22475
6.2262
6.22838
6.22407
6.22891
6.23073
6.22617
6.22898
6.22369
6.22882
6.22313
6.22552
6.22307
6.22858
6.21798
6.2199
6.22827
6.21851
6.23472
6.22942
6.22496
6.23299
6.23167
6.23009
6.24338
6.24052
6.24574
6.24297
6.24217
6.24583
6.24635
6.24678
6.22203
6.21877
6.20774
6.21945
6.22201
5.61143
6.00267
5.82733
5.70659
5.57894
5.74082
5.61614
5.62024
6.21025
6.19751
6.20477
6.21237
6.18075
6.22051
6.21778
6.22294
6.21573
6.2166
6.2295
6.22698
6.22362
6.22674
6.22578
6.2263
6.22128
6.19728
6.20799
6.19506
6.20337
6.19226
6.2091
6.1957
6.17015
6.15522
6.19694
6.23581
6.23733
6.24238
6.23989
6.24103
6.24341
6.23852
6.24203
6.23155
6.23374
6.22478
6.22359
6.2268
6.23151
6.22478
6.21646
6.22224
6.21765
6.22012
6.22159
6.2138
6.22354
6.21497
6.21407
6.22664
6.22149
6.21586
6.22386
6.22246
6.22703
6.05677
5.98799
5.9019
5.89729
5.948
5.8516
6.16694
5.94934
6.11229
5.91494
6.07867
6.03934
5.98428
6.01281
5.99988
5.99215
5.89609
5.69838
5.65557
5.89287
5.89757
5.93315
5.68319
5.75914
5.66283
6.22402
6.22531
6.217
6.21612
6.22031
6.21911
6.22677
6.22931
6.22701
6.22028
5.78244
5.53534
5.8234
5.90067
5.68322
5.42625
5.92433
5.57828
5.60632
6.22524
6.22373
6.22564
6.22665
6.21764
6.22575
6.21978
6.22734
6.22415
6.24349
6.24008
6.2457
6.2446
6.24327
6.23949
6.24214
6.219
6.22096
6.21643
6.21667
6.21685
6.21936
6.21817
6.21721
6.21974
6.15888
6.1552
6.19555
6.19483
6.20045
6.15575
6.14222
6.1159
6.13239
6.21695
6.21517
6.21587
6.21771
6.2185
6.22236
6.22111
6.22087
6.22003
6.21871
6.21784
6.22141
6.22124
6.22313
6.22121
6.21955
6.2183
6.22289
6.2222
6.20809
6.20775
6.20071
6.20929
6.17658
6.21396
6.20795
6.21117
6.21122
6.21604
6.20316
6.20789
6.20102
6.19686
6.23385
6.23579
6.23142
6.23863
6.2376
6.23501
6.23614
6.2298
6.22672
6.22614
6.22492
6.21956
6.23607
6.22958
6.23118
6.23488
6.22911
6.22456
6.2366
6.05258
6.04608
6.01973
6.06704
6.10676
6.02592
6.21874
6.218
6.21755
6.21689
6.2213
6.21885
6.21719
6.21938
6.22978
6.23046
6.226
6.22748
6.22228
6.22727
6.22638
6.231
6.22851
6.23018
6.21875
6.2192
6.22135
6.22013
6.22408
6.22556
6.22252
6.2207
6.22738
6.22772
6.2255
6.22785
6.22501
6.22186
6.21699
6.22877
6.22179
6.21719
6.22841
6.21731
6.2159
6.22193
6.22285
6.22552
6.22666
6.22742
6.22769
6.22752
6.22764
6.22495
6.22596
6.22533
6.2347
6.22911
6.23367
6.23345
6.22897
6.22359
6.2294
6.22593
6.22911
6.22581
6.23487
6.22963
6.22786
6.22533
6.225
6.23028
6.23539
6.23206
6.23464
6.23017
6.23275
6.23636
6.23273
6.2329
6.22903
6.2374
6.23909
6.23507
6.23998
6.23193
6.2322
6.21939
6.22492
6.22915
6.21812
6.23027
6.22351
6.2266
6.21699
6.22233
6.21622
6.22018
6.21972
6.21994
6.21592
6.24069
6.23863
6.23909
6.24024
6.24388
6.24012
6.24428
6.24068
6.24073
6.2419
6.24529
6.24226
6.23902
6.23985
6.24138
6.23759
6.03684
6.04284
6.00706
5.88134
5.80875
6.06954
6.09595
5.94637
6.10115
6.0016
5.7575
6.00876
6.0785
6.18651
6.1661
6.14595
6.08012
6.19419
6.13228
6.15273
6.12539
6.22145
6.23069
6.22029
6.22139
6.22276
6.22118
6.22947
6.21634
6.21904
6.21628
6.21687
6.21755
6.21841
6.00187
5.86875
5.69039
5.78192
5.85485
5.90911
5.91778
6.22536
6.22823
6.22465
6.22676
6.2291
6.22709
6.22195
6.22334
6.2244
6.21914
6.22439
6.22469
6.22506
6.22708
6.22703
6.22617
6.22804
6.22462
6.22474
6.22018
6.21829
6.2243
6.21971
6.22252
6.22025
6.21889
6.22422
6.21602
6.21617
6.21884
6.21957
6.22072
6.21848
6.21736
6.21633
6.21724
6.22374
6.2226
6.22947
6.22859
6.23023
6.22638
6.22088
6.22347
6.22741
6.22132
6.22291
6.21526
6.22096
6.21124
6.21129
6.20793
6.24458
6.23781
6.23601
6.23525
6.23465
6.22443
6.22602
6.22512
6.221
6.21782
6.22369
6.22309
6.22293
6.22016
6.22215
6.22188
6.22004
6.21768
6.22068
6.219
6.21781
6.21681
6.18921
6.17882
6.19582
6.19977
6.1975
6.18193
6.20111
6.20027
6.16978
6.18815
5.7477
5.93852
5.7681
5.91585
5.82865
5.72049
5.71277
6.23187
6.23014
6.22801
6.23177
6.23045
6.2292
6.23671
6.23484
6.23561
6.22995
6.23744
6.22631
6.22807
6.2321
6.22688
6.23059
6.23494
6.23224
6.23642
6.23481
6.23834
6.23715
6.2353
6.23332
6.23468
6.23383
6.23192
6.23007
6.22751
6.22624
6.23102
6.23115
6.22786
6.21899
6.22731
6.22786
6.2324
6.22331
6.22533
6.22018
6.23231
6.22929
6.23168
6.22565
6.22751
6.2186
6.13691
6.16853
6.16311
6.1805
6.18928
6.17952
6.08328
6.22826
6.22701
6.23012
6.22944
6.23139
6.22728
6.22626
6.22566
6.22874
6.227
6.23896
6.2343
6.22928
6.23207
6.22369
6.23227
6.23613
6.22252
6.23358
6.23159
6.23378
6.23941
6.23206
6.2307
6.22935
6.22819
6.2266
6.24286
6.24006
6.23934
6.23465
6.2321
6.23444
6.23082
6.23628
6.2337
6.2322
6.23255
6.23454
6.23347
6.23606
6.23823
6.23953
6.23765
6.23422
6.24304
6.23499
6.23929
6.23578
6.23488
6.23837
6.2332
6.23694
6.23542
6.22665
6.22881
6.2204
6.22894
6.23108
6.23061
6.22814
5.76875
5.62523
5.95723
5.9706
5.72327
5.74733
5.65413
6.22289
6.22777
6.22664
6.23284
6.22186
6.22874
6.22052
6.22458
6.2231
6.22403
6.22383
6.22035
6.2239
6.22308
6.22656
6.22474
6.22781
6.22938
6.23182
6.22904
6.23025
6.22485
6.2266
6.22536
6.22001
6.21799
6.22927
6.22885
6.22575
6.22285
6.22468
6.22489
6.22556
6.22153
6.22089
6.21708
6.2157
6.21864
6.21944
6.22056
6.22408
6.22463
6.23128
6.22971
6.23474
6.23156
6.23106
6.23704
6.23598
6.2382
6.23208
6.23051
6.23283
6.23417
5.72639
5.85836
5.94539
5.47687
5.68945
5.487
5.4968
5.49991
6.22718
6.22944
6.2266
6.23094
6.23068
6.23179
6.23268
6.22476
6.2262
6.22066
6.22054
6.21943
6.22248
6.21928
6.21818
6.21972
6.22559
6.22371
6.225
6.22893
6.22193
6.22565
6.22267
6.22214
6.22199
6.22226
6.23215
6.22761
6.22837
6.22866
6.22914
6.22921
6.22992
6.22913
6.23135
6.23142
6.22366
6.21977
6.22768
6.2265
6.21711
6.2159
6.21666
6.21664
6.21835
6.21902
6.21808
6.02456
6.04088
5.9339
6.00572
5.94092
5.84352
5.77254
6.00439
5.93738
5.80279
6.21576
6.21623
6.22036
6.2187
6.21902
6.21745
6.2168
6.21691
6.22582
6.22583
6.22597
6.22716
6.22718
6.22564
6.22733
6.22593
6.22018
6.21996
6.2191
6.21889
6.21677
6.21734
6.21575
6.21594
6.21792
6.2193
6.21754
6.21591
6.21843
6.21796
6.20501
6.20569
6.19465
6.179
6.18075
6.11708
6.14131
6.22763
6.22642
6.2277
6.23041
6.2299
6.23157
6.22975
6.13209
6.17019
6.10342
6.14402
6.23324
6.22885
6.23084
6.22623
6.22735
6.2309
6.2277
6.22903
6.22643
6.22031
6.21972
6.1358
6.10294
6.19344
6.18655
6.19746
6.18805
6.1145
6.16176
6.12418
6.094
6.00659
6.04937
5.9858
6.21939
6.22238
6.22156
6.21741
6.21967
6.22074
6.22096
5.73167
5.85941
6.07192
5.63378
5.75998
6.21605
6.21678
6.21931
6.21557
6.21824
6.22152
6.22328
6.22707
6.22696
6.22366
6.22563
6.22605
6.22423
6.22243
6.22652
6.22603
6.22555
6.22807
6.22518
6.2262
6.22524
6.2259
6.22674
6.24862
6.24588
5.82341
5.95094
6.02363
6.09897
5.83536
6.14812
6.16612
6.01358
6.21616
6.21729
6.21656
6.21572
6.21547
6.21693
6.22338
6.22834
6.22704
6.22084
6.22354
6.22603
6.22492
6.22404
6.22068
6.22743
6.22733
6.22162
6.22604
6.22434
6.22521
6.22412
6.22373
6.2192
6.22282
6.22492
6.22599
6.22571
6.22027
6.22105
6.22249
6.22169
6.21807
6.21978
6.21586
6.21588
6.21833
6.21522
6.21954
6.21675
6.22575
6.22968
6.22464
6.22412
6.22941
6.22811
6.22299
6.22047
6.22336
6.22844
6.22759
6.22947
6.22661
6.22681
6.22703
6.22648
6.22665
6.22943
6.23159
6.22782
6.2261
6.23043
6.23018
6.23142
6.23568
6.23823
6.23772
6.23556
6.23945
6.22781
6.22686
6.22849
6.22682
6.23236
6.2302
6.2315
6.22796
6.22622
6.22315
6.22602
6.22741
6.22518
6.22639
6.24216
6.24012
6.24367
6.24193
6.24274
6.23967
6.23812
6.23689
6.23581
6.23739
6.23712
6.23723
6.24112
6.23601
6.2371
6.23875
6.12358
6.15815
6.16961
6.1444
6.16541
6.11308
6.08669
6.13572
5.97335
6.10497
6.12282
6.16098
5.94818
6.05109
5.98822
5.99615
6.08871
6.0911
6.21686
6.21646
6.21606
6.21698
6.21665
6.2296
6.23393
6.23057
6.23067
6.23418
6.23102
6.23242
6.23391
6.23274
6.23111
6.22809
6.21711
6.22088
6.21651
6.22432
6.22102
6.21807
6.13332
6.14457
6.1288
6.08694
6.10163
6.11295
5.97742
5.97007
5.96534
6.01444
6.23266
6.2332
6.23251
6.23202
6.22882
6.22644
6.16823
6.11146
6.17961
6.11337
6.05307
6.23825
6.23754
6.24429
6.23854
6.23779
6.24065
6.23887
6.23758
6.23776
6.2386
6.23691
6.23901
6.23613
6.23935
6.24319
6.23749
6.24126
6.23863
6.23733
6.23665
6.23812
6.23537
6.24011
6.23861
6.23857
6.23436
6.23963
6.23231
6.19442
6.20539
6.22496
6.21824
6.20597
6.18802
6.18542
6.1932
6.21642
6.2172
6.21848
6.21676
6.21682
6.21986
6.21947
6.21881
6.2157
6.21724
6.21751
6.21678
6.21631
6.1911
6.19038
6.1784
6.16107
6.15627
6.23626
6.21898
6.23767
6.23519
6.2358
6.23352
6.23555
6.23418
6.21777
6.21764
6.21653
6.21732
6.21643
6.21551
6.21583
6.22297
6.22596
6.21692
6.2263
6.22137
6.21782
6.22201
6.21826
6.22541
6.22094
6.21778
6.21904
6.21391
6.2132
6.22434
6.22555
6.22663
6.22562
6.22619
6.22112
6.22306
6.2222
6.22581
6.22722
6.22872
6.22458
6.22472
6.22675
6.22599
6.22565
6.22123
6.21896
6.21992
6.22014
6.21921
6.21979
6.21835
6.21783
5.88148
5.96301
5.88653
5.92361
5.75773
5.63403
5.75398
5.89322
6.16185
6.14475
6.10629
6.09698
6.14407
6.21864
6.21652
6.21532
6.21886
6.21672
6.21669
6.21713
6.21846
6.21815
6.21683
6.21748
6.22722
6.22613
6.22505
6.22814
6.22775
6.22662
6.22183
6.22431
6.22864
6.22681
6.22654
6.22645
6.22738
6.22868
6.22897
6.22512
6.22821
6.22217
6.22399
6.22552
6.22383
6.22195
6.22646
6.22641
6.2287
6.2206
6.225
6.22314
6.22016
6.22683
6.22218
6.22566
6.22052
5.94737
5.92471
6.06435
5.96491
5.89181
5.94694
6.23508
6.22767
6.23755
6.22865
6.2366
6.23684
6.23259
6.23736
6.23542
6.22882
6.22632
6.22132
6.23188
6.22356
6.20848
6.2188
6.20998
6.2152
6.21711
6.2201
6.21906
6.22001
6.21735
6.21753
6.2201
6.21825
6.21824
6.22669
6.22578
6.2266
6.22287
6.22235
6.22735
6.216
6.21481
6.21539
6.21603
6.21569
6.21541
6.21688
6.22807
6.22623
6.22159
6.22429
6.2227
5.31576
5.84013
5.28279
6.23464
5.40625
6.23291
6.24262
6.22855
6.22874
6.22551
6.22892
6.22706
6.22694
6.23005
6.22562
5.99043
5.98259
6.07636
5.92485
5.87176
5.95705
6.21612
6.21676
6.21762
6.21701
6.21846
6.21675
6.21839
6.22818
6.22493
6.22674
6.23073
6.2249
6.2296
6.22856
6.2307
6.22875
6.22928
6.21822
6.21932
6.21714
6.2179
6.21784
6.2272
6.22705
6.21943
6.22705
6.22861
6.222
6.22219
6.22512
6.22607
6.21984
6.22543
6.22491
6.22643
6.21779
6.21589
6.22699
6.22637
6.22788
6.22917
6.22547
6.22403
6.22377
6.22645
6.06535
6.0279
6.15345
5.97832
5.86011
6.00485
6.1346
6.14354
6.1128
6.09411
6.07973
6.22352
6.22577
6.22452
6.22627
6.22524
6.22045
6.22587
6.16025
6.11053
6.15012
6.12927
5.95607
6.02754
6.18231
6.18703
6.13571
6.17432
6.14868
6.12983
6.08596
6.10111
6.22796
6.23916
6.2346
6.23508
6.23263
6.23098
6.22774
6.22112
6.22744
6.23069
6.22967
6.22682
6.21632
6.21629
6.21629
6.21636
6.21684
6.21786
6.21635
6.21757
6.21561
6.2212
6.21829
6.21844
6.21937
6.21944
6.21751
6.21537
6.21679
6.21652
6.22335
6.21876
6.21611
6.21661
6.21575
6.21551
6.22038
6.22116
6.22226
6.22128
6.21824
6.21778
6.21894
6.21595
6.21762
6.21621
6.21723
6.21576
6.21877
6.21554
6.21574
6.21544
6.21599
6.2207
6.22468
6.2231
6.22732
6.22694
6.22537
6.22712
6.22895
6.23077
6.22924
6.22668
6.22267
6.22899
6.22761
6.23049
6.22451
6.22258
6.21982
6.22235
6.22208
6.22296
6.22135
6.21836
6.2177
6.22889
6.2288
6.23007
6.22587
6.23027
6.22086
6.21878
6.22419
6.2241
6.22362
6.21891
6.21854
6.08736
6.04733
6.01608
5.9433
6.21855
6.2179
6.21951
6.21866
6.21683
6.21772
6.21952
6.22471
6.22018
6.2263
6.22038
6.22117
6.22117
6.21845
6.2183
6.22398
6.22446
6.2279
6.22837
6.22725
6.23016
6.23125
6.23161
6.22921
6.22394
6.22501
6.22731
6.22179
6.22194
6.22199
6.22678
6.22594
6.22674
6.22602
6.22369
6.22441
6.22902
6.21735
6.21741
6.21621
6.22048
6.21894
6.21871
6.21702
6.22218
6.22081
6.22877
6.22755
6.22074
6.22801
6.21927
6.22146
6.22877
6.22588
6.22247
6.2206
6.2271
6.22793
6.23174
6.22542
6.2365
6.2365
6.23652
6.2382
6.23716
6.23735
6.23547
6.23717
6.23688
6.24098
6.22037
6.21664
6.21823
6.21762
6.21803
6.22526
6.20183
6.21258
6.19312
6.18447
6.21513
6.18736
6.21287
6.21884
6.21589
6.22788
6.22973
6.23057
6.22445
6.22895
6.22117
6.22721
6.22611
6.22737
6.22619
6.22762
6.2278
6.22146
6.22865
6.22776
6.21525
6.21521
6.21505
6.21574
6.21658
6.21847
6.21546
6.21517
6.21577
6.21755
6.21683
6.2156
6.21813
6.21865
6.21864
6.21973
6.22375
6.22449
6.2238
6.22577
6.22321
6.22483
6.22379
6.22467
6.05456
6.11745
6.10569
5.84835
6.14619
6.03343
5.97676
6.0937
6.00422
6.2264
6.22647
6.22664
6.22314
6.22935
6.22595
6.22593
6.22765
6.22476
6.22101
6.22567
6.22768
6.22582
6.22952
6.22688
6.2268
6.22473
6.22441
6.22438
6.21639
6.21736
6.218
6.21781
6.22127
6.2195
6.22371
6.22363
6.21942
6.21506
6.22695
6.22947
6.22783
6.22808
6.22897
6.23092
6.23113
6.2279
6.23177
6.24151
6.23567
6.23293
6.2368
6.23666
6.23639
6.23953
6.24048
6.23632
6.2267
6.22667
6.22537
6.22844
6.22725
6.22816
6.22423
6.22564
6.22621
6.22401
6.22589
6.21768
6.21797
6.21724
6.2168
6.21574
6.21758
6.21561
6.21708
6.2163
6.2232
6.21923
6.22134
6.2215
6.22256
6.21899
6.22326
6.22268
6.20989
6.20399
6.20439
6.20992
6.21718
6.22021
6.20312
6.21403
6.21481
6.22785
6.22775
6.22631
6.22636
6.22506
6.22633
6.22561
6.22426
6.2288
6.22152
6.22664
6.22712
6.22259
6.22388
6.22462
6.22648
6.22536
6.21896
6.21742
6.21863
6.21951
6.2215
6.22336
6.22086
6.21829
6.08337
6.06041
6.07799
5.979
6.00317
5.89307
5.97846
5.91345
5.99228
5.90307
5.90673
5.8618
6.20768
6.17261
6.17744
6.18988
6.17619
6.19996
6.20861
6.20555
6.22308
6.22583
6.22574
6.22348
6.2211
6.22125
6.06779
5.92135
6.03206
6.0905
5.93554
5.96398
5.84171
5.98306
5.80099
5.90971
6.2443
6.24332
6.24326
6.24577
6.24616
6.23526
6.23933
6.23363
6.23655
6.22212
6.2261
6.2296
6.22468
6.22429
6.22485
6.22754
6.22428
6.23027
6.22453
6.22992
6.23181
6.23054
6.23103
6.22735
6.2313
6.21592
6.21574
6.21637
6.21591
6.21612
6.2168
6.21548
6.10832
6.14931
6.11341
6.22572
6.22684
6.22377
6.22781
6.22298
6.22583
6.22435
6.22318
6.23629
6.23622
6.23702
6.23582
6.23492
6.2383
6.23675
6.23116
6.22681
6.22658
6.22419
6.2251
6.2259
5.87748
5.90576
5.71254
5.79302
6.00143
5.36676
6.22255
6.21727
6.22657
6.21622
6.21755
6.2234
6.22111
6.22939
6.22225
6.22513
6.22058
6.22079
6.22534
6.21913
6.22661
6.22204
6.22531
6.22459
6.2233
6.22407
6.22416
6.21841
6.21808
6.22054
6.22713
6.22403
6.22691
6.22943
6.22602
6.22127
6.22621
6.22532
6.22816
6.22549
6.21569
6.2202
6.22125
6.21747
6.21923
6.21776
6.22478
6.22458
6.21965
6.21972
6.22071
6.22194
6.22379
6.22562
6.21588
6.21652
6.21619
6.21519
6.2171
6.21617
6.22385
6.22415
6.22233
6.22303
6.22467
6.22489
6.22416
6.22604
6.2284
6.23112
6.23237
6.22503
6.23017
6.22754
6.22998
6.22744
6.22987
6.22894
6.22801
6.22301
6.23001
6.22538
6.22324
6.22174
6.22352
6.22627
6.22493
6.22769
6.22215
6.22189
6.22319
6.22105
6.22266
6.22537
6.2242
6.22698
6.22684
6.22284
6.22594
6.22488
6.22699
6.22561
6.22369
6.22226
6.22613
3.56586
6.21246
4.29045
5.39345
5.77925
6.29436
6.27128
6.15396
3.43928
6.2896
6.23691
6.23095
6.24356
6.24472
6.24471
5.2802
6.24251
6.21334
6.23272
6.22981
6.21655
6.22316
6.21797
6.17468
4.36129
5.27965
5.95532
4.73897
6.01887
6.01702
6.21796
6.19081
6.23244
5.81019
6.00173
6.19545
6.19752
6.24353
6.23092
6.21974
5.79029
5.77668
5.83934
6.21741
6.23036
6.22824
6.22661
6.22714
6.14121
6.22001
6.21881
6.22651
6.22444
6.20286
6.2361
5.40269
6.25991
5.74687
6.22997
6.22416
6.22527
6.22678
6.2271
6.23628
6.24641
6.2472
6.24647
6.09236
6.22679
6.22727
6.22693
6.22833
5.8333
6.27133
6.24477
6.22423
4.8396
6.16689
6.22311
6.26398
5.95329
5.78509
5.94422
5.84154
5.81722
6.21915
6.1978
6.21861
6.21474
5.92414
5.82441
5.8544
5.92013
5.9455
5.69839
5.83706
6.00071
5.96704
5.95057
5.90825
5.98589
5.83778
5.99886
5.93227
6.01417
6.0137
5.81827
5.94804
5.9411
6.10994
6.09808
6.14757
6.12503
6.00805
5.97231
5.94914
5.89542
5.95567
6.02507
5.98957
5.99517
5.97416
5.9448
5.81695
5.83554
6.05145
6.10785
)
;

boundaryField
{
    tank_inlet
    {
        type            zeroGradient;
    }
    tank_outlet
    {
        type            fixedValue;
        value           uniform 0;
    }
    tank_walls
    {
        type            zeroGradient;
    }
}


// ************************************************************************* //
