ISO-10303-21;
HEADER;
FILE_DESCRIPTION(('Open CASCADE Model'),'2;1');
FILE_NAME('Open CASCADE Shape Model','2026-01-21T16:03:15',('Author'),(
    'Open CASCADE'),'Open CASCADE STEP processor 7.7','Open CASCADE 7.7'
  ,'Unknown');
FILE_SCHEMA(('AUTOMOTIVE_DESIGN { 1 0 10303 214 1 1 1 1 }'));
ENDSEC;
DATA;
#1 = APPLICATION_PROTOCOL_DEFINITION('international standard',
  'automotive_design',2000,#2);
#2 = APPLICATION_CONTEXT(
  'core data for automotive mechanical design processes');
#3 = SHAPE_DEFINITION_REPRESENTATION(#4,#10);
#4 = PRODUCT_DEFINITION_SHAPE('','',#5);
#5 = PRODUCT_DEFINITION('design','',#6,#9);
#6 = PRODUCT_DEFINITION_FORMATION('','',#7);
#7 = PRODUCT('9806bc34-f6b4-11f0-8c6b-ba5fe48434cd',
  '9806bc34-f6b4-11f0-8c6b-ba5fe48434cd','',(#8));
#8 = PRODUCT_CONTEXT('',#2,'mechanical');
#9 = PRODUCT_DEFINITION_CONTEXT('part definition',#2,'design');
#10 = SHAPE_REPRESENTATION('',(#11,#15,#19,#23,#27,#31,#35,#39,#43,#47,
    #51,#55,#59,#63,#67,#71,#75,#79,#83,#87,#91,#95,#99,#103),#107);
#11 = AXIS2_PLACEMENT_3D('',#12,#13,#14);
#12 = CARTESIAN_POINT('',(0.,0.,0.));
#13 = DIRECTION('',(0.,0.,1.));
#14 = DIRECTION('',(1.,0.,-0.));
#15 = AXIS2_PLACEMENT_3D('',#16,#17,#18);
#16 = CARTESIAN_POINT('',(0.,0.,0.));
#17 = DIRECTION('',(0.,0.,1.));
#18 = DIRECTION('',(1.,0.,-0.));
#19 = AXIS2_PLACEMENT_3D('',#20,#21,#22);
#20 = CARTESIAN_POINT('',(0.,0.,0.));
#21 = DIRECTION('',(0.,0.,1.));
#22 = DIRECTION('',(1.,0.,-0.));
#23 = AXIS2_PLACEMENT_3D('',#24,#25,#26);
#24 = CARTESIAN_POINT('',(0.,0.,0.));
#25 = DIRECTION('',(0.,0.,1.));
#26 = DIRECTION('',(1.,0.,-0.));
#27 = AXIS2_PLACEMENT_3D('',#28,#29,#30);
#28 = CARTESIAN_POINT('',(0.,0.,0.));
#29 = DIRECTION('',(0.,0.,1.));
#30 = DIRECTION('',(1.,0.,-0.));
#31 = AXIS2_PLACEMENT_3D('',#32,#33,#34);
#32 = CARTESIAN_POINT('',(0.,0.,0.));
#33 = DIRECTION('',(0.,0.,1.));
#34 = DIRECTION('',(1.,0.,-0.));
#35 = AXIS2_PLACEMENT_3D('',#36,#37,#38);
#36 = CARTESIAN_POINT('',(0.,0.,0.));
#37 = DIRECTION('',(0.,0.,1.));
#38 = DIRECTION('',(1.,0.,-0.));
#39 = AXIS2_PLACEMENT_3D('',#40,#41,#42);
#40 = CARTESIAN_POINT('',(0.,0.,0.));
#41 = DIRECTION('',(0.,0.,1.));
#42 = DIRECTION('',(1.,0.,-0.));
#43 = AXIS2_PLACEMENT_3D('',#44,#45,#46);
#44 = CARTESIAN_POINT('',(0.,0.,0.));
#45 = DIRECTION('',(0.,0.,1.));
#46 = DIRECTION('',(1.,0.,-0.));
#47 = AXIS2_PLACEMENT_3D('',#48,#49,#50);
#48 = CARTESIAN_POINT('',(0.,0.,0.));
#49 = DIRECTION('',(0.,0.,1.));
#50 = DIRECTION('',(1.,0.,-0.));
#51 = AXIS2_PLACEMENT_3D('',#52,#53,#54);
#52 = CARTESIAN_POINT('',(0.,0.,0.));
#53 = DIRECTION('',(0.,0.,1.));
#54 = DIRECTION('',(1.,0.,-0.));
#55 = AXIS2_PLACEMENT_3D('',#56,#57,#58);
#56 = CARTESIAN_POINT('',(0.,0.,0.));
#57 = DIRECTION('',(0.,0.,1.));
#58 = DIRECTION('',(1.,0.,-0.));
#59 = AXIS2_PLACEMENT_3D('',#60,#61,#62);
#60 = CARTESIAN_POINT('',(0.,0.,0.));
#61 = DIRECTION('',(0.,0.,1.));
#62 = DIRECTION('',(1.,0.,-0.));
#63 = AXIS2_PLACEMENT_3D('',#64,#65,#66);
#64 = CARTESIAN_POINT('',(0.,0.,0.));
#65 = DIRECTION('',(0.,0.,1.));
#66 = DIRECTION('',(1.,0.,-0.));
#67 = AXIS2_PLACEMENT_3D('',#68,#69,#70);
#68 = CARTESIAN_POINT('',(0.,0.,0.));
#69 = DIRECTION('',(0.,0.,1.));
#70 = DIRECTION('',(1.,0.,-0.));
#71 = AXIS2_PLACEMENT_3D('',#72,#73,#74);
#72 = CARTESIAN_POINT('',(0.,0.,0.));
#73 = DIRECTION('',(0.,0.,1.));
#74 = DIRECTION('',(1.,0.,-0.));
#75 = AXIS2_PLACEMENT_3D('',#76,#77,#78);
#76 = CARTESIAN_POINT('',(0.,0.,0.));
#77 = DIRECTION('',(0.,0.,1.));
#78 = DIRECTION('',(1.,0.,-0.));
#79 = AXIS2_PLACEMENT_3D('',#80,#81,#82);
#80 = CARTESIAN_POINT('',(0.,0.,0.));
#81 = DIRECTION('',(0.,0.,1.));
#82 = DIRECTION('',(1.,0.,-0.));
#83 = AXIS2_PLACEMENT_3D('',#84,#85,#86);
#84 = CARTESIAN_POINT('',(0.,0.,0.));
#85 = DIRECTION('',(0.,0.,1.));
#86 = DIRECTION('',(1.,0.,-0.));
#87 = AXIS2_PLACEMENT_3D('',#88,#89,#90);
#88 = CARTESIAN_POINT('',(0.,0.,0.));
#89 = DIRECTION('',(0.,0.,1.));
#90 = DIRECTION('',(1.,0.,-0.));
#91 = AXIS2_PLACEMENT_3D('',#92,#93,#94);
#92 = CARTESIAN_POINT('',(0.,0.,0.));
#93 = DIRECTION('',(0.,0.,1.));
#94 = DIRECTION('',(1.,0.,-0.));
#95 = AXIS2_PLACEMENT_3D('',#96,#97,#98);
#96 = CARTESIAN_POINT('',(0.,0.,0.));
#97 = DIRECTION('',(0.,0.,1.));
#98 = DIRECTION('',(1.,0.,-0.));
#99 = AXIS2_PLACEMENT_3D('',#100,#101,#102);
#100 = CARTESIAN_POINT('',(0.,0.,0.));
#101 = DIRECTION('',(0.,0.,1.));
#102 = DIRECTION('',(1.,0.,-0.));
#103 = AXIS2_PLACEMENT_3D('',#104,#105,#106);
#104 = CARTESIAN_POINT('',(0.,0.,0.));
#105 = DIRECTION('',(0.,0.,1.));
#106 = DIRECTION('',(1.,0.,-0.));
#107 = ( GEOMETRIC_REPRESENTATION_CONTEXT(3) 
GLOBAL_UNCERTAINTY_ASSIGNED_CONTEXT((#111)) GLOBAL_UNIT_ASSIGNED_CONTEXT
((#108,#109,#110)) REPRESENTATION_CONTEXT('Context #1',
  '3D Context with UNIT and UNCERTAINTY') );
#108 = ( LENGTH_UNIT() NAMED_UNIT(*) SI_UNIT(.MILLI.,.METRE.) );
#109 = ( NAMED_UNIT(*) PLANE_ANGLE_UNIT() SI_UNIT($,.RADIAN.) );
#110 = ( NAMED_UNIT(*) SI_UNIT($,.STERADIAN.) SOLID_ANGLE_UNIT() );
#111 = UNCERTAINTY_MEASURE_WITH_UNIT(LENGTH_MEASURE(1.E-07),#108,
  'distance_accuracy_value','confusion accuracy');
#112 = PRODUCT_RELATED_PRODUCT_CATEGORY('part',$,(#7));
#113 = SHAPE_DEFINITION_REPRESENTATION(#114,#120);
#114 = PRODUCT_DEFINITION_SHAPE('','',#115);
#115 = PRODUCT_DEFINITION('design','',#116,#119);
#116 = PRODUCT_DEFINITION_FORMATION('','',#117);
#117 = PRODUCT('mixing_tank','mixing_tank','',(#118));
#118 = PRODUCT_CONTEXT('',#2,'mechanical');
#119 = PRODUCT_DEFINITION_CONTEXT('part definition',#2,'design');
#120 = ADVANCED_BREP_SHAPE_REPRESENTATION('',(#11,#121),#289);
#121 = MANIFOLD_SOLID_BREP('',#122);
#122 = CLOSED_SHELL('',(#123,#236,#259,#284));
#123 = ADVANCED_FACE('',(#124),#139,.T.);
#124 = FACE_BOUND('',#125,.F.);
#125 = EDGE_LOOP('',(#126,#162,#188,#217));
#126 = ORIENTED_EDGE('',*,*,#127,.F.);
#127 = EDGE_CURVE('',#128,#130,#132,.T.);
#128 = VERTEX_POINT('',#129);
#129 = CARTESIAN_POINT('',(1.999998437499,2.5E-03,0.));
#130 = VERTEX_POINT('',#131);
#131 = CARTESIAN_POINT('',(-1.999998437499,2.5E-03,0.));
#132 = SURFACE_CURVE('',#133,(#138,#150),.PCURVE_S1.);
#133 = CIRCLE('',#134,2.);
#134 = AXIS2_PLACEMENT_3D('',#135,#136,#137);
#135 = CARTESIAN_POINT('',(0.,0.,0.));
#136 = DIRECTION('',(0.,0.,1.));
#137 = DIRECTION('',(1.,0.,0.));
#138 = PCURVE('',#139,#144);
#139 = CYLINDRICAL_SURFACE('',#140,2.);
#140 = AXIS2_PLACEMENT_3D('',#141,#142,#143);
#141 = CARTESIAN_POINT('',(0.,0.,0.));
#142 = DIRECTION('',(-0.,-0.,-1.));
#143 = DIRECTION('',(1.,0.,0.));
#144 = DEFINITIONAL_REPRESENTATION('',(#145),#149);
#145 = LINE('',#146,#147);
#146 = CARTESIAN_POINT('',(-0.,0.));
#147 = VECTOR('',#148,1.);
#148 = DIRECTION('',(-1.,0.));
#149 = ( GEOMETRIC_REPRESENTATION_CONTEXT(2) 
PARAMETRIC_REPRESENTATION_CONTEXT() REPRESENTATION_CONTEXT('2D SPACE',''
  ) );
#150 = PCURVE('',#151,#156);
#151 = PLANE('',#152);
#152 = AXIS2_PLACEMENT_3D('',#153,#154,#155);
#153 = CARTESIAN_POINT('',(-1.281975124256E-16,1.74751904908E-16,0.));
#154 = DIRECTION('',(0.,0.,1.));
#155 = DIRECTION('',(1.,0.,-0.));
#156 = DEFINITIONAL_REPRESENTATION('',(#157),#161);
#157 = CIRCLE('',#158,2.);
#158 = AXIS2_PLACEMENT_2D('',#159,#160);
#159 = CARTESIAN_POINT('',(1.281975124256E-16,-1.74751904908E-16));
#160 = DIRECTION('',(1.,0.));
#161 = ( GEOMETRIC_REPRESENTATION_CONTEXT(2) 
PARAMETRIC_REPRESENTATION_CONTEXT() REPRESENTATION_CONTEXT('2D SPACE',''
  ) );
#162 = ORIENTED_EDGE('',*,*,#163,.F.);
#163 = EDGE_CURVE('',#164,#128,#166,.T.);
#164 = VERTEX_POINT('',#165);
#165 = CARTESIAN_POINT('',(1.999998437499,2.5E-03,1.5));
#166 = SURFACE_CURVE('',#167,(#171,#177),.PCURVE_S1.);
#167 = LINE('',#168,#169);
#168 = CARTESIAN_POINT('',(1.999998437499,2.5E-03,0.));
#169 = VECTOR('',#170,1.);
#170 = DIRECTION('',(-0.,-0.,-1.));
#171 = PCURVE('',#139,#172);
#172 = DEFINITIONAL_REPRESENTATION('',(#173),#176);
#173 = B_SPLINE_CURVE_WITH_KNOTS('',1,(#174,#175),.UNSPECIFIED.,.F.,.F.,
  (2,2),(-1.5000006,6.E-07),.PIECEWISE_BEZIER_KNOTS.);
#174 = CARTESIAN_POINT('',(-1.250000325521E-03,-1.5000006));
#175 = CARTESIAN_POINT('',(-1.250000325521E-03,6.E-07));
#176 = ( GEOMETRIC_REPRESENTATION_CONTEXT(2) 
PARAMETRIC_REPRESENTATION_CONTEXT() REPRESENTATION_CONTEXT('2D SPACE',''
  ) );
#177 = PCURVE('',#178,#183);
#178 = PLANE('',#179);
#179 = AXIS2_PLACEMENT_3D('',#180,#181,#182);
#180 = CARTESIAN_POINT('',(0.,2.5E-03,0.));
#181 = DIRECTION('',(-0.,-1.,-0.));
#182 = DIRECTION('',(0.,0.,-1.));
#183 = DEFINITIONAL_REPRESENTATION('',(#184),#187);
#184 = B_SPLINE_CURVE_WITH_KNOTS('',1,(#185,#186),.UNSPECIFIED.,.F.,.F.,
  (2,2),(-1.5000006,6.E-07),.PIECEWISE_BEZIER_KNOTS.);
#185 = CARTESIAN_POINT('',(-1.5000006,1.999998437499));
#186 = CARTESIAN_POINT('',(6.E-07,1.999998437499));
#187 = ( GEOMETRIC_REPRESENTATION_CONTEXT(2) 
PARAMETRIC_REPRESENTATION_CONTEXT() REPRESENTATION_CONTEXT('2D SPACE',''
  ) );
#188 = ORIENTED_EDGE('',*,*,#189,.T.);
#189 = EDGE_CURVE('',#164,#190,#192,.T.);
#190 = VERTEX_POINT('',#191);
#191 = CARTESIAN_POINT('',(-1.999998437499,2.5E-03,1.5));
#192 = SURFACE_CURVE('',#193,(#198,#205),.PCURVE_S1.);
#193 = CIRCLE('',#194,2.);
#194 = AXIS2_PLACEMENT_3D('',#195,#196,#197);
#195 = CARTESIAN_POINT('',(0.,0.,1.5));
#196 = DIRECTION('',(0.,0.,1.));
#197 = DIRECTION('',(1.,0.,0.));
#198 = PCURVE('',#139,#199);
#199 = DEFINITIONAL_REPRESENTATION('',(#200),#204);
#200 = LINE('',#201,#202);
#201 = CARTESIAN_POINT('',(-0.,-1.5));
#202 = VECTOR('',#203,1.);
#203 = DIRECTION('',(-1.,0.));
#204 = ( GEOMETRIC_REPRESENTATION_CONTEXT(2) 
PARAMETRIC_REPRESENTATION_CONTEXT() REPRESENTATION_CONTEXT('2D SPACE',''
  ) );
#205 = PCURVE('',#206,#211);
#206 = PLANE('',#207);
#207 = AXIS2_PLACEMENT_3D('',#208,#209,#210);
#208 = CARTESIAN_POINT('',(-1.281975124256E-16,1.74751904908E-16,1.5));
#209 = DIRECTION('',(0.,0.,1.));
#210 = DIRECTION('',(1.,0.,-0.));
#211 = DEFINITIONAL_REPRESENTATION('',(#212),#216);
#212 = CIRCLE('',#213,2.);
#213 = AXIS2_PLACEMENT_2D('',#214,#215);
#214 = CARTESIAN_POINT('',(1.281975124256E-16,-1.74751904908E-16));
#215 = DIRECTION('',(1.,0.));
#216 = ( GEOMETRIC_REPRESENTATION_CONTEXT(2) 
PARAMETRIC_REPRESENTATION_CONTEXT() REPRESENTATION_CONTEXT('2D SPACE',''
  ) );
#217 = ORIENTED_EDGE('',*,*,#218,.T.);
#218 = EDGE_CURVE('',#190,#130,#219,.T.);
#219 = SURFACE_CURVE('',#220,(#224,#230),.PCURVE_S1.);
#220 = LINE('',#221,#222);
#221 = CARTESIAN_POINT('',(-1.999998437499,2.5E-03,0.));
#222 = VECTOR('',#223,1.);
#223 = DIRECTION('',(-0.,-0.,-1.));
#224 = PCURVE('',#139,#225);
#225 = DEFINITIONAL_REPRESENTATION('',(#226),#229);
#226 = B_SPLINE_CURVE_WITH_KNOTS('',1,(#227,#228),.UNSPECIFIED.,.F.,.F.,
  (2,2),(-1.5000006,6.E-07),.PIECEWISE_BEZIER_KNOTS.);
#227 = CARTESIAN_POINT('',(-3.140342653264,-1.5000006));
#228 = CARTESIAN_POINT('',(-3.140342653264,6.E-07));
#229 = ( GEOMETRIC_REPRESENTATION_CONTEXT(2) 
PARAMETRIC_REPRESENTATION_CONTEXT() REPRESENTATION_CONTEXT('2D SPACE',''
  ) );
#230 = PCURVE('',#178,#231);
#231 = DEFINITIONAL_REPRESENTATION('',(#232),#235);
#232 = B_SPLINE_CURVE_WITH_KNOTS('',1,(#233,#234),.UNSPECIFIED.,.F.,.F.,
  (2,2),(-1.5000006,6.E-07),.PIECEWISE_BEZIER_KNOTS.);
#233 = CARTESIAN_POINT('',(-1.5000006,-1.999998437499));
#234 = CARTESIAN_POINT('',(6.E-07,-1.999998437499));
#235 = ( GEOMETRIC_REPRESENTATION_CONTEXT(2) 
PARAMETRIC_REPRESENTATION_CONTEXT() REPRESENTATION_CONTEXT('2D SPACE',''
  ) );
#236 = ADVANCED_FACE('',(#237),#151,.F.);
#237 = FACE_BOUND('',#238,.F.);
#238 = EDGE_LOOP('',(#239,#258));
#239 = ORIENTED_EDGE('',*,*,#240,.T.);
#240 = EDGE_CURVE('',#130,#128,#241,.T.);
#241 = SURFACE_CURVE('',#242,(#246,#252),.PCURVE_S1.);
#242 = LINE('',#243,#244);
#243 = CARTESIAN_POINT('',(-6.409875621279E-17,2.5E-03,0.));
#244 = VECTOR('',#245,1.);
#245 = DIRECTION('',(1.,0.,0.));
#246 = PCURVE('',#151,#247);
#247 = DEFINITIONAL_REPRESENTATION('',(#248),#251);
#248 = B_SPLINE_CURVE_WITH_KNOTS('',1,(#249,#250),.UNSPECIFIED.,.F.,.F.,
  (2,2),(-2.,2.),.PIECEWISE_BEZIER_KNOTS.);
#249 = CARTESIAN_POINT('',(-2.,2.5E-03));
#250 = CARTESIAN_POINT('',(2.,2.5E-03));
#251 = ( GEOMETRIC_REPRESENTATION_CONTEXT(2) 
PARAMETRIC_REPRESENTATION_CONTEXT() REPRESENTATION_CONTEXT('2D SPACE',''
  ) );
#252 = PCURVE('',#178,#253);
#253 = DEFINITIONAL_REPRESENTATION('',(#254),#257);
#254 = B_SPLINE_CURVE_WITH_KNOTS('',1,(#255,#256),.UNSPECIFIED.,.F.,.F.,
  (2,2),(-2.,2.),.PIECEWISE_BEZIER_KNOTS.);
#255 = CARTESIAN_POINT('',(0.,-2.));
#256 = CARTESIAN_POINT('',(0.,2.));
#257 = ( GEOMETRIC_REPRESENTATION_CONTEXT(2) 
PARAMETRIC_REPRESENTATION_CONTEXT() REPRESENTATION_CONTEXT('2D SPACE',''
  ) );
#258 = ORIENTED_EDGE('',*,*,#127,.T.);
#259 = ADVANCED_FACE('',(#260),#178,.T.);
#260 = FACE_BOUND('',#261,.T.);
#261 = EDGE_LOOP('',(#262,#263,#282,#283));
#262 = ORIENTED_EDGE('',*,*,#163,.F.);
#263 = ORIENTED_EDGE('',*,*,#264,.F.);
#264 = EDGE_CURVE('',#190,#164,#265,.T.);
#265 = SURFACE_CURVE('',#266,(#270,#276),.PCURVE_S1.);
#266 = LINE('',#267,#268);
#267 = CARTESIAN_POINT('',(-6.409875621279E-17,2.5E-03,1.5));
#268 = VECTOR('',#269,1.);
#269 = DIRECTION('',(1.,0.,0.));
#270 = PCURVE('',#178,#271);
#271 = DEFINITIONAL_REPRESENTATION('',(#272),#275);
#272 = B_SPLINE_CURVE_WITH_KNOTS('',1,(#273,#274),.UNSPECIFIED.,.F.,.F.,
  (2,2),(-2.,2.),.PIECEWISE_BEZIER_KNOTS.);
#273 = CARTESIAN_POINT('',(-1.5,-2.));
#274 = CARTESIAN_POINT('',(-1.5,2.));
#275 = ( GEOMETRIC_REPRESENTATION_CONTEXT(2) 
PARAMETRIC_REPRESENTATION_CONTEXT() REPRESENTATION_CONTEXT('2D SPACE',''
  ) );
#276 = PCURVE('',#206,#277);
#277 = DEFINITIONAL_REPRESENTATION('',(#278),#281);
#278 = B_SPLINE_CURVE_WITH_KNOTS('',1,(#279,#280),.UNSPECIFIED.,.F.,.F.,
  (2,2),(-2.,2.),.PIECEWISE_BEZIER_KNOTS.);
#279 = CARTESIAN_POINT('',(-2.,2.5E-03));
#280 = CARTESIAN_POINT('',(2.,2.5E-03));
#281 = ( GEOMETRIC_REPRESENTATION_CONTEXT(2) 
PARAMETRIC_REPRESENTATION_CONTEXT() REPRESENTATION_CONTEXT('2D SPACE',''
  ) );
#282 = ORIENTED_EDGE('',*,*,#218,.T.);
#283 = ORIENTED_EDGE('',*,*,#240,.T.);
#284 = ADVANCED_FACE('',(#285),#206,.T.);
#285 = FACE_BOUND('',#286,.T.);
#286 = EDGE_LOOP('',(#287,#288));
#287 = ORIENTED_EDGE('',*,*,#264,.T.);
#288 = ORIENTED_EDGE('',*,*,#189,.T.);
#289 = ( GEOMETRIC_REPRESENTATION_CONTEXT(3) 
GLOBAL_UNCERTAINTY_ASSIGNED_CONTEXT((#293)) GLOBAL_UNIT_ASSIGNED_CONTEXT
((#290,#291,#292)) REPRESENTATION_CONTEXT('Context #1',
  '3D Context with UNIT and UNCERTAINTY') );
#290 = ( LENGTH_UNIT() NAMED_UNIT(*) SI_UNIT(.MILLI.,.METRE.) );
#291 = ( NAMED_UNIT(*) PLANE_ANGLE_UNIT() SI_UNIT($,.RADIAN.) );
#292 = ( NAMED_UNIT(*) SI_UNIT($,.STERADIAN.) SOLID_ANGLE_UNIT() );
#293 = UNCERTAINTY_MEASURE_WITH_UNIT(LENGTH_MEASURE(2.E-07),#290,
  'distance_accuracy_value','confusion accuracy');
#294 = CONTEXT_DEPENDENT_SHAPE_REPRESENTATION(#295,#297);
#295 = ( REPRESENTATION_RELATIONSHIP('','',#120,#10) 
REPRESENTATION_RELATIONSHIP_WITH_TRANSFORMATION(#296) 
SHAPE_REPRESENTATION_RELATIONSHIP() );
#296 = ITEM_DEFINED_TRANSFORMATION('','',#11,#15);
#297 = PRODUCT_DEFINITION_SHAPE('Placement','Placement of an item',#298
  );
#298 = NEXT_ASSEMBLY_USAGE_OCCURRENCE('663','mixing_tank','',#5,#115,$);
#299 = PRODUCT_RELATED_PRODUCT_CATEGORY('part',$,(#117));
#300 = SHAPE_DEFINITION_REPRESENTATION(#301,#307);
#301 = PRODUCT_DEFINITION_SHAPE('','',#302);
#302 = PRODUCT_DEFINITION('design','',#303,#306);
#303 = PRODUCT_DEFINITION_FORMATION('','',#304);
#304 = PRODUCT('inlet_tank','inlet_tank','',(#305));
#305 = PRODUCT_CONTEXT('',#2,'mechanical');
#306 = PRODUCT_DEFINITION_CONTEXT('part definition',#2,'design');
#307 = ADVANCED_BREP_SHAPE_REPRESENTATION('',(#11,#308),#562);
#308 = MANIFOLD_SOLID_BREP('',#309);
#309 = CLOSED_SHELL('',(#310,#403,#479,#528,#556));
#310 = ADVANCED_FACE('',(#311),#325,.F.);
#311 = FACE_BOUND('',#312,.F.);
#312 = EDGE_LOOP('',(#313,#348,#377));
#313 = ORIENTED_EDGE('',*,*,#314,.F.);
#314 = EDGE_CURVE('',#315,#317,#319,.T.);
#315 = VERTEX_POINT('',#316);
#316 = CARTESIAN_POINT('',(1.25E-02,-2.019998437499,0.));
#317 = VERTEX_POINT('',#318);
#318 = CARTESIAN_POINT('',(1.25E-02,-2.25E-02,0.));
#319 = SURFACE_CURVE('',#320,(#324,#336),.PCURVE_S1.);
#320 = LINE('',#321,#322);
#321 = CARTESIAN_POINT('',(1.25E-02,-1.E-02,0.));
#322 = VECTOR('',#323,1.);
#323 = DIRECTION('',(0.,1.,0.));
#324 = PCURVE('',#325,#330);
#325 = PLANE('',#326);
#326 = AXIS2_PLACEMENT_3D('',#327,#328,#329);
#327 = CARTESIAN_POINT('',(1.E-02,-2.E-02,0.));
#328 = DIRECTION('',(0.,0.,1.));
#329 = DIRECTION('',(1.,0.,-0.));
#330 = DEFINITIONAL_REPRESENTATION('',(#331),#335);
#331 = LINE('',#332,#333);
#332 = CARTESIAN_POINT('',(2.5E-03,1.E-02));
#333 = VECTOR('',#334,1.);
#334 = DIRECTION('',(0.,1.));
#335 = ( GEOMETRIC_REPRESENTATION_CONTEXT(2) 
PARAMETRIC_REPRESENTATION_CONTEXT() REPRESENTATION_CONTEXT('2D SPACE',''
  ) );
#336 = PCURVE('',#337,#342);
#337 = PLANE('',#338);
#338 = AXIS2_PLACEMENT_3D('',#339,#340,#341);
#339 = CARTESIAN_POINT('',(1.25E-02,0.,0.));
#340 = DIRECTION('',(1.,0.,0.));
#341 = DIRECTION('',(-0.,0.,1.));
#342 = DEFINITIONAL_REPRESENTATION('',(#343),#347);
#343 = LINE('',#344,#345);
#344 = CARTESIAN_POINT('',(0.,1.E-02));
#345 = VECTOR('',#346,1.);
#346 = DIRECTION('',(0.,-1.));
#347 = ( GEOMETRIC_REPRESENTATION_CONTEXT(2) 
PARAMETRIC_REPRESENTATION_CONTEXT() REPRESENTATION_CONTEXT('2D SPACE',''
  ) );
#348 = ORIENTED_EDGE('',*,*,#349,.T.);
#349 = EDGE_CURVE('',#315,#350,#352,.T.);
#350 = VERTEX_POINT('',#351);
#351 = CARTESIAN_POINT('',(2.009998437499,-2.25E-02,0.));
#352 = SURFACE_CURVE('',#353,(#358,#365),.PCURVE_S1.);
#353 = CIRCLE('',#354,2.);
#354 = AXIS2_PLACEMENT_3D('',#355,#356,#357);
#355 = CARTESIAN_POINT('',(1.E-02,-2.E-02,0.));
#356 = DIRECTION('',(0.,0.,1.));
#357 = DIRECTION('',(1.,0.,0.));
#358 = PCURVE('',#325,#359);
#359 = DEFINITIONAL_REPRESENTATION('',(#360),#364);
#360 = CIRCLE('',#361,2.);
#361 = AXIS2_PLACEMENT_2D('',#362,#363);
#362 = CARTESIAN_POINT('',(1.283695372223E-16,-1.734723475977E-16));
#363 = DIRECTION('',(1.,0.));
#364 = ( GEOMETRIC_REPRESENTATION_CONTEXT(2) 
PARAMETRIC_REPRESENTATION_CONTEXT() REPRESENTATION_CONTEXT('2D SPACE',''
  ) );
#365 = PCURVE('',#366,#371);
#366 = CYLINDRICAL_SURFACE('',#367,2.);
#367 = AXIS2_PLACEMENT_3D('',#368,#369,#370);
#368 = CARTESIAN_POINT('',(1.E-02,-2.E-02,0.));
#369 = DIRECTION('',(-0.,-0.,-1.));
#370 = DIRECTION('',(1.,0.,0.));
#371 = DEFINITIONAL_REPRESENTATION('',(#372),#376);
#372 = LINE('',#373,#374);
#373 = CARTESIAN_POINT('',(-0.,0.));
#374 = VECTOR('',#375,1.);
#375 = DIRECTION('',(-1.,0.));
#376 = ( GEOMETRIC_REPRESENTATION_CONTEXT(2) 
PARAMETRIC_REPRESENTATION_CONTEXT() REPRESENTATION_CONTEXT('2D SPACE',''
  ) );
#377 = ORIENTED_EDGE('',*,*,#378,.F.);
#378 = EDGE_CURVE('',#317,#350,#379,.T.);
#379 = SURFACE_CURVE('',#380,(#384,#391),.PCURVE_S1.);
#380 = LINE('',#381,#382);
#381 = CARTESIAN_POINT('',(1.E-02,-2.25E-02,0.));
#382 = VECTOR('',#383,1.);
#383 = DIRECTION('',(1.,0.,0.));
#384 = PCURVE('',#325,#385);
#385 = DEFINITIONAL_REPRESENTATION('',(#386),#390);
#386 = LINE('',#387,#388);
#387 = CARTESIAN_POINT('',(6.418476861114E-17,-2.5E-03));
#388 = VECTOR('',#389,1.);
#389 = DIRECTION('',(1.,0.));
#390 = ( GEOMETRIC_REPRESENTATION_CONTEXT(2) 
PARAMETRIC_REPRESENTATION_CONTEXT() REPRESENTATION_CONTEXT('2D SPACE',''
  ) );
#391 = PCURVE('',#392,#397);
#392 = PLANE('',#393);
#393 = AXIS2_PLACEMENT_3D('',#394,#395,#396);
#394 = CARTESIAN_POINT('',(1.E-02,-2.25E-02,0.));
#395 = DIRECTION('',(-0.,-1.,-0.));
#396 = DIRECTION('',(0.,0.,-1.));
#397 = DEFINITIONAL_REPRESENTATION('',(#398),#402);
#398 = LINE('',#399,#400);
#399 = CARTESIAN_POINT('',(0.,-6.418476861114E-17));
#400 = VECTOR('',#401,1.);
#401 = DIRECTION('',(0.,1.));
#402 = ( GEOMETRIC_REPRESENTATION_CONTEXT(2) 
PARAMETRIC_REPRESENTATION_CONTEXT() REPRESENTATION_CONTEXT('2D SPACE',''
  ) );
#403 = ADVANCED_FACE('',(#404),#337,.F.);
#404 = FACE_BOUND('',#405,.F.);
#405 = EDGE_LOOP('',(#406,#429,#430,#453));
#406 = ORIENTED_EDGE('',*,*,#407,.T.);
#407 = EDGE_CURVE('',#408,#315,#410,.T.);
#408 = VERTEX_POINT('',#409);
#409 = CARTESIAN_POINT('',(1.25E-02,-2.019998437499,1.5));
#410 = SURFACE_CURVE('',#411,(#415,#422),.PCURVE_S1.);
#411 = LINE('',#412,#413);
#412 = CARTESIAN_POINT('',(1.25E-02,-2.019998437499,0.));
#413 = VECTOR('',#414,1.);
#414 = DIRECTION('',(-0.,-0.,-1.));
#415 = PCURVE('',#337,#416);
#416 = DEFINITIONAL_REPRESENTATION('',(#417),#421);
#417 = LINE('',#418,#419);
#418 = CARTESIAN_POINT('',(0.,2.019998437499));
#419 = VECTOR('',#420,1.);
#420 = DIRECTION('',(-1.,0.));
#421 = ( GEOMETRIC_REPRESENTATION_CONTEXT(2) 
PARAMETRIC_REPRESENTATION_CONTEXT() REPRESENTATION_CONTEXT('2D SPACE',''
  ) );
#422 = PCURVE('',#366,#423);
#423 = DEFINITIONAL_REPRESENTATION('',(#424),#428);
#424 = LINE('',#425,#426);
#425 = CARTESIAN_POINT('',(-4.71363898071,0.));
#426 = VECTOR('',#427,1.);
#427 = DIRECTION('',(-0.,1.));
#428 = ( GEOMETRIC_REPRESENTATION_CONTEXT(2) 
PARAMETRIC_REPRESENTATION_CONTEXT() REPRESENTATION_CONTEXT('2D SPACE',''
  ) );
#429 = ORIENTED_EDGE('',*,*,#314,.T.);
#430 = ORIENTED_EDGE('',*,*,#431,.T.);
#431 = EDGE_CURVE('',#317,#432,#434,.T.);
#432 = VERTEX_POINT('',#433);
#433 = CARTESIAN_POINT('',(1.25E-02,-2.25E-02,1.5));
#434 = SURFACE_CURVE('',#435,(#439,#446),.PCURVE_S1.);
#435 = LINE('',#436,#437);
#436 = CARTESIAN_POINT('',(1.25E-02,-2.25E-02,0.));
#437 = VECTOR('',#438,1.);
#438 = DIRECTION('',(0.,0.,1.));
#439 = PCURVE('',#337,#440);
#440 = DEFINITIONAL_REPRESENTATION('',(#441),#445);
#441 = LINE('',#442,#443);
#442 = CARTESIAN_POINT('',(0.,2.25E-02));
#443 = VECTOR('',#444,1.);
#444 = DIRECTION('',(1.,0.));
#445 = ( GEOMETRIC_REPRESENTATION_CONTEXT(2) 
PARAMETRIC_REPRESENTATION_CONTEXT() REPRESENTATION_CONTEXT('2D SPACE',''
  ) );
#446 = PCURVE('',#392,#447);
#447 = DEFINITIONAL_REPRESENTATION('',(#448),#452);
#448 = LINE('',#449,#450);
#449 = CARTESIAN_POINT('',(0.,2.5E-03));
#450 = VECTOR('',#451,1.);
#451 = DIRECTION('',(-1.,0.));
#452 = ( GEOMETRIC_REPRESENTATION_CONTEXT(2) 
PARAMETRIC_REPRESENTATION_CONTEXT() REPRESENTATION_CONTEXT('2D SPACE',''
  ) );
#453 = ORIENTED_EDGE('',*,*,#454,.F.);
#454 = EDGE_CURVE('',#408,#432,#455,.T.);
#455 = SURFACE_CURVE('',#456,(#460,#467),.PCURVE_S1.);
#456 = LINE('',#457,#458);
#457 = CARTESIAN_POINT('',(1.25E-02,-1.E-02,1.5));
#458 = VECTOR('',#459,1.);
#459 = DIRECTION('',(0.,1.,0.));
#460 = PCURVE('',#337,#461);
#461 = DEFINITIONAL_REPRESENTATION('',(#462),#466);
#462 = LINE('',#463,#464);
#463 = CARTESIAN_POINT('',(1.5,1.E-02));
#464 = VECTOR('',#465,1.);
#465 = DIRECTION('',(0.,-1.));
#466 = ( GEOMETRIC_REPRESENTATION_CONTEXT(2) 
PARAMETRIC_REPRESENTATION_CONTEXT() REPRESENTATION_CONTEXT('2D SPACE',''
  ) );
#467 = PCURVE('',#468,#473);
#468 = PLANE('',#469);
#469 = AXIS2_PLACEMENT_3D('',#470,#471,#472);
#470 = CARTESIAN_POINT('',(1.E-02,-2.E-02,1.5));
#471 = DIRECTION('',(0.,0.,1.));
#472 = DIRECTION('',(1.,0.,-0.));
#473 = DEFINITIONAL_REPRESENTATION('',(#474),#478);
#474 = LINE('',#475,#476);
#475 = CARTESIAN_POINT('',(2.5E-03,1.E-02));
#476 = VECTOR('',#477,1.);
#477 = DIRECTION('',(0.,1.));
#478 = ( GEOMETRIC_REPRESENTATION_CONTEXT(2) 
PARAMETRIC_REPRESENTATION_CONTEXT() REPRESENTATION_CONTEXT('2D SPACE',''
  ) );
#479 = ADVANCED_FACE('',(#480),#392,.F.);
#480 = FACE_BOUND('',#481,.F.);
#481 = EDGE_LOOP('',(#482,#505,#526,#527));
#482 = ORIENTED_EDGE('',*,*,#483,.F.);
#483 = EDGE_CURVE('',#484,#350,#486,.T.);
#484 = VERTEX_POINT('',#485);
#485 = CARTESIAN_POINT('',(2.009998437499,-2.25E-02,1.5));
#486 = SURFACE_CURVE('',#487,(#491,#498),.PCURVE_S1.);
#487 = LINE('',#488,#489);
#488 = CARTESIAN_POINT('',(2.009998437499,-2.25E-02,0.));
#489 = VECTOR('',#490,1.);
#490 = DIRECTION('',(-0.,-0.,-1.));
#491 = PCURVE('',#392,#492);
#492 = DEFINITIONAL_REPRESENTATION('',(#493),#497);
#493 = LINE('',#494,#495);
#494 = CARTESIAN_POINT('',(0.,1.999998437499));
#495 = VECTOR('',#496,1.);
#496 = DIRECTION('',(1.,0.));
#497 = ( GEOMETRIC_REPRESENTATION_CONTEXT(2) 
PARAMETRIC_REPRESENTATION_CONTEXT() REPRESENTATION_CONTEXT('2D SPACE',''
  ) );
#498 = PCURVE('',#366,#499);
#499 = DEFINITIONAL_REPRESENTATION('',(#500),#504);
#500 = LINE('',#501,#502);
#501 = CARTESIAN_POINT('',(-6.281935306854,0.));
#502 = VECTOR('',#503,1.);
#503 = DIRECTION('',(-0.,1.));
#504 = ( GEOMETRIC_REPRESENTATION_CONTEXT(2) 
PARAMETRIC_REPRESENTATION_CONTEXT() REPRESENTATION_CONTEXT('2D SPACE',''
  ) );
#505 = ORIENTED_EDGE('',*,*,#506,.F.);
#506 = EDGE_CURVE('',#432,#484,#507,.T.);
#507 = SURFACE_CURVE('',#508,(#512,#519),.PCURVE_S1.);
#508 = LINE('',#509,#510);
#509 = CARTESIAN_POINT('',(1.E-02,-2.25E-02,1.5));
#510 = VECTOR('',#511,1.);
#511 = DIRECTION('',(1.,0.,0.));
#512 = PCURVE('',#392,#513);
#513 = DEFINITIONAL_REPRESENTATION('',(#514),#518);
#514 = LINE('',#515,#516);
#515 = CARTESIAN_POINT('',(-1.5,-6.418476861114E-17));
#516 = VECTOR('',#517,1.);
#517 = DIRECTION('',(0.,1.));
#518 = ( GEOMETRIC_REPRESENTATION_CONTEXT(2) 
PARAMETRIC_REPRESENTATION_CONTEXT() REPRESENTATION_CONTEXT('2D SPACE',''
  ) );
#519 = PCURVE('',#468,#520);
#520 = DEFINITIONAL_REPRESENTATION('',(#521),#525);
#521 = LINE('',#522,#523);
#522 = CARTESIAN_POINT('',(6.418476861114E-17,-2.5E-03));
#523 = VECTOR('',#524,1.);
#524 = DIRECTION('',(1.,0.));
#525 = ( GEOMETRIC_REPRESENTATION_CONTEXT(2) 
PARAMETRIC_REPRESENTATION_CONTEXT() REPRESENTATION_CONTEXT('2D SPACE',''
  ) );
#526 = ORIENTED_EDGE('',*,*,#431,.F.);
#527 = ORIENTED_EDGE('',*,*,#378,.T.);
#528 = ADVANCED_FACE('',(#529),#366,.T.);
#529 = FACE_BOUND('',#530,.F.);
#530 = EDGE_LOOP('',(#531,#553,#554,#555));
#531 = ORIENTED_EDGE('',*,*,#532,.T.);
#532 = EDGE_CURVE('',#408,#484,#533,.T.);
#533 = SURFACE_CURVE('',#534,(#539,#546),.PCURVE_S1.);
#534 = CIRCLE('',#535,2.);
#535 = AXIS2_PLACEMENT_3D('',#536,#537,#538);
#536 = CARTESIAN_POINT('',(1.E-02,-2.E-02,1.5));
#537 = DIRECTION('',(0.,0.,1.));
#538 = DIRECTION('',(1.,0.,0.));
#539 = PCURVE('',#366,#540);
#540 = DEFINITIONAL_REPRESENTATION('',(#541),#545);
#541 = LINE('',#542,#543);
#542 = CARTESIAN_POINT('',(-0.,-1.5));
#543 = VECTOR('',#544,1.);
#544 = DIRECTION('',(-1.,0.));
#545 = ( GEOMETRIC_REPRESENTATION_CONTEXT(2) 
PARAMETRIC_REPRESENTATION_CONTEXT() REPRESENTATION_CONTEXT('2D SPACE',''
  ) );
#546 = PCURVE('',#468,#547);
#547 = DEFINITIONAL_REPRESENTATION('',(#548),#552);
#548 = CIRCLE('',#549,2.);
#549 = AXIS2_PLACEMENT_2D('',#550,#551);
#550 = CARTESIAN_POINT('',(1.283695372223E-16,-1.734723475977E-16));
#551 = DIRECTION('',(1.,0.));
#552 = ( GEOMETRIC_REPRESENTATION_CONTEXT(2) 
PARAMETRIC_REPRESENTATION_CONTEXT() REPRESENTATION_CONTEXT('2D SPACE',''
  ) );
#553 = ORIENTED_EDGE('',*,*,#483,.T.);
#554 = ORIENTED_EDGE('',*,*,#349,.F.);
#555 = ORIENTED_EDGE('',*,*,#407,.F.);
#556 = ADVANCED_FACE('',(#557),#468,.T.);
#557 = FACE_BOUND('',#558,.T.);
#558 = EDGE_LOOP('',(#559,#560,#561));
#559 = ORIENTED_EDGE('',*,*,#454,.F.);
#560 = ORIENTED_EDGE('',*,*,#532,.T.);
#561 = ORIENTED_EDGE('',*,*,#506,.F.);
#562 = ( GEOMETRIC_REPRESENTATION_CONTEXT(3) 
GLOBAL_UNCERTAINTY_ASSIGNED_CONTEXT((#566)) GLOBAL_UNIT_ASSIGNED_CONTEXT
((#563,#564,#565)) REPRESENTATION_CONTEXT('Context #1',
  '3D Context with UNIT and UNCERTAINTY') );
#563 = ( LENGTH_UNIT() NAMED_UNIT(*) SI_UNIT(.MILLI.,.METRE.) );
#564 = ( NAMED_UNIT(*) PLANE_ANGLE_UNIT() SI_UNIT($,.RADIAN.) );
#565 = ( NAMED_UNIT(*) SI_UNIT($,.STERADIAN.) SOLID_ANGLE_UNIT() );
#566 = UNCERTAINTY_MEASURE_WITH_UNIT(LENGTH_MEASURE(2.E-07),#563,
  'distance_accuracy_value','confusion accuracy');
#567 = CONTEXT_DEPENDENT_SHAPE_REPRESENTATION(#568,#570);
#568 = ( REPRESENTATION_RELATIONSHIP('','',#307,#10) 
REPRESENTATION_RELATIONSHIP_WITH_TRANSFORMATION(#569) 
SHAPE_REPRESENTATION_RELATIONSHIP() );
#569 = ITEM_DEFINED_TRANSFORMATION('','',#11,#19);
#570 = PRODUCT_DEFINITION_SHAPE('Placement','Placement of an item',#571
  );
#571 = NEXT_ASSEMBLY_USAGE_OCCURRENCE('664','inlet_tank','',#5,#302,$);
#572 = PRODUCT_RELATED_PRODUCT_CATEGORY('part',$,(#304));
#573 = SHAPE_DEFINITION_REPRESENTATION(#574,#580);
#574 = PRODUCT_DEFINITION_SHAPE('','',#575);
#575 = PRODUCT_DEFINITION('design','',#576,#579);
#576 = PRODUCT_DEFINITION_FORMATION('','',#577);
#577 = PRODUCT('outlet_tank','outlet_tank','',(#578));
#578 = PRODUCT_CONTEXT('',#2,'mechanical');
#579 = PRODUCT_DEFINITION_CONTEXT('part definition',#2,'design');
#580 = ADVANCED_BREP_SHAPE_REPRESENTATION('',(#11,#581),#835);
#581 = MANIFOLD_SOLID_BREP('',#582);
#582 = CLOSED_SHELL('',(#583,#676,#752,#801,#829));
#583 = ADVANCED_FACE('',(#584),#598,.F.);
#584 = FACE_BOUND('',#585,.F.);
#585 = EDGE_LOOP('',(#586,#621,#650));
#586 = ORIENTED_EDGE('',*,*,#587,.F.);
#587 = EDGE_CURVE('',#588,#590,#592,.T.);
#588 = VERTEX_POINT('',#589);
#589 = CARTESIAN_POINT('',(-2.009998437499,-2.25E-02,0.));
#590 = VERTEX_POINT('',#591);
#591 = CARTESIAN_POINT('',(-1.25E-02,-2.25E-02,0.));
#592 = SURFACE_CURVE('',#593,(#597,#609),.PCURVE_S1.);
#593 = LINE('',#594,#595);
#594 = CARTESIAN_POINT('',(-1.E-02,-2.25E-02,0.));
#595 = VECTOR('',#596,1.);
#596 = DIRECTION('',(1.,0.,0.));
#597 = PCURVE('',#598,#603);
#598 = PLANE('',#599);
#599 = AXIS2_PLACEMENT_3D('',#600,#601,#602);
#600 = CARTESIAN_POINT('',(-1.E-02,-2.E-02,0.));
#601 = DIRECTION('',(0.,0.,1.));
#602 = DIRECTION('',(1.,0.,-0.));
#603 = DEFINITIONAL_REPRESENTATION('',(#604),#608);
#604 = LINE('',#605,#606);
#605 = CARTESIAN_POINT('',(6.418476861114E-17,-2.5E-03));
#606 = VECTOR('',#607,1.);
#607 = DIRECTION('',(1.,0.));
#608 = ( GEOMETRIC_REPRESENTATION_CONTEXT(2) 
PARAMETRIC_REPRESENTATION_CONTEXT() REPRESENTATION_CONTEXT('2D SPACE',''
  ) );
#609 = PCURVE('',#610,#615);
#610 = PLANE('',#611);
#611 = AXIS2_PLACEMENT_3D('',#612,#613,#614);
#612 = CARTESIAN_POINT('',(-1.E-02,-2.25E-02,0.));
#613 = DIRECTION('',(-0.,-1.,-0.));
#614 = DIRECTION('',(0.,0.,-1.));
#615 = DEFINITIONAL_REPRESENTATION('',(#616),#620);
#616 = LINE('',#617,#618);
#617 = CARTESIAN_POINT('',(0.,-6.418476861114E-17));
#618 = VECTOR('',#619,1.);
#619 = DIRECTION('',(0.,1.));
#620 = ( GEOMETRIC_REPRESENTATION_CONTEXT(2) 
PARAMETRIC_REPRESENTATION_CONTEXT() REPRESENTATION_CONTEXT('2D SPACE',''
  ) );
#621 = ORIENTED_EDGE('',*,*,#622,.T.);
#622 = EDGE_CURVE('',#588,#623,#625,.T.);
#623 = VERTEX_POINT('',#624);
#624 = CARTESIAN_POINT('',(-1.25E-02,-2.019998437499,0.));
#625 = SURFACE_CURVE('',#626,(#631,#638),.PCURVE_S1.);
#626 = CIRCLE('',#627,2.);
#627 = AXIS2_PLACEMENT_3D('',#628,#629,#630);
#628 = CARTESIAN_POINT('',(-1.E-02,-2.E-02,0.));
#629 = DIRECTION('',(0.,0.,1.));
#630 = DIRECTION('',(1.,0.,0.));
#631 = PCURVE('',#598,#632);
#632 = DEFINITIONAL_REPRESENTATION('',(#633),#637);
#633 = CIRCLE('',#634,2.);
#634 = AXIS2_PLACEMENT_2D('',#635,#636);
#635 = CARTESIAN_POINT('',(1.283695372223E-16,-1.734723475977E-16));
#636 = DIRECTION('',(1.,0.));
#637 = ( GEOMETRIC_REPRESENTATION_CONTEXT(2) 
PARAMETRIC_REPRESENTATION_CONTEXT() REPRESENTATION_CONTEXT('2D SPACE',''
  ) );
#638 = PCURVE('',#639,#644);
#639 = CYLINDRICAL_SURFACE('',#640,2.);
#640 = AXIS2_PLACEMENT_3D('',#641,#642,#643);
#641 = CARTESIAN_POINT('',(-1.E-02,-2.E-02,0.));
#642 = DIRECTION('',(-0.,-0.,-1.));
#643 = DIRECTION('',(1.,0.,0.));
#644 = DEFINITIONAL_REPRESENTATION('',(#645),#649);
#645 = LINE('',#646,#647);
#646 = CARTESIAN_POINT('',(-0.,0.));
#647 = VECTOR('',#648,1.);
#648 = DIRECTION('',(-1.,0.));
#649 = ( GEOMETRIC_REPRESENTATION_CONTEXT(2) 
PARAMETRIC_REPRESENTATION_CONTEXT() REPRESENTATION_CONTEXT('2D SPACE',''
  ) );
#650 = ORIENTED_EDGE('',*,*,#651,.T.);
#651 = EDGE_CURVE('',#623,#590,#652,.T.);
#652 = SURFACE_CURVE('',#653,(#657,#664),.PCURVE_S1.);
#653 = LINE('',#654,#655);
#654 = CARTESIAN_POINT('',(-1.25E-02,-1.E-02,0.));
#655 = VECTOR('',#656,1.);
#656 = DIRECTION('',(0.,1.,0.));
#657 = PCURVE('',#598,#658);
#658 = DEFINITIONAL_REPRESENTATION('',(#659),#663);
#659 = LINE('',#660,#661);
#660 = CARTESIAN_POINT('',(-2.5E-03,1.E-02));
#661 = VECTOR('',#662,1.);
#662 = DIRECTION('',(0.,1.));
#663 = ( GEOMETRIC_REPRESENTATION_CONTEXT(2) 
PARAMETRIC_REPRESENTATION_CONTEXT() REPRESENTATION_CONTEXT('2D SPACE',''
  ) );
#664 = PCURVE('',#665,#670);
#665 = PLANE('',#666);
#666 = AXIS2_PLACEMENT_3D('',#667,#668,#669);
#667 = CARTESIAN_POINT('',(-1.25E-02,0.,0.));
#668 = DIRECTION('',(1.,0.,0.));
#669 = DIRECTION('',(-0.,0.,1.));
#670 = DEFINITIONAL_REPRESENTATION('',(#671),#675);
#671 = LINE('',#672,#673);
#672 = CARTESIAN_POINT('',(0.,1.E-02));
#673 = VECTOR('',#674,1.);
#674 = DIRECTION('',(0.,-1.));
#675 = ( GEOMETRIC_REPRESENTATION_CONTEXT(2) 
PARAMETRIC_REPRESENTATION_CONTEXT() REPRESENTATION_CONTEXT('2D SPACE',''
  ) );
#676 = ADVANCED_FACE('',(#677),#610,.F.);
#677 = FACE_BOUND('',#678,.F.);
#678 = EDGE_LOOP('',(#679,#702,#730,#751));
#679 = ORIENTED_EDGE('',*,*,#680,.T.);
#680 = EDGE_CURVE('',#590,#681,#683,.T.);
#681 = VERTEX_POINT('',#682);
#682 = CARTESIAN_POINT('',(-1.25E-02,-2.25E-02,1.5));
#683 = SURFACE_CURVE('',#684,(#688,#695),.PCURVE_S1.);
#684 = LINE('',#685,#686);
#685 = CARTESIAN_POINT('',(-1.25E-02,-2.25E-02,0.));
#686 = VECTOR('',#687,1.);
#687 = DIRECTION('',(0.,0.,1.));
#688 = PCURVE('',#610,#689);
#689 = DEFINITIONAL_REPRESENTATION('',(#690),#694);
#690 = LINE('',#691,#692);
#691 = CARTESIAN_POINT('',(0.,-2.5E-03));
#692 = VECTOR('',#693,1.);
#693 = DIRECTION('',(-1.,0.));
#694 = ( GEOMETRIC_REPRESENTATION_CONTEXT(2) 
PARAMETRIC_REPRESENTATION_CONTEXT() REPRESENTATION_CONTEXT('2D SPACE',''
  ) );
#695 = PCURVE('',#665,#696);
#696 = DEFINITIONAL_REPRESENTATION('',(#697),#701);
#697 = LINE('',#698,#699);
#698 = CARTESIAN_POINT('',(0.,2.25E-02));
#699 = VECTOR('',#700,1.);
#700 = DIRECTION('',(1.,0.));
#701 = ( GEOMETRIC_REPRESENTATION_CONTEXT(2) 
PARAMETRIC_REPRESENTATION_CONTEXT() REPRESENTATION_CONTEXT('2D SPACE',''
  ) );
#702 = ORIENTED_EDGE('',*,*,#703,.F.);
#703 = EDGE_CURVE('',#704,#681,#706,.T.);
#704 = VERTEX_POINT('',#705);
#705 = CARTESIAN_POINT('',(-2.009998437499,-2.25E-02,1.5));
#706 = SURFACE_CURVE('',#707,(#711,#718),.PCURVE_S1.);
#707 = LINE('',#708,#709);
#708 = CARTESIAN_POINT('',(-1.E-02,-2.25E-02,1.5));
#709 = VECTOR('',#710,1.);
#710 = DIRECTION('',(1.,0.,0.));
#711 = PCURVE('',#610,#712);
#712 = DEFINITIONAL_REPRESENTATION('',(#713),#717);
#713 = LINE('',#714,#715);
#714 = CARTESIAN_POINT('',(-1.5,-6.418476861114E-17));
#715 = VECTOR('',#716,1.);
#716 = DIRECTION('',(0.,1.));
#717 = ( GEOMETRIC_REPRESENTATION_CONTEXT(2) 
PARAMETRIC_REPRESENTATION_CONTEXT() REPRESENTATION_CONTEXT('2D SPACE',''
  ) );
#718 = PCURVE('',#719,#724);
#719 = PLANE('',#720);
#720 = AXIS2_PLACEMENT_3D('',#721,#722,#723);
#721 = CARTESIAN_POINT('',(-1.E-02,-2.E-02,1.5));
#722 = DIRECTION('',(0.,0.,1.));
#723 = DIRECTION('',(1.,0.,-0.));
#724 = DEFINITIONAL_REPRESENTATION('',(#725),#729);
#725 = LINE('',#726,#727);
#726 = CARTESIAN_POINT('',(6.418476861114E-17,-2.5E-03));
#727 = VECTOR('',#728,1.);
#728 = DIRECTION('',(1.,0.));
#729 = ( GEOMETRIC_REPRESENTATION_CONTEXT(2) 
PARAMETRIC_REPRESENTATION_CONTEXT() REPRESENTATION_CONTEXT('2D SPACE',''
  ) );
#730 = ORIENTED_EDGE('',*,*,#731,.T.);
#731 = EDGE_CURVE('',#704,#588,#732,.T.);
#732 = SURFACE_CURVE('',#733,(#737,#744),.PCURVE_S1.);
#733 = LINE('',#734,#735);
#734 = CARTESIAN_POINT('',(-2.009998437499,-2.25E-02,0.));
#735 = VECTOR('',#736,1.);
#736 = DIRECTION('',(-0.,-0.,-1.));
#737 = PCURVE('',#610,#738);
#738 = DEFINITIONAL_REPRESENTATION('',(#739),#743);
#739 = LINE('',#740,#741);
#740 = CARTESIAN_POINT('',(0.,-1.999998437499));
#741 = VECTOR('',#742,1.);
#742 = DIRECTION('',(1.,0.));
#743 = ( GEOMETRIC_REPRESENTATION_CONTEXT(2) 
PARAMETRIC_REPRESENTATION_CONTEXT() REPRESENTATION_CONTEXT('2D SPACE',''
  ) );
#744 = PCURVE('',#639,#745);
#745 = DEFINITIONAL_REPRESENTATION('',(#746),#750);
#746 = LINE('',#747,#748);
#747 = CARTESIAN_POINT('',(-3.142842653915,0.));
#748 = VECTOR('',#749,1.);
#749 = DIRECTION('',(-0.,1.));
#750 = ( GEOMETRIC_REPRESENTATION_CONTEXT(2) 
PARAMETRIC_REPRESENTATION_CONTEXT() REPRESENTATION_CONTEXT('2D SPACE',''
  ) );
#751 = ORIENTED_EDGE('',*,*,#587,.T.);
#752 = ADVANCED_FACE('',(#753),#665,.T.);
#753 = FACE_BOUND('',#754,.T.);
#754 = EDGE_LOOP('',(#755,#778,#779,#780));
#755 = ORIENTED_EDGE('',*,*,#756,.T.);
#756 = EDGE_CURVE('',#757,#623,#759,.T.);
#757 = VERTEX_POINT('',#758);
#758 = CARTESIAN_POINT('',(-1.25E-02,-2.019998437499,1.5));
#759 = SURFACE_CURVE('',#760,(#764,#771),.PCURVE_S1.);
#760 = LINE('',#761,#762);
#761 = CARTESIAN_POINT('',(-1.25E-02,-2.019998437499,0.));
#762 = VECTOR('',#763,1.);
#763 = DIRECTION('',(-0.,-0.,-1.));
#764 = PCURVE('',#665,#765);
#765 = DEFINITIONAL_REPRESENTATION('',(#766),#770);
#766 = LINE('',#767,#768);
#767 = CARTESIAN_POINT('',(0.,2.019998437499));
#768 = VECTOR('',#769,1.);
#769 = DIRECTION('',(-1.,0.));
#770 = ( GEOMETRIC_REPRESENTATION_CONTEXT(2) 
PARAMETRIC_REPRESENTATION_CONTEXT() REPRESENTATION_CONTEXT('2D SPACE',''
  ) );
#771 = PCURVE('',#639,#772);
#772 = DEFINITIONAL_REPRESENTATION('',(#773),#777);
#773 = LINE('',#774,#775);
#774 = CARTESIAN_POINT('',(-4.711138980059,0.));
#775 = VECTOR('',#776,1.);
#776 = DIRECTION('',(-0.,1.));
#777 = ( GEOMETRIC_REPRESENTATION_CONTEXT(2) 
PARAMETRIC_REPRESENTATION_CONTEXT() REPRESENTATION_CONTEXT('2D SPACE',''
  ) );
#778 = ORIENTED_EDGE('',*,*,#651,.T.);
#779 = ORIENTED_EDGE('',*,*,#680,.T.);
#780 = ORIENTED_EDGE('',*,*,#781,.F.);
#781 = EDGE_CURVE('',#757,#681,#782,.T.);
#782 = SURFACE_CURVE('',#783,(#787,#794),.PCURVE_S1.);
#783 = LINE('',#784,#785);
#784 = CARTESIAN_POINT('',(-1.25E-02,-1.E-02,1.5));
#785 = VECTOR('',#786,1.);
#786 = DIRECTION('',(0.,1.,0.));
#787 = PCURVE('',#665,#788);
#788 = DEFINITIONAL_REPRESENTATION('',(#789),#793);
#789 = LINE('',#790,#791);
#790 = CARTESIAN_POINT('',(1.5,1.E-02));
#791 = VECTOR('',#792,1.);
#792 = DIRECTION('',(0.,-1.));
#793 = ( GEOMETRIC_REPRESENTATION_CONTEXT(2) 
PARAMETRIC_REPRESENTATION_CONTEXT() REPRESENTATION_CONTEXT('2D SPACE',''
  ) );
#794 = PCURVE('',#719,#795);
#795 = DEFINITIONAL_REPRESENTATION('',(#796),#800);
#796 = LINE('',#797,#798);
#797 = CARTESIAN_POINT('',(-2.5E-03,1.E-02));
#798 = VECTOR('',#799,1.);
#799 = DIRECTION('',(0.,1.));
#800 = ( GEOMETRIC_REPRESENTATION_CONTEXT(2) 
PARAMETRIC_REPRESENTATION_CONTEXT() REPRESENTATION_CONTEXT('2D SPACE',''
  ) );
#801 = ADVANCED_FACE('',(#802),#639,.T.);
#802 = FACE_BOUND('',#803,.F.);
#803 = EDGE_LOOP('',(#804,#826,#827,#828));
#804 = ORIENTED_EDGE('',*,*,#805,.T.);
#805 = EDGE_CURVE('',#704,#757,#806,.T.);
#806 = SURFACE_CURVE('',#807,(#812,#819),.PCURVE_S1.);
#807 = CIRCLE('',#808,2.);
#808 = AXIS2_PLACEMENT_3D('',#809,#810,#811);
#809 = CARTESIAN_POINT('',(-1.E-02,-2.E-02,1.5));
#810 = DIRECTION('',(0.,0.,1.));
#811 = DIRECTION('',(1.,0.,0.));
#812 = PCURVE('',#639,#813);
#813 = DEFINITIONAL_REPRESENTATION('',(#814),#818);
#814 = LINE('',#815,#816);
#815 = CARTESIAN_POINT('',(-0.,-1.5));
#816 = VECTOR('',#817,1.);
#817 = DIRECTION('',(-1.,0.));
#818 = ( GEOMETRIC_REPRESENTATION_CONTEXT(2) 
PARAMETRIC_REPRESENTATION_CONTEXT() REPRESENTATION_CONTEXT('2D SPACE',''
  ) );
#819 = PCURVE('',#719,#820);
#820 = DEFINITIONAL_REPRESENTATION('',(#821),#825);
#821 = CIRCLE('',#822,2.);
#822 = AXIS2_PLACEMENT_2D('',#823,#824);
#823 = CARTESIAN_POINT('',(1.283695372223E-16,-1.734723475977E-16));
#824 = DIRECTION('',(1.,0.));
#825 = ( GEOMETRIC_REPRESENTATION_CONTEXT(2) 
PARAMETRIC_REPRESENTATION_CONTEXT() REPRESENTATION_CONTEXT('2D SPACE',''
  ) );
#826 = ORIENTED_EDGE('',*,*,#756,.T.);
#827 = ORIENTED_EDGE('',*,*,#622,.F.);
#828 = ORIENTED_EDGE('',*,*,#731,.F.);
#829 = ADVANCED_FACE('',(#830),#719,.T.);
#830 = FACE_BOUND('',#831,.T.);
#831 = EDGE_LOOP('',(#832,#833,#834));
#832 = ORIENTED_EDGE('',*,*,#703,.F.);
#833 = ORIENTED_EDGE('',*,*,#805,.T.);
#834 = ORIENTED_EDGE('',*,*,#781,.T.);
#835 = ( GEOMETRIC_REPRESENTATION_CONTEXT(3) 
GLOBAL_UNCERTAINTY_ASSIGNED_CONTEXT((#839)) GLOBAL_UNIT_ASSIGNED_CONTEXT
((#836,#837,#838)) REPRESENTATION_CONTEXT('Context #1',
  '3D Context with UNIT and UNCERTAINTY') );
#836 = ( LENGTH_UNIT() NAMED_UNIT(*) SI_UNIT(.MILLI.,.METRE.) );
#837 = ( NAMED_UNIT(*) PLANE_ANGLE_UNIT() SI_UNIT($,.RADIAN.) );
#838 = ( NAMED_UNIT(*) SI_UNIT($,.STERADIAN.) SOLID_ANGLE_UNIT() );
#839 = UNCERTAINTY_MEASURE_WITH_UNIT(LENGTH_MEASURE(2.E-07),#836,
  'distance_accuracy_value','confusion accuracy');
#840 = CONTEXT_DEPENDENT_SHAPE_REPRESENTATION(#841,#843);
#841 = ( REPRESENTATION_RELATIONSHIP('','',#580,#10) 
REPRESENTATION_RELATIONSHIP_WITH_TRANSFORMATION(#842) 
SHAPE_REPRESENTATION_RELATIONSHIP() );
#842 = ITEM_DEFINED_TRANSFORMATION('','',#11,#23);
#843 = PRODUCT_DEFINITION_SHAPE('Placement','Placement of an item',#844
  );
#844 = NEXT_ASSEMBLY_USAGE_OCCURRENCE('665','outlet_tank','',#5,#575,$);
#845 = PRODUCT_RELATED_PRODUCT_CATEGORY('part',$,(#577));
#846 = SHAPE_DEFINITION_REPRESENTATION(#847,#853);
#847 = PRODUCT_DEFINITION_SHAPE('','',#848);
#848 = PRODUCT_DEFINITION('design','',#849,#852);
#849 = PRODUCT_DEFINITION_FORMATION('','',#850);
#850 = PRODUCT('inlet','inlet','',(#851));
#851 = PRODUCT_CONTEXT('',#2,'mechanical');
#852 = PRODUCT_DEFINITION_CONTEXT('part definition',#2,'design');
#853 = ADVANCED_BREP_SHAPE_REPRESENTATION('',(#11,#854),#952);
#854 = MANIFOLD_SOLID_BREP('',#855);
#855 = CLOSED_SHELL('',(#856,#944,#948));
#856 = ADVANCED_FACE('',(#857),#871,.T.);
#857 = FACE_BOUND('',#858,.F.);
#858 = EDGE_LOOP('',(#859,#889,#916,#917));
#859 = ORIENTED_EDGE('',*,*,#860,.T.);
#860 = EDGE_CURVE('',#861,#863,#865,.T.);
#861 = VERTEX_POINT('',#862);
#862 = CARTESIAN_POINT('',(0.909936568129,-1.369936568129,1.5));
#863 = VERTEX_POINT('',#864);
#864 = CARTESIAN_POINT('',(0.909936568129,-1.369936568129,2.05));
#865 = SEAM_CURVE('',#866,(#870,#882),.PCURVE_S1.);
#866 = LINE('',#867,#868);
#867 = CARTESIAN_POINT('',(0.909936568129,-1.369936568129,1.5));
#868 = VECTOR('',#869,1.);
#869 = DIRECTION('',(0.,0.,1.));
#870 = PCURVE('',#871,#876);
#871 = CYLINDRICAL_SURFACE('',#872,0.35);
#872 = AXIS2_PLACEMENT_3D('',#873,#874,#875);
#873 = CARTESIAN_POINT('',(0.559936568129,-1.369936568129,1.5));
#874 = DIRECTION('',(-0.,-0.,-1.));
#875 = DIRECTION('',(1.,0.,0.));
#876 = DEFINITIONAL_REPRESENTATION('',(#877),#881);
#877 = LINE('',#878,#879);
#878 = CARTESIAN_POINT('',(-0.,0.));
#879 = VECTOR('',#880,1.);
#880 = DIRECTION('',(-0.,-1.));
#881 = ( GEOMETRIC_REPRESENTATION_CONTEXT(2) 
PARAMETRIC_REPRESENTATION_CONTEXT() REPRESENTATION_CONTEXT('2D SPACE',''
  ) );
#882 = PCURVE('',#871,#883);
#883 = DEFINITIONAL_REPRESENTATION('',(#884),#888);
#884 = LINE('',#885,#886);
#885 = CARTESIAN_POINT('',(-6.28318530718,0.));
#886 = VECTOR('',#887,1.);
#887 = DIRECTION('',(-0.,-1.));
#888 = ( GEOMETRIC_REPRESENTATION_CONTEXT(2) 
PARAMETRIC_REPRESENTATION_CONTEXT() REPRESENTATION_CONTEXT('2D SPACE',''
  ) );
#889 = ORIENTED_EDGE('',*,*,#890,.T.);
#890 = EDGE_CURVE('',#863,#863,#891,.T.);
#891 = SURFACE_CURVE('',#892,(#897,#904),.PCURVE_S1.);
#892 = CIRCLE('',#893,0.35);
#893 = AXIS2_PLACEMENT_3D('',#894,#895,#896);
#894 = CARTESIAN_POINT('',(0.559936568129,-1.369936568129,2.05));
#895 = DIRECTION('',(0.,0.,1.));
#896 = DIRECTION('',(1.,0.,0.));
#897 = PCURVE('',#871,#898);
#898 = DEFINITIONAL_REPRESENTATION('',(#899),#903);
#899 = LINE('',#900,#901);
#900 = CARTESIAN_POINT('',(-0.,-0.55));
#901 = VECTOR('',#902,1.);
#902 = DIRECTION('',(-1.,0.));
#903 = ( GEOMETRIC_REPRESENTATION_CONTEXT(2) 
PARAMETRIC_REPRESENTATION_CONTEXT() REPRESENTATION_CONTEXT('2D SPACE',''
  ) );
#904 = PCURVE('',#905,#910);
#905 = PLANE('',#906);
#906 = AXIS2_PLACEMENT_3D('',#907,#908,#909);
#907 = CARTESIAN_POINT('',(0.559936568129,-1.369936568129,2.05));
#908 = DIRECTION('',(0.,0.,1.));
#909 = DIRECTION('',(1.,0.,-0.));
#910 = DEFINITIONAL_REPRESENTATION('',(#911),#915);
#911 = CIRCLE('',#912,0.35);
#912 = AXIS2_PLACEMENT_2D('',#913,#914);
#913 = CARTESIAN_POINT('',(0.,-2.22044604925E-16));
#914 = DIRECTION('',(1.,0.));
#915 = ( GEOMETRIC_REPRESENTATION_CONTEXT(2) 
PARAMETRIC_REPRESENTATION_CONTEXT() REPRESENTATION_CONTEXT('2D SPACE',''
  ) );
#916 = ORIENTED_EDGE('',*,*,#860,.F.);
#917 = ORIENTED_EDGE('',*,*,#918,.F.);
#918 = EDGE_CURVE('',#861,#861,#919,.T.);
#919 = SURFACE_CURVE('',#920,(#925,#932),.PCURVE_S1.);
#920 = CIRCLE('',#921,0.35);
#921 = AXIS2_PLACEMENT_3D('',#922,#923,#924);
#922 = CARTESIAN_POINT('',(0.559936568129,-1.369936568129,1.5));
#923 = DIRECTION('',(0.,0.,1.));
#924 = DIRECTION('',(1.,0.,0.));
#925 = PCURVE('',#871,#926);
#926 = DEFINITIONAL_REPRESENTATION('',(#927),#931);
#927 = LINE('',#928,#929);
#928 = CARTESIAN_POINT('',(-0.,0.));
#929 = VECTOR('',#930,1.);
#930 = DIRECTION('',(-1.,0.));
#931 = ( GEOMETRIC_REPRESENTATION_CONTEXT(2) 
PARAMETRIC_REPRESENTATION_CONTEXT() REPRESENTATION_CONTEXT('2D SPACE',''
  ) );
#932 = PCURVE('',#933,#938);
#933 = PLANE('',#934);
#934 = AXIS2_PLACEMENT_3D('',#935,#936,#937);
#935 = CARTESIAN_POINT('',(0.559936568129,-1.369936568129,1.5));
#936 = DIRECTION('',(0.,0.,1.));
#937 = DIRECTION('',(1.,0.,-0.));
#938 = DEFINITIONAL_REPRESENTATION('',(#939),#943);
#939 = CIRCLE('',#940,0.35);
#940 = AXIS2_PLACEMENT_2D('',#941,#942);
#941 = CARTESIAN_POINT('',(0.,-2.22044604925E-16));
#942 = DIRECTION('',(1.,0.));
#943 = ( GEOMETRIC_REPRESENTATION_CONTEXT(2) 
PARAMETRIC_REPRESENTATION_CONTEXT() REPRESENTATION_CONTEXT('2D SPACE',''
  ) );
#944 = ADVANCED_FACE('',(#945),#933,.F.);
#945 = FACE_BOUND('',#946,.F.);
#946 = EDGE_LOOP('',(#947));
#947 = ORIENTED_EDGE('',*,*,#918,.T.);
#948 = ADVANCED_FACE('',(#949),#905,.T.);
#949 = FACE_BOUND('',#950,.T.);
#950 = EDGE_LOOP('',(#951));
#951 = ORIENTED_EDGE('',*,*,#890,.T.);
#952 = ( GEOMETRIC_REPRESENTATION_CONTEXT(3) 
GLOBAL_UNCERTAINTY_ASSIGNED_CONTEXT((#956)) GLOBAL_UNIT_ASSIGNED_CONTEXT
((#953,#954,#955)) REPRESENTATION_CONTEXT('Context #1',
  '3D Context with UNIT and UNCERTAINTY') );
#953 = ( LENGTH_UNIT() NAMED_UNIT(*) SI_UNIT(.MILLI.,.METRE.) );
#954 = ( NAMED_UNIT(*) PLANE_ANGLE_UNIT() SI_UNIT($,.RADIAN.) );
#955 = ( NAMED_UNIT(*) SI_UNIT($,.STERADIAN.) SOLID_ANGLE_UNIT() );
#956 = UNCERTAINTY_MEASURE_WITH_UNIT(LENGTH_MEASURE(1.E-07),#953,
  'distance_accuracy_value','confusion accuracy');
#957 = CONTEXT_DEPENDENT_SHAPE_REPRESENTATION(#958,#960);
#958 = ( REPRESENTATION_RELATIONSHIP('','',#853,#10) 
REPRESENTATION_RELATIONSHIP_WITH_TRANSFORMATION(#959) 
SHAPE_REPRESENTATION_RELATIONSHIP() );
#959 = ITEM_DEFINED_TRANSFORMATION('','',#11,#27);
#960 = PRODUCT_DEFINITION_SHAPE('Placement','Placement of an item',#961
  );
#961 = NEXT_ASSEMBLY_USAGE_OCCURRENCE('666','inlet','',#5,#848,$);
#962 = PRODUCT_RELATED_PRODUCT_CATEGORY('part',$,(#850));
#963 = SHAPE_DEFINITION_REPRESENTATION(#964,#970);
#964 = PRODUCT_DEFINITION_SHAPE('','',#965);
#965 = PRODUCT_DEFINITION('design','',#966,#969);
#966 = PRODUCT_DEFINITION_FORMATION('','',#967);
#967 = PRODUCT('outlet','outlet','',(#968));
#968 = PRODUCT_CONTEXT('',#2,'mechanical');
#969 = PRODUCT_DEFINITION_CONTEXT('part definition',#2,'design');
#970 = ADVANCED_BREP_SHAPE_REPRESENTATION('',(#11,#971),#1069);
#971 = MANIFOLD_SOLID_BREP('',#972);
#972 = CLOSED_SHELL('',(#973,#1061,#1065));
#973 = ADVANCED_FACE('',(#974),#988,.T.);
#974 = FACE_BOUND('',#975,.F.);
#975 = EDGE_LOOP('',(#976,#1006,#1033,#1034));
#976 = ORIENTED_EDGE('',*,*,#977,.T.);
#977 = EDGE_CURVE('',#978,#980,#982,.T.);
#978 = VERTEX_POINT('',#979);
#979 = CARTESIAN_POINT('',(-0.209936568129,-1.369936568129,1.5));
#980 = VERTEX_POINT('',#981);
#981 = CARTESIAN_POINT('',(-0.209936568129,-1.369936568129,2.05));
#982 = SEAM_CURVE('',#983,(#987,#999),.PCURVE_S1.);
#983 = LINE('',#984,#985);
#984 = CARTESIAN_POINT('',(-0.209936568129,-1.369936568129,1.5));
#985 = VECTOR('',#986,1.);
#986 = DIRECTION('',(0.,0.,1.));
#987 = PCURVE('',#988,#993);
#988 = CYLINDRICAL_SURFACE('',#989,0.35);
#989 = AXIS2_PLACEMENT_3D('',#990,#991,#992);
#990 = CARTESIAN_POINT('',(-0.559936568129,-1.369936568129,1.5));
#991 = DIRECTION('',(-0.,-0.,-1.));
#992 = DIRECTION('',(1.,0.,0.));
#993 = DEFINITIONAL_REPRESENTATION('',(#994),#998);
#994 = LINE('',#995,#996);
#995 = CARTESIAN_POINT('',(-0.,0.));
#996 = VECTOR('',#997,1.);
#997 = DIRECTION('',(-0.,-1.));
#998 = ( GEOMETRIC_REPRESENTATION_CONTEXT(2) 
PARAMETRIC_REPRESENTATION_CONTEXT() REPRESENTATION_CONTEXT('2D SPACE',''
  ) );
#999 = PCURVE('',#988,#1000);
#1000 = DEFINITIONAL_REPRESENTATION('',(#1001),#1005);
#1001 = LINE('',#1002,#1003);
#1002 = CARTESIAN_POINT('',(-6.28318530718,0.));
#1003 = VECTOR('',#1004,1.);
#1004 = DIRECTION('',(-0.,-1.));
#1005 = ( GEOMETRIC_REPRESENTATION_CONTEXT(2) 
PARAMETRIC_REPRESENTATION_CONTEXT() REPRESENTATION_CONTEXT('2D SPACE',''
  ) );
#1006 = ORIENTED_EDGE('',*,*,#1007,.T.);
#1007 = EDGE_CURVE('',#980,#980,#1008,.T.);
#1008 = SURFACE_CURVE('',#1009,(#1014,#1021),.PCURVE_S1.);
#1009 = CIRCLE('',#1010,0.35);
#1010 = AXIS2_PLACEMENT_3D('',#1011,#1012,#1013);
#1011 = CARTESIAN_POINT('',(-0.559936568129,-1.369936568129,2.05));
#1012 = DIRECTION('',(0.,0.,1.));
#1013 = DIRECTION('',(1.,0.,0.));
#1014 = PCURVE('',#988,#1015);
#1015 = DEFINITIONAL_REPRESENTATION('',(#1016),#1020);
#1016 = LINE('',#1017,#1018);
#1017 = CARTESIAN_POINT('',(-0.,-0.55));
#1018 = VECTOR('',#1019,1.);
#1019 = DIRECTION('',(-1.,0.));
#1020 = ( GEOMETRIC_REPRESENTATION_CONTEXT(2) 
PARAMETRIC_REPRESENTATION_CONTEXT() REPRESENTATION_CONTEXT('2D SPACE',''
  ) );
#1021 = PCURVE('',#1022,#1027);
#1022 = PLANE('',#1023);
#1023 = AXIS2_PLACEMENT_3D('',#1024,#1025,#1026);
#1024 = CARTESIAN_POINT('',(-0.559936568129,-1.369936568129,2.05));
#1025 = DIRECTION('',(0.,0.,1.));
#1026 = DIRECTION('',(1.,0.,-0.));
#1027 = DEFINITIONAL_REPRESENTATION('',(#1028),#1032);
#1028 = CIRCLE('',#1029,0.35);
#1029 = AXIS2_PLACEMENT_2D('',#1030,#1031);
#1030 = CARTESIAN_POINT('',(0.,0.));
#1031 = DIRECTION('',(1.,0.));
#1032 = ( GEOMETRIC_REPRESENTATION_CONTEXT(2) 
PARAMETRIC_REPRESENTATION_CONTEXT() REPRESENTATION_CONTEXT('2D SPACE',''
  ) );
#1033 = ORIENTED_EDGE('',*,*,#977,.F.);
#1034 = ORIENTED_EDGE('',*,*,#1035,.F.);
#1035 = EDGE_CURVE('',#978,#978,#1036,.T.);
#1036 = SURFACE_CURVE('',#1037,(#1042,#1049),.PCURVE_S1.);
#1037 = CIRCLE('',#1038,0.35);
#1038 = AXIS2_PLACEMENT_3D('',#1039,#1040,#1041);
#1039 = CARTESIAN_POINT('',(-0.559936568129,-1.369936568129,1.5));
#1040 = DIRECTION('',(0.,0.,1.));
#1041 = DIRECTION('',(1.,0.,0.));
#1042 = PCURVE('',#988,#1043);
#1043 = DEFINITIONAL_REPRESENTATION('',(#1044),#1048);
#1044 = LINE('',#1045,#1046);
#1045 = CARTESIAN_POINT('',(-0.,0.));
#1046 = VECTOR('',#1047,1.);
#1047 = DIRECTION('',(-1.,0.));
#1048 = ( GEOMETRIC_REPRESENTATION_CONTEXT(2) 
PARAMETRIC_REPRESENTATION_CONTEXT() REPRESENTATION_CONTEXT('2D SPACE',''
  ) );
#1049 = PCURVE('',#1050,#1055);
#1050 = PLANE('',#1051);
#1051 = AXIS2_PLACEMENT_3D('',#1052,#1053,#1054);
#1052 = CARTESIAN_POINT('',(-0.559936568129,-1.369936568129,1.5));
#1053 = DIRECTION('',(0.,0.,1.));
#1054 = DIRECTION('',(1.,0.,-0.));
#1055 = DEFINITIONAL_REPRESENTATION('',(#1056),#1060);
#1056 = CIRCLE('',#1057,0.35);
#1057 = AXIS2_PLACEMENT_2D('',#1058,#1059);
#1058 = CARTESIAN_POINT('',(0.,0.));
#1059 = DIRECTION('',(1.,0.));
#1060 = ( GEOMETRIC_REPRESENTATION_CONTEXT(2) 
PARAMETRIC_REPRESENTATION_CONTEXT() REPRESENTATION_CONTEXT('2D SPACE',''
  ) );
#1061 = ADVANCED_FACE('',(#1062),#1050,.F.);
#1062 = FACE_BOUND('',#1063,.F.);
#1063 = EDGE_LOOP('',(#1064));
#1064 = ORIENTED_EDGE('',*,*,#1035,.T.);
#1065 = ADVANCED_FACE('',(#1066),#1022,.T.);
#1066 = FACE_BOUND('',#1067,.T.);
#1067 = EDGE_LOOP('',(#1068));
#1068 = ORIENTED_EDGE('',*,*,#1007,.T.);
#1069 = ( GEOMETRIC_REPRESENTATION_CONTEXT(3) 
GLOBAL_UNCERTAINTY_ASSIGNED_CONTEXT((#1073)) 
GLOBAL_UNIT_ASSIGNED_CONTEXT((#1070,#1071,#1072)) REPRESENTATION_CONTEXT
('Context #1','3D Context with UNIT and UNCERTAINTY') );
#1070 = ( LENGTH_UNIT() NAMED_UNIT(*) SI_UNIT(.MILLI.,.METRE.) );
#1071 = ( NAMED_UNIT(*) PLANE_ANGLE_UNIT() SI_UNIT($,.RADIAN.) );
#1072 = ( NAMED_UNIT(*) SI_UNIT($,.STERADIAN.) SOLID_ANGLE_UNIT() );
#1073 = UNCERTAINTY_MEASURE_WITH_UNIT(LENGTH_MEASURE(1.E-07),#1070,
  'distance_accuracy_value','confusion accuracy');
#1074 = CONTEXT_DEPENDENT_SHAPE_REPRESENTATION(#1075,#1077);
#1075 = ( REPRESENTATION_RELATIONSHIP('','',#970,#10) 
REPRESENTATION_RELATIONSHIP_WITH_TRANSFORMATION(#1076) 
SHAPE_REPRESENTATION_RELATIONSHIP() );
#1076 = ITEM_DEFINED_TRANSFORMATION('','',#11,#31);
#1077 = PRODUCT_DEFINITION_SHAPE('Placement','Placement of an item',
  #1078);
#1078 = NEXT_ASSEMBLY_USAGE_OCCURRENCE('667','outlet','',#5,#965,$);
#1079 = PRODUCT_RELATED_PRODUCT_CATEGORY('part',$,(#967));
#1080 = SHAPE_DEFINITION_REPRESENTATION(#1081,#1087);
#1081 = PRODUCT_DEFINITION_SHAPE('','',#1082);
#1082 = PRODUCT_DEFINITION('design','',#1083,#1086);
#1083 = PRODUCT_DEFINITION_FORMATION('','',#1084);
#1084 = PRODUCT('pipe_0','pipe_0','',(#1085));
#1085 = PRODUCT_CONTEXT('',#2,'mechanical');
#1086 = PRODUCT_DEFINITION_CONTEXT('part definition',#2,'design');
#1087 = ADVANCED_BREP_SHAPE_REPRESENTATION('',(#11,#1088),#1305);
#1088 = MANIFOLD_SOLID_BREP('',#1089);
#1089 = CLOSED_SHELL('',(#1090,#1182,#1238,#1297,#1301));
#1090 = ADVANCED_FACE('',(#1091),#1105,.T.);
#1091 = FACE_BOUND('',#1092,.T.);
#1092 = EDGE_LOOP('',(#1093,#1123,#1150,#1151));
#1093 = ORIENTED_EDGE('',*,*,#1094,.T.);
#1094 = EDGE_CURVE('',#1095,#1097,#1099,.T.);
#1095 = VERTEX_POINT('',#1096);
#1096 = CARTESIAN_POINT('',(0.4,-0.25,0.));
#1097 = VERTEX_POINT('',#1098);
#1098 = CARTESIAN_POINT('',(0.4,-0.25,-5.));
#1099 = SEAM_CURVE('',#1100,(#1104,#1116),.PCURVE_S1.);
#1100 = LINE('',#1101,#1102);
#1101 = CARTESIAN_POINT('',(0.4,-0.25,4.078893220341E-33));
#1102 = VECTOR('',#1103,1.);
#1103 = DIRECTION('',(-1.110223024625E-16,1.232595164408E-32,-1.));
#1104 = PCURVE('',#1105,#1110);
#1105 = CYLINDRICAL_SURFACE('',#1106,0.15);
#1106 = AXIS2_PLACEMENT_3D('',#1107,#1108,#1109);
#1107 = CARTESIAN_POINT('',(0.4,-0.4,0.));
#1108 = DIRECTION('',(-1.110223024625E-16,1.232595164408E-32,-1.));
#1109 = DIRECTION('',(1.110223024625E-16,1.,0.));
#1110 = DEFINITIONAL_REPRESENTATION('',(#1111),#1115);
#1111 = LINE('',#1112,#1113);
#1112 = CARTESIAN_POINT('',(6.28318530718,0.));
#1113 = VECTOR('',#1114,1.);
#1114 = DIRECTION('',(0.,1.));
#1115 = ( GEOMETRIC_REPRESENTATION_CONTEXT(2) 
PARAMETRIC_REPRESENTATION_CONTEXT() REPRESENTATION_CONTEXT('2D SPACE',''
  ) );
#1116 = PCURVE('',#1105,#1117);
#1117 = DEFINITIONAL_REPRESENTATION('',(#1118),#1122);
#1118 = LINE('',#1119,#1120);
#1119 = CARTESIAN_POINT('',(0.,0.));
#1120 = VECTOR('',#1121,1.);
#1121 = DIRECTION('',(0.,1.));
#1122 = ( GEOMETRIC_REPRESENTATION_CONTEXT(2) 
PARAMETRIC_REPRESENTATION_CONTEXT() REPRESENTATION_CONTEXT('2D SPACE',''
  ) );
#1123 = ORIENTED_EDGE('',*,*,#1124,.F.);
#1124 = EDGE_CURVE('',#1097,#1097,#1125,.T.);
#1125 = SURFACE_CURVE('',#1126,(#1131,#1138),.PCURVE_S1.);
#1126 = CIRCLE('',#1127,0.15);
#1127 = AXIS2_PLACEMENT_3D('',#1128,#1129,#1130);
#1128 = CARTESIAN_POINT('',(0.4,-0.4,-5.));
#1129 = DIRECTION('',(-1.110223024625E-16,1.232595164408E-32,-1.));
#1130 = DIRECTION('',(1.110223024625E-16,1.,0.));
#1131 = PCURVE('',#1105,#1132);
#1132 = DEFINITIONAL_REPRESENTATION('',(#1133),#1137);
#1133 = LINE('',#1134,#1135);
#1134 = CARTESIAN_POINT('',(0.,5.));
#1135 = VECTOR('',#1136,1.);
#1136 = DIRECTION('',(1.,0.));
#1137 = ( GEOMETRIC_REPRESENTATION_CONTEXT(2) 
PARAMETRIC_REPRESENTATION_CONTEXT() REPRESENTATION_CONTEXT('2D SPACE',''
  ) );
#1138 = PCURVE('',#1139,#1144);
#1139 = TOROIDAL_SURFACE('',#1140,0.4,0.15);
#1140 = AXIS2_PLACEMENT_3D('',#1141,#1142,#1143);
#1141 = CARTESIAN_POINT('',(0.4,5.551115123126E-17,-5.));
#1142 = DIRECTION('',(1.,-1.110223024625E-16,-1.110223024625E-16));
#1143 = DIRECTION('',(-1.110223024625E-16,-1.,0.));
#1144 = DEFINITIONAL_REPRESENTATION('',(#1145),#1149);
#1145 = LINE('',#1146,#1147);
#1146 = CARTESIAN_POINT('',(0.,9.424777960769));
#1147 = VECTOR('',#1148,1.);
#1148 = DIRECTION('',(-0.,-1.));
#1149 = ( GEOMETRIC_REPRESENTATION_CONTEXT(2) 
PARAMETRIC_REPRESENTATION_CONTEXT() REPRESENTATION_CONTEXT('2D SPACE',''
  ) );
#1150 = ORIENTED_EDGE('',*,*,#1094,.F.);
#1151 = ORIENTED_EDGE('',*,*,#1152,.T.);
#1152 = EDGE_CURVE('',#1095,#1095,#1153,.T.);
#1153 = SURFACE_CURVE('',#1154,(#1159,#1166),.PCURVE_S1.);
#1154 = CIRCLE('',#1155,0.15);
#1155 = AXIS2_PLACEMENT_3D('',#1156,#1157,#1158);
#1156 = CARTESIAN_POINT('',(0.4,-0.4,0.));
#1157 = DIRECTION('',(-1.110223024625E-16,1.232595164408E-32,-1.));
#1158 = DIRECTION('',(1.110223024625E-16,1.,0.));
#1159 = PCURVE('',#1105,#1160);
#1160 = DEFINITIONAL_REPRESENTATION('',(#1161),#1165);
#1161 = LINE('',#1162,#1163);
#1162 = CARTESIAN_POINT('',(0.,0.));
#1163 = VECTOR('',#1164,1.);
#1164 = DIRECTION('',(1.,0.));
#1165 = ( GEOMETRIC_REPRESENTATION_CONTEXT(2) 
PARAMETRIC_REPRESENTATION_CONTEXT() REPRESENTATION_CONTEXT('2D SPACE',''
  ) );
#1166 = PCURVE('',#1167,#1172);
#1167 = PLANE('',#1168);
#1168 = AXIS2_PLACEMENT_3D('',#1169,#1170,#1171);
#1169 = CARTESIAN_POINT('',(0.4,-0.4,-3.08572171572E-34));
#1170 = DIRECTION('',(1.110223024625E-16,-1.232595164408E-32,1.));
#1171 = DIRECTION('',(1.,-1.110223024625E-16,-1.110223024625E-16));
#1172 = DEFINITIONAL_REPRESENTATION('',(#1173),#1181);
#1173 = ( BOUNDED_CURVE() B_SPLINE_CURVE(2,(#1174,#1175,#1176,#1177,
#1178,#1179,#1180),.UNSPECIFIED.,.T.,.F.) B_SPLINE_CURVE_WITH_KNOTS((1,2
    ,2,2,2,1),(-2.094395102393,0.,2.094395102393,4.188790204786,
6.28318530718,8.377580409573),.UNSPECIFIED.) CURVE() 
GEOMETRIC_REPRESENTATION_ITEM() RATIONAL_B_SPLINE_CURVE((1.,0.5,1.,0.5,
1.,0.5,1.)) REPRESENTATION_ITEM('') );
#1174 = CARTESIAN_POINT('',(0.,0.15));
#1175 = CARTESIAN_POINT('',(0.259807621135,0.15));
#1176 = CARTESIAN_POINT('',(0.129903810568,-7.5E-02));
#1177 = CARTESIAN_POINT('',(3.673940397442E-17,-0.3));
#1178 = CARTESIAN_POINT('',(-0.129903810568,-7.5E-02));
#1179 = CARTESIAN_POINT('',(-0.259807621135,0.15));
#1180 = CARTESIAN_POINT('',(0.,0.15));
#1181 = ( GEOMETRIC_REPRESENTATION_CONTEXT(2) 
PARAMETRIC_REPRESENTATION_CONTEXT() REPRESENTATION_CONTEXT('2D SPACE',''
  ) );
#1182 = ADVANCED_FACE('',(#1183),#1139,.T.);
#1183 = FACE_BOUND('',#1184,.T.);
#1184 = EDGE_LOOP('',(#1185,#1209,#1236,#1237));
#1185 = ORIENTED_EDGE('',*,*,#1186,.T.);
#1186 = EDGE_CURVE('',#1097,#1187,#1189,.T.);
#1187 = VERTEX_POINT('',#1188);
#1188 = CARTESIAN_POINT('',(0.4,0.25,-5.));
#1189 = SEAM_CURVE('',#1190,(#1195,#1202),.PCURVE_S1.);
#1190 = CIRCLE('',#1191,0.25);
#1191 = AXIS2_PLACEMENT_3D('',#1192,#1193,#1194);
#1192 = CARTESIAN_POINT('',(0.4,5.551115123126E-17,-5.));
#1193 = DIRECTION('',(1.,-1.110223024625E-16,-1.110223024625E-16));
#1194 = DIRECTION('',(-1.110223024625E-16,-1.,0.));
#1195 = PCURVE('',#1139,#1196);
#1196 = DEFINITIONAL_REPRESENTATION('',(#1197),#1201);
#1197 = LINE('',#1198,#1199);
#1198 = CARTESIAN_POINT('',(0.,3.14159265359));
#1199 = VECTOR('',#1200,1.);
#1200 = DIRECTION('',(1.,0.));
#1201 = ( GEOMETRIC_REPRESENTATION_CONTEXT(2) 
PARAMETRIC_REPRESENTATION_CONTEXT() REPRESENTATION_CONTEXT('2D SPACE',''
  ) );
#1202 = PCURVE('',#1139,#1203);
#1203 = DEFINITIONAL_REPRESENTATION('',(#1204),#1208);
#1204 = LINE('',#1205,#1206);
#1205 = CARTESIAN_POINT('',(0.,9.424777960769));
#1206 = VECTOR('',#1207,1.);
#1207 = DIRECTION('',(1.,0.));
#1208 = ( GEOMETRIC_REPRESENTATION_CONTEXT(2) 
PARAMETRIC_REPRESENTATION_CONTEXT() REPRESENTATION_CONTEXT('2D SPACE',''
  ) );
#1209 = ORIENTED_EDGE('',*,*,#1210,.T.);
#1210 = EDGE_CURVE('',#1187,#1187,#1211,.T.);
#1211 = SURFACE_CURVE('',#1212,(#1217,#1224),.PCURVE_S1.);
#1212 = CIRCLE('',#1213,0.15);
#1213 = AXIS2_PLACEMENT_3D('',#1214,#1215,#1216);
#1214 = CARTESIAN_POINT('',(0.4,0.4,-5.));
#1215 = DIRECTION('',(-1.110223024625E-16,-1.224646799147E-16,-1.));
#1216 = DIRECTION('',(1.110223024625E-16,1.,-1.224646799147E-16));
#1217 = PCURVE('',#1139,#1218);
#1218 = DEFINITIONAL_REPRESENTATION('',(#1219),#1223);
#1219 = LINE('',#1220,#1221);
#1220 = CARTESIAN_POINT('',(3.14159265359,0.));
#1221 = VECTOR('',#1222,1.);
#1222 = DIRECTION('',(0.,1.));
#1223 = ( GEOMETRIC_REPRESENTATION_CONTEXT(2) 
PARAMETRIC_REPRESENTATION_CONTEXT() REPRESENTATION_CONTEXT('2D SPACE',''
  ) );
#1224 = PCURVE('',#1225,#1230);
#1225 = CYLINDRICAL_SURFACE('',#1226,0.15);
#1226 = AXIS2_PLACEMENT_3D('',#1227,#1228,#1229);
#1227 = CARTESIAN_POINT('',(0.4,0.4,-5.));
#1228 = DIRECTION('',(1.110223024625E-16,1.110223024625E-16,1.));
#1229 = DIRECTION('',(-1.110223024625E-16,-1.,1.110223024625E-16));
#1230 = DEFINITIONAL_REPRESENTATION('',(#1231),#1235);
#1231 = LINE('',#1232,#1233);
#1232 = CARTESIAN_POINT('',(9.424777960769,0.));
#1233 = VECTOR('',#1234,1.);
#1234 = DIRECTION('',(-1.,-0.));
#1235 = ( GEOMETRIC_REPRESENTATION_CONTEXT(2) 
PARAMETRIC_REPRESENTATION_CONTEXT() REPRESENTATION_CONTEXT('2D SPACE',''
  ) );
#1236 = ORIENTED_EDGE('',*,*,#1186,.F.);
#1237 = ORIENTED_EDGE('',*,*,#1124,.T.);
#1238 = ADVANCED_FACE('',(#1239),#1225,.T.);
#1239 = FACE_BOUND('',#1240,.T.);
#1240 = EDGE_LOOP('',(#1241,#1264,#1295,#1296));
#1241 = ORIENTED_EDGE('',*,*,#1242,.T.);
#1242 = EDGE_CURVE('',#1187,#1243,#1245,.T.);
#1243 = VERTEX_POINT('',#1244);
#1244 = CARTESIAN_POINT('',(0.4,0.25,0.));
#1245 = SEAM_CURVE('',#1246,(#1250,#1257),.PCURVE_S1.);
#1246 = LINE('',#1247,#1248);
#1247 = CARTESIAN_POINT('',(0.4,0.25,-5.));
#1248 = VECTOR('',#1249,1.);
#1249 = DIRECTION('',(1.110223024625E-16,1.110223024625E-16,1.));
#1250 = PCURVE('',#1225,#1251);
#1251 = DEFINITIONAL_REPRESENTATION('',(#1252),#1256);
#1252 = LINE('',#1253,#1254);
#1253 = CARTESIAN_POINT('',(6.28318530718,0.));
#1254 = VECTOR('',#1255,1.);
#1255 = DIRECTION('',(0.,1.));
#1256 = ( GEOMETRIC_REPRESENTATION_CONTEXT(2) 
PARAMETRIC_REPRESENTATION_CONTEXT() REPRESENTATION_CONTEXT('2D SPACE',''
  ) );
#1257 = PCURVE('',#1225,#1258);
#1258 = DEFINITIONAL_REPRESENTATION('',(#1259),#1263);
#1259 = LINE('',#1260,#1261);
#1260 = CARTESIAN_POINT('',(0.,0.));
#1261 = VECTOR('',#1262,1.);
#1262 = DIRECTION('',(0.,1.));
#1263 = ( GEOMETRIC_REPRESENTATION_CONTEXT(2) 
PARAMETRIC_REPRESENTATION_CONTEXT() REPRESENTATION_CONTEXT('2D SPACE',''
  ) );
#1264 = ORIENTED_EDGE('',*,*,#1265,.F.);
#1265 = EDGE_CURVE('',#1243,#1243,#1266,.T.);
#1266 = SURFACE_CURVE('',#1267,(#1272,#1279),.PCURVE_S1.);
#1267 = CIRCLE('',#1268,0.15);
#1268 = AXIS2_PLACEMENT_3D('',#1269,#1270,#1271);
#1269 = CARTESIAN_POINT('',(0.4,0.4,0.));
#1270 = DIRECTION('',(1.110223024625E-16,1.110223024625E-16,1.));
#1271 = DIRECTION('',(-1.110223024625E-16,-1.,1.110223024625E-16));
#1272 = PCURVE('',#1225,#1273);
#1273 = DEFINITIONAL_REPRESENTATION('',(#1274),#1278);
#1274 = LINE('',#1275,#1276);
#1275 = CARTESIAN_POINT('',(0.,5.));
#1276 = VECTOR('',#1277,1.);
#1277 = DIRECTION('',(1.,0.));
#1278 = ( GEOMETRIC_REPRESENTATION_CONTEXT(2) 
PARAMETRIC_REPRESENTATION_CONTEXT() REPRESENTATION_CONTEXT('2D SPACE',''
  ) );
#1279 = PCURVE('',#1280,#1285);
#1280 = PLANE('',#1281);
#1281 = AXIS2_PLACEMENT_3D('',#1282,#1283,#1284);
#1282 = CARTESIAN_POINT('',(0.4,0.4,-2.285347588163E-33));
#1283 = DIRECTION('',(-1.110223024625E-16,1.232595164408E-32,-1.));
#1284 = DIRECTION('',(-1.,1.110223024625E-16,1.110223024625E-16));
#1285 = DEFINITIONAL_REPRESENTATION('',(#1286),#1294);
#1286 = ( BOUNDED_CURVE() B_SPLINE_CURVE(2,(#1287,#1288,#1289,#1290,
#1291,#1292,#1293),.UNSPECIFIED.,.T.,.F.) B_SPLINE_CURVE_WITH_KNOTS((1,2
    ,2,2,2,1),(-2.094395102393,0.,2.094395102393,4.188790204786,
6.28318530718,8.377580409573),.UNSPECIFIED.) CURVE() 
GEOMETRIC_REPRESENTATION_ITEM() RATIONAL_B_SPLINE_CURVE((1.,0.5,1.,0.5,
1.,0.5,1.)) REPRESENTATION_ITEM('') );
#1287 = CARTESIAN_POINT('',(1.232595164408E-32,-0.15));
#1288 = CARTESIAN_POINT('',(-0.259807621135,-0.15));
#1289 = CARTESIAN_POINT('',(-0.129903810568,7.5E-02));
#1290 = CARTESIAN_POINT('',(-3.673940397442E-17,0.3));
#1291 = CARTESIAN_POINT('',(0.129903810568,7.5E-02));
#1292 = CARTESIAN_POINT('',(0.259807621135,-0.15));
#1293 = CARTESIAN_POINT('',(1.232595164408E-32,-0.15));
#1294 = ( GEOMETRIC_REPRESENTATION_CONTEXT(2) 
PARAMETRIC_REPRESENTATION_CONTEXT() REPRESENTATION_CONTEXT('2D SPACE',''
  ) );
#1295 = ORIENTED_EDGE('',*,*,#1242,.F.);
#1296 = ORIENTED_EDGE('',*,*,#1210,.F.);
#1297 = ADVANCED_FACE('',(#1298),#1167,.T.);
#1298 = FACE_BOUND('',#1299,.T.);
#1299 = EDGE_LOOP('',(#1300));
#1300 = ORIENTED_EDGE('',*,*,#1152,.F.);
#1301 = ADVANCED_FACE('',(#1302),#1280,.F.);
#1302 = FACE_BOUND('',#1303,.F.);
#1303 = EDGE_LOOP('',(#1304));
#1304 = ORIENTED_EDGE('',*,*,#1265,.F.);
#1305 = ( GEOMETRIC_REPRESENTATION_CONTEXT(3) 
GLOBAL_UNCERTAINTY_ASSIGNED_CONTEXT((#1309)) 
GLOBAL_UNIT_ASSIGNED_CONTEXT((#1306,#1307,#1308)) REPRESENTATION_CONTEXT
('Context #1','3D Context with UNIT and UNCERTAINTY') );
#1306 = ( LENGTH_UNIT() NAMED_UNIT(*) SI_UNIT(.MILLI.,.METRE.) );
#1307 = ( NAMED_UNIT(*) PLANE_ANGLE_UNIT() SI_UNIT($,.RADIAN.) );
#1308 = ( NAMED_UNIT(*) SI_UNIT($,.STERADIAN.) SOLID_ANGLE_UNIT() );
#1309 = UNCERTAINTY_MEASURE_WITH_UNIT(LENGTH_MEASURE(1.E-07),#1306,
  'distance_accuracy_value','confusion accuracy');
#1310 = CONTEXT_DEPENDENT_SHAPE_REPRESENTATION(#1311,#1313);
#1311 = ( REPRESENTATION_RELATIONSHIP('','',#1087,#10) 
REPRESENTATION_RELATIONSHIP_WITH_TRANSFORMATION(#1312) 
SHAPE_REPRESENTATION_RELATIONSHIP() );
#1312 = ITEM_DEFINED_TRANSFORMATION('','',#11,#35);
#1313 = PRODUCT_DEFINITION_SHAPE('Placement','Placement of an item',
  #1314);
#1314 = NEXT_ASSEMBLY_USAGE_OCCURRENCE('668','pipe_0','',#5,#1082,$);
#1315 = PRODUCT_RELATED_PRODUCT_CATEGORY('part',$,(#1084));
#1316 = SHAPE_DEFINITION_REPRESENTATION(#1317,#1323);
#1317 = PRODUCT_DEFINITION_SHAPE('','',#1318);
#1318 = PRODUCT_DEFINITION('design','',#1319,#1322);
#1319 = PRODUCT_DEFINITION_FORMATION('','',#1320);
#1320 = PRODUCT('pipe_1','pipe_1','',(#1321));
#1321 = PRODUCT_CONTEXT('',#2,'mechanical');
#1322 = PRODUCT_DEFINITION_CONTEXT('part definition',#2,'design');
#1323 = ADVANCED_BREP_SHAPE_REPRESENTATION('',(#11,#1324),#1541);
#1324 = MANIFOLD_SOLID_BREP('',#1325);
#1325 = CLOSED_SHELL('',(#1326,#1418,#1474,#1533,#1537));
#1326 = ADVANCED_FACE('',(#1327),#1341,.T.);
#1327 = FACE_BOUND('',#1328,.T.);
#1328 = EDGE_LOOP('',(#1329,#1359,#1386,#1387));
#1329 = ORIENTED_EDGE('',*,*,#1330,.T.);
#1330 = EDGE_CURVE('',#1331,#1333,#1335,.T.);
#1331 = VERTEX_POINT('',#1332);
#1332 = CARTESIAN_POINT('',(-0.4,-0.25,0.));
#1333 = VERTEX_POINT('',#1334);
#1334 = CARTESIAN_POINT('',(-0.4,-0.25,-5.));
#1335 = SEAM_CURVE('',#1336,(#1340,#1352),.PCURVE_S1.);
#1336 = LINE('',#1337,#1338);
#1337 = CARTESIAN_POINT('',(-0.4,-0.25,4.078893220341E-33));
#1338 = VECTOR('',#1339,1.);
#1339 = DIRECTION('',(-1.110223024625E-16,1.232595164408E-32,-1.));
#1340 = PCURVE('',#1341,#1346);
#1341 = CYLINDRICAL_SURFACE('',#1342,0.15);
#1342 = AXIS2_PLACEMENT_3D('',#1343,#1344,#1345);
#1343 = CARTESIAN_POINT('',(-0.4,-0.4,0.));
#1344 = DIRECTION('',(-1.110223024625E-16,1.232595164408E-32,-1.));
#1345 = DIRECTION('',(1.110223024625E-16,1.,0.));
#1346 = DEFINITIONAL_REPRESENTATION('',(#1347),#1351);
#1347 = LINE('',#1348,#1349);
#1348 = CARTESIAN_POINT('',(6.28318530718,0.));
#1349 = VECTOR('',#1350,1.);
#1350 = DIRECTION('',(0.,1.));
#1351 = ( GEOMETRIC_REPRESENTATION_CONTEXT(2) 
PARAMETRIC_REPRESENTATION_CONTEXT() REPRESENTATION_CONTEXT('2D SPACE',''
  ) );
#1352 = PCURVE('',#1341,#1353);
#1353 = DEFINITIONAL_REPRESENTATION('',(#1354),#1358);
#1354 = LINE('',#1355,#1356);
#1355 = CARTESIAN_POINT('',(0.,0.));
#1356 = VECTOR('',#1357,1.);
#1357 = DIRECTION('',(0.,1.));
#1358 = ( GEOMETRIC_REPRESENTATION_CONTEXT(2) 
PARAMETRIC_REPRESENTATION_CONTEXT() REPRESENTATION_CONTEXT('2D SPACE',''
  ) );
#1359 = ORIENTED_EDGE('',*,*,#1360,.F.);
#1360 = EDGE_CURVE('',#1333,#1333,#1361,.T.);
#1361 = SURFACE_CURVE('',#1362,(#1367,#1374),.PCURVE_S1.);
#1362 = CIRCLE('',#1363,0.15);
#1363 = AXIS2_PLACEMENT_3D('',#1364,#1365,#1366);
#1364 = CARTESIAN_POINT('',(-0.4,-0.4,-5.));
#1365 = DIRECTION('',(-1.110223024625E-16,1.232595164408E-32,-1.));
#1366 = DIRECTION('',(1.110223024625E-16,1.,0.));
#1367 = PCURVE('',#1341,#1368);
#1368 = DEFINITIONAL_REPRESENTATION('',(#1369),#1373);
#1369 = LINE('',#1370,#1371);
#1370 = CARTESIAN_POINT('',(0.,5.));
#1371 = VECTOR('',#1372,1.);
#1372 = DIRECTION('',(1.,0.));
#1373 = ( GEOMETRIC_REPRESENTATION_CONTEXT(2) 
PARAMETRIC_REPRESENTATION_CONTEXT() REPRESENTATION_CONTEXT('2D SPACE',''
  ) );
#1374 = PCURVE('',#1375,#1380);
#1375 = TOROIDAL_SURFACE('',#1376,0.4,0.15);
#1376 = AXIS2_PLACEMENT_3D('',#1377,#1378,#1379);
#1377 = CARTESIAN_POINT('',(-0.4,5.551115123126E-17,-5.));
#1378 = DIRECTION('',(1.,-1.110223024625E-16,-1.110223024625E-16));
#1379 = DIRECTION('',(-1.110223024625E-16,-1.,0.));
#1380 = DEFINITIONAL_REPRESENTATION('',(#1381),#1385);
#1381 = LINE('',#1382,#1383);
#1382 = CARTESIAN_POINT('',(0.,9.424777960769));
#1383 = VECTOR('',#1384,1.);
#1384 = DIRECTION('',(-0.,-1.));
#1385 = ( GEOMETRIC_REPRESENTATION_CONTEXT(2) 
PARAMETRIC_REPRESENTATION_CONTEXT() REPRESENTATION_CONTEXT('2D SPACE',''
  ) );
#1386 = ORIENTED_EDGE('',*,*,#1330,.F.);
#1387 = ORIENTED_EDGE('',*,*,#1388,.T.);
#1388 = EDGE_CURVE('',#1331,#1331,#1389,.T.);
#1389 = SURFACE_CURVE('',#1390,(#1395,#1402),.PCURVE_S1.);
#1390 = CIRCLE('',#1391,0.15);
#1391 = AXIS2_PLACEMENT_3D('',#1392,#1393,#1394);
#1392 = CARTESIAN_POINT('',(-0.4,-0.4,0.));
#1393 = DIRECTION('',(-1.110223024625E-16,1.232595164408E-32,-1.));
#1394 = DIRECTION('',(1.110223024625E-16,1.,0.));
#1395 = PCURVE('',#1341,#1396);
#1396 = DEFINITIONAL_REPRESENTATION('',(#1397),#1401);
#1397 = LINE('',#1398,#1399);
#1398 = CARTESIAN_POINT('',(0.,0.));
#1399 = VECTOR('',#1400,1.);
#1400 = DIRECTION('',(1.,0.));
#1401 = ( GEOMETRIC_REPRESENTATION_CONTEXT(2) 
PARAMETRIC_REPRESENTATION_CONTEXT() REPRESENTATION_CONTEXT('2D SPACE',''
  ) );
#1402 = PCURVE('',#1403,#1408);
#1403 = PLANE('',#1404);
#1404 = AXIS2_PLACEMENT_3D('',#1405,#1406,#1407);
#1405 = CARTESIAN_POINT('',(-0.4,-0.4,-3.08572171572E-34));
#1406 = DIRECTION('',(1.110223024625E-16,-1.232595164408E-32,1.));
#1407 = DIRECTION('',(1.,-1.110223024625E-16,-1.110223024625E-16));
#1408 = DEFINITIONAL_REPRESENTATION('',(#1409),#1417);
#1409 = ( BOUNDED_CURVE() B_SPLINE_CURVE(2,(#1410,#1411,#1412,#1413,
#1414,#1415,#1416),.UNSPECIFIED.,.T.,.F.) B_SPLINE_CURVE_WITH_KNOTS((1,2
    ,2,2,2,1),(-2.094395102393,0.,2.094395102393,4.188790204786,
6.28318530718,8.377580409573),.UNSPECIFIED.) CURVE() 
GEOMETRIC_REPRESENTATION_ITEM() RATIONAL_B_SPLINE_CURVE((1.,0.5,1.,0.5,
1.,0.5,1.)) REPRESENTATION_ITEM('') );
#1410 = CARTESIAN_POINT('',(0.,0.15));
#1411 = CARTESIAN_POINT('',(0.259807621135,0.15));
#1412 = CARTESIAN_POINT('',(0.129903810568,-7.5E-02));
#1413 = CARTESIAN_POINT('',(3.673940397442E-17,-0.3));
#1414 = CARTESIAN_POINT('',(-0.129903810568,-7.5E-02));
#1415 = CARTESIAN_POINT('',(-0.259807621135,0.15));
#1416 = CARTESIAN_POINT('',(0.,0.15));
#1417 = ( GEOMETRIC_REPRESENTATION_CONTEXT(2) 
PARAMETRIC_REPRESENTATION_CONTEXT() REPRESENTATION_CONTEXT('2D SPACE',''
  ) );
#1418 = ADVANCED_FACE('',(#1419),#1375,.T.);
#1419 = FACE_BOUND('',#1420,.T.);
#1420 = EDGE_LOOP('',(#1421,#1445,#1472,#1473));
#1421 = ORIENTED_EDGE('',*,*,#1422,.T.);
#1422 = EDGE_CURVE('',#1333,#1423,#1425,.T.);
#1423 = VERTEX_POINT('',#1424);
#1424 = CARTESIAN_POINT('',(-0.4,0.25,-5.));
#1425 = SEAM_CURVE('',#1426,(#1431,#1438),.PCURVE_S1.);
#1426 = CIRCLE('',#1427,0.25);
#1427 = AXIS2_PLACEMENT_3D('',#1428,#1429,#1430);
#1428 = CARTESIAN_POINT('',(-0.4,5.551115123126E-17,-5.));
#1429 = DIRECTION('',(1.,-1.110223024625E-16,-1.110223024625E-16));
#1430 = DIRECTION('',(-1.110223024625E-16,-1.,0.));
#1431 = PCURVE('',#1375,#1432);
#1432 = DEFINITIONAL_REPRESENTATION('',(#1433),#1437);
#1433 = LINE('',#1434,#1435);
#1434 = CARTESIAN_POINT('',(0.,3.14159265359));
#1435 = VECTOR('',#1436,1.);
#1436 = DIRECTION('',(1.,0.));
#1437 = ( GEOMETRIC_REPRESENTATION_CONTEXT(2) 
PARAMETRIC_REPRESENTATION_CONTEXT() REPRESENTATION_CONTEXT('2D SPACE',''
  ) );
#1438 = PCURVE('',#1375,#1439);
#1439 = DEFINITIONAL_REPRESENTATION('',(#1440),#1444);
#1440 = LINE('',#1441,#1442);
#1441 = CARTESIAN_POINT('',(0.,9.424777960769));
#1442 = VECTOR('',#1443,1.);
#1443 = DIRECTION('',(1.,0.));
#1444 = ( GEOMETRIC_REPRESENTATION_CONTEXT(2) 
PARAMETRIC_REPRESENTATION_CONTEXT() REPRESENTATION_CONTEXT('2D SPACE',''
  ) );
#1445 = ORIENTED_EDGE('',*,*,#1446,.T.);
#1446 = EDGE_CURVE('',#1423,#1423,#1447,.T.);
#1447 = SURFACE_CURVE('',#1448,(#1453,#1460),.PCURVE_S1.);
#1448 = CIRCLE('',#1449,0.15);
#1449 = AXIS2_PLACEMENT_3D('',#1450,#1451,#1452);
#1450 = CARTESIAN_POINT('',(-0.4,0.4,-5.));
#1451 = DIRECTION('',(-1.110223024625E-16,-1.224646799147E-16,-1.));
#1452 = DIRECTION('',(1.110223024625E-16,1.,-1.224646799147E-16));
#1453 = PCURVE('',#1375,#1454);
#1454 = DEFINITIONAL_REPRESENTATION('',(#1455),#1459);
#1455 = LINE('',#1456,#1457);
#1456 = CARTESIAN_POINT('',(3.14159265359,0.));
#1457 = VECTOR('',#1458,1.);
#1458 = DIRECTION('',(0.,1.));
#1459 = ( GEOMETRIC_REPRESENTATION_CONTEXT(2) 
PARAMETRIC_REPRESENTATION_CONTEXT() REPRESENTATION_CONTEXT('2D SPACE',''
  ) );
#1460 = PCURVE('',#1461,#1466);
#1461 = CYLINDRICAL_SURFACE('',#1462,0.15);
#1462 = AXIS2_PLACEMENT_3D('',#1463,#1464,#1465);
#1463 = CARTESIAN_POINT('',(-0.4,0.4,-5.));
#1464 = DIRECTION('',(1.110223024625E-16,1.110223024625E-16,1.));
#1465 = DIRECTION('',(-1.110223024625E-16,-1.,1.110223024625E-16));
#1466 = DEFINITIONAL_REPRESENTATION('',(#1467),#1471);
#1467 = LINE('',#1468,#1469);
#1468 = CARTESIAN_POINT('',(9.424777960769,0.));
#1469 = VECTOR('',#1470,1.);
#1470 = DIRECTION('',(-1.,-0.));
#1471 = ( GEOMETRIC_REPRESENTATION_CONTEXT(2) 
PARAMETRIC_REPRESENTATION_CONTEXT() REPRESENTATION_CONTEXT('2D SPACE',''
  ) );
#1472 = ORIENTED_EDGE('',*,*,#1422,.F.);
#1473 = ORIENTED_EDGE('',*,*,#1360,.T.);
#1474 = ADVANCED_FACE('',(#1475),#1461,.T.);
#1475 = FACE_BOUND('',#1476,.T.);
#1476 = EDGE_LOOP('',(#1477,#1500,#1531,#1532));
#1477 = ORIENTED_EDGE('',*,*,#1478,.T.);
#1478 = EDGE_CURVE('',#1423,#1479,#1481,.T.);
#1479 = VERTEX_POINT('',#1480);
#1480 = CARTESIAN_POINT('',(-0.4,0.25,0.));
#1481 = SEAM_CURVE('',#1482,(#1486,#1493),.PCURVE_S1.);
#1482 = LINE('',#1483,#1484);
#1483 = CARTESIAN_POINT('',(-0.4,0.25,-5.));
#1484 = VECTOR('',#1485,1.);
#1485 = DIRECTION('',(1.110223024625E-16,1.110223024625E-16,1.));
#1486 = PCURVE('',#1461,#1487);
#1487 = DEFINITIONAL_REPRESENTATION('',(#1488),#1492);
#1488 = LINE('',#1489,#1490);
#1489 = CARTESIAN_POINT('',(6.28318530718,0.));
#1490 = VECTOR('',#1491,1.);
#1491 = DIRECTION('',(0.,1.));
#1492 = ( GEOMETRIC_REPRESENTATION_CONTEXT(2) 
PARAMETRIC_REPRESENTATION_CONTEXT() REPRESENTATION_CONTEXT('2D SPACE',''
  ) );
#1493 = PCURVE('',#1461,#1494);
#1494 = DEFINITIONAL_REPRESENTATION('',(#1495),#1499);
#1495 = LINE('',#1496,#1497);
#1496 = CARTESIAN_POINT('',(0.,0.));
#1497 = VECTOR('',#1498,1.);
#1498 = DIRECTION('',(0.,1.));
#1499 = ( GEOMETRIC_REPRESENTATION_CONTEXT(2) 
PARAMETRIC_REPRESENTATION_CONTEXT() REPRESENTATION_CONTEXT('2D SPACE',''
  ) );
#1500 = ORIENTED_EDGE('',*,*,#1501,.F.);
#1501 = EDGE_CURVE('',#1479,#1479,#1502,.T.);
#1502 = SURFACE_CURVE('',#1503,(#1508,#1515),.PCURVE_S1.);
#1503 = CIRCLE('',#1504,0.15);
#1504 = AXIS2_PLACEMENT_3D('',#1505,#1506,#1507);
#1505 = CARTESIAN_POINT('',(-0.4,0.4,0.));
#1506 = DIRECTION('',(1.110223024625E-16,1.110223024625E-16,1.));
#1507 = DIRECTION('',(-1.110223024625E-16,-1.,1.110223024625E-16));
#1508 = PCURVE('',#1461,#1509);
#1509 = DEFINITIONAL_REPRESENTATION('',(#1510),#1514);
#1510 = LINE('',#1511,#1512);
#1511 = CARTESIAN_POINT('',(0.,5.));
#1512 = VECTOR('',#1513,1.);
#1513 = DIRECTION('',(1.,0.));
#1514 = ( GEOMETRIC_REPRESENTATION_CONTEXT(2) 
PARAMETRIC_REPRESENTATION_CONTEXT() REPRESENTATION_CONTEXT('2D SPACE',''
  ) );
#1515 = PCURVE('',#1516,#1521);
#1516 = PLANE('',#1517);
#1517 = AXIS2_PLACEMENT_3D('',#1518,#1519,#1520);
#1518 = CARTESIAN_POINT('',(-0.4,0.4,-2.285347588163E-33));
#1519 = DIRECTION('',(-1.110223024625E-16,1.232595164408E-32,-1.));
#1520 = DIRECTION('',(-1.,1.110223024625E-16,1.110223024625E-16));
#1521 = DEFINITIONAL_REPRESENTATION('',(#1522),#1530);
#1522 = ( BOUNDED_CURVE() B_SPLINE_CURVE(2,(#1523,#1524,#1525,#1526,
#1527,#1528,#1529),.UNSPECIFIED.,.T.,.F.) B_SPLINE_CURVE_WITH_KNOTS((1,2
    ,2,2,2,1),(-2.094395102393,0.,2.094395102393,4.188790204786,
6.28318530718,8.377580409573),.UNSPECIFIED.) CURVE() 
GEOMETRIC_REPRESENTATION_ITEM() RATIONAL_B_SPLINE_CURVE((1.,0.5,1.,0.5,
1.,0.5,1.)) REPRESENTATION_ITEM('') );
#1523 = CARTESIAN_POINT('',(1.232595164408E-32,-0.15));
#1524 = CARTESIAN_POINT('',(-0.259807621135,-0.15));
#1525 = CARTESIAN_POINT('',(-0.129903810568,7.5E-02));
#1526 = CARTESIAN_POINT('',(-3.673940397442E-17,0.3));
#1527 = CARTESIAN_POINT('',(0.129903810568,7.5E-02));
#1528 = CARTESIAN_POINT('',(0.259807621135,-0.15));
#1529 = CARTESIAN_POINT('',(1.232595164408E-32,-0.15));
#1530 = ( GEOMETRIC_REPRESENTATION_CONTEXT(2) 
PARAMETRIC_REPRESENTATION_CONTEXT() REPRESENTATION_CONTEXT('2D SPACE',''
  ) );
#1531 = ORIENTED_EDGE('',*,*,#1478,.F.);
#1532 = ORIENTED_EDGE('',*,*,#1446,.F.);
#1533 = ADVANCED_FACE('',(#1534),#1403,.T.);
#1534 = FACE_BOUND('',#1535,.T.);
#1535 = EDGE_LOOP('',(#1536));
#1536 = ORIENTED_EDGE('',*,*,#1388,.F.);
#1537 = ADVANCED_FACE('',(#1538),#1516,.F.);
#1538 = FACE_BOUND('',#1539,.F.);
#1539 = EDGE_LOOP('',(#1540));
#1540 = ORIENTED_EDGE('',*,*,#1501,.F.);
#1541 = ( GEOMETRIC_REPRESENTATION_CONTEXT(3) 
GLOBAL_UNCERTAINTY_ASSIGNED_CONTEXT((#1545)) 
GLOBAL_UNIT_ASSIGNED_CONTEXT((#1542,#1543,#1544)) REPRESENTATION_CONTEXT
('Context #1','3D Context with UNIT and UNCERTAINTY') );
#1542 = ( LENGTH_UNIT() NAMED_UNIT(*) SI_UNIT(.MILLI.,.METRE.) );
#1543 = ( NAMED_UNIT(*) PLANE_ANGLE_UNIT() SI_UNIT($,.RADIAN.) );
#1544 = ( NAMED_UNIT(*) SI_UNIT($,.STERADIAN.) SOLID_ANGLE_UNIT() );
#1545 = UNCERTAINTY_MEASURE_WITH_UNIT(LENGTH_MEASURE(1.E-07),#1542,
  'distance_accuracy_value','confusion accuracy');
#1546 = CONTEXT_DEPENDENT_SHAPE_REPRESENTATION(#1547,#1549);
#1547 = ( REPRESENTATION_RELATIONSHIP('','',#1323,#10) 
REPRESENTATION_RELATIONSHIP_WITH_TRANSFORMATION(#1548) 
SHAPE_REPRESENTATION_RELATIONSHIP() );
#1548 = ITEM_DEFINED_TRANSFORMATION('','',#11,#39);
#1549 = PRODUCT_DEFINITION_SHAPE('Placement','Placement of an item',
  #1550);
#1550 = NEXT_ASSEMBLY_USAGE_OCCURRENCE('669','pipe_1','',#5,#1318,$);
#1551 = PRODUCT_RELATED_PRODUCT_CATEGORY('part',$,(#1320));
#1552 = SHAPE_DEFINITION_REPRESENTATION(#1553,#1559);
#1553 = PRODUCT_DEFINITION_SHAPE('','',#1554);
#1554 = PRODUCT_DEFINITION('design','',#1555,#1558);
#1555 = PRODUCT_DEFINITION_FORMATION('','',#1556);
#1556 = PRODUCT('pipe_2','pipe_2','',(#1557));
#1557 = PRODUCT_CONTEXT('',#2,'mechanical');
#1558 = PRODUCT_DEFINITION_CONTEXT('part definition',#2,'design');
#1559 = ADVANCED_BREP_SHAPE_REPRESENTATION('',(#11,#1560),#1777);
#1560 = MANIFOLD_SOLID_BREP('',#1561);
#1561 = CLOSED_SHELL('',(#1562,#1654,#1710,#1769,#1773));
#1562 = ADVANCED_FACE('',(#1563),#1577,.T.);
#1563 = FACE_BOUND('',#1564,.T.);
#1564 = EDGE_LOOP('',(#1565,#1595,#1622,#1623));
#1565 = ORIENTED_EDGE('',*,*,#1566,.T.);
#1566 = EDGE_CURVE('',#1567,#1569,#1571,.T.);
#1567 = VERTEX_POINT('',#1568);
#1568 = CARTESIAN_POINT('',(0.4,-0.65,0.));
#1569 = VERTEX_POINT('',#1570);
#1570 = CARTESIAN_POINT('',(0.4,-0.65,-5.833333333333));
#1571 = SEAM_CURVE('',#1572,(#1576,#1588),.PCURVE_S1.);
#1572 = LINE('',#1573,#1574);
#1573 = CARTESIAN_POINT('',(0.4,-0.65,4.078893220341E-33));
#1574 = VECTOR('',#1575,1.);
#1575 = DIRECTION('',(-1.110223024625E-16,1.232595164408E-32,-1.));
#1576 = PCURVE('',#1577,#1582);
#1577 = CYLINDRICAL_SURFACE('',#1578,0.15);
#1578 = AXIS2_PLACEMENT_3D('',#1579,#1580,#1581);
#1579 = CARTESIAN_POINT('',(0.4,-0.8,0.));
#1580 = DIRECTION('',(-1.110223024625E-16,1.232595164408E-32,-1.));
#1581 = DIRECTION('',(1.110223024625E-16,1.,0.));
#1582 = DEFINITIONAL_REPRESENTATION('',(#1583),#1587);
#1583 = LINE('',#1584,#1585);
#1584 = CARTESIAN_POINT('',(6.28318530718,0.));
#1585 = VECTOR('',#1586,1.);
#1586 = DIRECTION('',(0.,1.));
#1587 = ( GEOMETRIC_REPRESENTATION_CONTEXT(2) 
PARAMETRIC_REPRESENTATION_CONTEXT() REPRESENTATION_CONTEXT('2D SPACE',''
  ) );
#1588 = PCURVE('',#1577,#1589);
#1589 = DEFINITIONAL_REPRESENTATION('',(#1590),#1594);
#1590 = LINE('',#1591,#1592);
#1591 = CARTESIAN_POINT('',(0.,0.));
#1592 = VECTOR('',#1593,1.);
#1593 = DIRECTION('',(0.,1.));
#1594 = ( GEOMETRIC_REPRESENTATION_CONTEXT(2) 
PARAMETRIC_REPRESENTATION_CONTEXT() REPRESENTATION_CONTEXT('2D SPACE',''
  ) );
#1595 = ORIENTED_EDGE('',*,*,#1596,.F.);
#1596 = EDGE_CURVE('',#1569,#1569,#1597,.T.);
#1597 = SURFACE_CURVE('',#1598,(#1603,#1610),.PCURVE_S1.);
#1598 = CIRCLE('',#1599,0.15);
#1599 = AXIS2_PLACEMENT_3D('',#1600,#1601,#1602);
#1600 = CARTESIAN_POINT('',(0.4,-0.8,-5.833333333333));
#1601 = DIRECTION('',(-1.110223024625E-16,1.232595164408E-32,-1.));
#1602 = DIRECTION('',(1.110223024625E-16,1.,0.));
#1603 = PCURVE('',#1577,#1604);
#1604 = DEFINITIONAL_REPRESENTATION('',(#1605),#1609);
#1605 = LINE('',#1606,#1607);
#1606 = CARTESIAN_POINT('',(0.,5.833333333333));
#1607 = VECTOR('',#1608,1.);
#1608 = DIRECTION('',(1.,0.));
#1609 = ( GEOMETRIC_REPRESENTATION_CONTEXT(2) 
PARAMETRIC_REPRESENTATION_CONTEXT() REPRESENTATION_CONTEXT('2D SPACE',''
  ) );
#1610 = PCURVE('',#1611,#1616);
#1611 = TOROIDAL_SURFACE('',#1612,0.8,0.15);
#1612 = AXIS2_PLACEMENT_3D('',#1613,#1614,#1615);
#1613 = CARTESIAN_POINT('',(0.4,1.110223024625E-16,-5.833333333333));
#1614 = DIRECTION('',(1.,-1.110223024625E-16,-1.110223024625E-16));
#1615 = DIRECTION('',(-1.110223024625E-16,-1.,-1.110223024625E-15));
#1616 = DEFINITIONAL_REPRESENTATION('',(#1617),#1621);
#1617 = LINE('',#1618,#1619);
#1618 = CARTESIAN_POINT('',(0.,9.424777960769));
#1619 = VECTOR('',#1620,1.);
#1620 = DIRECTION('',(-0.,-1.));
#1621 = ( GEOMETRIC_REPRESENTATION_CONTEXT(2) 
PARAMETRIC_REPRESENTATION_CONTEXT() REPRESENTATION_CONTEXT('2D SPACE',''
  ) );
#1622 = ORIENTED_EDGE('',*,*,#1566,.F.);
#1623 = ORIENTED_EDGE('',*,*,#1624,.T.);
#1624 = EDGE_CURVE('',#1567,#1567,#1625,.T.);
#1625 = SURFACE_CURVE('',#1626,(#1631,#1638),.PCURVE_S1.);
#1626 = CIRCLE('',#1627,0.15);
#1627 = AXIS2_PLACEMENT_3D('',#1628,#1629,#1630);
#1628 = CARTESIAN_POINT('',(0.4,-0.8,0.));
#1629 = DIRECTION('',(-1.110223024625E-16,1.232595164408E-32,-1.));
#1630 = DIRECTION('',(1.110223024625E-16,1.,0.));
#1631 = PCURVE('',#1577,#1632);
#1632 = DEFINITIONAL_REPRESENTATION('',(#1633),#1637);
#1633 = LINE('',#1634,#1635);
#1634 = CARTESIAN_POINT('',(0.,0.));
#1635 = VECTOR('',#1636,1.);
#1636 = DIRECTION('',(1.,0.));
#1637 = ( GEOMETRIC_REPRESENTATION_CONTEXT(2) 
PARAMETRIC_REPRESENTATION_CONTEXT() REPRESENTATION_CONTEXT('2D SPACE',''
  ) );
#1638 = PCURVE('',#1639,#1644);
#1639 = PLANE('',#1640);
#1640 = AXIS2_PLACEMENT_3D('',#1641,#1642,#1643);
#1641 = CARTESIAN_POINT('',(0.4,-0.8,-3.08572171572E-34));
#1642 = DIRECTION('',(1.110223024625E-16,-1.232595164408E-32,1.));
#1643 = DIRECTION('',(1.,-1.110223024625E-16,-1.110223024625E-16));
#1644 = DEFINITIONAL_REPRESENTATION('',(#1645),#1653);
#1645 = ( BOUNDED_CURVE() B_SPLINE_CURVE(2,(#1646,#1647,#1648,#1649,
#1650,#1651,#1652),.UNSPECIFIED.,.T.,.F.) B_SPLINE_CURVE_WITH_KNOTS((1,2
    ,2,2,2,1),(-2.094395102393,0.,2.094395102393,4.188790204786,
6.28318530718,8.377580409573),.UNSPECIFIED.) CURVE() 
GEOMETRIC_REPRESENTATION_ITEM() RATIONAL_B_SPLINE_CURVE((1.,0.5,1.,0.5,
1.,0.5,1.)) REPRESENTATION_ITEM('') );
#1646 = CARTESIAN_POINT('',(0.,0.15));
#1647 = CARTESIAN_POINT('',(0.259807621135,0.15));
#1648 = CARTESIAN_POINT('',(0.129903810568,-7.5E-02));
#1649 = CARTESIAN_POINT('',(3.673940397442E-17,-0.3));
#1650 = CARTESIAN_POINT('',(-0.129903810568,-7.5E-02));
#1651 = CARTESIAN_POINT('',(-0.259807621135,0.15));
#1652 = CARTESIAN_POINT('',(0.,0.15));
#1653 = ( GEOMETRIC_REPRESENTATION_CONTEXT(2) 
PARAMETRIC_REPRESENTATION_CONTEXT() REPRESENTATION_CONTEXT('2D SPACE',''
  ) );
#1654 = ADVANCED_FACE('',(#1655),#1611,.T.);
#1655 = FACE_BOUND('',#1656,.T.);
#1656 = EDGE_LOOP('',(#1657,#1681,#1708,#1709));
#1657 = ORIENTED_EDGE('',*,*,#1658,.T.);
#1658 = EDGE_CURVE('',#1569,#1659,#1661,.T.);
#1659 = VERTEX_POINT('',#1660);
#1660 = CARTESIAN_POINT('',(0.4,0.65,-5.833333333333));
#1661 = SEAM_CURVE('',#1662,(#1667,#1674),.PCURVE_S1.);
#1662 = CIRCLE('',#1663,0.65);
#1663 = AXIS2_PLACEMENT_3D('',#1664,#1665,#1666);
#1664 = CARTESIAN_POINT('',(0.4,1.110223024625E-16,-5.833333333333));
#1665 = DIRECTION('',(1.,-1.110223024625E-16,-1.110223024625E-16));
#1666 = DIRECTION('',(-1.110223024625E-16,-1.,-1.110223024625E-15));
#1667 = PCURVE('',#1611,#1668);
#1668 = DEFINITIONAL_REPRESENTATION('',(#1669),#1673);
#1669 = LINE('',#1670,#1671);
#1670 = CARTESIAN_POINT('',(0.,3.14159265359));
#1671 = VECTOR('',#1672,1.);
#1672 = DIRECTION('',(1.,0.));
#1673 = ( GEOMETRIC_REPRESENTATION_CONTEXT(2) 
PARAMETRIC_REPRESENTATION_CONTEXT() REPRESENTATION_CONTEXT('2D SPACE',''
  ) );
#1674 = PCURVE('',#1611,#1675);
#1675 = DEFINITIONAL_REPRESENTATION('',(#1676),#1680);
#1676 = LINE('',#1677,#1678);
#1677 = CARTESIAN_POINT('',(0.,9.424777960769));
#1678 = VECTOR('',#1679,1.);
#1679 = DIRECTION('',(1.,0.));
#1680 = ( GEOMETRIC_REPRESENTATION_CONTEXT(2) 
PARAMETRIC_REPRESENTATION_CONTEXT() REPRESENTATION_CONTEXT('2D SPACE',''
  ) );
#1681 = ORIENTED_EDGE('',*,*,#1682,.T.);
#1682 = EDGE_CURVE('',#1659,#1659,#1683,.T.);
#1683 = SURFACE_CURVE('',#1684,(#1689,#1696),.PCURVE_S1.);
#1684 = CIRCLE('',#1685,0.15);
#1685 = AXIS2_PLACEMENT_3D('',#1686,#1687,#1688);
#1686 = CARTESIAN_POINT('',(0.4,0.8,-5.833333333333));
#1687 = DIRECTION('',(-1.110223024625E-16,-1.23268770454E-15,-1.));
#1688 = DIRECTION('',(1.110223024625E-16,1.,-1.23268770454E-15));
#1689 = PCURVE('',#1611,#1690);
#1690 = DEFINITIONAL_REPRESENTATION('',(#1691),#1695);
#1691 = LINE('',#1692,#1693);
#1692 = CARTESIAN_POINT('',(3.14159265359,0.));
#1693 = VECTOR('',#1694,1.);
#1694 = DIRECTION('',(0.,1.));
#1695 = ( GEOMETRIC_REPRESENTATION_CONTEXT(2) 
PARAMETRIC_REPRESENTATION_CONTEXT() REPRESENTATION_CONTEXT('2D SPACE',''
  ) );
#1696 = PCURVE('',#1697,#1702);
#1697 = CYLINDRICAL_SURFACE('',#1698,0.15);
#1698 = AXIS2_PLACEMENT_3D('',#1699,#1700,#1701);
#1699 = CARTESIAN_POINT('',(0.4,0.8,-5.833333333333));
#1700 = DIRECTION('',(1.110223024625E-16,-1.232595164408E-32,1.));
#1701 = DIRECTION('',(-1.110223024625E-16,-1.,0.));
#1702 = DEFINITIONAL_REPRESENTATION('',(#1703),#1707);
#1703 = LINE('',#1704,#1705);
#1704 = CARTESIAN_POINT('',(9.424777960769,0.));
#1705 = VECTOR('',#1706,1.);
#1706 = DIRECTION('',(-1.,-0.));
#1707 = ( GEOMETRIC_REPRESENTATION_CONTEXT(2) 
PARAMETRIC_REPRESENTATION_CONTEXT() REPRESENTATION_CONTEXT('2D SPACE',''
  ) );
#1708 = ORIENTED_EDGE('',*,*,#1658,.F.);
#1709 = ORIENTED_EDGE('',*,*,#1596,.T.);
#1710 = ADVANCED_FACE('',(#1711),#1697,.T.);
#1711 = FACE_BOUND('',#1712,.T.);
#1712 = EDGE_LOOP('',(#1713,#1736,#1767,#1768));
#1713 = ORIENTED_EDGE('',*,*,#1714,.T.);
#1714 = EDGE_CURVE('',#1659,#1715,#1717,.T.);
#1715 = VERTEX_POINT('',#1716);
#1716 = CARTESIAN_POINT('',(0.4,0.65,0.));
#1717 = SEAM_CURVE('',#1718,(#1722,#1729),.PCURVE_S1.);
#1718 = LINE('',#1719,#1720);
#1719 = CARTESIAN_POINT('',(0.4,0.65,-5.833333333333));
#1720 = VECTOR('',#1721,1.);
#1721 = DIRECTION('',(1.110223024625E-16,-1.232595164408E-32,1.));
#1722 = PCURVE('',#1697,#1723);
#1723 = DEFINITIONAL_REPRESENTATION('',(#1724),#1728);
#1724 = LINE('',#1725,#1726);
#1725 = CARTESIAN_POINT('',(6.28318530718,0.));
#1726 = VECTOR('',#1727,1.);
#1727 = DIRECTION('',(0.,1.));
#1728 = ( GEOMETRIC_REPRESENTATION_CONTEXT(2) 
PARAMETRIC_REPRESENTATION_CONTEXT() REPRESENTATION_CONTEXT('2D SPACE',''
  ) );
#1729 = PCURVE('',#1697,#1730);
#1730 = DEFINITIONAL_REPRESENTATION('',(#1731),#1735);
#1731 = LINE('',#1732,#1733);
#1732 = CARTESIAN_POINT('',(0.,0.));
#1733 = VECTOR('',#1734,1.);
#1734 = DIRECTION('',(0.,1.));
#1735 = ( GEOMETRIC_REPRESENTATION_CONTEXT(2) 
PARAMETRIC_REPRESENTATION_CONTEXT() REPRESENTATION_CONTEXT('2D SPACE',''
  ) );
#1736 = ORIENTED_EDGE('',*,*,#1737,.F.);
#1737 = EDGE_CURVE('',#1715,#1715,#1738,.T.);
#1738 = SURFACE_CURVE('',#1739,(#1744,#1751),.PCURVE_S1.);
#1739 = CIRCLE('',#1740,0.15);
#1740 = AXIS2_PLACEMENT_3D('',#1741,#1742,#1743);
#1741 = CARTESIAN_POINT('',(0.4,0.8,0.));
#1742 = DIRECTION('',(1.110223024625E-16,-1.232595164408E-32,1.));
#1743 = DIRECTION('',(-1.110223024625E-16,-1.,0.));
#1744 = PCURVE('',#1697,#1745);
#1745 = DEFINITIONAL_REPRESENTATION('',(#1746),#1750);
#1746 = LINE('',#1747,#1748);
#1747 = CARTESIAN_POINT('',(0.,5.833333333333));
#1748 = VECTOR('',#1749,1.);
#1749 = DIRECTION('',(1.,0.));
#1750 = ( GEOMETRIC_REPRESENTATION_CONTEXT(2) 
PARAMETRIC_REPRESENTATION_CONTEXT() REPRESENTATION_CONTEXT('2D SPACE',''
  ) );
#1751 = PCURVE('',#1752,#1757);
#1752 = PLANE('',#1753);
#1753 = AXIS2_PLACEMENT_3D('',#1754,#1755,#1756);
#1754 = CARTESIAN_POINT('',(0.4,0.8,6.798155367234E-34));
#1755 = DIRECTION('',(-1.110223024625E-16,1.232595164408E-32,-1.));
#1756 = DIRECTION('',(-1.,1.110223024625E-16,1.110223024625E-16));
#1757 = DEFINITIONAL_REPRESENTATION('',(#1758),#1766);
#1758 = ( BOUNDED_CURVE() B_SPLINE_CURVE(2,(#1759,#1760,#1761,#1762,
#1763,#1764,#1765),.UNSPECIFIED.,.T.,.F.) B_SPLINE_CURVE_WITH_KNOTS((1,2
    ,2,2,2,1),(-2.094395102393,0.,2.094395102393,4.188790204786,
6.28318530718,8.377580409573),.UNSPECIFIED.) CURVE() 
GEOMETRIC_REPRESENTATION_ITEM() RATIONAL_B_SPLINE_CURVE((1.,0.5,1.,0.5,
1.,0.5,1.)) REPRESENTATION_ITEM('') );
#1759 = CARTESIAN_POINT('',(2.465190328816E-32,-0.15));
#1760 = CARTESIAN_POINT('',(-0.259807621135,-0.15));
#1761 = CARTESIAN_POINT('',(-0.129903810568,7.5E-02));
#1762 = CARTESIAN_POINT('',(-3.673940397442E-17,0.3));
#1763 = CARTESIAN_POINT('',(0.129903810568,7.5E-02));
#1764 = CARTESIAN_POINT('',(0.259807621135,-0.15));
#1765 = CARTESIAN_POINT('',(2.465190328816E-32,-0.15));
#1766 = ( GEOMETRIC_REPRESENTATION_CONTEXT(2) 
PARAMETRIC_REPRESENTATION_CONTEXT() REPRESENTATION_CONTEXT('2D SPACE',''
  ) );
#1767 = ORIENTED_EDGE('',*,*,#1714,.F.);
#1768 = ORIENTED_EDGE('',*,*,#1682,.F.);
#1769 = ADVANCED_FACE('',(#1770),#1639,.T.);
#1770 = FACE_BOUND('',#1771,.T.);
#1771 = EDGE_LOOP('',(#1772));
#1772 = ORIENTED_EDGE('',*,*,#1624,.F.);
#1773 = ADVANCED_FACE('',(#1774),#1752,.F.);
#1774 = FACE_BOUND('',#1775,.F.);
#1775 = EDGE_LOOP('',(#1776));
#1776 = ORIENTED_EDGE('',*,*,#1737,.F.);
#1777 = ( GEOMETRIC_REPRESENTATION_CONTEXT(3) 
GLOBAL_UNCERTAINTY_ASSIGNED_CONTEXT((#1781)) 
GLOBAL_UNIT_ASSIGNED_CONTEXT((#1778,#1779,#1780)) REPRESENTATION_CONTEXT
('Context #1','3D Context with UNIT and UNCERTAINTY') );
#1778 = ( LENGTH_UNIT() NAMED_UNIT(*) SI_UNIT(.MILLI.,.METRE.) );
#1779 = ( NAMED_UNIT(*) PLANE_ANGLE_UNIT() SI_UNIT($,.RADIAN.) );
#1780 = ( NAMED_UNIT(*) SI_UNIT($,.STERADIAN.) SOLID_ANGLE_UNIT() );
#1781 = UNCERTAINTY_MEASURE_WITH_UNIT(LENGTH_MEASURE(1.E-07),#1778,
  'distance_accuracy_value','confusion accuracy');
#1782 = CONTEXT_DEPENDENT_SHAPE_REPRESENTATION(#1783,#1785);
#1783 = ( REPRESENTATION_RELATIONSHIP('','',#1559,#10) 
REPRESENTATION_RELATIONSHIP_WITH_TRANSFORMATION(#1784) 
SHAPE_REPRESENTATION_RELATIONSHIP() );
#1784 = ITEM_DEFINED_TRANSFORMATION('','',#11,#43);
#1785 = PRODUCT_DEFINITION_SHAPE('Placement','Placement of an item',
  #1786);
#1786 = NEXT_ASSEMBLY_USAGE_OCCURRENCE('670','pipe_2','',#5,#1554,$);
#1787 = PRODUCT_RELATED_PRODUCT_CATEGORY('part',$,(#1556));
#1788 = SHAPE_DEFINITION_REPRESENTATION(#1789,#1795);
#1789 = PRODUCT_DEFINITION_SHAPE('','',#1790);
#1790 = PRODUCT_DEFINITION('design','',#1791,#1794);
#1791 = PRODUCT_DEFINITION_FORMATION('','',#1792);
#1792 = PRODUCT('pipe_3','pipe_3','',(#1793));
#1793 = PRODUCT_CONTEXT('',#2,'mechanical');
#1794 = PRODUCT_DEFINITION_CONTEXT('part definition',#2,'design');
#1795 = ADVANCED_BREP_SHAPE_REPRESENTATION('',(#11,#1796),#2013);
#1796 = MANIFOLD_SOLID_BREP('',#1797);
#1797 = CLOSED_SHELL('',(#1798,#1890,#1946,#2005,#2009));
#1798 = ADVANCED_FACE('',(#1799),#1813,.T.);
#1799 = FACE_BOUND('',#1800,.T.);
#1800 = EDGE_LOOP('',(#1801,#1831,#1858,#1859));
#1801 = ORIENTED_EDGE('',*,*,#1802,.T.);
#1802 = EDGE_CURVE('',#1803,#1805,#1807,.T.);
#1803 = VERTEX_POINT('',#1804);
#1804 = CARTESIAN_POINT('',(-0.4,-0.65,0.));
#1805 = VERTEX_POINT('',#1806);
#1806 = CARTESIAN_POINT('',(-0.4,-0.65,-5.833333333333));
#1807 = SEAM_CURVE('',#1808,(#1812,#1824),.PCURVE_S1.);
#1808 = LINE('',#1809,#1810);
#1809 = CARTESIAN_POINT('',(-0.4,-0.65,4.078893220341E-33));
#1810 = VECTOR('',#1811,1.);
#1811 = DIRECTION('',(-1.110223024625E-16,1.232595164408E-32,-1.));
#1812 = PCURVE('',#1813,#1818);
#1813 = CYLINDRICAL_SURFACE('',#1814,0.15);
#1814 = AXIS2_PLACEMENT_3D('',#1815,#1816,#1817);
#1815 = CARTESIAN_POINT('',(-0.4,-0.8,0.));
#1816 = DIRECTION('',(-1.110223024625E-16,1.232595164408E-32,-1.));
#1817 = DIRECTION('',(1.110223024625E-16,1.,0.));
#1818 = DEFINITIONAL_REPRESENTATION('',(#1819),#1823);
#1819 = LINE('',#1820,#1821);
#1820 = CARTESIAN_POINT('',(6.28318530718,0.));
#1821 = VECTOR('',#1822,1.);
#1822 = DIRECTION('',(0.,1.));
#1823 = ( GEOMETRIC_REPRESENTATION_CONTEXT(2) 
PARAMETRIC_REPRESENTATION_CONTEXT() REPRESENTATION_CONTEXT('2D SPACE',''
  ) );
#1824 = PCURVE('',#1813,#1825);
#1825 = DEFINITIONAL_REPRESENTATION('',(#1826),#1830);
#1826 = LINE('',#1827,#1828);
#1827 = CARTESIAN_POINT('',(0.,0.));
#1828 = VECTOR('',#1829,1.);
#1829 = DIRECTION('',(0.,1.));
#1830 = ( GEOMETRIC_REPRESENTATION_CONTEXT(2) 
PARAMETRIC_REPRESENTATION_CONTEXT() REPRESENTATION_CONTEXT('2D SPACE',''
  ) );
#1831 = ORIENTED_EDGE('',*,*,#1832,.F.);
#1832 = EDGE_CURVE('',#1805,#1805,#1833,.T.);
#1833 = SURFACE_CURVE('',#1834,(#1839,#1846),.PCURVE_S1.);
#1834 = CIRCLE('',#1835,0.15);
#1835 = AXIS2_PLACEMENT_3D('',#1836,#1837,#1838);
#1836 = CARTESIAN_POINT('',(-0.4,-0.8,-5.833333333333));
#1837 = DIRECTION('',(-1.110223024625E-16,1.232595164408E-32,-1.));
#1838 = DIRECTION('',(1.110223024625E-16,1.,0.));
#1839 = PCURVE('',#1813,#1840);
#1840 = DEFINITIONAL_REPRESENTATION('',(#1841),#1845);
#1841 = LINE('',#1842,#1843);
#1842 = CARTESIAN_POINT('',(0.,5.833333333333));
#1843 = VECTOR('',#1844,1.);
#1844 = DIRECTION('',(1.,0.));
#1845 = ( GEOMETRIC_REPRESENTATION_CONTEXT(2) 
PARAMETRIC_REPRESENTATION_CONTEXT() REPRESENTATION_CONTEXT('2D SPACE',''
  ) );
#1846 = PCURVE('',#1847,#1852);
#1847 = TOROIDAL_SURFACE('',#1848,0.8,0.15);
#1848 = AXIS2_PLACEMENT_3D('',#1849,#1850,#1851);
#1849 = CARTESIAN_POINT('',(-0.4,1.110223024625E-16,-5.833333333333));
#1850 = DIRECTION('',(1.,-1.110223024625E-16,-1.110223024625E-16));
#1851 = DIRECTION('',(-1.110223024625E-16,-1.,-1.110223024625E-15));
#1852 = DEFINITIONAL_REPRESENTATION('',(#1853),#1857);
#1853 = LINE('',#1854,#1855);
#1854 = CARTESIAN_POINT('',(0.,9.424777960769));
#1855 = VECTOR('',#1856,1.);
#1856 = DIRECTION('',(-0.,-1.));
#1857 = ( GEOMETRIC_REPRESENTATION_CONTEXT(2) 
PARAMETRIC_REPRESENTATION_CONTEXT() REPRESENTATION_CONTEXT('2D SPACE',''
  ) );
#1858 = ORIENTED_EDGE('',*,*,#1802,.F.);
#1859 = ORIENTED_EDGE('',*,*,#1860,.T.);
#1860 = EDGE_CURVE('',#1803,#1803,#1861,.T.);
#1861 = SURFACE_CURVE('',#1862,(#1867,#1874),.PCURVE_S1.);
#1862 = CIRCLE('',#1863,0.15);
#1863 = AXIS2_PLACEMENT_3D('',#1864,#1865,#1866);
#1864 = CARTESIAN_POINT('',(-0.4,-0.8,0.));
#1865 = DIRECTION('',(-1.110223024625E-16,1.232595164408E-32,-1.));
#1866 = DIRECTION('',(1.110223024625E-16,1.,0.));
#1867 = PCURVE('',#1813,#1868);
#1868 = DEFINITIONAL_REPRESENTATION('',(#1869),#1873);
#1869 = LINE('',#1870,#1871);
#1870 = CARTESIAN_POINT('',(0.,0.));
#1871 = VECTOR('',#1872,1.);
#1872 = DIRECTION('',(1.,0.));
#1873 = ( GEOMETRIC_REPRESENTATION_CONTEXT(2) 
PARAMETRIC_REPRESENTATION_CONTEXT() REPRESENTATION_CONTEXT('2D SPACE',''
  ) );
#1874 = PCURVE('',#1875,#1880);
#1875 = PLANE('',#1876);
#1876 = AXIS2_PLACEMENT_3D('',#1877,#1878,#1879);
#1877 = CARTESIAN_POINT('',(-0.4,-0.8,-3.08572171572E-34));
#1878 = DIRECTION('',(1.110223024625E-16,-1.232595164408E-32,1.));
#1879 = DIRECTION('',(1.,-1.110223024625E-16,-1.110223024625E-16));
#1880 = DEFINITIONAL_REPRESENTATION('',(#1881),#1889);
#1881 = ( BOUNDED_CURVE() B_SPLINE_CURVE(2,(#1882,#1883,#1884,#1885,
#1886,#1887,#1888),.UNSPECIFIED.,.T.,.F.) B_SPLINE_CURVE_WITH_KNOTS((1,2
    ,2,2,2,1),(-2.094395102393,0.,2.094395102393,4.188790204786,
6.28318530718,8.377580409573),.UNSPECIFIED.) CURVE() 
GEOMETRIC_REPRESENTATION_ITEM() RATIONAL_B_SPLINE_CURVE((1.,0.5,1.,0.5,
1.,0.5,1.)) REPRESENTATION_ITEM('') );
#1882 = CARTESIAN_POINT('',(0.,0.15));
#1883 = CARTESIAN_POINT('',(0.259807621135,0.15));
#1884 = CARTESIAN_POINT('',(0.129903810568,-7.5E-02));
#1885 = CARTESIAN_POINT('',(3.673940397442E-17,-0.3));
#1886 = CARTESIAN_POINT('',(-0.129903810568,-7.5E-02));
#1887 = CARTESIAN_POINT('',(-0.259807621135,0.15));
#1888 = CARTESIAN_POINT('',(0.,0.15));
#1889 = ( GEOMETRIC_REPRESENTATION_CONTEXT(2) 
PARAMETRIC_REPRESENTATION_CONTEXT() REPRESENTATION_CONTEXT('2D SPACE',''
  ) );
#1890 = ADVANCED_FACE('',(#1891),#1847,.T.);
#1891 = FACE_BOUND('',#1892,.T.);
#1892 = EDGE_LOOP('',(#1893,#1917,#1944,#1945));
#1893 = ORIENTED_EDGE('',*,*,#1894,.T.);
#1894 = EDGE_CURVE('',#1805,#1895,#1897,.T.);
#1895 = VERTEX_POINT('',#1896);
#1896 = CARTESIAN_POINT('',(-0.4,0.65,-5.833333333333));
#1897 = SEAM_CURVE('',#1898,(#1903,#1910),.PCURVE_S1.);
#1898 = CIRCLE('',#1899,0.65);
#1899 = AXIS2_PLACEMENT_3D('',#1900,#1901,#1902);
#1900 = CARTESIAN_POINT('',(-0.4,1.110223024625E-16,-5.833333333333));
#1901 = DIRECTION('',(1.,-1.110223024625E-16,-1.110223024625E-16));
#1902 = DIRECTION('',(-1.110223024625E-16,-1.,-1.110223024625E-15));
#1903 = PCURVE('',#1847,#1904);
#1904 = DEFINITIONAL_REPRESENTATION('',(#1905),#1909);
#1905 = LINE('',#1906,#1907);
#1906 = CARTESIAN_POINT('',(0.,3.14159265359));
#1907 = VECTOR('',#1908,1.);
#1908 = DIRECTION('',(1.,0.));
#1909 = ( GEOMETRIC_REPRESENTATION_CONTEXT(2) 
PARAMETRIC_REPRESENTATION_CONTEXT() REPRESENTATION_CONTEXT('2D SPACE',''
  ) );
#1910 = PCURVE('',#1847,#1911);
#1911 = DEFINITIONAL_REPRESENTATION('',(#1912),#1916);
#1912 = LINE('',#1913,#1914);
#1913 = CARTESIAN_POINT('',(0.,9.424777960769));
#1914 = VECTOR('',#1915,1.);
#1915 = DIRECTION('',(1.,0.));
#1916 = ( GEOMETRIC_REPRESENTATION_CONTEXT(2) 
PARAMETRIC_REPRESENTATION_CONTEXT() REPRESENTATION_CONTEXT('2D SPACE',''
  ) );
#1917 = ORIENTED_EDGE('',*,*,#1918,.T.);
#1918 = EDGE_CURVE('',#1895,#1895,#1919,.T.);
#1919 = SURFACE_CURVE('',#1920,(#1925,#1932),.PCURVE_S1.);
#1920 = CIRCLE('',#1921,0.15);
#1921 = AXIS2_PLACEMENT_3D('',#1922,#1923,#1924);
#1922 = CARTESIAN_POINT('',(-0.4,0.8,-5.833333333333));
#1923 = DIRECTION('',(-1.110223024625E-16,-1.23268770454E-15,-1.));
#1924 = DIRECTION('',(1.110223024625E-16,1.,-1.23268770454E-15));
#1925 = PCURVE('',#1847,#1926);
#1926 = DEFINITIONAL_REPRESENTATION('',(#1927),#1931);
#1927 = LINE('',#1928,#1929);
#1928 = CARTESIAN_POINT('',(3.14159265359,0.));
#1929 = VECTOR('',#1930,1.);
#1930 = DIRECTION('',(0.,1.));
#1931 = ( GEOMETRIC_REPRESENTATION_CONTEXT(2) 
PARAMETRIC_REPRESENTATION_CONTEXT() REPRESENTATION_CONTEXT('2D SPACE',''
  ) );
#1932 = PCURVE('',#1933,#1938);
#1933 = CYLINDRICAL_SURFACE('',#1934,0.15);
#1934 = AXIS2_PLACEMENT_3D('',#1935,#1936,#1937);
#1935 = CARTESIAN_POINT('',(-0.4,0.8,-5.833333333333));
#1936 = DIRECTION('',(1.110223024625E-16,-1.232595164408E-32,1.));
#1937 = DIRECTION('',(-1.110223024625E-16,-1.,0.));
#1938 = DEFINITIONAL_REPRESENTATION('',(#1939),#1943);
#1939 = LINE('',#1940,#1941);
#1940 = CARTESIAN_POINT('',(9.424777960769,0.));
#1941 = VECTOR('',#1942,1.);
#1942 = DIRECTION('',(-1.,-0.));
#1943 = ( GEOMETRIC_REPRESENTATION_CONTEXT(2) 
PARAMETRIC_REPRESENTATION_CONTEXT() REPRESENTATION_CONTEXT('2D SPACE',''
  ) );
#1944 = ORIENTED_EDGE('',*,*,#1894,.F.);
#1945 = ORIENTED_EDGE('',*,*,#1832,.T.);
#1946 = ADVANCED_FACE('',(#1947),#1933,.T.);
#1947 = FACE_BOUND('',#1948,.T.);
#1948 = EDGE_LOOP('',(#1949,#1972,#2003,#2004));
#1949 = ORIENTED_EDGE('',*,*,#1950,.T.);
#1950 = EDGE_CURVE('',#1895,#1951,#1953,.T.);
#1951 = VERTEX_POINT('',#1952);
#1952 = CARTESIAN_POINT('',(-0.4,0.65,0.));
#1953 = SEAM_CURVE('',#1954,(#1958,#1965),.PCURVE_S1.);
#1954 = LINE('',#1955,#1956);
#1955 = CARTESIAN_POINT('',(-0.4,0.65,-5.833333333333));
#1956 = VECTOR('',#1957,1.);
#1957 = DIRECTION('',(1.110223024625E-16,-1.232595164408E-32,1.));
#1958 = PCURVE('',#1933,#1959);
#1959 = DEFINITIONAL_REPRESENTATION('',(#1960),#1964);
#1960 = LINE('',#1961,#1962);
#1961 = CARTESIAN_POINT('',(6.28318530718,0.));
#1962 = VECTOR('',#1963,1.);
#1963 = DIRECTION('',(0.,1.));
#1964 = ( GEOMETRIC_REPRESENTATION_CONTEXT(2) 
PARAMETRIC_REPRESENTATION_CONTEXT() REPRESENTATION_CONTEXT('2D SPACE',''
  ) );
#1965 = PCURVE('',#1933,#1966);
#1966 = DEFINITIONAL_REPRESENTATION('',(#1967),#1971);
#1967 = LINE('',#1968,#1969);
#1968 = CARTESIAN_POINT('',(0.,0.));
#1969 = VECTOR('',#1970,1.);
#1970 = DIRECTION('',(0.,1.));
#1971 = ( GEOMETRIC_REPRESENTATION_CONTEXT(2) 
PARAMETRIC_REPRESENTATION_CONTEXT() REPRESENTATION_CONTEXT('2D SPACE',''
  ) );
#1972 = ORIENTED_EDGE('',*,*,#1973,.F.);
#1973 = EDGE_CURVE('',#1951,#1951,#1974,.T.);
#1974 = SURFACE_CURVE('',#1975,(#1980,#1987),.PCURVE_S1.);
#1975 = CIRCLE('',#1976,0.15);
#1976 = AXIS2_PLACEMENT_3D('',#1977,#1978,#1979);
#1977 = CARTESIAN_POINT('',(-0.4,0.8,0.));
#1978 = DIRECTION('',(1.110223024625E-16,-1.232595164408E-32,1.));
#1979 = DIRECTION('',(-1.110223024625E-16,-1.,0.));
#1980 = PCURVE('',#1933,#1981);
#1981 = DEFINITIONAL_REPRESENTATION('',(#1982),#1986);
#1982 = LINE('',#1983,#1984);
#1983 = CARTESIAN_POINT('',(0.,5.833333333333));
#1984 = VECTOR('',#1985,1.);
#1985 = DIRECTION('',(1.,0.));
#1986 = ( GEOMETRIC_REPRESENTATION_CONTEXT(2) 
PARAMETRIC_REPRESENTATION_CONTEXT() REPRESENTATION_CONTEXT('2D SPACE',''
  ) );
#1987 = PCURVE('',#1988,#1993);
#1988 = PLANE('',#1989);
#1989 = AXIS2_PLACEMENT_3D('',#1990,#1991,#1992);
#1990 = CARTESIAN_POINT('',(-0.4,0.8,6.798155367234E-34));
#1991 = DIRECTION('',(-1.110223024625E-16,1.232595164408E-32,-1.));
#1992 = DIRECTION('',(-1.,1.110223024625E-16,1.110223024625E-16));
#1993 = DEFINITIONAL_REPRESENTATION('',(#1994),#2002);
#1994 = ( BOUNDED_CURVE() B_SPLINE_CURVE(2,(#1995,#1996,#1997,#1998,
#1999,#2000,#2001),.UNSPECIFIED.,.T.,.F.) B_SPLINE_CURVE_WITH_KNOTS((1,2
    ,2,2,2,1),(-2.094395102393,0.,2.094395102393,4.188790204786,
6.28318530718,8.377580409573),.UNSPECIFIED.) CURVE() 
GEOMETRIC_REPRESENTATION_ITEM() RATIONAL_B_SPLINE_CURVE((1.,0.5,1.,0.5,
1.,0.5,1.)) REPRESENTATION_ITEM('') );
#1995 = CARTESIAN_POINT('',(2.465190328816E-32,-0.15));
#1996 = CARTESIAN_POINT('',(-0.259807621135,-0.15));
#1997 = CARTESIAN_POINT('',(-0.129903810568,7.5E-02));
#1998 = CARTESIAN_POINT('',(-3.673940397442E-17,0.3));
#1999 = CARTESIAN_POINT('',(0.129903810568,7.5E-02));
#2000 = CARTESIAN_POINT('',(0.259807621135,-0.15));
#2001 = CARTESIAN_POINT('',(2.465190328816E-32,-0.15));
#2002 = ( GEOMETRIC_REPRESENTATION_CONTEXT(2) 
PARAMETRIC_REPRESENTATION_CONTEXT() REPRESENTATION_CONTEXT('2D SPACE',''
  ) );
#2003 = ORIENTED_EDGE('',*,*,#1950,.F.);
#2004 = ORIENTED_EDGE('',*,*,#1918,.F.);
#2005 = ADVANCED_FACE('',(#2006),#1875,.T.);
#2006 = FACE_BOUND('',#2007,.T.);
#2007 = EDGE_LOOP('',(#2008));
#2008 = ORIENTED_EDGE('',*,*,#1860,.F.);
#2009 = ADVANCED_FACE('',(#2010),#1988,.F.);
#2010 = FACE_BOUND('',#2011,.F.);
#2011 = EDGE_LOOP('',(#2012));
#2012 = ORIENTED_EDGE('',*,*,#1973,.F.);
#2013 = ( GEOMETRIC_REPRESENTATION_CONTEXT(3) 
GLOBAL_UNCERTAINTY_ASSIGNED_CONTEXT((#2017)) 
GLOBAL_UNIT_ASSIGNED_CONTEXT((#2014,#2015,#2016)) REPRESENTATION_CONTEXT
('Context #1','3D Context with UNIT and UNCERTAINTY') );
#2014 = ( LENGTH_UNIT() NAMED_UNIT(*) SI_UNIT(.MILLI.,.METRE.) );
#2015 = ( NAMED_UNIT(*) PLANE_ANGLE_UNIT() SI_UNIT($,.RADIAN.) );
#2016 = ( NAMED_UNIT(*) SI_UNIT($,.STERADIAN.) SOLID_ANGLE_UNIT() );
#2017 = UNCERTAINTY_MEASURE_WITH_UNIT(LENGTH_MEASURE(1.E-07),#2014,
  'distance_accuracy_value','confusion accuracy');
#2018 = CONTEXT_DEPENDENT_SHAPE_REPRESENTATION(#2019,#2021);
#2019 = ( REPRESENTATION_RELATIONSHIP('','',#1795,#10) 
REPRESENTATION_RELATIONSHIP_WITH_TRANSFORMATION(#2020) 
SHAPE_REPRESENTATION_RELATIONSHIP() );
#2020 = ITEM_DEFINED_TRANSFORMATION('','',#11,#47);
#2021 = PRODUCT_DEFINITION_SHAPE('Placement','Placement of an item',
  #2022);
#2022 = NEXT_ASSEMBLY_USAGE_OCCURRENCE('671','pipe_3','',#5,#1790,$);
#2023 = PRODUCT_RELATED_PRODUCT_CATEGORY('part',$,(#1792));
#2024 = SHAPE_DEFINITION_REPRESENTATION(#2025,#2031);
#2025 = PRODUCT_DEFINITION_SHAPE('','',#2026);
#2026 = PRODUCT_DEFINITION('design','',#2027,#2030);
#2027 = PRODUCT_DEFINITION_FORMATION('','',#2028);
#2028 = PRODUCT('pipe_4','pipe_4','',(#2029));
#2029 = PRODUCT_CONTEXT('',#2,'mechanical');
#2030 = PRODUCT_DEFINITION_CONTEXT('part definition',#2,'design');
#2031 = ADVANCED_BREP_SHAPE_REPRESENTATION('',(#11,#2032),#2249);
#2032 = MANIFOLD_SOLID_BREP('',#2033);
#2033 = CLOSED_SHELL('',(#2034,#2126,#2182,#2241,#2245));
#2034 = ADVANCED_FACE('',(#2035),#2049,.T.);
#2035 = FACE_BOUND('',#2036,.T.);
#2036 = EDGE_LOOP('',(#2037,#2067,#2094,#2095));
#2037 = ORIENTED_EDGE('',*,*,#2038,.T.);
#2038 = EDGE_CURVE('',#2039,#2041,#2043,.T.);
#2039 = VERTEX_POINT('',#2040);
#2040 = CARTESIAN_POINT('',(0.4,-1.05,0.));
#2041 = VERTEX_POINT('',#2042);
#2042 = CARTESIAN_POINT('',(0.4,-1.05,-6.666666666667));
#2043 = SEAM_CURVE('',#2044,(#2048,#2060),.PCURVE_S1.);
#2044 = LINE('',#2045,#2046);
#2045 = CARTESIAN_POINT('',(0.4,-1.05,4.078893220341E-33));
#2046 = VECTOR('',#2047,1.);
#2047 = DIRECTION('',(-1.110223024625E-16,1.232595164408E-32,-1.));
#2048 = PCURVE('',#2049,#2054);
#2049 = CYLINDRICAL_SURFACE('',#2050,0.15);
#2050 = AXIS2_PLACEMENT_3D('',#2051,#2052,#2053);
#2051 = CARTESIAN_POINT('',(0.4,-1.2,0.));
#2052 = DIRECTION('',(-1.110223024625E-16,1.232595164408E-32,-1.));
#2053 = DIRECTION('',(1.110223024625E-16,1.,0.));
#2054 = DEFINITIONAL_REPRESENTATION('',(#2055),#2059);
#2055 = LINE('',#2056,#2057);
#2056 = CARTESIAN_POINT('',(6.28318530718,0.));
#2057 = VECTOR('',#2058,1.);
#2058 = DIRECTION('',(0.,1.));
#2059 = ( GEOMETRIC_REPRESENTATION_CONTEXT(2) 
PARAMETRIC_REPRESENTATION_CONTEXT() REPRESENTATION_CONTEXT('2D SPACE',''
  ) );
#2060 = PCURVE('',#2049,#2061);
#2061 = DEFINITIONAL_REPRESENTATION('',(#2062),#2066);
#2062 = LINE('',#2063,#2064);
#2063 = CARTESIAN_POINT('',(0.,0.));
#2064 = VECTOR('',#2065,1.);
#2065 = DIRECTION('',(0.,1.));
#2066 = ( GEOMETRIC_REPRESENTATION_CONTEXT(2) 
PARAMETRIC_REPRESENTATION_CONTEXT() REPRESENTATION_CONTEXT('2D SPACE',''
  ) );
#2067 = ORIENTED_EDGE('',*,*,#2068,.F.);
#2068 = EDGE_CURVE('',#2041,#2041,#2069,.T.);
#2069 = SURFACE_CURVE('',#2070,(#2075,#2082),.PCURVE_S1.);
#2070 = CIRCLE('',#2071,0.15);
#2071 = AXIS2_PLACEMENT_3D('',#2072,#2073,#2074);
#2072 = CARTESIAN_POINT('',(0.4,-1.2,-6.666666666667));
#2073 = DIRECTION('',(-1.110223024625E-16,1.232595164408E-32,-1.));
#2074 = DIRECTION('',(1.110223024625E-16,1.,0.));
#2075 = PCURVE('',#2049,#2076);
#2076 = DEFINITIONAL_REPRESENTATION('',(#2077),#2081);
#2077 = LINE('',#2078,#2079);
#2078 = CARTESIAN_POINT('',(0.,6.666666666667));
#2079 = VECTOR('',#2080,1.);
#2080 = DIRECTION('',(1.,0.));
#2081 = ( GEOMETRIC_REPRESENTATION_CONTEXT(2) 
PARAMETRIC_REPRESENTATION_CONTEXT() REPRESENTATION_CONTEXT('2D SPACE',''
  ) );
#2082 = PCURVE('',#2083,#2088);
#2083 = TOROIDAL_SURFACE('',#2084,1.2,0.15);
#2084 = AXIS2_PLACEMENT_3D('',#2085,#2086,#2087);
#2085 = CARTESIAN_POINT('',(0.4,0.,-6.666666666667));
#2086 = DIRECTION('',(1.,-1.110223024625E-16,-1.110223024625E-16));
#2087 = DIRECTION('',(-1.110223024625E-16,-1.,0.));
#2088 = DEFINITIONAL_REPRESENTATION('',(#2089),#2093);
#2089 = LINE('',#2090,#2091);
#2090 = CARTESIAN_POINT('',(0.,9.424777960769));
#2091 = VECTOR('',#2092,1.);
#2092 = DIRECTION('',(-0.,-1.));
#2093 = ( GEOMETRIC_REPRESENTATION_CONTEXT(2) 
PARAMETRIC_REPRESENTATION_CONTEXT() REPRESENTATION_CONTEXT('2D SPACE',''
  ) );
#2094 = ORIENTED_EDGE('',*,*,#2038,.F.);
#2095 = ORIENTED_EDGE('',*,*,#2096,.T.);
#2096 = EDGE_CURVE('',#2039,#2039,#2097,.T.);
#2097 = SURFACE_CURVE('',#2098,(#2103,#2110),.PCURVE_S1.);
#2098 = CIRCLE('',#2099,0.15);
#2099 = AXIS2_PLACEMENT_3D('',#2100,#2101,#2102);
#2100 = CARTESIAN_POINT('',(0.4,-1.2,0.));
#2101 = DIRECTION('',(-1.110223024625E-16,1.232595164408E-32,-1.));
#2102 = DIRECTION('',(1.110223024625E-16,1.,0.));
#2103 = PCURVE('',#2049,#2104);
#2104 = DEFINITIONAL_REPRESENTATION('',(#2105),#2109);
#2105 = LINE('',#2106,#2107);
#2106 = CARTESIAN_POINT('',(0.,0.));
#2107 = VECTOR('',#2108,1.);
#2108 = DIRECTION('',(1.,0.));
#2109 = ( GEOMETRIC_REPRESENTATION_CONTEXT(2) 
PARAMETRIC_REPRESENTATION_CONTEXT() REPRESENTATION_CONTEXT('2D SPACE',''
  ) );
#2110 = PCURVE('',#2111,#2116);
#2111 = PLANE('',#2112);
#2112 = AXIS2_PLACEMENT_3D('',#2113,#2114,#2115);
#2113 = CARTESIAN_POINT('',(0.4,-1.2,-3.08572171572E-34));
#2114 = DIRECTION('',(1.110223024625E-16,-1.232595164408E-32,1.));
#2115 = DIRECTION('',(1.,-1.110223024625E-16,-1.110223024625E-16));
#2116 = DEFINITIONAL_REPRESENTATION('',(#2117),#2125);
#2117 = ( BOUNDED_CURVE() B_SPLINE_CURVE(2,(#2118,#2119,#2120,#2121,
#2122,#2123,#2124),.UNSPECIFIED.,.T.,.F.) B_SPLINE_CURVE_WITH_KNOTS((1,2
    ,2,2,2,1),(-2.094395102393,0.,2.094395102393,4.188790204786,
6.28318530718,8.377580409573),.UNSPECIFIED.) CURVE() 
GEOMETRIC_REPRESENTATION_ITEM() RATIONAL_B_SPLINE_CURVE((1.,0.5,1.,0.5,
1.,0.5,1.)) REPRESENTATION_ITEM('') );
#2118 = CARTESIAN_POINT('',(0.,0.15));
#2119 = CARTESIAN_POINT('',(0.259807621135,0.15));
#2120 = CARTESIAN_POINT('',(0.129903810568,-7.5E-02));
#2121 = CARTESIAN_POINT('',(3.673940397442E-17,-0.3));
#2122 = CARTESIAN_POINT('',(-0.129903810568,-7.5E-02));
#2123 = CARTESIAN_POINT('',(-0.259807621135,0.15));
#2124 = CARTESIAN_POINT('',(0.,0.15));
#2125 = ( GEOMETRIC_REPRESENTATION_CONTEXT(2) 
PARAMETRIC_REPRESENTATION_CONTEXT() REPRESENTATION_CONTEXT('2D SPACE',''
  ) );
#2126 = ADVANCED_FACE('',(#2127),#2083,.T.);
#2127 = FACE_BOUND('',#2128,.T.);
#2128 = EDGE_LOOP('',(#2129,#2153,#2180,#2181));
#2129 = ORIENTED_EDGE('',*,*,#2130,.T.);
#2130 = EDGE_CURVE('',#2041,#2131,#2133,.T.);
#2131 = VERTEX_POINT('',#2132);
#2132 = CARTESIAN_POINT('',(0.4,1.05,-6.666666666667));
#2133 = SEAM_CURVE('',#2134,(#2139,#2146),.PCURVE_S1.);
#2134 = CIRCLE('',#2135,1.05);
#2135 = AXIS2_PLACEMENT_3D('',#2136,#2137,#2138);
#2136 = CARTESIAN_POINT('',(0.4,0.,-6.666666666667));
#2137 = DIRECTION('',(1.,-1.110223024625E-16,-1.110223024625E-16));
#2138 = DIRECTION('',(-1.110223024625E-16,-1.,0.));
#2139 = PCURVE('',#2083,#2140);
#2140 = DEFINITIONAL_REPRESENTATION('',(#2141),#2145);
#2141 = LINE('',#2142,#2143);
#2142 = CARTESIAN_POINT('',(0.,3.14159265359));
#2143 = VECTOR('',#2144,1.);
#2144 = DIRECTION('',(1.,0.));
#2145 = ( GEOMETRIC_REPRESENTATION_CONTEXT(2) 
PARAMETRIC_REPRESENTATION_CONTEXT() REPRESENTATION_CONTEXT('2D SPACE',''
  ) );
#2146 = PCURVE('',#2083,#2147);
#2147 = DEFINITIONAL_REPRESENTATION('',(#2148),#2152);
#2148 = LINE('',#2149,#2150);
#2149 = CARTESIAN_POINT('',(0.,9.424777960769));
#2150 = VECTOR('',#2151,1.);
#2151 = DIRECTION('',(1.,0.));
#2152 = ( GEOMETRIC_REPRESENTATION_CONTEXT(2) 
PARAMETRIC_REPRESENTATION_CONTEXT() REPRESENTATION_CONTEXT('2D SPACE',''
  ) );
#2153 = ORIENTED_EDGE('',*,*,#2154,.T.);
#2154 = EDGE_CURVE('',#2131,#2131,#2155,.T.);
#2155 = SURFACE_CURVE('',#2156,(#2161,#2168),.PCURVE_S1.);
#2156 = CIRCLE('',#2157,0.15);
#2157 = AXIS2_PLACEMENT_3D('',#2158,#2159,#2160);
#2158 = CARTESIAN_POINT('',(0.4,1.2,-6.666666666667));
#2159 = DIRECTION('',(-1.110223024625E-16,-1.224646799147E-16,-1.));
#2160 = DIRECTION('',(1.110223024625E-16,1.,-1.224646799147E-16));
#2161 = PCURVE('',#2083,#2162);
#2162 = DEFINITIONAL_REPRESENTATION('',(#2163),#2167);
#2163 = LINE('',#2164,#2165);
#2164 = CARTESIAN_POINT('',(3.14159265359,0.));
#2165 = VECTOR('',#2166,1.);
#2166 = DIRECTION('',(0.,1.));
#2167 = ( GEOMETRIC_REPRESENTATION_CONTEXT(2) 
PARAMETRIC_REPRESENTATION_CONTEXT() REPRESENTATION_CONTEXT('2D SPACE',''
  ) );
#2168 = PCURVE('',#2169,#2174);
#2169 = CYLINDRICAL_SURFACE('',#2170,0.15);
#2170 = AXIS2_PLACEMENT_3D('',#2171,#2172,#2173);
#2171 = CARTESIAN_POINT('',(0.4,1.2,-6.666666666667));
#2172 = DIRECTION('',(1.110223024625E-16,-1.232595164408E-32,1.));
#2173 = DIRECTION('',(-1.110223024625E-16,-1.,0.));
#2174 = DEFINITIONAL_REPRESENTATION('',(#2175),#2179);
#2175 = LINE('',#2176,#2177);
#2176 = CARTESIAN_POINT('',(9.424777960769,0.));
#2177 = VECTOR('',#2178,1.);
#2178 = DIRECTION('',(-1.,-0.));
#2179 = ( GEOMETRIC_REPRESENTATION_CONTEXT(2) 
PARAMETRIC_REPRESENTATION_CONTEXT() REPRESENTATION_CONTEXT('2D SPACE',''
  ) );
#2180 = ORIENTED_EDGE('',*,*,#2130,.F.);
#2181 = ORIENTED_EDGE('',*,*,#2068,.T.);
#2182 = ADVANCED_FACE('',(#2183),#2169,.T.);
#2183 = FACE_BOUND('',#2184,.T.);
#2184 = EDGE_LOOP('',(#2185,#2208,#2239,#2240));
#2185 = ORIENTED_EDGE('',*,*,#2186,.T.);
#2186 = EDGE_CURVE('',#2131,#2187,#2189,.T.);
#2187 = VERTEX_POINT('',#2188);
#2188 = CARTESIAN_POINT('',(0.4,1.05,0.));
#2189 = SEAM_CURVE('',#2190,(#2194,#2201),.PCURVE_S1.);
#2190 = LINE('',#2191,#2192);
#2191 = CARTESIAN_POINT('',(0.4,1.05,-6.666666666667));
#2192 = VECTOR('',#2193,1.);
#2193 = DIRECTION('',(1.110223024625E-16,-1.232595164408E-32,1.));
#2194 = PCURVE('',#2169,#2195);
#2195 = DEFINITIONAL_REPRESENTATION('',(#2196),#2200);
#2196 = LINE('',#2197,#2198);
#2197 = CARTESIAN_POINT('',(6.28318530718,0.));
#2198 = VECTOR('',#2199,1.);
#2199 = DIRECTION('',(0.,1.));
#2200 = ( GEOMETRIC_REPRESENTATION_CONTEXT(2) 
PARAMETRIC_REPRESENTATION_CONTEXT() REPRESENTATION_CONTEXT('2D SPACE',''
  ) );
#2201 = PCURVE('',#2169,#2202);
#2202 = DEFINITIONAL_REPRESENTATION('',(#2203),#2207);
#2203 = LINE('',#2204,#2205);
#2204 = CARTESIAN_POINT('',(0.,0.));
#2205 = VECTOR('',#2206,1.);
#2206 = DIRECTION('',(0.,1.));
#2207 = ( GEOMETRIC_REPRESENTATION_CONTEXT(2) 
PARAMETRIC_REPRESENTATION_CONTEXT() REPRESENTATION_CONTEXT('2D SPACE',''
  ) );
#2208 = ORIENTED_EDGE('',*,*,#2209,.F.);
#2209 = EDGE_CURVE('',#2187,#2187,#2210,.T.);
#2210 = SURFACE_CURVE('',#2211,(#2216,#2223),.PCURVE_S1.);
#2211 = CIRCLE('',#2212,0.15);
#2212 = AXIS2_PLACEMENT_3D('',#2213,#2214,#2215);
#2213 = CARTESIAN_POINT('',(0.4,1.2,0.));
#2214 = DIRECTION('',(1.110223024625E-16,-1.232595164408E-32,1.));
#2215 = DIRECTION('',(-1.110223024625E-16,-1.,0.));
#2216 = PCURVE('',#2169,#2217);
#2217 = DEFINITIONAL_REPRESENTATION('',(#2218),#2222);
#2218 = LINE('',#2219,#2220);
#2219 = CARTESIAN_POINT('',(0.,6.666666666667));
#2220 = VECTOR('',#2221,1.);
#2221 = DIRECTION('',(1.,0.));
#2222 = ( GEOMETRIC_REPRESENTATION_CONTEXT(2) 
PARAMETRIC_REPRESENTATION_CONTEXT() REPRESENTATION_CONTEXT('2D SPACE',''
  ) );
#2223 = PCURVE('',#2224,#2229);
#2224 = PLANE('',#2225);
#2225 = AXIS2_PLACEMENT_3D('',#2226,#2227,#2228);
#2226 = CARTESIAN_POINT('',(0.4,1.2,-1.296959879867E-33));
#2227 = DIRECTION('',(-1.110223024625E-16,1.232595164408E-32,-1.));
#2228 = DIRECTION('',(-1.,1.110223024625E-16,1.110223024625E-16));
#2229 = DEFINITIONAL_REPRESENTATION('',(#2230),#2238);
#2230 = ( BOUNDED_CURVE() B_SPLINE_CURVE(2,(#2231,#2232,#2233,#2234,
#2235,#2236,#2237),.UNSPECIFIED.,.T.,.F.) B_SPLINE_CURVE_WITH_KNOTS((1,2
    ,2,2,2,1),(-2.094395102393,0.,2.094395102393,4.188790204786,
6.28318530718,8.377580409573),.UNSPECIFIED.) CURVE() 
GEOMETRIC_REPRESENTATION_ITEM() RATIONAL_B_SPLINE_CURVE((1.,0.5,1.,0.5,
1.,0.5,1.)) REPRESENTATION_ITEM('') );
#2231 = CARTESIAN_POINT('',(4.930380657631E-32,-0.15));
#2232 = CARTESIAN_POINT('',(-0.259807621135,-0.15));
#2233 = CARTESIAN_POINT('',(-0.129903810568,7.5E-02));
#2234 = CARTESIAN_POINT('',(-3.673940397442E-17,0.3));
#2235 = CARTESIAN_POINT('',(0.129903810568,7.5E-02));
#2236 = CARTESIAN_POINT('',(0.259807621135,-0.15));
#2237 = CARTESIAN_POINT('',(4.930380657631E-32,-0.15));
#2238 = ( GEOMETRIC_REPRESENTATION_CONTEXT(2) 
PARAMETRIC_REPRESENTATION_CONTEXT() REPRESENTATION_CONTEXT('2D SPACE',''
  ) );
#2239 = ORIENTED_EDGE('',*,*,#2186,.F.);
#2240 = ORIENTED_EDGE('',*,*,#2154,.F.);
#2241 = ADVANCED_FACE('',(#2242),#2111,.T.);
#2242 = FACE_BOUND('',#2243,.T.);
#2243 = EDGE_LOOP('',(#2244));
#2244 = ORIENTED_EDGE('',*,*,#2096,.F.);
#2245 = ADVANCED_FACE('',(#2246),#2224,.F.);
#2246 = FACE_BOUND('',#2247,.F.);
#2247 = EDGE_LOOP('',(#2248));
#2248 = ORIENTED_EDGE('',*,*,#2209,.F.);
#2249 = ( GEOMETRIC_REPRESENTATION_CONTEXT(3) 
GLOBAL_UNCERTAINTY_ASSIGNED_CONTEXT((#2253)) 
GLOBAL_UNIT_ASSIGNED_CONTEXT((#2250,#2251,#2252)) REPRESENTATION_CONTEXT
('Context #1','3D Context with UNIT and UNCERTAINTY') );
#2250 = ( LENGTH_UNIT() NAMED_UNIT(*) SI_UNIT(.MILLI.,.METRE.) );
#2251 = ( NAMED_UNIT(*) PLANE_ANGLE_UNIT() SI_UNIT($,.RADIAN.) );
#2252 = ( NAMED_UNIT(*) SI_UNIT($,.STERADIAN.) SOLID_ANGLE_UNIT() );
#2253 = UNCERTAINTY_MEASURE_WITH_UNIT(LENGTH_MEASURE(1.E-07),#2250,
  'distance_accuracy_value','confusion accuracy');
#2254 = CONTEXT_DEPENDENT_SHAPE_REPRESENTATION(#2255,#2257);
#2255 = ( REPRESENTATION_RELATIONSHIP('','',#2031,#10) 
REPRESENTATION_RELATIONSHIP_WITH_TRANSFORMATION(#2256) 
SHAPE_REPRESENTATION_RELATIONSHIP() );
#2256 = ITEM_DEFINED_TRANSFORMATION('','',#11,#51);
#2257 = PRODUCT_DEFINITION_SHAPE('Placement','Placement of an item',
  #2258);
#2258 = NEXT_ASSEMBLY_USAGE_OCCURRENCE('672','pipe_4','',#5,#2026,$);
#2259 = PRODUCT_RELATED_PRODUCT_CATEGORY('part',$,(#2028));
#2260 = SHAPE_DEFINITION_REPRESENTATION(#2261,#2267);
#2261 = PRODUCT_DEFINITION_SHAPE('','',#2262);
#2262 = PRODUCT_DEFINITION('design','',#2263,#2266);
#2263 = PRODUCT_DEFINITION_FORMATION('','',#2264);
#2264 = PRODUCT('pipe_5','pipe_5','',(#2265));
#2265 = PRODUCT_CONTEXT('',#2,'mechanical');
#2266 = PRODUCT_DEFINITION_CONTEXT('part definition',#2,'design');
#2267 = ADVANCED_BREP_SHAPE_REPRESENTATION('',(#11,#2268),#2485);
#2268 = MANIFOLD_SOLID_BREP('',#2269);
#2269 = CLOSED_SHELL('',(#2270,#2362,#2418,#2477,#2481));
#2270 = ADVANCED_FACE('',(#2271),#2285,.T.);
#2271 = FACE_BOUND('',#2272,.T.);
#2272 = EDGE_LOOP('',(#2273,#2303,#2330,#2331));
#2273 = ORIENTED_EDGE('',*,*,#2274,.T.);
#2274 = EDGE_CURVE('',#2275,#2277,#2279,.T.);
#2275 = VERTEX_POINT('',#2276);
#2276 = CARTESIAN_POINT('',(-0.4,-1.05,0.));
#2277 = VERTEX_POINT('',#2278);
#2278 = CARTESIAN_POINT('',(-0.4,-1.05,-6.666666666667));
#2279 = SEAM_CURVE('',#2280,(#2284,#2296),.PCURVE_S1.);
#2280 = LINE('',#2281,#2282);
#2281 = CARTESIAN_POINT('',(-0.4,-1.05,4.078893220341E-33));
#2282 = VECTOR('',#2283,1.);
#2283 = DIRECTION('',(-1.110223024625E-16,1.232595164408E-32,-1.));
#2284 = PCURVE('',#2285,#2290);
#2285 = CYLINDRICAL_SURFACE('',#2286,0.15);
#2286 = AXIS2_PLACEMENT_3D('',#2287,#2288,#2289);
#2287 = CARTESIAN_POINT('',(-0.4,-1.2,0.));
#2288 = DIRECTION('',(-1.110223024625E-16,1.232595164408E-32,-1.));
#2289 = DIRECTION('',(1.110223024625E-16,1.,0.));
#2290 = DEFINITIONAL_REPRESENTATION('',(#2291),#2295);
#2291 = LINE('',#2292,#2293);
#2292 = CARTESIAN_POINT('',(6.28318530718,0.));
#2293 = VECTOR('',#2294,1.);
#2294 = DIRECTION('',(0.,1.));
#2295 = ( GEOMETRIC_REPRESENTATION_CONTEXT(2) 
PARAMETRIC_REPRESENTATION_CONTEXT() REPRESENTATION_CONTEXT('2D SPACE',''
  ) );
#2296 = PCURVE('',#2285,#2297);
#2297 = DEFINITIONAL_REPRESENTATION('',(#2298),#2302);
#2298 = LINE('',#2299,#2300);
#2299 = CARTESIAN_POINT('',(0.,0.));
#2300 = VECTOR('',#2301,1.);
#2301 = DIRECTION('',(0.,1.));
#2302 = ( GEOMETRIC_REPRESENTATION_CONTEXT(2) 
PARAMETRIC_REPRESENTATION_CONTEXT() REPRESENTATION_CONTEXT('2D SPACE',''
  ) );
#2303 = ORIENTED_EDGE('',*,*,#2304,.F.);
#2304 = EDGE_CURVE('',#2277,#2277,#2305,.T.);
#2305 = SURFACE_CURVE('',#2306,(#2311,#2318),.PCURVE_S1.);
#2306 = CIRCLE('',#2307,0.15);
#2307 = AXIS2_PLACEMENT_3D('',#2308,#2309,#2310);
#2308 = CARTESIAN_POINT('',(-0.4,-1.2,-6.666666666667));
#2309 = DIRECTION('',(-1.110223024625E-16,1.232595164408E-32,-1.));
#2310 = DIRECTION('',(1.110223024625E-16,1.,0.));
#2311 = PCURVE('',#2285,#2312);
#2312 = DEFINITIONAL_REPRESENTATION('',(#2313),#2317);
#2313 = LINE('',#2314,#2315);
#2314 = CARTESIAN_POINT('',(0.,6.666666666667));
#2315 = VECTOR('',#2316,1.);
#2316 = DIRECTION('',(1.,0.));
#2317 = ( GEOMETRIC_REPRESENTATION_CONTEXT(2) 
PARAMETRIC_REPRESENTATION_CONTEXT() REPRESENTATION_CONTEXT('2D SPACE',''
  ) );
#2318 = PCURVE('',#2319,#2324);
#2319 = TOROIDAL_SURFACE('',#2320,1.2,0.15);
#2320 = AXIS2_PLACEMENT_3D('',#2321,#2322,#2323);
#2321 = CARTESIAN_POINT('',(-0.4,0.,-6.666666666667));
#2322 = DIRECTION('',(1.,-1.110223024625E-16,-1.110223024625E-16));
#2323 = DIRECTION('',(-1.110223024625E-16,-1.,0.));
#2324 = DEFINITIONAL_REPRESENTATION('',(#2325),#2329);
#2325 = LINE('',#2326,#2327);
#2326 = CARTESIAN_POINT('',(0.,9.424777960769));
#2327 = VECTOR('',#2328,1.);
#2328 = DIRECTION('',(-0.,-1.));
#2329 = ( GEOMETRIC_REPRESENTATION_CONTEXT(2) 
PARAMETRIC_REPRESENTATION_CONTEXT() REPRESENTATION_CONTEXT('2D SPACE',''
  ) );
#2330 = ORIENTED_EDGE('',*,*,#2274,.F.);
#2331 = ORIENTED_EDGE('',*,*,#2332,.T.);
#2332 = EDGE_CURVE('',#2275,#2275,#2333,.T.);
#2333 = SURFACE_CURVE('',#2334,(#2339,#2346),.PCURVE_S1.);
#2334 = CIRCLE('',#2335,0.15);
#2335 = AXIS2_PLACEMENT_3D('',#2336,#2337,#2338);
#2336 = CARTESIAN_POINT('',(-0.4,-1.2,0.));
#2337 = DIRECTION('',(-1.110223024625E-16,1.232595164408E-32,-1.));
#2338 = DIRECTION('',(1.110223024625E-16,1.,0.));
#2339 = PCURVE('',#2285,#2340);
#2340 = DEFINITIONAL_REPRESENTATION('',(#2341),#2345);
#2341 = LINE('',#2342,#2343);
#2342 = CARTESIAN_POINT('',(0.,0.));
#2343 = VECTOR('',#2344,1.);
#2344 = DIRECTION('',(1.,0.));
#2345 = ( GEOMETRIC_REPRESENTATION_CONTEXT(2) 
PARAMETRIC_REPRESENTATION_CONTEXT() REPRESENTATION_CONTEXT('2D SPACE',''
  ) );
#2346 = PCURVE('',#2347,#2352);
#2347 = PLANE('',#2348);
#2348 = AXIS2_PLACEMENT_3D('',#2349,#2350,#2351);
#2349 = CARTESIAN_POINT('',(-0.4,-1.2,-3.08572171572E-34));
#2350 = DIRECTION('',(1.110223024625E-16,-1.232595164408E-32,1.));
#2351 = DIRECTION('',(1.,-1.110223024625E-16,-1.110223024625E-16));
#2352 = DEFINITIONAL_REPRESENTATION('',(#2353),#2361);
#2353 = ( BOUNDED_CURVE() B_SPLINE_CURVE(2,(#2354,#2355,#2356,#2357,
#2358,#2359,#2360),.UNSPECIFIED.,.T.,.F.) B_SPLINE_CURVE_WITH_KNOTS((1,2
    ,2,2,2,1),(-2.094395102393,0.,2.094395102393,4.188790204786,
6.28318530718,8.377580409573),.UNSPECIFIED.) CURVE() 
GEOMETRIC_REPRESENTATION_ITEM() RATIONAL_B_SPLINE_CURVE((1.,0.5,1.,0.5,
1.,0.5,1.)) REPRESENTATION_ITEM('') );
#2354 = CARTESIAN_POINT('',(0.,0.15));
#2355 = CARTESIAN_POINT('',(0.259807621135,0.15));
#2356 = CARTESIAN_POINT('',(0.129903810568,-7.5E-02));
#2357 = CARTESIAN_POINT('',(3.673940397442E-17,-0.3));
#2358 = CARTESIAN_POINT('',(-0.129903810568,-7.5E-02));
#2359 = CARTESIAN_POINT('',(-0.259807621135,0.15));
#2360 = CARTESIAN_POINT('',(0.,0.15));
#2361 = ( GEOMETRIC_REPRESENTATION_CONTEXT(2) 
PARAMETRIC_REPRESENTATION_CONTEXT() REPRESENTATION_CONTEXT('2D SPACE',''
  ) );
#2362 = ADVANCED_FACE('',(#2363),#2319,.T.);
#2363 = FACE_BOUND('',#2364,.T.);
#2364 = EDGE_LOOP('',(#2365,#2389,#2416,#2417));
#2365 = ORIENTED_EDGE('',*,*,#2366,.T.);
#2366 = EDGE_CURVE('',#2277,#2367,#2369,.T.);
#2367 = VERTEX_POINT('',#2368);
#2368 = CARTESIAN_POINT('',(-0.4,1.05,-6.666666666667));
#2369 = SEAM_CURVE('',#2370,(#2375,#2382),.PCURVE_S1.);
#2370 = CIRCLE('',#2371,1.05);
#2371 = AXIS2_PLACEMENT_3D('',#2372,#2373,#2374);
#2372 = CARTESIAN_POINT('',(-0.4,0.,-6.666666666667));
#2373 = DIRECTION('',(1.,-1.110223024625E-16,-1.110223024625E-16));
#2374 = DIRECTION('',(-1.110223024625E-16,-1.,0.));
#2375 = PCURVE('',#2319,#2376);
#2376 = DEFINITIONAL_REPRESENTATION('',(#2377),#2381);
#2377 = LINE('',#2378,#2379);
#2378 = CARTESIAN_POINT('',(0.,3.14159265359));
#2379 = VECTOR('',#2380,1.);
#2380 = DIRECTION('',(1.,0.));
#2381 = ( GEOMETRIC_REPRESENTATION_CONTEXT(2) 
PARAMETRIC_REPRESENTATION_CONTEXT() REPRESENTATION_CONTEXT('2D SPACE',''
  ) );
#2382 = PCURVE('',#2319,#2383);
#2383 = DEFINITIONAL_REPRESENTATION('',(#2384),#2388);
#2384 = LINE('',#2385,#2386);
#2385 = CARTESIAN_POINT('',(0.,9.424777960769));
#2386 = VECTOR('',#2387,1.);
#2387 = DIRECTION('',(1.,0.));
#2388 = ( GEOMETRIC_REPRESENTATION_CONTEXT(2) 
PARAMETRIC_REPRESENTATION_CONTEXT() REPRESENTATION_CONTEXT('2D SPACE',''
  ) );
#2389 = ORIENTED_EDGE('',*,*,#2390,.T.);
#2390 = EDGE_CURVE('',#2367,#2367,#2391,.T.);
#2391 = SURFACE_CURVE('',#2392,(#2397,#2404),.PCURVE_S1.);
#2392 = CIRCLE('',#2393,0.15);
#2393 = AXIS2_PLACEMENT_3D('',#2394,#2395,#2396);
#2394 = CARTESIAN_POINT('',(-0.4,1.2,-6.666666666667));
#2395 = DIRECTION('',(-1.110223024625E-16,-1.224646799147E-16,-1.));
#2396 = DIRECTION('',(1.110223024625E-16,1.,-1.224646799147E-16));
#2397 = PCURVE('',#2319,#2398);
#2398 = DEFINITIONAL_REPRESENTATION('',(#2399),#2403);
#2399 = LINE('',#2400,#2401);
#2400 = CARTESIAN_POINT('',(3.14159265359,0.));
#2401 = VECTOR('',#2402,1.);
#2402 = DIRECTION('',(0.,1.));
#2403 = ( GEOMETRIC_REPRESENTATION_CONTEXT(2) 
PARAMETRIC_REPRESENTATION_CONTEXT() REPRESENTATION_CONTEXT('2D SPACE',''
  ) );
#2404 = PCURVE('',#2405,#2410);
#2405 = CYLINDRICAL_SURFACE('',#2406,0.15);
#2406 = AXIS2_PLACEMENT_3D('',#2407,#2408,#2409);
#2407 = CARTESIAN_POINT('',(-0.4,1.2,-6.666666666667));
#2408 = DIRECTION('',(1.110223024625E-16,-1.232595164408E-32,1.));
#2409 = DIRECTION('',(-1.110223024625E-16,-1.,0.));
#2410 = DEFINITIONAL_REPRESENTATION('',(#2411),#2415);
#2411 = LINE('',#2412,#2413);
#2412 = CARTESIAN_POINT('',(9.424777960769,0.));
#2413 = VECTOR('',#2414,1.);
#2414 = DIRECTION('',(-1.,-0.));
#2415 = ( GEOMETRIC_REPRESENTATION_CONTEXT(2) 
PARAMETRIC_REPRESENTATION_CONTEXT() REPRESENTATION_CONTEXT('2D SPACE',''
  ) );
#2416 = ORIENTED_EDGE('',*,*,#2366,.F.);
#2417 = ORIENTED_EDGE('',*,*,#2304,.T.);
#2418 = ADVANCED_FACE('',(#2419),#2405,.T.);
#2419 = FACE_BOUND('',#2420,.T.);
#2420 = EDGE_LOOP('',(#2421,#2444,#2475,#2476));
#2421 = ORIENTED_EDGE('',*,*,#2422,.T.);
#2422 = EDGE_CURVE('',#2367,#2423,#2425,.T.);
#2423 = VERTEX_POINT('',#2424);
#2424 = CARTESIAN_POINT('',(-0.4,1.05,0.));
#2425 = SEAM_CURVE('',#2426,(#2430,#2437),.PCURVE_S1.);
#2426 = LINE('',#2427,#2428);
#2427 = CARTESIAN_POINT('',(-0.4,1.05,-6.666666666667));
#2428 = VECTOR('',#2429,1.);
#2429 = DIRECTION('',(1.110223024625E-16,-1.232595164408E-32,1.));
#2430 = PCURVE('',#2405,#2431);
#2431 = DEFINITIONAL_REPRESENTATION('',(#2432),#2436);
#2432 = LINE('',#2433,#2434);
#2433 = CARTESIAN_POINT('',(6.28318530718,0.));
#2434 = VECTOR('',#2435,1.);
#2435 = DIRECTION('',(0.,1.));
#2436 = ( GEOMETRIC_REPRESENTATION_CONTEXT(2) 
PARAMETRIC_REPRESENTATION_CONTEXT() REPRESENTATION_CONTEXT('2D SPACE',''
  ) );
#2437 = PCURVE('',#2405,#2438);
#2438 = DEFINITIONAL_REPRESENTATION('',(#2439),#2443);
#2439 = LINE('',#2440,#2441);
#2440 = CARTESIAN_POINT('',(0.,0.));
#2441 = VECTOR('',#2442,1.);
#2442 = DIRECTION('',(0.,1.));
#2443 = ( GEOMETRIC_REPRESENTATION_CONTEXT(2) 
PARAMETRIC_REPRESENTATION_CONTEXT() REPRESENTATION_CONTEXT('2D SPACE',''
  ) );
#2444 = ORIENTED_EDGE('',*,*,#2445,.F.);
#2445 = EDGE_CURVE('',#2423,#2423,#2446,.T.);
#2446 = SURFACE_CURVE('',#2447,(#2452,#2459),.PCURVE_S1.);
#2447 = CIRCLE('',#2448,0.15);
#2448 = AXIS2_PLACEMENT_3D('',#2449,#2450,#2451);
#2449 = CARTESIAN_POINT('',(-0.4,1.2,0.));
#2450 = DIRECTION('',(1.110223024625E-16,-1.232595164408E-32,1.));
#2451 = DIRECTION('',(-1.110223024625E-16,-1.,0.));
#2452 = PCURVE('',#2405,#2453);
#2453 = DEFINITIONAL_REPRESENTATION('',(#2454),#2458);
#2454 = LINE('',#2455,#2456);
#2455 = CARTESIAN_POINT('',(0.,6.666666666667));
#2456 = VECTOR('',#2457,1.);
#2457 = DIRECTION('',(1.,0.));
#2458 = ( GEOMETRIC_REPRESENTATION_CONTEXT(2) 
PARAMETRIC_REPRESENTATION_CONTEXT() REPRESENTATION_CONTEXT('2D SPACE',''
  ) );
#2459 = PCURVE('',#2460,#2465);
#2460 = PLANE('',#2461);
#2461 = AXIS2_PLACEMENT_3D('',#2462,#2463,#2464);
#2462 = CARTESIAN_POINT('',(-0.4,1.2,-1.296959879867E-33));
#2463 = DIRECTION('',(-1.110223024625E-16,1.232595164408E-32,-1.));
#2464 = DIRECTION('',(-1.,1.110223024625E-16,1.110223024625E-16));
#2465 = DEFINITIONAL_REPRESENTATION('',(#2466),#2474);
#2466 = ( BOUNDED_CURVE() B_SPLINE_CURVE(2,(#2467,#2468,#2469,#2470,
#2471,#2472,#2473),.UNSPECIFIED.,.T.,.F.) B_SPLINE_CURVE_WITH_KNOTS((1,2
    ,2,2,2,1),(-2.094395102393,0.,2.094395102393,4.188790204786,
6.28318530718,8.377580409573),.UNSPECIFIED.) CURVE() 
GEOMETRIC_REPRESENTATION_ITEM() RATIONAL_B_SPLINE_CURVE((1.,0.5,1.,0.5,
1.,0.5,1.)) REPRESENTATION_ITEM('') );
#2467 = CARTESIAN_POINT('',(4.930380657631E-32,-0.15));
#2468 = CARTESIAN_POINT('',(-0.259807621135,-0.15));
#2469 = CARTESIAN_POINT('',(-0.129903810568,7.5E-02));
#2470 = CARTESIAN_POINT('',(-3.673940397442E-17,0.3));
#2471 = CARTESIAN_POINT('',(0.129903810568,7.5E-02));
#2472 = CARTESIAN_POINT('',(0.259807621135,-0.15));
#2473 = CARTESIAN_POINT('',(4.930380657631E-32,-0.15));
#2474 = ( GEOMETRIC_REPRESENTATION_CONTEXT(2) 
PARAMETRIC_REPRESENTATION_CONTEXT() REPRESENTATION_CONTEXT('2D SPACE',''
  ) );
#2475 = ORIENTED_EDGE('',*,*,#2422,.F.);
#2476 = ORIENTED_EDGE('',*,*,#2390,.F.);
#2477 = ADVANCED_FACE('',(#2478),#2347,.T.);
#2478 = FACE_BOUND('',#2479,.T.);
#2479 = EDGE_LOOP('',(#2480));
#2480 = ORIENTED_EDGE('',*,*,#2332,.F.);
#2481 = ADVANCED_FACE('',(#2482),#2460,.F.);
#2482 = FACE_BOUND('',#2483,.F.);
#2483 = EDGE_LOOP('',(#2484));
#2484 = ORIENTED_EDGE('',*,*,#2445,.F.);
#2485 = ( GEOMETRIC_REPRESENTATION_CONTEXT(3) 
GLOBAL_UNCERTAINTY_ASSIGNED_CONTEXT((#2489)) 
GLOBAL_UNIT_ASSIGNED_CONTEXT((#2486,#2487,#2488)) REPRESENTATION_CONTEXT
('Context #1','3D Context with UNIT and UNCERTAINTY') );
#2486 = ( LENGTH_UNIT() NAMED_UNIT(*) SI_UNIT(.MILLI.,.METRE.) );
#2487 = ( NAMED_UNIT(*) PLANE_ANGLE_UNIT() SI_UNIT($,.RADIAN.) );
#2488 = ( NAMED_UNIT(*) SI_UNIT($,.STERADIAN.) SOLID_ANGLE_UNIT() );
#2489 = UNCERTAINTY_MEASURE_WITH_UNIT(LENGTH_MEASURE(1.E-07),#2486,
  'distance_accuracy_value','confusion accuracy');
#2490 = CONTEXT_DEPENDENT_SHAPE_REPRESENTATION(#2491,#2493);
#2491 = ( REPRESENTATION_RELATIONSHIP('','',#2267,#10) 
REPRESENTATION_RELATIONSHIP_WITH_TRANSFORMATION(#2492) 
SHAPE_REPRESENTATION_RELATIONSHIP() );
#2492 = ITEM_DEFINED_TRANSFORMATION('','',#11,#55);
#2493 = PRODUCT_DEFINITION_SHAPE('Placement','Placement of an item',
  #2494);
#2494 = NEXT_ASSEMBLY_USAGE_OCCURRENCE('673','pipe_5','',#5,#2262,$);
#2495 = PRODUCT_RELATED_PRODUCT_CATEGORY('part',$,(#2264));
#2496 = SHAPE_DEFINITION_REPRESENTATION(#2497,#2503);
#2497 = PRODUCT_DEFINITION_SHAPE('','',#2498);
#2498 = PRODUCT_DEFINITION('design','',#2499,#2502);
#2499 = PRODUCT_DEFINITION_FORMATION('','',#2500);
#2500 = PRODUCT('pipe_6','pipe_6','',(#2501));
#2501 = PRODUCT_CONTEXT('',#2,'mechanical');
#2502 = PRODUCT_DEFINITION_CONTEXT('part definition',#2,'design');
#2503 = ADVANCED_BREP_SHAPE_REPRESENTATION('',(#11,#2504),#2721);
#2504 = MANIFOLD_SOLID_BREP('',#2505);
#2505 = CLOSED_SHELL('',(#2506,#2598,#2654,#2713,#2717));
#2506 = ADVANCED_FACE('',(#2507),#2521,.T.);
#2507 = FACE_BOUND('',#2508,.T.);
#2508 = EDGE_LOOP('',(#2509,#2539,#2566,#2567));
#2509 = ORIENTED_EDGE('',*,*,#2510,.T.);
#2510 = EDGE_CURVE('',#2511,#2513,#2515,.T.);
#2511 = VERTEX_POINT('',#2512);
#2512 = CARTESIAN_POINT('',(0.4,-1.45,0.));
#2513 = VERTEX_POINT('',#2514);
#2514 = CARTESIAN_POINT('',(0.4,-1.45,-7.5));
#2515 = SEAM_CURVE('',#2516,(#2520,#2532),.PCURVE_S1.);
#2516 = LINE('',#2517,#2518);
#2517 = CARTESIAN_POINT('',(0.4,-1.45,4.078893220341E-33));
#2518 = VECTOR('',#2519,1.);
#2519 = DIRECTION('',(-1.110223024625E-16,1.232595164408E-32,-1.));
#2520 = PCURVE('',#2521,#2526);
#2521 = CYLINDRICAL_SURFACE('',#2522,0.15);
#2522 = AXIS2_PLACEMENT_3D('',#2523,#2524,#2525);
#2523 = CARTESIAN_POINT('',(0.4,-1.6,0.));
#2524 = DIRECTION('',(-1.110223024625E-16,1.232595164408E-32,-1.));
#2525 = DIRECTION('',(1.110223024625E-16,1.,0.));
#2526 = DEFINITIONAL_REPRESENTATION('',(#2527),#2531);
#2527 = LINE('',#2528,#2529);
#2528 = CARTESIAN_POINT('',(6.28318530718,0.));
#2529 = VECTOR('',#2530,1.);
#2530 = DIRECTION('',(0.,1.));
#2531 = ( GEOMETRIC_REPRESENTATION_CONTEXT(2) 
PARAMETRIC_REPRESENTATION_CONTEXT() REPRESENTATION_CONTEXT('2D SPACE',''
  ) );
#2532 = PCURVE('',#2521,#2533);
#2533 = DEFINITIONAL_REPRESENTATION('',(#2534),#2538);
#2534 = LINE('',#2535,#2536);
#2535 = CARTESIAN_POINT('',(0.,0.));
#2536 = VECTOR('',#2537,1.);
#2537 = DIRECTION('',(0.,1.));
#2538 = ( GEOMETRIC_REPRESENTATION_CONTEXT(2) 
PARAMETRIC_REPRESENTATION_CONTEXT() REPRESENTATION_CONTEXT('2D SPACE',''
  ) );
#2539 = ORIENTED_EDGE('',*,*,#2540,.F.);
#2540 = EDGE_CURVE('',#2513,#2513,#2541,.T.);
#2541 = SURFACE_CURVE('',#2542,(#2547,#2554),.PCURVE_S1.);
#2542 = CIRCLE('',#2543,0.15);
#2543 = AXIS2_PLACEMENT_3D('',#2544,#2545,#2546);
#2544 = CARTESIAN_POINT('',(0.4,-1.6,-7.5));
#2545 = DIRECTION('',(-1.110223024625E-16,1.232595164408E-32,-1.));
#2546 = DIRECTION('',(1.110223024625E-16,1.,0.));
#2547 = PCURVE('',#2521,#2548);
#2548 = DEFINITIONAL_REPRESENTATION('',(#2549),#2553);
#2549 = LINE('',#2550,#2551);
#2550 = CARTESIAN_POINT('',(0.,7.5));
#2551 = VECTOR('',#2552,1.);
#2552 = DIRECTION('',(1.,0.));
#2553 = ( GEOMETRIC_REPRESENTATION_CONTEXT(2) 
PARAMETRIC_REPRESENTATION_CONTEXT() REPRESENTATION_CONTEXT('2D SPACE',''
  ) );
#2554 = PCURVE('',#2555,#2560);
#2555 = TOROIDAL_SURFACE('',#2556,1.6,0.15);
#2556 = AXIS2_PLACEMENT_3D('',#2557,#2558,#2559);
#2557 = CARTESIAN_POINT('',(0.4,2.22044604925E-16,-7.5));
#2558 = DIRECTION('',(1.,-1.110223024625E-16,-1.110223024625E-16));
#2559 = DIRECTION('',(-1.110223024625E-16,-1.,0.));
#2560 = DEFINITIONAL_REPRESENTATION('',(#2561),#2565);
#2561 = LINE('',#2562,#2563);
#2562 = CARTESIAN_POINT('',(0.,9.424777960769));
#2563 = VECTOR('',#2564,1.);
#2564 = DIRECTION('',(-0.,-1.));
#2565 = ( GEOMETRIC_REPRESENTATION_CONTEXT(2) 
PARAMETRIC_REPRESENTATION_CONTEXT() REPRESENTATION_CONTEXT('2D SPACE',''
  ) );
#2566 = ORIENTED_EDGE('',*,*,#2510,.F.);
#2567 = ORIENTED_EDGE('',*,*,#2568,.T.);
#2568 = EDGE_CURVE('',#2511,#2511,#2569,.T.);
#2569 = SURFACE_CURVE('',#2570,(#2575,#2582),.PCURVE_S1.);
#2570 = CIRCLE('',#2571,0.15);
#2571 = AXIS2_PLACEMENT_3D('',#2572,#2573,#2574);
#2572 = CARTESIAN_POINT('',(0.4,-1.6,0.));
#2573 = DIRECTION('',(-1.110223024625E-16,1.232595164408E-32,-1.));
#2574 = DIRECTION('',(1.110223024625E-16,1.,0.));
#2575 = PCURVE('',#2521,#2576);
#2576 = DEFINITIONAL_REPRESENTATION('',(#2577),#2581);
#2577 = LINE('',#2578,#2579);
#2578 = CARTESIAN_POINT('',(0.,0.));
#2579 = VECTOR('',#2580,1.);
#2580 = DIRECTION('',(1.,0.));
#2581 = ( GEOMETRIC_REPRESENTATION_CONTEXT(2) 
PARAMETRIC_REPRESENTATION_CONTEXT() REPRESENTATION_CONTEXT('2D SPACE',''
  ) );
#2582 = PCURVE('',#2583,#2588);
#2583 = PLANE('',#2584);
#2584 = AXIS2_PLACEMENT_3D('',#2585,#2586,#2587);
#2585 = CARTESIAN_POINT('',(0.4,-1.6,-3.08572171572E-34));
#2586 = DIRECTION('',(1.110223024625E-16,-1.232595164408E-32,1.));
#2587 = DIRECTION('',(1.,-1.110223024625E-16,-1.110223024625E-16));
#2588 = DEFINITIONAL_REPRESENTATION('',(#2589),#2597);
#2589 = ( BOUNDED_CURVE() B_SPLINE_CURVE(2,(#2590,#2591,#2592,#2593,
#2594,#2595,#2596),.UNSPECIFIED.,.T.,.F.) B_SPLINE_CURVE_WITH_KNOTS((1,2
    ,2,2,2,1),(-2.094395102393,0.,2.094395102393,4.188790204786,
6.28318530718,8.377580409573),.UNSPECIFIED.) CURVE() 
GEOMETRIC_REPRESENTATION_ITEM() RATIONAL_B_SPLINE_CURVE((1.,0.5,1.,0.5,
1.,0.5,1.)) REPRESENTATION_ITEM('') );
#2590 = CARTESIAN_POINT('',(0.,0.15));
#2591 = CARTESIAN_POINT('',(0.259807621135,0.15));
#2592 = CARTESIAN_POINT('',(0.129903810568,-7.5E-02));
#2593 = CARTESIAN_POINT('',(3.673940397442E-17,-0.3));
#2594 = CARTESIAN_POINT('',(-0.129903810568,-7.5E-02));
#2595 = CARTESIAN_POINT('',(-0.259807621135,0.15));
#2596 = CARTESIAN_POINT('',(0.,0.15));
#2597 = ( GEOMETRIC_REPRESENTATION_CONTEXT(2) 
PARAMETRIC_REPRESENTATION_CONTEXT() REPRESENTATION_CONTEXT('2D SPACE',''
  ) );
#2598 = ADVANCED_FACE('',(#2599),#2555,.T.);
#2599 = FACE_BOUND('',#2600,.T.);
#2600 = EDGE_LOOP('',(#2601,#2625,#2652,#2653));
#2601 = ORIENTED_EDGE('',*,*,#2602,.T.);
#2602 = EDGE_CURVE('',#2513,#2603,#2605,.T.);
#2603 = VERTEX_POINT('',#2604);
#2604 = CARTESIAN_POINT('',(0.4,1.45,-7.5));
#2605 = SEAM_CURVE('',#2606,(#2611,#2618),.PCURVE_S1.);
#2606 = CIRCLE('',#2607,1.45);
#2607 = AXIS2_PLACEMENT_3D('',#2608,#2609,#2610);
#2608 = CARTESIAN_POINT('',(0.4,2.22044604925E-16,-7.5));
#2609 = DIRECTION('',(1.,-1.110223024625E-16,-1.110223024625E-16));
#2610 = DIRECTION('',(-1.110223024625E-16,-1.,0.));
#2611 = PCURVE('',#2555,#2612);
#2612 = DEFINITIONAL_REPRESENTATION('',(#2613),#2617);
#2613 = LINE('',#2614,#2615);
#2614 = CARTESIAN_POINT('',(0.,3.14159265359));
#2615 = VECTOR('',#2616,1.);
#2616 = DIRECTION('',(1.,0.));
#2617 = ( GEOMETRIC_REPRESENTATION_CONTEXT(2) 
PARAMETRIC_REPRESENTATION_CONTEXT() REPRESENTATION_CONTEXT('2D SPACE',''
  ) );
#2618 = PCURVE('',#2555,#2619);
#2619 = DEFINITIONAL_REPRESENTATION('',(#2620),#2624);
#2620 = LINE('',#2621,#2622);
#2621 = CARTESIAN_POINT('',(0.,9.424777960769));
#2622 = VECTOR('',#2623,1.);
#2623 = DIRECTION('',(1.,0.));
#2624 = ( GEOMETRIC_REPRESENTATION_CONTEXT(2) 
PARAMETRIC_REPRESENTATION_CONTEXT() REPRESENTATION_CONTEXT('2D SPACE',''
  ) );
#2625 = ORIENTED_EDGE('',*,*,#2626,.T.);
#2626 = EDGE_CURVE('',#2603,#2603,#2627,.T.);
#2627 = SURFACE_CURVE('',#2628,(#2633,#2640),.PCURVE_S1.);
#2628 = CIRCLE('',#2629,0.15);
#2629 = AXIS2_PLACEMENT_3D('',#2630,#2631,#2632);
#2630 = CARTESIAN_POINT('',(0.4,1.6,-7.5));
#2631 = DIRECTION('',(-1.110223024625E-16,-1.224646799147E-16,-1.));
#2632 = DIRECTION('',(1.110223024625E-16,1.,-1.224646799147E-16));
#2633 = PCURVE('',#2555,#2634);
#2634 = DEFINITIONAL_REPRESENTATION('',(#2635),#2639);
#2635 = LINE('',#2636,#2637);
#2636 = CARTESIAN_POINT('',(3.14159265359,0.));
#2637 = VECTOR('',#2638,1.);
#2638 = DIRECTION('',(0.,1.));
#2639 = ( GEOMETRIC_REPRESENTATION_CONTEXT(2) 
PARAMETRIC_REPRESENTATION_CONTEXT() REPRESENTATION_CONTEXT('2D SPACE',''
  ) );
#2640 = PCURVE('',#2641,#2646);
#2641 = CYLINDRICAL_SURFACE('',#2642,0.15);
#2642 = AXIS2_PLACEMENT_3D('',#2643,#2644,#2645);
#2643 = CARTESIAN_POINT('',(0.4,1.6,-7.5));
#2644 = DIRECTION('',(1.110223024625E-16,-1.232595164408E-32,1.));
#2645 = DIRECTION('',(-1.110223024625E-16,-1.,0.));
#2646 = DEFINITIONAL_REPRESENTATION('',(#2647),#2651);
#2647 = LINE('',#2648,#2649);
#2648 = CARTESIAN_POINT('',(9.424777960769,0.));
#2649 = VECTOR('',#2650,1.);
#2650 = DIRECTION('',(-1.,-0.));
#2651 = ( GEOMETRIC_REPRESENTATION_CONTEXT(2) 
PARAMETRIC_REPRESENTATION_CONTEXT() REPRESENTATION_CONTEXT('2D SPACE',''
  ) );
#2652 = ORIENTED_EDGE('',*,*,#2602,.F.);
#2653 = ORIENTED_EDGE('',*,*,#2540,.T.);
#2654 = ADVANCED_FACE('',(#2655),#2641,.T.);
#2655 = FACE_BOUND('',#2656,.T.);
#2656 = EDGE_LOOP('',(#2657,#2680,#2711,#2712));
#2657 = ORIENTED_EDGE('',*,*,#2658,.T.);
#2658 = EDGE_CURVE('',#2603,#2659,#2661,.T.);
#2659 = VERTEX_POINT('',#2660);
#2660 = CARTESIAN_POINT('',(0.4,1.45,0.));
#2661 = SEAM_CURVE('',#2662,(#2666,#2673),.PCURVE_S1.);
#2662 = LINE('',#2663,#2664);
#2663 = CARTESIAN_POINT('',(0.4,1.45,-7.5));
#2664 = VECTOR('',#2665,1.);
#2665 = DIRECTION('',(1.110223024625E-16,-1.232595164408E-32,1.));
#2666 = PCURVE('',#2641,#2667);
#2667 = DEFINITIONAL_REPRESENTATION('',(#2668),#2672);
#2668 = LINE('',#2669,#2670);
#2669 = CARTESIAN_POINT('',(6.28318530718,0.));
#2670 = VECTOR('',#2671,1.);
#2671 = DIRECTION('',(0.,1.));
#2672 = ( GEOMETRIC_REPRESENTATION_CONTEXT(2) 
PARAMETRIC_REPRESENTATION_CONTEXT() REPRESENTATION_CONTEXT('2D SPACE',''
  ) );
#2673 = PCURVE('',#2641,#2674);
#2674 = DEFINITIONAL_REPRESENTATION('',(#2675),#2679);
#2675 = LINE('',#2676,#2677);
#2676 = CARTESIAN_POINT('',(0.,0.));
#2677 = VECTOR('',#2678,1.);
#2678 = DIRECTION('',(0.,1.));
#2679 = ( GEOMETRIC_REPRESENTATION_CONTEXT(2) 
PARAMETRIC_REPRESENTATION_CONTEXT() REPRESENTATION_CONTEXT('2D SPACE',''
  ) );
#2680 = ORIENTED_EDGE('',*,*,#2681,.F.);
#2681 = EDGE_CURVE('',#2659,#2659,#2682,.T.);
#2682 = SURFACE_CURVE('',#2683,(#2688,#2695),.PCURVE_S1.);
#2683 = CIRCLE('',#2684,0.15);
#2684 = AXIS2_PLACEMENT_3D('',#2685,#2686,#2687);
#2685 = CARTESIAN_POINT('',(0.4,1.6,0.));
#2686 = DIRECTION('',(1.110223024625E-16,-1.232595164408E-32,1.));
#2687 = DIRECTION('',(-1.110223024625E-16,-1.,0.));
#2688 = PCURVE('',#2641,#2689);
#2689 = DEFINITIONAL_REPRESENTATION('',(#2690),#2694);
#2690 = LINE('',#2691,#2692);
#2691 = CARTESIAN_POINT('',(0.,7.5));
#2692 = VECTOR('',#2693,1.);
#2693 = DIRECTION('',(1.,0.));
#2694 = ( GEOMETRIC_REPRESENTATION_CONTEXT(2) 
PARAMETRIC_REPRESENTATION_CONTEXT() REPRESENTATION_CONTEXT('2D SPACE',''
  ) );
#2695 = PCURVE('',#2696,#2701);
#2696 = PLANE('',#2697);
#2697 = AXIS2_PLACEMENT_3D('',#2698,#2699,#2700);
#2698 = CARTESIAN_POINT('',(0.4,1.6,-1.296959879867E-33));
#2699 = DIRECTION('',(-1.110223024625E-16,1.232595164408E-32,-1.));
#2700 = DIRECTION('',(-1.,1.110223024625E-16,1.110223024625E-16));
#2701 = DEFINITIONAL_REPRESENTATION('',(#2702),#2710);
#2702 = ( BOUNDED_CURVE() B_SPLINE_CURVE(2,(#2703,#2704,#2705,#2706,
#2707,#2708,#2709),.UNSPECIFIED.,.T.,.F.) B_SPLINE_CURVE_WITH_KNOTS((1,2
    ,2,2,2,1),(-2.094395102393,0.,2.094395102393,4.188790204786,
6.28318530718,8.377580409573),.UNSPECIFIED.) CURVE() 
GEOMETRIC_REPRESENTATION_ITEM() RATIONAL_B_SPLINE_CURVE((1.,0.5,1.,0.5,
1.,0.5,1.)) REPRESENTATION_ITEM('') );
#2703 = CARTESIAN_POINT('',(5.551115123126E-17,-0.15));
#2704 = CARTESIAN_POINT('',(-0.259807621135,-0.15));
#2705 = CARTESIAN_POINT('',(-0.129903810568,7.5E-02));
#2706 = CARTESIAN_POINT('',(1.877174725684E-17,0.3));
#2707 = CARTESIAN_POINT('',(0.129903810568,7.5E-02));
#2708 = CARTESIAN_POINT('',(0.259807621135,-0.15));
#2709 = CARTESIAN_POINT('',(5.551115123126E-17,-0.15));
#2710 = ( GEOMETRIC_REPRESENTATION_CONTEXT(2) 
PARAMETRIC_REPRESENTATION_CONTEXT() REPRESENTATION_CONTEXT('2D SPACE',''
  ) );
#2711 = ORIENTED_EDGE('',*,*,#2658,.F.);
#2712 = ORIENTED_EDGE('',*,*,#2626,.F.);
#2713 = ADVANCED_FACE('',(#2714),#2583,.T.);
#2714 = FACE_BOUND('',#2715,.T.);
#2715 = EDGE_LOOP('',(#2716));
#2716 = ORIENTED_EDGE('',*,*,#2568,.F.);
#2717 = ADVANCED_FACE('',(#2718),#2696,.F.);
#2718 = FACE_BOUND('',#2719,.F.);
#2719 = EDGE_LOOP('',(#2720));
#2720 = ORIENTED_EDGE('',*,*,#2681,.F.);
#2721 = ( GEOMETRIC_REPRESENTATION_CONTEXT(3) 
GLOBAL_UNCERTAINTY_ASSIGNED_CONTEXT((#2725)) 
GLOBAL_UNIT_ASSIGNED_CONTEXT((#2722,#2723,#2724)) REPRESENTATION_CONTEXT
('Context #1','3D Context with UNIT and UNCERTAINTY') );
#2722 = ( LENGTH_UNIT() NAMED_UNIT(*) SI_UNIT(.MILLI.,.METRE.) );
#2723 = ( NAMED_UNIT(*) PLANE_ANGLE_UNIT() SI_UNIT($,.RADIAN.) );
#2724 = ( NAMED_UNIT(*) SI_UNIT($,.STERADIAN.) SOLID_ANGLE_UNIT() );
#2725 = UNCERTAINTY_MEASURE_WITH_UNIT(LENGTH_MEASURE(1.E-07),#2722,
  'distance_accuracy_value','confusion accuracy');
#2726 = CONTEXT_DEPENDENT_SHAPE_REPRESENTATION(#2727,#2729);
#2727 = ( REPRESENTATION_RELATIONSHIP('','',#2503,#10) 
REPRESENTATION_RELATIONSHIP_WITH_TRANSFORMATION(#2728) 
SHAPE_REPRESENTATION_RELATIONSHIP() );
#2728 = ITEM_DEFINED_TRANSFORMATION('','',#11,#59);
#2729 = PRODUCT_DEFINITION_SHAPE('Placement','Placement of an item',
  #2730);
#2730 = NEXT_ASSEMBLY_USAGE_OCCURRENCE('674','pipe_6','',#5,#2498,$);
#2731 = PRODUCT_RELATED_PRODUCT_CATEGORY('part',$,(#2500));
#2732 = SHAPE_DEFINITION_REPRESENTATION(#2733,#2739);
#2733 = PRODUCT_DEFINITION_SHAPE('','',#2734);
#2734 = PRODUCT_DEFINITION('design','',#2735,#2738);
#2735 = PRODUCT_DEFINITION_FORMATION('','',#2736);
#2736 = PRODUCT('pipe_7','pipe_7','',(#2737));
#2737 = PRODUCT_CONTEXT('',#2,'mechanical');
#2738 = PRODUCT_DEFINITION_CONTEXT('part definition',#2,'design');
#2739 = ADVANCED_BREP_SHAPE_REPRESENTATION('',(#11,#2740),#2957);
#2740 = MANIFOLD_SOLID_BREP('',#2741);
#2741 = CLOSED_SHELL('',(#2742,#2834,#2890,#2949,#2953));
#2742 = ADVANCED_FACE('',(#2743),#2757,.T.);
#2743 = FACE_BOUND('',#2744,.T.);
#2744 = EDGE_LOOP('',(#2745,#2775,#2802,#2803));
#2745 = ORIENTED_EDGE('',*,*,#2746,.T.);
#2746 = EDGE_CURVE('',#2747,#2749,#2751,.T.);
#2747 = VERTEX_POINT('',#2748);
#2748 = CARTESIAN_POINT('',(-0.4,-1.45,0.));
#2749 = VERTEX_POINT('',#2750);
#2750 = CARTESIAN_POINT('',(-0.4,-1.45,-7.5));
#2751 = SEAM_CURVE('',#2752,(#2756,#2768),.PCURVE_S1.);
#2752 = LINE('',#2753,#2754);
#2753 = CARTESIAN_POINT('',(-0.4,-1.45,4.078893220341E-33));
#2754 = VECTOR('',#2755,1.);
#2755 = DIRECTION('',(-1.110223024625E-16,1.232595164408E-32,-1.));
#2756 = PCURVE('',#2757,#2762);
#2757 = CYLINDRICAL_SURFACE('',#2758,0.15);
#2758 = AXIS2_PLACEMENT_3D('',#2759,#2760,#2761);
#2759 = CARTESIAN_POINT('',(-0.4,-1.6,0.));
#2760 = DIRECTION('',(-1.110223024625E-16,1.232595164408E-32,-1.));
#2761 = DIRECTION('',(1.110223024625E-16,1.,0.));
#2762 = DEFINITIONAL_REPRESENTATION('',(#2763),#2767);
#2763 = LINE('',#2764,#2765);
#2764 = CARTESIAN_POINT('',(6.28318530718,0.));
#2765 = VECTOR('',#2766,1.);
#2766 = DIRECTION('',(0.,1.));
#2767 = ( GEOMETRIC_REPRESENTATION_CONTEXT(2) 
PARAMETRIC_REPRESENTATION_CONTEXT() REPRESENTATION_CONTEXT('2D SPACE',''
  ) );
#2768 = PCURVE('',#2757,#2769);
#2769 = DEFINITIONAL_REPRESENTATION('',(#2770),#2774);
#2770 = LINE('',#2771,#2772);
#2771 = CARTESIAN_POINT('',(0.,0.));
#2772 = VECTOR('',#2773,1.);
#2773 = DIRECTION('',(0.,1.));
#2774 = ( GEOMETRIC_REPRESENTATION_CONTEXT(2) 
PARAMETRIC_REPRESENTATION_CONTEXT() REPRESENTATION_CONTEXT('2D SPACE',''
  ) );
#2775 = ORIENTED_EDGE('',*,*,#2776,.F.);
#2776 = EDGE_CURVE('',#2749,#2749,#2777,.T.);
#2777 = SURFACE_CURVE('',#2778,(#2783,#2790),.PCURVE_S1.);
#2778 = CIRCLE('',#2779,0.15);
#2779 = AXIS2_PLACEMENT_3D('',#2780,#2781,#2782);
#2780 = CARTESIAN_POINT('',(-0.4,-1.6,-7.5));
#2781 = DIRECTION('',(-1.110223024625E-16,1.232595164408E-32,-1.));
#2782 = DIRECTION('',(1.110223024625E-16,1.,0.));
#2783 = PCURVE('',#2757,#2784);
#2784 = DEFINITIONAL_REPRESENTATION('',(#2785),#2789);
#2785 = LINE('',#2786,#2787);
#2786 = CARTESIAN_POINT('',(0.,7.5));
#2787 = VECTOR('',#2788,1.);
#2788 = DIRECTION('',(1.,0.));
#2789 = ( GEOMETRIC_REPRESENTATION_CONTEXT(2) 
PARAMETRIC_REPRESENTATION_CONTEXT() REPRESENTATION_CONTEXT('2D SPACE',''
  ) );
#2790 = PCURVE('',#2791,#2796);
#2791 = TOROIDAL_SURFACE('',#2792,1.6,0.15);
#2792 = AXIS2_PLACEMENT_3D('',#2793,#2794,#2795);
#2793 = CARTESIAN_POINT('',(-0.4,2.22044604925E-16,-7.5));
#2794 = DIRECTION('',(1.,-1.110223024625E-16,-1.110223024625E-16));
#2795 = DIRECTION('',(-1.110223024625E-16,-1.,0.));
#2796 = DEFINITIONAL_REPRESENTATION('',(#2797),#2801);
#2797 = LINE('',#2798,#2799);
#2798 = CARTESIAN_POINT('',(0.,9.424777960769));
#2799 = VECTOR('',#2800,1.);
#2800 = DIRECTION('',(-0.,-1.));
#2801 = ( GEOMETRIC_REPRESENTATION_CONTEXT(2) 
PARAMETRIC_REPRESENTATION_CONTEXT() REPRESENTATION_CONTEXT('2D SPACE',''
  ) );
#2802 = ORIENTED_EDGE('',*,*,#2746,.F.);
#2803 = ORIENTED_EDGE('',*,*,#2804,.T.);
#2804 = EDGE_CURVE('',#2747,#2747,#2805,.T.);
#2805 = SURFACE_CURVE('',#2806,(#2811,#2818),.PCURVE_S1.);
#2806 = CIRCLE('',#2807,0.15);
#2807 = AXIS2_PLACEMENT_3D('',#2808,#2809,#2810);
#2808 = CARTESIAN_POINT('',(-0.4,-1.6,0.));
#2809 = DIRECTION('',(-1.110223024625E-16,1.232595164408E-32,-1.));
#2810 = DIRECTION('',(1.110223024625E-16,1.,0.));
#2811 = PCURVE('',#2757,#2812);
#2812 = DEFINITIONAL_REPRESENTATION('',(#2813),#2817);
#2813 = LINE('',#2814,#2815);
#2814 = CARTESIAN_POINT('',(0.,0.));
#2815 = VECTOR('',#2816,1.);
#2816 = DIRECTION('',(1.,0.));
#2817 = ( GEOMETRIC_REPRESENTATION_CONTEXT(2) 
PARAMETRIC_REPRESENTATION_CONTEXT() REPRESENTATION_CONTEXT('2D SPACE',''
  ) );
#2818 = PCURVE('',#2819,#2824);
#2819 = PLANE('',#2820);
#2820 = AXIS2_PLACEMENT_3D('',#2821,#2822,#2823);
#2821 = CARTESIAN_POINT('',(-0.4,-1.6,-3.08572171572E-34));
#2822 = DIRECTION('',(1.110223024625E-16,-1.232595164408E-32,1.));
#2823 = DIRECTION('',(1.,-1.110223024625E-16,-1.110223024625E-16));
#2824 = DEFINITIONAL_REPRESENTATION('',(#2825),#2833);
#2825 = ( BOUNDED_CURVE() B_SPLINE_CURVE(2,(#2826,#2827,#2828,#2829,
#2830,#2831,#2832),.UNSPECIFIED.,.T.,.F.) B_SPLINE_CURVE_WITH_KNOTS((1,2
    ,2,2,2,1),(-2.094395102393,0.,2.094395102393,4.188790204786,
6.28318530718,8.377580409573),.UNSPECIFIED.) CURVE() 
GEOMETRIC_REPRESENTATION_ITEM() RATIONAL_B_SPLINE_CURVE((1.,0.5,1.,0.5,
1.,0.5,1.)) REPRESENTATION_ITEM('') );
#2826 = CARTESIAN_POINT('',(0.,0.15));
#2827 = CARTESIAN_POINT('',(0.259807621135,0.15));
#2828 = CARTESIAN_POINT('',(0.129903810568,-7.5E-02));
#2829 = CARTESIAN_POINT('',(3.673940397442E-17,-0.3));
#2830 = CARTESIAN_POINT('',(-0.129903810568,-7.5E-02));
#2831 = CARTESIAN_POINT('',(-0.259807621135,0.15));
#2832 = CARTESIAN_POINT('',(0.,0.15));
#2833 = ( GEOMETRIC_REPRESENTATION_CONTEXT(2) 
PARAMETRIC_REPRESENTATION_CONTEXT() REPRESENTATION_CONTEXT('2D SPACE',''
  ) );
#2834 = ADVANCED_FACE('',(#2835),#2791,.T.);
#2835 = FACE_BOUND('',#2836,.T.);
#2836 = EDGE_LOOP('',(#2837,#2861,#2888,#2889));
#2837 = ORIENTED_EDGE('',*,*,#2838,.T.);
#2838 = EDGE_CURVE('',#2749,#2839,#2841,.T.);
#2839 = VERTEX_POINT('',#2840);
#2840 = CARTESIAN_POINT('',(-0.4,1.45,-7.5));
#2841 = SEAM_CURVE('',#2842,(#2847,#2854),.PCURVE_S1.);
#2842 = CIRCLE('',#2843,1.45);
#2843 = AXIS2_PLACEMENT_3D('',#2844,#2845,#2846);
#2844 = CARTESIAN_POINT('',(-0.4,2.22044604925E-16,-7.5));
#2845 = DIRECTION('',(1.,-1.110223024625E-16,-1.110223024625E-16));
#2846 = DIRECTION('',(-1.110223024625E-16,-1.,0.));
#2847 = PCURVE('',#2791,#2848);
#2848 = DEFINITIONAL_REPRESENTATION('',(#2849),#2853);
#2849 = LINE('',#2850,#2851);
#2850 = CARTESIAN_POINT('',(0.,3.14159265359));
#2851 = VECTOR('',#2852,1.);
#2852 = DIRECTION('',(1.,0.));
#2853 = ( GEOMETRIC_REPRESENTATION_CONTEXT(2) 
PARAMETRIC_REPRESENTATION_CONTEXT() REPRESENTATION_CONTEXT('2D SPACE',''
  ) );
#2854 = PCURVE('',#2791,#2855);
#2855 = DEFINITIONAL_REPRESENTATION('',(#2856),#2860);
#2856 = LINE('',#2857,#2858);
#2857 = CARTESIAN_POINT('',(0.,9.424777960769));
#2858 = VECTOR('',#2859,1.);
#2859 = DIRECTION('',(1.,0.));
#2860 = ( GEOMETRIC_REPRESENTATION_CONTEXT(2) 
PARAMETRIC_REPRESENTATION_CONTEXT() REPRESENTATION_CONTEXT('2D SPACE',''
  ) );
#2861 = ORIENTED_EDGE('',*,*,#2862,.T.);
#2862 = EDGE_CURVE('',#2839,#2839,#2863,.T.);
#2863 = SURFACE_CURVE('',#2864,(#2869,#2876),.PCURVE_S1.);
#2864 = CIRCLE('',#2865,0.15);
#2865 = AXIS2_PLACEMENT_3D('',#2866,#2867,#2868);
#2866 = CARTESIAN_POINT('',(-0.4,1.6,-7.5));
#2867 = DIRECTION('',(-1.110223024625E-16,-1.224646799147E-16,-1.));
#2868 = DIRECTION('',(1.110223024625E-16,1.,-1.224646799147E-16));
#2869 = PCURVE('',#2791,#2870);
#2870 = DEFINITIONAL_REPRESENTATION('',(#2871),#2875);
#2871 = LINE('',#2872,#2873);
#2872 = CARTESIAN_POINT('',(3.14159265359,0.));
#2873 = VECTOR('',#2874,1.);
#2874 = DIRECTION('',(0.,1.));
#2875 = ( GEOMETRIC_REPRESENTATION_CONTEXT(2) 
PARAMETRIC_REPRESENTATION_CONTEXT() REPRESENTATION_CONTEXT('2D SPACE',''
  ) );
#2876 = PCURVE('',#2877,#2882);
#2877 = CYLINDRICAL_SURFACE('',#2878,0.15);
#2878 = AXIS2_PLACEMENT_3D('',#2879,#2880,#2881);
#2879 = CARTESIAN_POINT('',(-0.4,1.6,-7.5));
#2880 = DIRECTION('',(1.110223024625E-16,-1.232595164408E-32,1.));
#2881 = DIRECTION('',(-1.110223024625E-16,-1.,0.));
#2882 = DEFINITIONAL_REPRESENTATION('',(#2883),#2887);
#2883 = LINE('',#2884,#2885);
#2884 = CARTESIAN_POINT('',(9.424777960769,0.));
#2885 = VECTOR('',#2886,1.);
#2886 = DIRECTION('',(-1.,-0.));
#2887 = ( GEOMETRIC_REPRESENTATION_CONTEXT(2) 
PARAMETRIC_REPRESENTATION_CONTEXT() REPRESENTATION_CONTEXT('2D SPACE',''
  ) );
#2888 = ORIENTED_EDGE('',*,*,#2838,.F.);
#2889 = ORIENTED_EDGE('',*,*,#2776,.T.);
#2890 = ADVANCED_FACE('',(#2891),#2877,.T.);
#2891 = FACE_BOUND('',#2892,.T.);
#2892 = EDGE_LOOP('',(#2893,#2916,#2947,#2948));
#2893 = ORIENTED_EDGE('',*,*,#2894,.T.);
#2894 = EDGE_CURVE('',#2839,#2895,#2897,.T.);
#2895 = VERTEX_POINT('',#2896);
#2896 = CARTESIAN_POINT('',(-0.4,1.45,0.));
#2897 = SEAM_CURVE('',#2898,(#2902,#2909),.PCURVE_S1.);
#2898 = LINE('',#2899,#2900);
#2899 = CARTESIAN_POINT('',(-0.4,1.45,-7.5));
#2900 = VECTOR('',#2901,1.);
#2901 = DIRECTION('',(1.110223024625E-16,-1.232595164408E-32,1.));
#2902 = PCURVE('',#2877,#2903);
#2903 = DEFINITIONAL_REPRESENTATION('',(#2904),#2908);
#2904 = LINE('',#2905,#2906);
#2905 = CARTESIAN_POINT('',(6.28318530718,0.));
#2906 = VECTOR('',#2907,1.);
#2907 = DIRECTION('',(0.,1.));
#2908 = ( GEOMETRIC_REPRESENTATION_CONTEXT(2) 
PARAMETRIC_REPRESENTATION_CONTEXT() REPRESENTATION_CONTEXT('2D SPACE',''
  ) );
#2909 = PCURVE('',#2877,#2910);
#2910 = DEFINITIONAL_REPRESENTATION('',(#2911),#2915);
#2911 = LINE('',#2912,#2913);
#2912 = CARTESIAN_POINT('',(0.,0.));
#2913 = VECTOR('',#2914,1.);
#2914 = DIRECTION('',(0.,1.));
#2915 = ( GEOMETRIC_REPRESENTATION_CONTEXT(2) 
PARAMETRIC_REPRESENTATION_CONTEXT() REPRESENTATION_CONTEXT('2D SPACE',''
  ) );
#2916 = ORIENTED_EDGE('',*,*,#2917,.F.);
#2917 = EDGE_CURVE('',#2895,#2895,#2918,.T.);
#2918 = SURFACE_CURVE('',#2919,(#2924,#2931),.PCURVE_S1.);
#2919 = CIRCLE('',#2920,0.15);
#2920 = AXIS2_PLACEMENT_3D('',#2921,#2922,#2923);
#2921 = CARTESIAN_POINT('',(-0.4,1.6,0.));
#2922 = DIRECTION('',(1.110223024625E-16,-1.232595164408E-32,1.));
#2923 = DIRECTION('',(-1.110223024625E-16,-1.,0.));
#2924 = PCURVE('',#2877,#2925);
#2925 = DEFINITIONAL_REPRESENTATION('',(#2926),#2930);
#2926 = LINE('',#2927,#2928);
#2927 = CARTESIAN_POINT('',(0.,7.5));
#2928 = VECTOR('',#2929,1.);
#2929 = DIRECTION('',(1.,0.));
#2930 = ( GEOMETRIC_REPRESENTATION_CONTEXT(2) 
PARAMETRIC_REPRESENTATION_CONTEXT() REPRESENTATION_CONTEXT('2D SPACE',''
  ) );
#2931 = PCURVE('',#2932,#2937);
#2932 = PLANE('',#2933);
#2933 = AXIS2_PLACEMENT_3D('',#2934,#2935,#2936);
#2934 = CARTESIAN_POINT('',(-0.4,1.6,-1.296959879867E-33));
#2935 = DIRECTION('',(-1.110223024625E-16,1.232595164408E-32,-1.));
#2936 = DIRECTION('',(-1.,1.110223024625E-16,1.110223024625E-16));
#2937 = DEFINITIONAL_REPRESENTATION('',(#2938),#2946);
#2938 = ( BOUNDED_CURVE() B_SPLINE_CURVE(2,(#2939,#2940,#2941,#2942,
#2943,#2944,#2945),.UNSPECIFIED.,.T.,.F.) B_SPLINE_CURVE_WITH_KNOTS((1,2
    ,2,2,2,1),(-2.094395102393,0.,2.094395102393,4.188790204786,
6.28318530718,8.377580409573),.UNSPECIFIED.) CURVE() 
GEOMETRIC_REPRESENTATION_ITEM() RATIONAL_B_SPLINE_CURVE((1.,0.5,1.,0.5,
1.,0.5,1.)) REPRESENTATION_ITEM('') );
#2939 = CARTESIAN_POINT('',(5.551115123126E-17,-0.15));
#2940 = CARTESIAN_POINT('',(-0.259807621135,-0.15));
#2941 = CARTESIAN_POINT('',(-0.129903810568,7.5E-02));
#2942 = CARTESIAN_POINT('',(1.877174725684E-17,0.3));
#2943 = CARTESIAN_POINT('',(0.129903810568,7.5E-02));
#2944 = CARTESIAN_POINT('',(0.259807621135,-0.15));
#2945 = CARTESIAN_POINT('',(5.551115123126E-17,-0.15));
#2946 = ( GEOMETRIC_REPRESENTATION_CONTEXT(2) 
PARAMETRIC_REPRESENTATION_CONTEXT() REPRESENTATION_CONTEXT('2D SPACE',''
  ) );
#2947 = ORIENTED_EDGE('',*,*,#2894,.F.);
#2948 = ORIENTED_EDGE('',*,*,#2862,.F.);
#2949 = ADVANCED_FACE('',(#2950),#2819,.T.);
#2950 = FACE_BOUND('',#2951,.T.);
#2951 = EDGE_LOOP('',(#2952));
#2952 = ORIENTED_EDGE('',*,*,#2804,.F.);
#2953 = ADVANCED_FACE('',(#2954),#2932,.F.);
#2954 = FACE_BOUND('',#2955,.F.);
#2955 = EDGE_LOOP('',(#2956));
#2956 = ORIENTED_EDGE('',*,*,#2917,.F.);
#2957 = ( GEOMETRIC_REPRESENTATION_CONTEXT(3) 
GLOBAL_UNCERTAINTY_ASSIGNED_CONTEXT((#2961)) 
GLOBAL_UNIT_ASSIGNED_CONTEXT((#2958,#2959,#2960)) REPRESENTATION_CONTEXT
('Context #1','3D Context with UNIT and UNCERTAINTY') );
#2958 = ( LENGTH_UNIT() NAMED_UNIT(*) SI_UNIT(.MILLI.,.METRE.) );
#2959 = ( NAMED_UNIT(*) PLANE_ANGLE_UNIT() SI_UNIT($,.RADIAN.) );
#2960 = ( NAMED_UNIT(*) SI_UNIT($,.STERADIAN.) SOLID_ANGLE_UNIT() );
#2961 = UNCERTAINTY_MEASURE_WITH_UNIT(LENGTH_MEASURE(1.E-07),#2958,
  'distance_accuracy_value','confusion accuracy');
#2962 = CONTEXT_DEPENDENT_SHAPE_REPRESENTATION(#2963,#2965);
#2963 = ( REPRESENTATION_RELATIONSHIP('','',#2739,#10) 
REPRESENTATION_RELATIONSHIP_WITH_TRANSFORMATION(#2964) 
SHAPE_REPRESENTATION_RELATIONSHIP() );
#2964 = ITEM_DEFINED_TRANSFORMATION('','',#11,#63);
#2965 = PRODUCT_DEFINITION_SHAPE('Placement','Placement of an item',
  #2966);
#2966 = NEXT_ASSEMBLY_USAGE_OCCURRENCE('675','pipe_7','',#5,#2734,$);
#2967 = PRODUCT_RELATED_PRODUCT_CATEGORY('part',$,(#2736));
#2968 = SHAPE_DEFINITION_REPRESENTATION(#2969,#2975);
#2969 = PRODUCT_DEFINITION_SHAPE('','',#2970);
#2970 = PRODUCT_DEFINITION('design','',#2971,#2974);
#2971 = PRODUCT_DEFINITION_FORMATION('','',#2972);
#2972 = PRODUCT('pipe_8','pipe_8','',(#2973));
#2973 = PRODUCT_CONTEXT('',#2,'mechanical');
#2974 = PRODUCT_DEFINITION_CONTEXT('part definition',#2,'design');
#2975 = ADVANCED_BREP_SHAPE_REPRESENTATION('',(#11,#2976),#3193);
#2976 = MANIFOLD_SOLID_BREP('',#2977);
#2977 = CLOSED_SHELL('',(#2978,#3070,#3126,#3185,#3189));
#2978 = ADVANCED_FACE('',(#2979),#2993,.T.);
#2979 = FACE_BOUND('',#2980,.T.);
#2980 = EDGE_LOOP('',(#2981,#3011,#3038,#3039));
#2981 = ORIENTED_EDGE('',*,*,#2982,.T.);
#2982 = EDGE_CURVE('',#2983,#2985,#2987,.T.);
#2983 = VERTEX_POINT('',#2984);
#2984 = CARTESIAN_POINT('',(1.,-0.25,0.));
#2985 = VERTEX_POINT('',#2986);
#2986 = CARTESIAN_POINT('',(1.,-0.25,-5.));
#2987 = SEAM_CURVE('',#2988,(#2992,#3004),.PCURVE_S1.);
#2988 = LINE('',#2989,#2990);
#2989 = CARTESIAN_POINT('',(1.,-0.25,4.078893220341E-33));
#2990 = VECTOR('',#2991,1.);
#2991 = DIRECTION('',(-1.110223024625E-16,1.232595164408E-32,-1.));
#2992 = PCURVE('',#2993,#2998);
#2993 = CYLINDRICAL_SURFACE('',#2994,0.15);
#2994 = AXIS2_PLACEMENT_3D('',#2995,#2996,#2997);
#2995 = CARTESIAN_POINT('',(1.,-0.4,0.));
#2996 = DIRECTION('',(-1.110223024625E-16,1.232595164408E-32,-1.));
#2997 = DIRECTION('',(1.110223024625E-16,1.,0.));
#2998 = DEFINITIONAL_REPRESENTATION('',(#2999),#3003);
#2999 = LINE('',#3000,#3001);
#3000 = CARTESIAN_POINT('',(6.28318530718,0.));
#3001 = VECTOR('',#3002,1.);
#3002 = DIRECTION('',(0.,1.));
#3003 = ( GEOMETRIC_REPRESENTATION_CONTEXT(2) 
PARAMETRIC_REPRESENTATION_CONTEXT() REPRESENTATION_CONTEXT('2D SPACE',''
  ) );
#3004 = PCURVE('',#2993,#3005);
#3005 = DEFINITIONAL_REPRESENTATION('',(#3006),#3010);
#3006 = LINE('',#3007,#3008);
#3007 = CARTESIAN_POINT('',(0.,0.));
#3008 = VECTOR('',#3009,1.);
#3009 = DIRECTION('',(0.,1.));
#3010 = ( GEOMETRIC_REPRESENTATION_CONTEXT(2) 
PARAMETRIC_REPRESENTATION_CONTEXT() REPRESENTATION_CONTEXT('2D SPACE',''
  ) );
#3011 = ORIENTED_EDGE('',*,*,#3012,.F.);
#3012 = EDGE_CURVE('',#2985,#2985,#3013,.T.);
#3013 = SURFACE_CURVE('',#3014,(#3019,#3026),.PCURVE_S1.);
#3014 = CIRCLE('',#3015,0.15);
#3015 = AXIS2_PLACEMENT_3D('',#3016,#3017,#3018);
#3016 = CARTESIAN_POINT('',(1.,-0.4,-5.));
#3017 = DIRECTION('',(-1.110223024625E-16,1.232595164408E-32,-1.));
#3018 = DIRECTION('',(1.110223024625E-16,1.,0.));
#3019 = PCURVE('',#2993,#3020);
#3020 = DEFINITIONAL_REPRESENTATION('',(#3021),#3025);
#3021 = LINE('',#3022,#3023);
#3022 = CARTESIAN_POINT('',(0.,5.));
#3023 = VECTOR('',#3024,1.);
#3024 = DIRECTION('',(1.,0.));
#3025 = ( GEOMETRIC_REPRESENTATION_CONTEXT(2) 
PARAMETRIC_REPRESENTATION_CONTEXT() REPRESENTATION_CONTEXT('2D SPACE',''
  ) );
#3026 = PCURVE('',#3027,#3032);
#3027 = TOROIDAL_SURFACE('',#3028,0.4,0.15);
#3028 = AXIS2_PLACEMENT_3D('',#3029,#3030,#3031);
#3029 = CARTESIAN_POINT('',(1.,5.551115123126E-17,-5.));
#3030 = DIRECTION('',(1.,-1.110223024625E-16,-1.110223024625E-16));
#3031 = DIRECTION('',(-1.110223024625E-16,-1.,0.));
#3032 = DEFINITIONAL_REPRESENTATION('',(#3033),#3037);
#3033 = LINE('',#3034,#3035);
#3034 = CARTESIAN_POINT('',(0.,9.424777960769));
#3035 = VECTOR('',#3036,1.);
#3036 = DIRECTION('',(-0.,-1.));
#3037 = ( GEOMETRIC_REPRESENTATION_CONTEXT(2) 
PARAMETRIC_REPRESENTATION_CONTEXT() REPRESENTATION_CONTEXT('2D SPACE',''
  ) );
#3038 = ORIENTED_EDGE('',*,*,#2982,.F.);
#3039 = ORIENTED_EDGE('',*,*,#3040,.T.);
#3040 = EDGE_CURVE('',#2983,#2983,#3041,.T.);
#3041 = SURFACE_CURVE('',#3042,(#3047,#3054),.PCURVE_S1.);
#3042 = CIRCLE('',#3043,0.15);
#3043 = AXIS2_PLACEMENT_3D('',#3044,#3045,#3046);
#3044 = CARTESIAN_POINT('',(1.,-0.4,0.));
#3045 = DIRECTION('',(-1.110223024625E-16,1.232595164408E-32,-1.));
#3046 = DIRECTION('',(1.110223024625E-16,1.,0.));
#3047 = PCURVE('',#2993,#3048);
#3048 = DEFINITIONAL_REPRESENTATION('',(#3049),#3053);
#3049 = LINE('',#3050,#3051);
#3050 = CARTESIAN_POINT('',(0.,0.));
#3051 = VECTOR('',#3052,1.);
#3052 = DIRECTION('',(1.,0.));
#3053 = ( GEOMETRIC_REPRESENTATION_CONTEXT(2) 
PARAMETRIC_REPRESENTATION_CONTEXT() REPRESENTATION_CONTEXT('2D SPACE',''
  ) );
#3054 = PCURVE('',#3055,#3060);
#3055 = PLANE('',#3056);
#3056 = AXIS2_PLACEMENT_3D('',#3057,#3058,#3059);
#3057 = CARTESIAN_POINT('',(1.,-0.4,-3.08572171572E-34));
#3058 = DIRECTION('',(1.110223024625E-16,-1.232595164408E-32,1.));
#3059 = DIRECTION('',(1.,-1.110223024625E-16,-1.110223024625E-16));
#3060 = DEFINITIONAL_REPRESENTATION('',(#3061),#3069);
#3061 = ( BOUNDED_CURVE() B_SPLINE_CURVE(2,(#3062,#3063,#3064,#3065,
#3066,#3067,#3068),.UNSPECIFIED.,.T.,.F.) B_SPLINE_CURVE_WITH_KNOTS((1,2
    ,2,2,2,1),(-2.094395102393,0.,2.094395102393,4.188790204786,
6.28318530718,8.377580409573),.UNSPECIFIED.) CURVE() 
GEOMETRIC_REPRESENTATION_ITEM() RATIONAL_B_SPLINE_CURVE((1.,0.5,1.,0.5,
1.,0.5,1.)) REPRESENTATION_ITEM('') );
#3062 = CARTESIAN_POINT('',(0.,0.15));
#3063 = CARTESIAN_POINT('',(0.259807621135,0.15));
#3064 = CARTESIAN_POINT('',(0.129903810568,-7.5E-02));
#3065 = CARTESIAN_POINT('',(3.673940397442E-17,-0.3));
#3066 = CARTESIAN_POINT('',(-0.129903810568,-7.5E-02));
#3067 = CARTESIAN_POINT('',(-0.259807621135,0.15));
#3068 = CARTESIAN_POINT('',(0.,0.15));
#3069 = ( GEOMETRIC_REPRESENTATION_CONTEXT(2) 
PARAMETRIC_REPRESENTATION_CONTEXT() REPRESENTATION_CONTEXT('2D SPACE',''
  ) );
#3070 = ADVANCED_FACE('',(#3071),#3027,.T.);
#3071 = FACE_BOUND('',#3072,.T.);
#3072 = EDGE_LOOP('',(#3073,#3097,#3124,#3125));
#3073 = ORIENTED_EDGE('',*,*,#3074,.T.);
#3074 = EDGE_CURVE('',#2985,#3075,#3077,.T.);
#3075 = VERTEX_POINT('',#3076);
#3076 = CARTESIAN_POINT('',(1.,0.25,-5.));
#3077 = SEAM_CURVE('',#3078,(#3083,#3090),.PCURVE_S1.);
#3078 = CIRCLE('',#3079,0.25);
#3079 = AXIS2_PLACEMENT_3D('',#3080,#3081,#3082);
#3080 = CARTESIAN_POINT('',(1.,5.551115123126E-17,-5.));
#3081 = DIRECTION('',(1.,-1.110223024625E-16,-1.110223024625E-16));
#3082 = DIRECTION('',(-1.110223024625E-16,-1.,0.));
#3083 = PCURVE('',#3027,#3084);
#3084 = DEFINITIONAL_REPRESENTATION('',(#3085),#3089);
#3085 = LINE('',#3086,#3087);
#3086 = CARTESIAN_POINT('',(0.,3.14159265359));
#3087 = VECTOR('',#3088,1.);
#3088 = DIRECTION('',(1.,0.));
#3089 = ( GEOMETRIC_REPRESENTATION_CONTEXT(2) 
PARAMETRIC_REPRESENTATION_CONTEXT() REPRESENTATION_CONTEXT('2D SPACE',''
  ) );
#3090 = PCURVE('',#3027,#3091);
#3091 = DEFINITIONAL_REPRESENTATION('',(#3092),#3096);
#3092 = LINE('',#3093,#3094);
#3093 = CARTESIAN_POINT('',(0.,9.424777960769));
#3094 = VECTOR('',#3095,1.);
#3095 = DIRECTION('',(1.,0.));
#3096 = ( GEOMETRIC_REPRESENTATION_CONTEXT(2) 
PARAMETRIC_REPRESENTATION_CONTEXT() REPRESENTATION_CONTEXT('2D SPACE',''
  ) );
#3097 = ORIENTED_EDGE('',*,*,#3098,.T.);
#3098 = EDGE_CURVE('',#3075,#3075,#3099,.T.);
#3099 = SURFACE_CURVE('',#3100,(#3105,#3112),.PCURVE_S1.);
#3100 = CIRCLE('',#3101,0.15);
#3101 = AXIS2_PLACEMENT_3D('',#3102,#3103,#3104);
#3102 = CARTESIAN_POINT('',(1.,0.4,-5.));
#3103 = DIRECTION('',(-1.110223024625E-16,-1.224646799147E-16,-1.));
#3104 = DIRECTION('',(1.110223024625E-16,1.,-1.224646799147E-16));
#3105 = PCURVE('',#3027,#3106);
#3106 = DEFINITIONAL_REPRESENTATION('',(#3107),#3111);
#3107 = LINE('',#3108,#3109);
#3108 = CARTESIAN_POINT('',(3.14159265359,0.));
#3109 = VECTOR('',#3110,1.);
#3110 = DIRECTION('',(0.,1.));
#3111 = ( GEOMETRIC_REPRESENTATION_CONTEXT(2) 
PARAMETRIC_REPRESENTATION_CONTEXT() REPRESENTATION_CONTEXT('2D SPACE',''
  ) );
#3112 = PCURVE('',#3113,#3118);
#3113 = CYLINDRICAL_SURFACE('',#3114,0.15);
#3114 = AXIS2_PLACEMENT_3D('',#3115,#3116,#3117);
#3115 = CARTESIAN_POINT('',(1.,0.4,-5.));
#3116 = DIRECTION('',(1.110223024625E-16,1.110223024625E-16,1.));
#3117 = DIRECTION('',(-1.110223024625E-16,-1.,1.110223024625E-16));
#3118 = DEFINITIONAL_REPRESENTATION('',(#3119),#3123);
#3119 = LINE('',#3120,#3121);
#3120 = CARTESIAN_POINT('',(9.424777960769,0.));
#3121 = VECTOR('',#3122,1.);
#3122 = DIRECTION('',(-1.,-0.));
#3123 = ( GEOMETRIC_REPRESENTATION_CONTEXT(2) 
PARAMETRIC_REPRESENTATION_CONTEXT() REPRESENTATION_CONTEXT('2D SPACE',''
  ) );
#3124 = ORIENTED_EDGE('',*,*,#3074,.F.);
#3125 = ORIENTED_EDGE('',*,*,#3012,.T.);
#3126 = ADVANCED_FACE('',(#3127),#3113,.T.);
#3127 = FACE_BOUND('',#3128,.T.);
#3128 = EDGE_LOOP('',(#3129,#3152,#3183,#3184));
#3129 = ORIENTED_EDGE('',*,*,#3130,.T.);
#3130 = EDGE_CURVE('',#3075,#3131,#3133,.T.);
#3131 = VERTEX_POINT('',#3132);
#3132 = CARTESIAN_POINT('',(1.,0.25,0.));
#3133 = SEAM_CURVE('',#3134,(#3138,#3145),.PCURVE_S1.);
#3134 = LINE('',#3135,#3136);
#3135 = CARTESIAN_POINT('',(1.,0.25,-5.));
#3136 = VECTOR('',#3137,1.);
#3137 = DIRECTION('',(1.110223024625E-16,1.110223024625E-16,1.));
#3138 = PCURVE('',#3113,#3139);
#3139 = DEFINITIONAL_REPRESENTATION('',(#3140),#3144);
#3140 = LINE('',#3141,#3142);
#3141 = CARTESIAN_POINT('',(6.28318530718,0.));
#3142 = VECTOR('',#3143,1.);
#3143 = DIRECTION('',(0.,1.));
#3144 = ( GEOMETRIC_REPRESENTATION_CONTEXT(2) 
PARAMETRIC_REPRESENTATION_CONTEXT() REPRESENTATION_CONTEXT('2D SPACE',''
  ) );
#3145 = PCURVE('',#3113,#3146);
#3146 = DEFINITIONAL_REPRESENTATION('',(#3147),#3151);
#3147 = LINE('',#3148,#3149);
#3148 = CARTESIAN_POINT('',(0.,0.));
#3149 = VECTOR('',#3150,1.);
#3150 = DIRECTION('',(0.,1.));
#3151 = ( GEOMETRIC_REPRESENTATION_CONTEXT(2) 
PARAMETRIC_REPRESENTATION_CONTEXT() REPRESENTATION_CONTEXT('2D SPACE',''
  ) );
#3152 = ORIENTED_EDGE('',*,*,#3153,.F.);
#3153 = EDGE_CURVE('',#3131,#3131,#3154,.T.);
#3154 = SURFACE_CURVE('',#3155,(#3160,#3167),.PCURVE_S1.);
#3155 = CIRCLE('',#3156,0.15);
#3156 = AXIS2_PLACEMENT_3D('',#3157,#3158,#3159);
#3157 = CARTESIAN_POINT('',(1.,0.4,0.));
#3158 = DIRECTION('',(1.110223024625E-16,1.110223024625E-16,1.));
#3159 = DIRECTION('',(-1.110223024625E-16,-1.,1.110223024625E-16));
#3160 = PCURVE('',#3113,#3161);
#3161 = DEFINITIONAL_REPRESENTATION('',(#3162),#3166);
#3162 = LINE('',#3163,#3164);
#3163 = CARTESIAN_POINT('',(0.,5.));
#3164 = VECTOR('',#3165,1.);
#3165 = DIRECTION('',(1.,0.));
#3166 = ( GEOMETRIC_REPRESENTATION_CONTEXT(2) 
PARAMETRIC_REPRESENTATION_CONTEXT() REPRESENTATION_CONTEXT('2D SPACE',''
  ) );
#3167 = PCURVE('',#3168,#3173);
#3168 = PLANE('',#3169);
#3169 = AXIS2_PLACEMENT_3D('',#3170,#3171,#3172);
#3170 = CARTESIAN_POINT('',(1.,0.4,-2.285347588163E-33));
#3171 = DIRECTION('',(-1.110223024625E-16,1.232595164408E-32,-1.));
#3172 = DIRECTION('',(-1.,1.110223024625E-16,1.110223024625E-16));
#3173 = DEFINITIONAL_REPRESENTATION('',(#3174),#3182);
#3174 = ( BOUNDED_CURVE() B_SPLINE_CURVE(2,(#3175,#3176,#3177,#3178,
#3179,#3180,#3181),.UNSPECIFIED.,.T.,.F.) B_SPLINE_CURVE_WITH_KNOTS((1,2
    ,2,2,2,1),(-2.094395102393,0.,2.094395102393,4.188790204786,
6.28318530718,8.377580409573),.UNSPECIFIED.) CURVE() 
GEOMETRIC_REPRESENTATION_ITEM() RATIONAL_B_SPLINE_CURVE((1.,0.5,1.,0.5,
1.,0.5,1.)) REPRESENTATION_ITEM('') );
#3175 = CARTESIAN_POINT('',(1.232595164408E-32,-0.15));
#3176 = CARTESIAN_POINT('',(-0.259807621135,-0.15));
#3177 = CARTESIAN_POINT('',(-0.129903810568,7.5E-02));
#3178 = CARTESIAN_POINT('',(-3.673940397442E-17,0.3));
#3179 = CARTESIAN_POINT('',(0.129903810568,7.5E-02));
#3180 = CARTESIAN_POINT('',(0.259807621135,-0.15));
#3181 = CARTESIAN_POINT('',(1.232595164408E-32,-0.15));
#3182 = ( GEOMETRIC_REPRESENTATION_CONTEXT(2) 
PARAMETRIC_REPRESENTATION_CONTEXT() REPRESENTATION_CONTEXT('2D SPACE',''
  ) );
#3183 = ORIENTED_EDGE('',*,*,#3130,.F.);
#3184 = ORIENTED_EDGE('',*,*,#3098,.F.);
#3185 = ADVANCED_FACE('',(#3186),#3055,.T.);
#3186 = FACE_BOUND('',#3187,.T.);
#3187 = EDGE_LOOP('',(#3188));
#3188 = ORIENTED_EDGE('',*,*,#3040,.F.);
#3189 = ADVANCED_FACE('',(#3190),#3168,.F.);
#3190 = FACE_BOUND('',#3191,.F.);
#3191 = EDGE_LOOP('',(#3192));
#3192 = ORIENTED_EDGE('',*,*,#3153,.F.);
#3193 = ( GEOMETRIC_REPRESENTATION_CONTEXT(3) 
GLOBAL_UNCERTAINTY_ASSIGNED_CONTEXT((#3197)) 
GLOBAL_UNIT_ASSIGNED_CONTEXT((#3194,#3195,#3196)) REPRESENTATION_CONTEXT
('Context #1','3D Context with UNIT and UNCERTAINTY') );
#3194 = ( LENGTH_UNIT() NAMED_UNIT(*) SI_UNIT(.MILLI.,.METRE.) );
#3195 = ( NAMED_UNIT(*) PLANE_ANGLE_UNIT() SI_UNIT($,.RADIAN.) );
#3196 = ( NAMED_UNIT(*) SI_UNIT($,.STERADIAN.) SOLID_ANGLE_UNIT() );
#3197 = UNCERTAINTY_MEASURE_WITH_UNIT(LENGTH_MEASURE(1.E-07),#3194,
  'distance_accuracy_value','confusion accuracy');
#3198 = CONTEXT_DEPENDENT_SHAPE_REPRESENTATION(#3199,#3201);
#3199 = ( REPRESENTATION_RELATIONSHIP('','',#2975,#10) 
REPRESENTATION_RELATIONSHIP_WITH_TRANSFORMATION(#3200) 
SHAPE_REPRESENTATION_RELATIONSHIP() );
#3200 = ITEM_DEFINED_TRANSFORMATION('','',#11,#67);
#3201 = PRODUCT_DEFINITION_SHAPE('Placement','Placement of an item',
  #3202);
#3202 = NEXT_ASSEMBLY_USAGE_OCCURRENCE('676','pipe_8','',#5,#2970,$);
#3203 = PRODUCT_RELATED_PRODUCT_CATEGORY('part',$,(#2972));
#3204 = SHAPE_DEFINITION_REPRESENTATION(#3205,#3211);
#3205 = PRODUCT_DEFINITION_SHAPE('','',#3206);
#3206 = PRODUCT_DEFINITION('design','',#3207,#3210);
#3207 = PRODUCT_DEFINITION_FORMATION('','',#3208);
#3208 = PRODUCT('pipe_9','pipe_9','',(#3209));
#3209 = PRODUCT_CONTEXT('',#2,'mechanical');
#3210 = PRODUCT_DEFINITION_CONTEXT('part definition',#2,'design');
#3211 = ADVANCED_BREP_SHAPE_REPRESENTATION('',(#11,#3212),#3429);
#3212 = MANIFOLD_SOLID_BREP('',#3213);
#3213 = CLOSED_SHELL('',(#3214,#3306,#3362,#3421,#3425));
#3214 = ADVANCED_FACE('',(#3215),#3229,.T.);
#3215 = FACE_BOUND('',#3216,.T.);
#3216 = EDGE_LOOP('',(#3217,#3247,#3274,#3275));
#3217 = ORIENTED_EDGE('',*,*,#3218,.T.);
#3218 = EDGE_CURVE('',#3219,#3221,#3223,.T.);
#3219 = VERTEX_POINT('',#3220);
#3220 = CARTESIAN_POINT('',(-1.,-0.25,0.));
#3221 = VERTEX_POINT('',#3222);
#3222 = CARTESIAN_POINT('',(-1.,-0.25,-5.));
#3223 = SEAM_CURVE('',#3224,(#3228,#3240),.PCURVE_S1.);
#3224 = LINE('',#3225,#3226);
#3225 = CARTESIAN_POINT('',(-1.,-0.25,4.078893220341E-33));
#3226 = VECTOR('',#3227,1.);
#3227 = DIRECTION('',(-1.110223024625E-16,1.232595164408E-32,-1.));
#3228 = PCURVE('',#3229,#3234);
#3229 = CYLINDRICAL_SURFACE('',#3230,0.15);
#3230 = AXIS2_PLACEMENT_3D('',#3231,#3232,#3233);
#3231 = CARTESIAN_POINT('',(-1.,-0.4,0.));
#3232 = DIRECTION('',(-1.110223024625E-16,1.232595164408E-32,-1.));
#3233 = DIRECTION('',(1.110223024625E-16,1.,0.));
#3234 = DEFINITIONAL_REPRESENTATION('',(#3235),#3239);
#3235 = LINE('',#3236,#3237);
#3236 = CARTESIAN_POINT('',(6.28318530718,0.));
#3237 = VECTOR('',#3238,1.);
#3238 = DIRECTION('',(0.,1.));
#3239 = ( GEOMETRIC_REPRESENTATION_CONTEXT(2) 
PARAMETRIC_REPRESENTATION_CONTEXT() REPRESENTATION_CONTEXT('2D SPACE',''
  ) );
#3240 = PCURVE('',#3229,#3241);
#3241 = DEFINITIONAL_REPRESENTATION('',(#3242),#3246);
#3242 = LINE('',#3243,#3244);
#3243 = CARTESIAN_POINT('',(0.,0.));
#3244 = VECTOR('',#3245,1.);
#3245 = DIRECTION('',(0.,1.));
#3246 = ( GEOMETRIC_REPRESENTATION_CONTEXT(2) 
PARAMETRIC_REPRESENTATION_CONTEXT() REPRESENTATION_CONTEXT('2D SPACE',''
  ) );
#3247 = ORIENTED_EDGE('',*,*,#3248,.F.);
#3248 = EDGE_CURVE('',#3221,#3221,#3249,.T.);
#3249 = SURFACE_CURVE('',#3250,(#3255,#3262),.PCURVE_S1.);
#3250 = CIRCLE('',#3251,0.15);
#3251 = AXIS2_PLACEMENT_3D('',#3252,#3253,#3254);
#3252 = CARTESIAN_POINT('',(-1.,-0.4,-5.));
#3253 = DIRECTION('',(-1.110223024625E-16,1.232595164408E-32,-1.));
#3254 = DIRECTION('',(1.110223024625E-16,1.,0.));
#3255 = PCURVE('',#3229,#3256);
#3256 = DEFINITIONAL_REPRESENTATION('',(#3257),#3261);
#3257 = LINE('',#3258,#3259);
#3258 = CARTESIAN_POINT('',(0.,5.));
#3259 = VECTOR('',#3260,1.);
#3260 = DIRECTION('',(1.,0.));
#3261 = ( GEOMETRIC_REPRESENTATION_CONTEXT(2) 
PARAMETRIC_REPRESENTATION_CONTEXT() REPRESENTATION_CONTEXT('2D SPACE',''
  ) );
#3262 = PCURVE('',#3263,#3268);
#3263 = TOROIDAL_SURFACE('',#3264,0.4,0.15);
#3264 = AXIS2_PLACEMENT_3D('',#3265,#3266,#3267);
#3265 = CARTESIAN_POINT('',(-1.,5.551115123126E-17,-5.));
#3266 = DIRECTION('',(1.,-1.110223024625E-16,-1.110223024625E-16));
#3267 = DIRECTION('',(-1.110223024625E-16,-1.,0.));
#3268 = DEFINITIONAL_REPRESENTATION('',(#3269),#3273);
#3269 = LINE('',#3270,#3271);
#3270 = CARTESIAN_POINT('',(0.,9.424777960769));
#3271 = VECTOR('',#3272,1.);
#3272 = DIRECTION('',(-0.,-1.));
#3273 = ( GEOMETRIC_REPRESENTATION_CONTEXT(2) 
PARAMETRIC_REPRESENTATION_CONTEXT() REPRESENTATION_CONTEXT('2D SPACE',''
  ) );
#3274 = ORIENTED_EDGE('',*,*,#3218,.F.);
#3275 = ORIENTED_EDGE('',*,*,#3276,.T.);
#3276 = EDGE_CURVE('',#3219,#3219,#3277,.T.);
#3277 = SURFACE_CURVE('',#3278,(#3283,#3290),.PCURVE_S1.);
#3278 = CIRCLE('',#3279,0.15);
#3279 = AXIS2_PLACEMENT_3D('',#3280,#3281,#3282);
#3280 = CARTESIAN_POINT('',(-1.,-0.4,0.));
#3281 = DIRECTION('',(-1.110223024625E-16,1.232595164408E-32,-1.));
#3282 = DIRECTION('',(1.110223024625E-16,1.,0.));
#3283 = PCURVE('',#3229,#3284);
#3284 = DEFINITIONAL_REPRESENTATION('',(#3285),#3289);
#3285 = LINE('',#3286,#3287);
#3286 = CARTESIAN_POINT('',(0.,0.));
#3287 = VECTOR('',#3288,1.);
#3288 = DIRECTION('',(1.,0.));
#3289 = ( GEOMETRIC_REPRESENTATION_CONTEXT(2) 
PARAMETRIC_REPRESENTATION_CONTEXT() REPRESENTATION_CONTEXT('2D SPACE',''
  ) );
#3290 = PCURVE('',#3291,#3296);
#3291 = PLANE('',#3292);
#3292 = AXIS2_PLACEMENT_3D('',#3293,#3294,#3295);
#3293 = CARTESIAN_POINT('',(-1.,-0.4,-3.08572171572E-34));
#3294 = DIRECTION('',(1.110223024625E-16,-1.232595164408E-32,1.));
#3295 = DIRECTION('',(1.,-1.110223024625E-16,-1.110223024625E-16));
#3296 = DEFINITIONAL_REPRESENTATION('',(#3297),#3305);
#3297 = ( BOUNDED_CURVE() B_SPLINE_CURVE(2,(#3298,#3299,#3300,#3301,
#3302,#3303,#3304),.UNSPECIFIED.,.T.,.F.) B_SPLINE_CURVE_WITH_KNOTS((1,2
    ,2,2,2,1),(-2.094395102393,0.,2.094395102393,4.188790204786,
6.28318530718,8.377580409573),.UNSPECIFIED.) CURVE() 
GEOMETRIC_REPRESENTATION_ITEM() RATIONAL_B_SPLINE_CURVE((1.,0.5,1.,0.5,
1.,0.5,1.)) REPRESENTATION_ITEM('') );
#3298 = CARTESIAN_POINT('',(0.,0.15));
#3299 = CARTESIAN_POINT('',(0.259807621135,0.15));
#3300 = CARTESIAN_POINT('',(0.129903810568,-7.5E-02));
#3301 = CARTESIAN_POINT('',(3.673940397442E-17,-0.3));
#3302 = CARTESIAN_POINT('',(-0.129903810568,-7.5E-02));
#3303 = CARTESIAN_POINT('',(-0.259807621135,0.15));
#3304 = CARTESIAN_POINT('',(0.,0.15));
#3305 = ( GEOMETRIC_REPRESENTATION_CONTEXT(2) 
PARAMETRIC_REPRESENTATION_CONTEXT() REPRESENTATION_CONTEXT('2D SPACE',''
  ) );
#3306 = ADVANCED_FACE('',(#3307),#3263,.T.);
#3307 = FACE_BOUND('',#3308,.T.);
#3308 = EDGE_LOOP('',(#3309,#3333,#3360,#3361));
#3309 = ORIENTED_EDGE('',*,*,#3310,.T.);
#3310 = EDGE_CURVE('',#3221,#3311,#3313,.T.);
#3311 = VERTEX_POINT('',#3312);
#3312 = CARTESIAN_POINT('',(-1.,0.25,-5.));
#3313 = SEAM_CURVE('',#3314,(#3319,#3326),.PCURVE_S1.);
#3314 = CIRCLE('',#3315,0.25);
#3315 = AXIS2_PLACEMENT_3D('',#3316,#3317,#3318);
#3316 = CARTESIAN_POINT('',(-1.,5.551115123126E-17,-5.));
#3317 = DIRECTION('',(1.,-1.110223024625E-16,-1.110223024625E-16));
#3318 = DIRECTION('',(-1.110223024625E-16,-1.,0.));
#3319 = PCURVE('',#3263,#3320);
#3320 = DEFINITIONAL_REPRESENTATION('',(#3321),#3325);
#3321 = LINE('',#3322,#3323);
#3322 = CARTESIAN_POINT('',(0.,3.14159265359));
#3323 = VECTOR('',#3324,1.);
#3324 = DIRECTION('',(1.,0.));
#3325 = ( GEOMETRIC_REPRESENTATION_CONTEXT(2) 
PARAMETRIC_REPRESENTATION_CONTEXT() REPRESENTATION_CONTEXT('2D SPACE',''
  ) );
#3326 = PCURVE('',#3263,#3327);
#3327 = DEFINITIONAL_REPRESENTATION('',(#3328),#3332);
#3328 = LINE('',#3329,#3330);
#3329 = CARTESIAN_POINT('',(0.,9.424777960769));
#3330 = VECTOR('',#3331,1.);
#3331 = DIRECTION('',(1.,0.));
#3332 = ( GEOMETRIC_REPRESENTATION_CONTEXT(2) 
PARAMETRIC_REPRESENTATION_CONTEXT() REPRESENTATION_CONTEXT('2D SPACE',''
  ) );
#3333 = ORIENTED_EDGE('',*,*,#3334,.T.);
#3334 = EDGE_CURVE('',#3311,#3311,#3335,.T.);
#3335 = SURFACE_CURVE('',#3336,(#3341,#3348),.PCURVE_S1.);
#3336 = CIRCLE('',#3337,0.15);
#3337 = AXIS2_PLACEMENT_3D('',#3338,#3339,#3340);
#3338 = CARTESIAN_POINT('',(-1.,0.4,-5.));
#3339 = DIRECTION('',(-1.110223024625E-16,-1.224646799147E-16,-1.));
#3340 = DIRECTION('',(1.110223024625E-16,1.,-1.224646799147E-16));
#3341 = PCURVE('',#3263,#3342);
#3342 = DEFINITIONAL_REPRESENTATION('',(#3343),#3347);
#3343 = LINE('',#3344,#3345);
#3344 = CARTESIAN_POINT('',(3.14159265359,0.));
#3345 = VECTOR('',#3346,1.);
#3346 = DIRECTION('',(0.,1.));
#3347 = ( GEOMETRIC_REPRESENTATION_CONTEXT(2) 
PARAMETRIC_REPRESENTATION_CONTEXT() REPRESENTATION_CONTEXT('2D SPACE',''
  ) );
#3348 = PCURVE('',#3349,#3354);
#3349 = CYLINDRICAL_SURFACE('',#3350,0.15);
#3350 = AXIS2_PLACEMENT_3D('',#3351,#3352,#3353);
#3351 = CARTESIAN_POINT('',(-1.,0.4,-5.));
#3352 = DIRECTION('',(1.110223024625E-16,1.110223024625E-16,1.));
#3353 = DIRECTION('',(-1.110223024625E-16,-1.,1.110223024625E-16));
#3354 = DEFINITIONAL_REPRESENTATION('',(#3355),#3359);
#3355 = LINE('',#3356,#3357);
#3356 = CARTESIAN_POINT('',(9.424777960769,0.));
#3357 = VECTOR('',#3358,1.);
#3358 = DIRECTION('',(-1.,-0.));
#3359 = ( GEOMETRIC_REPRESENTATION_CONTEXT(2) 
PARAMETRIC_REPRESENTATION_CONTEXT() REPRESENTATION_CONTEXT('2D SPACE',''
  ) );
#3360 = ORIENTED_EDGE('',*,*,#3310,.F.);
#3361 = ORIENTED_EDGE('',*,*,#3248,.T.);
#3362 = ADVANCED_FACE('',(#3363),#3349,.T.);
#3363 = FACE_BOUND('',#3364,.T.);
#3364 = EDGE_LOOP('',(#3365,#3388,#3419,#3420));
#3365 = ORIENTED_EDGE('',*,*,#3366,.T.);
#3366 = EDGE_CURVE('',#3311,#3367,#3369,.T.);
#3367 = VERTEX_POINT('',#3368);
#3368 = CARTESIAN_POINT('',(-1.,0.25,0.));
#3369 = SEAM_CURVE('',#3370,(#3374,#3381),.PCURVE_S1.);
#3370 = LINE('',#3371,#3372);
#3371 = CARTESIAN_POINT('',(-1.,0.25,-5.));
#3372 = VECTOR('',#3373,1.);
#3373 = DIRECTION('',(1.110223024625E-16,1.110223024625E-16,1.));
#3374 = PCURVE('',#3349,#3375);
#3375 = DEFINITIONAL_REPRESENTATION('',(#3376),#3380);
#3376 = LINE('',#3377,#3378);
#3377 = CARTESIAN_POINT('',(6.28318530718,0.));
#3378 = VECTOR('',#3379,1.);
#3379 = DIRECTION('',(0.,1.));
#3380 = ( GEOMETRIC_REPRESENTATION_CONTEXT(2) 
PARAMETRIC_REPRESENTATION_CONTEXT() REPRESENTATION_CONTEXT('2D SPACE',''
  ) );
#3381 = PCURVE('',#3349,#3382);
#3382 = DEFINITIONAL_REPRESENTATION('',(#3383),#3387);
#3383 = LINE('',#3384,#3385);
#3384 = CARTESIAN_POINT('',(0.,0.));
#3385 = VECTOR('',#3386,1.);
#3386 = DIRECTION('',(0.,1.));
#3387 = ( GEOMETRIC_REPRESENTATION_CONTEXT(2) 
PARAMETRIC_REPRESENTATION_CONTEXT() REPRESENTATION_CONTEXT('2D SPACE',''
  ) );
#3388 = ORIENTED_EDGE('',*,*,#3389,.F.);
#3389 = EDGE_CURVE('',#3367,#3367,#3390,.T.);
#3390 = SURFACE_CURVE('',#3391,(#3396,#3403),.PCURVE_S1.);
#3391 = CIRCLE('',#3392,0.15);
#3392 = AXIS2_PLACEMENT_3D('',#3393,#3394,#3395);
#3393 = CARTESIAN_POINT('',(-1.,0.4,0.));
#3394 = DIRECTION('',(1.110223024625E-16,1.110223024625E-16,1.));
#3395 = DIRECTION('',(-1.110223024625E-16,-1.,1.110223024625E-16));
#3396 = PCURVE('',#3349,#3397);
#3397 = DEFINITIONAL_REPRESENTATION('',(#3398),#3402);
#3398 = LINE('',#3399,#3400);
#3399 = CARTESIAN_POINT('',(0.,5.));
#3400 = VECTOR('',#3401,1.);
#3401 = DIRECTION('',(1.,0.));
#3402 = ( GEOMETRIC_REPRESENTATION_CONTEXT(2) 
PARAMETRIC_REPRESENTATION_CONTEXT() REPRESENTATION_CONTEXT('2D SPACE',''
  ) );
#3403 = PCURVE('',#3404,#3409);
#3404 = PLANE('',#3405);
#3405 = AXIS2_PLACEMENT_3D('',#3406,#3407,#3408);
#3406 = CARTESIAN_POINT('',(-1.,0.4,-2.285347588163E-33));
#3407 = DIRECTION('',(-1.110223024625E-16,1.232595164408E-32,-1.));
#3408 = DIRECTION('',(-1.,1.110223024625E-16,1.110223024625E-16));
#3409 = DEFINITIONAL_REPRESENTATION('',(#3410),#3418);
#3410 = ( BOUNDED_CURVE() B_SPLINE_CURVE(2,(#3411,#3412,#3413,#3414,
#3415,#3416,#3417),.UNSPECIFIED.,.T.,.F.) B_SPLINE_CURVE_WITH_KNOTS((1,2
    ,2,2,2,1),(-2.094395102393,0.,2.094395102393,4.188790204786,
6.28318530718,8.377580409573),.UNSPECIFIED.) CURVE() 
GEOMETRIC_REPRESENTATION_ITEM() RATIONAL_B_SPLINE_CURVE((1.,0.5,1.,0.5,
1.,0.5,1.)) REPRESENTATION_ITEM('') );
#3411 = CARTESIAN_POINT('',(1.232595164408E-32,-0.15));
#3412 = CARTESIAN_POINT('',(-0.259807621135,-0.15));
#3413 = CARTESIAN_POINT('',(-0.129903810568,7.5E-02));
#3414 = CARTESIAN_POINT('',(-3.673940397442E-17,0.3));
#3415 = CARTESIAN_POINT('',(0.129903810568,7.5E-02));
#3416 = CARTESIAN_POINT('',(0.259807621135,-0.15));
#3417 = CARTESIAN_POINT('',(1.232595164408E-32,-0.15));
#3418 = ( GEOMETRIC_REPRESENTATION_CONTEXT(2) 
PARAMETRIC_REPRESENTATION_CONTEXT() REPRESENTATION_CONTEXT('2D SPACE',''
  ) );
#3419 = ORIENTED_EDGE('',*,*,#3366,.F.);
#3420 = ORIENTED_EDGE('',*,*,#3334,.F.);
#3421 = ADVANCED_FACE('',(#3422),#3291,.T.);
#3422 = FACE_BOUND('',#3423,.T.);
#3423 = EDGE_LOOP('',(#3424));
#3424 = ORIENTED_EDGE('',*,*,#3276,.F.);
#3425 = ADVANCED_FACE('',(#3426),#3404,.F.);
#3426 = FACE_BOUND('',#3427,.F.);
#3427 = EDGE_LOOP('',(#3428));
#3428 = ORIENTED_EDGE('',*,*,#3389,.F.);
#3429 = ( GEOMETRIC_REPRESENTATION_CONTEXT(3) 
GLOBAL_UNCERTAINTY_ASSIGNED_CONTEXT((#3433)) 
GLOBAL_UNIT_ASSIGNED_CONTEXT((#3430,#3431,#3432)) REPRESENTATION_CONTEXT
('Context #1','3D Context with UNIT and UNCERTAINTY') );
#3430 = ( LENGTH_UNIT() NAMED_UNIT(*) SI_UNIT(.MILLI.,.METRE.) );
#3431 = ( NAMED_UNIT(*) PLANE_ANGLE_UNIT() SI_UNIT($,.RADIAN.) );
#3432 = ( NAMED_UNIT(*) SI_UNIT($,.STERADIAN.) SOLID_ANGLE_UNIT() );
#3433 = UNCERTAINTY_MEASURE_WITH_UNIT(LENGTH_MEASURE(1.E-07),#3430,
  'distance_accuracy_value','confusion accuracy');
#3434 = CONTEXT_DEPENDENT_SHAPE_REPRESENTATION(#3435,#3437);
#3435 = ( REPRESENTATION_RELATIONSHIP('','',#3211,#10) 
REPRESENTATION_RELATIONSHIP_WITH_TRANSFORMATION(#3436) 
SHAPE_REPRESENTATION_RELATIONSHIP() );
#3436 = ITEM_DEFINED_TRANSFORMATION('','',#11,#71);
#3437 = PRODUCT_DEFINITION_SHAPE('Placement','Placement of an item',
  #3438);
#3438 = NEXT_ASSEMBLY_USAGE_OCCURRENCE('677','pipe_9','',#5,#3206,$);
#3439 = PRODUCT_RELATED_PRODUCT_CATEGORY('part',$,(#3208));
#3440 = SHAPE_DEFINITION_REPRESENTATION(#3441,#3447);
#3441 = PRODUCT_DEFINITION_SHAPE('','',#3442);
#3442 = PRODUCT_DEFINITION('design','',#3443,#3446);
#3443 = PRODUCT_DEFINITION_FORMATION('','',#3444);
#3444 = PRODUCT('pipe_10','pipe_10','',(#3445));
#3445 = PRODUCT_CONTEXT('',#2,'mechanical');
#3446 = PRODUCT_DEFINITION_CONTEXT('part definition',#2,'design');
#3447 = ADVANCED_BREP_SHAPE_REPRESENTATION('',(#11,#3448),#3665);
#3448 = MANIFOLD_SOLID_BREP('',#3449);
#3449 = CLOSED_SHELL('',(#3450,#3542,#3598,#3657,#3661));
#3450 = ADVANCED_FACE('',(#3451),#3465,.T.);
#3451 = FACE_BOUND('',#3452,.T.);
#3452 = EDGE_LOOP('',(#3453,#3483,#3510,#3511));
#3453 = ORIENTED_EDGE('',*,*,#3454,.T.);
#3454 = EDGE_CURVE('',#3455,#3457,#3459,.T.);
#3455 = VERTEX_POINT('',#3456);
#3456 = CARTESIAN_POINT('',(1.,-0.65,0.));
#3457 = VERTEX_POINT('',#3458);
#3458 = CARTESIAN_POINT('',(1.,-0.65,-5.833333333333));
#3459 = SEAM_CURVE('',#3460,(#3464,#3476),.PCURVE_S1.);
#3460 = LINE('',#3461,#3462);
#3461 = CARTESIAN_POINT('',(1.,-0.65,4.078893220341E-33));
#3462 = VECTOR('',#3463,1.);
#3463 = DIRECTION('',(-1.110223024625E-16,1.232595164408E-32,-1.));
#3464 = PCURVE('',#3465,#3470);
#3465 = CYLINDRICAL_SURFACE('',#3466,0.15);
#3466 = AXIS2_PLACEMENT_3D('',#3467,#3468,#3469);
#3467 = CARTESIAN_POINT('',(1.,-0.8,0.));
#3468 = DIRECTION('',(-1.110223024625E-16,1.232595164408E-32,-1.));
#3469 = DIRECTION('',(1.110223024625E-16,1.,0.));
#3470 = DEFINITIONAL_REPRESENTATION('',(#3471),#3475);
#3471 = LINE('',#3472,#3473);
#3472 = CARTESIAN_POINT('',(6.28318530718,0.));
#3473 = VECTOR('',#3474,1.);
#3474 = DIRECTION('',(0.,1.));
#3475 = ( GEOMETRIC_REPRESENTATION_CONTEXT(2) 
PARAMETRIC_REPRESENTATION_CONTEXT() REPRESENTATION_CONTEXT('2D SPACE',''
  ) );
#3476 = PCURVE('',#3465,#3477);
#3477 = DEFINITIONAL_REPRESENTATION('',(#3478),#3482);
#3478 = LINE('',#3479,#3480);
#3479 = CARTESIAN_POINT('',(0.,0.));
#3480 = VECTOR('',#3481,1.);
#3481 = DIRECTION('',(0.,1.));
#3482 = ( GEOMETRIC_REPRESENTATION_CONTEXT(2) 
PARAMETRIC_REPRESENTATION_CONTEXT() REPRESENTATION_CONTEXT('2D SPACE',''
  ) );
#3483 = ORIENTED_EDGE('',*,*,#3484,.F.);
#3484 = EDGE_CURVE('',#3457,#3457,#3485,.T.);
#3485 = SURFACE_CURVE('',#3486,(#3491,#3498),.PCURVE_S1.);
#3486 = CIRCLE('',#3487,0.15);
#3487 = AXIS2_PLACEMENT_3D('',#3488,#3489,#3490);
#3488 = CARTESIAN_POINT('',(1.,-0.8,-5.833333333333));
#3489 = DIRECTION('',(-1.110223024625E-16,1.232595164408E-32,-1.));
#3490 = DIRECTION('',(1.110223024625E-16,1.,0.));
#3491 = PCURVE('',#3465,#3492);
#3492 = DEFINITIONAL_REPRESENTATION('',(#3493),#3497);
#3493 = LINE('',#3494,#3495);
#3494 = CARTESIAN_POINT('',(0.,5.833333333333));
#3495 = VECTOR('',#3496,1.);
#3496 = DIRECTION('',(1.,0.));
#3497 = ( GEOMETRIC_REPRESENTATION_CONTEXT(2) 
PARAMETRIC_REPRESENTATION_CONTEXT() REPRESENTATION_CONTEXT('2D SPACE',''
  ) );
#3498 = PCURVE('',#3499,#3504);
#3499 = TOROIDAL_SURFACE('',#3500,0.8,0.15);
#3500 = AXIS2_PLACEMENT_3D('',#3501,#3502,#3503);
#3501 = CARTESIAN_POINT('',(1.,1.110223024625E-16,-5.833333333333));
#3502 = DIRECTION('',(1.,-1.110223024625E-16,-1.110223024625E-16));
#3503 = DIRECTION('',(-1.110223024625E-16,-1.,-1.110223024625E-15));
#3504 = DEFINITIONAL_REPRESENTATION('',(#3505),#3509);
#3505 = LINE('',#3506,#3507);
#3506 = CARTESIAN_POINT('',(0.,9.424777960769));
#3507 = VECTOR('',#3508,1.);
#3508 = DIRECTION('',(-0.,-1.));
#3509 = ( GEOMETRIC_REPRESENTATION_CONTEXT(2) 
PARAMETRIC_REPRESENTATION_CONTEXT() REPRESENTATION_CONTEXT('2D SPACE',''
  ) );
#3510 = ORIENTED_EDGE('',*,*,#3454,.F.);
#3511 = ORIENTED_EDGE('',*,*,#3512,.T.);
#3512 = EDGE_CURVE('',#3455,#3455,#3513,.T.);
#3513 = SURFACE_CURVE('',#3514,(#3519,#3526),.PCURVE_S1.);
#3514 = CIRCLE('',#3515,0.15);
#3515 = AXIS2_PLACEMENT_3D('',#3516,#3517,#3518);
#3516 = CARTESIAN_POINT('',(1.,-0.8,0.));
#3517 = DIRECTION('',(-1.110223024625E-16,1.232595164408E-32,-1.));
#3518 = DIRECTION('',(1.110223024625E-16,1.,0.));
#3519 = PCURVE('',#3465,#3520);
#3520 = DEFINITIONAL_REPRESENTATION('',(#3521),#3525);
#3521 = LINE('',#3522,#3523);
#3522 = CARTESIAN_POINT('',(0.,0.));
#3523 = VECTOR('',#3524,1.);
#3524 = DIRECTION('',(1.,0.));
#3525 = ( GEOMETRIC_REPRESENTATION_CONTEXT(2) 
PARAMETRIC_REPRESENTATION_CONTEXT() REPRESENTATION_CONTEXT('2D SPACE',''
  ) );
#3526 = PCURVE('',#3527,#3532);
#3527 = PLANE('',#3528);
#3528 = AXIS2_PLACEMENT_3D('',#3529,#3530,#3531);
#3529 = CARTESIAN_POINT('',(1.,-0.8,-3.08572171572E-34));
#3530 = DIRECTION('',(1.110223024625E-16,-1.232595164408E-32,1.));
#3531 = DIRECTION('',(1.,-1.110223024625E-16,-1.110223024625E-16));
#3532 = DEFINITIONAL_REPRESENTATION('',(#3533),#3541);
#3533 = ( BOUNDED_CURVE() B_SPLINE_CURVE(2,(#3534,#3535,#3536,#3537,
#3538,#3539,#3540),.UNSPECIFIED.,.T.,.F.) B_SPLINE_CURVE_WITH_KNOTS((1,2
    ,2,2,2,1),(-2.094395102393,0.,2.094395102393,4.188790204786,
6.28318530718,8.377580409573),.UNSPECIFIED.) CURVE() 
GEOMETRIC_REPRESENTATION_ITEM() RATIONAL_B_SPLINE_CURVE((1.,0.5,1.,0.5,
1.,0.5,1.)) REPRESENTATION_ITEM('') );
#3534 = CARTESIAN_POINT('',(0.,0.15));
#3535 = CARTESIAN_POINT('',(0.259807621135,0.15));
#3536 = CARTESIAN_POINT('',(0.129903810568,-7.5E-02));
#3537 = CARTESIAN_POINT('',(3.673940397442E-17,-0.3));
#3538 = CARTESIAN_POINT('',(-0.129903810568,-7.5E-02));
#3539 = CARTESIAN_POINT('',(-0.259807621135,0.15));
#3540 = CARTESIAN_POINT('',(0.,0.15));
#3541 = ( GEOMETRIC_REPRESENTATION_CONTEXT(2) 
PARAMETRIC_REPRESENTATION_CONTEXT() REPRESENTATION_CONTEXT('2D SPACE',''
  ) );
#3542 = ADVANCED_FACE('',(#3543),#3499,.T.);
#3543 = FACE_BOUND('',#3544,.T.);
#3544 = EDGE_LOOP('',(#3545,#3569,#3596,#3597));
#3545 = ORIENTED_EDGE('',*,*,#3546,.T.);
#3546 = EDGE_CURVE('',#3457,#3547,#3549,.T.);
#3547 = VERTEX_POINT('',#3548);
#3548 = CARTESIAN_POINT('',(1.,0.65,-5.833333333333));
#3549 = SEAM_CURVE('',#3550,(#3555,#3562),.PCURVE_S1.);
#3550 = CIRCLE('',#3551,0.65);
#3551 = AXIS2_PLACEMENT_3D('',#3552,#3553,#3554);
#3552 = CARTESIAN_POINT('',(1.,1.110223024625E-16,-5.833333333333));
#3553 = DIRECTION('',(1.,-1.110223024625E-16,-1.110223024625E-16));
#3554 = DIRECTION('',(-1.110223024625E-16,-1.,-1.110223024625E-15));
#3555 = PCURVE('',#3499,#3556);
#3556 = DEFINITIONAL_REPRESENTATION('',(#3557),#3561);
#3557 = LINE('',#3558,#3559);
#3558 = CARTESIAN_POINT('',(0.,3.14159265359));
#3559 = VECTOR('',#3560,1.);
#3560 = DIRECTION('',(1.,0.));
#3561 = ( GEOMETRIC_REPRESENTATION_CONTEXT(2) 
PARAMETRIC_REPRESENTATION_CONTEXT() REPRESENTATION_CONTEXT('2D SPACE',''
  ) );
#3562 = PCURVE('',#3499,#3563);
#3563 = DEFINITIONAL_REPRESENTATION('',(#3564),#3568);
#3564 = LINE('',#3565,#3566);
#3565 = CARTESIAN_POINT('',(0.,9.424777960769));
#3566 = VECTOR('',#3567,1.);
#3567 = DIRECTION('',(1.,0.));
#3568 = ( GEOMETRIC_REPRESENTATION_CONTEXT(2) 
PARAMETRIC_REPRESENTATION_CONTEXT() REPRESENTATION_CONTEXT('2D SPACE',''
  ) );
#3569 = ORIENTED_EDGE('',*,*,#3570,.T.);
#3570 = EDGE_CURVE('',#3547,#3547,#3571,.T.);
#3571 = SURFACE_CURVE('',#3572,(#3577,#3584),.PCURVE_S1.);
#3572 = CIRCLE('',#3573,0.15);
#3573 = AXIS2_PLACEMENT_3D('',#3574,#3575,#3576);
#3574 = CARTESIAN_POINT('',(1.,0.8,-5.833333333333));
#3575 = DIRECTION('',(-1.110223024625E-16,-1.23268770454E-15,-1.));
#3576 = DIRECTION('',(1.110223024625E-16,1.,-1.23268770454E-15));
#3577 = PCURVE('',#3499,#3578);
#3578 = DEFINITIONAL_REPRESENTATION('',(#3579),#3583);
#3579 = LINE('',#3580,#3581);
#3580 = CARTESIAN_POINT('',(3.14159265359,0.));
#3581 = VECTOR('',#3582,1.);
#3582 = DIRECTION('',(0.,1.));
#3583 = ( GEOMETRIC_REPRESENTATION_CONTEXT(2) 
PARAMETRIC_REPRESENTATION_CONTEXT() REPRESENTATION_CONTEXT('2D SPACE',''
  ) );
#3584 = PCURVE('',#3585,#3590);
#3585 = CYLINDRICAL_SURFACE('',#3586,0.15);
#3586 = AXIS2_PLACEMENT_3D('',#3587,#3588,#3589);
#3587 = CARTESIAN_POINT('',(1.,0.8,-5.833333333333));
#3588 = DIRECTION('',(1.110223024625E-16,-1.232595164408E-32,1.));
#3589 = DIRECTION('',(-1.110223024625E-16,-1.,0.));
#3590 = DEFINITIONAL_REPRESENTATION('',(#3591),#3595);
#3591 = LINE('',#3592,#3593);
#3592 = CARTESIAN_POINT('',(9.424777960769,0.));
#3593 = VECTOR('',#3594,1.);
#3594 = DIRECTION('',(-1.,-0.));
#3595 = ( GEOMETRIC_REPRESENTATION_CONTEXT(2) 
PARAMETRIC_REPRESENTATION_CONTEXT() REPRESENTATION_CONTEXT('2D SPACE',''
  ) );
#3596 = ORIENTED_EDGE('',*,*,#3546,.F.);
#3597 = ORIENTED_EDGE('',*,*,#3484,.T.);
#3598 = ADVANCED_FACE('',(#3599),#3585,.T.);
#3599 = FACE_BOUND('',#3600,.T.);
#3600 = EDGE_LOOP('',(#3601,#3624,#3655,#3656));
#3601 = ORIENTED_EDGE('',*,*,#3602,.T.);
#3602 = EDGE_CURVE('',#3547,#3603,#3605,.T.);
#3603 = VERTEX_POINT('',#3604);
#3604 = CARTESIAN_POINT('',(1.,0.65,0.));
#3605 = SEAM_CURVE('',#3606,(#3610,#3617),.PCURVE_S1.);
#3606 = LINE('',#3607,#3608);
#3607 = CARTESIAN_POINT('',(1.,0.65,-5.833333333333));
#3608 = VECTOR('',#3609,1.);
#3609 = DIRECTION('',(1.110223024625E-16,-1.232595164408E-32,1.));
#3610 = PCURVE('',#3585,#3611);
#3611 = DEFINITIONAL_REPRESENTATION('',(#3612),#3616);
#3612 = LINE('',#3613,#3614);
#3613 = CARTESIAN_POINT('',(6.28318530718,0.));
#3614 = VECTOR('',#3615,1.);
#3615 = DIRECTION('',(0.,1.));
#3616 = ( GEOMETRIC_REPRESENTATION_CONTEXT(2) 
PARAMETRIC_REPRESENTATION_CONTEXT() REPRESENTATION_CONTEXT('2D SPACE',''
  ) );
#3617 = PCURVE('',#3585,#3618);
#3618 = DEFINITIONAL_REPRESENTATION('',(#3619),#3623);
#3619 = LINE('',#3620,#3621);
#3620 = CARTESIAN_POINT('',(0.,0.));
#3621 = VECTOR('',#3622,1.);
#3622 = DIRECTION('',(0.,1.));
#3623 = ( GEOMETRIC_REPRESENTATION_CONTEXT(2) 
PARAMETRIC_REPRESENTATION_CONTEXT() REPRESENTATION_CONTEXT('2D SPACE',''
  ) );
#3624 = ORIENTED_EDGE('',*,*,#3625,.F.);
#3625 = EDGE_CURVE('',#3603,#3603,#3626,.T.);
#3626 = SURFACE_CURVE('',#3627,(#3632,#3639),.PCURVE_S1.);
#3627 = CIRCLE('',#3628,0.15);
#3628 = AXIS2_PLACEMENT_3D('',#3629,#3630,#3631);
#3629 = CARTESIAN_POINT('',(1.,0.8,0.));
#3630 = DIRECTION('',(1.110223024625E-16,-1.232595164408E-32,1.));
#3631 = DIRECTION('',(-1.110223024625E-16,-1.,0.));
#3632 = PCURVE('',#3585,#3633);
#3633 = DEFINITIONAL_REPRESENTATION('',(#3634),#3638);
#3634 = LINE('',#3635,#3636);
#3635 = CARTESIAN_POINT('',(0.,5.833333333333));
#3636 = VECTOR('',#3637,1.);
#3637 = DIRECTION('',(1.,0.));
#3638 = ( GEOMETRIC_REPRESENTATION_CONTEXT(2) 
PARAMETRIC_REPRESENTATION_CONTEXT() REPRESENTATION_CONTEXT('2D SPACE',''
  ) );
#3639 = PCURVE('',#3640,#3645);
#3640 = PLANE('',#3641);
#3641 = AXIS2_PLACEMENT_3D('',#3642,#3643,#3644);
#3642 = CARTESIAN_POINT('',(1.,0.8,6.798155367234E-34));
#3643 = DIRECTION('',(-1.110223024625E-16,1.232595164408E-32,-1.));
#3644 = DIRECTION('',(-1.,1.110223024625E-16,1.110223024625E-16));
#3645 = DEFINITIONAL_REPRESENTATION('',(#3646),#3654);
#3646 = ( BOUNDED_CURVE() B_SPLINE_CURVE(2,(#3647,#3648,#3649,#3650,
#3651,#3652,#3653),.UNSPECIFIED.,.T.,.F.) B_SPLINE_CURVE_WITH_KNOTS((1,2
    ,2,2,2,1),(-2.094395102393,0.,2.094395102393,4.188790204786,
6.28318530718,8.377580409573),.UNSPECIFIED.) CURVE() 
GEOMETRIC_REPRESENTATION_ITEM() RATIONAL_B_SPLINE_CURVE((1.,0.5,1.,0.5,
1.,0.5,1.)) REPRESENTATION_ITEM('') );
#3647 = CARTESIAN_POINT('',(2.465190328816E-32,-0.15));
#3648 = CARTESIAN_POINT('',(-0.259807621135,-0.15));
#3649 = CARTESIAN_POINT('',(-0.129903810568,7.5E-02));
#3650 = CARTESIAN_POINT('',(-3.673940397442E-17,0.3));
#3651 = CARTESIAN_POINT('',(0.129903810568,7.5E-02));
#3652 = CARTESIAN_POINT('',(0.259807621135,-0.15));
#3653 = CARTESIAN_POINT('',(2.465190328816E-32,-0.15));
#3654 = ( GEOMETRIC_REPRESENTATION_CONTEXT(2) 
PARAMETRIC_REPRESENTATION_CONTEXT() REPRESENTATION_CONTEXT('2D SPACE',''
  ) );
#3655 = ORIENTED_EDGE('',*,*,#3602,.F.);
#3656 = ORIENTED_EDGE('',*,*,#3570,.F.);
#3657 = ADVANCED_FACE('',(#3658),#3527,.T.);
#3658 = FACE_BOUND('',#3659,.T.);
#3659 = EDGE_LOOP('',(#3660));
#3660 = ORIENTED_EDGE('',*,*,#3512,.F.);
#3661 = ADVANCED_FACE('',(#3662),#3640,.F.);
#3662 = FACE_BOUND('',#3663,.F.);
#3663 = EDGE_LOOP('',(#3664));
#3664 = ORIENTED_EDGE('',*,*,#3625,.F.);
#3665 = ( GEOMETRIC_REPRESENTATION_CONTEXT(3) 
GLOBAL_UNCERTAINTY_ASSIGNED_CONTEXT((#3669)) 
GLOBAL_UNIT_ASSIGNED_CONTEXT((#3666,#3667,#3668)) REPRESENTATION_CONTEXT
('Context #1','3D Context with UNIT and UNCERTAINTY') );
#3666 = ( LENGTH_UNIT() NAMED_UNIT(*) SI_UNIT(.MILLI.,.METRE.) );
#3667 = ( NAMED_UNIT(*) PLANE_ANGLE_UNIT() SI_UNIT($,.RADIAN.) );
#3668 = ( NAMED_UNIT(*) SI_UNIT($,.STERADIAN.) SOLID_ANGLE_UNIT() );
#3669 = UNCERTAINTY_MEASURE_WITH_UNIT(LENGTH_MEASURE(1.E-07),#3666,
  'distance_accuracy_value','confusion accuracy');
#3670 = CONTEXT_DEPENDENT_SHAPE_REPRESENTATION(#3671,#3673);
#3671 = ( REPRESENTATION_RELATIONSHIP('','',#3447,#10) 
REPRESENTATION_RELATIONSHIP_WITH_TRANSFORMATION(#3672) 
SHAPE_REPRESENTATION_RELATIONSHIP() );
#3672 = ITEM_DEFINED_TRANSFORMATION('','',#11,#75);
#3673 = PRODUCT_DEFINITION_SHAPE('Placement','Placement of an item',
  #3674);
#3674 = NEXT_ASSEMBLY_USAGE_OCCURRENCE('678','pipe_10','',#5,#3442,$);
#3675 = PRODUCT_RELATED_PRODUCT_CATEGORY('part',$,(#3444));
#3676 = SHAPE_DEFINITION_REPRESENTATION(#3677,#3683);
#3677 = PRODUCT_DEFINITION_SHAPE('','',#3678);
#3678 = PRODUCT_DEFINITION('design','',#3679,#3682);
#3679 = PRODUCT_DEFINITION_FORMATION('','',#3680);
#3680 = PRODUCT('pipe_11','pipe_11','',(#3681));
#3681 = PRODUCT_CONTEXT('',#2,'mechanical');
#3682 = PRODUCT_DEFINITION_CONTEXT('part definition',#2,'design');
#3683 = ADVANCED_BREP_SHAPE_REPRESENTATION('',(#11,#3684),#3901);
#3684 = MANIFOLD_SOLID_BREP('',#3685);
#3685 = CLOSED_SHELL('',(#3686,#3778,#3834,#3893,#3897));
#3686 = ADVANCED_FACE('',(#3687),#3701,.T.);
#3687 = FACE_BOUND('',#3688,.T.);
#3688 = EDGE_LOOP('',(#3689,#3719,#3746,#3747));
#3689 = ORIENTED_EDGE('',*,*,#3690,.T.);
#3690 = EDGE_CURVE('',#3691,#3693,#3695,.T.);
#3691 = VERTEX_POINT('',#3692);
#3692 = CARTESIAN_POINT('',(-1.,-0.65,0.));
#3693 = VERTEX_POINT('',#3694);
#3694 = CARTESIAN_POINT('',(-1.,-0.65,-5.833333333333));
#3695 = SEAM_CURVE('',#3696,(#3700,#3712),.PCURVE_S1.);
#3696 = LINE('',#3697,#3698);
#3697 = CARTESIAN_POINT('',(-1.,-0.65,4.078893220341E-33));
#3698 = VECTOR('',#3699,1.);
#3699 = DIRECTION('',(-1.110223024625E-16,1.232595164408E-32,-1.));
#3700 = PCURVE('',#3701,#3706);
#3701 = CYLINDRICAL_SURFACE('',#3702,0.15);
#3702 = AXIS2_PLACEMENT_3D('',#3703,#3704,#3705);
#3703 = CARTESIAN_POINT('',(-1.,-0.8,0.));
#3704 = DIRECTION('',(-1.110223024625E-16,1.232595164408E-32,-1.));
#3705 = DIRECTION('',(1.110223024625E-16,1.,0.));
#3706 = DEFINITIONAL_REPRESENTATION('',(#3707),#3711);
#3707 = LINE('',#3708,#3709);
#3708 = CARTESIAN_POINT('',(6.28318530718,0.));
#3709 = VECTOR('',#3710,1.);
#3710 = DIRECTION('',(0.,1.));
#3711 = ( GEOMETRIC_REPRESENTATION_CONTEXT(2) 
PARAMETRIC_REPRESENTATION_CONTEXT() REPRESENTATION_CONTEXT('2D SPACE',''
  ) );
#3712 = PCURVE('',#3701,#3713);
#3713 = DEFINITIONAL_REPRESENTATION('',(#3714),#3718);
#3714 = LINE('',#3715,#3716);
#3715 = CARTESIAN_POINT('',(0.,0.));
#3716 = VECTOR('',#3717,1.);
#3717 = DIRECTION('',(0.,1.));
#3718 = ( GEOMETRIC_REPRESENTATION_CONTEXT(2) 
PARAMETRIC_REPRESENTATION_CONTEXT() REPRESENTATION_CONTEXT('2D SPACE',''
  ) );
#3719 = ORIENTED_EDGE('',*,*,#3720,.F.);
#3720 = EDGE_CURVE('',#3693,#3693,#3721,.T.);
#3721 = SURFACE_CURVE('',#3722,(#3727,#3734),.PCURVE_S1.);
#3722 = CIRCLE('',#3723,0.15);
#3723 = AXIS2_PLACEMENT_3D('',#3724,#3725,#3726);
#3724 = CARTESIAN_POINT('',(-1.,-0.8,-5.833333333333));
#3725 = DIRECTION('',(-1.110223024625E-16,1.232595164408E-32,-1.));
#3726 = DIRECTION('',(1.110223024625E-16,1.,0.));
#3727 = PCURVE('',#3701,#3728);
#3728 = DEFINITIONAL_REPRESENTATION('',(#3729),#3733);
#3729 = LINE('',#3730,#3731);
#3730 = CARTESIAN_POINT('',(0.,5.833333333333));
#3731 = VECTOR('',#3732,1.);
#3732 = DIRECTION('',(1.,0.));
#3733 = ( GEOMETRIC_REPRESENTATION_CONTEXT(2) 
PARAMETRIC_REPRESENTATION_CONTEXT() REPRESENTATION_CONTEXT('2D SPACE',''
  ) );
#3734 = PCURVE('',#3735,#3740);
#3735 = TOROIDAL_SURFACE('',#3736,0.8,0.15);
#3736 = AXIS2_PLACEMENT_3D('',#3737,#3738,#3739);
#3737 = CARTESIAN_POINT('',(-1.,1.110223024625E-16,-5.833333333333));
#3738 = DIRECTION('',(1.,-1.110223024625E-16,-1.110223024625E-16));
#3739 = DIRECTION('',(-1.110223024625E-16,-1.,-1.110223024625E-15));
#3740 = DEFINITIONAL_REPRESENTATION('',(#3741),#3745);
#3741 = LINE('',#3742,#3743);
#3742 = CARTESIAN_POINT('',(0.,9.424777960769));
#3743 = VECTOR('',#3744,1.);
#3744 = DIRECTION('',(-0.,-1.));
#3745 = ( GEOMETRIC_REPRESENTATION_CONTEXT(2) 
PARAMETRIC_REPRESENTATION_CONTEXT() REPRESENTATION_CONTEXT('2D SPACE',''
  ) );
#3746 = ORIENTED_EDGE('',*,*,#3690,.F.);
#3747 = ORIENTED_EDGE('',*,*,#3748,.T.);
#3748 = EDGE_CURVE('',#3691,#3691,#3749,.T.);
#3749 = SURFACE_CURVE('',#3750,(#3755,#3762),.PCURVE_S1.);
#3750 = CIRCLE('',#3751,0.15);
#3751 = AXIS2_PLACEMENT_3D('',#3752,#3753,#3754);
#3752 = CARTESIAN_POINT('',(-1.,-0.8,0.));
#3753 = DIRECTION('',(-1.110223024625E-16,1.232595164408E-32,-1.));
#3754 = DIRECTION('',(1.110223024625E-16,1.,0.));
#3755 = PCURVE('',#3701,#3756);
#3756 = DEFINITIONAL_REPRESENTATION('',(#3757),#3761);
#3757 = LINE('',#3758,#3759);
#3758 = CARTESIAN_POINT('',(0.,0.));
#3759 = VECTOR('',#3760,1.);
#3760 = DIRECTION('',(1.,0.));
#3761 = ( GEOMETRIC_REPRESENTATION_CONTEXT(2) 
PARAMETRIC_REPRESENTATION_CONTEXT() REPRESENTATION_CONTEXT('2D SPACE',''
  ) );
#3762 = PCURVE('',#3763,#3768);
#3763 = PLANE('',#3764);
#3764 = AXIS2_PLACEMENT_3D('',#3765,#3766,#3767);
#3765 = CARTESIAN_POINT('',(-1.,-0.8,-3.08572171572E-34));
#3766 = DIRECTION('',(1.110223024625E-16,-1.232595164408E-32,1.));
#3767 = DIRECTION('',(1.,-1.110223024625E-16,-1.110223024625E-16));
#3768 = DEFINITIONAL_REPRESENTATION('',(#3769),#3777);
#3769 = ( BOUNDED_CURVE() B_SPLINE_CURVE(2,(#3770,#3771,#3772,#3773,
#3774,#3775,#3776),.UNSPECIFIED.,.T.,.F.) B_SPLINE_CURVE_WITH_KNOTS((1,2
    ,2,2,2,1),(-2.094395102393,0.,2.094395102393,4.188790204786,
6.28318530718,8.377580409573),.UNSPECIFIED.) CURVE() 
GEOMETRIC_REPRESENTATION_ITEM() RATIONAL_B_SPLINE_CURVE((1.,0.5,1.,0.5,
1.,0.5,1.)) REPRESENTATION_ITEM('') );
#3770 = CARTESIAN_POINT('',(0.,0.15));
#3771 = CARTESIAN_POINT('',(0.259807621135,0.15));
#3772 = CARTESIAN_POINT('',(0.129903810568,-7.5E-02));
#3773 = CARTESIAN_POINT('',(3.673940397442E-17,-0.3));
#3774 = CARTESIAN_POINT('',(-0.129903810568,-7.5E-02));
#3775 = CARTESIAN_POINT('',(-0.259807621135,0.15));
#3776 = CARTESIAN_POINT('',(0.,0.15));
#3777 = ( GEOMETRIC_REPRESENTATION_CONTEXT(2) 
PARAMETRIC_REPRESENTATION_CONTEXT() REPRESENTATION_CONTEXT('2D SPACE',''
  ) );
#3778 = ADVANCED_FACE('',(#3779),#3735,.T.);
#3779 = FACE_BOUND('',#3780,.T.);
#3780 = EDGE_LOOP('',(#3781,#3805,#3832,#3833));
#3781 = ORIENTED_EDGE('',*,*,#3782,.T.);
#3782 = EDGE_CURVE('',#3693,#3783,#3785,.T.);
#3783 = VERTEX_POINT('',#3784);
#3784 = CARTESIAN_POINT('',(-1.,0.65,-5.833333333333));
#3785 = SEAM_CURVE('',#3786,(#3791,#3798),.PCURVE_S1.);
#3786 = CIRCLE('',#3787,0.65);
#3787 = AXIS2_PLACEMENT_3D('',#3788,#3789,#3790);
#3788 = CARTESIAN_POINT('',(-1.,1.110223024625E-16,-5.833333333333));
#3789 = DIRECTION('',(1.,-1.110223024625E-16,-1.110223024625E-16));
#3790 = DIRECTION('',(-1.110223024625E-16,-1.,-1.110223024625E-15));
#3791 = PCURVE('',#3735,#3792);
#3792 = DEFINITIONAL_REPRESENTATION('',(#3793),#3797);
#3793 = LINE('',#3794,#3795);
#3794 = CARTESIAN_POINT('',(0.,3.14159265359));
#3795 = VECTOR('',#3796,1.);
#3796 = DIRECTION('',(1.,0.));
#3797 = ( GEOMETRIC_REPRESENTATION_CONTEXT(2) 
PARAMETRIC_REPRESENTATION_CONTEXT() REPRESENTATION_CONTEXT('2D SPACE',''
  ) );
#3798 = PCURVE('',#3735,#3799);
#3799 = DEFINITIONAL_REPRESENTATION('',(#3800),#3804);
#3800 = LINE('',#3801,#3802);
#3801 = CARTESIAN_POINT('',(0.,9.424777960769));
#3802 = VECTOR('',#3803,1.);
#3803 = DIRECTION('',(1.,0.));
#3804 = ( GEOMETRIC_REPRESENTATION_CONTEXT(2) 
PARAMETRIC_REPRESENTATION_CONTEXT() REPRESENTATION_CONTEXT('2D SPACE',''
  ) );
#3805 = ORIENTED_EDGE('',*,*,#3806,.T.);
#3806 = EDGE_CURVE('',#3783,#3783,#3807,.T.);
#3807 = SURFACE_CURVE('',#3808,(#3813,#3820),.PCURVE_S1.);
#3808 = CIRCLE('',#3809,0.15);
#3809 = AXIS2_PLACEMENT_3D('',#3810,#3811,#3812);
#3810 = CARTESIAN_POINT('',(-1.,0.8,-5.833333333333));
#3811 = DIRECTION('',(-1.110223024625E-16,-1.23268770454E-15,-1.));
#3812 = DIRECTION('',(1.110223024625E-16,1.,-1.23268770454E-15));
#3813 = PCURVE('',#3735,#3814);
#3814 = DEFINITIONAL_REPRESENTATION('',(#3815),#3819);
#3815 = LINE('',#3816,#3817);
#3816 = CARTESIAN_POINT('',(3.14159265359,0.));
#3817 = VECTOR('',#3818,1.);
#3818 = DIRECTION('',(0.,1.));
#3819 = ( GEOMETRIC_REPRESENTATION_CONTEXT(2) 
PARAMETRIC_REPRESENTATION_CONTEXT() REPRESENTATION_CONTEXT('2D SPACE',''
  ) );
#3820 = PCURVE('',#3821,#3826);
#3821 = CYLINDRICAL_SURFACE('',#3822,0.15);
#3822 = AXIS2_PLACEMENT_3D('',#3823,#3824,#3825);
#3823 = CARTESIAN_POINT('',(-1.,0.8,-5.833333333333));
#3824 = DIRECTION('',(1.110223024625E-16,-1.232595164408E-32,1.));
#3825 = DIRECTION('',(-1.110223024625E-16,-1.,0.));
#3826 = DEFINITIONAL_REPRESENTATION('',(#3827),#3831);
#3827 = LINE('',#3828,#3829);
#3828 = CARTESIAN_POINT('',(9.424777960769,0.));
#3829 = VECTOR('',#3830,1.);
#3830 = DIRECTION('',(-1.,-0.));
#3831 = ( GEOMETRIC_REPRESENTATION_CONTEXT(2) 
PARAMETRIC_REPRESENTATION_CONTEXT() REPRESENTATION_CONTEXT('2D SPACE',''
  ) );
#3832 = ORIENTED_EDGE('',*,*,#3782,.F.);
#3833 = ORIENTED_EDGE('',*,*,#3720,.T.);
#3834 = ADVANCED_FACE('',(#3835),#3821,.T.);
#3835 = FACE_BOUND('',#3836,.T.);
#3836 = EDGE_LOOP('',(#3837,#3860,#3891,#3892));
#3837 = ORIENTED_EDGE('',*,*,#3838,.T.);
#3838 = EDGE_CURVE('',#3783,#3839,#3841,.T.);
#3839 = VERTEX_POINT('',#3840);
#3840 = CARTESIAN_POINT('',(-1.,0.65,0.));
#3841 = SEAM_CURVE('',#3842,(#3846,#3853),.PCURVE_S1.);
#3842 = LINE('',#3843,#3844);
#3843 = CARTESIAN_POINT('',(-1.,0.65,-5.833333333333));
#3844 = VECTOR('',#3845,1.);
#3845 = DIRECTION('',(1.110223024625E-16,-1.232595164408E-32,1.));
#3846 = PCURVE('',#3821,#3847);
#3847 = DEFINITIONAL_REPRESENTATION('',(#3848),#3852);
#3848 = LINE('',#3849,#3850);
#3849 = CARTESIAN_POINT('',(6.28318530718,0.));
#3850 = VECTOR('',#3851,1.);
#3851 = DIRECTION('',(0.,1.));
#3852 = ( GEOMETRIC_REPRESENTATION_CONTEXT(2) 
PARAMETRIC_REPRESENTATION_CONTEXT() REPRESENTATION_CONTEXT('2D SPACE',''
  ) );
#3853 = PCURVE('',#3821,#3854);
#3854 = DEFINITIONAL_REPRESENTATION('',(#3855),#3859);
#3855 = LINE('',#3856,#3857);
#3856 = CARTESIAN_POINT('',(0.,0.));
#3857 = VECTOR('',#3858,1.);
#3858 = DIRECTION('',(0.,1.));
#3859 = ( GEOMETRIC_REPRESENTATION_CONTEXT(2) 
PARAMETRIC_REPRESENTATION_CONTEXT() REPRESENTATION_CONTEXT('2D SPACE',''
  ) );
#3860 = ORIENTED_EDGE('',*,*,#3861,.F.);
#3861 = EDGE_CURVE('',#3839,#3839,#3862,.T.);
#3862 = SURFACE_CURVE('',#3863,(#3868,#3875),.PCURVE_S1.);
#3863 = CIRCLE('',#3864,0.15);
#3864 = AXIS2_PLACEMENT_3D('',#3865,#3866,#3867);
#3865 = CARTESIAN_POINT('',(-1.,0.8,0.));
#3866 = DIRECTION('',(1.110223024625E-16,-1.232595164408E-32,1.));
#3867 = DIRECTION('',(-1.110223024625E-16,-1.,0.));
#3868 = PCURVE('',#3821,#3869);
#3869 = DEFINITIONAL_REPRESENTATION('',(#3870),#3874);
#3870 = LINE('',#3871,#3872);
#3871 = CARTESIAN_POINT('',(0.,5.833333333333));
#3872 = VECTOR('',#3873,1.);
#3873 = DIRECTION('',(1.,0.));
#3874 = ( GEOMETRIC_REPRESENTATION_CONTEXT(2) 
PARAMETRIC_REPRESENTATION_CONTEXT() REPRESENTATION_CONTEXT('2D SPACE',''
  ) );
#3875 = PCURVE('',#3876,#3881);
#3876 = PLANE('',#3877);
#3877 = AXIS2_PLACEMENT_3D('',#3878,#3879,#3880);
#3878 = CARTESIAN_POINT('',(-1.,0.8,6.798155367234E-34));
#3879 = DIRECTION('',(-1.110223024625E-16,1.232595164408E-32,-1.));
#3880 = DIRECTION('',(-1.,1.110223024625E-16,1.110223024625E-16));
#3881 = DEFINITIONAL_REPRESENTATION('',(#3882),#3890);
#3882 = ( BOUNDED_CURVE() B_SPLINE_CURVE(2,(#3883,#3884,#3885,#3886,
#3887,#3888,#3889),.UNSPECIFIED.,.T.,.F.) B_SPLINE_CURVE_WITH_KNOTS((1,2
    ,2,2,2,1),(-2.094395102393,0.,2.094395102393,4.188790204786,
6.28318530718,8.377580409573),.UNSPECIFIED.) CURVE() 
GEOMETRIC_REPRESENTATION_ITEM() RATIONAL_B_SPLINE_CURVE((1.,0.5,1.,0.5,
1.,0.5,1.)) REPRESENTATION_ITEM('') );
#3883 = CARTESIAN_POINT('',(2.465190328816E-32,-0.15));
#3884 = CARTESIAN_POINT('',(-0.259807621135,-0.15));
#3885 = CARTESIAN_POINT('',(-0.129903810568,7.5E-02));
#3886 = CARTESIAN_POINT('',(-3.673940397442E-17,0.3));
#3887 = CARTESIAN_POINT('',(0.129903810568,7.5E-02));
#3888 = CARTESIAN_POINT('',(0.259807621135,-0.15));
#3889 = CARTESIAN_POINT('',(2.465190328816E-32,-0.15));
#3890 = ( GEOMETRIC_REPRESENTATION_CONTEXT(2) 
PARAMETRIC_REPRESENTATION_CONTEXT() REPRESENTATION_CONTEXT('2D SPACE',''
  ) );
#3891 = ORIENTED_EDGE('',*,*,#3838,.F.);
#3892 = ORIENTED_EDGE('',*,*,#3806,.F.);
#3893 = ADVANCED_FACE('',(#3894),#3763,.T.);
#3894 = FACE_BOUND('',#3895,.T.);
#3895 = EDGE_LOOP('',(#3896));
#3896 = ORIENTED_EDGE('',*,*,#3748,.F.);
#3897 = ADVANCED_FACE('',(#3898),#3876,.F.);
#3898 = FACE_BOUND('',#3899,.F.);
#3899 = EDGE_LOOP('',(#3900));
#3900 = ORIENTED_EDGE('',*,*,#3861,.F.);
#3901 = ( GEOMETRIC_REPRESENTATION_CONTEXT(3) 
GLOBAL_UNCERTAINTY_ASSIGNED_CONTEXT((#3905)) 
GLOBAL_UNIT_ASSIGNED_CONTEXT((#3902,#3903,#3904)) REPRESENTATION_CONTEXT
('Context #1','3D Context with UNIT and UNCERTAINTY') );
#3902 = ( LENGTH_UNIT() NAMED_UNIT(*) SI_UNIT(.MILLI.,.METRE.) );
#3903 = ( NAMED_UNIT(*) PLANE_ANGLE_UNIT() SI_UNIT($,.RADIAN.) );
#3904 = ( NAMED_UNIT(*) SI_UNIT($,.STERADIAN.) SOLID_ANGLE_UNIT() );
#3905 = UNCERTAINTY_MEASURE_WITH_UNIT(LENGTH_MEASURE(1.E-07),#3902,
  'distance_accuracy_value','confusion accuracy');
#3906 = CONTEXT_DEPENDENT_SHAPE_REPRESENTATION(#3907,#3909);
#3907 = ( REPRESENTATION_RELATIONSHIP('','',#3683,#10) 
REPRESENTATION_RELATIONSHIP_WITH_TRANSFORMATION(#3908) 
SHAPE_REPRESENTATION_RELATIONSHIP() );
#3908 = ITEM_DEFINED_TRANSFORMATION('','',#11,#79);
#3909 = PRODUCT_DEFINITION_SHAPE('Placement','Placement of an item',
  #3910);
#3910 = NEXT_ASSEMBLY_USAGE_OCCURRENCE('679','pipe_11','',#5,#3678,$);
#3911 = PRODUCT_RELATED_PRODUCT_CATEGORY('part',$,(#3680));
#3912 = SHAPE_DEFINITION_REPRESENTATION(#3913,#3919);
#3913 = PRODUCT_DEFINITION_SHAPE('','',#3914);
#3914 = PRODUCT_DEFINITION('design','',#3915,#3918);
#3915 = PRODUCT_DEFINITION_FORMATION('','',#3916);
#3916 = PRODUCT('pipe_12','pipe_12','',(#3917));
#3917 = PRODUCT_CONTEXT('',#2,'mechanical');
#3918 = PRODUCT_DEFINITION_CONTEXT('part definition',#2,'design');
#3919 = ADVANCED_BREP_SHAPE_REPRESENTATION('',(#11,#3920),#4137);
#3920 = MANIFOLD_SOLID_BREP('',#3921);
#3921 = CLOSED_SHELL('',(#3922,#4014,#4070,#4129,#4133));
#3922 = ADVANCED_FACE('',(#3923),#3937,.T.);
#3923 = FACE_BOUND('',#3924,.T.);
#3924 = EDGE_LOOP('',(#3925,#3955,#3982,#3983));
#3925 = ORIENTED_EDGE('',*,*,#3926,.T.);
#3926 = EDGE_CURVE('',#3927,#3929,#3931,.T.);
#3927 = VERTEX_POINT('',#3928);
#3928 = CARTESIAN_POINT('',(1.,-1.05,0.));
#3929 = VERTEX_POINT('',#3930);
#3930 = CARTESIAN_POINT('',(1.,-1.05,-6.666666666667));
#3931 = SEAM_CURVE('',#3932,(#3936,#3948),.PCURVE_S1.);
#3932 = LINE('',#3933,#3934);
#3933 = CARTESIAN_POINT('',(1.,-1.05,4.078893220341E-33));
#3934 = VECTOR('',#3935,1.);
#3935 = DIRECTION('',(-1.110223024625E-16,1.232595164408E-32,-1.));
#3936 = PCURVE('',#3937,#3942);
#3937 = CYLINDRICAL_SURFACE('',#3938,0.15);
#3938 = AXIS2_PLACEMENT_3D('',#3939,#3940,#3941);
#3939 = CARTESIAN_POINT('',(1.,-1.2,0.));
#3940 = DIRECTION('',(-1.110223024625E-16,1.232595164408E-32,-1.));
#3941 = DIRECTION('',(1.110223024625E-16,1.,0.));
#3942 = DEFINITIONAL_REPRESENTATION('',(#3943),#3947);
#3943 = LINE('',#3944,#3945);
#3944 = CARTESIAN_POINT('',(6.28318530718,0.));
#3945 = VECTOR('',#3946,1.);
#3946 = DIRECTION('',(0.,1.));
#3947 = ( GEOMETRIC_REPRESENTATION_CONTEXT(2) 
PARAMETRIC_REPRESENTATION_CONTEXT() REPRESENTATION_CONTEXT('2D SPACE',''
  ) );
#3948 = PCURVE('',#3937,#3949);
#3949 = DEFINITIONAL_REPRESENTATION('',(#3950),#3954);
#3950 = LINE('',#3951,#3952);
#3951 = CARTESIAN_POINT('',(0.,0.));
#3952 = VECTOR('',#3953,1.);
#3953 = DIRECTION('',(0.,1.));
#3954 = ( GEOMETRIC_REPRESENTATION_CONTEXT(2) 
PARAMETRIC_REPRESENTATION_CONTEXT() REPRESENTATION_CONTEXT('2D SPACE',''
  ) );
#3955 = ORIENTED_EDGE('',*,*,#3956,.F.);
#3956 = EDGE_CURVE('',#3929,#3929,#3957,.T.);
#3957 = SURFACE_CURVE('',#3958,(#3963,#3970),.PCURVE_S1.);
#3958 = CIRCLE('',#3959,0.15);
#3959 = AXIS2_PLACEMENT_3D('',#3960,#3961,#3962);
#3960 = CARTESIAN_POINT('',(1.,-1.2,-6.666666666667));
#3961 = DIRECTION('',(-1.110223024625E-16,1.232595164408E-32,-1.));
#3962 = DIRECTION('',(1.110223024625E-16,1.,0.));
#3963 = PCURVE('',#3937,#3964);
#3964 = DEFINITIONAL_REPRESENTATION('',(#3965),#3969);
#3965 = LINE('',#3966,#3967);
#3966 = CARTESIAN_POINT('',(0.,6.666666666667));
#3967 = VECTOR('',#3968,1.);
#3968 = DIRECTION('',(1.,0.));
#3969 = ( GEOMETRIC_REPRESENTATION_CONTEXT(2) 
PARAMETRIC_REPRESENTATION_CONTEXT() REPRESENTATION_CONTEXT('2D SPACE',''
  ) );
#3970 = PCURVE('',#3971,#3976);
#3971 = TOROIDAL_SURFACE('',#3972,1.2,0.15);
#3972 = AXIS2_PLACEMENT_3D('',#3973,#3974,#3975);
#3973 = CARTESIAN_POINT('',(1.,0.,-6.666666666667));
#3974 = DIRECTION('',(1.,-1.110223024625E-16,-1.110223024625E-16));
#3975 = DIRECTION('',(-1.110223024625E-16,-1.,0.));
#3976 = DEFINITIONAL_REPRESENTATION('',(#3977),#3981);
#3977 = LINE('',#3978,#3979);
#3978 = CARTESIAN_POINT('',(0.,9.424777960769));
#3979 = VECTOR('',#3980,1.);
#3980 = DIRECTION('',(-0.,-1.));
#3981 = ( GEOMETRIC_REPRESENTATION_CONTEXT(2) 
PARAMETRIC_REPRESENTATION_CONTEXT() REPRESENTATION_CONTEXT('2D SPACE',''
  ) );
#3982 = ORIENTED_EDGE('',*,*,#3926,.F.);
#3983 = ORIENTED_EDGE('',*,*,#3984,.T.);
#3984 = EDGE_CURVE('',#3927,#3927,#3985,.T.);
#3985 = SURFACE_CURVE('',#3986,(#3991,#3998),.PCURVE_S1.);
#3986 = CIRCLE('',#3987,0.15);
#3987 = AXIS2_PLACEMENT_3D('',#3988,#3989,#3990);
#3988 = CARTESIAN_POINT('',(1.,-1.2,0.));
#3989 = DIRECTION('',(-1.110223024625E-16,1.232595164408E-32,-1.));
#3990 = DIRECTION('',(1.110223024625E-16,1.,0.));
#3991 = PCURVE('',#3937,#3992);
#3992 = DEFINITIONAL_REPRESENTATION('',(#3993),#3997);
#3993 = LINE('',#3994,#3995);
#3994 = CARTESIAN_POINT('',(0.,0.));
#3995 = VECTOR('',#3996,1.);
#3996 = DIRECTION('',(1.,0.));
#3997 = ( GEOMETRIC_REPRESENTATION_CONTEXT(2) 
PARAMETRIC_REPRESENTATION_CONTEXT() REPRESENTATION_CONTEXT('2D SPACE',''
  ) );
#3998 = PCURVE('',#3999,#4004);
#3999 = PLANE('',#4000);
#4000 = AXIS2_PLACEMENT_3D('',#4001,#4002,#4003);
#4001 = CARTESIAN_POINT('',(1.,-1.2,-3.08572171572E-34));
#4002 = DIRECTION('',(1.110223024625E-16,-1.232595164408E-32,1.));
#4003 = DIRECTION('',(1.,-1.110223024625E-16,-1.110223024625E-16));
#4004 = DEFINITIONAL_REPRESENTATION('',(#4005),#4013);
#4005 = ( BOUNDED_CURVE() B_SPLINE_CURVE(2,(#4006,#4007,#4008,#4009,
#4010,#4011,#4012),.UNSPECIFIED.,.T.,.F.) B_SPLINE_CURVE_WITH_KNOTS((1,2
    ,2,2,2,1),(-2.094395102393,0.,2.094395102393,4.188790204786,
6.28318530718,8.377580409573),.UNSPECIFIED.) CURVE() 
GEOMETRIC_REPRESENTATION_ITEM() RATIONAL_B_SPLINE_CURVE((1.,0.5,1.,0.5,
1.,0.5,1.)) REPRESENTATION_ITEM('') );
#4006 = CARTESIAN_POINT('',(0.,0.15));
#4007 = CARTESIAN_POINT('',(0.259807621135,0.15));
#4008 = CARTESIAN_POINT('',(0.129903810568,-7.5E-02));
#4009 = CARTESIAN_POINT('',(3.673940397442E-17,-0.3));
#4010 = CARTESIAN_POINT('',(-0.129903810568,-7.5E-02));
#4011 = CARTESIAN_POINT('',(-0.259807621135,0.15));
#4012 = CARTESIAN_POINT('',(0.,0.15));
#4013 = ( GEOMETRIC_REPRESENTATION_CONTEXT(2) 
PARAMETRIC_REPRESENTATION_CONTEXT() REPRESENTATION_CONTEXT('2D SPACE',''
  ) );
#4014 = ADVANCED_FACE('',(#4015),#3971,.T.);
#4015 = FACE_BOUND('',#4016,.T.);
#4016 = EDGE_LOOP('',(#4017,#4041,#4068,#4069));
#4017 = ORIENTED_EDGE('',*,*,#4018,.T.);
#4018 = EDGE_CURVE('',#3929,#4019,#4021,.T.);
#4019 = VERTEX_POINT('',#4020);
#4020 = CARTESIAN_POINT('',(1.,1.05,-6.666666666667));
#4021 = SEAM_CURVE('',#4022,(#4027,#4034),.PCURVE_S1.);
#4022 = CIRCLE('',#4023,1.05);
#4023 = AXIS2_PLACEMENT_3D('',#4024,#4025,#4026);
#4024 = CARTESIAN_POINT('',(1.,0.,-6.666666666667));
#4025 = DIRECTION('',(1.,-1.110223024625E-16,-1.110223024625E-16));
#4026 = DIRECTION('',(-1.110223024625E-16,-1.,0.));
#4027 = PCURVE('',#3971,#4028);
#4028 = DEFINITIONAL_REPRESENTATION('',(#4029),#4033);
#4029 = LINE('',#4030,#4031);
#4030 = CARTESIAN_POINT('',(0.,3.14159265359));
#4031 = VECTOR('',#4032,1.);
#4032 = DIRECTION('',(1.,0.));
#4033 = ( GEOMETRIC_REPRESENTATION_CONTEXT(2) 
PARAMETRIC_REPRESENTATION_CONTEXT() REPRESENTATION_CONTEXT('2D SPACE',''
  ) );
#4034 = PCURVE('',#3971,#4035);
#4035 = DEFINITIONAL_REPRESENTATION('',(#4036),#4040);
#4036 = LINE('',#4037,#4038);
#4037 = CARTESIAN_POINT('',(0.,9.424777960769));
#4038 = VECTOR('',#4039,1.);
#4039 = DIRECTION('',(1.,0.));
#4040 = ( GEOMETRIC_REPRESENTATION_CONTEXT(2) 
PARAMETRIC_REPRESENTATION_CONTEXT() REPRESENTATION_CONTEXT('2D SPACE',''
  ) );
#4041 = ORIENTED_EDGE('',*,*,#4042,.T.);
#4042 = EDGE_CURVE('',#4019,#4019,#4043,.T.);
#4043 = SURFACE_CURVE('',#4044,(#4049,#4056),.PCURVE_S1.);
#4044 = CIRCLE('',#4045,0.15);
#4045 = AXIS2_PLACEMENT_3D('',#4046,#4047,#4048);
#4046 = CARTESIAN_POINT('',(1.,1.2,-6.666666666667));
#4047 = DIRECTION('',(-1.110223024625E-16,-1.224646799147E-16,-1.));
#4048 = DIRECTION('',(1.110223024625E-16,1.,-1.224646799147E-16));
#4049 = PCURVE('',#3971,#4050);
#4050 = DEFINITIONAL_REPRESENTATION('',(#4051),#4055);
#4051 = LINE('',#4052,#4053);
#4052 = CARTESIAN_POINT('',(3.14159265359,0.));
#4053 = VECTOR('',#4054,1.);
#4054 = DIRECTION('',(0.,1.));
#4055 = ( GEOMETRIC_REPRESENTATION_CONTEXT(2) 
PARAMETRIC_REPRESENTATION_CONTEXT() REPRESENTATION_CONTEXT('2D SPACE',''
  ) );
#4056 = PCURVE('',#4057,#4062);
#4057 = CYLINDRICAL_SURFACE('',#4058,0.15);
#4058 = AXIS2_PLACEMENT_3D('',#4059,#4060,#4061);
#4059 = CARTESIAN_POINT('',(1.,1.2,-6.666666666667));
#4060 = DIRECTION('',(1.110223024625E-16,-1.232595164408E-32,1.));
#4061 = DIRECTION('',(-1.110223024625E-16,-1.,0.));
#4062 = DEFINITIONAL_REPRESENTATION('',(#4063),#4067);
#4063 = LINE('',#4064,#4065);
#4064 = CARTESIAN_POINT('',(9.424777960769,0.));
#4065 = VECTOR('',#4066,1.);
#4066 = DIRECTION('',(-1.,-0.));
#4067 = ( GEOMETRIC_REPRESENTATION_CONTEXT(2) 
PARAMETRIC_REPRESENTATION_CONTEXT() REPRESENTATION_CONTEXT('2D SPACE',''
  ) );
#4068 = ORIENTED_EDGE('',*,*,#4018,.F.);
#4069 = ORIENTED_EDGE('',*,*,#3956,.T.);
#4070 = ADVANCED_FACE('',(#4071),#4057,.T.);
#4071 = FACE_BOUND('',#4072,.T.);
#4072 = EDGE_LOOP('',(#4073,#4096,#4127,#4128));
#4073 = ORIENTED_EDGE('',*,*,#4074,.T.);
#4074 = EDGE_CURVE('',#4019,#4075,#4077,.T.);
#4075 = VERTEX_POINT('',#4076);
#4076 = CARTESIAN_POINT('',(1.,1.05,0.));
#4077 = SEAM_CURVE('',#4078,(#4082,#4089),.PCURVE_S1.);
#4078 = LINE('',#4079,#4080);
#4079 = CARTESIAN_POINT('',(1.,1.05,-6.666666666667));
#4080 = VECTOR('',#4081,1.);
#4081 = DIRECTION('',(1.110223024625E-16,-1.232595164408E-32,1.));
#4082 = PCURVE('',#4057,#4083);
#4083 = DEFINITIONAL_REPRESENTATION('',(#4084),#4088);
#4084 = LINE('',#4085,#4086);
#4085 = CARTESIAN_POINT('',(6.28318530718,0.));
#4086 = VECTOR('',#4087,1.);
#4087 = DIRECTION('',(0.,1.));
#4088 = ( GEOMETRIC_REPRESENTATION_CONTEXT(2) 
PARAMETRIC_REPRESENTATION_CONTEXT() REPRESENTATION_CONTEXT('2D SPACE',''
  ) );
#4089 = PCURVE('',#4057,#4090);
#4090 = DEFINITIONAL_REPRESENTATION('',(#4091),#4095);
#4091 = LINE('',#4092,#4093);
#4092 = CARTESIAN_POINT('',(0.,0.));
#4093 = VECTOR('',#4094,1.);
#4094 = DIRECTION('',(0.,1.));
#4095 = ( GEOMETRIC_REPRESENTATION_CONTEXT(2) 
PARAMETRIC_REPRESENTATION_CONTEXT() REPRESENTATION_CONTEXT('2D SPACE',''
  ) );
#4096 = ORIENTED_EDGE('',*,*,#4097,.F.);
#4097 = EDGE_CURVE('',#4075,#4075,#4098,.T.);
#4098 = SURFACE_CURVE('',#4099,(#4104,#4111),.PCURVE_S1.);
#4099 = CIRCLE('',#4100,0.15);
#4100 = AXIS2_PLACEMENT_3D('',#4101,#4102,#4103);
#4101 = CARTESIAN_POINT('',(1.,1.2,0.));
#4102 = DIRECTION('',(1.110223024625E-16,-1.232595164408E-32,1.));
#4103 = DIRECTION('',(-1.110223024625E-16,-1.,0.));
#4104 = PCURVE('',#4057,#4105);
#4105 = DEFINITIONAL_REPRESENTATION('',(#4106),#4110);
#4106 = LINE('',#4107,#4108);
#4107 = CARTESIAN_POINT('',(0.,6.666666666667));
#4108 = VECTOR('',#4109,1.);
#4109 = DIRECTION('',(1.,0.));
#4110 = ( GEOMETRIC_REPRESENTATION_CONTEXT(2) 
PARAMETRIC_REPRESENTATION_CONTEXT() REPRESENTATION_CONTEXT('2D SPACE',''
  ) );
#4111 = PCURVE('',#4112,#4117);
#4112 = PLANE('',#4113);
#4113 = AXIS2_PLACEMENT_3D('',#4114,#4115,#4116);
#4114 = CARTESIAN_POINT('',(1.,1.2,-1.296959879867E-33));
#4115 = DIRECTION('',(-1.110223024625E-16,1.232595164408E-32,-1.));
#4116 = DIRECTION('',(-1.,1.110223024625E-16,1.110223024625E-16));
#4117 = DEFINITIONAL_REPRESENTATION('',(#4118),#4126);
#4118 = ( BOUNDED_CURVE() B_SPLINE_CURVE(2,(#4119,#4120,#4121,#4122,
#4123,#4124,#4125),.UNSPECIFIED.,.T.,.F.) B_SPLINE_CURVE_WITH_KNOTS((1,2
    ,2,2,2,1),(-2.094395102393,0.,2.094395102393,4.188790204786,
6.28318530718,8.377580409573),.UNSPECIFIED.) CURVE() 
GEOMETRIC_REPRESENTATION_ITEM() RATIONAL_B_SPLINE_CURVE((1.,0.5,1.,0.5,
1.,0.5,1.)) REPRESENTATION_ITEM('') );
#4119 = CARTESIAN_POINT('',(4.930380657631E-32,-0.15));
#4120 = CARTESIAN_POINT('',(-0.259807621135,-0.15));
#4121 = CARTESIAN_POINT('',(-0.129903810568,7.5E-02));
#4122 = CARTESIAN_POINT('',(-3.673940397442E-17,0.3));
#4123 = CARTESIAN_POINT('',(0.129903810568,7.5E-02));
#4124 = CARTESIAN_POINT('',(0.259807621135,-0.15));
#4125 = CARTESIAN_POINT('',(4.930380657631E-32,-0.15));
#4126 = ( GEOMETRIC_REPRESENTATION_CONTEXT(2) 
PARAMETRIC_REPRESENTATION_CONTEXT() REPRESENTATION_CONTEXT('2D SPACE',''
  ) );
#4127 = ORIENTED_EDGE('',*,*,#4074,.F.);
#4128 = ORIENTED_EDGE('',*,*,#4042,.F.);
#4129 = ADVANCED_FACE('',(#4130),#3999,.T.);
#4130 = FACE_BOUND('',#4131,.T.);
#4131 = EDGE_LOOP('',(#4132));
#4132 = ORIENTED_EDGE('',*,*,#3984,.F.);
#4133 = ADVANCED_FACE('',(#4134),#4112,.F.);
#4134 = FACE_BOUND('',#4135,.F.);
#4135 = EDGE_LOOP('',(#4136));
#4136 = ORIENTED_EDGE('',*,*,#4097,.F.);
#4137 = ( GEOMETRIC_REPRESENTATION_CONTEXT(3) 
GLOBAL_UNCERTAINTY_ASSIGNED_CONTEXT((#4141)) 
GLOBAL_UNIT_ASSIGNED_CONTEXT((#4138,#4139,#4140)) REPRESENTATION_CONTEXT
('Context #1','3D Context with UNIT and UNCERTAINTY') );
#4138 = ( LENGTH_UNIT() NAMED_UNIT(*) SI_UNIT(.MILLI.,.METRE.) );
#4139 = ( NAMED_UNIT(*) PLANE_ANGLE_UNIT() SI_UNIT($,.RADIAN.) );
#4140 = ( NAMED_UNIT(*) SI_UNIT($,.STERADIAN.) SOLID_ANGLE_UNIT() );
#4141 = UNCERTAINTY_MEASURE_WITH_UNIT(LENGTH_MEASURE(1.E-07),#4138,
  'distance_accuracy_value','confusion accuracy');
#4142 = CONTEXT_DEPENDENT_SHAPE_REPRESENTATION(#4143,#4145);
#4143 = ( REPRESENTATION_RELATIONSHIP('','',#3919,#10) 
REPRESENTATION_RELATIONSHIP_WITH_TRANSFORMATION(#4144) 
SHAPE_REPRESENTATION_RELATIONSHIP() );
#4144 = ITEM_DEFINED_TRANSFORMATION('','',#11,#83);
#4145 = PRODUCT_DEFINITION_SHAPE('Placement','Placement of an item',
  #4146);
#4146 = NEXT_ASSEMBLY_USAGE_OCCURRENCE('680','pipe_12','',#5,#3914,$);
#4147 = PRODUCT_RELATED_PRODUCT_CATEGORY('part',$,(#3916));
#4148 = SHAPE_DEFINITION_REPRESENTATION(#4149,#4155);
#4149 = PRODUCT_DEFINITION_SHAPE('','',#4150);
#4150 = PRODUCT_DEFINITION('design','',#4151,#4154);
#4151 = PRODUCT_DEFINITION_FORMATION('','',#4152);
#4152 = PRODUCT('pipe_13','pipe_13','',(#4153));
#4153 = PRODUCT_CONTEXT('',#2,'mechanical');
#4154 = PRODUCT_DEFINITION_CONTEXT('part definition',#2,'design');
#4155 = ADVANCED_BREP_SHAPE_REPRESENTATION('',(#11,#4156),#4373);
#4156 = MANIFOLD_SOLID_BREP('',#4157);
#4157 = CLOSED_SHELL('',(#4158,#4250,#4306,#4365,#4369));
#4158 = ADVANCED_FACE('',(#4159),#4173,.T.);
#4159 = FACE_BOUND('',#4160,.T.);
#4160 = EDGE_LOOP('',(#4161,#4191,#4218,#4219));
#4161 = ORIENTED_EDGE('',*,*,#4162,.T.);
#4162 = EDGE_CURVE('',#4163,#4165,#4167,.T.);
#4163 = VERTEX_POINT('',#4164);
#4164 = CARTESIAN_POINT('',(-1.,-1.05,0.));
#4165 = VERTEX_POINT('',#4166);
#4166 = CARTESIAN_POINT('',(-1.,-1.05,-6.666666666667));
#4167 = SEAM_CURVE('',#4168,(#4172,#4184),.PCURVE_S1.);
#4168 = LINE('',#4169,#4170);
#4169 = CARTESIAN_POINT('',(-1.,-1.05,4.078893220341E-33));
#4170 = VECTOR('',#4171,1.);
#4171 = DIRECTION('',(-1.110223024625E-16,1.232595164408E-32,-1.));
#4172 = PCURVE('',#4173,#4178);
#4173 = CYLINDRICAL_SURFACE('',#4174,0.15);
#4174 = AXIS2_PLACEMENT_3D('',#4175,#4176,#4177);
#4175 = CARTESIAN_POINT('',(-1.,-1.2,0.));
#4176 = DIRECTION('',(-1.110223024625E-16,1.232595164408E-32,-1.));
#4177 = DIRECTION('',(1.110223024625E-16,1.,0.));
#4178 = DEFINITIONAL_REPRESENTATION('',(#4179),#4183);
#4179 = LINE('',#4180,#4181);
#4180 = CARTESIAN_POINT('',(6.28318530718,0.));
#4181 = VECTOR('',#4182,1.);
#4182 = DIRECTION('',(0.,1.));
#4183 = ( GEOMETRIC_REPRESENTATION_CONTEXT(2) 
PARAMETRIC_REPRESENTATION_CONTEXT() REPRESENTATION_CONTEXT('2D SPACE',''
  ) );
#4184 = PCURVE('',#4173,#4185);
#4185 = DEFINITIONAL_REPRESENTATION('',(#4186),#4190);
#4186 = LINE('',#4187,#4188);
#4187 = CARTESIAN_POINT('',(0.,0.));
#4188 = VECTOR('',#4189,1.);
#4189 = DIRECTION('',(0.,1.));
#4190 = ( GEOMETRIC_REPRESENTATION_CONTEXT(2) 
PARAMETRIC_REPRESENTATION_CONTEXT() REPRESENTATION_CONTEXT('2D SPACE',''
  ) );
#4191 = ORIENTED_EDGE('',*,*,#4192,.F.);
#4192 = EDGE_CURVE('',#4165,#4165,#4193,.T.);
#4193 = SURFACE_CURVE('',#4194,(#4199,#4206),.PCURVE_S1.);
#4194 = CIRCLE('',#4195,0.15);
#4195 = AXIS2_PLACEMENT_3D('',#4196,#4197,#4198);
#4196 = CARTESIAN_POINT('',(-1.,-1.2,-6.666666666667));
#4197 = DIRECTION('',(-1.110223024625E-16,1.232595164408E-32,-1.));
#4198 = DIRECTION('',(1.110223024625E-16,1.,0.));
#4199 = PCURVE('',#4173,#4200);
#4200 = DEFINITIONAL_REPRESENTATION('',(#4201),#4205);
#4201 = LINE('',#4202,#4203);
#4202 = CARTESIAN_POINT('',(0.,6.666666666667));
#4203 = VECTOR('',#4204,1.);
#4204 = DIRECTION('',(1.,0.));
#4205 = ( GEOMETRIC_REPRESENTATION_CONTEXT(2) 
PARAMETRIC_REPRESENTATION_CONTEXT() REPRESENTATION_CONTEXT('2D SPACE',''
  ) );
#4206 = PCURVE('',#4207,#4212);
#4207 = TOROIDAL_SURFACE('',#4208,1.2,0.15);
#4208 = AXIS2_PLACEMENT_3D('',#4209,#4210,#4211);
#4209 = CARTESIAN_POINT('',(-1.,0.,-6.666666666667));
#4210 = DIRECTION('',(1.,-1.110223024625E-16,-1.110223024625E-16));
#4211 = DIRECTION('',(-1.110223024625E-16,-1.,0.));
#4212 = DEFINITIONAL_REPRESENTATION('',(#4213),#4217);
#4213 = LINE('',#4214,#4215);
#4214 = CARTESIAN_POINT('',(0.,9.424777960769));
#4215 = VECTOR('',#4216,1.);
#4216 = DIRECTION('',(-0.,-1.));
#4217 = ( GEOMETRIC_REPRESENTATION_CONTEXT(2) 
PARAMETRIC_REPRESENTATION_CONTEXT() REPRESENTATION_CONTEXT('2D SPACE',''
  ) );
#4218 = ORIENTED_EDGE('',*,*,#4162,.F.);
#4219 = ORIENTED_EDGE('',*,*,#4220,.T.);
#4220 = EDGE_CURVE('',#4163,#4163,#4221,.T.);
#4221 = SURFACE_CURVE('',#4222,(#4227,#4234),.PCURVE_S1.);
#4222 = CIRCLE('',#4223,0.15);
#4223 = AXIS2_PLACEMENT_3D('',#4224,#4225,#4226);
#4224 = CARTESIAN_POINT('',(-1.,-1.2,0.));
#4225 = DIRECTION('',(-1.110223024625E-16,1.232595164408E-32,-1.));
#4226 = DIRECTION('',(1.110223024625E-16,1.,0.));
#4227 = PCURVE('',#4173,#4228);
#4228 = DEFINITIONAL_REPRESENTATION('',(#4229),#4233);
#4229 = LINE('',#4230,#4231);
#4230 = CARTESIAN_POINT('',(0.,0.));
#4231 = VECTOR('',#4232,1.);
#4232 = DIRECTION('',(1.,0.));
#4233 = ( GEOMETRIC_REPRESENTATION_CONTEXT(2) 
PARAMETRIC_REPRESENTATION_CONTEXT() REPRESENTATION_CONTEXT('2D SPACE',''
  ) );
#4234 = PCURVE('',#4235,#4240);
#4235 = PLANE('',#4236);
#4236 = AXIS2_PLACEMENT_3D('',#4237,#4238,#4239);
#4237 = CARTESIAN_POINT('',(-1.,-1.2,-3.08572171572E-34));
#4238 = DIRECTION('',(1.110223024625E-16,-1.232595164408E-32,1.));
#4239 = DIRECTION('',(1.,-1.110223024625E-16,-1.110223024625E-16));
#4240 = DEFINITIONAL_REPRESENTATION('',(#4241),#4249);
#4241 = ( BOUNDED_CURVE() B_SPLINE_CURVE(2,(#4242,#4243,#4244,#4245,
#4246,#4247,#4248),.UNSPECIFIED.,.T.,.F.) B_SPLINE_CURVE_WITH_KNOTS((1,2
    ,2,2,2,1),(-2.094395102393,0.,2.094395102393,4.188790204786,
6.28318530718,8.377580409573),.UNSPECIFIED.) CURVE() 
GEOMETRIC_REPRESENTATION_ITEM() RATIONAL_B_SPLINE_CURVE((1.,0.5,1.,0.5,
1.,0.5,1.)) REPRESENTATION_ITEM('') );
#4242 = CARTESIAN_POINT('',(0.,0.15));
#4243 = CARTESIAN_POINT('',(0.259807621135,0.15));
#4244 = CARTESIAN_POINT('',(0.129903810568,-7.5E-02));
#4245 = CARTESIAN_POINT('',(3.673940397442E-17,-0.3));
#4246 = CARTESIAN_POINT('',(-0.129903810568,-7.5E-02));
#4247 = CARTESIAN_POINT('',(-0.259807621135,0.15));
#4248 = CARTESIAN_POINT('',(0.,0.15));
#4249 = ( GEOMETRIC_REPRESENTATION_CONTEXT(2) 
PARAMETRIC_REPRESENTATION_CONTEXT() REPRESENTATION_CONTEXT('2D SPACE',''
  ) );
#4250 = ADVANCED_FACE('',(#4251),#4207,.T.);
#4251 = FACE_BOUND('',#4252,.T.);
#4252 = EDGE_LOOP('',(#4253,#4277,#4304,#4305));
#4253 = ORIENTED_EDGE('',*,*,#4254,.T.);
#4254 = EDGE_CURVE('',#4165,#4255,#4257,.T.);
#4255 = VERTEX_POINT('',#4256);
#4256 = CARTESIAN_POINT('',(-1.,1.05,-6.666666666667));
#4257 = SEAM_CURVE('',#4258,(#4263,#4270),.PCURVE_S1.);
#4258 = CIRCLE('',#4259,1.05);
#4259 = AXIS2_PLACEMENT_3D('',#4260,#4261,#4262);
#4260 = CARTESIAN_POINT('',(-1.,0.,-6.666666666667));
#4261 = DIRECTION('',(1.,-1.110223024625E-16,-1.110223024625E-16));
#4262 = DIRECTION('',(-1.110223024625E-16,-1.,0.));
#4263 = PCURVE('',#4207,#4264);
#4264 = DEFINITIONAL_REPRESENTATION('',(#4265),#4269);
#4265 = LINE('',#4266,#4267);
#4266 = CARTESIAN_POINT('',(0.,3.14159265359));
#4267 = VECTOR('',#4268,1.);
#4268 = DIRECTION('',(1.,0.));
#4269 = ( GEOMETRIC_REPRESENTATION_CONTEXT(2) 
PARAMETRIC_REPRESENTATION_CONTEXT() REPRESENTATION_CONTEXT('2D SPACE',''
  ) );
#4270 = PCURVE('',#4207,#4271);
#4271 = DEFINITIONAL_REPRESENTATION('',(#4272),#4276);
#4272 = LINE('',#4273,#4274);
#4273 = CARTESIAN_POINT('',(0.,9.424777960769));
#4274 = VECTOR('',#4275,1.);
#4275 = DIRECTION('',(1.,0.));
#4276 = ( GEOMETRIC_REPRESENTATION_CONTEXT(2) 
PARAMETRIC_REPRESENTATION_CONTEXT() REPRESENTATION_CONTEXT('2D SPACE',''
  ) );
#4277 = ORIENTED_EDGE('',*,*,#4278,.T.);
#4278 = EDGE_CURVE('',#4255,#4255,#4279,.T.);
#4279 = SURFACE_CURVE('',#4280,(#4285,#4292),.PCURVE_S1.);
#4280 = CIRCLE('',#4281,0.15);
#4281 = AXIS2_PLACEMENT_3D('',#4282,#4283,#4284);
#4282 = CARTESIAN_POINT('',(-1.,1.2,-6.666666666667));
#4283 = DIRECTION('',(-1.110223024625E-16,-1.224646799147E-16,-1.));
#4284 = DIRECTION('',(1.110223024625E-16,1.,-1.224646799147E-16));
#4285 = PCURVE('',#4207,#4286);
#4286 = DEFINITIONAL_REPRESENTATION('',(#4287),#4291);
#4287 = LINE('',#4288,#4289);
#4288 = CARTESIAN_POINT('',(3.14159265359,0.));
#4289 = VECTOR('',#4290,1.);
#4290 = DIRECTION('',(0.,1.));
#4291 = ( GEOMETRIC_REPRESENTATION_CONTEXT(2) 
PARAMETRIC_REPRESENTATION_CONTEXT() REPRESENTATION_CONTEXT('2D SPACE',''
  ) );
#4292 = PCURVE('',#4293,#4298);
#4293 = CYLINDRICAL_SURFACE('',#4294,0.15);
#4294 = AXIS2_PLACEMENT_3D('',#4295,#4296,#4297);
#4295 = CARTESIAN_POINT('',(-1.,1.2,-6.666666666667));
#4296 = DIRECTION('',(1.110223024625E-16,-1.232595164408E-32,1.));
#4297 = DIRECTION('',(-1.110223024625E-16,-1.,0.));
#4298 = DEFINITIONAL_REPRESENTATION('',(#4299),#4303);
#4299 = LINE('',#4300,#4301);
#4300 = CARTESIAN_POINT('',(9.424777960769,0.));
#4301 = VECTOR('',#4302,1.);
#4302 = DIRECTION('',(-1.,-0.));
#4303 = ( GEOMETRIC_REPRESENTATION_CONTEXT(2) 
PARAMETRIC_REPRESENTATION_CONTEXT() REPRESENTATION_CONTEXT('2D SPACE',''
  ) );
#4304 = ORIENTED_EDGE('',*,*,#4254,.F.);
#4305 = ORIENTED_EDGE('',*,*,#4192,.T.);
#4306 = ADVANCED_FACE('',(#4307),#4293,.T.);
#4307 = FACE_BOUND('',#4308,.T.);
#4308 = EDGE_LOOP('',(#4309,#4332,#4363,#4364));
#4309 = ORIENTED_EDGE('',*,*,#4310,.T.);
#4310 = EDGE_CURVE('',#4255,#4311,#4313,.T.);
#4311 = VERTEX_POINT('',#4312);
#4312 = CARTESIAN_POINT('',(-1.,1.05,0.));
#4313 = SEAM_CURVE('',#4314,(#4318,#4325),.PCURVE_S1.);
#4314 = LINE('',#4315,#4316);
#4315 = CARTESIAN_POINT('',(-1.,1.05,-6.666666666667));
#4316 = VECTOR('',#4317,1.);
#4317 = DIRECTION('',(1.110223024625E-16,-1.232595164408E-32,1.));
#4318 = PCURVE('',#4293,#4319);
#4319 = DEFINITIONAL_REPRESENTATION('',(#4320),#4324);
#4320 = LINE('',#4321,#4322);
#4321 = CARTESIAN_POINT('',(6.28318530718,0.));
#4322 = VECTOR('',#4323,1.);
#4323 = DIRECTION('',(0.,1.));
#4324 = ( GEOMETRIC_REPRESENTATION_CONTEXT(2) 
PARAMETRIC_REPRESENTATION_CONTEXT() REPRESENTATION_CONTEXT('2D SPACE',''
  ) );
#4325 = PCURVE('',#4293,#4326);
#4326 = DEFINITIONAL_REPRESENTATION('',(#4327),#4331);
#4327 = LINE('',#4328,#4329);
#4328 = CARTESIAN_POINT('',(0.,0.));
#4329 = VECTOR('',#4330,1.);
#4330 = DIRECTION('',(0.,1.));
#4331 = ( GEOMETRIC_REPRESENTATION_CONTEXT(2) 
PARAMETRIC_REPRESENTATION_CONTEXT() REPRESENTATION_CONTEXT('2D SPACE',''
  ) );
#4332 = ORIENTED_EDGE('',*,*,#4333,.F.);
#4333 = EDGE_CURVE('',#4311,#4311,#4334,.T.);
#4334 = SURFACE_CURVE('',#4335,(#4340,#4347),.PCURVE_S1.);
#4335 = CIRCLE('',#4336,0.15);
#4336 = AXIS2_PLACEMENT_3D('',#4337,#4338,#4339);
#4337 = CARTESIAN_POINT('',(-1.,1.2,0.));
#4338 = DIRECTION('',(1.110223024625E-16,-1.232595164408E-32,1.));
#4339 = DIRECTION('',(-1.110223024625E-16,-1.,0.));
#4340 = PCURVE('',#4293,#4341);
#4341 = DEFINITIONAL_REPRESENTATION('',(#4342),#4346);
#4342 = LINE('',#4343,#4344);
#4343 = CARTESIAN_POINT('',(0.,6.666666666667));
#4344 = VECTOR('',#4345,1.);
#4345 = DIRECTION('',(1.,0.));
#4346 = ( GEOMETRIC_REPRESENTATION_CONTEXT(2) 
PARAMETRIC_REPRESENTATION_CONTEXT() REPRESENTATION_CONTEXT('2D SPACE',''
  ) );
#4347 = PCURVE('',#4348,#4353);
#4348 = PLANE('',#4349);
#4349 = AXIS2_PLACEMENT_3D('',#4350,#4351,#4352);
#4350 = CARTESIAN_POINT('',(-1.,1.2,-1.296959879867E-33));
#4351 = DIRECTION('',(-1.110223024625E-16,1.232595164408E-32,-1.));
#4352 = DIRECTION('',(-1.,1.110223024625E-16,1.110223024625E-16));
#4353 = DEFINITIONAL_REPRESENTATION('',(#4354),#4362);
#4354 = ( BOUNDED_CURVE() B_SPLINE_CURVE(2,(#4355,#4356,#4357,#4358,
#4359,#4360,#4361),.UNSPECIFIED.,.T.,.F.) B_SPLINE_CURVE_WITH_KNOTS((1,2
    ,2,2,2,1),(-2.094395102393,0.,2.094395102393,4.188790204786,
6.28318530718,8.377580409573),.UNSPECIFIED.) CURVE() 
GEOMETRIC_REPRESENTATION_ITEM() RATIONAL_B_SPLINE_CURVE((1.,0.5,1.,0.5,
1.,0.5,1.)) REPRESENTATION_ITEM('') );
#4355 = CARTESIAN_POINT('',(1.110223024625E-16,-0.15));
#4356 = CARTESIAN_POINT('',(-0.259807621135,-0.15));
#4357 = CARTESIAN_POINT('',(-0.129903810568,7.5E-02));
#4358 = CARTESIAN_POINT('',(7.42828984881E-17,0.3));
#4359 = CARTESIAN_POINT('',(0.129903810568,7.5E-02));
#4360 = CARTESIAN_POINT('',(0.259807621135,-0.15));
#4361 = CARTESIAN_POINT('',(1.110223024625E-16,-0.15));
#4362 = ( GEOMETRIC_REPRESENTATION_CONTEXT(2) 
PARAMETRIC_REPRESENTATION_CONTEXT() REPRESENTATION_CONTEXT('2D SPACE',''
  ) );
#4363 = ORIENTED_EDGE('',*,*,#4310,.F.);
#4364 = ORIENTED_EDGE('',*,*,#4278,.F.);
#4365 = ADVANCED_FACE('',(#4366),#4235,.T.);
#4366 = FACE_BOUND('',#4367,.T.);
#4367 = EDGE_LOOP('',(#4368));
#4368 = ORIENTED_EDGE('',*,*,#4220,.F.);
#4369 = ADVANCED_FACE('',(#4370),#4348,.F.);
#4370 = FACE_BOUND('',#4371,.F.);
#4371 = EDGE_LOOP('',(#4372));
#4372 = ORIENTED_EDGE('',*,*,#4333,.F.);
#4373 = ( GEOMETRIC_REPRESENTATION_CONTEXT(3) 
GLOBAL_UNCERTAINTY_ASSIGNED_CONTEXT((#4377)) 
GLOBAL_UNIT_ASSIGNED_CONTEXT((#4374,#4375,#4376)) REPRESENTATION_CONTEXT
('Context #1','3D Context with UNIT and UNCERTAINTY') );
#4374 = ( LENGTH_UNIT() NAMED_UNIT(*) SI_UNIT(.MILLI.,.METRE.) );
#4375 = ( NAMED_UNIT(*) PLANE_ANGLE_UNIT() SI_UNIT($,.RADIAN.) );
#4376 = ( NAMED_UNIT(*) SI_UNIT($,.STERADIAN.) SOLID_ANGLE_UNIT() );
#4377 = UNCERTAINTY_MEASURE_WITH_UNIT(LENGTH_MEASURE(1.E-07),#4374,
  'distance_accuracy_value','confusion accuracy');
#4378 = CONTEXT_DEPENDENT_SHAPE_REPRESENTATION(#4379,#4381);
#4379 = ( REPRESENTATION_RELATIONSHIP('','',#4155,#10) 
REPRESENTATION_RELATIONSHIP_WITH_TRANSFORMATION(#4380) 
SHAPE_REPRESENTATION_RELATIONSHIP() );
#4380 = ITEM_DEFINED_TRANSFORMATION('','',#11,#87);
#4381 = PRODUCT_DEFINITION_SHAPE('Placement','Placement of an item',
  #4382);
#4382 = NEXT_ASSEMBLY_USAGE_OCCURRENCE('681','pipe_13','',#5,#4150,$);
#4383 = PRODUCT_RELATED_PRODUCT_CATEGORY('part',$,(#4152));
#4384 = SHAPE_DEFINITION_REPRESENTATION(#4385,#4391);
#4385 = PRODUCT_DEFINITION_SHAPE('','',#4386);
#4386 = PRODUCT_DEFINITION('design','',#4387,#4390);
#4387 = PRODUCT_DEFINITION_FORMATION('','',#4388);
#4388 = PRODUCT('pipe_14','pipe_14','',(#4389));
#4389 = PRODUCT_CONTEXT('',#2,'mechanical');
#4390 = PRODUCT_DEFINITION_CONTEXT('part definition',#2,'design');
#4391 = ADVANCED_BREP_SHAPE_REPRESENTATION('',(#11,#4392),#4609);
#4392 = MANIFOLD_SOLID_BREP('',#4393);
#4393 = CLOSED_SHELL('',(#4394,#4486,#4542,#4601,#4605));
#4394 = ADVANCED_FACE('',(#4395),#4409,.T.);
#4395 = FACE_BOUND('',#4396,.T.);
#4396 = EDGE_LOOP('',(#4397,#4427,#4454,#4455));
#4397 = ORIENTED_EDGE('',*,*,#4398,.T.);
#4398 = EDGE_CURVE('',#4399,#4401,#4403,.T.);
#4399 = VERTEX_POINT('',#4400);
#4400 = CARTESIAN_POINT('',(1.6,-0.25,0.));
#4401 = VERTEX_POINT('',#4402);
#4402 = CARTESIAN_POINT('',(1.6,-0.25,-5.));
#4403 = SEAM_CURVE('',#4404,(#4408,#4420),.PCURVE_S1.);
#4404 = LINE('',#4405,#4406);
#4405 = CARTESIAN_POINT('',(1.6,-0.25,4.078893220341E-33));
#4406 = VECTOR('',#4407,1.);
#4407 = DIRECTION('',(-1.110223024625E-16,1.232595164408E-32,-1.));
#4408 = PCURVE('',#4409,#4414);
#4409 = CYLINDRICAL_SURFACE('',#4410,0.15);
#4410 = AXIS2_PLACEMENT_3D('',#4411,#4412,#4413);
#4411 = CARTESIAN_POINT('',(1.6,-0.4,0.));
#4412 = DIRECTION('',(-1.110223024625E-16,1.232595164408E-32,-1.));
#4413 = DIRECTION('',(1.110223024625E-16,1.,0.));
#4414 = DEFINITIONAL_REPRESENTATION('',(#4415),#4419);
#4415 = LINE('',#4416,#4417);
#4416 = CARTESIAN_POINT('',(6.28318530718,0.));
#4417 = VECTOR('',#4418,1.);
#4418 = DIRECTION('',(0.,1.));
#4419 = ( GEOMETRIC_REPRESENTATION_CONTEXT(2) 
PARAMETRIC_REPRESENTATION_CONTEXT() REPRESENTATION_CONTEXT('2D SPACE',''
  ) );
#4420 = PCURVE('',#4409,#4421);
#4421 = DEFINITIONAL_REPRESENTATION('',(#4422),#4426);
#4422 = LINE('',#4423,#4424);
#4423 = CARTESIAN_POINT('',(0.,0.));
#4424 = VECTOR('',#4425,1.);
#4425 = DIRECTION('',(0.,1.));
#4426 = ( GEOMETRIC_REPRESENTATION_CONTEXT(2) 
PARAMETRIC_REPRESENTATION_CONTEXT() REPRESENTATION_CONTEXT('2D SPACE',''
  ) );
#4427 = ORIENTED_EDGE('',*,*,#4428,.F.);
#4428 = EDGE_CURVE('',#4401,#4401,#4429,.T.);
#4429 = SURFACE_CURVE('',#4430,(#4435,#4442),.PCURVE_S1.);
#4430 = CIRCLE('',#4431,0.15);
#4431 = AXIS2_PLACEMENT_3D('',#4432,#4433,#4434);
#4432 = CARTESIAN_POINT('',(1.6,-0.4,-5.));
#4433 = DIRECTION('',(-1.110223024625E-16,1.232595164408E-32,-1.));
#4434 = DIRECTION('',(1.110223024625E-16,1.,0.));
#4435 = PCURVE('',#4409,#4436);
#4436 = DEFINITIONAL_REPRESENTATION('',(#4437),#4441);
#4437 = LINE('',#4438,#4439);
#4438 = CARTESIAN_POINT('',(0.,5.));
#4439 = VECTOR('',#4440,1.);
#4440 = DIRECTION('',(1.,0.));
#4441 = ( GEOMETRIC_REPRESENTATION_CONTEXT(2) 
PARAMETRIC_REPRESENTATION_CONTEXT() REPRESENTATION_CONTEXT('2D SPACE',''
  ) );
#4442 = PCURVE('',#4443,#4448);
#4443 = TOROIDAL_SURFACE('',#4444,0.4,0.15);
#4444 = AXIS2_PLACEMENT_3D('',#4445,#4446,#4447);
#4445 = CARTESIAN_POINT('',(1.6,5.551115123126E-17,-5.));
#4446 = DIRECTION('',(1.,-1.110223024625E-16,-1.110223024625E-16));
#4447 = DIRECTION('',(-1.110223024625E-16,-1.,0.));
#4448 = DEFINITIONAL_REPRESENTATION('',(#4449),#4453);
#4449 = LINE('',#4450,#4451);
#4450 = CARTESIAN_POINT('',(0.,9.424777960769));
#4451 = VECTOR('',#4452,1.);
#4452 = DIRECTION('',(-0.,-1.));
#4453 = ( GEOMETRIC_REPRESENTATION_CONTEXT(2) 
PARAMETRIC_REPRESENTATION_CONTEXT() REPRESENTATION_CONTEXT('2D SPACE',''
  ) );
#4454 = ORIENTED_EDGE('',*,*,#4398,.F.);
#4455 = ORIENTED_EDGE('',*,*,#4456,.T.);
#4456 = EDGE_CURVE('',#4399,#4399,#4457,.T.);
#4457 = SURFACE_CURVE('',#4458,(#4463,#4470),.PCURVE_S1.);
#4458 = CIRCLE('',#4459,0.15);
#4459 = AXIS2_PLACEMENT_3D('',#4460,#4461,#4462);
#4460 = CARTESIAN_POINT('',(1.6,-0.4,0.));
#4461 = DIRECTION('',(-1.110223024625E-16,1.232595164408E-32,-1.));
#4462 = DIRECTION('',(1.110223024625E-16,1.,0.));
#4463 = PCURVE('',#4409,#4464);
#4464 = DEFINITIONAL_REPRESENTATION('',(#4465),#4469);
#4465 = LINE('',#4466,#4467);
#4466 = CARTESIAN_POINT('',(0.,0.));
#4467 = VECTOR('',#4468,1.);
#4468 = DIRECTION('',(1.,0.));
#4469 = ( GEOMETRIC_REPRESENTATION_CONTEXT(2) 
PARAMETRIC_REPRESENTATION_CONTEXT() REPRESENTATION_CONTEXT('2D SPACE',''
  ) );
#4470 = PCURVE('',#4471,#4476);
#4471 = PLANE('',#4472);
#4472 = AXIS2_PLACEMENT_3D('',#4473,#4474,#4475);
#4473 = CARTESIAN_POINT('',(1.6,-0.4,-3.08572171572E-34));
#4474 = DIRECTION('',(1.110223024625E-16,-1.232595164408E-32,1.));
#4475 = DIRECTION('',(1.,-1.110223024625E-16,-1.110223024625E-16));
#4476 = DEFINITIONAL_REPRESENTATION('',(#4477),#4485);
#4477 = ( BOUNDED_CURVE() B_SPLINE_CURVE(2,(#4478,#4479,#4480,#4481,
#4482,#4483,#4484),.UNSPECIFIED.,.T.,.F.) B_SPLINE_CURVE_WITH_KNOTS((1,2
    ,2,2,2,1),(-2.094395102393,0.,2.094395102393,4.188790204786,
6.28318530718,8.377580409573),.UNSPECIFIED.) CURVE() 
GEOMETRIC_REPRESENTATION_ITEM() RATIONAL_B_SPLINE_CURVE((1.,0.5,1.,0.5,
1.,0.5,1.)) REPRESENTATION_ITEM('') );
#4478 = CARTESIAN_POINT('',(0.,0.15));
#4479 = CARTESIAN_POINT('',(0.259807621135,0.15));
#4480 = CARTESIAN_POINT('',(0.129903810568,-7.5E-02));
#4481 = CARTESIAN_POINT('',(3.673940397442E-17,-0.3));
#4482 = CARTESIAN_POINT('',(-0.129903810568,-7.5E-02));
#4483 = CARTESIAN_POINT('',(-0.259807621135,0.15));
#4484 = CARTESIAN_POINT('',(0.,0.15));
#4485 = ( GEOMETRIC_REPRESENTATION_CONTEXT(2) 
PARAMETRIC_REPRESENTATION_CONTEXT() REPRESENTATION_CONTEXT('2D SPACE',''
  ) );
#4486 = ADVANCED_FACE('',(#4487),#4443,.T.);
#4487 = FACE_BOUND('',#4488,.T.);
#4488 = EDGE_LOOP('',(#4489,#4513,#4540,#4541));
#4489 = ORIENTED_EDGE('',*,*,#4490,.T.);
#4490 = EDGE_CURVE('',#4401,#4491,#4493,.T.);
#4491 = VERTEX_POINT('',#4492);
#4492 = CARTESIAN_POINT('',(1.6,0.25,-5.));
#4493 = SEAM_CURVE('',#4494,(#4499,#4506),.PCURVE_S1.);
#4494 = CIRCLE('',#4495,0.25);
#4495 = AXIS2_PLACEMENT_3D('',#4496,#4497,#4498);
#4496 = CARTESIAN_POINT('',(1.6,5.551115123126E-17,-5.));
#4497 = DIRECTION('',(1.,-1.110223024625E-16,-1.110223024625E-16));
#4498 = DIRECTION('',(-1.110223024625E-16,-1.,0.));
#4499 = PCURVE('',#4443,#4500);
#4500 = DEFINITIONAL_REPRESENTATION('',(#4501),#4505);
#4501 = LINE('',#4502,#4503);
#4502 = CARTESIAN_POINT('',(0.,3.14159265359));
#4503 = VECTOR('',#4504,1.);
#4504 = DIRECTION('',(1.,0.));
#4505 = ( GEOMETRIC_REPRESENTATION_CONTEXT(2) 
PARAMETRIC_REPRESENTATION_CONTEXT() REPRESENTATION_CONTEXT('2D SPACE',''
  ) );
#4506 = PCURVE('',#4443,#4507);
#4507 = DEFINITIONAL_REPRESENTATION('',(#4508),#4512);
#4508 = LINE('',#4509,#4510);
#4509 = CARTESIAN_POINT('',(0.,9.424777960769));
#4510 = VECTOR('',#4511,1.);
#4511 = DIRECTION('',(1.,0.));
#4512 = ( GEOMETRIC_REPRESENTATION_CONTEXT(2) 
PARAMETRIC_REPRESENTATION_CONTEXT() REPRESENTATION_CONTEXT('2D SPACE',''
  ) );
#4513 = ORIENTED_EDGE('',*,*,#4514,.T.);
#4514 = EDGE_CURVE('',#4491,#4491,#4515,.T.);
#4515 = SURFACE_CURVE('',#4516,(#4521,#4528),.PCURVE_S1.);
#4516 = CIRCLE('',#4517,0.15);
#4517 = AXIS2_PLACEMENT_3D('',#4518,#4519,#4520);
#4518 = CARTESIAN_POINT('',(1.6,0.4,-5.));
#4519 = DIRECTION('',(-1.110223024625E-16,-1.224646799147E-16,-1.));
#4520 = DIRECTION('',(1.110223024625E-16,1.,-1.224646799147E-16));
#4521 = PCURVE('',#4443,#4522);
#4522 = DEFINITIONAL_REPRESENTATION('',(#4523),#4527);
#4523 = LINE('',#4524,#4525);
#4524 = CARTESIAN_POINT('',(3.14159265359,0.));
#4525 = VECTOR('',#4526,1.);
#4526 = DIRECTION('',(0.,1.));
#4527 = ( GEOMETRIC_REPRESENTATION_CONTEXT(2) 
PARAMETRIC_REPRESENTATION_CONTEXT() REPRESENTATION_CONTEXT('2D SPACE',''
  ) );
#4528 = PCURVE('',#4529,#4534);
#4529 = CYLINDRICAL_SURFACE('',#4530,0.15);
#4530 = AXIS2_PLACEMENT_3D('',#4531,#4532,#4533);
#4531 = CARTESIAN_POINT('',(1.6,0.4,-5.));
#4532 = DIRECTION('',(1.110223024625E-16,1.110223024625E-16,1.));
#4533 = DIRECTION('',(-1.110223024625E-16,-1.,1.110223024625E-16));
#4534 = DEFINITIONAL_REPRESENTATION('',(#4535),#4539);
#4535 = LINE('',#4536,#4537);
#4536 = CARTESIAN_POINT('',(9.424777960769,0.));
#4537 = VECTOR('',#4538,1.);
#4538 = DIRECTION('',(-1.,-0.));
#4539 = ( GEOMETRIC_REPRESENTATION_CONTEXT(2) 
PARAMETRIC_REPRESENTATION_CONTEXT() REPRESENTATION_CONTEXT('2D SPACE',''
  ) );
#4540 = ORIENTED_EDGE('',*,*,#4490,.F.);
#4541 = ORIENTED_EDGE('',*,*,#4428,.T.);
#4542 = ADVANCED_FACE('',(#4543),#4529,.T.);
#4543 = FACE_BOUND('',#4544,.T.);
#4544 = EDGE_LOOP('',(#4545,#4568,#4599,#4600));
#4545 = ORIENTED_EDGE('',*,*,#4546,.T.);
#4546 = EDGE_CURVE('',#4491,#4547,#4549,.T.);
#4547 = VERTEX_POINT('',#4548);
#4548 = CARTESIAN_POINT('',(1.6,0.25,0.));
#4549 = SEAM_CURVE('',#4550,(#4554,#4561),.PCURVE_S1.);
#4550 = LINE('',#4551,#4552);
#4551 = CARTESIAN_POINT('',(1.6,0.25,-5.));
#4552 = VECTOR('',#4553,1.);
#4553 = DIRECTION('',(1.110223024625E-16,1.110223024625E-16,1.));
#4554 = PCURVE('',#4529,#4555);
#4555 = DEFINITIONAL_REPRESENTATION('',(#4556),#4560);
#4556 = LINE('',#4557,#4558);
#4557 = CARTESIAN_POINT('',(6.28318530718,0.));
#4558 = VECTOR('',#4559,1.);
#4559 = DIRECTION('',(0.,1.));
#4560 = ( GEOMETRIC_REPRESENTATION_CONTEXT(2) 
PARAMETRIC_REPRESENTATION_CONTEXT() REPRESENTATION_CONTEXT('2D SPACE',''
  ) );
#4561 = PCURVE('',#4529,#4562);
#4562 = DEFINITIONAL_REPRESENTATION('',(#4563),#4567);
#4563 = LINE('',#4564,#4565);
#4564 = CARTESIAN_POINT('',(0.,0.));
#4565 = VECTOR('',#4566,1.);
#4566 = DIRECTION('',(0.,1.));
#4567 = ( GEOMETRIC_REPRESENTATION_CONTEXT(2) 
PARAMETRIC_REPRESENTATION_CONTEXT() REPRESENTATION_CONTEXT('2D SPACE',''
  ) );
#4568 = ORIENTED_EDGE('',*,*,#4569,.F.);
#4569 = EDGE_CURVE('',#4547,#4547,#4570,.T.);
#4570 = SURFACE_CURVE('',#4571,(#4576,#4583),.PCURVE_S1.);
#4571 = CIRCLE('',#4572,0.15);
#4572 = AXIS2_PLACEMENT_3D('',#4573,#4574,#4575);
#4573 = CARTESIAN_POINT('',(1.6,0.4,0.));
#4574 = DIRECTION('',(1.110223024625E-16,1.110223024625E-16,1.));
#4575 = DIRECTION('',(-1.110223024625E-16,-1.,1.110223024625E-16));
#4576 = PCURVE('',#4529,#4577);
#4577 = DEFINITIONAL_REPRESENTATION('',(#4578),#4582);
#4578 = LINE('',#4579,#4580);
#4579 = CARTESIAN_POINT('',(0.,5.));
#4580 = VECTOR('',#4581,1.);
#4581 = DIRECTION('',(1.,0.));
#4582 = ( GEOMETRIC_REPRESENTATION_CONTEXT(2) 
PARAMETRIC_REPRESENTATION_CONTEXT() REPRESENTATION_CONTEXT('2D SPACE',''
  ) );
#4583 = PCURVE('',#4584,#4589);
#4584 = PLANE('',#4585);
#4585 = AXIS2_PLACEMENT_3D('',#4586,#4587,#4588);
#4586 = CARTESIAN_POINT('',(1.6,0.4,-2.285347588163E-33));
#4587 = DIRECTION('',(-1.110223024625E-16,1.232595164408E-32,-1.));
#4588 = DIRECTION('',(-1.,1.110223024625E-16,1.110223024625E-16));
#4589 = DEFINITIONAL_REPRESENTATION('',(#4590),#4598);
#4590 = ( BOUNDED_CURVE() B_SPLINE_CURVE(2,(#4591,#4592,#4593,#4594,
#4595,#4596,#4597),.UNSPECIFIED.,.T.,.F.) B_SPLINE_CURVE_WITH_KNOTS((1,2
    ,2,2,2,1),(-2.094395102393,0.,2.094395102393,4.188790204786,
6.28318530718,8.377580409573),.UNSPECIFIED.) CURVE() 
GEOMETRIC_REPRESENTATION_ITEM() RATIONAL_B_SPLINE_CURVE((1.,0.5,1.,0.5,
1.,0.5,1.)) REPRESENTATION_ITEM('') );
#4591 = CARTESIAN_POINT('',(1.232595164408E-32,-0.15));
#4592 = CARTESIAN_POINT('',(-0.259807621135,-0.15));
#4593 = CARTESIAN_POINT('',(-0.129903810568,7.5E-02));
#4594 = CARTESIAN_POINT('',(-3.673940397442E-17,0.3));
#4595 = CARTESIAN_POINT('',(0.129903810568,7.5E-02));
#4596 = CARTESIAN_POINT('',(0.259807621135,-0.15));
#4597 = CARTESIAN_POINT('',(1.232595164408E-32,-0.15));
#4598 = ( GEOMETRIC_REPRESENTATION_CONTEXT(2) 
PARAMETRIC_REPRESENTATION_CONTEXT() REPRESENTATION_CONTEXT('2D SPACE',''
  ) );
#4599 = ORIENTED_EDGE('',*,*,#4546,.F.);
#4600 = ORIENTED_EDGE('',*,*,#4514,.F.);
#4601 = ADVANCED_FACE('',(#4602),#4471,.T.);
#4602 = FACE_BOUND('',#4603,.T.);
#4603 = EDGE_LOOP('',(#4604));
#4604 = ORIENTED_EDGE('',*,*,#4456,.F.);
#4605 = ADVANCED_FACE('',(#4606),#4584,.F.);
#4606 = FACE_BOUND('',#4607,.F.);
#4607 = EDGE_LOOP('',(#4608));
#4608 = ORIENTED_EDGE('',*,*,#4569,.F.);
#4609 = ( GEOMETRIC_REPRESENTATION_CONTEXT(3) 
GLOBAL_UNCERTAINTY_ASSIGNED_CONTEXT((#4613)) 
GLOBAL_UNIT_ASSIGNED_CONTEXT((#4610,#4611,#4612)) REPRESENTATION_CONTEXT
('Context #1','3D Context with UNIT and UNCERTAINTY') );
#4610 = ( LENGTH_UNIT() NAMED_UNIT(*) SI_UNIT(.MILLI.,.METRE.) );
#4611 = ( NAMED_UNIT(*) PLANE_ANGLE_UNIT() SI_UNIT($,.RADIAN.) );
#4612 = ( NAMED_UNIT(*) SI_UNIT($,.STERADIAN.) SOLID_ANGLE_UNIT() );
#4613 = UNCERTAINTY_MEASURE_WITH_UNIT(LENGTH_MEASURE(1.E-07),#4610,
  'distance_accuracy_value','confusion accuracy');
#4614 = CONTEXT_DEPENDENT_SHAPE_REPRESENTATION(#4615,#4617);
#4615 = ( REPRESENTATION_RELATIONSHIP('','',#4391,#10) 
REPRESENTATION_RELATIONSHIP_WITH_TRANSFORMATION(#4616) 
SHAPE_REPRESENTATION_RELATIONSHIP() );
#4616 = ITEM_DEFINED_TRANSFORMATION('','',#11,#91);
#4617 = PRODUCT_DEFINITION_SHAPE('Placement','Placement of an item',
  #4618);
#4618 = NEXT_ASSEMBLY_USAGE_OCCURRENCE('682','pipe_14','',#5,#4386,$);
#4619 = PRODUCT_RELATED_PRODUCT_CATEGORY('part',$,(#4388));
#4620 = SHAPE_DEFINITION_REPRESENTATION(#4621,#4627);
#4621 = PRODUCT_DEFINITION_SHAPE('','',#4622);
#4622 = PRODUCT_DEFINITION('design','',#4623,#4626);
#4623 = PRODUCT_DEFINITION_FORMATION('','',#4624);
#4624 = PRODUCT('pipe_15','pipe_15','',(#4625));
#4625 = PRODUCT_CONTEXT('',#2,'mechanical');
#4626 = PRODUCT_DEFINITION_CONTEXT('part definition',#2,'design');
#4627 = ADVANCED_BREP_SHAPE_REPRESENTATION('',(#11,#4628),#4845);
#4628 = MANIFOLD_SOLID_BREP('',#4629);
#4629 = CLOSED_SHELL('',(#4630,#4722,#4778,#4837,#4841));
#4630 = ADVANCED_FACE('',(#4631),#4645,.T.);
#4631 = FACE_BOUND('',#4632,.T.);
#4632 = EDGE_LOOP('',(#4633,#4663,#4690,#4691));
#4633 = ORIENTED_EDGE('',*,*,#4634,.T.);
#4634 = EDGE_CURVE('',#4635,#4637,#4639,.T.);
#4635 = VERTEX_POINT('',#4636);
#4636 = CARTESIAN_POINT('',(-1.6,-0.25,0.));
#4637 = VERTEX_POINT('',#4638);
#4638 = CARTESIAN_POINT('',(-1.6,-0.25,-5.));
#4639 = SEAM_CURVE('',#4640,(#4644,#4656),.PCURVE_S1.);
#4640 = LINE('',#4641,#4642);
#4641 = CARTESIAN_POINT('',(-1.6,-0.25,4.078893220341E-33));
#4642 = VECTOR('',#4643,1.);
#4643 = DIRECTION('',(-1.110223024625E-16,1.232595164408E-32,-1.));
#4644 = PCURVE('',#4645,#4650);
#4645 = CYLINDRICAL_SURFACE('',#4646,0.15);
#4646 = AXIS2_PLACEMENT_3D('',#4647,#4648,#4649);
#4647 = CARTESIAN_POINT('',(-1.6,-0.4,0.));
#4648 = DIRECTION('',(-1.110223024625E-16,1.232595164408E-32,-1.));
#4649 = DIRECTION('',(1.110223024625E-16,1.,0.));
#4650 = DEFINITIONAL_REPRESENTATION('',(#4651),#4655);
#4651 = LINE('',#4652,#4653);
#4652 = CARTESIAN_POINT('',(6.28318530718,0.));
#4653 = VECTOR('',#4654,1.);
#4654 = DIRECTION('',(0.,1.));
#4655 = ( GEOMETRIC_REPRESENTATION_CONTEXT(2) 
PARAMETRIC_REPRESENTATION_CONTEXT() REPRESENTATION_CONTEXT('2D SPACE',''
  ) );
#4656 = PCURVE('',#4645,#4657);
#4657 = DEFINITIONAL_REPRESENTATION('',(#4658),#4662);
#4658 = LINE('',#4659,#4660);
#4659 = CARTESIAN_POINT('',(0.,0.));
#4660 = VECTOR('',#4661,1.);
#4661 = DIRECTION('',(0.,1.));
#4662 = ( GEOMETRIC_REPRESENTATION_CONTEXT(2) 
PARAMETRIC_REPRESENTATION_CONTEXT() REPRESENTATION_CONTEXT('2D SPACE',''
  ) );
#4663 = ORIENTED_EDGE('',*,*,#4664,.F.);
#4664 = EDGE_CURVE('',#4637,#4637,#4665,.T.);
#4665 = SURFACE_CURVE('',#4666,(#4671,#4678),.PCURVE_S1.);
#4666 = CIRCLE('',#4667,0.15);
#4667 = AXIS2_PLACEMENT_3D('',#4668,#4669,#4670);
#4668 = CARTESIAN_POINT('',(-1.6,-0.4,-5.));
#4669 = DIRECTION('',(-1.110223024625E-16,1.232595164408E-32,-1.));
#4670 = DIRECTION('',(1.110223024625E-16,1.,0.));
#4671 = PCURVE('',#4645,#4672);
#4672 = DEFINITIONAL_REPRESENTATION('',(#4673),#4677);
#4673 = LINE('',#4674,#4675);
#4674 = CARTESIAN_POINT('',(0.,5.));
#4675 = VECTOR('',#4676,1.);
#4676 = DIRECTION('',(1.,0.));
#4677 = ( GEOMETRIC_REPRESENTATION_CONTEXT(2) 
PARAMETRIC_REPRESENTATION_CONTEXT() REPRESENTATION_CONTEXT('2D SPACE',''
  ) );
#4678 = PCURVE('',#4679,#4684);
#4679 = TOROIDAL_SURFACE('',#4680,0.4,0.15);
#4680 = AXIS2_PLACEMENT_3D('',#4681,#4682,#4683);
#4681 = CARTESIAN_POINT('',(-1.6,5.551115123126E-17,-5.));
#4682 = DIRECTION('',(1.,-1.110223024625E-16,-1.110223024625E-16));
#4683 = DIRECTION('',(-1.110223024625E-16,-1.,0.));
#4684 = DEFINITIONAL_REPRESENTATION('',(#4685),#4689);
#4685 = LINE('',#4686,#4687);
#4686 = CARTESIAN_POINT('',(0.,9.424777960769));
#4687 = VECTOR('',#4688,1.);
#4688 = DIRECTION('',(-0.,-1.));
#4689 = ( GEOMETRIC_REPRESENTATION_CONTEXT(2) 
PARAMETRIC_REPRESENTATION_CONTEXT() REPRESENTATION_CONTEXT('2D SPACE',''
  ) );
#4690 = ORIENTED_EDGE('',*,*,#4634,.F.);
#4691 = ORIENTED_EDGE('',*,*,#4692,.T.);
#4692 = EDGE_CURVE('',#4635,#4635,#4693,.T.);
#4693 = SURFACE_CURVE('',#4694,(#4699,#4706),.PCURVE_S1.);
#4694 = CIRCLE('',#4695,0.15);
#4695 = AXIS2_PLACEMENT_3D('',#4696,#4697,#4698);
#4696 = CARTESIAN_POINT('',(-1.6,-0.4,0.));
#4697 = DIRECTION('',(-1.110223024625E-16,1.232595164408E-32,-1.));
#4698 = DIRECTION('',(1.110223024625E-16,1.,0.));
#4699 = PCURVE('',#4645,#4700);
#4700 = DEFINITIONAL_REPRESENTATION('',(#4701),#4705);
#4701 = LINE('',#4702,#4703);
#4702 = CARTESIAN_POINT('',(0.,0.));
#4703 = VECTOR('',#4704,1.);
#4704 = DIRECTION('',(1.,0.));
#4705 = ( GEOMETRIC_REPRESENTATION_CONTEXT(2) 
PARAMETRIC_REPRESENTATION_CONTEXT() REPRESENTATION_CONTEXT('2D SPACE',''
  ) );
#4706 = PCURVE('',#4707,#4712);
#4707 = PLANE('',#4708);
#4708 = AXIS2_PLACEMENT_3D('',#4709,#4710,#4711);
#4709 = CARTESIAN_POINT('',(-1.6,-0.4,-3.08572171572E-34));
#4710 = DIRECTION('',(1.110223024625E-16,-1.232595164408E-32,1.));
#4711 = DIRECTION('',(1.,-1.110223024625E-16,-1.110223024625E-16));
#4712 = DEFINITIONAL_REPRESENTATION('',(#4713),#4721);
#4713 = ( BOUNDED_CURVE() B_SPLINE_CURVE(2,(#4714,#4715,#4716,#4717,
#4718,#4719,#4720),.UNSPECIFIED.,.T.,.F.) B_SPLINE_CURVE_WITH_KNOTS((1,2
    ,2,2,2,1),(-2.094395102393,0.,2.094395102393,4.188790204786,
6.28318530718,8.377580409573),.UNSPECIFIED.) CURVE() 
GEOMETRIC_REPRESENTATION_ITEM() RATIONAL_B_SPLINE_CURVE((1.,0.5,1.,0.5,
1.,0.5,1.)) REPRESENTATION_ITEM('') );
#4714 = CARTESIAN_POINT('',(0.,0.15));
#4715 = CARTESIAN_POINT('',(0.259807621135,0.15));
#4716 = CARTESIAN_POINT('',(0.129903810568,-7.5E-02));
#4717 = CARTESIAN_POINT('',(3.673940397442E-17,-0.3));
#4718 = CARTESIAN_POINT('',(-0.129903810568,-7.5E-02));
#4719 = CARTESIAN_POINT('',(-0.259807621135,0.15));
#4720 = CARTESIAN_POINT('',(0.,0.15));
#4721 = ( GEOMETRIC_REPRESENTATION_CONTEXT(2) 
PARAMETRIC_REPRESENTATION_CONTEXT() REPRESENTATION_CONTEXT('2D SPACE',''
  ) );
#4722 = ADVANCED_FACE('',(#4723),#4679,.T.);
#4723 = FACE_BOUND('',#4724,.T.);
#4724 = EDGE_LOOP('',(#4725,#4749,#4776,#4777));
#4725 = ORIENTED_EDGE('',*,*,#4726,.T.);
#4726 = EDGE_CURVE('',#4637,#4727,#4729,.T.);
#4727 = VERTEX_POINT('',#4728);
#4728 = CARTESIAN_POINT('',(-1.6,0.25,-5.));
#4729 = SEAM_CURVE('',#4730,(#4735,#4742),.PCURVE_S1.);
#4730 = CIRCLE('',#4731,0.25);
#4731 = AXIS2_PLACEMENT_3D('',#4732,#4733,#4734);
#4732 = CARTESIAN_POINT('',(-1.6,5.551115123126E-17,-5.));
#4733 = DIRECTION('',(1.,-1.110223024625E-16,-1.110223024625E-16));
#4734 = DIRECTION('',(-1.110223024625E-16,-1.,0.));
#4735 = PCURVE('',#4679,#4736);
#4736 = DEFINITIONAL_REPRESENTATION('',(#4737),#4741);
#4737 = LINE('',#4738,#4739);
#4738 = CARTESIAN_POINT('',(0.,3.14159265359));
#4739 = VECTOR('',#4740,1.);
#4740 = DIRECTION('',(1.,0.));
#4741 = ( GEOMETRIC_REPRESENTATION_CONTEXT(2) 
PARAMETRIC_REPRESENTATION_CONTEXT() REPRESENTATION_CONTEXT('2D SPACE',''
  ) );
#4742 = PCURVE('',#4679,#4743);
#4743 = DEFINITIONAL_REPRESENTATION('',(#4744),#4748);
#4744 = LINE('',#4745,#4746);
#4745 = CARTESIAN_POINT('',(0.,9.424777960769));
#4746 = VECTOR('',#4747,1.);
#4747 = DIRECTION('',(1.,0.));
#4748 = ( GEOMETRIC_REPRESENTATION_CONTEXT(2) 
PARAMETRIC_REPRESENTATION_CONTEXT() REPRESENTATION_CONTEXT('2D SPACE',''
  ) );
#4749 = ORIENTED_EDGE('',*,*,#4750,.T.);
#4750 = EDGE_CURVE('',#4727,#4727,#4751,.T.);
#4751 = SURFACE_CURVE('',#4752,(#4757,#4764),.PCURVE_S1.);
#4752 = CIRCLE('',#4753,0.15);
#4753 = AXIS2_PLACEMENT_3D('',#4754,#4755,#4756);
#4754 = CARTESIAN_POINT('',(-1.6,0.4,-5.));
#4755 = DIRECTION('',(-1.110223024625E-16,-1.224646799147E-16,-1.));
#4756 = DIRECTION('',(1.110223024625E-16,1.,-1.224646799147E-16));
#4757 = PCURVE('',#4679,#4758);
#4758 = DEFINITIONAL_REPRESENTATION('',(#4759),#4763);
#4759 = LINE('',#4760,#4761);
#4760 = CARTESIAN_POINT('',(3.14159265359,0.));
#4761 = VECTOR('',#4762,1.);
#4762 = DIRECTION('',(0.,1.));
#4763 = ( GEOMETRIC_REPRESENTATION_CONTEXT(2) 
PARAMETRIC_REPRESENTATION_CONTEXT() REPRESENTATION_CONTEXT('2D SPACE',''
  ) );
#4764 = PCURVE('',#4765,#4770);
#4765 = CYLINDRICAL_SURFACE('',#4766,0.15);
#4766 = AXIS2_PLACEMENT_3D('',#4767,#4768,#4769);
#4767 = CARTESIAN_POINT('',(-1.6,0.4,-5.));
#4768 = DIRECTION('',(1.110223024625E-16,1.110223024625E-16,1.));
#4769 = DIRECTION('',(-1.110223024625E-16,-1.,1.110223024625E-16));
#4770 = DEFINITIONAL_REPRESENTATION('',(#4771),#4775);
#4771 = LINE('',#4772,#4773);
#4772 = CARTESIAN_POINT('',(9.424777960769,0.));
#4773 = VECTOR('',#4774,1.);
#4774 = DIRECTION('',(-1.,-0.));
#4775 = ( GEOMETRIC_REPRESENTATION_CONTEXT(2) 
PARAMETRIC_REPRESENTATION_CONTEXT() REPRESENTATION_CONTEXT('2D SPACE',''
  ) );
#4776 = ORIENTED_EDGE('',*,*,#4726,.F.);
#4777 = ORIENTED_EDGE('',*,*,#4664,.T.);
#4778 = ADVANCED_FACE('',(#4779),#4765,.T.);
#4779 = FACE_BOUND('',#4780,.T.);
#4780 = EDGE_LOOP('',(#4781,#4804,#4835,#4836));
#4781 = ORIENTED_EDGE('',*,*,#4782,.T.);
#4782 = EDGE_CURVE('',#4727,#4783,#4785,.T.);
#4783 = VERTEX_POINT('',#4784);
#4784 = CARTESIAN_POINT('',(-1.6,0.25,0.));
#4785 = SEAM_CURVE('',#4786,(#4790,#4797),.PCURVE_S1.);
#4786 = LINE('',#4787,#4788);
#4787 = CARTESIAN_POINT('',(-1.6,0.25,-5.));
#4788 = VECTOR('',#4789,1.);
#4789 = DIRECTION('',(1.110223024625E-16,1.110223024625E-16,1.));
#4790 = PCURVE('',#4765,#4791);
#4791 = DEFINITIONAL_REPRESENTATION('',(#4792),#4796);
#4792 = LINE('',#4793,#4794);
#4793 = CARTESIAN_POINT('',(6.28318530718,0.));
#4794 = VECTOR('',#4795,1.);
#4795 = DIRECTION('',(0.,1.));
#4796 = ( GEOMETRIC_REPRESENTATION_CONTEXT(2) 
PARAMETRIC_REPRESENTATION_CONTEXT() REPRESENTATION_CONTEXT('2D SPACE',''
  ) );
#4797 = PCURVE('',#4765,#4798);
#4798 = DEFINITIONAL_REPRESENTATION('',(#4799),#4803);
#4799 = LINE('',#4800,#4801);
#4800 = CARTESIAN_POINT('',(0.,0.));
#4801 = VECTOR('',#4802,1.);
#4802 = DIRECTION('',(0.,1.));
#4803 = ( GEOMETRIC_REPRESENTATION_CONTEXT(2) 
PARAMETRIC_REPRESENTATION_CONTEXT() REPRESENTATION_CONTEXT('2D SPACE',''
  ) );
#4804 = ORIENTED_EDGE('',*,*,#4805,.F.);
#4805 = EDGE_CURVE('',#4783,#4783,#4806,.T.);
#4806 = SURFACE_CURVE('',#4807,(#4812,#4819),.PCURVE_S1.);
#4807 = CIRCLE('',#4808,0.15);
#4808 = AXIS2_PLACEMENT_3D('',#4809,#4810,#4811);
#4809 = CARTESIAN_POINT('',(-1.6,0.4,0.));
#4810 = DIRECTION('',(1.110223024625E-16,1.110223024625E-16,1.));
#4811 = DIRECTION('',(-1.110223024625E-16,-1.,1.110223024625E-16));
#4812 = PCURVE('',#4765,#4813);
#4813 = DEFINITIONAL_REPRESENTATION('',(#4814),#4818);
#4814 = LINE('',#4815,#4816);
#4815 = CARTESIAN_POINT('',(0.,5.));
#4816 = VECTOR('',#4817,1.);
#4817 = DIRECTION('',(1.,0.));
#4818 = ( GEOMETRIC_REPRESENTATION_CONTEXT(2) 
PARAMETRIC_REPRESENTATION_CONTEXT() REPRESENTATION_CONTEXT('2D SPACE',''
  ) );
#4819 = PCURVE('',#4820,#4825);
#4820 = PLANE('',#4821);
#4821 = AXIS2_PLACEMENT_3D('',#4822,#4823,#4824);
#4822 = CARTESIAN_POINT('',(-1.6,0.4,-2.285347588163E-33));
#4823 = DIRECTION('',(-1.110223024625E-16,1.232595164408E-32,-1.));
#4824 = DIRECTION('',(-1.,1.110223024625E-16,1.110223024625E-16));
#4825 = DEFINITIONAL_REPRESENTATION('',(#4826),#4834);
#4826 = ( BOUNDED_CURVE() B_SPLINE_CURVE(2,(#4827,#4828,#4829,#4830,
#4831,#4832,#4833),.UNSPECIFIED.,.T.,.F.) B_SPLINE_CURVE_WITH_KNOTS((1,2
    ,2,2,2,1),(-2.094395102393,0.,2.094395102393,4.188790204786,
6.28318530718,8.377580409573),.UNSPECIFIED.) CURVE() 
GEOMETRIC_REPRESENTATION_ITEM() RATIONAL_B_SPLINE_CURVE((1.,0.5,1.,0.5,
1.,0.5,1.)) REPRESENTATION_ITEM('') );
#4827 = CARTESIAN_POINT('',(1.232595164408E-32,-0.15));
#4828 = CARTESIAN_POINT('',(-0.259807621135,-0.15));
#4829 = CARTESIAN_POINT('',(-0.129903810568,7.5E-02));
#4830 = CARTESIAN_POINT('',(-3.673940397442E-17,0.3));
#4831 = CARTESIAN_POINT('',(0.129903810568,7.5E-02));
#4832 = CARTESIAN_POINT('',(0.259807621135,-0.15));
#4833 = CARTESIAN_POINT('',(1.232595164408E-32,-0.15));
#4834 = ( GEOMETRIC_REPRESENTATION_CONTEXT(2) 
PARAMETRIC_REPRESENTATION_CONTEXT() REPRESENTATION_CONTEXT('2D SPACE',''
  ) );
#4835 = ORIENTED_EDGE('',*,*,#4782,.F.);
#4836 = ORIENTED_EDGE('',*,*,#4750,.F.);
#4837 = ADVANCED_FACE('',(#4838),#4707,.T.);
#4838 = FACE_BOUND('',#4839,.T.);
#4839 = EDGE_LOOP('',(#4840));
#4840 = ORIENTED_EDGE('',*,*,#4692,.F.);
#4841 = ADVANCED_FACE('',(#4842),#4820,.F.);
#4842 = FACE_BOUND('',#4843,.F.);
#4843 = EDGE_LOOP('',(#4844));
#4844 = ORIENTED_EDGE('',*,*,#4805,.F.);
#4845 = ( GEOMETRIC_REPRESENTATION_CONTEXT(3) 
GLOBAL_UNCERTAINTY_ASSIGNED_CONTEXT((#4849)) 
GLOBAL_UNIT_ASSIGNED_CONTEXT((#4846,#4847,#4848)) REPRESENTATION_CONTEXT
('Context #1','3D Context with UNIT and UNCERTAINTY') );
#4846 = ( LENGTH_UNIT() NAMED_UNIT(*) SI_UNIT(.MILLI.,.METRE.) );
#4847 = ( NAMED_UNIT(*) PLANE_ANGLE_UNIT() SI_UNIT($,.RADIAN.) );
#4848 = ( NAMED_UNIT(*) SI_UNIT($,.STERADIAN.) SOLID_ANGLE_UNIT() );
#4849 = UNCERTAINTY_MEASURE_WITH_UNIT(LENGTH_MEASURE(1.E-07),#4846,
  'distance_accuracy_value','confusion accuracy');
#4850 = CONTEXT_DEPENDENT_SHAPE_REPRESENTATION(#4851,#4853);
#4851 = ( REPRESENTATION_RELATIONSHIP('','',#4627,#10) 
REPRESENTATION_RELATIONSHIP_WITH_TRANSFORMATION(#4852) 
SHAPE_REPRESENTATION_RELATIONSHIP() );
#4852 = ITEM_DEFINED_TRANSFORMATION('','',#11,#95);
#4853 = PRODUCT_DEFINITION_SHAPE('Placement','Placement of an item',
  #4854);
#4854 = NEXT_ASSEMBLY_USAGE_OCCURRENCE('683','pipe_15','',#5,#4622,$);
#4855 = PRODUCT_RELATED_PRODUCT_CATEGORY('part',$,(#4624));
#4856 = SHAPE_DEFINITION_REPRESENTATION(#4857,#4863);
#4857 = PRODUCT_DEFINITION_SHAPE('','',#4858);
#4858 = PRODUCT_DEFINITION('design','',#4859,#4862);
#4859 = PRODUCT_DEFINITION_FORMATION('','',#4860);
#4860 = PRODUCT('pipe_16','pipe_16','',(#4861));
#4861 = PRODUCT_CONTEXT('',#2,'mechanical');
#4862 = PRODUCT_DEFINITION_CONTEXT('part definition',#2,'design');
#4863 = ADVANCED_BREP_SHAPE_REPRESENTATION('',(#11,#4864),#5081);
#4864 = MANIFOLD_SOLID_BREP('',#4865);
#4865 = CLOSED_SHELL('',(#4866,#4958,#5014,#5073,#5077));
#4866 = ADVANCED_FACE('',(#4867),#4881,.T.);
#4867 = FACE_BOUND('',#4868,.T.);
#4868 = EDGE_LOOP('',(#4869,#4899,#4926,#4927));
#4869 = ORIENTED_EDGE('',*,*,#4870,.T.);
#4870 = EDGE_CURVE('',#4871,#4873,#4875,.T.);
#4871 = VERTEX_POINT('',#4872);
#4872 = CARTESIAN_POINT('',(1.6,-0.65,0.));
#4873 = VERTEX_POINT('',#4874);
#4874 = CARTESIAN_POINT('',(1.6,-0.65,-5.833333333333));
#4875 = SEAM_CURVE('',#4876,(#4880,#4892),.PCURVE_S1.);
#4876 = LINE('',#4877,#4878);
#4877 = CARTESIAN_POINT('',(1.6,-0.65,4.078893220341E-33));
#4878 = VECTOR('',#4879,1.);
#4879 = DIRECTION('',(-1.110223024625E-16,1.232595164408E-32,-1.));
#4880 = PCURVE('',#4881,#4886);
#4881 = CYLINDRICAL_SURFACE('',#4882,0.15);
#4882 = AXIS2_PLACEMENT_3D('',#4883,#4884,#4885);
#4883 = CARTESIAN_POINT('',(1.6,-0.8,0.));
#4884 = DIRECTION('',(-1.110223024625E-16,1.232595164408E-32,-1.));
#4885 = DIRECTION('',(1.110223024625E-16,1.,0.));
#4886 = DEFINITIONAL_REPRESENTATION('',(#4887),#4891);
#4887 = LINE('',#4888,#4889);
#4888 = CARTESIAN_POINT('',(6.28318530718,0.));
#4889 = VECTOR('',#4890,1.);
#4890 = DIRECTION('',(0.,1.));
#4891 = ( GEOMETRIC_REPRESENTATION_CONTEXT(2) 
PARAMETRIC_REPRESENTATION_CONTEXT() REPRESENTATION_CONTEXT('2D SPACE',''
  ) );
#4892 = PCURVE('',#4881,#4893);
#4893 = DEFINITIONAL_REPRESENTATION('',(#4894),#4898);
#4894 = LINE('',#4895,#4896);
#4895 = CARTESIAN_POINT('',(0.,0.));
#4896 = VECTOR('',#4897,1.);
#4897 = DIRECTION('',(0.,1.));
#4898 = ( GEOMETRIC_REPRESENTATION_CONTEXT(2) 
PARAMETRIC_REPRESENTATION_CONTEXT() REPRESENTATION_CONTEXT('2D SPACE',''
  ) );
#4899 = ORIENTED_EDGE('',*,*,#4900,.F.);
#4900 = EDGE_CURVE('',#4873,#4873,#4901,.T.);
#4901 = SURFACE_CURVE('',#4902,(#4907,#4914),.PCURVE_S1.);
#4902 = CIRCLE('',#4903,0.15);
#4903 = AXIS2_PLACEMENT_3D('',#4904,#4905,#4906);
#4904 = CARTESIAN_POINT('',(1.6,-0.8,-5.833333333333));
#4905 = DIRECTION('',(-1.110223024625E-16,1.232595164408E-32,-1.));
#4906 = DIRECTION('',(1.110223024625E-16,1.,0.));
#4907 = PCURVE('',#4881,#4908);
#4908 = DEFINITIONAL_REPRESENTATION('',(#4909),#4913);
#4909 = LINE('',#4910,#4911);
#4910 = CARTESIAN_POINT('',(0.,5.833333333333));
#4911 = VECTOR('',#4912,1.);
#4912 = DIRECTION('',(1.,0.));
#4913 = ( GEOMETRIC_REPRESENTATION_CONTEXT(2) 
PARAMETRIC_REPRESENTATION_CONTEXT() REPRESENTATION_CONTEXT('2D SPACE',''
  ) );
#4914 = PCURVE('',#4915,#4920);
#4915 = TOROIDAL_SURFACE('',#4916,0.8,0.15);
#4916 = AXIS2_PLACEMENT_3D('',#4917,#4918,#4919);
#4917 = CARTESIAN_POINT('',(1.6,1.110223024625E-16,-5.833333333333));
#4918 = DIRECTION('',(1.,-1.110223024625E-16,-1.110223024625E-16));
#4919 = DIRECTION('',(-1.110223024625E-16,-1.,-1.110223024625E-15));
#4920 = DEFINITIONAL_REPRESENTATION('',(#4921),#4925);
#4921 = LINE('',#4922,#4923);
#4922 = CARTESIAN_POINT('',(0.,9.424777960769));
#4923 = VECTOR('',#4924,1.);
#4924 = DIRECTION('',(-0.,-1.));
#4925 = ( GEOMETRIC_REPRESENTATION_CONTEXT(2) 
PARAMETRIC_REPRESENTATION_CONTEXT() REPRESENTATION_CONTEXT('2D SPACE',''
  ) );
#4926 = ORIENTED_EDGE('',*,*,#4870,.F.);
#4927 = ORIENTED_EDGE('',*,*,#4928,.T.);
#4928 = EDGE_CURVE('',#4871,#4871,#4929,.T.);
#4929 = SURFACE_CURVE('',#4930,(#4935,#4942),.PCURVE_S1.);
#4930 = CIRCLE('',#4931,0.15);
#4931 = AXIS2_PLACEMENT_3D('',#4932,#4933,#4934);
#4932 = CARTESIAN_POINT('',(1.6,-0.8,0.));
#4933 = DIRECTION('',(-1.110223024625E-16,1.232595164408E-32,-1.));
#4934 = DIRECTION('',(1.110223024625E-16,1.,0.));
#4935 = PCURVE('',#4881,#4936);
#4936 = DEFINITIONAL_REPRESENTATION('',(#4937),#4941);
#4937 = LINE('',#4938,#4939);
#4938 = CARTESIAN_POINT('',(0.,0.));
#4939 = VECTOR('',#4940,1.);
#4940 = DIRECTION('',(1.,0.));
#4941 = ( GEOMETRIC_REPRESENTATION_CONTEXT(2) 
PARAMETRIC_REPRESENTATION_CONTEXT() REPRESENTATION_CONTEXT('2D SPACE',''
  ) );
#4942 = PCURVE('',#4943,#4948);
#4943 = PLANE('',#4944);
#4944 = AXIS2_PLACEMENT_3D('',#4945,#4946,#4947);
#4945 = CARTESIAN_POINT('',(1.6,-0.8,-3.08572171572E-34));
#4946 = DIRECTION('',(1.110223024625E-16,-1.232595164408E-32,1.));
#4947 = DIRECTION('',(1.,-1.110223024625E-16,-1.110223024625E-16));
#4948 = DEFINITIONAL_REPRESENTATION('',(#4949),#4957);
#4949 = ( BOUNDED_CURVE() B_SPLINE_CURVE(2,(#4950,#4951,#4952,#4953,
#4954,#4955,#4956),.UNSPECIFIED.,.T.,.F.) B_SPLINE_CURVE_WITH_KNOTS((1,2
    ,2,2,2,1),(-2.094395102393,0.,2.094395102393,4.188790204786,
6.28318530718,8.377580409573),.UNSPECIFIED.) CURVE() 
GEOMETRIC_REPRESENTATION_ITEM() RATIONAL_B_SPLINE_CURVE((1.,0.5,1.,0.5,
1.,0.5,1.)) REPRESENTATION_ITEM('') );
#4950 = CARTESIAN_POINT('',(0.,0.15));
#4951 = CARTESIAN_POINT('',(0.259807621135,0.15));
#4952 = CARTESIAN_POINT('',(0.129903810568,-7.5E-02));
#4953 = CARTESIAN_POINT('',(3.673940397442E-17,-0.3));
#4954 = CARTESIAN_POINT('',(-0.129903810568,-7.5E-02));
#4955 = CARTESIAN_POINT('',(-0.259807621135,0.15));
#4956 = CARTESIAN_POINT('',(0.,0.15));
#4957 = ( GEOMETRIC_REPRESENTATION_CONTEXT(2) 
PARAMETRIC_REPRESENTATION_CONTEXT() REPRESENTATION_CONTEXT('2D SPACE',''
  ) );
#4958 = ADVANCED_FACE('',(#4959),#4915,.T.);
#4959 = FACE_BOUND('',#4960,.T.);
#4960 = EDGE_LOOP('',(#4961,#4985,#5012,#5013));
#4961 = ORIENTED_EDGE('',*,*,#4962,.T.);
#4962 = EDGE_CURVE('',#4873,#4963,#4965,.T.);
#4963 = VERTEX_POINT('',#4964);
#4964 = CARTESIAN_POINT('',(1.6,0.65,-5.833333333333));
#4965 = SEAM_CURVE('',#4966,(#4971,#4978),.PCURVE_S1.);
#4966 = CIRCLE('',#4967,0.65);
#4967 = AXIS2_PLACEMENT_3D('',#4968,#4969,#4970);
#4968 = CARTESIAN_POINT('',(1.6,1.110223024625E-16,-5.833333333333));
#4969 = DIRECTION('',(1.,-1.110223024625E-16,-1.110223024625E-16));
#4970 = DIRECTION('',(-1.110223024625E-16,-1.,-1.110223024625E-15));
#4971 = PCURVE('',#4915,#4972);
#4972 = DEFINITIONAL_REPRESENTATION('',(#4973),#4977);
#4973 = LINE('',#4974,#4975);
#4974 = CARTESIAN_POINT('',(0.,3.14159265359));
#4975 = VECTOR('',#4976,1.);
#4976 = DIRECTION('',(1.,0.));
#4977 = ( GEOMETRIC_REPRESENTATION_CONTEXT(2) 
PARAMETRIC_REPRESENTATION_CONTEXT() REPRESENTATION_CONTEXT('2D SPACE',''
  ) );
#4978 = PCURVE('',#4915,#4979);
#4979 = DEFINITIONAL_REPRESENTATION('',(#4980),#4984);
#4980 = LINE('',#4981,#4982);
#4981 = CARTESIAN_POINT('',(0.,9.424777960769));
#4982 = VECTOR('',#4983,1.);
#4983 = DIRECTION('',(1.,0.));
#4984 = ( GEOMETRIC_REPRESENTATION_CONTEXT(2) 
PARAMETRIC_REPRESENTATION_CONTEXT() REPRESENTATION_CONTEXT('2D SPACE',''
  ) );
#4985 = ORIENTED_EDGE('',*,*,#4986,.T.);
#4986 = EDGE_CURVE('',#4963,#4963,#4987,.T.);
#4987 = SURFACE_CURVE('',#4988,(#4993,#5000),.PCURVE_S1.);
#4988 = CIRCLE('',#4989,0.15);
#4989 = AXIS2_PLACEMENT_3D('',#4990,#4991,#4992);
#4990 = CARTESIAN_POINT('',(1.6,0.8,-5.833333333333));
#4991 = DIRECTION('',(-1.110223024625E-16,-1.23268770454E-15,-1.));
#4992 = DIRECTION('',(1.110223024625E-16,1.,-1.23268770454E-15));
#4993 = PCURVE('',#4915,#4994);
#4994 = DEFINITIONAL_REPRESENTATION('',(#4995),#4999);
#4995 = LINE('',#4996,#4997);
#4996 = CARTESIAN_POINT('',(3.14159265359,0.));
#4997 = VECTOR('',#4998,1.);
#4998 = DIRECTION('',(0.,1.));
#4999 = ( GEOMETRIC_REPRESENTATION_CONTEXT(2) 
PARAMETRIC_REPRESENTATION_CONTEXT() REPRESENTATION_CONTEXT('2D SPACE',''
  ) );
#5000 = PCURVE('',#5001,#5006);
#5001 = CYLINDRICAL_SURFACE('',#5002,0.15);
#5002 = AXIS2_PLACEMENT_3D('',#5003,#5004,#5005);
#5003 = CARTESIAN_POINT('',(1.6,0.8,-5.833333333333));
#5004 = DIRECTION('',(1.110223024625E-16,-1.232595164408E-32,1.));
#5005 = DIRECTION('',(-1.110223024625E-16,-1.,0.));
#5006 = DEFINITIONAL_REPRESENTATION('',(#5007),#5011);
#5007 = LINE('',#5008,#5009);
#5008 = CARTESIAN_POINT('',(9.424777960769,0.));
#5009 = VECTOR('',#5010,1.);
#5010 = DIRECTION('',(-1.,-0.));
#5011 = ( GEOMETRIC_REPRESENTATION_CONTEXT(2) 
PARAMETRIC_REPRESENTATION_CONTEXT() REPRESENTATION_CONTEXT('2D SPACE',''
  ) );
#5012 = ORIENTED_EDGE('',*,*,#4962,.F.);
#5013 = ORIENTED_EDGE('',*,*,#4900,.T.);
#5014 = ADVANCED_FACE('',(#5015),#5001,.T.);
#5015 = FACE_BOUND('',#5016,.T.);
#5016 = EDGE_LOOP('',(#5017,#5040,#5071,#5072));
#5017 = ORIENTED_EDGE('',*,*,#5018,.T.);
#5018 = EDGE_CURVE('',#4963,#5019,#5021,.T.);
#5019 = VERTEX_POINT('',#5020);
#5020 = CARTESIAN_POINT('',(1.6,0.65,0.));
#5021 = SEAM_CURVE('',#5022,(#5026,#5033),.PCURVE_S1.);
#5022 = LINE('',#5023,#5024);
#5023 = CARTESIAN_POINT('',(1.6,0.65,-5.833333333333));
#5024 = VECTOR('',#5025,1.);
#5025 = DIRECTION('',(1.110223024625E-16,-1.232595164408E-32,1.));
#5026 = PCURVE('',#5001,#5027);
#5027 = DEFINITIONAL_REPRESENTATION('',(#5028),#5032);
#5028 = LINE('',#5029,#5030);
#5029 = CARTESIAN_POINT('',(6.28318530718,0.));
#5030 = VECTOR('',#5031,1.);
#5031 = DIRECTION('',(0.,1.));
#5032 = ( GEOMETRIC_REPRESENTATION_CONTEXT(2) 
PARAMETRIC_REPRESENTATION_CONTEXT() REPRESENTATION_CONTEXT('2D SPACE',''
  ) );
#5033 = PCURVE('',#5001,#5034);
#5034 = DEFINITIONAL_REPRESENTATION('',(#5035),#5039);
#5035 = LINE('',#5036,#5037);
#5036 = CARTESIAN_POINT('',(0.,0.));
#5037 = VECTOR('',#5038,1.);
#5038 = DIRECTION('',(0.,1.));
#5039 = ( GEOMETRIC_REPRESENTATION_CONTEXT(2) 
PARAMETRIC_REPRESENTATION_CONTEXT() REPRESENTATION_CONTEXT('2D SPACE',''
  ) );
#5040 = ORIENTED_EDGE('',*,*,#5041,.F.);
#5041 = EDGE_CURVE('',#5019,#5019,#5042,.T.);
#5042 = SURFACE_CURVE('',#5043,(#5048,#5055),.PCURVE_S1.);
#5043 = CIRCLE('',#5044,0.15);
#5044 = AXIS2_PLACEMENT_3D('',#5045,#5046,#5047);
#5045 = CARTESIAN_POINT('',(1.6,0.8,0.));
#5046 = DIRECTION('',(1.110223024625E-16,-1.232595164408E-32,1.));
#5047 = DIRECTION('',(-1.110223024625E-16,-1.,0.));
#5048 = PCURVE('',#5001,#5049);
#5049 = DEFINITIONAL_REPRESENTATION('',(#5050),#5054);
#5050 = LINE('',#5051,#5052);
#5051 = CARTESIAN_POINT('',(0.,5.833333333333));
#5052 = VECTOR('',#5053,1.);
#5053 = DIRECTION('',(1.,0.));
#5054 = ( GEOMETRIC_REPRESENTATION_CONTEXT(2) 
PARAMETRIC_REPRESENTATION_CONTEXT() REPRESENTATION_CONTEXT('2D SPACE',''
  ) );
#5055 = PCURVE('',#5056,#5061);
#5056 = PLANE('',#5057);
#5057 = AXIS2_PLACEMENT_3D('',#5058,#5059,#5060);
#5058 = CARTESIAN_POINT('',(1.6,0.8,6.798155367234E-34));
#5059 = DIRECTION('',(-1.110223024625E-16,1.232595164408E-32,-1.));
#5060 = DIRECTION('',(-1.,1.110223024625E-16,1.110223024625E-16));
#5061 = DEFINITIONAL_REPRESENTATION('',(#5062),#5070);
#5062 = ( BOUNDED_CURVE() B_SPLINE_CURVE(2,(#5063,#5064,#5065,#5066,
#5067,#5068,#5069),.UNSPECIFIED.,.T.,.F.) B_SPLINE_CURVE_WITH_KNOTS((1,2
    ,2,2,2,1),(-2.094395102393,0.,2.094395102393,4.188790204786,
6.28318530718,8.377580409573),.UNSPECIFIED.) CURVE() 
GEOMETRIC_REPRESENTATION_ITEM() RATIONAL_B_SPLINE_CURVE((1.,0.5,1.,0.5,
1.,0.5,1.)) REPRESENTATION_ITEM('') );
#5063 = CARTESIAN_POINT('',(2.465190328816E-32,-0.15));
#5064 = CARTESIAN_POINT('',(-0.259807621135,-0.15));
#5065 = CARTESIAN_POINT('',(-0.129903810568,7.5E-02));
#5066 = CARTESIAN_POINT('',(-3.673940397442E-17,0.3));
#5067 = CARTESIAN_POINT('',(0.129903810568,7.5E-02));
#5068 = CARTESIAN_POINT('',(0.259807621135,-0.15));
#5069 = CARTESIAN_POINT('',(2.465190328816E-32,-0.15));
#5070 = ( GEOMETRIC_REPRESENTATION_CONTEXT(2) 
PARAMETRIC_REPRESENTATION_CONTEXT() REPRESENTATION_CONTEXT('2D SPACE',''
  ) );
#5071 = ORIENTED_EDGE('',*,*,#5018,.F.);
#5072 = ORIENTED_EDGE('',*,*,#4986,.F.);
#5073 = ADVANCED_FACE('',(#5074),#4943,.T.);
#5074 = FACE_BOUND('',#5075,.T.);
#5075 = EDGE_LOOP('',(#5076));
#5076 = ORIENTED_EDGE('',*,*,#4928,.F.);
#5077 = ADVANCED_FACE('',(#5078),#5056,.F.);
#5078 = FACE_BOUND('',#5079,.F.);
#5079 = EDGE_LOOP('',(#5080));
#5080 = ORIENTED_EDGE('',*,*,#5041,.F.);
#5081 = ( GEOMETRIC_REPRESENTATION_CONTEXT(3) 
GLOBAL_UNCERTAINTY_ASSIGNED_CONTEXT((#5085)) 
GLOBAL_UNIT_ASSIGNED_CONTEXT((#5082,#5083,#5084)) REPRESENTATION_CONTEXT
('Context #1','3D Context with UNIT and UNCERTAINTY') );
#5082 = ( LENGTH_UNIT() NAMED_UNIT(*) SI_UNIT(.MILLI.,.METRE.) );
#5083 = ( NAMED_UNIT(*) PLANE_ANGLE_UNIT() SI_UNIT($,.RADIAN.) );
#5084 = ( NAMED_UNIT(*) SI_UNIT($,.STERADIAN.) SOLID_ANGLE_UNIT() );
#5085 = UNCERTAINTY_MEASURE_WITH_UNIT(LENGTH_MEASURE(1.E-07),#5082,
  'distance_accuracy_value','confusion accuracy');
#5086 = CONTEXT_DEPENDENT_SHAPE_REPRESENTATION(#5087,#5089);
#5087 = ( REPRESENTATION_RELATIONSHIP('','',#4863,#10) 
REPRESENTATION_RELATIONSHIP_WITH_TRANSFORMATION(#5088) 
SHAPE_REPRESENTATION_RELATIONSHIP() );
#5088 = ITEM_DEFINED_TRANSFORMATION('','',#11,#99);
#5089 = PRODUCT_DEFINITION_SHAPE('Placement','Placement of an item',
  #5090);
#5090 = NEXT_ASSEMBLY_USAGE_OCCURRENCE('684','pipe_16','',#5,#4858,$);
#5091 = PRODUCT_RELATED_PRODUCT_CATEGORY('part',$,(#4860));
#5092 = SHAPE_DEFINITION_REPRESENTATION(#5093,#5099);
#5093 = PRODUCT_DEFINITION_SHAPE('','',#5094);
#5094 = PRODUCT_DEFINITION('design','',#5095,#5098);
#5095 = PRODUCT_DEFINITION_FORMATION('','',#5096);
#5096 = PRODUCT('pipe_17','pipe_17','',(#5097));
#5097 = PRODUCT_CONTEXT('',#2,'mechanical');
#5098 = PRODUCT_DEFINITION_CONTEXT('part definition',#2,'design');
#5099 = ADVANCED_BREP_SHAPE_REPRESENTATION('',(#11,#5100),#5317);
#5100 = MANIFOLD_SOLID_BREP('',#5101);
#5101 = CLOSED_SHELL('',(#5102,#5194,#5250,#5309,#5313));
#5102 = ADVANCED_FACE('',(#5103),#5117,.T.);
#5103 = FACE_BOUND('',#5104,.T.);
#5104 = EDGE_LOOP('',(#5105,#5135,#5162,#5163));
#5105 = ORIENTED_EDGE('',*,*,#5106,.T.);
#5106 = EDGE_CURVE('',#5107,#5109,#5111,.T.);
#5107 = VERTEX_POINT('',#5108);
#5108 = CARTESIAN_POINT('',(-1.6,-0.65,0.));
#5109 = VERTEX_POINT('',#5110);
#5110 = CARTESIAN_POINT('',(-1.6,-0.65,-5.833333333333));
#5111 = SEAM_CURVE('',#5112,(#5116,#5128),.PCURVE_S1.);
#5112 = LINE('',#5113,#5114);
#5113 = CARTESIAN_POINT('',(-1.6,-0.65,4.078893220341E-33));
#5114 = VECTOR('',#5115,1.);
#5115 = DIRECTION('',(-1.110223024625E-16,1.232595164408E-32,-1.));
#5116 = PCURVE('',#5117,#5122);
#5117 = CYLINDRICAL_SURFACE('',#5118,0.15);
#5118 = AXIS2_PLACEMENT_3D('',#5119,#5120,#5121);
#5119 = CARTESIAN_POINT('',(-1.6,-0.8,0.));
#5120 = DIRECTION('',(-1.110223024625E-16,1.232595164408E-32,-1.));
#5121 = DIRECTION('',(1.110223024625E-16,1.,0.));
#5122 = DEFINITIONAL_REPRESENTATION('',(#5123),#5127);
#5123 = LINE('',#5124,#5125);
#5124 = CARTESIAN_POINT('',(6.28318530718,0.));
#5125 = VECTOR('',#5126,1.);
#5126 = DIRECTION('',(0.,1.));
#5127 = ( GEOMETRIC_REPRESENTATION_CONTEXT(2) 
PARAMETRIC_REPRESENTATION_CONTEXT() REPRESENTATION_CONTEXT('2D SPACE',''
  ) );
#5128 = PCURVE('',#5117,#5129);
#5129 = DEFINITIONAL_REPRESENTATION('',(#5130),#5134);
#5130 = LINE('',#5131,#5132);
#5131 = CARTESIAN_POINT('',(0.,0.));
#5132 = VECTOR('',#5133,1.);
#5133 = DIRECTION('',(0.,1.));
#5134 = ( GEOMETRIC_REPRESENTATION_CONTEXT(2) 
PARAMETRIC_REPRESENTATION_CONTEXT() REPRESENTATION_CONTEXT('2D SPACE',''
  ) );
#5135 = ORIENTED_EDGE('',*,*,#5136,.F.);
#5136 = EDGE_CURVE('',#5109,#5109,#5137,.T.);
#5137 = SURFACE_CURVE('',#5138,(#5143,#5150),.PCURVE_S1.);
#5138 = CIRCLE('',#5139,0.15);
#5139 = AXIS2_PLACEMENT_3D('',#5140,#5141,#5142);
#5140 = CARTESIAN_POINT('',(-1.6,-0.8,-5.833333333333));
#5141 = DIRECTION('',(-1.110223024625E-16,1.232595164408E-32,-1.));
#5142 = DIRECTION('',(1.110223024625E-16,1.,0.));
#5143 = PCURVE('',#5117,#5144);
#5144 = DEFINITIONAL_REPRESENTATION('',(#5145),#5149);
#5145 = LINE('',#5146,#5147);
#5146 = CARTESIAN_POINT('',(0.,5.833333333333));
#5147 = VECTOR('',#5148,1.);
#5148 = DIRECTION('',(1.,0.));
#5149 = ( GEOMETRIC_REPRESENTATION_CONTEXT(2) 
PARAMETRIC_REPRESENTATION_CONTEXT() REPRESENTATION_CONTEXT('2D SPACE',''
  ) );
#5150 = PCURVE('',#5151,#5156);
#5151 = TOROIDAL_SURFACE('',#5152,0.8,0.15);
#5152 = AXIS2_PLACEMENT_3D('',#5153,#5154,#5155);
#5153 = CARTESIAN_POINT('',(-1.6,1.110223024625E-16,-5.833333333333));
#5154 = DIRECTION('',(1.,-1.110223024625E-16,-1.110223024625E-16));
#5155 = DIRECTION('',(-1.110223024625E-16,-1.,-1.110223024625E-15));
#5156 = DEFINITIONAL_REPRESENTATION('',(#5157),#5161);
#5157 = LINE('',#5158,#5159);
#5158 = CARTESIAN_POINT('',(0.,9.424777960769));
#5159 = VECTOR('',#5160,1.);
#5160 = DIRECTION('',(-0.,-1.));
#5161 = ( GEOMETRIC_REPRESENTATION_CONTEXT(2) 
PARAMETRIC_REPRESENTATION_CONTEXT() REPRESENTATION_CONTEXT('2D SPACE',''
  ) );
#5162 = ORIENTED_EDGE('',*,*,#5106,.F.);
#5163 = ORIENTED_EDGE('',*,*,#5164,.T.);
#5164 = EDGE_CURVE('',#5107,#5107,#5165,.T.);
#5165 = SURFACE_CURVE('',#5166,(#5171,#5178),.PCURVE_S1.);
#5166 = CIRCLE('',#5167,0.15);
#5167 = AXIS2_PLACEMENT_3D('',#5168,#5169,#5170);
#5168 = CARTESIAN_POINT('',(-1.6,-0.8,0.));
#5169 = DIRECTION('',(-1.110223024625E-16,1.232595164408E-32,-1.));
#5170 = DIRECTION('',(1.110223024625E-16,1.,0.));
#5171 = PCURVE('',#5117,#5172);
#5172 = DEFINITIONAL_REPRESENTATION('',(#5173),#5177);
#5173 = LINE('',#5174,#5175);
#5174 = CARTESIAN_POINT('',(0.,0.));
#5175 = VECTOR('',#5176,1.);
#5176 = DIRECTION('',(1.,0.));
#5177 = ( GEOMETRIC_REPRESENTATION_CONTEXT(2) 
PARAMETRIC_REPRESENTATION_CONTEXT() REPRESENTATION_CONTEXT('2D SPACE',''
  ) );
#5178 = PCURVE('',#5179,#5184);
#5179 = PLANE('',#5180);
#5180 = AXIS2_PLACEMENT_3D('',#5181,#5182,#5183);
#5181 = CARTESIAN_POINT('',(-1.6,-0.8,-3.08572171572E-34));
#5182 = DIRECTION('',(1.110223024625E-16,-1.232595164408E-32,1.));
#5183 = DIRECTION('',(1.,-1.110223024625E-16,-1.110223024625E-16));
#5184 = DEFINITIONAL_REPRESENTATION('',(#5185),#5193);
#5185 = ( BOUNDED_CURVE() B_SPLINE_CURVE(2,(#5186,#5187,#5188,#5189,
#5190,#5191,#5192),.UNSPECIFIED.,.T.,.F.) B_SPLINE_CURVE_WITH_KNOTS((1,2
    ,2,2,2,1),(-2.094395102393,0.,2.094395102393,4.188790204786,
6.28318530718,8.377580409573),.UNSPECIFIED.) CURVE() 
GEOMETRIC_REPRESENTATION_ITEM() RATIONAL_B_SPLINE_CURVE((1.,0.5,1.,0.5,
1.,0.5,1.)) REPRESENTATION_ITEM('') );
#5186 = CARTESIAN_POINT('',(0.,0.15));
#5187 = CARTESIAN_POINT('',(0.259807621135,0.15));
#5188 = CARTESIAN_POINT('',(0.129903810568,-7.5E-02));
#5189 = CARTESIAN_POINT('',(3.673940397442E-17,-0.3));
#5190 = CARTESIAN_POINT('',(-0.129903810568,-7.5E-02));
#5191 = CARTESIAN_POINT('',(-0.259807621135,0.15));
#5192 = CARTESIAN_POINT('',(0.,0.15));
#5193 = ( GEOMETRIC_REPRESENTATION_CONTEXT(2) 
PARAMETRIC_REPRESENTATION_CONTEXT() REPRESENTATION_CONTEXT('2D SPACE',''
  ) );
#5194 = ADVANCED_FACE('',(#5195),#5151,.T.);
#5195 = FACE_BOUND('',#5196,.T.);
#5196 = EDGE_LOOP('',(#5197,#5221,#5248,#5249));
#5197 = ORIENTED_EDGE('',*,*,#5198,.T.);
#5198 = EDGE_CURVE('',#5109,#5199,#5201,.T.);
#5199 = VERTEX_POINT('',#5200);
#5200 = CARTESIAN_POINT('',(-1.6,0.65,-5.833333333333));
#5201 = SEAM_CURVE('',#5202,(#5207,#5214),.PCURVE_S1.);
#5202 = CIRCLE('',#5203,0.65);
#5203 = AXIS2_PLACEMENT_3D('',#5204,#5205,#5206);
#5204 = CARTESIAN_POINT('',(-1.6,1.110223024625E-16,-5.833333333333));
#5205 = DIRECTION('',(1.,-1.110223024625E-16,-1.110223024625E-16));
#5206 = DIRECTION('',(-1.110223024625E-16,-1.,-1.110223024625E-15));
#5207 = PCURVE('',#5151,#5208);
#5208 = DEFINITIONAL_REPRESENTATION('',(#5209),#5213);
#5209 = LINE('',#5210,#5211);
#5210 = CARTESIAN_POINT('',(0.,3.14159265359));
#5211 = VECTOR('',#5212,1.);
#5212 = DIRECTION('',(1.,0.));
#5213 = ( GEOMETRIC_REPRESENTATION_CONTEXT(2) 
PARAMETRIC_REPRESENTATION_CONTEXT() REPRESENTATION_CONTEXT('2D SPACE',''
  ) );
#5214 = PCURVE('',#5151,#5215);
#5215 = DEFINITIONAL_REPRESENTATION('',(#5216),#5220);
#5216 = LINE('',#5217,#5218);
#5217 = CARTESIAN_POINT('',(0.,9.424777960769));
#5218 = VECTOR('',#5219,1.);
#5219 = DIRECTION('',(1.,0.));
#5220 = ( GEOMETRIC_REPRESENTATION_CONTEXT(2) 
PARAMETRIC_REPRESENTATION_CONTEXT() REPRESENTATION_CONTEXT('2D SPACE',''
  ) );
#5221 = ORIENTED_EDGE('',*,*,#5222,.T.);
#5222 = EDGE_CURVE('',#5199,#5199,#5223,.T.);
#5223 = SURFACE_CURVE('',#5224,(#5229,#5236),.PCURVE_S1.);
#5224 = CIRCLE('',#5225,0.15);
#5225 = AXIS2_PLACEMENT_3D('',#5226,#5227,#5228);
#5226 = CARTESIAN_POINT('',(-1.6,0.8,-5.833333333333));
#5227 = DIRECTION('',(-1.110223024625E-16,-1.23268770454E-15,-1.));
#5228 = DIRECTION('',(1.110223024625E-16,1.,-1.23268770454E-15));
#5229 = PCURVE('',#5151,#5230);
#5230 = DEFINITIONAL_REPRESENTATION('',(#5231),#5235);
#5231 = LINE('',#5232,#5233);
#5232 = CARTESIAN_POINT('',(3.14159265359,0.));
#5233 = VECTOR('',#5234,1.);
#5234 = DIRECTION('',(0.,1.));
#5235 = ( GEOMETRIC_REPRESENTATION_CONTEXT(2) 
PARAMETRIC_REPRESENTATION_CONTEXT() REPRESENTATION_CONTEXT('2D SPACE',''
  ) );
#5236 = PCURVE('',#5237,#5242);
#5237 = CYLINDRICAL_SURFACE('',#5238,0.15);
#5238 = AXIS2_PLACEMENT_3D('',#5239,#5240,#5241);
#5239 = CARTESIAN_POINT('',(-1.6,0.8,-5.833333333333));
#5240 = DIRECTION('',(1.110223024625E-16,-1.232595164408E-32,1.));
#5241 = DIRECTION('',(-1.110223024625E-16,-1.,0.));
#5242 = DEFINITIONAL_REPRESENTATION('',(#5243),#5247);
#5243 = LINE('',#5244,#5245);
#5244 = CARTESIAN_POINT('',(9.424777960769,0.));
#5245 = VECTOR('',#5246,1.);
#5246 = DIRECTION('',(-1.,-0.));
#5247 = ( GEOMETRIC_REPRESENTATION_CONTEXT(2) 
PARAMETRIC_REPRESENTATION_CONTEXT() REPRESENTATION_CONTEXT('2D SPACE',''
  ) );
#5248 = ORIENTED_EDGE('',*,*,#5198,.F.);
#5249 = ORIENTED_EDGE('',*,*,#5136,.T.);
#5250 = ADVANCED_FACE('',(#5251),#5237,.T.);
#5251 = FACE_BOUND('',#5252,.T.);
#5252 = EDGE_LOOP('',(#5253,#5276,#5307,#5308));
#5253 = ORIENTED_EDGE('',*,*,#5254,.T.);
#5254 = EDGE_CURVE('',#5199,#5255,#5257,.T.);
#5255 = VERTEX_POINT('',#5256);
#5256 = CARTESIAN_POINT('',(-1.6,0.65,0.));
#5257 = SEAM_CURVE('',#5258,(#5262,#5269),.PCURVE_S1.);
#5258 = LINE('',#5259,#5260);
#5259 = CARTESIAN_POINT('',(-1.6,0.65,-5.833333333333));
#5260 = VECTOR('',#5261,1.);
#5261 = DIRECTION('',(1.110223024625E-16,-1.232595164408E-32,1.));
#5262 = PCURVE('',#5237,#5263);
#5263 = DEFINITIONAL_REPRESENTATION('',(#5264),#5268);
#5264 = LINE('',#5265,#5266);
#5265 = CARTESIAN_POINT('',(6.28318530718,0.));
#5266 = VECTOR('',#5267,1.);
#5267 = DIRECTION('',(0.,1.));
#5268 = ( GEOMETRIC_REPRESENTATION_CONTEXT(2) 
PARAMETRIC_REPRESENTATION_CONTEXT() REPRESENTATION_CONTEXT('2D SPACE',''
  ) );
#5269 = PCURVE('',#5237,#5270);
#5270 = DEFINITIONAL_REPRESENTATION('',(#5271),#5275);
#5271 = LINE('',#5272,#5273);
#5272 = CARTESIAN_POINT('',(0.,0.));
#5273 = VECTOR('',#5274,1.);
#5274 = DIRECTION('',(0.,1.));
#5275 = ( GEOMETRIC_REPRESENTATION_CONTEXT(2) 
PARAMETRIC_REPRESENTATION_CONTEXT() REPRESENTATION_CONTEXT('2D SPACE',''
  ) );
#5276 = ORIENTED_EDGE('',*,*,#5277,.F.);
#5277 = EDGE_CURVE('',#5255,#5255,#5278,.T.);
#5278 = SURFACE_CURVE('',#5279,(#5284,#5291),.PCURVE_S1.);
#5279 = CIRCLE('',#5280,0.15);
#5280 = AXIS2_PLACEMENT_3D('',#5281,#5282,#5283);
#5281 = CARTESIAN_POINT('',(-1.6,0.8,0.));
#5282 = DIRECTION('',(1.110223024625E-16,-1.232595164408E-32,1.));
#5283 = DIRECTION('',(-1.110223024625E-16,-1.,0.));
#5284 = PCURVE('',#5237,#5285);
#5285 = DEFINITIONAL_REPRESENTATION('',(#5286),#5290);
#5286 = LINE('',#5287,#5288);
#5287 = CARTESIAN_POINT('',(0.,5.833333333333));
#5288 = VECTOR('',#5289,1.);
#5289 = DIRECTION('',(1.,0.));
#5290 = ( GEOMETRIC_REPRESENTATION_CONTEXT(2) 
PARAMETRIC_REPRESENTATION_CONTEXT() REPRESENTATION_CONTEXT('2D SPACE',''
  ) );
#5291 = PCURVE('',#5292,#5297);
#5292 = PLANE('',#5293);
#5293 = AXIS2_PLACEMENT_3D('',#5294,#5295,#5296);
#5294 = CARTESIAN_POINT('',(-1.6,0.8,6.798155367234E-34));
#5295 = DIRECTION('',(-1.110223024625E-16,1.232595164408E-32,-1.));
#5296 = DIRECTION('',(-1.,1.110223024625E-16,1.110223024625E-16));
#5297 = DEFINITIONAL_REPRESENTATION('',(#5298),#5306);
#5298 = ( BOUNDED_CURVE() B_SPLINE_CURVE(2,(#5299,#5300,#5301,#5302,
#5303,#5304,#5305),.UNSPECIFIED.,.T.,.F.) B_SPLINE_CURVE_WITH_KNOTS((1,2
    ,2,2,2,1),(-2.094395102393,0.,2.094395102393,4.188790204786,
6.28318530718,8.377580409573),.UNSPECIFIED.) CURVE() 
GEOMETRIC_REPRESENTATION_ITEM() RATIONAL_B_SPLINE_CURVE((1.,0.5,1.,0.5,
1.,0.5,1.)) REPRESENTATION_ITEM('') );
#5299 = CARTESIAN_POINT('',(2.465190328816E-32,-0.15));
#5300 = CARTESIAN_POINT('',(-0.259807621135,-0.15));
#5301 = CARTESIAN_POINT('',(-0.129903810568,7.5E-02));
#5302 = CARTESIAN_POINT('',(-3.673940397442E-17,0.3));
#5303 = CARTESIAN_POINT('',(0.129903810568,7.5E-02));
#5304 = CARTESIAN_POINT('',(0.259807621135,-0.15));
#5305 = CARTESIAN_POINT('',(2.465190328816E-32,-0.15));
#5306 = ( GEOMETRIC_REPRESENTATION_CONTEXT(2) 
PARAMETRIC_REPRESENTATION_CONTEXT() REPRESENTATION_CONTEXT('2D SPACE',''
  ) );
#5307 = ORIENTED_EDGE('',*,*,#5254,.F.);
#5308 = ORIENTED_EDGE('',*,*,#5222,.F.);
#5309 = ADVANCED_FACE('',(#5310),#5179,.T.);
#5310 = FACE_BOUND('',#5311,.T.);
#5311 = EDGE_LOOP('',(#5312));
#5312 = ORIENTED_EDGE('',*,*,#5164,.F.);
#5313 = ADVANCED_FACE('',(#5314),#5292,.F.);
#5314 = FACE_BOUND('',#5315,.F.);
#5315 = EDGE_LOOP('',(#5316));
#5316 = ORIENTED_EDGE('',*,*,#5277,.F.);
#5317 = ( GEOMETRIC_REPRESENTATION_CONTEXT(3) 
GLOBAL_UNCERTAINTY_ASSIGNED_CONTEXT((#5321)) 
GLOBAL_UNIT_ASSIGNED_CONTEXT((#5318,#5319,#5320)) REPRESENTATION_CONTEXT
('Context #1','3D Context with UNIT and UNCERTAINTY') );
#5318 = ( LENGTH_UNIT() NAMED_UNIT(*) SI_UNIT(.MILLI.,.METRE.) );
#5319 = ( NAMED_UNIT(*) PLANE_ANGLE_UNIT() SI_UNIT($,.RADIAN.) );
#5320 = ( NAMED_UNIT(*) SI_UNIT($,.STERADIAN.) SOLID_ANGLE_UNIT() );
#5321 = UNCERTAINTY_MEASURE_WITH_UNIT(LENGTH_MEASURE(1.E-07),#5318,
  'distance_accuracy_value','confusion accuracy');
#5322 = CONTEXT_DEPENDENT_SHAPE_REPRESENTATION(#5323,#5325);
#5323 = ( REPRESENTATION_RELATIONSHIP('','',#5099,#10) 
REPRESENTATION_RELATIONSHIP_WITH_TRANSFORMATION(#5324) 
SHAPE_REPRESENTATION_RELATIONSHIP() );
#5324 = ITEM_DEFINED_TRANSFORMATION('','',#11,#103);
#5325 = PRODUCT_DEFINITION_SHAPE('Placement','Placement of an item',
  #5326);
#5326 = NEXT_ASSEMBLY_USAGE_OCCURRENCE('685','pipe_17','',#5,#5094,$);
#5327 = PRODUCT_RELATED_PRODUCT_CATEGORY('part',$,(#5096));
#5328 = MECHANICAL_DESIGN_GEOMETRIC_PRESENTATION_REPRESENTATION('',(
    #5329),#2485);
#5329 = STYLED_ITEM('color',(#5330),#2268);
#5330 = PRESENTATION_STYLE_ASSIGNMENT((#5331));
#5331 = SURFACE_STYLE_USAGE(.BOTH.,#5332);
#5332 = SURFACE_SIDE_STYLE('',(#5333));
#5333 = SURFACE_STYLE_FILL_AREA(#5334);
#5334 = FILL_AREA_STYLE('',(#5335));
#5335 = FILL_AREA_STYLE_COLOUR('',#5336);
#5336 = DRAUGHTING_PRE_DEFINED_COLOUR('green');
#5337 = MECHANICAL_DESIGN_GEOMETRIC_PRESENTATION_REPRESENTATION('',(
    #5338),#2721);
#5338 = STYLED_ITEM('color',(#5339),#2504);
#5339 = PRESENTATION_STYLE_ASSIGNMENT((#5340));
#5340 = SURFACE_STYLE_USAGE(.BOTH.,#5341);
#5341 = SURFACE_SIDE_STYLE('',(#5342));
#5342 = SURFACE_STYLE_FILL_AREA(#5343);
#5343 = FILL_AREA_STYLE('',(#5344));
#5344 = FILL_AREA_STYLE_COLOUR('',#5336);
#5345 = MECHANICAL_DESIGN_GEOMETRIC_PRESENTATION_REPRESENTATION('',(
    #5346),#3901);
#5346 = STYLED_ITEM('color',(#5347),#3684);
#5347 = PRESENTATION_STYLE_ASSIGNMENT((#5348));
#5348 = SURFACE_STYLE_USAGE(.BOTH.,#5349);
#5349 = SURFACE_SIDE_STYLE('',(#5350));
#5350 = SURFACE_STYLE_FILL_AREA(#5351);
#5351 = FILL_AREA_STYLE('',(#5352));
#5352 = FILL_AREA_STYLE_COLOUR('',#5336);
#5353 = MECHANICAL_DESIGN_GEOMETRIC_PRESENTATION_REPRESENTATION('',(
    #5354),#5081);
#5354 = STYLED_ITEM('color',(#5355),#4864);
#5355 = PRESENTATION_STYLE_ASSIGNMENT((#5356));
#5356 = SURFACE_STYLE_USAGE(.BOTH.,#5357);
#5357 = SURFACE_SIDE_STYLE('',(#5358));
#5358 = SURFACE_STYLE_FILL_AREA(#5359);
#5359 = FILL_AREA_STYLE('',(#5360));
#5360 = FILL_AREA_STYLE_COLOUR('',#5336);
#5361 = MECHANICAL_DESIGN_GEOMETRIC_PRESENTATION_REPRESENTATION('',(
    #5362),#1777);
#5362 = STYLED_ITEM('color',(#5363),#1560);
#5363 = PRESENTATION_STYLE_ASSIGNMENT((#5364));
#5364 = SURFACE_STYLE_USAGE(.BOTH.,#5365);
#5365 = SURFACE_SIDE_STYLE('',(#5366));
#5366 = SURFACE_STYLE_FILL_AREA(#5367);
#5367 = FILL_AREA_STYLE('',(#5368));
#5368 = FILL_AREA_STYLE_COLOUR('',#5336);
#5369 = MECHANICAL_DESIGN_GEOMETRIC_PRESENTATION_REPRESENTATION('',(
    #5370),#3193);
#5370 = STYLED_ITEM('color',(#5371),#2976);
#5371 = PRESENTATION_STYLE_ASSIGNMENT((#5372));
#5372 = SURFACE_STYLE_USAGE(.BOTH.,#5373);
#5373 = SURFACE_SIDE_STYLE('',(#5374));
#5374 = SURFACE_STYLE_FILL_AREA(#5375);
#5375 = FILL_AREA_STYLE('',(#5376));
#5376 = FILL_AREA_STYLE_COLOUR('',#5336);
#5377 = MECHANICAL_DESIGN_GEOMETRIC_PRESENTATION_REPRESENTATION('',(
    #5378),#4373);
#5378 = STYLED_ITEM('color',(#5379),#4156);
#5379 = PRESENTATION_STYLE_ASSIGNMENT((#5380));
#5380 = SURFACE_STYLE_USAGE(.BOTH.,#5381);
#5381 = SURFACE_SIDE_STYLE('',(#5382));
#5382 = SURFACE_STYLE_FILL_AREA(#5383);
#5383 = FILL_AREA_STYLE('',(#5384));
#5384 = FILL_AREA_STYLE_COLOUR('',#5336);
#5385 = MECHANICAL_DESIGN_GEOMETRIC_PRESENTATION_REPRESENTATION('',(
    #5386),#5317);
#5386 = STYLED_ITEM('color',(#5387),#5100);
#5387 = PRESENTATION_STYLE_ASSIGNMENT((#5388));
#5388 = SURFACE_STYLE_USAGE(.BOTH.,#5389);
#5389 = SURFACE_SIDE_STYLE('',(#5390));
#5390 = SURFACE_STYLE_FILL_AREA(#5391);
#5391 = FILL_AREA_STYLE('',(#5392));
#5392 = FILL_AREA_STYLE_COLOUR('',#5336);
#5393 = MECHANICAL_DESIGN_GEOMETRIC_PRESENTATION_REPRESENTATION('',(
    #5394),#1305);
#5394 = STYLED_ITEM('color',(#5395),#1088);
#5395 = PRESENTATION_STYLE_ASSIGNMENT((#5396));
#5396 = SURFACE_STYLE_USAGE(.BOTH.,#5397);
#5397 = SURFACE_SIDE_STYLE('',(#5398));
#5398 = SURFACE_STYLE_FILL_AREA(#5399);
#5399 = FILL_AREA_STYLE('',(#5400));
#5400 = FILL_AREA_STYLE_COLOUR('',#5336);
#5401 = MECHANICAL_DESIGN_GEOMETRIC_PRESENTATION_REPRESENTATION('',(
    #5402),#2249);
#5402 = STYLED_ITEM('color',(#5403),#2032);
#5403 = PRESENTATION_STYLE_ASSIGNMENT((#5404));
#5404 = SURFACE_STYLE_USAGE(.BOTH.,#5405);
#5405 = SURFACE_SIDE_STYLE('',(#5406));
#5406 = SURFACE_STYLE_FILL_AREA(#5407);
#5407 = FILL_AREA_STYLE('',(#5408));
#5408 = FILL_AREA_STYLE_COLOUR('',#5336);
#5409 = MECHANICAL_DESIGN_GEOMETRIC_PRESENTATION_REPRESENTATION('',(
    #5410),#3665);
#5410 = STYLED_ITEM('color',(#5411),#3448);
#5411 = PRESENTATION_STYLE_ASSIGNMENT((#5412));
#5412 = SURFACE_STYLE_USAGE(.BOTH.,#5413);
#5413 = SURFACE_SIDE_STYLE('',(#5414));
#5414 = SURFACE_STYLE_FILL_AREA(#5415);
#5415 = FILL_AREA_STYLE('',(#5416));
#5416 = FILL_AREA_STYLE_COLOUR('',#5336);
#5417 = MECHANICAL_DESIGN_GEOMETRIC_PRESENTATION_REPRESENTATION('',(
    #5418),#4845);
#5418 = STYLED_ITEM('color',(#5419),#4628);
#5419 = PRESENTATION_STYLE_ASSIGNMENT((#5420));
#5420 = SURFACE_STYLE_USAGE(.BOTH.,#5421);
#5421 = SURFACE_SIDE_STYLE('',(#5422));
#5422 = SURFACE_STYLE_FILL_AREA(#5423);
#5423 = FILL_AREA_STYLE('',(#5424));
#5424 = FILL_AREA_STYLE_COLOUR('',#5336);
#5425 = MECHANICAL_DESIGN_GEOMETRIC_PRESENTATION_REPRESENTATION('',(
    #5426),#2957);
#5426 = STYLED_ITEM('color',(#5427),#2740);
#5427 = PRESENTATION_STYLE_ASSIGNMENT((#5428));
#5428 = SURFACE_STYLE_USAGE(.BOTH.,#5429);
#5429 = SURFACE_SIDE_STYLE('',(#5430));
#5430 = SURFACE_STYLE_FILL_AREA(#5431);
#5431 = FILL_AREA_STYLE('',(#5432));
#5432 = FILL_AREA_STYLE_COLOUR('',#5336);
#5433 = MECHANICAL_DESIGN_GEOMETRIC_PRESENTATION_REPRESENTATION('',(
    #5434),#1069);
#5434 = STYLED_ITEM('color',(#5435),#971);
#5435 = PRESENTATION_STYLE_ASSIGNMENT((#5436));
#5436 = SURFACE_STYLE_USAGE(.BOTH.,#5437);
#5437 = SURFACE_SIDE_STYLE('',(#5438));
#5438 = SURFACE_STYLE_FILL_AREA(#5439);
#5439 = FILL_AREA_STYLE('',(#5440));
#5440 = FILL_AREA_STYLE_COLOUR('',#5336);
#5441 = MECHANICAL_DESIGN_GEOMETRIC_PRESENTATION_REPRESENTATION('',(
    #5442),#4137);
#5442 = STYLED_ITEM('color',(#5443),#3920);
#5443 = PRESENTATION_STYLE_ASSIGNMENT((#5444));
#5444 = SURFACE_STYLE_USAGE(.BOTH.,#5445);
#5445 = SURFACE_SIDE_STYLE('',(#5446));
#5446 = SURFACE_STYLE_FILL_AREA(#5447);
#5447 = FILL_AREA_STYLE('',(#5448));
#5448 = FILL_AREA_STYLE_COLOUR('',#5336);
#5449 = MECHANICAL_DESIGN_GEOMETRIC_PRESENTATION_REPRESENTATION('',(
    #5450),#1541);
#5450 = STYLED_ITEM('color',(#5451),#1324);
#5451 = PRESENTATION_STYLE_ASSIGNMENT((#5452));
#5452 = SURFACE_STYLE_USAGE(.BOTH.,#5453);
#5453 = SURFACE_SIDE_STYLE('',(#5454));
#5454 = SURFACE_STYLE_FILL_AREA(#5455);
#5455 = FILL_AREA_STYLE('',(#5456));
#5456 = FILL_AREA_STYLE_COLOUR('',#5336);
#5457 = MECHANICAL_DESIGN_GEOMETRIC_PRESENTATION_REPRESENTATION('',(
    #5458),#2013);
#5458 = STYLED_ITEM('color',(#5459),#1796);
#5459 = PRESENTATION_STYLE_ASSIGNMENT((#5460));
#5460 = SURFACE_STYLE_USAGE(.BOTH.,#5461);
#5461 = SURFACE_SIDE_STYLE('',(#5462));
#5462 = SURFACE_STYLE_FILL_AREA(#5463);
#5463 = FILL_AREA_STYLE('',(#5464));
#5464 = FILL_AREA_STYLE_COLOUR('',#5336);
#5465 = MECHANICAL_DESIGN_GEOMETRIC_PRESENTATION_REPRESENTATION('',(
    #5466),#289);
#5466 = STYLED_ITEM('color',(#5467),#121);
#5467 = PRESENTATION_STYLE_ASSIGNMENT((#5468));
#5468 = SURFACE_STYLE_USAGE(.BOTH.,#5469);
#5469 = SURFACE_SIDE_STYLE('',(#5470));
#5470 = SURFACE_STYLE_FILL_AREA(#5471);
#5471 = FILL_AREA_STYLE('',(#5472));
#5472 = FILL_AREA_STYLE_COLOUR('',#5336);
#5473 = MECHANICAL_DESIGN_GEOMETRIC_PRESENTATION_REPRESENTATION('',(
    #5474),#3429);
#5474 = STYLED_ITEM('color',(#5475),#3212);
#5475 = PRESENTATION_STYLE_ASSIGNMENT((#5476));
#5476 = SURFACE_STYLE_USAGE(.BOTH.,#5477);
#5477 = SURFACE_SIDE_STYLE('',(#5478));
#5478 = SURFACE_STYLE_FILL_AREA(#5479);
#5479 = FILL_AREA_STYLE('',(#5480));
#5480 = FILL_AREA_STYLE_COLOUR('',#5336);
#5481 = MECHANICAL_DESIGN_GEOMETRIC_PRESENTATION_REPRESENTATION('',(
    #5482),#4609);
#5482 = STYLED_ITEM('color',(#5483),#4392);
#5483 = PRESENTATION_STYLE_ASSIGNMENT((#5484));
#5484 = SURFACE_STYLE_USAGE(.BOTH.,#5485);
#5485 = SURFACE_SIDE_STYLE('',(#5486));
#5486 = SURFACE_STYLE_FILL_AREA(#5487);
#5487 = FILL_AREA_STYLE('',(#5488));
#5488 = FILL_AREA_STYLE_COLOUR('',#5336);
#5489 = MECHANICAL_DESIGN_GEOMETRIC_PRESENTATION_REPRESENTATION('',(
    #5490),#952);
#5490 = STYLED_ITEM('color',(#5491),#854);
#5491 = PRESENTATION_STYLE_ASSIGNMENT((#5492));
#5492 = SURFACE_STYLE_USAGE(.BOTH.,#5493);
#5493 = SURFACE_SIDE_STYLE('',(#5494));
#5494 = SURFACE_STYLE_FILL_AREA(#5495);
#5495 = FILL_AREA_STYLE('',(#5496));
#5496 = FILL_AREA_STYLE_COLOUR('',#5336);
#5497 = MECHANICAL_DESIGN_GEOMETRIC_PRESENTATION_REPRESENTATION('',(
    #5498),#835);
#5498 = STYLED_ITEM('color',(#5499),#581);
#5499 = PRESENTATION_STYLE_ASSIGNMENT((#5500));
#5500 = SURFACE_STYLE_USAGE(.BOTH.,#5501);
#5501 = SURFACE_SIDE_STYLE('',(#5502));
#5502 = SURFACE_STYLE_FILL_AREA(#5503);
#5503 = FILL_AREA_STYLE('',(#5504));
#5504 = FILL_AREA_STYLE_COLOUR('',#5336);
#5505 = MECHANICAL_DESIGN_GEOMETRIC_PRESENTATION_REPRESENTATION('',(
    #5506),#562);
#5506 = STYLED_ITEM('color',(#5507),#308);
#5507 = PRESENTATION_STYLE_ASSIGNMENT((#5508));
#5508 = SURFACE_STYLE_USAGE(.BOTH.,#5509);
#5509 = SURFACE_SIDE_STYLE('',(#5510));
#5510 = SURFACE_STYLE_FILL_AREA(#5511);
#5511 = FILL_AREA_STYLE('',(#5512));
#5512 = FILL_AREA_STYLE_COLOUR('',#5336);
ENDSEC;
END-ISO-10303-21;
