DBRep_DrawableShape

CASCADE Topology V3, (c) Open Cascade
Locations 0
Curve2ds 328
1 0.0025000000000001289 0.0099999999999999135 0 1 
1 0 0 1 0 
2 1.2836953722228372e-16 -1.7347234759768071e-16 1 0 -0 1 1.9999999999999998
1 6.4184768611141862e-17 -0.0025000000000001722 1 0 
1 0 0 1 0 
2 0 0 0 1 1 -0 0.14999999999999991
2 0.39000000000000012 -1.5800000000000003 1.1102230246251565e-16 1 1 -1.1102230246251565e-16 0.14999999999999991
1 0 0 1 0 
2 0 0 0 1 1 -0 0.14999999999999991
2 0.39000000000000012 -1.1800000000000004 1.1102230246251565e-16 1 1 -1.1102230246251565e-16 0.14999999999999991
1 0 0 1 0 
2 0 0 0 1 1 -0 0.14999999999999991
2 0.9900000000000001 -1.1800000000000004 1.1102230246251565e-16 1 1 -1.1102230246251565e-16 0.14999999999999991
1 0 0 1 0 
2 0 0 0 1 1 -0 0.15000000000000002
2 0.39000000000000012 -0.78000000000000025 1.1102230246251565e-16 1 1 -1.1102230246251565e-16 0.15000000000000002
1 0 0 1 0 
2 0 0 0 1 1 -0 0.15000000000000002
2 0.39000000000000012 -0.38000000000000017 1.1102230246251565e-16 1 1 -1.1102230246251565e-16 0.15000000000000002
1 0 0 1 0 
2 0 0 0 1 1 -0 0.15000000000000002
2 0.9900000000000001 -0.78000000000000025 1.1102230246251565e-16 1 1 -1.1102230246251565e-16 0.15000000000000002
1 0 0 1 0 
2 0 0 0 1 1 -0 0.15000000000000002
2 1.5900000000000003 -0.78000000000000025 1.1102230246251565e-16 1 1 -1.1102230246251565e-16 0.15000000000000002
1 0 0 1 0 
2 0 0 0 1 1 -0 0.15000000000000002
2 0.9900000000000001 -0.38000000000000017 1.1102230246251565e-16 1 1 -1.1102230246251565e-16 0.15000000000000002
1 0 0 1 0 
2 0 0 0 1 1 -0 0.15000000000000002
2 1.5900000000000003 -0.38000000000000017 1.1102230246251565e-16 1 1 -1.1102230246251565e-16 0.15000000000000002
1 4.7136389807102104 0 0 1 
1 0.0025000000000001289 0.0099999999999999135 0 1 
1 0 -1.5 1 0 
2 1.2836953722228372e-16 -1.7347234759768071e-16 1 0 -0 1 1.9999999999999998
1 6.2819353068540655 0 0 1 
1 6.4184768611141862e-17 -0.0025000000000001722 1 0 
1 6.2831853071795862 0 0 1 
1 0 0 0 1 
1 0 7.5 1 0 
1 0 9.4247779607693793 -0 -1 
1 6.2831853071795862 0 0 1 
1 0 0 0 1 
1 0 6.666666666666667 1 0 
1 0 9.4247779607693793 -0 -1 
1 6.2831853071795862 0 0 1 
1 0 0 0 1 
1 0 6.666666666666667 1 0 
1 0 9.4247779607693793 -0 -1 
1 6.2831853071795862 0 0 1 
1 0 0 0 1 
1 0 5.833333333333333 1 0 
1 0 9.4247779607693793 -0 -1 
1 6.2831853071795862 0 0 1 
1 0 0 0 1 
1 0 5 1 0 
1 0 9.4247779607693793 -0 -1 
1 6.2831853071795862 0 0 1 
1 0 0 0 1 
1 0 5.833333333333333 1 0 
1 0 9.4247779607693793 -0 -1 
1 6.2831853071795862 0 0 1 
1 0 0 0 1 
1 0 5.833333333333333 1 0 
1 0 9.4247779607693793 -0 -1 
1 6.2831853071795862 0 0 1 
1 0 0 0 1 
1 0 5 1 0 
1 0 9.4247779607693793 -0 -1 
1 6.2831853071795862 0 0 1 
1 0 0 0 1 
1 0 5 1 0 
1 0 9.4247779607693793 -0 -1 
1 0 0 1 0 
2 0 -2.2204460492503131e-16 1 0 -0 1 0.34999999999999998
2 0.54993656812860092 -1.3499365681286002 1 0 -0 1 0.34999999999999998
1 0 3.1415926535897931 1 0 
1 0 9.4247779607693793 1 0 
1 3.1415926535897931 0 0 1 
1 9.4247779607693793 0 -1 -0 
1 0 3.1415926535897931 1 0 
1 0 9.4247779607693793 1 0 
1 3.1415926535897931 0 0 1 
1 9.4247779607693793 0 -1 -0 
1 0 3.1415926535897931 1 0 
1 0 9.4247779607693793 1 0 
1 3.1415926535897931 0 0 1 
1 9.4247779607693793 0 -1 -0 
1 0 3.141592653589794 1 0 
1 0 9.4247779607693793 1 0 
1 3.1415926535897909 0 0 1 
1 9.4247779607693793 0 -1 -0 
1 0 3.1415926535897931 1 0 
1 0 9.4247779607693793 1 0 
1 3.1415926535897931 0 0 1 
1 9.4247779607693793 0 -1 -0 
1 0 3.141592653589794 1 0 
1 0 9.4247779607693793 1 0 
1 3.1415926535897909 0 0 1 
1 9.4247779607693793 0 -1 -0 
1 0 3.141592653589794 1 0 
1 0 9.4247779607693793 1 0 
1 3.1415926535897909 0 0 1 
1 9.4247779607693793 0 -1 -0 
1 0 3.1415926535897931 1 0 
1 0 9.4247779607693793 1 0 
1 3.1415926535897931 0 0 1 
1 9.4247779607693793 0 -1 -0 
1 0 3.1415926535897931 1 0 
1 0 9.4247779607693793 1 0 
1 3.1415926535897931 0 0 1 
1 9.4247779607693793 0 -1 -0 
1 0 0 0 -1 
1 6.2831853071795862 0 0 -1 
1 0 -0.55000000000000004 1 0 
1 6.2831853071795862 0 0 1 
1 0 0 0 1 
1 0 7.5 1 0 
2 5.5511151231257827e-17 -6.1629758220391547e-33 0 -1 -1 -0 0.14999999999999991
2 0.40000000000000047 1.5999999999999999 -1.1102230246251565e-16 -1 1 -1.1102230246251565e-16 0.14999999999999991
1 6.2831853071795862 0 0 1 
1 0 0 0 1 
1 0 6.666666666666667 1 0 
2 4.9303806576313238e-32 4.4408920985006262e-16 0 -1 -1 -0 0.14999999999999991
2 0.40000000000000041 1.2 -1.1102230246251565e-16 -1 1 -1.1102230246251565e-16 0.14999999999999991
1 6.2831853071795862 0 0 1 
1 0 0 0 1 
1 0 6.666666666666667 1 0 
2 4.9303806576313238e-32 4.4408920985006262e-16 0 -1 -1 -0 0.14999999999999991
2 1.0000000000000004 1.2 -1.1102230246251565e-16 -1 1 -1.1102230246251565e-16 0.14999999999999991
1 6.2831853071795862 0 0 1 
1 0 0 0 1 
1 0 5.833333333333333 1 0 
2 2.4651903288156619e-32 2.2204460492503131e-16 0 -1 -1 -0 0.15000000000000002
2 0.4000000000000003 0.80000000000000027 -1.1102230246251565e-16 -1 1 -1.1102230246251565e-16 0.15000000000000002
1 6.2831853071795862 0 0 1 
1 0 0 0 1 
1 0 5 1 0 
2 1.2325951644078309e-32 1.1102230246251565e-16 0 -1 -1 -0 0.15000000000000002
2 0.40000000000000024 0.40000000000000063 -1.1102230246251564e-16 -1 1 -1.1102230246251564e-16 0.15000000000000002
1 6.2831853071795862 0 0 1 
1 0 0 0 1 
1 0 5.833333333333333 1 0 
2 2.4651903288156619e-32 2.2204460492503131e-16 0 -1 -1 -0 0.15000000000000002
2 1.0000000000000004 0.80000000000000027 -1.1102230246251565e-16 -1 1 -1.1102230246251565e-16 0.15000000000000002
1 6.2831853071795862 0 0 1 
1 0 0 0 1 
1 0 5.833333333333333 1 0 
2 2.4651903288156619e-32 2.2204460492503131e-16 0 -1 -1 -0 0.15000000000000002
2 1.6000000000000005 0.80000000000000027 -1.1102230246251565e-16 -1 1 -1.1102230246251565e-16 0.15000000000000002
1 6.2831853071795862 0 0 1 
1 0 0 0 1 
1 0 5 1 0 
2 1.2325951644078309e-32 1.1102230246251565e-16 0 -1 -1 -0 0.15000000000000002
2 1.0000000000000002 0.40000000000000063 -1.1102230246251564e-16 -1 1 -1.1102230246251564e-16 0.15000000000000002
1 6.2831853071795862 0 0 1 
1 0 0 0 1 
1 0 5 1 0 
2 1.2325951644078309e-32 1.1102230246251565e-16 0 -1 -1 -0 0.15000000000000002
2 1.6000000000000003 0.40000000000000063 -1.1102230246251564e-16 -1 1 -1.1102230246251564e-16 0.15000000000000002
8 -1.9999999999999998 2
1 6.4098756212785473e-17 0.0024999999999998253 1 0 
8 -1.9999999999999998 2
1 0 -6.4098756212785473e-17 0 1 
2 1.2819751242557095e-16 -1.7475190490798498e-16 1 0 -0 1 2
1 0 5 1 0 
2 1.2325951644078309e-32 1.1102230246251565e-16 0 -1 -1 -0 0.15000000000000002
2 -1.5999999999999999 0.40000000000000063 -1.1102230246251564e-16 -1 1 -1.1102230246251564e-16 0.15000000000000002
1 0 5 1 0 
2 1.2325951644078309e-32 1.1102230246251565e-16 0 -1 -1 -0 0.15000000000000002
2 -0.99999999999999978 0.40000000000000063 -1.1102230246251564e-16 -1 1 -1.1102230246251564e-16 0.15000000000000002
1 0 5 1 0 
2 1.2325951644078309e-32 1.1102230246251565e-16 0 -1 -1 -0 0.15000000000000002
2 -0.3999999999999998 0.40000000000000063 -1.1102230246251564e-16 -1 1 -1.1102230246251564e-16 0.15000000000000002
1 0 5.833333333333333 1 0 
2 2.4651903288156619e-32 2.2204460492503131e-16 0 -1 -1 -0 0.15000000000000002
2 -1.5999999999999996 0.80000000000000027 -1.1102230246251565e-16 -1 1 -1.1102230246251565e-16 0.15000000000000002
1 0 5.833333333333333 1 0 
2 2.4651903288156619e-32 2.2204460492503131e-16 0 -1 -1 -0 0.15000000000000002
2 -0.99999999999999967 0.80000000000000027 -1.1102230246251565e-16 -1 1 -1.1102230246251565e-16 0.15000000000000002
1 0 5.833333333333333 1 0 
2 2.4651903288156619e-32 2.2204460492503131e-16 0 -1 -1 -0 0.15000000000000002
2 -0.39999999999999974 0.80000000000000027 -1.1102230246251565e-16 -1 1 -1.1102230246251565e-16 0.15000000000000002
1 0 6.666666666666667 1 0 
2 1.110223024625157e-16 4.4408920985006262e-16 0 -1 -1 -0 0.14999999999999991
2 -0.99999999999999967 1.2 -1.1102230246251565e-16 -1 1 -1.1102230246251565e-16 0.14999999999999991
1 0 6.666666666666667 1 0 
2 4.9303806576313238e-32 4.4408920985006262e-16 0 -1 -1 -0 0.14999999999999991
2 -0.39999999999999963 1.2 -1.1102230246251565e-16 -1 1 -1.1102230246251565e-16 0.14999999999999991
1 0 7.5 1 0 
2 5.5511151231257827e-17 -6.1629758220391547e-33 0 -1 -1 -0 0.14999999999999991
2 -0.39999999999999958 1.5999999999999999 -1.1102230246251565e-16 -1 1 -1.1102230246251565e-16 0.14999999999999991
8 -1.5000005999999999 5.9999999999999997e-07
1 0.0012500003255210624 0 0 1 
8 -1.5000005999999999 5.9999999999999997e-07
1 0 1.9999984374993895 1 0 
8 -1.5000005999999999 5.9999999999999997e-07
1 3.140342653264272 0 0 1 
8 -1.5000005999999999 5.9999999999999997e-07
1 0 -1.9999984374993895 1 0 
8 -1.9999999999999998 2
1 6.4098756212785473e-17 0.0024999999999998253 1 0 
8 -1.9999999999999998 2
1 -1.5 -6.4098756212785473e-17 0 1 
2 1.2819751242557095e-16 -1.7475190490798498e-16 1 0 -0 1 2
1 6.2831853071795862 0 0 1 
1 0 0 0 1 
1 3.1415926535897931 0 0 1 
1 9.4247779607693793 0 -1 -0 
1 6.2831853071795862 0 0 1 
1 0 0 0 1 
1 3.1415926535897931 0 0 1 
1 9.4247779607693793 0 -1 -0 
1 6.2831853071795862 0 0 1 
1 0 0 0 1 
1 3.1415926535897931 0 0 1 
1 9.4247779607693793 0 -1 -0 
1 6.2831853071795862 0 0 1 
1 0 0 0 1 
1 3.1415926535897909 0 0 1 
1 9.4247779607693793 0 -1 -0 
1 6.2831853071795862 0 0 1 
1 0 0 0 1 
1 3.1415926535897909 0 0 1 
1 9.4247779607693793 0 -1 -0 
1 6.2831853071795862 0 0 1 
1 0 0 0 1 
1 3.1415926535897909 0 0 1 
1 9.4247779607693793 0 -1 -0 
1 6.2831853071795862 0 0 1 
1 0 0 0 1 
1 3.1415926535897931 0 0 1 
1 9.4247779607693793 0 -1 -0 
1 6.2831853071795862 0 0 1 
1 0 0 0 1 
1 3.1415926535897931 0 0 1 
1 9.4247779607693793 0 -1 -0 
1 6.2831853071795862 0 0 1 
1 0 0 0 1 
1 3.1415926535897931 0 0 1 
1 9.4247779607693793 0 -1 -0 
1 0 3.1415926535897931 1 0 
1 0 9.4247779607693793 1 0 
1 0 5 1 0 
1 0 9.4247779607693793 -0 -1 
1 0 3.1415926535897931 1 0 
1 0 9.4247779607693793 1 0 
1 0 5 1 0 
1 0 9.4247779607693793 -0 -1 
1 0 3.1415926535897931 1 0 
1 0 9.4247779607693793 1 0 
1 0 5 1 0 
1 0 9.4247779607693793 -0 -1 
1 0 3.141592653589794 1 0 
1 0 9.4247779607693793 1 0 
1 0 5.833333333333333 1 0 
1 0 9.4247779607693793 -0 -1 
1 0 3.141592653589794 1 0 
1 0 9.4247779607693793 1 0 
1 0 5.833333333333333 1 0 
1 0 9.4247779607693793 -0 -1 
1 0 3.141592653589794 1 0 
1 0 9.4247779607693793 1 0 
1 0 5.833333333333333 1 0 
1 0 9.4247779607693793 -0 -1 
1 0 3.1415926535897931 1 0 
1 0 9.4247779607693793 1 0 
1 0 6.666666666666667 1 0 
1 0 9.4247779607693793 -0 -1 
1 0 3.1415926535897931 1 0 
1 0 9.4247779607693793 1 0 
1 0 6.666666666666667 1 0 
1 0 9.4247779607693793 -0 -1 
1 0 3.1415926535897931 1 0 
1 0 9.4247779607693793 1 0 
1 0 7.5 1 0 
1 0 9.4247779607693793 -0 -1 
1 6.2831853071795862 0 0 1 
1 0 0 0 1 
1 0 0 1 0 
2 0 0 0 1 1 -0 0.15000000000000002
2 -1.5899999999999999 -0.38000000000000017 1.1102230246251565e-16 1 1 -1.1102230246251565e-16 0.15000000000000002
1 6.2831853071795862 0 0 1 
1 0 0 0 1 
1 0 0 1 0 
2 0 0 0 1 1 -0 0.15000000000000002
2 -0.98999999999999988 -0.38000000000000017 1.1102230246251565e-16 1 1 -1.1102230246251565e-16 0.15000000000000002
1 6.2831853071795862 0 0 1 
1 0 0 0 1 
1 0 0 1 0 
2 0 0 0 1 1 -0 0.15000000000000002
2 -0.3899999999999999 -0.38000000000000017 1.1102230246251565e-16 1 1 -1.1102230246251565e-16 0.15000000000000002
1 6.2831853071795862 0 0 1 
1 0 0 0 1 
1 0 0 1 0 
2 0 0 0 1 1 -0 0.15000000000000002
2 -1.5899999999999999 -0.78000000000000025 1.1102230246251565e-16 1 1 -1.1102230246251565e-16 0.15000000000000002
1 6.2831853071795862 0 0 1 
1 0 0 0 1 
1 0 0 1 0 
2 0 0 0 1 1 -0 0.15000000000000002
2 -0.98999999999999988 -0.78000000000000025 1.1102230246251565e-16 1 1 -1.1102230246251565e-16 0.15000000000000002
1 6.2831853071795862 0 0 1 
1 0 0 0 1 
1 0 0 1 0 
2 0 0 0 1 1 -0 0.15000000000000002
2 -0.3899999999999999 -0.78000000000000025 1.1102230246251565e-16 1 1 -1.1102230246251565e-16 0.15000000000000002
1 6.2831853071795862 0 0 1 
1 0 0 0 1 
1 0 0 1 0 
2 0 0 0 1 1 -0 0.14999999999999991
2 -0.98999999999999988 -1.1800000000000004 1.1102230246251565e-16 1 1 -1.1102230246251565e-16 0.14999999999999991
1 6.2831853071795862 0 0 1 
1 0 0 0 1 
1 0 0 1 0 
2 0 0 0 1 1 -0 0.14999999999999991
2 -0.3899999999999999 -1.1800000000000004 1.1102230246251565e-16 1 1 -1.1102230246251565e-16 0.14999999999999991
1 6.2831853071795862 0 0 1 
1 0 0 0 1 
1 0 0 1 0 
2 0 0 0 1 1 -0 0.14999999999999991
2 -0.3899999999999999 -1.5800000000000003 1.1102230246251565e-16 1 1 -1.1102230246251565e-16 0.14999999999999991
1 6.4184768611141862e-17 -0.0025000000000001722 1 0 
2 1.2836953722228372e-16 -1.7347234759768071e-16 1 0 -0 1 2
1 -0.0024999999999998721 0.0099999999999999135 0 1 
1 3.1428426539153143 0 0 1 
1 6.4184768611141862e-17 -0.0025000000000001722 1 0 
2 1.2836953722228372e-16 -1.7347234759768071e-16 1 0 -0 1 2
1 4.7111389800591681 0 0 1 
1 -0.0024999999999998721 0.0099999999999999135 0 1 
1 0 0 1 0 
2 0 0 1 0 -0 1 0.34999999999999998
2 -0.5499365681286007 -1.3499365681286004 1 0 -0 1 0.34999999999999998
1 0 0 0 -1 
1 6.2831853071795862 0 0 -1 
1 0 -0.55000000000000004 1 0 
Curves 282
1 0.012500000000000001 -0.0099999999999999135 0 0 1 0 
2 0.01 -0.02 0 0 0 1 1 0 0 0 1 0 2
1 0.009999999999999936 -0.022499999999999999 0 1 0 0 
2 0.40000000000000002 -1.6000000000000001 0 -1.1102230246251565e-16 1.2325951644078309e-32 -1 1.1102230246251565e-16 1 0 1 -1.1102230246251565e-16 -1.1102230246251565e-16 0.14999999999999999
2 0.40000000000000002 -1.2000000000000002 0 -1.1102230246251565e-16 1.2325951644078309e-32 -1 1.1102230246251565e-16 1 0 1 -1.1102230246251565e-16 -1.1102230246251565e-16 0.14999999999999999
2 1 -1.2000000000000002 0 -1.1102230246251565e-16 1.2325951644078309e-32 -1 1.1102230246251565e-16 1 0 1 -1.1102230246251565e-16 -1.1102230246251565e-16 0.14999999999999999
2 0.40000000000000002 -0.80000000000000004 0 -1.1102230246251565e-16 1.2325951644078309e-32 -1 1.1102230246251565e-16 1 0 1 -1.1102230246251565e-16 -1.1102230246251565e-16 0.14999999999999999
2 0.40000000000000002 -0.40000000000000002 0 -1.1102230246251565e-16 1.2325951644078309e-32 -1 1.1102230246251565e-16 1 0 1 -1.1102230246251565e-16 -1.1102230246251565e-16 0.14999999999999999
2 1 -0.80000000000000004 0 -1.1102230246251565e-16 1.2325951644078309e-32 -1 1.1102230246251565e-16 1 0 1 -1.1102230246251565e-16 -1.1102230246251565e-16 0.14999999999999999
2 1.6000000000000001 -0.80000000000000004 0 -1.1102230246251565e-16 1.2325951644078309e-32 -1 1.1102230246251565e-16 1 0 1 -1.1102230246251565e-16 -1.1102230246251565e-16 0.14999999999999999
2 1 -0.40000000000000002 0 -1.1102230246251565e-16 1.2325951644078309e-32 -1 1.1102230246251565e-16 1 0 1 -1.1102230246251565e-16 -1.1102230246251565e-16 0.14999999999999999
2 1.6000000000000001 -0.40000000000000002 0 -1.1102230246251565e-16 1.2325951644078309e-32 -1 1.1102230246251565e-16 1 0 1 -1.1102230246251565e-16 -1.1102230246251565e-16 0.14999999999999999
1 0.012500000000000001 -2.0199984374993893 0 -0 -0 -1 
1 0.012500000000000001 -0.0099999999999999135 1.5 0 1 0 
1 0.012500000000000001 -0.022499999999999999 0 0 0 1 
2 0.01 -0.02 1.5 0 0 1 1 0 0 0 1 0 2
1 2.0099984374993896 -0.022499999999999999 0 -0 -0 -1 
1 0.009999999999999936 -0.022499999999999999 1.5 1 0 0 
1 0.40000000000000002 -1.4500000000000002 4.078893220340673e-33 -1.1102230246251565e-16 1.2325951644078309e-32 -1 
2 0.39999999999999919 -1.6000000000000001 -7.5 -1.1102230246251565e-16 1.2325951644078309e-32 -1 1.1102230246251565e-16 1 0 1 -1.1102230246251565e-16 -1.1102230246251565e-16 0.14999999999999999
1 0.40000000000000002 -1.0500000000000003 4.078893220340673e-33 -1.1102230246251565e-16 1.2325951644078309e-32 -1 
2 0.3999999999999993 -1.2000000000000002 -6.666666666666667 -1.1102230246251565e-16 1.2325951644078309e-32 -1 1.1102230246251565e-16 1 0 1 -1.1102230246251565e-16 -1.1102230246251565e-16 0.14999999999999999
1 1 -1.0500000000000003 4.078893220340673e-33 -1.1102230246251565e-16 1.2325951644078309e-32 -1 
2 0.99999999999999922 -1.2000000000000002 -6.666666666666667 -1.1102230246251565e-16 1.2325951644078309e-32 -1 1.1102230246251565e-16 1 0 1 -1.1102230246251565e-16 -1.1102230246251565e-16 0.14999999999999999
1 0.40000000000000002 -0.65000000000000002 4.078893220340673e-33 -1.1102230246251565e-16 1.2325951644078309e-32 -1 
2 0.39999999999999936 -0.80000000000000004 -5.833333333333333 -1.1102230246251565e-16 1.2325951644078309e-32 -1 1.1102230246251565e-16 1 0 1 -1.1102230246251565e-16 -1.1102230246251565e-16 0.14999999999999999
1 0.40000000000000002 -0.25 4.078893220340673e-33 -1.1102230246251565e-16 1.2325951644078309e-32 -1 
2 0.39999999999999947 -0.40000000000000002 -5 -1.1102230246251565e-16 1.2325951644078309e-32 -1 1.1102230246251565e-16 1 0 1 -1.1102230246251565e-16 -1.1102230246251565e-16 0.14999999999999999
1 1 -0.65000000000000002 4.078893220340673e-33 -1.1102230246251565e-16 1.2325951644078309e-32 -1 
2 0.99999999999999933 -0.80000000000000004 -5.833333333333333 -1.1102230246251565e-16 1.2325951644078309e-32 -1 1.1102230246251565e-16 1 0 1 -1.1102230246251565e-16 -1.1102230246251565e-16 0.14999999999999999
1 1.6000000000000001 -0.65000000000000002 4.078893220340673e-33 -1.1102230246251565e-16 1.2325951644078309e-32 -1 
2 1.5999999999999994 -0.80000000000000004 -5.833333333333333 -1.1102230246251565e-16 1.2325951644078309e-32 -1 1.1102230246251565e-16 1 0 1 -1.1102230246251565e-16 -1.1102230246251565e-16 0.14999999999999999
1 1 -0.25 4.078893220340673e-33 -1.1102230246251565e-16 1.2325951644078309e-32 -1 
2 0.99999999999999944 -0.40000000000000002 -5 -1.1102230246251565e-16 1.2325951644078309e-32 -1 1.1102230246251565e-16 1 0 1 -1.1102230246251565e-16 -1.1102230246251565e-16 0.14999999999999999
1 1.6000000000000001 -0.25 4.078893220340673e-33 -1.1102230246251565e-16 1.2325951644078309e-32 -1 
2 1.5999999999999996 -0.40000000000000002 -5 -1.1102230246251565e-16 1.2325951644078309e-32 -1 1.1102230246251565e-16 1 0 1 -1.1102230246251565e-16 -1.1102230246251565e-16 0.14999999999999999
2 0.55993656812860082 -1.3699365681286 1.5 0 0 1 1 0 0 0 1 0 0.34999999999999998
2 0.39999999999999941 2.2204460492503131e-16 -7.5 1 -1.1102230246251565e-16 -1.1102230246251565e-16 -1.1102230246251565e-16 -1 0 -1.1102230246251565e-16 1.2325951644078309e-32 -1 1.45
2 0.39999999999999952 1.6000000000000001 -7.5 -1.1102230246251568e-16 -1.2246467991473532e-16 -1 1.1102230246251564e-16 1 -1.2246467991473532e-16 1 -1.1102230246251565e-16 -1.1102230246251565e-16 0.14999999999999999
2 0.39999999999999941 0 -6.666666666666667 1 -1.1102230246251565e-16 -1.1102230246251565e-16 -1.1102230246251565e-16 -1 0 -1.1102230246251565e-16 1.2325951644078309e-32 -1 1.0500000000000003
2 0.39999999999999952 1.2000000000000002 -6.666666666666667 -1.1102230246251568e-16 -1.2246467991473532e-16 -1 1.1102230246251564e-16 1 -1.2246467991473532e-16 1 -1.1102230246251565e-16 -1.1102230246251565e-16 0.14999999999999999
2 0.99999999999999944 0 -6.666666666666667 1 -1.1102230246251565e-16 -1.1102230246251565e-16 -1.1102230246251565e-16 -1 0 -1.1102230246251565e-16 1.2325951644078309e-32 -1 1.0500000000000003
2 0.99999999999999956 1.2000000000000002 -6.666666666666667 -1.1102230246251568e-16 -1.2246467991473532e-16 -1 1.1102230246251564e-16 1 -1.2246467991473532e-16 1 -1.1102230246251565e-16 -1.1102230246251565e-16 0.14999999999999999
2 0.39999999999999936 1.1102230246251565e-16 -5.8333333333333321 1 -1.1102230246251565e-16 -1.1102230246251565e-16 -1.1102230246251578e-16 -1 -1.1102230246251561e-15 -1.1102230246251553e-16 1.1102230246251561e-15 -1 0.65000000000000024
2 0.39999999999999958 0.80000000000000049 -5.833333333333333 -1.110223024625158e-16 -1.2326877045398921e-15 -1 1.1102230246251552e-16 1 -1.2326877045398921e-15 1 -1.1102230246251565e-16 -1.1102230246251565e-16 0.14999999999999999
2 0.39999999999999952 5.5511151231257827e-17 -5 1 -1.1102230246251565e-16 -1.1102230246251565e-16 -1.1102230246251565e-16 -1 0 -1.1102230246251565e-16 1.2325951644078309e-32 -1 0.25000000000000011
2 0.39999999999999958 0.40000000000000024 -5 -1.1102230246251568e-16 -1.2246467991473532e-16 -1 1.1102230246251564e-16 1 -1.2246467991473532e-16 1 -1.1102230246251565e-16 -1.1102230246251565e-16 0.14999999999999999
2 0.99999999999999933 1.1102230246251565e-16 -5.8333333333333321 1 -1.1102230246251565e-16 -1.1102230246251565e-16 -1.1102230246251578e-16 -1 -1.1102230246251561e-15 -1.1102230246251553e-16 1.1102230246251561e-15 -1 0.65000000000000024
2 0.99999999999999956 0.80000000000000049 -5.833333333333333 -1.110223024625158e-16 -1.2326877045398921e-15 -1 1.1102230246251552e-16 1 -1.2326877045398921e-15 1 -1.1102230246251565e-16 -1.1102230246251565e-16 0.14999999999999999
2 1.5999999999999994 1.1102230246251565e-16 -5.8333333333333321 1 -1.1102230246251565e-16 -1.1102230246251565e-16 -1.1102230246251578e-16 -1 -1.1102230246251561e-15 -1.1102230246251553e-16 1.1102230246251561e-15 -1 0.65000000000000024
2 1.5999999999999996 0.80000000000000049 -5.833333333333333 -1.110223024625158e-16 -1.2326877045398921e-15 -1 1.1102230246251552e-16 1 -1.2326877045398921e-15 1 -1.1102230246251565e-16 -1.1102230246251565e-16 0.14999999999999999
2 0.99999999999999956 5.5511151231257827e-17 -5 1 -1.1102230246251565e-16 -1.1102230246251565e-16 -1.1102230246251565e-16 -1 0 -1.1102230246251565e-16 1.2325951644078309e-32 -1 0.25000000000000011
2 0.99999999999999956 0.40000000000000024 -5 -1.1102230246251568e-16 -1.2246467991473532e-16 -1 1.1102230246251564e-16 1 -1.2246467991473532e-16 1 -1.1102230246251565e-16 -1.1102230246251565e-16 0.14999999999999999
2 1.5999999999999996 5.5511151231257827e-17 -5 1 -1.1102230246251565e-16 -1.1102230246251565e-16 -1.1102230246251565e-16 -1 0 -1.1102230246251565e-16 1.2325951644078309e-32 -1 0.25000000000000011
2 1.5999999999999996 0.40000000000000024 -5 -1.1102230246251568e-16 -1.2246467991473532e-16 -1 1.1102230246251564e-16 1 -1.2246467991473532e-16 1 -1.1102230246251565e-16 -1.1102230246251565e-16 0.14999999999999999
1 0.90993656812860091 -1.3699365681286 1.5 0 0 1 
2 0.55993656812860082 -1.3699365681286 2.0499999999999998 0 0 1 1 0 0 0 1 0 0.34999999999999998
1 0.39999999999999947 1.4500000000000002 -7.5 1.1102230246251565e-16 -1.2325951644078309e-32 1 
2 0.40000000000000036 1.6000000000000001 0 1.1102230246251565e-16 -1.2325951644078309e-32 1 -1.1102230246251565e-16 -1 0 1 -1.1102230246251565e-16 -1.1102230246251565e-16 0.14999999999999999
1 0.39999999999999952 1.0500000000000003 -6.666666666666667 1.1102230246251565e-16 -1.2325951644078309e-32 1 
2 0.4000000000000003 1.2000000000000002 0 1.1102230246251565e-16 -1.2325951644078309e-32 1 -1.1102230246251565e-16 -1 0 1 -1.1102230246251565e-16 -1.1102230246251565e-16 0.14999999999999999
1 0.99999999999999944 1.0500000000000003 -6.666666666666667 1.1102230246251565e-16 -1.2325951644078309e-32 1 
2 1.0000000000000002 1.2000000000000002 0 1.1102230246251565e-16 -1.2325951644078309e-32 1 -1.1102230246251565e-16 -1 0 1 -1.1102230246251565e-16 -1.1102230246251565e-16 0.14999999999999999
1 0.39999999999999952 0.65000000000000058 -5.833333333333333 1.1102230246251565e-16 -1.2325951644078309e-32 1 
2 0.40000000000000019 0.80000000000000049 0 1.1102230246251565e-16 -1.2325951644078309e-32 1 -1.1102230246251565e-16 -1 0 1 -1.1102230246251565e-16 -1.1102230246251565e-16 0.14999999999999999
1 0.39999999999999952 0.25000000000000022 -5 1.1102230246251565e-16 1.1102230246251564e-16 1 
2 0.40000000000000013 0.4000000000000008 0 1.1102230246251565e-16 1.1102230246251564e-16 1 -1.1102230246251564e-16 -1 1.1102230246251565e-16 1 -1.1102230246251565e-16 -1.1102230246251565e-16 0.14999999999999999
1 0.99999999999999944 0.65000000000000058 -5.833333333333333 1.1102230246251565e-16 -1.2325951644078309e-32 1 
2 1.0000000000000002 0.80000000000000049 0 1.1102230246251565e-16 -1.2325951644078309e-32 1 -1.1102230246251565e-16 -1 0 1 -1.1102230246251565e-16 -1.1102230246251565e-16 0.14999999999999999
1 1.5999999999999996 0.65000000000000058 -5.833333333333333 1.1102230246251565e-16 -1.2325951644078309e-32 1 
2 1.6000000000000003 0.80000000000000049 0 1.1102230246251565e-16 -1.2325951644078309e-32 1 -1.1102230246251565e-16 -1 0 1 -1.1102230246251565e-16 -1.1102230246251565e-16 0.14999999999999999
1 0.99999999999999944 0.25000000000000022 -5 1.1102230246251565e-16 1.1102230246251564e-16 1 
2 1 0.4000000000000008 0 1.1102230246251565e-16 1.1102230246251564e-16 1 -1.1102230246251564e-16 -1 1.1102230246251565e-16 1 -1.1102230246251565e-16 -1.1102230246251565e-16 0.14999999999999999
1 1.5999999999999996 0.25000000000000022 -5 1.1102230246251565e-16 1.1102230246251564e-16 1 
2 1.6000000000000001 0.4000000000000008 0 1.1102230246251565e-16 1.1102230246251564e-16 1 -1.1102230246251564e-16 -1 1.1102230246251565e-16 1 -1.1102230246251565e-16 -1.1102230246251565e-16 0.14999999999999999
1 -6.4098756212785473e-17 0.0025000000000000001 0 1 0 0 
2 0 0 0 0 0 1 1 0 0 0 1 0 2
2 -1.6000000000000001 0.4000000000000008 0 1.1102230246251565e-16 1.1102230246251564e-16 1 -1.1102230246251564e-16 -1 1.1102230246251565e-16 1 -1.1102230246251565e-16 -1.1102230246251565e-16 0.14999999999999999
2 -0.99999999999999989 0.4000000000000008 0 1.1102230246251565e-16 1.1102230246251564e-16 1 -1.1102230246251564e-16 -1 1.1102230246251565e-16 1 -1.1102230246251565e-16 -1.1102230246251565e-16 0.14999999999999999
2 -0.39999999999999991 0.4000000000000008 0 1.1102230246251565e-16 1.1102230246251564e-16 1 -1.1102230246251564e-16 -1 1.1102230246251565e-16 1 -1.1102230246251565e-16 -1.1102230246251565e-16 0.14999999999999999
2 -1.5999999999999999 0.80000000000000049 0 1.1102230246251565e-16 -1.2325951644078309e-32 1 -1.1102230246251565e-16 -1 0 1 -1.1102230246251565e-16 -1.1102230246251565e-16 0.14999999999999999
2 -0.99999999999999978 0.80000000000000049 0 1.1102230246251565e-16 -1.2325951644078309e-32 1 -1.1102230246251565e-16 -1 0 1 -1.1102230246251565e-16 -1.1102230246251565e-16 0.14999999999999999
2 -0.39999999999999986 0.80000000000000049 0 1.1102230246251565e-16 -1.2325951644078309e-32 1 -1.1102230246251565e-16 -1 0 1 -1.1102230246251565e-16 -1.1102230246251565e-16 0.14999999999999999
2 -0.99999999999999978 1.2000000000000002 0 1.1102230246251565e-16 -1.2325951644078309e-32 1 -1.1102230246251565e-16 -1 0 1 -1.1102230246251565e-16 -1.1102230246251565e-16 0.14999999999999999
2 -0.39999999999999974 1.2000000000000002 0 1.1102230246251565e-16 -1.2325951644078309e-32 1 -1.1102230246251565e-16 -1 0 1 -1.1102230246251565e-16 -1.1102230246251565e-16 0.14999999999999999
2 -0.39999999999999969 1.6000000000000001 0 1.1102230246251565e-16 -1.2325951644078309e-32 1 -1.1102230246251565e-16 -1 0 1 -1.1102230246251565e-16 -1.1102230246251565e-16 0.14999999999999999
1 1.9999984374993895 0.0025000000000000001 0 -0 -0 -1 
1 -1.9999984374993895 0.0025000000000000001 0 -0 -0 -1 
1 -6.4098756212785473e-17 0.0025000000000000001 1.5 1 0 0 
2 0 0 1.5 0 0 1 1 0 0 0 1 0 2
1 -1.6000000000000005 0.25000000000000022 -5 1.1102230246251565e-16 1.1102230246251564e-16 1 
2 -1.6000000000000005 0.40000000000000024 -5 -1.1102230246251568e-16 -1.2246467991473532e-16 -1 1.1102230246251564e-16 1 -1.2246467991473532e-16 1 -1.1102230246251565e-16 -1.1102230246251565e-16 0.14999999999999999
1 -1.0000000000000004 0.25000000000000022 -5 1.1102230246251565e-16 1.1102230246251564e-16 1 
2 -1.0000000000000004 0.40000000000000024 -5 -1.1102230246251568e-16 -1.2246467991473532e-16 -1 1.1102230246251564e-16 1 -1.2246467991473532e-16 1 -1.1102230246251565e-16 -1.1102230246251565e-16 0.14999999999999999
1 -0.40000000000000052 0.25000000000000022 -5 1.1102230246251565e-16 1.1102230246251564e-16 1 
2 -0.40000000000000047 0.40000000000000024 -5 -1.1102230246251568e-16 -1.2246467991473532e-16 -1 1.1102230246251564e-16 1 -1.2246467991473532e-16 1 -1.1102230246251565e-16 -1.1102230246251565e-16 0.14999999999999999
1 -1.6000000000000005 0.65000000000000058 -5.833333333333333 1.1102230246251565e-16 -1.2325951644078309e-32 1 
2 -1.6000000000000005 0.80000000000000049 -5.833333333333333 -1.110223024625158e-16 -1.2326877045398921e-15 -1 1.1102230246251552e-16 1 -1.2326877045398921e-15 1 -1.1102230246251565e-16 -1.1102230246251565e-16 0.14999999999999999
1 -1.0000000000000004 0.65000000000000058 -5.833333333333333 1.1102230246251565e-16 -1.2325951644078309e-32 1 
2 -1.0000000000000004 0.80000000000000049 -5.833333333333333 -1.110223024625158e-16 -1.2326877045398921e-15 -1 1.1102230246251552e-16 1 -1.2326877045398921e-15 1 -1.1102230246251565e-16 -1.1102230246251565e-16 0.14999999999999999
1 -0.40000000000000052 0.65000000000000058 -5.833333333333333 1.1102230246251565e-16 -1.2325951644078309e-32 1 
2 -0.40000000000000047 0.80000000000000049 -5.833333333333333 -1.110223024625158e-16 -1.2326877045398921e-15 -1 1.1102230246251552e-16 1 -1.2326877045398921e-15 1 -1.1102230246251565e-16 -1.1102230246251565e-16 0.14999999999999999
1 -1.0000000000000004 1.0500000000000003 -6.666666666666667 1.1102230246251565e-16 -1.2325951644078309e-32 1 
2 -1.0000000000000004 1.2000000000000002 -6.666666666666667 -1.1102230246251568e-16 -1.2246467991473532e-16 -1 1.1102230246251564e-16 1 -1.2246467991473532e-16 1 -1.1102230246251565e-16 -1.1102230246251565e-16 0.14999999999999999
1 -0.40000000000000052 1.0500000000000003 -6.666666666666667 1.1102230246251565e-16 -1.2325951644078309e-32 1 
2 -0.40000000000000052 1.2000000000000002 -6.666666666666667 -1.1102230246251568e-16 -1.2246467991473532e-16 -1 1.1102230246251564e-16 1 -1.2246467991473532e-16 1 -1.1102230246251565e-16 -1.1102230246251565e-16 0.14999999999999999
1 -0.40000000000000058 1.4500000000000002 -7.5 1.1102230246251565e-16 -1.2325951644078309e-32 1 
2 -0.40000000000000052 1.6000000000000001 -7.5 -1.1102230246251568e-16 -1.2246467991473532e-16 -1 1.1102230246251564e-16 1 -1.2246467991473532e-16 1 -1.1102230246251565e-16 -1.1102230246251565e-16 0.14999999999999999
2 -1.6000000000000005 5.5511151231257827e-17 -5 1 -1.1102230246251565e-16 -1.1102230246251565e-16 -1.1102230246251565e-16 -1 0 -1.1102230246251565e-16 1.2325951644078309e-32 -1 0.25000000000000011
2 -1.6000000000000005 -0.40000000000000002 -5 -1.1102230246251565e-16 1.2325951644078309e-32 -1 1.1102230246251565e-16 1 0 1 -1.1102230246251565e-16 -1.1102230246251565e-16 0.14999999999999999
2 -1.0000000000000004 5.5511151231257827e-17 -5 1 -1.1102230246251565e-16 -1.1102230246251565e-16 -1.1102230246251565e-16 -1 0 -1.1102230246251565e-16 1.2325951644078309e-32 -1 0.25000000000000011
2 -1.0000000000000004 -0.40000000000000002 -5 -1.1102230246251565e-16 1.2325951644078309e-32 -1 1.1102230246251565e-16 1 0 1 -1.1102230246251565e-16 -1.1102230246251565e-16 0.14999999999999999
2 -0.40000000000000052 5.5511151231257827e-17 -5 1 -1.1102230246251565e-16 -1.1102230246251565e-16 -1.1102230246251565e-16 -1 0 -1.1102230246251565e-16 1.2325951644078309e-32 -1 0.25000000000000011
2 -0.40000000000000058 -0.40000000000000002 -5 -1.1102230246251565e-16 1.2325951644078309e-32 -1 1.1102230246251565e-16 1 0 1 -1.1102230246251565e-16 -1.1102230246251565e-16 0.14999999999999999
2 -1.6000000000000008 1.1102230246251565e-16 -5.8333333333333321 1 -1.1102230246251565e-16 -1.1102230246251565e-16 -1.1102230246251578e-16 -1 -1.1102230246251561e-15 -1.1102230246251553e-16 1.1102230246251561e-15 -1 0.65000000000000024
2 -1.6000000000000008 -0.80000000000000004 -5.833333333333333 -1.1102230246251565e-16 1.2325951644078309e-32 -1 1.1102230246251565e-16 1 0 1 -1.1102230246251565e-16 -1.1102230246251565e-16 0.14999999999999999
2 -1.0000000000000007 1.1102230246251565e-16 -5.8333333333333321 1 -1.1102230246251565e-16 -1.1102230246251565e-16 -1.1102230246251578e-16 -1 -1.1102230246251561e-15 -1.1102230246251553e-16 1.1102230246251561e-15 -1 0.65000000000000024
2 -1.0000000000000007 -0.80000000000000004 -5.833333333333333 -1.1102230246251565e-16 1.2325951644078309e-32 -1 1.1102230246251565e-16 1 0 1 -1.1102230246251565e-16 -1.1102230246251565e-16 0.14999999999999999
2 -0.40000000000000069 1.1102230246251565e-16 -5.8333333333333321 1 -1.1102230246251565e-16 -1.1102230246251565e-16 -1.1102230246251578e-16 -1 -1.1102230246251561e-15 -1.1102230246251553e-16 1.1102230246251561e-15 -1 0.65000000000000024
2 -0.40000000000000069 -0.80000000000000004 -5.833333333333333 -1.1102230246251565e-16 1.2325951644078309e-32 -1 1.1102230246251565e-16 1 0 1 -1.1102230246251565e-16 -1.1102230246251565e-16 0.14999999999999999
2 -1.0000000000000007 0 -6.666666666666667 1 -1.1102230246251565e-16 -1.1102230246251565e-16 -1.1102230246251565e-16 -1 0 -1.1102230246251565e-16 1.2325951644078309e-32 -1 1.0500000000000003
2 -1.0000000000000007 -1.2000000000000002 -6.666666666666667 -1.1102230246251565e-16 1.2325951644078309e-32 -1 1.1102230246251565e-16 1 0 1 -1.1102230246251565e-16 -1.1102230246251565e-16 0.14999999999999999
2 -0.40000000000000063 0 -6.666666666666667 1 -1.1102230246251565e-16 -1.1102230246251565e-16 -1.1102230246251565e-16 -1 0 -1.1102230246251565e-16 1.2325951644078309e-32 -1 1.0500000000000003
2 -0.40000000000000074 -1.2000000000000002 -6.666666666666667 -1.1102230246251565e-16 1.2325951644078309e-32 -1 1.1102230246251565e-16 1 0 1 -1.1102230246251565e-16 -1.1102230246251565e-16 0.14999999999999999
2 -0.40000000000000063 2.2204460492503131e-16 -7.5 1 -1.1102230246251565e-16 -1.1102230246251565e-16 -1.1102230246251565e-16 -1 0 -1.1102230246251565e-16 1.2325951644078309e-32 -1 1.45
2 -0.40000000000000085 -1.6000000000000001 -7.5 -1.1102230246251565e-16 1.2325951644078309e-32 -1 1.1102230246251565e-16 1 0 1 -1.1102230246251565e-16 -1.1102230246251565e-16 0.14999999999999999
1 -1.6000000000000001 -0.25 4.078893220340673e-33 -1.1102230246251565e-16 1.2325951644078309e-32 -1 
2 -1.6000000000000001 -0.40000000000000002 0 -1.1102230246251565e-16 1.2325951644078309e-32 -1 1.1102230246251565e-16 1 0 1 -1.1102230246251565e-16 -1.1102230246251565e-16 0.14999999999999999
1 -1 -0.25 4.078893220340673e-33 -1.1102230246251565e-16 1.2325951644078309e-32 -1 
2 -1 -0.40000000000000002 0 -1.1102230246251565e-16 1.2325951644078309e-32 -1 1.1102230246251565e-16 1 0 1 -1.1102230246251565e-16 -1.1102230246251565e-16 0.14999999999999999
1 -0.40000000000000002 -0.25 4.078893220340673e-33 -1.1102230246251565e-16 1.2325951644078309e-32 -1 
2 -0.40000000000000002 -0.40000000000000002 0 -1.1102230246251565e-16 1.2325951644078309e-32 -1 1.1102230246251565e-16 1 0 1 -1.1102230246251565e-16 -1.1102230246251565e-16 0.14999999999999999
1 -1.6000000000000001 -0.65000000000000002 4.078893220340673e-33 -1.1102230246251565e-16 1.2325951644078309e-32 -1 
2 -1.6000000000000001 -0.80000000000000004 0 -1.1102230246251565e-16 1.2325951644078309e-32 -1 1.1102230246251565e-16 1 0 1 -1.1102230246251565e-16 -1.1102230246251565e-16 0.14999999999999999
1 -1 -0.65000000000000002 4.078893220340673e-33 -1.1102230246251565e-16 1.2325951644078309e-32 -1 
2 -1 -0.80000000000000004 0 -1.1102230246251565e-16 1.2325951644078309e-32 -1 1.1102230246251565e-16 1 0 1 -1.1102230246251565e-16 -1.1102230246251565e-16 0.14999999999999999
1 -0.40000000000000002 -0.65000000000000002 4.078893220340673e-33 -1.1102230246251565e-16 1.2325951644078309e-32 -1 
2 -0.40000000000000002 -0.80000000000000004 0 -1.1102230246251565e-16 1.2325951644078309e-32 -1 1.1102230246251565e-16 1 0 1 -1.1102230246251565e-16 -1.1102230246251565e-16 0.14999999999999999
1 -1 -1.0500000000000003 4.078893220340673e-33 -1.1102230246251565e-16 1.2325951644078309e-32 -1 
2 -1 -1.2000000000000002 0 -1.1102230246251565e-16 1.2325951644078309e-32 -1 1.1102230246251565e-16 1 0 1 -1.1102230246251565e-16 -1.1102230246251565e-16 0.14999999999999999
1 -0.40000000000000002 -1.0500000000000003 4.078893220340673e-33 -1.1102230246251565e-16 1.2325951644078309e-32 -1 
2 -0.40000000000000002 -1.2000000000000002 0 -1.1102230246251565e-16 1.2325951644078309e-32 -1 1.1102230246251565e-16 1 0 1 -1.1102230246251565e-16 -1.1102230246251565e-16 0.14999999999999999
1 -0.40000000000000002 -1.4500000000000002 4.078893220340673e-33 -1.1102230246251565e-16 1.2325951644078309e-32 -1 
2 -0.40000000000000002 -1.6000000000000001 0 -1.1102230246251565e-16 1.2325951644078309e-32 -1 1.1102230246251565e-16 1 0 1 -1.1102230246251565e-16 -1.1102230246251565e-16 0.14999999999999999
1 -0.010000000000000064 -0.022499999999999999 0 1 0 0 
2 -0.01 -0.02 0 0 0 1 1 0 0 0 1 0 2
1 -0.012500000000000001 -0.0099999999999999135 0 0 1 0 
1 -0.012500000000000001 -0.022499999999999999 0 0 0 1 
1 -2.0099984374993896 -0.022499999999999999 0 -0 -0 -1 
1 -0.010000000000000064 -0.022499999999999999 1.5 1 0 0 
2 -0.01 -0.02 1.5 0 0 1 1 0 0 0 1 0 2
1 -0.012500000000000001 -2.0199984374993893 0 -0 -0 -1 
1 -0.012500000000000001 -0.0099999999999999135 1.5 0 1 0 
2 -0.55993656812860082 -1.3699365681286002 1.5 0 0 1 1 0 0 0 1 0 0.34999999999999998
1 -0.20993656812860079 -1.3699365681286002 1.5 0 0 1 
2 -0.55993656812860082 -1.3699365681286002 2.0499999999999998 0 0 1 1 0 0 0 1 0 0.34999999999999998
2 0.40000000000000002 -0.40000000000000002 0 -1.1102230246251565e-16 1.2325951644078309e-32 -1 1.1102230246251565e-16 1 0 1 -1.1102230246251565e-16 -1.1102230246251565e-16 0.155
1 0.40000000000000002 -0.24500000000000002 4.2148563276853625e-33 -1.1102230246251565e-16 1.2325951644078309e-32 -1 
2 0.39999999999999941 -0.40000000000000002 -5 -1.1102230246251565e-16 1.2325951644078309e-32 -1 4.7841634220672159e-16 1 -4.0788932203406729e-32 1 -4.7841634220672159e-16 -1.1102230246251565e-16 0.155
2 0.39999999999999952 5.5511151231257827e-17 -5 1 -1.1102230246251565e-16 -1.1102230246251565e-16 -1.1102230246251565e-16 -1 0 -1.1102230246251565e-16 1.2325951644078309e-32 -1 0.24500000000000013
2 0.39999999999999958 0.40000000000000019 -5 -1.1102230246251568e-16 -1.2246467991473535e-16 -1 1.1102230246251564e-16 1 -1.2246467991473535e-16 1 -1.1102230246251565e-16 -1.1102230246251565e-16 0.155
2 0.40000000000000013 0.4000000000000008 0 1.1102230246251565e-16 1.1102230246251564e-16 1 -1.1102230246251564e-16 -1 1.1102230246251565e-16 1 -1.1102230246251565e-16 -1.1102230246251564e-16 0.155
1 0.39999999999999952 0.24500000000000025 -5 1.1102230246251565e-16 1.1102230246251564e-16 1 
2 -0.40000000000000002 -0.40000000000000002 0 -1.1102230246251565e-16 1.2325951644078309e-32 -1 1.1102230246251565e-16 1 0 1 -1.1102230246251565e-16 -1.1102230246251565e-16 0.155
1 -0.40000000000000002 -0.24500000000000002 4.2148563276853625e-33 -1.1102230246251565e-16 1.2325951644078309e-32 -1 
2 -0.40000000000000063 -0.40000000000000013 -5 -1.1102230246251565e-16 1.2325951644078309e-32 -1 4.7841634220672159e-16 1 -4.0788932203406729e-32 1 -4.7841634220672159e-16 -1.1102230246251565e-16 0.155
2 -0.40000000000000052 5.5511151231257827e-17 -5 1 -1.1102230246251565e-16 -1.1102230246251565e-16 -1.1102230246251565e-16 -1 0 -1.1102230246251565e-16 1.2325951644078309e-32 -1 0.24500000000000013
2 -0.40000000000000047 0.40000000000000019 -5 -1.1102230246251568e-16 -1.2246467991473535e-16 -1 1.1102230246251564e-16 1 -1.2246467991473535e-16 1 -1.1102230246251565e-16 -1.1102230246251565e-16 0.155
2 -0.39999999999999991 0.4000000000000008 0 1.1102230246251565e-16 1.1102230246251564e-16 1 -1.1102230246251564e-16 -1 1.1102230246251565e-16 1 -1.1102230246251565e-16 -1.1102230246251564e-16 0.155
1 -0.40000000000000052 0.24500000000000025 -5 1.1102230246251565e-16 1.1102230246251564e-16 1 
2 0.40000000000000002 -0.80000000000000004 0 -1.1102230246251565e-16 1.2325951644078309e-32 -1 1.1102230246251565e-16 1 0 1 -1.1102230246251565e-16 -1.1102230246251565e-16 0.155
1 0.40000000000000002 -0.64500000000000002 4.2148563276853625e-33 -1.1102230246251565e-16 1.2325951644078309e-32 -1 
2 0.39999999999999936 -0.80000000000000016 -5.833333333333333 -1.1102230246251552e-16 1.1102230246251561e-15 -1 4.7841634220672179e-16 1 1.1102230246251561e-15 1 -4.7841634220672169e-16 -1.1102230246251605e-16 0.155
2 0.39999999999999936 1.1102230246251568e-16 -5.8333333333333321 1 -1.1102230246251565e-16 -1.1102230246251565e-16 -1.1102230246251578e-16 -1 -1.1102230246251561e-15 -1.1102230246251553e-16 1.1102230246251561e-15 -1 0.64500000000000024
2 0.39999999999999958 0.80000000000000038 -5.833333333333333 -1.110223024625158e-16 -1.2326877045398921e-15 -1 1.1102230246251552e-16 1 -1.2326877045398921e-15 1 -1.1102230246251565e-16 -1.1102230246251565e-16 0.155
2 0.40000000000000024 0.80000000000000049 0 1.1102230246251565e-16 -1.2325951644078309e-32 1 -1.1102230246251565e-16 -1 0 1 -1.1102230246251565e-16 -1.1102230246251565e-16 0.155
1 0.39999999999999952 0.64500000000000046 -5.833333333333333 1.1102230246251565e-16 -1.2325951644078309e-32 1 
2 -0.40000000000000002 -0.80000000000000004 0 -1.1102230246251565e-16 1.2325951644078309e-32 -1 1.1102230246251565e-16 1 0 1 -1.1102230246251565e-16 -1.1102230246251565e-16 0.155
1 -0.40000000000000002 -0.64500000000000002 4.2148563276853625e-33 -1.1102230246251565e-16 1.2325951644078309e-32 -1 
2 -0.40000000000000069 -0.80000000000000016 -5.833333333333333 -1.1102230246251552e-16 1.1102230246251561e-15 -1 4.7841634220672179e-16 1 1.1102230246251561e-15 1 -4.7841634220672169e-16 -1.1102230246251605e-16 0.155
2 -0.40000000000000069 1.1102230246251568e-16 -5.8333333333333321 1 -1.1102230246251565e-16 -1.1102230246251565e-16 -1.1102230246251578e-16 -1 -1.1102230246251561e-15 -1.1102230246251553e-16 1.1102230246251561e-15 -1 0.64500000000000024
2 -0.40000000000000047 0.80000000000000038 -5.833333333333333 -1.110223024625158e-16 -1.2326877045398921e-15 -1 1.1102230246251552e-16 1 -1.2326877045398921e-15 1 -1.1102230246251565e-16 -1.1102230246251565e-16 0.155
2 -0.3999999999999998 0.80000000000000049 0 1.1102230246251565e-16 -1.2325951644078309e-32 1 -1.1102230246251565e-16 -1 0 1 -1.1102230246251565e-16 -1.1102230246251565e-16 0.155
1 -0.40000000000000052 0.64500000000000046 -5.833333333333333 1.1102230246251565e-16 -1.2325951644078309e-32 1 
2 0.40000000000000002 -1.2000000000000002 0 -1.1102230246251565e-16 1.2325951644078309e-32 -1 1.1102230246251565e-16 1 0 1 -1.1102230246251565e-16 -1.1102230246251565e-16 0.155
1 0.40000000000000002 -1.0450000000000002 4.2148563276853625e-33 -1.1102230246251565e-16 1.2325951644078309e-32 -1 
2 0.39999999999999925 -1.2 -6.666666666666667 -1.1102230246251565e-16 1.2325951644078309e-32 -1 4.7841634220672159e-16 1 -4.0788932203406729e-32 1 -4.7841634220672159e-16 -1.1102230246251565e-16 0.155
2 0.39999999999999941 -2.1074281638426813e-33 -6.666666666666667 1 -1.1102230246251565e-16 -1.1102230246251565e-16 -1.1102230246251565e-16 -1 0 -1.1102230246251565e-16 1.2325951644078309e-32 -1 1.0450000000000002
2 0.39999999999999952 1.2000000000000002 -6.666666666666667 -1.1102230246251568e-16 -1.2246467991473535e-16 -1 1.1102230246251564e-16 1 -1.2246467991473535e-16 1 -1.1102230246251565e-16 -1.1102230246251565e-16 0.155
2 0.40000000000000024 1.2000000000000002 0 1.1102230246251565e-16 -1.2325951644078309e-32 1 -1.1102230246251565e-16 -1 0 1 -1.1102230246251565e-16 -1.1102230246251565e-16 0.155
1 0.39999999999999947 1.0450000000000002 -6.666666666666667 1.1102230246251565e-16 -1.2325951644078309e-32 1 
2 -0.40000000000000002 -1.2000000000000002 0 -1.1102230246251565e-16 1.2325951644078309e-32 -1 1.1102230246251565e-16 1 0 1 -1.1102230246251565e-16 -1.1102230246251565e-16 0.155
1 -0.40000000000000002 -1.0450000000000002 4.2148563276853625e-33 -1.1102230246251565e-16 1.2325951644078309e-32 -1 
2 -0.4000000000000008 -1.2000000000000004 -6.666666666666667 -1.1102230246251565e-16 1.2325951644078309e-32 -1 4.7841634220672159e-16 1 -4.0788932203406729e-32 1 -4.7841634220672159e-16 -1.1102230246251565e-16 0.155
2 -0.40000000000000063 -2.1074281638426813e-33 -6.666666666666667 1 -1.1102230246251565e-16 -1.1102230246251565e-16 -1.1102230246251565e-16 -1 0 -1.1102230246251565e-16 1.2325951644078309e-32 -1 1.0450000000000002
2 -0.40000000000000052 1.2000000000000002 -6.666666666666667 -1.1102230246251568e-16 -1.2246467991473535e-16 -1 1.1102230246251564e-16 1 -1.2246467991473535e-16 1 -1.1102230246251565e-16 -1.1102230246251565e-16 0.155
2 -0.3999999999999998 1.2000000000000002 0 1.1102230246251565e-16 -1.2325951644078309e-32 1 -1.1102230246251565e-16 -1 0 1 -1.1102230246251565e-16 -1.1102230246251565e-16 0.155
1 -0.40000000000000058 1.0450000000000002 -6.666666666666667 1.1102230246251565e-16 -1.2325951644078309e-32 1 
2 0.40000000000000002 -1.6000000000000001 0 -1.1102230246251565e-16 1.2325951644078309e-32 -1 1.1102230246251565e-16 1 0 1 -1.1102230246251565e-16 -1.1102230246251565e-16 0.155
1 0.40000000000000002 -1.4450000000000001 4.2148563276853625e-33 -1.1102230246251565e-16 1.2325951644078309e-32 -1 
2 0.39999999999999913 -1.5999999999999994 -7.5 -1.1102230246251565e-16 1.2325951644078309e-32 -1 4.7841634220672159e-16 1 -4.0788932203406729e-32 1 -4.7841634220672159e-16 -1.1102230246251565e-16 0.155
2 0.39999999999999936 2.2204460492503131e-16 -7.5 1 -1.1102230246251565e-16 -1.1102230246251565e-16 -1.1102230246251565e-16 -1 0 -1.1102230246251565e-16 1.2325951644078309e-32 -1 1.4449999999999998
2 0.39999999999999952 1.6000000000000001 -7.5 -1.1102230246251568e-16 -1.2246467991473535e-16 -1 1.1102230246251564e-16 1 -1.2246467991473535e-16 1 -1.1102230246251565e-16 -1.1102230246251565e-16 0.155
2 0.40000000000000036 1.6000000000000001 0 1.1102230246251565e-16 -1.2325951644078309e-32 1 -1.1102230246251565e-16 -1 0 1 -1.1102230246251565e-16 -1.1102230246251565e-16 0.155
1 0.39999999999999947 1.4450000000000001 -7.5 1.1102230246251565e-16 -1.2325951644078309e-32 1 
2 -0.40000000000000002 -1.6000000000000001 0 -1.1102230246251565e-16 1.2325951644078309e-32 -1 1.1102230246251565e-16 1 0 1 -1.1102230246251565e-16 -1.1102230246251565e-16 0.155
1 -0.40000000000000002 -1.4450000000000001 4.2148563276853625e-33 -1.1102230246251565e-16 1.2325951644078309e-32 -1 
2 -0.40000000000000091 -1.5999999999999999 -7.5 -1.1102230246251565e-16 1.2325951644078309e-32 -1 4.7841634220672159e-16 1 -4.0788932203406729e-32 1 -4.7841634220672159e-16 -1.1102230246251565e-16 0.155
2 -0.40000000000000069 2.2204460492503131e-16 -7.5 1 -1.1102230246251565e-16 -1.1102230246251565e-16 -1.1102230246251565e-16 -1 0 -1.1102230246251565e-16 1.2325951644078309e-32 -1 1.4449999999999998
2 -0.40000000000000052 1.6000000000000001 -7.5 -1.1102230246251568e-16 -1.2246467991473535e-16 -1 1.1102230246251564e-16 1 -1.2246467991473535e-16 1 -1.1102230246251565e-16 -1.1102230246251565e-16 0.155
2 -0.39999999999999969 1.6000000000000001 0 1.1102230246251565e-16 -1.2325951644078309e-32 1 -1.1102230246251565e-16 -1 0 1 -1.1102230246251565e-16 -1.1102230246251565e-16 0.155
1 -0.40000000000000058 1.4450000000000001 -7.5 1.1102230246251565e-16 -1.2325951644078309e-32 1 
2 1 -0.40000000000000002 0 -1.1102230246251565e-16 1.2325951644078309e-32 -1 1.1102230246251565e-16 1 0 1 -1.1102230246251565e-16 -1.1102230246251565e-16 0.155
1 1 -0.24500000000000002 4.2148563276853625e-33 -1.1102230246251565e-16 1.2325951644078309e-32 -1 
2 0.99999999999999956 -0.40000000000000002 -5 -1.1102230246251565e-16 1.2325951644078309e-32 -1 4.7841634220672159e-16 1 -4.0788932203406729e-32 1 -4.7841634220672159e-16 -1.1102230246251565e-16 0.155
2 0.99999999999999944 5.5511151231257827e-17 -5 1 -1.1102230246251565e-16 -1.1102230246251565e-16 -1.1102230246251565e-16 -1 0 -1.1102230246251565e-16 1.2325951644078309e-32 -1 0.24500000000000013
2 0.99999999999999944 0.40000000000000019 -5 -1.1102230246251568e-16 -1.2246467991473535e-16 -1 1.1102230246251564e-16 1 -1.2246467991473535e-16 1 -1.1102230246251565e-16 -1.1102230246251565e-16 0.155
2 1 0.4000000000000008 0 1.1102230246251565e-16 1.1102230246251564e-16 1 -1.1102230246251564e-16 -1 1.1102230246251565e-16 1 -1.1102230246251565e-16 -1.1102230246251564e-16 0.155
1 0.99999999999999956 0.24500000000000025 -5 1.1102230246251565e-16 1.1102230246251564e-16 1 
2 -1 -0.40000000000000002 0 -1.1102230246251565e-16 1.2325951644078309e-32 -1 1.1102230246251565e-16 1 0 1 -1.1102230246251565e-16 -1.1102230246251565e-16 0.155
1 -1 -0.24500000000000002 4.2148563276853625e-33 -1.1102230246251565e-16 1.2325951644078309e-32 -1 
2 -1.0000000000000004 -0.40000000000000013 -5 -1.1102230246251565e-16 1.2325951644078309e-32 -1 4.7841634220672159e-16 1 -4.0788932203406729e-32 1 -4.7841634220672159e-16 -1.1102230246251565e-16 0.155
2 -1.0000000000000004 5.5511151231257827e-17 -5 1 -1.1102230246251565e-16 -1.1102230246251565e-16 -1.1102230246251565e-16 -1 0 -1.1102230246251565e-16 1.2325951644078309e-32 -1 0.24500000000000013
2 -1.0000000000000004 0.40000000000000019 -5 -1.1102230246251568e-16 -1.2246467991473535e-16 -1 1.1102230246251564e-16 1 -1.2246467991473535e-16 1 -1.1102230246251565e-16 -1.1102230246251565e-16 0.155
2 -0.99999999999999989 0.4000000000000008 0 1.1102230246251565e-16 1.1102230246251564e-16 1 -1.1102230246251564e-16 -1 1.1102230246251565e-16 1 -1.1102230246251565e-16 -1.1102230246251564e-16 0.155
1 -1.0000000000000004 0.24500000000000025 -5 1.1102230246251565e-16 1.1102230246251564e-16 1 
2 1 -0.80000000000000004 0 -1.1102230246251565e-16 1.2325951644078309e-32 -1 1.1102230246251565e-16 1 0 1 -1.1102230246251565e-16 -1.1102230246251565e-16 0.155
1 1 -0.64500000000000002 4.2148563276853625e-33 -1.1102230246251565e-16 1.2325951644078309e-32 -1 
2 0.99999999999999933 -0.80000000000000016 -5.833333333333333 -1.1102230246251552e-16 1.1102230246251561e-15 -1 4.7841634220672179e-16 1 1.1102230246251561e-15 1 -4.7841634220672169e-16 -1.1102230246251605e-16 0.155
2 0.99999999999999933 1.1102230246251568e-16 -5.8333333333333321 1 -1.1102230246251565e-16 -1.1102230246251565e-16 -1.1102230246251578e-16 -1 -1.1102230246251561e-15 -1.1102230246251553e-16 1.1102230246251561e-15 -1 0.64500000000000024
2 0.99999999999999956 0.80000000000000038 -5.833333333333333 -1.110223024625158e-16 -1.2326877045398921e-15 -1 1.1102230246251552e-16 1 -1.2326877045398921e-15 1 -1.1102230246251565e-16 -1.1102230246251565e-16 0.155
2 1.0000000000000002 0.80000000000000049 0 1.1102230246251565e-16 -1.2325951644078309e-32 1 -1.1102230246251565e-16 -1 0 1 -1.1102230246251565e-16 -1.1102230246251565e-16 0.155
1 0.99999999999999956 0.64500000000000046 -5.833333333333333 1.1102230246251565e-16 -1.2325951644078309e-32 1 
2 -1 -0.80000000000000004 0 -1.1102230246251565e-16 1.2325951644078309e-32 -1 1.1102230246251565e-16 1 0 1 -1.1102230246251565e-16 -1.1102230246251565e-16 0.155
1 -1 -0.64500000000000002 4.2148563276853625e-33 -1.1102230246251565e-16 1.2325951644078309e-32 -1 
2 -1.0000000000000004 -0.80000000000000016 -5.833333333333333 -1.1102230246251552e-16 1.1102230246251561e-15 -1 4.7841634220672179e-16 1 1.1102230246251561e-15 1 -4.7841634220672169e-16 -1.1102230246251605e-16 0.155
2 -1.0000000000000009 1.1102230246251568e-16 -5.8333333333333321 1 -1.1102230246251565e-16 -1.1102230246251565e-16 -1.1102230246251578e-16 -1 -1.1102230246251561e-15 -1.1102230246251553e-16 1.1102230246251561e-15 -1 0.64500000000000024
2 -1.0000000000000007 0.80000000000000038 -5.833333333333333 -1.110223024625158e-16 -1.2326877045398921e-15 -1 1.1102230246251552e-16 1 -1.2326877045398921e-15 1 -1.1102230246251565e-16 -1.1102230246251565e-16 0.155
2 -0.99999999999999978 0.80000000000000049 0 1.1102230246251565e-16 -1.2325951644078309e-32 1 -1.1102230246251565e-16 -1 0 1 -1.1102230246251565e-16 -1.1102230246251565e-16 0.155
1 -1.0000000000000004 0.64500000000000046 -5.833333333333333 1.1102230246251565e-16 -1.2325951644078309e-32 1 
2 1 -1.2000000000000002 0 -1.1102230246251565e-16 1.2325951644078309e-32 -1 1.1102230246251565e-16 1 0 1 -1.1102230246251565e-16 -1.1102230246251565e-16 0.155
1 1 -1.0450000000000002 4.2148563276853625e-33 -1.1102230246251565e-16 1.2325951644078309e-32 -1 
2 0.99999999999999933 -1.2000000000000002 -6.666666666666667 -1.1102230246251565e-16 1.2325951644078309e-32 -1 4.7841634220672159e-16 1 -4.0788932203406729e-32 1 -4.7841634220672159e-16 -1.1102230246251565e-16 0.155
2 0.99999999999999944 -2.1074281638426813e-33 -6.666666666666667 1 -1.1102230246251565e-16 -1.1102230246251565e-16 -1.1102230246251565e-16 -1 0 -1.1102230246251565e-16 1.2325951644078309e-32 -1 1.0450000000000002
2 0.99999999999999956 1.2000000000000002 -6.666666666666667 -1.1102230246251568e-16 -1.2246467991473535e-16 -1 1.1102230246251564e-16 1 -1.2246467991473535e-16 1 -1.1102230246251565e-16 -1.1102230246251565e-16 0.155
2 1.0000000000000002 1.2000000000000002 0 1.1102230246251565e-16 -1.2325951644078309e-32 1 -1.1102230246251565e-16 -1 0 1 -1.1102230246251565e-16 -1.1102230246251565e-16 0.155
1 0.99999999999999956 1.0450000000000002 -6.666666666666667 1.1102230246251565e-16 -1.2325951644078309e-32 1 
2 -1 -1.2000000000000002 0 -1.1102230246251565e-16 1.2325951644078309e-32 -1 1.1102230246251565e-16 1 0 1 -1.1102230246251565e-16 -1.1102230246251565e-16 0.155
1 -1 -1.0450000000000002 4.2148563276853625e-33 -1.1102230246251565e-16 1.2325951644078309e-32 -1 
2 -1.0000000000000009 -1.2000000000000002 -6.666666666666667 -1.1102230246251565e-16 1.2325951644078309e-32 -1 4.7841634220672159e-16 1 -4.0788932203406729e-32 1 -4.7841634220672159e-16 -1.1102230246251565e-16 0.155
2 -1.0000000000000007 -2.1074281638426813e-33 -6.666666666666667 1 -1.1102230246251565e-16 -1.1102230246251565e-16 -1.1102230246251565e-16 -1 0 -1.1102230246251565e-16 1.2325951644078309e-32 -1 1.0450000000000002
2 -1.0000000000000004 1.2000000000000002 -6.666666666666667 -1.1102230246251568e-16 -1.2246467991473535e-16 -1 1.1102230246251564e-16 1 -1.2246467991473535e-16 1 -1.1102230246251565e-16 -1.1102230246251565e-16 0.155
2 -0.99999999999999967 1.2000000000000002 0 1.1102230246251565e-16 -1.2325951644078309e-32 1 -1.1102230246251565e-16 -1 0 1 -1.1102230246251565e-16 -1.1102230246251565e-16 0.155
1 -1.0000000000000004 1.0450000000000002 -6.666666666666667 1.1102230246251565e-16 -1.2325951644078309e-32 1 
2 1.6000000000000001 -0.40000000000000002 0 -1.1102230246251565e-16 1.2325951644078309e-32 -1 1.1102230246251565e-16 1 0 1 -1.1102230246251565e-16 -1.1102230246251565e-16 0.155
1 1.6000000000000001 -0.24500000000000002 4.2148563276853625e-33 -1.1102230246251565e-16 1.2325951644078309e-32 -1 
2 1.5999999999999996 -0.40000000000000002 -5 -1.1102230246251565e-16 1.2325951644078309e-32 -1 4.7841634220672159e-16 1 -4.0788932203406729e-32 1 -4.7841634220672159e-16 -1.1102230246251565e-16 0.155
2 1.5999999999999996 5.5511151231257827e-17 -5 1 -1.1102230246251565e-16 -1.1102230246251565e-16 -1.1102230246251565e-16 -1 0 -1.1102230246251565e-16 1.2325951644078309e-32 -1 0.24500000000000013
2 1.5999999999999996 0.40000000000000019 -5 -1.1102230246251568e-16 -1.2246467991473535e-16 -1 1.1102230246251564e-16 1 -1.2246467991473535e-16 1 -1.1102230246251565e-16 -1.1102230246251565e-16 0.155
2 1.6000000000000001 0.4000000000000008 0 1.1102230246251565e-16 1.1102230246251564e-16 1 -1.1102230246251564e-16 -1 1.1102230246251565e-16 1 -1.1102230246251565e-16 -1.1102230246251564e-16 0.155
1 1.5999999999999996 0.24500000000000025 -5 1.1102230246251565e-16 1.1102230246251564e-16 1 
2 -1.6000000000000001 -0.40000000000000002 0 -1.1102230246251565e-16 1.2325951644078309e-32 -1 1.1102230246251565e-16 1 0 1 -1.1102230246251565e-16 -1.1102230246251565e-16 0.155
1 -1.6000000000000001 -0.24500000000000002 4.2148563276853625e-33 -1.1102230246251565e-16 1.2325951644078309e-32 -1 
2 -1.6000000000000005 -0.40000000000000013 -5 -1.1102230246251565e-16 1.2325951644078309e-32 -1 4.7841634220672159e-16 1 -4.0788932203406729e-32 1 -4.7841634220672159e-16 -1.1102230246251565e-16 0.155
2 -1.6000000000000005 5.5511151231257827e-17 -5 1 -1.1102230246251565e-16 -1.1102230246251565e-16 -1.1102230246251565e-16 -1 0 -1.1102230246251565e-16 1.2325951644078309e-32 -1 0.24500000000000013
2 -1.6000000000000005 0.40000000000000019 -5 -1.1102230246251568e-16 -1.2246467991473535e-16 -1 1.1102230246251564e-16 1 -1.2246467991473535e-16 1 -1.1102230246251565e-16 -1.1102230246251565e-16 0.155
2 -1.6000000000000001 0.4000000000000008 0 1.1102230246251565e-16 1.1102230246251564e-16 1 -1.1102230246251564e-16 -1 1.1102230246251565e-16 1 -1.1102230246251565e-16 -1.1102230246251564e-16 0.155
1 -1.6000000000000005 0.24500000000000025 -5 1.1102230246251565e-16 1.1102230246251564e-16 1 
2 1.6000000000000001 -0.80000000000000004 0 -1.1102230246251565e-16 1.2325951644078309e-32 -1 1.1102230246251565e-16 1 0 1 -1.1102230246251565e-16 -1.1102230246251565e-16 0.155
1 1.6000000000000001 -0.64500000000000002 4.2148563276853625e-33 -1.1102230246251565e-16 1.2325951644078309e-32 -1 
2 1.5999999999999996 -0.80000000000000016 -5.833333333333333 -1.1102230246251552e-16 1.1102230246251561e-15 -1 4.7841634220672179e-16 1 1.1102230246251561e-15 1 -4.7841634220672169e-16 -1.1102230246251605e-16 0.155
2 1.5999999999999992 1.1102230246251568e-16 -5.8333333333333321 1 -1.1102230246251565e-16 -1.1102230246251565e-16 -1.1102230246251578e-16 -1 -1.1102230246251561e-15 -1.1102230246251553e-16 1.1102230246251561e-15 -1 0.64500000000000024
2 1.5999999999999994 0.80000000000000038 -5.833333333333333 -1.110223024625158e-16 -1.2326877045398921e-15 -1 1.1102230246251552e-16 1 -1.2326877045398921e-15 1 -1.1102230246251565e-16 -1.1102230246251565e-16 0.155
2 1.6000000000000003 0.80000000000000049 0 1.1102230246251565e-16 -1.2325951644078309e-32 1 -1.1102230246251565e-16 -1 0 1 -1.1102230246251565e-16 -1.1102230246251565e-16 0.155
1 1.5999999999999996 0.64500000000000046 -5.833333333333333 1.1102230246251565e-16 -1.2325951644078309e-32 1 
2 -1.6000000000000001 -0.80000000000000004 0 -1.1102230246251565e-16 1.2325951644078309e-32 -1 1.1102230246251565e-16 1 0 1 -1.1102230246251565e-16 -1.1102230246251565e-16 0.155
1 -1.6000000000000001 -0.64500000000000002 4.2148563276853625e-33 -1.1102230246251565e-16 1.2325951644078309e-32 -1 
2 -1.6000000000000005 -0.80000000000000016 -5.833333333333333 -1.1102230246251552e-16 1.1102230246251561e-15 -1 4.7841634220672179e-16 1 1.1102230246251561e-15 1 -4.7841634220672169e-16 -1.1102230246251605e-16 0.155
2 -1.600000000000001 1.1102230246251568e-16 -5.8333333333333321 1 -1.1102230246251565e-16 -1.1102230246251565e-16 -1.1102230246251578e-16 -1 -1.1102230246251561e-15 -1.1102230246251553e-16 1.1102230246251561e-15 -1 0.64500000000000024
2 -1.6000000000000008 0.80000000000000038 -5.833333333333333 -1.110223024625158e-16 -1.2326877045398921e-15 -1 1.1102230246251552e-16 1 -1.2326877045398921e-15 1 -1.1102230246251565e-16 -1.1102230246251565e-16 0.155
2 -1.5999999999999999 0.80000000000000049 0 1.1102230246251565e-16 -1.2325951644078309e-32 1 -1.1102230246251565e-16 -1 0 1 -1.1102230246251565e-16 -1.1102230246251565e-16 0.155
1 -1.6000000000000005 0.64500000000000046 -5.833333333333333 1.1102230246251565e-16 -1.2325951644078309e-32 1 
Polygon3D 0
PolygonOnTriangulations 0
Surfaces 164
1 0.0099999999999998718 -0.019999999999999827 0 0 0 1 1 0 -0 -0 1 0 
2 0.01 -0.02 0 -0 -0 -1 1 0 0 0 1 0 2
10 0 6.2831853071795862 0 7.5
2 0.40000000000000002 -1.6000000000000001 0 -1.1102230246251565e-16 1.2325951644078309e-32 -1 1.1102230246251565e-16 1 0 1 -1.1102230246251565e-16 -1.1102230246251565e-16 0.14999999999999999
1 0.40000000000000002 -1.6000000000000001 -3.0857217157196033e-34 1.1102230246251565e-16 -1.2325951644078309e-32 1 1 -1.1102230246251565e-16 -1.1102230246251565e-16 1.1102230246251565e-16 1 0 
10 0 6.2831853071795862 0 6.666666666666667
2 0.40000000000000002 -1.2000000000000002 0 -1.1102230246251565e-16 1.2325951644078309e-32 -1 1.1102230246251565e-16 1 0 1 -1.1102230246251565e-16 -1.1102230246251565e-16 0.14999999999999999
1 0.40000000000000002 -1.2000000000000002 -3.0857217157196033e-34 1.1102230246251565e-16 -1.2325951644078309e-32 1 1 -1.1102230246251565e-16 -1.1102230246251565e-16 1.1102230246251565e-16 1 0 
10 0 6.2831853071795862 0 6.666666666666667
2 1 -1.2000000000000002 0 -1.1102230246251565e-16 1.2325951644078309e-32 -1 1.1102230246251565e-16 1 0 1 -1.1102230246251565e-16 -1.1102230246251565e-16 0.14999999999999999
1 1 -1.2000000000000002 -3.0857217157196033e-34 1.1102230246251565e-16 -1.2325951644078309e-32 1 1 -1.1102230246251565e-16 -1.1102230246251565e-16 1.1102230246251565e-16 1 0 
10 0 6.2831853071795862 0 5.833333333333333
2 0.40000000000000002 -0.80000000000000004 0 -1.1102230246251565e-16 1.2325951644078309e-32 -1 1.1102230246251565e-16 1 0 1 -1.1102230246251565e-16 -1.1102230246251565e-16 0.14999999999999999
1 0.40000000000000002 -0.80000000000000004 -3.0857217157196033e-34 1.1102230246251565e-16 -1.2325951644078309e-32 1 1 -1.1102230246251565e-16 -1.1102230246251565e-16 1.1102230246251565e-16 1 0 
10 0 6.2831853071795862 0 5
2 0.40000000000000002 -0.40000000000000002 0 -1.1102230246251565e-16 1.2325951644078309e-32 -1 1.1102230246251565e-16 1 0 1 -1.1102230246251565e-16 -1.1102230246251565e-16 0.14999999999999999
1 0.40000000000000002 -0.40000000000000002 -3.0857217157196033e-34 1.1102230246251565e-16 -1.2325951644078309e-32 1 1 -1.1102230246251565e-16 -1.1102230246251565e-16 1.1102230246251565e-16 1 0 
10 0 6.2831853071795862 0 5.833333333333333
2 1 -0.80000000000000004 0 -1.1102230246251565e-16 1.2325951644078309e-32 -1 1.1102230246251565e-16 1 0 1 -1.1102230246251565e-16 -1.1102230246251565e-16 0.14999999999999999
1 1 -0.80000000000000004 -3.0857217157196033e-34 1.1102230246251565e-16 -1.2325951644078309e-32 1 1 -1.1102230246251565e-16 -1.1102230246251565e-16 1.1102230246251565e-16 1 0 
10 0 6.2831853071795862 0 5.833333333333333
2 1.6000000000000001 -0.80000000000000004 0 -1.1102230246251565e-16 1.2325951644078309e-32 -1 1.1102230246251565e-16 1 0 1 -1.1102230246251565e-16 -1.1102230246251565e-16 0.14999999999999999
1 1.6000000000000001 -0.80000000000000004 -3.0857217157196033e-34 1.1102230246251565e-16 -1.2325951644078309e-32 1 1 -1.1102230246251565e-16 -1.1102230246251565e-16 1.1102230246251565e-16 1 0 
10 0 6.2831853071795862 0 5
2 1 -0.40000000000000002 0 -1.1102230246251565e-16 1.2325951644078309e-32 -1 1.1102230246251565e-16 1 0 1 -1.1102230246251565e-16 -1.1102230246251565e-16 0.14999999999999999
1 1 -0.40000000000000002 -3.0857217157196033e-34 1.1102230246251565e-16 -1.2325951644078309e-32 1 1 -1.1102230246251565e-16 -1.1102230246251565e-16 1.1102230246251565e-16 1 0 
10 0 6.2831853071795862 0 5
2 1.6000000000000001 -0.40000000000000002 0 -1.1102230246251565e-16 1.2325951644078309e-32 -1 1.1102230246251565e-16 1 0 1 -1.1102230246251565e-16 -1.1102230246251565e-16 0.14999999999999999
1 1.6000000000000001 -0.40000000000000002 -3.0857217157196033e-34 1.1102230246251565e-16 -1.2325951644078309e-32 1 1 -1.1102230246251565e-16 -1.1102230246251565e-16 1.1102230246251565e-16 1 0 
1 0.012500000000000001 0 0 1 0 0 -0 0 1 0 -1 0 
1 0.0099999999999998718 -0.019999999999999827 1.5 0 0 1 1 0 -0 -0 1 0 
1 0.01 -0.022499999999999999 0 -0 -1 -0 0 0 -1 1 -0 0 
10 0 3.1415926535897931 3.1415926535897931 9.4247779607693793
5 0.39999999999999936 2.2204460492503131e-16 -7.5 1 -1.1102230246251565e-16 -1.1102230246251565e-16 -1.1102230246251565e-16 -1 0 -1.1102230246251565e-16 1.2325951644078309e-32 -1 1.5999999999999999 0.14999999999999999
10 0 3.1415926535897931 3.1415926535897931 9.4247779607693793
5 0.39999999999999941 0 -6.666666666666667 1 -1.1102230246251565e-16 -1.1102230246251565e-16 -1.1102230246251565e-16 -1 0 -1.1102230246251565e-16 1.2325951644078309e-32 -1 1.2000000000000002 0.14999999999999999
10 0 3.1415926535897931 3.1415926535897931 9.4247779607693793
5 0.99999999999999944 0 -6.666666666666667 1 -1.1102230246251565e-16 -1.1102230246251565e-16 -1.1102230246251565e-16 -1 0 -1.1102230246251565e-16 1.2325951644078309e-32 -1 1.2000000000000002 0.14999999999999999
10 0 3.1415926535897909 3.141592653589794 9.4247779607693793
5 0.39999999999999947 1.1102230246251565e-16 -5.8333333333333321 1 -1.1102230246251565e-16 -1.1102230246251565e-16 -1.1102230246251578e-16 -1 -1.1102230246251561e-15 -1.1102230246251553e-16 1.1102230246251561e-15 -1 0.80000000000000027 0.14999999999999999
10 0 3.1415926535897931 3.1415926535897931 9.4247779607693793
5 0.39999999999999952 5.5511151231257827e-17 -5 1 -1.1102230246251565e-16 -1.1102230246251565e-16 -1.1102230246251565e-16 -1 0 -1.1102230246251565e-16 1.2325951644078309e-32 -1 0.40000000000000013 0.14999999999999999
10 0 3.1415926535897909 3.141592653589794 9.4247779607693793
5 0.99999999999999944 1.1102230246251565e-16 -5.8333333333333321 1 -1.1102230246251565e-16 -1.1102230246251565e-16 -1.1102230246251578e-16 -1 -1.1102230246251561e-15 -1.1102230246251553e-16 1.1102230246251561e-15 -1 0.80000000000000027 0.14999999999999999
10 0 3.1415926535897909 3.141592653589794 9.4247779607693793
5 1.5999999999999994 1.1102230246251565e-16 -5.8333333333333321 1 -1.1102230246251565e-16 -1.1102230246251565e-16 -1.1102230246251578e-16 -1 -1.1102230246251561e-15 -1.1102230246251553e-16 1.1102230246251561e-15 -1 0.80000000000000027 0.14999999999999999
10 0 3.1415926535897931 3.1415926535897931 9.4247779607693793
5 0.99999999999999944 5.5511151231257827e-17 -5 1 -1.1102230246251565e-16 -1.1102230246251565e-16 -1.1102230246251565e-16 -1 0 -1.1102230246251565e-16 1.2325951644078309e-32 -1 0.40000000000000013 0.14999999999999999
10 0 3.1415926535897931 3.1415926535897931 9.4247779607693793
5 1.5999999999999996 5.5511151231257827e-17 -5 1 -1.1102230246251565e-16 -1.1102230246251565e-16 -1.1102230246251565e-16 -1 0 -1.1102230246251565e-16 1.2325951644078309e-32 -1 0.40000000000000013 0.14999999999999999
2 0.55993656812860082 -1.3699365681286 1.5 -0 -0 -1 1 0 0 0 1 0 0.34999999999999998
1 0.55993656812860082 -1.3699365681285998 1.4999999999999998 0 0 1 1 0 -0 -0 1 0 
10 0 6.2831853071795862 0 7.5
2 0.39999999999999952 1.6000000000000001 -7.5 1.1102230246251565e-16 -1.2325951644078309e-32 1 -1.1102230246251565e-16 -1 0 1 -1.1102230246251565e-16 -1.1102230246251565e-16 0.14999999999999999
10 0 6.2831853071795862 0 6.666666666666667
2 0.39999999999999952 1.2000000000000002 -6.666666666666667 1.1102230246251565e-16 -1.2325951644078309e-32 1 -1.1102230246251565e-16 -1 0 1 -1.1102230246251565e-16 -1.1102230246251565e-16 0.14999999999999999
10 0 6.2831853071795862 0 6.666666666666667
2 0.99999999999999956 1.2000000000000002 -6.666666666666667 1.1102230246251565e-16 -1.2325951644078309e-32 1 -1.1102230246251565e-16 -1 0 1 -1.1102230246251565e-16 -1.1102230246251565e-16 0.14999999999999999
10 0 6.2831853071795862 0 5.833333333333333
2 0.39999999999999958 0.80000000000000049 -5.833333333333333 1.1102230246251565e-16 -1.2325951644078309e-32 1 -1.1102230246251565e-16 -1 0 1 -1.1102230246251565e-16 -1.1102230246251565e-16 0.14999999999999999
10 0 6.2831853071795862 0 5
2 0.39999999999999958 0.40000000000000024 -5 1.1102230246251565e-16 1.1102230246251564e-16 1 -1.1102230246251564e-16 -1 1.1102230246251565e-16 1 -1.1102230246251565e-16 -1.1102230246251565e-16 0.14999999999999999
10 0 6.2831853071795862 0 5.833333333333333
2 0.99999999999999956 0.80000000000000049 -5.833333333333333 1.1102230246251565e-16 -1.2325951644078309e-32 1 -1.1102230246251565e-16 -1 0 1 -1.1102230246251565e-16 -1.1102230246251565e-16 0.14999999999999999
10 0 6.2831853071795862 0 5.833333333333333
2 1.5999999999999996 0.80000000000000049 -5.833333333333333 1.1102230246251565e-16 -1.2325951644078309e-32 1 -1.1102230246251565e-16 -1 0 1 -1.1102230246251565e-16 -1.1102230246251565e-16 0.14999999999999999
10 0 6.2831853071795862 0 5
2 0.99999999999999956 0.40000000000000024 -5 1.1102230246251565e-16 1.1102230246251564e-16 1 -1.1102230246251564e-16 -1 1.1102230246251565e-16 1 -1.1102230246251565e-16 -1.1102230246251565e-16 0.14999999999999999
10 0 6.2831853071795862 0 5
2 1.5999999999999996 0.40000000000000024 -5 1.1102230246251565e-16 1.1102230246251564e-16 1 -1.1102230246251564e-16 -1 1.1102230246251565e-16 1 -1.1102230246251565e-16 -1.1102230246251565e-16 0.14999999999999999
1 0.40000000000000041 1.6000000000000001 -1.2969598798673658e-33 -1.1102230246251565e-16 1.2325951644078309e-32 -1 -1 1.1102230246251565e-16 1.1102230246251565e-16 1.1102230246251565e-16 1 0 
1 -1.2819751242557095e-16 1.7475190490798498e-16 0 0 0 1 1 0 -0 -0 1 0 
1 0.4000000000000003 1.1999999999999997 -1.2969598798673658e-33 -1.1102230246251565e-16 1.2325951644078309e-32 -1 -1 1.1102230246251565e-16 1.1102230246251565e-16 1.1102230246251565e-16 1 0 
1 1.0000000000000002 1.1999999999999997 -1.2969598798673658e-33 -1.1102230246251565e-16 1.2325951644078309e-32 -1 -1 1.1102230246251565e-16 1.1102230246251565e-16 1.1102230246251565e-16 1 0 
1 0.40000000000000019 0.80000000000000027 6.7981553672344556e-34 -1.1102230246251565e-16 1.2325951644078309e-32 -1 -1 1.1102230246251565e-16 1.1102230246251565e-16 1.1102230246251565e-16 1 0 
1 0.40000000000000013 0.40000000000000069 -2.2853475881627721e-33 -1.1102230246251565e-16 1.2325951644078309e-32 -1 -1 1.1102230246251565e-16 1.1102230246251565e-16 1.1102230246251565e-16 1 0 
1 1.0000000000000002 0.80000000000000027 6.7981553672344556e-34 -1.1102230246251565e-16 1.2325951644078309e-32 -1 -1 1.1102230246251565e-16 1.1102230246251565e-16 1.1102230246251565e-16 1 0 
1 1.6000000000000003 0.80000000000000027 6.7981553672344556e-34 -1.1102230246251565e-16 1.2325951644078309e-32 -1 -1 1.1102230246251565e-16 1.1102230246251565e-16 1.1102230246251565e-16 1 0 
1 1 0.40000000000000069 -2.2853475881627721e-33 -1.1102230246251565e-16 1.2325951644078309e-32 -1 -1 1.1102230246251565e-16 1.1102230246251565e-16 1.1102230246251565e-16 1 0 
1 1.6000000000000001 0.40000000000000069 -2.2853475881627721e-33 -1.1102230246251565e-16 1.2325951644078309e-32 -1 -1 1.1102230246251565e-16 1.1102230246251565e-16 1.1102230246251565e-16 1 0 
1 0.55993656812860082 -1.3699365681285998 2.0499999999999998 0 0 1 1 0 -0 -0 1 0 
1 0 0.0025000000000000001 0 -0 -1 -0 0 0 -1 1 -0 0 
2 0 0 0 -0 -0 -1 1 0 0 0 1 0 2
10 0 6.2831853071795862 0 5
2 -1.6000000000000005 0.40000000000000024 -5 1.1102230246251565e-16 1.1102230246251564e-16 1 -1.1102230246251564e-16 -1 1.1102230246251565e-16 1 -1.1102230246251565e-16 -1.1102230246251565e-16 0.14999999999999999
1 -1.6000000000000001 0.40000000000000069 -2.2853475881627721e-33 -1.1102230246251565e-16 1.2325951644078309e-32 -1 -1 1.1102230246251565e-16 1.1102230246251565e-16 1.1102230246251565e-16 1 0 
10 0 6.2831853071795862 0 5
2 -1.0000000000000004 0.40000000000000024 -5 1.1102230246251565e-16 1.1102230246251564e-16 1 -1.1102230246251564e-16 -1 1.1102230246251565e-16 1 -1.1102230246251565e-16 -1.1102230246251565e-16 0.14999999999999999
1 -0.99999999999999989 0.40000000000000069 -2.2853475881627721e-33 -1.1102230246251565e-16 1.2325951644078309e-32 -1 -1 1.1102230246251565e-16 1.1102230246251565e-16 1.1102230246251565e-16 1 0 
10 0 6.2831853071795862 0 5
2 -0.40000000000000047 0.40000000000000024 -5 1.1102230246251565e-16 1.1102230246251564e-16 1 -1.1102230246251564e-16 -1 1.1102230246251565e-16 1 -1.1102230246251565e-16 -1.1102230246251565e-16 0.14999999999999999
1 -0.39999999999999991 0.40000000000000069 -2.2853475881627721e-33 -1.1102230246251565e-16 1.2325951644078309e-32 -1 -1 1.1102230246251565e-16 1.1102230246251565e-16 1.1102230246251565e-16 1 0 
10 0 6.2831853071795862 0 5.833333333333333
2 -1.6000000000000005 0.80000000000000049 -5.833333333333333 1.1102230246251565e-16 -1.2325951644078309e-32 1 -1.1102230246251565e-16 -1 0 1 -1.1102230246251565e-16 -1.1102230246251565e-16 0.14999999999999999
1 -1.5999999999999999 0.80000000000000027 6.7981553672344556e-34 -1.1102230246251565e-16 1.2325951644078309e-32 -1 -1 1.1102230246251565e-16 1.1102230246251565e-16 1.1102230246251565e-16 1 0 
10 0 6.2831853071795862 0 5.833333333333333
2 -1.0000000000000004 0.80000000000000049 -5.833333333333333 1.1102230246251565e-16 -1.2325951644078309e-32 1 -1.1102230246251565e-16 -1 0 1 -1.1102230246251565e-16 -1.1102230246251565e-16 0.14999999999999999
1 -0.99999999999999978 0.80000000000000027 6.7981553672344556e-34 -1.1102230246251565e-16 1.2325951644078309e-32 -1 -1 1.1102230246251565e-16 1.1102230246251565e-16 1.1102230246251565e-16 1 0 
10 0 6.2831853071795862 0 5.833333333333333
2 -0.40000000000000047 0.80000000000000049 -5.833333333333333 1.1102230246251565e-16 -1.2325951644078309e-32 1 -1.1102230246251565e-16 -1 0 1 -1.1102230246251565e-16 -1.1102230246251565e-16 0.14999999999999999
1 -0.39999999999999986 0.80000000000000027 6.7981553672344556e-34 -1.1102230246251565e-16 1.2325951644078309e-32 -1 -1 1.1102230246251565e-16 1.1102230246251565e-16 1.1102230246251565e-16 1 0 
10 0 6.2831853071795862 0 6.666666666666667
2 -1.0000000000000004 1.2000000000000002 -6.666666666666667 1.1102230246251565e-16 -1.2325951644078309e-32 1 -1.1102230246251565e-16 -1 0 1 -1.1102230246251565e-16 -1.1102230246251565e-16 0.14999999999999999
1 -0.99999999999999967 1.1999999999999997 -1.2969598798673658e-33 -1.1102230246251565e-16 1.2325951644078309e-32 -1 -1 1.1102230246251565e-16 1.1102230246251565e-16 1.1102230246251565e-16 1 0 
10 0 6.2831853071795862 0 6.666666666666667
2 -0.40000000000000052 1.2000000000000002 -6.666666666666667 1.1102230246251565e-16 -1.2325951644078309e-32 1 -1.1102230246251565e-16 -1 0 1 -1.1102230246251565e-16 -1.1102230246251565e-16 0.14999999999999999
1 -0.39999999999999974 1.1999999999999997 -1.2969598798673658e-33 -1.1102230246251565e-16 1.2325951644078309e-32 -1 -1 1.1102230246251565e-16 1.1102230246251565e-16 1.1102230246251565e-16 1 0 
10 0 6.2831853071795862 0 7.5
2 -0.40000000000000052 1.6000000000000001 -7.5 1.1102230246251565e-16 -1.2325951644078309e-32 1 -1.1102230246251565e-16 -1 0 1 -1.1102230246251565e-16 -1.1102230246251565e-16 0.14999999999999999
1 -0.39999999999999963 1.6000000000000001 -1.2969598798673658e-33 -1.1102230246251565e-16 1.2325951644078309e-32 -1 -1 1.1102230246251565e-16 1.1102230246251565e-16 1.1102230246251565e-16 1 0 
1 -1.2819751242557095e-16 1.7475190490798498e-16 1.5 0 0 1 1 0 -0 -0 1 0 
10 0 3.1415926535897931 3.1415926535897931 9.4247779607693793
5 -1.6000000000000005 5.5511151231257827e-17 -5 1 -1.1102230246251565e-16 -1.1102230246251565e-16 -1.1102230246251565e-16 -1 0 -1.1102230246251565e-16 1.2325951644078309e-32 -1 0.40000000000000013 0.14999999999999999
10 0 3.1415926535897931 3.1415926535897931 9.4247779607693793
5 -1.0000000000000004 5.5511151231257827e-17 -5 1 -1.1102230246251565e-16 -1.1102230246251565e-16 -1.1102230246251565e-16 -1 0 -1.1102230246251565e-16 1.2325951644078309e-32 -1 0.40000000000000013 0.14999999999999999
10 0 3.1415926535897931 3.1415926535897931 9.4247779607693793
5 -0.40000000000000052 5.5511151231257827e-17 -5 1 -1.1102230246251565e-16 -1.1102230246251565e-16 -1.1102230246251565e-16 -1 0 -1.1102230246251565e-16 1.2325951644078309e-32 -1 0.40000000000000013 0.14999999999999999
10 0 3.1415926535897909 3.141592653589794 9.4247779607693793
5 -1.6000000000000008 1.1102230246251565e-16 -5.8333333333333321 1 -1.1102230246251565e-16 -1.1102230246251565e-16 -1.1102230246251578e-16 -1 -1.1102230246251561e-15 -1.1102230246251553e-16 1.1102230246251561e-15 -1 0.80000000000000027 0.14999999999999999
10 0 3.1415926535897909 3.141592653589794 9.4247779607693793
5 -1.0000000000000007 1.1102230246251565e-16 -5.8333333333333321 1 -1.1102230246251565e-16 -1.1102230246251565e-16 -1.1102230246251578e-16 -1 -1.1102230246251561e-15 -1.1102230246251553e-16 1.1102230246251561e-15 -1 0.80000000000000027 0.14999999999999999
10 0 3.1415926535897909 3.141592653589794 9.4247779607693793
5 -0.40000000000000058 1.1102230246251565e-16 -5.8333333333333321 1 -1.1102230246251565e-16 -1.1102230246251565e-16 -1.1102230246251578e-16 -1 -1.1102230246251561e-15 -1.1102230246251553e-16 1.1102230246251561e-15 -1 0.80000000000000027 0.14999999999999999
10 0 3.1415926535897931 3.1415926535897931 9.4247779607693793
5 -1.0000000000000007 0 -6.666666666666667 1 -1.1102230246251565e-16 -1.1102230246251565e-16 -1.1102230246251565e-16 -1 0 -1.1102230246251565e-16 1.2325951644078309e-32 -1 1.2000000000000002 0.14999999999999999
10 0 3.1415926535897931 3.1415926535897931 9.4247779607693793
5 -0.40000000000000063 0 -6.666666666666667 1 -1.1102230246251565e-16 -1.1102230246251565e-16 -1.1102230246251565e-16 -1 0 -1.1102230246251565e-16 1.2325951644078309e-32 -1 1.2000000000000002 0.14999999999999999
10 0 3.1415926535897931 3.1415926535897931 9.4247779607693793
5 -0.40000000000000069 2.2204460492503131e-16 -7.5 1 -1.1102230246251565e-16 -1.1102230246251565e-16 -1.1102230246251565e-16 -1 0 -1.1102230246251565e-16 1.2325951644078309e-32 -1 1.5999999999999999 0.14999999999999999
10 0 6.2831853071795862 0 5
2 -1.6000000000000001 -0.40000000000000002 0 -1.1102230246251565e-16 1.2325951644078309e-32 -1 1.1102230246251565e-16 1 0 1 -1.1102230246251565e-16 -1.1102230246251565e-16 0.14999999999999999
10 0 6.2831853071795862 0 5
2 -1 -0.40000000000000002 0 -1.1102230246251565e-16 1.2325951644078309e-32 -1 1.1102230246251565e-16 1 0 1 -1.1102230246251565e-16 -1.1102230246251565e-16 0.14999999999999999
10 0 6.2831853071795862 0 5
2 -0.40000000000000002 -0.40000000000000002 0 -1.1102230246251565e-16 1.2325951644078309e-32 -1 1.1102230246251565e-16 1 0 1 -1.1102230246251565e-16 -1.1102230246251565e-16 0.14999999999999999
10 0 6.2831853071795862 0 5.833333333333333
2 -1.6000000000000001 -0.80000000000000004 0 -1.1102230246251565e-16 1.2325951644078309e-32 -1 1.1102230246251565e-16 1 0 1 -1.1102230246251565e-16 -1.1102230246251565e-16 0.14999999999999999
10 0 6.2831853071795862 0 5.833333333333333
2 -1 -0.80000000000000004 0 -1.1102230246251565e-16 1.2325951644078309e-32 -1 1.1102230246251565e-16 1 0 1 -1.1102230246251565e-16 -1.1102230246251565e-16 0.14999999999999999
10 0 6.2831853071795862 0 5.833333333333333
2 -0.40000000000000002 -0.80000000000000004 0 -1.1102230246251565e-16 1.2325951644078309e-32 -1 1.1102230246251565e-16 1 0 1 -1.1102230246251565e-16 -1.1102230246251565e-16 0.14999999999999999
10 0 6.2831853071795862 0 6.666666666666667
2 -1 -1.2000000000000002 0 -1.1102230246251565e-16 1.2325951644078309e-32 -1 1.1102230246251565e-16 1 0 1 -1.1102230246251565e-16 -1.1102230246251565e-16 0.14999999999999999
10 0 6.2831853071795862 0 6.666666666666667
2 -0.40000000000000002 -1.2000000000000002 0 -1.1102230246251565e-16 1.2325951644078309e-32 -1 1.1102230246251565e-16 1 0 1 -1.1102230246251565e-16 -1.1102230246251565e-16 0.14999999999999999
10 0 6.2831853071795862 0 7.5
2 -0.40000000000000002 -1.6000000000000001 0 -1.1102230246251565e-16 1.2325951644078309e-32 -1 1.1102230246251565e-16 1 0 1 -1.1102230246251565e-16 -1.1102230246251565e-16 0.14999999999999999
1 -1.6000000000000001 -0.40000000000000002 -3.0857217157196033e-34 1.1102230246251565e-16 -1.2325951644078309e-32 1 1 -1.1102230246251565e-16 -1.1102230246251565e-16 1.1102230246251565e-16 1 0 
1 -0.010000000000000129 -0.019999999999999827 0 0 0 1 1 0 -0 -0 1 0 
1 -1 -0.40000000000000002 -3.0857217157196033e-34 1.1102230246251565e-16 -1.2325951644078309e-32 1 1 -1.1102230246251565e-16 -1.1102230246251565e-16 1.1102230246251565e-16 1 0 
1 -0.40000000000000002 -0.40000000000000002 -3.0857217157196033e-34 1.1102230246251565e-16 -1.2325951644078309e-32 1 1 -1.1102230246251565e-16 -1.1102230246251565e-16 1.1102230246251565e-16 1 0 
1 -1.6000000000000001 -0.80000000000000004 -3.0857217157196033e-34 1.1102230246251565e-16 -1.2325951644078309e-32 1 1 -1.1102230246251565e-16 -1.1102230246251565e-16 1.1102230246251565e-16 1 0 
1 -1 -0.80000000000000004 -3.0857217157196033e-34 1.1102230246251565e-16 -1.2325951644078309e-32 1 1 -1.1102230246251565e-16 -1.1102230246251565e-16 1.1102230246251565e-16 1 0 
1 -0.40000000000000002 -0.80000000000000004 -3.0857217157196033e-34 1.1102230246251565e-16 -1.2325951644078309e-32 1 1 -1.1102230246251565e-16 -1.1102230246251565e-16 1.1102230246251565e-16 1 0 
1 -1 -1.2000000000000002 -3.0857217157196033e-34 1.1102230246251565e-16 -1.2325951644078309e-32 1 1 -1.1102230246251565e-16 -1.1102230246251565e-16 1.1102230246251565e-16 1 0 
1 -0.40000000000000002 -1.2000000000000002 -3.0857217157196033e-34 1.1102230246251565e-16 -1.2325951644078309e-32 1 1 -1.1102230246251565e-16 -1.1102230246251565e-16 1.1102230246251565e-16 1 0 
1 -0.40000000000000002 -1.6000000000000001 -3.0857217157196033e-34 1.1102230246251565e-16 -1.2325951644078309e-32 1 1 -1.1102230246251565e-16 -1.1102230246251565e-16 1.1102230246251565e-16 1 0 
2 -0.01 -0.02 0 -0 -0 -1 1 0 0 0 1 0 2
1 -0.01 -0.022499999999999999 0 -0 -1 -0 0 0 -1 1 -0 0 
1 -0.010000000000000129 -0.019999999999999827 1.5 0 0 1 1 0 -0 -0 1 0 
1 -0.012500000000000001 0 0 1 0 0 -0 0 1 0 -1 0 
2 -0.55993656812860082 -1.3699365681286002 1.5 -0 -0 -1 1 0 0 0 1 0 0.34999999999999998
1 -0.55993656812860082 -1.3699365681286002 1.5000000000000002 0 0 1 1 0 -0 -0 1 0 
1 -0.55993656812860082 -1.3699365681286002 2.0500000000000003 0 0 1 1 0 -0 -0 1 0 
2 0.40000000000000002 -0.40000000000000002 0 -1.1102230246251565e-16 1.2325951644078309e-32 -1 1.1102230246251565e-16 1 0 1 -1.1102230246251565e-16 -1.1102230246251565e-16 0.155
5 0.39999999999999952 5.5511151231257827e-17 -5 1 -1.1102230246251565e-16 -1.1102230246251565e-16 -1.1102230246251565e-16 -1 0 -1.1102230246251565e-16 1.2325951644078309e-32 -1 0.40000000000000013 0.155
2 0.39999999999999958 0.40000000000000024 -5 1.1102230246251565e-16 1.1102230246251564e-16 1 -1.1102230246251564e-16 -1 1.1102230246251565e-16 1 -1.1102230246251565e-16 -1.1102230246251565e-16 0.155
2 -0.40000000000000002 -0.40000000000000002 0 -1.1102230246251565e-16 1.2325951644078309e-32 -1 1.1102230246251565e-16 1 0 1 -1.1102230246251565e-16 -1.1102230246251565e-16 0.155
5 -0.40000000000000052 5.5511151231257827e-17 -5 1 -1.1102230246251565e-16 -1.1102230246251565e-16 -1.1102230246251565e-16 -1 0 -1.1102230246251565e-16 1.2325951644078309e-32 -1 0.40000000000000013 0.155
2 -0.40000000000000047 0.40000000000000024 -5 1.1102230246251565e-16 1.1102230246251564e-16 1 -1.1102230246251564e-16 -1 1.1102230246251565e-16 1 -1.1102230246251565e-16 -1.1102230246251565e-16 0.155
2 0.40000000000000002 -0.80000000000000004 0 -1.1102230246251565e-16 1.2325951644078309e-32 -1 1.1102230246251565e-16 1 0 1 -1.1102230246251565e-16 -1.1102230246251565e-16 0.155
5 0.39999999999999947 1.1102230246251565e-16 -5.8333333333333321 1 -1.1102230246251565e-16 -1.1102230246251565e-16 -1.1102230246251578e-16 -1 -1.1102230246251561e-15 -1.1102230246251553e-16 1.1102230246251561e-15 -1 0.80000000000000027 0.155
2 0.39999999999999958 0.80000000000000049 -5.833333333333333 1.1102230246251565e-16 -1.2325951644078309e-32 1 -1.1102230246251565e-16 -1 0 1 -1.1102230246251565e-16 -1.1102230246251565e-16 0.155
2 -0.40000000000000002 -0.80000000000000004 0 -1.1102230246251565e-16 1.2325951644078309e-32 -1 1.1102230246251565e-16 1 0 1 -1.1102230246251565e-16 -1.1102230246251565e-16 0.155
5 -0.40000000000000058 1.1102230246251565e-16 -5.8333333333333321 1 -1.1102230246251565e-16 -1.1102230246251565e-16 -1.1102230246251578e-16 -1 -1.1102230246251561e-15 -1.1102230246251553e-16 1.1102230246251561e-15 -1 0.80000000000000027 0.155
2 -0.40000000000000047 0.80000000000000049 -5.833333333333333 1.1102230246251565e-16 -1.2325951644078309e-32 1 -1.1102230246251565e-16 -1 0 1 -1.1102230246251565e-16 -1.1102230246251565e-16 0.155
2 0.40000000000000002 -1.2000000000000002 0 -1.1102230246251565e-16 1.2325951644078309e-32 -1 1.1102230246251565e-16 1 0 1 -1.1102230246251565e-16 -1.1102230246251565e-16 0.155
5 0.39999999999999941 0 -6.666666666666667 1 -1.1102230246251565e-16 -1.1102230246251565e-16 -1.1102230246251565e-16 -1 0 -1.1102230246251565e-16 1.2325951644078309e-32 -1 1.2000000000000002 0.155
2 0.39999999999999952 1.2000000000000002 -6.666666666666667 1.1102230246251565e-16 -1.2325951644078309e-32 1 -1.1102230246251565e-16 -1 0 1 -1.1102230246251565e-16 -1.1102230246251565e-16 0.155
2 -0.40000000000000002 -1.2000000000000002 0 -1.1102230246251565e-16 1.2325951644078309e-32 -1 1.1102230246251565e-16 1 0 1 -1.1102230246251565e-16 -1.1102230246251565e-16 0.155
5 -0.40000000000000063 0 -6.666666666666667 1 -1.1102230246251565e-16 -1.1102230246251565e-16 -1.1102230246251565e-16 -1 0 -1.1102230246251565e-16 1.2325951644078309e-32 -1 1.2000000000000002 0.155
2 -0.40000000000000052 1.2000000000000002 -6.666666666666667 1.1102230246251565e-16 -1.2325951644078309e-32 1 -1.1102230246251565e-16 -1 0 1 -1.1102230246251565e-16 -1.1102230246251565e-16 0.155
2 0.40000000000000002 -1.6000000000000001 0 -1.1102230246251565e-16 1.2325951644078309e-32 -1 1.1102230246251565e-16 1 0 1 -1.1102230246251565e-16 -1.1102230246251565e-16 0.155
5 0.39999999999999936 2.2204460492503131e-16 -7.5 1 -1.1102230246251565e-16 -1.1102230246251565e-16 -1.1102230246251565e-16 -1 0 -1.1102230246251565e-16 1.2325951644078309e-32 -1 1.5999999999999999 0.155
2 0.39999999999999952 1.6000000000000001 -7.5 1.1102230246251565e-16 -1.2325951644078309e-32 1 -1.1102230246251565e-16 -1 0 1 -1.1102230246251565e-16 -1.1102230246251565e-16 0.155
2 -0.40000000000000002 -1.6000000000000001 0 -1.1102230246251565e-16 1.2325951644078309e-32 -1 1.1102230246251565e-16 1 0 1 -1.1102230246251565e-16 -1.1102230246251565e-16 0.155
5 -0.40000000000000069 2.2204460492503131e-16 -7.5 1 -1.1102230246251565e-16 -1.1102230246251565e-16 -1.1102230246251565e-16 -1 0 -1.1102230246251565e-16 1.2325951644078309e-32 -1 1.5999999999999999 0.155
2 -0.40000000000000052 1.6000000000000001 -7.5 1.1102230246251565e-16 -1.2325951644078309e-32 1 -1.1102230246251565e-16 -1 0 1 -1.1102230246251565e-16 -1.1102230246251565e-16 0.155
2 1 -0.40000000000000002 0 -1.1102230246251565e-16 1.2325951644078309e-32 -1 1.1102230246251565e-16 1 0 1 -1.1102230246251565e-16 -1.1102230246251565e-16 0.155
5 0.99999999999999944 5.5511151231257827e-17 -5 1 -1.1102230246251565e-16 -1.1102230246251565e-16 -1.1102230246251565e-16 -1 0 -1.1102230246251565e-16 1.2325951644078309e-32 -1 0.40000000000000013 0.155
2 0.99999999999999956 0.40000000000000024 -5 1.1102230246251565e-16 1.1102230246251564e-16 1 -1.1102230246251564e-16 -1 1.1102230246251565e-16 1 -1.1102230246251565e-16 -1.1102230246251565e-16 0.155
2 -1 -0.40000000000000002 0 -1.1102230246251565e-16 1.2325951644078309e-32 -1 1.1102230246251565e-16 1 0 1 -1.1102230246251565e-16 -1.1102230246251565e-16 0.155
5 -1.0000000000000004 5.5511151231257827e-17 -5 1 -1.1102230246251565e-16 -1.1102230246251565e-16 -1.1102230246251565e-16 -1 0 -1.1102230246251565e-16 1.2325951644078309e-32 -1 0.40000000000000013 0.155
2 -1.0000000000000004 0.40000000000000024 -5 1.1102230246251565e-16 1.1102230246251564e-16 1 -1.1102230246251564e-16 -1 1.1102230246251565e-16 1 -1.1102230246251565e-16 -1.1102230246251565e-16 0.155
2 1 -0.80000000000000004 0 -1.1102230246251565e-16 1.2325951644078309e-32 -1 1.1102230246251565e-16 1 0 1 -1.1102230246251565e-16 -1.1102230246251565e-16 0.155
5 0.99999999999999944 1.1102230246251565e-16 -5.8333333333333321 1 -1.1102230246251565e-16 -1.1102230246251565e-16 -1.1102230246251578e-16 -1 -1.1102230246251561e-15 -1.1102230246251553e-16 1.1102230246251561e-15 -1 0.80000000000000027 0.155
2 0.99999999999999956 0.80000000000000049 -5.833333333333333 1.1102230246251565e-16 -1.2325951644078309e-32 1 -1.1102230246251565e-16 -1 0 1 -1.1102230246251565e-16 -1.1102230246251565e-16 0.155
2 -1 -0.80000000000000004 0 -1.1102230246251565e-16 1.2325951644078309e-32 -1 1.1102230246251565e-16 1 0 1 -1.1102230246251565e-16 -1.1102230246251565e-16 0.155
5 -1.0000000000000007 1.1102230246251565e-16 -5.8333333333333321 1 -1.1102230246251565e-16 -1.1102230246251565e-16 -1.1102230246251578e-16 -1 -1.1102230246251561e-15 -1.1102230246251553e-16 1.1102230246251561e-15 -1 0.80000000000000027 0.155
2 -1.0000000000000004 0.80000000000000049 -5.833333333333333 1.1102230246251565e-16 -1.2325951644078309e-32 1 -1.1102230246251565e-16 -1 0 1 -1.1102230246251565e-16 -1.1102230246251565e-16 0.155
2 1 -1.2000000000000002 0 -1.1102230246251565e-16 1.2325951644078309e-32 -1 1.1102230246251565e-16 1 0 1 -1.1102230246251565e-16 -1.1102230246251565e-16 0.155
5 0.99999999999999944 0 -6.666666666666667 1 -1.1102230246251565e-16 -1.1102230246251565e-16 -1.1102230246251565e-16 -1 0 -1.1102230246251565e-16 1.2325951644078309e-32 -1 1.2000000000000002 0.155
2 0.99999999999999956 1.2000000000000002 -6.666666666666667 1.1102230246251565e-16 -1.2325951644078309e-32 1 -1.1102230246251565e-16 -1 0 1 -1.1102230246251565e-16 -1.1102230246251565e-16 0.155
2 -1 -1.2000000000000002 0 -1.1102230246251565e-16 1.2325951644078309e-32 -1 1.1102230246251565e-16 1 0 1 -1.1102230246251565e-16 -1.1102230246251565e-16 0.155
5 -1.0000000000000007 0 -6.666666666666667 1 -1.1102230246251565e-16 -1.1102230246251565e-16 -1.1102230246251565e-16 -1 0 -1.1102230246251565e-16 1.2325951644078309e-32 -1 1.2000000000000002 0.155
2 -1.0000000000000004 1.2000000000000002 -6.666666666666667 1.1102230246251565e-16 -1.2325951644078309e-32 1 -1.1102230246251565e-16 -1 0 1 -1.1102230246251565e-16 -1.1102230246251565e-16 0.155
2 1.6000000000000001 -0.40000000000000002 0 -1.1102230246251565e-16 1.2325951644078309e-32 -1 1.1102230246251565e-16 1 0 1 -1.1102230246251565e-16 -1.1102230246251565e-16 0.155
5 1.5999999999999996 5.5511151231257827e-17 -5 1 -1.1102230246251565e-16 -1.1102230246251565e-16 -1.1102230246251565e-16 -1 0 -1.1102230246251565e-16 1.2325951644078309e-32 -1 0.40000000000000013 0.155
2 1.5999999999999996 0.40000000000000024 -5 1.1102230246251565e-16 1.1102230246251564e-16 1 -1.1102230246251564e-16 -1 1.1102230246251565e-16 1 -1.1102230246251565e-16 -1.1102230246251565e-16 0.155
2 -1.6000000000000001 -0.40000000000000002 0 -1.1102230246251565e-16 1.2325951644078309e-32 -1 1.1102230246251565e-16 1 0 1 -1.1102230246251565e-16 -1.1102230246251565e-16 0.155
5 -1.6000000000000005 5.5511151231257827e-17 -5 1 -1.1102230246251565e-16 -1.1102230246251565e-16 -1.1102230246251565e-16 -1 0 -1.1102230246251565e-16 1.2325951644078309e-32 -1 0.40000000000000013 0.155
2 -1.6000000000000005 0.40000000000000024 -5 1.1102230246251565e-16 1.1102230246251564e-16 1 -1.1102230246251564e-16 -1 1.1102230246251565e-16 1 -1.1102230246251565e-16 -1.1102230246251565e-16 0.155
2 1.6000000000000001 -0.80000000000000004 0 -1.1102230246251565e-16 1.2325951644078309e-32 -1 1.1102230246251565e-16 1 0 1 -1.1102230246251565e-16 -1.1102230246251565e-16 0.155
5 1.5999999999999994 1.1102230246251565e-16 -5.8333333333333321 1 -1.1102230246251565e-16 -1.1102230246251565e-16 -1.1102230246251578e-16 -1 -1.1102230246251561e-15 -1.1102230246251553e-16 1.1102230246251561e-15 -1 0.80000000000000027 0.155
2 1.5999999999999996 0.80000000000000049 -5.833333333333333 1.1102230246251565e-16 -1.2325951644078309e-32 1 -1.1102230246251565e-16 -1 0 1 -1.1102230246251565e-16 -1.1102230246251565e-16 0.155
2 -1.6000000000000001 -0.80000000000000004 0 -1.1102230246251565e-16 1.2325951644078309e-32 -1 1.1102230246251565e-16 1 0 1 -1.1102230246251565e-16 -1.1102230246251565e-16 0.155
5 -1.6000000000000008 1.1102230246251565e-16 -5.8333333333333321 1 -1.1102230246251565e-16 -1.1102230246251565e-16 -1.1102230246251578e-16 -1 -1.1102230246251561e-15 -1.1102230246251553e-16 1.1102230246251561e-15 -1 0.80000000000000027 0.155
2 -1.6000000000000005 0.80000000000000049 -5.833333333333333 1.1102230246251565e-16 -1.2325951644078309e-32 1 -1.1102230246251565e-16 -1 0 1 -1.1102230246251565e-16 -1.1102230246251565e-16 0.155
Triangulations 0

TShapes 887
Ve
1.50000000674374e-07
0.0125000000000007 -2.01999843749939 0
0 0

0101101
*
Ve
1.50000000242861e-07
0.0125 -0.0225 0
0 0

0101101
*
Ed
 1.5e-07 1 1 0
1  1 0 -2.00999843749939 -0.0124999999999998
2  1 1 0 -2.00999843749939 -0.0124999999999998
0

0101000
+887 0 -886 0 *
Ve
1.5000000024503e-07
2.00999843749939 -0.0224999999999998 0
0 0

0101101
*
Ed
 1e-07 1 1 0
1  2 0 4.71363898071021 6.28193530685407
2  2 2 0 4.71363898071021 6.28193530685407
2  3 1 0 4.71363898071021 6.28193530685407
0

0101000
+887 0 -884 0 *
Ed
 1.5e-07 1 1 0
1  3 0 0.00250000000000006 1.99999843749939
2  4 1 0 0.00250000000000006 1.99999843749939
0

0101000
+886 0 -884 0 *
Wi

0101100
-885 0 +883 0 -882 0 *
Ve
1.00000000016653e-07
0.4 -1.45 0
0 0

0101101
*
Ed
 1.00000000016653e-07 1 1 0
1  4 0 0 6.28318530717959
2  5 3 0 0 6.28318530717959
2  6 4 0 0 6.28318530717959
2  7 1 0 0 6.28318530717959
0

0101000
-880 0 +880 0 *
Wi

0101100
+879 0 *
Ve
1.00000000016653e-07
0.4 -1.05 0
0 0

0101101
*
Ed
 1.00000000016653e-07 1 1 0
1  5 0 0 6.28318530717959
2  8 5 0 0 6.28318530717959
2  9 6 0 0 6.28318530717959
2  10 1 0 0 6.28318530717959
0

0101000
-877 0 +877 0 *
Wi

0101100
+876 0 *
Ve
1.00000000016653e-07
1 -1.05 0
0 0

0101101
*
Ed
 1.00000000016653e-07 1 1 0
1  6 0 0 6.28318530717959
2  11 7 0 0 6.28318530717959
2  12 8 0 0 6.28318530717959
2  13 1 0 0 6.28318530717959
0

0101000
-874 0 +874 0 *
Wi

0101100
+873 0 *
Ve
1.00000000016653e-07
0.4 -0.65 0
0 0

0101101
*
Ed
 1.00000000016653e-07 1 1 0
1  7 0 0 6.28318530717959
2  14 9 0 0 6.28318530717959
2  15 10 0 0 6.28318530717959
2  16 1 0 0 6.28318530717959
0

0101000
-871 0 +871 0 *
Wi

0101100
+870 0 *
Ve
1.00000000016653e-07
0.4 -0.25 0
0 0

0101101
*
Ed
 1.00000000016653e-07 1 1 0
1  8 0 0 6.28318530717959
2  17 11 0 0 6.28318530717959
2  18 12 0 0 6.28318530717959
2  19 1 0 0 6.28318530717959
0

0101000
-868 0 +868 0 *
Wi

0101100
+867 0 *
Ve
1.00000000016653e-07
1 -0.65 0
0 0

0101101
*
Ed
 1.00000000016653e-07 1 1 0
1  9 0 0 6.28318530717959
2  20 13 0 0 6.28318530717959
2  21 14 0 0 6.28318530717959
2  22 1 0 0 6.28318530717959
0

0101000
-865 0 +865 0 *
Wi

0101100
+864 0 *
Ve
1.00000000016653e-07
1.6 -0.65 0
0 0

0101101
*
Ed
 1.00000000016653e-07 1 1 0
1  10 0 0 6.28318530717959
2  23 15 0 0 6.28318530717959
2  24 16 0 0 6.28318530717959
2  25 1 0 0 6.28318530717959
0

0101000
-862 0 +862 0 *
Wi

0101100
+861 0 *
Ve
1.00000000016653e-07
1 -0.25 0
0 0

0101101
*
Ed
 1.00000000016653e-07 1 1 0
1  11 0 0 6.28318530717959
2  26 17 0 0 6.28318530717959
2  27 18 0 0 6.28318530717959
2  28 1 0 0 6.28318530717959
0

0101000
-859 0 +859 0 *
Wi

0101100
+858 0 *
Ve
1.00000000016653e-07
1.6 -0.25 0
0 0

0101101
*
Ed
 1.00000000016653e-07 1 1 0
1  12 0 0 6.28318530717959
2  29 19 0 0 6.28318530717959
2  30 20 0 0 6.28318530717959
2  31 1 0 0 6.28318530717959
0

0101000
-856 0 +856 0 *
Wi

0101100
+855 0 *
Fa
0  1e-07 1 0

0101000
+881 0 +878 0 +875 0 +872 0 +869 0 +866 0 +863 0 +860 0 +857 0 +854 0 
*
Ve
1.50000000674374e-07
0.0125000000000007 -2.01999843749939 1.5
0 0

0101101
*
Ed
 1e-07 1 1 0
1  13 0 -1.5 -0
2  32 2 0 -1.5 -0
0

0101000
+852 0 -887 0 *
Ve
1.50000000242861e-07
0.0125 -0.0225 1.5
0 0

0101101
*
Ed
 1.5e-07 1 1 0
1  14 0 -2.00999843749939 -0.0124999999999998
2  33 22 0 -2.00999843749939 -0.0124999999999998
0

0101000
+852 0 -850 0 *
Ed
 1.5e-07 1 1 0
1  15 0 0 1.5
0

0101000
+886 0 -850 0 *
Wi

0101100
+851 0 -849 0 +848 0 +885 0 *
Fa
0  1e-07 21 0

0101000
+847 0 *
Ve
1.5000000024503e-07
2.00999843749939 -0.0224999999999998 1.5
0 0

0101101
*
Ed
 1e-07 1 1 0
1  16 0 4.71363898071021 6.28193530685407
2  34 2 0 4.71363898071021 6.28193530685407
2  35 22 0 4.71363898071021 6.28193530685407
0

0101000
+852 0 -845 0 *
Ed
 1e-07 1 1 0
1  17 0 -1.5 -0
2  36 2 0 -1.5 -0
0

0101000
+845 0 -884 0 *
Wi

0101100
+844 0 -851 0 -883 0 +843 0 *
Fa
0  1e-07 2 0

0101000
+842 0 *
Ed
 1.5e-07 1 1 0
1  18 0 0.00250000000000006 1.99999843749939
2  37 22 0 0.00250000000000006 1.99999843749939
0

0101000
+850 0 -845 0 *
Wi

0101100
-843 0 +882 0 -848 0 -840 0 *
Fa
0  1e-07 23 0

0101000
+839 0 *
Ve
1.00000000222045e-07
0.399999999999999 -1.45 -7.5
0 0

0101101
*
Ed
 1e-07 1 1 0
1  19 0 0 7.5
3  38 39G1 3 0 0 7.5
0

0101000
+880 0 -837 0 *
Ed
 1e-07 1 1 0
1  20 0 0 6.28318530717959
2  40 3 0 0 6.28318530717959
2  41 24 0 0 6.28318530717959
4 G1 3 0 24 0
0

0101100
+837 0 -837 0 *
Wi

0101100
+836 0 +879 0 -836 0 -835 0 *
Fa
0  1e-07 3 0

0101000
+834 0 *
Ve
1e-07
0.399999999999999 -1.05 -6.66666666666667
0 0

0101101
*
Ed
 1e-07 1 1 0
1  21 0 0 6.66666666666667
3  42 43G1 5 0 0 6.66666666666667
0

0101000
+877 0 -832 0 *
Ed
 1e-07 1 1 0
1  22 0 0 6.28318530717959
2  44 5 0 0 6.28318530717959
2  45 25 0 0 6.28318530717959
4 G1 5 0 25 0
0

0101100
+832 0 -832 0 *
Wi

0101100
+831 0 +876 0 -831 0 -830 0 *
Fa
0  1e-07 5 0

0101000
+829 0 *
Ve
1e-07
0.999999999999999 -1.05 -6.66666666666667
0 0

0101101
*
Ed
 1e-07 1 1 0
1  23 0 0 6.66666666666667
3  46 47G1 7 0 0 6.66666666666667
0

0101000
+874 0 -827 0 *
Ed
 1e-07 1 1 0
1  24 0 0 6.28318530717959
2  48 7 0 0 6.28318530717959
2  49 26 0 0 6.28318530717959
4 G1 7 0 26 0
0

0101100
+827 0 -827 0 *
Wi

0101100
+826 0 +873 0 -826 0 -825 0 *
Fa
0  1e-07 7 0

0101000
+824 0 *
Ve
1.00000000055511e-07
0.399999999999999 -0.65 -5.83333333333333
0 0

0101101
*
Ed
 1e-07 1 1 0
1  25 0 0 5.83333333333333
3  50 51G1 9 0 0 5.83333333333333
0

0101000
+871 0 -822 0 *
Ed
 1e-07 1 1 0
1  26 0 0 6.28318530717959
2  52 9 0 0 6.28318530717959
2  53 27 0 0 6.28318530717959
4 G1 9 0 27 0
0

0101100
+822 0 -822 0 *
Wi

0101100
+821 0 +870 0 -821 0 -820 0 *
Fa
0  1e-07 9 0

0101000
+819 0 *
Ve
1.00000000027756e-07
0.399999999999999 -0.25 -5
0 0

0101101
*
Ed
 1e-07 1 1 0
1  27 0 0 5
3  54 55G1 11 0 0 5
0

0101000
+868 0 -817 0 *
Ed
 1e-07 1 1 0
1  28 0 0 6.28318530717959
2  56 11 0 0 6.28318530717959
2  57 28 0 0 6.28318530717959
4 G1 11 0 28 0
0

0101100
+817 0 -817 0 *
Wi

0101100
+816 0 +867 0 -816 0 -815 0 *
Fa
0  1e-07 11 0

0101000
+814 0 *
Ve
1.00000000055511e-07
0.999999999999999 -0.65 -5.83333333333333
0 0

0101101
*
Ed
 1e-07 1 1 0
1  29 0 0 5.83333333333333
3  58 59G1 13 0 0 5.83333333333333
0

0101000
+865 0 -812 0 *
Ed
 1e-07 1 1 0
1  30 0 0 6.28318530717959
2  60 13 0 0 6.28318530717959
2  61 29 0 0 6.28318530717959
4 G1 13 0 29 0
0

0101100
+812 0 -812 0 *
Wi

0101100
+811 0 +864 0 -811 0 -810 0 *
Fa
0  1e-07 13 0

0101000
+809 0 *
Ve
1.00000000055511e-07
1.6 -0.65 -5.83333333333333
0 0

0101101
*
Ed
 1e-07 1 1 0
1  31 0 0 5.83333333333333
3  62 63G1 15 0 0 5.83333333333333
0

0101000
+862 0 -807 0 *
Ed
 1e-07 1 1 0
1  32 0 0 6.28318530717959
2  64 15 0 0 6.28318530717959
2  65 30 0 0 6.28318530717959
4 G1 15 0 30 0
0

0101100
+807 0 -807 0 *
Wi

0101100
+806 0 +861 0 -806 0 -805 0 *
Fa
0  1e-07 15 0

0101000
+804 0 *
Ve
1.00000000027756e-07
0.999999999999999 -0.25 -5
0 0

0101101
*
Ed
 1e-07 1 1 0
1  33 0 0 5
3  66 67G1 17 0 0 5
0

0101000
+859 0 -802 0 *
Ed
 1e-07 1 1 0
1  34 0 0 6.28318530717959
2  68 17 0 0 6.28318530717959
2  69 31 0 0 6.28318530717959
4 G1 17 0 31 0
0

0101100
+802 0 -802 0 *
Wi

0101100
+801 0 +858 0 -801 0 -800 0 *
Fa
0  1e-07 17 0

0101000
+799 0 *
Ve
1.00000000027756e-07
1.6 -0.25 -5
0 0

0101101
*
Ed
 1e-07 1 1 0
1  35 0 0 5
3  70 71G1 19 0 0 5
0

0101000
+856 0 -797 0 *
Ed
 1e-07 1 1 0
1  36 0 0 6.28318530717959
2  72 19 0 0 6.28318530717959
2  73 32 0 0 6.28318530717959
4 G1 19 0 32 0
0

0101100
+797 0 -797 0 *
Wi

0101100
+796 0 +855 0 -796 0 -795 0 *
Fa
0  1e-07 19 0

0101000
+794 0 *
Wi

0101100
-849 0 +844 0 -840 0 *
Ve
1e-07
0.909936568128601 -1.3699365681286 1.5
0 0

0101101
*
Ed
 1e-07 1 1 0
1  37 0 0 6.28318530717959
2  74 33 0 0 6.28318530717959
2  75 34 0 0 6.28318530717959
2  76 22 0 0 6.28318530717959
0

0101000
+791 0 -791 0 *
Wi

0101100
-790 0 *
Fa
0  1e-07 22 0

0101000
+792 0 +789 0 *
Ve
1e-07
0.4 1.45 -7.5
0 0

0101101
*
Ed
 1e-07 1 1 0
1  38 0 0 3.14159265358979
3  77 78G1 24 0 0 3.14159265358979
0

0101000
+837 0 -787 0 *
Ed
 1e-07 1 1 0
1  39 0 3.14159265358979 9.42477796076938
2  79 24 0 3.14159265358979 9.42477796076938
2  80 35 0 3.14159265358979 9.42477796076938
4 G1 24 0 35 0
0

0101100
+787 0 -787 0 *
Wi

0101100
+786 0 +835 0 -786 0 +785 0 *
Fa
0  1e-07 24 0

0101000
+784 0 *
Ve
1e-07
0.4 1.05 -6.66666666666667
0 0

0101101
*
Ed
 1e-07 1 1 0
1  40 0 0 3.14159265358979
3  81 82G1 25 0 0 3.14159265358979
0

0101000
+832 0 -782 0 *
Ed
 1e-07 1 1 0
1  41 0 3.14159265358979 9.42477796076938
2  83 25 0 3.14159265358979 9.42477796076938
2  84 36 0 3.14159265358979 9.42477796076938
4 G1 25 0 36 0
0

0101100
+782 0 -782 0 *
Wi

0101100
+781 0 +830 0 -781 0 +780 0 *
Fa
0  1e-07 25 0

0101000
+779 0 *
Ve
1e-07
1 1.05 -6.66666666666667
0 0

0101101
*
Ed
 1e-07 1 1 0
1  42 0 0 3.14159265358979
3  85 86G1 26 0 0 3.14159265358979
0

0101000
+827 0 -777 0 *
Ed
 1e-07 1 1 0
1  43 0 3.14159265358979 9.42477796076938
2  87 26 0 3.14159265358979 9.42477796076938
2  88 37 0 3.14159265358979 9.42477796076938
4 G1 26 0 37 0
0

0101100
+777 0 -777 0 *
Wi

0101100
+776 0 +825 0 -776 0 +775 0 *
Fa
0  1e-07 26 0

0101000
+774 0 *
Ve
1.00000000166533e-07
0.4 0.650000000000001 -5.83333333333333
0 0

0101101
*
Ed
 1e-07 1 1 0
1  44 0 0 3.14159265358979
3  89 90G1 27 0 0 3.14159265358979
0

0101000
+822 0 -772 0 *
Ed
 1e-07 1 1 0
1  45 0 3.14159265358979 9.42477796076938
2  91 27 0 3.14159265358979 9.42477796076938
2  92 38 0 3.14159265358979 9.42477796076938
4 G1 27 0 38 0
0

0101100
+772 0 -772 0 *
Wi

0101100
+771 0 +820 0 -771 0 +770 0 *
Fa
0  1e-07 27 0

0101000
+769 0 *
Ve
1e-07
0.4 0.25 -5
0 0

0101101
*
Ed
 1e-07 1 1 0
1  46 0 0 3.14159265358979
3  93 94G1 28 0 0 3.14159265358979
0

0101000
+817 0 -767 0 *
Ed
 1e-07 1 1 0
1  47 0 3.14159265358979 9.42477796076938
2  95 28 0 3.14159265358979 9.42477796076938
2  96 39 0 3.14159265358979 9.42477796076938
4 G1 28 0 39 0
0

0101100
+767 0 -767 0 *
Wi

0101100
+766 0 +815 0 -766 0 +765 0 *
Fa
0  1e-07 28 0

0101000
+764 0 *
Ve
1.00000000166533e-07
1 0.650000000000001 -5.83333333333333
0 0

0101101
*
Ed
 1e-07 1 1 0
1  48 0 0 3.14159265358979
3  97 98G1 29 0 0 3.14159265358979
0

0101000
+812 0 -762 0 *
Ed
 1e-07 1 1 0
1  49 0 3.14159265358979 9.42477796076938
2  99 29 0 3.14159265358979 9.42477796076938
2  100 40 0 3.14159265358979 9.42477796076938
4 G1 29 0 40 0
0

0101100
+762 0 -762 0 *
Wi

0101100
+761 0 +810 0 -761 0 +760 0 *
Fa
0  1e-07 29 0

0101000
+759 0 *
Ve
1.00000000166533e-07
1.6 0.650000000000001 -5.83333333333333
0 0

0101101
*
Ed
 1e-07 1 1 0
1  50 0 0 3.14159265358979
3  101 102G1 30 0 0 3.14159265358979
0

0101000
+807 0 -757 0 *
Ed
 1e-07 1 1 0
1  51 0 3.14159265358979 9.42477796076938
2  103 30 0 3.14159265358979 9.42477796076938
2  104 41 0 3.14159265358979 9.42477796076938
4 G1 30 0 41 0
0

0101100
+757 0 -757 0 *
Wi

0101100
+756 0 +805 0 -756 0 +755 0 *
Fa
0  1e-07 30 0

0101000
+754 0 *
Ve
1e-07
1 0.25 -5
0 0

0101101
*
Ed
 1e-07 1 1 0
1  52 0 0 3.14159265358979
3  105 106G1 31 0 0 3.14159265358979
0

0101000
+802 0 -752 0 *
Ed
 1e-07 1 1 0
1  53 0 3.14159265358979 9.42477796076938
2  107 31 0 3.14159265358979 9.42477796076938
2  108 42 0 3.14159265358979 9.42477796076938
4 G1 31 0 42 0
0

0101100
+752 0 -752 0 *
Wi

0101100
+751 0 +800 0 -751 0 +750 0 *
Fa
0  1e-07 31 0

0101000
+749 0 *
Ve
1e-07
1.6 0.25 -5
0 0

0101101
*
Ed
 1e-07 1 1 0
1  54 0 0 3.14159265358979
3  109 110G1 32 0 0 3.14159265358979
0

0101000
+797 0 -747 0 *
Ed
 1e-07 1 1 0
1  55 0 3.14159265358979 9.42477796076938
2  111 32 0 3.14159265358979 9.42477796076938
2  112 43 0 3.14159265358979 9.42477796076938
4 G1 32 0 43 0
0

0101100
+747 0 -747 0 *
Wi

0101100
+746 0 +795 0 -746 0 +745 0 *
Fa
0  1e-07 32 0

0101000
+744 0 *
Ve
1e-07
0.909936568128601 -1.3699365681286 2.05
0 0

0101101
*
Ed
 1e-07 1 1 0
1  56 0 0 0.55
3  113 114CN 33 0 0 0.55
0

0101000
+791 0 -742 0 *
Ed
 1e-07 1 1 0
1  57 0 0 6.28318530717959
2  115 33 0 0 6.28318530717959
0

0101000
+742 0 -742 0 *
Wi

0101100
+741 0 -741 0 -790 0 +740 0 *
Fa
0  1e-07 33 0

0101000
+739 0 *
Ve
1.00000000137773e-07
0.4 1.45 0
0 0

0101101
*
Ed
 1e-07 1 1 0
1  58 0 0 7.5
3  116 117G1 35 0 0 7.5
0

0101000
+787 0 -737 0 *
Ed
 1.00000000016653e-07 1 1 0
1  59 0 0 6.28318530717959
2  118 35 0 0 6.28318530717959
2  119 44 0 0 6.28318530717959
2  120 45 0 0 6.28318530717959
0

0101000
-737 0 +737 0 *
Wi

0101100
+736 0 -785 0 -736 0 -735 0 *
Fa
0  1e-07 35 0

0101000
+734 0 *
Ve
1.00000000122465e-07
0.4 1.05 0
0 0

0101101
*
Ed
 1e-07 1 1 0
1  60 0 0 6.66666666666667
3  121 122G1 36 0 0 6.66666666666667
0

0101000
+782 0 -732 0 *
Ed
 1.00000000016653e-07 1 1 0
1  61 0 0 6.28318530717959
2  123 36 0 0 6.28318530717959
2  124 46 0 0 6.28318530717959
2  125 45 0 0 6.28318530717959
0

0101000
-732 0 +732 0 *
Wi

0101100
+731 0 -780 0 -731 0 -730 0 *
Fa
0  1e-07 36 0

0101000
+729 0 *
Ve
1.00000000122465e-07
1 1.05 0
0 0

0101101
*
Ed
 1e-07 1 1 0
1  62 0 0 6.66666666666667
3  126 127G1 37 0 0 6.66666666666667
0

0101000
+777 0 -727 0 *
Ed
 1.00000000016653e-07 1 1 0
1  63 0 0 6.28318530717959
2  128 37 0 0 6.28318530717959
2  129 47 0 0 6.28318530717959
2  130 45 0 0 6.28318530717959
0

0101000
-727 0 +727 0 *
Wi

0101100
+726 0 -775 0 -726 0 -725 0 *
Fa
0  1e-07 37 0

0101000
+724 0 *
Ve
1.00000002050047e-07
0.4 0.650000000000001 0
0 0

0101101
*
Ed
 1e-07 1 1 0
1  64 0 0 5.83333333333333
3  131 132G1 38 0 0 5.83333333333333
0

0101000
+772 0 -722 0 *
Ed
 1.00000000016653e-07 1 1 0
1  65 0 0 6.28318530717959
2  133 38 0 0 6.28318530717959
2  134 48 0 0 6.28318530717959
2  135 45 0 0 6.28318530717959
0

0101000
-722 0 +722 0 *
Wi

0101100
+721 0 -770 0 -721 0 -720 0 *
Fa
0  1e-07 38 0

0101000
+719 0 *
Ve
1.00000000022749e-07
0.4 0.250000000000001 0
0 0

0101101
*
Ed
 1e-07 1 1 0
1  66 0 0 5
3  136 137G1 39 0 0 5
0

0101000
+767 0 -717 0 *
Ed
 1.00000000022749e-07 1 1 0
1  67 0 0 6.28318530717959
2  138 39 0 0 6.28318530717959
2  139 49 0 0 6.28318530717959
2  140 45 0 0 6.28318530717959
0

0101000
-717 0 +717 0 *
Wi

0101100
+716 0 -765 0 -716 0 -715 0 *
Fa
0  1e-07 39 0

0101000
+714 0 *
Ve
1.00000002050047e-07
1 0.650000000000001 0
0 0

0101101
*
Ed
 1e-07 1 1 0
1  68 0 0 5.83333333333333
3  141 142G1 40 0 0 5.83333333333333
0

0101000
+762 0 -712 0 *
Ed
 1.00000000016653e-07 1 1 0
1  69 0 0 6.28318530717959
2  143 40 0 0 6.28318530717959
2  144 50 0 0 6.28318530717959
2  145 45 0 0 6.28318530717959
0

0101000
-712 0 +712 0 *
Wi

0101100
+711 0 -760 0 -711 0 -710 0 *
Fa
0  1e-07 40 0

0101000
+709 0 *
Ve
1.00000002050047e-07
1.6 0.650000000000001 0
0 0

0101101
*
Ed
 1e-07 1 1 0
1  70 0 0 5.83333333333333
3  146 147G1 41 0 0 5.83333333333333
0

0101000
+757 0 -707 0 *
Ed
 1.00000000016653e-07 1 1 0
1  71 0 0 6.28318530717959
2  148 41 0 0 6.28318530717959
2  149 51 0 0 6.28318530717959
2  150 45 0 0 6.28318530717959
0

0101000
-707 0 +707 0 *
Wi

0101100
+706 0 -755 0 -706 0 -705 0 *
Fa
0  1e-07 41 0

0101000
+704 0 *
Ve
1.00000000022749e-07
1 0.250000000000001 0
0 0

0101101
*
Ed
 1e-07 1 1 0
1  72 0 0 5
3  151 152G1 42 0 0 5
0

0101000
+752 0 -702 0 *
Ed
 1.00000000022749e-07 1 1 0
1  73 0 0 6.28318530717959
2  153 42 0 0 6.28318530717959
2  154 52 0 0 6.28318530717959
2  155 45 0 0 6.28318530717959
0

0101000
-702 0 +702 0 *
Wi

0101100
+701 0 -750 0 -701 0 -700 0 *
Fa
0  1e-07 42 0

0101000
+699 0 *
Ve
1.00000000022749e-07
1.6 0.250000000000001 0
0 0

0101101
*
Ed
 1e-07 1 1 0
1  74 0 0 5
3  156 157G1 43 0 0 5
0

0101000
+747 0 -697 0 *
Ed
 1.00000000022749e-07 1 1 0
1  75 0 0 6.28318530717959
2  158 43 0 0 6.28318530717959
2  159 53 0 0 6.28318530717959
2  160 45 0 0 6.28318530717959
0

0101000
-697 0 +697 0 *
Wi

0101100
+696 0 -745 0 -696 0 -695 0 *
Fa
0  1e-07 43 0

0101000
+694 0 *
Wi

0101100
+740 0 *
Fa
0  1e-07 54 0

0101000
+692 0 *
Ve
1.50000000398119e-07
-1.99999843749939 0.0025000000000004 0
0 0

0101101
*
Ve
1.50000000000434e-07
1.99999843749939 0.0025 0
0 0

0101101
*
Ed
 1.5e-07 1 1 0
1  76 0 -1.99999843749939 1.99999843749939
2  161 45 0 -1.99999843749939 1.99999843749939
2  162 55 0 -1.99999843749939 1.99999843749939
0

0101000
+690 0 -689 0 *
Ed
 1e-07 1 1 0
1  77 0 0.00125000032552106 3.14034265326427
2  2 56 0 0.00125000032552106 3.14034265326427
2  163 45 0 0.00125000032552106 3.14034265326427
0

0101000
+689 0 -690 0 *
Wi

0101100
+688 0 +687 0 *
Ve
1.00000000022749e-07
-1.6 0.250000000000001 0
0 0

0101101
*
Ed
 1.00000000022749e-07 1 1 0
1  78 0 0 6.28318530717959
2  164 57 0 0 6.28318530717959
2  165 58 0 0 6.28318530717959
2  166 45 0 0 6.28318530717959
0

0101000
-685 0 +685 0 *
Wi

0101100
-684 0 *
Ve
1.00000000022749e-07
-1 0.250000000000001 0
0 0

0101101
*
Ed
 1.00000000022749e-07 1 1 0
1  79 0 0 6.28318530717959
2  167 59 0 0 6.28318530717959
2  168 60 0 0 6.28318530717959
2  169 45 0 0 6.28318530717959
0

0101000
-682 0 +682 0 *
Wi

0101100
-681 0 *
Ve
1.00000000022749e-07
-0.4 0.250000000000001 0
0 0

0101101
*
Ed
 1.00000000022749e-07 1 1 0
1  80 0 0 6.28318530717959
2  170 61 0 0 6.28318530717959
2  171 62 0 0 6.28318530717959
2  172 45 0 0 6.28318530717959
0

0101000
-679 0 +679 0 *
Wi

0101100
-678 0 *
Ve
1.00000002050047e-07
-1.6 0.650000000000001 0
0 0

0101101
*
Ed
 1.00000000016653e-07 1 1 0
1  81 0 0 6.28318530717959
2  173 63 0 0 6.28318530717959
2  174 64 0 0 6.28318530717959
2  175 45 0 0 6.28318530717959
0

0101000
-676 0 +676 0 *
Wi

0101100
-675 0 *
Ve
1.00000002050047e-07
-1 0.650000000000001 0
0 0

0101101
*
Ed
 1.00000000016653e-07 1 1 0
1  82 0 0 6.28318530717959
2  176 65 0 0 6.28318530717959
2  177 66 0 0 6.28318530717959
2  178 45 0 0 6.28318530717959
0

0101000
-673 0 +673 0 *
Wi

0101100
-672 0 *
Ve
1.00000002050047e-07
-0.4 0.650000000000001 0
0 0

0101101
*
Ed
 1.00000000016653e-07 1 1 0
1  83 0 0 6.28318530717959
2  179 67 0 0 6.28318530717959
2  180 68 0 0 6.28318530717959
2  181 45 0 0 6.28318530717959
0

0101000
-670 0 +670 0 *
Wi

0101100
-669 0 *
Wi

0101100
-715 0 *
Wi

0101100
-700 0 *
Wi

0101100
-695 0 *
Wi

0101100
-720 0 *
Wi

0101100
-710 0 *
Wi

0101100
-705 0 *
Ve
1.00000000122465e-07
-1 1.05 0
0 0

0101101
*
Ed
 1.00000000016653e-07 1 1 0
1  84 0 0 6.28318530717959
2  182 69 0 0 6.28318530717959
2  183 70 0 0 6.28318530717959
2  184 45 0 0 6.28318530717959
0

0101000
-661 0 +661 0 *
Wi

0101100
-660 0 *
Ve
1.00000000122465e-07
-0.4 1.05 0
0 0

0101101
*
Ed
 1.00000000016653e-07 1 1 0
1  85 0 0 6.28318530717959
2  185 71 0 0 6.28318530717959
2  186 72 0 0 6.28318530717959
2  187 45 0 0 6.28318530717959
0

0101000
-658 0 +658 0 *
Wi

0101100
-657 0 *
Ve
1.00000000137773e-07
-0.4 1.45 0
0 0

0101101
*
Ed
 1.00000000016653e-07 1 1 0
1  86 0 0 6.28318530717959
2  188 73 0 0 6.28318530717959
2  189 74 0 0 6.28318530717959
2  190 45 0 0 6.28318530717959
0

0101000
-655 0 +655 0 *
Wi

0101100
-654 0 *
Wi

0101100
-730 0 *
Wi

0101100
-725 0 *
Wi

0101100
-735 0 *
Fa
0  1e-07 45 0

0101000
+686 0 +683 0 +680 0 +677 0 +674 0 +671 0 +668 0 +667 0 +666 0 +665 0 
+664 0 +663 0 +662 0 +659 0 +656 0 +653 0 +652 0 +651 0 +650 0 *
Ve
1.50000000000434e-07
1.99999843749939 0.0025 1.5
0 0

0101101
*
Ed
 1e-07 1 1 0
1  87 0 -1.5 -0
2  191 56 0 -1.5 -0
2  192 55 0 -1.5 -0
0

0101000
+648 0 -689 0 *
Ve
1.50000000398119e-07
-1.99999843749939 0.0025000000000004 1.5
0 0

0101101
*
Ed
 1e-07 1 1 0
1  88 0 -1.5 -0
2  193 56 0 -1.5 -0
2  194 55 0 -1.5 -0
0

0101000
+646 0 -690 0 *
Ed
 1.5e-07 1 1 0
1  89 0 -1.99999843749939 1.99999843749939
2  195 75 0 -1.99999843749939 1.99999843749939
2  196 55 0 -1.99999843749939 1.99999843749939
0

0101000
+646 0 -648 0 *
Wi

0101100
-647 0 +688 0 +645 0 -644 0 *
Fa
0  1e-07 55 0

0101000
+643 0 *
Ed
 1e-07 1 1 0
1  90 0 0.00125000032552106 3.14034265326427
2  34 56 0 0.00125000032552106 3.14034265326427
2  197 75 0 0.00125000032552106 3.14034265326427
0

0101000
+648 0 -646 0 *
Wi

0101100
-687 0 +645 0 +641 0 -647 0 *
Fa
0  1e-07 56 0

0101000
+640 0 *
Ve
1e-07
-1.6 0.25 -5
0 0

0101101
*
Ed
 1e-07 1 1 0
1  91 0 0 5
3  198 199G1 57 0 0 5
0

0101000
+638 0 -685 0 *
Ed
 1e-07 1 1 0
1  92 0 3.14159265358979 9.42477796076938
2  200 76 0 3.14159265358979 9.42477796076938
2  201 57 0 3.14159265358979 9.42477796076938
4 G1 76 0 57 0
0

0101100
+638 0 -638 0 *
Wi

0101100
+637 0 -636 0 -637 0 -684 0 *
Fa
0  1e-07 57 0

0101000
+635 0 *
Ve
1e-07
-1 0.25 -5
0 0

0101101
*
Ed
 1e-07 1 1 0
1  93 0 0 5
3  202 203G1 59 0 0 5
0

0101000
+633 0 -682 0 *
Ed
 1e-07 1 1 0
1  94 0 3.14159265358979 9.42477796076938
2  204 77 0 3.14159265358979 9.42477796076938
2  205 59 0 3.14159265358979 9.42477796076938
4 G1 77 0 59 0
0

0101100
+633 0 -633 0 *
Wi

0101100
+632 0 -631 0 -632 0 -681 0 *
Fa
0  1e-07 59 0

0101000
+630 0 *
Ve
1e-07
-0.400000000000001 0.25 -5
0 0

0101101
*
Ed
 1e-07 1 1 0
1  95 0 0 5
3  206 207G1 61 0 0 5
0

0101000
+628 0 -679 0 *
Ed
 1e-07 1 1 0
1  96 0 3.14159265358979 9.42477796076938
2  208 78 0 3.14159265358979 9.42477796076938
2  209 61 0 3.14159265358979 9.42477796076938
4 G1 78 0 61 0
0

0101100
+628 0 -628 0 *
Wi

0101100
+627 0 -626 0 -627 0 -678 0 *
Fa
0  1e-07 61 0

0101000
+625 0 *
Ve
1.00000000166533e-07
-1.6 0.650000000000001 -5.83333333333333
0 0

0101101
*
Ed
 1e-07 1 1 0
1  97 0 0 5.83333333333333
3  210 211G1 63 0 0 5.83333333333333
0

0101000
+623 0 -676 0 *
Ed
 1e-07 1 1 0
1  98 0 3.14159265358979 9.42477796076938
2  212 79 0 3.14159265358979 9.42477796076938
2  213 63 0 3.14159265358979 9.42477796076938
4 G1 79 0 63 0
0

0101100
+623 0 -623 0 *
Wi

0101100
+622 0 -621 0 -622 0 -675 0 *
Fa
0  1e-07 63 0

0101000
+620 0 *
Ve
1.00000000166533e-07
-1 0.650000000000001 -5.83333333333333
0 0

0101101
*
Ed
 1e-07 1 1 0
1  99 0 0 5.83333333333333
3  214 215G1 65 0 0 5.83333333333333
0

0101000
+618 0 -673 0 *
Ed
 1e-07 1 1 0
1  100 0 3.14159265358979 9.42477796076938
2  216 80 0 3.14159265358979 9.42477796076938
2  217 65 0 3.14159265358979 9.42477796076938
4 G1 80 0 65 0
0

0101100
+618 0 -618 0 *
Wi

0101100
+617 0 -616 0 -617 0 -672 0 *
Fa
0  1e-07 65 0

0101000
+615 0 *
Ve
1.00000000166533e-07
-0.400000000000001 0.650000000000001 -5.83333333333333
0 0

0101101
*
Ed
 1e-07 1 1 0
1  101 0 0 5.83333333333333
3  218 219G1 67 0 0 5.83333333333333
0

0101000
+613 0 -670 0 *
Ed
 1e-07 1 1 0
1  102 0 3.14159265358979 9.42477796076938
2  220 81 0 3.14159265358979 9.42477796076938
2  221 67 0 3.14159265358979 9.42477796076938
4 G1 81 0 67 0
0

0101100
+613 0 -613 0 *
Wi

0101100
+612 0 -611 0 -612 0 -669 0 *
Fa
0  1e-07 67 0

0101000
+610 0 *
Ve
1e-07
-1 1.05 -6.66666666666667
0 0

0101101
*
Ed
 1e-07 1 1 0
1  103 0 0 6.66666666666667
3  222 223G1 69 0 0 6.66666666666667
0

0101000
+608 0 -661 0 *
Ed
 1e-07 1 1 0
1  104 0 3.14159265358979 9.42477796076938
2  224 82 0 3.14159265358979 9.42477796076938
2  225 69 0 3.14159265358979 9.42477796076938
4 G1 82 0 69 0
0

0101100
+608 0 -608 0 *
Wi

0101100
+607 0 -606 0 -607 0 -660 0 *
Fa
0  1e-07 69 0

0101000
+605 0 *
Ve
1e-07
-0.400000000000001 1.05 -6.66666666666667
0 0

0101101
*
Ed
 1e-07 1 1 0
1  105 0 0 6.66666666666667
3  226 227G1 71 0 0 6.66666666666667
0

0101000
+603 0 -658 0 *
Ed
 1e-07 1 1 0
1  106 0 3.14159265358979 9.42477796076938
2  228 83 0 3.14159265358979 9.42477796076938
2  229 71 0 3.14159265358979 9.42477796076938
4 G1 83 0 71 0
0

0101100
+603 0 -603 0 *
Wi

0101100
+602 0 -601 0 -602 0 -657 0 *
Fa
0  1e-07 71 0

0101000
+600 0 *
Ve
1e-07
-0.400000000000001 1.45 -7.5
0 0

0101101
*
Ed
 1e-07 1 1 0
1  107 0 0 7.5
3  230 231G1 73 0 0 7.5
0

0101000
+598 0 -655 0 *
Ed
 1e-07 1 1 0
1  108 0 3.14159265358979 9.42477796076938
2  232 84 0 3.14159265358979 9.42477796076938
2  233 73 0 3.14159265358979 9.42477796076938
4 G1 84 0 73 0
0

0101100
+598 0 -598 0 *
Wi

0101100
+597 0 -596 0 -597 0 -654 0 *
Fa
0  1e-07 73 0

0101000
+595 0 *
Wi

0101100
+644 0 +641 0 *
Fa
0  1e-07 75 0

0101000
+593 0 *
Ve
1.00000000027756e-07
-1.6 -0.25 -5
0 0

0101101
*
Ed
 1e-07 1 1 0
1  109 0 0 3.14159265358979
3  234 235G1 76 0 0 3.14159265358979
0

0101000
+591 0 -638 0 *
Ed
 1e-07 1 1 0
1  110 0 0 6.28318530717959
2  236 85 0 0 6.28318530717959
2  237 76 0 0 6.28318530717959
4 G1 85 0 76 0
0

0101100
+591 0 -591 0 *
Wi

0101100
+590 0 +589 0 -590 0 +636 0 *
Fa
0  1e-07 76 0

0101000
+588 0 *
Ve
1.00000000027756e-07
-1 -0.25 -5
0 0

0101101
*
Ed
 1e-07 1 1 0
1  111 0 0 3.14159265358979
3  238 239G1 77 0 0 3.14159265358979
0

0101000
+586 0 -633 0 *
Ed
 1e-07 1 1 0
1  112 0 0 6.28318530717959
2  240 86 0 0 6.28318530717959
2  241 77 0 0 6.28318530717959
4 G1 86 0 77 0
0

0101100
+586 0 -586 0 *
Wi

0101100
+585 0 +584 0 -585 0 +631 0 *
Fa
0  1e-07 77 0

0101000
+583 0 *
Ve
1.00000000027756e-07
-0.400000000000001 -0.25 -5
0 0

0101101
*
Ed
 1e-07 1 1 0
1  113 0 0 3.14159265358979
3  242 243G1 78 0 0 3.14159265358979
0

0101000
+581 0 -628 0 *
Ed
 1e-07 1 1 0
1  114 0 0 6.28318530717959
2  244 87 0 0 6.28318530717959
2  245 78 0 0 6.28318530717959
4 G1 87 0 78 0
0

0101100
+581 0 -581 0 *
Wi

0101100
+580 0 +579 0 -580 0 +626 0 *
Fa
0  1e-07 78 0

0101000
+578 0 *
Ve
1.00000000055511e-07
-1.6 -0.65 -5.83333333333333
0 0

0101101
*
Ed
 1e-07 1 1 0
1  115 0 0 3.14159265358979
3  246 247G1 79 0 0 3.14159265358979
0

0101000
+576 0 -623 0 *
Ed
 1e-07 1 1 0
1  116 0 0 6.28318530717959
2  248 88 0 0 6.28318530717959
2  249 79 0 0 6.28318530717959
4 G1 88 0 79 0
0

0101100
+576 0 -576 0 *
Wi

0101100
+575 0 +574 0 -575 0 +621 0 *
Fa
0  1e-07 79 0

0101000
+573 0 *
Ve
1.00000000055511e-07
-1 -0.65 -5.83333333333333
0 0

0101101
*
Ed
 1e-07 1 1 0
1  117 0 0 3.14159265358979
3  250 251G1 80 0 0 3.14159265358979
0

0101000
+571 0 -618 0 *
Ed
 1e-07 1 1 0
1  118 0 0 6.28318530717959
2  252 89 0 0 6.28318530717959
2  253 80 0 0 6.28318530717959
4 G1 89 0 80 0
0

0101100
+571 0 -571 0 *
Wi

0101100
+570 0 +569 0 -570 0 +616 0 *
Fa
0  1e-07 80 0

0101000
+568 0 *
Ve
1.00000000055511e-07
-0.400000000000001 -0.65 -5.83333333333333
0 0

0101101
*
Ed
 1e-07 1 1 0
1  119 0 0 3.14159265358979
3  254 255G1 81 0 0 3.14159265358979
0

0101000
+566 0 -613 0 *
Ed
 1e-07 1 1 0
1  120 0 0 6.28318530717959
2  256 90 0 0 6.28318530717959
2  257 81 0 0 6.28318530717959
4 G1 90 0 81 0
0

0101100
+566 0 -566 0 *
Wi

0101100
+565 0 +564 0 -565 0 +611 0 *
Fa
0  1e-07 81 0

0101000
+563 0 *
Ve
1e-07
-1 -1.05 -6.66666666666667
0 0

0101101
*
Ed
 1e-07 1 1 0
1  121 0 0 3.14159265358979
3  258 259G1 82 0 0 3.14159265358979
0

0101000
+561 0 -608 0 *
Ed
 1e-07 1 1 0
1  122 0 0 6.28318530717959
2  260 91 0 0 6.28318530717959
2  261 82 0 0 6.28318530717959
4 G1 91 0 82 0
0

0101100
+561 0 -561 0 *
Wi

0101100
+560 0 +559 0 -560 0 +606 0 *
Fa
0  1e-07 82 0

0101000
+558 0 *
Ve
1e-07
-0.400000000000001 -1.05 -6.66666666666667
0 0

0101101
*
Ed
 1e-07 1 1 0
1  123 0 0 3.14159265358979
3  262 263G1 83 0 0 3.14159265358979
0

0101000
+556 0 -603 0 *
Ed
 1e-07 1 1 0
1  124 0 0 6.28318530717959
2  264 92 0 0 6.28318530717959
2  265 83 0 0 6.28318530717959
4 G1 92 0 83 0
0

0101100
+556 0 -556 0 *
Wi

0101100
+555 0 +554 0 -555 0 +601 0 *
Fa
0  1e-07 83 0

0101000
+553 0 *
Ve
1.00000000222045e-07
-0.400000000000001 -1.45 -7.5
0 0

0101101
*
Ed
 1e-07 1 1 0
1  125 0 0 3.14159265358979
3  266 267G1 84 0 0 3.14159265358979
0

0101000
+551 0 -598 0 *
Ed
 1e-07 1 1 0
1  126 0 0 6.28318530717959
2  268 93 0 0 6.28318530717959
2  269 84 0 0 6.28318530717959
4 G1 93 0 84 0
0

0101100
+551 0 -551 0 *
Wi

0101100
+550 0 +549 0 -550 0 +596 0 *
Fa
0  1e-07 84 0

0101000
+548 0 *
Ve
1.00000000016653e-07
-1.6 -0.25 0
0 0

0101101
*
Ed
 1e-07 1 1 0
1  127 0 0 5
3  270 271G1 85 0 0 5
0

0101000
+546 0 -591 0 *
Ed
 1.00000000016653e-07 1 1 0
1  128 0 0 6.28318530717959
2  272 85 0 0 6.28318530717959
2  273 94 0 0 6.28318530717959
2  274 95 0 0 6.28318530717959
0

0101000
-546 0 +546 0 *
Wi

0101100
+545 0 +544 0 -545 0 -589 0 *
Fa
0  1e-07 85 0

0101000
+543 0 *
Ve
1.00000000016653e-07
-1 -0.25 0
0 0

0101101
*
Ed
 1e-07 1 1 0
1  129 0 0 5
3  275 276G1 86 0 0 5
0

0101000
+541 0 -586 0 *
Ed
 1.00000000016653e-07 1 1 0
1  130 0 0 6.28318530717959
2  277 86 0 0 6.28318530717959
2  278 96 0 0 6.28318530717959
2  279 95 0 0 6.28318530717959
0

0101000
-541 0 +541 0 *
Wi

0101100
+540 0 +539 0 -540 0 -584 0 *
Fa
0  1e-07 86 0

0101000
+538 0 *
Ve
1.00000000016653e-07
-0.4 -0.25 0
0 0

0101101
*
Ed
 1e-07 1 1 0
1  131 0 0 5
3  280 281G1 87 0 0 5
0

0101000
+536 0 -581 0 *
Ed
 1.00000000016653e-07 1 1 0
1  132 0 0 6.28318530717959
2  282 87 0 0 6.28318530717959
2  283 97 0 0 6.28318530717959
2  284 95 0 0 6.28318530717959
0

0101000
-536 0 +536 0 *
Wi

0101100
+535 0 +534 0 -535 0 -579 0 *
Fa
0  1e-07 87 0

0101000
+533 0 *
Ve
1.00000000016653e-07
-1.6 -0.65 0
0 0

0101101
*
Ed
 1e-07 1 1 0
1  133 0 0 5.83333333333333
3  285 286G1 88 0 0 5.83333333333333
0

0101000
+531 0 -576 0 *
Ed
 1.00000000016653e-07 1 1 0
1  134 0 0 6.28318530717959
2  287 88 0 0 6.28318530717959
2  288 98 0 0 6.28318530717959
2  289 95 0 0 6.28318530717959
0

0101000
-531 0 +531 0 *
Wi

0101100
+530 0 +529 0 -530 0 -574 0 *
Fa
0  1e-07 88 0

0101000
+528 0 *
Ve
1.00000000016653e-07
-1 -0.65 0
0 0

0101101
*
Ed
 1e-07 1 1 0
1  135 0 0 5.83333333333333
3  290 291G1 89 0 0 5.83333333333333
0

0101000
+526 0 -571 0 *
Ed
 1.00000000016653e-07 1 1 0
1  136 0 0 6.28318530717959
2  292 89 0 0 6.28318530717959
2  293 99 0 0 6.28318530717959
2  294 95 0 0 6.28318530717959
0

0101000
-526 0 +526 0 *
Wi

0101100
+525 0 +524 0 -525 0 -569 0 *
Fa
0  1e-07 89 0

0101000
+523 0 *
Ve
1.00000000016653e-07
-0.4 -0.65 0
0 0

0101101
*
Ed
 1e-07 1 1 0
1  137 0 0 5.83333333333333
3  295 296G1 90 0 0 5.83333333333333
0

0101000
+521 0 -566 0 *
Ed
 1.00000000016653e-07 1 1 0
1  138 0 0 6.28318530717959
2  297 90 0 0 6.28318530717959
2  298 100 0 0 6.28318530717959
2  299 95 0 0 6.28318530717959
0

0101000
-521 0 +521 0 *
Wi

0101100
+520 0 +519 0 -520 0 -564 0 *
Fa
0  1e-07 90 0

0101000
+518 0 *
Ve
1.00000000016653e-07
-1 -1.05 0
0 0

0101101
*
Ed
 1e-07 1 1 0
1  139 0 0 6.66666666666667
3  300 301G1 91 0 0 6.66666666666667
0

0101000
+516 0 -561 0 *
Ed
 1.00000000016653e-07 1 1 0
1  140 0 0 6.28318530717959
2  302 91 0 0 6.28318530717959
2  303 101 0 0 6.28318530717959
2  304 95 0 0 6.28318530717959
0

0101000
-516 0 +516 0 *
Wi

0101100
+515 0 +514 0 -515 0 -559 0 *
Fa
0  1e-07 91 0

0101000
+513 0 *
Ve
1.00000000016653e-07
-0.4 -1.05 0
0 0

0101101
*
Ed
 1e-07 1 1 0
1  141 0 0 6.66666666666667
3  305 306G1 92 0 0 6.66666666666667
0

0101000
+511 0 -556 0 *
Ed
 1.00000000016653e-07 1 1 0
1  142 0 0 6.28318530717959
2  307 92 0 0 6.28318530717959
2  308 102 0 0 6.28318530717959
2  309 95 0 0 6.28318530717959
0

0101000
-511 0 +511 0 *
Wi

0101100
+510 0 +509 0 -510 0 -554 0 *
Fa
0  1e-07 92 0

0101000
+508 0 *
Ve
1.00000000016653e-07
-0.4 -1.45 0
0 0

0101101
*
Ed
 1e-07 1 1 0
1  143 0 0 7.5
3  310 311G1 93 0 0 7.5
0

0101000
+506 0 -551 0 *
Ed
 1.00000000016653e-07 1 1 0
1  144 0 0 6.28318530717959
2  312 93 0 0 6.28318530717959
2  313 103 0 0 6.28318530717959
2  314 95 0 0 6.28318530717959
0

0101000
-506 0 +506 0 *
Wi

0101100
+505 0 +504 0 -505 0 -549 0 *
Fa
0  1e-07 93 0

0101000
+503 0 *
Ve
1.50000000091507e-07
-2.00999843749939 -0.0224999999999999 0
0 0

0101101
*
Ve
1.50000000242861e-07
-0.0125 -0.0225 0
0 0

0101101
*
Ed
 1.5e-07 1 1 0
1  145 0 -1.99999843749939 -0.00249999999999994
2  315 95 0 -1.99999843749939 -0.00249999999999994
0

0101000
+501 0 -500 0 *
Ve
1.50000001409029e-07
-0.0125000000000014 -2.01999843749939 0
0 0

0101101
*
Ed
 1e-07 1 1 0
1  146 0 3.14284265391531 4.71113898005917
2  2 104 0 3.14284265391531 4.71113898005917
2  316 95 0 3.14284265391531 4.71113898005917
0

0101000
+501 0 -498 0 *
Ed
 1.5e-07 1 1 0
1  147 0 -2.00999843749939 -0.0124999999999998
2  317 95 0 -2.00999843749939 -0.0124999999999998
0

0101000
+498 0 -500 0 *
Wi

0101100
-499 0 +497 0 +496 0 *
Wi

0101100
+504 0 *
Wi

0101100
+514 0 *
Wi

0101100
+509 0 *
Wi

0101100
+529 0 *
Wi

0101100
+524 0 *
Wi

0101100
+544 0 *
Wi

0101100
+539 0 *
Wi

0101100
+519 0 *
Wi

0101100
+534 0 *
Fa
0  1e-07 95 0

0101000
+495 0 +494 0 +493 0 +492 0 +491 0 +490 0 +489 0 +488 0 +487 0 +486 0 
*
Ve
1.50000000242861e-07
-0.0125 -0.0225 1.5
0 0

0101101
*
Ed
 1.5e-07 1 1 0
1  148 0 0 1.5
0

0101000
+500 0 -484 0 *
Ve
1.50000000091507e-07
-2.00999843749939 -0.0224999999999999 1.5
0 0

0101101
*
Ed
 1e-07 1 1 0
1  149 0 -1.5 -0
2  318 104 0 -1.5 -0
0

0101000
+482 0 -501 0 *
Ed
 1.5e-07 1 1 0
1  150 0 -1.99999843749939 -0.00249999999999994
2  319 106 0 -1.99999843749939 -0.00249999999999994
0

0101000
+482 0 -484 0 *
Wi

0101100
+483 0 +499 0 +481 0 -480 0 *
Fa
0  1e-07 105 0

0101000
+479 0 *
Ve
1.50000001409029e-07
-0.0125000000000014 -2.01999843749939 1.5
0 0

0101101
*
Ed
 1e-07 1 1 0
1  151 0 3.14284265391531 4.71113898005917
2  34 104 0 3.14284265391531 4.71113898005917
2  320 106 0 3.14284265391531 4.71113898005917
0

0101000
+482 0 -477 0 *
Ed
 1e-07 1 1 0
1  152 0 -1.5 0
2  321 104 0 -1.5 0
0

0101000
+477 0 -498 0 *
Wi

0101100
+476 0 -481 0 -497 0 +475 0 *
Fa
0  1e-07 104 0

0101000
+474 0 *
Ed
 1.5e-07 1 1 0
1  153 0 -2.00999843749939 -0.0124999999999998
2  322 106 0 -2.00999843749939 -0.0124999999999998
0

0101000
+477 0 -484 0 *
Wi

0101100
+475 0 -472 0 +483 0 +496 0 *
Fa
0  1e-07 107 0

0101000
+471 0 *
Wi

0101100
-480 0 +476 0 +472 0 *
Ve
1e-07
-0.209936568128601 -1.3699365681286 1.5
0 0

0101101
*
Ed
 1e-07 1 1 0
1  154 0 0 6.28318530717959
2  323 108 0 0 6.28318530717959
2  324 109 0 0 6.28318530717959
2  325 106 0 0 6.28318530717959
0

0101000
+468 0 -468 0 *
Wi

0101100
-467 0 *
Fa
0  1e-07 106 0

0101000
+469 0 +466 0 *
Ve
1e-07
-0.209936568128601 -1.3699365681286 2.05
0 0

0101101
*
Ed
 1e-07 1 1 0
1  155 0 0 0.55
3  326 327CN 108 0 0 0.55
0

0101000
+468 0 -464 0 *
Ed
 1e-07 1 1 0
1  156 0 0 6.28318530717959
2  328 108 0 0 6.28318530717959
0

0101000
+464 0 -464 0 *
Wi

0101100
+463 0 -463 0 -467 0 +462 0 *
Fa
0  1e-07 108 0

0101000
+461 0 *
Wi

0101100
+462 0 *
Fa
0  1e-07 110 0

0101000
+459 0 *
Sh

0101100
-853 0 -846 0 -841 0 -838 0 +833 0 +828 0 +823 0 +818 0 +813 0 +808 0 
+803 0 +798 0 +793 0 +788 0 +783 0 +778 0 +773 0 +768 0 +763 0 +758 0 
+753 0 +748 0 +743 0 -738 0 +733 0 +728 0 +723 0 +718 0 +713 0 +708 0 
+703 0 +698 0 +693 0 +691 0 -649 0 +642 0 -639 0 +634 0 +629 0 +624 0 
+619 0 +614 0 +609 0 +604 0 +599 0 +594 0 +592 0 +587 0 +582 0 +577 0 
+572 0 +567 0 +562 0 +557 0 +552 0 +547 0 +542 0 +537 0 +532 0 +527 0 
+522 0 +517 0 +512 0 +507 0 +502 0 -485 0 -478 0 -473 0 +470 0 +465 0 
-460 0 +458 0 *
So

0100000
+457 0 *
Co

0100000
+456 0 *
Co

0100000
+455 0 *
Wi

0101100
+867 0 *
Ve
1.00000000016653e-07
0.4 -0.245 4.21485632768536e-33
0 0

0101101
*
Ed
 1.00000000016653e-07 1 1 0
2  17 111 0 0 6.28318530717959
1  157 0 0 6.28318530717959
0

0101000
+452 0 -452 0 *
Wi

0101100
-451 0 *
Fa
0  1e-07 12 0

0101000
+453 0 +450 0 *
Ve
1.00000000027756e-07
0.399999999999999 -0.245 -5
0 0

0101101
*
Ed
 1e-07 1 1 0
1  158 0 0 5
3  54 55G1 111 0 0 5
0

0101000
+452 0 -448 0 *
Ed
 1e-07 1 1 0
2  56 111 0 0 6.28318530717959
1  159 0 0 6.28318530717959
2  57 112 0 0 6.28318530717959
4 G1 111 0 112 0
0

0101000
+448 0 -448 0 *
Wi

0101100
-447 0 +451 0 +447 0 -446 0 *
Fa
0  1e-07 111 0

0101000
+445 0 *
Ve
1e-07
0.4 0.245 -5
0 0

0101101
*
Ed
 1e-07 1 1 0
1  160 0 0 3.14159265358979
3  93 94G1 112 0 0 3.14159265358979
0

0101000
+448 0 -443 0 *
Ed
 1e-07 1 1 0
2  96 113 0 3.14159265358979 9.42477796076938
1  161 0 3.14159265358979 9.42477796076938
2  95 112 0 3.14159265358979 9.42477796076938
4 G1 113 0 112 0
0

0101000
+443 0 -443 0 *
Wi

0101000
+442 0 +446 0 -442 0 +441 0 *
Fa
0  1e-07 112 0

0111000
+440 0 *
Wi

0101100
+715 0 *
Ve
1.00000000022749e-07
0.4 0.245000000000001 0
0 0

0101101
*
Ed
 1.00000000022749e-07 1 1 0
2  138 113 0 0 6.28318530717959
1  162 0 0 6.28318530717959
0

0101000
+437 0 -437 0 *
Wi

0101100
-436 0 *
Fa
0  1e-07 49 0

0101000
+438 0 +435 0 *
Ed
 1e-07 1 1 0
1  163 0 0 5
3  136 137G1 113 0 0 5
0

0101000
+443 0 -437 0 *
Wi

0101100
-433 0 -441 0 +433 0 -436 0 *
Fa
0  1e-07 113 0

0101000
+432 0 *
Sh

0101100
+813 0 +763 0 +713 0 -449 0 -444 0 -439 0 +434 0 -431 0 *
So

0100100
+430 0 *
Wi

0101100
+534 0 *
Ve
1.00000000016653e-07
-0.4 -0.245 4.21485632768536e-33
0 0

0101101
*
Ed
 1.00000000016653e-07 1 1 0
2  282 114 0 0 6.28318530717959
1  164 0 0 6.28318530717959
0

0101000
+427 0 -427 0 *
Wi

0101100
-426 0 *
Fa
0  1e-07 97 0

0101000
+428 0 +425 0 *
Ve
1.00000000027756e-07
-0.400000000000001 -0.245 -5
0 0

0101101
*
Ed
 1e-07 1 1 0
1  165 0 0 5
3  280 281G1 114 0 0 5
0

0101000
+427 0 -423 0 *
Ed
 1e-07 1 1 0
2  244 114 0 0 6.28318530717959
1  166 0 0 6.28318530717959
2  245 115 0 0 6.28318530717959
4 G1 114 0 115 0
0

0101000
+423 0 -423 0 *
Wi

0101100
-422 0 +426 0 +422 0 -421 0 *
Fa
0  1e-07 114 0

0101000
+420 0 *
Ve
1e-07
-0.400000000000001 0.245 -5
0 0

0101101
*
Ed
 1e-07 1 1 0
1  167 0 0 3.14159265358979
3  242 243G1 115 0 0 3.14159265358979
0

0101000
+423 0 -418 0 *
Ed
 1e-07 1 1 0
2  209 116 0 3.14159265358979 9.42477796076938
1  168 0 3.14159265358979 9.42477796076938
2  208 115 0 3.14159265358979 9.42477796076938
4 G1 116 0 115 0
0

0101000
+418 0 -418 0 *
Wi

0101000
+417 0 +421 0 -417 0 +416 0 *
Fa
0  1e-07 115 0

0111000
+415 0 *
Wi

0101100
+678 0 *
Ve
1.00000000022749e-07
-0.4 0.245000000000001 0
0 0

0101101
*
Ed
 1.00000000022749e-07 1 1 0
2  170 116 0 0 6.28318530717959
1  169 0 0 6.28318530717959
0

0101000
+412 0 -412 0 *
Wi

0101100
-411 0 *
Fa
0  1e-07 62 0

0101000
+413 0 +410 0 *
Ed
 1e-07 1 1 0
1  170 0 0 5
3  206 207G1 116 0 0 5
0

0101000
+418 0 -412 0 *
Wi

0101100
-408 0 -416 0 +408 0 -411 0 *
Fa
0  1e-07 116 0

0101000
+407 0 *
Sh

0101100
+532 0 +577 0 +624 0 -424 0 -419 0 -414 0 +409 0 -406 0 *
So

0100100
+405 0 *
Wi

0101100
+870 0 *
Ve
1.00000000016653e-07
0.4 -0.645 4.21485632768536e-33
0 0

0101101
*
Ed
 1.00000000016653e-07 1 1 0
2  14 117 0 0 6.28318530717959
1  171 0 0 6.28318530717959
0

0101000
+402 0 -402 0 *
Wi

0101100
-401 0 *
Fa
0  1e-07 10 0

0101000
+403 0 +400 0 *
Ve
1.00000000055511e-07
0.399999999999999 -0.645 -5.83333333333333
0 0

0101101
*
Ed
 1e-07 1 1 0
1  172 0 0 5.83333333333333
3  50 51G1 117 0 0 5.83333333333333
0

0101000
+402 0 -398 0 *
Ed
 1e-07 1 1 0
2  52 117 0 0 6.28318530717959
1  173 0 0 6.28318530717959
2  53 118 0 0 6.28318530717959
4 G1 117 0 118 0
0

0101000
+398 0 -398 0 *
Wi

0101100
-397 0 +401 0 +397 0 -396 0 *
Fa
0  1e-07 117 0

0101000
+395 0 *
Ve
1.00000000166533e-07
0.4 0.645 -5.83333333333333
0 0

0101101
*
Ed
 1e-07 1 1 0
1  174 0 0 3.14159265358979
3  89 90G1 118 0 0 3.14159265358979
0

0101000
+398 0 -393 0 *
Ed
 1e-07 1 1 0
2  92 119 0 3.14159265358979 9.42477796076938
1  175 0 3.14159265358979 9.42477796076938
2  91 118 0 3.14159265358979 9.42477796076938
4 G1 119 0 118 0
0

0101000
+393 0 -393 0 *
Wi

0101000
+392 0 +396 0 -392 0 +391 0 *
Fa
0  1e-07 118 0

0111000
+390 0 *
Wi

0101100
+720 0 *
Ve
1.00000002050047e-07
0.4 0.645 0
0 0

0101101
*
Ed
 1.00000000016653e-07 1 1 0
2  133 119 0 0 6.28318530717959
1  176 0 0 6.28318530717959
0

0101000
+387 0 -387 0 *
Wi

0101100
-386 0 *
Fa
0  1e-07 48 0

0101000
+388 0 +385 0 *
Ed
 1e-07 1 1 0
1  177 0 0 5.83333333333333
3  131 132G1 119 0 0 5.83333333333333
0

0101000
+393 0 -387 0 *
Wi

0101100
-383 0 -391 0 +383 0 -386 0 *
Fa
0  1e-07 119 0

0101000
+382 0 *
Sh

0101100
+818 0 +768 0 +718 0 -399 0 -394 0 -389 0 +384 0 -381 0 *
So

0100100
+380 0 *
Wi

0101100
+519 0 *
Ve
1.00000000016653e-07
-0.4 -0.645 4.21485632768536e-33
0 0

0101101
*
Ed
 1.00000000016653e-07 1 1 0
2  297 120 0 0 6.28318530717959
1  178 0 0 6.28318530717959
0

0101000
+377 0 -377 0 *
Wi

0101100
-376 0 *
Fa
0  1e-07 100 0

0101000
+378 0 +375 0 *
Ve
1.00000000055511e-07
-0.400000000000001 -0.645 -5.83333333333333
0 0

0101101
*
Ed
 1e-07 1 1 0
1  179 0 0 5.83333333333333
3  295 296G1 120 0 0 5.83333333333333
0

0101000
+377 0 -373 0 *
Ed
 1e-07 1 1 0
2  256 120 0 0 6.28318530717959
1  180 0 0 6.28318530717959
2  257 121 0 0 6.28318530717959
4 G1 120 0 121 0
0

0101000
+373 0 -373 0 *
Wi

0101100
-372 0 +376 0 +372 0 -371 0 *
Fa
0  1e-07 120 0

0101000
+370 0 *
Ve
1.00000000166533e-07
-0.400000000000001 0.645 -5.83333333333333
0 0

0101101
*
Ed
 1e-07 1 1 0
1  181 0 0 3.14159265358979
3  254 255G1 121 0 0 3.14159265358979
0

0101000
+373 0 -368 0 *
Ed
 1e-07 1 1 0
2  221 122 0 3.14159265358979 9.42477796076938
1  182 0 3.14159265358979 9.42477796076938
2  220 121 0 3.14159265358979 9.42477796076938
4 G1 122 0 121 0
0

0101000
+368 0 -368 0 *
Wi

0101000
+367 0 +371 0 -367 0 +366 0 *
Fa
0  1e-07 121 0

0111000
+365 0 *
Wi

0101100
+669 0 *
Ve
1.00000002050047e-07
-0.4 0.645 0
0 0

0101101
*
Ed
 1.00000000016653e-07 1 1 0
2  179 122 0 0 6.28318530717959
1  183 0 0 6.28318530717959
0

0101000
+362 0 -362 0 *
Wi

0101100
-361 0 *
Fa
0  1e-07 68 0

0101000
+363 0 +360 0 *
Ed
 1e-07 1 1 0
1  184 0 0 5.83333333333333
3  218 219G1 122 0 0 5.83333333333333
0

0101000
+368 0 -362 0 *
Wi

0101100
-358 0 -366 0 +358 0 -361 0 *
Fa
0  1e-07 122 0

0101000
+357 0 *
Sh

0101100
+517 0 +562 0 +609 0 -374 0 -369 0 -364 0 +359 0 -356 0 *
So

0100100
+355 0 *
Wi

0101100
+876 0 *
Ve
1.00000000016653e-07
0.4 -1.045 4.21485632768536e-33
0 0

0101101
*
Ed
 1.00000000016653e-07 1 1 0
2  8 123 0 0 6.28318530717959
1  185 0 0 6.28318530717959
0

0101000
+352 0 -352 0 *
Wi

0101100
-351 0 *
Fa
0  1e-07 6 0

0101000
+353 0 +350 0 *
Ve
1e-07
0.399999999999999 -1.045 -6.66666666666667
0 0

0101101
*
Ed
 1e-07 1 1 0
1  186 0 0 6.66666666666667
3  42 43G1 123 0 0 6.66666666666667
0

0101000
+352 0 -348 0 *
Ed
 1e-07 1 1 0
2  44 123 0 0 6.28318530717959
1  187 0 0 6.28318530717959
2  45 124 0 0 6.28318530717959
4 G1 123 0 124 0
0

0101000
+348 0 -348 0 *
Wi

0101100
-347 0 +351 0 +347 0 -346 0 *
Fa
0  1e-07 123 0

0101000
+345 0 *
Ve
1e-07
0.399999999999999 1.045 -6.66666666666667
0 0

0101101
*
Ed
 1e-07 1 1 0
1  188 0 0 3.14159265358979
3  81 82G1 124 0 0 3.14159265358979
0

0101000
+348 0 -343 0 *
Ed
 1e-07 1 1 0
2  84 125 0 3.14159265358979 9.42477796076938
1  189 0 3.14159265358979 9.42477796076938
2  83 124 0 3.14159265358979 9.42477796076938
4 G1 125 0 124 0
0

0101000
+343 0 -343 0 *
Wi

0101000
+342 0 +346 0 -342 0 +341 0 *
Fa
0  1e-07 124 0

0111000
+340 0 *
Wi

0101100
+730 0 *
Ve
1.00000000122465e-07
0.4 1.045 0
0 0

0101101
*
Ed
 1.00000000016653e-07 1 1 0
2  123 125 0 0 6.28318530717959
1  190 0 0 6.28318530717959
0

0101000
+337 0 -337 0 *
Wi

0101100
-336 0 *
Fa
0  1e-07 46 0

0101000
+338 0 +335 0 *
Ed
 1e-07 1 1 0
1  191 0 0 6.66666666666667
3  121 122G1 125 0 0 6.66666666666667
0

0101000
+343 0 -337 0 *
Wi

0101100
-333 0 -341 0 +333 0 -336 0 *
Fa
0  1e-07 125 0

0101000
+332 0 *
Sh

0101100
+828 0 +778 0 +728 0 -349 0 -344 0 -339 0 +334 0 -331 0 *
So

0100100
+330 0 *
Wi

0101100
+509 0 *
Ve
1.00000000016653e-07
-0.4 -1.045 4.21485632768536e-33
0 0

0101101
*
Ed
 1.00000000016653e-07 1 1 0
2  307 126 0 0 6.28318530717959
1  192 0 0 6.28318530717959
0

0101000
+327 0 -327 0 *
Wi

0101100
-326 0 *
Fa
0  1e-07 102 0

0101000
+328 0 +325 0 *
Ve
1e-07
-0.400000000000001 -1.045 -6.66666666666667
0 0

0101101
*
Ed
 1e-07 1 1 0
1  193 0 0 6.66666666666667
3  305 306G1 126 0 0 6.66666666666667
0

0101000
+327 0 -323 0 *
Ed
 1e-07 1 1 0
2  264 126 0 0 6.28318530717959
1  194 0 0 6.28318530717959
2  265 127 0 0 6.28318530717959
4 G1 126 0 127 0
0

0101000
+323 0 -323 0 *
Wi

0101100
-322 0 +326 0 +322 0 -321 0 *
Fa
0  1e-07 126 0

0101000
+320 0 *
Ve
1e-07
-0.400000000000001 1.045 -6.66666666666667
0 0

0101101
*
Ed
 1e-07 1 1 0
1  195 0 0 3.14159265358979
3  262 263G1 127 0 0 3.14159265358979
0

0101000
+323 0 -318 0 *
Ed
 1e-07 1 1 0
2  229 128 0 3.14159265358979 9.42477796076938
1  196 0 3.14159265358979 9.42477796076938
2  228 127 0 3.14159265358979 9.42477796076938
4 G1 128 0 127 0
0

0101000
+318 0 -318 0 *
Wi

0101000
+317 0 +321 0 -317 0 +316 0 *
Fa
0  1e-07 127 0

0111000
+315 0 *
Wi

0101100
+657 0 *
Ve
1.00000000122465e-07
-0.4 1.045 0
0 0

0101101
*
Ed
 1.00000000016653e-07 1 1 0
2  185 128 0 0 6.28318530717959
1  197 0 0 6.28318530717959
0

0101000
+312 0 -312 0 *
Wi

0101100
-311 0 *
Fa
0  1e-07 72 0

0101000
+313 0 +310 0 *
Ed
 1e-07 1 1 0
1  198 0 0 6.66666666666667
3  226 227G1 128 0 0 6.66666666666667
0

0101000
+318 0 -312 0 *
Wi

0101100
-308 0 -316 0 +308 0 -311 0 *
Fa
0  1e-07 128 0

0101000
+307 0 *
Sh

0101100
+507 0 +552 0 +599 0 -324 0 -319 0 -314 0 +309 0 -306 0 *
So

0100100
+305 0 *
Wi

0101100
+879 0 *
Ve
1.00000000016653e-07
0.4 -1.445 4.21485632768536e-33
0 0

0101101
*
Ed
 1.00000000016653e-07 1 1 0
2  5 129 0 0 6.28318530717959
1  199 0 0 6.28318530717959
0

0101000
+302 0 -302 0 *
Wi

0101100
-301 0 *
Fa
0  1e-07 4 0

0101000
+303 0 +300 0 *
Ve
1.00000000222045e-07
0.399999999999999 -1.445 -7.5
0 0

0101101
*
Ed
 1e-07 1 1 0
1  200 0 0 7.5
3  38 39G1 129 0 0 7.5
0

0101000
+302 0 -298 0 *
Ed
 1e-07 1 1 0
2  40 129 0 0 6.28318530717959
1  201 0 0 6.28318530717959
2  41 130 0 0 6.28318530717959
4 G1 129 0 130 0
0

0101000
+298 0 -298 0 *
Wi

0101100
-297 0 +301 0 +297 0 -296 0 *
Fa
0  1e-07 129 0

0101000
+295 0 *
Ve
1e-07
0.399999999999999 1.445 -7.5
0 0

0101101
*
Ed
 1e-07 1 1 0
1  202 0 0 3.14159265358979
3  77 78G1 130 0 0 3.14159265358979
0

0101000
+298 0 -293 0 *
Ed
 1e-07 1 1 0
2  80 131 0 3.14159265358979 9.42477796076938
1  203 0 3.14159265358979 9.42477796076938
2  79 130 0 3.14159265358979 9.42477796076938
4 G1 131 0 130 0
0

0101000
+293 0 -293 0 *
Wi

0101000
+292 0 +296 0 -292 0 +291 0 *
Fa
0  1e-07 130 0

0111000
+290 0 *
Wi

0101100
+735 0 *
Ve
1.00000000137773e-07
0.4 1.445 0
0 0

0101101
*
Ed
 1.00000000016653e-07 1 1 0
2  118 131 0 0 6.28318530717959
1  204 0 0 6.28318530717959
0

0101000
+287 0 -287 0 *
Wi

0101100
-286 0 *
Fa
0  1e-07 44 0

0101000
+288 0 +285 0 *
Ed
 1e-07 1 1 0
1  205 0 0 7.5
3  116 117G1 131 0 0 7.5
0

0101000
+293 0 -287 0 *
Wi

0101100
-283 0 -291 0 +283 0 -286 0 *
Fa
0  1e-07 131 0

0101000
+282 0 *
Sh

0101100
+833 0 +783 0 +733 0 -299 0 -294 0 -289 0 +284 0 -281 0 *
So

0100100
+280 0 *
Wi

0101100
+504 0 *
Ve
1.00000000016653e-07
-0.4 -1.445 4.21485632768536e-33
0 0

0101101
*
Ed
 1.00000000016653e-07 1 1 0
2  312 132 0 0 6.28318530717959
1  206 0 0 6.28318530717959
0

0101000
+277 0 -277 0 *
Wi

0101100
-276 0 *
Fa
0  1e-07 103 0

0101000
+278 0 +275 0 *
Ve
1.00000000222045e-07
-0.400000000000001 -1.445 -7.5
0 0

0101101
*
Ed
 1e-07 1 1 0
1  207 0 0 7.5
3  310 311G1 132 0 0 7.5
0

0101000
+277 0 -273 0 *
Ed
 1e-07 1 1 0
2  268 132 0 0 6.28318530717959
1  208 0 0 6.28318530717959
2  269 133 0 0 6.28318530717959
4 G1 132 0 133 0
0

0101000
+273 0 -273 0 *
Wi

0101100
-272 0 +276 0 +272 0 -271 0 *
Fa
0  1e-07 132 0

0101000
+270 0 *
Ve
1e-07
-0.400000000000001 1.445 -7.5
0 0

0101101
*
Ed
 1e-07 1 1 0
1  209 0 0 3.14159265358979
3  266 267G1 133 0 0 3.14159265358979
0

0101000
+273 0 -268 0 *
Ed
 1e-07 1 1 0
2  233 134 0 3.14159265358979 9.42477796076938
1  210 0 3.14159265358979 9.42477796076938
2  232 133 0 3.14159265358979 9.42477796076938
4 G1 134 0 133 0
0

0101000
+268 0 -268 0 *
Wi

0101000
+267 0 +271 0 -267 0 +266 0 *
Fa
0  1e-07 133 0

0111000
+265 0 *
Wi

0101100
+654 0 *
Ve
1.00000000137773e-07
-0.4 1.445 0
0 0

0101101
*
Ed
 1.00000000016653e-07 1 1 0
2  188 134 0 0 6.28318530717959
1  211 0 0 6.28318530717959
0

0101000
+262 0 -262 0 *
Wi

0101100
-261 0 *
Fa
0  1e-07 74 0

0101000
+263 0 +260 0 *
Ed
 1e-07 1 1 0
1  212 0 0 7.5
3  230 231G1 134 0 0 7.5
0

0101000
+268 0 -262 0 *
Wi

0101100
-258 0 -266 0 +258 0 -261 0 *
Fa
0  1e-07 134 0

0101000
+257 0 *
Sh

0101100
+502 0 +547 0 +594 0 -274 0 -269 0 -264 0 +259 0 -256 0 *
So

0100100
+255 0 *
Wi

0101100
+858 0 *
Ve
1.00000000016653e-07
1 -0.245 4.21485632768536e-33
0 0

0101101
*
Ed
 1.00000000016653e-07 1 1 0
2  26 135 0 0 6.28318530717959
1  213 0 0 6.28318530717959
0

0101000
+252 0 -252 0 *
Wi

0101100
-251 0 *
Fa
0  1e-07 18 0

0101000
+253 0 +250 0 *
Ve
1.00000000027756e-07
0.999999999999999 -0.245 -5
0 0

0101101
*
Ed
 1e-07 1 1 0
1  214 0 0 5
3  66 67G1 135 0 0 5
0

0101000
+252 0 -248 0 *
Ed
 1e-07 1 1 0
2  68 135 0 0 6.28318530717959
1  215 0 0 6.28318530717959
2  69 136 0 0 6.28318530717959
4 G1 135 0 136 0
0

0101000
+248 0 -248 0 *
Wi

0101100
-247 0 +251 0 +247 0 -246 0 *
Fa
0  1e-07 135 0

0101000
+245 0 *
Ve
1e-07
1 0.245 -5
0 0

0101101
*
Ed
 1e-07 1 1 0
1  216 0 0 3.14159265358979
3  105 106G1 136 0 0 3.14159265358979
0

0101000
+248 0 -243 0 *
Ed
 1e-07 1 1 0
2  108 137 0 3.14159265358979 9.42477796076938
1  217 0 3.14159265358979 9.42477796076938
2  107 136 0 3.14159265358979 9.42477796076938
4 G1 137 0 136 0
0

0101000
+243 0 -243 0 *
Wi

0101000
+242 0 +246 0 -242 0 +241 0 *
Fa
0  1e-07 136 0

0111000
+240 0 *
Wi

0101100
+700 0 *
Ve
1.00000000022749e-07
1 0.245000000000001 0
0 0

0101101
*
Ed
 1.00000000022749e-07 1 1 0
2  153 137 0 0 6.28318530717959
1  218 0 0 6.28318530717959
0

0101000
+237 0 -237 0 *
Wi

0101100
-236 0 *
Fa
0  1e-07 52 0

0101000
+238 0 +235 0 *
Ed
 1e-07 1 1 0
1  219 0 0 5
3  151 152G1 137 0 0 5
0

0101000
+243 0 -237 0 *
Wi

0101100
-233 0 -241 0 +233 0 -236 0 *
Fa
0  1e-07 137 0

0101000
+232 0 *
Sh

0101100
+798 0 +748 0 +698 0 -249 0 -244 0 -239 0 +234 0 -231 0 *
So

0100100
+230 0 *
Wi

0101100
+539 0 *
Ve
1.00000000016653e-07
-1 -0.245 4.21485632768536e-33
0 0

0101101
*
Ed
 1.00000000016653e-07 1 1 0
2  277 138 0 0 6.28318530717959
1  220 0 0 6.28318530717959
0

0101000
+227 0 -227 0 *
Wi

0101100
-226 0 *
Fa
0  1e-07 96 0

0101000
+228 0 +225 0 *
Ve
1.00000000027756e-07
-1 -0.245 -5
0 0

0101101
*
Ed
 1e-07 1 1 0
1  221 0 0 5
3  275 276G1 138 0 0 5
0

0101000
+227 0 -223 0 *
Ed
 1e-07 1 1 0
2  240 138 0 0 6.28318530717959
1  222 0 0 6.28318530717959
2  241 139 0 0 6.28318530717959
4 G1 138 0 139 0
0

0101000
+223 0 -223 0 *
Wi

0101100
-222 0 +226 0 +222 0 -221 0 *
Fa
0  1e-07 138 0

0101000
+220 0 *
Ve
1e-07
-1 0.245 -5
0 0

0101101
*
Ed
 1e-07 1 1 0
1  223 0 0 3.14159265358979
3  238 239G1 139 0 0 3.14159265358979
0

0101000
+223 0 -218 0 *
Ed
 1e-07 1 1 0
2  205 140 0 3.14159265358979 9.42477796076938
1  224 0 3.14159265358979 9.42477796076938
2  204 139 0 3.14159265358979 9.42477796076938
4 G1 140 0 139 0
0

0101000
+218 0 -218 0 *
Wi

0101000
+217 0 +221 0 -217 0 +216 0 *
Fa
0  1e-07 139 0

0111000
+215 0 *
Wi

0101100
+681 0 *
Ve
1.00000000022749e-07
-1 0.245000000000001 0
0 0

0101101
*
Ed
 1.00000000022749e-07 1 1 0
2  167 140 0 0 6.28318530717959
1  225 0 0 6.28318530717959
0

0101000
+212 0 -212 0 *
Wi

0101100
-211 0 *
Fa
0  1e-07 60 0

0101000
+213 0 +210 0 *
Ed
 1e-07 1 1 0
1  226 0 0 5
3  202 203G1 140 0 0 5
0

0101000
+218 0 -212 0 *
Wi

0101100
-208 0 -216 0 +208 0 -211 0 *
Fa
0  1e-07 140 0

0101000
+207 0 *
Sh

0101100
+537 0 +582 0 +629 0 -224 0 -219 0 -214 0 +209 0 -206 0 *
So

0100100
+205 0 *
Wi

0101100
+864 0 *
Ve
1.00000000016653e-07
1 -0.645 4.21485632768536e-33
0 0

0101101
*
Ed
 1.00000000016653e-07 1 1 0
2  20 141 0 0 6.28318530717959
1  227 0 0 6.28318530717959
0

0101000
+202 0 -202 0 *
Wi

0101100
-201 0 *
Fa
0  1e-07 14 0

0101000
+203 0 +200 0 *
Ve
1.00000000055511e-07
0.999999999999999 -0.645 -5.83333333333333
0 0

0101101
*
Ed
 1e-07 1 1 0
1  228 0 0 5.83333333333333
3  58 59G1 141 0 0 5.83333333333333
0

0101000
+202 0 -198 0 *
Ed
 1e-07 1 1 0
2  60 141 0 0 6.28318530717959
1  229 0 0 6.28318530717959
2  61 142 0 0 6.28318530717959
4 G1 141 0 142 0
0

0101000
+198 0 -198 0 *
Wi

0101100
-197 0 +201 0 +197 0 -196 0 *
Fa
0  1e-07 141 0

0101000
+195 0 *
Ve
1.00000000166533e-07
1 0.645 -5.83333333333333
0 0

0101101
*
Ed
 1e-07 1 1 0
1  230 0 0 3.14159265358979
3  97 98G1 142 0 0 3.14159265358979
0

0101000
+198 0 -193 0 *
Ed
 1e-07 1 1 0
2  100 143 0 3.14159265358979 9.42477796076938
1  231 0 3.14159265358979 9.42477796076938
2  99 142 0 3.14159265358979 9.42477796076938
4 G1 143 0 142 0
0

0101000
+193 0 -193 0 *
Wi

0101000
+192 0 +196 0 -192 0 +191 0 *
Fa
0  1e-07 142 0

0111000
+190 0 *
Wi

0101100
+710 0 *
Ve
1.00000002050047e-07
1 0.645 0
0 0

0101101
*
Ed
 1.00000000016653e-07 1 1 0
2  143 143 0 0 6.28318530717959
1  232 0 0 6.28318530717959
0

0101000
+187 0 -187 0 *
Wi

0101100
-186 0 *
Fa
0  1e-07 50 0

0101000
+188 0 +185 0 *
Ed
 1e-07 1 1 0
1  233 0 0 5.83333333333333
3  141 142G1 143 0 0 5.83333333333333
0

0101000
+193 0 -187 0 *
Wi

0101100
-183 0 -191 0 +183 0 -186 0 *
Fa
0  1e-07 143 0

0101000
+182 0 *
Sh

0101100
+808 0 +758 0 +708 0 -199 0 -194 0 -189 0 +184 0 -181 0 *
So

0100100
+180 0 *
Wi

0101100
+524 0 *
Ve
1.00000000016653e-07
-1 -0.645 4.21485632768536e-33
0 0

0101101
*
Ed
 1.00000000016653e-07 1 1 0
2  292 144 0 0 6.28318530717959
1  234 0 0 6.28318530717959
0

0101000
+177 0 -177 0 *
Wi

0101100
-176 0 *
Fa
0  1e-07 99 0

0101000
+178 0 +175 0 *
Ve
1.00000000055511e-07
-1 -0.645 -5.83333333333333
0 0

0101101
*
Ed
 1e-07 1 1 0
1  235 0 0 5.83333333333333
3  290 291G1 144 0 0 5.83333333333333
0

0101000
+177 0 -173 0 *
Ed
 1e-07 1 1 0
2  252 144 0 0 6.28318530717959
1  236 0 0 6.28318530717959
2  253 145 0 0 6.28318530717959
4 G1 144 0 145 0
0

0101000
+173 0 -173 0 *
Wi

0101100
-172 0 +176 0 +172 0 -171 0 *
Fa
0  1e-07 144 0

0101000
+170 0 *
Ve
1.00000000166533e-07
-1 0.645 -5.83333333333333
0 0

0101101
*
Ed
 1e-07 1 1 0
1  237 0 0 3.14159265358979
3  250 251G1 145 0 0 3.14159265358979
0

0101000
+173 0 -168 0 *
Ed
 1e-07 1 1 0
2  217 146 0 3.14159265358979 9.42477796076938
1  238 0 3.14159265358979 9.42477796076938
2  216 145 0 3.14159265358979 9.42477796076938
4 G1 146 0 145 0
0

0101000
+168 0 -168 0 *
Wi

0101000
+167 0 +171 0 -167 0 +166 0 *
Fa
0  1e-07 145 0

0111000
+165 0 *
Wi

0101100
+672 0 *
Ve
1.00000002050047e-07
-1 0.645 0
0 0

0101101
*
Ed
 1.00000000016653e-07 1 1 0
2  176 146 0 0 6.28318530717959
1  239 0 0 6.28318530717959
0

0101000
+162 0 -162 0 *
Wi

0101100
-161 0 *
Fa
0  1e-07 66 0

0101000
+163 0 +160 0 *
Ed
 1e-07 1 1 0
1  240 0 0 5.83333333333333
3  214 215G1 146 0 0 5.83333333333333
0

0101000
+168 0 -162 0 *
Wi

0101100
-158 0 -166 0 +158 0 -161 0 *
Fa
0  1e-07 146 0

0101000
+157 0 *
Sh

0101100
+522 0 +567 0 +614 0 -174 0 -169 0 -164 0 +159 0 -156 0 *
So

0100100
+155 0 *
Wi

0101100
+873 0 *
Ve
1.00000000016653e-07
1 -1.045 4.21485632768536e-33
0 0

0101101
*
Ed
 1.00000000016653e-07 1 1 0
2  11 147 0 0 6.28318530717959
1  241 0 0 6.28318530717959
0

0101000
+152 0 -152 0 *
Wi

0101100
-151 0 *
Fa
0  1e-07 8 0

0101000
+153 0 +150 0 *
Ve
1e-07
0.999999999999999 -1.045 -6.66666666666667
0 0

0101101
*
Ed
 1e-07 1 1 0
1  242 0 0 6.66666666666667
3  46 47G1 147 0 0 6.66666666666667
0

0101000
+152 0 -148 0 *
Ed
 1e-07 1 1 0
2  48 147 0 0 6.28318530717959
1  243 0 0 6.28318530717959
2  49 148 0 0 6.28318530717959
4 G1 147 0 148 0
0

0101000
+148 0 -148 0 *
Wi

0101100
-147 0 +151 0 +147 0 -146 0 *
Fa
0  1e-07 147 0

0101000
+145 0 *
Ve
1e-07
1 1.045 -6.66666666666667
0 0

0101101
*
Ed
 1e-07 1 1 0
1  244 0 0 3.14159265358979
3  85 86G1 148 0 0 3.14159265358979
0

0101000
+148 0 -143 0 *
Ed
 1e-07 1 1 0
2  88 149 0 3.14159265358979 9.42477796076938
1  245 0 3.14159265358979 9.42477796076938
2  87 148 0 3.14159265358979 9.42477796076938
4 G1 149 0 148 0
0

0101000
+143 0 -143 0 *
Wi

0101000
+142 0 +146 0 -142 0 +141 0 *
Fa
0  1e-07 148 0

0111000
+140 0 *
Wi

0101100
+725 0 *
Ve
1.00000000122465e-07
1 1.045 0
0 0

0101101
*
Ed
 1.00000000016653e-07 1 1 0
2  128 149 0 0 6.28318530717959
1  246 0 0 6.28318530717959
0

0101000
+137 0 -137 0 *
Wi

0101100
-136 0 *
Fa
0  1e-07 47 0

0101000
+138 0 +135 0 *
Ed
 1e-07 1 1 0
1  247 0 0 6.66666666666667
3  126 127G1 149 0 0 6.66666666666667
0

0101000
+143 0 -137 0 *
Wi

0101100
-133 0 -141 0 +133 0 -136 0 *
Fa
0  1e-07 149 0

0101000
+132 0 *
Sh

0101100
+823 0 +773 0 +723 0 -149 0 -144 0 -139 0 +134 0 -131 0 *
So

0100100
+130 0 *
Wi

0101100
+514 0 *
Ve
1.00000000016653e-07
-1 -1.045 4.21485632768536e-33
0 0

0101101
*
Ed
 1.00000000016653e-07 1 1 0
2  302 150 0 0 6.28318530717959
1  248 0 0 6.28318530717959
0

0101000
+127 0 -127 0 *
Wi

0101100
-126 0 *
Fa
0  1e-07 101 0

0101000
+128 0 +125 0 *
Ve
1e-07
-1 -1.045 -6.66666666666667
0 0

0101101
*
Ed
 1e-07 1 1 0
1  249 0 0 6.66666666666667
3  300 301G1 150 0 0 6.66666666666667
0

0101000
+127 0 -123 0 *
Ed
 1e-07 1 1 0
2  260 150 0 0 6.28318530717959
1  250 0 0 6.28318530717959
2  261 151 0 0 6.28318530717959
4 G1 150 0 151 0
0

0101000
+123 0 -123 0 *
Wi

0101100
-122 0 +126 0 +122 0 -121 0 *
Fa
0  1e-07 150 0

0101000
+120 0 *
Ve
1e-07
-1 1.045 -6.66666666666667
0 0

0101101
*
Ed
 1e-07 1 1 0
1  251 0 0 3.14159265358979
3  258 259G1 151 0 0 3.14159265358979
0

0101000
+123 0 -118 0 *
Ed
 1e-07 1 1 0
2  225 152 0 3.14159265358979 9.42477796076938
1  252 0 3.14159265358979 9.42477796076938
2  224 151 0 3.14159265358979 9.42477796076938
4 G1 152 0 151 0
0

0101000
+118 0 -118 0 *
Wi

0101000
+117 0 +121 0 -117 0 +116 0 *
Fa
0  1e-07 151 0

0111000
+115 0 *
Wi

0101100
+660 0 *
Ve
1.00000000122465e-07
-1 1.045 0
0 0

0101101
*
Ed
 1.00000000016653e-07 1 1 0
2  182 152 0 0 6.28318530717959
1  253 0 0 6.28318530717959
0

0101000
+112 0 -112 0 *
Wi

0101100
-111 0 *
Fa
0  1e-07 70 0

0101000
+113 0 +110 0 *
Ed
 1e-07 1 1 0
1  254 0 0 6.66666666666667
3  222 223G1 152 0 0 6.66666666666667
0

0101000
+118 0 -112 0 *
Wi

0101100
-108 0 -116 0 +108 0 -111 0 *
Fa
0  1e-07 152 0

0101000
+107 0 *
Sh

0101100
+512 0 +557 0 +604 0 -124 0 -119 0 -114 0 +109 0 -106 0 *
So

0100100
+105 0 *
Wi

0101100
+855 0 *
Ve
1.00000000016653e-07
1.6 -0.245 4.21485632768536e-33
0 0

0101101
*
Ed
 1.00000000016653e-07 1 1 0
2  29 153 0 0 6.28318530717959
1  255 0 0 6.28318530717959
0

0101000
+102 0 -102 0 *
Wi

0101100
-101 0 *
Fa
0  1e-07 20 0

0101000
+103 0 +100 0 *
Ve
1.00000000027756e-07
1.6 -0.245 -5
0 0

0101101
*
Ed
 1e-07 1 1 0
1  256 0 0 5
3  70 71G1 153 0 0 5
0

0101000
+102 0 -98 0 *
Ed
 1e-07 1 1 0
2  72 153 0 0 6.28318530717959
1  257 0 0 6.28318530717959
2  73 154 0 0 6.28318530717959
4 G1 153 0 154 0
0

0101000
+98 0 -98 0 *
Wi

0101100
-97 0 +101 0 +97 0 -96 0 *
Fa
0  1e-07 153 0

0101000
+95 0 *
Ve
1e-07
1.6 0.245 -5
0 0

0101101
*
Ed
 1e-07 1 1 0
1  258 0 0 3.14159265358979
3  109 110G1 154 0 0 3.14159265358979
0

0101000
+98 0 -93 0 *
Ed
 1e-07 1 1 0
2  112 155 0 3.14159265358979 9.42477796076938
1  259 0 3.14159265358979 9.42477796076938
2  111 154 0 3.14159265358979 9.42477796076938
4 G1 155 0 154 0
0

0101000
+93 0 -93 0 *
Wi

0101000
+92 0 +96 0 -92 0 +91 0 *
Fa
0  1e-07 154 0

0111000
+90 0 *
Wi

0101100
+695 0 *
Ve
1.00000000022749e-07
1.6 0.245000000000001 0
0 0

0101101
*
Ed
 1.00000000022749e-07 1 1 0
2  158 155 0 0 6.28318530717959
1  260 0 0 6.28318530717959
0

0101000
+87 0 -87 0 *
Wi

0101100
-86 0 *
Fa
0  1e-07 53 0

0101000
+88 0 +85 0 *
Ed
 1e-07 1 1 0
1  261 0 0 5
3  156 157G1 155 0 0 5
0

0101000
+93 0 -87 0 *
Wi

0101100
-83 0 -91 0 +83 0 -86 0 *
Fa
0  1e-07 155 0

0101000
+82 0 *
Sh

0101100
+793 0 +743 0 +693 0 -99 0 -94 0 -89 0 +84 0 -81 0 *
So

0100100
+80 0 *
Wi

0101100
+544 0 *
Ve
1.00000000016653e-07
-1.6 -0.245 4.21485632768536e-33
0 0

0101101
*
Ed
 1.00000000016653e-07 1 1 0
2  272 156 0 0 6.28318530717959
1  262 0 0 6.28318530717959
0

0101000
+77 0 -77 0 *
Wi

0101100
-76 0 *
Fa
0  1e-07 94 0

0101000
+78 0 +75 0 *
Ve
1.00000000027756e-07
-1.6 -0.245 -5
0 0

0101101
*
Ed
 1e-07 1 1 0
1  263 0 0 5
3  270 271G1 156 0 0 5
0

0101000
+77 0 -73 0 *
Ed
 1e-07 1 1 0
2  236 156 0 0 6.28318530717959
1  264 0 0 6.28318530717959
2  237 157 0 0 6.28318530717959
4 G1 156 0 157 0
0

0101000
+73 0 -73 0 *
Wi

0101100
-72 0 +76 0 +72 0 -71 0 *
Fa
0  1e-07 156 0

0101000
+70 0 *
Ve
1e-07
-1.6 0.245 -5
0 0

0101101
*
Ed
 1e-07 1 1 0
1  265 0 0 3.14159265358979
3  234 235G1 157 0 0 3.14159265358979
0

0101000
+73 0 -68 0 *
Ed
 1e-07 1 1 0
2  201 158 0 3.14159265358979 9.42477796076938
1  266 0 3.14159265358979 9.42477796076938
2  200 157 0 3.14159265358979 9.42477796076938
4 G1 158 0 157 0
0

0101000
+68 0 -68 0 *
Wi

0101000
+67 0 +71 0 -67 0 +66 0 *
Fa
0  1e-07 157 0

0111000
+65 0 *
Wi

0101100
+684 0 *
Ve
1.00000000022749e-07
-1.6 0.245000000000001 0
0 0

0101101
*
Ed
 1.00000000022749e-07 1 1 0
2  164 158 0 0 6.28318530717959
1  267 0 0 6.28318530717959
0

0101000
+62 0 -62 0 *
Wi

0101100
-61 0 *
Fa
0  1e-07 58 0

0101000
+63 0 +60 0 *
Ed
 1e-07 1 1 0
1  268 0 0 5
3  198 199G1 158 0 0 5
0

0101000
+68 0 -62 0 *
Wi

0101100
-58 0 -66 0 +58 0 -61 0 *
Fa
0  1e-07 158 0

0101000
+57 0 *
Sh

0101100
+542 0 +587 0 +634 0 -74 0 -69 0 -64 0 +59 0 -56 0 *
So

0100100
+55 0 *
Wi

0101100
+861 0 *
Ve
1.00000000016653e-07
1.6 -0.645 4.21485632768536e-33
0 0

0101101
*
Ed
 1.00000000016653e-07 1 1 0
2  23 159 0 0 6.28318530717959
1  269 0 0 6.28318530717959
0

0101000
+52 0 -52 0 *
Wi

0101100
-51 0 *
Fa
0  1e-07 16 0

0101000
+53 0 +50 0 *
Ve
1.00000000055511e-07
1.6 -0.645 -5.83333333333333
0 0

0101101
*
Ed
 1e-07 1 1 0
1  270 0 0 5.83333333333333
3  62 63G1 159 0 0 5.83333333333333
0

0101000
+52 0 -48 0 *
Ed
 1e-07 1 1 0
2  64 159 0 0 6.28318530717959
1  271 0 0 6.28318530717959
2  65 160 0 0 6.28318530717959
4 G1 159 0 160 0
0

0101000
+48 0 -48 0 *
Wi

0101100
-47 0 +51 0 +47 0 -46 0 *
Fa
0  1e-07 159 0

0101000
+45 0 *
Ve
1.00000000166533e-07
1.6 0.645 -5.83333333333333
0 0

0101101
*
Ed
 1e-07 1 1 0
1  272 0 0 3.14159265358979
3  101 102G1 160 0 0 3.14159265358979
0

0101000
+48 0 -43 0 *
Ed
 1e-07 1 1 0
2  104 161 0 3.14159265358979 9.42477796076938
1  273 0 3.14159265358979 9.42477796076938
2  103 160 0 3.14159265358979 9.42477796076938
4 G1 161 0 160 0
0

0101000
+43 0 -43 0 *
Wi

0101000
+42 0 +46 0 -42 0 +41 0 *
Fa
0  1e-07 160 0

0111000
+40 0 *
Wi

0101100
+705 0 *
Ve
1.00000002050047e-07
1.6 0.645 0
0 0

0101101
*
Ed
 1.00000000016653e-07 1 1 0
2  148 161 0 0 6.28318530717959
1  274 0 0 6.28318530717959
0

0101000
+37 0 -37 0 *
Wi

0101100
-36 0 *
Fa
0  1e-07 51 0

0101000
+38 0 +35 0 *
Ed
 1e-07 1 1 0
1  275 0 0 5.83333333333333
3  146 147G1 161 0 0 5.83333333333333
0

0101000
+43 0 -37 0 *
Wi

0101100
-33 0 -41 0 +33 0 -36 0 *
Fa
0  1e-07 161 0

0101000
+32 0 *
Sh

0101100
+803 0 +753 0 +703 0 -49 0 -44 0 -39 0 +34 0 -31 0 *
So

0100100
+30 0 *
Wi

0101100
+529 0 *
Ve
1.00000000016653e-07
-1.6 -0.645 4.21485632768536e-33
0 0

0101101
*
Ed
 1.00000000016653e-07 1 1 0
2  287 162 0 0 6.28318530717959
1  276 0 0 6.28318530717959
0

0101000
+27 0 -27 0 *
Wi

0101100
-26 0 *
Fa
0  1e-07 98 0

0101000
+28 0 +25 0 *
Ve
1.00000000055511e-07
-1.6 -0.645 -5.83333333333333
0 0

0101101
*
Ed
 1e-07 1 1 0
1  277 0 0 5.83333333333333
3  285 286G1 162 0 0 5.83333333333333
0

0101000
+27 0 -23 0 *
Ed
 1e-07 1 1 0
2  248 162 0 0 6.28318530717959
1  278 0 0 6.28318530717959
2  249 163 0 0 6.28318530717959
4 G1 162 0 163 0
0

0101000
+23 0 -23 0 *
Wi

0101100
-22 0 +26 0 +22 0 -21 0 *
Fa
0  1e-07 162 0

0101000
+20 0 *
Ve
1.00000000166533e-07
-1.6 0.645 -5.83333333333333
0 0

0101101
*
Ed
 1e-07 1 1 0
1  279 0 0 3.14159265358979
3  246 247G1 163 0 0 3.14159265358979
0

0101000
+23 0 -18 0 *
Ed
 1e-07 1 1 0
2  213 164 0 3.14159265358979 9.42477796076938
1  280 0 3.14159265358979 9.42477796076938
2  212 163 0 3.14159265358979 9.42477796076938
4 G1 164 0 163 0
0

0101000
+18 0 -18 0 *
Wi

0101000
+17 0 +21 0 -17 0 +16 0 *
Fa
0  1e-07 163 0

0111000
+15 0 *
Wi

0101100
+675 0 *
Ve
1.00000002050047e-07
-1.6 0.645 0
0 0

0101101
*
Ed
 1.00000000016653e-07 1 1 0
2  173 164 0 0 6.28318530717959
1  281 0 0 6.28318530717959
0

0101000
+12 0 -12 0 *
Wi

0101100
-11 0 *
Fa
0  1e-07 64 0

0101000
+13 0 +10 0 *
Ed
 1e-07 1 1 0
1  282 0 0 5.83333333333333
3  210 211G1 164 0 0 5.83333333333333
0

0101000
+18 0 -12 0 *
Wi

0101100
-8 0 -16 0 +8 0 -11 0 *
Fa
0  1e-07 164 0

0101000
+7 0 *
Sh

0101100
+527 0 +572 0 +619 0 -24 0 -19 0 -14 0 +9 0 -6 0 *
So

0100100
+5 0 *
Co

0100000
-429 0 -404 0 -379 0 -354 0 -329 0 -304 0 -279 0 -254 0 -229 0 -204 0 
-179 0 -154 0 -129 0 -104 0 -79 0 -54 0 -29 0 -4 0 *
Co

0100000
+3 0 *
Co

1100000
+454 0 +2 0 *

+1 0 