ISO-10303-21;
HEADER;
FILE_DESCRIPTION(('Open CASCADE Model'),'2;1');
FILE_NAME('Open CASCADE Shape Model','2026-04-01T14:13:00',('Author'),(
    'Open CASCADE'),'Open CASCADE STEP processor 7.8','Open CASCADE 7.8'
  ,'Unknown');
FILE_SCHEMA(('AUTOMOTIVE_DESIGN { 1 0 10303 214 1 1 1 1 }'));
ENDSEC;
DATA;
#1 = APPLICATION_PROTOCOL_DEFINITION('international standard',
  'automotive_design',2000,#2);
#2 = APPLICATION_CONTEXT(
  'core data for automotive mechanical design processes');
#3 = SHAPE_DEFINITION_REPRESENTATION(#4,#10);
#4 = PRODUCT_DEFINITION_SHAPE('','',#5);
#5 = PRODUCT_DEFINITION('design','',#6,#9);
#6 = PRODUCT_DEFINITION_FORMATION('','',#7);
#7 = PRODUCT('6b1da718-2df6-11f1-bba5-ba5fe48434cd',
  '6b1da718-2df6-11f1-bba5-ba5fe48434cd','',(#8));
#8 = PRODUCT_CONTEXT('',#2,'mechanical');
#9 = PRODUCT_DEFINITION_CONTEXT('part definition',#2,'design');
#10 = SHAPE_REPRESENTATION('',(#11,#15,#19),#23);
#11 = AXIS2_PLACEMENT_3D('',#12,#13,#14);
#12 = CARTESIAN_POINT('',(0.,0.,0.));
#13 = DIRECTION('',(0.,0.,1.));
#14 = DIRECTION('',(1.,0.,-0.));
#15 = AXIS2_PLACEMENT_3D('',#16,#17,#18);
#16 = CARTESIAN_POINT('',(0.,0.,0.));
#17 = DIRECTION('',(0.,0.,1.));
#18 = DIRECTION('',(1.,0.,-0.));
#19 = AXIS2_PLACEMENT_3D('',#20,#21,#22);
#20 = CARTESIAN_POINT('',(0.,0.,0.));
#21 = DIRECTION('',(0.,0.,1.));
#22 = DIRECTION('',(1.,0.,-0.));
#23 = ( GEOMETRIC_REPRESENTATION_CONTEXT(3) 
GLOBAL_UNCERTAINTY_ASSIGNED_CONTEXT((#27)) GLOBAL_UNIT_ASSIGNED_CONTEXT(
(#24,#25,#26)) REPRESENTATION_CONTEXT('Context #1',
  '3D Context with UNIT and UNCERTAINTY') );
#24 = ( LENGTH_UNIT() NAMED_UNIT(*) SI_UNIT(.MILLI.,.METRE.) );
#25 = ( NAMED_UNIT(*) PLANE_ANGLE_UNIT() SI_UNIT($,.RADIAN.) );
#26 = ( NAMED_UNIT(*) SI_UNIT($,.STERADIAN.) SOLID_ANGLE_UNIT() );
#27 = UNCERTAINTY_MEASURE_WITH_UNIT(LENGTH_MEASURE(1.E-07),#24,
  'distance_accuracy_value','confusion accuracy');
#28 = PRODUCT_RELATED_PRODUCT_CATEGORY('part',$,(#7));
#29 = SHAPE_DEFINITION_REPRESENTATION(#30,#36);
#30 = PRODUCT_DEFINITION_SHAPE('','',#31);
#31 = PRODUCT_DEFINITION('design','',#32,#35);
#32 = PRODUCT_DEFINITION_FORMATION('','',#33);
#33 = PRODUCT('fluid','fluid','',(#34));
#34 = PRODUCT_CONTEXT('',#2,'mechanical');
#35 = PRODUCT_DEFINITION_CONTEXT('part definition',#2,'design');
#36 = ADVANCED_BREP_SHAPE_REPRESENTATION('',(#11,#37),#4471);
#37 = MANIFOLD_SOLID_BREP('',#38);
#38 = CLOSED_SHELL('',(#39,#447,#523,#573,#600,#655,#710,#765,#820,#875,
    #930,#985,#1040,#1095,#1132,#1188,#1244,#1300,#1356,#1412,#1468,
    #1524,#1580,#1636,#1691,#1746,#1796,#1846,#1896,#1946,#1996,#2046,
    #2096,#2146,#2150,#2514,#2584,#2612,#2667,#2722,#2777,#2832,#2887,
    #2942,#2997,#3052,#3107,#3112,#3168,#3224,#3280,#3336,#3392,#3448,
    #3504,#3560,#3616,#3675,#3729,#3783,#3837,#3891,#3945,#3999,#4053,
    #4107,#4222,#4298,#4348,#4375,#4412,#4467));
#39 = ADVANCED_FACE('',(#40,#132,#167,#202,#237,#272,#307,#342,#377,#412
    ),#54,.F.);
#40 = FACE_BOUND('',#41,.F.);
#41 = EDGE_LOOP('',(#42,#77,#106));
#42 = ORIENTED_EDGE('',*,*,#43,.F.);
#43 = EDGE_CURVE('',#44,#46,#48,.T.);
#44 = VERTEX_POINT('',#45);
#45 = CARTESIAN_POINT('',(1.25E-02,-2.019998437499,0.));
#46 = VERTEX_POINT('',#47);
#47 = CARTESIAN_POINT('',(1.25E-02,-2.25E-02,0.));
#48 = SURFACE_CURVE('',#49,(#53,#65),.PCURVE_S1.);
#49 = LINE('',#50,#51);
#50 = CARTESIAN_POINT('',(1.25E-02,-1.E-02,0.));
#51 = VECTOR('',#52,1.);
#52 = DIRECTION('',(0.,1.,0.));
#53 = PCURVE('',#54,#59);
#54 = PLANE('',#55);
#55 = AXIS2_PLACEMENT_3D('',#56,#57,#58);
#56 = CARTESIAN_POINT('',(1.E-02,-2.E-02,0.));
#57 = DIRECTION('',(0.,0.,1.));
#58 = DIRECTION('',(1.,0.,-0.));
#59 = DEFINITIONAL_REPRESENTATION('',(#60),#64);
#60 = LINE('',#61,#62);
#61 = CARTESIAN_POINT('',(2.5E-03,1.E-02));
#62 = VECTOR('',#63,1.);
#63 = DIRECTION('',(0.,1.));
#64 = ( GEOMETRIC_REPRESENTATION_CONTEXT(2) 
PARAMETRIC_REPRESENTATION_CONTEXT() REPRESENTATION_CONTEXT('2D SPACE',''
  ) );
#65 = PCURVE('',#66,#71);
#66 = PLANE('',#67);
#67 = AXIS2_PLACEMENT_3D('',#68,#69,#70);
#68 = CARTESIAN_POINT('',(1.25E-02,0.,0.));
#69 = DIRECTION('',(1.,0.,0.));
#70 = DIRECTION('',(-0.,0.,1.));
#71 = DEFINITIONAL_REPRESENTATION('',(#72),#76);
#72 = LINE('',#73,#74);
#73 = CARTESIAN_POINT('',(0.,1.E-02));
#74 = VECTOR('',#75,1.);
#75 = DIRECTION('',(0.,-1.));
#76 = ( GEOMETRIC_REPRESENTATION_CONTEXT(2) 
PARAMETRIC_REPRESENTATION_CONTEXT() REPRESENTATION_CONTEXT('2D SPACE',''
  ) );
#77 = ORIENTED_EDGE('',*,*,#78,.T.);
#78 = EDGE_CURVE('',#44,#79,#81,.T.);
#79 = VERTEX_POINT('',#80);
#80 = CARTESIAN_POINT('',(2.009998437499,-2.25E-02,0.));
#81 = SURFACE_CURVE('',#82,(#87,#94),.PCURVE_S1.);
#82 = CIRCLE('',#83,2.);
#83 = AXIS2_PLACEMENT_3D('',#84,#85,#86);
#84 = CARTESIAN_POINT('',(1.E-02,-2.E-02,0.));
#85 = DIRECTION('',(0.,0.,1.));
#86 = DIRECTION('',(1.,0.,0.));
#87 = PCURVE('',#54,#88);
#88 = DEFINITIONAL_REPRESENTATION('',(#89),#93);
#89 = CIRCLE('',#90,2.);
#90 = AXIS2_PLACEMENT_2D('',#91,#92);
#91 = CARTESIAN_POINT('',(1.283695372223E-16,-1.734723475977E-16));
#92 = DIRECTION('',(1.,0.));
#93 = ( GEOMETRIC_REPRESENTATION_CONTEXT(2) 
PARAMETRIC_REPRESENTATION_CONTEXT() REPRESENTATION_CONTEXT('2D SPACE',''
  ) );
#94 = PCURVE('',#95,#100);
#95 = CYLINDRICAL_SURFACE('',#96,2.);
#96 = AXIS2_PLACEMENT_3D('',#97,#98,#99);
#97 = CARTESIAN_POINT('',(1.E-02,-2.E-02,0.));
#98 = DIRECTION('',(-0.,-0.,-1.));
#99 = DIRECTION('',(1.,0.,0.));
#100 = DEFINITIONAL_REPRESENTATION('',(#101),#105);
#101 = LINE('',#102,#103);
#102 = CARTESIAN_POINT('',(-0.,0.));
#103 = VECTOR('',#104,1.);
#104 = DIRECTION('',(-1.,0.));
#105 = ( GEOMETRIC_REPRESENTATION_CONTEXT(2) 
PARAMETRIC_REPRESENTATION_CONTEXT() REPRESENTATION_CONTEXT('2D SPACE',''
  ) );
#106 = ORIENTED_EDGE('',*,*,#107,.F.);
#107 = EDGE_CURVE('',#46,#79,#108,.T.);
#108 = SURFACE_CURVE('',#109,(#113,#120),.PCURVE_S1.);
#109 = LINE('',#110,#111);
#110 = CARTESIAN_POINT('',(1.E-02,-2.25E-02,0.));
#111 = VECTOR('',#112,1.);
#112 = DIRECTION('',(1.,0.,0.));
#113 = PCURVE('',#54,#114);
#114 = DEFINITIONAL_REPRESENTATION('',(#115),#119);
#115 = LINE('',#116,#117);
#116 = CARTESIAN_POINT('',(6.418476861114E-17,-2.5E-03));
#117 = VECTOR('',#118,1.);
#118 = DIRECTION('',(1.,0.));
#119 = ( GEOMETRIC_REPRESENTATION_CONTEXT(2) 
PARAMETRIC_REPRESENTATION_CONTEXT() REPRESENTATION_CONTEXT('2D SPACE',''
  ) );
#120 = PCURVE('',#121,#126);
#121 = PLANE('',#122);
#122 = AXIS2_PLACEMENT_3D('',#123,#124,#125);
#123 = CARTESIAN_POINT('',(1.E-02,-2.25E-02,0.));
#124 = DIRECTION('',(-0.,-1.,-0.));
#125 = DIRECTION('',(0.,0.,-1.));
#126 = DEFINITIONAL_REPRESENTATION('',(#127),#131);
#127 = LINE('',#128,#129);
#128 = CARTESIAN_POINT('',(0.,-6.418476861114E-17));
#129 = VECTOR('',#130,1.);
#130 = DIRECTION('',(0.,1.));
#131 = ( GEOMETRIC_REPRESENTATION_CONTEXT(2) 
PARAMETRIC_REPRESENTATION_CONTEXT() REPRESENTATION_CONTEXT('2D SPACE',''
  ) );
#132 = FACE_BOUND('',#133,.F.);
#133 = EDGE_LOOP('',(#134));
#134 = ORIENTED_EDGE('',*,*,#135,.T.);
#135 = EDGE_CURVE('',#136,#136,#138,.T.);
#136 = VERTEX_POINT('',#137);
#137 = CARTESIAN_POINT('',(0.4,-1.45,0.));
#138 = SURFACE_CURVE('',#139,(#144,#155),.PCURVE_S1.);
#139 = CIRCLE('',#140,0.15);
#140 = AXIS2_PLACEMENT_3D('',#141,#142,#143);
#141 = CARTESIAN_POINT('',(0.4,-1.6,0.));
#142 = DIRECTION('',(-1.110223024625E-16,1.232595164408E-32,-1.));
#143 = DIRECTION('',(1.110223024625E-16,1.,0.));
#144 = PCURVE('',#54,#145);
#145 = DEFINITIONAL_REPRESENTATION('',(#146),#154);
#146 = ( BOUNDED_CURVE() B_SPLINE_CURVE(2,(#147,#148,#149,#150,#151,#152
,#153),.UNSPECIFIED.,.T.,.F.) B_SPLINE_CURVE_WITH_KNOTS((1,2,2,2,2,1),(
    -2.094395102393,0.,2.094395102393,4.188790204786,6.28318530718,
8.377580409573),.UNSPECIFIED.) CURVE() GEOMETRIC_REPRESENTATION_ITEM() 
RATIONAL_B_SPLINE_CURVE((1.,0.5,1.,0.5,1.,0.5,1.)) REPRESENTATION_ITEM(
  '') );
#147 = CARTESIAN_POINT('',(0.39,-1.43));
#148 = CARTESIAN_POINT('',(0.649807621135,-1.43));
#149 = CARTESIAN_POINT('',(0.519903810568,-1.655));
#150 = CARTESIAN_POINT('',(0.39,-1.88));
#151 = CARTESIAN_POINT('',(0.260096189432,-1.655));
#152 = CARTESIAN_POINT('',(0.130192378865,-1.43));
#153 = CARTESIAN_POINT('',(0.39,-1.43));
#154 = ( GEOMETRIC_REPRESENTATION_CONTEXT(2) 
PARAMETRIC_REPRESENTATION_CONTEXT() REPRESENTATION_CONTEXT('2D SPACE',''
  ) );
#155 = PCURVE('',#156,#161);
#156 = CYLINDRICAL_SURFACE('',#157,0.15);
#157 = AXIS2_PLACEMENT_3D('',#158,#159,#160);
#158 = CARTESIAN_POINT('',(0.4,-1.6,0.));
#159 = DIRECTION('',(-1.110223024625E-16,1.232595164408E-32,-1.));
#160 = DIRECTION('',(1.110223024625E-16,1.,0.));
#161 = DEFINITIONAL_REPRESENTATION('',(#162),#166);
#162 = LINE('',#163,#164);
#163 = CARTESIAN_POINT('',(0.,0.));
#164 = VECTOR('',#165,1.);
#165 = DIRECTION('',(1.,0.));
#166 = ( GEOMETRIC_REPRESENTATION_CONTEXT(2) 
PARAMETRIC_REPRESENTATION_CONTEXT() REPRESENTATION_CONTEXT('2D SPACE',''
  ) );
#167 = FACE_BOUND('',#168,.F.);
#168 = EDGE_LOOP('',(#169));
#169 = ORIENTED_EDGE('',*,*,#170,.T.);
#170 = EDGE_CURVE('',#171,#171,#173,.T.);
#171 = VERTEX_POINT('',#172);
#172 = CARTESIAN_POINT('',(0.4,-1.05,0.));
#173 = SURFACE_CURVE('',#174,(#179,#190),.PCURVE_S1.);
#174 = CIRCLE('',#175,0.15);
#175 = AXIS2_PLACEMENT_3D('',#176,#177,#178);
#176 = CARTESIAN_POINT('',(0.4,-1.2,0.));
#177 = DIRECTION('',(-1.110223024625E-16,1.232595164408E-32,-1.));
#178 = DIRECTION('',(1.110223024625E-16,1.,0.));
#179 = PCURVE('',#54,#180);
#180 = DEFINITIONAL_REPRESENTATION('',(#181),#189);
#181 = ( BOUNDED_CURVE() B_SPLINE_CURVE(2,(#182,#183,#184,#185,#186,#187
,#188),.UNSPECIFIED.,.T.,.F.) B_SPLINE_CURVE_WITH_KNOTS((1,2,2,2,2,1),(
    -2.094395102393,0.,2.094395102393,4.188790204786,6.28318530718,
8.377580409573),.UNSPECIFIED.) CURVE() GEOMETRIC_REPRESENTATION_ITEM() 
RATIONAL_B_SPLINE_CURVE((1.,0.5,1.,0.5,1.,0.5,1.)) REPRESENTATION_ITEM(
  '') );
#182 = CARTESIAN_POINT('',(0.39,-1.03));
#183 = CARTESIAN_POINT('',(0.649807621135,-1.03));
#184 = CARTESIAN_POINT('',(0.519903810568,-1.255));
#185 = CARTESIAN_POINT('',(0.39,-1.48));
#186 = CARTESIAN_POINT('',(0.260096189432,-1.255));
#187 = CARTESIAN_POINT('',(0.130192378865,-1.03));
#188 = CARTESIAN_POINT('',(0.39,-1.03));
#189 = ( GEOMETRIC_REPRESENTATION_CONTEXT(2) 
PARAMETRIC_REPRESENTATION_CONTEXT() REPRESENTATION_CONTEXT('2D SPACE',''
  ) );
#190 = PCURVE('',#191,#196);
#191 = CYLINDRICAL_SURFACE('',#192,0.15);
#192 = AXIS2_PLACEMENT_3D('',#193,#194,#195);
#193 = CARTESIAN_POINT('',(0.4,-1.2,0.));
#194 = DIRECTION('',(-1.110223024625E-16,1.232595164408E-32,-1.));
#195 = DIRECTION('',(1.110223024625E-16,1.,0.));
#196 = DEFINITIONAL_REPRESENTATION('',(#197),#201);
#197 = LINE('',#198,#199);
#198 = CARTESIAN_POINT('',(0.,0.));
#199 = VECTOR('',#200,1.);
#200 = DIRECTION('',(1.,0.));
#201 = ( GEOMETRIC_REPRESENTATION_CONTEXT(2) 
PARAMETRIC_REPRESENTATION_CONTEXT() REPRESENTATION_CONTEXT('2D SPACE',''
  ) );
#202 = FACE_BOUND('',#203,.F.);
#203 = EDGE_LOOP('',(#204));
#204 = ORIENTED_EDGE('',*,*,#205,.T.);
#205 = EDGE_CURVE('',#206,#206,#208,.T.);
#206 = VERTEX_POINT('',#207);
#207 = CARTESIAN_POINT('',(1.,-1.05,0.));
#208 = SURFACE_CURVE('',#209,(#214,#225),.PCURVE_S1.);
#209 = CIRCLE('',#210,0.15);
#210 = AXIS2_PLACEMENT_3D('',#211,#212,#213);
#211 = CARTESIAN_POINT('',(1.,-1.2,0.));
#212 = DIRECTION('',(-1.110223024625E-16,1.232595164408E-32,-1.));
#213 = DIRECTION('',(1.110223024625E-16,1.,0.));
#214 = PCURVE('',#54,#215);
#215 = DEFINITIONAL_REPRESENTATION('',(#216),#224);
#216 = ( BOUNDED_CURVE() B_SPLINE_CURVE(2,(#217,#218,#219,#220,#221,#222
,#223),.UNSPECIFIED.,.T.,.F.) B_SPLINE_CURVE_WITH_KNOTS((1,2,2,2,2,1),(
    -2.094395102393,0.,2.094395102393,4.188790204786,6.28318530718,
8.377580409573),.UNSPECIFIED.) CURVE() GEOMETRIC_REPRESENTATION_ITEM() 
RATIONAL_B_SPLINE_CURVE((1.,0.5,1.,0.5,1.,0.5,1.)) REPRESENTATION_ITEM(
  '') );
#217 = CARTESIAN_POINT('',(0.99,-1.03));
#218 = CARTESIAN_POINT('',(1.249807621135,-1.03));
#219 = CARTESIAN_POINT('',(1.119903810568,-1.255));
#220 = CARTESIAN_POINT('',(0.99,-1.48));
#221 = CARTESIAN_POINT('',(0.860096189432,-1.255));
#222 = CARTESIAN_POINT('',(0.730192378865,-1.03));
#223 = CARTESIAN_POINT('',(0.99,-1.03));
#224 = ( GEOMETRIC_REPRESENTATION_CONTEXT(2) 
PARAMETRIC_REPRESENTATION_CONTEXT() REPRESENTATION_CONTEXT('2D SPACE',''
  ) );
#225 = PCURVE('',#226,#231);
#226 = CYLINDRICAL_SURFACE('',#227,0.15);
#227 = AXIS2_PLACEMENT_3D('',#228,#229,#230);
#228 = CARTESIAN_POINT('',(1.,-1.2,0.));
#229 = DIRECTION('',(-1.110223024625E-16,1.232595164408E-32,-1.));
#230 = DIRECTION('',(1.110223024625E-16,1.,0.));
#231 = DEFINITIONAL_REPRESENTATION('',(#232),#236);
#232 = LINE('',#233,#234);
#233 = CARTESIAN_POINT('',(0.,0.));
#234 = VECTOR('',#235,1.);
#235 = DIRECTION('',(1.,0.));
#236 = ( GEOMETRIC_REPRESENTATION_CONTEXT(2) 
PARAMETRIC_REPRESENTATION_CONTEXT() REPRESENTATION_CONTEXT('2D SPACE',''
  ) );
#237 = FACE_BOUND('',#238,.F.);
#238 = EDGE_LOOP('',(#239));
#239 = ORIENTED_EDGE('',*,*,#240,.T.);
#240 = EDGE_CURVE('',#241,#241,#243,.T.);
#241 = VERTEX_POINT('',#242);
#242 = CARTESIAN_POINT('',(0.4,-0.65,0.));
#243 = SURFACE_CURVE('',#244,(#249,#260),.PCURVE_S1.);
#244 = CIRCLE('',#245,0.15);
#245 = AXIS2_PLACEMENT_3D('',#246,#247,#248);
#246 = CARTESIAN_POINT('',(0.4,-0.8,0.));
#247 = DIRECTION('',(-1.110223024625E-16,1.232595164408E-32,-1.));
#248 = DIRECTION('',(1.110223024625E-16,1.,0.));
#249 = PCURVE('',#54,#250);
#250 = DEFINITIONAL_REPRESENTATION('',(#251),#259);
#251 = ( BOUNDED_CURVE() B_SPLINE_CURVE(2,(#252,#253,#254,#255,#256,#257
,#258),.UNSPECIFIED.,.T.,.F.) B_SPLINE_CURVE_WITH_KNOTS((1,2,2,2,2,1),(
    -2.094395102393,0.,2.094395102393,4.188790204786,6.28318530718,
8.377580409573),.UNSPECIFIED.) CURVE() GEOMETRIC_REPRESENTATION_ITEM() 
RATIONAL_B_SPLINE_CURVE((1.,0.5,1.,0.5,1.,0.5,1.)) REPRESENTATION_ITEM(
  '') );
#252 = CARTESIAN_POINT('',(0.39,-0.63));
#253 = CARTESIAN_POINT('',(0.649807621135,-0.63));
#254 = CARTESIAN_POINT('',(0.519903810568,-0.855));
#255 = CARTESIAN_POINT('',(0.39,-1.08));
#256 = CARTESIAN_POINT('',(0.260096189432,-0.855));
#257 = CARTESIAN_POINT('',(0.130192378865,-0.63));
#258 = CARTESIAN_POINT('',(0.39,-0.63));
#259 = ( GEOMETRIC_REPRESENTATION_CONTEXT(2) 
PARAMETRIC_REPRESENTATION_CONTEXT() REPRESENTATION_CONTEXT('2D SPACE',''
  ) );
#260 = PCURVE('',#261,#266);
#261 = CYLINDRICAL_SURFACE('',#262,0.15);
#262 = AXIS2_PLACEMENT_3D('',#263,#264,#265);
#263 = CARTESIAN_POINT('',(0.4,-0.8,0.));
#264 = DIRECTION('',(-1.110223024625E-16,1.232595164408E-32,-1.));
#265 = DIRECTION('',(1.110223024625E-16,1.,0.));
#266 = DEFINITIONAL_REPRESENTATION('',(#267),#271);
#267 = LINE('',#268,#269);
#268 = CARTESIAN_POINT('',(0.,0.));
#269 = VECTOR('',#270,1.);
#270 = DIRECTION('',(1.,0.));
#271 = ( GEOMETRIC_REPRESENTATION_CONTEXT(2) 
PARAMETRIC_REPRESENTATION_CONTEXT() REPRESENTATION_CONTEXT('2D SPACE',''
  ) );
#272 = FACE_BOUND('',#273,.F.);
#273 = EDGE_LOOP('',(#274));
#274 = ORIENTED_EDGE('',*,*,#275,.T.);
#275 = EDGE_CURVE('',#276,#276,#278,.T.);
#276 = VERTEX_POINT('',#277);
#277 = CARTESIAN_POINT('',(0.4,-0.25,0.));
#278 = SURFACE_CURVE('',#279,(#284,#295),.PCURVE_S1.);
#279 = CIRCLE('',#280,0.15);
#280 = AXIS2_PLACEMENT_3D('',#281,#282,#283);
#281 = CARTESIAN_POINT('',(0.4,-0.4,0.));
#282 = DIRECTION('',(-1.110223024625E-16,1.232595164408E-32,-1.));
#283 = DIRECTION('',(1.110223024625E-16,1.,0.));
#284 = PCURVE('',#54,#285);
#285 = DEFINITIONAL_REPRESENTATION('',(#286),#294);
#286 = ( BOUNDED_CURVE() B_SPLINE_CURVE(2,(#287,#288,#289,#290,#291,#292
,#293),.UNSPECIFIED.,.T.,.F.) B_SPLINE_CURVE_WITH_KNOTS((1,2,2,2,2,1),(
    -2.094395102393,0.,2.094395102393,4.188790204786,6.28318530718,
8.377580409573),.UNSPECIFIED.) CURVE() GEOMETRIC_REPRESENTATION_ITEM() 
RATIONAL_B_SPLINE_CURVE((1.,0.5,1.,0.5,1.,0.5,1.)) REPRESENTATION_ITEM(
  '') );
#287 = CARTESIAN_POINT('',(0.39,-0.23));
#288 = CARTESIAN_POINT('',(0.649807621135,-0.23));
#289 = CARTESIAN_POINT('',(0.519903810568,-0.455));
#290 = CARTESIAN_POINT('',(0.39,-0.68));
#291 = CARTESIAN_POINT('',(0.260096189432,-0.455));
#292 = CARTESIAN_POINT('',(0.130192378865,-0.23));
#293 = CARTESIAN_POINT('',(0.39,-0.23));
#294 = ( GEOMETRIC_REPRESENTATION_CONTEXT(2) 
PARAMETRIC_REPRESENTATION_CONTEXT() REPRESENTATION_CONTEXT('2D SPACE',''
  ) );
#295 = PCURVE('',#296,#301);
#296 = CYLINDRICAL_SURFACE('',#297,0.15);
#297 = AXIS2_PLACEMENT_3D('',#298,#299,#300);
#298 = CARTESIAN_POINT('',(0.4,-0.4,0.));
#299 = DIRECTION('',(-1.110223024625E-16,1.232595164408E-32,-1.));
#300 = DIRECTION('',(1.110223024625E-16,1.,0.));
#301 = DEFINITIONAL_REPRESENTATION('',(#302),#306);
#302 = LINE('',#303,#304);
#303 = CARTESIAN_POINT('',(0.,0.));
#304 = VECTOR('',#305,1.);
#305 = DIRECTION('',(1.,0.));
#306 = ( GEOMETRIC_REPRESENTATION_CONTEXT(2) 
PARAMETRIC_REPRESENTATION_CONTEXT() REPRESENTATION_CONTEXT('2D SPACE',''
  ) );
#307 = FACE_BOUND('',#308,.F.);
#308 = EDGE_LOOP('',(#309));
#309 = ORIENTED_EDGE('',*,*,#310,.T.);
#310 = EDGE_CURVE('',#311,#311,#313,.T.);
#311 = VERTEX_POINT('',#312);
#312 = CARTESIAN_POINT('',(1.,-0.65,0.));
#313 = SURFACE_CURVE('',#314,(#319,#330),.PCURVE_S1.);
#314 = CIRCLE('',#315,0.15);
#315 = AXIS2_PLACEMENT_3D('',#316,#317,#318);
#316 = CARTESIAN_POINT('',(1.,-0.8,0.));
#317 = DIRECTION('',(-1.110223024625E-16,1.232595164408E-32,-1.));
#318 = DIRECTION('',(1.110223024625E-16,1.,0.));
#319 = PCURVE('',#54,#320);
#320 = DEFINITIONAL_REPRESENTATION('',(#321),#329);
#321 = ( BOUNDED_CURVE() B_SPLINE_CURVE(2,(#322,#323,#324,#325,#326,#327
,#328),.UNSPECIFIED.,.T.,.F.) B_SPLINE_CURVE_WITH_KNOTS((1,2,2,2,2,1),(
    -2.094395102393,0.,2.094395102393,4.188790204786,6.28318530718,
8.377580409573),.UNSPECIFIED.) CURVE() GEOMETRIC_REPRESENTATION_ITEM() 
RATIONAL_B_SPLINE_CURVE((1.,0.5,1.,0.5,1.,0.5,1.)) REPRESENTATION_ITEM(
  '') );
#322 = CARTESIAN_POINT('',(0.99,-0.63));
#323 = CARTESIAN_POINT('',(1.249807621135,-0.63));
#324 = CARTESIAN_POINT('',(1.119903810568,-0.855));
#325 = CARTESIAN_POINT('',(0.99,-1.08));
#326 = CARTESIAN_POINT('',(0.860096189432,-0.855));
#327 = CARTESIAN_POINT('',(0.730192378865,-0.63));
#328 = CARTESIAN_POINT('',(0.99,-0.63));
#329 = ( GEOMETRIC_REPRESENTATION_CONTEXT(2) 
PARAMETRIC_REPRESENTATION_CONTEXT() REPRESENTATION_CONTEXT('2D SPACE',''
  ) );
#330 = PCURVE('',#331,#336);
#331 = CYLINDRICAL_SURFACE('',#332,0.15);
#332 = AXIS2_PLACEMENT_3D('',#333,#334,#335);
#333 = CARTESIAN_POINT('',(1.,-0.8,0.));
#334 = DIRECTION('',(-1.110223024625E-16,1.232595164408E-32,-1.));
#335 = DIRECTION('',(1.110223024625E-16,1.,0.));
#336 = DEFINITIONAL_REPRESENTATION('',(#337),#341);
#337 = LINE('',#338,#339);
#338 = CARTESIAN_POINT('',(0.,0.));
#339 = VECTOR('',#340,1.);
#340 = DIRECTION('',(1.,0.));
#341 = ( GEOMETRIC_REPRESENTATION_CONTEXT(2) 
PARAMETRIC_REPRESENTATION_CONTEXT() REPRESENTATION_CONTEXT('2D SPACE',''
  ) );
#342 = FACE_BOUND('',#343,.F.);
#343 = EDGE_LOOP('',(#344));
#344 = ORIENTED_EDGE('',*,*,#345,.T.);
#345 = EDGE_CURVE('',#346,#346,#348,.T.);
#346 = VERTEX_POINT('',#347);
#347 = CARTESIAN_POINT('',(1.6,-0.65,0.));
#348 = SURFACE_CURVE('',#349,(#354,#365),.PCURVE_S1.);
#349 = CIRCLE('',#350,0.15);
#350 = AXIS2_PLACEMENT_3D('',#351,#352,#353);
#351 = CARTESIAN_POINT('',(1.6,-0.8,0.));
#352 = DIRECTION('',(-1.110223024625E-16,1.232595164408E-32,-1.));
#353 = DIRECTION('',(1.110223024625E-16,1.,0.));
#354 = PCURVE('',#54,#355);
#355 = DEFINITIONAL_REPRESENTATION('',(#356),#364);
#356 = ( BOUNDED_CURVE() B_SPLINE_CURVE(2,(#357,#358,#359,#360,#361,#362
,#363),.UNSPECIFIED.,.T.,.F.) B_SPLINE_CURVE_WITH_KNOTS((1,2,2,2,2,1),(
    -2.094395102393,0.,2.094395102393,4.188790204786,6.28318530718,
8.377580409573),.UNSPECIFIED.) CURVE() GEOMETRIC_REPRESENTATION_ITEM() 
RATIONAL_B_SPLINE_CURVE((1.,0.5,1.,0.5,1.,0.5,1.)) REPRESENTATION_ITEM(
  '') );
#357 = CARTESIAN_POINT('',(1.59,-0.63));
#358 = CARTESIAN_POINT('',(1.849807621135,-0.63));
#359 = CARTESIAN_POINT('',(1.719903810568,-0.855));
#360 = CARTESIAN_POINT('',(1.59,-1.08));
#361 = CARTESIAN_POINT('',(1.460096189432,-0.855));
#362 = CARTESIAN_POINT('',(1.330192378865,-0.63));
#363 = CARTESIAN_POINT('',(1.59,-0.63));
#364 = ( GEOMETRIC_REPRESENTATION_CONTEXT(2) 
PARAMETRIC_REPRESENTATION_CONTEXT() REPRESENTATION_CONTEXT('2D SPACE',''
  ) );
#365 = PCURVE('',#366,#371);
#366 = CYLINDRICAL_SURFACE('',#367,0.15);
#367 = AXIS2_PLACEMENT_3D('',#368,#369,#370);
#368 = CARTESIAN_POINT('',(1.6,-0.8,0.));
#369 = DIRECTION('',(-1.110223024625E-16,1.232595164408E-32,-1.));
#370 = DIRECTION('',(1.110223024625E-16,1.,0.));
#371 = DEFINITIONAL_REPRESENTATION('',(#372),#376);
#372 = LINE('',#373,#374);
#373 = CARTESIAN_POINT('',(0.,0.));
#374 = VECTOR('',#375,1.);
#375 = DIRECTION('',(1.,0.));
#376 = ( GEOMETRIC_REPRESENTATION_CONTEXT(2) 
PARAMETRIC_REPRESENTATION_CONTEXT() REPRESENTATION_CONTEXT('2D SPACE',''
  ) );
#377 = FACE_BOUND('',#378,.F.);
#378 = EDGE_LOOP('',(#379));
#379 = ORIENTED_EDGE('',*,*,#380,.T.);
#380 = EDGE_CURVE('',#381,#381,#383,.T.);
#381 = VERTEX_POINT('',#382);
#382 = CARTESIAN_POINT('',(1.,-0.25,0.));
#383 = SURFACE_CURVE('',#384,(#389,#400),.PCURVE_S1.);
#384 = CIRCLE('',#385,0.15);
#385 = AXIS2_PLACEMENT_3D('',#386,#387,#388);
#386 = CARTESIAN_POINT('',(1.,-0.4,0.));
#387 = DIRECTION('',(-1.110223024625E-16,1.232595164408E-32,-1.));
#388 = DIRECTION('',(1.110223024625E-16,1.,0.));
#389 = PCURVE('',#54,#390);
#390 = DEFINITIONAL_REPRESENTATION('',(#391),#399);
#391 = ( BOUNDED_CURVE() B_SPLINE_CURVE(2,(#392,#393,#394,#395,#396,#397
,#398),.UNSPECIFIED.,.T.,.F.) B_SPLINE_CURVE_WITH_KNOTS((1,2,2,2,2,1),(
    -2.094395102393,0.,2.094395102393,4.188790204786,6.28318530718,
8.377580409573),.UNSPECIFIED.) CURVE() GEOMETRIC_REPRESENTATION_ITEM() 
RATIONAL_B_SPLINE_CURVE((1.,0.5,1.,0.5,1.,0.5,1.)) REPRESENTATION_ITEM(
  '') );
#392 = CARTESIAN_POINT('',(0.99,-0.23));
#393 = CARTESIAN_POINT('',(1.249807621135,-0.23));
#394 = CARTESIAN_POINT('',(1.119903810568,-0.455));
#395 = CARTESIAN_POINT('',(0.99,-0.68));
#396 = CARTESIAN_POINT('',(0.860096189432,-0.455));
#397 = CARTESIAN_POINT('',(0.730192378865,-0.23));
#398 = CARTESIAN_POINT('',(0.99,-0.23));
#399 = ( GEOMETRIC_REPRESENTATION_CONTEXT(2) 
PARAMETRIC_REPRESENTATION_CONTEXT() REPRESENTATION_CONTEXT('2D SPACE',''
  ) );
#400 = PCURVE('',#401,#406);
#401 = CYLINDRICAL_SURFACE('',#402,0.15);
#402 = AXIS2_PLACEMENT_3D('',#403,#404,#405);
#403 = CARTESIAN_POINT('',(1.,-0.4,0.));
#404 = DIRECTION('',(-1.110223024625E-16,1.232595164408E-32,-1.));
#405 = DIRECTION('',(1.110223024625E-16,1.,0.));
#406 = DEFINITIONAL_REPRESENTATION('',(#407),#411);
#407 = LINE('',#408,#409);
#408 = CARTESIAN_POINT('',(0.,0.));
#409 = VECTOR('',#410,1.);
#410 = DIRECTION('',(1.,0.));
#411 = ( GEOMETRIC_REPRESENTATION_CONTEXT(2) 
PARAMETRIC_REPRESENTATION_CONTEXT() REPRESENTATION_CONTEXT('2D SPACE',''
  ) );
#412 = FACE_BOUND('',#413,.F.);
#413 = EDGE_LOOP('',(#414));
#414 = ORIENTED_EDGE('',*,*,#415,.T.);
#415 = EDGE_CURVE('',#416,#416,#418,.T.);
#416 = VERTEX_POINT('',#417);
#417 = CARTESIAN_POINT('',(1.6,-0.25,0.));
#418 = SURFACE_CURVE('',#419,(#424,#435),.PCURVE_S1.);
#419 = CIRCLE('',#420,0.15);
#420 = AXIS2_PLACEMENT_3D('',#421,#422,#423);
#421 = CARTESIAN_POINT('',(1.6,-0.4,0.));
#422 = DIRECTION('',(-1.110223024625E-16,1.232595164408E-32,-1.));
#423 = DIRECTION('',(1.110223024625E-16,1.,0.));
#424 = PCURVE('',#54,#425);
#425 = DEFINITIONAL_REPRESENTATION('',(#426),#434);
#426 = ( BOUNDED_CURVE() B_SPLINE_CURVE(2,(#427,#428,#429,#430,#431,#432
,#433),.UNSPECIFIED.,.T.,.F.) B_SPLINE_CURVE_WITH_KNOTS((1,2,2,2,2,1),(
    -2.094395102393,0.,2.094395102393,4.188790204786,6.28318530718,
8.377580409573),.UNSPECIFIED.) CURVE() GEOMETRIC_REPRESENTATION_ITEM() 
RATIONAL_B_SPLINE_CURVE((1.,0.5,1.,0.5,1.,0.5,1.)) REPRESENTATION_ITEM(
  '') );
#427 = CARTESIAN_POINT('',(1.59,-0.23));
#428 = CARTESIAN_POINT('',(1.849807621135,-0.23));
#429 = CARTESIAN_POINT('',(1.719903810568,-0.455));
#430 = CARTESIAN_POINT('',(1.59,-0.68));
#431 = CARTESIAN_POINT('',(1.460096189432,-0.455));
#432 = CARTESIAN_POINT('',(1.330192378865,-0.23));
#433 = CARTESIAN_POINT('',(1.59,-0.23));
#434 = ( GEOMETRIC_REPRESENTATION_CONTEXT(2) 
PARAMETRIC_REPRESENTATION_CONTEXT() REPRESENTATION_CONTEXT('2D SPACE',''
  ) );
#435 = PCURVE('',#436,#441);
#436 = CYLINDRICAL_SURFACE('',#437,0.15);
#437 = AXIS2_PLACEMENT_3D('',#438,#439,#440);
#438 = CARTESIAN_POINT('',(1.6,-0.4,0.));
#439 = DIRECTION('',(-1.110223024625E-16,1.232595164408E-32,-1.));
#440 = DIRECTION('',(1.110223024625E-16,1.,0.));
#441 = DEFINITIONAL_REPRESENTATION('',(#442),#446);
#442 = LINE('',#443,#444);
#443 = CARTESIAN_POINT('',(0.,0.));
#444 = VECTOR('',#445,1.);
#445 = DIRECTION('',(1.,0.));
#446 = ( GEOMETRIC_REPRESENTATION_CONTEXT(2) 
PARAMETRIC_REPRESENTATION_CONTEXT() REPRESENTATION_CONTEXT('2D SPACE',''
  ) );
#447 = ADVANCED_FACE('',(#448),#66,.F.);
#448 = FACE_BOUND('',#449,.F.);
#449 = EDGE_LOOP('',(#450,#473,#474,#497));
#450 = ORIENTED_EDGE('',*,*,#451,.T.);
#451 = EDGE_CURVE('',#452,#44,#454,.T.);
#452 = VERTEX_POINT('',#453);
#453 = CARTESIAN_POINT('',(1.25E-02,-2.019998437499,1.5));
#454 = SURFACE_CURVE('',#455,(#459,#466),.PCURVE_S1.);
#455 = LINE('',#456,#457);
#456 = CARTESIAN_POINT('',(1.25E-02,-2.019998437499,0.));
#457 = VECTOR('',#458,1.);
#458 = DIRECTION('',(-0.,-0.,-1.));
#459 = PCURVE('',#66,#460);
#460 = DEFINITIONAL_REPRESENTATION('',(#461),#465);
#461 = LINE('',#462,#463);
#462 = CARTESIAN_POINT('',(0.,2.019998437499));
#463 = VECTOR('',#464,1.);
#464 = DIRECTION('',(-1.,0.));
#465 = ( GEOMETRIC_REPRESENTATION_CONTEXT(2) 
PARAMETRIC_REPRESENTATION_CONTEXT() REPRESENTATION_CONTEXT('2D SPACE',''
  ) );
#466 = PCURVE('',#95,#467);
#467 = DEFINITIONAL_REPRESENTATION('',(#468),#472);
#468 = LINE('',#469,#470);
#469 = CARTESIAN_POINT('',(-4.71363898071,0.));
#470 = VECTOR('',#471,1.);
#471 = DIRECTION('',(-0.,1.));
#472 = ( GEOMETRIC_REPRESENTATION_CONTEXT(2) 
PARAMETRIC_REPRESENTATION_CONTEXT() REPRESENTATION_CONTEXT('2D SPACE',''
  ) );
#473 = ORIENTED_EDGE('',*,*,#43,.T.);
#474 = ORIENTED_EDGE('',*,*,#475,.T.);
#475 = EDGE_CURVE('',#46,#476,#478,.T.);
#476 = VERTEX_POINT('',#477);
#477 = CARTESIAN_POINT('',(1.25E-02,-2.25E-02,1.5));
#478 = SURFACE_CURVE('',#479,(#483,#490),.PCURVE_S1.);
#479 = LINE('',#480,#481);
#480 = CARTESIAN_POINT('',(1.25E-02,-2.25E-02,0.));
#481 = VECTOR('',#482,1.);
#482 = DIRECTION('',(0.,0.,1.));
#483 = PCURVE('',#66,#484);
#484 = DEFINITIONAL_REPRESENTATION('',(#485),#489);
#485 = LINE('',#486,#487);
#486 = CARTESIAN_POINT('',(0.,2.25E-02));
#487 = VECTOR('',#488,1.);
#488 = DIRECTION('',(1.,0.));
#489 = ( GEOMETRIC_REPRESENTATION_CONTEXT(2) 
PARAMETRIC_REPRESENTATION_CONTEXT() REPRESENTATION_CONTEXT('2D SPACE',''
  ) );
#490 = PCURVE('',#121,#491);
#491 = DEFINITIONAL_REPRESENTATION('',(#492),#496);
#492 = LINE('',#493,#494);
#493 = CARTESIAN_POINT('',(0.,2.5E-03));
#494 = VECTOR('',#495,1.);
#495 = DIRECTION('',(-1.,0.));
#496 = ( GEOMETRIC_REPRESENTATION_CONTEXT(2) 
PARAMETRIC_REPRESENTATION_CONTEXT() REPRESENTATION_CONTEXT('2D SPACE',''
  ) );
#497 = ORIENTED_EDGE('',*,*,#498,.F.);
#498 = EDGE_CURVE('',#452,#476,#499,.T.);
#499 = SURFACE_CURVE('',#500,(#504,#511),.PCURVE_S1.);
#500 = LINE('',#501,#502);
#501 = CARTESIAN_POINT('',(1.25E-02,-1.E-02,1.5));
#502 = VECTOR('',#503,1.);
#503 = DIRECTION('',(0.,1.,0.));
#504 = PCURVE('',#66,#505);
#505 = DEFINITIONAL_REPRESENTATION('',(#506),#510);
#506 = LINE('',#507,#508);
#507 = CARTESIAN_POINT('',(1.5,1.E-02));
#508 = VECTOR('',#509,1.);
#509 = DIRECTION('',(0.,-1.));
#510 = ( GEOMETRIC_REPRESENTATION_CONTEXT(2) 
PARAMETRIC_REPRESENTATION_CONTEXT() REPRESENTATION_CONTEXT('2D SPACE',''
  ) );
#511 = PCURVE('',#512,#517);
#512 = PLANE('',#513);
#513 = AXIS2_PLACEMENT_3D('',#514,#515,#516);
#514 = CARTESIAN_POINT('',(1.E-02,-2.E-02,1.5));
#515 = DIRECTION('',(0.,0.,1.));
#516 = DIRECTION('',(1.,0.,-0.));
#517 = DEFINITIONAL_REPRESENTATION('',(#518),#522);
#518 = LINE('',#519,#520);
#519 = CARTESIAN_POINT('',(2.5E-03,1.E-02));
#520 = VECTOR('',#521,1.);
#521 = DIRECTION('',(0.,1.));
#522 = ( GEOMETRIC_REPRESENTATION_CONTEXT(2) 
PARAMETRIC_REPRESENTATION_CONTEXT() REPRESENTATION_CONTEXT('2D SPACE',''
  ) );
#523 = ADVANCED_FACE('',(#524),#95,.T.);
#524 = FACE_BOUND('',#525,.F.);
#525 = EDGE_LOOP('',(#526,#550,#571,#572));
#526 = ORIENTED_EDGE('',*,*,#527,.T.);
#527 = EDGE_CURVE('',#452,#528,#530,.T.);
#528 = VERTEX_POINT('',#529);
#529 = CARTESIAN_POINT('',(2.009998437499,-2.25E-02,1.5));
#530 = SURFACE_CURVE('',#531,(#536,#543),.PCURVE_S1.);
#531 = CIRCLE('',#532,2.);
#532 = AXIS2_PLACEMENT_3D('',#533,#534,#535);
#533 = CARTESIAN_POINT('',(1.E-02,-2.E-02,1.5));
#534 = DIRECTION('',(0.,0.,1.));
#535 = DIRECTION('',(1.,0.,0.));
#536 = PCURVE('',#95,#537);
#537 = DEFINITIONAL_REPRESENTATION('',(#538),#542);
#538 = LINE('',#539,#540);
#539 = CARTESIAN_POINT('',(-0.,-1.5));
#540 = VECTOR('',#541,1.);
#541 = DIRECTION('',(-1.,0.));
#542 = ( GEOMETRIC_REPRESENTATION_CONTEXT(2) 
PARAMETRIC_REPRESENTATION_CONTEXT() REPRESENTATION_CONTEXT('2D SPACE',''
  ) );
#543 = PCURVE('',#512,#544);
#544 = DEFINITIONAL_REPRESENTATION('',(#545),#549);
#545 = CIRCLE('',#546,2.);
#546 = AXIS2_PLACEMENT_2D('',#547,#548);
#547 = CARTESIAN_POINT('',(1.283695372223E-16,-1.734723475977E-16));
#548 = DIRECTION('',(1.,0.));
#549 = ( GEOMETRIC_REPRESENTATION_CONTEXT(2) 
PARAMETRIC_REPRESENTATION_CONTEXT() REPRESENTATION_CONTEXT('2D SPACE',''
  ) );
#550 = ORIENTED_EDGE('',*,*,#551,.T.);
#551 = EDGE_CURVE('',#528,#79,#552,.T.);
#552 = SURFACE_CURVE('',#553,(#557,#564),.PCURVE_S1.);
#553 = LINE('',#554,#555);
#554 = CARTESIAN_POINT('',(2.009998437499,-2.25E-02,0.));
#555 = VECTOR('',#556,1.);
#556 = DIRECTION('',(-0.,-0.,-1.));
#557 = PCURVE('',#95,#558);
#558 = DEFINITIONAL_REPRESENTATION('',(#559),#563);
#559 = LINE('',#560,#561);
#560 = CARTESIAN_POINT('',(-6.281935306854,0.));
#561 = VECTOR('',#562,1.);
#562 = DIRECTION('',(-0.,1.));
#563 = ( GEOMETRIC_REPRESENTATION_CONTEXT(2) 
PARAMETRIC_REPRESENTATION_CONTEXT() REPRESENTATION_CONTEXT('2D SPACE',''
  ) );
#564 = PCURVE('',#121,#565);
#565 = DEFINITIONAL_REPRESENTATION('',(#566),#570);
#566 = LINE('',#567,#568);
#567 = CARTESIAN_POINT('',(0.,1.999998437499));
#568 = VECTOR('',#569,1.);
#569 = DIRECTION('',(1.,0.));
#570 = ( GEOMETRIC_REPRESENTATION_CONTEXT(2) 
PARAMETRIC_REPRESENTATION_CONTEXT() REPRESENTATION_CONTEXT('2D SPACE',''
  ) );
#571 = ORIENTED_EDGE('',*,*,#78,.F.);
#572 = ORIENTED_EDGE('',*,*,#451,.F.);
#573 = ADVANCED_FACE('',(#574),#121,.F.);
#574 = FACE_BOUND('',#575,.F.);
#575 = EDGE_LOOP('',(#576,#577,#598,#599));
#576 = ORIENTED_EDGE('',*,*,#551,.F.);
#577 = ORIENTED_EDGE('',*,*,#578,.F.);
#578 = EDGE_CURVE('',#476,#528,#579,.T.);
#579 = SURFACE_CURVE('',#580,(#584,#591),.PCURVE_S1.);
#580 = LINE('',#581,#582);
#581 = CARTESIAN_POINT('',(1.E-02,-2.25E-02,1.5));
#582 = VECTOR('',#583,1.);
#583 = DIRECTION('',(1.,0.,0.));
#584 = PCURVE('',#121,#585);
#585 = DEFINITIONAL_REPRESENTATION('',(#586),#590);
#586 = LINE('',#587,#588);
#587 = CARTESIAN_POINT('',(-1.5,-6.418476861114E-17));
#588 = VECTOR('',#589,1.);
#589 = DIRECTION('',(0.,1.));
#590 = ( GEOMETRIC_REPRESENTATION_CONTEXT(2) 
PARAMETRIC_REPRESENTATION_CONTEXT() REPRESENTATION_CONTEXT('2D SPACE',''
  ) );
#591 = PCURVE('',#512,#592);
#592 = DEFINITIONAL_REPRESENTATION('',(#593),#597);
#593 = LINE('',#594,#595);
#594 = CARTESIAN_POINT('',(6.418476861114E-17,-2.5E-03));
#595 = VECTOR('',#596,1.);
#596 = DIRECTION('',(1.,0.));
#597 = ( GEOMETRIC_REPRESENTATION_CONTEXT(2) 
PARAMETRIC_REPRESENTATION_CONTEXT() REPRESENTATION_CONTEXT('2D SPACE',''
  ) );
#598 = ORIENTED_EDGE('',*,*,#475,.F.);
#599 = ORIENTED_EDGE('',*,*,#107,.T.);
#600 = ADVANCED_FACE('',(#601),#156,.T.);
#601 = FACE_BOUND('',#602,.T.);
#602 = EDGE_LOOP('',(#603,#626,#653,#654));
#603 = ORIENTED_EDGE('',*,*,#604,.T.);
#604 = EDGE_CURVE('',#136,#605,#607,.T.);
#605 = VERTEX_POINT('',#606);
#606 = CARTESIAN_POINT('',(0.4,-1.45,-7.5));
#607 = SEAM_CURVE('',#608,(#612,#619),.PCURVE_S1.);
#608 = LINE('',#609,#610);
#609 = CARTESIAN_POINT('',(0.4,-1.45,4.078893220341E-33));
#610 = VECTOR('',#611,1.);
#611 = DIRECTION('',(-1.110223024625E-16,1.232595164408E-32,-1.));
#612 = PCURVE('',#156,#613);
#613 = DEFINITIONAL_REPRESENTATION('',(#614),#618);
#614 = LINE('',#615,#616);
#615 = CARTESIAN_POINT('',(6.28318530718,0.));
#616 = VECTOR('',#617,1.);
#617 = DIRECTION('',(0.,1.));
#618 = ( GEOMETRIC_REPRESENTATION_CONTEXT(2) 
PARAMETRIC_REPRESENTATION_CONTEXT() REPRESENTATION_CONTEXT('2D SPACE',''
  ) );
#619 = PCURVE('',#156,#620);
#620 = DEFINITIONAL_REPRESENTATION('',(#621),#625);
#621 = LINE('',#622,#623);
#622 = CARTESIAN_POINT('',(0.,0.));
#623 = VECTOR('',#624,1.);
#624 = DIRECTION('',(0.,1.));
#625 = ( GEOMETRIC_REPRESENTATION_CONTEXT(2) 
PARAMETRIC_REPRESENTATION_CONTEXT() REPRESENTATION_CONTEXT('2D SPACE',''
  ) );
#626 = ORIENTED_EDGE('',*,*,#627,.F.);
#627 = EDGE_CURVE('',#605,#605,#628,.T.);
#628 = SURFACE_CURVE('',#629,(#634,#641),.PCURVE_S1.);
#629 = CIRCLE('',#630,0.15);
#630 = AXIS2_PLACEMENT_3D('',#631,#632,#633);
#631 = CARTESIAN_POINT('',(0.4,-1.6,-7.5));
#632 = DIRECTION('',(-1.110223024625E-16,1.232595164408E-32,-1.));
#633 = DIRECTION('',(1.110223024625E-16,1.,0.));
#634 = PCURVE('',#156,#635);
#635 = DEFINITIONAL_REPRESENTATION('',(#636),#640);
#636 = LINE('',#637,#638);
#637 = CARTESIAN_POINT('',(0.,7.5));
#638 = VECTOR('',#639,1.);
#639 = DIRECTION('',(1.,0.));
#640 = ( GEOMETRIC_REPRESENTATION_CONTEXT(2) 
PARAMETRIC_REPRESENTATION_CONTEXT() REPRESENTATION_CONTEXT('2D SPACE',''
  ) );
#641 = PCURVE('',#642,#647);
#642 = TOROIDAL_SURFACE('',#643,1.6,0.15);
#643 = AXIS2_PLACEMENT_3D('',#644,#645,#646);
#644 = CARTESIAN_POINT('',(0.4,2.22044604925E-16,-7.5));
#645 = DIRECTION('',(1.,-1.110223024625E-16,-1.110223024625E-16));
#646 = DIRECTION('',(-1.110223024625E-16,-1.,0.));
#647 = DEFINITIONAL_REPRESENTATION('',(#648),#652);
#648 = LINE('',#649,#650);
#649 = CARTESIAN_POINT('',(0.,9.424777960769));
#650 = VECTOR('',#651,1.);
#651 = DIRECTION('',(-0.,-1.));
#652 = ( GEOMETRIC_REPRESENTATION_CONTEXT(2) 
PARAMETRIC_REPRESENTATION_CONTEXT() REPRESENTATION_CONTEXT('2D SPACE',''
  ) );
#653 = ORIENTED_EDGE('',*,*,#604,.F.);
#654 = ORIENTED_EDGE('',*,*,#135,.T.);
#655 = ADVANCED_FACE('',(#656),#191,.T.);
#656 = FACE_BOUND('',#657,.T.);
#657 = EDGE_LOOP('',(#658,#681,#708,#709));
#658 = ORIENTED_EDGE('',*,*,#659,.T.);
#659 = EDGE_CURVE('',#171,#660,#662,.T.);
#660 = VERTEX_POINT('',#661);
#661 = CARTESIAN_POINT('',(0.4,-1.05,-6.666666666667));
#662 = SEAM_CURVE('',#663,(#667,#674),.PCURVE_S1.);
#663 = LINE('',#664,#665);
#664 = CARTESIAN_POINT('',(0.4,-1.05,4.078893220341E-33));
#665 = VECTOR('',#666,1.);
#666 = DIRECTION('',(-1.110223024625E-16,1.232595164408E-32,-1.));
#667 = PCURVE('',#191,#668);
#668 = DEFINITIONAL_REPRESENTATION('',(#669),#673);
#669 = LINE('',#670,#671);
#670 = CARTESIAN_POINT('',(6.28318530718,0.));
#671 = VECTOR('',#672,1.);
#672 = DIRECTION('',(0.,1.));
#673 = ( GEOMETRIC_REPRESENTATION_CONTEXT(2) 
PARAMETRIC_REPRESENTATION_CONTEXT() REPRESENTATION_CONTEXT('2D SPACE',''
  ) );
#674 = PCURVE('',#191,#675);
#675 = DEFINITIONAL_REPRESENTATION('',(#676),#680);
#676 = LINE('',#677,#678);
#677 = CARTESIAN_POINT('',(0.,0.));
#678 = VECTOR('',#679,1.);
#679 = DIRECTION('',(0.,1.));
#680 = ( GEOMETRIC_REPRESENTATION_CONTEXT(2) 
PARAMETRIC_REPRESENTATION_CONTEXT() REPRESENTATION_CONTEXT('2D SPACE',''
  ) );
#681 = ORIENTED_EDGE('',*,*,#682,.F.);
#682 = EDGE_CURVE('',#660,#660,#683,.T.);
#683 = SURFACE_CURVE('',#684,(#689,#696),.PCURVE_S1.);
#684 = CIRCLE('',#685,0.15);
#685 = AXIS2_PLACEMENT_3D('',#686,#687,#688);
#686 = CARTESIAN_POINT('',(0.4,-1.2,-6.666666666667));
#687 = DIRECTION('',(-1.110223024625E-16,1.232595164408E-32,-1.));
#688 = DIRECTION('',(1.110223024625E-16,1.,0.));
#689 = PCURVE('',#191,#690);
#690 = DEFINITIONAL_REPRESENTATION('',(#691),#695);
#691 = LINE('',#692,#693);
#692 = CARTESIAN_POINT('',(0.,6.666666666667));
#693 = VECTOR('',#694,1.);
#694 = DIRECTION('',(1.,0.));
#695 = ( GEOMETRIC_REPRESENTATION_CONTEXT(2) 
PARAMETRIC_REPRESENTATION_CONTEXT() REPRESENTATION_CONTEXT('2D SPACE',''
  ) );
#696 = PCURVE('',#697,#702);
#697 = TOROIDAL_SURFACE('',#698,1.2,0.15);
#698 = AXIS2_PLACEMENT_3D('',#699,#700,#701);
#699 = CARTESIAN_POINT('',(0.4,0.,-6.666666666667));
#700 = DIRECTION('',(1.,-1.110223024625E-16,-1.110223024625E-16));
#701 = DIRECTION('',(-1.110223024625E-16,-1.,0.));
#702 = DEFINITIONAL_REPRESENTATION('',(#703),#707);
#703 = LINE('',#704,#705);
#704 = CARTESIAN_POINT('',(0.,9.424777960769));
#705 = VECTOR('',#706,1.);
#706 = DIRECTION('',(-0.,-1.));
#707 = ( GEOMETRIC_REPRESENTATION_CONTEXT(2) 
PARAMETRIC_REPRESENTATION_CONTEXT() REPRESENTATION_CONTEXT('2D SPACE',''
  ) );
#708 = ORIENTED_EDGE('',*,*,#659,.F.);
#709 = ORIENTED_EDGE('',*,*,#170,.T.);
#710 = ADVANCED_FACE('',(#711),#226,.T.);
#711 = FACE_BOUND('',#712,.T.);
#712 = EDGE_LOOP('',(#713,#736,#763,#764));
#713 = ORIENTED_EDGE('',*,*,#714,.T.);
#714 = EDGE_CURVE('',#206,#715,#717,.T.);
#715 = VERTEX_POINT('',#716);
#716 = CARTESIAN_POINT('',(1.,-1.05,-6.666666666667));
#717 = SEAM_CURVE('',#718,(#722,#729),.PCURVE_S1.);
#718 = LINE('',#719,#720);
#719 = CARTESIAN_POINT('',(1.,-1.05,4.078893220341E-33));
#720 = VECTOR('',#721,1.);
#721 = DIRECTION('',(-1.110223024625E-16,1.232595164408E-32,-1.));
#722 = PCURVE('',#226,#723);
#723 = DEFINITIONAL_REPRESENTATION('',(#724),#728);
#724 = LINE('',#725,#726);
#725 = CARTESIAN_POINT('',(6.28318530718,0.));
#726 = VECTOR('',#727,1.);
#727 = DIRECTION('',(0.,1.));
#728 = ( GEOMETRIC_REPRESENTATION_CONTEXT(2) 
PARAMETRIC_REPRESENTATION_CONTEXT() REPRESENTATION_CONTEXT('2D SPACE',''
  ) );
#729 = PCURVE('',#226,#730);
#730 = DEFINITIONAL_REPRESENTATION('',(#731),#735);
#731 = LINE('',#732,#733);
#732 = CARTESIAN_POINT('',(0.,0.));
#733 = VECTOR('',#734,1.);
#734 = DIRECTION('',(0.,1.));
#735 = ( GEOMETRIC_REPRESENTATION_CONTEXT(2) 
PARAMETRIC_REPRESENTATION_CONTEXT() REPRESENTATION_CONTEXT('2D SPACE',''
  ) );
#736 = ORIENTED_EDGE('',*,*,#737,.F.);
#737 = EDGE_CURVE('',#715,#715,#738,.T.);
#738 = SURFACE_CURVE('',#739,(#744,#751),.PCURVE_S1.);
#739 = CIRCLE('',#740,0.15);
#740 = AXIS2_PLACEMENT_3D('',#741,#742,#743);
#741 = CARTESIAN_POINT('',(1.,-1.2,-6.666666666667));
#742 = DIRECTION('',(-1.110223024625E-16,1.232595164408E-32,-1.));
#743 = DIRECTION('',(1.110223024625E-16,1.,0.));
#744 = PCURVE('',#226,#745);
#745 = DEFINITIONAL_REPRESENTATION('',(#746),#750);
#746 = LINE('',#747,#748);
#747 = CARTESIAN_POINT('',(0.,6.666666666667));
#748 = VECTOR('',#749,1.);
#749 = DIRECTION('',(1.,0.));
#750 = ( GEOMETRIC_REPRESENTATION_CONTEXT(2) 
PARAMETRIC_REPRESENTATION_CONTEXT() REPRESENTATION_CONTEXT('2D SPACE',''
  ) );
#751 = PCURVE('',#752,#757);
#752 = TOROIDAL_SURFACE('',#753,1.2,0.15);
#753 = AXIS2_PLACEMENT_3D('',#754,#755,#756);
#754 = CARTESIAN_POINT('',(1.,0.,-6.666666666667));
#755 = DIRECTION('',(1.,-1.110223024625E-16,-1.110223024625E-16));
#756 = DIRECTION('',(-1.110223024625E-16,-1.,0.));
#757 = DEFINITIONAL_REPRESENTATION('',(#758),#762);
#758 = LINE('',#759,#760);
#759 = CARTESIAN_POINT('',(0.,9.424777960769));
#760 = VECTOR('',#761,1.);
#761 = DIRECTION('',(-0.,-1.));
#762 = ( GEOMETRIC_REPRESENTATION_CONTEXT(2) 
PARAMETRIC_REPRESENTATION_CONTEXT() REPRESENTATION_CONTEXT('2D SPACE',''
  ) );
#763 = ORIENTED_EDGE('',*,*,#714,.F.);
#764 = ORIENTED_EDGE('',*,*,#205,.T.);
#765 = ADVANCED_FACE('',(#766),#261,.T.);
#766 = FACE_BOUND('',#767,.T.);
#767 = EDGE_LOOP('',(#768,#791,#818,#819));
#768 = ORIENTED_EDGE('',*,*,#769,.T.);
#769 = EDGE_CURVE('',#241,#770,#772,.T.);
#770 = VERTEX_POINT('',#771);
#771 = CARTESIAN_POINT('',(0.4,-0.65,-5.833333333333));
#772 = SEAM_CURVE('',#773,(#777,#784),.PCURVE_S1.);
#773 = LINE('',#774,#775);
#774 = CARTESIAN_POINT('',(0.4,-0.65,4.078893220341E-33));
#775 = VECTOR('',#776,1.);
#776 = DIRECTION('',(-1.110223024625E-16,1.232595164408E-32,-1.));
#777 = PCURVE('',#261,#778);
#778 = DEFINITIONAL_REPRESENTATION('',(#779),#783);
#779 = LINE('',#780,#781);
#780 = CARTESIAN_POINT('',(6.28318530718,0.));
#781 = VECTOR('',#782,1.);
#782 = DIRECTION('',(0.,1.));
#783 = ( GEOMETRIC_REPRESENTATION_CONTEXT(2) 
PARAMETRIC_REPRESENTATION_CONTEXT() REPRESENTATION_CONTEXT('2D SPACE',''
  ) );
#784 = PCURVE('',#261,#785);
#785 = DEFINITIONAL_REPRESENTATION('',(#786),#790);
#786 = LINE('',#787,#788);
#787 = CARTESIAN_POINT('',(0.,0.));
#788 = VECTOR('',#789,1.);
#789 = DIRECTION('',(0.,1.));
#790 = ( GEOMETRIC_REPRESENTATION_CONTEXT(2) 
PARAMETRIC_REPRESENTATION_CONTEXT() REPRESENTATION_CONTEXT('2D SPACE',''
  ) );
#791 = ORIENTED_EDGE('',*,*,#792,.F.);
#792 = EDGE_CURVE('',#770,#770,#793,.T.);
#793 = SURFACE_CURVE('',#794,(#799,#806),.PCURVE_S1.);
#794 = CIRCLE('',#795,0.15);
#795 = AXIS2_PLACEMENT_3D('',#796,#797,#798);
#796 = CARTESIAN_POINT('',(0.4,-0.8,-5.833333333333));
#797 = DIRECTION('',(-1.110223024625E-16,1.232595164408E-32,-1.));
#798 = DIRECTION('',(1.110223024625E-16,1.,0.));
#799 = PCURVE('',#261,#800);
#800 = DEFINITIONAL_REPRESENTATION('',(#801),#805);
#801 = LINE('',#802,#803);
#802 = CARTESIAN_POINT('',(0.,5.833333333333));
#803 = VECTOR('',#804,1.);
#804 = DIRECTION('',(1.,0.));
#805 = ( GEOMETRIC_REPRESENTATION_CONTEXT(2) 
PARAMETRIC_REPRESENTATION_CONTEXT() REPRESENTATION_CONTEXT('2D SPACE',''
  ) );
#806 = PCURVE('',#807,#812);
#807 = TOROIDAL_SURFACE('',#808,0.8,0.15);
#808 = AXIS2_PLACEMENT_3D('',#809,#810,#811);
#809 = CARTESIAN_POINT('',(0.4,1.110223024625E-16,-5.833333333333));
#810 = DIRECTION('',(1.,-1.110223024625E-16,-1.110223024625E-16));
#811 = DIRECTION('',(-1.110223024625E-16,-1.,-1.110223024625E-15));
#812 = DEFINITIONAL_REPRESENTATION('',(#813),#817);
#813 = LINE('',#814,#815);
#814 = CARTESIAN_POINT('',(0.,9.424777960769));
#815 = VECTOR('',#816,1.);
#816 = DIRECTION('',(-0.,-1.));
#817 = ( GEOMETRIC_REPRESENTATION_CONTEXT(2) 
PARAMETRIC_REPRESENTATION_CONTEXT() REPRESENTATION_CONTEXT('2D SPACE',''
  ) );
#818 = ORIENTED_EDGE('',*,*,#769,.F.);
#819 = ORIENTED_EDGE('',*,*,#240,.T.);
#820 = ADVANCED_FACE('',(#821),#296,.T.);
#821 = FACE_BOUND('',#822,.T.);
#822 = EDGE_LOOP('',(#823,#846,#873,#874));
#823 = ORIENTED_EDGE('',*,*,#824,.T.);
#824 = EDGE_CURVE('',#276,#825,#827,.T.);
#825 = VERTEX_POINT('',#826);
#826 = CARTESIAN_POINT('',(0.4,-0.25,-5.));
#827 = SEAM_CURVE('',#828,(#832,#839),.PCURVE_S1.);
#828 = LINE('',#829,#830);
#829 = CARTESIAN_POINT('',(0.4,-0.25,4.078893220341E-33));
#830 = VECTOR('',#831,1.);
#831 = DIRECTION('',(-1.110223024625E-16,1.232595164408E-32,-1.));
#832 = PCURVE('',#296,#833);
#833 = DEFINITIONAL_REPRESENTATION('',(#834),#838);
#834 = LINE('',#835,#836);
#835 = CARTESIAN_POINT('',(6.28318530718,0.));
#836 = VECTOR('',#837,1.);
#837 = DIRECTION('',(0.,1.));
#838 = ( GEOMETRIC_REPRESENTATION_CONTEXT(2) 
PARAMETRIC_REPRESENTATION_CONTEXT() REPRESENTATION_CONTEXT('2D SPACE',''
  ) );
#839 = PCURVE('',#296,#840);
#840 = DEFINITIONAL_REPRESENTATION('',(#841),#845);
#841 = LINE('',#842,#843);
#842 = CARTESIAN_POINT('',(0.,0.));
#843 = VECTOR('',#844,1.);
#844 = DIRECTION('',(0.,1.));
#845 = ( GEOMETRIC_REPRESENTATION_CONTEXT(2) 
PARAMETRIC_REPRESENTATION_CONTEXT() REPRESENTATION_CONTEXT('2D SPACE',''
  ) );
#846 = ORIENTED_EDGE('',*,*,#847,.F.);
#847 = EDGE_CURVE('',#825,#825,#848,.T.);
#848 = SURFACE_CURVE('',#849,(#854,#861),.PCURVE_S1.);
#849 = CIRCLE('',#850,0.15);
#850 = AXIS2_PLACEMENT_3D('',#851,#852,#853);
#851 = CARTESIAN_POINT('',(0.4,-0.4,-5.));
#852 = DIRECTION('',(-1.110223024625E-16,1.232595164408E-32,-1.));
#853 = DIRECTION('',(1.110223024625E-16,1.,0.));
#854 = PCURVE('',#296,#855);
#855 = DEFINITIONAL_REPRESENTATION('',(#856),#860);
#856 = LINE('',#857,#858);
#857 = CARTESIAN_POINT('',(0.,5.));
#858 = VECTOR('',#859,1.);
#859 = DIRECTION('',(1.,0.));
#860 = ( GEOMETRIC_REPRESENTATION_CONTEXT(2) 
PARAMETRIC_REPRESENTATION_CONTEXT() REPRESENTATION_CONTEXT('2D SPACE',''
  ) );
#861 = PCURVE('',#862,#867);
#862 = TOROIDAL_SURFACE('',#863,0.4,0.15);
#863 = AXIS2_PLACEMENT_3D('',#864,#865,#866);
#864 = CARTESIAN_POINT('',(0.4,5.551115123126E-17,-5.));
#865 = DIRECTION('',(1.,-1.110223024625E-16,-1.110223024625E-16));
#866 = DIRECTION('',(-1.110223024625E-16,-1.,0.));
#867 = DEFINITIONAL_REPRESENTATION('',(#868),#872);
#868 = LINE('',#869,#870);
#869 = CARTESIAN_POINT('',(0.,9.424777960769));
#870 = VECTOR('',#871,1.);
#871 = DIRECTION('',(-0.,-1.));
#872 = ( GEOMETRIC_REPRESENTATION_CONTEXT(2) 
PARAMETRIC_REPRESENTATION_CONTEXT() REPRESENTATION_CONTEXT('2D SPACE',''
  ) );
#873 = ORIENTED_EDGE('',*,*,#824,.F.);
#874 = ORIENTED_EDGE('',*,*,#275,.T.);
#875 = ADVANCED_FACE('',(#876),#331,.T.);
#876 = FACE_BOUND('',#877,.T.);
#877 = EDGE_LOOP('',(#878,#901,#928,#929));
#878 = ORIENTED_EDGE('',*,*,#879,.T.);
#879 = EDGE_CURVE('',#311,#880,#882,.T.);
#880 = VERTEX_POINT('',#881);
#881 = CARTESIAN_POINT('',(1.,-0.65,-5.833333333333));
#882 = SEAM_CURVE('',#883,(#887,#894),.PCURVE_S1.);
#883 = LINE('',#884,#885);
#884 = CARTESIAN_POINT('',(1.,-0.65,4.078893220341E-33));
#885 = VECTOR('',#886,1.);
#886 = DIRECTION('',(-1.110223024625E-16,1.232595164408E-32,-1.));
#887 = PCURVE('',#331,#888);
#888 = DEFINITIONAL_REPRESENTATION('',(#889),#893);
#889 = LINE('',#890,#891);
#890 = CARTESIAN_POINT('',(6.28318530718,0.));
#891 = VECTOR('',#892,1.);
#892 = DIRECTION('',(0.,1.));
#893 = ( GEOMETRIC_REPRESENTATION_CONTEXT(2) 
PARAMETRIC_REPRESENTATION_CONTEXT() REPRESENTATION_CONTEXT('2D SPACE',''
  ) );
#894 = PCURVE('',#331,#895);
#895 = DEFINITIONAL_REPRESENTATION('',(#896),#900);
#896 = LINE('',#897,#898);
#897 = CARTESIAN_POINT('',(0.,0.));
#898 = VECTOR('',#899,1.);
#899 = DIRECTION('',(0.,1.));
#900 = ( GEOMETRIC_REPRESENTATION_CONTEXT(2) 
PARAMETRIC_REPRESENTATION_CONTEXT() REPRESENTATION_CONTEXT('2D SPACE',''
  ) );
#901 = ORIENTED_EDGE('',*,*,#902,.F.);
#902 = EDGE_CURVE('',#880,#880,#903,.T.);
#903 = SURFACE_CURVE('',#904,(#909,#916),.PCURVE_S1.);
#904 = CIRCLE('',#905,0.15);
#905 = AXIS2_PLACEMENT_3D('',#906,#907,#908);
#906 = CARTESIAN_POINT('',(1.,-0.8,-5.833333333333));
#907 = DIRECTION('',(-1.110223024625E-16,1.232595164408E-32,-1.));
#908 = DIRECTION('',(1.110223024625E-16,1.,0.));
#909 = PCURVE('',#331,#910);
#910 = DEFINITIONAL_REPRESENTATION('',(#911),#915);
#911 = LINE('',#912,#913);
#912 = CARTESIAN_POINT('',(0.,5.833333333333));
#913 = VECTOR('',#914,1.);
#914 = DIRECTION('',(1.,0.));
#915 = ( GEOMETRIC_REPRESENTATION_CONTEXT(2) 
PARAMETRIC_REPRESENTATION_CONTEXT() REPRESENTATION_CONTEXT('2D SPACE',''
  ) );
#916 = PCURVE('',#917,#922);
#917 = TOROIDAL_SURFACE('',#918,0.8,0.15);
#918 = AXIS2_PLACEMENT_3D('',#919,#920,#921);
#919 = CARTESIAN_POINT('',(1.,1.110223024625E-16,-5.833333333333));
#920 = DIRECTION('',(1.,-1.110223024625E-16,-1.110223024625E-16));
#921 = DIRECTION('',(-1.110223024625E-16,-1.,-1.110223024625E-15));
#922 = DEFINITIONAL_REPRESENTATION('',(#923),#927);
#923 = LINE('',#924,#925);
#924 = CARTESIAN_POINT('',(0.,9.424777960769));
#925 = VECTOR('',#926,1.);
#926 = DIRECTION('',(-0.,-1.));
#927 = ( GEOMETRIC_REPRESENTATION_CONTEXT(2) 
PARAMETRIC_REPRESENTATION_CONTEXT() REPRESENTATION_CONTEXT('2D SPACE',''
  ) );
#928 = ORIENTED_EDGE('',*,*,#879,.F.);
#929 = ORIENTED_EDGE('',*,*,#310,.T.);
#930 = ADVANCED_FACE('',(#931),#366,.T.);
#931 = FACE_BOUND('',#932,.T.);
#932 = EDGE_LOOP('',(#933,#956,#983,#984));
#933 = ORIENTED_EDGE('',*,*,#934,.T.);
#934 = EDGE_CURVE('',#346,#935,#937,.T.);
#935 = VERTEX_POINT('',#936);
#936 = CARTESIAN_POINT('',(1.6,-0.65,-5.833333333333));
#937 = SEAM_CURVE('',#938,(#942,#949),.PCURVE_S1.);
#938 = LINE('',#939,#940);
#939 = CARTESIAN_POINT('',(1.6,-0.65,4.078893220341E-33));
#940 = VECTOR('',#941,1.);
#941 = DIRECTION('',(-1.110223024625E-16,1.232595164408E-32,-1.));
#942 = PCURVE('',#366,#943);
#943 = DEFINITIONAL_REPRESENTATION('',(#944),#948);
#944 = LINE('',#945,#946);
#945 = CARTESIAN_POINT('',(6.28318530718,0.));
#946 = VECTOR('',#947,1.);
#947 = DIRECTION('',(0.,1.));
#948 = ( GEOMETRIC_REPRESENTATION_CONTEXT(2) 
PARAMETRIC_REPRESENTATION_CONTEXT() REPRESENTATION_CONTEXT('2D SPACE',''
  ) );
#949 = PCURVE('',#366,#950);
#950 = DEFINITIONAL_REPRESENTATION('',(#951),#955);
#951 = LINE('',#952,#953);
#952 = CARTESIAN_POINT('',(0.,0.));
#953 = VECTOR('',#954,1.);
#954 = DIRECTION('',(0.,1.));
#955 = ( GEOMETRIC_REPRESENTATION_CONTEXT(2) 
PARAMETRIC_REPRESENTATION_CONTEXT() REPRESENTATION_CONTEXT('2D SPACE',''
  ) );
#956 = ORIENTED_EDGE('',*,*,#957,.F.);
#957 = EDGE_CURVE('',#935,#935,#958,.T.);
#958 = SURFACE_CURVE('',#959,(#964,#971),.PCURVE_S1.);
#959 = CIRCLE('',#960,0.15);
#960 = AXIS2_PLACEMENT_3D('',#961,#962,#963);
#961 = CARTESIAN_POINT('',(1.6,-0.8,-5.833333333333));
#962 = DIRECTION('',(-1.110223024625E-16,1.232595164408E-32,-1.));
#963 = DIRECTION('',(1.110223024625E-16,1.,0.));
#964 = PCURVE('',#366,#965);
#965 = DEFINITIONAL_REPRESENTATION('',(#966),#970);
#966 = LINE('',#967,#968);
#967 = CARTESIAN_POINT('',(0.,5.833333333333));
#968 = VECTOR('',#969,1.);
#969 = DIRECTION('',(1.,0.));
#970 = ( GEOMETRIC_REPRESENTATION_CONTEXT(2) 
PARAMETRIC_REPRESENTATION_CONTEXT() REPRESENTATION_CONTEXT('2D SPACE',''
  ) );
#971 = PCURVE('',#972,#977);
#972 = TOROIDAL_SURFACE('',#973,0.8,0.15);
#973 = AXIS2_PLACEMENT_3D('',#974,#975,#976);
#974 = CARTESIAN_POINT('',(1.6,1.110223024625E-16,-5.833333333333));
#975 = DIRECTION('',(1.,-1.110223024625E-16,-1.110223024625E-16));
#976 = DIRECTION('',(-1.110223024625E-16,-1.,-1.110223024625E-15));
#977 = DEFINITIONAL_REPRESENTATION('',(#978),#982);
#978 = LINE('',#979,#980);
#979 = CARTESIAN_POINT('',(0.,9.424777960769));
#980 = VECTOR('',#981,1.);
#981 = DIRECTION('',(-0.,-1.));
#982 = ( GEOMETRIC_REPRESENTATION_CONTEXT(2) 
PARAMETRIC_REPRESENTATION_CONTEXT() REPRESENTATION_CONTEXT('2D SPACE',''
  ) );
#983 = ORIENTED_EDGE('',*,*,#934,.F.);
#984 = ORIENTED_EDGE('',*,*,#345,.T.);
#985 = ADVANCED_FACE('',(#986),#401,.T.);
#986 = FACE_BOUND('',#987,.T.);
#987 = EDGE_LOOP('',(#988,#1011,#1038,#1039));
#988 = ORIENTED_EDGE('',*,*,#989,.T.);
#989 = EDGE_CURVE('',#381,#990,#992,.T.);
#990 = VERTEX_POINT('',#991);
#991 = CARTESIAN_POINT('',(1.,-0.25,-5.));
#992 = SEAM_CURVE('',#993,(#997,#1004),.PCURVE_S1.);
#993 = LINE('',#994,#995);
#994 = CARTESIAN_POINT('',(1.,-0.25,4.078893220341E-33));
#995 = VECTOR('',#996,1.);
#996 = DIRECTION('',(-1.110223024625E-16,1.232595164408E-32,-1.));
#997 = PCURVE('',#401,#998);
#998 = DEFINITIONAL_REPRESENTATION('',(#999),#1003);
#999 = LINE('',#1000,#1001);
#1000 = CARTESIAN_POINT('',(6.28318530718,0.));
#1001 = VECTOR('',#1002,1.);
#1002 = DIRECTION('',(0.,1.));
#1003 = ( GEOMETRIC_REPRESENTATION_CONTEXT(2) 
PARAMETRIC_REPRESENTATION_CONTEXT() REPRESENTATION_CONTEXT('2D SPACE',''
  ) );
#1004 = PCURVE('',#401,#1005);
#1005 = DEFINITIONAL_REPRESENTATION('',(#1006),#1010);
#1006 = LINE('',#1007,#1008);
#1007 = CARTESIAN_POINT('',(0.,0.));
#1008 = VECTOR('',#1009,1.);
#1009 = DIRECTION('',(0.,1.));
#1010 = ( GEOMETRIC_REPRESENTATION_CONTEXT(2) 
PARAMETRIC_REPRESENTATION_CONTEXT() REPRESENTATION_CONTEXT('2D SPACE',''
  ) );
#1011 = ORIENTED_EDGE('',*,*,#1012,.F.);
#1012 = EDGE_CURVE('',#990,#990,#1013,.T.);
#1013 = SURFACE_CURVE('',#1014,(#1019,#1026),.PCURVE_S1.);
#1014 = CIRCLE('',#1015,0.15);
#1015 = AXIS2_PLACEMENT_3D('',#1016,#1017,#1018);
#1016 = CARTESIAN_POINT('',(1.,-0.4,-5.));
#1017 = DIRECTION('',(-1.110223024625E-16,1.232595164408E-32,-1.));
#1018 = DIRECTION('',(1.110223024625E-16,1.,0.));
#1019 = PCURVE('',#401,#1020);
#1020 = DEFINITIONAL_REPRESENTATION('',(#1021),#1025);
#1021 = LINE('',#1022,#1023);
#1022 = CARTESIAN_POINT('',(0.,5.));
#1023 = VECTOR('',#1024,1.);
#1024 = DIRECTION('',(1.,0.));
#1025 = ( GEOMETRIC_REPRESENTATION_CONTEXT(2) 
PARAMETRIC_REPRESENTATION_CONTEXT() REPRESENTATION_CONTEXT('2D SPACE',''
  ) );
#1026 = PCURVE('',#1027,#1032);
#1027 = TOROIDAL_SURFACE('',#1028,0.4,0.15);
#1028 = AXIS2_PLACEMENT_3D('',#1029,#1030,#1031);
#1029 = CARTESIAN_POINT('',(1.,5.551115123126E-17,-5.));
#1030 = DIRECTION('',(1.,-1.110223024625E-16,-1.110223024625E-16));
#1031 = DIRECTION('',(-1.110223024625E-16,-1.,0.));
#1032 = DEFINITIONAL_REPRESENTATION('',(#1033),#1037);
#1033 = LINE('',#1034,#1035);
#1034 = CARTESIAN_POINT('',(0.,9.424777960769));
#1035 = VECTOR('',#1036,1.);
#1036 = DIRECTION('',(-0.,-1.));
#1037 = ( GEOMETRIC_REPRESENTATION_CONTEXT(2) 
PARAMETRIC_REPRESENTATION_CONTEXT() REPRESENTATION_CONTEXT('2D SPACE',''
  ) );
#1038 = ORIENTED_EDGE('',*,*,#989,.F.);
#1039 = ORIENTED_EDGE('',*,*,#380,.T.);
#1040 = ADVANCED_FACE('',(#1041),#436,.T.);
#1041 = FACE_BOUND('',#1042,.T.);
#1042 = EDGE_LOOP('',(#1043,#1066,#1093,#1094));
#1043 = ORIENTED_EDGE('',*,*,#1044,.T.);
#1044 = EDGE_CURVE('',#416,#1045,#1047,.T.);
#1045 = VERTEX_POINT('',#1046);
#1046 = CARTESIAN_POINT('',(1.6,-0.25,-5.));
#1047 = SEAM_CURVE('',#1048,(#1052,#1059),.PCURVE_S1.);
#1048 = LINE('',#1049,#1050);
#1049 = CARTESIAN_POINT('',(1.6,-0.25,4.078893220341E-33));
#1050 = VECTOR('',#1051,1.);
#1051 = DIRECTION('',(-1.110223024625E-16,1.232595164408E-32,-1.));
#1052 = PCURVE('',#436,#1053);
#1053 = DEFINITIONAL_REPRESENTATION('',(#1054),#1058);
#1054 = LINE('',#1055,#1056);
#1055 = CARTESIAN_POINT('',(6.28318530718,0.));
#1056 = VECTOR('',#1057,1.);
#1057 = DIRECTION('',(0.,1.));
#1058 = ( GEOMETRIC_REPRESENTATION_CONTEXT(2) 
PARAMETRIC_REPRESENTATION_CONTEXT() REPRESENTATION_CONTEXT('2D SPACE',''
  ) );
#1059 = PCURVE('',#436,#1060);
#1060 = DEFINITIONAL_REPRESENTATION('',(#1061),#1065);
#1061 = LINE('',#1062,#1063);
#1062 = CARTESIAN_POINT('',(0.,0.));
#1063 = VECTOR('',#1064,1.);
#1064 = DIRECTION('',(0.,1.));
#1065 = ( GEOMETRIC_REPRESENTATION_CONTEXT(2) 
PARAMETRIC_REPRESENTATION_CONTEXT() REPRESENTATION_CONTEXT('2D SPACE',''
  ) );
#1066 = ORIENTED_EDGE('',*,*,#1067,.F.);
#1067 = EDGE_CURVE('',#1045,#1045,#1068,.T.);
#1068 = SURFACE_CURVE('',#1069,(#1074,#1081),.PCURVE_S1.);
#1069 = CIRCLE('',#1070,0.15);
#1070 = AXIS2_PLACEMENT_3D('',#1071,#1072,#1073);
#1071 = CARTESIAN_POINT('',(1.6,-0.4,-5.));
#1072 = DIRECTION('',(-1.110223024625E-16,1.232595164408E-32,-1.));
#1073 = DIRECTION('',(1.110223024625E-16,1.,0.));
#1074 = PCURVE('',#436,#1075);
#1075 = DEFINITIONAL_REPRESENTATION('',(#1076),#1080);
#1076 = LINE('',#1077,#1078);
#1077 = CARTESIAN_POINT('',(0.,5.));
#1078 = VECTOR('',#1079,1.);
#1079 = DIRECTION('',(1.,0.));
#1080 = ( GEOMETRIC_REPRESENTATION_CONTEXT(2) 
PARAMETRIC_REPRESENTATION_CONTEXT() REPRESENTATION_CONTEXT('2D SPACE',''
  ) );
#1081 = PCURVE('',#1082,#1087);
#1082 = TOROIDAL_SURFACE('',#1083,0.4,0.15);
#1083 = AXIS2_PLACEMENT_3D('',#1084,#1085,#1086);
#1084 = CARTESIAN_POINT('',(1.6,5.551115123126E-17,-5.));
#1085 = DIRECTION('',(1.,-1.110223024625E-16,-1.110223024625E-16));
#1086 = DIRECTION('',(-1.110223024625E-16,-1.,0.));
#1087 = DEFINITIONAL_REPRESENTATION('',(#1088),#1092);
#1088 = LINE('',#1089,#1090);
#1089 = CARTESIAN_POINT('',(0.,9.424777960769));
#1090 = VECTOR('',#1091,1.);
#1091 = DIRECTION('',(-0.,-1.));
#1092 = ( GEOMETRIC_REPRESENTATION_CONTEXT(2) 
PARAMETRIC_REPRESENTATION_CONTEXT() REPRESENTATION_CONTEXT('2D SPACE',''
  ) );
#1093 = ORIENTED_EDGE('',*,*,#1044,.F.);
#1094 = ORIENTED_EDGE('',*,*,#415,.T.);
#1095 = ADVANCED_FACE('',(#1096,#1101),#512,.T.);
#1096 = FACE_BOUND('',#1097,.T.);
#1097 = EDGE_LOOP('',(#1098,#1099,#1100));
#1098 = ORIENTED_EDGE('',*,*,#498,.F.);
#1099 = ORIENTED_EDGE('',*,*,#527,.T.);
#1100 = ORIENTED_EDGE('',*,*,#578,.F.);
#1101 = FACE_BOUND('',#1102,.T.);
#1102 = EDGE_LOOP('',(#1103));
#1103 = ORIENTED_EDGE('',*,*,#1104,.F.);
#1104 = EDGE_CURVE('',#1105,#1105,#1107,.T.);
#1105 = VERTEX_POINT('',#1106);
#1106 = CARTESIAN_POINT('',(0.909936568129,-1.369936568129,1.5));
#1107 = SURFACE_CURVE('',#1108,(#1113,#1120),.PCURVE_S1.);
#1108 = CIRCLE('',#1109,0.35);
#1109 = AXIS2_PLACEMENT_3D('',#1110,#1111,#1112);
#1110 = CARTESIAN_POINT('',(0.559936568129,-1.369936568129,1.5));
#1111 = DIRECTION('',(0.,0.,1.));
#1112 = DIRECTION('',(1.,0.,0.));
#1113 = PCURVE('',#512,#1114);
#1114 = DEFINITIONAL_REPRESENTATION('',(#1115),#1119);
#1115 = CIRCLE('',#1116,0.35);
#1116 = AXIS2_PLACEMENT_2D('',#1117,#1118);
#1117 = CARTESIAN_POINT('',(0.549936568129,-1.349936568129));
#1118 = DIRECTION('',(1.,0.));
#1119 = ( GEOMETRIC_REPRESENTATION_CONTEXT(2) 
PARAMETRIC_REPRESENTATION_CONTEXT() REPRESENTATION_CONTEXT('2D SPACE',''
  ) );
#1120 = PCURVE('',#1121,#1126);
#1121 = CYLINDRICAL_SURFACE('',#1122,0.35);
#1122 = AXIS2_PLACEMENT_3D('',#1123,#1124,#1125);
#1123 = CARTESIAN_POINT('',(0.559936568129,-1.369936568129,1.5));
#1124 = DIRECTION('',(-0.,-0.,-1.));
#1125 = DIRECTION('',(1.,0.,0.));
#1126 = DEFINITIONAL_REPRESENTATION('',(#1127),#1131);
#1127 = LINE('',#1128,#1129);
#1128 = CARTESIAN_POINT('',(-0.,0.));
#1129 = VECTOR('',#1130,1.);
#1130 = DIRECTION('',(-1.,0.));
#1131 = ( GEOMETRIC_REPRESENTATION_CONTEXT(2) 
PARAMETRIC_REPRESENTATION_CONTEXT() REPRESENTATION_CONTEXT('2D SPACE',''
  ) );
#1132 = ADVANCED_FACE('',(#1133),#642,.T.);
#1133 = FACE_BOUND('',#1134,.T.);
#1134 = EDGE_LOOP('',(#1135,#1159,#1186,#1187));
#1135 = ORIENTED_EDGE('',*,*,#1136,.T.);
#1136 = EDGE_CURVE('',#605,#1137,#1139,.T.);
#1137 = VERTEX_POINT('',#1138);
#1138 = CARTESIAN_POINT('',(0.4,1.45,-7.5));
#1139 = SEAM_CURVE('',#1140,(#1145,#1152),.PCURVE_S1.);
#1140 = CIRCLE('',#1141,1.45);
#1141 = AXIS2_PLACEMENT_3D('',#1142,#1143,#1144);
#1142 = CARTESIAN_POINT('',(0.4,2.22044604925E-16,-7.5));
#1143 = DIRECTION('',(1.,-1.110223024625E-16,-1.110223024625E-16));
#1144 = DIRECTION('',(-1.110223024625E-16,-1.,0.));
#1145 = PCURVE('',#642,#1146);
#1146 = DEFINITIONAL_REPRESENTATION('',(#1147),#1151);
#1147 = LINE('',#1148,#1149);
#1148 = CARTESIAN_POINT('',(0.,3.14159265359));
#1149 = VECTOR('',#1150,1.);
#1150 = DIRECTION('',(1.,0.));
#1151 = ( GEOMETRIC_REPRESENTATION_CONTEXT(2) 
PARAMETRIC_REPRESENTATION_CONTEXT() REPRESENTATION_CONTEXT('2D SPACE',''
  ) );
#1152 = PCURVE('',#642,#1153);
#1153 = DEFINITIONAL_REPRESENTATION('',(#1154),#1158);
#1154 = LINE('',#1155,#1156);
#1155 = CARTESIAN_POINT('',(0.,9.424777960769));
#1156 = VECTOR('',#1157,1.);
#1157 = DIRECTION('',(1.,0.));
#1158 = ( GEOMETRIC_REPRESENTATION_CONTEXT(2) 
PARAMETRIC_REPRESENTATION_CONTEXT() REPRESENTATION_CONTEXT('2D SPACE',''
  ) );
#1159 = ORIENTED_EDGE('',*,*,#1160,.T.);
#1160 = EDGE_CURVE('',#1137,#1137,#1161,.T.);
#1161 = SURFACE_CURVE('',#1162,(#1167,#1174),.PCURVE_S1.);
#1162 = CIRCLE('',#1163,0.15);
#1163 = AXIS2_PLACEMENT_3D('',#1164,#1165,#1166);
#1164 = CARTESIAN_POINT('',(0.4,1.6,-7.5));
#1165 = DIRECTION('',(-1.110223024625E-16,-1.224646799147E-16,-1.));
#1166 = DIRECTION('',(1.110223024625E-16,1.,-1.224646799147E-16));
#1167 = PCURVE('',#642,#1168);
#1168 = DEFINITIONAL_REPRESENTATION('',(#1169),#1173);
#1169 = LINE('',#1170,#1171);
#1170 = CARTESIAN_POINT('',(3.14159265359,0.));
#1171 = VECTOR('',#1172,1.);
#1172 = DIRECTION('',(0.,1.));
#1173 = ( GEOMETRIC_REPRESENTATION_CONTEXT(2) 
PARAMETRIC_REPRESENTATION_CONTEXT() REPRESENTATION_CONTEXT('2D SPACE',''
  ) );
#1174 = PCURVE('',#1175,#1180);
#1175 = CYLINDRICAL_SURFACE('',#1176,0.15);
#1176 = AXIS2_PLACEMENT_3D('',#1177,#1178,#1179);
#1177 = CARTESIAN_POINT('',(0.4,1.6,-7.5));
#1178 = DIRECTION('',(1.110223024625E-16,-1.232595164408E-32,1.));
#1179 = DIRECTION('',(-1.110223024625E-16,-1.,0.));
#1180 = DEFINITIONAL_REPRESENTATION('',(#1181),#1185);
#1181 = LINE('',#1182,#1183);
#1182 = CARTESIAN_POINT('',(9.424777960769,0.));
#1183 = VECTOR('',#1184,1.);
#1184 = DIRECTION('',(-1.,-0.));
#1185 = ( GEOMETRIC_REPRESENTATION_CONTEXT(2) 
PARAMETRIC_REPRESENTATION_CONTEXT() REPRESENTATION_CONTEXT('2D SPACE',''
  ) );
#1186 = ORIENTED_EDGE('',*,*,#1136,.F.);
#1187 = ORIENTED_EDGE('',*,*,#627,.T.);
#1188 = ADVANCED_FACE('',(#1189),#697,.T.);
#1189 = FACE_BOUND('',#1190,.T.);
#1190 = EDGE_LOOP('',(#1191,#1215,#1242,#1243));
#1191 = ORIENTED_EDGE('',*,*,#1192,.T.);
#1192 = EDGE_CURVE('',#660,#1193,#1195,.T.);
#1193 = VERTEX_POINT('',#1194);
#1194 = CARTESIAN_POINT('',(0.4,1.05,-6.666666666667));
#1195 = SEAM_CURVE('',#1196,(#1201,#1208),.PCURVE_S1.);
#1196 = CIRCLE('',#1197,1.05);
#1197 = AXIS2_PLACEMENT_3D('',#1198,#1199,#1200);
#1198 = CARTESIAN_POINT('',(0.4,0.,-6.666666666667));
#1199 = DIRECTION('',(1.,-1.110223024625E-16,-1.110223024625E-16));
#1200 = DIRECTION('',(-1.110223024625E-16,-1.,0.));
#1201 = PCURVE('',#697,#1202);
#1202 = DEFINITIONAL_REPRESENTATION('',(#1203),#1207);
#1203 = LINE('',#1204,#1205);
#1204 = CARTESIAN_POINT('',(0.,3.14159265359));
#1205 = VECTOR('',#1206,1.);
#1206 = DIRECTION('',(1.,0.));
#1207 = ( GEOMETRIC_REPRESENTATION_CONTEXT(2) 
PARAMETRIC_REPRESENTATION_CONTEXT() REPRESENTATION_CONTEXT('2D SPACE',''
  ) );
#1208 = PCURVE('',#697,#1209);
#1209 = DEFINITIONAL_REPRESENTATION('',(#1210),#1214);
#1210 = LINE('',#1211,#1212);
#1211 = CARTESIAN_POINT('',(0.,9.424777960769));
#1212 = VECTOR('',#1213,1.);
#1213 = DIRECTION('',(1.,0.));
#1214 = ( GEOMETRIC_REPRESENTATION_CONTEXT(2) 
PARAMETRIC_REPRESENTATION_CONTEXT() REPRESENTATION_CONTEXT('2D SPACE',''
  ) );
#1215 = ORIENTED_EDGE('',*,*,#1216,.T.);
#1216 = EDGE_CURVE('',#1193,#1193,#1217,.T.);
#1217 = SURFACE_CURVE('',#1218,(#1223,#1230),.PCURVE_S1.);
#1218 = CIRCLE('',#1219,0.15);
#1219 = AXIS2_PLACEMENT_3D('',#1220,#1221,#1222);
#1220 = CARTESIAN_POINT('',(0.4,1.2,-6.666666666667));
#1221 = DIRECTION('',(-1.110223024625E-16,-1.224646799147E-16,-1.));
#1222 = DIRECTION('',(1.110223024625E-16,1.,-1.224646799147E-16));
#1223 = PCURVE('',#697,#1224);
#1224 = DEFINITIONAL_REPRESENTATION('',(#1225),#1229);
#1225 = LINE('',#1226,#1227);
#1226 = CARTESIAN_POINT('',(3.14159265359,0.));
#1227 = VECTOR('',#1228,1.);
#1228 = DIRECTION('',(0.,1.));
#1229 = ( GEOMETRIC_REPRESENTATION_CONTEXT(2) 
PARAMETRIC_REPRESENTATION_CONTEXT() REPRESENTATION_CONTEXT('2D SPACE',''
  ) );
#1230 = PCURVE('',#1231,#1236);
#1231 = CYLINDRICAL_SURFACE('',#1232,0.15);
#1232 = AXIS2_PLACEMENT_3D('',#1233,#1234,#1235);
#1233 = CARTESIAN_POINT('',(0.4,1.2,-6.666666666667));
#1234 = DIRECTION('',(1.110223024625E-16,-1.232595164408E-32,1.));
#1235 = DIRECTION('',(-1.110223024625E-16,-1.,0.));
#1236 = DEFINITIONAL_REPRESENTATION('',(#1237),#1241);
#1237 = LINE('',#1238,#1239);
#1238 = CARTESIAN_POINT('',(9.424777960769,0.));
#1239 = VECTOR('',#1240,1.);
#1240 = DIRECTION('',(-1.,-0.));
#1241 = ( GEOMETRIC_REPRESENTATION_CONTEXT(2) 
PARAMETRIC_REPRESENTATION_CONTEXT() REPRESENTATION_CONTEXT('2D SPACE',''
  ) );
#1242 = ORIENTED_EDGE('',*,*,#1192,.F.);
#1243 = ORIENTED_EDGE('',*,*,#682,.T.);
#1244 = ADVANCED_FACE('',(#1245),#752,.T.);
#1245 = FACE_BOUND('',#1246,.T.);
#1246 = EDGE_LOOP('',(#1247,#1271,#1298,#1299));
#1247 = ORIENTED_EDGE('',*,*,#1248,.T.);
#1248 = EDGE_CURVE('',#715,#1249,#1251,.T.);
#1249 = VERTEX_POINT('',#1250);
#1250 = CARTESIAN_POINT('',(1.,1.05,-6.666666666667));
#1251 = SEAM_CURVE('',#1252,(#1257,#1264),.PCURVE_S1.);
#1252 = CIRCLE('',#1253,1.05);
#1253 = AXIS2_PLACEMENT_3D('',#1254,#1255,#1256);
#1254 = CARTESIAN_POINT('',(1.,0.,-6.666666666667));
#1255 = DIRECTION('',(1.,-1.110223024625E-16,-1.110223024625E-16));
#1256 = DIRECTION('',(-1.110223024625E-16,-1.,0.));
#1257 = PCURVE('',#752,#1258);
#1258 = DEFINITIONAL_REPRESENTATION('',(#1259),#1263);
#1259 = LINE('',#1260,#1261);
#1260 = CARTESIAN_POINT('',(0.,3.14159265359));
#1261 = VECTOR('',#1262,1.);
#1262 = DIRECTION('',(1.,0.));
#1263 = ( GEOMETRIC_REPRESENTATION_CONTEXT(2) 
PARAMETRIC_REPRESENTATION_CONTEXT() REPRESENTATION_CONTEXT('2D SPACE',''
  ) );
#1264 = PCURVE('',#752,#1265);
#1265 = DEFINITIONAL_REPRESENTATION('',(#1266),#1270);
#1266 = LINE('',#1267,#1268);
#1267 = CARTESIAN_POINT('',(0.,9.424777960769));
#1268 = VECTOR('',#1269,1.);
#1269 = DIRECTION('',(1.,0.));
#1270 = ( GEOMETRIC_REPRESENTATION_CONTEXT(2) 
PARAMETRIC_REPRESENTATION_CONTEXT() REPRESENTATION_CONTEXT('2D SPACE',''
  ) );
#1271 = ORIENTED_EDGE('',*,*,#1272,.T.);
#1272 = EDGE_CURVE('',#1249,#1249,#1273,.T.);
#1273 = SURFACE_CURVE('',#1274,(#1279,#1286),.PCURVE_S1.);
#1274 = CIRCLE('',#1275,0.15);
#1275 = AXIS2_PLACEMENT_3D('',#1276,#1277,#1278);
#1276 = CARTESIAN_POINT('',(1.,1.2,-6.666666666667));
#1277 = DIRECTION('',(-1.110223024625E-16,-1.224646799147E-16,-1.));
#1278 = DIRECTION('',(1.110223024625E-16,1.,-1.224646799147E-16));
#1279 = PCURVE('',#752,#1280);
#1280 = DEFINITIONAL_REPRESENTATION('',(#1281),#1285);
#1281 = LINE('',#1282,#1283);
#1282 = CARTESIAN_POINT('',(3.14159265359,0.));
#1283 = VECTOR('',#1284,1.);
#1284 = DIRECTION('',(0.,1.));
#1285 = ( GEOMETRIC_REPRESENTATION_CONTEXT(2) 
PARAMETRIC_REPRESENTATION_CONTEXT() REPRESENTATION_CONTEXT('2D SPACE',''
  ) );
#1286 = PCURVE('',#1287,#1292);
#1287 = CYLINDRICAL_SURFACE('',#1288,0.15);
#1288 = AXIS2_PLACEMENT_3D('',#1289,#1290,#1291);
#1289 = CARTESIAN_POINT('',(1.,1.2,-6.666666666667));
#1290 = DIRECTION('',(1.110223024625E-16,-1.232595164408E-32,1.));
#1291 = DIRECTION('',(-1.110223024625E-16,-1.,0.));
#1292 = DEFINITIONAL_REPRESENTATION('',(#1293),#1297);
#1293 = LINE('',#1294,#1295);
#1294 = CARTESIAN_POINT('',(9.424777960769,0.));
#1295 = VECTOR('',#1296,1.);
#1296 = DIRECTION('',(-1.,-0.));
#1297 = ( GEOMETRIC_REPRESENTATION_CONTEXT(2) 
PARAMETRIC_REPRESENTATION_CONTEXT() REPRESENTATION_CONTEXT('2D SPACE',''
  ) );
#1298 = ORIENTED_EDGE('',*,*,#1248,.F.);
#1299 = ORIENTED_EDGE('',*,*,#737,.T.);
#1300 = ADVANCED_FACE('',(#1301),#807,.T.);
#1301 = FACE_BOUND('',#1302,.T.);
#1302 = EDGE_LOOP('',(#1303,#1327,#1354,#1355));
#1303 = ORIENTED_EDGE('',*,*,#1304,.T.);
#1304 = EDGE_CURVE('',#770,#1305,#1307,.T.);
#1305 = VERTEX_POINT('',#1306);
#1306 = CARTESIAN_POINT('',(0.4,0.65,-5.833333333333));
#1307 = SEAM_CURVE('',#1308,(#1313,#1320),.PCURVE_S1.);
#1308 = CIRCLE('',#1309,0.65);
#1309 = AXIS2_PLACEMENT_3D('',#1310,#1311,#1312);
#1310 = CARTESIAN_POINT('',(0.4,1.110223024625E-16,-5.833333333333));
#1311 = DIRECTION('',(1.,-1.110223024625E-16,-1.110223024625E-16));
#1312 = DIRECTION('',(-1.110223024625E-16,-1.,-1.110223024625E-15));
#1313 = PCURVE('',#807,#1314);
#1314 = DEFINITIONAL_REPRESENTATION('',(#1315),#1319);
#1315 = LINE('',#1316,#1317);
#1316 = CARTESIAN_POINT('',(0.,3.14159265359));
#1317 = VECTOR('',#1318,1.);
#1318 = DIRECTION('',(1.,0.));
#1319 = ( GEOMETRIC_REPRESENTATION_CONTEXT(2) 
PARAMETRIC_REPRESENTATION_CONTEXT() REPRESENTATION_CONTEXT('2D SPACE',''
  ) );
#1320 = PCURVE('',#807,#1321);
#1321 = DEFINITIONAL_REPRESENTATION('',(#1322),#1326);
#1322 = LINE('',#1323,#1324);
#1323 = CARTESIAN_POINT('',(0.,9.424777960769));
#1324 = VECTOR('',#1325,1.);
#1325 = DIRECTION('',(1.,0.));
#1326 = ( GEOMETRIC_REPRESENTATION_CONTEXT(2) 
PARAMETRIC_REPRESENTATION_CONTEXT() REPRESENTATION_CONTEXT('2D SPACE',''
  ) );
#1327 = ORIENTED_EDGE('',*,*,#1328,.T.);
#1328 = EDGE_CURVE('',#1305,#1305,#1329,.T.);
#1329 = SURFACE_CURVE('',#1330,(#1335,#1342),.PCURVE_S1.);
#1330 = CIRCLE('',#1331,0.15);
#1331 = AXIS2_PLACEMENT_3D('',#1332,#1333,#1334);
#1332 = CARTESIAN_POINT('',(0.4,0.8,-5.833333333333));
#1333 = DIRECTION('',(-1.110223024625E-16,-1.23268770454E-15,-1.));
#1334 = DIRECTION('',(1.110223024625E-16,1.,-1.23268770454E-15));
#1335 = PCURVE('',#807,#1336);
#1336 = DEFINITIONAL_REPRESENTATION('',(#1337),#1341);
#1337 = LINE('',#1338,#1339);
#1338 = CARTESIAN_POINT('',(3.14159265359,0.));
#1339 = VECTOR('',#1340,1.);
#1340 = DIRECTION('',(0.,1.));
#1341 = ( GEOMETRIC_REPRESENTATION_CONTEXT(2) 
PARAMETRIC_REPRESENTATION_CONTEXT() REPRESENTATION_CONTEXT('2D SPACE',''
  ) );
#1342 = PCURVE('',#1343,#1348);
#1343 = CYLINDRICAL_SURFACE('',#1344,0.15);
#1344 = AXIS2_PLACEMENT_3D('',#1345,#1346,#1347);
#1345 = CARTESIAN_POINT('',(0.4,0.8,-5.833333333333));
#1346 = DIRECTION('',(1.110223024625E-16,-1.232595164408E-32,1.));
#1347 = DIRECTION('',(-1.110223024625E-16,-1.,0.));
#1348 = DEFINITIONAL_REPRESENTATION('',(#1349),#1353);
#1349 = LINE('',#1350,#1351);
#1350 = CARTESIAN_POINT('',(9.424777960769,0.));
#1351 = VECTOR('',#1352,1.);
#1352 = DIRECTION('',(-1.,-0.));
#1353 = ( GEOMETRIC_REPRESENTATION_CONTEXT(2) 
PARAMETRIC_REPRESENTATION_CONTEXT() REPRESENTATION_CONTEXT('2D SPACE',''
  ) );
#1354 = ORIENTED_EDGE('',*,*,#1304,.F.);
#1355 = ORIENTED_EDGE('',*,*,#792,.T.);
#1356 = ADVANCED_FACE('',(#1357),#862,.T.);
#1357 = FACE_BOUND('',#1358,.T.);
#1358 = EDGE_LOOP('',(#1359,#1383,#1410,#1411));
#1359 = ORIENTED_EDGE('',*,*,#1360,.T.);
#1360 = EDGE_CURVE('',#825,#1361,#1363,.T.);
#1361 = VERTEX_POINT('',#1362);
#1362 = CARTESIAN_POINT('',(0.4,0.25,-5.));
#1363 = SEAM_CURVE('',#1364,(#1369,#1376),.PCURVE_S1.);
#1364 = CIRCLE('',#1365,0.25);
#1365 = AXIS2_PLACEMENT_3D('',#1366,#1367,#1368);
#1366 = CARTESIAN_POINT('',(0.4,5.551115123126E-17,-5.));
#1367 = DIRECTION('',(1.,-1.110223024625E-16,-1.110223024625E-16));
#1368 = DIRECTION('',(-1.110223024625E-16,-1.,0.));
#1369 = PCURVE('',#862,#1370);
#1370 = DEFINITIONAL_REPRESENTATION('',(#1371),#1375);
#1371 = LINE('',#1372,#1373);
#1372 = CARTESIAN_POINT('',(0.,3.14159265359));
#1373 = VECTOR('',#1374,1.);
#1374 = DIRECTION('',(1.,0.));
#1375 = ( GEOMETRIC_REPRESENTATION_CONTEXT(2) 
PARAMETRIC_REPRESENTATION_CONTEXT() REPRESENTATION_CONTEXT('2D SPACE',''
  ) );
#1376 = PCURVE('',#862,#1377);
#1377 = DEFINITIONAL_REPRESENTATION('',(#1378),#1382);
#1378 = LINE('',#1379,#1380);
#1379 = CARTESIAN_POINT('',(0.,9.424777960769));
#1380 = VECTOR('',#1381,1.);
#1381 = DIRECTION('',(1.,0.));
#1382 = ( GEOMETRIC_REPRESENTATION_CONTEXT(2) 
PARAMETRIC_REPRESENTATION_CONTEXT() REPRESENTATION_CONTEXT('2D SPACE',''
  ) );
#1383 = ORIENTED_EDGE('',*,*,#1384,.T.);
#1384 = EDGE_CURVE('',#1361,#1361,#1385,.T.);
#1385 = SURFACE_CURVE('',#1386,(#1391,#1398),.PCURVE_S1.);
#1386 = CIRCLE('',#1387,0.15);
#1387 = AXIS2_PLACEMENT_3D('',#1388,#1389,#1390);
#1388 = CARTESIAN_POINT('',(0.4,0.4,-5.));
#1389 = DIRECTION('',(-1.110223024625E-16,-1.224646799147E-16,-1.));
#1390 = DIRECTION('',(1.110223024625E-16,1.,-1.224646799147E-16));
#1391 = PCURVE('',#862,#1392);
#1392 = DEFINITIONAL_REPRESENTATION('',(#1393),#1397);
#1393 = LINE('',#1394,#1395);
#1394 = CARTESIAN_POINT('',(3.14159265359,0.));
#1395 = VECTOR('',#1396,1.);
#1396 = DIRECTION('',(0.,1.));
#1397 = ( GEOMETRIC_REPRESENTATION_CONTEXT(2) 
PARAMETRIC_REPRESENTATION_CONTEXT() REPRESENTATION_CONTEXT('2D SPACE',''
  ) );
#1398 = PCURVE('',#1399,#1404);
#1399 = CYLINDRICAL_SURFACE('',#1400,0.15);
#1400 = AXIS2_PLACEMENT_3D('',#1401,#1402,#1403);
#1401 = CARTESIAN_POINT('',(0.4,0.4,-5.));
#1402 = DIRECTION('',(1.110223024625E-16,1.110223024625E-16,1.));
#1403 = DIRECTION('',(-1.110223024625E-16,-1.,1.110223024625E-16));
#1404 = DEFINITIONAL_REPRESENTATION('',(#1405),#1409);
#1405 = LINE('',#1406,#1407);
#1406 = CARTESIAN_POINT('',(9.424777960769,0.));
#1407 = VECTOR('',#1408,1.);
#1408 = DIRECTION('',(-1.,-0.));
#1409 = ( GEOMETRIC_REPRESENTATION_CONTEXT(2) 
PARAMETRIC_REPRESENTATION_CONTEXT() REPRESENTATION_CONTEXT('2D SPACE',''
  ) );
#1410 = ORIENTED_EDGE('',*,*,#1360,.F.);
#1411 = ORIENTED_EDGE('',*,*,#847,.T.);
#1412 = ADVANCED_FACE('',(#1413),#917,.T.);
#1413 = FACE_BOUND('',#1414,.T.);
#1414 = EDGE_LOOP('',(#1415,#1439,#1466,#1467));
#1415 = ORIENTED_EDGE('',*,*,#1416,.T.);
#1416 = EDGE_CURVE('',#880,#1417,#1419,.T.);
#1417 = VERTEX_POINT('',#1418);
#1418 = CARTESIAN_POINT('',(1.,0.65,-5.833333333333));
#1419 = SEAM_CURVE('',#1420,(#1425,#1432),.PCURVE_S1.);
#1420 = CIRCLE('',#1421,0.65);
#1421 = AXIS2_PLACEMENT_3D('',#1422,#1423,#1424);
#1422 = CARTESIAN_POINT('',(1.,1.110223024625E-16,-5.833333333333));
#1423 = DIRECTION('',(1.,-1.110223024625E-16,-1.110223024625E-16));
#1424 = DIRECTION('',(-1.110223024625E-16,-1.,-1.110223024625E-15));
#1425 = PCURVE('',#917,#1426);
#1426 = DEFINITIONAL_REPRESENTATION('',(#1427),#1431);
#1427 = LINE('',#1428,#1429);
#1428 = CARTESIAN_POINT('',(0.,3.14159265359));
#1429 = VECTOR('',#1430,1.);
#1430 = DIRECTION('',(1.,0.));
#1431 = ( GEOMETRIC_REPRESENTATION_CONTEXT(2) 
PARAMETRIC_REPRESENTATION_CONTEXT() REPRESENTATION_CONTEXT('2D SPACE',''
  ) );
#1432 = PCURVE('',#917,#1433);
#1433 = DEFINITIONAL_REPRESENTATION('',(#1434),#1438);
#1434 = LINE('',#1435,#1436);
#1435 = CARTESIAN_POINT('',(0.,9.424777960769));
#1436 = VECTOR('',#1437,1.);
#1437 = DIRECTION('',(1.,0.));
#1438 = ( GEOMETRIC_REPRESENTATION_CONTEXT(2) 
PARAMETRIC_REPRESENTATION_CONTEXT() REPRESENTATION_CONTEXT('2D SPACE',''
  ) );
#1439 = ORIENTED_EDGE('',*,*,#1440,.T.);
#1440 = EDGE_CURVE('',#1417,#1417,#1441,.T.);
#1441 = SURFACE_CURVE('',#1442,(#1447,#1454),.PCURVE_S1.);
#1442 = CIRCLE('',#1443,0.15);
#1443 = AXIS2_PLACEMENT_3D('',#1444,#1445,#1446);
#1444 = CARTESIAN_POINT('',(1.,0.8,-5.833333333333));
#1445 = DIRECTION('',(-1.110223024625E-16,-1.23268770454E-15,-1.));
#1446 = DIRECTION('',(1.110223024625E-16,1.,-1.23268770454E-15));
#1447 = PCURVE('',#917,#1448);
#1448 = DEFINITIONAL_REPRESENTATION('',(#1449),#1453);
#1449 = LINE('',#1450,#1451);
#1450 = CARTESIAN_POINT('',(3.14159265359,0.));
#1451 = VECTOR('',#1452,1.);
#1452 = DIRECTION('',(0.,1.));
#1453 = ( GEOMETRIC_REPRESENTATION_CONTEXT(2) 
PARAMETRIC_REPRESENTATION_CONTEXT() REPRESENTATION_CONTEXT('2D SPACE',''
  ) );
#1454 = PCURVE('',#1455,#1460);
#1455 = CYLINDRICAL_SURFACE('',#1456,0.15);
#1456 = AXIS2_PLACEMENT_3D('',#1457,#1458,#1459);
#1457 = CARTESIAN_POINT('',(1.,0.8,-5.833333333333));
#1458 = DIRECTION('',(1.110223024625E-16,-1.232595164408E-32,1.));
#1459 = DIRECTION('',(-1.110223024625E-16,-1.,0.));
#1460 = DEFINITIONAL_REPRESENTATION('',(#1461),#1465);
#1461 = LINE('',#1462,#1463);
#1462 = CARTESIAN_POINT('',(9.424777960769,0.));
#1463 = VECTOR('',#1464,1.);
#1464 = DIRECTION('',(-1.,-0.));
#1465 = ( GEOMETRIC_REPRESENTATION_CONTEXT(2) 
PARAMETRIC_REPRESENTATION_CONTEXT() REPRESENTATION_CONTEXT('2D SPACE',''
  ) );
#1466 = ORIENTED_EDGE('',*,*,#1416,.F.);
#1467 = ORIENTED_EDGE('',*,*,#902,.T.);
#1468 = ADVANCED_FACE('',(#1469),#972,.T.);
#1469 = FACE_BOUND('',#1470,.T.);
#1470 = EDGE_LOOP('',(#1471,#1495,#1522,#1523));
#1471 = ORIENTED_EDGE('',*,*,#1472,.T.);
#1472 = EDGE_CURVE('',#935,#1473,#1475,.T.);
#1473 = VERTEX_POINT('',#1474);
#1474 = CARTESIAN_POINT('',(1.6,0.65,-5.833333333333));
#1475 = SEAM_CURVE('',#1476,(#1481,#1488),.PCURVE_S1.);
#1476 = CIRCLE('',#1477,0.65);
#1477 = AXIS2_PLACEMENT_3D('',#1478,#1479,#1480);
#1478 = CARTESIAN_POINT('',(1.6,1.110223024625E-16,-5.833333333333));
#1479 = DIRECTION('',(1.,-1.110223024625E-16,-1.110223024625E-16));
#1480 = DIRECTION('',(-1.110223024625E-16,-1.,-1.110223024625E-15));
#1481 = PCURVE('',#972,#1482);
#1482 = DEFINITIONAL_REPRESENTATION('',(#1483),#1487);
#1483 = LINE('',#1484,#1485);
#1484 = CARTESIAN_POINT('',(0.,3.14159265359));
#1485 = VECTOR('',#1486,1.);
#1486 = DIRECTION('',(1.,0.));
#1487 = ( GEOMETRIC_REPRESENTATION_CONTEXT(2) 
PARAMETRIC_REPRESENTATION_CONTEXT() REPRESENTATION_CONTEXT('2D SPACE',''
  ) );
#1488 = PCURVE('',#972,#1489);
#1489 = DEFINITIONAL_REPRESENTATION('',(#1490),#1494);
#1490 = LINE('',#1491,#1492);
#1491 = CARTESIAN_POINT('',(0.,9.424777960769));
#1492 = VECTOR('',#1493,1.);
#1493 = DIRECTION('',(1.,0.));
#1494 = ( GEOMETRIC_REPRESENTATION_CONTEXT(2) 
PARAMETRIC_REPRESENTATION_CONTEXT() REPRESENTATION_CONTEXT('2D SPACE',''
  ) );
#1495 = ORIENTED_EDGE('',*,*,#1496,.T.);
#1496 = EDGE_CURVE('',#1473,#1473,#1497,.T.);
#1497 = SURFACE_CURVE('',#1498,(#1503,#1510),.PCURVE_S1.);
#1498 = CIRCLE('',#1499,0.15);
#1499 = AXIS2_PLACEMENT_3D('',#1500,#1501,#1502);
#1500 = CARTESIAN_POINT('',(1.6,0.8,-5.833333333333));
#1501 = DIRECTION('',(-1.110223024625E-16,-1.23268770454E-15,-1.));
#1502 = DIRECTION('',(1.110223024625E-16,1.,-1.23268770454E-15));
#1503 = PCURVE('',#972,#1504);
#1504 = DEFINITIONAL_REPRESENTATION('',(#1505),#1509);
#1505 = LINE('',#1506,#1507);
#1506 = CARTESIAN_POINT('',(3.14159265359,0.));
#1507 = VECTOR('',#1508,1.);
#1508 = DIRECTION('',(0.,1.));
#1509 = ( GEOMETRIC_REPRESENTATION_CONTEXT(2) 
PARAMETRIC_REPRESENTATION_CONTEXT() REPRESENTATION_CONTEXT('2D SPACE',''
  ) );
#1510 = PCURVE('',#1511,#1516);
#1511 = CYLINDRICAL_SURFACE('',#1512,0.15);
#1512 = AXIS2_PLACEMENT_3D('',#1513,#1514,#1515);
#1513 = CARTESIAN_POINT('',(1.6,0.8,-5.833333333333));
#1514 = DIRECTION('',(1.110223024625E-16,-1.232595164408E-32,1.));
#1515 = DIRECTION('',(-1.110223024625E-16,-1.,0.));
#1516 = DEFINITIONAL_REPRESENTATION('',(#1517),#1521);
#1517 = LINE('',#1518,#1519);
#1518 = CARTESIAN_POINT('',(9.424777960769,0.));
#1519 = VECTOR('',#1520,1.);
#1520 = DIRECTION('',(-1.,-0.));
#1521 = ( GEOMETRIC_REPRESENTATION_CONTEXT(2) 
PARAMETRIC_REPRESENTATION_CONTEXT() REPRESENTATION_CONTEXT('2D SPACE',''
  ) );
#1522 = ORIENTED_EDGE('',*,*,#1472,.F.);
#1523 = ORIENTED_EDGE('',*,*,#957,.T.);
#1524 = ADVANCED_FACE('',(#1525),#1027,.T.);
#1525 = FACE_BOUND('',#1526,.T.);
#1526 = EDGE_LOOP('',(#1527,#1551,#1578,#1579));
#1527 = ORIENTED_EDGE('',*,*,#1528,.T.);
#1528 = EDGE_CURVE('',#990,#1529,#1531,.T.);
#1529 = VERTEX_POINT('',#1530);
#1530 = CARTESIAN_POINT('',(1.,0.25,-5.));
#1531 = SEAM_CURVE('',#1532,(#1537,#1544),.PCURVE_S1.);
#1532 = CIRCLE('',#1533,0.25);
#1533 = AXIS2_PLACEMENT_3D('',#1534,#1535,#1536);
#1534 = CARTESIAN_POINT('',(1.,5.551115123126E-17,-5.));
#1535 = DIRECTION('',(1.,-1.110223024625E-16,-1.110223024625E-16));
#1536 = DIRECTION('',(-1.110223024625E-16,-1.,0.));
#1537 = PCURVE('',#1027,#1538);
#1538 = DEFINITIONAL_REPRESENTATION('',(#1539),#1543);
#1539 = LINE('',#1540,#1541);
#1540 = CARTESIAN_POINT('',(0.,3.14159265359));
#1541 = VECTOR('',#1542,1.);
#1542 = DIRECTION('',(1.,0.));
#1543 = ( GEOMETRIC_REPRESENTATION_CONTEXT(2) 
PARAMETRIC_REPRESENTATION_CONTEXT() REPRESENTATION_CONTEXT('2D SPACE',''
  ) );
#1544 = PCURVE('',#1027,#1545);
#1545 = DEFINITIONAL_REPRESENTATION('',(#1546),#1550);
#1546 = LINE('',#1547,#1548);
#1547 = CARTESIAN_POINT('',(0.,9.424777960769));
#1548 = VECTOR('',#1549,1.);
#1549 = DIRECTION('',(1.,0.));
#1550 = ( GEOMETRIC_REPRESENTATION_CONTEXT(2) 
PARAMETRIC_REPRESENTATION_CONTEXT() REPRESENTATION_CONTEXT('2D SPACE',''
  ) );
#1551 = ORIENTED_EDGE('',*,*,#1552,.T.);
#1552 = EDGE_CURVE('',#1529,#1529,#1553,.T.);
#1553 = SURFACE_CURVE('',#1554,(#1559,#1566),.PCURVE_S1.);
#1554 = CIRCLE('',#1555,0.15);
#1555 = AXIS2_PLACEMENT_3D('',#1556,#1557,#1558);
#1556 = CARTESIAN_POINT('',(1.,0.4,-5.));
#1557 = DIRECTION('',(-1.110223024625E-16,-1.224646799147E-16,-1.));
#1558 = DIRECTION('',(1.110223024625E-16,1.,-1.224646799147E-16));
#1559 = PCURVE('',#1027,#1560);
#1560 = DEFINITIONAL_REPRESENTATION('',(#1561),#1565);
#1561 = LINE('',#1562,#1563);
#1562 = CARTESIAN_POINT('',(3.14159265359,0.));
#1563 = VECTOR('',#1564,1.);
#1564 = DIRECTION('',(0.,1.));
#1565 = ( GEOMETRIC_REPRESENTATION_CONTEXT(2) 
PARAMETRIC_REPRESENTATION_CONTEXT() REPRESENTATION_CONTEXT('2D SPACE',''
  ) );
#1566 = PCURVE('',#1567,#1572);
#1567 = CYLINDRICAL_SURFACE('',#1568,0.15);
#1568 = AXIS2_PLACEMENT_3D('',#1569,#1570,#1571);
#1569 = CARTESIAN_POINT('',(1.,0.4,-5.));
#1570 = DIRECTION('',(1.110223024625E-16,1.110223024625E-16,1.));
#1571 = DIRECTION('',(-1.110223024625E-16,-1.,1.110223024625E-16));
#1572 = DEFINITIONAL_REPRESENTATION('',(#1573),#1577);
#1573 = LINE('',#1574,#1575);
#1574 = CARTESIAN_POINT('',(9.424777960769,0.));
#1575 = VECTOR('',#1576,1.);
#1576 = DIRECTION('',(-1.,-0.));
#1577 = ( GEOMETRIC_REPRESENTATION_CONTEXT(2) 
PARAMETRIC_REPRESENTATION_CONTEXT() REPRESENTATION_CONTEXT('2D SPACE',''
  ) );
#1578 = ORIENTED_EDGE('',*,*,#1528,.F.);
#1579 = ORIENTED_EDGE('',*,*,#1012,.T.);
#1580 = ADVANCED_FACE('',(#1581),#1082,.T.);
#1581 = FACE_BOUND('',#1582,.T.);
#1582 = EDGE_LOOP('',(#1583,#1607,#1634,#1635));
#1583 = ORIENTED_EDGE('',*,*,#1584,.T.);
#1584 = EDGE_CURVE('',#1045,#1585,#1587,.T.);
#1585 = VERTEX_POINT('',#1586);
#1586 = CARTESIAN_POINT('',(1.6,0.25,-5.));
#1587 = SEAM_CURVE('',#1588,(#1593,#1600),.PCURVE_S1.);
#1588 = CIRCLE('',#1589,0.25);
#1589 = AXIS2_PLACEMENT_3D('',#1590,#1591,#1592);
#1590 = CARTESIAN_POINT('',(1.6,5.551115123126E-17,-5.));
#1591 = DIRECTION('',(1.,-1.110223024625E-16,-1.110223024625E-16));
#1592 = DIRECTION('',(-1.110223024625E-16,-1.,0.));
#1593 = PCURVE('',#1082,#1594);
#1594 = DEFINITIONAL_REPRESENTATION('',(#1595),#1599);
#1595 = LINE('',#1596,#1597);
#1596 = CARTESIAN_POINT('',(0.,3.14159265359));
#1597 = VECTOR('',#1598,1.);
#1598 = DIRECTION('',(1.,0.));
#1599 = ( GEOMETRIC_REPRESENTATION_CONTEXT(2) 
PARAMETRIC_REPRESENTATION_CONTEXT() REPRESENTATION_CONTEXT('2D SPACE',''
  ) );
#1600 = PCURVE('',#1082,#1601);
#1601 = DEFINITIONAL_REPRESENTATION('',(#1602),#1606);
#1602 = LINE('',#1603,#1604);
#1603 = CARTESIAN_POINT('',(0.,9.424777960769));
#1604 = VECTOR('',#1605,1.);
#1605 = DIRECTION('',(1.,0.));
#1606 = ( GEOMETRIC_REPRESENTATION_CONTEXT(2) 
PARAMETRIC_REPRESENTATION_CONTEXT() REPRESENTATION_CONTEXT('2D SPACE',''
  ) );
#1607 = ORIENTED_EDGE('',*,*,#1608,.T.);
#1608 = EDGE_CURVE('',#1585,#1585,#1609,.T.);
#1609 = SURFACE_CURVE('',#1610,(#1615,#1622),.PCURVE_S1.);
#1610 = CIRCLE('',#1611,0.15);
#1611 = AXIS2_PLACEMENT_3D('',#1612,#1613,#1614);
#1612 = CARTESIAN_POINT('',(1.6,0.4,-5.));
#1613 = DIRECTION('',(-1.110223024625E-16,-1.224646799147E-16,-1.));
#1614 = DIRECTION('',(1.110223024625E-16,1.,-1.224646799147E-16));
#1615 = PCURVE('',#1082,#1616);
#1616 = DEFINITIONAL_REPRESENTATION('',(#1617),#1621);
#1617 = LINE('',#1618,#1619);
#1618 = CARTESIAN_POINT('',(3.14159265359,0.));
#1619 = VECTOR('',#1620,1.);
#1620 = DIRECTION('',(0.,1.));
#1621 = ( GEOMETRIC_REPRESENTATION_CONTEXT(2) 
PARAMETRIC_REPRESENTATION_CONTEXT() REPRESENTATION_CONTEXT('2D SPACE',''
  ) );
#1622 = PCURVE('',#1623,#1628);
#1623 = CYLINDRICAL_SURFACE('',#1624,0.15);
#1624 = AXIS2_PLACEMENT_3D('',#1625,#1626,#1627);
#1625 = CARTESIAN_POINT('',(1.6,0.4,-5.));
#1626 = DIRECTION('',(1.110223024625E-16,1.110223024625E-16,1.));
#1627 = DIRECTION('',(-1.110223024625E-16,-1.,1.110223024625E-16));
#1628 = DEFINITIONAL_REPRESENTATION('',(#1629),#1633);
#1629 = LINE('',#1630,#1631);
#1630 = CARTESIAN_POINT('',(9.424777960769,0.));
#1631 = VECTOR('',#1632,1.);
#1632 = DIRECTION('',(-1.,-0.));
#1633 = ( GEOMETRIC_REPRESENTATION_CONTEXT(2) 
PARAMETRIC_REPRESENTATION_CONTEXT() REPRESENTATION_CONTEXT('2D SPACE',''
  ) );
#1634 = ORIENTED_EDGE('',*,*,#1584,.F.);
#1635 = ORIENTED_EDGE('',*,*,#1067,.T.);
#1636 = ADVANCED_FACE('',(#1637),#1121,.T.);
#1637 = FACE_BOUND('',#1638,.F.);
#1638 = EDGE_LOOP('',(#1639,#1662,#1689,#1690));
#1639 = ORIENTED_EDGE('',*,*,#1640,.T.);
#1640 = EDGE_CURVE('',#1105,#1641,#1643,.T.);
#1641 = VERTEX_POINT('',#1642);
#1642 = CARTESIAN_POINT('',(0.909936568129,-1.369936568129,2.05));
#1643 = SEAM_CURVE('',#1644,(#1648,#1655),.PCURVE_S1.);
#1644 = LINE('',#1645,#1646);
#1645 = CARTESIAN_POINT('',(0.909936568129,-1.369936568129,1.5));
#1646 = VECTOR('',#1647,1.);
#1647 = DIRECTION('',(0.,0.,1.));
#1648 = PCURVE('',#1121,#1649);
#1649 = DEFINITIONAL_REPRESENTATION('',(#1650),#1654);
#1650 = LINE('',#1651,#1652);
#1651 = CARTESIAN_POINT('',(-0.,0.));
#1652 = VECTOR('',#1653,1.);
#1653 = DIRECTION('',(-0.,-1.));
#1654 = ( GEOMETRIC_REPRESENTATION_CONTEXT(2) 
PARAMETRIC_REPRESENTATION_CONTEXT() REPRESENTATION_CONTEXT('2D SPACE',''
  ) );
#1655 = PCURVE('',#1121,#1656);
#1656 = DEFINITIONAL_REPRESENTATION('',(#1657),#1661);
#1657 = LINE('',#1658,#1659);
#1658 = CARTESIAN_POINT('',(-6.28318530718,0.));
#1659 = VECTOR('',#1660,1.);
#1660 = DIRECTION('',(-0.,-1.));
#1661 = ( GEOMETRIC_REPRESENTATION_CONTEXT(2) 
PARAMETRIC_REPRESENTATION_CONTEXT() REPRESENTATION_CONTEXT('2D SPACE',''
  ) );
#1662 = ORIENTED_EDGE('',*,*,#1663,.T.);
#1663 = EDGE_CURVE('',#1641,#1641,#1664,.T.);
#1664 = SURFACE_CURVE('',#1665,(#1670,#1677),.PCURVE_S1.);
#1665 = CIRCLE('',#1666,0.35);
#1666 = AXIS2_PLACEMENT_3D('',#1667,#1668,#1669);
#1667 = CARTESIAN_POINT('',(0.559936568129,-1.369936568129,2.05));
#1668 = DIRECTION('',(0.,0.,1.));
#1669 = DIRECTION('',(1.,0.,0.));
#1670 = PCURVE('',#1121,#1671);
#1671 = DEFINITIONAL_REPRESENTATION('',(#1672),#1676);
#1672 = LINE('',#1673,#1674);
#1673 = CARTESIAN_POINT('',(-0.,-0.55));
#1674 = VECTOR('',#1675,1.);
#1675 = DIRECTION('',(-1.,0.));
#1676 = ( GEOMETRIC_REPRESENTATION_CONTEXT(2) 
PARAMETRIC_REPRESENTATION_CONTEXT() REPRESENTATION_CONTEXT('2D SPACE',''
  ) );
#1677 = PCURVE('',#1678,#1683);
#1678 = PLANE('',#1679);
#1679 = AXIS2_PLACEMENT_3D('',#1680,#1681,#1682);
#1680 = CARTESIAN_POINT('',(0.559936568129,-1.369936568129,2.05));
#1681 = DIRECTION('',(0.,0.,1.));
#1682 = DIRECTION('',(1.,0.,-0.));
#1683 = DEFINITIONAL_REPRESENTATION('',(#1684),#1688);
#1684 = CIRCLE('',#1685,0.35);
#1685 = AXIS2_PLACEMENT_2D('',#1686,#1687);
#1686 = CARTESIAN_POINT('',(0.,-2.22044604925E-16));
#1687 = DIRECTION('',(1.,0.));
#1688 = ( GEOMETRIC_REPRESENTATION_CONTEXT(2) 
PARAMETRIC_REPRESENTATION_CONTEXT() REPRESENTATION_CONTEXT('2D SPACE',''
  ) );
#1689 = ORIENTED_EDGE('',*,*,#1640,.F.);
#1690 = ORIENTED_EDGE('',*,*,#1104,.F.);
#1691 = ADVANCED_FACE('',(#1692),#1175,.T.);
#1692 = FACE_BOUND('',#1693,.T.);
#1693 = EDGE_LOOP('',(#1694,#1717,#1744,#1745));
#1694 = ORIENTED_EDGE('',*,*,#1695,.T.);
#1695 = EDGE_CURVE('',#1137,#1696,#1698,.T.);
#1696 = VERTEX_POINT('',#1697);
#1697 = CARTESIAN_POINT('',(0.4,1.45,0.));
#1698 = SEAM_CURVE('',#1699,(#1703,#1710),.PCURVE_S1.);
#1699 = LINE('',#1700,#1701);
#1700 = CARTESIAN_POINT('',(0.4,1.45,-7.5));
#1701 = VECTOR('',#1702,1.);
#1702 = DIRECTION('',(1.110223024625E-16,-1.232595164408E-32,1.));
#1703 = PCURVE('',#1175,#1704);
#1704 = DEFINITIONAL_REPRESENTATION('',(#1705),#1709);
#1705 = LINE('',#1706,#1707);
#1706 = CARTESIAN_POINT('',(6.28318530718,0.));
#1707 = VECTOR('',#1708,1.);
#1708 = DIRECTION('',(0.,1.));
#1709 = ( GEOMETRIC_REPRESENTATION_CONTEXT(2) 
PARAMETRIC_REPRESENTATION_CONTEXT() REPRESENTATION_CONTEXT('2D SPACE',''
  ) );
#1710 = PCURVE('',#1175,#1711);
#1711 = DEFINITIONAL_REPRESENTATION('',(#1712),#1716);
#1712 = LINE('',#1713,#1714);
#1713 = CARTESIAN_POINT('',(0.,0.));
#1714 = VECTOR('',#1715,1.);
#1715 = DIRECTION('',(0.,1.));
#1716 = ( GEOMETRIC_REPRESENTATION_CONTEXT(2) 
PARAMETRIC_REPRESENTATION_CONTEXT() REPRESENTATION_CONTEXT('2D SPACE',''
  ) );
#1717 = ORIENTED_EDGE('',*,*,#1718,.F.);
#1718 = EDGE_CURVE('',#1696,#1696,#1719,.T.);
#1719 = SURFACE_CURVE('',#1720,(#1725,#1732),.PCURVE_S1.);
#1720 = CIRCLE('',#1721,0.15);
#1721 = AXIS2_PLACEMENT_3D('',#1722,#1723,#1724);
#1722 = CARTESIAN_POINT('',(0.4,1.6,0.));
#1723 = DIRECTION('',(1.110223024625E-16,-1.232595164408E-32,1.));
#1724 = DIRECTION('',(-1.110223024625E-16,-1.,0.));
#1725 = PCURVE('',#1175,#1726);
#1726 = DEFINITIONAL_REPRESENTATION('',(#1727),#1731);
#1727 = LINE('',#1728,#1729);
#1728 = CARTESIAN_POINT('',(0.,7.5));
#1729 = VECTOR('',#1730,1.);
#1730 = DIRECTION('',(1.,0.));
#1731 = ( GEOMETRIC_REPRESENTATION_CONTEXT(2) 
PARAMETRIC_REPRESENTATION_CONTEXT() REPRESENTATION_CONTEXT('2D SPACE',''
  ) );
#1732 = PCURVE('',#1733,#1738);
#1733 = PLANE('',#1734);
#1734 = AXIS2_PLACEMENT_3D('',#1735,#1736,#1737);
#1735 = CARTESIAN_POINT('',(-1.281975124256E-16,1.74751904908E-16,0.));
#1736 = DIRECTION('',(0.,0.,1.));
#1737 = DIRECTION('',(1.,0.,-0.));
#1738 = DEFINITIONAL_REPRESENTATION('',(#1739),#1743);
#1739 = CIRCLE('',#1740,0.15);
#1740 = AXIS2_PLACEMENT_2D('',#1741,#1742);
#1741 = CARTESIAN_POINT('',(0.4,1.6));
#1742 = DIRECTION('',(-1.110223024625E-16,-1.));
#1743 = ( GEOMETRIC_REPRESENTATION_CONTEXT(2) 
PARAMETRIC_REPRESENTATION_CONTEXT() REPRESENTATION_CONTEXT('2D SPACE',''
  ) );
#1744 = ORIENTED_EDGE('',*,*,#1695,.F.);
#1745 = ORIENTED_EDGE('',*,*,#1160,.F.);
#1746 = ADVANCED_FACE('',(#1747),#1231,.T.);
#1747 = FACE_BOUND('',#1748,.T.);
#1748 = EDGE_LOOP('',(#1749,#1772,#1794,#1795));
#1749 = ORIENTED_EDGE('',*,*,#1750,.T.);
#1750 = EDGE_CURVE('',#1193,#1751,#1753,.T.);
#1751 = VERTEX_POINT('',#1752);
#1752 = CARTESIAN_POINT('',(0.4,1.05,0.));
#1753 = SEAM_CURVE('',#1754,(#1758,#1765),.PCURVE_S1.);
#1754 = LINE('',#1755,#1756);
#1755 = CARTESIAN_POINT('',(0.4,1.05,-6.666666666667));
#1756 = VECTOR('',#1757,1.);
#1757 = DIRECTION('',(1.110223024625E-16,-1.232595164408E-32,1.));
#1758 = PCURVE('',#1231,#1759);
#1759 = DEFINITIONAL_REPRESENTATION('',(#1760),#1764);
#1760 = LINE('',#1761,#1762);
#1761 = CARTESIAN_POINT('',(6.28318530718,0.));
#1762 = VECTOR('',#1763,1.);
#1763 = DIRECTION('',(0.,1.));
#1764 = ( GEOMETRIC_REPRESENTATION_CONTEXT(2) 
PARAMETRIC_REPRESENTATION_CONTEXT() REPRESENTATION_CONTEXT('2D SPACE',''
  ) );
#1765 = PCURVE('',#1231,#1766);
#1766 = DEFINITIONAL_REPRESENTATION('',(#1767),#1771);
#1767 = LINE('',#1768,#1769);
#1768 = CARTESIAN_POINT('',(0.,0.));
#1769 = VECTOR('',#1770,1.);
#1770 = DIRECTION('',(0.,1.));
#1771 = ( GEOMETRIC_REPRESENTATION_CONTEXT(2) 
PARAMETRIC_REPRESENTATION_CONTEXT() REPRESENTATION_CONTEXT('2D SPACE',''
  ) );
#1772 = ORIENTED_EDGE('',*,*,#1773,.F.);
#1773 = EDGE_CURVE('',#1751,#1751,#1774,.T.);
#1774 = SURFACE_CURVE('',#1775,(#1780,#1787),.PCURVE_S1.);
#1775 = CIRCLE('',#1776,0.15);
#1776 = AXIS2_PLACEMENT_3D('',#1777,#1778,#1779);
#1777 = CARTESIAN_POINT('',(0.4,1.2,0.));
#1778 = DIRECTION('',(1.110223024625E-16,-1.232595164408E-32,1.));
#1779 = DIRECTION('',(-1.110223024625E-16,-1.,0.));
#1780 = PCURVE('',#1231,#1781);
#1781 = DEFINITIONAL_REPRESENTATION('',(#1782),#1786);
#1782 = LINE('',#1783,#1784);
#1783 = CARTESIAN_POINT('',(0.,6.666666666667));
#1784 = VECTOR('',#1785,1.);
#1785 = DIRECTION('',(1.,0.));
#1786 = ( GEOMETRIC_REPRESENTATION_CONTEXT(2) 
PARAMETRIC_REPRESENTATION_CONTEXT() REPRESENTATION_CONTEXT('2D SPACE',''
  ) );
#1787 = PCURVE('',#1733,#1788);
#1788 = DEFINITIONAL_REPRESENTATION('',(#1789),#1793);
#1789 = CIRCLE('',#1790,0.15);
#1790 = AXIS2_PLACEMENT_2D('',#1791,#1792);
#1791 = CARTESIAN_POINT('',(0.4,1.2));
#1792 = DIRECTION('',(-1.110223024625E-16,-1.));
#1793 = ( GEOMETRIC_REPRESENTATION_CONTEXT(2) 
PARAMETRIC_REPRESENTATION_CONTEXT() REPRESENTATION_CONTEXT('2D SPACE',''
  ) );
#1794 = ORIENTED_EDGE('',*,*,#1750,.F.);
#1795 = ORIENTED_EDGE('',*,*,#1216,.F.);
#1796 = ADVANCED_FACE('',(#1797),#1287,.T.);
#1797 = FACE_BOUND('',#1798,.T.);
#1798 = EDGE_LOOP('',(#1799,#1822,#1844,#1845));
#1799 = ORIENTED_EDGE('',*,*,#1800,.T.);
#1800 = EDGE_CURVE('',#1249,#1801,#1803,.T.);
#1801 = VERTEX_POINT('',#1802);
#1802 = CARTESIAN_POINT('',(1.,1.05,0.));
#1803 = SEAM_CURVE('',#1804,(#1808,#1815),.PCURVE_S1.);
#1804 = LINE('',#1805,#1806);
#1805 = CARTESIAN_POINT('',(1.,1.05,-6.666666666667));
#1806 = VECTOR('',#1807,1.);
#1807 = DIRECTION('',(1.110223024625E-16,-1.232595164408E-32,1.));
#1808 = PCURVE('',#1287,#1809);
#1809 = DEFINITIONAL_REPRESENTATION('',(#1810),#1814);
#1810 = LINE('',#1811,#1812);
#1811 = CARTESIAN_POINT('',(6.28318530718,0.));
#1812 = VECTOR('',#1813,1.);
#1813 = DIRECTION('',(0.,1.));
#1814 = ( GEOMETRIC_REPRESENTATION_CONTEXT(2) 
PARAMETRIC_REPRESENTATION_CONTEXT() REPRESENTATION_CONTEXT('2D SPACE',''
  ) );
#1815 = PCURVE('',#1287,#1816);
#1816 = DEFINITIONAL_REPRESENTATION('',(#1817),#1821);
#1817 = LINE('',#1818,#1819);
#1818 = CARTESIAN_POINT('',(0.,0.));
#1819 = VECTOR('',#1820,1.);
#1820 = DIRECTION('',(0.,1.));
#1821 = ( GEOMETRIC_REPRESENTATION_CONTEXT(2) 
PARAMETRIC_REPRESENTATION_CONTEXT() REPRESENTATION_CONTEXT('2D SPACE',''
  ) );
#1822 = ORIENTED_EDGE('',*,*,#1823,.F.);
#1823 = EDGE_CURVE('',#1801,#1801,#1824,.T.);
#1824 = SURFACE_CURVE('',#1825,(#1830,#1837),.PCURVE_S1.);
#1825 = CIRCLE('',#1826,0.15);
#1826 = AXIS2_PLACEMENT_3D('',#1827,#1828,#1829);
#1827 = CARTESIAN_POINT('',(1.,1.2,0.));
#1828 = DIRECTION('',(1.110223024625E-16,-1.232595164408E-32,1.));
#1829 = DIRECTION('',(-1.110223024625E-16,-1.,0.));
#1830 = PCURVE('',#1287,#1831);
#1831 = DEFINITIONAL_REPRESENTATION('',(#1832),#1836);
#1832 = LINE('',#1833,#1834);
#1833 = CARTESIAN_POINT('',(0.,6.666666666667));
#1834 = VECTOR('',#1835,1.);
#1835 = DIRECTION('',(1.,0.));
#1836 = ( GEOMETRIC_REPRESENTATION_CONTEXT(2) 
PARAMETRIC_REPRESENTATION_CONTEXT() REPRESENTATION_CONTEXT('2D SPACE',''
  ) );
#1837 = PCURVE('',#1733,#1838);
#1838 = DEFINITIONAL_REPRESENTATION('',(#1839),#1843);
#1839 = CIRCLE('',#1840,0.15);
#1840 = AXIS2_PLACEMENT_2D('',#1841,#1842);
#1841 = CARTESIAN_POINT('',(1.,1.2));
#1842 = DIRECTION('',(-1.110223024625E-16,-1.));
#1843 = ( GEOMETRIC_REPRESENTATION_CONTEXT(2) 
PARAMETRIC_REPRESENTATION_CONTEXT() REPRESENTATION_CONTEXT('2D SPACE',''
  ) );
#1844 = ORIENTED_EDGE('',*,*,#1800,.F.);
#1845 = ORIENTED_EDGE('',*,*,#1272,.F.);
#1846 = ADVANCED_FACE('',(#1847),#1343,.T.);
#1847 = FACE_BOUND('',#1848,.T.);
#1848 = EDGE_LOOP('',(#1849,#1872,#1894,#1895));
#1849 = ORIENTED_EDGE('',*,*,#1850,.T.);
#1850 = EDGE_CURVE('',#1305,#1851,#1853,.T.);
#1851 = VERTEX_POINT('',#1852);
#1852 = CARTESIAN_POINT('',(0.4,0.65,0.));
#1853 = SEAM_CURVE('',#1854,(#1858,#1865),.PCURVE_S1.);
#1854 = LINE('',#1855,#1856);
#1855 = CARTESIAN_POINT('',(0.4,0.65,-5.833333333333));
#1856 = VECTOR('',#1857,1.);
#1857 = DIRECTION('',(1.110223024625E-16,-1.232595164408E-32,1.));
#1858 = PCURVE('',#1343,#1859);
#1859 = DEFINITIONAL_REPRESENTATION('',(#1860),#1864);
#1860 = LINE('',#1861,#1862);
#1861 = CARTESIAN_POINT('',(6.28318530718,0.));
#1862 = VECTOR('',#1863,1.);
#1863 = DIRECTION('',(0.,1.));
#1864 = ( GEOMETRIC_REPRESENTATION_CONTEXT(2) 
PARAMETRIC_REPRESENTATION_CONTEXT() REPRESENTATION_CONTEXT('2D SPACE',''
  ) );
#1865 = PCURVE('',#1343,#1866);
#1866 = DEFINITIONAL_REPRESENTATION('',(#1867),#1871);
#1867 = LINE('',#1868,#1869);
#1868 = CARTESIAN_POINT('',(0.,0.));
#1869 = VECTOR('',#1870,1.);
#1870 = DIRECTION('',(0.,1.));
#1871 = ( GEOMETRIC_REPRESENTATION_CONTEXT(2) 
PARAMETRIC_REPRESENTATION_CONTEXT() REPRESENTATION_CONTEXT('2D SPACE',''
  ) );
#1872 = ORIENTED_EDGE('',*,*,#1873,.F.);
#1873 = EDGE_CURVE('',#1851,#1851,#1874,.T.);
#1874 = SURFACE_CURVE('',#1875,(#1880,#1887),.PCURVE_S1.);
#1875 = CIRCLE('',#1876,0.15);
#1876 = AXIS2_PLACEMENT_3D('',#1877,#1878,#1879);
#1877 = CARTESIAN_POINT('',(0.4,0.8,0.));
#1878 = DIRECTION('',(1.110223024625E-16,-1.232595164408E-32,1.));
#1879 = DIRECTION('',(-1.110223024625E-16,-1.,0.));
#1880 = PCURVE('',#1343,#1881);
#1881 = DEFINITIONAL_REPRESENTATION('',(#1882),#1886);
#1882 = LINE('',#1883,#1884);
#1883 = CARTESIAN_POINT('',(0.,5.833333333333));
#1884 = VECTOR('',#1885,1.);
#1885 = DIRECTION('',(1.,0.));
#1886 = ( GEOMETRIC_REPRESENTATION_CONTEXT(2) 
PARAMETRIC_REPRESENTATION_CONTEXT() REPRESENTATION_CONTEXT('2D SPACE',''
  ) );
#1887 = PCURVE('',#1733,#1888);
#1888 = DEFINITIONAL_REPRESENTATION('',(#1889),#1893);
#1889 = CIRCLE('',#1890,0.15);
#1890 = AXIS2_PLACEMENT_2D('',#1891,#1892);
#1891 = CARTESIAN_POINT('',(0.4,0.8));
#1892 = DIRECTION('',(-1.110223024625E-16,-1.));
#1893 = ( GEOMETRIC_REPRESENTATION_CONTEXT(2) 
PARAMETRIC_REPRESENTATION_CONTEXT() REPRESENTATION_CONTEXT('2D SPACE',''
  ) );
#1894 = ORIENTED_EDGE('',*,*,#1850,.F.);
#1895 = ORIENTED_EDGE('',*,*,#1328,.F.);
#1896 = ADVANCED_FACE('',(#1897),#1399,.T.);
#1897 = FACE_BOUND('',#1898,.T.);
#1898 = EDGE_LOOP('',(#1899,#1922,#1944,#1945));
#1899 = ORIENTED_EDGE('',*,*,#1900,.T.);
#1900 = EDGE_CURVE('',#1361,#1901,#1903,.T.);
#1901 = VERTEX_POINT('',#1902);
#1902 = CARTESIAN_POINT('',(0.4,0.25,0.));
#1903 = SEAM_CURVE('',#1904,(#1908,#1915),.PCURVE_S1.);
#1904 = LINE('',#1905,#1906);
#1905 = CARTESIAN_POINT('',(0.4,0.25,-5.));
#1906 = VECTOR('',#1907,1.);
#1907 = DIRECTION('',(1.110223024625E-16,1.110223024625E-16,1.));
#1908 = PCURVE('',#1399,#1909);
#1909 = DEFINITIONAL_REPRESENTATION('',(#1910),#1914);
#1910 = LINE('',#1911,#1912);
#1911 = CARTESIAN_POINT('',(6.28318530718,0.));
#1912 = VECTOR('',#1913,1.);
#1913 = DIRECTION('',(0.,1.));
#1914 = ( GEOMETRIC_REPRESENTATION_CONTEXT(2) 
PARAMETRIC_REPRESENTATION_CONTEXT() REPRESENTATION_CONTEXT('2D SPACE',''
  ) );
#1915 = PCURVE('',#1399,#1916);
#1916 = DEFINITIONAL_REPRESENTATION('',(#1917),#1921);
#1917 = LINE('',#1918,#1919);
#1918 = CARTESIAN_POINT('',(0.,0.));
#1919 = VECTOR('',#1920,1.);
#1920 = DIRECTION('',(0.,1.));
#1921 = ( GEOMETRIC_REPRESENTATION_CONTEXT(2) 
PARAMETRIC_REPRESENTATION_CONTEXT() REPRESENTATION_CONTEXT('2D SPACE',''
  ) );
#1922 = ORIENTED_EDGE('',*,*,#1923,.F.);
#1923 = EDGE_CURVE('',#1901,#1901,#1924,.T.);
#1924 = SURFACE_CURVE('',#1925,(#1930,#1937),.PCURVE_S1.);
#1925 = CIRCLE('',#1926,0.15);
#1926 = AXIS2_PLACEMENT_3D('',#1927,#1928,#1929);
#1927 = CARTESIAN_POINT('',(0.4,0.4,0.));
#1928 = DIRECTION('',(1.110223024625E-16,1.110223024625E-16,1.));
#1929 = DIRECTION('',(-1.110223024625E-16,-1.,1.110223024625E-16));
#1930 = PCURVE('',#1399,#1931);
#1931 = DEFINITIONAL_REPRESENTATION('',(#1932),#1936);
#1932 = LINE('',#1933,#1934);
#1933 = CARTESIAN_POINT('',(0.,5.));
#1934 = VECTOR('',#1935,1.);
#1935 = DIRECTION('',(1.,0.));
#1936 = ( GEOMETRIC_REPRESENTATION_CONTEXT(2) 
PARAMETRIC_REPRESENTATION_CONTEXT() REPRESENTATION_CONTEXT('2D SPACE',''
  ) );
#1937 = PCURVE('',#1733,#1938);
#1938 = DEFINITIONAL_REPRESENTATION('',(#1939),#1943);
#1939 = CIRCLE('',#1940,0.15);
#1940 = AXIS2_PLACEMENT_2D('',#1941,#1942);
#1941 = CARTESIAN_POINT('',(0.4,0.4));
#1942 = DIRECTION('',(-1.110223024625E-16,-1.));
#1943 = ( GEOMETRIC_REPRESENTATION_CONTEXT(2) 
PARAMETRIC_REPRESENTATION_CONTEXT() REPRESENTATION_CONTEXT('2D SPACE',''
  ) );
#1944 = ORIENTED_EDGE('',*,*,#1900,.F.);
#1945 = ORIENTED_EDGE('',*,*,#1384,.F.);
#1946 = ADVANCED_FACE('',(#1947),#1455,.T.);
#1947 = FACE_BOUND('',#1948,.T.);
#1948 = EDGE_LOOP('',(#1949,#1972,#1994,#1995));
#1949 = ORIENTED_EDGE('',*,*,#1950,.T.);
#1950 = EDGE_CURVE('',#1417,#1951,#1953,.T.);
#1951 = VERTEX_POINT('',#1952);
#1952 = CARTESIAN_POINT('',(1.,0.65,0.));
#1953 = SEAM_CURVE('',#1954,(#1958,#1965),.PCURVE_S1.);
#1954 = LINE('',#1955,#1956);
#1955 = CARTESIAN_POINT('',(1.,0.65,-5.833333333333));
#1956 = VECTOR('',#1957,1.);
#1957 = DIRECTION('',(1.110223024625E-16,-1.232595164408E-32,1.));
#1958 = PCURVE('',#1455,#1959);
#1959 = DEFINITIONAL_REPRESENTATION('',(#1960),#1964);
#1960 = LINE('',#1961,#1962);
#1961 = CARTESIAN_POINT('',(6.28318530718,0.));
#1962 = VECTOR('',#1963,1.);
#1963 = DIRECTION('',(0.,1.));
#1964 = ( GEOMETRIC_REPRESENTATION_CONTEXT(2) 
PARAMETRIC_REPRESENTATION_CONTEXT() REPRESENTATION_CONTEXT('2D SPACE',''
  ) );
#1965 = PCURVE('',#1455,#1966);
#1966 = DEFINITIONAL_REPRESENTATION('',(#1967),#1971);
#1967 = LINE('',#1968,#1969);
#1968 = CARTESIAN_POINT('',(0.,0.));
#1969 = VECTOR('',#1970,1.);
#1970 = DIRECTION('',(0.,1.));
#1971 = ( GEOMETRIC_REPRESENTATION_CONTEXT(2) 
PARAMETRIC_REPRESENTATION_CONTEXT() REPRESENTATION_CONTEXT('2D SPACE',''
  ) );
#1972 = ORIENTED_EDGE('',*,*,#1973,.F.);
#1973 = EDGE_CURVE('',#1951,#1951,#1974,.T.);
#1974 = SURFACE_CURVE('',#1975,(#1980,#1987),.PCURVE_S1.);
#1975 = CIRCLE('',#1976,0.15);
#1976 = AXIS2_PLACEMENT_3D('',#1977,#1978,#1979);
#1977 = CARTESIAN_POINT('',(1.,0.8,0.));
#1978 = DIRECTION('',(1.110223024625E-16,-1.232595164408E-32,1.));
#1979 = DIRECTION('',(-1.110223024625E-16,-1.,0.));
#1980 = PCURVE('',#1455,#1981);
#1981 = DEFINITIONAL_REPRESENTATION('',(#1982),#1986);
#1982 = LINE('',#1983,#1984);
#1983 = CARTESIAN_POINT('',(0.,5.833333333333));
#1984 = VECTOR('',#1985,1.);
#1985 = DIRECTION('',(1.,0.));
#1986 = ( GEOMETRIC_REPRESENTATION_CONTEXT(2) 
PARAMETRIC_REPRESENTATION_CONTEXT() REPRESENTATION_CONTEXT('2D SPACE',''
  ) );
#1987 = PCURVE('',#1733,#1988);
#1988 = DEFINITIONAL_REPRESENTATION('',(#1989),#1993);
#1989 = CIRCLE('',#1990,0.15);
#1990 = AXIS2_PLACEMENT_2D('',#1991,#1992);
#1991 = CARTESIAN_POINT('',(1.,0.8));
#1992 = DIRECTION('',(-1.110223024625E-16,-1.));
#1993 = ( GEOMETRIC_REPRESENTATION_CONTEXT(2) 
PARAMETRIC_REPRESENTATION_CONTEXT() REPRESENTATION_CONTEXT('2D SPACE',''
  ) );
#1994 = ORIENTED_EDGE('',*,*,#1950,.F.);
#1995 = ORIENTED_EDGE('',*,*,#1440,.F.);
#1996 = ADVANCED_FACE('',(#1997),#1511,.T.);
#1997 = FACE_BOUND('',#1998,.T.);
#1998 = EDGE_LOOP('',(#1999,#2022,#2044,#2045));
#1999 = ORIENTED_EDGE('',*,*,#2000,.T.);
#2000 = EDGE_CURVE('',#1473,#2001,#2003,.T.);
#2001 = VERTEX_POINT('',#2002);
#2002 = CARTESIAN_POINT('',(1.6,0.65,0.));
#2003 = SEAM_CURVE('',#2004,(#2008,#2015),.PCURVE_S1.);
#2004 = LINE('',#2005,#2006);
#2005 = CARTESIAN_POINT('',(1.6,0.65,-5.833333333333));
#2006 = VECTOR('',#2007,1.);
#2007 = DIRECTION('',(1.110223024625E-16,-1.232595164408E-32,1.));
#2008 = PCURVE('',#1511,#2009);
#2009 = DEFINITIONAL_REPRESENTATION('',(#2010),#2014);
#2010 = LINE('',#2011,#2012);
#2011 = CARTESIAN_POINT('',(6.28318530718,0.));
#2012 = VECTOR('',#2013,1.);
#2013 = DIRECTION('',(0.,1.));
#2014 = ( GEOMETRIC_REPRESENTATION_CONTEXT(2) 
PARAMETRIC_REPRESENTATION_CONTEXT() REPRESENTATION_CONTEXT('2D SPACE',''
  ) );
#2015 = PCURVE('',#1511,#2016);
#2016 = DEFINITIONAL_REPRESENTATION('',(#2017),#2021);
#2017 = LINE('',#2018,#2019);
#2018 = CARTESIAN_POINT('',(0.,0.));
#2019 = VECTOR('',#2020,1.);
#2020 = DIRECTION('',(0.,1.));
#2021 = ( GEOMETRIC_REPRESENTATION_CONTEXT(2) 
PARAMETRIC_REPRESENTATION_CONTEXT() REPRESENTATION_CONTEXT('2D SPACE',''
  ) );
#2022 = ORIENTED_EDGE('',*,*,#2023,.F.);
#2023 = EDGE_CURVE('',#2001,#2001,#2024,.T.);
#2024 = SURFACE_CURVE('',#2025,(#2030,#2037),.PCURVE_S1.);
#2025 = CIRCLE('',#2026,0.15);
#2026 = AXIS2_PLACEMENT_3D('',#2027,#2028,#2029);
#2027 = CARTESIAN_POINT('',(1.6,0.8,0.));
#2028 = DIRECTION('',(1.110223024625E-16,-1.232595164408E-32,1.));
#2029 = DIRECTION('',(-1.110223024625E-16,-1.,0.));
#2030 = PCURVE('',#1511,#2031);
#2031 = DEFINITIONAL_REPRESENTATION('',(#2032),#2036);
#2032 = LINE('',#2033,#2034);
#2033 = CARTESIAN_POINT('',(0.,5.833333333333));
#2034 = VECTOR('',#2035,1.);
#2035 = DIRECTION('',(1.,0.));
#2036 = ( GEOMETRIC_REPRESENTATION_CONTEXT(2) 
PARAMETRIC_REPRESENTATION_CONTEXT() REPRESENTATION_CONTEXT('2D SPACE',''
  ) );
#2037 = PCURVE('',#1733,#2038);
#2038 = DEFINITIONAL_REPRESENTATION('',(#2039),#2043);
#2039 = CIRCLE('',#2040,0.15);
#2040 = AXIS2_PLACEMENT_2D('',#2041,#2042);
#2041 = CARTESIAN_POINT('',(1.6,0.8));
#2042 = DIRECTION('',(-1.110223024625E-16,-1.));
#2043 = ( GEOMETRIC_REPRESENTATION_CONTEXT(2) 
PARAMETRIC_REPRESENTATION_CONTEXT() REPRESENTATION_CONTEXT('2D SPACE',''
  ) );
#2044 = ORIENTED_EDGE('',*,*,#2000,.F.);
#2045 = ORIENTED_EDGE('',*,*,#1496,.F.);
#2046 = ADVANCED_FACE('',(#2047),#1567,.T.);
#2047 = FACE_BOUND('',#2048,.T.);
#2048 = EDGE_LOOP('',(#2049,#2072,#2094,#2095));
#2049 = ORIENTED_EDGE('',*,*,#2050,.T.);
#2050 = EDGE_CURVE('',#1529,#2051,#2053,.T.);
#2051 = VERTEX_POINT('',#2052);
#2052 = CARTESIAN_POINT('',(1.,0.25,0.));
#2053 = SEAM_CURVE('',#2054,(#2058,#2065),.PCURVE_S1.);
#2054 = LINE('',#2055,#2056);
#2055 = CARTESIAN_POINT('',(1.,0.25,-5.));
#2056 = VECTOR('',#2057,1.);
#2057 = DIRECTION('',(1.110223024625E-16,1.110223024625E-16,1.));
#2058 = PCURVE('',#1567,#2059);
#2059 = DEFINITIONAL_REPRESENTATION('',(#2060),#2064);
#2060 = LINE('',#2061,#2062);
#2061 = CARTESIAN_POINT('',(6.28318530718,0.));
#2062 = VECTOR('',#2063,1.);
#2063 = DIRECTION('',(0.,1.));
#2064 = ( GEOMETRIC_REPRESENTATION_CONTEXT(2) 
PARAMETRIC_REPRESENTATION_CONTEXT() REPRESENTATION_CONTEXT('2D SPACE',''
  ) );
#2065 = PCURVE('',#1567,#2066);
#2066 = DEFINITIONAL_REPRESENTATION('',(#2067),#2071);
#2067 = LINE('',#2068,#2069);
#2068 = CARTESIAN_POINT('',(0.,0.));
#2069 = VECTOR('',#2070,1.);
#2070 = DIRECTION('',(0.,1.));
#2071 = ( GEOMETRIC_REPRESENTATION_CONTEXT(2) 
PARAMETRIC_REPRESENTATION_CONTEXT() REPRESENTATION_CONTEXT('2D SPACE',''
  ) );
#2072 = ORIENTED_EDGE('',*,*,#2073,.F.);
#2073 = EDGE_CURVE('',#2051,#2051,#2074,.T.);
#2074 = SURFACE_CURVE('',#2075,(#2080,#2087),.PCURVE_S1.);
#2075 = CIRCLE('',#2076,0.15);
#2076 = AXIS2_PLACEMENT_3D('',#2077,#2078,#2079);
#2077 = CARTESIAN_POINT('',(1.,0.4,0.));
#2078 = DIRECTION('',(1.110223024625E-16,1.110223024625E-16,1.));
#2079 = DIRECTION('',(-1.110223024625E-16,-1.,1.110223024625E-16));
#2080 = PCURVE('',#1567,#2081);
#2081 = DEFINITIONAL_REPRESENTATION('',(#2082),#2086);
#2082 = LINE('',#2083,#2084);
#2083 = CARTESIAN_POINT('',(0.,5.));
#2084 = VECTOR('',#2085,1.);
#2085 = DIRECTION('',(1.,0.));
#2086 = ( GEOMETRIC_REPRESENTATION_CONTEXT(2) 
PARAMETRIC_REPRESENTATION_CONTEXT() REPRESENTATION_CONTEXT('2D SPACE',''
  ) );
#2087 = PCURVE('',#1733,#2088);
#2088 = DEFINITIONAL_REPRESENTATION('',(#2089),#2093);
#2089 = CIRCLE('',#2090,0.15);
#2090 = AXIS2_PLACEMENT_2D('',#2091,#2092);
#2091 = CARTESIAN_POINT('',(1.,0.4));
#2092 = DIRECTION('',(-1.110223024625E-16,-1.));
#2093 = ( GEOMETRIC_REPRESENTATION_CONTEXT(2) 
PARAMETRIC_REPRESENTATION_CONTEXT() REPRESENTATION_CONTEXT('2D SPACE',''
  ) );
#2094 = ORIENTED_EDGE('',*,*,#2050,.F.);
#2095 = ORIENTED_EDGE('',*,*,#1552,.F.);
#2096 = ADVANCED_FACE('',(#2097),#1623,.T.);
#2097 = FACE_BOUND('',#2098,.T.);
#2098 = EDGE_LOOP('',(#2099,#2122,#2144,#2145));
#2099 = ORIENTED_EDGE('',*,*,#2100,.T.);
#2100 = EDGE_CURVE('',#1585,#2101,#2103,.T.);
#2101 = VERTEX_POINT('',#2102);
#2102 = CARTESIAN_POINT('',(1.6,0.25,0.));
#2103 = SEAM_CURVE('',#2104,(#2108,#2115),.PCURVE_S1.);
#2104 = LINE('',#2105,#2106);
#2105 = CARTESIAN_POINT('',(1.6,0.25,-5.));
#2106 = VECTOR('',#2107,1.);
#2107 = DIRECTION('',(1.110223024625E-16,1.110223024625E-16,1.));
#2108 = PCURVE('',#1623,#2109);
#2109 = DEFINITIONAL_REPRESENTATION('',(#2110),#2114);
#2110 = LINE('',#2111,#2112);
#2111 = CARTESIAN_POINT('',(6.28318530718,0.));
#2112 = VECTOR('',#2113,1.);
#2113 = DIRECTION('',(0.,1.));
#2114 = ( GEOMETRIC_REPRESENTATION_CONTEXT(2) 
PARAMETRIC_REPRESENTATION_CONTEXT() REPRESENTATION_CONTEXT('2D SPACE',''
  ) );
#2115 = PCURVE('',#1623,#2116);
#2116 = DEFINITIONAL_REPRESENTATION('',(#2117),#2121);
#2117 = LINE('',#2118,#2119);
#2118 = CARTESIAN_POINT('',(0.,0.));
#2119 = VECTOR('',#2120,1.);
#2120 = DIRECTION('',(0.,1.));
#2121 = ( GEOMETRIC_REPRESENTATION_CONTEXT(2) 
PARAMETRIC_REPRESENTATION_CONTEXT() REPRESENTATION_CONTEXT('2D SPACE',''
  ) );
#2122 = ORIENTED_EDGE('',*,*,#2123,.F.);
#2123 = EDGE_CURVE('',#2101,#2101,#2124,.T.);
#2124 = SURFACE_CURVE('',#2125,(#2130,#2137),.PCURVE_S1.);
#2125 = CIRCLE('',#2126,0.15);
#2126 = AXIS2_PLACEMENT_3D('',#2127,#2128,#2129);
#2127 = CARTESIAN_POINT('',(1.6,0.4,0.));
#2128 = DIRECTION('',(1.110223024625E-16,1.110223024625E-16,1.));
#2129 = DIRECTION('',(-1.110223024625E-16,-1.,1.110223024625E-16));
#2130 = PCURVE('',#1623,#2131);
#2131 = DEFINITIONAL_REPRESENTATION('',(#2132),#2136);
#2132 = LINE('',#2133,#2134);
#2133 = CARTESIAN_POINT('',(0.,5.));
#2134 = VECTOR('',#2135,1.);
#2135 = DIRECTION('',(1.,0.));
#2136 = ( GEOMETRIC_REPRESENTATION_CONTEXT(2) 
PARAMETRIC_REPRESENTATION_CONTEXT() REPRESENTATION_CONTEXT('2D SPACE',''
  ) );
#2137 = PCURVE('',#1733,#2138);
#2138 = DEFINITIONAL_REPRESENTATION('',(#2139),#2143);
#2139 = CIRCLE('',#2140,0.15);
#2140 = AXIS2_PLACEMENT_2D('',#2141,#2142);
#2141 = CARTESIAN_POINT('',(1.6,0.4));
#2142 = DIRECTION('',(-1.110223024625E-16,-1.));
#2143 = ( GEOMETRIC_REPRESENTATION_CONTEXT(2) 
PARAMETRIC_REPRESENTATION_CONTEXT() REPRESENTATION_CONTEXT('2D SPACE',''
  ) );
#2144 = ORIENTED_EDGE('',*,*,#2100,.F.);
#2145 = ORIENTED_EDGE('',*,*,#1608,.F.);
#2146 = ADVANCED_FACE('',(#2147),#1678,.T.);
#2147 = FACE_BOUND('',#2148,.T.);
#2148 = EDGE_LOOP('',(#2149));
#2149 = ORIENTED_EDGE('',*,*,#1663,.T.);
#2150 = ADVANCED_FACE('',(#2151,#2208,#2239,#2270,#2301,#2332,#2363,
    #2394,#2397,#2400,#2403,#2406,#2409,#2412,#2443,#2474,#2505,#2508,
    #2511),#1733,.F.);
#2151 = FACE_BOUND('',#2152,.F.);
#2152 = EDGE_LOOP('',(#2153,#2181));
#2153 = ORIENTED_EDGE('',*,*,#2154,.T.);
#2154 = EDGE_CURVE('',#2155,#2157,#2159,.T.);
#2155 = VERTEX_POINT('',#2156);
#2156 = CARTESIAN_POINT('',(-1.999998437499,2.5E-03,0.));
#2157 = VERTEX_POINT('',#2158);
#2158 = CARTESIAN_POINT('',(1.999998437499,2.5E-03,0.));
#2159 = SURFACE_CURVE('',#2160,(#2164,#2170),.PCURVE_S1.);
#2160 = LINE('',#2161,#2162);
#2161 = CARTESIAN_POINT('',(-6.409875621279E-17,2.5E-03,0.));
#2162 = VECTOR('',#2163,1.);
#2163 = DIRECTION('',(1.,0.,0.));
#2164 = PCURVE('',#1733,#2165);
#2165 = DEFINITIONAL_REPRESENTATION('',(#2166),#2169);
#2166 = B_SPLINE_CURVE_WITH_KNOTS('',1,(#2167,#2168),.UNSPECIFIED.,.F.,
  .F.,(2,2),(-2.,2.),.PIECEWISE_BEZIER_KNOTS.);
#2167 = CARTESIAN_POINT('',(-2.,2.5E-03));
#2168 = CARTESIAN_POINT('',(2.,2.5E-03));
#2169 = ( GEOMETRIC_REPRESENTATION_CONTEXT(2) 
PARAMETRIC_REPRESENTATION_CONTEXT() REPRESENTATION_CONTEXT('2D SPACE',''
  ) );
#2170 = PCURVE('',#2171,#2176);
#2171 = PLANE('',#2172);
#2172 = AXIS2_PLACEMENT_3D('',#2173,#2174,#2175);
#2173 = CARTESIAN_POINT('',(0.,2.5E-03,0.));
#2174 = DIRECTION('',(-0.,-1.,-0.));
#2175 = DIRECTION('',(0.,0.,-1.));
#2176 = DEFINITIONAL_REPRESENTATION('',(#2177),#2180);
#2177 = B_SPLINE_CURVE_WITH_KNOTS('',1,(#2178,#2179),.UNSPECIFIED.,.F.,
  .F.,(2,2),(-2.,2.),.PIECEWISE_BEZIER_KNOTS.);
#2178 = CARTESIAN_POINT('',(0.,-2.));
#2179 = CARTESIAN_POINT('',(0.,2.));
#2180 = ( GEOMETRIC_REPRESENTATION_CONTEXT(2) 
PARAMETRIC_REPRESENTATION_CONTEXT() REPRESENTATION_CONTEXT('2D SPACE',''
  ) );
#2181 = ORIENTED_EDGE('',*,*,#2182,.T.);
#2182 = EDGE_CURVE('',#2157,#2155,#2183,.T.);
#2183 = SURFACE_CURVE('',#2184,(#2189,#2196),.PCURVE_S1.);
#2184 = CIRCLE('',#2185,2.);
#2185 = AXIS2_PLACEMENT_3D('',#2186,#2187,#2188);
#2186 = CARTESIAN_POINT('',(0.,0.,0.));
#2187 = DIRECTION('',(0.,0.,1.));
#2188 = DIRECTION('',(1.,0.,0.));
#2189 = PCURVE('',#1733,#2190);
#2190 = DEFINITIONAL_REPRESENTATION('',(#2191),#2195);
#2191 = CIRCLE('',#2192,2.);
#2192 = AXIS2_PLACEMENT_2D('',#2193,#2194);
#2193 = CARTESIAN_POINT('',(1.281975124256E-16,-1.74751904908E-16));
#2194 = DIRECTION('',(1.,0.));
#2195 = ( GEOMETRIC_REPRESENTATION_CONTEXT(2) 
PARAMETRIC_REPRESENTATION_CONTEXT() REPRESENTATION_CONTEXT('2D SPACE',''
  ) );
#2196 = PCURVE('',#2197,#2202);
#2197 = CYLINDRICAL_SURFACE('',#2198,2.);
#2198 = AXIS2_PLACEMENT_3D('',#2199,#2200,#2201);
#2199 = CARTESIAN_POINT('',(0.,0.,0.));
#2200 = DIRECTION('',(-0.,-0.,-1.));
#2201 = DIRECTION('',(1.,0.,0.));
#2202 = DEFINITIONAL_REPRESENTATION('',(#2203),#2207);
#2203 = LINE('',#2204,#2205);
#2204 = CARTESIAN_POINT('',(-0.,0.));
#2205 = VECTOR('',#2206,1.);
#2206 = DIRECTION('',(-1.,0.));
#2207 = ( GEOMETRIC_REPRESENTATION_CONTEXT(2) 
PARAMETRIC_REPRESENTATION_CONTEXT() REPRESENTATION_CONTEXT('2D SPACE',''
  ) );
#2208 = FACE_BOUND('',#2209,.F.);
#2209 = EDGE_LOOP('',(#2210));
#2210 = ORIENTED_EDGE('',*,*,#2211,.F.);
#2211 = EDGE_CURVE('',#2212,#2212,#2214,.T.);
#2212 = VERTEX_POINT('',#2213);
#2213 = CARTESIAN_POINT('',(-1.6,0.25,0.));
#2214 = SURFACE_CURVE('',#2215,(#2220,#2227),.PCURVE_S1.);
#2215 = CIRCLE('',#2216,0.15);
#2216 = AXIS2_PLACEMENT_3D('',#2217,#2218,#2219);
#2217 = CARTESIAN_POINT('',(-1.6,0.4,0.));
#2218 = DIRECTION('',(1.110223024625E-16,1.110223024625E-16,1.));
#2219 = DIRECTION('',(-1.110223024625E-16,-1.,1.110223024625E-16));
#2220 = PCURVE('',#1733,#2221);
#2221 = DEFINITIONAL_REPRESENTATION('',(#2222),#2226);
#2222 = CIRCLE('',#2223,0.15);
#2223 = AXIS2_PLACEMENT_2D('',#2224,#2225);
#2224 = CARTESIAN_POINT('',(-1.6,0.4));
#2225 = DIRECTION('',(-1.110223024625E-16,-1.));
#2226 = ( GEOMETRIC_REPRESENTATION_CONTEXT(2) 
PARAMETRIC_REPRESENTATION_CONTEXT() REPRESENTATION_CONTEXT('2D SPACE',''
  ) );
#2227 = PCURVE('',#2228,#2233);
#2228 = CYLINDRICAL_SURFACE('',#2229,0.15);
#2229 = AXIS2_PLACEMENT_3D('',#2230,#2231,#2232);
#2230 = CARTESIAN_POINT('',(-1.6,0.4,-5.));
#2231 = DIRECTION('',(1.110223024625E-16,1.110223024625E-16,1.));
#2232 = DIRECTION('',(-1.110223024625E-16,-1.,1.110223024625E-16));
#2233 = DEFINITIONAL_REPRESENTATION('',(#2234),#2238);
#2234 = LINE('',#2235,#2236);
#2235 = CARTESIAN_POINT('',(0.,5.));
#2236 = VECTOR('',#2237,1.);
#2237 = DIRECTION('',(1.,0.));
#2238 = ( GEOMETRIC_REPRESENTATION_CONTEXT(2) 
PARAMETRIC_REPRESENTATION_CONTEXT() REPRESENTATION_CONTEXT('2D SPACE',''
  ) );
#2239 = FACE_BOUND('',#2240,.F.);
#2240 = EDGE_LOOP('',(#2241));
#2241 = ORIENTED_EDGE('',*,*,#2242,.F.);
#2242 = EDGE_CURVE('',#2243,#2243,#2245,.T.);
#2243 = VERTEX_POINT('',#2244);
#2244 = CARTESIAN_POINT('',(-1.,0.25,0.));
#2245 = SURFACE_CURVE('',#2246,(#2251,#2258),.PCURVE_S1.);
#2246 = CIRCLE('',#2247,0.15);
#2247 = AXIS2_PLACEMENT_3D('',#2248,#2249,#2250);
#2248 = CARTESIAN_POINT('',(-1.,0.4,0.));
#2249 = DIRECTION('',(1.110223024625E-16,1.110223024625E-16,1.));
#2250 = DIRECTION('',(-1.110223024625E-16,-1.,1.110223024625E-16));
#2251 = PCURVE('',#1733,#2252);
#2252 = DEFINITIONAL_REPRESENTATION('',(#2253),#2257);
#2253 = CIRCLE('',#2254,0.15);
#2254 = AXIS2_PLACEMENT_2D('',#2255,#2256);
#2255 = CARTESIAN_POINT('',(-1.,0.4));
#2256 = DIRECTION('',(-1.110223024625E-16,-1.));
#2257 = ( GEOMETRIC_REPRESENTATION_CONTEXT(2) 
PARAMETRIC_REPRESENTATION_CONTEXT() REPRESENTATION_CONTEXT('2D SPACE',''
  ) );
#2258 = PCURVE('',#2259,#2264);
#2259 = CYLINDRICAL_SURFACE('',#2260,0.15);
#2260 = AXIS2_PLACEMENT_3D('',#2261,#2262,#2263);
#2261 = CARTESIAN_POINT('',(-1.,0.4,-5.));
#2262 = DIRECTION('',(1.110223024625E-16,1.110223024625E-16,1.));
#2263 = DIRECTION('',(-1.110223024625E-16,-1.,1.110223024625E-16));
#2264 = DEFINITIONAL_REPRESENTATION('',(#2265),#2269);
#2265 = LINE('',#2266,#2267);
#2266 = CARTESIAN_POINT('',(0.,5.));
#2267 = VECTOR('',#2268,1.);
#2268 = DIRECTION('',(1.,0.));
#2269 = ( GEOMETRIC_REPRESENTATION_CONTEXT(2) 
PARAMETRIC_REPRESENTATION_CONTEXT() REPRESENTATION_CONTEXT('2D SPACE',''
  ) );
#2270 = FACE_BOUND('',#2271,.F.);
#2271 = EDGE_LOOP('',(#2272));
#2272 = ORIENTED_EDGE('',*,*,#2273,.F.);
#2273 = EDGE_CURVE('',#2274,#2274,#2276,.T.);
#2274 = VERTEX_POINT('',#2275);
#2275 = CARTESIAN_POINT('',(-0.4,0.25,0.));
#2276 = SURFACE_CURVE('',#2277,(#2282,#2289),.PCURVE_S1.);
#2277 = CIRCLE('',#2278,0.15);
#2278 = AXIS2_PLACEMENT_3D('',#2279,#2280,#2281);
#2279 = CARTESIAN_POINT('',(-0.4,0.4,0.));
#2280 = DIRECTION('',(1.110223024625E-16,1.110223024625E-16,1.));
#2281 = DIRECTION('',(-1.110223024625E-16,-1.,1.110223024625E-16));
#2282 = PCURVE('',#1733,#2283);
#2283 = DEFINITIONAL_REPRESENTATION('',(#2284),#2288);
#2284 = CIRCLE('',#2285,0.15);
#2285 = AXIS2_PLACEMENT_2D('',#2286,#2287);
#2286 = CARTESIAN_POINT('',(-0.4,0.4));
#2287 = DIRECTION('',(-1.110223024625E-16,-1.));
#2288 = ( GEOMETRIC_REPRESENTATION_CONTEXT(2) 
PARAMETRIC_REPRESENTATION_CONTEXT() REPRESENTATION_CONTEXT('2D SPACE',''
  ) );
#2289 = PCURVE('',#2290,#2295);
#2290 = CYLINDRICAL_SURFACE('',#2291,0.15);
#2291 = AXIS2_PLACEMENT_3D('',#2292,#2293,#2294);
#2292 = CARTESIAN_POINT('',(-0.4,0.4,-5.));
#2293 = DIRECTION('',(1.110223024625E-16,1.110223024625E-16,1.));
#2294 = DIRECTION('',(-1.110223024625E-16,-1.,1.110223024625E-16));
#2295 = DEFINITIONAL_REPRESENTATION('',(#2296),#2300);
#2296 = LINE('',#2297,#2298);
#2297 = CARTESIAN_POINT('',(0.,5.));
#2298 = VECTOR('',#2299,1.);
#2299 = DIRECTION('',(1.,0.));
#2300 = ( GEOMETRIC_REPRESENTATION_CONTEXT(2) 
PARAMETRIC_REPRESENTATION_CONTEXT() REPRESENTATION_CONTEXT('2D SPACE',''
  ) );
#2301 = FACE_BOUND('',#2302,.F.);
#2302 = EDGE_LOOP('',(#2303));
#2303 = ORIENTED_EDGE('',*,*,#2304,.F.);
#2304 = EDGE_CURVE('',#2305,#2305,#2307,.T.);
#2305 = VERTEX_POINT('',#2306);
#2306 = CARTESIAN_POINT('',(-1.6,0.65,0.));
#2307 = SURFACE_CURVE('',#2308,(#2313,#2320),.PCURVE_S1.);
#2308 = CIRCLE('',#2309,0.15);
#2309 = AXIS2_PLACEMENT_3D('',#2310,#2311,#2312);
#2310 = CARTESIAN_POINT('',(-1.6,0.8,0.));
#2311 = DIRECTION('',(1.110223024625E-16,-1.232595164408E-32,1.));
#2312 = DIRECTION('',(-1.110223024625E-16,-1.,0.));
#2313 = PCURVE('',#1733,#2314);
#2314 = DEFINITIONAL_REPRESENTATION('',(#2315),#2319);
#2315 = CIRCLE('',#2316,0.15);
#2316 = AXIS2_PLACEMENT_2D('',#2317,#2318);
#2317 = CARTESIAN_POINT('',(-1.6,0.8));
#2318 = DIRECTION('',(-1.110223024625E-16,-1.));
#2319 = ( GEOMETRIC_REPRESENTATION_CONTEXT(2) 
PARAMETRIC_REPRESENTATION_CONTEXT() REPRESENTATION_CONTEXT('2D SPACE',''
  ) );
#2320 = PCURVE('',#2321,#2326);
#2321 = CYLINDRICAL_SURFACE('',#2322,0.15);
#2322 = AXIS2_PLACEMENT_3D('',#2323,#2324,#2325);
#2323 = CARTESIAN_POINT('',(-1.6,0.8,-5.833333333333));
#2324 = DIRECTION('',(1.110223024625E-16,-1.232595164408E-32,1.));
#2325 = DIRECTION('',(-1.110223024625E-16,-1.,0.));
#2326 = DEFINITIONAL_REPRESENTATION('',(#2327),#2331);
#2327 = LINE('',#2328,#2329);
#2328 = CARTESIAN_POINT('',(0.,5.833333333333));
#2329 = VECTOR('',#2330,1.);
#2330 = DIRECTION('',(1.,0.));
#2331 = ( GEOMETRIC_REPRESENTATION_CONTEXT(2) 
PARAMETRIC_REPRESENTATION_CONTEXT() REPRESENTATION_CONTEXT('2D SPACE',''
  ) );
#2332 = FACE_BOUND('',#2333,.F.);
#2333 = EDGE_LOOP('',(#2334));
#2334 = ORIENTED_EDGE('',*,*,#2335,.F.);
#2335 = EDGE_CURVE('',#2336,#2336,#2338,.T.);
#2336 = VERTEX_POINT('',#2337);
#2337 = CARTESIAN_POINT('',(-1.,0.65,0.));
#2338 = SURFACE_CURVE('',#2339,(#2344,#2351),.PCURVE_S1.);
#2339 = CIRCLE('',#2340,0.15);
#2340 = AXIS2_PLACEMENT_3D('',#2341,#2342,#2343);
#2341 = CARTESIAN_POINT('',(-1.,0.8,0.));
#2342 = DIRECTION('',(1.110223024625E-16,-1.232595164408E-32,1.));
#2343 = DIRECTION('',(-1.110223024625E-16,-1.,0.));
#2344 = PCURVE('',#1733,#2345);
#2345 = DEFINITIONAL_REPRESENTATION('',(#2346),#2350);
#2346 = CIRCLE('',#2347,0.15);
#2347 = AXIS2_PLACEMENT_2D('',#2348,#2349);
#2348 = CARTESIAN_POINT('',(-1.,0.8));
#2349 = DIRECTION('',(-1.110223024625E-16,-1.));
#2350 = ( GEOMETRIC_REPRESENTATION_CONTEXT(2) 
PARAMETRIC_REPRESENTATION_CONTEXT() REPRESENTATION_CONTEXT('2D SPACE',''
  ) );
#2351 = PCURVE('',#2352,#2357);
#2352 = CYLINDRICAL_SURFACE('',#2353,0.15);
#2353 = AXIS2_PLACEMENT_3D('',#2354,#2355,#2356);
#2354 = CARTESIAN_POINT('',(-1.,0.8,-5.833333333333));
#2355 = DIRECTION('',(1.110223024625E-16,-1.232595164408E-32,1.));
#2356 = DIRECTION('',(-1.110223024625E-16,-1.,0.));
#2357 = DEFINITIONAL_REPRESENTATION('',(#2358),#2362);
#2358 = LINE('',#2359,#2360);
#2359 = CARTESIAN_POINT('',(0.,5.833333333333));
#2360 = VECTOR('',#2361,1.);
#2361 = DIRECTION('',(1.,0.));
#2362 = ( GEOMETRIC_REPRESENTATION_CONTEXT(2) 
PARAMETRIC_REPRESENTATION_CONTEXT() REPRESENTATION_CONTEXT('2D SPACE',''
  ) );
#2363 = FACE_BOUND('',#2364,.F.);
#2364 = EDGE_LOOP('',(#2365));
#2365 = ORIENTED_EDGE('',*,*,#2366,.F.);
#2366 = EDGE_CURVE('',#2367,#2367,#2369,.T.);
#2367 = VERTEX_POINT('',#2368);
#2368 = CARTESIAN_POINT('',(-0.4,0.65,0.));
#2369 = SURFACE_CURVE('',#2370,(#2375,#2382),.PCURVE_S1.);
#2370 = CIRCLE('',#2371,0.15);
#2371 = AXIS2_PLACEMENT_3D('',#2372,#2373,#2374);
#2372 = CARTESIAN_POINT('',(-0.4,0.8,0.));
#2373 = DIRECTION('',(1.110223024625E-16,-1.232595164408E-32,1.));
#2374 = DIRECTION('',(-1.110223024625E-16,-1.,0.));
#2375 = PCURVE('',#1733,#2376);
#2376 = DEFINITIONAL_REPRESENTATION('',(#2377),#2381);
#2377 = CIRCLE('',#2378,0.15);
#2378 = AXIS2_PLACEMENT_2D('',#2379,#2380);
#2379 = CARTESIAN_POINT('',(-0.4,0.8));
#2380 = DIRECTION('',(-1.110223024625E-16,-1.));
#2381 = ( GEOMETRIC_REPRESENTATION_CONTEXT(2) 
PARAMETRIC_REPRESENTATION_CONTEXT() REPRESENTATION_CONTEXT('2D SPACE',''
  ) );
#2382 = PCURVE('',#2383,#2388);
#2383 = CYLINDRICAL_SURFACE('',#2384,0.15);
#2384 = AXIS2_PLACEMENT_3D('',#2385,#2386,#2387);
#2385 = CARTESIAN_POINT('',(-0.4,0.8,-5.833333333333));
#2386 = DIRECTION('',(1.110223024625E-16,-1.232595164408E-32,1.));
#2387 = DIRECTION('',(-1.110223024625E-16,-1.,0.));
#2388 = DEFINITIONAL_REPRESENTATION('',(#2389),#2393);
#2389 = LINE('',#2390,#2391);
#2390 = CARTESIAN_POINT('',(0.,5.833333333333));
#2391 = VECTOR('',#2392,1.);
#2392 = DIRECTION('',(1.,0.));
#2393 = ( GEOMETRIC_REPRESENTATION_CONTEXT(2) 
PARAMETRIC_REPRESENTATION_CONTEXT() REPRESENTATION_CONTEXT('2D SPACE',''
  ) );
#2394 = FACE_BOUND('',#2395,.F.);
#2395 = EDGE_LOOP('',(#2396));
#2396 = ORIENTED_EDGE('',*,*,#1923,.F.);
#2397 = FACE_BOUND('',#2398,.F.);
#2398 = EDGE_LOOP('',(#2399));
#2399 = ORIENTED_EDGE('',*,*,#2073,.F.);
#2400 = FACE_BOUND('',#2401,.F.);
#2401 = EDGE_LOOP('',(#2402));
#2402 = ORIENTED_EDGE('',*,*,#2123,.F.);
#2403 = FACE_BOUND('',#2404,.F.);
#2404 = EDGE_LOOP('',(#2405));
#2405 = ORIENTED_EDGE('',*,*,#1873,.F.);
#2406 = FACE_BOUND('',#2407,.F.);
#2407 = EDGE_LOOP('',(#2408));
#2408 = ORIENTED_EDGE('',*,*,#1973,.F.);
#2409 = FACE_BOUND('',#2410,.F.);
#2410 = EDGE_LOOP('',(#2411));
#2411 = ORIENTED_EDGE('',*,*,#2023,.F.);
#2412 = FACE_BOUND('',#2413,.F.);
#2413 = EDGE_LOOP('',(#2414));
#2414 = ORIENTED_EDGE('',*,*,#2415,.F.);
#2415 = EDGE_CURVE('',#2416,#2416,#2418,.T.);
#2416 = VERTEX_POINT('',#2417);
#2417 = CARTESIAN_POINT('',(-1.,1.05,0.));
#2418 = SURFACE_CURVE('',#2419,(#2424,#2431),.PCURVE_S1.);
#2419 = CIRCLE('',#2420,0.15);
#2420 = AXIS2_PLACEMENT_3D('',#2421,#2422,#2423);
#2421 = CARTESIAN_POINT('',(-1.,1.2,0.));
#2422 = DIRECTION('',(1.110223024625E-16,-1.232595164408E-32,1.));
#2423 = DIRECTION('',(-1.110223024625E-16,-1.,0.));
#2424 = PCURVE('',#1733,#2425);
#2425 = DEFINITIONAL_REPRESENTATION('',(#2426),#2430);
#2426 = CIRCLE('',#2427,0.15);
#2427 = AXIS2_PLACEMENT_2D('',#2428,#2429);
#2428 = CARTESIAN_POINT('',(-1.,1.2));
#2429 = DIRECTION('',(-1.110223024625E-16,-1.));
#2430 = ( GEOMETRIC_REPRESENTATION_CONTEXT(2) 
PARAMETRIC_REPRESENTATION_CONTEXT() REPRESENTATION_CONTEXT('2D SPACE',''
  ) );
#2431 = PCURVE('',#2432,#2437);
#2432 = CYLINDRICAL_SURFACE('',#2433,0.15);
#2433 = AXIS2_PLACEMENT_3D('',#2434,#2435,#2436);
#2434 = CARTESIAN_POINT('',(-1.,1.2,-6.666666666667));
#2435 = DIRECTION('',(1.110223024625E-16,-1.232595164408E-32,1.));
#2436 = DIRECTION('',(-1.110223024625E-16,-1.,0.));
#2437 = DEFINITIONAL_REPRESENTATION('',(#2438),#2442);
#2438 = LINE('',#2439,#2440);
#2439 = CARTESIAN_POINT('',(0.,6.666666666667));
#2440 = VECTOR('',#2441,1.);
#2441 = DIRECTION('',(1.,0.));
#2442 = ( GEOMETRIC_REPRESENTATION_CONTEXT(2) 
PARAMETRIC_REPRESENTATION_CONTEXT() REPRESENTATION_CONTEXT('2D SPACE',''
  ) );
#2443 = FACE_BOUND('',#2444,.F.);
#2444 = EDGE_LOOP('',(#2445));
#2445 = ORIENTED_EDGE('',*,*,#2446,.F.);
#2446 = EDGE_CURVE('',#2447,#2447,#2449,.T.);
#2447 = VERTEX_POINT('',#2448);
#2448 = CARTESIAN_POINT('',(-0.4,1.05,0.));
#2449 = SURFACE_CURVE('',#2450,(#2455,#2462),.PCURVE_S1.);
#2450 = CIRCLE('',#2451,0.15);
#2451 = AXIS2_PLACEMENT_3D('',#2452,#2453,#2454);
#2452 = CARTESIAN_POINT('',(-0.4,1.2,0.));
#2453 = DIRECTION('',(1.110223024625E-16,-1.232595164408E-32,1.));
#2454 = DIRECTION('',(-1.110223024625E-16,-1.,0.));
#2455 = PCURVE('',#1733,#2456);
#2456 = DEFINITIONAL_REPRESENTATION('',(#2457),#2461);
#2457 = CIRCLE('',#2458,0.15);
#2458 = AXIS2_PLACEMENT_2D('',#2459,#2460);
#2459 = CARTESIAN_POINT('',(-0.4,1.2));
#2460 = DIRECTION('',(-1.110223024625E-16,-1.));
#2461 = ( GEOMETRIC_REPRESENTATION_CONTEXT(2) 
PARAMETRIC_REPRESENTATION_CONTEXT() REPRESENTATION_CONTEXT('2D SPACE',''
  ) );
#2462 = PCURVE('',#2463,#2468);
#2463 = CYLINDRICAL_SURFACE('',#2464,0.15);
#2464 = AXIS2_PLACEMENT_3D('',#2465,#2466,#2467);
#2465 = CARTESIAN_POINT('',(-0.4,1.2,-6.666666666667));
#2466 = DIRECTION('',(1.110223024625E-16,-1.232595164408E-32,1.));
#2467 = DIRECTION('',(-1.110223024625E-16,-1.,0.));
#2468 = DEFINITIONAL_REPRESENTATION('',(#2469),#2473);
#2469 = LINE('',#2470,#2471);
#2470 = CARTESIAN_POINT('',(0.,6.666666666667));
#2471 = VECTOR('',#2472,1.);
#2472 = DIRECTION('',(1.,0.));
#2473 = ( GEOMETRIC_REPRESENTATION_CONTEXT(2) 
PARAMETRIC_REPRESENTATION_CONTEXT() REPRESENTATION_CONTEXT('2D SPACE',''
  ) );
#2474 = FACE_BOUND('',#2475,.F.);
#2475 = EDGE_LOOP('',(#2476));
#2476 = ORIENTED_EDGE('',*,*,#2477,.F.);
#2477 = EDGE_CURVE('',#2478,#2478,#2480,.T.);
#2478 = VERTEX_POINT('',#2479);
#2479 = CARTESIAN_POINT('',(-0.4,1.45,0.));
#2480 = SURFACE_CURVE('',#2481,(#2486,#2493),.PCURVE_S1.);
#2481 = CIRCLE('',#2482,0.15);
#2482 = AXIS2_PLACEMENT_3D('',#2483,#2484,#2485);
#2483 = CARTESIAN_POINT('',(-0.4,1.6,0.));
#2484 = DIRECTION('',(1.110223024625E-16,-1.232595164408E-32,1.));
#2485 = DIRECTION('',(-1.110223024625E-16,-1.,0.));
#2486 = PCURVE('',#1733,#2487);
#2487 = DEFINITIONAL_REPRESENTATION('',(#2488),#2492);
#2488 = CIRCLE('',#2489,0.15);
#2489 = AXIS2_PLACEMENT_2D('',#2490,#2491);
#2490 = CARTESIAN_POINT('',(-0.4,1.6));
#2491 = DIRECTION('',(-1.110223024625E-16,-1.));
#2492 = ( GEOMETRIC_REPRESENTATION_CONTEXT(2) 
PARAMETRIC_REPRESENTATION_CONTEXT() REPRESENTATION_CONTEXT('2D SPACE',''
  ) );
#2493 = PCURVE('',#2494,#2499);
#2494 = CYLINDRICAL_SURFACE('',#2495,0.15);
#2495 = AXIS2_PLACEMENT_3D('',#2496,#2497,#2498);
#2496 = CARTESIAN_POINT('',(-0.4,1.6,-7.5));
#2497 = DIRECTION('',(1.110223024625E-16,-1.232595164408E-32,1.));
#2498 = DIRECTION('',(-1.110223024625E-16,-1.,0.));
#2499 = DEFINITIONAL_REPRESENTATION('',(#2500),#2504);
#2500 = LINE('',#2501,#2502);
#2501 = CARTESIAN_POINT('',(0.,7.5));
#2502 = VECTOR('',#2503,1.);
#2503 = DIRECTION('',(1.,0.));
#2504 = ( GEOMETRIC_REPRESENTATION_CONTEXT(2) 
PARAMETRIC_REPRESENTATION_CONTEXT() REPRESENTATION_CONTEXT('2D SPACE',''
  ) );
#2505 = FACE_BOUND('',#2506,.F.);
#2506 = EDGE_LOOP('',(#2507));
#2507 = ORIENTED_EDGE('',*,*,#1773,.F.);
#2508 = FACE_BOUND('',#2509,.F.);
#2509 = EDGE_LOOP('',(#2510));
#2510 = ORIENTED_EDGE('',*,*,#1823,.F.);
#2511 = FACE_BOUND('',#2512,.F.);
#2512 = EDGE_LOOP('',(#2513));
#2513 = ORIENTED_EDGE('',*,*,#1718,.F.);
#2514 = ADVANCED_FACE('',(#2515),#2171,.T.);
#2515 = FACE_BOUND('',#2516,.T.);
#2516 = EDGE_LOOP('',(#2517,#2538,#2564,#2583));
#2517 = ORIENTED_EDGE('',*,*,#2518,.F.);
#2518 = EDGE_CURVE('',#2519,#2157,#2521,.T.);
#2519 = VERTEX_POINT('',#2520);
#2520 = CARTESIAN_POINT('',(1.999998437499,2.5E-03,1.5));
#2521 = SURFACE_CURVE('',#2522,(#2526,#2532),.PCURVE_S1.);
#2522 = LINE('',#2523,#2524);
#2523 = CARTESIAN_POINT('',(1.999998437499,2.5E-03,0.));
#2524 = VECTOR('',#2525,1.);
#2525 = DIRECTION('',(-0.,-0.,-1.));
#2526 = PCURVE('',#2171,#2527);
#2527 = DEFINITIONAL_REPRESENTATION('',(#2528),#2531);
#2528 = B_SPLINE_CURVE_WITH_KNOTS('',1,(#2529,#2530),.UNSPECIFIED.,.F.,
  .F.,(2,2),(-1.5000006,6.E-07),.PIECEWISE_BEZIER_KNOTS.);
#2529 = CARTESIAN_POINT('',(-1.5000006,1.999998437499));
#2530 = CARTESIAN_POINT('',(6.E-07,1.999998437499));
#2531 = ( GEOMETRIC_REPRESENTATION_CONTEXT(2) 
PARAMETRIC_REPRESENTATION_CONTEXT() REPRESENTATION_CONTEXT('2D SPACE',''
  ) );
#2532 = PCURVE('',#2197,#2533);
#2533 = DEFINITIONAL_REPRESENTATION('',(#2534),#2537);
#2534 = B_SPLINE_CURVE_WITH_KNOTS('',1,(#2535,#2536),.UNSPECIFIED.,.F.,
  .F.,(2,2),(-1.5000006,6.E-07),.PIECEWISE_BEZIER_KNOTS.);
#2535 = CARTESIAN_POINT('',(-1.250000325521E-03,-1.5000006));
#2536 = CARTESIAN_POINT('',(-1.250000325521E-03,6.E-07));
#2537 = ( GEOMETRIC_REPRESENTATION_CONTEXT(2) 
PARAMETRIC_REPRESENTATION_CONTEXT() REPRESENTATION_CONTEXT('2D SPACE',''
  ) );
#2538 = ORIENTED_EDGE('',*,*,#2539,.F.);
#2539 = EDGE_CURVE('',#2540,#2519,#2542,.T.);
#2540 = VERTEX_POINT('',#2541);
#2541 = CARTESIAN_POINT('',(-1.999998437499,2.5E-03,1.5));
#2542 = SURFACE_CURVE('',#2543,(#2547,#2553),.PCURVE_S1.);
#2543 = LINE('',#2544,#2545);
#2544 = CARTESIAN_POINT('',(-6.409875621279E-17,2.5E-03,1.5));
#2545 = VECTOR('',#2546,1.);
#2546 = DIRECTION('',(1.,0.,0.));
#2547 = PCURVE('',#2171,#2548);
#2548 = DEFINITIONAL_REPRESENTATION('',(#2549),#2552);
#2549 = B_SPLINE_CURVE_WITH_KNOTS('',1,(#2550,#2551),.UNSPECIFIED.,.F.,
  .F.,(2,2),(-2.,2.),.PIECEWISE_BEZIER_KNOTS.);
#2550 = CARTESIAN_POINT('',(-1.5,-2.));
#2551 = CARTESIAN_POINT('',(-1.5,2.));
#2552 = ( GEOMETRIC_REPRESENTATION_CONTEXT(2) 
PARAMETRIC_REPRESENTATION_CONTEXT() REPRESENTATION_CONTEXT('2D SPACE',''
  ) );
#2553 = PCURVE('',#2554,#2559);
#2554 = PLANE('',#2555);
#2555 = AXIS2_PLACEMENT_3D('',#2556,#2557,#2558);
#2556 = CARTESIAN_POINT('',(-1.281975124256E-16,1.74751904908E-16,1.5));
#2557 = DIRECTION('',(0.,0.,1.));
#2558 = DIRECTION('',(1.,0.,-0.));
#2559 = DEFINITIONAL_REPRESENTATION('',(#2560),#2563);
#2560 = B_SPLINE_CURVE_WITH_KNOTS('',1,(#2561,#2562),.UNSPECIFIED.,.F.,
  .F.,(2,2),(-2.,2.),.PIECEWISE_BEZIER_KNOTS.);
#2561 = CARTESIAN_POINT('',(-2.,2.5E-03));
#2562 = CARTESIAN_POINT('',(2.,2.5E-03));
#2563 = ( GEOMETRIC_REPRESENTATION_CONTEXT(2) 
PARAMETRIC_REPRESENTATION_CONTEXT() REPRESENTATION_CONTEXT('2D SPACE',''
  ) );
#2564 = ORIENTED_EDGE('',*,*,#2565,.T.);
#2565 = EDGE_CURVE('',#2540,#2155,#2566,.T.);
#2566 = SURFACE_CURVE('',#2567,(#2571,#2577),.PCURVE_S1.);
#2567 = LINE('',#2568,#2569);
#2568 = CARTESIAN_POINT('',(-1.999998437499,2.5E-03,0.));
#2569 = VECTOR('',#2570,1.);
#2570 = DIRECTION('',(-0.,-0.,-1.));
#2571 = PCURVE('',#2171,#2572);
#2572 = DEFINITIONAL_REPRESENTATION('',(#2573),#2576);
#2573 = B_SPLINE_CURVE_WITH_KNOTS('',1,(#2574,#2575),.UNSPECIFIED.,.F.,
  .F.,(2,2),(-1.5000006,6.E-07),.PIECEWISE_BEZIER_KNOTS.);
#2574 = CARTESIAN_POINT('',(-1.5000006,-1.999998437499));
#2575 = CARTESIAN_POINT('',(6.E-07,-1.999998437499));
#2576 = ( GEOMETRIC_REPRESENTATION_CONTEXT(2) 
PARAMETRIC_REPRESENTATION_CONTEXT() REPRESENTATION_CONTEXT('2D SPACE',''
  ) );
#2577 = PCURVE('',#2197,#2578);
#2578 = DEFINITIONAL_REPRESENTATION('',(#2579),#2582);
#2579 = B_SPLINE_CURVE_WITH_KNOTS('',1,(#2580,#2581),.UNSPECIFIED.,.F.,
  .F.,(2,2),(-1.5000006,6.E-07),.PIECEWISE_BEZIER_KNOTS.);
#2580 = CARTESIAN_POINT('',(-3.140342653264,-1.5000006));
#2581 = CARTESIAN_POINT('',(-3.140342653264,6.E-07));
#2582 = ( GEOMETRIC_REPRESENTATION_CONTEXT(2) 
PARAMETRIC_REPRESENTATION_CONTEXT() REPRESENTATION_CONTEXT('2D SPACE',''
  ) );
#2583 = ORIENTED_EDGE('',*,*,#2154,.T.);
#2584 = ADVANCED_FACE('',(#2585),#2197,.T.);
#2585 = FACE_BOUND('',#2586,.F.);
#2586 = EDGE_LOOP('',(#2587,#2588,#2589,#2611));
#2587 = ORIENTED_EDGE('',*,*,#2182,.F.);
#2588 = ORIENTED_EDGE('',*,*,#2518,.F.);
#2589 = ORIENTED_EDGE('',*,*,#2590,.T.);
#2590 = EDGE_CURVE('',#2519,#2540,#2591,.T.);
#2591 = SURFACE_CURVE('',#2592,(#2597,#2604),.PCURVE_S1.);
#2592 = CIRCLE('',#2593,2.);
#2593 = AXIS2_PLACEMENT_3D('',#2594,#2595,#2596);
#2594 = CARTESIAN_POINT('',(0.,0.,1.5));
#2595 = DIRECTION('',(0.,0.,1.));
#2596 = DIRECTION('',(1.,0.,0.));
#2597 = PCURVE('',#2197,#2598);
#2598 = DEFINITIONAL_REPRESENTATION('',(#2599),#2603);
#2599 = LINE('',#2600,#2601);
#2600 = CARTESIAN_POINT('',(-0.,-1.5));
#2601 = VECTOR('',#2602,1.);
#2602 = DIRECTION('',(-1.,0.));
#2603 = ( GEOMETRIC_REPRESENTATION_CONTEXT(2) 
PARAMETRIC_REPRESENTATION_CONTEXT() REPRESENTATION_CONTEXT('2D SPACE',''
  ) );
#2604 = PCURVE('',#2554,#2605);
#2605 = DEFINITIONAL_REPRESENTATION('',(#2606),#2610);
#2606 = CIRCLE('',#2607,2.);
#2607 = AXIS2_PLACEMENT_2D('',#2608,#2609);
#2608 = CARTESIAN_POINT('',(1.281975124256E-16,-1.74751904908E-16));
#2609 = DIRECTION('',(1.,0.));
#2610 = ( GEOMETRIC_REPRESENTATION_CONTEXT(2) 
PARAMETRIC_REPRESENTATION_CONTEXT() REPRESENTATION_CONTEXT('2D SPACE',''
  ) );
#2611 = ORIENTED_EDGE('',*,*,#2565,.T.);
#2612 = ADVANCED_FACE('',(#2613),#2228,.T.);
#2613 = FACE_BOUND('',#2614,.T.);
#2614 = EDGE_LOOP('',(#2615,#2638,#2639,#2640));
#2615 = ORIENTED_EDGE('',*,*,#2616,.T.);
#2616 = EDGE_CURVE('',#2617,#2212,#2619,.T.);
#2617 = VERTEX_POINT('',#2618);
#2618 = CARTESIAN_POINT('',(-1.6,0.25,-5.));
#2619 = SEAM_CURVE('',#2620,(#2624,#2631),.PCURVE_S1.);
#2620 = LINE('',#2621,#2622);
#2621 = CARTESIAN_POINT('',(-1.6,0.25,-5.));
#2622 = VECTOR('',#2623,1.);
#2623 = DIRECTION('',(1.110223024625E-16,1.110223024625E-16,1.));
#2624 = PCURVE('',#2228,#2625);
#2625 = DEFINITIONAL_REPRESENTATION('',(#2626),#2630);
#2626 = LINE('',#2627,#2628);
#2627 = CARTESIAN_POINT('',(6.28318530718,0.));
#2628 = VECTOR('',#2629,1.);
#2629 = DIRECTION('',(0.,1.));
#2630 = ( GEOMETRIC_REPRESENTATION_CONTEXT(2) 
PARAMETRIC_REPRESENTATION_CONTEXT() REPRESENTATION_CONTEXT('2D SPACE',''
  ) );
#2631 = PCURVE('',#2228,#2632);
#2632 = DEFINITIONAL_REPRESENTATION('',(#2633),#2637);
#2633 = LINE('',#2634,#2635);
#2634 = CARTESIAN_POINT('',(0.,0.));
#2635 = VECTOR('',#2636,1.);
#2636 = DIRECTION('',(0.,1.));
#2637 = ( GEOMETRIC_REPRESENTATION_CONTEXT(2) 
PARAMETRIC_REPRESENTATION_CONTEXT() REPRESENTATION_CONTEXT('2D SPACE',''
  ) );
#2638 = ORIENTED_EDGE('',*,*,#2211,.F.);
#2639 = ORIENTED_EDGE('',*,*,#2616,.F.);
#2640 = ORIENTED_EDGE('',*,*,#2641,.F.);
#2641 = EDGE_CURVE('',#2617,#2617,#2642,.T.);
#2642 = SURFACE_CURVE('',#2643,(#2648,#2655),.PCURVE_S1.);
#2643 = CIRCLE('',#2644,0.15);
#2644 = AXIS2_PLACEMENT_3D('',#2645,#2646,#2647);
#2645 = CARTESIAN_POINT('',(-1.6,0.4,-5.));
#2646 = DIRECTION('',(-1.110223024625E-16,-1.224646799147E-16,-1.));
#2647 = DIRECTION('',(1.110223024625E-16,1.,-1.224646799147E-16));
#2648 = PCURVE('',#2228,#2649);
#2649 = DEFINITIONAL_REPRESENTATION('',(#2650),#2654);
#2650 = LINE('',#2651,#2652);
#2651 = CARTESIAN_POINT('',(9.424777960769,0.));
#2652 = VECTOR('',#2653,1.);
#2653 = DIRECTION('',(-1.,-0.));
#2654 = ( GEOMETRIC_REPRESENTATION_CONTEXT(2) 
PARAMETRIC_REPRESENTATION_CONTEXT() REPRESENTATION_CONTEXT('2D SPACE',''
  ) );
#2655 = PCURVE('',#2656,#2661);
#2656 = TOROIDAL_SURFACE('',#2657,0.4,0.15);
#2657 = AXIS2_PLACEMENT_3D('',#2658,#2659,#2660);
#2658 = CARTESIAN_POINT('',(-1.6,5.551115123126E-17,-5.));
#2659 = DIRECTION('',(1.,-1.110223024625E-16,-1.110223024625E-16));
#2660 = DIRECTION('',(-1.110223024625E-16,-1.,0.));
#2661 = DEFINITIONAL_REPRESENTATION('',(#2662),#2666);
#2662 = LINE('',#2663,#2664);
#2663 = CARTESIAN_POINT('',(3.14159265359,0.));
#2664 = VECTOR('',#2665,1.);
#2665 = DIRECTION('',(0.,1.));
#2666 = ( GEOMETRIC_REPRESENTATION_CONTEXT(2) 
PARAMETRIC_REPRESENTATION_CONTEXT() REPRESENTATION_CONTEXT('2D SPACE',''
  ) );
#2667 = ADVANCED_FACE('',(#2668),#2259,.T.);
#2668 = FACE_BOUND('',#2669,.T.);
#2669 = EDGE_LOOP('',(#2670,#2693,#2694,#2695));
#2670 = ORIENTED_EDGE('',*,*,#2671,.T.);
#2671 = EDGE_CURVE('',#2672,#2243,#2674,.T.);
#2672 = VERTEX_POINT('',#2673);
#2673 = CARTESIAN_POINT('',(-1.,0.25,-5.));
#2674 = SEAM_CURVE('',#2675,(#2679,#2686),.PCURVE_S1.);
#2675 = LINE('',#2676,#2677);
#2676 = CARTESIAN_POINT('',(-1.,0.25,-5.));
#2677 = VECTOR('',#2678,1.);
#2678 = DIRECTION('',(1.110223024625E-16,1.110223024625E-16,1.));
#2679 = PCURVE('',#2259,#2680);
#2680 = DEFINITIONAL_REPRESENTATION('',(#2681),#2685);
#2681 = LINE('',#2682,#2683);
#2682 = CARTESIAN_POINT('',(6.28318530718,0.));
#2683 = VECTOR('',#2684,1.);
#2684 = DIRECTION('',(0.,1.));
#2685 = ( GEOMETRIC_REPRESENTATION_CONTEXT(2) 
PARAMETRIC_REPRESENTATION_CONTEXT() REPRESENTATION_CONTEXT('2D SPACE',''
  ) );
#2686 = PCURVE('',#2259,#2687);
#2687 = DEFINITIONAL_REPRESENTATION('',(#2688),#2692);
#2688 = LINE('',#2689,#2690);
#2689 = CARTESIAN_POINT('',(0.,0.));
#2690 = VECTOR('',#2691,1.);
#2691 = DIRECTION('',(0.,1.));
#2692 = ( GEOMETRIC_REPRESENTATION_CONTEXT(2) 
PARAMETRIC_REPRESENTATION_CONTEXT() REPRESENTATION_CONTEXT('2D SPACE',''
  ) );
#2693 = ORIENTED_EDGE('',*,*,#2242,.F.);
#2694 = ORIENTED_EDGE('',*,*,#2671,.F.);
#2695 = ORIENTED_EDGE('',*,*,#2696,.F.);
#2696 = EDGE_CURVE('',#2672,#2672,#2697,.T.);
#2697 = SURFACE_CURVE('',#2698,(#2703,#2710),.PCURVE_S1.);
#2698 = CIRCLE('',#2699,0.15);
#2699 = AXIS2_PLACEMENT_3D('',#2700,#2701,#2702);
#2700 = CARTESIAN_POINT('',(-1.,0.4,-5.));
#2701 = DIRECTION('',(-1.110223024625E-16,-1.224646799147E-16,-1.));
#2702 = DIRECTION('',(1.110223024625E-16,1.,-1.224646799147E-16));
#2703 = PCURVE('',#2259,#2704);
#2704 = DEFINITIONAL_REPRESENTATION('',(#2705),#2709);
#2705 = LINE('',#2706,#2707);
#2706 = CARTESIAN_POINT('',(9.424777960769,0.));
#2707 = VECTOR('',#2708,1.);
#2708 = DIRECTION('',(-1.,-0.));
#2709 = ( GEOMETRIC_REPRESENTATION_CONTEXT(2) 
PARAMETRIC_REPRESENTATION_CONTEXT() REPRESENTATION_CONTEXT('2D SPACE',''
  ) );
#2710 = PCURVE('',#2711,#2716);
#2711 = TOROIDAL_SURFACE('',#2712,0.4,0.15);
#2712 = AXIS2_PLACEMENT_3D('',#2713,#2714,#2715);
#2713 = CARTESIAN_POINT('',(-1.,5.551115123126E-17,-5.));
#2714 = DIRECTION('',(1.,-1.110223024625E-16,-1.110223024625E-16));
#2715 = DIRECTION('',(-1.110223024625E-16,-1.,0.));
#2716 = DEFINITIONAL_REPRESENTATION('',(#2717),#2721);
#2717 = LINE('',#2718,#2719);
#2718 = CARTESIAN_POINT('',(3.14159265359,0.));
#2719 = VECTOR('',#2720,1.);
#2720 = DIRECTION('',(0.,1.));
#2721 = ( GEOMETRIC_REPRESENTATION_CONTEXT(2) 
PARAMETRIC_REPRESENTATION_CONTEXT() REPRESENTATION_CONTEXT('2D SPACE',''
  ) );
#2722 = ADVANCED_FACE('',(#2723),#2290,.T.);
#2723 = FACE_BOUND('',#2724,.T.);
#2724 = EDGE_LOOP('',(#2725,#2748,#2749,#2750));
#2725 = ORIENTED_EDGE('',*,*,#2726,.T.);
#2726 = EDGE_CURVE('',#2727,#2274,#2729,.T.);
#2727 = VERTEX_POINT('',#2728);
#2728 = CARTESIAN_POINT('',(-0.4,0.25,-5.));
#2729 = SEAM_CURVE('',#2730,(#2734,#2741),.PCURVE_S1.);
#2730 = LINE('',#2731,#2732);
#2731 = CARTESIAN_POINT('',(-0.4,0.25,-5.));
#2732 = VECTOR('',#2733,1.);
#2733 = DIRECTION('',(1.110223024625E-16,1.110223024625E-16,1.));
#2734 = PCURVE('',#2290,#2735);
#2735 = DEFINITIONAL_REPRESENTATION('',(#2736),#2740);
#2736 = LINE('',#2737,#2738);
#2737 = CARTESIAN_POINT('',(6.28318530718,0.));
#2738 = VECTOR('',#2739,1.);
#2739 = DIRECTION('',(0.,1.));
#2740 = ( GEOMETRIC_REPRESENTATION_CONTEXT(2) 
PARAMETRIC_REPRESENTATION_CONTEXT() REPRESENTATION_CONTEXT('2D SPACE',''
  ) );
#2741 = PCURVE('',#2290,#2742);
#2742 = DEFINITIONAL_REPRESENTATION('',(#2743),#2747);
#2743 = LINE('',#2744,#2745);
#2744 = CARTESIAN_POINT('',(0.,0.));
#2745 = VECTOR('',#2746,1.);
#2746 = DIRECTION('',(0.,1.));
#2747 = ( GEOMETRIC_REPRESENTATION_CONTEXT(2) 
PARAMETRIC_REPRESENTATION_CONTEXT() REPRESENTATION_CONTEXT('2D SPACE',''
  ) );
#2748 = ORIENTED_EDGE('',*,*,#2273,.F.);
#2749 = ORIENTED_EDGE('',*,*,#2726,.F.);
#2750 = ORIENTED_EDGE('',*,*,#2751,.F.);
#2751 = EDGE_CURVE('',#2727,#2727,#2752,.T.);
#2752 = SURFACE_CURVE('',#2753,(#2758,#2765),.PCURVE_S1.);
#2753 = CIRCLE('',#2754,0.15);
#2754 = AXIS2_PLACEMENT_3D('',#2755,#2756,#2757);
#2755 = CARTESIAN_POINT('',(-0.4,0.4,-5.));
#2756 = DIRECTION('',(-1.110223024625E-16,-1.224646799147E-16,-1.));
#2757 = DIRECTION('',(1.110223024625E-16,1.,-1.224646799147E-16));
#2758 = PCURVE('',#2290,#2759);
#2759 = DEFINITIONAL_REPRESENTATION('',(#2760),#2764);
#2760 = LINE('',#2761,#2762);
#2761 = CARTESIAN_POINT('',(9.424777960769,0.));
#2762 = VECTOR('',#2763,1.);
#2763 = DIRECTION('',(-1.,-0.));
#2764 = ( GEOMETRIC_REPRESENTATION_CONTEXT(2) 
PARAMETRIC_REPRESENTATION_CONTEXT() REPRESENTATION_CONTEXT('2D SPACE',''
  ) );
#2765 = PCURVE('',#2766,#2771);
#2766 = TOROIDAL_SURFACE('',#2767,0.4,0.15);
#2767 = AXIS2_PLACEMENT_3D('',#2768,#2769,#2770);
#2768 = CARTESIAN_POINT('',(-0.4,5.551115123126E-17,-5.));
#2769 = DIRECTION('',(1.,-1.110223024625E-16,-1.110223024625E-16));
#2770 = DIRECTION('',(-1.110223024625E-16,-1.,0.));
#2771 = DEFINITIONAL_REPRESENTATION('',(#2772),#2776);
#2772 = LINE('',#2773,#2774);
#2773 = CARTESIAN_POINT('',(3.14159265359,0.));
#2774 = VECTOR('',#2775,1.);
#2775 = DIRECTION('',(0.,1.));
#2776 = ( GEOMETRIC_REPRESENTATION_CONTEXT(2) 
PARAMETRIC_REPRESENTATION_CONTEXT() REPRESENTATION_CONTEXT('2D SPACE',''
  ) );
#2777 = ADVANCED_FACE('',(#2778),#2321,.T.);
#2778 = FACE_BOUND('',#2779,.T.);
#2779 = EDGE_LOOP('',(#2780,#2803,#2804,#2805));
#2780 = ORIENTED_EDGE('',*,*,#2781,.T.);
#2781 = EDGE_CURVE('',#2782,#2305,#2784,.T.);
#2782 = VERTEX_POINT('',#2783);
#2783 = CARTESIAN_POINT('',(-1.6,0.65,-5.833333333333));
#2784 = SEAM_CURVE('',#2785,(#2789,#2796),.PCURVE_S1.);
#2785 = LINE('',#2786,#2787);
#2786 = CARTESIAN_POINT('',(-1.6,0.65,-5.833333333333));
#2787 = VECTOR('',#2788,1.);
#2788 = DIRECTION('',(1.110223024625E-16,-1.232595164408E-32,1.));
#2789 = PCURVE('',#2321,#2790);
#2790 = DEFINITIONAL_REPRESENTATION('',(#2791),#2795);
#2791 = LINE('',#2792,#2793);
#2792 = CARTESIAN_POINT('',(6.28318530718,0.));
#2793 = VECTOR('',#2794,1.);
#2794 = DIRECTION('',(0.,1.));
#2795 = ( GEOMETRIC_REPRESENTATION_CONTEXT(2) 
PARAMETRIC_REPRESENTATION_CONTEXT() REPRESENTATION_CONTEXT('2D SPACE',''
  ) );
#2796 = PCURVE('',#2321,#2797);
#2797 = DEFINITIONAL_REPRESENTATION('',(#2798),#2802);
#2798 = LINE('',#2799,#2800);
#2799 = CARTESIAN_POINT('',(0.,0.));
#2800 = VECTOR('',#2801,1.);
#2801 = DIRECTION('',(0.,1.));
#2802 = ( GEOMETRIC_REPRESENTATION_CONTEXT(2) 
PARAMETRIC_REPRESENTATION_CONTEXT() REPRESENTATION_CONTEXT('2D SPACE',''
  ) );
#2803 = ORIENTED_EDGE('',*,*,#2304,.F.);
#2804 = ORIENTED_EDGE('',*,*,#2781,.F.);
#2805 = ORIENTED_EDGE('',*,*,#2806,.F.);
#2806 = EDGE_CURVE('',#2782,#2782,#2807,.T.);
#2807 = SURFACE_CURVE('',#2808,(#2813,#2820),.PCURVE_S1.);
#2808 = CIRCLE('',#2809,0.15);
#2809 = AXIS2_PLACEMENT_3D('',#2810,#2811,#2812);
#2810 = CARTESIAN_POINT('',(-1.6,0.8,-5.833333333333));
#2811 = DIRECTION('',(-1.110223024625E-16,-1.23268770454E-15,-1.));
#2812 = DIRECTION('',(1.110223024625E-16,1.,-1.23268770454E-15));
#2813 = PCURVE('',#2321,#2814);
#2814 = DEFINITIONAL_REPRESENTATION('',(#2815),#2819);
#2815 = LINE('',#2816,#2817);
#2816 = CARTESIAN_POINT('',(9.424777960769,0.));
#2817 = VECTOR('',#2818,1.);
#2818 = DIRECTION('',(-1.,-0.));
#2819 = ( GEOMETRIC_REPRESENTATION_CONTEXT(2) 
PARAMETRIC_REPRESENTATION_CONTEXT() REPRESENTATION_CONTEXT('2D SPACE',''
  ) );
#2820 = PCURVE('',#2821,#2826);
#2821 = TOROIDAL_SURFACE('',#2822,0.8,0.15);
#2822 = AXIS2_PLACEMENT_3D('',#2823,#2824,#2825);
#2823 = CARTESIAN_POINT('',(-1.6,1.110223024625E-16,-5.833333333333));
#2824 = DIRECTION('',(1.,-1.110223024625E-16,-1.110223024625E-16));
#2825 = DIRECTION('',(-1.110223024625E-16,-1.,-1.110223024625E-15));
#2826 = DEFINITIONAL_REPRESENTATION('',(#2827),#2831);
#2827 = LINE('',#2828,#2829);
#2828 = CARTESIAN_POINT('',(3.14159265359,0.));
#2829 = VECTOR('',#2830,1.);
#2830 = DIRECTION('',(0.,1.));
#2831 = ( GEOMETRIC_REPRESENTATION_CONTEXT(2) 
PARAMETRIC_REPRESENTATION_CONTEXT() REPRESENTATION_CONTEXT('2D SPACE',''
  ) );
#2832 = ADVANCED_FACE('',(#2833),#2352,.T.);
#2833 = FACE_BOUND('',#2834,.T.);
#2834 = EDGE_LOOP('',(#2835,#2858,#2859,#2860));
#2835 = ORIENTED_EDGE('',*,*,#2836,.T.);
#2836 = EDGE_CURVE('',#2837,#2336,#2839,.T.);
#2837 = VERTEX_POINT('',#2838);
#2838 = CARTESIAN_POINT('',(-1.,0.65,-5.833333333333));
#2839 = SEAM_CURVE('',#2840,(#2844,#2851),.PCURVE_S1.);
#2840 = LINE('',#2841,#2842);
#2841 = CARTESIAN_POINT('',(-1.,0.65,-5.833333333333));
#2842 = VECTOR('',#2843,1.);
#2843 = DIRECTION('',(1.110223024625E-16,-1.232595164408E-32,1.));
#2844 = PCURVE('',#2352,#2845);
#2845 = DEFINITIONAL_REPRESENTATION('',(#2846),#2850);
#2846 = LINE('',#2847,#2848);
#2847 = CARTESIAN_POINT('',(6.28318530718,0.));
#2848 = VECTOR('',#2849,1.);
#2849 = DIRECTION('',(0.,1.));
#2850 = ( GEOMETRIC_REPRESENTATION_CONTEXT(2) 
PARAMETRIC_REPRESENTATION_CONTEXT() REPRESENTATION_CONTEXT('2D SPACE',''
  ) );
#2851 = PCURVE('',#2352,#2852);
#2852 = DEFINITIONAL_REPRESENTATION('',(#2853),#2857);
#2853 = LINE('',#2854,#2855);
#2854 = CARTESIAN_POINT('',(0.,0.));
#2855 = VECTOR('',#2856,1.);
#2856 = DIRECTION('',(0.,1.));
#2857 = ( GEOMETRIC_REPRESENTATION_CONTEXT(2) 
PARAMETRIC_REPRESENTATION_CONTEXT() REPRESENTATION_CONTEXT('2D SPACE',''
  ) );
#2858 = ORIENTED_EDGE('',*,*,#2335,.F.);
#2859 = ORIENTED_EDGE('',*,*,#2836,.F.);
#2860 = ORIENTED_EDGE('',*,*,#2861,.F.);
#2861 = EDGE_CURVE('',#2837,#2837,#2862,.T.);
#2862 = SURFACE_CURVE('',#2863,(#2868,#2875),.PCURVE_S1.);
#2863 = CIRCLE('',#2864,0.15);
#2864 = AXIS2_PLACEMENT_3D('',#2865,#2866,#2867);
#2865 = CARTESIAN_POINT('',(-1.,0.8,-5.833333333333));
#2866 = DIRECTION('',(-1.110223024625E-16,-1.23268770454E-15,-1.));
#2867 = DIRECTION('',(1.110223024625E-16,1.,-1.23268770454E-15));
#2868 = PCURVE('',#2352,#2869);
#2869 = DEFINITIONAL_REPRESENTATION('',(#2870),#2874);
#2870 = LINE('',#2871,#2872);
#2871 = CARTESIAN_POINT('',(9.424777960769,0.));
#2872 = VECTOR('',#2873,1.);
#2873 = DIRECTION('',(-1.,-0.));
#2874 = ( GEOMETRIC_REPRESENTATION_CONTEXT(2) 
PARAMETRIC_REPRESENTATION_CONTEXT() REPRESENTATION_CONTEXT('2D SPACE',''
  ) );
#2875 = PCURVE('',#2876,#2881);
#2876 = TOROIDAL_SURFACE('',#2877,0.8,0.15);
#2877 = AXIS2_PLACEMENT_3D('',#2878,#2879,#2880);
#2878 = CARTESIAN_POINT('',(-1.,1.110223024625E-16,-5.833333333333));
#2879 = DIRECTION('',(1.,-1.110223024625E-16,-1.110223024625E-16));
#2880 = DIRECTION('',(-1.110223024625E-16,-1.,-1.110223024625E-15));
#2881 = DEFINITIONAL_REPRESENTATION('',(#2882),#2886);
#2882 = LINE('',#2883,#2884);
#2883 = CARTESIAN_POINT('',(3.14159265359,0.));
#2884 = VECTOR('',#2885,1.);
#2885 = DIRECTION('',(0.,1.));
#2886 = ( GEOMETRIC_REPRESENTATION_CONTEXT(2) 
PARAMETRIC_REPRESENTATION_CONTEXT() REPRESENTATION_CONTEXT('2D SPACE',''
  ) );
#2887 = ADVANCED_FACE('',(#2888),#2383,.T.);
#2888 = FACE_BOUND('',#2889,.T.);
#2889 = EDGE_LOOP('',(#2890,#2913,#2914,#2915));
#2890 = ORIENTED_EDGE('',*,*,#2891,.T.);
#2891 = EDGE_CURVE('',#2892,#2367,#2894,.T.);
#2892 = VERTEX_POINT('',#2893);
#2893 = CARTESIAN_POINT('',(-0.4,0.65,-5.833333333333));
#2894 = SEAM_CURVE('',#2895,(#2899,#2906),.PCURVE_S1.);
#2895 = LINE('',#2896,#2897);
#2896 = CARTESIAN_POINT('',(-0.4,0.65,-5.833333333333));
#2897 = VECTOR('',#2898,1.);
#2898 = DIRECTION('',(1.110223024625E-16,-1.232595164408E-32,1.));
#2899 = PCURVE('',#2383,#2900);
#2900 = DEFINITIONAL_REPRESENTATION('',(#2901),#2905);
#2901 = LINE('',#2902,#2903);
#2902 = CARTESIAN_POINT('',(6.28318530718,0.));
#2903 = VECTOR('',#2904,1.);
#2904 = DIRECTION('',(0.,1.));
#2905 = ( GEOMETRIC_REPRESENTATION_CONTEXT(2) 
PARAMETRIC_REPRESENTATION_CONTEXT() REPRESENTATION_CONTEXT('2D SPACE',''
  ) );
#2906 = PCURVE('',#2383,#2907);
#2907 = DEFINITIONAL_REPRESENTATION('',(#2908),#2912);
#2908 = LINE('',#2909,#2910);
#2909 = CARTESIAN_POINT('',(0.,0.));
#2910 = VECTOR('',#2911,1.);
#2911 = DIRECTION('',(0.,1.));
#2912 = ( GEOMETRIC_REPRESENTATION_CONTEXT(2) 
PARAMETRIC_REPRESENTATION_CONTEXT() REPRESENTATION_CONTEXT('2D SPACE',''
  ) );
#2913 = ORIENTED_EDGE('',*,*,#2366,.F.);
#2914 = ORIENTED_EDGE('',*,*,#2891,.F.);
#2915 = ORIENTED_EDGE('',*,*,#2916,.F.);
#2916 = EDGE_CURVE('',#2892,#2892,#2917,.T.);
#2917 = SURFACE_CURVE('',#2918,(#2923,#2930),.PCURVE_S1.);
#2918 = CIRCLE('',#2919,0.15);
#2919 = AXIS2_PLACEMENT_3D('',#2920,#2921,#2922);
#2920 = CARTESIAN_POINT('',(-0.4,0.8,-5.833333333333));
#2921 = DIRECTION('',(-1.110223024625E-16,-1.23268770454E-15,-1.));
#2922 = DIRECTION('',(1.110223024625E-16,1.,-1.23268770454E-15));
#2923 = PCURVE('',#2383,#2924);
#2924 = DEFINITIONAL_REPRESENTATION('',(#2925),#2929);
#2925 = LINE('',#2926,#2927);
#2926 = CARTESIAN_POINT('',(9.424777960769,0.));
#2927 = VECTOR('',#2928,1.);
#2928 = DIRECTION('',(-1.,-0.));
#2929 = ( GEOMETRIC_REPRESENTATION_CONTEXT(2) 
PARAMETRIC_REPRESENTATION_CONTEXT() REPRESENTATION_CONTEXT('2D SPACE',''
  ) );
#2930 = PCURVE('',#2931,#2936);
#2931 = TOROIDAL_SURFACE('',#2932,0.8,0.15);
#2932 = AXIS2_PLACEMENT_3D('',#2933,#2934,#2935);
#2933 = CARTESIAN_POINT('',(-0.4,1.110223024625E-16,-5.833333333333));
#2934 = DIRECTION('',(1.,-1.110223024625E-16,-1.110223024625E-16));
#2935 = DIRECTION('',(-1.110223024625E-16,-1.,-1.110223024625E-15));
#2936 = DEFINITIONAL_REPRESENTATION('',(#2937),#2941);
#2937 = LINE('',#2938,#2939);
#2938 = CARTESIAN_POINT('',(3.14159265359,0.));
#2939 = VECTOR('',#2940,1.);
#2940 = DIRECTION('',(0.,1.));
#2941 = ( GEOMETRIC_REPRESENTATION_CONTEXT(2) 
PARAMETRIC_REPRESENTATION_CONTEXT() REPRESENTATION_CONTEXT('2D SPACE',''
  ) );
#2942 = ADVANCED_FACE('',(#2943),#2432,.T.);
#2943 = FACE_BOUND('',#2944,.T.);
#2944 = EDGE_LOOP('',(#2945,#2968,#2969,#2970));
#2945 = ORIENTED_EDGE('',*,*,#2946,.T.);
#2946 = EDGE_CURVE('',#2947,#2416,#2949,.T.);
#2947 = VERTEX_POINT('',#2948);
#2948 = CARTESIAN_POINT('',(-1.,1.05,-6.666666666667));
#2949 = SEAM_CURVE('',#2950,(#2954,#2961),.PCURVE_S1.);
#2950 = LINE('',#2951,#2952);
#2951 = CARTESIAN_POINT('',(-1.,1.05,-6.666666666667));
#2952 = VECTOR('',#2953,1.);
#2953 = DIRECTION('',(1.110223024625E-16,-1.232595164408E-32,1.));
#2954 = PCURVE('',#2432,#2955);
#2955 = DEFINITIONAL_REPRESENTATION('',(#2956),#2960);
#2956 = LINE('',#2957,#2958);
#2957 = CARTESIAN_POINT('',(6.28318530718,0.));
#2958 = VECTOR('',#2959,1.);
#2959 = DIRECTION('',(0.,1.));
#2960 = ( GEOMETRIC_REPRESENTATION_CONTEXT(2) 
PARAMETRIC_REPRESENTATION_CONTEXT() REPRESENTATION_CONTEXT('2D SPACE',''
  ) );
#2961 = PCURVE('',#2432,#2962);
#2962 = DEFINITIONAL_REPRESENTATION('',(#2963),#2967);
#2963 = LINE('',#2964,#2965);
#2964 = CARTESIAN_POINT('',(0.,0.));
#2965 = VECTOR('',#2966,1.);
#2966 = DIRECTION('',(0.,1.));
#2967 = ( GEOMETRIC_REPRESENTATION_CONTEXT(2) 
PARAMETRIC_REPRESENTATION_CONTEXT() REPRESENTATION_CONTEXT('2D SPACE',''
  ) );
#2968 = ORIENTED_EDGE('',*,*,#2415,.F.);
#2969 = ORIENTED_EDGE('',*,*,#2946,.F.);
#2970 = ORIENTED_EDGE('',*,*,#2971,.F.);
#2971 = EDGE_CURVE('',#2947,#2947,#2972,.T.);
#2972 = SURFACE_CURVE('',#2973,(#2978,#2985),.PCURVE_S1.);
#2973 = CIRCLE('',#2974,0.15);
#2974 = AXIS2_PLACEMENT_3D('',#2975,#2976,#2977);
#2975 = CARTESIAN_POINT('',(-1.,1.2,-6.666666666667));
#2976 = DIRECTION('',(-1.110223024625E-16,-1.224646799147E-16,-1.));
#2977 = DIRECTION('',(1.110223024625E-16,1.,-1.224646799147E-16));
#2978 = PCURVE('',#2432,#2979);
#2979 = DEFINITIONAL_REPRESENTATION('',(#2980),#2984);
#2980 = LINE('',#2981,#2982);
#2981 = CARTESIAN_POINT('',(9.424777960769,0.));
#2982 = VECTOR('',#2983,1.);
#2983 = DIRECTION('',(-1.,-0.));
#2984 = ( GEOMETRIC_REPRESENTATION_CONTEXT(2) 
PARAMETRIC_REPRESENTATION_CONTEXT() REPRESENTATION_CONTEXT('2D SPACE',''
  ) );
#2985 = PCURVE('',#2986,#2991);
#2986 = TOROIDAL_SURFACE('',#2987,1.2,0.15);
#2987 = AXIS2_PLACEMENT_3D('',#2988,#2989,#2990);
#2988 = CARTESIAN_POINT('',(-1.,0.,-6.666666666667));
#2989 = DIRECTION('',(1.,-1.110223024625E-16,-1.110223024625E-16));
#2990 = DIRECTION('',(-1.110223024625E-16,-1.,0.));
#2991 = DEFINITIONAL_REPRESENTATION('',(#2992),#2996);
#2992 = LINE('',#2993,#2994);
#2993 = CARTESIAN_POINT('',(3.14159265359,0.));
#2994 = VECTOR('',#2995,1.);
#2995 = DIRECTION('',(0.,1.));
#2996 = ( GEOMETRIC_REPRESENTATION_CONTEXT(2) 
PARAMETRIC_REPRESENTATION_CONTEXT() REPRESENTATION_CONTEXT('2D SPACE',''
  ) );
#2997 = ADVANCED_FACE('',(#2998),#2463,.T.);
#2998 = FACE_BOUND('',#2999,.T.);
#2999 = EDGE_LOOP('',(#3000,#3023,#3024,#3025));
#3000 = ORIENTED_EDGE('',*,*,#3001,.T.);
#3001 = EDGE_CURVE('',#3002,#2447,#3004,.T.);
#3002 = VERTEX_POINT('',#3003);
#3003 = CARTESIAN_POINT('',(-0.4,1.05,-6.666666666667));
#3004 = SEAM_CURVE('',#3005,(#3009,#3016),.PCURVE_S1.);
#3005 = LINE('',#3006,#3007);
#3006 = CARTESIAN_POINT('',(-0.4,1.05,-6.666666666667));
#3007 = VECTOR('',#3008,1.);
#3008 = DIRECTION('',(1.110223024625E-16,-1.232595164408E-32,1.));
#3009 = PCURVE('',#2463,#3010);
#3010 = DEFINITIONAL_REPRESENTATION('',(#3011),#3015);
#3011 = LINE('',#3012,#3013);
#3012 = CARTESIAN_POINT('',(6.28318530718,0.));
#3013 = VECTOR('',#3014,1.);
#3014 = DIRECTION('',(0.,1.));
#3015 = ( GEOMETRIC_REPRESENTATION_CONTEXT(2) 
PARAMETRIC_REPRESENTATION_CONTEXT() REPRESENTATION_CONTEXT('2D SPACE',''
  ) );
#3016 = PCURVE('',#2463,#3017);
#3017 = DEFINITIONAL_REPRESENTATION('',(#3018),#3022);
#3018 = LINE('',#3019,#3020);
#3019 = CARTESIAN_POINT('',(0.,0.));
#3020 = VECTOR('',#3021,1.);
#3021 = DIRECTION('',(0.,1.));
#3022 = ( GEOMETRIC_REPRESENTATION_CONTEXT(2) 
PARAMETRIC_REPRESENTATION_CONTEXT() REPRESENTATION_CONTEXT('2D SPACE',''
  ) );
#3023 = ORIENTED_EDGE('',*,*,#2446,.F.);
#3024 = ORIENTED_EDGE('',*,*,#3001,.F.);
#3025 = ORIENTED_EDGE('',*,*,#3026,.F.);
#3026 = EDGE_CURVE('',#3002,#3002,#3027,.T.);
#3027 = SURFACE_CURVE('',#3028,(#3033,#3040),.PCURVE_S1.);
#3028 = CIRCLE('',#3029,0.15);
#3029 = AXIS2_PLACEMENT_3D('',#3030,#3031,#3032);
#3030 = CARTESIAN_POINT('',(-0.4,1.2,-6.666666666667));
#3031 = DIRECTION('',(-1.110223024625E-16,-1.224646799147E-16,-1.));
#3032 = DIRECTION('',(1.110223024625E-16,1.,-1.224646799147E-16));
#3033 = PCURVE('',#2463,#3034);
#3034 = DEFINITIONAL_REPRESENTATION('',(#3035),#3039);
#3035 = LINE('',#3036,#3037);
#3036 = CARTESIAN_POINT('',(9.424777960769,0.));
#3037 = VECTOR('',#3038,1.);
#3038 = DIRECTION('',(-1.,-0.));
#3039 = ( GEOMETRIC_REPRESENTATION_CONTEXT(2) 
PARAMETRIC_REPRESENTATION_CONTEXT() REPRESENTATION_CONTEXT('2D SPACE',''
  ) );
#3040 = PCURVE('',#3041,#3046);
#3041 = TOROIDAL_SURFACE('',#3042,1.2,0.15);
#3042 = AXIS2_PLACEMENT_3D('',#3043,#3044,#3045);
#3043 = CARTESIAN_POINT('',(-0.4,0.,-6.666666666667));
#3044 = DIRECTION('',(1.,-1.110223024625E-16,-1.110223024625E-16));
#3045 = DIRECTION('',(-1.110223024625E-16,-1.,0.));
#3046 = DEFINITIONAL_REPRESENTATION('',(#3047),#3051);
#3047 = LINE('',#3048,#3049);
#3048 = CARTESIAN_POINT('',(3.14159265359,0.));
#3049 = VECTOR('',#3050,1.);
#3050 = DIRECTION('',(0.,1.));
#3051 = ( GEOMETRIC_REPRESENTATION_CONTEXT(2) 
PARAMETRIC_REPRESENTATION_CONTEXT() REPRESENTATION_CONTEXT('2D SPACE',''
  ) );
#3052 = ADVANCED_FACE('',(#3053),#2494,.T.);
#3053 = FACE_BOUND('',#3054,.T.);
#3054 = EDGE_LOOP('',(#3055,#3078,#3079,#3080));
#3055 = ORIENTED_EDGE('',*,*,#3056,.T.);
#3056 = EDGE_CURVE('',#3057,#2478,#3059,.T.);
#3057 = VERTEX_POINT('',#3058);
#3058 = CARTESIAN_POINT('',(-0.4,1.45,-7.5));
#3059 = SEAM_CURVE('',#3060,(#3064,#3071),.PCURVE_S1.);
#3060 = LINE('',#3061,#3062);
#3061 = CARTESIAN_POINT('',(-0.4,1.45,-7.5));
#3062 = VECTOR('',#3063,1.);
#3063 = DIRECTION('',(1.110223024625E-16,-1.232595164408E-32,1.));
#3064 = PCURVE('',#2494,#3065);
#3065 = DEFINITIONAL_REPRESENTATION('',(#3066),#3070);
#3066 = LINE('',#3067,#3068);
#3067 = CARTESIAN_POINT('',(6.28318530718,0.));
#3068 = VECTOR('',#3069,1.);
#3069 = DIRECTION('',(0.,1.));
#3070 = ( GEOMETRIC_REPRESENTATION_CONTEXT(2) 
PARAMETRIC_REPRESENTATION_CONTEXT() REPRESENTATION_CONTEXT('2D SPACE',''
  ) );
#3071 = PCURVE('',#2494,#3072);
#3072 = DEFINITIONAL_REPRESENTATION('',(#3073),#3077);
#3073 = LINE('',#3074,#3075);
#3074 = CARTESIAN_POINT('',(0.,0.));
#3075 = VECTOR('',#3076,1.);
#3076 = DIRECTION('',(0.,1.));
#3077 = ( GEOMETRIC_REPRESENTATION_CONTEXT(2) 
PARAMETRIC_REPRESENTATION_CONTEXT() REPRESENTATION_CONTEXT('2D SPACE',''
  ) );
#3078 = ORIENTED_EDGE('',*,*,#2477,.F.);
#3079 = ORIENTED_EDGE('',*,*,#3056,.F.);
#3080 = ORIENTED_EDGE('',*,*,#3081,.F.);
#3081 = EDGE_CURVE('',#3057,#3057,#3082,.T.);
#3082 = SURFACE_CURVE('',#3083,(#3088,#3095),.PCURVE_S1.);
#3083 = CIRCLE('',#3084,0.15);
#3084 = AXIS2_PLACEMENT_3D('',#3085,#3086,#3087);
#3085 = CARTESIAN_POINT('',(-0.4,1.6,-7.5));
#3086 = DIRECTION('',(-1.110223024625E-16,-1.224646799147E-16,-1.));
#3087 = DIRECTION('',(1.110223024625E-16,1.,-1.224646799147E-16));
#3088 = PCURVE('',#2494,#3089);
#3089 = DEFINITIONAL_REPRESENTATION('',(#3090),#3094);
#3090 = LINE('',#3091,#3092);
#3091 = CARTESIAN_POINT('',(9.424777960769,0.));
#3092 = VECTOR('',#3093,1.);
#3093 = DIRECTION('',(-1.,-0.));
#3094 = ( GEOMETRIC_REPRESENTATION_CONTEXT(2) 
PARAMETRIC_REPRESENTATION_CONTEXT() REPRESENTATION_CONTEXT('2D SPACE',''
  ) );
#3095 = PCURVE('',#3096,#3101);
#3096 = TOROIDAL_SURFACE('',#3097,1.6,0.15);
#3097 = AXIS2_PLACEMENT_3D('',#3098,#3099,#3100);
#3098 = CARTESIAN_POINT('',(-0.4,2.22044604925E-16,-7.5));
#3099 = DIRECTION('',(1.,-1.110223024625E-16,-1.110223024625E-16));
#3100 = DIRECTION('',(-1.110223024625E-16,-1.,0.));
#3101 = DEFINITIONAL_REPRESENTATION('',(#3102),#3106);
#3102 = LINE('',#3103,#3104);
#3103 = CARTESIAN_POINT('',(3.14159265359,0.));
#3104 = VECTOR('',#3105,1.);
#3105 = DIRECTION('',(0.,1.));
#3106 = ( GEOMETRIC_REPRESENTATION_CONTEXT(2) 
PARAMETRIC_REPRESENTATION_CONTEXT() REPRESENTATION_CONTEXT('2D SPACE',''
  ) );
#3107 = ADVANCED_FACE('',(#3108),#2554,.T.);
#3108 = FACE_BOUND('',#3109,.T.);
#3109 = EDGE_LOOP('',(#3110,#3111));
#3110 = ORIENTED_EDGE('',*,*,#2539,.T.);
#3111 = ORIENTED_EDGE('',*,*,#2590,.T.);
#3112 = ADVANCED_FACE('',(#3113),#2656,.T.);
#3113 = FACE_BOUND('',#3114,.T.);
#3114 = EDGE_LOOP('',(#3115,#3139,#3140,#3141));
#3115 = ORIENTED_EDGE('',*,*,#3116,.T.);
#3116 = EDGE_CURVE('',#3117,#2617,#3119,.T.);
#3117 = VERTEX_POINT('',#3118);
#3118 = CARTESIAN_POINT('',(-1.6,-0.25,-5.));
#3119 = SEAM_CURVE('',#3120,(#3125,#3132),.PCURVE_S1.);
#3120 = CIRCLE('',#3121,0.25);
#3121 = AXIS2_PLACEMENT_3D('',#3122,#3123,#3124);
#3122 = CARTESIAN_POINT('',(-1.6,5.551115123126E-17,-5.));
#3123 = DIRECTION('',(1.,-1.110223024625E-16,-1.110223024625E-16));
#3124 = DIRECTION('',(-1.110223024625E-16,-1.,0.));
#3125 = PCURVE('',#2656,#3126);
#3126 = DEFINITIONAL_REPRESENTATION('',(#3127),#3131);
#3127 = LINE('',#3128,#3129);
#3128 = CARTESIAN_POINT('',(0.,3.14159265359));
#3129 = VECTOR('',#3130,1.);
#3130 = DIRECTION('',(1.,0.));
#3131 = ( GEOMETRIC_REPRESENTATION_CONTEXT(2) 
PARAMETRIC_REPRESENTATION_CONTEXT() REPRESENTATION_CONTEXT('2D SPACE',''
  ) );
#3132 = PCURVE('',#2656,#3133);
#3133 = DEFINITIONAL_REPRESENTATION('',(#3134),#3138);
#3134 = LINE('',#3135,#3136);
#3135 = CARTESIAN_POINT('',(0.,9.424777960769));
#3136 = VECTOR('',#3137,1.);
#3137 = DIRECTION('',(1.,0.));
#3138 = ( GEOMETRIC_REPRESENTATION_CONTEXT(2) 
PARAMETRIC_REPRESENTATION_CONTEXT() REPRESENTATION_CONTEXT('2D SPACE',''
  ) );
#3139 = ORIENTED_EDGE('',*,*,#2641,.T.);
#3140 = ORIENTED_EDGE('',*,*,#3116,.F.);
#3141 = ORIENTED_EDGE('',*,*,#3142,.T.);
#3142 = EDGE_CURVE('',#3117,#3117,#3143,.T.);
#3143 = SURFACE_CURVE('',#3144,(#3149,#3156),.PCURVE_S1.);
#3144 = CIRCLE('',#3145,0.15);
#3145 = AXIS2_PLACEMENT_3D('',#3146,#3147,#3148);
#3146 = CARTESIAN_POINT('',(-1.6,-0.4,-5.));
#3147 = DIRECTION('',(-1.110223024625E-16,1.232595164408E-32,-1.));
#3148 = DIRECTION('',(1.110223024625E-16,1.,0.));
#3149 = PCURVE('',#2656,#3150);
#3150 = DEFINITIONAL_REPRESENTATION('',(#3151),#3155);
#3151 = LINE('',#3152,#3153);
#3152 = CARTESIAN_POINT('',(0.,9.424777960769));
#3153 = VECTOR('',#3154,1.);
#3154 = DIRECTION('',(-0.,-1.));
#3155 = ( GEOMETRIC_REPRESENTATION_CONTEXT(2) 
PARAMETRIC_REPRESENTATION_CONTEXT() REPRESENTATION_CONTEXT('2D SPACE',''
  ) );
#3156 = PCURVE('',#3157,#3162);
#3157 = CYLINDRICAL_SURFACE('',#3158,0.15);
#3158 = AXIS2_PLACEMENT_3D('',#3159,#3160,#3161);
#3159 = CARTESIAN_POINT('',(-1.6,-0.4,0.));
#3160 = DIRECTION('',(-1.110223024625E-16,1.232595164408E-32,-1.));
#3161 = DIRECTION('',(1.110223024625E-16,1.,0.));
#3162 = DEFINITIONAL_REPRESENTATION('',(#3163),#3167);
#3163 = LINE('',#3164,#3165);
#3164 = CARTESIAN_POINT('',(0.,5.));
#3165 = VECTOR('',#3166,1.);
#3166 = DIRECTION('',(1.,0.));
#3167 = ( GEOMETRIC_REPRESENTATION_CONTEXT(2) 
PARAMETRIC_REPRESENTATION_CONTEXT() REPRESENTATION_CONTEXT('2D SPACE',''
  ) );
#3168 = ADVANCED_FACE('',(#3169),#2711,.T.);
#3169 = FACE_BOUND('',#3170,.T.);
#3170 = EDGE_LOOP('',(#3171,#3195,#3196,#3197));
#3171 = ORIENTED_EDGE('',*,*,#3172,.T.);
#3172 = EDGE_CURVE('',#3173,#2672,#3175,.T.);
#3173 = VERTEX_POINT('',#3174);
#3174 = CARTESIAN_POINT('',(-1.,-0.25,-5.));
#3175 = SEAM_CURVE('',#3176,(#3181,#3188),.PCURVE_S1.);
#3176 = CIRCLE('',#3177,0.25);
#3177 = AXIS2_PLACEMENT_3D('',#3178,#3179,#3180);
#3178 = CARTESIAN_POINT('',(-1.,5.551115123126E-17,-5.));
#3179 = DIRECTION('',(1.,-1.110223024625E-16,-1.110223024625E-16));
#3180 = DIRECTION('',(-1.110223024625E-16,-1.,0.));
#3181 = PCURVE('',#2711,#3182);
#3182 = DEFINITIONAL_REPRESENTATION('',(#3183),#3187);
#3183 = LINE('',#3184,#3185);
#3184 = CARTESIAN_POINT('',(0.,3.14159265359));
#3185 = VECTOR('',#3186,1.);
#3186 = DIRECTION('',(1.,0.));
#3187 = ( GEOMETRIC_REPRESENTATION_CONTEXT(2) 
PARAMETRIC_REPRESENTATION_CONTEXT() REPRESENTATION_CONTEXT('2D SPACE',''
  ) );
#3188 = PCURVE('',#2711,#3189);
#3189 = DEFINITIONAL_REPRESENTATION('',(#3190),#3194);
#3190 = LINE('',#3191,#3192);
#3191 = CARTESIAN_POINT('',(0.,9.424777960769));
#3192 = VECTOR('',#3193,1.);
#3193 = DIRECTION('',(1.,0.));
#3194 = ( GEOMETRIC_REPRESENTATION_CONTEXT(2) 
PARAMETRIC_REPRESENTATION_CONTEXT() REPRESENTATION_CONTEXT('2D SPACE',''
  ) );
#3195 = ORIENTED_EDGE('',*,*,#2696,.T.);
#3196 = ORIENTED_EDGE('',*,*,#3172,.F.);
#3197 = ORIENTED_EDGE('',*,*,#3198,.T.);
#3198 = EDGE_CURVE('',#3173,#3173,#3199,.T.);
#3199 = SURFACE_CURVE('',#3200,(#3205,#3212),.PCURVE_S1.);
#3200 = CIRCLE('',#3201,0.15);
#3201 = AXIS2_PLACEMENT_3D('',#3202,#3203,#3204);
#3202 = CARTESIAN_POINT('',(-1.,-0.4,-5.));
#3203 = DIRECTION('',(-1.110223024625E-16,1.232595164408E-32,-1.));
#3204 = DIRECTION('',(1.110223024625E-16,1.,0.));
#3205 = PCURVE('',#2711,#3206);
#3206 = DEFINITIONAL_REPRESENTATION('',(#3207),#3211);
#3207 = LINE('',#3208,#3209);
#3208 = CARTESIAN_POINT('',(0.,9.424777960769));
#3209 = VECTOR('',#3210,1.);
#3210 = DIRECTION('',(-0.,-1.));
#3211 = ( GEOMETRIC_REPRESENTATION_CONTEXT(2) 
PARAMETRIC_REPRESENTATION_CONTEXT() REPRESENTATION_CONTEXT('2D SPACE',''
  ) );
#3212 = PCURVE('',#3213,#3218);
#3213 = CYLINDRICAL_SURFACE('',#3214,0.15);
#3214 = AXIS2_PLACEMENT_3D('',#3215,#3216,#3217);
#3215 = CARTESIAN_POINT('',(-1.,-0.4,0.));
#3216 = DIRECTION('',(-1.110223024625E-16,1.232595164408E-32,-1.));
#3217 = DIRECTION('',(1.110223024625E-16,1.,0.));
#3218 = DEFINITIONAL_REPRESENTATION('',(#3219),#3223);
#3219 = LINE('',#3220,#3221);
#3220 = CARTESIAN_POINT('',(0.,5.));
#3221 = VECTOR('',#3222,1.);
#3222 = DIRECTION('',(1.,0.));
#3223 = ( GEOMETRIC_REPRESENTATION_CONTEXT(2) 
PARAMETRIC_REPRESENTATION_CONTEXT() REPRESENTATION_CONTEXT('2D SPACE',''
  ) );
#3224 = ADVANCED_FACE('',(#3225),#2766,.T.);
#3225 = FACE_BOUND('',#3226,.T.);
#3226 = EDGE_LOOP('',(#3227,#3251,#3252,#3253));
#3227 = ORIENTED_EDGE('',*,*,#3228,.T.);
#3228 = EDGE_CURVE('',#3229,#2727,#3231,.T.);
#3229 = VERTEX_POINT('',#3230);
#3230 = CARTESIAN_POINT('',(-0.4,-0.25,-5.));
#3231 = SEAM_CURVE('',#3232,(#3237,#3244),.PCURVE_S1.);
#3232 = CIRCLE('',#3233,0.25);
#3233 = AXIS2_PLACEMENT_3D('',#3234,#3235,#3236);
#3234 = CARTESIAN_POINT('',(-0.4,5.551115123126E-17,-5.));
#3235 = DIRECTION('',(1.,-1.110223024625E-16,-1.110223024625E-16));
#3236 = DIRECTION('',(-1.110223024625E-16,-1.,0.));
#3237 = PCURVE('',#2766,#3238);
#3238 = DEFINITIONAL_REPRESENTATION('',(#3239),#3243);
#3239 = LINE('',#3240,#3241);
#3240 = CARTESIAN_POINT('',(0.,3.14159265359));
#3241 = VECTOR('',#3242,1.);
#3242 = DIRECTION('',(1.,0.));
#3243 = ( GEOMETRIC_REPRESENTATION_CONTEXT(2) 
PARAMETRIC_REPRESENTATION_CONTEXT() REPRESENTATION_CONTEXT('2D SPACE',''
  ) );
#3244 = PCURVE('',#2766,#3245);
#3245 = DEFINITIONAL_REPRESENTATION('',(#3246),#3250);
#3246 = LINE('',#3247,#3248);
#3247 = CARTESIAN_POINT('',(0.,9.424777960769));
#3248 = VECTOR('',#3249,1.);
#3249 = DIRECTION('',(1.,0.));
#3250 = ( GEOMETRIC_REPRESENTATION_CONTEXT(2) 
PARAMETRIC_REPRESENTATION_CONTEXT() REPRESENTATION_CONTEXT('2D SPACE',''
  ) );
#3251 = ORIENTED_EDGE('',*,*,#2751,.T.);
#3252 = ORIENTED_EDGE('',*,*,#3228,.F.);
#3253 = ORIENTED_EDGE('',*,*,#3254,.T.);
#3254 = EDGE_CURVE('',#3229,#3229,#3255,.T.);
#3255 = SURFACE_CURVE('',#3256,(#3261,#3268),.PCURVE_S1.);
#3256 = CIRCLE('',#3257,0.15);
#3257 = AXIS2_PLACEMENT_3D('',#3258,#3259,#3260);
#3258 = CARTESIAN_POINT('',(-0.4,-0.4,-5.));
#3259 = DIRECTION('',(-1.110223024625E-16,1.232595164408E-32,-1.));
#3260 = DIRECTION('',(1.110223024625E-16,1.,0.));
#3261 = PCURVE('',#2766,#3262);
#3262 = DEFINITIONAL_REPRESENTATION('',(#3263),#3267);
#3263 = LINE('',#3264,#3265);
#3264 = CARTESIAN_POINT('',(0.,9.424777960769));
#3265 = VECTOR('',#3266,1.);
#3266 = DIRECTION('',(-0.,-1.));
#3267 = ( GEOMETRIC_REPRESENTATION_CONTEXT(2) 
PARAMETRIC_REPRESENTATION_CONTEXT() REPRESENTATION_CONTEXT('2D SPACE',''
  ) );
#3268 = PCURVE('',#3269,#3274);
#3269 = CYLINDRICAL_SURFACE('',#3270,0.15);
#3270 = AXIS2_PLACEMENT_3D('',#3271,#3272,#3273);
#3271 = CARTESIAN_POINT('',(-0.4,-0.4,0.));
#3272 = DIRECTION('',(-1.110223024625E-16,1.232595164408E-32,-1.));
#3273 = DIRECTION('',(1.110223024625E-16,1.,0.));
#3274 = DEFINITIONAL_REPRESENTATION('',(#3275),#3279);
#3275 = LINE('',#3276,#3277);
#3276 = CARTESIAN_POINT('',(0.,5.));
#3277 = VECTOR('',#3278,1.);
#3278 = DIRECTION('',(1.,0.));
#3279 = ( GEOMETRIC_REPRESENTATION_CONTEXT(2) 
PARAMETRIC_REPRESENTATION_CONTEXT() REPRESENTATION_CONTEXT('2D SPACE',''
  ) );
#3280 = ADVANCED_FACE('',(#3281),#2821,.T.);
#3281 = FACE_BOUND('',#3282,.T.);
#3282 = EDGE_LOOP('',(#3283,#3307,#3308,#3309));
#3283 = ORIENTED_EDGE('',*,*,#3284,.T.);
#3284 = EDGE_CURVE('',#3285,#2782,#3287,.T.);
#3285 = VERTEX_POINT('',#3286);
#3286 = CARTESIAN_POINT('',(-1.6,-0.65,-5.833333333333));
#3287 = SEAM_CURVE('',#3288,(#3293,#3300),.PCURVE_S1.);
#3288 = CIRCLE('',#3289,0.65);
#3289 = AXIS2_PLACEMENT_3D('',#3290,#3291,#3292);
#3290 = CARTESIAN_POINT('',(-1.6,1.110223024625E-16,-5.833333333333));
#3291 = DIRECTION('',(1.,-1.110223024625E-16,-1.110223024625E-16));
#3292 = DIRECTION('',(-1.110223024625E-16,-1.,-1.110223024625E-15));
#3293 = PCURVE('',#2821,#3294);
#3294 = DEFINITIONAL_REPRESENTATION('',(#3295),#3299);
#3295 = LINE('',#3296,#3297);
#3296 = CARTESIAN_POINT('',(0.,3.14159265359));
#3297 = VECTOR('',#3298,1.);
#3298 = DIRECTION('',(1.,0.));
#3299 = ( GEOMETRIC_REPRESENTATION_CONTEXT(2) 
PARAMETRIC_REPRESENTATION_CONTEXT() REPRESENTATION_CONTEXT('2D SPACE',''
  ) );
#3300 = PCURVE('',#2821,#3301);
#3301 = DEFINITIONAL_REPRESENTATION('',(#3302),#3306);
#3302 = LINE('',#3303,#3304);
#3303 = CARTESIAN_POINT('',(0.,9.424777960769));
#3304 = VECTOR('',#3305,1.);
#3305 = DIRECTION('',(1.,0.));
#3306 = ( GEOMETRIC_REPRESENTATION_CONTEXT(2) 
PARAMETRIC_REPRESENTATION_CONTEXT() REPRESENTATION_CONTEXT('2D SPACE',''
  ) );
#3307 = ORIENTED_EDGE('',*,*,#2806,.T.);
#3308 = ORIENTED_EDGE('',*,*,#3284,.F.);
#3309 = ORIENTED_EDGE('',*,*,#3310,.T.);
#3310 = EDGE_CURVE('',#3285,#3285,#3311,.T.);
#3311 = SURFACE_CURVE('',#3312,(#3317,#3324),.PCURVE_S1.);
#3312 = CIRCLE('',#3313,0.15);
#3313 = AXIS2_PLACEMENT_3D('',#3314,#3315,#3316);
#3314 = CARTESIAN_POINT('',(-1.6,-0.8,-5.833333333333));
#3315 = DIRECTION('',(-1.110223024625E-16,1.232595164408E-32,-1.));
#3316 = DIRECTION('',(1.110223024625E-16,1.,0.));
#3317 = PCURVE('',#2821,#3318);
#3318 = DEFINITIONAL_REPRESENTATION('',(#3319),#3323);
#3319 = LINE('',#3320,#3321);
#3320 = CARTESIAN_POINT('',(0.,9.424777960769));
#3321 = VECTOR('',#3322,1.);
#3322 = DIRECTION('',(-0.,-1.));
#3323 = ( GEOMETRIC_REPRESENTATION_CONTEXT(2) 
PARAMETRIC_REPRESENTATION_CONTEXT() REPRESENTATION_CONTEXT('2D SPACE',''
  ) );
#3324 = PCURVE('',#3325,#3330);
#3325 = CYLINDRICAL_SURFACE('',#3326,0.15);
#3326 = AXIS2_PLACEMENT_3D('',#3327,#3328,#3329);
#3327 = CARTESIAN_POINT('',(-1.6,-0.8,0.));
#3328 = DIRECTION('',(-1.110223024625E-16,1.232595164408E-32,-1.));
#3329 = DIRECTION('',(1.110223024625E-16,1.,0.));
#3330 = DEFINITIONAL_REPRESENTATION('',(#3331),#3335);
#3331 = LINE('',#3332,#3333);
#3332 = CARTESIAN_POINT('',(0.,5.833333333333));
#3333 = VECTOR('',#3334,1.);
#3334 = DIRECTION('',(1.,0.));
#3335 = ( GEOMETRIC_REPRESENTATION_CONTEXT(2) 
PARAMETRIC_REPRESENTATION_CONTEXT() REPRESENTATION_CONTEXT('2D SPACE',''
  ) );
#3336 = ADVANCED_FACE('',(#3337),#2876,.T.);
#3337 = FACE_BOUND('',#3338,.T.);
#3338 = EDGE_LOOP('',(#3339,#3363,#3364,#3365));
#3339 = ORIENTED_EDGE('',*,*,#3340,.T.);
#3340 = EDGE_CURVE('',#3341,#2837,#3343,.T.);
#3341 = VERTEX_POINT('',#3342);
#3342 = CARTESIAN_POINT('',(-1.,-0.65,-5.833333333333));
#3343 = SEAM_CURVE('',#3344,(#3349,#3356),.PCURVE_S1.);
#3344 = CIRCLE('',#3345,0.65);
#3345 = AXIS2_PLACEMENT_3D('',#3346,#3347,#3348);
#3346 = CARTESIAN_POINT('',(-1.,1.110223024625E-16,-5.833333333333));
#3347 = DIRECTION('',(1.,-1.110223024625E-16,-1.110223024625E-16));
#3348 = DIRECTION('',(-1.110223024625E-16,-1.,-1.110223024625E-15));
#3349 = PCURVE('',#2876,#3350);
#3350 = DEFINITIONAL_REPRESENTATION('',(#3351),#3355);
#3351 = LINE('',#3352,#3353);
#3352 = CARTESIAN_POINT('',(0.,3.14159265359));
#3353 = VECTOR('',#3354,1.);
#3354 = DIRECTION('',(1.,0.));
#3355 = ( GEOMETRIC_REPRESENTATION_CONTEXT(2) 
PARAMETRIC_REPRESENTATION_CONTEXT() REPRESENTATION_CONTEXT('2D SPACE',''
  ) );
#3356 = PCURVE('',#2876,#3357);
#3357 = DEFINITIONAL_REPRESENTATION('',(#3358),#3362);
#3358 = LINE('',#3359,#3360);
#3359 = CARTESIAN_POINT('',(0.,9.424777960769));
#3360 = VECTOR('',#3361,1.);
#3361 = DIRECTION('',(1.,0.));
#3362 = ( GEOMETRIC_REPRESENTATION_CONTEXT(2) 
PARAMETRIC_REPRESENTATION_CONTEXT() REPRESENTATION_CONTEXT('2D SPACE',''
  ) );
#3363 = ORIENTED_EDGE('',*,*,#2861,.T.);
#3364 = ORIENTED_EDGE('',*,*,#3340,.F.);
#3365 = ORIENTED_EDGE('',*,*,#3366,.T.);
#3366 = EDGE_CURVE('',#3341,#3341,#3367,.T.);
#3367 = SURFACE_CURVE('',#3368,(#3373,#3380),.PCURVE_S1.);
#3368 = CIRCLE('',#3369,0.15);
#3369 = AXIS2_PLACEMENT_3D('',#3370,#3371,#3372);
#3370 = CARTESIAN_POINT('',(-1.,-0.8,-5.833333333333));
#3371 = DIRECTION('',(-1.110223024625E-16,1.232595164408E-32,-1.));
#3372 = DIRECTION('',(1.110223024625E-16,1.,0.));
#3373 = PCURVE('',#2876,#3374);
#3374 = DEFINITIONAL_REPRESENTATION('',(#3375),#3379);
#3375 = LINE('',#3376,#3377);
#3376 = CARTESIAN_POINT('',(0.,9.424777960769));
#3377 = VECTOR('',#3378,1.);
#3378 = DIRECTION('',(-0.,-1.));
#3379 = ( GEOMETRIC_REPRESENTATION_CONTEXT(2) 
PARAMETRIC_REPRESENTATION_CONTEXT() REPRESENTATION_CONTEXT('2D SPACE',''
  ) );
#3380 = PCURVE('',#3381,#3386);
#3381 = CYLINDRICAL_SURFACE('',#3382,0.15);
#3382 = AXIS2_PLACEMENT_3D('',#3383,#3384,#3385);
#3383 = CARTESIAN_POINT('',(-1.,-0.8,0.));
#3384 = DIRECTION('',(-1.110223024625E-16,1.232595164408E-32,-1.));
#3385 = DIRECTION('',(1.110223024625E-16,1.,0.));
#3386 = DEFINITIONAL_REPRESENTATION('',(#3387),#3391);
#3387 = LINE('',#3388,#3389);
#3388 = CARTESIAN_POINT('',(0.,5.833333333333));
#3389 = VECTOR('',#3390,1.);
#3390 = DIRECTION('',(1.,0.));
#3391 = ( GEOMETRIC_REPRESENTATION_CONTEXT(2) 
PARAMETRIC_REPRESENTATION_CONTEXT() REPRESENTATION_CONTEXT('2D SPACE',''
  ) );
#3392 = ADVANCED_FACE('',(#3393),#2931,.T.);
#3393 = FACE_BOUND('',#3394,.T.);
#3394 = EDGE_LOOP('',(#3395,#3419,#3420,#3421));
#3395 = ORIENTED_EDGE('',*,*,#3396,.T.);
#3396 = EDGE_CURVE('',#3397,#2892,#3399,.T.);
#3397 = VERTEX_POINT('',#3398);
#3398 = CARTESIAN_POINT('',(-0.4,-0.65,-5.833333333333));
#3399 = SEAM_CURVE('',#3400,(#3405,#3412),.PCURVE_S1.);
#3400 = CIRCLE('',#3401,0.65);
#3401 = AXIS2_PLACEMENT_3D('',#3402,#3403,#3404);
#3402 = CARTESIAN_POINT('',(-0.4,1.110223024625E-16,-5.833333333333));
#3403 = DIRECTION('',(1.,-1.110223024625E-16,-1.110223024625E-16));
#3404 = DIRECTION('',(-1.110223024625E-16,-1.,-1.110223024625E-15));
#3405 = PCURVE('',#2931,#3406);
#3406 = DEFINITIONAL_REPRESENTATION('',(#3407),#3411);
#3407 = LINE('',#3408,#3409);
#3408 = CARTESIAN_POINT('',(0.,3.14159265359));
#3409 = VECTOR('',#3410,1.);
#3410 = DIRECTION('',(1.,0.));
#3411 = ( GEOMETRIC_REPRESENTATION_CONTEXT(2) 
PARAMETRIC_REPRESENTATION_CONTEXT() REPRESENTATION_CONTEXT('2D SPACE',''
  ) );
#3412 = PCURVE('',#2931,#3413);
#3413 = DEFINITIONAL_REPRESENTATION('',(#3414),#3418);
#3414 = LINE('',#3415,#3416);
#3415 = CARTESIAN_POINT('',(0.,9.424777960769));
#3416 = VECTOR('',#3417,1.);
#3417 = DIRECTION('',(1.,0.));
#3418 = ( GEOMETRIC_REPRESENTATION_CONTEXT(2) 
PARAMETRIC_REPRESENTATION_CONTEXT() REPRESENTATION_CONTEXT('2D SPACE',''
  ) );
#3419 = ORIENTED_EDGE('',*,*,#2916,.T.);
#3420 = ORIENTED_EDGE('',*,*,#3396,.F.);
#3421 = ORIENTED_EDGE('',*,*,#3422,.T.);
#3422 = EDGE_CURVE('',#3397,#3397,#3423,.T.);
#3423 = SURFACE_CURVE('',#3424,(#3429,#3436),.PCURVE_S1.);
#3424 = CIRCLE('',#3425,0.15);
#3425 = AXIS2_PLACEMENT_3D('',#3426,#3427,#3428);
#3426 = CARTESIAN_POINT('',(-0.4,-0.8,-5.833333333333));
#3427 = DIRECTION('',(-1.110223024625E-16,1.232595164408E-32,-1.));
#3428 = DIRECTION('',(1.110223024625E-16,1.,0.));
#3429 = PCURVE('',#2931,#3430);
#3430 = DEFINITIONAL_REPRESENTATION('',(#3431),#3435);
#3431 = LINE('',#3432,#3433);
#3432 = CARTESIAN_POINT('',(0.,9.424777960769));
#3433 = VECTOR('',#3434,1.);
#3434 = DIRECTION('',(-0.,-1.));
#3435 = ( GEOMETRIC_REPRESENTATION_CONTEXT(2) 
PARAMETRIC_REPRESENTATION_CONTEXT() REPRESENTATION_CONTEXT('2D SPACE',''
  ) );
#3436 = PCURVE('',#3437,#3442);
#3437 = CYLINDRICAL_SURFACE('',#3438,0.15);
#3438 = AXIS2_PLACEMENT_3D('',#3439,#3440,#3441);
#3439 = CARTESIAN_POINT('',(-0.4,-0.8,0.));
#3440 = DIRECTION('',(-1.110223024625E-16,1.232595164408E-32,-1.));
#3441 = DIRECTION('',(1.110223024625E-16,1.,0.));
#3442 = DEFINITIONAL_REPRESENTATION('',(#3443),#3447);
#3443 = LINE('',#3444,#3445);
#3444 = CARTESIAN_POINT('',(0.,5.833333333333));
#3445 = VECTOR('',#3446,1.);
#3446 = DIRECTION('',(1.,0.));
#3447 = ( GEOMETRIC_REPRESENTATION_CONTEXT(2) 
PARAMETRIC_REPRESENTATION_CONTEXT() REPRESENTATION_CONTEXT('2D SPACE',''
  ) );
#3448 = ADVANCED_FACE('',(#3449),#2986,.T.);
#3449 = FACE_BOUND('',#3450,.T.);
#3450 = EDGE_LOOP('',(#3451,#3475,#3476,#3477));
#3451 = ORIENTED_EDGE('',*,*,#3452,.T.);
#3452 = EDGE_CURVE('',#3453,#2947,#3455,.T.);
#3453 = VERTEX_POINT('',#3454);
#3454 = CARTESIAN_POINT('',(-1.,-1.05,-6.666666666667));
#3455 = SEAM_CURVE('',#3456,(#3461,#3468),.PCURVE_S1.);
#3456 = CIRCLE('',#3457,1.05);
#3457 = AXIS2_PLACEMENT_3D('',#3458,#3459,#3460);
#3458 = CARTESIAN_POINT('',(-1.,0.,-6.666666666667));
#3459 = DIRECTION('',(1.,-1.110223024625E-16,-1.110223024625E-16));
#3460 = DIRECTION('',(-1.110223024625E-16,-1.,0.));
#3461 = PCURVE('',#2986,#3462);
#3462 = DEFINITIONAL_REPRESENTATION('',(#3463),#3467);
#3463 = LINE('',#3464,#3465);
#3464 = CARTESIAN_POINT('',(0.,3.14159265359));
#3465 = VECTOR('',#3466,1.);
#3466 = DIRECTION('',(1.,0.));
#3467 = ( GEOMETRIC_REPRESENTATION_CONTEXT(2) 
PARAMETRIC_REPRESENTATION_CONTEXT() REPRESENTATION_CONTEXT('2D SPACE',''
  ) );
#3468 = PCURVE('',#2986,#3469);
#3469 = DEFINITIONAL_REPRESENTATION('',(#3470),#3474);
#3470 = LINE('',#3471,#3472);
#3471 = CARTESIAN_POINT('',(0.,9.424777960769));
#3472 = VECTOR('',#3473,1.);
#3473 = DIRECTION('',(1.,0.));
#3474 = ( GEOMETRIC_REPRESENTATION_CONTEXT(2) 
PARAMETRIC_REPRESENTATION_CONTEXT() REPRESENTATION_CONTEXT('2D SPACE',''
  ) );
#3475 = ORIENTED_EDGE('',*,*,#2971,.T.);
#3476 = ORIENTED_EDGE('',*,*,#3452,.F.);
#3477 = ORIENTED_EDGE('',*,*,#3478,.T.);
#3478 = EDGE_CURVE('',#3453,#3453,#3479,.T.);
#3479 = SURFACE_CURVE('',#3480,(#3485,#3492),.PCURVE_S1.);
#3480 = CIRCLE('',#3481,0.15);
#3481 = AXIS2_PLACEMENT_3D('',#3482,#3483,#3484);
#3482 = CARTESIAN_POINT('',(-1.,-1.2,-6.666666666667));
#3483 = DIRECTION('',(-1.110223024625E-16,1.232595164408E-32,-1.));
#3484 = DIRECTION('',(1.110223024625E-16,1.,0.));
#3485 = PCURVE('',#2986,#3486);
#3486 = DEFINITIONAL_REPRESENTATION('',(#3487),#3491);
#3487 = LINE('',#3488,#3489);
#3488 = CARTESIAN_POINT('',(0.,9.424777960769));
#3489 = VECTOR('',#3490,1.);
#3490 = DIRECTION('',(-0.,-1.));
#3491 = ( GEOMETRIC_REPRESENTATION_CONTEXT(2) 
PARAMETRIC_REPRESENTATION_CONTEXT() REPRESENTATION_CONTEXT('2D SPACE',''
  ) );
#3492 = PCURVE('',#3493,#3498);
#3493 = CYLINDRICAL_SURFACE('',#3494,0.15);
#3494 = AXIS2_PLACEMENT_3D('',#3495,#3496,#3497);
#3495 = CARTESIAN_POINT('',(-1.,-1.2,0.));
#3496 = DIRECTION('',(-1.110223024625E-16,1.232595164408E-32,-1.));
#3497 = DIRECTION('',(1.110223024625E-16,1.,0.));
#3498 = DEFINITIONAL_REPRESENTATION('',(#3499),#3503);
#3499 = LINE('',#3500,#3501);
#3500 = CARTESIAN_POINT('',(0.,6.666666666667));
#3501 = VECTOR('',#3502,1.);
#3502 = DIRECTION('',(1.,0.));
#3503 = ( GEOMETRIC_REPRESENTATION_CONTEXT(2) 
PARAMETRIC_REPRESENTATION_CONTEXT() REPRESENTATION_CONTEXT('2D SPACE',''
  ) );
#3504 = ADVANCED_FACE('',(#3505),#3041,.T.);
#3505 = FACE_BOUND('',#3506,.T.);
#3506 = EDGE_LOOP('',(#3507,#3531,#3532,#3533));
#3507 = ORIENTED_EDGE('',*,*,#3508,.T.);
#3508 = EDGE_CURVE('',#3509,#3002,#3511,.T.);
#3509 = VERTEX_POINT('',#3510);
#3510 = CARTESIAN_POINT('',(-0.4,-1.05,-6.666666666667));
#3511 = SEAM_CURVE('',#3512,(#3517,#3524),.PCURVE_S1.);
#3512 = CIRCLE('',#3513,1.05);
#3513 = AXIS2_PLACEMENT_3D('',#3514,#3515,#3516);
#3514 = CARTESIAN_POINT('',(-0.4,0.,-6.666666666667));
#3515 = DIRECTION('',(1.,-1.110223024625E-16,-1.110223024625E-16));
#3516 = DIRECTION('',(-1.110223024625E-16,-1.,0.));
#3517 = PCURVE('',#3041,#3518);
#3518 = DEFINITIONAL_REPRESENTATION('',(#3519),#3523);
#3519 = LINE('',#3520,#3521);
#3520 = CARTESIAN_POINT('',(0.,3.14159265359));
#3521 = VECTOR('',#3522,1.);
#3522 = DIRECTION('',(1.,0.));
#3523 = ( GEOMETRIC_REPRESENTATION_CONTEXT(2) 
PARAMETRIC_REPRESENTATION_CONTEXT() REPRESENTATION_CONTEXT('2D SPACE',''
  ) );
#3524 = PCURVE('',#3041,#3525);
#3525 = DEFINITIONAL_REPRESENTATION('',(#3526),#3530);
#3526 = LINE('',#3527,#3528);
#3527 = CARTESIAN_POINT('',(0.,9.424777960769));
#3528 = VECTOR('',#3529,1.);
#3529 = DIRECTION('',(1.,0.));
#3530 = ( GEOMETRIC_REPRESENTATION_CONTEXT(2) 
PARAMETRIC_REPRESENTATION_CONTEXT() REPRESENTATION_CONTEXT('2D SPACE',''
  ) );
#3531 = ORIENTED_EDGE('',*,*,#3026,.T.);
#3532 = ORIENTED_EDGE('',*,*,#3508,.F.);
#3533 = ORIENTED_EDGE('',*,*,#3534,.T.);
#3534 = EDGE_CURVE('',#3509,#3509,#3535,.T.);
#3535 = SURFACE_CURVE('',#3536,(#3541,#3548),.PCURVE_S1.);
#3536 = CIRCLE('',#3537,0.15);
#3537 = AXIS2_PLACEMENT_3D('',#3538,#3539,#3540);
#3538 = CARTESIAN_POINT('',(-0.4,-1.2,-6.666666666667));
#3539 = DIRECTION('',(-1.110223024625E-16,1.232595164408E-32,-1.));
#3540 = DIRECTION('',(1.110223024625E-16,1.,0.));
#3541 = PCURVE('',#3041,#3542);
#3542 = DEFINITIONAL_REPRESENTATION('',(#3543),#3547);
#3543 = LINE('',#3544,#3545);
#3544 = CARTESIAN_POINT('',(0.,9.424777960769));
#3545 = VECTOR('',#3546,1.);
#3546 = DIRECTION('',(-0.,-1.));
#3547 = ( GEOMETRIC_REPRESENTATION_CONTEXT(2) 
PARAMETRIC_REPRESENTATION_CONTEXT() REPRESENTATION_CONTEXT('2D SPACE',''
  ) );
#3548 = PCURVE('',#3549,#3554);
#3549 = CYLINDRICAL_SURFACE('',#3550,0.15);
#3550 = AXIS2_PLACEMENT_3D('',#3551,#3552,#3553);
#3551 = CARTESIAN_POINT('',(-0.4,-1.2,0.));
#3552 = DIRECTION('',(-1.110223024625E-16,1.232595164408E-32,-1.));
#3553 = DIRECTION('',(1.110223024625E-16,1.,0.));
#3554 = DEFINITIONAL_REPRESENTATION('',(#3555),#3559);
#3555 = LINE('',#3556,#3557);
#3556 = CARTESIAN_POINT('',(0.,6.666666666667));
#3557 = VECTOR('',#3558,1.);
#3558 = DIRECTION('',(1.,0.));
#3559 = ( GEOMETRIC_REPRESENTATION_CONTEXT(2) 
PARAMETRIC_REPRESENTATION_CONTEXT() REPRESENTATION_CONTEXT('2D SPACE',''
  ) );
#3560 = ADVANCED_FACE('',(#3561),#3096,.T.);
#3561 = FACE_BOUND('',#3562,.T.);
#3562 = EDGE_LOOP('',(#3563,#3587,#3588,#3589));
#3563 = ORIENTED_EDGE('',*,*,#3564,.T.);
#3564 = EDGE_CURVE('',#3565,#3057,#3567,.T.);
#3565 = VERTEX_POINT('',#3566);
#3566 = CARTESIAN_POINT('',(-0.4,-1.45,-7.5));
#3567 = SEAM_CURVE('',#3568,(#3573,#3580),.PCURVE_S1.);
#3568 = CIRCLE('',#3569,1.45);
#3569 = AXIS2_PLACEMENT_3D('',#3570,#3571,#3572);
#3570 = CARTESIAN_POINT('',(-0.4,2.22044604925E-16,-7.5));
#3571 = DIRECTION('',(1.,-1.110223024625E-16,-1.110223024625E-16));
#3572 = DIRECTION('',(-1.110223024625E-16,-1.,0.));
#3573 = PCURVE('',#3096,#3574);
#3574 = DEFINITIONAL_REPRESENTATION('',(#3575),#3579);
#3575 = LINE('',#3576,#3577);
#3576 = CARTESIAN_POINT('',(0.,3.14159265359));
#3577 = VECTOR('',#3578,1.);
#3578 = DIRECTION('',(1.,0.));
#3579 = ( GEOMETRIC_REPRESENTATION_CONTEXT(2) 
PARAMETRIC_REPRESENTATION_CONTEXT() REPRESENTATION_CONTEXT('2D SPACE',''
  ) );
#3580 = PCURVE('',#3096,#3581);
#3581 = DEFINITIONAL_REPRESENTATION('',(#3582),#3586);
#3582 = LINE('',#3583,#3584);
#3583 = CARTESIAN_POINT('',(0.,9.424777960769));
#3584 = VECTOR('',#3585,1.);
#3585 = DIRECTION('',(1.,0.));
#3586 = ( GEOMETRIC_REPRESENTATION_CONTEXT(2) 
PARAMETRIC_REPRESENTATION_CONTEXT() REPRESENTATION_CONTEXT('2D SPACE',''
  ) );
#3587 = ORIENTED_EDGE('',*,*,#3081,.T.);
#3588 = ORIENTED_EDGE('',*,*,#3564,.F.);
#3589 = ORIENTED_EDGE('',*,*,#3590,.T.);
#3590 = EDGE_CURVE('',#3565,#3565,#3591,.T.);
#3591 = SURFACE_CURVE('',#3592,(#3597,#3604),.PCURVE_S1.);
#3592 = CIRCLE('',#3593,0.15);
#3593 = AXIS2_PLACEMENT_3D('',#3594,#3595,#3596);
#3594 = CARTESIAN_POINT('',(-0.4,-1.6,-7.5));
#3595 = DIRECTION('',(-1.110223024625E-16,1.232595164408E-32,-1.));
#3596 = DIRECTION('',(1.110223024625E-16,1.,0.));
#3597 = PCURVE('',#3096,#3598);
#3598 = DEFINITIONAL_REPRESENTATION('',(#3599),#3603);
#3599 = LINE('',#3600,#3601);
#3600 = CARTESIAN_POINT('',(0.,9.424777960769));
#3601 = VECTOR('',#3602,1.);
#3602 = DIRECTION('',(-0.,-1.));
#3603 = ( GEOMETRIC_REPRESENTATION_CONTEXT(2) 
PARAMETRIC_REPRESENTATION_CONTEXT() REPRESENTATION_CONTEXT('2D SPACE',''
  ) );
#3604 = PCURVE('',#3605,#3610);
#3605 = CYLINDRICAL_SURFACE('',#3606,0.15);
#3606 = AXIS2_PLACEMENT_3D('',#3607,#3608,#3609);
#3607 = CARTESIAN_POINT('',(-0.4,-1.6,0.));
#3608 = DIRECTION('',(-1.110223024625E-16,1.232595164408E-32,-1.));
#3609 = DIRECTION('',(1.110223024625E-16,1.,0.));
#3610 = DEFINITIONAL_REPRESENTATION('',(#3611),#3615);
#3611 = LINE('',#3612,#3613);
#3612 = CARTESIAN_POINT('',(0.,7.5));
#3613 = VECTOR('',#3614,1.);
#3614 = DIRECTION('',(1.,0.));
#3615 = ( GEOMETRIC_REPRESENTATION_CONTEXT(2) 
PARAMETRIC_REPRESENTATION_CONTEXT() REPRESENTATION_CONTEXT('2D SPACE',''
  ) );
#3616 = ADVANCED_FACE('',(#3617),#3157,.T.);
#3617 = FACE_BOUND('',#3618,.T.);
#3618 = EDGE_LOOP('',(#3619,#3642,#3643,#3644));
#3619 = ORIENTED_EDGE('',*,*,#3620,.T.);
#3620 = EDGE_CURVE('',#3621,#3117,#3623,.T.);
#3621 = VERTEX_POINT('',#3622);
#3622 = CARTESIAN_POINT('',(-1.6,-0.25,0.));
#3623 = SEAM_CURVE('',#3624,(#3628,#3635),.PCURVE_S1.);
#3624 = LINE('',#3625,#3626);
#3625 = CARTESIAN_POINT('',(-1.6,-0.25,4.078893220341E-33));
#3626 = VECTOR('',#3627,1.);
#3627 = DIRECTION('',(-1.110223024625E-16,1.232595164408E-32,-1.));
#3628 = PCURVE('',#3157,#3629);
#3629 = DEFINITIONAL_REPRESENTATION('',(#3630),#3634);
#3630 = LINE('',#3631,#3632);
#3631 = CARTESIAN_POINT('',(6.28318530718,0.));
#3632 = VECTOR('',#3633,1.);
#3633 = DIRECTION('',(0.,1.));
#3634 = ( GEOMETRIC_REPRESENTATION_CONTEXT(2) 
PARAMETRIC_REPRESENTATION_CONTEXT() REPRESENTATION_CONTEXT('2D SPACE',''
  ) );
#3635 = PCURVE('',#3157,#3636);
#3636 = DEFINITIONAL_REPRESENTATION('',(#3637),#3641);
#3637 = LINE('',#3638,#3639);
#3638 = CARTESIAN_POINT('',(0.,0.));
#3639 = VECTOR('',#3640,1.);
#3640 = DIRECTION('',(0.,1.));
#3641 = ( GEOMETRIC_REPRESENTATION_CONTEXT(2) 
PARAMETRIC_REPRESENTATION_CONTEXT() REPRESENTATION_CONTEXT('2D SPACE',''
  ) );
#3642 = ORIENTED_EDGE('',*,*,#3142,.F.);
#3643 = ORIENTED_EDGE('',*,*,#3620,.F.);
#3644 = ORIENTED_EDGE('',*,*,#3645,.T.);
#3645 = EDGE_CURVE('',#3621,#3621,#3646,.T.);
#3646 = SURFACE_CURVE('',#3647,(#3652,#3659),.PCURVE_S1.);
#3647 = CIRCLE('',#3648,0.15);
#3648 = AXIS2_PLACEMENT_3D('',#3649,#3650,#3651);
#3649 = CARTESIAN_POINT('',(-1.6,-0.4,0.));
#3650 = DIRECTION('',(-1.110223024625E-16,1.232595164408E-32,-1.));
#3651 = DIRECTION('',(1.110223024625E-16,1.,0.));
#3652 = PCURVE('',#3157,#3653);
#3653 = DEFINITIONAL_REPRESENTATION('',(#3654),#3658);
#3654 = LINE('',#3655,#3656);
#3655 = CARTESIAN_POINT('',(0.,0.));
#3656 = VECTOR('',#3657,1.);
#3657 = DIRECTION('',(1.,0.));
#3658 = ( GEOMETRIC_REPRESENTATION_CONTEXT(2) 
PARAMETRIC_REPRESENTATION_CONTEXT() REPRESENTATION_CONTEXT('2D SPACE',''
  ) );
#3659 = PCURVE('',#3660,#3665);
#3660 = PLANE('',#3661);
#3661 = AXIS2_PLACEMENT_3D('',#3662,#3663,#3664);
#3662 = CARTESIAN_POINT('',(-1.E-02,-2.E-02,0.));
#3663 = DIRECTION('',(0.,0.,1.));
#3664 = DIRECTION('',(1.,0.,-0.));
#3665 = DEFINITIONAL_REPRESENTATION('',(#3666),#3674);
#3666 = ( BOUNDED_CURVE() B_SPLINE_CURVE(2,(#3667,#3668,#3669,#3670,
#3671,#3672,#3673),.UNSPECIFIED.,.T.,.F.) B_SPLINE_CURVE_WITH_KNOTS((1,2
    ,2,2,2,1),(-2.094395102393,0.,2.094395102393,4.188790204786,
6.28318530718,8.377580409573),.UNSPECIFIED.) CURVE() 
GEOMETRIC_REPRESENTATION_ITEM() RATIONAL_B_SPLINE_CURVE((1.,0.5,1.,0.5,
1.,0.5,1.)) REPRESENTATION_ITEM('') );
#3667 = CARTESIAN_POINT('',(-1.59,-0.23));
#3668 = CARTESIAN_POINT('',(-1.330192378865,-0.23));
#3669 = CARTESIAN_POINT('',(-1.460096189432,-0.455));
#3670 = CARTESIAN_POINT('',(-1.59,-0.68));
#3671 = CARTESIAN_POINT('',(-1.719903810568,-0.455));
#3672 = CARTESIAN_POINT('',(-1.849807621135,-0.23));
#3673 = CARTESIAN_POINT('',(-1.59,-0.23));
#3674 = ( GEOMETRIC_REPRESENTATION_CONTEXT(2) 
PARAMETRIC_REPRESENTATION_CONTEXT() REPRESENTATION_CONTEXT('2D SPACE',''
  ) );
#3675 = ADVANCED_FACE('',(#3676),#3213,.T.);
#3676 = FACE_BOUND('',#3677,.T.);
#3677 = EDGE_LOOP('',(#3678,#3701,#3702,#3703));
#3678 = ORIENTED_EDGE('',*,*,#3679,.T.);
#3679 = EDGE_CURVE('',#3680,#3173,#3682,.T.);
#3680 = VERTEX_POINT('',#3681);
#3681 = CARTESIAN_POINT('',(-1.,-0.25,0.));
#3682 = SEAM_CURVE('',#3683,(#3687,#3694),.PCURVE_S1.);
#3683 = LINE('',#3684,#3685);
#3684 = CARTESIAN_POINT('',(-1.,-0.25,4.078893220341E-33));
#3685 = VECTOR('',#3686,1.);
#3686 = DIRECTION('',(-1.110223024625E-16,1.232595164408E-32,-1.));
#3687 = PCURVE('',#3213,#3688);
#3688 = DEFINITIONAL_REPRESENTATION('',(#3689),#3693);
#3689 = LINE('',#3690,#3691);
#3690 = CARTESIAN_POINT('',(6.28318530718,0.));
#3691 = VECTOR('',#3692,1.);
#3692 = DIRECTION('',(0.,1.));
#3693 = ( GEOMETRIC_REPRESENTATION_CONTEXT(2) 
PARAMETRIC_REPRESENTATION_CONTEXT() REPRESENTATION_CONTEXT('2D SPACE',''
  ) );
#3694 = PCURVE('',#3213,#3695);
#3695 = DEFINITIONAL_REPRESENTATION('',(#3696),#3700);
#3696 = LINE('',#3697,#3698);
#3697 = CARTESIAN_POINT('',(0.,0.));
#3698 = VECTOR('',#3699,1.);
#3699 = DIRECTION('',(0.,1.));
#3700 = ( GEOMETRIC_REPRESENTATION_CONTEXT(2) 
PARAMETRIC_REPRESENTATION_CONTEXT() REPRESENTATION_CONTEXT('2D SPACE',''
  ) );
#3701 = ORIENTED_EDGE('',*,*,#3198,.F.);
#3702 = ORIENTED_EDGE('',*,*,#3679,.F.);
#3703 = ORIENTED_EDGE('',*,*,#3704,.T.);
#3704 = EDGE_CURVE('',#3680,#3680,#3705,.T.);
#3705 = SURFACE_CURVE('',#3706,(#3711,#3718),.PCURVE_S1.);
#3706 = CIRCLE('',#3707,0.15);
#3707 = AXIS2_PLACEMENT_3D('',#3708,#3709,#3710);
#3708 = CARTESIAN_POINT('',(-1.,-0.4,0.));
#3709 = DIRECTION('',(-1.110223024625E-16,1.232595164408E-32,-1.));
#3710 = DIRECTION('',(1.110223024625E-16,1.,0.));
#3711 = PCURVE('',#3213,#3712);
#3712 = DEFINITIONAL_REPRESENTATION('',(#3713),#3717);
#3713 = LINE('',#3714,#3715);
#3714 = CARTESIAN_POINT('',(0.,0.));
#3715 = VECTOR('',#3716,1.);
#3716 = DIRECTION('',(1.,0.));
#3717 = ( GEOMETRIC_REPRESENTATION_CONTEXT(2) 
PARAMETRIC_REPRESENTATION_CONTEXT() REPRESENTATION_CONTEXT('2D SPACE',''
  ) );
#3718 = PCURVE('',#3660,#3719);
#3719 = DEFINITIONAL_REPRESENTATION('',(#3720),#3728);
#3720 = ( BOUNDED_CURVE() B_SPLINE_CURVE(2,(#3721,#3722,#3723,#3724,
#3725,#3726,#3727),.UNSPECIFIED.,.T.,.F.) B_SPLINE_CURVE_WITH_KNOTS((1,2
    ,2,2,2,1),(-2.094395102393,0.,2.094395102393,4.188790204786,
6.28318530718,8.377580409573),.UNSPECIFIED.) CURVE() 
GEOMETRIC_REPRESENTATION_ITEM() RATIONAL_B_SPLINE_CURVE((1.,0.5,1.,0.5,
1.,0.5,1.)) REPRESENTATION_ITEM('') );
#3721 = CARTESIAN_POINT('',(-0.99,-0.23));
#3722 = CARTESIAN_POINT('',(-0.730192378865,-0.23));
#3723 = CARTESIAN_POINT('',(-0.860096189432,-0.455));
#3724 = CARTESIAN_POINT('',(-0.99,-0.68));
#3725 = CARTESIAN_POINT('',(-1.119903810568,-0.455));
#3726 = CARTESIAN_POINT('',(-1.249807621135,-0.23));
#3727 = CARTESIAN_POINT('',(-0.99,-0.23));
#3728 = ( GEOMETRIC_REPRESENTATION_CONTEXT(2) 
PARAMETRIC_REPRESENTATION_CONTEXT() REPRESENTATION_CONTEXT('2D SPACE',''
  ) );
#3729 = ADVANCED_FACE('',(#3730),#3269,.T.);
#3730 = FACE_BOUND('',#3731,.T.);
#3731 = EDGE_LOOP('',(#3732,#3755,#3756,#3757));
#3732 = ORIENTED_EDGE('',*,*,#3733,.T.);
#3733 = EDGE_CURVE('',#3734,#3229,#3736,.T.);
#3734 = VERTEX_POINT('',#3735);
#3735 = CARTESIAN_POINT('',(-0.4,-0.25,0.));
#3736 = SEAM_CURVE('',#3737,(#3741,#3748),.PCURVE_S1.);
#3737 = LINE('',#3738,#3739);
#3738 = CARTESIAN_POINT('',(-0.4,-0.25,4.078893220341E-33));
#3739 = VECTOR('',#3740,1.);
#3740 = DIRECTION('',(-1.110223024625E-16,1.232595164408E-32,-1.));
#3741 = PCURVE('',#3269,#3742);
#3742 = DEFINITIONAL_REPRESENTATION('',(#3743),#3747);
#3743 = LINE('',#3744,#3745);
#3744 = CARTESIAN_POINT('',(6.28318530718,0.));
#3745 = VECTOR('',#3746,1.);
#3746 = DIRECTION('',(0.,1.));
#3747 = ( GEOMETRIC_REPRESENTATION_CONTEXT(2) 
PARAMETRIC_REPRESENTATION_CONTEXT() REPRESENTATION_CONTEXT('2D SPACE',''
  ) );
#3748 = PCURVE('',#3269,#3749);
#3749 = DEFINITIONAL_REPRESENTATION('',(#3750),#3754);
#3750 = LINE('',#3751,#3752);
#3751 = CARTESIAN_POINT('',(0.,0.));
#3752 = VECTOR('',#3753,1.);
#3753 = DIRECTION('',(0.,1.));
#3754 = ( GEOMETRIC_REPRESENTATION_CONTEXT(2) 
PARAMETRIC_REPRESENTATION_CONTEXT() REPRESENTATION_CONTEXT('2D SPACE',''
  ) );
#3755 = ORIENTED_EDGE('',*,*,#3254,.F.);
#3756 = ORIENTED_EDGE('',*,*,#3733,.F.);
#3757 = ORIENTED_EDGE('',*,*,#3758,.T.);
#3758 = EDGE_CURVE('',#3734,#3734,#3759,.T.);
#3759 = SURFACE_CURVE('',#3760,(#3765,#3772),.PCURVE_S1.);
#3760 = CIRCLE('',#3761,0.15);
#3761 = AXIS2_PLACEMENT_3D('',#3762,#3763,#3764);
#3762 = CARTESIAN_POINT('',(-0.4,-0.4,0.));
#3763 = DIRECTION('',(-1.110223024625E-16,1.232595164408E-32,-1.));
#3764 = DIRECTION('',(1.110223024625E-16,1.,0.));
#3765 = PCURVE('',#3269,#3766);
#3766 = DEFINITIONAL_REPRESENTATION('',(#3767),#3771);
#3767 = LINE('',#3768,#3769);
#3768 = CARTESIAN_POINT('',(0.,0.));
#3769 = VECTOR('',#3770,1.);
#3770 = DIRECTION('',(1.,0.));
#3771 = ( GEOMETRIC_REPRESENTATION_CONTEXT(2) 
PARAMETRIC_REPRESENTATION_CONTEXT() REPRESENTATION_CONTEXT('2D SPACE',''
  ) );
#3772 = PCURVE('',#3660,#3773);
#3773 = DEFINITIONAL_REPRESENTATION('',(#3774),#3782);
#3774 = ( BOUNDED_CURVE() B_SPLINE_CURVE(2,(#3775,#3776,#3777,#3778,
#3779,#3780,#3781),.UNSPECIFIED.,.T.,.F.) B_SPLINE_CURVE_WITH_KNOTS((1,2
    ,2,2,2,1),(-2.094395102393,0.,2.094395102393,4.188790204786,
6.28318530718,8.377580409573),.UNSPECIFIED.) CURVE() 
GEOMETRIC_REPRESENTATION_ITEM() RATIONAL_B_SPLINE_CURVE((1.,0.5,1.,0.5,
1.,0.5,1.)) REPRESENTATION_ITEM('') );
#3775 = CARTESIAN_POINT('',(-0.39,-0.23));
#3776 = CARTESIAN_POINT('',(-0.130192378865,-0.23));
#3777 = CARTESIAN_POINT('',(-0.260096189432,-0.455));
#3778 = CARTESIAN_POINT('',(-0.39,-0.68));
#3779 = CARTESIAN_POINT('',(-0.519903810568,-0.455));
#3780 = CARTESIAN_POINT('',(-0.649807621135,-0.23));
#3781 = CARTESIAN_POINT('',(-0.39,-0.23));
#3782 = ( GEOMETRIC_REPRESENTATION_CONTEXT(2) 
PARAMETRIC_REPRESENTATION_CONTEXT() REPRESENTATION_CONTEXT('2D SPACE',''
  ) );
#3783 = ADVANCED_FACE('',(#3784),#3325,.T.);
#3784 = FACE_BOUND('',#3785,.T.);
#3785 = EDGE_LOOP('',(#3786,#3809,#3810,#3811));
#3786 = ORIENTED_EDGE('',*,*,#3787,.T.);
#3787 = EDGE_CURVE('',#3788,#3285,#3790,.T.);
#3788 = VERTEX_POINT('',#3789);
#3789 = CARTESIAN_POINT('',(-1.6,-0.65,0.));
#3790 = SEAM_CURVE('',#3791,(#3795,#3802),.PCURVE_S1.);
#3791 = LINE('',#3792,#3793);
#3792 = CARTESIAN_POINT('',(-1.6,-0.65,4.078893220341E-33));
#3793 = VECTOR('',#3794,1.);
#3794 = DIRECTION('',(-1.110223024625E-16,1.232595164408E-32,-1.));
#3795 = PCURVE('',#3325,#3796);
#3796 = DEFINITIONAL_REPRESENTATION('',(#3797),#3801);
#3797 = LINE('',#3798,#3799);
#3798 = CARTESIAN_POINT('',(6.28318530718,0.));
#3799 = VECTOR('',#3800,1.);
#3800 = DIRECTION('',(0.,1.));
#3801 = ( GEOMETRIC_REPRESENTATION_CONTEXT(2) 
PARAMETRIC_REPRESENTATION_CONTEXT() REPRESENTATION_CONTEXT('2D SPACE',''
  ) );
#3802 = PCURVE('',#3325,#3803);
#3803 = DEFINITIONAL_REPRESENTATION('',(#3804),#3808);
#3804 = LINE('',#3805,#3806);
#3805 = CARTESIAN_POINT('',(0.,0.));
#3806 = VECTOR('',#3807,1.);
#3807 = DIRECTION('',(0.,1.));
#3808 = ( GEOMETRIC_REPRESENTATION_CONTEXT(2) 
PARAMETRIC_REPRESENTATION_CONTEXT() REPRESENTATION_CONTEXT('2D SPACE',''
  ) );
#3809 = ORIENTED_EDGE('',*,*,#3310,.F.);
#3810 = ORIENTED_EDGE('',*,*,#3787,.F.);
#3811 = ORIENTED_EDGE('',*,*,#3812,.T.);
#3812 = EDGE_CURVE('',#3788,#3788,#3813,.T.);
#3813 = SURFACE_CURVE('',#3814,(#3819,#3826),.PCURVE_S1.);
#3814 = CIRCLE('',#3815,0.15);
#3815 = AXIS2_PLACEMENT_3D('',#3816,#3817,#3818);
#3816 = CARTESIAN_POINT('',(-1.6,-0.8,0.));
#3817 = DIRECTION('',(-1.110223024625E-16,1.232595164408E-32,-1.));
#3818 = DIRECTION('',(1.110223024625E-16,1.,0.));
#3819 = PCURVE('',#3325,#3820);
#3820 = DEFINITIONAL_REPRESENTATION('',(#3821),#3825);
#3821 = LINE('',#3822,#3823);
#3822 = CARTESIAN_POINT('',(0.,0.));
#3823 = VECTOR('',#3824,1.);
#3824 = DIRECTION('',(1.,0.));
#3825 = ( GEOMETRIC_REPRESENTATION_CONTEXT(2) 
PARAMETRIC_REPRESENTATION_CONTEXT() REPRESENTATION_CONTEXT('2D SPACE',''
  ) );
#3826 = PCURVE('',#3660,#3827);
#3827 = DEFINITIONAL_REPRESENTATION('',(#3828),#3836);
#3828 = ( BOUNDED_CURVE() B_SPLINE_CURVE(2,(#3829,#3830,#3831,#3832,
#3833,#3834,#3835),.UNSPECIFIED.,.T.,.F.) B_SPLINE_CURVE_WITH_KNOTS((1,2
    ,2,2,2,1),(-2.094395102393,0.,2.094395102393,4.188790204786,
6.28318530718,8.377580409573),.UNSPECIFIED.) CURVE() 
GEOMETRIC_REPRESENTATION_ITEM() RATIONAL_B_SPLINE_CURVE((1.,0.5,1.,0.5,
1.,0.5,1.)) REPRESENTATION_ITEM('') );
#3829 = CARTESIAN_POINT('',(-1.59,-0.63));
#3830 = CARTESIAN_POINT('',(-1.330192378865,-0.63));
#3831 = CARTESIAN_POINT('',(-1.460096189432,-0.855));
#3832 = CARTESIAN_POINT('',(-1.59,-1.08));
#3833 = CARTESIAN_POINT('',(-1.719903810568,-0.855));
#3834 = CARTESIAN_POINT('',(-1.849807621135,-0.63));
#3835 = CARTESIAN_POINT('',(-1.59,-0.63));
#3836 = ( GEOMETRIC_REPRESENTATION_CONTEXT(2) 
PARAMETRIC_REPRESENTATION_CONTEXT() REPRESENTATION_CONTEXT('2D SPACE',''
  ) );
#3837 = ADVANCED_FACE('',(#3838),#3381,.T.);
#3838 = FACE_BOUND('',#3839,.T.);
#3839 = EDGE_LOOP('',(#3840,#3863,#3864,#3865));
#3840 = ORIENTED_EDGE('',*,*,#3841,.T.);
#3841 = EDGE_CURVE('',#3842,#3341,#3844,.T.);
#3842 = VERTEX_POINT('',#3843);
#3843 = CARTESIAN_POINT('',(-1.,-0.65,0.));
#3844 = SEAM_CURVE('',#3845,(#3849,#3856),.PCURVE_S1.);
#3845 = LINE('',#3846,#3847);
#3846 = CARTESIAN_POINT('',(-1.,-0.65,4.078893220341E-33));
#3847 = VECTOR('',#3848,1.);
#3848 = DIRECTION('',(-1.110223024625E-16,1.232595164408E-32,-1.));
#3849 = PCURVE('',#3381,#3850);
#3850 = DEFINITIONAL_REPRESENTATION('',(#3851),#3855);
#3851 = LINE('',#3852,#3853);
#3852 = CARTESIAN_POINT('',(6.28318530718,0.));
#3853 = VECTOR('',#3854,1.);
#3854 = DIRECTION('',(0.,1.));
#3855 = ( GEOMETRIC_REPRESENTATION_CONTEXT(2) 
PARAMETRIC_REPRESENTATION_CONTEXT() REPRESENTATION_CONTEXT('2D SPACE',''
  ) );
#3856 = PCURVE('',#3381,#3857);
#3857 = DEFINITIONAL_REPRESENTATION('',(#3858),#3862);
#3858 = LINE('',#3859,#3860);
#3859 = CARTESIAN_POINT('',(0.,0.));
#3860 = VECTOR('',#3861,1.);
#3861 = DIRECTION('',(0.,1.));
#3862 = ( GEOMETRIC_REPRESENTATION_CONTEXT(2) 
PARAMETRIC_REPRESENTATION_CONTEXT() REPRESENTATION_CONTEXT('2D SPACE',''
  ) );
#3863 = ORIENTED_EDGE('',*,*,#3366,.F.);
#3864 = ORIENTED_EDGE('',*,*,#3841,.F.);
#3865 = ORIENTED_EDGE('',*,*,#3866,.T.);
#3866 = EDGE_CURVE('',#3842,#3842,#3867,.T.);
#3867 = SURFACE_CURVE('',#3868,(#3873,#3880),.PCURVE_S1.);
#3868 = CIRCLE('',#3869,0.15);
#3869 = AXIS2_PLACEMENT_3D('',#3870,#3871,#3872);
#3870 = CARTESIAN_POINT('',(-1.,-0.8,0.));
#3871 = DIRECTION('',(-1.110223024625E-16,1.232595164408E-32,-1.));
#3872 = DIRECTION('',(1.110223024625E-16,1.,0.));
#3873 = PCURVE('',#3381,#3874);
#3874 = DEFINITIONAL_REPRESENTATION('',(#3875),#3879);
#3875 = LINE('',#3876,#3877);
#3876 = CARTESIAN_POINT('',(0.,0.));
#3877 = VECTOR('',#3878,1.);
#3878 = DIRECTION('',(1.,0.));
#3879 = ( GEOMETRIC_REPRESENTATION_CONTEXT(2) 
PARAMETRIC_REPRESENTATION_CONTEXT() REPRESENTATION_CONTEXT('2D SPACE',''
  ) );
#3880 = PCURVE('',#3660,#3881);
#3881 = DEFINITIONAL_REPRESENTATION('',(#3882),#3890);
#3882 = ( BOUNDED_CURVE() B_SPLINE_CURVE(2,(#3883,#3884,#3885,#3886,
#3887,#3888,#3889),.UNSPECIFIED.,.T.,.F.) B_SPLINE_CURVE_WITH_KNOTS((1,2
    ,2,2,2,1),(-2.094395102393,0.,2.094395102393,4.188790204786,
6.28318530718,8.377580409573),.UNSPECIFIED.) CURVE() 
GEOMETRIC_REPRESENTATION_ITEM() RATIONAL_B_SPLINE_CURVE((1.,0.5,1.,0.5,
1.,0.5,1.)) REPRESENTATION_ITEM('') );
#3883 = CARTESIAN_POINT('',(-0.99,-0.63));
#3884 = CARTESIAN_POINT('',(-0.730192378865,-0.63));
#3885 = CARTESIAN_POINT('',(-0.860096189432,-0.855));
#3886 = CARTESIAN_POINT('',(-0.99,-1.08));
#3887 = CARTESIAN_POINT('',(-1.119903810568,-0.855));
#3888 = CARTESIAN_POINT('',(-1.249807621135,-0.63));
#3889 = CARTESIAN_POINT('',(-0.99,-0.63));
#3890 = ( GEOMETRIC_REPRESENTATION_CONTEXT(2) 
PARAMETRIC_REPRESENTATION_CONTEXT() REPRESENTATION_CONTEXT('2D SPACE',''
  ) );
#3891 = ADVANCED_FACE('',(#3892),#3437,.T.);
#3892 = FACE_BOUND('',#3893,.T.);
#3893 = EDGE_LOOP('',(#3894,#3917,#3918,#3919));
#3894 = ORIENTED_EDGE('',*,*,#3895,.T.);
#3895 = EDGE_CURVE('',#3896,#3397,#3898,.T.);
#3896 = VERTEX_POINT('',#3897);
#3897 = CARTESIAN_POINT('',(-0.4,-0.65,0.));
#3898 = SEAM_CURVE('',#3899,(#3903,#3910),.PCURVE_S1.);
#3899 = LINE('',#3900,#3901);
#3900 = CARTESIAN_POINT('',(-0.4,-0.65,4.078893220341E-33));
#3901 = VECTOR('',#3902,1.);
#3902 = DIRECTION('',(-1.110223024625E-16,1.232595164408E-32,-1.));
#3903 = PCURVE('',#3437,#3904);
#3904 = DEFINITIONAL_REPRESENTATION('',(#3905),#3909);
#3905 = LINE('',#3906,#3907);
#3906 = CARTESIAN_POINT('',(6.28318530718,0.));
#3907 = VECTOR('',#3908,1.);
#3908 = DIRECTION('',(0.,1.));
#3909 = ( GEOMETRIC_REPRESENTATION_CONTEXT(2) 
PARAMETRIC_REPRESENTATION_CONTEXT() REPRESENTATION_CONTEXT('2D SPACE',''
  ) );
#3910 = PCURVE('',#3437,#3911);
#3911 = DEFINITIONAL_REPRESENTATION('',(#3912),#3916);
#3912 = LINE('',#3913,#3914);
#3913 = CARTESIAN_POINT('',(0.,0.));
#3914 = VECTOR('',#3915,1.);
#3915 = DIRECTION('',(0.,1.));
#3916 = ( GEOMETRIC_REPRESENTATION_CONTEXT(2) 
PARAMETRIC_REPRESENTATION_CONTEXT() REPRESENTATION_CONTEXT('2D SPACE',''
  ) );
#3917 = ORIENTED_EDGE('',*,*,#3422,.F.);
#3918 = ORIENTED_EDGE('',*,*,#3895,.F.);
#3919 = ORIENTED_EDGE('',*,*,#3920,.T.);
#3920 = EDGE_CURVE('',#3896,#3896,#3921,.T.);
#3921 = SURFACE_CURVE('',#3922,(#3927,#3934),.PCURVE_S1.);
#3922 = CIRCLE('',#3923,0.15);
#3923 = AXIS2_PLACEMENT_3D('',#3924,#3925,#3926);
#3924 = CARTESIAN_POINT('',(-0.4,-0.8,0.));
#3925 = DIRECTION('',(-1.110223024625E-16,1.232595164408E-32,-1.));
#3926 = DIRECTION('',(1.110223024625E-16,1.,0.));
#3927 = PCURVE('',#3437,#3928);
#3928 = DEFINITIONAL_REPRESENTATION('',(#3929),#3933);
#3929 = LINE('',#3930,#3931);
#3930 = CARTESIAN_POINT('',(0.,0.));
#3931 = VECTOR('',#3932,1.);
#3932 = DIRECTION('',(1.,0.));
#3933 = ( GEOMETRIC_REPRESENTATION_CONTEXT(2) 
PARAMETRIC_REPRESENTATION_CONTEXT() REPRESENTATION_CONTEXT('2D SPACE',''
  ) );
#3934 = PCURVE('',#3660,#3935);
#3935 = DEFINITIONAL_REPRESENTATION('',(#3936),#3944);
#3936 = ( BOUNDED_CURVE() B_SPLINE_CURVE(2,(#3937,#3938,#3939,#3940,
#3941,#3942,#3943),.UNSPECIFIED.,.T.,.F.) B_SPLINE_CURVE_WITH_KNOTS((1,2
    ,2,2,2,1),(-2.094395102393,0.,2.094395102393,4.188790204786,
6.28318530718,8.377580409573),.UNSPECIFIED.) CURVE() 
GEOMETRIC_REPRESENTATION_ITEM() RATIONAL_B_SPLINE_CURVE((1.,0.5,1.,0.5,
1.,0.5,1.)) REPRESENTATION_ITEM('') );
#3937 = CARTESIAN_POINT('',(-0.39,-0.63));
#3938 = CARTESIAN_POINT('',(-0.130192378865,-0.63));
#3939 = CARTESIAN_POINT('',(-0.260096189432,-0.855));
#3940 = CARTESIAN_POINT('',(-0.39,-1.08));
#3941 = CARTESIAN_POINT('',(-0.519903810568,-0.855));
#3942 = CARTESIAN_POINT('',(-0.649807621135,-0.63));
#3943 = CARTESIAN_POINT('',(-0.39,-0.63));
#3944 = ( GEOMETRIC_REPRESENTATION_CONTEXT(2) 
PARAMETRIC_REPRESENTATION_CONTEXT() REPRESENTATION_CONTEXT('2D SPACE',''
  ) );
#3945 = ADVANCED_FACE('',(#3946),#3493,.T.);
#3946 = FACE_BOUND('',#3947,.T.);
#3947 = EDGE_LOOP('',(#3948,#3971,#3972,#3973));
#3948 = ORIENTED_EDGE('',*,*,#3949,.T.);
#3949 = EDGE_CURVE('',#3950,#3453,#3952,.T.);
#3950 = VERTEX_POINT('',#3951);
#3951 = CARTESIAN_POINT('',(-1.,-1.05,0.));
#3952 = SEAM_CURVE('',#3953,(#3957,#3964),.PCURVE_S1.);
#3953 = LINE('',#3954,#3955);
#3954 = CARTESIAN_POINT('',(-1.,-1.05,4.078893220341E-33));
#3955 = VECTOR('',#3956,1.);
#3956 = DIRECTION('',(-1.110223024625E-16,1.232595164408E-32,-1.));
#3957 = PCURVE('',#3493,#3958);
#3958 = DEFINITIONAL_REPRESENTATION('',(#3959),#3963);
#3959 = LINE('',#3960,#3961);
#3960 = CARTESIAN_POINT('',(6.28318530718,0.));
#3961 = VECTOR('',#3962,1.);
#3962 = DIRECTION('',(0.,1.));
#3963 = ( GEOMETRIC_REPRESENTATION_CONTEXT(2) 
PARAMETRIC_REPRESENTATION_CONTEXT() REPRESENTATION_CONTEXT('2D SPACE',''
  ) );
#3964 = PCURVE('',#3493,#3965);
#3965 = DEFINITIONAL_REPRESENTATION('',(#3966),#3970);
#3966 = LINE('',#3967,#3968);
#3967 = CARTESIAN_POINT('',(0.,0.));
#3968 = VECTOR('',#3969,1.);
#3969 = DIRECTION('',(0.,1.));
#3970 = ( GEOMETRIC_REPRESENTATION_CONTEXT(2) 
PARAMETRIC_REPRESENTATION_CONTEXT() REPRESENTATION_CONTEXT('2D SPACE',''
  ) );
#3971 = ORIENTED_EDGE('',*,*,#3478,.F.);
#3972 = ORIENTED_EDGE('',*,*,#3949,.F.);
#3973 = ORIENTED_EDGE('',*,*,#3974,.T.);
#3974 = EDGE_CURVE('',#3950,#3950,#3975,.T.);
#3975 = SURFACE_CURVE('',#3976,(#3981,#3988),.PCURVE_S1.);
#3976 = CIRCLE('',#3977,0.15);
#3977 = AXIS2_PLACEMENT_3D('',#3978,#3979,#3980);
#3978 = CARTESIAN_POINT('',(-1.,-1.2,0.));
#3979 = DIRECTION('',(-1.110223024625E-16,1.232595164408E-32,-1.));
#3980 = DIRECTION('',(1.110223024625E-16,1.,0.));
#3981 = PCURVE('',#3493,#3982);
#3982 = DEFINITIONAL_REPRESENTATION('',(#3983),#3987);
#3983 = LINE('',#3984,#3985);
#3984 = CARTESIAN_POINT('',(0.,0.));
#3985 = VECTOR('',#3986,1.);
#3986 = DIRECTION('',(1.,0.));
#3987 = ( GEOMETRIC_REPRESENTATION_CONTEXT(2) 
PARAMETRIC_REPRESENTATION_CONTEXT() REPRESENTATION_CONTEXT('2D SPACE',''
  ) );
#3988 = PCURVE('',#3660,#3989);
#3989 = DEFINITIONAL_REPRESENTATION('',(#3990),#3998);
#3990 = ( BOUNDED_CURVE() B_SPLINE_CURVE(2,(#3991,#3992,#3993,#3994,
#3995,#3996,#3997),.UNSPECIFIED.,.T.,.F.) B_SPLINE_CURVE_WITH_KNOTS((1,2
    ,2,2,2,1),(-2.094395102393,0.,2.094395102393,4.188790204786,
6.28318530718,8.377580409573),.UNSPECIFIED.) CURVE() 
GEOMETRIC_REPRESENTATION_ITEM() RATIONAL_B_SPLINE_CURVE((1.,0.5,1.,0.5,
1.,0.5,1.)) REPRESENTATION_ITEM('') );
#3991 = CARTESIAN_POINT('',(-0.99,-1.03));
#3992 = CARTESIAN_POINT('',(-0.730192378865,-1.03));
#3993 = CARTESIAN_POINT('',(-0.860096189432,-1.255));
#3994 = CARTESIAN_POINT('',(-0.99,-1.48));
#3995 = CARTESIAN_POINT('',(-1.119903810568,-1.255));
#3996 = CARTESIAN_POINT('',(-1.249807621135,-1.03));
#3997 = CARTESIAN_POINT('',(-0.99,-1.03));
#3998 = ( GEOMETRIC_REPRESENTATION_CONTEXT(2) 
PARAMETRIC_REPRESENTATION_CONTEXT() REPRESENTATION_CONTEXT('2D SPACE',''
  ) );
#3999 = ADVANCED_FACE('',(#4000),#3549,.T.);
#4000 = FACE_BOUND('',#4001,.T.);
#4001 = EDGE_LOOP('',(#4002,#4025,#4026,#4027));
#4002 = ORIENTED_EDGE('',*,*,#4003,.T.);
#4003 = EDGE_CURVE('',#4004,#3509,#4006,.T.);
#4004 = VERTEX_POINT('',#4005);
#4005 = CARTESIAN_POINT('',(-0.4,-1.05,0.));
#4006 = SEAM_CURVE('',#4007,(#4011,#4018),.PCURVE_S1.);
#4007 = LINE('',#4008,#4009);
#4008 = CARTESIAN_POINT('',(-0.4,-1.05,4.078893220341E-33));
#4009 = VECTOR('',#4010,1.);
#4010 = DIRECTION('',(-1.110223024625E-16,1.232595164408E-32,-1.));
#4011 = PCURVE('',#3549,#4012);
#4012 = DEFINITIONAL_REPRESENTATION('',(#4013),#4017);
#4013 = LINE('',#4014,#4015);
#4014 = CARTESIAN_POINT('',(6.28318530718,0.));
#4015 = VECTOR('',#4016,1.);
#4016 = DIRECTION('',(0.,1.));
#4017 = ( GEOMETRIC_REPRESENTATION_CONTEXT(2) 
PARAMETRIC_REPRESENTATION_CONTEXT() REPRESENTATION_CONTEXT('2D SPACE',''
  ) );
#4018 = PCURVE('',#3549,#4019);
#4019 = DEFINITIONAL_REPRESENTATION('',(#4020),#4024);
#4020 = LINE('',#4021,#4022);
#4021 = CARTESIAN_POINT('',(0.,0.));
#4022 = VECTOR('',#4023,1.);
#4023 = DIRECTION('',(0.,1.));
#4024 = ( GEOMETRIC_REPRESENTATION_CONTEXT(2) 
PARAMETRIC_REPRESENTATION_CONTEXT() REPRESENTATION_CONTEXT('2D SPACE',''
  ) );
#4025 = ORIENTED_EDGE('',*,*,#3534,.F.);
#4026 = ORIENTED_EDGE('',*,*,#4003,.F.);
#4027 = ORIENTED_EDGE('',*,*,#4028,.T.);
#4028 = EDGE_CURVE('',#4004,#4004,#4029,.T.);
#4029 = SURFACE_CURVE('',#4030,(#4035,#4042),.PCURVE_S1.);
#4030 = CIRCLE('',#4031,0.15);
#4031 = AXIS2_PLACEMENT_3D('',#4032,#4033,#4034);
#4032 = CARTESIAN_POINT('',(-0.4,-1.2,0.));
#4033 = DIRECTION('',(-1.110223024625E-16,1.232595164408E-32,-1.));
#4034 = DIRECTION('',(1.110223024625E-16,1.,0.));
#4035 = PCURVE('',#3549,#4036);
#4036 = DEFINITIONAL_REPRESENTATION('',(#4037),#4041);
#4037 = LINE('',#4038,#4039);
#4038 = CARTESIAN_POINT('',(0.,0.));
#4039 = VECTOR('',#4040,1.);
#4040 = DIRECTION('',(1.,0.));
#4041 = ( GEOMETRIC_REPRESENTATION_CONTEXT(2) 
PARAMETRIC_REPRESENTATION_CONTEXT() REPRESENTATION_CONTEXT('2D SPACE',''
  ) );
#4042 = PCURVE('',#3660,#4043);
#4043 = DEFINITIONAL_REPRESENTATION('',(#4044),#4052);
#4044 = ( BOUNDED_CURVE() B_SPLINE_CURVE(2,(#4045,#4046,#4047,#4048,
#4049,#4050,#4051),.UNSPECIFIED.,.T.,.F.) B_SPLINE_CURVE_WITH_KNOTS((1,2
    ,2,2,2,1),(-2.094395102393,0.,2.094395102393,4.188790204786,
6.28318530718,8.377580409573),.UNSPECIFIED.) CURVE() 
GEOMETRIC_REPRESENTATION_ITEM() RATIONAL_B_SPLINE_CURVE((1.,0.5,1.,0.5,
1.,0.5,1.)) REPRESENTATION_ITEM('') );
#4045 = CARTESIAN_POINT('',(-0.39,-1.03));
#4046 = CARTESIAN_POINT('',(-0.130192378865,-1.03));
#4047 = CARTESIAN_POINT('',(-0.260096189432,-1.255));
#4048 = CARTESIAN_POINT('',(-0.39,-1.48));
#4049 = CARTESIAN_POINT('',(-0.519903810568,-1.255));
#4050 = CARTESIAN_POINT('',(-0.649807621135,-1.03));
#4051 = CARTESIAN_POINT('',(-0.39,-1.03));
#4052 = ( GEOMETRIC_REPRESENTATION_CONTEXT(2) 
PARAMETRIC_REPRESENTATION_CONTEXT() REPRESENTATION_CONTEXT('2D SPACE',''
  ) );
#4053 = ADVANCED_FACE('',(#4054),#3605,.T.);
#4054 = FACE_BOUND('',#4055,.T.);
#4055 = EDGE_LOOP('',(#4056,#4079,#4080,#4081));
#4056 = ORIENTED_EDGE('',*,*,#4057,.T.);
#4057 = EDGE_CURVE('',#4058,#3565,#4060,.T.);
#4058 = VERTEX_POINT('',#4059);
#4059 = CARTESIAN_POINT('',(-0.4,-1.45,0.));
#4060 = SEAM_CURVE('',#4061,(#4065,#4072),.PCURVE_S1.);
#4061 = LINE('',#4062,#4063);
#4062 = CARTESIAN_POINT('',(-0.4,-1.45,4.078893220341E-33));
#4063 = VECTOR('',#4064,1.);
#4064 = DIRECTION('',(-1.110223024625E-16,1.232595164408E-32,-1.));
#4065 = PCURVE('',#3605,#4066);
#4066 = DEFINITIONAL_REPRESENTATION('',(#4067),#4071);
#4067 = LINE('',#4068,#4069);
#4068 = CARTESIAN_POINT('',(6.28318530718,0.));
#4069 = VECTOR('',#4070,1.);
#4070 = DIRECTION('',(0.,1.));
#4071 = ( GEOMETRIC_REPRESENTATION_CONTEXT(2) 
PARAMETRIC_REPRESENTATION_CONTEXT() REPRESENTATION_CONTEXT('2D SPACE',''
  ) );
#4072 = PCURVE('',#3605,#4073);
#4073 = DEFINITIONAL_REPRESENTATION('',(#4074),#4078);
#4074 = LINE('',#4075,#4076);
#4075 = CARTESIAN_POINT('',(0.,0.));
#4076 = VECTOR('',#4077,1.);
#4077 = DIRECTION('',(0.,1.));
#4078 = ( GEOMETRIC_REPRESENTATION_CONTEXT(2) 
PARAMETRIC_REPRESENTATION_CONTEXT() REPRESENTATION_CONTEXT('2D SPACE',''
  ) );
#4079 = ORIENTED_EDGE('',*,*,#3590,.F.);
#4080 = ORIENTED_EDGE('',*,*,#4057,.F.);
#4081 = ORIENTED_EDGE('',*,*,#4082,.T.);
#4082 = EDGE_CURVE('',#4058,#4058,#4083,.T.);
#4083 = SURFACE_CURVE('',#4084,(#4089,#4096),.PCURVE_S1.);
#4084 = CIRCLE('',#4085,0.15);
#4085 = AXIS2_PLACEMENT_3D('',#4086,#4087,#4088);
#4086 = CARTESIAN_POINT('',(-0.4,-1.6,0.));
#4087 = DIRECTION('',(-1.110223024625E-16,1.232595164408E-32,-1.));
#4088 = DIRECTION('',(1.110223024625E-16,1.,0.));
#4089 = PCURVE('',#3605,#4090);
#4090 = DEFINITIONAL_REPRESENTATION('',(#4091),#4095);
#4091 = LINE('',#4092,#4093);
#4092 = CARTESIAN_POINT('',(0.,0.));
#4093 = VECTOR('',#4094,1.);
#4094 = DIRECTION('',(1.,0.));
#4095 = ( GEOMETRIC_REPRESENTATION_CONTEXT(2) 
PARAMETRIC_REPRESENTATION_CONTEXT() REPRESENTATION_CONTEXT('2D SPACE',''
  ) );
#4096 = PCURVE('',#3660,#4097);
#4097 = DEFINITIONAL_REPRESENTATION('',(#4098),#4106);
#4098 = ( BOUNDED_CURVE() B_SPLINE_CURVE(2,(#4099,#4100,#4101,#4102,
#4103,#4104,#4105),.UNSPECIFIED.,.T.,.F.) B_SPLINE_CURVE_WITH_KNOTS((1,2
    ,2,2,2,1),(-2.094395102393,0.,2.094395102393,4.188790204786,
6.28318530718,8.377580409573),.UNSPECIFIED.) CURVE() 
GEOMETRIC_REPRESENTATION_ITEM() RATIONAL_B_SPLINE_CURVE((1.,0.5,1.,0.5,
1.,0.5,1.)) REPRESENTATION_ITEM('') );
#4099 = CARTESIAN_POINT('',(-0.39,-1.43));
#4100 = CARTESIAN_POINT('',(-0.130192378865,-1.43));
#4101 = CARTESIAN_POINT('',(-0.260096189432,-1.655));
#4102 = CARTESIAN_POINT('',(-0.39,-1.88));
#4103 = CARTESIAN_POINT('',(-0.519903810568,-1.655));
#4104 = CARTESIAN_POINT('',(-0.649807621135,-1.43));
#4105 = CARTESIAN_POINT('',(-0.39,-1.43));
#4106 = ( GEOMETRIC_REPRESENTATION_CONTEXT(2) 
PARAMETRIC_REPRESENTATION_CONTEXT() REPRESENTATION_CONTEXT('2D SPACE',''
  ) );
#4107 = ADVANCED_FACE('',(#4108,#4195,#4198,#4201,#4204,#4207,#4210,
    #4213,#4216,#4219),#3660,.F.);
#4108 = FACE_BOUND('',#4109,.F.);
#4109 = EDGE_LOOP('',(#4110,#4140,#4169));
#4110 = ORIENTED_EDGE('',*,*,#4111,.F.);
#4111 = EDGE_CURVE('',#4112,#4114,#4116,.T.);
#4112 = VERTEX_POINT('',#4113);
#4113 = CARTESIAN_POINT('',(-2.009998437499,-2.25E-02,0.));
#4114 = VERTEX_POINT('',#4115);
#4115 = CARTESIAN_POINT('',(-1.25E-02,-2.25E-02,0.));
#4116 = SURFACE_CURVE('',#4117,(#4121,#4128),.PCURVE_S1.);
#4117 = LINE('',#4118,#4119);
#4118 = CARTESIAN_POINT('',(-1.E-02,-2.25E-02,0.));
#4119 = VECTOR('',#4120,1.);
#4120 = DIRECTION('',(1.,0.,0.));
#4121 = PCURVE('',#3660,#4122);
#4122 = DEFINITIONAL_REPRESENTATION('',(#4123),#4127);
#4123 = LINE('',#4124,#4125);
#4124 = CARTESIAN_POINT('',(6.418476861114E-17,-2.5E-03));
#4125 = VECTOR('',#4126,1.);
#4126 = DIRECTION('',(1.,0.));
#4127 = ( GEOMETRIC_REPRESENTATION_CONTEXT(2) 
PARAMETRIC_REPRESENTATION_CONTEXT() REPRESENTATION_CONTEXT('2D SPACE',''
  ) );
#4128 = PCURVE('',#4129,#4134);
#4129 = PLANE('',#4130);
#4130 = AXIS2_PLACEMENT_3D('',#4131,#4132,#4133);
#4131 = CARTESIAN_POINT('',(-1.E-02,-2.25E-02,0.));
#4132 = DIRECTION('',(-0.,-1.,-0.));
#4133 = DIRECTION('',(0.,0.,-1.));
#4134 = DEFINITIONAL_REPRESENTATION('',(#4135),#4139);
#4135 = LINE('',#4136,#4137);
#4136 = CARTESIAN_POINT('',(0.,-6.418476861114E-17));
#4137 = VECTOR('',#4138,1.);
#4138 = DIRECTION('',(0.,1.));
#4139 = ( GEOMETRIC_REPRESENTATION_CONTEXT(2) 
PARAMETRIC_REPRESENTATION_CONTEXT() REPRESENTATION_CONTEXT('2D SPACE',''
  ) );
#4140 = ORIENTED_EDGE('',*,*,#4141,.T.);
#4141 = EDGE_CURVE('',#4112,#4142,#4144,.T.);
#4142 = VERTEX_POINT('',#4143);
#4143 = CARTESIAN_POINT('',(-1.25E-02,-2.019998437499,0.));
#4144 = SURFACE_CURVE('',#4145,(#4150,#4157),.PCURVE_S1.);
#4145 = CIRCLE('',#4146,2.);
#4146 = AXIS2_PLACEMENT_3D('',#4147,#4148,#4149);
#4147 = CARTESIAN_POINT('',(-1.E-02,-2.E-02,0.));
#4148 = DIRECTION('',(0.,0.,1.));
#4149 = DIRECTION('',(1.,0.,0.));
#4150 = PCURVE('',#3660,#4151);
#4151 = DEFINITIONAL_REPRESENTATION('',(#4152),#4156);
#4152 = CIRCLE('',#4153,2.);
#4153 = AXIS2_PLACEMENT_2D('',#4154,#4155);
#4154 = CARTESIAN_POINT('',(1.283695372223E-16,-1.734723475977E-16));
#4155 = DIRECTION('',(1.,0.));
#4156 = ( GEOMETRIC_REPRESENTATION_CONTEXT(2) 
PARAMETRIC_REPRESENTATION_CONTEXT() REPRESENTATION_CONTEXT('2D SPACE',''
  ) );
#4157 = PCURVE('',#4158,#4163);
#4158 = CYLINDRICAL_SURFACE('',#4159,2.);
#4159 = AXIS2_PLACEMENT_3D('',#4160,#4161,#4162);
#4160 = CARTESIAN_POINT('',(-1.E-02,-2.E-02,0.));
#4161 = DIRECTION('',(-0.,-0.,-1.));
#4162 = DIRECTION('',(1.,0.,0.));
#4163 = DEFINITIONAL_REPRESENTATION('',(#4164),#4168);
#4164 = LINE('',#4165,#4166);
#4165 = CARTESIAN_POINT('',(-0.,0.));
#4166 = VECTOR('',#4167,1.);
#4167 = DIRECTION('',(-1.,0.));
#4168 = ( GEOMETRIC_REPRESENTATION_CONTEXT(2) 
PARAMETRIC_REPRESENTATION_CONTEXT() REPRESENTATION_CONTEXT('2D SPACE',''
  ) );
#4169 = ORIENTED_EDGE('',*,*,#4170,.T.);
#4170 = EDGE_CURVE('',#4142,#4114,#4171,.T.);
#4171 = SURFACE_CURVE('',#4172,(#4176,#4183),.PCURVE_S1.);
#4172 = LINE('',#4173,#4174);
#4173 = CARTESIAN_POINT('',(-1.25E-02,-1.E-02,0.));
#4174 = VECTOR('',#4175,1.);
#4175 = DIRECTION('',(0.,1.,0.));
#4176 = PCURVE('',#3660,#4177);
#4177 = DEFINITIONAL_REPRESENTATION('',(#4178),#4182);
#4178 = LINE('',#4179,#4180);
#4179 = CARTESIAN_POINT('',(-2.5E-03,1.E-02));
#4180 = VECTOR('',#4181,1.);
#4181 = DIRECTION('',(0.,1.));
#4182 = ( GEOMETRIC_REPRESENTATION_CONTEXT(2) 
PARAMETRIC_REPRESENTATION_CONTEXT() REPRESENTATION_CONTEXT('2D SPACE',''
  ) );
#4183 = PCURVE('',#4184,#4189);
#4184 = PLANE('',#4185);
#4185 = AXIS2_PLACEMENT_3D('',#4186,#4187,#4188);
#4186 = CARTESIAN_POINT('',(-1.25E-02,0.,0.));
#4187 = DIRECTION('',(1.,0.,0.));
#4188 = DIRECTION('',(-0.,0.,1.));
#4189 = DEFINITIONAL_REPRESENTATION('',(#4190),#4194);
#4190 = LINE('',#4191,#4192);
#4191 = CARTESIAN_POINT('',(0.,1.E-02));
#4192 = VECTOR('',#4193,1.);
#4193 = DIRECTION('',(0.,-1.));
#4194 = ( GEOMETRIC_REPRESENTATION_CONTEXT(2) 
PARAMETRIC_REPRESENTATION_CONTEXT() REPRESENTATION_CONTEXT('2D SPACE',''
  ) );
#4195 = FACE_BOUND('',#4196,.F.);
#4196 = EDGE_LOOP('',(#4197));
#4197 = ORIENTED_EDGE('',*,*,#4082,.T.);
#4198 = FACE_BOUND('',#4199,.F.);
#4199 = EDGE_LOOP('',(#4200));
#4200 = ORIENTED_EDGE('',*,*,#3974,.T.);
#4201 = FACE_BOUND('',#4202,.F.);
#4202 = EDGE_LOOP('',(#4203));
#4203 = ORIENTED_EDGE('',*,*,#4028,.T.);
#4204 = FACE_BOUND('',#4205,.F.);
#4205 = EDGE_LOOP('',(#4206));
#4206 = ORIENTED_EDGE('',*,*,#3812,.T.);
#4207 = FACE_BOUND('',#4208,.F.);
#4208 = EDGE_LOOP('',(#4209));
#4209 = ORIENTED_EDGE('',*,*,#3866,.T.);
#4210 = FACE_BOUND('',#4211,.F.);
#4211 = EDGE_LOOP('',(#4212));
#4212 = ORIENTED_EDGE('',*,*,#3645,.T.);
#4213 = FACE_BOUND('',#4214,.F.);
#4214 = EDGE_LOOP('',(#4215));
#4215 = ORIENTED_EDGE('',*,*,#3704,.T.);
#4216 = FACE_BOUND('',#4217,.F.);
#4217 = EDGE_LOOP('',(#4218));
#4218 = ORIENTED_EDGE('',*,*,#3920,.T.);
#4219 = FACE_BOUND('',#4220,.F.);
#4220 = EDGE_LOOP('',(#4221));
#4221 = ORIENTED_EDGE('',*,*,#3758,.T.);
#4222 = ADVANCED_FACE('',(#4223),#4129,.F.);
#4223 = FACE_BOUND('',#4224,.F.);
#4224 = EDGE_LOOP('',(#4225,#4248,#4276,#4297));
#4225 = ORIENTED_EDGE('',*,*,#4226,.T.);
#4226 = EDGE_CURVE('',#4114,#4227,#4229,.T.);
#4227 = VERTEX_POINT('',#4228);
#4228 = CARTESIAN_POINT('',(-1.25E-02,-2.25E-02,1.5));
#4229 = SURFACE_CURVE('',#4230,(#4234,#4241),.PCURVE_S1.);
#4230 = LINE('',#4231,#4232);
#4231 = CARTESIAN_POINT('',(-1.25E-02,-2.25E-02,0.));
#4232 = VECTOR('',#4233,1.);
#4233 = DIRECTION('',(0.,0.,1.));
#4234 = PCURVE('',#4129,#4235);
#4235 = DEFINITIONAL_REPRESENTATION('',(#4236),#4240);
#4236 = LINE('',#4237,#4238);
#4237 = CARTESIAN_POINT('',(0.,-2.5E-03));
#4238 = VECTOR('',#4239,1.);
#4239 = DIRECTION('',(-1.,0.));
#4240 = ( GEOMETRIC_REPRESENTATION_CONTEXT(2) 
PARAMETRIC_REPRESENTATION_CONTEXT() REPRESENTATION_CONTEXT('2D SPACE',''
  ) );
#4241 = PCURVE('',#4184,#4242);
#4242 = DEFINITIONAL_REPRESENTATION('',(#4243),#4247);
#4243 = LINE('',#4244,#4245);
#4244 = CARTESIAN_POINT('',(0.,2.25E-02));
#4245 = VECTOR('',#4246,1.);
#4246 = DIRECTION('',(1.,0.));
#4247 = ( GEOMETRIC_REPRESENTATION_CONTEXT(2) 
PARAMETRIC_REPRESENTATION_CONTEXT() REPRESENTATION_CONTEXT('2D SPACE',''
  ) );
#4248 = ORIENTED_EDGE('',*,*,#4249,.F.);
#4249 = EDGE_CURVE('',#4250,#4227,#4252,.T.);
#4250 = VERTEX_POINT('',#4251);
#4251 = CARTESIAN_POINT('',(-2.009998437499,-2.25E-02,1.5));
#4252 = SURFACE_CURVE('',#4253,(#4257,#4264),.PCURVE_S1.);
#4253 = LINE('',#4254,#4255);
#4254 = CARTESIAN_POINT('',(-1.E-02,-2.25E-02,1.5));
#4255 = VECTOR('',#4256,1.);
#4256 = DIRECTION('',(1.,0.,0.));
#4257 = PCURVE('',#4129,#4258);
#4258 = DEFINITIONAL_REPRESENTATION('',(#4259),#4263);
#4259 = LINE('',#4260,#4261);
#4260 = CARTESIAN_POINT('',(-1.5,-6.418476861114E-17));
#4261 = VECTOR('',#4262,1.);
#4262 = DIRECTION('',(0.,1.));
#4263 = ( GEOMETRIC_REPRESENTATION_CONTEXT(2) 
PARAMETRIC_REPRESENTATION_CONTEXT() REPRESENTATION_CONTEXT('2D SPACE',''
  ) );
#4264 = PCURVE('',#4265,#4270);
#4265 = PLANE('',#4266);
#4266 = AXIS2_PLACEMENT_3D('',#4267,#4268,#4269);
#4267 = CARTESIAN_POINT('',(-1.E-02,-2.E-02,1.5));
#4268 = DIRECTION('',(0.,0.,1.));
#4269 = DIRECTION('',(1.,0.,-0.));
#4270 = DEFINITIONAL_REPRESENTATION('',(#4271),#4275);
#4271 = LINE('',#4272,#4273);
#4272 = CARTESIAN_POINT('',(6.418476861114E-17,-2.5E-03));
#4273 = VECTOR('',#4274,1.);
#4274 = DIRECTION('',(1.,0.));
#4275 = ( GEOMETRIC_REPRESENTATION_CONTEXT(2) 
PARAMETRIC_REPRESENTATION_CONTEXT() REPRESENTATION_CONTEXT('2D SPACE',''
  ) );
#4276 = ORIENTED_EDGE('',*,*,#4277,.T.);
#4277 = EDGE_CURVE('',#4250,#4112,#4278,.T.);
#4278 = SURFACE_CURVE('',#4279,(#4283,#4290),.PCURVE_S1.);
#4279 = LINE('',#4280,#4281);
#4280 = CARTESIAN_POINT('',(-2.009998437499,-2.25E-02,0.));
#4281 = VECTOR('',#4282,1.);
#4282 = DIRECTION('',(-0.,-0.,-1.));
#4283 = PCURVE('',#4129,#4284);
#4284 = DEFINITIONAL_REPRESENTATION('',(#4285),#4289);
#4285 = LINE('',#4286,#4287);
#4286 = CARTESIAN_POINT('',(0.,-1.999998437499));
#4287 = VECTOR('',#4288,1.);
#4288 = DIRECTION('',(1.,0.));
#4289 = ( GEOMETRIC_REPRESENTATION_CONTEXT(2) 
PARAMETRIC_REPRESENTATION_CONTEXT() REPRESENTATION_CONTEXT('2D SPACE',''
  ) );
#4290 = PCURVE('',#4158,#4291);
#4291 = DEFINITIONAL_REPRESENTATION('',(#4292),#4296);
#4292 = LINE('',#4293,#4294);
#4293 = CARTESIAN_POINT('',(-3.142842653915,0.));
#4294 = VECTOR('',#4295,1.);
#4295 = DIRECTION('',(-0.,1.));
#4296 = ( GEOMETRIC_REPRESENTATION_CONTEXT(2) 
PARAMETRIC_REPRESENTATION_CONTEXT() REPRESENTATION_CONTEXT('2D SPACE',''
  ) );
#4297 = ORIENTED_EDGE('',*,*,#4111,.T.);
#4298 = ADVANCED_FACE('',(#4299),#4158,.T.);
#4299 = FACE_BOUND('',#4300,.F.);
#4300 = EDGE_LOOP('',(#4301,#4325,#4346,#4347));
#4301 = ORIENTED_EDGE('',*,*,#4302,.T.);
#4302 = EDGE_CURVE('',#4250,#4303,#4305,.T.);
#4303 = VERTEX_POINT('',#4304);
#4304 = CARTESIAN_POINT('',(-1.25E-02,-2.019998437499,1.5));
#4305 = SURFACE_CURVE('',#4306,(#4311,#4318),.PCURVE_S1.);
#4306 = CIRCLE('',#4307,2.);
#4307 = AXIS2_PLACEMENT_3D('',#4308,#4309,#4310);
#4308 = CARTESIAN_POINT('',(-1.E-02,-2.E-02,1.5));
#4309 = DIRECTION('',(0.,0.,1.));
#4310 = DIRECTION('',(1.,0.,0.));
#4311 = PCURVE('',#4158,#4312);
#4312 = DEFINITIONAL_REPRESENTATION('',(#4313),#4317);
#4313 = LINE('',#4314,#4315);
#4314 = CARTESIAN_POINT('',(-0.,-1.5));
#4315 = VECTOR('',#4316,1.);
#4316 = DIRECTION('',(-1.,0.));
#4317 = ( GEOMETRIC_REPRESENTATION_CONTEXT(2) 
PARAMETRIC_REPRESENTATION_CONTEXT() REPRESENTATION_CONTEXT('2D SPACE',''
  ) );
#4318 = PCURVE('',#4265,#4319);
#4319 = DEFINITIONAL_REPRESENTATION('',(#4320),#4324);
#4320 = CIRCLE('',#4321,2.);
#4321 = AXIS2_PLACEMENT_2D('',#4322,#4323);
#4322 = CARTESIAN_POINT('',(1.283695372223E-16,-1.734723475977E-16));
#4323 = DIRECTION('',(1.,0.));
#4324 = ( GEOMETRIC_REPRESENTATION_CONTEXT(2) 
PARAMETRIC_REPRESENTATION_CONTEXT() REPRESENTATION_CONTEXT('2D SPACE',''
  ) );
#4325 = ORIENTED_EDGE('',*,*,#4326,.T.);
#4326 = EDGE_CURVE('',#4303,#4142,#4327,.T.);
#4327 = SURFACE_CURVE('',#4328,(#4332,#4339),.PCURVE_S1.);
#4328 = LINE('',#4329,#4330);
#4329 = CARTESIAN_POINT('',(-1.25E-02,-2.019998437499,0.));
#4330 = VECTOR('',#4331,1.);
#4331 = DIRECTION('',(-0.,-0.,-1.));
#4332 = PCURVE('',#4158,#4333);
#4333 = DEFINITIONAL_REPRESENTATION('',(#4334),#4338);
#4334 = LINE('',#4335,#4336);
#4335 = CARTESIAN_POINT('',(-4.711138980059,0.));
#4336 = VECTOR('',#4337,1.);
#4337 = DIRECTION('',(-0.,1.));
#4338 = ( GEOMETRIC_REPRESENTATION_CONTEXT(2) 
PARAMETRIC_REPRESENTATION_CONTEXT() REPRESENTATION_CONTEXT('2D SPACE',''
  ) );
#4339 = PCURVE('',#4184,#4340);
#4340 = DEFINITIONAL_REPRESENTATION('',(#4341),#4345);
#4341 = LINE('',#4342,#4343);
#4342 = CARTESIAN_POINT('',(0.,2.019998437499));
#4343 = VECTOR('',#4344,1.);
#4344 = DIRECTION('',(-1.,0.));
#4345 = ( GEOMETRIC_REPRESENTATION_CONTEXT(2) 
PARAMETRIC_REPRESENTATION_CONTEXT() REPRESENTATION_CONTEXT('2D SPACE',''
  ) );
#4346 = ORIENTED_EDGE('',*,*,#4141,.F.);
#4347 = ORIENTED_EDGE('',*,*,#4277,.F.);
#4348 = ADVANCED_FACE('',(#4349),#4184,.T.);
#4349 = FACE_BOUND('',#4350,.T.);
#4350 = EDGE_LOOP('',(#4351,#4352,#4353,#4354));
#4351 = ORIENTED_EDGE('',*,*,#4326,.T.);
#4352 = ORIENTED_EDGE('',*,*,#4170,.T.);
#4353 = ORIENTED_EDGE('',*,*,#4226,.T.);
#4354 = ORIENTED_EDGE('',*,*,#4355,.F.);
#4355 = EDGE_CURVE('',#4303,#4227,#4356,.T.);
#4356 = SURFACE_CURVE('',#4357,(#4361,#4368),.PCURVE_S1.);
#4357 = LINE('',#4358,#4359);
#4358 = CARTESIAN_POINT('',(-1.25E-02,-1.E-02,1.5));
#4359 = VECTOR('',#4360,1.);
#4360 = DIRECTION('',(0.,1.,0.));
#4361 = PCURVE('',#4184,#4362);
#4362 = DEFINITIONAL_REPRESENTATION('',(#4363),#4367);
#4363 = LINE('',#4364,#4365);
#4364 = CARTESIAN_POINT('',(1.5,1.E-02));
#4365 = VECTOR('',#4366,1.);
#4366 = DIRECTION('',(0.,-1.));
#4367 = ( GEOMETRIC_REPRESENTATION_CONTEXT(2) 
PARAMETRIC_REPRESENTATION_CONTEXT() REPRESENTATION_CONTEXT('2D SPACE',''
  ) );
#4368 = PCURVE('',#4265,#4369);
#4369 = DEFINITIONAL_REPRESENTATION('',(#4370),#4374);
#4370 = LINE('',#4371,#4372);
#4371 = CARTESIAN_POINT('',(-2.5E-03,1.E-02));
#4372 = VECTOR('',#4373,1.);
#4373 = DIRECTION('',(0.,1.));
#4374 = ( GEOMETRIC_REPRESENTATION_CONTEXT(2) 
PARAMETRIC_REPRESENTATION_CONTEXT() REPRESENTATION_CONTEXT('2D SPACE',''
  ) );
#4375 = ADVANCED_FACE('',(#4376,#4381),#4265,.T.);
#4376 = FACE_BOUND('',#4377,.T.);
#4377 = EDGE_LOOP('',(#4378,#4379,#4380));
#4378 = ORIENTED_EDGE('',*,*,#4249,.F.);
#4379 = ORIENTED_EDGE('',*,*,#4302,.T.);
#4380 = ORIENTED_EDGE('',*,*,#4355,.T.);
#4381 = FACE_BOUND('',#4382,.T.);
#4382 = EDGE_LOOP('',(#4383));
#4383 = ORIENTED_EDGE('',*,*,#4384,.F.);
#4384 = EDGE_CURVE('',#4385,#4385,#4387,.T.);
#4385 = VERTEX_POINT('',#4386);
#4386 = CARTESIAN_POINT('',(-0.209936568129,-1.369936568129,1.5));
#4387 = SURFACE_CURVE('',#4388,(#4393,#4400),.PCURVE_S1.);
#4388 = CIRCLE('',#4389,0.35);
#4389 = AXIS2_PLACEMENT_3D('',#4390,#4391,#4392);
#4390 = CARTESIAN_POINT('',(-0.559936568129,-1.369936568129,1.5));
#4391 = DIRECTION('',(0.,0.,1.));
#4392 = DIRECTION('',(1.,0.,0.));
#4393 = PCURVE('',#4265,#4394);
#4394 = DEFINITIONAL_REPRESENTATION('',(#4395),#4399);
#4395 = CIRCLE('',#4396,0.35);
#4396 = AXIS2_PLACEMENT_2D('',#4397,#4398);
#4397 = CARTESIAN_POINT('',(-0.549936568129,-1.349936568129));
#4398 = DIRECTION('',(1.,0.));
#4399 = ( GEOMETRIC_REPRESENTATION_CONTEXT(2) 
PARAMETRIC_REPRESENTATION_CONTEXT() REPRESENTATION_CONTEXT('2D SPACE',''
  ) );
#4400 = PCURVE('',#4401,#4406);
#4401 = CYLINDRICAL_SURFACE('',#4402,0.35);
#4402 = AXIS2_PLACEMENT_3D('',#4403,#4404,#4405);
#4403 = CARTESIAN_POINT('',(-0.559936568129,-1.369936568129,1.5));
#4404 = DIRECTION('',(-0.,-0.,-1.));
#4405 = DIRECTION('',(1.,0.,0.));
#4406 = DEFINITIONAL_REPRESENTATION('',(#4407),#4411);
#4407 = LINE('',#4408,#4409);
#4408 = CARTESIAN_POINT('',(-0.,0.));
#4409 = VECTOR('',#4410,1.);
#4410 = DIRECTION('',(-1.,0.));
#4411 = ( GEOMETRIC_REPRESENTATION_CONTEXT(2) 
PARAMETRIC_REPRESENTATION_CONTEXT() REPRESENTATION_CONTEXT('2D SPACE',''
  ) );
#4412 = ADVANCED_FACE('',(#4413),#4401,.T.);
#4413 = FACE_BOUND('',#4414,.F.);
#4414 = EDGE_LOOP('',(#4415,#4438,#4465,#4466));
#4415 = ORIENTED_EDGE('',*,*,#4416,.T.);
#4416 = EDGE_CURVE('',#4385,#4417,#4419,.T.);
#4417 = VERTEX_POINT('',#4418);
#4418 = CARTESIAN_POINT('',(-0.209936568129,-1.369936568129,2.05));
#4419 = SEAM_CURVE('',#4420,(#4424,#4431),.PCURVE_S1.);
#4420 = LINE('',#4421,#4422);
#4421 = CARTESIAN_POINT('',(-0.209936568129,-1.369936568129,1.5));
#4422 = VECTOR('',#4423,1.);
#4423 = DIRECTION('',(0.,0.,1.));
#4424 = PCURVE('',#4401,#4425);
#4425 = DEFINITIONAL_REPRESENTATION('',(#4426),#4430);
#4426 = LINE('',#4427,#4428);
#4427 = CARTESIAN_POINT('',(-0.,0.));
#4428 = VECTOR('',#4429,1.);
#4429 = DIRECTION('',(-0.,-1.));
#4430 = ( GEOMETRIC_REPRESENTATION_CONTEXT(2) 
PARAMETRIC_REPRESENTATION_CONTEXT() REPRESENTATION_CONTEXT('2D SPACE',''
  ) );
#4431 = PCURVE('',#4401,#4432);
#4432 = DEFINITIONAL_REPRESENTATION('',(#4433),#4437);
#4433 = LINE('',#4434,#4435);
#4434 = CARTESIAN_POINT('',(-6.28318530718,0.));
#4435 = VECTOR('',#4436,1.);
#4436 = DIRECTION('',(-0.,-1.));
#4437 = ( GEOMETRIC_REPRESENTATION_CONTEXT(2) 
PARAMETRIC_REPRESENTATION_CONTEXT() REPRESENTATION_CONTEXT('2D SPACE',''
  ) );
#4438 = ORIENTED_EDGE('',*,*,#4439,.T.);
#4439 = EDGE_CURVE('',#4417,#4417,#4440,.T.);
#4440 = SURFACE_CURVE('',#4441,(#4446,#4453),.PCURVE_S1.);
#4441 = CIRCLE('',#4442,0.35);
#4442 = AXIS2_PLACEMENT_3D('',#4443,#4444,#4445);
#4443 = CARTESIAN_POINT('',(-0.559936568129,-1.369936568129,2.05));
#4444 = DIRECTION('',(0.,0.,1.));
#4445 = DIRECTION('',(1.,0.,0.));
#4446 = PCURVE('',#4401,#4447);
#4447 = DEFINITIONAL_REPRESENTATION('',(#4448),#4452);
#4448 = LINE('',#4449,#4450);
#4449 = CARTESIAN_POINT('',(-0.,-0.55));
#4450 = VECTOR('',#4451,1.);
#4451 = DIRECTION('',(-1.,0.));
#4452 = ( GEOMETRIC_REPRESENTATION_CONTEXT(2) 
PARAMETRIC_REPRESENTATION_CONTEXT() REPRESENTATION_CONTEXT('2D SPACE',''
  ) );
#4453 = PCURVE('',#4454,#4459);
#4454 = PLANE('',#4455);
#4455 = AXIS2_PLACEMENT_3D('',#4456,#4457,#4458);
#4456 = CARTESIAN_POINT('',(-0.559936568129,-1.369936568129,2.05));
#4457 = DIRECTION('',(0.,0.,1.));
#4458 = DIRECTION('',(1.,0.,-0.));
#4459 = DEFINITIONAL_REPRESENTATION('',(#4460),#4464);
#4460 = CIRCLE('',#4461,0.35);
#4461 = AXIS2_PLACEMENT_2D('',#4462,#4463);
#4462 = CARTESIAN_POINT('',(0.,0.));
#4463 = DIRECTION('',(1.,0.));
#4464 = ( GEOMETRIC_REPRESENTATION_CONTEXT(2) 
PARAMETRIC_REPRESENTATION_CONTEXT() REPRESENTATION_CONTEXT('2D SPACE',''
  ) );
#4465 = ORIENTED_EDGE('',*,*,#4416,.F.);
#4466 = ORIENTED_EDGE('',*,*,#4384,.F.);
#4467 = ADVANCED_FACE('',(#4468),#4454,.T.);
#4468 = FACE_BOUND('',#4469,.T.);
#4469 = EDGE_LOOP('',(#4470));
#4470 = ORIENTED_EDGE('',*,*,#4439,.T.);
#4471 = ( GEOMETRIC_REPRESENTATION_CONTEXT(3) 
GLOBAL_UNCERTAINTY_ASSIGNED_CONTEXT((#4475)) 
GLOBAL_UNIT_ASSIGNED_CONTEXT((#4472,#4473,#4474)) REPRESENTATION_CONTEXT
('Context #1','3D Context with UNIT and UNCERTAINTY') );
#4472 = ( LENGTH_UNIT() NAMED_UNIT(*) SI_UNIT(.MILLI.,.METRE.) );
#4473 = ( NAMED_UNIT(*) PLANE_ANGLE_UNIT() SI_UNIT($,.RADIAN.) );
#4474 = ( NAMED_UNIT(*) SI_UNIT($,.STERADIAN.) SOLID_ANGLE_UNIT() );
#4475 = UNCERTAINTY_MEASURE_WITH_UNIT(LENGTH_MEASURE(1.E-07),#4472,
  'distance_accuracy_value','confusion accuracy');
#4476 = CONTEXT_DEPENDENT_SHAPE_REPRESENTATION(#4477,#4479);
#4477 = ( REPRESENTATION_RELATIONSHIP('','',#36,#10) 
REPRESENTATION_RELATIONSHIP_WITH_TRANSFORMATION(#4478) 
SHAPE_REPRESENTATION_RELATIONSHIP() );
#4478 = ITEM_DEFINED_TRANSFORMATION('','',#11,#15);
#4479 = PRODUCT_DEFINITION_SHAPE('Placement','Placement of an item',
  #4480);
#4480 = NEXT_ASSEMBLY_USAGE_OCCURRENCE('1','fluid','',#5,#31,$);
#4481 = PRODUCT_RELATED_PRODUCT_CATEGORY('part',$,(#33));
#4482 = SHAPE_DEFINITION_REPRESENTATION(#4483,#4489);
#4483 = PRODUCT_DEFINITION_SHAPE('','',#4484);
#4484 = PRODUCT_DEFINITION('design','',#4485,#4488);
#4485 = PRODUCT_DEFINITION_FORMATION('','',#4486);
#4486 = PRODUCT('membrane','membrane','',(#4487));
#4487 = PRODUCT_CONTEXT('',#2,'mechanical');
#4488 = PRODUCT_DEFINITION_CONTEXT('part definition',#2,'design');
#4489 = SHAPE_REPRESENTATION('',(#11,#4490,#4910,#5330,#5750,#6170,#6590
    ,#7010,#7430,#7850,#8270,#8690,#9110,#9530,#9950,#10370,#10790,
    #11210,#11630),#12050);
#4490 = MANIFOLD_SOLID_BREP('',#4491);
#4491 = CLOSED_SHELL('',(#4492,#4584,#4640,#4699,#4738,#4793,#4849,#4883
    ));
#4492 = ADVANCED_FACE('',(#4493),#4507,.F.);
#4493 = FACE_BOUND('',#4494,.F.);
#4494 = EDGE_LOOP('',(#4495,#4525,#4552,#4553));
#4495 = ORIENTED_EDGE('',*,*,#4496,.T.);
#4496 = EDGE_CURVE('',#4497,#4499,#4501,.T.);
#4497 = VERTEX_POINT('',#4498);
#4498 = CARTESIAN_POINT('',(0.4,-0.25,0.));
#4499 = VERTEX_POINT('',#4500);
#4500 = CARTESIAN_POINT('',(0.4,-0.25,-5.));
#4501 = SEAM_CURVE('',#4502,(#4506,#4518),.PCURVE_S1.);
#4502 = LINE('',#4503,#4504);
#4503 = CARTESIAN_POINT('',(0.4,-0.25,4.078893220341E-33));
#4504 = VECTOR('',#4505,1.);
#4505 = DIRECTION('',(-1.110223024625E-16,1.232595164408E-32,-1.));
#4506 = PCURVE('',#4507,#4512);
#4507 = CYLINDRICAL_SURFACE('',#4508,0.15);
#4508 = AXIS2_PLACEMENT_3D('',#4509,#4510,#4511);
#4509 = CARTESIAN_POINT('',(0.4,-0.4,0.));
#4510 = DIRECTION('',(-1.110223024625E-16,1.232595164408E-32,-1.));
#4511 = DIRECTION('',(1.110223024625E-16,1.,0.));
#4512 = DEFINITIONAL_REPRESENTATION('',(#4513),#4517);
#4513 = LINE('',#4514,#4515);
#4514 = CARTESIAN_POINT('',(6.28318530718,0.));
#4515 = VECTOR('',#4516,1.);
#4516 = DIRECTION('',(0.,1.));
#4517 = ( GEOMETRIC_REPRESENTATION_CONTEXT(2) 
PARAMETRIC_REPRESENTATION_CONTEXT() REPRESENTATION_CONTEXT('2D SPACE',''
  ) );
#4518 = PCURVE('',#4507,#4519);
#4519 = DEFINITIONAL_REPRESENTATION('',(#4520),#4524);
#4520 = LINE('',#4521,#4522);
#4521 = CARTESIAN_POINT('',(0.,0.));
#4522 = VECTOR('',#4523,1.);
#4523 = DIRECTION('',(0.,1.));
#4524 = ( GEOMETRIC_REPRESENTATION_CONTEXT(2) 
PARAMETRIC_REPRESENTATION_CONTEXT() REPRESENTATION_CONTEXT('2D SPACE',''
  ) );
#4525 = ORIENTED_EDGE('',*,*,#4526,.F.);
#4526 = EDGE_CURVE('',#4499,#4499,#4527,.T.);
#4527 = SURFACE_CURVE('',#4528,(#4533,#4540),.PCURVE_S1.);
#4528 = CIRCLE('',#4529,0.15);
#4529 = AXIS2_PLACEMENT_3D('',#4530,#4531,#4532);
#4530 = CARTESIAN_POINT('',(0.4,-0.4,-5.));
#4531 = DIRECTION('',(-1.110223024625E-16,1.232595164408E-32,-1.));
#4532 = DIRECTION('',(1.110223024625E-16,1.,0.));
#4533 = PCURVE('',#4507,#4534);
#4534 = DEFINITIONAL_REPRESENTATION('',(#4535),#4539);
#4535 = LINE('',#4536,#4537);
#4536 = CARTESIAN_POINT('',(0.,5.));
#4537 = VECTOR('',#4538,1.);
#4538 = DIRECTION('',(1.,0.));
#4539 = ( GEOMETRIC_REPRESENTATION_CONTEXT(2) 
PARAMETRIC_REPRESENTATION_CONTEXT() REPRESENTATION_CONTEXT('2D SPACE',''
  ) );
#4540 = PCURVE('',#4541,#4546);
#4541 = TOROIDAL_SURFACE('',#4542,0.4,0.15);
#4542 = AXIS2_PLACEMENT_3D('',#4543,#4544,#4545);
#4543 = CARTESIAN_POINT('',(0.4,5.551115123126E-17,-5.));
#4544 = DIRECTION('',(1.,-1.110223024625E-16,-1.110223024625E-16));
#4545 = DIRECTION('',(-1.110223024625E-16,-1.,0.));
#4546 = DEFINITIONAL_REPRESENTATION('',(#4547),#4551);
#4547 = LINE('',#4548,#4549);
#4548 = CARTESIAN_POINT('',(0.,9.424777960769));
#4549 = VECTOR('',#4550,1.);
#4550 = DIRECTION('',(-0.,-1.));
#4551 = ( GEOMETRIC_REPRESENTATION_CONTEXT(2) 
PARAMETRIC_REPRESENTATION_CONTEXT() REPRESENTATION_CONTEXT('2D SPACE',''
  ) );
#4552 = ORIENTED_EDGE('',*,*,#4496,.F.);
#4553 = ORIENTED_EDGE('',*,*,#4554,.T.);
#4554 = EDGE_CURVE('',#4497,#4497,#4555,.T.);
#4555 = SURFACE_CURVE('',#4556,(#4561,#4568),.PCURVE_S1.);
#4556 = CIRCLE('',#4557,0.15);
#4557 = AXIS2_PLACEMENT_3D('',#4558,#4559,#4560);
#4558 = CARTESIAN_POINT('',(0.4,-0.4,0.));
#4559 = DIRECTION('',(-1.110223024625E-16,1.232595164408E-32,-1.));
#4560 = DIRECTION('',(1.110223024625E-16,1.,0.));
#4561 = PCURVE('',#4507,#4562);
#4562 = DEFINITIONAL_REPRESENTATION('',(#4563),#4567);
#4563 = LINE('',#4564,#4565);
#4564 = CARTESIAN_POINT('',(0.,0.));
#4565 = VECTOR('',#4566,1.);
#4566 = DIRECTION('',(1.,0.));
#4567 = ( GEOMETRIC_REPRESENTATION_CONTEXT(2) 
PARAMETRIC_REPRESENTATION_CONTEXT() REPRESENTATION_CONTEXT('2D SPACE',''
  ) );
#4568 = PCURVE('',#4569,#4574);
#4569 = PLANE('',#4570);
#4570 = AXIS2_PLACEMENT_3D('',#4571,#4572,#4573);
#4571 = CARTESIAN_POINT('',(0.4,-0.4,-3.08572171572E-34));
#4572 = DIRECTION('',(1.110223024625E-16,-1.232595164408E-32,1.));
#4573 = DIRECTION('',(1.,-1.110223024625E-16,-1.110223024625E-16));
#4574 = DEFINITIONAL_REPRESENTATION('',(#4575),#4583);
#4575 = ( BOUNDED_CURVE() B_SPLINE_CURVE(2,(#4576,#4577,#4578,#4579,
#4580,#4581,#4582),.UNSPECIFIED.,.T.,.F.) B_SPLINE_CURVE_WITH_KNOTS((1,2
    ,2,2,2,1),(-2.094395102393,0.,2.094395102393,4.188790204786,
6.28318530718,8.377580409573),.UNSPECIFIED.) CURVE() 
GEOMETRIC_REPRESENTATION_ITEM() RATIONAL_B_SPLINE_CURVE((1.,0.5,1.,0.5,
1.,0.5,1.)) REPRESENTATION_ITEM('') );
#4576 = CARTESIAN_POINT('',(0.,0.15));
#4577 = CARTESIAN_POINT('',(0.259807621135,0.15));
#4578 = CARTESIAN_POINT('',(0.129903810568,-7.5E-02));
#4579 = CARTESIAN_POINT('',(3.673940397442E-17,-0.3));
#4580 = CARTESIAN_POINT('',(-0.129903810568,-7.5E-02));
#4581 = CARTESIAN_POINT('',(-0.259807621135,0.15));
#4582 = CARTESIAN_POINT('',(0.,0.15));
#4583 = ( GEOMETRIC_REPRESENTATION_CONTEXT(2) 
PARAMETRIC_REPRESENTATION_CONTEXT() REPRESENTATION_CONTEXT('2D SPACE',''
  ) );
#4584 = ADVANCED_FACE('',(#4585),#4541,.F.);
#4585 = FACE_BOUND('',#4586,.F.);
#4586 = EDGE_LOOP('',(#4587,#4611,#4638,#4639));
#4587 = ORIENTED_EDGE('',*,*,#4588,.T.);
#4588 = EDGE_CURVE('',#4499,#4589,#4591,.T.);
#4589 = VERTEX_POINT('',#4590);
#4590 = CARTESIAN_POINT('',(0.4,0.25,-5.));
#4591 = SEAM_CURVE('',#4592,(#4597,#4604),.PCURVE_S1.);
#4592 = CIRCLE('',#4593,0.25);
#4593 = AXIS2_PLACEMENT_3D('',#4594,#4595,#4596);
#4594 = CARTESIAN_POINT('',(0.4,5.551115123126E-17,-5.));
#4595 = DIRECTION('',(1.,-1.110223024625E-16,-1.110223024625E-16));
#4596 = DIRECTION('',(-1.110223024625E-16,-1.,0.));
#4597 = PCURVE('',#4541,#4598);
#4598 = DEFINITIONAL_REPRESENTATION('',(#4599),#4603);
#4599 = LINE('',#4600,#4601);
#4600 = CARTESIAN_POINT('',(0.,3.14159265359));
#4601 = VECTOR('',#4602,1.);
#4602 = DIRECTION('',(1.,0.));
#4603 = ( GEOMETRIC_REPRESENTATION_CONTEXT(2) 
PARAMETRIC_REPRESENTATION_CONTEXT() REPRESENTATION_CONTEXT('2D SPACE',''
  ) );
#4604 = PCURVE('',#4541,#4605);
#4605 = DEFINITIONAL_REPRESENTATION('',(#4606),#4610);
#4606 = LINE('',#4607,#4608);
#4607 = CARTESIAN_POINT('',(0.,9.424777960769));
#4608 = VECTOR('',#4609,1.);
#4609 = DIRECTION('',(1.,0.));
#4610 = ( GEOMETRIC_REPRESENTATION_CONTEXT(2) 
PARAMETRIC_REPRESENTATION_CONTEXT() REPRESENTATION_CONTEXT('2D SPACE',''
  ) );
#4611 = ORIENTED_EDGE('',*,*,#4612,.T.);
#4612 = EDGE_CURVE('',#4589,#4589,#4613,.T.);
#4613 = SURFACE_CURVE('',#4614,(#4619,#4626),.PCURVE_S1.);
#4614 = CIRCLE('',#4615,0.15);
#4615 = AXIS2_PLACEMENT_3D('',#4616,#4617,#4618);
#4616 = CARTESIAN_POINT('',(0.4,0.4,-5.));
#4617 = DIRECTION('',(-1.110223024625E-16,-1.224646799147E-16,-1.));
#4618 = DIRECTION('',(1.110223024625E-16,1.,-1.224646799147E-16));
#4619 = PCURVE('',#4541,#4620);
#4620 = DEFINITIONAL_REPRESENTATION('',(#4621),#4625);
#4621 = LINE('',#4622,#4623);
#4622 = CARTESIAN_POINT('',(3.14159265359,0.));
#4623 = VECTOR('',#4624,1.);
#4624 = DIRECTION('',(0.,1.));
#4625 = ( GEOMETRIC_REPRESENTATION_CONTEXT(2) 
PARAMETRIC_REPRESENTATION_CONTEXT() REPRESENTATION_CONTEXT('2D SPACE',''
  ) );
#4626 = PCURVE('',#4627,#4632);
#4627 = CYLINDRICAL_SURFACE('',#4628,0.15);
#4628 = AXIS2_PLACEMENT_3D('',#4629,#4630,#4631);
#4629 = CARTESIAN_POINT('',(0.4,0.4,-5.));
#4630 = DIRECTION('',(1.110223024625E-16,1.110223024625E-16,1.));
#4631 = DIRECTION('',(-1.110223024625E-16,-1.,1.110223024625E-16));
#4632 = DEFINITIONAL_REPRESENTATION('',(#4633),#4637);
#4633 = LINE('',#4634,#4635);
#4634 = CARTESIAN_POINT('',(9.424777960769,0.));
#4635 = VECTOR('',#4636,1.);
#4636 = DIRECTION('',(-1.,-0.));
#4637 = ( GEOMETRIC_REPRESENTATION_CONTEXT(2) 
PARAMETRIC_REPRESENTATION_CONTEXT() REPRESENTATION_CONTEXT('2D SPACE',''
  ) );
#4638 = ORIENTED_EDGE('',*,*,#4588,.F.);
#4639 = ORIENTED_EDGE('',*,*,#4526,.T.);
#4640 = ADVANCED_FACE('',(#4641),#4627,.F.);
#4641 = FACE_BOUND('',#4642,.F.);
#4642 = EDGE_LOOP('',(#4643,#4666,#4697,#4698));
#4643 = ORIENTED_EDGE('',*,*,#4644,.T.);
#4644 = EDGE_CURVE('',#4589,#4645,#4647,.T.);
#4645 = VERTEX_POINT('',#4646);
#4646 = CARTESIAN_POINT('',(0.4,0.25,0.));
#4647 = SEAM_CURVE('',#4648,(#4652,#4659),.PCURVE_S1.);
#4648 = LINE('',#4649,#4650);
#4649 = CARTESIAN_POINT('',(0.4,0.25,-5.));
#4650 = VECTOR('',#4651,1.);
#4651 = DIRECTION('',(1.110223024625E-16,1.110223024625E-16,1.));
#4652 = PCURVE('',#4627,#4653);
#4653 = DEFINITIONAL_REPRESENTATION('',(#4654),#4658);
#4654 = LINE('',#4655,#4656);
#4655 = CARTESIAN_POINT('',(6.28318530718,0.));
#4656 = VECTOR('',#4657,1.);
#4657 = DIRECTION('',(0.,1.));
#4658 = ( GEOMETRIC_REPRESENTATION_CONTEXT(2) 
PARAMETRIC_REPRESENTATION_CONTEXT() REPRESENTATION_CONTEXT('2D SPACE',''
  ) );
#4659 = PCURVE('',#4627,#4660);
#4660 = DEFINITIONAL_REPRESENTATION('',(#4661),#4665);
#4661 = LINE('',#4662,#4663);
#4662 = CARTESIAN_POINT('',(0.,0.));
#4663 = VECTOR('',#4664,1.);
#4664 = DIRECTION('',(0.,1.));
#4665 = ( GEOMETRIC_REPRESENTATION_CONTEXT(2) 
PARAMETRIC_REPRESENTATION_CONTEXT() REPRESENTATION_CONTEXT('2D SPACE',''
  ) );
#4666 = ORIENTED_EDGE('',*,*,#4667,.F.);
#4667 = EDGE_CURVE('',#4645,#4645,#4668,.T.);
#4668 = SURFACE_CURVE('',#4669,(#4674,#4681),.PCURVE_S1.);
#4669 = CIRCLE('',#4670,0.15);
#4670 = AXIS2_PLACEMENT_3D('',#4671,#4672,#4673);
#4671 = CARTESIAN_POINT('',(0.4,0.4,0.));
#4672 = DIRECTION('',(1.110223024625E-16,1.110223024625E-16,1.));
#4673 = DIRECTION('',(-1.110223024625E-16,-1.,1.110223024625E-16));
#4674 = PCURVE('',#4627,#4675);
#4675 = DEFINITIONAL_REPRESENTATION('',(#4676),#4680);
#4676 = LINE('',#4677,#4678);
#4677 = CARTESIAN_POINT('',(0.,5.));
#4678 = VECTOR('',#4679,1.);
#4679 = DIRECTION('',(1.,0.));
#4680 = ( GEOMETRIC_REPRESENTATION_CONTEXT(2) 
PARAMETRIC_REPRESENTATION_CONTEXT() REPRESENTATION_CONTEXT('2D SPACE',''
  ) );
#4681 = PCURVE('',#4682,#4687);
#4682 = PLANE('',#4683);
#4683 = AXIS2_PLACEMENT_3D('',#4684,#4685,#4686);
#4684 = CARTESIAN_POINT('',(0.4,0.4,-2.285347588163E-33));
#4685 = DIRECTION('',(-1.110223024625E-16,1.232595164408E-32,-1.));
#4686 = DIRECTION('',(-1.,1.110223024625E-16,1.110223024625E-16));
#4687 = DEFINITIONAL_REPRESENTATION('',(#4688),#4696);
#4688 = ( BOUNDED_CURVE() B_SPLINE_CURVE(2,(#4689,#4690,#4691,#4692,
#4693,#4694,#4695),.UNSPECIFIED.,.T.,.F.) B_SPLINE_CURVE_WITH_KNOTS((1,2
    ,2,2,2,1),(-2.094395102393,0.,2.094395102393,4.188790204786,
6.28318530718,8.377580409573),.UNSPECIFIED.) CURVE() 
GEOMETRIC_REPRESENTATION_ITEM() RATIONAL_B_SPLINE_CURVE((1.,0.5,1.,0.5,
1.,0.5,1.)) REPRESENTATION_ITEM('') );
#4689 = CARTESIAN_POINT('',(1.232595164408E-32,-0.15));
#4690 = CARTESIAN_POINT('',(-0.259807621135,-0.15));
#4691 = CARTESIAN_POINT('',(-0.129903810568,7.5E-02));
#4692 = CARTESIAN_POINT('',(-3.673940397442E-17,0.3));
#4693 = CARTESIAN_POINT('',(0.129903810568,7.5E-02));
#4694 = CARTESIAN_POINT('',(0.259807621135,-0.15));
#4695 = CARTESIAN_POINT('',(1.232595164408E-32,-0.15));
#4696 = ( GEOMETRIC_REPRESENTATION_CONTEXT(2) 
PARAMETRIC_REPRESENTATION_CONTEXT() REPRESENTATION_CONTEXT('2D SPACE',''
  ) );
#4697 = ORIENTED_EDGE('',*,*,#4644,.F.);
#4698 = ORIENTED_EDGE('',*,*,#4612,.F.);
#4699 = ADVANCED_FACE('',(#4700,#4703),#4569,.T.);
#4700 = FACE_BOUND('',#4701,.T.);
#4701 = EDGE_LOOP('',(#4702));
#4702 = ORIENTED_EDGE('',*,*,#4554,.T.);
#4703 = FACE_BOUND('',#4704,.T.);
#4704 = EDGE_LOOP('',(#4705));
#4705 = ORIENTED_EDGE('',*,*,#4706,.F.);
#4706 = EDGE_CURVE('',#4707,#4707,#4709,.T.);
#4707 = VERTEX_POINT('',#4708);
#4708 = CARTESIAN_POINT('',(0.4,-0.245,4.214856327685E-33));
#4709 = SURFACE_CURVE('',#4710,(#4715,#4726),.PCURVE_S1.);
#4710 = CIRCLE('',#4711,0.155);
#4711 = AXIS2_PLACEMENT_3D('',#4712,#4713,#4714);
#4712 = CARTESIAN_POINT('',(0.4,-0.4,0.));
#4713 = DIRECTION('',(-1.110223024625E-16,1.232595164408E-32,-1.));
#4714 = DIRECTION('',(1.110223024625E-16,1.,0.));
#4715 = PCURVE('',#4569,#4716);
#4716 = DEFINITIONAL_REPRESENTATION('',(#4717),#4725);
#4717 = ( BOUNDED_CURVE() B_SPLINE_CURVE(2,(#4718,#4719,#4720,#4721,
#4722,#4723,#4724),.UNSPECIFIED.,.T.,.F.) B_SPLINE_CURVE_WITH_KNOTS((1,2
    ,2,2,2,1),(-2.094395102393,0.,2.094395102393,4.188790204786,
6.28318530718,8.377580409573),.UNSPECIFIED.) CURVE() 
GEOMETRIC_REPRESENTATION_ITEM() RATIONAL_B_SPLINE_CURVE((1.,0.5,1.,0.5,
1.,0.5,1.)) REPRESENTATION_ITEM('') );
#4718 = CARTESIAN_POINT('',(0.,0.155));
#4719 = CARTESIAN_POINT('',(0.268467875173,0.155));
#4720 = CARTESIAN_POINT('',(0.134233937587,-7.75E-02));
#4721 = CARTESIAN_POINT('',(3.796405077357E-17,-0.31));
#4722 = CARTESIAN_POINT('',(-0.134233937587,-7.75E-02));
#4723 = CARTESIAN_POINT('',(-0.268467875173,0.155));
#4724 = CARTESIAN_POINT('',(0.,0.155));
#4725 = ( GEOMETRIC_REPRESENTATION_CONTEXT(2) 
PARAMETRIC_REPRESENTATION_CONTEXT() REPRESENTATION_CONTEXT('2D SPACE',''
  ) );
#4726 = PCURVE('',#4727,#4732);
#4727 = CYLINDRICAL_SURFACE('',#4728,0.155);
#4728 = AXIS2_PLACEMENT_3D('',#4729,#4730,#4731);
#4729 = CARTESIAN_POINT('',(0.4,-0.4,0.));
#4730 = DIRECTION('',(-1.110223024625E-16,1.232595164408E-32,-1.));
#4731 = DIRECTION('',(1.110223024625E-16,1.,0.));
#4732 = DEFINITIONAL_REPRESENTATION('',(#4733),#4737);
#4733 = LINE('',#4734,#4735);
#4734 = CARTESIAN_POINT('',(0.,0.));
#4735 = VECTOR('',#4736,1.);
#4736 = DIRECTION('',(1.,0.));
#4737 = ( GEOMETRIC_REPRESENTATION_CONTEXT(2) 
PARAMETRIC_REPRESENTATION_CONTEXT() REPRESENTATION_CONTEXT('2D SPACE',''
  ) );
#4738 = ADVANCED_FACE('',(#4739),#4727,.T.);
#4739 = FACE_BOUND('',#4740,.T.);
#4740 = EDGE_LOOP('',(#4741,#4764,#4765,#4766));
#4741 = ORIENTED_EDGE('',*,*,#4742,.F.);
#4742 = EDGE_CURVE('',#4707,#4743,#4745,.T.);
#4743 = VERTEX_POINT('',#4744);
#4744 = CARTESIAN_POINT('',(0.4,-0.245,-5.));
#4745 = SEAM_CURVE('',#4746,(#4750,#4757),.PCURVE_S1.);
#4746 = LINE('',#4747,#4748);
#4747 = CARTESIAN_POINT('',(0.4,-0.245,4.214856327685E-33));
#4748 = VECTOR('',#4749,1.);
#4749 = DIRECTION('',(-1.110223024625E-16,1.232595164408E-32,-1.));
#4750 = PCURVE('',#4727,#4751);
#4751 = DEFINITIONAL_REPRESENTATION('',(#4752),#4756);
#4752 = LINE('',#4753,#4754);
#4753 = CARTESIAN_POINT('',(0.,0.));
#4754 = VECTOR('',#4755,1.);
#4755 = DIRECTION('',(0.,1.));
#4756 = ( GEOMETRIC_REPRESENTATION_CONTEXT(2) 
PARAMETRIC_REPRESENTATION_CONTEXT() REPRESENTATION_CONTEXT('2D SPACE',''
  ) );
#4757 = PCURVE('',#4727,#4758);
#4758 = DEFINITIONAL_REPRESENTATION('',(#4759),#4763);
#4759 = LINE('',#4760,#4761);
#4760 = CARTESIAN_POINT('',(6.28318530718,0.));
#4761 = VECTOR('',#4762,1.);
#4762 = DIRECTION('',(0.,1.));
#4763 = ( GEOMETRIC_REPRESENTATION_CONTEXT(2) 
PARAMETRIC_REPRESENTATION_CONTEXT() REPRESENTATION_CONTEXT('2D SPACE',''
  ) );
#4764 = ORIENTED_EDGE('',*,*,#4706,.T.);
#4765 = ORIENTED_EDGE('',*,*,#4742,.T.);
#4766 = ORIENTED_EDGE('',*,*,#4767,.F.);
#4767 = EDGE_CURVE('',#4743,#4743,#4768,.T.);
#4768 = SURFACE_CURVE('',#4769,(#4774,#4781),.PCURVE_S1.);
#4769 = CIRCLE('',#4770,0.155);
#4770 = AXIS2_PLACEMENT_3D('',#4771,#4772,#4773);
#4771 = CARTESIAN_POINT('',(0.4,-0.4,-5.));
#4772 = DIRECTION('',(-1.110223024625E-16,1.232595164408E-32,-1.));
#4773 = DIRECTION('',(4.784163422067E-16,1.,-4.078893220341E-32));
#4774 = PCURVE('',#4727,#4775);
#4775 = DEFINITIONAL_REPRESENTATION('',(#4776),#4780);
#4776 = LINE('',#4777,#4778);
#4777 = CARTESIAN_POINT('',(0.,5.));
#4778 = VECTOR('',#4779,1.);
#4779 = DIRECTION('',(1.,0.));
#4780 = ( GEOMETRIC_REPRESENTATION_CONTEXT(2) 
PARAMETRIC_REPRESENTATION_CONTEXT() REPRESENTATION_CONTEXT('2D SPACE',''
  ) );
#4781 = PCURVE('',#4782,#4787);
#4782 = TOROIDAL_SURFACE('',#4783,0.4,0.155);
#4783 = AXIS2_PLACEMENT_3D('',#4784,#4785,#4786);
#4784 = CARTESIAN_POINT('',(0.4,5.551115123126E-17,-5.));
#4785 = DIRECTION('',(1.,-1.110223024625E-16,-1.110223024625E-16));
#4786 = DIRECTION('',(-1.110223024625E-16,-1.,0.));
#4787 = DEFINITIONAL_REPRESENTATION('',(#4788),#4792);
#4788 = LINE('',#4789,#4790);
#4789 = CARTESIAN_POINT('',(0.,9.424777960769));
#4790 = VECTOR('',#4791,1.);
#4791 = DIRECTION('',(-0.,-1.));
#4792 = ( GEOMETRIC_REPRESENTATION_CONTEXT(2) 
PARAMETRIC_REPRESENTATION_CONTEXT() REPRESENTATION_CONTEXT('2D SPACE',''
  ) );
#4793 = ADVANCED_FACE('',(#4794),#4782,.T.);
#4794 = FACE_BOUND('',#4795,.T.);
#4795 = EDGE_LOOP('',(#4796,#4820,#4847,#4848));
#4796 = ORIENTED_EDGE('',*,*,#4797,.T.);
#4797 = EDGE_CURVE('',#4743,#4798,#4800,.T.);
#4798 = VERTEX_POINT('',#4799);
#4799 = CARTESIAN_POINT('',(0.4,0.245,-5.));
#4800 = SEAM_CURVE('',#4801,(#4806,#4813),.PCURVE_S1.);
#4801 = CIRCLE('',#4802,0.245);
#4802 = AXIS2_PLACEMENT_3D('',#4803,#4804,#4805);
#4803 = CARTESIAN_POINT('',(0.4,5.551115123126E-17,-5.));
#4804 = DIRECTION('',(1.,-1.110223024625E-16,-1.110223024625E-16));
#4805 = DIRECTION('',(-1.110223024625E-16,-1.,0.));
#4806 = PCURVE('',#4782,#4807);
#4807 = DEFINITIONAL_REPRESENTATION('',(#4808),#4812);
#4808 = LINE('',#4809,#4810);
#4809 = CARTESIAN_POINT('',(0.,3.14159265359));
#4810 = VECTOR('',#4811,1.);
#4811 = DIRECTION('',(1.,0.));
#4812 = ( GEOMETRIC_REPRESENTATION_CONTEXT(2) 
PARAMETRIC_REPRESENTATION_CONTEXT() REPRESENTATION_CONTEXT('2D SPACE',''
  ) );
#4813 = PCURVE('',#4782,#4814);
#4814 = DEFINITIONAL_REPRESENTATION('',(#4815),#4819);
#4815 = LINE('',#4816,#4817);
#4816 = CARTESIAN_POINT('',(0.,9.424777960769));
#4817 = VECTOR('',#4818,1.);
#4818 = DIRECTION('',(1.,0.));
#4819 = ( GEOMETRIC_REPRESENTATION_CONTEXT(2) 
PARAMETRIC_REPRESENTATION_CONTEXT() REPRESENTATION_CONTEXT('2D SPACE',''
  ) );
#4820 = ORIENTED_EDGE('',*,*,#4821,.T.);
#4821 = EDGE_CURVE('',#4798,#4798,#4822,.T.);
#4822 = SURFACE_CURVE('',#4823,(#4828,#4835),.PCURVE_S1.);
#4823 = CIRCLE('',#4824,0.155);
#4824 = AXIS2_PLACEMENT_3D('',#4825,#4826,#4827);
#4825 = CARTESIAN_POINT('',(0.4,0.4,-5.));
#4826 = DIRECTION('',(-1.110223024625E-16,-1.224646799147E-16,-1.));
#4827 = DIRECTION('',(1.110223024625E-16,1.,-1.224646799147E-16));
#4828 = PCURVE('',#4782,#4829);
#4829 = DEFINITIONAL_REPRESENTATION('',(#4830),#4834);
#4830 = LINE('',#4831,#4832);
#4831 = CARTESIAN_POINT('',(3.14159265359,0.));
#4832 = VECTOR('',#4833,1.);
#4833 = DIRECTION('',(0.,1.));
#4834 = ( GEOMETRIC_REPRESENTATION_CONTEXT(2) 
PARAMETRIC_REPRESENTATION_CONTEXT() REPRESENTATION_CONTEXT('2D SPACE',''
  ) );
#4835 = PCURVE('',#4836,#4841);
#4836 = CYLINDRICAL_SURFACE('',#4837,0.155);
#4837 = AXIS2_PLACEMENT_3D('',#4838,#4839,#4840);
#4838 = CARTESIAN_POINT('',(0.4,0.4,-5.));
#4839 = DIRECTION('',(1.110223024625E-16,1.110223024625E-16,1.));
#4840 = DIRECTION('',(-1.110223024625E-16,-1.,1.110223024625E-16));
#4841 = DEFINITIONAL_REPRESENTATION('',(#4842),#4846);
#4842 = LINE('',#4843,#4844);
#4843 = CARTESIAN_POINT('',(9.424777960769,0.));
#4844 = VECTOR('',#4845,1.);
#4845 = DIRECTION('',(-1.,-0.));
#4846 = ( GEOMETRIC_REPRESENTATION_CONTEXT(2) 
PARAMETRIC_REPRESENTATION_CONTEXT() REPRESENTATION_CONTEXT('2D SPACE',''
  ) );
#4847 = ORIENTED_EDGE('',*,*,#4797,.F.);
#4848 = ORIENTED_EDGE('',*,*,#4767,.T.);
#4849 = ADVANCED_FACE('',(#4850,#4853),#4682,.F.);
#4850 = FACE_BOUND('',#4851,.F.);
#4851 = EDGE_LOOP('',(#4852));
#4852 = ORIENTED_EDGE('',*,*,#4667,.T.);
#4853 = FACE_BOUND('',#4854,.F.);
#4854 = EDGE_LOOP('',(#4855));
#4855 = ORIENTED_EDGE('',*,*,#4856,.F.);
#4856 = EDGE_CURVE('',#4857,#4857,#4859,.T.);
#4857 = VERTEX_POINT('',#4858);
#4858 = CARTESIAN_POINT('',(0.4,0.245,0.));
#4859 = SURFACE_CURVE('',#4860,(#4865,#4876),.PCURVE_S1.);
#4860 = CIRCLE('',#4861,0.155);
#4861 = AXIS2_PLACEMENT_3D('',#4862,#4863,#4864);
#4862 = CARTESIAN_POINT('',(0.4,0.4,0.));
#4863 = DIRECTION('',(1.110223024625E-16,1.110223024625E-16,1.));
#4864 = DIRECTION('',(-1.110223024625E-16,-1.,1.110223024625E-16));
#4865 = PCURVE('',#4682,#4866);
#4866 = DEFINITIONAL_REPRESENTATION('',(#4867),#4875);
#4867 = ( BOUNDED_CURVE() B_SPLINE_CURVE(2,(#4868,#4869,#4870,#4871,
#4872,#4873,#4874),.UNSPECIFIED.,.T.,.F.) B_SPLINE_CURVE_WITH_KNOTS((1,2
    ,2,2,2,1),(-2.094395102393,0.,2.094395102393,4.188790204786,
6.28318530718,8.377580409573),.UNSPECIFIED.) CURVE() 
GEOMETRIC_REPRESENTATION_ITEM() RATIONAL_B_SPLINE_CURVE((1.,0.5,1.,0.5,
1.,0.5,1.)) REPRESENTATION_ITEM('') );
#4868 = CARTESIAN_POINT('',(1.232595164408E-32,-0.155));
#4869 = CARTESIAN_POINT('',(-0.268467875173,-0.155));
#4870 = CARTESIAN_POINT('',(-0.134233937587,7.75E-02));
#4871 = CARTESIAN_POINT('',(-3.796405077357E-17,0.31));
#4872 = CARTESIAN_POINT('',(0.134233937587,7.75E-02));
#4873 = CARTESIAN_POINT('',(0.268467875173,-0.155));
#4874 = CARTESIAN_POINT('',(1.232595164408E-32,-0.155));
#4875 = ( GEOMETRIC_REPRESENTATION_CONTEXT(2) 
PARAMETRIC_REPRESENTATION_CONTEXT() REPRESENTATION_CONTEXT('2D SPACE',''
  ) );
#4876 = PCURVE('',#4836,#4877);
#4877 = DEFINITIONAL_REPRESENTATION('',(#4878),#4882);
#4878 = LINE('',#4879,#4880);
#4879 = CARTESIAN_POINT('',(0.,5.));
#4880 = VECTOR('',#4881,1.);
#4881 = DIRECTION('',(1.,0.));
#4882 = ( GEOMETRIC_REPRESENTATION_CONTEXT(2) 
PARAMETRIC_REPRESENTATION_CONTEXT() REPRESENTATION_CONTEXT('2D SPACE',''
  ) );
#4883 = ADVANCED_FACE('',(#4884),#4836,.T.);
#4884 = FACE_BOUND('',#4885,.T.);
#4885 = EDGE_LOOP('',(#4886,#4907,#4908,#4909));
#4886 = ORIENTED_EDGE('',*,*,#4887,.F.);
#4887 = EDGE_CURVE('',#4798,#4857,#4888,.T.);
#4888 = SEAM_CURVE('',#4889,(#4893,#4900),.PCURVE_S1.);
#4889 = LINE('',#4890,#4891);
#4890 = CARTESIAN_POINT('',(0.4,0.245,-5.));
#4891 = VECTOR('',#4892,1.);
#4892 = DIRECTION('',(1.110223024625E-16,1.110223024625E-16,1.));
#4893 = PCURVE('',#4836,#4894);
#4894 = DEFINITIONAL_REPRESENTATION('',(#4895),#4899);
#4895 = LINE('',#4896,#4897);
#4896 = CARTESIAN_POINT('',(0.,0.));
#4897 = VECTOR('',#4898,1.);
#4898 = DIRECTION('',(0.,1.));
#4899 = ( GEOMETRIC_REPRESENTATION_CONTEXT(2) 
PARAMETRIC_REPRESENTATION_CONTEXT() REPRESENTATION_CONTEXT('2D SPACE',''
  ) );
#4900 = PCURVE('',#4836,#4901);
#4901 = DEFINITIONAL_REPRESENTATION('',(#4902),#4906);
#4902 = LINE('',#4903,#4904);
#4903 = CARTESIAN_POINT('',(6.28318530718,0.));
#4904 = VECTOR('',#4905,1.);
#4905 = DIRECTION('',(0.,1.));
#4906 = ( GEOMETRIC_REPRESENTATION_CONTEXT(2) 
PARAMETRIC_REPRESENTATION_CONTEXT() REPRESENTATION_CONTEXT('2D SPACE',''
  ) );
#4907 = ORIENTED_EDGE('',*,*,#4821,.F.);
#4908 = ORIENTED_EDGE('',*,*,#4887,.T.);
#4909 = ORIENTED_EDGE('',*,*,#4856,.F.);
#4910 = MANIFOLD_SOLID_BREP('',#4911);
#4911 = CLOSED_SHELL('',(#4912,#5004,#5060,#5119,#5158,#5213,#5269,#5303
    ));
#4912 = ADVANCED_FACE('',(#4913),#4927,.F.);
#4913 = FACE_BOUND('',#4914,.F.);
#4914 = EDGE_LOOP('',(#4915,#4945,#4972,#4973));
#4915 = ORIENTED_EDGE('',*,*,#4916,.T.);
#4916 = EDGE_CURVE('',#4917,#4919,#4921,.T.);
#4917 = VERTEX_POINT('',#4918);
#4918 = CARTESIAN_POINT('',(-0.4,-0.25,0.));
#4919 = VERTEX_POINT('',#4920);
#4920 = CARTESIAN_POINT('',(-0.4,-0.25,-5.));
#4921 = SEAM_CURVE('',#4922,(#4926,#4938),.PCURVE_S1.);
#4922 = LINE('',#4923,#4924);
#4923 = CARTESIAN_POINT('',(-0.4,-0.25,4.078893220341E-33));
#4924 = VECTOR('',#4925,1.);
#4925 = DIRECTION('',(-1.110223024625E-16,1.232595164408E-32,-1.));
#4926 = PCURVE('',#4927,#4932);
#4927 = CYLINDRICAL_SURFACE('',#4928,0.15);
#4928 = AXIS2_PLACEMENT_3D('',#4929,#4930,#4931);
#4929 = CARTESIAN_POINT('',(-0.4,-0.4,0.));
#4930 = DIRECTION('',(-1.110223024625E-16,1.232595164408E-32,-1.));
#4931 = DIRECTION('',(1.110223024625E-16,1.,0.));
#4932 = DEFINITIONAL_REPRESENTATION('',(#4933),#4937);
#4933 = LINE('',#4934,#4935);
#4934 = CARTESIAN_POINT('',(6.28318530718,0.));
#4935 = VECTOR('',#4936,1.);
#4936 = DIRECTION('',(0.,1.));
#4937 = ( GEOMETRIC_REPRESENTATION_CONTEXT(2) 
PARAMETRIC_REPRESENTATION_CONTEXT() REPRESENTATION_CONTEXT('2D SPACE',''
  ) );
#4938 = PCURVE('',#4927,#4939);
#4939 = DEFINITIONAL_REPRESENTATION('',(#4940),#4944);
#4940 = LINE('',#4941,#4942);
#4941 = CARTESIAN_POINT('',(0.,0.));
#4942 = VECTOR('',#4943,1.);
#4943 = DIRECTION('',(0.,1.));
#4944 = ( GEOMETRIC_REPRESENTATION_CONTEXT(2) 
PARAMETRIC_REPRESENTATION_CONTEXT() REPRESENTATION_CONTEXT('2D SPACE',''
  ) );
#4945 = ORIENTED_EDGE('',*,*,#4946,.F.);
#4946 = EDGE_CURVE('',#4919,#4919,#4947,.T.);
#4947 = SURFACE_CURVE('',#4948,(#4953,#4960),.PCURVE_S1.);
#4948 = CIRCLE('',#4949,0.15);
#4949 = AXIS2_PLACEMENT_3D('',#4950,#4951,#4952);
#4950 = CARTESIAN_POINT('',(-0.4,-0.4,-5.));
#4951 = DIRECTION('',(-1.110223024625E-16,1.232595164408E-32,-1.));
#4952 = DIRECTION('',(1.110223024625E-16,1.,0.));
#4953 = PCURVE('',#4927,#4954);
#4954 = DEFINITIONAL_REPRESENTATION('',(#4955),#4959);
#4955 = LINE('',#4956,#4957);
#4956 = CARTESIAN_POINT('',(0.,5.));
#4957 = VECTOR('',#4958,1.);
#4958 = DIRECTION('',(1.,0.));
#4959 = ( GEOMETRIC_REPRESENTATION_CONTEXT(2) 
PARAMETRIC_REPRESENTATION_CONTEXT() REPRESENTATION_CONTEXT('2D SPACE',''
  ) );
#4960 = PCURVE('',#4961,#4966);
#4961 = TOROIDAL_SURFACE('',#4962,0.4,0.15);
#4962 = AXIS2_PLACEMENT_3D('',#4963,#4964,#4965);
#4963 = CARTESIAN_POINT('',(-0.4,5.551115123126E-17,-5.));
#4964 = DIRECTION('',(1.,-1.110223024625E-16,-1.110223024625E-16));
#4965 = DIRECTION('',(-1.110223024625E-16,-1.,0.));
#4966 = DEFINITIONAL_REPRESENTATION('',(#4967),#4971);
#4967 = LINE('',#4968,#4969);
#4968 = CARTESIAN_POINT('',(0.,9.424777960769));
#4969 = VECTOR('',#4970,1.);
#4970 = DIRECTION('',(-0.,-1.));
#4971 = ( GEOMETRIC_REPRESENTATION_CONTEXT(2) 
PARAMETRIC_REPRESENTATION_CONTEXT() REPRESENTATION_CONTEXT('2D SPACE',''
  ) );
#4972 = ORIENTED_EDGE('',*,*,#4916,.F.);
#4973 = ORIENTED_EDGE('',*,*,#4974,.T.);
#4974 = EDGE_CURVE('',#4917,#4917,#4975,.T.);
#4975 = SURFACE_CURVE('',#4976,(#4981,#4988),.PCURVE_S1.);
#4976 = CIRCLE('',#4977,0.15);
#4977 = AXIS2_PLACEMENT_3D('',#4978,#4979,#4980);
#4978 = CARTESIAN_POINT('',(-0.4,-0.4,0.));
#4979 = DIRECTION('',(-1.110223024625E-16,1.232595164408E-32,-1.));
#4980 = DIRECTION('',(1.110223024625E-16,1.,0.));
#4981 = PCURVE('',#4927,#4982);
#4982 = DEFINITIONAL_REPRESENTATION('',(#4983),#4987);
#4983 = LINE('',#4984,#4985);
#4984 = CARTESIAN_POINT('',(0.,0.));
#4985 = VECTOR('',#4986,1.);
#4986 = DIRECTION('',(1.,0.));
#4987 = ( GEOMETRIC_REPRESENTATION_CONTEXT(2) 
PARAMETRIC_REPRESENTATION_CONTEXT() REPRESENTATION_CONTEXT('2D SPACE',''
  ) );
#4988 = PCURVE('',#4989,#4994);
#4989 = PLANE('',#4990);
#4990 = AXIS2_PLACEMENT_3D('',#4991,#4992,#4993);
#4991 = CARTESIAN_POINT('',(-0.4,-0.4,-3.08572171572E-34));
#4992 = DIRECTION('',(1.110223024625E-16,-1.232595164408E-32,1.));
#4993 = DIRECTION('',(1.,-1.110223024625E-16,-1.110223024625E-16));
#4994 = DEFINITIONAL_REPRESENTATION('',(#4995),#5003);
#4995 = ( BOUNDED_CURVE() B_SPLINE_CURVE(2,(#4996,#4997,#4998,#4999,
#5000,#5001,#5002),.UNSPECIFIED.,.T.,.F.) B_SPLINE_CURVE_WITH_KNOTS((1,2
    ,2,2,2,1),(-2.094395102393,0.,2.094395102393,4.188790204786,
6.28318530718,8.377580409573),.UNSPECIFIED.) CURVE() 
GEOMETRIC_REPRESENTATION_ITEM() RATIONAL_B_SPLINE_CURVE((1.,0.5,1.,0.5,
1.,0.5,1.)) REPRESENTATION_ITEM('') );
#4996 = CARTESIAN_POINT('',(0.,0.15));
#4997 = CARTESIAN_POINT('',(0.259807621135,0.15));
#4998 = CARTESIAN_POINT('',(0.129903810568,-7.5E-02));
#4999 = CARTESIAN_POINT('',(3.673940397442E-17,-0.3));
#5000 = CARTESIAN_POINT('',(-0.129903810568,-7.5E-02));
#5001 = CARTESIAN_POINT('',(-0.259807621135,0.15));
#5002 = CARTESIAN_POINT('',(0.,0.15));
#5003 = ( GEOMETRIC_REPRESENTATION_CONTEXT(2) 
PARAMETRIC_REPRESENTATION_CONTEXT() REPRESENTATION_CONTEXT('2D SPACE',''
  ) );
#5004 = ADVANCED_FACE('',(#5005),#4961,.F.);
#5005 = FACE_BOUND('',#5006,.F.);
#5006 = EDGE_LOOP('',(#5007,#5031,#5058,#5059));
#5007 = ORIENTED_EDGE('',*,*,#5008,.T.);
#5008 = EDGE_CURVE('',#4919,#5009,#5011,.T.);
#5009 = VERTEX_POINT('',#5010);
#5010 = CARTESIAN_POINT('',(-0.4,0.25,-5.));
#5011 = SEAM_CURVE('',#5012,(#5017,#5024),.PCURVE_S1.);
#5012 = CIRCLE('',#5013,0.25);
#5013 = AXIS2_PLACEMENT_3D('',#5014,#5015,#5016);
#5014 = CARTESIAN_POINT('',(-0.4,5.551115123126E-17,-5.));
#5015 = DIRECTION('',(1.,-1.110223024625E-16,-1.110223024625E-16));
#5016 = DIRECTION('',(-1.110223024625E-16,-1.,0.));
#5017 = PCURVE('',#4961,#5018);
#5018 = DEFINITIONAL_REPRESENTATION('',(#5019),#5023);
#5019 = LINE('',#5020,#5021);
#5020 = CARTESIAN_POINT('',(0.,3.14159265359));
#5021 = VECTOR('',#5022,1.);
#5022 = DIRECTION('',(1.,0.));
#5023 = ( GEOMETRIC_REPRESENTATION_CONTEXT(2) 
PARAMETRIC_REPRESENTATION_CONTEXT() REPRESENTATION_CONTEXT('2D SPACE',''
  ) );
#5024 = PCURVE('',#4961,#5025);
#5025 = DEFINITIONAL_REPRESENTATION('',(#5026),#5030);
#5026 = LINE('',#5027,#5028);
#5027 = CARTESIAN_POINT('',(0.,9.424777960769));
#5028 = VECTOR('',#5029,1.);
#5029 = DIRECTION('',(1.,0.));
#5030 = ( GEOMETRIC_REPRESENTATION_CONTEXT(2) 
PARAMETRIC_REPRESENTATION_CONTEXT() REPRESENTATION_CONTEXT('2D SPACE',''
  ) );
#5031 = ORIENTED_EDGE('',*,*,#5032,.T.);
#5032 = EDGE_CURVE('',#5009,#5009,#5033,.T.);
#5033 = SURFACE_CURVE('',#5034,(#5039,#5046),.PCURVE_S1.);
#5034 = CIRCLE('',#5035,0.15);
#5035 = AXIS2_PLACEMENT_3D('',#5036,#5037,#5038);
#5036 = CARTESIAN_POINT('',(-0.4,0.4,-5.));
#5037 = DIRECTION('',(-1.110223024625E-16,-1.224646799147E-16,-1.));
#5038 = DIRECTION('',(1.110223024625E-16,1.,-1.224646799147E-16));
#5039 = PCURVE('',#4961,#5040);
#5040 = DEFINITIONAL_REPRESENTATION('',(#5041),#5045);
#5041 = LINE('',#5042,#5043);
#5042 = CARTESIAN_POINT('',(3.14159265359,0.));
#5043 = VECTOR('',#5044,1.);
#5044 = DIRECTION('',(0.,1.));
#5045 = ( GEOMETRIC_REPRESENTATION_CONTEXT(2) 
PARAMETRIC_REPRESENTATION_CONTEXT() REPRESENTATION_CONTEXT('2D SPACE',''
  ) );
#5046 = PCURVE('',#5047,#5052);
#5047 = CYLINDRICAL_SURFACE('',#5048,0.15);
#5048 = AXIS2_PLACEMENT_3D('',#5049,#5050,#5051);
#5049 = CARTESIAN_POINT('',(-0.4,0.4,-5.));
#5050 = DIRECTION('',(1.110223024625E-16,1.110223024625E-16,1.));
#5051 = DIRECTION('',(-1.110223024625E-16,-1.,1.110223024625E-16));
#5052 = DEFINITIONAL_REPRESENTATION('',(#5053),#5057);
#5053 = LINE('',#5054,#5055);
#5054 = CARTESIAN_POINT('',(9.424777960769,0.));
#5055 = VECTOR('',#5056,1.);
#5056 = DIRECTION('',(-1.,-0.));
#5057 = ( GEOMETRIC_REPRESENTATION_CONTEXT(2) 
PARAMETRIC_REPRESENTATION_CONTEXT() REPRESENTATION_CONTEXT('2D SPACE',''
  ) );
#5058 = ORIENTED_EDGE('',*,*,#5008,.F.);
#5059 = ORIENTED_EDGE('',*,*,#4946,.T.);
#5060 = ADVANCED_FACE('',(#5061),#5047,.F.);
#5061 = FACE_BOUND('',#5062,.F.);
#5062 = EDGE_LOOP('',(#5063,#5086,#5117,#5118));
#5063 = ORIENTED_EDGE('',*,*,#5064,.T.);
#5064 = EDGE_CURVE('',#5009,#5065,#5067,.T.);
#5065 = VERTEX_POINT('',#5066);
#5066 = CARTESIAN_POINT('',(-0.4,0.25,0.));
#5067 = SEAM_CURVE('',#5068,(#5072,#5079),.PCURVE_S1.);
#5068 = LINE('',#5069,#5070);
#5069 = CARTESIAN_POINT('',(-0.4,0.25,-5.));
#5070 = VECTOR('',#5071,1.);
#5071 = DIRECTION('',(1.110223024625E-16,1.110223024625E-16,1.));
#5072 = PCURVE('',#5047,#5073);
#5073 = DEFINITIONAL_REPRESENTATION('',(#5074),#5078);
#5074 = LINE('',#5075,#5076);
#5075 = CARTESIAN_POINT('',(6.28318530718,0.));
#5076 = VECTOR('',#5077,1.);
#5077 = DIRECTION('',(0.,1.));
#5078 = ( GEOMETRIC_REPRESENTATION_CONTEXT(2) 
PARAMETRIC_REPRESENTATION_CONTEXT() REPRESENTATION_CONTEXT('2D SPACE',''
  ) );
#5079 = PCURVE('',#5047,#5080);
#5080 = DEFINITIONAL_REPRESENTATION('',(#5081),#5085);
#5081 = LINE('',#5082,#5083);
#5082 = CARTESIAN_POINT('',(0.,0.));
#5083 = VECTOR('',#5084,1.);
#5084 = DIRECTION('',(0.,1.));
#5085 = ( GEOMETRIC_REPRESENTATION_CONTEXT(2) 
PARAMETRIC_REPRESENTATION_CONTEXT() REPRESENTATION_CONTEXT('2D SPACE',''
  ) );
#5086 = ORIENTED_EDGE('',*,*,#5087,.F.);
#5087 = EDGE_CURVE('',#5065,#5065,#5088,.T.);
#5088 = SURFACE_CURVE('',#5089,(#5094,#5101),.PCURVE_S1.);
#5089 = CIRCLE('',#5090,0.15);
#5090 = AXIS2_PLACEMENT_3D('',#5091,#5092,#5093);
#5091 = CARTESIAN_POINT('',(-0.4,0.4,0.));
#5092 = DIRECTION('',(1.110223024625E-16,1.110223024625E-16,1.));
#5093 = DIRECTION('',(-1.110223024625E-16,-1.,1.110223024625E-16));
#5094 = PCURVE('',#5047,#5095);
#5095 = DEFINITIONAL_REPRESENTATION('',(#5096),#5100);
#5096 = LINE('',#5097,#5098);
#5097 = CARTESIAN_POINT('',(0.,5.));
#5098 = VECTOR('',#5099,1.);
#5099 = DIRECTION('',(1.,0.));
#5100 = ( GEOMETRIC_REPRESENTATION_CONTEXT(2) 
PARAMETRIC_REPRESENTATION_CONTEXT() REPRESENTATION_CONTEXT('2D SPACE',''
  ) );
#5101 = PCURVE('',#5102,#5107);
#5102 = PLANE('',#5103);
#5103 = AXIS2_PLACEMENT_3D('',#5104,#5105,#5106);
#5104 = CARTESIAN_POINT('',(-0.4,0.4,-2.285347588163E-33));
#5105 = DIRECTION('',(-1.110223024625E-16,1.232595164408E-32,-1.));
#5106 = DIRECTION('',(-1.,1.110223024625E-16,1.110223024625E-16));
#5107 = DEFINITIONAL_REPRESENTATION('',(#5108),#5116);
#5108 = ( BOUNDED_CURVE() B_SPLINE_CURVE(2,(#5109,#5110,#5111,#5112,
#5113,#5114,#5115),.UNSPECIFIED.,.T.,.F.) B_SPLINE_CURVE_WITH_KNOTS((1,2
    ,2,2,2,1),(-2.094395102393,0.,2.094395102393,4.188790204786,
6.28318530718,8.377580409573),.UNSPECIFIED.) CURVE() 
GEOMETRIC_REPRESENTATION_ITEM() RATIONAL_B_SPLINE_CURVE((1.,0.5,1.,0.5,
1.,0.5,1.)) REPRESENTATION_ITEM('') );
#5109 = CARTESIAN_POINT('',(1.232595164408E-32,-0.15));
#5110 = CARTESIAN_POINT('',(-0.259807621135,-0.15));
#5111 = CARTESIAN_POINT('',(-0.129903810568,7.5E-02));
#5112 = CARTESIAN_POINT('',(-3.673940397442E-17,0.3));
#5113 = CARTESIAN_POINT('',(0.129903810568,7.5E-02));
#5114 = CARTESIAN_POINT('',(0.259807621135,-0.15));
#5115 = CARTESIAN_POINT('',(1.232595164408E-32,-0.15));
#5116 = ( GEOMETRIC_REPRESENTATION_CONTEXT(2) 
PARAMETRIC_REPRESENTATION_CONTEXT() REPRESENTATION_CONTEXT('2D SPACE',''
  ) );
#5117 = ORIENTED_EDGE('',*,*,#5064,.F.);
#5118 = ORIENTED_EDGE('',*,*,#5032,.F.);
#5119 = ADVANCED_FACE('',(#5120,#5123),#4989,.T.);
#5120 = FACE_BOUND('',#5121,.T.);
#5121 = EDGE_LOOP('',(#5122));
#5122 = ORIENTED_EDGE('',*,*,#4974,.T.);
#5123 = FACE_BOUND('',#5124,.T.);
#5124 = EDGE_LOOP('',(#5125));
#5125 = ORIENTED_EDGE('',*,*,#5126,.F.);
#5126 = EDGE_CURVE('',#5127,#5127,#5129,.T.);
#5127 = VERTEX_POINT('',#5128);
#5128 = CARTESIAN_POINT('',(-0.4,-0.245,4.214856327685E-33));
#5129 = SURFACE_CURVE('',#5130,(#5135,#5146),.PCURVE_S1.);
#5130 = CIRCLE('',#5131,0.155);
#5131 = AXIS2_PLACEMENT_3D('',#5132,#5133,#5134);
#5132 = CARTESIAN_POINT('',(-0.4,-0.4,0.));
#5133 = DIRECTION('',(-1.110223024625E-16,1.232595164408E-32,-1.));
#5134 = DIRECTION('',(1.110223024625E-16,1.,0.));
#5135 = PCURVE('',#4989,#5136);
#5136 = DEFINITIONAL_REPRESENTATION('',(#5137),#5145);
#5137 = ( BOUNDED_CURVE() B_SPLINE_CURVE(2,(#5138,#5139,#5140,#5141,
#5142,#5143,#5144),.UNSPECIFIED.,.T.,.F.) B_SPLINE_CURVE_WITH_KNOTS((1,2
    ,2,2,2,1),(-2.094395102393,0.,2.094395102393,4.188790204786,
6.28318530718,8.377580409573),.UNSPECIFIED.) CURVE() 
GEOMETRIC_REPRESENTATION_ITEM() RATIONAL_B_SPLINE_CURVE((1.,0.5,1.,0.5,
1.,0.5,1.)) REPRESENTATION_ITEM('') );
#5138 = CARTESIAN_POINT('',(0.,0.155));
#5139 = CARTESIAN_POINT('',(0.268467875173,0.155));
#5140 = CARTESIAN_POINT('',(0.134233937587,-7.75E-02));
#5141 = CARTESIAN_POINT('',(3.796405077357E-17,-0.31));
#5142 = CARTESIAN_POINT('',(-0.134233937587,-7.75E-02));
#5143 = CARTESIAN_POINT('',(-0.268467875173,0.155));
#5144 = CARTESIAN_POINT('',(0.,0.155));
#5145 = ( GEOMETRIC_REPRESENTATION_CONTEXT(2) 
PARAMETRIC_REPRESENTATION_CONTEXT() REPRESENTATION_CONTEXT('2D SPACE',''
  ) );
#5146 = PCURVE('',#5147,#5152);
#5147 = CYLINDRICAL_SURFACE('',#5148,0.155);
#5148 = AXIS2_PLACEMENT_3D('',#5149,#5150,#5151);
#5149 = CARTESIAN_POINT('',(-0.4,-0.4,0.));
#5150 = DIRECTION('',(-1.110223024625E-16,1.232595164408E-32,-1.));
#5151 = DIRECTION('',(1.110223024625E-16,1.,0.));
#5152 = DEFINITIONAL_REPRESENTATION('',(#5153),#5157);
#5153 = LINE('',#5154,#5155);
#5154 = CARTESIAN_POINT('',(0.,0.));
#5155 = VECTOR('',#5156,1.);
#5156 = DIRECTION('',(1.,0.));
#5157 = ( GEOMETRIC_REPRESENTATION_CONTEXT(2) 
PARAMETRIC_REPRESENTATION_CONTEXT() REPRESENTATION_CONTEXT('2D SPACE',''
  ) );
#5158 = ADVANCED_FACE('',(#5159),#5147,.T.);
#5159 = FACE_BOUND('',#5160,.T.);
#5160 = EDGE_LOOP('',(#5161,#5184,#5185,#5186));
#5161 = ORIENTED_EDGE('',*,*,#5162,.F.);
#5162 = EDGE_CURVE('',#5127,#5163,#5165,.T.);
#5163 = VERTEX_POINT('',#5164);
#5164 = CARTESIAN_POINT('',(-0.4,-0.245,-5.));
#5165 = SEAM_CURVE('',#5166,(#5170,#5177),.PCURVE_S1.);
#5166 = LINE('',#5167,#5168);
#5167 = CARTESIAN_POINT('',(-0.4,-0.245,4.214856327685E-33));
#5168 = VECTOR('',#5169,1.);
#5169 = DIRECTION('',(-1.110223024625E-16,1.232595164408E-32,-1.));
#5170 = PCURVE('',#5147,#5171);
#5171 = DEFINITIONAL_REPRESENTATION('',(#5172),#5176);
#5172 = LINE('',#5173,#5174);
#5173 = CARTESIAN_POINT('',(0.,0.));
#5174 = VECTOR('',#5175,1.);
#5175 = DIRECTION('',(0.,1.));
#5176 = ( GEOMETRIC_REPRESENTATION_CONTEXT(2) 
PARAMETRIC_REPRESENTATION_CONTEXT() REPRESENTATION_CONTEXT('2D SPACE',''
  ) );
#5177 = PCURVE('',#5147,#5178);
#5178 = DEFINITIONAL_REPRESENTATION('',(#5179),#5183);
#5179 = LINE('',#5180,#5181);
#5180 = CARTESIAN_POINT('',(6.28318530718,0.));
#5181 = VECTOR('',#5182,1.);
#5182 = DIRECTION('',(0.,1.));
#5183 = ( GEOMETRIC_REPRESENTATION_CONTEXT(2) 
PARAMETRIC_REPRESENTATION_CONTEXT() REPRESENTATION_CONTEXT('2D SPACE',''
  ) );
#5184 = ORIENTED_EDGE('',*,*,#5126,.T.);
#5185 = ORIENTED_EDGE('',*,*,#5162,.T.);
#5186 = ORIENTED_EDGE('',*,*,#5187,.F.);
#5187 = EDGE_CURVE('',#5163,#5163,#5188,.T.);
#5188 = SURFACE_CURVE('',#5189,(#5194,#5201),.PCURVE_S1.);
#5189 = CIRCLE('',#5190,0.155);
#5190 = AXIS2_PLACEMENT_3D('',#5191,#5192,#5193);
#5191 = CARTESIAN_POINT('',(-0.4,-0.4,-5.));
#5192 = DIRECTION('',(-1.110223024625E-16,1.232595164408E-32,-1.));
#5193 = DIRECTION('',(4.784163422067E-16,1.,-4.078893220341E-32));
#5194 = PCURVE('',#5147,#5195);
#5195 = DEFINITIONAL_REPRESENTATION('',(#5196),#5200);
#5196 = LINE('',#5197,#5198);
#5197 = CARTESIAN_POINT('',(0.,5.));
#5198 = VECTOR('',#5199,1.);
#5199 = DIRECTION('',(1.,0.));
#5200 = ( GEOMETRIC_REPRESENTATION_CONTEXT(2) 
PARAMETRIC_REPRESENTATION_CONTEXT() REPRESENTATION_CONTEXT('2D SPACE',''
  ) );
#5201 = PCURVE('',#5202,#5207);
#5202 = TOROIDAL_SURFACE('',#5203,0.4,0.155);
#5203 = AXIS2_PLACEMENT_3D('',#5204,#5205,#5206);
#5204 = CARTESIAN_POINT('',(-0.4,5.551115123126E-17,-5.));
#5205 = DIRECTION('',(1.,-1.110223024625E-16,-1.110223024625E-16));
#5206 = DIRECTION('',(-1.110223024625E-16,-1.,0.));
#5207 = DEFINITIONAL_REPRESENTATION('',(#5208),#5212);
#5208 = LINE('',#5209,#5210);
#5209 = CARTESIAN_POINT('',(0.,9.424777960769));
#5210 = VECTOR('',#5211,1.);
#5211 = DIRECTION('',(-0.,-1.));
#5212 = ( GEOMETRIC_REPRESENTATION_CONTEXT(2) 
PARAMETRIC_REPRESENTATION_CONTEXT() REPRESENTATION_CONTEXT('2D SPACE',''
  ) );
#5213 = ADVANCED_FACE('',(#5214),#5202,.T.);
#5214 = FACE_BOUND('',#5215,.T.);
#5215 = EDGE_LOOP('',(#5216,#5240,#5267,#5268));
#5216 = ORIENTED_EDGE('',*,*,#5217,.T.);
#5217 = EDGE_CURVE('',#5163,#5218,#5220,.T.);
#5218 = VERTEX_POINT('',#5219);
#5219 = CARTESIAN_POINT('',(-0.4,0.245,-5.));
#5220 = SEAM_CURVE('',#5221,(#5226,#5233),.PCURVE_S1.);
#5221 = CIRCLE('',#5222,0.245);
#5222 = AXIS2_PLACEMENT_3D('',#5223,#5224,#5225);
#5223 = CARTESIAN_POINT('',(-0.4,5.551115123126E-17,-5.));
#5224 = DIRECTION('',(1.,-1.110223024625E-16,-1.110223024625E-16));
#5225 = DIRECTION('',(-1.110223024625E-16,-1.,0.));
#5226 = PCURVE('',#5202,#5227);
#5227 = DEFINITIONAL_REPRESENTATION('',(#5228),#5232);
#5228 = LINE('',#5229,#5230);
#5229 = CARTESIAN_POINT('',(0.,3.14159265359));
#5230 = VECTOR('',#5231,1.);
#5231 = DIRECTION('',(1.,0.));
#5232 = ( GEOMETRIC_REPRESENTATION_CONTEXT(2) 
PARAMETRIC_REPRESENTATION_CONTEXT() REPRESENTATION_CONTEXT('2D SPACE',''
  ) );
#5233 = PCURVE('',#5202,#5234);
#5234 = DEFINITIONAL_REPRESENTATION('',(#5235),#5239);
#5235 = LINE('',#5236,#5237);
#5236 = CARTESIAN_POINT('',(0.,9.424777960769));
#5237 = VECTOR('',#5238,1.);
#5238 = DIRECTION('',(1.,0.));
#5239 = ( GEOMETRIC_REPRESENTATION_CONTEXT(2) 
PARAMETRIC_REPRESENTATION_CONTEXT() REPRESENTATION_CONTEXT('2D SPACE',''
  ) );
#5240 = ORIENTED_EDGE('',*,*,#5241,.T.);
#5241 = EDGE_CURVE('',#5218,#5218,#5242,.T.);
#5242 = SURFACE_CURVE('',#5243,(#5248,#5255),.PCURVE_S1.);
#5243 = CIRCLE('',#5244,0.155);
#5244 = AXIS2_PLACEMENT_3D('',#5245,#5246,#5247);
#5245 = CARTESIAN_POINT('',(-0.4,0.4,-5.));
#5246 = DIRECTION('',(-1.110223024625E-16,-1.224646799147E-16,-1.));
#5247 = DIRECTION('',(1.110223024625E-16,1.,-1.224646799147E-16));
#5248 = PCURVE('',#5202,#5249);
#5249 = DEFINITIONAL_REPRESENTATION('',(#5250),#5254);
#5250 = LINE('',#5251,#5252);
#5251 = CARTESIAN_POINT('',(3.14159265359,0.));
#5252 = VECTOR('',#5253,1.);
#5253 = DIRECTION('',(0.,1.));
#5254 = ( GEOMETRIC_REPRESENTATION_CONTEXT(2) 
PARAMETRIC_REPRESENTATION_CONTEXT() REPRESENTATION_CONTEXT('2D SPACE',''
  ) );
#5255 = PCURVE('',#5256,#5261);
#5256 = CYLINDRICAL_SURFACE('',#5257,0.155);
#5257 = AXIS2_PLACEMENT_3D('',#5258,#5259,#5260);
#5258 = CARTESIAN_POINT('',(-0.4,0.4,-5.));
#5259 = DIRECTION('',(1.110223024625E-16,1.110223024625E-16,1.));
#5260 = DIRECTION('',(-1.110223024625E-16,-1.,1.110223024625E-16));
#5261 = DEFINITIONAL_REPRESENTATION('',(#5262),#5266);
#5262 = LINE('',#5263,#5264);
#5263 = CARTESIAN_POINT('',(9.424777960769,0.));
#5264 = VECTOR('',#5265,1.);
#5265 = DIRECTION('',(-1.,-0.));
#5266 = ( GEOMETRIC_REPRESENTATION_CONTEXT(2) 
PARAMETRIC_REPRESENTATION_CONTEXT() REPRESENTATION_CONTEXT('2D SPACE',''
  ) );
#5267 = ORIENTED_EDGE('',*,*,#5217,.F.);
#5268 = ORIENTED_EDGE('',*,*,#5187,.T.);
#5269 = ADVANCED_FACE('',(#5270,#5273),#5102,.F.);
#5270 = FACE_BOUND('',#5271,.F.);
#5271 = EDGE_LOOP('',(#5272));
#5272 = ORIENTED_EDGE('',*,*,#5087,.T.);
#5273 = FACE_BOUND('',#5274,.F.);
#5274 = EDGE_LOOP('',(#5275));
#5275 = ORIENTED_EDGE('',*,*,#5276,.F.);
#5276 = EDGE_CURVE('',#5277,#5277,#5279,.T.);
#5277 = VERTEX_POINT('',#5278);
#5278 = CARTESIAN_POINT('',(-0.4,0.245,0.));
#5279 = SURFACE_CURVE('',#5280,(#5285,#5296),.PCURVE_S1.);
#5280 = CIRCLE('',#5281,0.155);
#5281 = AXIS2_PLACEMENT_3D('',#5282,#5283,#5284);
#5282 = CARTESIAN_POINT('',(-0.4,0.4,0.));
#5283 = DIRECTION('',(1.110223024625E-16,1.110223024625E-16,1.));
#5284 = DIRECTION('',(-1.110223024625E-16,-1.,1.110223024625E-16));
#5285 = PCURVE('',#5102,#5286);
#5286 = DEFINITIONAL_REPRESENTATION('',(#5287),#5295);
#5287 = ( BOUNDED_CURVE() B_SPLINE_CURVE(2,(#5288,#5289,#5290,#5291,
#5292,#5293,#5294),.UNSPECIFIED.,.T.,.F.) B_SPLINE_CURVE_WITH_KNOTS((1,2
    ,2,2,2,1),(-2.094395102393,0.,2.094395102393,4.188790204786,
6.28318530718,8.377580409573),.UNSPECIFIED.) CURVE() 
GEOMETRIC_REPRESENTATION_ITEM() RATIONAL_B_SPLINE_CURVE((1.,0.5,1.,0.5,
1.,0.5,1.)) REPRESENTATION_ITEM('') );
#5288 = CARTESIAN_POINT('',(1.232595164408E-32,-0.155));
#5289 = CARTESIAN_POINT('',(-0.268467875173,-0.155));
#5290 = CARTESIAN_POINT('',(-0.134233937587,7.75E-02));
#5291 = CARTESIAN_POINT('',(-3.796405077357E-17,0.31));
#5292 = CARTESIAN_POINT('',(0.134233937587,7.75E-02));
#5293 = CARTESIAN_POINT('',(0.268467875173,-0.155));
#5294 = CARTESIAN_POINT('',(1.232595164408E-32,-0.155));
#5295 = ( GEOMETRIC_REPRESENTATION_CONTEXT(2) 
PARAMETRIC_REPRESENTATION_CONTEXT() REPRESENTATION_CONTEXT('2D SPACE',''
  ) );
#5296 = PCURVE('',#5256,#5297);
#5297 = DEFINITIONAL_REPRESENTATION('',(#5298),#5302);
#5298 = LINE('',#5299,#5300);
#5299 = CARTESIAN_POINT('',(0.,5.));
#5300 = VECTOR('',#5301,1.);
#5301 = DIRECTION('',(1.,0.));
#5302 = ( GEOMETRIC_REPRESENTATION_CONTEXT(2) 
PARAMETRIC_REPRESENTATION_CONTEXT() REPRESENTATION_CONTEXT('2D SPACE',''
  ) );
#5303 = ADVANCED_FACE('',(#5304),#5256,.T.);
#5304 = FACE_BOUND('',#5305,.T.);
#5305 = EDGE_LOOP('',(#5306,#5327,#5328,#5329));
#5306 = ORIENTED_EDGE('',*,*,#5307,.F.);
#5307 = EDGE_CURVE('',#5218,#5277,#5308,.T.);
#5308 = SEAM_CURVE('',#5309,(#5313,#5320),.PCURVE_S1.);
#5309 = LINE('',#5310,#5311);
#5310 = CARTESIAN_POINT('',(-0.4,0.245,-5.));
#5311 = VECTOR('',#5312,1.);
#5312 = DIRECTION('',(1.110223024625E-16,1.110223024625E-16,1.));
#5313 = PCURVE('',#5256,#5314);
#5314 = DEFINITIONAL_REPRESENTATION('',(#5315),#5319);
#5315 = LINE('',#5316,#5317);
#5316 = CARTESIAN_POINT('',(0.,0.));
#5317 = VECTOR('',#5318,1.);
#5318 = DIRECTION('',(0.,1.));
#5319 = ( GEOMETRIC_REPRESENTATION_CONTEXT(2) 
PARAMETRIC_REPRESENTATION_CONTEXT() REPRESENTATION_CONTEXT('2D SPACE',''
  ) );
#5320 = PCURVE('',#5256,#5321);
#5321 = DEFINITIONAL_REPRESENTATION('',(#5322),#5326);
#5322 = LINE('',#5323,#5324);
#5323 = CARTESIAN_POINT('',(6.28318530718,0.));
#5324 = VECTOR('',#5325,1.);
#5325 = DIRECTION('',(0.,1.));
#5326 = ( GEOMETRIC_REPRESENTATION_CONTEXT(2) 
PARAMETRIC_REPRESENTATION_CONTEXT() REPRESENTATION_CONTEXT('2D SPACE',''
  ) );
#5327 = ORIENTED_EDGE('',*,*,#5241,.F.);
#5328 = ORIENTED_EDGE('',*,*,#5307,.T.);
#5329 = ORIENTED_EDGE('',*,*,#5276,.F.);
#5330 = MANIFOLD_SOLID_BREP('',#5331);
#5331 = CLOSED_SHELL('',(#5332,#5424,#5480,#5539,#5578,#5633,#5689,#5723
    ));
#5332 = ADVANCED_FACE('',(#5333),#5347,.F.);
#5333 = FACE_BOUND('',#5334,.F.);
#5334 = EDGE_LOOP('',(#5335,#5365,#5392,#5393));
#5335 = ORIENTED_EDGE('',*,*,#5336,.T.);
#5336 = EDGE_CURVE('',#5337,#5339,#5341,.T.);
#5337 = VERTEX_POINT('',#5338);
#5338 = CARTESIAN_POINT('',(0.4,-0.65,0.));
#5339 = VERTEX_POINT('',#5340);
#5340 = CARTESIAN_POINT('',(0.4,-0.65,-5.833333333333));
#5341 = SEAM_CURVE('',#5342,(#5346,#5358),.PCURVE_S1.);
#5342 = LINE('',#5343,#5344);
#5343 = CARTESIAN_POINT('',(0.4,-0.65,4.078893220341E-33));
#5344 = VECTOR('',#5345,1.);
#5345 = DIRECTION('',(-1.110223024625E-16,1.232595164408E-32,-1.));
#5346 = PCURVE('',#5347,#5352);
#5347 = CYLINDRICAL_SURFACE('',#5348,0.15);
#5348 = AXIS2_PLACEMENT_3D('',#5349,#5350,#5351);
#5349 = CARTESIAN_POINT('',(0.4,-0.8,0.));
#5350 = DIRECTION('',(-1.110223024625E-16,1.232595164408E-32,-1.));
#5351 = DIRECTION('',(1.110223024625E-16,1.,0.));
#5352 = DEFINITIONAL_REPRESENTATION('',(#5353),#5357);
#5353 = LINE('',#5354,#5355);
#5354 = CARTESIAN_POINT('',(6.28318530718,0.));
#5355 = VECTOR('',#5356,1.);
#5356 = DIRECTION('',(0.,1.));
#5357 = ( GEOMETRIC_REPRESENTATION_CONTEXT(2) 
PARAMETRIC_REPRESENTATION_CONTEXT() REPRESENTATION_CONTEXT('2D SPACE',''
  ) );
#5358 = PCURVE('',#5347,#5359);
#5359 = DEFINITIONAL_REPRESENTATION('',(#5360),#5364);
#5360 = LINE('',#5361,#5362);
#5361 = CARTESIAN_POINT('',(0.,0.));
#5362 = VECTOR('',#5363,1.);
#5363 = DIRECTION('',(0.,1.));
#5364 = ( GEOMETRIC_REPRESENTATION_CONTEXT(2) 
PARAMETRIC_REPRESENTATION_CONTEXT() REPRESENTATION_CONTEXT('2D SPACE',''
  ) );
#5365 = ORIENTED_EDGE('',*,*,#5366,.F.);
#5366 = EDGE_CURVE('',#5339,#5339,#5367,.T.);
#5367 = SURFACE_CURVE('',#5368,(#5373,#5380),.PCURVE_S1.);
#5368 = CIRCLE('',#5369,0.15);
#5369 = AXIS2_PLACEMENT_3D('',#5370,#5371,#5372);
#5370 = CARTESIAN_POINT('',(0.4,-0.8,-5.833333333333));
#5371 = DIRECTION('',(-1.110223024625E-16,1.232595164408E-32,-1.));
#5372 = DIRECTION('',(1.110223024625E-16,1.,0.));
#5373 = PCURVE('',#5347,#5374);
#5374 = DEFINITIONAL_REPRESENTATION('',(#5375),#5379);
#5375 = LINE('',#5376,#5377);
#5376 = CARTESIAN_POINT('',(0.,5.833333333333));
#5377 = VECTOR('',#5378,1.);
#5378 = DIRECTION('',(1.,0.));
#5379 = ( GEOMETRIC_REPRESENTATION_CONTEXT(2) 
PARAMETRIC_REPRESENTATION_CONTEXT() REPRESENTATION_CONTEXT('2D SPACE',''
  ) );
#5380 = PCURVE('',#5381,#5386);
#5381 = TOROIDAL_SURFACE('',#5382,0.8,0.15);
#5382 = AXIS2_PLACEMENT_3D('',#5383,#5384,#5385);
#5383 = CARTESIAN_POINT('',(0.4,1.110223024625E-16,-5.833333333333));
#5384 = DIRECTION('',(1.,-1.110223024625E-16,-1.110223024625E-16));
#5385 = DIRECTION('',(-1.110223024625E-16,-1.,-1.110223024625E-15));
#5386 = DEFINITIONAL_REPRESENTATION('',(#5387),#5391);
#5387 = LINE('',#5388,#5389);
#5388 = CARTESIAN_POINT('',(0.,9.424777960769));
#5389 = VECTOR('',#5390,1.);
#5390 = DIRECTION('',(-0.,-1.));
#5391 = ( GEOMETRIC_REPRESENTATION_CONTEXT(2) 
PARAMETRIC_REPRESENTATION_CONTEXT() REPRESENTATION_CONTEXT('2D SPACE',''
  ) );
#5392 = ORIENTED_EDGE('',*,*,#5336,.F.);
#5393 = ORIENTED_EDGE('',*,*,#5394,.T.);
#5394 = EDGE_CURVE('',#5337,#5337,#5395,.T.);
#5395 = SURFACE_CURVE('',#5396,(#5401,#5408),.PCURVE_S1.);
#5396 = CIRCLE('',#5397,0.15);
#5397 = AXIS2_PLACEMENT_3D('',#5398,#5399,#5400);
#5398 = CARTESIAN_POINT('',(0.4,-0.8,0.));
#5399 = DIRECTION('',(-1.110223024625E-16,1.232595164408E-32,-1.));
#5400 = DIRECTION('',(1.110223024625E-16,1.,0.));
#5401 = PCURVE('',#5347,#5402);
#5402 = DEFINITIONAL_REPRESENTATION('',(#5403),#5407);
#5403 = LINE('',#5404,#5405);
#5404 = CARTESIAN_POINT('',(0.,0.));
#5405 = VECTOR('',#5406,1.);
#5406 = DIRECTION('',(1.,0.));
#5407 = ( GEOMETRIC_REPRESENTATION_CONTEXT(2) 
PARAMETRIC_REPRESENTATION_CONTEXT() REPRESENTATION_CONTEXT('2D SPACE',''
  ) );
#5408 = PCURVE('',#5409,#5414);
#5409 = PLANE('',#5410);
#5410 = AXIS2_PLACEMENT_3D('',#5411,#5412,#5413);
#5411 = CARTESIAN_POINT('',(0.4,-0.8,-3.08572171572E-34));
#5412 = DIRECTION('',(1.110223024625E-16,-1.232595164408E-32,1.));
#5413 = DIRECTION('',(1.,-1.110223024625E-16,-1.110223024625E-16));
#5414 = DEFINITIONAL_REPRESENTATION('',(#5415),#5423);
#5415 = ( BOUNDED_CURVE() B_SPLINE_CURVE(2,(#5416,#5417,#5418,#5419,
#5420,#5421,#5422),.UNSPECIFIED.,.T.,.F.) B_SPLINE_CURVE_WITH_KNOTS((1,2
    ,2,2,2,1),(-2.094395102393,0.,2.094395102393,4.188790204786,
6.28318530718,8.377580409573),.UNSPECIFIED.) CURVE() 
GEOMETRIC_REPRESENTATION_ITEM() RATIONAL_B_SPLINE_CURVE((1.,0.5,1.,0.5,
1.,0.5,1.)) REPRESENTATION_ITEM('') );
#5416 = CARTESIAN_POINT('',(0.,0.15));
#5417 = CARTESIAN_POINT('',(0.259807621135,0.15));
#5418 = CARTESIAN_POINT('',(0.129903810568,-7.5E-02));
#5419 = CARTESIAN_POINT('',(3.673940397442E-17,-0.3));
#5420 = CARTESIAN_POINT('',(-0.129903810568,-7.5E-02));
#5421 = CARTESIAN_POINT('',(-0.259807621135,0.15));
#5422 = CARTESIAN_POINT('',(0.,0.15));
#5423 = ( GEOMETRIC_REPRESENTATION_CONTEXT(2) 
PARAMETRIC_REPRESENTATION_CONTEXT() REPRESENTATION_CONTEXT('2D SPACE',''
  ) );
#5424 = ADVANCED_FACE('',(#5425),#5381,.F.);
#5425 = FACE_BOUND('',#5426,.F.);
#5426 = EDGE_LOOP('',(#5427,#5451,#5478,#5479));
#5427 = ORIENTED_EDGE('',*,*,#5428,.T.);
#5428 = EDGE_CURVE('',#5339,#5429,#5431,.T.);
#5429 = VERTEX_POINT('',#5430);
#5430 = CARTESIAN_POINT('',(0.4,0.65,-5.833333333333));
#5431 = SEAM_CURVE('',#5432,(#5437,#5444),.PCURVE_S1.);
#5432 = CIRCLE('',#5433,0.65);
#5433 = AXIS2_PLACEMENT_3D('',#5434,#5435,#5436);
#5434 = CARTESIAN_POINT('',(0.4,1.110223024625E-16,-5.833333333333));
#5435 = DIRECTION('',(1.,-1.110223024625E-16,-1.110223024625E-16));
#5436 = DIRECTION('',(-1.110223024625E-16,-1.,-1.110223024625E-15));
#5437 = PCURVE('',#5381,#5438);
#5438 = DEFINITIONAL_REPRESENTATION('',(#5439),#5443);
#5439 = LINE('',#5440,#5441);
#5440 = CARTESIAN_POINT('',(0.,3.14159265359));
#5441 = VECTOR('',#5442,1.);
#5442 = DIRECTION('',(1.,0.));
#5443 = ( GEOMETRIC_REPRESENTATION_CONTEXT(2) 
PARAMETRIC_REPRESENTATION_CONTEXT() REPRESENTATION_CONTEXT('2D SPACE',''
  ) );
#5444 = PCURVE('',#5381,#5445);
#5445 = DEFINITIONAL_REPRESENTATION('',(#5446),#5450);
#5446 = LINE('',#5447,#5448);
#5447 = CARTESIAN_POINT('',(0.,9.424777960769));
#5448 = VECTOR('',#5449,1.);
#5449 = DIRECTION('',(1.,0.));
#5450 = ( GEOMETRIC_REPRESENTATION_CONTEXT(2) 
PARAMETRIC_REPRESENTATION_CONTEXT() REPRESENTATION_CONTEXT('2D SPACE',''
  ) );
#5451 = ORIENTED_EDGE('',*,*,#5452,.T.);
#5452 = EDGE_CURVE('',#5429,#5429,#5453,.T.);
#5453 = SURFACE_CURVE('',#5454,(#5459,#5466),.PCURVE_S1.);
#5454 = CIRCLE('',#5455,0.15);
#5455 = AXIS2_PLACEMENT_3D('',#5456,#5457,#5458);
#5456 = CARTESIAN_POINT('',(0.4,0.8,-5.833333333333));
#5457 = DIRECTION('',(-1.110223024625E-16,-1.23268770454E-15,-1.));
#5458 = DIRECTION('',(1.110223024625E-16,1.,-1.23268770454E-15));
#5459 = PCURVE('',#5381,#5460);
#5460 = DEFINITIONAL_REPRESENTATION('',(#5461),#5465);
#5461 = LINE('',#5462,#5463);
#5462 = CARTESIAN_POINT('',(3.14159265359,0.));
#5463 = VECTOR('',#5464,1.);
#5464 = DIRECTION('',(0.,1.));
#5465 = ( GEOMETRIC_REPRESENTATION_CONTEXT(2) 
PARAMETRIC_REPRESENTATION_CONTEXT() REPRESENTATION_CONTEXT('2D SPACE',''
  ) );
#5466 = PCURVE('',#5467,#5472);
#5467 = CYLINDRICAL_SURFACE('',#5468,0.15);
#5468 = AXIS2_PLACEMENT_3D('',#5469,#5470,#5471);
#5469 = CARTESIAN_POINT('',(0.4,0.8,-5.833333333333));
#5470 = DIRECTION('',(1.110223024625E-16,-1.232595164408E-32,1.));
#5471 = DIRECTION('',(-1.110223024625E-16,-1.,0.));
#5472 = DEFINITIONAL_REPRESENTATION('',(#5473),#5477);
#5473 = LINE('',#5474,#5475);
#5474 = CARTESIAN_POINT('',(9.424777960769,0.));
#5475 = VECTOR('',#5476,1.);
#5476 = DIRECTION('',(-1.,-0.));
#5477 = ( GEOMETRIC_REPRESENTATION_CONTEXT(2) 
PARAMETRIC_REPRESENTATION_CONTEXT() REPRESENTATION_CONTEXT('2D SPACE',''
  ) );
#5478 = ORIENTED_EDGE('',*,*,#5428,.F.);
#5479 = ORIENTED_EDGE('',*,*,#5366,.T.);
#5480 = ADVANCED_FACE('',(#5481),#5467,.F.);
#5481 = FACE_BOUND('',#5482,.F.);
#5482 = EDGE_LOOP('',(#5483,#5506,#5537,#5538));
#5483 = ORIENTED_EDGE('',*,*,#5484,.T.);
#5484 = EDGE_CURVE('',#5429,#5485,#5487,.T.);
#5485 = VERTEX_POINT('',#5486);
#5486 = CARTESIAN_POINT('',(0.4,0.65,0.));
#5487 = SEAM_CURVE('',#5488,(#5492,#5499),.PCURVE_S1.);
#5488 = LINE('',#5489,#5490);
#5489 = CARTESIAN_POINT('',(0.4,0.65,-5.833333333333));
#5490 = VECTOR('',#5491,1.);
#5491 = DIRECTION('',(1.110223024625E-16,-1.232595164408E-32,1.));
#5492 = PCURVE('',#5467,#5493);
#5493 = DEFINITIONAL_REPRESENTATION('',(#5494),#5498);
#5494 = LINE('',#5495,#5496);
#5495 = CARTESIAN_POINT('',(6.28318530718,0.));
#5496 = VECTOR('',#5497,1.);
#5497 = DIRECTION('',(0.,1.));
#5498 = ( GEOMETRIC_REPRESENTATION_CONTEXT(2) 
PARAMETRIC_REPRESENTATION_CONTEXT() REPRESENTATION_CONTEXT('2D SPACE',''
  ) );
#5499 = PCURVE('',#5467,#5500);
#5500 = DEFINITIONAL_REPRESENTATION('',(#5501),#5505);
#5501 = LINE('',#5502,#5503);
#5502 = CARTESIAN_POINT('',(0.,0.));
#5503 = VECTOR('',#5504,1.);
#5504 = DIRECTION('',(0.,1.));
#5505 = ( GEOMETRIC_REPRESENTATION_CONTEXT(2) 
PARAMETRIC_REPRESENTATION_CONTEXT() REPRESENTATION_CONTEXT('2D SPACE',''
  ) );
#5506 = ORIENTED_EDGE('',*,*,#5507,.F.);
#5507 = EDGE_CURVE('',#5485,#5485,#5508,.T.);
#5508 = SURFACE_CURVE('',#5509,(#5514,#5521),.PCURVE_S1.);
#5509 = CIRCLE('',#5510,0.15);
#5510 = AXIS2_PLACEMENT_3D('',#5511,#5512,#5513);
#5511 = CARTESIAN_POINT('',(0.4,0.8,0.));
#5512 = DIRECTION('',(1.110223024625E-16,-1.232595164408E-32,1.));
#5513 = DIRECTION('',(-1.110223024625E-16,-1.,0.));
#5514 = PCURVE('',#5467,#5515);
#5515 = DEFINITIONAL_REPRESENTATION('',(#5516),#5520);
#5516 = LINE('',#5517,#5518);
#5517 = CARTESIAN_POINT('',(0.,5.833333333333));
#5518 = VECTOR('',#5519,1.);
#5519 = DIRECTION('',(1.,0.));
#5520 = ( GEOMETRIC_REPRESENTATION_CONTEXT(2) 
PARAMETRIC_REPRESENTATION_CONTEXT() REPRESENTATION_CONTEXT('2D SPACE',''
  ) );
#5521 = PCURVE('',#5522,#5527);
#5522 = PLANE('',#5523);
#5523 = AXIS2_PLACEMENT_3D('',#5524,#5525,#5526);
#5524 = CARTESIAN_POINT('',(0.4,0.8,6.798155367234E-34));
#5525 = DIRECTION('',(-1.110223024625E-16,1.232595164408E-32,-1.));
#5526 = DIRECTION('',(-1.,1.110223024625E-16,1.110223024625E-16));
#5527 = DEFINITIONAL_REPRESENTATION('',(#5528),#5536);
#5528 = ( BOUNDED_CURVE() B_SPLINE_CURVE(2,(#5529,#5530,#5531,#5532,
#5533,#5534,#5535),.UNSPECIFIED.,.T.,.F.) B_SPLINE_CURVE_WITH_KNOTS((1,2
    ,2,2,2,1),(-2.094395102393,0.,2.094395102393,4.188790204786,
6.28318530718,8.377580409573),.UNSPECIFIED.) CURVE() 
GEOMETRIC_REPRESENTATION_ITEM() RATIONAL_B_SPLINE_CURVE((1.,0.5,1.,0.5,
1.,0.5,1.)) REPRESENTATION_ITEM('') );
#5529 = CARTESIAN_POINT('',(2.465190328816E-32,-0.15));
#5530 = CARTESIAN_POINT('',(-0.259807621135,-0.15));
#5531 = CARTESIAN_POINT('',(-0.129903810568,7.5E-02));
#5532 = CARTESIAN_POINT('',(-3.673940397442E-17,0.3));
#5533 = CARTESIAN_POINT('',(0.129903810568,7.5E-02));
#5534 = CARTESIAN_POINT('',(0.259807621135,-0.15));
#5535 = CARTESIAN_POINT('',(2.465190328816E-32,-0.15));
#5536 = ( GEOMETRIC_REPRESENTATION_CONTEXT(2) 
PARAMETRIC_REPRESENTATION_CONTEXT() REPRESENTATION_CONTEXT('2D SPACE',''
  ) );
#5537 = ORIENTED_EDGE('',*,*,#5484,.F.);
#5538 = ORIENTED_EDGE('',*,*,#5452,.F.);
#5539 = ADVANCED_FACE('',(#5540,#5543),#5409,.T.);
#5540 = FACE_BOUND('',#5541,.T.);
#5541 = EDGE_LOOP('',(#5542));
#5542 = ORIENTED_EDGE('',*,*,#5394,.T.);
#5543 = FACE_BOUND('',#5544,.T.);
#5544 = EDGE_LOOP('',(#5545));
#5545 = ORIENTED_EDGE('',*,*,#5546,.F.);
#5546 = EDGE_CURVE('',#5547,#5547,#5549,.T.);
#5547 = VERTEX_POINT('',#5548);
#5548 = CARTESIAN_POINT('',(0.4,-0.645,4.214856327685E-33));
#5549 = SURFACE_CURVE('',#5550,(#5555,#5566),.PCURVE_S1.);
#5550 = CIRCLE('',#5551,0.155);
#5551 = AXIS2_PLACEMENT_3D('',#5552,#5553,#5554);
#5552 = CARTESIAN_POINT('',(0.4,-0.8,0.));
#5553 = DIRECTION('',(-1.110223024625E-16,1.232595164408E-32,-1.));
#5554 = DIRECTION('',(1.110223024625E-16,1.,0.));
#5555 = PCURVE('',#5409,#5556);
#5556 = DEFINITIONAL_REPRESENTATION('',(#5557),#5565);
#5557 = ( BOUNDED_CURVE() B_SPLINE_CURVE(2,(#5558,#5559,#5560,#5561,
#5562,#5563,#5564),.UNSPECIFIED.,.T.,.F.) B_SPLINE_CURVE_WITH_KNOTS((1,2
    ,2,2,2,1),(-2.094395102393,0.,2.094395102393,4.188790204786,
6.28318530718,8.377580409573),.UNSPECIFIED.) CURVE() 
GEOMETRIC_REPRESENTATION_ITEM() RATIONAL_B_SPLINE_CURVE((1.,0.5,1.,0.5,
1.,0.5,1.)) REPRESENTATION_ITEM('') );
#5558 = CARTESIAN_POINT('',(0.,0.155));
#5559 = CARTESIAN_POINT('',(0.268467875173,0.155));
#5560 = CARTESIAN_POINT('',(0.134233937587,-7.75E-02));
#5561 = CARTESIAN_POINT('',(3.796405077357E-17,-0.31));
#5562 = CARTESIAN_POINT('',(-0.134233937587,-7.75E-02));
#5563 = CARTESIAN_POINT('',(-0.268467875173,0.155));
#5564 = CARTESIAN_POINT('',(0.,0.155));
#5565 = ( GEOMETRIC_REPRESENTATION_CONTEXT(2) 
PARAMETRIC_REPRESENTATION_CONTEXT() REPRESENTATION_CONTEXT('2D SPACE',''
  ) );
#5566 = PCURVE('',#5567,#5572);
#5567 = CYLINDRICAL_SURFACE('',#5568,0.155);
#5568 = AXIS2_PLACEMENT_3D('',#5569,#5570,#5571);
#5569 = CARTESIAN_POINT('',(0.4,-0.8,0.));
#5570 = DIRECTION('',(-1.110223024625E-16,1.232595164408E-32,-1.));
#5571 = DIRECTION('',(1.110223024625E-16,1.,0.));
#5572 = DEFINITIONAL_REPRESENTATION('',(#5573),#5577);
#5573 = LINE('',#5574,#5575);
#5574 = CARTESIAN_POINT('',(0.,0.));
#5575 = VECTOR('',#5576,1.);
#5576 = DIRECTION('',(1.,0.));
#5577 = ( GEOMETRIC_REPRESENTATION_CONTEXT(2) 
PARAMETRIC_REPRESENTATION_CONTEXT() REPRESENTATION_CONTEXT('2D SPACE',''
  ) );
#5578 = ADVANCED_FACE('',(#5579),#5567,.T.);
#5579 = FACE_BOUND('',#5580,.T.);
#5580 = EDGE_LOOP('',(#5581,#5604,#5605,#5606));
#5581 = ORIENTED_EDGE('',*,*,#5582,.F.);
#5582 = EDGE_CURVE('',#5547,#5583,#5585,.T.);
#5583 = VERTEX_POINT('',#5584);
#5584 = CARTESIAN_POINT('',(0.4,-0.645,-5.833333333333));
#5585 = SEAM_CURVE('',#5586,(#5590,#5597),.PCURVE_S1.);
#5586 = LINE('',#5587,#5588);
#5587 = CARTESIAN_POINT('',(0.4,-0.645,4.214856327685E-33));
#5588 = VECTOR('',#5589,1.);
#5589 = DIRECTION('',(-1.110223024625E-16,1.232595164408E-32,-1.));
#5590 = PCURVE('',#5567,#5591);
#5591 = DEFINITIONAL_REPRESENTATION('',(#5592),#5596);
#5592 = LINE('',#5593,#5594);
#5593 = CARTESIAN_POINT('',(0.,0.));
#5594 = VECTOR('',#5595,1.);
#5595 = DIRECTION('',(0.,1.));
#5596 = ( GEOMETRIC_REPRESENTATION_CONTEXT(2) 
PARAMETRIC_REPRESENTATION_CONTEXT() REPRESENTATION_CONTEXT('2D SPACE',''
  ) );
#5597 = PCURVE('',#5567,#5598);
#5598 = DEFINITIONAL_REPRESENTATION('',(#5599),#5603);
#5599 = LINE('',#5600,#5601);
#5600 = CARTESIAN_POINT('',(6.28318530718,0.));
#5601 = VECTOR('',#5602,1.);
#5602 = DIRECTION('',(0.,1.));
#5603 = ( GEOMETRIC_REPRESENTATION_CONTEXT(2) 
PARAMETRIC_REPRESENTATION_CONTEXT() REPRESENTATION_CONTEXT('2D SPACE',''
  ) );
#5604 = ORIENTED_EDGE('',*,*,#5546,.T.);
#5605 = ORIENTED_EDGE('',*,*,#5582,.T.);
#5606 = ORIENTED_EDGE('',*,*,#5607,.F.);
#5607 = EDGE_CURVE('',#5583,#5583,#5608,.T.);
#5608 = SURFACE_CURVE('',#5609,(#5614,#5621),.PCURVE_S1.);
#5609 = CIRCLE('',#5610,0.155);
#5610 = AXIS2_PLACEMENT_3D('',#5611,#5612,#5613);
#5611 = CARTESIAN_POINT('',(0.4,-0.8,-5.833333333333));
#5612 = DIRECTION('',(-1.110223024625E-16,1.110223024625E-15,-1.));
#5613 = DIRECTION('',(4.784163422067E-16,1.,1.110223024625E-15));
#5614 = PCURVE('',#5567,#5615);
#5615 = DEFINITIONAL_REPRESENTATION('',(#5616),#5620);
#5616 = LINE('',#5617,#5618);
#5617 = CARTESIAN_POINT('',(0.,5.833333333333));
#5618 = VECTOR('',#5619,1.);
#5619 = DIRECTION('',(1.,0.));
#5620 = ( GEOMETRIC_REPRESENTATION_CONTEXT(2) 
PARAMETRIC_REPRESENTATION_CONTEXT() REPRESENTATION_CONTEXT('2D SPACE',''
  ) );
#5621 = PCURVE('',#5622,#5627);
#5622 = TOROIDAL_SURFACE('',#5623,0.8,0.155);
#5623 = AXIS2_PLACEMENT_3D('',#5624,#5625,#5626);
#5624 = CARTESIAN_POINT('',(0.4,1.110223024625E-16,-5.833333333333));
#5625 = DIRECTION('',(1.,-1.110223024625E-16,-1.110223024625E-16));
#5626 = DIRECTION('',(-1.110223024625E-16,-1.,-1.110223024625E-15));
#5627 = DEFINITIONAL_REPRESENTATION('',(#5628),#5632);
#5628 = LINE('',#5629,#5630);
#5629 = CARTESIAN_POINT('',(0.,9.424777960769));
#5630 = VECTOR('',#5631,1.);
#5631 = DIRECTION('',(-0.,-1.));
#5632 = ( GEOMETRIC_REPRESENTATION_CONTEXT(2) 
PARAMETRIC_REPRESENTATION_CONTEXT() REPRESENTATION_CONTEXT('2D SPACE',''
  ) );
#5633 = ADVANCED_FACE('',(#5634),#5622,.T.);
#5634 = FACE_BOUND('',#5635,.T.);
#5635 = EDGE_LOOP('',(#5636,#5660,#5687,#5688));
#5636 = ORIENTED_EDGE('',*,*,#5637,.T.);
#5637 = EDGE_CURVE('',#5583,#5638,#5640,.T.);
#5638 = VERTEX_POINT('',#5639);
#5639 = CARTESIAN_POINT('',(0.4,0.645,-5.833333333333));
#5640 = SEAM_CURVE('',#5641,(#5646,#5653),.PCURVE_S1.);
#5641 = CIRCLE('',#5642,0.645);
#5642 = AXIS2_PLACEMENT_3D('',#5643,#5644,#5645);
#5643 = CARTESIAN_POINT('',(0.4,1.110223024625E-16,-5.833333333333));
#5644 = DIRECTION('',(1.,-1.110223024625E-16,-1.110223024625E-16));
#5645 = DIRECTION('',(-1.110223024625E-16,-1.,-1.110223024625E-15));
#5646 = PCURVE('',#5622,#5647);
#5647 = DEFINITIONAL_REPRESENTATION('',(#5648),#5652);
#5648 = LINE('',#5649,#5650);
#5649 = CARTESIAN_POINT('',(0.,3.14159265359));
#5650 = VECTOR('',#5651,1.);
#5651 = DIRECTION('',(1.,0.));
#5652 = ( GEOMETRIC_REPRESENTATION_CONTEXT(2) 
PARAMETRIC_REPRESENTATION_CONTEXT() REPRESENTATION_CONTEXT('2D SPACE',''
  ) );
#5653 = PCURVE('',#5622,#5654);
#5654 = DEFINITIONAL_REPRESENTATION('',(#5655),#5659);
#5655 = LINE('',#5656,#5657);
#5656 = CARTESIAN_POINT('',(0.,9.424777960769));
#5657 = VECTOR('',#5658,1.);
#5658 = DIRECTION('',(1.,0.));
#5659 = ( GEOMETRIC_REPRESENTATION_CONTEXT(2) 
PARAMETRIC_REPRESENTATION_CONTEXT() REPRESENTATION_CONTEXT('2D SPACE',''
  ) );
#5660 = ORIENTED_EDGE('',*,*,#5661,.T.);
#5661 = EDGE_CURVE('',#5638,#5638,#5662,.T.);
#5662 = SURFACE_CURVE('',#5663,(#5668,#5675),.PCURVE_S1.);
#5663 = CIRCLE('',#5664,0.155);
#5664 = AXIS2_PLACEMENT_3D('',#5665,#5666,#5667);
#5665 = CARTESIAN_POINT('',(0.4,0.8,-5.833333333333));
#5666 = DIRECTION('',(-1.110223024625E-16,-1.23268770454E-15,-1.));
#5667 = DIRECTION('',(1.110223024625E-16,1.,-1.23268770454E-15));
#5668 = PCURVE('',#5622,#5669);
#5669 = DEFINITIONAL_REPRESENTATION('',(#5670),#5674);
#5670 = LINE('',#5671,#5672);
#5671 = CARTESIAN_POINT('',(3.14159265359,0.));
#5672 = VECTOR('',#5673,1.);
#5673 = DIRECTION('',(0.,1.));
#5674 = ( GEOMETRIC_REPRESENTATION_CONTEXT(2) 
PARAMETRIC_REPRESENTATION_CONTEXT() REPRESENTATION_CONTEXT('2D SPACE',''
  ) );
#5675 = PCURVE('',#5676,#5681);
#5676 = CYLINDRICAL_SURFACE('',#5677,0.155);
#5677 = AXIS2_PLACEMENT_3D('',#5678,#5679,#5680);
#5678 = CARTESIAN_POINT('',(0.4,0.8,-5.833333333333));
#5679 = DIRECTION('',(1.110223024625E-16,-1.232595164408E-32,1.));
#5680 = DIRECTION('',(-1.110223024625E-16,-1.,0.));
#5681 = DEFINITIONAL_REPRESENTATION('',(#5682),#5686);
#5682 = LINE('',#5683,#5684);
#5683 = CARTESIAN_POINT('',(9.424777960769,0.));
#5684 = VECTOR('',#5685,1.);
#5685 = DIRECTION('',(-1.,-0.));
#5686 = ( GEOMETRIC_REPRESENTATION_CONTEXT(2) 
PARAMETRIC_REPRESENTATION_CONTEXT() REPRESENTATION_CONTEXT('2D SPACE',''
  ) );
#5687 = ORIENTED_EDGE('',*,*,#5637,.F.);
#5688 = ORIENTED_EDGE('',*,*,#5607,.T.);
#5689 = ADVANCED_FACE('',(#5690,#5693),#5522,.F.);
#5690 = FACE_BOUND('',#5691,.F.);
#5691 = EDGE_LOOP('',(#5692));
#5692 = ORIENTED_EDGE('',*,*,#5507,.T.);
#5693 = FACE_BOUND('',#5694,.F.);
#5694 = EDGE_LOOP('',(#5695));
#5695 = ORIENTED_EDGE('',*,*,#5696,.F.);
#5696 = EDGE_CURVE('',#5697,#5697,#5699,.T.);
#5697 = VERTEX_POINT('',#5698);
#5698 = CARTESIAN_POINT('',(0.4,0.645,0.));
#5699 = SURFACE_CURVE('',#5700,(#5705,#5716),.PCURVE_S1.);
#5700 = CIRCLE('',#5701,0.155);
#5701 = AXIS2_PLACEMENT_3D('',#5702,#5703,#5704);
#5702 = CARTESIAN_POINT('',(0.4,0.8,0.));
#5703 = DIRECTION('',(1.110223024625E-16,-1.232595164408E-32,1.));
#5704 = DIRECTION('',(-1.110223024625E-16,-1.,0.));
#5705 = PCURVE('',#5522,#5706);
#5706 = DEFINITIONAL_REPRESENTATION('',(#5707),#5715);
#5707 = ( BOUNDED_CURVE() B_SPLINE_CURVE(2,(#5708,#5709,#5710,#5711,
#5712,#5713,#5714),.UNSPECIFIED.,.T.,.F.) B_SPLINE_CURVE_WITH_KNOTS((1,2
    ,2,2,2,1),(-2.094395102393,0.,2.094395102393,4.188790204786,
6.28318530718,8.377580409573),.UNSPECIFIED.) CURVE() 
GEOMETRIC_REPRESENTATION_ITEM() RATIONAL_B_SPLINE_CURVE((1.,0.5,1.,0.5,
1.,0.5,1.)) REPRESENTATION_ITEM('') );
#5708 = CARTESIAN_POINT('',(-5.551115123126E-17,-0.155));
#5709 = CARTESIAN_POINT('',(-0.268467875173,-0.155));
#5710 = CARTESIAN_POINT('',(-0.134233937587,7.75E-02));
#5711 = CARTESIAN_POINT('',(-9.347520200483E-17,0.31));
#5712 = CARTESIAN_POINT('',(0.134233937587,7.75E-02));
#5713 = CARTESIAN_POINT('',(0.268467875173,-0.155));
#5714 = CARTESIAN_POINT('',(-5.551115123126E-17,-0.155));
#5715 = ( GEOMETRIC_REPRESENTATION_CONTEXT(2) 
PARAMETRIC_REPRESENTATION_CONTEXT() REPRESENTATION_CONTEXT('2D SPACE',''
  ) );
#5716 = PCURVE('',#5676,#5717);
#5717 = DEFINITIONAL_REPRESENTATION('',(#5718),#5722);
#5718 = LINE('',#5719,#5720);
#5719 = CARTESIAN_POINT('',(0.,5.833333333333));
#5720 = VECTOR('',#5721,1.);
#5721 = DIRECTION('',(1.,0.));
#5722 = ( GEOMETRIC_REPRESENTATION_CONTEXT(2) 
PARAMETRIC_REPRESENTATION_CONTEXT() REPRESENTATION_CONTEXT('2D SPACE',''
  ) );
#5723 = ADVANCED_FACE('',(#5724),#5676,.T.);
#5724 = FACE_BOUND('',#5725,.T.);
#5725 = EDGE_LOOP('',(#5726,#5747,#5748,#5749));
#5726 = ORIENTED_EDGE('',*,*,#5727,.F.);
#5727 = EDGE_CURVE('',#5638,#5697,#5728,.T.);
#5728 = SEAM_CURVE('',#5729,(#5733,#5740),.PCURVE_S1.);
#5729 = LINE('',#5730,#5731);
#5730 = CARTESIAN_POINT('',(0.4,0.645,-5.833333333333));
#5731 = VECTOR('',#5732,1.);
#5732 = DIRECTION('',(1.110223024625E-16,-1.232595164408E-32,1.));
#5733 = PCURVE('',#5676,#5734);
#5734 = DEFINITIONAL_REPRESENTATION('',(#5735),#5739);
#5735 = LINE('',#5736,#5737);
#5736 = CARTESIAN_POINT('',(0.,0.));
#5737 = VECTOR('',#5738,1.);
#5738 = DIRECTION('',(0.,1.));
#5739 = ( GEOMETRIC_REPRESENTATION_CONTEXT(2) 
PARAMETRIC_REPRESENTATION_CONTEXT() REPRESENTATION_CONTEXT('2D SPACE',''
  ) );
#5740 = PCURVE('',#5676,#5741);
#5741 = DEFINITIONAL_REPRESENTATION('',(#5742),#5746);
#5742 = LINE('',#5743,#5744);
#5743 = CARTESIAN_POINT('',(6.28318530718,0.));
#5744 = VECTOR('',#5745,1.);
#5745 = DIRECTION('',(0.,1.));
#5746 = ( GEOMETRIC_REPRESENTATION_CONTEXT(2) 
PARAMETRIC_REPRESENTATION_CONTEXT() REPRESENTATION_CONTEXT('2D SPACE',''
  ) );
#5747 = ORIENTED_EDGE('',*,*,#5661,.F.);
#5748 = ORIENTED_EDGE('',*,*,#5727,.T.);
#5749 = ORIENTED_EDGE('',*,*,#5696,.F.);
#5750 = MANIFOLD_SOLID_BREP('',#5751);
#5751 = CLOSED_SHELL('',(#5752,#5844,#5900,#5959,#5998,#6053,#6109,#6143
    ));
#5752 = ADVANCED_FACE('',(#5753),#5767,.F.);
#5753 = FACE_BOUND('',#5754,.F.);
#5754 = EDGE_LOOP('',(#5755,#5785,#5812,#5813));
#5755 = ORIENTED_EDGE('',*,*,#5756,.T.);
#5756 = EDGE_CURVE('',#5757,#5759,#5761,.T.);
#5757 = VERTEX_POINT('',#5758);
#5758 = CARTESIAN_POINT('',(-0.4,-0.65,0.));
#5759 = VERTEX_POINT('',#5760);
#5760 = CARTESIAN_POINT('',(-0.4,-0.65,-5.833333333333));
#5761 = SEAM_CURVE('',#5762,(#5766,#5778),.PCURVE_S1.);
#5762 = LINE('',#5763,#5764);
#5763 = CARTESIAN_POINT('',(-0.4,-0.65,4.078893220341E-33));
#5764 = VECTOR('',#5765,1.);
#5765 = DIRECTION('',(-1.110223024625E-16,1.232595164408E-32,-1.));
#5766 = PCURVE('',#5767,#5772);
#5767 = CYLINDRICAL_SURFACE('',#5768,0.15);
#5768 = AXIS2_PLACEMENT_3D('',#5769,#5770,#5771);
#5769 = CARTESIAN_POINT('',(-0.4,-0.8,0.));
#5770 = DIRECTION('',(-1.110223024625E-16,1.232595164408E-32,-1.));
#5771 = DIRECTION('',(1.110223024625E-16,1.,0.));
#5772 = DEFINITIONAL_REPRESENTATION('',(#5773),#5777);
#5773 = LINE('',#5774,#5775);
#5774 = CARTESIAN_POINT('',(6.28318530718,0.));
#5775 = VECTOR('',#5776,1.);
#5776 = DIRECTION('',(0.,1.));
#5777 = ( GEOMETRIC_REPRESENTATION_CONTEXT(2) 
PARAMETRIC_REPRESENTATION_CONTEXT() REPRESENTATION_CONTEXT('2D SPACE',''
  ) );
#5778 = PCURVE('',#5767,#5779);
#5779 = DEFINITIONAL_REPRESENTATION('',(#5780),#5784);
#5780 = LINE('',#5781,#5782);
#5781 = CARTESIAN_POINT('',(0.,0.));
#5782 = VECTOR('',#5783,1.);
#5783 = DIRECTION('',(0.,1.));
#5784 = ( GEOMETRIC_REPRESENTATION_CONTEXT(2) 
PARAMETRIC_REPRESENTATION_CONTEXT() REPRESENTATION_CONTEXT('2D SPACE',''
  ) );
#5785 = ORIENTED_EDGE('',*,*,#5786,.F.);
#5786 = EDGE_CURVE('',#5759,#5759,#5787,.T.);
#5787 = SURFACE_CURVE('',#5788,(#5793,#5800),.PCURVE_S1.);
#5788 = CIRCLE('',#5789,0.15);
#5789 = AXIS2_PLACEMENT_3D('',#5790,#5791,#5792);
#5790 = CARTESIAN_POINT('',(-0.4,-0.8,-5.833333333333));
#5791 = DIRECTION('',(-1.110223024625E-16,1.232595164408E-32,-1.));
#5792 = DIRECTION('',(1.110223024625E-16,1.,0.));
#5793 = PCURVE('',#5767,#5794);
#5794 = DEFINITIONAL_REPRESENTATION('',(#5795),#5799);
#5795 = LINE('',#5796,#5797);
#5796 = CARTESIAN_POINT('',(0.,5.833333333333));
#5797 = VECTOR('',#5798,1.);
#5798 = DIRECTION('',(1.,0.));
#5799 = ( GEOMETRIC_REPRESENTATION_CONTEXT(2) 
PARAMETRIC_REPRESENTATION_CONTEXT() REPRESENTATION_CONTEXT('2D SPACE',''
  ) );
#5800 = PCURVE('',#5801,#5806);
#5801 = TOROIDAL_SURFACE('',#5802,0.8,0.15);
#5802 = AXIS2_PLACEMENT_3D('',#5803,#5804,#5805);
#5803 = CARTESIAN_POINT('',(-0.4,1.110223024625E-16,-5.833333333333));
#5804 = DIRECTION('',(1.,-1.110223024625E-16,-1.110223024625E-16));
#5805 = DIRECTION('',(-1.110223024625E-16,-1.,-1.110223024625E-15));
#5806 = DEFINITIONAL_REPRESENTATION('',(#5807),#5811);
#5807 = LINE('',#5808,#5809);
#5808 = CARTESIAN_POINT('',(0.,9.424777960769));
#5809 = VECTOR('',#5810,1.);
#5810 = DIRECTION('',(-0.,-1.));
#5811 = ( GEOMETRIC_REPRESENTATION_CONTEXT(2) 
PARAMETRIC_REPRESENTATION_CONTEXT() REPRESENTATION_CONTEXT('2D SPACE',''
  ) );
#5812 = ORIENTED_EDGE('',*,*,#5756,.F.);
#5813 = ORIENTED_EDGE('',*,*,#5814,.T.);
#5814 = EDGE_CURVE('',#5757,#5757,#5815,.T.);
#5815 = SURFACE_CURVE('',#5816,(#5821,#5828),.PCURVE_S1.);
#5816 = CIRCLE('',#5817,0.15);
#5817 = AXIS2_PLACEMENT_3D('',#5818,#5819,#5820);
#5818 = CARTESIAN_POINT('',(-0.4,-0.8,0.));
#5819 = DIRECTION('',(-1.110223024625E-16,1.232595164408E-32,-1.));
#5820 = DIRECTION('',(1.110223024625E-16,1.,0.));
#5821 = PCURVE('',#5767,#5822);
#5822 = DEFINITIONAL_REPRESENTATION('',(#5823),#5827);
#5823 = LINE('',#5824,#5825);
#5824 = CARTESIAN_POINT('',(0.,0.));
#5825 = VECTOR('',#5826,1.);
#5826 = DIRECTION('',(1.,0.));
#5827 = ( GEOMETRIC_REPRESENTATION_CONTEXT(2) 
PARAMETRIC_REPRESENTATION_CONTEXT() REPRESENTATION_CONTEXT('2D SPACE',''
  ) );
#5828 = PCURVE('',#5829,#5834);
#5829 = PLANE('',#5830);
#5830 = AXIS2_PLACEMENT_3D('',#5831,#5832,#5833);
#5831 = CARTESIAN_POINT('',(-0.4,-0.8,-3.08572171572E-34));
#5832 = DIRECTION('',(1.110223024625E-16,-1.232595164408E-32,1.));
#5833 = DIRECTION('',(1.,-1.110223024625E-16,-1.110223024625E-16));
#5834 = DEFINITIONAL_REPRESENTATION('',(#5835),#5843);
#5835 = ( BOUNDED_CURVE() B_SPLINE_CURVE(2,(#5836,#5837,#5838,#5839,
#5840,#5841,#5842),.UNSPECIFIED.,.T.,.F.) B_SPLINE_CURVE_WITH_KNOTS((1,2
    ,2,2,2,1),(-2.094395102393,0.,2.094395102393,4.188790204786,
6.28318530718,8.377580409573),.UNSPECIFIED.) CURVE() 
GEOMETRIC_REPRESENTATION_ITEM() RATIONAL_B_SPLINE_CURVE((1.,0.5,1.,0.5,
1.,0.5,1.)) REPRESENTATION_ITEM('') );
#5836 = CARTESIAN_POINT('',(0.,0.15));
#5837 = CARTESIAN_POINT('',(0.259807621135,0.15));
#5838 = CARTESIAN_POINT('',(0.129903810568,-7.5E-02));
#5839 = CARTESIAN_POINT('',(3.673940397442E-17,-0.3));
#5840 = CARTESIAN_POINT('',(-0.129903810568,-7.5E-02));
#5841 = CARTESIAN_POINT('',(-0.259807621135,0.15));
#5842 = CARTESIAN_POINT('',(0.,0.15));
#5843 = ( GEOMETRIC_REPRESENTATION_CONTEXT(2) 
PARAMETRIC_REPRESENTATION_CONTEXT() REPRESENTATION_CONTEXT('2D SPACE',''
  ) );
#5844 = ADVANCED_FACE('',(#5845),#5801,.F.);
#5845 = FACE_BOUND('',#5846,.F.);
#5846 = EDGE_LOOP('',(#5847,#5871,#5898,#5899));
#5847 = ORIENTED_EDGE('',*,*,#5848,.T.);
#5848 = EDGE_CURVE('',#5759,#5849,#5851,.T.);
#5849 = VERTEX_POINT('',#5850);
#5850 = CARTESIAN_POINT('',(-0.4,0.65,-5.833333333333));
#5851 = SEAM_CURVE('',#5852,(#5857,#5864),.PCURVE_S1.);
#5852 = CIRCLE('',#5853,0.65);
#5853 = AXIS2_PLACEMENT_3D('',#5854,#5855,#5856);
#5854 = CARTESIAN_POINT('',(-0.4,1.110223024625E-16,-5.833333333333));
#5855 = DIRECTION('',(1.,-1.110223024625E-16,-1.110223024625E-16));
#5856 = DIRECTION('',(-1.110223024625E-16,-1.,-1.110223024625E-15));
#5857 = PCURVE('',#5801,#5858);
#5858 = DEFINITIONAL_REPRESENTATION('',(#5859),#5863);
#5859 = LINE('',#5860,#5861);
#5860 = CARTESIAN_POINT('',(0.,3.14159265359));
#5861 = VECTOR('',#5862,1.);
#5862 = DIRECTION('',(1.,0.));
#5863 = ( GEOMETRIC_REPRESENTATION_CONTEXT(2) 
PARAMETRIC_REPRESENTATION_CONTEXT() REPRESENTATION_CONTEXT('2D SPACE',''
  ) );
#5864 = PCURVE('',#5801,#5865);
#5865 = DEFINITIONAL_REPRESENTATION('',(#5866),#5870);
#5866 = LINE('',#5867,#5868);
#5867 = CARTESIAN_POINT('',(0.,9.424777960769));
#5868 = VECTOR('',#5869,1.);
#5869 = DIRECTION('',(1.,0.));
#5870 = ( GEOMETRIC_REPRESENTATION_CONTEXT(2) 
PARAMETRIC_REPRESENTATION_CONTEXT() REPRESENTATION_CONTEXT('2D SPACE',''
  ) );
#5871 = ORIENTED_EDGE('',*,*,#5872,.T.);
#5872 = EDGE_CURVE('',#5849,#5849,#5873,.T.);
#5873 = SURFACE_CURVE('',#5874,(#5879,#5886),.PCURVE_S1.);
#5874 = CIRCLE('',#5875,0.15);
#5875 = AXIS2_PLACEMENT_3D('',#5876,#5877,#5878);
#5876 = CARTESIAN_POINT('',(-0.4,0.8,-5.833333333333));
#5877 = DIRECTION('',(-1.110223024625E-16,-1.23268770454E-15,-1.));
#5878 = DIRECTION('',(1.110223024625E-16,1.,-1.23268770454E-15));
#5879 = PCURVE('',#5801,#5880);
#5880 = DEFINITIONAL_REPRESENTATION('',(#5881),#5885);
#5881 = LINE('',#5882,#5883);
#5882 = CARTESIAN_POINT('',(3.14159265359,0.));
#5883 = VECTOR('',#5884,1.);
#5884 = DIRECTION('',(0.,1.));
#5885 = ( GEOMETRIC_REPRESENTATION_CONTEXT(2) 
PARAMETRIC_REPRESENTATION_CONTEXT() REPRESENTATION_CONTEXT('2D SPACE',''
  ) );
#5886 = PCURVE('',#5887,#5892);
#5887 = CYLINDRICAL_SURFACE('',#5888,0.15);
#5888 = AXIS2_PLACEMENT_3D('',#5889,#5890,#5891);
#5889 = CARTESIAN_POINT('',(-0.4,0.8,-5.833333333333));
#5890 = DIRECTION('',(1.110223024625E-16,-1.232595164408E-32,1.));
#5891 = DIRECTION('',(-1.110223024625E-16,-1.,0.));
#5892 = DEFINITIONAL_REPRESENTATION('',(#5893),#5897);
#5893 = LINE('',#5894,#5895);
#5894 = CARTESIAN_POINT('',(9.424777960769,0.));
#5895 = VECTOR('',#5896,1.);
#5896 = DIRECTION('',(-1.,-0.));
#5897 = ( GEOMETRIC_REPRESENTATION_CONTEXT(2) 
PARAMETRIC_REPRESENTATION_CONTEXT() REPRESENTATION_CONTEXT('2D SPACE',''
  ) );
#5898 = ORIENTED_EDGE('',*,*,#5848,.F.);
#5899 = ORIENTED_EDGE('',*,*,#5786,.T.);
#5900 = ADVANCED_FACE('',(#5901),#5887,.F.);
#5901 = FACE_BOUND('',#5902,.F.);
#5902 = EDGE_LOOP('',(#5903,#5926,#5957,#5958));
#5903 = ORIENTED_EDGE('',*,*,#5904,.T.);
#5904 = EDGE_CURVE('',#5849,#5905,#5907,.T.);
#5905 = VERTEX_POINT('',#5906);
#5906 = CARTESIAN_POINT('',(-0.4,0.65,0.));
#5907 = SEAM_CURVE('',#5908,(#5912,#5919),.PCURVE_S1.);
#5908 = LINE('',#5909,#5910);
#5909 = CARTESIAN_POINT('',(-0.4,0.65,-5.833333333333));
#5910 = VECTOR('',#5911,1.);
#5911 = DIRECTION('',(1.110223024625E-16,-1.232595164408E-32,1.));
#5912 = PCURVE('',#5887,#5913);
#5913 = DEFINITIONAL_REPRESENTATION('',(#5914),#5918);
#5914 = LINE('',#5915,#5916);
#5915 = CARTESIAN_POINT('',(6.28318530718,0.));
#5916 = VECTOR('',#5917,1.);
#5917 = DIRECTION('',(0.,1.));
#5918 = ( GEOMETRIC_REPRESENTATION_CONTEXT(2) 
PARAMETRIC_REPRESENTATION_CONTEXT() REPRESENTATION_CONTEXT('2D SPACE',''
  ) );
#5919 = PCURVE('',#5887,#5920);
#5920 = DEFINITIONAL_REPRESENTATION('',(#5921),#5925);
#5921 = LINE('',#5922,#5923);
#5922 = CARTESIAN_POINT('',(0.,0.));
#5923 = VECTOR('',#5924,1.);
#5924 = DIRECTION('',(0.,1.));
#5925 = ( GEOMETRIC_REPRESENTATION_CONTEXT(2) 
PARAMETRIC_REPRESENTATION_CONTEXT() REPRESENTATION_CONTEXT('2D SPACE',''
  ) );
#5926 = ORIENTED_EDGE('',*,*,#5927,.F.);
#5927 = EDGE_CURVE('',#5905,#5905,#5928,.T.);
#5928 = SURFACE_CURVE('',#5929,(#5934,#5941),.PCURVE_S1.);
#5929 = CIRCLE('',#5930,0.15);
#5930 = AXIS2_PLACEMENT_3D('',#5931,#5932,#5933);
#5931 = CARTESIAN_POINT('',(-0.4,0.8,0.));
#5932 = DIRECTION('',(1.110223024625E-16,-1.232595164408E-32,1.));
#5933 = DIRECTION('',(-1.110223024625E-16,-1.,0.));
#5934 = PCURVE('',#5887,#5935);
#5935 = DEFINITIONAL_REPRESENTATION('',(#5936),#5940);
#5936 = LINE('',#5937,#5938);
#5937 = CARTESIAN_POINT('',(0.,5.833333333333));
#5938 = VECTOR('',#5939,1.);
#5939 = DIRECTION('',(1.,0.));
#5940 = ( GEOMETRIC_REPRESENTATION_CONTEXT(2) 
PARAMETRIC_REPRESENTATION_CONTEXT() REPRESENTATION_CONTEXT('2D SPACE',''
  ) );
#5941 = PCURVE('',#5942,#5947);
#5942 = PLANE('',#5943);
#5943 = AXIS2_PLACEMENT_3D('',#5944,#5945,#5946);
#5944 = CARTESIAN_POINT('',(-0.4,0.8,6.798155367234E-34));
#5945 = DIRECTION('',(-1.110223024625E-16,1.232595164408E-32,-1.));
#5946 = DIRECTION('',(-1.,1.110223024625E-16,1.110223024625E-16));
#5947 = DEFINITIONAL_REPRESENTATION('',(#5948),#5956);
#5948 = ( BOUNDED_CURVE() B_SPLINE_CURVE(2,(#5949,#5950,#5951,#5952,
#5953,#5954,#5955),.UNSPECIFIED.,.T.,.F.) B_SPLINE_CURVE_WITH_KNOTS((1,2
    ,2,2,2,1),(-2.094395102393,0.,2.094395102393,4.188790204786,
6.28318530718,8.377580409573),.UNSPECIFIED.) CURVE() 
GEOMETRIC_REPRESENTATION_ITEM() RATIONAL_B_SPLINE_CURVE((1.,0.5,1.,0.5,
1.,0.5,1.)) REPRESENTATION_ITEM('') );
#5949 = CARTESIAN_POINT('',(2.465190328816E-32,-0.15));
#5950 = CARTESIAN_POINT('',(-0.259807621135,-0.15));
#5951 = CARTESIAN_POINT('',(-0.129903810568,7.5E-02));
#5952 = CARTESIAN_POINT('',(-3.673940397442E-17,0.3));
#5953 = CARTESIAN_POINT('',(0.129903810568,7.5E-02));
#5954 = CARTESIAN_POINT('',(0.259807621135,-0.15));
#5955 = CARTESIAN_POINT('',(2.465190328816E-32,-0.15));
#5956 = ( GEOMETRIC_REPRESENTATION_CONTEXT(2) 
PARAMETRIC_REPRESENTATION_CONTEXT() REPRESENTATION_CONTEXT('2D SPACE',''
  ) );
#5957 = ORIENTED_EDGE('',*,*,#5904,.F.);
#5958 = ORIENTED_EDGE('',*,*,#5872,.F.);
#5959 = ADVANCED_FACE('',(#5960,#5963),#5829,.T.);
#5960 = FACE_BOUND('',#5961,.T.);
#5961 = EDGE_LOOP('',(#5962));
#5962 = ORIENTED_EDGE('',*,*,#5814,.T.);
#5963 = FACE_BOUND('',#5964,.T.);
#5964 = EDGE_LOOP('',(#5965));
#5965 = ORIENTED_EDGE('',*,*,#5966,.F.);
#5966 = EDGE_CURVE('',#5967,#5967,#5969,.T.);
#5967 = VERTEX_POINT('',#5968);
#5968 = CARTESIAN_POINT('',(-0.4,-0.645,4.214856327685E-33));
#5969 = SURFACE_CURVE('',#5970,(#5975,#5986),.PCURVE_S1.);
#5970 = CIRCLE('',#5971,0.155);
#5971 = AXIS2_PLACEMENT_3D('',#5972,#5973,#5974);
#5972 = CARTESIAN_POINT('',(-0.4,-0.8,0.));
#5973 = DIRECTION('',(-1.110223024625E-16,1.232595164408E-32,-1.));
#5974 = DIRECTION('',(1.110223024625E-16,1.,0.));
#5975 = PCURVE('',#5829,#5976);
#5976 = DEFINITIONAL_REPRESENTATION('',(#5977),#5985);
#5977 = ( BOUNDED_CURVE() B_SPLINE_CURVE(2,(#5978,#5979,#5980,#5981,
#5982,#5983,#5984),.UNSPECIFIED.,.T.,.F.) B_SPLINE_CURVE_WITH_KNOTS((1,2
    ,2,2,2,1),(-2.094395102393,0.,2.094395102393,4.188790204786,
6.28318530718,8.377580409573),.UNSPECIFIED.) CURVE() 
GEOMETRIC_REPRESENTATION_ITEM() RATIONAL_B_SPLINE_CURVE((1.,0.5,1.,0.5,
1.,0.5,1.)) REPRESENTATION_ITEM('') );
#5978 = CARTESIAN_POINT('',(0.,0.155));
#5979 = CARTESIAN_POINT('',(0.268467875173,0.155));
#5980 = CARTESIAN_POINT('',(0.134233937587,-7.75E-02));
#5981 = CARTESIAN_POINT('',(3.796405077357E-17,-0.31));
#5982 = CARTESIAN_POINT('',(-0.134233937587,-7.75E-02));
#5983 = CARTESIAN_POINT('',(-0.268467875173,0.155));
#5984 = CARTESIAN_POINT('',(0.,0.155));
#5985 = ( GEOMETRIC_REPRESENTATION_CONTEXT(2) 
PARAMETRIC_REPRESENTATION_CONTEXT() REPRESENTATION_CONTEXT('2D SPACE',''
  ) );
#5986 = PCURVE('',#5987,#5992);
#5987 = CYLINDRICAL_SURFACE('',#5988,0.155);
#5988 = AXIS2_PLACEMENT_3D('',#5989,#5990,#5991);
#5989 = CARTESIAN_POINT('',(-0.4,-0.8,0.));
#5990 = DIRECTION('',(-1.110223024625E-16,1.232595164408E-32,-1.));
#5991 = DIRECTION('',(1.110223024625E-16,1.,0.));
#5992 = DEFINITIONAL_REPRESENTATION('',(#5993),#5997);
#5993 = LINE('',#5994,#5995);
#5994 = CARTESIAN_POINT('',(0.,0.));
#5995 = VECTOR('',#5996,1.);
#5996 = DIRECTION('',(1.,0.));
#5997 = ( GEOMETRIC_REPRESENTATION_CONTEXT(2) 
PARAMETRIC_REPRESENTATION_CONTEXT() REPRESENTATION_CONTEXT('2D SPACE',''
  ) );
#5998 = ADVANCED_FACE('',(#5999),#5987,.T.);
#5999 = FACE_BOUND('',#6000,.T.);
#6000 = EDGE_LOOP('',(#6001,#6024,#6025,#6026));
#6001 = ORIENTED_EDGE('',*,*,#6002,.F.);
#6002 = EDGE_CURVE('',#5967,#6003,#6005,.T.);
#6003 = VERTEX_POINT('',#6004);
#6004 = CARTESIAN_POINT('',(-0.4,-0.645,-5.833333333333));
#6005 = SEAM_CURVE('',#6006,(#6010,#6017),.PCURVE_S1.);
#6006 = LINE('',#6007,#6008);
#6007 = CARTESIAN_POINT('',(-0.4,-0.645,4.214856327685E-33));
#6008 = VECTOR('',#6009,1.);
#6009 = DIRECTION('',(-1.110223024625E-16,1.232595164408E-32,-1.));
#6010 = PCURVE('',#5987,#6011);
#6011 = DEFINITIONAL_REPRESENTATION('',(#6012),#6016);
#6012 = LINE('',#6013,#6014);
#6013 = CARTESIAN_POINT('',(0.,0.));
#6014 = VECTOR('',#6015,1.);
#6015 = DIRECTION('',(0.,1.));
#6016 = ( GEOMETRIC_REPRESENTATION_CONTEXT(2) 
PARAMETRIC_REPRESENTATION_CONTEXT() REPRESENTATION_CONTEXT('2D SPACE',''
  ) );
#6017 = PCURVE('',#5987,#6018);
#6018 = DEFINITIONAL_REPRESENTATION('',(#6019),#6023);
#6019 = LINE('',#6020,#6021);
#6020 = CARTESIAN_POINT('',(6.28318530718,0.));
#6021 = VECTOR('',#6022,1.);
#6022 = DIRECTION('',(0.,1.));
#6023 = ( GEOMETRIC_REPRESENTATION_CONTEXT(2) 
PARAMETRIC_REPRESENTATION_CONTEXT() REPRESENTATION_CONTEXT('2D SPACE',''
  ) );
#6024 = ORIENTED_EDGE('',*,*,#5966,.T.);
#6025 = ORIENTED_EDGE('',*,*,#6002,.T.);
#6026 = ORIENTED_EDGE('',*,*,#6027,.F.);
#6027 = EDGE_CURVE('',#6003,#6003,#6028,.T.);
#6028 = SURFACE_CURVE('',#6029,(#6034,#6041),.PCURVE_S1.);
#6029 = CIRCLE('',#6030,0.155);
#6030 = AXIS2_PLACEMENT_3D('',#6031,#6032,#6033);
#6031 = CARTESIAN_POINT('',(-0.4,-0.8,-5.833333333333));
#6032 = DIRECTION('',(-1.110223024625E-16,1.110223024625E-15,-1.));
#6033 = DIRECTION('',(4.784163422067E-16,1.,1.110223024625E-15));
#6034 = PCURVE('',#5987,#6035);
#6035 = DEFINITIONAL_REPRESENTATION('',(#6036),#6040);
#6036 = LINE('',#6037,#6038);
#6037 = CARTESIAN_POINT('',(0.,5.833333333333));
#6038 = VECTOR('',#6039,1.);
#6039 = DIRECTION('',(1.,0.));
#6040 = ( GEOMETRIC_REPRESENTATION_CONTEXT(2) 
PARAMETRIC_REPRESENTATION_CONTEXT() REPRESENTATION_CONTEXT('2D SPACE',''
  ) );
#6041 = PCURVE('',#6042,#6047);
#6042 = TOROIDAL_SURFACE('',#6043,0.8,0.155);
#6043 = AXIS2_PLACEMENT_3D('',#6044,#6045,#6046);
#6044 = CARTESIAN_POINT('',(-0.4,1.110223024625E-16,-5.833333333333));
#6045 = DIRECTION('',(1.,-1.110223024625E-16,-1.110223024625E-16));
#6046 = DIRECTION('',(-1.110223024625E-16,-1.,-1.110223024625E-15));
#6047 = DEFINITIONAL_REPRESENTATION('',(#6048),#6052);
#6048 = LINE('',#6049,#6050);
#6049 = CARTESIAN_POINT('',(0.,9.424777960769));
#6050 = VECTOR('',#6051,1.);
#6051 = DIRECTION('',(-0.,-1.));
#6052 = ( GEOMETRIC_REPRESENTATION_CONTEXT(2) 
PARAMETRIC_REPRESENTATION_CONTEXT() REPRESENTATION_CONTEXT('2D SPACE',''
  ) );
#6053 = ADVANCED_FACE('',(#6054),#6042,.T.);
#6054 = FACE_BOUND('',#6055,.T.);
#6055 = EDGE_LOOP('',(#6056,#6080,#6107,#6108));
#6056 = ORIENTED_EDGE('',*,*,#6057,.T.);
#6057 = EDGE_CURVE('',#6003,#6058,#6060,.T.);
#6058 = VERTEX_POINT('',#6059);
#6059 = CARTESIAN_POINT('',(-0.4,0.645,-5.833333333333));
#6060 = SEAM_CURVE('',#6061,(#6066,#6073),.PCURVE_S1.);
#6061 = CIRCLE('',#6062,0.645);
#6062 = AXIS2_PLACEMENT_3D('',#6063,#6064,#6065);
#6063 = CARTESIAN_POINT('',(-0.4,1.110223024625E-16,-5.833333333333));
#6064 = DIRECTION('',(1.,-1.110223024625E-16,-1.110223024625E-16));
#6065 = DIRECTION('',(-1.110223024625E-16,-1.,-1.110223024625E-15));
#6066 = PCURVE('',#6042,#6067);
#6067 = DEFINITIONAL_REPRESENTATION('',(#6068),#6072);
#6068 = LINE('',#6069,#6070);
#6069 = CARTESIAN_POINT('',(0.,3.14159265359));
#6070 = VECTOR('',#6071,1.);
#6071 = DIRECTION('',(1.,0.));
#6072 = ( GEOMETRIC_REPRESENTATION_CONTEXT(2) 
PARAMETRIC_REPRESENTATION_CONTEXT() REPRESENTATION_CONTEXT('2D SPACE',''
  ) );
#6073 = PCURVE('',#6042,#6074);
#6074 = DEFINITIONAL_REPRESENTATION('',(#6075),#6079);
#6075 = LINE('',#6076,#6077);
#6076 = CARTESIAN_POINT('',(0.,9.424777960769));
#6077 = VECTOR('',#6078,1.);
#6078 = DIRECTION('',(1.,0.));
#6079 = ( GEOMETRIC_REPRESENTATION_CONTEXT(2) 
PARAMETRIC_REPRESENTATION_CONTEXT() REPRESENTATION_CONTEXT('2D SPACE',''
  ) );
#6080 = ORIENTED_EDGE('',*,*,#6081,.T.);
#6081 = EDGE_CURVE('',#6058,#6058,#6082,.T.);
#6082 = SURFACE_CURVE('',#6083,(#6088,#6095),.PCURVE_S1.);
#6083 = CIRCLE('',#6084,0.155);
#6084 = AXIS2_PLACEMENT_3D('',#6085,#6086,#6087);
#6085 = CARTESIAN_POINT('',(-0.4,0.8,-5.833333333333));
#6086 = DIRECTION('',(-1.110223024625E-16,-1.23268770454E-15,-1.));
#6087 = DIRECTION('',(1.110223024625E-16,1.,-1.23268770454E-15));
#6088 = PCURVE('',#6042,#6089);
#6089 = DEFINITIONAL_REPRESENTATION('',(#6090),#6094);
#6090 = LINE('',#6091,#6092);
#6091 = CARTESIAN_POINT('',(3.14159265359,0.));
#6092 = VECTOR('',#6093,1.);
#6093 = DIRECTION('',(0.,1.));
#6094 = ( GEOMETRIC_REPRESENTATION_CONTEXT(2) 
PARAMETRIC_REPRESENTATION_CONTEXT() REPRESENTATION_CONTEXT('2D SPACE',''
  ) );
#6095 = PCURVE('',#6096,#6101);
#6096 = CYLINDRICAL_SURFACE('',#6097,0.155);
#6097 = AXIS2_PLACEMENT_3D('',#6098,#6099,#6100);
#6098 = CARTESIAN_POINT('',(-0.4,0.8,-5.833333333333));
#6099 = DIRECTION('',(1.110223024625E-16,-1.232595164408E-32,1.));
#6100 = DIRECTION('',(-1.110223024625E-16,-1.,0.));
#6101 = DEFINITIONAL_REPRESENTATION('',(#6102),#6106);
#6102 = LINE('',#6103,#6104);
#6103 = CARTESIAN_POINT('',(9.424777960769,0.));
#6104 = VECTOR('',#6105,1.);
#6105 = DIRECTION('',(-1.,-0.));
#6106 = ( GEOMETRIC_REPRESENTATION_CONTEXT(2) 
PARAMETRIC_REPRESENTATION_CONTEXT() REPRESENTATION_CONTEXT('2D SPACE',''
  ) );
#6107 = ORIENTED_EDGE('',*,*,#6057,.F.);
#6108 = ORIENTED_EDGE('',*,*,#6027,.T.);
#6109 = ADVANCED_FACE('',(#6110,#6113),#5942,.F.);
#6110 = FACE_BOUND('',#6111,.F.);
#6111 = EDGE_LOOP('',(#6112));
#6112 = ORIENTED_EDGE('',*,*,#5927,.T.);
#6113 = FACE_BOUND('',#6114,.F.);
#6114 = EDGE_LOOP('',(#6115));
#6115 = ORIENTED_EDGE('',*,*,#6116,.F.);
#6116 = EDGE_CURVE('',#6117,#6117,#6119,.T.);
#6117 = VERTEX_POINT('',#6118);
#6118 = CARTESIAN_POINT('',(-0.4,0.645,0.));
#6119 = SURFACE_CURVE('',#6120,(#6125,#6136),.PCURVE_S1.);
#6120 = CIRCLE('',#6121,0.155);
#6121 = AXIS2_PLACEMENT_3D('',#6122,#6123,#6124);
#6122 = CARTESIAN_POINT('',(-0.4,0.8,0.));
#6123 = DIRECTION('',(1.110223024625E-16,-1.232595164408E-32,1.));
#6124 = DIRECTION('',(-1.110223024625E-16,-1.,0.));
#6125 = PCURVE('',#5942,#6126);
#6126 = DEFINITIONAL_REPRESENTATION('',(#6127),#6135);
#6127 = ( BOUNDED_CURVE() B_SPLINE_CURVE(2,(#6128,#6129,#6130,#6131,
#6132,#6133,#6134),.UNSPECIFIED.,.T.,.F.) B_SPLINE_CURVE_WITH_KNOTS((1,2
    ,2,2,2,1),(-2.094395102393,0.,2.094395102393,4.188790204786,
6.28318530718,8.377580409573),.UNSPECIFIED.) CURVE() 
GEOMETRIC_REPRESENTATION_ITEM() RATIONAL_B_SPLINE_CURVE((1.,0.5,1.,0.5,
1.,0.5,1.)) REPRESENTATION_ITEM('') );
#6128 = CARTESIAN_POINT('',(-5.551115123126E-17,-0.155));
#6129 = CARTESIAN_POINT('',(-0.268467875173,-0.155));
#6130 = CARTESIAN_POINT('',(-0.134233937587,7.75E-02));
#6131 = CARTESIAN_POINT('',(-9.347520200483E-17,0.31));
#6132 = CARTESIAN_POINT('',(0.134233937587,7.75E-02));
#6133 = CARTESIAN_POINT('',(0.268467875173,-0.155));
#6134 = CARTESIAN_POINT('',(-5.551115123126E-17,-0.155));
#6135 = ( GEOMETRIC_REPRESENTATION_CONTEXT(2) 
PARAMETRIC_REPRESENTATION_CONTEXT() REPRESENTATION_CONTEXT('2D SPACE',''
  ) );
#6136 = PCURVE('',#6096,#6137);
#6137 = DEFINITIONAL_REPRESENTATION('',(#6138),#6142);
#6138 = LINE('',#6139,#6140);
#6139 = CARTESIAN_POINT('',(0.,5.833333333333));
#6140 = VECTOR('',#6141,1.);
#6141 = DIRECTION('',(1.,0.));
#6142 = ( GEOMETRIC_REPRESENTATION_CONTEXT(2) 
PARAMETRIC_REPRESENTATION_CONTEXT() REPRESENTATION_CONTEXT('2D SPACE',''
  ) );
#6143 = ADVANCED_FACE('',(#6144),#6096,.T.);
#6144 = FACE_BOUND('',#6145,.T.);
#6145 = EDGE_LOOP('',(#6146,#6167,#6168,#6169));
#6146 = ORIENTED_EDGE('',*,*,#6147,.F.);
#6147 = EDGE_CURVE('',#6058,#6117,#6148,.T.);
#6148 = SEAM_CURVE('',#6149,(#6153,#6160),.PCURVE_S1.);
#6149 = LINE('',#6150,#6151);
#6150 = CARTESIAN_POINT('',(-0.4,0.645,-5.833333333333));
#6151 = VECTOR('',#6152,1.);
#6152 = DIRECTION('',(1.110223024625E-16,-1.232595164408E-32,1.));
#6153 = PCURVE('',#6096,#6154);
#6154 = DEFINITIONAL_REPRESENTATION('',(#6155),#6159);
#6155 = LINE('',#6156,#6157);
#6156 = CARTESIAN_POINT('',(0.,0.));
#6157 = VECTOR('',#6158,1.);
#6158 = DIRECTION('',(0.,1.));
#6159 = ( GEOMETRIC_REPRESENTATION_CONTEXT(2) 
PARAMETRIC_REPRESENTATION_CONTEXT() REPRESENTATION_CONTEXT('2D SPACE',''
  ) );
#6160 = PCURVE('',#6096,#6161);
#6161 = DEFINITIONAL_REPRESENTATION('',(#6162),#6166);
#6162 = LINE('',#6163,#6164);
#6163 = CARTESIAN_POINT('',(6.28318530718,0.));
#6164 = VECTOR('',#6165,1.);
#6165 = DIRECTION('',(0.,1.));
#6166 = ( GEOMETRIC_REPRESENTATION_CONTEXT(2) 
PARAMETRIC_REPRESENTATION_CONTEXT() REPRESENTATION_CONTEXT('2D SPACE',''
  ) );
#6167 = ORIENTED_EDGE('',*,*,#6081,.F.);
#6168 = ORIENTED_EDGE('',*,*,#6147,.T.);
#6169 = ORIENTED_EDGE('',*,*,#6116,.F.);
#6170 = MANIFOLD_SOLID_BREP('',#6171);
#6171 = CLOSED_SHELL('',(#6172,#6264,#6320,#6379,#6418,#6473,#6529,#6563
    ));
#6172 = ADVANCED_FACE('',(#6173),#6187,.F.);
#6173 = FACE_BOUND('',#6174,.F.);
#6174 = EDGE_LOOP('',(#6175,#6205,#6232,#6233));
#6175 = ORIENTED_EDGE('',*,*,#6176,.T.);
#6176 = EDGE_CURVE('',#6177,#6179,#6181,.T.);
#6177 = VERTEX_POINT('',#6178);
#6178 = CARTESIAN_POINT('',(0.4,-1.05,0.));
#6179 = VERTEX_POINT('',#6180);
#6180 = CARTESIAN_POINT('',(0.4,-1.05,-6.666666666667));
#6181 = SEAM_CURVE('',#6182,(#6186,#6198),.PCURVE_S1.);
#6182 = LINE('',#6183,#6184);
#6183 = CARTESIAN_POINT('',(0.4,-1.05,4.078893220341E-33));
#6184 = VECTOR('',#6185,1.);
#6185 = DIRECTION('',(-1.110223024625E-16,1.232595164408E-32,-1.));
#6186 = PCURVE('',#6187,#6192);
#6187 = CYLINDRICAL_SURFACE('',#6188,0.15);
#6188 = AXIS2_PLACEMENT_3D('',#6189,#6190,#6191);
#6189 = CARTESIAN_POINT('',(0.4,-1.2,0.));
#6190 = DIRECTION('',(-1.110223024625E-16,1.232595164408E-32,-1.));
#6191 = DIRECTION('',(1.110223024625E-16,1.,0.));
#6192 = DEFINITIONAL_REPRESENTATION('',(#6193),#6197);
#6193 = LINE('',#6194,#6195);
#6194 = CARTESIAN_POINT('',(6.28318530718,0.));
#6195 = VECTOR('',#6196,1.);
#6196 = DIRECTION('',(0.,1.));
#6197 = ( GEOMETRIC_REPRESENTATION_CONTEXT(2) 
PARAMETRIC_REPRESENTATION_CONTEXT() REPRESENTATION_CONTEXT('2D SPACE',''
  ) );
#6198 = PCURVE('',#6187,#6199);
#6199 = DEFINITIONAL_REPRESENTATION('',(#6200),#6204);
#6200 = LINE('',#6201,#6202);
#6201 = CARTESIAN_POINT('',(0.,0.));
#6202 = VECTOR('',#6203,1.);
#6203 = DIRECTION('',(0.,1.));
#6204 = ( GEOMETRIC_REPRESENTATION_CONTEXT(2) 
PARAMETRIC_REPRESENTATION_CONTEXT() REPRESENTATION_CONTEXT('2D SPACE',''
  ) );
#6205 = ORIENTED_EDGE('',*,*,#6206,.F.);
#6206 = EDGE_CURVE('',#6179,#6179,#6207,.T.);
#6207 = SURFACE_CURVE('',#6208,(#6213,#6220),.PCURVE_S1.);
#6208 = CIRCLE('',#6209,0.15);
#6209 = AXIS2_PLACEMENT_3D('',#6210,#6211,#6212);
#6210 = CARTESIAN_POINT('',(0.4,-1.2,-6.666666666667));
#6211 = DIRECTION('',(-1.110223024625E-16,1.232595164408E-32,-1.));
#6212 = DIRECTION('',(1.110223024625E-16,1.,0.));
#6213 = PCURVE('',#6187,#6214);
#6214 = DEFINITIONAL_REPRESENTATION('',(#6215),#6219);
#6215 = LINE('',#6216,#6217);
#6216 = CARTESIAN_POINT('',(0.,6.666666666667));
#6217 = VECTOR('',#6218,1.);
#6218 = DIRECTION('',(1.,0.));
#6219 = ( GEOMETRIC_REPRESENTATION_CONTEXT(2) 
PARAMETRIC_REPRESENTATION_CONTEXT() REPRESENTATION_CONTEXT('2D SPACE',''
  ) );
#6220 = PCURVE('',#6221,#6226);
#6221 = TOROIDAL_SURFACE('',#6222,1.2,0.15);
#6222 = AXIS2_PLACEMENT_3D('',#6223,#6224,#6225);
#6223 = CARTESIAN_POINT('',(0.4,0.,-6.666666666667));
#6224 = DIRECTION('',(1.,-1.110223024625E-16,-1.110223024625E-16));
#6225 = DIRECTION('',(-1.110223024625E-16,-1.,0.));
#6226 = DEFINITIONAL_REPRESENTATION('',(#6227),#6231);
#6227 = LINE('',#6228,#6229);
#6228 = CARTESIAN_POINT('',(0.,9.424777960769));
#6229 = VECTOR('',#6230,1.);
#6230 = DIRECTION('',(-0.,-1.));
#6231 = ( GEOMETRIC_REPRESENTATION_CONTEXT(2) 
PARAMETRIC_REPRESENTATION_CONTEXT() REPRESENTATION_CONTEXT('2D SPACE',''
  ) );
#6232 = ORIENTED_EDGE('',*,*,#6176,.F.);
#6233 = ORIENTED_EDGE('',*,*,#6234,.T.);
#6234 = EDGE_CURVE('',#6177,#6177,#6235,.T.);
#6235 = SURFACE_CURVE('',#6236,(#6241,#6248),.PCURVE_S1.);
#6236 = CIRCLE('',#6237,0.15);
#6237 = AXIS2_PLACEMENT_3D('',#6238,#6239,#6240);
#6238 = CARTESIAN_POINT('',(0.4,-1.2,0.));
#6239 = DIRECTION('',(-1.110223024625E-16,1.232595164408E-32,-1.));
#6240 = DIRECTION('',(1.110223024625E-16,1.,0.));
#6241 = PCURVE('',#6187,#6242);
#6242 = DEFINITIONAL_REPRESENTATION('',(#6243),#6247);
#6243 = LINE('',#6244,#6245);
#6244 = CARTESIAN_POINT('',(0.,0.));
#6245 = VECTOR('',#6246,1.);
#6246 = DIRECTION('',(1.,0.));
#6247 = ( GEOMETRIC_REPRESENTATION_CONTEXT(2) 
PARAMETRIC_REPRESENTATION_CONTEXT() REPRESENTATION_CONTEXT('2D SPACE',''
  ) );
#6248 = PCURVE('',#6249,#6254);
#6249 = PLANE('',#6250);
#6250 = AXIS2_PLACEMENT_3D('',#6251,#6252,#6253);
#6251 = CARTESIAN_POINT('',(0.4,-1.2,-3.08572171572E-34));
#6252 = DIRECTION('',(1.110223024625E-16,-1.232595164408E-32,1.));
#6253 = DIRECTION('',(1.,-1.110223024625E-16,-1.110223024625E-16));
#6254 = DEFINITIONAL_REPRESENTATION('',(#6255),#6263);
#6255 = ( BOUNDED_CURVE() B_SPLINE_CURVE(2,(#6256,#6257,#6258,#6259,
#6260,#6261,#6262),.UNSPECIFIED.,.T.,.F.) B_SPLINE_CURVE_WITH_KNOTS((1,2
    ,2,2,2,1),(-2.094395102393,0.,2.094395102393,4.188790204786,
6.28318530718,8.377580409573),.UNSPECIFIED.) CURVE() 
GEOMETRIC_REPRESENTATION_ITEM() RATIONAL_B_SPLINE_CURVE((1.,0.5,1.,0.5,
1.,0.5,1.)) REPRESENTATION_ITEM('') );
#6256 = CARTESIAN_POINT('',(0.,0.15));
#6257 = CARTESIAN_POINT('',(0.259807621135,0.15));
#6258 = CARTESIAN_POINT('',(0.129903810568,-7.5E-02));
#6259 = CARTESIAN_POINT('',(3.673940397442E-17,-0.3));
#6260 = CARTESIAN_POINT('',(-0.129903810568,-7.5E-02));
#6261 = CARTESIAN_POINT('',(-0.259807621135,0.15));
#6262 = CARTESIAN_POINT('',(0.,0.15));
#6263 = ( GEOMETRIC_REPRESENTATION_CONTEXT(2) 
PARAMETRIC_REPRESENTATION_CONTEXT() REPRESENTATION_CONTEXT('2D SPACE',''
  ) );
#6264 = ADVANCED_FACE('',(#6265),#6221,.F.);
#6265 = FACE_BOUND('',#6266,.F.);
#6266 = EDGE_LOOP('',(#6267,#6291,#6318,#6319));
#6267 = ORIENTED_EDGE('',*,*,#6268,.T.);
#6268 = EDGE_CURVE('',#6179,#6269,#6271,.T.);
#6269 = VERTEX_POINT('',#6270);
#6270 = CARTESIAN_POINT('',(0.4,1.05,-6.666666666667));
#6271 = SEAM_CURVE('',#6272,(#6277,#6284),.PCURVE_S1.);
#6272 = CIRCLE('',#6273,1.05);
#6273 = AXIS2_PLACEMENT_3D('',#6274,#6275,#6276);
#6274 = CARTESIAN_POINT('',(0.4,0.,-6.666666666667));
#6275 = DIRECTION('',(1.,-1.110223024625E-16,-1.110223024625E-16));
#6276 = DIRECTION('',(-1.110223024625E-16,-1.,0.));
#6277 = PCURVE('',#6221,#6278);
#6278 = DEFINITIONAL_REPRESENTATION('',(#6279),#6283);
#6279 = LINE('',#6280,#6281);
#6280 = CARTESIAN_POINT('',(0.,3.14159265359));
#6281 = VECTOR('',#6282,1.);
#6282 = DIRECTION('',(1.,0.));
#6283 = ( GEOMETRIC_REPRESENTATION_CONTEXT(2) 
PARAMETRIC_REPRESENTATION_CONTEXT() REPRESENTATION_CONTEXT('2D SPACE',''
  ) );
#6284 = PCURVE('',#6221,#6285);
#6285 = DEFINITIONAL_REPRESENTATION('',(#6286),#6290);
#6286 = LINE('',#6287,#6288);
#6287 = CARTESIAN_POINT('',(0.,9.424777960769));
#6288 = VECTOR('',#6289,1.);
#6289 = DIRECTION('',(1.,0.));
#6290 = ( GEOMETRIC_REPRESENTATION_CONTEXT(2) 
PARAMETRIC_REPRESENTATION_CONTEXT() REPRESENTATION_CONTEXT('2D SPACE',''
  ) );
#6291 = ORIENTED_EDGE('',*,*,#6292,.T.);
#6292 = EDGE_CURVE('',#6269,#6269,#6293,.T.);
#6293 = SURFACE_CURVE('',#6294,(#6299,#6306),.PCURVE_S1.);
#6294 = CIRCLE('',#6295,0.15);
#6295 = AXIS2_PLACEMENT_3D('',#6296,#6297,#6298);
#6296 = CARTESIAN_POINT('',(0.4,1.2,-6.666666666667));
#6297 = DIRECTION('',(-1.110223024625E-16,-1.224646799147E-16,-1.));
#6298 = DIRECTION('',(1.110223024625E-16,1.,-1.224646799147E-16));
#6299 = PCURVE('',#6221,#6300);
#6300 = DEFINITIONAL_REPRESENTATION('',(#6301),#6305);
#6301 = LINE('',#6302,#6303);
#6302 = CARTESIAN_POINT('',(3.14159265359,0.));
#6303 = VECTOR('',#6304,1.);
#6304 = DIRECTION('',(0.,1.));
#6305 = ( GEOMETRIC_REPRESENTATION_CONTEXT(2) 
PARAMETRIC_REPRESENTATION_CONTEXT() REPRESENTATION_CONTEXT('2D SPACE',''
  ) );
#6306 = PCURVE('',#6307,#6312);
#6307 = CYLINDRICAL_SURFACE('',#6308,0.15);
#6308 = AXIS2_PLACEMENT_3D('',#6309,#6310,#6311);
#6309 = CARTESIAN_POINT('',(0.4,1.2,-6.666666666667));
#6310 = DIRECTION('',(1.110223024625E-16,-1.232595164408E-32,1.));
#6311 = DIRECTION('',(-1.110223024625E-16,-1.,0.));
#6312 = DEFINITIONAL_REPRESENTATION('',(#6313),#6317);
#6313 = LINE('',#6314,#6315);
#6314 = CARTESIAN_POINT('',(9.424777960769,0.));
#6315 = VECTOR('',#6316,1.);
#6316 = DIRECTION('',(-1.,-0.));
#6317 = ( GEOMETRIC_REPRESENTATION_CONTEXT(2) 
PARAMETRIC_REPRESENTATION_CONTEXT() REPRESENTATION_CONTEXT('2D SPACE',''
  ) );
#6318 = ORIENTED_EDGE('',*,*,#6268,.F.);
#6319 = ORIENTED_EDGE('',*,*,#6206,.T.);
#6320 = ADVANCED_FACE('',(#6321),#6307,.F.);
#6321 = FACE_BOUND('',#6322,.F.);
#6322 = EDGE_LOOP('',(#6323,#6346,#6377,#6378));
#6323 = ORIENTED_EDGE('',*,*,#6324,.T.);
#6324 = EDGE_CURVE('',#6269,#6325,#6327,.T.);
#6325 = VERTEX_POINT('',#6326);
#6326 = CARTESIAN_POINT('',(0.4,1.05,0.));
#6327 = SEAM_CURVE('',#6328,(#6332,#6339),.PCURVE_S1.);
#6328 = LINE('',#6329,#6330);
#6329 = CARTESIAN_POINT('',(0.4,1.05,-6.666666666667));
#6330 = VECTOR('',#6331,1.);
#6331 = DIRECTION('',(1.110223024625E-16,-1.232595164408E-32,1.));
#6332 = PCURVE('',#6307,#6333);
#6333 = DEFINITIONAL_REPRESENTATION('',(#6334),#6338);
#6334 = LINE('',#6335,#6336);
#6335 = CARTESIAN_POINT('',(6.28318530718,0.));
#6336 = VECTOR('',#6337,1.);
#6337 = DIRECTION('',(0.,1.));
#6338 = ( GEOMETRIC_REPRESENTATION_CONTEXT(2) 
PARAMETRIC_REPRESENTATION_CONTEXT() REPRESENTATION_CONTEXT('2D SPACE',''
  ) );
#6339 = PCURVE('',#6307,#6340);
#6340 = DEFINITIONAL_REPRESENTATION('',(#6341),#6345);
#6341 = LINE('',#6342,#6343);
#6342 = CARTESIAN_POINT('',(0.,0.));
#6343 = VECTOR('',#6344,1.);
#6344 = DIRECTION('',(0.,1.));
#6345 = ( GEOMETRIC_REPRESENTATION_CONTEXT(2) 
PARAMETRIC_REPRESENTATION_CONTEXT() REPRESENTATION_CONTEXT('2D SPACE',''
  ) );
#6346 = ORIENTED_EDGE('',*,*,#6347,.F.);
#6347 = EDGE_CURVE('',#6325,#6325,#6348,.T.);
#6348 = SURFACE_CURVE('',#6349,(#6354,#6361),.PCURVE_S1.);
#6349 = CIRCLE('',#6350,0.15);
#6350 = AXIS2_PLACEMENT_3D('',#6351,#6352,#6353);
#6351 = CARTESIAN_POINT('',(0.4,1.2,0.));
#6352 = DIRECTION('',(1.110223024625E-16,-1.232595164408E-32,1.));
#6353 = DIRECTION('',(-1.110223024625E-16,-1.,0.));
#6354 = PCURVE('',#6307,#6355);
#6355 = DEFINITIONAL_REPRESENTATION('',(#6356),#6360);
#6356 = LINE('',#6357,#6358);
#6357 = CARTESIAN_POINT('',(0.,6.666666666667));
#6358 = VECTOR('',#6359,1.);
#6359 = DIRECTION('',(1.,0.));
#6360 = ( GEOMETRIC_REPRESENTATION_CONTEXT(2) 
PARAMETRIC_REPRESENTATION_CONTEXT() REPRESENTATION_CONTEXT('2D SPACE',''
  ) );
#6361 = PCURVE('',#6362,#6367);
#6362 = PLANE('',#6363);
#6363 = AXIS2_PLACEMENT_3D('',#6364,#6365,#6366);
#6364 = CARTESIAN_POINT('',(0.4,1.2,-1.296959879867E-33));
#6365 = DIRECTION('',(-1.110223024625E-16,1.232595164408E-32,-1.));
#6366 = DIRECTION('',(-1.,1.110223024625E-16,1.110223024625E-16));
#6367 = DEFINITIONAL_REPRESENTATION('',(#6368),#6376);
#6368 = ( BOUNDED_CURVE() B_SPLINE_CURVE(2,(#6369,#6370,#6371,#6372,
#6373,#6374,#6375),.UNSPECIFIED.,.T.,.F.) B_SPLINE_CURVE_WITH_KNOTS((1,2
    ,2,2,2,1),(-2.094395102393,0.,2.094395102393,4.188790204786,
6.28318530718,8.377580409573),.UNSPECIFIED.) CURVE() 
GEOMETRIC_REPRESENTATION_ITEM() RATIONAL_B_SPLINE_CURVE((1.,0.5,1.,0.5,
1.,0.5,1.)) REPRESENTATION_ITEM('') );
#6369 = CARTESIAN_POINT('',(4.930380657631E-32,-0.15));
#6370 = CARTESIAN_POINT('',(-0.259807621135,-0.15));
#6371 = CARTESIAN_POINT('',(-0.129903810568,7.5E-02));
#6372 = CARTESIAN_POINT('',(-3.673940397442E-17,0.3));
#6373 = CARTESIAN_POINT('',(0.129903810568,7.5E-02));
#6374 = CARTESIAN_POINT('',(0.259807621135,-0.15));
#6375 = CARTESIAN_POINT('',(4.930380657631E-32,-0.15));
#6376 = ( GEOMETRIC_REPRESENTATION_CONTEXT(2) 
PARAMETRIC_REPRESENTATION_CONTEXT() REPRESENTATION_CONTEXT('2D SPACE',''
  ) );
#6377 = ORIENTED_EDGE('',*,*,#6324,.F.);
#6378 = ORIENTED_EDGE('',*,*,#6292,.F.);
#6379 = ADVANCED_FACE('',(#6380,#6383),#6249,.T.);
#6380 = FACE_BOUND('',#6381,.T.);
#6381 = EDGE_LOOP('',(#6382));
#6382 = ORIENTED_EDGE('',*,*,#6234,.T.);
#6383 = FACE_BOUND('',#6384,.T.);
#6384 = EDGE_LOOP('',(#6385));
#6385 = ORIENTED_EDGE('',*,*,#6386,.F.);
#6386 = EDGE_CURVE('',#6387,#6387,#6389,.T.);
#6387 = VERTEX_POINT('',#6388);
#6388 = CARTESIAN_POINT('',(0.4,-1.045,4.214856327685E-33));
#6389 = SURFACE_CURVE('',#6390,(#6395,#6406),.PCURVE_S1.);
#6390 = CIRCLE('',#6391,0.155);
#6391 = AXIS2_PLACEMENT_3D('',#6392,#6393,#6394);
#6392 = CARTESIAN_POINT('',(0.4,-1.2,0.));
#6393 = DIRECTION('',(-1.110223024625E-16,1.232595164408E-32,-1.));
#6394 = DIRECTION('',(1.110223024625E-16,1.,0.));
#6395 = PCURVE('',#6249,#6396);
#6396 = DEFINITIONAL_REPRESENTATION('',(#6397),#6405);
#6397 = ( BOUNDED_CURVE() B_SPLINE_CURVE(2,(#6398,#6399,#6400,#6401,
#6402,#6403,#6404),.UNSPECIFIED.,.T.,.F.) B_SPLINE_CURVE_WITH_KNOTS((1,2
    ,2,2,2,1),(-2.094395102393,0.,2.094395102393,4.188790204786,
6.28318530718,8.377580409573),.UNSPECIFIED.) CURVE() 
GEOMETRIC_REPRESENTATION_ITEM() RATIONAL_B_SPLINE_CURVE((1.,0.5,1.,0.5,
1.,0.5,1.)) REPRESENTATION_ITEM('') );
#6398 = CARTESIAN_POINT('',(0.,0.155));
#6399 = CARTESIAN_POINT('',(0.268467875173,0.155));
#6400 = CARTESIAN_POINT('',(0.134233937587,-7.75E-02));
#6401 = CARTESIAN_POINT('',(3.796405077357E-17,-0.31));
#6402 = CARTESIAN_POINT('',(-0.134233937587,-7.75E-02));
#6403 = CARTESIAN_POINT('',(-0.268467875173,0.155));
#6404 = CARTESIAN_POINT('',(0.,0.155));
#6405 = ( GEOMETRIC_REPRESENTATION_CONTEXT(2) 
PARAMETRIC_REPRESENTATION_CONTEXT() REPRESENTATION_CONTEXT('2D SPACE',''
  ) );
#6406 = PCURVE('',#6407,#6412);
#6407 = CYLINDRICAL_SURFACE('',#6408,0.155);
#6408 = AXIS2_PLACEMENT_3D('',#6409,#6410,#6411);
#6409 = CARTESIAN_POINT('',(0.4,-1.2,0.));
#6410 = DIRECTION('',(-1.110223024625E-16,1.232595164408E-32,-1.));
#6411 = DIRECTION('',(1.110223024625E-16,1.,0.));
#6412 = DEFINITIONAL_REPRESENTATION('',(#6413),#6417);
#6413 = LINE('',#6414,#6415);
#6414 = CARTESIAN_POINT('',(0.,0.));
#6415 = VECTOR('',#6416,1.);
#6416 = DIRECTION('',(1.,0.));
#6417 = ( GEOMETRIC_REPRESENTATION_CONTEXT(2) 
PARAMETRIC_REPRESENTATION_CONTEXT() REPRESENTATION_CONTEXT('2D SPACE',''
  ) );
#6418 = ADVANCED_FACE('',(#6419),#6407,.T.);
#6419 = FACE_BOUND('',#6420,.T.);
#6420 = EDGE_LOOP('',(#6421,#6444,#6445,#6446));
#6421 = ORIENTED_EDGE('',*,*,#6422,.F.);
#6422 = EDGE_CURVE('',#6387,#6423,#6425,.T.);
#6423 = VERTEX_POINT('',#6424);
#6424 = CARTESIAN_POINT('',(0.4,-1.045,-6.666666666667));
#6425 = SEAM_CURVE('',#6426,(#6430,#6437),.PCURVE_S1.);
#6426 = LINE('',#6427,#6428);
#6427 = CARTESIAN_POINT('',(0.4,-1.045,4.214856327685E-33));
#6428 = VECTOR('',#6429,1.);
#6429 = DIRECTION('',(-1.110223024625E-16,1.232595164408E-32,-1.));
#6430 = PCURVE('',#6407,#6431);
#6431 = DEFINITIONAL_REPRESENTATION('',(#6432),#6436);
#6432 = LINE('',#6433,#6434);
#6433 = CARTESIAN_POINT('',(0.,0.));
#6434 = VECTOR('',#6435,1.);
#6435 = DIRECTION('',(0.,1.));
#6436 = ( GEOMETRIC_REPRESENTATION_CONTEXT(2) 
PARAMETRIC_REPRESENTATION_CONTEXT() REPRESENTATION_CONTEXT('2D SPACE',''
  ) );
#6437 = PCURVE('',#6407,#6438);
#6438 = DEFINITIONAL_REPRESENTATION('',(#6439),#6443);
#6439 = LINE('',#6440,#6441);
#6440 = CARTESIAN_POINT('',(6.28318530718,0.));
#6441 = VECTOR('',#6442,1.);
#6442 = DIRECTION('',(0.,1.));
#6443 = ( GEOMETRIC_REPRESENTATION_CONTEXT(2) 
PARAMETRIC_REPRESENTATION_CONTEXT() REPRESENTATION_CONTEXT('2D SPACE',''
  ) );
#6444 = ORIENTED_EDGE('',*,*,#6386,.T.);
#6445 = ORIENTED_EDGE('',*,*,#6422,.T.);
#6446 = ORIENTED_EDGE('',*,*,#6447,.F.);
#6447 = EDGE_CURVE('',#6423,#6423,#6448,.T.);
#6448 = SURFACE_CURVE('',#6449,(#6454,#6461),.PCURVE_S1.);
#6449 = CIRCLE('',#6450,0.155);
#6450 = AXIS2_PLACEMENT_3D('',#6451,#6452,#6453);
#6451 = CARTESIAN_POINT('',(0.4,-1.2,-6.666666666667));
#6452 = DIRECTION('',(-1.110223024625E-16,1.232595164408E-32,-1.));
#6453 = DIRECTION('',(4.784163422067E-16,1.,-4.078893220341E-32));
#6454 = PCURVE('',#6407,#6455);
#6455 = DEFINITIONAL_REPRESENTATION('',(#6456),#6460);
#6456 = LINE('',#6457,#6458);
#6457 = CARTESIAN_POINT('',(0.,6.666666666667));
#6458 = VECTOR('',#6459,1.);
#6459 = DIRECTION('',(1.,0.));
#6460 = ( GEOMETRIC_REPRESENTATION_CONTEXT(2) 
PARAMETRIC_REPRESENTATION_CONTEXT() REPRESENTATION_CONTEXT('2D SPACE',''
  ) );
#6461 = PCURVE('',#6462,#6467);
#6462 = TOROIDAL_SURFACE('',#6463,1.2,0.155);
#6463 = AXIS2_PLACEMENT_3D('',#6464,#6465,#6466);
#6464 = CARTESIAN_POINT('',(0.4,0.,-6.666666666667));
#6465 = DIRECTION('',(1.,-1.110223024625E-16,-1.110223024625E-16));
#6466 = DIRECTION('',(-1.110223024625E-16,-1.,0.));
#6467 = DEFINITIONAL_REPRESENTATION('',(#6468),#6472);
#6468 = LINE('',#6469,#6470);
#6469 = CARTESIAN_POINT('',(0.,9.424777960769));
#6470 = VECTOR('',#6471,1.);
#6471 = DIRECTION('',(-0.,-1.));
#6472 = ( GEOMETRIC_REPRESENTATION_CONTEXT(2) 
PARAMETRIC_REPRESENTATION_CONTEXT() REPRESENTATION_CONTEXT('2D SPACE',''
  ) );
#6473 = ADVANCED_FACE('',(#6474),#6462,.T.);
#6474 = FACE_BOUND('',#6475,.T.);
#6475 = EDGE_LOOP('',(#6476,#6500,#6527,#6528));
#6476 = ORIENTED_EDGE('',*,*,#6477,.T.);
#6477 = EDGE_CURVE('',#6423,#6478,#6480,.T.);
#6478 = VERTEX_POINT('',#6479);
#6479 = CARTESIAN_POINT('',(0.4,1.045,-6.666666666667));
#6480 = SEAM_CURVE('',#6481,(#6486,#6493),.PCURVE_S1.);
#6481 = CIRCLE('',#6482,1.045);
#6482 = AXIS2_PLACEMENT_3D('',#6483,#6484,#6485);
#6483 = CARTESIAN_POINT('',(0.4,-2.107428163843E-33,-6.666666666667));
#6484 = DIRECTION('',(1.,-1.110223024625E-16,-1.110223024625E-16));
#6485 = DIRECTION('',(-1.110223024625E-16,-1.,0.));
#6486 = PCURVE('',#6462,#6487);
#6487 = DEFINITIONAL_REPRESENTATION('',(#6488),#6492);
#6488 = LINE('',#6489,#6490);
#6489 = CARTESIAN_POINT('',(0.,3.14159265359));
#6490 = VECTOR('',#6491,1.);
#6491 = DIRECTION('',(1.,0.));
#6492 = ( GEOMETRIC_REPRESENTATION_CONTEXT(2) 
PARAMETRIC_REPRESENTATION_CONTEXT() REPRESENTATION_CONTEXT('2D SPACE',''
  ) );
#6493 = PCURVE('',#6462,#6494);
#6494 = DEFINITIONAL_REPRESENTATION('',(#6495),#6499);
#6495 = LINE('',#6496,#6497);
#6496 = CARTESIAN_POINT('',(0.,9.424777960769));
#6497 = VECTOR('',#6498,1.);
#6498 = DIRECTION('',(1.,0.));
#6499 = ( GEOMETRIC_REPRESENTATION_CONTEXT(2) 
PARAMETRIC_REPRESENTATION_CONTEXT() REPRESENTATION_CONTEXT('2D SPACE',''
  ) );
#6500 = ORIENTED_EDGE('',*,*,#6501,.T.);
#6501 = EDGE_CURVE('',#6478,#6478,#6502,.T.);
#6502 = SURFACE_CURVE('',#6503,(#6508,#6515),.PCURVE_S1.);
#6503 = CIRCLE('',#6504,0.155);
#6504 = AXIS2_PLACEMENT_3D('',#6505,#6506,#6507);
#6505 = CARTESIAN_POINT('',(0.4,1.2,-6.666666666667));
#6506 = DIRECTION('',(-1.110223024625E-16,-1.224646799147E-16,-1.));
#6507 = DIRECTION('',(1.110223024625E-16,1.,-1.224646799147E-16));
#6508 = PCURVE('',#6462,#6509);
#6509 = DEFINITIONAL_REPRESENTATION('',(#6510),#6514);
#6510 = LINE('',#6511,#6512);
#6511 = CARTESIAN_POINT('',(3.14159265359,0.));
#6512 = VECTOR('',#6513,1.);
#6513 = DIRECTION('',(0.,1.));
#6514 = ( GEOMETRIC_REPRESENTATION_CONTEXT(2) 
PARAMETRIC_REPRESENTATION_CONTEXT() REPRESENTATION_CONTEXT('2D SPACE',''
  ) );
#6515 = PCURVE('',#6516,#6521);
#6516 = CYLINDRICAL_SURFACE('',#6517,0.155);
#6517 = AXIS2_PLACEMENT_3D('',#6518,#6519,#6520);
#6518 = CARTESIAN_POINT('',(0.4,1.2,-6.666666666667));
#6519 = DIRECTION('',(1.110223024625E-16,-1.232595164408E-32,1.));
#6520 = DIRECTION('',(-1.110223024625E-16,-1.,0.));
#6521 = DEFINITIONAL_REPRESENTATION('',(#6522),#6526);
#6522 = LINE('',#6523,#6524);
#6523 = CARTESIAN_POINT('',(9.424777960769,0.));
#6524 = VECTOR('',#6525,1.);
#6525 = DIRECTION('',(-1.,-0.));
#6526 = ( GEOMETRIC_REPRESENTATION_CONTEXT(2) 
PARAMETRIC_REPRESENTATION_CONTEXT() REPRESENTATION_CONTEXT('2D SPACE',''
  ) );
#6527 = ORIENTED_EDGE('',*,*,#6477,.F.);
#6528 = ORIENTED_EDGE('',*,*,#6447,.T.);
#6529 = ADVANCED_FACE('',(#6530,#6533),#6362,.F.);
#6530 = FACE_BOUND('',#6531,.F.);
#6531 = EDGE_LOOP('',(#6532));
#6532 = ORIENTED_EDGE('',*,*,#6347,.T.);
#6533 = FACE_BOUND('',#6534,.F.);
#6534 = EDGE_LOOP('',(#6535));
#6535 = ORIENTED_EDGE('',*,*,#6536,.F.);
#6536 = EDGE_CURVE('',#6537,#6537,#6539,.T.);
#6537 = VERTEX_POINT('',#6538);
#6538 = CARTESIAN_POINT('',(0.4,1.045,0.));
#6539 = SURFACE_CURVE('',#6540,(#6545,#6556),.PCURVE_S1.);
#6540 = CIRCLE('',#6541,0.155);
#6541 = AXIS2_PLACEMENT_3D('',#6542,#6543,#6544);
#6542 = CARTESIAN_POINT('',(0.4,1.2,0.));
#6543 = DIRECTION('',(1.110223024625E-16,-1.232595164408E-32,1.));
#6544 = DIRECTION('',(-1.110223024625E-16,-1.,0.));
#6545 = PCURVE('',#6362,#6546);
#6546 = DEFINITIONAL_REPRESENTATION('',(#6547),#6555);
#6547 = ( BOUNDED_CURVE() B_SPLINE_CURVE(2,(#6548,#6549,#6550,#6551,
#6552,#6553,#6554),.UNSPECIFIED.,.T.,.F.) B_SPLINE_CURVE_WITH_KNOTS((1,2
    ,2,2,2,1),(-2.094395102393,0.,2.094395102393,4.188790204786,
6.28318530718,8.377580409573),.UNSPECIFIED.) CURVE() 
GEOMETRIC_REPRESENTATION_ITEM() RATIONAL_B_SPLINE_CURVE((1.,0.5,1.,0.5,
1.,0.5,1.)) REPRESENTATION_ITEM('') );
#6548 = CARTESIAN_POINT('',(5.551115123126E-17,-0.155));
#6549 = CARTESIAN_POINT('',(-0.268467875173,-0.155));
#6550 = CARTESIAN_POINT('',(-0.134233937587,7.75E-02));
#6551 = CARTESIAN_POINT('',(1.754710045769E-17,0.31));
#6552 = CARTESIAN_POINT('',(0.134233937587,7.75E-02));
#6553 = CARTESIAN_POINT('',(0.268467875173,-0.155));
#6554 = CARTESIAN_POINT('',(5.551115123126E-17,-0.155));
#6555 = ( GEOMETRIC_REPRESENTATION_CONTEXT(2) 
PARAMETRIC_REPRESENTATION_CONTEXT() REPRESENTATION_CONTEXT('2D SPACE',''
  ) );
#6556 = PCURVE('',#6516,#6557);
#6557 = DEFINITIONAL_REPRESENTATION('',(#6558),#6562);
#6558 = LINE('',#6559,#6560);
#6559 = CARTESIAN_POINT('',(0.,6.666666666667));
#6560 = VECTOR('',#6561,1.);
#6561 = DIRECTION('',(1.,0.));
#6562 = ( GEOMETRIC_REPRESENTATION_CONTEXT(2) 
PARAMETRIC_REPRESENTATION_CONTEXT() REPRESENTATION_CONTEXT('2D SPACE',''
  ) );
#6563 = ADVANCED_FACE('',(#6564),#6516,.T.);
#6564 = FACE_BOUND('',#6565,.T.);
#6565 = EDGE_LOOP('',(#6566,#6587,#6588,#6589));
#6566 = ORIENTED_EDGE('',*,*,#6567,.F.);
#6567 = EDGE_CURVE('',#6478,#6537,#6568,.T.);
#6568 = SEAM_CURVE('',#6569,(#6573,#6580),.PCURVE_S1.);
#6569 = LINE('',#6570,#6571);
#6570 = CARTESIAN_POINT('',(0.4,1.045,-6.666666666667));
#6571 = VECTOR('',#6572,1.);
#6572 = DIRECTION('',(1.110223024625E-16,-1.232595164408E-32,1.));
#6573 = PCURVE('',#6516,#6574);
#6574 = DEFINITIONAL_REPRESENTATION('',(#6575),#6579);
#6575 = LINE('',#6576,#6577);
#6576 = CARTESIAN_POINT('',(0.,0.));
#6577 = VECTOR('',#6578,1.);
#6578 = DIRECTION('',(0.,1.));
#6579 = ( GEOMETRIC_REPRESENTATION_CONTEXT(2) 
PARAMETRIC_REPRESENTATION_CONTEXT() REPRESENTATION_CONTEXT('2D SPACE',''
  ) );
#6580 = PCURVE('',#6516,#6581);
#6581 = DEFINITIONAL_REPRESENTATION('',(#6582),#6586);
#6582 = LINE('',#6583,#6584);
#6583 = CARTESIAN_POINT('',(6.28318530718,0.));
#6584 = VECTOR('',#6585,1.);
#6585 = DIRECTION('',(0.,1.));
#6586 = ( GEOMETRIC_REPRESENTATION_CONTEXT(2) 
PARAMETRIC_REPRESENTATION_CONTEXT() REPRESENTATION_CONTEXT('2D SPACE',''
  ) );
#6587 = ORIENTED_EDGE('',*,*,#6501,.F.);
#6588 = ORIENTED_EDGE('',*,*,#6567,.T.);
#6589 = ORIENTED_EDGE('',*,*,#6536,.F.);
#6590 = MANIFOLD_SOLID_BREP('',#6591);
#6591 = CLOSED_SHELL('',(#6592,#6684,#6740,#6799,#6838,#6893,#6949,#6983
    ));
#6592 = ADVANCED_FACE('',(#6593),#6607,.F.);
#6593 = FACE_BOUND('',#6594,.F.);
#6594 = EDGE_LOOP('',(#6595,#6625,#6652,#6653));
#6595 = ORIENTED_EDGE('',*,*,#6596,.T.);
#6596 = EDGE_CURVE('',#6597,#6599,#6601,.T.);
#6597 = VERTEX_POINT('',#6598);
#6598 = CARTESIAN_POINT('',(-0.4,-1.05,0.));
#6599 = VERTEX_POINT('',#6600);
#6600 = CARTESIAN_POINT('',(-0.4,-1.05,-6.666666666667));
#6601 = SEAM_CURVE('',#6602,(#6606,#6618),.PCURVE_S1.);
#6602 = LINE('',#6603,#6604);
#6603 = CARTESIAN_POINT('',(-0.4,-1.05,4.078893220341E-33));
#6604 = VECTOR('',#6605,1.);
#6605 = DIRECTION('',(-1.110223024625E-16,1.232595164408E-32,-1.));
#6606 = PCURVE('',#6607,#6612);
#6607 = CYLINDRICAL_SURFACE('',#6608,0.15);
#6608 = AXIS2_PLACEMENT_3D('',#6609,#6610,#6611);
#6609 = CARTESIAN_POINT('',(-0.4,-1.2,0.));
#6610 = DIRECTION('',(-1.110223024625E-16,1.232595164408E-32,-1.));
#6611 = DIRECTION('',(1.110223024625E-16,1.,0.));
#6612 = DEFINITIONAL_REPRESENTATION('',(#6613),#6617);
#6613 = LINE('',#6614,#6615);
#6614 = CARTESIAN_POINT('',(6.28318530718,0.));
#6615 = VECTOR('',#6616,1.);
#6616 = DIRECTION('',(0.,1.));
#6617 = ( GEOMETRIC_REPRESENTATION_CONTEXT(2) 
PARAMETRIC_REPRESENTATION_CONTEXT() REPRESENTATION_CONTEXT('2D SPACE',''
  ) );
#6618 = PCURVE('',#6607,#6619);
#6619 = DEFINITIONAL_REPRESENTATION('',(#6620),#6624);
#6620 = LINE('',#6621,#6622);
#6621 = CARTESIAN_POINT('',(0.,0.));
#6622 = VECTOR('',#6623,1.);
#6623 = DIRECTION('',(0.,1.));
#6624 = ( GEOMETRIC_REPRESENTATION_CONTEXT(2) 
PARAMETRIC_REPRESENTATION_CONTEXT() REPRESENTATION_CONTEXT('2D SPACE',''
  ) );
#6625 = ORIENTED_EDGE('',*,*,#6626,.F.);
#6626 = EDGE_CURVE('',#6599,#6599,#6627,.T.);
#6627 = SURFACE_CURVE('',#6628,(#6633,#6640),.PCURVE_S1.);
#6628 = CIRCLE('',#6629,0.15);
#6629 = AXIS2_PLACEMENT_3D('',#6630,#6631,#6632);
#6630 = CARTESIAN_POINT('',(-0.4,-1.2,-6.666666666667));
#6631 = DIRECTION('',(-1.110223024625E-16,1.232595164408E-32,-1.));
#6632 = DIRECTION('',(1.110223024625E-16,1.,0.));
#6633 = PCURVE('',#6607,#6634);
#6634 = DEFINITIONAL_REPRESENTATION('',(#6635),#6639);
#6635 = LINE('',#6636,#6637);
#6636 = CARTESIAN_POINT('',(0.,6.666666666667));
#6637 = VECTOR('',#6638,1.);
#6638 = DIRECTION('',(1.,0.));
#6639 = ( GEOMETRIC_REPRESENTATION_CONTEXT(2) 
PARAMETRIC_REPRESENTATION_CONTEXT() REPRESENTATION_CONTEXT('2D SPACE',''
  ) );
#6640 = PCURVE('',#6641,#6646);
#6641 = TOROIDAL_SURFACE('',#6642,1.2,0.15);
#6642 = AXIS2_PLACEMENT_3D('',#6643,#6644,#6645);
#6643 = CARTESIAN_POINT('',(-0.4,0.,-6.666666666667));
#6644 = DIRECTION('',(1.,-1.110223024625E-16,-1.110223024625E-16));
#6645 = DIRECTION('',(-1.110223024625E-16,-1.,0.));
#6646 = DEFINITIONAL_REPRESENTATION('',(#6647),#6651);
#6647 = LINE('',#6648,#6649);
#6648 = CARTESIAN_POINT('',(0.,9.424777960769));
#6649 = VECTOR('',#6650,1.);
#6650 = DIRECTION('',(-0.,-1.));
#6651 = ( GEOMETRIC_REPRESENTATION_CONTEXT(2) 
PARAMETRIC_REPRESENTATION_CONTEXT() REPRESENTATION_CONTEXT('2D SPACE',''
  ) );
#6652 = ORIENTED_EDGE('',*,*,#6596,.F.);
#6653 = ORIENTED_EDGE('',*,*,#6654,.T.);
#6654 = EDGE_CURVE('',#6597,#6597,#6655,.T.);
#6655 = SURFACE_CURVE('',#6656,(#6661,#6668),.PCURVE_S1.);
#6656 = CIRCLE('',#6657,0.15);
#6657 = AXIS2_PLACEMENT_3D('',#6658,#6659,#6660);
#6658 = CARTESIAN_POINT('',(-0.4,-1.2,0.));
#6659 = DIRECTION('',(-1.110223024625E-16,1.232595164408E-32,-1.));
#6660 = DIRECTION('',(1.110223024625E-16,1.,0.));
#6661 = PCURVE('',#6607,#6662);
#6662 = DEFINITIONAL_REPRESENTATION('',(#6663),#6667);
#6663 = LINE('',#6664,#6665);
#6664 = CARTESIAN_POINT('',(0.,0.));
#6665 = VECTOR('',#6666,1.);
#6666 = DIRECTION('',(1.,0.));
#6667 = ( GEOMETRIC_REPRESENTATION_CONTEXT(2) 
PARAMETRIC_REPRESENTATION_CONTEXT() REPRESENTATION_CONTEXT('2D SPACE',''
  ) );
#6668 = PCURVE('',#6669,#6674);
#6669 = PLANE('',#6670);
#6670 = AXIS2_PLACEMENT_3D('',#6671,#6672,#6673);
#6671 = CARTESIAN_POINT('',(-0.4,-1.2,-3.08572171572E-34));
#6672 = DIRECTION('',(1.110223024625E-16,-1.232595164408E-32,1.));
#6673 = DIRECTION('',(1.,-1.110223024625E-16,-1.110223024625E-16));
#6674 = DEFINITIONAL_REPRESENTATION('',(#6675),#6683);
#6675 = ( BOUNDED_CURVE() B_SPLINE_CURVE(2,(#6676,#6677,#6678,#6679,
#6680,#6681,#6682),.UNSPECIFIED.,.T.,.F.) B_SPLINE_CURVE_WITH_KNOTS((1,2
    ,2,2,2,1),(-2.094395102393,0.,2.094395102393,4.188790204786,
6.28318530718,8.377580409573),.UNSPECIFIED.) CURVE() 
GEOMETRIC_REPRESENTATION_ITEM() RATIONAL_B_SPLINE_CURVE((1.,0.5,1.,0.5,
1.,0.5,1.)) REPRESENTATION_ITEM('') );
#6676 = CARTESIAN_POINT('',(0.,0.15));
#6677 = CARTESIAN_POINT('',(0.259807621135,0.15));
#6678 = CARTESIAN_POINT('',(0.129903810568,-7.5E-02));
#6679 = CARTESIAN_POINT('',(3.673940397442E-17,-0.3));
#6680 = CARTESIAN_POINT('',(-0.129903810568,-7.5E-02));
#6681 = CARTESIAN_POINT('',(-0.259807621135,0.15));
#6682 = CARTESIAN_POINT('',(0.,0.15));
#6683 = ( GEOMETRIC_REPRESENTATION_CONTEXT(2) 
PARAMETRIC_REPRESENTATION_CONTEXT() REPRESENTATION_CONTEXT('2D SPACE',''
  ) );
#6684 = ADVANCED_FACE('',(#6685),#6641,.F.);
#6685 = FACE_BOUND('',#6686,.F.);
#6686 = EDGE_LOOP('',(#6687,#6711,#6738,#6739));
#6687 = ORIENTED_EDGE('',*,*,#6688,.T.);
#6688 = EDGE_CURVE('',#6599,#6689,#6691,.T.);
#6689 = VERTEX_POINT('',#6690);
#6690 = CARTESIAN_POINT('',(-0.4,1.05,-6.666666666667));
#6691 = SEAM_CURVE('',#6692,(#6697,#6704),.PCURVE_S1.);
#6692 = CIRCLE('',#6693,1.05);
#6693 = AXIS2_PLACEMENT_3D('',#6694,#6695,#6696);
#6694 = CARTESIAN_POINT('',(-0.4,0.,-6.666666666667));
#6695 = DIRECTION('',(1.,-1.110223024625E-16,-1.110223024625E-16));
#6696 = DIRECTION('',(-1.110223024625E-16,-1.,0.));
#6697 = PCURVE('',#6641,#6698);
#6698 = DEFINITIONAL_REPRESENTATION('',(#6699),#6703);
#6699 = LINE('',#6700,#6701);
#6700 = CARTESIAN_POINT('',(0.,3.14159265359));
#6701 = VECTOR('',#6702,1.);
#6702 = DIRECTION('',(1.,0.));
#6703 = ( GEOMETRIC_REPRESENTATION_CONTEXT(2) 
PARAMETRIC_REPRESENTATION_CONTEXT() REPRESENTATION_CONTEXT('2D SPACE',''
  ) );
#6704 = PCURVE('',#6641,#6705);
#6705 = DEFINITIONAL_REPRESENTATION('',(#6706),#6710);
#6706 = LINE('',#6707,#6708);
#6707 = CARTESIAN_POINT('',(0.,9.424777960769));
#6708 = VECTOR('',#6709,1.);
#6709 = DIRECTION('',(1.,0.));
#6710 = ( GEOMETRIC_REPRESENTATION_CONTEXT(2) 
PARAMETRIC_REPRESENTATION_CONTEXT() REPRESENTATION_CONTEXT('2D SPACE',''
  ) );
#6711 = ORIENTED_EDGE('',*,*,#6712,.T.);
#6712 = EDGE_CURVE('',#6689,#6689,#6713,.T.);
#6713 = SURFACE_CURVE('',#6714,(#6719,#6726),.PCURVE_S1.);
#6714 = CIRCLE('',#6715,0.15);
#6715 = AXIS2_PLACEMENT_3D('',#6716,#6717,#6718);
#6716 = CARTESIAN_POINT('',(-0.4,1.2,-6.666666666667));
#6717 = DIRECTION('',(-1.110223024625E-16,-1.224646799147E-16,-1.));
#6718 = DIRECTION('',(1.110223024625E-16,1.,-1.224646799147E-16));
#6719 = PCURVE('',#6641,#6720);
#6720 = DEFINITIONAL_REPRESENTATION('',(#6721),#6725);
#6721 = LINE('',#6722,#6723);
#6722 = CARTESIAN_POINT('',(3.14159265359,0.));
#6723 = VECTOR('',#6724,1.);
#6724 = DIRECTION('',(0.,1.));
#6725 = ( GEOMETRIC_REPRESENTATION_CONTEXT(2) 
PARAMETRIC_REPRESENTATION_CONTEXT() REPRESENTATION_CONTEXT('2D SPACE',''
  ) );
#6726 = PCURVE('',#6727,#6732);
#6727 = CYLINDRICAL_SURFACE('',#6728,0.15);
#6728 = AXIS2_PLACEMENT_3D('',#6729,#6730,#6731);
#6729 = CARTESIAN_POINT('',(-0.4,1.2,-6.666666666667));
#6730 = DIRECTION('',(1.110223024625E-16,-1.232595164408E-32,1.));
#6731 = DIRECTION('',(-1.110223024625E-16,-1.,0.));
#6732 = DEFINITIONAL_REPRESENTATION('',(#6733),#6737);
#6733 = LINE('',#6734,#6735);
#6734 = CARTESIAN_POINT('',(9.424777960769,0.));
#6735 = VECTOR('',#6736,1.);
#6736 = DIRECTION('',(-1.,-0.));
#6737 = ( GEOMETRIC_REPRESENTATION_CONTEXT(2) 
PARAMETRIC_REPRESENTATION_CONTEXT() REPRESENTATION_CONTEXT('2D SPACE',''
  ) );
#6738 = ORIENTED_EDGE('',*,*,#6688,.F.);
#6739 = ORIENTED_EDGE('',*,*,#6626,.T.);
#6740 = ADVANCED_FACE('',(#6741),#6727,.F.);
#6741 = FACE_BOUND('',#6742,.F.);
#6742 = EDGE_LOOP('',(#6743,#6766,#6797,#6798));
#6743 = ORIENTED_EDGE('',*,*,#6744,.T.);
#6744 = EDGE_CURVE('',#6689,#6745,#6747,.T.);
#6745 = VERTEX_POINT('',#6746);
#6746 = CARTESIAN_POINT('',(-0.4,1.05,0.));
#6747 = SEAM_CURVE('',#6748,(#6752,#6759),.PCURVE_S1.);
#6748 = LINE('',#6749,#6750);
#6749 = CARTESIAN_POINT('',(-0.4,1.05,-6.666666666667));
#6750 = VECTOR('',#6751,1.);
#6751 = DIRECTION('',(1.110223024625E-16,-1.232595164408E-32,1.));
#6752 = PCURVE('',#6727,#6753);
#6753 = DEFINITIONAL_REPRESENTATION('',(#6754),#6758);
#6754 = LINE('',#6755,#6756);
#6755 = CARTESIAN_POINT('',(6.28318530718,0.));
#6756 = VECTOR('',#6757,1.);
#6757 = DIRECTION('',(0.,1.));
#6758 = ( GEOMETRIC_REPRESENTATION_CONTEXT(2) 
PARAMETRIC_REPRESENTATION_CONTEXT() REPRESENTATION_CONTEXT('2D SPACE',''
  ) );
#6759 = PCURVE('',#6727,#6760);
#6760 = DEFINITIONAL_REPRESENTATION('',(#6761),#6765);
#6761 = LINE('',#6762,#6763);
#6762 = CARTESIAN_POINT('',(0.,0.));
#6763 = VECTOR('',#6764,1.);
#6764 = DIRECTION('',(0.,1.));
#6765 = ( GEOMETRIC_REPRESENTATION_CONTEXT(2) 
PARAMETRIC_REPRESENTATION_CONTEXT() REPRESENTATION_CONTEXT('2D SPACE',''
  ) );
#6766 = ORIENTED_EDGE('',*,*,#6767,.F.);
#6767 = EDGE_CURVE('',#6745,#6745,#6768,.T.);
#6768 = SURFACE_CURVE('',#6769,(#6774,#6781),.PCURVE_S1.);
#6769 = CIRCLE('',#6770,0.15);
#6770 = AXIS2_PLACEMENT_3D('',#6771,#6772,#6773);
#6771 = CARTESIAN_POINT('',(-0.4,1.2,0.));
#6772 = DIRECTION('',(1.110223024625E-16,-1.232595164408E-32,1.));
#6773 = DIRECTION('',(-1.110223024625E-16,-1.,0.));
#6774 = PCURVE('',#6727,#6775);
#6775 = DEFINITIONAL_REPRESENTATION('',(#6776),#6780);
#6776 = LINE('',#6777,#6778);
#6777 = CARTESIAN_POINT('',(0.,6.666666666667));
#6778 = VECTOR('',#6779,1.);
#6779 = DIRECTION('',(1.,0.));
#6780 = ( GEOMETRIC_REPRESENTATION_CONTEXT(2) 
PARAMETRIC_REPRESENTATION_CONTEXT() REPRESENTATION_CONTEXT('2D SPACE',''
  ) );
#6781 = PCURVE('',#6782,#6787);
#6782 = PLANE('',#6783);
#6783 = AXIS2_PLACEMENT_3D('',#6784,#6785,#6786);
#6784 = CARTESIAN_POINT('',(-0.4,1.2,-1.296959879867E-33));
#6785 = DIRECTION('',(-1.110223024625E-16,1.232595164408E-32,-1.));
#6786 = DIRECTION('',(-1.,1.110223024625E-16,1.110223024625E-16));
#6787 = DEFINITIONAL_REPRESENTATION('',(#6788),#6796);
#6788 = ( BOUNDED_CURVE() B_SPLINE_CURVE(2,(#6789,#6790,#6791,#6792,
#6793,#6794,#6795),.UNSPECIFIED.,.T.,.F.) B_SPLINE_CURVE_WITH_KNOTS((1,2
    ,2,2,2,1),(-2.094395102393,0.,2.094395102393,4.188790204786,
6.28318530718,8.377580409573),.UNSPECIFIED.) CURVE() 
GEOMETRIC_REPRESENTATION_ITEM() RATIONAL_B_SPLINE_CURVE((1.,0.5,1.,0.5,
1.,0.5,1.)) REPRESENTATION_ITEM('') );
#6789 = CARTESIAN_POINT('',(4.930380657631E-32,-0.15));
#6790 = CARTESIAN_POINT('',(-0.259807621135,-0.15));
#6791 = CARTESIAN_POINT('',(-0.129903810568,7.5E-02));
#6792 = CARTESIAN_POINT('',(-3.673940397442E-17,0.3));
#6793 = CARTESIAN_POINT('',(0.129903810568,7.5E-02));
#6794 = CARTESIAN_POINT('',(0.259807621135,-0.15));
#6795 = CARTESIAN_POINT('',(4.930380657631E-32,-0.15));
#6796 = ( GEOMETRIC_REPRESENTATION_CONTEXT(2) 
PARAMETRIC_REPRESENTATION_CONTEXT() REPRESENTATION_CONTEXT('2D SPACE',''
  ) );
#6797 = ORIENTED_EDGE('',*,*,#6744,.F.);
#6798 = ORIENTED_EDGE('',*,*,#6712,.F.);
#6799 = ADVANCED_FACE('',(#6800,#6803),#6669,.T.);
#6800 = FACE_BOUND('',#6801,.T.);
#6801 = EDGE_LOOP('',(#6802));
#6802 = ORIENTED_EDGE('',*,*,#6654,.T.);
#6803 = FACE_BOUND('',#6804,.T.);
#6804 = EDGE_LOOP('',(#6805));
#6805 = ORIENTED_EDGE('',*,*,#6806,.F.);
#6806 = EDGE_CURVE('',#6807,#6807,#6809,.T.);
#6807 = VERTEX_POINT('',#6808);
#6808 = CARTESIAN_POINT('',(-0.4,-1.045,4.214856327685E-33));
#6809 = SURFACE_CURVE('',#6810,(#6815,#6826),.PCURVE_S1.);
#6810 = CIRCLE('',#6811,0.155);
#6811 = AXIS2_PLACEMENT_3D('',#6812,#6813,#6814);
#6812 = CARTESIAN_POINT('',(-0.4,-1.2,0.));
#6813 = DIRECTION('',(-1.110223024625E-16,1.232595164408E-32,-1.));
#6814 = DIRECTION('',(1.110223024625E-16,1.,0.));
#6815 = PCURVE('',#6669,#6816);
#6816 = DEFINITIONAL_REPRESENTATION('',(#6817),#6825);
#6817 = ( BOUNDED_CURVE() B_SPLINE_CURVE(2,(#6818,#6819,#6820,#6821,
#6822,#6823,#6824),.UNSPECIFIED.,.T.,.F.) B_SPLINE_CURVE_WITH_KNOTS((1,2
    ,2,2,2,1),(-2.094395102393,0.,2.094395102393,4.188790204786,
6.28318530718,8.377580409573),.UNSPECIFIED.) CURVE() 
GEOMETRIC_REPRESENTATION_ITEM() RATIONAL_B_SPLINE_CURVE((1.,0.5,1.,0.5,
1.,0.5,1.)) REPRESENTATION_ITEM('') );
#6818 = CARTESIAN_POINT('',(0.,0.155));
#6819 = CARTESIAN_POINT('',(0.268467875173,0.155));
#6820 = CARTESIAN_POINT('',(0.134233937587,-7.75E-02));
#6821 = CARTESIAN_POINT('',(3.796405077357E-17,-0.31));
#6822 = CARTESIAN_POINT('',(-0.134233937587,-7.75E-02));
#6823 = CARTESIAN_POINT('',(-0.268467875173,0.155));
#6824 = CARTESIAN_POINT('',(0.,0.155));
#6825 = ( GEOMETRIC_REPRESENTATION_CONTEXT(2) 
PARAMETRIC_REPRESENTATION_CONTEXT() REPRESENTATION_CONTEXT('2D SPACE',''
  ) );
#6826 = PCURVE('',#6827,#6832);
#6827 = CYLINDRICAL_SURFACE('',#6828,0.155);
#6828 = AXIS2_PLACEMENT_3D('',#6829,#6830,#6831);
#6829 = CARTESIAN_POINT('',(-0.4,-1.2,0.));
#6830 = DIRECTION('',(-1.110223024625E-16,1.232595164408E-32,-1.));
#6831 = DIRECTION('',(1.110223024625E-16,1.,0.));
#6832 = DEFINITIONAL_REPRESENTATION('',(#6833),#6837);
#6833 = LINE('',#6834,#6835);
#6834 = CARTESIAN_POINT('',(0.,0.));
#6835 = VECTOR('',#6836,1.);
#6836 = DIRECTION('',(1.,0.));
#6837 = ( GEOMETRIC_REPRESENTATION_CONTEXT(2) 
PARAMETRIC_REPRESENTATION_CONTEXT() REPRESENTATION_CONTEXT('2D SPACE',''
  ) );
#6838 = ADVANCED_FACE('',(#6839),#6827,.T.);
#6839 = FACE_BOUND('',#6840,.T.);
#6840 = EDGE_LOOP('',(#6841,#6864,#6865,#6866));
#6841 = ORIENTED_EDGE('',*,*,#6842,.F.);
#6842 = EDGE_CURVE('',#6807,#6843,#6845,.T.);
#6843 = VERTEX_POINT('',#6844);
#6844 = CARTESIAN_POINT('',(-0.4,-1.045,-6.666666666667));
#6845 = SEAM_CURVE('',#6846,(#6850,#6857),.PCURVE_S1.);
#6846 = LINE('',#6847,#6848);
#6847 = CARTESIAN_POINT('',(-0.4,-1.045,4.214856327685E-33));
#6848 = VECTOR('',#6849,1.);
#6849 = DIRECTION('',(-1.110223024625E-16,1.232595164408E-32,-1.));
#6850 = PCURVE('',#6827,#6851);
#6851 = DEFINITIONAL_REPRESENTATION('',(#6852),#6856);
#6852 = LINE('',#6853,#6854);
#6853 = CARTESIAN_POINT('',(0.,0.));
#6854 = VECTOR('',#6855,1.);
#6855 = DIRECTION('',(0.,1.));
#6856 = ( GEOMETRIC_REPRESENTATION_CONTEXT(2) 
PARAMETRIC_REPRESENTATION_CONTEXT() REPRESENTATION_CONTEXT('2D SPACE',''
  ) );
#6857 = PCURVE('',#6827,#6858);
#6858 = DEFINITIONAL_REPRESENTATION('',(#6859),#6863);
#6859 = LINE('',#6860,#6861);
#6860 = CARTESIAN_POINT('',(6.28318530718,0.));
#6861 = VECTOR('',#6862,1.);
#6862 = DIRECTION('',(0.,1.));
#6863 = ( GEOMETRIC_REPRESENTATION_CONTEXT(2) 
PARAMETRIC_REPRESENTATION_CONTEXT() REPRESENTATION_CONTEXT('2D SPACE',''
  ) );
#6864 = ORIENTED_EDGE('',*,*,#6806,.T.);
#6865 = ORIENTED_EDGE('',*,*,#6842,.T.);
#6866 = ORIENTED_EDGE('',*,*,#6867,.F.);
#6867 = EDGE_CURVE('',#6843,#6843,#6868,.T.);
#6868 = SURFACE_CURVE('',#6869,(#6874,#6881),.PCURVE_S1.);
#6869 = CIRCLE('',#6870,0.155);
#6870 = AXIS2_PLACEMENT_3D('',#6871,#6872,#6873);
#6871 = CARTESIAN_POINT('',(-0.4,-1.2,-6.666666666667));
#6872 = DIRECTION('',(-1.110223024625E-16,1.232595164408E-32,-1.));
#6873 = DIRECTION('',(4.784163422067E-16,1.,-4.078893220341E-32));
#6874 = PCURVE('',#6827,#6875);
#6875 = DEFINITIONAL_REPRESENTATION('',(#6876),#6880);
#6876 = LINE('',#6877,#6878);
#6877 = CARTESIAN_POINT('',(0.,6.666666666667));
#6878 = VECTOR('',#6879,1.);
#6879 = DIRECTION('',(1.,0.));
#6880 = ( GEOMETRIC_REPRESENTATION_CONTEXT(2) 
PARAMETRIC_REPRESENTATION_CONTEXT() REPRESENTATION_CONTEXT('2D SPACE',''
  ) );
#6881 = PCURVE('',#6882,#6887);
#6882 = TOROIDAL_SURFACE('',#6883,1.2,0.155);
#6883 = AXIS2_PLACEMENT_3D('',#6884,#6885,#6886);
#6884 = CARTESIAN_POINT('',(-0.4,0.,-6.666666666667));
#6885 = DIRECTION('',(1.,-1.110223024625E-16,-1.110223024625E-16));
#6886 = DIRECTION('',(-1.110223024625E-16,-1.,0.));
#6887 = DEFINITIONAL_REPRESENTATION('',(#6888),#6892);
#6888 = LINE('',#6889,#6890);
#6889 = CARTESIAN_POINT('',(0.,9.424777960769));
#6890 = VECTOR('',#6891,1.);
#6891 = DIRECTION('',(-0.,-1.));
#6892 = ( GEOMETRIC_REPRESENTATION_CONTEXT(2) 
PARAMETRIC_REPRESENTATION_CONTEXT() REPRESENTATION_CONTEXT('2D SPACE',''
  ) );
#6893 = ADVANCED_FACE('',(#6894),#6882,.T.);
#6894 = FACE_BOUND('',#6895,.T.);
#6895 = EDGE_LOOP('',(#6896,#6920,#6947,#6948));
#6896 = ORIENTED_EDGE('',*,*,#6897,.T.);
#6897 = EDGE_CURVE('',#6843,#6898,#6900,.T.);
#6898 = VERTEX_POINT('',#6899);
#6899 = CARTESIAN_POINT('',(-0.4,1.045,-6.666666666667));
#6900 = SEAM_CURVE('',#6901,(#6906,#6913),.PCURVE_S1.);
#6901 = CIRCLE('',#6902,1.045);
#6902 = AXIS2_PLACEMENT_3D('',#6903,#6904,#6905);
#6903 = CARTESIAN_POINT('',(-0.4,-2.107428163843E-33,-6.666666666667));
#6904 = DIRECTION('',(1.,-1.110223024625E-16,-1.110223024625E-16));
#6905 = DIRECTION('',(-1.110223024625E-16,-1.,0.));
#6906 = PCURVE('',#6882,#6907);
#6907 = DEFINITIONAL_REPRESENTATION('',(#6908),#6912);
#6908 = LINE('',#6909,#6910);
#6909 = CARTESIAN_POINT('',(0.,3.14159265359));
#6910 = VECTOR('',#6911,1.);
#6911 = DIRECTION('',(1.,0.));
#6912 = ( GEOMETRIC_REPRESENTATION_CONTEXT(2) 
PARAMETRIC_REPRESENTATION_CONTEXT() REPRESENTATION_CONTEXT('2D SPACE',''
  ) );
#6913 = PCURVE('',#6882,#6914);
#6914 = DEFINITIONAL_REPRESENTATION('',(#6915),#6919);
#6915 = LINE('',#6916,#6917);
#6916 = CARTESIAN_POINT('',(0.,9.424777960769));
#6917 = VECTOR('',#6918,1.);
#6918 = DIRECTION('',(1.,0.));
#6919 = ( GEOMETRIC_REPRESENTATION_CONTEXT(2) 
PARAMETRIC_REPRESENTATION_CONTEXT() REPRESENTATION_CONTEXT('2D SPACE',''
  ) );
#6920 = ORIENTED_EDGE('',*,*,#6921,.T.);
#6921 = EDGE_CURVE('',#6898,#6898,#6922,.T.);
#6922 = SURFACE_CURVE('',#6923,(#6928,#6935),.PCURVE_S1.);
#6923 = CIRCLE('',#6924,0.155);
#6924 = AXIS2_PLACEMENT_3D('',#6925,#6926,#6927);
#6925 = CARTESIAN_POINT('',(-0.4,1.2,-6.666666666667));
#6926 = DIRECTION('',(-1.110223024625E-16,-1.224646799147E-16,-1.));
#6927 = DIRECTION('',(1.110223024625E-16,1.,-1.224646799147E-16));
#6928 = PCURVE('',#6882,#6929);
#6929 = DEFINITIONAL_REPRESENTATION('',(#6930),#6934);
#6930 = LINE('',#6931,#6932);
#6931 = CARTESIAN_POINT('',(3.14159265359,0.));
#6932 = VECTOR('',#6933,1.);
#6933 = DIRECTION('',(0.,1.));
#6934 = ( GEOMETRIC_REPRESENTATION_CONTEXT(2) 
PARAMETRIC_REPRESENTATION_CONTEXT() REPRESENTATION_CONTEXT('2D SPACE',''
  ) );
#6935 = PCURVE('',#6936,#6941);
#6936 = CYLINDRICAL_SURFACE('',#6937,0.155);
#6937 = AXIS2_PLACEMENT_3D('',#6938,#6939,#6940);
#6938 = CARTESIAN_POINT('',(-0.4,1.2,-6.666666666667));
#6939 = DIRECTION('',(1.110223024625E-16,-1.232595164408E-32,1.));
#6940 = DIRECTION('',(-1.110223024625E-16,-1.,0.));
#6941 = DEFINITIONAL_REPRESENTATION('',(#6942),#6946);
#6942 = LINE('',#6943,#6944);
#6943 = CARTESIAN_POINT('',(9.424777960769,0.));
#6944 = VECTOR('',#6945,1.);
#6945 = DIRECTION('',(-1.,-0.));
#6946 = ( GEOMETRIC_REPRESENTATION_CONTEXT(2) 
PARAMETRIC_REPRESENTATION_CONTEXT() REPRESENTATION_CONTEXT('2D SPACE',''
  ) );
#6947 = ORIENTED_EDGE('',*,*,#6897,.F.);
#6948 = ORIENTED_EDGE('',*,*,#6867,.T.);
#6949 = ADVANCED_FACE('',(#6950,#6953),#6782,.F.);
#6950 = FACE_BOUND('',#6951,.F.);
#6951 = EDGE_LOOP('',(#6952));
#6952 = ORIENTED_EDGE('',*,*,#6767,.T.);
#6953 = FACE_BOUND('',#6954,.F.);
#6954 = EDGE_LOOP('',(#6955));
#6955 = ORIENTED_EDGE('',*,*,#6956,.F.);
#6956 = EDGE_CURVE('',#6957,#6957,#6959,.T.);
#6957 = VERTEX_POINT('',#6958);
#6958 = CARTESIAN_POINT('',(-0.4,1.045,0.));
#6959 = SURFACE_CURVE('',#6960,(#6965,#6976),.PCURVE_S1.);
#6960 = CIRCLE('',#6961,0.155);
#6961 = AXIS2_PLACEMENT_3D('',#6962,#6963,#6964);
#6962 = CARTESIAN_POINT('',(-0.4,1.2,0.));
#6963 = DIRECTION('',(1.110223024625E-16,-1.232595164408E-32,1.));
#6964 = DIRECTION('',(-1.110223024625E-16,-1.,0.));
#6965 = PCURVE('',#6782,#6966);
#6966 = DEFINITIONAL_REPRESENTATION('',(#6967),#6975);
#6967 = ( BOUNDED_CURVE() B_SPLINE_CURVE(2,(#6968,#6969,#6970,#6971,
#6972,#6973,#6974),.UNSPECIFIED.,.T.,.F.) B_SPLINE_CURVE_WITH_KNOTS((1,2
    ,2,2,2,1),(-2.094395102393,0.,2.094395102393,4.188790204786,
6.28318530718,8.377580409573),.UNSPECIFIED.) CURVE() 
GEOMETRIC_REPRESENTATION_ITEM() RATIONAL_B_SPLINE_CURVE((1.,0.5,1.,0.5,
1.,0.5,1.)) REPRESENTATION_ITEM('') );
#6968 = CARTESIAN_POINT('',(5.551115123126E-17,-0.155));
#6969 = CARTESIAN_POINT('',(-0.268467875173,-0.155));
#6970 = CARTESIAN_POINT('',(-0.134233937587,7.75E-02));
#6971 = CARTESIAN_POINT('',(1.754710045769E-17,0.31));
#6972 = CARTESIAN_POINT('',(0.134233937587,7.75E-02));
#6973 = CARTESIAN_POINT('',(0.268467875173,-0.155));
#6974 = CARTESIAN_POINT('',(5.551115123126E-17,-0.155));
#6975 = ( GEOMETRIC_REPRESENTATION_CONTEXT(2) 
PARAMETRIC_REPRESENTATION_CONTEXT() REPRESENTATION_CONTEXT('2D SPACE',''
  ) );
#6976 = PCURVE('',#6936,#6977);
#6977 = DEFINITIONAL_REPRESENTATION('',(#6978),#6982);
#6978 = LINE('',#6979,#6980);
#6979 = CARTESIAN_POINT('',(0.,6.666666666667));
#6980 = VECTOR('',#6981,1.);
#6981 = DIRECTION('',(1.,0.));
#6982 = ( GEOMETRIC_REPRESENTATION_CONTEXT(2) 
PARAMETRIC_REPRESENTATION_CONTEXT() REPRESENTATION_CONTEXT('2D SPACE',''
  ) );
#6983 = ADVANCED_FACE('',(#6984),#6936,.T.);
#6984 = FACE_BOUND('',#6985,.T.);
#6985 = EDGE_LOOP('',(#6986,#7007,#7008,#7009));
#6986 = ORIENTED_EDGE('',*,*,#6987,.F.);
#6987 = EDGE_CURVE('',#6898,#6957,#6988,.T.);
#6988 = SEAM_CURVE('',#6989,(#6993,#7000),.PCURVE_S1.);
#6989 = LINE('',#6990,#6991);
#6990 = CARTESIAN_POINT('',(-0.4,1.045,-6.666666666667));
#6991 = VECTOR('',#6992,1.);
#6992 = DIRECTION('',(1.110223024625E-16,-1.232595164408E-32,1.));
#6993 = PCURVE('',#6936,#6994);
#6994 = DEFINITIONAL_REPRESENTATION('',(#6995),#6999);
#6995 = LINE('',#6996,#6997);
#6996 = CARTESIAN_POINT('',(0.,0.));
#6997 = VECTOR('',#6998,1.);
#6998 = DIRECTION('',(0.,1.));
#6999 = ( GEOMETRIC_REPRESENTATION_CONTEXT(2) 
PARAMETRIC_REPRESENTATION_CONTEXT() REPRESENTATION_CONTEXT('2D SPACE',''
  ) );
#7000 = PCURVE('',#6936,#7001);
#7001 = DEFINITIONAL_REPRESENTATION('',(#7002),#7006);
#7002 = LINE('',#7003,#7004);
#7003 = CARTESIAN_POINT('',(6.28318530718,0.));
#7004 = VECTOR('',#7005,1.);
#7005 = DIRECTION('',(0.,1.));
#7006 = ( GEOMETRIC_REPRESENTATION_CONTEXT(2) 
PARAMETRIC_REPRESENTATION_CONTEXT() REPRESENTATION_CONTEXT('2D SPACE',''
  ) );
#7007 = ORIENTED_EDGE('',*,*,#6921,.F.);
#7008 = ORIENTED_EDGE('',*,*,#6987,.T.);
#7009 = ORIENTED_EDGE('',*,*,#6956,.F.);
#7010 = MANIFOLD_SOLID_BREP('',#7011);
#7011 = CLOSED_SHELL('',(#7012,#7104,#7160,#7219,#7258,#7313,#7369,#7403
    ));
#7012 = ADVANCED_FACE('',(#7013),#7027,.F.);
#7013 = FACE_BOUND('',#7014,.F.);
#7014 = EDGE_LOOP('',(#7015,#7045,#7072,#7073));
#7015 = ORIENTED_EDGE('',*,*,#7016,.T.);
#7016 = EDGE_CURVE('',#7017,#7019,#7021,.T.);
#7017 = VERTEX_POINT('',#7018);
#7018 = CARTESIAN_POINT('',(0.4,-1.45,0.));
#7019 = VERTEX_POINT('',#7020);
#7020 = CARTESIAN_POINT('',(0.4,-1.45,-7.5));
#7021 = SEAM_CURVE('',#7022,(#7026,#7038),.PCURVE_S1.);
#7022 = LINE('',#7023,#7024);
#7023 = CARTESIAN_POINT('',(0.4,-1.45,4.078893220341E-33));
#7024 = VECTOR('',#7025,1.);
#7025 = DIRECTION('',(-1.110223024625E-16,1.232595164408E-32,-1.));
#7026 = PCURVE('',#7027,#7032);
#7027 = CYLINDRICAL_SURFACE('',#7028,0.15);
#7028 = AXIS2_PLACEMENT_3D('',#7029,#7030,#7031);
#7029 = CARTESIAN_POINT('',(0.4,-1.6,0.));
#7030 = DIRECTION('',(-1.110223024625E-16,1.232595164408E-32,-1.));
#7031 = DIRECTION('',(1.110223024625E-16,1.,0.));
#7032 = DEFINITIONAL_REPRESENTATION('',(#7033),#7037);
#7033 = LINE('',#7034,#7035);
#7034 = CARTESIAN_POINT('',(6.28318530718,0.));
#7035 = VECTOR('',#7036,1.);
#7036 = DIRECTION('',(0.,1.));
#7037 = ( GEOMETRIC_REPRESENTATION_CONTEXT(2) 
PARAMETRIC_REPRESENTATION_CONTEXT() REPRESENTATION_CONTEXT('2D SPACE',''
  ) );
#7038 = PCURVE('',#7027,#7039);
#7039 = DEFINITIONAL_REPRESENTATION('',(#7040),#7044);
#7040 = LINE('',#7041,#7042);
#7041 = CARTESIAN_POINT('',(0.,0.));
#7042 = VECTOR('',#7043,1.);
#7043 = DIRECTION('',(0.,1.));
#7044 = ( GEOMETRIC_REPRESENTATION_CONTEXT(2) 
PARAMETRIC_REPRESENTATION_CONTEXT() REPRESENTATION_CONTEXT('2D SPACE',''
  ) );
#7045 = ORIENTED_EDGE('',*,*,#7046,.F.);
#7046 = EDGE_CURVE('',#7019,#7019,#7047,.T.);
#7047 = SURFACE_CURVE('',#7048,(#7053,#7060),.PCURVE_S1.);
#7048 = CIRCLE('',#7049,0.15);
#7049 = AXIS2_PLACEMENT_3D('',#7050,#7051,#7052);
#7050 = CARTESIAN_POINT('',(0.4,-1.6,-7.5));
#7051 = DIRECTION('',(-1.110223024625E-16,1.232595164408E-32,-1.));
#7052 = DIRECTION('',(1.110223024625E-16,1.,0.));
#7053 = PCURVE('',#7027,#7054);
#7054 = DEFINITIONAL_REPRESENTATION('',(#7055),#7059);
#7055 = LINE('',#7056,#7057);
#7056 = CARTESIAN_POINT('',(0.,7.5));
#7057 = VECTOR('',#7058,1.);
#7058 = DIRECTION('',(1.,0.));
#7059 = ( GEOMETRIC_REPRESENTATION_CONTEXT(2) 
PARAMETRIC_REPRESENTATION_CONTEXT() REPRESENTATION_CONTEXT('2D SPACE',''
  ) );
#7060 = PCURVE('',#7061,#7066);
#7061 = TOROIDAL_SURFACE('',#7062,1.6,0.15);
#7062 = AXIS2_PLACEMENT_3D('',#7063,#7064,#7065);
#7063 = CARTESIAN_POINT('',(0.4,2.22044604925E-16,-7.5));
#7064 = DIRECTION('',(1.,-1.110223024625E-16,-1.110223024625E-16));
#7065 = DIRECTION('',(-1.110223024625E-16,-1.,0.));
#7066 = DEFINITIONAL_REPRESENTATION('',(#7067),#7071);
#7067 = LINE('',#7068,#7069);
#7068 = CARTESIAN_POINT('',(0.,9.424777960769));
#7069 = VECTOR('',#7070,1.);
#7070 = DIRECTION('',(-0.,-1.));
#7071 = ( GEOMETRIC_REPRESENTATION_CONTEXT(2) 
PARAMETRIC_REPRESENTATION_CONTEXT() REPRESENTATION_CONTEXT('2D SPACE',''
  ) );
#7072 = ORIENTED_EDGE('',*,*,#7016,.F.);
#7073 = ORIENTED_EDGE('',*,*,#7074,.T.);
#7074 = EDGE_CURVE('',#7017,#7017,#7075,.T.);
#7075 = SURFACE_CURVE('',#7076,(#7081,#7088),.PCURVE_S1.);
#7076 = CIRCLE('',#7077,0.15);
#7077 = AXIS2_PLACEMENT_3D('',#7078,#7079,#7080);
#7078 = CARTESIAN_POINT('',(0.4,-1.6,0.));
#7079 = DIRECTION('',(-1.110223024625E-16,1.232595164408E-32,-1.));
#7080 = DIRECTION('',(1.110223024625E-16,1.,0.));
#7081 = PCURVE('',#7027,#7082);
#7082 = DEFINITIONAL_REPRESENTATION('',(#7083),#7087);
#7083 = LINE('',#7084,#7085);
#7084 = CARTESIAN_POINT('',(0.,0.));
#7085 = VECTOR('',#7086,1.);
#7086 = DIRECTION('',(1.,0.));
#7087 = ( GEOMETRIC_REPRESENTATION_CONTEXT(2) 
PARAMETRIC_REPRESENTATION_CONTEXT() REPRESENTATION_CONTEXT('2D SPACE',''
  ) );
#7088 = PCURVE('',#7089,#7094);
#7089 = PLANE('',#7090);
#7090 = AXIS2_PLACEMENT_3D('',#7091,#7092,#7093);
#7091 = CARTESIAN_POINT('',(0.4,-1.6,-3.08572171572E-34));
#7092 = DIRECTION('',(1.110223024625E-16,-1.232595164408E-32,1.));
#7093 = DIRECTION('',(1.,-1.110223024625E-16,-1.110223024625E-16));
#7094 = DEFINITIONAL_REPRESENTATION('',(#7095),#7103);
#7095 = ( BOUNDED_CURVE() B_SPLINE_CURVE(2,(#7096,#7097,#7098,#7099,
#7100,#7101,#7102),.UNSPECIFIED.,.T.,.F.) B_SPLINE_CURVE_WITH_KNOTS((1,2
    ,2,2,2,1),(-2.094395102393,0.,2.094395102393,4.188790204786,
6.28318530718,8.377580409573),.UNSPECIFIED.) CURVE() 
GEOMETRIC_REPRESENTATION_ITEM() RATIONAL_B_SPLINE_CURVE((1.,0.5,1.,0.5,
1.,0.5,1.)) REPRESENTATION_ITEM('') );
#7096 = CARTESIAN_POINT('',(0.,0.15));
#7097 = CARTESIAN_POINT('',(0.259807621135,0.15));
#7098 = CARTESIAN_POINT('',(0.129903810568,-7.5E-02));
#7099 = CARTESIAN_POINT('',(3.673940397442E-17,-0.3));
#7100 = CARTESIAN_POINT('',(-0.129903810568,-7.5E-02));
#7101 = CARTESIAN_POINT('',(-0.259807621135,0.15));
#7102 = CARTESIAN_POINT('',(0.,0.15));
#7103 = ( GEOMETRIC_REPRESENTATION_CONTEXT(2) 
PARAMETRIC_REPRESENTATION_CONTEXT() REPRESENTATION_CONTEXT('2D SPACE',''
  ) );
#7104 = ADVANCED_FACE('',(#7105),#7061,.F.);
#7105 = FACE_BOUND('',#7106,.F.);
#7106 = EDGE_LOOP('',(#7107,#7131,#7158,#7159));
#7107 = ORIENTED_EDGE('',*,*,#7108,.T.);
#7108 = EDGE_CURVE('',#7019,#7109,#7111,.T.);
#7109 = VERTEX_POINT('',#7110);
#7110 = CARTESIAN_POINT('',(0.4,1.45,-7.5));
#7111 = SEAM_CURVE('',#7112,(#7117,#7124),.PCURVE_S1.);
#7112 = CIRCLE('',#7113,1.45);
#7113 = AXIS2_PLACEMENT_3D('',#7114,#7115,#7116);
#7114 = CARTESIAN_POINT('',(0.4,2.22044604925E-16,-7.5));
#7115 = DIRECTION('',(1.,-1.110223024625E-16,-1.110223024625E-16));
#7116 = DIRECTION('',(-1.110223024625E-16,-1.,0.));
#7117 = PCURVE('',#7061,#7118);
#7118 = DEFINITIONAL_REPRESENTATION('',(#7119),#7123);
#7119 = LINE('',#7120,#7121);
#7120 = CARTESIAN_POINT('',(0.,3.14159265359));
#7121 = VECTOR('',#7122,1.);
#7122 = DIRECTION('',(1.,0.));
#7123 = ( GEOMETRIC_REPRESENTATION_CONTEXT(2) 
PARAMETRIC_REPRESENTATION_CONTEXT() REPRESENTATION_CONTEXT('2D SPACE',''
  ) );
#7124 = PCURVE('',#7061,#7125);
#7125 = DEFINITIONAL_REPRESENTATION('',(#7126),#7130);
#7126 = LINE('',#7127,#7128);
#7127 = CARTESIAN_POINT('',(0.,9.424777960769));
#7128 = VECTOR('',#7129,1.);
#7129 = DIRECTION('',(1.,0.));
#7130 = ( GEOMETRIC_REPRESENTATION_CONTEXT(2) 
PARAMETRIC_REPRESENTATION_CONTEXT() REPRESENTATION_CONTEXT('2D SPACE',''
  ) );
#7131 = ORIENTED_EDGE('',*,*,#7132,.T.);
#7132 = EDGE_CURVE('',#7109,#7109,#7133,.T.);
#7133 = SURFACE_CURVE('',#7134,(#7139,#7146),.PCURVE_S1.);
#7134 = CIRCLE('',#7135,0.15);
#7135 = AXIS2_PLACEMENT_3D('',#7136,#7137,#7138);
#7136 = CARTESIAN_POINT('',(0.4,1.6,-7.5));
#7137 = DIRECTION('',(-1.110223024625E-16,-1.224646799147E-16,-1.));
#7138 = DIRECTION('',(1.110223024625E-16,1.,-1.224646799147E-16));
#7139 = PCURVE('',#7061,#7140);
#7140 = DEFINITIONAL_REPRESENTATION('',(#7141),#7145);
#7141 = LINE('',#7142,#7143);
#7142 = CARTESIAN_POINT('',(3.14159265359,0.));
#7143 = VECTOR('',#7144,1.);
#7144 = DIRECTION('',(0.,1.));
#7145 = ( GEOMETRIC_REPRESENTATION_CONTEXT(2) 
PARAMETRIC_REPRESENTATION_CONTEXT() REPRESENTATION_CONTEXT('2D SPACE',''
  ) );
#7146 = PCURVE('',#7147,#7152);
#7147 = CYLINDRICAL_SURFACE('',#7148,0.15);
#7148 = AXIS2_PLACEMENT_3D('',#7149,#7150,#7151);
#7149 = CARTESIAN_POINT('',(0.4,1.6,-7.5));
#7150 = DIRECTION('',(1.110223024625E-16,-1.232595164408E-32,1.));
#7151 = DIRECTION('',(-1.110223024625E-16,-1.,0.));
#7152 = DEFINITIONAL_REPRESENTATION('',(#7153),#7157);
#7153 = LINE('',#7154,#7155);
#7154 = CARTESIAN_POINT('',(9.424777960769,0.));
#7155 = VECTOR('',#7156,1.);
#7156 = DIRECTION('',(-1.,-0.));
#7157 = ( GEOMETRIC_REPRESENTATION_CONTEXT(2) 
PARAMETRIC_REPRESENTATION_CONTEXT() REPRESENTATION_CONTEXT('2D SPACE',''
  ) );
#7158 = ORIENTED_EDGE('',*,*,#7108,.F.);
#7159 = ORIENTED_EDGE('',*,*,#7046,.T.);
#7160 = ADVANCED_FACE('',(#7161),#7147,.F.);
#7161 = FACE_BOUND('',#7162,.F.);
#7162 = EDGE_LOOP('',(#7163,#7186,#7217,#7218));
#7163 = ORIENTED_EDGE('',*,*,#7164,.T.);
#7164 = EDGE_CURVE('',#7109,#7165,#7167,.T.);
#7165 = VERTEX_POINT('',#7166);
#7166 = CARTESIAN_POINT('',(0.4,1.45,0.));
#7167 = SEAM_CURVE('',#7168,(#7172,#7179),.PCURVE_S1.);
#7168 = LINE('',#7169,#7170);
#7169 = CARTESIAN_POINT('',(0.4,1.45,-7.5));
#7170 = VECTOR('',#7171,1.);
#7171 = DIRECTION('',(1.110223024625E-16,-1.232595164408E-32,1.));
#7172 = PCURVE('',#7147,#7173);
#7173 = DEFINITIONAL_REPRESENTATION('',(#7174),#7178);
#7174 = LINE('',#7175,#7176);
#7175 = CARTESIAN_POINT('',(6.28318530718,0.));
#7176 = VECTOR('',#7177,1.);
#7177 = DIRECTION('',(0.,1.));
#7178 = ( GEOMETRIC_REPRESENTATION_CONTEXT(2) 
PARAMETRIC_REPRESENTATION_CONTEXT() REPRESENTATION_CONTEXT('2D SPACE',''
  ) );
#7179 = PCURVE('',#7147,#7180);
#7180 = DEFINITIONAL_REPRESENTATION('',(#7181),#7185);
#7181 = LINE('',#7182,#7183);
#7182 = CARTESIAN_POINT('',(0.,0.));
#7183 = VECTOR('',#7184,1.);
#7184 = DIRECTION('',(0.,1.));
#7185 = ( GEOMETRIC_REPRESENTATION_CONTEXT(2) 
PARAMETRIC_REPRESENTATION_CONTEXT() REPRESENTATION_CONTEXT('2D SPACE',''
  ) );
#7186 = ORIENTED_EDGE('',*,*,#7187,.F.);
#7187 = EDGE_CURVE('',#7165,#7165,#7188,.T.);
#7188 = SURFACE_CURVE('',#7189,(#7194,#7201),.PCURVE_S1.);
#7189 = CIRCLE('',#7190,0.15);
#7190 = AXIS2_PLACEMENT_3D('',#7191,#7192,#7193);
#7191 = CARTESIAN_POINT('',(0.4,1.6,0.));
#7192 = DIRECTION('',(1.110223024625E-16,-1.232595164408E-32,1.));
#7193 = DIRECTION('',(-1.110223024625E-16,-1.,0.));
#7194 = PCURVE('',#7147,#7195);
#7195 = DEFINITIONAL_REPRESENTATION('',(#7196),#7200);
#7196 = LINE('',#7197,#7198);
#7197 = CARTESIAN_POINT('',(0.,7.5));
#7198 = VECTOR('',#7199,1.);
#7199 = DIRECTION('',(1.,0.));
#7200 = ( GEOMETRIC_REPRESENTATION_CONTEXT(2) 
PARAMETRIC_REPRESENTATION_CONTEXT() REPRESENTATION_CONTEXT('2D SPACE',''
  ) );
#7201 = PCURVE('',#7202,#7207);
#7202 = PLANE('',#7203);
#7203 = AXIS2_PLACEMENT_3D('',#7204,#7205,#7206);
#7204 = CARTESIAN_POINT('',(0.4,1.6,-1.296959879867E-33));
#7205 = DIRECTION('',(-1.110223024625E-16,1.232595164408E-32,-1.));
#7206 = DIRECTION('',(-1.,1.110223024625E-16,1.110223024625E-16));
#7207 = DEFINITIONAL_REPRESENTATION('',(#7208),#7216);
#7208 = ( BOUNDED_CURVE() B_SPLINE_CURVE(2,(#7209,#7210,#7211,#7212,
#7213,#7214,#7215),.UNSPECIFIED.,.T.,.F.) B_SPLINE_CURVE_WITH_KNOTS((1,2
    ,2,2,2,1),(-2.094395102393,0.,2.094395102393,4.188790204786,
6.28318530718,8.377580409573),.UNSPECIFIED.) CURVE() 
GEOMETRIC_REPRESENTATION_ITEM() RATIONAL_B_SPLINE_CURVE((1.,0.5,1.,0.5,
1.,0.5,1.)) REPRESENTATION_ITEM('') );
#7209 = CARTESIAN_POINT('',(5.551115123126E-17,-0.15));
#7210 = CARTESIAN_POINT('',(-0.259807621135,-0.15));
#7211 = CARTESIAN_POINT('',(-0.129903810568,7.5E-02));
#7212 = CARTESIAN_POINT('',(1.877174725684E-17,0.3));
#7213 = CARTESIAN_POINT('',(0.129903810568,7.5E-02));
#7214 = CARTESIAN_POINT('',(0.259807621135,-0.15));
#7215 = CARTESIAN_POINT('',(5.551115123126E-17,-0.15));
#7216 = ( GEOMETRIC_REPRESENTATION_CONTEXT(2) 
PARAMETRIC_REPRESENTATION_CONTEXT() REPRESENTATION_CONTEXT('2D SPACE',''
  ) );
#7217 = ORIENTED_EDGE('',*,*,#7164,.F.);
#7218 = ORIENTED_EDGE('',*,*,#7132,.F.);
#7219 = ADVANCED_FACE('',(#7220,#7223),#7089,.T.);
#7220 = FACE_BOUND('',#7221,.T.);
#7221 = EDGE_LOOP('',(#7222));
#7222 = ORIENTED_EDGE('',*,*,#7074,.T.);
#7223 = FACE_BOUND('',#7224,.T.);
#7224 = EDGE_LOOP('',(#7225));
#7225 = ORIENTED_EDGE('',*,*,#7226,.F.);
#7226 = EDGE_CURVE('',#7227,#7227,#7229,.T.);
#7227 = VERTEX_POINT('',#7228);
#7228 = CARTESIAN_POINT('',(0.4,-1.445,4.214856327685E-33));
#7229 = SURFACE_CURVE('',#7230,(#7235,#7246),.PCURVE_S1.);
#7230 = CIRCLE('',#7231,0.155);
#7231 = AXIS2_PLACEMENT_3D('',#7232,#7233,#7234);
#7232 = CARTESIAN_POINT('',(0.4,-1.6,0.));
#7233 = DIRECTION('',(-1.110223024625E-16,1.232595164408E-32,-1.));
#7234 = DIRECTION('',(1.110223024625E-16,1.,0.));
#7235 = PCURVE('',#7089,#7236);
#7236 = DEFINITIONAL_REPRESENTATION('',(#7237),#7245);
#7237 = ( BOUNDED_CURVE() B_SPLINE_CURVE(2,(#7238,#7239,#7240,#7241,
#7242,#7243,#7244),.UNSPECIFIED.,.T.,.F.) B_SPLINE_CURVE_WITH_KNOTS((1,2
    ,2,2,2,1),(-2.094395102393,0.,2.094395102393,4.188790204786,
6.28318530718,8.377580409573),.UNSPECIFIED.) CURVE() 
GEOMETRIC_REPRESENTATION_ITEM() RATIONAL_B_SPLINE_CURVE((1.,0.5,1.,0.5,
1.,0.5,1.)) REPRESENTATION_ITEM('') );
#7238 = CARTESIAN_POINT('',(0.,0.155));
#7239 = CARTESIAN_POINT('',(0.268467875173,0.155));
#7240 = CARTESIAN_POINT('',(0.134233937587,-7.75E-02));
#7241 = CARTESIAN_POINT('',(3.796405077357E-17,-0.31));
#7242 = CARTESIAN_POINT('',(-0.134233937587,-7.75E-02));
#7243 = CARTESIAN_POINT('',(-0.268467875173,0.155));
#7244 = CARTESIAN_POINT('',(0.,0.155));
#7245 = ( GEOMETRIC_REPRESENTATION_CONTEXT(2) 
PARAMETRIC_REPRESENTATION_CONTEXT() REPRESENTATION_CONTEXT('2D SPACE',''
  ) );
#7246 = PCURVE('',#7247,#7252);
#7247 = CYLINDRICAL_SURFACE('',#7248,0.155);
#7248 = AXIS2_PLACEMENT_3D('',#7249,#7250,#7251);
#7249 = CARTESIAN_POINT('',(0.4,-1.6,0.));
#7250 = DIRECTION('',(-1.110223024625E-16,1.232595164408E-32,-1.));
#7251 = DIRECTION('',(1.110223024625E-16,1.,0.));
#7252 = DEFINITIONAL_REPRESENTATION('',(#7253),#7257);
#7253 = LINE('',#7254,#7255);
#7254 = CARTESIAN_POINT('',(0.,0.));
#7255 = VECTOR('',#7256,1.);
#7256 = DIRECTION('',(1.,0.));
#7257 = ( GEOMETRIC_REPRESENTATION_CONTEXT(2) 
PARAMETRIC_REPRESENTATION_CONTEXT() REPRESENTATION_CONTEXT('2D SPACE',''
  ) );
#7258 = ADVANCED_FACE('',(#7259),#7247,.T.);
#7259 = FACE_BOUND('',#7260,.T.);
#7260 = EDGE_LOOP('',(#7261,#7284,#7285,#7286));
#7261 = ORIENTED_EDGE('',*,*,#7262,.F.);
#7262 = EDGE_CURVE('',#7227,#7263,#7265,.T.);
#7263 = VERTEX_POINT('',#7264);
#7264 = CARTESIAN_POINT('',(0.4,-1.445,-7.5));
#7265 = SEAM_CURVE('',#7266,(#7270,#7277),.PCURVE_S1.);
#7266 = LINE('',#7267,#7268);
#7267 = CARTESIAN_POINT('',(0.4,-1.445,4.214856327685E-33));
#7268 = VECTOR('',#7269,1.);
#7269 = DIRECTION('',(-1.110223024625E-16,1.232595164408E-32,-1.));
#7270 = PCURVE('',#7247,#7271);
#7271 = DEFINITIONAL_REPRESENTATION('',(#7272),#7276);
#7272 = LINE('',#7273,#7274);
#7273 = CARTESIAN_POINT('',(0.,0.));
#7274 = VECTOR('',#7275,1.);
#7275 = DIRECTION('',(0.,1.));
#7276 = ( GEOMETRIC_REPRESENTATION_CONTEXT(2) 
PARAMETRIC_REPRESENTATION_CONTEXT() REPRESENTATION_CONTEXT('2D SPACE',''
  ) );
#7277 = PCURVE('',#7247,#7278);
#7278 = DEFINITIONAL_REPRESENTATION('',(#7279),#7283);
#7279 = LINE('',#7280,#7281);
#7280 = CARTESIAN_POINT('',(6.28318530718,0.));
#7281 = VECTOR('',#7282,1.);
#7282 = DIRECTION('',(0.,1.));
#7283 = ( GEOMETRIC_REPRESENTATION_CONTEXT(2) 
PARAMETRIC_REPRESENTATION_CONTEXT() REPRESENTATION_CONTEXT('2D SPACE',''
  ) );
#7284 = ORIENTED_EDGE('',*,*,#7226,.T.);
#7285 = ORIENTED_EDGE('',*,*,#7262,.T.);
#7286 = ORIENTED_EDGE('',*,*,#7287,.F.);
#7287 = EDGE_CURVE('',#7263,#7263,#7288,.T.);
#7288 = SURFACE_CURVE('',#7289,(#7294,#7301),.PCURVE_S1.);
#7289 = CIRCLE('',#7290,0.155);
#7290 = AXIS2_PLACEMENT_3D('',#7291,#7292,#7293);
#7291 = CARTESIAN_POINT('',(0.4,-1.6,-7.5));
#7292 = DIRECTION('',(-1.110223024625E-16,1.232595164408E-32,-1.));
#7293 = DIRECTION('',(4.784163422067E-16,1.,-4.078893220341E-32));
#7294 = PCURVE('',#7247,#7295);
#7295 = DEFINITIONAL_REPRESENTATION('',(#7296),#7300);
#7296 = LINE('',#7297,#7298);
#7297 = CARTESIAN_POINT('',(0.,7.5));
#7298 = VECTOR('',#7299,1.);
#7299 = DIRECTION('',(1.,0.));
#7300 = ( GEOMETRIC_REPRESENTATION_CONTEXT(2) 
PARAMETRIC_REPRESENTATION_CONTEXT() REPRESENTATION_CONTEXT('2D SPACE',''
  ) );
#7301 = PCURVE('',#7302,#7307);
#7302 = TOROIDAL_SURFACE('',#7303,1.6,0.155);
#7303 = AXIS2_PLACEMENT_3D('',#7304,#7305,#7306);
#7304 = CARTESIAN_POINT('',(0.4,2.22044604925E-16,-7.5));
#7305 = DIRECTION('',(1.,-1.110223024625E-16,-1.110223024625E-16));
#7306 = DIRECTION('',(-1.110223024625E-16,-1.,0.));
#7307 = DEFINITIONAL_REPRESENTATION('',(#7308),#7312);
#7308 = LINE('',#7309,#7310);
#7309 = CARTESIAN_POINT('',(0.,9.424777960769));
#7310 = VECTOR('',#7311,1.);
#7311 = DIRECTION('',(-0.,-1.));
#7312 = ( GEOMETRIC_REPRESENTATION_CONTEXT(2) 
PARAMETRIC_REPRESENTATION_CONTEXT() REPRESENTATION_CONTEXT('2D SPACE',''
  ) );
#7313 = ADVANCED_FACE('',(#7314),#7302,.T.);
#7314 = FACE_BOUND('',#7315,.T.);
#7315 = EDGE_LOOP('',(#7316,#7340,#7367,#7368));
#7316 = ORIENTED_EDGE('',*,*,#7317,.T.);
#7317 = EDGE_CURVE('',#7263,#7318,#7320,.T.);
#7318 = VERTEX_POINT('',#7319);
#7319 = CARTESIAN_POINT('',(0.4,1.445,-7.5));
#7320 = SEAM_CURVE('',#7321,(#7326,#7333),.PCURVE_S1.);
#7321 = CIRCLE('',#7322,1.445);
#7322 = AXIS2_PLACEMENT_3D('',#7323,#7324,#7325);
#7323 = CARTESIAN_POINT('',(0.4,2.22044604925E-16,-7.5));
#7324 = DIRECTION('',(1.,-1.110223024625E-16,-1.110223024625E-16));
#7325 = DIRECTION('',(-1.110223024625E-16,-1.,0.));
#7326 = PCURVE('',#7302,#7327);
#7327 = DEFINITIONAL_REPRESENTATION('',(#7328),#7332);
#7328 = LINE('',#7329,#7330);
#7329 = CARTESIAN_POINT('',(0.,3.14159265359));
#7330 = VECTOR('',#7331,1.);
#7331 = DIRECTION('',(1.,0.));
#7332 = ( GEOMETRIC_REPRESENTATION_CONTEXT(2) 
PARAMETRIC_REPRESENTATION_CONTEXT() REPRESENTATION_CONTEXT('2D SPACE',''
  ) );
#7333 = PCURVE('',#7302,#7334);
#7334 = DEFINITIONAL_REPRESENTATION('',(#7335),#7339);
#7335 = LINE('',#7336,#7337);
#7336 = CARTESIAN_POINT('',(0.,9.424777960769));
#7337 = VECTOR('',#7338,1.);
#7338 = DIRECTION('',(1.,0.));
#7339 = ( GEOMETRIC_REPRESENTATION_CONTEXT(2) 
PARAMETRIC_REPRESENTATION_CONTEXT() REPRESENTATION_CONTEXT('2D SPACE',''
  ) );
#7340 = ORIENTED_EDGE('',*,*,#7341,.T.);
#7341 = EDGE_CURVE('',#7318,#7318,#7342,.T.);
#7342 = SURFACE_CURVE('',#7343,(#7348,#7355),.PCURVE_S1.);
#7343 = CIRCLE('',#7344,0.155);
#7344 = AXIS2_PLACEMENT_3D('',#7345,#7346,#7347);
#7345 = CARTESIAN_POINT('',(0.4,1.6,-7.5));
#7346 = DIRECTION('',(-1.110223024625E-16,-1.224646799147E-16,-1.));
#7347 = DIRECTION('',(1.110223024625E-16,1.,-1.224646799147E-16));
#7348 = PCURVE('',#7302,#7349);
#7349 = DEFINITIONAL_REPRESENTATION('',(#7350),#7354);
#7350 = LINE('',#7351,#7352);
#7351 = CARTESIAN_POINT('',(3.14159265359,0.));
#7352 = VECTOR('',#7353,1.);
#7353 = DIRECTION('',(0.,1.));
#7354 = ( GEOMETRIC_REPRESENTATION_CONTEXT(2) 
PARAMETRIC_REPRESENTATION_CONTEXT() REPRESENTATION_CONTEXT('2D SPACE',''
  ) );
#7355 = PCURVE('',#7356,#7361);
#7356 = CYLINDRICAL_SURFACE('',#7357,0.155);
#7357 = AXIS2_PLACEMENT_3D('',#7358,#7359,#7360);
#7358 = CARTESIAN_POINT('',(0.4,1.6,-7.5));
#7359 = DIRECTION('',(1.110223024625E-16,-1.232595164408E-32,1.));
#7360 = DIRECTION('',(-1.110223024625E-16,-1.,0.));
#7361 = DEFINITIONAL_REPRESENTATION('',(#7362),#7366);
#7362 = LINE('',#7363,#7364);
#7363 = CARTESIAN_POINT('',(9.424777960769,0.));
#7364 = VECTOR('',#7365,1.);
#7365 = DIRECTION('',(-1.,-0.));
#7366 = ( GEOMETRIC_REPRESENTATION_CONTEXT(2) 
PARAMETRIC_REPRESENTATION_CONTEXT() REPRESENTATION_CONTEXT('2D SPACE',''
  ) );
#7367 = ORIENTED_EDGE('',*,*,#7317,.F.);
#7368 = ORIENTED_EDGE('',*,*,#7287,.T.);
#7369 = ADVANCED_FACE('',(#7370,#7373),#7202,.F.);
#7370 = FACE_BOUND('',#7371,.F.);
#7371 = EDGE_LOOP('',(#7372));
#7372 = ORIENTED_EDGE('',*,*,#7187,.T.);
#7373 = FACE_BOUND('',#7374,.F.);
#7374 = EDGE_LOOP('',(#7375));
#7375 = ORIENTED_EDGE('',*,*,#7376,.F.);
#7376 = EDGE_CURVE('',#7377,#7377,#7379,.T.);
#7377 = VERTEX_POINT('',#7378);
#7378 = CARTESIAN_POINT('',(0.4,1.445,0.));
#7379 = SURFACE_CURVE('',#7380,(#7385,#7396),.PCURVE_S1.);
#7380 = CIRCLE('',#7381,0.155);
#7381 = AXIS2_PLACEMENT_3D('',#7382,#7383,#7384);
#7382 = CARTESIAN_POINT('',(0.4,1.6,0.));
#7383 = DIRECTION('',(1.110223024625E-16,-1.232595164408E-32,1.));
#7384 = DIRECTION('',(-1.110223024625E-16,-1.,0.));
#7385 = PCURVE('',#7202,#7386);
#7386 = DEFINITIONAL_REPRESENTATION('',(#7387),#7395);
#7387 = ( BOUNDED_CURVE() B_SPLINE_CURVE(2,(#7388,#7389,#7390,#7391,
#7392,#7393,#7394),.UNSPECIFIED.,.T.,.F.) B_SPLINE_CURVE_WITH_KNOTS((1,2
    ,2,2,2,1),(-2.094395102393,0.,2.094395102393,4.188790204786,
6.28318530718,8.377580409573),.UNSPECIFIED.) CURVE() 
GEOMETRIC_REPRESENTATION_ITEM() RATIONAL_B_SPLINE_CURVE((1.,0.5,1.,0.5,
1.,0.5,1.)) REPRESENTATION_ITEM('') );
#7388 = CARTESIAN_POINT('',(5.551115123126E-17,-0.155));
#7389 = CARTESIAN_POINT('',(-0.268467875173,-0.155));
#7390 = CARTESIAN_POINT('',(-0.134233937587,7.75E-02));
#7391 = CARTESIAN_POINT('',(1.754710045769E-17,0.31));
#7392 = CARTESIAN_POINT('',(0.134233937587,7.75E-02));
#7393 = CARTESIAN_POINT('',(0.268467875173,-0.155));
#7394 = CARTESIAN_POINT('',(5.551115123126E-17,-0.155));
#7395 = ( GEOMETRIC_REPRESENTATION_CONTEXT(2) 
PARAMETRIC_REPRESENTATION_CONTEXT() REPRESENTATION_CONTEXT('2D SPACE',''
  ) );
#7396 = PCURVE('',#7356,#7397);
#7397 = DEFINITIONAL_REPRESENTATION('',(#7398),#7402);
#7398 = LINE('',#7399,#7400);
#7399 = CARTESIAN_POINT('',(0.,7.5));
#7400 = VECTOR('',#7401,1.);
#7401 = DIRECTION('',(1.,0.));
#7402 = ( GEOMETRIC_REPRESENTATION_CONTEXT(2) 
PARAMETRIC_REPRESENTATION_CONTEXT() REPRESENTATION_CONTEXT('2D SPACE',''
  ) );
#7403 = ADVANCED_FACE('',(#7404),#7356,.T.);
#7404 = FACE_BOUND('',#7405,.T.);
#7405 = EDGE_LOOP('',(#7406,#7427,#7428,#7429));
#7406 = ORIENTED_EDGE('',*,*,#7407,.F.);
#7407 = EDGE_CURVE('',#7318,#7377,#7408,.T.);
#7408 = SEAM_CURVE('',#7409,(#7413,#7420),.PCURVE_S1.);
#7409 = LINE('',#7410,#7411);
#7410 = CARTESIAN_POINT('',(0.4,1.445,-7.5));
#7411 = VECTOR('',#7412,1.);
#7412 = DIRECTION('',(1.110223024625E-16,-1.232595164408E-32,1.));
#7413 = PCURVE('',#7356,#7414);
#7414 = DEFINITIONAL_REPRESENTATION('',(#7415),#7419);
#7415 = LINE('',#7416,#7417);
#7416 = CARTESIAN_POINT('',(0.,0.));
#7417 = VECTOR('',#7418,1.);
#7418 = DIRECTION('',(0.,1.));
#7419 = ( GEOMETRIC_REPRESENTATION_CONTEXT(2) 
PARAMETRIC_REPRESENTATION_CONTEXT() REPRESENTATION_CONTEXT('2D SPACE',''
  ) );
#7420 = PCURVE('',#7356,#7421);
#7421 = DEFINITIONAL_REPRESENTATION('',(#7422),#7426);
#7422 = LINE('',#7423,#7424);
#7423 = CARTESIAN_POINT('',(6.28318530718,0.));
#7424 = VECTOR('',#7425,1.);
#7425 = DIRECTION('',(0.,1.));
#7426 = ( GEOMETRIC_REPRESENTATION_CONTEXT(2) 
PARAMETRIC_REPRESENTATION_CONTEXT() REPRESENTATION_CONTEXT('2D SPACE',''
  ) );
#7427 = ORIENTED_EDGE('',*,*,#7341,.F.);
#7428 = ORIENTED_EDGE('',*,*,#7407,.T.);
#7429 = ORIENTED_EDGE('',*,*,#7376,.F.);
#7430 = MANIFOLD_SOLID_BREP('',#7431);
#7431 = CLOSED_SHELL('',(#7432,#7524,#7580,#7639,#7678,#7733,#7789,#7823
    ));
#7432 = ADVANCED_FACE('',(#7433),#7447,.F.);
#7433 = FACE_BOUND('',#7434,.F.);
#7434 = EDGE_LOOP('',(#7435,#7465,#7492,#7493));
#7435 = ORIENTED_EDGE('',*,*,#7436,.T.);
#7436 = EDGE_CURVE('',#7437,#7439,#7441,.T.);
#7437 = VERTEX_POINT('',#7438);
#7438 = CARTESIAN_POINT('',(-0.4,-1.45,0.));
#7439 = VERTEX_POINT('',#7440);
#7440 = CARTESIAN_POINT('',(-0.4,-1.45,-7.5));
#7441 = SEAM_CURVE('',#7442,(#7446,#7458),.PCURVE_S1.);
#7442 = LINE('',#7443,#7444);
#7443 = CARTESIAN_POINT('',(-0.4,-1.45,4.078893220341E-33));
#7444 = VECTOR('',#7445,1.);
#7445 = DIRECTION('',(-1.110223024625E-16,1.232595164408E-32,-1.));
#7446 = PCURVE('',#7447,#7452);
#7447 = CYLINDRICAL_SURFACE('',#7448,0.15);
#7448 = AXIS2_PLACEMENT_3D('',#7449,#7450,#7451);
#7449 = CARTESIAN_POINT('',(-0.4,-1.6,0.));
#7450 = DIRECTION('',(-1.110223024625E-16,1.232595164408E-32,-1.));
#7451 = DIRECTION('',(1.110223024625E-16,1.,0.));
#7452 = DEFINITIONAL_REPRESENTATION('',(#7453),#7457);
#7453 = LINE('',#7454,#7455);
#7454 = CARTESIAN_POINT('',(6.28318530718,0.));
#7455 = VECTOR('',#7456,1.);
#7456 = DIRECTION('',(0.,1.));
#7457 = ( GEOMETRIC_REPRESENTATION_CONTEXT(2) 
PARAMETRIC_REPRESENTATION_CONTEXT() REPRESENTATION_CONTEXT('2D SPACE',''
  ) );
#7458 = PCURVE('',#7447,#7459);
#7459 = DEFINITIONAL_REPRESENTATION('',(#7460),#7464);
#7460 = LINE('',#7461,#7462);
#7461 = CARTESIAN_POINT('',(0.,0.));
#7462 = VECTOR('',#7463,1.);
#7463 = DIRECTION('',(0.,1.));
#7464 = ( GEOMETRIC_REPRESENTATION_CONTEXT(2) 
PARAMETRIC_REPRESENTATION_CONTEXT() REPRESENTATION_CONTEXT('2D SPACE',''
  ) );
#7465 = ORIENTED_EDGE('',*,*,#7466,.F.);
#7466 = EDGE_CURVE('',#7439,#7439,#7467,.T.);
#7467 = SURFACE_CURVE('',#7468,(#7473,#7480),.PCURVE_S1.);
#7468 = CIRCLE('',#7469,0.15);
#7469 = AXIS2_PLACEMENT_3D('',#7470,#7471,#7472);
#7470 = CARTESIAN_POINT('',(-0.4,-1.6,-7.5));
#7471 = DIRECTION('',(-1.110223024625E-16,1.232595164408E-32,-1.));
#7472 = DIRECTION('',(1.110223024625E-16,1.,0.));
#7473 = PCURVE('',#7447,#7474);
#7474 = DEFINITIONAL_REPRESENTATION('',(#7475),#7479);
#7475 = LINE('',#7476,#7477);
#7476 = CARTESIAN_POINT('',(0.,7.5));
#7477 = VECTOR('',#7478,1.);
#7478 = DIRECTION('',(1.,0.));
#7479 = ( GEOMETRIC_REPRESENTATION_CONTEXT(2) 
PARAMETRIC_REPRESENTATION_CONTEXT() REPRESENTATION_CONTEXT('2D SPACE',''
  ) );
#7480 = PCURVE('',#7481,#7486);
#7481 = TOROIDAL_SURFACE('',#7482,1.6,0.15);
#7482 = AXIS2_PLACEMENT_3D('',#7483,#7484,#7485);
#7483 = CARTESIAN_POINT('',(-0.4,2.22044604925E-16,-7.5));
#7484 = DIRECTION('',(1.,-1.110223024625E-16,-1.110223024625E-16));
#7485 = DIRECTION('',(-1.110223024625E-16,-1.,0.));
#7486 = DEFINITIONAL_REPRESENTATION('',(#7487),#7491);
#7487 = LINE('',#7488,#7489);
#7488 = CARTESIAN_POINT('',(0.,9.424777960769));
#7489 = VECTOR('',#7490,1.);
#7490 = DIRECTION('',(-0.,-1.));
#7491 = ( GEOMETRIC_REPRESENTATION_CONTEXT(2) 
PARAMETRIC_REPRESENTATION_CONTEXT() REPRESENTATION_CONTEXT('2D SPACE',''
  ) );
#7492 = ORIENTED_EDGE('',*,*,#7436,.F.);
#7493 = ORIENTED_EDGE('',*,*,#7494,.T.);
#7494 = EDGE_CURVE('',#7437,#7437,#7495,.T.);
#7495 = SURFACE_CURVE('',#7496,(#7501,#7508),.PCURVE_S1.);
#7496 = CIRCLE('',#7497,0.15);
#7497 = AXIS2_PLACEMENT_3D('',#7498,#7499,#7500);
#7498 = CARTESIAN_POINT('',(-0.4,-1.6,0.));
#7499 = DIRECTION('',(-1.110223024625E-16,1.232595164408E-32,-1.));
#7500 = DIRECTION('',(1.110223024625E-16,1.,0.));
#7501 = PCURVE('',#7447,#7502);
#7502 = DEFINITIONAL_REPRESENTATION('',(#7503),#7507);
#7503 = LINE('',#7504,#7505);
#7504 = CARTESIAN_POINT('',(0.,0.));
#7505 = VECTOR('',#7506,1.);
#7506 = DIRECTION('',(1.,0.));
#7507 = ( GEOMETRIC_REPRESENTATION_CONTEXT(2) 
PARAMETRIC_REPRESENTATION_CONTEXT() REPRESENTATION_CONTEXT('2D SPACE',''
  ) );
#7508 = PCURVE('',#7509,#7514);
#7509 = PLANE('',#7510);
#7510 = AXIS2_PLACEMENT_3D('',#7511,#7512,#7513);
#7511 = CARTESIAN_POINT('',(-0.4,-1.6,-3.08572171572E-34));
#7512 = DIRECTION('',(1.110223024625E-16,-1.232595164408E-32,1.));
#7513 = DIRECTION('',(1.,-1.110223024625E-16,-1.110223024625E-16));
#7514 = DEFINITIONAL_REPRESENTATION('',(#7515),#7523);
#7515 = ( BOUNDED_CURVE() B_SPLINE_CURVE(2,(#7516,#7517,#7518,#7519,
#7520,#7521,#7522),.UNSPECIFIED.,.T.,.F.) B_SPLINE_CURVE_WITH_KNOTS((1,2
    ,2,2,2,1),(-2.094395102393,0.,2.094395102393,4.188790204786,
6.28318530718,8.377580409573),.UNSPECIFIED.) CURVE() 
GEOMETRIC_REPRESENTATION_ITEM() RATIONAL_B_SPLINE_CURVE((1.,0.5,1.,0.5,
1.,0.5,1.)) REPRESENTATION_ITEM('') );
#7516 = CARTESIAN_POINT('',(0.,0.15));
#7517 = CARTESIAN_POINT('',(0.259807621135,0.15));
#7518 = CARTESIAN_POINT('',(0.129903810568,-7.5E-02));
#7519 = CARTESIAN_POINT('',(3.673940397442E-17,-0.3));
#7520 = CARTESIAN_POINT('',(-0.129903810568,-7.5E-02));
#7521 = CARTESIAN_POINT('',(-0.259807621135,0.15));
#7522 = CARTESIAN_POINT('',(0.,0.15));
#7523 = ( GEOMETRIC_REPRESENTATION_CONTEXT(2) 
PARAMETRIC_REPRESENTATION_CONTEXT() REPRESENTATION_CONTEXT('2D SPACE',''
  ) );
#7524 = ADVANCED_FACE('',(#7525),#7481,.F.);
#7525 = FACE_BOUND('',#7526,.F.);
#7526 = EDGE_LOOP('',(#7527,#7551,#7578,#7579));
#7527 = ORIENTED_EDGE('',*,*,#7528,.T.);
#7528 = EDGE_CURVE('',#7439,#7529,#7531,.T.);
#7529 = VERTEX_POINT('',#7530);
#7530 = CARTESIAN_POINT('',(-0.4,1.45,-7.5));
#7531 = SEAM_CURVE('',#7532,(#7537,#7544),.PCURVE_S1.);
#7532 = CIRCLE('',#7533,1.45);
#7533 = AXIS2_PLACEMENT_3D('',#7534,#7535,#7536);
#7534 = CARTESIAN_POINT('',(-0.4,2.22044604925E-16,-7.5));
#7535 = DIRECTION('',(1.,-1.110223024625E-16,-1.110223024625E-16));
#7536 = DIRECTION('',(-1.110223024625E-16,-1.,0.));
#7537 = PCURVE('',#7481,#7538);
#7538 = DEFINITIONAL_REPRESENTATION('',(#7539),#7543);
#7539 = LINE('',#7540,#7541);
#7540 = CARTESIAN_POINT('',(0.,3.14159265359));
#7541 = VECTOR('',#7542,1.);
#7542 = DIRECTION('',(1.,0.));
#7543 = ( GEOMETRIC_REPRESENTATION_CONTEXT(2) 
PARAMETRIC_REPRESENTATION_CONTEXT() REPRESENTATION_CONTEXT('2D SPACE',''
  ) );
#7544 = PCURVE('',#7481,#7545);
#7545 = DEFINITIONAL_REPRESENTATION('',(#7546),#7550);
#7546 = LINE('',#7547,#7548);
#7547 = CARTESIAN_POINT('',(0.,9.424777960769));
#7548 = VECTOR('',#7549,1.);
#7549 = DIRECTION('',(1.,0.));
#7550 = ( GEOMETRIC_REPRESENTATION_CONTEXT(2) 
PARAMETRIC_REPRESENTATION_CONTEXT() REPRESENTATION_CONTEXT('2D SPACE',''
  ) );
#7551 = ORIENTED_EDGE('',*,*,#7552,.T.);
#7552 = EDGE_CURVE('',#7529,#7529,#7553,.T.);
#7553 = SURFACE_CURVE('',#7554,(#7559,#7566),.PCURVE_S1.);
#7554 = CIRCLE('',#7555,0.15);
#7555 = AXIS2_PLACEMENT_3D('',#7556,#7557,#7558);
#7556 = CARTESIAN_POINT('',(-0.4,1.6,-7.5));
#7557 = DIRECTION('',(-1.110223024625E-16,-1.224646799147E-16,-1.));
#7558 = DIRECTION('',(1.110223024625E-16,1.,-1.224646799147E-16));
#7559 = PCURVE('',#7481,#7560);
#7560 = DEFINITIONAL_REPRESENTATION('',(#7561),#7565);
#7561 = LINE('',#7562,#7563);
#7562 = CARTESIAN_POINT('',(3.14159265359,0.));
#7563 = VECTOR('',#7564,1.);
#7564 = DIRECTION('',(0.,1.));
#7565 = ( GEOMETRIC_REPRESENTATION_CONTEXT(2) 
PARAMETRIC_REPRESENTATION_CONTEXT() REPRESENTATION_CONTEXT('2D SPACE',''
  ) );
#7566 = PCURVE('',#7567,#7572);
#7567 = CYLINDRICAL_SURFACE('',#7568,0.15);
#7568 = AXIS2_PLACEMENT_3D('',#7569,#7570,#7571);
#7569 = CARTESIAN_POINT('',(-0.4,1.6,-7.5));
#7570 = DIRECTION('',(1.110223024625E-16,-1.232595164408E-32,1.));
#7571 = DIRECTION('',(-1.110223024625E-16,-1.,0.));
#7572 = DEFINITIONAL_REPRESENTATION('',(#7573),#7577);
#7573 = LINE('',#7574,#7575);
#7574 = CARTESIAN_POINT('',(9.424777960769,0.));
#7575 = VECTOR('',#7576,1.);
#7576 = DIRECTION('',(-1.,-0.));
#7577 = ( GEOMETRIC_REPRESENTATION_CONTEXT(2) 
PARAMETRIC_REPRESENTATION_CONTEXT() REPRESENTATION_CONTEXT('2D SPACE',''
  ) );
#7578 = ORIENTED_EDGE('',*,*,#7528,.F.);
#7579 = ORIENTED_EDGE('',*,*,#7466,.T.);
#7580 = ADVANCED_FACE('',(#7581),#7567,.F.);
#7581 = FACE_BOUND('',#7582,.F.);
#7582 = EDGE_LOOP('',(#7583,#7606,#7637,#7638));
#7583 = ORIENTED_EDGE('',*,*,#7584,.T.);
#7584 = EDGE_CURVE('',#7529,#7585,#7587,.T.);
#7585 = VERTEX_POINT('',#7586);
#7586 = CARTESIAN_POINT('',(-0.4,1.45,0.));
#7587 = SEAM_CURVE('',#7588,(#7592,#7599),.PCURVE_S1.);
#7588 = LINE('',#7589,#7590);
#7589 = CARTESIAN_POINT('',(-0.4,1.45,-7.5));
#7590 = VECTOR('',#7591,1.);
#7591 = DIRECTION('',(1.110223024625E-16,-1.232595164408E-32,1.));
#7592 = PCURVE('',#7567,#7593);
#7593 = DEFINITIONAL_REPRESENTATION('',(#7594),#7598);
#7594 = LINE('',#7595,#7596);
#7595 = CARTESIAN_POINT('',(6.28318530718,0.));
#7596 = VECTOR('',#7597,1.);
#7597 = DIRECTION('',(0.,1.));
#7598 = ( GEOMETRIC_REPRESENTATION_CONTEXT(2) 
PARAMETRIC_REPRESENTATION_CONTEXT() REPRESENTATION_CONTEXT('2D SPACE',''
  ) );
#7599 = PCURVE('',#7567,#7600);
#7600 = DEFINITIONAL_REPRESENTATION('',(#7601),#7605);
#7601 = LINE('',#7602,#7603);
#7602 = CARTESIAN_POINT('',(0.,0.));
#7603 = VECTOR('',#7604,1.);
#7604 = DIRECTION('',(0.,1.));
#7605 = ( GEOMETRIC_REPRESENTATION_CONTEXT(2) 
PARAMETRIC_REPRESENTATION_CONTEXT() REPRESENTATION_CONTEXT('2D SPACE',''
  ) );
#7606 = ORIENTED_EDGE('',*,*,#7607,.F.);
#7607 = EDGE_CURVE('',#7585,#7585,#7608,.T.);
#7608 = SURFACE_CURVE('',#7609,(#7614,#7621),.PCURVE_S1.);
#7609 = CIRCLE('',#7610,0.15);
#7610 = AXIS2_PLACEMENT_3D('',#7611,#7612,#7613);
#7611 = CARTESIAN_POINT('',(-0.4,1.6,0.));
#7612 = DIRECTION('',(1.110223024625E-16,-1.232595164408E-32,1.));
#7613 = DIRECTION('',(-1.110223024625E-16,-1.,0.));
#7614 = PCURVE('',#7567,#7615);
#7615 = DEFINITIONAL_REPRESENTATION('',(#7616),#7620);
#7616 = LINE('',#7617,#7618);
#7617 = CARTESIAN_POINT('',(0.,7.5));
#7618 = VECTOR('',#7619,1.);
#7619 = DIRECTION('',(1.,0.));
#7620 = ( GEOMETRIC_REPRESENTATION_CONTEXT(2) 
PARAMETRIC_REPRESENTATION_CONTEXT() REPRESENTATION_CONTEXT('2D SPACE',''
  ) );
#7621 = PCURVE('',#7622,#7627);
#7622 = PLANE('',#7623);
#7623 = AXIS2_PLACEMENT_3D('',#7624,#7625,#7626);
#7624 = CARTESIAN_POINT('',(-0.4,1.6,-1.296959879867E-33));
#7625 = DIRECTION('',(-1.110223024625E-16,1.232595164408E-32,-1.));
#7626 = DIRECTION('',(-1.,1.110223024625E-16,1.110223024625E-16));
#7627 = DEFINITIONAL_REPRESENTATION('',(#7628),#7636);
#7628 = ( BOUNDED_CURVE() B_SPLINE_CURVE(2,(#7629,#7630,#7631,#7632,
#7633,#7634,#7635),.UNSPECIFIED.,.T.,.F.) B_SPLINE_CURVE_WITH_KNOTS((1,2
    ,2,2,2,1),(-2.094395102393,0.,2.094395102393,4.188790204786,
6.28318530718,8.377580409573),.UNSPECIFIED.) CURVE() 
GEOMETRIC_REPRESENTATION_ITEM() RATIONAL_B_SPLINE_CURVE((1.,0.5,1.,0.5,
1.,0.5,1.)) REPRESENTATION_ITEM('') );
#7629 = CARTESIAN_POINT('',(5.551115123126E-17,-0.15));
#7630 = CARTESIAN_POINT('',(-0.259807621135,-0.15));
#7631 = CARTESIAN_POINT('',(-0.129903810568,7.5E-02));
#7632 = CARTESIAN_POINT('',(1.877174725684E-17,0.3));
#7633 = CARTESIAN_POINT('',(0.129903810568,7.5E-02));
#7634 = CARTESIAN_POINT('',(0.259807621135,-0.15));
#7635 = CARTESIAN_POINT('',(5.551115123126E-17,-0.15));
#7636 = ( GEOMETRIC_REPRESENTATION_CONTEXT(2) 
PARAMETRIC_REPRESENTATION_CONTEXT() REPRESENTATION_CONTEXT('2D SPACE',''
  ) );
#7637 = ORIENTED_EDGE('',*,*,#7584,.F.);
#7638 = ORIENTED_EDGE('',*,*,#7552,.F.);
#7639 = ADVANCED_FACE('',(#7640,#7643),#7509,.T.);
#7640 = FACE_BOUND('',#7641,.T.);
#7641 = EDGE_LOOP('',(#7642));
#7642 = ORIENTED_EDGE('',*,*,#7494,.T.);
#7643 = FACE_BOUND('',#7644,.T.);
#7644 = EDGE_LOOP('',(#7645));
#7645 = ORIENTED_EDGE('',*,*,#7646,.F.);
#7646 = EDGE_CURVE('',#7647,#7647,#7649,.T.);
#7647 = VERTEX_POINT('',#7648);
#7648 = CARTESIAN_POINT('',(-0.4,-1.445,4.214856327685E-33));
#7649 = SURFACE_CURVE('',#7650,(#7655,#7666),.PCURVE_S1.);
#7650 = CIRCLE('',#7651,0.155);
#7651 = AXIS2_PLACEMENT_3D('',#7652,#7653,#7654);
#7652 = CARTESIAN_POINT('',(-0.4,-1.6,0.));
#7653 = DIRECTION('',(-1.110223024625E-16,1.232595164408E-32,-1.));
#7654 = DIRECTION('',(1.110223024625E-16,1.,0.));
#7655 = PCURVE('',#7509,#7656);
#7656 = DEFINITIONAL_REPRESENTATION('',(#7657),#7665);
#7657 = ( BOUNDED_CURVE() B_SPLINE_CURVE(2,(#7658,#7659,#7660,#7661,
#7662,#7663,#7664),.UNSPECIFIED.,.T.,.F.) B_SPLINE_CURVE_WITH_KNOTS((1,2
    ,2,2,2,1),(-2.094395102393,0.,2.094395102393,4.188790204786,
6.28318530718,8.377580409573),.UNSPECIFIED.) CURVE() 
GEOMETRIC_REPRESENTATION_ITEM() RATIONAL_B_SPLINE_CURVE((1.,0.5,1.,0.5,
1.,0.5,1.)) REPRESENTATION_ITEM('') );
#7658 = CARTESIAN_POINT('',(0.,0.155));
#7659 = CARTESIAN_POINT('',(0.268467875173,0.155));
#7660 = CARTESIAN_POINT('',(0.134233937587,-7.75E-02));
#7661 = CARTESIAN_POINT('',(3.796405077357E-17,-0.31));
#7662 = CARTESIAN_POINT('',(-0.134233937587,-7.75E-02));
#7663 = CARTESIAN_POINT('',(-0.268467875173,0.155));
#7664 = CARTESIAN_POINT('',(0.,0.155));
#7665 = ( GEOMETRIC_REPRESENTATION_CONTEXT(2) 
PARAMETRIC_REPRESENTATION_CONTEXT() REPRESENTATION_CONTEXT('2D SPACE',''
  ) );
#7666 = PCURVE('',#7667,#7672);
#7667 = CYLINDRICAL_SURFACE('',#7668,0.155);
#7668 = AXIS2_PLACEMENT_3D('',#7669,#7670,#7671);
#7669 = CARTESIAN_POINT('',(-0.4,-1.6,0.));
#7670 = DIRECTION('',(-1.110223024625E-16,1.232595164408E-32,-1.));
#7671 = DIRECTION('',(1.110223024625E-16,1.,0.));
#7672 = DEFINITIONAL_REPRESENTATION('',(#7673),#7677);
#7673 = LINE('',#7674,#7675);
#7674 = CARTESIAN_POINT('',(0.,0.));
#7675 = VECTOR('',#7676,1.);
#7676 = DIRECTION('',(1.,0.));
#7677 = ( GEOMETRIC_REPRESENTATION_CONTEXT(2) 
PARAMETRIC_REPRESENTATION_CONTEXT() REPRESENTATION_CONTEXT('2D SPACE',''
  ) );
#7678 = ADVANCED_FACE('',(#7679),#7667,.T.);
#7679 = FACE_BOUND('',#7680,.T.);
#7680 = EDGE_LOOP('',(#7681,#7704,#7705,#7706));
#7681 = ORIENTED_EDGE('',*,*,#7682,.F.);
#7682 = EDGE_CURVE('',#7647,#7683,#7685,.T.);
#7683 = VERTEX_POINT('',#7684);
#7684 = CARTESIAN_POINT('',(-0.4,-1.445,-7.5));
#7685 = SEAM_CURVE('',#7686,(#7690,#7697),.PCURVE_S1.);
#7686 = LINE('',#7687,#7688);
#7687 = CARTESIAN_POINT('',(-0.4,-1.445,4.214856327685E-33));
#7688 = VECTOR('',#7689,1.);
#7689 = DIRECTION('',(-1.110223024625E-16,1.232595164408E-32,-1.));
#7690 = PCURVE('',#7667,#7691);
#7691 = DEFINITIONAL_REPRESENTATION('',(#7692),#7696);
#7692 = LINE('',#7693,#7694);
#7693 = CARTESIAN_POINT('',(0.,0.));
#7694 = VECTOR('',#7695,1.);
#7695 = DIRECTION('',(0.,1.));
#7696 = ( GEOMETRIC_REPRESENTATION_CONTEXT(2) 
PARAMETRIC_REPRESENTATION_CONTEXT() REPRESENTATION_CONTEXT('2D SPACE',''
  ) );
#7697 = PCURVE('',#7667,#7698);
#7698 = DEFINITIONAL_REPRESENTATION('',(#7699),#7703);
#7699 = LINE('',#7700,#7701);
#7700 = CARTESIAN_POINT('',(6.28318530718,0.));
#7701 = VECTOR('',#7702,1.);
#7702 = DIRECTION('',(0.,1.));
#7703 = ( GEOMETRIC_REPRESENTATION_CONTEXT(2) 
PARAMETRIC_REPRESENTATION_CONTEXT() REPRESENTATION_CONTEXT('2D SPACE',''
  ) );
#7704 = ORIENTED_EDGE('',*,*,#7646,.T.);
#7705 = ORIENTED_EDGE('',*,*,#7682,.T.);
#7706 = ORIENTED_EDGE('',*,*,#7707,.F.);
#7707 = EDGE_CURVE('',#7683,#7683,#7708,.T.);
#7708 = SURFACE_CURVE('',#7709,(#7714,#7721),.PCURVE_S1.);
#7709 = CIRCLE('',#7710,0.155);
#7710 = AXIS2_PLACEMENT_3D('',#7711,#7712,#7713);
#7711 = CARTESIAN_POINT('',(-0.4,-1.6,-7.5));
#7712 = DIRECTION('',(-1.110223024625E-16,1.232595164408E-32,-1.));
#7713 = DIRECTION('',(4.784163422067E-16,1.,-4.078893220341E-32));
#7714 = PCURVE('',#7667,#7715);
#7715 = DEFINITIONAL_REPRESENTATION('',(#7716),#7720);
#7716 = LINE('',#7717,#7718);
#7717 = CARTESIAN_POINT('',(0.,7.5));
#7718 = VECTOR('',#7719,1.);
#7719 = DIRECTION('',(1.,0.));
#7720 = ( GEOMETRIC_REPRESENTATION_CONTEXT(2) 
PARAMETRIC_REPRESENTATION_CONTEXT() REPRESENTATION_CONTEXT('2D SPACE',''
  ) );
#7721 = PCURVE('',#7722,#7727);
#7722 = TOROIDAL_SURFACE('',#7723,1.6,0.155);
#7723 = AXIS2_PLACEMENT_3D('',#7724,#7725,#7726);
#7724 = CARTESIAN_POINT('',(-0.4,2.22044604925E-16,-7.5));
#7725 = DIRECTION('',(1.,-1.110223024625E-16,-1.110223024625E-16));
#7726 = DIRECTION('',(-1.110223024625E-16,-1.,0.));
#7727 = DEFINITIONAL_REPRESENTATION('',(#7728),#7732);
#7728 = LINE('',#7729,#7730);
#7729 = CARTESIAN_POINT('',(0.,9.424777960769));
#7730 = VECTOR('',#7731,1.);
#7731 = DIRECTION('',(-0.,-1.));
#7732 = ( GEOMETRIC_REPRESENTATION_CONTEXT(2) 
PARAMETRIC_REPRESENTATION_CONTEXT() REPRESENTATION_CONTEXT('2D SPACE',''
  ) );
#7733 = ADVANCED_FACE('',(#7734),#7722,.T.);
#7734 = FACE_BOUND('',#7735,.T.);
#7735 = EDGE_LOOP('',(#7736,#7760,#7787,#7788));
#7736 = ORIENTED_EDGE('',*,*,#7737,.T.);
#7737 = EDGE_CURVE('',#7683,#7738,#7740,.T.);
#7738 = VERTEX_POINT('',#7739);
#7739 = CARTESIAN_POINT('',(-0.4,1.445,-7.5));
#7740 = SEAM_CURVE('',#7741,(#7746,#7753),.PCURVE_S1.);
#7741 = CIRCLE('',#7742,1.445);
#7742 = AXIS2_PLACEMENT_3D('',#7743,#7744,#7745);
#7743 = CARTESIAN_POINT('',(-0.4,2.22044604925E-16,-7.5));
#7744 = DIRECTION('',(1.,-1.110223024625E-16,-1.110223024625E-16));
#7745 = DIRECTION('',(-1.110223024625E-16,-1.,0.));
#7746 = PCURVE('',#7722,#7747);
#7747 = DEFINITIONAL_REPRESENTATION('',(#7748),#7752);
#7748 = LINE('',#7749,#7750);
#7749 = CARTESIAN_POINT('',(0.,3.14159265359));
#7750 = VECTOR('',#7751,1.);
#7751 = DIRECTION('',(1.,0.));
#7752 = ( GEOMETRIC_REPRESENTATION_CONTEXT(2) 
PARAMETRIC_REPRESENTATION_CONTEXT() REPRESENTATION_CONTEXT('2D SPACE',''
  ) );
#7753 = PCURVE('',#7722,#7754);
#7754 = DEFINITIONAL_REPRESENTATION('',(#7755),#7759);
#7755 = LINE('',#7756,#7757);
#7756 = CARTESIAN_POINT('',(0.,9.424777960769));
#7757 = VECTOR('',#7758,1.);
#7758 = DIRECTION('',(1.,0.));
#7759 = ( GEOMETRIC_REPRESENTATION_CONTEXT(2) 
PARAMETRIC_REPRESENTATION_CONTEXT() REPRESENTATION_CONTEXT('2D SPACE',''
  ) );
#7760 = ORIENTED_EDGE('',*,*,#7761,.T.);
#7761 = EDGE_CURVE('',#7738,#7738,#7762,.T.);
#7762 = SURFACE_CURVE('',#7763,(#7768,#7775),.PCURVE_S1.);
#7763 = CIRCLE('',#7764,0.155);
#7764 = AXIS2_PLACEMENT_3D('',#7765,#7766,#7767);
#7765 = CARTESIAN_POINT('',(-0.4,1.6,-7.5));
#7766 = DIRECTION('',(-1.110223024625E-16,-1.224646799147E-16,-1.));
#7767 = DIRECTION('',(1.110223024625E-16,1.,-1.224646799147E-16));
#7768 = PCURVE('',#7722,#7769);
#7769 = DEFINITIONAL_REPRESENTATION('',(#7770),#7774);
#7770 = LINE('',#7771,#7772);
#7771 = CARTESIAN_POINT('',(3.14159265359,0.));
#7772 = VECTOR('',#7773,1.);
#7773 = DIRECTION('',(0.,1.));
#7774 = ( GEOMETRIC_REPRESENTATION_CONTEXT(2) 
PARAMETRIC_REPRESENTATION_CONTEXT() REPRESENTATION_CONTEXT('2D SPACE',''
  ) );
#7775 = PCURVE('',#7776,#7781);
#7776 = CYLINDRICAL_SURFACE('',#7777,0.155);
#7777 = AXIS2_PLACEMENT_3D('',#7778,#7779,#7780);
#7778 = CARTESIAN_POINT('',(-0.4,1.6,-7.5));
#7779 = DIRECTION('',(1.110223024625E-16,-1.232595164408E-32,1.));
#7780 = DIRECTION('',(-1.110223024625E-16,-1.,0.));
#7781 = DEFINITIONAL_REPRESENTATION('',(#7782),#7786);
#7782 = LINE('',#7783,#7784);
#7783 = CARTESIAN_POINT('',(9.424777960769,0.));
#7784 = VECTOR('',#7785,1.);
#7785 = DIRECTION('',(-1.,-0.));
#7786 = ( GEOMETRIC_REPRESENTATION_CONTEXT(2) 
PARAMETRIC_REPRESENTATION_CONTEXT() REPRESENTATION_CONTEXT('2D SPACE',''
  ) );
#7787 = ORIENTED_EDGE('',*,*,#7737,.F.);
#7788 = ORIENTED_EDGE('',*,*,#7707,.T.);
#7789 = ADVANCED_FACE('',(#7790,#7793),#7622,.F.);
#7790 = FACE_BOUND('',#7791,.F.);
#7791 = EDGE_LOOP('',(#7792));
#7792 = ORIENTED_EDGE('',*,*,#7607,.T.);
#7793 = FACE_BOUND('',#7794,.F.);
#7794 = EDGE_LOOP('',(#7795));
#7795 = ORIENTED_EDGE('',*,*,#7796,.F.);
#7796 = EDGE_CURVE('',#7797,#7797,#7799,.T.);
#7797 = VERTEX_POINT('',#7798);
#7798 = CARTESIAN_POINT('',(-0.4,1.445,0.));
#7799 = SURFACE_CURVE('',#7800,(#7805,#7816),.PCURVE_S1.);
#7800 = CIRCLE('',#7801,0.155);
#7801 = AXIS2_PLACEMENT_3D('',#7802,#7803,#7804);
#7802 = CARTESIAN_POINT('',(-0.4,1.6,0.));
#7803 = DIRECTION('',(1.110223024625E-16,-1.232595164408E-32,1.));
#7804 = DIRECTION('',(-1.110223024625E-16,-1.,0.));
#7805 = PCURVE('',#7622,#7806);
#7806 = DEFINITIONAL_REPRESENTATION('',(#7807),#7815);
#7807 = ( BOUNDED_CURVE() B_SPLINE_CURVE(2,(#7808,#7809,#7810,#7811,
#7812,#7813,#7814),.UNSPECIFIED.,.T.,.F.) B_SPLINE_CURVE_WITH_KNOTS((1,2
    ,2,2,2,1),(-2.094395102393,0.,2.094395102393,4.188790204786,
6.28318530718,8.377580409573),.UNSPECIFIED.) CURVE() 
GEOMETRIC_REPRESENTATION_ITEM() RATIONAL_B_SPLINE_CURVE((1.,0.5,1.,0.5,
1.,0.5,1.)) REPRESENTATION_ITEM('') );
#7808 = CARTESIAN_POINT('',(5.551115123126E-17,-0.155));
#7809 = CARTESIAN_POINT('',(-0.268467875173,-0.155));
#7810 = CARTESIAN_POINT('',(-0.134233937587,7.75E-02));
#7811 = CARTESIAN_POINT('',(1.754710045769E-17,0.31));
#7812 = CARTESIAN_POINT('',(0.134233937587,7.75E-02));
#7813 = CARTESIAN_POINT('',(0.268467875173,-0.155));
#7814 = CARTESIAN_POINT('',(5.551115123126E-17,-0.155));
#7815 = ( GEOMETRIC_REPRESENTATION_CONTEXT(2) 
PARAMETRIC_REPRESENTATION_CONTEXT() REPRESENTATION_CONTEXT('2D SPACE',''
  ) );
#7816 = PCURVE('',#7776,#7817);
#7817 = DEFINITIONAL_REPRESENTATION('',(#7818),#7822);
#7818 = LINE('',#7819,#7820);
#7819 = CARTESIAN_POINT('',(0.,7.5));
#7820 = VECTOR('',#7821,1.);
#7821 = DIRECTION('',(1.,0.));
#7822 = ( GEOMETRIC_REPRESENTATION_CONTEXT(2) 
PARAMETRIC_REPRESENTATION_CONTEXT() REPRESENTATION_CONTEXT('2D SPACE',''
  ) );
#7823 = ADVANCED_FACE('',(#7824),#7776,.T.);
#7824 = FACE_BOUND('',#7825,.T.);
#7825 = EDGE_LOOP('',(#7826,#7847,#7848,#7849));
#7826 = ORIENTED_EDGE('',*,*,#7827,.F.);
#7827 = EDGE_CURVE('',#7738,#7797,#7828,.T.);
#7828 = SEAM_CURVE('',#7829,(#7833,#7840),.PCURVE_S1.);
#7829 = LINE('',#7830,#7831);
#7830 = CARTESIAN_POINT('',(-0.4,1.445,-7.5));
#7831 = VECTOR('',#7832,1.);
#7832 = DIRECTION('',(1.110223024625E-16,-1.232595164408E-32,1.));
#7833 = PCURVE('',#7776,#7834);
#7834 = DEFINITIONAL_REPRESENTATION('',(#7835),#7839);
#7835 = LINE('',#7836,#7837);
#7836 = CARTESIAN_POINT('',(0.,0.));
#7837 = VECTOR('',#7838,1.);
#7838 = DIRECTION('',(0.,1.));
#7839 = ( GEOMETRIC_REPRESENTATION_CONTEXT(2) 
PARAMETRIC_REPRESENTATION_CONTEXT() REPRESENTATION_CONTEXT('2D SPACE',''
  ) );
#7840 = PCURVE('',#7776,#7841);
#7841 = DEFINITIONAL_REPRESENTATION('',(#7842),#7846);
#7842 = LINE('',#7843,#7844);
#7843 = CARTESIAN_POINT('',(6.28318530718,0.));
#7844 = VECTOR('',#7845,1.);
#7845 = DIRECTION('',(0.,1.));
#7846 = ( GEOMETRIC_REPRESENTATION_CONTEXT(2) 
PARAMETRIC_REPRESENTATION_CONTEXT() REPRESENTATION_CONTEXT('2D SPACE',''
  ) );
#7847 = ORIENTED_EDGE('',*,*,#7761,.F.);
#7848 = ORIENTED_EDGE('',*,*,#7827,.T.);
#7849 = ORIENTED_EDGE('',*,*,#7796,.F.);
#7850 = MANIFOLD_SOLID_BREP('',#7851);
#7851 = CLOSED_SHELL('',(#7852,#7944,#8000,#8059,#8098,#8153,#8209,#8243
    ));
#7852 = ADVANCED_FACE('',(#7853),#7867,.F.);
#7853 = FACE_BOUND('',#7854,.F.);
#7854 = EDGE_LOOP('',(#7855,#7885,#7912,#7913));
#7855 = ORIENTED_EDGE('',*,*,#7856,.T.);
#7856 = EDGE_CURVE('',#7857,#7859,#7861,.T.);
#7857 = VERTEX_POINT('',#7858);
#7858 = CARTESIAN_POINT('',(1.,-0.25,0.));
#7859 = VERTEX_POINT('',#7860);
#7860 = CARTESIAN_POINT('',(1.,-0.25,-5.));
#7861 = SEAM_CURVE('',#7862,(#7866,#7878),.PCURVE_S1.);
#7862 = LINE('',#7863,#7864);
#7863 = CARTESIAN_POINT('',(1.,-0.25,4.078893220341E-33));
#7864 = VECTOR('',#7865,1.);
#7865 = DIRECTION('',(-1.110223024625E-16,1.232595164408E-32,-1.));
#7866 = PCURVE('',#7867,#7872);
#7867 = CYLINDRICAL_SURFACE('',#7868,0.15);
#7868 = AXIS2_PLACEMENT_3D('',#7869,#7870,#7871);
#7869 = CARTESIAN_POINT('',(1.,-0.4,0.));
#7870 = DIRECTION('',(-1.110223024625E-16,1.232595164408E-32,-1.));
#7871 = DIRECTION('',(1.110223024625E-16,1.,0.));
#7872 = DEFINITIONAL_REPRESENTATION('',(#7873),#7877);
#7873 = LINE('',#7874,#7875);
#7874 = CARTESIAN_POINT('',(6.28318530718,0.));
#7875 = VECTOR('',#7876,1.);
#7876 = DIRECTION('',(0.,1.));
#7877 = ( GEOMETRIC_REPRESENTATION_CONTEXT(2) 
PARAMETRIC_REPRESENTATION_CONTEXT() REPRESENTATION_CONTEXT('2D SPACE',''
  ) );
#7878 = PCURVE('',#7867,#7879);
#7879 = DEFINITIONAL_REPRESENTATION('',(#7880),#7884);
#7880 = LINE('',#7881,#7882);
#7881 = CARTESIAN_POINT('',(0.,0.));
#7882 = VECTOR('',#7883,1.);
#7883 = DIRECTION('',(0.,1.));
#7884 = ( GEOMETRIC_REPRESENTATION_CONTEXT(2) 
PARAMETRIC_REPRESENTATION_CONTEXT() REPRESENTATION_CONTEXT('2D SPACE',''
  ) );
#7885 = ORIENTED_EDGE('',*,*,#7886,.F.);
#7886 = EDGE_CURVE('',#7859,#7859,#7887,.T.);
#7887 = SURFACE_CURVE('',#7888,(#7893,#7900),.PCURVE_S1.);
#7888 = CIRCLE('',#7889,0.15);
#7889 = AXIS2_PLACEMENT_3D('',#7890,#7891,#7892);
#7890 = CARTESIAN_POINT('',(1.,-0.4,-5.));
#7891 = DIRECTION('',(-1.110223024625E-16,1.232595164408E-32,-1.));
#7892 = DIRECTION('',(1.110223024625E-16,1.,0.));
#7893 = PCURVE('',#7867,#7894);
#7894 = DEFINITIONAL_REPRESENTATION('',(#7895),#7899);
#7895 = LINE('',#7896,#7897);
#7896 = CARTESIAN_POINT('',(0.,5.));
#7897 = VECTOR('',#7898,1.);
#7898 = DIRECTION('',(1.,0.));
#7899 = ( GEOMETRIC_REPRESENTATION_CONTEXT(2) 
PARAMETRIC_REPRESENTATION_CONTEXT() REPRESENTATION_CONTEXT('2D SPACE',''
  ) );
#7900 = PCURVE('',#7901,#7906);
#7901 = TOROIDAL_SURFACE('',#7902,0.4,0.15);
#7902 = AXIS2_PLACEMENT_3D('',#7903,#7904,#7905);
#7903 = CARTESIAN_POINT('',(1.,5.551115123126E-17,-5.));
#7904 = DIRECTION('',(1.,-1.110223024625E-16,-1.110223024625E-16));
#7905 = DIRECTION('',(-1.110223024625E-16,-1.,0.));
#7906 = DEFINITIONAL_REPRESENTATION('',(#7907),#7911);
#7907 = LINE('',#7908,#7909);
#7908 = CARTESIAN_POINT('',(0.,9.424777960769));
#7909 = VECTOR('',#7910,1.);
#7910 = DIRECTION('',(-0.,-1.));
#7911 = ( GEOMETRIC_REPRESENTATION_CONTEXT(2) 
PARAMETRIC_REPRESENTATION_CONTEXT() REPRESENTATION_CONTEXT('2D SPACE',''
  ) );
#7912 = ORIENTED_EDGE('',*,*,#7856,.F.);
#7913 = ORIENTED_EDGE('',*,*,#7914,.T.);
#7914 = EDGE_CURVE('',#7857,#7857,#7915,.T.);
#7915 = SURFACE_CURVE('',#7916,(#7921,#7928),.PCURVE_S1.);
#7916 = CIRCLE('',#7917,0.15);
#7917 = AXIS2_PLACEMENT_3D('',#7918,#7919,#7920);
#7918 = CARTESIAN_POINT('',(1.,-0.4,0.));
#7919 = DIRECTION('',(-1.110223024625E-16,1.232595164408E-32,-1.));
#7920 = DIRECTION('',(1.110223024625E-16,1.,0.));
#7921 = PCURVE('',#7867,#7922);
#7922 = DEFINITIONAL_REPRESENTATION('',(#7923),#7927);
#7923 = LINE('',#7924,#7925);
#7924 = CARTESIAN_POINT('',(0.,0.));
#7925 = VECTOR('',#7926,1.);
#7926 = DIRECTION('',(1.,0.));
#7927 = ( GEOMETRIC_REPRESENTATION_CONTEXT(2) 
PARAMETRIC_REPRESENTATION_CONTEXT() REPRESENTATION_CONTEXT('2D SPACE',''
  ) );
#7928 = PCURVE('',#7929,#7934);
#7929 = PLANE('',#7930);
#7930 = AXIS2_PLACEMENT_3D('',#7931,#7932,#7933);
#7931 = CARTESIAN_POINT('',(1.,-0.4,-3.08572171572E-34));
#7932 = DIRECTION('',(1.110223024625E-16,-1.232595164408E-32,1.));
#7933 = DIRECTION('',(1.,-1.110223024625E-16,-1.110223024625E-16));
#7934 = DEFINITIONAL_REPRESENTATION('',(#7935),#7943);
#7935 = ( BOUNDED_CURVE() B_SPLINE_CURVE(2,(#7936,#7937,#7938,#7939,
#7940,#7941,#7942),.UNSPECIFIED.,.T.,.F.) B_SPLINE_CURVE_WITH_KNOTS((1,2
    ,2,2,2,1),(-2.094395102393,0.,2.094395102393,4.188790204786,
6.28318530718,8.377580409573),.UNSPECIFIED.) CURVE() 
GEOMETRIC_REPRESENTATION_ITEM() RATIONAL_B_SPLINE_CURVE((1.,0.5,1.,0.5,
1.,0.5,1.)) REPRESENTATION_ITEM('') );
#7936 = CARTESIAN_POINT('',(0.,0.15));
#7937 = CARTESIAN_POINT('',(0.259807621135,0.15));
#7938 = CARTESIAN_POINT('',(0.129903810568,-7.5E-02));
#7939 = CARTESIAN_POINT('',(3.673940397442E-17,-0.3));
#7940 = CARTESIAN_POINT('',(-0.129903810568,-7.5E-02));
#7941 = CARTESIAN_POINT('',(-0.259807621135,0.15));
#7942 = CARTESIAN_POINT('',(0.,0.15));
#7943 = ( GEOMETRIC_REPRESENTATION_CONTEXT(2) 
PARAMETRIC_REPRESENTATION_CONTEXT() REPRESENTATION_CONTEXT('2D SPACE',''
  ) );
#7944 = ADVANCED_FACE('',(#7945),#7901,.F.);
#7945 = FACE_BOUND('',#7946,.F.);
#7946 = EDGE_LOOP('',(#7947,#7971,#7998,#7999));
#7947 = ORIENTED_EDGE('',*,*,#7948,.T.);
#7948 = EDGE_CURVE('',#7859,#7949,#7951,.T.);
#7949 = VERTEX_POINT('',#7950);
#7950 = CARTESIAN_POINT('',(1.,0.25,-5.));
#7951 = SEAM_CURVE('',#7952,(#7957,#7964),.PCURVE_S1.);
#7952 = CIRCLE('',#7953,0.25);
#7953 = AXIS2_PLACEMENT_3D('',#7954,#7955,#7956);
#7954 = CARTESIAN_POINT('',(1.,5.551115123126E-17,-5.));
#7955 = DIRECTION('',(1.,-1.110223024625E-16,-1.110223024625E-16));
#7956 = DIRECTION('',(-1.110223024625E-16,-1.,0.));
#7957 = PCURVE('',#7901,#7958);
#7958 = DEFINITIONAL_REPRESENTATION('',(#7959),#7963);
#7959 = LINE('',#7960,#7961);
#7960 = CARTESIAN_POINT('',(0.,3.14159265359));
#7961 = VECTOR('',#7962,1.);
#7962 = DIRECTION('',(1.,0.));
#7963 = ( GEOMETRIC_REPRESENTATION_CONTEXT(2) 
PARAMETRIC_REPRESENTATION_CONTEXT() REPRESENTATION_CONTEXT('2D SPACE',''
  ) );
#7964 = PCURVE('',#7901,#7965);
#7965 = DEFINITIONAL_REPRESENTATION('',(#7966),#7970);
#7966 = LINE('',#7967,#7968);
#7967 = CARTESIAN_POINT('',(0.,9.424777960769));
#7968 = VECTOR('',#7969,1.);
#7969 = DIRECTION('',(1.,0.));
#7970 = ( GEOMETRIC_REPRESENTATION_CONTEXT(2) 
PARAMETRIC_REPRESENTATION_CONTEXT() REPRESENTATION_CONTEXT('2D SPACE',''
  ) );
#7971 = ORIENTED_EDGE('',*,*,#7972,.T.);
#7972 = EDGE_CURVE('',#7949,#7949,#7973,.T.);
#7973 = SURFACE_CURVE('',#7974,(#7979,#7986),.PCURVE_S1.);
#7974 = CIRCLE('',#7975,0.15);
#7975 = AXIS2_PLACEMENT_3D('',#7976,#7977,#7978);
#7976 = CARTESIAN_POINT('',(1.,0.4,-5.));
#7977 = DIRECTION('',(-1.110223024625E-16,-1.224646799147E-16,-1.));
#7978 = DIRECTION('',(1.110223024625E-16,1.,-1.224646799147E-16));
#7979 = PCURVE('',#7901,#7980);
#7980 = DEFINITIONAL_REPRESENTATION('',(#7981),#7985);
#7981 = LINE('',#7982,#7983);
#7982 = CARTESIAN_POINT('',(3.14159265359,0.));
#7983 = VECTOR('',#7984,1.);
#7984 = DIRECTION('',(0.,1.));
#7985 = ( GEOMETRIC_REPRESENTATION_CONTEXT(2) 
PARAMETRIC_REPRESENTATION_CONTEXT() REPRESENTATION_CONTEXT('2D SPACE',''
  ) );
#7986 = PCURVE('',#7987,#7992);
#7987 = CYLINDRICAL_SURFACE('',#7988,0.15);
#7988 = AXIS2_PLACEMENT_3D('',#7989,#7990,#7991);
#7989 = CARTESIAN_POINT('',(1.,0.4,-5.));
#7990 = DIRECTION('',(1.110223024625E-16,1.110223024625E-16,1.));
#7991 = DIRECTION('',(-1.110223024625E-16,-1.,1.110223024625E-16));
#7992 = DEFINITIONAL_REPRESENTATION('',(#7993),#7997);
#7993 = LINE('',#7994,#7995);
#7994 = CARTESIAN_POINT('',(9.424777960769,0.));
#7995 = VECTOR('',#7996,1.);
#7996 = DIRECTION('',(-1.,-0.));
#7997 = ( GEOMETRIC_REPRESENTATION_CONTEXT(2) 
PARAMETRIC_REPRESENTATION_CONTEXT() REPRESENTATION_CONTEXT('2D SPACE',''
  ) );
#7998 = ORIENTED_EDGE('',*,*,#7948,.F.);
#7999 = ORIENTED_EDGE('',*,*,#7886,.T.);
#8000 = ADVANCED_FACE('',(#8001),#7987,.F.);
#8001 = FACE_BOUND('',#8002,.F.);
#8002 = EDGE_LOOP('',(#8003,#8026,#8057,#8058));
#8003 = ORIENTED_EDGE('',*,*,#8004,.T.);
#8004 = EDGE_CURVE('',#7949,#8005,#8007,.T.);
#8005 = VERTEX_POINT('',#8006);
#8006 = CARTESIAN_POINT('',(1.,0.25,0.));
#8007 = SEAM_CURVE('',#8008,(#8012,#8019),.PCURVE_S1.);
#8008 = LINE('',#8009,#8010);
#8009 = CARTESIAN_POINT('',(1.,0.25,-5.));
#8010 = VECTOR('',#8011,1.);
#8011 = DIRECTION('',(1.110223024625E-16,1.110223024625E-16,1.));
#8012 = PCURVE('',#7987,#8013);
#8013 = DEFINITIONAL_REPRESENTATION('',(#8014),#8018);
#8014 = LINE('',#8015,#8016);
#8015 = CARTESIAN_POINT('',(6.28318530718,0.));
#8016 = VECTOR('',#8017,1.);
#8017 = DIRECTION('',(0.,1.));
#8018 = ( GEOMETRIC_REPRESENTATION_CONTEXT(2) 
PARAMETRIC_REPRESENTATION_CONTEXT() REPRESENTATION_CONTEXT('2D SPACE',''
  ) );
#8019 = PCURVE('',#7987,#8020);
#8020 = DEFINITIONAL_REPRESENTATION('',(#8021),#8025);
#8021 = LINE('',#8022,#8023);
#8022 = CARTESIAN_POINT('',(0.,0.));
#8023 = VECTOR('',#8024,1.);
#8024 = DIRECTION('',(0.,1.));
#8025 = ( GEOMETRIC_REPRESENTATION_CONTEXT(2) 
PARAMETRIC_REPRESENTATION_CONTEXT() REPRESENTATION_CONTEXT('2D SPACE',''
  ) );
#8026 = ORIENTED_EDGE('',*,*,#8027,.F.);
#8027 = EDGE_CURVE('',#8005,#8005,#8028,.T.);
#8028 = SURFACE_CURVE('',#8029,(#8034,#8041),.PCURVE_S1.);
#8029 = CIRCLE('',#8030,0.15);
#8030 = AXIS2_PLACEMENT_3D('',#8031,#8032,#8033);
#8031 = CARTESIAN_POINT('',(1.,0.4,0.));
#8032 = DIRECTION('',(1.110223024625E-16,1.110223024625E-16,1.));
#8033 = DIRECTION('',(-1.110223024625E-16,-1.,1.110223024625E-16));
#8034 = PCURVE('',#7987,#8035);
#8035 = DEFINITIONAL_REPRESENTATION('',(#8036),#8040);
#8036 = LINE('',#8037,#8038);
#8037 = CARTESIAN_POINT('',(0.,5.));
#8038 = VECTOR('',#8039,1.);
#8039 = DIRECTION('',(1.,0.));
#8040 = ( GEOMETRIC_REPRESENTATION_CONTEXT(2) 
PARAMETRIC_REPRESENTATION_CONTEXT() REPRESENTATION_CONTEXT('2D SPACE',''
  ) );
#8041 = PCURVE('',#8042,#8047);
#8042 = PLANE('',#8043);
#8043 = AXIS2_PLACEMENT_3D('',#8044,#8045,#8046);
#8044 = CARTESIAN_POINT('',(1.,0.4,-2.285347588163E-33));
#8045 = DIRECTION('',(-1.110223024625E-16,1.232595164408E-32,-1.));
#8046 = DIRECTION('',(-1.,1.110223024625E-16,1.110223024625E-16));
#8047 = DEFINITIONAL_REPRESENTATION('',(#8048),#8056);
#8048 = ( BOUNDED_CURVE() B_SPLINE_CURVE(2,(#8049,#8050,#8051,#8052,
#8053,#8054,#8055),.UNSPECIFIED.,.T.,.F.) B_SPLINE_CURVE_WITH_KNOTS((1,2
    ,2,2,2,1),(-2.094395102393,0.,2.094395102393,4.188790204786,
6.28318530718,8.377580409573),.UNSPECIFIED.) CURVE() 
GEOMETRIC_REPRESENTATION_ITEM() RATIONAL_B_SPLINE_CURVE((1.,0.5,1.,0.5,
1.,0.5,1.)) REPRESENTATION_ITEM('') );
#8049 = CARTESIAN_POINT('',(1.232595164408E-32,-0.15));
#8050 = CARTESIAN_POINT('',(-0.259807621135,-0.15));
#8051 = CARTESIAN_POINT('',(-0.129903810568,7.5E-02));
#8052 = CARTESIAN_POINT('',(-3.673940397442E-17,0.3));
#8053 = CARTESIAN_POINT('',(0.129903810568,7.5E-02));
#8054 = CARTESIAN_POINT('',(0.259807621135,-0.15));
#8055 = CARTESIAN_POINT('',(1.232595164408E-32,-0.15));
#8056 = ( GEOMETRIC_REPRESENTATION_CONTEXT(2) 
PARAMETRIC_REPRESENTATION_CONTEXT() REPRESENTATION_CONTEXT('2D SPACE',''
  ) );
#8057 = ORIENTED_EDGE('',*,*,#8004,.F.);
#8058 = ORIENTED_EDGE('',*,*,#7972,.F.);
#8059 = ADVANCED_FACE('',(#8060,#8063),#7929,.T.);
#8060 = FACE_BOUND('',#8061,.T.);
#8061 = EDGE_LOOP('',(#8062));
#8062 = ORIENTED_EDGE('',*,*,#7914,.T.);
#8063 = FACE_BOUND('',#8064,.T.);
#8064 = EDGE_LOOP('',(#8065));
#8065 = ORIENTED_EDGE('',*,*,#8066,.F.);
#8066 = EDGE_CURVE('',#8067,#8067,#8069,.T.);
#8067 = VERTEX_POINT('',#8068);
#8068 = CARTESIAN_POINT('',(1.,-0.245,4.214856327685E-33));
#8069 = SURFACE_CURVE('',#8070,(#8075,#8086),.PCURVE_S1.);
#8070 = CIRCLE('',#8071,0.155);
#8071 = AXIS2_PLACEMENT_3D('',#8072,#8073,#8074);
#8072 = CARTESIAN_POINT('',(1.,-0.4,0.));
#8073 = DIRECTION('',(-1.110223024625E-16,1.232595164408E-32,-1.));
#8074 = DIRECTION('',(1.110223024625E-16,1.,0.));
#8075 = PCURVE('',#7929,#8076);
#8076 = DEFINITIONAL_REPRESENTATION('',(#8077),#8085);
#8077 = ( BOUNDED_CURVE() B_SPLINE_CURVE(2,(#8078,#8079,#8080,#8081,
#8082,#8083,#8084),.UNSPECIFIED.,.T.,.F.) B_SPLINE_CURVE_WITH_KNOTS((1,2
    ,2,2,2,1),(-2.094395102393,0.,2.094395102393,4.188790204786,
6.28318530718,8.377580409573),.UNSPECIFIED.) CURVE() 
GEOMETRIC_REPRESENTATION_ITEM() RATIONAL_B_SPLINE_CURVE((1.,0.5,1.,0.5,
1.,0.5,1.)) REPRESENTATION_ITEM('') );
#8078 = CARTESIAN_POINT('',(0.,0.155));
#8079 = CARTESIAN_POINT('',(0.268467875173,0.155));
#8080 = CARTESIAN_POINT('',(0.134233937587,-7.75E-02));
#8081 = CARTESIAN_POINT('',(3.796405077357E-17,-0.31));
#8082 = CARTESIAN_POINT('',(-0.134233937587,-7.75E-02));
#8083 = CARTESIAN_POINT('',(-0.268467875173,0.155));
#8084 = CARTESIAN_POINT('',(0.,0.155));
#8085 = ( GEOMETRIC_REPRESENTATION_CONTEXT(2) 
PARAMETRIC_REPRESENTATION_CONTEXT() REPRESENTATION_CONTEXT('2D SPACE',''
  ) );
#8086 = PCURVE('',#8087,#8092);
#8087 = CYLINDRICAL_SURFACE('',#8088,0.155);
#8088 = AXIS2_PLACEMENT_3D('',#8089,#8090,#8091);
#8089 = CARTESIAN_POINT('',(1.,-0.4,0.));
#8090 = DIRECTION('',(-1.110223024625E-16,1.232595164408E-32,-1.));
#8091 = DIRECTION('',(1.110223024625E-16,1.,0.));
#8092 = DEFINITIONAL_REPRESENTATION('',(#8093),#8097);
#8093 = LINE('',#8094,#8095);
#8094 = CARTESIAN_POINT('',(0.,0.));
#8095 = VECTOR('',#8096,1.);
#8096 = DIRECTION('',(1.,0.));
#8097 = ( GEOMETRIC_REPRESENTATION_CONTEXT(2) 
PARAMETRIC_REPRESENTATION_CONTEXT() REPRESENTATION_CONTEXT('2D SPACE',''
  ) );
#8098 = ADVANCED_FACE('',(#8099),#8087,.T.);
#8099 = FACE_BOUND('',#8100,.T.);
#8100 = EDGE_LOOP('',(#8101,#8124,#8125,#8126));
#8101 = ORIENTED_EDGE('',*,*,#8102,.F.);
#8102 = EDGE_CURVE('',#8067,#8103,#8105,.T.);
#8103 = VERTEX_POINT('',#8104);
#8104 = CARTESIAN_POINT('',(1.,-0.245,-5.));
#8105 = SEAM_CURVE('',#8106,(#8110,#8117),.PCURVE_S1.);
#8106 = LINE('',#8107,#8108);
#8107 = CARTESIAN_POINT('',(1.,-0.245,4.214856327685E-33));
#8108 = VECTOR('',#8109,1.);
#8109 = DIRECTION('',(-1.110223024625E-16,1.232595164408E-32,-1.));
#8110 = PCURVE('',#8087,#8111);
#8111 = DEFINITIONAL_REPRESENTATION('',(#8112),#8116);
#8112 = LINE('',#8113,#8114);
#8113 = CARTESIAN_POINT('',(0.,0.));
#8114 = VECTOR('',#8115,1.);
#8115 = DIRECTION('',(0.,1.));
#8116 = ( GEOMETRIC_REPRESENTATION_CONTEXT(2) 
PARAMETRIC_REPRESENTATION_CONTEXT() REPRESENTATION_CONTEXT('2D SPACE',''
  ) );
#8117 = PCURVE('',#8087,#8118);
#8118 = DEFINITIONAL_REPRESENTATION('',(#8119),#8123);
#8119 = LINE('',#8120,#8121);
#8120 = CARTESIAN_POINT('',(6.28318530718,0.));
#8121 = VECTOR('',#8122,1.);
#8122 = DIRECTION('',(0.,1.));
#8123 = ( GEOMETRIC_REPRESENTATION_CONTEXT(2) 
PARAMETRIC_REPRESENTATION_CONTEXT() REPRESENTATION_CONTEXT('2D SPACE',''
  ) );
#8124 = ORIENTED_EDGE('',*,*,#8066,.T.);
#8125 = ORIENTED_EDGE('',*,*,#8102,.T.);
#8126 = ORIENTED_EDGE('',*,*,#8127,.F.);
#8127 = EDGE_CURVE('',#8103,#8103,#8128,.T.);
#8128 = SURFACE_CURVE('',#8129,(#8134,#8141),.PCURVE_S1.);
#8129 = CIRCLE('',#8130,0.155);
#8130 = AXIS2_PLACEMENT_3D('',#8131,#8132,#8133);
#8131 = CARTESIAN_POINT('',(1.,-0.4,-5.));
#8132 = DIRECTION('',(-1.110223024625E-16,1.232595164408E-32,-1.));
#8133 = DIRECTION('',(4.784163422067E-16,1.,-4.078893220341E-32));
#8134 = PCURVE('',#8087,#8135);
#8135 = DEFINITIONAL_REPRESENTATION('',(#8136),#8140);
#8136 = LINE('',#8137,#8138);
#8137 = CARTESIAN_POINT('',(0.,5.));
#8138 = VECTOR('',#8139,1.);
#8139 = DIRECTION('',(1.,0.));
#8140 = ( GEOMETRIC_REPRESENTATION_CONTEXT(2) 
PARAMETRIC_REPRESENTATION_CONTEXT() REPRESENTATION_CONTEXT('2D SPACE',''
  ) );
#8141 = PCURVE('',#8142,#8147);
#8142 = TOROIDAL_SURFACE('',#8143,0.4,0.155);
#8143 = AXIS2_PLACEMENT_3D('',#8144,#8145,#8146);
#8144 = CARTESIAN_POINT('',(1.,5.551115123126E-17,-5.));
#8145 = DIRECTION('',(1.,-1.110223024625E-16,-1.110223024625E-16));
#8146 = DIRECTION('',(-1.110223024625E-16,-1.,0.));
#8147 = DEFINITIONAL_REPRESENTATION('',(#8148),#8152);
#8148 = LINE('',#8149,#8150);
#8149 = CARTESIAN_POINT('',(0.,9.424777960769));
#8150 = VECTOR('',#8151,1.);
#8151 = DIRECTION('',(-0.,-1.));
#8152 = ( GEOMETRIC_REPRESENTATION_CONTEXT(2) 
PARAMETRIC_REPRESENTATION_CONTEXT() REPRESENTATION_CONTEXT('2D SPACE',''
  ) );
#8153 = ADVANCED_FACE('',(#8154),#8142,.T.);
#8154 = FACE_BOUND('',#8155,.T.);
#8155 = EDGE_LOOP('',(#8156,#8180,#8207,#8208));
#8156 = ORIENTED_EDGE('',*,*,#8157,.T.);
#8157 = EDGE_CURVE('',#8103,#8158,#8160,.T.);
#8158 = VERTEX_POINT('',#8159);
#8159 = CARTESIAN_POINT('',(1.,0.245,-5.));
#8160 = SEAM_CURVE('',#8161,(#8166,#8173),.PCURVE_S1.);
#8161 = CIRCLE('',#8162,0.245);
#8162 = AXIS2_PLACEMENT_3D('',#8163,#8164,#8165);
#8163 = CARTESIAN_POINT('',(1.,5.551115123126E-17,-5.));
#8164 = DIRECTION('',(1.,-1.110223024625E-16,-1.110223024625E-16));
#8165 = DIRECTION('',(-1.110223024625E-16,-1.,0.));
#8166 = PCURVE('',#8142,#8167);
#8167 = DEFINITIONAL_REPRESENTATION('',(#8168),#8172);
#8168 = LINE('',#8169,#8170);
#8169 = CARTESIAN_POINT('',(0.,3.14159265359));
#8170 = VECTOR('',#8171,1.);
#8171 = DIRECTION('',(1.,0.));
#8172 = ( GEOMETRIC_REPRESENTATION_CONTEXT(2) 
PARAMETRIC_REPRESENTATION_CONTEXT() REPRESENTATION_CONTEXT('2D SPACE',''
  ) );
#8173 = PCURVE('',#8142,#8174);
#8174 = DEFINITIONAL_REPRESENTATION('',(#8175),#8179);
#8175 = LINE('',#8176,#8177);
#8176 = CARTESIAN_POINT('',(0.,9.424777960769));
#8177 = VECTOR('',#8178,1.);
#8178 = DIRECTION('',(1.,0.));
#8179 = ( GEOMETRIC_REPRESENTATION_CONTEXT(2) 
PARAMETRIC_REPRESENTATION_CONTEXT() REPRESENTATION_CONTEXT('2D SPACE',''
  ) );
#8180 = ORIENTED_EDGE('',*,*,#8181,.T.);
#8181 = EDGE_CURVE('',#8158,#8158,#8182,.T.);
#8182 = SURFACE_CURVE('',#8183,(#8188,#8195),.PCURVE_S1.);
#8183 = CIRCLE('',#8184,0.155);
#8184 = AXIS2_PLACEMENT_3D('',#8185,#8186,#8187);
#8185 = CARTESIAN_POINT('',(1.,0.4,-5.));
#8186 = DIRECTION('',(-1.110223024625E-16,-1.224646799147E-16,-1.));
#8187 = DIRECTION('',(1.110223024625E-16,1.,-1.224646799147E-16));
#8188 = PCURVE('',#8142,#8189);
#8189 = DEFINITIONAL_REPRESENTATION('',(#8190),#8194);
#8190 = LINE('',#8191,#8192);
#8191 = CARTESIAN_POINT('',(3.14159265359,0.));
#8192 = VECTOR('',#8193,1.);
#8193 = DIRECTION('',(0.,1.));
#8194 = ( GEOMETRIC_REPRESENTATION_CONTEXT(2) 
PARAMETRIC_REPRESENTATION_CONTEXT() REPRESENTATION_CONTEXT('2D SPACE',''
  ) );
#8195 = PCURVE('',#8196,#8201);
#8196 = CYLINDRICAL_SURFACE('',#8197,0.155);
#8197 = AXIS2_PLACEMENT_3D('',#8198,#8199,#8200);
#8198 = CARTESIAN_POINT('',(1.,0.4,-5.));
#8199 = DIRECTION('',(1.110223024625E-16,1.110223024625E-16,1.));
#8200 = DIRECTION('',(-1.110223024625E-16,-1.,1.110223024625E-16));
#8201 = DEFINITIONAL_REPRESENTATION('',(#8202),#8206);
#8202 = LINE('',#8203,#8204);
#8203 = CARTESIAN_POINT('',(9.424777960769,0.));
#8204 = VECTOR('',#8205,1.);
#8205 = DIRECTION('',(-1.,-0.));
#8206 = ( GEOMETRIC_REPRESENTATION_CONTEXT(2) 
PARAMETRIC_REPRESENTATION_CONTEXT() REPRESENTATION_CONTEXT('2D SPACE',''
  ) );
#8207 = ORIENTED_EDGE('',*,*,#8157,.F.);
#8208 = ORIENTED_EDGE('',*,*,#8127,.T.);
#8209 = ADVANCED_FACE('',(#8210,#8213),#8042,.F.);
#8210 = FACE_BOUND('',#8211,.F.);
#8211 = EDGE_LOOP('',(#8212));
#8212 = ORIENTED_EDGE('',*,*,#8027,.T.);
#8213 = FACE_BOUND('',#8214,.F.);
#8214 = EDGE_LOOP('',(#8215));
#8215 = ORIENTED_EDGE('',*,*,#8216,.F.);
#8216 = EDGE_CURVE('',#8217,#8217,#8219,.T.);
#8217 = VERTEX_POINT('',#8218);
#8218 = CARTESIAN_POINT('',(1.,0.245,0.));
#8219 = SURFACE_CURVE('',#8220,(#8225,#8236),.PCURVE_S1.);
#8220 = CIRCLE('',#8221,0.155);
#8221 = AXIS2_PLACEMENT_3D('',#8222,#8223,#8224);
#8222 = CARTESIAN_POINT('',(1.,0.4,0.));
#8223 = DIRECTION('',(1.110223024625E-16,1.110223024625E-16,1.));
#8224 = DIRECTION('',(-1.110223024625E-16,-1.,1.110223024625E-16));
#8225 = PCURVE('',#8042,#8226);
#8226 = DEFINITIONAL_REPRESENTATION('',(#8227),#8235);
#8227 = ( BOUNDED_CURVE() B_SPLINE_CURVE(2,(#8228,#8229,#8230,#8231,
#8232,#8233,#8234),.UNSPECIFIED.,.T.,.F.) B_SPLINE_CURVE_WITH_KNOTS((1,2
    ,2,2,2,1),(-2.094395102393,0.,2.094395102393,4.188790204786,
6.28318530718,8.377580409573),.UNSPECIFIED.) CURVE() 
GEOMETRIC_REPRESENTATION_ITEM() RATIONAL_B_SPLINE_CURVE((1.,0.5,1.,0.5,
1.,0.5,1.)) REPRESENTATION_ITEM('') );
#8228 = CARTESIAN_POINT('',(1.232595164408E-32,-0.155));
#8229 = CARTESIAN_POINT('',(-0.268467875173,-0.155));
#8230 = CARTESIAN_POINT('',(-0.134233937587,7.75E-02));
#8231 = CARTESIAN_POINT('',(-3.796405077357E-17,0.31));
#8232 = CARTESIAN_POINT('',(0.134233937587,7.75E-02));
#8233 = CARTESIAN_POINT('',(0.268467875173,-0.155));
#8234 = CARTESIAN_POINT('',(1.232595164408E-32,-0.155));
#8235 = ( GEOMETRIC_REPRESENTATION_CONTEXT(2) 
PARAMETRIC_REPRESENTATION_CONTEXT() REPRESENTATION_CONTEXT('2D SPACE',''
  ) );
#8236 = PCURVE('',#8196,#8237);
#8237 = DEFINITIONAL_REPRESENTATION('',(#8238),#8242);
#8238 = LINE('',#8239,#8240);
#8239 = CARTESIAN_POINT('',(0.,5.));
#8240 = VECTOR('',#8241,1.);
#8241 = DIRECTION('',(1.,0.));
#8242 = ( GEOMETRIC_REPRESENTATION_CONTEXT(2) 
PARAMETRIC_REPRESENTATION_CONTEXT() REPRESENTATION_CONTEXT('2D SPACE',''
  ) );
#8243 = ADVANCED_FACE('',(#8244),#8196,.T.);
#8244 = FACE_BOUND('',#8245,.T.);
#8245 = EDGE_LOOP('',(#8246,#8267,#8268,#8269));
#8246 = ORIENTED_EDGE('',*,*,#8247,.F.);
#8247 = EDGE_CURVE('',#8158,#8217,#8248,.T.);
#8248 = SEAM_CURVE('',#8249,(#8253,#8260),.PCURVE_S1.);
#8249 = LINE('',#8250,#8251);
#8250 = CARTESIAN_POINT('',(1.,0.245,-5.));
#8251 = VECTOR('',#8252,1.);
#8252 = DIRECTION('',(1.110223024625E-16,1.110223024625E-16,1.));
#8253 = PCURVE('',#8196,#8254);
#8254 = DEFINITIONAL_REPRESENTATION('',(#8255),#8259);
#8255 = LINE('',#8256,#8257);
#8256 = CARTESIAN_POINT('',(0.,0.));
#8257 = VECTOR('',#8258,1.);
#8258 = DIRECTION('',(0.,1.));
#8259 = ( GEOMETRIC_REPRESENTATION_CONTEXT(2) 
PARAMETRIC_REPRESENTATION_CONTEXT() REPRESENTATION_CONTEXT('2D SPACE',''
  ) );
#8260 = PCURVE('',#8196,#8261);
#8261 = DEFINITIONAL_REPRESENTATION('',(#8262),#8266);
#8262 = LINE('',#8263,#8264);
#8263 = CARTESIAN_POINT('',(6.28318530718,0.));
#8264 = VECTOR('',#8265,1.);
#8265 = DIRECTION('',(0.,1.));
#8266 = ( GEOMETRIC_REPRESENTATION_CONTEXT(2) 
PARAMETRIC_REPRESENTATION_CONTEXT() REPRESENTATION_CONTEXT('2D SPACE',''
  ) );
#8267 = ORIENTED_EDGE('',*,*,#8181,.F.);
#8268 = ORIENTED_EDGE('',*,*,#8247,.T.);
#8269 = ORIENTED_EDGE('',*,*,#8216,.F.);
#8270 = MANIFOLD_SOLID_BREP('',#8271);
#8271 = CLOSED_SHELL('',(#8272,#8364,#8420,#8479,#8518,#8573,#8629,#8663
    ));
#8272 = ADVANCED_FACE('',(#8273),#8287,.F.);
#8273 = FACE_BOUND('',#8274,.F.);
#8274 = EDGE_LOOP('',(#8275,#8305,#8332,#8333));
#8275 = ORIENTED_EDGE('',*,*,#8276,.T.);
#8276 = EDGE_CURVE('',#8277,#8279,#8281,.T.);
#8277 = VERTEX_POINT('',#8278);
#8278 = CARTESIAN_POINT('',(-1.,-0.25,0.));
#8279 = VERTEX_POINT('',#8280);
#8280 = CARTESIAN_POINT('',(-1.,-0.25,-5.));
#8281 = SEAM_CURVE('',#8282,(#8286,#8298),.PCURVE_S1.);
#8282 = LINE('',#8283,#8284);
#8283 = CARTESIAN_POINT('',(-1.,-0.25,4.078893220341E-33));
#8284 = VECTOR('',#8285,1.);
#8285 = DIRECTION('',(-1.110223024625E-16,1.232595164408E-32,-1.));
#8286 = PCURVE('',#8287,#8292);
#8287 = CYLINDRICAL_SURFACE('',#8288,0.15);
#8288 = AXIS2_PLACEMENT_3D('',#8289,#8290,#8291);
#8289 = CARTESIAN_POINT('',(-1.,-0.4,0.));
#8290 = DIRECTION('',(-1.110223024625E-16,1.232595164408E-32,-1.));
#8291 = DIRECTION('',(1.110223024625E-16,1.,0.));
#8292 = DEFINITIONAL_REPRESENTATION('',(#8293),#8297);
#8293 = LINE('',#8294,#8295);
#8294 = CARTESIAN_POINT('',(6.28318530718,0.));
#8295 = VECTOR('',#8296,1.);
#8296 = DIRECTION('',(0.,1.));
#8297 = ( GEOMETRIC_REPRESENTATION_CONTEXT(2) 
PARAMETRIC_REPRESENTATION_CONTEXT() REPRESENTATION_CONTEXT('2D SPACE',''
  ) );
#8298 = PCURVE('',#8287,#8299);
#8299 = DEFINITIONAL_REPRESENTATION('',(#8300),#8304);
#8300 = LINE('',#8301,#8302);
#8301 = CARTESIAN_POINT('',(0.,0.));
#8302 = VECTOR('',#8303,1.);
#8303 = DIRECTION('',(0.,1.));
#8304 = ( GEOMETRIC_REPRESENTATION_CONTEXT(2) 
PARAMETRIC_REPRESENTATION_CONTEXT() REPRESENTATION_CONTEXT('2D SPACE',''
  ) );
#8305 = ORIENTED_EDGE('',*,*,#8306,.F.);
#8306 = EDGE_CURVE('',#8279,#8279,#8307,.T.);
#8307 = SURFACE_CURVE('',#8308,(#8313,#8320),.PCURVE_S1.);
#8308 = CIRCLE('',#8309,0.15);
#8309 = AXIS2_PLACEMENT_3D('',#8310,#8311,#8312);
#8310 = CARTESIAN_POINT('',(-1.,-0.4,-5.));
#8311 = DIRECTION('',(-1.110223024625E-16,1.232595164408E-32,-1.));
#8312 = DIRECTION('',(1.110223024625E-16,1.,0.));
#8313 = PCURVE('',#8287,#8314);
#8314 = DEFINITIONAL_REPRESENTATION('',(#8315),#8319);
#8315 = LINE('',#8316,#8317);
#8316 = CARTESIAN_POINT('',(0.,5.));
#8317 = VECTOR('',#8318,1.);
#8318 = DIRECTION('',(1.,0.));
#8319 = ( GEOMETRIC_REPRESENTATION_CONTEXT(2) 
PARAMETRIC_REPRESENTATION_CONTEXT() REPRESENTATION_CONTEXT('2D SPACE',''
  ) );
#8320 = PCURVE('',#8321,#8326);
#8321 = TOROIDAL_SURFACE('',#8322,0.4,0.15);
#8322 = AXIS2_PLACEMENT_3D('',#8323,#8324,#8325);
#8323 = CARTESIAN_POINT('',(-1.,5.551115123126E-17,-5.));
#8324 = DIRECTION('',(1.,-1.110223024625E-16,-1.110223024625E-16));
#8325 = DIRECTION('',(-1.110223024625E-16,-1.,0.));
#8326 = DEFINITIONAL_REPRESENTATION('',(#8327),#8331);
#8327 = LINE('',#8328,#8329);
#8328 = CARTESIAN_POINT('',(0.,9.424777960769));
#8329 = VECTOR('',#8330,1.);
#8330 = DIRECTION('',(-0.,-1.));
#8331 = ( GEOMETRIC_REPRESENTATION_CONTEXT(2) 
PARAMETRIC_REPRESENTATION_CONTEXT() REPRESENTATION_CONTEXT('2D SPACE',''
  ) );
#8332 = ORIENTED_EDGE('',*,*,#8276,.F.);
#8333 = ORIENTED_EDGE('',*,*,#8334,.T.);
#8334 = EDGE_CURVE('',#8277,#8277,#8335,.T.);
#8335 = SURFACE_CURVE('',#8336,(#8341,#8348),.PCURVE_S1.);
#8336 = CIRCLE('',#8337,0.15);
#8337 = AXIS2_PLACEMENT_3D('',#8338,#8339,#8340);
#8338 = CARTESIAN_POINT('',(-1.,-0.4,0.));
#8339 = DIRECTION('',(-1.110223024625E-16,1.232595164408E-32,-1.));
#8340 = DIRECTION('',(1.110223024625E-16,1.,0.));
#8341 = PCURVE('',#8287,#8342);
#8342 = DEFINITIONAL_REPRESENTATION('',(#8343),#8347);
#8343 = LINE('',#8344,#8345);
#8344 = CARTESIAN_POINT('',(0.,0.));
#8345 = VECTOR('',#8346,1.);
#8346 = DIRECTION('',(1.,0.));
#8347 = ( GEOMETRIC_REPRESENTATION_CONTEXT(2) 
PARAMETRIC_REPRESENTATION_CONTEXT() REPRESENTATION_CONTEXT('2D SPACE',''
  ) );
#8348 = PCURVE('',#8349,#8354);
#8349 = PLANE('',#8350);
#8350 = AXIS2_PLACEMENT_3D('',#8351,#8352,#8353);
#8351 = CARTESIAN_POINT('',(-1.,-0.4,-3.08572171572E-34));
#8352 = DIRECTION('',(1.110223024625E-16,-1.232595164408E-32,1.));
#8353 = DIRECTION('',(1.,-1.110223024625E-16,-1.110223024625E-16));
#8354 = DEFINITIONAL_REPRESENTATION('',(#8355),#8363);
#8355 = ( BOUNDED_CURVE() B_SPLINE_CURVE(2,(#8356,#8357,#8358,#8359,
#8360,#8361,#8362),.UNSPECIFIED.,.T.,.F.) B_SPLINE_CURVE_WITH_KNOTS((1,2
    ,2,2,2,1),(-2.094395102393,0.,2.094395102393,4.188790204786,
6.28318530718,8.377580409573),.UNSPECIFIED.) CURVE() 
GEOMETRIC_REPRESENTATION_ITEM() RATIONAL_B_SPLINE_CURVE((1.,0.5,1.,0.5,
1.,0.5,1.)) REPRESENTATION_ITEM('') );
#8356 = CARTESIAN_POINT('',(0.,0.15));
#8357 = CARTESIAN_POINT('',(0.259807621135,0.15));
#8358 = CARTESIAN_POINT('',(0.129903810568,-7.5E-02));
#8359 = CARTESIAN_POINT('',(3.673940397442E-17,-0.3));
#8360 = CARTESIAN_POINT('',(-0.129903810568,-7.5E-02));
#8361 = CARTESIAN_POINT('',(-0.259807621135,0.15));
#8362 = CARTESIAN_POINT('',(0.,0.15));
#8363 = ( GEOMETRIC_REPRESENTATION_CONTEXT(2) 
PARAMETRIC_REPRESENTATION_CONTEXT() REPRESENTATION_CONTEXT('2D SPACE',''
  ) );
#8364 = ADVANCED_FACE('',(#8365),#8321,.F.);
#8365 = FACE_BOUND('',#8366,.F.);
#8366 = EDGE_LOOP('',(#8367,#8391,#8418,#8419));
#8367 = ORIENTED_EDGE('',*,*,#8368,.T.);
#8368 = EDGE_CURVE('',#8279,#8369,#8371,.T.);
#8369 = VERTEX_POINT('',#8370);
#8370 = CARTESIAN_POINT('',(-1.,0.25,-5.));
#8371 = SEAM_CURVE('',#8372,(#8377,#8384),.PCURVE_S1.);
#8372 = CIRCLE('',#8373,0.25);
#8373 = AXIS2_PLACEMENT_3D('',#8374,#8375,#8376);
#8374 = CARTESIAN_POINT('',(-1.,5.551115123126E-17,-5.));
#8375 = DIRECTION('',(1.,-1.110223024625E-16,-1.110223024625E-16));
#8376 = DIRECTION('',(-1.110223024625E-16,-1.,0.));
#8377 = PCURVE('',#8321,#8378);
#8378 = DEFINITIONAL_REPRESENTATION('',(#8379),#8383);
#8379 = LINE('',#8380,#8381);
#8380 = CARTESIAN_POINT('',(0.,3.14159265359));
#8381 = VECTOR('',#8382,1.);
#8382 = DIRECTION('',(1.,0.));
#8383 = ( GEOMETRIC_REPRESENTATION_CONTEXT(2) 
PARAMETRIC_REPRESENTATION_CONTEXT() REPRESENTATION_CONTEXT('2D SPACE',''
  ) );
#8384 = PCURVE('',#8321,#8385);
#8385 = DEFINITIONAL_REPRESENTATION('',(#8386),#8390);
#8386 = LINE('',#8387,#8388);
#8387 = CARTESIAN_POINT('',(0.,9.424777960769));
#8388 = VECTOR('',#8389,1.);
#8389 = DIRECTION('',(1.,0.));
#8390 = ( GEOMETRIC_REPRESENTATION_CONTEXT(2) 
PARAMETRIC_REPRESENTATION_CONTEXT() REPRESENTATION_CONTEXT('2D SPACE',''
  ) );
#8391 = ORIENTED_EDGE('',*,*,#8392,.T.);
#8392 = EDGE_CURVE('',#8369,#8369,#8393,.T.);
#8393 = SURFACE_CURVE('',#8394,(#8399,#8406),.PCURVE_S1.);
#8394 = CIRCLE('',#8395,0.15);
#8395 = AXIS2_PLACEMENT_3D('',#8396,#8397,#8398);
#8396 = CARTESIAN_POINT('',(-1.,0.4,-5.));
#8397 = DIRECTION('',(-1.110223024625E-16,-1.224646799147E-16,-1.));
#8398 = DIRECTION('',(1.110223024625E-16,1.,-1.224646799147E-16));
#8399 = PCURVE('',#8321,#8400);
#8400 = DEFINITIONAL_REPRESENTATION('',(#8401),#8405);
#8401 = LINE('',#8402,#8403);
#8402 = CARTESIAN_POINT('',(3.14159265359,0.));
#8403 = VECTOR('',#8404,1.);
#8404 = DIRECTION('',(0.,1.));
#8405 = ( GEOMETRIC_REPRESENTATION_CONTEXT(2) 
PARAMETRIC_REPRESENTATION_CONTEXT() REPRESENTATION_CONTEXT('2D SPACE',''
  ) );
#8406 = PCURVE('',#8407,#8412);
#8407 = CYLINDRICAL_SURFACE('',#8408,0.15);
#8408 = AXIS2_PLACEMENT_3D('',#8409,#8410,#8411);
#8409 = CARTESIAN_POINT('',(-1.,0.4,-5.));
#8410 = DIRECTION('',(1.110223024625E-16,1.110223024625E-16,1.));
#8411 = DIRECTION('',(-1.110223024625E-16,-1.,1.110223024625E-16));
#8412 = DEFINITIONAL_REPRESENTATION('',(#8413),#8417);
#8413 = LINE('',#8414,#8415);
#8414 = CARTESIAN_POINT('',(9.424777960769,0.));
#8415 = VECTOR('',#8416,1.);
#8416 = DIRECTION('',(-1.,-0.));
#8417 = ( GEOMETRIC_REPRESENTATION_CONTEXT(2) 
PARAMETRIC_REPRESENTATION_CONTEXT() REPRESENTATION_CONTEXT('2D SPACE',''
  ) );
#8418 = ORIENTED_EDGE('',*,*,#8368,.F.);
#8419 = ORIENTED_EDGE('',*,*,#8306,.T.);
#8420 = ADVANCED_FACE('',(#8421),#8407,.F.);
#8421 = FACE_BOUND('',#8422,.F.);
#8422 = EDGE_LOOP('',(#8423,#8446,#8477,#8478));
#8423 = ORIENTED_EDGE('',*,*,#8424,.T.);
#8424 = EDGE_CURVE('',#8369,#8425,#8427,.T.);
#8425 = VERTEX_POINT('',#8426);
#8426 = CARTESIAN_POINT('',(-1.,0.25,0.));
#8427 = SEAM_CURVE('',#8428,(#8432,#8439),.PCURVE_S1.);
#8428 = LINE('',#8429,#8430);
#8429 = CARTESIAN_POINT('',(-1.,0.25,-5.));
#8430 = VECTOR('',#8431,1.);
#8431 = DIRECTION('',(1.110223024625E-16,1.110223024625E-16,1.));
#8432 = PCURVE('',#8407,#8433);
#8433 = DEFINITIONAL_REPRESENTATION('',(#8434),#8438);
#8434 = LINE('',#8435,#8436);
#8435 = CARTESIAN_POINT('',(6.28318530718,0.));
#8436 = VECTOR('',#8437,1.);
#8437 = DIRECTION('',(0.,1.));
#8438 = ( GEOMETRIC_REPRESENTATION_CONTEXT(2) 
PARAMETRIC_REPRESENTATION_CONTEXT() REPRESENTATION_CONTEXT('2D SPACE',''
  ) );
#8439 = PCURVE('',#8407,#8440);
#8440 = DEFINITIONAL_REPRESENTATION('',(#8441),#8445);
#8441 = LINE('',#8442,#8443);
#8442 = CARTESIAN_POINT('',(0.,0.));
#8443 = VECTOR('',#8444,1.);
#8444 = DIRECTION('',(0.,1.));
#8445 = ( GEOMETRIC_REPRESENTATION_CONTEXT(2) 
PARAMETRIC_REPRESENTATION_CONTEXT() REPRESENTATION_CONTEXT('2D SPACE',''
  ) );
#8446 = ORIENTED_EDGE('',*,*,#8447,.F.);
#8447 = EDGE_CURVE('',#8425,#8425,#8448,.T.);
#8448 = SURFACE_CURVE('',#8449,(#8454,#8461),.PCURVE_S1.);
#8449 = CIRCLE('',#8450,0.15);
#8450 = AXIS2_PLACEMENT_3D('',#8451,#8452,#8453);
#8451 = CARTESIAN_POINT('',(-1.,0.4,0.));
#8452 = DIRECTION('',(1.110223024625E-16,1.110223024625E-16,1.));
#8453 = DIRECTION('',(-1.110223024625E-16,-1.,1.110223024625E-16));
#8454 = PCURVE('',#8407,#8455);
#8455 = DEFINITIONAL_REPRESENTATION('',(#8456),#8460);
#8456 = LINE('',#8457,#8458);
#8457 = CARTESIAN_POINT('',(0.,5.));
#8458 = VECTOR('',#8459,1.);
#8459 = DIRECTION('',(1.,0.));
#8460 = ( GEOMETRIC_REPRESENTATION_CONTEXT(2) 
PARAMETRIC_REPRESENTATION_CONTEXT() REPRESENTATION_CONTEXT('2D SPACE',''
  ) );
#8461 = PCURVE('',#8462,#8467);
#8462 = PLANE('',#8463);
#8463 = AXIS2_PLACEMENT_3D('',#8464,#8465,#8466);
#8464 = CARTESIAN_POINT('',(-1.,0.4,-2.285347588163E-33));
#8465 = DIRECTION('',(-1.110223024625E-16,1.232595164408E-32,-1.));
#8466 = DIRECTION('',(-1.,1.110223024625E-16,1.110223024625E-16));
#8467 = DEFINITIONAL_REPRESENTATION('',(#8468),#8476);
#8468 = ( BOUNDED_CURVE() B_SPLINE_CURVE(2,(#8469,#8470,#8471,#8472,
#8473,#8474,#8475),.UNSPECIFIED.,.T.,.F.) B_SPLINE_CURVE_WITH_KNOTS((1,2
    ,2,2,2,1),(-2.094395102393,0.,2.094395102393,4.188790204786,
6.28318530718,8.377580409573),.UNSPECIFIED.) CURVE() 
GEOMETRIC_REPRESENTATION_ITEM() RATIONAL_B_SPLINE_CURVE((1.,0.5,1.,0.5,
1.,0.5,1.)) REPRESENTATION_ITEM('') );
#8469 = CARTESIAN_POINT('',(1.232595164408E-32,-0.15));
#8470 = CARTESIAN_POINT('',(-0.259807621135,-0.15));
#8471 = CARTESIAN_POINT('',(-0.129903810568,7.5E-02));
#8472 = CARTESIAN_POINT('',(-3.673940397442E-17,0.3));
#8473 = CARTESIAN_POINT('',(0.129903810568,7.5E-02));
#8474 = CARTESIAN_POINT('',(0.259807621135,-0.15));
#8475 = CARTESIAN_POINT('',(1.232595164408E-32,-0.15));
#8476 = ( GEOMETRIC_REPRESENTATION_CONTEXT(2) 
PARAMETRIC_REPRESENTATION_CONTEXT() REPRESENTATION_CONTEXT('2D SPACE',''
  ) );
#8477 = ORIENTED_EDGE('',*,*,#8424,.F.);
#8478 = ORIENTED_EDGE('',*,*,#8392,.F.);
#8479 = ADVANCED_FACE('',(#8480,#8483),#8349,.T.);
#8480 = FACE_BOUND('',#8481,.T.);
#8481 = EDGE_LOOP('',(#8482));
#8482 = ORIENTED_EDGE('',*,*,#8334,.T.);
#8483 = FACE_BOUND('',#8484,.T.);
#8484 = EDGE_LOOP('',(#8485));
#8485 = ORIENTED_EDGE('',*,*,#8486,.F.);
#8486 = EDGE_CURVE('',#8487,#8487,#8489,.T.);
#8487 = VERTEX_POINT('',#8488);
#8488 = CARTESIAN_POINT('',(-1.,-0.245,4.214856327685E-33));
#8489 = SURFACE_CURVE('',#8490,(#8495,#8506),.PCURVE_S1.);
#8490 = CIRCLE('',#8491,0.155);
#8491 = AXIS2_PLACEMENT_3D('',#8492,#8493,#8494);
#8492 = CARTESIAN_POINT('',(-1.,-0.4,0.));
#8493 = DIRECTION('',(-1.110223024625E-16,1.232595164408E-32,-1.));
#8494 = DIRECTION('',(1.110223024625E-16,1.,0.));
#8495 = PCURVE('',#8349,#8496);
#8496 = DEFINITIONAL_REPRESENTATION('',(#8497),#8505);
#8497 = ( BOUNDED_CURVE() B_SPLINE_CURVE(2,(#8498,#8499,#8500,#8501,
#8502,#8503,#8504),.UNSPECIFIED.,.T.,.F.) B_SPLINE_CURVE_WITH_KNOTS((1,2
    ,2,2,2,1),(-2.094395102393,0.,2.094395102393,4.188790204786,
6.28318530718,8.377580409573),.UNSPECIFIED.) CURVE() 
GEOMETRIC_REPRESENTATION_ITEM() RATIONAL_B_SPLINE_CURVE((1.,0.5,1.,0.5,
1.,0.5,1.)) REPRESENTATION_ITEM('') );
#8498 = CARTESIAN_POINT('',(0.,0.155));
#8499 = CARTESIAN_POINT('',(0.268467875173,0.155));
#8500 = CARTESIAN_POINT('',(0.134233937587,-7.75E-02));
#8501 = CARTESIAN_POINT('',(3.796405077357E-17,-0.31));
#8502 = CARTESIAN_POINT('',(-0.134233937587,-7.75E-02));
#8503 = CARTESIAN_POINT('',(-0.268467875173,0.155));
#8504 = CARTESIAN_POINT('',(0.,0.155));
#8505 = ( GEOMETRIC_REPRESENTATION_CONTEXT(2) 
PARAMETRIC_REPRESENTATION_CONTEXT() REPRESENTATION_CONTEXT('2D SPACE',''
  ) );
#8506 = PCURVE('',#8507,#8512);
#8507 = CYLINDRICAL_SURFACE('',#8508,0.155);
#8508 = AXIS2_PLACEMENT_3D('',#8509,#8510,#8511);
#8509 = CARTESIAN_POINT('',(-1.,-0.4,0.));
#8510 = DIRECTION('',(-1.110223024625E-16,1.232595164408E-32,-1.));
#8511 = DIRECTION('',(1.110223024625E-16,1.,0.));
#8512 = DEFINITIONAL_REPRESENTATION('',(#8513),#8517);
#8513 = LINE('',#8514,#8515);
#8514 = CARTESIAN_POINT('',(0.,0.));
#8515 = VECTOR('',#8516,1.);
#8516 = DIRECTION('',(1.,0.));
#8517 = ( GEOMETRIC_REPRESENTATION_CONTEXT(2) 
PARAMETRIC_REPRESENTATION_CONTEXT() REPRESENTATION_CONTEXT('2D SPACE',''
  ) );
#8518 = ADVANCED_FACE('',(#8519),#8507,.T.);
#8519 = FACE_BOUND('',#8520,.T.);
#8520 = EDGE_LOOP('',(#8521,#8544,#8545,#8546));
#8521 = ORIENTED_EDGE('',*,*,#8522,.F.);
#8522 = EDGE_CURVE('',#8487,#8523,#8525,.T.);
#8523 = VERTEX_POINT('',#8524);
#8524 = CARTESIAN_POINT('',(-1.,-0.245,-5.));
#8525 = SEAM_CURVE('',#8526,(#8530,#8537),.PCURVE_S1.);
#8526 = LINE('',#8527,#8528);
#8527 = CARTESIAN_POINT('',(-1.,-0.245,4.214856327685E-33));
#8528 = VECTOR('',#8529,1.);
#8529 = DIRECTION('',(-1.110223024625E-16,1.232595164408E-32,-1.));
#8530 = PCURVE('',#8507,#8531);
#8531 = DEFINITIONAL_REPRESENTATION('',(#8532),#8536);
#8532 = LINE('',#8533,#8534);
#8533 = CARTESIAN_POINT('',(0.,0.));
#8534 = VECTOR('',#8535,1.);
#8535 = DIRECTION('',(0.,1.));
#8536 = ( GEOMETRIC_REPRESENTATION_CONTEXT(2) 
PARAMETRIC_REPRESENTATION_CONTEXT() REPRESENTATION_CONTEXT('2D SPACE',''
  ) );
#8537 = PCURVE('',#8507,#8538);
#8538 = DEFINITIONAL_REPRESENTATION('',(#8539),#8543);
#8539 = LINE('',#8540,#8541);
#8540 = CARTESIAN_POINT('',(6.28318530718,0.));
#8541 = VECTOR('',#8542,1.);
#8542 = DIRECTION('',(0.,1.));
#8543 = ( GEOMETRIC_REPRESENTATION_CONTEXT(2) 
PARAMETRIC_REPRESENTATION_CONTEXT() REPRESENTATION_CONTEXT('2D SPACE',''
  ) );
#8544 = ORIENTED_EDGE('',*,*,#8486,.T.);
#8545 = ORIENTED_EDGE('',*,*,#8522,.T.);
#8546 = ORIENTED_EDGE('',*,*,#8547,.F.);
#8547 = EDGE_CURVE('',#8523,#8523,#8548,.T.);
#8548 = SURFACE_CURVE('',#8549,(#8554,#8561),.PCURVE_S1.);
#8549 = CIRCLE('',#8550,0.155);
#8550 = AXIS2_PLACEMENT_3D('',#8551,#8552,#8553);
#8551 = CARTESIAN_POINT('',(-1.,-0.4,-5.));
#8552 = DIRECTION('',(-1.110223024625E-16,1.232595164408E-32,-1.));
#8553 = DIRECTION('',(4.784163422067E-16,1.,-4.078893220341E-32));
#8554 = PCURVE('',#8507,#8555);
#8555 = DEFINITIONAL_REPRESENTATION('',(#8556),#8560);
#8556 = LINE('',#8557,#8558);
#8557 = CARTESIAN_POINT('',(0.,5.));
#8558 = VECTOR('',#8559,1.);
#8559 = DIRECTION('',(1.,0.));
#8560 = ( GEOMETRIC_REPRESENTATION_CONTEXT(2) 
PARAMETRIC_REPRESENTATION_CONTEXT() REPRESENTATION_CONTEXT('2D SPACE',''
  ) );
#8561 = PCURVE('',#8562,#8567);
#8562 = TOROIDAL_SURFACE('',#8563,0.4,0.155);
#8563 = AXIS2_PLACEMENT_3D('',#8564,#8565,#8566);
#8564 = CARTESIAN_POINT('',(-1.,5.551115123126E-17,-5.));
#8565 = DIRECTION('',(1.,-1.110223024625E-16,-1.110223024625E-16));
#8566 = DIRECTION('',(-1.110223024625E-16,-1.,0.));
#8567 = DEFINITIONAL_REPRESENTATION('',(#8568),#8572);
#8568 = LINE('',#8569,#8570);
#8569 = CARTESIAN_POINT('',(0.,9.424777960769));
#8570 = VECTOR('',#8571,1.);
#8571 = DIRECTION('',(-0.,-1.));
#8572 = ( GEOMETRIC_REPRESENTATION_CONTEXT(2) 
PARAMETRIC_REPRESENTATION_CONTEXT() REPRESENTATION_CONTEXT('2D SPACE',''
  ) );
#8573 = ADVANCED_FACE('',(#8574),#8562,.T.);
#8574 = FACE_BOUND('',#8575,.T.);
#8575 = EDGE_LOOP('',(#8576,#8600,#8627,#8628));
#8576 = ORIENTED_EDGE('',*,*,#8577,.T.);
#8577 = EDGE_CURVE('',#8523,#8578,#8580,.T.);
#8578 = VERTEX_POINT('',#8579);
#8579 = CARTESIAN_POINT('',(-1.,0.245,-5.));
#8580 = SEAM_CURVE('',#8581,(#8586,#8593),.PCURVE_S1.);
#8581 = CIRCLE('',#8582,0.245);
#8582 = AXIS2_PLACEMENT_3D('',#8583,#8584,#8585);
#8583 = CARTESIAN_POINT('',(-1.,5.551115123126E-17,-5.));
#8584 = DIRECTION('',(1.,-1.110223024625E-16,-1.110223024625E-16));
#8585 = DIRECTION('',(-1.110223024625E-16,-1.,0.));
#8586 = PCURVE('',#8562,#8587);
#8587 = DEFINITIONAL_REPRESENTATION('',(#8588),#8592);
#8588 = LINE('',#8589,#8590);
#8589 = CARTESIAN_POINT('',(0.,3.14159265359));
#8590 = VECTOR('',#8591,1.);
#8591 = DIRECTION('',(1.,0.));
#8592 = ( GEOMETRIC_REPRESENTATION_CONTEXT(2) 
PARAMETRIC_REPRESENTATION_CONTEXT() REPRESENTATION_CONTEXT('2D SPACE',''
  ) );
#8593 = PCURVE('',#8562,#8594);
#8594 = DEFINITIONAL_REPRESENTATION('',(#8595),#8599);
#8595 = LINE('',#8596,#8597);
#8596 = CARTESIAN_POINT('',(0.,9.424777960769));
#8597 = VECTOR('',#8598,1.);
#8598 = DIRECTION('',(1.,0.));
#8599 = ( GEOMETRIC_REPRESENTATION_CONTEXT(2) 
PARAMETRIC_REPRESENTATION_CONTEXT() REPRESENTATION_CONTEXT('2D SPACE',''
  ) );
#8600 = ORIENTED_EDGE('',*,*,#8601,.T.);
#8601 = EDGE_CURVE('',#8578,#8578,#8602,.T.);
#8602 = SURFACE_CURVE('',#8603,(#8608,#8615),.PCURVE_S1.);
#8603 = CIRCLE('',#8604,0.155);
#8604 = AXIS2_PLACEMENT_3D('',#8605,#8606,#8607);
#8605 = CARTESIAN_POINT('',(-1.,0.4,-5.));
#8606 = DIRECTION('',(-1.110223024625E-16,-1.224646799147E-16,-1.));
#8607 = DIRECTION('',(1.110223024625E-16,1.,-1.224646799147E-16));
#8608 = PCURVE('',#8562,#8609);
#8609 = DEFINITIONAL_REPRESENTATION('',(#8610),#8614);
#8610 = LINE('',#8611,#8612);
#8611 = CARTESIAN_POINT('',(3.14159265359,0.));
#8612 = VECTOR('',#8613,1.);
#8613 = DIRECTION('',(0.,1.));
#8614 = ( GEOMETRIC_REPRESENTATION_CONTEXT(2) 
PARAMETRIC_REPRESENTATION_CONTEXT() REPRESENTATION_CONTEXT('2D SPACE',''
  ) );
#8615 = PCURVE('',#8616,#8621);
#8616 = CYLINDRICAL_SURFACE('',#8617,0.155);
#8617 = AXIS2_PLACEMENT_3D('',#8618,#8619,#8620);
#8618 = CARTESIAN_POINT('',(-1.,0.4,-5.));
#8619 = DIRECTION('',(1.110223024625E-16,1.110223024625E-16,1.));
#8620 = DIRECTION('',(-1.110223024625E-16,-1.,1.110223024625E-16));
#8621 = DEFINITIONAL_REPRESENTATION('',(#8622),#8626);
#8622 = LINE('',#8623,#8624);
#8623 = CARTESIAN_POINT('',(9.424777960769,0.));
#8624 = VECTOR('',#8625,1.);
#8625 = DIRECTION('',(-1.,-0.));
#8626 = ( GEOMETRIC_REPRESENTATION_CONTEXT(2) 
PARAMETRIC_REPRESENTATION_CONTEXT() REPRESENTATION_CONTEXT('2D SPACE',''
  ) );
#8627 = ORIENTED_EDGE('',*,*,#8577,.F.);
#8628 = ORIENTED_EDGE('',*,*,#8547,.T.);
#8629 = ADVANCED_FACE('',(#8630,#8633),#8462,.F.);
#8630 = FACE_BOUND('',#8631,.F.);
#8631 = EDGE_LOOP('',(#8632));
#8632 = ORIENTED_EDGE('',*,*,#8447,.T.);
#8633 = FACE_BOUND('',#8634,.F.);
#8634 = EDGE_LOOP('',(#8635));
#8635 = ORIENTED_EDGE('',*,*,#8636,.F.);
#8636 = EDGE_CURVE('',#8637,#8637,#8639,.T.);
#8637 = VERTEX_POINT('',#8638);
#8638 = CARTESIAN_POINT('',(-1.,0.245,0.));
#8639 = SURFACE_CURVE('',#8640,(#8645,#8656),.PCURVE_S1.);
#8640 = CIRCLE('',#8641,0.155);
#8641 = AXIS2_PLACEMENT_3D('',#8642,#8643,#8644);
#8642 = CARTESIAN_POINT('',(-1.,0.4,0.));
#8643 = DIRECTION('',(1.110223024625E-16,1.110223024625E-16,1.));
#8644 = DIRECTION('',(-1.110223024625E-16,-1.,1.110223024625E-16));
#8645 = PCURVE('',#8462,#8646);
#8646 = DEFINITIONAL_REPRESENTATION('',(#8647),#8655);
#8647 = ( BOUNDED_CURVE() B_SPLINE_CURVE(2,(#8648,#8649,#8650,#8651,
#8652,#8653,#8654),.UNSPECIFIED.,.T.,.F.) B_SPLINE_CURVE_WITH_KNOTS((1,2
    ,2,2,2,1),(-2.094395102393,0.,2.094395102393,4.188790204786,
6.28318530718,8.377580409573),.UNSPECIFIED.) CURVE() 
GEOMETRIC_REPRESENTATION_ITEM() RATIONAL_B_SPLINE_CURVE((1.,0.5,1.,0.5,
1.,0.5,1.)) REPRESENTATION_ITEM('') );
#8648 = CARTESIAN_POINT('',(1.232595164408E-32,-0.155));
#8649 = CARTESIAN_POINT('',(-0.268467875173,-0.155));
#8650 = CARTESIAN_POINT('',(-0.134233937587,7.75E-02));
#8651 = CARTESIAN_POINT('',(-3.796405077357E-17,0.31));
#8652 = CARTESIAN_POINT('',(0.134233937587,7.75E-02));
#8653 = CARTESIAN_POINT('',(0.268467875173,-0.155));
#8654 = CARTESIAN_POINT('',(1.232595164408E-32,-0.155));
#8655 = ( GEOMETRIC_REPRESENTATION_CONTEXT(2) 
PARAMETRIC_REPRESENTATION_CONTEXT() REPRESENTATION_CONTEXT('2D SPACE',''
  ) );
#8656 = PCURVE('',#8616,#8657);
#8657 = DEFINITIONAL_REPRESENTATION('',(#8658),#8662);
#8658 = LINE('',#8659,#8660);
#8659 = CARTESIAN_POINT('',(0.,5.));
#8660 = VECTOR('',#8661,1.);
#8661 = DIRECTION('',(1.,0.));
#8662 = ( GEOMETRIC_REPRESENTATION_CONTEXT(2) 
PARAMETRIC_REPRESENTATION_CONTEXT() REPRESENTATION_CONTEXT('2D SPACE',''
  ) );
#8663 = ADVANCED_FACE('',(#8664),#8616,.T.);
#8664 = FACE_BOUND('',#8665,.T.);
#8665 = EDGE_LOOP('',(#8666,#8687,#8688,#8689));
#8666 = ORIENTED_EDGE('',*,*,#8667,.F.);
#8667 = EDGE_CURVE('',#8578,#8637,#8668,.T.);
#8668 = SEAM_CURVE('',#8669,(#8673,#8680),.PCURVE_S1.);
#8669 = LINE('',#8670,#8671);
#8670 = CARTESIAN_POINT('',(-1.,0.245,-5.));
#8671 = VECTOR('',#8672,1.);
#8672 = DIRECTION('',(1.110223024625E-16,1.110223024625E-16,1.));
#8673 = PCURVE('',#8616,#8674);
#8674 = DEFINITIONAL_REPRESENTATION('',(#8675),#8679);
#8675 = LINE('',#8676,#8677);
#8676 = CARTESIAN_POINT('',(0.,0.));
#8677 = VECTOR('',#8678,1.);
#8678 = DIRECTION('',(0.,1.));
#8679 = ( GEOMETRIC_REPRESENTATION_CONTEXT(2) 
PARAMETRIC_REPRESENTATION_CONTEXT() REPRESENTATION_CONTEXT('2D SPACE',''
  ) );
#8680 = PCURVE('',#8616,#8681);
#8681 = DEFINITIONAL_REPRESENTATION('',(#8682),#8686);
#8682 = LINE('',#8683,#8684);
#8683 = CARTESIAN_POINT('',(6.28318530718,0.));
#8684 = VECTOR('',#8685,1.);
#8685 = DIRECTION('',(0.,1.));
#8686 = ( GEOMETRIC_REPRESENTATION_CONTEXT(2) 
PARAMETRIC_REPRESENTATION_CONTEXT() REPRESENTATION_CONTEXT('2D SPACE',''
  ) );
#8687 = ORIENTED_EDGE('',*,*,#8601,.F.);
#8688 = ORIENTED_EDGE('',*,*,#8667,.T.);
#8689 = ORIENTED_EDGE('',*,*,#8636,.F.);
#8690 = MANIFOLD_SOLID_BREP('',#8691);
#8691 = CLOSED_SHELL('',(#8692,#8784,#8840,#8899,#8938,#8993,#9049,#9083
    ));
#8692 = ADVANCED_FACE('',(#8693),#8707,.F.);
#8693 = FACE_BOUND('',#8694,.F.);
#8694 = EDGE_LOOP('',(#8695,#8725,#8752,#8753));
#8695 = ORIENTED_EDGE('',*,*,#8696,.T.);
#8696 = EDGE_CURVE('',#8697,#8699,#8701,.T.);
#8697 = VERTEX_POINT('',#8698);
#8698 = CARTESIAN_POINT('',(1.,-0.65,0.));
#8699 = VERTEX_POINT('',#8700);
#8700 = CARTESIAN_POINT('',(1.,-0.65,-5.833333333333));
#8701 = SEAM_CURVE('',#8702,(#8706,#8718),.PCURVE_S1.);
#8702 = LINE('',#8703,#8704);
#8703 = CARTESIAN_POINT('',(1.,-0.65,4.078893220341E-33));
#8704 = VECTOR('',#8705,1.);
#8705 = DIRECTION('',(-1.110223024625E-16,1.232595164408E-32,-1.));
#8706 = PCURVE('',#8707,#8712);
#8707 = CYLINDRICAL_SURFACE('',#8708,0.15);
#8708 = AXIS2_PLACEMENT_3D('',#8709,#8710,#8711);
#8709 = CARTESIAN_POINT('',(1.,-0.8,0.));
#8710 = DIRECTION('',(-1.110223024625E-16,1.232595164408E-32,-1.));
#8711 = DIRECTION('',(1.110223024625E-16,1.,0.));
#8712 = DEFINITIONAL_REPRESENTATION('',(#8713),#8717);
#8713 = LINE('',#8714,#8715);
#8714 = CARTESIAN_POINT('',(6.28318530718,0.));
#8715 = VECTOR('',#8716,1.);
#8716 = DIRECTION('',(0.,1.));
#8717 = ( GEOMETRIC_REPRESENTATION_CONTEXT(2) 
PARAMETRIC_REPRESENTATION_CONTEXT() REPRESENTATION_CONTEXT('2D SPACE',''
  ) );
#8718 = PCURVE('',#8707,#8719);
#8719 = DEFINITIONAL_REPRESENTATION('',(#8720),#8724);
#8720 = LINE('',#8721,#8722);
#8721 = CARTESIAN_POINT('',(0.,0.));
#8722 = VECTOR('',#8723,1.);
#8723 = DIRECTION('',(0.,1.));
#8724 = ( GEOMETRIC_REPRESENTATION_CONTEXT(2) 
PARAMETRIC_REPRESENTATION_CONTEXT() REPRESENTATION_CONTEXT('2D SPACE',''
  ) );
#8725 = ORIENTED_EDGE('',*,*,#8726,.F.);
#8726 = EDGE_CURVE('',#8699,#8699,#8727,.T.);
#8727 = SURFACE_CURVE('',#8728,(#8733,#8740),.PCURVE_S1.);
#8728 = CIRCLE('',#8729,0.15);
#8729 = AXIS2_PLACEMENT_3D('',#8730,#8731,#8732);
#8730 = CARTESIAN_POINT('',(1.,-0.8,-5.833333333333));
#8731 = DIRECTION('',(-1.110223024625E-16,1.232595164408E-32,-1.));
#8732 = DIRECTION('',(1.110223024625E-16,1.,0.));
#8733 = PCURVE('',#8707,#8734);
#8734 = DEFINITIONAL_REPRESENTATION('',(#8735),#8739);
#8735 = LINE('',#8736,#8737);
#8736 = CARTESIAN_POINT('',(0.,5.833333333333));
#8737 = VECTOR('',#8738,1.);
#8738 = DIRECTION('',(1.,0.));
#8739 = ( GEOMETRIC_REPRESENTATION_CONTEXT(2) 
PARAMETRIC_REPRESENTATION_CONTEXT() REPRESENTATION_CONTEXT('2D SPACE',''
  ) );
#8740 = PCURVE('',#8741,#8746);
#8741 = TOROIDAL_SURFACE('',#8742,0.8,0.15);
#8742 = AXIS2_PLACEMENT_3D('',#8743,#8744,#8745);
#8743 = CARTESIAN_POINT('',(1.,1.110223024625E-16,-5.833333333333));
#8744 = DIRECTION('',(1.,-1.110223024625E-16,-1.110223024625E-16));
#8745 = DIRECTION('',(-1.110223024625E-16,-1.,-1.110223024625E-15));
#8746 = DEFINITIONAL_REPRESENTATION('',(#8747),#8751);
#8747 = LINE('',#8748,#8749);
#8748 = CARTESIAN_POINT('',(0.,9.424777960769));
#8749 = VECTOR('',#8750,1.);
#8750 = DIRECTION('',(-0.,-1.));
#8751 = ( GEOMETRIC_REPRESENTATION_CONTEXT(2) 
PARAMETRIC_REPRESENTATION_CONTEXT() REPRESENTATION_CONTEXT('2D SPACE',''
  ) );
#8752 = ORIENTED_EDGE('',*,*,#8696,.F.);
#8753 = ORIENTED_EDGE('',*,*,#8754,.T.);
#8754 = EDGE_CURVE('',#8697,#8697,#8755,.T.);
#8755 = SURFACE_CURVE('',#8756,(#8761,#8768),.PCURVE_S1.);
#8756 = CIRCLE('',#8757,0.15);
#8757 = AXIS2_PLACEMENT_3D('',#8758,#8759,#8760);
#8758 = CARTESIAN_POINT('',(1.,-0.8,0.));
#8759 = DIRECTION('',(-1.110223024625E-16,1.232595164408E-32,-1.));
#8760 = DIRECTION('',(1.110223024625E-16,1.,0.));
#8761 = PCURVE('',#8707,#8762);
#8762 = DEFINITIONAL_REPRESENTATION('',(#8763),#8767);
#8763 = LINE('',#8764,#8765);
#8764 = CARTESIAN_POINT('',(0.,0.));
#8765 = VECTOR('',#8766,1.);
#8766 = DIRECTION('',(1.,0.));
#8767 = ( GEOMETRIC_REPRESENTATION_CONTEXT(2) 
PARAMETRIC_REPRESENTATION_CONTEXT() REPRESENTATION_CONTEXT('2D SPACE',''
  ) );
#8768 = PCURVE('',#8769,#8774);
#8769 = PLANE('',#8770);
#8770 = AXIS2_PLACEMENT_3D('',#8771,#8772,#8773);
#8771 = CARTESIAN_POINT('',(1.,-0.8,-3.08572171572E-34));
#8772 = DIRECTION('',(1.110223024625E-16,-1.232595164408E-32,1.));
#8773 = DIRECTION('',(1.,-1.110223024625E-16,-1.110223024625E-16));
#8774 = DEFINITIONAL_REPRESENTATION('',(#8775),#8783);
#8775 = ( BOUNDED_CURVE() B_SPLINE_CURVE(2,(#8776,#8777,#8778,#8779,
#8780,#8781,#8782),.UNSPECIFIED.,.T.,.F.) B_SPLINE_CURVE_WITH_KNOTS((1,2
    ,2,2,2,1),(-2.094395102393,0.,2.094395102393,4.188790204786,
6.28318530718,8.377580409573),.UNSPECIFIED.) CURVE() 
GEOMETRIC_REPRESENTATION_ITEM() RATIONAL_B_SPLINE_CURVE((1.,0.5,1.,0.5,
1.,0.5,1.)) REPRESENTATION_ITEM('') );
#8776 = CARTESIAN_POINT('',(0.,0.15));
#8777 = CARTESIAN_POINT('',(0.259807621135,0.15));
#8778 = CARTESIAN_POINT('',(0.129903810568,-7.5E-02));
#8779 = CARTESIAN_POINT('',(3.673940397442E-17,-0.3));
#8780 = CARTESIAN_POINT('',(-0.129903810568,-7.5E-02));
#8781 = CARTESIAN_POINT('',(-0.259807621135,0.15));
#8782 = CARTESIAN_POINT('',(0.,0.15));
#8783 = ( GEOMETRIC_REPRESENTATION_CONTEXT(2) 
PARAMETRIC_REPRESENTATION_CONTEXT() REPRESENTATION_CONTEXT('2D SPACE',''
  ) );
#8784 = ADVANCED_FACE('',(#8785),#8741,.F.);
#8785 = FACE_BOUND('',#8786,.F.);
#8786 = EDGE_LOOP('',(#8787,#8811,#8838,#8839));
#8787 = ORIENTED_EDGE('',*,*,#8788,.T.);
#8788 = EDGE_CURVE('',#8699,#8789,#8791,.T.);
#8789 = VERTEX_POINT('',#8790);
#8790 = CARTESIAN_POINT('',(1.,0.65,-5.833333333333));
#8791 = SEAM_CURVE('',#8792,(#8797,#8804),.PCURVE_S1.);
#8792 = CIRCLE('',#8793,0.65);
#8793 = AXIS2_PLACEMENT_3D('',#8794,#8795,#8796);
#8794 = CARTESIAN_POINT('',(1.,1.110223024625E-16,-5.833333333333));
#8795 = DIRECTION('',(1.,-1.110223024625E-16,-1.110223024625E-16));
#8796 = DIRECTION('',(-1.110223024625E-16,-1.,-1.110223024625E-15));
#8797 = PCURVE('',#8741,#8798);
#8798 = DEFINITIONAL_REPRESENTATION('',(#8799),#8803);
#8799 = LINE('',#8800,#8801);
#8800 = CARTESIAN_POINT('',(0.,3.14159265359));
#8801 = VECTOR('',#8802,1.);
#8802 = DIRECTION('',(1.,0.));
#8803 = ( GEOMETRIC_REPRESENTATION_CONTEXT(2) 
PARAMETRIC_REPRESENTATION_CONTEXT() REPRESENTATION_CONTEXT('2D SPACE',''
  ) );
#8804 = PCURVE('',#8741,#8805);
#8805 = DEFINITIONAL_REPRESENTATION('',(#8806),#8810);
#8806 = LINE('',#8807,#8808);
#8807 = CARTESIAN_POINT('',(0.,9.424777960769));
#8808 = VECTOR('',#8809,1.);
#8809 = DIRECTION('',(1.,0.));
#8810 = ( GEOMETRIC_REPRESENTATION_CONTEXT(2) 
PARAMETRIC_REPRESENTATION_CONTEXT() REPRESENTATION_CONTEXT('2D SPACE',''
  ) );
#8811 = ORIENTED_EDGE('',*,*,#8812,.T.);
#8812 = EDGE_CURVE('',#8789,#8789,#8813,.T.);
#8813 = SURFACE_CURVE('',#8814,(#8819,#8826),.PCURVE_S1.);
#8814 = CIRCLE('',#8815,0.15);
#8815 = AXIS2_PLACEMENT_3D('',#8816,#8817,#8818);
#8816 = CARTESIAN_POINT('',(1.,0.8,-5.833333333333));
#8817 = DIRECTION('',(-1.110223024625E-16,-1.23268770454E-15,-1.));
#8818 = DIRECTION('',(1.110223024625E-16,1.,-1.23268770454E-15));
#8819 = PCURVE('',#8741,#8820);
#8820 = DEFINITIONAL_REPRESENTATION('',(#8821),#8825);
#8821 = LINE('',#8822,#8823);
#8822 = CARTESIAN_POINT('',(3.14159265359,0.));
#8823 = VECTOR('',#8824,1.);
#8824 = DIRECTION('',(0.,1.));
#8825 = ( GEOMETRIC_REPRESENTATION_CONTEXT(2) 
PARAMETRIC_REPRESENTATION_CONTEXT() REPRESENTATION_CONTEXT('2D SPACE',''
  ) );
#8826 = PCURVE('',#8827,#8832);
#8827 = CYLINDRICAL_SURFACE('',#8828,0.15);
#8828 = AXIS2_PLACEMENT_3D('',#8829,#8830,#8831);
#8829 = CARTESIAN_POINT('',(1.,0.8,-5.833333333333));
#8830 = DIRECTION('',(1.110223024625E-16,-1.232595164408E-32,1.));
#8831 = DIRECTION('',(-1.110223024625E-16,-1.,0.));
#8832 = DEFINITIONAL_REPRESENTATION('',(#8833),#8837);
#8833 = LINE('',#8834,#8835);
#8834 = CARTESIAN_POINT('',(9.424777960769,0.));
#8835 = VECTOR('',#8836,1.);
#8836 = DIRECTION('',(-1.,-0.));
#8837 = ( GEOMETRIC_REPRESENTATION_CONTEXT(2) 
PARAMETRIC_REPRESENTATION_CONTEXT() REPRESENTATION_CONTEXT('2D SPACE',''
  ) );
#8838 = ORIENTED_EDGE('',*,*,#8788,.F.);
#8839 = ORIENTED_EDGE('',*,*,#8726,.T.);
#8840 = ADVANCED_FACE('',(#8841),#8827,.F.);
#8841 = FACE_BOUND('',#8842,.F.);
#8842 = EDGE_LOOP('',(#8843,#8866,#8897,#8898));
#8843 = ORIENTED_EDGE('',*,*,#8844,.T.);
#8844 = EDGE_CURVE('',#8789,#8845,#8847,.T.);
#8845 = VERTEX_POINT('',#8846);
#8846 = CARTESIAN_POINT('',(1.,0.65,0.));
#8847 = SEAM_CURVE('',#8848,(#8852,#8859),.PCURVE_S1.);
#8848 = LINE('',#8849,#8850);
#8849 = CARTESIAN_POINT('',(1.,0.65,-5.833333333333));
#8850 = VECTOR('',#8851,1.);
#8851 = DIRECTION('',(1.110223024625E-16,-1.232595164408E-32,1.));
#8852 = PCURVE('',#8827,#8853);
#8853 = DEFINITIONAL_REPRESENTATION('',(#8854),#8858);
#8854 = LINE('',#8855,#8856);
#8855 = CARTESIAN_POINT('',(6.28318530718,0.));
#8856 = VECTOR('',#8857,1.);
#8857 = DIRECTION('',(0.,1.));
#8858 = ( GEOMETRIC_REPRESENTATION_CONTEXT(2) 
PARAMETRIC_REPRESENTATION_CONTEXT() REPRESENTATION_CONTEXT('2D SPACE',''
  ) );
#8859 = PCURVE('',#8827,#8860);
#8860 = DEFINITIONAL_REPRESENTATION('',(#8861),#8865);
#8861 = LINE('',#8862,#8863);
#8862 = CARTESIAN_POINT('',(0.,0.));
#8863 = VECTOR('',#8864,1.);
#8864 = DIRECTION('',(0.,1.));
#8865 = ( GEOMETRIC_REPRESENTATION_CONTEXT(2) 
PARAMETRIC_REPRESENTATION_CONTEXT() REPRESENTATION_CONTEXT('2D SPACE',''
  ) );
#8866 = ORIENTED_EDGE('',*,*,#8867,.F.);
#8867 = EDGE_CURVE('',#8845,#8845,#8868,.T.);
#8868 = SURFACE_CURVE('',#8869,(#8874,#8881),.PCURVE_S1.);
#8869 = CIRCLE('',#8870,0.15);
#8870 = AXIS2_PLACEMENT_3D('',#8871,#8872,#8873);
#8871 = CARTESIAN_POINT('',(1.,0.8,0.));
#8872 = DIRECTION('',(1.110223024625E-16,-1.232595164408E-32,1.));
#8873 = DIRECTION('',(-1.110223024625E-16,-1.,0.));
#8874 = PCURVE('',#8827,#8875);
#8875 = DEFINITIONAL_REPRESENTATION('',(#8876),#8880);
#8876 = LINE('',#8877,#8878);
#8877 = CARTESIAN_POINT('',(0.,5.833333333333));
#8878 = VECTOR('',#8879,1.);
#8879 = DIRECTION('',(1.,0.));
#8880 = ( GEOMETRIC_REPRESENTATION_CONTEXT(2) 
PARAMETRIC_REPRESENTATION_CONTEXT() REPRESENTATION_CONTEXT('2D SPACE',''
  ) );
#8881 = PCURVE('',#8882,#8887);
#8882 = PLANE('',#8883);
#8883 = AXIS2_PLACEMENT_3D('',#8884,#8885,#8886);
#8884 = CARTESIAN_POINT('',(1.,0.8,6.798155367234E-34));
#8885 = DIRECTION('',(-1.110223024625E-16,1.232595164408E-32,-1.));
#8886 = DIRECTION('',(-1.,1.110223024625E-16,1.110223024625E-16));
#8887 = DEFINITIONAL_REPRESENTATION('',(#8888),#8896);
#8888 = ( BOUNDED_CURVE() B_SPLINE_CURVE(2,(#8889,#8890,#8891,#8892,
#8893,#8894,#8895),.UNSPECIFIED.,.T.,.F.) B_SPLINE_CURVE_WITH_KNOTS((1,2
    ,2,2,2,1),(-2.094395102393,0.,2.094395102393,4.188790204786,
6.28318530718,8.377580409573),.UNSPECIFIED.) CURVE() 
GEOMETRIC_REPRESENTATION_ITEM() RATIONAL_B_SPLINE_CURVE((1.,0.5,1.,0.5,
1.,0.5,1.)) REPRESENTATION_ITEM('') );
#8889 = CARTESIAN_POINT('',(2.465190328816E-32,-0.15));
#8890 = CARTESIAN_POINT('',(-0.259807621135,-0.15));
#8891 = CARTESIAN_POINT('',(-0.129903810568,7.5E-02));
#8892 = CARTESIAN_POINT('',(-3.673940397442E-17,0.3));
#8893 = CARTESIAN_POINT('',(0.129903810568,7.5E-02));
#8894 = CARTESIAN_POINT('',(0.259807621135,-0.15));
#8895 = CARTESIAN_POINT('',(2.465190328816E-32,-0.15));
#8896 = ( GEOMETRIC_REPRESENTATION_CONTEXT(2) 
PARAMETRIC_REPRESENTATION_CONTEXT() REPRESENTATION_CONTEXT('2D SPACE',''
  ) );
#8897 = ORIENTED_EDGE('',*,*,#8844,.F.);
#8898 = ORIENTED_EDGE('',*,*,#8812,.F.);
#8899 = ADVANCED_FACE('',(#8900,#8903),#8769,.T.);
#8900 = FACE_BOUND('',#8901,.T.);
#8901 = EDGE_LOOP('',(#8902));
#8902 = ORIENTED_EDGE('',*,*,#8754,.T.);
#8903 = FACE_BOUND('',#8904,.T.);
#8904 = EDGE_LOOP('',(#8905));
#8905 = ORIENTED_EDGE('',*,*,#8906,.F.);
#8906 = EDGE_CURVE('',#8907,#8907,#8909,.T.);
#8907 = VERTEX_POINT('',#8908);
#8908 = CARTESIAN_POINT('',(1.,-0.645,4.214856327685E-33));
#8909 = SURFACE_CURVE('',#8910,(#8915,#8926),.PCURVE_S1.);
#8910 = CIRCLE('',#8911,0.155);
#8911 = AXIS2_PLACEMENT_3D('',#8912,#8913,#8914);
#8912 = CARTESIAN_POINT('',(1.,-0.8,0.));
#8913 = DIRECTION('',(-1.110223024625E-16,1.232595164408E-32,-1.));
#8914 = DIRECTION('',(1.110223024625E-16,1.,0.));
#8915 = PCURVE('',#8769,#8916);
#8916 = DEFINITIONAL_REPRESENTATION('',(#8917),#8925);
#8917 = ( BOUNDED_CURVE() B_SPLINE_CURVE(2,(#8918,#8919,#8920,#8921,
#8922,#8923,#8924),.UNSPECIFIED.,.T.,.F.) B_SPLINE_CURVE_WITH_KNOTS((1,2
    ,2,2,2,1),(-2.094395102393,0.,2.094395102393,4.188790204786,
6.28318530718,8.377580409573),.UNSPECIFIED.) CURVE() 
GEOMETRIC_REPRESENTATION_ITEM() RATIONAL_B_SPLINE_CURVE((1.,0.5,1.,0.5,
1.,0.5,1.)) REPRESENTATION_ITEM('') );
#8918 = CARTESIAN_POINT('',(0.,0.155));
#8919 = CARTESIAN_POINT('',(0.268467875173,0.155));
#8920 = CARTESIAN_POINT('',(0.134233937587,-7.75E-02));
#8921 = CARTESIAN_POINT('',(3.796405077357E-17,-0.31));
#8922 = CARTESIAN_POINT('',(-0.134233937587,-7.75E-02));
#8923 = CARTESIAN_POINT('',(-0.268467875173,0.155));
#8924 = CARTESIAN_POINT('',(0.,0.155));
#8925 = ( GEOMETRIC_REPRESENTATION_CONTEXT(2) 
PARAMETRIC_REPRESENTATION_CONTEXT() REPRESENTATION_CONTEXT('2D SPACE',''
  ) );
#8926 = PCURVE('',#8927,#8932);
#8927 = CYLINDRICAL_SURFACE('',#8928,0.155);
#8928 = AXIS2_PLACEMENT_3D('',#8929,#8930,#8931);
#8929 = CARTESIAN_POINT('',(1.,-0.8,0.));
#8930 = DIRECTION('',(-1.110223024625E-16,1.232595164408E-32,-1.));
#8931 = DIRECTION('',(1.110223024625E-16,1.,0.));
#8932 = DEFINITIONAL_REPRESENTATION('',(#8933),#8937);
#8933 = LINE('',#8934,#8935);
#8934 = CARTESIAN_POINT('',(0.,0.));
#8935 = VECTOR('',#8936,1.);
#8936 = DIRECTION('',(1.,0.));
#8937 = ( GEOMETRIC_REPRESENTATION_CONTEXT(2) 
PARAMETRIC_REPRESENTATION_CONTEXT() REPRESENTATION_CONTEXT('2D SPACE',''
  ) );
#8938 = ADVANCED_FACE('',(#8939),#8927,.T.);
#8939 = FACE_BOUND('',#8940,.T.);
#8940 = EDGE_LOOP('',(#8941,#8964,#8965,#8966));
#8941 = ORIENTED_EDGE('',*,*,#8942,.F.);
#8942 = EDGE_CURVE('',#8907,#8943,#8945,.T.);
#8943 = VERTEX_POINT('',#8944);
#8944 = CARTESIAN_POINT('',(1.,-0.645,-5.833333333333));
#8945 = SEAM_CURVE('',#8946,(#8950,#8957),.PCURVE_S1.);
#8946 = LINE('',#8947,#8948);
#8947 = CARTESIAN_POINT('',(1.,-0.645,4.214856327685E-33));
#8948 = VECTOR('',#8949,1.);
#8949 = DIRECTION('',(-1.110223024625E-16,1.232595164408E-32,-1.));
#8950 = PCURVE('',#8927,#8951);
#8951 = DEFINITIONAL_REPRESENTATION('',(#8952),#8956);
#8952 = LINE('',#8953,#8954);
#8953 = CARTESIAN_POINT('',(0.,0.));
#8954 = VECTOR('',#8955,1.);
#8955 = DIRECTION('',(0.,1.));
#8956 = ( GEOMETRIC_REPRESENTATION_CONTEXT(2) 
PARAMETRIC_REPRESENTATION_CONTEXT() REPRESENTATION_CONTEXT('2D SPACE',''
  ) );
#8957 = PCURVE('',#8927,#8958);
#8958 = DEFINITIONAL_REPRESENTATION('',(#8959),#8963);
#8959 = LINE('',#8960,#8961);
#8960 = CARTESIAN_POINT('',(6.28318530718,0.));
#8961 = VECTOR('',#8962,1.);
#8962 = DIRECTION('',(0.,1.));
#8963 = ( GEOMETRIC_REPRESENTATION_CONTEXT(2) 
PARAMETRIC_REPRESENTATION_CONTEXT() REPRESENTATION_CONTEXT('2D SPACE',''
  ) );
#8964 = ORIENTED_EDGE('',*,*,#8906,.T.);
#8965 = ORIENTED_EDGE('',*,*,#8942,.T.);
#8966 = ORIENTED_EDGE('',*,*,#8967,.F.);
#8967 = EDGE_CURVE('',#8943,#8943,#8968,.T.);
#8968 = SURFACE_CURVE('',#8969,(#8974,#8981),.PCURVE_S1.);
#8969 = CIRCLE('',#8970,0.155);
#8970 = AXIS2_PLACEMENT_3D('',#8971,#8972,#8973);
#8971 = CARTESIAN_POINT('',(1.,-0.8,-5.833333333333));
#8972 = DIRECTION('',(-1.110223024625E-16,1.110223024625E-15,-1.));
#8973 = DIRECTION('',(4.784163422067E-16,1.,1.110223024625E-15));
#8974 = PCURVE('',#8927,#8975);
#8975 = DEFINITIONAL_REPRESENTATION('',(#8976),#8980);
#8976 = LINE('',#8977,#8978);
#8977 = CARTESIAN_POINT('',(0.,5.833333333333));
#8978 = VECTOR('',#8979,1.);
#8979 = DIRECTION('',(1.,0.));
#8980 = ( GEOMETRIC_REPRESENTATION_CONTEXT(2) 
PARAMETRIC_REPRESENTATION_CONTEXT() REPRESENTATION_CONTEXT('2D SPACE',''
  ) );
#8981 = PCURVE('',#8982,#8987);
#8982 = TOROIDAL_SURFACE('',#8983,0.8,0.155);
#8983 = AXIS2_PLACEMENT_3D('',#8984,#8985,#8986);
#8984 = CARTESIAN_POINT('',(1.,1.110223024625E-16,-5.833333333333));
#8985 = DIRECTION('',(1.,-1.110223024625E-16,-1.110223024625E-16));
#8986 = DIRECTION('',(-1.110223024625E-16,-1.,-1.110223024625E-15));
#8987 = DEFINITIONAL_REPRESENTATION('',(#8988),#8992);
#8988 = LINE('',#8989,#8990);
#8989 = CARTESIAN_POINT('',(0.,9.424777960769));
#8990 = VECTOR('',#8991,1.);
#8991 = DIRECTION('',(-0.,-1.));
#8992 = ( GEOMETRIC_REPRESENTATION_CONTEXT(2) 
PARAMETRIC_REPRESENTATION_CONTEXT() REPRESENTATION_CONTEXT('2D SPACE',''
  ) );
#8993 = ADVANCED_FACE('',(#8994),#8982,.T.);
#8994 = FACE_BOUND('',#8995,.T.);
#8995 = EDGE_LOOP('',(#8996,#9020,#9047,#9048));
#8996 = ORIENTED_EDGE('',*,*,#8997,.T.);
#8997 = EDGE_CURVE('',#8943,#8998,#9000,.T.);
#8998 = VERTEX_POINT('',#8999);
#8999 = CARTESIAN_POINT('',(1.,0.645,-5.833333333333));
#9000 = SEAM_CURVE('',#9001,(#9006,#9013),.PCURVE_S1.);
#9001 = CIRCLE('',#9002,0.645);
#9002 = AXIS2_PLACEMENT_3D('',#9003,#9004,#9005);
#9003 = CARTESIAN_POINT('',(1.,1.110223024625E-16,-5.833333333333));
#9004 = DIRECTION('',(1.,-1.110223024625E-16,-1.110223024625E-16));
#9005 = DIRECTION('',(-1.110223024625E-16,-1.,-1.110223024625E-15));
#9006 = PCURVE('',#8982,#9007);
#9007 = DEFINITIONAL_REPRESENTATION('',(#9008),#9012);
#9008 = LINE('',#9009,#9010);
#9009 = CARTESIAN_POINT('',(0.,3.14159265359));
#9010 = VECTOR('',#9011,1.);
#9011 = DIRECTION('',(1.,0.));
#9012 = ( GEOMETRIC_REPRESENTATION_CONTEXT(2) 
PARAMETRIC_REPRESENTATION_CONTEXT() REPRESENTATION_CONTEXT('2D SPACE',''
  ) );
#9013 = PCURVE('',#8982,#9014);
#9014 = DEFINITIONAL_REPRESENTATION('',(#9015),#9019);
#9015 = LINE('',#9016,#9017);
#9016 = CARTESIAN_POINT('',(0.,9.424777960769));
#9017 = VECTOR('',#9018,1.);
#9018 = DIRECTION('',(1.,0.));
#9019 = ( GEOMETRIC_REPRESENTATION_CONTEXT(2) 
PARAMETRIC_REPRESENTATION_CONTEXT() REPRESENTATION_CONTEXT('2D SPACE',''
  ) );
#9020 = ORIENTED_EDGE('',*,*,#9021,.T.);
#9021 = EDGE_CURVE('',#8998,#8998,#9022,.T.);
#9022 = SURFACE_CURVE('',#9023,(#9028,#9035),.PCURVE_S1.);
#9023 = CIRCLE('',#9024,0.155);
#9024 = AXIS2_PLACEMENT_3D('',#9025,#9026,#9027);
#9025 = CARTESIAN_POINT('',(1.,0.8,-5.833333333333));
#9026 = DIRECTION('',(-1.110223024625E-16,-1.23268770454E-15,-1.));
#9027 = DIRECTION('',(1.110223024625E-16,1.,-1.23268770454E-15));
#9028 = PCURVE('',#8982,#9029);
#9029 = DEFINITIONAL_REPRESENTATION('',(#9030),#9034);
#9030 = LINE('',#9031,#9032);
#9031 = CARTESIAN_POINT('',(3.14159265359,0.));
#9032 = VECTOR('',#9033,1.);
#9033 = DIRECTION('',(0.,1.));
#9034 = ( GEOMETRIC_REPRESENTATION_CONTEXT(2) 
PARAMETRIC_REPRESENTATION_CONTEXT() REPRESENTATION_CONTEXT('2D SPACE',''
  ) );
#9035 = PCURVE('',#9036,#9041);
#9036 = CYLINDRICAL_SURFACE('',#9037,0.155);
#9037 = AXIS2_PLACEMENT_3D('',#9038,#9039,#9040);
#9038 = CARTESIAN_POINT('',(1.,0.8,-5.833333333333));
#9039 = DIRECTION('',(1.110223024625E-16,-1.232595164408E-32,1.));
#9040 = DIRECTION('',(-1.110223024625E-16,-1.,0.));
#9041 = DEFINITIONAL_REPRESENTATION('',(#9042),#9046);
#9042 = LINE('',#9043,#9044);
#9043 = CARTESIAN_POINT('',(9.424777960769,0.));
#9044 = VECTOR('',#9045,1.);
#9045 = DIRECTION('',(-1.,-0.));
#9046 = ( GEOMETRIC_REPRESENTATION_CONTEXT(2) 
PARAMETRIC_REPRESENTATION_CONTEXT() REPRESENTATION_CONTEXT('2D SPACE',''
  ) );
#9047 = ORIENTED_EDGE('',*,*,#8997,.F.);
#9048 = ORIENTED_EDGE('',*,*,#8967,.T.);
#9049 = ADVANCED_FACE('',(#9050,#9053),#8882,.F.);
#9050 = FACE_BOUND('',#9051,.F.);
#9051 = EDGE_LOOP('',(#9052));
#9052 = ORIENTED_EDGE('',*,*,#8867,.T.);
#9053 = FACE_BOUND('',#9054,.F.);
#9054 = EDGE_LOOP('',(#9055));
#9055 = ORIENTED_EDGE('',*,*,#9056,.F.);
#9056 = EDGE_CURVE('',#9057,#9057,#9059,.T.);
#9057 = VERTEX_POINT('',#9058);
#9058 = CARTESIAN_POINT('',(1.,0.645,0.));
#9059 = SURFACE_CURVE('',#9060,(#9065,#9076),.PCURVE_S1.);
#9060 = CIRCLE('',#9061,0.155);
#9061 = AXIS2_PLACEMENT_3D('',#9062,#9063,#9064);
#9062 = CARTESIAN_POINT('',(1.,0.8,0.));
#9063 = DIRECTION('',(1.110223024625E-16,-1.232595164408E-32,1.));
#9064 = DIRECTION('',(-1.110223024625E-16,-1.,0.));
#9065 = PCURVE('',#8882,#9066);
#9066 = DEFINITIONAL_REPRESENTATION('',(#9067),#9075);
#9067 = ( BOUNDED_CURVE() B_SPLINE_CURVE(2,(#9068,#9069,#9070,#9071,
#9072,#9073,#9074),.UNSPECIFIED.,.T.,.F.) B_SPLINE_CURVE_WITH_KNOTS((1,2
    ,2,2,2,1),(-2.094395102393,0.,2.094395102393,4.188790204786,
6.28318530718,8.377580409573),.UNSPECIFIED.) CURVE() 
GEOMETRIC_REPRESENTATION_ITEM() RATIONAL_B_SPLINE_CURVE((1.,0.5,1.,0.5,
1.,0.5,1.)) REPRESENTATION_ITEM('') );
#9068 = CARTESIAN_POINT('',(2.465190328816E-32,-0.155));
#9069 = CARTESIAN_POINT('',(-0.268467875173,-0.155));
#9070 = CARTESIAN_POINT('',(-0.134233937587,7.75E-02));
#9071 = CARTESIAN_POINT('',(-3.796405077357E-17,0.31));
#9072 = CARTESIAN_POINT('',(0.134233937587,7.75E-02));
#9073 = CARTESIAN_POINT('',(0.268467875173,-0.155));
#9074 = CARTESIAN_POINT('',(2.465190328816E-32,-0.155));
#9075 = ( GEOMETRIC_REPRESENTATION_CONTEXT(2) 
PARAMETRIC_REPRESENTATION_CONTEXT() REPRESENTATION_CONTEXT('2D SPACE',''
  ) );
#9076 = PCURVE('',#9036,#9077);
#9077 = DEFINITIONAL_REPRESENTATION('',(#9078),#9082);
#9078 = LINE('',#9079,#9080);
#9079 = CARTESIAN_POINT('',(0.,5.833333333333));
#9080 = VECTOR('',#9081,1.);
#9081 = DIRECTION('',(1.,0.));
#9082 = ( GEOMETRIC_REPRESENTATION_CONTEXT(2) 
PARAMETRIC_REPRESENTATION_CONTEXT() REPRESENTATION_CONTEXT('2D SPACE',''
  ) );
#9083 = ADVANCED_FACE('',(#9084),#9036,.T.);
#9084 = FACE_BOUND('',#9085,.T.);
#9085 = EDGE_LOOP('',(#9086,#9107,#9108,#9109));
#9086 = ORIENTED_EDGE('',*,*,#9087,.F.);
#9087 = EDGE_CURVE('',#8998,#9057,#9088,.T.);
#9088 = SEAM_CURVE('',#9089,(#9093,#9100),.PCURVE_S1.);
#9089 = LINE('',#9090,#9091);
#9090 = CARTESIAN_POINT('',(1.,0.645,-5.833333333333));
#9091 = VECTOR('',#9092,1.);
#9092 = DIRECTION('',(1.110223024625E-16,-1.232595164408E-32,1.));
#9093 = PCURVE('',#9036,#9094);
#9094 = DEFINITIONAL_REPRESENTATION('',(#9095),#9099);
#9095 = LINE('',#9096,#9097);
#9096 = CARTESIAN_POINT('',(0.,0.));
#9097 = VECTOR('',#9098,1.);
#9098 = DIRECTION('',(0.,1.));
#9099 = ( GEOMETRIC_REPRESENTATION_CONTEXT(2) 
PARAMETRIC_REPRESENTATION_CONTEXT() REPRESENTATION_CONTEXT('2D SPACE',''
  ) );
#9100 = PCURVE('',#9036,#9101);
#9101 = DEFINITIONAL_REPRESENTATION('',(#9102),#9106);
#9102 = LINE('',#9103,#9104);
#9103 = CARTESIAN_POINT('',(6.28318530718,0.));
#9104 = VECTOR('',#9105,1.);
#9105 = DIRECTION('',(0.,1.));
#9106 = ( GEOMETRIC_REPRESENTATION_CONTEXT(2) 
PARAMETRIC_REPRESENTATION_CONTEXT() REPRESENTATION_CONTEXT('2D SPACE',''
  ) );
#9107 = ORIENTED_EDGE('',*,*,#9021,.F.);
#9108 = ORIENTED_EDGE('',*,*,#9087,.T.);
#9109 = ORIENTED_EDGE('',*,*,#9056,.F.);
#9110 = MANIFOLD_SOLID_BREP('',#9111);
#9111 = CLOSED_SHELL('',(#9112,#9204,#9260,#9319,#9358,#9413,#9469,#9503
    ));
#9112 = ADVANCED_FACE('',(#9113),#9127,.F.);
#9113 = FACE_BOUND('',#9114,.F.);
#9114 = EDGE_LOOP('',(#9115,#9145,#9172,#9173));
#9115 = ORIENTED_EDGE('',*,*,#9116,.T.);
#9116 = EDGE_CURVE('',#9117,#9119,#9121,.T.);
#9117 = VERTEX_POINT('',#9118);
#9118 = CARTESIAN_POINT('',(-1.,-0.65,0.));
#9119 = VERTEX_POINT('',#9120);
#9120 = CARTESIAN_POINT('',(-1.,-0.65,-5.833333333333));
#9121 = SEAM_CURVE('',#9122,(#9126,#9138),.PCURVE_S1.);
#9122 = LINE('',#9123,#9124);
#9123 = CARTESIAN_POINT('',(-1.,-0.65,4.078893220341E-33));
#9124 = VECTOR('',#9125,1.);
#9125 = DIRECTION('',(-1.110223024625E-16,1.232595164408E-32,-1.));
#9126 = PCURVE('',#9127,#9132);
#9127 = CYLINDRICAL_SURFACE('',#9128,0.15);
#9128 = AXIS2_PLACEMENT_3D('',#9129,#9130,#9131);
#9129 = CARTESIAN_POINT('',(-1.,-0.8,0.));
#9130 = DIRECTION('',(-1.110223024625E-16,1.232595164408E-32,-1.));
#9131 = DIRECTION('',(1.110223024625E-16,1.,0.));
#9132 = DEFINITIONAL_REPRESENTATION('',(#9133),#9137);
#9133 = LINE('',#9134,#9135);
#9134 = CARTESIAN_POINT('',(6.28318530718,0.));
#9135 = VECTOR('',#9136,1.);
#9136 = DIRECTION('',(0.,1.));
#9137 = ( GEOMETRIC_REPRESENTATION_CONTEXT(2) 
PARAMETRIC_REPRESENTATION_CONTEXT() REPRESENTATION_CONTEXT('2D SPACE',''
  ) );
#9138 = PCURVE('',#9127,#9139);
#9139 = DEFINITIONAL_REPRESENTATION('',(#9140),#9144);
#9140 = LINE('',#9141,#9142);
#9141 = CARTESIAN_POINT('',(0.,0.));
#9142 = VECTOR('',#9143,1.);
#9143 = DIRECTION('',(0.,1.));
#9144 = ( GEOMETRIC_REPRESENTATION_CONTEXT(2) 
PARAMETRIC_REPRESENTATION_CONTEXT() REPRESENTATION_CONTEXT('2D SPACE',''
  ) );
#9145 = ORIENTED_EDGE('',*,*,#9146,.F.);
#9146 = EDGE_CURVE('',#9119,#9119,#9147,.T.);
#9147 = SURFACE_CURVE('',#9148,(#9153,#9160),.PCURVE_S1.);
#9148 = CIRCLE('',#9149,0.15);
#9149 = AXIS2_PLACEMENT_3D('',#9150,#9151,#9152);
#9150 = CARTESIAN_POINT('',(-1.,-0.8,-5.833333333333));
#9151 = DIRECTION('',(-1.110223024625E-16,1.232595164408E-32,-1.));
#9152 = DIRECTION('',(1.110223024625E-16,1.,0.));
#9153 = PCURVE('',#9127,#9154);
#9154 = DEFINITIONAL_REPRESENTATION('',(#9155),#9159);
#9155 = LINE('',#9156,#9157);
#9156 = CARTESIAN_POINT('',(0.,5.833333333333));
#9157 = VECTOR('',#9158,1.);
#9158 = DIRECTION('',(1.,0.));
#9159 = ( GEOMETRIC_REPRESENTATION_CONTEXT(2) 
PARAMETRIC_REPRESENTATION_CONTEXT() REPRESENTATION_CONTEXT('2D SPACE',''
  ) );
#9160 = PCURVE('',#9161,#9166);
#9161 = TOROIDAL_SURFACE('',#9162,0.8,0.15);
#9162 = AXIS2_PLACEMENT_3D('',#9163,#9164,#9165);
#9163 = CARTESIAN_POINT('',(-1.,1.110223024625E-16,-5.833333333333));
#9164 = DIRECTION('',(1.,-1.110223024625E-16,-1.110223024625E-16));
#9165 = DIRECTION('',(-1.110223024625E-16,-1.,-1.110223024625E-15));
#9166 = DEFINITIONAL_REPRESENTATION('',(#9167),#9171);
#9167 = LINE('',#9168,#9169);
#9168 = CARTESIAN_POINT('',(0.,9.424777960769));
#9169 = VECTOR('',#9170,1.);
#9170 = DIRECTION('',(-0.,-1.));
#9171 = ( GEOMETRIC_REPRESENTATION_CONTEXT(2) 
PARAMETRIC_REPRESENTATION_CONTEXT() REPRESENTATION_CONTEXT('2D SPACE',''
  ) );
#9172 = ORIENTED_EDGE('',*,*,#9116,.F.);
#9173 = ORIENTED_EDGE('',*,*,#9174,.T.);
#9174 = EDGE_CURVE('',#9117,#9117,#9175,.T.);
#9175 = SURFACE_CURVE('',#9176,(#9181,#9188),.PCURVE_S1.);
#9176 = CIRCLE('',#9177,0.15);
#9177 = AXIS2_PLACEMENT_3D('',#9178,#9179,#9180);
#9178 = CARTESIAN_POINT('',(-1.,-0.8,0.));
#9179 = DIRECTION('',(-1.110223024625E-16,1.232595164408E-32,-1.));
#9180 = DIRECTION('',(1.110223024625E-16,1.,0.));
#9181 = PCURVE('',#9127,#9182);
#9182 = DEFINITIONAL_REPRESENTATION('',(#9183),#9187);
#9183 = LINE('',#9184,#9185);
#9184 = CARTESIAN_POINT('',(0.,0.));
#9185 = VECTOR('',#9186,1.);
#9186 = DIRECTION('',(1.,0.));
#9187 = ( GEOMETRIC_REPRESENTATION_CONTEXT(2) 
PARAMETRIC_REPRESENTATION_CONTEXT() REPRESENTATION_CONTEXT('2D SPACE',''
  ) );
#9188 = PCURVE('',#9189,#9194);
#9189 = PLANE('',#9190);
#9190 = AXIS2_PLACEMENT_3D('',#9191,#9192,#9193);
#9191 = CARTESIAN_POINT('',(-1.,-0.8,-3.08572171572E-34));
#9192 = DIRECTION('',(1.110223024625E-16,-1.232595164408E-32,1.));
#9193 = DIRECTION('',(1.,-1.110223024625E-16,-1.110223024625E-16));
#9194 = DEFINITIONAL_REPRESENTATION('',(#9195),#9203);
#9195 = ( BOUNDED_CURVE() B_SPLINE_CURVE(2,(#9196,#9197,#9198,#9199,
#9200,#9201,#9202),.UNSPECIFIED.,.T.,.F.) B_SPLINE_CURVE_WITH_KNOTS((1,2
    ,2,2,2,1),(-2.094395102393,0.,2.094395102393,4.188790204786,
6.28318530718,8.377580409573),.UNSPECIFIED.) CURVE() 
GEOMETRIC_REPRESENTATION_ITEM() RATIONAL_B_SPLINE_CURVE((1.,0.5,1.,0.5,
1.,0.5,1.)) REPRESENTATION_ITEM('') );
#9196 = CARTESIAN_POINT('',(0.,0.15));
#9197 = CARTESIAN_POINT('',(0.259807621135,0.15));
#9198 = CARTESIAN_POINT('',(0.129903810568,-7.5E-02));
#9199 = CARTESIAN_POINT('',(3.673940397442E-17,-0.3));
#9200 = CARTESIAN_POINT('',(-0.129903810568,-7.5E-02));
#9201 = CARTESIAN_POINT('',(-0.259807621135,0.15));
#9202 = CARTESIAN_POINT('',(0.,0.15));
#9203 = ( GEOMETRIC_REPRESENTATION_CONTEXT(2) 
PARAMETRIC_REPRESENTATION_CONTEXT() REPRESENTATION_CONTEXT('2D SPACE',''
  ) );
#9204 = ADVANCED_FACE('',(#9205),#9161,.F.);
#9205 = FACE_BOUND('',#9206,.F.);
#9206 = EDGE_LOOP('',(#9207,#9231,#9258,#9259));
#9207 = ORIENTED_EDGE('',*,*,#9208,.T.);
#9208 = EDGE_CURVE('',#9119,#9209,#9211,.T.);
#9209 = VERTEX_POINT('',#9210);
#9210 = CARTESIAN_POINT('',(-1.,0.65,-5.833333333333));
#9211 = SEAM_CURVE('',#9212,(#9217,#9224),.PCURVE_S1.);
#9212 = CIRCLE('',#9213,0.65);
#9213 = AXIS2_PLACEMENT_3D('',#9214,#9215,#9216);
#9214 = CARTESIAN_POINT('',(-1.,1.110223024625E-16,-5.833333333333));
#9215 = DIRECTION('',(1.,-1.110223024625E-16,-1.110223024625E-16));
#9216 = DIRECTION('',(-1.110223024625E-16,-1.,-1.110223024625E-15));
#9217 = PCURVE('',#9161,#9218);
#9218 = DEFINITIONAL_REPRESENTATION('',(#9219),#9223);
#9219 = LINE('',#9220,#9221);
#9220 = CARTESIAN_POINT('',(0.,3.14159265359));
#9221 = VECTOR('',#9222,1.);
#9222 = DIRECTION('',(1.,0.));
#9223 = ( GEOMETRIC_REPRESENTATION_CONTEXT(2) 
PARAMETRIC_REPRESENTATION_CONTEXT() REPRESENTATION_CONTEXT('2D SPACE',''
  ) );
#9224 = PCURVE('',#9161,#9225);
#9225 = DEFINITIONAL_REPRESENTATION('',(#9226),#9230);
#9226 = LINE('',#9227,#9228);
#9227 = CARTESIAN_POINT('',(0.,9.424777960769));
#9228 = VECTOR('',#9229,1.);
#9229 = DIRECTION('',(1.,0.));
#9230 = ( GEOMETRIC_REPRESENTATION_CONTEXT(2) 
PARAMETRIC_REPRESENTATION_CONTEXT() REPRESENTATION_CONTEXT('2D SPACE',''
  ) );
#9231 = ORIENTED_EDGE('',*,*,#9232,.T.);
#9232 = EDGE_CURVE('',#9209,#9209,#9233,.T.);
#9233 = SURFACE_CURVE('',#9234,(#9239,#9246),.PCURVE_S1.);
#9234 = CIRCLE('',#9235,0.15);
#9235 = AXIS2_PLACEMENT_3D('',#9236,#9237,#9238);
#9236 = CARTESIAN_POINT('',(-1.,0.8,-5.833333333333));
#9237 = DIRECTION('',(-1.110223024625E-16,-1.23268770454E-15,-1.));
#9238 = DIRECTION('',(1.110223024625E-16,1.,-1.23268770454E-15));
#9239 = PCURVE('',#9161,#9240);
#9240 = DEFINITIONAL_REPRESENTATION('',(#9241),#9245);
#9241 = LINE('',#9242,#9243);
#9242 = CARTESIAN_POINT('',(3.14159265359,0.));
#9243 = VECTOR('',#9244,1.);
#9244 = DIRECTION('',(0.,1.));
#9245 = ( GEOMETRIC_REPRESENTATION_CONTEXT(2) 
PARAMETRIC_REPRESENTATION_CONTEXT() REPRESENTATION_CONTEXT('2D SPACE',''
  ) );
#9246 = PCURVE('',#9247,#9252);
#9247 = CYLINDRICAL_SURFACE('',#9248,0.15);
#9248 = AXIS2_PLACEMENT_3D('',#9249,#9250,#9251);
#9249 = CARTESIAN_POINT('',(-1.,0.8,-5.833333333333));
#9250 = DIRECTION('',(1.110223024625E-16,-1.232595164408E-32,1.));
#9251 = DIRECTION('',(-1.110223024625E-16,-1.,0.));
#9252 = DEFINITIONAL_REPRESENTATION('',(#9253),#9257);
#9253 = LINE('',#9254,#9255);
#9254 = CARTESIAN_POINT('',(9.424777960769,0.));
#9255 = VECTOR('',#9256,1.);
#9256 = DIRECTION('',(-1.,-0.));
#9257 = ( GEOMETRIC_REPRESENTATION_CONTEXT(2) 
PARAMETRIC_REPRESENTATION_CONTEXT() REPRESENTATION_CONTEXT('2D SPACE',''
  ) );
#9258 = ORIENTED_EDGE('',*,*,#9208,.F.);
#9259 = ORIENTED_EDGE('',*,*,#9146,.T.);
#9260 = ADVANCED_FACE('',(#9261),#9247,.F.);
#9261 = FACE_BOUND('',#9262,.F.);
#9262 = EDGE_LOOP('',(#9263,#9286,#9317,#9318));
#9263 = ORIENTED_EDGE('',*,*,#9264,.T.);
#9264 = EDGE_CURVE('',#9209,#9265,#9267,.T.);
#9265 = VERTEX_POINT('',#9266);
#9266 = CARTESIAN_POINT('',(-1.,0.65,0.));
#9267 = SEAM_CURVE('',#9268,(#9272,#9279),.PCURVE_S1.);
#9268 = LINE('',#9269,#9270);
#9269 = CARTESIAN_POINT('',(-1.,0.65,-5.833333333333));
#9270 = VECTOR('',#9271,1.);
#9271 = DIRECTION('',(1.110223024625E-16,-1.232595164408E-32,1.));
#9272 = PCURVE('',#9247,#9273);
#9273 = DEFINITIONAL_REPRESENTATION('',(#9274),#9278);
#9274 = LINE('',#9275,#9276);
#9275 = CARTESIAN_POINT('',(6.28318530718,0.));
#9276 = VECTOR('',#9277,1.);
#9277 = DIRECTION('',(0.,1.));
#9278 = ( GEOMETRIC_REPRESENTATION_CONTEXT(2) 
PARAMETRIC_REPRESENTATION_CONTEXT() REPRESENTATION_CONTEXT('2D SPACE',''
  ) );
#9279 = PCURVE('',#9247,#9280);
#9280 = DEFINITIONAL_REPRESENTATION('',(#9281),#9285);
#9281 = LINE('',#9282,#9283);
#9282 = CARTESIAN_POINT('',(0.,0.));
#9283 = VECTOR('',#9284,1.);
#9284 = DIRECTION('',(0.,1.));
#9285 = ( GEOMETRIC_REPRESENTATION_CONTEXT(2) 
PARAMETRIC_REPRESENTATION_CONTEXT() REPRESENTATION_CONTEXT('2D SPACE',''
  ) );
#9286 = ORIENTED_EDGE('',*,*,#9287,.F.);
#9287 = EDGE_CURVE('',#9265,#9265,#9288,.T.);
#9288 = SURFACE_CURVE('',#9289,(#9294,#9301),.PCURVE_S1.);
#9289 = CIRCLE('',#9290,0.15);
#9290 = AXIS2_PLACEMENT_3D('',#9291,#9292,#9293);
#9291 = CARTESIAN_POINT('',(-1.,0.8,0.));
#9292 = DIRECTION('',(1.110223024625E-16,-1.232595164408E-32,1.));
#9293 = DIRECTION('',(-1.110223024625E-16,-1.,0.));
#9294 = PCURVE('',#9247,#9295);
#9295 = DEFINITIONAL_REPRESENTATION('',(#9296),#9300);
#9296 = LINE('',#9297,#9298);
#9297 = CARTESIAN_POINT('',(0.,5.833333333333));
#9298 = VECTOR('',#9299,1.);
#9299 = DIRECTION('',(1.,0.));
#9300 = ( GEOMETRIC_REPRESENTATION_CONTEXT(2) 
PARAMETRIC_REPRESENTATION_CONTEXT() REPRESENTATION_CONTEXT('2D SPACE',''
  ) );
#9301 = PCURVE('',#9302,#9307);
#9302 = PLANE('',#9303);
#9303 = AXIS2_PLACEMENT_3D('',#9304,#9305,#9306);
#9304 = CARTESIAN_POINT('',(-1.,0.8,6.798155367234E-34));
#9305 = DIRECTION('',(-1.110223024625E-16,1.232595164408E-32,-1.));
#9306 = DIRECTION('',(-1.,1.110223024625E-16,1.110223024625E-16));
#9307 = DEFINITIONAL_REPRESENTATION('',(#9308),#9316);
#9308 = ( BOUNDED_CURVE() B_SPLINE_CURVE(2,(#9309,#9310,#9311,#9312,
#9313,#9314,#9315),.UNSPECIFIED.,.T.,.F.) B_SPLINE_CURVE_WITH_KNOTS((1,2
    ,2,2,2,1),(-2.094395102393,0.,2.094395102393,4.188790204786,
6.28318530718,8.377580409573),.UNSPECIFIED.) CURVE() 
GEOMETRIC_REPRESENTATION_ITEM() RATIONAL_B_SPLINE_CURVE((1.,0.5,1.,0.5,
1.,0.5,1.)) REPRESENTATION_ITEM('') );
#9309 = CARTESIAN_POINT('',(2.465190328816E-32,-0.15));
#9310 = CARTESIAN_POINT('',(-0.259807621135,-0.15));
#9311 = CARTESIAN_POINT('',(-0.129903810568,7.5E-02));
#9312 = CARTESIAN_POINT('',(-3.673940397442E-17,0.3));
#9313 = CARTESIAN_POINT('',(0.129903810568,7.5E-02));
#9314 = CARTESIAN_POINT('',(0.259807621135,-0.15));
#9315 = CARTESIAN_POINT('',(2.465190328816E-32,-0.15));
#9316 = ( GEOMETRIC_REPRESENTATION_CONTEXT(2) 
PARAMETRIC_REPRESENTATION_CONTEXT() REPRESENTATION_CONTEXT('2D SPACE',''
  ) );
#9317 = ORIENTED_EDGE('',*,*,#9264,.F.);
#9318 = ORIENTED_EDGE('',*,*,#9232,.F.);
#9319 = ADVANCED_FACE('',(#9320,#9323),#9189,.T.);
#9320 = FACE_BOUND('',#9321,.T.);
#9321 = EDGE_LOOP('',(#9322));
#9322 = ORIENTED_EDGE('',*,*,#9174,.T.);
#9323 = FACE_BOUND('',#9324,.T.);
#9324 = EDGE_LOOP('',(#9325));
#9325 = ORIENTED_EDGE('',*,*,#9326,.F.);
#9326 = EDGE_CURVE('',#9327,#9327,#9329,.T.);
#9327 = VERTEX_POINT('',#9328);
#9328 = CARTESIAN_POINT('',(-1.,-0.645,4.214856327685E-33));
#9329 = SURFACE_CURVE('',#9330,(#9335,#9346),.PCURVE_S1.);
#9330 = CIRCLE('',#9331,0.155);
#9331 = AXIS2_PLACEMENT_3D('',#9332,#9333,#9334);
#9332 = CARTESIAN_POINT('',(-1.,-0.8,0.));
#9333 = DIRECTION('',(-1.110223024625E-16,1.232595164408E-32,-1.));
#9334 = DIRECTION('',(1.110223024625E-16,1.,0.));
#9335 = PCURVE('',#9189,#9336);
#9336 = DEFINITIONAL_REPRESENTATION('',(#9337),#9345);
#9337 = ( BOUNDED_CURVE() B_SPLINE_CURVE(2,(#9338,#9339,#9340,#9341,
#9342,#9343,#9344),.UNSPECIFIED.,.T.,.F.) B_SPLINE_CURVE_WITH_KNOTS((1,2
    ,2,2,2,1),(-2.094395102393,0.,2.094395102393,4.188790204786,
6.28318530718,8.377580409573),.UNSPECIFIED.) CURVE() 
GEOMETRIC_REPRESENTATION_ITEM() RATIONAL_B_SPLINE_CURVE((1.,0.5,1.,0.5,
1.,0.5,1.)) REPRESENTATION_ITEM('') );
#9338 = CARTESIAN_POINT('',(0.,0.155));
#9339 = CARTESIAN_POINT('',(0.268467875173,0.155));
#9340 = CARTESIAN_POINT('',(0.134233937587,-7.75E-02));
#9341 = CARTESIAN_POINT('',(3.796405077357E-17,-0.31));
#9342 = CARTESIAN_POINT('',(-0.134233937587,-7.75E-02));
#9343 = CARTESIAN_POINT('',(-0.268467875173,0.155));
#9344 = CARTESIAN_POINT('',(0.,0.155));
#9345 = ( GEOMETRIC_REPRESENTATION_CONTEXT(2) 
PARAMETRIC_REPRESENTATION_CONTEXT() REPRESENTATION_CONTEXT('2D SPACE',''
  ) );
#9346 = PCURVE('',#9347,#9352);
#9347 = CYLINDRICAL_SURFACE('',#9348,0.155);
#9348 = AXIS2_PLACEMENT_3D('',#9349,#9350,#9351);
#9349 = CARTESIAN_POINT('',(-1.,-0.8,0.));
#9350 = DIRECTION('',(-1.110223024625E-16,1.232595164408E-32,-1.));
#9351 = DIRECTION('',(1.110223024625E-16,1.,0.));
#9352 = DEFINITIONAL_REPRESENTATION('',(#9353),#9357);
#9353 = LINE('',#9354,#9355);
#9354 = CARTESIAN_POINT('',(0.,0.));
#9355 = VECTOR('',#9356,1.);
#9356 = DIRECTION('',(1.,0.));
#9357 = ( GEOMETRIC_REPRESENTATION_CONTEXT(2) 
PARAMETRIC_REPRESENTATION_CONTEXT() REPRESENTATION_CONTEXT('2D SPACE',''
  ) );
#9358 = ADVANCED_FACE('',(#9359),#9347,.T.);
#9359 = FACE_BOUND('',#9360,.T.);
#9360 = EDGE_LOOP('',(#9361,#9384,#9385,#9386));
#9361 = ORIENTED_EDGE('',*,*,#9362,.F.);
#9362 = EDGE_CURVE('',#9327,#9363,#9365,.T.);
#9363 = VERTEX_POINT('',#9364);
#9364 = CARTESIAN_POINT('',(-1.,-0.645,-5.833333333333));
#9365 = SEAM_CURVE('',#9366,(#9370,#9377),.PCURVE_S1.);
#9366 = LINE('',#9367,#9368);
#9367 = CARTESIAN_POINT('',(-1.,-0.645,4.214856327685E-33));
#9368 = VECTOR('',#9369,1.);
#9369 = DIRECTION('',(-1.110223024625E-16,1.232595164408E-32,-1.));
#9370 = PCURVE('',#9347,#9371);
#9371 = DEFINITIONAL_REPRESENTATION('',(#9372),#9376);
#9372 = LINE('',#9373,#9374);
#9373 = CARTESIAN_POINT('',(0.,0.));
#9374 = VECTOR('',#9375,1.);
#9375 = DIRECTION('',(0.,1.));
#9376 = ( GEOMETRIC_REPRESENTATION_CONTEXT(2) 
PARAMETRIC_REPRESENTATION_CONTEXT() REPRESENTATION_CONTEXT('2D SPACE',''
  ) );
#9377 = PCURVE('',#9347,#9378);
#9378 = DEFINITIONAL_REPRESENTATION('',(#9379),#9383);
#9379 = LINE('',#9380,#9381);
#9380 = CARTESIAN_POINT('',(6.28318530718,0.));
#9381 = VECTOR('',#9382,1.);
#9382 = DIRECTION('',(0.,1.));
#9383 = ( GEOMETRIC_REPRESENTATION_CONTEXT(2) 
PARAMETRIC_REPRESENTATION_CONTEXT() REPRESENTATION_CONTEXT('2D SPACE',''
  ) );
#9384 = ORIENTED_EDGE('',*,*,#9326,.T.);
#9385 = ORIENTED_EDGE('',*,*,#9362,.T.);
#9386 = ORIENTED_EDGE('',*,*,#9387,.F.);
#9387 = EDGE_CURVE('',#9363,#9363,#9388,.T.);
#9388 = SURFACE_CURVE('',#9389,(#9394,#9401),.PCURVE_S1.);
#9389 = CIRCLE('',#9390,0.155);
#9390 = AXIS2_PLACEMENT_3D('',#9391,#9392,#9393);
#9391 = CARTESIAN_POINT('',(-1.,-0.8,-5.833333333333));
#9392 = DIRECTION('',(-1.110223024625E-16,1.110223024625E-15,-1.));
#9393 = DIRECTION('',(4.784163422067E-16,1.,1.110223024625E-15));
#9394 = PCURVE('',#9347,#9395);
#9395 = DEFINITIONAL_REPRESENTATION('',(#9396),#9400);
#9396 = LINE('',#9397,#9398);
#9397 = CARTESIAN_POINT('',(0.,5.833333333333));
#9398 = VECTOR('',#9399,1.);
#9399 = DIRECTION('',(1.,0.));
#9400 = ( GEOMETRIC_REPRESENTATION_CONTEXT(2) 
PARAMETRIC_REPRESENTATION_CONTEXT() REPRESENTATION_CONTEXT('2D SPACE',''
  ) );
#9401 = PCURVE('',#9402,#9407);
#9402 = TOROIDAL_SURFACE('',#9403,0.8,0.155);
#9403 = AXIS2_PLACEMENT_3D('',#9404,#9405,#9406);
#9404 = CARTESIAN_POINT('',(-1.,1.110223024625E-16,-5.833333333333));
#9405 = DIRECTION('',(1.,-1.110223024625E-16,-1.110223024625E-16));
#9406 = DIRECTION('',(-1.110223024625E-16,-1.,-1.110223024625E-15));
#9407 = DEFINITIONAL_REPRESENTATION('',(#9408),#9412);
#9408 = LINE('',#9409,#9410);
#9409 = CARTESIAN_POINT('',(0.,9.424777960769));
#9410 = VECTOR('',#9411,1.);
#9411 = DIRECTION('',(-0.,-1.));
#9412 = ( GEOMETRIC_REPRESENTATION_CONTEXT(2) 
PARAMETRIC_REPRESENTATION_CONTEXT() REPRESENTATION_CONTEXT('2D SPACE',''
  ) );
#9413 = ADVANCED_FACE('',(#9414),#9402,.T.);
#9414 = FACE_BOUND('',#9415,.T.);
#9415 = EDGE_LOOP('',(#9416,#9440,#9467,#9468));
#9416 = ORIENTED_EDGE('',*,*,#9417,.T.);
#9417 = EDGE_CURVE('',#9363,#9418,#9420,.T.);
#9418 = VERTEX_POINT('',#9419);
#9419 = CARTESIAN_POINT('',(-1.,0.645,-5.833333333333));
#9420 = SEAM_CURVE('',#9421,(#9426,#9433),.PCURVE_S1.);
#9421 = CIRCLE('',#9422,0.645);
#9422 = AXIS2_PLACEMENT_3D('',#9423,#9424,#9425);
#9423 = CARTESIAN_POINT('',(-1.,1.110223024625E-16,-5.833333333333));
#9424 = DIRECTION('',(1.,-1.110223024625E-16,-1.110223024625E-16));
#9425 = DIRECTION('',(-1.110223024625E-16,-1.,-1.110223024625E-15));
#9426 = PCURVE('',#9402,#9427);
#9427 = DEFINITIONAL_REPRESENTATION('',(#9428),#9432);
#9428 = LINE('',#9429,#9430);
#9429 = CARTESIAN_POINT('',(0.,3.14159265359));
#9430 = VECTOR('',#9431,1.);
#9431 = DIRECTION('',(1.,0.));
#9432 = ( GEOMETRIC_REPRESENTATION_CONTEXT(2) 
PARAMETRIC_REPRESENTATION_CONTEXT() REPRESENTATION_CONTEXT('2D SPACE',''
  ) );
#9433 = PCURVE('',#9402,#9434);
#9434 = DEFINITIONAL_REPRESENTATION('',(#9435),#9439);
#9435 = LINE('',#9436,#9437);
#9436 = CARTESIAN_POINT('',(0.,9.424777960769));
#9437 = VECTOR('',#9438,1.);
#9438 = DIRECTION('',(1.,0.));
#9439 = ( GEOMETRIC_REPRESENTATION_CONTEXT(2) 
PARAMETRIC_REPRESENTATION_CONTEXT() REPRESENTATION_CONTEXT('2D SPACE',''
  ) );
#9440 = ORIENTED_EDGE('',*,*,#9441,.T.);
#9441 = EDGE_CURVE('',#9418,#9418,#9442,.T.);
#9442 = SURFACE_CURVE('',#9443,(#9448,#9455),.PCURVE_S1.);
#9443 = CIRCLE('',#9444,0.155);
#9444 = AXIS2_PLACEMENT_3D('',#9445,#9446,#9447);
#9445 = CARTESIAN_POINT('',(-1.,0.8,-5.833333333333));
#9446 = DIRECTION('',(-1.110223024625E-16,-1.23268770454E-15,-1.));
#9447 = DIRECTION('',(1.110223024625E-16,1.,-1.23268770454E-15));
#9448 = PCURVE('',#9402,#9449);
#9449 = DEFINITIONAL_REPRESENTATION('',(#9450),#9454);
#9450 = LINE('',#9451,#9452);
#9451 = CARTESIAN_POINT('',(3.14159265359,0.));
#9452 = VECTOR('',#9453,1.);
#9453 = DIRECTION('',(0.,1.));
#9454 = ( GEOMETRIC_REPRESENTATION_CONTEXT(2) 
PARAMETRIC_REPRESENTATION_CONTEXT() REPRESENTATION_CONTEXT('2D SPACE',''
  ) );
#9455 = PCURVE('',#9456,#9461);
#9456 = CYLINDRICAL_SURFACE('',#9457,0.155);
#9457 = AXIS2_PLACEMENT_3D('',#9458,#9459,#9460);
#9458 = CARTESIAN_POINT('',(-1.,0.8,-5.833333333333));
#9459 = DIRECTION('',(1.110223024625E-16,-1.232595164408E-32,1.));
#9460 = DIRECTION('',(-1.110223024625E-16,-1.,0.));
#9461 = DEFINITIONAL_REPRESENTATION('',(#9462),#9466);
#9462 = LINE('',#9463,#9464);
#9463 = CARTESIAN_POINT('',(9.424777960769,0.));
#9464 = VECTOR('',#9465,1.);
#9465 = DIRECTION('',(-1.,-0.));
#9466 = ( GEOMETRIC_REPRESENTATION_CONTEXT(2) 
PARAMETRIC_REPRESENTATION_CONTEXT() REPRESENTATION_CONTEXT('2D SPACE',''
  ) );
#9467 = ORIENTED_EDGE('',*,*,#9417,.F.);
#9468 = ORIENTED_EDGE('',*,*,#9387,.T.);
#9469 = ADVANCED_FACE('',(#9470,#9473),#9302,.F.);
#9470 = FACE_BOUND('',#9471,.F.);
#9471 = EDGE_LOOP('',(#9472));
#9472 = ORIENTED_EDGE('',*,*,#9287,.T.);
#9473 = FACE_BOUND('',#9474,.F.);
#9474 = EDGE_LOOP('',(#9475));
#9475 = ORIENTED_EDGE('',*,*,#9476,.F.);
#9476 = EDGE_CURVE('',#9477,#9477,#9479,.T.);
#9477 = VERTEX_POINT('',#9478);
#9478 = CARTESIAN_POINT('',(-1.,0.645,0.));
#9479 = SURFACE_CURVE('',#9480,(#9485,#9496),.PCURVE_S1.);
#9480 = CIRCLE('',#9481,0.155);
#9481 = AXIS2_PLACEMENT_3D('',#9482,#9483,#9484);
#9482 = CARTESIAN_POINT('',(-1.,0.8,0.));
#9483 = DIRECTION('',(1.110223024625E-16,-1.232595164408E-32,1.));
#9484 = DIRECTION('',(-1.110223024625E-16,-1.,0.));
#9485 = PCURVE('',#9302,#9486);
#9486 = DEFINITIONAL_REPRESENTATION('',(#9487),#9495);
#9487 = ( BOUNDED_CURVE() B_SPLINE_CURVE(2,(#9488,#9489,#9490,#9491,
#9492,#9493,#9494),.UNSPECIFIED.,.T.,.F.) B_SPLINE_CURVE_WITH_KNOTS((1,2
    ,2,2,2,1),(-2.094395102393,0.,2.094395102393,4.188790204786,
6.28318530718,8.377580409573),.UNSPECIFIED.) CURVE() 
GEOMETRIC_REPRESENTATION_ITEM() RATIONAL_B_SPLINE_CURVE((1.,0.5,1.,0.5,
1.,0.5,1.)) REPRESENTATION_ITEM('') );
#9488 = CARTESIAN_POINT('',(2.465190328816E-32,-0.155));
#9489 = CARTESIAN_POINT('',(-0.268467875173,-0.155));
#9490 = CARTESIAN_POINT('',(-0.134233937587,7.75E-02));
#9491 = CARTESIAN_POINT('',(-3.796405077357E-17,0.31));
#9492 = CARTESIAN_POINT('',(0.134233937587,7.75E-02));
#9493 = CARTESIAN_POINT('',(0.268467875173,-0.155));
#9494 = CARTESIAN_POINT('',(2.465190328816E-32,-0.155));
#9495 = ( GEOMETRIC_REPRESENTATION_CONTEXT(2) 
PARAMETRIC_REPRESENTATION_CONTEXT() REPRESENTATION_CONTEXT('2D SPACE',''
  ) );
#9496 = PCURVE('',#9456,#9497);
#9497 = DEFINITIONAL_REPRESENTATION('',(#9498),#9502);
#9498 = LINE('',#9499,#9500);
#9499 = CARTESIAN_POINT('',(0.,5.833333333333));
#9500 = VECTOR('',#9501,1.);
#9501 = DIRECTION('',(1.,0.));
#9502 = ( GEOMETRIC_REPRESENTATION_CONTEXT(2) 
PARAMETRIC_REPRESENTATION_CONTEXT() REPRESENTATION_CONTEXT('2D SPACE',''
  ) );
#9503 = ADVANCED_FACE('',(#9504),#9456,.T.);
#9504 = FACE_BOUND('',#9505,.T.);
#9505 = EDGE_LOOP('',(#9506,#9527,#9528,#9529));
#9506 = ORIENTED_EDGE('',*,*,#9507,.F.);
#9507 = EDGE_CURVE('',#9418,#9477,#9508,.T.);
#9508 = SEAM_CURVE('',#9509,(#9513,#9520),.PCURVE_S1.);
#9509 = LINE('',#9510,#9511);
#9510 = CARTESIAN_POINT('',(-1.,0.645,-5.833333333333));
#9511 = VECTOR('',#9512,1.);
#9512 = DIRECTION('',(1.110223024625E-16,-1.232595164408E-32,1.));
#9513 = PCURVE('',#9456,#9514);
#9514 = DEFINITIONAL_REPRESENTATION('',(#9515),#9519);
#9515 = LINE('',#9516,#9517);
#9516 = CARTESIAN_POINT('',(0.,0.));
#9517 = VECTOR('',#9518,1.);
#9518 = DIRECTION('',(0.,1.));
#9519 = ( GEOMETRIC_REPRESENTATION_CONTEXT(2) 
PARAMETRIC_REPRESENTATION_CONTEXT() REPRESENTATION_CONTEXT('2D SPACE',''
  ) );
#9520 = PCURVE('',#9456,#9521);
#9521 = DEFINITIONAL_REPRESENTATION('',(#9522),#9526);
#9522 = LINE('',#9523,#9524);
#9523 = CARTESIAN_POINT('',(6.28318530718,0.));
#9524 = VECTOR('',#9525,1.);
#9525 = DIRECTION('',(0.,1.));
#9526 = ( GEOMETRIC_REPRESENTATION_CONTEXT(2) 
PARAMETRIC_REPRESENTATION_CONTEXT() REPRESENTATION_CONTEXT('2D SPACE',''
  ) );
#9527 = ORIENTED_EDGE('',*,*,#9441,.F.);
#9528 = ORIENTED_EDGE('',*,*,#9507,.T.);
#9529 = ORIENTED_EDGE('',*,*,#9476,.F.);
#9530 = MANIFOLD_SOLID_BREP('',#9531);
#9531 = CLOSED_SHELL('',(#9532,#9624,#9680,#9739,#9778,#9833,#9889,#9923
    ));
#9532 = ADVANCED_FACE('',(#9533),#9547,.F.);
#9533 = FACE_BOUND('',#9534,.F.);
#9534 = EDGE_LOOP('',(#9535,#9565,#9592,#9593));
#9535 = ORIENTED_EDGE('',*,*,#9536,.T.);
#9536 = EDGE_CURVE('',#9537,#9539,#9541,.T.);
#9537 = VERTEX_POINT('',#9538);
#9538 = CARTESIAN_POINT('',(1.,-1.05,0.));
#9539 = VERTEX_POINT('',#9540);
#9540 = CARTESIAN_POINT('',(1.,-1.05,-6.666666666667));
#9541 = SEAM_CURVE('',#9542,(#9546,#9558),.PCURVE_S1.);
#9542 = LINE('',#9543,#9544);
#9543 = CARTESIAN_POINT('',(1.,-1.05,4.078893220341E-33));
#9544 = VECTOR('',#9545,1.);
#9545 = DIRECTION('',(-1.110223024625E-16,1.232595164408E-32,-1.));
#9546 = PCURVE('',#9547,#9552);
#9547 = CYLINDRICAL_SURFACE('',#9548,0.15);
#9548 = AXIS2_PLACEMENT_3D('',#9549,#9550,#9551);
#9549 = CARTESIAN_POINT('',(1.,-1.2,0.));
#9550 = DIRECTION('',(-1.110223024625E-16,1.232595164408E-32,-1.));
#9551 = DIRECTION('',(1.110223024625E-16,1.,0.));
#9552 = DEFINITIONAL_REPRESENTATION('',(#9553),#9557);
#9553 = LINE('',#9554,#9555);
#9554 = CARTESIAN_POINT('',(6.28318530718,0.));
#9555 = VECTOR('',#9556,1.);
#9556 = DIRECTION('',(0.,1.));
#9557 = ( GEOMETRIC_REPRESENTATION_CONTEXT(2) 
PARAMETRIC_REPRESENTATION_CONTEXT() REPRESENTATION_CONTEXT('2D SPACE',''
  ) );
#9558 = PCURVE('',#9547,#9559);
#9559 = DEFINITIONAL_REPRESENTATION('',(#9560),#9564);
#9560 = LINE('',#9561,#9562);
#9561 = CARTESIAN_POINT('',(0.,0.));
#9562 = VECTOR('',#9563,1.);
#9563 = DIRECTION('',(0.,1.));
#9564 = ( GEOMETRIC_REPRESENTATION_CONTEXT(2) 
PARAMETRIC_REPRESENTATION_CONTEXT() REPRESENTATION_CONTEXT('2D SPACE',''
  ) );
#9565 = ORIENTED_EDGE('',*,*,#9566,.F.);
#9566 = EDGE_CURVE('',#9539,#9539,#9567,.T.);
#9567 = SURFACE_CURVE('',#9568,(#9573,#9580),.PCURVE_S1.);
#9568 = CIRCLE('',#9569,0.15);
#9569 = AXIS2_PLACEMENT_3D('',#9570,#9571,#9572);
#9570 = CARTESIAN_POINT('',(1.,-1.2,-6.666666666667));
#9571 = DIRECTION('',(-1.110223024625E-16,1.232595164408E-32,-1.));
#9572 = DIRECTION('',(1.110223024625E-16,1.,0.));
#9573 = PCURVE('',#9547,#9574);
#9574 = DEFINITIONAL_REPRESENTATION('',(#9575),#9579);
#9575 = LINE('',#9576,#9577);
#9576 = CARTESIAN_POINT('',(0.,6.666666666667));
#9577 = VECTOR('',#9578,1.);
#9578 = DIRECTION('',(1.,0.));
#9579 = ( GEOMETRIC_REPRESENTATION_CONTEXT(2) 
PARAMETRIC_REPRESENTATION_CONTEXT() REPRESENTATION_CONTEXT('2D SPACE',''
  ) );
#9580 = PCURVE('',#9581,#9586);
#9581 = TOROIDAL_SURFACE('',#9582,1.2,0.15);
#9582 = AXIS2_PLACEMENT_3D('',#9583,#9584,#9585);
#9583 = CARTESIAN_POINT('',(1.,0.,-6.666666666667));
#9584 = DIRECTION('',(1.,-1.110223024625E-16,-1.110223024625E-16));
#9585 = DIRECTION('',(-1.110223024625E-16,-1.,0.));
#9586 = DEFINITIONAL_REPRESENTATION('',(#9587),#9591);
#9587 = LINE('',#9588,#9589);
#9588 = CARTESIAN_POINT('',(0.,9.424777960769));
#9589 = VECTOR('',#9590,1.);
#9590 = DIRECTION('',(-0.,-1.));
#9591 = ( GEOMETRIC_REPRESENTATION_CONTEXT(2) 
PARAMETRIC_REPRESENTATION_CONTEXT() REPRESENTATION_CONTEXT('2D SPACE',''
  ) );
#9592 = ORIENTED_EDGE('',*,*,#9536,.F.);
#9593 = ORIENTED_EDGE('',*,*,#9594,.T.);
#9594 = EDGE_CURVE('',#9537,#9537,#9595,.T.);
#9595 = SURFACE_CURVE('',#9596,(#9601,#9608),.PCURVE_S1.);
#9596 = CIRCLE('',#9597,0.15);
#9597 = AXIS2_PLACEMENT_3D('',#9598,#9599,#9600);
#9598 = CARTESIAN_POINT('',(1.,-1.2,0.));
#9599 = DIRECTION('',(-1.110223024625E-16,1.232595164408E-32,-1.));
#9600 = DIRECTION('',(1.110223024625E-16,1.,0.));
#9601 = PCURVE('',#9547,#9602);
#9602 = DEFINITIONAL_REPRESENTATION('',(#9603),#9607);
#9603 = LINE('',#9604,#9605);
#9604 = CARTESIAN_POINT('',(0.,0.));
#9605 = VECTOR('',#9606,1.);
#9606 = DIRECTION('',(1.,0.));
#9607 = ( GEOMETRIC_REPRESENTATION_CONTEXT(2) 
PARAMETRIC_REPRESENTATION_CONTEXT() REPRESENTATION_CONTEXT('2D SPACE',''
  ) );
#9608 = PCURVE('',#9609,#9614);
#9609 = PLANE('',#9610);
#9610 = AXIS2_PLACEMENT_3D('',#9611,#9612,#9613);
#9611 = CARTESIAN_POINT('',(1.,-1.2,-3.08572171572E-34));
#9612 = DIRECTION('',(1.110223024625E-16,-1.232595164408E-32,1.));
#9613 = DIRECTION('',(1.,-1.110223024625E-16,-1.110223024625E-16));
#9614 = DEFINITIONAL_REPRESENTATION('',(#9615),#9623);
#9615 = ( BOUNDED_CURVE() B_SPLINE_CURVE(2,(#9616,#9617,#9618,#9619,
#9620,#9621,#9622),.UNSPECIFIED.,.T.,.F.) B_SPLINE_CURVE_WITH_KNOTS((1,2
    ,2,2,2,1),(-2.094395102393,0.,2.094395102393,4.188790204786,
6.28318530718,8.377580409573),.UNSPECIFIED.) CURVE() 
GEOMETRIC_REPRESENTATION_ITEM() RATIONAL_B_SPLINE_CURVE((1.,0.5,1.,0.5,
1.,0.5,1.)) REPRESENTATION_ITEM('') );
#9616 = CARTESIAN_POINT('',(0.,0.15));
#9617 = CARTESIAN_POINT('',(0.259807621135,0.15));
#9618 = CARTESIAN_POINT('',(0.129903810568,-7.5E-02));
#9619 = CARTESIAN_POINT('',(3.673940397442E-17,-0.3));
#9620 = CARTESIAN_POINT('',(-0.129903810568,-7.5E-02));
#9621 = CARTESIAN_POINT('',(-0.259807621135,0.15));
#9622 = CARTESIAN_POINT('',(0.,0.15));
#9623 = ( GEOMETRIC_REPRESENTATION_CONTEXT(2) 
PARAMETRIC_REPRESENTATION_CONTEXT() REPRESENTATION_CONTEXT('2D SPACE',''
  ) );
#9624 = ADVANCED_FACE('',(#9625),#9581,.F.);
#9625 = FACE_BOUND('',#9626,.F.);
#9626 = EDGE_LOOP('',(#9627,#9651,#9678,#9679));
#9627 = ORIENTED_EDGE('',*,*,#9628,.T.);
#9628 = EDGE_CURVE('',#9539,#9629,#9631,.T.);
#9629 = VERTEX_POINT('',#9630);
#9630 = CARTESIAN_POINT('',(1.,1.05,-6.666666666667));
#9631 = SEAM_CURVE('',#9632,(#9637,#9644),.PCURVE_S1.);
#9632 = CIRCLE('',#9633,1.05);
#9633 = AXIS2_PLACEMENT_3D('',#9634,#9635,#9636);
#9634 = CARTESIAN_POINT('',(1.,0.,-6.666666666667));
#9635 = DIRECTION('',(1.,-1.110223024625E-16,-1.110223024625E-16));
#9636 = DIRECTION('',(-1.110223024625E-16,-1.,0.));
#9637 = PCURVE('',#9581,#9638);
#9638 = DEFINITIONAL_REPRESENTATION('',(#9639),#9643);
#9639 = LINE('',#9640,#9641);
#9640 = CARTESIAN_POINT('',(0.,3.14159265359));
#9641 = VECTOR('',#9642,1.);
#9642 = DIRECTION('',(1.,0.));
#9643 = ( GEOMETRIC_REPRESENTATION_CONTEXT(2) 
PARAMETRIC_REPRESENTATION_CONTEXT() REPRESENTATION_CONTEXT('2D SPACE',''
  ) );
#9644 = PCURVE('',#9581,#9645);
#9645 = DEFINITIONAL_REPRESENTATION('',(#9646),#9650);
#9646 = LINE('',#9647,#9648);
#9647 = CARTESIAN_POINT('',(0.,9.424777960769));
#9648 = VECTOR('',#9649,1.);
#9649 = DIRECTION('',(1.,0.));
#9650 = ( GEOMETRIC_REPRESENTATION_CONTEXT(2) 
PARAMETRIC_REPRESENTATION_CONTEXT() REPRESENTATION_CONTEXT('2D SPACE',''
  ) );
#9651 = ORIENTED_EDGE('',*,*,#9652,.T.);
#9652 = EDGE_CURVE('',#9629,#9629,#9653,.T.);
#9653 = SURFACE_CURVE('',#9654,(#9659,#9666),.PCURVE_S1.);
#9654 = CIRCLE('',#9655,0.15);
#9655 = AXIS2_PLACEMENT_3D('',#9656,#9657,#9658);
#9656 = CARTESIAN_POINT('',(1.,1.2,-6.666666666667));
#9657 = DIRECTION('',(-1.110223024625E-16,-1.224646799147E-16,-1.));
#9658 = DIRECTION('',(1.110223024625E-16,1.,-1.224646799147E-16));
#9659 = PCURVE('',#9581,#9660);
#9660 = DEFINITIONAL_REPRESENTATION('',(#9661),#9665);
#9661 = LINE('',#9662,#9663);
#9662 = CARTESIAN_POINT('',(3.14159265359,0.));
#9663 = VECTOR('',#9664,1.);
#9664 = DIRECTION('',(0.,1.));
#9665 = ( GEOMETRIC_REPRESENTATION_CONTEXT(2) 
PARAMETRIC_REPRESENTATION_CONTEXT() REPRESENTATION_CONTEXT('2D SPACE',''
  ) );
#9666 = PCURVE('',#9667,#9672);
#9667 = CYLINDRICAL_SURFACE('',#9668,0.15);
#9668 = AXIS2_PLACEMENT_3D('',#9669,#9670,#9671);
#9669 = CARTESIAN_POINT('',(1.,1.2,-6.666666666667));
#9670 = DIRECTION('',(1.110223024625E-16,-1.232595164408E-32,1.));
#9671 = DIRECTION('',(-1.110223024625E-16,-1.,0.));
#9672 = DEFINITIONAL_REPRESENTATION('',(#9673),#9677);
#9673 = LINE('',#9674,#9675);
#9674 = CARTESIAN_POINT('',(9.424777960769,0.));
#9675 = VECTOR('',#9676,1.);
#9676 = DIRECTION('',(-1.,-0.));
#9677 = ( GEOMETRIC_REPRESENTATION_CONTEXT(2) 
PARAMETRIC_REPRESENTATION_CONTEXT() REPRESENTATION_CONTEXT('2D SPACE',''
  ) );
#9678 = ORIENTED_EDGE('',*,*,#9628,.F.);
#9679 = ORIENTED_EDGE('',*,*,#9566,.T.);
#9680 = ADVANCED_FACE('',(#9681),#9667,.F.);
#9681 = FACE_BOUND('',#9682,.F.);
#9682 = EDGE_LOOP('',(#9683,#9706,#9737,#9738));
#9683 = ORIENTED_EDGE('',*,*,#9684,.T.);
#9684 = EDGE_CURVE('',#9629,#9685,#9687,.T.);
#9685 = VERTEX_POINT('',#9686);
#9686 = CARTESIAN_POINT('',(1.,1.05,0.));
#9687 = SEAM_CURVE('',#9688,(#9692,#9699),.PCURVE_S1.);
#9688 = LINE('',#9689,#9690);
#9689 = CARTESIAN_POINT('',(1.,1.05,-6.666666666667));
#9690 = VECTOR('',#9691,1.);
#9691 = DIRECTION('',(1.110223024625E-16,-1.232595164408E-32,1.));
#9692 = PCURVE('',#9667,#9693);
#9693 = DEFINITIONAL_REPRESENTATION('',(#9694),#9698);
#9694 = LINE('',#9695,#9696);
#9695 = CARTESIAN_POINT('',(6.28318530718,0.));
#9696 = VECTOR('',#9697,1.);
#9697 = DIRECTION('',(0.,1.));
#9698 = ( GEOMETRIC_REPRESENTATION_CONTEXT(2) 
PARAMETRIC_REPRESENTATION_CONTEXT() REPRESENTATION_CONTEXT('2D SPACE',''
  ) );
#9699 = PCURVE('',#9667,#9700);
#9700 = DEFINITIONAL_REPRESENTATION('',(#9701),#9705);
#9701 = LINE('',#9702,#9703);
#9702 = CARTESIAN_POINT('',(0.,0.));
#9703 = VECTOR('',#9704,1.);
#9704 = DIRECTION('',(0.,1.));
#9705 = ( GEOMETRIC_REPRESENTATION_CONTEXT(2) 
PARAMETRIC_REPRESENTATION_CONTEXT() REPRESENTATION_CONTEXT('2D SPACE',''
  ) );
#9706 = ORIENTED_EDGE('',*,*,#9707,.F.);
#9707 = EDGE_CURVE('',#9685,#9685,#9708,.T.);
#9708 = SURFACE_CURVE('',#9709,(#9714,#9721),.PCURVE_S1.);
#9709 = CIRCLE('',#9710,0.15);
#9710 = AXIS2_PLACEMENT_3D('',#9711,#9712,#9713);
#9711 = CARTESIAN_POINT('',(1.,1.2,0.));
#9712 = DIRECTION('',(1.110223024625E-16,-1.232595164408E-32,1.));
#9713 = DIRECTION('',(-1.110223024625E-16,-1.,0.));
#9714 = PCURVE('',#9667,#9715);
#9715 = DEFINITIONAL_REPRESENTATION('',(#9716),#9720);
#9716 = LINE('',#9717,#9718);
#9717 = CARTESIAN_POINT('',(0.,6.666666666667));
#9718 = VECTOR('',#9719,1.);
#9719 = DIRECTION('',(1.,0.));
#9720 = ( GEOMETRIC_REPRESENTATION_CONTEXT(2) 
PARAMETRIC_REPRESENTATION_CONTEXT() REPRESENTATION_CONTEXT('2D SPACE',''
  ) );
#9721 = PCURVE('',#9722,#9727);
#9722 = PLANE('',#9723);
#9723 = AXIS2_PLACEMENT_3D('',#9724,#9725,#9726);
#9724 = CARTESIAN_POINT('',(1.,1.2,-1.296959879867E-33));
#9725 = DIRECTION('',(-1.110223024625E-16,1.232595164408E-32,-1.));
#9726 = DIRECTION('',(-1.,1.110223024625E-16,1.110223024625E-16));
#9727 = DEFINITIONAL_REPRESENTATION('',(#9728),#9736);
#9728 = ( BOUNDED_CURVE() B_SPLINE_CURVE(2,(#9729,#9730,#9731,#9732,
#9733,#9734,#9735),.UNSPECIFIED.,.T.,.F.) B_SPLINE_CURVE_WITH_KNOTS((1,2
    ,2,2,2,1),(-2.094395102393,0.,2.094395102393,4.188790204786,
6.28318530718,8.377580409573),.UNSPECIFIED.) CURVE() 
GEOMETRIC_REPRESENTATION_ITEM() RATIONAL_B_SPLINE_CURVE((1.,0.5,1.,0.5,
1.,0.5,1.)) REPRESENTATION_ITEM('') );
#9729 = CARTESIAN_POINT('',(4.930380657631E-32,-0.15));
#9730 = CARTESIAN_POINT('',(-0.259807621135,-0.15));
#9731 = CARTESIAN_POINT('',(-0.129903810568,7.5E-02));
#9732 = CARTESIAN_POINT('',(-3.673940397442E-17,0.3));
#9733 = CARTESIAN_POINT('',(0.129903810568,7.5E-02));
#9734 = CARTESIAN_POINT('',(0.259807621135,-0.15));
#9735 = CARTESIAN_POINT('',(4.930380657631E-32,-0.15));
#9736 = ( GEOMETRIC_REPRESENTATION_CONTEXT(2) 
PARAMETRIC_REPRESENTATION_CONTEXT() REPRESENTATION_CONTEXT('2D SPACE',''
  ) );
#9737 = ORIENTED_EDGE('',*,*,#9684,.F.);
#9738 = ORIENTED_EDGE('',*,*,#9652,.F.);
#9739 = ADVANCED_FACE('',(#9740,#9743),#9609,.T.);
#9740 = FACE_BOUND('',#9741,.T.);
#9741 = EDGE_LOOP('',(#9742));
#9742 = ORIENTED_EDGE('',*,*,#9594,.T.);
#9743 = FACE_BOUND('',#9744,.T.);
#9744 = EDGE_LOOP('',(#9745));
#9745 = ORIENTED_EDGE('',*,*,#9746,.F.);
#9746 = EDGE_CURVE('',#9747,#9747,#9749,.T.);
#9747 = VERTEX_POINT('',#9748);
#9748 = CARTESIAN_POINT('',(1.,-1.045,4.214856327685E-33));
#9749 = SURFACE_CURVE('',#9750,(#9755,#9766),.PCURVE_S1.);
#9750 = CIRCLE('',#9751,0.155);
#9751 = AXIS2_PLACEMENT_3D('',#9752,#9753,#9754);
#9752 = CARTESIAN_POINT('',(1.,-1.2,0.));
#9753 = DIRECTION('',(-1.110223024625E-16,1.232595164408E-32,-1.));
#9754 = DIRECTION('',(1.110223024625E-16,1.,0.));
#9755 = PCURVE('',#9609,#9756);
#9756 = DEFINITIONAL_REPRESENTATION('',(#9757),#9765);
#9757 = ( BOUNDED_CURVE() B_SPLINE_CURVE(2,(#9758,#9759,#9760,#9761,
#9762,#9763,#9764),.UNSPECIFIED.,.T.,.F.) B_SPLINE_CURVE_WITH_KNOTS((1,2
    ,2,2,2,1),(-2.094395102393,0.,2.094395102393,4.188790204786,
6.28318530718,8.377580409573),.UNSPECIFIED.) CURVE() 
GEOMETRIC_REPRESENTATION_ITEM() RATIONAL_B_SPLINE_CURVE((1.,0.5,1.,0.5,
1.,0.5,1.)) REPRESENTATION_ITEM('') );
#9758 = CARTESIAN_POINT('',(0.,0.155));
#9759 = CARTESIAN_POINT('',(0.268467875173,0.155));
#9760 = CARTESIAN_POINT('',(0.134233937587,-7.75E-02));
#9761 = CARTESIAN_POINT('',(3.796405077357E-17,-0.31));
#9762 = CARTESIAN_POINT('',(-0.134233937587,-7.75E-02));
#9763 = CARTESIAN_POINT('',(-0.268467875173,0.155));
#9764 = CARTESIAN_POINT('',(0.,0.155));
#9765 = ( GEOMETRIC_REPRESENTATION_CONTEXT(2) 
PARAMETRIC_REPRESENTATION_CONTEXT() REPRESENTATION_CONTEXT('2D SPACE',''
  ) );
#9766 = PCURVE('',#9767,#9772);
#9767 = CYLINDRICAL_SURFACE('',#9768,0.155);
#9768 = AXIS2_PLACEMENT_3D('',#9769,#9770,#9771);
#9769 = CARTESIAN_POINT('',(1.,-1.2,0.));
#9770 = DIRECTION('',(-1.110223024625E-16,1.232595164408E-32,-1.));
#9771 = DIRECTION('',(1.110223024625E-16,1.,0.));
#9772 = DEFINITIONAL_REPRESENTATION('',(#9773),#9777);
#9773 = LINE('',#9774,#9775);
#9774 = CARTESIAN_POINT('',(0.,0.));
#9775 = VECTOR('',#9776,1.);
#9776 = DIRECTION('',(1.,0.));
#9777 = ( GEOMETRIC_REPRESENTATION_CONTEXT(2) 
PARAMETRIC_REPRESENTATION_CONTEXT() REPRESENTATION_CONTEXT('2D SPACE',''
  ) );
#9778 = ADVANCED_FACE('',(#9779),#9767,.T.);
#9779 = FACE_BOUND('',#9780,.T.);
#9780 = EDGE_LOOP('',(#9781,#9804,#9805,#9806));
#9781 = ORIENTED_EDGE('',*,*,#9782,.F.);
#9782 = EDGE_CURVE('',#9747,#9783,#9785,.T.);
#9783 = VERTEX_POINT('',#9784);
#9784 = CARTESIAN_POINT('',(1.,-1.045,-6.666666666667));
#9785 = SEAM_CURVE('',#9786,(#9790,#9797),.PCURVE_S1.);
#9786 = LINE('',#9787,#9788);
#9787 = CARTESIAN_POINT('',(1.,-1.045,4.214856327685E-33));
#9788 = VECTOR('',#9789,1.);
#9789 = DIRECTION('',(-1.110223024625E-16,1.232595164408E-32,-1.));
#9790 = PCURVE('',#9767,#9791);
#9791 = DEFINITIONAL_REPRESENTATION('',(#9792),#9796);
#9792 = LINE('',#9793,#9794);
#9793 = CARTESIAN_POINT('',(0.,0.));
#9794 = VECTOR('',#9795,1.);
#9795 = DIRECTION('',(0.,1.));
#9796 = ( GEOMETRIC_REPRESENTATION_CONTEXT(2) 
PARAMETRIC_REPRESENTATION_CONTEXT() REPRESENTATION_CONTEXT('2D SPACE',''
  ) );
#9797 = PCURVE('',#9767,#9798);
#9798 = DEFINITIONAL_REPRESENTATION('',(#9799),#9803);
#9799 = LINE('',#9800,#9801);
#9800 = CARTESIAN_POINT('',(6.28318530718,0.));
#9801 = VECTOR('',#9802,1.);
#9802 = DIRECTION('',(0.,1.));
#9803 = ( GEOMETRIC_REPRESENTATION_CONTEXT(2) 
PARAMETRIC_REPRESENTATION_CONTEXT() REPRESENTATION_CONTEXT('2D SPACE',''
  ) );
#9804 = ORIENTED_EDGE('',*,*,#9746,.T.);
#9805 = ORIENTED_EDGE('',*,*,#9782,.T.);
#9806 = ORIENTED_EDGE('',*,*,#9807,.F.);
#9807 = EDGE_CURVE('',#9783,#9783,#9808,.T.);
#9808 = SURFACE_CURVE('',#9809,(#9814,#9821),.PCURVE_S1.);
#9809 = CIRCLE('',#9810,0.155);
#9810 = AXIS2_PLACEMENT_3D('',#9811,#9812,#9813);
#9811 = CARTESIAN_POINT('',(1.,-1.2,-6.666666666667));
#9812 = DIRECTION('',(-1.110223024625E-16,1.232595164408E-32,-1.));
#9813 = DIRECTION('',(4.784163422067E-16,1.,-4.078893220341E-32));
#9814 = PCURVE('',#9767,#9815);
#9815 = DEFINITIONAL_REPRESENTATION('',(#9816),#9820);
#9816 = LINE('',#9817,#9818);
#9817 = CARTESIAN_POINT('',(0.,6.666666666667));
#9818 = VECTOR('',#9819,1.);
#9819 = DIRECTION('',(1.,0.));
#9820 = ( GEOMETRIC_REPRESENTATION_CONTEXT(2) 
PARAMETRIC_REPRESENTATION_CONTEXT() REPRESENTATION_CONTEXT('2D SPACE',''
  ) );
#9821 = PCURVE('',#9822,#9827);
#9822 = TOROIDAL_SURFACE('',#9823,1.2,0.155);
#9823 = AXIS2_PLACEMENT_3D('',#9824,#9825,#9826);
#9824 = CARTESIAN_POINT('',(1.,0.,-6.666666666667));
#9825 = DIRECTION('',(1.,-1.110223024625E-16,-1.110223024625E-16));
#9826 = DIRECTION('',(-1.110223024625E-16,-1.,0.));
#9827 = DEFINITIONAL_REPRESENTATION('',(#9828),#9832);
#9828 = LINE('',#9829,#9830);
#9829 = CARTESIAN_POINT('',(0.,9.424777960769));
#9830 = VECTOR('',#9831,1.);
#9831 = DIRECTION('',(-0.,-1.));
#9832 = ( GEOMETRIC_REPRESENTATION_CONTEXT(2) 
PARAMETRIC_REPRESENTATION_CONTEXT() REPRESENTATION_CONTEXT('2D SPACE',''
  ) );
#9833 = ADVANCED_FACE('',(#9834),#9822,.T.);
#9834 = FACE_BOUND('',#9835,.T.);
#9835 = EDGE_LOOP('',(#9836,#9860,#9887,#9888));
#9836 = ORIENTED_EDGE('',*,*,#9837,.T.);
#9837 = EDGE_CURVE('',#9783,#9838,#9840,.T.);
#9838 = VERTEX_POINT('',#9839);
#9839 = CARTESIAN_POINT('',(1.,1.045,-6.666666666667));
#9840 = SEAM_CURVE('',#9841,(#9846,#9853),.PCURVE_S1.);
#9841 = CIRCLE('',#9842,1.045);
#9842 = AXIS2_PLACEMENT_3D('',#9843,#9844,#9845);
#9843 = CARTESIAN_POINT('',(1.,-2.107428163843E-33,-6.666666666667));
#9844 = DIRECTION('',(1.,-1.110223024625E-16,-1.110223024625E-16));
#9845 = DIRECTION('',(-1.110223024625E-16,-1.,0.));
#9846 = PCURVE('',#9822,#9847);
#9847 = DEFINITIONAL_REPRESENTATION('',(#9848),#9852);
#9848 = LINE('',#9849,#9850);
#9849 = CARTESIAN_POINT('',(0.,3.14159265359));
#9850 = VECTOR('',#9851,1.);
#9851 = DIRECTION('',(1.,0.));
#9852 = ( GEOMETRIC_REPRESENTATION_CONTEXT(2) 
PARAMETRIC_REPRESENTATION_CONTEXT() REPRESENTATION_CONTEXT('2D SPACE',''
  ) );
#9853 = PCURVE('',#9822,#9854);
#9854 = DEFINITIONAL_REPRESENTATION('',(#9855),#9859);
#9855 = LINE('',#9856,#9857);
#9856 = CARTESIAN_POINT('',(0.,9.424777960769));
#9857 = VECTOR('',#9858,1.);
#9858 = DIRECTION('',(1.,0.));
#9859 = ( GEOMETRIC_REPRESENTATION_CONTEXT(2) 
PARAMETRIC_REPRESENTATION_CONTEXT() REPRESENTATION_CONTEXT('2D SPACE',''
  ) );
#9860 = ORIENTED_EDGE('',*,*,#9861,.T.);
#9861 = EDGE_CURVE('',#9838,#9838,#9862,.T.);
#9862 = SURFACE_CURVE('',#9863,(#9868,#9875),.PCURVE_S1.);
#9863 = CIRCLE('',#9864,0.155);
#9864 = AXIS2_PLACEMENT_3D('',#9865,#9866,#9867);
#9865 = CARTESIAN_POINT('',(1.,1.2,-6.666666666667));
#9866 = DIRECTION('',(-1.110223024625E-16,-1.224646799147E-16,-1.));
#9867 = DIRECTION('',(1.110223024625E-16,1.,-1.224646799147E-16));
#9868 = PCURVE('',#9822,#9869);
#9869 = DEFINITIONAL_REPRESENTATION('',(#9870),#9874);
#9870 = LINE('',#9871,#9872);
#9871 = CARTESIAN_POINT('',(3.14159265359,0.));
#9872 = VECTOR('',#9873,1.);
#9873 = DIRECTION('',(0.,1.));
#9874 = ( GEOMETRIC_REPRESENTATION_CONTEXT(2) 
PARAMETRIC_REPRESENTATION_CONTEXT() REPRESENTATION_CONTEXT('2D SPACE',''
  ) );
#9875 = PCURVE('',#9876,#9881);
#9876 = CYLINDRICAL_SURFACE('',#9877,0.155);
#9877 = AXIS2_PLACEMENT_3D('',#9878,#9879,#9880);
#9878 = CARTESIAN_POINT('',(1.,1.2,-6.666666666667));
#9879 = DIRECTION('',(1.110223024625E-16,-1.232595164408E-32,1.));
#9880 = DIRECTION('',(-1.110223024625E-16,-1.,0.));
#9881 = DEFINITIONAL_REPRESENTATION('',(#9882),#9886);
#9882 = LINE('',#9883,#9884);
#9883 = CARTESIAN_POINT('',(9.424777960769,0.));
#9884 = VECTOR('',#9885,1.);
#9885 = DIRECTION('',(-1.,-0.));
#9886 = ( GEOMETRIC_REPRESENTATION_CONTEXT(2) 
PARAMETRIC_REPRESENTATION_CONTEXT() REPRESENTATION_CONTEXT('2D SPACE',''
  ) );
#9887 = ORIENTED_EDGE('',*,*,#9837,.F.);
#9888 = ORIENTED_EDGE('',*,*,#9807,.T.);
#9889 = ADVANCED_FACE('',(#9890,#9893),#9722,.F.);
#9890 = FACE_BOUND('',#9891,.F.);
#9891 = EDGE_LOOP('',(#9892));
#9892 = ORIENTED_EDGE('',*,*,#9707,.T.);
#9893 = FACE_BOUND('',#9894,.F.);
#9894 = EDGE_LOOP('',(#9895));
#9895 = ORIENTED_EDGE('',*,*,#9896,.F.);
#9896 = EDGE_CURVE('',#9897,#9897,#9899,.T.);
#9897 = VERTEX_POINT('',#9898);
#9898 = CARTESIAN_POINT('',(1.,1.045,0.));
#9899 = SURFACE_CURVE('',#9900,(#9905,#9916),.PCURVE_S1.);
#9900 = CIRCLE('',#9901,0.155);
#9901 = AXIS2_PLACEMENT_3D('',#9902,#9903,#9904);
#9902 = CARTESIAN_POINT('',(1.,1.2,0.));
#9903 = DIRECTION('',(1.110223024625E-16,-1.232595164408E-32,1.));
#9904 = DIRECTION('',(-1.110223024625E-16,-1.,0.));
#9905 = PCURVE('',#9722,#9906);
#9906 = DEFINITIONAL_REPRESENTATION('',(#9907),#9915);
#9907 = ( BOUNDED_CURVE() B_SPLINE_CURVE(2,(#9908,#9909,#9910,#9911,
#9912,#9913,#9914),.UNSPECIFIED.,.T.,.F.) B_SPLINE_CURVE_WITH_KNOTS((1,2
    ,2,2,2,1),(-2.094395102393,0.,2.094395102393,4.188790204786,
6.28318530718,8.377580409573),.UNSPECIFIED.) CURVE() 
GEOMETRIC_REPRESENTATION_ITEM() RATIONAL_B_SPLINE_CURVE((1.,0.5,1.,0.5,
1.,0.5,1.)) REPRESENTATION_ITEM('') );
#9908 = CARTESIAN_POINT('',(4.930380657631E-32,-0.155));
#9909 = CARTESIAN_POINT('',(-0.268467875173,-0.155));
#9910 = CARTESIAN_POINT('',(-0.134233937587,7.75E-02));
#9911 = CARTESIAN_POINT('',(-3.796405077357E-17,0.31));
#9912 = CARTESIAN_POINT('',(0.134233937587,7.75E-02));
#9913 = CARTESIAN_POINT('',(0.268467875173,-0.155));
#9914 = CARTESIAN_POINT('',(4.930380657631E-32,-0.155));
#9915 = ( GEOMETRIC_REPRESENTATION_CONTEXT(2) 
PARAMETRIC_REPRESENTATION_CONTEXT() REPRESENTATION_CONTEXT('2D SPACE',''
  ) );
#9916 = PCURVE('',#9876,#9917);
#9917 = DEFINITIONAL_REPRESENTATION('',(#9918),#9922);
#9918 = LINE('',#9919,#9920);
#9919 = CARTESIAN_POINT('',(0.,6.666666666667));
#9920 = VECTOR('',#9921,1.);
#9921 = DIRECTION('',(1.,0.));
#9922 = ( GEOMETRIC_REPRESENTATION_CONTEXT(2) 
PARAMETRIC_REPRESENTATION_CONTEXT() REPRESENTATION_CONTEXT('2D SPACE',''
  ) );
#9923 = ADVANCED_FACE('',(#9924),#9876,.T.);
#9924 = FACE_BOUND('',#9925,.T.);
#9925 = EDGE_LOOP('',(#9926,#9947,#9948,#9949));
#9926 = ORIENTED_EDGE('',*,*,#9927,.F.);
#9927 = EDGE_CURVE('',#9838,#9897,#9928,.T.);
#9928 = SEAM_CURVE('',#9929,(#9933,#9940),.PCURVE_S1.);
#9929 = LINE('',#9930,#9931);
#9930 = CARTESIAN_POINT('',(1.,1.045,-6.666666666667));
#9931 = VECTOR('',#9932,1.);
#9932 = DIRECTION('',(1.110223024625E-16,-1.232595164408E-32,1.));
#9933 = PCURVE('',#9876,#9934);
#9934 = DEFINITIONAL_REPRESENTATION('',(#9935),#9939);
#9935 = LINE('',#9936,#9937);
#9936 = CARTESIAN_POINT('',(0.,0.));
#9937 = VECTOR('',#9938,1.);
#9938 = DIRECTION('',(0.,1.));
#9939 = ( GEOMETRIC_REPRESENTATION_CONTEXT(2) 
PARAMETRIC_REPRESENTATION_CONTEXT() REPRESENTATION_CONTEXT('2D SPACE',''
  ) );
#9940 = PCURVE('',#9876,#9941);
#9941 = DEFINITIONAL_REPRESENTATION('',(#9942),#9946);
#9942 = LINE('',#9943,#9944);
#9943 = CARTESIAN_POINT('',(6.28318530718,0.));
#9944 = VECTOR('',#9945,1.);
#9945 = DIRECTION('',(0.,1.));
#9946 = ( GEOMETRIC_REPRESENTATION_CONTEXT(2) 
PARAMETRIC_REPRESENTATION_CONTEXT() REPRESENTATION_CONTEXT('2D SPACE',''
  ) );
#9947 = ORIENTED_EDGE('',*,*,#9861,.F.);
#9948 = ORIENTED_EDGE('',*,*,#9927,.T.);
#9949 = ORIENTED_EDGE('',*,*,#9896,.F.);
#9950 = MANIFOLD_SOLID_BREP('',#9951);
#9951 = CLOSED_SHELL('',(#9952,#10044,#10100,#10159,#10198,#10253,#10309
    ,#10343));
#9952 = ADVANCED_FACE('',(#9953),#9967,.F.);
#9953 = FACE_BOUND('',#9954,.F.);
#9954 = EDGE_LOOP('',(#9955,#9985,#10012,#10013));
#9955 = ORIENTED_EDGE('',*,*,#9956,.T.);
#9956 = EDGE_CURVE('',#9957,#9959,#9961,.T.);
#9957 = VERTEX_POINT('',#9958);
#9958 = CARTESIAN_POINT('',(-1.,-1.05,0.));
#9959 = VERTEX_POINT('',#9960);
#9960 = CARTESIAN_POINT('',(-1.,-1.05,-6.666666666667));
#9961 = SEAM_CURVE('',#9962,(#9966,#9978),.PCURVE_S1.);
#9962 = LINE('',#9963,#9964);
#9963 = CARTESIAN_POINT('',(-1.,-1.05,4.078893220341E-33));
#9964 = VECTOR('',#9965,1.);
#9965 = DIRECTION('',(-1.110223024625E-16,1.232595164408E-32,-1.));
#9966 = PCURVE('',#9967,#9972);
#9967 = CYLINDRICAL_SURFACE('',#9968,0.15);
#9968 = AXIS2_PLACEMENT_3D('',#9969,#9970,#9971);
#9969 = CARTESIAN_POINT('',(-1.,-1.2,0.));
#9970 = DIRECTION('',(-1.110223024625E-16,1.232595164408E-32,-1.));
#9971 = DIRECTION('',(1.110223024625E-16,1.,0.));
#9972 = DEFINITIONAL_REPRESENTATION('',(#9973),#9977);
#9973 = LINE('',#9974,#9975);
#9974 = CARTESIAN_POINT('',(6.28318530718,0.));
#9975 = VECTOR('',#9976,1.);
#9976 = DIRECTION('',(0.,1.));
#9977 = ( GEOMETRIC_REPRESENTATION_CONTEXT(2) 
PARAMETRIC_REPRESENTATION_CONTEXT() REPRESENTATION_CONTEXT('2D SPACE',''
  ) );
#9978 = PCURVE('',#9967,#9979);
#9979 = DEFINITIONAL_REPRESENTATION('',(#9980),#9984);
#9980 = LINE('',#9981,#9982);
#9981 = CARTESIAN_POINT('',(0.,0.));
#9982 = VECTOR('',#9983,1.);
#9983 = DIRECTION('',(0.,1.));
#9984 = ( GEOMETRIC_REPRESENTATION_CONTEXT(2) 
PARAMETRIC_REPRESENTATION_CONTEXT() REPRESENTATION_CONTEXT('2D SPACE',''
  ) );
#9985 = ORIENTED_EDGE('',*,*,#9986,.F.);
#9986 = EDGE_CURVE('',#9959,#9959,#9987,.T.);
#9987 = SURFACE_CURVE('',#9988,(#9993,#10000),.PCURVE_S1.);
#9988 = CIRCLE('',#9989,0.15);
#9989 = AXIS2_PLACEMENT_3D('',#9990,#9991,#9992);
#9990 = CARTESIAN_POINT('',(-1.,-1.2,-6.666666666667));
#9991 = DIRECTION('',(-1.110223024625E-16,1.232595164408E-32,-1.));
#9992 = DIRECTION('',(1.110223024625E-16,1.,0.));
#9993 = PCURVE('',#9967,#9994);
#9994 = DEFINITIONAL_REPRESENTATION('',(#9995),#9999);
#9995 = LINE('',#9996,#9997);
#9996 = CARTESIAN_POINT('',(0.,6.666666666667));
#9997 = VECTOR('',#9998,1.);
#9998 = DIRECTION('',(1.,0.));
#9999 = ( GEOMETRIC_REPRESENTATION_CONTEXT(2) 
PARAMETRIC_REPRESENTATION_CONTEXT() REPRESENTATION_CONTEXT('2D SPACE',''
  ) );
#10000 = PCURVE('',#10001,#10006);
#10001 = TOROIDAL_SURFACE('',#10002,1.2,0.15);
#10002 = AXIS2_PLACEMENT_3D('',#10003,#10004,#10005);
#10003 = CARTESIAN_POINT('',(-1.,0.,-6.666666666667));
#10004 = DIRECTION('',(1.,-1.110223024625E-16,-1.110223024625E-16));
#10005 = DIRECTION('',(-1.110223024625E-16,-1.,0.));
#10006 = DEFINITIONAL_REPRESENTATION('',(#10007),#10011);
#10007 = LINE('',#10008,#10009);
#10008 = CARTESIAN_POINT('',(0.,9.424777960769));
#10009 = VECTOR('',#10010,1.);
#10010 = DIRECTION('',(-0.,-1.));
#10011 = ( GEOMETRIC_REPRESENTATION_CONTEXT(2) 
PARAMETRIC_REPRESENTATION_CONTEXT() REPRESENTATION_CONTEXT('2D SPACE',''
  ) );
#10012 = ORIENTED_EDGE('',*,*,#9956,.F.);
#10013 = ORIENTED_EDGE('',*,*,#10014,.T.);
#10014 = EDGE_CURVE('',#9957,#9957,#10015,.T.);
#10015 = SURFACE_CURVE('',#10016,(#10021,#10028),.PCURVE_S1.);
#10016 = CIRCLE('',#10017,0.15);
#10017 = AXIS2_PLACEMENT_3D('',#10018,#10019,#10020);
#10018 = CARTESIAN_POINT('',(-1.,-1.2,0.));
#10019 = DIRECTION('',(-1.110223024625E-16,1.232595164408E-32,-1.));
#10020 = DIRECTION('',(1.110223024625E-16,1.,0.));
#10021 = PCURVE('',#9967,#10022);
#10022 = DEFINITIONAL_REPRESENTATION('',(#10023),#10027);
#10023 = LINE('',#10024,#10025);
#10024 = CARTESIAN_POINT('',(0.,0.));
#10025 = VECTOR('',#10026,1.);
#10026 = DIRECTION('',(1.,0.));
#10027 = ( GEOMETRIC_REPRESENTATION_CONTEXT(2) 
PARAMETRIC_REPRESENTATION_CONTEXT() REPRESENTATION_CONTEXT('2D SPACE',''
  ) );
#10028 = PCURVE('',#10029,#10034);
#10029 = PLANE('',#10030);
#10030 = AXIS2_PLACEMENT_3D('',#10031,#10032,#10033);
#10031 = CARTESIAN_POINT('',(-1.,-1.2,-3.08572171572E-34));
#10032 = DIRECTION('',(1.110223024625E-16,-1.232595164408E-32,1.));
#10033 = DIRECTION('',(1.,-1.110223024625E-16,-1.110223024625E-16));
#10034 = DEFINITIONAL_REPRESENTATION('',(#10035),#10043);
#10035 = ( BOUNDED_CURVE() B_SPLINE_CURVE(2,(#10036,#10037,#10038,#10039
    ,#10040,#10041,#10042),.UNSPECIFIED.,.T.,.F.) 
B_SPLINE_CURVE_WITH_KNOTS((1,2,2,2,2,1),(-2.094395102393,0.,
    2.094395102393,4.188790204786,6.28318530718,8.377580409573),
.UNSPECIFIED.) CURVE() GEOMETRIC_REPRESENTATION_ITEM() 
RATIONAL_B_SPLINE_CURVE((1.,0.5,1.,0.5,1.,0.5,1.)) REPRESENTATION_ITEM(
  '') );
#10036 = CARTESIAN_POINT('',(0.,0.15));
#10037 = CARTESIAN_POINT('',(0.259807621135,0.15));
#10038 = CARTESIAN_POINT('',(0.129903810568,-7.5E-02));
#10039 = CARTESIAN_POINT('',(3.673940397442E-17,-0.3));
#10040 = CARTESIAN_POINT('',(-0.129903810568,-7.5E-02));
#10041 = CARTESIAN_POINT('',(-0.259807621135,0.15));
#10042 = CARTESIAN_POINT('',(0.,0.15));
#10043 = ( GEOMETRIC_REPRESENTATION_CONTEXT(2) 
PARAMETRIC_REPRESENTATION_CONTEXT() REPRESENTATION_CONTEXT('2D SPACE',''
  ) );
#10044 = ADVANCED_FACE('',(#10045),#10001,.F.);
#10045 = FACE_BOUND('',#10046,.F.);
#10046 = EDGE_LOOP('',(#10047,#10071,#10098,#10099));
#10047 = ORIENTED_EDGE('',*,*,#10048,.T.);
#10048 = EDGE_CURVE('',#9959,#10049,#10051,.T.);
#10049 = VERTEX_POINT('',#10050);
#10050 = CARTESIAN_POINT('',(-1.,1.05,-6.666666666667));
#10051 = SEAM_CURVE('',#10052,(#10057,#10064),.PCURVE_S1.);
#10052 = CIRCLE('',#10053,1.05);
#10053 = AXIS2_PLACEMENT_3D('',#10054,#10055,#10056);
#10054 = CARTESIAN_POINT('',(-1.,0.,-6.666666666667));
#10055 = DIRECTION('',(1.,-1.110223024625E-16,-1.110223024625E-16));
#10056 = DIRECTION('',(-1.110223024625E-16,-1.,0.));
#10057 = PCURVE('',#10001,#10058);
#10058 = DEFINITIONAL_REPRESENTATION('',(#10059),#10063);
#10059 = LINE('',#10060,#10061);
#10060 = CARTESIAN_POINT('',(0.,3.14159265359));
#10061 = VECTOR('',#10062,1.);
#10062 = DIRECTION('',(1.,0.));
#10063 = ( GEOMETRIC_REPRESENTATION_CONTEXT(2) 
PARAMETRIC_REPRESENTATION_CONTEXT() REPRESENTATION_CONTEXT('2D SPACE',''
  ) );
#10064 = PCURVE('',#10001,#10065);
#10065 = DEFINITIONAL_REPRESENTATION('',(#10066),#10070);
#10066 = LINE('',#10067,#10068);
#10067 = CARTESIAN_POINT('',(0.,9.424777960769));
#10068 = VECTOR('',#10069,1.);
#10069 = DIRECTION('',(1.,0.));
#10070 = ( GEOMETRIC_REPRESENTATION_CONTEXT(2) 
PARAMETRIC_REPRESENTATION_CONTEXT() REPRESENTATION_CONTEXT('2D SPACE',''
  ) );
#10071 = ORIENTED_EDGE('',*,*,#10072,.T.);
#10072 = EDGE_CURVE('',#10049,#10049,#10073,.T.);
#10073 = SURFACE_CURVE('',#10074,(#10079,#10086),.PCURVE_S1.);
#10074 = CIRCLE('',#10075,0.15);
#10075 = AXIS2_PLACEMENT_3D('',#10076,#10077,#10078);
#10076 = CARTESIAN_POINT('',(-1.,1.2,-6.666666666667));
#10077 = DIRECTION('',(-1.110223024625E-16,-1.224646799147E-16,-1.));
#10078 = DIRECTION('',(1.110223024625E-16,1.,-1.224646799147E-16));
#10079 = PCURVE('',#10001,#10080);
#10080 = DEFINITIONAL_REPRESENTATION('',(#10081),#10085);
#10081 = LINE('',#10082,#10083);
#10082 = CARTESIAN_POINT('',(3.14159265359,0.));
#10083 = VECTOR('',#10084,1.);
#10084 = DIRECTION('',(0.,1.));
#10085 = ( GEOMETRIC_REPRESENTATION_CONTEXT(2) 
PARAMETRIC_REPRESENTATION_CONTEXT() REPRESENTATION_CONTEXT('2D SPACE',''
  ) );
#10086 = PCURVE('',#10087,#10092);
#10087 = CYLINDRICAL_SURFACE('',#10088,0.15);
#10088 = AXIS2_PLACEMENT_3D('',#10089,#10090,#10091);
#10089 = CARTESIAN_POINT('',(-1.,1.2,-6.666666666667));
#10090 = DIRECTION('',(1.110223024625E-16,-1.232595164408E-32,1.));
#10091 = DIRECTION('',(-1.110223024625E-16,-1.,0.));
#10092 = DEFINITIONAL_REPRESENTATION('',(#10093),#10097);
#10093 = LINE('',#10094,#10095);
#10094 = CARTESIAN_POINT('',(9.424777960769,0.));
#10095 = VECTOR('',#10096,1.);
#10096 = DIRECTION('',(-1.,-0.));
#10097 = ( GEOMETRIC_REPRESENTATION_CONTEXT(2) 
PARAMETRIC_REPRESENTATION_CONTEXT() REPRESENTATION_CONTEXT('2D SPACE',''
  ) );
#10098 = ORIENTED_EDGE('',*,*,#10048,.F.);
#10099 = ORIENTED_EDGE('',*,*,#9986,.T.);
#10100 = ADVANCED_FACE('',(#10101),#10087,.F.);
#10101 = FACE_BOUND('',#10102,.F.);
#10102 = EDGE_LOOP('',(#10103,#10126,#10157,#10158));
#10103 = ORIENTED_EDGE('',*,*,#10104,.T.);
#10104 = EDGE_CURVE('',#10049,#10105,#10107,.T.);
#10105 = VERTEX_POINT('',#10106);
#10106 = CARTESIAN_POINT('',(-1.,1.05,0.));
#10107 = SEAM_CURVE('',#10108,(#10112,#10119),.PCURVE_S1.);
#10108 = LINE('',#10109,#10110);
#10109 = CARTESIAN_POINT('',(-1.,1.05,-6.666666666667));
#10110 = VECTOR('',#10111,1.);
#10111 = DIRECTION('',(1.110223024625E-16,-1.232595164408E-32,1.));
#10112 = PCURVE('',#10087,#10113);
#10113 = DEFINITIONAL_REPRESENTATION('',(#10114),#10118);
#10114 = LINE('',#10115,#10116);
#10115 = CARTESIAN_POINT('',(6.28318530718,0.));
#10116 = VECTOR('',#10117,1.);
#10117 = DIRECTION('',(0.,1.));
#10118 = ( GEOMETRIC_REPRESENTATION_CONTEXT(2) 
PARAMETRIC_REPRESENTATION_CONTEXT() REPRESENTATION_CONTEXT('2D SPACE',''
  ) );
#10119 = PCURVE('',#10087,#10120);
#10120 = DEFINITIONAL_REPRESENTATION('',(#10121),#10125);
#10121 = LINE('',#10122,#10123);
#10122 = CARTESIAN_POINT('',(0.,0.));
#10123 = VECTOR('',#10124,1.);
#10124 = DIRECTION('',(0.,1.));
#10125 = ( GEOMETRIC_REPRESENTATION_CONTEXT(2) 
PARAMETRIC_REPRESENTATION_CONTEXT() REPRESENTATION_CONTEXT('2D SPACE',''
  ) );
#10126 = ORIENTED_EDGE('',*,*,#10127,.F.);
#10127 = EDGE_CURVE('',#10105,#10105,#10128,.T.);
#10128 = SURFACE_CURVE('',#10129,(#10134,#10141),.PCURVE_S1.);
#10129 = CIRCLE('',#10130,0.15);
#10130 = AXIS2_PLACEMENT_3D('',#10131,#10132,#10133);
#10131 = CARTESIAN_POINT('',(-1.,1.2,0.));
#10132 = DIRECTION('',(1.110223024625E-16,-1.232595164408E-32,1.));
#10133 = DIRECTION('',(-1.110223024625E-16,-1.,0.));
#10134 = PCURVE('',#10087,#10135);
#10135 = DEFINITIONAL_REPRESENTATION('',(#10136),#10140);
#10136 = LINE('',#10137,#10138);
#10137 = CARTESIAN_POINT('',(0.,6.666666666667));
#10138 = VECTOR('',#10139,1.);
#10139 = DIRECTION('',(1.,0.));
#10140 = ( GEOMETRIC_REPRESENTATION_CONTEXT(2) 
PARAMETRIC_REPRESENTATION_CONTEXT() REPRESENTATION_CONTEXT('2D SPACE',''
  ) );
#10141 = PCURVE('',#10142,#10147);
#10142 = PLANE('',#10143);
#10143 = AXIS2_PLACEMENT_3D('',#10144,#10145,#10146);
#10144 = CARTESIAN_POINT('',(-1.,1.2,-1.296959879867E-33));
#10145 = DIRECTION('',(-1.110223024625E-16,1.232595164408E-32,-1.));
#10146 = DIRECTION('',(-1.,1.110223024625E-16,1.110223024625E-16));
#10147 = DEFINITIONAL_REPRESENTATION('',(#10148),#10156);
#10148 = ( BOUNDED_CURVE() B_SPLINE_CURVE(2,(#10149,#10150,#10151,#10152
    ,#10153,#10154,#10155),.UNSPECIFIED.,.T.,.F.) 
B_SPLINE_CURVE_WITH_KNOTS((1,2,2,2,2,1),(-2.094395102393,0.,
    2.094395102393,4.188790204786,6.28318530718,8.377580409573),
.UNSPECIFIED.) CURVE() GEOMETRIC_REPRESENTATION_ITEM() 
RATIONAL_B_SPLINE_CURVE((1.,0.5,1.,0.5,1.,0.5,1.)) REPRESENTATION_ITEM(
  '') );
#10149 = CARTESIAN_POINT('',(1.110223024625E-16,-0.15));
#10150 = CARTESIAN_POINT('',(-0.259807621135,-0.15));
#10151 = CARTESIAN_POINT('',(-0.129903810568,7.5E-02));
#10152 = CARTESIAN_POINT('',(7.42828984881E-17,0.3));
#10153 = CARTESIAN_POINT('',(0.129903810568,7.5E-02));
#10154 = CARTESIAN_POINT('',(0.259807621135,-0.15));
#10155 = CARTESIAN_POINT('',(1.110223024625E-16,-0.15));
#10156 = ( GEOMETRIC_REPRESENTATION_CONTEXT(2) 
PARAMETRIC_REPRESENTATION_CONTEXT() REPRESENTATION_CONTEXT('2D SPACE',''
  ) );
#10157 = ORIENTED_EDGE('',*,*,#10104,.F.);
#10158 = ORIENTED_EDGE('',*,*,#10072,.F.);
#10159 = ADVANCED_FACE('',(#10160,#10163),#10029,.T.);
#10160 = FACE_BOUND('',#10161,.T.);
#10161 = EDGE_LOOP('',(#10162));
#10162 = ORIENTED_EDGE('',*,*,#10014,.T.);
#10163 = FACE_BOUND('',#10164,.T.);
#10164 = EDGE_LOOP('',(#10165));
#10165 = ORIENTED_EDGE('',*,*,#10166,.F.);
#10166 = EDGE_CURVE('',#10167,#10167,#10169,.T.);
#10167 = VERTEX_POINT('',#10168);
#10168 = CARTESIAN_POINT('',(-1.,-1.045,4.214856327685E-33));
#10169 = SURFACE_CURVE('',#10170,(#10175,#10186),.PCURVE_S1.);
#10170 = CIRCLE('',#10171,0.155);
#10171 = AXIS2_PLACEMENT_3D('',#10172,#10173,#10174);
#10172 = CARTESIAN_POINT('',(-1.,-1.2,0.));
#10173 = DIRECTION('',(-1.110223024625E-16,1.232595164408E-32,-1.));
#10174 = DIRECTION('',(1.110223024625E-16,1.,0.));
#10175 = PCURVE('',#10029,#10176);
#10176 = DEFINITIONAL_REPRESENTATION('',(#10177),#10185);
#10177 = ( BOUNDED_CURVE() B_SPLINE_CURVE(2,(#10178,#10179,#10180,#10181
    ,#10182,#10183,#10184),.UNSPECIFIED.,.T.,.F.) 
B_SPLINE_CURVE_WITH_KNOTS((1,2,2,2,2,1),(-2.094395102393,0.,
    2.094395102393,4.188790204786,6.28318530718,8.377580409573),
.UNSPECIFIED.) CURVE() GEOMETRIC_REPRESENTATION_ITEM() 
RATIONAL_B_SPLINE_CURVE((1.,0.5,1.,0.5,1.,0.5,1.)) REPRESENTATION_ITEM(
  '') );
#10178 = CARTESIAN_POINT('',(0.,0.155));
#10179 = CARTESIAN_POINT('',(0.268467875173,0.155));
#10180 = CARTESIAN_POINT('',(0.134233937587,-7.75E-02));
#10181 = CARTESIAN_POINT('',(3.796405077357E-17,-0.31));
#10182 = CARTESIAN_POINT('',(-0.134233937587,-7.75E-02));
#10183 = CARTESIAN_POINT('',(-0.268467875173,0.155));
#10184 = CARTESIAN_POINT('',(0.,0.155));
#10185 = ( GEOMETRIC_REPRESENTATION_CONTEXT(2) 
PARAMETRIC_REPRESENTATION_CONTEXT() REPRESENTATION_CONTEXT('2D SPACE',''
  ) );
#10186 = PCURVE('',#10187,#10192);
#10187 = CYLINDRICAL_SURFACE('',#10188,0.155);
#10188 = AXIS2_PLACEMENT_3D('',#10189,#10190,#10191);
#10189 = CARTESIAN_POINT('',(-1.,-1.2,0.));
#10190 = DIRECTION('',(-1.110223024625E-16,1.232595164408E-32,-1.));
#10191 = DIRECTION('',(1.110223024625E-16,1.,0.));
#10192 = DEFINITIONAL_REPRESENTATION('',(#10193),#10197);
#10193 = LINE('',#10194,#10195);
#10194 = CARTESIAN_POINT('',(0.,0.));
#10195 = VECTOR('',#10196,1.);
#10196 = DIRECTION('',(1.,0.));
#10197 = ( GEOMETRIC_REPRESENTATION_CONTEXT(2) 
PARAMETRIC_REPRESENTATION_CONTEXT() REPRESENTATION_CONTEXT('2D SPACE',''
  ) );
#10198 = ADVANCED_FACE('',(#10199),#10187,.T.);
#10199 = FACE_BOUND('',#10200,.T.);
#10200 = EDGE_LOOP('',(#10201,#10224,#10225,#10226));
#10201 = ORIENTED_EDGE('',*,*,#10202,.F.);
#10202 = EDGE_CURVE('',#10167,#10203,#10205,.T.);
#10203 = VERTEX_POINT('',#10204);
#10204 = CARTESIAN_POINT('',(-1.,-1.045,-6.666666666667));
#10205 = SEAM_CURVE('',#10206,(#10210,#10217),.PCURVE_S1.);
#10206 = LINE('',#10207,#10208);
#10207 = CARTESIAN_POINT('',(-1.,-1.045,4.214856327685E-33));
#10208 = VECTOR('',#10209,1.);
#10209 = DIRECTION('',(-1.110223024625E-16,1.232595164408E-32,-1.));
#10210 = PCURVE('',#10187,#10211);
#10211 = DEFINITIONAL_REPRESENTATION('',(#10212),#10216);
#10212 = LINE('',#10213,#10214);
#10213 = CARTESIAN_POINT('',(0.,0.));
#10214 = VECTOR('',#10215,1.);
#10215 = DIRECTION('',(0.,1.));
#10216 = ( GEOMETRIC_REPRESENTATION_CONTEXT(2) 
PARAMETRIC_REPRESENTATION_CONTEXT() REPRESENTATION_CONTEXT('2D SPACE',''
  ) );
#10217 = PCURVE('',#10187,#10218);
#10218 = DEFINITIONAL_REPRESENTATION('',(#10219),#10223);
#10219 = LINE('',#10220,#10221);
#10220 = CARTESIAN_POINT('',(6.28318530718,0.));
#10221 = VECTOR('',#10222,1.);
#10222 = DIRECTION('',(0.,1.));
#10223 = ( GEOMETRIC_REPRESENTATION_CONTEXT(2) 
PARAMETRIC_REPRESENTATION_CONTEXT() REPRESENTATION_CONTEXT('2D SPACE',''
  ) );
#10224 = ORIENTED_EDGE('',*,*,#10166,.T.);
#10225 = ORIENTED_EDGE('',*,*,#10202,.T.);
#10226 = ORIENTED_EDGE('',*,*,#10227,.F.);
#10227 = EDGE_CURVE('',#10203,#10203,#10228,.T.);
#10228 = SURFACE_CURVE('',#10229,(#10234,#10241),.PCURVE_S1.);
#10229 = CIRCLE('',#10230,0.155);
#10230 = AXIS2_PLACEMENT_3D('',#10231,#10232,#10233);
#10231 = CARTESIAN_POINT('',(-1.,-1.2,-6.666666666667));
#10232 = DIRECTION('',(-1.110223024625E-16,1.232595164408E-32,-1.));
#10233 = DIRECTION('',(4.784163422067E-16,1.,-4.078893220341E-32));
#10234 = PCURVE('',#10187,#10235);
#10235 = DEFINITIONAL_REPRESENTATION('',(#10236),#10240);
#10236 = LINE('',#10237,#10238);
#10237 = CARTESIAN_POINT('',(0.,6.666666666667));
#10238 = VECTOR('',#10239,1.);
#10239 = DIRECTION('',(1.,0.));
#10240 = ( GEOMETRIC_REPRESENTATION_CONTEXT(2) 
PARAMETRIC_REPRESENTATION_CONTEXT() REPRESENTATION_CONTEXT('2D SPACE',''
  ) );
#10241 = PCURVE('',#10242,#10247);
#10242 = TOROIDAL_SURFACE('',#10243,1.2,0.155);
#10243 = AXIS2_PLACEMENT_3D('',#10244,#10245,#10246);
#10244 = CARTESIAN_POINT('',(-1.,0.,-6.666666666667));
#10245 = DIRECTION('',(1.,-1.110223024625E-16,-1.110223024625E-16));
#10246 = DIRECTION('',(-1.110223024625E-16,-1.,0.));
#10247 = DEFINITIONAL_REPRESENTATION('',(#10248),#10252);
#10248 = LINE('',#10249,#10250);
#10249 = CARTESIAN_POINT('',(0.,9.424777960769));
#10250 = VECTOR('',#10251,1.);
#10251 = DIRECTION('',(-0.,-1.));
#10252 = ( GEOMETRIC_REPRESENTATION_CONTEXT(2) 
PARAMETRIC_REPRESENTATION_CONTEXT() REPRESENTATION_CONTEXT('2D SPACE',''
  ) );
#10253 = ADVANCED_FACE('',(#10254),#10242,.T.);
#10254 = FACE_BOUND('',#10255,.T.);
#10255 = EDGE_LOOP('',(#10256,#10280,#10307,#10308));
#10256 = ORIENTED_EDGE('',*,*,#10257,.T.);
#10257 = EDGE_CURVE('',#10203,#10258,#10260,.T.);
#10258 = VERTEX_POINT('',#10259);
#10259 = CARTESIAN_POINT('',(-1.,1.045,-6.666666666667));
#10260 = SEAM_CURVE('',#10261,(#10266,#10273),.PCURVE_S1.);
#10261 = CIRCLE('',#10262,1.045);
#10262 = AXIS2_PLACEMENT_3D('',#10263,#10264,#10265);
#10263 = CARTESIAN_POINT('',(-1.,-2.107428163843E-33,-6.666666666667));
#10264 = DIRECTION('',(1.,-1.110223024625E-16,-1.110223024625E-16));
#10265 = DIRECTION('',(-1.110223024625E-16,-1.,0.));
#10266 = PCURVE('',#10242,#10267);
#10267 = DEFINITIONAL_REPRESENTATION('',(#10268),#10272);
#10268 = LINE('',#10269,#10270);
#10269 = CARTESIAN_POINT('',(0.,3.14159265359));
#10270 = VECTOR('',#10271,1.);
#10271 = DIRECTION('',(1.,0.));
#10272 = ( GEOMETRIC_REPRESENTATION_CONTEXT(2) 
PARAMETRIC_REPRESENTATION_CONTEXT() REPRESENTATION_CONTEXT('2D SPACE',''
  ) );
#10273 = PCURVE('',#10242,#10274);
#10274 = DEFINITIONAL_REPRESENTATION('',(#10275),#10279);
#10275 = LINE('',#10276,#10277);
#10276 = CARTESIAN_POINT('',(0.,9.424777960769));
#10277 = VECTOR('',#10278,1.);
#10278 = DIRECTION('',(1.,0.));
#10279 = ( GEOMETRIC_REPRESENTATION_CONTEXT(2) 
PARAMETRIC_REPRESENTATION_CONTEXT() REPRESENTATION_CONTEXT('2D SPACE',''
  ) );
#10280 = ORIENTED_EDGE('',*,*,#10281,.T.);
#10281 = EDGE_CURVE('',#10258,#10258,#10282,.T.);
#10282 = SURFACE_CURVE('',#10283,(#10288,#10295),.PCURVE_S1.);
#10283 = CIRCLE('',#10284,0.155);
#10284 = AXIS2_PLACEMENT_3D('',#10285,#10286,#10287);
#10285 = CARTESIAN_POINT('',(-1.,1.2,-6.666666666667));
#10286 = DIRECTION('',(-1.110223024625E-16,-1.224646799147E-16,-1.));
#10287 = DIRECTION('',(1.110223024625E-16,1.,-1.224646799147E-16));
#10288 = PCURVE('',#10242,#10289);
#10289 = DEFINITIONAL_REPRESENTATION('',(#10290),#10294);
#10290 = LINE('',#10291,#10292);
#10291 = CARTESIAN_POINT('',(3.14159265359,0.));
#10292 = VECTOR('',#10293,1.);
#10293 = DIRECTION('',(0.,1.));
#10294 = ( GEOMETRIC_REPRESENTATION_CONTEXT(2) 
PARAMETRIC_REPRESENTATION_CONTEXT() REPRESENTATION_CONTEXT('2D SPACE',''
  ) );
#10295 = PCURVE('',#10296,#10301);
#10296 = CYLINDRICAL_SURFACE('',#10297,0.155);
#10297 = AXIS2_PLACEMENT_3D('',#10298,#10299,#10300);
#10298 = CARTESIAN_POINT('',(-1.,1.2,-6.666666666667));
#10299 = DIRECTION('',(1.110223024625E-16,-1.232595164408E-32,1.));
#10300 = DIRECTION('',(-1.110223024625E-16,-1.,0.));
#10301 = DEFINITIONAL_REPRESENTATION('',(#10302),#10306);
#10302 = LINE('',#10303,#10304);
#10303 = CARTESIAN_POINT('',(9.424777960769,0.));
#10304 = VECTOR('',#10305,1.);
#10305 = DIRECTION('',(-1.,-0.));
#10306 = ( GEOMETRIC_REPRESENTATION_CONTEXT(2) 
PARAMETRIC_REPRESENTATION_CONTEXT() REPRESENTATION_CONTEXT('2D SPACE',''
  ) );
#10307 = ORIENTED_EDGE('',*,*,#10257,.F.);
#10308 = ORIENTED_EDGE('',*,*,#10227,.T.);
#10309 = ADVANCED_FACE('',(#10310,#10313),#10142,.F.);
#10310 = FACE_BOUND('',#10311,.F.);
#10311 = EDGE_LOOP('',(#10312));
#10312 = ORIENTED_EDGE('',*,*,#10127,.T.);
#10313 = FACE_BOUND('',#10314,.F.);
#10314 = EDGE_LOOP('',(#10315));
#10315 = ORIENTED_EDGE('',*,*,#10316,.F.);
#10316 = EDGE_CURVE('',#10317,#10317,#10319,.T.);
#10317 = VERTEX_POINT('',#10318);
#10318 = CARTESIAN_POINT('',(-1.,1.045,0.));
#10319 = SURFACE_CURVE('',#10320,(#10325,#10336),.PCURVE_S1.);
#10320 = CIRCLE('',#10321,0.155);
#10321 = AXIS2_PLACEMENT_3D('',#10322,#10323,#10324);
#10322 = CARTESIAN_POINT('',(-1.,1.2,0.));
#10323 = DIRECTION('',(1.110223024625E-16,-1.232595164408E-32,1.));
#10324 = DIRECTION('',(-1.110223024625E-16,-1.,0.));
#10325 = PCURVE('',#10142,#10326);
#10326 = DEFINITIONAL_REPRESENTATION('',(#10327),#10335);
#10327 = ( BOUNDED_CURVE() B_SPLINE_CURVE(2,(#10328,#10329,#10330,#10331
    ,#10332,#10333,#10334),.UNSPECIFIED.,.T.,.F.) 
B_SPLINE_CURVE_WITH_KNOTS((1,2,2,2,2,1),(-2.094395102393,0.,
    2.094395102393,4.188790204786,6.28318530718,8.377580409573),
.UNSPECIFIED.) CURVE() GEOMETRIC_REPRESENTATION_ITEM() 
RATIONAL_B_SPLINE_CURVE((1.,0.5,1.,0.5,1.,0.5,1.)) REPRESENTATION_ITEM(
  '') );
#10328 = CARTESIAN_POINT('',(4.930380657631E-32,-0.155));
#10329 = CARTESIAN_POINT('',(-0.268467875173,-0.155));
#10330 = CARTESIAN_POINT('',(-0.134233937587,7.75E-02));
#10331 = CARTESIAN_POINT('',(-3.796405077357E-17,0.31));
#10332 = CARTESIAN_POINT('',(0.134233937587,7.75E-02));
#10333 = CARTESIAN_POINT('',(0.268467875173,-0.155));
#10334 = CARTESIAN_POINT('',(4.930380657631E-32,-0.155));
#10335 = ( GEOMETRIC_REPRESENTATION_CONTEXT(2) 
PARAMETRIC_REPRESENTATION_CONTEXT() REPRESENTATION_CONTEXT('2D SPACE',''
  ) );
#10336 = PCURVE('',#10296,#10337);
#10337 = DEFINITIONAL_REPRESENTATION('',(#10338),#10342);
#10338 = LINE('',#10339,#10340);
#10339 = CARTESIAN_POINT('',(0.,6.666666666667));
#10340 = VECTOR('',#10341,1.);
#10341 = DIRECTION('',(1.,0.));
#10342 = ( GEOMETRIC_REPRESENTATION_CONTEXT(2) 
PARAMETRIC_REPRESENTATION_CONTEXT() REPRESENTATION_CONTEXT('2D SPACE',''
  ) );
#10343 = ADVANCED_FACE('',(#10344),#10296,.T.);
#10344 = FACE_BOUND('',#10345,.T.);
#10345 = EDGE_LOOP('',(#10346,#10367,#10368,#10369));
#10346 = ORIENTED_EDGE('',*,*,#10347,.F.);
#10347 = EDGE_CURVE('',#10258,#10317,#10348,.T.);
#10348 = SEAM_CURVE('',#10349,(#10353,#10360),.PCURVE_S1.);
#10349 = LINE('',#10350,#10351);
#10350 = CARTESIAN_POINT('',(-1.,1.045,-6.666666666667));
#10351 = VECTOR('',#10352,1.);
#10352 = DIRECTION('',(1.110223024625E-16,-1.232595164408E-32,1.));
#10353 = PCURVE('',#10296,#10354);
#10354 = DEFINITIONAL_REPRESENTATION('',(#10355),#10359);
#10355 = LINE('',#10356,#10357);
#10356 = CARTESIAN_POINT('',(0.,0.));
#10357 = VECTOR('',#10358,1.);
#10358 = DIRECTION('',(0.,1.));
#10359 = ( GEOMETRIC_REPRESENTATION_CONTEXT(2) 
PARAMETRIC_REPRESENTATION_CONTEXT() REPRESENTATION_CONTEXT('2D SPACE',''
  ) );
#10360 = PCURVE('',#10296,#10361);
#10361 = DEFINITIONAL_REPRESENTATION('',(#10362),#10366);
#10362 = LINE('',#10363,#10364);
#10363 = CARTESIAN_POINT('',(6.28318530718,0.));
#10364 = VECTOR('',#10365,1.);
#10365 = DIRECTION('',(0.,1.));
#10366 = ( GEOMETRIC_REPRESENTATION_CONTEXT(2) 
PARAMETRIC_REPRESENTATION_CONTEXT() REPRESENTATION_CONTEXT('2D SPACE',''
  ) );
#10367 = ORIENTED_EDGE('',*,*,#10281,.F.);
#10368 = ORIENTED_EDGE('',*,*,#10347,.T.);
#10369 = ORIENTED_EDGE('',*,*,#10316,.F.);
#10370 = MANIFOLD_SOLID_BREP('',#10371);
#10371 = CLOSED_SHELL('',(#10372,#10464,#10520,#10579,#10618,#10673,
    #10729,#10763));
#10372 = ADVANCED_FACE('',(#10373),#10387,.F.);
#10373 = FACE_BOUND('',#10374,.F.);
#10374 = EDGE_LOOP('',(#10375,#10405,#10432,#10433));
#10375 = ORIENTED_EDGE('',*,*,#10376,.T.);
#10376 = EDGE_CURVE('',#10377,#10379,#10381,.T.);
#10377 = VERTEX_POINT('',#10378);
#10378 = CARTESIAN_POINT('',(1.6,-0.25,0.));
#10379 = VERTEX_POINT('',#10380);
#10380 = CARTESIAN_POINT('',(1.6,-0.25,-5.));
#10381 = SEAM_CURVE('',#10382,(#10386,#10398),.PCURVE_S1.);
#10382 = LINE('',#10383,#10384);
#10383 = CARTESIAN_POINT('',(1.6,-0.25,4.078893220341E-33));
#10384 = VECTOR('',#10385,1.);
#10385 = DIRECTION('',(-1.110223024625E-16,1.232595164408E-32,-1.));
#10386 = PCURVE('',#10387,#10392);
#10387 = CYLINDRICAL_SURFACE('',#10388,0.15);
#10388 = AXIS2_PLACEMENT_3D('',#10389,#10390,#10391);
#10389 = CARTESIAN_POINT('',(1.6,-0.4,0.));
#10390 = DIRECTION('',(-1.110223024625E-16,1.232595164408E-32,-1.));
#10391 = DIRECTION('',(1.110223024625E-16,1.,0.));
#10392 = DEFINITIONAL_REPRESENTATION('',(#10393),#10397);
#10393 = LINE('',#10394,#10395);
#10394 = CARTESIAN_POINT('',(6.28318530718,0.));
#10395 = VECTOR('',#10396,1.);
#10396 = DIRECTION('',(0.,1.));
#10397 = ( GEOMETRIC_REPRESENTATION_CONTEXT(2) 
PARAMETRIC_REPRESENTATION_CONTEXT() REPRESENTATION_CONTEXT('2D SPACE',''
  ) );
#10398 = PCURVE('',#10387,#10399);
#10399 = DEFINITIONAL_REPRESENTATION('',(#10400),#10404);
#10400 = LINE('',#10401,#10402);
#10401 = CARTESIAN_POINT('',(0.,0.));
#10402 = VECTOR('',#10403,1.);
#10403 = DIRECTION('',(0.,1.));
#10404 = ( GEOMETRIC_REPRESENTATION_CONTEXT(2) 
PARAMETRIC_REPRESENTATION_CONTEXT() REPRESENTATION_CONTEXT('2D SPACE',''
  ) );
#10405 = ORIENTED_EDGE('',*,*,#10406,.F.);
#10406 = EDGE_CURVE('',#10379,#10379,#10407,.T.);
#10407 = SURFACE_CURVE('',#10408,(#10413,#10420),.PCURVE_S1.);
#10408 = CIRCLE('',#10409,0.15);
#10409 = AXIS2_PLACEMENT_3D('',#10410,#10411,#10412);
#10410 = CARTESIAN_POINT('',(1.6,-0.4,-5.));
#10411 = DIRECTION('',(-1.110223024625E-16,1.232595164408E-32,-1.));
#10412 = DIRECTION('',(1.110223024625E-16,1.,0.));
#10413 = PCURVE('',#10387,#10414);
#10414 = DEFINITIONAL_REPRESENTATION('',(#10415),#10419);
#10415 = LINE('',#10416,#10417);
#10416 = CARTESIAN_POINT('',(0.,5.));
#10417 = VECTOR('',#10418,1.);
#10418 = DIRECTION('',(1.,0.));
#10419 = ( GEOMETRIC_REPRESENTATION_CONTEXT(2) 
PARAMETRIC_REPRESENTATION_CONTEXT() REPRESENTATION_CONTEXT('2D SPACE',''
  ) );
#10420 = PCURVE('',#10421,#10426);
#10421 = TOROIDAL_SURFACE('',#10422,0.4,0.15);
#10422 = AXIS2_PLACEMENT_3D('',#10423,#10424,#10425);
#10423 = CARTESIAN_POINT('',(1.6,5.551115123126E-17,-5.));
#10424 = DIRECTION('',(1.,-1.110223024625E-16,-1.110223024625E-16));
#10425 = DIRECTION('',(-1.110223024625E-16,-1.,0.));
#10426 = DEFINITIONAL_REPRESENTATION('',(#10427),#10431);
#10427 = LINE('',#10428,#10429);
#10428 = CARTESIAN_POINT('',(0.,9.424777960769));
#10429 = VECTOR('',#10430,1.);
#10430 = DIRECTION('',(-0.,-1.));
#10431 = ( GEOMETRIC_REPRESENTATION_CONTEXT(2) 
PARAMETRIC_REPRESENTATION_CONTEXT() REPRESENTATION_CONTEXT('2D SPACE',''
  ) );
#10432 = ORIENTED_EDGE('',*,*,#10376,.F.);
#10433 = ORIENTED_EDGE('',*,*,#10434,.T.);
#10434 = EDGE_CURVE('',#10377,#10377,#10435,.T.);
#10435 = SURFACE_CURVE('',#10436,(#10441,#10448),.PCURVE_S1.);
#10436 = CIRCLE('',#10437,0.15);
#10437 = AXIS2_PLACEMENT_3D('',#10438,#10439,#10440);
#10438 = CARTESIAN_POINT('',(1.6,-0.4,0.));
#10439 = DIRECTION('',(-1.110223024625E-16,1.232595164408E-32,-1.));
#10440 = DIRECTION('',(1.110223024625E-16,1.,0.));
#10441 = PCURVE('',#10387,#10442);
#10442 = DEFINITIONAL_REPRESENTATION('',(#10443),#10447);
#10443 = LINE('',#10444,#10445);
#10444 = CARTESIAN_POINT('',(0.,0.));
#10445 = VECTOR('',#10446,1.);
#10446 = DIRECTION('',(1.,0.));
#10447 = ( GEOMETRIC_REPRESENTATION_CONTEXT(2) 
PARAMETRIC_REPRESENTATION_CONTEXT() REPRESENTATION_CONTEXT('2D SPACE',''
  ) );
#10448 = PCURVE('',#10449,#10454);
#10449 = PLANE('',#10450);
#10450 = AXIS2_PLACEMENT_3D('',#10451,#10452,#10453);
#10451 = CARTESIAN_POINT('',(1.6,-0.4,-3.08572171572E-34));
#10452 = DIRECTION('',(1.110223024625E-16,-1.232595164408E-32,1.));
#10453 = DIRECTION('',(1.,-1.110223024625E-16,-1.110223024625E-16));
#10454 = DEFINITIONAL_REPRESENTATION('',(#10455),#10463);
#10455 = ( BOUNDED_CURVE() B_SPLINE_CURVE(2,(#10456,#10457,#10458,#10459
    ,#10460,#10461,#10462),.UNSPECIFIED.,.T.,.F.) 
B_SPLINE_CURVE_WITH_KNOTS((1,2,2,2,2,1),(-2.094395102393,0.,
    2.094395102393,4.188790204786,6.28318530718,8.377580409573),
.UNSPECIFIED.) CURVE() GEOMETRIC_REPRESENTATION_ITEM() 
RATIONAL_B_SPLINE_CURVE((1.,0.5,1.,0.5,1.,0.5,1.)) REPRESENTATION_ITEM(
  '') );
#10456 = CARTESIAN_POINT('',(0.,0.15));
#10457 = CARTESIAN_POINT('',(0.259807621135,0.15));
#10458 = CARTESIAN_POINT('',(0.129903810568,-7.5E-02));
#10459 = CARTESIAN_POINT('',(3.673940397442E-17,-0.3));
#10460 = CARTESIAN_POINT('',(-0.129903810568,-7.5E-02));
#10461 = CARTESIAN_POINT('',(-0.259807621135,0.15));
#10462 = CARTESIAN_POINT('',(0.,0.15));
#10463 = ( GEOMETRIC_REPRESENTATION_CONTEXT(2) 
PARAMETRIC_REPRESENTATION_CONTEXT() REPRESENTATION_CONTEXT('2D SPACE',''
  ) );
#10464 = ADVANCED_FACE('',(#10465),#10421,.F.);
#10465 = FACE_BOUND('',#10466,.F.);
#10466 = EDGE_LOOP('',(#10467,#10491,#10518,#10519));
#10467 = ORIENTED_EDGE('',*,*,#10468,.T.);
#10468 = EDGE_CURVE('',#10379,#10469,#10471,.T.);
#10469 = VERTEX_POINT('',#10470);
#10470 = CARTESIAN_POINT('',(1.6,0.25,-5.));
#10471 = SEAM_CURVE('',#10472,(#10477,#10484),.PCURVE_S1.);
#10472 = CIRCLE('',#10473,0.25);
#10473 = AXIS2_PLACEMENT_3D('',#10474,#10475,#10476);
#10474 = CARTESIAN_POINT('',(1.6,5.551115123126E-17,-5.));
#10475 = DIRECTION('',(1.,-1.110223024625E-16,-1.110223024625E-16));
#10476 = DIRECTION('',(-1.110223024625E-16,-1.,0.));
#10477 = PCURVE('',#10421,#10478);
#10478 = DEFINITIONAL_REPRESENTATION('',(#10479),#10483);
#10479 = LINE('',#10480,#10481);
#10480 = CARTESIAN_POINT('',(0.,3.14159265359));
#10481 = VECTOR('',#10482,1.);
#10482 = DIRECTION('',(1.,0.));
#10483 = ( GEOMETRIC_REPRESENTATION_CONTEXT(2) 
PARAMETRIC_REPRESENTATION_CONTEXT() REPRESENTATION_CONTEXT('2D SPACE',''
  ) );
#10484 = PCURVE('',#10421,#10485);
#10485 = DEFINITIONAL_REPRESENTATION('',(#10486),#10490);
#10486 = LINE('',#10487,#10488);
#10487 = CARTESIAN_POINT('',(0.,9.424777960769));
#10488 = VECTOR('',#10489,1.);
#10489 = DIRECTION('',(1.,0.));
#10490 = ( GEOMETRIC_REPRESENTATION_CONTEXT(2) 
PARAMETRIC_REPRESENTATION_CONTEXT() REPRESENTATION_CONTEXT('2D SPACE',''
  ) );
#10491 = ORIENTED_EDGE('',*,*,#10492,.T.);
#10492 = EDGE_CURVE('',#10469,#10469,#10493,.T.);
#10493 = SURFACE_CURVE('',#10494,(#10499,#10506),.PCURVE_S1.);
#10494 = CIRCLE('',#10495,0.15);
#10495 = AXIS2_PLACEMENT_3D('',#10496,#10497,#10498);
#10496 = CARTESIAN_POINT('',(1.6,0.4,-5.));
#10497 = DIRECTION('',(-1.110223024625E-16,-1.224646799147E-16,-1.));
#10498 = DIRECTION('',(1.110223024625E-16,1.,-1.224646799147E-16));
#10499 = PCURVE('',#10421,#10500);
#10500 = DEFINITIONAL_REPRESENTATION('',(#10501),#10505);
#10501 = LINE('',#10502,#10503);
#10502 = CARTESIAN_POINT('',(3.14159265359,0.));
#10503 = VECTOR('',#10504,1.);
#10504 = DIRECTION('',(0.,1.));
#10505 = ( GEOMETRIC_REPRESENTATION_CONTEXT(2) 
PARAMETRIC_REPRESENTATION_CONTEXT() REPRESENTATION_CONTEXT('2D SPACE',''
  ) );
#10506 = PCURVE('',#10507,#10512);
#10507 = CYLINDRICAL_SURFACE('',#10508,0.15);
#10508 = AXIS2_PLACEMENT_3D('',#10509,#10510,#10511);
#10509 = CARTESIAN_POINT('',(1.6,0.4,-5.));
#10510 = DIRECTION('',(1.110223024625E-16,1.110223024625E-16,1.));
#10511 = DIRECTION('',(-1.110223024625E-16,-1.,1.110223024625E-16));
#10512 = DEFINITIONAL_REPRESENTATION('',(#10513),#10517);
#10513 = LINE('',#10514,#10515);
#10514 = CARTESIAN_POINT('',(9.424777960769,0.));
#10515 = VECTOR('',#10516,1.);
#10516 = DIRECTION('',(-1.,-0.));
#10517 = ( GEOMETRIC_REPRESENTATION_CONTEXT(2) 
PARAMETRIC_REPRESENTATION_CONTEXT() REPRESENTATION_CONTEXT('2D SPACE',''
  ) );
#10518 = ORIENTED_EDGE('',*,*,#10468,.F.);
#10519 = ORIENTED_EDGE('',*,*,#10406,.T.);
#10520 = ADVANCED_FACE('',(#10521),#10507,.F.);
#10521 = FACE_BOUND('',#10522,.F.);
#10522 = EDGE_LOOP('',(#10523,#10546,#10577,#10578));
#10523 = ORIENTED_EDGE('',*,*,#10524,.T.);
#10524 = EDGE_CURVE('',#10469,#10525,#10527,.T.);
#10525 = VERTEX_POINT('',#10526);
#10526 = CARTESIAN_POINT('',(1.6,0.25,0.));
#10527 = SEAM_CURVE('',#10528,(#10532,#10539),.PCURVE_S1.);
#10528 = LINE('',#10529,#10530);
#10529 = CARTESIAN_POINT('',(1.6,0.25,-5.));
#10530 = VECTOR('',#10531,1.);
#10531 = DIRECTION('',(1.110223024625E-16,1.110223024625E-16,1.));
#10532 = PCURVE('',#10507,#10533);
#10533 = DEFINITIONAL_REPRESENTATION('',(#10534),#10538);
#10534 = LINE('',#10535,#10536);
#10535 = CARTESIAN_POINT('',(6.28318530718,0.));
#10536 = VECTOR('',#10537,1.);
#10537 = DIRECTION('',(0.,1.));
#10538 = ( GEOMETRIC_REPRESENTATION_CONTEXT(2) 
PARAMETRIC_REPRESENTATION_CONTEXT() REPRESENTATION_CONTEXT('2D SPACE',''
  ) );
#10539 = PCURVE('',#10507,#10540);
#10540 = DEFINITIONAL_REPRESENTATION('',(#10541),#10545);
#10541 = LINE('',#10542,#10543);
#10542 = CARTESIAN_POINT('',(0.,0.));
#10543 = VECTOR('',#10544,1.);
#10544 = DIRECTION('',(0.,1.));
#10545 = ( GEOMETRIC_REPRESENTATION_CONTEXT(2) 
PARAMETRIC_REPRESENTATION_CONTEXT() REPRESENTATION_CONTEXT('2D SPACE',''
  ) );
#10546 = ORIENTED_EDGE('',*,*,#10547,.F.);
#10547 = EDGE_CURVE('',#10525,#10525,#10548,.T.);
#10548 = SURFACE_CURVE('',#10549,(#10554,#10561),.PCURVE_S1.);
#10549 = CIRCLE('',#10550,0.15);
#10550 = AXIS2_PLACEMENT_3D('',#10551,#10552,#10553);
#10551 = CARTESIAN_POINT('',(1.6,0.4,0.));
#10552 = DIRECTION('',(1.110223024625E-16,1.110223024625E-16,1.));
#10553 = DIRECTION('',(-1.110223024625E-16,-1.,1.110223024625E-16));
#10554 = PCURVE('',#10507,#10555);
#10555 = DEFINITIONAL_REPRESENTATION('',(#10556),#10560);
#10556 = LINE('',#10557,#10558);
#10557 = CARTESIAN_POINT('',(0.,5.));
#10558 = VECTOR('',#10559,1.);
#10559 = DIRECTION('',(1.,0.));
#10560 = ( GEOMETRIC_REPRESENTATION_CONTEXT(2) 
PARAMETRIC_REPRESENTATION_CONTEXT() REPRESENTATION_CONTEXT('2D SPACE',''
  ) );
#10561 = PCURVE('',#10562,#10567);
#10562 = PLANE('',#10563);
#10563 = AXIS2_PLACEMENT_3D('',#10564,#10565,#10566);
#10564 = CARTESIAN_POINT('',(1.6,0.4,-2.285347588163E-33));
#10565 = DIRECTION('',(-1.110223024625E-16,1.232595164408E-32,-1.));
#10566 = DIRECTION('',(-1.,1.110223024625E-16,1.110223024625E-16));
#10567 = DEFINITIONAL_REPRESENTATION('',(#10568),#10576);
#10568 = ( BOUNDED_CURVE() B_SPLINE_CURVE(2,(#10569,#10570,#10571,#10572
    ,#10573,#10574,#10575),.UNSPECIFIED.,.T.,.F.) 
B_SPLINE_CURVE_WITH_KNOTS((1,2,2,2,2,1),(-2.094395102393,0.,
    2.094395102393,4.188790204786,6.28318530718,8.377580409573),
.UNSPECIFIED.) CURVE() GEOMETRIC_REPRESENTATION_ITEM() 
RATIONAL_B_SPLINE_CURVE((1.,0.5,1.,0.5,1.,0.5,1.)) REPRESENTATION_ITEM(
  '') );
#10569 = CARTESIAN_POINT('',(1.232595164408E-32,-0.15));
#10570 = CARTESIAN_POINT('',(-0.259807621135,-0.15));
#10571 = CARTESIAN_POINT('',(-0.129903810568,7.5E-02));
#10572 = CARTESIAN_POINT('',(-3.673940397442E-17,0.3));
#10573 = CARTESIAN_POINT('',(0.129903810568,7.5E-02));
#10574 = CARTESIAN_POINT('',(0.259807621135,-0.15));
#10575 = CARTESIAN_POINT('',(1.232595164408E-32,-0.15));
#10576 = ( GEOMETRIC_REPRESENTATION_CONTEXT(2) 
PARAMETRIC_REPRESENTATION_CONTEXT() REPRESENTATION_CONTEXT('2D SPACE',''
  ) );
#10577 = ORIENTED_EDGE('',*,*,#10524,.F.);
#10578 = ORIENTED_EDGE('',*,*,#10492,.F.);
#10579 = ADVANCED_FACE('',(#10580,#10583),#10449,.T.);
#10580 = FACE_BOUND('',#10581,.T.);
#10581 = EDGE_LOOP('',(#10582));
#10582 = ORIENTED_EDGE('',*,*,#10434,.T.);
#10583 = FACE_BOUND('',#10584,.T.);
#10584 = EDGE_LOOP('',(#10585));
#10585 = ORIENTED_EDGE('',*,*,#10586,.F.);
#10586 = EDGE_CURVE('',#10587,#10587,#10589,.T.);
#10587 = VERTEX_POINT('',#10588);
#10588 = CARTESIAN_POINT('',(1.6,-0.245,4.214856327685E-33));
#10589 = SURFACE_CURVE('',#10590,(#10595,#10606),.PCURVE_S1.);
#10590 = CIRCLE('',#10591,0.155);
#10591 = AXIS2_PLACEMENT_3D('',#10592,#10593,#10594);
#10592 = CARTESIAN_POINT('',(1.6,-0.4,0.));
#10593 = DIRECTION('',(-1.110223024625E-16,1.232595164408E-32,-1.));
#10594 = DIRECTION('',(1.110223024625E-16,1.,0.));
#10595 = PCURVE('',#10449,#10596);
#10596 = DEFINITIONAL_REPRESENTATION('',(#10597),#10605);
#10597 = ( BOUNDED_CURVE() B_SPLINE_CURVE(2,(#10598,#10599,#10600,#10601
    ,#10602,#10603,#10604),.UNSPECIFIED.,.T.,.F.) 
B_SPLINE_CURVE_WITH_KNOTS((1,2,2,2,2,1),(-2.094395102393,0.,
    2.094395102393,4.188790204786,6.28318530718,8.377580409573),
.UNSPECIFIED.) CURVE() GEOMETRIC_REPRESENTATION_ITEM() 
RATIONAL_B_SPLINE_CURVE((1.,0.5,1.,0.5,1.,0.5,1.)) REPRESENTATION_ITEM(
  '') );
#10598 = CARTESIAN_POINT('',(0.,0.155));
#10599 = CARTESIAN_POINT('',(0.268467875173,0.155));
#10600 = CARTESIAN_POINT('',(0.134233937587,-7.75E-02));
#10601 = CARTESIAN_POINT('',(3.796405077357E-17,-0.31));
#10602 = CARTESIAN_POINT('',(-0.134233937587,-7.75E-02));
#10603 = CARTESIAN_POINT('',(-0.268467875173,0.155));
#10604 = CARTESIAN_POINT('',(0.,0.155));
#10605 = ( GEOMETRIC_REPRESENTATION_CONTEXT(2) 
PARAMETRIC_REPRESENTATION_CONTEXT() REPRESENTATION_CONTEXT('2D SPACE',''
  ) );
#10606 = PCURVE('',#10607,#10612);
#10607 = CYLINDRICAL_SURFACE('',#10608,0.155);
#10608 = AXIS2_PLACEMENT_3D('',#10609,#10610,#10611);
#10609 = CARTESIAN_POINT('',(1.6,-0.4,0.));
#10610 = DIRECTION('',(-1.110223024625E-16,1.232595164408E-32,-1.));
#10611 = DIRECTION('',(1.110223024625E-16,1.,0.));
#10612 = DEFINITIONAL_REPRESENTATION('',(#10613),#10617);
#10613 = LINE('',#10614,#10615);
#10614 = CARTESIAN_POINT('',(0.,0.));
#10615 = VECTOR('',#10616,1.);
#10616 = DIRECTION('',(1.,0.));
#10617 = ( GEOMETRIC_REPRESENTATION_CONTEXT(2) 
PARAMETRIC_REPRESENTATION_CONTEXT() REPRESENTATION_CONTEXT('2D SPACE',''
  ) );
#10618 = ADVANCED_FACE('',(#10619),#10607,.T.);
#10619 = FACE_BOUND('',#10620,.T.);
#10620 = EDGE_LOOP('',(#10621,#10644,#10645,#10646));
#10621 = ORIENTED_EDGE('',*,*,#10622,.F.);
#10622 = EDGE_CURVE('',#10587,#10623,#10625,.T.);
#10623 = VERTEX_POINT('',#10624);
#10624 = CARTESIAN_POINT('',(1.6,-0.245,-5.));
#10625 = SEAM_CURVE('',#10626,(#10630,#10637),.PCURVE_S1.);
#10626 = LINE('',#10627,#10628);
#10627 = CARTESIAN_POINT('',(1.6,-0.245,4.214856327685E-33));
#10628 = VECTOR('',#10629,1.);
#10629 = DIRECTION('',(-1.110223024625E-16,1.232595164408E-32,-1.));
#10630 = PCURVE('',#10607,#10631);
#10631 = DEFINITIONAL_REPRESENTATION('',(#10632),#10636);
#10632 = LINE('',#10633,#10634);
#10633 = CARTESIAN_POINT('',(0.,0.));
#10634 = VECTOR('',#10635,1.);
#10635 = DIRECTION('',(0.,1.));
#10636 = ( GEOMETRIC_REPRESENTATION_CONTEXT(2) 
PARAMETRIC_REPRESENTATION_CONTEXT() REPRESENTATION_CONTEXT('2D SPACE',''
  ) );
#10637 = PCURVE('',#10607,#10638);
#10638 = DEFINITIONAL_REPRESENTATION('',(#10639),#10643);
#10639 = LINE('',#10640,#10641);
#10640 = CARTESIAN_POINT('',(6.28318530718,0.));
#10641 = VECTOR('',#10642,1.);
#10642 = DIRECTION('',(0.,1.));
#10643 = ( GEOMETRIC_REPRESENTATION_CONTEXT(2) 
PARAMETRIC_REPRESENTATION_CONTEXT() REPRESENTATION_CONTEXT('2D SPACE',''
  ) );
#10644 = ORIENTED_EDGE('',*,*,#10586,.T.);
#10645 = ORIENTED_EDGE('',*,*,#10622,.T.);
#10646 = ORIENTED_EDGE('',*,*,#10647,.F.);
#10647 = EDGE_CURVE('',#10623,#10623,#10648,.T.);
#10648 = SURFACE_CURVE('',#10649,(#10654,#10661),.PCURVE_S1.);
#10649 = CIRCLE('',#10650,0.155);
#10650 = AXIS2_PLACEMENT_3D('',#10651,#10652,#10653);
#10651 = CARTESIAN_POINT('',(1.6,-0.4,-5.));
#10652 = DIRECTION('',(-1.110223024625E-16,1.232595164408E-32,-1.));
#10653 = DIRECTION('',(4.784163422067E-16,1.,-4.078893220341E-32));
#10654 = PCURVE('',#10607,#10655);
#10655 = DEFINITIONAL_REPRESENTATION('',(#10656),#10660);
#10656 = LINE('',#10657,#10658);
#10657 = CARTESIAN_POINT('',(0.,5.));
#10658 = VECTOR('',#10659,1.);
#10659 = DIRECTION('',(1.,0.));
#10660 = ( GEOMETRIC_REPRESENTATION_CONTEXT(2) 
PARAMETRIC_REPRESENTATION_CONTEXT() REPRESENTATION_CONTEXT('2D SPACE',''
  ) );
#10661 = PCURVE('',#10662,#10667);
#10662 = TOROIDAL_SURFACE('',#10663,0.4,0.155);
#10663 = AXIS2_PLACEMENT_3D('',#10664,#10665,#10666);
#10664 = CARTESIAN_POINT('',(1.6,5.551115123126E-17,-5.));
#10665 = DIRECTION('',(1.,-1.110223024625E-16,-1.110223024625E-16));
#10666 = DIRECTION('',(-1.110223024625E-16,-1.,0.));
#10667 = DEFINITIONAL_REPRESENTATION('',(#10668),#10672);
#10668 = LINE('',#10669,#10670);
#10669 = CARTESIAN_POINT('',(0.,9.424777960769));
#10670 = VECTOR('',#10671,1.);
#10671 = DIRECTION('',(-0.,-1.));
#10672 = ( GEOMETRIC_REPRESENTATION_CONTEXT(2) 
PARAMETRIC_REPRESENTATION_CONTEXT() REPRESENTATION_CONTEXT('2D SPACE',''
  ) );
#10673 = ADVANCED_FACE('',(#10674),#10662,.T.);
#10674 = FACE_BOUND('',#10675,.T.);
#10675 = EDGE_LOOP('',(#10676,#10700,#10727,#10728));
#10676 = ORIENTED_EDGE('',*,*,#10677,.T.);
#10677 = EDGE_CURVE('',#10623,#10678,#10680,.T.);
#10678 = VERTEX_POINT('',#10679);
#10679 = CARTESIAN_POINT('',(1.6,0.245,-5.));
#10680 = SEAM_CURVE('',#10681,(#10686,#10693),.PCURVE_S1.);
#10681 = CIRCLE('',#10682,0.245);
#10682 = AXIS2_PLACEMENT_3D('',#10683,#10684,#10685);
#10683 = CARTESIAN_POINT('',(1.6,5.551115123126E-17,-5.));
#10684 = DIRECTION('',(1.,-1.110223024625E-16,-1.110223024625E-16));
#10685 = DIRECTION('',(-1.110223024625E-16,-1.,0.));
#10686 = PCURVE('',#10662,#10687);
#10687 = DEFINITIONAL_REPRESENTATION('',(#10688),#10692);
#10688 = LINE('',#10689,#10690);
#10689 = CARTESIAN_POINT('',(0.,3.14159265359));
#10690 = VECTOR('',#10691,1.);
#10691 = DIRECTION('',(1.,0.));
#10692 = ( GEOMETRIC_REPRESENTATION_CONTEXT(2) 
PARAMETRIC_REPRESENTATION_CONTEXT() REPRESENTATION_CONTEXT('2D SPACE',''
  ) );
#10693 = PCURVE('',#10662,#10694);
#10694 = DEFINITIONAL_REPRESENTATION('',(#10695),#10699);
#10695 = LINE('',#10696,#10697);
#10696 = CARTESIAN_POINT('',(0.,9.424777960769));
#10697 = VECTOR('',#10698,1.);
#10698 = DIRECTION('',(1.,0.));
#10699 = ( GEOMETRIC_REPRESENTATION_CONTEXT(2) 
PARAMETRIC_REPRESENTATION_CONTEXT() REPRESENTATION_CONTEXT('2D SPACE',''
  ) );
#10700 = ORIENTED_EDGE('',*,*,#10701,.T.);
#10701 = EDGE_CURVE('',#10678,#10678,#10702,.T.);
#10702 = SURFACE_CURVE('',#10703,(#10708,#10715),.PCURVE_S1.);
#10703 = CIRCLE('',#10704,0.155);
#10704 = AXIS2_PLACEMENT_3D('',#10705,#10706,#10707);
#10705 = CARTESIAN_POINT('',(1.6,0.4,-5.));
#10706 = DIRECTION('',(-1.110223024625E-16,-1.224646799147E-16,-1.));
#10707 = DIRECTION('',(1.110223024625E-16,1.,-1.224646799147E-16));
#10708 = PCURVE('',#10662,#10709);
#10709 = DEFINITIONAL_REPRESENTATION('',(#10710),#10714);
#10710 = LINE('',#10711,#10712);
#10711 = CARTESIAN_POINT('',(3.14159265359,0.));
#10712 = VECTOR('',#10713,1.);
#10713 = DIRECTION('',(0.,1.));
#10714 = ( GEOMETRIC_REPRESENTATION_CONTEXT(2) 
PARAMETRIC_REPRESENTATION_CONTEXT() REPRESENTATION_CONTEXT('2D SPACE',''
  ) );
#10715 = PCURVE('',#10716,#10721);
#10716 = CYLINDRICAL_SURFACE('',#10717,0.155);
#10717 = AXIS2_PLACEMENT_3D('',#10718,#10719,#10720);
#10718 = CARTESIAN_POINT('',(1.6,0.4,-5.));
#10719 = DIRECTION('',(1.110223024625E-16,1.110223024625E-16,1.));
#10720 = DIRECTION('',(-1.110223024625E-16,-1.,1.110223024625E-16));
#10721 = DEFINITIONAL_REPRESENTATION('',(#10722),#10726);
#10722 = LINE('',#10723,#10724);
#10723 = CARTESIAN_POINT('',(9.424777960769,0.));
#10724 = VECTOR('',#10725,1.);
#10725 = DIRECTION('',(-1.,-0.));
#10726 = ( GEOMETRIC_REPRESENTATION_CONTEXT(2) 
PARAMETRIC_REPRESENTATION_CONTEXT() REPRESENTATION_CONTEXT('2D SPACE',''
  ) );
#10727 = ORIENTED_EDGE('',*,*,#10677,.F.);
#10728 = ORIENTED_EDGE('',*,*,#10647,.T.);
#10729 = ADVANCED_FACE('',(#10730,#10733),#10562,.F.);
#10730 = FACE_BOUND('',#10731,.F.);
#10731 = EDGE_LOOP('',(#10732));
#10732 = ORIENTED_EDGE('',*,*,#10547,.T.);
#10733 = FACE_BOUND('',#10734,.F.);
#10734 = EDGE_LOOP('',(#10735));
#10735 = ORIENTED_EDGE('',*,*,#10736,.F.);
#10736 = EDGE_CURVE('',#10737,#10737,#10739,.T.);
#10737 = VERTEX_POINT('',#10738);
#10738 = CARTESIAN_POINT('',(1.6,0.245,0.));
#10739 = SURFACE_CURVE('',#10740,(#10745,#10756),.PCURVE_S1.);
#10740 = CIRCLE('',#10741,0.155);
#10741 = AXIS2_PLACEMENT_3D('',#10742,#10743,#10744);
#10742 = CARTESIAN_POINT('',(1.6,0.4,0.));
#10743 = DIRECTION('',(1.110223024625E-16,1.110223024625E-16,1.));
#10744 = DIRECTION('',(-1.110223024625E-16,-1.,1.110223024625E-16));
#10745 = PCURVE('',#10562,#10746);
#10746 = DEFINITIONAL_REPRESENTATION('',(#10747),#10755);
#10747 = ( BOUNDED_CURVE() B_SPLINE_CURVE(2,(#10748,#10749,#10750,#10751
    ,#10752,#10753,#10754),.UNSPECIFIED.,.T.,.F.) 
B_SPLINE_CURVE_WITH_KNOTS((1,2,2,2,2,1),(-2.094395102393,0.,
    2.094395102393,4.188790204786,6.28318530718,8.377580409573),
.UNSPECIFIED.) CURVE() GEOMETRIC_REPRESENTATION_ITEM() 
RATIONAL_B_SPLINE_CURVE((1.,0.5,1.,0.5,1.,0.5,1.)) REPRESENTATION_ITEM(
  '') );
#10748 = CARTESIAN_POINT('',(1.232595164408E-32,-0.155));
#10749 = CARTESIAN_POINT('',(-0.268467875173,-0.155));
#10750 = CARTESIAN_POINT('',(-0.134233937587,7.75E-02));
#10751 = CARTESIAN_POINT('',(-3.796405077357E-17,0.31));
#10752 = CARTESIAN_POINT('',(0.134233937587,7.75E-02));
#10753 = CARTESIAN_POINT('',(0.268467875173,-0.155));
#10754 = CARTESIAN_POINT('',(1.232595164408E-32,-0.155));
#10755 = ( GEOMETRIC_REPRESENTATION_CONTEXT(2) 
PARAMETRIC_REPRESENTATION_CONTEXT() REPRESENTATION_CONTEXT('2D SPACE',''
  ) );
#10756 = PCURVE('',#10716,#10757);
#10757 = DEFINITIONAL_REPRESENTATION('',(#10758),#10762);
#10758 = LINE('',#10759,#10760);
#10759 = CARTESIAN_POINT('',(0.,5.));
#10760 = VECTOR('',#10761,1.);
#10761 = DIRECTION('',(1.,0.));
#10762 = ( GEOMETRIC_REPRESENTATION_CONTEXT(2) 
PARAMETRIC_REPRESENTATION_CONTEXT() REPRESENTATION_CONTEXT('2D SPACE',''
  ) );
#10763 = ADVANCED_FACE('',(#10764),#10716,.T.);
#10764 = FACE_BOUND('',#10765,.T.);
#10765 = EDGE_LOOP('',(#10766,#10787,#10788,#10789));
#10766 = ORIENTED_EDGE('',*,*,#10767,.F.);
#10767 = EDGE_CURVE('',#10678,#10737,#10768,.T.);
#10768 = SEAM_CURVE('',#10769,(#10773,#10780),.PCURVE_S1.);
#10769 = LINE('',#10770,#10771);
#10770 = CARTESIAN_POINT('',(1.6,0.245,-5.));
#10771 = VECTOR('',#10772,1.);
#10772 = DIRECTION('',(1.110223024625E-16,1.110223024625E-16,1.));
#10773 = PCURVE('',#10716,#10774);
#10774 = DEFINITIONAL_REPRESENTATION('',(#10775),#10779);
#10775 = LINE('',#10776,#10777);
#10776 = CARTESIAN_POINT('',(0.,0.));
#10777 = VECTOR('',#10778,1.);
#10778 = DIRECTION('',(0.,1.));
#10779 = ( GEOMETRIC_REPRESENTATION_CONTEXT(2) 
PARAMETRIC_REPRESENTATION_CONTEXT() REPRESENTATION_CONTEXT('2D SPACE',''
  ) );
#10780 = PCURVE('',#10716,#10781);
#10781 = DEFINITIONAL_REPRESENTATION('',(#10782),#10786);
#10782 = LINE('',#10783,#10784);
#10783 = CARTESIAN_POINT('',(6.28318530718,0.));
#10784 = VECTOR('',#10785,1.);
#10785 = DIRECTION('',(0.,1.));
#10786 = ( GEOMETRIC_REPRESENTATION_CONTEXT(2) 
PARAMETRIC_REPRESENTATION_CONTEXT() REPRESENTATION_CONTEXT('2D SPACE',''
  ) );
#10787 = ORIENTED_EDGE('',*,*,#10701,.F.);
#10788 = ORIENTED_EDGE('',*,*,#10767,.T.);
#10789 = ORIENTED_EDGE('',*,*,#10736,.F.);
#10790 = MANIFOLD_SOLID_BREP('',#10791);
#10791 = CLOSED_SHELL('',(#10792,#10884,#10940,#10999,#11038,#11093,
    #11149,#11183));
#10792 = ADVANCED_FACE('',(#10793),#10807,.F.);
#10793 = FACE_BOUND('',#10794,.F.);
#10794 = EDGE_LOOP('',(#10795,#10825,#10852,#10853));
#10795 = ORIENTED_EDGE('',*,*,#10796,.T.);
#10796 = EDGE_CURVE('',#10797,#10799,#10801,.T.);
#10797 = VERTEX_POINT('',#10798);
#10798 = CARTESIAN_POINT('',(-1.6,-0.25,0.));
#10799 = VERTEX_POINT('',#10800);
#10800 = CARTESIAN_POINT('',(-1.6,-0.25,-5.));
#10801 = SEAM_CURVE('',#10802,(#10806,#10818),.PCURVE_S1.);
#10802 = LINE('',#10803,#10804);
#10803 = CARTESIAN_POINT('',(-1.6,-0.25,4.078893220341E-33));
#10804 = VECTOR('',#10805,1.);
#10805 = DIRECTION('',(-1.110223024625E-16,1.232595164408E-32,-1.));
#10806 = PCURVE('',#10807,#10812);
#10807 = CYLINDRICAL_SURFACE('',#10808,0.15);
#10808 = AXIS2_PLACEMENT_3D('',#10809,#10810,#10811);
#10809 = CARTESIAN_POINT('',(-1.6,-0.4,0.));
#10810 = DIRECTION('',(-1.110223024625E-16,1.232595164408E-32,-1.));
#10811 = DIRECTION('',(1.110223024625E-16,1.,0.));
#10812 = DEFINITIONAL_REPRESENTATION('',(#10813),#10817);
#10813 = LINE('',#10814,#10815);
#10814 = CARTESIAN_POINT('',(6.28318530718,0.));
#10815 = VECTOR('',#10816,1.);
#10816 = DIRECTION('',(0.,1.));
#10817 = ( GEOMETRIC_REPRESENTATION_CONTEXT(2) 
PARAMETRIC_REPRESENTATION_CONTEXT() REPRESENTATION_CONTEXT('2D SPACE',''
  ) );
#10818 = PCURVE('',#10807,#10819);
#10819 = DEFINITIONAL_REPRESENTATION('',(#10820),#10824);
#10820 = LINE('',#10821,#10822);
#10821 = CARTESIAN_POINT('',(0.,0.));
#10822 = VECTOR('',#10823,1.);
#10823 = DIRECTION('',(0.,1.));
#10824 = ( GEOMETRIC_REPRESENTATION_CONTEXT(2) 
PARAMETRIC_REPRESENTATION_CONTEXT() REPRESENTATION_CONTEXT('2D SPACE',''
  ) );
#10825 = ORIENTED_EDGE('',*,*,#10826,.F.);
#10826 = EDGE_CURVE('',#10799,#10799,#10827,.T.);
#10827 = SURFACE_CURVE('',#10828,(#10833,#10840),.PCURVE_S1.);
#10828 = CIRCLE('',#10829,0.15);
#10829 = AXIS2_PLACEMENT_3D('',#10830,#10831,#10832);
#10830 = CARTESIAN_POINT('',(-1.6,-0.4,-5.));
#10831 = DIRECTION('',(-1.110223024625E-16,1.232595164408E-32,-1.));
#10832 = DIRECTION('',(1.110223024625E-16,1.,0.));
#10833 = PCURVE('',#10807,#10834);
#10834 = DEFINITIONAL_REPRESENTATION('',(#10835),#10839);
#10835 = LINE('',#10836,#10837);
#10836 = CARTESIAN_POINT('',(0.,5.));
#10837 = VECTOR('',#10838,1.);
#10838 = DIRECTION('',(1.,0.));
#10839 = ( GEOMETRIC_REPRESENTATION_CONTEXT(2) 
PARAMETRIC_REPRESENTATION_CONTEXT() REPRESENTATION_CONTEXT('2D SPACE',''
  ) );
#10840 = PCURVE('',#10841,#10846);
#10841 = TOROIDAL_SURFACE('',#10842,0.4,0.15);
#10842 = AXIS2_PLACEMENT_3D('',#10843,#10844,#10845);
#10843 = CARTESIAN_POINT('',(-1.6,5.551115123126E-17,-5.));
#10844 = DIRECTION('',(1.,-1.110223024625E-16,-1.110223024625E-16));
#10845 = DIRECTION('',(-1.110223024625E-16,-1.,0.));
#10846 = DEFINITIONAL_REPRESENTATION('',(#10847),#10851);
#10847 = LINE('',#10848,#10849);
#10848 = CARTESIAN_POINT('',(0.,9.424777960769));
#10849 = VECTOR('',#10850,1.);
#10850 = DIRECTION('',(-0.,-1.));
#10851 = ( GEOMETRIC_REPRESENTATION_CONTEXT(2) 
PARAMETRIC_REPRESENTATION_CONTEXT() REPRESENTATION_CONTEXT('2D SPACE',''
  ) );
#10852 = ORIENTED_EDGE('',*,*,#10796,.F.);
#10853 = ORIENTED_EDGE('',*,*,#10854,.T.);
#10854 = EDGE_CURVE('',#10797,#10797,#10855,.T.);
#10855 = SURFACE_CURVE('',#10856,(#10861,#10868),.PCURVE_S1.);
#10856 = CIRCLE('',#10857,0.15);
#10857 = AXIS2_PLACEMENT_3D('',#10858,#10859,#10860);
#10858 = CARTESIAN_POINT('',(-1.6,-0.4,0.));
#10859 = DIRECTION('',(-1.110223024625E-16,1.232595164408E-32,-1.));
#10860 = DIRECTION('',(1.110223024625E-16,1.,0.));
#10861 = PCURVE('',#10807,#10862);
#10862 = DEFINITIONAL_REPRESENTATION('',(#10863),#10867);
#10863 = LINE('',#10864,#10865);
#10864 = CARTESIAN_POINT('',(0.,0.));
#10865 = VECTOR('',#10866,1.);
#10866 = DIRECTION('',(1.,0.));
#10867 = ( GEOMETRIC_REPRESENTATION_CONTEXT(2) 
PARAMETRIC_REPRESENTATION_CONTEXT() REPRESENTATION_CONTEXT('2D SPACE',''
  ) );
#10868 = PCURVE('',#10869,#10874);
#10869 = PLANE('',#10870);
#10870 = AXIS2_PLACEMENT_3D('',#10871,#10872,#10873);
#10871 = CARTESIAN_POINT('',(-1.6,-0.4,-3.08572171572E-34));
#10872 = DIRECTION('',(1.110223024625E-16,-1.232595164408E-32,1.));
#10873 = DIRECTION('',(1.,-1.110223024625E-16,-1.110223024625E-16));
#10874 = DEFINITIONAL_REPRESENTATION('',(#10875),#10883);
#10875 = ( BOUNDED_CURVE() B_SPLINE_CURVE(2,(#10876,#10877,#10878,#10879
    ,#10880,#10881,#10882),.UNSPECIFIED.,.T.,.F.) 
B_SPLINE_CURVE_WITH_KNOTS((1,2,2,2,2,1),(-2.094395102393,0.,
    2.094395102393,4.188790204786,6.28318530718,8.377580409573),
.UNSPECIFIED.) CURVE() GEOMETRIC_REPRESENTATION_ITEM() 
RATIONAL_B_SPLINE_CURVE((1.,0.5,1.,0.5,1.,0.5,1.)) REPRESENTATION_ITEM(
  '') );
#10876 = CARTESIAN_POINT('',(0.,0.15));
#10877 = CARTESIAN_POINT('',(0.259807621135,0.15));
#10878 = CARTESIAN_POINT('',(0.129903810568,-7.5E-02));
#10879 = CARTESIAN_POINT('',(3.673940397442E-17,-0.3));
#10880 = CARTESIAN_POINT('',(-0.129903810568,-7.5E-02));
#10881 = CARTESIAN_POINT('',(-0.259807621135,0.15));
#10882 = CARTESIAN_POINT('',(0.,0.15));
#10883 = ( GEOMETRIC_REPRESENTATION_CONTEXT(2) 
PARAMETRIC_REPRESENTATION_CONTEXT() REPRESENTATION_CONTEXT('2D SPACE',''
  ) );
#10884 = ADVANCED_FACE('',(#10885),#10841,.F.);
#10885 = FACE_BOUND('',#10886,.F.);
#10886 = EDGE_LOOP('',(#10887,#10911,#10938,#10939));
#10887 = ORIENTED_EDGE('',*,*,#10888,.T.);
#10888 = EDGE_CURVE('',#10799,#10889,#10891,.T.);
#10889 = VERTEX_POINT('',#10890);
#10890 = CARTESIAN_POINT('',(-1.6,0.25,-5.));
#10891 = SEAM_CURVE('',#10892,(#10897,#10904),.PCURVE_S1.);
#10892 = CIRCLE('',#10893,0.25);
#10893 = AXIS2_PLACEMENT_3D('',#10894,#10895,#10896);
#10894 = CARTESIAN_POINT('',(-1.6,5.551115123126E-17,-5.));
#10895 = DIRECTION('',(1.,-1.110223024625E-16,-1.110223024625E-16));
#10896 = DIRECTION('',(-1.110223024625E-16,-1.,0.));
#10897 = PCURVE('',#10841,#10898);
#10898 = DEFINITIONAL_REPRESENTATION('',(#10899),#10903);
#10899 = LINE('',#10900,#10901);
#10900 = CARTESIAN_POINT('',(0.,3.14159265359));
#10901 = VECTOR('',#10902,1.);
#10902 = DIRECTION('',(1.,0.));
#10903 = ( GEOMETRIC_REPRESENTATION_CONTEXT(2) 
PARAMETRIC_REPRESENTATION_CONTEXT() REPRESENTATION_CONTEXT('2D SPACE',''
  ) );
#10904 = PCURVE('',#10841,#10905);
#10905 = DEFINITIONAL_REPRESENTATION('',(#10906),#10910);
#10906 = LINE('',#10907,#10908);
#10907 = CARTESIAN_POINT('',(0.,9.424777960769));
#10908 = VECTOR('',#10909,1.);
#10909 = DIRECTION('',(1.,0.));
#10910 = ( GEOMETRIC_REPRESENTATION_CONTEXT(2) 
PARAMETRIC_REPRESENTATION_CONTEXT() REPRESENTATION_CONTEXT('2D SPACE',''
  ) );
#10911 = ORIENTED_EDGE('',*,*,#10912,.T.);
#10912 = EDGE_CURVE('',#10889,#10889,#10913,.T.);
#10913 = SURFACE_CURVE('',#10914,(#10919,#10926),.PCURVE_S1.);
#10914 = CIRCLE('',#10915,0.15);
#10915 = AXIS2_PLACEMENT_3D('',#10916,#10917,#10918);
#10916 = CARTESIAN_POINT('',(-1.6,0.4,-5.));
#10917 = DIRECTION('',(-1.110223024625E-16,-1.224646799147E-16,-1.));
#10918 = DIRECTION('',(1.110223024625E-16,1.,-1.224646799147E-16));
#10919 = PCURVE('',#10841,#10920);
#10920 = DEFINITIONAL_REPRESENTATION('',(#10921),#10925);
#10921 = LINE('',#10922,#10923);
#10922 = CARTESIAN_POINT('',(3.14159265359,0.));
#10923 = VECTOR('',#10924,1.);
#10924 = DIRECTION('',(0.,1.));
#10925 = ( GEOMETRIC_REPRESENTATION_CONTEXT(2) 
PARAMETRIC_REPRESENTATION_CONTEXT() REPRESENTATION_CONTEXT('2D SPACE',''
  ) );
#10926 = PCURVE('',#10927,#10932);
#10927 = CYLINDRICAL_SURFACE('',#10928,0.15);
#10928 = AXIS2_PLACEMENT_3D('',#10929,#10930,#10931);
#10929 = CARTESIAN_POINT('',(-1.6,0.4,-5.));
#10930 = DIRECTION('',(1.110223024625E-16,1.110223024625E-16,1.));
#10931 = DIRECTION('',(-1.110223024625E-16,-1.,1.110223024625E-16));
#10932 = DEFINITIONAL_REPRESENTATION('',(#10933),#10937);
#10933 = LINE('',#10934,#10935);
#10934 = CARTESIAN_POINT('',(9.424777960769,0.));
#10935 = VECTOR('',#10936,1.);
#10936 = DIRECTION('',(-1.,-0.));
#10937 = ( GEOMETRIC_REPRESENTATION_CONTEXT(2) 
PARAMETRIC_REPRESENTATION_CONTEXT() REPRESENTATION_CONTEXT('2D SPACE',''
  ) );
#10938 = ORIENTED_EDGE('',*,*,#10888,.F.);
#10939 = ORIENTED_EDGE('',*,*,#10826,.T.);
#10940 = ADVANCED_FACE('',(#10941),#10927,.F.);
#10941 = FACE_BOUND('',#10942,.F.);
#10942 = EDGE_LOOP('',(#10943,#10966,#10997,#10998));
#10943 = ORIENTED_EDGE('',*,*,#10944,.T.);
#10944 = EDGE_CURVE('',#10889,#10945,#10947,.T.);
#10945 = VERTEX_POINT('',#10946);
#10946 = CARTESIAN_POINT('',(-1.6,0.25,0.));
#10947 = SEAM_CURVE('',#10948,(#10952,#10959),.PCURVE_S1.);
#10948 = LINE('',#10949,#10950);
#10949 = CARTESIAN_POINT('',(-1.6,0.25,-5.));
#10950 = VECTOR('',#10951,1.);
#10951 = DIRECTION('',(1.110223024625E-16,1.110223024625E-16,1.));
#10952 = PCURVE('',#10927,#10953);
#10953 = DEFINITIONAL_REPRESENTATION('',(#10954),#10958);
#10954 = LINE('',#10955,#10956);
#10955 = CARTESIAN_POINT('',(6.28318530718,0.));
#10956 = VECTOR('',#10957,1.);
#10957 = DIRECTION('',(0.,1.));
#10958 = ( GEOMETRIC_REPRESENTATION_CONTEXT(2) 
PARAMETRIC_REPRESENTATION_CONTEXT() REPRESENTATION_CONTEXT('2D SPACE',''
  ) );
#10959 = PCURVE('',#10927,#10960);
#10960 = DEFINITIONAL_REPRESENTATION('',(#10961),#10965);
#10961 = LINE('',#10962,#10963);
#10962 = CARTESIAN_POINT('',(0.,0.));
#10963 = VECTOR('',#10964,1.);
#10964 = DIRECTION('',(0.,1.));
#10965 = ( GEOMETRIC_REPRESENTATION_CONTEXT(2) 
PARAMETRIC_REPRESENTATION_CONTEXT() REPRESENTATION_CONTEXT('2D SPACE',''
  ) );
#10966 = ORIENTED_EDGE('',*,*,#10967,.F.);
#10967 = EDGE_CURVE('',#10945,#10945,#10968,.T.);
#10968 = SURFACE_CURVE('',#10969,(#10974,#10981),.PCURVE_S1.);
#10969 = CIRCLE('',#10970,0.15);
#10970 = AXIS2_PLACEMENT_3D('',#10971,#10972,#10973);
#10971 = CARTESIAN_POINT('',(-1.6,0.4,0.));
#10972 = DIRECTION('',(1.110223024625E-16,1.110223024625E-16,1.));
#10973 = DIRECTION('',(-1.110223024625E-16,-1.,1.110223024625E-16));
#10974 = PCURVE('',#10927,#10975);
#10975 = DEFINITIONAL_REPRESENTATION('',(#10976),#10980);
#10976 = LINE('',#10977,#10978);
#10977 = CARTESIAN_POINT('',(0.,5.));
#10978 = VECTOR('',#10979,1.);
#10979 = DIRECTION('',(1.,0.));
#10980 = ( GEOMETRIC_REPRESENTATION_CONTEXT(2) 
PARAMETRIC_REPRESENTATION_CONTEXT() REPRESENTATION_CONTEXT('2D SPACE',''
  ) );
#10981 = PCURVE('',#10982,#10987);
#10982 = PLANE('',#10983);
#10983 = AXIS2_PLACEMENT_3D('',#10984,#10985,#10986);
#10984 = CARTESIAN_POINT('',(-1.6,0.4,-2.285347588163E-33));
#10985 = DIRECTION('',(-1.110223024625E-16,1.232595164408E-32,-1.));
#10986 = DIRECTION('',(-1.,1.110223024625E-16,1.110223024625E-16));
#10987 = DEFINITIONAL_REPRESENTATION('',(#10988),#10996);
#10988 = ( BOUNDED_CURVE() B_SPLINE_CURVE(2,(#10989,#10990,#10991,#10992
    ,#10993,#10994,#10995),.UNSPECIFIED.,.T.,.F.) 
B_SPLINE_CURVE_WITH_KNOTS((1,2,2,2,2,1),(-2.094395102393,0.,
    2.094395102393,4.188790204786,6.28318530718,8.377580409573),
.UNSPECIFIED.) CURVE() GEOMETRIC_REPRESENTATION_ITEM() 
RATIONAL_B_SPLINE_CURVE((1.,0.5,1.,0.5,1.,0.5,1.)) REPRESENTATION_ITEM(
  '') );
#10989 = CARTESIAN_POINT('',(1.232595164408E-32,-0.15));
#10990 = CARTESIAN_POINT('',(-0.259807621135,-0.15));
#10991 = CARTESIAN_POINT('',(-0.129903810568,7.5E-02));
#10992 = CARTESIAN_POINT('',(-3.673940397442E-17,0.3));
#10993 = CARTESIAN_POINT('',(0.129903810568,7.5E-02));
#10994 = CARTESIAN_POINT('',(0.259807621135,-0.15));
#10995 = CARTESIAN_POINT('',(1.232595164408E-32,-0.15));
#10996 = ( GEOMETRIC_REPRESENTATION_CONTEXT(2) 
PARAMETRIC_REPRESENTATION_CONTEXT() REPRESENTATION_CONTEXT('2D SPACE',''
  ) );
#10997 = ORIENTED_EDGE('',*,*,#10944,.F.);
#10998 = ORIENTED_EDGE('',*,*,#10912,.F.);
#10999 = ADVANCED_FACE('',(#11000,#11003),#10869,.T.);
#11000 = FACE_BOUND('',#11001,.T.);
#11001 = EDGE_LOOP('',(#11002));
#11002 = ORIENTED_EDGE('',*,*,#10854,.T.);
#11003 = FACE_BOUND('',#11004,.T.);
#11004 = EDGE_LOOP('',(#11005));
#11005 = ORIENTED_EDGE('',*,*,#11006,.F.);
#11006 = EDGE_CURVE('',#11007,#11007,#11009,.T.);
#11007 = VERTEX_POINT('',#11008);
#11008 = CARTESIAN_POINT('',(-1.6,-0.245,4.214856327685E-33));
#11009 = SURFACE_CURVE('',#11010,(#11015,#11026),.PCURVE_S1.);
#11010 = CIRCLE('',#11011,0.155);
#11011 = AXIS2_PLACEMENT_3D('',#11012,#11013,#11014);
#11012 = CARTESIAN_POINT('',(-1.6,-0.4,0.));
#11013 = DIRECTION('',(-1.110223024625E-16,1.232595164408E-32,-1.));
#11014 = DIRECTION('',(1.110223024625E-16,1.,0.));
#11015 = PCURVE('',#10869,#11016);
#11016 = DEFINITIONAL_REPRESENTATION('',(#11017),#11025);
#11017 = ( BOUNDED_CURVE() B_SPLINE_CURVE(2,(#11018,#11019,#11020,#11021
    ,#11022,#11023,#11024),.UNSPECIFIED.,.T.,.F.) 
B_SPLINE_CURVE_WITH_KNOTS((1,2,2,2,2,1),(-2.094395102393,0.,
    2.094395102393,4.188790204786,6.28318530718,8.377580409573),
.UNSPECIFIED.) CURVE() GEOMETRIC_REPRESENTATION_ITEM() 
RATIONAL_B_SPLINE_CURVE((1.,0.5,1.,0.5,1.,0.5,1.)) REPRESENTATION_ITEM(
  '') );
#11018 = CARTESIAN_POINT('',(0.,0.155));
#11019 = CARTESIAN_POINT('',(0.268467875173,0.155));
#11020 = CARTESIAN_POINT('',(0.134233937587,-7.75E-02));
#11021 = CARTESIAN_POINT('',(3.796405077357E-17,-0.31));
#11022 = CARTESIAN_POINT('',(-0.134233937587,-7.75E-02));
#11023 = CARTESIAN_POINT('',(-0.268467875173,0.155));
#11024 = CARTESIAN_POINT('',(0.,0.155));
#11025 = ( GEOMETRIC_REPRESENTATION_CONTEXT(2) 
PARAMETRIC_REPRESENTATION_CONTEXT() REPRESENTATION_CONTEXT('2D SPACE',''
  ) );
#11026 = PCURVE('',#11027,#11032);
#11027 = CYLINDRICAL_SURFACE('',#11028,0.155);
#11028 = AXIS2_PLACEMENT_3D('',#11029,#11030,#11031);
#11029 = CARTESIAN_POINT('',(-1.6,-0.4,0.));
#11030 = DIRECTION('',(-1.110223024625E-16,1.232595164408E-32,-1.));
#11031 = DIRECTION('',(1.110223024625E-16,1.,0.));
#11032 = DEFINITIONAL_REPRESENTATION('',(#11033),#11037);
#11033 = LINE('',#11034,#11035);
#11034 = CARTESIAN_POINT('',(0.,0.));
#11035 = VECTOR('',#11036,1.);
#11036 = DIRECTION('',(1.,0.));
#11037 = ( GEOMETRIC_REPRESENTATION_CONTEXT(2) 
PARAMETRIC_REPRESENTATION_CONTEXT() REPRESENTATION_CONTEXT('2D SPACE',''
  ) );
#11038 = ADVANCED_FACE('',(#11039),#11027,.T.);
#11039 = FACE_BOUND('',#11040,.T.);
#11040 = EDGE_LOOP('',(#11041,#11064,#11065,#11066));
#11041 = ORIENTED_EDGE('',*,*,#11042,.F.);
#11042 = EDGE_CURVE('',#11007,#11043,#11045,.T.);
#11043 = VERTEX_POINT('',#11044);
#11044 = CARTESIAN_POINT('',(-1.6,-0.245,-5.));
#11045 = SEAM_CURVE('',#11046,(#11050,#11057),.PCURVE_S1.);
#11046 = LINE('',#11047,#11048);
#11047 = CARTESIAN_POINT('',(-1.6,-0.245,4.214856327685E-33));
#11048 = VECTOR('',#11049,1.);
#11049 = DIRECTION('',(-1.110223024625E-16,1.232595164408E-32,-1.));
#11050 = PCURVE('',#11027,#11051);
#11051 = DEFINITIONAL_REPRESENTATION('',(#11052),#11056);
#11052 = LINE('',#11053,#11054);
#11053 = CARTESIAN_POINT('',(0.,0.));
#11054 = VECTOR('',#11055,1.);
#11055 = DIRECTION('',(0.,1.));
#11056 = ( GEOMETRIC_REPRESENTATION_CONTEXT(2) 
PARAMETRIC_REPRESENTATION_CONTEXT() REPRESENTATION_CONTEXT('2D SPACE',''
  ) );
#11057 = PCURVE('',#11027,#11058);
#11058 = DEFINITIONAL_REPRESENTATION('',(#11059),#11063);
#11059 = LINE('',#11060,#11061);
#11060 = CARTESIAN_POINT('',(6.28318530718,0.));
#11061 = VECTOR('',#11062,1.);
#11062 = DIRECTION('',(0.,1.));
#11063 = ( GEOMETRIC_REPRESENTATION_CONTEXT(2) 
PARAMETRIC_REPRESENTATION_CONTEXT() REPRESENTATION_CONTEXT('2D SPACE',''
  ) );
#11064 = ORIENTED_EDGE('',*,*,#11006,.T.);
#11065 = ORIENTED_EDGE('',*,*,#11042,.T.);
#11066 = ORIENTED_EDGE('',*,*,#11067,.F.);
#11067 = EDGE_CURVE('',#11043,#11043,#11068,.T.);
#11068 = SURFACE_CURVE('',#11069,(#11074,#11081),.PCURVE_S1.);
#11069 = CIRCLE('',#11070,0.155);
#11070 = AXIS2_PLACEMENT_3D('',#11071,#11072,#11073);
#11071 = CARTESIAN_POINT('',(-1.6,-0.4,-5.));
#11072 = DIRECTION('',(-1.110223024625E-16,1.232595164408E-32,-1.));
#11073 = DIRECTION('',(4.784163422067E-16,1.,-4.078893220341E-32));
#11074 = PCURVE('',#11027,#11075);
#11075 = DEFINITIONAL_REPRESENTATION('',(#11076),#11080);
#11076 = LINE('',#11077,#11078);
#11077 = CARTESIAN_POINT('',(0.,5.));
#11078 = VECTOR('',#11079,1.);
#11079 = DIRECTION('',(1.,0.));
#11080 = ( GEOMETRIC_REPRESENTATION_CONTEXT(2) 
PARAMETRIC_REPRESENTATION_CONTEXT() REPRESENTATION_CONTEXT('2D SPACE',''
  ) );
#11081 = PCURVE('',#11082,#11087);
#11082 = TOROIDAL_SURFACE('',#11083,0.4,0.155);
#11083 = AXIS2_PLACEMENT_3D('',#11084,#11085,#11086);
#11084 = CARTESIAN_POINT('',(-1.6,5.551115123126E-17,-5.));
#11085 = DIRECTION('',(1.,-1.110223024625E-16,-1.110223024625E-16));
#11086 = DIRECTION('',(-1.110223024625E-16,-1.,0.));
#11087 = DEFINITIONAL_REPRESENTATION('',(#11088),#11092);
#11088 = LINE('',#11089,#11090);
#11089 = CARTESIAN_POINT('',(0.,9.424777960769));
#11090 = VECTOR('',#11091,1.);
#11091 = DIRECTION('',(-0.,-1.));
#11092 = ( GEOMETRIC_REPRESENTATION_CONTEXT(2) 
PARAMETRIC_REPRESENTATION_CONTEXT() REPRESENTATION_CONTEXT('2D SPACE',''
  ) );
#11093 = ADVANCED_FACE('',(#11094),#11082,.T.);
#11094 = FACE_BOUND('',#11095,.T.);
#11095 = EDGE_LOOP('',(#11096,#11120,#11147,#11148));
#11096 = ORIENTED_EDGE('',*,*,#11097,.T.);
#11097 = EDGE_CURVE('',#11043,#11098,#11100,.T.);
#11098 = VERTEX_POINT('',#11099);
#11099 = CARTESIAN_POINT('',(-1.6,0.245,-5.));
#11100 = SEAM_CURVE('',#11101,(#11106,#11113),.PCURVE_S1.);
#11101 = CIRCLE('',#11102,0.245);
#11102 = AXIS2_PLACEMENT_3D('',#11103,#11104,#11105);
#11103 = CARTESIAN_POINT('',(-1.6,5.551115123126E-17,-5.));
#11104 = DIRECTION('',(1.,-1.110223024625E-16,-1.110223024625E-16));
#11105 = DIRECTION('',(-1.110223024625E-16,-1.,0.));
#11106 = PCURVE('',#11082,#11107);
#11107 = DEFINITIONAL_REPRESENTATION('',(#11108),#11112);
#11108 = LINE('',#11109,#11110);
#11109 = CARTESIAN_POINT('',(0.,3.14159265359));
#11110 = VECTOR('',#11111,1.);
#11111 = DIRECTION('',(1.,0.));
#11112 = ( GEOMETRIC_REPRESENTATION_CONTEXT(2) 
PARAMETRIC_REPRESENTATION_CONTEXT() REPRESENTATION_CONTEXT('2D SPACE',''
  ) );
#11113 = PCURVE('',#11082,#11114);
#11114 = DEFINITIONAL_REPRESENTATION('',(#11115),#11119);
#11115 = LINE('',#11116,#11117);
#11116 = CARTESIAN_POINT('',(0.,9.424777960769));
#11117 = VECTOR('',#11118,1.);
#11118 = DIRECTION('',(1.,0.));
#11119 = ( GEOMETRIC_REPRESENTATION_CONTEXT(2) 
PARAMETRIC_REPRESENTATION_CONTEXT() REPRESENTATION_CONTEXT('2D SPACE',''
  ) );
#11120 = ORIENTED_EDGE('',*,*,#11121,.T.);
#11121 = EDGE_CURVE('',#11098,#11098,#11122,.T.);
#11122 = SURFACE_CURVE('',#11123,(#11128,#11135),.PCURVE_S1.);
#11123 = CIRCLE('',#11124,0.155);
#11124 = AXIS2_PLACEMENT_3D('',#11125,#11126,#11127);
#11125 = CARTESIAN_POINT('',(-1.6,0.4,-5.));
#11126 = DIRECTION('',(-1.110223024625E-16,-1.224646799147E-16,-1.));
#11127 = DIRECTION('',(1.110223024625E-16,1.,-1.224646799147E-16));
#11128 = PCURVE('',#11082,#11129);
#11129 = DEFINITIONAL_REPRESENTATION('',(#11130),#11134);
#11130 = LINE('',#11131,#11132);
#11131 = CARTESIAN_POINT('',(3.14159265359,0.));
#11132 = VECTOR('',#11133,1.);
#11133 = DIRECTION('',(0.,1.));
#11134 = ( GEOMETRIC_REPRESENTATION_CONTEXT(2) 
PARAMETRIC_REPRESENTATION_CONTEXT() REPRESENTATION_CONTEXT('2D SPACE',''
  ) );
#11135 = PCURVE('',#11136,#11141);
#11136 = CYLINDRICAL_SURFACE('',#11137,0.155);
#11137 = AXIS2_PLACEMENT_3D('',#11138,#11139,#11140);
#11138 = CARTESIAN_POINT('',(-1.6,0.4,-5.));
#11139 = DIRECTION('',(1.110223024625E-16,1.110223024625E-16,1.));
#11140 = DIRECTION('',(-1.110223024625E-16,-1.,1.110223024625E-16));
#11141 = DEFINITIONAL_REPRESENTATION('',(#11142),#11146);
#11142 = LINE('',#11143,#11144);
#11143 = CARTESIAN_POINT('',(9.424777960769,0.));
#11144 = VECTOR('',#11145,1.);
#11145 = DIRECTION('',(-1.,-0.));
#11146 = ( GEOMETRIC_REPRESENTATION_CONTEXT(2) 
PARAMETRIC_REPRESENTATION_CONTEXT() REPRESENTATION_CONTEXT('2D SPACE',''
  ) );
#11147 = ORIENTED_EDGE('',*,*,#11097,.F.);
#11148 = ORIENTED_EDGE('',*,*,#11067,.T.);
#11149 = ADVANCED_FACE('',(#11150,#11153),#10982,.F.);
#11150 = FACE_BOUND('',#11151,.F.);
#11151 = EDGE_LOOP('',(#11152));
#11152 = ORIENTED_EDGE('',*,*,#10967,.T.);
#11153 = FACE_BOUND('',#11154,.F.);
#11154 = EDGE_LOOP('',(#11155));
#11155 = ORIENTED_EDGE('',*,*,#11156,.F.);
#11156 = EDGE_CURVE('',#11157,#11157,#11159,.T.);
#11157 = VERTEX_POINT('',#11158);
#11158 = CARTESIAN_POINT('',(-1.6,0.245,0.));
#11159 = SURFACE_CURVE('',#11160,(#11165,#11176),.PCURVE_S1.);
#11160 = CIRCLE('',#11161,0.155);
#11161 = AXIS2_PLACEMENT_3D('',#11162,#11163,#11164);
#11162 = CARTESIAN_POINT('',(-1.6,0.4,0.));
#11163 = DIRECTION('',(1.110223024625E-16,1.110223024625E-16,1.));
#11164 = DIRECTION('',(-1.110223024625E-16,-1.,1.110223024625E-16));
#11165 = PCURVE('',#10982,#11166);
#11166 = DEFINITIONAL_REPRESENTATION('',(#11167),#11175);
#11167 = ( BOUNDED_CURVE() B_SPLINE_CURVE(2,(#11168,#11169,#11170,#11171
    ,#11172,#11173,#11174),.UNSPECIFIED.,.T.,.F.) 
B_SPLINE_CURVE_WITH_KNOTS((1,2,2,2,2,1),(-2.094395102393,0.,
    2.094395102393,4.188790204786,6.28318530718,8.377580409573),
.UNSPECIFIED.) CURVE() GEOMETRIC_REPRESENTATION_ITEM() 
RATIONAL_B_SPLINE_CURVE((1.,0.5,1.,0.5,1.,0.5,1.)) REPRESENTATION_ITEM(
  '') );
#11168 = CARTESIAN_POINT('',(1.232595164408E-32,-0.155));
#11169 = CARTESIAN_POINT('',(-0.268467875173,-0.155));
#11170 = CARTESIAN_POINT('',(-0.134233937587,7.75E-02));
#11171 = CARTESIAN_POINT('',(-3.796405077357E-17,0.31));
#11172 = CARTESIAN_POINT('',(0.134233937587,7.75E-02));
#11173 = CARTESIAN_POINT('',(0.268467875173,-0.155));
#11174 = CARTESIAN_POINT('',(1.232595164408E-32,-0.155));
#11175 = ( GEOMETRIC_REPRESENTATION_CONTEXT(2) 
PARAMETRIC_REPRESENTATION_CONTEXT() REPRESENTATION_CONTEXT('2D SPACE',''
  ) );
#11176 = PCURVE('',#11136,#11177);
#11177 = DEFINITIONAL_REPRESENTATION('',(#11178),#11182);
#11178 = LINE('',#11179,#11180);
#11179 = CARTESIAN_POINT('',(0.,5.));
#11180 = VECTOR('',#11181,1.);
#11181 = DIRECTION('',(1.,0.));
#11182 = ( GEOMETRIC_REPRESENTATION_CONTEXT(2) 
PARAMETRIC_REPRESENTATION_CONTEXT() REPRESENTATION_CONTEXT('2D SPACE',''
  ) );
#11183 = ADVANCED_FACE('',(#11184),#11136,.T.);
#11184 = FACE_BOUND('',#11185,.T.);
#11185 = EDGE_LOOP('',(#11186,#11207,#11208,#11209));
#11186 = ORIENTED_EDGE('',*,*,#11187,.F.);
#11187 = EDGE_CURVE('',#11098,#11157,#11188,.T.);
#11188 = SEAM_CURVE('',#11189,(#11193,#11200),.PCURVE_S1.);
#11189 = LINE('',#11190,#11191);
#11190 = CARTESIAN_POINT('',(-1.6,0.245,-5.));
#11191 = VECTOR('',#11192,1.);
#11192 = DIRECTION('',(1.110223024625E-16,1.110223024625E-16,1.));
#11193 = PCURVE('',#11136,#11194);
#11194 = DEFINITIONAL_REPRESENTATION('',(#11195),#11199);
#11195 = LINE('',#11196,#11197);
#11196 = CARTESIAN_POINT('',(0.,0.));
#11197 = VECTOR('',#11198,1.);
#11198 = DIRECTION('',(0.,1.));
#11199 = ( GEOMETRIC_REPRESENTATION_CONTEXT(2) 
PARAMETRIC_REPRESENTATION_CONTEXT() REPRESENTATION_CONTEXT('2D SPACE',''
  ) );
#11200 = PCURVE('',#11136,#11201);
#11201 = DEFINITIONAL_REPRESENTATION('',(#11202),#11206);
#11202 = LINE('',#11203,#11204);
#11203 = CARTESIAN_POINT('',(6.28318530718,0.));
#11204 = VECTOR('',#11205,1.);
#11205 = DIRECTION('',(0.,1.));
#11206 = ( GEOMETRIC_REPRESENTATION_CONTEXT(2) 
PARAMETRIC_REPRESENTATION_CONTEXT() REPRESENTATION_CONTEXT('2D SPACE',''
  ) );
#11207 = ORIENTED_EDGE('',*,*,#11121,.F.);
#11208 = ORIENTED_EDGE('',*,*,#11187,.T.);
#11209 = ORIENTED_EDGE('',*,*,#11156,.F.);
#11210 = MANIFOLD_SOLID_BREP('',#11211);
#11211 = CLOSED_SHELL('',(#11212,#11304,#11360,#11419,#11458,#11513,
    #11569,#11603));
#11212 = ADVANCED_FACE('',(#11213),#11227,.F.);
#11213 = FACE_BOUND('',#11214,.F.);
#11214 = EDGE_LOOP('',(#11215,#11245,#11272,#11273));
#11215 = ORIENTED_EDGE('',*,*,#11216,.T.);
#11216 = EDGE_CURVE('',#11217,#11219,#11221,.T.);
#11217 = VERTEX_POINT('',#11218);
#11218 = CARTESIAN_POINT('',(1.6,-0.65,0.));
#11219 = VERTEX_POINT('',#11220);
#11220 = CARTESIAN_POINT('',(1.6,-0.65,-5.833333333333));
#11221 = SEAM_CURVE('',#11222,(#11226,#11238),.PCURVE_S1.);
#11222 = LINE('',#11223,#11224);
#11223 = CARTESIAN_POINT('',(1.6,-0.65,4.078893220341E-33));
#11224 = VECTOR('',#11225,1.);
#11225 = DIRECTION('',(-1.110223024625E-16,1.232595164408E-32,-1.));
#11226 = PCURVE('',#11227,#11232);
#11227 = CYLINDRICAL_SURFACE('',#11228,0.15);
#11228 = AXIS2_PLACEMENT_3D('',#11229,#11230,#11231);
#11229 = CARTESIAN_POINT('',(1.6,-0.8,0.));
#11230 = DIRECTION('',(-1.110223024625E-16,1.232595164408E-32,-1.));
#11231 = DIRECTION('',(1.110223024625E-16,1.,0.));
#11232 = DEFINITIONAL_REPRESENTATION('',(#11233),#11237);
#11233 = LINE('',#11234,#11235);
#11234 = CARTESIAN_POINT('',(6.28318530718,0.));
#11235 = VECTOR('',#11236,1.);
#11236 = DIRECTION('',(0.,1.));
#11237 = ( GEOMETRIC_REPRESENTATION_CONTEXT(2) 
PARAMETRIC_REPRESENTATION_CONTEXT() REPRESENTATION_CONTEXT('2D SPACE',''
  ) );
#11238 = PCURVE('',#11227,#11239);
#11239 = DEFINITIONAL_REPRESENTATION('',(#11240),#11244);
#11240 = LINE('',#11241,#11242);
#11241 = CARTESIAN_POINT('',(0.,0.));
#11242 = VECTOR('',#11243,1.);
#11243 = DIRECTION('',(0.,1.));
#11244 = ( GEOMETRIC_REPRESENTATION_CONTEXT(2) 
PARAMETRIC_REPRESENTATION_CONTEXT() REPRESENTATION_CONTEXT('2D SPACE',''
  ) );
#11245 = ORIENTED_EDGE('',*,*,#11246,.F.);
#11246 = EDGE_CURVE('',#11219,#11219,#11247,.T.);
#11247 = SURFACE_CURVE('',#11248,(#11253,#11260),.PCURVE_S1.);
#11248 = CIRCLE('',#11249,0.15);
#11249 = AXIS2_PLACEMENT_3D('',#11250,#11251,#11252);
#11250 = CARTESIAN_POINT('',(1.6,-0.8,-5.833333333333));
#11251 = DIRECTION('',(-1.110223024625E-16,1.232595164408E-32,-1.));
#11252 = DIRECTION('',(1.110223024625E-16,1.,0.));
#11253 = PCURVE('',#11227,#11254);
#11254 = DEFINITIONAL_REPRESENTATION('',(#11255),#11259);
#11255 = LINE('',#11256,#11257);
#11256 = CARTESIAN_POINT('',(0.,5.833333333333));
#11257 = VECTOR('',#11258,1.);
#11258 = DIRECTION('',(1.,0.));
#11259 = ( GEOMETRIC_REPRESENTATION_CONTEXT(2) 
PARAMETRIC_REPRESENTATION_CONTEXT() REPRESENTATION_CONTEXT('2D SPACE',''
  ) );
#11260 = PCURVE('',#11261,#11266);
#11261 = TOROIDAL_SURFACE('',#11262,0.8,0.15);
#11262 = AXIS2_PLACEMENT_3D('',#11263,#11264,#11265);
#11263 = CARTESIAN_POINT('',(1.6,1.110223024625E-16,-5.833333333333));
#11264 = DIRECTION('',(1.,-1.110223024625E-16,-1.110223024625E-16));
#11265 = DIRECTION('',(-1.110223024625E-16,-1.,-1.110223024625E-15));
#11266 = DEFINITIONAL_REPRESENTATION('',(#11267),#11271);
#11267 = LINE('',#11268,#11269);
#11268 = CARTESIAN_POINT('',(0.,9.424777960769));
#11269 = VECTOR('',#11270,1.);
#11270 = DIRECTION('',(-0.,-1.));
#11271 = ( GEOMETRIC_REPRESENTATION_CONTEXT(2) 
PARAMETRIC_REPRESENTATION_CONTEXT() REPRESENTATION_CONTEXT('2D SPACE',''
  ) );
#11272 = ORIENTED_EDGE('',*,*,#11216,.F.);
#11273 = ORIENTED_EDGE('',*,*,#11274,.T.);
#11274 = EDGE_CURVE('',#11217,#11217,#11275,.T.);
#11275 = SURFACE_CURVE('',#11276,(#11281,#11288),.PCURVE_S1.);
#11276 = CIRCLE('',#11277,0.15);
#11277 = AXIS2_PLACEMENT_3D('',#11278,#11279,#11280);
#11278 = CARTESIAN_POINT('',(1.6,-0.8,0.));
#11279 = DIRECTION('',(-1.110223024625E-16,1.232595164408E-32,-1.));
#11280 = DIRECTION('',(1.110223024625E-16,1.,0.));
#11281 = PCURVE('',#11227,#11282);
#11282 = DEFINITIONAL_REPRESENTATION('',(#11283),#11287);
#11283 = LINE('',#11284,#11285);
#11284 = CARTESIAN_POINT('',(0.,0.));
#11285 = VECTOR('',#11286,1.);
#11286 = DIRECTION('',(1.,0.));
#11287 = ( GEOMETRIC_REPRESENTATION_CONTEXT(2) 
PARAMETRIC_REPRESENTATION_CONTEXT() REPRESENTATION_CONTEXT('2D SPACE',''
  ) );
#11288 = PCURVE('',#11289,#11294);
#11289 = PLANE('',#11290);
#11290 = AXIS2_PLACEMENT_3D('',#11291,#11292,#11293);
#11291 = CARTESIAN_POINT('',(1.6,-0.8,-3.08572171572E-34));
#11292 = DIRECTION('',(1.110223024625E-16,-1.232595164408E-32,1.));
#11293 = DIRECTION('',(1.,-1.110223024625E-16,-1.110223024625E-16));
#11294 = DEFINITIONAL_REPRESENTATION('',(#11295),#11303);
#11295 = ( BOUNDED_CURVE() B_SPLINE_CURVE(2,(#11296,#11297,#11298,#11299
    ,#11300,#11301,#11302),.UNSPECIFIED.,.T.,.F.) 
B_SPLINE_CURVE_WITH_KNOTS((1,2,2,2,2,1),(-2.094395102393,0.,
    2.094395102393,4.188790204786,6.28318530718,8.377580409573),
.UNSPECIFIED.) CURVE() GEOMETRIC_REPRESENTATION_ITEM() 
RATIONAL_B_SPLINE_CURVE((1.,0.5,1.,0.5,1.,0.5,1.)) REPRESENTATION_ITEM(
  '') );
#11296 = CARTESIAN_POINT('',(0.,0.15));
#11297 = CARTESIAN_POINT('',(0.259807621135,0.15));
#11298 = CARTESIAN_POINT('',(0.129903810568,-7.5E-02));
#11299 = CARTESIAN_POINT('',(3.673940397442E-17,-0.3));
#11300 = CARTESIAN_POINT('',(-0.129903810568,-7.5E-02));
#11301 = CARTESIAN_POINT('',(-0.259807621135,0.15));
#11302 = CARTESIAN_POINT('',(0.,0.15));
#11303 = ( GEOMETRIC_REPRESENTATION_CONTEXT(2) 
PARAMETRIC_REPRESENTATION_CONTEXT() REPRESENTATION_CONTEXT('2D SPACE',''
  ) );
#11304 = ADVANCED_FACE('',(#11305),#11261,.F.);
#11305 = FACE_BOUND('',#11306,.F.);
#11306 = EDGE_LOOP('',(#11307,#11331,#11358,#11359));
#11307 = ORIENTED_EDGE('',*,*,#11308,.T.);
#11308 = EDGE_CURVE('',#11219,#11309,#11311,.T.);
#11309 = VERTEX_POINT('',#11310);
#11310 = CARTESIAN_POINT('',(1.6,0.65,-5.833333333333));
#11311 = SEAM_CURVE('',#11312,(#11317,#11324),.PCURVE_S1.);
#11312 = CIRCLE('',#11313,0.65);
#11313 = AXIS2_PLACEMENT_3D('',#11314,#11315,#11316);
#11314 = CARTESIAN_POINT('',(1.6,1.110223024625E-16,-5.833333333333));
#11315 = DIRECTION('',(1.,-1.110223024625E-16,-1.110223024625E-16));
#11316 = DIRECTION('',(-1.110223024625E-16,-1.,-1.110223024625E-15));
#11317 = PCURVE('',#11261,#11318);
#11318 = DEFINITIONAL_REPRESENTATION('',(#11319),#11323);
#11319 = LINE('',#11320,#11321);
#11320 = CARTESIAN_POINT('',(0.,3.14159265359));
#11321 = VECTOR('',#11322,1.);
#11322 = DIRECTION('',(1.,0.));
#11323 = ( GEOMETRIC_REPRESENTATION_CONTEXT(2) 
PARAMETRIC_REPRESENTATION_CONTEXT() REPRESENTATION_CONTEXT('2D SPACE',''
  ) );
#11324 = PCURVE('',#11261,#11325);
#11325 = DEFINITIONAL_REPRESENTATION('',(#11326),#11330);
#11326 = LINE('',#11327,#11328);
#11327 = CARTESIAN_POINT('',(0.,9.424777960769));
#11328 = VECTOR('',#11329,1.);
#11329 = DIRECTION('',(1.,0.));
#11330 = ( GEOMETRIC_REPRESENTATION_CONTEXT(2) 
PARAMETRIC_REPRESENTATION_CONTEXT() REPRESENTATION_CONTEXT('2D SPACE',''
  ) );
#11331 = ORIENTED_EDGE('',*,*,#11332,.T.);
#11332 = EDGE_CURVE('',#11309,#11309,#11333,.T.);
#11333 = SURFACE_CURVE('',#11334,(#11339,#11346),.PCURVE_S1.);
#11334 = CIRCLE('',#11335,0.15);
#11335 = AXIS2_PLACEMENT_3D('',#11336,#11337,#11338);
#11336 = CARTESIAN_POINT('',(1.6,0.8,-5.833333333333));
#11337 = DIRECTION('',(-1.110223024625E-16,-1.23268770454E-15,-1.));
#11338 = DIRECTION('',(1.110223024625E-16,1.,-1.23268770454E-15));
#11339 = PCURVE('',#11261,#11340);
#11340 = DEFINITIONAL_REPRESENTATION('',(#11341),#11345);
#11341 = LINE('',#11342,#11343);
#11342 = CARTESIAN_POINT('',(3.14159265359,0.));
#11343 = VECTOR('',#11344,1.);
#11344 = DIRECTION('',(0.,1.));
#11345 = ( GEOMETRIC_REPRESENTATION_CONTEXT(2) 
PARAMETRIC_REPRESENTATION_CONTEXT() REPRESENTATION_CONTEXT('2D SPACE',''
  ) );
#11346 = PCURVE('',#11347,#11352);
#11347 = CYLINDRICAL_SURFACE('',#11348,0.15);
#11348 = AXIS2_PLACEMENT_3D('',#11349,#11350,#11351);
#11349 = CARTESIAN_POINT('',(1.6,0.8,-5.833333333333));
#11350 = DIRECTION('',(1.110223024625E-16,-1.232595164408E-32,1.));
#11351 = DIRECTION('',(-1.110223024625E-16,-1.,0.));
#11352 = DEFINITIONAL_REPRESENTATION('',(#11353),#11357);
#11353 = LINE('',#11354,#11355);
#11354 = CARTESIAN_POINT('',(9.424777960769,0.));
#11355 = VECTOR('',#11356,1.);
#11356 = DIRECTION('',(-1.,-0.));
#11357 = ( GEOMETRIC_REPRESENTATION_CONTEXT(2) 
PARAMETRIC_REPRESENTATION_CONTEXT() REPRESENTATION_CONTEXT('2D SPACE',''
  ) );
#11358 = ORIENTED_EDGE('',*,*,#11308,.F.);
#11359 = ORIENTED_EDGE('',*,*,#11246,.T.);
#11360 = ADVANCED_FACE('',(#11361),#11347,.F.);
#11361 = FACE_BOUND('',#11362,.F.);
#11362 = EDGE_LOOP('',(#11363,#11386,#11417,#11418));
#11363 = ORIENTED_EDGE('',*,*,#11364,.T.);
#11364 = EDGE_CURVE('',#11309,#11365,#11367,.T.);
#11365 = VERTEX_POINT('',#11366);
#11366 = CARTESIAN_POINT('',(1.6,0.65,0.));
#11367 = SEAM_CURVE('',#11368,(#11372,#11379),.PCURVE_S1.);
#11368 = LINE('',#11369,#11370);
#11369 = CARTESIAN_POINT('',(1.6,0.65,-5.833333333333));
#11370 = VECTOR('',#11371,1.);
#11371 = DIRECTION('',(1.110223024625E-16,-1.232595164408E-32,1.));
#11372 = PCURVE('',#11347,#11373);
#11373 = DEFINITIONAL_REPRESENTATION('',(#11374),#11378);
#11374 = LINE('',#11375,#11376);
#11375 = CARTESIAN_POINT('',(6.28318530718,0.));
#11376 = VECTOR('',#11377,1.);
#11377 = DIRECTION('',(0.,1.));
#11378 = ( GEOMETRIC_REPRESENTATION_CONTEXT(2) 
PARAMETRIC_REPRESENTATION_CONTEXT() REPRESENTATION_CONTEXT('2D SPACE',''
  ) );
#11379 = PCURVE('',#11347,#11380);
#11380 = DEFINITIONAL_REPRESENTATION('',(#11381),#11385);
#11381 = LINE('',#11382,#11383);
#11382 = CARTESIAN_POINT('',(0.,0.));
#11383 = VECTOR('',#11384,1.);
#11384 = DIRECTION('',(0.,1.));
#11385 = ( GEOMETRIC_REPRESENTATION_CONTEXT(2) 
PARAMETRIC_REPRESENTATION_CONTEXT() REPRESENTATION_CONTEXT('2D SPACE',''
  ) );
#11386 = ORIENTED_EDGE('',*,*,#11387,.F.);
#11387 = EDGE_CURVE('',#11365,#11365,#11388,.T.);
#11388 = SURFACE_CURVE('',#11389,(#11394,#11401),.PCURVE_S1.);
#11389 = CIRCLE('',#11390,0.15);
#11390 = AXIS2_PLACEMENT_3D('',#11391,#11392,#11393);
#11391 = CARTESIAN_POINT('',(1.6,0.8,0.));
#11392 = DIRECTION('',(1.110223024625E-16,-1.232595164408E-32,1.));
#11393 = DIRECTION('',(-1.110223024625E-16,-1.,0.));
#11394 = PCURVE('',#11347,#11395);
#11395 = DEFINITIONAL_REPRESENTATION('',(#11396),#11400);
#11396 = LINE('',#11397,#11398);
#11397 = CARTESIAN_POINT('',(0.,5.833333333333));
#11398 = VECTOR('',#11399,1.);
#11399 = DIRECTION('',(1.,0.));
#11400 = ( GEOMETRIC_REPRESENTATION_CONTEXT(2) 
PARAMETRIC_REPRESENTATION_CONTEXT() REPRESENTATION_CONTEXT('2D SPACE',''
  ) );
#11401 = PCURVE('',#11402,#11407);
#11402 = PLANE('',#11403);
#11403 = AXIS2_PLACEMENT_3D('',#11404,#11405,#11406);
#11404 = CARTESIAN_POINT('',(1.6,0.8,6.798155367234E-34));
#11405 = DIRECTION('',(-1.110223024625E-16,1.232595164408E-32,-1.));
#11406 = DIRECTION('',(-1.,1.110223024625E-16,1.110223024625E-16));
#11407 = DEFINITIONAL_REPRESENTATION('',(#11408),#11416);
#11408 = ( BOUNDED_CURVE() B_SPLINE_CURVE(2,(#11409,#11410,#11411,#11412
    ,#11413,#11414,#11415),.UNSPECIFIED.,.T.,.F.) 
B_SPLINE_CURVE_WITH_KNOTS((1,2,2,2,2,1),(-2.094395102393,0.,
    2.094395102393,4.188790204786,6.28318530718,8.377580409573),
.UNSPECIFIED.) CURVE() GEOMETRIC_REPRESENTATION_ITEM() 
RATIONAL_B_SPLINE_CURVE((1.,0.5,1.,0.5,1.,0.5,1.)) REPRESENTATION_ITEM(
  '') );
#11409 = CARTESIAN_POINT('',(2.465190328816E-32,-0.15));
#11410 = CARTESIAN_POINT('',(-0.259807621135,-0.15));
#11411 = CARTESIAN_POINT('',(-0.129903810568,7.5E-02));
#11412 = CARTESIAN_POINT('',(-3.673940397442E-17,0.3));
#11413 = CARTESIAN_POINT('',(0.129903810568,7.5E-02));
#11414 = CARTESIAN_POINT('',(0.259807621135,-0.15));
#11415 = CARTESIAN_POINT('',(2.465190328816E-32,-0.15));
#11416 = ( GEOMETRIC_REPRESENTATION_CONTEXT(2) 
PARAMETRIC_REPRESENTATION_CONTEXT() REPRESENTATION_CONTEXT('2D SPACE',''
  ) );
#11417 = ORIENTED_EDGE('',*,*,#11364,.F.);
#11418 = ORIENTED_EDGE('',*,*,#11332,.F.);
#11419 = ADVANCED_FACE('',(#11420,#11423),#11289,.T.);
#11420 = FACE_BOUND('',#11421,.T.);
#11421 = EDGE_LOOP('',(#11422));
#11422 = ORIENTED_EDGE('',*,*,#11274,.T.);
#11423 = FACE_BOUND('',#11424,.T.);
#11424 = EDGE_LOOP('',(#11425));
#11425 = ORIENTED_EDGE('',*,*,#11426,.F.);
#11426 = EDGE_CURVE('',#11427,#11427,#11429,.T.);
#11427 = VERTEX_POINT('',#11428);
#11428 = CARTESIAN_POINT('',(1.6,-0.645,4.214856327685E-33));
#11429 = SURFACE_CURVE('',#11430,(#11435,#11446),.PCURVE_S1.);
#11430 = CIRCLE('',#11431,0.155);
#11431 = AXIS2_PLACEMENT_3D('',#11432,#11433,#11434);
#11432 = CARTESIAN_POINT('',(1.6,-0.8,0.));
#11433 = DIRECTION('',(-1.110223024625E-16,1.232595164408E-32,-1.));
#11434 = DIRECTION('',(1.110223024625E-16,1.,0.));
#11435 = PCURVE('',#11289,#11436);
#11436 = DEFINITIONAL_REPRESENTATION('',(#11437),#11445);
#11437 = ( BOUNDED_CURVE() B_SPLINE_CURVE(2,(#11438,#11439,#11440,#11441
    ,#11442,#11443,#11444),.UNSPECIFIED.,.T.,.F.) 
B_SPLINE_CURVE_WITH_KNOTS((1,2,2,2,2,1),(-2.094395102393,0.,
    2.094395102393,4.188790204786,6.28318530718,8.377580409573),
.UNSPECIFIED.) CURVE() GEOMETRIC_REPRESENTATION_ITEM() 
RATIONAL_B_SPLINE_CURVE((1.,0.5,1.,0.5,1.,0.5,1.)) REPRESENTATION_ITEM(
  '') );
#11438 = CARTESIAN_POINT('',(0.,0.155));
#11439 = CARTESIAN_POINT('',(0.268467875173,0.155));
#11440 = CARTESIAN_POINT('',(0.134233937587,-7.75E-02));
#11441 = CARTESIAN_POINT('',(3.796405077357E-17,-0.31));
#11442 = CARTESIAN_POINT('',(-0.134233937587,-7.75E-02));
#11443 = CARTESIAN_POINT('',(-0.268467875173,0.155));
#11444 = CARTESIAN_POINT('',(0.,0.155));
#11445 = ( GEOMETRIC_REPRESENTATION_CONTEXT(2) 
PARAMETRIC_REPRESENTATION_CONTEXT() REPRESENTATION_CONTEXT('2D SPACE',''
  ) );
#11446 = PCURVE('',#11447,#11452);
#11447 = CYLINDRICAL_SURFACE('',#11448,0.155);
#11448 = AXIS2_PLACEMENT_3D('',#11449,#11450,#11451);
#11449 = CARTESIAN_POINT('',(1.6,-0.8,0.));
#11450 = DIRECTION('',(-1.110223024625E-16,1.232595164408E-32,-1.));
#11451 = DIRECTION('',(1.110223024625E-16,1.,0.));
#11452 = DEFINITIONAL_REPRESENTATION('',(#11453),#11457);
#11453 = LINE('',#11454,#11455);
#11454 = CARTESIAN_POINT('',(0.,0.));
#11455 = VECTOR('',#11456,1.);
#11456 = DIRECTION('',(1.,0.));
#11457 = ( GEOMETRIC_REPRESENTATION_CONTEXT(2) 
PARAMETRIC_REPRESENTATION_CONTEXT() REPRESENTATION_CONTEXT('2D SPACE',''
  ) );
#11458 = ADVANCED_FACE('',(#11459),#11447,.T.);
#11459 = FACE_BOUND('',#11460,.T.);
#11460 = EDGE_LOOP('',(#11461,#11484,#11485,#11486));
#11461 = ORIENTED_EDGE('',*,*,#11462,.F.);
#11462 = EDGE_CURVE('',#11427,#11463,#11465,.T.);
#11463 = VERTEX_POINT('',#11464);
#11464 = CARTESIAN_POINT('',(1.6,-0.645,-5.833333333333));
#11465 = SEAM_CURVE('',#11466,(#11470,#11477),.PCURVE_S1.);
#11466 = LINE('',#11467,#11468);
#11467 = CARTESIAN_POINT('',(1.6,-0.645,4.214856327685E-33));
#11468 = VECTOR('',#11469,1.);
#11469 = DIRECTION('',(-1.110223024625E-16,1.232595164408E-32,-1.));
#11470 = PCURVE('',#11447,#11471);
#11471 = DEFINITIONAL_REPRESENTATION('',(#11472),#11476);
#11472 = LINE('',#11473,#11474);
#11473 = CARTESIAN_POINT('',(0.,0.));
#11474 = VECTOR('',#11475,1.);
#11475 = DIRECTION('',(0.,1.));
#11476 = ( GEOMETRIC_REPRESENTATION_CONTEXT(2) 
PARAMETRIC_REPRESENTATION_CONTEXT() REPRESENTATION_CONTEXT('2D SPACE',''
  ) );
#11477 = PCURVE('',#11447,#11478);
#11478 = DEFINITIONAL_REPRESENTATION('',(#11479),#11483);
#11479 = LINE('',#11480,#11481);
#11480 = CARTESIAN_POINT('',(6.28318530718,0.));
#11481 = VECTOR('',#11482,1.);
#11482 = DIRECTION('',(0.,1.));
#11483 = ( GEOMETRIC_REPRESENTATION_CONTEXT(2) 
PARAMETRIC_REPRESENTATION_CONTEXT() REPRESENTATION_CONTEXT('2D SPACE',''
  ) );
#11484 = ORIENTED_EDGE('',*,*,#11426,.T.);
#11485 = ORIENTED_EDGE('',*,*,#11462,.T.);
#11486 = ORIENTED_EDGE('',*,*,#11487,.F.);
#11487 = EDGE_CURVE('',#11463,#11463,#11488,.T.);
#11488 = SURFACE_CURVE('',#11489,(#11494,#11501),.PCURVE_S1.);
#11489 = CIRCLE('',#11490,0.155);
#11490 = AXIS2_PLACEMENT_3D('',#11491,#11492,#11493);
#11491 = CARTESIAN_POINT('',(1.6,-0.8,-5.833333333333));
#11492 = DIRECTION('',(-1.110223024625E-16,1.110223024625E-15,-1.));
#11493 = DIRECTION('',(4.784163422067E-16,1.,1.110223024625E-15));
#11494 = PCURVE('',#11447,#11495);
#11495 = DEFINITIONAL_REPRESENTATION('',(#11496),#11500);
#11496 = LINE('',#11497,#11498);
#11497 = CARTESIAN_POINT('',(0.,5.833333333333));
#11498 = VECTOR('',#11499,1.);
#11499 = DIRECTION('',(1.,0.));
#11500 = ( GEOMETRIC_REPRESENTATION_CONTEXT(2) 
PARAMETRIC_REPRESENTATION_CONTEXT() REPRESENTATION_CONTEXT('2D SPACE',''
  ) );
#11501 = PCURVE('',#11502,#11507);
#11502 = TOROIDAL_SURFACE('',#11503,0.8,0.155);
#11503 = AXIS2_PLACEMENT_3D('',#11504,#11505,#11506);
#11504 = CARTESIAN_POINT('',(1.6,1.110223024625E-16,-5.833333333333));
#11505 = DIRECTION('',(1.,-1.110223024625E-16,-1.110223024625E-16));
#11506 = DIRECTION('',(-1.110223024625E-16,-1.,-1.110223024625E-15));
#11507 = DEFINITIONAL_REPRESENTATION('',(#11508),#11512);
#11508 = LINE('',#11509,#11510);
#11509 = CARTESIAN_POINT('',(0.,9.424777960769));
#11510 = VECTOR('',#11511,1.);
#11511 = DIRECTION('',(-0.,-1.));
#11512 = ( GEOMETRIC_REPRESENTATION_CONTEXT(2) 
PARAMETRIC_REPRESENTATION_CONTEXT() REPRESENTATION_CONTEXT('2D SPACE',''
  ) );
#11513 = ADVANCED_FACE('',(#11514),#11502,.T.);
#11514 = FACE_BOUND('',#11515,.T.);
#11515 = EDGE_LOOP('',(#11516,#11540,#11567,#11568));
#11516 = ORIENTED_EDGE('',*,*,#11517,.T.);
#11517 = EDGE_CURVE('',#11463,#11518,#11520,.T.);
#11518 = VERTEX_POINT('',#11519);
#11519 = CARTESIAN_POINT('',(1.6,0.645,-5.833333333333));
#11520 = SEAM_CURVE('',#11521,(#11526,#11533),.PCURVE_S1.);
#11521 = CIRCLE('',#11522,0.645);
#11522 = AXIS2_PLACEMENT_3D('',#11523,#11524,#11525);
#11523 = CARTESIAN_POINT('',(1.6,1.110223024625E-16,-5.833333333333));
#11524 = DIRECTION('',(1.,-1.110223024625E-16,-1.110223024625E-16));
#11525 = DIRECTION('',(-1.110223024625E-16,-1.,-1.110223024625E-15));
#11526 = PCURVE('',#11502,#11527);
#11527 = DEFINITIONAL_REPRESENTATION('',(#11528),#11532);
#11528 = LINE('',#11529,#11530);
#11529 = CARTESIAN_POINT('',(0.,3.14159265359));
#11530 = VECTOR('',#11531,1.);
#11531 = DIRECTION('',(1.,0.));
#11532 = ( GEOMETRIC_REPRESENTATION_CONTEXT(2) 
PARAMETRIC_REPRESENTATION_CONTEXT() REPRESENTATION_CONTEXT('2D SPACE',''
  ) );
#11533 = PCURVE('',#11502,#11534);
#11534 = DEFINITIONAL_REPRESENTATION('',(#11535),#11539);
#11535 = LINE('',#11536,#11537);
#11536 = CARTESIAN_POINT('',(0.,9.424777960769));
#11537 = VECTOR('',#11538,1.);
#11538 = DIRECTION('',(1.,0.));
#11539 = ( GEOMETRIC_REPRESENTATION_CONTEXT(2) 
PARAMETRIC_REPRESENTATION_CONTEXT() REPRESENTATION_CONTEXT('2D SPACE',''
  ) );
#11540 = ORIENTED_EDGE('',*,*,#11541,.T.);
#11541 = EDGE_CURVE('',#11518,#11518,#11542,.T.);
#11542 = SURFACE_CURVE('',#11543,(#11548,#11555),.PCURVE_S1.);
#11543 = CIRCLE('',#11544,0.155);
#11544 = AXIS2_PLACEMENT_3D('',#11545,#11546,#11547);
#11545 = CARTESIAN_POINT('',(1.6,0.8,-5.833333333333));
#11546 = DIRECTION('',(-1.110223024625E-16,-1.23268770454E-15,-1.));
#11547 = DIRECTION('',(1.110223024625E-16,1.,-1.23268770454E-15));
#11548 = PCURVE('',#11502,#11549);
#11549 = DEFINITIONAL_REPRESENTATION('',(#11550),#11554);
#11550 = LINE('',#11551,#11552);
#11551 = CARTESIAN_POINT('',(3.14159265359,0.));
#11552 = VECTOR('',#11553,1.);
#11553 = DIRECTION('',(0.,1.));
#11554 = ( GEOMETRIC_REPRESENTATION_CONTEXT(2) 
PARAMETRIC_REPRESENTATION_CONTEXT() REPRESENTATION_CONTEXT('2D SPACE',''
  ) );
#11555 = PCURVE('',#11556,#11561);
#11556 = CYLINDRICAL_SURFACE('',#11557,0.155);
#11557 = AXIS2_PLACEMENT_3D('',#11558,#11559,#11560);
#11558 = CARTESIAN_POINT('',(1.6,0.8,-5.833333333333));
#11559 = DIRECTION('',(1.110223024625E-16,-1.232595164408E-32,1.));
#11560 = DIRECTION('',(-1.110223024625E-16,-1.,0.));
#11561 = DEFINITIONAL_REPRESENTATION('',(#11562),#11566);
#11562 = LINE('',#11563,#11564);
#11563 = CARTESIAN_POINT('',(9.424777960769,0.));
#11564 = VECTOR('',#11565,1.);
#11565 = DIRECTION('',(-1.,-0.));
#11566 = ( GEOMETRIC_REPRESENTATION_CONTEXT(2) 
PARAMETRIC_REPRESENTATION_CONTEXT() REPRESENTATION_CONTEXT('2D SPACE',''
  ) );
#11567 = ORIENTED_EDGE('',*,*,#11517,.F.);
#11568 = ORIENTED_EDGE('',*,*,#11487,.T.);
#11569 = ADVANCED_FACE('',(#11570,#11573),#11402,.F.);
#11570 = FACE_BOUND('',#11571,.F.);
#11571 = EDGE_LOOP('',(#11572));
#11572 = ORIENTED_EDGE('',*,*,#11387,.T.);
#11573 = FACE_BOUND('',#11574,.F.);
#11574 = EDGE_LOOP('',(#11575));
#11575 = ORIENTED_EDGE('',*,*,#11576,.F.);
#11576 = EDGE_CURVE('',#11577,#11577,#11579,.T.);
#11577 = VERTEX_POINT('',#11578);
#11578 = CARTESIAN_POINT('',(1.6,0.645,0.));
#11579 = SURFACE_CURVE('',#11580,(#11585,#11596),.PCURVE_S1.);
#11580 = CIRCLE('',#11581,0.155);
#11581 = AXIS2_PLACEMENT_3D('',#11582,#11583,#11584);
#11582 = CARTESIAN_POINT('',(1.6,0.8,0.));
#11583 = DIRECTION('',(1.110223024625E-16,-1.232595164408E-32,1.));
#11584 = DIRECTION('',(-1.110223024625E-16,-1.,0.));
#11585 = PCURVE('',#11402,#11586);
#11586 = DEFINITIONAL_REPRESENTATION('',(#11587),#11595);
#11587 = ( BOUNDED_CURVE() B_SPLINE_CURVE(2,(#11588,#11589,#11590,#11591
    ,#11592,#11593,#11594),.UNSPECIFIED.,.T.,.F.) 
B_SPLINE_CURVE_WITH_KNOTS((1,2,2,2,2,1),(-2.094395102393,0.,
    2.094395102393,4.188790204786,6.28318530718,8.377580409573),
.UNSPECIFIED.) CURVE() GEOMETRIC_REPRESENTATION_ITEM() 
RATIONAL_B_SPLINE_CURVE((1.,0.5,1.,0.5,1.,0.5,1.)) REPRESENTATION_ITEM(
  '') );
#11588 = CARTESIAN_POINT('',(2.465190328816E-32,-0.155));
#11589 = CARTESIAN_POINT('',(-0.268467875173,-0.155));
#11590 = CARTESIAN_POINT('',(-0.134233937587,7.75E-02));
#11591 = CARTESIAN_POINT('',(-3.796405077357E-17,0.31));
#11592 = CARTESIAN_POINT('',(0.134233937587,7.75E-02));
#11593 = CARTESIAN_POINT('',(0.268467875173,-0.155));
#11594 = CARTESIAN_POINT('',(2.465190328816E-32,-0.155));
#11595 = ( GEOMETRIC_REPRESENTATION_CONTEXT(2) 
PARAMETRIC_REPRESENTATION_CONTEXT() REPRESENTATION_CONTEXT('2D SPACE',''
  ) );
#11596 = PCURVE('',#11556,#11597);
#11597 = DEFINITIONAL_REPRESENTATION('',(#11598),#11602);
#11598 = LINE('',#11599,#11600);
#11599 = CARTESIAN_POINT('',(0.,5.833333333333));
#11600 = VECTOR('',#11601,1.);
#11601 = DIRECTION('',(1.,0.));
#11602 = ( GEOMETRIC_REPRESENTATION_CONTEXT(2) 
PARAMETRIC_REPRESENTATION_CONTEXT() REPRESENTATION_CONTEXT('2D SPACE',''
  ) );
#11603 = ADVANCED_FACE('',(#11604),#11556,.T.);
#11604 = FACE_BOUND('',#11605,.T.);
#11605 = EDGE_LOOP('',(#11606,#11627,#11628,#11629));
#11606 = ORIENTED_EDGE('',*,*,#11607,.F.);
#11607 = EDGE_CURVE('',#11518,#11577,#11608,.T.);
#11608 = SEAM_CURVE('',#11609,(#11613,#11620),.PCURVE_S1.);
#11609 = LINE('',#11610,#11611);
#11610 = CARTESIAN_POINT('',(1.6,0.645,-5.833333333333));
#11611 = VECTOR('',#11612,1.);
#11612 = DIRECTION('',(1.110223024625E-16,-1.232595164408E-32,1.));
#11613 = PCURVE('',#11556,#11614);
#11614 = DEFINITIONAL_REPRESENTATION('',(#11615),#11619);
#11615 = LINE('',#11616,#11617);
#11616 = CARTESIAN_POINT('',(0.,0.));
#11617 = VECTOR('',#11618,1.);
#11618 = DIRECTION('',(0.,1.));
#11619 = ( GEOMETRIC_REPRESENTATION_CONTEXT(2) 
PARAMETRIC_REPRESENTATION_CONTEXT() REPRESENTATION_CONTEXT('2D SPACE',''
  ) );
#11620 = PCURVE('',#11556,#11621);
#11621 = DEFINITIONAL_REPRESENTATION('',(#11622),#11626);
#11622 = LINE('',#11623,#11624);
#11623 = CARTESIAN_POINT('',(6.28318530718,0.));
#11624 = VECTOR('',#11625,1.);
#11625 = DIRECTION('',(0.,1.));
#11626 = ( GEOMETRIC_REPRESENTATION_CONTEXT(2) 
PARAMETRIC_REPRESENTATION_CONTEXT() REPRESENTATION_CONTEXT('2D SPACE',''
  ) );
#11627 = ORIENTED_EDGE('',*,*,#11541,.F.);
#11628 = ORIENTED_EDGE('',*,*,#11607,.T.);
#11629 = ORIENTED_EDGE('',*,*,#11576,.F.);
#11630 = MANIFOLD_SOLID_BREP('',#11631);
#11631 = CLOSED_SHELL('',(#11632,#11724,#11780,#11839,#11878,#11933,
    #11989,#12023));
#11632 = ADVANCED_FACE('',(#11633),#11647,.F.);
#11633 = FACE_BOUND('',#11634,.F.);
#11634 = EDGE_LOOP('',(#11635,#11665,#11692,#11693));
#11635 = ORIENTED_EDGE('',*,*,#11636,.T.);
#11636 = EDGE_CURVE('',#11637,#11639,#11641,.T.);
#11637 = VERTEX_POINT('',#11638);
#11638 = CARTESIAN_POINT('',(-1.6,-0.65,0.));
#11639 = VERTEX_POINT('',#11640);
#11640 = CARTESIAN_POINT('',(-1.6,-0.65,-5.833333333333));
#11641 = SEAM_CURVE('',#11642,(#11646,#11658),.PCURVE_S1.);
#11642 = LINE('',#11643,#11644);
#11643 = CARTESIAN_POINT('',(-1.6,-0.65,4.078893220341E-33));
#11644 = VECTOR('',#11645,1.);
#11645 = DIRECTION('',(-1.110223024625E-16,1.232595164408E-32,-1.));
#11646 = PCURVE('',#11647,#11652);
#11647 = CYLINDRICAL_SURFACE('',#11648,0.15);
#11648 = AXIS2_PLACEMENT_3D('',#11649,#11650,#11651);
#11649 = CARTESIAN_POINT('',(-1.6,-0.8,0.));
#11650 = DIRECTION('',(-1.110223024625E-16,1.232595164408E-32,-1.));
#11651 = DIRECTION('',(1.110223024625E-16,1.,0.));
#11652 = DEFINITIONAL_REPRESENTATION('',(#11653),#11657);
#11653 = LINE('',#11654,#11655);
#11654 = CARTESIAN_POINT('',(6.28318530718,0.));
#11655 = VECTOR('',#11656,1.);
#11656 = DIRECTION('',(0.,1.));
#11657 = ( GEOMETRIC_REPRESENTATION_CONTEXT(2) 
PARAMETRIC_REPRESENTATION_CONTEXT() REPRESENTATION_CONTEXT('2D SPACE',''
  ) );
#11658 = PCURVE('',#11647,#11659);
#11659 = DEFINITIONAL_REPRESENTATION('',(#11660),#11664);
#11660 = LINE('',#11661,#11662);
#11661 = CARTESIAN_POINT('',(0.,0.));
#11662 = VECTOR('',#11663,1.);
#11663 = DIRECTION('',(0.,1.));
#11664 = ( GEOMETRIC_REPRESENTATION_CONTEXT(2) 
PARAMETRIC_REPRESENTATION_CONTEXT() REPRESENTATION_CONTEXT('2D SPACE',''
  ) );
#11665 = ORIENTED_EDGE('',*,*,#11666,.F.);
#11666 = EDGE_CURVE('',#11639,#11639,#11667,.T.);
#11667 = SURFACE_CURVE('',#11668,(#11673,#11680),.PCURVE_S1.);
#11668 = CIRCLE('',#11669,0.15);
#11669 = AXIS2_PLACEMENT_3D('',#11670,#11671,#11672);
#11670 = CARTESIAN_POINT('',(-1.6,-0.8,-5.833333333333));
#11671 = DIRECTION('',(-1.110223024625E-16,1.232595164408E-32,-1.));
#11672 = DIRECTION('',(1.110223024625E-16,1.,0.));
#11673 = PCURVE('',#11647,#11674);
#11674 = DEFINITIONAL_REPRESENTATION('',(#11675),#11679);
#11675 = LINE('',#11676,#11677);
#11676 = CARTESIAN_POINT('',(0.,5.833333333333));
#11677 = VECTOR('',#11678,1.);
#11678 = DIRECTION('',(1.,0.));
#11679 = ( GEOMETRIC_REPRESENTATION_CONTEXT(2) 
PARAMETRIC_REPRESENTATION_CONTEXT() REPRESENTATION_CONTEXT('2D SPACE',''
  ) );
#11680 = PCURVE('',#11681,#11686);
#11681 = TOROIDAL_SURFACE('',#11682,0.8,0.15);
#11682 = AXIS2_PLACEMENT_3D('',#11683,#11684,#11685);
#11683 = CARTESIAN_POINT('',(-1.6,1.110223024625E-16,-5.833333333333));
#11684 = DIRECTION('',(1.,-1.110223024625E-16,-1.110223024625E-16));
#11685 = DIRECTION('',(-1.110223024625E-16,-1.,-1.110223024625E-15));
#11686 = DEFINITIONAL_REPRESENTATION('',(#11687),#11691);
#11687 = LINE('',#11688,#11689);
#11688 = CARTESIAN_POINT('',(0.,9.424777960769));
#11689 = VECTOR('',#11690,1.);
#11690 = DIRECTION('',(-0.,-1.));
#11691 = ( GEOMETRIC_REPRESENTATION_CONTEXT(2) 
PARAMETRIC_REPRESENTATION_CONTEXT() REPRESENTATION_CONTEXT('2D SPACE',''
  ) );
#11692 = ORIENTED_EDGE('',*,*,#11636,.F.);
#11693 = ORIENTED_EDGE('',*,*,#11694,.T.);
#11694 = EDGE_CURVE('',#11637,#11637,#11695,.T.);
#11695 = SURFACE_CURVE('',#11696,(#11701,#11708),.PCURVE_S1.);
#11696 = CIRCLE('',#11697,0.15);
#11697 = AXIS2_PLACEMENT_3D('',#11698,#11699,#11700);
#11698 = CARTESIAN_POINT('',(-1.6,-0.8,0.));
#11699 = DIRECTION('',(-1.110223024625E-16,1.232595164408E-32,-1.));
#11700 = DIRECTION('',(1.110223024625E-16,1.,0.));
#11701 = PCURVE('',#11647,#11702);
#11702 = DEFINITIONAL_REPRESENTATION('',(#11703),#11707);
#11703 = LINE('',#11704,#11705);
#11704 = CARTESIAN_POINT('',(0.,0.));
#11705 = VECTOR('',#11706,1.);
#11706 = DIRECTION('',(1.,0.));
#11707 = ( GEOMETRIC_REPRESENTATION_CONTEXT(2) 
PARAMETRIC_REPRESENTATION_CONTEXT() REPRESENTATION_CONTEXT('2D SPACE',''
  ) );
#11708 = PCURVE('',#11709,#11714);
#11709 = PLANE('',#11710);
#11710 = AXIS2_PLACEMENT_3D('',#11711,#11712,#11713);
#11711 = CARTESIAN_POINT('',(-1.6,-0.8,-3.08572171572E-34));
#11712 = DIRECTION('',(1.110223024625E-16,-1.232595164408E-32,1.));
#11713 = DIRECTION('',(1.,-1.110223024625E-16,-1.110223024625E-16));
#11714 = DEFINITIONAL_REPRESENTATION('',(#11715),#11723);
#11715 = ( BOUNDED_CURVE() B_SPLINE_CURVE(2,(#11716,#11717,#11718,#11719
    ,#11720,#11721,#11722),.UNSPECIFIED.,.T.,.F.) 
B_SPLINE_CURVE_WITH_KNOTS((1,2,2,2,2,1),(-2.094395102393,0.,
    2.094395102393,4.188790204786,6.28318530718,8.377580409573),
.UNSPECIFIED.) CURVE() GEOMETRIC_REPRESENTATION_ITEM() 
RATIONAL_B_SPLINE_CURVE((1.,0.5,1.,0.5,1.,0.5,1.)) REPRESENTATION_ITEM(
  '') );
#11716 = CARTESIAN_POINT('',(0.,0.15));
#11717 = CARTESIAN_POINT('',(0.259807621135,0.15));
#11718 = CARTESIAN_POINT('',(0.129903810568,-7.5E-02));
#11719 = CARTESIAN_POINT('',(3.673940397442E-17,-0.3));
#11720 = CARTESIAN_POINT('',(-0.129903810568,-7.5E-02));
#11721 = CARTESIAN_POINT('',(-0.259807621135,0.15));
#11722 = CARTESIAN_POINT('',(0.,0.15));
#11723 = ( GEOMETRIC_REPRESENTATION_CONTEXT(2) 
PARAMETRIC_REPRESENTATION_CONTEXT() REPRESENTATION_CONTEXT('2D SPACE',''
  ) );
#11724 = ADVANCED_FACE('',(#11725),#11681,.F.);
#11725 = FACE_BOUND('',#11726,.F.);
#11726 = EDGE_LOOP('',(#11727,#11751,#11778,#11779));
#11727 = ORIENTED_EDGE('',*,*,#11728,.T.);
#11728 = EDGE_CURVE('',#11639,#11729,#11731,.T.);
#11729 = VERTEX_POINT('',#11730);
#11730 = CARTESIAN_POINT('',(-1.6,0.65,-5.833333333333));
#11731 = SEAM_CURVE('',#11732,(#11737,#11744),.PCURVE_S1.);
#11732 = CIRCLE('',#11733,0.65);
#11733 = AXIS2_PLACEMENT_3D('',#11734,#11735,#11736);
#11734 = CARTESIAN_POINT('',(-1.6,1.110223024625E-16,-5.833333333333));
#11735 = DIRECTION('',(1.,-1.110223024625E-16,-1.110223024625E-16));
#11736 = DIRECTION('',(-1.110223024625E-16,-1.,-1.110223024625E-15));
#11737 = PCURVE('',#11681,#11738);
#11738 = DEFINITIONAL_REPRESENTATION('',(#11739),#11743);
#11739 = LINE('',#11740,#11741);
#11740 = CARTESIAN_POINT('',(0.,3.14159265359));
#11741 = VECTOR('',#11742,1.);
#11742 = DIRECTION('',(1.,0.));
#11743 = ( GEOMETRIC_REPRESENTATION_CONTEXT(2) 
PARAMETRIC_REPRESENTATION_CONTEXT() REPRESENTATION_CONTEXT('2D SPACE',''
  ) );
#11744 = PCURVE('',#11681,#11745);
#11745 = DEFINITIONAL_REPRESENTATION('',(#11746),#11750);
#11746 = LINE('',#11747,#11748);
#11747 = CARTESIAN_POINT('',(0.,9.424777960769));
#11748 = VECTOR('',#11749,1.);
#11749 = DIRECTION('',(1.,0.));
#11750 = ( GEOMETRIC_REPRESENTATION_CONTEXT(2) 
PARAMETRIC_REPRESENTATION_CONTEXT() REPRESENTATION_CONTEXT('2D SPACE',''
  ) );
#11751 = ORIENTED_EDGE('',*,*,#11752,.T.);
#11752 = EDGE_CURVE('',#11729,#11729,#11753,.T.);
#11753 = SURFACE_CURVE('',#11754,(#11759,#11766),.PCURVE_S1.);
#11754 = CIRCLE('',#11755,0.15);
#11755 = AXIS2_PLACEMENT_3D('',#11756,#11757,#11758);
#11756 = CARTESIAN_POINT('',(-1.6,0.8,-5.833333333333));
#11757 = DIRECTION('',(-1.110223024625E-16,-1.23268770454E-15,-1.));
#11758 = DIRECTION('',(1.110223024625E-16,1.,-1.23268770454E-15));
#11759 = PCURVE('',#11681,#11760);
#11760 = DEFINITIONAL_REPRESENTATION('',(#11761),#11765);
#11761 = LINE('',#11762,#11763);
#11762 = CARTESIAN_POINT('',(3.14159265359,0.));
#11763 = VECTOR('',#11764,1.);
#11764 = DIRECTION('',(0.,1.));
#11765 = ( GEOMETRIC_REPRESENTATION_CONTEXT(2) 
PARAMETRIC_REPRESENTATION_CONTEXT() REPRESENTATION_CONTEXT('2D SPACE',''
  ) );
#11766 = PCURVE('',#11767,#11772);
#11767 = CYLINDRICAL_SURFACE('',#11768,0.15);
#11768 = AXIS2_PLACEMENT_3D('',#11769,#11770,#11771);
#11769 = CARTESIAN_POINT('',(-1.6,0.8,-5.833333333333));
#11770 = DIRECTION('',(1.110223024625E-16,-1.232595164408E-32,1.));
#11771 = DIRECTION('',(-1.110223024625E-16,-1.,0.));
#11772 = DEFINITIONAL_REPRESENTATION('',(#11773),#11777);
#11773 = LINE('',#11774,#11775);
#11774 = CARTESIAN_POINT('',(9.424777960769,0.));
#11775 = VECTOR('',#11776,1.);
#11776 = DIRECTION('',(-1.,-0.));
#11777 = ( GEOMETRIC_REPRESENTATION_CONTEXT(2) 
PARAMETRIC_REPRESENTATION_CONTEXT() REPRESENTATION_CONTEXT('2D SPACE',''
  ) );
#11778 = ORIENTED_EDGE('',*,*,#11728,.F.);
#11779 = ORIENTED_EDGE('',*,*,#11666,.T.);
#11780 = ADVANCED_FACE('',(#11781),#11767,.F.);
#11781 = FACE_BOUND('',#11782,.F.);
#11782 = EDGE_LOOP('',(#11783,#11806,#11837,#11838));
#11783 = ORIENTED_EDGE('',*,*,#11784,.T.);
#11784 = EDGE_CURVE('',#11729,#11785,#11787,.T.);
#11785 = VERTEX_POINT('',#11786);
#11786 = CARTESIAN_POINT('',(-1.6,0.65,0.));
#11787 = SEAM_CURVE('',#11788,(#11792,#11799),.PCURVE_S1.);
#11788 = LINE('',#11789,#11790);
#11789 = CARTESIAN_POINT('',(-1.6,0.65,-5.833333333333));
#11790 = VECTOR('',#11791,1.);
#11791 = DIRECTION('',(1.110223024625E-16,-1.232595164408E-32,1.));
#11792 = PCURVE('',#11767,#11793);
#11793 = DEFINITIONAL_REPRESENTATION('',(#11794),#11798);
#11794 = LINE('',#11795,#11796);
#11795 = CARTESIAN_POINT('',(6.28318530718,0.));
#11796 = VECTOR('',#11797,1.);
#11797 = DIRECTION('',(0.,1.));
#11798 = ( GEOMETRIC_REPRESENTATION_CONTEXT(2) 
PARAMETRIC_REPRESENTATION_CONTEXT() REPRESENTATION_CONTEXT('2D SPACE',''
  ) );
#11799 = PCURVE('',#11767,#11800);
#11800 = DEFINITIONAL_REPRESENTATION('',(#11801),#11805);
#11801 = LINE('',#11802,#11803);
#11802 = CARTESIAN_POINT('',(0.,0.));
#11803 = VECTOR('',#11804,1.);
#11804 = DIRECTION('',(0.,1.));
#11805 = ( GEOMETRIC_REPRESENTATION_CONTEXT(2) 
PARAMETRIC_REPRESENTATION_CONTEXT() REPRESENTATION_CONTEXT('2D SPACE',''
  ) );
#11806 = ORIENTED_EDGE('',*,*,#11807,.F.);
#11807 = EDGE_CURVE('',#11785,#11785,#11808,.T.);
#11808 = SURFACE_CURVE('',#11809,(#11814,#11821),.PCURVE_S1.);
#11809 = CIRCLE('',#11810,0.15);
#11810 = AXIS2_PLACEMENT_3D('',#11811,#11812,#11813);
#11811 = CARTESIAN_POINT('',(-1.6,0.8,0.));
#11812 = DIRECTION('',(1.110223024625E-16,-1.232595164408E-32,1.));
#11813 = DIRECTION('',(-1.110223024625E-16,-1.,0.));
#11814 = PCURVE('',#11767,#11815);
#11815 = DEFINITIONAL_REPRESENTATION('',(#11816),#11820);
#11816 = LINE('',#11817,#11818);
#11817 = CARTESIAN_POINT('',(0.,5.833333333333));
#11818 = VECTOR('',#11819,1.);
#11819 = DIRECTION('',(1.,0.));
#11820 = ( GEOMETRIC_REPRESENTATION_CONTEXT(2) 
PARAMETRIC_REPRESENTATION_CONTEXT() REPRESENTATION_CONTEXT('2D SPACE',''
  ) );
#11821 = PCURVE('',#11822,#11827);
#11822 = PLANE('',#11823);
#11823 = AXIS2_PLACEMENT_3D('',#11824,#11825,#11826);
#11824 = CARTESIAN_POINT('',(-1.6,0.8,6.798155367234E-34));
#11825 = DIRECTION('',(-1.110223024625E-16,1.232595164408E-32,-1.));
#11826 = DIRECTION('',(-1.,1.110223024625E-16,1.110223024625E-16));
#11827 = DEFINITIONAL_REPRESENTATION('',(#11828),#11836);
#11828 = ( BOUNDED_CURVE() B_SPLINE_CURVE(2,(#11829,#11830,#11831,#11832
    ,#11833,#11834,#11835),.UNSPECIFIED.,.T.,.F.) 
B_SPLINE_CURVE_WITH_KNOTS((1,2,2,2,2,1),(-2.094395102393,0.,
    2.094395102393,4.188790204786,6.28318530718,8.377580409573),
.UNSPECIFIED.) CURVE() GEOMETRIC_REPRESENTATION_ITEM() 
RATIONAL_B_SPLINE_CURVE((1.,0.5,1.,0.5,1.,0.5,1.)) REPRESENTATION_ITEM(
  '') );
#11829 = CARTESIAN_POINT('',(2.465190328816E-32,-0.15));
#11830 = CARTESIAN_POINT('',(-0.259807621135,-0.15));
#11831 = CARTESIAN_POINT('',(-0.129903810568,7.5E-02));
#11832 = CARTESIAN_POINT('',(-3.673940397442E-17,0.3));
#11833 = CARTESIAN_POINT('',(0.129903810568,7.5E-02));
#11834 = CARTESIAN_POINT('',(0.259807621135,-0.15));
#11835 = CARTESIAN_POINT('',(2.465190328816E-32,-0.15));
#11836 = ( GEOMETRIC_REPRESENTATION_CONTEXT(2) 
PARAMETRIC_REPRESENTATION_CONTEXT() REPRESENTATION_CONTEXT('2D SPACE',''
  ) );
#11837 = ORIENTED_EDGE('',*,*,#11784,.F.);
#11838 = ORIENTED_EDGE('',*,*,#11752,.F.);
#11839 = ADVANCED_FACE('',(#11840,#11843),#11709,.T.);
#11840 = FACE_BOUND('',#11841,.T.);
#11841 = EDGE_LOOP('',(#11842));
#11842 = ORIENTED_EDGE('',*,*,#11694,.T.);
#11843 = FACE_BOUND('',#11844,.T.);
#11844 = EDGE_LOOP('',(#11845));
#11845 = ORIENTED_EDGE('',*,*,#11846,.F.);
#11846 = EDGE_CURVE('',#11847,#11847,#11849,.T.);
#11847 = VERTEX_POINT('',#11848);
#11848 = CARTESIAN_POINT('',(-1.6,-0.645,4.214856327685E-33));
#11849 = SURFACE_CURVE('',#11850,(#11855,#11866),.PCURVE_S1.);
#11850 = CIRCLE('',#11851,0.155);
#11851 = AXIS2_PLACEMENT_3D('',#11852,#11853,#11854);
#11852 = CARTESIAN_POINT('',(-1.6,-0.8,0.));
#11853 = DIRECTION('',(-1.110223024625E-16,1.232595164408E-32,-1.));
#11854 = DIRECTION('',(1.110223024625E-16,1.,0.));
#11855 = PCURVE('',#11709,#11856);
#11856 = DEFINITIONAL_REPRESENTATION('',(#11857),#11865);
#11857 = ( BOUNDED_CURVE() B_SPLINE_CURVE(2,(#11858,#11859,#11860,#11861
    ,#11862,#11863,#11864),.UNSPECIFIED.,.T.,.F.) 
B_SPLINE_CURVE_WITH_KNOTS((1,2,2,2,2,1),(-2.094395102393,0.,
    2.094395102393,4.188790204786,6.28318530718,8.377580409573),
.UNSPECIFIED.) CURVE() GEOMETRIC_REPRESENTATION_ITEM() 
RATIONAL_B_SPLINE_CURVE((1.,0.5,1.,0.5,1.,0.5,1.)) REPRESENTATION_ITEM(
  '') );
#11858 = CARTESIAN_POINT('',(0.,0.155));
#11859 = CARTESIAN_POINT('',(0.268467875173,0.155));
#11860 = CARTESIAN_POINT('',(0.134233937587,-7.75E-02));
#11861 = CARTESIAN_POINT('',(3.796405077357E-17,-0.31));
#11862 = CARTESIAN_POINT('',(-0.134233937587,-7.75E-02));
#11863 = CARTESIAN_POINT('',(-0.268467875173,0.155));
#11864 = CARTESIAN_POINT('',(0.,0.155));
#11865 = ( GEOMETRIC_REPRESENTATION_CONTEXT(2) 
PARAMETRIC_REPRESENTATION_CONTEXT() REPRESENTATION_CONTEXT('2D SPACE',''
  ) );
#11866 = PCURVE('',#11867,#11872);
#11867 = CYLINDRICAL_SURFACE('',#11868,0.155);
#11868 = AXIS2_PLACEMENT_3D('',#11869,#11870,#11871);
#11869 = CARTESIAN_POINT('',(-1.6,-0.8,0.));
#11870 = DIRECTION('',(-1.110223024625E-16,1.232595164408E-32,-1.));
#11871 = DIRECTION('',(1.110223024625E-16,1.,0.));
#11872 = DEFINITIONAL_REPRESENTATION('',(#11873),#11877);
#11873 = LINE('',#11874,#11875);
#11874 = CARTESIAN_POINT('',(0.,0.));
#11875 = VECTOR('',#11876,1.);
#11876 = DIRECTION('',(1.,0.));
#11877 = ( GEOMETRIC_REPRESENTATION_CONTEXT(2) 
PARAMETRIC_REPRESENTATION_CONTEXT() REPRESENTATION_CONTEXT('2D SPACE',''
  ) );
#11878 = ADVANCED_FACE('',(#11879),#11867,.T.);
#11879 = FACE_BOUND('',#11880,.T.);
#11880 = EDGE_LOOP('',(#11881,#11904,#11905,#11906));
#11881 = ORIENTED_EDGE('',*,*,#11882,.F.);
#11882 = EDGE_CURVE('',#11847,#11883,#11885,.T.);
#11883 = VERTEX_POINT('',#11884);
#11884 = CARTESIAN_POINT('',(-1.6,-0.645,-5.833333333333));
#11885 = SEAM_CURVE('',#11886,(#11890,#11897),.PCURVE_S1.);
#11886 = LINE('',#11887,#11888);
#11887 = CARTESIAN_POINT('',(-1.6,-0.645,4.214856327685E-33));
#11888 = VECTOR('',#11889,1.);
#11889 = DIRECTION('',(-1.110223024625E-16,1.232595164408E-32,-1.));
#11890 = PCURVE('',#11867,#11891);
#11891 = DEFINITIONAL_REPRESENTATION('',(#11892),#11896);
#11892 = LINE('',#11893,#11894);
#11893 = CARTESIAN_POINT('',(0.,0.));
#11894 = VECTOR('',#11895,1.);
#11895 = DIRECTION('',(0.,1.));
#11896 = ( GEOMETRIC_REPRESENTATION_CONTEXT(2) 
PARAMETRIC_REPRESENTATION_CONTEXT() REPRESENTATION_CONTEXT('2D SPACE',''
  ) );
#11897 = PCURVE('',#11867,#11898);
#11898 = DEFINITIONAL_REPRESENTATION('',(#11899),#11903);
#11899 = LINE('',#11900,#11901);
#11900 = CARTESIAN_POINT('',(6.28318530718,0.));
#11901 = VECTOR('',#11902,1.);
#11902 = DIRECTION('',(0.,1.));
#11903 = ( GEOMETRIC_REPRESENTATION_CONTEXT(2) 
PARAMETRIC_REPRESENTATION_CONTEXT() REPRESENTATION_CONTEXT('2D SPACE',''
  ) );
#11904 = ORIENTED_EDGE('',*,*,#11846,.T.);
#11905 = ORIENTED_EDGE('',*,*,#11882,.T.);
#11906 = ORIENTED_EDGE('',*,*,#11907,.F.);
#11907 = EDGE_CURVE('',#11883,#11883,#11908,.T.);
#11908 = SURFACE_CURVE('',#11909,(#11914,#11921),.PCURVE_S1.);
#11909 = CIRCLE('',#11910,0.155);
#11910 = AXIS2_PLACEMENT_3D('',#11911,#11912,#11913);
#11911 = CARTESIAN_POINT('',(-1.6,-0.8,-5.833333333333));
#11912 = DIRECTION('',(-1.110223024625E-16,1.110223024625E-15,-1.));
#11913 = DIRECTION('',(4.784163422067E-16,1.,1.110223024625E-15));
#11914 = PCURVE('',#11867,#11915);
#11915 = DEFINITIONAL_REPRESENTATION('',(#11916),#11920);
#11916 = LINE('',#11917,#11918);
#11917 = CARTESIAN_POINT('',(0.,5.833333333333));
#11918 = VECTOR('',#11919,1.);
#11919 = DIRECTION('',(1.,0.));
#11920 = ( GEOMETRIC_REPRESENTATION_CONTEXT(2) 
PARAMETRIC_REPRESENTATION_CONTEXT() REPRESENTATION_CONTEXT('2D SPACE',''
  ) );
#11921 = PCURVE('',#11922,#11927);
#11922 = TOROIDAL_SURFACE('',#11923,0.8,0.155);
#11923 = AXIS2_PLACEMENT_3D('',#11924,#11925,#11926);
#11924 = CARTESIAN_POINT('',(-1.6,1.110223024625E-16,-5.833333333333));
#11925 = DIRECTION('',(1.,-1.110223024625E-16,-1.110223024625E-16));
#11926 = DIRECTION('',(-1.110223024625E-16,-1.,-1.110223024625E-15));
#11927 = DEFINITIONAL_REPRESENTATION('',(#11928),#11932);
#11928 = LINE('',#11929,#11930);
#11929 = CARTESIAN_POINT('',(0.,9.424777960769));
#11930 = VECTOR('',#11931,1.);
#11931 = DIRECTION('',(-0.,-1.));
#11932 = ( GEOMETRIC_REPRESENTATION_CONTEXT(2) 
PARAMETRIC_REPRESENTATION_CONTEXT() REPRESENTATION_CONTEXT('2D SPACE',''
  ) );
#11933 = ADVANCED_FACE('',(#11934),#11922,.T.);
#11934 = FACE_BOUND('',#11935,.T.);
#11935 = EDGE_LOOP('',(#11936,#11960,#11987,#11988));
#11936 = ORIENTED_EDGE('',*,*,#11937,.T.);
#11937 = EDGE_CURVE('',#11883,#11938,#11940,.T.);
#11938 = VERTEX_POINT('',#11939);
#11939 = CARTESIAN_POINT('',(-1.6,0.645,-5.833333333333));
#11940 = SEAM_CURVE('',#11941,(#11946,#11953),.PCURVE_S1.);
#11941 = CIRCLE('',#11942,0.645);
#11942 = AXIS2_PLACEMENT_3D('',#11943,#11944,#11945);
#11943 = CARTESIAN_POINT('',(-1.6,1.110223024625E-16,-5.833333333333));
#11944 = DIRECTION('',(1.,-1.110223024625E-16,-1.110223024625E-16));
#11945 = DIRECTION('',(-1.110223024625E-16,-1.,-1.110223024625E-15));
#11946 = PCURVE('',#11922,#11947);
#11947 = DEFINITIONAL_REPRESENTATION('',(#11948),#11952);
#11948 = LINE('',#11949,#11950);
#11949 = CARTESIAN_POINT('',(0.,3.14159265359));
#11950 = VECTOR('',#11951,1.);
#11951 = DIRECTION('',(1.,0.));
#11952 = ( GEOMETRIC_REPRESENTATION_CONTEXT(2) 
PARAMETRIC_REPRESENTATION_CONTEXT() REPRESENTATION_CONTEXT('2D SPACE',''
  ) );
#11953 = PCURVE('',#11922,#11954);
#11954 = DEFINITIONAL_REPRESENTATION('',(#11955),#11959);
#11955 = LINE('',#11956,#11957);
#11956 = CARTESIAN_POINT('',(0.,9.424777960769));
#11957 = VECTOR('',#11958,1.);
#11958 = DIRECTION('',(1.,0.));
#11959 = ( GEOMETRIC_REPRESENTATION_CONTEXT(2) 
PARAMETRIC_REPRESENTATION_CONTEXT() REPRESENTATION_CONTEXT('2D SPACE',''
  ) );
#11960 = ORIENTED_EDGE('',*,*,#11961,.T.);
#11961 = EDGE_CURVE('',#11938,#11938,#11962,.T.);
#11962 = SURFACE_CURVE('',#11963,(#11968,#11975),.PCURVE_S1.);
#11963 = CIRCLE('',#11964,0.155);
#11964 = AXIS2_PLACEMENT_3D('',#11965,#11966,#11967);
#11965 = CARTESIAN_POINT('',(-1.6,0.8,-5.833333333333));
#11966 = DIRECTION('',(-1.110223024625E-16,-1.23268770454E-15,-1.));
#11967 = DIRECTION('',(1.110223024625E-16,1.,-1.23268770454E-15));
#11968 = PCURVE('',#11922,#11969);
#11969 = DEFINITIONAL_REPRESENTATION('',(#11970),#11974);
#11970 = LINE('',#11971,#11972);
#11971 = CARTESIAN_POINT('',(3.14159265359,0.));
#11972 = VECTOR('',#11973,1.);
#11973 = DIRECTION('',(0.,1.));
#11974 = ( GEOMETRIC_REPRESENTATION_CONTEXT(2) 
PARAMETRIC_REPRESENTATION_CONTEXT() REPRESENTATION_CONTEXT('2D SPACE',''
  ) );
#11975 = PCURVE('',#11976,#11981);
#11976 = CYLINDRICAL_SURFACE('',#11977,0.155);
#11977 = AXIS2_PLACEMENT_3D('',#11978,#11979,#11980);
#11978 = CARTESIAN_POINT('',(-1.6,0.8,-5.833333333333));
#11979 = DIRECTION('',(1.110223024625E-16,-1.232595164408E-32,1.));
#11980 = DIRECTION('',(-1.110223024625E-16,-1.,0.));
#11981 = DEFINITIONAL_REPRESENTATION('',(#11982),#11986);
#11982 = LINE('',#11983,#11984);
#11983 = CARTESIAN_POINT('',(9.424777960769,0.));
#11984 = VECTOR('',#11985,1.);
#11985 = DIRECTION('',(-1.,-0.));
#11986 = ( GEOMETRIC_REPRESENTATION_CONTEXT(2) 
PARAMETRIC_REPRESENTATION_CONTEXT() REPRESENTATION_CONTEXT('2D SPACE',''
  ) );
#11987 = ORIENTED_EDGE('',*,*,#11937,.F.);
#11988 = ORIENTED_EDGE('',*,*,#11907,.T.);
#11989 = ADVANCED_FACE('',(#11990,#11993),#11822,.F.);
#11990 = FACE_BOUND('',#11991,.F.);
#11991 = EDGE_LOOP('',(#11992));
#11992 = ORIENTED_EDGE('',*,*,#11807,.T.);
#11993 = FACE_BOUND('',#11994,.F.);
#11994 = EDGE_LOOP('',(#11995));
#11995 = ORIENTED_EDGE('',*,*,#11996,.F.);
#11996 = EDGE_CURVE('',#11997,#11997,#11999,.T.);
#11997 = VERTEX_POINT('',#11998);
#11998 = CARTESIAN_POINT('',(-1.6,0.645,0.));
#11999 = SURFACE_CURVE('',#12000,(#12005,#12016),.PCURVE_S1.);
#12000 = CIRCLE('',#12001,0.155);
#12001 = AXIS2_PLACEMENT_3D('',#12002,#12003,#12004);
#12002 = CARTESIAN_POINT('',(-1.6,0.8,0.));
#12003 = DIRECTION('',(1.110223024625E-16,-1.232595164408E-32,1.));
#12004 = DIRECTION('',(-1.110223024625E-16,-1.,0.));
#12005 = PCURVE('',#11822,#12006);
#12006 = DEFINITIONAL_REPRESENTATION('',(#12007),#12015);
#12007 = ( BOUNDED_CURVE() B_SPLINE_CURVE(2,(#12008,#12009,#12010,#12011
    ,#12012,#12013,#12014),.UNSPECIFIED.,.T.,.F.) 
B_SPLINE_CURVE_WITH_KNOTS((1,2,2,2,2,1),(-2.094395102393,0.,
    2.094395102393,4.188790204786,6.28318530718,8.377580409573),
.UNSPECIFIED.) CURVE() GEOMETRIC_REPRESENTATION_ITEM() 
RATIONAL_B_SPLINE_CURVE((1.,0.5,1.,0.5,1.,0.5,1.)) REPRESENTATION_ITEM(
  '') );
#12008 = CARTESIAN_POINT('',(2.465190328816E-32,-0.155));
#12009 = CARTESIAN_POINT('',(-0.268467875173,-0.155));
#12010 = CARTESIAN_POINT('',(-0.134233937587,7.75E-02));
#12011 = CARTESIAN_POINT('',(-3.796405077357E-17,0.31));
#12012 = CARTESIAN_POINT('',(0.134233937587,7.75E-02));
#12013 = CARTESIAN_POINT('',(0.268467875173,-0.155));
#12014 = CARTESIAN_POINT('',(2.465190328816E-32,-0.155));
#12015 = ( GEOMETRIC_REPRESENTATION_CONTEXT(2) 
PARAMETRIC_REPRESENTATION_CONTEXT() REPRESENTATION_CONTEXT('2D SPACE',''
  ) );
#12016 = PCURVE('',#11976,#12017);
#12017 = DEFINITIONAL_REPRESENTATION('',(#12018),#12022);
#12018 = LINE('',#12019,#12020);
#12019 = CARTESIAN_POINT('',(0.,5.833333333333));
#12020 = VECTOR('',#12021,1.);
#12021 = DIRECTION('',(1.,0.));
#12022 = ( GEOMETRIC_REPRESENTATION_CONTEXT(2) 
PARAMETRIC_REPRESENTATION_CONTEXT() REPRESENTATION_CONTEXT('2D SPACE',''
  ) );
#12023 = ADVANCED_FACE('',(#12024),#11976,.T.);
#12024 = FACE_BOUND('',#12025,.T.);
#12025 = EDGE_LOOP('',(#12026,#12047,#12048,#12049));
#12026 = ORIENTED_EDGE('',*,*,#12027,.F.);
#12027 = EDGE_CURVE('',#11938,#11997,#12028,.T.);
#12028 = SEAM_CURVE('',#12029,(#12033,#12040),.PCURVE_S1.);
#12029 = LINE('',#12030,#12031);
#12030 = CARTESIAN_POINT('',(-1.6,0.645,-5.833333333333));
#12031 = VECTOR('',#12032,1.);
#12032 = DIRECTION('',(1.110223024625E-16,-1.232595164408E-32,1.));
#12033 = PCURVE('',#11976,#12034);
#12034 = DEFINITIONAL_REPRESENTATION('',(#12035),#12039);
#12035 = LINE('',#12036,#12037);
#12036 = CARTESIAN_POINT('',(0.,0.));
#12037 = VECTOR('',#12038,1.);
#12038 = DIRECTION('',(0.,1.));
#12039 = ( GEOMETRIC_REPRESENTATION_CONTEXT(2) 
PARAMETRIC_REPRESENTATION_CONTEXT() REPRESENTATION_CONTEXT('2D SPACE',''
  ) );
#12040 = PCURVE('',#11976,#12041);
#12041 = DEFINITIONAL_REPRESENTATION('',(#12042),#12046);
#12042 = LINE('',#12043,#12044);
#12043 = CARTESIAN_POINT('',(6.28318530718,0.));
#12044 = VECTOR('',#12045,1.);
#12045 = DIRECTION('',(0.,1.));
#12046 = ( GEOMETRIC_REPRESENTATION_CONTEXT(2) 
PARAMETRIC_REPRESENTATION_CONTEXT() REPRESENTATION_CONTEXT('2D SPACE',''
  ) );
#12047 = ORIENTED_EDGE('',*,*,#11961,.F.);
#12048 = ORIENTED_EDGE('',*,*,#12027,.T.);
#12049 = ORIENTED_EDGE('',*,*,#11996,.F.);
#12050 = ( GEOMETRIC_REPRESENTATION_CONTEXT(3) 
GLOBAL_UNCERTAINTY_ASSIGNED_CONTEXT((#12054)) 
GLOBAL_UNIT_ASSIGNED_CONTEXT((#12051,#12052,#12053)) 
REPRESENTATION_CONTEXT('Context #1',
  '3D Context with UNIT and UNCERTAINTY') );
#12051 = ( LENGTH_UNIT() NAMED_UNIT(*) SI_UNIT(.MILLI.,.METRE.) );
#12052 = ( NAMED_UNIT(*) PLANE_ANGLE_UNIT() SI_UNIT($,.RADIAN.) );
#12053 = ( NAMED_UNIT(*) SI_UNIT($,.STERADIAN.) SOLID_ANGLE_UNIT() );
#12054 = UNCERTAINTY_MEASURE_WITH_UNIT(LENGTH_MEASURE(1.E-07),#12051,
  'distance_accuracy_value','confusion accuracy');
#12055 = CONTEXT_DEPENDENT_SHAPE_REPRESENTATION(#12056,#12058);
#12056 = ( REPRESENTATION_RELATIONSHIP('','',#4489,#10) 
REPRESENTATION_RELATIONSHIP_WITH_TRANSFORMATION(#12057) 
SHAPE_REPRESENTATION_RELATIONSHIP() );
#12057 = ITEM_DEFINED_TRANSFORMATION('','',#11,#19);
#12058 = PRODUCT_DEFINITION_SHAPE('Placement','Placement of an item',
  #12059);
#12059 = NEXT_ASSEMBLY_USAGE_OCCURRENCE('2','membrane','',#5,#4484,$);
#12060 = PRODUCT_RELATED_PRODUCT_CATEGORY('part',$,(#4486));
#12061 = MECHANICAL_DESIGN_GEOMETRIC_PRESENTATION_REPRESENTATION('',(
    #12062),#4471);
#12062 = STYLED_ITEM('color',(#12063),#37);
#12063 = PRESENTATION_STYLE_ASSIGNMENT((#12064));
#12064 = SURFACE_STYLE_USAGE(.BOTH.,#12065);
#12065 = SURFACE_SIDE_STYLE('',(#12066));
#12066 = SURFACE_STYLE_FILL_AREA(#12067);
#12067 = FILL_AREA_STYLE('',(#12068));
#12068 = FILL_AREA_STYLE_COLOUR('',#12069);
#12069 = DRAUGHTING_PRE_DEFINED_COLOUR('green');
#12070 = MECHANICAL_DESIGN_GEOMETRIC_PRESENTATION_REPRESENTATION('',(
    #12071,#12079,#12086,#12093,#12100,#12107,#12114,#12121,#12128,
    #12135,#12142,#12149,#12156,#12163,#12170,#12177,#12184,#12191),
  #12050);
#12071 = STYLED_ITEM('color',(#12072),#4490);
#12072 = PRESENTATION_STYLE_ASSIGNMENT((#12073));
#12073 = SURFACE_STYLE_USAGE(.BOTH.,#12074);
#12074 = SURFACE_SIDE_STYLE('',(#12075));
#12075 = SURFACE_STYLE_FILL_AREA(#12076);
#12076 = FILL_AREA_STYLE('',(#12077));
#12077 = FILL_AREA_STYLE_COLOUR('',#12078);
#12078 = DRAUGHTING_PRE_DEFINED_COLOUR('red');
#12079 = STYLED_ITEM('color',(#12080),#4910);
#12080 = PRESENTATION_STYLE_ASSIGNMENT((#12081));
#12081 = SURFACE_STYLE_USAGE(.BOTH.,#12082);
#12082 = SURFACE_SIDE_STYLE('',(#12083));
#12083 = SURFACE_STYLE_FILL_AREA(#12084);
#12084 = FILL_AREA_STYLE('',(#12085));
#12085 = FILL_AREA_STYLE_COLOUR('',#12078);
#12086 = STYLED_ITEM('color',(#12087),#5330);
#12087 = PRESENTATION_STYLE_ASSIGNMENT((#12088));
#12088 = SURFACE_STYLE_USAGE(.BOTH.,#12089);
#12089 = SURFACE_SIDE_STYLE('',(#12090));
#12090 = SURFACE_STYLE_FILL_AREA(#12091);
#12091 = FILL_AREA_STYLE('',(#12092));
#12092 = FILL_AREA_STYLE_COLOUR('',#12078);
#12093 = STYLED_ITEM('color',(#12094),#5750);
#12094 = PRESENTATION_STYLE_ASSIGNMENT((#12095));
#12095 = SURFACE_STYLE_USAGE(.BOTH.,#12096);
#12096 = SURFACE_SIDE_STYLE('',(#12097));
#12097 = SURFACE_STYLE_FILL_AREA(#12098);
#12098 = FILL_AREA_STYLE('',(#12099));
#12099 = FILL_AREA_STYLE_COLOUR('',#12078);
#12100 = STYLED_ITEM('color',(#12101),#6170);
#12101 = PRESENTATION_STYLE_ASSIGNMENT((#12102));
#12102 = SURFACE_STYLE_USAGE(.BOTH.,#12103);
#12103 = SURFACE_SIDE_STYLE('',(#12104));
#12104 = SURFACE_STYLE_FILL_AREA(#12105);
#12105 = FILL_AREA_STYLE('',(#12106));
#12106 = FILL_AREA_STYLE_COLOUR('',#12078);
#12107 = STYLED_ITEM('color',(#12108),#6590);
#12108 = PRESENTATION_STYLE_ASSIGNMENT((#12109));
#12109 = SURFACE_STYLE_USAGE(.BOTH.,#12110);
#12110 = SURFACE_SIDE_STYLE('',(#12111));
#12111 = SURFACE_STYLE_FILL_AREA(#12112);
#12112 = FILL_AREA_STYLE('',(#12113));
#12113 = FILL_AREA_STYLE_COLOUR('',#12078);
#12114 = STYLED_ITEM('color',(#12115),#7010);
#12115 = PRESENTATION_STYLE_ASSIGNMENT((#12116));
#12116 = SURFACE_STYLE_USAGE(.BOTH.,#12117);
#12117 = SURFACE_SIDE_STYLE('',(#12118));
#12118 = SURFACE_STYLE_FILL_AREA(#12119);
#12119 = FILL_AREA_STYLE('',(#12120));
#12120 = FILL_AREA_STYLE_COLOUR('',#12078);
#12121 = STYLED_ITEM('color',(#12122),#7430);
#12122 = PRESENTATION_STYLE_ASSIGNMENT((#12123));
#12123 = SURFACE_STYLE_USAGE(.BOTH.,#12124);
#12124 = SURFACE_SIDE_STYLE('',(#12125));
#12125 = SURFACE_STYLE_FILL_AREA(#12126);
#12126 = FILL_AREA_STYLE('',(#12127));
#12127 = FILL_AREA_STYLE_COLOUR('',#12078);
#12128 = STYLED_ITEM('color',(#12129),#7850);
#12129 = PRESENTATION_STYLE_ASSIGNMENT((#12130));
#12130 = SURFACE_STYLE_USAGE(.BOTH.,#12131);
#12131 = SURFACE_SIDE_STYLE('',(#12132));
#12132 = SURFACE_STYLE_FILL_AREA(#12133);
#12133 = FILL_AREA_STYLE('',(#12134));
#12134 = FILL_AREA_STYLE_COLOUR('',#12078);
#12135 = STYLED_ITEM('color',(#12136),#8270);
#12136 = PRESENTATION_STYLE_ASSIGNMENT((#12137));
#12137 = SURFACE_STYLE_USAGE(.BOTH.,#12138);
#12138 = SURFACE_SIDE_STYLE('',(#12139));
#12139 = SURFACE_STYLE_FILL_AREA(#12140);
#12140 = FILL_AREA_STYLE('',(#12141));
#12141 = FILL_AREA_STYLE_COLOUR('',#12078);
#12142 = STYLED_ITEM('color',(#12143),#8690);
#12143 = PRESENTATION_STYLE_ASSIGNMENT((#12144));
#12144 = SURFACE_STYLE_USAGE(.BOTH.,#12145);
#12145 = SURFACE_SIDE_STYLE('',(#12146));
#12146 = SURFACE_STYLE_FILL_AREA(#12147);
#12147 = FILL_AREA_STYLE('',(#12148));
#12148 = FILL_AREA_STYLE_COLOUR('',#12078);
#12149 = STYLED_ITEM('color',(#12150),#9110);
#12150 = PRESENTATION_STYLE_ASSIGNMENT((#12151));
#12151 = SURFACE_STYLE_USAGE(.BOTH.,#12152);
#12152 = SURFACE_SIDE_STYLE('',(#12153));
#12153 = SURFACE_STYLE_FILL_AREA(#12154);
#12154 = FILL_AREA_STYLE('',(#12155));
#12155 = FILL_AREA_STYLE_COLOUR('',#12078);
#12156 = STYLED_ITEM('color',(#12157),#9530);
#12157 = PRESENTATION_STYLE_ASSIGNMENT((#12158));
#12158 = SURFACE_STYLE_USAGE(.BOTH.,#12159);
#12159 = SURFACE_SIDE_STYLE('',(#12160));
#12160 = SURFACE_STYLE_FILL_AREA(#12161);
#12161 = FILL_AREA_STYLE('',(#12162));
#12162 = FILL_AREA_STYLE_COLOUR('',#12078);
#12163 = STYLED_ITEM('color',(#12164),#9950);
#12164 = PRESENTATION_STYLE_ASSIGNMENT((#12165));
#12165 = SURFACE_STYLE_USAGE(.BOTH.,#12166);
#12166 = SURFACE_SIDE_STYLE('',(#12167));
#12167 = SURFACE_STYLE_FILL_AREA(#12168);
#12168 = FILL_AREA_STYLE('',(#12169));
#12169 = FILL_AREA_STYLE_COLOUR('',#12078);
#12170 = STYLED_ITEM('color',(#12171),#10370);
#12171 = PRESENTATION_STYLE_ASSIGNMENT((#12172));
#12172 = SURFACE_STYLE_USAGE(.BOTH.,#12173);
#12173 = SURFACE_SIDE_STYLE('',(#12174));
#12174 = SURFACE_STYLE_FILL_AREA(#12175);
#12175 = FILL_AREA_STYLE('',(#12176));
#12176 = FILL_AREA_STYLE_COLOUR('',#12078);
#12177 = STYLED_ITEM('color',(#12178),#10790);
#12178 = PRESENTATION_STYLE_ASSIGNMENT((#12179));
#12179 = SURFACE_STYLE_USAGE(.BOTH.,#12180);
#12180 = SURFACE_SIDE_STYLE('',(#12181));
#12181 = SURFACE_STYLE_FILL_AREA(#12182);
#12182 = FILL_AREA_STYLE('',(#12183));
#12183 = FILL_AREA_STYLE_COLOUR('',#12078);
#12184 = STYLED_ITEM('color',(#12185),#11210);
#12185 = PRESENTATION_STYLE_ASSIGNMENT((#12186));
#12186 = SURFACE_STYLE_USAGE(.BOTH.,#12187);
#12187 = SURFACE_SIDE_STYLE('',(#12188));
#12188 = SURFACE_STYLE_FILL_AREA(#12189);
#12189 = FILL_AREA_STYLE('',(#12190));
#12190 = FILL_AREA_STYLE_COLOUR('',#12078);
#12191 = STYLED_ITEM('color',(#12192),#11630);
#12192 = PRESENTATION_STYLE_ASSIGNMENT((#12193));
#12193 = SURFACE_STYLE_USAGE(.BOTH.,#12194);
#12194 = SURFACE_SIDE_STYLE('',(#12195));
#12195 = SURFACE_STYLE_FILL_AREA(#12196);
#12196 = FILL_AREA_STYLE('',(#12197));
#12197 = FILL_AREA_STYLE_COLOUR('',#12078);
ENDSEC;
END-ISO-10303-21;
