# Selection   : patch(inlet)
# Faces       : 376
# Area        : 3.835388e-01
# Time        	areaAverage(p)	areaAverage(U)
0             	0.000000e+00	(0.000000e+00 6.270000e-05 0.000000e+00)
0.1           	1.023033e+00	(0.000000e+00 0.000000e+00 -5.706577e-03)
0.2           	-4.398984e-02	(0.000000e+00 0.000000e+00 -5.706577e-03)
0.3           	-3.638365e-03	(0.000000e+00 0.000000e+00 -5.706577e-03)
0.4           	-3.959664e-04	(0.000000e+00 0.000000e+00 -5.706577e-03)
0.5           	1.008755e-03	(0.000000e+00 0.000000e+00 -5.706577e-03)
0.6           	1.825555e-03	(0.000000e+00 0.000000e+00 -5.706577e-03)
0.7           	2.325015e-03	(0.000000e+00 0.000000e+00 -5.706577e-03)
0.8           	2.638196e-03	(0.000000e+00 0.000000e+00 -5.706577e-03)
0.9           	2.848344e-03	(0.000000e+00 0.000000e+00 -5.706577e-03)
1             	2.977018e-03	(0.000000e+00 0.000000e+00 -5.706577e-03)
1.1           	3.056878e-03	(0.000000e+00 0.000000e+00 -5.706577e-03)
1.2           	3.086707e-03	(0.000000e+00 0.000000e+00 -5.706577e-03)
1.3           	3.117482e-03	(0.000000e+00 0.000000e+00 -5.706577e-03)
1.4           	3.113882e-03	(0.000000e+00 0.000000e+00 -5.706577e-03)
1.5           	3.097922e-03	(0.000000e+00 0.000000e+00 -5.706577e-03)
1.6           	3.068236e-03	(0.000000e+00 0.000000e+00 -5.706577e-03)
1.7           	3.038823e-03	(0.000000e+00 0.000000e+00 -5.706577e-03)
1.8           	3.005519e-03	(0.000000e+00 0.000000e+00 -5.706577e-03)
1.9           	2.965672e-03	(0.000000e+00 0.000000e+00 -5.706577e-03)
2             	2.924226e-03	(0.000000e+00 0.000000e+00 -5.706577e-03)
2.1           	2.874617e-03	(0.000000e+00 0.000000e+00 -5.706577e-03)
2.2           	2.829482e-03	(0.000000e+00 0.000000e+00 -5.706577e-03)
2.3           	2.786099e-03	(0.000000e+00 0.000000e+00 -5.706577e-03)
2.4           	2.737186e-03	(0.000000e+00 0.000000e+00 -5.706577e-03)
2.5           	2.687555e-03	(0.000000e+00 0.000000e+00 -5.706577e-03)
2.6           	2.640392e-03	(0.000000e+00 0.000000e+00 -5.706577e-03)
2.7           	2.591113e-03	(0.000000e+00 0.000000e+00 -5.706577e-03)
2.8           	2.546027e-03	(0.000000e+00 0.000000e+00 -5.706577e-03)
2.9           	2.495560e-03	(0.000000e+00 0.000000e+00 -5.706577e-03)
3             	2.447026e-03	(0.000000e+00 0.000000e+00 -5.706577e-03)
3.1           	2.402239e-03	(0.000000e+00 0.000000e+00 -5.706577e-03)
3.2           	2.354805e-03	(0.000000e+00 0.000000e+00 -5.706577e-03)
3.3           	2.306406e-03	(0.000000e+00 0.000000e+00 -5.706577e-03)
3.4           	2.262809e-03	(0.000000e+00 0.000000e+00 -5.706577e-03)
3.5           	2.216317e-03	(0.000000e+00 0.000000e+00 -5.706577e-03)
3.6           	2.170211e-03	(0.000000e+00 0.000000e+00 -5.706577e-03)
3.7           	2.127848e-03	(0.000000e+00 0.000000e+00 -5.706577e-03)
3.8           	2.086679e-03	(0.000000e+00 0.000000e+00 -5.706577e-03)
3.9           	2.042405e-03	(0.000000e+00 0.000000e+00 -5.706577e-03)
4             	2.002141e-03	(0.000000e+00 0.000000e+00 -5.706577e-03)
4.1           	1.959247e-03	(0.000000e+00 0.000000e+00 -5.706577e-03)
4.2           	1.920072e-03	(0.000000e+00 0.000000e+00 -5.706577e-03)
4.3           	1.879177e-03	(0.000000e+00 0.000000e+00 -5.706577e-03)
4.4           	1.840984e-03	(0.000000e+00 0.000000e+00 -5.706577e-03)
4.5           	1.803484e-03	(0.000000e+00 0.000000e+00 -5.706577e-03)
4.6           	1.766070e-03	(0.000000e+00 0.000000e+00 -5.706577e-03)
4.7           	1.727139e-03	(0.000000e+00 0.000000e+00 -5.706577e-03)
4.8           	1.693956e-03	(0.000000e+00 0.000000e+00 -5.706577e-03)
4.9           	1.657110e-03	(0.000000e+00 0.000000e+00 -5.706577e-03)
5             	1.622859e-03	(0.000000e+00 0.000000e+00 -5.706577e-03)
5.1           	1.589116e-03	(0.000000e+00 0.000000e+00 -5.706577e-03)
5.2           	1.556731e-03	(0.000000e+00 0.000000e+00 -5.706577e-03)
5.3           	1.522973e-03	(0.000000e+00 0.000000e+00 -5.706577e-03)
5.4           	1.493176e-03	(0.000000e+00 0.000000e+00 -5.706577e-03)
5.5           	1.460288e-03	(0.000000e+00 0.000000e+00 -5.706577e-03)
5.6           	1.430976e-03	(0.000000e+00 0.000000e+00 -5.706577e-03)
5.7           	1.400344e-03	(0.000000e+00 0.000000e+00 -5.706577e-03)
5.8           	1.372648e-03	(0.000000e+00 0.000000e+00 -5.706577e-03)
5.9           	1.343393e-03	(0.000000e+00 0.000000e+00 -5.706577e-03)
6             	1.317635e-03	(0.000000e+00 0.000000e+00 -5.706577e-03)
6.1           	1.287881e-03	(0.000000e+00 0.000000e+00 -5.706577e-03)
6.2           	1.262323e-03	(0.000000e+00 0.000000e+00 -5.706577e-03)
6.3           	1.236997e-03	(0.000000e+00 0.000000e+00 -5.706577e-03)
6.4           	1.212146e-03	(0.000000e+00 0.000000e+00 -5.706577e-03)
6.5           	1.186464e-03	(0.000000e+00 0.000000e+00 -5.706577e-03)
6.6           	1.163142e-03	(0.000000e+00 0.000000e+00 -5.706577e-03)
6.7           	1.140127e-03	(0.000000e+00 0.000000e+00 -5.706577e-03)
6.8           	1.116400e-03	(0.000000e+00 0.000000e+00 -5.706577e-03)
6.9           	1.094548e-03	(0.000000e+00 0.000000e+00 -5.706577e-03)
7             	1.072575e-03	(0.000000e+00 0.000000e+00 -5.706577e-03)
7.1           	1.051863e-03	(0.000000e+00 0.000000e+00 -5.706577e-03)
7.2           	1.031412e-03	(0.000000e+00 0.000000e+00 -5.706577e-03)
7.3           	1.009537e-03	(0.000000e+00 0.000000e+00 -5.706577e-03)
7.4           	9.916700e-04	(0.000000e+00 0.000000e+00 -5.706577e-03)
7.5           	9.719444e-04	(0.000000e+00 0.000000e+00 -5.706577e-03)
7.6           	9.527306e-04	(0.000000e+00 0.000000e+00 -5.706577e-03)
7.7           	9.351828e-04	(0.000000e+00 0.000000e+00 -5.706577e-03)
7.8           	9.168062e-04	(0.000000e+00 0.000000e+00 -5.706577e-03)
7.9           	8.996863e-04	(0.000000e+00 0.000000e+00 -5.706577e-03)
8             	8.830138e-04	(0.000000e+00 0.000000e+00 -5.706577e-03)
8.1           	8.671116e-04	(0.000000e+00 0.000000e+00 -5.706577e-03)
8.2           	8.504141e-04	(0.000000e+00 0.000000e+00 -5.706577e-03)
8.3           	8.349861e-04	(0.000000e+00 0.000000e+00 -5.706577e-03)
8.4           	8.198811e-04	(0.000000e+00 0.000000e+00 -5.706577e-03)
8.5           	8.057726e-04	(0.000000e+00 0.000000e+00 -5.706577e-03)
8.6           	7.909161e-04	(0.000000e+00 0.000000e+00 -5.706577e-03)
8.7           	7.766566e-04	(0.000000e+00 0.000000e+00 -5.706577e-03)
8.8           	7.628857e-04	(0.000000e+00 0.000000e+00 -5.706577e-03)
8.9           	7.505784e-04	(0.000000e+00 0.000000e+00 -5.706577e-03)
9             	7.380303e-04	(0.000000e+00 0.000000e+00 -5.706577e-03)
9.1           	7.233349e-04	(0.000000e+00 0.000000e+00 -5.706577e-03)
9.2           	7.131974e-04	(0.000000e+00 0.000000e+00 -5.706577e-03)
9.3           	7.000722e-04	(0.000000e+00 0.000000e+00 -5.706577e-03)
9.4           	6.897731e-04	(0.000000e+00 0.000000e+00 -5.706577e-03)
9.5           	6.771837e-04	(0.000000e+00 0.000000e+00 -5.706577e-03)
9.6           	6.676641e-04	(0.000000e+00 0.000000e+00 -5.706577e-03)
9.7           	6.555975e-04	(0.000000e+00 0.000000e+00 -5.706577e-03)
9.8           	6.471183e-04	(0.000000e+00 0.000000e+00 -5.706577e-03)
9.9           	6.356736e-04	(0.000000e+00 0.000000e+00 -5.706577e-03)
10            	6.264477e-04	(0.000000e+00 0.000000e+00 -5.706577e-03)
10.1          	6.169597e-04	(0.000000e+00 0.000000e+00 -5.706577e-03)
10.2          	6.070746e-04	(0.000000e+00 0.000000e+00 -5.706577e-03)
10.3          	6.003681e-04	(0.000000e+00 0.000000e+00 -5.706577e-03)
10.4          	5.888084e-04	(0.000000e+00 0.000000e+00 -5.706577e-03)
10.5          	5.813420e-04	(0.000000e+00 0.000000e+00 -5.706577e-03)
10.6          	5.749206e-04	(0.000000e+00 0.000000e+00 -5.706577e-03)
10.7          	5.645253e-04	(0.000000e+00 0.000000e+00 -5.706577e-03)
10.8          	5.586233e-04	(0.000000e+00 0.000000e+00 -5.706577e-03)
10.9          	5.494037e-04	(0.000000e+00 0.000000e+00 -5.706577e-03)
11            	5.425346e-04	(0.000000e+00 0.000000e+00 -5.706577e-03)
11.1          	5.368532e-04	(0.000000e+00 0.000000e+00 -5.706577e-03)
11.2          	5.275831e-04	(0.000000e+00 0.000000e+00 -5.706577e-03)
11.3          	5.223747e-04	(0.000000e+00 0.000000e+00 -5.706577e-03)
11.4          	5.174567e-04	(0.000000e+00 0.000000e+00 -5.706577e-03)
11.5          	5.090171e-04	(0.000000e+00 0.000000e+00 -5.706577e-03)
11.6          	5.031224e-04	(0.000000e+00 0.000000e+00 -5.706577e-03)
11.7          	4.980237e-04	(0.000000e+00 0.000000e+00 -5.706577e-03)
11.8          	4.929352e-04	(0.000000e+00 0.000000e+00 -5.706577e-03)
11.9          	4.849886e-04	(0.000000e+00 0.000000e+00 -5.706577e-03)
12            	4.810890e-04	(0.000000e+00 0.000000e+00 -5.706577e-03)
12.1          	4.770729e-04	(0.000000e+00 0.000000e+00 -5.706577e-03)
12.2          	4.692734e-04	(0.000000e+00 0.000000e+00 -5.706577e-03)
12.3          	4.669102e-04	(0.000000e+00 0.000000e+00 -5.706577e-03)
12.4          	4.606008e-04	(0.000000e+00 0.000000e+00 -5.706577e-03)
12.5          	4.556934e-04	(0.000000e+00 0.000000e+00 -5.706577e-03)
12.6          	4.535369e-04	(0.000000e+00 0.000000e+00 -5.706577e-03)
12.7          	4.462239e-04	(0.000000e+00 0.000000e+00 -5.706577e-03)
12.8          	4.444958e-04	(0.000000e+00 0.000000e+00 -5.706577e-03)
12.9          	4.395337e-04	(0.000000e+00 0.000000e+00 -5.706577e-03)
13            	4.350155e-04	(0.000000e+00 0.000000e+00 -5.706577e-03)
13.1          	4.316889e-04	(0.000000e+00 0.000000e+00 -5.706577e-03)
13.2          	4.265619e-04	(0.000000e+00 0.000000e+00 -5.706577e-03)
13.3          	4.254452e-04	(0.000000e+00 0.000000e+00 -5.706577e-03)
13.4          	4.207180e-04	(0.000000e+00 0.000000e+00 -5.706577e-03)
13.5          	4.171419e-04	(0.000000e+00 0.000000e+00 -5.706577e-03)
13.6          	4.137366e-04	(0.000000e+00 0.000000e+00 -5.706577e-03)
13.7          	4.114363e-04	(0.000000e+00 0.000000e+00 -5.706577e-03)
13.8          	4.074527e-04	(0.000000e+00 0.000000e+00 -5.706577e-03)
13.9          	4.054491e-04	(0.000000e+00 0.000000e+00 -5.706577e-03)
14            	4.018916e-04	(0.000000e+00 0.000000e+00 -5.706577e-03)
14.1          	3.990191e-04	(0.000000e+00 0.000000e+00 -5.706577e-03)
14.2          	3.966517e-04	(0.000000e+00 0.000000e+00 -5.706577e-03)
14.3          	3.943556e-04	(0.000000e+00 0.000000e+00 -5.706577e-03)
14.4          	3.910625e-04	(0.000000e+00 0.000000e+00 -5.706577e-03)
14.5          	3.892298e-04	(0.000000e+00 0.000000e+00 -5.706577e-03)
14.6          	3.867092e-04	(0.000000e+00 0.000000e+00 -5.706577e-03)
14.7          	3.837542e-04	(0.000000e+00 0.000000e+00 -5.706577e-03)
14.8          	3.820916e-04	(0.000000e+00 0.000000e+00 -5.706577e-03)
14.9          	3.796913e-04	(0.000000e+00 0.000000e+00 -5.706577e-03)
15            	3.782277e-04	(0.000000e+00 0.000000e+00 -5.706577e-03)
15.1          	3.751819e-04	(0.000000e+00 0.000000e+00 -5.706577e-03)
15.2          	3.743669e-04	(0.000000e+00 0.000000e+00 -5.706577e-03)
15.3          	3.721224e-04	(0.000000e+00 0.000000e+00 -5.706577e-03)
15.4          	3.703407e-04	(0.000000e+00 0.000000e+00 -5.706577e-03)
15.5          	3.682063e-04	(0.000000e+00 0.000000e+00 -5.706577e-03)
15.6          	3.666409e-04	(0.000000e+00 0.000000e+00 -5.706577e-03)
15.7          	3.654606e-04	(0.000000e+00 0.000000e+00 -5.706577e-03)
15.8          	3.634056e-04	(0.000000e+00 0.000000e+00 -5.706577e-03)
15.9          	3.611877e-04	(0.000000e+00 0.000000e+00 -5.706577e-03)
16            	3.606088e-04	(0.000000e+00 0.000000e+00 -5.706577e-03)
16.1          	3.597904e-04	(0.000000e+00 0.000000e+00 -5.706577e-03)
16.2          	3.575407e-04	(0.000000e+00 0.000000e+00 -5.706577e-03)
16.3          	3.559115e-04	(0.000000e+00 0.000000e+00 -5.706577e-03)
16.4          	3.550775e-04	(0.000000e+00 0.000000e+00 -5.706577e-03)
16.5          	3.540546e-04	(0.000000e+00 0.000000e+00 -5.706577e-03)
16.6          	3.530059e-04	(0.000000e+00 0.000000e+00 -5.706577e-03)
16.7          	3.511293e-04	(0.000000e+00 0.000000e+00 -5.706577e-03)
16.8          	3.502121e-04	(0.000000e+00 0.000000e+00 -5.706577e-03)
16.9          	3.490997e-04	(0.000000e+00 0.000000e+00 -5.706577e-03)
17            	3.483561e-04	(0.000000e+00 0.000000e+00 -5.706577e-03)
17.1          	3.471182e-04	(0.000000e+00 0.000000e+00 -5.706577e-03)
17.2          	3.459143e-04	(0.000000e+00 0.000000e+00 -5.706577e-03)
17.3          	3.450915e-04	(0.000000e+00 0.000000e+00 -5.706577e-03)
17.4          	3.440119e-04	(0.000000e+00 0.000000e+00 -5.706577e-03)
17.5          	3.434635e-04	(0.000000e+00 0.000000e+00 -5.706577e-03)
17.6          	3.425093e-04	(0.000000e+00 0.000000e+00 -5.706577e-03)
17.7          	3.417079e-04	(0.000000e+00 0.000000e+00 -5.706577e-03)
17.8          	3.409241e-04	(0.000000e+00 0.000000e+00 -5.706577e-03)
17.9          	3.400976e-04	(0.000000e+00 0.000000e+00 -5.706577e-03)
18            	3.393567e-04	(0.000000e+00 0.000000e+00 -5.706577e-03)
18.1          	3.386517e-04	(0.000000e+00 0.000000e+00 -5.706577e-03)
18.2          	3.380309e-04	(0.000000e+00 0.000000e+00 -5.706577e-03)
18.3          	3.372143e-04	(0.000000e+00 0.000000e+00 -5.706577e-03)
18.4          	3.366437e-04	(0.000000e+00 0.000000e+00 -5.706577e-03)
18.5          	3.362449e-04	(0.000000e+00 0.000000e+00 -5.706577e-03)
18.6          	3.356139e-04	(0.000000e+00 0.000000e+00 -5.706577e-03)
18.7          	3.350306e-04	(0.000000e+00 0.000000e+00 -5.706577e-03)
18.8          	3.341727e-04	(0.000000e+00 0.000000e+00 -5.706577e-03)
18.9          	3.333516e-04	(0.000000e+00 0.000000e+00 -5.706577e-03)
19            	3.332968e-04	(0.000000e+00 0.000000e+00 -5.706577e-03)
19.1          	3.324650e-04	(0.000000e+00 0.000000e+00 -5.706577e-03)
19.2          	3.321484e-04	(0.000000e+00 0.000000e+00 -5.706577e-03)
19.3          	3.318140e-04	(0.000000e+00 0.000000e+00 -5.706577e-03)
19.4          	3.313488e-04	(0.000000e+00 0.000000e+00 -5.706577e-03)
19.5          	3.305474e-04	(0.000000e+00 0.000000e+00 -5.706577e-03)
19.6          	3.303141e-04	(0.000000e+00 0.000000e+00 -5.706577e-03)
19.7          	3.302705e-04	(0.000000e+00 0.000000e+00 -5.706577e-03)
19.8          	3.295914e-04	(0.000000e+00 0.000000e+00 -5.706577e-03)
19.9          	3.289894e-04	(0.000000e+00 0.000000e+00 -5.706577e-03)
20            	3.288931e-04	(0.000000e+00 0.000000e+00 -5.706577e-03)
20.1          	3.285675e-04	(0.000000e+00 0.000000e+00 -5.706577e-03)
20.2          	3.279341e-04	(0.000000e+00 0.000000e+00 -5.706577e-03)
20.3          	3.278480e-04	(0.000000e+00 0.000000e+00 -5.706577e-03)
20.4          	3.275816e-04	(0.000000e+00 0.000000e+00 -5.706577e-03)
20.5          	3.269554e-04	(0.000000e+00 0.000000e+00 -5.706577e-03)
20.6          	3.268591e-04	(0.000000e+00 0.000000e+00 -5.706577e-03)
20.7          	3.266204e-04	(0.000000e+00 0.000000e+00 -5.706577e-03)
20.8          	3.260938e-04	(0.000000e+00 0.000000e+00 -5.706577e-03)
20.9          	3.259915e-04	(0.000000e+00 0.000000e+00 -5.706577e-03)
21            	3.257807e-04	(0.000000e+00 0.000000e+00 -5.706577e-03)
21.1          	3.253181e-04	(0.000000e+00 0.000000e+00 -5.706577e-03)
21.2          	3.251925e-04	(0.000000e+00 0.000000e+00 -5.706577e-03)
21.3          	3.250280e-04	(0.000000e+00 0.000000e+00 -5.706577e-03)
21.4          	3.245617e-04	(0.000000e+00 0.000000e+00 -5.706577e-03)
21.5          	3.245008e-04	(0.000000e+00 0.000000e+00 -5.706577e-03)
21.6          	3.243294e-04	(0.000000e+00 0.000000e+00 -5.706577e-03)
21.7          	3.238398e-04	(0.000000e+00 0.000000e+00 -5.706577e-03)
21.8          	3.237883e-04	(0.000000e+00 0.000000e+00 -5.706577e-03)
21.9          	3.237037e-04	(0.000000e+00 0.000000e+00 -5.706577e-03)
22            	3.235036e-04	(0.000000e+00 0.000000e+00 -5.706577e-03)
22.1          	3.232182e-04	(0.000000e+00 0.000000e+00 -5.706577e-03)
22.2          	3.228747e-04	(0.000000e+00 0.000000e+00 -5.706577e-03)
22.3          	3.228582e-04	(0.000000e+00 0.000000e+00 -5.706577e-03)
22.4          	3.227716e-04	(0.000000e+00 0.000000e+00 -5.706577e-03)
22.5          	3.226286e-04	(0.000000e+00 0.000000e+00 -5.706577e-03)
22.6          	3.221863e-04	(0.000000e+00 0.000000e+00 -5.706577e-03)
22.7          	3.221297e-04	(0.000000e+00 0.000000e+00 -5.706577e-03)
22.8          	3.220708e-04	(0.000000e+00 0.000000e+00 -5.706577e-03)
22.9          	3.219758e-04	(0.000000e+00 0.000000e+00 -5.706577e-03)
23            	3.217175e-04	(0.000000e+00 0.000000e+00 -5.706577e-03)
23.1          	3.215687e-04	(0.000000e+00 0.000000e+00 -5.706577e-03)
23.2          	3.215186e-04	(0.000000e+00 0.000000e+00 -5.706577e-03)
23.3          	3.213081e-04	(0.000000e+00 0.000000e+00 -5.706577e-03)
23.4          	3.212173e-04	(0.000000e+00 0.000000e+00 -5.706577e-03)
23.5          	3.209974e-04	(0.000000e+00 0.000000e+00 -5.706577e-03)
23.6          	3.209406e-04	(0.000000e+00 0.000000e+00 -5.706577e-03)
23.7          	3.206615e-04	(0.000000e+00 0.000000e+00 -5.706577e-03)
23.8          	3.206449e-04	(0.000000e+00 0.000000e+00 -5.706577e-03)
23.9          	3.204028e-04	(0.000000e+00 0.000000e+00 -5.706577e-03)
24            	3.202339e-04	(0.000000e+00 0.000000e+00 -5.706577e-03)
24.1          	3.202203e-04	(0.000000e+00 0.000000e+00 -5.706577e-03)
24.2          	3.201419e-04	(0.000000e+00 0.000000e+00 -5.706577e-03)
24.3          	3.200552e-04	(0.000000e+00 0.000000e+00 -5.706577e-03)
24.4          	3.198989e-04	(0.000000e+00 0.000000e+00 -5.706577e-03)
24.5          	3.197779e-04	(0.000000e+00 0.000000e+00 -5.706577e-03)
24.6          	3.196935e-04	(0.000000e+00 0.000000e+00 -5.706577e-03)
24.7          	3.196029e-04	(0.000000e+00 0.000000e+00 -5.706577e-03)
24.8          	3.194548e-04	(0.000000e+00 0.000000e+00 -5.706577e-03)
24.9          	3.193449e-04	(0.000000e+00 0.000000e+00 -5.706577e-03)
25            	3.192726e-04	(0.000000e+00 0.000000e+00 -5.706577e-03)
25.1          	3.191776e-04	(0.000000e+00 0.000000e+00 -5.706577e-03)
25.2          	3.190407e-04	(0.000000e+00 0.000000e+00 -5.706577e-03)
25.3          	3.188904e-04	(0.000000e+00 0.000000e+00 -5.706577e-03)
25.4          	3.188379e-04	(0.000000e+00 0.000000e+00 -5.706577e-03)
25.5          	3.187639e-04	(0.000000e+00 0.000000e+00 -5.706577e-03)
25.6          	3.186576e-04	(0.000000e+00 0.000000e+00 -5.706577e-03)
25.7          	3.185132e-04	(0.000000e+00 0.000000e+00 -5.706577e-03)
25.8          	3.184411e-04	(0.000000e+00 0.000000e+00 -5.706577e-03)
25.9          	3.183613e-04	(0.000000e+00 0.000000e+00 -5.706577e-03)
26            	3.182595e-04	(0.000000e+00 0.000000e+00 -5.706577e-03)
26.1          	3.181809e-04	(0.000000e+00 0.000000e+00 -5.706577e-03)
26.2          	3.180911e-04	(0.000000e+00 0.000000e+00 -5.706577e-03)
26.3          	3.179571e-04	(0.000000e+00 0.000000e+00 -5.706577e-03)
26.4          	3.178782e-04	(0.000000e+00 0.000000e+00 -5.706577e-03)
26.5          	3.177905e-04	(0.000000e+00 0.000000e+00 -5.706577e-03)
26.6          	3.176945e-04	(0.000000e+00 0.000000e+00 -5.706577e-03)
26.7          	3.176163e-04	(0.000000e+00 0.000000e+00 -5.706577e-03)
26.8          	3.175382e-04	(0.000000e+00 0.000000e+00 -5.706577e-03)
26.9          	3.173990e-04	(0.000000e+00 0.000000e+00 -5.706577e-03)
27            	3.172473e-04	(0.000000e+00 0.000000e+00 -5.706577e-03)
27.1          	3.172380e-04	(0.000000e+00 0.000000e+00 -5.706577e-03)
27.2          	3.172004e-04	(0.000000e+00 0.000000e+00 -5.706577e-03)
27.3          	3.171366e-04	(0.000000e+00 0.000000e+00 -5.706577e-03)
27.4          	3.170339e-04	(0.000000e+00 0.000000e+00 -5.706577e-03)
27.5          	3.168339e-04	(0.000000e+00 0.000000e+00 -5.706577e-03)
27.6          	3.167805e-04	(0.000000e+00 0.000000e+00 -5.706577e-03)
27.7          	3.167350e-04	(0.000000e+00 0.000000e+00 -5.706577e-03)
27.8          	3.166678e-04	(0.000000e+00 0.000000e+00 -5.706577e-03)
27.9          	3.165401e-04	(0.000000e+00 0.000000e+00 -5.706577e-03)
28            	3.164346e-04	(0.000000e+00 0.000000e+00 -5.706577e-03)
28.1          	3.163760e-04	(0.000000e+00 0.000000e+00 -5.706577e-03)
28.2          	3.162951e-04	(0.000000e+00 0.000000e+00 -5.706577e-03)
28.3          	3.161415e-04	(0.000000e+00 0.000000e+00 -5.706577e-03)
28.4          	3.160629e-04	(0.000000e+00 0.000000e+00 -5.706577e-03)
28.5          	3.160401e-04	(0.000000e+00 0.000000e+00 -5.706577e-03)
28.6          	3.159758e-04	(0.000000e+00 0.000000e+00 -5.706577e-03)
28.7          	3.158337e-04	(0.000000e+00 0.000000e+00 -5.706577e-03)
28.8          	3.158029e-04	(0.000000e+00 0.000000e+00 -5.706577e-03)
28.9          	3.157106e-04	(0.000000e+00 0.000000e+00 -5.706577e-03)
29            	3.154294e-04	(0.000000e+00 0.000000e+00 -5.706577e-03)
29.1          	3.154272e-04	(0.000000e+00 0.000000e+00 -5.706577e-03)
29.2          	3.154066e-04	(0.000000e+00 0.000000e+00 -5.706577e-03)
29.3          	3.153658e-04	(0.000000e+00 0.000000e+00 -5.706577e-03)
29.4          	3.153038e-04	(0.000000e+00 0.000000e+00 -5.706577e-03)
29.5          	3.151312e-04	(0.000000e+00 0.000000e+00 -5.706577e-03)
29.6          	3.151060e-04	(0.000000e+00 0.000000e+00 -5.706577e-03)
29.7          	3.150167e-04	(0.000000e+00 0.000000e+00 -5.706577e-03)
29.8          	3.147273e-04	(0.000000e+00 0.000000e+00 -5.706577e-03)
29.9          	3.146945e-04	(0.000000e+00 0.000000e+00 -5.706577e-03)
30            	3.146713e-04	(0.000000e+00 0.000000e+00 -5.706577e-03)
30.1          	3.146401e-04	(0.000000e+00 0.000000e+00 -5.706577e-03)
30.2          	3.145856e-04	(0.000000e+00 0.000000e+00 -5.706577e-03)
30.3          	3.143935e-04	(0.000000e+00 0.000000e+00 -5.706577e-03)
30.4          	3.143805e-04	(0.000000e+00 0.000000e+00 -5.706577e-03)
30.5          	3.142794e-04	(0.000000e+00 0.000000e+00 -5.706577e-03)
30.6          	3.141597e-04	(0.000000e+00 0.000000e+00 -5.706577e-03)
30.7          	3.140864e-04	(0.000000e+00 0.000000e+00 -5.706577e-03)
30.8          	3.138860e-04	(0.000000e+00 0.000000e+00 -5.706577e-03)
30.9          	3.138405e-04	(0.000000e+00 0.000000e+00 -5.706577e-03)
31            	3.138228e-04	(0.000000e+00 0.000000e+00 -5.706577e-03)
31.1          	3.137617e-04	(0.000000e+00 0.000000e+00 -5.706577e-03)
31.2          	3.135907e-04	(0.000000e+00 0.000000e+00 -5.706577e-03)
31.3          	3.134411e-04	(0.000000e+00 0.000000e+00 -5.706577e-03)
31.4          	3.134205e-04	(0.000000e+00 0.000000e+00 -5.706577e-03)
31.5          	3.133874e-04	(0.000000e+00 0.000000e+00 -5.706577e-03)
31.6          	3.133318e-04	(0.000000e+00 0.000000e+00 -5.706577e-03)
31.7          	3.131380e-04	(0.000000e+00 0.000000e+00 -5.706577e-03)
31.8          	3.131296e-04	(0.000000e+00 0.000000e+00 -5.706577e-03)
31.9          	3.130358e-04	(0.000000e+00 0.000000e+00 -5.706577e-03)
32            	3.128165e-04	(0.000000e+00 0.000000e+00 -5.706577e-03)
32.1          	3.127661e-04	(0.000000e+00 0.000000e+00 -5.706577e-03)
32.2          	3.126885e-04	(0.000000e+00 0.000000e+00 -5.706577e-03)
32.3          	3.126122e-04	(0.000000e+00 0.000000e+00 -5.706577e-03)
32.4          	3.125724e-04	(0.000000e+00 0.000000e+00 -5.706577e-03)
32.5          	3.125021e-04	(0.000000e+00 0.000000e+00 -5.706577e-03)
32.6          	3.122698e-04	(0.000000e+00 0.000000e+00 -5.706577e-03)
32.7          	3.122217e-04	(0.000000e+00 0.000000e+00 -5.706577e-03)
32.8          	3.121908e-04	(0.000000e+00 0.000000e+00 -5.706577e-03)
32.9          	3.121202e-04	(0.000000e+00 0.000000e+00 -5.706577e-03)
33            	3.118432e-04	(0.000000e+00 0.000000e+00 -5.706577e-03)
33.1          	3.118268e-04	(0.000000e+00 0.000000e+00 -5.706577e-03)
33.2          	3.118012e-04	(0.000000e+00 0.000000e+00 -5.706577e-03)
33.3          	3.117576e-04	(0.000000e+00 0.000000e+00 -5.706577e-03)
33.4          	3.115894e-04	(0.000000e+00 0.000000e+00 -5.706577e-03)
33.5          	3.115870e-04	(0.000000e+00 0.000000e+00 -5.706577e-03)
33.6          	3.114655e-04	(0.000000e+00 0.000000e+00 -5.706577e-03)
33.7          	3.114189e-04	(0.000000e+00 0.000000e+00 -5.706577e-03)
33.8          	3.112833e-04	(0.000000e+00 0.000000e+00 -5.706577e-03)
33.9          	3.110554e-04	(0.000000e+00 0.000000e+00 -5.706577e-03)
34            	3.109898e-04	(0.000000e+00 0.000000e+00 -5.706577e-03)
34.1          	3.108978e-04	(0.000000e+00 0.000000e+00 -5.706577e-03)
34.2          	3.108692e-04	(0.000000e+00 0.000000e+00 -5.706577e-03)
34.3          	3.108055e-04	(0.000000e+00 0.000000e+00 -5.706577e-03)
34.4          	3.106834e-04	(0.000000e+00 0.000000e+00 -5.706577e-03)
34.5          	3.106359e-04	(0.000000e+00 0.000000e+00 -5.706577e-03)
34.6          	3.104472e-04	(0.000000e+00 0.000000e+00 -5.706577e-03)
34.7          	3.104530e-04	(0.000000e+00 0.000000e+00 -5.706577e-03)
34.8          	3.103465e-04	(0.000000e+00 0.000000e+00 -5.706577e-03)
34.9          	3.103058e-04	(0.000000e+00 0.000000e+00 -5.706577e-03)
35            	3.101799e-04	(0.000000e+00 0.000000e+00 -5.706577e-03)
35.1          	3.100433e-04	(0.000000e+00 0.000000e+00 -5.706577e-03)
35.2          	3.099245e-04	(0.000000e+00 0.000000e+00 -5.706577e-03)
35.3          	3.098410e-04	(0.000000e+00 0.000000e+00 -5.706577e-03)
35.4          	3.097466e-04	(0.000000e+00 0.000000e+00 -5.706577e-03)
35.5          	3.096429e-04	(0.000000e+00 0.000000e+00 -5.706577e-03)
35.6          	3.095718e-04	(0.000000e+00 0.000000e+00 -5.706577e-03)
35.7          	3.093214e-04	(0.000000e+00 0.000000e+00 -5.706577e-03)
35.8          	3.093116e-04	(0.000000e+00 0.000000e+00 -5.706577e-03)
35.9          	3.092998e-04	(0.000000e+00 0.000000e+00 -5.706577e-03)
36            	3.092764e-04	(0.000000e+00 0.000000e+00 -5.706577e-03)
36.1          	3.092015e-04	(0.000000e+00 0.000000e+00 -5.706577e-03)
36.2          	3.091375e-04	(0.000000e+00 0.000000e+00 -5.706577e-03)
36.3          	3.090151e-04	(0.000000e+00 0.000000e+00 -5.706577e-03)
36.4          	3.087794e-04	(0.000000e+00 0.000000e+00 -5.706577e-03)
36.5          	3.086984e-04	(0.000000e+00 0.000000e+00 -5.706577e-03)
36.6          	3.086434e-04	(0.000000e+00 0.000000e+00 -5.706577e-03)
36.7          	3.085878e-04	(0.000000e+00 0.000000e+00 -5.706577e-03)
36.8          	3.084021e-04	(0.000000e+00 0.000000e+00 -5.706577e-03)
36.9          	3.084064e-04	(0.000000e+00 0.000000e+00 -5.706577e-03)
37            	3.083463e-04	(0.000000e+00 0.000000e+00 -5.706577e-03)
37.1          	3.081937e-04	(0.000000e+00 0.000000e+00 -5.706577e-03)
37.2          	3.081562e-04	(0.000000e+00 0.000000e+00 -5.706577e-03)
37.3          	3.080532e-04	(0.000000e+00 0.000000e+00 -5.706577e-03)
37.4          	3.080389e-04	(0.000000e+00 0.000000e+00 -5.706577e-03)
37.5          	3.078099e-04	(0.000000e+00 0.000000e+00 -5.706577e-03)
37.6          	3.078210e-04	(0.000000e+00 0.000000e+00 -5.706577e-03)
37.7          	3.076653e-04	(0.000000e+00 0.000000e+00 -5.706577e-03)
37.8          	3.076558e-04	(0.000000e+00 0.000000e+00 -5.706577e-03)
37.9          	3.075257e-04	(0.000000e+00 0.000000e+00 -5.706577e-03)
38            	3.074619e-04	(0.000000e+00 0.000000e+00 -5.706577e-03)
38.1          	3.073233e-04	(0.000000e+00 0.000000e+00 -5.706577e-03)
38.2          	3.072641e-04	(0.000000e+00 0.000000e+00 -5.706577e-03)
38.3          	3.070972e-04	(0.000000e+00 0.000000e+00 -5.706577e-03)
38.4          	3.070903e-04	(0.000000e+00 0.000000e+00 -5.706577e-03)
38.5          	3.069476e-04	(0.000000e+00 0.000000e+00 -5.706577e-03)
38.6          	3.069222e-04	(0.000000e+00 0.000000e+00 -5.706577e-03)
38.7          	3.067379e-04	(0.000000e+00 0.000000e+00 -5.706577e-03)
38.8          	3.067298e-04	(0.000000e+00 0.000000e+00 -5.706577e-03)
38.9          	3.065464e-04	(0.000000e+00 0.000000e+00 -5.706577e-03)
39            	3.065464e-04	(0.000000e+00 0.000000e+00 -5.706577e-03)
39.1          	3.064418e-04	(0.000000e+00 0.000000e+00 -5.706577e-03)
39.2          	3.063753e-04	(0.000000e+00 0.000000e+00 -5.706577e-03)
39.3          	3.062888e-04	(0.000000e+00 0.000000e+00 -5.706577e-03)
39.4          	3.060357e-04	(0.000000e+00 0.000000e+00 -5.706577e-03)
39.5          	3.060507e-04	(0.000000e+00 0.000000e+00 -5.706577e-03)
39.6          	3.060313e-04	(0.000000e+00 0.000000e+00 -5.706577e-03)
39.7          	3.059834e-04	(0.000000e+00 0.000000e+00 -5.706577e-03)
39.8          	3.057881e-04	(0.000000e+00 0.000000e+00 -5.706577e-03)
39.9          	3.057937e-04	(0.000000e+00 0.000000e+00 -5.706577e-03)
40            	3.057274e-04	(0.000000e+00 0.000000e+00 -5.706577e-03)
40.1          	3.054770e-04	(0.000000e+00 0.000000e+00 -5.706577e-03)
40.2          	3.054636e-04	(0.000000e+00 0.000000e+00 -5.706577e-03)
40.3          	3.054436e-04	(0.000000e+00 0.000000e+00 -5.706577e-03)
40.4          	3.053817e-04	(0.000000e+00 0.000000e+00 -5.706577e-03)
40.5          	3.053218e-04	(0.000000e+00 0.000000e+00 -5.706577e-03)
40.6          	3.052118e-04	(0.000000e+00 0.000000e+00 -5.706577e-03)
40.7          	3.050493e-04	(0.000000e+00 0.000000e+00 -5.706577e-03)
40.8          	3.049596e-04	(0.000000e+00 0.000000e+00 -5.706577e-03)
40.9          	3.047692e-04	(0.000000e+00 0.000000e+00 -5.706577e-03)
41            	3.047475e-04	(0.000000e+00 0.000000e+00 -5.706577e-03)
41.1          	3.047321e-04	(0.000000e+00 0.000000e+00 -5.706577e-03)
41.2          	3.046603e-04	(0.000000e+00 0.000000e+00 -5.706577e-03)
41.3          	3.045520e-04	(0.000000e+00 0.000000e+00 -5.706577e-03)
41.4          	3.045209e-04	(0.000000e+00 0.000000e+00 -5.706577e-03)
41.5          	3.044141e-04	(0.000000e+00 0.000000e+00 -5.706577e-03)
41.6          	3.044084e-04	(0.000000e+00 0.000000e+00 -5.706577e-03)
41.7          	3.040821e-04	(0.000000e+00 0.000000e+00 -5.706577e-03)
41.8          	3.040773e-04	(0.000000e+00 0.000000e+00 -5.706577e-03)
41.9          	3.040689e-04	(0.000000e+00 0.000000e+00 -5.706577e-03)
42            	3.040378e-04	(0.000000e+00 0.000000e+00 -5.706577e-03)
42.1          	3.038513e-04	(0.000000e+00 0.000000e+00 -5.706577e-03)
42.2          	3.038475e-04	(0.000000e+00 0.000000e+00 -5.706577e-03)
42.3          	3.037808e-04	(0.000000e+00 0.000000e+00 -5.706577e-03)
42.4          	3.035914e-04	(0.000000e+00 0.000000e+00 -5.706577e-03)
42.5          	3.035561e-04	(0.000000e+00 0.000000e+00 -5.706577e-03)
42.6          	3.035072e-04	(0.000000e+00 0.000000e+00 -5.706577e-03)
42.7          	3.034577e-04	(0.000000e+00 0.000000e+00 -5.706577e-03)
42.8          	3.033885e-04	(0.000000e+00 0.000000e+00 -5.706577e-03)
42.9          	3.030844e-04	(0.000000e+00 0.000000e+00 -5.706577e-03)
43            	3.030981e-04	(0.000000e+00 0.000000e+00 -5.706577e-03)
43.1          	3.030883e-04	(0.000000e+00 0.000000e+00 -5.706577e-03)
43.2          	3.030549e-04	(0.000000e+00 0.000000e+00 -5.706577e-03)
43.3          	3.028572e-04	(0.000000e+00 0.000000e+00 -5.706577e-03)
43.4          	3.028596e-04	(0.000000e+00 0.000000e+00 -5.706577e-03)
43.5          	3.028061e-04	(0.000000e+00 0.000000e+00 -5.706577e-03)
43.6          	3.025997e-04	(0.000000e+00 0.000000e+00 -5.706577e-03)
43.7          	3.025882e-04	(0.000000e+00 0.000000e+00 -5.706577e-03)
43.8          	3.025639e-04	(0.000000e+00 0.000000e+00 -5.706577e-03)
43.9          	3.023850e-04	(0.000000e+00 0.000000e+00 -5.706577e-03)
44            	3.023848e-04	(0.000000e+00 0.000000e+00 -5.706577e-03)
44.1          	3.023114e-04	(0.000000e+00 0.000000e+00 -5.706577e-03)
44.2          	3.022720e-04	(0.000000e+00 0.000000e+00 -5.706577e-03)
44.3          	3.021629e-04	(0.000000e+00 0.000000e+00 -5.706577e-03)
44.4          	3.018602e-04	(0.000000e+00 0.000000e+00 -5.706577e-03)
44.5          	3.018556e-04	(0.000000e+00 0.000000e+00 -5.706577e-03)
44.6          	3.018496e-04	(0.000000e+00 0.000000e+00 -5.706577e-03)
44.7          	3.018412e-04	(0.000000e+00 0.000000e+00 -5.706577e-03)
44.8          	3.018169e-04	(0.000000e+00 0.000000e+00 -5.706577e-03)
44.9          	3.016117e-04	(0.000000e+00 0.000000e+00 -5.706577e-03)
45            	3.016112e-04	(0.000000e+00 0.000000e+00 -5.706577e-03)
45.1          	3.015569e-04	(0.000000e+00 0.000000e+00 -5.706577e-03)
45.2          	3.013213e-04	(0.000000e+00 0.000000e+00 -5.706577e-03)
45.3          	3.013156e-04	(0.000000e+00 0.000000e+00 -5.706577e-03)
45.4          	3.013001e-04	(0.000000e+00 0.000000e+00 -5.706577e-03)
45.5          	3.012428e-04	(0.000000e+00 0.000000e+00 -5.706577e-03)
45.6          	3.011246e-04	(0.000000e+00 0.000000e+00 -5.706577e-03)
45.7          	3.010708e-04	(0.000000e+00 0.000000e+00 -5.706577e-03)
45.8          	3.008669e-04	(0.000000e+00 0.000000e+00 -5.706577e-03)
45.9          	3.008794e-04	(0.000000e+00 0.000000e+00 -5.706577e-03)
46            	3.008332e-04	(0.000000e+00 0.000000e+00 -5.706577e-03)
46.1          	3.007870e-04	(0.000000e+00 0.000000e+00 -5.706577e-03)
46.2          	3.007430e-04	(0.000000e+00 0.000000e+00 -5.706577e-03)
46.3          	3.004629e-04	(0.000000e+00 0.000000e+00 -5.706577e-03)
46.4          	3.004605e-04	(0.000000e+00 0.000000e+00 -5.706577e-03)
46.5          	3.004573e-04	(0.000000e+00 0.000000e+00 -5.706577e-03)
46.6          	3.004419e-04	(0.000000e+00 0.000000e+00 -5.706577e-03)
46.7          	3.003160e-04	(0.000000e+00 0.000000e+00 -5.706577e-03)
46.8          	3.003151e-04	(0.000000e+00 0.000000e+00 -5.706577e-03)
46.9          	3.001424e-04	(0.000000e+00 0.000000e+00 -5.706577e-03)
47            	3.001468e-04	(0.000000e+00 0.000000e+00 -5.706577e-03)
47.1          	2.999848e-04	(0.000000e+00 0.000000e+00 -5.706577e-03)
47.2          	2.999809e-04	(0.000000e+00 0.000000e+00 -5.706577e-03)
47.3          	2.998578e-04	(0.000000e+00 0.000000e+00 -5.706577e-03)
47.4          	2.998141e-04	(0.000000e+00 0.000000e+00 -5.706577e-03)
47.5          	2.996907e-04	(0.000000e+00 0.000000e+00 -5.706577e-03)
47.6          	2.996568e-04	(0.000000e+00 0.000000e+00 -5.706577e-03)
47.7          	2.995580e-04	(0.000000e+00 0.000000e+00 -5.706577e-03)
47.8          	2.994304e-04	(0.000000e+00 0.000000e+00 -5.706577e-03)
47.9          	2.993692e-04	(0.000000e+00 0.000000e+00 -5.706577e-03)
48            	2.992200e-04	(0.000000e+00 0.000000e+00 -5.706577e-03)
48.1          	2.992305e-04	(0.000000e+00 0.000000e+00 -5.706577e-03)
48.2          	2.992305e-04	(0.000000e+00 0.000000e+00 -5.706577e-03)
48.3          	2.992109e-04	(0.000000e+00 0.000000e+00 -5.706577e-03)
48.4          	2.990695e-04	(0.000000e+00 0.000000e+00 -5.706577e-03)
48.5          	2.990691e-04	(0.000000e+00 0.000000e+00 -5.706577e-03)
48.6          	2.989955e-04	(0.000000e+00 0.000000e+00 -5.706577e-03)
48.7          	2.987621e-04	(0.000000e+00 0.000000e+00 -5.706577e-03)
48.8          	2.987730e-04	(0.000000e+00 0.000000e+00 -5.706577e-03)
48.9          	2.987467e-04	(0.000000e+00 0.000000e+00 -5.706577e-03)
49            	2.986468e-04	(0.000000e+00 0.000000e+00 -5.706577e-03)
49.1          	2.986436e-04	(0.000000e+00 0.000000e+00 -5.706577e-03)
49.2          	2.985493e-04	(0.000000e+00 0.000000e+00 -5.706577e-03)
49.3          	2.985014e-04	(0.000000e+00 0.000000e+00 -5.706577e-03)
49.4          	2.983924e-04	(0.000000e+00 0.000000e+00 -5.706577e-03)
49.5          	2.982105e-04	(0.000000e+00 0.000000e+00 -5.706577e-03)
49.6          	2.981603e-04	(0.000000e+00 0.000000e+00 -5.706577e-03)
49.7          	2.981135e-04	(0.000000e+00 0.000000e+00 -5.706577e-03)
49.8          	2.981190e-04	(0.000000e+00 0.000000e+00 -5.706577e-03)
49.9          	2.980436e-04	(0.000000e+00 0.000000e+00 -5.706577e-03)
50            	2.980382e-04	(0.000000e+00 0.000000e+00 -5.706577e-03)
50.1          	2.979640e-04	(0.000000e+00 0.000000e+00 -5.706577e-03)
50.2          	2.977678e-04	(0.000000e+00 0.000000e+00 -5.706577e-03)
50.3          	2.977283e-04	(0.000000e+00 0.000000e+00 -5.706577e-03)
50.4          	2.976987e-04	(0.000000e+00 0.000000e+00 -5.706577e-03)
50.5          	2.976645e-04	(0.000000e+00 0.000000e+00 -5.706577e-03)
50.6          	2.976197e-04	(0.000000e+00 0.000000e+00 -5.706577e-03)
50.7          	2.974455e-04	(0.000000e+00 0.000000e+00 -5.706577e-03)
50.8          	2.974075e-04	(0.000000e+00 0.000000e+00 -5.706577e-03)
50.9          	2.973559e-04	(0.000000e+00 0.000000e+00 -5.706577e-03)
51            	2.973530e-04	(0.000000e+00 0.000000e+00 -5.706577e-03)
51.1          	2.972602e-04	(0.000000e+00 0.000000e+00 -5.706577e-03)
51.2          	2.972444e-04	(0.000000e+00 0.000000e+00 -5.706577e-03)
51.3          	2.971477e-04	(0.000000e+00 0.000000e+00 -5.706577e-03)
51.4          	2.968977e-04	(0.000000e+00 0.000000e+00 -5.706577e-03)
51.5          	2.969131e-04	(0.000000e+00 0.000000e+00 -5.706577e-03)
51.6          	2.969045e-04	(0.000000e+00 0.000000e+00 -5.706577e-03)
51.7          	2.968890e-04	(0.000000e+00 0.000000e+00 -5.706577e-03)
51.8          	2.968349e-04	(0.000000e+00 0.000000e+00 -5.706577e-03)
51.9          	2.967732e-04	(0.000000e+00 0.000000e+00 -5.706577e-03)
52            	2.966962e-04	(0.000000e+00 0.000000e+00 -5.706577e-03)
52.1          	2.965524e-04	(0.000000e+00 0.000000e+00 -5.706577e-03)
52.2          	2.965067e-04	(0.000000e+00 0.000000e+00 -5.706577e-03)
52.3          	2.963266e-04	(0.000000e+00 0.000000e+00 -5.706577e-03)
52.4          	2.963280e-04	(0.000000e+00 0.000000e+00 -5.706577e-03)
52.5          	2.963296e-04	(0.000000e+00 0.000000e+00 -5.706577e-03)
52.6          	2.963301e-04	(0.000000e+00 0.000000e+00 -5.706577e-03)
52.7          	2.963029e-04	(0.000000e+00 0.000000e+00 -5.706577e-03)
52.8          	2.961263e-04	(0.000000e+00 0.000000e+00 -5.706577e-03)
52.9          	2.961057e-04	(0.000000e+00 0.000000e+00 -5.706577e-03)
53            	2.960624e-04	(0.000000e+00 0.000000e+00 -5.706577e-03)
53.1          	2.959745e-04	(0.000000e+00 0.000000e+00 -5.706577e-03)
53.2          	2.959237e-04	(0.000000e+00 0.000000e+00 -5.706577e-03)
53.3          	2.956916e-04	(0.000000e+00 0.000000e+00 -5.706577e-03)
53.4          	2.956905e-04	(0.000000e+00 0.000000e+00 -5.706577e-03)
53.5          	2.956904e-04	(0.000000e+00 0.000000e+00 -5.706577e-03)
53.6          	2.956824e-04	(0.000000e+00 0.000000e+00 -5.706577e-03)
53.7          	2.956224e-04	(0.000000e+00 0.000000e+00 -5.706577e-03)
53.8          	2.956068e-04	(0.000000e+00 0.000000e+00 -5.706577e-03)
53.9          	2.955399e-04	(0.000000e+00 0.000000e+00 -5.706577e-03)
54            	2.953784e-04	(0.000000e+00 0.000000e+00 -5.706577e-03)
54.1          	2.953208e-04	(0.000000e+00 0.000000e+00 -5.706577e-03)
54.2          	2.951667e-04	(0.000000e+00 0.000000e+00 -5.706577e-03)
54.3          	2.951527e-04	(0.000000e+00 0.000000e+00 -5.706577e-03)
54.4          	2.951487e-04	(0.000000e+00 0.000000e+00 -5.706577e-03)
54.5          	2.951416e-04	(0.000000e+00 0.000000e+00 -5.706577e-03)
54.6          	2.950227e-04	(0.000000e+00 0.000000e+00 -5.706577e-03)
54.7          	2.950026e-04	(0.000000e+00 0.000000e+00 -5.706577e-03)
54.8          	2.948871e-04	(0.000000e+00 0.000000e+00 -5.706577e-03)
54.9          	2.948774e-04	(0.000000e+00 0.000000e+00 -5.706577e-03)
55            	2.948373e-04	(0.000000e+00 0.000000e+00 -5.706577e-03)
55.1          	2.947683e-04	(0.000000e+00 0.000000e+00 -5.706577e-03)
55.2          	2.947210e-04	(0.000000e+00 0.000000e+00 -5.706577e-03)
55.3          	2.944677e-04	(0.000000e+00 0.000000e+00 -5.706577e-03)
55.4          	2.944661e-04	(0.000000e+00 0.000000e+00 -5.706577e-03)
55.5          	2.944644e-04	(0.000000e+00 0.000000e+00 -5.706577e-03)
55.6          	2.944632e-04	(0.000000e+00 0.000000e+00 -5.706577e-03)
55.7          	2.944612e-04	(0.000000e+00 0.000000e+00 -5.706577e-03)
55.8          	2.944023e-04	(0.000000e+00 0.000000e+00 -5.706577e-03)
55.9          	2.943656e-04	(0.000000e+00 0.000000e+00 -5.706577e-03)
56            	2.942601e-04	(0.000000e+00 0.000000e+00 -5.706577e-03)
56.1          	2.940001e-04	(0.000000e+00 0.000000e+00 -5.706577e-03)
56.2          	2.940173e-04	(0.000000e+00 0.000000e+00 -5.706577e-03)
56.3          	2.940090e-04	(0.000000e+00 0.000000e+00 -5.706577e-03)
56.4          	2.939905e-04	(0.000000e+00 0.000000e+00 -5.706577e-03)
56.5          	2.939541e-04	(0.000000e+00 0.000000e+00 -5.706577e-03)
56.6          	2.938181e-04	(0.000000e+00 0.000000e+00 -5.706577e-03)
56.7          	2.937942e-04	(0.000000e+00 0.000000e+00 -5.706577e-03)
56.8          	2.937635e-04	(0.000000e+00 0.000000e+00 -5.706577e-03)
56.9          	2.936884e-04	(0.000000e+00 0.000000e+00 -5.706577e-03)
57            	2.936556e-04	(0.000000e+00 0.000000e+00 -5.706577e-03)
57.1          	2.934853e-04	(0.000000e+00 0.000000e+00 -5.706577e-03)
57.2          	2.934948e-04	(0.000000e+00 0.000000e+00 -5.706577e-03)
57.3          	2.934829e-04	(0.000000e+00 0.000000e+00 -5.706577e-03)
57.4          	2.934190e-04	(0.000000e+00 0.000000e+00 -5.706577e-03)
57.5          	2.934023e-04	(0.000000e+00 0.000000e+00 -5.706577e-03)
57.6          	2.933425e-04	(0.000000e+00 0.000000e+00 -5.706577e-03)
57.7          	2.930840e-04	(0.000000e+00 0.000000e+00 -5.706577e-03)
57.8          	2.930825e-04	(0.000000e+00 0.000000e+00 -5.706577e-03)
57.9          	2.930807e-04	(0.000000e+00 0.000000e+00 -5.706577e-03)
58            	2.930761e-04	(0.000000e+00 0.000000e+00 -5.706577e-03)
58.1          	2.930683e-04	(0.000000e+00 0.000000e+00 -5.706577e-03)
58.2          	2.930072e-04	(0.000000e+00 0.000000e+00 -5.706577e-03)
58.3          	2.929894e-04	(0.000000e+00 0.000000e+00 -5.706577e-03)
58.4          	2.929028e-04	(0.000000e+00 0.000000e+00 -5.706577e-03)
58.5          	2.926972e-04	(0.000000e+00 0.000000e+00 -5.706577e-03)
58.6          	2.927012e-04	(0.000000e+00 0.000000e+00 -5.706577e-03)
58.7          	2.926724e-04	(0.000000e+00 0.000000e+00 -5.706577e-03)
58.8          	2.926036e-04	(0.000000e+00 0.000000e+00 -5.706577e-03)
58.9          	2.925972e-04	(0.000000e+00 0.000000e+00 -5.706577e-03)
59            	2.925455e-04	(0.000000e+00 0.000000e+00 -5.706577e-03)
59.1          	2.923137e-04	(0.000000e+00 0.000000e+00 -5.706577e-03)
59.2          	2.923109e-04	(0.000000e+00 0.000000e+00 -5.706577e-03)
59.3          	2.923078e-04	(0.000000e+00 0.000000e+00 -5.706577e-03)
59.4          	2.923050e-04	(0.000000e+00 0.000000e+00 -5.706577e-03)
59.5          	2.923005e-04	(0.000000e+00 0.000000e+00 -5.706577e-03)
59.6          	2.922683e-04	(0.000000e+00 0.000000e+00 -5.706577e-03)
59.7          	2.921001e-04	(0.000000e+00 0.000000e+00 -5.706577e-03)
59.8          	2.920798e-04	(0.000000e+00 0.000000e+00 -5.706577e-03)
59.9          	2.920530e-04	(0.000000e+00 0.000000e+00 -5.706577e-03)
60            	2.919222e-04	(0.000000e+00 0.000000e+00 -5.706577e-03)
60.1          	2.919068e-04	(0.000000e+00 0.000000e+00 -5.706577e-03)
60.2          	2.918927e-04	(0.000000e+00 0.000000e+00 -5.706577e-03)
60.3          	2.918070e-04	(0.000000e+00 0.000000e+00 -5.706577e-03)
60.4          	2.918108e-04	(0.000000e+00 0.000000e+00 -5.706577e-03)
60.5          	2.917444e-04	(0.000000e+00 0.000000e+00 -5.706577e-03)
60.6          	2.916186e-04	(0.000000e+00 0.000000e+00 -5.706577e-03)
60.7          	2.916024e-04	(0.000000e+00 0.000000e+00 -5.706577e-03)
60.8          	2.915546e-04	(0.000000e+00 0.000000e+00 -5.706577e-03)
60.9          	2.913824e-04	(0.000000e+00 0.000000e+00 -5.706577e-03)
61            	2.913819e-04	(0.000000e+00 0.000000e+00 -5.706577e-03)
61.1          	2.913810e-04	(0.000000e+00 0.000000e+00 -5.706577e-03)
61.2          	2.913739e-04	(0.000000e+00 0.000000e+00 -5.706577e-03)
61.3          	2.912927e-04	(0.000000e+00 0.000000e+00 -5.706577e-03)
61.4          	2.912675e-04	(0.000000e+00 0.000000e+00 -5.706577e-03)
61.5          	2.911672e-04	(0.000000e+00 0.000000e+00 -5.706577e-03)
61.6          	2.911500e-04	(0.000000e+00 0.000000e+00 -5.706577e-03)
61.7          	2.911157e-04	(0.000000e+00 0.000000e+00 -5.706577e-03)
61.8          	2.909420e-04	(0.000000e+00 0.000000e+00 -5.706577e-03)
61.9          	2.909337e-04	(0.000000e+00 0.000000e+00 -5.706577e-03)
62            	2.909282e-04	(0.000000e+00 0.000000e+00 -5.706577e-03)
62.1          	2.909173e-04	(0.000000e+00 0.000000e+00 -5.706577e-03)
62.2          	2.907966e-04	(0.000000e+00 0.000000e+00 -5.706577e-03)
62.3          	2.907759e-04	(0.000000e+00 0.000000e+00 -5.706577e-03)
62.4          	2.907110e-04	(0.000000e+00 0.000000e+00 -5.706577e-03)
62.5          	2.906919e-04	(0.000000e+00 0.000000e+00 -5.706577e-03)
62.6          	2.906386e-04	(0.000000e+00 0.000000e+00 -5.706577e-03)
62.7          	2.906106e-04	(0.000000e+00 0.000000e+00 -5.706577e-03)
62.8          	2.905513e-04	(0.000000e+00 0.000000e+00 -5.706577e-03)
62.9          	2.904099e-04	(0.000000e+00 0.000000e+00 -5.706577e-03)
63            	2.903954e-04	(0.000000e+00 0.000000e+00 -5.706577e-03)
63.1          	2.903555e-04	(0.000000e+00 0.000000e+00 -5.706577e-03)
63.2          	2.902288e-04	(0.000000e+00 0.000000e+00 -5.706577e-03)
63.3          	2.902214e-04	(0.000000e+00 0.000000e+00 -5.706577e-03)
63.4          	2.902167e-04	(0.000000e+00 0.000000e+00 -5.706577e-03)
63.5          	2.901972e-04	(0.000000e+00 0.000000e+00 -5.706577e-03)
63.6          	2.901342e-04	(0.000000e+00 0.000000e+00 -5.706577e-03)
63.7          	2.901037e-04	(0.000000e+00 0.000000e+00 -5.706577e-03)
63.8          	2.899197e-04	(0.000000e+00 0.000000e+00 -5.706577e-03)
63.9          	2.899271e-04	(0.000000e+00 0.000000e+00 -5.706577e-03)
64            	2.899245e-04	(0.000000e+00 0.000000e+00 -5.706577e-03)
64.1          	2.899119e-04	(0.000000e+00 0.000000e+00 -5.706577e-03)
64.2          	2.898097e-04	(0.000000e+00 0.000000e+00 -5.706577e-03)
64.3          	2.898115e-04	(0.000000e+00 0.000000e+00 -5.706577e-03)
64.4          	2.897702e-04	(0.000000e+00 0.000000e+00 -5.706577e-03)
64.5          	2.897175e-04	(0.000000e+00 0.000000e+00 -5.706577e-03)
64.6          	2.894991e-04	(0.000000e+00 0.000000e+00 -5.706577e-03)
64.7          	2.895081e-04	(0.000000e+00 0.000000e+00 -5.706577e-03)
64.8          	2.895063e-04	(0.000000e+00 0.000000e+00 -5.706577e-03)
64.9          	2.895009e-04	(0.000000e+00 0.000000e+00 -5.706577e-03)
65            	2.894881e-04	(0.000000e+00 0.000000e+00 -5.706577e-03)
65.1          	2.894257e-04	(0.000000e+00 0.000000e+00 -5.706577e-03)
65.2          	2.894097e-04	(0.000000e+00 0.000000e+00 -5.706577e-03)
65.3          	2.893277e-04	(0.000000e+00 0.000000e+00 -5.706577e-03)
65.4          	2.891266e-04	(0.000000e+00 0.000000e+00 -5.706577e-03)
65.5          	2.891341e-04	(0.000000e+00 0.000000e+00 -5.706577e-03)
65.6          	2.891239e-04	(0.000000e+00 0.000000e+00 -5.706577e-03)
65.7          	2.891073e-04	(0.000000e+00 0.000000e+00 -5.706577e-03)
65.8          	2.890750e-04	(0.000000e+00 0.000000e+00 -5.706577e-03)
65.9          	2.890503e-04	(0.000000e+00 0.000000e+00 -5.706577e-03)
66            	2.889589e-04	(0.000000e+00 0.000000e+00 -5.706577e-03)
66.1          	2.889073e-04	(0.000000e+00 0.000000e+00 -5.706577e-03)
66.2          	2.888516e-04	(0.000000e+00 0.000000e+00 -5.706577e-03)
66.3          	2.886686e-04	(0.000000e+00 0.000000e+00 -5.706577e-03)
66.4          	2.886710e-04	(0.000000e+00 0.000000e+00 -5.706577e-03)
66.5          	2.886729e-04	(0.000000e+00 0.000000e+00 -5.706577e-03)
66.6          	2.886753e-04	(0.000000e+00 0.000000e+00 -5.706577e-03)
66.7          	2.886762e-04	(0.000000e+00 0.000000e+00 -5.706577e-03)
66.8          	2.886600e-04	(0.000000e+00 0.000000e+00 -5.706577e-03)
66.9          	2.884972e-04	(0.000000e+00 0.000000e+00 -5.706577e-03)
67            	2.884842e-04	(0.000000e+00 0.000000e+00 -5.706577e-03)
67.1          	2.883971e-04	(0.000000e+00 0.000000e+00 -5.706577e-03)
67.2          	2.883910e-04	(0.000000e+00 0.000000e+00 -5.706577e-03)
67.3          	2.883891e-04	(0.000000e+00 0.000000e+00 -5.706577e-03)
67.4          	2.883564e-04	(0.000000e+00 0.000000e+00 -5.706577e-03)
67.5          	2.882811e-04	(0.000000e+00 0.000000e+00 -5.706577e-03)
67.6          	2.881250e-04	(0.000000e+00 0.000000e+00 -5.706577e-03)
67.7          	2.881173e-04	(0.000000e+00 0.000000e+00 -5.706577e-03)
67.8          	2.880916e-04	(0.000000e+00 0.000000e+00 -5.706577e-03)
67.9          	2.880566e-04	(0.000000e+00 0.000000e+00 -5.706577e-03)
68            	2.880588e-04	(0.000000e+00 0.000000e+00 -5.706577e-03)
68.1          	2.879710e-04	(0.000000e+00 0.000000e+00 -5.706577e-03)
68.2          	2.879737e-04	(0.000000e+00 0.000000e+00 -5.706577e-03)
68.3          	2.879666e-04	(0.000000e+00 0.000000e+00 -5.706577e-03)
68.4          	2.878721e-04	(0.000000e+00 0.000000e+00 -5.706577e-03)
68.5          	2.878684e-04	(0.000000e+00 0.000000e+00 -5.706577e-03)
68.6          	2.877749e-04	(0.000000e+00 0.000000e+00 -5.706577e-03)
68.7          	2.876690e-04	(0.000000e+00 0.000000e+00 -5.706577e-03)
68.8          	2.876530e-04	(0.000000e+00 0.000000e+00 -5.706577e-03)
68.9          	2.875375e-04	(0.000000e+00 0.000000e+00 -5.706577e-03)
69            	2.875433e-04	(0.000000e+00 0.000000e+00 -5.706577e-03)
69.1          	2.875385e-04	(0.000000e+00 0.000000e+00 -5.706577e-03)
69.2          	2.875256e-04	(0.000000e+00 0.000000e+00 -5.706577e-03)
69.3          	2.874574e-04	(0.000000e+00 0.000000e+00 -5.706577e-03)
69.4          	2.873038e-04	(0.000000e+00 0.000000e+00 -5.706577e-03)
69.5          	2.872949e-04	(0.000000e+00 0.000000e+00 -5.706577e-03)
69.6          	2.872697e-04	(0.000000e+00 0.000000e+00 -5.706577e-03)
69.7          	2.872208e-04	(0.000000e+00 0.000000e+00 -5.706577e-03)
69.8          	2.872244e-04	(0.000000e+00 0.000000e+00 -5.706577e-03)
69.9          	2.871935e-04	(0.000000e+00 0.000000e+00 -5.706577e-03)
70            	2.871190e-04	(0.000000e+00 0.000000e+00 -5.706577e-03)
70.1          	2.871120e-04	(0.000000e+00 0.000000e+00 -5.706577e-03)
70.2          	2.870977e-04	(0.000000e+00 0.000000e+00 -5.706577e-03)
70.3          	2.869751e-04	(0.000000e+00 0.000000e+00 -5.706577e-03)
70.4          	2.869808e-04	(0.000000e+00 0.000000e+00 -5.706577e-03)
70.5          	2.869370e-04	(0.000000e+00 0.000000e+00 -5.706577e-03)
70.6          	2.869248e-04	(0.000000e+00 0.000000e+00 -5.706577e-03)
70.7          	2.867634e-04	(0.000000e+00 0.000000e+00 -5.706577e-03)
70.8          	2.867556e-04	(0.000000e+00 0.000000e+00 -5.706577e-03)
70.9          	2.867254e-04	(0.000000e+00 0.000000e+00 -5.706577e-03)
71            	2.866657e-04	(0.000000e+00 0.000000e+00 -5.706577e-03)
71.1          	2.866729e-04	(0.000000e+00 0.000000e+00 -5.706577e-03)
71.2          	2.866160e-04	(0.000000e+00 0.000000e+00 -5.706577e-03)
71.3          	2.866120e-04	(0.000000e+00 0.000000e+00 -5.706577e-03)
71.4          	2.866055e-04	(0.000000e+00 0.000000e+00 -5.706577e-03)
71.5          	2.865231e-04	(0.000000e+00 0.000000e+00 -5.706577e-03)
71.6          	2.865151e-04	(0.000000e+00 0.000000e+00 -5.706577e-03)
71.7          	2.864581e-04	(0.000000e+00 0.000000e+00 -5.706577e-03)
71.8          	2.863013e-04	(0.000000e+00 0.000000e+00 -5.706577e-03)
71.9          	2.862958e-04	(0.000000e+00 0.000000e+00 -5.706577e-03)
72            	2.862153e-04	(0.000000e+00 0.000000e+00 -5.706577e-03)
72.1          	2.862028e-04	(0.000000e+00 0.000000e+00 -5.706577e-03)
72.2          	2.861861e-04	(0.000000e+00 0.000000e+00 -5.706577e-03)
72.3          	2.861720e-04	(0.000000e+00 0.000000e+00 -5.706577e-03)
72.4          	2.861000e-04	(0.000000e+00 0.000000e+00 -5.706577e-03)
72.5          	2.861019e-04	(0.000000e+00 0.000000e+00 -5.706577e-03)
72.6          	2.860767e-04	(0.000000e+00 0.000000e+00 -5.706577e-03)
72.7          	2.859006e-04	(0.000000e+00 0.000000e+00 -5.706577e-03)
72.8          	2.858982e-04	(0.000000e+00 0.000000e+00 -5.706577e-03)
72.9          	2.857916e-04	(0.000000e+00 0.000000e+00 -5.706577e-03)
73            	2.857902e-04	(0.000000e+00 0.000000e+00 -5.706577e-03)
73.1          	2.857834e-04	(0.000000e+00 0.000000e+00 -5.706577e-03)
73.2          	2.857817e-04	(0.000000e+00 0.000000e+00 -5.706577e-03)
73.3          	2.857807e-04	(0.000000e+00 0.000000e+00 -5.706577e-03)
73.4          	2.857649e-04	(0.000000e+00 0.000000e+00 -5.706577e-03)
73.5          	2.857054e-04	(0.000000e+00 0.000000e+00 -5.706577e-03)
73.6          	2.856952e-04	(0.000000e+00 0.000000e+00 -5.706577e-03)
73.7          	2.856745e-04	(0.000000e+00 0.000000e+00 -5.706577e-03)
73.8          	2.854614e-04	(0.000000e+00 0.000000e+00 -5.706577e-03)
73.9          	2.854547e-04	(0.000000e+00 0.000000e+00 -5.706577e-03)
74            	2.853747e-04	(0.000000e+00 0.000000e+00 -5.706577e-03)
74.1          	2.853690e-04	(0.000000e+00 0.000000e+00 -5.706577e-03)
74.2          	2.853504e-04	(0.000000e+00 0.000000e+00 -5.706577e-03)
74.3          	2.853493e-04	(0.000000e+00 0.000000e+00 -5.706577e-03)
74.4          	2.853169e-04	(0.000000e+00 0.000000e+00 -5.706577e-03)
74.5          	2.853127e-04	(0.000000e+00 0.000000e+00 -5.706577e-03)
74.6          	2.851606e-04	(0.000000e+00 0.000000e+00 -5.706577e-03)
74.7          	2.851628e-04	(0.000000e+00 0.000000e+00 -5.706577e-03)
74.8          	2.851657e-04	(0.000000e+00 0.000000e+00 -5.706577e-03)
74.9          	2.851590e-04	(0.000000e+00 0.000000e+00 -5.706577e-03)
75            	2.851079e-04	(0.000000e+00 0.000000e+00 -5.706577e-03)
75.1          	2.849960e-04	(0.000000e+00 0.000000e+00 -5.706577e-03)
75.2          	2.848617e-04	(0.000000e+00 0.000000e+00 -5.706577e-03)
75.3          	2.848587e-04	(0.000000e+00 0.000000e+00 -5.706577e-03)
75.4          	2.848498e-04	(0.000000e+00 0.000000e+00 -5.706577e-03)
75.5          	2.848494e-04	(0.000000e+00 0.000000e+00 -5.706577e-03)
75.6          	2.848500e-04	(0.000000e+00 0.000000e+00 -5.706577e-03)
75.7          	2.848495e-04	(0.000000e+00 0.000000e+00 -5.706577e-03)
75.8          	2.848464e-04	(0.000000e+00 0.000000e+00 -5.706577e-03)
75.9          	2.847547e-04	(0.000000e+00 0.000000e+00 -5.706577e-03)
76            	2.847366e-04	(0.000000e+00 0.000000e+00 -5.706577e-03)
76.1          	2.847054e-04	(0.000000e+00 0.000000e+00 -5.706577e-03)
76.2          	2.844149e-04	(0.000000e+00 0.000000e+00 -5.706577e-03)
76.3          	2.844258e-04	(0.000000e+00 0.000000e+00 -5.706577e-03)
76.4          	2.844341e-04	(0.000000e+00 0.000000e+00 -5.706577e-03)
76.5          	2.844602e-04	(0.000000e+00 0.000000e+00 -5.706577e-03)
76.6          	2.844583e-04	(0.000000e+00 0.000000e+00 -5.706577e-03)
76.7          	2.844440e-04	(0.000000e+00 0.000000e+00 -5.706577e-03)
76.8          	2.844421e-04	(0.000000e+00 0.000000e+00 -5.706577e-03)
76.9          	2.844109e-04	(0.000000e+00 0.000000e+00 -5.706577e-03)
77            	2.843678e-04	(0.000000e+00 0.000000e+00 -5.706577e-03)
77.1          	2.843207e-04	(0.000000e+00 0.000000e+00 -5.706577e-03)
77.2          	2.842173e-04	(0.000000e+00 0.000000e+00 -5.706577e-03)
77.3          	2.841100e-04	(0.000000e+00 0.000000e+00 -5.706577e-03)
77.4          	2.841041e-04	(0.000000e+00 0.000000e+00 -5.706577e-03)
77.5          	2.840793e-04	(0.000000e+00 0.000000e+00 -5.706577e-03)
77.6          	2.840756e-04	(0.000000e+00 0.000000e+00 -5.706577e-03)
77.7          	2.840308e-04	(0.000000e+00 0.000000e+00 -5.706577e-03)
77.8          	2.840255e-04	(0.000000e+00 0.000000e+00 -5.706577e-03)
77.9          	2.839864e-04	(0.000000e+00 0.000000e+00 -5.706577e-03)
78            	2.839678e-04	(0.000000e+00 0.000000e+00 -5.706577e-03)
78.1          	2.837618e-04	(0.000000e+00 0.000000e+00 -5.706577e-03)
78.2          	2.837653e-04	(0.000000e+00 0.000000e+00 -5.706577e-03)
78.3          	2.837790e-04	(0.000000e+00 0.000000e+00 -5.706577e-03)
78.4          	2.837777e-04	(0.000000e+00 0.000000e+00 -5.706577e-03)
78.5          	2.837721e-04	(0.000000e+00 0.000000e+00 -5.706577e-03)
78.6          	2.837696e-04	(0.000000e+00 0.000000e+00 -5.706577e-03)
78.7          	2.837394e-04	(0.000000e+00 0.000000e+00 -5.706577e-03)
78.8          	2.836835e-04	(0.000000e+00 0.000000e+00 -5.706577e-03)
78.9          	2.836425e-04	(0.000000e+00 0.000000e+00 -5.706577e-03)
79            	2.834142e-04	(0.000000e+00 0.000000e+00 -5.706577e-03)
79.1          	2.834170e-04	(0.000000e+00 0.000000e+00 -5.706577e-03)
79.2          	2.834340e-04	(0.000000e+00 0.000000e+00 -5.706577e-03)
79.3          	2.834334e-04	(0.000000e+00 0.000000e+00 -5.706577e-03)
79.4          	2.834314e-04	(0.000000e+00 0.000000e+00 -5.706577e-03)
79.5          	2.834293e-04	(0.000000e+00 0.000000e+00 -5.706577e-03)
79.6          	2.834209e-04	(0.000000e+00 0.000000e+00 -5.706577e-03)
79.7          	2.834166e-04	(0.000000e+00 0.000000e+00 -5.706577e-03)
79.8          	2.832016e-04	(0.000000e+00 0.000000e+00 -5.706577e-03)
79.9          	2.832035e-04	(0.000000e+00 0.000000e+00 -5.706577e-03)
80            	2.832147e-04	(0.000000e+00 0.000000e+00 -5.706577e-03)
80.1          	2.832118e-04	(0.000000e+00 0.000000e+00 -5.706577e-03)
80.2          	2.831881e-04	(0.000000e+00 0.000000e+00 -5.706577e-03)
80.3          	2.831559e-04	(0.000000e+00 0.000000e+00 -5.706577e-03)
80.4          	2.830155e-04	(0.000000e+00 0.000000e+00 -5.706577e-03)
80.5          	2.830073e-04	(0.000000e+00 0.000000e+00 -5.706577e-03)
80.6          	2.829862e-04	(0.000000e+00 0.000000e+00 -5.706577e-03)
80.7          	2.829834e-04	(0.000000e+00 0.000000e+00 -5.706577e-03)
80.8          	2.829769e-04	(0.000000e+00 0.000000e+00 -5.706577e-03)
80.9          	2.829623e-04	(0.000000e+00 0.000000e+00 -5.706577e-03)
81            	2.828985e-04	(0.000000e+00 0.000000e+00 -5.706577e-03)
81.1          	2.828088e-04	(0.000000e+00 0.000000e+00 -5.706577e-03)
81.2          	2.827982e-04	(0.000000e+00 0.000000e+00 -5.706577e-03)
81.3          	2.827854e-04	(0.000000e+00 0.000000e+00 -5.706577e-03)
81.4          	2.826923e-04	(0.000000e+00 0.000000e+00 -5.706577e-03)
81.5          	2.826796e-04	(0.000000e+00 0.000000e+00 -5.706577e-03)
81.6          	2.826698e-04	(0.000000e+00 0.000000e+00 -5.706577e-03)
81.7          	2.825084e-04	(0.000000e+00 0.000000e+00 -5.706577e-03)
81.8          	2.825056e-04	(0.000000e+00 0.000000e+00 -5.706577e-03)
81.9          	2.825045e-04	(0.000000e+00 0.000000e+00 -5.706577e-03)
82            	2.825055e-04	(0.000000e+00 0.000000e+00 -5.706577e-03)
82.1          	2.825193e-04	(0.000000e+00 0.000000e+00 -5.706577e-03)
82.2          	2.825170e-04	(0.000000e+00 0.000000e+00 -5.706577e-03)
82.3          	2.824478e-04	(0.000000e+00 0.000000e+00 -5.706577e-03)
82.4          	2.824476e-04	(0.000000e+00 0.000000e+00 -5.706577e-03)
82.5          	2.824480e-04	(0.000000e+00 0.000000e+00 -5.706577e-03)
82.6          	2.824312e-04	(0.000000e+00 0.000000e+00 -5.706577e-03)
82.7          	2.823099e-04	(0.000000e+00 0.000000e+00 -5.706577e-03)
82.8          	2.822855e-04	(0.000000e+00 0.000000e+00 -5.706577e-03)
82.9          	2.820969e-04	(0.000000e+00 0.000000e+00 -5.706577e-03)
83            	2.821067e-04	(0.000000e+00 0.000000e+00 -5.706577e-03)
83.1          	2.821143e-04	(0.000000e+00 0.000000e+00 -5.706577e-03)
83.2          	2.821310e-04	(0.000000e+00 0.000000e+00 -5.706577e-03)
83.3          	2.821287e-04	(0.000000e+00 0.000000e+00 -5.706577e-03)
83.4          	2.821234e-04	(0.000000e+00 0.000000e+00 -5.706577e-03)
83.5          	2.821140e-04	(0.000000e+00 0.000000e+00 -5.706577e-03)
83.6          	2.820955e-04	(0.000000e+00 0.000000e+00 -5.706577e-03)
83.7          	2.820385e-04	(0.000000e+00 0.000000e+00 -5.706577e-03)
83.8          	2.819622e-04	(0.000000e+00 0.000000e+00 -5.706577e-03)
83.9          	2.819398e-04	(0.000000e+00 0.000000e+00 -5.706577e-03)
84            	2.818960e-04	(0.000000e+00 0.000000e+00 -5.706577e-03)
84.1          	2.817383e-04	(0.000000e+00 0.000000e+00 -5.706577e-03)
84.2          	2.817425e-04	(0.000000e+00 0.000000e+00 -5.706577e-03)
84.3          	2.817452e-04	(0.000000e+00 0.000000e+00 -5.706577e-03)
84.4          	2.817582e-04	(0.000000e+00 0.000000e+00 -5.706577e-03)
84.5          	2.817535e-04	(0.000000e+00 0.000000e+00 -5.706577e-03)
84.6          	2.817483e-04	(0.000000e+00 0.000000e+00 -5.706577e-03)
84.7          	2.817406e-04	(0.000000e+00 0.000000e+00 -5.706577e-03)
84.8          	2.817093e-04	(0.000000e+00 0.000000e+00 -5.706577e-03)
84.9          	2.815655e-04	(0.000000e+00 0.000000e+00 -5.706577e-03)
85            	2.815546e-04	(0.000000e+00 0.000000e+00 -5.706577e-03)
85.1          	2.815459e-04	(0.000000e+00 0.000000e+00 -5.706577e-03)
85.2          	2.815331e-04	(0.000000e+00 0.000000e+00 -5.706577e-03)
85.3          	2.814727e-04	(0.000000e+00 0.000000e+00 -5.706577e-03)
85.4          	2.814573e-04	(0.000000e+00 0.000000e+00 -5.706577e-03)
85.5          	2.814210e-04	(0.000000e+00 0.000000e+00 -5.706577e-03)
85.6          	2.814056e-04	(0.000000e+00 0.000000e+00 -5.706577e-03)
85.7          	2.813783e-04	(0.000000e+00 0.000000e+00 -5.706577e-03)
85.8          	2.813159e-04	(0.000000e+00 0.000000e+00 -5.706577e-03)
85.9          	2.813105e-04	(0.000000e+00 0.000000e+00 -5.706577e-03)
86            	2.813030e-04	(0.000000e+00 0.000000e+00 -5.706577e-03)
86.1          	2.812844e-04	(0.000000e+00 0.000000e+00 -5.706577e-03)
86.2          	2.812440e-04	(0.000000e+00 0.000000e+00 -5.706577e-03)
86.3          	2.811433e-04	(0.000000e+00 0.000000e+00 -5.706577e-03)
86.4          	2.811379e-04	(0.000000e+00 0.000000e+00 -5.706577e-03)
86.5          	2.811308e-04	(0.000000e+00 0.000000e+00 -5.706577e-03)
86.6          	2.810884e-04	(0.000000e+00 0.000000e+00 -5.706577e-03)
86.7          	2.810700e-04	(0.000000e+00 0.000000e+00 -5.706577e-03)
86.8          	2.810596e-04	(0.000000e+00 0.000000e+00 -5.706577e-03)
86.9          	2.810427e-04	(0.000000e+00 0.000000e+00 -5.706577e-03)
87            	2.810115e-04	(0.000000e+00 0.000000e+00 -5.706577e-03)
87.1          	2.808214e-04	(0.000000e+00 0.000000e+00 -5.706577e-03)
87.2          	2.808284e-04	(0.000000e+00 0.000000e+00 -5.706577e-03)
87.3          	2.808359e-04	(0.000000e+00 0.000000e+00 -5.706577e-03)
87.4          	2.808672e-04	(0.000000e+00 0.000000e+00 -5.706577e-03)
87.5          	2.808650e-04	(0.000000e+00 0.000000e+00 -5.706577e-03)
87.6          	2.808613e-04	(0.000000e+00 0.000000e+00 -5.706577e-03)
87.7          	2.808583e-04	(0.000000e+00 0.000000e+00 -5.706577e-03)
87.8          	2.808226e-04	(0.000000e+00 0.000000e+00 -5.706577e-03)
87.9          	2.808228e-04	(0.000000e+00 0.000000e+00 -5.706577e-03)
88            	2.807739e-04	(0.000000e+00 0.000000e+00 -5.706577e-03)
88.1          	2.806830e-04	(0.000000e+00 0.000000e+00 -5.706577e-03)
88.2          	2.806497e-04	(0.000000e+00 0.000000e+00 -5.706577e-03)
88.3          	2.806298e-04	(0.000000e+00 0.000000e+00 -5.706577e-03)
88.4          	2.806074e-04	(0.000000e+00 0.000000e+00 -5.706577e-03)
88.5          	2.805798e-04	(0.000000e+00 0.000000e+00 -5.706577e-03)
88.6          	2.805506e-04	(0.000000e+00 0.000000e+00 -5.706577e-03)
88.7          	2.804757e-04	(0.000000e+00 0.000000e+00 -5.706577e-03)
88.8          	2.804693e-04	(0.000000e+00 0.000000e+00 -5.706577e-03)
88.9          	2.804607e-04	(0.000000e+00 0.000000e+00 -5.706577e-03)
89            	2.804499e-04	(0.000000e+00 0.000000e+00 -5.706577e-03)
89.1          	2.804322e-04	(0.000000e+00 0.000000e+00 -5.706577e-03)
89.2          	2.803914e-04	(0.000000e+00 0.000000e+00 -5.706577e-03)
89.3          	2.802448e-04	(0.000000e+00 0.000000e+00 -5.706577e-03)
89.4          	2.802425e-04	(0.000000e+00 0.000000e+00 -5.706577e-03)
89.5          	2.802411e-04	(0.000000e+00 0.000000e+00 -5.706577e-03)
89.6          	2.802414e-04	(0.000000e+00 0.000000e+00 -5.706577e-03)
89.7          	2.802480e-04	(0.000000e+00 0.000000e+00 -5.706577e-03)
89.8          	2.802484e-04	(0.000000e+00 0.000000e+00 -5.706577e-03)
89.9          	2.802557e-04	(0.000000e+00 0.000000e+00 -5.706577e-03)
90            	2.802325e-04	(0.000000e+00 0.000000e+00 -5.706577e-03)
90.1          	2.801999e-04	(0.000000e+00 0.000000e+00 -5.706577e-03)
90.2          	2.799452e-04	(0.000000e+00 0.000000e+00 -5.706577e-03)
90.3          	2.799486e-04	(0.000000e+00 0.000000e+00 -5.706577e-03)
90.4          	2.799595e-04	(0.000000e+00 0.000000e+00 -5.706577e-03)
90.5          	2.799785e-04	(0.000000e+00 0.000000e+00 -5.706577e-03)
90.6          	2.799943e-04	(0.000000e+00 0.000000e+00 -5.706577e-03)
90.7          	2.800058e-04	(0.000000e+00 0.000000e+00 -5.706577e-03)
90.8          	2.800132e-04	(0.000000e+00 0.000000e+00 -5.706577e-03)
90.9          	2.800174e-04	(0.000000e+00 0.000000e+00 -5.706577e-03)
91            	2.800304e-04	(0.000000e+00 0.000000e+00 -5.706577e-03)
91.1          	2.800246e-04	(0.000000e+00 0.000000e+00 -5.706577e-03)
91.2          	2.798185e-04	(0.000000e+00 0.000000e+00 -5.706577e-03)
91.3          	2.798265e-04	(0.000000e+00 0.000000e+00 -5.706577e-03)
91.4          	2.798318e-04	(0.000000e+00 0.000000e+00 -5.706577e-03)
91.5          	2.798344e-04	(0.000000e+00 0.000000e+00 -5.706577e-03)
91.6          	2.798063e-04	(0.000000e+00 0.000000e+00 -5.706577e-03)
91.7          	2.797179e-04	(0.000000e+00 0.000000e+00 -5.706577e-03)
91.8          	2.797137e-04	(0.000000e+00 0.000000e+00 -5.706577e-03)
91.9          	2.797114e-04	(0.000000e+00 0.000000e+00 -5.706577e-03)
92            	2.797008e-04	(0.000000e+00 0.000000e+00 -5.706577e-03)
92.1          	2.795772e-04	(0.000000e+00 0.000000e+00 -5.706577e-03)
92.2          	2.795763e-04	(0.000000e+00 0.000000e+00 -5.706577e-03)
92.3          	2.795749e-04	(0.000000e+00 0.000000e+00 -5.706577e-03)
92.4          	2.795753e-04	(0.000000e+00 0.000000e+00 -5.706577e-03)
92.5          	2.795730e-04	(0.000000e+00 0.000000e+00 -5.706577e-03)
92.6          	2.795445e-04	(0.000000e+00 0.000000e+00 -5.706577e-03)
92.7          	2.794384e-04	(0.000000e+00 0.000000e+00 -5.706577e-03)
92.8          	2.794358e-04	(0.000000e+00 0.000000e+00 -5.706577e-03)
92.9          	2.794347e-04	(0.000000e+00 0.000000e+00 -5.706577e-03)
93            	2.794270e-04	(0.000000e+00 0.000000e+00 -5.706577e-03)
93.1          	2.793890e-04	(0.000000e+00 0.000000e+00 -5.706577e-03)
93.2          	2.793820e-04	(0.000000e+00 0.000000e+00 -5.706577e-03)
93.3          	2.793773e-04	(0.000000e+00 0.000000e+00 -5.706577e-03)
93.4          	2.793705e-04	(0.000000e+00 0.000000e+00 -5.706577e-03)
93.5          	2.793597e-04	(0.000000e+00 0.000000e+00 -5.706577e-03)
93.6          	2.792301e-04	(0.000000e+00 0.000000e+00 -5.706577e-03)
93.7          	2.792193e-04	(0.000000e+00 0.000000e+00 -5.706577e-03)
93.8          	2.792184e-04	(0.000000e+00 0.000000e+00 -5.706577e-03)
93.9          	2.792198e-04	(0.000000e+00 0.000000e+00 -5.706577e-03)
94            	2.792064e-04	(0.000000e+00 0.000000e+00 -5.706577e-03)
94.1          	2.791948e-04	(0.000000e+00 0.000000e+00 -5.706577e-03)
94.2          	2.791791e-04	(0.000000e+00 0.000000e+00 -5.706577e-03)
94.3          	2.791286e-04	(0.000000e+00 0.000000e+00 -5.706577e-03)
94.4          	2.790945e-04	(0.000000e+00 0.000000e+00 -5.706577e-03)
94.5          	2.790312e-04	(0.000000e+00 0.000000e+00 -5.706577e-03)
94.6          	2.790297e-04	(0.000000e+00 0.000000e+00 -5.706577e-03)
94.7          	2.790314e-04	(0.000000e+00 0.000000e+00 -5.706577e-03)
94.8          	2.790349e-04	(0.000000e+00 0.000000e+00 -5.706577e-03)
94.9          	2.790344e-04	(0.000000e+00 0.000000e+00 -5.706577e-03)
95            	2.789519e-04	(0.000000e+00 0.000000e+00 -5.706577e-03)
95.1          	2.789385e-04	(0.000000e+00 0.000000e+00 -5.706577e-03)
95.2          	2.789154e-04	(0.000000e+00 0.000000e+00 -5.706577e-03)
95.3          	2.789103e-04	(0.000000e+00 0.000000e+00 -5.706577e-03)
95.4          	2.789056e-04	(0.000000e+00 0.000000e+00 -5.706577e-03)
95.5          	2.788877e-04	(0.000000e+00 0.000000e+00 -5.706577e-03)
95.6          	2.788414e-04	(0.000000e+00 0.000000e+00 -5.706577e-03)
95.7          	2.787503e-04	(0.000000e+00 0.000000e+00 -5.706577e-03)
95.8          	2.787442e-04	(0.000000e+00 0.000000e+00 -5.706577e-03)
95.9          	2.787447e-04	(0.000000e+00 0.000000e+00 -5.706577e-03)
96            	2.787474e-04	(0.000000e+00 0.000000e+00 -5.706577e-03)
96.1          	2.787498e-04	(0.000000e+00 0.000000e+00 -5.706577e-03)
96.2          	2.787506e-04	(0.000000e+00 0.000000e+00 -5.706577e-03)
96.3          	2.787473e-04	(0.000000e+00 0.000000e+00 -5.706577e-03)
96.4          	2.785793e-04	(0.000000e+00 0.000000e+00 -5.706577e-03)
96.5          	2.785780e-04	(0.000000e+00 0.000000e+00 -5.706577e-03)
96.6          	2.785853e-04	(0.000000e+00 0.000000e+00 -5.706577e-03)
96.7          	2.785847e-04	(0.000000e+00 0.000000e+00 -5.706577e-03)
96.8          	2.785878e-04	(0.000000e+00 0.000000e+00 -5.706577e-03)
96.9          	2.785870e-04	(0.000000e+00 0.000000e+00 -5.706577e-03)
97            	2.785868e-04	(0.000000e+00 0.000000e+00 -5.706577e-03)
97.1          	2.785471e-04	(0.000000e+00 0.000000e+00 -5.706577e-03)
97.2          	2.785413e-04	(0.000000e+00 0.000000e+00 -5.706577e-03)
97.3          	2.785327e-04	(0.000000e+00 0.000000e+00 -5.706577e-03)
97.4          	2.784167e-04	(0.000000e+00 0.000000e+00 -5.706577e-03)
97.5          	2.784027e-04	(0.000000e+00 0.000000e+00 -5.706577e-03)
97.6          	2.783984e-04	(0.000000e+00 0.000000e+00 -5.706577e-03)
97.7          	2.784002e-04	(0.000000e+00 0.000000e+00 -5.706577e-03)
97.8          	2.784039e-04	(0.000000e+00 0.000000e+00 -5.706577e-03)
97.9          	2.784047e-04	(0.000000e+00 0.000000e+00 -5.706577e-03)
98            	2.782978e-04	(0.000000e+00 0.000000e+00 -5.706577e-03)
98.1          	2.782804e-04	(0.000000e+00 0.000000e+00 -5.706577e-03)
98.2          	2.782772e-04	(0.000000e+00 0.000000e+00 -5.706577e-03)
98.3          	2.782780e-04	(0.000000e+00 0.000000e+00 -5.706577e-03)
98.4          	2.782807e-04	(0.000000e+00 0.000000e+00 -5.706577e-03)
98.5          	2.782835e-04	(0.000000e+00 0.000000e+00 -5.706577e-03)
98.6          	2.782799e-04	(0.000000e+00 0.000000e+00 -5.706577e-03)
98.7          	2.781079e-04	(0.000000e+00 0.000000e+00 -5.706577e-03)
98.8          	2.781045e-04	(0.000000e+00 0.000000e+00 -5.706577e-03)
98.9          	2.781061e-04	(0.000000e+00 0.000000e+00 -5.706577e-03)
99            	2.781073e-04	(0.000000e+00 0.000000e+00 -5.706577e-03)
99.1          	2.781132e-04	(0.000000e+00 0.000000e+00 -5.706577e-03)
99.2          	2.781225e-04	(0.000000e+00 0.000000e+00 -5.706577e-03)
99.3          	2.781322e-04	(0.000000e+00 0.000000e+00 -5.706577e-03)
99.4          	2.781387e-04	(0.000000e+00 0.000000e+00 -5.706577e-03)
99.5          	2.781416e-04	(0.000000e+00 0.000000e+00 -5.706577e-03)
99.6          	2.780471e-04	(0.000000e+00 0.000000e+00 -5.706577e-03)
99.7          	2.780173e-04	(0.000000e+00 0.000000e+00 -5.706577e-03)
99.8          	2.779193e-04	(0.000000e+00 0.000000e+00 -5.706577e-03)
99.9          	2.779206e-04	(0.000000e+00 0.000000e+00 -5.706577e-03)
100           	2.779271e-04	(0.000000e+00 0.000000e+00 -5.706577e-03)
100.1         	2.779388e-04	(0.000000e+00 0.000000e+00 -5.706577e-03)
100.2         	2.779467e-04	(0.000000e+00 0.000000e+00 -5.706577e-03)
100.3         	2.779500e-04	(0.000000e+00 0.000000e+00 -5.706577e-03)
100.4         	2.779497e-04	(0.000000e+00 0.000000e+00 -5.706577e-03)
100.5         	2.778455e-04	(0.000000e+00 0.000000e+00 -5.706577e-03)
100.6         	2.778350e-04	(0.000000e+00 0.000000e+00 -5.706577e-03)
100.7         	2.778195e-04	(0.000000e+00 0.000000e+00 -5.706577e-03)
100.8         	2.778207e-04	(0.000000e+00 0.000000e+00 -5.706577e-03)
100.9         	2.778250e-04	(0.000000e+00 0.000000e+00 -5.706577e-03)
101           	2.778269e-04	(0.000000e+00 0.000000e+00 -5.706577e-03)
101.1         	2.778112e-04	(0.000000e+00 0.000000e+00 -5.706577e-03)
101.2         	2.776780e-04	(0.000000e+00 0.000000e+00 -5.706577e-03)
101.3         	2.776816e-04	(0.000000e+00 0.000000e+00 -5.706577e-03)
101.4         	2.776860e-04	(0.000000e+00 0.000000e+00 -5.706577e-03)
101.5         	2.776905e-04	(0.000000e+00 0.000000e+00 -5.706577e-03)
101.6         	2.776933e-04	(0.000000e+00 0.000000e+00 -5.706577e-03)
101.7         	2.776918e-04	(0.000000e+00 0.000000e+00 -5.706577e-03)
101.8         	2.775985e-04	(0.000000e+00 0.000000e+00 -5.706577e-03)
101.9         	2.775879e-04	(0.000000e+00 0.000000e+00 -5.706577e-03)
102           	2.775785e-04	(0.000000e+00 0.000000e+00 -5.706577e-03)
102.1         	2.775807e-04	(0.000000e+00 0.000000e+00 -5.706577e-03)
102.2         	2.775859e-04	(0.000000e+00 0.000000e+00 -5.706577e-03)
102.3         	2.775913e-04	(0.000000e+00 0.000000e+00 -5.706577e-03)
102.4         	2.775897e-04	(0.000000e+00 0.000000e+00 -5.706577e-03)
102.5         	2.775324e-04	(0.000000e+00 0.000000e+00 -5.706577e-03)
102.6         	2.773478e-04	(0.000000e+00 0.000000e+00 -5.706577e-03)
102.7         	2.773440e-04	(0.000000e+00 0.000000e+00 -5.706577e-03)
102.8         	2.773480e-04	(0.000000e+00 0.000000e+00 -5.706577e-03)
102.9         	2.773565e-04	(0.000000e+00 0.000000e+00 -5.706577e-03)
103           	2.773720e-04	(0.000000e+00 0.000000e+00 -5.706577e-03)
103.1         	2.773946e-04	(0.000000e+00 0.000000e+00 -5.706577e-03)
103.2         	2.774122e-04	(0.000000e+00 0.000000e+00 -5.706577e-03)
103.3         	2.774251e-04	(0.000000e+00 0.000000e+00 -5.706577e-03)
103.4         	2.774330e-04	(0.000000e+00 0.000000e+00 -5.706577e-03)
103.5         	2.774398e-04	(0.000000e+00 0.000000e+00 -5.706577e-03)
103.6         	2.774471e-04	(0.000000e+00 0.000000e+00 -5.706577e-03)
103.7         	2.774529e-04	(0.000000e+00 0.000000e+00 -5.706577e-03)
103.8         	2.771302e-04	(0.000000e+00 0.000000e+00 -5.706577e-03)
103.9         	2.771261e-04	(0.000000e+00 0.000000e+00 -5.706577e-03)
104           	2.771265e-04	(0.000000e+00 0.000000e+00 -5.706577e-03)
104.1         	2.771888e-04	(0.000000e+00 0.000000e+00 -5.706577e-03)
104.2         	2.772148e-04	(0.000000e+00 0.000000e+00 -5.706577e-03)
104.3         	2.772381e-04	(0.000000e+00 0.000000e+00 -5.706577e-03)
104.4         	2.772586e-04	(0.000000e+00 0.000000e+00 -5.706577e-03)
104.5         	2.772726e-04	(0.000000e+00 0.000000e+00 -5.706577e-03)
104.6         	2.772821e-04	(0.000000e+00 0.000000e+00 -5.706577e-03)
104.7         	2.772884e-04	(0.000000e+00 0.000000e+00 -5.706577e-03)
104.8         	2.772918e-04	(0.000000e+00 0.000000e+00 -5.706577e-03)
104.9         	2.771177e-04	(0.000000e+00 0.000000e+00 -5.706577e-03)
105           	2.770888e-04	(0.000000e+00 0.000000e+00 -5.706577e-03)
105.1         	2.770799e-04	(0.000000e+00 0.000000e+00 -5.706577e-03)
105.2         	2.770788e-04	(0.000000e+00 0.000000e+00 -5.706577e-03)
105.3         	2.770773e-04	(0.000000e+00 0.000000e+00 -5.706577e-03)
105.4         	2.770424e-04	(0.000000e+00 0.000000e+00 -5.706577e-03)
105.5         	2.769875e-04	(0.000000e+00 0.000000e+00 -5.706577e-03)
105.6         	2.769897e-04	(0.000000e+00 0.000000e+00 -5.706577e-03)
105.7         	2.769963e-04	(0.000000e+00 0.000000e+00 -5.706577e-03)
105.8         	2.770044e-04	(0.000000e+00 0.000000e+00 -5.706577e-03)
105.9         	2.770086e-04	(0.000000e+00 0.000000e+00 -5.706577e-03)
106           	2.770077e-04	(0.000000e+00 0.000000e+00 -5.706577e-03)
106.1         	2.769287e-04	(0.000000e+00 0.000000e+00 -5.706577e-03)
106.2         	2.769263e-04	(0.000000e+00 0.000000e+00 -5.706577e-03)
106.3         	2.769237e-04	(0.000000e+00 0.000000e+00 -5.706577e-03)
106.4         	2.769081e-04	(0.000000e+00 0.000000e+00 -5.706577e-03)
106.5         	2.767939e-04	(0.000000e+00 0.000000e+00 -5.706577e-03)
106.6         	2.767952e-04	(0.000000e+00 0.000000e+00 -5.706577e-03)
106.7         	2.768021e-04	(0.000000e+00 0.000000e+00 -5.706577e-03)
106.8         	2.768131e-04	(0.000000e+00 0.000000e+00 -5.706577e-03)
106.9         	2.768259e-04	(0.000000e+00 0.000000e+00 -5.706577e-03)
107           	2.768336e-04	(0.000000e+00 0.000000e+00 -5.706577e-03)
107.1         	2.768390e-04	(0.000000e+00 0.000000e+00 -5.706577e-03)
107.2         	2.768422e-04	(0.000000e+00 0.000000e+00 -5.706577e-03)
107.3         	2.768368e-04	(0.000000e+00 0.000000e+00 -5.706577e-03)
107.4         	2.766812e-04	(0.000000e+00 0.000000e+00 -5.706577e-03)
107.5         	2.766780e-04	(0.000000e+00 0.000000e+00 -5.706577e-03)
107.6         	2.766819e-04	(0.000000e+00 0.000000e+00 -5.706577e-03)
107.7         	2.766985e-04	(0.000000e+00 0.000000e+00 -5.706577e-03)
107.8         	2.766837e-04	(0.000000e+00 0.000000e+00 -5.706577e-03)
107.9         	2.766836e-04	(0.000000e+00 0.000000e+00 -5.706577e-03)
108           	2.766865e-04	(0.000000e+00 0.000000e+00 -5.706577e-03)
108.1         	2.766895e-04	(0.000000e+00 0.000000e+00 -5.706577e-03)
108.2         	2.766871e-04	(0.000000e+00 0.000000e+00 -5.706577e-03)
108.3         	2.765888e-04	(0.000000e+00 0.000000e+00 -5.706577e-03)
108.4         	2.765911e-04	(0.000000e+00 0.000000e+00 -5.706577e-03)
108.5         	2.765968e-04	(0.000000e+00 0.000000e+00 -5.706577e-03)
108.6         	2.766033e-04	(0.000000e+00 0.000000e+00 -5.706577e-03)
108.7         	2.765948e-04	(0.000000e+00 0.000000e+00 -5.706577e-03)
108.8         	2.764948e-04	(0.000000e+00 0.000000e+00 -5.706577e-03)
108.9         	2.764977e-04	(0.000000e+00 0.000000e+00 -5.706577e-03)
109           	2.765043e-04	(0.000000e+00 0.000000e+00 -5.706577e-03)
109.1         	2.765132e-04	(0.000000e+00 0.000000e+00 -5.706577e-03)
109.2         	2.765201e-04	(0.000000e+00 0.000000e+00 -5.706577e-03)
109.3         	2.765243e-04	(0.000000e+00 0.000000e+00 -5.706577e-03)
109.4         	2.765234e-04	(0.000000e+00 0.000000e+00 -5.706577e-03)
109.5         	2.762356e-04	(0.000000e+00 0.000000e+00 -5.706577e-03)
109.6         	2.762447e-04	(0.000000e+00 0.000000e+00 -5.706577e-03)
109.7         	2.762661e-04	(0.000000e+00 0.000000e+00 -5.706577e-03)
109.8         	2.763056e-04	(0.000000e+00 0.000000e+00 -5.706577e-03)
109.9         	2.765728e-04	(0.000000e+00 0.000000e+00 -5.706577e-03)
110           	2.765769e-04	(0.000000e+00 0.000000e+00 -5.706577e-03)
110.1         	2.765815e-04	(0.000000e+00 0.000000e+00 -5.706577e-03)
110.2         	2.764205e-04	(0.000000e+00 0.000000e+00 -5.706577e-03)
110.3         	2.762869e-04	(0.000000e+00 0.000000e+00 -5.706577e-03)
110.4         	2.762764e-04	(0.000000e+00 0.000000e+00 -5.706577e-03)
110.5         	2.762809e-04	(0.000000e+00 0.000000e+00 -5.706577e-03)
110.6         	2.762961e-04	(0.000000e+00 0.000000e+00 -5.706577e-03)
110.7         	2.762882e-04	(0.000000e+00 0.000000e+00 -5.706577e-03)
110.8         	2.762895e-04	(0.000000e+00 0.000000e+00 -5.706577e-03)
110.9         	2.762935e-04	(0.000000e+00 0.000000e+00 -5.706577e-03)
111           	2.763006e-04	(0.000000e+00 0.000000e+00 -5.706577e-03)
111.1         	2.763022e-04	(0.000000e+00 0.000000e+00 -5.706577e-03)
111.2         	2.762059e-04	(0.000000e+00 0.000000e+00 -5.706577e-03)
111.3         	2.762075e-04	(0.000000e+00 0.000000e+00 -5.706577e-03)
111.4         	2.762099e-04	(0.000000e+00 0.000000e+00 -5.706577e-03)
111.5         	2.762118e-04	(0.000000e+00 0.000000e+00 -5.706577e-03)
111.6         	2.761985e-04	(0.000000e+00 0.000000e+00 -5.706577e-03)
111.7         	2.760631e-04	(0.000000e+00 0.000000e+00 -5.706577e-03)
111.8         	2.760617e-04	(0.000000e+00 0.000000e+00 -5.706577e-03)
111.9         	2.760650e-04	(0.000000e+00 0.000000e+00 -5.706577e-03)
112           	2.760751e-04	(0.000000e+00 0.000000e+00 -5.706577e-03)
112.1         	2.760880e-04	(0.000000e+00 0.000000e+00 -5.706577e-03)
112.2         	2.761018e-04	(0.000000e+00 0.000000e+00 -5.706577e-03)
112.3         	2.761125e-04	(0.000000e+00 0.000000e+00 -5.706577e-03)
112.4         	2.761217e-04	(0.000000e+00 0.000000e+00 -5.706577e-03)
112.5         	2.761297e-04	(0.000000e+00 0.000000e+00 -5.706577e-03)
112.6         	2.761353e-04	(0.000000e+00 0.000000e+00 -5.706577e-03)
112.7         	2.761377e-04	(0.000000e+00 0.000000e+00 -5.706577e-03)
112.8         	2.759807e-04	(0.000000e+00 0.000000e+00 -5.706577e-03)
112.9         	2.759825e-04	(0.000000e+00 0.000000e+00 -5.706577e-03)
113           	2.759859e-04	(0.000000e+00 0.000000e+00 -5.706577e-03)
113.1         	2.759921e-04	(0.000000e+00 0.000000e+00 -5.706577e-03)
113.2         	2.759976e-04	(0.000000e+00 0.000000e+00 -5.706577e-03)
113.3         	2.760003e-04	(0.000000e+00 0.000000e+00 -5.706577e-03)
113.4         	2.759880e-04	(0.000000e+00 0.000000e+00 -5.706577e-03)
113.5         	2.758753e-04	(0.000000e+00 0.000000e+00 -5.706577e-03)
113.6         	2.758436e-04	(0.000000e+00 0.000000e+00 -5.706577e-03)
113.7         	2.758463e-04	(0.000000e+00 0.000000e+00 -5.706577e-03)
113.8         	2.758538e-04	(0.000000e+00 0.000000e+00 -5.706577e-03)
113.9         	2.758671e-04	(0.000000e+00 0.000000e+00 -5.706577e-03)
114           	2.758799e-04	(0.000000e+00 0.000000e+00 -5.706577e-03)
114.1         	2.758910e-04	(0.000000e+00 0.000000e+00 -5.706577e-03)
114.2         	2.759010e-04	(0.000000e+00 0.000000e+00 -5.706577e-03)
114.3         	2.759073e-04	(0.000000e+00 0.000000e+00 -5.706577e-03)
114.4         	2.759110e-04	(0.000000e+00 0.000000e+00 -5.706577e-03)
114.5         	2.759040e-04	(0.000000e+00 0.000000e+00 -5.706577e-03)
114.6         	2.757788e-04	(0.000000e+00 0.000000e+00 -5.706577e-03)
114.7         	2.757464e-04	(0.000000e+00 0.000000e+00 -5.706577e-03)
114.8         	2.757439e-04	(0.000000e+00 0.000000e+00 -5.706577e-03)
114.9         	2.757490e-04	(0.000000e+00 0.000000e+00 -5.706577e-03)
115           	2.757615e-04	(0.000000e+00 0.000000e+00 -5.706577e-03)
115.1         	2.757195e-04	(0.000000e+00 0.000000e+00 -5.706577e-03)
115.2         	2.757207e-04	(0.000000e+00 0.000000e+00 -5.706577e-03)
115.3         	2.757259e-04	(0.000000e+00 0.000000e+00 -5.706577e-03)
115.4         	2.757324e-04	(0.000000e+00 0.000000e+00 -5.706577e-03)
115.5         	2.757390e-04	(0.000000e+00 0.000000e+00 -5.706577e-03)
115.6         	2.757431e-04	(0.000000e+00 0.000000e+00 -5.706577e-03)
115.7         	2.757349e-04	(0.000000e+00 0.000000e+00 -5.706577e-03)
115.8         	2.756702e-04	(0.000000e+00 0.000000e+00 -5.706577e-03)
115.9         	2.754853e-04	(0.000000e+00 0.000000e+00 -5.706577e-03)
116           	2.754891e-04	(0.000000e+00 0.000000e+00 -5.706577e-03)
116.1         	2.755044e-04	(0.000000e+00 0.000000e+00 -5.706577e-03)
116.2         	2.755282e-04	(0.000000e+00 0.000000e+00 -5.706577e-03)
116.3         	2.755479e-04	(0.000000e+00 0.000000e+00 -5.706577e-03)
116.4         	2.755630e-04	(0.000000e+00 0.000000e+00 -5.706577e-03)
116.5         	2.755768e-04	(0.000000e+00 0.000000e+00 -5.706577e-03)
116.6         	2.755894e-04	(0.000000e+00 0.000000e+00 -5.706577e-03)
116.7         	2.756007e-04	(0.000000e+00 0.000000e+00 -5.706577e-03)
116.8         	2.756107e-04	(0.000000e+00 0.000000e+00 -5.706577e-03)
116.9         	2.756202e-04	(0.000000e+00 0.000000e+00 -5.706577e-03)
117           	2.756293e-04	(0.000000e+00 0.000000e+00 -5.706577e-03)
117.1         	2.756380e-04	(0.000000e+00 0.000000e+00 -5.706577e-03)
117.2         	2.756423e-04	(0.000000e+00 0.000000e+00 -5.706577e-03)
117.3         	2.752392e-04	(0.000000e+00 0.000000e+00 -5.706577e-03)
117.4         	2.752425e-04	(0.000000e+00 0.000000e+00 -5.706577e-03)
117.5         	2.752811e-04	(0.000000e+00 0.000000e+00 -5.706577e-03)
117.6         	2.753928e-04	(0.000000e+00 0.000000e+00 -5.706577e-03)
117.7         	2.754999e-04	(0.000000e+00 0.000000e+00 -5.706577e-03)
117.8         	2.755213e-04	(0.000000e+00 0.000000e+00 -5.706577e-03)
117.9         	2.755296e-04	(0.000000e+00 0.000000e+00 -5.706577e-03)
118           	2.755419e-04	(0.000000e+00 0.000000e+00 -5.706577e-03)
118.1         	2.755557e-04	(0.000000e+00 0.000000e+00 -5.706577e-03)
118.2         	2.755619e-04	(0.000000e+00 0.000000e+00 -5.706577e-03)
118.3         	2.753596e-04	(0.000000e+00 0.000000e+00 -5.706577e-03)
118.4         	2.752736e-04	(0.000000e+00 0.000000e+00 -5.706577e-03)
118.5         	2.752755e-04	(0.000000e+00 0.000000e+00 -5.706577e-03)
118.6         	2.752824e-04	(0.000000e+00 0.000000e+00 -5.706577e-03)
118.7         	2.753057e-04	(0.000000e+00 0.000000e+00 -5.706577e-03)
118.8         	2.753064e-04	(0.000000e+00 0.000000e+00 -5.706577e-03)
118.9         	2.753111e-04	(0.000000e+00 0.000000e+00 -5.706577e-03)
119           	2.753204e-04	(0.000000e+00 0.000000e+00 -5.706577e-03)
119.1         	2.753322e-04	(0.000000e+00 0.000000e+00 -5.706577e-03)
119.2         	2.753412e-04	(0.000000e+00 0.000000e+00 -5.706577e-03)
119.3         	2.753443e-04	(0.000000e+00 0.000000e+00 -5.706577e-03)
119.4         	2.753300e-04	(0.000000e+00 0.000000e+00 -5.706577e-03)
119.5         	2.751820e-04	(0.000000e+00 0.000000e+00 -5.706577e-03)
119.6         	2.751832e-04	(0.000000e+00 0.000000e+00 -5.706577e-03)
119.7         	2.751906e-04	(0.000000e+00 0.000000e+00 -5.706577e-03)
119.8         	2.752012e-04	(0.000000e+00 0.000000e+00 -5.706577e-03)
119.9         	2.752098e-04	(0.000000e+00 0.000000e+00 -5.706577e-03)
120           	2.751897e-04	(0.000000e+00 0.000000e+00 -5.706577e-03)
120.1         	2.751676e-04	(0.000000e+00 0.000000e+00 -5.706577e-03)
120.2         	2.751617e-04	(0.000000e+00 0.000000e+00 -5.706577e-03)
120.3         	2.751659e-04	(0.000000e+00 0.000000e+00 -5.706577e-03)
120.4         	2.751733e-04	(0.000000e+00 0.000000e+00 -5.706577e-03)
120.5         	2.751826e-04	(0.000000e+00 0.000000e+00 -5.706577e-03)
120.6         	2.751886e-04	(0.000000e+00 0.000000e+00 -5.706577e-03)
120.7         	2.751606e-04	(0.000000e+00 0.000000e+00 -5.706577e-03)
120.8         	2.750553e-04	(0.000000e+00 0.000000e+00 -5.706577e-03)
120.9         	2.750316e-04	(0.000000e+00 0.000000e+00 -5.706577e-03)
121           	2.750358e-04	(0.000000e+00 0.000000e+00 -5.706577e-03)
121.1         	2.750453e-04	(0.000000e+00 0.000000e+00 -5.706577e-03)
121.2         	2.750581e-04	(0.000000e+00 0.000000e+00 -5.706577e-03)
121.3         	2.750669e-04	(0.000000e+00 0.000000e+00 -5.706577e-03)
121.4         	2.750733e-04	(0.000000e+00 0.000000e+00 -5.706577e-03)
121.5         	2.750777e-04	(0.000000e+00 0.000000e+00 -5.706577e-03)
121.6         	2.750791e-04	(0.000000e+00 0.000000e+00 -5.706577e-03)
121.7         	2.750074e-04	(0.000000e+00 0.000000e+00 -5.706577e-03)
121.8         	2.749709e-04	(0.000000e+00 0.000000e+00 -5.706577e-03)
121.9         	2.749707e-04	(0.000000e+00 0.000000e+00 -5.706577e-03)
122           	2.749739e-04	(0.000000e+00 0.000000e+00 -5.706577e-03)
122.1         	2.749785e-04	(0.000000e+00 0.000000e+00 -5.706577e-03)
122.2         	2.749829e-04	(0.000000e+00 0.000000e+00 -5.706577e-03)
122.3         	2.749784e-04	(0.000000e+00 0.000000e+00 -5.706577e-03)
122.4         	2.748879e-04	(0.000000e+00 0.000000e+00 -5.706577e-03)
122.5         	2.748921e-04	(0.000000e+00 0.000000e+00 -5.706577e-03)
122.6         	2.748986e-04	(0.000000e+00 0.000000e+00 -5.706577e-03)
122.7         	2.749061e-04	(0.000000e+00 0.000000e+00 -5.706577e-03)
122.8         	2.749112e-04	(0.000000e+00 0.000000e+00 -5.706577e-03)
122.9         	2.749132e-04	(0.000000e+00 0.000000e+00 -5.706577e-03)
123           	2.749084e-04	(0.000000e+00 0.000000e+00 -5.706577e-03)
123.1         	2.746810e-04	(0.000000e+00 0.000000e+00 -5.706577e-03)
123.2         	2.746908e-04	(0.000000e+00 0.000000e+00 -5.706577e-03)
123.3         	2.747088e-04	(0.000000e+00 0.000000e+00 -5.706577e-03)
123.4         	2.747327e-04	(0.000000e+00 0.000000e+00 -5.706577e-03)
123.5         	2.747634e-04	(0.000000e+00 0.000000e+00 -5.706577e-03)
123.6         	2.748424e-04	(0.000000e+00 0.000000e+00 -5.706577e-03)
123.7         	2.748491e-04	(0.000000e+00 0.000000e+00 -5.706577e-03)
123.8         	2.748551e-04	(0.000000e+00 0.000000e+00 -5.706577e-03)
123.9         	2.748618e-04	(0.000000e+00 0.000000e+00 -5.706577e-03)
124           	2.748697e-04	(0.000000e+00 0.000000e+00 -5.706577e-03)
124.1         	2.748790e-04	(0.000000e+00 0.000000e+00 -5.706577e-03)
124.2         	2.748859e-04	(0.000000e+00 0.000000e+00 -5.706577e-03)
124.3         	2.748647e-04	(0.000000e+00 0.000000e+00 -5.706577e-03)
124.4         	2.746211e-04	(0.000000e+00 0.000000e+00 -5.706577e-03)
124.5         	2.746288e-04	(0.000000e+00 0.000000e+00 -5.706577e-03)
124.6         	2.746398e-04	(0.000000e+00 0.000000e+00 -5.706577e-03)
124.7         	2.746500e-04	(0.000000e+00 0.000000e+00 -5.706577e-03)
124.8         	2.746583e-04	(0.000000e+00 0.000000e+00 -5.706577e-03)
124.9         	2.746656e-04	(0.000000e+00 0.000000e+00 -5.706577e-03)
125           	2.746721e-04	(0.000000e+00 0.000000e+00 -5.706577e-03)
125.1         	2.746774e-04	(0.000000e+00 0.000000e+00 -5.706577e-03)
125.2         	2.746826e-04	(0.000000e+00 0.000000e+00 -5.706577e-03)
125.3         	2.746892e-04	(0.000000e+00 0.000000e+00 -5.706577e-03)
125.4         	2.746945e-04	(0.000000e+00 0.000000e+00 -5.706577e-03)
125.5         	2.746821e-04	(0.000000e+00 0.000000e+00 -5.706577e-03)
125.6         	2.745314e-04	(0.000000e+00 0.000000e+00 -5.706577e-03)
125.7         	2.745316e-04	(0.000000e+00 0.000000e+00 -5.706577e-03)
125.8         	2.745366e-04	(0.000000e+00 0.000000e+00 -5.706577e-03)
125.9         	2.745466e-04	(0.000000e+00 0.000000e+00 -5.706577e-03)
126           	2.745581e-04	(0.000000e+00 0.000000e+00 -5.706577e-03)
126.1         	2.745680e-04	(0.000000e+00 0.000000e+00 -5.706577e-03)
126.2         	2.745751e-04	(0.000000e+00 0.000000e+00 -5.706577e-03)
126.3         	2.745739e-04	(0.000000e+00 0.000000e+00 -5.706577e-03)
126.4         	2.745307e-04	(0.000000e+00 0.000000e+00 -5.706577e-03)
126.5         	2.745337e-04	(0.000000e+00 0.000000e+00 -5.706577e-03)
126.6         	2.745389e-04	(0.000000e+00 0.000000e+00 -5.706577e-03)
126.7         	2.745451e-04	(0.000000e+00 0.000000e+00 -5.706577e-03)
126.8         	2.745474e-04	(0.000000e+00 0.000000e+00 -5.706577e-03)
126.9         	2.743856e-04	(0.000000e+00 0.000000e+00 -5.706577e-03)
127           	2.743874e-04	(0.000000e+00 0.000000e+00 -5.706577e-03)
127.1         	2.743927e-04	(0.000000e+00 0.000000e+00 -5.706577e-03)
127.2         	2.744014e-04	(0.000000e+00 0.000000e+00 -5.706577e-03)
127.3         	2.744133e-04	(0.000000e+00 0.000000e+00 -5.706577e-03)
127.4         	2.744225e-04	(0.000000e+00 0.000000e+00 -5.706577e-03)
127.5         	2.744301e-04	(0.000000e+00 0.000000e+00 -5.706577e-03)
127.6         	2.744377e-04	(0.000000e+00 0.000000e+00 -5.706577e-03)
127.7         	2.744441e-04	(0.000000e+00 0.000000e+00 -5.706577e-03)
127.8         	2.744485e-04	(0.000000e+00 0.000000e+00 -5.706577e-03)
127.9         	2.744485e-04	(0.000000e+00 0.000000e+00 -5.706577e-03)
128           	2.743690e-04	(0.000000e+00 0.000000e+00 -5.706577e-03)
128.1         	2.743361e-04	(0.000000e+00 0.000000e+00 -5.706577e-03)
128.2         	2.743319e-04	(0.000000e+00 0.000000e+00 -5.706577e-03)
128.3         	2.743349e-04	(0.000000e+00 0.000000e+00 -5.706577e-03)
128.4         	2.743391e-04	(0.000000e+00 0.000000e+00 -5.706577e-03)
128.5         	2.743410e-04	(0.000000e+00 0.000000e+00 -5.706577e-03)
128.6         	2.742807e-04	(0.000000e+00 0.000000e+00 -5.706577e-03)
128.7         	2.742557e-04	(0.000000e+00 0.000000e+00 -5.706577e-03)
128.8         	2.742472e-04	(0.000000e+00 0.000000e+00 -5.706577e-03)
128.9         	2.742512e-04	(0.000000e+00 0.000000e+00 -5.706577e-03)
129           	2.742573e-04	(0.000000e+00 0.000000e+00 -5.706577e-03)
129.1         	2.742652e-04	(0.000000e+00 0.000000e+00 -5.706577e-03)
129.2         	2.742729e-04	(0.000000e+00 0.000000e+00 -5.706577e-03)
129.3         	2.742779e-04	(0.000000e+00 0.000000e+00 -5.706577e-03)
129.4         	2.742796e-04	(0.000000e+00 0.000000e+00 -5.706577e-03)
129.5         	2.740161e-04	(0.000000e+00 0.000000e+00 -5.706577e-03)
129.6         	2.740245e-04	(0.000000e+00 0.000000e+00 -5.706577e-03)
129.7         	2.740441e-04	(0.000000e+00 0.000000e+00 -5.706577e-03)
129.8         	2.740870e-04	(0.000000e+00 0.000000e+00 -5.706577e-03)
129.9         	2.741676e-04	(0.000000e+00 0.000000e+00 -5.706577e-03)
130           	2.742832e-04	(0.000000e+00 0.000000e+00 -5.706577e-03)
130.1         	2.742860e-04	(0.000000e+00 0.000000e+00 -5.706577e-03)
130.2         	2.742911e-04	(0.000000e+00 0.000000e+00 -5.706577e-03)
130.3         	2.742977e-04	(0.000000e+00 0.000000e+00 -5.706577e-03)
130.4         	2.742895e-04	(0.000000e+00 0.000000e+00 -5.706577e-03)
130.5         	2.740859e-04	(0.000000e+00 0.000000e+00 -5.706577e-03)
130.6         	2.740493e-04	(0.000000e+00 0.000000e+00 -5.706577e-03)
130.7         	2.740352e-04	(0.000000e+00 0.000000e+00 -5.706577e-03)
130.8         	2.740394e-04	(0.000000e+00 0.000000e+00 -5.706577e-03)
130.9         	2.740487e-04	(0.000000e+00 0.000000e+00 -5.706577e-03)
131           	2.740596e-04	(0.000000e+00 0.000000e+00 -5.706577e-03)
131.1         	2.740682e-04	(0.000000e+00 0.000000e+00 -5.706577e-03)
131.2         	2.740751e-04	(0.000000e+00 0.000000e+00 -5.706577e-03)
131.3         	2.740803e-04	(0.000000e+00 0.000000e+00 -5.706577e-03)
131.4         	2.740808e-04	(0.000000e+00 0.000000e+00 -5.706577e-03)
131.5         	2.738598e-04	(0.000000e+00 0.000000e+00 -5.706577e-03)
131.6         	2.738662e-04	(0.000000e+00 0.000000e+00 -5.706577e-03)
131.7         	2.738882e-04	(0.000000e+00 0.000000e+00 -5.706577e-03)
131.8         	2.740475e-04	(0.000000e+00 0.000000e+00 -5.706577e-03)
131.9         	2.740537e-04	(0.000000e+00 0.000000e+00 -5.706577e-03)
132           	2.740631e-04	(0.000000e+00 0.000000e+00 -5.706577e-03)
132.1         	2.740714e-04	(0.000000e+00 0.000000e+00 -5.706577e-03)
132.2         	2.740016e-04	(0.000000e+00 0.000000e+00 -5.706577e-03)
132.3         	2.740046e-04	(0.000000e+00 0.000000e+00 -5.706577e-03)
132.4         	2.739529e-04	(0.000000e+00 0.000000e+00 -5.706577e-03)
132.5         	2.739016e-04	(0.000000e+00 0.000000e+00 -5.706577e-03)
132.6         	2.739028e-04	(0.000000e+00 0.000000e+00 -5.706577e-03)
132.7         	2.739070e-04	(0.000000e+00 0.000000e+00 -5.706577e-03)
132.8         	2.739119e-04	(0.000000e+00 0.000000e+00 -5.706577e-03)
132.9         	2.739119e-04	(0.000000e+00 0.000000e+00 -5.706577e-03)
133           	2.738305e-04	(0.000000e+00 0.000000e+00 -5.706577e-03)
133.1         	2.738345e-04	(0.000000e+00 0.000000e+00 -5.706577e-03)
133.2         	2.738384e-04	(0.000000e+00 0.000000e+00 -5.706577e-03)
133.3         	2.738441e-04	(0.000000e+00 0.000000e+00 -5.706577e-03)
133.4         	2.738496e-04	(0.000000e+00 0.000000e+00 -5.706577e-03)
133.5         	2.738537e-04	(0.000000e+00 0.000000e+00 -5.706577e-03)
133.6         	2.738558e-04	(0.000000e+00 0.000000e+00 -5.706577e-03)
133.7         	2.738389e-04	(0.000000e+00 0.000000e+00 -5.706577e-03)
133.8         	2.737829e-04	(0.000000e+00 0.000000e+00 -5.706577e-03)
133.9         	2.737842e-04	(0.000000e+00 0.000000e+00 -5.706577e-03)
134           	2.737875e-04	(0.000000e+00 0.000000e+00 -5.706577e-03)
134.1         	2.737891e-04	(0.000000e+00 0.000000e+00 -5.706577e-03)
134.2         	2.737732e-04	(0.000000e+00 0.000000e+00 -5.706577e-03)
134.3         	2.737126e-04	(0.000000e+00 0.000000e+00 -5.706577e-03)
134.4         	2.737139e-04	(0.000000e+00 0.000000e+00 -5.706577e-03)
134.5         	2.737173e-04	(0.000000e+00 0.000000e+00 -5.706577e-03)
134.6         	2.737231e-04	(0.000000e+00 0.000000e+00 -5.706577e-03)
134.7         	2.737279e-04	(0.000000e+00 0.000000e+00 -5.706577e-03)
134.8         	2.737318e-04	(0.000000e+00 0.000000e+00 -5.706577e-03)
134.9         	2.737307e-04	(0.000000e+00 0.000000e+00 -5.706577e-03)
135           	2.735667e-04	(0.000000e+00 0.000000e+00 -5.706577e-03)
135.1         	2.735698e-04	(0.000000e+00 0.000000e+00 -5.706577e-03)
135.2         	2.735772e-04	(0.000000e+00 0.000000e+00 -5.706577e-03)
135.3         	2.735897e-04	(0.000000e+00 0.000000e+00 -5.706577e-03)
135.4         	2.736017e-04	(0.000000e+00 0.000000e+00 -5.706577e-03)
135.5         	2.736138e-04	(0.000000e+00 0.000000e+00 -5.706577e-03)
135.6         	2.736256e-04	(0.000000e+00 0.000000e+00 -5.706577e-03)
135.7         	2.736351e-04	(0.000000e+00 0.000000e+00 -5.706577e-03)
135.8         	2.736431e-04	(0.000000e+00 0.000000e+00 -5.706577e-03)
135.9         	2.736518e-04	(0.000000e+00 0.000000e+00 -5.706577e-03)
136           	2.736594e-04	(0.000000e+00 0.000000e+00 -5.706577e-03)
136.1         	2.736660e-04	(0.000000e+00 0.000000e+00 -5.706577e-03)
136.2         	2.736712e-04	(0.000000e+00 0.000000e+00 -5.706577e-03)
136.3         	2.736732e-04	(0.000000e+00 0.000000e+00 -5.706577e-03)
136.4         	2.734828e-04	(0.000000e+00 0.000000e+00 -5.706577e-03)
136.5         	2.734777e-04	(0.000000e+00 0.000000e+00 -5.706577e-03)
136.6         	2.734781e-04	(0.000000e+00 0.000000e+00 -5.706577e-03)
136.7         	2.734822e-04	(0.000000e+00 0.000000e+00 -5.706577e-03)
136.8         	2.734879e-04	(0.000000e+00 0.000000e+00 -5.706577e-03)
136.9         	2.734946e-04	(0.000000e+00 0.000000e+00 -5.706577e-03)
137           	2.735034e-04	(0.000000e+00 0.000000e+00 -5.706577e-03)
137.1         	2.735128e-04	(0.000000e+00 0.000000e+00 -5.706577e-03)
137.2         	2.735205e-04	(0.000000e+00 0.000000e+00 -5.706577e-03)
137.3         	2.735263e-04	(0.000000e+00 0.000000e+00 -5.706577e-03)
137.4         	2.735306e-04	(0.000000e+00 0.000000e+00 -5.706577e-03)
137.5         	2.735137e-04	(0.000000e+00 0.000000e+00 -5.706577e-03)
137.6         	2.733811e-04	(0.000000e+00 0.000000e+00 -5.706577e-03)
137.7         	2.733641e-04	(0.000000e+00 0.000000e+00 -5.706577e-03)
137.8         	2.733675e-04	(0.000000e+00 0.000000e+00 -5.706577e-03)
137.9         	2.733752e-04	(0.000000e+00 0.000000e+00 -5.706577e-03)
138           	2.733863e-04	(0.000000e+00 0.000000e+00 -5.706577e-03)
138.1         	2.733973e-04	(0.000000e+00 0.000000e+00 -5.706577e-03)
138.2         	2.734047e-04	(0.000000e+00 0.000000e+00 -5.706577e-03)
138.3         	2.734094e-04	(0.000000e+00 0.000000e+00 -5.706577e-03)
138.4         	2.733780e-04	(0.000000e+00 0.000000e+00 -5.706577e-03)
138.5         	2.733779e-04	(0.000000e+00 0.000000e+00 -5.706577e-03)
138.6         	2.733807e-04	(0.000000e+00 0.000000e+00 -5.706577e-03)
138.7         	2.733846e-04	(0.000000e+00 0.000000e+00 -5.706577e-03)
138.8         	2.733865e-04	(0.000000e+00 0.000000e+00 -5.706577e-03)
138.9         	2.733550e-04	(0.000000e+00 0.000000e+00 -5.706577e-03)
139           	2.732489e-04	(0.000000e+00 0.000000e+00 -5.706577e-03)
139.1         	2.732242e-04	(0.000000e+00 0.000000e+00 -5.706577e-03)
139.2         	2.732285e-04	(0.000000e+00 0.000000e+00 -5.706577e-03)
139.3         	2.732367e-04	(0.000000e+00 0.000000e+00 -5.706577e-03)
139.4         	2.732476e-04	(0.000000e+00 0.000000e+00 -5.706577e-03)
139.5         	2.732581e-04	(0.000000e+00 0.000000e+00 -5.706577e-03)
139.6         	2.732671e-04	(0.000000e+00 0.000000e+00 -5.706577e-03)
139.7         	2.732750e-04	(0.000000e+00 0.000000e+00 -5.706577e-03)
139.8         	2.732809e-04	(0.000000e+00 0.000000e+00 -5.706577e-03)
139.9         	2.732841e-04	(0.000000e+00 0.000000e+00 -5.706577e-03)
140           	2.732772e-04	(0.000000e+00 0.000000e+00 -5.706577e-03)
140.1         	2.732227e-04	(0.000000e+00 0.000000e+00 -5.706577e-03)
140.2         	2.732253e-04	(0.000000e+00 0.000000e+00 -5.706577e-03)
140.3         	2.732278e-04	(0.000000e+00 0.000000e+00 -5.706577e-03)
140.4         	2.732192e-04	(0.000000e+00 0.000000e+00 -5.706577e-03)
140.5         	2.731524e-04	(0.000000e+00 0.000000e+00 -5.706577e-03)
140.6         	2.731453e-04	(0.000000e+00 0.000000e+00 -5.706577e-03)
140.7         	2.731182e-04	(0.000000e+00 0.000000e+00 -5.706577e-03)
140.8         	2.730735e-04	(0.000000e+00 0.000000e+00 -5.706577e-03)
140.9         	2.730775e-04	(0.000000e+00 0.000000e+00 -5.706577e-03)
141           	2.730846e-04	(0.000000e+00 0.000000e+00 -5.706577e-03)
141.1         	2.730936e-04	(0.000000e+00 0.000000e+00 -5.706577e-03)
141.2         	2.731033e-04	(0.000000e+00 0.000000e+00 -5.706577e-03)
141.3         	2.731109e-04	(0.000000e+00 0.000000e+00 -5.706577e-03)
141.4         	2.731166e-04	(0.000000e+00 0.000000e+00 -5.706577e-03)
141.5         	2.731225e-04	(0.000000e+00 0.000000e+00 -5.706577e-03)
141.6         	2.731258e-04	(0.000000e+00 0.000000e+00 -5.706577e-03)
141.7         	2.731222e-04	(0.000000e+00 0.000000e+00 -5.706577e-03)
141.8         	2.729534e-04	(0.000000e+00 0.000000e+00 -5.706577e-03)
141.9         	2.729484e-04	(0.000000e+00 0.000000e+00 -5.706577e-03)
142           	2.729503e-04	(0.000000e+00 0.000000e+00 -5.706577e-03)
142.1         	2.729559e-04	(0.000000e+00 0.000000e+00 -5.706577e-03)
142.2         	2.729629e-04	(0.000000e+00 0.000000e+00 -5.706577e-03)
142.3         	2.729726e-04	(0.000000e+00 0.000000e+00 -5.706577e-03)
142.4         	2.729852e-04	(0.000000e+00 0.000000e+00 -5.706577e-03)
142.5         	2.729980e-04	(0.000000e+00 0.000000e+00 -5.706577e-03)
142.6         	2.730086e-04	(0.000000e+00 0.000000e+00 -5.706577e-03)
142.7         	2.730170e-04	(0.000000e+00 0.000000e+00 -5.706577e-03)
142.8         	2.730231e-04	(0.000000e+00 0.000000e+00 -5.706577e-03)
142.9         	2.730282e-04	(0.000000e+00 0.000000e+00 -5.706577e-03)
143           	2.730331e-04	(0.000000e+00 0.000000e+00 -5.706577e-03)
143.1         	2.730331e-04	(0.000000e+00 0.000000e+00 -5.706577e-03)
143.2         	2.729017e-04	(0.000000e+00 0.000000e+00 -5.706577e-03)
143.3         	2.728461e-04	(0.000000e+00 0.000000e+00 -5.706577e-03)
143.4         	2.728490e-04	(0.000000e+00 0.000000e+00 -5.706577e-03)
143.5         	2.728546e-04	(0.000000e+00 0.000000e+00 -5.706577e-03)
143.6         	2.728622e-04	(0.000000e+00 0.000000e+00 -5.706577e-03)
143.7         	2.728692e-04	(0.000000e+00 0.000000e+00 -5.706577e-03)
143.8         	2.728755e-04	(0.000000e+00 0.000000e+00 -5.706577e-03)
143.9         	2.728811e-04	(0.000000e+00 0.000000e+00 -5.706577e-03)
144           	2.728855e-04	(0.000000e+00 0.000000e+00 -5.706577e-03)
144.1         	2.728877e-04	(0.000000e+00 0.000000e+00 -5.706577e-03)
144.2         	2.728810e-04	(0.000000e+00 0.000000e+00 -5.706577e-03)
144.3         	2.728113e-04	(0.000000e+00 0.000000e+00 -5.706577e-03)
144.4         	2.728114e-04	(0.000000e+00 0.000000e+00 -5.706577e-03)
144.5         	2.728124e-04	(0.000000e+00 0.000000e+00 -5.706577e-03)
144.6         	2.728111e-04	(0.000000e+00 0.000000e+00 -5.706577e-03)
144.7         	2.727618e-04	(0.000000e+00 0.000000e+00 -5.706577e-03)
144.8         	2.727435e-04	(0.000000e+00 0.000000e+00 -5.706577e-03)
144.9         	2.727226e-04	(0.000000e+00 0.000000e+00 -5.706577e-03)
145           	2.727254e-04	(0.000000e+00 0.000000e+00 -5.706577e-03)
145.1         	2.727298e-04	(0.000000e+00 0.000000e+00 -5.706577e-03)
145.2         	2.727355e-04	(0.000000e+00 0.000000e+00 -5.706577e-03)
145.3         	2.727407e-04	(0.000000e+00 0.000000e+00 -5.706577e-03)
145.4         	2.727453e-04	(0.000000e+00 0.000000e+00 -5.706577e-03)
145.5         	2.727482e-04	(0.000000e+00 0.000000e+00 -5.706577e-03)
145.6         	2.727473e-04	(0.000000e+00 0.000000e+00 -5.706577e-03)
145.7         	2.724827e-04	(0.000000e+00 0.000000e+00 -5.706577e-03)
145.8         	2.724866e-04	(0.000000e+00 0.000000e+00 -5.706577e-03)
145.9         	2.725084e-04	(0.000000e+00 0.000000e+00 -5.706577e-03)
146           	2.727943e-04	(0.000000e+00 0.000000e+00 -5.706577e-03)
146.1         	2.727989e-04	(0.000000e+00 0.000000e+00 -5.706577e-03)
146.2         	2.728035e-04	(0.000000e+00 0.000000e+00 -5.706577e-03)
146.3         	2.727978e-04	(0.000000e+00 0.000000e+00 -5.706577e-03)
146.4         	2.725888e-04	(0.000000e+00 0.000000e+00 -5.706577e-03)
146.5         	2.725863e-04	(0.000000e+00 0.000000e+00 -5.706577e-03)
146.6         	2.725852e-04	(0.000000e+00 0.000000e+00 -5.706577e-03)
146.7         	2.725830e-04	(0.000000e+00 0.000000e+00 -5.706577e-03)
146.8         	2.725811e-04	(0.000000e+00 0.000000e+00 -5.706577e-03)
146.9         	2.725805e-04	(0.000000e+00 0.000000e+00 -5.706577e-03)
147           	2.725798e-04	(0.000000e+00 0.000000e+00 -5.706577e-03)
147.1         	2.725783e-04	(0.000000e+00 0.000000e+00 -5.706577e-03)
147.2         	2.725657e-04	(0.000000e+00 0.000000e+00 -5.706577e-03)
147.3         	2.725218e-04	(0.000000e+00 0.000000e+00 -5.706577e-03)
147.4         	2.725240e-04	(0.000000e+00 0.000000e+00 -5.706577e-03)
147.5         	2.725283e-04	(0.000000e+00 0.000000e+00 -5.706577e-03)
147.6         	2.725334e-04	(0.000000e+00 0.000000e+00 -5.706577e-03)
147.7         	2.725383e-04	(0.000000e+00 0.000000e+00 -5.706577e-03)
147.8         	2.725408e-04	(0.000000e+00 0.000000e+00 -5.706577e-03)
147.9         	2.725275e-04	(0.000000e+00 0.000000e+00 -5.706577e-03)
148           	2.724525e-04	(0.000000e+00 0.000000e+00 -5.706577e-03)
148.1         	2.724537e-04	(0.000000e+00 0.000000e+00 -5.706577e-03)
148.2         	2.724563e-04	(0.000000e+00 0.000000e+00 -5.706577e-03)
148.3         	2.724597e-04	(0.000000e+00 0.000000e+00 -5.706577e-03)
148.4         	2.724630e-04	(0.000000e+00 0.000000e+00 -5.706577e-03)
148.5         	2.724635e-04	(0.000000e+00 0.000000e+00 -5.706577e-03)
148.6         	2.724353e-04	(0.000000e+00 0.000000e+00 -5.706577e-03)
148.7         	2.724108e-04	(0.000000e+00 0.000000e+00 -5.706577e-03)
148.8         	2.723825e-04	(0.000000e+00 0.000000e+00 -5.706577e-03)
148.9         	2.723691e-04	(0.000000e+00 0.000000e+00 -5.706577e-03)
149           	2.723720e-04	(0.000000e+00 0.000000e+00 -5.706577e-03)
149.1         	2.723768e-04	(0.000000e+00 0.000000e+00 -5.706577e-03)
149.2         	2.723811e-04	(0.000000e+00 0.000000e+00 -5.706577e-03)
149.3         	2.723861e-04	(0.000000e+00 0.000000e+00 -5.706577e-03)
149.4         	2.723903e-04	(0.000000e+00 0.000000e+00 -5.706577e-03)
149.5         	2.723918e-04	(0.000000e+00 0.000000e+00 -5.706577e-03)
149.6         	2.723690e-04	(0.000000e+00 0.000000e+00 -5.706577e-03)
149.7         	2.723288e-04	(0.000000e+00 0.000000e+00 -5.706577e-03)
149.8         	2.723179e-04	(0.000000e+00 0.000000e+00 -5.706577e-03)
149.9         	2.722701e-04	(0.000000e+00 0.000000e+00 -5.706577e-03)
150           	2.722517e-04	(0.000000e+00 0.000000e+00 -5.706577e-03)
150.1         	2.722544e-04	(0.000000e+00 0.000000e+00 -5.706577e-03)
150.2         	2.722591e-04	(0.000000e+00 0.000000e+00 -5.706577e-03)
150.3         	2.722652e-04	(0.000000e+00 0.000000e+00 -5.706577e-03)
150.4         	2.722710e-04	(0.000000e+00 0.000000e+00 -5.706577e-03)
150.5         	2.722778e-04	(0.000000e+00 0.000000e+00 -5.706577e-03)
150.6         	2.722835e-04	(0.000000e+00 0.000000e+00 -5.706577e-03)
150.7         	2.722876e-04	(0.000000e+00 0.000000e+00 -5.706577e-03)
150.8         	2.722888e-04	(0.000000e+00 0.000000e+00 -5.706577e-03)
150.9         	2.722380e-04	(0.000000e+00 0.000000e+00 -5.706577e-03)
151           	2.722136e-04	(0.000000e+00 0.000000e+00 -5.706577e-03)
151.1         	2.721453e-04	(0.000000e+00 0.000000e+00 -5.706577e-03)
151.2         	2.721473e-04	(0.000000e+00 0.000000e+00 -5.706577e-03)
151.3         	2.721517e-04	(0.000000e+00 0.000000e+00 -5.706577e-03)
151.4         	2.721578e-04	(0.000000e+00 0.000000e+00 -5.706577e-03)
151.5         	2.721649e-04	(0.000000e+00 0.000000e+00 -5.706577e-03)
151.6         	2.721714e-04	(0.000000e+00 0.000000e+00 -5.706577e-03)
151.7         	2.721767e-04	(0.000000e+00 0.000000e+00 -5.706577e-03)
151.8         	2.721803e-04	(0.000000e+00 0.000000e+00 -5.706577e-03)
151.9         	2.721726e-04	(0.000000e+00 0.000000e+00 -5.706577e-03)
152           	2.721484e-04	(0.000000e+00 0.000000e+00 -5.706577e-03)
152.1         	2.721401e-04	(0.000000e+00 0.000000e+00 -5.706577e-03)
152.2         	2.720821e-04	(0.000000e+00 0.000000e+00 -5.706577e-03)
152.3         	2.720748e-04	(0.000000e+00 0.000000e+00 -5.706577e-03)
152.4         	2.720765e-04	(0.000000e+00 0.000000e+00 -5.706577e-03)
152.5         	2.720800e-04	(0.000000e+00 0.000000e+00 -5.706577e-03)
152.6         	2.720837e-04	(0.000000e+00 0.000000e+00 -5.706577e-03)
152.7         	2.720865e-04	(0.000000e+00 0.000000e+00 -5.706577e-03)
152.8         	2.720758e-04	(0.000000e+00 0.000000e+00 -5.706577e-03)
152.9         	2.720293e-04	(0.000000e+00 0.000000e+00 -5.706577e-03)
153           	2.720315e-04	(0.000000e+00 0.000000e+00 -5.706577e-03)
153.1         	2.720352e-04	(0.000000e+00 0.000000e+00 -5.706577e-03)
153.2         	2.720395e-04	(0.000000e+00 0.000000e+00 -5.706577e-03)
153.3         	2.720430e-04	(0.000000e+00 0.000000e+00 -5.706577e-03)
153.4         	2.720402e-04	(0.000000e+00 0.000000e+00 -5.706577e-03)
153.5         	2.717876e-04	(0.000000e+00 0.000000e+00 -5.706577e-03)
153.6         	2.717933e-04	(0.000000e+00 0.000000e+00 -5.706577e-03)
153.7         	2.718106e-04	(0.000000e+00 0.000000e+00 -5.706577e-03)
153.8         	2.718686e-04	(0.000000e+00 0.000000e+00 -5.706577e-03)
153.9         	2.720217e-04	(0.000000e+00 0.000000e+00 -5.706577e-03)
154           	2.720235e-04	(0.000000e+00 0.000000e+00 -5.706577e-03)
154.1         	2.720271e-04	(0.000000e+00 0.000000e+00 -5.706577e-03)
154.2         	2.720313e-04	(0.000000e+00 0.000000e+00 -5.706577e-03)
154.3         	2.720352e-04	(0.000000e+00 0.000000e+00 -5.706577e-03)
154.4         	2.720363e-04	(0.000000e+00 0.000000e+00 -5.706577e-03)
154.5         	2.720091e-04	(0.000000e+00 0.000000e+00 -5.706577e-03)
154.6         	2.718807e-04	(0.000000e+00 0.000000e+00 -5.706577e-03)
154.7         	2.718803e-04	(0.000000e+00 0.000000e+00 -5.706577e-03)
154.8         	2.718778e-04	(0.000000e+00 0.000000e+00 -5.706577e-03)
154.9         	2.717803e-04	(0.000000e+00 0.000000e+00 -5.706577e-03)
155           	2.717766e-04	(0.000000e+00 0.000000e+00 -5.706577e-03)
155.1         	2.717777e-04	(0.000000e+00 0.000000e+00 -5.706577e-03)
155.2         	2.717807e-04	(0.000000e+00 0.000000e+00 -5.706577e-03)
155.3         	2.717847e-04	(0.000000e+00 0.000000e+00 -5.706577e-03)
155.4         	2.717898e-04	(0.000000e+00 0.000000e+00 -5.706577e-03)
155.5         	2.717969e-04	(0.000000e+00 0.000000e+00 -5.706577e-03)
155.6         	2.718047e-04	(0.000000e+00 0.000000e+00 -5.706577e-03)
155.7         	2.718125e-04	(0.000000e+00 0.000000e+00 -5.706577e-03)
155.8         	2.718190e-04	(0.000000e+00 0.000000e+00 -5.706577e-03)
155.9         	2.718252e-04	(0.000000e+00 0.000000e+00 -5.706577e-03)
156           	2.718299e-04	(0.000000e+00 0.000000e+00 -5.706577e-03)
156.1         	2.718339e-04	(0.000000e+00 0.000000e+00 -5.706577e-03)
156.2         	2.718325e-04	(0.000000e+00 0.000000e+00 -5.706577e-03)
156.3         	2.717032e-04	(0.000000e+00 0.000000e+00 -5.706577e-03)
156.4         	2.716961e-04	(0.000000e+00 0.000000e+00 -5.706577e-03)
156.5         	2.716934e-04	(0.000000e+00 0.000000e+00 -5.706577e-03)
156.6         	2.716935e-04	(0.000000e+00 0.000000e+00 -5.706577e-03)
156.7         	2.716961e-04	(0.000000e+00 0.000000e+00 -5.706577e-03)
156.8         	2.716996e-04	(0.000000e+00 0.000000e+00 -5.706577e-03)
156.9         	2.717044e-04	(0.000000e+00 0.000000e+00 -5.706577e-03)
157           	2.717093e-04	(0.000000e+00 0.000000e+00 -5.706577e-03)
157.1         	2.717127e-04	(0.000000e+00 0.000000e+00 -5.706577e-03)
157.2         	2.717042e-04	(0.000000e+00 0.000000e+00 -5.706577e-03)
157.3         	2.716622e-04	(0.000000e+00 0.000000e+00 -5.706577e-03)
157.4         	2.716615e-04	(0.000000e+00 0.000000e+00 -5.706577e-03)
157.5         	2.716602e-04	(0.000000e+00 0.000000e+00 -5.706577e-03)
157.6         	2.716536e-04	(0.000000e+00 0.000000e+00 -5.706577e-03)
157.7         	2.715847e-04	(0.000000e+00 0.000000e+00 -5.706577e-03)
157.8         	2.715690e-04	(0.000000e+00 0.000000e+00 -5.706577e-03)
157.9         	2.715695e-04	(0.000000e+00 0.000000e+00 -5.706577e-03)
158           	2.715723e-04	(0.000000e+00 0.000000e+00 -5.706577e-03)
158.1         	2.715763e-04	(0.000000e+00 0.000000e+00 -5.706577e-03)
158.2         	2.715814e-04	(0.000000e+00 0.000000e+00 -5.706577e-03)
158.3         	2.715853e-04	(0.000000e+00 0.000000e+00 -5.706577e-03)
158.4         	2.715880e-04	(0.000000e+00 0.000000e+00 -5.706577e-03)
158.5         	2.715889e-04	(0.000000e+00 0.000000e+00 -5.706577e-03)
158.6         	2.715803e-04	(0.000000e+00 0.000000e+00 -5.706577e-03)
158.7         	2.715165e-04	(0.000000e+00 0.000000e+00 -5.706577e-03)
158.8         	2.715176e-04	(0.000000e+00 0.000000e+00 -5.706577e-03)
158.9         	2.715203e-04	(0.000000e+00 0.000000e+00 -5.706577e-03)
159           	2.715236e-04	(0.000000e+00 0.000000e+00 -5.706577e-03)
159.1         	2.715255e-04	(0.000000e+00 0.000000e+00 -5.706577e-03)
159.2         	2.715188e-04	(0.000000e+00 0.000000e+00 -5.706577e-03)
159.3         	2.714593e-04	(0.000000e+00 0.000000e+00 -5.706577e-03)
159.4         	2.714612e-04	(0.000000e+00 0.000000e+00 -5.706577e-03)
159.5         	2.714644e-04	(0.000000e+00 0.000000e+00 -5.706577e-03)
159.6         	2.714666e-04	(0.000000e+00 0.000000e+00 -5.706577e-03)
159.7         	2.714665e-04	(0.000000e+00 0.000000e+00 -5.706577e-03)
159.8         	2.714596e-04	(0.000000e+00 0.000000e+00 -5.706577e-03)
159.9         	2.714090e-04	(0.000000e+00 0.000000e+00 -5.706577e-03)
160           	2.714024e-04	(0.000000e+00 0.000000e+00 -5.706577e-03)
160.1         	2.714005e-04	(0.000000e+00 0.000000e+00 -5.706577e-03)
160.2         	2.714006e-04	(0.000000e+00 0.000000e+00 -5.706577e-03)
160.3         	2.714015e-04	(0.000000e+00 0.000000e+00 -5.706577e-03)
160.4         	2.714031e-04	(0.000000e+00 0.000000e+00 -5.706577e-03)
160.5         	2.714009e-04	(0.000000e+00 0.000000e+00 -5.706577e-03)
160.6         	2.713684e-04	(0.000000e+00 0.000000e+00 -5.706577e-03)
160.7         	2.713566e-04	(0.000000e+00 0.000000e+00 -5.706577e-03)
160.8         	2.713155e-04	(0.000000e+00 0.000000e+00 -5.706577e-03)
160.9         	2.713173e-04	(0.000000e+00 0.000000e+00 -5.706577e-03)
161           	2.713206e-04	(0.000000e+00 0.000000e+00 -5.706577e-03)
161.1         	2.713249e-04	(0.000000e+00 0.000000e+00 -5.706577e-03)
161.2         	2.713296e-04	(0.000000e+00 0.000000e+00 -5.706577e-03)
161.3         	2.713336e-04	(0.000000e+00 0.000000e+00 -5.706577e-03)
161.4         	2.713364e-04	(0.000000e+00 0.000000e+00 -5.706577e-03)
161.5         	2.713335e-04	(0.000000e+00 0.000000e+00 -5.706577e-03)
161.6         	2.712805e-04	(0.000000e+00 0.000000e+00 -5.706577e-03)
161.7         	2.712734e-04	(0.000000e+00 0.000000e+00 -5.706577e-03)
161.8         	2.712406e-04	(0.000000e+00 0.000000e+00 -5.706577e-03)
161.9         	2.712309e-04	(0.000000e+00 0.000000e+00 -5.706577e-03)
162           	2.712320e-04	(0.000000e+00 0.000000e+00 -5.706577e-03)
162.1         	2.712345e-04	(0.000000e+00 0.000000e+00 -5.706577e-03)
162.2         	2.712377e-04	(0.000000e+00 0.000000e+00 -5.706577e-03)
162.3         	2.712413e-04	(0.000000e+00 0.000000e+00 -5.706577e-03)
162.4         	2.712437e-04	(0.000000e+00 0.000000e+00 -5.706577e-03)
162.5         	2.712416e-04	(0.000000e+00 0.000000e+00 -5.706577e-03)
162.6         	2.711819e-04	(0.000000e+00 0.000000e+00 -5.706577e-03)
162.7         	2.711629e-04	(0.000000e+00 0.000000e+00 -5.706577e-03)
162.8         	2.711640e-04	(0.000000e+00 0.000000e+00 -5.706577e-03)
162.9         	2.711669e-04	(0.000000e+00 0.000000e+00 -5.706577e-03)
163           	2.711708e-04	(0.000000e+00 0.000000e+00 -5.706577e-03)
163.1         	2.711749e-04	(0.000000e+00 0.000000e+00 -5.706577e-03)
163.2         	2.711773e-04	(0.000000e+00 0.000000e+00 -5.706577e-03)
163.3         	2.711492e-04	(0.000000e+00 0.000000e+00 -5.706577e-03)
163.4         	2.711308e-04	(0.000000e+00 0.000000e+00 -5.706577e-03)
163.5         	2.711063e-04	(0.000000e+00 0.000000e+00 -5.706577e-03)
163.6         	2.711081e-04	(0.000000e+00 0.000000e+00 -5.706577e-03)
163.7         	2.711115e-04	(0.000000e+00 0.000000e+00 -5.706577e-03)
163.8         	2.711158e-04	(0.000000e+00 0.000000e+00 -5.706577e-03)
163.9         	2.711189e-04	(0.000000e+00 0.000000e+00 -5.706577e-03)
164           	2.711189e-04	(0.000000e+00 0.000000e+00 -5.706577e-03)
164.1         	2.711039e-04	(0.000000e+00 0.000000e+00 -5.706577e-03)
164.2         	2.710487e-04	(0.000000e+00 0.000000e+00 -5.706577e-03)
164.3         	2.710476e-04	(0.000000e+00 0.000000e+00 -5.706577e-03)
164.4         	2.710425e-04	(0.000000e+00 0.000000e+00 -5.706577e-03)
164.5         	2.709947e-04	(0.000000e+00 0.000000e+00 -5.706577e-03)
164.6         	2.709917e-04	(0.000000e+00 0.000000e+00 -5.706577e-03)
164.7         	2.709938e-04	(0.000000e+00 0.000000e+00 -5.706577e-03)
164.8         	2.709975e-04	(0.000000e+00 0.000000e+00 -5.706577e-03)
164.9         	2.710015e-04	(0.000000e+00 0.000000e+00 -5.706577e-03)
165           	2.710055e-04	(0.000000e+00 0.000000e+00 -5.706577e-03)
165.1         	2.710094e-04	(0.000000e+00 0.000000e+00 -5.706577e-03)
165.2         	2.710127e-04	(0.000000e+00 0.000000e+00 -5.706577e-03)
165.3         	2.710150e-04	(0.000000e+00 0.000000e+00 -5.706577e-03)
165.4         	2.710061e-04	(0.000000e+00 0.000000e+00 -5.706577e-03)
165.5         	2.709468e-04	(0.000000e+00 0.000000e+00 -5.706577e-03)
165.6         	2.709479e-04	(0.000000e+00 0.000000e+00 -5.706577e-03)
165.7         	2.709482e-04	(0.000000e+00 0.000000e+00 -5.706577e-03)
165.8         	2.709476e-04	(0.000000e+00 0.000000e+00 -5.706577e-03)
165.9         	2.709323e-04	(0.000000e+00 0.000000e+00 -5.706577e-03)
166           	2.708967e-04	(0.000000e+00 0.000000e+00 -5.706577e-03)
166.1         	2.708953e-04	(0.000000e+00 0.000000e+00 -5.706577e-03)
166.2         	2.708888e-04	(0.000000e+00 0.000000e+00 -5.706577e-03)
166.3         	2.708633e-04	(0.000000e+00 0.000000e+00 -5.706577e-03)
166.4         	2.708634e-04	(0.000000e+00 0.000000e+00 -5.706577e-03)
166.5         	2.708647e-04	(0.000000e+00 0.000000e+00 -5.706577e-03)
166.6         	2.708663e-04	(0.000000e+00 0.000000e+00 -5.706577e-03)
166.7         	2.708685e-04	(0.000000e+00 0.000000e+00 -5.706577e-03)
166.8         	2.708707e-04	(0.000000e+00 0.000000e+00 -5.706577e-03)
166.9         	2.708719e-04	(0.000000e+00 0.000000e+00 -5.706577e-03)
167           	2.708696e-04	(0.000000e+00 0.000000e+00 -5.706577e-03)
167.1         	2.708196e-04	(0.000000e+00 0.000000e+00 -5.706577e-03)
167.2         	2.708084e-04	(0.000000e+00 0.000000e+00 -5.706577e-03)
167.3         	2.707890e-04	(0.000000e+00 0.000000e+00 -5.706577e-03)
167.4         	2.707829e-04	(0.000000e+00 0.000000e+00 -5.706577e-03)
167.5         	2.707795e-04	(0.000000e+00 0.000000e+00 -5.706577e-03)
167.6         	2.707788e-04	(0.000000e+00 0.000000e+00 -5.706577e-03)
167.7         	2.707784e-04	(0.000000e+00 0.000000e+00 -5.706577e-03)
167.8         	2.707778e-04	(0.000000e+00 0.000000e+00 -5.706577e-03)
167.9         	2.707755e-04	(0.000000e+00 0.000000e+00 -5.706577e-03)
168           	2.707564e-04	(0.000000e+00 0.000000e+00 -5.706577e-03)
168.1         	2.707177e-04	(0.000000e+00 0.000000e+00 -5.706577e-03)
168.2         	2.707186e-04	(0.000000e+00 0.000000e+00 -5.706577e-03)
168.3         	2.707208e-04	(0.000000e+00 0.000000e+00 -5.706577e-03)
168.4         	2.707232e-04	(0.000000e+00 0.000000e+00 -5.706577e-03)
168.5         	2.707243e-04	(0.000000e+00 0.000000e+00 -5.706577e-03)
168.6         	2.707226e-04	(0.000000e+00 0.000000e+00 -5.706577e-03)
168.7         	2.706808e-04	(0.000000e+00 0.000000e+00 -5.706577e-03)
168.8         	2.706753e-04	(0.000000e+00 0.000000e+00 -5.706577e-03)
168.9         	2.706689e-04	(0.000000e+00 0.000000e+00 -5.706577e-03)
169           	2.706545e-04	(0.000000e+00 0.000000e+00 -5.706577e-03)
169.1         	2.706540e-04	(0.000000e+00 0.000000e+00 -5.706577e-03)
169.2         	2.706552e-04	(0.000000e+00 0.000000e+00 -5.706577e-03)
169.3         	2.706567e-04	(0.000000e+00 0.000000e+00 -5.706577e-03)
169.4         	2.706572e-04	(0.000000e+00 0.000000e+00 -5.706577e-03)
169.5         	2.706507e-04	(0.000000e+00 0.000000e+00 -5.706577e-03)
169.6         	2.705582e-04	(0.000000e+00 0.000000e+00 -5.706577e-03)
169.7         	2.705583e-04	(0.000000e+00 0.000000e+00 -5.706577e-03)
169.8         	2.705604e-04	(0.000000e+00 0.000000e+00 -5.706577e-03)
169.9         	2.705635e-04	(0.000000e+00 0.000000e+00 -5.706577e-03)
170           	2.705664e-04	(0.000000e+00 0.000000e+00 -5.706577e-03)
170.1         	2.705689e-04	(0.000000e+00 0.000000e+00 -5.706577e-03)
170.2         	2.705716e-04	(0.000000e+00 0.000000e+00 -5.706577e-03)
170.3         	2.705745e-04	(0.000000e+00 0.000000e+00 -5.706577e-03)
170.4         	2.705779e-04	(0.000000e+00 0.000000e+00 -5.706577e-03)
170.5         	2.705811e-04	(0.000000e+00 0.000000e+00 -5.706577e-03)
170.6         	2.705824e-04	(0.000000e+00 0.000000e+00 -5.706577e-03)
170.7         	2.705614e-04	(0.000000e+00 0.000000e+00 -5.706577e-03)
170.8         	2.705307e-04	(0.000000e+00 0.000000e+00 -5.706577e-03)
170.9         	2.704743e-04	(0.000000e+00 0.000000e+00 -5.706577e-03)
171           	2.704648e-04	(0.000000e+00 0.000000e+00 -5.706577e-03)
171.1         	2.704640e-04	(0.000000e+00 0.000000e+00 -5.706577e-03)
171.2         	2.704663e-04	(0.000000e+00 0.000000e+00 -5.706577e-03)
171.3         	2.704693e-04	(0.000000e+00 0.000000e+00 -5.706577e-03)
171.4         	2.704719e-04	(0.000000e+00 0.000000e+00 -5.706577e-03)
171.5         	2.704740e-04	(0.000000e+00 0.000000e+00 -5.706577e-03)
171.6         	2.704753e-04	(0.000000e+00 0.000000e+00 -5.706577e-03)
171.7         	2.704752e-04	(0.000000e+00 0.000000e+00 -5.706577e-03)
171.8         	2.704698e-04	(0.000000e+00 0.000000e+00 -5.706577e-03)
171.9         	2.703856e-04	(0.000000e+00 0.000000e+00 -5.706577e-03)
172           	2.703860e-04	(0.000000e+00 0.000000e+00 -5.706577e-03)
172.1         	2.703879e-04	(0.000000e+00 0.000000e+00 -5.706577e-03)
172.2         	2.703913e-04	(0.000000e+00 0.000000e+00 -5.706577e-03)
172.3         	2.703947e-04	(0.000000e+00 0.000000e+00 -5.706577e-03)
172.4         	2.703972e-04	(0.000000e+00 0.000000e+00 -5.706577e-03)
172.5         	2.703991e-04	(0.000000e+00 0.000000e+00 -5.706577e-03)
172.6         	2.703997e-04	(0.000000e+00 0.000000e+00 -5.706577e-03)
172.7         	2.703918e-04	(0.000000e+00 0.000000e+00 -5.706577e-03)
172.8         	2.703582e-04	(0.000000e+00 0.000000e+00 -5.706577e-03)
172.9         	2.703259e-04	(0.000000e+00 0.000000e+00 -5.706577e-03)
173           	2.703142e-04	(0.000000e+00 0.000000e+00 -5.706577e-03)
173.1         	2.703134e-04	(0.000000e+00 0.000000e+00 -5.706577e-03)
173.2         	2.703150e-04	(0.000000e+00 0.000000e+00 -5.706577e-03)
173.3         	2.703168e-04	(0.000000e+00 0.000000e+00 -5.706577e-03)
173.4         	2.703176e-04	(0.000000e+00 0.000000e+00 -5.706577e-03)
173.5         	2.703175e-04	(0.000000e+00 0.000000e+00 -5.706577e-03)
173.6         	2.703144e-04	(0.000000e+00 0.000000e+00 -5.706577e-03)
173.7         	2.702591e-04	(0.000000e+00 0.000000e+00 -5.706577e-03)
173.8         	2.702520e-04	(0.000000e+00 0.000000e+00 -5.706577e-03)
173.9         	2.702488e-04	(0.000000e+00 0.000000e+00 -5.706577e-03)
174           	2.702506e-04	(0.000000e+00 0.000000e+00 -5.706577e-03)
174.1         	2.702532e-04	(0.000000e+00 0.000000e+00 -5.706577e-03)
174.2         	2.702551e-04	(0.000000e+00 0.000000e+00 -5.706577e-03)
174.3         	2.702564e-04	(0.000000e+00 0.000000e+00 -5.706577e-03)
174.4         	2.702556e-04	(0.000000e+00 0.000000e+00 -5.706577e-03)
174.5         	2.702455e-04	(0.000000e+00 0.000000e+00 -5.706577e-03)
174.6         	2.701839e-04	(0.000000e+00 0.000000e+00 -5.706577e-03)
174.7         	2.701853e-04	(0.000000e+00 0.000000e+00 -5.706577e-03)
174.8         	2.701878e-04	(0.000000e+00 0.000000e+00 -5.706577e-03)
174.9         	2.701905e-04	(0.000000e+00 0.000000e+00 -5.706577e-03)
175           	2.701925e-04	(0.000000e+00 0.000000e+00 -5.706577e-03)
175.1         	2.701904e-04	(0.000000e+00 0.000000e+00 -5.706577e-03)
175.2         	2.701760e-04	(0.000000e+00 0.000000e+00 -5.706577e-03)
175.3         	2.701393e-04	(0.000000e+00 0.000000e+00 -5.706577e-03)
175.4         	2.701381e-04	(0.000000e+00 0.000000e+00 -5.706577e-03)
175.5         	2.701380e-04	(0.000000e+00 0.000000e+00 -5.706577e-03)
175.6         	2.701386e-04	(0.000000e+00 0.000000e+00 -5.706577e-03)
175.7         	2.701373e-04	(0.000000e+00 0.000000e+00 -5.706577e-03)
175.8         	2.701241e-04	(0.000000e+00 0.000000e+00 -5.706577e-03)
175.9         	2.700927e-04	(0.000000e+00 0.000000e+00 -5.706577e-03)
176           	2.700919e-04	(0.000000e+00 0.000000e+00 -5.706577e-03)
176.1         	2.700907e-04	(0.000000e+00 0.000000e+00 -5.706577e-03)
176.2         	2.700906e-04	(0.000000e+00 0.000000e+00 -5.706577e-03)
176.3         	2.700879e-04	(0.000000e+00 0.000000e+00 -5.706577e-03)
176.4         	2.700772e-04	(0.000000e+00 0.000000e+00 -5.706577e-03)
176.5         	2.700373e-04	(0.000000e+00 0.000000e+00 -5.706577e-03)
176.6         	2.700343e-04	(0.000000e+00 0.000000e+00 -5.706577e-03)
176.7         	2.700345e-04	(0.000000e+00 0.000000e+00 -5.706577e-03)
176.8         	2.700366e-04	(0.000000e+00 0.000000e+00 -5.706577e-03)
176.9         	2.700382e-04	(0.000000e+00 0.000000e+00 -5.706577e-03)
177           	2.700387e-04	(0.000000e+00 0.000000e+00 -5.706577e-03)
177.1         	2.700369e-04	(0.000000e+00 0.000000e+00 -5.706577e-03)
177.2         	2.700276e-04	(0.000000e+00 0.000000e+00 -5.706577e-03)
177.3         	2.699801e-04	(0.000000e+00 0.000000e+00 -5.706577e-03)
177.4         	2.699758e-04	(0.000000e+00 0.000000e+00 -5.706577e-03)
177.5         	2.699729e-04	(0.000000e+00 0.000000e+00 -5.706577e-03)
177.6         	2.699730e-04	(0.000000e+00 0.000000e+00 -5.706577e-03)
177.7         	2.699731e-04	(0.000000e+00 0.000000e+00 -5.706577e-03)
177.8         	2.699730e-04	(0.000000e+00 0.000000e+00 -5.706577e-03)
177.9         	2.699701e-04	(0.000000e+00 0.000000e+00 -5.706577e-03)
178           	2.699571e-04	(0.000000e+00 0.000000e+00 -5.706577e-03)
178.1         	2.699217e-04	(0.000000e+00 0.000000e+00 -5.706577e-03)
178.2         	2.699205e-04	(0.000000e+00 0.000000e+00 -5.706577e-03)
178.3         	2.699189e-04	(0.000000e+00 0.000000e+00 -5.706577e-03)
178.4         	2.699179e-04	(0.000000e+00 0.000000e+00 -5.706577e-03)
178.5         	2.699150e-04	(0.000000e+00 0.000000e+00 -5.706577e-03)
178.6         	2.699067e-04	(0.000000e+00 0.000000e+00 -5.706577e-03)
178.7         	2.698784e-04	(0.000000e+00 0.000000e+00 -5.706577e-03)
178.8         	2.698750e-04	(0.000000e+00 0.000000e+00 -5.706577e-03)
178.9         	2.698721e-04	(0.000000e+00 0.000000e+00 -5.706577e-03)
179           	2.698719e-04	(0.000000e+00 0.000000e+00 -5.706577e-03)
179.1         	2.698691e-04	(0.000000e+00 0.000000e+00 -5.706577e-03)
179.2         	2.698594e-04	(0.000000e+00 0.000000e+00 -5.706577e-03)
179.3         	2.698307e-04	(0.000000e+00 0.000000e+00 -5.706577e-03)
179.4         	2.698292e-04	(0.000000e+00 0.000000e+00 -5.706577e-03)
179.5         	2.698291e-04	(0.000000e+00 0.000000e+00 -5.706577e-03)
179.6         	2.698297e-04	(0.000000e+00 0.000000e+00 -5.706577e-03)
179.7         	2.698294e-04	(0.000000e+00 0.000000e+00 -5.706577e-03)
179.8         	2.698252e-04	(0.000000e+00 0.000000e+00 -5.706577e-03)
179.9         	2.697929e-04	(0.000000e+00 0.000000e+00 -5.706577e-03)
180           	2.697778e-04	(0.000000e+00 0.000000e+00 -5.706577e-03)
180.1         	2.697763e-04	(0.000000e+00 0.000000e+00 -5.706577e-03)
180.2         	2.697775e-04	(0.000000e+00 0.000000e+00 -5.706577e-03)
180.3         	2.697786e-04	(0.000000e+00 0.000000e+00 -5.706577e-03)
180.4         	2.697775e-04	(0.000000e+00 0.000000e+00 -5.706577e-03)
180.5         	2.697714e-04	(0.000000e+00 0.000000e+00 -5.706577e-03)
180.6         	2.697426e-04	(0.000000e+00 0.000000e+00 -5.706577e-03)
180.7         	2.697258e-04	(0.000000e+00 0.000000e+00 -5.706577e-03)
180.8         	2.697259e-04	(0.000000e+00 0.000000e+00 -5.706577e-03)
180.9         	2.697263e-04	(0.000000e+00 0.000000e+00 -5.706577e-03)
181           	2.697264e-04	(0.000000e+00 0.000000e+00 -5.706577e-03)
181.1         	2.697240e-04	(0.000000e+00 0.000000e+00 -5.706577e-03)
181.2         	2.697199e-04	(0.000000e+00 0.000000e+00 -5.706577e-03)
181.3         	2.696893e-04	(0.000000e+00 0.000000e+00 -5.706577e-03)
181.4         	2.696813e-04	(0.000000e+00 0.000000e+00 -5.706577e-03)
181.5         	2.696778e-04	(0.000000e+00 0.000000e+00 -5.706577e-03)
181.6         	2.696706e-04	(0.000000e+00 0.000000e+00 -5.706577e-03)
181.7         	2.696652e-04	(0.000000e+00 0.000000e+00 -5.706577e-03)
181.8         	2.696599e-04	(0.000000e+00 0.000000e+00 -5.706577e-03)
181.9         	2.696469e-04	(0.000000e+00 0.000000e+00 -5.706577e-03)
182           	2.696348e-04	(0.000000e+00 0.000000e+00 -5.706577e-03)
182.1         	2.696289e-04	(0.000000e+00 0.000000e+00 -5.706577e-03)
182.2         	2.696256e-04	(0.000000e+00 0.000000e+00 -5.706577e-03)
182.3         	2.696222e-04	(0.000000e+00 0.000000e+00 -5.706577e-03)
182.4         	2.696208e-04	(0.000000e+00 0.000000e+00 -5.706577e-03)
182.5         	2.696194e-04	(0.000000e+00 0.000000e+00 -5.706577e-03)
182.6         	2.696027e-04	(0.000000e+00 0.000000e+00 -5.706577e-03)
182.7         	2.695728e-04	(0.000000e+00 0.000000e+00 -5.706577e-03)
182.8         	2.695717e-04	(0.000000e+00 0.000000e+00 -5.706577e-03)
182.9         	2.695716e-04	(0.000000e+00 0.000000e+00 -5.706577e-03)
183           	2.695711e-04	(0.000000e+00 0.000000e+00 -5.706577e-03)
183.1         	2.695690e-04	(0.000000e+00 0.000000e+00 -5.706577e-03)
183.2         	2.695632e-04	(0.000000e+00 0.000000e+00 -5.706577e-03)
183.3         	2.695570e-04	(0.000000e+00 0.000000e+00 -5.706577e-03)
183.4         	2.695329e-04	(0.000000e+00 0.000000e+00 -5.706577e-03)
183.5         	2.695192e-04	(0.000000e+00 0.000000e+00 -5.706577e-03)
183.6         	2.695093e-04	(0.000000e+00 0.000000e+00 -5.706577e-03)
183.7         	2.695076e-04	(0.000000e+00 0.000000e+00 -5.706577e-03)
183.8         	2.695064e-04	(0.000000e+00 0.000000e+00 -5.706577e-03)
183.9         	2.695068e-04	(0.000000e+00 0.000000e+00 -5.706577e-03)
184           	2.695066e-04	(0.000000e+00 0.000000e+00 -5.706577e-03)
184.1         	2.694999e-04	(0.000000e+00 0.000000e+00 -5.706577e-03)
184.2         	2.694808e-04	(0.000000e+00 0.000000e+00 -5.706577e-03)
184.3         	2.694612e-04	(0.000000e+00 0.000000e+00 -5.706577e-03)
184.4         	2.694574e-04	(0.000000e+00 0.000000e+00 -5.706577e-03)
184.5         	2.694564e-04	(0.000000e+00 0.000000e+00 -5.706577e-03)
184.6         	2.694554e-04	(0.000000e+00 0.000000e+00 -5.706577e-03)
184.7         	2.694554e-04	(0.000000e+00 0.000000e+00 -5.706577e-03)
184.8         	2.694540e-04	(0.000000e+00 0.000000e+00 -5.706577e-03)
184.9         	2.694455e-04	(0.000000e+00 0.000000e+00 -5.706577e-03)
185           	2.694032e-04	(0.000000e+00 0.000000e+00 -5.706577e-03)
185.1         	2.693997e-04	(0.000000e+00 0.000000e+00 -5.706577e-03)
185.2         	2.693991e-04	(0.000000e+00 0.000000e+00 -5.706577e-03)
185.3         	2.693997e-04	(0.000000e+00 0.000000e+00 -5.706577e-03)
185.4         	2.694004e-04	(0.000000e+00 0.000000e+00 -5.706577e-03)
185.5         	2.693987e-04	(0.000000e+00 0.000000e+00 -5.706577e-03)
185.6         	2.693851e-04	(0.000000e+00 0.000000e+00 -5.706577e-03)
185.7         	2.693622e-04	(0.000000e+00 0.000000e+00 -5.706577e-03)
185.8         	2.693597e-04	(0.000000e+00 0.000000e+00 -5.706577e-03)
185.9         	2.693563e-04	(0.000000e+00 0.000000e+00 -5.706577e-03)
186           	2.693556e-04	(0.000000e+00 0.000000e+00 -5.706577e-03)
186.1         	2.693546e-04	(0.000000e+00 0.000000e+00 -5.706577e-03)
186.2         	2.693493e-04	(0.000000e+00 0.000000e+00 -5.706577e-03)
186.3         	2.693276e-04	(0.000000e+00 0.000000e+00 -5.706577e-03)
186.4         	2.692993e-04	(0.000000e+00 0.000000e+00 -5.706577e-03)
186.5         	2.692910e-04	(0.000000e+00 0.000000e+00 -5.706577e-03)
186.6         	2.692904e-04	(0.000000e+00 0.000000e+00 -5.706577e-03)
186.7         	2.692915e-04	(0.000000e+00 0.000000e+00 -5.706577e-03)
186.8         	2.692928e-04	(0.000000e+00 0.000000e+00 -5.706577e-03)
186.9         	2.692916e-04	(0.000000e+00 0.000000e+00 -5.706577e-03)
187           	2.692897e-04	(0.000000e+00 0.000000e+00 -5.706577e-03)
187.1         	2.692864e-04	(0.000000e+00 0.000000e+00 -5.706577e-03)
187.2         	2.692809e-04	(0.000000e+00 0.000000e+00 -5.706577e-03)
187.3         	2.692672e-04	(0.000000e+00 0.000000e+00 -5.706577e-03)
187.4         	2.692567e-04	(0.000000e+00 0.000000e+00 -5.706577e-03)
187.5         	2.692252e-04	(0.000000e+00 0.000000e+00 -5.706577e-03)
187.6         	2.692056e-04	(0.000000e+00 0.000000e+00 -5.706577e-03)
187.7         	2.692047e-04	(0.000000e+00 0.000000e+00 -5.706577e-03)
187.8         	2.692050e-04	(0.000000e+00 0.000000e+00 -5.706577e-03)
187.9         	2.692053e-04	(0.000000e+00 0.000000e+00 -5.706577e-03)
188           	2.692064e-04	(0.000000e+00 0.000000e+00 -5.706577e-03)
188.1         	2.692068e-04	(0.000000e+00 0.000000e+00 -5.706577e-03)
188.2         	2.692067e-04	(0.000000e+00 0.000000e+00 -5.706577e-03)
188.3         	2.692000e-04	(0.000000e+00 0.000000e+00 -5.706577e-03)
188.4         	2.691683e-04	(0.000000e+00 0.000000e+00 -5.706577e-03)
188.5         	2.691415e-04	(0.000000e+00 0.000000e+00 -5.706577e-03)
188.6         	2.691396e-04	(0.000000e+00 0.000000e+00 -5.706577e-03)
188.7         	2.691403e-04	(0.000000e+00 0.000000e+00 -5.706577e-03)
188.8         	2.691421e-04	(0.000000e+00 0.000000e+00 -5.706577e-03)
188.9         	2.691442e-04	(0.000000e+00 0.000000e+00 -5.706577e-03)
189           	2.691458e-04	(0.000000e+00 0.000000e+00 -5.706577e-03)
189.1         	2.691460e-04	(0.000000e+00 0.000000e+00 -5.706577e-03)
189.2         	2.691375e-04	(0.000000e+00 0.000000e+00 -5.706577e-03)
189.3         	2.691119e-04	(0.000000e+00 0.000000e+00 -5.706577e-03)
189.4         	2.690879e-04	(0.000000e+00 0.000000e+00 -5.706577e-03)
189.5         	2.690855e-04	(0.000000e+00 0.000000e+00 -5.706577e-03)
189.6         	2.690813e-04	(0.000000e+00 0.000000e+00 -5.706577e-03)
189.7         	2.690800e-04	(0.000000e+00 0.000000e+00 -5.706577e-03)
189.8         	2.690770e-04	(0.000000e+00 0.000000e+00 -5.706577e-03)
189.9         	2.690757e-04	(0.000000e+00 0.000000e+00 -5.706577e-03)
190           	2.690677e-04	(0.000000e+00 0.000000e+00 -5.706577e-03)
190.1         	2.690436e-04	(0.000000e+00 0.000000e+00 -5.706577e-03)
190.2         	2.690287e-04	(0.000000e+00 0.000000e+00 -5.706577e-03)
190.3         	2.690278e-04	(0.000000e+00 0.000000e+00 -5.706577e-03)
190.4         	2.690287e-04	(0.000000e+00 0.000000e+00 -5.706577e-03)
190.5         	2.690299e-04	(0.000000e+00 0.000000e+00 -5.706577e-03)
190.6         	2.690299e-04	(0.000000e+00 0.000000e+00 -5.706577e-03)
190.7         	2.690296e-04	(0.000000e+00 0.000000e+00 -5.706577e-03)
190.8         	2.690192e-04	(0.000000e+00 0.000000e+00 -5.706577e-03)
190.9         	2.689984e-04	(0.000000e+00 0.000000e+00 -5.706577e-03)
191           	2.689873e-04	(0.000000e+00 0.000000e+00 -5.706577e-03)
191.1         	2.689795e-04	(0.000000e+00 0.000000e+00 -5.706577e-03)
191.2         	2.689703e-04	(0.000000e+00 0.000000e+00 -5.706577e-03)
191.3         	2.689621e-04	(0.000000e+00 0.000000e+00 -5.706577e-03)
191.4         	2.689593e-04	(0.000000e+00 0.000000e+00 -5.706577e-03)
191.5         	2.689580e-04	(0.000000e+00 0.000000e+00 -5.706577e-03)
191.6         	2.689574e-04	(0.000000e+00 0.000000e+00 -5.706577e-03)
191.7         	2.689535e-04	(0.000000e+00 0.000000e+00 -5.706577e-03)
191.8         	2.689510e-04	(0.000000e+00 0.000000e+00 -5.706577e-03)
191.9         	2.689387e-04	(0.000000e+00 0.000000e+00 -5.706577e-03)
192           	2.688993e-04	(0.000000e+00 0.000000e+00 -5.706577e-03)
192.1         	2.688941e-04	(0.000000e+00 0.000000e+00 -5.706577e-03)
192.2         	2.688946e-04	(0.000000e+00 0.000000e+00 -5.706577e-03)
192.3         	2.688947e-04	(0.000000e+00 0.000000e+00 -5.706577e-03)
192.4         	2.688946e-04	(0.000000e+00 0.000000e+00 -5.706577e-03)
192.5         	2.688923e-04	(0.000000e+00 0.000000e+00 -5.706577e-03)
192.6         	2.688904e-04	(0.000000e+00 0.000000e+00 -5.706577e-03)
192.7         	2.688872e-04	(0.000000e+00 0.000000e+00 -5.706577e-03)
192.8         	2.688841e-04	(0.000000e+00 0.000000e+00 -5.706577e-03)
192.9         	2.688670e-04	(0.000000e+00 0.000000e+00 -5.706577e-03)
193           	2.688503e-04	(0.000000e+00 0.000000e+00 -5.706577e-03)
193.1         	2.688442e-04	(0.000000e+00 0.000000e+00 -5.706577e-03)
193.2         	2.688376e-04	(0.000000e+00 0.000000e+00 -5.706577e-03)
193.3         	2.688254e-04	(0.000000e+00 0.000000e+00 -5.706577e-03)
193.4         	2.688190e-04	(0.000000e+00 0.000000e+00 -5.706577e-03)
193.5         	2.688157e-04	(0.000000e+00 0.000000e+00 -5.706577e-03)
193.6         	2.688137e-04	(0.000000e+00 0.000000e+00 -5.706577e-03)
193.7         	2.688124e-04	(0.000000e+00 0.000000e+00 -5.706577e-03)
193.8         	2.688086e-04	(0.000000e+00 0.000000e+00 -5.706577e-03)
193.9         	2.688042e-04	(0.000000e+00 0.000000e+00 -5.706577e-03)
194           	2.687906e-04	(0.000000e+00 0.000000e+00 -5.706577e-03)
194.1         	2.687716e-04	(0.000000e+00 0.000000e+00 -5.706577e-03)
194.2         	2.687668e-04	(0.000000e+00 0.000000e+00 -5.706577e-03)
194.3         	2.687661e-04	(0.000000e+00 0.000000e+00 -5.706577e-03)
194.4         	2.687650e-04	(0.000000e+00 0.000000e+00 -5.706577e-03)
194.5         	2.687610e-04	(0.000000e+00 0.000000e+00 -5.706577e-03)
194.6         	2.687423e-04	(0.000000e+00 0.000000e+00 -5.706577e-03)
194.7         	2.687305e-04	(0.000000e+00 0.000000e+00 -5.706577e-03)
194.8         	2.687253e-04	(0.000000e+00 0.000000e+00 -5.706577e-03)
194.9         	2.687243e-04	(0.000000e+00 0.000000e+00 -5.706577e-03)
195           	2.687219e-04	(0.000000e+00 0.000000e+00 -5.706577e-03)
195.1         	2.687148e-04	(0.000000e+00 0.000000e+00 -5.706577e-03)
195.2         	2.686977e-04	(0.000000e+00 0.000000e+00 -5.706577e-03)
195.3         	2.686890e-04	(0.000000e+00 0.000000e+00 -5.706577e-03)
195.4         	2.686846e-04	(0.000000e+00 0.000000e+00 -5.706577e-03)
195.5         	2.686829e-04	(0.000000e+00 0.000000e+00 -5.706577e-03)
195.6         	2.686820e-04	(0.000000e+00 0.000000e+00 -5.706577e-03)
195.7         	2.686796e-04	(0.000000e+00 0.000000e+00 -5.706577e-03)
195.8         	2.686727e-04	(0.000000e+00 0.000000e+00 -5.706577e-03)
195.9         	2.686578e-04	(0.000000e+00 0.000000e+00 -5.706577e-03)
196           	2.686404e-04	(0.000000e+00 0.000000e+00 -5.706577e-03)
196.1         	2.686388e-04	(0.000000e+00 0.000000e+00 -5.706577e-03)
196.2         	2.686208e-04	(0.000000e+00 0.000000e+00 -5.706577e-03)
196.3         	2.686150e-04	(0.000000e+00 0.000000e+00 -5.706577e-03)
196.4         	2.686144e-04	(0.000000e+00 0.000000e+00 -5.706577e-03)
196.5         	2.686152e-04	(0.000000e+00 0.000000e+00 -5.706577e-03)
196.6         	2.686160e-04	(0.000000e+00 0.000000e+00 -5.706577e-03)
196.7         	2.686158e-04	(0.000000e+00 0.000000e+00 -5.706577e-03)
196.8         	2.685946e-04	(0.000000e+00 0.000000e+00 -5.706577e-03)
196.9         	2.685847e-04	(0.000000e+00 0.000000e+00 -5.706577e-03)
197           	2.685820e-04	(0.000000e+00 0.000000e+00 -5.706577e-03)
197.1         	2.685817e-04	(0.000000e+00 0.000000e+00 -5.706577e-03)
197.2         	2.685809e-04	(0.000000e+00 0.000000e+00 -5.706577e-03)
197.3         	2.685781e-04	(0.000000e+00 0.000000e+00 -5.706577e-03)
197.4         	2.685680e-04	(0.000000e+00 0.000000e+00 -5.706577e-03)
197.5         	2.685500e-04	(0.000000e+00 0.000000e+00 -5.706577e-03)
197.6         	2.685421e-04	(0.000000e+00 0.000000e+00 -5.706577e-03)
197.7         	2.685290e-04	(0.000000e+00 0.000000e+00 -5.706577e-03)
197.8         	2.685245e-04	(0.000000e+00 0.000000e+00 -5.706577e-03)
197.9         	2.685238e-04	(0.000000e+00 0.000000e+00 -5.706577e-03)
198           	2.685236e-04	(0.000000e+00 0.000000e+00 -5.706577e-03)
198.1         	2.685231e-04	(0.000000e+00 0.000000e+00 -5.706577e-03)
198.2         	2.684999e-04	(0.000000e+00 0.000000e+00 -5.706577e-03)
198.3         	2.684842e-04	(0.000000e+00 0.000000e+00 -5.706577e-03)
198.4         	2.684774e-04	(0.000000e+00 0.000000e+00 -5.706577e-03)
198.5         	2.684769e-04	(0.000000e+00 0.000000e+00 -5.706577e-03)
198.6         	2.684765e-04	(0.000000e+00 0.000000e+00 -5.706577e-03)
198.7         	2.684753e-04	(0.000000e+00 0.000000e+00 -5.706577e-03)
198.8         	2.684684e-04	(0.000000e+00 0.000000e+00 -5.706577e-03)
198.9         	2.684635e-04	(0.000000e+00 0.000000e+00 -5.706577e-03)
199           	2.684620e-04	(0.000000e+00 0.000000e+00 -5.706577e-03)
199.1         	2.684606e-04	(0.000000e+00 0.000000e+00 -5.706577e-03)
199.2         	2.684542e-04	(0.000000e+00 0.000000e+00 -5.706577e-03)
199.3         	2.684366e-04	(0.000000e+00 0.000000e+00 -5.706577e-03)
199.4         	2.684189e-04	(0.000000e+00 0.000000e+00 -5.706577e-03)
199.5         	2.684169e-04	(0.000000e+00 0.000000e+00 -5.706577e-03)
199.6         	2.684158e-04	(0.000000e+00 0.000000e+00 -5.706577e-03)
199.7         	2.684147e-04	(0.000000e+00 0.000000e+00 -5.706577e-03)
199.8         	2.684102e-04	(0.000000e+00 0.000000e+00 -5.706577e-03)
199.9         	2.683989e-04	(0.000000e+00 0.000000e+00 -5.706577e-03)
200           	2.683906e-04	(0.000000e+00 0.000000e+00 -5.706577e-03)
200.1         	2.683865e-04	(0.000000e+00 0.000000e+00 -5.706577e-03)
200.2         	2.683844e-04	(0.000000e+00 0.000000e+00 -5.706577e-03)
200.3         	2.683746e-04	(0.000000e+00 0.000000e+00 -5.706577e-03)
200.4         	2.683639e-04	(0.000000e+00 0.000000e+00 -5.706577e-03)
200.5         	2.683579e-04	(0.000000e+00 0.000000e+00 -5.706577e-03)
200.6         	2.683516e-04	(0.000000e+00 0.000000e+00 -5.706577e-03)
200.7         	2.683464e-04	(0.000000e+00 0.000000e+00 -5.706577e-03)
200.8         	2.683377e-04	(0.000000e+00 0.000000e+00 -5.706577e-03)
200.9         	2.683217e-04	(0.000000e+00 0.000000e+00 -5.706577e-03)
201           	2.683181e-04	(0.000000e+00 0.000000e+00 -5.706577e-03)
201.1         	2.683172e-04	(0.000000e+00 0.000000e+00 -5.706577e-03)
201.2         	2.683165e-04	(0.000000e+00 0.000000e+00 -5.706577e-03)
201.3         	2.683158e-04	(0.000000e+00 0.000000e+00 -5.706577e-03)
201.4         	2.683121e-04	(0.000000e+00 0.000000e+00 -5.706577e-03)
201.5         	2.682925e-04	(0.000000e+00 0.000000e+00 -5.706577e-03)
201.6         	2.682763e-04	(0.000000e+00 0.000000e+00 -5.706577e-03)
201.7         	2.682733e-04	(0.000000e+00 0.000000e+00 -5.706577e-03)
201.8         	2.682729e-04	(0.000000e+00 0.000000e+00 -5.706577e-03)
201.9         	2.682723e-04	(0.000000e+00 0.000000e+00 -5.706577e-03)
202           	2.682704e-04	(0.000000e+00 0.000000e+00 -5.706577e-03)
202.1         	2.682665e-04	(0.000000e+00 0.000000e+00 -5.706577e-03)
202.2         	2.682588e-04	(0.000000e+00 0.000000e+00 -5.706577e-03)
202.3         	2.682372e-04	(0.000000e+00 0.000000e+00 -5.706577e-03)
202.4         	2.682249e-04	(0.000000e+00 0.000000e+00 -5.706577e-03)
202.5         	2.682203e-04	(0.000000e+00 0.000000e+00 -5.706577e-03)
202.6         	2.682184e-04	(0.000000e+00 0.000000e+00 -5.706577e-03)
202.7         	2.682048e-04	(0.000000e+00 0.000000e+00 -5.706577e-03)
202.8         	2.682019e-04	(0.000000e+00 0.000000e+00 -5.706577e-03)
202.9         	2.681979e-04	(0.000000e+00 0.000000e+00 -5.706577e-03)
203           	2.681968e-04	(0.000000e+00 0.000000e+00 -5.706577e-03)
203.1         	2.681894e-04	(0.000000e+00 0.000000e+00 -5.706577e-03)
203.2         	2.681879e-04	(0.000000e+00 0.000000e+00 -5.706577e-03)
203.3         	2.681870e-04	(0.000000e+00 0.000000e+00 -5.706577e-03)
203.4         	2.681849e-04	(0.000000e+00 0.000000e+00 -5.706577e-03)
203.5         	2.681588e-04	(0.000000e+00 0.000000e+00 -5.706577e-03)
203.6         	2.681479e-04	(0.000000e+00 0.000000e+00 -5.706577e-03)
203.7         	2.681367e-04	(0.000000e+00 0.000000e+00 -5.706577e-03)
203.8         	2.681371e-04	(0.000000e+00 0.000000e+00 -5.706577e-03)
203.9         	2.681385e-04	(0.000000e+00 0.000000e+00 -5.706577e-03)
204           	2.681388e-04	(0.000000e+00 0.000000e+00 -5.706577e-03)
204.1         	2.681386e-04	(0.000000e+00 0.000000e+00 -5.706577e-03)
204.2         	2.681386e-04	(0.000000e+00 0.000000e+00 -5.706577e-03)
204.3         	2.681196e-04	(0.000000e+00 0.000000e+00 -5.706577e-03)
204.4         	2.681157e-04	(0.000000e+00 0.000000e+00 -5.706577e-03)
204.5         	2.681123e-04	(0.000000e+00 0.000000e+00 -5.706577e-03)
204.6         	2.681085e-04	(0.000000e+00 0.000000e+00 -5.706577e-03)
204.7         	2.681015e-04	(0.000000e+00 0.000000e+00 -5.706577e-03)
204.8         	2.680807e-04	(0.000000e+00 0.000000e+00 -5.706577e-03)
204.9         	2.680707e-04	(0.000000e+00 0.000000e+00 -5.706577e-03)
205           	2.680700e-04	(0.000000e+00 0.000000e+00 -5.706577e-03)
205.1         	2.680557e-04	(0.000000e+00 0.000000e+00 -5.706577e-03)
205.2         	2.680497e-04	(0.000000e+00 0.000000e+00 -5.706577e-03)
205.3         	2.680492e-04	(0.000000e+00 0.000000e+00 -5.706577e-03)
205.4         	2.680496e-04	(0.000000e+00 0.000000e+00 -5.706577e-03)
205.5         	2.680438e-04	(0.000000e+00 0.000000e+00 -5.706577e-03)
205.6         	2.680398e-04	(0.000000e+00 0.000000e+00 -5.706577e-03)
205.7         	2.680262e-04	(0.000000e+00 0.000000e+00 -5.706577e-03)
205.8         	2.680248e-04	(0.000000e+00 0.000000e+00 -5.706577e-03)
205.9         	2.680149e-04	(0.000000e+00 0.000000e+00 -5.706577e-03)
206           	2.680102e-04	(0.000000e+00 0.000000e+00 -5.706577e-03)
206.1         	2.680101e-04	(0.000000e+00 0.000000e+00 -5.706577e-03)
206.2         	2.679994e-04	(0.000000e+00 0.000000e+00 -5.706577e-03)
206.3         	2.679974e-04	(0.000000e+00 0.000000e+00 -5.706577e-03)
206.4         	2.679858e-04	(0.000000e+00 0.000000e+00 -5.706577e-03)
206.5         	2.679841e-04	(0.000000e+00 0.000000e+00 -5.706577e-03)
206.6         	2.679734e-04	(0.000000e+00 0.000000e+00 -5.706577e-03)
206.7         	2.679720e-04	(0.000000e+00 0.000000e+00 -5.706577e-03)
206.8         	2.679661e-04	(0.000000e+00 0.000000e+00 -5.706577e-03)
206.9         	2.679630e-04	(0.000000e+00 0.000000e+00 -5.706577e-03)
207           	2.679519e-04	(0.000000e+00 0.000000e+00 -5.706577e-03)
207.1         	2.679441e-04	(0.000000e+00 0.000000e+00 -5.706577e-03)
207.2         	2.679374e-04	(0.000000e+00 0.000000e+00 -5.706577e-03)
207.3         	2.679341e-04	(0.000000e+00 0.000000e+00 -5.706577e-03)
207.4         	2.679335e-04	(0.000000e+00 0.000000e+00 -5.706577e-03)
207.5         	2.679327e-04	(0.000000e+00 0.000000e+00 -5.706577e-03)
207.6         	2.679091e-04	(0.000000e+00 0.000000e+00 -5.706577e-03)
207.7         	2.679020e-04	(0.000000e+00 0.000000e+00 -5.706577e-03)
207.8         	2.678933e-04	(0.000000e+00 0.000000e+00 -5.706577e-03)
207.9         	2.678926e-04	(0.000000e+00 0.000000e+00 -5.706577e-03)
208           	2.678920e-04	(0.000000e+00 0.000000e+00 -5.706577e-03)
208.1         	2.678900e-04	(0.000000e+00 0.000000e+00 -5.706577e-03)
208.2         	2.678758e-04	(0.000000e+00 0.000000e+00 -5.706577e-03)
208.3         	2.678742e-04	(0.000000e+00 0.000000e+00 -5.706577e-03)
208.4         	2.678688e-04	(0.000000e+00 0.000000e+00 -5.706577e-03)
208.5         	2.678673e-04	(0.000000e+00 0.000000e+00 -5.706577e-03)
208.6         	2.678607e-04	(0.000000e+00 0.000000e+00 -5.706577e-03)
208.7         	2.678555e-04	(0.000000e+00 0.000000e+00 -5.706577e-03)
208.8         	2.678381e-04	(0.000000e+00 0.000000e+00 -5.706577e-03)
208.9         	2.678338e-04	(0.000000e+00 0.000000e+00 -5.706577e-03)
209           	2.678267e-04	(0.000000e+00 0.000000e+00 -5.706577e-03)
209.1         	2.678252e-04	(0.000000e+00 0.000000e+00 -5.706577e-03)
209.2         	2.678214e-04	(0.000000e+00 0.000000e+00 -5.706577e-03)
209.3         	2.678183e-04	(0.000000e+00 0.000000e+00 -5.706577e-03)
209.4         	2.678136e-04	(0.000000e+00 0.000000e+00 -5.706577e-03)
209.5         	2.678119e-04	(0.000000e+00 0.000000e+00 -5.706577e-03)
209.6         	2.678067e-04	(0.000000e+00 0.000000e+00 -5.706577e-03)
209.7         	2.677942e-04	(0.000000e+00 0.000000e+00 -5.706577e-03)
209.8         	2.677880e-04	(0.000000e+00 0.000000e+00 -5.706577e-03)
209.9         	2.677721e-04	(0.000000e+00 0.000000e+00 -5.706577e-03)
210           	2.677657e-04	(0.000000e+00 0.000000e+00 -5.706577e-03)
210.1         	2.677655e-04	(0.000000e+00 0.000000e+00 -5.706577e-03)
210.2         	2.677569e-04	(0.000000e+00 0.000000e+00 -5.706577e-03)
210.3         	2.677539e-04	(0.000000e+00 0.000000e+00 -5.706577e-03)
210.4         	2.677372e-04	(0.000000e+00 0.000000e+00 -5.706577e-03)
210.5         	2.677368e-04	(0.000000e+00 0.000000e+00 -5.706577e-03)
210.6         	2.677358e-04	(0.000000e+00 0.000000e+00 -5.706577e-03)
210.7         	2.677353e-04	(0.000000e+00 0.000000e+00 -5.706577e-03)
210.8         	2.677332e-04	(0.000000e+00 0.000000e+00 -5.706577e-03)
210.9         	2.677312e-04	(0.000000e+00 0.000000e+00 -5.706577e-03)
211           	2.677201e-04	(0.000000e+00 0.000000e+00 -5.706577e-03)
211.1         	2.677141e-04	(0.000000e+00 0.000000e+00 -5.706577e-03)
211.2         	2.676953e-04	(0.000000e+00 0.000000e+00 -5.706577e-03)
211.3         	2.676934e-04	(0.000000e+00 0.000000e+00 -5.706577e-03)
211.4         	2.676811e-04	(0.000000e+00 0.000000e+00 -5.706577e-03)
211.5         	2.676780e-04	(0.000000e+00 0.000000e+00 -5.706577e-03)
211.6         	2.676755e-04	(0.000000e+00 0.000000e+00 -5.706577e-03)
211.7         	2.676755e-04	(0.000000e+00 0.000000e+00 -5.706577e-03)
211.8         	2.676733e-04	(0.000000e+00 0.000000e+00 -5.706577e-03)
211.9         	2.676732e-04	(0.000000e+00 0.000000e+00 -5.706577e-03)
212           	2.676695e-04	(0.000000e+00 0.000000e+00 -5.706577e-03)
212.1         	2.676675e-04	(0.000000e+00 0.000000e+00 -5.706577e-03)
212.2         	2.676444e-04	(0.000000e+00 0.000000e+00 -5.706577e-03)
212.3         	2.676409e-04	(0.000000e+00 0.000000e+00 -5.706577e-03)
212.4         	2.676409e-04	(0.000000e+00 0.000000e+00 -5.706577e-03)
212.5         	2.676279e-04	(0.000000e+00 0.000000e+00 -5.706577e-03)
212.6         	2.676231e-04	(0.000000e+00 0.000000e+00 -5.706577e-03)
212.7         	2.676111e-04	(0.000000e+00 0.000000e+00 -5.706577e-03)
212.8         	2.676086e-04	(0.000000e+00 0.000000e+00 -5.706577e-03)
212.9         	2.675980e-04	(0.000000e+00 0.000000e+00 -5.706577e-03)
213           	2.675958e-04	(0.000000e+00 0.000000e+00 -5.706577e-03)
213.1         	2.675928e-04	(0.000000e+00 0.000000e+00 -5.706577e-03)
213.2         	2.675920e-04	(0.000000e+00 0.000000e+00 -5.706577e-03)
213.3         	2.675874e-04	(0.000000e+00 0.000000e+00 -5.706577e-03)
213.4         	2.675838e-04	(0.000000e+00 0.000000e+00 -5.706577e-03)
213.5         	2.675714e-04	(0.000000e+00 0.000000e+00 -5.706577e-03)
213.6         	2.675665e-04	(0.000000e+00 0.000000e+00 -5.706577e-03)
213.7         	2.675535e-04	(0.000000e+00 0.000000e+00 -5.706577e-03)
213.8         	2.675526e-04	(0.000000e+00 0.000000e+00 -5.706577e-03)
213.9         	2.675463e-04	(0.000000e+00 0.000000e+00 -5.706577e-03)
214           	2.675456e-04	(0.000000e+00 0.000000e+00 -5.706577e-03)
214.1         	2.675400e-04	(0.000000e+00 0.000000e+00 -5.706577e-03)
214.2         	2.675343e-04	(0.000000e+00 0.000000e+00 -5.706577e-03)
214.3         	2.675246e-04	(0.000000e+00 0.000000e+00 -5.706577e-03)
214.4         	2.675237e-04	(0.000000e+00 0.000000e+00 -5.706577e-03)
214.5         	2.675188e-04	(0.000000e+00 0.000000e+00 -5.706577e-03)
214.6         	2.675154e-04	(0.000000e+00 0.000000e+00 -5.706577e-03)
214.7         	2.675090e-04	(0.000000e+00 0.000000e+00 -5.706577e-03)
214.8         	2.675055e-04	(0.000000e+00 0.000000e+00 -5.706577e-03)
214.9         	2.674927e-04	(0.000000e+00 0.000000e+00 -5.706577e-03)
215           	2.674881e-04	(0.000000e+00 0.000000e+00 -5.706577e-03)
215.1         	2.674738e-04	(0.000000e+00 0.000000e+00 -5.706577e-03)
215.2         	2.674724e-04	(0.000000e+00 0.000000e+00 -5.706577e-03)
215.3         	2.674676e-04	(0.000000e+00 0.000000e+00 -5.706577e-03)
215.4         	2.674668e-04	(0.000000e+00 0.000000e+00 -5.706577e-03)
215.5         	2.674652e-04	(0.000000e+00 0.000000e+00 -5.706577e-03)
215.6         	2.674641e-04	(0.000000e+00 0.000000e+00 -5.706577e-03)
215.7         	2.674533e-04	(0.000000e+00 0.000000e+00 -5.706577e-03)
215.8         	2.674496e-04	(0.000000e+00 0.000000e+00 -5.706577e-03)
215.9         	2.674304e-04	(0.000000e+00 0.000000e+00 -5.706577e-03)
216           	2.674290e-04	(0.000000e+00 0.000000e+00 -5.706577e-03)
216.1         	2.674250e-04	(0.000000e+00 0.000000e+00 -5.706577e-03)
216.2         	2.674237e-04	(0.000000e+00 0.000000e+00 -5.706577e-03)
216.3         	2.674176e-04	(0.000000e+00 0.000000e+00 -5.706577e-03)
216.4         	2.674151e-04	(0.000000e+00 0.000000e+00 -5.706577e-03)
216.5         	2.674080e-04	(0.000000e+00 0.000000e+00 -5.706577e-03)
216.6         	2.674061e-04	(0.000000e+00 0.000000e+00 -5.706577e-03)
216.7         	2.674019e-04	(0.000000e+00 0.000000e+00 -5.706577e-03)
216.8         	2.673970e-04	(0.000000e+00 0.000000e+00 -5.706577e-03)
216.9         	2.673761e-04	(0.000000e+00 0.000000e+00 -5.706577e-03)
217           	2.673732e-04	(0.000000e+00 0.000000e+00 -5.706577e-03)
217.1         	2.673662e-04	(0.000000e+00 0.000000e+00 -5.706577e-03)
217.2         	2.673651e-04	(0.000000e+00 0.000000e+00 -5.706577e-03)
217.3         	2.673600e-04	(0.000000e+00 0.000000e+00 -5.706577e-03)
217.4         	2.673593e-04	(0.000000e+00 0.000000e+00 -5.706577e-03)
217.5         	2.673538e-04	(0.000000e+00 0.000000e+00 -5.706577e-03)
217.6         	2.673519e-04	(0.000000e+00 0.000000e+00 -5.706577e-03)
217.7         	2.673494e-04	(0.000000e+00 0.000000e+00 -5.706577e-03)
217.8         	2.673427e-04	(0.000000e+00 0.000000e+00 -5.706577e-03)
217.9         	2.673256e-04	(0.000000e+00 0.000000e+00 -5.706577e-03)
218           	2.673229e-04	(0.000000e+00 0.000000e+00 -5.706577e-03)
218.1         	2.673186e-04	(0.000000e+00 0.000000e+00 -5.706577e-03)
218.2         	2.673162e-04	(0.000000e+00 0.000000e+00 -5.706577e-03)
218.3         	2.673104e-04	(0.000000e+00 0.000000e+00 -5.706577e-03)
218.4         	2.673074e-04	(0.000000e+00 0.000000e+00 -5.706577e-03)
218.5         	2.673063e-04	(0.000000e+00 0.000000e+00 -5.706577e-03)
218.6         	2.672899e-04	(0.000000e+00 0.000000e+00 -5.706577e-03)
218.7         	2.672859e-04	(0.000000e+00 0.000000e+00 -5.706577e-03)
218.8         	2.672811e-04	(0.000000e+00 0.000000e+00 -5.706577e-03)
218.9         	2.672799e-04	(0.000000e+00 0.000000e+00 -5.706577e-03)
219           	2.672746e-04	(0.000000e+00 0.000000e+00 -5.706577e-03)
219.1         	2.672720e-04	(0.000000e+00 0.000000e+00 -5.706577e-03)
219.2         	2.672597e-04	(0.000000e+00 0.000000e+00 -5.706577e-03)
219.3         	2.672560e-04	(0.000000e+00 0.000000e+00 -5.706577e-03)
219.4         	2.672384e-04	(0.000000e+00 0.000000e+00 -5.706577e-03)
219.5         	2.672380e-04	(0.000000e+00 0.000000e+00 -5.706577e-03)
219.6         	2.672362e-04	(0.000000e+00 0.000000e+00 -5.706577e-03)
219.7         	2.672360e-04	(0.000000e+00 0.000000e+00 -5.706577e-03)
219.8         	2.672343e-04	(0.000000e+00 0.000000e+00 -5.706577e-03)
219.9         	2.672328e-04	(0.000000e+00 0.000000e+00 -5.706577e-03)
220           	2.672229e-04	(0.000000e+00 0.000000e+00 -5.706577e-03)
220.1         	2.672202e-04	(0.000000e+00 0.000000e+00 -5.706577e-03)
220.2         	2.672124e-04	(0.000000e+00 0.000000e+00 -5.706577e-03)
220.3         	2.672078e-04	(0.000000e+00 0.000000e+00 -5.706577e-03)
220.4         	2.671938e-04	(0.000000e+00 0.000000e+00 -5.706577e-03)
220.5         	2.671904e-04	(0.000000e+00 0.000000e+00 -5.706577e-03)
220.6         	2.671805e-04	(0.000000e+00 0.000000e+00 -5.706577e-03)
220.7         	2.671792e-04	(0.000000e+00 0.000000e+00 -5.706577e-03)
220.8         	2.671761e-04	(0.000000e+00 0.000000e+00 -5.706577e-03)
220.9         	2.671741e-04	(0.000000e+00 0.000000e+00 -5.706577e-03)
221           	2.671707e-04	(0.000000e+00 0.000000e+00 -5.706577e-03)
221.1         	2.671701e-04	(0.000000e+00 0.000000e+00 -5.706577e-03)
221.2         	2.671662e-04	(0.000000e+00 0.000000e+00 -5.706577e-03)
221.3         	2.671606e-04	(0.000000e+00 0.000000e+00 -5.706577e-03)
221.4         	2.671351e-04	(0.000000e+00 0.000000e+00 -5.706577e-03)
221.5         	2.671335e-04	(0.000000e+00 0.000000e+00 -5.706577e-03)
221.6         	2.671291e-04	(0.000000e+00 0.000000e+00 -5.706577e-03)
221.7         	2.671280e-04	(0.000000e+00 0.000000e+00 -5.706577e-03)
221.8         	2.671232e-04	(0.000000e+00 0.000000e+00 -5.706577e-03)
221.9         	2.671224e-04	(0.000000e+00 0.000000e+00 -5.706577e-03)
222           	2.671202e-04	(0.000000e+00 0.000000e+00 -5.706577e-03)
222.1         	2.671190e-04	(0.000000e+00 0.000000e+00 -5.706577e-03)
222.2         	2.671094e-04	(0.000000e+00 0.000000e+00 -5.706577e-03)
222.3         	2.671063e-04	(0.000000e+00 0.000000e+00 -5.706577e-03)
222.4         	2.670956e-04	(0.000000e+00 0.000000e+00 -5.706577e-03)
222.5         	2.670920e-04	(0.000000e+00 0.000000e+00 -5.706577e-03)
222.6         	2.670816e-04	(0.000000e+00 0.000000e+00 -5.706577e-03)
222.7         	2.670792e-04	(0.000000e+00 0.000000e+00 -5.706577e-03)
222.8         	2.670662e-04	(0.000000e+00 0.000000e+00 -5.706577e-03)
222.9         	2.670646e-04	(0.000000e+00 0.000000e+00 -5.706577e-03)
223           	2.670621e-04	(0.000000e+00 0.000000e+00 -5.706577e-03)
223.1         	2.670617e-04	(0.000000e+00 0.000000e+00 -5.706577e-03)
223.2         	2.670586e-04	(0.000000e+00 0.000000e+00 -5.706577e-03)
223.3         	2.670584e-04	(0.000000e+00 0.000000e+00 -5.706577e-03)
223.4         	2.670534e-04	(0.000000e+00 0.000000e+00 -5.706577e-03)
223.5         	2.670501e-04	(0.000000e+00 0.000000e+00 -5.706577e-03)
223.6         	2.670223e-04	(0.000000e+00 0.000000e+00 -5.706577e-03)
223.7         	2.670221e-04	(0.000000e+00 0.000000e+00 -5.706577e-03)
223.8         	2.670207e-04	(0.000000e+00 0.000000e+00 -5.706577e-03)
223.9         	2.670203e-04	(0.000000e+00 0.000000e+00 -5.706577e-03)
224           	2.670171e-04	(0.000000e+00 0.000000e+00 -5.706577e-03)
224.1         	2.670151e-04	(0.000000e+00 0.000000e+00 -5.706577e-03)
224.2         	2.670022e-04	(0.000000e+00 0.000000e+00 -5.706577e-03)
224.3         	2.670008e-04	(0.000000e+00 0.000000e+00 -5.706577e-03)
224.4         	2.669977e-04	(0.000000e+00 0.000000e+00 -5.706577e-03)
224.5         	2.669962e-04	(0.000000e+00 0.000000e+00 -5.706577e-03)
224.6         	2.669804e-04	(0.000000e+00 0.000000e+00 -5.706577e-03)
224.7         	2.669791e-04	(0.000000e+00 0.000000e+00 -5.706577e-03)
224.8         	2.669753e-04	(0.000000e+00 0.000000e+00 -5.706577e-03)
224.9         	2.669739e-04	(0.000000e+00 0.000000e+00 -5.706577e-03)
225           	2.669661e-04	(0.000000e+00 0.000000e+00 -5.706577e-03)
225.1         	2.669641e-04	(0.000000e+00 0.000000e+00 -5.706577e-03)
225.2         	2.669583e-04	(0.000000e+00 0.000000e+00 -5.706577e-03)
225.3         	2.669574e-04	(0.000000e+00 0.000000e+00 -5.706577e-03)
225.4         	2.669523e-04	(0.000000e+00 0.000000e+00 -5.706577e-03)
225.5         	2.669502e-04	(0.000000e+00 0.000000e+00 -5.706577e-03)
225.6         	2.669353e-04	(0.000000e+00 0.000000e+00 -5.706577e-03)
225.7         	2.669329e-04	(0.000000e+00 0.000000e+00 -5.706577e-03)
225.8         	2.669160e-04	(0.000000e+00 0.000000e+00 -5.706577e-03)
225.9         	2.669146e-04	(0.000000e+00 0.000000e+00 -5.706577e-03)
226           	2.669128e-04	(0.000000e+00 0.000000e+00 -5.706577e-03)
226.1         	2.669129e-04	(0.000000e+00 0.000000e+00 -5.706577e-03)
226.2         	2.669109e-04	(0.000000e+00 0.000000e+00 -5.706577e-03)
226.3         	2.669101e-04	(0.000000e+00 0.000000e+00 -5.706577e-03)
226.4         	2.668999e-04	(0.000000e+00 0.000000e+00 -5.706577e-03)
226.5         	2.668959e-04	(0.000000e+00 0.000000e+00 -5.706577e-03)
226.6         	2.668926e-04	(0.000000e+00 0.000000e+00 -5.706577e-03)
226.7         	2.668913e-04	(0.000000e+00 0.000000e+00 -5.706577e-03)
226.8         	2.668794e-04	(0.000000e+00 0.000000e+00 -5.706577e-03)
226.9         	2.668782e-04	(0.000000e+00 0.000000e+00 -5.706577e-03)
227           	2.668684e-04	(0.000000e+00 0.000000e+00 -5.706577e-03)
227.1         	2.668652e-04	(0.000000e+00 0.000000e+00 -5.706577e-03)
227.2         	2.668542e-04	(0.000000e+00 0.000000e+00 -5.706577e-03)
227.3         	2.668524e-04	(0.000000e+00 0.000000e+00 -5.706577e-03)
227.4         	2.668493e-04	(0.000000e+00 0.000000e+00 -5.706577e-03)
227.5         	2.668462e-04	(0.000000e+00 0.000000e+00 -5.706577e-03)
227.6         	2.668355e-04	(0.000000e+00 0.000000e+00 -5.706577e-03)
227.7         	2.668330e-04	(0.000000e+00 0.000000e+00 -5.706577e-03)
227.8         	2.668280e-04	(0.000000e+00 0.000000e+00 -5.706577e-03)
227.9         	2.668268e-04	(0.000000e+00 0.000000e+00 -5.706577e-03)
228           	2.668205e-04	(0.000000e+00 0.000000e+00 -5.706577e-03)
228.1         	2.668193e-04	(0.000000e+00 0.000000e+00 -5.706577e-03)
228.2         	2.668120e-04	(0.000000e+00 0.000000e+00 -5.706577e-03)
228.3         	2.668110e-04	(0.000000e+00 0.000000e+00 -5.706577e-03)
228.4         	2.668037e-04	(0.000000e+00 0.000000e+00 -5.706577e-03)
228.5         	2.668024e-04	(0.000000e+00 0.000000e+00 -5.706577e-03)
228.6         	2.667905e-04	(0.000000e+00 0.000000e+00 -5.706577e-03)
228.7         	2.667897e-04	(0.000000e+00 0.000000e+00 -5.706577e-03)
228.8         	2.667878e-04	(0.000000e+00 0.000000e+00 -5.706577e-03)
228.9         	2.667871e-04	(0.000000e+00 0.000000e+00 -5.706577e-03)
229           	2.667828e-04	(0.000000e+00 0.000000e+00 -5.706577e-03)
229.1         	2.667754e-04	(0.000000e+00 0.000000e+00 -5.706577e-03)
229.2         	2.667582e-04	(0.000000e+00 0.000000e+00 -5.706577e-03)
229.3         	2.667555e-04	(0.000000e+00 0.000000e+00 -5.706577e-03)
229.4         	2.667451e-04	(0.000000e+00 0.000000e+00 -5.706577e-03)
229.5         	2.667452e-04	(0.000000e+00 0.000000e+00 -5.706577e-03)
229.6         	2.667454e-04	(0.000000e+00 0.000000e+00 -5.706577e-03)
229.7         	2.667454e-04	(0.000000e+00 0.000000e+00 -5.706577e-03)
229.8         	2.667431e-04	(0.000000e+00 0.000000e+00 -5.706577e-03)
229.9         	2.667422e-04	(0.000000e+00 0.000000e+00 -5.706577e-03)
230           	2.667366e-04	(0.000000e+00 0.000000e+00 -5.706577e-03)
230.1         	2.667351e-04	(0.000000e+00 0.000000e+00 -5.706577e-03)
230.2         	2.667273e-04	(0.000000e+00 0.000000e+00 -5.706577e-03)
230.3         	2.667235e-04	(0.000000e+00 0.000000e+00 -5.706577e-03)
230.4         	2.667119e-04	(0.000000e+00 0.000000e+00 -5.706577e-03)
230.5         	2.667092e-04	(0.000000e+00 0.000000e+00 -5.706577e-03)
230.6         	2.666950e-04	(0.000000e+00 0.000000e+00 -5.706577e-03)
230.7         	2.666909e-04	(0.000000e+00 0.000000e+00 -5.706577e-03)
230.8         	2.666895e-04	(0.000000e+00 0.000000e+00 -5.706577e-03)
230.9         	2.666885e-04	(0.000000e+00 0.000000e+00 -5.706577e-03)
231           	2.666858e-04	(0.000000e+00 0.000000e+00 -5.706577e-03)
231.1         	2.666842e-04	(0.000000e+00 0.000000e+00 -5.706577e-03)
231.2         	2.666810e-04	(0.000000e+00 0.000000e+00 -5.706577e-03)
231.3         	2.666781e-04	(0.000000e+00 0.000000e+00 -5.706577e-03)
231.4         	2.666700e-04	(0.000000e+00 0.000000e+00 -5.706577e-03)
231.5         	2.666632e-04	(0.000000e+00 0.000000e+00 -5.706577e-03)
231.6         	2.666548e-04	(0.000000e+00 0.000000e+00 -5.706577e-03)
231.7         	2.666508e-04	(0.000000e+00 0.000000e+00 -5.706577e-03)
231.8         	2.666420e-04	(0.000000e+00 0.000000e+00 -5.706577e-03)
231.9         	2.666410e-04	(0.000000e+00 0.000000e+00 -5.706577e-03)
232           	2.666370e-04	(0.000000e+00 0.000000e+00 -5.706577e-03)
232.1         	2.666358e-04	(0.000000e+00 0.000000e+00 -5.706577e-03)
232.2         	2.666319e-04	(0.000000e+00 0.000000e+00 -5.706577e-03)
232.3         	2.666296e-04	(0.000000e+00 0.000000e+00 -5.706577e-03)
232.4         	2.666224e-04	(0.000000e+00 0.000000e+00 -5.706577e-03)
232.5         	2.666174e-04	(0.000000e+00 0.000000e+00 -5.706577e-03)
232.6         	2.666032e-04	(0.000000e+00 0.000000e+00 -5.706577e-03)
232.7         	2.666022e-04	(0.000000e+00 0.000000e+00 -5.706577e-03)
232.8         	2.665992e-04	(0.000000e+00 0.000000e+00 -5.706577e-03)
232.9         	2.665994e-04	(0.000000e+00 0.000000e+00 -5.706577e-03)
233           	2.665951e-04	(0.000000e+00 0.000000e+00 -5.706577e-03)
233.1         	2.665948e-04	(0.000000e+00 0.000000e+00 -5.706577e-03)
233.2         	2.665929e-04	(0.000000e+00 0.000000e+00 -5.706577e-03)
233.3         	2.665921e-04	(0.000000e+00 0.000000e+00 -5.706577e-03)
233.4         	2.665874e-04	(0.000000e+00 0.000000e+00 -5.706577e-03)
233.5         	2.665848e-04	(0.000000e+00 0.000000e+00 -5.706577e-03)
233.6         	2.665695e-04	(0.000000e+00 0.000000e+00 -5.706577e-03)
233.7         	2.665671e-04	(0.000000e+00 0.000000e+00 -5.706577e-03)
233.8         	2.665578e-04	(0.000000e+00 0.000000e+00 -5.706577e-03)
233.9         	2.665570e-04	(0.000000e+00 0.000000e+00 -5.706577e-03)
234           	2.665528e-04	(0.000000e+00 0.000000e+00 -5.706577e-03)
234.1         	2.665522e-04	(0.000000e+00 0.000000e+00 -5.706577e-03)
234.2         	2.665411e-04	(0.000000e+00 0.000000e+00 -5.706577e-03)
234.3         	2.665409e-04	(0.000000e+00 0.000000e+00 -5.706577e-03)
234.4         	2.665406e-04	(0.000000e+00 0.000000e+00 -5.706577e-03)
234.5         	2.665405e-04	(0.000000e+00 0.000000e+00 -5.706577e-03)
234.6         	2.665278e-04	(0.000000e+00 0.000000e+00 -5.706577e-03)
234.7         	2.665240e-04	(0.000000e+00 0.000000e+00 -5.706577e-03)
234.8         	2.665133e-04	(0.000000e+00 0.000000e+00 -5.706577e-03)
234.9         	2.665132e-04	(0.000000e+00 0.000000e+00 -5.706577e-03)
235           	2.665120e-04	(0.000000e+00 0.000000e+00 -5.706577e-03)
235.1         	2.665118e-04	(0.000000e+00 0.000000e+00 -5.706577e-03)
235.2         	2.665088e-04	(0.000000e+00 0.000000e+00 -5.706577e-03)
235.3         	2.665071e-04	(0.000000e+00 0.000000e+00 -5.706577e-03)
235.4         	2.664968e-04	(0.000000e+00 0.000000e+00 -5.706577e-03)
235.5         	2.664938e-04	(0.000000e+00 0.000000e+00 -5.706577e-03)
235.6         	2.664895e-04	(0.000000e+00 0.000000e+00 -5.706577e-03)
235.7         	2.664865e-04	(0.000000e+00 0.000000e+00 -5.706577e-03)
235.8         	2.664739e-04	(0.000000e+00 0.000000e+00 -5.706577e-03)
235.9         	2.664719e-04	(0.000000e+00 0.000000e+00 -5.706577e-03)
236           	2.664668e-04	(0.000000e+00 0.000000e+00 -5.706577e-03)
236.1         	2.664655e-04	(0.000000e+00 0.000000e+00 -5.706577e-03)
236.2         	2.664562e-04	(0.000000e+00 0.000000e+00 -5.706577e-03)
236.3         	2.664545e-04	(0.000000e+00 0.000000e+00 -5.706577e-03)
236.4         	2.664486e-04	(0.000000e+00 0.000000e+00 -5.706577e-03)
236.5         	2.664484e-04	(0.000000e+00 0.000000e+00 -5.706577e-03)
236.6         	2.664469e-04	(0.000000e+00 0.000000e+00 -5.706577e-03)
236.7         	2.664463e-04	(0.000000e+00 0.000000e+00 -5.706577e-03)
236.8         	2.664403e-04	(0.000000e+00 0.000000e+00 -5.706577e-03)
236.9         	2.664385e-04	(0.000000e+00 0.000000e+00 -5.706577e-03)
237           	2.664249e-04	(0.000000e+00 0.000000e+00 -5.706577e-03)
237.1         	2.664243e-04	(0.000000e+00 0.000000e+00 -5.706577e-03)
237.2         	2.664222e-04	(0.000000e+00 0.000000e+00 -5.706577e-03)
237.3         	2.664196e-04	(0.000000e+00 0.000000e+00 -5.706577e-03)
237.4         	2.664055e-04	(0.000000e+00 0.000000e+00 -5.706577e-03)
237.5         	2.664024e-04	(0.000000e+00 0.000000e+00 -5.706577e-03)
237.6         	2.663963e-04	(0.000000e+00 0.000000e+00 -5.706577e-03)
237.7         	2.663959e-04	(0.000000e+00 0.000000e+00 -5.706577e-03)
237.8         	2.663924e-04	(0.000000e+00 0.000000e+00 -5.706577e-03)
237.9         	2.663911e-04	(0.000000e+00 0.000000e+00 -5.706577e-03)
238           	2.663860e-04	(0.000000e+00 0.000000e+00 -5.706577e-03)
238.1         	2.663831e-04	(0.000000e+00 0.000000e+00 -5.706577e-03)
238.2         	2.663708e-04	(0.000000e+00 0.000000e+00 -5.706577e-03)
238.3         	2.663700e-04	(0.000000e+00 0.000000e+00 -5.706577e-03)
238.4         	2.663696e-04	(0.000000e+00 0.000000e+00 -5.706577e-03)
238.5         	2.663695e-04	(0.000000e+00 0.000000e+00 -5.706577e-03)
238.6         	2.663683e-04	(0.000000e+00 0.000000e+00 -5.706577e-03)
238.7         	2.663668e-04	(0.000000e+00 0.000000e+00 -5.706577e-03)
238.8         	2.663606e-04	(0.000000e+00 0.000000e+00 -5.706577e-03)
238.9         	2.663579e-04	(0.000000e+00 0.000000e+00 -5.706577e-03)
239           	2.663402e-04	(0.000000e+00 0.000000e+00 -5.706577e-03)
239.1         	2.663389e-04	(0.000000e+00 0.000000e+00 -5.706577e-03)
239.2         	2.663342e-04	(0.000000e+00 0.000000e+00 -5.706577e-03)
239.3         	2.663321e-04	(0.000000e+00 0.000000e+00 -5.706577e-03)
239.4         	2.663245e-04	(0.000000e+00 0.000000e+00 -5.706577e-03)
239.5         	2.663224e-04	(0.000000e+00 0.000000e+00 -5.706577e-03)
239.6         	2.663181e-04	(0.000000e+00 0.000000e+00 -5.706577e-03)
239.7         	2.663168e-04	(0.000000e+00 0.000000e+00 -5.706577e-03)
239.8         	2.663147e-04	(0.000000e+00 0.000000e+00 -5.706577e-03)
239.9         	2.663137e-04	(0.000000e+00 0.000000e+00 -5.706577e-03)
240           	2.663101e-04	(0.000000e+00 0.000000e+00 -5.706577e-03)
240.1         	2.663083e-04	(0.000000e+00 0.000000e+00 -5.706577e-03)
240.2         	2.662942e-04	(0.000000e+00 0.000000e+00 -5.706577e-03)
240.3         	2.662932e-04	(0.000000e+00 0.000000e+00 -5.706577e-03)
240.4         	2.662897e-04	(0.000000e+00 0.000000e+00 -5.706577e-03)
240.5         	2.662892e-04	(0.000000e+00 0.000000e+00 -5.706577e-03)
240.6         	2.662843e-04	(0.000000e+00 0.000000e+00 -5.706577e-03)
240.7         	2.662826e-04	(0.000000e+00 0.000000e+00 -5.706577e-03)
240.8         	2.662748e-04	(0.000000e+00 0.000000e+00 -5.706577e-03)
240.9         	2.662710e-04	(0.000000e+00 0.000000e+00 -5.706577e-03)
241           	2.662574e-04	(0.000000e+00 0.000000e+00 -5.706577e-03)
241.1         	2.662565e-04	(0.000000e+00 0.000000e+00 -5.706577e-03)
241.2         	2.662539e-04	(0.000000e+00 0.000000e+00 -5.706577e-03)
241.3         	2.662537e-04	(0.000000e+00 0.000000e+00 -5.706577e-03)
241.4         	2.662516e-04	(0.000000e+00 0.000000e+00 -5.706577e-03)
241.5         	2.662515e-04	(0.000000e+00 0.000000e+00 -5.706577e-03)
241.6         	2.662494e-04	(0.000000e+00 0.000000e+00 -5.706577e-03)
241.7         	2.662474e-04	(0.000000e+00 0.000000e+00 -5.706577e-03)
241.8         	2.662307e-04	(0.000000e+00 0.000000e+00 -5.706577e-03)
241.9         	2.662293e-04	(0.000000e+00 0.000000e+00 -5.706577e-03)
242           	2.662268e-04	(0.000000e+00 0.000000e+00 -5.706577e-03)
242.1         	2.662263e-04	(0.000000e+00 0.000000e+00 -5.706577e-03)
242.2         	2.662230e-04	(0.000000e+00 0.000000e+00 -5.706577e-03)
242.3         	2.662215e-04	(0.000000e+00 0.000000e+00 -5.706577e-03)
242.4         	2.662140e-04	(0.000000e+00 0.000000e+00 -5.706577e-03)
242.5         	2.662122e-04	(0.000000e+00 0.000000e+00 -5.706577e-03)
242.6         	2.662021e-04	(0.000000e+00 0.000000e+00 -5.706577e-03)
242.7         	2.662000e-04	(0.000000e+00 0.000000e+00 -5.706577e-03)
242.8         	2.661950e-04	(0.000000e+00 0.000000e+00 -5.706577e-03)
242.9         	2.661947e-04	(0.000000e+00 0.000000e+00 -5.706577e-03)
243           	2.661903e-04	(0.000000e+00 0.000000e+00 -5.706577e-03)
243.1         	2.661894e-04	(0.000000e+00 0.000000e+00 -5.706577e-03)
243.2         	2.661845e-04	(0.000000e+00 0.000000e+00 -5.706577e-03)
243.3         	2.661834e-04	(0.000000e+00 0.000000e+00 -5.706577e-03)
243.4         	2.661765e-04	(0.000000e+00 0.000000e+00 -5.706577e-03)
243.5         	2.661752e-04	(0.000000e+00 0.000000e+00 -5.706577e-03)
243.6         	2.661707e-04	(0.000000e+00 0.000000e+00 -5.706577e-03)
243.7         	2.661678e-04	(0.000000e+00 0.000000e+00 -5.706577e-03)
243.8         	2.661516e-04	(0.000000e+00 0.000000e+00 -5.706577e-03)
243.9         	2.661513e-04	(0.000000e+00 0.000000e+00 -5.706577e-03)
244           	2.661479e-04	(0.000000e+00 0.000000e+00 -5.706577e-03)
244.1         	2.661467e-04	(0.000000e+00 0.000000e+00 -5.706577e-03)
244.2         	2.661384e-04	(0.000000e+00 0.000000e+00 -5.706577e-03)
244.3         	2.661372e-04	(0.000000e+00 0.000000e+00 -5.706577e-03)
244.4         	2.661322e-04	(0.000000e+00 0.000000e+00 -5.706577e-03)
244.5         	2.661316e-04	(0.000000e+00 0.000000e+00 -5.706577e-03)
244.6         	2.661280e-04	(0.000000e+00 0.000000e+00 -5.706577e-03)
244.7         	2.661275e-04	(0.000000e+00 0.000000e+00 -5.706577e-03)
244.8         	2.661232e-04	(0.000000e+00 0.000000e+00 -5.706577e-03)
244.9         	2.661205e-04	(0.000000e+00 0.000000e+00 -5.706577e-03)
245           	2.661174e-04	(0.000000e+00 0.000000e+00 -5.706577e-03)
245.1         	2.661161e-04	(0.000000e+00 0.000000e+00 -5.706577e-03)
245.2         	2.661080e-04	(0.000000e+00 0.000000e+00 -5.706577e-03)
245.3         	2.661067e-04	(0.000000e+00 0.000000e+00 -5.706577e-03)
245.4         	2.660974e-04	(0.000000e+00 0.000000e+00 -5.706577e-03)
245.5         	2.660959e-04	(0.000000e+00 0.000000e+00 -5.706577e-03)
245.6         	2.660926e-04	(0.000000e+00 0.000000e+00 -5.706577e-03)
245.7         	2.660904e-04	(0.000000e+00 0.000000e+00 -5.706577e-03)
245.8         	2.660869e-04	(0.000000e+00 0.000000e+00 -5.706577e-03)
245.9         	2.660843e-04	(0.000000e+00 0.000000e+00 -5.706577e-03)
246           	2.660719e-04	(0.000000e+00 0.000000e+00 -5.706577e-03)
246.1         	2.660691e-04	(0.000000e+00 0.000000e+00 -5.706577e-03)
246.2         	2.660648e-04	(0.000000e+00 0.000000e+00 -5.706577e-03)
246.3         	2.660641e-04	(0.000000e+00 0.000000e+00 -5.706577e-03)
246.4         	2.660624e-04	(0.000000e+00 0.000000e+00 -5.706577e-03)
246.5         	2.660623e-04	(0.000000e+00 0.000000e+00 -5.706577e-03)
246.6         	2.660561e-04	(0.000000e+00 0.000000e+00 -5.706577e-03)
246.7         	2.660546e-04	(0.000000e+00 0.000000e+00 -5.706577e-03)
246.8         	2.660521e-04	(0.000000e+00 0.000000e+00 -5.706577e-03)
246.9         	2.660510e-04	(0.000000e+00 0.000000e+00 -5.706577e-03)
247           	2.660441e-04	(0.000000e+00 0.000000e+00 -5.706577e-03)
247.1         	2.660421e-04	(0.000000e+00 0.000000e+00 -5.706577e-03)
247.2         	2.660382e-04	(0.000000e+00 0.000000e+00 -5.706577e-03)
247.3         	2.660347e-04	(0.000000e+00 0.000000e+00 -5.706577e-03)
247.4         	2.660211e-04	(0.000000e+00 0.000000e+00 -5.706577e-03)
247.5         	2.660198e-04	(0.000000e+00 0.000000e+00 -5.706577e-03)
247.6         	2.660186e-04	(0.000000e+00 0.000000e+00 -5.706577e-03)
247.7         	2.660162e-04	(0.000000e+00 0.000000e+00 -5.706577e-03)
247.8         	2.660051e-04	(0.000000e+00 0.000000e+00 -5.706577e-03)
247.9         	2.660037e-04	(0.000000e+00 0.000000e+00 -5.706577e-03)
248           	2.660018e-04	(0.000000e+00 0.000000e+00 -5.706577e-03)
248.1         	2.660015e-04	(0.000000e+00 0.000000e+00 -5.706577e-03)
248.2         	2.659985e-04	(0.000000e+00 0.000000e+00 -5.706577e-03)
248.3         	2.659977e-04	(0.000000e+00 0.000000e+00 -5.706577e-03)
248.4         	2.659958e-04	(0.000000e+00 0.000000e+00 -5.706577e-03)
248.5         	2.659940e-04	(0.000000e+00 0.000000e+00 -5.706577e-03)
248.6         	2.659860e-04	(0.000000e+00 0.000000e+00 -5.706577e-03)
248.7         	2.659833e-04	(0.000000e+00 0.000000e+00 -5.706577e-03)
248.8         	2.659732e-04	(0.000000e+00 0.000000e+00 -5.706577e-03)
248.9         	2.659716e-04	(0.000000e+00 0.000000e+00 -5.706577e-03)
249           	2.659686e-04	(0.000000e+00 0.000000e+00 -5.706577e-03)
249.1         	2.659676e-04	(0.000000e+00 0.000000e+00 -5.706577e-03)
249.2         	2.659611e-04	(0.000000e+00 0.000000e+00 -5.706577e-03)
249.3         	2.659599e-04	(0.000000e+00 0.000000e+00 -5.706577e-03)
249.4         	2.659523e-04	(0.000000e+00 0.000000e+00 -5.706577e-03)
249.5         	2.659511e-04	(0.000000e+00 0.000000e+00 -5.706577e-03)
249.6         	2.659460e-04	(0.000000e+00 0.000000e+00 -5.706577e-03)
249.7         	2.659441e-04	(0.000000e+00 0.000000e+00 -5.706577e-03)
249.8         	2.659407e-04	(0.000000e+00 0.000000e+00 -5.706577e-03)
249.9         	2.659394e-04	(0.000000e+00 0.000000e+00 -5.706577e-03)
250           	2.659281e-04	(0.000000e+00 0.000000e+00 -5.706577e-03)
250.1         	2.659269e-04	(0.000000e+00 0.000000e+00 -5.706577e-03)
250.2         	2.659239e-04	(0.000000e+00 0.000000e+00 -5.706577e-03)
250.3         	2.659234e-04	(0.000000e+00 0.000000e+00 -5.706577e-03)
250.4         	2.659160e-04	(0.000000e+00 0.000000e+00 -5.706577e-03)
250.5         	2.659152e-04	(0.000000e+00 0.000000e+00 -5.706577e-03)
250.6         	2.659124e-04	(0.000000e+00 0.000000e+00 -5.706577e-03)
250.7         	2.659114e-04	(0.000000e+00 0.000000e+00 -5.706577e-03)
250.8         	2.659033e-04	(0.000000e+00 0.000000e+00 -5.706577e-03)
250.9         	2.659013e-04	(0.000000e+00 0.000000e+00 -5.706577e-03)
251           	2.658953e-04	(0.000000e+00 0.000000e+00 -5.706577e-03)
251.1         	2.658940e-04	(0.000000e+00 0.000000e+00 -5.706577e-03)
251.2         	2.658889e-04	(0.000000e+00 0.000000e+00 -5.706577e-03)
251.3         	2.658884e-04	(0.000000e+00 0.000000e+00 -5.706577e-03)
251.4         	2.658832e-04	(0.000000e+00 0.000000e+00 -5.706577e-03)
251.5         	2.658827e-04	(0.000000e+00 0.000000e+00 -5.706577e-03)
251.6         	2.658778e-04	(0.000000e+00 0.000000e+00 -5.706577e-03)
251.7         	2.658766e-04	(0.000000e+00 0.000000e+00 -5.706577e-03)
251.8         	2.658700e-04	(0.000000e+00 0.000000e+00 -5.706577e-03)
251.9         	2.658690e-04	(0.000000e+00 0.000000e+00 -5.706577e-03)
252           	2.658669e-04	(0.000000e+00 0.000000e+00 -5.706577e-03)
252.1         	2.658664e-04	(0.000000e+00 0.000000e+00 -5.706577e-03)
252.2         	2.658607e-04	(0.000000e+00 0.000000e+00 -5.706577e-03)
252.3         	2.658576e-04	(0.000000e+00 0.000000e+00 -5.706577e-03)
252.4         	2.658434e-04	(0.000000e+00 0.000000e+00 -5.706577e-03)
252.5         	2.658417e-04	(0.000000e+00 0.000000e+00 -5.706577e-03)
252.6         	2.658360e-04	(0.000000e+00 0.000000e+00 -5.706577e-03)
252.7         	2.658359e-04	(0.000000e+00 0.000000e+00 -5.706577e-03)
252.8         	2.658352e-04	(0.000000e+00 0.000000e+00 -5.706577e-03)
252.9         	2.658344e-04	(0.000000e+00 0.000000e+00 -5.706577e-03)
253           	2.658305e-04	(0.000000e+00 0.000000e+00 -5.706577e-03)
253.1         	2.658294e-04	(0.000000e+00 0.000000e+00 -5.706577e-03)
253.2         	2.658276e-04	(0.000000e+00 0.000000e+00 -5.706577e-03)
253.3         	2.658268e-04	(0.000000e+00 0.000000e+00 -5.706577e-03)
253.4         	2.658178e-04	(0.000000e+00 0.000000e+00 -5.706577e-03)
253.5         	2.658162e-04	(0.000000e+00 0.000000e+00 -5.706577e-03)
253.6         	2.657988e-04	(0.000000e+00 0.000000e+00 -5.706577e-03)
253.7         	2.657982e-04	(0.000000e+00 0.000000e+00 -5.706577e-03)
253.8         	2.657974e-04	(0.000000e+00 0.000000e+00 -5.706577e-03)
253.9         	2.657973e-04	(0.000000e+00 0.000000e+00 -5.706577e-03)
254           	2.657956e-04	(0.000000e+00 0.000000e+00 -5.706577e-03)
254.1         	2.657952e-04	(0.000000e+00 0.000000e+00 -5.706577e-03)
254.2         	2.657918e-04	(0.000000e+00 0.000000e+00 -5.706577e-03)
254.3         	2.657909e-04	(0.000000e+00 0.000000e+00 -5.706577e-03)
254.4         	2.657861e-04	(0.000000e+00 0.000000e+00 -5.706577e-03)
254.5         	2.657848e-04	(0.000000e+00 0.000000e+00 -5.706577e-03)
254.6         	2.657774e-04	(0.000000e+00 0.000000e+00 -5.706577e-03)
254.7         	2.657749e-04	(0.000000e+00 0.000000e+00 -5.706577e-03)
254.8         	2.657567e-04	(0.000000e+00 0.000000e+00 -5.706577e-03)
254.9         	2.657564e-04	(0.000000e+00 0.000000e+00 -5.706577e-03)
255           	2.657566e-04	(0.000000e+00 0.000000e+00 -5.706577e-03)
255.1         	2.657572e-04	(0.000000e+00 0.000000e+00 -5.706577e-03)
255.2         	2.657571e-04	(0.000000e+00 0.000000e+00 -5.706577e-03)
255.3         	2.657571e-04	(0.000000e+00 0.000000e+00 -5.706577e-03)
255.4         	2.657559e-04	(0.000000e+00 0.000000e+00 -5.706577e-03)
255.5         	2.657546e-04	(0.000000e+00 0.000000e+00 -5.706577e-03)
255.6         	2.657497e-04	(0.000000e+00 0.000000e+00 -5.706577e-03)
255.7         	2.657484e-04	(0.000000e+00 0.000000e+00 -5.706577e-03)
255.8         	2.657422e-04	(0.000000e+00 0.000000e+00 -5.706577e-03)
255.9         	2.657403e-04	(0.000000e+00 0.000000e+00 -5.706577e-03)
256           	2.657264e-04	(0.000000e+00 0.000000e+00 -5.706577e-03)
256.1         	2.657239e-04	(0.000000e+00 0.000000e+00 -5.706577e-03)
256.2         	2.657170e-04	(0.000000e+00 0.000000e+00 -5.706577e-03)
256.3         	2.657158e-04	(0.000000e+00 0.000000e+00 -5.706577e-03)
256.4         	2.657141e-04	(0.000000e+00 0.000000e+00 -5.706577e-03)
256.5         	2.657139e-04	(0.000000e+00 0.000000e+00 -5.706577e-03)
256.6         	2.657114e-04	(0.000000e+00 0.000000e+00 -5.706577e-03)
256.7         	2.657093e-04	(0.000000e+00 0.000000e+00 -5.706577e-03)
256.8         	2.657029e-04	(0.000000e+00 0.000000e+00 -5.706577e-03)
256.9         	2.657019e-04	(0.000000e+00 0.000000e+00 -5.706577e-03)
257           	2.657002e-04	(0.000000e+00 0.000000e+00 -5.706577e-03)
257.1         	2.656985e-04	(0.000000e+00 0.000000e+00 -5.706577e-03)
257.2         	2.656935e-04	(0.000000e+00 0.000000e+00 -5.706577e-03)
257.3         	2.656911e-04	(0.000000e+00 0.000000e+00 -5.706577e-03)
257.4         	2.656803e-04	(0.000000e+00 0.000000e+00 -5.706577e-03)
257.5         	2.656794e-04	(0.000000e+00 0.000000e+00 -5.706577e-03)
257.6         	2.656765e-04	(0.000000e+00 0.000000e+00 -5.706577e-03)
257.7         	2.656760e-04	(0.000000e+00 0.000000e+00 -5.706577e-03)
257.8         	2.656694e-04	(0.000000e+00 0.000000e+00 -5.706577e-03)
257.9         	2.656680e-04	(0.000000e+00 0.000000e+00 -5.706577e-03)
258           	2.656603e-04	(0.000000e+00 0.000000e+00 -5.706577e-03)
258.1         	2.656595e-04	(0.000000e+00 0.000000e+00 -5.706577e-03)
258.2         	2.656584e-04	(0.000000e+00 0.000000e+00 -5.706577e-03)
258.3         	2.656584e-04	(0.000000e+00 0.000000e+00 -5.706577e-03)
258.4         	2.656558e-04	(0.000000e+00 0.000000e+00 -5.706577e-03)
258.5         	2.656550e-04	(0.000000e+00 0.000000e+00 -5.706577e-03)
258.6         	2.656479e-04	(0.000000e+00 0.000000e+00 -5.706577e-03)
258.7         	2.656471e-04	(0.000000e+00 0.000000e+00 -5.706577e-03)
258.8         	2.656426e-04	(0.000000e+00 0.000000e+00 -5.706577e-03)
258.9         	2.656405e-04	(0.000000e+00 0.000000e+00 -5.706577e-03)
259           	2.656300e-04	(0.000000e+00 0.000000e+00 -5.706577e-03)
259.1         	2.656295e-04	(0.000000e+00 0.000000e+00 -5.706577e-03)
259.2         	2.656273e-04	(0.000000e+00 0.000000e+00 -5.706577e-03)
259.3         	2.656269e-04	(0.000000e+00 0.000000e+00 -5.706577e-03)
259.4         	2.656234e-04	(0.000000e+00 0.000000e+00 -5.706577e-03)
259.5         	2.656222e-04	(0.000000e+00 0.000000e+00 -5.706577e-03)
259.6         	2.656156e-04	(0.000000e+00 0.000000e+00 -5.706577e-03)
259.7         	2.656142e-04	(0.000000e+00 0.000000e+00 -5.706577e-03)
259.8         	2.656125e-04	(0.000000e+00 0.000000e+00 -5.706577e-03)
259.9         	2.656101e-04	(0.000000e+00 0.000000e+00 -5.706577e-03)
260           	2.656018e-04	(0.000000e+00 0.000000e+00 -5.706577e-03)
260.1         	2.655984e-04	(0.000000e+00 0.000000e+00 -5.706577e-03)
260.2         	2.655898e-04	(0.000000e+00 0.000000e+00 -5.706577e-03)
260.3         	2.655888e-04	(0.000000e+00 0.000000e+00 -5.706577e-03)
260.4         	2.655863e-04	(0.000000e+00 0.000000e+00 -5.706577e-03)
260.5         	2.655858e-04	(0.000000e+00 0.000000e+00 -5.706577e-03)
260.6         	2.655842e-04	(0.000000e+00 0.000000e+00 -5.706577e-03)
260.7         	2.655844e-04	(0.000000e+00 0.000000e+00 -5.706577e-03)
260.8         	2.655841e-04	(0.000000e+00 0.000000e+00 -5.706577e-03)
260.9         	2.655832e-04	(0.000000e+00 0.000000e+00 -5.706577e-03)
261           	2.655755e-04	(0.000000e+00 0.000000e+00 -5.706577e-03)
261.1         	2.655730e-04	(0.000000e+00 0.000000e+00 -5.706577e-03)
261.2         	2.655659e-04	(0.000000e+00 0.000000e+00 -5.706577e-03)
261.3         	2.655646e-04	(0.000000e+00 0.000000e+00 -5.706577e-03)
261.4         	2.655619e-04	(0.000000e+00 0.000000e+00 -5.706577e-03)
261.5         	2.655614e-04	(0.000000e+00 0.000000e+00 -5.706577e-03)
261.6         	2.655524e-04	(0.000000e+00 0.000000e+00 -5.706577e-03)
261.7         	2.655502e-04	(0.000000e+00 0.000000e+00 -5.706577e-03)
261.8         	2.655459e-04	(0.000000e+00 0.000000e+00 -5.706577e-03)
261.9         	2.655450e-04	(0.000000e+00 0.000000e+00 -5.706577e-03)
262           	2.655428e-04	(0.000000e+00 0.000000e+00 -5.706577e-03)
262.1         	2.655417e-04	(0.000000e+00 0.000000e+00 -5.706577e-03)
262.2         	2.655377e-04	(0.000000e+00 0.000000e+00 -5.706577e-03)
262.3         	2.655358e-04	(0.000000e+00 0.000000e+00 -5.706577e-03)
262.4         	2.655296e-04	(0.000000e+00 0.000000e+00 -5.706577e-03)
262.5         	2.655282e-04	(0.000000e+00 0.000000e+00 -5.706577e-03)
262.6         	2.655228e-04	(0.000000e+00 0.000000e+00 -5.706577e-03)
262.7         	2.655228e-04	(0.000000e+00 0.000000e+00 -5.706577e-03)
262.8         	2.655215e-04	(0.000000e+00 0.000000e+00 -5.706577e-03)
262.9         	2.655206e-04	(0.000000e+00 0.000000e+00 -5.706577e-03)
263           	2.655178e-04	(0.000000e+00 0.000000e+00 -5.706577e-03)
263.1         	2.655170e-04	(0.000000e+00 0.000000e+00 -5.706577e-03)
263.2         	2.655099e-04	(0.000000e+00 0.000000e+00 -5.706577e-03)
263.3         	2.655081e-04	(0.000000e+00 0.000000e+00 -5.706577e-03)
263.4         	2.655059e-04	(0.000000e+00 0.000000e+00 -5.706577e-03)
263.5         	2.655043e-04	(0.000000e+00 0.000000e+00 -5.706577e-03)
263.6         	2.654958e-04	(0.000000e+00 0.000000e+00 -5.706577e-03)
263.7         	2.654929e-04	(0.000000e+00 0.000000e+00 -5.706577e-03)
263.8         	2.654836e-04	(0.000000e+00 0.000000e+00 -5.706577e-03)
263.9         	2.654829e-04	(0.000000e+00 0.000000e+00 -5.706577e-03)
264           	2.654807e-04	(0.000000e+00 0.000000e+00 -5.706577e-03)
264.1         	2.654799e-04	(0.000000e+00 0.000000e+00 -5.706577e-03)
264.2         	2.654758e-04	(0.000000e+00 0.000000e+00 -5.706577e-03)
264.3         	2.654751e-04	(0.000000e+00 0.000000e+00 -5.706577e-03)
264.4         	2.654711e-04	(0.000000e+00 0.000000e+00 -5.706577e-03)
264.5         	2.654705e-04	(0.000000e+00 0.000000e+00 -5.706577e-03)
264.6         	2.654684e-04	(0.000000e+00 0.000000e+00 -5.706577e-03)
264.7         	2.654666e-04	(0.000000e+00 0.000000e+00 -5.706577e-03)
264.8         	2.654613e-04	(0.000000e+00 0.000000e+00 -5.706577e-03)
264.9         	2.654599e-04	(0.000000e+00 0.000000e+00 -5.706577e-03)
265           	2.654556e-04	(0.000000e+00 0.000000e+00 -5.706577e-03)
265.1         	2.654544e-04	(0.000000e+00 0.000000e+00 -5.706577e-03)
265.2         	2.654489e-04	(0.000000e+00 0.000000e+00 -5.706577e-03)
265.3         	2.654470e-04	(0.000000e+00 0.000000e+00 -5.706577e-03)
265.4         	2.654409e-04	(0.000000e+00 0.000000e+00 -5.706577e-03)
265.5         	2.654400e-04	(0.000000e+00 0.000000e+00 -5.706577e-03)
265.6         	2.654371e-04	(0.000000e+00 0.000000e+00 -5.706577e-03)
265.7         	2.654356e-04	(0.000000e+00 0.000000e+00 -5.706577e-03)
265.8         	2.654255e-04	(0.000000e+00 0.000000e+00 -5.706577e-03)
265.9         	2.654242e-04	(0.000000e+00 0.000000e+00 -5.706577e-03)
266           	2.654176e-04	(0.000000e+00 0.000000e+00 -5.706577e-03)
266.1         	2.654171e-04	(0.000000e+00 0.000000e+00 -5.706577e-03)
266.2         	2.654168e-04	(0.000000e+00 0.000000e+00 -5.706577e-03)
266.3         	2.654166e-04	(0.000000e+00 0.000000e+00 -5.706577e-03)
266.4         	2.654138e-04	(0.000000e+00 0.000000e+00 -5.706577e-03)
266.5         	2.654132e-04	(0.000000e+00 0.000000e+00 -5.706577e-03)
266.6         	2.654101e-04	(0.000000e+00 0.000000e+00 -5.706577e-03)
266.7         	2.654092e-04	(0.000000e+00 0.000000e+00 -5.706577e-03)
266.8         	2.654058e-04	(0.000000e+00 0.000000e+00 -5.706577e-03)
266.9         	2.654055e-04	(0.000000e+00 0.000000e+00 -5.706577e-03)
267           	2.653995e-04	(0.000000e+00 0.000000e+00 -5.706577e-03)
267.1         	2.653881e-04	(0.000000e+00 0.000000e+00 -5.706577e-03)
267.2         	2.653832e-04	(0.000000e+00 0.000000e+00 -5.706577e-03)
267.3         	2.653791e-04	(0.000000e+00 0.000000e+00 -5.706577e-03)
267.4         	2.653775e-04	(0.000000e+00 0.000000e+00 -5.706577e-03)
267.5         	2.653768e-04	(0.000000e+00 0.000000e+00 -5.706577e-03)
267.6         	2.653762e-04	(0.000000e+00 0.000000e+00 -5.706577e-03)
267.7         	2.653756e-04	(0.000000e+00 0.000000e+00 -5.706577e-03)
267.8         	2.653754e-04	(0.000000e+00 0.000000e+00 -5.706577e-03)
267.9         	2.653753e-04	(0.000000e+00 0.000000e+00 -5.706577e-03)
268           	2.653751e-04	(0.000000e+00 0.000000e+00 -5.706577e-03)
268.1         	2.653720e-04	(0.000000e+00 0.000000e+00 -5.706577e-03)
268.2         	2.653711e-04	(0.000000e+00 0.000000e+00 -5.706577e-03)
268.3         	2.653655e-04	(0.000000e+00 0.000000e+00 -5.706577e-03)
268.4         	2.653624e-04	(0.000000e+00 0.000000e+00 -5.706577e-03)
268.5         	2.653526e-04	(0.000000e+00 0.000000e+00 -5.706577e-03)
268.6         	2.653509e-04	(0.000000e+00 0.000000e+00 -5.706577e-03)
268.7         	2.653428e-04	(0.000000e+00 0.000000e+00 -5.706577e-03)
268.8         	2.653364e-04	(0.000000e+00 0.000000e+00 -5.706577e-03)
268.9         	2.653325e-04	(0.000000e+00 0.000000e+00 -5.706577e-03)
269           	2.653309e-04	(0.000000e+00 0.000000e+00 -5.706577e-03)
269.1         	2.653311e-04	(0.000000e+00 0.000000e+00 -5.706577e-03)
269.2         	2.653319e-04	(0.000000e+00 0.000000e+00 -5.706577e-03)
269.3         	2.653322e-04	(0.000000e+00 0.000000e+00 -5.706577e-03)
269.4         	2.653320e-04	(0.000000e+00 0.000000e+00 -5.706577e-03)
269.5         	2.653315e-04	(0.000000e+00 0.000000e+00 -5.706577e-03)
269.6         	2.653288e-04	(0.000000e+00 0.000000e+00 -5.706577e-03)
269.7         	2.653275e-04	(0.000000e+00 0.000000e+00 -5.706577e-03)
269.8         	2.653221e-04	(0.000000e+00 0.000000e+00 -5.706577e-03)
269.9         	2.653206e-04	(0.000000e+00 0.000000e+00 -5.706577e-03)
270           	2.653152e-04	(0.000000e+00 0.000000e+00 -5.706577e-03)
270.1         	2.653132e-04	(0.000000e+00 0.000000e+00 -5.706577e-03)
270.2         	2.653090e-04	(0.000000e+00 0.000000e+00 -5.706577e-03)
270.3         	2.653073e-04	(0.000000e+00 0.000000e+00 -5.706577e-03)
270.4         	2.652974e-04	(0.000000e+00 0.000000e+00 -5.706577e-03)
270.5         	2.652926e-04	(0.000000e+00 0.000000e+00 -5.706577e-03)
270.6         	2.652903e-04	(0.000000e+00 0.000000e+00 -5.706577e-03)
270.7         	2.652887e-04	(0.000000e+00 0.000000e+00 -5.706577e-03)
270.8         	2.652868e-04	(0.000000e+00 0.000000e+00 -5.706577e-03)
270.9         	2.652848e-04	(0.000000e+00 0.000000e+00 -5.706577e-03)
271           	2.652846e-04	(0.000000e+00 0.000000e+00 -5.706577e-03)
271.1         	2.652847e-04	(0.000000e+00 0.000000e+00 -5.706577e-03)
271.2         	2.652850e-04	(0.000000e+00 0.000000e+00 -5.706577e-03)
271.3         	2.652844e-04	(0.000000e+00 0.000000e+00 -5.706577e-03)
271.4         	2.652840e-04	(0.000000e+00 0.000000e+00 -5.706577e-03)
271.5         	2.652812e-04	(0.000000e+00 0.000000e+00 -5.706577e-03)
271.6         	2.652801e-04	(0.000000e+00 0.000000e+00 -5.706577e-03)
271.7         	2.652723e-04	(0.000000e+00 0.000000e+00 -5.706577e-03)
271.8         	2.652704e-04	(0.000000e+00 0.000000e+00 -5.706577e-03)
271.9         	2.652612e-04	(0.000000e+00 0.000000e+00 -5.706577e-03)
272           	2.652600e-04	(0.000000e+00 0.000000e+00 -5.706577e-03)
272.1         	2.652559e-04	(0.000000e+00 0.000000e+00 -5.706577e-03)
272.2         	2.652547e-04	(0.000000e+00 0.000000e+00 -5.706577e-03)
272.3         	2.652500e-04	(0.000000e+00 0.000000e+00 -5.706577e-03)
272.4         	2.652496e-04	(0.000000e+00 0.000000e+00 -5.706577e-03)
272.5         	2.652485e-04	(0.000000e+00 0.000000e+00 -5.706577e-03)
272.6         	2.652478e-04	(0.000000e+00 0.000000e+00 -5.706577e-03)
272.7         	2.652443e-04	(0.000000e+00 0.000000e+00 -5.706577e-03)
272.8         	2.652433e-04	(0.000000e+00 0.000000e+00 -5.706577e-03)
272.9         	2.652410e-04	(0.000000e+00 0.000000e+00 -5.706577e-03)
273           	2.652392e-04	(0.000000e+00 0.000000e+00 -5.706577e-03)
273.1         	2.652343e-04	(0.000000e+00 0.000000e+00 -5.706577e-03)
273.2         	2.652331e-04	(0.000000e+00 0.000000e+00 -5.706577e-03)
273.3         	2.652273e-04	(0.000000e+00 0.000000e+00 -5.706577e-03)
273.4         	2.652256e-04	(0.000000e+00 0.000000e+00 -5.706577e-03)
273.5         	2.652202e-04	(0.000000e+00 0.000000e+00 -5.706577e-03)
273.6         	2.652191e-04	(0.000000e+00 0.000000e+00 -5.706577e-03)
273.7         	2.652148e-04	(0.000000e+00 0.000000e+00 -5.706577e-03)
273.8         	2.652143e-04	(0.000000e+00 0.000000e+00 -5.706577e-03)
273.9         	2.652122e-04	(0.000000e+00 0.000000e+00 -5.706577e-03)
274           	2.652118e-04	(0.000000e+00 0.000000e+00 -5.706577e-03)
274.1         	2.652091e-04	(0.000000e+00 0.000000e+00 -5.706577e-03)
274.2         	2.652081e-04	(0.000000e+00 0.000000e+00 -5.706577e-03)
274.3         	2.652040e-04	(0.000000e+00 0.000000e+00 -5.706577e-03)
274.4         	2.651972e-04	(0.000000e+00 0.000000e+00 -5.706577e-03)
274.5         	2.651948e-04	(0.000000e+00 0.000000e+00 -5.706577e-03)
274.6         	2.651922e-04	(0.000000e+00 0.000000e+00 -5.706577e-03)
274.7         	2.651918e-04	(0.000000e+00 0.000000e+00 -5.706577e-03)
274.8         	2.651908e-04	(0.000000e+00 0.000000e+00 -5.706577e-03)
274.9         	2.651907e-04	(0.000000e+00 0.000000e+00 -5.706577e-03)
275           	2.651889e-04	(0.000000e+00 0.000000e+00 -5.706577e-03)
275.1         	2.651879e-04	(0.000000e+00 0.000000e+00 -5.706577e-03)
275.2         	2.651843e-04	(0.000000e+00 0.000000e+00 -5.706577e-03)
275.3         	2.651832e-04	(0.000000e+00 0.000000e+00 -5.706577e-03)
275.4         	2.651800e-04	(0.000000e+00 0.000000e+00 -5.706577e-03)
275.5         	2.651786e-04	(0.000000e+00 0.000000e+00 -5.706577e-03)
275.6         	2.651726e-04	(0.000000e+00 0.000000e+00 -5.706577e-03)
275.7         	2.651696e-04	(0.000000e+00 0.000000e+00 -5.706577e-03)
275.8         	2.651645e-04	(0.000000e+00 0.000000e+00 -5.706577e-03)
275.9         	2.651625e-04	(0.000000e+00 0.000000e+00 -5.706577e-03)
276           	2.651539e-04	(0.000000e+00 0.000000e+00 -5.706577e-03)
276.1         	2.651530e-04	(0.000000e+00 0.000000e+00 -5.706577e-03)
276.2         	2.651501e-04	(0.000000e+00 0.000000e+00 -5.706577e-03)
276.3         	2.651494e-04	(0.000000e+00 0.000000e+00 -5.706577e-03)
276.4         	2.651458e-04	(0.000000e+00 0.000000e+00 -5.706577e-03)
276.5         	2.651454e-04	(0.000000e+00 0.000000e+00 -5.706577e-03)
276.6         	2.651434e-04	(0.000000e+00 0.000000e+00 -5.706577e-03)
276.7         	2.651429e-04	(0.000000e+00 0.000000e+00 -5.706577e-03)
276.8         	2.651405e-04	(0.000000e+00 0.000000e+00 -5.706577e-03)
276.9         	2.651372e-04	(0.000000e+00 0.000000e+00 -5.706577e-03)
277           	2.651351e-04	(0.000000e+00 0.000000e+00 -5.706577e-03)
277.1         	2.651339e-04	(0.000000e+00 0.000000e+00 -5.706577e-03)
277.2         	2.651317e-04	(0.000000e+00 0.000000e+00 -5.706577e-03)
277.3         	2.651310e-04	(0.000000e+00 0.000000e+00 -5.706577e-03)
277.4         	2.651293e-04	(0.000000e+00 0.000000e+00 -5.706577e-03)
277.5         	2.651286e-04	(0.000000e+00 0.000000e+00 -5.706577e-03)
277.6         	2.651266e-04	(0.000000e+00 0.000000e+00 -5.706577e-03)
277.7         	2.651258e-04	(0.000000e+00 0.000000e+00 -5.706577e-03)
277.8         	2.651172e-04	(0.000000e+00 0.000000e+00 -5.706577e-03)
277.9         	2.651155e-04	(0.000000e+00 0.000000e+00 -5.706577e-03)
278           	2.651088e-04	(0.000000e+00 0.000000e+00 -5.706577e-03)
278.1         	2.651078e-04	(0.000000e+00 0.000000e+00 -5.706577e-03)
278.2         	2.651059e-04	(0.000000e+00 0.000000e+00 -5.706577e-03)
278.3         	2.651048e-04	(0.000000e+00 0.000000e+00 -5.706577e-03)
278.4         	2.650971e-04	(0.000000e+00 0.000000e+00 -5.706577e-03)
278.5         	2.650961e-04	(0.000000e+00 0.000000e+00 -5.706577e-03)
278.6         	2.650938e-04	(0.000000e+00 0.000000e+00 -5.706577e-03)
278.7         	2.650932e-04	(0.000000e+00 0.000000e+00 -5.706577e-03)
278.8         	2.650912e-04	(0.000000e+00 0.000000e+00 -5.706577e-03)
278.9         	2.650904e-04	(0.000000e+00 0.000000e+00 -5.706577e-03)
279           	2.650874e-04	(0.000000e+00 0.000000e+00 -5.706577e-03)
279.1         	2.650868e-04	(0.000000e+00 0.000000e+00 -5.706577e-03)
279.2         	2.650846e-04	(0.000000e+00 0.000000e+00 -5.706577e-03)
279.3         	2.650842e-04	(0.000000e+00 0.000000e+00 -5.706577e-03)
279.4         	2.650822e-04	(0.000000e+00 0.000000e+00 -5.706577e-03)
279.5         	2.650793e-04	(0.000000e+00 0.000000e+00 -5.706577e-03)
279.6         	2.650732e-04	(0.000000e+00 0.000000e+00 -5.706577e-03)
279.7         	2.650706e-04	(0.000000e+00 0.000000e+00 -5.706577e-03)
279.8         	2.650683e-04	(0.000000e+00 0.000000e+00 -5.706577e-03)
279.9         	2.650659e-04	(0.000000e+00 0.000000e+00 -5.706577e-03)
280           	2.650649e-04	(0.000000e+00 0.000000e+00 -5.706577e-03)
280.1         	2.650634e-04	(0.000000e+00 0.000000e+00 -5.706577e-03)
280.2         	2.650629e-04	(0.000000e+00 0.000000e+00 -5.706577e-03)
280.3         	2.650621e-04	(0.000000e+00 0.000000e+00 -5.706577e-03)
280.4         	2.650619e-04	(0.000000e+00 0.000000e+00 -5.706577e-03)
280.5         	2.650592e-04	(0.000000e+00 0.000000e+00 -5.706577e-03)
280.6         	2.650579e-04	(0.000000e+00 0.000000e+00 -5.706577e-03)
280.7         	2.650521e-04	(0.000000e+00 0.000000e+00 -5.706577e-03)
280.8         	2.650505e-04	(0.000000e+00 0.000000e+00 -5.706577e-03)
280.9         	2.650471e-04	(0.000000e+00 0.000000e+00 -5.706577e-03)
281           	2.650455e-04	(0.000000e+00 0.000000e+00 -5.706577e-03)
281.1         	2.650389e-04	(0.000000e+00 0.000000e+00 -5.706577e-03)
281.2         	2.650381e-04	(0.000000e+00 0.000000e+00 -5.706577e-03)
281.3         	2.650348e-04	(0.000000e+00 0.000000e+00 -5.706577e-03)
281.4         	2.650251e-04	(0.000000e+00 0.000000e+00 -5.706577e-03)
281.5         	2.650231e-04	(0.000000e+00 0.000000e+00 -5.706577e-03)
281.6         	2.650222e-04	(0.000000e+00 0.000000e+00 -5.706577e-03)
281.7         	2.650224e-04	(0.000000e+00 0.000000e+00 -5.706577e-03)
281.8         	2.650226e-04	(0.000000e+00 0.000000e+00 -5.706577e-03)
281.9         	2.650224e-04	(0.000000e+00 0.000000e+00 -5.706577e-03)
282           	2.650215e-04	(0.000000e+00 0.000000e+00 -5.706577e-03)
282.1         	2.650202e-04	(0.000000e+00 0.000000e+00 -5.706577e-03)
282.2         	2.650189e-04	(0.000000e+00 0.000000e+00 -5.706577e-03)
282.3         	2.650169e-04	(0.000000e+00 0.000000e+00 -5.706577e-03)
282.4         	2.650148e-04	(0.000000e+00 0.000000e+00 -5.706577e-03)
282.5         	2.650145e-04	(0.000000e+00 0.000000e+00 -5.706577e-03)
282.6         	2.650130e-04	(0.000000e+00 0.000000e+00 -5.706577e-03)
282.7         	2.650123e-04	(0.000000e+00 0.000000e+00 -5.706577e-03)
282.8         	2.650086e-04	(0.000000e+00 0.000000e+00 -5.706577e-03)
282.9         	2.650075e-04	(0.000000e+00 0.000000e+00 -5.706577e-03)
283           	2.650030e-04	(0.000000e+00 0.000000e+00 -5.706577e-03)
283.1         	2.650012e-04	(0.000000e+00 0.000000e+00 -5.706577e-03)
283.2         	2.649891e-04	(0.000000e+00 0.000000e+00 -5.706577e-03)
283.3         	2.649807e-04	(0.000000e+00 0.000000e+00 -5.706577e-03)
283.4         	2.649781e-04	(0.000000e+00 0.000000e+00 -5.706577e-03)
283.5         	2.649759e-04	(0.000000e+00 0.000000e+00 -5.706577e-03)
283.6         	2.649755e-04	(0.000000e+00 0.000000e+00 -5.706577e-03)
283.7         	2.649758e-04	(0.000000e+00 0.000000e+00 -5.706577e-03)
283.8         	2.649758e-04	(0.000000e+00 0.000000e+00 -5.706577e-03)
283.9         	2.649758e-04	(0.000000e+00 0.000000e+00 -5.706577e-03)
284           	2.649760e-04	(0.000000e+00 0.000000e+00 -5.706577e-03)
284.1         	2.649761e-04	(0.000000e+00 0.000000e+00 -5.706577e-03)
284.2         	2.649764e-04	(0.000000e+00 0.000000e+00 -5.706577e-03)
284.3         	2.649759e-04	(0.000000e+00 0.000000e+00 -5.706577e-03)
284.4         	2.649749e-04	(0.000000e+00 0.000000e+00 -5.706577e-03)
284.5         	2.649746e-04	(0.000000e+00 0.000000e+00 -5.706577e-03)
284.6         	2.649742e-04	(0.000000e+00 0.000000e+00 -5.706577e-03)
284.7         	2.649737e-04	(0.000000e+00 0.000000e+00 -5.706577e-03)
284.8         	2.649692e-04	(0.000000e+00 0.000000e+00 -5.706577e-03)
284.9         	2.649681e-04	(0.000000e+00 0.000000e+00 -5.706577e-03)
285           	2.649515e-04	(0.000000e+00 0.000000e+00 -5.706577e-03)
285.1         	2.649499e-04	(0.000000e+00 0.000000e+00 -5.706577e-03)
285.2         	2.649464e-04	(0.000000e+00 0.000000e+00 -5.706577e-03)
285.3         	2.649456e-04	(0.000000e+00 0.000000e+00 -5.706577e-03)
285.4         	2.649439e-04	(0.000000e+00 0.000000e+00 -5.706577e-03)
285.5         	2.649418e-04	(0.000000e+00 0.000000e+00 -5.706577e-03)
285.6         	2.649398e-04	(0.000000e+00 0.000000e+00 -5.706577e-03)
285.7         	2.649389e-04	(0.000000e+00 0.000000e+00 -5.706577e-03)
285.8         	2.649377e-04	(0.000000e+00 0.000000e+00 -5.706577e-03)
285.9         	2.649378e-04	(0.000000e+00 0.000000e+00 -5.706577e-03)
286           	2.649374e-04	(0.000000e+00 0.000000e+00 -5.706577e-03)
286.1         	2.649370e-04	(0.000000e+00 0.000000e+00 -5.706577e-03)
286.2         	2.649347e-04	(0.000000e+00 0.000000e+00 -5.706577e-03)
286.3         	2.649333e-04	(0.000000e+00 0.000000e+00 -5.706577e-03)
286.4         	2.649305e-04	(0.000000e+00 0.000000e+00 -5.706577e-03)
286.5         	2.649297e-04	(0.000000e+00 0.000000e+00 -5.706577e-03)
286.6         	2.649264e-04	(0.000000e+00 0.000000e+00 -5.706577e-03)
286.7         	2.649250e-04	(0.000000e+00 0.000000e+00 -5.706577e-03)
286.8         	2.649188e-04	(0.000000e+00 0.000000e+00 -5.706577e-03)
286.9         	2.649168e-04	(0.000000e+00 0.000000e+00 -5.706577e-03)
287           	2.649127e-04	(0.000000e+00 0.000000e+00 -5.706577e-03)
287.1         	2.649100e-04	(0.000000e+00 0.000000e+00 -5.706577e-03)
287.2         	2.649065e-04	(0.000000e+00 0.000000e+00 -5.706577e-03)
287.3         	2.648976e-04	(0.000000e+00 0.000000e+00 -5.706577e-03)
287.4         	2.648909e-04	(0.000000e+00 0.000000e+00 -5.706577e-03)
287.5         	2.648894e-04	(0.000000e+00 0.000000e+00 -5.706577e-03)
287.6         	2.648893e-04	(0.000000e+00 0.000000e+00 -5.706577e-03)
287.7         	2.648895e-04	(0.000000e+00 0.000000e+00 -5.706577e-03)
287.8         	2.648896e-04	(0.000000e+00 0.000000e+00 -5.706577e-03)
287.9         	2.648900e-04	(0.000000e+00 0.000000e+00 -5.706577e-03)
288           	2.648903e-04	(0.000000e+00 0.000000e+00 -5.706577e-03)
288.1         	2.648913e-04	(0.000000e+00 0.000000e+00 -5.706577e-03)
288.2         	2.648917e-04	(0.000000e+00 0.000000e+00 -5.706577e-03)
288.3         	2.648919e-04	(0.000000e+00 0.000000e+00 -5.706577e-03)
288.4         	2.648915e-04	(0.000000e+00 0.000000e+00 -5.706577e-03)
288.5         	2.648906e-04	(0.000000e+00 0.000000e+00 -5.706577e-03)
288.6         	2.648901e-04	(0.000000e+00 0.000000e+00 -5.706577e-03)
288.7         	2.648879e-04	(0.000000e+00 0.000000e+00 -5.706577e-03)
288.8         	2.648874e-04	(0.000000e+00 0.000000e+00 -5.706577e-03)
288.9         	2.648833e-04	(0.000000e+00 0.000000e+00 -5.706577e-03)
289           	2.648821e-04	(0.000000e+00 0.000000e+00 -5.706577e-03)
289.1         	2.648674e-04	(0.000000e+00 0.000000e+00 -5.706577e-03)
289.2         	2.648663e-04	(0.000000e+00 0.000000e+00 -5.706577e-03)
289.3         	2.648637e-04	(0.000000e+00 0.000000e+00 -5.706577e-03)
289.4         	2.648627e-04	(0.000000e+00 0.000000e+00 -5.706577e-03)
289.5         	2.648586e-04	(0.000000e+00 0.000000e+00 -5.706577e-03)
289.6         	2.648580e-04	(0.000000e+00 0.000000e+00 -5.706577e-03)
289.7         	2.648553e-04	(0.000000e+00 0.000000e+00 -5.706577e-03)
289.8         	2.648550e-04	(0.000000e+00 0.000000e+00 -5.706577e-03)
289.9         	2.648530e-04	(0.000000e+00 0.000000e+00 -5.706577e-03)
290           	2.648527e-04	(0.000000e+00 0.000000e+00 -5.706577e-03)
290.1         	2.648513e-04	(0.000000e+00 0.000000e+00 -5.706577e-03)
290.2         	2.648506e-04	(0.000000e+00 0.000000e+00 -5.706577e-03)
290.3         	2.648480e-04	(0.000000e+00 0.000000e+00 -5.706577e-03)
290.4         	2.648473e-04	(0.000000e+00 0.000000e+00 -5.706577e-03)
290.5         	2.648460e-04	(0.000000e+00 0.000000e+00 -5.706577e-03)
290.6         	2.648463e-04	(0.000000e+00 0.000000e+00 -5.706577e-03)
290.7         	2.648461e-04	(0.000000e+00 0.000000e+00 -5.706577e-03)
290.8         	2.648451e-04	(0.000000e+00 0.000000e+00 -5.706577e-03)
290.9         	2.648388e-04	(0.000000e+00 0.000000e+00 -5.706577e-03)
291           	2.648375e-04	(0.000000e+00 0.000000e+00 -5.706577e-03)
291.1         	2.648342e-04	(0.000000e+00 0.000000e+00 -5.706577e-03)
291.2         	2.648335e-04	(0.000000e+00 0.000000e+00 -5.706577e-03)
291.3         	2.648294e-04	(0.000000e+00 0.000000e+00 -5.706577e-03)
291.4         	2.648282e-04	(0.000000e+00 0.000000e+00 -5.706577e-03)
291.5         	2.648246e-04	(0.000000e+00 0.000000e+00 -5.706577e-03)
291.6         	2.648233e-04	(0.000000e+00 0.000000e+00 -5.706577e-03)
291.7         	2.648198e-04	(0.000000e+00 0.000000e+00 -5.706577e-03)
291.8         	2.648190e-04	(0.000000e+00 0.000000e+00 -5.706577e-03)
291.9         	2.648165e-04	(0.000000e+00 0.000000e+00 -5.706577e-03)
292           	2.648157e-04	(0.000000e+00 0.000000e+00 -5.706577e-03)
292.1         	2.648124e-04	(0.000000e+00 0.000000e+00 -5.706577e-03)
292.2         	2.648115e-04	(0.000000e+00 0.000000e+00 -5.706577e-03)
292.3         	2.648075e-04	(0.000000e+00 0.000000e+00 -5.706577e-03)
292.4         	2.648068e-04	(0.000000e+00 0.000000e+00 -5.706577e-03)
292.5         	2.648046e-04	(0.000000e+00 0.000000e+00 -5.706577e-03)
292.6         	2.648039e-04	(0.000000e+00 0.000000e+00 -5.706577e-03)
292.7         	2.648007e-04	(0.000000e+00 0.000000e+00 -5.706577e-03)
292.8         	2.648001e-04	(0.000000e+00 0.000000e+00 -5.706577e-03)
292.9         	2.647978e-04	(0.000000e+00 0.000000e+00 -5.706577e-03)
293           	2.647968e-04	(0.000000e+00 0.000000e+00 -5.706577e-03)
293.1         	2.647893e-04	(0.000000e+00 0.000000e+00 -5.706577e-03)
293.2         	2.647885e-04	(0.000000e+00 0.000000e+00 -5.706577e-03)
293.3         	2.647877e-04	(0.000000e+00 0.000000e+00 -5.706577e-03)
293.4         	2.647876e-04	(0.000000e+00 0.000000e+00 -5.706577e-03)
293.5         	2.647866e-04	(0.000000e+00 0.000000e+00 -5.706577e-03)
293.6         	2.647862e-04	(0.000000e+00 0.000000e+00 -5.706577e-03)
293.7         	2.647851e-04	(0.000000e+00 0.000000e+00 -5.706577e-03)
293.8         	2.647836e-04	(0.000000e+00 0.000000e+00 -5.706577e-03)
293.9         	2.647824e-04	(0.000000e+00 0.000000e+00 -5.706577e-03)
294           	2.647792e-04	(0.000000e+00 0.000000e+00 -5.706577e-03)
294.1         	2.647785e-04	(0.000000e+00 0.000000e+00 -5.706577e-03)
294.2         	2.647765e-04	(0.000000e+00 0.000000e+00 -5.706577e-03)
294.3         	2.647759e-04	(0.000000e+00 0.000000e+00 -5.706577e-03)
294.4         	2.647736e-04	(0.000000e+00 0.000000e+00 -5.706577e-03)
294.5         	2.647724e-04	(0.000000e+00 0.000000e+00 -5.706577e-03)
294.6         	2.647672e-04	(0.000000e+00 0.000000e+00 -5.706577e-03)
294.7         	2.647661e-04	(0.000000e+00 0.000000e+00 -5.706577e-03)
294.8         	2.647619e-04	(0.000000e+00 0.000000e+00 -5.706577e-03)
294.9         	2.647604e-04	(0.000000e+00 0.000000e+00 -5.706577e-03)
295           	2.647566e-04	(0.000000e+00 0.000000e+00 -5.706577e-03)
295.1         	2.647562e-04	(0.000000e+00 0.000000e+00 -5.706577e-03)
295.2         	2.647545e-04	(0.000000e+00 0.000000e+00 -5.706577e-03)
295.3         	2.647540e-04	(0.000000e+00 0.000000e+00 -5.706577e-03)
295.4         	2.647527e-04	(0.000000e+00 0.000000e+00 -5.706577e-03)
295.5         	2.647521e-04	(0.000000e+00 0.000000e+00 -5.706577e-03)
295.6         	2.647509e-04	(0.000000e+00 0.000000e+00 -5.706577e-03)
295.7         	2.647504e-04	(0.000000e+00 0.000000e+00 -5.706577e-03)
295.8         	2.647474e-04	(0.000000e+00 0.000000e+00 -5.706577e-03)
295.9         	2.647464e-04	(0.000000e+00 0.000000e+00 -5.706577e-03)
296           	2.647426e-04	(0.000000e+00 0.000000e+00 -5.706577e-03)
296.1         	2.647422e-04	(0.000000e+00 0.000000e+00 -5.706577e-03)
296.2         	2.647389e-04	(0.000000e+00 0.000000e+00 -5.706577e-03)
296.3         	2.647385e-04	(0.000000e+00 0.000000e+00 -5.706577e-03)
296.4         	2.647370e-04	(0.000000e+00 0.000000e+00 -5.706577e-03)
296.5         	2.647365e-04	(0.000000e+00 0.000000e+00 -5.706577e-03)
296.6         	2.647336e-04	(0.000000e+00 0.000000e+00 -5.706577e-03)
296.7         	2.647328e-04	(0.000000e+00 0.000000e+00 -5.706577e-03)
296.8         	2.647277e-04	(0.000000e+00 0.000000e+00 -5.706577e-03)
296.9         	2.647275e-04	(0.000000e+00 0.000000e+00 -5.706577e-03)
297           	2.647255e-04	(0.000000e+00 0.000000e+00 -5.706577e-03)
297.1         	2.647248e-04	(0.000000e+00 0.000000e+00 -5.706577e-03)
297.2         	2.647222e-04	(0.000000e+00 0.000000e+00 -5.706577e-03)
297.3         	2.647217e-04	(0.000000e+00 0.000000e+00 -5.706577e-03)
297.4         	2.647188e-04	(0.000000e+00 0.000000e+00 -5.706577e-03)
297.5         	2.647179e-04	(0.000000e+00 0.000000e+00 -5.706577e-03)
297.6         	2.647155e-04	(0.000000e+00 0.000000e+00 -5.706577e-03)
297.7         	2.647144e-04	(0.000000e+00 0.000000e+00 -5.706577e-03)
297.8         	2.647113e-04	(0.000000e+00 0.000000e+00 -5.706577e-03)
297.9         	2.647106e-04	(0.000000e+00 0.000000e+00 -5.706577e-03)
298           	2.647062e-04	(0.000000e+00 0.000000e+00 -5.706577e-03)
298.1         	2.647057e-04	(0.000000e+00 0.000000e+00 -5.706577e-03)
298.2         	2.647029e-04	(0.000000e+00 0.000000e+00 -5.706577e-03)
298.3         	2.647023e-04	(0.000000e+00 0.000000e+00 -5.706577e-03)
298.4         	2.647008e-04	(0.000000e+00 0.000000e+00 -5.706577e-03)
298.5         	2.647001e-04	(0.000000e+00 0.000000e+00 -5.706577e-03)
298.6         	2.646960e-04	(0.000000e+00 0.000000e+00 -5.706577e-03)
298.7         	2.646948e-04	(0.000000e+00 0.000000e+00 -5.706577e-03)
298.8         	2.646916e-04	(0.000000e+00 0.000000e+00 -5.706577e-03)
298.9         	2.646910e-04	(0.000000e+00 0.000000e+00 -5.706577e-03)
299           	2.646891e-04	(0.000000e+00 0.000000e+00 -5.706577e-03)
299.1         	2.646886e-04	(0.000000e+00 0.000000e+00 -5.706577e-03)
299.2         	2.646849e-04	(0.000000e+00 0.000000e+00 -5.706577e-03)
299.3         	2.646845e-04	(0.000000e+00 0.000000e+00 -5.706577e-03)
299.4         	2.646834e-04	(0.000000e+00 0.000000e+00 -5.706577e-03)
299.5         	2.646829e-04	(0.000000e+00 0.000000e+00 -5.706577e-03)
299.6         	2.646810e-04	(0.000000e+00 0.000000e+00 -5.706577e-03)
299.7         	2.646804e-04	(0.000000e+00 0.000000e+00 -5.706577e-03)
299.8         	2.646781e-04	(0.000000e+00 0.000000e+00 -5.706577e-03)
299.9         	2.646776e-04	(0.000000e+00 0.000000e+00 -5.706577e-03)
300           	2.646754e-04	(0.000000e+00 0.000000e+00 -5.706577e-03)
300.1         	2.646744e-04	(0.000000e+00 0.000000e+00 -5.706577e-03)
300.2         	2.646724e-04	(0.000000e+00 0.000000e+00 -5.706577e-03)
300.3         	2.646719e-04	(0.000000e+00 0.000000e+00 -5.706577e-03)
300.4         	2.646673e-04	(0.000000e+00 0.000000e+00 -5.706577e-03)
300.5         	2.646668e-04	(0.000000e+00 0.000000e+00 -5.706577e-03)
300.6         	2.646654e-04	(0.000000e+00 0.000000e+00 -5.706577e-03)
300.7         	2.646643e-04	(0.000000e+00 0.000000e+00 -5.706577e-03)
300.8         	2.646588e-04	(0.000000e+00 0.000000e+00 -5.706577e-03)
300.9         	2.646574e-04	(0.000000e+00 0.000000e+00 -5.706577e-03)
301           	2.646526e-04	(0.000000e+00 0.000000e+00 -5.706577e-03)
301.1         	2.646520e-04	(0.000000e+00 0.000000e+00 -5.706577e-03)
301.2         	2.646511e-04	(0.000000e+00 0.000000e+00 -5.706577e-03)
301.3         	2.646510e-04	(0.000000e+00 0.000000e+00 -5.706577e-03)
301.4         	2.646505e-04	(0.000000e+00 0.000000e+00 -5.706577e-03)
301.5         	2.646501e-04	(0.000000e+00 0.000000e+00 -5.706577e-03)
301.6         	2.646492e-04	(0.000000e+00 0.000000e+00 -5.706577e-03)
301.7         	2.646489e-04	(0.000000e+00 0.000000e+00 -5.706577e-03)
301.8         	2.646473e-04	(0.000000e+00 0.000000e+00 -5.706577e-03)
301.9         	2.646462e-04	(0.000000e+00 0.000000e+00 -5.706577e-03)
302           	2.646431e-04	(0.000000e+00 0.000000e+00 -5.706577e-03)
302.1         	2.646407e-04	(0.000000e+00 0.000000e+00 -5.706577e-03)
302.2         	2.646398e-04	(0.000000e+00 0.000000e+00 -5.706577e-03)
302.3         	2.646367e-04	(0.000000e+00 0.000000e+00 -5.706577e-03)
302.4         	2.646356e-04	(0.000000e+00 0.000000e+00 -5.706577e-03)
302.5         	2.646345e-04	(0.000000e+00 0.000000e+00 -5.706577e-03)
302.6         	2.646341e-04	(0.000000e+00 0.000000e+00 -5.706577e-03)
302.7         	2.646318e-04	(0.000000e+00 0.000000e+00 -5.706577e-03)
302.8         	2.646308e-04	(0.000000e+00 0.000000e+00 -5.706577e-03)
302.9         	2.646279e-04	(0.000000e+00 0.000000e+00 -5.706577e-03)
303           	2.646268e-04	(0.000000e+00 0.000000e+00 -5.706577e-03)
303.1         	2.646234e-04	(0.000000e+00 0.000000e+00 -5.706577e-03)
303.2         	2.646223e-04	(0.000000e+00 0.000000e+00 -5.706577e-03)
303.3         	2.646185e-04	(0.000000e+00 0.000000e+00 -5.706577e-03)
303.4         	2.646172e-04	(0.000000e+00 0.000000e+00 -5.706577e-03)
303.5         	2.646149e-04	(0.000000e+00 0.000000e+00 -5.706577e-03)
303.6         	2.646143e-04	(0.000000e+00 0.000000e+00 -5.706577e-03)
303.7         	2.646126e-04	(0.000000e+00 0.000000e+00 -5.706577e-03)
303.8         	2.646125e-04	(0.000000e+00 0.000000e+00 -5.706577e-03)
303.9         	2.646117e-04	(0.000000e+00 0.000000e+00 -5.706577e-03)
304           	2.646111e-04	(0.000000e+00 0.000000e+00 -5.706577e-03)
304.1         	2.646082e-04	(0.000000e+00 0.000000e+00 -5.706577e-03)
304.2         	2.646077e-04	(0.000000e+00 0.000000e+00 -5.706577e-03)
304.3         	2.646062e-04	(0.000000e+00 0.000000e+00 -5.706577e-03)
304.4         	2.646057e-04	(0.000000e+00 0.000000e+00 -5.706577e-03)
304.5         	2.646039e-04	(0.000000e+00 0.000000e+00 -5.706577e-03)
304.6         	2.646033e-04	(0.000000e+00 0.000000e+00 -5.706577e-03)
304.7         	2.646005e-04	(0.000000e+00 0.000000e+00 -5.706577e-03)
304.8         	2.645995e-04	(0.000000e+00 0.000000e+00 -5.706577e-03)
304.9         	2.645965e-04	(0.000000e+00 0.000000e+00 -5.706577e-03)
305           	2.645954e-04	(0.000000e+00 0.000000e+00 -5.706577e-03)
305.1         	2.645934e-04	(0.000000e+00 0.000000e+00 -5.706577e-03)
305.2         	2.645932e-04	(0.000000e+00 0.000000e+00 -5.706577e-03)
305.3         	2.645919e-04	(0.000000e+00 0.000000e+00 -5.706577e-03)
305.4         	2.645908e-04	(0.000000e+00 0.000000e+00 -5.706577e-03)
305.5         	2.645875e-04	(0.000000e+00 0.000000e+00 -5.706577e-03)
305.6         	2.645863e-04	(0.000000e+00 0.000000e+00 -5.706577e-03)
305.7         	2.645825e-04	(0.000000e+00 0.000000e+00 -5.706577e-03)
305.8         	2.645816e-04	(0.000000e+00 0.000000e+00 -5.706577e-03)
305.9         	2.645783e-04	(0.000000e+00 0.000000e+00 -5.706577e-03)
306           	2.645780e-04	(0.000000e+00 0.000000e+00 -5.706577e-03)
306.1         	2.645769e-04	(0.000000e+00 0.000000e+00 -5.706577e-03)
306.2         	2.645763e-04	(0.000000e+00 0.000000e+00 -5.706577e-03)
306.3         	2.645751e-04	(0.000000e+00 0.000000e+00 -5.706577e-03)
306.4         	2.645724e-04	(0.000000e+00 0.000000e+00 -5.706577e-03)
306.5         	2.645714e-04	(0.000000e+00 0.000000e+00 -5.706577e-03)
306.6         	2.645699e-04	(0.000000e+00 0.000000e+00 -5.706577e-03)
306.7         	2.645695e-04	(0.000000e+00 0.000000e+00 -5.706577e-03)
306.8         	2.645677e-04	(0.000000e+00 0.000000e+00 -5.706577e-03)
306.9         	2.645669e-04	(0.000000e+00 0.000000e+00 -5.706577e-03)
307           	2.645642e-04	(0.000000e+00 0.000000e+00 -5.706577e-03)
307.1         	2.645634e-04	(0.000000e+00 0.000000e+00 -5.706577e-03)
307.2         	2.645617e-04	(0.000000e+00 0.000000e+00 -5.706577e-03)
307.3         	2.645611e-04	(0.000000e+00 0.000000e+00 -5.706577e-03)
307.4         	2.645601e-04	(0.000000e+00 0.000000e+00 -5.706577e-03)
307.5         	2.645597e-04	(0.000000e+00 0.000000e+00 -5.706577e-03)
307.6         	2.645578e-04	(0.000000e+00 0.000000e+00 -5.706577e-03)
307.7         	2.645570e-04	(0.000000e+00 0.000000e+00 -5.706577e-03)
307.8         	2.645530e-04	(0.000000e+00 0.000000e+00 -5.706577e-03)
307.9         	2.645519e-04	(0.000000e+00 0.000000e+00 -5.706577e-03)
308           	2.645479e-04	(0.000000e+00 0.000000e+00 -5.706577e-03)
308.1         	2.645471e-04	(0.000000e+00 0.000000e+00 -5.706577e-03)
308.2         	2.645449e-04	(0.000000e+00 0.000000e+00 -5.706577e-03)
308.3         	2.645444e-04	(0.000000e+00 0.000000e+00 -5.706577e-03)
308.4         	2.645432e-04	(0.000000e+00 0.000000e+00 -5.706577e-03)
308.5         	2.645430e-04	(0.000000e+00 0.000000e+00 -5.706577e-03)
308.6         	2.645421e-04	(0.000000e+00 0.000000e+00 -5.706577e-03)
308.7         	2.645416e-04	(0.000000e+00 0.000000e+00 -5.706577e-03)
308.8         	2.645397e-04	(0.000000e+00 0.000000e+00 -5.706577e-03)
308.9         	2.645391e-04	(0.000000e+00 0.000000e+00 -5.706577e-03)
309           	2.645366e-04	(0.000000e+00 0.000000e+00 -5.706577e-03)
309.1         	2.645358e-04	(0.000000e+00 0.000000e+00 -5.706577e-03)
309.2         	2.645331e-04	(0.000000e+00 0.000000e+00 -5.706577e-03)
309.3         	2.645324e-04	(0.000000e+00 0.000000e+00 -5.706577e-03)
309.4         	2.645309e-04	(0.000000e+00 0.000000e+00 -5.706577e-03)
309.5         	2.645305e-04	(0.000000e+00 0.000000e+00 -5.706577e-03)
309.6         	2.645284e-04	(0.000000e+00 0.000000e+00 -5.706577e-03)
309.7         	2.645276e-04	(0.000000e+00 0.000000e+00 -5.706577e-03)
309.8         	2.645244e-04	(0.000000e+00 0.000000e+00 -5.706577e-03)
309.9         	2.645238e-04	(0.000000e+00 0.000000e+00 -5.706577e-03)
310           	2.645215e-04	(0.000000e+00 0.000000e+00 -5.706577e-03)
310.1         	2.645206e-04	(0.000000e+00 0.000000e+00 -5.706577e-03)
310.2         	2.645189e-04	(0.000000e+00 0.000000e+00 -5.706577e-03)
310.3         	2.645179e-04	(0.000000e+00 0.000000e+00 -5.706577e-03)
310.4         	2.645158e-04	(0.000000e+00 0.000000e+00 -5.706577e-03)
310.5         	2.645150e-04	(0.000000e+00 0.000000e+00 -5.706577e-03)
310.6         	2.645119e-04	(0.000000e+00 0.000000e+00 -5.706577e-03)
310.7         	2.645111e-04	(0.000000e+00 0.000000e+00 -5.706577e-03)
310.8         	2.645087e-04	(0.000000e+00 0.000000e+00 -5.706577e-03)
310.9         	2.645081e-04	(0.000000e+00 0.000000e+00 -5.706577e-03)
311           	2.645061e-04	(0.000000e+00 0.000000e+00 -5.706577e-03)
311.1         	2.645053e-04	(0.000000e+00 0.000000e+00 -5.706577e-03)
311.2         	2.645034e-04	(0.000000e+00 0.000000e+00 -5.706577e-03)
311.3         	2.645031e-04	(0.000000e+00 0.000000e+00 -5.706577e-03)
311.4         	2.645022e-04	(0.000000e+00 0.000000e+00 -5.706577e-03)
311.5         	2.645017e-04	(0.000000e+00 0.000000e+00 -5.706577e-03)
311.6         	2.644998e-04	(0.000000e+00 0.000000e+00 -5.706577e-03)
311.7         	2.644990e-04	(0.000000e+00 0.000000e+00 -5.706577e-03)
311.8         	2.644972e-04	(0.000000e+00 0.000000e+00 -5.706577e-03)
311.9         	2.644968e-04	(0.000000e+00 0.000000e+00 -5.706577e-03)
312           	2.644947e-04	(0.000000e+00 0.000000e+00 -5.706577e-03)
312.1         	2.644938e-04	(0.000000e+00 0.000000e+00 -5.706577e-03)
312.2         	2.644916e-04	(0.000000e+00 0.000000e+00 -5.706577e-03)
312.3         	2.644911e-04	(0.000000e+00 0.000000e+00 -5.706577e-03)
312.4         	2.644893e-04	(0.000000e+00 0.000000e+00 -5.706577e-03)
312.5         	2.644890e-04	(0.000000e+00 0.000000e+00 -5.706577e-03)
312.6         	2.644861e-04	(0.000000e+00 0.000000e+00 -5.706577e-03)
312.7         	2.644853e-04	(0.000000e+00 0.000000e+00 -5.706577e-03)
312.8         	2.644822e-04	(0.000000e+00 0.000000e+00 -5.706577e-03)
312.9         	2.644813e-04	(0.000000e+00 0.000000e+00 -5.706577e-03)
313           	2.644788e-04	(0.000000e+00 0.000000e+00 -5.706577e-03)
313.1         	2.644767e-04	(0.000000e+00 0.000000e+00 -5.706577e-03)
313.2         	2.644760e-04	(0.000000e+00 0.000000e+00 -5.706577e-03)
313.3         	2.644745e-04	(0.000000e+00 0.000000e+00 -5.706577e-03)
313.4         	2.644740e-04	(0.000000e+00 0.000000e+00 -5.706577e-03)
313.5         	2.644729e-04	(0.000000e+00 0.000000e+00 -5.706577e-03)
313.6         	2.644723e-04	(0.000000e+00 0.000000e+00 -5.706577e-03)
313.7         	2.644712e-04	(0.000000e+00 0.000000e+00 -5.706577e-03)
313.8         	2.644706e-04	(0.000000e+00 0.000000e+00 -5.706577e-03)
313.9         	2.644688e-04	(0.000000e+00 0.000000e+00 -5.706577e-03)
314           	2.644679e-04	(0.000000e+00 0.000000e+00 -5.706577e-03)
314.1         	2.644654e-04	(0.000000e+00 0.000000e+00 -5.706577e-03)
314.2         	2.644648e-04	(0.000000e+00 0.000000e+00 -5.706577e-03)
314.3         	2.644621e-04	(0.000000e+00 0.000000e+00 -5.706577e-03)
314.4         	2.644614e-04	(0.000000e+00 0.000000e+00 -5.706577e-03)
314.5         	2.644602e-04	(0.000000e+00 0.000000e+00 -5.706577e-03)
314.6         	2.644600e-04	(0.000000e+00 0.000000e+00 -5.706577e-03)
314.7         	2.644581e-04	(0.000000e+00 0.000000e+00 -5.706577e-03)
314.8         	2.644573e-04	(0.000000e+00 0.000000e+00 -5.706577e-03)
314.9         	2.644549e-04	(0.000000e+00 0.000000e+00 -5.706577e-03)
315           	2.644540e-04	(0.000000e+00 0.000000e+00 -5.706577e-03)
315.1         	2.644518e-04	(0.000000e+00 0.000000e+00 -5.706577e-03)
315.2         	2.644513e-04	(0.000000e+00 0.000000e+00 -5.706577e-03)
315.3         	2.644499e-04	(0.000000e+00 0.000000e+00 -5.706577e-03)
315.4         	2.644493e-04	(0.000000e+00 0.000000e+00 -5.706577e-03)
315.5         	2.644475e-04	(0.000000e+00 0.000000e+00 -5.706577e-03)
315.6         	2.644468e-04	(0.000000e+00 0.000000e+00 -5.706577e-03)
315.7         	2.644441e-04	(0.000000e+00 0.000000e+00 -5.706577e-03)
315.8         	2.644432e-04	(0.000000e+00 0.000000e+00 -5.706577e-03)
315.9         	2.644413e-04	(0.000000e+00 0.000000e+00 -5.706577e-03)
316           	2.644408e-04	(0.000000e+00 0.000000e+00 -5.706577e-03)
316.1         	2.644397e-04	(0.000000e+00 0.000000e+00 -5.706577e-03)
316.2         	2.644390e-04	(0.000000e+00 0.000000e+00 -5.706577e-03)
316.3         	2.644378e-04	(0.000000e+00 0.000000e+00 -5.706577e-03)
316.4         	2.644372e-04	(0.000000e+00 0.000000e+00 -5.706577e-03)
316.5         	2.644352e-04	(0.000000e+00 0.000000e+00 -5.706577e-03)
316.6         	2.644344e-04	(0.000000e+00 0.000000e+00 -5.706577e-03)
316.7         	2.644326e-04	(0.000000e+00 0.000000e+00 -5.706577e-03)
316.8         	2.644321e-04	(0.000000e+00 0.000000e+00 -5.706577e-03)
316.9         	2.644312e-04	(0.000000e+00 0.000000e+00 -5.706577e-03)
317           	2.644308e-04	(0.000000e+00 0.000000e+00 -5.706577e-03)
317.1         	2.644293e-04	(0.000000e+00 0.000000e+00 -5.706577e-03)
317.2         	2.644288e-04	(0.000000e+00 0.000000e+00 -5.706577e-03)
317.3         	2.644272e-04	(0.000000e+00 0.000000e+00 -5.706577e-03)
317.4         	2.644266e-04	(0.000000e+00 0.000000e+00 -5.706577e-03)
317.5         	2.644243e-04	(0.000000e+00 0.000000e+00 -5.706577e-03)
317.6         	2.644234e-04	(0.000000e+00 0.000000e+00 -5.706577e-03)
317.7         	2.644210e-04	(0.000000e+00 0.000000e+00 -5.706577e-03)
317.8         	2.644206e-04	(0.000000e+00 0.000000e+00 -5.706577e-03)
317.9         	2.644194e-04	(0.000000e+00 0.000000e+00 -5.706577e-03)
318           	2.644189e-04	(0.000000e+00 0.000000e+00 -5.706577e-03)
318.1         	2.644165e-04	(0.000000e+00 0.000000e+00 -5.706577e-03)
318.2         	2.644161e-04	(0.000000e+00 0.000000e+00 -5.706577e-03)
318.3         	2.644142e-04	(0.000000e+00 0.000000e+00 -5.706577e-03)
318.4         	2.644133e-04	(0.000000e+00 0.000000e+00 -5.706577e-03)
318.5         	2.644121e-04	(0.000000e+00 0.000000e+00 -5.706577e-03)
318.6         	2.644116e-04	(0.000000e+00 0.000000e+00 -5.706577e-03)
318.7         	2.644104e-04	(0.000000e+00 0.000000e+00 -5.706577e-03)
318.8         	2.644101e-04	(0.000000e+00 0.000000e+00 -5.706577e-03)
318.9         	2.644097e-04	(0.000000e+00 0.000000e+00 -5.706577e-03)
319           	2.644092e-04	(0.000000e+00 0.000000e+00 -5.706577e-03)
319.1         	2.644073e-04	(0.000000e+00 0.000000e+00 -5.706577e-03)
319.2         	2.644061e-04	(0.000000e+00 0.000000e+00 -5.706577e-03)
319.3         	2.644037e-04	(0.000000e+00 0.000000e+00 -5.706577e-03)
319.4         	2.644030e-04	(0.000000e+00 0.000000e+00 -5.706577e-03)
319.5         	2.643999e-04	(0.000000e+00 0.000000e+00 -5.706577e-03)
319.6         	2.643991e-04	(0.000000e+00 0.000000e+00 -5.706577e-03)
319.7         	2.643973e-04	(0.000000e+00 0.000000e+00 -5.706577e-03)
319.8         	2.643968e-04	(0.000000e+00 0.000000e+00 -5.706577e-03)
319.9         	2.643950e-04	(0.000000e+00 0.000000e+00 -5.706577e-03)
320           	2.643945e-04	(0.000000e+00 0.000000e+00 -5.706577e-03)
320.1         	2.643932e-04	(0.000000e+00 0.000000e+00 -5.706577e-03)
320.2         	2.643925e-04	(0.000000e+00 0.000000e+00 -5.706577e-03)
320.3         	2.643912e-04	(0.000000e+00 0.000000e+00 -5.706577e-03)
320.4         	2.643905e-04	(0.000000e+00 0.000000e+00 -5.706577e-03)
320.5         	2.643880e-04	(0.000000e+00 0.000000e+00 -5.706577e-03)
320.6         	2.643873e-04	(0.000000e+00 0.000000e+00 -5.706577e-03)
320.7         	2.643855e-04	(0.000000e+00 0.000000e+00 -5.706577e-03)
320.8         	2.643849e-04	(0.000000e+00 0.000000e+00 -5.706577e-03)
320.9         	2.643835e-04	(0.000000e+00 0.000000e+00 -5.706577e-03)
321           	2.643829e-04	(0.000000e+00 0.000000e+00 -5.706577e-03)
321.1         	2.643816e-04	(0.000000e+00 0.000000e+00 -5.706577e-03)
321.2         	2.643810e-04	(0.000000e+00 0.000000e+00 -5.706577e-03)
321.3         	2.643791e-04	(0.000000e+00 0.000000e+00 -5.706577e-03)
321.4         	2.643784e-04	(0.000000e+00 0.000000e+00 -5.706577e-03)
321.5         	2.643769e-04	(0.000000e+00 0.000000e+00 -5.706577e-03)
321.6         	2.643761e-04	(0.000000e+00 0.000000e+00 -5.706577e-03)
321.7         	2.643741e-04	(0.000000e+00 0.000000e+00 -5.706577e-03)
321.8         	2.643735e-04	(0.000000e+00 0.000000e+00 -5.706577e-03)
321.9         	2.643723e-04	(0.000000e+00 0.000000e+00 -5.706577e-03)
322           	2.643720e-04	(0.000000e+00 0.000000e+00 -5.706577e-03)
322.1         	2.643709e-04	(0.000000e+00 0.000000e+00 -5.706577e-03)
322.2         	2.643702e-04	(0.000000e+00 0.000000e+00 -5.706577e-03)
322.3         	2.643684e-04	(0.000000e+00 0.000000e+00 -5.706577e-03)
322.4         	2.643679e-04	(0.000000e+00 0.000000e+00 -5.706577e-03)
322.5         	2.643671e-04	(0.000000e+00 0.000000e+00 -5.706577e-03)
322.6         	2.643668e-04	(0.000000e+00 0.000000e+00 -5.706577e-03)
322.7         	2.643661e-04	(0.000000e+00 0.000000e+00 -5.706577e-03)
322.8         	2.643657e-04	(0.000000e+00 0.000000e+00 -5.706577e-03)
322.9         	2.643648e-04	(0.000000e+00 0.000000e+00 -5.706577e-03)
323           	2.643645e-04	(0.000000e+00 0.000000e+00 -5.706577e-03)
323.1         	2.643627e-04	(0.000000e+00 0.000000e+00 -5.706577e-03)
323.2         	2.643618e-04	(0.000000e+00 0.000000e+00 -5.706577e-03)
323.3         	2.643597e-04	(0.000000e+00 0.000000e+00 -5.706577e-03)
323.4         	2.643592e-04	(0.000000e+00 0.000000e+00 -5.706577e-03)
323.5         	2.643574e-04	(0.000000e+00 0.000000e+00 -5.706577e-03)
323.6         	2.643568e-04	(0.000000e+00 0.000000e+00 -5.706577e-03)
323.7         	2.643546e-04	(0.000000e+00 0.000000e+00 -5.706577e-03)
323.8         	2.643543e-04	(0.000000e+00 0.000000e+00 -5.706577e-03)
323.9         	2.643527e-04	(0.000000e+00 0.000000e+00 -5.706577e-03)
324           	2.643521e-04	(0.000000e+00 0.000000e+00 -5.706577e-03)
324.1         	2.643514e-04	(0.000000e+00 0.000000e+00 -5.706577e-03)
324.2         	2.643510e-04	(0.000000e+00 0.000000e+00 -5.706577e-03)
324.3         	2.643500e-04	(0.000000e+00 0.000000e+00 -5.706577e-03)
324.4         	2.643495e-04	(0.000000e+00 0.000000e+00 -5.706577e-03)
324.5         	2.643485e-04	(0.000000e+00 0.000000e+00 -5.706577e-03)
324.6         	2.643482e-04	(0.000000e+00 0.000000e+00 -5.706577e-03)
324.7         	2.643473e-04	(0.000000e+00 0.000000e+00 -5.706577e-03)
324.8         	2.643467e-04	(0.000000e+00 0.000000e+00 -5.706577e-03)
324.9         	2.643454e-04	(0.000000e+00 0.000000e+00 -5.706577e-03)
325           	2.643450e-04	(0.000000e+00 0.000000e+00 -5.706577e-03)
325.1         	2.643429e-04	(0.000000e+00 0.000000e+00 -5.706577e-03)
325.2         	2.643421e-04	(0.000000e+00 0.000000e+00 -5.706577e-03)
325.3         	2.643398e-04	(0.000000e+00 0.000000e+00 -5.706577e-03)
325.4         	2.643390e-04	(0.000000e+00 0.000000e+00 -5.706577e-03)
325.5         	2.643367e-04	(0.000000e+00 0.000000e+00 -5.706577e-03)
325.6         	2.643357e-04	(0.000000e+00 0.000000e+00 -5.706577e-03)
325.7         	2.643336e-04	(0.000000e+00 0.000000e+00 -5.706577e-03)
325.8         	2.643334e-04	(0.000000e+00 0.000000e+00 -5.706577e-03)
325.9         	2.643323e-04	(0.000000e+00 0.000000e+00 -5.706577e-03)
326           	2.643315e-04	(0.000000e+00 0.000000e+00 -5.706577e-03)
326.1         	2.643288e-04	(0.000000e+00 0.000000e+00 -5.706577e-03)
326.2         	2.643278e-04	(0.000000e+00 0.000000e+00 -5.706577e-03)
326.3         	2.643256e-04	(0.000000e+00 0.000000e+00 -5.706577e-03)
326.4         	2.643253e-04	(0.000000e+00 0.000000e+00 -5.706577e-03)
326.5         	2.643241e-04	(0.000000e+00 0.000000e+00 -5.706577e-03)
326.6         	2.643238e-04	(0.000000e+00 0.000000e+00 -5.706577e-03)
326.7         	2.643226e-04	(0.000000e+00 0.000000e+00 -5.706577e-03)
326.8         	2.643222e-04	(0.000000e+00 0.000000e+00 -5.706577e-03)
326.9         	2.643213e-04	(0.000000e+00 0.000000e+00 -5.706577e-03)
327           	2.643211e-04	(0.000000e+00 0.000000e+00 -5.706577e-03)
327.1         	2.643211e-04	(0.000000e+00 0.000000e+00 -5.706577e-03)
327.2         	2.643209e-04	(0.000000e+00 0.000000e+00 -5.706577e-03)
327.3         	2.643210e-04	(0.000000e+00 0.000000e+00 -5.706577e-03)
327.4         	2.643206e-04	(0.000000e+00 0.000000e+00 -5.706577e-03)
327.5         	2.643191e-04	(0.000000e+00 0.000000e+00 -5.706577e-03)
327.6         	2.643183e-04	(0.000000e+00 0.000000e+00 -5.706577e-03)
327.7         	2.643171e-04	(0.000000e+00 0.000000e+00 -5.706577e-03)
327.8         	2.643169e-04	(0.000000e+00 0.000000e+00 -5.706577e-03)
327.9         	2.643160e-04	(0.000000e+00 0.000000e+00 -5.706577e-03)
328           	2.643154e-04	(0.000000e+00 0.000000e+00 -5.706577e-03)
328.1         	2.643139e-04	(0.000000e+00 0.000000e+00 -5.706577e-03)
328.2         	2.643132e-04	(0.000000e+00 0.000000e+00 -5.706577e-03)
328.3         	2.643118e-04	(0.000000e+00 0.000000e+00 -5.706577e-03)
328.4         	2.643113e-04	(0.000000e+00 0.000000e+00 -5.706577e-03)
328.5         	2.643107e-04	(0.000000e+00 0.000000e+00 -5.706577e-03)
328.6         	2.643103e-04	(0.000000e+00 0.000000e+00 -5.706577e-03)
328.7         	2.643077e-04	(0.000000e+00 0.000000e+00 -5.706577e-03)
328.8         	2.643067e-04	(0.000000e+00 0.000000e+00 -5.706577e-03)
328.9         	2.643042e-04	(0.000000e+00 0.000000e+00 -5.706577e-03)
329           	2.643034e-04	(0.000000e+00 0.000000e+00 -5.706577e-03)
329.1         	2.643013e-04	(0.000000e+00 0.000000e+00 -5.706577e-03)
329.2         	2.643007e-04	(0.000000e+00 0.000000e+00 -5.706577e-03)
329.3         	2.642996e-04	(0.000000e+00 0.000000e+00 -5.706577e-03)
329.4         	2.642991e-04	(0.000000e+00 0.000000e+00 -5.706577e-03)
329.5         	2.642985e-04	(0.000000e+00 0.000000e+00 -5.706577e-03)
329.6         	2.642984e-04	(0.000000e+00 0.000000e+00 -5.706577e-03)
329.7         	2.642989e-04	(0.000000e+00 0.000000e+00 -5.706577e-03)
329.8         	2.642990e-04	(0.000000e+00 0.000000e+00 -5.706577e-03)
329.9         	2.642993e-04	(0.000000e+00 0.000000e+00 -5.706577e-03)
330           	2.642988e-04	(0.000000e+00 0.000000e+00 -5.706577e-03)
330.1         	2.642968e-04	(0.000000e+00 0.000000e+00 -5.706577e-03)
330.2         	2.642959e-04	(0.000000e+00 0.000000e+00 -5.706577e-03)
330.3         	2.642933e-04	(0.000000e+00 0.000000e+00 -5.706577e-03)
330.4         	2.642926e-04	(0.000000e+00 0.000000e+00 -5.706577e-03)
330.5         	2.642916e-04	(0.000000e+00 0.000000e+00 -5.706577e-03)
330.6         	2.642916e-04	(0.000000e+00 0.000000e+00 -5.706577e-03)
330.7         	2.642915e-04	(0.000000e+00 0.000000e+00 -5.706577e-03)
330.8         	2.642911e-04	(0.000000e+00 0.000000e+00 -5.706577e-03)
330.9         	2.642898e-04	(0.000000e+00 0.000000e+00 -5.706577e-03)
331           	2.642892e-04	(0.000000e+00 0.000000e+00 -5.706577e-03)
331.1         	2.642878e-04	(0.000000e+00 0.000000e+00 -5.706577e-03)
331.2         	2.642872e-04	(0.000000e+00 0.000000e+00 -5.706577e-03)
331.3         	2.642855e-04	(0.000000e+00 0.000000e+00 -5.706577e-03)
331.4         	2.642848e-04	(0.000000e+00 0.000000e+00 -5.706577e-03)
331.5         	2.642833e-04	(0.000000e+00 0.000000e+00 -5.706577e-03)
331.6         	2.642828e-04	(0.000000e+00 0.000000e+00 -5.706577e-03)
331.7         	2.642803e-04	(0.000000e+00 0.000000e+00 -5.706577e-03)
331.8         	2.642794e-04	(0.000000e+00 0.000000e+00 -5.706577e-03)
331.9         	2.642775e-04	(0.000000e+00 0.000000e+00 -5.706577e-03)
332           	2.642767e-04	(0.000000e+00 0.000000e+00 -5.706577e-03)
332.1         	2.642747e-04	(0.000000e+00 0.000000e+00 -5.706577e-03)
332.2         	2.642741e-04	(0.000000e+00 0.000000e+00 -5.706577e-03)
332.3         	2.642736e-04	(0.000000e+00 0.000000e+00 -5.706577e-03)
332.4         	2.642734e-04	(0.000000e+00 0.000000e+00 -5.706577e-03)
332.5         	2.642726e-04	(0.000000e+00 0.000000e+00 -5.706577e-03)
332.6         	2.642718e-04	(0.000000e+00 0.000000e+00 -5.706577e-03)
332.7         	2.642700e-04	(0.000000e+00 0.000000e+00 -5.706577e-03)
332.8         	2.642694e-04	(0.000000e+00 0.000000e+00 -5.706577e-03)
332.9         	2.642683e-04	(0.000000e+00 0.000000e+00 -5.706577e-03)
333           	2.642679e-04	(0.000000e+00 0.000000e+00 -5.706577e-03)
333.1         	2.642675e-04	(0.000000e+00 0.000000e+00 -5.706577e-03)
333.2         	2.642674e-04	(0.000000e+00 0.000000e+00 -5.706577e-03)
333.3         	2.642670e-04	(0.000000e+00 0.000000e+00 -5.706577e-03)
333.4         	2.642667e-04	(0.000000e+00 0.000000e+00 -5.706577e-03)
333.5         	2.642664e-04	(0.000000e+00 0.000000e+00 -5.706577e-03)
333.6         	2.642659e-04	(0.000000e+00 0.000000e+00 -5.706577e-03)
333.7         	2.642650e-04	(0.000000e+00 0.000000e+00 -5.706577e-03)
333.8         	2.642646e-04	(0.000000e+00 0.000000e+00 -5.706577e-03)
333.9         	2.642629e-04	(0.000000e+00 0.000000e+00 -5.706577e-03)
334           	2.642622e-04	(0.000000e+00 0.000000e+00 -5.706577e-03)
334.1         	2.642607e-04	(0.000000e+00 0.000000e+00 -5.706577e-03)
334.2         	2.642601e-04	(0.000000e+00 0.000000e+00 -5.706577e-03)
334.3         	2.642588e-04	(0.000000e+00 0.000000e+00 -5.706577e-03)
334.4         	2.642583e-04	(0.000000e+00 0.000000e+00 -5.706577e-03)
334.5         	2.642576e-04	(0.000000e+00 0.000000e+00 -5.706577e-03)
334.6         	2.642571e-04	(0.000000e+00 0.000000e+00 -5.706577e-03)
334.7         	2.642556e-04	(0.000000e+00 0.000000e+00 -5.706577e-03)
334.8         	2.642550e-04	(0.000000e+00 0.000000e+00 -5.706577e-03)
334.9         	2.642537e-04	(0.000000e+00 0.000000e+00 -5.706577e-03)
335           	2.642531e-04	(0.000000e+00 0.000000e+00 -5.706577e-03)
335.1         	2.642521e-04	(0.000000e+00 0.000000e+00 -5.706577e-03)
335.2         	2.642516e-04	(0.000000e+00 0.000000e+00 -5.706577e-03)
335.3         	2.642497e-04	(0.000000e+00 0.000000e+00 -5.706577e-03)
335.4         	2.642492e-04	(0.000000e+00 0.000000e+00 -5.706577e-03)
335.5         	2.642485e-04	(0.000000e+00 0.000000e+00 -5.706577e-03)
335.6         	2.642482e-04	(0.000000e+00 0.000000e+00 -5.706577e-03)
335.7         	2.642472e-04	(0.000000e+00 0.000000e+00 -5.706577e-03)
335.8         	2.642468e-04	(0.000000e+00 0.000000e+00 -5.706577e-03)
335.9         	2.642453e-04	(0.000000e+00 0.000000e+00 -5.706577e-03)
336           	2.642446e-04	(0.000000e+00 0.000000e+00 -5.706577e-03)
336.1         	2.642434e-04	(0.000000e+00 0.000000e+00 -5.706577e-03)
336.2         	2.642430e-04	(0.000000e+00 0.000000e+00 -5.706577e-03)
336.3         	2.642423e-04	(0.000000e+00 0.000000e+00 -5.706577e-03)
336.4         	2.642418e-04	(0.000000e+00 0.000000e+00 -5.706577e-03)
336.5         	2.642413e-04	(0.000000e+00 0.000000e+00 -5.706577e-03)
336.6         	2.642413e-04	(0.000000e+00 0.000000e+00 -5.706577e-03)
336.7         	2.642415e-04	(0.000000e+00 0.000000e+00 -5.706577e-03)
336.8         	2.642414e-04	(0.000000e+00 0.000000e+00 -5.706577e-03)
336.9         	2.642410e-04	(0.000000e+00 0.000000e+00 -5.706577e-03)
337           	2.642403e-04	(0.000000e+00 0.000000e+00 -5.706577e-03)
337.1         	2.642388e-04	(0.000000e+00 0.000000e+00 -5.706577e-03)
337.2         	2.642382e-04	(0.000000e+00 0.000000e+00 -5.706577e-03)
337.3         	2.642363e-04	(0.000000e+00 0.000000e+00 -5.706577e-03)
337.4         	2.642359e-04	(0.000000e+00 0.000000e+00 -5.706577e-03)
337.5         	2.642360e-04	(0.000000e+00 0.000000e+00 -5.706577e-03)
337.6         	2.642364e-04	(0.000000e+00 0.000000e+00 -5.706577e-03)
337.7         	2.642364e-04	(0.000000e+00 0.000000e+00 -5.706577e-03)
337.8         	2.642356e-04	(0.000000e+00 0.000000e+00 -5.706577e-03)
337.9         	2.642329e-04	(0.000000e+00 0.000000e+00 -5.706577e-03)
338           	2.642317e-04	(0.000000e+00 0.000000e+00 -5.706577e-03)
338.1         	2.642294e-04	(0.000000e+00 0.000000e+00 -5.706577e-03)
338.2         	2.642288e-04	(0.000000e+00 0.000000e+00 -5.706577e-03)
338.3         	2.642271e-04	(0.000000e+00 0.000000e+00 -5.706577e-03)
338.4         	2.642266e-04	(0.000000e+00 0.000000e+00 -5.706577e-03)
338.5         	2.642257e-04	(0.000000e+00 0.000000e+00 -5.706577e-03)
338.6         	2.642252e-04	(0.000000e+00 0.000000e+00 -5.706577e-03)
338.7         	2.642239e-04	(0.000000e+00 0.000000e+00 -5.706577e-03)
338.8         	2.642233e-04	(0.000000e+00 0.000000e+00 -5.706577e-03)
338.9         	2.642225e-04	(0.000000e+00 0.000000e+00 -5.706577e-03)
339           	2.642223e-04	(0.000000e+00 0.000000e+00 -5.706577e-03)
339.1         	2.642224e-04	(0.000000e+00 0.000000e+00 -5.706577e-03)
339.2         	2.642223e-04	(0.000000e+00 0.000000e+00 -5.706577e-03)
339.3         	2.642217e-04	(0.000000e+00 0.000000e+00 -5.706577e-03)
339.4         	2.642212e-04	(0.000000e+00 0.000000e+00 -5.706577e-03)
339.5         	2.642196e-04	(0.000000e+00 0.000000e+00 -5.706577e-03)
339.6         	2.642189e-04	(0.000000e+00 0.000000e+00 -5.706577e-03)
339.7         	2.642174e-04	(0.000000e+00 0.000000e+00 -5.706577e-03)
339.8         	2.642167e-04	(0.000000e+00 0.000000e+00 -5.706577e-03)
339.9         	2.642155e-04	(0.000000e+00 0.000000e+00 -5.706577e-03)
340           	2.642151e-04	(0.000000e+00 0.000000e+00 -5.706577e-03)
340.1         	2.642150e-04	(0.000000e+00 0.000000e+00 -5.706577e-03)
340.2         	2.642151e-04	(0.000000e+00 0.000000e+00 -5.706577e-03)
340.3         	2.642155e-04	(0.000000e+00 0.000000e+00 -5.706577e-03)
340.4         	2.642152e-04	(0.000000e+00 0.000000e+00 -5.706577e-03)
340.5         	2.642147e-04	(0.000000e+00 0.000000e+00 -5.706577e-03)
340.6         	2.642128e-04	(0.000000e+00 0.000000e+00 -5.706577e-03)
340.7         	2.642122e-04	(0.000000e+00 0.000000e+00 -5.706577e-03)
340.8         	2.642116e-04	(0.000000e+00 0.000000e+00 -5.706577e-03)
340.9         	2.642113e-04	(0.000000e+00 0.000000e+00 -5.706577e-03)
341           	2.642110e-04	(0.000000e+00 0.000000e+00 -5.706577e-03)
341.1         	2.642111e-04	(0.000000e+00 0.000000e+00 -5.706577e-03)
341.2         	2.642111e-04	(0.000000e+00 0.000000e+00 -5.706577e-03)
341.3         	2.642103e-04	(0.000000e+00 0.000000e+00 -5.706577e-03)
341.4         	2.642092e-04	(0.000000e+00 0.000000e+00 -5.706577e-03)
341.5         	2.642061e-04	(0.000000e+00 0.000000e+00 -5.706577e-03)
341.6         	2.642053e-04	(0.000000e+00 0.000000e+00 -5.706577e-03)
341.7         	2.642045e-04	(0.000000e+00 0.000000e+00 -5.706577e-03)
341.8         	2.642043e-04	(0.000000e+00 0.000000e+00 -5.706577e-03)
341.9         	2.642027e-04	(0.000000e+00 0.000000e+00 -5.706577e-03)
342           	2.642020e-04	(0.000000e+00 0.000000e+00 -5.706577e-03)
342.1         	2.642002e-04	(0.000000e+00 0.000000e+00 -5.706577e-03)
342.2         	2.641997e-04	(0.000000e+00 0.000000e+00 -5.706577e-03)
342.3         	2.641991e-04	(0.000000e+00 0.000000e+00 -5.706577e-03)
342.4         	2.641988e-04	(0.000000e+00 0.000000e+00 -5.706577e-03)
342.5         	2.641981e-04	(0.000000e+00 0.000000e+00 -5.706577e-03)
342.6         	2.641977e-04	(0.000000e+00 0.000000e+00 -5.706577e-03)
342.7         	2.641969e-04	(0.000000e+00 0.000000e+00 -5.706577e-03)
342.8         	2.641963e-04	(0.000000e+00 0.000000e+00 -5.706577e-03)
342.9         	2.641951e-04	(0.000000e+00 0.000000e+00 -5.706577e-03)
343           	2.641947e-04	(0.000000e+00 0.000000e+00 -5.706577e-03)
343.1         	2.641942e-04	(0.000000e+00 0.000000e+00 -5.706577e-03)
343.2         	2.641941e-04	(0.000000e+00 0.000000e+00 -5.706577e-03)
343.3         	2.641936e-04	(0.000000e+00 0.000000e+00 -5.706577e-03)
343.4         	2.641933e-04	(0.000000e+00 0.000000e+00 -5.706577e-03)
343.5         	2.641924e-04	(0.000000e+00 0.000000e+00 -5.706577e-03)
343.6         	2.641920e-04	(0.000000e+00 0.000000e+00 -5.706577e-03)
343.7         	2.641908e-04	(0.000000e+00 0.000000e+00 -5.706577e-03)
343.8         	2.641905e-04	(0.000000e+00 0.000000e+00 -5.706577e-03)
343.9         	2.641902e-04	(0.000000e+00 0.000000e+00 -5.706577e-03)
344           	2.641901e-04	(0.000000e+00 0.000000e+00 -5.706577e-03)
344.1         	2.641895e-04	(0.000000e+00 0.000000e+00 -5.706577e-03)
344.2         	2.641890e-04	(0.000000e+00 0.000000e+00 -5.706577e-03)
344.3         	2.641877e-04	(0.000000e+00 0.000000e+00 -5.706577e-03)
344.4         	2.641873e-04	(0.000000e+00 0.000000e+00 -5.706577e-03)
344.5         	2.641874e-04	(0.000000e+00 0.000000e+00 -5.706577e-03)
344.6         	2.641878e-04	(0.000000e+00 0.000000e+00 -5.706577e-03)
344.7         	2.641882e-04	(0.000000e+00 0.000000e+00 -5.706577e-03)
344.8         	2.641878e-04	(0.000000e+00 0.000000e+00 -5.706577e-03)
344.9         	2.641869e-04	(0.000000e+00 0.000000e+00 -5.706577e-03)
345           	2.641849e-04	(0.000000e+00 0.000000e+00 -5.706577e-03)
345.1         	2.641843e-04	(0.000000e+00 0.000000e+00 -5.706577e-03)
345.2         	2.641844e-04	(0.000000e+00 0.000000e+00 -5.706577e-03)
345.3         	2.641846e-04	(0.000000e+00 0.000000e+00 -5.706577e-03)
345.4         	2.641848e-04	(0.000000e+00 0.000000e+00 -5.706577e-03)
345.5         	2.641845e-04	(0.000000e+00 0.000000e+00 -5.706577e-03)
345.6         	2.641840e-04	(0.000000e+00 0.000000e+00 -5.706577e-03)
345.7         	2.641835e-04	(0.000000e+00 0.000000e+00 -5.706577e-03)
345.8         	2.641813e-04	(0.000000e+00 0.000000e+00 -5.706577e-03)
345.9         	2.641802e-04	(0.000000e+00 0.000000e+00 -5.706577e-03)
346           	2.641763e-04	(0.000000e+00 0.000000e+00 -5.706577e-03)
346.1         	2.641755e-04	(0.000000e+00 0.000000e+00 -5.706577e-03)
346.2         	2.641741e-04	(0.000000e+00 0.000000e+00 -5.706577e-03)
346.3         	2.641737e-04	(0.000000e+00 0.000000e+00 -5.706577e-03)
346.4         	2.641725e-04	(0.000000e+00 0.000000e+00 -5.706577e-03)
346.5         	2.641721e-04	(0.000000e+00 0.000000e+00 -5.706577e-03)
346.6         	2.641714e-04	(0.000000e+00 0.000000e+00 -5.706577e-03)
346.7         	2.641710e-04	(0.000000e+00 0.000000e+00 -5.706577e-03)
346.8         	2.641702e-04	(0.000000e+00 0.000000e+00 -5.706577e-03)
346.9         	2.641699e-04	(0.000000e+00 0.000000e+00 -5.706577e-03)
347           	2.641693e-04	(0.000000e+00 0.000000e+00 -5.706577e-03)
347.1         	2.641690e-04	(0.000000e+00 0.000000e+00 -5.706577e-03)
347.2         	2.641688e-04	(0.000000e+00 0.000000e+00 -5.706577e-03)
347.3         	2.641684e-04	(0.000000e+00 0.000000e+00 -5.706577e-03)
347.4         	2.641685e-04	(0.000000e+00 0.000000e+00 -5.706577e-03)
347.5         	2.641686e-04	(0.000000e+00 0.000000e+00 -5.706577e-03)
347.6         	2.641688e-04	(0.000000e+00 0.000000e+00 -5.706577e-03)
347.7         	2.641688e-04	(0.000000e+00 0.000000e+00 -5.706577e-03)
347.8         	2.641686e-04	(0.000000e+00 0.000000e+00 -5.706577e-03)
347.9         	2.641683e-04	(0.000000e+00 0.000000e+00 -5.706577e-03)
348           	2.641683e-04	(0.000000e+00 0.000000e+00 -5.706577e-03)
348.1         	2.641685e-04	(0.000000e+00 0.000000e+00 -5.706577e-03)
348.2         	2.641682e-04	(0.000000e+00 0.000000e+00 -5.706577e-03)
348.3         	2.641673e-04	(0.000000e+00 0.000000e+00 -5.706577e-03)
348.4         	2.641667e-04	(0.000000e+00 0.000000e+00 -5.706577e-03)
348.5         	2.641658e-04	(0.000000e+00 0.000000e+00 -5.706577e-03)
348.6         	2.641654e-04	(0.000000e+00 0.000000e+00 -5.706577e-03)
348.7         	2.641648e-04	(0.000000e+00 0.000000e+00 -5.706577e-03)
348.8         	2.641643e-04	(0.000000e+00 0.000000e+00 -5.706577e-03)
348.9         	2.641634e-04	(0.000000e+00 0.000000e+00 -5.706577e-03)
349           	2.641630e-04	(0.000000e+00 0.000000e+00 -5.706577e-03)
349.1         	2.641623e-04	(0.000000e+00 0.000000e+00 -5.706577e-03)
349.2         	2.641621e-04	(0.000000e+00 0.000000e+00 -5.706577e-03)
349.3         	2.641605e-04	(0.000000e+00 0.000000e+00 -5.706577e-03)
349.4         	2.641597e-04	(0.000000e+00 0.000000e+00 -5.706577e-03)
349.5         	2.641580e-04	(0.000000e+00 0.000000e+00 -5.706577e-03)
349.6         	2.641573e-04	(0.000000e+00 0.000000e+00 -5.706577e-03)
349.7         	2.641558e-04	(0.000000e+00 0.000000e+00 -5.706577e-03)
349.8         	2.641553e-04	(0.000000e+00 0.000000e+00 -5.706577e-03)
349.9         	2.641549e-04	(0.000000e+00 0.000000e+00 -5.706577e-03)
350           	2.641551e-04	(0.000000e+00 0.000000e+00 -5.706577e-03)
