/*--------------------------------*- C++ -*----------------------------------*\
  =========                 |
  \\      /  F ield         | OpenFOAM: The Open Source CFD Toolbox
   \\    /   O peration     | Website:  https://openfoam.org
    \\  /    A nd           | Version:  13
     \\/     M anipulation  |
\*---------------------------------------------------------------------------*/
FoamFile
{
    format      ascii;
    class       volScalarField;
    location    "2721";
    object      omega;
}
// * * * * * * * * * * * * * * * * * * * * * * * * * * * * * * * * * * * * * //

dimensions      [0 0 -1 0 0 0 0];

internalField   nonuniform List<scalar> 
34022
(
673.95
25.5069
52.6523
689.525
541.364
41.6959
691.989
347.392
296.118
62.5851
594.504
569.74
558.862
657.701
28.1843
33.0056
34.1322
40.6488
33.1409
39.6915
701.701
257.099
731.757
56.4299
33.3152
522.873
698.246
34.033
261.703
181.657
62.9714
36.6104
42.9493
39.5313
43.3986
698.433
555.88
471.611
293.405
126.017
295.382
312.647
469.422
33.5014
29.1597
38.4231
509.087
520.798
611.465
247.408
31.9822
41.4419
185.729
28.1936
25.5614
23.2705
39.5715
39.44
35.4354
22.5473
20.9224
33.2373
37.7383
25.6769
36.9766
41.368
75.9324
68.5315
85.748
82.2933
64.8453
91.1531
76.8673
79.1209
85.2604
297.214
67.9127
61.0825
43.4768
63.803
61.8703
62.7073
39.7588
29.8152
48.0895
73.6192
31.8683
59.4931
42.3707
32.0711
31.0569
55.3413
62.412
50.0061
33.5475
33.5584
57.1852
57.2164
63.6008
29.9654
26.8965
57.7835
128.911
28.7441
26.6065
81.124
52.6503
28.7488
27.6094
53.2637
25.0059
50.362
40.5484
26.8943
33.0285
291.97
345.256
527.051
301.151
25.0843
36.2598
45.4057
41.1879
47.1845
38.5808
42.424
41.8945
27.7678
30.4009
44.1325
46.0728
50.0435
32.2526
36.5723
31.7116
36.2689
32.4548
37.0414
36.2385
43.7843
36.9098
41.7523
31.0201
46.6378
39.1446
36.9729
33.2122
34.8611
42.3714
44.4867
48.1422
40.2068
41.5485
68.3992
63.1098
55.6852
59.2882
72.8241
79.0553
43.2265
36.9626
559.007
557.446
600.833
44.3649
34.3015
45.5064
64.288
41.2245
53.2388
72.0929
41.6483
372.048
348.809
48.2121
644.817
396.77
504.979
504.574
531.182
533.574
578.099
270.365
615.935
317.885
557.037
798.778
473.466
389.021
632.23
798.301
594.862
528.174
375.779
278.302
423.185
457.728
447.234
356.623
78.3004
193.702
121.994
132.686
193.007
79.4745
320.933
287.006
722.637
518.316
454.463
497.084
376.395
124.097
291.807
334.345
80.5037
64.4076
547.411
95.3749
142.068
634.794
530.179
790.072
369.191
564.661
515.944
868.395
721.401
772.892
436.426
200.605
481.502
544.491
469.271
82.3619
542.361
264.314
291.006
703.782
401.645
593.927
413.765
543.441
667.633
468.33
543.555
604.715
719.519
490.393
592.461
530.447
604.786
548.508
417.194
251.252
559.18
446.946
520.238
635.726
411.036
511.755
433.401
452.553
593.757
697.1
591.601
483.711
633.509
739.272
513.393
524.05
572.661
530.944
663.527
834.321
465.315
586.851
450.581
722.539
516.02
496.611
514.722
711.136
743.941
478.749
524.201
35.0268
637.817
513.352
631.386
589.326
417.91
425.15
60.4648
65.0128
40.1913
32.4163
419.323
537.294
38.1045
32.4179
409.056
421.545
964.087
757.039
497.841
734.187
825.936
36.8683
798.373
96.0792
354.775
519.118
31.0919
48.6673
29.8336
930.703
367.517
483.954
700.32
459.248
125.932
406.313
260.925
28.7364
30.347
31.3318
23.2902
24.1795
29.2037
446.234
658.723
677.595
596.119
579.283
675.69
525.425
546.053
693.936
268.457
630.188
611.759
486.644
521.213
339.629
181.077
370.758
498.261
403.073
385.281
32.0826
39.4281
29.6471
40.5401
43.7942
39.9852
31.7517
38.3213
34.6601
32.5043
34.6086
35.8736
27.8683
27.1583
41.0647
43.4568
30.8958
45.7571
34.222
38.4288
25.4416
755.951
668.347
659.146
363.694
555.452
360.105
181.309
406.074
79.588
150.689
348.86
195.214
330.102
444.517
123.714
84.8776
492.781
490.241
477.026
550.746
676.409
132.534
129.945
369.447
544.192
87.5534
129.935
720.71
649.761
683.076
81.8898
623.846
620.115
453.785
681.906
549.23
723.953
400.366
555.255
345.898
508.619
543.572
665.895
640.183
644.284
726.937
324.777
450.671
516.125
46.7963
41.475
440.115
549.29
461.377
561.516
642.073
468.197
478.004
357.747
514.735
396.247
30.8338
32.4764
644.959
494.86
412.529
545.048
36.2261
446.773
476.167
390.234
364.983
520.696
428.937
525.384
292.694
385.285
48.0755
62.6027
139.102
52.6262
53.7654
382.362
634.548
551.421
577.146
605.765
503.604
439.047
583.368
765.492
765.586
647.358
720.324
85.209
99.256
86.529
597.704
585.798
726.315
194.903
125.833
131.544
369.781
550.19
484.763
485.679
385.083
316.143
452.457
373.957
407.344
412.719
102.143
160.545
404.061
133.75
140.084
113.495
340.881
295.131
416.656
460.583
290.428
300.718
392.668
99.5438
308.572
370.127
59.1402
302.069
294.568
384.785
391.488
151.636
283.338
282.183
185.265
181.345
326.491
373.527
277.355
94.1838
445.218
325.978
332.464
276.873
486.568
324.816
323.046
288.852
316.444
214.069
219.167
464.246
195.351
220.134
132.862
128.19
201.666
137.362
301.237
184.296
303.951
311.543
288.21
253.201
166.623
452.263
364.874
185.573
196.176
316.005
495.204
290.632
416.305
200.468
279.302
182.389
302.436
502.216
390.788
302.449
430.574
199.651
301.845
226.811
177.178
291.31
349.157
304.367
119.638
267.193
47.0634
223.134
242.487
232.726
421.196
231.543
274.84
236.92
258.384
174.484
169.97
127.685
167.975
339.918
269.705
233.378
166.949
483.983
66.4691
313.092
226.208
253.037
159.899
250.784
160.133
53.4645
238.848
295.699
189.867
516.089
248.503
498.183
138.862
267.116
472.617
280.255
193.27
318.931
441.353
261.408
46.3021
234.166
167.292
180.733
259.652
150.723
115.016
253.406
318.526
417.185
241.372
308.567
247.302
161.661
340.826
359.99
253.915
320.262
310.578
163.019
56.446
39.2476
206.288
259.879
217.66
185.739
34.9688
36.7308
40.7009
20.8217
64.2399
41.1226
33.4858
184.435
281.293
119.917
262.822
329.709
21.5546
86.1823
50.5734
132.772
133.02
75.9323
201.662
319.062
121.127
40.2414
31.1316
180.295
136.332
210.629
262.559
95.8888
188.693
289.744
128.281
187.909
274.816
68.2353
97.8044
89.3578
68.0144
180.015
180.646
132.216
157.805
94.9933
105.772
104.689
171.18
121.468
67.7934
116.692
153.326
266.032
175.93
85.4669
125.22
155.266
28.2989
38.9193
50.6411
30.4222
24.0708
32.838
38.4816
25.0942
56.8989
28.7896
27.8384
24.8114
30.7789
28.1185
178.513
358.691
140.517
126.063
303.763
319.903
190.111
158.516
181.914
186.874
46.5324
69.6911
128.111
85.1154
46.7944
174.357
319.269
114.349
138.632
177.552
60.0946
174.862
134.739
358.742
183.398
183.741
279.03
253.756
44.0803
128.84
175.537
186.434
177.063
291.729
206.917
287.513
186.611
294.969
127.524
179.546
190.017
259.243
219.894
294.376
215.019
354.417
130.229
149.413
279.657
129.28
197.623
131.211
80.3041
97.4989
113.291
99.1961
112.295
54.5181
161.182
116.484
85.5995
131.129
114.308
141.212
40.4093
111.414
196.384
97.7057
147.765
181.604
82.5028
24.4363
110.765
90.8818
118.505
24.9362
38.2467
28.6936
30.745
35.2047
109.503
88.8899
41.2183
29.4756
29.981
25.4134
24.0713
94.6871
117.822
84.5508
84.4039
62.3053
89.8022
45.3504
65.608
66.1158
67.9301
65.3464
47.237
54.972
54.6081
46.45
61.805
65.777
882.824
677.295
691.657
712.762
756.926
688.523
765.849
377.66
737.619
618.348
737.141
579.353
726.759
570.282
738.177
586.394
653.219
678.563
676.328
677.38
729.623
547.622
738.689
649.04
551.324
636.019
512.217
561.308
681.518
573.126
667.992
706.557
605.841
636.427
649.891
573.833
883.764
634.941
612.354
809.81
579.327
741.845
569.83
592.853
692.485
834.538
746.121
538.784
630.27
586.025
584.191
663.307
667.651
667.027
521.344
343.242
400.317
700.828
683.212
769.338
626.611
789.452
728.48
789.105
737.01
661.188
799.638
797.837
592.248
730.322
553
648.294
608.407
654.631
831.036
416.216
727.171
650.071
711.224
737.909
686.758
582.162
674.529
614.633
634.993
561.812
633.758
702.749
400.94
730.41
666.683
689.333
715.089
643.462
554.875
655.855
530.662
618.958
535.111
644.098
547.903
335.774
708.567
532.938
542.669
332.296
608.637
606.233
715.04
598.588
663.513
370.747
252.652
612.355
386.023
553.7
570.544
698.364
649.556
707.367
441.135
577.291
570.466
686.642
579.533
609.825
573.424
555.489
553.924
548.866
585.35
583.722
388.461
546.315
600.858
650.892
536.815
573.164
555.047
585.649
591.631
623.193
663.98
652.651
410.517
377.415
533.62
785.561
756.571
568.954
571.627
640.232
580.5
600.53
592.315
598.69
591.683
540.598
725.879
595.132
639.059
667.426
662.203
666.463
406.332
556.641
717.608
405.595
436.85
595.117
669.589
724.503
461.221
748.1
621.966
332.481
650.986
713.305
523.259
639.171
657.807
703.421
708.289
704.21
707.572
625.618
585.166
639.248
635.538
406.021
380.956
635.514
471.864
672.705
501.397
470.243
541.124
583.173
388.173
616.756
435.395
369.358
572.767
403.486
417.229
401.547
380.787
382.483
417.076
440.444
387.163
366.547
214.065
406.381
391.15
423.617
433.846
362.287
391.727
335.341
413.927
460.293
394.205
312.181
276.763
382.676
397.659
208.858
391.8
274.742
266.714
357.574
359.465
342.767
385.485
320.102
254.071
267.191
255.115
272.202
261.706
284.215
359.841
260.738
258.317
381.792
226.456
244.807
257.182
213.027
242.497
338.519
265.998
269.808
366.402
236.728
261.452
212.27
215.353
254.352
328.821
270.289
282.149
262.238
270.409
223.717
205.92
204.054
211.187
262.949
232.791
26.2252
26.4549
27.7541
24.704
21.1686
20.951
35.2862
21.7228
31.6556
32.6941
34.2538
42.2994
31.0819
34.6449
21.0793
35.7565
34.0353
30.6325
31.3761
25.9761
26.2321
40.5074
24.5751
27.8799
25.6214
30.5417
26.4261
26.9664
29.5652
29.7279
29.7921
27.5807
25.9497
32.7982
28.3958
29.4198
29.6676
27.7363
25.3384
26.47
27.6766
28.4574
30.8158
27.4994
23.6945
29.7666
28.6499
29.637
28.3159
29.0038
39.7162
34.0313
24.0117
29.7866
35.7132
45.1213
24.7867
25.3901
28.0705
25.5181
26.5922
30.5678
30.7129
28.5412
38.0293
25.8105
34.7789
25.4366
25.6258
31.8978
25.0756
37.7365
34.7072
29.6149
26.1672
36.4413
29.8585
37.5122
23.9703
41.7193
25.2057
47.4452
26.0814
33.9698
43.7113
39.2253
40.4041
33.3022
19.9454
31.7812
38.7765
47.5782
38.6619
43.4224
34.1653
43.7145
39.5595
33.4897
32.7893
34.4195
36.419
38.1787
40.6731
45.207
40.7432
33.6815
32.5203
36.1404
33.4409
43.2978
39.6575
37.8099
35.2931
32.4044
29.8227
38.1487
41.4086
35.2896
49.7574
35.5127
48.3992
33.6906
39.0172
33.5146
45.8531
39.8335
45.3985
44.3571
42.327
52.7615
45.6462
43.902
39.2317
37.0084
53.3333
38.4187
43.2361
27.358
45.9696
33.0414
38.6529
34.7375
30.7006
33.4378
37.1609
34.235
28.9853
33.2276
30.3142
31.7733
25.7777
28.7754
33.0728
30.2797
28.1892
41.1429
33.8044
31.5156
31.6903
34.7439
34.0767
29.226
25.2674
29.4665
29.1249
29.6135
29.1333
26.5899
40.2648
28.9047
32.5515
41.9536
32.4797
31.4214
50.6206
31.6867
43.3518
35.0297
38.7711
31.8346
35.7239
45.4276
35.9772
44.5347
41.8072
36.0471
52.0078
48.5626
27.2522
33.6209
32.1991
22.1694
29.5944
36.6031
32.2724
24.1617
23.3266
35.3989
31.4477
43.2097
32.0221
26.9255
32.4168
35.2571
42.7455
24.8536
26.0286
34.8273
26.1011
38.3534
42.3178
36.4289
46.5528
33.0411
37.8169
47.7311
34.4302
46.429
43.6395
45.8087
31.6607
32.751
47.4338
28.3855
33.8789
48.2461
34.2922
41.4195
52.6454
40.8947
35.7928
42.0623
36.4532
45.0328
29.7386
37.6708
33.2321
31.1778
26.344
39.4427
25.4318
34.4216
27.4764
56.8103
39.0455
44.2942
45.3679
42.6845
40.4867
40.9276
43.9526
36.7006
38.0692
38.6205
31.4135
26.3721
46.5017
50.6108
25.99
24.9751
27.5784
41.5251
43.9994
34.2975
28.6777
28.4972
19.9223
24.7766
36.5716
31.2193
34.2149
39.3357
31.2746
47.6064
49.5804
29.4405
50.034
46.0774
46.0962
30.5575
21.1663
35.1399
26.4347
40.1687
31.823
26.5995
25.0296
29.9673
25.463
26.0753
24.0639
27.5271
35.4981
46.2721
31.5751
37.6454
20.2987
33.5226
35.291
39.8909
36.514
27.4947
29.3226
24.2298
25.7425
28.4276
25.3759
55.8302
28.2083
34.7292
52.5104
33.1422
35.2661
42.6199
35.0176
32.0299
32.7916
24.2078
36.5688
36.58
15.3819
28.8399
29.4358
52.0848
41.641
59.3129
58.0219
27.2197
34.1862
46.1085
48.0438
49.3999
47.5415
24.6068
28.1522
20.0713
21.5876
64.118
50.5193
65.4445
54.8761
30.6534
53.3903
38.6153
45.1214
43.4114
44.8281
40.638
42.8549
44.9621
44.6081
28.9992
46.295
41.4776
40.9285
54.0748
33.6978
36.7817
39.7171
40.1895
43.8123
54.0938
47.8418
42.449
42.5986
53.5819
41.3532
31.2672
51.5236
47.2227
34.6579
29.4573
38.3867
29.3965
21.0954
24.7378
35.4364
35.5007
23.2813
36.5789
22.6863
32.0865
24.7957
23.9829
40.6102
49.8614
51.4644
46.6389
43.6276
20.9831
19.323
31.6467
22.9478
23.2263
34.819
30.2268
35.5544
22.8881
24.6047
23.318
25.3348
25.9552
24.7469
45.0831
28.8106
37.091
32.6999
33.5818
36.1219
35.5096
39.3397
37.6645
21.5636
51.3063
46.3422
40.6236
50.4086
53.5016
54.6265
43.3227
54.9137
43.9212
48.8153
43.1815
44.1074
53.2703
47.0146
37.4271
50.72
43.5076
42.6348
48.3198
47.9935
50.066
42.9101
18.28
40.2887
42.6941
50.0718
44.2852
42.941
31.4543
22.2714
23.0137
29.6486
24.3504
39.762
40.5541
45.6714
39.368
39.1661
36.134
34.5899
25.8904
21.0219
36.3762
34.5453
24.0597
21.6553
24.8502
23.2917
36.5625
37.9205
34.561
41.2085
47.5967
41.9855
39.383
26.1856
38.0501
47.6356
49.2324
49.0505
56.9902
48.8319
45.9841
38.8341
25.0284
38.2613
26.0579
40.2115
45.5611
25.8435
36.9454
31.3137
34.8085
45.6246
42.6807
44.0083
31.5858
40.8838
27.9447
37.611
40.6371
27.3085
33.609
30.1708
37.4136
64.4029
37.7781
39.465
42.7709
41.2093
37.4226
42.3776
42.4711
38.4106
41.7936
33.4525
42.4397
41.3302
40.7356
30.6185
39.2611
40.5966
38.2765
31.2642
31.465
37.6106
40.0694
38.2933
38.8916
75.6686
59.6735
66.4724
52.6978
65.7351
63.5938
64.2114
102.922
98.2076
157.135
180.681
313.611
333.793
145.829
310.703
246.64
545.258
255.577
258.188
374.099
505.739
394.55
66.5093
45.0307
56.3144
96.9668
79.5139
432.577
389.558
517.351
212.268
552.05
391.641
394.48
451.831
294.615
302.831
390.369
83.068
63.767
82.8455
203.847
347.215
346.023
459.596
477.242
35.1355
81.7376
61.652
202.116
325.923
326.762
343.216
48.1785
43.8419
71.4672
83.6839
41.5951
170.735
242.666
817.768
733.944
685.452
550.342
796.678
808.618
698.222
519
391.918
437.859
66.4614
45.6449
32.6529
35.4061
277.061
227.756
636.655
885.502
691.266
657.232
570.014
199.276
204.728
228.663
405.809
205.223
368.196
286.964
265.395
397.726
615.504
683.534
360.757
372.601
408.63
387.65
695.098
46.6699
582.494
464.008
441.452
433.445
607.417
213.606
225.219
246.279
679.375
270.873
382.135
645.991
697.801
373.164
393.282
585.131
392.94
732.04
588.396
503.074
43.7182
64.1772
41.0477
39.1895
43.1822
39.1406
45.8198
38.3468
27.2125
42.2385
70.5716
53.826
46.2731
47.8456
63.29
42.5138
35.5578
30.0033
45.7216
50.5216
38.6706
37.1415
41.4722
35.8757
62.4678
54.6312
47.9885
57.3287
40.0483
57.7029
57.5767
265.855
415.667
240.371
443.155
50.0467
105.599
143.038
54.4995
56.2242
103.886
255.674
112.418
123.04
94.7526
82.1497
120.607
276.922
176.392
167.715
430.593
277.327
536.473
562.386
656.181
48.2057
41.7693
52.1238
44.9978
46.0772
40.9063
34.6171
55.8981
54.9033
51.4562
79.0926
358.668
66.1314
55.4793
78.5128
49.5472
54.3461
51.3256
55.827
26.3383
33.1979
30.7126
33.8617
31.9698
31.6357
34.3088
29.4977
34.5574
31.9203
46.4072
34.897
33.3202
39.7609
34.3958
47.2939
34.4137
33.0289
38.5325
42.7813
42.7749
34.8221
35.1285
38.0521
48.5577
32.6144
41.1604
41.7614
33.5156
44.5314
33.9499
34.4953
33.8437
34.1504
35.0058
31.7643
30.8027
29.7793
33.7266
34.4774
31.6078
43.8319
25.3223
24.0644
30.3126
43.8875
40.6233
40.5506
36.5757
31.7327
20.1301
48.0094
21.7689
20.4031
21.3667
25.4093
23.791
27.332
34.5528
24.3082
31.3074
26.1281
37.9625
36.3265
21.04
24.3822
28.9829
24.2631
20.9081
24.5206
24.6928
30.8097
29.9442
22.4778
28.5953
25.9595
28.7528
26.4558
23.111
28.8472
23.2733
22.8859
23.2572
20.0962
28.8426
26.083
28.6519
25.8233
26.8182
26.1438
20.4706
22.3946
22.0004
29.8597
27.2417
26.1905
25.9423
26.1612
41.6575
32.6437
31.4504
34.4979
25.4537
23.0369
22.1828
25.5183
32.3827
29.4338
31.9454
28.7277
31.3163
23.1788
31.5248
30.8851
28.9226
29.3904
47.7423
57.3585
52.2381
42.5863
36.1079
45.1298
33.5876
30.1428
41.487
39.9214
46.2697
38.8525
46.3319
35.3001
38.5655
29.2767
44.5194
45.7719
25.5226
24.2622
50.3498
41.7727
23.6988
38.4122
33.4346
36.4783
34.6006
49.0588
40.1155
39.041
33.2874
37.0293
37.6527
31.7681
33.7687
41.508
43.7453
50.4647
36.2728
55.7019
76.9409
65.6983
68.2215
79.6673
30.3431
24.3502
43.7617
24.6778
28.0687
26.6356
38.1669
31.8539
31.469
28.803
21.1314
42.092
31.4699
40.9052
34.9966
36.8166
32.1888
27.1309
39.995
35.3838
41.3636
26.7662
39.4944
29.4692
30.858
44.9702
45.8755
47.0582
25.7635
29.787
50.4227
35.657
30.8894
44.8814
39.5514
23.9459
26.2576
32.0071
34.1082
49.9251
60.0431
37.0567
29.9595
32.4538
50.564
28.4915
53.7475
28.5016
20.3044
38.1807
52.6137
54.8727
24.9247
39.2566
38.7396
44.6526
55.1813
27.0248
71.2225
34.2623
23.6701
22.573
33.6552
34.093
57.4559
38.9172
38.6787
22.1443
49.0187
40.6796
34.3632
25.5219
33.9021
52.5789
40.1744
32.1684
40.5842
22.0454
26.8009
24.5659
29.2627
40.7515
39.9611
38.6759
62.6234
57.8488
47.9196
40.2817
70.9182
36.1263
42.0863
58.1852
37.962
31.2199
44.8933
36.2348
52.915
32.537
47.9133
32.8749
37.6332
27.7747
37.7228
34.2275
26.8276
39.8823
29.1016
38.3376
43.5089
56.3308
46.9343
57.0543
38.3335
47.825
43.6643
36.0182
35.8479
31.9587
54.3882
35.6307
29.0435
36.9684
46.2043
49.08
37.0842
67.2482
48.5808
58.9202
68.987
49.803
31.0743
46.3465
52.4472
69.6444
65.5883
51.3776
52.8713
49.3603
32.4352
24.1801
20.3711
24.1047
26.2685
21.7996
27.433
18.3185
33.892
39.601
46.8577
44.7029
41.6851
543.13
48.8377
509.224
793.668
763.483
34.4915
46.5867
27.0713
55.3019
53.7034
27.3318
24.8089
24.3394
22.5515
28.6386
39.5008
50.1517
52.0502
38.7248
54.422
51.0774
58.4196
56.7918
54.8379
30.4522
37.2182
35.6238
39.3471
34.0153
32.4324
65.3881
37.8957
45.3629
37.5174
46.9386
47.7215
42.7684
39.0542
46.5252
49.4124
36.1399
40.8764
45.4113
50.1072
37.7754
29.0076
66.5306
41.0607
52.8647
53.0269
42.1681
42.9439
36.9905
41.5204
38.0952
37.8401
41.1033
36.6323
39.2094
57.1871
55.25
38.62
42.7834
61.5803
53.2818
54.0237
42.2781
39.6894
49.4395
47.1988
47.7718
55.4826
55.3085
45.5065
53.2534
43.0378
47.6063
52.0401
55.3516
58.746
31.7978
36.1011
32.8559
45.4448
81.4352
125.286
46.8105
43.0567
46.1209
46.3857
54.4002
40.1182
161.306
237.145
599.677
419.929
366.876
269.578
430.144
663.435
502.453
46.5677
28.9613
30.9374
29.5063
65.5142
60.3453
66.3985
26.253
27.065
26.0549
23.5657
72.291
64.9137
61.1415
25.0509
69.3795
64.7742
41.4984
26.6249
47.5742
38.8519
19.2868
47.9293
33.2241
50.8796
53.9066
50.0793
31.1805
26.4888
50.9361
52.6639
25.1724
31.4804
24.3632
48.0428
23.5534
59.8725
23.0945
23.93
52.6781
49.3786
58.6721
56.627
35.3138
53.0395
61.4217
61.4188
21.6449
59.2953
21.3673
67.6852
62.1269
29.6642
41.0133
66.6079
58.0946
26.9293
56.2878
52.139
40.8793
41.8812
56.9928
57.6811
59.0649
62.2848
44.5429
41.5176
49.5359
41.4597
47.4099
40.8474
41.3433
48.3002
38.8421
52.1457
54.3494
41.9149
41.5252
47.225
47.3691
53.0115
64.3121
50.7294
62.3303
69.8172
45.0067
48.2627
46.3092
46.4771
36.5642
43.2247
47.2401
44.2603
23.7779
46.0113
45.8201
39.9228
39.3109
42.4163
67.3662
69.9171
25.6762
25.1441
32.268
21.7129
65.7308
47.8477
25.8699
21.359
22.3271
62.8744
35.7054
57.8496
27.7311
47.1298
25.2897
25.2159
34.0784
47.4118
25.8589
25.1289
38.2952
23.8059
22.6792
25.7216
24.1352
25.0491
25.6371
19.9275
22.5771
23.9546
22.1299
53.669
23.6708
22.8687
60.4787
54.252
51.7811
43.2503
57.7414
55.3493
39.9433
55.218
46.5761
40.4266
38.2945
39.6719
44.3989
43.1593
47.5457
51.799
55.3004
56.8588
49.1777
54.443
58.9781
46.6783
42.5752
39.8665
41.8208
44.5697
42.1629
39.5098
56.7102
53.9761
46.5075
45.6485
50.7756
55.8714
52.5476
46.5516
54.3548
49.2882
47.6102
54.1867
52.8271
42.5578
52.8392
55.6893
51.6867
38.698
29.419
19.6392
123.44
22.4933
520.582
24.2945
26.5882
23.2318
25.4115
24.737
23.766
23.8357
38.2357
47.2691
22.202
46.1057
41.2485
53.4701
63.0663
17.8847
56.2823
54.0337
44.3199
69.3202
55.2151
59.2899
55.716
42.1925
54.9171
54.2934
44.4843
19.5842
21.4043
44.1631
49.5856
45.7604
58.2747
50.5368
43.3272
47.767
48.3985
62.4292
51.2578
54.5706
46.069
55.1312
55.8798
55.5441
53.1753
50.8258
51.9418
47.6013
48.6868
45.4746
48.3644
48.7265
52.3681
50.4544
39.5399
45.3894
30.6234
44.0734
20.2418
21.897
22.6039
21.2083
48.5973
43.8957
22.1076
22.8415
22.3953
20.7378
49.7535
45.0429
35.8047
24.6399
23.1494
20.0048
22.0295
23.8679
22.5238
19.992
51.7665
49.0966
20.8277
21.5822
57.2781
58.5017
56.7322
50.0809
47.9603
53.7239
42.3866
23.7865
21.8288
23.1888
22.6737
20.3822
23.0047
21.0214
20.5397
22.8559
22.2665
19.9789
45.2208
37.4901
37.1659
45.9913
55.2868
49.4357
44.3154
50.5036
46.3764
19.0402
39.819
21.1917
20.5029
37.4372
22.6027
22.372
20.8872
22.4782
22.8035
52.9071
51.5108
28.4486
30.7659
24.3291
29.3777
26.5876
30.4694
43.4155
32.962
36.1126
28.4099
37.5059
25.465
27.5747
46.9348
48.6971
53.4225
51.8899
24.5906
26.5289
26.3113
23.0318
30.8341
37.3484
72.8604
63.022
68.0489
222.989
295.942
105.722
294.461
303.839
184.88
243.068
23.4425
27.3272
36.2392
65.9722
90.1027
150.69
158.718
413.158
267.902
435.124
302.113
604.958
788.482
671.669
755.729
540.795
386.401
645.767
26.6125
22.9338
28.192
62.1261
34.8639
48.4368
78.3684
106.184
178.308
25.2222
32.7458
31.4781
25.5203
30.7076
32.5653
36.6639
29.4028
31.9496
33.8248
40.2399
39.0623
48.0867
48.237
360.977
365.259
378.446
370.545
263.585
50.1543
51.4577
43.1019
42.9923
44.2906
38.591
47.5115
41.0685
47.3096
64.9242
52.7884
137.406
209.561
594.825
874.498
33.3526
24.7303
46.0567
72.3271
619.228
598.319
577.837
702.198
767.514
93.2738
604.342
544.109
144.339
183.584
489.106
650.826
463.89
649.275
246.376
41.5049
176.68
138.87
39.0005
37.6457
415.288
48.0533
48.7266
49.3454
41.1304
107.379
32.4117
29.556
574.253
50.3264
49.7838
52.6105
21.6239
21.3251
76.0724
84.4215
84.643
92.4322
46.0177
46.2532
48.3929
36.8661
48.0795
54.8282
24.2443
23.9802
21.4703
27.0895
24.2994
23.2843
28.4102
26.6343
24.2673
29.8349
29.7274
29.0209
32.9531
23.4925
29.8421
30.1106
30.1182
30.9004
26.0739
34.1036
25.4723
31.1378
35.4237
27.1239
29.0092
37.695
35.6083
31.0134
42.9673
30.9636
35.2405
31.1552
28.2353
37.7363
22.3273
35.0269
35.7318
33.0043
26.8375
32.8013
33.6625
36.2679
27.0737
28.951
31.7283
30.5472
31.4829
27.2692
29.0957
23.1066
18.5135
31.722
28.9817
29.7329
34.2753
28.4697
27.5847
30.9646
28.6681
28.424
38.0087
28.2272
29.9511
34.0981
27.2751
29.0088
25.9408
24.837
28.9089
29.343
28.0421
24.1093
38.5781
53.2349
40.1472
22.1788
25.0698
22.1582
18.9495
22.1232
23.5807
29.2154
28.0193
23.002
27.879
29.3385
26.625
24.0291
31.4304
28.1929
24.5708
28.4533
24.7347
22.3879
44.8777
28.4741
34.7526
26.5323
21.7792
40.2641
31.552
33.526
25.3113
38.7612
36.4245
39.1997
40.7254
36.5638
40.6936
39.3573
38.6
38.2347
44.4002
26.8779
45.8314
42.231
39.9933
49.4936
44.8054
41.9208
39.3955
37.9682
33.9767
30.087
36.3147
37.667
38.8533
34.6541
54.7582
46.2048
38.4875
25.8945
22.7381
26.7411
30.5193
29.8692
28.4838
27.0592
28.047
19.6647
22.1146
17.9561
27.4418
30.2347
29.6811
21.6559
34.2357
27.8429
21.7379
20.191
21.5028
25.77
27.95
34.4832
32.8872
26.1969
29.749
24.9158
34.2537
30.7903
24.3331
25.7867
25.1893
23.1882
26.4968
34.5822
23.2698
29.6538
20.7387
32.7002
29.3855
29.5944
38.2549
31.5777
34.8996
33.6279
32.7063
32.577
31.9766
35.9498
26.3968
21.1015
44.6201
49.3025
34.1878
31.6484
26.5105
30.7592
28.7965
35.979
23.1616
26.6003
30.9124
29.495
31.0103
29.6617
39.1089
28.7898
29.2153
29.4519
40.4464
31.6769
43.9206
31.3581
33.5311
23.8344
21.3718
24.9925
36.1192
36.7123
26.0296
26.187
37.5487
35.3898
34.8432
38.4349
42.0495
46.5428
45.0858
20.836
62.346
66.1959
23.3547
24.737
25.8144
23.4925
25.0568
31.5299
28.8751
33.3592
32.4049
45.0782
33.1237
43.6934
29.5021
37.4794
27.3834
29.2292
36.2596
26.751
25.8461
38.8993
31.2747
33.6526
34.4681
42.8548
26.7571
24.2358
41.3146
31.3951
37.2954
43.5535
37.2968
33.0998
28.0958
27.7608
29.7375
24.3818
33.7075
33.2993
39.9436
32.0938
27.3248
45.1381
48.3869
23.7541
20.8986
35.3154
30.1362
38.3345
40.7566
38.9124
24.5516
36.4727
29.336
33.4444
34.4639
34.3413
34.4803
29.0849
35.4832
20.1987
34.2364
36.4254
35.3096
31.8025
30.9253
29.1395
30.018
23.4155
33.5313
32.0965
42.3801
24.632
38.9266
37.2801
37.6019
25.276
39.8964
41.2447
25.8448
40.76
66.1236
44.2473
34.4513
28.6596
32.0937
32.1146
34.3975
29.1855
30.2802
22.3975
34.4918
34.1076
33.9727
33.7115
24.3342
32.3049
28.9917
34.4978
34.1586
30.8735
27.4223
33.4884
44.6581
24.3542
34.9683
31.191
45.1855
33.7632
33.5614
22.4682
41.6527
24.5667
22.8152
24.805
22.9616
41.2736
22.6118
25.508
23.2166
22.4725
47.2378
46.6563
47.4638
50.176
39.9267
47.5922
47.2087
49.9907
34.5604
33.3724
33.0132
26.167
34.091
24.6417
38.8917
40.3535
40.8065
34.3011
19.3254
24.1612
23.9371
34.4698
23.4637
44.3341
42.7535
44.8416
46.9632
50.4449
47.2839
45.4819
48.1673
43.3414
42.6421
48.1024
50.9802
47.9863
37.9529
22.1187
39.3787
44.1674
48.8051
23.2307
45.5
41.4661
37.3841
20.9364
45.6388
39.1689
44.0255
42.0601
46.811
31.844
32.0324
32.8199
36.3809
35.2035
30.5699
31.0365
22.78
31.2957
34.0192
34.139
27.9741
31.2528
43.8179
38.4931
43.7204
41.8621
48.2167
570.273
609.837
696.07
38.7281
38.4413
35.5682
39.3496
39.7534
33.3055
31.125
32.0274
36.0747
31.0748
44.2539
49.9432
41.7083
44.6417
24.5009
44.6195
22.5877
45.2362
40.0467
40.5896
45.1468
32.1196
32.9197
35.0756
34.1501
35.1178
36.8398
34.4499
29.5991
27.8048
37.2107
39.2544
38.833
37.0772
44.0291
23.0981
43.2518
45.0109
44.5276
49.0329
35.1328
32.1356
34.9773
22.6488
32.3458
33.3561
30.5241
37.4229
35.8468
34.6465
36.7816
46.6815
42.3646
42.6982
37.0086
39.6837
37.5615
40.7015
46.4439
46.5928
46.9029
40.7598
49.539
45.7613
35.7572
33.4771
31.498
35.9801
37.4838
44.3098
38.7417
37.2623
32.8823
36.7265
33.0275
37.0564
40.7091
41.4986
38.1277
36.5211
38.6316
37.0021
45.1342
40.4748
41.2793
45.0697
41.7319
38.3313
38.5069
40.6669
42.0395
42.289
56.7087
34.4993
29.016
25.5368
25.2992
37.5142
33.4914
33.1228
24.2869
34.6452
30.1694
26.0839
24.7355
32.0899
31.9776
34.8959
34.4813
23.3104
30.554
33.539
26.5034
24.7073
24.5463
23.7977
34.2817
27.0654
29.9621
21.7949
31.1772
30.65
24.7256
29.8323
31.164
21.7305
31.0155
31.1701
20.5312
35.2977
25.7955
32.5866
40.0145
31.585
27.2214
43.3548
31.6985
24.1312
31.4852
44.9465
25.3139
31.2746
30.6295
33.0744
36.91
41.6706
27.9462
28.2735
27.4768
27.5903
46.159
38.9495
28.7767
29.6515
47.4404
49.6252
45.7215
31.5466
44.0591
51.04
28.8775
47.5292
25.8044
38.7715
32.2821
29.7368
27.8351
34.8426
26.1434
26.438
21.8346
30.353
30.7035
41.1071
34.3669
40.1031
40.9502
42.6453
30.9286
28.2695
20.9883
25.6563
19.1787
18.3622
24.4114
29.3855
23.8707
27.9444
27.4171
29.3791
22.6532
23.0918
21.9725
24.5779
29.2103
22.9992
24.8797
24.8054
24.31
25.8654
22.689
22.3518
29.0634
24.7178
22.508
26.6851
36.2556
26.2044
26.9621
24.5824
25.376
25.3788
31.099
34.9963
21.7367
28.1849
20.6793
22.7137
26.6972
20.8366
32.4702
23.9061
34.9944
34.3702
28.2569
28.7491
27.9337
27.9572
35.609
28.3119
31.4632
21.8812
28.0607
26.9419
32.8024
40.1442
26.1572
39.8438
27.5869
32.4824
32.0065
28.6162
23.5968
22.5227
33.0436
31.7252
25.2682
31.2185
35.65
37.697
31.7404
29.3385
31.105
41.9725
34.567
53.686
38.8828
39.0105
55.105
41.356
42.6811
33.8979
39.5227
40.4036
45.4548
36.0243
35.1073
38.6795
34.0062
35.2793
39.3271
38.407
40.2795
40.9714
47.4222
37.6509
27.051
29.4242
37.3092
35.1204
29.8341
46.4196
37.4798
31.6222
35.0333
27.9565
28.532
34.5334
33.6366
35.7436
40.8393
30.6802
42.3013
33.276
31.648
45.5762
60.5504
47.8529
37.7485
59.7531
40.7662
40.7611
33.6869
34.5378
59.4095
38.3539
39.2198
37.6899
32.468
29.5194
27.228
51.0179
48.7954
49.0471
49.9732
33.9761
34.3985
38.2369
39.9842
41.6373
27.4449
26.5946
31.7405
27.9195
32.2221
27.1612
28.0416
20.4257
22.2092
22.1825
33.2176
26.2876
25.3232
45.6512
25.1441
25.3007
21.3589
22.5488
23.0237
23.4111
32.3323
24.9705
24.5652
26.3547
23.3139
28.8295
32.9684
29.7111
31.6457
43.7183
20.0852
22.8229
20.7501
20.7237
26.4836
23.5037
32.0602
26.3679
36.1225
27.3309
23.4056
20.6424
26.8461
31.0688
29.0654
28.9008
29.5792
31.807
23.0575
26.8903
35.4497
33.1988
38.91
38.4441
41.4418
37.0697
40.013
32.8363
32.8982
36.1683
35.6979
37.0973
34.3161
35.5383
23.6855
36.4792
31.5871
34.0677
34.8377
36.0855
25.5577
24.2457
27.9576
46.974
32.9971
26.7504
49.281
26.8613
22.8909
29.4586
29.9408
29.3907
32.1349
26.2474
27.6568
36.7795
35.4646
35.5454
36.6074
32.1192
38.8056
36.7446
30.5932
26.4046
25.3512
30.5753
28.7133
30.1636
20.437
25.765
28.8236
25.2485
29.5064
30.6233
25.8892
29.7373
24.466
26.2917
34.016
27.0607
34.2287
34.1371
31.6927
32.1435
32.4729
32.8659
48.6273
48.4393
40.2666
41.1128
38.1467
33.5842
30.7468
24.6401
24.791
24.497
22.4245
27.8461
29.9712
20.7727
31.8764
29.8563
31.8456
30.4365
26.6938
34.6099
32.3533
42.6793
35.6545
38.6027
39.3364
31.3971
32.507
32.1396
29.2509
35.1482
30.2098
32.601
33.8525
30.0533
33.4705
23.8993
25.1692
31.3353
32.5909
33.2109
38.4892
31.4408
33.1666
28.9683
28.3499
29.6257
30.1551
28.9034
30.4454
29.8014
28.7838
23.6409
31.8397
28.7665
30.6975
30.9692
30.646
30.7276
32.0213
21.4693
25.352
21.0797
23.8485
28.1281
32.8822
32.0235
38.4367
32.064
27.8873
31.748
32.0639
34.9754
31.6647
31.6388
30.9236
34.1105
35.3867
34.7372
32.604
29.8959
32.828
33.7135
26.1977
34.8717
33.6982
27.2829
28.3668
38.9004
28.5247
34.9695
30.6269
28.4792
24.7466
31.4661
25.9588
37.9855
30.352
31.8586
28.6877
28.8205
30.3443
30.2191
32.8992
30.2687
27.6038
27.2952
35.0728
30.8583
34.3154
32.7232
30.3758
26.8296
34.2081
34.4691
31.6739
31.8161
37.3706
28.2422
38.125
31.5644
26.8252
24.6268
35.376
31.2699
31.7684
29.0151
29.1717
26.3621
26.2999
25.3643
34.8128
39.8642
33.9063
45.1009
34.4435
24.3909
31.3127
33.2457
39.1449
18.2575
31.4847
33.3895
31.128
27.9872
27.9427
30.032
32.4227
36.7957
28.693
27.3412
25.4038
29.2553
31.8058
31.8864
29.1551
32.7805
31.4407
29.6342
32.1543
28.6616
28.6647
30.1114
32.5705
23.9562
30.5645
30.7901
36.0677
31.1431
33.6055
33.3384
27.4457
30.0672
31.5432
33.9913
41.2351
32.2647
35.6266
34.2166
34.8121
39.9798
32.5323
36.1222
30.4764
24.0746
23.2137
40.7343
32.0578
32.2209
35.2815
38.573
34.635
33.4966
33.9365
33.5145
37.2128
33.9026
32.3447
39.318
30.2754
30.7084
30.7617
34.0714
30.3627
28.2565
28.9511
33.2267
32.6605
30.0446
43.6042
21.8949
30.1698
27.2342
30.3849
30.7673
33.9188
32.3537
32.8456
35.7868
33.1581
35.1707
24.8932
33.8229
33.0576
33.7102
35.5033
37.9091
36.0316
35.0884
36.79
35.4708
38.2982
36.5005
39.4704
33.5675
36.2274
33.1967
33.5072
32.5723
31.7446
29.9338
30.0336
30.5393
34.9308
36.6413
33.5617
32.9467
30.3911
33.6421
35.482
32.7987
32.2504
36.9076
35.486
35.7593
37.5107
33.4222
37.8407
38.0497
35.2505
57.3593
57.6061
36.6687
44.5419
38.9512
34.8597
35.0065
33.589
32.7403
35.0398
34.0356
32.5621
33.8437
42.7506
32.8377
35.788
35.7643
35.2505
33.8495
35.3064
32.7784
33.2037
32.4121
33.2866
36.5068
35.3306
35.1187
44.0127
35.2931
35.7714
39.0288
34.7873
37.0278
35.129
32.8541
31.6053
37.6938
39.7175
30.9165
32.3356
32.2442
40.3395
27.1043
38.2193
29.3576
43.5593
37.3243
34.5737
38.3167
30.6008
32.856
34.3487
35.0076
34.3824
36.4184
34.3129
34.0033
32.834
35.5898
43.1724
34.6629
31.3467
52.5002
35.6172
50.3891
31.5128
20.7656
33.2265
33.7211
2.63325
24.7596
34.35
22.6895
2.97126
33.9198
40.7242
34.3124
18.9137
35.6276
32.4768
28.9531
30.5024
45.5866
34.3513
31.1375
35.1698
33.4168
36.6318
37.9848
34.9448
36.6247
34.1277
33.8023
34.3529
34.4205
32.172
32.1364
32.9021
45.0251
36.4252
35.6463
51.7951
33.3726
34.7552
54.0176
32.8743
29.5935
40.8747
39.2483
2.56392
33.395
32.5793
35.0072
39.9955
30.8201
37.3505
38.2603
35.7216
29.8882
34.4361
37.3532
31.7294
33.1615
46.9934
34.9776
40.4827
31.945
34.9965
32.9384
33.9163
33.0268
42.4174
41.4891
32.8242
40.6186
2.58395
34.9997
43.6329
37.5912
37.9991
37.0492
40.3309
36.3094
38.4939
43.003
18.236
2.58743
39.279
36.2814
34.3
36.684
2.94227
32.3942
25.5369
32.4356
26.4127
33.3033
34.2959
36.994
34.2794
33.3674
33.0726
31.4848
34.5054
31.1275
33.8237
38.9311
33.1144
2.58632
31.4887
35.0328
32.744
33.371
2.57674
19.141
22.0827
32.7708
31.9359
36.8696
39.9532
31.3982
33.6713
42.47
34.3
40.238
2.57448
31.9679
36.4532
33.6748
28.3165
36.2699
31.0256
32.0661
30.059
29.0173
25.5757
35.7519
35.5153
32.1883
36.732
33.3102
33.3249
32.9608
37.3177
32.8888
31.7771
31.5563
35.2928
28.6294
36.9921
34.5581
33.6258
32.2423
32.2996
41.599
34.9863
34.8466
46.9545
37.2991
5.40984
35.7062
4.78253
39.7153
41.0671
37.9398
3.93285
22.2716
34.3491
38.9262
21.3964
2.59045
34.3528
39.1751
2.58663
27.0766
22.7483
19.4655
30.0939
31.3267
30.4468
34.3492
35.6331
41.79
23.7063
2.55987
19.1627
2.61191
43.0357
52.1309
20.9618
34.3524
2.57613
34.3525
23.886
2.57581
34.3505
18.0371
22.9795
30.39
22.8521
34.3388
54.2471
20.6949
35.5913
19.8924
32.3614
21.8155
38.6294
35.1533
24.2318
23.2188
22.8179
34.5512
22.6478
2.58478
21.7804
3.88885
2.58174
22.3761
20.7997
4.66428
33.2471
27.2636
24.7881
38.1673
36.9147
35.5357
32.9196
30.305
30.2783
30.9483
33.7766
32.4222
34.3915
37.7068
34.3086
4.63619
30.3278
36.1187
34.12
4.28303
2.5759
32.7492
37.9208
2.57542
2.57554
2.57843
37.3901
2.57078
34.767
2.5606
2.58093
2.57474
2.60119
2.57634
32.4837
2.57622
35.0148
32.3333
2.57679
2.57607
2.5748
2.57469
36.1078
2.5744
2.57472
2.57481
2.57487
2.57471
2.57473
2.57472
574.02
513.346
640.447
417.495
343.304
388.365
711.527
591
39.9079
32.1009
40.8555
41.0591
48.2281
21.8299
20.7974
25.2176
22.4762
22.289
27.972
28.9468
27.5436
35.9754
33.5254
28.9896
18.1068
19.0685
29.2139
2.55256
33.3092
51.2905
43.511
21.3187
42.252
54.6439
46.1628
671.703
536.121
340.332
37.362
33.8422
28.6544
28.6467
26.6185
29.1709
31.0673
30.1119
28.4182
51.6788
47.0269
42.2965
30.2318
41.4653
54.5825
49.1502
52.7901
48.7698
60.0406
48.8459
41.1061
22.8045
45.8317
48.6727
23.1972
54.8313
47.2628
43.7212
61.6073
53.7992
57.564
59.0912
62.5381
39.8288
64.1336
20.3649
91.9762
42.5274
186.682
31.0513
23.0875
48.9504
45.0366
168.652
178.513
217.912
185.333
120.701
272.604
162.621
619.652
195.579
204.823
37.1876
37.2994
40.4816
37.9106
41.0266
39.5839
40.9966
41.1007
28.8157
34.131
38.4711
36.5309
38.043
37.0956
38.4076
32.2637
37.0547
30.5251
39.2121
34.3717
109.107
102.918
163.199
133.072
96.5928
136.037
37.5463
42.1237
36.2359
36.6486
16.3326
33.6535
35.1456
27.1751
34.1044
33.2783
42.2066
34.8134
33.2774
29.2826
37.0957
32.1062
33.4495
31.5066
35.1406
31.1569
28.7251
26.224
36.3151
37.6264
32.526
33.6392
27.5558
31.6823
30.7787
35.1163
32.7106
44.567
35.6471
41.3293
36.9003
33.0141
32.3955
31.775
35.0363
36.3971
39.0619
43.8819
21.3147
19.8631
3.12869
34.199
77.8443
66.7622
65.7642
59.4412
56.2916
51.1402
48.9334
64.5564
183.134
105.67
64.9557
49.5202
70.6609
84.9288
71.1451
68.15
74.9419
82.1311
71.723
74.2455
51.2649
40.9311
49.9812
85.5892
44.8323
86.6479
76.5485
38.6035
42.6594
45.511
43.8797
69.6655
100.963
47.6943
37.9371
35.0915
39.7988
40.3813
58.7865
57.5495
56.0944
86.8459
50.7547
47.0057
51.1379
50.9077
66.0179
47.1895
40.8252
46.7616
135.351
170.531
197.87
173.222
222.401
181.134
280.753
272.088
444.448
346.908
287.468
38.9998
37.7397
34.501
43.8694
48.3253
33.9568
49.3153
30.789
30.4727
42.8308
30.631
37.6665
33.7994
45.763
50.8654
34.7495
33.8289
51.0107
58.4513
66.5702
66.371
62.5515
62.813
59.6366
60.5117
72.0259
59.8709
50.2409
54.6554
46.7147
52.6967
35.6168
33.9955
50.762
50.1554
49.2958
61.3571
52.4017
43.2616
36.107
33.7494
42.6744
59.9211
57.8799
41.8027
43.5939
32.3294
38.5357
29.6326
49.8587
31.3094
46.6945
35.027
175.835
167.969
289.243
247.985
444.196
336.349
467.192
470.319
568.883
565.396
276.492
208.422
347.752
386.446
440.096
639.503
567.51
442.211
323.946
330.065
394.468
465.707
596.113
348.433
474.051
492.056
160.577
220.009
203.319
236.543
368.352
229.358
278.08
447.814
324.26
515.539
418.726
276.785
56.3342
49.976
35.7574
71.9492
54.5301
71.8073
75.7207
52.0155
76.2995
80.4048
84.706
293.763
155.25
102.785
128.05
110.633
588.351
484.401
263.847
268.399
78.8062
72.899
73.7206
45.1382
102.098
104.253
62.7647
91.3484
59.9662
71.2552
84.9611
76.5832
124.507
226.827
91.7307
87.3179
49.9035
407.608
406.895
474.622
552.245
482.909
599.01
634.671
320.721
366.085
489.576
315.718
333.49
396.3
310.474
400.7
257.78
309.029
260.146
425.99
378.083
456.259
494.36
43.3739
70.7158
52.1845
54.6129
76.6602
280.434
156.884
273.621
164.923
199.013
402.056
389.425
505.933
377.29
112.275
612.891
646.908
552.77
474.196
228.11
560.27
576.692
649.982
58.8655
410.62
724.244
530.063
497.417
305.205
333.239
508.624
528.687
284.111
271.751
637.295
298.714
250.683
162.394
169.421
191.823
176.527
488.086
284.686
422.699
397.168
545.662
528.896
530.802
565.337
598.06
501.507
338.177
643.142
315.534
285.095
396.231
414.032
496.406
569.063
199.04
319.409
413.688
412.886
440.989
181.326
205.058
246.098
497.426
640.046
244.355
748.801
367.256
533.324
272.91
487.856
465.906
392.373
303.958
583.818
746.949
514.464
594.959
455.588
449.604
294.578
535.319
575.599
564.919
700.611
592.274
661.152
361.708
537.368
437.262
664.561
620.502
680.553
448.011
357.693
562.602
631.003
318.117
319.134
401.149
569.997
485.77
476.309
358.878
302.049
271.198
278.513
327.619
377.238
521.987
338.621
438.784
399.982
309.114
503.134
424.965
44.9272
53.1834
72.6758
66.194
48.1799
45.4163
56.5438
165.795
48.4673
53.7988
52.8852
42.615
32.4274
35.8282
40.2203
30.2417
31.0818
29.373
29.7352
28.8536
242.742
554.978
457.012
435.734
470.47
448.568
522.124
419.236
566.381
544.47
897.074
48.3238
43.0147
47.4526
79.5865
414.373
519.843
306.117
373.04
623.561
600.269
632.623
34.8037
61.5288
68.6142
61.446
272.823
235.987
413.683
420.498
395.916
633.02
545.124
663.185
684.298
35.3165
315.541
208.407
800.569
541.696
507.098
244.867
354.038
679.627
494.514
417.251
77.7932
79.2185
32.8628
209.353
127.037
47.274
262.088
117.064
303.086
349.656
292.212
379.586
675.027
224.834
422.238
574.169
393.54
471.728
301.104
406.191
453.256
324.953
468.375
508.129
542.956
137.151
350.738
268.608
500.915
274.602
240.172
226.91
243.182
362.815
382.596
343.834
362.296
453.294
368.278
250.381
344.272
244.975
159.784
553.386
346.257
35.4505
38.6582
31.8057
25.1555
23.3083
39.8577
42.7514
35.353
34.2445
19.1228
27.2694
20.5749
18.3772
35.0994
27.2226
49.3108
36.4081
41.2255
36.0032
26.8498
22.6673
42.5117
35.4448
22.4868
35.2263
35.7517
28.2793
19.4449
32.2393
53.8323
32.0404
56.9087
31.7233
53.5149
19.7058
37.2452
39.0218
24.1179
33.3732
19.8785
21.0085
25.0843
23.3985
22.6506
41.6651
38.0174
26.066
28.5751
23.5181
54.589
57.0708
59.6533
45.257
51.7004
33.0744
28.621
61.8718
21.0886
35.6441
29.6373
25.1877
36.4572
28.7463
30.7043
36.3497
29.5318
38.987
32.4127
208.604
224.579
394.992
568.239
510.861
237.935
506.226
395.411
519.644
399.214
146.643
97.9247
420.783
274.647
479.53
575.742
337.376
333.55
434.353
127.13
475.334
630.11
464.103
585.807
52.123
43.521
50.5565
74.2199
41.2958
47.4361
72.9961
89.8849
87.5644
179.863
80.6485
472.512
315.816
379.005
278.532
208.94
383.648
335.83
394.262
229.131
604.345
549.864
530.498
368.487
311.729
554.385
222.285
623.388
303.229
326.38
509.598
247.001
543.013
524.67
287.647
90.2957
57.6977
101.917
117.619
243.471
408.714
66.4981
433.926
414.19
151.147
415.364
368.034
246.411
382.963
396.4
47.5605
55.9286
51.6334
61.8766
85.939
78.9836
59.9299
84.9805
360.582
734.441
466.451
515.901
321.18
59.1713
78.4272
49.4286
76.7622
72.3088
33.4808
695.498
605.934
350.449
275.629
603.404
475.534
567.823
327.494
585.244
319.909
616.646
665.825
532.276
731.513
467.337
397.029
233.368
378.082
236.786
538.412
590.19
500.377
319.851
239.569
660.91
425.91
432.383
653.578
231.935
551.681
499.877
439.511
554.596
306.777
661.111
389.225
541.169
654.345
286.926
289.858
241.208
319.159
305.124
398.131
191.768
429.45
604.113
529.828
537.776
597.695
376.271
355.905
26.3606
17.8597
24.0201
14.3197
31.7428
467.172
183.014
31.4188
54.2604
53.384
60.9531
55.1398
48.8331
45.937
30.7069
43.4363
56.5895
52.3163
414.008
399.056
207.768
222.898
325.112
236.714
335.982
181.007
312.11
278.516
169.365
175.317
215.469
230.35
233.217
228.613
323.485
358.577
263.336
326.507
273.051
329.306
387.811
292.63
476.671
348.862
682.046
201.599
165.93
164.173
164.983
190.82
238.716
123.215
60.4841
30.0376
43.9647
51.315
46.9896
271.202
248.381
287.714
305.184
199.101
492.899
552.6
543.721
399.908
380.578
444.38
496.586
384.143
282.41
490.455
477.909
530.842
484.692
443.38
555.11
624.184
532.621
695.768
396.894
390.005
479.78
548.453
128.458
565.984
348.268
208.961
313.411
161.235
116.613
119.949
309.413
181.349
234.093
515.179
442.024
449.475
447.229
232.848
299.133
425.227
263.084
277.856
272.531
184.364
212.367
109.04
406.877
371.406
586.584
391.045
460.907
348.834
84.2925
212.986
79.9721
100.872
111.186
323.588
294.318
322.433
318.845
188.807
331.377
316.677
369.24
253.876
349.675
454.211
322.989
253.56
196.583
137.251
320.948
302.949
164.365
44.2802
61.6045
91.9929
60.9742
417.33
436.686
228.283
449.737
223.512
305.776
46.9971
184.91
237.285
284.984
336.792
294.932
439.244
364.508
221.792
458.956
173.489
239.949
378.621
187.687
172.796
161.09
251.958
115.698
106.925
126.268
260.43
263.181
444.061
341.314
359.221
223.057
251.451
221.267
74.4993
72.2925
86.4992
87.0892
81.123
92.3365
368.353
275.844
367.101
219.386
270.717
182.011
312.836
99.9671
251.518
187.347
209.392
197.167
97.1042
237.007
103.093
147.058
98.5693
151.783
137.695
129.056
179.063
138.65
139.663
132.676
297.261
117.905
341.669
134.485
98.752
85.0794
131.91
205.129
150.547
159.535
89.1906
170.682
206.617
103.548
190.24
169.36
169.139
83.884
89.1305
156.888
64.2969
178.082
249.995
335.011
356.306
257.282
296.323
248.902
174.342
311.22
272.486
173.695
306.052
317.108
146.267
183.483
349.002
220.174
145.89
334.21
316.655
210.237
285.936
263.452
169.285
281.716
464.005
275.936
297.684
316.795
154.115
186.602
319.126
96.4793
123.426
131.524
275.133
104.282
215.26
137.789
153.592
227.977
481.437
261.793
135.955
250.241
99.9983
214.84
213.241
229.951
164.517
315.286
234.186
240.147
396.694
167.324
187.364
305.758
246.306
257.572
217.545
172.596
206.826
195.813
206.836
191.221
142.739
161.8
164.754
77.8633
106.194
117.273
73.5227
116.654
108.996
132.204
132.825
68.0449
139.343
137.594
92.5136
299.497
123.795
315.233
408.622
371.507
267.281
280.715
349.426
327.951
351.808
205.218
256.842
264.575
254.616
150.435
260.514
254.554
168.381
222.797
229.153
231.955
180.083
87.7035
95.5774
141.367
125.507
164.557
201.447
273.288
266.2
34.5096
126.186
168.173
174.839
28.0836
41.447
24.8875
43.6498
37.0319
88.3149
288.307
204.136
171.158
184.15
185.798
226.581
195.476
114.35
193.766
146.235
103.394
148.009
338.887
258.611
463.243
205.634
452.878
348.219
42.9818
93.5695
75.2101
92.3283
110.396
183.657
80.5793
179.981
191.295
290.295
176.14
133.957
81.1337
493.636
138.656
363.975
432.858
295.827
238.211
95.9027
173.735
61.7667
126.082
136.562
166.1
79.8924
100.136
105.451
73.0405
114.935
49.8005
55.3311
65.897
89.3607
255.724
189.574
137.419
155.796
204.838
76.6029
325.168
188.984
199.114
412.037
164.015
181.865
267.838
95.2911
99.8932
59.1722
100.171
169.359
172.429
96.431
199.483
79.0696
55.162
144.662
326.865
157.915
216.436
417.705
280.538
301.23
360.748
106.475
323.212
279.608
152.867
308.543
44.7159
53.1917
54.1463
30.7583
55.196
38.559
62.9473
19.9722
40.4319
111.566
203.391
241.045
141.86
266.12
219.789
110.849
228.322
281.493
141.24
125.724
211.822
130.487
137.188
177.292
276.201
126.886
99.6057
83.9023
95.2004
114.353
117.916
144.602
178.222
19.3339
47.3297
30.7177
29.3885
23.0888
14.2691
14.9033
18.0236
18.9741
16.0947
28.8021
35.2517
24.4215
47.666
48.0066
21.6378
34.2724
22.4295
60.416
21.736
58.9845
63.4871
35.5975
28.5632
20.6107
26.9996
63.0001
63.155
46.8167
119.52
179.97
75.7064
117.112
111.672
168.288
134.012
179.661
250.155
156.474
245.043
221.937
189.466
170.772
16.5627
35.6499
20.067
20.3211
42.247
36.2678
32.7798
23.5672
18.6702
15.0784
35.2136
28.4425
23.6761
186.963
125.266
234.222
165.008
175.278
76.6095
102.033
92.2545
77.8725
76.7314
93.2422
72.6165
84.6561
99.7642
114.084
268.519
241.518
265.313
155.621
114.594
94.8927
185.444
152.123
158.353
184.349
92.6896
80.094
117.362
87.2775
131.324
125.022
149.769
108.337
171.693
185.11
61.147
106.123
40.3521
85.9982
103.778
74.3429
90.2799
65.4201
80.6371
118.546
111.272
97.2574
51.0452
39.7838
58.9056
61.8691
65.4201
62.7585
29.0428
26.7649
30.6369
61.4072
89.3428
119.215
169.945
71.5114
97.4069
156.803
75.3197
127.745
106.383
117.264
220.962
323.963
141.399
237.546
55.4008
95.2581
177.681
148.726
171.027
76.2875
118.021
146.774
75.4673
46.9893
92.0594
100.592
81.5792
103.09
118.695
132.695
98.059
15.5412
15.1441
36.1009
27.2706
23.3278
28.114
26.9113
13.3301
16.0973
27.3113
15.8774
42.6478
23.2699
56.5968
17.47
23.0257
17.2664
52.901
29.0956
34.6196
22.7369
16.2012
42.3767
18.553
25.0787
22.5967
20.1897
49.9792
21.384
16.3645
48.831
27.6652
23.639
42.4715
47.3301
45.5542
44.9992
15.1986
14.9498
24.0039
25.4516
17.3869
19.7726
24.2542
24.1511
16.794
32.5132
35.4835
36.9576
47.4305
110.333
70.2485
84.9777
96.4075
144.023
285.335
371.122
182.179
189.729
292.243
206.125
368.881
118.535
95.3493
111.406
171.055
117.536
245.362
70.7545
280.76
68.2772
118.086
74.7973
98.0958
118.011
76.6207
50.4633
60.9394
49.7583
104.744
34.0995
64.8698
52.7917
67.4409
46.3695
60.6292
43.5787
76.6755
31.1872
130.639
181.216
173.847
219.642
110.414
89.618
144.323
102.255
192.219
99.1938
80.6368
73.6759
52.6165
85.3717
93.3081
127.638
119.945
123.545
178.673
111.382
137.032
145.713
186.141
143.681
117.919
134.948
75.7571
131.73
170.015
115.79
128.384
131.924
171.763
100.851
95.1311
74.2688
46.1685
77.2256
127.07
105.003
120.256
72.0725
84.9422
167.85
95.5781
186.976
182.568
135.19
305.979
311.005
217.315
207.694
264.895
133.848
131.771
144.008
166.074
156.786
92.997
65.1309
84.6891
28.8664
49.837
89.8706
41.2663
58.0054
93.2643
92.8843
57.2206
48.881
110.461
61.7956
54.4226
59.0974
75.9264
68.2497
60.0085
57.1628
63.8739
78.5585
143.787
35.3827
36.7386
30.3789
31.1054
22.5778
32.0332
30.2906
31.845
54.1421
93.8549
62.2134
100.338
90.7446
89.649
74.4602
75.5851
45.1182
48.643
50.3017
24.2823
14.2009
17.0818
15.3221
14.9814
17.6153
19.9755
54.1397
80.7423
46.4512
79.8689
77.3294
41.1361
55.8429
19.2865
66.6982
69.3284
83.7757
47.2505
16.1722
23.0462
17.1446
17.0842
16.8451
17.8493
23.9786
23.5671
24.3063
24.3878
35.7231
18.8612
22.1984
15.6258
21.3961
28.9239
28.1169
29.9672
25.0403
21.2128
27.7227
15.16
28.8768
35.7922
25.5058
26.5015
21.197
17.7407
22.7277
25.0387
14.016
21.0682
17.8769
16.5116
21.6807
30.1139
30.6741
58.6233
32.4128
40.0413
59.4525
67.1097
50.3622
59.5792
36.0318
59.7732
59.4159
30.8182
34.83
56.1024
27.3115
49.1546
45.9729
45.9683
42.8048
32.0553
32.8679
30.6188
23.7391
34.4132
37.6987
40.5799
40.5632
34.7368
45.649
42.3036
18.4991
45.8467
29.1905
48.7755
36.2437
32.4555
24.5204
31.7115
33.8661
38.6427
33.62
805.124
249.932
773.638
294.198
760.269
360.914
178.224
594.188
615.537
700.31
701.406
396.161
525.048
217.667
376.408
383.904
477.077
73.7458
195.906
59.3432
130.452
90.564
690.683
735.506
644.811
604.716
668.388
597.441
759.373
302.216
511.502
592.483
217.462
536.65
701.411
630.286
141.444
201.5
478.992
688.22
689.634
154.2
513.684
509.817
594.11
640.228
540.893
553.905
96.1793
608.446
523.891
240.636
516.075
500.492
599.209
625.173
462.947
470.303
575.84
487.274
300.936
595.646
505.512
549.965
268.657
671.677
164.73
245.202
135.124
561.101
86.2793
240.618
404.553
374.006
207.663
562.65
585.754
693.419
606.503
649.954
607.922
241.212
837.09
677.222
519.954
629.221
245.16
639.889
574.477
456.716
650.843
72.7934
469.226
520.069
629.597
626.883
552.111
599.357
642.835
582.654
522.724
319.19
311.758
271.276
685.318
362.487
576.989
678.601
743.667
369.991
319.013
312.821
532.817
666.132
657.846
198.429
604.56
475.978
582.562
654.817
596.231
430.198
336.723
277.776
232.34
376.606
315.87
451.869
678.114
219.229
731.669
614.329
558.483
720.883
574.795
498.728
468.344
335.867
268.035
146.95
276.975
627.71
529.903
303.751
543.115
225.294
309.406
672.196
284.947
367.813
473.004
438.905
335.637
500.589
289.729
523.898
615.834
573.973
768.919
439.8
317.862
291.775
241.804
310.15
373.394
253.633
205.909
275.259
597.557
340.66
555.641
611.714
364.639
286.551
688.316
663.484
307.208
309.836
675.87
691.161
289.017
232.337
362.959
612.72
598.362
697.061
471.351
528.956
405.31
209.718
249.121
293.073
368.557
138.201
265.551
131.346
144.848
162.546
305.312
270.043
358.206
372.04
415.899
461.893
217.036
334.853
145.018
322.355
283.295
527.53
290.915
594.952
477.442
481.549
461.921
494.951
548.708
675.19
523.506
523.533
520.534
330.764
186.719
57.7895
94.6599
211.278
106.491
242.626
359.046
94.575
73.2889
424.36
297.133
376.184
672.347
597.103
592.452
417.619
607.487
459.535
256.564
518.456
274.718
625.8
614.186
631.739
526.375
621.185
244.148
660.204
439.391
608.858
636.065
321.36
353.791
79.0509
278.187
337.42
605.234
468.433
438.1
290.451
276.946
390.356
403.961
484.451
232.732
353.907
598.07
315.898
305.466
620.263
499.876
278.999
349.17
512.588
301.369
265.43
302.638
294.649
600.3
595.831
492.764
443.296
466.822
586.141
343.79
593.036
577.717
266.498
438.58
198.62
288.325
605.576
356.704
357.069
305.269
486.166
479.533
533.838
344.93
466.577
620.751
596.526
286.536
589.081
87.8771
237.995
300.664
327.516
157.104
242.555
325.359
206.483
310.557
564.352
415.242
596.255
549.48
606.314
366.511
273.587
672.604
709.167
164.769
263.862
528.404
162.29
172.915
612.173
530.432
323.9
172.618
351.411
643.656
327.819
445.169
284.926
556.984
448.822
489.509
601.832
338.199
143.783
535.032
346.396
597.71
523.049
485.857
373.538
392.557
281.325
337.476
330.999
626.38
600.052
531.093
657.951
307.277
351.843
159.381
383.825
506.97
640.074
532.474
483.983
300.279
575.578
377.029
471.614
617.491
547.649
450.199
647.498
547.56
694.675
728.55
454.694
733.717
702.708
724.37
639.416
280.245
547.273
729.296
691.596
213.973
396.149
258.357
229.865
228.759
191.251
240.932
218.901
138.963
440.658
383.889
311.665
573.991
417.873
677.723
335.879
477.096
642.412
244.207
350.58
195.707
522.38
587.52
496.508
295.153
618.143
533.85
692.339
566.64
289.082
705.646
557.719
621.267
271.562
685.223
753.136
627.226
598.966
309.024
154.732
414.513
660.017
546.321
603.186
679.623
282.305
408.538
205.4
384.682
520.477
662.209
329.334
347.156
625.992
133.507
112.38
171.53
660.084
540.652
540.049
291.735
43.2576
253.965
351.798
393.282
405.712
285.795
337.625
556.08
471.327
374.656
578.2
459.953
302.448
442.348
511.993
474.296
252.297
353.12
302.449
623.785
491.251
534.156
456.281
658.815
568.262
317.92
413.316
362.45
537.488
431.446
522.862
351.802
591.652
489.492
384.388
414.648
211.415
374.185
365.801
460.711
331.745
400.544
290.336
245.904
300.729
350.596
436.822
340.108
256.926
414.073
386.031
124.72
352.279
418.341
360.645
413.094
207.327
282.798
455.99
245.266
314.314
373.046
274.307
397.747
330.115
375.515
229.988
332.705
220.899
336.967
421.943
428.873
443.12
275.685
335.293
184.319
399.368
453.657
422.341
382.5
445.2
481.48
436.905
232.645
270.885
417.922
371.557
255.809
338.64
376.18
497.498
356.649
392.638
216.578
119.104
364.464
414.186
341.139
266.058
408.438
240.998
331.621
393.089
269.006
138.033
313.657
316.876
414.434
263.032
336.381
250.565
95.6745
339.903
229.01
374.147
281.162
328.63
226.369
55.4316
377.777
189.953
190.605
210.525
238.421
239.752
270.625
217.718
278.681
254.738
269.676
249.878
257.541
287.933
239.851
240.913
275.847
240.898
178.739
256.229
211.409
251.065
210.68
204.753
248.619
288.807
31.2766
171.449
169.912
206.284
196.744
181.928
173.547
190.759
187.478
253.329
236.133
252.513
239.422
282.753
258.458
210.89
269.036
250.017
256.117
262.166
317.643
310.968
344.639
356.207
358.512
174.597
201.948
180.944
246.112
236.506
189.613
252.785
214.076
211.424
241.831
224.442
206.988
271.796
215.774
180.77
61.8159
205.261
213.369
274.88
262.899
315.23
272.28
313.418
336.286
251.741
233.331
184.852
196.662
233.168
279.701
272.196
252.034
222.914
284.614
257.88
267.991
177.234
197.894
217.941
199.533
204.506
219.569
181.443
184.831
193.56
192.138
198.718
243.679
177.69
165.944
187.118
182.274
174.166
203.782
167.13
159.311
174.928
149.422
149.565
218.692
203.326
182.838
207.072
206.688
226.042
189.883
246.711
199.854
206.282
244.528
251.711
33.8029
33.0792
25.0287
20.8889
23.1703
32.756
25.3816
37.3852
18.4576
16.5448
22.67
21.4931
40.8557
27.8142
42.5333
18.3957
15.2675
35.0125
14.5448
17.8312
18.9457
17.1837
18.9334
32.0221
23.5005
29.8229
34.5458
23.3832
29.5895
29.7368
33.3013
32.572
33.2519
20.3515
33.9974
27.9203
37.6568
32.1039
4.97791
22.8493
2.58178
2.91344
4.83821
26.2671
3.1402
20.604
30.9308
22.6883
14.4657
26.0264
26.4774
26.8014
29.6369
36.2747
39.0203
27.294
26.7581
33.588
13.9559
31.1206
29.2355
27.919
28.7351
24.8511
20.4953
35.4115
18.7994
14.4308
25.7729
27.7258
27.4595
31.9024
29.394
34.8827
36.8246
29.6404
35.2899
28.726
31.7879
30.9419
32.8142
35.891
27.2277
23.8059
35.3052
27.0968
23.7356
34.858
20.7779
26.7599
31.0118
25.4121
40.6495
36.0683
36.1574
29.0912
22.3423
25.8896
24.4734
40.5601
27.6886
23.5302
34.1979
31.3592
33.779
32.6009
30.1412
41.2796
30.3726
28.8649
23.186
21.5375
23.7466
17.5885
24.3453
27.7109
24.165
18.6545
26.1908
26.7107
28.1432
30.6458
22.9076
23.0616
30.0456
23.2018
20.9145
20.3609
17.6375
20.8156
28.548
31.4981
20.7437
27.9528
31.8006
21.7742
20.4905
28.3647
27.9927
41.4472
26.6115
32.8316
29.266
31.3796
41.9011
38.224
45.1373
45.9486
48.9051
29.03
43.2262
41.4929
54.5482
37.1949
55.8806
23.298
29.7436
29.3794
33.5032
20.6357
35.9672
33.5303
31.7129
31.1711
33.1648
28.8018
36.8942
32.2486
34.0292
34.0834
19.7865
27.2698
33.9234
24.9672
29.0552
29.4797
27.8924
34.3451
33.1073
20.1123
11.1099
29.1086
30.7323
32.5846
44.4345
49.0699
30.8517
39.6641
27.6334
26.2476
27.1154
25.9761
32.531
25.6953
20.15
25.2797
33.9887
35.6851
24.2745
34.7467
31.4655
25.7871
28.2174
29.0672
28.3914
22.6345
30.7951
33.4026
27.7805
11.7897
26.7686
36.1752
30.8481
33.9031
32.1912
33.6228
30.2715
29.6186
27.2437
35.9842
35.3889
30.3967
21.1799
28.9531
20.0269
27.4023
28.619
24.7447
24.0092
20.3569
23.2422
36.4031
35.6627
27.9633
31.1795
30.4757
31.4162
38.1123
33.0047
22.2476
31.3609
33.5844
36.0513
33.7087
31.9809
25.1228
27.6956
26.2996
27.5271
19.9648
23.8131
33.0702
25.0333
27.9133
26.4033
27.9589
18.4375
26.4431
23.8813
28.9016
29.466
24.3307
29.9437
29.6363
26.409
30.9253
36.3253
25.2867
29.5397
32.2603
20.5574
36.1417
32.1463
24.7426
25.3362
25.7657
27.551
32.1794
33.6908
30.028
28.6286
38.8633
28.7838
33.7597
31.3556
36.7533
40.1657
35.0613
26.8617
30.0463
38.325
31.8635
26.2373
33.5667
36.0782
39.4272
30.7682
34.6442
30.6579
36.1081
42.6872
34.984
25.8505
26.6799
24.7826
21.6757
29.2715
34.1455
36.8533
29.9333
22.7972
38.349
20.84
31.9989
31.6115
30.7252
27.7751
35.5127
26.579
39.7538
28.1783
32.3047
33.7142
27.6442
24.9056
40.8033
20.3166
28.5451
28.9873
24.4063
34.6167
23.9154
24.2075
25.6963
24.8899
20.5077
35.2029
31.0588
28.1913
23.1846
22.6611
22.5776
22.3222
28.8869
38.274
29.8368
24.1787
31.7965
29.3787
30.2914
31.1416
20.4693
29
35.129
25.5722
34.8796
25.5763
24.5298
29.5836
34.0462
33.2521
32.7205
27.5515
23.8922
34.7961
44.6199
30.1799
21.1179
24.0243
40.7464
19.3529
20.4046
19.961
31.0552
37.1733
33.7015
31.4969
18.9831
40.1627
39.7931
35.068
33.155
32.0234
24.0593
26.6219
26.568
18.856
30.5973
20.7558
18.2958
39.7486
35.4801
39.5037
38.6951
26.0841
21.2608
30.3079
34.763
28.655
32.0084
40.1675
31.0332
23.7087
43.7976
25.3347
32.5023
23.5193
39.3167
31.2614
42.679
43.2499
35.4325
22.9685
42.0101
41.0027
23.6581
20.9359
26.6695
22.0906
25.4863
18.7866
24.7007
25.1699
34.1467
29.9225
23.4522
32.4265
33.493
34.6846
18.1105
37.9349
32.6025
41.4605
18.808
23.6253
24.3886
33.5601
28.6816
37.4634
25.4617
38.6703
39.8125
25.7635
29.4347
39.4709
47.3706
34.0593
38.9855
45.3581
32.2215
39.4285
33.2974
33.1033
36.7669
21.7579
13.7841
14.8351
14.6924
18.3531
17.5136
26.4063
28.1479
21.1058
22.1143
30.0581
21.0435
27.1736
33.6542
23.0124
40.8041
26.1577
31.5755
22.8327
38.64
20.4414
28.1769
42.0481
32.8605
39.059
18.8569
28.6464
27.0686
26.0898
26.4965
34.2346
25.1532
28.0726
33.9702
18.9124
20.1127
20.0451
15.6581
18.3793
19.696
21.8427
21.2738
27.309
22.332
30.386
19.4782
29.7723
20.9253
26.7114
24.8254
28.5227
26.7192
18.7867
26.5314
25.6376
25.3519
29.0215
19.5947
23.6374
26.0253
25.9255
31.7441
27.3679
28.8953
32.5159
21.3964
14.6241
18.2403
23.1489
20.5369
16.1683
30.3886
21.923
28.1131
19.4055
17.7068
30.6685
24.7044
27.5781
26.6123
18.1503
15.2187
26.2886
34.2018
27.5337
24.4971
19.7804
31.2116
19.2156
20.0915
25.1724
38.2264
27.8925
25.3788
26.6968
32.2488
18.9861
33.1351
18.3403
34.9311
23.7702
30.817
26.4804
28.6571
27.9367
20.4034
15.4489
28.4664
28.9139
27.6304
27.4317
28.4538
29.0889
30.6597
32.5064
30.1252
18.7266
14.1325
18.3165
18.5565
12.6312
15.0214
18.5368
18.9739
25.2592
20.7059
21.1054
23.0253
20.864
20.1118
22.8437
29.4147
21.8114
21.6527
47.8987
33.5907
45.2506
35.8122
45.181
43.0653
20.6666
15.4256
17.0792
21.5981
15.3593
14.8867
15.0752
30.3943
13.619
27.7118
33.2488
32.8107
30.4884
29.5171
34.6097
22.4979
17.4164
29.0286
32.2382
30.9702
34.1647
16.851
25.6566
43.2952
19.0618
40.7994
43.3243
36.1095
37.7228
38.5209
20.9844
33.6216
45.125
41.2305
15.1533
42.854
22.1289
26.3157
26.4707
39.0873
45.1656
35.6267
45.1325
27.0323
26.5089
42.9858
39.5947
44.8251
43.8723
36.7653
42.7018
44.3288
21.7562
20.5235
29.625
17.6811
49.1824
47.6386
47.0544
46.5247
42.9897
41.1933
38.1598
17.9055
36.481
32.5212
33.9241
37.8548
45.2174
35.7171
39.4244
33.2072
20.2622
20.8179
19.0074
35.045
23.6833
39.9854
37.1897
37.277
19.3981
27.6022
32.4645
36.2789
33.5154
38.3322
36.2242
53.1213
27.5401
36.1308
38.5264
38.5851
41.7457
37.7592
37.4115
25.4553
35.1276
39.0481
19.595
36.093
43.6415
36.277
32.113
20.8957
23.7091
30.9878
20.7685
33.1904
31.9327
27.5559
24.922
28.7571
24.7993
26.2231
33.3455
21.2755
21.4678
35.9975
37.1958
35.9568
34.5933
37.0671
20.6375
27.3456
33.8602
31.949
36.2918
28.5935
34.608
42.8825
47.0439
17.518
39.5154
42.7883
39.5402
37.5621
26.2167
27.0651
21.1771
23.4168
34.6978
32.1616
32.1736
34.4875
39.0282
36.3951
38.0696
27.6589
35.221
45.769
48.7647
40.817
36.5165
34.2545
39.6083
39.6691
42.9359
21.4528
31.206
27.9894
30.2457
27.2824
29.8665
31.6038
32.7042
23.5355
14.8276
34.3278
38.3273
33.2689
23.7508
20.6178
14.5532
20.7798
16.2013
15.2389
14.8042
20.5412
20.8759
13.0853
22.1067
19.3173
13.9824
28.5449
27.9761
28.9424
30.7448
32.9551
30.5758
31.2877
23.1548
33.8574
47.2607
30.7834
36.2153
27.3171
34.2912
44.4904
41.1999
38.7832
44.0389
41.6637
44.8564
44.3832
45.469
37.8768
47.1003
46.0887
39.7156
45.5177
44.4528
15.0872
14.8811
21.7385
24.4378
16.909
17.3149
17.7608
20.1897
20.8169
9.81704
32.0328
30.0568
31.344
19.7409
32.3693
17.6162
11.4054
16.3291
14.9303
19.4014
22.6066
19.468
20.8465
23.9973
27.6964
23.6312
28.108
28.8645
27.8051
30.9763
31.6909
23.0506
29.3308
31.4024
29.837
21.8924
23.9389
23.5525
23.4738
28.2558
29.631
29.255
28.7925
14.0112
34.5053
33.0291
38.8701
32.5556
34.8862
36.3088
38.4131
21.1373
34.2653
13.1131
32.7384
15.0839
22.6199
13.1198
25.0192
11.5731
24.0953
16.5204
20.6215
17.8344
17.9244
22.511
9.67769
12.5501
16.9694
16.2922
16.9736
25.5003
37.0752
26.4903
40.6406
40.1247
38.1102
37.9404
44.6917
20.5971
22.4026
34.9921
43.232
32.0743
40.6456
33.2502
20.4633
25.3006
18.8889
17.1484
20.0285
25.7103
34.1278
33.8101
33.2072
30.5709
33.2277
32.2538
21.269
22.7873
29.6365
21.7609
31.9292
33.2703
32.7749
21.6648
22.1216
31.5269
30.0064
33.0148
31.893
41.5435
47.2105
29.9141
36.3976
37.7553
20.6361
41.2799
44.4284
32.448
24.3093
23.2315
37.7913
37.8894
39.1539
31.8588
25.8084
36.5413
37.8784
32.7732
37.3673
37.9432
15.3348
33.4661
37.8217
35.7602
46.8135
41.6392
43.3105
36.18
26.4854
31.4359
22.1185
32.881
31.3326
34.616
32.5675
40.2852
35.9276
39.6896
42.3715
39.378
33.9485
38.6091
35.711
35.8971
45.8366
35.2231
33.0594
38.446
39.709
39.2964
32.2491
35.8888
33.9523
29.1206
38.7943
35.343
29.8029
21.687
21.593
26.4789
36.6319
37.3763
40.8124
45.8763
27.4048
24.0694
31.9456
33.0068
33.0754
35.7153
18.9847
24.4214
25.5584
15.1882
12.2841
21.1511
14.4191
20.3147
19.2698
18.9084
15.4565
19.1743
23.7995
11.1205
22.268
23.3143
28.1848
25.7729
34.4589
33.2385
35.5706
25.1633
21.5649
33.8355
40.6792
34.6957
32.9281
19.2153
28.2553
36.8774
31.5983
35.6741
37.4479
34.82
29.9934
36.2561
37.2653
28.9862
21.3658
22.5805
25.5267
43.3891
22.4802
34.329
30.2505
33.8244
23.6121
37.4451
37.1917
35.2932
37.8789
33.7823
35.3149
36.0519
37.4154
22.9907
34.465
22.4359
25.8945
19.9833
23.8776
21.1438
18.8198
14.5392
36.2517
34.3516
35.7915
24.2033
33.0969
23.2576
39.3038
36.4041
37.7321
39.0257
42.2773
23.7085
47.5086
32.6966
28.82
35.3115
34.996
37.1152
39.7966
36.826
36.0387
35.5869
28.7496
25.1903
34.4425
27.7635
25.8791
22.1919
33.6607
31.9593
28.3402
30.0896
32.62
25.0649
35.3606
33.9457
24.9707
26.6964
29.8582
32.2015
25.5
34.811
33.1039
18.7945
26.1124
21.4383
22.8001
38.8156
23.4059
30.0175
32.4733
21.7526
30.1022
30.1078
23.3167
55.0539
29.1425
42.2741
35.873
23.0952
24.6765
21.9862
31.5946
34.5516
33.0488
31.4794
30.9231
50.4912
22.0739
77.9171
61.0629
69.4756
59.4504
87.4603
79.2218
88.0923
120.072
31.975
60.011
78.6452
122.231
36.7276
55.6805
129.193
175.057
177.023
156.519
186.762
129.642
166.639
204.517
253.951
324.719
258.06
219.361
334.789
363.787
204.04
213.46
138.359
121.965
116.423
85.4648
52.7113
55.2534
269.463
246.66
237.482
186.673
296.028
320.821
356.627
359.606
288.822
264.062
292.392
109.609
400.35
212.398
354.971
439.613
252.121
178.148
331.439
254.49
346.73
52.439
32.9335
34.2692
34.2374
43.2126
34.3424
291.247
304.152
189.924
184.265
109.6
407.252
195.547
203.757
123.224
322.219
368.759
342.673
389.336
294.696
140.618
167.65
357.496
305.205
95.7304
98.4236
104.938
103.321
75.8152
71.3051
484.261
312.532
330.17
299.067
310.599
206.969
182.912
294.314
150.332
182.332
256.923
298.344
297.743
222.789
148.566
92.8846
82.9929
117.593
91.4439
67.441
128.056
115.675
162.691
193.634
207.515
182.989
677.016
818.246
728.09
412.009
668.15
593.667
642.567
563.182
652.813
464.055
664.769
633.531
670.285
579.171
577.089
369.957
401.783
529.352
643.056
446.174
418.921
585.24
432.971
600.721
423.363
743.619
641.727
546.856
749.892
627.339
447.538
300.251
401.056
491.007
244.965
413.402
292.899
255.477
378.118
436.082
436.836
282.083
255.978
300.538
203.804
777.885
587.532
431.806
331.835
294.432
189.213
266.072
382.469
554.952
239.679
406.493
862.675
605.813
520.691
294.003
526.624
314.047
448.263
247.161
281.45
246.95
397.112
316.414
321.778
417.862
197.644
376.669
322.498
267.737
227.41
357.137
343.015
373.424
586.325
253.559
568.281
692.314
644.649
636.185
594.184
253.282
355.336
350.775
387.999
275.222
80.5123
356.52
306.736
132.002
310.928
124.885
211.178
54.5633
64.8825
94.3625
93.1339
179.816
88.3084
175.958
221.181
74.7849
55.3631
102.319
60.4805
169.909
53.3487
50.5051
42.7481
41.4594
386.088
389.934
435.651
198.952
471.067
544.622
309.849
247.198
166.885
123.246
257.377
213.503
266.372
425.75
166.899
185.581
185.836
280.535
206.932
207.937
585.941
621.5
652.542
309.645
316.707
516.883
201.76
190.987
245.557
269.307
239.045
193.888
221.249
250.762
216.171
259.19
227.688
705.386
313.303
354.002
707.189
796.151
265.822
360.734
408.556
284.695
232.516
284.357
321.889
404.024
342.934
277.776
66.324
27.4886
27.0158
24.9555
44.6829
19.869
42.6912
50.3354
51.0224
28.3607
27.0802
33.0068
26.0515
38.7831
34.1767
33.0159
38.2364
23.3274
34.2086
26.9653
71.7869
65.6906
62.8919
61.7476
47.59
57.2569
72.7245
54.11
38.5214
87.9141
90.5153
42.962
41.0288
44.8783
36.8336
56.8186
68.6688
163.487
101.889
288.535
263.688
246.622
182.351
280.175
196.896
240.852
124.627
496.648
198.086
313.791
260.916
358.337
292.535
44.8393
40.6931
44.4301
42.7205
135.484
63.0925
109.791
118.399
72.5748
54.7516
70.7373
40.2261
34.3305
28.5845
37.2227
41.9577
70.4535
228.095
243.324
72.856
64.0662
62.5844
48.8983
73.2254
44.2499
90.912
43.1254
68.3199
69.4228
39.8649
53.9635
49.9609
45.2662
69.7406
85.3049
98.6877
117.8
93.8032
499.9
520.751
632.714
298.351
237.125
455.374
359.572
430.432
594.053
584.099
345.945
432.773
224.83
516.216
300.706
621.721
642.843
567.575
524.85
352.965
39.2066
42.7822
59.2832
45.3301
56.1631
147.799
189.322
54.3279
51.5188
45.1962
51.6854
67.4058
51.3266
48.6704
52.5265
55.4208
47.1806
42.7049
32.7188
31.0761
47.015
22.065
36.6379
44.8788
67.0924
34.6189
38.8721
36.4719
42.7134
45.7878
40.1491
53.3234
40.1184
37.8383
30.9445
63.5408
78.8488
57.1115
69.2462
58.0041
92.5092
53.8095
45.2313
56.4849
51.2488
51.2915
40.0538
32.851
57.4371
49.7803
55.0702
90.0719
48.4611
52.0309
51.7909
43.8987
106.677
58.914
93.0939
77.7717
48.3285
274.485
340.858
26.082
20.1372
26.5673
25.9641
28.7352
27.2136
27.4383
26.6182
32.9919
29.126
20.091
30.5563
26.805
31.4465
25.5323
28.2218
30.7043
28.4813
40.9879
30.8537
29.5133
40.3537
34.6388
32.9895
25.2894
36.5364
24.1168
29.3961
33.5822
35.1979
29.5254
25.198
43.8834
35.9024
32.0863
27.3604
27.3891
45.6879
41.7405
38.3253
33.4423
27.1266
34.7148
33.4456
32.5301
37.3377
38.4449
36.4494
26.0859
34.1568
36.8746
29.777
30.724
45.0199
33.0975
38.322
25.4794
36.8148
32.7253
35.8248
46.5214
33.3853
32.4526
25.7719
34.901
40.4283
24.8214
27.12
33.0991
22.9126
33.9702
29.2089
29.1675
32.0336
32.4467
41.4588
43.173
54.5011
50.4043
41.616
34.398
27.3016
28.965
38.7097
39.4717
34.8705
50.5362
32.5231
34.5106
40.4193
31.7004
41.7007
41.3156
37.6875
43.6173
50.5262
45.055
37.0266
32.806
43.3213
36.7798
52.0543
46.0991
44.446
37.9104
23.0288
26.1484
31.7109
33.5319
27.4962
28.6703
32.025
32.7215
23.8701
32.8732
46.0883
35.7615
42.0752
48.8183
23.5689
23.7553
35.4034
43.7713
22.1188
44.6328
34.8061
44.3188
35.8079
33.7598
34.2033
34.6521
23.7464
23.4959
20.8923
28.7513
26.52
32.9332
31.2054
28.4347
28.6736
29.3101
29.3245
20.3757
18.4743
28.779
27.07
29.4399
21.8947
21.6033
21.2495
27.8232
23.9393
26.5792
29.8277
26.9349
29.6622
32.9122
31.6372
32.3887
24.5441
35.2743
27.6908
22.0709
19.9296
34.323
22.4169
21.3132
31.3
27.9615
32.0951
34.4475
29.6625
24.5977
23.7756
23.5222
24.9702
20.9996
22.2965
29.6725
20.2153
19.2191
19.98
24.5439
20.5953
24.6242
18.6843
21.5288
21.1632
26.7265
19.9674
23.7609
23.0784
31.6832
26.0276
33.6795
23.4201
25.5391
22.5258
28.4225
25.9985
35.4162
23.995
29.2687
24.9008
26.9812
30.2613
25.4022
24.5566
22.7971
43.5675
27.9585
22.3798
32.9901
37.8221
30.3807
37.4092
41.6568
41.7337
26.8077
30.1937
21.6274
34.9945
20.2374
28.3455
19.914
26.7495
25.9222
39.1265
29.3969
31.7955
26.1841
24.8665
27.8019
34.3605
35.7471
35.9388
37.3705
36.2266
20.7264
31.506
40.3213
28.6717
34.9476
35.1703
26.2399
40.2581
34.331
31.6789
35.459
30.9578
29.8311
25.9992
25.1162
25.9273
26.209
28.4552
34.2924
33.43
22.1795
34.8906
29.0811
34.365
22.488
24.6202
30.1949
39.5984
27.0476
36.9359
27.0493
24.4988
25.789
34.343
27.6589
39.8444
42.4154
23.814
25.9942
37.2068
26.3546
28.5485
43.4893
23.9688
35.2904
24.341
39.7442
37.7451
42.8269
24.2764
25.7816
26.6792
36.1984
25.2091
39.364
36.2866
37.8671
47.6
45.1339
53.7754
39.7514
37.6749
39.7535
40.301
37.8012
41.9772
43.6906
48.9882
55.1397
40.7701
40.1941
39.7235
38.2631
44.211
43.8002
46.8547
51.3555
36.7037
24.3919
43.1103
33.1939
26.1795
41.6098
59.7115
63.2928
36.9603
53.8535
48.9746
33.5078
55.4234
59.549
64.984
32.2846
50.4578
25.7655
37.1643
23.6412
35.5874
25.0227
31.5364
47.7463
34.5331
42.9992
26.3014
65.661
65.8008
45.3079
33.4796
48.1028
43.4292
38.7403
42.7396
43.9923
36.7835
17.3976
21.2498
23.9464
16.1366
23.4429
18.876
25.9208
24.0696
31.9125
23.2204
23.066
25.5947
21.4339
30.2253
31.7589
31.0465
32.5037
34.0831
45.8293
34.4587
36.2912
33.0002
40.2284
34.14
34.5777
30.2503
34.992
33.5812
31.5897
31.0227
34.8425
34.4294
32.7351
25.6304
26.2222
29.6409
29.5618
31.5365
31.8968
30.9005
30.2256
26.4273
45.6839
43.4039
49.9143
48.1587
37.6793
38.1141
34.6081
44.1814
40.8187
15.9978
26.6864
25.9761
20.3783
27.0531
27.0181
42.6705
29.8388
22.3183
29.9107
29.9791
29.1296
28.9747
48.3356
23.0144
34.7954
31.1991
32.0721
29.7459
29.1257
41.4387
21.9624
44.6425
27.8064
22.3308
21.3944
28.3041
18.9521
48.8382
22.3527
37.3476
51.4441
48.7539
30.9902
30.6819
21.5569
22.8692
29.7899
22.2371
26.4995
22.6711
25.6519
26.2963
45.8627
23.6592
30.7523
30.4708
16.144
24.457
22.3187
18.9297
24.4977
31.5198
24.4524
21.7888
16.0756
38.3378
17.2473
36.7592
31.5766
33.9615
47.0833
30.6131
28.0756
30.2789
29.906
33.8903
41.5806
47.3148
22.5976
22.9934
44.3528
40.0416
34.8074
17.4406
23.184
33.8696
55.668
35.3656
29.1154
37.8183
40.6224
32.8424
43.2806
45.4517
21.0893
22.551
34.5509
22.9678
26.3024
41.1373
22.3768
31.6917
26.9368
25.8981
29.6018
26.4076
36.3599
41.6389
25.001
46.7396
34.062
34.1592
26.5306
39.7068
41.4328
34.7509
26.8315
32.34
42.6084
28.5973
40.5157
33.191
37.3936
23.9099
29.5793
30.7252
45.8457
47.1308
27.1595
25.5421
31.9799
25.8746
25.2733
25.3628
49.1585
29.4827
22.425
36.1098
25.4636
23.877
38.7526
42.5645
20.6302
25.5487
34.5054
62.339
43.3967
30.6167
24.8818
20.208
28.7051
23.5064
22.4671
25.8001
24.0269
31.7781
26.5232
37.7583
31.0121
26.1982
22.8066
30.6698
27.7676
32.2021
31.0557
23.2246
37.2925
40.2383
28.5415
23.7233
42.9117
37.0116
31.1734
35.9709
38.5207
54.0393
27.2482
29.976
44.0749
33.2489
30.8706
26.8459
33.0842
33.0038
38.4472
33.3998
38.4456
44.1535
23.1941
22.2602
21.267
69.1579
25.2816
39.857
34.9646
22.7448
42.8748
26.2152
25.9021
25.4303
33.9331
28.1705
41.4451
33.7572
30.3548
21.2979
21.3609
23.5121
31.9742
30.7845
24.0077
31.7664
23.1015
23.3858
34.8842
21.5462
36.987
27.1989
26.9021
27.0216
33.1693
31.8961
31.0976
24.5063
24.2086
32.5066
22.5296
25.3622
30.6857
27.915
29.8039
28.1473
28.9259
30.8084
31.7796
34.2676
30.7261
45.9365
35.1693
39.9828
33.9941
34.6476
30.7171
48.7908
33.7041
22.286
38.047
22.695
28.0045
29.9229
39.9795
34.586
38.6445
37.3555
29.8296
36.5996
30.7528
35.5265
37.5448
40.3577
37.9877
28.4008
39.1523
33.2872
34.3505
28.7238
32.4664
28.4857
59.2719
31.1782
44.0842
51.0667
17.7232
34.9777
21.6998
21.3038
25.4719
32.9421
16.4717
22.083
32.8295
21.8029
15.9185
16.7959
37.2068
44.4685
34.6592
36.5931
33.1118
34.1028
47.9409
36.0493
54.3753
40.9405
47.7109
46.0952
15.8131
38.9299
39.4377
22.6375
40.258
38.1735
42.0865
36.0985
30.7113
30.381
27.7124
42.8042
52.8216
39.794
51.4094
50.1449
53.1713
29.7964
36.8943
43.7875
39.2081
44.4361
44.2882
19.8034
18.9689
30.6834
62.6462
70.1348
38.1952
22.9563
39.044
36.778
41.6875
29.8029
25.8173
23.7308
49.1291
26.7835
20.3728
19.2864
24.5095
20.5195
21.1619
26.1337
22.9946
24.4267
25.5466
20.9208
15.9707
24.5232
25.7256
23.0912
27.594
22.4586
16.9657
21.7601
30.1157
23.9414
28.1015
16.5075
33.99
35.2618
33.249
34.66
44.7941
23.2884
18.4562
19.2639
45.9658
31.8207
46.6069
34.3324
34.889
28.0745
35.3287
17.5058
33.7302
35.1936
33.4236
36.6543
37.703
36.6729
41.095
27.7296
35.455
39.3323
38.0587
40.0204
33.9102
40.6566
41.1015
41.9098
36.4452
42.2237
48.6401
48.475
31.4156
37.0642
40.7319
31.1306
39.8052
40.1363
530.469
391.334
575.79
530.517
285.275
228.593
744.197
546.995
25.8031
48.2773
38.6451
31.7676
40.8378
52.9716
40.2809
43.194
33.8949
35.8819
21.7756
23.7303
23.2715
22.5602
15.9423
57.6561
19.4653
30.2171
18.7921
18.4124
21.9721
25.3184
26.5062
38.6985
41.4475
22.3646
46.1878
37.5919
14.4821
46.7649
42.0509
36.5221
21.4976
22.9026
19.7956
26.6565
41.1011
27.2437
20.9467
53.7956
49.1023
45.1294
41.4798
49.3016
31.7923
19.0224
23.9432
17.2643
19.6013
26.0232
28.0572
27.9363
31.9257
33.0023
34.9814
34.992
36.9163
46.4218
41.9649
29.0878
22.0602
30.8984
23.7769
30.1741
30.9546
34.4683
24.6453
30.0565
21.8409
32.3688
31.2779
20.3857
28.7113
29.9021
38.9121
23.8443
25.6965
26.0329
26.5254
26.8331
26.4641
25.9704
37.9543
29.3366
41.4883
34.2244
27.4659
33.9996
31.347
33.2317
25.2433
28.4451
46.2759
22.3738
23.4704
23.03
24.8454
21.307
35.2797
43.0189
23.9936
39.6772
24.1213
35.7262
26.7626
20.7058
20.9725
25.3844
24.9157
24.6444
24.5221
22.4719
27.0238
21.3577
19.7623
25.3087
37.1587
24.7244
38.7729
25.4111
38.1052
28.5548
26.2074
21.7401
20.5731
20.5528
35.9899
21.7139
24.4342
24.9365
32.2911
27.6796
25.25
21.6541
22.3367
24.762
25.1771
35.1205
29.4583
37.4151
38.579
20.9074
44.2706
28.3115
41.5101
22.408
25.2353
33.1336
37.5898
28.2865
28.7132
26.3544
28.2609
26.33
21.1853
28.7163
26.1781
26.9617
29.4863
33.3105
22.2322
21.2938
26.4254
30.4526
18.414
30.552
17.9339
34.3578
24.7433
35.2295
28.2418
28.6465
28.8103
21.2148
42.4864
21.1294
27.5436
27.0667
27.6621
32.8627
36.6073
20.0644
19.4001
25.6502
19.4111
37.4992
32.188
36.3361
29.3738
19.994
34.4394
31.6744
27.5129
39.2869
41.4144
32.2474
27.2681
17.9846
35.8469
36.6915
42.2389
35.8447
20.3368
21.1131
45.3104
28.7287
28.221
28.7333
33.971
48.4254
33.0208
36.1844
31.2038
47.1369
41.8529
22.5103
23.13
27.3777
46.5054
33.7394
40.541
32.8492
38.217
30.5214
34.2538
20.6558
25.4361
21.5345
17.0619
20.3669
24.2284
23.3883
25.6166
35.5762
34.5766
26.0476
34.6326
29.962
25.7555
38.5455
66.8999
49.4215
40.2155
72.6357
75.0815
32.2213
39.8021
38.0101
18.8722
40.6437
37.9154
19.1903
39.771
25.6134
29.8854
42.2125
41.096
41.445
34.4888
39.5224
46.0732
44.7351
40.401
39.5254
24.9052
439.044
631.567
361.689
457.637
313.323
282.658
269.56
224.714
95.7023
330.958
212.926
401.609
335.332
438.432
265.153
309.787
230.572
202.914
302.415
359.296
289.188
291.084
214.839
239.867
508.943
320.099
510.173
597.761
492.037
624.435
363.42
557.306
185.579
462.861
549.022
167.108
39.6638
40.2129
42.4107
36.4347
40.2088
44.2891
36.6399
43.8796
33.4247
24.684
25.8961
25.4521
24.4452
22.362
46.6937
45.7723
51.159
31.9261
37.6723
51.5837
34.4783
54.4192
52.059
45.8119
27.6149
20.3081
27.1112
29.0364
23.3862
21.2723
26.0495
29.5536
35.2288
51.8541
37.9471
33.3909
35.9171
25.2293
23.7838
33.8334
46.8587
49.1475
23.7184
43.6874
16.1338
24.2376
21.2987
18.7611
18.1964
38.4662
35.5219
29.3152
24.9391
22.0736
40.4133
45.1412
37.1982
15.4692
18.7788
43.7304
37.443
43.852
39.6137
48.8414
44.03
39.3897
48.2248
18.1703
15.7193
18.9222
26.537
29.9237
19.1402
44.2281
42.895
15.2332
36.4012
42.7827
45.5426
25.9106
50.2415
51.3262
41.7599
47.8635
21.3985
21.2208
47.8054
47.4605
51.7965
32.4214
45.7025
16.0666
35.0601
37.3071
50.023
43.3065
51.7479
50.1991
35.417
24.4854
31.7724
26.2037
22.5766
19.8513
26.5655
37.838
24.2353
45.6307
44.7846
22.6746
41.4274
34.4929
32.7182
20.1236
26.562
37.0467
36.087
38.742
59.8678
37.3333
20.8077
29.9781
35.9774
46.4784
40.0235
42.2164
46.6582
45.8641
38.1345
36.9503
45.7784
50.8397
41.4341
32.6671
24.6028
37.4023
31.7684
34.6547
22.1634
19.466
25.9287
21.4705
18.3811
22.8071
22.6404
54.3455
21.4569
40.8843
22.3222
22.0343
48.3645
16.7556
51.2047
32.193
33.9315
33.5661
37.4888
35.5056
41.9395
36.2169
35.971
40.1491
39.1327
38.0217
33.9559
22.7927
28.9985
29.6725
29.4951
38.5395
27.857
33.9978
40.4742
44.2551
42.0866
43.1223
36.3147
38.3629
35.3018
39.1049
29.2878
41.949
35.7429
32.5391
32.8254
40.9377
42.9611
42.2344
33.9981
39.6798
31.3471
34.9959
29.6041
36.1268
35.4165
39.7039
38.9002
38.0548
26.8905
35.4707
22.6967
30.1914
31.2535
25.851
38.4102
28.222
42.1609
27.5343
40.0349
42.6864
35.8482
48.2777
44.2154
43.1842
43.3929
40.2039
39.6944
56.0583
18.5518
40.8326
19.1658
42.7778
37.8464
30.7756
15.8382
37.7277
55.5866
48.2339
51.6878
48.2631
40.4383
50.639
43.9093
42.7867
34.7386
40.1661
41.5285
21.7004
41.5889
30.9168
39.9293
40.7947
46.8277
42.1502
28.053
41.9476
43.6735
26.8797
44.7784
31.7731
44.9665
39.7043
41.7943
31.8456
26.4465
36.1136
31.2618
28.6438
34.7126
32.6355
18.6999
22.746
14.661
21.1268
19.8767
29.4547
27.1141
25.7676
38.5206
44.9954
41.8423
32.5465
25.9342
25.9645
27.8724
50.9006
37.7487
35.5446
33.473
36.5994
41.9671
56.4225
37.0612
49.4419
39.1506
31.0551
42.3689
41.8411
33.3149
25.4724
30.2914
32.3805
19.2036
25.8104
25.7025
55.7939
53.5212
52.922
50.4037
23.0708
22.705
18.019
21.8801
23.3315
21.8826
21.5697
16.986
18.3308
22.9516
19.1431
19.9141
17.4867
19.9024
35.6543
38.2646
37.0697
52.5578
43.3878
36.799
15.8705
18.8743
18.3132
17.1379
52.1073
48.8581
48.4289
47.7253
18.9568
43.9498
32.0159
28.4598
33.4196
38.6304
38.7785
35.6872
27.5713
43.0243
18.9895
20.7741
35.0564
29.5942
27.1276
14.2161
35.5077
14.5325
34.8636
31.6302
14.6333
35.8454
35.0416
27.3996
33.9425
33.5402
23.7124
23.004
23.7603
19.1365
19.6676
22.0098
22.9505
50.0695
43.5413
45.285
32.0999
15.1844
21.7311
20.5612
18.2068
17.7459
22.3782
35.1981
34.1565
30.3986
30.6814
19.6403
20.3554
23.549
35.2514
33.4918
34.017
35.1609
32.0414
25.7702
40.4369
40.9482
20.0238
39.0605
40.4748
35.8118
26.3992
36.5348
37.2116
36.5025
34.572
28.9827
41.5464
27.7647
39.7551
28.4997
40.6097
28.0309
44.0204
19.6383
25.2432
26.3881
20.2378
38.9966
49.9484
38.0221
19.807
24.4856
19.8136
32.5069
40.0267
19.6201
35.9015
33.2335
41.0065
26.2869
34.7617
37.4165
40.8599
26.7885
35.5057
33.0955
47.8037
20.0741
31.1898
24.2353
45.6474
31.6047
19.9263
45.0883
33.2918
33.0611
31.2542
34.4023
29.2466
32.5099
29.6379
20.3647
39.1135
31.2217
42.6443
31.3112
41.5614
29.9586
33.5548
20.4448
35.0489
34.5249
32.1678
32.9739
27.4201
26.144
41.9626
35.4199
36.2384
36.872
21.5306
30.7423
40.6598
29.4852
48.7183
21.4253
24.9399
44.8814
38.7467
37.5054
36.1171
20.0713
38.0005
19.6983
34.0713
20.4623
31.627
22.3799
33.008
35.696
36.0599
34.0848
34.8343
44.4777
37.3538
33.4307
39.2563
38.3156
45.2044
22.6436
45.854
26.6987
22.7614
25.512
34.0181
47.0747
38.6571
36.5194
35.4814
36.6834
31.1877
45.3722
30.2059
41.1353
50.315
36.8158
21.9634
26.3161
25.8351
43.4823
38.9502
53.0642
25.2863
21.5802
39.2315
35.2351
39.087
41.0265
41.1859
28.664
22.6716
36.9889
20.9739
20.2917
21.1669
22.9374
21.7978
22.0076
22.1298
17.0235
14.2392
14.1971
22.7329
22.5984
24.492
25.4481
20.2986
21.88
27.5764
19.9953
23.0793
23.0047
21.9388
22.3291
19.8202
22.7877
20.5567
20.4283
22.6448
21.0829
20.1701
16.9138
44.2917
33.7173
28.1958
37.1439
44.509
45.1046
25.1082
43.6825
32.2885
39.8889
42.5036
36.4792
46.4299
40.945
48.5803
37.4648
20.2205
25.7721
27.5338
31.8393
32.4677
43.8798
48.5862
47.7041
34.4402
31.0522
39.1057
44.1971
50.4961
33.9594
48.8863
45.8326
25.9327
27.2459
47.1104
22.9475
23.0379
41.8199
39.9188
47.8654
39.2252
41.0608
37.2942
53.4382
38.6111
48.0327
51.6233
47.9844
53.9171
56.5908
40.6322
52.1904
54.422
46.5583
48.7708
39.289
50.439
48.0134
43.2678
42.694
42.4931
42.8584
44.5059
46.0662
56.1356
54.5394
46.3785
58.0423
53.574
50.0882
50.2143
42.2919
53.3105
52.8099
40.2597
44.217
47.6612
37.8936
48.7205
47.5372
46.8574
50.6348
44.0207
45.8106
43.6017
46.1154
24.8317
34.0337
41.1779
39.7211
38.5399
38.059
36.267
19.9163
26.7111
24.2101
21.0676
22.8728
20.9618
32.6118
21.6732
32.3133
20.1393
20.3573
20.333
19.9999
18.0803
41.2395
39.1034
34.9278
41.1855
41.9441
43.5573
40.5346
28.0782
40.1751
44.5779
46.8887
41.3056
21.1456
37.7821
39.3942
40.4153
38.0715
38.3098
22.3099
37.7436
37.1481
41.3553
40.5292
30.2746
40.2631
39.355
36.9194
35.5928
43.6355
39.3155
38.0286
41.7875
42.0044
44.6215
42.8886
25.546
22.3351
37.5087
38.6808
36.2951
28.0586
38.3795
36.6142
40.7181
45.8049
25.905
43.9437
28.0888
48.066
43.0774
42.1074
34.7592
28.8495
26.0463
43.6574
44.9771
38.9063
42.368
42.3873
45.0431
45.3568
42.2323
41.0307
25.2087
51.2021
43.8454
44.0141
39.9872
40.4308
36.5634
38.8351
39.0081
31.9399
38.936
37.0721
37.6748
42.9607
35.236
38.3336
41.177
45.394
46.1833
53.3174
50.1517
36.8239
47.2435
47.7514
42.7223
29.9884
38.5746
41.3231
40.31
41.6612
40.0486
19.4212
37.2613
34.4829
20.6857
35.7188
33.2496
18.4749
26.9387
20.3885
23.4709
23.825
30.5627
17.5811
14.9579
16.6052
19.6538
19.2519
19.9647
18.6013
35.7919
24.7766
32.9319
40.1617
19.2636
18.2385
20.2504
18.6712
20.8087
36.1397
37.0506
23.0711
33.2019
24.1187
35.2606
22.7986
24.167
18.7517
19.792
18.442
19.7719
21.7138
18.8529
17.5
14.4761
22.0892
19.5716
21.1071
21.0523
20.9727
14.5309
21.2369
21.859
21.077
42.5318
44.6562
45.7684
49.3696
23.1667
42.6781
44.2943
36.5238
34.9622
32.2108
40.4088
25.9213
20.1885
27.5539
27.857
20.9205
26.9876
13.9811
22.6383
20.0789
18.464
21.5189
44.8821
39.9689
38.8425
42.0917
36.9053
15.2928
20.3249
19.0194
20.3171
21.0911
20.1005
14.751
20.6413
20.9683
14.2335
20.8322
45.0991
44.3586
37.7161
41.8099
42.2877
41.9784
43.0624
19.8806
19.8898
20.8985
20.3798
19.8172
19.7404
43.9258
55.7841
51.7362
46.3
47.8211
47.6177
45.4745
45.8839
38.7996
38.0803
39.6299
50.7701
53.8897
52.9871
55.0721
45.038
42.1146
41.3567
44.5827
42.8448
49.8432
48.4205
33.8492
43.8041
51.2055
49.8056
52.6316
51.3589
47.2257
39.6144
37.5155
43.8453
37.0349
45.0493
47.7703
29.0831
44.7552
49.9907
48.6538
47.0307
42.7306
41.4367
36.3637
35.1142
38.8283
33.8671
42.0403
37.5524
42.1483
19.7162
19.7563
18.6899
19.6742
19.7532
18.2516
19.0326
21.8747
20.0216
21.5297
21.7324
20.0892
19.3606
14.4721
20.2202
14.5676
20.0637
18.4097
19.548
18.9063
14.9222
42.1323
47.9455
47.2291
47.2476
39.607
40.9105
17.7557
32.1886
23.0956
40.4421
33.2096
38.2002
27.323
37.3418
32.8788
26.7658
25.4303
37.8046
46.2642
44.8041
44.7641
38.9337
42.4515
37.4409
37.7921
27.8146
37.2591
41.8861
39.3975
43.261
36.9705
42.207
44.18
47.1627
41.9082
23.0048
39.2351
23.6845
42.1708
42.4546
27.0885
29.4053
19.6926
20.3244
18.4361
14.9656
40.3695
41.4487
43.0292
27.1114
37.2603
19.9577
19.4761
26.4465
21.1795
19.6784
26.218
31.4875
33.4937
35.1493
33.2292
34.8201
19.8679
19.7504
20.865
15.2386
20.3261
17.0846
20.9458
18.9152
18.915
19.2681
18.563
20.0593
16.5977
21.0301
19.1617
49.9327
42.3207
40.4705
40.3926
44.1348
31.9146
44.081
25.8902
25.1185
33.5974
30.0624
25.7725
18.847
21.1264
28.1937
23.6956
22.0546
26.813
34.211
28.6771
29.4401
29.8788
24.8319
22.2023
26.0359
28.2827
28.4876
22.5624
22.3497
30.7253
23.9517
23.3718
15.7028
23.7231
37.1479
32.9375
37.6375
28.4507
30.4316
28.835
31.5743
44.5481
19.1026
36.1962
16.9943
27.6764
39.3861
26.6006
27.0493
47.9935
41.4578
40.0602
46.5337
34.7774
45.9234
35.5116
22.2087
18.1751
18.4668
20.7089
17.1243
19.5297
21.6529
21.115
114.396
200.915
292.23
247.621
143.612
154.307
242.234
192.538
52.1725
120.955
142.551
89.8234
140.695
472.356
266.734
145.731
179.58
269.235
313.372
394.107
340.876
253.271
28.0962
26.9814
18.9949
29.9051
23.6517
23.3825
23.8912
24.813
69.7983
83.3115
75.53
114.319
46.1121
69.7753
91.9028
119.678
87.7601
91.2572
80.3146
83.379
41.94
30.5336
24.9961
34.1194
25.0115
37.8177
28.8397
26.4104
27.345
27.3646
32.4445
31.5441
27.8923
24.6709
31.51
32.2176
18.9335
28.1905
161.012
236.368
326.702
418.296
288.215
318.667
258.126
397.416
48.9488
42.4081
36.5414
45.7269
44.9088
37.1233
34.8736
37.0294
37.3209
42.7121
40.4317
35.7925
48.2567
40.9385
44.7244
46.7752
48.4749
71.8535
62.3419
56.4979
212.674
183.388
161.615
152.401
115.14
477.471
314.547
549.561
384.807
313.987
374.069
680.404
729.346
503.121
364.324
250.912
607.549
262.318
771.063
512.494
21.1131
61.8354
39.0343
76.4186
589.209
374.69
248.403
669.042
544.214
305.817
284.873
485.07
468.52
311.111
541.296
282.956
338.165
35.895
62.0128
57.7561
60.6118
76.8451
57.6161
63.1739
585.92
376.974
474.37
261.224
513.387
267.918
315.847
319.303
553.109
302.124
565.678
508.536
414.075
581.905
121.672
722.56
628.24
303.022
611.937
499.999
708.639
235.75
296.856
192.16
332.865
252.999
170.529
417.925
225.462
252.04
89.936
213.998
185.008
203.987
208.711
221.928
98.144
49.772
154.971
79.7777
72.4769
131.103
102.114
37.1872
34.1572
34.3377
35.3508
29.7568
35.6023
38.7264
41.3631
48.9328
67.6731
43.3966
44.9525
53.9104
82.0773
101.222
45.6264
46.5956
51.2595
40.8574
44.5178
45.0819
35.5077
43.8664
182.101
74.2921
36.4468
225.767
90.741
62.422
163.493
38.1234
50.2856
34.7375
42.5233
40.8454
50.7277
41.4102
44.5349
45.0734
63.239
47.2718
91.9364
85.312
67.3964
34.9517
38.9623
24.5427
36.0206
33.4301
27.4361
20.0684
261.057
268.109
254.873
356.601
355.639
240.976
350.796
33.0044
40.0584
30.0381
41.1153
41.4495
39.9537
40.3401
38.3872
55.9037
39.3032
39.3256
36.5828
39.488
40.9767
75.2666
277.176
64.9317
202.877
77.4389
16.193
19.9855
22.0331
21.538
32.9377
19.9037
19.8403
32.9439
50.1359
57.2122
49.5187
73.9704
33.308
44.7849
36.4231
45.1098
44.7919
34.2833
33.0224
29.6318
39.0422
29.4727
27.9421
33.3716
32.5801
40.961
30.5664
34.7271
56.032
28.2775
39.064
23.7238
69.7968
37.426
27.3563
35.2527
34.9307
36.5434
225.32
35.3017
37.5789
146.656
94.0188
29.4695
30.2359
35.7449
170.599
38.6397
44.6478
169.391
34.0348
33.2224
204.799
26.7415
24.3881
30.6193
20.3748
22.8426
24.5337
21.5764
21.545
26.7885
24.0195
27.4087
24.6293
25.635
29.7452
30.4414
26.8811
31.279
18.705
28.0279
24.8064
28.0892
23.3583
22.1915
24.1374
19.9246
19.3924
21.0358
25.6153
26.6343
32.2391
26.53
34.5329
25.6825
22.429
22.5639
27.1782
21.9102
24.2117
21.6077
21.0592
28.7485
20.891
26.1796
26.2117
22.6673
21.562
30.72
24.9575
27.2108
29.516
28.0621
21.0175
24.0598
22.8615
32.9311
26.9805
26.0802
29.3769
24.4233
22.3821
28.7654
23.1455
28.075
27.7007
27.3935
26.5918
21.2832
30.0123
32.5447
31.5432
21.2822
22.2185
29.1479
28.9967
29.8425
20.4541
30.5605
19.5025
32.6324
25.6594
27.3019
26.7907
27.7779
19.6389
21.9689
24.8027
27.4014
22.6593
24.5593
22.6497
21.0459
20.0841
14.6077
16.916
17.8479
23.0422
18.1203
24.413
23.5923
17.3337
22.5646
16.9805
19.6002
18.3666
21.8601
31.8838
22.0789
32.7832
29.9042
28.6641
20.4408
28.5727
25.0241
27.1822
25.5807
27.2079
39.8204
33.1836
24.578
26.8439
26.4594
35.2484
32.4232
35.3716
24.2232
29.061
23.3205
27.749
32.1504
25.9027
20.8415
25.0722
23.7926
23.5919
26.5288
23.7109
18.7788
22.9531
33.4735
34.993
15.0924
22.4098
30.1702
31.6479
28.9085
25.5827
22.5959
32.6869
25.5983
25.7222
25.576
24.5498
25.8292
27.7541
21.8414
23.9719
26.1321
28.164
22.371
22.1185
20.9281
30.3419
24.1735
24.151
20.2362
23.6237
23.3297
32.3216
24.5751
29.7406
24.9999
32.4814
31.1881
30.2211
28.4973
29.2073
23.6953
24.7251
23.4445
24.0602
23.7768
23.0332
24.6056
22.3261
23.0394
30.6572
38.4394
33.6941
34.0453
27.8414
23.6331
37.3695
32.0067
28.2802
34.4417
35.8707
39.1708
35.0968
40.6804
42.6934
25.8698
26.1792
48.0771
35.7845
44.3484
40.604
44.5507
46.7769
45.2372
52.2053
44.4281
34.9985
35.0125
33.3291
30.1374
32.1001
31.1069
28.4005
27.7366
42.4257
37.3829
46.44
38.9876
35.4771
25.6613
41.4397
39.3553
42.8992
40.9176
45.7646
41.2529
40.901
45.0791
38.4267
40.8812
46.3568
40.1044
40.2381
42.6984
43.3433
34.7163
38.997
15.4266
20.3035
15.8386
21.6348
17.94
16.8491
26.4554
26.7565
22.1373
20.3227
28.714
15.3388
13.8498
16.176
26.0872
26.1555
27.8083
25.8636
24.6894
22.7263
20.7912
22.3859
25.9834
19.2986
18.1352
22.2826
15.7607
23.0357
26.436
24.8498
28.7239
21.1083
28.4743
24.6287
25.4844
25.043
21.5131
20.2247
24.4724
24.8242
20.8
18.9381
18.1596
17.428
10.1302
19.4835
22.252
13.2103
20.1226
23.4003
21.0746
20.4168
20.3423
19.5228
23.9594
32.9906
32.3969
20.3161
22.0679
22.6738
20.5592
23.0248
21.7218
22.901
21.2708
25.5707
26.5815
21.584
25.8226
27.5508
23.6873
26.3553
26.4052
14.8823
22.8218
15.2757
19.4517
18.5627
16.7057
14.5061
14.1636
19.2701
18.7371
20.755
20.6726
22.8251
29.8998
23.0338
23.2565
20.4777
21.0675
23.393
28.9154
24.7909
35.5714
23.7134
21.2065
23.9555
23.5572
18.4257
22.693
34.15
20.5531
23.0128
22.3257
23.1605
21.0584
30.4836
22.0932
29.2791
26.9822
22.843
21.793
20.6838
23.5092
22.2274
22.1218
29.7232
22.835
30.8274
23.0772
40.8131
46.9242
36.8588
36.7317
22.5011
33.3961
42.2187
49.2298
31.3659
53.9709
27.6697
32.9387
27.1436
19.1084
26.1317
19.7558
25.6696
31.128
27.6762
18.7397
30.3647
22.9294
17.8755
14.825
24.267
21.73
10.6351
24.7096
23.4013
19.6082
28.8839
27.6822
20.0309
19.8871
30.4038
30.5097
31.0184
24.4287
20.1609
19.2895
36.2918
30.7795
19.7866
19.884
29.862
29.8299
29.6703
21.4302
21.69
26.6402
19.8157
20.3105
32.5534
21.7088
19.3973
32.4044
19.6651
31.1721
20.0164
26.0163
32.7841
28.3479
19.9849
19.2554
28.4721
27.2319
29.5197
23.8712
22.1985
23.3737
24.6133
18.8708
33.9028
23.3723
32.8289
36.7658
23.9305
25.6325
30.1444
33.1899
30.8475
32.1942
34.1525
33.1394
34.0568
31.0719
28.8247
35.8292
29.9225
25.5924
30.1178
35.3815
31.2487
24.3945
36.1838
26.3911
38.0205
27.1872
38.4012
35.6923
37.2991
37.8566
29.5049
43.8065
43.9491
39.0947
42.5241
32.7922
46.9727
36.0147
60.2484
48.5235
54.7933
51.3569
32.4842
51.2319
46.1694
48.9838
34.4282
23.3403
16.1286
21.011
20.4356
21.7798
19.176
22.8253
24.1836
24.6021
24.0119
19.143
21.9342
21.0677
29.539
26.1816
29.2559
23.516
23.9035
28.9253
30.3635
24.5553
20.7357
26.9287
27.0781
29.7875
35.9663
40.2219
37.44
38.5634
21.8012
29.3071
25.0345
18.2257
28.8943
25.7447
31.0739
19.2902
31.0028
29.5148
29.5812
31.2192
24.9856
36.4545
33.6779
32.147
30.5799
32.3091
22.6751
19.8405
21.9165
22.1473
17.7634
21.5737
23.1769
23.2103
21.7056
21.7273
27.0299
24.5791
34.0286
32.662
29.8785
30.1177
29.5786
31.0168
31.4827
29.7734
30.716
33.4869
33.8693
33.9566
32.1231
32.7514
17.686
37.2912
34.1023
34.9592
22.9034
28.3194
16.859
30.3554
33.71
44.8361
29.7239
17.2351
15.0467
14.297
17.6883
19.6039
15.0611
17.1443
13.0872
14.7985
18.5821
35.2562
28.4761
26.1254
33.2826
29.182
24.8361
38.6419
16.9404
26.509
23.6206
18.9162
15.6705
32.3545
29.7884
29.6741
35.5473
29.6323
31.441
13.4023
16.7135
17.68
20.6857
18.1385
15.4069
13.3945
16.1952
18.7402
23.552
18.7446
15.1523
26.9133
9.24647
18.2677
24.6892
10.793
13.0705
29.808
21.6125
22.0472
21.6879
40.2214
44.2292
41.9311
41.0764
40.761
44.8862
40.5368
39.9984
40.0108
38.6716
30.1893
30.8108
24.9844
27.1482
32.4136
29.884
27.1725
33.1877
25.707
25.8272
30.6608
25.8368
25.7932
23.7594
24.0669
18.894
34.7941
29.4437
32.1736
34.8563
26.3874
23.9778
24.0585
22.0741
18.8018
15.4236
16.5696
20.3284
25.2634
34.5019
22.0954
23.2071
27.1102
21.1171
19.9928
22.1387
12.9963
24.653
30.424
21.0895
19.8138
17.1618
24.0081
30.5289
21.7657
23.6719
30.4611
22.9167
21.2838
22.7296
23.4842
22.7497
21.4114
29.8163
31.4476
22.9813
28.9934
31.2253
19.0412
25.9647
21.9904
24.8455
24.037
32.2132
25.3647
26.9877
18.7574
28.3684
29.2759
30.2441
29.2783
20.1507
25.664
18.0981
32.2451
33.1981
33.1
33.9812
24.9476
32.289
33.4147
25.9272
34.0787
26.7099
33.3238
33.2015
31.7875
21.8412
24.8014
20.4323
21.7775
18.1875
15.6897
23.2639
16.1192
18.1408
29.7528
32.0701
32.6802
31.309
27.4168
24.0482
19.5713
19.2214
29.296
31.205
24.0687
24.4999
31.3476
25.7615
31.3827
25.5804
18.8689
17.7228
17.3619
17.6313
24.3171
30.9732
26.6609
21.0583
20.2816
14.1703
11.8352
18.1432
15.9891
24.2974
25.3314
25.5774
24.5429
25.2229
24.4106
14.311
24.8321
23.9617
17.3448
17.4013
20.8803
26.3986
31.3762
23.0873
24.382
25.6772
17.189
15.9826
25.0792
13.9444
16.1699
34.0587
25.8971
26.5123
16.3847
29.0435
27.8438
16.0272
28.5067
25.4149
20.6678
23.2901
16.3746
25.0217
22.3415
17.3288
17.809
18.3936
16.6551
23.3804
20.9236
25.0658
29.6641
17.162
24.4234
20.5786
20.4071
30.0297
25.9334
30.462
17.2281
19.7018
20.3356
26.2768
20.0812
21.9755
27.5137
16.5298
19.9032
17.0113
23.6179
16.7325
24.2184
14.9051
28.6375
19.3484
31.9786
12.2438
21.6396
13.6445
13.5667
16.3871
14.0703
17.2488
17.5378
21.4165
37.1597
20.7396
28.2831
34.1477
23.6828
36.725
38.7108
39.1234
21.9839
20.5554
15.5876
20.2574
22.6926
21.2972
21.2868
17.9788
22.3378
19.5388
22.9465
28.8136
23.8222
22.5174
25.161
39.3387
35.5486
19.5849
20.9657
19.784
15.419
16.3802
27.6489
42.4239
42.0624
38.6846
21.3442
19.9803
41.8905
40.5214
38.7692
42.9534
37.8995
52.4691
36.107
36.775
34.8675
35.8329
30.592
36.5102
26.2685
37.7545
38.0692
40.5045
38.9589
32.0904
39.8271
37.1043
46.2005
35.7014
40.4889
12.9242
9.41213
8.3842
24.0575
12.7152
21.221
16.5501
19.3584
30.6131
14.2923
26.1138
20.8599
21.8304
13.6185
21.4747
21.6285
20.8446
20.6728
19.424
22.0962
21.0148
13.9939
20.4729
15.8855
28.3733
28.838
38.5959
37.8165
36.5559
42.2709
25.4367
17.0227
33.1847
22.0549
34.9966
26.0908
37.274
32.9825
43.6112
160.192
39.0936
27.3956
45.8803
39.8315
38.5831
38.6744
41.5783
39.9193
37.6095
28.0775
16.3282
40.5111
27.7763
20.8862
15.3202
24.3582
17.756
35.2702
23.2516
36.5683
41.0716
42.1402
27.1477
18.0005
14.1217
15.3434
25.5919
34.6526
34.0996
28.7993
38.4236
38.3844
17.6963
33.2192
40.2892
33.381
34.9431
14.0216
35.9367
36.6203
37.6999
36.4603
37.5274
38.3368
36.8446
18.7545
14.567
32.7568
34.1473
36.0658
15.7498
42.5901
16.1316
19.1263
32.5639
34.2642
34.2347
30.3051
16.1568
23.6039
22.6188
33.2314
14.3831
15.4004
27.9044
27.826
37.4502
30.3501
40.8143
33.5504
40.2497
15.227
39.8277
31.0213
34.3213
34.5025
29.8586
18.8826
34.9388
25.0425
41.8579
41.9125
36.0376
27.9211
29.0353
28.6527
15.8783
23.071
24.036
25.0266
24.9166
23.6742
24.4603
29.8865
28.1996
16.6255
27.6458
16.2956
8.81953
33.4267
28.9162
26.422
29.8062
29.2664
27.4262
28.129
27.2037
28.9745
28.2562
30.1823
27.8017
13.4842
12.4483
25.684
13.9321
19.6298
26.5414
8.60412
15.1923
9.43992
26.1663
9.05766
11.1241
26.0403
26.6987
25.5989
37.5436
20.4525
23.7067
27.6738
40.3163
38.9393
25.0323
38.3161
24.8117
35.0479
17.9269
35.4417
21.778
34.4254
38.0415
21.2104
17.26
31.2286
23.4027
38.3289
35.4506
38.9182
36.6473
23.4497
22.8696
24.1611
41.6778
44.2332
24.235
537.811
514.146
368.071
322.278
297.01
314.141
502.045
622.416
575.079
513.092
641.42
594.959
234.244
243.303
35.094
36.8078
33.3096
14.3013
12.318
14.8303
17.6194
14.9104
26.8591
18.9792
29.1683
18.6751
24.1631
15.9111
33.8573
23.3348
32.4863
16.9589
36.0223
35.0434
32.5292
26.4825
15.957
22.2557
22.0553
24.4035
16.7669
30.5841
28.1573
14.5897
15.5778
25.7689
16.6543
31.6542
27.4902
27.7282
28.9
27.2874
29.2834
28.8289
28.034
28.0789
28.8258
27.5616
25.0583
32.1305
28.6165
26.7851
25.7575
19.439
15.058
19.645
20.6524
20.9598
15.2202
20.4741
18.6674
30.9851
17.1032
38.4494
19.5175
38.2744
25.3464
28.5534
33.9139
35.4609
30.7096
36.9881
21.325
16.1212
15.8753
26.7061
26.0271
25.793
31.0268
14.5105
16.1043
25.5795
30.5918
26.1732
29.9306
29.5268
29.4027
28.8734
29.9278
26.9939
26.5423
16.7264
15.0735
24.8276
28.6143
26.2545
13.5709
21.3815
14.0236
15.3156
25.3115
25.9338
26.0298
24.1498
16.121
25.1461
15.0817
25.7597
30.922
34.0129
27.1205
16.722
25.5468
26.5698
22.8202
31.3669
21.7348
13.819
15.4129
17.627
25.788
31.8573
27.4003
18.849
21.391
25.2928
28.9064
28.6304
15.5835
26.8208
23.9135
29.4557
27.3728
24.1332
24.38
26.005
22.6733
24.4335
32.0941
30.6769
14.4844
16.8722
30.4483
30.8925
30.4296
29.3083
17.5711
14.3956
20.0736
20.0887
19.3619
14.5905
21.5464
21.3058
27.8558
40.1182
32.4921
18.9936
33.6055
32.8988
28.3808
32.2143
40.6997
23.5707
34.19
40.7109
32.7291
28.9903
26.0031
14.6865
30.2385
29.5467
25.4225
25.7379
27.881
25.8277
15.0317
28.2844
15.5217
27.1968
14.7667
14.452
15.0659
25.5104
26.187
28.127
27.8031
15.6413
25.7699
33.8763
31.7074
36.6404
33.8418
29.9996
29.725
13.7489
28.2174
17.4228
18.6302
34.7461
16.9576
25.2992
30.6298
34.7217
29.3507
20.1416
33.2124
28.6811
33.3744
32.3588
28.8903
41.6616
39.446
14.4727
19.1692
30.5644
20.1494
42.3768
32.1578
31.2038
21.1381
43.6269
15.7426
30.7715
24.9669
14.9639
18.4967
25.2705
36.9177
24.9585
31.2587
35.5455
31.7367
29.0608
17.7328
22.0349
35.4924
45.2566
33.2977
19.8525
39.3361
36.782
34.4242
14.8881
27.8161
26.7325
27.8197
30.2337
27.7983
15.2627
14.8436
23.5589
24.6099
33.1233
33.6908
29.2951
29.1304
30.5886
30.2502
15.7621
28.6287
15.7206
24.3134
27.5367
23.9174
25.2486
16.6926
14.2945
19.4172
31.0828
14.5268
28.9384
24.1763
14.4985
15.7235
23.8561
30.3868
23.5319
26.0891
24.1266
24.7023
18.7046
29.4679
25.1767
25.812
30.3654
19.4876
34.9658
24.3005
23.2823
35.8923
17.8073
27.5372
28.5139
28.7677
30.9719
19.3311
36.0151
26.7358
26.1449
36.5919
35.0372
18.6347
14.9397
23.8254
18.5781
15.598
23.3597
26.6766
30.915
24.2448
23.8634
27.1549
27.6084
29.7505
22.4396
24.8886
25.8851
17.0301
14.8046
21.1803
22.9267
15.8902
16.1751
29.389
23.187
14.3192
15.8865
34.3516
24.6717
15.9369
21.1492
26.2437
28.5719
26.9834
35.3388
35.6101
32.9825
39.662
35.9353
20.2367
32.4762
24.5908
35.0347
18.6562
33.4914
37.3159
32.3293
27.5537
20.16
20.6489
31.3551
36.7217
27.5184
21.5177
35.6583
37.0494
29.4568
18.4823
15.662
30.1955
31.3636
22.9896
26.3601
34.0531
24.2674
36.1714
17.0204
24.2417
26.9791
35.545
17.5591
17.6247
28.3687
25.7039
26.3483
35.9257
26.8777
28.5662
21.777
22.3985
20.8421
34.881
33.6587
40.5163
38.5314
38.8216
27.302
29.2164
24.0553
27.1172
25.8068
22.2432
34.796
29.9555
34.3831
32.7887
28.2118
22.7864
24.6628
38.1482
30.2564
28.4265
31.6119
29.0634
29.2983
32.6806
35.088
23.7187
30.331
19.5379
39.7969
35.5161
35.2895
36.2493
33.4284
35.0183
34.7122
41.0753
34.6293
31.7888
33.7446
33.5659
32.6516
34.6631
33.4421
34.0572
33.7489
34.1449
34.8291
33.0963
35.9247
41.9899
21.3819
18.597
13.9018
20.4422
9.62899
13.2617
16.354
14.9882
22.8341
20.1395
18.2906
28.2458
32.0623
24.6391
28.9476
27.0827
27.732
22.4732
29.6556
28.9874
31.4866
32.5164
20.1517
28.1559
21.8284
21.7776
16.1616
20.4199
42.7292
33.6711
31.1292
31.0978
34.4427
32.7801
42.1444
34.3263
34.6107
34.6306
37.9939
42.2645
35.3728
36.5404
43.6638
42.0183
37.2138
38.6216
32.6564
42.6461
38.7526
34.5446
41.4507
44.1086
37.551
40.0238
31.0907
30.256
42.1885
29.5445
33.1683
33.1081
35.1604
36.86
33.4194
24.7328
35.5329
26.6148
25.1071
34.6607
32.9432
19.3323
32.5165
32.8983
35.0502
30.4411
26.0037
32.9243
29.6059
34.2277
32.0493
43.1716
42.9015
34.2381
34.2823
35.6299
39.6088
37.5062
41.1325
23.5132
20.8861
21.1206
19.4742
23.3086
23.1239
22.7048
20.4437
22.199
23.6632
22.638
23.9583
22.2146
23.4382
21.2156
22.7098
20.5898
21.722
26.0752
24.765
20.8428
19.3446
20.3521
24.9333
23.1408
27.9047
21.4591
29.4815
27.1123
23.3642
25.8257
30.2297
27.3188
24.3801
19.704
20.6552
26.6259
24.9871
21.4899
25.6442
24.6322
27.8168
25.1139
23.6877
22.7611
23.7965
24.9712
21.5166
11.8216
23.2431
27.2542
23.7777
25.0513
18.133
19.8819
20.3091
19.5067
20.7867
21.6196
20.2332
20.3972
20.6947
21.9188
31.1474
34.8432
34.6757
33.5187
34.7598
27.058
30.1632
30.4357
35.8597
33.215
27.2339
33.9541
28.3418
31.8935
31.9514
27.4914
29.9149
35.6594
23.4511
27.8225
23.4358
31.7068
30.8024
30.889
20.9375
20.2492
21.2453
22.142
24.4024
29.3003
22.9459
21.046
34.3308
29.6336
31.2766
27.1706
26.3304
28.7012
27.905
25.6086
30.6283
28.4389
28.9924
23.6629
31.8002
25.05
28.0347
24.16
24.1363
23.5067
33.2895
24.0925
26.0761
21.8078
30.288
27.982
32.2804
40.7684
39.0285
40.1059
41.4419
33.0247
34.3867
28.1346
32.6981
32.9797
29.2107
31.1681
34.0146
25.7746
48.6411
45.8379
34.0669
45.0468
40.0922
35.8945
35.8299
27.4498
41.2515
45.9559
44.0281
46.0019
28.981
37.4834
40.5358
39.1388
35.6319
35.8054
34.3219
35.7522
43.1763
39.8269
41.8211
43.7708
35.9114
38.3338
34.7762
24.6158
26.3224
31.4176
27.6827
33.0528
39.7102
31.0901
28.5084
32.9308
35.1369
34.2058
29.9187
35.0512
32.7881
32.2937
30.9295
24.815
36.9902
34.2884
33.9489
32.5605
25.0506
32.5914
37.7018
48.5186
35.9075
49.2995
41.4431
29.7503
31.4303
24.4482
32.4119
33.375
32.2279
38.4707
32.7218
26.9439
27.1403
32.9268
47.2367
23.7784
31.6934
34.9604
34.1421
41.0625
24.6049
30.8548
35.9203
41.1666
41.4345
27.7269
26.3215
29.5594
28.2716
28.2198
28.7982
25.3529
24.0696
29.6207
28.0461
27.9405
28.0197
25.1524
32.0298
30.6864
23.6537
31.6641
31.2076
29.1579
30.5228
39.1196
32.6336
32.6153
33.0662
32.3561
36.5112
32.9028
44.6274
46.6208
51.7792
43.7468
45.2222
50.3131
43.5931
48.1899
29.8538
45.821
45.4632
45.7589
40.8665
30.4576
36.5033
42.1946
26.4868
49.2395
26.6805
42.0925
26.4574
26.4895
28.1588
28.5177
20.6687
25.3276
46.3095
46.6461
26.9527
42.258
43.9871
62.4029
40.4206
27.6216
26.3845
48.1436
34.2185
29.7203
40.2309
31.8428
32.2791
32.8688
37.589
39.9447
40.6519
43.3063
35.6122
31.6569
32.2473
45.4118
36.1493
42.3763
37.3626
40.1919
36.8181
38.5221
49.2384
37.9116
41.9546
46.2661
31.3537
40.0048
40.7588
34.0714
47.0731
39.3226
62.8852
59.3654
32.6813
35.9105
37.2365
39.7579
18.7857
30.1878
29.1753
35.3467
29.035
27.6564
27.2786
27.9714
32.6124
27.9215
29.4886
28.3116
25.5645
30.8756
22.0715
30.1295
34.6661
32.3836
27.9595
28.6198
19.6844
29.4694
28.0303
24.4043
22.1682
22.636
26.7484
20.4516
23.3089
20.6744
20.5326
20.2709
20.754
21.4603
19.7566
18.1824
17.7048
25.1903
22.9789
29.7876
27.1554
27.6632
29.4408
26.8124
22.3922
20.0025
31.0385
28.7473
27.0606
34.3452
26.4557
27.2568
26.6323
27.2727
27.6225
34.3445
30.0529
27.8925
24.8347
26.7416
24.2837
20.067
22.1167
22.5634
18.0066
18.8307
19.016
15.6818
18.8378
18.1918
22.3552
17.7316
15.4775
16.0897
11.414
16.9269
18.1712
14.8026
16.01
11.2025
20.6042
22.311
21.4489
19.4304
18.0404
27.9148
14.166
25.9568
42.1813
21.6122
40.8793
24.9843
43.1283
33.2217
37.669
25.6438
32.2472
23.1651
35.0878
31.3866
37.1612
30.1299
18.4357
22.047
40.4156
35.9039
40.0483
14.3917
28.3826
35.1182
14.8033
30.4669
33.2071
43.5976
14.5022
33.8367
23.501
12.2837
29.3863
16.1681
28.9305
35.0419
33.2733
38.3831
18.9626
19.7165
20.8915
19.7032
15.5892
21.2287
18.8472
18.6548
18.1276
21.816
21.9821
18.2097
18.6148
20.6925
18.1185
27.5574
22.6072
18.2823
18.1538
18.9112
21.8427
20.6285
20.091
19.0804
20.7329
24.1758
21.6486
21.4711
21.3138
26.4779
22.1984
20.9766
23.4652
21.6858
44.0997
29.228
32.5161
35.5832
26.3362
35.5145
52.0428
38.421
24.4366
18.7681
18.8992
48.8145
24.7782
27.5366
18.7225
23.9636
22.2817
35.995
31.9737
18.6872
21.9078
21.3723
23.6464
34.3696
24.7721
27.2028
22.7939
24.1155
34.4957
46.4313
26.251
27.7444
25.014
25.441
30.7137
27.6685
47.078
23.9997
23.5566
27.7524
33.2098
31.3471
30.1611
30.057
24.321
22.7289
21.0093
24.3045
29.0023
24.746
27.4752
28.171
21.4159
22.4812
35.3045
24.767
27.2517
24.5284
24.1827
29.8475
40.1716
30.5837
29.4315
27.7659
28.6775
23.0133
24.6524
24.1804
26.6224
24.8186
26.5903
26.2459
24.2968
25.7616
30.8612
25.0347
28.2628
24.7712
23.227
19.7311
24.914
48.688
46.3691
24.5319
28.8662
27.8116
25.2578
51.7791
27.1899
24.4611
24.1403
27.7973
46.2289
24.1961
20.6681
28.5168
32.8346
21.4213
21.2704
34.8922
24.7927
16.4614
24.974
15.8329
22.318
21.8453
25.92
38.6423
33.1117
43.7714
44.5078
38.399
41.792
36.2266
33.0912
25.9999
39.516
41.0414
29.2017
33.5264
31.4243
31.4538
31.4701
34.1514
38.0103
35.7707
41.8073
41.751
27.3072
27.9397
31.5687
27.8843
23.9528
26.1917
26.9237
25.7173
30.0772
32.6782
29.9177
26.8737
28.0006
25.7705
32.5977
28.1892
42.86
46.1221
29.389
26.6183
31.905
30.0024
33.3259
27.4657
29.0353
27.0527
27.5033
24.6816
27.6317
25.6212
29.6394
28.1332
25.4897
28.8184
30.1242
28.4841
27.3946
27.5156
28.0534
29.1358
30.1455
25.4637
27.991
22.098
29.4487
28.031
27.2686
29.0274
29.2812
27.1152
29.6955
28.0803
27.3339
29.1676
38.735
31.7288
39.4743
35.0029
30.3673
29.9305
35.3775
30.5734
38.2476
43.6581
42.9972
48.0289
38.5004
39.1123
33.6693
36.2568
28.8564
27.4283
30.5747
29.1477
32.367
41.4053
44.2549
36.1211
25.3417
24.1359
30.0323
30.8412
29.8472
31.3658
29.3341
27.2423
38.9934
30.2281
30.8204
28.5229
31.6062
27.8187
26.5405
31.2461
20.6232
31.4236
30.8527
25.9693
23.748
20.4843
19.3148
25.4163
22.7532
19.6554
25.6499
20.7311
23.7983
26.2165
25.1077
27.6675
30.1347
24.0121
30.0237
30.3382
24.1903
24.7123
27.0469
22.7633
20.6198
22.4734
30.1654
26.4268
28.2225
20.959
24.1277
26.2201
26.0976
25.6585
20.3044
27.0349
18.2511
20.0532
28.1085
26.6615
26.5816
19.7445
20.3526
22.92
19.8974
17.5741
20.9028
21.2562
17.4326
15.4205
27.2788
26.3089
20.105
24.312
21.7623
27.0184
23.4738
26.1495
33.5451
33.3388
28.1558
26.5773
29.4311
28.1094
35.3004
24.3774
34.9425
29.5689
26.9862
25.9199
31.3165
46.0408
28.4581
23.1028
24.3514
36.2077
24.8709
25.4256
30.4599
21.4324
26.8395
26.6221
27.7125
21.1226
22.5529
21.307
19.417
20.8233
16.662
15.344
10.4986
12.9097
15.9051
21.3724
17.6712
18.1485
10.2735
15.9909
13.2501
15.8428
15.3628
17.6512
17.1456
29.5646
26.6452
28.3465
19.3437
23.4365
18.5073
23.7848
18.6369
30.1244
15.7666
28.4306
17.7699
19.332
26.1707
29.6685
22.2708
27.8145
16.5276
27.9148
19.2445
27.3769
28.87
26.9213
29.0065
18.1834
28.2679
28.9549
28.6357
27.9961
26.8435
29.635
28.1766
29.3513
20.3997
27.9537
20.1864
26.3926
29.9968
27.5288
30.7998
27.6733
27.7983
38.6697
32.9337
29.3101
33.738
29.4478
29.3883
28.6758
30.341
33.7256
37.466
42.4906
31.3858
36.1961
30.2907
22.8136
25.3469
33.7804
28.0426
32.3669
28.6941
23.7595
26.0505
26.0792
21.5904
25.1229
23.9765
20.9585
22.9959
33.0051
26.5104
35.0169
26.5625
33.4485
33.6166
32.2858
35.3031
37.1852
40.8483
32.2114
36.3387
40.5506
42.5692
31.3002
28.5843
23.4991
30.125
20.5832
17.0156
15.9514
26.9791
34.3236
35.3003
23.1126
34.6276
27.0301
30.4335
30.5348
31.4788
27.0069
21.4801
19.7583
25.9463
27.4287
29.7063
28.7842
25.687
26.6621
32.0289
29.5528
22.3162
33.6504
19.987
28.1986
21.3461
28.1752
27.6046
27.5195
27.1595
26.2103
27.7086
26.9676
27.2553
20.6601
19.8659
25.9637
27.2134
28.0767
27.1453
27.2088
27.2052
28.9537
28.383
27.7469
14.3737
17.5484
22.5559
22.7843
28.216
28.0228
28.8168
27.2454
27.7642
27.4711
25.263
24.7689
17.6903
21.1185
26.5145
22.1883
25.2242
24.0303
21.9812
22.2533
21.8121
20.3063
23.1615
20.5167
25.9581
20.0897
23.8453
20.3483
25.601
23.9922
24.9258
18.2628
20.7532
20.8931
19.9423
20.1373
25.2104
24.1221
18.0656
19.0171
18.3424
24.0909
25.8337
23.1125
22.0036
23.7146
20.4547
18.9373
19.0133
26.5039
27.8608
18.238
19.394
19.2223
20.0124
23.4546
20.9022
30.6235
14.6722
27.6166
27.4899
27.3151
28.9175
26.6202
18.9004
29.5113
26.5813
24.5762
21.3784
26.1116
24.6984
20.5955
25.5225
24.3361
26.2856
18.9351
19.7078
23.7977
17.4326
25.0893
15.9699
26.9687
31.7089
26.7367
32.5732
31.6371
27.1951
21.3164
31.6348
20.5602
15.7756
15.7647
14.83
31.3368
26.8279
27.7566
31.2707
25.9375
19.307
27.3535
20.8831
26.7159
23.2527
25.8225
15.4064
23.4126
20.1569
28.0408
14.6481
26.7943
28.602
33.0489
38.6382
21.7794
27.4898
30.3198
25.7234
21.1505
23.4661
21.2001
24.1195
19.5638
35.2983
26.9396
27.0996
30.1953
17.6456
20.227
16.7107
26.9744
22.4454
28.4798
24.8078
26.3915
22.8571
18.1711
26.8885
23.1948
19.9272
14.7724
13.373
18.5287
26.6589
35.4649
30.6126
36.2666
30.2922
29.4105
32.2039
44.1948
28.7857
29.8029
27.256
36.6859
29.7906
29.7506
25.0237
20.3912
18.8819
25.9101
17.2056
17.8158
22.0721
24.9908
20.4667
29.7797
26.1548
27.5033
18.3319
28.5782
25.9688
20.1432
17.084
26.7659
23.5525
17.2103
27.1129
17.2463
26.0351
26.5333
26.1971
21.0993
22.8758
15.0903
30.0775
23.118
26.2011
23.6565
23.1863
27.6357
30.1297
27.4066
28.1768
19.3388
17.6357
28.356
18.5362
18.8838
25.1032
15.3623
15.6179
22.4173
26.8016
24.9618
23.1514
18.0547
28.5907
27.7652
27.7988
27.7069
27.7756
17.9299
18.642
16.7659
32.0275
32.1733
31.1235
31.1498
30.6296
21.5181
24.0179
23.1307
20.7421
23.7367
19.0708
23.1254
19.6617
24.9321
31.7217
25.5093
27.7059
28.9379
29.182
21.4092
28.4426
24.0353
22.4946
18.5955
21.3052
22.2667
24.2146
17.6934
25.3872
29.5117
28.4055
22.8894
20.3188
21.3212
27.4929
23.8657
19.4415
25.3808
26.1435
20.1228
22.7295
21.8542
22.0291
22.1776
28.2813
25.5104
26.6447
30.4346
28.9986
31.4581
32.0023
30.4742
28.5858
25.941
23.5964
19.225
25.7024
23.765
23.8984
27.072
27.1404
30.2399
26.8632
21.4675
14.5855
23.5078
20.6671
21.5721
18.8682
17.8409
23.1224
21.5353
21.9409
13.275
14.1612
22.5748
25.5898
19.3082
14.7499
32.2102
25.3661
14.0915
25.9435
16.6234
31.0132
25.0541
27.8476
32.9103
32.8038
35.5481
30.856
15.2587
31.1953
32.4256
32.5007
29.3036
31.3683
16.3728
18.6978
16.5192
23.3873
30.2194
28.4617
25.6543
20.9573
18.2374
17.8022
19.4613
29.5172
27.0069
27.437
28.1404
28.9158
15.6538
23.1412
23.6353
21.8207
24.8397
24.5809
26.8048
27.2253
26.8884
30.7521
29.3235
27.829
29.8449
20.4608
27.8607
23.0209
18.5267
27.1555
16.5484
23.4347
26.3397
27.3717
17.5226
18.6649
32.8668
25.8022
15.7849
26.3525
23.7551
27.8568
16.1164
17.0001
24.1551
31.3215
26.4965
26.8707
28.0512
28.6899
26.7685
25.7105
32.4651
30.2162
28.8724
16.4634
28.0972
21.6565
27.0569
42.0824
35.3693
27.5356
26.338
34.3911
28.5027
19.9608
18.6935
26.3243
23.3468
16.806
17.267
21.6274
22.5453
22.907
26.2958
20.912
15.6735
13.1425
21.6637
26.8314
14.2257
14.1491
14.7375
13.7578
12.5819
28.7884
27.9716
16.0254
13.9093
10.9538
24.8407
19.6716
16.1634
16.6487
20.8764
14.8603
25.7074
28.1735
22.275
21.854
22.3854
26.0836
24.8394
27.3709
27.5722
24.8468
17.2328
20.4012
29.9078
32.4641
14.4159
10.5345
14.3
11.3364
24.0196
19.9579
28.6117
26.392
24.0957
29.5484
18.3478
27.624
24.1255
27.6436
24.678
23.7157
24.5952
25.9789
30.0506
26.7816
19.8659
25.8869
20.4036
25.0389
28.4781
23.2801
18.1114
18.7083
26.2628
24.2603
20.6658
22.7652
22.9991
39.2524
25.4011
30.662
24.9662
30.3624
30.6019
34.145
17.6789
15.7052
15.556
21.8569
21.2557
23.6473
27.8975
25.9888
26.3364
24.1644
11.201
16.1019
15.7227
15.2762
9.44787
25.1127
27.7556
34.7485
28.7678
24.087
14.5992
26.1383
32.2797
24.1694
14.1041
17.3495
26.3266
24.6163
15.4132
22.1269
16.8836
22.6897
23.6358
35.2943
31.3849
30.1374
30.4921
28.5757
29.279
28.428
29.045
26.2477
26.9837
28.1274
25.5766
26.8805
26.3963
17.1456
26.2525
18.4526
26.3677
27.5132
29.8681
28.2138
30.5097
14.4527
29.0921
18.213
25.1927
27.9789
31.0569
27.6703
26.0065
18.6174
18.5709
18.2943
25.294
18.2164
26.3172
27.9927
29.3465
33.0886
29.5063
17.499
24.1985
31.6587
30.2488
29.0731
22.86
26.5011
27.4793
27.6285
19.642
18.9059
21.6393
22.513
20.1567
21.4441
28.2471
26.2774
19.8487
35.05
29.4097
29.8504
29.0525
28.5562
28.6732
29.7127
23.302
29.5031
33.1134
30.576
30.6718
20.4925
30.7284
18.3247
16.1027
29.2637
27.4636
28.5481
28.557
17.3198
28.6929
16.8307
30.8136
23.7797
24.3496
14.8076
14.7573
21.1232
16.233
17.2419
17.0376
16.7156
21.9679
21.7903
26.8844
29.7913
32.6927
32.6974
31.502
31.5844
14.4162
16.0726
15.6638
29.3615
18.7337
15.065
32.4677
34.717
34.4013
30.9208
29.9418
19.6355
15.8273
28.0376
26.7382
24.4584
29.047
25.4102
15.4283
11.8542
14.9617
18.508
23.5588
24.6237
15.2179
26.0863
27.0147
17.3048
25.5381
21.6205
22.866
15.9016
23.4113
14.5242
20.5802
26.9153
28.4178
26.9988
27.2002
17.8204
16.4367
19.8822
15.1813
19.1118
19.5574
24.839
27.3173
16.7051
24.8589
27.2733
26.7189
27.7074
23.1504
23.2902
24.5519
27.2254
26.1379
28.6251
27.282
29.1145
23.997
22.7991
31.5536
32.085
30.0401
27.9581
29.0727
30.1379
27.3219
29.1385
28.6721
30.1727
29.2511
31.3619
31.55
30.553
30.9913
32.9796
31.2283
30.8938
23.0121
15.6762
19.4686
19.2659
28.7989
14.4442
24.0908
15.9366
15.2666
24.4126
15.6863
18.1104
16.7229
31.815
24.2382
30.8624
27.8167
28.1133
28.8287
15.9897
19.2433
26.7267
28.0017
19.4017
19.0349
14.3655
29.6103
23.8387
30.8634
24.9788
29.1134
16.2586
25.3144
24.9826
24.3267
26.8588
29.0398
24.2892
26.1364
27.1022
28.1705
30.544
27.6223
26.7241
13.526
24.9453
24.4621
22.926
22.3913
18.9585
18.3683
30.4394
24.8964
25.9546
26.5545
25.7059
25.0076
30.5809
31.3334
10.023
27.1757
25.3599
26.138
27.3047
31.8274
29.2089
30.5093
21.4832
20.9087
33.1167
16.3893
17.0482
19.2198
24.2855
25.939
29.9804
31.6549
25.3649
17.3469
17.2827
14.6783
31.0047
21.0967
32.2552
27.0265
26.3044
25.9427
15.0898
26.9575
23.9298
25.1074
15.1446
24.1023
16.9415
25.3632
32.2167
13.7386
16.7493
15.4553
15.2777
25.0525
27.3928
25.0751
26.695
35.8164
25.2914
15.0139
23.866
30.8131
28.1213
13.664
25.332
24.6889
27.5959
28.7759
31.5788
16.162
15.7195
28.8305
28.5206
34.2923
26.9405
30.8934
29.5491
30.8516
34.7151
35.2948
30.5173
23.8931
28.4478
34.2656
30.9313
31.186
29.6034
20.7841
24.1233
22.4776
29.2226
23.9694
26.6891
15.0528
20.4536
28.5936
28.8062
28.7953
18.2553
14.6971
16.4044
23.5692
23.8044
27.0838
23.8444
28.4884
24.4279
14.876
14.1997
25.3885
14.3835
26.2523
26.1912
26.2314
21.2751
30.8333
31.6455
37.6884
34.8542
34.3195
14.9353
15.3266
27.2124
30.8211
28.6964
28.4271
27.4026
15.1567
16.0496
14.7139
15.3089
26.617
22.0918
21.8373
21.8498
27.2535
28.916
28.0358
27.743
27.6323
26.4759
28.3578
26.721
28.4388
27.3039
22.4615
30.772
28.8203
31.9847
29.5615
29.842
25.8824
27.0587
25.0594
31.5607
24.9316
26.1884
26.5623
34.3898
13.6133
42.5615
40.7001
35.1452
25.6966
16.7154
26.2405
19.3131
25.6393
25.0597
38.6659
18.229
32.0095
17.2734
17.9789
25.4628
15.1594
26.785
27.2712
33.4062
26.8196
17.1851
25.3705
25.5229
34.3721
33.4758
31.8022
14.7852
15.0377
15.5089
14.613
13.9561
16.6472
26.1071
28.9856
29.8255
15.1701
15.887
24.7932
20.1375
26.6713
19.89
20.598
26.9585
29.7816
20.3475
24.3911
14.9862
26.6712
23.5597
31.2737
18.018
33.8052
17.1835
40.3593
32.8834
17.9616
26.1112
16.2299
14.8114
14.4757
30.6529
30.7793
24.8314
20.565
15.2932
14.7036
17.418
26.7453
30.2403
32.6547
26.0439
15.0776
25.8793
15.19
13.4899
19.5949
25.458
21.1997
30.4444
23.1683
23.5722
24.2244
15.0825
26.0538
27.9398
14.8784
24.3139
20.2785
22.8165
14.9025
21.4773
20.1324
14.0128
26.9753
30.1089
14.2494
27.4081
13.9031
14.0099
25.3433
27.8736
25.9773
26.9544
32.8582
18.1281
27.6544
27.576
32.476
33.2615
15.645
25.5177
15.2771
15.0414
30.7631
31.3499
24.6246
25.0562
21.6684
28.7439
29.2714
27.7898
28.6635
23.7559
24.9436
14.7636
20.0238
21.9713
22.5239
42.0842
39.2999
41.1286
47.6307
43.16
46.8032
36.239
34.1864
32.7311
43.1803
47.3852
45.4252
48.5548
32.7453
34.5224
50.7512
32.4557
28.6684
30.3506
50.0659
29.9197
42.7225
35.2684
37.0186
39.1076
30.111
31.0169
40.2103
36.7082
35.2958
37.6806
2.57468
29.7125
37.4358
34.3434
51.8712
8.97754
25.98
27.709
28.287
17.6175
17.127
31.3842
2.57446
2.57472
29.1441
28.4432
2.57474
27.1657
2.574
31.1103
37.4322
5.93516
2.57479
8.54119
3.87308
35.0725
32.9342
30.3802
32.2485
25.0186
24.637
23.7493
5.45622
10.4578
22.7692
2.58236
32.0483
2.62175
2.62686
2.61289
15.1244
35.0051
2.94667
21.8653
27.2392
3.05465
23.7629
18.2827
21.7838
25.2407
3.02917
2.90519
20.2137
2.84632
2.56109
49.6064
15.6222
2.95935
17.828
22.5603
47.8105
18.0011
19.7613
29.8774
29.0206
29.8346
18.848
29.4444
37.2047
43.8412
18.8826
28.3509
26.4071
36.279
32.1796
30.7896
30.9623
9.07792
29.5785
28.8043
36.4465
9.24313
31.2783
30.6403
30.0541
28.7645
28.33
2.61752
2.5585
21.0742
3.08179
21.2303
26.7337
36.7643
6.49723
9.43306
36.3999
23.6233
2.97968
2.58552
19.0327
27.0175
31.0651
28.6105
32.0691
27.9595
29.958
29.7121
27.427
31.8921
33.5789
29.2703
8.56158
27.7658
32.7489
10.876
33.2027
30.3412
7.89446
30.149
26.468
29.1672
27.4662
27.8523
30.4555
5.78293
36.7974
26.5102
29.2579
28.3372
31.762
33.942
35.7162
10.724
9.7589
27.7568
6.73849
36.1165
27.7479
13.5946
26.9953
24.5488
34.1215
27.1111
34.3844
10.5315
5.3667
32.6732
6.42375
25.0714
26.8974
5.09006
24.8633
3.08679
28.5793
32.1894
30.9589
27.6861
8.67135
6.41411
8.70239
32.0807
18.811
21.991
27.5527
17.4013
21.1687
6.03053
18.7337
17.3409
38.4846
17.202
26.886
7.64283
6.01058
9.92674
2.69106
31.2693
11.0836
30.8264
5.47191
5.05621
23.3274
20.4505
20.5279
3.09519
21.3084
3.28051
28.5952
3.01976
5.61181
21.6773
33.6021
28.9123
29.0519
19.4753
35.661
9.47192
6.49679
40.7895
9.84651
30.9608
31.8288
29.762
34.5094
7.8952
29.9538
5.08738
28.2447
31.5114
34.2827
34.4364
32.995
9.50042
31.0309
27.5485
4.6459
8.68519
25.6145
41.4311
34.859
28.104
25.3505
24.4567
8.82875
17.9322
7.69472
24.6505
23.1265
26.9524
25.2733
4.92988
7.51167
37.6753
27.1625
37.4526
27.8228
33.3403
25.8285
33.2749
6.68899
28.4347
31.8765
29.3496
27.6822
11.6169
28.4707
24.8769
38.2848
23.2513
32.2097
17.7307
9.06463
27.8596
31.3373
27.5769
28.0443
30.1506
30.6017
29.3821
31.1987
28.558
8.14699
27.7094
31.5489
25.322
29.4771
27.5306
33.5737
11.6639
28.0613
27.8529
30.5453
6.98849
27.2249
7.0393
31.1292
26.394
7.63703
35.9837
24.9941
31.1084
23.2692
6.28287
5.50608
2.56765
33.6495
33.8304
4.99098
5.15735
29.8054
2.90188
4.27398
2.92558
4.5095
16.8917
5.11821
32.3388
26.0603
30.5726
31.7689
31.8699
30.0035
31.4174
26.3056
29.2481
34.0791
27.3473
7.09101
27.4239
33.0203
30.3913
6.02148
28.2126
28.6703
9.61463
25.6135
2.594
23.979
4.53781
29.5728
4.43826
32.7826
31.6147
29.0292
32.1754
31.6229
5.71547
30.5264
33.1145
28.8626
30.1128
30.8998
33.4521
31.2633
6.14242
25.7547
25.3674
4.07822
25.6088
30.5369
25.6713
29.1702
8.19712
7.3851
24.9111
26.6722
27.3695
26.7095
30.8051
22.748
29.4549
24.9142
28.9098
27.4837
6.64248
32.7184
4.79435
36.2944
30.0664
27.6186
32.7352
28.4728
25.2846
26.0107
30.2412
7.55335
25.3634
8.13171
28.742
26.0124
24.6195
26.5889
32.3569
24.1012
6.19343
25.2041
31.8023
35.21
24.5141
26.2128
5.65999
12.778
41.4308
2.63247
24.0901
3.00369
2.58842
3.48696
13.7205
18.8596
23.0159
33.8623
4.9654
11.0329
10.55
27.3265
26.183
28.2658
32.0232
4.36613
26.8446
3.37115
19.7989
2.58954
27.8417
2.59622
28.8697
29.4402
28.5504
22.5877
22.2162
23.8636
32.9328
4.89845
24.6911
19.8732
22.9085
23.5238
19.0208
24.4898
24.7953
3.00639
3.12891
2.94349
18.9583
2.6227
22.786
5.30775
30.7456
5.30579
2.96644
36.6845
34.9131
23.3589
33.5613
2.93662
2.98336
2.58792
2.61686
25.9364
32.4827
22.7235
27.1756
27.1941
27.065
26.013
22.1831
21.6243
21.0868
30.6732
20.9355
3.15042
2.58169
24.8711
31.2907
21.5164
24.0666
6.71227
17.886
5.43097
6.61207
3.16174
26.7373
38.9581
34.6735
5.48906
5.26925
24.7914
27.0145
25.9025
7.53968
31.633
27.3702
6.91884
26.2252
27.1559
25.9246
28.9196
22.2834
25.3965
33.4446
27.9403
27.4478
27.5814
26.5711
5.38382
5.63438
2.58741
3.70257
9.04327
4.48119
2.6704
22.5143
8.26093
4.25616
2.57071
5.45968
2.76993
2.71786
2.58604
2.58431
6.30809
2.57136
2.57058
6.08402
5.55047
3.91473
5.5999
5.69392
2.57045
2.59316
6.5274
5.44845
7.87622
4.18383
2.64234
2.92323
2.62005
2.5755
3.43866
3.44719
7.69006
2.75216
2.71385
2.6801
2.5796
2.56991
2.56482
2.56775
3.56192
2.57529
2.92313
18.7056
2.9752
6.11179
19.8345
21.5988
8.49213
6.44542
4.05618
3.31592
3.50039
2.56943
2.74577
3.84964
2.56501
2.63568
27.9572
28.118
26.9108
3.351
23.6723
6.92383
2.71167
2.55817
2.57248
5.7372
2.60566
2.55968
2.5693
2.90003
2.78156
2.86057
5.62575
3.68932
2.7904
3.00698
2.5737
2.88048
4.20515
2.93328
3.92494
7.42699
2.5698
2.58987
2.60603
2.83687
6.03174
3.12832
4.90199
2.57343
2.5723
2.57108
2.56914
2.56665
2.56703
2.55837
5.57269
2.56755
2.57076
2.56499
2.56904
2.56824
2.5696
2.5794
2.56315
2.56488
2.56706
2.83318
2.57075
2.5707
2.57024
2.57151
2.56737
2.55999
2.57103
2.56945
2.56415
2.56945
2.55939
2.57022
2.56472
2.56349
2.56915
2.56952
2.55886
2.56473
493.791
348.408
272.822
475.328
365.649
404.69
386.484
450.147
505.438
251.679
482.376
275.009
290.916
504.936
622.379
21.4363
24.9443
21.1413
23.5302
24.3105
21.766
20.9754
23.2547
27.5156
22.049
27.0477
22.8088
19.7274
23.2956
25.9023
21.9359
20.925
26.1927
22.547
18.9663
26.6632
28.9254
25.9847
22.3034
22.1244
28.642
28.9473
27.8515
34.023
27.462
26.782
29.5523
8.26893
4.83207
4.00635
2.57358
2.78821
2.60895
2.7345
16.4169
18.6798
15.525
35.063
34.0148
21.7286
33.8948
59.4778
32.5725
122.026
55.0996
270.321
339.772
307.109
121.972
435.458
80.5754
203.597
250.29
217.151
82.0693
63.916
130.609
209.183
149.872
349.85
231.642
216.98
332.841
56.1084
57.0712
72.7179
43.4843
47.557
73.2627
198.666
360.729
55.9038
49.5687
67.0073
46.883
231.112
39.1094
58.1587
282.998
193.084
318.007
68.5308
43.1937
38.1905
49.8578
304.49
212.491
239.451
257.167
109.29
240.43
205.349
37.4759
49.6839
35.9954
40.5334
68.7412
60.1147
56.0146
33.7982
29.0934
62.4896
157.397
12.4522
16.7576
16.7133
13.2413
13.8773
14.5657
16.4638
15.6867
14.0517
17.2847
25.7299
34.3145
22.4101
26.8215
18.9345
34.9273
38.3423
24.7119
26.6558
22.6489
25.279
26.5012
5.56715
2.57548
2.57091
2.87872
2.56641
2.5474
4.40466
3.98296
5.3802
4.862
4.83909
2.5739
2.55794
3.5958
2.89252
4.60035
4.24313
2.73037
2.57997
6.78556
4.26064
5.80098
5.39865
4.21945
26.7644
6.76081
7.2847
2.55737
2.58726
6.65462
6.32018
9.43033
18.7957
9.17605
4.31488
3.5558
8.4624
5.07587
11.6064
7.13303
7.78303
5.42209
4.93048
9.07811
6.67014
8.88243
5.62927
2.559
2.6755
3.12025
6.94139
4.5893
2.93023
2.77935
3.14046
3.16543
10.4691
8.69287
6.36159
6.66341
7.92385
5.09632
29.1425
9.93022
28.2429
14.283
38.0132
7.89508
5.93599
47.6615
32.2152
49.9483
13.269
36.3371
6.39903
5.237
3.8968
7.14092
8.24585
5.42903
8.61646
7.23654
3.75923
5.15006
3.85302
3.04823
8.12062
5.06873
5.14058
4.95914
6.13123
5.59836
5.05858
3.53315
4.7088
5.57757
5.52708
5.46012
4.5721
6.63894
8.10691
40.6791
19.8184
16.6345
17.0237
21.6161
17.6494
15.0495
14.7623
16.6355
25.5662
13.8421
14.6803
15.8448
13.9253
11.8183
19.7786
18.4026
15.0486
14.0312
15.4523
18.2986
16.1853
15.3889
15.3458
32.7943
33.1661
37.5715
33.9901
24.1835
46.0549
42.3374
9.42033
15.8685
15.5516
14.7425
8.45685
21.7357
16.009
21.415
17.055
15.1964
16.6508
20.8124
17.3319
19.1221
19.118
19.6069
19.0361
19.4927
16.3433
18.7086
17.4442
14.3496
16.2685
19.0248
21.2142
20.3178
15.36
16.417
23.8581
14.6336
18.205
19.7969
19.7208
18.4148
15.13
15.9709
14.2794
18.9616
20.3961
20.8529
20.224
17.9555
17.6198
14.3592
15.1864
20.88
18.9495
16.5793
21.1874
18.3889
241.751
33.448
26.2469
33.1612
23.0675
50.9578
26.4319
21.8637
21.3104
27.574
26.036
22.0406
22.0118
26.0184
209.737
37.8273
45.353
492.59
285.324
345.82
32.5488
40.0688
12.7534
14.8881
14.4922
15.6563
40.4566
94.899
48.2978
35.3806
348.57
124.015
260.69
284.79
236.316
349.239
26.23
20.5567
19.9636
23.7211
21.3778
21.0595
20.1794
27.533
28.2175
19.3421
28.1932
21.2513
19.646
25.0093
30.5335
69.1453
29.9182
32.5818
27.4203
27.3296
23.934
23.4195
19.0917
19.3171
27.0306
27.509
27.4708
22.7134
40.7061
43.8114
36.0963
14.7252
34.297
24.1666
14.5466
34.6656
33.0653
24.9457
37.3569
29.1373
33.5222
34.0458
34.4654
40.0178
34.8088
40.8864
23.8004
20.0256
22.0394
23.9081
22.7807
27.5611
33.6935
34.0112
36.3311
21.7346
31.8192
24.0961
20.8374
22.8316
22.495
17.6273
22.2536
21.8626
21.1892
19.049
21.4297
20.9149
28.2675
27.6589
19.7919
214.493
28.2841
34.7953
28.7604
32.1084
27.7794
28.6619
25.7847
19.7909
21.1487
19.8932
19.0669
19.1975
21.9331
20.5525
39.7056
215.969
72.0306
72.2881
29.3605
31.4631
26.7035
29.2
28.3481
26.7572
23.6567
17.6799
20.6916
19.7819
31.267
21.7428
20.2605
17.0929
19.5688
21.9447
22.1898
22.6311
22.7561
23.5383
32.8397
26.0125
23.4136
17.9636
27.2033
21.5512
21.8719
23.9186
20.366
21.3885
22.2898
21.1206
24.5025
22.024
21.8614
37.6747
69.5828
50.0639
42.7408
42.113
49.8359
286.331
77.7342
34.7029
27.3814
39.0651
29.0487
26.9587
22.811
28.1131
27.598
231.76
73.0677
28.5413
54.3908
40.587
30.6832
262.915
174.188
123.909
179.907
247.43
104.643
33.0761
48.5119
42.3871
39.3925
29.2807
21.4527
19.1424
20.6491
20.3042
20.7371
14.8331
23.6011
8.44053
22.7974
20.858
27.0851
21.4313
27.1531
13.8819
21.0343
22.0026
25.2509
25.8777
22.0296
20.9311
24.9532
21.9222
25.9705
26.2621
26.6066
12.1661
23.4488
21.7614
17.3474
16.3995
15.1126
17.1052
20.1263
16.9625
21.0055
23.5364
16.8696
23.3175
19.7444
20.3103
24.6326
27.132
19.9329
32.4106
11.5796
26.7303
26.4085
27.751
30.7822
23.4065
18.8405
15.3535
19.871
15.9501
19.1196
15.3681
16.6945
18.9626
13.8568
20.2517
19.3623
19.3344
18.0583
20.8007
19.704
17.6282
18.7081
20.294
20.3751
25.6089
25.059
23.5224
34.8136
23.5691
21.3819
22.0161
17.4045
17
21.2703
18.5153
34.6813
173.287
328.183
236.874
396.607
282.964
396.384
426.904
187.169
406.957
278.291
195.933
224.422
389.726
390.347
72.4195
650.211
222.952
237.525
182.808
620.877
42.0997
175.278
162.496
325.608
274.673
221.497
200.398
317.826
166.092
306.313
240.011
343.8
144.877
105.903
136.616
118.345
131.01
325.768
151.756
176.494
328.484
268.073
261.081
369.968
330.509
316.609
288.879
294.005
290.002
341.54
426.721
193.402
198.582
371.939
325.169
173.759
245.257
414.319
477.688
471.618
64.4419
390.597
390.729
475.906
314.803
428.271
317.768
644.216
195.367
185.363
271.381
270.648
283.105
357.374
236.96
189.998
152.545
257.332
223.564
212.811
270.925
335
342.679
342.37
200.854
210.581
438.333
310.631
277.551
286.54
237.74
141.163
181.774
341.267
330.158
114.123
373.544
94.786
18.0587
20.495
24.0085
25.5471
25.8468
13.0821
12.4198
17.1344
19.1107
16.9017
14.6501
18.3726
31.9398
30.5425
20.4858
35.4438
30.2664
31.7066
41.1312
33.427
90.9299
124.656
76.0017
51.6868
72.3921
50.7477
95.058
102.981
157.635
37.1271
15.5256
14.1772
48.6824
47.7977
15.8525
17.6809
26.544
25.4193
54.7387
41.4598
39.7517
29.5043
40.5008
108.51
309.347
267.013
386.289
99.392
80.4293
324.294
369.332
336.027
384.874
93.4698
108.183
115.592
170.443
284.88
72.9142
59.4673
313.437
88.9697
66.9996
74.8823
150.112
50.7391
24.3795
53.8212
36.2409
62.1916
42.9698
87.2318
71.9929
81.499
283.018
212.221
321.566
224.924
74.8494
138.813
270.525
418.744
133.41
317.389
67.998
53.2869
160.929
265.471
136.309
133.114
64.8078
47.1889
54.6922
74.2964
91.9464
197.087
144.403
118.117
135.416
119.185
329.954
224.123
250.961
72.8554
66.1351
91.9433
68.3857
260.373
61.222
165.113
113.653
119.467
67.0661
78.5725
175.373
177.974
217.944
290.281
126.647
140.629
130.467
136.586
211.212
190.351
279.973
90.3916
42.825
43.3835
153.303
112.035
107.284
231.16
91.6321
121.313
105.971
41.2091
95.464
69.3327
45.5209
28.392
41.274
17.357
16.9755
16.0274
235.754
364.501
210.648
326.772
33.8919
52.9696
55.9897
37.0598
88.6598
137.985
54.448
103.605
119.114
78.4692
135.242
222.805
168.664
173.019
151.286
181.588
119.169
300.835
254.435
229.531
109.108
54.9149
73.6452
46.4712
43.4414
63.2097
207.569
263.026
251.771
256.762
366.689
226.889
192.656
242.416
391.939
411.362
411.9
402.691
380.916
158.386
187.097
106.815
328.887
266.59
260.681
227.464
244.218
258.028
182.93
165.421
144.764
60.6111
48.5429
42.9644
36.7625
38.5694
310.039
371.326
250.041
253.178
218.696
213.717
137.382
336.957
242.965
262.756
223.965
252.18
299.738
145.68
154.484
96.5278
195.469
310.27
195.962
272.72
95.9159
60.7862
84.1145
123.351
172.189
291.129
259.82
165.343
157.915
230.64
22.3164
31.389
35.4646
57.4357
29.5523
24.9416
50.3538
79.393
175.862
214.646
224.927
265.149
256.537
219.859
105.04
101.671
99.236
52.3297
41.9069
42.1534
40.0178
62.8094
55.1527
91.2425
88.14
79.545
101.515
91.5677
84.1216
62.9108
44.6274
91.8302
54.0634
87.8629
195.866
97.8327
83.0429
106.473
179.909
175.891
213.673
298.105
201.701
138.123
201.656
211.665
195.614
210.117
76.3683
166.802
77.542
113.867
102.34
22.7081
14.7078
13.6351
21.1292
16.2639
13.73
18.8442
21.1263
7.82938
8.30956
7.6913
18.4621
20.9855
18.4654
27.2293
24.5233
20.8612
20.1617
34.1061
16.1652
18.5916
56.7751
157.081
182.78
115.376
198.662
197.005
128.892
174.455
144.156
232.728
237.784
214.268
303.657
6.79694
2.78537
2.56769
2.8297
2.6353
2.57778
2.57086
2.55413
2.56741
2.55821
2.56054
3.29485
2.5538
2.78165
3.44908
6.23079
4.71271
3.17149
2.60302
2.79239
2.55259
4.15812
2.73748
2.54977
2.55603
2.59615
2.77433
2.54676
2.62527
2.61579
2.55536
3.10321
2.58922
5.70974
2.91452
3.78936
5.336
2.62911
4.95845
4.05465
2.59534
5.02217
2.612
3.80454
5.7575
3.63507
5.2028
2.55157
3.53462
6.39357
7.74743
2.58308
6.26242
4.41532
6.35067
3.43466
2.65716
4.25627
3.54792
2.77358
3.90408
4.29038
3.29648
4.54847
4.50017
8.01683
5.4792
5.495
2.54179
2.54763
2.64864
2.83253
2.57533
2.56831
2.73611
2.56297
2.56312
4.86034
5.19455
3.38753
6.14139
5.19339
3.82788
2.62191
3.63945
3.91104
2.57515
2.62694
3.51917
2.59557
4.97796
5.66579
6.46441
5.23374
3.59554
4.45336
3.37788
2.56311
2.62067
2.65941
7.98578
3.59031
6.18592
7.4885
2.72271
3.62154
4.96581
4.97673
5.80268
6.34096
11.4369
6.97571
5.66073
5.68204
5.70535
5.96685
3.06226
2.69953
2.75831
2.71918
6.53531
3.86517
6.64902
2.59901
4.70028
3.46059
2.65269
5.88309
6.07497
6.61385
5.17264
6.67509
2.91366
3.45764
6.37871
5.34069
7.82117
2.84305
3.1178
5.77227
5.50276
5.92397
5.55842
6.4013
4.82543
6.82432
7.00913
7.15198
3.83098
7.03525
5.62425
3.58806
6.30303
7.30443
7.92914
7.42079
3.38372
8.1797
8.71045
9.63043
6.09024
4.68005
4.10261
2.8945
3.8695
4.58406
2.66343
2.56556
2.58977
4.34658
2.74831
2.88145
4.53979
2.68977
5.76894
8.17307
5.00081
2.79736
5.34558
4.90724
2.82103
3.33578
4.7112
8.59145
9.06829
6.49113
10.0398
6.34122
3.07971
9.93798
4.91049
23.9178
17.9694
17.849
19.949
16.5712
19.6801
18.0469
15.0343
18.3331
15.5123
14.4317
15.501
14.1645
15.5843
14.8136
13.6704
14.9875
13.5097
13.8467
15.4405
16.0302
16.993
13.3732
13.9937
13.6372
14.009
14.1032
19.426
19.71
18.6146
19.3861
20.112
15.0342
14.1939
19.9182
15.1983
14.7672
17.2901
18.7482
14.9936
15.4011
15.0706
13.1693
14.5678
13.1182
7.48124
17.4699
15.113
10.1481
12.2402
13.2865
12.7736
12.7665
13.4087
16.3336
14.4164
13.5845
15.8492
17.1547
18.2193
15.1809
18.7406
15.5429
14.4531
13.926
11.3479
14.4998
14.4215
14.1047
14.7062
18.5157
16.3178
15.4387
13.3779
19.2956
12.3103
14.9044
13.0186
12.8378
13.0209
13.2383
15.501
22.2446
16.8373
23.2237
17.316
21.6281
24.7547
25.4582
24.4879
20.3243
17.235
14.7791
14.7944
15.9716
14.9673
15.8449
17.8984
18.2396
14.7473
14.4062
11.8614
13.9783
13.2316
14.2418
18.6025
20.7155
18.9423
15.5597
14.163
18.2402
18.9991
12.7335
17.1507
17.1014
17.301
18.9328
12.8863
12.2851
12.4308
13.0724
13.8069
17.5775
14.6972
11.2759
15.2488
15.9118
13.5828
14.6288
13.0531
11.1325
13.2933
12.304
13.8861
18.766
25.24
9.4869
9.76864
10.6129
12.4833
14.0483
14.5088
14.0368
14.9034
14.6271
14.6557
14.9585
14.2645
11.2036
14.045
12.7971
15.2926
26.8953
25.6561
13.2397
11.7296
24.3172
17.8587
12.0021
15.3595
15.8223
13.1213
12.7033
11.6983
13.9362
14.4612
12.3588
14.6033
14.8866
14.5246
13.711
15.0042
9.96526
13.9077
14.4819
13.7262
13.9827
13.7436
16.3239
15.7368
19.1651
15.0524
16.9832
16.2201
16.1982
20.1219
17.909
19.3022
16.7713
16.3033
15.3174
14.9407
14.6413
14.7485
14.6975
18.0032
14.9542
25.2916
18.3011
18.9079
14.8515
17.5189
22.6252
17.2122
17.6771
12.8217
15.1618
18.1616
21.2608
18.1513
16.6947
16.3152
18.9062
19.5742
15.2826
13.2469
15.1326
14.8999
14.1631
15.6583
16.4261
15.7403
15.3017
15.387
17.6969
19.3797
21.5453
17.3882
15.7396
24.421
25.1335
24.3287
19.7507
23.8468
22.2755
17.9935
25.2936
14.6133
26.8937
28.4622
16.1505
19.5704
14.4481
14.2677
14.3221
8.2905
12.0111
15.0507
11.5499
14.5631
14.225
18.1354
14.0965
13.8397
35.9972
22.5127
9.79053
12.931
12.555
11.0234
13.2894
13.869
14.278
14.2701
25.5563
10.4363
19.4136
14.344
13.0938
14.2123
14.9697
14.0186
14.0177
14.7621
11.6221
14.2637
9.28044
7.53929
13.9068
12.5491
11.6153
14.1792
14.1706
13.6073
10.5135
13.4363
13.9749
13.7816
13.6699
13.765
29.935
34.2792
16.5037
9.50266
14.4821
14.0588
13.6069
10.8614
14.0833
13.9335
13.5494
15.2345
21.3848
19.7928
18.5379
24.7892
21.6243
18.4172
17.2406
13.2105
14.0503
16.1346
15.61
16.5097
17.1683
18.3488
14.6432
13.1914
15.8149
15.1566
14.1342
13.5038
13.8599
12.8172
13.3892
13.0753
13.7031
13.8874
20.7836
20.6217
22.4818
19.2194
13.4419
16.8819
15.7752
21.4661
15.4736
15.0674
12.7165
15.176
20.0411
20.5698
18.1131
20.2104
18.5714
18.4673
21.1474
13.242
13.4469
13.9277
15.9576
18.5804
17.644
17.7985
16.857
12.5406
14.5313
18.2641
18.205
16.0831
21.4146
18.2541
19.6347
16.7305
21.6106
16.2837
22.31
15.386
17.4845
17.5859
14.8708
14.7737
10.9995
17.0519
15.718
15.3476
16.1367
13.5875
15.0588
11.5917
13.976
14.7828
22.9489
15.8386
22.9363
16.8948
15.329
16.7428
14.7953
15.2234
16.2402
14.8492
21.8561
19.6978
17.2032
19.4078
16.1113
16.4749
16.6515
22.1432
21.7751
17.1704
22.0828
17.6825
21.0537
16.2916
20.7989
20.7257
13.9401
12.1029
19.6535
19.4916
15.2367
16.495
13.655
18.0465
12.0075
14.5148
15.0521
17.5457
15.1134
18.1503
19.8676
19.0199
22.9056
20.9024
20.9258
19.1854
14.8148
14.907
14.9933
14.7845
19.0602
12.7047
14.2453
14.2505
29.712
13.3084
15.4285
15.8676
13.307
14.3101
15.8762
14.7835
15.02
10.5003
15.3613
17.0657
16.3429
16.688
12.3421
16.0855
12.538
12.1422
17.7183
26.0876
20.6145
25.3305
18.9473
24.991
23.9928
23.1727
23.9928
19.4737
24.5008
16.8509
17.2371
24.0417
20.9542
18.9091
21.9792
24.0464
21.9039
22.8149
22.5035
19.9309
20.2081
23.1342
21.6754
21.614
19.588
20.3129
19.5927
20.4791
17.9157
14.3992
15.7493
19.3229
17.7002
14.7022
16.6592
19.5571
17.4662
14.7932
15.3948
15.1962
29.4778
31.1688
29.5767
13.8823
14.7429
17.6465
14.5168
12.2174
17.9362
13.1234
18.057
14.6238
16.6524
13.7164
17.5453
14.7465
15.8914
17.1197
16.3612
13.3298
12.3927
16.51
13.4433
14.5238
16.2981
20.769
15.6557
11.8384
12.8909
13.3454
13.5856
26.3134
23.8867
23.6849
35.1531
33.37
26.8546
20.7023
18.529
19.356
17.0489
16.4865
22.5964
15.5121
16.4014
19.0633
18.3155
15.192
14.3023
15.4056
17.7231
14.0376
14.1697
16.8415
13.14
15.895
14.0441
13.95
15.1225
12.4389
12.6739
15.6247
14.1417
19.0432
16.5933
14.4326
17.0557
21.539
15.9842
20.5912
16.9697
15.7598
17.1074
13.5421
13.2711
13.6908
15.6776
14.6606
15.31
17.3074
15.4649
16.5706
15.2542
13.1298
12.098
14.4292
12.7882
12.247
13.0945
17.053
19.1536
17.1075
18.617
20.3201
15.8213
20.2208
23.6106
20.0679
22.4185
20.7203
14.2101
13.6221
18.8228
19.088
18.7571
18.9896
16.9844
21.4622
15.2454
15.5006
17.0585
19.1487
22.8556
21.7517
17.9531
17.9677
21.4702
18.3133
20.5194
18.8943
18.4406
20.3169
19.4439
17.0343
19.9505
18.8777
16.7514
18.3639
15.5158
14.8442
18.3531
17.5829
37.3079
30.7825
34.7859
27.4817
25.7351
17.5318
22.7025
39.0567
23.3303
44.0779
40.4415
36.2282
18.5424
18.6504
18.5051
17.7076
17.9369
18.1238
17.285
28.1284
29.4964
30.2384
18.187
17.4744
41.7245
17.6955
14.1806
20.0281
28.283
27.9774
27.3009
17.8513
18.1669
13.6379
17.253
32.6649
14.7867
16.0446
29.9927
25.8494
18.5726
17.0693
27.5727
13.5044
34.9917
34.0011
21.6462
21.9488
23.2728
19.4074
21.3336
24.2103
25.3449
25.0938
22.5776
18.9333
18.8833
20.5308
19.364
20.0382
23.1151
25.3708
23.5371
22.4944
21.0352
18.8766
21.6391
22.4687
20.8509
19.8597
21.8905
19.8455
19.3436
30.299
18.857
16.095
21.8276
17.2222
25.3391
15.662
12.7848
45.136
24.954
41.8858
42.6419
24.8161
29.7069
16.4874
14.9817
18.4986
13.32
19.8475
19.6434
16.0021
18.0015
14.5239
13.9039
16.6721
17.4068
19.4377
14.5119
18.1432
14.4397
19.8415
20.2155
20.6245
12.4059
20.3248
22.3434
24.4097
23.1886
21.4822
21.3505
20.8579
24.2939
24.1334
11.8839
12.6989
10.9699
10.6422
13.5313
10.4612
10.3774
20.3443
12.4115
18.7055
12.1769
11.5
16.0853
14.9047
15.9622
12.1188
10.1963
21.763
11.1072
29.3471
13.5138
16.0412
19.9692
19.5334
16.6611
19.1986
17.8941
17.0705
16.6502
15.0393
17.7922
17.359
19.7701
14.5422
12.9997
12.2691
19.9108
28.7874
32.5449
39.0836
19.883
21.9963
20.3816
21.6857
23.6727
21.4689
21.6414
27.1549
24.4829
20.9445
20.9206
21.3986
20.32
50.1351
36.8776
37.9089
31.6244
35.3843
30.1988
48.0627
36.0364
46.3655
22.2255
22.6624
23.2844
24.6101
42.8123
35.0592
33.5915
15.3559
19.4187
18.3297
22.3076
19.044
18.9849
17.025
18.1634
21.7743
21.4327
20.8115
22.2341
21.5956
23.0444
19.9589
18.9635
19.4739
19.2455
20.8107
19.7793
18.3497
17.9941
18.5069
16.9546
18.7602
18.3093
16.662
20.9273
15.6363
15.1648
19.7273
23.3895
20.2785
30.9819
18.7976
22.3508
25.8199
17.6585
32.6259
41.5391
32.0052
28.3418
37.0073
42.3934
50.8624
44.0259
13.524
12.891
11.5279
13.1708
23.4759
21.2975
23.4699
44.3099
36.7316
21.7108
35.2903
37.239
35.3707
36.6225
37.0342
41.5307
17.4535
17.5235
19.0671
13.9742
16.3785
16.6947
17.0372
14.6104
13.3812
14.7365
14.8409
14.3073
13.0657
13.6113
15.6783
16.1293
13.3661
10.2821
13.1107
15.8707
13.2994
14.0535
11.8663
15.3289
17.4704
17.9834
17.6392
13.3123
14.581
15.5427
16.8284
18.2831
15.4253
13.8381
17.0318
16.3297
18.7352
13.8321
16.4137
17.7811
21.9093
21.6341
16.4986
18.3459
16.9458
16.7819
12.8152
13.1384
13.3186
12.3995
17.8151
17.9524
17.552
16.6407
18.3521
21.1697
12.5127
16.3156
15.1148
16.4639
15.5643
16.1028
14.5669
15.6708
15.8227
16.2975
12.2631
14.7152
16.2041
14.3852
16.1745
16.82
16.2164
17.1672
16.0728
15.9941
16.6859
14.5788
17.09
17.3697
18.0204
14.3103
15.6302
14.4713
15.8982
18.4303
15.0688
14.9082
14.0153
13.132
10.2134
15.4901
13.2915
15.1259
16.4568
16.6616
14.1486
15.7303
11.898
14.2331
13.3802
13.1839
15.296
12.6637
15.395
13.0275
12.2173
14.2867
13.8036
14.3831
13.2773
13.6177
12.6802
14.3423
13.1577
7.29607
13.3469
14.8864
14.8485
13.7919
13.5533
14.6052
12.4235
16.7121
14.9352
15.5168
16.4709
13.0043
11.476
17.2693
17.0442
19.5506
17.5904
18.99
15.7087
14.6901
16.4668
17.3985
17.5783
17.2354
13.4982
10.9703
11.5526
13.3645
13.9416
13.5795
13.0533
12.6772
14.7838
12.735
11.3732
14.4712
13.1977
14.348
16.0221
14.4893
13.5021
14.5798
12.149
15.5296
9.98135
13.0535
13.8863
12.6535
13.3203
12.155
13.5712
17.0216
14.4437
14.971
14.6092
14.498
14.1549
14.7098
14.0149
14.4994
17.9551
13.8389
14.728
7.19639
17.1534
15.0164
14.4479
14.2218
14.6198
13.3551
12.9771
13.4034
18.5515
17.7214
16.8986
17.3123
19.1227
14.0797
14.8844
15.5921
13.021
13.6664
13.8297
14.6552
12.5374
13.7229
14.0396
14.1073
15.3761
11.8903
12.6622
14.5432
11.6782
11.7644
10.8235
14.3074
13.2551
14.5779
14.6949
15.5041
11.3083
14.9065
14.5598
12.8702
12.6824
13.9216
16.4095
14.6112
13.2406
12.9007
13.0292
13.7055
10.8885
13.1324
12.9134
13.3934
12.1752
12.4385
11.5561
13.8334
11.7856
17.2248
17.033
16.0878
16.7379
15.517
16.4512
12.3364
12.3912
11.4661
11.5166
21.6913
12.8958
18.0139
17.6442
19.2213
15.2121
13.3175
13.7518
13.4481
11.5203
13.5273
14.413
13.0784
15.3048
13.5416
13.0047
11.6141
11.3693
13.823
13.1152
12.284
13.7034
14.0619
13.8824
15.9398
14.1233
17.5604
16.3888
16.7717
16.5384
13.9607
14.9284
15.5658
14.5178
16.3098
16.2856
13.2987
14.0632
16.2895
17.9373
16.0088
15.0512
13.247
11.5964
14.8008
16.1679
13.3146
13.5817
13.1559
12.9822
15.5994
14.6962
12.0881
14.0092
14.1988
14.2534
14.3507
15.1922
13.3566
14.8514
17.4195
12.486
14.4069
15.7559
14.8997
21.5575
18.0223
11.7393
23.2015
21.3675
17.0163
16.9249
18.0025
16.1047
16.6706
18.5667
17.23
16.8193
17.061
23.8552
18.1093
22.7802
18.6357
19.7979
10.1894
14.544
14.1491
15.0656
15.8119
15.9115
15.3801
11.283
11.7876
13.4774
14.2783
13.0373
13.4286
14.2657
12.9318
17.0989
17.4274
16.9547
17.128
16.7983
17.7118
11.927
12.8945
13.5682
21.1221
16.473
18.8256
17.5406
13.7012
36.9104
19.9122
16.1457
15.7469
15.3244
23.8051
24.1226
31.1349
30.7866
25.2042
23.4843
22.1997
33.1217
36.4049
24.0133
26.9115
25.2829
50.5414
120.028
98.2883
18.703
26.0683
19.8846
17.96
18.2683
13.7229
15.7405
14.5863
15.6696
16.0532
15.4155
15.685
14.9816
15.3085
11.7597
14.6993
17.2361
15.4781
17.969
14.6303
17.2922
13.9674
21.2442
20.0575
16.4952
28.8842
18.7458
28.9909
12.811
11.6583
14.3648
15.2764
15.5687
13.0048
13.3022
15.7375
14.6571
14.8593
16.1831
18.0805
15.251
15.4793
14.0694
16.1525
12.1299
14.2097
15.0665
14.7194
14.4912
15.2713
15.5951
7.30028
14.6183
13.8434
12.4101
14.1917
18.4837
16.1082
19.1268
18.0833
16.0624
14.5258
15.9892
16.8163
17.9772
17.4805
18.4009
17.1164
18.5126
14.3703
18.5082
15.4761
18.9527
14.8839
14.1555
14.6266
11.7145
17.7542
20.8261
18.895
20.3391
20.5838
23.8892
13.0835
17.1478
13.0987
18.8426
15.9311
16.0676
22.2544
15.9279
21.4776
14.7107
16.1854
20.598
14.3599
17.7558
22.8227
19.9555
20.5921
21.9044
20.2131
24.2209
22.4698
22.5424
21.208
18.8749
19.9866
17.6212
18.0202
15.9266
16.4126
17.9203
13.4623
18.5613
12.7395
12.5246
11.7855
13.5461
13.4268
12.459
13.6837
15.4717
14.5872
14.7963
14.2413
14.5323
16.817
14.0745
16.5287
17.5574
17.7935
16.995
20.8756
21.8203
17.0085
15.1115
16.1381
15.2622
17.5395
13.2962
16.954
18.6415
15.7138
17.4135
17.095
15.5726
15.7059
15.2143
15.3626
19.3341
16.7934
17.8933
15.7653
17.875
16.9769
14.7885
13.7148
16.2621
17.234
14.5249
15.4565
19.3665
17.8761
15.2478
14.7846
15.2493
21.0128
17.7997
16.1849
17.324
15.9468
15.6454
16.841
15.3145
13.2906
15.9824
18.6798
14.8785
21.6682
20.0989
14.6282
17.345
16.2043
16.2937
15.6207
12.8264
15.951
16.0952
15.6541
13.6607
15.0341
14.1218
13.5339
12.8934
13.9338
12.4264
16.6875
13.5127
15.8785
19.8885
16.1429
13.1033
19.0725
14.9374
23.7846
23.2215
22.1904
19.8024
20.5601
17.0002
18.5857
20.5521
14.9241
13.3616
25.838
22.9783
24.1786
14.9189
14.409
15.9495
12.6995
15.3493
16.0115
16.3776
14.6638
15.6606
15.5388
16.4368
16.6189
13.6812
13.364
16.7766
11.5812
15.4546
15.6852
38.646
28.6194
36.6281
30.7202
35.0781
25.7128
28.8962
31.3948
22.9565
21.6232
25.9653
27.9761
21.3173
29.7831
24.262
27.7024
19.7877
22.0816
21.0355
18.4506
15.0008
18.5061
21.421
14.2741
23.0081
18.9757
14.8796
24.0709
21.298
24.0381
23.9143
20.3654
26.1058
21.7784
21.5269
27.3808
23.7474
7.86843
13.8165
8.36374
7.92129
12.9914
12.9208
8.6157
19.7096
20.0455
20.6715
20.682
15.7682
14.2795
20.0641
14.9312
12.4678
8.81938
11.7717
10.7534
8.55037
17.6148
20.9072
20.0858
19.1931
18.472
21.0714
20.7435
17.7195
21.0885
19.4754
19.8684
17.5734
17.1862
17.5032
20.4518
17.4016
23.1442
18.0583
24.2047
17.6193
17.3574
18.5567
21.2177
15.9372
21.0622
20.2504
20.0998
19.7426
20.7288
18.1893
20.2685
20.0408
17.5653
19.9147
19.5632
20.0351
18.1841
19.5172
18.1049
18.0199
17.329
20.9653
17.9519
17.3093
18.1096
16.7532
15.7236
12.911
10.8966
22.3593
18.8671
20.2195
18.4968
20.9886
21.2799
17.5627
19.396
18.7343
23.7961
16.1866
23.1234
30.5195
20.389
21.2291
14.5173
15.31
13.4253
16.1894
36.9657
33.5905
31.6213
73.3902
39.5827
50.0606
36.5545
47.455
46.9407
172.539
27.8636
22.2384
28.4955
28.7943
27.555
26.3323
31.0971
19.6457
33.7712
50.4273
36.991
258.907
262.408
30.4304
29.6386
29.6736
26.133
20.1938
29.6997
23.3261
30.7137
32.0032
27.9245
43.6614
32.8112
38.7339
39.3799
34.6883
35.1561
43.2451
12.6252
13.34
18.0957
15.1407
20.8634
17.6023
14.8856
16.3221
12.5482
16.4926
16.7748
14.4077
12.7407
16.2833
13.0676
14.4338
54.7533
50.1177
42.5268
65.2459
76.5717
61.1407
86.3988
51.157
88.3394
58.5776
63.649
69.64
128.107
136.175
85.2322
165.486
188.347
13.8053
16.277
17.3611
14.3379
16.316
16.139
14.2401
17.308
13.9533
12.5339
14.1317
14.9524
13.797
14.8924
14.4253
21.2499
20.8668
39.5337
21.0818
31.493
25.7866
44.5911
24.8178
40.6762
28.3872
23.2387
15.928
32.6769
36.583
39.5463
14.1124
13.3869
13.5061
12.0027
13.8223
13.6088
12.3244
12.4913
13.8847
13.5868
13.2688
13.276
12.8149
13.5137
13.8721
13.6561
13.6324
13.2318
24.2644
18.9683
12.5877
22.5268
22.6392
24.4175
40.4681
30.4718
49.9481
47.9134
37.2593
26.7118
14.5794
45.3307
28.5754
45.4302
33.0752
14.7263
14.3367
14.3387
14.6414
14.45
12.7721
14.4174
13.4017
14.0429
13.346
12.9033
11.7124
13.3098
13.4378
12.8331
11.9584
13.7458
13.6649
14.6227
13.4979
11.8836
11.8417
12.7084
13.1969
13.7902
13.9693
13.5119
25.1867
26.855
25.9156
17.2092
16.3603
15.7372
32.6356
39.2537
33.811
29.2662
28.0809
28.185
44.396
24.4473
22.2818
29.6341
24.2243
24.6798
34.2525
31.283
40.9732
31.7571
33.8428
27.7112
28.7376
33.5549
36.2395
40.8747
41.7009
34.817
26.1392
28.7257
46.3658
44.927
47.8227
30.0272
34.6374
32.1077
27.3658
33.4564
32.8962
29.7055
40.2143
44.5698
49.1836
44.2675
35.0365
33.1057
36.5935
47.7398
43.7849
25.255
25.886
36.1652
27.3736
37.0865
42.2238
29.1152
27.6637
24.2476
25.7513
24.402
22.2027
24.5396
20.4388
27.6914
33.4359
35.0843
43.1688
42.8343
40.8346
28.4815
42.0982
36.7958
39.0254
43.1655
48.4809
40.7317
46.4005
28.8539
39.8349
24.5762
26.1789
28.1635
33.0537
33.4621
28.0812
23.7667
31.5172
26.8967
43.0381
43.8081
47.0635
42.3289
44.6385
48.5749
13.7144
14.1368
14.4796
14.2378
16.6086
15.2415
15.8237
12.9474
13.564
13.7173
16.4498
15.9266
15.8325
14.7468
16.7665
13.8239
32.8196
39.1569
28.2397
29.9047
41.1959
45.2348
41.0044
53.5844
39.0813
32.2734
46.4793
35.4755
28.8798
23.3451
27.4904
24.754
23.8072
23.0837
45.7539
42.0845
40.8755
30.6896
37.4935
34.8252
32.4811
33.7416
38.2844
31.1992
35.5131
36.1762
43.67
39.7114
40.5942
33.7176
30.3783
39.0412
38.7516
40.0084
35.4542
36.9968
41.1538
27.4505
41.0276
22.934
30.1887
31.2012
26.0364
31.4208
31.0593
13.4082
13.297
14.4871
29.4733
19.7755
20.6477
14.9616
19.2477
14.5616
17.3403
30.8634
28.6353
29.0275
24.9267
35.0172
30.7691
26.2368
34.8567
31.4972
23.0237
25.7811
15.6533
20.0193
34.8798
17.8191
25.9571
29.9896
34.6345
30.4981
30.1796
26.1761
33.2075
27.0958
28.5266
16.0139
16.1469
19.0022
29.0893
29.7183
17.1704
19.5598
31.7527
15.0546
15.4223
13.1827
15.149
14.1754
16.3846
12.5322
9.97392
22.2554
16.0946
21.2346
17.0306
15.0953
10.969
12.6908
13.8099
12.6765
14.8576
15.2971
23.9141
23.0756
20.6013
23.7918
22.5964
19.8133
29.5637
27.1802
35.8235
43.4607
18.9294
19.3653
20.7801
20.12
20.317
22.157
20.8621
22.0307
21.7486
26.3775
23.4528
28.1116
20.9035
23.612
32.9555
40.6121
19.5767
19.7704
20.8836
20.6935
19.6886
22.0039
19.9227
19.5005
19.7575
20.6345
20.5706
20.8141
22.4791
22.3376
21.1218
19.8847
20.7736
20.7489
19.247
19.5107
20.0525
19.3629
19.0785
19.1819
19.1153
19.7769
19.4517
19.2277
28.8559
25.5118
21.2743
23.0153
34.6402
18.2777
18.6491
18.789
18.9055
18.6941
20.7764
22.3322
20.3846
21.4075
20.6797
24.4713
23.1182
22.784
32.6127
29.1988
19.3365
25.9461
13.4218
13.4071
15.1903
13.0273
13.3159
13.5075
16.0148
27.692
26.2063
30.9957
32.0606
29.7541
26.9856
27.1424
14.1042
14.3056
17.7633
19.098
13.2461
15.1384
13.5235
12.2305
14.6905
13.602
13.3317
24.4666
13.7392
13.1779
12.4455
13.5755
13.9538
12.7989
13.9763
14.0022
13.7092
13.3784
17.2131
14.1497
14.589
13.37
12.2837
11.8657
16.3787
16.3814
21.1142
24.0905
30.1991
17.1703
56.7322
38.9455
50.991
36.9342
34.6537
38.7036
17.7185
19.7143
21.6826
19.6994
19.578
22.8353
15.9474
15.2547
17.0781
15.0536
12.79
15.6539
15.8286
16.3237
17.2152
15.1447
14.9878
18.9583
23.613
26.7896
20.6561
23.9458
27.7734
21.746
25.4924
25.675
31.7473
34.4006
14.5751
14.4597
14.5149
14.3465
14.0428
17.7345
15.8668
17.8869
15.8667
17.1379
18.9116
18.2218
16.0575
39.0278
37.7844
30.2135
27.2553
34.4553
42.9155
45.1262
39.0843
43.2165
36.4896
40.3501
23.8964
31.7182
32.0537
30.6026
30.8478
28.2185
24.18
30.0176
34.037
32.779
28.4479
29.4608
32.0576
17.3513
16.5478
18.9526
23.8508
17.4987
19.5887
16.5471
21.5854
22.1674
16.3609
19.7133
15.069
14.356
14.1267
18.3833
15.8756
20.2
21.6306
22.3107
21.2159
22.3733
41.2687
26.5824
27.3772
40.146
26.2485
27.7296
38.2727
29.2904
39.1517
29.3655
41.6752
44.0945
22.4755
18.6272
20.9512
25.7242
17.6834
22.1194
13.0078
12.9509
13.1085
12.8942
12.5373
11.4291
27.4709
23.9336
27.2766
29.8075
25.3656
32.7196
32.3137
22.8424
37.5852
40.4782
43.6619
52.24
32.9613
46.7504
38.8916
40.6147
47.1785
44.2379
32.0879
39.8517
32.4927
37.9837
34.5067
39.6988
36.3953
39.2047
33.5827
37.7589
25.7043
22.9261
23.6953
25.5453
21.8066
27.244
24.2753
23.7659
24.4661
20.0119
31.4153
21.255
34.0386
47.2258
44.8516
40.4252
38.4194
42.1248
43.7452
51.458
38.8494
36.3945
43.3795
45.7483
43.2145
41.0992
43.6568
44.5961
38.3407
50.5351
42.1203
20.5016
20.1536
19.8492
19.1803
19.3681
19.5805
34.4182
35.9202
38.9986
38.9934
38.6361
34.1244
24.6656
21.096
27.5408
30.5207
29.6428
27.1005
27.0715
36.7732
30.4653
31.8331
27.6767
26.0155
26.5097
22.3369
24.5584
34.272
24.8092
39.7419
33.7956
16.7844
33.8823
32.7107
34.6027
23.0824
26.5954
21.0597
22.0683
28.5493
16.4158
15.0244
18.6737
20.3274
19.9542
14.8551
15.7496
23.5107
15.4368
26.6721
22.0617
28.8399
28.9722
30.9719
28.9544
30.7158
19.8083
21.5945
19.7641
19.2533
18.9807
21.9768
22.4716
17.9153
18.4734
16.9519
16.715
24.2258
15.6995
22.1277
22.9658
29.7271
27.9928
32.2625
31.7129
28.8342
32.4128
32.3321
26.0782
29.0309
30.7592
29.2197
16.9268
14.1195
15.2579
18.7599
15.4808
14.1443
12.3193
15.485
14.775
13.3927
25.8823
34.0759
31.0613
32.61
25.4236
28.069
23.427
24.8475
25.2588
18.2572
17.875
23.8977
35.1592
35.118
40.5228
37.7089
31.0699
27.2031
43.8449
12.9561
14.8079
14.7095
14.1654
15.9367
19.9396
13.3222
14.0155
14.263
14.4039
13.7184
11.8525
13.5557
15.6898
18.7382
17.7353
17.9641
23.8525
20.2912
19.6815
24.2106
21.4957
28.0672
26.4424
22.3227
24.9774
22.8738
21.4908
19.0459
13.5241
16.5443
14.7949
15.723
15.6247
15.4023
17.1937
14.8527
22.4212
27.2591
33.7912
38.6324
37.2992
30.4323
29.697
30.6711
36.1571
17.8667
17.8875
18.7818
15.4049
23.6845
19.3744
17.2083
19.0422
16.8541
21.593
20.773
19.4812
16.7595
21.1865
20.9629
34.491
20.6412
22.0874
19.528
18.4692
22.1209
19.679
17.6433
18.7327
21.0439
20.9253
26.2447
25.0138
23.3418
32.1038
24.9103
22.8832
17.1246
24.5157
23.1391
28.6311
21.9192
25.6111
21.4476
20.3547
18.8188
19.1101
19.7115
19.7519
19.0203
18.7234
19.9704
26.9799
20.1533
19.4452
18.9317
19.4854
18.9859
19.1979
18.0533
19.068
19.1062
18.674
18.8962
19.1254
22.009
19.0922
19.6091
19.5266
24.4901
26.0707
18.0793
17.9429
19.636
19.8325
20.9768
20.2555
19.8606
19.9169
30.1332
28.8607
31.18
33.0119
33.338
30.5628
29.8791
41.3029
29.2353
23.6146
31.2868
25.1526
27.7944
20.7727
20.5351
20.2791
21.4876
20.3699
20.4575
20.6308
20.0828
19.5282
20.6736
19.4999
20.0183
23.1522
20.4415
21.4856
21.2164
22.7889
20.6045
20.4507
21.4528
20.7896
20.0975
22.3873
22.6432
21.356
22.5075
25.2507
27.0678
19.3536
27.2197
27.9619
30.7821
19.8844
21.6673
22.5533
20.9178
19.8454
21.1168
27.4369
23.1418
21.6608
20.1561
21.7156
19.4826
20.063
21.9608
19.8618
19.3147
21.872
22.401
21.6529
25.1067
19.908
24.0978
20.3606
20.2549
37.6057
31.0164
44.2273
45.6558
36.9392
28.2091
38.8695
36.9322
27.5193
17.6676
24.4294
15.4427
21.6464
24.6954
20.3747
25.5134
25.7589
27.3673
27.4017
23.0606
21.0484
22.1707
24.9585
24.4926
19.7922
15.978
17.2187
19.5769
20.371
20.8245
17.7058
14.8361
17.8768
16.8767
18.8211
14.3889
15.9185
16.6066
19.0522
17.6432
15.9406
16.9922
17.5683
18.0899
14.308
14.9646
19.8945
14.6795
36.5813
27.5572
23.0031
26.9965
27.8296
18.346
18.4349
16.8188
19.1008
19.5974
19.6617
17.0122
22.6418
24.4079
21.4199
19.1744
23.0364
25.3883
23.3149
32.9797
27.0748
22.7873
27.5536
29.1205
26.484
23.5882
30.1817
36.2669
38.4092
39.2399
28.9951
24.34
30.6443
30.5097
23.8088
25.8262
24.7112
28.4922
26.4374
13.922
15.6866
15.8108
15.3652
13.4275
12.7568
17.0752
16.7696
16.8653
16.5375
13.2421
15.0837
13.6674
14.8642
15.0386
14.0029
23.7777
17.2805
16.0853
18.2801
21.4569
18.5521
18.9853
22.7747
21.0895
14.4247
19.5043
20.6732
20.7045
23.9233
20.3876
18.0323
18.3728
18.8447
15.8674
21.9725
16.1367
19.7549
16.7868
18.4998
24.6912
24.3953
17.7401
19.888
19.3342
22.3913
20.7105
23.688
40.6015
43.2988
38.9751
40.7067
41.0548
44.0649
48.4262
30.407
34.974
33.9559
27.9539
31.1888
25.178
33.1251
33.0341
25.8287
44.1965
36.3981
48.4604
40.2451
51.0106
44.5365
22.1505
41.8628
42.1461
44.4374
51.5551
32.9989
31.6268
31.4765
23.4305
21.5094
37.4368
29.8704
31.2468
30.8685
25.8817
24.9753
25.3022
19.3443
26.0752
28.4941
26.5504
19.6343
27.6032
20.2092
16.7716
25.1148
24.9715
20.8584
22.551
20.9362
15.003
18.1292
19.6498
18.2989
20.7088
23.2366
22.8443
17.1482
19.7707
16.0227
23.9836
16.0232
18.6786
17.1379
18.3322
15.2603
19.2535
16.8294
15.512
18.2357
13.7688
22.8164
21.8185
18.7619
18.6044
18.5316
22.9691
21.6133
22.474
33.3016
59.927
43.4449
47.7168
46.4525
48.8678
35.5159
46.1757
39.6968
19.6791
40.5089
40.2175
44.9793
44.1761
41.0266
41.8017
46.1452
43.8327
39.8403
52.4168
47.9946
39.1308
40.2996
50.1684
38.9071
49.1825
47.5393
44.4484
36.6549
47.9012
40.9325
36.348
32.2162
56.835
5.8177
44.1076
44.6671
43.6063
7.19473
31.6978
37.4973
23.9929
34.8515
22.6738
20.14
20.0403
20.3623
20.105
20.0676
19.5484
21.0683
25.8002
23.2392
22.6609
25.7188
23.7519
22.3845
22.4822
23.1461
23.42
30.7906
27.1446
21.3996
21.4196
20.9452
21.5274
25.2898
21.7613
22.2928
26.4041
19.9336
27.7989
29.8054
28.4047
24.6464
25.5609
24.0709
38.6875
35.5479
21.7485
22.5933
25.9332
21.6632
22.3206
23.1603
21.9843
25.3738
20.8369
21.2987
26.9682
24.5719
24.5379
27.9793
29.2141
31.0072
31.5571
20.2851
21.5353
20.9658
24.8144
16.658
18.7998
19.1967
21.4957
21.1994
24.278
22.7619
20.6665
26.1916
24.8142
32.9939
19.8237
21.0381
28.2563
22.9585
16.9541
17.9108
20.7924
19.7649
22.8217
25.0016
25.8838
25.055
31.957
17.1223
17.1409
18.1723
23.5041
22.1556
20.2655
16.3406
17.5093
18.1203
18.0555
19.5969
21.1058
19.2773
22.5887
20.5503
16.9154
21.6971
16.6772
19.6121
16.542
17.1907
16.0252
17.7499
21.3302
17.6739
23.1553
22.3787
14.2017
14.7817
16.9152
15.0277
15.4157
16.8026
18.4407
15.4267
14.8709
14.8325
14.9563
31.4473
28.8731
24.9314
30.6008
38.4998
30.7253
41.4996
36.7002
40.3521
36.2401
44.328
36.4246
35.2735
21.6151
22.9326
23.0128
20.6861
18.2466
20.6673
22.2866
21.78
24.0571
14.8307
15.9364
14.2118
17.5965
15.1079
15.4088
12.3904
14.3438
16.2193
15.0249
16.127
15.2555
12.8519
15.84
13.9342
14.9446
15.1189
15.7303
16.797
14.9345
17.2721
17.215
23.3703
20.5959
22.4662
26.4072
19.7866
18.9632
25.23
25.5095
23.8702
26.0481
25.086
32.136
35.2159
33.491
33.5326
24.5672
30.5544
28.5544
41.4693
34.5926
38.0783
26.0367
33.2307
39.0115
35.8549
33.9261
32.5721
49.09
42.8539
44.9581
44.2672
26.3427
38.6405
23.658
23.4115
26.9497
19.6419
19.5213
19.4323
22.4001
21.1086
19.5297
19.2078
24.9343
24.0323
22.2773
23.4599
19.9313
19.4719
19.0938
21.394
21.1734
22.7255
24.2591
24.6709
19.3892
18.7318
19.6696
18.8436
18.6498
27.0249
22.9207
27.6977
26.6826
21.9948
28.6585
22.4693
22.7409
20.2862
20.4223
20.3399
26.3245
26.72
26.6627
20.6094
27.0233
29.2239
23.5064
19.4254
19.452
27.0611
24.8849
23.1533
20.1543
19.7926
20.4586
19.9859
27.1128
20.994
21.2736
21.2134
20.4971
19.9934
19.9802
20.3856
20.5618
18.2875
18.1541
19.067
20.4377
19.7642
15.3183
15.0625
14.5799
15.7643
16.408
14.2596
15.3218
15.0714
15.9072
15.1511
16.8726
16.3707
16.9427
13.6088
12.7606
13.7325
12.4973
13.6988
11.794
13.5279
13.6773
11.6672
13.35
13.6629
13.6306
12.8373
23.7759
20.5874
23.4446
23.0423
24.077
21.9482
23.5033
51.8993
44.3208
70.9197
143.819
186.426
39.7096
34.6377
49.6058
45.0991
41.953
43.6674
36.0871
59.5244
37.7098
25.9955
33.1255
24.3509
22.2893
23.6497
22.151
31.8585
21.4504
37.5812
30.8205
29.1146
34.3075
49.9415
32.425
26.5062
29.4305
32.9643
28.1932
109.475
199.408
215.733
310.859
239.265
57.0359
56.988
73.2501
62.4896
72.7985
71.5873
57.3443
38.6862
67.7393
70.4188
34.458
32.4173
34.4988
25.2787
25.047
26.7504
28.3029
27.0592
28.3948
28.6712
28.8537
33.6741
37.2063
40.2316
44.9053
37.1787
41.9875
78.9282
38.5253
34.8058
63.5968
34.1828
60.7642
63.2757
64.6442
155.545
264.073
182.782
151.554
255.947
236.657
194.982
253.871
234.409
206.306
204.868
261.603
238.83
167.391
144.882
196.461
167.898
283.27
176.821
130.419
214.74
22.9255
28.6883
34.7895
23.9416
17.2679
12.9985
17.0527
13.9827
13.8768
21.5931
15.0808
25.8213
25.0962
28.9546
22.5672
41.7936
27.2232
38.431
28.4338
27.2657
27.9304
21.7814
24.2191
25.9173
21.1904
24.7979
24.8012
24.5925
24.9433
23.2868
19.6297
23.6427
23.3068
20.3972
19.1776
24.3379
19.4028
22.8024
23.1193
19.5486
22.4016
24.034
25.4663
25.1539
23.95
24.0371
28.012
19.3572
24.8599
23.3565
21.9987
23.0181
20.8722
23.0797
25.6636
13.9997
24.2182
23.8496
24.7721
23.9863
24.0822
17.2652
20.9488
22.057
20.9995
22.353
22.5581
21.7129
18.976
21.4459
20.9746
21.6797
22.5251
26.2164
26.1896
24.8331
24.3058
24.2057
26.365
23.8497
13.7645
25.3524
22.4676
19.2976
22.6004
20.2055
19.1408
22.0117
22.1978
20.5229
20.3666
24.4154
19.805
25.2249
23.0905
24.7689
27.3561
25.4752
27.6436
26.6131
20.7072
19.629
19.4051
20.3273
28.0401
20.7661
27.0685
21.4405
19.546
18.8014
20.7175
21.7866
21.1513
19.4793
22.7466
27.2592
25.8951
28.2514
28.7119
27.9403
21.4083
20.671
21.4817
25.4284
19.1312
19.7843
20.5433
18.4868
20.5576
19.5704
21.0321
25.2784
19.1268
24.8133
25.281
25.2134
24.1252
18.9226
22.5296
19.6035
22.4598
27.8679
20.3882
27.6425
19.6151
24.2438
24.5141
25.2888
24.9094
25.6669
25.8842
19.6408
25.3154
18.8823
20.8396
27.1384
26.3689
26.2839
24.2156
24.1336
25.1409
26.4191
33.3598
28.1733
25.202
30.4549
26.3316
22.3242
26.6276
28.0814
28.6759
28.9605
28.7022
30.9115
32.7535
28.9289
23.4497
30.3141
23.5079
32.5041
32.2412
25.5437
22.3145
42.7051
30.0806
18.1925
21.05
20.2654
20.9847
20.5568
14.1761
20.6236
19.5959
22.0019
20.1402
19.7348
20.6257
16.394
14.8934
23.5151
24.9433
23.9308
24.3095
19.4535
11.6652
9.34091
10.4335
9.23601
10.3227
14.9593
11.4679
8.79674
8.04841
9.9091
8.13636
11.6127
9.12864
12.5522
9.31578
12.1939
9.68383
10.3599
11.053
9.38875
8.17926
7.85166
11.6482
8.23356
10.8296
9.44879
9.60288
9.80338
10.7059
11.7572
11.1366
15.4918
8.51149
8.24327
12.1322
15.2942
11.9514
11.5083
11.4768
23.3663
18.2768
17.0701
22.1501
19.1375
15.4139
11.3296
7.55004
14.2914
12.1849
9.38846
9.3616
10.0238
10.7602
9.73432
7.60915
12.0386
17.783
8.44009
15.0464
12.8407
19.2956
18.8817
13.8814
18.0733
22.7667
28.1229
27.258
22.9442
26.3826
19.4372
27.4123
17.0875
12.7277
12.0687
12.9304
13.2356
14.174
11.0249
19.4347
9.85803
12.5345
9.1295
10.1728
11.4553
12.6174
10.5331
10.5592
9.83727
8.41836
9.79433
9.37552
10.5778
11.556
21.5038
21.0397
20.454
20.1145
22.2967
18.6618
22.3004
21.7323
21.6411
22.5724
22.4471
22.201
20.59
22.8632
21.2096
17.6695
22.623
20.3095
15.8853
19.7733
18.7129
20.2073
21.6279
20.0614
21.1177
17.4986
18.9761
13.9207
9.90387
18.4898
9.50452
9.97353
11.7187
12.0836
17.8538
18.1459
13.0639
12.8016
28.6639
22.0313
30.1185
20.8584
27.3447
30.7212
33.1006
30.1612
31.9103
32.2848
28.8006
27.5104
25.7073
26.8049
29.9261
22.8576
29.6953
36.2826
34.0095
30.0395
35.4308
23.2151
23.414
20.7782
20.4252
43.6067
26.4457
30.5772
26.6415
29.1734
29.4086
23.5909
22.7523
28.418
33.0514
32.7481
31.1676
31.8503
18.5873
22.7814
16.9693
21.5333
22.7513
21.6446
22.5381
25.2563
20.3419
23.9507
24.5914
29.9264
21.1578
21.617
22.6746
22.6976
24.9808
21.7104
25.4266
24.1253
19.7436
22.6682
23.6259
22.7562
25.829
19.8004
27.6956
32.6558
28.8296
30.5527
24.9928
20.9533
21.2999
22.1041
22.3261
24.4803
21.8462
26.5381
27.3898
22.5546
21.9819
20.8155
25.5482
22.7347
23.8478
22.9879
22.303
22.4028
23.906
25.0437
25.3452
25.6862
24.6941
18.5587
21.29
20.505
30.013
25.4799
23.3464
25.5426
22.0009
45.3404
50.1355
38.1526
31.9427
34.2406
38.5759
34.443
41.4792
41.0808
39.4955
45.3195
19.8155
15.1812
14.8512
15.5121
19.615
16.8845
17.1461
17.4343
13.4522
15.0902
17.9111
16.1839
24.0663
18.9207
19.9295
18.9632
15.1502
17.0586
17.2982
20.4092
25.3201
19.1765
25.1526
19.638
20.1822
15.8746
24.7288
24.67
25.0149
18.5362
22.8463
25.2265
20.5284
23.4001
21.6127
18.468
16.9452
14.2568
20.898
16.407
22.0612
17.2601
17.7712
18.7145
23.2093
20.9348
22.4727
21.4842
21.0892
17.7878
24.0078
20.2169
21.1897
26.9322
37.0754
28.6229
39.1936
34.3628
36.3993
36.0987
13.7374
11.2734
8.62302
8.44083
7.76753
12.0928
10.4771
10.5913
12.757
10.8562
11.6331
11.4867
12.545
17.6113
16.4651
18.1792
19.9716
19.186
19.835
16.3801
16.5982
18.3274
21.8686
20.1477
19.6168
18.4215
13.0083
14.4719
15.021
12.0987
16.3356
14.6503
12.5575
16.4217
18.2056
19.3162
15.9353
14.165
15.5472
15.0726
16.9441
19.0096
18.2228
19.8398
19.234
19.921
16.7381
16.5524
19.891
20.7597
17.3019
15.2164
17.2897
20.7942
20.284
17.7242
16.6469
19.7164
19.3121
20.3967
20.2983
21.1123
18.4708
18.6452
24.4766
34.0051
31.4664
19.8421
41.4012
38.55
43.3723
49.4051
30.5896
32.5912
32.2514
35.9586
40.4812
41.2972
21.0369
26.3724
25.667
23.9137
20.5446
20.1858
21.0976
24.931
21.521
19.5188
20.7819
23.2815
19.6788
23.6257
23.1236
21.075
23.1721
23.2901
25.2124
22.2891
26.2722
27.0952
22.3368
24.1492
25.2866
26.1217
22.778
24.3237
25.5899
21.2345
37.9586
34.6131
35.6495
21.7228
22.3046
19.2687
18.0831
24.2555
54.917
36.4356
37.0627
37.2366
20.2886
20.0593
19.8704
19.0955
20.8257
21.8786
23.184
18.98
20.0113
27.843
24.2165
25.1348
16.3453
23.3297
27.5451
18.2255
20.241
18.0399
21.2492
24.3888
24.2318
26.6229
23.1031
22.6763
22.9566
22.1924
24.0021
24.7881
19.7103
22.9017
20.4387
21.7474
18.4532
16.5013
17.8411
18.9553
19.5906
20.2632
20.5676
20.615
20.3682
19.9291
16.6242
18.1175
17.6089
19.334
17.0109
19.5139
20.0359
20.045
22.0876
28.4718
27.3975
25.5458
23.6033
24.5675
25.7254
31.1872
28.4615
22.7211
22.0261
23.658
20.1441
24.9073
23.4217
20.6038
20.4505
61.4853
49.4385
64.0583
52.7002
48.749
43.6109
18.0695
18.2172
17.7006
15.5274
16.3782
15.8275
16.0551
14.6373
16.6163
14.6205
16.1269
15.8854
17.8409
22.6846
17.8781
22.3322
19.1981
16.8748
18.4963
45.5964
38.4
38.7051
44.3474
51.9974
26.5484
29.1356
39.4898
43.2878
32.7344
37.3961
49.0069
37.6507
29.3224
31.2707
38.3536
31.8235
48.0932
34.7027
35.7945
44.1227
26.2609
50.6823
27.3492
16.8686
16.7745
9.91834
13.3019
18.0525
12.2085
16.8984
18.1543
20.0452
20.6508
19.338
15.4343
20.8557
17.5002
19.303
28.9409
29.8796
178.351
26.5629
125.143
167.148
65.3613
189.567
153.461
156.149
172.617
302.04
193.62
258.214
183.554
218.911
280.366
87.7873
120.839
168.148
169.691
213.357
132.241
198.947
31.6488
35.2121
152.746
205.665
162.427
177.643
178.612
262.557
213.896
149.695
197.08
136.488
86.8713
172.41
177.598
197.676
227.096
277.515
177.452
212.293
61.8075
214.556
201.068
184.35
136.76
188.933
131.444
191.402
137.385
92.9806
177.218
153.692
143.06
140.745
50.7978
246.66
33.0673
176.66
173.861
123.727
208.834
127.385
157.006
129.963
162.579
139.324
165.459
158.242
153.841
101.867
173.018
200.535
182.124
209.638
201.828
156.806
239.867
211.603
148.525
281.471
306.817
135.032
200.334
172.822
173.56
146.817
208.153
211.297
194.761
254.085
358.773
242.461
151.706
222.021
407.517
283.453
246.512
197.543
454.613
379.922
262.95
357.396
343.796
336.152
324.453
224.84
359.671
346.403
302.815
245.341
330.048
302.367
213.381
327.117
235.116
270.598
271.446
283.69
249.557
167.381
191.491
223.175
220.526
137.302
194.164
340.877
373.403
309.352
337.058
373.994
256.188
324.142
266.102
164.142
226.459
222.302
149.751
130.335
193.056
214.027
61.2121
166.22
236.787
158.139
203.636
135.628
214.181
273.445
288.39
246.642
142.292
193.29
153.542
233.711
189.967
218.01
132.943
247.811
242.506
217.084
110.453
34.1925
150.901
186.095
180.095
155.192
164.638
180.75
185.31
262.972
276.903
261.509
218.253
121.685
183.086
171.203
221.908
163.35
235.038
75.1568
160.307
166.038
157.953
199.783
225.174
294.213
270.088
166.35
70.4275
168.221
146.96
164.779
182.884
234.242
203.829
230.986
173.893
183.766
211.262
241.493
244.109
175.47
167.535
223.043
222.628
370.232
210.85
204.574
125.506
156.973
156.988
189.138
184.531
198.034
167.747
182.424
351.243
187.423
242.586
286.061
195.523
252.852
342.664
341.268
306.169
280.826
254.158
251.946
297.534
296.171
256.199
206.009
270.032
232.53
266.272
166.029
188.143
352.645
237.097
160.04
239.439
284.345
268.274
199.753
403.394
89.8197
180.11
178.814
179.806
252.669
252.065
198.352
243.768
226.317
209.836
322.858
279.61
222.169
120.995
85.907
223.693
196.17
207.415
265.985
194.187
184.647
334.794
105.781
305.175
170.348
204.886
254.513
231.785
333.683
223.213
267.251
179.735
243.289
185.84
267.052
323.1
236.704
157.407
339.174
210.595
417.967
242.987
198.086
269.633
240.548
218.152
256.763
295.554
262.534
187.943
184.431
281.462
177.239
214.824
148.021
253.202
279.939
202.099
264.143
259.206
189.568
239.839
205.392
142.726
308.652
146.879
225.763
182.184
270.596
109.953
288.165
322.034
260.623
235.108
14.6601
25.7274
18.4345
18.6312
22.4583
21.8686
14.2604
15.8463
15.21
22.4943
15.9261
19.4329
16.8482
19.5072
20.0396
27.7116
25.6419
29.1623
42.2922
18.7824
121.167
26.7043
21.9807
21.0387
31.4652
25.7268
18.6565
23.905
21.8374
30.7129
18.4993
20.6153
19.9888
27.1507
18.6646
31.2353
27.9316
12.6738
11.8762
12.989
14.9048
11.3112
11.9042
23.5369
14.3219
20.2817
12.0005
10.6678
18.1909
15.2158
14.8718
14.222
13.8744
12.0534
14.3196
16.2701
28.3696
28.1746
30.7026
28.2424
29.6252
33.1183
15.1027
13.6137
17.4314
15.9268
14.3669
13.7111
13.9394
14.9302
15.2385
16.257
14.1881
12.7434
15.6803
26.2023
13.8771
15.0371
14.5444
14.3855
18.216
14.2469
12.3758
20.095
12.1071
16.5299
17.5751
25.3877
34.6278
37.2267
45.5967
44.2733
41.3823
27.2551
31.0599
51.4442
39.8368
32.7232
44.3811
70.9411
36.0291
41.1472
32.0389
56.0875
27.0024
31.6368
33.3711
34.9094
38.7018
59.8214
67.5927
41.5008
34.5441
167.631
25.8699
25.749
29.1312
35.7674
33.0364
30.1043
51.1716
36.4246
49.1736
51.2726
42.7059
37.7593
46.8929
41.9462
110.675
72.5274
174.93
166.44
112.585
79.0741
96.5716
52.1556
66.664
50.714
127.389
181.923
19.4876
19.1638
22.7906
24.9837
28.4759
27.006
37.1597
31.0914
43.8954
34.272
32.5784
20.5565
13.8463
17.7089
16.3919
18.3704
19.7304
18.3091
14.0991
18.4168
16.0335
13.9344
14.9499
16.7075
16.1828
70.8722
47.4793
40.1996
63.558
56.1385
77.4119
103.634
73.3976
36.4384
59.3237
30.0619
40.4621
29.7659
33.7566
45.8269
45.9713
48.9237
22.102
23.2483
25.8521
22.4519
21.1315
20.8391
20.6572
23.0025
18.2236
17.8331
21.3168
18.632
15.0612
13.6071
13.7313
16.0043
16.3704
13.9605
12.9108
21.7691
17.9417
26.5657
39.7725
16.9179
27.0442
14.901
25.9563
14.1133
13.0729
13.4792
14.867
13.4226
13.8845
14.1186
22.6908
14.2636
14.4404
27.6914
26.2806
14.0699
14.3114
14.8415
14.4984
14.7317
13.7146
13.3782
14.2076
14.2789
14.4491
13.2583
14.6587
13.4476
12.8984
12.0933
13.6793
13.5178
11.6071
14.3702
13.4137
13.0502
11.6847
12.9752
13.6726
13.8638
11.7771
12.6773
12.8261
11.9428
12.574
12.0135
11.2949
12.0427
14.7697
28.6519
30.5883
23.641
28.5731
14.9471
13.6418
25.4399
19.279
19.2824
15.653
18.8936
17.7268
20.1061
24.971
27.1376
17.8823
18.7214
20.0683
21.8655
22.9591
22.6202
12.7328
20.2387
13.3328
13.9487
19.4495
15.1779
14.4924
31.3067
34.0812
17.0793
13.87
11.8879
13.566
12.8807
13.1955
13.0651
14.8054
13.2697
15.2271
13.6075
12.1675
12.4702
12.5147
12.3644
13.0665
13.3236
13.3904
14.3578
43.0705
75.0428
56.1324
33.3585
66.7451
52.7135
125.155
34.2941
31.4245
35.9309
46.7503
22.0193
33.3625
45.9671
39.8715
39.0194
15.9736
36.5801
26.8433
37.6521
27.5885
32.1581
37.3056
33.3758
27.0298
29.3306
26.9224
31.3707
158.787
93.4009
159.403
108.85
93.5766
241.743
212.18
144.205
157.644
96.4535
107.097
115.314
109.14
121.194
135.137
141.318
95.5763
149.15
173.676
71.2404
89.8908
63.9129
19.8288
21.2477
17.8773
21.9772
17.3237
21.8183
19.4591
22.0673
46.284
93.8656
76.281
99.4965
106.009
47.0904
60.7948
80.4146
71.0956
16.9994
19.6863
15.374
20.0807
22.6561
15.5833
24.1502
15.1199
26.7355
23.0944
24.3012
18.3332
20.811
20.4711
30.8271
14.7009
17.1517
14.7854
18.69
16.4229
13.3063
12.1346
12.5519
11.5583
13.9314
18.1898
16.8478
15.9593
16.421
15.6353
17.0649
20.7067
19.6576
16.557
22.062
18.2821
20.8551
20.8179
58.3564
46.5839
67.9218
49.5495
127.599
60.534
58.877
39.0296
75.4808
59.8528
158.644
75.8492
88.3948
18.5763
20.5088
21.8437
25.6481
20.6713
26.6218
26.1433
26.6633
46.4105
51.6294
84.5982
111.293
123.576
58.2612
146.024
132.593
62.4734
84.8402
53.6873
49.3252
91.3651
76.884
30.3508
34.76
44.3861
48.0891
58.6804
36.0161
58.8992
54.2483
43.3064
47.6541
66.2637
63.2493
68.609
108.628
104.845
99.2249
68.1486
70.0834
121.718
95.0304
176.559
246.118
99.9413
182.964
172.551
163.967
48.2605
57.5404
62.0892
43.8893
55.512
51.6515
47.6289
116.884
113.565
147.293
97.1444
91.8278
84.5808
204.051
93.6368
94.5157
139.466
153.886
169.007
106.154
78.379
99.1619
101.49
74.6236
90.0224
86.0743
71.2849
18.6502
22.9987
21.6534
24.5455
28.0796
22.6979
27.1489
22.5634
20.1937
24.0175
26.9693
25.7031
22.3343
51.8725
107.504
120.147
114.736
88.8128
116.809
145.105
129.569
98.9727
44.6254
68.4644
41.0356
51.9267
75.8595
61.0562
80.8993
78.4809
36.5046
82.7826
82.4048
110.807
95.6064
61.8328
124.285
96.4346
155.742
94.9536
62.4555
67.5692
116.121
53.791
87.3943
71.0028
155.565
137.33
60.9192
66.1448
54.5485
50.9968
44.7381
59.4852
60.336
50.2476
67.7447
107.733
177.68
96.6344
179.485
73.9457
96.8935
73.4392
65.9055
110.1
128.765
141.211
115.553
76.5547
86.5061
104.94
123.723
111.752
139.026
150.819
173.66
80.9688
174.194
115.184
84.7837
183.453
121.065
185.483
133.54
182.292
145.92
135.207
153.165
119.59
115.013
69.7016
116.463
102.078
89.2541
85.8276
87.7284
102.568
98.8237
104.711
110.96
119.269
186.528
123.031
142.797
138.695
142.273
92.5317
73.8992
50.8445
117.301
122.624
125.427
130.555
177.709
264.084
206.558
319.873
104.448
151.746
122.597
161.449
111.002
180.661
184.879
155.373
170.781
201.756
208.487
138.039
143.738
231.759
247.65
311.534
221.871
310.95
262.852
227.364
300.797
269.53
224.509
199.033
140.824
127.348
141.048
178.599
120.286
82.3192
180.041
230.601
260.908
60.8561
109.283
147.62
129.587
77.6896
128.397
59.7899
107.769
152.493
155.054
171.547
182.967
189.569
216.324
97.7608
101.255
79.696
95.8938
146.16
161.112
137.44
144.368
96.2894
113.036
96.6597
193.24
164.781
91.7416
130.519
193.468
296.312
249.349
181.882
276.608
286.87
159.88
169.661
172.048
73.4944
64.8631
100.969
106.985
92.429
78.5979
97.4227
126.215
134.722
108.779
87.8339
136.192
93.6055
109.042
115.644
157.6
104.817
125.07
97.0275
140.674
143.333
222.749
202.664
262.582
244.982
81.4974
40.5202
44.5868
41.8392
31.9691
35.6001
34.4976
36.015
40.1765
49.4431
221.332
235.524
230.277
292.759
224.788
228.511
256.813
198.333
199.268
163.329
96.3586
210.526
107.614
97.9129
165.487
156.396
191.569
235.643
150.221
117.454
133.304
145.368
155.636
98.2482
16.0833
14.7861
15.56
18.5397
26.134
22.0694
15.7788
15.7249
17.3937
130.227
219.262
228.965
228.447
207.247
266.379
289.006
217.477
112.244
110.872
173.213
219.865
198.216
118.892
342.519
549.431
155.732
165.581
181.777
116.696
140.302
274.417
177.91
172.561
146.585
203.44
111.383
279.669
179.152
140.833
227.139
193.296
204.748
253.498
294.947
46.4255
41.6489
59.8465
50.9048
30.346
38.9628
30.7637
47.8927
35.4631
72.9408
100.428
59.9002
68.8331
294.997
219.974
208.543
176.509
73.7828
162.424
147.162
249.149
218.512
199.837
166.236
78.8177
56.8788
44.7361
69.8731
49.0306
63.9914
62.6424
128.113
40.9707
134.296
108.278
151.627
86.0767
185.926
253.454
197.437
248.208
155.081
338.927
70.9079
102.492
79.331
118.709
91.2981
59.2145
65.4123
75.104
83.8776
76.4589
64.8398
85.7716
59.5076
288.478
143.512
231.249
273.263
156.107
174.147
195.915
239.235
279.575
194.078
198.087
145.819
230.344
222.876
231.167
254.643
147.772
266.439
213.151
196.565
136.861
13.9009
14.2619
14.3671
14.9208
14.6006
16.0224
15.3333
15.6005
13.7788
13.7047
14.7098
12.8039
12.2566
210.946
301.681
154.457
121.959
179.186
150.56
155.22
103.616
214.446
257.459
219.716
307.979
230.501
203.636
260.1
116.382
247.841
252.873
204.653
175.136
200.734
167.026
189.686
168.562
107.901
201.323
166.212
111.706
161.709
132.761
110.462
177.717
132.54
214.531
131.634
20.0364
21.1848
20.1529
18.577
20.725
237.023
216.396
164.653
114.412
197.811
225.981
161.586
168.385
193.421
181.071
130.477
230.741
270.755
219.784
233.504
184.686
361.304
219.468
324.121
321.36
335.168
269.09
284.181
279.914
218.709
237.422
246.877
287.786
296.44
254.865
463.415
308.495
327.968
370.964
286.133
375.19
326.092
286.516
234.643
346.98
207.442
189.401
166.308
216.641
200.266
165.732
172.671
242.166
253.961
235.882
284.617
272.324
321.44
234.507
270.077
263.303
93.802
55.1122
46.1211
102.003
57.74
87.0529
85.0965
70.17
334.367
118.661
290.252
247.457
165.577
98.9344
201.269
179.018
193.807
190.324
225.343
86.5851
92.6911
155.574
122.338
153.875
186.69
213.766
149.445
183.713
252.497
219.281
202.389
186.013
170.853
264.423
249.185
144.11
173.215
191.813
279.671
290.22
229.418
267.734
212.479
316.175
200.439
112.879
181.978
169.17
186.415
130.732
189.792
148.864
115.405
181.344
132.823
64.2067
186.729
150.676
219.564
345.207
141.829
170.405
263.189
201.764
222.342
110.383
137.31
130.233
114.475
140.17
138.12
156.37
147.097
170.8
136.795
126.375
120.369
140.191
103.598
148.423
158.572
126.634
116.13
152.962
144.401
132.255
278.501
344.907
217.918
360.861
311.069
226.367
218.944
226.319
202.106
142.654
206.796
131.735
145.514
188.621
212.408
181.352
143.761
50.6656
67.1112
86.657
53.0338
64.0414
40.3402
173.679
155.148
108.823
118.505
126.448
101.572
116.049
233.782
170.311
239.414
278.915
197.928
143.848
220.85
197.001
114.969
122.448
203.562
148.704
249.748
232.11
178.586
166.87
219.405
208.676
161.185
155.324
192.221
181.962
239.873
229.298
240.024
217.259
245.75
246.85
171.746
208.928
281.658
340.55
210.629
176.342
131.347
243.607
141.1
171.706
226.75
233.709
130.703
146.137
229.16
186.547
175.939
170.94
222.359
186.755
149.663
189.224
26.6073
27.5868
44.7529
41.6977
31.2754
31.0617
26.1411
23.6513
22.9241
29.7601
23.2423
24.2096
19.6623
38.3548
28.1936
27.168
40.9868
43.1489
137.776
146.364
159.728
90.285
220.481
231.954
12.9055
20.0665
14.7224
15.3882
13.8292
27.1619
26.8058
21.8694
15.1095
13.1788
12.5763
13.383
17.2326
17.0539
27.331
20.2925
20.275
30.038
23.828
19.9387
40.5968
43.0636
29.8616
40.5267
34.4736
30.694
41.5705
28.0404
25.4582
30.0424
24.743
31.426
26.145
27.8628
30.7144
32.1815
14.4596
16.9814
16.1536
16.6327
12.9091
13.8133
15.1611
14.1898
14.4244
13.9922
13.34
12.3307
13.9824
13.8344
12.6548
13.3112
13.7834
12.7579
11.6832
13.7432
25.4509
14.7622
19.1863
27.9367
26.6987
10.6269
17.3427
17.1328
16.7095
12.7397
19.4808
64.0494
68.2935
55.6921
61.5718
46.8635
46.8533
44.2713
12.5482
13.1761
12.7835
13.1521
12.0059
13.0833
15.2788
14.3608
16.2355
15.9875
16.2383
12.8043
14.4362
12.693
24.5025
14.0973
14.8072
26.7159
16.9096
19.1784
24.2308
18.7717
19.1567
20.6702
19.582
19.1616
16.4663
16.5715
20.0879
22.9408
129.014
106.694
73.6213
89.6467
78.746
66.4297
182.949
172.519
85.6644
60.3957
100.293
90.4964
151.204
143.307
172.328
152.663
172.74
163.392
190.151
227.784
194.908
130.557
282.381
247.264
207.796
184.548
174.669
155.991
206.061
42.1652
39.7902
41.8955
62.3534
39.9346
75.7382
52.6488
48.1101
76.8738
49.738
76.3487
102.808
111.924
121.713
152.582
34.5184
28.6336
29.3405
31.6793
26.3945
37.3989
36.5981
20.3676
17.7411
19.1412
20.0756
21.3049
18.9979
25.0797
22.5842
24.7232
23.4993
19.0567
20.1395
20.1563
20.5856
23.3402
27.4097
23.7737
19.3403
29.8609
23.6139
20.9531
20.3397
20.9963
20.5351
19.9275
239.058
233.868
215.708
191.128
266.122
247.85
214.985
170.089
202.112
122.772
126.265
137.031
125.178
45.4905
155.346
177.92
136.301
154.612
235.327
324.446
212.908
192.801
202.731
222.791
216.825
175.082
182.942
210.911
196.43
264.473
275.584
300.846
305.863
211.744
23.5185
29.0484
24.8696
33.4857
32.8747
29.4574
32.0085
29.7098
139.457
91.8955
79.5848
81.6713
125.101
116.047
256.248
306.398
218.678
191.083
210.899
208.294
243.131
225.167
153.168
252.777
238.224
272.321
227.219
108.891
217.063
139.297
338.232
250.945
4.57494
4.53404
4.21819
23.1878
3.72104
43.997
24.2177
45.2447
50.6874
54.1166
44.1789
31.6346
43.6651
46.8277
34.7151
27.486
4.68822
5.27454
4.09241
8.73121
43.3938
17.0852
41.0231
28.8453
32.9657
4.83082
3.43744
34.165
40.8026
33.816
32.099
46.8997
40.4135
44.0637
28.6423
46.0811
8.30731
3.54499
47.7596
48.9877
6.30189
38.2507
27.0328
47.1725
27.3194
42.6701
8.92434
64.7288
41.583
29.9293
11.0939
35.6089
28.1395
28.8008
29.4273
28.9625
11.9392
37.1006
33.9866
29.2007
32.7004
6.47258
43.0243
44.679
6.36029
48.9726
39.6313
11.155
19.395
19.1863
3.87119
45.4795
39.6479
31.3834
35.121
6.27014
37.4825
28.4774
31.4325
23.2038
24.9646
5.84892
27.8072
24.9033
18.785
23.8865
15.8897
17.662
15.5984
24.2568
24.4177
22.0178
22.6751
22.4545
19.8447
18.0229
12.6732
24.3652
13.8744
23.1441
15.8464
12.7709
33.8143
34.0406
30.0153
40.5485
32.0234
29.6695
30.088
32.5876
6.43124
9.36998
31.1183
46.1965
31.6484
36.5924
32.287
28.0858
19.5786
47.5616
31.4668
27.2855
15.5162
25.4314
14.4674
15.5859
16.3465
16.549
15.3129
23.4785
27.5958
23.6161
19.9886
21.9569
43.0138
47.689
44.8736
42.1334
42.7361
50.1378
42.3836
235.636
196.742
265.684
178.397
181.515
163.417
266.785
278.789
215.143
187.248
72.8887
84.6471
85.8125
66.878
54.0147
727.685
706.65
346.203
357.953
45.6844
47.115
46.3486
79.2109
67.0458
51.3222
31.3154
24.1397
31.8063
22.5296
24.4737
22.9026
20.9536
22.5821
36.9565
24.0879
25.7531
37.5525
22.2252
23.7099
35.5561
33.462
54.7862
32.9503
36.5272
35.3783
24.2682
36.0161
196.232
148.226
253.052
196.481
163.51
155.488
146.66
89.4676
84.0096
77.7205
93.2062
67.2863
74.916
82.0581
87.8885
28.6496
10.1133
34.7647
41.0408
41.7805
27.0165
29.1374
15.261
31.2292
34.1873
27.3591
46.1376
35.7786
30.0353
33.8437
23.6093
30.1711
41.7529
16.6197
29.0355
35.2231
27.3855
36.0559
35.8535
31.6589
21.0026
28.6558
7.62855
27.2762
15.8659
49.5677
28.9463
18.6764
15.5268
32.8073
30.8662
29.6349
27.5151
22.0951
40.5174
34.9526
34.3219
13.7651
37.4994
37.7891
27.5132
27.35
16.1531
16.5937
29.5686
40.2476
23.9112
21.3096
21.9621
22.221
23.5213
28.5531
27.9477
28.6217
29.6932
25.933
20.6905
57.1035
22.8786
30.7043
24.7435
22.2055
33.7718
21.8885
20.5105
32.232
21.1136
54.0255
55.814
181.671
59.2556
50.2042
172.675
177.295
163.936
70.4069
45.872
58.8849
58.3011
78.6101
42.4383
48.5183
135.776
95.7087
102.403
62.2189
174.13
164.143
165.937
163.97
154.847
61.6483
127.629
89.7056
96.0358
124.29
193.333
115.502
166.827
173.337
110.031
149.516
188.568
22.4681
20.7116
18.6193
27.7519
118.282
99.4787
133.095
255.89
201.19
192.534
142.492
299.935
248.342
342.379
196.757
207.181
113.928
299.937
200.487
216.036
127.516
201.707
27.8929
30.7981
21.7702
16.2197
17.3955
19.8436
148.716
166.846
161.715
183.173
115.089
167.172
189.384
66.4055
38.7281
68.522
184.253
125.311
145.634
172.787
112.261
153.146
40.4589
47.7147
135.039
143.569
192.341
134.016
132.648
110.222
95.6045
9.78428
15.5635
23.1483
10.9553
16.2439
21.935
26.2604
18.9449
11.4967
10.6463
8.32056
10.2199
13.6717
7.56246
149.497
142.453
168.88
99.2764
132.27
154.73
125.821
153.692
87.6243
150.311
76.4629
38.0052
62.0699
62.8536
41.5506
168.511
96.8546
84.4351
181.833
40.336
84.1141
100.818
139.854
114.92
141.019
156.013
151.331
143.972
131.539
53.9351
44.0493
66.2745
89.8998
66.104
58.0193
114.313
30.4442
24.1174
27.4577
30.1804
38.8578
40.9489
146.669
81.0301
111.092
65.8168
88.9014
134.485
115.531
206.817
120.988
70.2541
145.784
177.252
108.439
160.866
203.018
126.749
64.1332
52.09
192.29
193.417
114.645
86.7738
142.573
97.7153
137.938
35.5105
51.0207
125.426
45.4436
77.8256
44.1853
31.7977
36.9344
24.3535
21.3795
20.6667
42.4285
39.4395
105.235
113.341
177.678
142.839
207.084
145.377
111.664
164.057
125.79
150.487
191.314
171.167
186.845
87.8054
175.437
240.928
140.439
249.29
289.234
284.478
250.306
152.776
222.932
249.957
153.443
160.447
201.242
90.2786
215.914
193.371
99.8354
109.544
156.917
266.193
248.25
236.484
210.556
191.696
226.455
227.142
188.93
213.509
287.37
290.453
269.851
15.1393
13.2051
16.0983
18.6539
16.9048
17.384
13.3277
15.0956
17.0935
19.6599
17.4928
22.3028
14.5246
15.4181
17.2265
24.9905
26.7481
28.6749
23.552
21.248
16.4653
16.9815
15.4531
15.9582
16.8344
17.4797
15.3222
13.5186
14.58
17.3882
14.7017
16.3532
46.0892
45.0772
15.3484
18.926
28.6277
25.199
24.8326
26.889
28.9212
29.3817
35.8508
28.5934
35.359
58.4598
32.2105
24.9786
26.093
30.6463
25.0492
25.2245
28.4713
18.8242
22.586
22.2406
21.4571
25.9844
22.5117
25.3574
27.867
24.5503
21.5292
145.351
15.7254
40.2159
17.1401
14.0799
18.4736
18.0319
21.9659
13.1286
30.2526
11.1562
44.3384
32.7958
33.3592
39.2762
32.4423
48.4211
25.0786
29.8169
29.6632
24.238
27.0721
21.5247
69.934
118.468
25.3649
27.7401
23.0464
25.586
44.2313
30.8741
27.7373
28.114
22.509
33.8976
23.6504
26.2235
29.6347
18.72
24.4905
19.8517
20.2475
14.8722
21.6543
15.7662
20.3075
28.5714
24.6677
22.1773
20.9343
17.8133
32.9066
29.4806
27.963
30.8483
20.9108
26.8231
32.0538
40.7329
28.8126
44.61
31.6016
25.5237
24.8528
20.4459
21.1726
27.0837
27.3389
28.6504
16.7383
16.0603
13.5202
20.6406
17.6351
22.2365
14.1456
12.7938
11.8092
11.4861
12.4402
11.237
12.3273
12.4572
11.0146
10.6933
11.307
12.6596
12.7888
12.6984
11.5448
12.6849
11.3712
12.1093
11.6744
13.2725
12.2593
14.0294
11.4521
11.4599
10.7419
12.1288
11.4854
10.7564
126.272
15.0271
14.0888
11.9211
12.399
12.516
14.828
15.3389
15.459
16.1098
10.4627
9.21031
6.75372
4.41424
14.4276
12.6049
9.72443
3.01644
3.46034
3.69359
3.57115
3.14589
2.78058
3.23327
94.1983
64.6715
145.581
149.595
114.102
88.3916
116.179
48.8617
153.84
175.666
120.162
197.346
208.842
208.434
197.045
129.123
230.825
179.739
115.079
231.566
78.1219
156.813
138.567
100.031
98.4052
73.1242
91.6435
78.7939
138.604
119.582
54.7207
77.4691
77.4077
96.4089
64.1673
52.0119
58.691
65.727
70.919
97.458
76.524
161.246
77.8325
180.181
180.871
149.794
131.368
79.5645
90.8192
117.791
63.405
49.0539
90.1055
23.4889
20.6053
50.5179
24.1636
30.8777
80.5571
100.643
109.119
123.705
162.335
164.763
177.454
156.528
19.8812
22.2939
34.3877
32.7844
20.6737
18.9422
22.2439
18.6226
20.0037
18.6167
28.7511
24.0571
29.2983
25.2232
20.9895
32.5941
20.205
23.5588
31.7002
27.2014
12.4336
11.5023
11.1111
12.3748
11.4772
12.1956
29.0133
35.19
81.5192
79.2679
36.7482
36.251
65.7531
57.2676
52.2935
90.6049
14.1158
13.1388
15.8608
15.7346
13.1778
14.9917
2.55934
2.56099
2.55222
2.61559
2.6086
2.85145
2.86881
10.5886
3.33382
12.1008
3.29331
3.07432
2.7701
2.6646
3.07645
2.67562
2.80481
2.62137
3.0308
47.1067
49.0898
53.442
68.6581
64.916
33.1131
51.6436
28.0291
75.886
58.7743
55.4749
47.2846
16.6115
13.56
15.2091
15.1284
15.9459
16.6264
15.9994
14.5898
13.2771
230.281
306.009
329.814
177.017
161.897
87.1708
133.446
204.702
136.613
204.999
143.048
18.3376
20.166
21.8848
27.6915
44.4584
24.4019
4.66169
34.7508
19.0644
18.6751
19.7771
16.7403
17.2991
53.1839
44.3274
76.0864
95.4208
84.7881
67.8324
105.155
41.2747
169.994
179.779
233.083
163.02
166.666
57.2817
33.6966
58.0738
47.34
29.6423
44.7605
29.885
183.595
155.532
21.7267
22.0134
22.3727
20.6983
20.9974
23.2679
19.8233
16.9339
35.0359
18.4913
2.8001
10.736
3.31426
29.656
38.1262
33.2935
20.2498
52.4298
51.1518
2.85667
9.77641
12.8148
3.09092
7.32638
6.72237
3.69279
8.9808
8.10783
23.8743
25.6964
32.2233
26.6534
20.0868
54.005
110.475
126.489
32.8456
50.4106
55.6162
14.6835
12.7882
17.1813
24.6996
16.2332
11.7485
16.6011
19.7995
12.5556
55.7998
43.4746
73.9164
86.2596
97.79
80.3518
127.405
76.1521
7.63906
12.49
11.3272
14.0824
11.9574
10.5514
10.032
9.88728
31.0235
24.2708
35.4334
24.8953
30.318
39.6649
25.8148
49.4967
20.6477
18.3491
21.8211
19.1876
18.1172
20.4993
24.4133
19.3738
21.1263
25.1645
17.3433
178.764
152.767
134.309
140.611
124.331
180.828
136.221
145.007
159.995
130.896
83.8558
89.4841
49.0294
137.943
64.7006
236.884
236.154
276.037
249.655
260.967
231.107
106.866
46.6892
60.0368
61.5128
109.98
94.1136
55.84
139.725
118.106
64.2817
43.6586
46.8438
61.1722
53.8131
60.0562
44.567
45.1308
100.929
81.0929
48.0777
115.956
50.8729
70.9364
58.8468
61.6298
106.579
115.234
144.062
107.043
109.172
140.343
122.47
165.562
132.667
154.79
71.1707
181.447
104.919
87.286
135.62
74.4749
146.102
133.881
41.8063
43.4675
70.1461
109.903
61.6206
59.8406
60.8601
128.107
118.106
123.916
139.59
108.444
143.052
153.081
22.4822
17.7072
22.7514
17.8345
20.1618
20.9468
16.7321
26.6327
175.925
151.615
142.547
117.044
142.335
158.906
155.302
87.7392
119.235
205.889
183.395
189.659
140.696
264.477
150.531
188.255
164.192
205.644
243.876
164.06
106.554
137.264
162.107
111.373
88.8285
80.2146
81.2258
92.0812
98.1561
128.201
103.44
183.576
185.767
149.808
74.3461
98.9716
114.98
101.88
152.492
141.829
101.768
157.877
99.6848
95.8083
99.9242
146.675
166.537
63.7864
101.111
114.039
146.52
111.362
124.519
157.223
91.9922
94.8325
80.1007
104.12
135.609
119.878
111.127
70.6313
115.002
167.092
49.3831
34.5507
54.8737
61.3146
100.23
14.9744
19.9395
18.2875
20.2251
21.8981
29.4342
23.1341
73.2456
73.7136
140.377
115
141.31
107.727
122.705
95.5676
152.145
132.249
165.917
68.5427
56.3683
84.1611
124.079
78.598
152.538
115.202
132.007
38.2863
71.2262
58.754
26.4778
47.0971
43.7556
28.3432
44.5206
43.0985
44.3467
52.485
35.8946
79.2435
41.0857
41.4032
30.3643
32.7384
24.8167
24.6618
22.7037
25.9199
35.664
18.7221
15.3435
91.2922
75.0763
48.1403
67.054
45.3678
66.7346
11.8424
24.762
18.763
29.0949
31.2166
129.954
115.332
184.958
155.309
177.629
213.603
173.217
137.274
49.1313
75.8963
81.0456
72.4772
111.864
113.591
87.2776
133.203
102.103
87.1795
125.599
17.6164
15.6014
20.6041
20.564
19.6089
23.8227
50.5238
82.9065
47.6688
90.139
31.7194
30.751
49.459
12.8583
14.3415
17.28
16.3409
17.185
15.1353
21.4804
20.9428
27.0523
16.5804
15.0422
28.1524
26.7315
18.1951
14.9237
14.1198
13.3167
12.6864
12.1356
15.1667
14.819
12.0071
12.4162
12.7371
12.388
11.5814
16.3672
13.4996
11.2318
12.1753
11.2858
14.3102
10.8831
11.4953
13.8974
19.8183
16.1009
15.293
15.3745
15.6849
17.0109
26.5882
16.0455
16.0099
16.2541
13.8299
15.462
14.6809
16.6052
16.2423
16.9927
12.8513
14.4072
13.8535
14.426
14.7901
13.9731
13.9846
15.0262
42.1548
27.2555
47.9867
39.7678
78.2897
59.0638
79.5596
97.8253
70.8274
78.5472
63.1346
66.7833
46.7735
52.7712
56.1753
53.5572
58.2358
76.316
108.857
80.7396
100.576
143.194
140.761
115.032
96.3928
51.367
67.523
89.3195
79.7492
60.891
68.2856
109.583
106.297
129.64
94.832
168.922
165.755
149.987
109.527
136.405
126.525
91.8169
60.9819
102.506
25.8904
36.5504
40.3406
41.2247
37.1828
51.007
61.7487
15.4617
12.452
14.8172
12.1255
15.1102
15.6036
12.7364
12.5392
11.4522
11.784
15.5889
19.565
17.3721
17.0512
13.9096
15.3099
22.3853
45.0706
21.5509
35.4801
21.7879
24.1752
30.5676
28.2953
20.7509
29.0704
29.306
36.1262
15.1143
25.3685
22.7487
21.2062
22.2363
13.7311
13.7849
13.6539
13.7058
13.0904
13.2126
12.3076
14.4974
14.6497
13.6534
24.9524
17.7619
21.4581
16.0068
22.847
24.7187
17.5457
16.5486
18.9134
24.4541
24.6281
17.9815
15.0312
13.5664
19.3394
18.5239
20.44
108.171
148.61
148.03
174.227
137.904
145.948
198.035
278.385
211.306
136.446
240.858
189.789
122.342
170.659
158.899
153.898
168.297
108.07
155.048
126.261
144.077
152.472
110.669
131.376
140.676
115.312
99.2464
94.7794
126.864
157.31
112.147
87.6942
121.201
99.824
152.091
151.765
134.964
73.7136
170.972
84.1512
131.186
143.894
163.317
144.132
169.178
135.756
145.55
151.458
112.737
72.4799
127.653
141.258
155.924
121.842
162.275
140.145
132.828
123.13
174.175
97.6928
105.931
82.6785
69.6976
140.934
117.677
46.0307
49.46
110.517
125.8
106.234
44.5393
162.83
160.072
103.45
141.256
128.066
129.635
179.665
105.967
123.738
96.4635
142.86
126.311
80.7215
177.299
201.315
168.883
135.866
200.015
233.327
30.1095
36.0102
198.051
156.95
175.115
214.465
210.027
109.733
115.107
131.687
140.845
121.4
108.405
109.504
104.95
24.1895
100.812
134.915
21.823
72.1828
102.526
108.719
31.6004
88.0105
107.841
93.761
108.961
120.314
118.475
109.147
114.815
146.054
142.822
128.446
64.4862
111.325
36.0578
111.134
29.0105
96.2907
120.197
53.8746
137.345
164.474
125.338
156.507
186.862
121.867
131.952
116.292
128.64
134.582
118.38
61.6489
129.87
108.668
145.79
170.022
139.544
192.755
212.886
166.763
233.971
108.918
95.6117
95.5529
75.715
133.171
124.243
118.864
154.55
172.469
130.377
103.608
119.405
115.32
87.3236
71.7322
42.446
87.4605
108.499
63.1699
92.2558
157.389
127.708
164.53
171.991
129.181
121.762
116.784
149.056
169.833
137.896
179.45
169.691
177.023
141.729
140.154
40.2037
32.5324
119.786
164.442
97.0694
114.292
15.1818
22.8027
20.3358
18.9637
12.3921
10.9779
27.0781
20.1391
11.5909
11.1049
32.2934
22.1506
39.7966
38.0865
19.6275
22.4054
22.376
20.7918
21.2765
21.1179
36.6741
21.5383
35.1895
40.6192
18.2465
34.3564
24.2572
42.8838
24.3779
37.078
18.8771
21.2681
23.5256
50.2131
40.3847
20.0422
37.9954
40.4025
43.1319
42.4935
17.5807
26.1257
10.4166
10.1746
10.2705
10.1221
12.3403
12.253
12.6493
10.0376
24.3668
26.419
38.543
27.6411
28.2891
29.0999
24.5032
26.4232
31.7496
38.3712
38.1675
22.0848
21.7496
23.4318
22.4291
22.9604
21.1066
21.646
29.4041
31.8228
41.0339
22.3142
41.3349
21.6983
20.3276
21.3078
20.0845
21.3507
21.3845
18.9791
18.9812
18.7166
21.7251
20.2271
24.7601
21.4136
21.5568
24.4173
25.1704
27.8295
28.4963
27.4762
22.7306
28.1439
26.8275
15.9014
12.3174
17.4428
17.2693
14.0485
15.3433
12.8749
15.7855
14.5295
11.5266
8.5955
10.0757
10.9651
8.5374
9.20793
8.62539
8.27053
8.38328
18.6956
15.5776
12.084
20.2382
22.8924
15.4901
22.4631
28.3198
30.3621
8.25413
10.9187
12.1969
11.4345
10.6285
14.4904
14.1617
13.2114
17.0558
16.3881
16.8101
14.1239
15.5209
10.248
8.10966
8.40864
7.67673
7.85257
11.8274
7.34734
7.97893
7.8121
8.12523
7.71627
7.71168
8.31312
8.24907
7.44005
14.386
16.372
13.2558
14.2816
18.2995
16.7193
17.1498
16.4088
16.5373
16.0012
16.8271
22.8614
34.4654
16.9238
23.774
23.4327
32.7018
21.803
40.8326
22.9875
22.43
20.8695
16.4808
14.2146
18.1806
22.2974
23.1064
27.62
23.6277
26.8778
27.3895
24.6445
27.0672
24.5874
24.8177
26.1831
26.5214
25.6226
26.3965
19.7124
24.416
16.4326
20.1169
20.1518
17.1748
15.4192
12.6988
13.8632
16.0317
16.9435
18.1853
14.5635
16.6749
17.0798
16.9787
17.9616
20.1369
17.7048
28.5427
28.877
23.5354
23.2796
22.2501
23.3819
24.2013
20.3543
33.524
32.3117
26.8929
23.9656
24.7333
27.779
26.6277
28.1993
19.6512
23.9432
25.1584
19.7282
19.3384
16.5838
19.0377
21.527
20.926
23.006
17.4087
23.9271
17.4225
18.0147
19.0988
16.9195
15.2181
17.4308
13.7322
18.4369
17.9074
19.0554
17.702
21.7153
22.9507
18.0587
19.4513
18.1685
19.6696
18.9639
20.9891
19.7904
20.1509
14.9577
18.1432
18.2377
23.1192
18.2229
18.3962
20.1406
24.1689
20.7477
20.11
18.9022
19.4118
23.0414
20.6117
20.0723
20.1785
22.849
20.1637
20.9055
18.8042
20.6107
18.3209
18.8403
17.2868
15.2393
18.8213
19.2193
16.8476
18.8311
19.6827
17.7529
19.5351
14.9794
18.8849
28.8073
25.9257
19.5783
22.7333
19.723
14.8252
20.3042
11.3481
18.1245
16.8839
11.8168
14.4834
159.809
142.271
132.713
124.866
135.999
93.4362
131.287
115.734
130.547
143.451
148.03
214.92
221.554
146.36
218.717
184.156
227.936
213.182
203.914
215.219
183.969
171.126
232.854
227.207
98.3076
109.944
146.849
133.371
125.743
48.3525
70.8756
43.8424
55.9489
84.2004
107.994
29.6079
26.7991
27.2949
37.1197
28.7545
24.8208
32.8616
33.3886
52.079
94.4798
52.9592
57.0106
38.2561
48.7513
128.382
41.7039
28.8636
25.2802
29.2496
37.6405
27.6155
24.1766
29.5426
30.1238
12.7988
15.7123
14.3605
14.35
11.8382
13.0809
16.8907
20.6948
19.6243
15.8075
15.4927
17.2691
19.6813
17.4549
26.3992
17.8048
23.8412
23.1095
23.4616
18.8272
26.7546
18.7395
19.3968
19.5807
25.736
20.3029
16.6632
19.4076
17.0459
32.3201
35.8619
39.2292
39.4087
43.259
37.9177
19.809
19.838
16.7836
19.1161
21.2256
15.2887
15.164
16.4617
14.412
26.6159
25.8564
22.6943
19.6696
22.2867
18.3117
14.4276
23.3619
12.9929
12.192
17.7138
14.8241
12.5255
13.5427
15.172
19.3865
16.4878
14.7029
16.0418
19.8597
17.9289
16.1803
17.0973
18.7991
17.3784
23.0511
17.2835
17.4122
19.6211
15.9532
16.047
15.7012
19.5832
22.2569
18.1696
27.9419
27.5852
34.3162
32.9571
20.8098
19.5835
22.4125
21.9992
27.0964
20.2782
19.8134
21.2998
22.5289
19.8445
23.3011
24.4875
20.3226
28.5581
21.4273
21.6003
19.6047
25.1459
20.852
20.0677
22.2108
27.5824
22.329
30.0729
21.0937
22.0683
18.985
22.5849
34.5446
33.7732
17.0684
30.8891
29.4281
27.0747
29.9606
21.1126
22.6539
23.2038
22.1036
21.8676
21.269
21.0646
32.7518
23.4794
22.7638
20.7573
20.2329
27.0484
18.6684
18.5731
21.3774
15.9816
21.5405
13.477
21.4091
22.9635
13.0086
14.6852
13.2196
12.6569
14.2028
14.9425
12.5933
14.0591
13.3856
13.2772
13.8403
12.5228
13.3221
12.4457
12.1221
13.3674
11.3818
39.8809
27.1128
38.0865
25.5984
26.1729
28.8813
23.7029
27.8949
27.4053
30.8444
27.3739
33.7485
25.9659
32.0236
21.9602
22.2516
20.6404
19.4744
19.0827
21.2857
19.4989
17.6751
15.9744
12.5135
12.1442
15.8383
12.4441
14.9113
16.2033
18.3095
18.0532
13.0409
21.2844
19.8895
24.4553
18.6186
27.2734
26.9178
17.696
14.7378
18.009
14.3409
16.6634
19.1201
14.1362
18.7794
19.2186
17.7017
18.197
18.6848
17.4509
19.4544
18.0389
20.1552
20.4428
26.2266
26.7057
25.1663
24.7576
25.344
28.5064
22.4598
25.9643
26.1113
19.7393
20.5721
21.2128
20.6793
26.2936
20.2288
21.0592
26.2301
31.4908
38.8033
40.9814
43.9646
31.434
18.3584
41.6813
44.4127
36.2317
33.1609
31.6548
25.2995
17.5787
17.2199
36.9612
44.2308
37.5797
45.6734
33.508
32.4638
33.2009
24.4413
17.3295
37.3075
40.9121
31.8984
41.0634
33.7174
32.4937
39.7542
35.5219
46.1882
21.5446
19.1236
17.6501
17.7522
20.923
22.3675
18.1294
18.3041
21.1766
19.1091
23.2027
23.701
19.4053
18.6103
21.2968
32.3454
32.5668
32.5083
31.8715
30.2764
19.7607
20.1955
15.154
39.4332
16.3684
29.6902
26.1633
18.3862
18.023
17.3368
16.8917
21.0681
18.9749
27.6876
26.0047
18.4779
24.3621
19.902
33.3476
23.8325
18.1651
35.9123
22.0912
25.9068
29.9392
35.6727
24.9732
30.8303
36.0802
31.7692
35.0135
28.1706
28.7104
14.9686
13.639
17.5534
12.2026
17.0537
17.1121
15.7887
12.4095
12.0449
13.8515
15.2268
14.4599
14.2144
14.8704
13.0134
11.8668
12.49
13.5438
11.6616
11.6547
12.0281
11.0299
11.7121
11.4767
11.5147
11.7238
13.0202
12.546
13.0384
13.2094
13.6039
15.9538
17.9831
15.9478
23.1719
18.2373
18.6436
18.0542
26.2855
25.0998
21.1926
18.4356
21.146
19.7119
20.5256
17.5428
17.1409
17.8815
24.4567
21.6177
23.7655
25.4122
18.1316
14.4556
29.2593
28.6928
24.1511
22.7414
20.7955
22.2778
20.4605
22.5894
23.0929
19.6175
22.934
19.2405
20.9768
20.3049
23.8619
24.2464
20.1968
21.153
20.762
21.3516
19.9242
20.624
33.7569
26.3835
21.309
20.8036
19.3486
20.4827
27.9489
24.7166
18.3012
22.7229
24.4795
25.2559
26.1105
29.6009
39.2686
30.1809
22.3061
23.2181
19.5447
20.074
20.4227
21.1025
20.4355
20.2096
19.4768
23.2746
20.8949
24.5862
20.8979
26.3444
12.8213
11.9931
17.9972
11.9923
10.9038
15.6334
10.907
12.9151
12.0742
11.2931
17.5981
12.3004
12.4537
12.8813
20.2698
22.1865
13.2538
26.5001
12.3256
23.2187
20.1121
27.6946
18.5912
23.4871
24.9587
22.8822
19.191
19.0979
24.7459
23.9796
18.7708
19.166
18.9421
20.7137
18.9418
23.5754
24.2249
23.7589
21.6333
23.7435
22.4059
13.078
14.8697
13.46
27.0858
15.3487
14.8765
27.2186
29.2312
37.9255
33.1097
30.3074
36.4275
29.2256
37.2474
40.8183
29.6144
40.4747
37.7389
15.4773
15.5935
17.1712
10.6684
16.6426
31.4838
30.9451
13.1784
13.1586
26.599
13.7077
42.354
30.0606
39.7332
31.4441
30.8557
30.0547
42.2792
36.2899
28.3532
33.4059
31.4815
27.1145
35.3999
26.6875
41.2554
26.8885
43.4967
39.6921
41.887
13.248
13.3544
33.0658
32.7992
31.9174
30.6705
29.3866
26.7485
29.483
40.4357
41.2415
43.8839
41.1872
16.2928
36.2848
40.5853
31.2886
23.3032
32.7281
38.1243
27.5004
31.3423
24.7532
24.6123
24.8138
17.8159
25.358
19.4345
24.1427
24.7438
17.9231
22.8064
25.8091
41.7369
36.1919
33.3226
27.1646
26.3099
30.0378
22.3396
22.2231
23.0953
22.7139
28.4574
27.1657
31.123
29.892
26.9519
21.971
33.7077
33.3629
23.3416
20.8358
28.68
31.1696
29.1986
32.3599
21.998
24.1814
19.9305
17.1682
21.8586
17.5088
17.815
21.9636
20.4366
15.0349
14.0863
15.2504
16.2444
16.8701
15.7194
13.7028
17.9177
18.5653
13.6211
13.9918
14.869
20.9265
13.2181
12.3857
14.6693
14.5468
13.4285
13.4343
14.5963
13.4601
12.3259
12.4008
11.6258
12.8838
11.1231
12.3089
13.8074
18.715
23.3047
19.3117
23.3562
29.4584
11.7776
12.5528
12.0931
12.4776
11.5889
11.479
13.1706
11.1457
11.7285
11.8326
12.2434
12.5733
11.4283
12.2537
11.5449
11.7299
11.5065
11.2076
41.8064
40.6375
31.1385
25.3708
20.682
43.5749
43.351
11.928
11.14
13.0194
12.9003
30.4192
31.5198
26.9617
31.8309
32.7809
28.4826
20.6417
24.2625
27.6767
27.2268
25.0409
28.4756
27.7174
24.2047
23.6051
25.3343
21.1788
27.9169
25.7974
27.0786
25.0315
24.23
19.8401
20.9711
24.3688
21.0762
25.0839
11.2338
12.2167
11.3718
11.3163
11.6383
11.5437
11.3892
11.5809
11.3243
11.4131
18.4589
14.7287
16.0965
16.1514
24.7494
25.1322
22.0712
19.6701
23.6511
24.5769
18.1487
37.0576
41.3714
41.9051
20.9723
39.4017
39.1563
38.4813
30.2862
41.2289
29.0838
38.416
22.2337
25.4285
31.375
36.6768
21.4844
22.7041
36.6154
41.0179
31.2026
39.8718
42.6126
43.9219
35.6411
41.845
11.9172
12.2637
12.5652
11.5799
11.6034
11.7867
10.8705
11.3328
10.9429
13.3115
11.6091
13.8363
14.8598
11.2475
12.6841
12.4327
11.109
11.5752
11.2194
11.8169
11.8794
12.4134
11.4388
12.0978
11.6778
11.3452
22.3657
19.1669
18.2898
18.1628
19.942
22.253
16.3701
17.2052
55.5264
65.6899
55.1831
41.059
86.537
67.1918
44.4096
91.3957
69.9997
50.3706
24.1772
24.0006
18.8884
20.1776
18.4238
26.7608
28.8169
27.6909
16.3303
17.7561
19.8673
15.5782
14.4523
27.8014
18.2611
30.1816
29.9929
20.6262
22.4357
26.6562
16.1344
20.8284
17.0127
12.7584
18.8846
12.8789
15.5017
16.5732
17.3226
15.1623
13.6379
11.7304
15.4613
12.883
17.0094
13.9987
13.3528
15.3929
15.6311
11.6098
9.42528
9.81597
7.71624
7.24684
14.7941
12.1116
17.9874
15.074
23.5222
17.8045
18.6087
18.7922
16.6822
16.8867
14.8524
18.9035
18.8881
18.2004
16.1073
14.8786
13.7015
16.6673
17.5928
14.9082
11.4035
13.6194
15.5292
17.3955
11.8347
11.7533
11.6358
10.9718
21.3733
19.1772
18.3396
14.6825
17.1359
13.8788
15.1114
17.1722
13.4047
12.7123
15.1008
12.9919
16.4212
11.8796
12.8926
12.5775
11.4113
14.004
14.0345
12.809
12.2435
14.1398
12.5701
13.0234
10.7466
14.2132
11.7469
12.1215
11.2084
12.639
10.9752
10.7661
11.3128
14.0731
11.8902
16.0964
13.2136
14.1923
12.2712
15.1845
11.3145
14.4017
15.4236
13.7583
12.1421
15.5865
11.0823
11.4846
11.5832
16.2153
11.5576
13.4842
14.7962
12.1039
11.0734
10.8816
11.1562
11.193
11.1882
11.4072
18.8836
19.2672
20.403
20.1519
22.7935
18.1399
24.8072
20.4058
17.5157
22.0888
22.6774
20.4064
20.6993
22.9837
7.57174
9.07963
7.98289
13.2045
10.7892
12.358
13.2916
13.0103
16.2791
15.5489
16.7274
16.2499
22.3323
29.8191
17.7733
19.7495
19.6118
16.9728
15.6983
15.8409
17.4573
14.9703
12.6316
13.3119
10.7176
8.22123
13.4275
10.6876
11.8379
11.4592
10.9964
17.4654
15.8162
13.933
13.6968
18.1879
17.3253
13.06
17.5024
17.488
13.6483
14.1656
16.3076
16.9883
11.0062
13.2956
13.6916
11.5219
14.6839
12.1909
13.9083
13.9682
12.834
15.0811
16.6508
13.9893
18.4881
16.6133
12.1217
12.1415
11.2632
13.3919
11.741
13.2841
12.6164
11.4158
12.2958
12.1712
12.3921
12.572
11.434
13.449
10.0105
13.2131
7.73759
7.74484
11.5809
12.2121
7.83921
8.40479
7.60352
12.0863
13.3081
11.1347
12.6627
14.0153
11.8993
10.7785
12.8599
13.4858
14.1875
9.31882
10.9913
10.9701
8.92918
11.2063
12.811
10.3093
10.711
11.8807
11.4968
11.5796
11.668
10.5099
11.3342
13.335
10.9006
9.74781
10.5629
11.5206
11.2475
11.4791
11.5319
15.9583
16.2718
15.4903
10.4006
12.467
11.2738
12.1099
10.8852
12.3585
12.4277
10.9006
12.0204
11.3695
11.4916
10.265
12.3588
15.1101
13.8564
11.3286
16.3265
14.9827
16.2713
16.4959
9.2175
11.4969
10.8021
11.5254
12.13
12.2838
12.7417
11.4948
9.45955
10.4858
11.6743
12.2333
10.6752
12.6677
9.9063
10.8529
10.8755
9.91972
13.0376
12.3535
12.0805
11.6877
12.952
13.3216
10.6865
10.5285
12.0173
12.01
13.0294
13.066
13.3518
13.4856
13.1724
10.1911
10.0586
10.4515
12.7256
13.6372
12.4199
13.4342
11.1638
11.4661
11.1995
10.5605
11.8671
11.6205
12.1343
11.4865
12.0807
12.9036
11.8184
9.15637
9.03131
9.81157
9.23633
10.1838
9.78815
12.4745
10.3585
9.66469
10.6954
12.7853
13.0511
12.249
12.7091
12.2224
10.0835
12.265
11.2823
9.87717
12.4193
11.892
13.0116
9.80679
12.2529
13.2925
12.0088
11.2595
11.7614
10.5924
11.052
10.4129
10.5119
11.4363
12.3246
11.1784
10.7533
11.584
8.83494
11.544
10.169
11.7832
11.8404
9.76659
11.0368
10.5679
10.6723
9.13606
11.0785
12.2075
12.9959
12.6483
11.2497
12.8011
10.021
12.5841
12.3824
10.6785
12.425
11.3996
12.3937
11.628
11.5377
12.5278
11.7681
12.9456
14.0285
12.7235
12.5514
11.104
13.8429
10.9689
10.2998
13.1984
10.6895
11.3186
11.4805
11.8374
10.6876
11.8133
11.8705
12.5157
12.2964
12.2956
11.2866
10.6073
10.053
10.978
11.4292
9.86631
12.9101
10.7431
13.5529
12.8812
12.7304
12.3759
13.2473
11.3128
10.5845
13.3219
12.2182
13.0342
11.0196
13.3442
14.5297
11.3855
11.3006
11.0522
12.3095
12.0257
10.6363
11.058
9.67292
11.7904
10.9344
11.2318
10.5505
10.3634
9.16518
11.9389
12.369
12.5122
13.4716
13.0975
11.6904
14.3426
13.4102
13.636
12.2856
11.8419
13.2085
10.3311
29.0043
15.6897
28.9092
30.5534
26.1008
24.8912
21.1968
42.2841
13.3898
28.0561
44.0317
44.2399
34.5889
14.4768
34.6355
24.1238
37.5508
37.4182
35.5541
36.4796
37.6622
31.2629
28.8873
26.5338
34.9714
27.9664
31.0758
34.7254
33.1742
15.0898
19.4362
18.899
16.2092
15.2935
16.7253
19.2386
16.7909
18.3235
43.7606
37.8485
42.0488
39.826
20.2381
17.8801
15.2121
15.473
15.0768
44.8787
40.1672
19.5086
21.6139
27.2014
23.1203
22.2511
30.5455
17.2311
21.8234
24.1545
18.1064
26.9702
32.3897
30.0189
29.1915
20.6728
35.6771
21.3462
41.4277
40.4408
42.6841
29.4131
38.0206
13.155
20.4596
23.5528
28.7035
30.366
29.2018
26.8343
27.3805
25.2643
24.8084
22.1981
12.6411
12.0054
11.8323
11.2597
12.8046
11.0289
12.5885
12.9787
13.8507
12.3817
13.1152
16.8019
18.1399
12.2776
12.6525
11.6917
15.455
21.6036
18.8735
10.4204
15.5978
12.763
14.195
11.471
14.202
13.1619
12.9423
13.6468
8.81021
8.4415
10.8902
12.4483
11.3254
10.3668
11.6599
10.3642
9.95436
11.1216
9.68148
8.76845
13.5974
19.6709
21.9319
13.9256
18.6462
17.5284
17.8008
14.8744
17.7033
17.439
15.8335
14.8551
13.7514
16.2681
17.8519
12.6008
13.7387
12.9655
11.5781
12.2512
12.6168
13.5732
16.0776
16.3013
15.0884
14.011
15.2243
14.5047
13.8479
16.0075
15.2494
16.2433
17.3453
17.0667
16.7356
16.1906
19.1296
19.3805
19.1204
20.0737
19.2237
22.4032
20.3507
22.2729
17.9399
15.2556
13.4955
17.598
16.1131
20.681
12.461
13.0875
21.1486
15.1637
19.3515
19.7085
21.718
23.4321
28.3911
27.4344
24.3416
22.4755
15.132
13.9833
13.1111
14.789
14.6389
10.6739
12.5274
12.1634
8.90554
11.8344
9.28855
22.0856
19.2639
19.4703
18.8965
20.9276
20.0605
19.7683
17.276
18.7921
19.1391
21.4508
19.9767
8.81142
9.23955
10.7715
10.6698
11.5506
11.1882
12.1932
10.6683
12.4919
9.17736
12.2
11.8079
12.3712
14.2332
12.038
12.2035
16.5564
15.4349
14.3816
11.3806
13.6647
13.8617
11.9483
11.8591
10.866
14.8286
12.0758
12.6893
11.1683
11.9241
11.9716
11.253
11.2354
11.6902
11.816
11.803
12.7339
12.613
13.7752
11.0724
13.9706
11.5703
14.2805
14.7059
13.6731
12.2929
13.2929
14.8827
14.6174
12.2647
8.66877
11.3059
11.0319
11.0652
10.9349
10.2579
10.0374
12.8102
12.9048
12.3227
9.29353
13.615
12.4579
12.3699
13.8982
12.1899
9.50628
12.4599
12.9085
10.3796
8.04792
8.41306
10.0818
8.92722
10.4719
10.0634
10.9737
10.0546
13.6179
13.7686
11.9927
17.6508
11.5661
11.7203
8.60235
10.6431
10.3474
11.0029
10.6881
10.245
11.8262
11.3776
9.53728
15.4983
13.3303
10.2569
13.554
15.8692
9.40118
15.3569
9.57163
8.02435
9.91235
8.9495
11.4303
10.3269
9.19552
10.3797
10.2023
11.0813
10.2837
20.0682
18.9649
18.084
20.6172
22.8116
21.5515
19.6599
18.919
19.7888
18.7282
18.409
18.0239
14.6356
18.7716
12.3306
12.5725
12.3252
12.6532
12.8086
14.2042
19.7206
17.511
19.1261
17.7562
15.7843
20.333
12.325
8.04726
12.1633
12.0346
8.56195
10.7338
11.4983
11.2495
8.96456
11.3912
9.69435
11.6067
10.5031
11.5601
9.63302
11.0905
10.9818
9.6826
8.21214
9.84475
8.64324
8.11343
10.4732
8.1782
10.7155
11.2184
11.0669
11.8677
11.8331
12.4219
11.2309
10.122
11.9048
11.5722
9.42987
11.7452
11.6782
11.6911
10.1441
10.2049
10.1005
8.55648
10.6282
11.7118
9.97397
12.5307
12.9927
12.5478
12.2927
10.7357
10.3038
11.1389
23.3278
18.2289
21.6594
18.3208
21.3008
26.7976
12.4848
9.30756
13.8841
12.2044
13.188
13.3824
15.1074
14.9339
8.90041
10.3775
10.8615
7.88085
9.07212
11.5314
11.3415
10.9798
11.3845
9.4671
9.2991
9.5913
9.39957
10.5823
9.45905
11.529
10.0353
12.4206
9.58144
9.41638
8.80034
11.2372
9.71887
10.2563
10.6051
9.65532
8.7101
11.5753
10.0514
9.72078
10.853
9.61408
9.47038
11.5441
9.31552
10.9553
12.3881
12.1812
10.9158
11.4534
11.7272
12.065
11.3329
12.2559
10.6348
9.70931
12.8417
13.2018
12.9644
12.2673
10.624
11.7954
12.2725
12.9593
13.0948
13.3149
13.238
12.6963
15.1236
15.1847
16.5413
17.2059
17.806
15.9593
14.0895
15.7212
14.6151
15.7243
15.6447
15.9769
13.3267
14.6361
14.6414
14.6527
8.35171
9.27822
11.4373
8.61105
9.29069
9.84581
9.51408
12.4282
11.699
11.7936
11.9158
13.8622
14.7053
15.173
14.5855
13.5931
15.0039
16.0469
15.0664
11.9643
12.1752
12.4657
13.2036
13.302
11.7991
11.9103
13.7443
11.4611
9.10687
11.0301
11.1129
9.32216
11.5324
10.3707
10.58
9.16814
12.4251
9.8315
9.63453
9.19865
8.46663
10.7167
9.83008
9.33078
10.959
9.7073
8.66999
12.3063
9.00343
8.48223
11.5271
8.67366
13.7269
13.396
12.2607
9.6892
12.0928
10.8442
10.253
10.6682
2.92117
2.62312
2.72087
2.7604
3.65808
2.56416
2.81547
2.92126
2.77671
2.64884
2.56882
3.03315
2.68967
2.61934
2.64188
2.96803
2.6146
3.19683
2.6319
2.54634
2.73696
2.63872
2.53803
2.54435
2.89909
3.19882
3.0447
2.54298
2.60385
2.62
2.68154
2.70551
3.09966
3.99672
6.18035
2.62842
4.49152
3.02525
2.62097
2.60032
2.61566
2.53853
3.01272
2.54063
2.62518
2.62521
2.53962
2.55917
13.1766
13.3576
12.2581
15.4705
16.0456
17.0042
16.9756
10.3059
10.5466
7.44276
7.47058
11.856
15.268
15.338
16.0182
15.4412
9.51701
10.1392
95.7327
77.0174
90.7485
97.3041
119.685
21.7033
137.319
99.2085
100.928
118.452
148.991
164.488
120.499
154.458
155.451
101.844
83.8535
164.666
161.706
180.678
124.054
181.889
152.705
151.847
139.931
136.502
116.983
126.621
71.055
79.8635
77.1464
95.8406
113.107
96.9794
72.8779
63.8003
104.599
92.7008
128.787
157.741
143.159
132.947
193.107
141.997
112.365
173.742
116.844
170.663
149.746
147.163
138.674
146.952
177.27
170.363
88.5922
106.786
74.8851
51.8087
64.9143
77.9914
119.083
99.2803
98.8804
110.979
152.721
111.492
67.0507
60.1422
142.27
110.643
84.8048
104.179
153.721
120.048
130.135
102.54
114.326
144.437
81.0251
54.1771
105.545
81.6058
79.5217
94.8844
109.434
137.234
136.335
86.4407
120.896
104.252
133.316
69.8644
102.902
130.815
66.2448
64.8814
110.202
71.2051
79.5556
58.0247
65.6041
82.8839
120.577
85.102
95.4091
114.672
63.9412
76.9268
50.1037
83.6657
94.8315
38.1296
88.8688
36.4636
36.0864
45.503
43.3343
32.7485
42.9592
50.285
46.8703
49.9749
65.209
77.6137
60.978
95.5644
81.9939
74.0297
85.0378
52.9751
95.3705
39.3549
52.2182
57.3125
44.1823
60.3482
61.1886
68.8675
35.2595
41.461
39.1043
88.4123
66.8972
58.2377
63.7415
56.5486
64.7775
50.4051
95.8796
112.041
100.151
75.8643
91.8348
129.58
124.985
86.6473
78.573
107.483
73.8351
97.5757
16.681
15.4874
13.549
15.0769
15.4629
33.6669
25.7615
21.3084
26.4744
28.2859
22.3596
44.5961
33.2301
29.0422
36.7636
29.3765
38.4063
42.9473
33.2541
37.9283
80.3195
51.5159
87.3582
99.1445
44.1004
52.3302
38.4532
44.785
58.5209
54.2328
32.6896
39.7818
30.5198
34.6458
39.5324
42
37.4835
30.6186
27.29
30.5967
31.91
35.1489
11.3024
10.5814
11.0325
11.4594
10.0937
11.2015
164.477
163.14
107.095
137.314
117.19
94.8115
110.314
129.814
147.197
96.2451
137.257
111.26
116.946
129.938
115.791
128.098
120.511
141.742
179.971
164.69
138.451
94.3015
123.056
114.592
109.063
135.195
89.3963
96.3019
124.257
112.502
136.871
129.724
154.688
142.548
13.3596
15.2941
16.735
13.7184
14.6272
14.7978
18.406
18.1306
16.8875
14.2647
13.5944
13.8919
13.3623
14.9379
15.3974
14.876
12.8617
10.341
16.1825
14.2071
16.7815
14.5529
17.5335
18.3948
18.0403
18.7262
15.9091
14.2659
11.9043
15.1432
13.0917
7.80731
14.8695
14.4012
15.0115
10.7131
14.0128
8.58087
14.5871
14.309
15.2631
7.5491
20.6528
25.5949
23.3156
28.5275
19.9987
26.6019
24.6661
28.19
27.2154
32.173
23.2686
27.9998
81.814
25.4166
36.2143
52.9664
38.1995
88.1326
32.7456
48.1191
53.4217
35.1366
48.9738
19.9612
24.9445
20.9317
26.8742
28.9004
29.5545
26.5007
26.7129
39.4902
33.7174
39.2198
32.6995
18.3753
18.2808
23.1154
31.8976
19.6745
13.8872
21.0285
19.7419
21.1388
20.5273
26.9723
24.7076
12.687
21.6742
29.603
10.9386
19.2819
20.2468
20.9379
18.8255
23.2519
20.7608
19.5158
22.2069
24.8349
24.3376
25.604
23.0901
21.0389
23.5587
22.6041
18.2434
21.2057
21.4741
20.0825
20.3413
23.5155
23.0334
29.7988
24.7079
33.4664
20.6729
21.7102
30.9849
37.0223
38.1062
29.1702
15.9885
22.2408
25.3715
19.3863
21.1959
18.751
19.0492
20.3083
19.9198
21.17
19.7215
19.716
18.467
21.269
20.9901
19.3581
19.0771
20.621
25.809
18.9781
18.8501
19.9217
18.8282
22.3081
20.6223
21.1188
21.8769
24.0457
25.5076
23.1531
28.3542
70.6662
26.6752
21.1338
17.1906
15.0654
85.793
17.6522
17.8478
21.0406
17.8162
27.5425
22.8437
19.7932
21.4366
20.1096
11.9485
13.8053
12.927
11.5963
14.7945
15.1975
12.9902
12.6949
15.6594
16.06
15.7734
16.126
16.0301
15.223
13.4417
14.0805
14.4797
12.6768
11.1404
13.5616
12.9459
8.44633
8.14088
8.05967
7.84085
7.75186
9.64517
8.77037
9.09563
8.96818
8.11311
11.2205
11.0763
10.0236
14.7503
15.7403
15.573
16.6877
15.1746
14.1848
13.4604
18.1202
13.4814
12.11
11.9275
9.1404
13.5974
11.322
11.4364
11.3544
9.07519
3.02392
5.44628
4.27486
6.70212
2.62427
8.89421
2.85201
2.84086
2.87513
2.63536
2.92898
3.28856
2.57769
2.86356
2.78326
2.78366
2.6289
63.667
72.2559
80.8651
66.3121
67.2484
81.8025
67.6696
86.4018
63.5662
102.117
114.038
73.722
104.586
94.7188
78.2531
77.1879
108.354
289.872
206.34
176.445
243.376
200.03
176.114
253.82
211.985
35.3269
31.7715
31.1305
29.685
37.4075
19.4708
19.6231
9.28415
8.61309
14.8322
3.89885
58.9009
49.0778
88.4309
90.4804
102.744
78.2705
81.8189
13.8729
38.3833
27.6031
17.7283
20.1848
41.3426
27.7317
24.5133
33.841
105.394
152.858
120.086
136.12
101.929
162.481
105.529
81.8092
71.075
15.4963
50.5868
43.2407
37.5339
40.1281
20.2952
21.094
19.7912
18.5596
21.2379
25.7559
22.3742
19.1983
20.1436
47.0103
41.5342
30.9082
28.5456
23.7588
40.1822
24.9023
18.6944
6.54165
21.8783
13.3593
6.98807
14.5325
4.61336
22.5634
3.54992
13.3082
14.935
3.91434
2.8123
9.44793
3.01989
10.842
6.95151
9.65799
3.59951
4.08073
13.9903
25.4401
24.1722
24.1134
33.3751
37.547
33.4234
20.7696
21.179
15.7213
36.8411
41.9369
15.9101
16.7518
20.0791
15.2926
23.5201
14.3426
2.7802
12.3169
13.9373
3.89856
13.949
8.48463
12.4954
21.9834
15.558
18.2627
18.6769
21.2104
14.7794
18.9922
24.953
6.61664
6.56703
4.05472
5.41378
12.9021
10.8191
10.639
9.61621
3.91523
9.4171
5.70485
6.89782
5.09611
8.95
2.74852
3.05094
6.8116
7.77074
5.21056
16.807
3.23029
3.20352
3.9318
20.5596
19.3216
26.4286
20.3289
23.6495
19.185
18.7253
18.8449
173.968
155.387
183.645
131.374
136.234
177.853
113.557
14.909
13.9844
15.6379
14.0988
12.6511
14.3093
16.3502
16.6039
16.8437
16.0008
16.4656
16.3851
18.3605
16.7915
16.8425
66.9176
84.5081
58.9844
72.0722
56.6409
47.1711
53.5436
45.757
124.689
112.992
121.452
125.404
119.641
133.3
139.07
131.541
168.625
10.6517
11.4973
12.3439
13.5658
11.9666
12.3
13.0085
12.372
47.8972
54.0932
41.361
48.1585
49.4418
41.2124
51.8734
48.1593
44.1207
61.8778
46.9264
55.7973
62.4644
69.5223
76.6065
38.0751
39.217
42.9868
61.815
295.002
268.628
145.619
193.996
144.455
148.869
121.651
187.677
135.168
187.61
159.316
134.549
200.484
245.578
170.638
141.27
165.416
137.761
127.404
204.535
142.466
153.818
104.827
135.443
140.017
135.799
19.9824
20.0963
24.3578
18.7683
24.8289
20.9906
18.7715
19.1282
21.3012
27.447
31.9015
22.258
18.8906
20.1395
27.7628
21.164
20.9839
22.299
20.8469
22.0503
20.5584
20.4983
20.032
38.9931
31.1624
30.3206
28.2894
85.452
45.0867
82.5372
91.301
85.736
54.0533
81.2164
129.36
30.917
39.6628
35.0404
59.4555
64.4252
46.7212
33.7444
37.4568
35.1823
47.0422
34.9497
18.0074
19.3204
19.7524
17.8538
16.4529
16.395
17.8541
16.8972
29.8587
27.1511
22.5767
26.8205
31.3872
20.2264
18.1771
18.5208
17.2985
16.3788
20.1323
16.1572
15.2234
16.9224
18.3343
17.2634
16.292
16.4615
13.7393
19.0456
16.0597
18.0136
15.9591
18.8802
17.3111
17.9521
18.9445
20.322
19.0538
15.511
14.955
17.8001
23.0595
20.648
22.0149
21.3048
22.8765
23.9642
31.6292
33.6821
35.8642
38.854
36.8241
31.869
39.1489
41.7286
39.3049
48.7662
47.7031
45.3968
43.086
42.8429
55.4254
12.8229
15.8726
17.0507
18.2872
11.5739
17.9298
16.8012
16.2302
17.0498
14.4881
28.2215
27.0321
29.5213
32.2978
23.7036
24.0749
26.2821
25.7671
17.6357
17.8136
20.535
10.5339
20.6553
19.0514
18.4563
16.3859
12.2732
14.6306
13.3972
15.4715
16.299
18.9489
16.5744
12.5467
14.846
17.3323
19.044
12.1629
12.7135
16.7465
13.2672
12.8473
13.7904
12.2689
14.2626
45.4079
29.6139
32.922
23.6151
47.3128
24.0108
22.768
25.4542
14.8875
14.4866
14.9612
35.4913
20.6167
18.4504
16.1975
23.5325
22.1476
22.5351
11.1288
13.9067
15.5652
13.6252
13.3936
11.546
9.83502
15.5703
15.9573
14.2957
12.296
15.9514
14.5875
14.0745
13.999
16.7759
17.1263
14.8872
13.8713
12.8739
19.0886
16.0608
10.2635
19.4187
18.5751
20.8008
15.7773
15.2507
19.3426
16.4116
15.4668
13.044
17.2089
13.2514
16.3
16.8837
3.65903
5.41596
4.30201
3.91775
2.92695
5.55233
13.9598
17.6968
15.0129
12.9154
12.3006
11.3282
21.0095
17.9289
21.1514
16.975
19.1652
18.2143
22.4862
169.942
95.4828
147.209
141.265
107.684
126.107
180.842
167.614
138.277
162.802
127.694
138.061
29.2147
53.0393
38.9354
44.4428
47.9564
41.7491
12.3972
11.7688
12.3161
13.0246
20.3088
22.6035
15.8821
22.6407
21.1471
16.9498
18.1056
16.8383
21.4631
12.5109
9.72854
7.54728
11.5601
10.5804
8.09878
10.0472
8.92129
10.4523
30.5881
41.848
19.6313
18.3123
19.2066
32.5029
26.2405
19.842
21.4124
38.0305
28.3454
19.9842
36.1142
19.8808
33.2939
30.496
41.6935
30.1745
34.1666
44.0986
40.8125
37.5274
30.5926
29.9282
33.5085
35.1611
162.842
137.634
177.889
193.86
117.988
155.928
13.2946
13.0281
13.0309
9.71805
10.4862
12.8018
9.12575
28.0899
28.8878
37.3569
32.5767
23.2023
24.086
31.1289
21.2485
18.9136
18.234
20.2301
18.4
16.0384
16.131
11.5647
14.3671
11.598
13.9069
14.1734
14.4088
16.0936
15.9005
11.2309
12.3212
16.3993
14.1502
16.0154
14.6087
12.8083
13.2766
14.1162
12.0398
12.1982
10.5592
31.9448
35.804
32.1351
23.9137
28.802
28.9516
23.998
18.361
18.6064
19.0396
18.5315
16.1871
16.3283
15.5369
17.437
13.2032
13.4122
13.8583
13.8888
13.1247
11.2947
13.2943
13.1214
18.1592
41.2991
40.4646
33.9636
41.2135
42.8054
13.6354
21.877
35.5896
20.3396
18.7087
14.6922
15.4348
16.5605
18.533
17.2057
10.0623
14.2833
13.001
14.391
10.9094
12.9274
13.501
13.1866
13.838
11.1136
13.0666
5.0472
7.25549
7.25068
3.09877
7.19796
3.25624
3.93534
6.76097
8.49684
11.4001
145.494
130.656
17.3801
15.2128
16.0107
14.1532
15.683
12.9349
14.501
16.1071
14.0927
13.7477
14.9348
14.8529
15.3205
15.6132
15.497
14.6661
139.186
127.123
148.822
104.35
148.881
111.664
135.067
21.5765
19.336
21.7909
21.0134
18.4482
20.3342
19.4069
20.9281
12.1737
16.0114
17.7225
18.6226
16.2106
17.9482
16.6711
39.331
41.0204
38.7713
36.6296
6.26603
31.3095
38.5203
15.1582
11.4835
12.1707
10.366
10.5345
26.9519
19.8601
20.3461
20.6969
19.9273
20.5863
22.7087
23.2538
20.6349
30.9092
21.9759
25.4124
24.0751
26.2545
27.3828
21.1749
24.6816
21.7173
20.612
23.3777
21.232
17.5942
18.4112
16.5232
17.464
17.1264
14.8703
9.2483
12.5118
11.7867
23.7373
20.8369
20.9998
39.0066
24.1507
33.0262
27.0133
25.6243
21.4647
24.3489
30.2284
17.1908
28.4986
34.574
30.1136
29.5324
40.5264
25.3936
25.1769
14.5157
18.8509
18.7038
18.5324
12.8207
14.649
14.1927
14.1172
11.3143
12.0154
16.9456
11.3078
16.4214
16.3459
19.7418
10.6956
24.3208
20.4305
21.6849
20.3443
29.2793
34.1581
43.9056
25.5144
18.5236
28.4334
8.49609
42.6657
42.3484
20.4328
8.8828
39.7317
35.4617
42.6043
44.3325
42.0372
25.5153
9.57805
36.6032
43.8423
40.8234
51.1093
42.4725
48.8855
44.8052
39.2645
36.2874
43.1597
30.6991
37.4144
38.3004
43.3558
21.417
37.1579
43.7661
38.3732
39.0467
8.50263
13.5922
42.1093
40.0965
38.3467
19.484
17.5294
20.9174
37.065
36.2347
31.1884
41.9545
30.4009
17.8398
9.61384
10.4681
11.5112
13.1119
16.2575
14.892
13.0891
14.6911
11.3841
15.0617
12.9757
11.5907
13.6536
13.9985
15.3117
12.1747
14.0958
14.8739
19.2541
17.7782
15.3514
17.7136
14.614
4.53583
8.78142
8.41944
8.91575
28.3674
6.98985
5.46737
44.6321
44.0294
26.4563
111.221
36.8289
31.9254
29.8743
29.0525
29.1199
24.1202
31.6954
32.7332
91.7334
44.2731
12.1941
12.3166
12.1542
15.1938
11.6764
11.1293
13.2909
20.5027
20.074
20.6369
19.1217
20.8323
20.184
12.3987
11.0059
11.0592
11.5314
13.8585
10.402
13.8888
13.2825
13.9985
98.6337
69.9723
63.6599
36.3033
63.1779
89.6134
80.1553
43.9736
89.4265
76.8404
101.484
65.1348
60.1225
114.088
101.343
52.7589
47.8533
150.445
55.7697
31.596
58.4844
165.086
111.666
103.861
10.6436
9.8585
11.756
11.8546
12.5312
23.4135
25.3794
24.6239
23.7986
23.1842
34.0105
78.9141
124.015
127.005
41.3292
111.211
126.21
70.389
62.5333
78.3699
64.6582
93.3602
87.2374
99.3942
113.418
26.6439
29.4967
18.4047
19.4638
30.2441
16.5134
15.9792
16.6979
28.0188
14.5277
18.8876
17.0157
19.6071
23.3533
19.1481
21.8817
22.7395
25.2272
32.2885
26.514
34.7603
26.4038
37.9408
35.4286
30.6306
20.3631
29.8397
25.4088
26.0042
27.6317
22.2748
52.651
87.5431
82.9275
59.6229
72.8813
25.8981
26.3498
44.1992
38.3226
79.868
121.382
9.04578
8.47533
9.10309
9.70685
9.52223
11.0344
10.799
12.304
10.9268
11.0002
12.7196
9.86905
11.1106
11.0654
8.83038
9.77867
10.0631
12.2734
9.65254
11.6852
16.5012
11.2338
16.1163
16.4256
13.7245
18.583
18.9833
12.0636
16.9641
15.2814
14.8128
21.0578
21.9307
18.4869
18.8119
37.6588
17.266
15.7726
16.9202
13.6928
18.2534
12.9568
16.9304
15.8646
13.113
35.2709
72.1498
101.62
101.796
156.105
102.718
29.3822
109.689
84.5366
72.7673
85.9616
107.007
94.3548
100.493
70.8078
71.6614
71.0072
189.126
176.998
146.596
120.273
158.108
37.8784
118.416
113.307
100.46
78.8554
55.3865
67.8208
63.1639
113.29
122.482
98.1809
84.9095
94.465
121.429
105.051
25.9741
16.4243
14.7824
15.3819
13.0853
12.1245
38.2911
21.4817
33.5291
37.7422
11.4692
11.8157
10.7566
11.5154
10.7128
77.5929
72.5432
67.1785
88.4301
119.465
38.5037
80.7727
29.5167
34.2359
16.7801
21.0567
20.7168
22.7439
20.7438
21.5437
21.8915
13.5677
17.0211
14.3344
18.1261
20.2513
74.7485
85.6032
54.4573
107.08
79.7227
77.7767
60.8734
54.3452
50.4858
112.82
66.2317
76.4569
124.964
110.735
74.6762
72.7451
46.1697
46.4253
44.3827
48.0057
58.0722
96.9449
91.1231
62.9895
87.4722
80.2062
54.241
110.316
76.0815
59.4883
91.4596
85.5493
160.2
111.816
95.7237
198.641
65.0853
153.618
20.1149
26.5243
18.2117
18.2722
20.487
21.3632
21.0139
29.227
24.3249
10.8278
9.6756
10.5734
10.1999
11.0239
8.00612
8.98756
9.21798
13.0132
12.653
12.0671
12.3532
12.5259
11.589
12.7198
12.2966
11.6467
13.054
16.5336
12.7496
13.4066
13.071
11.2589
9.66593
10.9103
9.37014
9.90429
45.1792
57.0098
54.9191
61.4704
39.3992
42.6344
20.2888
19.4091
14.3843
19.2093
24.3566
26.3779
13.6396
12.9931
18.7403
21.0647
27.7206
24.6825
24.4104
26.0015
28.2297
13.2597
21.7013
39.1863
39.4118
92.5321
87.1119
51.5928
45.8968
130.668
13.6715
15.1387
15.6783
17.2845
17.2439
44.2634
52.3441
44.0427
56.9503
69.8246
86.4233
96.9509
102.364
89.4528
110.681
70.1931
126.067
98.96
125.812
98.2658
43.4652
102.827
82.6125
113.699
41.5025
59.4902
62.9435
80.5887
63.5866
51.7417
76.7167
74.1703
18.4459
19.664
19.6397
14.0277
19.3683
45.0913
51.1532
39.9406
54.2588
12.1053
13.3695
15.4433
20.6001
10.5392
10.4964
9.36948
32.2822
98.2885
74.6354
58.9665
101.882
142.871
130.985
75.5736
121.449
92.7418
76.8627
89.07
116.832
124.381
127.869
147.186
160.728
154.902
122.127
134.133
173.683
3.98128
3.94845
3.98918
19.1559
23.4947
9.08653
16.2751
21.0547
10.4799
3.51337
3.55502
37.3877
10.0209
5.27284
5.66538
4.04981
2.93406
2.97086
6.90583
15.1363
16.3835
15.3929
14.3965
22.8206
38.7033
37.1901
37.9665
60.7996
37.4798
43.1246
5.44942
12.8109
28.722
5.30348
36.2912
91.8426
118.99
76.9506
91.3559
93.2598
148.496
103.301
85.0072
124.206
182.135
103.378
9.70135
10.6448
8.81407
11.9925
10.0108
10.5688
8.34747
8.79881
38.4464
36.6266
31.6289
46.4045
53.2752
55.2827
10.3886
7.56815
8.67739
8.77768
9.91913
9.49307
9.02464
11.8344
14.0607
10.5357
12.9153
11.9388
10.0945
73.9811
117.556
100.665
73.8891
74.4508
114.981
126.182
81.8383
56.6303
85.7927
100.406
73.3043
25.3972
32.3284
29.7114
33.3775
60.0789
19.7862
27.1359
38.5358
64.8558
70.5152
26.974
49.6765
47.2406
37.5647
72.7761
59.6085
84.1963
69.8694
32.6026
60.3462
36.9287
39.416
52.5397
81.9249
59.2561
65.1701
99.3501
76.9156
82.0219
80.1345
7.75845
8.3582
7.83536
7.88021
11.4044
8.88768
17.9383
18.2822
19.9864
17.7331
20.7534
12.6375
12.4751
12.659
13.0308
14.3499
8.83293
10.4135
12.7409
9.22283
7.85746
8.65579
8.75425
8.61854
8.54897
8.70799
8.0624
9.1508
8.66944
8.05959
8.23914
10.6839
8.98474
10.5921
8.43312
8.5424
10.7523
8.52239
8.74287
13.0264
9.78217
9.23614
9.89706
11.2693
8.90153
9.7224
9.42253
8.75438
10.7031
10.7368
11.2851
9.20077
13.4994
9.7612
8.47703
8.13765
9.96265
9.25096
9.52031
8.9804
8.56734
9.11486
11.6643
9.37432
9.77166
8.89397
8.05391
9.76562
9.59034
9.85581
11.4624
12.4673
11.9042
10.6544
8.46651
8.63309
8.64536
8.75293
9.54029
12.2523
14.5151
13.7283
16.7805
14.7557
12.4852
16.0593
14.0537
15.2799
8.58131
17.0249
9.3325
10.3212
24.6278
16.6154
33.9155
11.9006
8.21416
8.44806
8.68841
10.9197
8.99359
9.674
17.807
36.103
10.85
10.8449
11.7016
10.8872
8.30117
8.18679
8.81927
10.1541
9.5409
9.19273
9.12034
11.4156
11.1284
11.013
11.1698
11.1652
10.5215
11.2516
11.1289
10.2873
10.1438
10.7454
8.50949
8.74167
8.29173
8.04162
9.13251
8.6171
8.51955
8.33704
10.418
8.69595
10.1997
9.87682
9.91748
11.2575
10.1396
9.29773
9.5266
9.2404
13.2942
9.11866
9.43243
9.16178
9.31384
10.9026
10.8205
10.5344
11.0891
9.6394
9.54108
9.48325
9.72117
9.21262
9.2091
9.67092
8.7311
8.43992
8.29527
9.82561
9.00427
9.60551
9.98456
9.6953
9.67587
9.8407
11.3415
9.78871
9.4524
11.0375
9.90161
8.76732
9.24719
10.6901
10.3379
10.9625
11.1944
11.6148
11.7339
11.2485
11.1321
10.942
10.9334
10.2343
10.7544
10.207
7.83054
9.12225
9.65937
9.55922
10.9342
11.243
9.45134
14.6286
9.69547
9.63009
10.3675
12.7099
9.92435
10.462
9.67241
10.4179
10.4924
9.33618
8.58988
8.05252
9.48469
9.30448
8.0347
7.9869
9.51292
10.1033
9.81451
8.01884
7.99353
8.04209
8.21385
8.14163
7.83373
8.42651
11.433
12.0834
12.1014
12.3002
10.6126
11.9859
8.24642
10.7657
10.1683
10.0515
9.76154
10.2634
8.01951
8.97863
8.51954
8.77284
8.95985
8.18569
9.4283
10.1291
9.58332
9.73315
9.5239
10.1514
9.67559
24.7471
16.1308
10.198
9.27796
9.67814
16.7046
15.0531
17.2524
13.6464
14.4247
17.3255
7.95129
7.71513
9.04623
10.2496
12.1331
8.47382
9.74557
9.37468
9.45577
8.95295
8.28959
9.04623
8.68742
9.29319
9.35228
8.71089
9.50568
8.03604
8.17338
8.51014
8.54369
8.26618
8.02724
8.71982
19.7848
15.5732
31.4368
15.7377
14.6999
9.67539
16.0758
20.5665
28.1364
19.3249
15.6883
13.127
13.6717
20.6389
23.7791
28.5723
10.6298
10.9511
10.6229
9.09401
13.7613
11.7714
8.59531
7.77859
7.60858
7.57147
7.24657
8.92371
8.89412
7.37277
11.1492
9.58834
7.75863
10.6465
7.57601
13.3572
12.4656
12.3952
12.6609
12.4425
13.0957
13.5682
11.3175
15.3892
16.9739
17.5401
15.3832
14.7761
14.4468
12.6338
10.9611
12.4336
13.909
13.5084
12.5756
13.2756
18.6619
23.4137
23.3161
16.7507
18.8147
29.9583
22.2857
36.5838
45.2546
17.5676
10.7114
11.1372
9.33915
9.38257
9.27656
15.8051
11.9636
21.2175
16.7056
11.7385
18.2096
19.5325
20.9607
9.9138
13.0919
11.9707
13.0721
12.6205
12.0915
12.8331
15.4659
14.39
12.514
11.8804
10.9652
11.4459
10.7801
9.79992
10.9378
8.60091
9.19126
20.5335
23.7398
19.0244
15.9944
18.7318
18.9625
10.5305
10.4323
11.0929
10.9058
10.9368
10.6228
10.4079
11.2586
10.3213
9.31751
10.4419
11.6553
12.1482
13.6561
10.7563
10.9377
11.5925
14.9282
10.5942
15.3358
10.0657
21.6916
14.9395
17.9946
19.4477
18.7899
14.942
15.7456
18.8392
25.1742
22.558
19.5273
20.2633
21.9411
21.6956
19.3491
17.7399
38.762
18.874
41.4085
31.0341
10.2637
27.5553
28.3315
45.7769
14.2072
25.7553
21.6435
19.6592
19.2112
28.984
40.0026
12.7125
15.6554
37.0819
9.50185
10.6283
10.6256
10.2737
10.1446
9.78085
10.3352
10.7661
10.7986
10.8368
10.7648
29.3582
14.67
22.3901
21.7197
13.7754
9.05668
26.6606
35.982
11.1523
17.2775
15.5261
19.8297
18.779
18.2302
17.5223
16.9138
19.4884
16.4587
16.2313
16.9809
17.5227
17.4777
29.6018
20.8599
34.4245
25.4818
36.3534
23.5195
30.5297
25.9782
29.8993
26.9006
24.4907
25.2891
35.2915
28.1702
24.7274
23.8735
28.3115
20.7943
20.848
32.1435
22.1741
24.6627
25.8009
34.5502
30.2452
28.319
18.3788
22.4907
20.9658
18.842
17.6123
19.0419
11.0074
18.8858
10.7035
10.1855
10.1736
10.744
10.7671
8.17958
11.4889
10.5609
11.4752
10.7934
10.796
10.5834
10.0001
10.3165
12.7546
12.7344
20.8731
21.2103
12.8941
19.205
11.2228
14.8535
13.8806
12.0366
11.2771
13.8032
12.275
11.7302
11.7
11.1914
15.1575
14.5087
12.4873
16.7014
14.2403
10.3133
11.8111
18.3903
22.2938
22.345
18.066
24.3943
19.5268
24.5005
32.2894
37.9084
37.7496
39.8807
38.3049
20.1188
38.6587
15.2916
15.62
14.9294
16.2895
16.7991
14.0625
19.5189
29.2862
18.9307
35.3922
34.5288
11.6072
19.7233
18.0527
19.5267
20.2964
21.0007
19.5073
18.4773
21.3277
13.078
28.3909
22.869
21.6335
26.7248
41.9437
15.5008
41.3622
29.0569
27.3594
39.9058
7.56474
13.9012
20.3234
18.0602
18.1495
17.8916
10.1771
17.7963
39.4823
7.45734
22.2462
34.2065
16.9994
27.4959
21.4303
38.8972
31.576
34.1538
29.6944
25.3599
23.4494
15.3455
30.8616
30.5553
26.0932
31.3982
20.0775
18.7061
17.0715
17.0078
18.2552
15.3822
16.9506
17.6105
15.4266
17.5673
11.7588
11.7298
13.3095
11.9075
15.4151
15.1597
13.8595
12.2712
12.8068
26.7727
38.6832
27.2373
31.9392
35.7132
23.1635
22.712
34.4012
11.6123
10.94
10.1575
11.5431
11.4233
10.9926
11.6604
10.787
11.0766
7.79839
28.9676
31.2983
33.6027
11.7809
17.3244
30.7275
37.6252
30.295
30.2224
21.8234
42.6183
17.2557
22.5692
34.636
21.3413
16.4966
18.2315
12.9535
19.0633
8.57212
22.2112
21.2199
8.68437
16.5058
23.4256
23.8451
20.3257
19.9358
21.9686
23.4544
24.7434
19.9762
14.4557
12.7638
11.8293
13.1892
12.9954
11.2724
10.8493
11.3186
12.2975
12.3981
12.5442
15.0605
14.5608
12.7704
14.8372
15.2255
15.2601
13.1517
13.7916
14.4911
13.5872
13.9828
11.7882
12.3176
10.8745
8.22779
10.6194
10.4469
10.5528
9.85424
10.5326
9.6819
102.604
85.5124
96.6001
64.0528
63.0534
98.6199
125.271
115.877
74.5816
97.2923
125.862
105.088
107.094
76.0672
12.0577
13.7565
13.6257
13.827
12.5815
10.0793
9.74753
12.9364
11.4564
10.8236
15.4879
17.4599
15.0405
18.2678
20.7837
14.375
15.7076
18.0772
12.6764
10.9536
15.4525
16.9966
18.5369
31.4401
19.2222
18.6844
17.6364
13.9038
18.423
19.4978
15.5545
20.8147
17.9839
18.2965
20.2065
20.2249
17.8988
13.719
16.6007
13.7809
15.0281
17.5281
13.2036
15.4462
14.8653
23.0069
14.9184
15.9267
17.696
14.8874
18.4516
13.1561
11.8245
17.0793
23.3123
20.5342
24.8523
19.3283
24.5921
24.5037
18.4468
7.54606
20.8801
20.6144
20.8917
21.3217
20.3439
20.2909
21.0431
30.2281
13.2633
12.6469
15.1646
14.364
14.2956
17.4782
12.822
15.5587
16.6804
11.1816
10.1808
15.0242
32.4526
25.341
11.146
29.0993
31.8545
29.5682
24.6817
24.1251
11.8905
22.982
24.5232
15.3347
26.6944
22.7452
25.7211
34.6056
13.055
15.6271
17.4022
14.1027
8.62967
12.0905
13.2742
18.5537
13.2669
8.04086
8.01198
8.74722
8.01224
7.92943
8.46184
8.11146
8.05131
9.17441
7.95355
7.87827
9.17844
8.01491
7.46295
7.85498
13.7996
10.8545
24.5105
14.1351
13.6308
16.7277
12.6735
16.0503
12.3685
16.9715
25.051
21.2525
17.9771
16.3513
16.4017
15.0054
13.3518
15.7516
7.96529
8.19719
8.19659
8.70205
8.47472
8.87175
8.85222
8.94242
3.02302
11.2888
14.2031
18.1554
18.0748
17.6251
7.00173
10.7329
13.2799
15.1167
30.666
38.5998
26.3038
15.6234
23.6329
18.523
13.8453
12.7689
11.9754
14.579
12.7167
12.792
12.4444
13.7048
13.6301
17.0546
13.6706
12.8695
31.1193
30.4797
25.27
29.5821
26.4504
24.1684
29.3681
24.2758
18.8979
27.3912
12.3838
14.8252
16.1159
7.84948
8.61864
7.82243
8.17689
8.81809
8.41376
19.99
16.5979
18.5763
21.0865
31.5301
27.5674
30.1643
31.3307
21.7046
21.222
13.2868
17.8336
18.2989
26.6923
48.5368
44.8295
43.5576
25.0021
44.7822
11.0893
6.46663
35.1752
24.1583
8.05768
6.73077
6.21815
9.37268
31.5726
17.3689
8.36609
30.3414
17.4397
28.0345
77.3118
33.5402
47.2224
118.997
126.313
124.606
127.905
112.61
87.5635
39.1193
67.6275
74.0602
72.8304
77.8096
106.095
99.4801
115.619
87.2963
84.1446
164.773
101.81
107.694
130.219
84.6162
94.0577
65.095
156.447
92.166
100.849
106.906
109.698
116.871
141.964
132.273
152.125
138.336
97.9824
86.5191
92.2252
78.5853
74.066
81.5916
78.6676
72.5349
69.538
66.7384
58.9937
30.3915
74.6726
73.7407
67.8725
63.8168
48.9482
30.0958
56.3627
86.3434
68.4771
56.8977
92.1398
87.6973
99.8048
117.053
146.522
108.581
97.9403
149.95
93.8083
89.7377
31.8569
96.7139
50.388
101.824
95.6026
80.5629
101.356
89.6445
103.678
97.5942
103.114
81.0401
64.9456
97.7523
88.9429
69.2546
103.702
63.3299
89.4179
69.4334
93.6041
80.1631
93.2725
86.6262
88.2915
101.405
113.763
105.218
97.0457
38.2279
88.2984
96.0997
105.785
25.738
19.5323
17.4091
25.0344
19.9109
14.4342
15.0124
20.2226
23.3856
26.0757
18.3935
18.2653
18.6076
23.3641
20.4473
29.6814
25.8216
41.1817
24.9954
17.5162
11.0732
10.9733
10.1851
10.2238
10.4143
10.1418
12.2371
9.54426
9.70554
11.0323
9.93887
12.1117
12.0248
13.3502
11.0318
12.3093
9.95457
11.1284
10.4701
9.57787
14.2372
14.0228
10.2797
10.007
40.4203
52.5655
54.2745
66.609
56.7911
46.5058
60.3919
73.8644
81.2613
73.101
41.7731
31.8497
28.8591
33.5297
31.7277
36.7697
101.836
75.7475
58.9351
51.524
87.6436
64.4991
101.273
73.7821
92.0343
11.3653
11.6769
18.4731
10.2233
11.4789
16.519
18.2722
10.6228
15.3927
17.3222
16.4471
11.6083
17.2252
16.1818
22.9589
15.7874
24.0462
22.6272
13.4299
25.6107
19.5185
25.3596
20.0406
18.5135
22.4358
14.301
20.0026
16.4316
30.1838
11.6565
29.2222
36.7
36.349
52.8987
35.7987
62.0516
49.3781
66.7134
36.8345
29.5357
29.094
30.8999
75.6807
66.0619
69.6568
77.942
67.2801
62.4582
67.526
55.15
19.5649
36.9738
39.4336
63.6278
75.7754
69.4703
11.6
9.47426
10.8256
13.2151
12.9389
13.9545
13.1289
31.5145
22.4817
18.4796
17.1596
35.8609
34.7742
32.5033
30.5921
53.976
97.5226
86.4228
60.8109
55.1992
39.3932
39.3296
79.7312
76.204
72.2409
79.4532
56.064
5.84367
3.31597
5.7802
5.13078
12.8895
8.64996
3.16284
4.39207
3.57704
8.50696
28.6131
30.6489
20.7885
21.8138
23.7158
26.8233
23.2083
27.8163
25.432
61.1926
45.917
63.5832
31.9724
74.572
43.5607
50.8105
30.3474
38.2009
30.0301
45.585
13.4264
11.772
11.7761
14.1805
15.0209
12.5255
11.4157
18.1151
7.78517
14.4585
17.9806
44.789
20.5218
28.4534
7.32935
46.9266
38.1207
32.806
17.7936
35.967
38.0294
27.5346
11.3097
14.5008
15.034
14.8073
14.6059
13.5055
12.5337
13.5369
12.2416
59.0641
45.5807
70.8328
62.8493
48.63
49.8799
51.183
34.6906
29.972
29.5177
29.8857
120.543
117.268
109.084
85.2112
62.1035
109.385
122.978
76.8202
24.0874
21.0731
38.7091
31.3023
29.3793
25.73
22.645
170.92
128.937
118.988
148.97
146.026
165.371
107.036
84.2993
3.00911
3.58772
3.54363
4.26232
3.60063
2.74567
3.57618
3.55774
2.95171
15.4382
14.3043
13.1424
13.2548
12.9158
14.5795
15.8309
12.8987
14.6517
15.5057
13.7365
10.3603
13.1411
14.6393
14.9747
16.5884
17.5757
13.9044
10.5509
13.7607
17.525
14.8754
11.2565
15.0399
15.2626
22.1402
17.7904
24.2027
22.4159
20.2489
15.2571
17.3958
19.087
20.0028
26.8991
20.6142
33.2529
25.0001
27.1423
22.0485
29.0396
27.8447
31.7646
29.5978
34.7208
17.7509
17.3522
21.015
14.3124
20.0128
21.1651
19.5951
18.4118
31.7539
34.7518
37.917
24.7265
37.2682
25.373
29.956
27.4759
31.6006
27.2414
7.34605
10.6998
31.9997
35.0051
31.9169
22.0636
14.6157
10.8185
11.1826
13.0731
5.64151
14.6613
14.0926
14.4879
21.6244
10.2788
28.1684
24.8092
21.2681
17.0673
22.9395
13.8198
21.0926
19.4115
15.681
11.4422
18.3975
18.1006
21.0861
17.8737
19.5106
16.3258
16.3944
14.9887
19.5066
13.7664
16.6726
14.2905
15.119
11.11
11.1114
11.4898
12.431
11.2781
12.1012
8.76526
105.915
116.586
120.403
155.139
143.72
58.438
81.5036
68.9124
69.791
101.3
77.1719
102.196
80.4475
26.7746
26.7569
25.7498
26.054
21.5677
21.9361
27.1913
36.7435
21.4273
31.0396
28.9124
34.4908
30.7199
36.1438
25.222
19.379
19.4085
41.0691
37.5929
33.904
47.4802
48.6243
44.3351
31.5179
136.111
118.773
131.234
89.0725
81.1913
108.741
151.448
141.943
37.0704
33.5734
28.9698
40.278
39.7776
48.601
12.2395
12.1713
11.1706
12.347
14.2401
14.5222
14.5988
91.7935
121.053
130.619
75.3004
79.7357
110.249
111.032
84.5012
105.232
61.1245
72.3557
64.9101
98.2918
86.6446
70.5317
70.8385
94.994
110.054
13.3704
10.1134
10.8523
13.8387
12.5078
10.258
10.6971
9.7571
10.4513
10.4769
10.5496
8.96102
10.9749
11.5327
10.7333
9.63167
11.5619
11.6521
11.905
10.8497
12.7343
40.2376
10.9167
10.2764
17.0084
27.5045
29.0559
27.306
10.777
10.5471
11.0567
11.1834
8.95314
10.0942
28.4582
31.1668
37.6099
25.0348
43.836
32.6908
31.85
28.0896
34.3655
30.6905
34.0464
22.5336
32.199
21.2737
32.6839
20.9897
23.9139
95.9397
88.4663
79.7594
135.072
107.897
133.077
128.336
84.7051
36.9062
36.806
32.2414
38.4243
39.2609
27.293
5.40554
20.4863
20.5591
5.65263
21.6152
19.4992
23.818
19.6759
28.0106
20.0805
11.8371
19.5619
16.7732
32.5036
12.3138
35.7318
30.2579
14.4941
34.6984
24.972
19.0496
20.9805
17.9398
12.8906
12.527
11.4598
20.139
13.0306
20.5192
18.8806
12.5681
11.9383
11.0679
12.0221
11.3868
12.1097
11.7705
11.9068
14.6943
13.6983
15.2829
10.8679
12.5931
12.0997
13.3087
8.9289
9.78058
9.4127
13.7035
12.5709
14.6327
12.9748
13.4259
13.1435
9.51821
11.6956
9.43521
11.2581
9.91452
14.38
14.1115
11.4564
10.9758
14.2057
9.92869
22.6966
20.5281
6.1304
6.67547
18.7958
6.34194
13.5413
5.22611
6.1402
6.72437
9.97164
23.0498
31.3973
29.1221
21.5659
30.2368
24.8588
35.327
4.43841
6.23393
2.97451
3.51983
6.20743
39.3729
30.4564
28.8116
29.1393
19.7846
30.1675
23.1564
25.3517
19.7791
27.0984
29.1666
17.3419
11.4386
11.8494
10.3093
11.8622
12.446
11.1904
11.8949
13.3488
9.96923
13.1805
13.1058
15.9011
24.8413
12.9325
19.4501
18.096
13.4459
10.5529
11.3498
12.0576
11.7992
10.1744
11.0703
12.2556
10.8451
9.38126
10.749
9.92836
16.2648
17.3314
4.22856
13.0837
33.4096
33.4494
21.9019
21.3489
20.7198
34.0234
9.24343
8.97928
12.4178
9.50372
28.7373
8.46623
9.19126
29.371
34.3876
36.7525
18.2727
22.9468
10.4918
9.61034
9.82397
10.6088
9.73153
13.7567
10.581
13.0051
14.8143
8.07189
12.3882
13.7529
14.1321
121.439
140.72
115.588
88.8344
87.7578
170.626
115.183
105.112
12.241
12.8782
12.3155
11.5924
10.9337
14.29
14.1493
12.2334
12.8662
19.46
15.6536
7.94364
10.6742
16.4774
14.7784
7.71354
3.99169
4.01033
8.25116
12.5197
9.51897
24.314
28.3793
7.77003
21.9834
13.7775
134.804
122.289
90.6868
94.2969
92.5206
92.7432
18.3843
11.0144
17.5469
20.8208
7.05621
15.6302
13.0509
20.7038
24.0013
32.5037
15.1234
12.2944
6.90129
4.34376
13.3331
6.62455
18.0167
15.5693
23.7815
14.9278
29.6097
29.3235
15.4266
14.1605
16.2618
37.2079
19.0256
18.7124
19.4027
22.8074
30.0648
51.1171
31.6366
31.9809
33.2783
40.9811
29.6128
24.0548
34.1354
26.704
24.8291
23.3328
17.6079
20.1142
25.5041
29.5303
15.1726
22.0832
9.73037
30.4199
28.9816
21.6321
21.7532
20.926
22.3489
24.8705
23.9502
34.9109
35.2954
34.9228
36.3702
34.3177
28.6856
36.405
20.1833
20.8261
30.9702
18.9285
19.3533
26.729
26.2083
24.2177
108.607
91.6264
73.3572
81.253
111.336
78.6953
147.674
112.636
109.955
89.4252
120.286
70.4697
34.351
42.1512
40.5382
47.2692
49.6571
48.3668
117.997
98.0626
144.642
122.176
57.879
65.0407
68.3189
98.3155
66.8737
56.3667
57.2039
57.3824
74.5028
53.831
9.53795
8.81545
10.2561
10.1174
8.51204
8.90873
9.55076
9.12746
7.87955
9.04218
10.145
10.906
8.34287
9.74991
8.39078
10.8212
13.4932
11.0343
13.8592
14.5875
13.0643
9.26742
7.9855
9.89176
9.358
8.765
14.6587
16.1591
12.753
14.553
15.8474
12.3299
12.089
15.8736
8.81738
10.2557
11.7078
10.6661
14.0565
14.624
13.3226
13.1511
11.4791
37.4333
34.9485
39.8939
34.2417
9.0865
9.73084
11.7445
14.578
10.5414
11.5765
12.088
11.4886
9.50169
11.3833
10.765
10.5744
11.7195
12.3211
9.73739
9.98246
12.2968
9.90694
12.0511
11.3081
12.3957
10.1448
12.2255
11.4565
12.5814
10.7477
9.57569
11.8249
10.7796
11.8576
11.6986
13.8909
13.1804
8.54752
10.0625
14.3812
9.81565
11.9773
11.9629
11.5002
11.7243
11.2128
10.5253
12.0279
10.844
12.6913
13.908
14.4187
12.3419
11.6957
13.3324
12.7044
9.8484
11.711
13.9521
11.7381
20.8228
16.9766
11.8755
18.2638
21.1294
10.8487
10.9862
9.6408
11.3494
9.74724
11.2697
8.13259
9.62125
11.8913
9.91317
10.716
11.7167
12.9543
12.4253
13.5548
12.6534
13.2842
11.5726
8.55237
11.8811
19.4932
13.9499
13.906
14.5148
15.9321
15.2284
15.961
22.5067
15.2394
15.6186
28.9205
27.3073
23.3015
32.1843
24.882
30.6868
24.5292
12.7467
12.5371
10.9959
12.9972
10.5776
51.7216
53.7494
61.313
52.7096
81.0317
68.5317
58.9421
13.6148
14.4982
13.667
12.7709
16.6452
13.5596
15.367
12.5793
14.5104
28.8274
24.6114
28.319
23.7947
21.6985
18.4173
20.4673
22.6739
23.4329
24.6989
25.0902
17.5997
18.916
29.8032
25.2783
40.8179
39.4342
42.5692
44.5875
15.8319
15.0394
15.4266
17.8295
15.9881
16.5119
26.9249
42.9646
28.1882
42.7106
42.3456
41.6691
20.3154
25.9573
37.8246
36.7295
24.008
38.6338
33.0652
34.4587
30.3618
32.3014
31.4763
30.2768
33.9399
33.1119
14.653
12.7305
13.3165
12.1879
15.5763
13.3172
36.5348
33.897
32.3242
41.7928
41.5652
49.1966
36.8772
32.0461
15.0413
33.2382
36.3154
33.42
102.997
88.8419
104.199
87.4538
101.452
109.848
101.193
84.5649
105.362
76.1979
71.7473
110.868
136.983
110.591
80.7195
98.0512
127.242
106.234
114.94
106.169
102.605
149.455
155.475
140.025
153.951
131.401
133.468
98.1161
13.7401
15.4814
15.6334
18.5855
15.2843
16.0776
14.7307
16.3063
16.7874
14.4301
12.9807
17.7073
17.2795
14.2486
15.5531
11.185
16.1788
13.5845
12.146
12.2622
12.0306
11.3727
11.2071
16.4837
17.0883
13.208
14.9605
14.4142
14.7119
10.9624
11.3948
10.3419
11.7058
10.8515
11.007
10.4887
11.0434
105.701
114.908
128.221
96.4371
117.12
20.8521
23.6992
19.2961
24.532
19.8402
21.472
13.4671
6.66041
9.12999
5.34427
12.0355
6.13247
6.56927
16.5342
18.4148
39.1718
17.399
17.5544
15.0235
46.2133
45.6483
28.3088
52.4313
19.0033
2.54215
2.53841
2.54257
2.57829
2.58501
22.8164
25.0181
24.2027
26.3858
21.8647
21.5083
28.7802
35.7032
32.3488
10.3339
10.987
11.4301
10.9106
7.90741
8.80348
10.8154
12.699
12.3022
81.0859
69.8357
70.7706
52.7364
63.5574
46.3002
55.8307
82.2491
75.9508
62.8581
51.0188
56.0961
92.6058
43.9235
19.8453
26.6797
28.8235
28.2417
15.0371
12.0431
9.56069
28.692
35.0641
57.3473
40.4949
76.0706
117.642
10.6361
10.9277
11.2965
11.6752
11.4254
11.2335
11.4772
11.2615
10.5568
13.0084
9.62322
10.0604
9.20503
13.3128
10.9544
8.42736
11.8102
11.7947
12.2324
32.801
39.3627
44.2633
47.545
35.0671
49.8813
49.3943
11.9862
11.3581
11.089
10.7319
11.3567
11.5706
18.015
14.9394
16.1843
16.7578
14.9719
14.9265
13.7055
7.75015
9.5829
8.3819
10.1676
8.21605
13.5238
14.3942
13.5771
14.4868
13.7907
12.8328
9.70115
9.70039
10.0398
7.92983
8.19422
9.71678
10.0122
9.63069
9.72532
8.69016
10.9862
11.5547
9.9194
30.9939
20.0916
39.4988
23.8645
38.7252
16.2589
25.183
28.1738
19.7074
20.0967
11.1571
27.3896
16.7036
22.948
9.75388
10.3151
18.4573
32.9708
17.9975
14.8092
13.1629
10.7255
10.7408
10.9477
12.6011
12.7296
11.5029
10.1048
13.399
12.7488
11.4463
10.9874
10.1483
10.0247
11.7817
9.23615
12.373
14.8788
15.8322
10.2074
13.3717
14.7556
11.4615
13.0193
16.5597
16.4472
12.6791
14.1009
15.179
16.1816
16.3306
24.2682
16.8318
13.3116
18.7579
12.5353
12.6145
14.266
15.3172
10.9456
10.9885
13.98
31.4469
33.4318
31.2792
25.2389
34.4216
25.1488
25.7221
24.1666
25.1894
20.9959
13.2706
20.5123
23.4568
22.413
37.0706
56.4957
50.5128
51.9265
91.2933
52.5223
26.5631
23.3162
23.9557
20.5833
24.3964
21.7725
29.5894
14.0609
12.7799
16.9682
12.1784
15.2008
12.4472
11.7749
12.6462
12.3381
5.71764
16.6708
4.98725
6.75746
19.6561
19.8062
6.42863
3.05823
6.22529
2.93106
4.06384
5.61622
16.5284
18.3024
50.6546
53.3099
60.6692
46.2844
64.0251
58.7979
44.6795
58.4808
47.8942
28.9305
22.8076
24.2698
26.0385
22.9878
28.2962
23.3465
150.121
107.723
159.785
119.898
76.9164
93.0732
92.9673
78.308
64.2687
68.3945
98.0521
107.857
110.138
103.193
90.8226
93.6695
106.358
119.883
135.437
13.199
13.2879
9.81484
13.8886
14.0284
14.3214
8.91093
7.79897
8.98721
9.22451
8.79703
15.4759
14.5309
14.0108
13.2751
14.326
14.1429
14.7621
11.935
13.2641
13.8745
12.526
15.5961
13.8686
14.2732
13.0346
13.1653
12.5247
11.7374
10.3316
9.96987
10.2364
8.98123
10.1263
9.84421
9.86543
8.01038
9.12938
9.32381
11.3472
11.5796
11.4141
11.8946
11.7763
11.1414
13.2955
15.6437
15.5641
14.3367
12.9468
14.3288
15.0408
13.2003
10.7285
12.2596
9.61303
9.2783
11.3458
12.9067
28.2119
34.4842
26.434
60.0885
16.5451
14.9916
13.976
14.5175
16.4577
13.8898
12.4747
12.3978
12.8704
11.417
39.12
30.4224
44.2188
49.7274
44.7869
33.6266
50.569
44.156
61.8433
48.5848
65.3311
41.6271
39.5931
27.0992
26.8389
33.4913
40.343
26.2177
42.7708
29.9151
20.9339
32.8099
32.4208
38.7235
26.7492
40.1353
26.6319
41.3305
23.5902
15.888
15.0168
14.7537
16.1554
14.6134
17.7512
17.2963
17.4691
16.1469
15.8859
15.8542
14.1838
11.6089
12.7827
13.3075
11.9719
11.2486
12.7051
11.2894
12.3269
12.365
11.2885
11.3769
10.7964
47.5173
22.7616
24.0643
25.8453
26.5277
11.2469
12.4417
14.3178
11.5703
16.1815
12.1638
13.7818
16.9556
16.1498
26.7049
26.8555
30.5676
28.4565
28.1428
27.1575
23.7473
81.2554
46.97
41.0597
75.3585
72.3327
44.7847
55.0853
45.4265
21.7528
96.3618
91.9713
76.2052
61.5399
57.2986
74.2877
51.0508
10.1684
8.67065
8.06497
12.7061
11.3567
11.2398
8.56624
10.2547
9.28226
10.7652
10.1658
12.9823
10.6465
12.3614
35.0409
33.91
28.1888
22.0555
14.5642
30.6403
12.0629
27.858
55.3443
48.4353
41.48
68.1257
59.6218
50.2525
55.5602
36.5503
51.9182
47.5933
35.2643
33.3222
10.1383
11.6129
13.3734
14.9039
10.8391
10.7628
8.21346
8.14322
7.50719
8.05025
8.59116
8.37925
10.1628
9.15009
8.96339
27.3227
34.1928
36.5883
45.0155
26.748
24.8387
24.4675
21.9936
54.8583
43.8995
44.6694
41.1388
34.5267
46.5532
40.2048
38.1755
25.1072
24.9863
35.0623
32.9239
24.8098
47.4948
31.0518
59.4798
58.9738
32.1938
66.1516
55.9407
30.1182
7.69843
10.9225
20.2451
19.131
15.8691
8.83097
31.8009
10.1656
11.8554
18.1356
11.9358
7.84375
8.43902
6.82884
23.0236
16.8126
8.13326
5.88096
5.41842
32.7213
29.7177
7.81253
3.00976
29.8937
42.8733
16.253
13.1347
11.8308
12.5688
12.1805
8.96588
9.64054
10.8347
25.5305
21.0776
31.1237
18.4465
28.5341
27.0741
13.9551
27.7562
18.1553
12.2762
47.7967
39.4779
68.9539
37.7018
34.2927
38.706
43.5682
48.0885
56.8234
107.109
43.4991
48.0136
53.1458
42.8761
49.2503
36.1009
37.634
38.2914
56.7873
68.2267
98.2585
15.0014
16.2744
18.076
13.3561
14.0038
18.523
19.0718
29.0644
48.9595
26.8044
35.5353
46.8609
41.4675
14.8192
14.3868
16.2081
10.8137
10.1686
51.8364
46.6811
93.9923
56.8773
86.2838
75.4925
79.5597
19.2155
9.77633
10.5456
14.5566
12.3787
18.9859
14.3588
16.8059
12.4528
18.1237
15.6959
23.1627
10.3778
7.77688
8.25462
8.10404
8.62587
8.77333
8.76589
8.85482
16.3334
14.6135
24.2947
30.7711
19.5839
25.6393
28.1534
24.4385
28.3545
2.90981
2.65489
3.14447
2.89074
3.20402
2.82259
6.1409
3.15453
3.73946
10.3509
11.165
8.37901
18.7781
4.06945
6.37618
52.6378
62.4657
58.5135
77.8705
61.5602
40.3938
10.9066
11.2615
10.8424
15.3595
14.1915
19.2755
17.9793
15.6914
17.3213
18.0283
11.2464
9.72461
17.0409
46.5658
26.8652
27.4468
24.4135
43.7392
47.3762
35.3141
40.0242
16.9436
31.9972
34.3882
30.9258
11.7202
23.1644
32.1485
12.5843
13.3534
13.7407
8.57651
9.92671
11.0393
11.7699
13.9398
14.5783
10.2711
5.66907
4.39434
12.6041
10.0531
3.73738
13.9424
10.6583
9.40543
10.7105
14.1139
13.2974
13.7956
13.2766
17.8671
16.1648
12.5133
11.9365
26.4052
39.1546
42.145
29.9118
36.704
36.8876
36.1438
29.3069
26.8216
11.9182
11.2978
12.2048
13.9671
14.5022
17.4005
17.2321
13.7665
15.3401
20.9017
21.8678
23.891
18.685
36.3199
45.0211
38.576
33.3401
40.7482
31.9252
26.2953
39.7563
37.4043
11.5389
9.83021
11.7866
11.8019
10.0517
11.3288
12.8158
11.0835
13.0539
12.4464
13.1556
12.6103
11.0444
14.3998
12.4505
13.7292
12.4363
12.8735
11.9325
12.6183
15.7601
11.7971
9.22807
12.2632
12.9739
11.997
21.9555
21.5921
16.1648
18.5185
21.8804
12.5491
8.7063
8.59308
35.6235
15.0606
20.2094
7.5615
14.5394
8.1233
8.04915
8.67322
9.41573
15.3056
10.9876
10.2817
11.8466
10.4738
10.7277
11.9837
9.07052
19.5181
25.3665
35.1181
13.2913
21.7965
18.5915
18.8228
17.456
31.0284
28.1176
12.5043
10.2919
11.0004
10.686
10.5242
12.9589
11.7137
9.43324
10.2424
9.23535
17.6867
16.872
14.2932
11.7142
19.2114
28.4761
21.4561
37.592
18.9258
19.3987
10.736
10.1088
10.7837
11.5891
10.2884
11.5925
12.396
9.77812
10.9112
10.4655
12.2746
17.0451
18.3388
18.357
12.9467
16.6701
34.244
29.1556
67.7533
29.2412
18.7947
13.8047
10.55
13.0531
15.848
16.0352
12.0563
36.9616
36.7562
40.3401
37.4434
37.2131
19.0279
40.8974
42.6685
38.6255
29.4987
28.8635
30.1359
26.9017
52.955
35.7246
40.4695
48.4972
61.3705
51.6584
12.1166
12.6056
10.4764
17.1984
26.0021
33.3021
43.1789
49.1511
33.8755
40.8545
33.7903
39.5421
70.3848
49.5971
83.0303
26.3919
20.5805
30.1142
17.0606
57.2145
91.5544
66.1535
54.182
63.2494
43.524
96.1635
91.5607
71.0216
89.1288
88.2098
35.5969
58.2033
41.3593
64.2947
76.596
131.035
96.4703
48.9816
78.7392
51.9769
77.3952
122.3
98.5326
80.6897
58.4981
123.565
94.846
50.7854
43.3287
131.237
122.384
100.221
46.9039
49.6375
34.6449
51.71
39.5499
44.7379
40.7738
58.407
58.0255
31.2584
27.26
52.9878
29.3907
34.314
40.0558
42.2852
61.1067
47.7951
88.0087
96.4169
71.6097
60.4655
42.3454
54.7289
62.52
57.9033
84.1854
91.8886
88.7838
71.7373
56.3505
52.6432
43.6465
62.128
72.2681
6.74941
11.7433
18.6009
25.9537
23.585
24.3254
11.3605
3.80992
4.97056
9.67894
4.33837
19.8134
13.0379
15.714
9.62841
21.8766
11.6144
18.0745
11.8665
13.9999
10.461
14.9949
7.83456
7.90791
8.33884
8.22134
9.07139
8.69159
8.92041
10.6669
11.2051
8.25611
12.0033
10.8241
11.1501
12.0138
12.3403
14.9733
13.7558
5.03285
6.70677
13.6023
4.39444
8.51962
8.20197
3.92783
7.28178
17.8385
9.07642
12.5732
19.7054
17.6489
9.60784
13.2683
10.5938
17.5008
9.94875
16.9878
10.193
11.3184
16.5829
10.2072
14.2044
18.3263
16.3296
16.0246
18.2999
17.2709
11.7896
12.6085
12.9378
13.9601
11.0768
11.4483
10.9637
12.0939
12.9946
13.916
17.628
12.5145
8.80737
17.755
15.57
9.50958
9.72802
30.5395
26.5885
7.84491
13.9642
10.6612
10.1162
9.96166
10.9266
11.3128
7.84522
8.32169
5.67893
8.0566
10.0476
5.42282
7.6782
7.19486
3.71258
17.4191
5.62016
32.9516
22.0802
26.5448
21.7128
21.7577
14.8743
17.5763
19.9597
35.2966
29.5646
27.837
28.9656
23.4704
17.7319
20.5636
26.6705
13.6975
11.9354
14.4301
11.3095
12.2778
11.9174
14.3721
14.4812
10.9082
14.8273
12.6793
12.2725
12.2755
13.3675
12.527
11.8232
12.3926
12.3395
13.5024
10.3384
10.8853
11.8258
11.5028
13.5874
14.8019
15.4107
12.7332
10.705
17.6226
16.6906
16.4127
14.3454
23.867
29.4693
33.9259
36.6689
28.2122
33.0613
31.5547
33.5564
15.4223
16.3424
16.5539
18.5486
13.1792
8.78283
4.53775
19.9568
5.39512
7.46319
5.30215
4.84962
5.5991
4.73088
10.0063
12.4247
12.3205
10.5691
10.4177
12.2457
10.4224
11.6805
10.6458
20.9573
23.448
27.4497
14.2529
11.6656
8.32192
15.2171
9.71851
10.7901
16.7488
8.49405
9.22152
14.8601
14.0784
14.125
19.1526
10.8866
23.0007
14.3288
11.1241
15.1014
14.4507
8.93724
17.4573
15.2351
15.0131
10.6861
10.9502
9.51503
10.2727
17.6683
16.3749
15.4024
17.3754
16.3121
10.6279
11.7026
8.90945
10.1511
9.99885
18.4952
18.8447
20.1758
16.644
21.4955
19.9119
17.0627
12.1176
11.7662
10.581
11.0234
11.2737
9.88495
10.5486
10.0544
9.40985
9.71371
9.68499
10.193
10.6391
10.5898
9.72378
9.53892
8.43293
10.3597
9.06584
11.1136
9.47118
10.2445
9.51271
9.7673
10.0553
9.33559
9.37354
8.2137
9.48546
9.93243
9.2567
9.09476
11.329
8.35684
9.05562
9.08593
9.57568
8.34941
8.25434
9.48054
10.16
9.15609
10.0184
9.52389
9.67016
9.15553
9.28424
9.23093
8.46327
8.08626
8.8607
9.07094
8.24067
9.25218
9.22907
9.17833
9.11801
10.539
9.49226
9.56018
8.29042
8.80105
9.61243
10.9521
10.247
8.50752
10.601
10.5943
10.6884
11.2779
10.2253
10.4525
10.3691
11.2774
11.0702
10.1777
10.7887
12.0387
11.5402
11.0237
9.35853
9.13694
8.78657
9.59366
8.70424
9.65355
9.26284
9.39414
10.2879
9.28112
9.39138
9.37031
5.80229
6.05896
6.54531
4.60517
3.6399
6.7681
5.06874
9.56595
8.18814
14.1705
22.7732
23.4318
17.7344
11.7691
20.6988
21.0001
18.7668
24.7041
22.306
19.6719
27.9201
24.6669
20.566
26.0133
12.6815
26.8893
16.0468
11.3729
23.6507
8.09539
8.16818
8.43998
8.16569
8.65061
8.25306
7.9658
8.34986
8.96087
8.09201
8.73234
8.21136
8.02041
8.16606
9.22644
8.96435
8.21708
8.05794
10.0063
9.61152
9.6863
9.33043
12.3381
9.33011
8.7258
8.68797
8.12275
8.27901
8.42742
8.29825
8.32776
8.00722
9.59555
8.17407
10.3384
7.9525
9.62902
8.87193
9.96445
9.74537
9.64098
10.0777
28.5968
38.6642
32.2128
30.9099
38.3354
22.0508
27.821
23.3643
24.44
8.98469
9.87671
9.91864
7.997
8.60128
4.94326
4.26978
17.3235
8.41571
4.47936
29.221
18.3129
20.0496
23.5499
27.5838
8.45238
9.46855
8.49622
9.76099
40.3803
38.7186
39.8074
44.589
62.3977
75.9068
11.5344
12.0572
10.6711
10.7349
11.6493
49.4611
56.2454
36.9686
10.5764
10.9095
11.1976
10.1459
11.4304
9.45978
7.85669
14.3679
14.0131
16.7548
12.6885
15.9343
16.0589
13.5706
9.89621
18.6144
20.1721
20.0393
19.0066
18.0345
17.5688
17.0842
32.4653
63.3929
31.008
29.1519
34.0022
33.0129
24.2948
25.7423
26.6465
28.0501
19.7374
20.0453
19.086
27.7041
27.7277
34.0589
40.968
28.4415
36.2853
39.1953
34.7565
27.4939
21.5228
23.1164
11.2276
15.7414
20.629
18.9823
15.5444
24.3037
20.3976
21.4044
20.9673
12.9217
17.3192
14.2025
15.244
12.7428
10.0068
17.9416
16.0694
13.6005
104.7
75.629
79.6145
93.7746
68.8786
39.3619
106.002
75.9075
82.3519
94.7991
59.3209
65.2098
75.2523
68.4288
50.94
55.1282
85.0227
90.1764
41.9104
29.438
18.3241
30.1483
38.333
39.8829
41.3832
10.2711
9.87699
8.62076
10.6931
11.1569
9.84174
8.95618
10.5046
10.3463
10.0369
10.6672
9.06546
9.99465
10.4589
8.78492
8.43455
11.8215
15.6997
10.0664
11.3477
39.2754
37.7556
14.9737
10.7418
10.2701
14.9098
11.4135
79.5357
36.1932
74.7221
57.671
59.1592
59.5333
73.7685
69.6717
69.0007
106.408
91.6991
83.5642
32.9311
113.22
127.192
10.3402
15.4896
14.6296
12.7918
25.0098
15.2356
12.1198
11.7088
20.3467
21.0426
21.432
22.3686
20.0053
20.2665
8.46253
8.22859
8.15501
11.4338
23.8301
24.6075
31.0862
26.4871
15.9342
14.4183
17.4796
8.90946
8.81184
11.4965
11.4453
11.4854
10.9486
11.8032
12.0214
9.45171
11.5845
7.91771
10.3989
20.7533
13.199
8.84319
11.623
9.85814
9.56139
9.98342
11.7513
14.9003
15.0701
11.0915
9.29403
10.3573
9.26663
9.16392
10.0173
9.45709
12.0009
15.5666
12.8091
15.6286
12.1633
11.7871
62.8005
46.5888
80.9139
72.4209
9.73042
10.5488
9.80751
8.60458
8.8214
8.29665
11.6017
11.4665
37.842
36.0868
39.4185
12.6324
17.2721
15.1143
17.9654
13.9435
11.3633
17.6005
14.0762
10.443
11.5482
10.5741
11.1146
10.8669
10.2314
10.692
12.0884
10.908
11.0437
10.317
10.4563
10.2924
26.3174
17.7944
15.5296
22.9496
18.5064
19.3515
23.681
8.5875
7.7376
8.58389
8.10864
8.6924
11.3165
8.3286
7.4025
7.46841
8.67956
8.3205
114.986
96.4263
96.1693
91.4393
74.4778
81.497
81.6389
21.0564
22.6982
24.4316
16.8732
20.6805
25.4128
32.0727
16.3958
35.4306
13.7407
9.87419
19.1743
35.4658
8.42875
8.29515
31.7145
10.5
10.2539
12.9452
14.0629
16.5604
31.421
54.1775
35.2499
29.9909
26.2131
42.1493
16.2645
11.8714
12.6576
11.7234
11.4492
15.5587
15.3289
14.9178
16.2742
16.9206
18.7581
34.9831
31.2807
35.4277
11.8656
15.1208
15.7162
10.3798
11.2581
12.5239
14.1229
10.156
10.6578
12.4367
10.1988
8.59666
8.32465
7.64921
8.64446
8.27798
11.2056
10.7655
11.3906
13.0608
12.4531
12.7446
28.9049
29.7667
16.6832
48.1445
36.8638
10.9063
8.48563
10.9727
9.03716
8.38099
8.46152
9.44162
10.3196
11.1454
15.2452
12.4659
19.9075
21.4187
14.8398
13.7318
22.6188
13.8328
34.7551
30.292
11.4209
25.4714
23.3018
31.5146
16.0465
26.7205
33.2636
8.48158
29.2071
9.65965
13.4066
21.6085
9.68621
23.7084
14.9826
10.9038
22.4199
8.57323
8.85139
8.24056
8.35488
8.03737
7.98694
8.49753
8.92083
8.24209
8.34363
11.2828
10.0946
13.111
10.9196
11.9432
10.358
10.9683
12.6606
12.2802
27.9797
28.6933
31.1194
24.2261
27.4224
27.9733
21.5543
13.7227
22.5603
13.9
22.9832
13.2271
24.6053
5.44419
6.57352
5.75861
11.6787
9.05952
4.44873
8.28351
8.59078
9.75773
10.1856
9.50408
8.53456
11.3764
11.3554
8.16841
37.5892
28.1275
30.7846
32.8709
39.7344
18.1604
36.9811
42.6388
16.6871
22.0257
22.0435
11.141
10.5928
18.7685
11.3351
11.1526
11.0375
13.2355
15.8658
17.5201
13.4917
19.057
14.1925
15.7173
11.03
8.6019
10.8477
13.067
10.8951
10.4761
10.5354
9.56399
9.63956
10.385
10.7972
95.6095
81.4081
90.2116
22.8792
24.0246
23.5448
23.2425
24.4156
21.4913
24.3577
22.6829
21.0206
24.6879
19.5851
24.24
20.1047
17.5935
5.06277
26.0805
8.86787
29.7748
30.8158
8.12366
42.4846
38.0939
62.5536
64.5174
46.8296
60.4095
57.8632
11.1126
5.29885
5.40287
8.46459
3.66389
3.27652
5.1953
3.107
4.4062
3.29801
2.96919
5.16883
3.84306
12.9123
12.1397
10.4513
11.6732
12.7362
9.65747
77.4907
57.6421
86.2458
51.7546
88.2443
70.3316
51.6207
45.3437
10.0282
21.9794
10.4764
15.5977
16.7834
31.5795
33.3728
30.0993
10.6544
10.4582
11.7289
11.3257
9.41886
10.2787
8.78549
10.1655
10.3663
74.0651
63.6394
75.2501
69.3569
71.7904
86.5032
12.4466
12.5914
10.4029
11.5844
10.684
11.0982
13.5679
12.3841
11.0665
11.2834
10.9002
12.5437
11.5876
10.8718
10.4729
12.7204
12.3879
11.9354
39.3937
40.1442
35.3641
35.7068
26.4485
35.6445
39.5474
39.0858
18.028
16.398
19.5386
21.0176
21.0245
19.0683
17.5365
32.8027
29.6945
36.6786
26.0539
36.8377
40.1143
22.2792
24.7526
18.1339
22.103
20.8597
10.8118
11.4181
11.0288
11.4131
12.8957
12.8858
13.3444
14.7992
11.5292
11.3231
10.5859
19.4192
23.7737
18.5301
19.9773
20.5798
16.3727
22.1418
20.2426
21.1103
19.9578
18.3591
21.1818
18.1836
18.7955
20.6788
11.4647
11.3323
12.2498
12.8943
12.7663
12.3583
11.4188
11.773
11.7004
13.3873
11.919
11.7441
12.0354
11.595
13.5803
24.315
23.5814
7.85773
8.64919
8.6549
8.15578
8.97868
10.9603
11.1203
13.8709
12.5746
12.1866
13.4122
13.5725
13.5241
10.5766
13.2521
18.9146
23.8485
27.4229
26.6474
19.5573
15.4939
13.4551
11.1571
10.8299
11.0526
11.1282
11.2809
9.84048
11.2506
11.498
10.987
11.8248
9.34851
10.5028
8.88809
8.86719
9.83498
8.26976
8.08511
10.3098
9.83661
8.48151
9.6418
9.89209
13.661
12.0184
9.33227
10.9895
11.4932
10.9221
10.084
11.0223
10.8022
9.13526
8.14865
9.70255
10.5941
10.4738
10.4233
10.4133
10.5825
8.03607
9.17252
8.15429
10.4039
9.13904
10.3105
10.416
9.54564
9.77019
10.984
8.91155
8.23008
8.61822
8.76043
8.37655
8.91764
10.9561
12.2508
11.7983
11.3953
12.6636
11.9824
11.4974
11.7635
12.8399
9.22324
9.93998
11.9002
10.0487
11.4524
10.5751
10.4983
9.47702
9.89526
9.47939
10.9044
10.5496
11.697
9.51077
11.6741
9.23864
8.5406
8.07112
8.05145
9.33145
9.65104
10.5778
8.90509
11.1679
13.724
11.8945
11.3512
10.0532
11.0301
11.9952
11.2845
10.4339
13.0575
9.25243
9.6122
8.9453
9.22194
10.4262
10.3756
10.7285
11.1906
11.3947
7.76513
8.23313
7.50274
7.86957
7.62547
9.34579
7.62424
8.97853
61.0188
55.6231
56.6388
64.3551
46.8478
43.0526
62.3522
44.5962
66.3548
50.7772
62.0383
68.1921
66.2548
82.3258
53.0423
55.0121
61.2288
91.3235
103.101
85.9149
82.5082
81.4486
11.5011
11.2905
11.0716
14.3136
11.4634
12.8831
52.9324
42.6217
49.8982
59.745
105.294
85.7349
80.5885
71.2528
75.0608
67.6637
71.6501
87.8615
67.9504
54.3569
36.1293
70.1483
84.3169
92.9833
74.2313
70.627
36.6964
43.2414
54.0506
32.6702
35.0285
36.7497
55.8687
53.1362
44.5175
76.7065
75.0322
56.7562
88.5747
67.7198
98.157
72.1931
65.8936
116.92
91.8806
79.992
28.9293
26.1583
24.2529
24.3136
23.1105
14.7917
11.9164
14.7834
14.8681
17.6632
12.633
12.6906
11.9333
11.2236
9.3771
10.8586
9.99606
7.55497
7.78648
7.72816
7.83848
21.2347
12.5875
30.9499
32.2588
24.7685
7.80223
10.8228
11.3049
11.3743
10.3525
9.98475
11.8111
9.81496
10.6428
103.312
118.626
100.291
87.1393
141.199
121.307
80.0652
81.4015
94.5325
57.316
96.6098
105.903
103.9
79.2175
25.1451
25.8072
26.3676
25.2056
22.5699
22.0497
14.4538
14.935
14.29
14.7074
14.7201
13.9603
13.9744
13.1847
12.8944
12.4944
12.3943
23.0442
22.3321
24.0394
23.927
27.5818
28.9149
29.8639
27.5817
28.204
31.1957
27.7134
31.7257
33.0527
32.0294
39.3979
85.3686
76.4478
53.4269
47.6105
56.9417
31.8214
36.3849
32.3243
34.3972
33.3396
29.2903
30.5645
38.0777
39.4618
25.5122
36.1276
33.9325
32.0173
25.8427
12.2964
13.0227
13.5727
12.3047
13.3995
12.1423
12.0447
10.6729
11.9606
10.2218
14.2015
13.2892
14.3655
13.0052
13.4342
13.6756
12.2662
13.9396
8.54085
11.6561
11.6294
10.4132
10.3834
10.4964
10.8452
10.5199
10.1442
9.13656
8.8209
11.4354
10.0637
9.94366
8.96612
9.64715
11.4442
7.17228
9.06802
7.80366
8.84595
7.70928
8.61279
8.41092
8.91211
9.54914
8.8103
11.4886
8.28874
9.592
11.622
11.0874
10.1303
12.9196
11.98
11.287
11.2899
86.059
56.0452
52.1206
61.7924
101.684
82.2026
68.4782
6.99892
10.8933
18.387
20.3561
20.8808
7.87101
34.4934
24.9473
27.5107
25.859
11.5681
12.9767
12.1466
12.3234
10.0428
9.86024
10.4654
10.3721
10.3466
9.84059
10.2742
10.3849
84.831
79.2498
113.804
87.4321
77.7687
68.574
71.9194
70.7035
76.1584
56.7157
73.0635
83.7751
78.5563
43.6247
64.7334
70.9948
17.8103
25.5806
11.0117
15.2975
25.9882
19.6238
10.6978
13.3343
12.5018
13.2047
12.3558
14.1899
12.9594
20.2825
20.4261
20.0046
23.3217
20.6393
11.4712
10.5059
9.32815
8.62657
8.91426
10.2799
20.6292
17.4137
19.8334
13.358
19.2131
16.3
23.0555
9.96291
11.1602
11.1278
11.1961
10.1923
9.76991
12.5282
8.78652
9.73204
9.647
10.3499
10.5435
10.246
10.2435
11.0478
10.3866
10.3965
10.9399
10.8975
11.0173
10.5494
8.83272
8.83867
10.6058
11.882
10.8964
9.29159
9.55792
10.3199
9.95982
9.40957
7.72632
7.83484
7.50683
7.3569
7.62875
7.16469
17.9476
19.4052
16.961
15.0153
12.9198
16.0654
18.6096
21.1495
11.539
20.1269
50.2257
61.9508
67.8957
59.345
48.1348
41.2897
40.3365
40.8577
23.0748
21.9325
18.6018
22.1594
16.9811
19.1222
19.1575
18.4597
28.4201
32.6351
21.5188
17.9724
23.9204
16.0716
15.6596
255.924
407.396
418.082
326.665
365.983
24.7861
9.24743
9.50133
8.56019
8.70246
10.2038
10.1702
9.88611
32.6183
34.488
23.7833
21.9228
31.3501
27.0936
61.2049
53.624
49.4504
75.188
37.5403
76.6944
66.2694
63.8388
31.0675
36.5874
27.1352
38.5563
43.3049
34.6033
52.8011
9.77422
11.8221
12.6328
9.58573
11.8116
9.24035
11.1642
10.7019
9.17607
10.2414
10.3757
9.37008
25.2661
20.2604
17.0962
17.5797
19.8185
17.9744
20.7114
9.80829
12.7145
21.6721
10.7453
15.5281
22.6584
12.9961
18.0486
14.9491
11.0491
4.32488
3.89849
4.1241
4.56093
3.8423
5.82302
3.47729
4.1952
11.9321
12.0488
18.6712
13.6005
13.0393
64.7686
37.5432
54.1892
65.6159
60.2949
58.3788
71.2809
72.9608
17.7552
17.7458
14.0061
13.1136
24.2633
8.71657
8.53053
16.5085
8.65623
7.51794
11.0943
11.4756
13.5153
10.7776
10.7819
12.7258
10.4239
21.0909
17.3702
17.9519
16.2178
24.2492
14.8409
18.0675
21.1071
26.2873
14.7155
11.3181
11.9206
8.10425
12.7155
20.5913
4.74939
4.77313
4.21042
29.2021
10.2916
21.1882
17.8723
21.4694
17.3826
22.2851
9.3171
10.1073
10.5659
11.5012
10.5818
12.3667
11.2678
14.0622
13.4502
9.6009
11.2318
12.1677
11.9433
10.4715
9.63359
33.2088
42.0674
47.4795
48.7091
51.1199
50.0255
28.2208
45.9276
40.9154
51.9947
35.2943
38.1595
54.4321
66.1825
41.1972
47.6928
46.4755
71.2345
68.2118
68.6876
42.7533
49.6093
60.7523
67.0075
63.7546
10.9234
10.5928
9.53514
8.4298
10.6384
10.278
9.62809
10.0691
10.0695
10.9411
63.6139
66.5197
54.6077
59.7796
75.2058
81.2283
53.4686
72.7215
84.7764
9.98845
11.577
12.0083
10.4813
11.2759
9.52567
12.8223
10.1685
10.8993
7.17484
7.94776
4.78976
5.71906
4.14777
6.94754
5.6201
8.42275
8.93288
8.57076
8.35193
8.04966
8.00446
8.80604
8.17456
9.1828
34.0225
34.9024
33.506
18.2156
35.8402
36.1689
26.9061
39.2993
27.9821
8.11605
7.48911
7.66844
7.82244
9.58443
7.33689
10.0504
9.61028
9.80656
9.56279
9.1698
9.14114
9.84778
9.54218
9.83023
8.75682
8.61052
9.58749
9.3518
22.3002
13.3918
22.0666
17.2402
28.8653
11.7063
17.6239
12.5939
13.1739
15.4223
21.0559
22.8811
23.3768
25.1844
12.1253
15.1693
25.8225
25.0063
8.35758
30.3054
7.2134
32.3882
10.1143
9.78326
9.68141
9.3572
15.5886
18.5367
17.1519
10.1311
19.0763
21.2204
9.08076
36.9469
40.9147
38.4875
39.9786
31.2637
32.8989
8.11489
7.96467
7.96524
8.44554
8.76515
8.67257
8.24868
8.63244
20.1916
20.8277
9.12172
28.6846
18.097
22.6989
24.6156
21.1492
17.0542
16.5862
8.55266
8.17121
9.21895
8.77517
8.71687
9.40493
9.52392
9.42031
9.435
10.4517
10.5359
11.5162
10.1665
9.31042
8.64968
15.1546
9.91397
8.28546
12.408
8.37259
8.09156
9.48506
9.61197
10.1309
9.7463
10.0247
9.25588
10.4461
10.3779
9.70227
9.91551
9.85791
9.19092
18.1498
13.3614
10.3661
20.7653
23.0465
21.2892
28.6098
28.7978
24.4543
8.25291
29.2068
22.0477
17.8089
18.6632
17.5422
14.5144
14.7545
17.7311
20.3519
16.1136
6.73042
8.81128
11.245
18.6846
5.39665
9.57866
10.0902
4.38935
8.54207
14.9854
13.2434
21.5041
25.8329
10.1677
22.0999
20.1258
22.5911
10.126
14.3248
9.82625
13.325
12.3658
11.7965
8.9805
7.76319
15.6423
5.11855
7.71339
11.1662
7.16444
4.32151
4.60937
4.60899
4.93891
4.29823
4.57649
5.44859
5.63226
5.11428
8.20548
38.9815
35.5034
38.0399
44.8514
52.1275
32.4143
28.7793
43.6789
27.6903
47.1054
51.071
34.2547
32.8947
15.7816
25.8624
22.1464
29.1252
16.0752
30.3741
27.0042
26.8368
12.3612
16.7051
13.3445
14.4682
14.0202
14.1657
17.825
9.98613
11.6866
9.19764
10.7598
10.8725
11.2643
40.1769
51.6323
66.1877
61.0695
57.8899
56.2166
39.2358
11.4337
10.8625
11.4633
11.7697
10.4227
10.8534
10.5253
9.27779
8.79152
8.52459
9.8197
9.27733
9.39649
10.2224
10.6614
9.42574
10.1813
10.6257
10.4312
11.2332
10.9399
10.5414
11.0568
10.741
9.11813
9.17028
10.5082
8.79825
9.29096
8.88046
9.69063
8.89978
9.45049
8.2995
8.61279
8.82431
10.3888
10.1595
10.5429
11.3232
11.5899
10.061
9.67242
9.98356
11.863
10.3145
10.6739
18.3708
12.351
18.1499
15.6373
18.1274
15.4188
14.8858
13.5969
14.1403
13.3569
11.6378
9.74158
9.52289
13.4258
12.913
12.336
10.0668
9.39688
8.47378
8.86751
9.97759
9.28008
8.06392
8.54113
8.299
8.36221
8.04073
20.0583
24.5068
23.6074
19.1685
17.8917
23.5578
23.1599
18.1286
19.986
19.457
59.2872
41.2836
54.5677
49.102
53.6141
59.7238
56.6375
16.1055
15.4437
11.3383
14.1363
12.9182
11.8789
13.6496
24.177
26.1719
30.4682
16.2285
20.7164
20.3847
18.808
22.9915
14.9507
9.62857
16.4396
16.5167
13.7366
9.17371
13.0952
13.6648
16.2817
10.3936
15.0711
18.9301
11.2612
13.0141
13.3942
14.5212
13.042
20.2739
11.1515
11.4943
11.6289
16.7109
11.8456
9.98173
10.0535
12.5592
13.1026
10.5616
10.4455
11.0211
9.02745
28.2364
23.8267
25.8684
19.5685
17.5905
24.7924
30.3098
10.9912
10.5794
14.0758
12.4084
12.6758
14.8354
10.7619
10.1549
18.0907
13.5906
30.0282
31.4469
27.5005
26.0704
20.3725
18.35
15.1794
20.1398
14.2195
19.4779
11.2421
5.53817
14.3883
28.4471
22.0345
21.2157
22.6375
5.22136
13.9083
10.8853
10.0158
24.6646
14.5315
34.586
8.96805
9.43662
13.5233
15.0387
12.7286
10.9008
5.45834
9.53682
4.58633
4.59329
12.9044
9.41372
9.6077
9.55522
9.88249
10.0709
9.5623
10.5363
14.4182
10.4462
11.7115
10.8436
10.3309
11.8319
14.529
12.3863
12.5447
52.0511
62.5044
42.7262
40.5921
60.6874
59.6863
61.9606
19.5511
27.206
16.1011
19.8006
32.2681
25.1989
18.7091
28.8328
8.6599
8.96186
9.46595
9.16798
9.67033
8.86225
10.3473
8.73583
9.4535
12.9722
11.2412
10.441
13.4396
9.42305
19.7561
7.74667
8.99667
7.18495
8.50225
9.45721
11.6088
9.36351
9.94812
10.3474
10.419
8.58235
8.86328
8.02351
8.48485
8.71242
8.47668
8.49573
20.3393
20.1207
20.5025
19.0666
18.9182
18.1986
19.367
10.8802
13.6218
9.13685
21.6771
21.3801
20.1489
30.221
76.9478
64.5271
58.2752
89.4947
69.7626
73.6994
81.7263
77.597
14.8713
15.2566
8.91528
13.7955
13.6692
13.847
10.6242
10.1994
8.28483
9.37064
9.07233
8.73513
10.5533
9.2266
8.30858
8.38517
10.0428
9.6864
10.166
10.4636
9.33065
10.2561
9.63554
10.1382
9.7514
9.27321
13.9008
15.4369
15.8958
13.2075
13.6609
10.9139
13.5182
13.5469
13.0285
21.4086
23.389
28.1712
25.4647
26.6188
8.27433
8.61826
7.69137
7.55345
8.24512
8.23033
8.3296
69.3334
58.5889
77.6584
66.1353
56.9246
82.7993
81.2201
55.3437
52.2695
66.7613
9.62446
9.53295
11.3427
9.77807
8.9625
9.60397
10.4593
8.3071
10.0736
9.62353
9.135
10.0429
9.19686
9.77151
9.36747
10.1814
9.96638
9.9178
9.60743
9.26154
8.83575
9.24648
8.50366
8.95212
8.99081
9.06103
9.02228
8.4913
8.3709
8.48701
14.8064
13.5747
16.959
17.7128
16.5399
27.0731
24.2148
11.4512
10.7193
10.885
12.9252
12.6745
12.8842
12.7944
24.452
20.4784
32.2125
21.3725
15.7071
18.1768
16.1144
16.8079
16.8491
25.7452
26.7623
25.4301
10.3339
7.34751
8.24164
25.2823
26.9516
14.6142
17.054
14.0668
26.3887
53.1331
39.0685
38.1236
56.1814
70.1932
46.7554
70.7529
7.77719
7.5298
7.22847
7.48879
7.72723
10.6275
7.56473
74.2593
62.5022
39.1008
64.8838
76.535
9.12995
9.49974
9.56647
9.17315
9.00089
9.03243
9.48908
10.3308
10.1849
9.41797
9.48628
10.1917
9.51589
9.33267
10.3009
10.1523
9.47247
10.2268
9.99256
9.88916
9.89858
10.6198
9.77562
5.44507
3.86301
59.2135
41.0664
45.6691
27.6294
51.6768
25.5742
21.2083
37.0776
8.72961
9.0553
8.39714
8.61503
8.34132
8.74564
10.2457
20.1508
21.1311
11.8305
14.0516
18.6818
20.2503
11.1199
10.9036
12.8507
9.28835
8.7396
9.28549
8.81854
9.91702
9.4547
9.09539
8.89948
9.16342
9.12991
9.67969
9.63546
8.67548
8.43737
8.85446
9.39739
8.55378
9.70206
7.71721
7.8139
8.86449
7.39806
9.66517
7.14839
18.2975
13.4307
15.9224
17.2426
15.6266
16.7227
9.70539
9.58059
9.93645
11.4731
11.8573
12.4269
11.6754
11.8721
13.1586
10.3149
16.1512
12.7751
15.1696
16.9297
16.3735
12.0164
13.3419
12.0534
9.20396
10.9179
9.44124
7.81471
6.3103
12.6564
11.6731
12.1782
11.676
14.2917
12.6736
13.8295
12.6286
13.2929
12.202
12.3166
15.8128
12.553
16.3757
13.9905
18.3904
4.55348
9.40554
4.36947
10.5003
7.52101
12.6002
16.8299
8.08347
5.3962
5.30587
15.2326
10.5936
11.3168
9.32509
24.0837
21.3019
18.1216
21.8874
17.7094
29.4438
32.2935
29.4093
39.4308
25.0595
27.3767
20.0494
41.8322
33.6908
48.2449
39.3018
31.4892
32.9743
8.39954
7.878
7.78268
8.09679
8.93688
28.3179
32.3295
29.0608
28.7541
30.3338
17.3429
18.0401
17.518
17.8266
19.9776
14.0413
8.47438
12.5863
8.09403
15.6414
8.16326
7.7916
33.3124
26.8653
29.1963
38.9321
41.5027
35.9722
47.0285
49.2836
52.6949
50.9188
18.371
19.3692
19.0005
19.2408
19.8947
17.8105
19.4409
26.995
18.4624
28.3339
35.8592
18.0445
5.85003
8.37499
14.2469
10.7472
9.14374
4.54472
5.23945
5.32778
8.58127
13.4314
7.89315
11.7862
8.18933
7.0956
14.5134
11.6805
5.1275
5.5472
8.85411
13.0676
12.5686
11.7588
9.56432
7.80554
10.9264
9.24636
13.1007
24.2213
23.2169
16.0832
13.7674
16.819
23.8753
24.025
17.0095
8.5319
8.59069
8.55748
8.09467
7.92333
9.87108
9.67946
9.04035
8.37668
9.17697
8.85734
8.90363
8.32565
21.2244
27.3365
45.9142
44.8132
47.0204
33.7302
36.7343
31.5227
36.2686
29.2004
42.5598
39.0515
38.2629
9.14823
9.32976
8.6716
9.3206
8.12051
7.90368
8.41468
10.5597
11.0113
9.39536
11.9183
10.3275
13.2726
10.7984
12.3649
10.8652
10.738
10.7568
11.5256
12.3426
12.997
11.1143
10.6616
9.85331
9.62559
9.49043
11.3498
10.337
10.9229
9.91933
9.66896
9.96961
9.60199
10.0787
10.0126
9.66775
9.56201
8.99269
8.29225
8.71883
8.86903
8.5419
8.53865
7.97426
8.04636
59.4668
56.3257
59.2981
48.4964
55.0416
63.1822
64.6337
51.2266
24.0106
24.8146
29.02
29.768
26.118
9.13677
7.469
8.42221
7.29853
8.14065
7.91485
7.16439
7.60034
9.35845
8.69322
8.61697
11.9783
9.53324
10.2603
9.26486
9.44913
9.42672
10.095
10.0278
13.6156
12.945
14.4658
14.1569
14.0087
12.2224
11.9759
10.8542
12.2481
22.992
22.8065
25.4621
19.8108
19.423
27.9299
28.3541
27.4183
17.9172
26.2292
22.6091
18.9898
20.9804
18.4103
24.7907
21.8351
48.6422
42.2938
32.6611
39.6731
48.7857
54.5113
23.1145
25.9846
12.0279
22.0029
15.0541
24.9044
30.8567
15.3603
31.4595
25.624
14.2866
11.0255
29.379
12.7836
19.2822
15.4154
18.7867
24.7787
13.6713
8.48481
9.47449
9.88687
8.12518
8.13199
8.7304
8.05677
8.09328
8.0252
12.1309
12.7205
7.96191
7.4526
13.5316
7.89243
8.23289
7.89195
8.16868
7.83767
7.79182
10.9109
9.73131
9.49336
10.7289
10.0686
10.537
139.928
70.0409
180.954
21.757
125.56
23.2345
15.1483
12.4258
12.7689
10.9848
12.4332
11.8737
13.6706
18.8761
16.1636
39.1569
35.4857
31.4039
44.0536
46.5056
42.3713
8.76311
8.64831
8.40198
8.10796
8.27622
8.13086
8.82946
18.5691
26.0886
19.3351
16.3811
26.9971
19.931
21.684
19.7002
23.8642
16.2981
9.4745
9.36468
8.77635
11.748
8.61796
10.6715
11.0399
9.27728
11.6127
13.1574
9.64617
9.43774
10.6653
11.469
8.4139
10.2443
11.0402
14.8572
7.37659
7.37017
12.9972
9.89431
13.2694
11.5539
10.6768
17.1372
18.4063
21.2
41.5013
43.3343
37.92
48.4145
60.3125
45.1759
36.0034
29.3817
45.0446
27.3902
33.4703
10.5781
10.053
10.0983
9.64492
9.55974
10.6011
9.55899
22.2214
23.5418
22.839
25.831
34.8518
30.958
32.1797
28.5976
33.0902
28.8912
31.5235
38.4534
42.1444
42.5511
28.535
21.271
21.3459
25.5104
20.3
24.0744
25.5112
12.1538
15.5018
18.6689
17.2972
14.0627
8.81477
8.22678
8.25342
8.45056
10.2147
10.171
8.29637
9.22763
8.63415
9.43643
9.07819
8.71252
10.0242
9.96349
10.888
8.39276
8.99534
8.75015
13.4791
11.4417
9.69088
9.18346
8.04515
7.96956
10.8627
10.3823
12.2735
11.0552
9.61023
9.65519
10.0618
9.16251
10.5307
7.71707
9.58541
8.33993
10.3269
8.00517
8.30646
7.75509
8.24084
9.81066
10.9102
9.96725
12.6198
12.3711
12.2646
12.2986
19.6542
18.2927
16.2629
16.0834
22.131
20.0755
20.2323
19.2989
10.9362
9.9717
9.43818
10.8318
10.4414
11.4738
9.76539
10.0123
9.56114
20.8881
22.268
21.1417
20.8824
19.4845
11.6116
10.5675
14.2468
15.2401
12.7994
10.689
10.1334
28.8763
34.2178
38.6819
40.8499
11.8364
10.1771
12.8951
10.8098
9.96417
10.6585
14.6409
22.2846
9.18421
18.303
12.4531
16.3225
20.0496
11.0159
8.16561
21.2473
20.8688
22.7303
22.5771
21.8638
25.7068
23.1188
14.2499
11.1442
10.1705
10.7575
11.7952
11.0693
10.6253
10.8266
11.7756
10.9632
11.4543
12.6908
10.3294
11.2986
13.1007
8.51975
8.42288
9.54699
11.4353
11.1705
9.66945
9.81816
13.5046
11.549
13.3335
13.6647
12.2119
17.6552
11.9584
11.7395
19.1337
12.1407
10.8666
13.8977
20.8133
20.0808
29.0167
20.0144
8.8798
8.87833
6.48876
8.11549
10.2486
10.4045
10.5912
6.80165
5.38589
5.27849
10.4614
8.71942
11.2436
8.91972
9.75494
13.3317
14.8034
12.7143
18.3818
18.9152
15.3271
18.038
14.2689
14.6866
17.6593
16.0571
20.6014
19.6613
18.0304
14.0423
10.5896
18.444
10.2398
11.8512
12.269
12.062
14.6217
9.61371
14.1209
11.1264
7.86097
7.65052
7.94063
7.16355
7.43734
9.81903
7.60924
8.41207
7.70864
9.00199
8.3085
8.1652
8.77796
9.30159
9.03672
8.96762
9.9971
10.0469
10.3423
10.7339
10.4866
10.2224
11.0089
10.1365
31.5165
33.5345
30.8883
63.2381
25.9596
38.922
51.1389
43.1331
45.8382
25.3727
13.9291
11.5278
21.4892
20.7045
16.4767
8.95011
18.114
27.1186
21.2765
26.0796
24.4008
15.685
21.3367
18.0152
14.4153
8.60874
13.0083
10.888
8.33368
7.39675
8.16538
8.85541
9.64802
9.25719
10.7381
11.2255
9.62543
7.76902
24.9173
20.775
20.5427
21.6911
17.6992
16.4713
16.7103
22.616
11.0319
9.41687
6.85516
7.22434
8.03564
7.6363
9.36096
6.25951
5.46029
5.35095
18.6459
13.9687
13.7536
12.8697
12.8432
13.1767
20.2745
19.1027
18.7567
23.3539
19.9594
8.83326
9.39066
8.94189
8.2551
7.98376
8.55321
8.05749
7.9996
8.12824
9.88731
8.98331
9.82132
10.0433
9.3338
9.38904
10.5065
11.2868
15.2455
17.4077
14.5228
14.2946
11.4533
12.9947
17.0213
13.8426
13.3536
21.7842
28.2108
23.439
25.2515
15.0795
21.094
25.3751
22.5059
25.4669
10.6499
11.2454
11.0309
9.77943
9.92849
10.8125
11.4416
11.0755
9.44062
7.78166
9.76894
7.57833
10.8633
15.561
9.82163
7.84388
30.7477
33.6238
41.8233
46.0963
52.2469
53.1085
50.4923
43.4273
41.972
49.0806
59.0122
62.3764
13.1931
21.1653
28.9553
17.8057
19.1509
15.2276
13.828
15.3565
10.1477
11.5524
10.6364
10.4707
9.91738
9.91456
36.1806
42.8111
43.1865
34.7078
58.5861
47.7629
53.2556
43.0513
54.4848
49.5665
4.74284
8.37995
8.40418
15.9725
18.026
15.944
11.5298
24.706
14.0206
17.277
15.9198
18.8789
19.1023
14.5143
21.1736
20.7805
26.5843
23.256
25.412
21.788
11.9956
14.497
13.6671
12.0031
11.9265
9.86182
8.27831
8.52209
9.09129
8.56986
9.50821
8.79714
31.706
28.8458
38.435
11.2808
13.6137
13.2985
14.4512
11.4388
11.3669
12.3113
11.5298
6.88079
8.94103
9.16893
8.94444
8.74469
5.80228
5.9852
9.47101
9.43307
9.6612
10.0906
9.51112
9.48828
55.8466
49.9691
60.8662
58.3672
40.0475
113.135
12.9301
9.43602
14.0744
8.33233
10.1431
12.6371
15.0562
18.1487
12.9322
14.2884
14.0233
11.155
15.6423
11.1244
18.1887
12.5681
16.0423
17.7364
14.9176
15.3594
17.7707
10.7044
9.57064
13.6034
23.0497
20.8945
21.1416
21.6802
15.5241
16.435
22.1733
22.1112
23.922
17.469
8.88068
11.5903
12.387
10.0967
10.1401
9.57191
10.3532
10.8279
10.4136
11.2038
12.2873
12.9082
13.7655
16.9278
8.31463
9.4053
8.30146
7.66368
8.98347
8.65002
20.2085
13.0175
14.0652
14.6366
24.1606
17.8931
17.2971
23.1598
24.4249
18.5425
14.9016
22.6873
22.9639
25.4906
21.1995
21.9968
19.4889
22.5925
19.2537
17.6589
21.2443
19.6646
20.2245
11.6973
12.1788
12.7106
16.3452
14.7318
9.97786
9.63263
12.6826
10.1762
24.4611
22.3362
27.0991
15.7848
14.4501
15.8007
18.1841
14.2141
21.7078
21.7456
10.173
15.2405
10.5926
396.78
31.5345
269.305
132.853
99.3208
18.5969
21.2937
46.5625
413.866
20.3611
28.0123
25.0989
21.5937
23.0244
17.8816
143.157
14.902
22.7453
15.6859
16.2316
16.5222
22.5255
20.7517
21.5956
226.658
209.44
57.8867
114.949
43.9882
78.3593
20.1615
27.0603
11.1199
136.948
40.8689
19.6649
66.8134
16.7126
27.2067
42.4331
56.7169
75.8325
70.7402
8.6256
23.2182
16.7007
25.6545
16.7857
26.4353
9.2115
22.4994
12.8715
11.774
20.0327
12.7027
81.5654
11.6107
68.1313
39.3499
10.7182
16.742
10.0726
19.6295
17.3932
13.7498
9.99662
7.37563
30.3502
27.8842
10.7008
24.4803
29.1404
66.4652
30.0489
81.0254
15.981
221.172
19.9194
46.2823
30.2474
124.094
151.729
116.582
132.423
131.665
15.0732
21.6532
17.0024
17.1673
91.5336
91.2027
216.419
172.669
107.641
116.818
110.171
117.44
85.1806
176.743
98.7067
284.349
177.755
275.815
215.172
127.812
131.022
206.312
94.686
173.613
107.184
110.591
44.8548
50.385
111.26
256.306
108.085
116.11
82.8771
157.389
140.388
149.87
164.017
105.72
240.511
243.199
76.0163
59.2572
)
;

boundaryField
{
    tank_inlet
    {
        type            fixedValue;
        value           uniform 2.58;
    }
    tank_outlet
    {
        type            zeroGradient;
    }
    tank_walls
    {
        beta1           0.075;
        blended         false;
        type            omegaWallFunction;
        value           nonuniform List<scalar> 
4233
(
52.6523
541.364
41.6959
41.6959
347.392
296.118
62.5851
657.701
28.1843
40.6488
33.1409
39.6915
56.4299
33.3152
34.033
181.657
62.9714
36.6104
42.9493
39.5313
43.3986
698.433
471.611
293.405
126.017
295.382
312.647
469.422
33.5014
29.1597
38.4231
509.087
520.798
247.408
31.9822
31.9822
41.4419
185.729
28.1936
25.5614
23.2705
39.5715
39.44
35.4354
22.5473
20.9224
20.9224
33.2373
37.7383
25.6769
36.9766
41.368
41.368
75.9324
68.5315
68.5315
85.748
82.2933
64.8453
64.8453
91.1531
76.8673
79.1209
85.2604
297.214
67.9127
67.9127
61.0825
43.4768
63.803
63.803
61.8703
62.7073
39.7588
29.8152
48.0895
48.0895
73.6192
31.8683
59.4931
42.3707
32.0711
32.0711
31.0569
55.3413
62.412
50.0061
50.0061
33.5475
33.5584
33.5584
57.2164
57.2164
29.9654
26.8965
26.8965
57.7835
128.911
26.6065
26.6065
81.124
52.6503
52.6503
28.7488
27.6094
27.6094
53.2637
25.0059
50.362
40.5484
40.5484
26.8943
26.8943
33.0285
33.0285
291.97
345.256
527.051
301.151
25.0843
36.2598
45.4057
41.1879
41.1879
47.1845
47.1845
38.5808
42.424
41.8945
27.7678
27.7678
44.1325
44.1325
46.0728
50.0435
36.5723
31.7116
36.2689
36.2689
32.4548
37.0414
36.2385
36.2385
43.7843
36.9098
36.9098
41.7523
31.0201
46.6378
46.6378
39.1446
36.9729
33.2122
33.2122
34.8611
34.8611
42.3714
44.4867
48.1422
48.1422
40.2068
40.2068
41.5485
41.5485
68.3992
63.1098
55.6852
55.6852
59.2882
59.2882
72.8241
79.0553
43.2265
43.2265
36.9626
557.446
600.833
44.3649
34.3015
45.5064
45.5064
64.288
41.2245
41.2245
53.2388
72.0929
41.6483
41.6483
372.048
348.809
48.2121
396.77
504.979
504.574
531.182
533.574
578.099
270.365
615.935
798.778
473.466
389.021
798.301
594.862
528.174
375.779
278.302
423.185
457.728
447.234
356.623
78.3004
193.702
121.994
132.686
193.007
79.4745
320.933
518.316
454.463
376.395
124.097
291.807
334.345
64.4076
95.3749
142.068
634.794
530.179
369.191
564.661
515.944
721.401
772.892
436.426
481.502
544.491
469.271
82.3619
542.361
264.314
291.006
401.645
593.927
543.441
468.33
543.555
719.519
592.461
530.447
548.508
417.194
251.252
520.238
411.036
511.755
433.401
452.553
593.757
591.601
483.711
633.509
513.393
524.05
572.661
530.944
834.321
465.315
586.851
516.02
496.611
743.941
524.201
35.0268
513.352
589.326
417.91
425.15
60.4648
65.0128
40.1913
32.4163
419.323
537.294
38.1045
38.1045
32.4179
409.056
497.841
734.187
36.8683
36.8683
96.0792
354.775
519.118
31.0919
48.6673
367.517
483.954
700.32
459.248
125.932
406.313
260.925
28.7364
28.7364
30.347
31.3318
31.3318
23.2902
24.1795
29.2037
446.234
658.723
596.119
579.283
525.425
546.053
630.188
611.759
486.644
521.213
339.629
181.077
370.758
498.261
403.073
385.281
32.0826
39.4281
40.5401
43.7942
43.7942
34.6601
32.5043
34.6086
35.8736
41.0647
43.4568
30.8958
45.7571
34.222
38.4288
25.4416
668.347
659.146
363.694
555.452
360.105
181.309
406.074
79.588
150.689
348.86
195.214
330.102
444.517
123.714
84.8776
477.026
550.746
676.409
132.534
129.945
369.447
544.192
87.5534
129.935
649.761
683.076
81.8898
623.846
453.785
681.906
549.23
400.366
555.255
345.898
508.619
543.572
665.895
640.183
726.937
324.777
450.671
516.125
46.7963
41.475
440.115
549.29
461.377
561.516
642.073
478.004
357.747
514.735
396.247
30.8338
32.4764
494.86
412.529
545.048
36.2261
446.773
476.167
390.234
364.983
520.696
428.937
525.384
292.694
385.285
48.0755
62.6027
139.102
52.6262
53.7654
382.362
551.421
577.146
605.765
503.604
439.047
583.368
765.586
647.358
720.324
85.209
99.256
86.529
597.704
585.798
194.903
125.833
131.544
369.781
550.19
484.763
485.679
385.083
316.143
452.457
373.957
102.143
160.545
404.061
133.75
140.084
295.131
416.656
460.583
290.428
300.718
392.668
99.5438
308.572
370.127
302.069
294.568
384.785
283.338
282.183
185.265
181.345
326.491
373.527
277.355
94.1838
445.218
325.978
486.568
324.816
323.046
288.852
316.444
214.069
219.167
464.246
195.351
220.134
132.862
128.19
201.666
137.362
301.237
184.296
303.951
311.543
288.21
253.201
166.623
452.263
364.874
185.573
196.176
316.005
495.204
290.632
416.305
200.468
279.302
182.389
502.216
302.449
430.574
199.651
301.845
177.178
291.31
349.157
304.367
119.638
267.193
47.0634
242.487
232.726
421.196
231.543
274.84
236.92
258.384
174.484
169.97
127.685
167.975
339.918
269.705
233.378
483.983
66.4691
313.092
226.208
253.037
159.899
250.784
160.133
53.4645
238.848
295.699
189.867
516.089
248.503
498.183
138.862
267.116
472.617
280.255
193.27
318.931
441.353
261.408
46.3021
234.166
167.292
180.733
259.652
150.723
115.016
253.406
318.526
417.185
241.372
308.567
247.302
161.661
340.826
320.262
310.578
163.019
56.446
39.2476
206.288
259.879
217.66
185.739
34.9688
36.7308
40.7009
20.8217
64.2399
41.1226
33.4858
184.435
281.293
329.709
21.5546
86.1823
50.5734
132.772
133.02
75.9323
201.662
319.062
121.127
40.2414
31.1316
180.295
136.332
210.629
262.559
95.8888
188.693
289.744
274.816
68.2353
97.8044
89.3578
68.0144
180.015
180.646
132.216
157.805
94.9933
105.772
104.689
171.18
121.468
67.7934
116.692
153.326
266.032
175.93
85.4669
155.266
28.2989
38.9193
50.6411
30.4222
24.0708
32.838
38.4816
25.0942
56.8989
28.7896
27.8384
24.8114
30.7789
28.1185
358.691
140.517
126.063
303.763
319.903
190.111
158.516
181.914
186.874
46.5324
69.6911
128.111
85.1154
46.7944
174.357
319.269
114.349
177.552
60.0946
174.862
134.739
358.742
183.398
183.741
279.03
253.756
128.84
175.537
186.434
177.063
291.729
206.917
287.513
186.611
294.969
127.524
179.546
190.017
259.243
219.894
294.376
215.019
354.417
130.229
149.413
279.657
129.28
197.623
131.211
80.3041
97.4989
113.291
99.1961
112.295
54.5181
161.182
116.484
85.5995
131.129
114.308
141.212
40.4093
111.414
196.384
97.7057
147.765
181.604
82.5028
24.4363
110.765
90.8818
118.505
24.9362
38.2467
28.6936
30.745
35.2047
109.503
88.8899
41.2183
29.4756
29.981
25.4134
24.0713
94.6871
117.822
84.5508
84.4039
62.3053
89.8022
45.3504
65.608
66.1158
67.9301
65.3464
47.237
54.972
54.6081
46.45
61.805
65.777
26.4549
27.7541
24.704
21.1686
20.951
20.951
35.2862
35.2862
21.7228
31.6556
32.6941
34.2538
42.2994
31.0819
31.0819
34.6449
21.0793
35.7565
34.0353
30.6325
30.6325
25.9761
26.2321
40.5074
24.5751
27.8799
25.6214
30.5417
30.5417
26.4261
26.4261
26.9664
26.9664
29.5652
29.7279
29.7279
29.7921
29.7921
27.5807
27.5807
25.9497
25.9497
32.7982
28.3958
29.6676
29.6676
27.7363
25.3384
25.3384
26.47
27.6766
28.4574
30.8158
30.8158
27.4994
23.6945
23.6945
29.7666
29.7666
28.6499
28.6499
29.637
28.3159
28.3159
39.7162
34.0313
24.0117
29.7866
29.7866
35.7132
45.1213
25.3901
28.0705
30.5678
30.5678
30.7129
28.5412
28.5412
38.0293
25.8105
34.7789
25.4366
25.6258
31.8978
25.0756
37.7365
34.7072
29.6149
36.4413
29.8585
37.5122
41.7193
25.2057
47.4452
26.0814
33.9698
43.7113
43.7113
39.2253
39.2253
40.4041
40.4041
33.3022
31.7812
38.7765
47.5782
43.4224
34.1653
34.1653
43.7145
39.5595
39.5595
33.4897
34.4195
34.4195
36.419
38.1787
40.6731
45.207
40.7432
33.6815
33.6815
32.5203
32.5203
36.1404
33.4409
43.2978
39.6575
39.6575
38.1487
41.4086
49.7574
35.5127
48.3992
48.3992
33.5146
33.5146
45.8531
39.8335
45.3985
44.3571
44.3571
42.327
52.7615
43.902
37.0084
53.3333
38.4187
43.2361
27.358
45.9696
33.0414
33.0414
38.6529
34.7375
30.7006
33.4378
37.1609
34.235
28.9853
28.9853
33.2276
30.3142
31.7733
33.0728
41.1429
33.8044
31.5156
31.6903
34.7439
34.0767
25.2674
29.4665
29.6135
29.6135
29.1333
26.5899
40.2648
28.9047
32.5515
32.5515
41.9536
32.4797
32.4797
31.4214
50.6206
43.3518
38.7711
31.8346
35.7239
45.4276
41.8072
52.0078
48.5626
27.2522
33.6209
32.1991
29.5944
29.5944
36.6031
32.2724
35.3989
31.4477
43.2097
32.0221
26.9255
32.4168
35.2571
42.7455
24.8536
26.0286
34.8273
38.3534
42.3178
36.4289
46.5528
33.0411
37.8169
47.7311
34.4302
46.429
43.6395
45.8087
47.4338
33.8789
48.2461
52.6454
40.8947
35.7928
42.0623
36.4532
45.0328
29.7386
37.6708
33.2321
31.1778
26.344
39.4427
25.4318
34.4216
56.8103
39.0455
44.2942
45.3679
42.6845
40.4867
40.9276
43.9526
36.7006
38.0692
38.6205
31.4135
46.5017
50.6108
27.5784
41.5251
43.9994
34.2975
28.6777
28.4972
19.9223
36.5716
31.2193
34.2149
39.3357
31.2746
47.6064
49.5804
50.034
46.0774
46.0962
30.5575
21.1663
35.1399
26.4347
40.1687
31.823
26.5995
25.0296
29.9673
25.463
26.0753
24.0639
27.5271
35.4981
46.2721
31.5751
37.6454
20.2987
33.5226
35.291
39.8909
36.514
27.4947
29.3226
24.2298
25.7425
28.4276
25.3759
55.8302
28.2083
34.7292
52.5104
33.1422
35.2661
42.6199
35.0176
32.0299
32.7916
24.2078
36.5688
36.58
28.8399
29.4358
52.0848
41.641
59.3129
58.0219
27.2197
34.1862
46.1085
48.0438
49.3999
47.5415
24.6068
28.1522
20.0713
21.5876
64.118
50.5193
65.4445
54.8761
30.6534
53.3903
38.6153
45.1214
43.4114
44.8281
40.638
42.8549
44.9621
44.6081
28.9992
46.295
41.4776
40.9285
54.0748
33.6978
36.7817
39.7171
43.8123
54.0938
47.8418
42.449
42.5986
53.5819
41.3532
31.2672
51.5236
47.2227
34.6579
29.4573
38.3867
29.3965
21.0954
24.7378
35.4364
35.5007
23.2813
36.5789
22.6863
32.0865
24.7957
23.9829
40.6102
49.8614
51.4644
46.6389
43.6276
20.9831
19.323
31.6467
22.9478
23.2263
34.819
30.2268
35.5544
22.8881
24.6047
23.318
25.3348
25.9552
24.7469
45.0831
28.8106
37.091
32.6999
33.5818
36.1219
35.5096
39.3397
37.6645
21.5636
51.3063
46.3422
40.6236
50.4086
53.5016
54.6265
43.3227
54.9137
43.9212
48.8153
43.1815
44.1074
53.2703
47.0146
37.4271
50.72
43.5076
42.6348
48.3198
47.9935
50.066
42.9101
40.2887
42.6941
50.0718
44.2852
42.941
31.4543
22.2714
23.0137
29.6486
24.3504
39.762
40.5541
45.6714
39.368
39.1661
36.134
34.5899
25.8904
21.0219
36.3762
34.5453
24.0597
21.6553
24.8502
23.2917
36.5625
37.9205
34.561
41.2085
47.5967
41.9855
39.383
26.1856
38.0501
47.6356
49.2324
49.0505
56.9902
48.8319
45.9841
38.8341
25.0284
38.2613
26.0579
40.2115
45.5611
25.8435
25.8435
31.3137
34.8085
34.8085
45.6246
42.6807
44.0083
31.5858
31.5858
40.8838
40.6371
27.3085
30.1708
30.1708
37.4136
64.4029
37.7781
39.465
42.7709
41.2093
42.3776
42.4711
38.4106
41.7936
41.7936
33.4525
42.4397
41.3302
40.7356
40.7356
39.2611
40.5966
38.2765
31.2642
31.465
37.6106
40.0694
38.2933
75.6686
59.6735
66.4724
52.6978
65.7351
63.5938
64.2114
102.922
98.2076
180.681
313.611
333.793
145.829
310.703
545.258
258.188
374.099
505.739
394.55
66.5093
56.3144
96.9668
389.558
517.351
212.268
391.641
394.48
451.831
294.615
302.831
390.369
83.068
82.8455
203.847
347.215
346.023
459.596
477.242
35.1355
35.1355
61.652
202.116
325.923
326.762
343.216
48.1785
43.8419
43.8419
71.4672
83.6839
41.5951
170.735
550.342
519
391.918
437.859
32.6529
35.4061
277.061
227.756
636.655
885.502
691.266
360.757
372.601
46.6699
464.008
441.452
433.445
607.417
503.074
43.7182
64.1772
41.0477
39.1895
43.1822
43.1822
39.1406
45.8198
38.3468
42.2385
42.2385
70.5716
53.826
46.2731
47.8456
63.29
42.5138
42.5138
35.5578
45.7216
50.5216
38.6706
35.8757
47.9885
57.3287
40.0483
57.7029
57.5767
415.667
240.371
443.155
50.0467
105.599
143.038
54.4995
56.2242
103.886
255.674
112.418
123.04
94.7526
82.1497
120.607
276.922
176.392
167.715
430.593
277.327
536.473
48.2057
41.7693
52.1238
44.9978
46.0772
40.9063
34.6171
55.8981
54.9033
51.4562
66.1314
55.4793
49.5472
54.3461
51.3256
55.827
26.3383
26.3383
33.1979
30.7126
30.7126
33.8617
31.9698
31.6357
31.6357
34.3088
34.5574
46.4072
34.897
33.3202
39.7609
47.2939
34.4137
38.5325
42.7813
42.7749
34.8221
35.1285
38.0521
48.5577
41.1604
41.7614
44.5314
43.8319
25.3223
24.0644
24.0644
30.3126
43.8875
40.6233
40.5506
36.5757
36.5757
31.7327
31.7327
20.1301
20.1301
48.0094
21.7689
21.7689
20.4031
21.3667
34.5528
24.3082
31.3074
26.1281
26.1281
37.9625
36.3265
21.04
24.3822
28.9829
28.9829
24.2631
20.9081
24.5206
24.5206
24.6928
30.8097
29.9442
22.4778
22.4778
28.5953
25.9595
28.7528
26.4558
28.8472
23.2733
23.2733
23.2572
23.2572
20.0962
28.8426
26.083
28.6519
25.8233
26.8182
26.1438
20.4706
20.4706
22.3946
22.0004
29.8597
29.8597
27.2417
27.2417
26.1905
25.9423
26.1612
41.6575
32.6437
31.4504
34.4979
25.4537
23.0369
23.0369
22.1828
22.1828
32.3827
29.4338
31.9454
28.7277
28.7277
31.3163
31.5248
29.3904
29.3904
47.7423
57.3585
52.2381
42.5863
36.1079
45.1298
33.5876
30.1428
41.487
39.9214
46.2697
38.8525
46.3319
35.3001
38.5655
44.5194
45.7719
25.5226
25.5226
50.3498
41.7727
23.6988
38.4122
33.4346
36.4783
49.0588
39.041
33.2874
37.0293
37.6527
31.7681
31.7681
33.7687
33.7687
41.508
43.7453
50.4647
36.2728
55.7019
76.9409
65.6983
79.6673
30.3431
24.3502
24.3502
43.7617
24.6778
24.6778
28.0687
26.6356
38.1669
31.8539
31.8539
31.469
28.803
21.1314
42.092
31.4699
40.9052
34.9966
36.8166
32.1888
27.1309
39.995
35.3838
35.3838
41.3636
26.7662
39.4944
44.9702
45.8755
47.0582
25.7635
29.787
50.4227
35.657
35.657
44.8814
39.5514
26.2576
34.1082
49.9251
60.0431
29.9595
50.564
53.7475
28.5016
20.3044
52.6137
54.8727
24.9247
55.1813
27.0248
71.2225
22.573
34.093
57.4559
22.1443
49.0187
34.3632
25.5219
52.5789
32.1684
22.0454
26.8009
40.7515
62.6234
57.8488
47.9196
70.9182
58.1852
36.2348
52.915
32.537
47.9133
32.8749
37.6332
27.7747
37.7228
34.2275
26.8276
39.8823
29.1016
38.3376
43.5089
56.3308
46.9343
57.0543
38.3335
47.825
43.6643
36.0182
35.8479
31.9587
54.3882
29.0435
36.9684
46.2043
49.08
37.0842
67.2482
48.5808
58.9202
68.987
49.803
31.0743
46.3465
52.4472
69.6444
65.5883
51.3776
52.8713
49.3603
32.4352
24.1801
20.3711
24.1047
26.2685
21.7996
27.433
18.3185
33.892
39.601
46.8577
44.7029
41.6851
543.13
48.8377
509.224
34.4915
46.5867
27.0713
55.3019
53.7034
27.3318
24.8089
24.3394
22.5515
28.6386
39.5008
50.1517
52.0502
54.422
51.0774
58.4196
56.7918
54.8379
30.4522
37.2182
35.6238
39.3471
32.4324
65.3881
37.8957
45.3629
37.5174
46.9386
47.7215
42.7684
39.0542
46.5252
49.4124
36.1399
40.8764
45.4113
50.1072
37.7754
66.5306
41.0607
52.8647
53.0269
42.1681
42.9439
36.9905
41.5204
38.0952
37.8401
41.1033
39.2094
57.1871
55.25
38.62
42.7834
61.5803
53.2818
54.0237
42.2781
39.6894
49.4395
47.1988
47.7718
55.4826
55.3085
45.5065
53.2534
43.0378
47.6063
52.0401
55.3516
58.746
31.7978
36.1011
32.8559
45.4448
81.4352
125.286
46.8105
43.0567
46.1209
46.3857
54.4002
161.306
269.578
430.144
502.453
46.5677
28.9613
30.9374
29.5063
65.5142
60.3453
66.3985
26.253
27.065
26.0549
23.5657
72.291
64.9137
61.1415
25.0509
69.3795
64.7742
41.4984
26.6249
47.5742
38.8519
19.2868
47.9293
33.2241
50.8796
53.9066
50.0793
31.1805
26.4888
50.9361
52.6639
25.1724
31.4804
24.3632
48.0428
23.5534
59.8725
23.0945
23.93
52.6781
49.3786
58.6721
56.627
53.0395
61.4217
61.4188
21.6449
59.2953
21.3673
67.6852
62.1269
29.6642
41.0133
66.6079
58.0946
26.9293
56.2878
52.139
40.8793
41.8812
56.9928
57.6811
59.0649
62.2848
44.5429
41.5176
49.5359
41.4597
47.4099
40.8474
41.3433
48.3002
38.8421
52.1457
54.3494
41.9149
41.5252
47.225
47.3691
53.0115
64.3121
50.7294
62.3303
69.8172
45.0067
48.2627
46.3092
46.4771
36.5642
43.2247
47.2401
44.2603
23.7779
46.0113
45.8201
39.9228
39.3109
42.4163
67.3662
69.9171
25.6762
25.1441
32.268
21.7129
65.7308
47.8477
25.8699
21.359
22.3271
62.8744
35.7054
57.8496
27.7311
47.1298
25.2897
25.2159
34.0784
47.4118
25.8589
25.1289
38.2952
23.8059
25.7216
24.1352
25.0491
25.6371
19.9275
22.5771
23.9546
22.1299
53.669
23.6708
22.8687
60.4787
54.252
51.7811
43.2503
57.7414
55.3493
39.9433
55.218
46.5761
40.4266
38.2945
39.6719
44.3989
43.1593
47.5457
51.799
55.3004
56.8588
49.1777
54.443
58.9781
46.6783
42.5752
39.8665
41.8208
44.5697
42.1629
39.5098
56.7102
53.9761
46.5075
45.6485
50.7756
55.8714
52.5476
46.5516
54.3548
49.2882
47.6102
54.1867
52.8271
42.5578
52.8392
55.6893
51.6867
38.698
29.419
19.6392
123.44
22.4933
520.582
24.2945
26.5882
23.2318
25.4115
24.737
23.766
23.8357
38.2357
47.2691
22.202
46.1057
53.4701
63.0663
17.8847
56.2823
54.0337
44.3199
69.3202
55.2151
59.2899
55.716
54.9171
54.2934
44.4843
19.5842
21.4043
44.1631
49.5856
45.7604
58.2747
50.5368
43.3272
47.767
48.3985
62.4292
51.2578
54.5706
46.069
55.1312
55.8798
55.5441
53.1753
50.8258
51.9418
47.6013
48.6868
45.4746
48.3644
48.7265
52.3681
50.4544
39.5399
45.3894
30.6234
44.0734
20.2418
21.897
22.6039
21.2083
48.5973
43.8957
22.1076
22.8415
22.3953
20.7378
49.7535
45.0429
35.8047
24.6399
23.1494
20.0048
22.0295
23.8679
22.5238
19.992
51.7665
49.0966
20.8277
21.5822
57.2781
58.5017
56.7322
50.0809
47.9603
53.7239
42.3866
23.7865
21.8288
23.1888
22.6737
20.3822
23.0047
21.0214
20.5397
22.8559
22.2665
19.9789
45.2208
37.4901
37.1659
45.9913
55.2868
49.4357
44.3154
50.5036
46.3764
19.0402
39.819
21.1917
20.5029
37.4372
22.6027
22.372
20.8872
22.4782
22.8035
52.9071
51.5108
28.4486
30.7659
26.5876
26.5876
30.4694
43.4155
32.962
36.1126
28.4099
37.5059
25.465
27.5747
46.9348
48.6971
53.4225
51.8899
24.5906
24.5906
26.5289
23.0318
30.8341
30.8341
37.3484
63.022
63.022
68.0489
295.942
105.722
294.461
303.839
184.88
243.068
23.4425
27.3272
36.2392
65.9722
65.9722
90.1027
150.69
158.718
413.158
267.902
435.124
302.113
604.958
788.482
755.729
386.401
26.6125
62.1261
34.8639
34.8639
48.4368
78.3684
106.184
178.308
25.2222
32.7458
25.5203
30.7076
32.5653
29.4028
33.8248
360.977
365.259
378.446
370.545
263.585
50.1543
42.9923
38.591
47.5115
41.0685
47.3096
64.9242
209.561
46.0567
72.3271
93.2738
144.339
183.584
489.106
463.89
246.376
41.5049
176.68
138.87
39.0005
37.6457
48.0533
48.7266
49.3454
107.379
29.556
574.253
50.3264
49.7838
52.6105
21.6239
21.3251
76.0724
84.4215
84.643
92.4322
46.0177
46.2532
48.3929
36.8661
48.0795
54.8282
24.2443
24.2443
23.9802
23.9802
27.0895
24.2994
23.2843
28.4102
26.6343
24.2673
29.8349
29.8349
29.7274
29.0209
32.9531
23.4925
29.8421
29.8421
30.1106
30.1106
30.1182
30.1182
30.9004
30.9004
26.0739
34.1036
25.4723
31.1378
31.1378
35.4237
27.1239
37.695
35.6083
31.0134
31.0134
42.9673
30.9636
30.9636
35.2405
31.1552
37.7363
35.0269
35.7318
33.0043
32.8013
33.6625
36.2679
31.7283
30.5472
31.4829
27.2692
29.0957
23.1066
18.5135
18.5135
31.722
29.7329
34.2753
28.4697
27.5847
28.6681
28.424
38.0087
28.2272
29.9511
34.0981
24.837
29.343
24.1093
38.5781
53.2349
40.1472
22.1788
25.0698
22.1582
18.9495
18.9495
22.1232
29.2154
29.2154
28.0193
23.002
27.879
29.3385
29.3385
26.625
31.4304
28.1929
24.5708
24.5708
28.4533
28.4533
24.7347
22.3879
22.3879
44.8777
28.4741
34.7526
26.5323
21.7792
40.2641
25.3113
25.3113
38.7612
36.4245
36.5638
40.6936
39.3573
38.6
38.2347
44.4002
49.4936
44.8054
33.9767
30.087
54.7582
46.2048
38.4875
22.7381
26.7411
26.7411
19.6647
22.1146
17.9561
27.4418
30.2347
29.6811
21.6559
34.2357
27.8429
21.7379
20.191
21.5028
25.77
27.95
34.4832
32.8872
26.1969
29.749
24.9158
34.2537
30.7903
34.5822
23.2698
20.7387
32.7002
38.2549
31.5777
34.8996
33.6279
32.7063
32.577
31.9766
35.9498
26.3968
26.3968
21.1015
44.6201
49.3025
34.1878
31.6484
26.5105
30.7592
28.7965
35.979
23.1616
26.6003
30.9124
31.0103
29.6617
39.1089
40.4464
31.6769
43.9206
33.5311
23.8344
21.3718
21.3718
26.0296
26.187
37.5487
35.3898
34.8432
38.4349
42.0495
46.5428
45.0858
20.836
62.346
66.1959
23.3547
24.737
25.8144
23.4925
25.0568
31.5299
28.8751
33.3592
32.4049
45.0782
33.1237
43.6934
29.5021
37.4794
27.3834
29.2292
36.2596
26.751
25.8461
38.8993
31.2747
33.6526
34.4681
42.8548
24.2358
41.3146
31.3951
37.2954
43.5535
37.2968
33.0998
28.0958
27.7608
29.7375
24.3818
33.7075
33.2993
39.9436
32.0938
27.3248
45.1381
48.3869
23.7541
20.8986
35.3154
30.1362
38.3345
40.7566
38.9124
36.4727
29.336
33.4444
34.4639
34.3413
34.4803
29.0849
35.4832
20.1987
34.2364
36.4254
35.3096
31.8025
30.9253
29.1395
30.018
23.4155
33.5313
32.0965
42.3801
24.632
38.9266
37.2801
37.6019
25.276
39.8964
41.2447
25.8448
40.76
66.1236
44.2473
34.4513
28.6596
32.0937
32.1146
34.3975
29.1855
30.2802
22.3975
34.4918
34.1076
33.9727
33.7115
24.3342
32.3049
28.9917
34.4978
34.1586
30.8735
27.4223
33.4884
44.6581
24.3542
34.9683
31.191
45.1855
33.7632
33.5614
22.4682
41.6527
24.5667
22.8152
24.805
22.9616
41.2736
22.6118
25.508
23.2166
22.4725
47.2378
46.6563
47.4638
50.176
39.9267
47.5922
47.2087
49.9907
34.5604
33.3724
33.0132
26.167
34.091
24.6417
38.8917
40.3535
40.8065
34.3011
24.1612
23.9371
34.4698
23.4637
44.3341
42.7535
44.8416
46.9632
50.4449
47.2839
45.4819
48.1673
43.3414
42.6421
48.1024
50.9802
47.9863
37.9529
22.1187
39.3787
44.1674
48.8051
23.2307
45.5
41.4661
37.3841
20.9364
45.6388
39.1689
44.0255
42.0601
46.811
31.844
32.0324
32.8199
36.3809
35.2035
30.5699
31.0365
22.78
31.2957
34.0192
34.139
27.9741
31.2528
43.8179
38.4931
43.7204
41.8621
48.2167
570.273
38.7281
38.4413
35.5682
39.3496
39.7534
33.3055
31.125
32.0274
36.0747
44.2539
49.9432
41.7083
44.6417
24.5009
44.6195
22.5877
45.2362
40.0467
40.5896
45.1468
32.1196
32.9197
35.0756
34.1501
35.1178
36.8398
34.4499
29.5991
27.8048
37.2107
39.2544
38.833
37.0772
44.0291
23.0981
43.2518
45.0109
44.5276
49.0329
35.1328
32.1356
34.9773
22.6488
32.3458
33.3561
30.5241
37.4229
35.8468
34.6465
36.7816
46.6815
42.3646
42.6982
37.0086
39.6837
37.5615
40.7015
46.4439
46.5928
46.9029
40.7598
49.539
45.7613
35.7572
33.4771
31.498
35.9801
37.4838
44.3098
38.7417
37.2623
32.8823
36.7265
33.0275
37.0564
40.7091
41.4986
38.1277
36.5211
38.6316
37.0021
45.1342
40.4748
41.2793
45.0697
41.7319
38.3313
38.5069
40.6669
42.0395
42.289
56.7087
34.4993
29.016
37.5142
33.4914
33.1228
34.6452
26.0839
26.0839
32.0899
31.9776
34.8959
34.4813
23.3104
30.554
33.539
26.5034
26.5034
24.7073
24.5463
23.7977
27.0654
27.0654
29.9621
21.7949
30.65
24.7256
21.7305
21.7305
31.1701
20.5312
35.2977
32.5866
40.0145
27.2214
43.3548
31.6985
31.6985
44.9465
25.3139
25.3139
30.6295
33.0744
33.0744
36.91
36.91
41.6706
46.159
38.9495
47.4404
49.6252
45.7215
44.0591
51.04
47.5292
25.8044
38.7715
29.7368
29.7368
27.8351
26.438
26.438
21.8346
30.353
30.7035
41.1071
34.3669
40.1031
40.9502
42.6453
30.9286
28.2695
20.9883
20.9883
25.6563
19.1787
18.3622
24.4114
24.4114
29.3855
23.8707
23.8707
27.9444
27.4171
29.3791
21.9725
29.2103
22.9992
24.8797
25.8654
22.689
29.0634
36.2556
25.376
34.9963
21.7367
28.1849
20.6793
22.7137
22.7137
26.6972
32.4702
23.9061
34.9944
34.3702
35.609
31.4632
28.0607
28.0607
32.8024
40.1442
26.1572
26.1572
39.8438
27.5869
27.5869
32.4824
32.0065
28.6162
23.5968
23.5968
22.5227
31.2185
35.65
37.697
31.7404
31.105
41.9725
34.567
53.686
38.8828
39.0105
55.105
41.356
42.6811
33.8979
39.5227
40.4036
36.0243
38.6795
34.0062
35.2793
39.3271
38.407
40.2795
40.9714
47.4222
37.6509
37.3092
35.1204
29.8341
29.8341
46.4196
37.4798
35.0333
34.5334
33.6366
30.6802
42.3013
45.5762
60.5504
47.8529
37.7485
59.7531
40.7662
40.7611
33.6869
59.4095
38.3539
39.2198
37.6899
27.228
51.0179
48.7954
49.0471
49.9732
33.9761
34.3985
38.2369
39.9842
41.6373
27.4449
27.4449
26.5946
31.7405
32.2221
27.1612
22.1825
33.2176
45.6512
25.1441
25.3007
21.3589
22.5488
23.0237
23.4111
32.3323
24.9705
24.5652
26.3547
23.3139
28.8295
32.9684
29.7111
31.6457
43.7183
20.0852
22.8229
20.7501
20.7237
26.4836
23.5037
32.0602
26.3679
36.1225
27.3309
31.0688
29.0654
28.9008
29.5792
31.807
26.8903
35.4497
33.1988
38.91
38.4441
41.4418
37.0697
40.013
32.8363
36.1683
35.6979
37.0973
34.3161
35.5383
36.4792
31.5871
34.0677
34.8377
36.0855
25.5577
24.2457
27.9576
46.974
32.9971
26.7504
49.281
26.8613
29.4586
29.3907
36.7795
35.4646
35.5454
36.6074
32.1192
38.8056
36.7446
30.5932
26.4046
25.3512
30.5753
28.7133
30.1636
28.8236
25.2485
29.5064
30.6233
25.8892
29.7373
24.466
26.2917
34.016
34.2287
34.1371
31.6927
32.1435
32.4729
32.8659
40.2666
41.1128
38.1467
33.5842
24.791
24.497
22.4245
27.8461
31.8764
29.8563
31.8456
30.4365
26.6938
34.6099
42.6793
35.6545
38.6027
39.3364
32.1396
29.2509
35.1482
30.2098
32.601
33.8525
33.4705
31.3353
32.5909
33.2109
38.4892
31.4408
33.1666
28.9683
29.6257
30.1551
28.9034
30.4454
29.8014
28.7838
31.8397
30.9692
30.646
32.0213
25.352
21.0797
23.8485
28.1281
32.8822
32.0235
38.4367
32.064
31.748
32.0639
34.9754
31.6647
31.6388
30.9236
34.1105
35.3867
34.7372
32.604
29.8959
32.828
33.7135
26.1977
34.8717
33.6982
27.2829
28.3668
38.9004
28.5247
34.9695
30.6269
28.4792
24.7466
31.4661
25.9588
37.9855
30.352
31.8586
28.6877
28.8205
30.3443
30.2191
32.8992
30.2687
27.6038
27.2952
35.0728
30.8583
34.3154
32.7232
30.3758
26.8296
34.2081
34.4691
31.6739
31.8161
37.3706
38.125
24.6268
35.376
31.2699
29.0151
29.1717
26.3621
26.2999
25.3643
34.8128
39.8642
33.9063
45.1009
34.4435
24.3909
31.3127
33.2457
39.1449
31.4847
33.3895
31.128
27.9872
27.9427
30.032
32.4227
36.7957
28.693
27.3412
25.4038
29.2553
31.8058
31.8864
29.1551
32.7805
31.4407
29.6342
32.1543
28.6616
28.6647
30.1114
32.5705
23.9562
30.5645
30.7901
36.0677
31.1431
33.6055
33.3384
27.4457
30.0672
31.5432
33.9913
41.2351
32.2647
35.6266
34.2166
34.8121
39.9798
32.5323
36.1222
30.4764
24.0746
40.7343
32.0578
32.2209
35.2815
38.573
34.635
33.4966
33.9365
33.5145
37.2128
33.9026
32.3447
39.318
30.2754
30.7084
30.7617
34.0714
30.3627
28.2565
28.9511
33.2267
32.6605
30.0446
43.6042
30.1698
27.2342
30.3849
30.7673
33.9188
32.3537
32.8456
35.7868
33.1581
35.1707
24.8932
33.8229
33.0576
33.7102
35.5033
37.9091
36.0316
35.0884
36.79
35.4708
38.2982
36.5005
39.4704
33.5675
36.2274
33.1967
33.5072
32.5723
31.7446
29.9338
30.0336
30.5393
34.9308
36.6413
33.5617
32.9467
30.3911
33.6421
35.482
32.7987
32.2504
36.9076
35.486
35.7593
37.5107
33.4222
37.8407
38.0497
35.2505
57.3593
57.6061
36.6687
44.5419
38.9512
34.8597
35.0065
33.589
32.7403
35.0398
34.0356
32.5621
33.8437
42.7506
32.8377
35.788
35.7643
35.2505
33.8495
35.3064
32.7784
33.2037
32.4121
33.2866
36.5068
35.3306
35.1187
44.0127
35.2931
35.7714
39.0288
34.7873
37.0278
35.129
32.8541
31.6053
37.6938
39.7175
30.9165
32.3356
32.2442
40.3395
38.2193
29.3576
43.5593
37.3243
34.5737
38.3167
30.6008
32.856
34.3487
35.0076
34.3824
36.4184
34.3129
34.0033
32.834
35.5898
43.1724
34.6629
31.3467
52.5002
35.6172
50.3891
31.5128
33.2265
33.7211
24.7596
34.35
33.9198
40.7242
34.3124
35.6276
32.4768
28.9531
30.5024
45.5866
34.3513
31.1375
35.1698
33.4168
36.6318
37.9848
34.9448
36.6247
34.1277
33.8023
34.3529
34.4205
32.172
32.1364
32.9021
45.0251
36.4252
35.6463
51.7951
33.3726
34.7552
54.0176
32.8743
29.5935
40.8747
39.2483
33.395
32.5793
35.0072
39.9955
37.3505
38.2603
35.7216
29.8882
34.4361
37.3532
31.7294
33.1615
46.9934
34.9776
40.4827
31.945
34.9965
32.9384
33.9163
33.0268
42.4174
41.4891
32.8242
40.6186
34.9997
43.6329
37.5912
37.9991
37.0492
40.3309
36.3094
38.4939
43.003
39.279
36.2814
34.3
36.684
32.3942
32.4356
33.3033
34.2959
36.994
34.2794
33.3674
33.0726
31.4848
34.5054
31.1275
33.8237
38.9311
33.1144
31.4887
35.0328
32.744
33.371
32.7708
31.9359
36.8696
39.9532
33.6713
42.47
34.3
40.238
31.9679
36.4532
33.6748
36.2699
31.0256
32.0661
30.059
29.0173
35.7519
35.5153
32.1883
36.732
33.3102
33.3249
32.9608
37.3177
32.8888
31.7771
31.5563
35.2928
28.6294
36.9921
34.5581
33.6258
32.2423
41.599
34.9863
34.8466
46.9545
37.2991
35.7062
39.7153
41.0671
37.9398
34.3491
38.9262
34.3528
39.1751
30.0939
31.3267
30.4468
34.3492
35.6331
41.79
43.0357
52.1309
34.3524
34.3525
34.3505
30.39
34.3388
54.2471
35.5913
32.3614
38.6294
35.1533
34.5512
33.2471
38.1673
36.9147
35.5357
32.9196
30.305
30.2783
30.9483
33.7766
32.4222
34.3915
37.7068
34.3086
36.1187
34.12
37.9208
37.3901
34.767
32.4837
35.0148
32.3333
36.1078
574.02
513.346
417.495
343.304
388.365
39.9079
40.8555
48.2281
28.9468
35.9754
33.5254
33.3092
51.2905
43.511
21.3187
42.252
54.6439
46.1628
37.362
33.8422
28.6544
28.6467
26.6185
29.1709
31.0673
30.1119
28.4182
51.6788
47.0269
41.4653
54.5825
49.1502
52.7901
48.7698
60.0406
48.8459
41.1061
45.8317
48.6727
54.8313
47.2628
43.7212
61.6073
53.7992
57.564
59.0912
62.5381
39.8288
64.1336
42.5274
48.9504
45.0366
37.1876
37.2994
40.4816
37.9106
41.0266
39.5839
40.9966
41.1007
28.8157
34.131
38.4711
36.5309
38.043
37.0956
38.4076
32.2637
37.0547
30.5251
39.2121
34.3717
37.5463
42.1237
36.2359
36.6486
35.1456
34.1044
42.2066
33.2774
29.2826
37.0957
32.1062
33.4495
31.5066
35.1406
31.1569
28.7251
26.224
36.3151
37.6264
32.526
33.6392
27.5558
31.6823
30.7787
32.7106
44.567
35.6471
41.3293
36.9003
33.0141
32.3955
31.775
35.0363
36.3971
39.0619
43.8819
34.199
65.7642
59.4412
183.134
84.9288
71.1451
68.15
82.1311
40.9311
44.8323
43.8797
47.6943
37.9371
35.0915
57.5495
86.8459
50.7547
47.0057
50.9077
66.0179
47.1895
46.7616
38.9998
37.7397
34.501
43.8694
48.3253
33.9568
49.3153
30.4727
42.8308
45.763
50.8654
51.0107
58.4513
66.5702
66.371
62.5515
62.813
59.6366
60.5117
72.0259
59.8709
50.2409
54.6554
46.7147
50.762
50.1554
49.2958
43.2616
41.8027
31.3094
46.6945
49.976
91.3484
59.9662
87.3179
49.9035
489.576
396.3
378.083
76.6602
497.417
169.421
488.086
414.032
640.046
487.856
631.003
45.4163
32.4274
35.8282
40.2203
30.2417
31.0818
29.373
29.7352
28.8536
554.978
544.47
679.627
79.2185
35.4505
38.6582
31.8057
25.1555
39.8577
42.7514
27.2226
49.3108
42.5117
35.7517
53.8323
32.0404
56.9087
53.5149
39.0218
25.0843
41.6651
38.0174
54.589
57.0708
59.6533
45.257
51.7004
28.621
61.8718
35.6441
29.6373
36.4572
28.7463
30.7043
36.3497
29.5318
38.987
32.4127
337.376
52.123
315.816
623.388
303.229
78.4272
654.345
597.695
54.2604
53.384
60.9531
55.1398
48.8331
45.937
43.4363
56.5895
52.3163
323.485
60.4841
43.9647
46.9896
548.453
515.179
460.907
458.956
260.43
444.061
131.91
316.655
464.005
481.437
260.514
267.838
199.483
326.865
44.7159
53.1917
54.1463
30.7583
55.196
62.9473
40.4319
228.322
177.292
276.201
47.3297
23.0888
28.8021
35.2517
47.666
48.0066
60.416
58.9845
63.4871
35.5975
179.97
42.247
241.518
323.963
146.774
36.1009
42.6478
56.5968
52.901
34.6196
42.3767
49.9792
48.831
27.6652
23.639
32.5132
371.122
368.881
31.1872
805.124
511.502
484.451
33.8029
33.0792
32.756
37.3852
40.8557
27.8142
42.5333
35.0125
32.0221
34.5458
23.3832
33.3013
32.572
33.2519
20.3515
33.9974
37.6568
32.1039
30.9308
26.8014
36.2747
39.0203
27.294
26.7581
13.9559
13.9559
13.9559
31.1206
29.2355
28.7351
35.4115
34.8827
36.8246
28.726
35.891
35.3052
34.858
40.6495
36.0683
36.1574
24.4734
34.1979
41.2796
28.1432
30.6458
31.3796
41.9011
38.224
45.1373
45.9486
48.9051
29.03
41.4929
54.5482
37.1949
55.8806
29.3794
31.1711
24.9672
33.1073
20.1123
11.1099
11.1099
11.1099
44.4345
49.0699
35.6851
22.6345
30.7951
33.4026
11.7897
11.7897
11.7897
36.1752
30.8481
33.9031
32.1912
33.6228
35.9842
35.3889
30.3967
24.7447
20.3569
35.6627
38.1123
33.5844
36.0513
33.7087
31.9809
33.0702
24.3307
36.3253
32.2603
36.1417
32.1463
32.1794
33.6908
30.028
38.8633
40.1657
38.325
36.0782
39.4272
34.6442
42.6872
31.6115
39.7538
40.8033
24.4063
34.6167
24.1787
40.7464
26.6219
42.0101
39.4709
31.7441
32.5159
45.2506
45.181
43.0653
49.1824
47.6386
47.0544
42.9897
53.1213
43.6415
33.3455
27.6589
47.2607
44.3832
45.469
47.1003
34.5053
33.0291
38.8701
32.5556
34.8862
36.3088
38.4131
34.2653
32.7384
45.8366
30.0896
25.5
34.811
55.0539
35.873
359.606
407.252
244.965
777.885
406.493
355.336
387.999
66.324
44.6829
42.6912
50.3354
51.0224
38.7831
65.6906
38.5214
44.8393
47.015
20.1372
32.9919
25.2894
45.6879
45.0199
46.5214
33.0991
33.9702
29.2089
29.1675
32.4467
54.5011
34.398
38.7097
39.4717
50.5362
40.4193
41.7007
41.3156
43.6173
50.5262
45.055
43.3213
52.0543
46.0991
44.446
32.025
32.7215
32.8732
46.0883
35.7615
42.0752
48.8183
23.5689
23.7553
35.4034
43.7713
22.1188
44.6328
34.8061
44.3188
35.8079
33.7598
34.2033
34.6521
28.7513
26.52
32.9332
31.2054
28.4347
28.6736
29.3101
29.3245
28.779
27.07
29.4399
21.2495
27.8232
26.5792
29.8277
26.9349
35.2743
22.0709
19.9296
34.323
22.4169
21.3132
31.3
27.9615
32.0951
34.4475
29.6625
23.5222
34.343
42.4154
37.2068
47.6
53.7754
39.7514
48.9882
55.1397
31.9125
45.8293
45.6839
43.4039
49.9143
48.1587
37.6793
38.1141
34.6081
44.1814
40.8187
25.6519
26.2963
41.6389
46.7396
42.6084
31.9799
25.8746
25.2733
62.339
31.0121
44.1535
69.1579
32.5066
22.5296
30.6857
45.9365
39.9828
38.6445
35.5265
36.0985
52.8216
51.4094
50.1449
53.1713
70.1348
29.8029
49.1291
24.5095
22.9946
24.4267
25.5466
34.889
35.3287
33.7302
35.1936
33.4236
36.6543
530.517
57.6561
30.2171
25.3184
44.2706
48.4254
18.7788
26.2037
59.8678
54.3455
36.1136
19.8767
50.9006
36.5994
41.9671
56.4225
49.4419
33.3149
19.2036
52.5578
43.9498
38.7785
35.0564
35.5077
34.8636
35.8454
35.0416
33.9425
33.5402
53.0642
39.087
21.88
48.5803
43.6574
31.4875
33.4937
35.1493
33.2292
34.8201
33.5974
30.0624
24.8319
28.2827
30.7253
15.7028
15.7028
15.7028
32.9375
28.4507
47.9935
34.7774
29.9051
41.94
37.8177
48.9488
34.9307
30.6193
27.4087
29.7452
30.4414
23.3583
22.429
26.0802
32.6324
31.8838
32.7832
39.8204
35.3716
28.9085
48.0771
32.9906
32.3969
35.5714
34.15
27.6697
32.9387
27.1436
26.1317
32.5534
34.0568
31.0719
35.8292
29.9225
29.5812
32.3091
30.1177
29.5786
31.0168
31.4827
29.7734
30.716
33.4869
33.8693
33.9566
32.1231
32.7514
37.2912
34.1023
44.8361
38.6419
32.3545
35.5473
29.6323
31.441
34.7941
34.8563
34.5019
32.2132
34.0587
38.4236
38.3844
33.2192
40.2892
33.381
34.9431
33.4267
36.0223
35.0434
24.0553
38.1482
35.088
19.5379
39.7969
33.4421
31.1292
34.3263
30.256
29.5445
22.199
22.7098
24.765
29.4815
30.2297
27.8168
23.6877
11.8216
11.8216
11.8216
27.2542
25.0513
20.2332
34.8432
34.6757
34.7598
35.8597
33.9541
35.6594
20.2492
34.3308
27.905
30.6283
34.0146
32.9308
29.5594
24.0696
32.6336
45.821
36.5033
29.7203
29.1753
35.3467
27.2786
34.6661
28.0303
26.7484
20.5326
34.3452
34.3445
35.1182
33.2071
35.0419
33.2733
38.3831
23.4652
35.5145
35.3045
32.6782
32.5977
29.0353
25.4897
25.4637
27.2686
30.0237
33.5451
33.3388
35.3004
34.9425
42.4906
33.6504
23.8657
31.4581
27.5356
24.4621
39.2999
43.16
34.1864
32.7311
32.7453
34.5224
32.4557
28.6684
29.9197
42.7225
35.2684
37.0186
39.1076
30.111
31.0169
40.2103
36.7082
35.2958
37.6806
37.4358
31.3842
29.1441
31.1103
37.4322
35.0725
35.0051
49.6064
47.8105
36.279
30.9623
36.4465
36.3999
35.7162
34.3844
40.7895
41.4311
34.0791
32.7826
33.1145
36.2944
35.21
41.4308
33.8623
34.9131
38.9581
21.1413
22.049
21.9359
31.267
41.0231
54.7862
57.1035
66.8134
216.419
172.669
284.349
275.815
256.306
157.389
)
;
    }
}


// ************************************************************************* //
