/*--------------------------------*- C++ -*----------------------------------*\
  =========                 |
  \\      /  F ield         | OpenFOAM: The Open Source CFD Toolbox
   \\    /   O peration     | Website:  https://openfoam.org
    \\  /    A nd           | Version:  13
     \\/     M anipulation  |
\*---------------------------------------------------------------------------*/
FoamFile
{
    format      ascii;
    class       volScalarField;
    location    "2721";
    object      k;
}
// * * * * * * * * * * * * * * * * * * * * * * * * * * * * * * * * * * * * * //

dimensions      [0 2 -2 0 0 0 0];

internalField   nonuniform List<scalar> 
34022
(
0.283627
0.118172
0.0501805
0.215005
0.142318
0.0411294
0.198894
0.0952559
0.0875575
0.0499719
0.239023
0.256838
0.249706
0.202439
0.014602
0.0208026
0.0258776
0.106918
0.0257309
0.0647034
0.19384
0.294293
0.175393
0.0401904
0.0895272
0.126299
0.17311
0.0934506
0.0996902
0.0700896
0.0743214
0.0320308
0.0478874
0.0677842
0.0885664
0.148502
0.207562
0.101478
0.0859637
0.0629118
0.090475
0.101433
0.145452
0.0288577
0.0145193
0.0496574
0.146936
0.161039
0.172034
0.0833292
0.028135
0.0488008
0.0677766
0.0146205
0.0171353
0.0146067
0.0354431
0.0359933
0.0195466
0.0199581
0.01034
0.0150511
0.0398279
0.0172863
0.0288563
0.0440035
0.0471627
0.046977
0.0474848
0.0544365
0.0465339
0.0536491
0.0475101
0.0515013
0.0505659
0.10758
0.0519892
0.058186
0.0378933
0.0569945
0.0547813
0.0562319
0.0305338
0.0167165
0.0397657
0.0506604
0.0302203
0.0414567
0.0346786
0.0282549
0.0399544
0.0382447
0.0502595
0.0404399
0.0308751
0.0308974
0.0434489
0.0432934
0.043935
0.0353216
0.0198273
0.0443633
0.062177
0.0353889
0.0193833
0.0502635
0.0404114
0.0226142
0.0208595
0.0413598
0.0271233
0.0397151
0.0383005
0.0176448
0.0300472
0.088279
0.118026
0.146896
0.0940442
0.0222902
0.043045
0.0487254
0.0399731
0.0526117
0.0642411
0.048925
0.0933902
0.0190194
0.10058
0.0459562
0.0500858
0.0676739
0.0357677
0.0725023
0.0325446
0.0359031
0.0260386
0.0606128
0.0357195
0.0523376
0.0369925
0.0829044
0.0261304
0.0595048
0.0703729
0.0371959
0.0300228
0.0331369
0.0545744
0.0855804
0.0633317
0.0445663
0.0474856
0.0527654
0.051326
0.0461726
0.0480327
0.0476581
0.0561497
0.051351
0.0570786
0.282002
0.184505
0.168943
0.0540982
0.0643247
0.0568655
0.0484106
0.0466096
0.0443815
0.048578
0.0409735
0.123214
0.108301
0.0452699
0.153999
0.116769
0.132189
0.116161
0.140732
0.12879
0.131874
0.0756968
0.149708
0.100642
0.205013
0.161136
0.153636
0.117132
0.159874
0.194024
0.163588
0.128966
0.115934
0.0960441
0.111359
0.13028
0.143183
0.108299
0.0550887
0.0756664
0.0622987
0.0676841
0.0776875
0.0567643
0.0949741
0.102615
0.202416
0.149315
0.151881
0.157369
0.120379
0.0644616
0.103704
0.103113
0.0635461
0.0647174
0.196768
0.0623563
0.0708313
0.21193
0.178102
0.223858
0.153905
0.202013
0.167394
0.24568
0.176638
0.202515
0.151067
0.409498
0.145865
0.177305
0.192262
0.0516107
0.178727
0.0866315
0.0992465
0.195092
0.12081
0.187486
0.278376
0.15695
0.187192
0.120865
0.17648
0.198509
0.157618
0.145245
0.148562
0.179131
0.193079
0.198774
0.157661
0.0920132
0.202407
0.252277
0.17613
0.199369
0.153085
0.172983
0.170212
0.16963
0.179383
0.262489
0.184074
0.155367
0.204271
0.213733
0.155803
0.166029
0.199137
0.171252
0.202339
0.236033
0.1413
0.193892
0.170949
0.214911
0.158111
0.153077
0.150069
0.173555
0.181285
0.115923
0.13705
0.0401568
0.191818
0.159164
0.197787
0.176821
0.173716
0.15001
0.0456374
0.055249
0.0381469
0.0485241
0.120028
0.192961
0.0342713
0.03637
0.166453
0.13667
0.240237
0.224888
0.166852
0.188831
0.218934
0.0320771
0.210393
0.0550718
0.11905
0.179201
0.0279144
0.0632018
0.0545865
0.218715
0.122502
0.155749
0.189857
0.132694
0.061192
0.142515
0.0939578
0.0202371
0.0225721
0.0259188
0.033205
0.0348936
0.0402888
0.105939
0.142137
0.188598
0.166587
0.15065
0.159447
0.156927
0.137844
0.170316
0.0946553
0.150721
0.129789
0.132317
0.155209
0.112577
0.0708114
0.101952
0.12548
0.113892
0.111373
0.0366822
0.041998
0.100757
0.0492036
0.0453806
0.0690281
0.112619
0.0882309
0.0380051
0.0804232
0.0573722
0.0757847
0.11529
0.0865407
0.0803997
0.100491
0.0747475
0.0681717
0.0791757
0.0388498
0.038051
0.171847
0.169519
0.171451
0.0992405
0.106997
0.110742
0.0761032
0.162299
0.0490159
0.0655768
0.13831
0.0824192
0.10942
0.130427
0.0590538
0.0557477
0.148774
0.146018
0.167346
0.174077
0.196402
0.0680146
0.0649187
0.130275
0.149516
0.0599235
0.065376
0.183295
0.163435
0.190819
0.0512182
0.159155
0.249326
0.124576
0.19016
0.141406
0.195615
0.157331
0.174259
0.108513
0.146219
0.167003
0.145238
0.146887
0.173429
0.189419
0.102942
0.108049
0.162901
0.0446771
0.050042
0.106177
0.135454
0.11419
0.130471
0.1706
0.127784
0.129554
0.108403
0.102465
0.0993636
0.0393854
0.0632704
0.161913
0.139922
0.103088
0.156752
0.0548248
0.12091
0.114603
0.102131
0.112774
0.143071
0.128976
0.154213
0.0909852
0.104059
0.0513204
0.0505074
0.0637738
0.0501278
0.0523279
0.124497
0.17327
0.161607
0.151314
0.166692
0.138172
0.156725
0.155594
0.190417
0.192201
0.191609
0.170138
0.0567544
0.0584904
0.0585335
0.153352
0.190726
0.200252
0.0852081
0.0634
0.0641867
0.123848
0.176039
0.136638
0.137094
0.131187
0.101235
0.118932
0.126649
0.152044
0.14181
0.0596194
0.0697719
0.151691
0.0663588
0.068848
0.0825282
0.147044
0.118931
0.137759
0.138244
0.100256
0.104047
0.145343
0.0614625
0.109553
0.129143
0.0447258
0.10393
0.0988418
0.12782
0.130981
0.0935561
0.0954228
0.101298
0.0794545
0.0794655
0.122641
0.119212
0.097862
0.0626424
0.129347
0.111456
0.140335
0.116284
0.139979
0.110552
0.120088
0.104156
0.105057
0.0929516
0.0973866
0.143159
0.094099
0.0982577
0.0769022
0.0774478
0.0944904
0.0807393
0.112197
0.0812529
0.0935582
0.0982916
0.101141
0.086051
0.0751437
0.118887
0.117749
0.0823595
0.0775324
0.10527
0.123793
0.104596
0.137579
0.0810507
0.0914203
0.0826329
0.0995218
0.127333
0.119366
0.0975842
0.138842
0.080301
0.0960455
0.095151
0.0779812
0.0951693
0.10009
0.0988286
0.0644779
0.0858709
0.04918
0.0783107
0.0842944
0.0822844
0.0972453
0.0860534
0.0866545
0.0764146
0.0765844
0.0688937
0.0653728
0.0599877
0.068949
0.118374
0.0934679
0.0780799
0.0819668
0.124624
0.047426
0.0937707
0.0821316
0.0922395
0.0710846
0.0808254
0.0686222
0.0466582
0.0912569
0.0836423
0.0711342
0.129322
0.0987871
0.120515
0.0654066
0.0968694
0.135132
0.106634
0.0737016
0.113652
0.11784
0.100901
0.049542
0.0877125
0.0738501
0.0763976
0.0915275
0.0700748
0.0629442
0.094816
0.105286
0.128782
0.0804057
0.0988035
0.082562
0.0754774
0.132012
0.143157
0.105578
0.102993
0.110977
0.0767529
0.0820463
0.0514339
0.0683258
0.0931631
0.0760661
0.0728024
0.0325099
0.026876
0.0395354
0.0462727
0.110972
0.120557
0.0672799
0.0717821
0.0820508
0.0895417
0.102677
0.109159
0.0497344
0.055591
0.0478829
0.0684148
0.0690469
0.0491826
0.100456
0.117179
0.060957
0.047108
0.046773
0.0758426
0.0630431
0.109638
0.0925525
0.0630291
0.086521
0.102232
0.0771582
0.0838895
0.0935173
0.0534019
0.0676894
0.0604517
0.0569245
0.0810272
0.0823981
0.0761186
0.104172
0.0538321
0.0583774
0.0571856
0.0622351
0.0613063
0.0493368
0.0613428
0.0703981
0.084018
0.0668388
0.0547653
0.0627291
0.067023
0.0501125
0.0398467
0.110514
0.0950847
0.0611091
0.02963
0.0413827
0.0547121
0.0834126
0.0529574
0.0532058
0.0506742
0.0702408
0.081218
0.0711572
0.086285
0.0675469
0.0640101
0.103008
0.0943767
0.0753755
0.0663111
0.0772125
0.0814825
0.046449
0.0521357
0.0582141
0.0543297
0.0469734
0.068588
0.0804572
0.058432
0.0668096
0.071125
0.0500775
0.0660188
0.064819
0.0863136
0.0726221
0.0728907
0.0964106
0.0888204
0.0570959
0.0668589
0.0778067
0.0869063
0.0783952
0.0950026
0.0863405
0.0968724
0.0781268
0.0971184
0.0651112
0.0723135
0.0753161
0.0979713
0.0956101
0.107094
0.0913946
0.118177
0.0798429
0.0958464
0.0976467
0.0650548
0.0791326
0.0614697
0.0522687
0.0560089
0.0578197
0.0579751
0.0563504
0.0496111
0.0634829
0.0591106
0.053059
0.060992
0.0569185
0.0580561
0.0516263
0.0580635
0.0761033
0.0562755
0.0673483
0.0650766
0.0550951
0.0521508
0.0561707
0.0542355
0.0583372
0.0511985
0.0492009
0.0515228
0.0497957
0.0507059
0.0548994
0.0518832
0.0402758
0.0528772
0.0547081
0.0531814
0.050593
0.0550622
0.0576815
0.051762
0.051586
0.0503543
0.0529546
0.0507578
0.0515849
0.0503211
0.0512709
0.0491555
0.0483727
0.050444
0.0497733
0.0496597
0.0495456
0.0498071
0.229079
0.205456
0.215884
0.223213
0.196202
0.220917
0.185501
0.27485
0.199173
0.247601
0.198831
0.244026
0.188826
0.217111
0.175885
0.157788
0.163591
0.184654
0.164278
0.161914
0.175778
0.213864
0.169538
0.171254
0.20175
0.16147
0.144833
0.200674
0.16512
0.198337
0.164046
0.171805
0.156272
0.166731
0.156247
0.19799
0.190618
0.161966
0.160031
0.18643
0.151932
0.218325
0.263899
0.287279
0.270471
0.191295
0.195464
0.210267
0.180943
0.198954
0.212653
0.1932
0.183752
0.193021
0.177235
0.27292
0.314408
0.201084
0.290284
0.244874
0.203778
0.238106
0.197558
0.215367
0.224989
0.213413
0.230018
0.236143
0.200005
0.166567
0.213897
0.175414
0.226008
0.166143
0.232619
0.297672
0.200653
0.246488
0.196823
0.225615
0.197963
0.197409
0.170064
0.166949
0.16919
0.242214
0.192861
0.179649
0.312433
0.199129
0.311628
0.205825
0.319459
0.195999
0.292396
0.215214
0.247316
0.309806
0.201403
0.168768
0.29914
0.297969
0.289037
0.21459
0.22262
0.271452
0.259685
0.219298
0.197894
0.244894
0.19775
0.258214
0.30544
0.213946
0.265966
0.251645
0.22109
0.198044
0.240273
0.206903
0.267474
0.200391
0.203065
0.20064
0.186462
0.201581
0.201518
0.18028
0.257341
0.210283
0.204184
0.206231
0.266853
0.213037
0.264379
0.217041
0.203472
0.204113
0.219108
0.230311
0.229098
0.256157
0.212096
0.217331
0.270157
0.290906
0.216933
0.243684
0.240653
0.238013
0.22129
0.234709
0.245431
0.24414
0.232925
0.242303
0.25694
0.354853
0.211445
0.360736
0.256947
0.311622
0.329571
0.331353
0.409882
0.271247
0.211509
0.324973
0.378203
0.302036
0.235468
0.319939
0.539418
0.286925
0.347066
0.470693
0.342983
0.286925
0.540698
0.337548
0.258018
0.318626
0.244012
0.236864
0.316889
0.300794
0.30856
0.337396
0.302581
0.313064
0.326008
0.474094
0.376771
0.347674
0.440318
0.382596
0.570381
0.202624
0.27717
0.506015
0.562069
0.321443
0.496907
0.42222
0.489272
0.380394
0.268631
0.296977
0.291156
0.318533
0.272764
0.311059
0.482762
0.302115
0.311847
0.245972
0.260357
0.269308
0.271702
0.269879
0.644909
0.596234
0.317823
0.575794
0.377176
0.343033
0.284448
0.55508
0.278237
0.364192
0.333698
0.29285
0.295607
0.338488
0.303676
0.302947
0.257617
0.299953
0.275911
0.368141
0.360524
0.445962
0.785928
0.363086
0.337652
0.778542
0.333652
0.3007
0.405448
0.394804
0.316294
0.612204
0.411865
0.501777
0.803897
0.288953
0.325471
0.413593
0.442861
0.343097
0.706782
0.727344
0.879055
0.59907
0.80005
0.417573
0.675135
0.351117
0.72874
0.847553
0.621823
0.0349065
0.0170812
0.0303875
0.0364275
0.0378646
0.0119775
0.0293785
0.0398766
0.023389
0.0249447
0.0231728
0.0232793
0.0228286
0.0230008
0.010259
0.0226415
0.0222079
0.0221707
0.0198885
0.0220167
0.022448
0.0290822
0.0139571
0.0181443
0.0157364
0.0220402
0.0184177
0.017805
0.0189268
0.0198506
0.0209101
0.0179296
0.0158721
0.0237549
0.0160958
0.020563
0.0207331
0.0154764
0.0151322
0.0190845
0.0197671
0.0208956
0.0190204
0.0149263
0.0132145
0.0208979
0.0190749
0.018996
0.0188765
0.0202659
0.0216603
0.0281774
0.0206592
0.0209134
0.021331
0.0257471
0.0369667
0.0384819
0.0246224
0.0342528
0.0255332
0.0220798
0.0181008
0.0182979
0.0285281
0.016446
0.0238574
0.0136989
0.0151913
0.01678
0.0133122
0.03361
0.0284208
0.0274097
0.042077
0.0313366
0.0421215
0.035852
0.0368343
0.0345305
0.0561148
0.0600429
0.0600948
0.0552672
0.0451423
0.036327
0.0385535
0.0531085
0.0532689
0.0466345
0.0251561
0.0310856
0.0235632
0.0470912
0.0275928
0.0290131
0.0362324
0.055952
0.0721051
0.0280041
0.0661575
0.044768
0.0298171
0.0368348
0.0309353
0.0295255
0.0252595
0.0371911
0.0318379
0.0734345
0.0376217
0.0402101
0.0475275
0.0642785
0.0311692
0.0274391
0.0410168
0.0766954
0.043783
0.0437786
0.055283
0.075409
0.0265616
0.0265484
0.0686425
0.0518893
0.0487602
0.046545
0.0582934
0.0590203
0.0612503
0.0627416
0.0659845
0.0449025
0.0671794
0.0394914
0.046603
0.0184857
0.0309485
0.025803
0.0283851
0.0226673
0.0203847
0.0261716
0.0206625
0.0201521
0.0188547
0.0207413
0.0434213
0.0330151
0.0399265
0.049618
0.0357824
0.0537097
0.0481791
0.039983
0.0373911
0.016778
0.0174661
0.0231195
0.0222547
0.0209325
0.0214509
0.0203266
0.0208421
0.0207228
0.0198684
0.0209389
0.0209091
0.0194192
0.0250428
0.0258028
0.0249314
0.0216319
0.0683948
0.0582495
0.0444059
0.0632235
0.0492188
0.0229828
0.024264
0.081561
0.0639814
0.060276
0.0584374
0.0638623
0.0656352
0.0571447
0.0203925
0.0302517
0.0242699
0.0356409
0.0206892
0.0264268
0.0295162
0.0320898
0.0353789
0.0267058
0.0320996
0.0242841
0.024437
0.0147787
0.0245226
0.0220013
0.023761
0.014295
0.0156827
0.0331319
0.0934316
0.0633466
0.077183
0.0737985
0.0585559
0.0857016
0.0407221
0.0345833
0.0930577
0.0582577
0.0491248
0.0570392
0.07134
0.0661963
0.0341484
0.0982271
0.0866923
0.0786021
0.100653
0.0687802
0.058749
0.0445857
0.0967462
0.0324073
0.0270873
0.0256446
0.0228237
0.0332448
0.0189823
0.0210233
0.0195571
0.0325608
0.022019
0.0282241
0.0318026
0.068379
0.0508384
0.0533287
0.0806291
0.0435646
0.039313
0.0430824
0.0482504
0.0315599
0.0341013
0.0352091
0.0462007
0.0437432
0.0499933
0.0494042
0.0407118
0.0402598
0.0176098
0.0399704
0.0448179
0.0255132
0.0306359
0.0402595
0.0421711
0.0384281
0.0335492
0.0232181
0.0282195
0.0516609
0.0445804
0.0422112
0.0528519
0.0412261
0.0465386
0.0395227
0.0380871
0.042552
0.0479525
0.021855
0.016154
0.0274478
0.0167464
0.0169803
0.0163922
0.0215524
0.0166513
0.0177955
0.0133889
0.0154491
0.0335036
0.0383772
0.032363
0.0361042
0.0437835
0.0270933
0.0300325
0.029246
0.0334399
0.0255447
0.0252107
0.0142049
0.0154745
0.0180493
0.0154372
0.0784878
0.0638941
0.026148
0.0637471
0.0229995
0.0296381
0.0328561
0.0290396
0.0308511
0.02489
0.0654233
0.0376942
0.0320192
0.0494158
0.0352297
0.0367099
0.0442801
0.031227
0.0574464
0.0686249
0.0646777
0.0418658
0.0457767
0.049025
0.0497314
0.0479905
0.0161851
0.0183254
0.00939637
0.0107714
0.0768105
0.0675438
0.0748538
0.0525172
0.0754424
0.046552
0.0322163
0.0550102
0.0485888
0.0363201
0.0404634
0.0408905
0.0509158
0.0499782
0.0848167
0.0406259
0.0398608
0.0387872
0.0683532
0.0268919
0.0511145
0.0473057
0.0687835
0.0477722
0.0554954
0.0533769
0.0324126
0.0468074
0.0681013
0.0441073
0.0203161
0.0613448
0.0515823
0.0319283
0.0203082
0.027092
0.0205256
0.0442571
0.0117513
0.0289456
0.0355277
0.0558833
0.0308404
0.0530522
0.0315667
0.0147392
0.0144706
0.0393583
0.05745
0.0616328
0.0503724
0.047892
0.0105085
0.00895375
0.0265675
0.0125926
0.012784
0.0240448
0.0263882
0.0250734
0.0132305
0.0139038
0.01373
0.0147439
0.0144542
0.0140023
0.042254
0.0837519
0.0352437
0.0293782
0.0333779
0.0334303
0.0372753
0.0432485
0.0363402
0.011089
0.0624316
0.0498731
0.0494673
0.0541711
0.0610244
0.0707557
0.046838
0.0702907
0.048033
0.0508028
0.0556911
0.0485235
0.0612787
0.0551227
0.0480705
0.0650173
0.0565352
0.0468876
0.0596076
0.0548321
0.0620541
0.065189
0.103336
0.0621769
0.0431445
0.0640145
0.0463961
0.0452238
0.026243
0.051122
0.0125525
0.0240481
0.0114635
0.0408043
0.0424464
0.0523796
0.0379712
0.0396092
0.0312454
0.0353745
0.0129618
0.0111048
0.0276447
0.0285782
0.0138593
0.0117802
0.0119369
0.013624
0.0328984
0.0353672
0.0344196
0.0415874
0.0602252
0.0445089
0.0414323
0.0157888
0.038685
0.0490512
0.0524043
0.0520068
0.0668504
0.0599951
0.0562001
0.0349811
0.0150019
0.0305791
0.0156386
0.0304914
0.0386901
0.018105
0.0375941
0.0303965
0.0286362
0.0387947
0.0495135
0.0463098
0.0271258
0.0454997
0.0832736
0.0776878
0.0729713
0.0237151
0.0597442
0.0247472
0.0381019
0.0783693
0.077394
0.0424093
0.0918714
0.0463149
0.101501
0.0494041
0.0494794
0.0683967
0.0478681
0.061176
0.0543052
0.0470414
0.0456947
0.0579091
0.0497131
0.0454369
0.0466278
0.0520492
0.0527236
0.0451959
0.0443162
0.0444917
0.0461669
0.0468373
0.0511864
0.0462697
0.0502617
0.0487251
0.0521137
0.0531397
0.0605241
0.0572631
0.0750238
0.0780922
0.103689
0.10276
0.0700915
0.108265
0.105648
0.125812
0.0989727
0.0971832
0.131874
0.140962
0.130953
0.0467081
0.0478528
0.0503778
0.0558286
0.0718409
0.141464
0.137491
0.15566
0.0890438
0.177004
0.135738
0.140975
0.129971
0.107336
0.113363
0.129514
0.0677574
0.0469257
0.0673276
0.0967091
0.113459
0.112604
0.134469
0.145036
0.0259527
0.0528165
0.0543888
0.100899
0.116252
0.116536
0.128609
0.0514134
0.0352533
0.0665098
0.0529834
0.0321775
0.0864872
0.104562
0.244296
0.247406
0.213708
0.182963
0.249185
0.231869
0.211049
0.178248
0.131231
0.173638
0.0640233
0.0325604
0.0183451
0.0213168
0.0950578
0.0832854
0.122417
0.198025
0.144321
0.161473
0.199415
0.530324
0.729637
0.527419
0.273473
0.463778
0.282181
0.393468
0.315148
0.385022
0.307112
0.212189
0.122338
0.130516
0.166814
0.365539
0.215753
0.0461145
0.304945
0.145368
0.131588
0.121522
0.111432
0.42681
0.336617
0.322322
0.169595
0.287403
0.326215
0.345765
0.294641
0.26947
0.271189
0.197881
0.268928
0.219421
0.205133
0.169156
0.0523941
0.0579708
0.0731037
0.0712061
0.0510534
0.0456353
0.0575037
0.0482295
0.107341
0.0487119
0.0600592
0.0791229
0.0922634
0.098642
0.0632005
0.0493267
0.0400979
0.119485
0.0640088
0.089613
0.0451853
0.0991111
0.0787781
0.041807
0.046495
0.0466033
0.0500032
0.0487458
0.0397976
0.0501915
0.0487678
0.111762
0.117957
0.0939548
0.134049
0.04571
0.0602207
0.0699945
0.0504812
0.0507427
0.0582863
0.0810621
0.0569338
0.0609796
0.052898
0.054698
0.0604281
0.0794158
0.066084
0.0634598
0.0994581
0.0767977
0.149175
0.208735
0.167342
0.0513266
0.0453698
0.0531501
0.0420304
0.0431712
0.0409521
0.0349957
0.0518654
0.050957
0.0601255
0.0871115
0.12413
0.0560955
0.0520053
0.0704386
0.0485163
0.0508723
0.0511256
0.0530463
0.0150367
0.0189474
0.0222871
0.0215327
0.017562
0.0236506
0.0275575
0.020381
0.024339
0.0232985
0.031544
0.0254861
0.0228499
0.0286458
0.023688
0.0327649
0.0255882
0.023097
0.0305911
0.0335273
0.0335271
0.0265234
0.0274692
0.0335424
0.0357931
0.0278615
0.0420245
0.0417005
0.0285295
0.0458179
0.029623
0.0363637
0.0308597
0.0410852
0.0277891
0.0312089
0.0248719
0.0241171
0.0249963
0.0213571
0.0229593
0.0276398
0.0143452
0.0139288
0.0142249
0.0435754
0.0330597
0.0318347
0.0371802
0.0277206
0.0111216
0.0523088
0.0130163
0.012645
0.0160444
0.015159
0.0150687
0.0183619
0.0152017
0.0178602
0.0260922
0.0188526
0.0315202
0.0308948
0.0162087
0.0147374
0.0180025
0.0145842
0.0153722
0.0142427
0.0162737
0.023848
0.0153671
0.0119577
0.0142175
0.015231
0.0140284
0.01485
0.0144366
0.013355
0.0128238
0.0152808
0.012805
0.0133354
0.0113503
0.0104248
0.0151303
0.0102255
0.0112456
0.0106792
0.00989786
0.0139249
0.0257703
0.0206773
0.0178728
0.0193302
0.0189628
0.0232994
0.0250208
0.0258914
0.0240347
0.0293632
0.0220564
0.0124947
0.0110157
0.0159737
0.0175243
0.019814
0.0232577
0.0182344
0.0243949
0.0207873
0.0238099
0.023426
0.0207586
0.0235995
0.0538183
0.077719
0.0337546
0.042885
0.030554
0.038622
0.0338875
0.0310398
0.0442984
0.0382136
0.0539609
0.0355096
0.047807
0.0414917
0.0366295
0.0663131
0.0601002
0.0484117
0.0153809
0.0276961
0.0506022
0.0432824
0.0301143
0.0278323
0.0272551
0.0378309
0.0862498
0.0752531
0.0946745
0.0333476
0.0254966
0.0313188
0.0324542
0.0276517
0.0312945
0.0391945
0.0422701
0.0470849
0.0184116
0.0539265
0.0576708
0.0531134
0.0457312
0.0541933
0.0142038
0.0140434
0.0384378
0.0144248
0.0171123
0.0183109
0.0364946
0.0239655
0.0142651
0.0157523
0.0193398
0.0363824
0.0255015
0.040612
0.0306776
0.0296668
0.0260424
0.0381535
0.0229463
0.0295731
0.0541752
0.015088
0.0520848
0.0575735
0.0624019
0.0463502
0.0482327
0.0491675
0.0165392
0.0151074
0.0559345
0.0333515
0.0655113
0.0461714
0.0522358
0.0181859
0.0155522
0.0682732
0.0552432
0.0623653
0.0539146
0.068386
0.0565227
0.0698999
0.0673246
0.0636739
0.0568473
0.0167543
0.0136027
0.0625781
0.0729188
0.0585386
0.0156546
0.0944825
0.081259
0.0607122
0.0606366
0.0133869
0.0734359
0.102898
0.0717094
0.0122051
0.0906925
0.0697469
0.0953002
0.0913538
0.0923256
0.0119883
0.0744146
0.0707718
0.0916889
0.0199586
0.0749887
0.0894897
0.0796346
0.0835711
0.0797922
0.0125134
0.0132414
0.0236473
0.0209118
0.118376
0.0868373
0.0943205
0.0736262
0.0844624
0.105453
0.0879716
0.0815114
0.0952815
0.0986244
0.0948197
0.0953955
0.117804
0.0872482
0.0325862
0.036671
0.026144
0.0480975
0.0159763
0.0309766
0.0249984
0.0356668
0.0284026
0.040758
0.0294995
0.04383
0.0418523
0.0527927
0.0847421
0.0785579
0.0831328
0.0342544
0.0331536
0.04375
0.0353219
0.034651
0.0256759
0.0851789
0.0732887
0.0184955
0.0460304
0.04892
0.0600074
0.0463236
0.0502484
0.0597433
0.0481407
0.0528763
0.0617764
0.021879
0.0570365
0.056342
0.0556308
0.0515544
0.0549635
0.0726007
0.0533797
0.0158402
0.00883281
0.0108976
0.0150109
0.0175174
0.01191
0.0188436
0.0105455
0.0243425
0.0413825
0.0430178
0.0502164
0.0441017
0.19192
0.0439162
0.168707
0.220975
0.335017
0.0293917
0.0492581
0.0168794
0.0538558
0.0476451
0.0156496
0.0159536
0.0150726
0.0125068
0.015503
0.0230584
0.0639488
0.0673605
0.0902922
0.0775695
0.0697818
0.094155
0.0911159
0.0794119
0.0584008
0.0334891
0.0308802
0.0401779
0.0626917
0.0334683
0.069815
0.0343361
0.0431172
0.0333659
0.0677937
0.060478
0.0455993
0.0329899
0.0651373
0.0486477
0.049333
0.0490445
0.0495915
0.0854841
0.0352466
0.0451881
0.075339
0.04202
0.0651733
0.061661
0.0337082
0.04179
0.0299858
0.0429687
0.0351695
0.0321999
0.0425527
0.0836912
0.0389911
0.0705914
0.0669401
0.0361868
0.0460531
0.0832173
0.0671722
0.0737702
0.0405674
0.039961
0.0582436
0.0582536
0.0544483
0.0755766
0.0725238
0.0521936
0.064333
0.043171
0.085502
0.0751717
0.0824239
0.101136
0.0785283
0.0326742
0.0274196
0.05097
0.0536774
0.0577521
0.053438
0.0442205
0.0507156
0.0521929
0.0493789
0.0372169
0.0635816
0.312501
0.239707
0.273821
0.271667
0.0833639
0.117094
0.175254
0.147546
0.0446064
0.0168421
0.024156
0.0221598
0.0970403
0.099041
0.0842203
0.0176571
0.0187736
0.0173126
0.0148593
0.0998822
0.0836035
0.115885
0.0160935
0.0969293
0.084606
0.0421653
0.0185216
0.0570952
0.0508116
0.0103433
0.0588694
0.0268667
0.0660326
0.0749096
0.0634713
0.048507
0.0182499
0.0651668
0.0700856
0.0164749
0.0494502
0.0154329
0.0840103
0.0144185
0.0990149
0.0138532
0.0147288
0.085114
0.0607049
0.0808349
0.0856676
0.10432
0.0870305
0.108877
0.10556
0.0121554
0.110106
0.0118829
0.133828
0.106738
0.0214646
0.0429015
0.121695
0.0957599
0.074458
0.106314
0.0874297
0.0426229
0.0450551
0.0854056
0.0885748
0.0872477
0.121601
0.0490241
0.0434156
0.0625877
0.0535069
0.0583534
0.0432939
0.0443589
0.0631463
0.0384531
0.0694379
0.0701795
0.0403553
0.0396079
0.0490312
0.0470406
0.0902458
0.0931198
0.0640847
0.124933
0.122649
0.0705143
0.0583287
0.0475544
0.0555578
0.033897
0.0488589
0.0504542
0.043927
0.0146699
0.0897369
0.0532671
0.0418242
0.0398917
0.0495733
0.133042
0.124502
0.0178901
0.0164592
0.0269474
0.0119314
0.128123
0.0681699
0.0174144
0.0117706
0.0143758
0.104654
0.034312
0.0876292
0.0569647
0.0461261
0.0169701
0.0168421
0.0269036
0.0570203
0.0135621
0.0138511
0.0368888
0.0142272
0.0200707
0.0170815
0.01543
0.0159088
0.0169715
0.0116564
0.013126
0.0148126
0.0143378
0.0742616
0.0144613
0.0137155
0.0984504
0.0771184
0.0694031
0.0481983
0.0857587
0.0674617
0.0430569
0.0780181
0.0539985
0.0431192
0.039664
0.0469339
0.0496462
0.0468685
0.0574677
0.0608824
0.0674875
0.0715391
0.0612804
0.067332
0.0823602
0.0554103
0.0421967
0.044186
0.0450852
0.0465321
0.0404164
0.0423715
0.0734972
0.0749554
0.0525172
0.054093
0.0756633
0.0792056
0.0800893
0.0562764
0.0718737
0.0585092
0.0588473
0.0671255
0.0634394
0.0465209
0.0748757
0.0716189
0.0681878
0.0355124
0.0176159
0.0113939
0.0560625
0.011015
0.104812
0.0159707
0.0165533
0.0133715
0.0159779
0.0161805
0.0148815
0.0142177
0.0381753
0.0484385
0.0152109
0.0514802
0.063987
0.0812887
0.0896153
0.0100797
0.104787
0.0654108
0.0528186
0.11217
0.0992237
0.116649
0.108752
0.0769982
0.082141
0.0946653
0.0517845
0.0112094
0.0119179
0.0509925
0.0660736
0.0557768
0.102186
0.0616705
0.0528174
0.0616577
0.0646574
0.116926
0.0801968
0.072625
0.0580796
0.0999508
0.0764699
0.0635093
0.0678555
0.0577882
0.0803958
0.0603287
0.0670859
0.0576909
0.0695286
0.101584
0.0778278
0.0719174
0.042724
0.0582583
0.0258686
0.0577178
0.0113234
0.0128343
0.0136819
0.0122599
0.057138
0.0504377
0.0133144
0.012528
0.0133876
0.0111031
0.0712014
0.049627
0.0485786
0.0157982
0.0136833
0.0104688
0.0125653
0.0145472
0.0128734
0.0101194
0.0769059
0.0676096
0.0112433
0.0118255
0.0745295
0.101152
0.104749
0.0785441
0.0730291
0.0847546
0.0569432
0.0149637
0.0116876
0.0141935
0.0133298
0.0108032
0.0124972
0.0124165
0.0120438
0.0133691
0.0109237
0.011523
0.0599012
0.0395602
0.0410348
0.0706154
0.0692111
0.0598343
0.0526439
0.0609318
0.0566652
0.0112614
0.0464505
0.0115742
0.0104756
0.0353948
0.01388
0.0121301
0.0111973
0.0120817
0.0113083
0.0816913
0.0642174
0.0221618
0.0327586
0.0388771
0.0389274
0.0193858
0.0384593
0.0365645
0.0298422
0.0235507
0.0221374
0.0254021
0.0325352
0.0207755
0.0449379
0.0407051
0.0446909
0.046219
0.0165543
0.0353148
0.030062
0.0146887
0.022465
0.0251864
0.0478585
0.0429193
0.0497112
0.087196
0.0978611
0.05832
0.096879
0.103151
0.0799416
0.0872355
0.0194478
0.0323749
0.0266843
0.0443379
0.0503526
0.067195
0.0745531
0.126307
0.0990489
0.140098
0.103969
0.171278
0.217799
0.210362
0.200083
0.190641
0.140744
0.200567
0.0233138
0.0244052
0.0376897
0.0427862
0.0295658
0.0459923
0.0523678
0.0636034
0.0768297
0.0211185
0.0382149
0.0334214
0.0209973
0.0295123
0.0416364
0.0474525
0.0289834
0.0442599
0.044918
0.0395894
0.0386071
0.0398291
0.0399315
0.119665
0.126191
0.131531
0.129872
0.102573
0.0422482
0.0400362
0.0361486
0.0356232
0.0365028
0.033884
0.0441991
0.0427492
0.0437849
0.0467266
0.0589149
0.0805048
0.0808743
0.296522
0.231201
0.0264326
0.0244348
0.0490249
0.0505862
0.278934
0.275057
0.291171
0.211697
0.223587
0.0534281
0.249124
0.242805
0.0606585
0.0727813
0.135993
0.172732
0.117961
0.169179
0.0922188
0.0454273
0.0722639
0.0721685
0.0377633
0.0361254
0.266795
0.0503434
0.0513111
0.0526174
0.0454347
0.0696891
0.0286603
0.0247949
0.127538
0.0563179
0.053552
0.049404
0.0125227
0.0119711
0.0537838
0.0534447
0.0537118
0.0524656
0.0527224
0.0494407
0.0548978
0.0332461
0.0541933
0.0531629
0.0137745
0.0143607
0.0207586
0.0159622
0.0160369
0.0148556
0.0159782
0.0154734
0.0151183
0.0214052
0.0173276
0.0196607
0.0179555
0.0233883
0.0210464
0.0214282
0.0214335
0.0225598
0.016749
0.0222886
0.0153739
0.0229092
0.0222083
0.0149907
0.0216686
0.0190573
0.0170061
0.0227283
0.0240127
0.0226544
0.0245226
0.0229318
0.0224396
0.0191054
0.0271455
0.0249238
0.0259392
0.0270361
0.0228665
0.0267021
0.0269065
0.0280354
0.0244568
0.0238463
0.0166453
0.0171294
0.0181889
0.0168174
0.017607
0.0137086
0.0079805
0.0166089
0.0187356
0.0179099
0.0143579
0.0190246
0.020513
0.0207255
0.0191066
0.0205867
0.0176883
0.0185249
0.0186562
0.0191865
0.0216938
0.0219426
0.0216922
0.0209492
0.0211834
0.0201546
0.0209834
0.0151752
0.0444952
0.0462547
0.0468821
0.0124261
0.0155822
0.0215377
0.00976041
0.0172103
0.019238
0.0201713
0.0153419
0.0214955
0.0174545
0.0203369
0.023465
0.0137328
0.0249172
0.0199094
0.014222
0.0191179
0.0220994
0.0140972
0.0288785
0.0206275
0.0302736
0.0179583
0.0166778
0.035596
0.0198743
0.0333743
0.0177423
0.0342699
0.0302897
0.0495854
0.0306901
0.030343
0.0366936
0.0369778
0.0330109
0.0324
0.0494364
0.0238434
0.0468242
0.0331429
0.0688644
0.0515973
0.0533947
0.0327166
0.0580269
0.0634104
0.0286746
0.0175104
0.0447234
0.0262421
0.0402513
0.0529824
0.0489436
0.0425152
0.017912
0.0211951
0.019211
0.0168636
0.0224886
0.0227099
0.0226665
0.0232686
0.0274909
0.00892943
0.00937295
0.00744758
0.01681
0.0223746
0.0263122
0.0131008
0.0292291
0.0173112
0.013301
0.00785683
0.0110758
0.0156766
0.0229095
0.0296953
0.0268897
0.0234875
0.0210243
0.017507
0.0292595
0.0290854
0.0374236
0.0367326
0.0362128
0.0343535
0.0302478
0.0298282
0.041925
0.040616
0.0427697
0.0356202
0.0357834
0.0403728
0.0176411
0.0237411
0.0336759
0.0282039
0.0253983
0.02634
0.0268992
0.0316257
0.0164309
0.0192287
0.0496771
0.0442337
0.0186331
0.0216292
0.0158971
0.0227068
0.0205804
0.0248919
0.0130749
0.0176362
0.0229406
0.0218686
0.0243062
0.0262771
0.0260114
0.0437756
0.0440533
0.0420564
0.039044
0.0415709
0.0374072
0.0430896
0.0279734
0.0149005
0.0125503
0.0124828
0.036018
0.0427909
0.0177925
0.0166661
0.0296623
0.0255445
0.0301572
0.0448002
0.046752
0.0550476
0.0533718
0.0116665
0.0495894
0.0494878
0.0146187
0.0158248
0.015592
0.0136487
0.0162469
0.025264
0.0213953
0.027781
0.026214
0.0531472
0.0282286
0.0476837
0.0217002
0.0302651
0.016947
0.0224462
0.0362738
0.0179235
0.0162519
0.0372523
0.0209483
0.0262067
0.0298026
0.0356186
0.0450396
0.0443802
0.0422747
0.0475694
0.0337914
0.0388813
0.0337939
0.0214472
0.0209143
0.0219794
0.019751
0.0148129
0.0289549
0.0281354
0.0271408
0.0247244
0.0214896
0.0541747
0.053128
0.0188068
0.0109866
0.0305173
0.0278617
0.0494269
0.0388291
0.037839
0.0339973
0.0323158
0.0426051
0.0239117
0.0298369
0.0294102
0.0296909
0.0303703
0.0308093
0.0405765
0.0324095
0.032631
0.0302076
0.0336894
0.0233711
0.0185879
0.0224649
0.0137931
0.0220097
0.0222461
0.0471426
0.0155911
0.0338203
0.0283444
0.0315596
0.01603
0.0389344
0.0358078
0.016465
0.0431169
0.0493775
0.0494564
0.02324
0.0177189
0.0260386
0.0266086
0.025553
0.0183844
0.0229957
0.0119982
0.029886
0.0267042
0.0294643
0.0289627
0.0141533
0.0275185
0.0301761
0.0298969
0.0297897
0.0362808
0.0205645
0.0335917
0.032632
0.0336444
0.0338049
0.0298433
0.033408
0.0334425
0.0361613
0.0465586
0.043224
0.0153688
0.0142826
0.0155908
0.0136863
0.0416639
0.0128762
0.0216075
0.0116222
0.0127343
0.0560651
0.0552182
0.0594479
0.0574901
0.0394295
0.0597694
0.0566264
0.0615114
0.0257941
0.0278719
0.0282139
0.015803
0.0340953
0.0458811
0.0408656
0.042264
0.041244
0.0272588
0.0170985
0.0154533
0.0157063
0.029807
0.0138117
0.0494374
0.0456139
0.052581
0.0549112
0.0581032
0.0564197
0.0590463
0.0595578
0.048119
0.0452879
0.060873
0.0639618
0.057248
0.0366835
0.0125346
0.0643622
0.0457143
0.0494508
0.0136181
0.0504516
0.0464888
0.0515055
0.0116467
0.052617
0.0472287
0.0454232
0.0453664
0.0576509
0.0247791
0.0257216
0.0271921
0.0329111
0.0313096
0.0232833
0.0241585
0.0478631
0.0356395
0.0265654
0.026753
0.0180553
0.0247662
0.0482752
0.0329692
0.0554706
0.0500318
0.0586673
0.147113
0.158364
0.153938
0.0379266
0.0388775
0.032087
0.0344486
0.0341497
0.0356159
0.0247784
0.0260081
0.0259665
0.0245946
0.0501551
0.0517785
0.0455316
0.049205
0.0164938
0.052195
0.0130173
0.0498725
0.049371
0.042065
0.0505056
0.0272035
0.0280531
0.0315363
0.0297751
0.031692
0.0270355
0.0288847
0.0351497
0.021139
0.0376254
0.0413329
0.0404526
0.0506613
0.0501546
0.0143385
0.0484042
0.0481733
0.0491311
0.0571618
0.0316367
0.0289165
0.0313596
0.0128857
0.0292972
0.0303326
0.0274724
0.0380532
0.0321607
0.0297766
0.0367638
0.0501677
0.0469726
0.0477078
0.0361395
0.0419321
0.0346014
0.0392741
0.0513566
0.0521333
0.0506618
0.0481182
0.0508025
0.0482131
0.0323775
0.0284691
0.0350015
0.0327804
0.0354844
0.0503092
0.0355171
0.0345932
0.0317861
0.0328249
0.0297375
0.033815
0.0375059
0.0439727
0.0363691
0.0331603
0.0362287
0.0341127
0.050476
0.0486069
0.0405828
0.0520472
0.0414814
0.0356688
0.035089
0.0212551
0.0414301
0.0229836
0.0746888
0.0200432
0.0279287
0.0205196
0.0188832
0.0237326
0.030752
0.0300545
0.0190598
0.0202301
0.028608
0.0141399
0.0183521
0.0183541
0.0205215
0.0298241
0.0262531
0.0138872
0.0166011
0.0185527
0.0165567
0.0141077
0.0139286
0.0130948
0.0160957
0.0172659
0.015174
0.0144946
0.0156481
0.0163462
0.0147894
0.0153574
0.0158693
0.0110974
0.016362
0.0209802
0.0155672
0.0334295
0.0216367
0.0262253
0.0323974
0.017043
0.0211327
0.0428014
0.0274544
0.0251678
0.0287289
0.0471648
0.0143693
0.0178208
0.0217064
0.0259802
0.0335912
0.0482415
0.0293686
0.0353799
0.0193601
0.0203952
0.0501609
0.0337893
0.039308
0.0425647
0.033257
0.0366422
0.0445261
0.0382517
0.0280468
0.0397082
0.0361215
0.0485035
0.024885
0.0298256
0.0371474
0.0208799
0.0289183
0.0300573
0.0231733
0.0165035
0.0206676
0.0179808
0.0173563
0.0344973
0.0299851
0.0321976
0.0427471
0.047227
0.02375
0.0109217
0.0104193
0.0170513
0.0156834
0.0144106
0.0141137
0.0150767
0.0134926
0.0158163
0.0153309
0.0162455
0.0156066
0.0159464
0.0196148
0.0184783
0.0239889
0.0220694
0.0258252
0.0163197
0.0181121
0.0176307
0.0163977
0.0161277
0.016562
0.0175533
0.0192841
0.018892
0.0283209
0.020546
0.0219387
0.0218972
0.0227875
0.0221982
0.0286392
0.0304226
0.0115764
0.0109647
0.0112033
0.0121797
0.00984167
0.011719
0.0262172
0.0204444
0.0304744
0.0293947
0.0220433
0.0246521
0.0210587
0.0231342
0.0315817
0.014963
0.0142443
0.0185295
0.0185897
0.0207882
0.0231501
0.0194264
0.0161385
0.0191971
0.0179484
0.0168167
0.0152163
0.0203219
0.0131169
0.0198243
0.0174056
0.0199965
0.0184797
0.0180423
0.0165379
0.0184924
0.0212717
0.019318
0.0251739
0.0445869
0.028833
0.0669405
0.0372869
0.0384945
0.0708633
0.0440686
0.0461011
0.0248406
0.0380587
0.0425101
0.0321752
0.0372933
0.042213
0.0333228
0.0170969
0.0277859
0.0315753
0.0294883
0.0353461
0.0366129
0.0526181
0.0315754
0.0181054
0.0303418
0.0274155
0.0266682
0.0209737
0.0272585
0.0356559
0.0229761
0.0177715
0.0175298
0.0198886
0.0321789
0.0255524
0.0214603
0.0196969
0.0150888
0.0232094
0.0267701
0.0215044
0.0400402
0.0684968
0.0529478
0.0340139
0.0667229
0.0341774
0.0341685
0.0273725
0.0488412
0.0659351
0.0373347
0.0282155
0.0339116
0.0334262
0.0205924
0.0206429
0.06057
0.0550238
0.0556096
0.0577391
0.027643
0.0280125
0.0345461
0.029316
0.0401301
0.0177763
0.0212972
0.0213572
0.017521
0.0223304
0.0222218
0.01798
0.0118814
0.0140297
0.0118123
0.0237405
0.0195455
0.0186323
0.048207
0.014724
0.0149068
0.0127512
0.0120535
0.0122641
0.0126755
0.0241887
0.0145659
0.0141001
0.0166522
0.0125732
0.0192297
0.0251518
0.0206565
0.020183
0.0443919
0.0125044
0.0132964
0.0109755
0.0113474
0.0133024
0.0141059
0.0203627
0.0128473
0.0248224
0.0156457
0.0166269
0.0176798
0.0231121
0.0207661
0.0204928
0.0210139
0.0212228
0.0266234
0.0199944
0.0258402
0.0328861
0.0292412
0.0412114
0.0283135
0.038561
0.0345615
0.0303141
0.0281144
0.0281391
0.0273639
0.0184697
0.0203454
0.0239224
0.0169607
0.0192868
0.0254787
0.0276964
0.0219081
0.0253868
0.030157
0.0177789
0.0136005
0.0180798
0.051232
0.0178761
0.0161044
0.0569106
0.0210372
0.0186269
0.0218333
0.0159321
0.0214922
0.0154279
0.0112203
0.0145279
0.0338137
0.0212898
0.0336577
0.0208592
0.0174862
0.0324455
0.0290903
0.026316
0.0151098
0.0161766
0.0213199
0.0204846
0.0207479
0.0176399
0.0236587
0.0173028
0.0163331
0.0191429
0.0196533
0.0171219
0.014243
0.0153799
0.0181686
0.0188826
0.0190893
0.0197097
0.0196007
0.0216099
0.0236217
0.0221207
0.0226524
0.0294528
0.0317393
0.0423374
0.044135
0.0363621
0.028156
0.0279263
0.0172582
0.0156962
0.014392
0.012656
0.0180808
0.0162454
0.0235411
0.0219427
0.0221781
0.0221677
0.0200039
0.0193801
0.0216996
0.0518688
0.0342305
0.0317762
0.0279687
0.0290458
0.0374724
0.0304593
0.0194979
0.0277533
0.0254302
0.0211371
0.0218673
0.0235722
0.0155094
0.0234977
0.014358
0.0146871
0.0178797
0.0222849
0.023134
0.0262491
0.024297
0.021533
0.0208261
0.0215594
0.020285
0.0208631
0.0207372
0.0231163
0.0207025
0.0190605
0.0143898
0.023918
0.0230071
0.0233612
0.0241851
0.0223471
0.0201353
0.0235446
0.0125738
0.0134221
0.0115092
0.0125578
0.0165956
0.0248471
0.0220642
0.0218293
0.024257
0.0217069
0.0239197
0.0235059
0.0280429
0.0238715
0.0252322
0.0239679
0.026905
0.0316307
0.0304608
0.022935
0.0205062
0.0255737
0.0186606
0.0186481
0.0238111
0.0251766
0.0209346
0.0223255
0.0238122
0.0225754
0.02215
0.0216928
0.0174121
0.0144813
0.0199541
0.0183409
0.0334318
0.0229525
0.0232027
0.0220572
0.0182108
0.0208423
0.0190353
0.0239468
0.0210137
0.0219313
0.0229216
0.0310782
0.0240115
0.0295411
0.0267318
0.0229883
0.0221429
0.0252629
0.0256507
0.0251606
0.0241018
0.0349248
0.0238596
0.0363484
0.0283898
0.0261268
0.0185827
0.0345274
0.0215784
0.0303447
0.0175443
0.0178532
0.0176259
0.0176624
0.0167922
0.0203853
0.0413205
0.0258564
0.0476647
0.0274644
0.015359
0.0217226
0.0243803
0.0398449
0.0438282
0.0207733
0.0221533
0.020199
0.0223491
0.0222779
0.0187972
0.0212266
0.0184658
0.0160647
0.0210241
0.0147504
0.020045
0.0221139
0.0232425
0.0218553
0.0186238
0.0188724
0.0205487
0.0203631
0.0165237
0.0165369
0.0211486
0.0255113
0.0144903
0.0220317
0.0242453
0.0259132
0.0238392
0.0242924
0.0253414
0.0189503
0.0184626
0.0201089
0.0263975
0.0436062
0.0230621
0.0246798
0.0248128
0.0239277
0.039349
0.0219805
0.0253683
0.0187706
0.0146957
0.0144467
0.0295263
0.0207696
0.0209637
0.0269683
0.0416068
0.0300942
0.0250213
0.0265588
0.026033
0.0244704
0.0227295
0.0234834
0.0243263
0.0235777
0.023704
0.0219114
0.0267692
0.0220258
0.0167277
0.0169171
0.0218712
0.0240218
0.0210553
0.0496331
0.0319735
0.0245379
0.022818
0.0215923
0.0219204
0.0252379
0.0210964
0.0271158
0.0240197
0.0222021
0.0237738
0.0162107
0.0259956
0.0246108
0.0221607
0.0262079
0.0366015
0.0301729
0.0268117
0.028056
0.0282568
0.025968
0.0259044
0.0230203
0.024286
0.0246103
0.0250701
0.0241507
0.0202556
0.0192362
0.0211583
0.0212997
0.0218117
0.0228657
0.0252565
0.0223182
0.0274021
0.0248998
0.025807
0.0253079
0.0273258
0.0262179
0.024574
0.0242034
0.0245774
0.0253872
0.0271226
0.0252954
0.0255768
0.0269198
0.0249681
0.0251856
0.0268612
0.0517891
0.0268173
0.0284023
0.0294435
0.0285742
0.025294
0.0289861
0.0277815
0.0269555
0.0246418
0.0268713
0.0254454
0.029764
0.0324525
0.0249741
0.0274777
0.0250537
0.0235597
0.0251378
0.0247154
0.0252635
0.0283225
0.0295798
0.0262244
0.0284891
0.0293047
0.0243412
0.0269941
0.0290738
0.0298115
0.0262402
0.0255373
0.0269046
0.0280308
0.0290338
0.02877
0.0278941
0.0270707
0.0300339
0.0254137
0.0280142
0.0265395
0.0303116
0.0291043
0.0286891
0.029764
0.0279486
0.0279477
0.0278423
0.0290221
0.0278422
0.0279148
0.0278273
0.0285411
0.0281225
0.0278457
0.0281366
0.0278623
0.0284803
0.0300954
0.0278885
0.0285911
0.0281455
0.0270635
0.0279087
0.0279404
0.0269467
0.027534
0.0278445
0.0270532
0.027077
0.0261572
0.0280291
0.0278282
0.0269437
0.0278907
0.0290324
0.0291497
0.0279914
0.0281792
0.027842
0.0268226
0.0285813
0.0273572
0.0280199
0.0277347
0.0269556
0.0276548
0.0279806
0.0268675
0.0278446
0.0278335
0.0266015
0.0268423
0.0269019
0.0294037
0.0276461
0.0278897
0.0286587
0.0280178
0.0274405
0.0301885
0.0258377
0.0277534
0.0280383
0.0277961
0.0269444
0.0264615
0.0274604
0.0276871
0.0280547
0.0252669
0.0278865
0.0273019
0.0271679
0.0266888
0.0276517
0.0291905
0.0278804
0.0276261
0.0289244
0.027882
0.0291038
0.0282641
0.0287189
0.0275209
0.0273649
0.0270828
0.0290309
0.0277047
0.0280361
0.0290596
0.0269494
0.0285641
0.0293765
0.028028
0.0269283
0.0267452
0.0282128
0.0279813
0.0280893
0.0279043
0.0266655
0.0269458
0.0286783
0.0282604
0.0281683
0.0277314
0.0269166
0.0277055
0.0243869
0.0273412
0.0270201
0.0279111
0.027172
0.0281713
0.0279983
0.0280522
0.027321
0.0282832
0.028339
0.0278921
0.0275257
0.0286385
0.0274412
0.0269505
0.0280344
0.0271269
0.0286457
0.0281695
0.0269468
0.026084
0.0266218
0.0279215
0.027763
0.0285361
0.0287454
0.0272143
0.0285746
0.030421
0.0282089
0.0266251
0.0269309
0.0275386
0.028474
0.0273581
0.0262908
0.0286316
0.0266079
0.0277083
0.0284305
0.0279881
0.0259725
0.0281169
0.028891
0.0279837
0.0283372
0.0276045
0.0277621
0.0279947
0.0284767
0.0280217
0.0272738
0.0275159
0.0281611
0.0273244
0.0292021
0.0294548
0.0283162
0.0287697
0.0272675
0.0292858
0.0278283
0.0284186
0.0291344
0.0278555
0.0270506
0.0288571
0.0268946
0.0282522
0.0280226
0.028663
0.0269599
0.027025
0.027843
0.0289734
0.026887
0.0268875
0.0278448
0.0290956
0.0269476
0.0259902
0.0268843
0.0264042
0.0284577
0.0277223
0.0277757
0.0278442
0.0278878
0.0291466
0.0270719
0.026956
0.0267804
0.0269398
0.0293568
0.0286188
0.0269472
0.0278462
0.026942
0.0278455
0.0268744
0.026956
0.0278442
0.0270454
0.027024
0.0281444
0.0264953
0.0286877
0.030218
0.0270762
0.0278017
0.0269579
0.0283617
0.0265651
0.0288804
0.0286854
0.0268538
0.0270758
0.0264669
0.0287119
0.0269055
0.0269482
0.0269615
0.0269583
0.0269498
0.0269881
0.0260086
0.0268186
0.0287231
0.0276203
0.0274981
0.0287841
0.0284676
0.0283071
0.028076
0.0276638
0.0273845
0.027386
0.0285915
0.0288887
0.0280338
0.0290144
0.0280304
0.0267154
0.0278619
0.0279644
0.0276135
0.026756
0.0269353
0.0271682
0.0295334
0.0269463
0.0269389
0.0269383
0.0283445
0.0269395
0.027184
0.0269395
0.0269111
0.0269353
0.0269597
0.0269502
0.0286612
0.0269458
0.0284277
0.0279211
0.0269445
0.0269431
0.0269343
0.0269334
0.0289857
0.0269298
0.0269336
0.0269348
0.0269357
0.0269335
0.0269339
0.0269337
0.164343
0.140003
0.160605
0.157862
0.110857
0.140117
0.235667
0.286361
0.0520692
0.0859602
0.071878
0.0791929
0.0550033
0.0138524
0.0122488
0.0162836
0.0149063
0.0155272
0.018473
0.0185352
0.0247242
0.0272311
0.0272034
0.0247582
0.026982
0.0270689
0.0270091
0.0269408
0.0278558
0.0600635
0.0549439
0.011249
0.0431693
0.0528105
0.0548395
0.199379
0.244349
0.240131
0.0176058
0.018825
0.0188882
0.0195237
0.0168711
0.0218797
0.0223627
0.0208635
0.0216099
0.08603
0.084622
0.0838963
0.109277
0.0690127
0.100104
0.0744021
0.0858613
0.0846451
0.102591
0.042792
0.0451336
0.15929
0.0528412
0.0492393
0.13323
0.0688453
0.0561954
0.0554377
0.0627006
0.0783738
0.0751451
0.123085
0.126701
0.0529284
0.0686339
0.104464
0.0564061
0.0516293
0.0705502
0.111593
0.162536
0.0589858
0.0482488
0.0687502
0.0675558
0.0745494
0.0736444
0.0921445
0.0844916
0.124094
0.251817
0.0717784
0.0738044
0.0509696
0.036709
0.0405925
0.0388621
0.0429796
0.0399047
0.0392848
0.0394855
0.053061
0.0294683
0.0400216
0.0324767
0.0307105
0.0338845
0.0349086
0.0330711
0.0338078
0.035466
0.0332165
0.0395384
0.107893
0.0576153
0.069103
0.0612498
0.0912921
0.0624396
0.0345739
0.0422632
0.0326436
0.0333087
0.0737859
0.0360082
0.0300656
0.0453313
0.0294223
0.0355466
0.0326615
0.0217864
0.0191947
0.0172593
0.0258259
0.0216363
0.0234864
0.0168108
0.0201523
0.0198245
0.0121707
0.019821
0.021523
0.0220401
0.0275314
0.0294494
0.0153402
0.0202286
0.0223731
0.0315984
0.0234623
0.0487008
0.0366113
0.0451064
0.0393198
0.0297131
0.0246911
0.0198886
0.0230034
0.026434
0.0295797
0.0279853
0.0264917
0.0269293
0.0271209
0.0277072
0.0586388
0.0464814
0.0548725
0.0472092
0.047631
0.0470017
0.0552293
0.0632111
0.0814299
0.0625401
0.0498157
0.0562882
0.0514697
0.0501826
0.0491162
0.078078
0.0496736
0.0546003
0.0819302
0.0737775
0.0617904
0.0459561
0.0416125
0.0725268
0.0527699
0.100299
0.0674243
0.0289142
0.034558
0.0512432
0.0358164
0.0611196
0.0853554
0.04453
0.0267606
0.0215902
0.0399947
0.0405559
0.0420392
0.0427127
0.0412883
0.0564466
0.0482234
0.0481808
0.0652075
0.0435301
0.044397
0.0493272
0.0452886
0.0484349
0.0637287
0.0664146
0.0741977
0.0692583
0.0791815
0.06993
0.0917706
0.0915696
0.124572
0.114528
0.0925823
0.0425087
0.0364817
0.0612221
0.0684629
0.0622791
0.0432185
0.0649342
0.0565283
0.0534776
0.0566121
0.0857897
0.101566
0.115856
0.064916
0.0681337
0.0837029
0.112845
0.0610373
0.05437
0.0538912
0.0550652
0.130157
0.0885611
0.110446
0.120671
0.121096
0.118855
0.0520905
0.0530497
0.0484777
0.0477932
0.0514196
0.0520842
0.0519818
0.0514162
0.0555692
0.0535775
0.0517089
0.0460781
0.0520875
0.055622
0.087562
0.0488836
0.0478279
0.0399776
0.0393274
0.0489116
0.0469874
0.0482347
0.0462479
0.0382926
0.0434181
0.0386229
0.133657
0.330576
0.087891
0.0837098
0.112317
0.270016
0.204432
0.135088
0.181885
0.138692
0.0955182
0.0839764
0.109808
0.11452
0.122049
0.198183
0.18163
0.190763
0.105055
0.107306
0.118179
0.126034
0.178962
0.184996
0.135207
0.133634
0.0796038
0.0878317
0.0849474
0.0921933
0.119572
0.123
0.0973844
0.127396
0.111685
0.144516
0.125628
0.136429
0.0467785
0.0473379
0.0520843
0.0557129
0.0522665
0.054087
0.0580652
0.075986
0.0575657
0.0623679
0.0580646
0.189124
0.0722732
0.103671
0.0660278
0.0670274
0.181293
0.195397
0.10211
0.160981
0.0590734
0.0572245
0.063367
0.0639684
0.0652368
0.0671114
0.066637
0.058077
0.0605632
0.0593833
0.0773098
0.0628211
0.10752
0.103414
0.0710976
0.0640771
0.0553824
0.167498
0.159804
0.163694
0.171891
0.182779
0.195027
0.219075
0.259892
0.152451
0.150722
0.141873
0.119294
0.156216
0.127272
0.141911
0.290949
0.214082
0.175246
0.146933
0.134367
0.169352
0.177275
0.0468923
0.0556608
0.0708867
0.0442065
0.04471
0.0958064
0.0766122
0.15156
0.0768097
0.084574
0.129069
0.121056
0.179449
0.208431
0.115585
0.21832
0.216908
0.239549
0.145416
0.0922595
0.21029
0.181599
0.187535
0.0972796
0.135393
0.199194
0.170596
0.157515
0.168222
0.152574
0.258496
0.1805
0.214446
0.112506
0.231786
0.109762
0.113874
0.0794394
0.0777017
0.0790044
0.133742
0.155028
0.103401
0.136632
0.210185
0.213998
0.26276
0.226247
0.184311
0.188477
0.19166
0.130496
0.214901
0.125498
0.111646
0.160821
0.155311
0.191428
0.206638
0.0959689
0.121701
0.171695
0.143943
0.158101
0.1801
0.18649
0.20905
0.177791
0.20855
0.212535
0.256957
0.155458
0.161484
0.131582
0.140761
0.154105
0.167062
0.190438
0.334235
0.213682
0.167229
0.176387
0.166574
0.151488
0.202142
0.176094
0.175876
0.210482
0.291036
0.168131
0.200966
0.131759
0.181337
0.252602
0.258329
0.203996
0.261036
0.156579
0.230859
0.174043
0.199839
0.217368
0.107457
0.117974
0.195655
0.144536
0.12527
0.115482
0.0938372
0.0852899
0.0843186
0.0939698
0.227469
0.156174
0.175357
0.138601
0.131025
0.122019
0.156935
0.149866
0.0448897
0.0494984
0.0676326
0.0537378
0.0374476
0.0384864
0.05149
0.159329
0.0523932
0.0458648
0.0426615
0.0467059
0.0322309
0.0295881
0.0297374
0.0271538
0.0452236
0.0496725
0.0509093
0.0412774
0.21008
0.156804
0.136957
0.143605
0.166892
0.150286
0.202218
0.297432
0.199432
0.19957
0.227117
0.0476634
0.0459722
0.0639776
0.0494698
0.167631
0.17792
0.224664
0.158941
0.265582
0.221773
0.205057
0.0578961
0.048261
0.0517453
0.0546802
0.190766
0.196777
0.142456
0.139278
0.1408
0.202464
0.208733
0.243781
0.218504
0.0910894
0.108204
0.176177
0.199663
0.203909
0.175835
0.169164
0.150842
0.161811
0.158945
0.149312
0.054359
0.0485635
0.0779588
0.175501
0.150776
0.0397073
0.105805
0.0764822
0.113282
0.113968
0.217119
0.121868
0.17289
0.156325
0.131723
0.219174
0.123064
0.181351
0.169976
0.127089
0.114581
0.0956672
0.134009
0.132847
0.147291
0.102276
0.0965058
0.0848052
0.125055
0.087513
0.0988368
0.0896262
0.0935156
0.11785
0.116271
0.0956869
0.101475
0.119789
0.114954
0.0878431
0.09039
0.0812011
0.106104
0.146963
0.09525
0.036883
0.0322836
0.0336973
0.0401797
0.044514
0.0325676
0.0354549
0.0373474
0.0407466
0.0480566
0.0414165
0.0482346
0.170931
0.106909
0.0773033
0.0760176
0.107597
0.0825584
0.108927
0.0774612
0.0818263
0.083923
0.0695466
0.118683
0.0913256
0.041937
0.0986206
0.143856
0.0769759
0.0516326
0.0651847
0.0577153
0.0647521
0.0583334
0.164706
0.086803
0.0602431
0.121005
0.0811586
0.106876
0.064103
0.0783859
0.0867446
0.124633
0.0438151
0.0417318
0.117292
0.11605
0.147574
0.0829137
0.0884831
0.0942708
0.0848278
0.0815561
0.103086
0.0606918
0.128183
0.0450057
0.0312464
0.0227287
0.0409253
0.0322075
0.0279305
0.0256667
0.0341788
0.0237841
0.0338161
0.0333778
0.121203
0.111907
0.112479
0.12405
0.128684
0.10916
0.135509
0.108382
0.128021
0.110613
0.104209
0.0907812
0.109861
0.0861686
0.120393
0.153299
0.0972059
0.138076
0.171292
0.125356
0.165516
0.186786
0.180885
0.189927
0.0484885
0.0478628
0.0415029
0.0548277
0.0849502
0.0392221
0.0739654
0.0857232
0.0567265
0.095328
0.0633669
0.147791
0.103499
0.128925
0.118206
0.0898504
0.149648
0.121826
0.135709
0.176864
0.174171
0.145221
0.169267
0.124085
0.107523
0.148061
0.134691
0.166816
0.102656
0.121437
0.140873
0.145975
0.158981
0.16125
0.157288
0.0624513
0.092252
0.0657369
0.0701972
0.101801
0.132438
0.0945513
0.137939
0.137811
0.0793097
0.135409
0.12596
0.148561
0.116143
0.125852
0.0837642
0.0557009
0.0819957
0.0542869
0.0617749
0.0610519
0.0543533
0.0626063
0.136548
0.199885
0.14812
0.177296
0.212006
0.0491279
0.047595
0.0408104
0.0538078
0.0513153
0.0569344
0.186822
0.191619
0.204838
0.185026
0.163118
0.150578
0.173481
0.196491
0.24846
0.197176
0.235767
0.239644
0.241002
0.269934
0.158786
0.150469
0.101424
0.190479
0.181697
0.141718
0.166576
0.162561
0.108895
0.101579
0.183596
0.196205
0.172617
0.166569
0.149719
0.162541
0.127358
0.128313
0.139324
0.161826
0.187512
0.127852
0.139486
0.153479
0.165389
0.170096
0.080491
0.0967385
0.0877021
0.11132
0.117714
0.110219
0.156554
0.121812
0.142564
0.147833
0.107804
0.112526
0.0454492
0.0486065
0.0545708
0.061275
0.0404619
0.128509
0.106913
0.0641241
0.056901
0.0762599
0.0543424
0.0586428
0.0606742
0.0534187
0.0609638
0.0532248
0.0837876
0.0570548
0.123061
0.119674
0.114206
0.0792117
0.092448
0.0799074
0.100463
0.07406
0.0996313
0.0897612
0.0714759
0.0736652
0.0745517
0.0886966
0.0834702
0.083126
0.103611
0.0992409
0.0921715
0.0983654
0.0920128
0.105484
0.112987
0.101428
0.131418
0.103851
0.168298
0.112017
0.109116
0.0722315
0.0990128
0.106262
0.0786928
0.0942727
0.0517336
0.0573413
0.053181
0.0499172
0.0548039
0.098952
0.0952861
0.101905
0.1168
0.124812
0.182764
0.144434
0.135251
0.128511
0.126561
0.141353
0.139133
0.129474
0.108246
0.148567
0.140601
0.151999
0.140455
0.140286
0.152571
0.160972
0.164237
0.191552
0.138308
0.129805
0.147085
0.167188
0.109414
0.184017
0.181351
0.0878092
0.105852
0.0747434
0.0669082
0.0690866
0.201011
0.0771469
0.147564
0.15427
0.136713
0.161657
0.1742
0.0980578
0.123667
0.148524
0.097117
0.101477
0.11922
0.0843697
0.0923866
0.0767475
0.161923
0.161668
0.200125
0.15078
0.141056
0.1433
0.0708277
0.091952
0.060091
0.0676132
0.0855277
0.127736
0.189214
0.125464
0.217827
0.110009
0.196761
0.227343
0.134304
0.105163
0.150197
0.172954
0.124655
0.11422
0.164594
0.0925597
0.115435
0.114627
0.153861
0.0531856
0.0589954
0.0881154
0.0522449
0.152693
0.168945
0.0989599
0.152279
0.190591
0.105597
0.0795006
0.0870643
0.1126
0.11264
0.114707
0.129316
0.150318
0.134033
0.160565
0.132526
0.0784004
0.100903
0.129674
0.0955853
0.0907495
0.0874043
0.0983833
0.143503
0.0888285
0.0743008
0.110279
0.113774
0.128819
0.127393
0.183001
0.124914
0.127881
0.172214
0.068394
0.0596866
0.0928555
0.0812864
0.0931734
0.128371
0.117165
0.106973
0.117841
0.0996908
0.105367
0.0845727
0.114461
0.0781212
0.100079
0.0940503
0.104353
0.0935832
0.104917
0.11525
0.0805275
0.0920729
0.0878482
0.0813826
0.0819567
0.0935229
0.108524
0.112233
0.132393
0.0821876
0.136337
0.138293
0.224253
0.0908163
0.133367
0.0708836
0.0757398
0.121213
0.10022
0.128671
0.118051
0.140948
0.0883927
0.074123
0.0850529
0.0831326
0.0803235
0.0680339
0.0727597
0.0760761
0.088896
0.0860082
0.1014
0.116487
0.126895
0.0951342
0.106095
0.0956241
0.112913
0.108444
0.106824
0.122492
0.11136
0.106255
0.115591
0.128281
0.119795
0.132731
0.0769541
0.116496
0.106969
0.131254
0.100985
0.140085
0.125138
0.100814
0.117292
0.100447
0.103849
0.10749
0.108128
0.080981
0.108792
0.101859
0.0717839
0.0706438
0.105881
0.0992724
0.0885787
0.0781806
0.0801095
0.0918837
0.126273
0.0841659
0.0952558
0.0819882
0.09617
0.0774855
0.104171
0.145492
0.110029
0.150768
0.0830001
0.0830384
0.11845
0.0760605
0.0842374
0.0989406
0.0900437
0.148126
0.139223
0.0717792
0.0747737
0.0739024
0.0761679
0.113951
0.0651367
0.0702269
0.0687097
0.0564456
0.0591058
0.0597333
0.0547346
0.0610238
0.0591129
0.0631788
0.0630241
0.0895407
0.0652465
0.0652932
0.10006
0.103805
0.125076
0.107255
0.140567
0.114831
0.104701
0.10196
0.108562
0.108138
0.122945
0.154758
0.102468
0.0921878
0.0972501
0.143444
0.0872204
0.161728
0.0824168
0.0977394
0.0848894
0.0981455
0.0852027
0.100576
0.10999
0.078624
0.0770522
0.136714
0.0883204
0.154283
0.0902911
0.0881423
0.0723826
0.0735453
0.0747527
0.0694223
0.0502844
0.0589896
0.0484142
0.0481339
0.126492
0.133049
0.172878
0.0919963
0.149288
0.0948066
0.161164
0.0991281
0.0656718
0.0798531
0.0690125
0.113767
0.073232
0.137181
0.101881
0.143638
0.155349
0.127858
0.119904
0.0860826
0.113157
0.0564313
0.0588382
0.0623869
0.0772931
0.0642884
0.0859257
0.09446
0.109842
0.148434
0.0774276
0.0653302
0.138816
0.145397
0.141719
0.137169
0.109452
0.176468
0.0667418
0.0887366
0.105884
0.065946
0.0689529
0.0839561
0.129615
0.0746834
0.0762942
0.0562459
0.0634197
0.10822
0.103563
0.0530843
0.0640384
0.108716
0.0818812
0.0826197
0.074798
0.0932269
0.123717
0.112827
0.0926456
0.0963278
0.140873
0.139087
0.150186
0.0968492
0.127306
0.0658209
0.0639644
0.0739886
0.0794206
0.0987419
0.0673852
0.0860642
0.0676394
0.0945899
0.128079
0.107287
0.13665
0.283249
0.15432
0.120249
0.131493
0.1361
0.11144
0.119216
0.108288
0.0921969
0.110826
0.0642002
0.0727403
0.0830367
0.0498349
0.0792939
0.0782071
0.0881544
0.103438
0.0420204
0.0721883
0.0869997
0.0869656
0.0757504
0.0951256
0.0906468
0.0692043
0.0836993
0.219645
0.112416
0.0724903
0.0880914
0.100057
0.0727931
0.0678668
0.0810226
0.092476
0.0918819
0.0573535
0.0577924
0.0645231
0.0649364
0.100738
0.103269
0.0458983
0.0401584
0.0363151
0.0658644
0.056215
0.0591278
0.0611285
0.0433443
0.0474251
0.041787
0.0280364
0.0319344
0.116849
0.0981417
0.0977022
0.153016
0.120231
0.0754261
0.121762
0.0884829
0.115174
0.0896695
0.0518444
0.0723843
0.0639447
0.0865663
0.0545236
0.053732
0.117945
0.0710967
0.0782702
0.0571666
0.072965
0.0696228
0.117248
0.164597
0.130201
0.112426
0.101241
0.111715
0.156375
0.0980513
0.101131
0.074462
0.050366
0.0519794
0.0518838
0.0417169
0.0503068
0.0510423
0.0550254
0.0542504
0.0634575
0.049502
0.0482766
0.0505364
0.0789058
0.0720588
0.0915206
0.0825202
0.0866882
0.10048
0.0835711
0.146074
0.0748154
0.0672339
0.0737675
0.0959316
0.0976755
0.0799748
0.0877238
0.12468
0.0782218
0.105853
0.082477
0.0944266
0.105312
0.0841224
0.0819875
0.0819436
0.0873403
0.144166
0.0740971
0.0941417
0.0782071
0.0808969
0.11528
0.117293
0.166069
0.103681
0.170511
0.0519832
0.0655842
0.0970597
0.0729578
0.061559
0.0628491
0.0571408
0.0538946
0.0638171
0.0620764
0.0635195
0.0592602
0.0473123
0.0479154
0.0497889
0.0524746
0.0558062
0.0575414
0.0884054
0.0631602
0.0801667
0.0888519
0.0637772
0.0647235
0.111866
0.0934387
0.0667106
0.0715826
0.0559097
0.0977239
0.0944041
0.0972224
0.107426
0.082842
0.100884
0.0796863
0.0520802
0.111875
0.076001
0.0680073
0.0709502
0.0549434
0.0630015
0.0627183
0.0585352
0.0521066
0.0701086
0.0593088
0.104442
0.0716122
0.0746723
0.0757676
0.115077
0.0731948
0.0496035
0.0493798
0.0489062
0.0432816
0.0427669
0.0458363
0.068186
0.0609947
0.0449759
0.0538278
0.045908
0.077972
0.0963518
0.0701707
0.0935906
0.0570741
0.0687881
0.0296555
0.0307208
0.0626304
0.0652646
0.047421
0.116825
0.116283
0.18357
0.093541
0.0625757
0.202732
0.0516285
0.0698526
0.0220431
0.0155614
0.0758482
0.0920135
0.0819045
0.104569
0.0694124
0.0539438
0.0550565
0.0531099
0.0598844
0.0619082
0.0554712
0.128581
0.0533159
0.0269456
0.0602585
0.0606438
0.0531455
0.0664371
0.0572436
0.0570591
0.0895186
0.0795134
0.104572
0.115848
0.079671
0.0828954
0.105566
0.0872161
0.115628
0.11786
0.0718135
0.0750971
0.0871918
0.0701079
0.106243
0.112301
0.128982
0.0877738
0.0614801
0.0557285
0.0600579
0.0697976
0.0570561
0.0904502
0.0553874
0.0879559
0.06162
0.0925366
0.0806039
0.10313
0.0944328
0.102618
0.052556
0.0761771
0.055225
0.0252414
0.0621674
0.0724641
0.0690264
0.0762399
0.0589589
0.088901
0.0659721
0.0599682
0.100291
0.0608909
0.0550273
0.0537078
0.0915459
0.0623243
0.0615905
0.0657048
0.0690083
0.0703781
0.0724107
0.0617391
0.064219
0.0687169
0.0736129
0.068462
0.062972
0.0782233
0.073133
0.0765353
0.0792935
0.0691413
0.0697282
0.0723176
0.0784727
0.105119
0.105264
0.0949074
0.0798464
0.0590478
0.0708165
0.0635814
0.0676407
0.094741
0.107103
0.089056
0.118747
0.0919191
0.0923875
0.0900673
0.123287
0.136681
0.0976292
0.0973841
0.105625
0.156713
0.0758629
0.0900178
0.101401
0.117523
0.0557369
0.0509917
0.0583892
0.075304
0.089298
0.0598339
0.0827597
0.0564012
0.0577012
0.0558833
0.0922722
0.0865368
0.0614616
0.0537808
0.0846862
0.080291
0.0538128
0.0545664
0.0882771
0.0856816
0.10194
0.0550111
0.0634983
0.0526864
0.0588719
0.0476547
0.0564558
0.0609325
0.0770935
0.0670178
0.0803628
0.0979582
0.0557388
0.0561897
0.0632839
0.0588228
0.0685093
0.0582791
0.0627658
0.0992381
0.0531717
0.0504212
0.0328608
0.0609376
0.0594546
0.0516777
0.0656006
0.0725376
0.0667921
0.0520557
0.055734
0.0931589
0.0543017
0.057402
0.0746572
0.0525362
0.0879412
0.0519588
0.0530781
0.0540835
0.0808498
0.0554282
0.0547148
0.0539877
0.0601183
0.0548445
0.0542091
0.0538214
0.054536
0.0537368
0.055142
0.0500786
0.0543509
0.0511072
0.0714185
0.0558701
0.152658
0.0493435
0.0522224
0.0527656
0.0574179
0.0561829
0.0712547
0.0520253
0.0396176
0.0468578
0.0442149
0.0551063
0.0594634
0.0567083
0.0536228
0.0532048
0.0465325
0.0586051
0.0596629
0.0543168
0.0536863
0.0822281
0.0505746
0.0520927
0.0830378
0.0506395
0.0528945
0.0551335
0.0534539
0.050419
0.0529635
0.051644
0.0793873
0.0835341
0.0516758
0.0522483
0.0498569
0.0511939
0.0504879
0.0487814
0.0761937
0.0509068
0.0523269
0.0797649
0.0487817
0.0508793
0.0495764
0.0507152
0.0503386
0.0503686
0.0495786
0.0707653
0.0512516
0.0755259
0.0543955
0.0500768
0.0529698
0.0765864
0.0512813
0.0501738
0.051241
0.0506943
0.218518
0.181244
0.205353
0.189984
0.219341
0.23182
0.17681
0.214571
0.217712
0.233814
0.230962
0.280984
0.280271
0.239265
0.245039
0.25713
0.232391
0.125574
0.154563
0.106817
0.142905
0.12874
0.197919
0.218074
0.205107
0.188712
0.175366
0.223677
0.212302
0.187274
0.119368
0.147308
0.119128
0.159037
0.169213
0.152853
0.0656033
0.103892
0.139084
0.162233
0.162558
0.0991387
0.16878
0.136483
0.155517
0.166115
0.152886
0.149546
0.0896068
0.156155
0.139625
0.13202
0.133938
0.173145
0.149791
0.162295
0.133227
0.207039
0.152837
0.167979
0.220999
0.150515
0.14841
0.163008
0.141794
0.190504
0.123641
0.13129
0.106624
0.167426
0.11137
0.161496
0.25291
0.325132
0.141624
0.217395
0.167023
0.186642
0.177833
0.192856
0.263597
0.187096
0.252018
0.208382
0.203281
0.205486
0.125864
0.146646
0.153437
0.195391
0.163615
0.0900006
0.218276
0.16532
0.171334
0.16317
0.162206
0.155854
0.168542
0.158456
0.172856
0.218242
0.165728
0.144456
0.244432
0.247859
0.182896
0.243904
0.214189
0.121432
0.184792
0.145218
0.145813
0.165008
0.169989
0.120122
0.161915
0.178864
0.159416
0.198627
0.24579
0.206427
0.252064
0.158972
0.138645
0.258139
0.133894
0.208273
0.166825
0.125512
0.184388
0.174995
0.160542
0.182841
0.168573
0.157099
0.180929
0.266779
0.226211
0.132262
0.204265
0.270973
0.291842
0.201004
0.225909
0.181498
0.263897
0.269683
0.178774
0.248524
0.274225
0.258848
0.141735
0.177355
0.171028
0.153476
0.162944
0.157447
0.180343
0.288518
0.282168
0.260385
0.306151
0.220598
0.214034
0.2227
0.362026
0.236229
0.255876
0.256855
0.256751
0.272842
0.246918
0.222655
0.201889
0.226755
0.232113
0.20779
0.224978
0.233208
0.212119
0.195503
0.238526
0.184506
0.180467
0.19697
0.227425
0.205399
0.188936
0.322823
0.228955
0.219887
0.223845
0.129922
0.1537
0.124633
0.121521
0.129013
0.197981
0.152961
0.251424
0.262306
0.202515
0.22229
0.150642
0.156576
0.104891
0.145135
0.214575
0.188728
0.228499
0.191933
0.194961
0.229935
0.228104
0.221047
0.18295
0.191695
0.238321
0.206906
0.162972
0.180377
0.115006
0.092879
0.0572316
0.110334
0.111109
0.235923
0.217528
0.106488
0.0978741
0.196723
0.221441
0.257718
0.17286
0.17665
0.180466
0.254767
0.179816
0.203373
0.274709
0.240497
0.172529
0.186671
0.195537
0.185692
0.213035
0.191289
0.160933
0.19774
0.197514
0.183234
0.203684
0.231319
0.261131
0.0911367
0.138954
0.172934
0.182663
0.201639
0.184161
0.248978
0.182189
0.22937
0.285273
0.172606
0.249395
0.270147
0.178823
0.139244
0.158118
0.183609
0.169949
0.128962
0.218913
0.165228
0.203895
0.135814
0.149966
0.184383
0.180064
0.180029
0.211328
0.186691
0.168575
0.172481
0.222768
0.178813
0.177545
0.212599
0.189907
0.12122
0.139685
0.187826
0.231785
0.275981
0.162127
0.202192
0.168993
0.275393
0.275326
0.278267
0.195745
0.191386
0.200233
0.206623
0.0992769
0.179984
0.191748
0.151554
0.11201
0.148608
0.235324
0.126186
0.143786
0.195791
0.190035
0.190763
0.209368
0.293958
0.238939
0.218362
0.215794
0.222477
0.155434
0.220609
0.212367
0.162894
0.166485
0.222265
0.247167
0.240575
0.116351
0.160548
0.217591
0.191823
0.195821
0.157992
0.205402
0.213832
0.221356
0.200296
0.283982
0.121606
0.160746
0.177238
0.217441
0.21756
0.21945
0.315075
0.266905
0.269243
0.221101
0.274677
0.228943
0.219753
0.260054
0.224372
0.206857
0.245562
0.170954
0.292435
0.228643
0.247728
0.28776
0.238739
0.204708
0.23454
0.413179
0.261031
0.25104
0.290829
0.172868
0.211563
0.296635
0.289662
0.281652
0.289492
0.245771
0.233464
0.295083
0.247653
0.147309
0.329137
0.25907
0.319225
0.178543
0.326899
0.386607
0.51225
0.827951
0.124427
0.323023
0.128433
0.153933
0.332519
0.278206
0.238056
0.360492
0.608121
0.286743
0.526407
0.44104
0.284835
0.17093
0.226452
0.156816
0.341104
0.307679
0.252469
0.18773
0.45046
0.297487
0.250012
0.267679
0.301415
0.242989
0.267929
0.231292
0.206678
0.200433
0.229415
0.347432
0.327261
0.401712
0.166463
0.379856
0.270208
0.320068
0.305318
0.296364
0.368776
0.38261
0.312537
0.304648
0.298207
0.268694
0.246151
0.253725
0.271504
0.145476
0.133402
0.160954
0.347173
0.278615
0.279394
0.249398
0.0992973
0.180443
0.307809
0.341544
0.323232
0.322789
0.445773
0.387806
0.309404
0.330925
0.386327
0.183203
0.156954
0.17909
0.210256
0.193998
0.133326
0.266864
0.393687
0.42659
0.455027
0.422673
0.278598
0.378886
0.403499
0.469432
0.47872
0.634575
0.541709
0.42379
0.476693
0.433909
0.450198
0.45601
0.324668
0.414234
0.161997
0.726135
0.489236
0.448342
0.285309
0.29796
0.411212
0.357161
0.580536
0.384192
0.319777
0.246824
0.236067
0.258749
0.256945
0.120575
0.241684
0.271976
0.31556
0.271522
0.301136
0.244202
0.280645
0.351782
0.258599
0.21326
0.25148
0.27058
0.262335
0.247422
0.232649
0.249746
0.221271
0.225582
0.218227
0.58767
0.640988
0.566506
0.684688
0.454616
0.595673
0.543362
0.480939
0.56052
0.539674
0.597969
0.494904
0.30934
0.330099
0.304332
0.303404
0.258726
0.276398
0.257315
0.2364
0.222429
0.245679
0.287363
0.0956028
0.229009
0.242577
0.217789
0.207502
0.237533
0.26435
0.225139
0.240128
0.238453
0.100959
0.246759
0.265738
0.245854
0.300212
0.303314
0.275506
0.112917
0.298167
0.225613
0.282645
0.246819
0.216287
0.22587
0.0978762
0.234893
0.289329
0.324296
0.22928
0.281741
0.284561
0.255576
0.301464
0.552972
0.310969
0.336984
0.297069
0.555161
0.558255
0.528304
0.358308
0.401137
0.287508
0.264596
0.312671
0.277023
0.323565
0.289023
0.477345
0.321502
0.406144
0.0496666
0.250226
0.502145
0.286035
0.4406
0.351847
0.286385
0.210927
0.309691
0.258087
0.29135
0.299115
0.315471
0.33533
0.375843
0.438204
0.455339
0.562909
0.472719
0.609337
0.645668
0.643616
0.699692
0.661548
0.729647
0.299259
0.375143
0.406052
0.278779
0.296082
0.240322
0.285214
0.270217
0.411634
0.326626
0.294349
0.403495
0.290244
0.260262
0.511776
0.0829412
0.4354
0.432727
0.669347
0.85175
0.558247
0.468867
0.706947
0.788706
0.738918
0.496229
0.342594
0.371779
0.675095
0.79631
0.69227
0.635897
0.439653
0.597982
0.50571
0.752021
0.283485
0.318942
0.75795
0.33493
0.471514
0.366753
0.510203
0.391336
0.536161
0.567454
0.615756
0.675609
0.29613
0.424087
0.320091
0.258155
0.460246
0.460579
0.381985
0.463347
0.593571
0.536724
0.460158
0.732367
0.730337
0.674251
0.600375
0.777204
0.700474
0.61777
0.755942
0.748425
0.689993
0.654375
0.745054
0.0280942
0.0310134
0.0291857
0.0381297
0.0370874
0.0304094
0.0331742
0.0348658
0.0417872
0.0419862
0.035565
0.0353847
0.0331113
0.038343
0.0358947
0.0430214
0.0442437
0.0297005
0.0443508
0.0395787
0.0401673
0.0361113
0.0404194
0.026975
0.0322275
0.0241938
0.0299123
0.0229689
0.022849
0.0231474
0.0277541
0.0273594
0.0280555
0.0275225
0.0222264
0.0215836
0.0235862
0.0260556
0.0266891
0.0265032
0.026946
0.0269053
0.0263763
0.0268925
0.0271047
0.0269165
0.0174187
0.0149808
0.021775
0.0141709
0.016868
0.0160679
0.0158036
0.0163722
0.0210113
0.0174388
0.0167687
0.0215595
0.00613099
0.0196214
0.018456
0.0198662
0.0207546
0.0151339
0.0152882
0.0201577
0.0197492
0.0217172
0.023221
0.0216399
0.0196453
0.0186178
0.0213017
0.0210005
0.0187054
0.0172705
0.0391558
0.015485
0.040783
0.0264515
0.0409235
0.0162466
0.0159392
0.0146245
0.0155075
0.0156228
0.0141904
0.0151214
0.0178703
0.0164413
0.0168338
0.0206136
0.0339811
0.0249073
0.0250309
0.0203252
0.0382246
0.0194252
0.0214008
0.0196451
0.0157569
0.0170905
0.0145518
0.0163889
0.0298235
0.0393495
0.0206162
0.0215456
0.0319064
0.0163327
0.0141088
0.0140369
0.0138661
0.041296
0.0353099
0.0446332
0.0397947
0.0350197
0.0373597
0.0447222
0.0392594
0.0439579
0.036621
0.0370432
0.0292319
0.0378634
0.034424
0.055184
0.0635233
0.0659218
0.0627436
0.0594381
0.0619834
0.0504904
0.0564011
0.0612924
0.0446897
0.0502754
0.0478244
0.0251677
0.0294108
0.0444799
0.0204824
0.0208952
0.04376
0.0338385
0.0489746
0.05221
0.0570509
0.0596246
0.0413776
0.0455185
0.0602883
0.0442762
0.0635229
0.0680635
0.050676
0.0287944
0.0298236
0.116355
0.0414052
0.029049
0.0333945
0.0313423
0.0320103
0.0580489
0.0427849
0.074733
0.0683312
0.0856111
0.129835
0.0646411
0.046436
0.0153741
0.0566023
0.0506697
0.0583487
0.0480661
0.0282411
0.0127859
0.00378493
0.0613283
0.0617182
0.0707842
0.0372361
0.042572
0.0627363
0.0431279
0.0976774
0.104281
0.104473
0.10956
0.0990792
0.102163
0.0807786
0.0555306
0.0312531
0.0361303
0.0623365
0.0321112
0.0274349
0.0232051
0.0242985
0.0199135
0.0169992
0.0130928
0.0192638
0.0221434
0.02218
0.00438153
0.0151839
0.0323698
0.0265405
0.0334917
0.0236008
0.0243869
0.0246132
0.0211666
0.0217688
0.0266569
0.0300269
0.018775
0.0376017
0.0208862
0.0606463
0.025915
0.0198501
0.0215338
0.0188685
0.0190007
0.0203421
0.0315209
0.0291447
0.0251916
0.0271453
0.0253197
0.0245506
0.036418
0.0214328
0.0431611
0.022618
0.0243831
0.0194432
0.0167959
0.0168118
0.0145709
0.0164565
0.0146397
0.0173755
0.019087
0.0149703
0.0175796
0.0152314
0.0172639
0.0158179
0.0186111
0.0211378
0.0195333
0.0162561
0.0214108
0.0188502
0.022753
0.0223615
0.0259527
0.021365
0.024018
0.0222564
0.0209348
0.0212642
0.0249805
0.0233758
0.0217254
0.0248055
0.0204415
0.0194252
0.0204808
0.0241081
0.0267155
0.0251659
0.0194701
0.0207434
0.0215649
0.0236147
0.0221194
0.0219301
0.0269206
0.0230471
0.0225612
0.0310067
0.0249608
0.0301027
0.0283027
0.0333194
0.0282066
0.032306
0.0388125
0.0240556
0.0242708
0.076804
0.0758036
0.0648391
0.0677867
0.0783897
0.079182
0.0725302
0.0840004
0.0650318
0.0484927
0.0755047
0.0717573
0.0815926
0.0975596
0.0580295
0.0681991
0.0199606
0.0210828
0.0224155
0.0247527
0.027417
0.0394583
0.0424449
0.0295701
0.029658
0.0350466
0.0508108
0.0416472
0.0601193
0.0256557
0.023414
0.0229246
0.0284569
0.0331315
0.0354599
0.0351125
0.0351933
0.0337654
0.0327933
0.0306127
0.0306917
0.0343057
0.0338121
0.0270378
0.0155106
0.0211561
0.0228007
0.0224281
0.0226889
0.0246383
0.024348
0.0247415
0.0265598
0.0189357
0.0171029
0.0175185
0.0153551
0.0190837
0.0148128
0.015023
0.0420867
0.0296435
0.0333173
0.0271868
0.103923
0.125214
0.0637979
0.0686238
0.0835476
0.114371
0.0895376
0.0516155
0.148733
0.137931
0.147736
0.0720854
0.0444553
0.0739233
0.065923
0.120171
0.0344058
0.0364829
0.0416754
0.0281893
0.0412389
0.0602636
0.0281984
0.0477703
0.126703
0.082555
0.111245
0.191901
0.0539309
0.0438619
0.0639049
0.0731414
0.0919148
0.10735
0.0577542
0.0586353
0.0651232
0.107634
0.0981865
0.112396
0.123433
0.0634038
0.106214
0.0823418
0.118614
0.089005
0.0968155
0.0767477
0.0626953
0.0836685
0.104143
0.0697556
0.0887036
0.127898
0.143851
0.0732891
0.125639
0.102252
0.0754746
0.0560717
0.050136
0.055263
0.0613615
0.0996648
0.057671
0.0534236
0.0388865
0.139341
0.0481282
0.0551366
0.0385743
0.129844
0.0797831
0.0689786
0.042602
0.0534726
0.0385353
0.0700012
0.0413504
0.0754945
0.0388213
0.0402317
0.0416829
0.0885798
0.0468164
0.040846
0.0841385
0.0422656
0.0346153
0.0282511
0.0437064
0.0224452
0.036376
0.0356944
0.0467598
0.0447198
0.0416814
0.0419185
0.0313312
0.0251598
0.0310661
0.0366483
0.0308811
0.0328021
0.0297126
0.0887362
0.0684385
0.0878887
0.0905856
0.0878248
0.0637914
0.045992
0.0504758
0.0589595
0.0546887
0.0636265
0.0510944
0.0463926
0.0534746
0.0504433
0.0483742
0.0461229
0.0378304
0.0508449
0.051854
0.0495062
0.0456546
0.0341758
0.0462207
0.0503886
0.0453974
0.0504886
0.0524528
0.0221961
0.0192884
0.0140091
0.0213982
0.0260725
0.0246011
0.0238606
0.0175228
0.0189105
0.0196969
0.0199332
0.0226112
0.0215231
0.0164621
0.0179668
0.0174803
0.0152348
0.020319
0.021903
0.0192352
0.0239623
0.022331
0.0229851
0.0237338
0.0146236
0.0210663
0.0166307
0.0135464
0.0155735
0.0197644
0.0406322
0.038563
0.0344026
0.0412348
0.0354402
0.0335867
0.0368653
0.0278788
0.0324587
0.0324022
0.0292242
0.0266256
0.0343755
0.0341152
0.0380142
0.0357497
0.0351271
0.036557
0.043053
0.0390051
0.0371866
0.0419651
0.0420895
0.0440961
0.0262921
0.0329027
0.0305966
0.0355942
0.0286565
0.0352209
0.033177
0.0227486
0.0262531
0.0259471
0.0319119
0.0326991
0.0307985
0.024599
0.024653
0.0292995
0.0302104
0.0310104
0.0318344
0.0279971
0.0327396
0.0353334
0.0364795
0.0172623
0.0163516
0.0274612
0.0224953
0.017148
0.017503
0.103647
0.12125
0.0847939
0.0882229
0.108756
0.132114
0.101773
0.0884788
0.0395652
0.0300361
0.0397343
0.0466835
0.0480306
0.0427562
0.0504617
0.0479425
0.0436526
0.0579744
0.0617654
0.072894
0.0561491
0.0555622
0.0479764
0.0521572
0.0468493
0.0237208
0.0302592
0.027522
0.031329
0.0317435
0.0430214
0.0375841
0.0402829
0.0385404
0.0423451
0.0376349
0.0510251
0.0747081
0.0514129
0.0951969
0.0464082
0.0754539
0.0635322
0.0437657
0.0512647
0.0510803
0.0579823
0.0439626
0.0705091
0.0540615
0.0472116
0.0453536
0.0500947
0.0652442
0.0686659
0.0613278
0.0605292
0.0469382
0.0603179
0.0696833
0.0912748
0.108814
0.0685562
0.0806183
0.0934241
0.048796
0.0601115
0.050812
0.0149297
0.0140269
0.0230526
0.0165481
0.0592416
0.0555746
0.0527074
0.0861374
0.0483879
0.0709314
0.0597899
0.0989455
0.0695559
0.106485
0.102616
0.0678651
0.102896
0.039372
0.041352
0.0407695
0.168616
0.119309
0.143118
0.0539511
0.115608
0.0562385
0.0623332
0.0533093
0.182695
0.0581068
0.0560259
0.0417824
0.0368168
0.0485622
0.047731
0.0657339
0.127272
0.0579127
0.0743667
0.0583661
0.0773911
0.0936996
0.0503676
0.14345
0.10184
0.0949902
0.137107
0.0420372
0.0538207
0.0411153
0.0533053
0.113733
0.0728749
0.0776855
0.117765
0.0487856
0.0489124
0.0939613
0.0701043
0.0472045
0.0372326
0.0299939
0.0266497
0.0480054
0.0297687
0.0683253
0.0694646
0.0643997
0.0616787
0.0540493
0.0991102
0.0740093
0.0685505
0.0551697
0.0444018
0.0622211
0.0688723
0.0530895
0.0647973
0.114152
0.0848764
0.06616
0.0540395
0.0531129
0.0732587
0.0455155
0.0427899
0.0620137
0.0430172
0.0496464
0.068686
0.0692005
0.0522025
0.0301222
0.0322861
0.0185108
0.0288488
0.0883237
0.0609273
0.032012
0.0608168
0.0626106
0.073227
0.0448873
0.0617455
0.0230859
0.0264199
0.0266498
0.0254449
0.0211079
0.0303832
0.0316097
0.0345345
0.0302133
0.0394319
0.0367982
0.0404726
0.0431373
0.0437991
0.0478855
0.0526273
0.0594427
0.0560022
0.0555604
0.0461977
0.0352869
0.0362153
0.0476111
0.0364498
0.033874
0.038006
0.0294437
0.0280045
0.0274407
0.0243265
0.0339164
0.0331229
0.031865
0.0338014
0.0404589
0.0561006
0.0294565
0.0342533
0.0191523
0.0668743
0.0557828
0.0619749
0.0484055
0.0698161
0.0516542
0.0665144
0.0517862
0.0556094
0.0609136
0.0589631
0.0600116
0.0589145
0.0705353
0.0648828
0.0101304
0.0173234
0.0137799
0.0189414
0.0139357
0.0108368
0.00950954
0.0141992
0.0142645
0.0321878
0.0284603
0.0268522
0.0278325
0.0117228
0.0280946
0.0265619
0.0232666
0.012705
0.0146201
0.0119095
0.0141584
0.0141998
0.0144752
0.0261671
0.0241698
0.0155119
0.0259056
0.02605
0.0266655
0.0325272
0.0340547
0.0303153
0.0298568
0.0284738
0.0307252
0.0286778
0.0249405
0.0292575
0.0175745
0.028994
0.0246911
0.0256442
0.0284757
0.0259982
0.0289774
0.0277335
0.0250056
0.024232
0.0290877
0.0280145
0.0244203
0.0305999
0.0276224
0.0230091
0.0243804
0.0282954
0.0154409
0.0201853
0.0259164
0.0290987
0.0166136
0.0172351
0.0141087
0.0194064
0.0173869
0.015637
0.0347702
0.0260535
0.0168756
0.0155485
0.0154642
0.0950341
0.0707049
0.0751087
0.0557023
0.0542742
0.0602962
0.0657789
0.0557401
0.0522638
0.0536917
0.063967
0.0629975
0.0655154
0.0512152
0.0669514
0.164487
0.137761
0.101722
0.087735
0.124088
0.0716124
0.0386174
0.0322758
0.0399345
0.0319302
0.0355225
0.0395894
0.0388129
0.0318452
0.0309834
0.0345916
0.0333201
0.0365721
0.0386617
0.0385019
0.0360992
0.032765
0.0508736
0.0341276
0.0342845
0.0698453
0.0721709
0.0262643
0.0970922
0.0795158
0.197935
0.0541553
0.0756294
0.0770642
0.12198
0.16036
0.0657277
0.0671691
0.0577983
0.0840861
0.157421
0.080247
0.0541426
0.0848689
0.0738539
0.0807272
0.0810832
0.0386229
0.0632579
0.0475541
0.0719418
0.0639691
0.0770843
0.0769845
0.117906
0.0657856
0.0535372
0.0983918
0.0641611
0.0937807
0.0548092
0.0507501
0.0608451
0.0498304
0.0483139
0.0668998
0.0581148
0.0543992
0.0516535
0.100573
0.0554412
0.0942498
0.0970944
0.043081
0.050329
0.0414825
0.0626554
0.0382822
0.0392362
0.0513161
0.0423384
0.0420043
0.0510799
0.0433646
0.0396987
0.0482431
0.0782295
0.0642478
0.0591145
0.0613506
0.0313046
0.0334283
0.0342107
0.0332629
0.0328762
0.0408807
0.0148093
0.0178743
0.0194026
0.0220996
0.0231737
0.0136801
0.0171617
0.0136991
0.0143048
0.0133253
0.0151646
0.013315
0.0177103
0.0256197
0.0135715
0.0242488
0.025471
0.0344612
0.034466
0.032128
0.0397913
0.0388627
0.0427679
0.0360844
0.0497176
0.0374966
0.0364012
0.0292799
0.0379004
0.0413798
0.0321757
0.036689
0.0388835
0.044286
0.0532425
0.0592016
0.0430331
0.052168
0.051687
0.0412857
0.0449616
0.0465259
0.0464698
0.0666921
0.0618326
0.0492371
0.0412074
0.0427313
0.0463914
0.0440991
0.046484
0.0377791
0.0375388
0.0411792
0.0397769
0.0400798
0.0333372
0.0241481
0.0208692
0.0140796
0.0153393
0.0139754
0.0142587
0.0222431
0.0479236
0.040801
0.0435783
0.0435505
0.0570392
0.0417821
0.0466288
0.0485046
0.0514745
0.0586345
0.0551552
0.0485419
0.0707255
0.0646712
0.0586408
0.0653113
0.0740823
0.0616003
0.0639407
0.0365362
0.0379303
0.0365624
0.0386178
0.0259394
0.0315916
0.0256752
0.0206195
0.0221974
0.0285294
0.0308994
0.0498839
0.0299099
0.0447392
0.0638721
0.0502192
0.0457404
0.0701081
0.0758701
0.0989316
0.070708
0.0208465
0.0673779
0.0718916
0.172886
0.102056
0.120227
0.127456
0.0940255
0.164455
0.11081
0.085161
0.127322
0.0872095
0.0587471
0.0591312
0.0599307
0.0645306
0.0504862
0.0537582
0.0605581
0.0567748
0.0832315
0.0642168
0.0616204
0.0565164
0.0561867
0.0516207
0.0523392
0.0722793
0.0602235
0.0826238
0.0569099
0.0821195
0.0710679
0.0654188
0.0578457
0.0700305
0.074921
0.0528004
0.0573915
0.0739409
0.0722977
0.0975996
0.111174
0.0844695
0.0811497
0.0836658
0.0844916
0.117688
0.0761684
0.0846734
0.0939266
0.105095
0.091068
0.295681
0.243208
0.129985
0.132967
0.151219
0.0724853
0.0695604
0.0627952
0.0601239
0.0833059
0.0996487
0.101876
0.0954763
0.0928559
0.0879339
0.103624
0.117936
0.12646
0.12342
0.264623
0.109532
0.115193
0.110939
0.136263
0.140068
0.115651
0.135431
0.0940833
0.127885
0.112256
0.147249
0.117056
0.0503564
0.0715022
0.0623967
0.0513548
0.074743
0.052665
0.113484
0.277187
0.0899004
0.0924776
0.117106
0.154014
0.0933182
0.0965221
0.145197
0.403881
0.430842
0.113796
0.137131
0.102222
0.113931
0.126771
0.121531
0.115226
0.0845446
0.087583
0.111128
0.161229
0.0759264
0.0695006
0.154887
0.116187
0.137278
0.113608
0.319852
0.158149
0.150991
0.123094
0.155642
0.110048
0.114611
0.110975
0.12171
0.102701
0.167387
0.102931
0.0781753
0.0864235
0.0649971
0.0522603
0.0789858
0.117046
0.089084
0.0910684
0.0960831
0.124437
0.335923
0.236309
0.23596
0.285691
0.308266
0.317318
0.243844
0.187575
0.263446
0.245169
0.199742
0.200684
0.223886
0.200517
0.278326
0.213048
0.371037
0.148479
0.185953
0.14247
0.218873
0.170521
0.145263
0.290705
0.301159
0.221413
0.238346
0.344367
0.23889
0.249789
0.144293
0.109566
0.233136
0.141688
0.0975766
0.130697
0.110282
0.108747
0.159858
0.166545
0.272379
0.14832
0.136453
0.154328
0.109035
0.152814
0.137172
0.1189
0.103468
0.126986
0.100691
0.0872019
0.102526
0.126919
0.0899392
0.10688
0.185585
0.157304
0.146663
0.169065
0.140884
0.176794
0.183741
0.261798
0.232651
0.192041
0.242092
0.228436
0.239329
0.241148
0.274066
0.285042
0.355336
0.379112
0.348447
0.354549
0.315971
0.250172
0.191112
0.289076
0.191984
0.245572
0.23407
0.222417
0.189443
0.108738
0.118687
0.139004
0.141521
0.104731
0.103231
0.525265
0.284428
0.120009
0.486419
0.119031
0.407212
0.0757667
0.0755929
0.104299
0.145289
0.151337
0.096102
0.499264
0.277262
0.10158
0.0790691
0.102917
0.0896209
0.318237
0.0642525
0.0845761
0.0504356
0.0508711
0.116926
0.11621
0.125962
0.115638
0.134823
0.150553
0.164432
0.110631
0.0788928
0.107995
0.120189
0.124333
0.0895205
0.116342
0.313655
0.343597
0.242266
0.274763
0.279923
0.365858
0.154513
0.159649
0.164681
0.141149
0.161645
0.173925
0.199068
0.257867
0.239504
0.261936
0.270906
0.278973
0.259354
0.348502
0.240596
0.24281
0.298158
0.28138
0.326098
0.287297
0.273011
0.246956
0.278454
0.294709
0.326955
0.29131
0.252234
0.227167
0.235364
0.240303
0.220264
0.21945
0.0622728
0.0732981
0.144949
0.0955669
0.0825231
0.104267
0.0788092
0.0761839
0.0946855
0.13839
0.116962
0.111524
0.144326
0.0973167
0.113317
0.118009
0.109033
0.148763
0.110307
0.1311
0.075375
0.0627768
0.0624549
0.0605539
0.0486109
0.0573542
0.0797318
0.065749
0.0523128
0.101899
0.133131
0.0599674
0.0499483
0.0533535
0.0743317
0.0500576
0.0931867
0.124019
0.129501
0.113872
0.351186
0.186906
0.0887282
0.109008
0.097641
0.104434
0.148173
0.177094
0.180396
0.129505
0.120372
0.119118
0.113829
0.0507762
0.0485375
0.0440863
0.0478518
0.0721731
0.0948578
0.0694408
0.0663889
0.0581085
0.0526932
0.0616728
0.0601501
0.0522092
0.0736201
0.051841
0.0534585
0.0959943
0.315413
0.295049
0.0630947
0.0600045
0.0566798
0.0868337
0.0578003
0.0847051
0.0637849
0.0600708
0.0524289
0.0536975
0.071865
0.0504872
0.0858913
0.0795866
0.053938
0.0602551
0.0600445
0.0611977
0.0577158
0.138619
0.119148
0.158063
0.125302
0.140888
0.123161
0.111653
0.241102
0.192483
0.183329
0.218734
0.18905
0.19653
0.177768
0.151523
0.154096
0.165261
0.15603
0.143273
0.155255
0.0598759
0.0608775
0.0607346
0.083015
0.0911593
0.250187
0.128729
0.0884639
0.0559437
0.0549191
0.0559286
0.0794604
0.0680226
0.0590775
0.0498229
0.0487728
0.0770378
0.0745567
0.0333372
0.0353151
0.0526467
0.0738713
0.0411486
0.0360755
0.0756606
0.0629924
0.0433903
0.041297
0.0561661
0.0568738
0.061246
0.0523879
0.0745028
0.0746668
0.0814265
0.0825518
0.089076
0.0564706
0.0642945
0.0790593
0.10237
0.064603
0.0536621
0.055311
0.0625766
0.0664739
0.0539736
0.074343
0.0842454
0.0764174
0.0593268
0.108623
0.063491
0.0565602
0.0639651
0.0768749
0.113681
0.0867947
0.182152
0.124237
0.0758103
0.234199
0.262188
0.0219888
0.0187401
0.019678
0.018092
0.0233958
0.0219417
0.0253627
0.0218857
0.0247905
0.0266994
0.0617713
0.0299667
0.028939
0.0352074
0.0245293
0.0483135
0.025278
0.0300225
0.0492115
0.0480956
0.0317685
0.0292845
0.0264259
0.0251886
0.0253417
0.0252428
0.0554624
0.0348571
0.0452815
0.0423164
0.0353399
0.0359509
0.0455101
0.0381169
0.0432215
0.0632092
0.0413555
0.0255465
0.0333306
0.024843
0.0331185
0.0377546
0.0402182
0.0303871
0.030079
0.0346083
0.0414516
0.0383831
0.0483441
0.037924
0.0265176
0.0481578
0.0501974
0.0262981
0.0313634
0.0256914
0.0466205
0.0379994
0.0303496
0.0345021
0.027087
0.0311628
0.0268679
0.0469549
0.0324764
0.0398757
0.0466845
0.0133967
0.0138392
0.0155082
0.017051
0.0183589
0.0204179
0.0420243
0.0440869
0.0386271
0.0458538
0.0400238
0.0541139
0.050564
0.0169662
0.0171577
0.0170372
0.0305593
0.0327707
0.0279104
0.0366014
0.0381981
0.0337413
0.023473
0.0216615
0.0381606
0.0358986
0.0342386
0.0475244
0.037377
0.0290946
0.0468223
0.0317949
0.0411647
0.0442893
0.0368823
0.0311291
0.0492976
0.0265914
0.0158993
0.0177137
0.0228891
0.0405606
0.0161569
0.0352325
0.0226187
0.0236159
0.0365234
0.0224448
0.0505712
0.0268569
0.0260266
0.0493386
0.0139638
0.014152
0.0271547
0.0502367
0.0128657
0.0510963
0.0232828
0.048471
0.0240422
0.0226429
0.023243
0.0254466
0.0179762
0.016648
0.0229275
0.0205373
0.0189383
0.0225264
0.0220437
0.0230709
0.0181884
0.0177191
0.0177385
0.0220583
0.0263815
0.01821
0.0193113
0.0190561
0.0141065
0.021523
0.0150148
0.0169726
0.0199598
0.0147519
0.01817
0.0141593
0.0251274
0.0187207
0.019532
0.0201331
0.0356239
0.0242683
0.0197826
0.0123904
0.0113351
0.0229756
0.0122599
0.0127842
0.01978
0.0163976
0.0207994
0.0234676
0.0184588
0.0192417
0.0252829
0.0194594
0.0207027
0.0280831
0.0236561
0.0288853
0.0439973
0.0802107
0.0533666
0.0231914
0.0466841
0.0297968
0.0825714
0.0688552
0.0522791
0.040127
0.0441506
0.0340484
0.0318851
0.0237812
0.0286436
0.023948
0.030292
0.0301784
0.049057
0.0332538
0.0635619
0.0584429
0.0788284
0.134329
0.185446
0.0989514
0.0874056
0.11418
0.137413
0.177239
0.0683044
0.0736204
0.118472
0.0425012
0.0428563
0.0526533
0.0377409
0.0416805
0.0464943
0.0544142
0.0647202
0.121928
0.0498516
0.0802548
0.109743
0.0661841
0.0447868
0.0566222
0.0385613
0.0306815
0.0312881
0.0607213
0.0793644
0.0659439
0.0440872
0.058535
0.044713
0.036698
0.0390626
0.0879928
0.0505837
0.0567422
0.0567219
0.0421685
0.054114
0.0948329
0.0669802
0.0493596
0.0504814
0.0495759
0.0424592
0.0416905
0.0446685
0.0501943
0.0606724
0.0545518
0.0697917
0.0382119
0.047116
0.0815571
0.0370041
0.0574964
0.0421738
0.0754484
0.0566966
0.0910502
0.0757392
0.0820649
0.0704713
0.0852451
0.0765631
0.0851497
0.0393373
0.0464497
0.0445052
0.0548693
0.0731929
0.06475
0.0442699
0.0676675
0.0608848
0.0627199
0.0728572
0.075226
0.0698958
0.0528561
0.0481173
0.050761
0.0734306
0.0592143
0.049065
0.0420541
0.0481731
0.0448908
0.0498868
0.0282568
0.0308696
0.0430672
0.0411222
0.021996
0.0387981
0.0643816
0.0622322
0.0776714
0.0496336
0.0359466
0.0323123
0.0421728
0.0631571
0.0494633
0.0425309
0.0767219
0.0616188
0.056521
0.0550682
0.0529487
0.060102
0.0718043
0.0822258
0.0731229
0.0612172
0.0552419
0.05739
0.0603654
0.0823276
0.0514124
0.0522204
0.078418
0.0521405
0.0580431
0.0567652
0.0653358
0.0516111
0.0782346
0.0597574
0.078996
0.0525087
0.0723282
0.0526373
0.0500947
0.0523377
0.0561341
0.0914375
0.0518932
0.0529463
0.0618955
0.0719372
0.0580559
0.0544514
0.0385441
0.0471543
0.0487036
0.0529986
0.0297333
0.0209611
0.0187695
0.0300528
0.0163306
0.0237349
0.0155717
0.017715
0.0186734
0.0229109
0.0209402
0.0213412
0.0203607
0.031371
0.0315779
0.0444257
0.0357123
0.0537344
0.0499349
0.0373935
0.0350626
0.0312195
0.0505599
0.0469035
0.0490809
0.058082
0.055414
0.0455279
0.0355155
0.0458279
0.0457512
0.0499435
0.0516476
0.0625454
0.0318752
0.036715
0.0378845
0.0496627
0.0382572
0.0731975
0.0416
0.0267628
0.0537997
0.0477062
0.0599279
0.0550587
0.0330962
0.0367469
0.0297414
0.0366817
0.03131
0.0757325
0.0544063
0.0609472
0.0618048
0.0546911
0.0541819
0.0519506
0.0721179
0.0786406
0.0557018
0.0573791
0.0541082
0.0523219
0.0541279
0.0788513
0.0715679
0.0533442
0.0592889
0.0580473
0.0551069
0.0496085
0.0608894
0.0472861
0.0514678
0.0699993
0.068337
0.0522915
0.0715585
0.0520069
0.0606685
0.0493597
0.0574213
0.0557354
0.0618362
0.0620549
0.0840689
0.0879562
0.0570365
0.0209884
0.0214817
0.0144349
0.0172022
0.0151585
0.0590918
0.0836236
0.0652617
0.0661056
0.0757859
0.0567214
0.0726397
0.0607585
0.0641644
0.0533634
0.0608871
0.0614285
0.0633701
0.0662157
0.0781633
0.0716438
0.0670609
0.0780246
0.0613547
0.0803336
0.0741326
0.0672102
0.0699813
0.0700204
0.0814764
0.0741316
0.101706
0.118411
0.0665972
0.0955011
0.088017
0.0879033
0.0854151
0.0739846
0.0636289
0.0967653
0.0809572
0.0701788
0.104437
0.10643
0.0912933
0.0732259
0.108438
0.101708
0.0837084
0.119332
0.164537
0.0807337
0.120552
0.0779431
0.0858722
0.0910341
0.106739
0.0855619
0.0814782
0.0883459
0.115855
0.0915099
0.0984523
0.106681
0.135442
0.0994982
0.0879596
0.0973049
0.145089
0.0925067
0.0784916
0.101437
0.152343
0.142542
0.268043
0.153587
0.125209
0.140272
0.111372
0.0957764
0.0235738
0.0211202
0.0253925
0.014731
0.0195706
0.0152985
0.0808459
0.138981
0.165371
0.0994951
0.115321
0.116609
0.0961692
0.154826
0.107153
0.16225
0.126365
0.0632894
0.10946
0.150298
0.212261
0.0756312
0.0960306
0.157132
0.172304
0.0757468
0.15883
0.0374563
0.0227499
0.0341532
0.023877
0.0253673
0.0320737
0.0258111
0.0286862
0.0535498
0.0326729
0.0246743
0.104324
0.145024
0.13491
0.157395
0.098441
0.108501
0.115103
0.0942487
0.107959
0.106394
0.168043
0.13953
0.114464
0.141014
0.149976
0.140787
0.113061
0.110246
0.0941951
0.115744
0.0986634
0.0801715
0.203515
0.191468
0.188206
0.0935815
0.179972
0.126312
0.153119
0.201667
0.144738
0.293842
0.186312
0.0433471
0.0335345
0.0479213
0.0326063
0.031128
0.0325936
0.0377557
0.0278463
0.0247797
0.0274492
0.0310782
0.0442384
0.025895
0.0388185
0.0378952
0.0258626
0.0492087
0.0370895
0.0379765
0.0484227
0.0349206
0.0293703
0.0283099
0.0306421
0.0335304
0.0262658
0.0228002
0.0217259
0.0192149
0.0202915
0.0310336
0.0298446
0.0360902
0.0291944
0.0312685
0.0321923
0.0330894
0.0419848
0.0543752
0.0481331
0.0372644
0.104436
0.0908236
0.126001
0.103167
0.12131
0.18449
0.104324
0.197829
0.144787
0.150083
0.0398256
0.0367592
0.034811
0.046464
0.042828
0.0597554
0.0490861
0.0390375
0.0703221
0.0565993
0.0448453
0.0405681
0.0816646
0.0462254
0.0669979
0.0440143
0.0610311
0.0428364
0.0381271
0.0546056
0.0914249
0.0872108
0.0547316
0.0455935
0.0602951
0.0603629
0.0535643
0.051503
0.0663852
0.0674604
0.0634041
0.0844158
0.07912
0.0683886
0.0720418
0.0617229
0.0690812
0.0708239
0.0777123
0.0816835
0.0526051
0.0512118
0.0519943
0.0500953
0.0518949
0.0498491
0.0622953
0.0664023
0.0605635
0.114796
0.0718921
0.0790707
0.0314567
0.0177133
0.0310046
0.0321026
0.0257937
0.0641939
0.0891717
0.046639
0.0832961
0.0688259
0.0641678
0.0871992
0.0681033
0.0555133
0.0597179
0.0570972
0.0588241
0.082417
0.0708966
0.0672527
0.0566477
0.0564139
0.0531255
0.0700554
0.0520206
0.0394898
0.216562
0.0225936
0.0253438
0.042847
0.0694066
0.0691165
0.0234642
0.0219131
0.0132161
0.0127703
0.01361
0.0148816
0.0116297
0.0131776
0.0144197
0.0216074
0.0306118
0.016174
0.0158584
0.021786
0.0412114
0.0167074
0.0284033
0.0214216
0.0272332
0.0302508
0.0279264
0.027706
0.042711
0.043529
0.0357132
0.0369568
0.0966041
0.13752
0.0843162
0.0912162
0.098813
0.1166
0.0808177
0.0953391
0.028501
0.0222543
0.0280321
0.0789595
0.0262089
0.0244563
0.0257338
0.0278482
0.0468105
0.0397012
0.0487054
0.0561939
0.0407593
0.0397724
0.0534067
0.0630081
0.0315333
0.0655679
0.0616011
0.0489996
0.0534522
0.0547355
0.0569262
0.0555301
0.0720248
0.0545709
0.0587544
0.0610487
0.0421052
0.054348
0.182151
0.151683
0.204228
0.189475
0.27833
0.174804
0.231929
0.181575
0.0715963
0.0417372
0.0578042
0.0818506
0.0573986
0.0493858
0.0518603
0.056925
0.0829427
0.0746753
0.019077
0.0160619
0.0191197
0.0176261
0.0295151
0.0252279
0.0255626
0.0190316
0.0163036
0.0225544
0.0179318
0.0167573
0.0205533
0.0832502
0.0672122
0.111998
0.0666041
0.0739652
0.0527833
0.0846986
0.112563
0.0987905
0.109244
0.122652
0.106072
0.162388
0.13025
0.150818
0.118192
0.108839
0.105744
0.110276
0.104982
0.0899385
0.171548
0.0611079
0.060533
0.0797721
0.105658
0.0559028
0.0363318
0.0447636
0.0335719
0.0309254
0.0319434
0.153783
0.033775
0.0409049
0.0947071
0.0655519
0.072338
0.0927705
0.0735837
0.0831441
0.0931189
0.0752795
0.101185
0.0975682
0.129064
0.0855584
0.086306
0.1187
0.0610962
0.0658018
0.0467657
0.0606291
0.0658552
0.0394912
0.0398394
0.0448696
0.0420486
0.0527789
0.0343163
0.0521108
0.0363064
0.0570216
0.0940614
0.0555064
0.0562909
0.0485506
0.168842
0.0692231
0.0597647
0.0765298
0.0682432
0.0812986
0.0665925
0.131527
0.0987084
0.0544442
0.0714876
0.0505283
0.0686091
0.0933654
0.118945
0.158206
0.142842
0.0329713
0.0339512
0.0359458
0.0678128
0.0536927
0.0422459
0.0596465
0.138412
0.0408049
0.0371662
0.03882
0.0442721
0.0523035
0.0401045
0.0485287
0.0414372
0.0640632
0.0785516
0.069884
0.0334148
0.0468378
0.0359584
0.0367699
0.0319358
0.0436402
0.0465668
0.0506771
0.0608831
0.0403448
0.0365366
0.0342701
0.118766
0.0962496
0.0724259
0.0970605
0.0379646
0.0995731
0.0792415
0.14084
0.179597
0.112891
0.0979213
0.127126
0.114741
0.135822
0.164855
0.0403578
0.0641145
0.0493824
0.0384025
0.0372536
0.0334395
0.0410879
0.0536417
0.0629508
0.0382746
0.0342062
0.0519217
0.0336763
0.0629979
0.0437593
0.119017
0.0417796
0.0491775
0.0527799
0.0459848
0.0887154
0.0504359
0.0832281
0.0415474
0.0407721
0.101409
0.080229
0.0646056
0.132554
0.139793
0.110862
0.139472
0.0755126
0.083708
0.092379
0.0778124
0.113667
0.0755548
0.0741862
0.0834248
0.0695875
0.0611372
0.0791314
0.105562
0.132747
0.0809891
0.0839325
0.0768502
0.102534
0.130799
0.149175
0.0761311
0.063731
0.0794556
0.0726226
0.0926185
0.0547018
0.0809674
0.0774801
0.107671
0.0800204
0.0850593
0.135803
0.161404
0.107296
0.0912295
0.118353
0.101531
0.0899926
0.094956
0.0945459
0.108192
0.161173
0.170705
0.143378
0.0586166
0.0922115
0.100597
0.117032
0.105022
0.0401829
0.0359931
0.0541086
0.0754164
0.0510553
0.0754964
0.0517748
0.0527588
0.0509347
0.0494147
0.05388
0.0551361
0.0813994
0.0537029
0.059473
0.0681532
0.0578762
0.0608294
0.0684393
0.0512618
0.0775433
0.0743458
0.050083
0.0554195
0.0581847
0.0823283
0.0578794
0.0517136
0.0543147
0.0564879
0.0563595
0.0806915
0.202282
0.19421
0.248603
0.215281
0.194595
0.144457
0.148412
0.233657
0.104286
0.215553
0.199394
0.233709
0.249631
0.25221
0.242966
0.210892
0.214483
0.113442
0.096054
0.0997674
0.088766
0.0871128
0.0766696
0.080529
0.142104
0.186663
0.185573
0.191892
0.184679
0.172118
0.115646
0.158172
0.129762
0.126422
0.124085
0.107379
0.0320937
0.0537093
0.0465111
0.0710512
0.0530025
0.082071
0.0844193
0.0522421
0.0334982
0.0257699
0.0277646
0.0293853
0.0585471
0.0372165
0.12308
0.125968
0.121233
0.273039
0.160874
0.127124
0.195717
0.151281
0.121921
0.153614
0.0206167
0.0371012
0.0222897
0.025498
0.0216836
0.018902
0.0189648
0.0241083
0.130235
0.116087
0.101948
0.136309
0.117353
0.151747
0.210663
0.178198
0.179521
0.149889
0.210279
0.190714
0.0288016
0.0154347
0.0186001
0.0219519
0.0233958
0.0390185
0.0409752
0.0816618
0.0437766
0.0707514
0.061846
0.0614499
0.0640592
0.0606222
0.011014
0.0651617
0.0492247
0.0584878
0.0845309
0.0826182
0.0943964
0.0916799
0.0731132
0.0950573
0.0590674
0.0557581
0.0508153
0.0467109
0.0619924
0.0708931
0.0802686
0.0578477
0.0523041
0.064035
0.0591721
0.116127
0.102523
0.118023
0.120937
0.146125
0.12122
0.119643
0.131127
0.105638
0.0956376
0.179159
0.112037
0.0534445
0.15234
0.261544
0.174558
0.141271
0.13625
0.116927
0.208214
0.163746
0.216838
0.0185483
0.016575
0.0113421
0.0200826
0.123795
0.220261
0.0912681
0.0917984
0.176206
0.0917007
0.132532
0.109178
0.190902
0.104206
0.0726516
0.0758178
0.0691911
0.0854119
0.108964
0.173707
0.120577
0.111228
0.0963868
0.0935589
0.0954737
0.154817
0.191035
0.258478
0.218065
0.12577
0.113802
0.182592
0.158391
0.0241773
0.0564974
0.0311232
0.0768811
0.0363764
0.101461
0.0912706
0.110222
0.0677945
0.118523
0.17649
0.0875448
0.169941
0.16287
0.19459
0.189801
0.100895
0.09889
0.137236
0.307728
0.0788963
0.0926397
0.0496817
0.0607208
0.0841659
0.0698845
0.0721991
0.112382
0.106813
0.107387
0.124576
0.187613
0.0543872
0.0531475
0.0512159
0.0408085
0.0450303
0.0895324
0.17738
0.0740849
0.0725841
0.161644
0.0550971
0.0507693
0.0373814
0.166214
0.0481724
0.151729
0.16625
0.071689
0.114699
0.0592738
0.0665827
0.214102
0.0898876
0.086322
0.043207
0.0692367
0.153361
0.0556084
0.064198
0.0827816
0.0591629
0.0813255
0.0755652
0.0547631
0.0897203
0.0462084
0.121929
0.116425
0.0934912
0.15939
0.0805778
0.130082
0.0983404
0.0958184
0.119176
0.108752
0.123933
0.100397
0.132109
0.103144
0.114237
0.13647
0.0885591
0.16793
0.113503
0.150658
0.187742
0.280519
0.0612942
0.27574
0.149309
0.161278
0.14804
0.179699
0.327061
0.18844
0.0783058
0.108303
0.0857252
0.051756
0.193839
0.0123337
0.0603722
0.0933494
0.0579698
0.0631402
0.0647408
0.0613894
0.0193397
0.0695537
0.0665071
0.109751
0.0471144
0.028139
0.0544458
0.0593926
0.0586123
0.085607
0.0301308
0.0369797
0.0631295
0.0897032
0.0817166
0.0641364
0.0168202
0.0156657
0.0223485
0.0130697
0.0117267
0.0539595
0.0407379
0.0401154
0.0825707
0.0750193
0.127173
0.294526
0.0692762
0.0618457
0.150997
0.0726486
0.0447655
0.050324
0.0376616
0.0277665
0.05063
0.0910158
0.0456218
0.0687881
0.0835913
0.0311854
0.0614034
0.208543
0.031955
0.028767
0.0303874
0.0393632
0.0110013
0.0506758
0.0222271
0.146794
0.186864
0.172029
0.181306
0.0163631
0.0182838
0.0217777
0.0198926
0.0164547
0.0167633
0.0177872
0.0452467
0.0191939
0.017353
0.0140447
0.0123303
0.0147729
0.0131503
0.105615
0.160484
0.0813989
0.0790194
0.0666697
0.0846577
0.0146717
0.0149582
0.015977
0.0184713
0.125108
0.1375
0.115809
0.139746
0.0302902
0.060391
0.0633808
0.0219845
0.0609838
0.0502675
0.0418246
0.0590044
0.0227295
0.0729967
0.0154583
0.0140881
0.0267618
0.0260807
0.0263444
0.0273204
0.0282471
0.028572
0.0285179
0.0252467
0.0299351
0.0269838
0.0275108
0.0251351
0.0267942
0.0261614
0.020318
0.0180285
0.0161397
0.0113352
0.0112158
0.0126943
0.013949
0.0832244
0.0905867
0.0861229
0.109917
0.0566998
0.0138926
0.0138966
0.0147151
0.0125551
0.0143127
0.0404336
0.0441638
0.0505181
0.0562429
0.0975052
0.0902914
0.178069
0.0671393
0.058202
0.0714105
0.0557688
0.0874578
0.148264
0.083677
0.0853948
0.160676
0.0867396
0.0780239
0.0940348
0.110175
0.0427269
0.0481045
0.0438587
0.0752247
0.0563555
0.0514001
0.0691832
0.0443302
0.0501759
0.0484457
0.0606582
0.0801688
0.152323
0.140487
0.12098
0.134234
0.072218
0.064018
0.0824781
0.112762
0.169195
0.140652
0.0666187
0.0838066
0.126654
0.0773132
0.068889
0.098209
0.164174
0.0812717
0.0971294
0.0842508
0.126708
0.083247
0.102882
0.0683531
0.0992429
0.0594448
0.188342
0.0609534
0.0608173
0.123636
0.0589628
0.0752058
0.0460359
0.0465148
0.0493072
0.05033
0.116322
0.0546261
0.109369
0.0430784
0.055532
0.0535783
0.0659887
0.0465347
0.0547994
0.0661478
0.0973216
0.0381278
0.0417923
0.0443514
0.0440113
0.150618
0.161082
0.0956951
0.0748718
0.11007
0.052947
0.121441
0.0601769
0.0449002
0.0561929
0.074522
0.156822
0.171084
0.0791405
0.0870344
0.0747387
0.0881599
0.14962
0.0884224
0.153155
0.0967948
0.119196
0.0607787
0.132302
0.0619076
0.0626047
0.0729218
0.0674712
0.110463
0.0873212
0.10115
0.0682219
0.0714339
0.10198
0.0812534
0.151844
0.0654538
0.16373
0.146639
0.18276
0.0733214
0.070953
0.0802638
0.0508993
0.0558502
0.0460263
0.046856
0.0878215
0.247717
0.0919505
0.0812203
0.0811475
0.178879
0.156656
0.151889
0.0715289
0.0821853
0.0767919
0.170313
0.177436
0.0928608
0.0919172
0.0366084
0.0338095
0.0438464
0.0203335
0.0113972
0.0648719
0.0150189
0.014558
0.0138772
0.015693
0.0153706
0.0159038
0.0158595
0.0166214
0.0253028
0.0257841
0.0908713
0.01509
0.0163002
0.0175211
0.0179259
0.020169
0.0274033
0.0133502
0.0158668
0.0152342
0.0149106
0.0156482
0.0183377
0.01501
0.014833
0.0130256
0.0156588
0.0124041
0.0112137
0.0636757
0.0535904
0.0318359
0.0227877
0.0427995
0.0681351
0.06573
0.0158743
0.0698795
0.132859
0.0657058
0.0601016
0.0631112
0.0796815
0.0710058
0.0580366
0.0654596
0.011618
0.0318062
0.0312781
0.0324028
0.127847
0.077335
0.0939653
0.0706073
0.13793
0.0460902
0.208647
0.0807092
0.102569
0.167007
0.0807779
0.0911761
0.182954
0.141722
0.0737908
0.149158
0.170004
0.0666749
0.0838302
0.0722346
0.0768286
0.173054
0.219699
0.134256
0.19701
0.0967122
0.118746
0.113228
0.0924293
0.138946
0.218643
0.165072
0.149863
0.108035
0.13981
0.208523
0.102151
0.115275
0.105127
0.203786
0.084062
0.0786476
0.0784323
0.324896
0.132093
0.17848
0.34524
0.140968
0.174776
0.135525
0.136794
0.344918
0.130799
0.157735
0.121963
0.361745
0.106846
0.335381
0.136968
0.161901
0.159091
0.0912978
0.0846123
0.115972
0.134158
0.0957033
0.22604
0.314093
0.0601319
0.0622901
0.0555333
0.0699576
0.0591415
0.0126035
0.0184271
0.0154711
0.0124563
0.0154213
0.012146
0.0340255
0.0131954
0.0365349
0.0124305
0.0125267
0.0117673
0.0115802
0.0163363
0.0716183
0.0756697
0.0966963
0.0676334
0.222729
0.0635308
0.103825
0.212972
0.061888
0.0551817
0.0655969
0.0715196
0.144859
0.0530842
0.0524317
0.0650096
0.0560844
0.0741518
0.129193
0.0629062
0.063094
0.0594461
0.0543348
0.106529
0.0512045
0.0553475
0.0566746
0.0994429
0.23108
0.0878701
0.0728607
0.0790219
0.104212
0.104429
0.124519
0.232525
0.203177
0.0623873
0.0572909
0.0596437
0.171721
0.0735211
0.0809239
0.085866
0.0774679
0.164818
0.0864277
0.216081
0.0938272
0.108359
0.0544235
0.0821757
0.116236
0.0616815
0.0674804
0.0735375
0.0892771
0.0688765
0.0768363
0.0717616
0.0772748
0.0862744
0.0836347
0.168425
0.0909152
0.10178
0.253596
0.111851
0.0998599
0.0678102
0.0654118
0.0881736
0.169322
0.235988
0.0888861
0.104214
0.126548
0.0905026
0.120801
0.146027
0.0800697
0.323903
0.10627
0.106825
0.0789421
0.119734
0.0867308
0.0961454
0.0443923
0.176754
0.245625
0.0925364
0.071734
0.079487
0.0128174
0.0584385
0.0656853
0.0128402
0.0515874
0.0547739
0.0139263
0.0366548
0.0130563
0.0181245
0.018012
0.0271757
0.0140405
0.0218028
0.0248864
0.0127795
0.0119247
0.0117409
0.0119609
0.0252766
0.0196581
0.0388229
0.143886
0.0133232
0.0132952
0.0127179
0.013811
0.0127354
0.0559253
0.0482368
0.109158
0.0498933
0.149649
0.0551392
0.122025
0.14233
0.0117793
0.012156
0.0128906
0.0125829
0.0130049
0.0124479
0.0128999
0.0244602
0.0141473
0.0125956
0.013779
0.0144291
0.0132753
0.0156126
0.0116966
0.0169421
0.0120064
0.261875
0.0894503
0.0715555
0.0864668
0.0138898
0.0619644
0.0615025
0.0583535
0.0675715
0.0248869
0.0468144
0.0530933
0.0566136
0.0517558
0.0529973
0.0729095
0.0311626
0.026826
0.0148568
0.0152197
0.0181596
0.01504
0.0516744
0.0403592
0.0487239
0.0578746
0.0650384
0.056063
0.0124057
0.0117001
0.0135695
0.0137936
0.0129198
0.0189159
0.0146752
0.0134041
0.0221126
0.0128173
0.244747
0.100997
0.0719766
0.0900806
0.0685057
0.12448
0.114508
0.012136
0.0117294
0.0125887
0.0126891
0.0123213
0.0127583
0.142932
0.115755
0.301573
0.140392
0.174019
0.359211
0.141457
0.2663
0.112041
0.103342
0.0974448
0.130106
0.139122
0.118414
0.151121
0.315361
0.244755
0.218796
0.12833
0.0862064
0.114187
0.136869
0.134355
0.112847
0.144033
0.11956
0.124758
0.153248
0.122525
0.220556
0.195929
0.108801
0.0640678
0.0906689
0.0952272
0.0405561
0.109784
0.0949083
0.0995498
0.120107
0.0959588
0.185244
0.174147
0.0969302
0.17653
0.043989
0.0740508
0.0802293
0.0735078
0.0120562
0.0127501
0.0172843
0.0216624
0.0123495
0.0120656
0.0126545
0.0135341
0.0125298
0.0127024
0.0145902
0.0116965
0.0121578
0.0175711
0.0125172
0.0202783
0.0131145
0.0126407
0.0123192
0.0123136
0.0182584
0.0867475
0.0864968
0.0803134
0.0955431
0.0740839
0.169767
0.0147732
0.104718
0.0129552
0.064286
0.0563766
0.0567304
0.024195
0.0390808
0.0303583
0.0234009
0.0263809
0.0605166
0.0770584
0.0702396
0.0840002
0.0681221
0.070079
0.0889549
0.111947
0.0784018
0.210223
0.0811724
0.0825561
0.0665228
0.0619708
0.0573271
0.0630565
0.0659549
0.071086
0.158181
0.0620499
0.156085
0.0589825
0.070222
0.170834
0.176161
0.0125469
0.0131627
0.0126458
0.0170208
0.0468765
0.0662093
0.0725474
0.022073
0.0823863
0.011717
0.0119113
0.020307
0.011616
0.0122806
0.0214365
0.0294273
0.0250171
0.0284948
0.0257948
0.0264032
0.0123748
0.0128691
0.0115796
0.0175315
0.0118149
0.0139012
0.0117735
0.0121058
0.0116423
0.0122361
0.0116367
0.0120416
0.0148972
0.0110956
0.0116671
0.0725746
0.0732804
0.0670999
0.0736332
0.0959411
0.234487
0.059511
0.0415193
0.044322
0.0376046
0.0247246
0.0452683
0.0430031
0.0470304
0.044281
0.0452814
0.0496831
0.0474839
0.0253913
0.0284238
0.0231034
0.0250913
0.0232287
0.032089
0.0283789
0.021859
0.0202482
0.0342521
0.0344854
0.0181271
0.0326132
0.0369137
0.00775386
0.0218434
0.0472371
0.0298376
0.0473305
0.0420088
0.0480158
0.0494955
0.0483138
0.0452784
0.0831404
0.0476015
0.0606042
0.0453104
0.0456505
0.0436395
0.0637254
0.0448633
0.0496628
0.0392226
0.0479031
0.0394258
0.048206
0.0496072
0.0405318
0.0405193
0.0441185
0.0392293
0.0362618
0.0443266
0.0400885
0.0408914
0.136084
0.0997892
0.108318
0.101606
0.0886727
0.0922288
0.0940788
0.0887835
0.101914
0.0815112
0.0811763
0.0751002
0.0728399
0.145739
0.191492
0.15725
0.166888
0.112034
0.12458
0.13065
0.126303
0.095374
0.0384208
0.0399042
0.0430209
0.0231489
0.0407851
0.0443528
0.0263162
0.0379487
0.0567184
0.0593178
0.0644766
0.0670188
0.0526419
0.0839889
0.121853
0.0764251
0.112607
0.0772905
0.0645067
0.0692241
0.0341219
0.0422324
0.0430524
0.03577
0.045996
0.029317
0.0433028
0.0417777
0.0313657
0.0432321
0.0393243
0.0457409
0.0449045
0.0478277
0.0429196
0.0466344
0.0600319
0.0488279
0.153715
0.110184
0.120968
0.138407
0.11446
0.115937
0.114821
0.16269
0.033211
0.0594619
0.0374209
0.0611708
0.0626667
0.0592629
0.0727322
0.0476074
0.0487277
0.0463851
0.0587049
0.048115
0.0457682
0.0625058
0.0488924
0.0493314
0.0563202
0.111157
0.0773257
0.0709414
0.090323
0.0859003
0.0931081
0.0768935
0.0735241
0.280851
0.214386
0.257086
0.312721
0.277668
0.305779
0.264686
0.223141
0.297484
0.223671
0.252789
0.203529
0.260982
0.242373
0.173982
0.0879654
0.0544855
0.0915476
0.0593576
0.232821
0.201444
0.206104
0.264623
0.268285
0.222205
0.239034
0.255961
0.247214
0.249066
0.287295
0.233078
0.146757
0.0898113
0.0566683
0.0509312
0.0544332
0.0554558
0.0542738
0.0572343
0.213869
0.239162
0.225834
0.198531
0.245506
0.174135
0.183842
0.215832
0.200965
0.204364
0.199832
0.246322
0.208547
0.160021
0.115967
0.17646
0.204585
0.162169
0.179787
0.150356
0.167378
0.0847776
0.0906249
0.0882296
0.0998156
0.132043
0.0832837
0.124536
0.12631
0.0928229
0.112086
0.198708
0.086111
0.0783351
0.0796904
0.121964
0.126658
0.0888023
0.0844626
0.068499
0.0716778
0.0770807
0.0664206
0.0478029
0.0347178
0.0694463
0.0448974
0.0617791
0.0511152
0.0411778
0.0572486
0.0898895
0.113989
0.0666308
0.0465191
0.0726343
0.119983
0.128272
0.0867082
0.046127
0.0487201
0.0587772
0.0573312
0.0540613
0.0786503
0.0658172
0.304952
0.0754652
0.0740889
0.250719
0.121185
0.0998247
0.149018
0.0669774
0.0523887
0.0536682
0.0468753
0.0462939
0.0484118
0.0841222
0.0529221
0.0785579
0.103416
0.0797555
0.0704721
0.117463
0.0681207
0.0418329
0.0400869
0.0193894
0.0376443
0.0253217
0.0229824
0.0121507
0.0869531
0.0855238
0.133738
0.0941846
0.0951172
0.122887
0.104212
0.0707756
0.0626965
0.0539952
0.113511
0.0621056
0.0619775
0.118598
0.113961
0.110682
0.0564843
0.0668793
0.0578889
0.0575192
0.104522
0.116133
0.113707
0.112706
0.243355
0.121769
0.0170929
0.012402
0.0141842
0.012299
0.0260008
0.0120105
0.0153662
0.0818796
0.0509976
0.0553452
0.053453
0.0569062
0.0578627
0.0534209
0.0855086
0.0602572
0.0481894
0.0532599
0.0505757
0.0800356
0.0561178
0.0522456
0.0551015
0.0467239
0.0881138
0.0955058
0.0643754
0.0552747
0.108738
0.0850038
0.0895475
0.0962088
0.119623
0.0837204
0.0255062
0.0443257
0.0304783
0.040945
0.240942
0.0590473
0.0586293
0.0866496
0.137052
0.099603
0.105735
0.0907363
0.165493
0.0695137
0.0548698
0.22128
0.0615637
0.0869744
0.20902
0.102183
0.0189254
0.0171901
0.0170858
0.0184633
0.0175574
0.0204696
0.0180386
0.0182741
0.0174276
0.0168743
0.019539
0.0185108
0.0190402
0.0199433
0.0182212
0.0223081
0.0199411
0.0214975
0.0195267
0.0218839
0.0219199
0.0234575
0.0187474
0.0226825
0.0219914
0.0246669
0.0179128
0.0184638
0.0219659
0.0195792
0.0220288
0.0175023
0.0223434
0.0255306
0.0220643
0.0245752
0.0244941
0.0240015
0.0264897
0.0160537
0.0227439
0.0181907
0.0164468
0.0143155
0.0143626
0.0163498
0.0170678
0.019855
0.0232598
0.023251
0.0228031
0.027802
0.0296292
0.0241254
0.0223185
0.0227454
0.022602
0.0198166
0.0285236
0.0235501
0.0252412
0.022137
0.0213944
0.0248342
0.0288221
0.0299771
0.0259577
0.0269415
0.0248139
0.0317984
0.0378257
0.0293065
0.0273457
0.0280809
0.0329889
0.0280007
0.0325862
0.0183757
0.0167741
0.018352
0.0172727
0.0200538
0.0224297
0.0232739
0.0179986
0.0193789
0.0182074
0.0184834
0.0171439
0.0140857
0.0176674
0.0282373
0.0223504
0.0274811
0.0188031
0.0225447
0.0187062
0.0196901
0.0266291
0.0200688
0.0183298
0.0192218
0.0238956
0.018749
0.0241736
0.0173969
0.0234934
0.0208061
0.0227959
0.0221823
0.0207658
0.0201912
0.0218376
0.0181261
0.0187567
0.0204463
0.0207343
0.020174
0.0208576
0.0221554
0.0213489
0.0218437
0.0210978
0.0198003
0.020906
0.0224524
0.01999
0.0228234
0.0207485
0.0233416
0.0214057
0.0196861
0.0196855
0.0214448
0.0200016
0.0233034
0.0194912
0.0432768
0.0476242
0.064173
0.0608678
0.0492602
0.0467678
0.0123122
0.0181279
0.0132594
0.0321077
0.0181292
0.0186943
0.0601614
0.0225391
0.0216547
0.0271937
0.0208821
0.0208582
0.0201382
0.0162223
0.0183879
0.0208698
0.0261488
0.0254493
0.0189245
0.0186924
0.0267485
0.0184266
0.0202627
0.0299431
0.0252242
0.031599
0.0228753
0.0363296
0.0400634
0.032701
0.031433
0.0345833
0.0545028
0.0600479
0.0223085
0.0206921
0.0172485
0.0206605
0.0171119
0.0172522
0.0179837
0.0617128
0.0430235
0.0556433
0.040719
0.0599569
0.0441597
0.0529591
0.0455613
0.0759528
0.0441372
0.0490947
0.0496527
0.0496094
0.0538164
0.052511
0.0633388
0.0547549
0.0329058
0.0340084
0.0583525
0.0569733
0.0583493
0.0531944
0.0616559
0.0575439
0.0577201
0.0417515
0.047542
0.0409577
0.0335745
0.0350297
0.0388207
0.0616295
0.0456609
0.0501936
0.0572897
0.0544514
0.0530617
0.0767526
0.0608087
0.0662878
0.0561417
0.0585493
0.0641187
0.0552104
0.0587349
0.0683095
0.0529209
0.0578956
0.0601257
0.0554213
0.0665008
0.0632825
0.0492387
0.0545795
0.0753115
0.0774037
0.0124534
0.0126496
0.00957402
0.0099305
0.0169415
0.0114005
0.0136374
0.0144167
0.0145612
0.0138227
0.0178361
0.0169873
0.021978
0.0172569
0.0175865
0.0232187
0.0228162
0.0165622
0.0196498
0.0250028
0.0200622
0.0266166
0.0262102
0.0257082
0.0192978
0.0249288
0.0194826
0.0167462
0.0170731
0.02505
0.0230211
0.0140926
0.0228193
0.0188857
0.0192789
0.0224494
0.0207303
0.012543
0.0182004
0.0204588
0.0201904
0.0120173
0.0172428
0.0136852
0.0269295
0.0147726
0.0151653
0.0350998
0.023355
0.0274153
0.0218199
0.0281329
0.0193276
0.0284798
0.0275086
0.0270578
0.0270651
0.0268982
0.027904
0.0299501
0.0221956
0.0278844
0.0255431
0.0284361
0.0242243
0.0198843
0.0242202
0.0224452
0.0232968
0.0225211
0.0185511
0.0201492
0.0191011
0.0508978
0.0416662
0.0400978
0.0447468
0.0437418
0.0426973
0.0558385
0.0521727
0.0407485
0.0445934
0.0438099
0.0463038
0.0384695
0.0368239
0.0433305
0.0373513
0.0321373
0.0299019
0.0336017
0.0350038
0.0389548
0.0315568
0.0410746
0.0326131
0.0389983
0.0388787
0.0415571
0.0314171
0.0290814
0.0339569
0.0319077
0.0353011
0.0325599
0.0341977
0.0291545
0.0316117
0.0272319
0.0271384
0.0332356
0.0291909
0.0316972
0.0324592
0.0305783
0.0244829
0.0269034
0.0292461
0.0642568
0.0229081
0.0528373
0.0538289
0.0499934
0.0499502
0.0228411
0.0695183
0.0502953
0.0475397
0.0714127
0.04785
0.0228447
0.0246794
0.0200192
0.0244704
0.0148193
0.0231063
0.0228337
0.0216767
0.0227284
0.0225275
0.0217158
0.0221517
0.0336068
0.0319525
0.0202897
0.0226341
0.0353666
0.0191916
0.0174101
0.0250754
0.0219714
0.0231633
0.0231632
0.0232668
0.0232002
0.0223175
0.0223516
0.0249283
0.0270872
0.0231639
0.0257734
0.0248539
0.0233254
0.0232802
0.0233463
0.0233787
0.026659
0.0264095
0.0239442
0.0255062
0.0221701
0.0227251
0.0273285
0.0245041
0.0272296
0.0435451
0.0465223
0.041459
0.0450943
0.0474246
0.0446312
0.0577099
0.0622483
0.0649215
0.0478285
0.0183247
0.0293983
0.0276928
0.02166
0.0165855
0.0202071
0.0592999
0.042135
0.0753045
0.0274281
0.0357527
0.0315471
0.0271469
0.0291482
0.0280401
0.0386612
0.0355715
0.0298654
0.0353124
0.0214818
0.0213054
0.0266049
0.0209247
0.0210999
0.0365452
0.0735057
0.0451372
0.0718328
0.0861244
0.0460713
0.0747717
0.0500142
0.0672845
0.0472244
0.0533977
0.0526854
0.0475337
0.0673589
0.0547833
0.0559914
0.0608204
0.0703517
0.0515776
0.0493526
0.0505924
0.0514057
0.0511548
0.0523052
0.0537811
0.0803591
0.0528835
0.0491538
0.0499102
0.0505046
0.0147819
0.0209175
0.0143166
0.0141409
0.0156185
0.0171225
0.0166377
0.0182885
0.0172115
0.0206068
0.0199508
0.0166599
0.01619
0.0290417
0.0220203
0.0291988
0.034892
0.036386
0.0308445
0.0344737
0.0516155
0.0238041
0.0974337
0.0874914
0.0745729
0.0607051
0.0488385
0.0548824
0.0542217
0.0255573
0.0310499
0.0280207
0.027078
0.0215997
0.0241298
0.0301915
0.027178
0.0339386
0.0389827
0.0206201
0.0414644
0.0421983
0.042613
0.0338599
0.0330421
0.0332177
0.0268941
0.018381
0.019193
0.0165775
0.0202834
0.0265717
0.0290612
0.0158643
0.0189243
0.0171183
0.0188585
0.0656483
0.0470524
0.0418581
0.0329993
0.0472549
0.0209651
0.0202235
0.0213658
0.0235208
0.0194173
0.0174653
0.023972
0.0265329
0.0266647
0.0260115
0.0253775
0.0836793
0.0302395
0.0261577
0.0370941
0.0601498
0.0446206
0.0554714
0.0453133
0.0403964
0.0389808
0.0428088
0.0602794
0.0594189
0.0576186
0.0475747
0.0473363
0.0495996
0.0595317
0.0666487
0.0486917
0.0586984
0.0415875
0.0476089
0.0497775
0.0417206
0.0556265
0.046262
0.0362767
0.0429703
0.037597
0.0429188
0.043601
0.0409373
0.0229113
0.0202903
0.0218035
0.0187686
0.0172692
0.0235308
0.0324299
0.0210586
0.0288592
0.0359523
0.0185584
0.0250258
0.0381301
0.0246468
0.0245151
0.0247701
0.0231155
0.0358912
0.0255899
0.0318462
0.0205141
0.0243863
0.02243
0.0163653
0.0275924
0.0274381
0.0258413
0.0253852
0.0569168
0.0561285
0.0639298
0.0609832
0.0593168
0.0537013
0.0560726
0.0626839
0.0523552
0.0516891
0.0748864
0.0399005
0.0320445
0.0916239
0.0312437
0.0254343
0.0266398
0.0353482
0.0251537
0.0384921
0.0348713
0.0411378
0.0430366
0.0441239
0.0426673
0.0815295
0.0201286
0.0424651
0.0287038
0.019592
0.0277882
0.0453274
0.0453827
0.0464528
0.0453822
0.041131
0.0540042
0.0454526
0.046845
0.0398371
0.0507881
0.0463331
0.0472898
0.0298866
0.0192934
0.0317319
0.0175697
0.0286961
0.0278406
0.0269966
0.0347809
0.0329855
0.0308405
0.0290081
0.031442
0.0320524
0.0295396
0.0327794
0.0292416
0.0338625
0.0323106
0.0340274
0.0367038
0.0299727
0.0302109
0.0329496
0.0358785
0.0302946
0.0433721
0.0322596
0.0363934
0.0218909
0.0279197
0.0154001
0.0213131
0.0215422
0.0307319
0.0218046
0.0220851
0.0217357
0.0215695
0.0268508
0.0216651
0.0293363
0.0356592
0.0288038
0.03356
0.0361269
0.0436822
0.0406858
0.0392493
0.0613785
0.0490757
0.0478224
0.0452621
0.0452054
0.037428
0.0173226
0.0167012
0.0179846
0.0165703
0.0254343
0.0272213
0.066625
0.0669545
0.0843029
0.0520623
0.0551941
0.0500694
0.0455364
0.0502647
0.0234919
0.0258652
0.0258291
0.0223962
0.0221915
0.0229584
0.0230925
0.026447
0.0249717
0.0242675
0.0250292
0.0355555
0.0276349
0.0266712
0.0278283
0.0240067
0.0255438
0.0239716
0.0153938
0.0164719
0.0315439
0.0289376
0.0206164
0.0298906
0.0272817
0.0278965
0.0293131
0.0302054
0.0300762
0.0330361
0.0385866
0.0306759
0.0325571
0.0387601
0.0373832
0.0214016
0.029732
0.0287758
0.0319931
0.029305
0.0289332
0.035187
0.0324866
0.027855
0.022356
0.0331353
0.0293433
0.0291738
0.0281806
0.0423721
0.0365942
0.0358058
0.0510777
0.034593
0.0447883
0.0402478
0.0342553
0.0403221
0.0327044
0.034126
0.037434
0.041822
0.0444863
0.0430442
0.042505
0.0412506
0.036806
0.0348954
0.0402255
0.037185
0.0436614
0.0433459
0.0335736
0.0342819
0.0331969
0.0434988
0.0440569
0.0434001
0.0343321
0.0458026
0.038814
0.0373218
0.0439712
0.045993
0.0438183
0.0340669
0.0429505
0.0372829
0.0450435
0.0366657
0.0460223
0.032961
0.0488582
0.0388443
0.0653009
0.0692844
0.0483294
0.0522135
0.0607751
0.0602542
0.0491093
0.0526415
0.0260948
0.0793397
0.0558813
0.0891784
0.043984
0.0447715
0.0487396
0.015887
0.0147258
0.0247069
0.0772977
0.0158897
0.0150488
0.0156174
0.0236449
0.0166066
0.011606
0.0151716
0.0251101
0.0154968
0.016512
0.0147007
0.0413161
0.0323311
0.0128227
0.0122012
0.01253
0.0179632
0.0162163
0.0382893
0.0565375
0.0523371
0.0625221
0.0167829
0.0167208
0.0658051
0.0627047
0.0689175
0.0597445
0.0666469
0.0616431
0.0395384
0.0407449
0.0467334
0.0465332
0.0868067
0.0683098
0.0869024
0.0627978
0.0642041
0.0596553
0.108493
0.0963211
0.0632738
0.0675623
0.0565028
0.0675482
0.070154
0.0239017
0.0372844
0.0351689
0.0185629
0.0283624
0.0189991
0.0243351
0.0475021
0.04088
0.049105
0.0471713
0.0154141
0.0151553
0.0236966
0.0144986
0.0140122
0.013952
0.0141226
0.0132669
0.0129292
0.0131931
0.0224702
0.0137649
0.0181368
0.0851352
0.0795959
0.0625617
0.0582768
0.0598212
0.0505336
0.101353
0.0152989
0.0599941
0.0731258
0.0601372
0.0726858
0.0539086
0.0838596
0.0683434
0.232185
0.0668992
0.106041
0.0576141
0.0702422
0.0666128
0.0613406
0.058276
0.0705044
0.0640086
0.105209
0.0194434
0.0464198
0.0778366
0.0898153
0.0210674
0.0904079
0.0152944
0.0662316
0.0166088
0.0758743
0.0658694
0.0634328
0.102348
0.0712692
0.0224196
0.0502768
0.065522
0.0359704
0.0324094
0.0300459
0.0284435
0.0261059
0.0680695
0.0276395
0.0312742
0.0279111
0.0293397
0.0246855
0.071385
0.067306
0.0773661
0.0533477
0.0517884
0.051325
0.0474891
0.0216573
0.0234164
0.0463592
0.0571974
0.0546612
0.0233955
0.043915
0.0688177
0.0738505
0.0602747
0.046787
0.0420014
0.0466734
0.0741482
0.0555498
0.0568451
0.0503735
0.0637396
0.0659158
0.0526205
0.0537734
0.0636844
0.0613559
0.0533421
0.0655409
0.0508305
0.0581254
0.0429225
0.048123
0.0471375
0.0528754
0.0663845
0.0849649
0.0620951
0.0803766
0.0579793
0.062485
0.0721497
0.0229749
0.022768
0.0234449
0.0325672
0.0316712
0.0288231
0.0260661
0.052181
0.058236
0.0496103
0.0310154
0.0240629
0.0389333
0.0224438
0.0422167
0.0369494
0.0247727
0.0224868
0.0219249
0.0229175
0.0222629
0.0228386
0.0237433
0.0222886
0.02342
0.0222202
0.038665
0.0402726
0.0505284
0.048695
0.0400536
0.0499183
0.0466354
0.0361405
0.0334692
0.0318279
0.0348517
0.0270683
0.0373118
0.036496
0.0245961
0.0264622
0.0239912
0.0668375
0.0873533
0.0912147
0.0814006
0.0605505
0.0552142
0.0914445
0.0653304
0.0931706
0.0767551
0.0670583
0.0729953
0.0769984
0.0779805
0.0683737
0.0957633
0.0162202
0.0679608
0.0943712
0.0578379
0.0702579
0.0685426
0.0689587
0.0947311
0.0969978
0.0991335
0.0613485
0.0593824
0.0956886
0.130825
0.120042
0.107863
0.0971519
0.133038
0.169351
0.17292
0.156694
0.143014
0.170478
0.164035
0.154735
0.116571
0.125138
0.0457818
0.0508287
0.030173
0.0451873
0.0496341
0.039257
0.0454991
0.0456755
0.0352951
0.045844
0.0352252
0.0463627
0.0546645
0.0557345
0.0313913
0.0549204
0.0333247
0.0702025
0.0307459
0.0290985
0.027895
0.0307445
0.045659
0.0323679
0.0318838
0.0285379
0.0296629
0.0324832
0.0357176
0.0376217
0.0405354
0.0363031
0.0388539
0.0339605
0.0232214
0.0232187
0.0232698
0.0267536
0.0242651
0.0237772
0.0244673
0.0231209
0.0239737
0.0245918
0.0225938
0.0253416
0.0247763
0.0254134
0.0249266
0.012916
0.0191911
0.01257
0.0133328
0.0122367
0.0179877
0.0138857
0.089897
0.0513479
0.069154
0.0500732
0.0162235
0.051089
0.0730275
0.0606655
0.0644667
0.0592174
0.0665122
0.0485592
0.092323
0.0167432
0.029069
0.0274569
0.0247859
0.0259
0.0262129
0.0295274
0.0302169
0.0254246
0.0264346
0.0282408
0.0280228
0.0264668
0.0262479
0.0260453
0.0354909
0.0307632
0.0252214
0.0341962
0.0363737
0.0316626
0.0289953
0.0276898
0.0497726
0.0340171
0.0441103
0.0386752
0.0347176
0.0351963
0.0336711
0.0300915
0.0380189
0.0340145
0.0205716
0.0318094
0.0300337
0.0319174
0.0305286
0.0293999
0.0263493
0.0246166
0.0280881
0.0246562
0.0288957
0.0318158
0.0407427
0.0453101
0.0360015
0.0356932
0.0322429
0.0198825
0.0217507
0.0204722
0.0257624
0.0248695
0.0347253
0.0223042
0.0391002
0.0372114
0.0386942
0.0448099
0.0401428
0.0384448
0.0374212
0.0279348
0.0336918
0.0285701
0.0528426
0.0763287
0.0536259
0.0442078
0.0500214
0.04779
0.0777043
0.0221714
0.0150629
0.0132692
0.0131442
0.0205858
0.0132779
0.0898141
0.0809415
0.0502609
0.0586585
0.0833703
0.0570834
0.0720523
0.0780882
0.0690416
0.0501007
0.0969303
0.0688037
0.060469
0.0277331
0.0296106
0.0268665
0.0312585
0.029271
0.0273436
0.0266109
0.0293418
0.0295286
0.0322607
0.0377017
0.0312882
0.0191006
0.0326637
0.0396284
0.0334625
0.0412686
0.0253155
0.026009
0.0282692
0.0290864
0.030206
0.0626809
0.0576033
0.0615134
0.0462322
0.0516274
0.0588532
0.0465961
0.0653547
0.0499745
0.0847912
0.0888942
0.0348765
0.066696
0.0615305
0.0397951
0.0330363
0.0358885
0.0852942
0.0603921
0.0725918
0.0648471
0.0633772
0.0749756
0.0494758
0.0521989
0.0204117
0.0867066
0.0648676
0.087552
0.0511818
0.0556125
0.0696964
0.0929865
0.0510322
0.0172475
0.0751638
0.100627
0.0192834
0.0869203
0.0614127
0.0528571
0.0562691
0.0561529
0.0565125
0.0718473
0.0635033
0.0833394
0.094626
0.0609144
0.0489946
0.0668512
0.0891721
0.0535668
0.0548843
0.0612514
0.0359232
0.028899
0.0264365
0.0271855
0.0353511
0.0385116
0.0448542
0.0481239
0.0338496
0.0441154
0.0369723
0.0308246
0.0336133
0.0278648
0.0275602
0.028349
0.0538302
0.0296942
0.0524535
0.0509588
0.0583542
0.0530449
0.0485694
0.0779104
0.0632359
0.091279
0.0304416
0.0430241
0.0296357
0.0345595
0.036922
0.0392426
0.0310347
0.0320227
0.0335159
0.0276621
0.0320311
0.0300606
0.0212915
0.027794
0.029316
0.0295991
0.0626667
0.0921334
0.0474563
0.0671306
0.0559899
0.0472199
0.0841828
0.0562573
0.0606318
0.0634676
0.0650121
0.0910817
0.0430662
0.0620547
0.0646111
0.0394501
0.0413325
0.087196
0.0787314
0.0609511
0.0871473
0.0461802
0.0382376
0.031662
0.0310778
0.0368358
0.0361226
0.038483
0.0311847
0.0382358
0.0276706
0.0285901
0.0285651
0.0325025
0.0368109
0.0311347
0.0303633
0.0554467
0.0397838
0.0311418
0.0358613
0.0496544
0.048436
0.035031
0.0382113
0.0394759
0.0298975
0.0310382
0.0289947
0.0316221
0.029396
0.0524218
0.0647528
0.0523178
0.0606305
0.0940713
0.0645656
0.066401
0.0538173
0.0889498
0.061776
0.0533308
0.0589775
0.065166
0.0948013
0.092691
0.0629735
0.0517866
0.0649897
0.0926512
0.0594685
0.0535838
0.0657384
0.0895974
0.0492134
0.029554
0.0338371
0.0367896
0.0307237
0.0328796
0.0526521
0.0358668
0.0799335
0.0579925
0.0455544
0.0345792
0.0670618
0.0719539
0.0420536
0.0481063
0.043573
0.0343993
0.0357123
0.0343359
0.0641152
0.0386011
0.039686
0.103221
0.0349575
0.0424504
0.105941
0.0806166
0.0203925
0.0227503
0.0208205
0.0306052
0.0620544
0.038221
0.0305108
0.027107
0.0339603
0.0375413
0.0256162
0.0244835
0.0337384
0.0252416
0.0247166
0.030238
0.0296016
0.0189478
0.023561
0.0223961
0.0211691
0.0326072
0.0305084
0.0162614
0.0205163
0.0300678
0.0216871
0.0211633
0.0290041
0.0320039
0.0286017
0.0699292
0.0574335
0.0452212
0.0399519
0.0329266
0.0289248
0.0539848
0.0179273
0.0216152
0.0189445
0.0226733
0.0246806
0.0252187
0.0284799
0.0258424
0.0158855
0.01474
0.0216344
0.0143281
0.0366322
0.0279832
0.0219812
0.0215548
0.0161367
0.0141302
0.017002
0.0204782
0.0240888
0.0234069
0.0226973
0.0229833
0.0233451
0.023707
0.0216091
0.0224763
0.023538
0.0221485
0.0221377
0.0219597
0.0238423
0.0238934
0.0226967
0.0252507
0.0847034
0.0581295
0.0264775
0.0557498
0.0637809
0.0427553
0.0848721
0.0364445
0.0392081
0.0362017
0.0526762
0.0829772
0.0407923
0.047265
0.0602782
0.0743397
0.0648632
0.0736446
0.0516042
0.147684
0.0503944
0.0657314
0.144164
0.0385596
0.0325299
0.0525551
0.0422788
0.0352191
0.0413662
0.0282567
0.031801
0.054661
0.0265144
0.0490274
0.0327099
0.0288699
0.041915
0.0236422
0.0268987
0.0479088
0.0975384
0.032792
0.0608524
0.0736369
0.0351139
0.055021
0.0541993
0.042122
0.0804892
0.0442966
0.0426061
0.0694974
0.0898659
0.0716352
0.0732073
0.083847
0.0714117
0.203941
0.163181
0.0180391
0.0210613
0.020502
0.0225309
0.0194516
0.020345
0.024172
0.0264552
0.0166222
0.0156706
0.0204386
0.0176008
0.020363
0.0153271
0.0172361
0.017064
0.0206115
0.0191785
0.0203871
0.0161617
0.0200058
0.0261387
0.0219538
0.0227952
0.0158064
0.0187939
0.0206318
0.0159362
0.0161221
0.0192321
0.0251883
0.0196666
0.0185251
0.0193784
0.0234872
0.0253641
0.0200815
0.0193087
0.019687
0.0196679
0.0195916
0.0151698
0.0209707
0.0178738
0.0169518
0.022083
0.0193587
0.0197011
0.00441677
0.0217078
0.0161366
0.0116461
0.0138659
0.0159093
0.014936
0.0155338
0.0157787
0.0115877
0.0154775
0.0121898
0.0157276
0.0130772
0.0154907
0.027413
0.0195772
0.0185062
0.0344138
0.020089
0.0338222
0.0347425
0.0289182
0.0209609
0.0319529
0.0217878
0.0213538
0.0217597
0.0319632
0.021976
0.0284201
0.0294401
0.0207289
0.0362199
0.0215399
0.0438514
0.036315
0.0298049
0.0307856
0.0192382
0.0115549
0.0125119
0.0134338
0.0119498
0.0277902
0.0349532
0.0474703
0.0195967
0.0274599
0.0214323
0.0198818
0.0189742
0.0203032
0.0180266
0.021507
0.0173721
0.0224269
0.0190621
0.0194243
0.0215771
0.0215789
0.0232059
0.0256756
0.0234209
0.0282006
0.0258187
0.0247389
0.0247568
0.0248257
0.0220606
0.0226877
0.0210203
0.0516081
0.0466954
0.209021
0.0796727
0.18125
0.052807
0.158629
0.0327523
0.0586715
0.0811412
0.135556
0.027916
0.0291954
0.0826992
0.0861601
0.0981464
0.0778732
0.0854573
0.0950963
0.0993089
0.118471
0.0710532
0.0789211
0.0834449
0.0852143
0.163561
0.0894501
0.0604329
0.0707708
0.0561328
0.0629307
0.0695344
0.207831
0.225129
0.140062
0.2116
0.0770439
0.0332751
0.0480019
0.0437627
0.0439315
0.0381137
0.0251614
0.0317269
0.0316759
0.0300446
0.0441455
0.0249836
0.0234367
0.0368433
0.0348744
0.0444069
0.0387381
0.041555
0.0371352
0.120442
0.0751875
0.0456488
0.0488471
0.0540714
0.0501194
0.116501
0.0524159
0.106267
0.0387622
0.0444436
0.0316504
0.068622
0.0295346
0.0254038
0.0366234
0.0355935
0.0329282
0.0338668
0.104803
0.0290421
0.0347639
0.0351736
0.0398352
0.0875538
0.0680292
0.0362632
0.0381243
0.0370914
0.0850328
0.125538
0.101631
0.0802486
0.086779
0.09115
0.0272878
0.0216165
0.0188448
0.0288846
0.0272539
0.022276
0.0312591
0.0171004
0.0179359
0.0290013
0.0291742
0.0308552
0.0319888
0.0371719
0.0332255
0.0630244
0.0303427
0.0298839
0.0315709
0.0211715
0.0314888
0.0211663
0.0329389
0.0286174
0.0216624
0.0290039
0.0434364
0.0945354
0.0972785
0.0733475
0.0852663
0.0848534
0.0666575
0.0743748
0.0538316
0.0627288
0.0486133
0.0535131
0.0796815
0.0647041
0.031073
0.0282915
0.0352738
0.0296471
0.0379772
0.0601052
0.0659938
0.0620056
0.0296043
0.0355471
0.0353048
0.0648694
0.11344
0.0553813
0.104186
0.125428
0.0646643
0.0377088
0.0384307
0.069813
0.0318792
0.0297396
0.0318432
0.03408
0.0227521
0.174373
0.0212514
0.174114
0.19226
0.21821
0.226587
0.0283218
0.0823957
0.0392905
0.0388701
0.0532489
0.0706839
0.0326217
0.0674544
0.0366709
0.0386806
0.0343761
0.0300314
0.0398301
0.0329879
0.0378754
0.0345104
0.027083
0.0660431
0.0745106
0.0535902
0.0378517
0.0665395
0.0581463
0.0483017
0.0305482
0.0591401
0.0290845
0.0745821
0.0312387
0.0202574
0.0188982
0.0192286
0.0246211
0.0218793
0.0168593
0.0220152
0.0168241
0.0226572
0.0212212
0.0214747
0.0238782
0.0202037
0.0393902
0.0218736
0.0184957
0.0277797
0.0221588
0.0216008
0.0314749
0.021178
0.0174452
0.0203749
0.0184223
0.0306253
0.0155417
0.0116672
0.0122064
0.0169084
0.0124219
0.0160192
0.015033
0.018431
0.0174051
0.0251822
0.0216142
0.0239739
0.0158887
0.0259338
0.0229512
0.0274286
0.0251323
0.0231055
0.0340153
0.0525569
0.020689
0.025321
0.0282464
0.019022
0.0211846
0.0263746
0.0193921
0.0195883
0.022516
0.0181576
0.0203574
0.0230029
0.0191114
0.0276814
0.0144772
0.0124335
0.0141957
0.0152322
0.0215182
0.0136343
0.0134413
0.0174953
0.0139792
0.01636
0.0132343
0.0139695
0.0184269
0.0191038
0.0291518
0.0182657
0.0203578
0.0369656
0.0210844
0.0310661
0.0188066
0.0127879
0.0131319
0.0131896
0.0147319
0.0196808
0.0225917
0.0176378
0.0532238
0.0138594
0.0590269
0.0163717
0.0473949
0.0360711
0.0429818
0.0180035
0.0319169
0.0152877
0.0366965
0.0235166
0.0412004
0.0380057
0.0205453
0.0216814
0.0505625
0.0407544
0.0466923
0.0480188
0.0337651
0.0240204
0.0406243
0.0375286
0.0231272
0.0276956
0.0217433
0.049024
0.0237869
0.024863
0.0199365
0.0178177
0.0205532
0.025529
0.0238612
0.0265839
0.0194902
0.0121814
0.0141793
0.0128097
0.0180959
0.0146375
0.0173397
0.0158299
0.0161914
0.0150398
0.0164557
0.0143894
0.0131844
0.017088
0.013203
0.0243414
0.0149517
0.0174077
0.0165135
0.0159649
0.0166444
0.0177763
0.0164056
0.017964
0.0186409
0.012386
0.0195994
0.0155281
0.0259275
0.0149452
0.0169149
0.0153777
0.014986
0.0199131
0.0300287
0.0214059
0.0213223
0.0577064
0.0237365
0.0245694
0.0939668
0.0359682
0.0544705
0.044146
0.0448037
0.0346016
0.08326
0.0319354
0.0488645
0.0289687
0.0277909
0.0335087
0.0318204
0.0487029
0.0266354
0.0272078
0.0572406
0.0400363
0.0477884
0.0321267
0.0693464
0.0933199
0.0316762
0.0315767
0.0350413
0.0272384
0.0376143
0.0720863
0.0264354
0.0336347
0.0729528
0.046137
0.0482073
0.0284664
0.0266238
0.0279577
0.0316668
0.0287583
0.033643
0.0528406
0.0517481
0.0371323
0.0281997
0.0395579
0.0293916
0.0254026
0.0410523
0.0188733
0.0167412
0.0352641
0.0322675
0.0355696
0.0492156
0.0287425
0.0281103
0.0240218
0.0266056
0.0304836
0.0318939
0.0430754
0.020073
0.0417609
0.0256094
0.0252774
0.0261513
0.0280992
0.0325228
0.0197718
0.0201886
0.0258331
0.0282031
0.0293125
0.0262794
0.0385649
0.0319625
0.0373503
0.0801834
0.03824
0.0384224
0.0207396
0.03147
0.0321706
0.0298682
0.0554861
0.0385258
0.0309026
0.0417769
0.0363253
0.0135396
0.0182361
0.0227168
0.0135813
0.0143742
0.0369516
0.0193802
0.0187186
0.0173385
0.0196093
0.0140205
0.0142615
0.0172791
0.054019
0.0496937
0.056105
0.0539029
0.0539761
0.0545749
0.0519187
0.0554764
0.0182504
0.0273913
0.0255174
0.0202966
0.0669904
0.0591692
0.0535547
0.0533921
0.0573881
0.0572623
0.0614362
0.0631235
0.0592472
0.021241
0.0217532
0.0233148
0.0245554
0.0256673
0.0217885
0.0226324
0.0253856
0.0199065
0.0158545
0.0222883
0.0239446
0.0226691
0.0171583
0.0244177
0.0218136
0.0308825
0.0293496
0.0216925
0.0289273
0.0568104
0.0194926
0.0562193
0.0183892
0.0165996
0.0202191
0.022019
0.0241838
0.0223557
0.0251783
0.019124
0.021853
0.0169072
0.0222589
0.0232461
0.0222198
0.0243026
0.0238231
0.0237291
0.016786
0.0239227
0.014292
0.0223207
0.0243654
0.0233099
0.0237467
0.0161434
0.0248433
0.0198093
0.0215491
0.0256378
0.0228072
0.0230723
0.0245478
0.135488
0.0632664
0.0296071
0.0211203
0.029998
0.0434736
0.0382233
0.0419182
0.154467
0.0622058
0.234832
0.0414848
0.0306637
0.0325393
0.108081
0.137948
0.031763
0.0481866
0.0340465
0.0280766
0.0271446
0.0373478
0.0447721
0.0366066
0.0314564
0.0326691
0.0228865
0.0226256
0.0235435
0.0223188
0.0231832
0.0360099
0.0292558
0.0286043
0.0238046
0.0211465
0.030588
0.02697
0.0235193
0.032414
0.0242911
0.0274041
0.0320756
0.0341494
0.0244357
0.0217258
0.0228707
0.0171568
0.0208879
0.0260557
0.0212163
0.0228875
0.0284002
0.021162
0.020676
0.0205928
0.0292495
0.0314688
0.0212436
0.0272323
0.0392252
0.0211838
0.0257809
0.0261221
0.0309897
0.0223601
0.0216318
0.0202331
0.0190463
0.0223945
0.0180847
0.0202172
0.0161386
0.0206231
0.0250422
0.020021
0.0291903
0.026499
0.0212522
0.019636
0.019764
0.0255506
0.019323
0.0162166
0.0190351
0.027262
0.0190952
0.0173956
0.025303
0.0271655
0.0171728
0.0207601
0.0245357
0.0169573
0.0223699
0.0195072
0.0204852
0.016397
0.025569
0.0255432
0.0219449
0.0253403
0.0237975
0.021089
0.0285686
0.0283672
0.0279903
0.0237157
0.0236253
0.02345
0.0221923
0.0322991
0.0233986
0.0539967
0.047542
0.0401124
0.0431234
0.0436896
0.0254383
0.0415508
0.0236136
0.0373143
0.0341424
0.0160633
0.0172157
0.0171024
0.0154923
0.0181953
0.0275741
0.0195042
0.0332624
0.0273477
0.0194628
0.0154914
0.017417
0.0158795
0.0347674
0.0210758
0.0295663
0.0195031
0.0226262
0.020999
0.0198376
0.0178891
0.0178751
0.0171821
0.0185625
0.0175936
0.0212821
0.0207724
0.0210929
0.0193594
0.0256861
0.0184947
0.0224907
0.0221443
0.0227932
0.0207881
0.0221503
0.0202345
0.025365
0.0241124
0.0268449
0.0250169
0.0264799
0.0242087
0.021799
0.0261202
0.0219543
0.021635
0.0218836
0.0220779
0.0223404
0.0245841
0.0246677
0.0248404
0.0257297
0.0261566
0.0269079
0.0252236
0.0248027
0.0236536
0.0224049
0.0251231
0.0214124
0.0310091
0.035713
0.0383517
0.065382
0.0446247
0.0349775
0.0503931
0.0337247
0.0393504
0.041172
0.0339315
0.0524742
0.0360363
0.0358179
0.0463297
0.0248365
0.0243054
0.0249472
0.0308092
0.034508
0.0399328
0.029949
0.0331961
0.0402714
0.0335534
0.0374117
0.0598371
0.019836
0.0261915
0.0168836
0.0254663
0.0171435
0.0397264
0.0297912
0.0459241
0.0246545
0.0247727
0.0229755
0.0187752
0.029461
0.0241085
0.0257568
0.0184388
0.0164719
0.0172833
0.0161925
0.0175921
0.0232331
0.020173
0.0187156
0.0166022
0.0213394
0.0206955
0.018265
0.023783
0.0234585
0.0248701
0.0232892
0.0207583
0.0175365
0.018373
0.0200055
0.0165188
0.0163363
0.0220918
0.0236619
0.0239643
0.02452
0.0227787
0.037601
0.0274959
0.044568
0.0218516
0.0257101
0.0215834
0.021975
0.0266788
0.0212517
0.0232731
0.021305
0.0232227
0.0234701
0.0265413
0.0282181
0.0214145
0.0241138
0.0201971
0.0216136
0.022383
0.0237503
0.0223881
0.0221297
0.0223243
0.0476653
0.0660118
0.0411812
0.032195
0.0259372
0.0265463
0.0235858
0.028318
0.0258324
0.0237349
0.0299824
0.0301609
0.0452851
0.0379442
0.0277102
0.0307374
0.0255733
0.0143114
0.0183636
0.0148307
0.0161632
0.0174799
0.0143282
0.015409
0.0172433
0.0133297
0.0180249
0.0158742
0.0162221
0.0138659
0.0164687
0.012358
0.0155461
0.0120691
0.0121309
0.0145906
0.0126661
0.0155273
0.019188
0.0135732
0.030508
0.0147389
0.0178489
0.016461
0.0166011
0.0151545
0.0137657
0.0153856
0.0160679
0.0214317
0.0201845
0.0152373
0.0177445
0.0167937
0.0156607
0.0125295
0.01371
0.022702
0.0564283
0.025418
0.0241703
0.0274834
0.0229678
0.0245833
0.0341249
0.0231978
0.0241858
0.0280638
0.0341789
0.0262411
0.0300098
0.0456267
0.0246922
0.0277742
0.0263341
0.0345011
0.0307943
0.0297099
0.0405831
0.0267789
0.0550014
0.025345
0.0239402
0.026433
0.0259493
0.0259058
0.0280429
0.0303572
0.0248319
0.0301023
0.0343537
0.0409637
0.0562316
0.0308248
0.0357436
0.0345522
0.0258872
0.0243918
0.0327086
0.0231031
0.0286321
0.0203679
0.0278644
0.0245974
0.0449615
0.0284533
0.0266084
0.0205409
0.0200731
0.0185436
0.0206783
0.0194976
0.0240321
0.0264917
0.0244536
0.023718
0.0229497
0.0216182
0.0224016
0.0290586
0.0233885
0.0249577
0.0225009
0.0230602
0.0228404
0.0228063
0.0252369
0.0264383
0.0269945
0.0215774
0.0227894
0.02173
0.026099
0.0226082
0.0270981
0.0280513
0.027137
0.0244174
0.0265421
0.0184891
0.0254611
0.019257
0.0192271
0.0260593
0.0235871
0.0251615
0.023641
0.0318508
0.0508245
0.0587741
0.0230745
0.0241593
0.0276496
0.0584738
0.0232669
0.0282367
0.0259025
0.0257114
0.0277665
0.0247623
0.0277511
0.0275236
0.0256994
0.0254648
0.0261706
0.0228427
0.026087
0.0204051
0.023095
0.0199033
0.0234305
0.0271222
0.0288458
0.0185272
0.019228
0.0308708
0.0218896
0.0282614
0.0214163
0.0214172
0.0224593
0.030022
0.0270241
0.0306621
0.0322166
0.0552441
0.0261792
0.0546423
0.0583523
0.0294785
0.0233024
0.0229306
0.0282601
0.0401623
0.0434516
0.0273567
0.0361405
0.0361888
0.0297949
0.0369759
0.0387561
0.0321863
0.0274217
0.0285305
0.0317371
0.0334809
0.0227107
0.0225564
0.023811
0.0238144
0.0243921
0.036833
0.0426504
0.0407804
0.0376737
0.0417404
0.0373398
0.0353615
0.0357299
0.0527939
0.0419525
0.0474563
0.0383481
0.0367868
0.0649856
0.0482979
0.0428252
0.0310388
0.0276999
0.0301753
0.0284397
0.0266244
0.022051
0.0472886
0.0297486
0.0468857
0.0198885
0.0210131
0.0188448
0.04011
0.0382658
0.0480809
0.0304506
0.0272564
0.0264331
0.0368966
0.0253081
0.0161867
0.0190658
0.0148881
0.0139169
0.0177907
0.0189347
0.0188424
0.0143246
0.0258253
0.0178147
0.0318167
0.0198423
0.0205599
0.0207669
0.0198659
0.0288142
0.0218402
0.0218861
0.0296049
0.0224139
0.0294841
0.0351509
0.0407836
0.0291471
0.0509264
0.0341454
0.0281877
0.0256529
0.0267114
0.0264192
0.0174091
0.0278907
0.0164305
0.0160409
0.0164306
0.0195679
0.0209142
0.0173001
0.0179343
0.016778
0.0264666
0.0279363
0.0266491
0.0219492
0.0282756
0.0288291
0.0189863
0.0220034
0.0294626
0.0233748
0.0295794
0.0230369
0.0237849
0.0260822
0.0431315
0.0465174
0.0379114
0.040879
0.0508415
0.0514572
0.0472659
0.0502458
0.0490641
0.0549112
0.0772558
0.057405
0.0794838
0.031731
0.0267858
0.0279278
0.0311181
0.0193526
0.0242287
0.0385476
0.0175096
0.0222092
0.0208033
0.0203459
0.0197927
0.0211154
0.0291439
0.0232808
0.0233055
0.0302372
0.0249031
0.0292585
0.0235042
0.0220105
0.0203199
0.0198509
0.019405
0.0203432
0.0205913
0.0294306
0.0209112
0.0220496
0.0189712
0.0195188
0.0223565
0.0240419
0.0159171
0.0179443
0.0472185
0.0674706
0.0272651
0.0311663
0.0517538
0.0289181
0.0323176
0.0283649
0.048783
0.046943
0.0318546
0.0283859
0.0303664
0.0217448
0.0209115
0.0204354
0.0212657
0.0226167
0.0255349
0.0219095
0.0242284
0.0198416
0.0225688
0.0326884
0.0225408
0.0314729
0.0334437
0.0225275
0.023607
0.0203102
0.0223615
0.0309079
0.0278393
0.0205147
0.0233471
0.0193586
0.015516
0.0172856
0.0172108
0.0201792
0.0215781
0.0214468
0.0260247
0.0242713
0.0224694
0.0208822
0.0235594
0.0278967
0.0254695
0.0271539
0.0359047
0.0210758
0.0192059
0.0215141
0.027794
0.031343
0.0191579
0.0261072
0.027417
0.0277783
0.0251372
0.0291156
0.0227903
0.0239962
0.0251456
0.0245744
0.0264224
0.0241828
0.0260526
0.0243249
0.0242027
0.0255475
0.0288608
0.0278653
0.018693
0.0250165
0.0384504
0.0345301
0.0291669
0.0302987
0.0244316
0.0224914
0.0188408
0.0209492
0.0237849
0.0192574
0.0194936
0.0194364
0.018847
0.0183722
0.0201767
0.0181562
0.0214984
0.0200051
0.0198668
0.0200528
0.0247226
0.0198187
0.0261126
0.0176853
0.0194389
0.0178476
0.0207558
0.0246205
0.0198267
0.0177242
0.0192908
0.0209022
0.0230171
0.0271705
0.0182653
0.0181632
0.0251637
0.0204039
0.0197083
0.0222918
0.0310509
0.0306898
0.0304733
0.0289544
0.027626
0.026813
0.0240541
0.0236316
0.024488
0.0228404
0.0328272
0.0311547
0.0285706
0.0285394
0.0370129
0.0286245
0.026041
0.024236
0.0261776
0.0254114
0.0414305
0.0211147
0.0220616
0.02187
0.0373166
0.0307807
0.0245278
0.026539
0.0292096
0.0270469
0.0292193
0.0257502
0.0267778
0.0239276
0.0235336
0.0211202
0.0196813
0.018054
0.0168697
0.0194959
0.0190393
0.0211656
0.0229215
0.0192017
0.015246
0.0172641
0.0175924
0.0205447
0.0287113
0.0397685
0.0269323
0.0275121
0.0251137
0.0216612
0.0217158
0.0278255
0.0212121
0.0424318
0.0282423
0.0241164
0.0249056
0.025968
0.0241657
0.0395067
0.0402751
0.0331974
0.0234955
0.0376868
0.0249358
0.0231163
0.0232429
0.0227701
0.0235222
0.046248
0.025493
0.0213329
0.0227066
0.0223629
0.0169681
0.0175754
0.0181878
0.0156456
0.0146823
0.01434
0.0154532
0.0151891
0.0159085
0.0147384
0.0323606
0.0314245
0.0403189
0.0251871
0.0248917
0.0212399
0.0215117
0.0199293
0.0192891
0.0200049
0.0300836
0.0515488
0.0385103
0.0457544
0.0432923
0.0722267
0.0397408
0.0699013
0.0467798
0.0296498
0.0251845
0.0292653
0.02534
0.0491281
0.0318253
0.0689823
0.0250723
0.0295685
0.0308154
0.044833
0.0441647
0.0348363
0.0545345
0.0680746
0.0784897
0.0705266
0.0337031
0.0334705
0.0323693
0.0252558
0.0289726
0.0230648
0.0293147
0.0216808
0.0235726
0.0248452
0.0243775
0.0230483
0.0472262
0.026012
0.0284087
0.024028
0.0237887
0.0220816
0.0229971
0.0489746
0.0281298
0.0218553
0.0212201
0.0259918
0.0229842
0.0250414
0.0345125
0.0355043
0.0335834
0.0308874
0.0266795
0.0251699
0.0335524
0.0235065
0.0240169
0.0310105
0.0258304
0.0292257
0.0274469
0.032223
0.0257288
0.0391074
0.0284543
0.0244658
0.0229641
0.0237526
0.0224141
0.0279329
0.0346291
0.0257671
0.0323443
0.0251311
0.0250157
0.0253245
0.0236315
0.0809821
0.0327224
0.029508
0.030367
0.0288762
0.0333493
0.0336112
0.0314766
0.0226899
0.0324748
0.0454705
0.0429712
0.0579238
0.0561232
0.0443141
0.0229097
0.0210617
0.0238651
0.0174006
0.021938
0.023314
0.0198852
0.0207027
0.0195911
0.0176373
0.0200089
0.025433
0.0223113
0.0238614
0.0240171
0.0221032
0.0206954
0.02139
0.0343805
0.018282
0.0226962
0.0233761
0.0206396
0.0374733
0.0214327
0.032707
0.0514995
0.0325599
0.0522595
0.0846069
0.0795755
0.0264614
0.033368
0.0277788
0.0255055
0.0282511
0.0271272
0.0446362
0.023664
0.0228568
0.0224717
0.0241843
0.0254974
0.0459935
0.0258124
0.0258302
0.0235405
0.0288125
0.0212692
0.0523632
0.0329878
0.0300174
0.0301241
0.0307057
0.0274567
0.0262391
0.0230895
0.021884
0.0219489
0.0246037
0.0248626
0.0237979
0.0268615
0.0257329
0.0162544
0.0155757
0.0158803
0.0161109
0.0495064
0.0232852
0.0281417
0.0244411
0.0257805
0.0281642
0.0305705
0.0249426
0.0264273
0.0674589
0.0253681
0.0272958
0.0230784
0.0250298
0.024313
0.0231967
0.0231351
0.0381468
0.0442442
0.0250684
0.0530035
0.0508514
0.047782
0.029941
0.0272316
0.0261651
0.0248879
0.0277812
0.0808895
0.0816262
0.0558552
0.0246593
0.0344464
0.0296242
0.0296044
0.0303595
0.0301502
0.0526527
0.0309807
0.0340614
0.0317434
0.0533698
0.0326151
0.0823609
0.0322922
0.0279949
0.0253907
0.0783477
0.0527179
0.0523334
0.0308635
0.0289411
0.0323183
0.0302718
0.0245224
0.0307411
0.0522205
0.0287899
0.0251105
0.0256568
0.0269941
0.0307432
0.0292303
0.0287967
0.0269105
0.0263106
0.0497049
0.0475153
0.0263002
0.0245589
0.0239485
0.0246531
0.0239078
0.0253616
0.0241266
0.0230268
0.0212078
0.0232039
0.0339511
0.0251636
0.0294327
0.023809
0.0266159
0.0260816
0.0390917
0.024968
0.0266707
0.0249091
0.0274269
0.0242072
0.0369458
0.0272542
0.0197764
0.0195042
0.0204839
0.0293633
0.0418244
0.0339482
0.0253218
0.0214761
0.0230705
0.0231637
0.0213117
0.0239188
0.0344432
0.0334479
0.0201436
0.0329583
0.0225545
0.0219544
0.0204229
0.0375087
0.0250329
0.0244749
0.0276011
0.0259927
0.0276339
0.023202
0.0424519
0.026381
0.0248773
0.0280488
0.0268136
0.0254956
0.0432487
0.0341633
0.0308718
0.0319501
0.0273694
0.0272613
0.0308199
0.0285569
0.0248381
0.0251154
0.0258014
0.0243877
0.0249789
0.0244432
0.031509
0.0269452
0.0259872
0.0263001
0.0375014
0.0285283
0.0271433
0.0244383
0.0252064
0.0269354
0.0302189
0.030475
0.0303607
0.0260509
0.0276745
0.0262178
0.0263839
0.025792
0.0281456
0.0248765
0.0251611
0.0261784
0.02745
0.0500154
0.0261212
0.043281
0.0310141
0.0288885
0.0251899
0.0882987
0.0264614
0.0848065
0.0862659
0.0301052
0.0522843
0.0281237
0.0275788
0.0270832
0.0281623
0.0510063
0.0608299
0.0637133
0.0529146
0.0539013
0.0574488
0.0547604
0.0547421
0.058444
0.0600103
0.0527745
0.0672621
0.0322418
0.0299747
0.0294996
0.0499857
0.0557509
0.0324374
0.0363038
0.0294408
0.0388297
0.0346394
0.0267051
0.0298573
0.0337856
0.0286708
0.0539424
0.0326515
0.0291015
0.0284096
0.0504861
0.0291452
0.0551197
0.0254959
0.026177
0.0491319
0.0277618
0.0562026
0.0560874
0.0547403
0.0254307
0.0269943
0.0326406
0.0362974
0.0528338
0.0537434
0.0319439
0.0276664
0.0245784
0.0244445
0.0266841
0.0456194
0.027514
0.0456598
0.0500076
0.0325339
0.0290467
0.0311985
0.0276774
0.0299105
0.0264104
0.0281352
0.0486439
0.026105
0.025601
0.0356971
0.026717
0.0377077
0.0343983
0.0539345
0.0356716
0.0356161
0.0513031
0.032295
0.0298539
0.055773
0.0321031
0.0560332
0.0539032
0.0338797
0.0313735
0.0318595
0.0319294
0.0278529
0.0508069
0.0308761
0.0317314
0.0270581
0.0305299
0.059306
0.0309679
0.0568527
0.0591057
0.0290052
0.0262274
0.033063
0.0310177
0.0392532
0.0251439
0.0292019
0.0281039
0.027892
0.0373431
0.0304471
0.0600566
0.0410618
0.0358174
0.0342687
0.031903
0.0280128
0.0295009
0.0375012
0.0301468
0.0316502
0.0270543
0.0280569
0.0270268
0.0332776
0.0335593
0.0341963
0.0360396
0.0277409
0.027249
0.0381887
0.0277746
0.0284986
0.0266792
0.0389759
0.0262088
0.0291484
0.0282855
0.0280089
0.0274443
0.0286117
0.0287145
0.0297694
0.0278769
0.0276155
0.0288481
0.0269331
0.0276817
0.0276599
0.0275325
0.0400671
0.0247162
0.0254717
0.0263172
0.0283814
0.0239789
0.0241765
0.027474
0.0269303
0.0269339
0.0274644
0.0271193
0.0269333
0.0246122
0.0269325
0.0276849
0.0285458
0.0254903
0.0269334
0.0251945
0.0265806
0.0276113
0.0271874
0.0261105
0.0269637
0.0263228
0.0257271
0.0251524
0.0261822
0.025156
0.0270509
0.0269459
0.0278603
0.0269358
0.0269413
0.0269365
0.0267572
0.0284203
0.0270595
0.0270982
0.0269486
0.0267643
0.026244
0.0264134
0.0267318
0.0264136
0.0270553
0.0269134
0.02707
0.0268967
0.026877
0.0298467
0.0265148
0.0270345
0.0269824
0.0270377
0.0284561
0.0263798
0.0264256
0.0249132
0.0254898
0.0261163
0.023687
0.0249101
0.0273825
0.0410589
0.024327
0.0247329
0.0248045
0.0272216
0.0267651
0.0256569
0.0280076
0.0252849
0.0251065
0.0246737
0.0270257
0.0249945
0.0262862
0.0252461
0.0259193
0.0253235
0.0251742
0.0269605
0.0269587
0.0269256
0.0271227
0.0265449
0.0250385
0.0279143
0.0256032
0.0251496
0.027558
0.0270889
0.0270717
0.0268975
0.0264203
0.0250278
0.0266489
0.025607
0.0266363
0.0254498
0.0250456
0.0257113
0.024705
0.0259297
0.0262221
0.025181
0.0250928
0.0245238
0.0268133
0.0254691
0.0261486
0.0252829
0.0251728
0.0251913
0.0246784
0.02503
0.025981
0.0249217
0.0262007
0.0254144
0.0272924
0.0259742
0.0253064
0.0246936
0.0254578
0.0263736
0.0268994
0.0250037
0.0250643
0.0254582
0.0258044
0.0278536
0.026792
0.0258987
0.0248893
0.0271114
0.026934
0.024806
0.029313
0.0263386
0.026339
0.0271669
0.0266928
0.0261505
0.0269463
0.0267128
0.0268935
0.0270992
0.0254921
0.0269837
0.0258667
0.0251505
0.0249178
0.0256267
0.0253117
0.0251112
0.023928
0.0246678
0.0253947
0.0245927
0.0253785
0.0256656
0.0258469
0.0255034
0.0264409
0.0252059
0.0250164
0.0251507
0.0263461
0.026527
0.0268229
0.0271086
0.0261262
0.0266981
0.0259667
0.0263709
0.026493
0.0264892
0.0269309
0.0271042
0.026521
0.026744
0.0267729
0.027109
0.0267278
0.0269685
0.027193
0.0259931
0.0248087
0.0241257
0.0259133
0.0251264
0.0251916
0.0291873
0.0251433
0.0245472
0.0252038
0.0250487
0.0278114
0.0261504
0.0260198
0.0259897
0.0260329
0.0265779
0.0266593
0.0261132
0.0257833
0.0255057
0.0257974
0.025892
0.02651
0.0257575
0.0251847
0.0276381
0.0274077
0.0262134
0.0262049
0.025786
0.0258834
0.0263787
0.0264527
0.0260576
0.0262823
0.0260928
0.0266289
0.0264245
0.025725
0.0283463
0.0255432
0.0263242
0.0253669
0.0255344
0.0244527
0.025323
0.0254211
0.0257838
0.0266728
0.0252596
0.0251626
0.0250663
0.0245876
0.0245706
0.0282588
0.0269934
0.0272664
0.026043
0.0262365
0.0262224
0.0267987
0.0246031
0.0258825
0.0265793
0.0257331
0.0262758
0.027044
0.0254588
0.024915
0.0248053
0.0267209
0.0258668
0.0258556
0.0253592
0.0263776
0.0256419
0.0268731
0.024939
0.0262674
0.0255751
0.0255653
0.0253717
0.0263397
0.0249437
0.025667
0.0275172
0.0254794
0.0270412
0.026585
0.0261405
0.0259781
0.0268488
0.0271202
0.0274175
0.0267138
0.0260456
0.0266239
0.0268873
0.0267465
0.0269239
0.0267843
0.0266614
0.0265363
0.0266283
0.0260401
0.0268868
0.0270884
0.0269767
0.0257765
0.0268156
0.0254839
0.0264393
0.0287833
0.0251719
0.0253847
0.025321
0.0260735
0.0259834
0.025646
0.0252986
0.0249189
0.0252611
0.0253369
0.0266818
0.026261
0.026664
0.0256125
0.0261337
0.0280815
0.0255786
0.025267
0.0269498
0.0271655
0.0255507
0.025626
0.0281092
0.025698
0.025828
0.0265932
0.0265291
0.0254084
0.0256907
0.0255531
0.0259607
0.0266424
0.0253535
0.0264996
0.0259675
0.0262493
0.0252047
0.0256078
0.0252693
0.0252227
0.0254526
0.0258474
0.0264936
0.0261595
0.0271741
0.0260229
0.0269468
0.025877
0.0258339
0.0270029
0.0264136
0.0269986
0.0262347
0.0256506
0.0267985
0.0254053
0.025225
0.0258712
0.027059
0.025941
0.0255334
0.0251423
0.0261081
0.0253394
0.0248724
0.0248753
0.0271671
0.0254446
0.0258049
0.0260496
0.0272795
0.028177
0.0258912
0.0253143
0.0262821
0.0265512
0.0279933
0.0267752
0.0269807
0.0267704
0.026891
0.0269669
0.0262344
0.0262982
0.0275781
0.0284282
0.026114
0.0263857
0.0266217
0.0263449
0.0251609
0.0261097
0.0266554
0.0264371
0.0261155
0.0269792
0.0264254
0.0269488
0.0270683
0.0269375
0.0263047
0.0270046
0.026858
0.0266214
0.0261987
0.0260637
0.0261645
0.0265184
0.0259129
0.0263744
0.0260123
0.0268332
0.0264573
0.0256213
0.0255962
0.0269323
0.0270746
0.0269184
0.0269517
0.0268905
0.0270716
0.0267877
0.0270645
0.0266632
0.0270783
0.0274609
0.0288057
0.0270217
0.0271703
0.0270504
0.0270749
0.0269543
0.026799
0.0260891
0.0271173
0.025997
0.0268304
0.0270157
0.02548
0.0253997
0.0265406
0.0260491
0.0269581
0.0274845
0.0254943
0.0271117
0.0268805
0.0269029
0.0272495
0.0260062
0.0258161
0.0261909
0.026914
0.0267558
0.0263668
0.0270807
0.0262682
0.0280509
0.0277905
0.0264001
0.0261044
0.0248526
0.0249951
0.0255969
0.0253633
0.0270166
0.0255382
0.025902
0.0255419
0.0263118
0.0263392
0.0274301
0.0259012
0.0254547
0.027335
0.0250688
0.0254834
0.0254036
0.0247933
0.0259564
0.0260241
0.0268832
0.0268821
0.0267339
0.0266487
0.0267844
0.0270226
0.0259952
0.0265141
0.026821
0.0264962
0.0267879
0.0268323
0.0268882
0.0268448
0.0263693
0.0268794
0.0268699
0.0262798
0.0259299
0.0267137
0.0265395
0.0259946
0.0267383
0.0268747
0.0259258
0.0262085
0.0258402
0.0263129
0.0268536
0.0267699
0.0268239
0.0268752
0.0266294
0.0268128
0.0261549
0.0267601
0.0266901
0.0268445
0.0268198
0.026876
0.0268123
0.0268745
0.0262467
0.0268064
0.0268947
0.026396
0.0269329
0.0262828
0.0263471
0.0266819
0.0266484
0.0266141
0.0265994
0.0268584
0.0268571
0.0268681
0.0267815
0.0267661
0.0268279
0.026891
0.0261876
0.02718
0.026154
0.0267384
0.0258242
0.0262013
0.0268335
0.0268935
0.026886
0.0259404
0.026827
0.0267324
0.0268663
0.0268992
0.0268376
0.0269155
0.0265264
0.0268189
0.0267417
0.0268893
0.0268287
0.0268977
0.0267985
0.026878
0.0266308
0.0263698
0.0268718
0.0268907
0.0268872
0.0268362
0.0266073
0.0268303
0.0265121
0.0267516
0.0268285
0.026878
0.026867
0.0268181
0.0267459
0.0267263
0.0265259
0.0268057
0.0268755
0.0268094
0.0268632
0.026821
0.0268702
0.0267499
0.0267976
0.0267612
0.0268333
0.0266873
0.0268817
0.0268131
0.0268726
0.0267562
0.0268256
0.0267408
0.0268794
0.026868
0.0268032
0.0268231
0.0267413
0.0268739
0.0268103
0.026796
0.0268643
0.026869
0.0267344
0.0268102
0.130398
0.100342
0.166346
0.122912
0.108327
0.113419
0.107244
0.130227
0.172208
0.128129
0.122009
0.205831
0.163785
0.132554
0.149009
0.0127207
0.0180778
0.0134839
0.0189281
0.0166206
0.0164969
0.0197564
0.0151291
0.0190784
0.0160361
0.0187181
0.0228679
0.0258804
0.0153216
0.0199976
0.0165707
0.0231993
0.0192168
0.025178
0.0263438
0.0192782
0.0189778
0.0196173
0.0226563
0.0247792
0.0204509
0.0248603
0.0253267
0.0262273
0.0248256
0.0249661
0.0254533
0.0253397
0.0262496
0.0265808
0.0267414
0.0266982
0.0266601
0.0267289
0.0267262
0.022407
0.0318826
0.0283868
0.0219876
0.021319
0.0438431
0.110403
0.0977628
0.145322
0.115
0.264446
0.236336
0.251011
0.120179
0.234882
0.142817
0.16925
0.183318
0.0966919
0.112638
0.0815195
0.141602
0.176803
0.134055
0.574837
0.181511
0.354204
0.139501
0.0921626
0.0872303
0.100102
0.0716515
0.0753581
0.137903
0.134197
0.233399
0.0927424
0.0645965
0.112475
0.102922
0.189476
0.0915714
0.0837556
0.240238
0.127938
0.205774
0.0934433
0.0775784
0.0806295
0.0732358
0.210363
0.138351
0.215916
0.176918
0.105333
0.148982
0.141212
0.0712407
0.0854965
0.0844307
0.0658223
0.105019
0.0975755
0.106214
0.0759372
0.0793661
0.0924507
0.112047
0.0491388
0.0434272
0.0439222
0.0520684
0.0544009
0.0367979
0.0385213
0.0398259
0.0528712
0.0440762
0.0702646
0.122182
0.0451982
0.0266336
0.0267519
0.0325518
0.0396154
0.0274351
0.0278438
0.0242629
0.044846
0.0256957
0.0260676
0.0266055
0.026747
0.026623
0.0267344
0.0265878
0.0261948
0.0264902
0.0257594
0.0257198
0.0265276
0.0266791
0.0266617
0.026684
0.0267105
0.0263125
0.0264198
0.0265038
0.026603
0.0256799
0.026402
0.0258323
0.0262694
0.0263423
0.0253794
0.0255022
0.025521
0.0267146
0.0264219
0.0256015
0.0252323
0.0252388
0.0243688
0.0251759
0.0260739
0.0262893
0.0250992
0.025912
0.0242338
0.0252729
0.0252351
0.0259322
0.026315
0.0254951
0.02609
0.0252958
0.0260583
0.0267358
0.026733
0.0266839
0.0259645
0.0260899
0.0266369
0.0264155
0.0266209
0.0262057
0.0251916
0.0254301
0.0255539
0.0252374
0.0256119
0.0258688
0.0244122
0.0251592
0.0242052
0.0241267
0.0281401
0.0251402
0.0253939
0.171057
0.0263633
0.0434978
0.0236892
0.0890321
0.025466
0.025672
0.0258892
0.0254678
0.0254468
0.0255613
0.0254234
0.0254108
0.0259225
0.0258414
0.0264024
0.0263234
0.0257257
0.0262574
0.0258799
0.0259381
0.0257537
0.0255141
0.0257097
0.0259816
0.0256488
0.0255995
0.0254596
0.0258095
0.0259466
0.0253141
0.0251086
0.039441
0.0448386
0.0515764
0.0479988
0.062353
0.0477868
0.0534678
0.0541409
0.0293808
0.0277984
0.0329256
0.0326223
0.0288084
0.0292776
0.041466
0.022616
0.0267883
0.0249683
0.0294074
0.0303737
0.0226606
0.0222154
0.022244
0.0222904
0.0456095
0.0392873
0.0709762
0.0259407
0.0237223
0.0758918
0.0696756
0.0350044
0.0298383
0.0315573
0.0331593
0.0414803
0.0300975
0.028715
0.0258375
0.040077
0.0384526
0.0433921
0.0225034
0.0353977
0.0449531
0.0387469
0.0355597
0.0440512
0.039071
0.0332319
0.0452958
0.0411881
0.0365763
0.0420254
0.0415246
0.0295426
0.0431704
0.0420987
0.042175
0.0278833
0.0403537
0.0309995
0.0287474
0.026701
0.0345112
0.0348016
0.0325841
0.0344061
0.0284016
0.0284806
0.0306905
0.0278668
0.0280942
0.0319418
0.031726
0.0358773
0.0266498
0.0283472
0.0305371
0.0297117
0.0306695
0.218519
0.105846
0.0805443
0.0574682
0.0974404
0.0678613
0.0911463
0.0952626
0.09268
0.104437
0.100025
0.0923323
0.0730275
0.0825107
0.237396
0.0794595
0.11412
0.329057
0.204546
0.220959
0.0876025
0.0834604
0.0490645
0.0494793
0.0498257
0.0731205
0.101635
0.133874
0.103037
0.0819397
0.194215
0.140065
0.20704
0.206189
0.213211
0.211594
0.161404
0.177686
0.157754
0.204801
0.173233
0.13043
0.133914
0.185986
0.129604
0.13924
0.177092
0.129416
0.136693
0.0876689
0.0905562
0.099931
0.0559859
0.0950061
0.026304
0.0284421
0.217858
0.209628
0.20646
0.187749
0.15927
0.263643
0.182873
0.154174
0.358228
0.263002
0.20683
0.0461013
0.077153
0.0220187
0.0504165
0.113177
0.184318
0.0234797
0.164257
0.150281
0.209884
0.0970951
0.215084
0.253772
0.0520939
0.248752
0.0698853
0.0704773
0.100114
0.0784306
0.104123
0.104031
0.0769996
0.0624486
0.0774218
0.107128
0.0889356
0.0210247
0.0162999
0.0916525
0.104349
0.0897387
0.142314
0.139892
0.159459
0.169073
0.130141
0.120909
0.0831105
0.095854
0.129757
0.239015
0.0948446
0.0786864
0.0326498
0.0916105
0.0424334
0.0477777
0.0276589
0.0275456
0.0257352
0.0315287
0.0332509
0.0352041
0.0728367
0.0941854
0.0817983
0.232559
0.0933838
0.0970122
0.0506766
0.0539359
0.058776
0.0589716
0.0589066
0.0616838
0.0195101
0.0184748
0.0347082
0.0197385
0.0142119
0.0217472
0.0419808
0.0854366
0.0808389
0.108307
0.0993369
0.0638039
0.0805817
0.070773
0.0818703
0.0964859
0.102144
0.0824959
0.0785095
0.0205821
0.0183954
0.021972
0.0255744
0.0611439
0.0716941
0.0821516
0.0425993
0.0407523
0.0521806
0.0739816
0.121722
0.0852436
0.0985111
0.0909761
0.096366
0.248456
0.151885
0.0776917
0.0216276
0.0699778
0.0985796
0.102952
0.0781344
0.0828096
0.101748
0.251309
0.0715761
0.0452103
0.108163
0.0916161
0.0824445
0.226173
0.108487
0.0975103
0.118542
0.223889
0.1073
0.0581972
0.0811658
0.0593521
0.113372
0.0614343
0.144453
0.168677
0.158028
0.204685
0.214367
0.0364115
0.02676
0.0332717
0.02599
0.0306809
0.0304255
0.025626
0.0296503
0.0495526
0.0396941
0.0381968
0.0460494
0.0437669
0.0544691
0.0443686
0.0433655
0.271088
0.0832621
0.125331
0.0937545
0.0332687
0.0272538
0.0244198
0.0204299
0.0201938
0.019652
0.0330618
0.034984
0.036631
0.0263555
0.0314482
0.0392681
0.0286732
0.0387647
0.0387991
0.0449522
0.0868995
0.0780212
0.0843073
0.0359516
0.106056
0.141655
0.0958615
0.0649147
0.0520113
0.0235703
0.0291797
0.0256243
0.0267029
0.0253269
0.0231975
0.0223116
0.0261082
0.0284638
0.038545
0.0429995
0.036114
0.0351757
0.0246549
0.0223059
0.027147
0.0273725
0.0227108
0.0231563
0.037351
0.0434954
0.0410742
0.156498
0.051476
0.0231766
0.024895
0.0231876
0.024282
0.024072
0.0267378
0.0704853
0.471032
0.312999
0.231656
0.265341
0.226433
0.252696
0.2522
0.235445
0.249012
0.197258
0.152851
0.170694
0.320695
0.26611
0.156159
0.207904
0.300821
0.286318
0.241697
0.267787
0.0840297
0.334557
0.298875
0.249136
0.126683
0.117919
0.179906
0.175076
0.129255
0.202886
0.148407
0.192607
0.217876
0.103788
0.104958
0.0977104
0.0953432
0.238185
0.109537
0.131988
0.176205
0.130092
0.151062
0.1789
0.165619
0.143247
0.134363
0.136043
0.173646
0.15315
0.180492
0.253836
0.252482
0.196724
0.182068
0.244347
0.133633
0.227295
0.349069
0.376948
0.147511
0.255485
0.465611
0.287873
0.258866
0.345541
0.250097
0.299473
0.249389
0.232816
0.204529
0.239934
0.138871
0.21001
0.203481
0.164081
0.140963
0.186142
0.153598
0.188349
0.206353
0.149827
0.169446
0.159787
0.170416
0.209776
0.206906
0.18484
0.135272
0.188015
0.0920019
0.12353
0.171466
0.199236
0.202306
0.161535
0.228292
0.148682
0.0829413
0.0757073
0.0806071
0.0921252
0.0732398
0.0684619
0.0684055
0.0674764
0.0901016
0.063681
0.0623019
0.0775962
0.0840246
0.0758669
0.0873255
0.0877098
0.104796
0.0831799
0.0742003
0.0858309
0.0951668
0.0979863
0.108225
0.0969031
0.093305
0.116477
0.151839
0.150734
0.155351
0.0912047
0.0519594
0.0599162
0.304463
0.286645
0.0962757
0.0362909
0.0394406
0.0444813
0.112415
0.0956178
0.0982834
0.0944561
0.0994172
0.110514
0.272366
0.284985
0.291005
0.112092
0.111781
0.440592
0.269558
0.210451
0.20863
0.136324
0.145584
0.141646
0.169643
0.202792
0.118444
0.113323
0.192712
0.132487
0.111449
0.109936
0.127988
0.0946684
0.0841129
0.0979717
0.100919
0.113419
0.0885889
0.108561
0.0993689
0.103006
0.163859
0.142045
0.131788
0.104215
0.104952
0.0963887
0.153681
0.120428
0.109417
0.169954
0.0943052
0.0933839
0.110855
0.133992
0.099031
0.0952673
0.0955028
0.0887865
0.0990829
0.10642
0.112239
0.156061
0.139574
0.120125
0.133694
0.142456
0.178337
0.220979
0.221256
0.0992849
0.0879683
0.102594
0.0942047
0.17631
0.111809
0.136134
0.114458
0.137372
0.116309
0.110752
0.143727
0.118114
0.135125
0.144342
0.118102
0.123809
0.118406
0.122625
0.141206
0.126376
0.155123
0.0966434
0.0880704
0.0830846
0.227734
0.210758
0.123171
0.224964
0.107399
0.148052
0.141952
0.0914748
0.144111
0.123135
0.111165
0.107088
0.0887415
0.0704126
0.070632
0.0452935
0.185195
0.201459
0.207278
0.188355
0.0799225
0.106012
0.0910951
0.087028
0.122811
0.153946
0.104225
0.148722
0.151046
0.131586
0.155616
0.184974
0.166804
0.186072
0.159863
0.189121
0.145556
0.272436
0.285189
0.204083
0.164496
0.116278
0.116774
0.110094
0.110226
0.124951
0.260187
0.255707
0.23694
0.21912
0.26294
0.217761
0.170483
0.188815
0.251469
0.341574
0.405643
0.525449
0.297417
0.187544
0.156478
0.222809
0.220957
0.201563
0.191016
0.547935
0.16607
0.238412
0.140751
0.135881
0.122873
0.101457
0.0910182
0.0987598
0.11016
0.122625
0.204909
0.30735
0.316118
0.222835
0.154048
0.178155
0.235319
0.159956
0.213602
0.138495
0.200971
0.160932
0.142058
0.106149
0.103786
0.0983791
0.165669
0.118423
0.120234
0.160916
0.105901
0.096803
0.116633
0.111939
0.174592
0.226828
0.204213
0.164944
0.166582
0.18914
0.0958302
0.0769673
0.0706967
0.0536657
0.0675662
0.0733058
0.0965154
0.126825
0.115754
0.180778
0.149313
0.201671
0.172627
0.15182
0.0937589
0.119901
0.102594
0.107018
0.0627275
0.063985
0.124835
0.107484
0.0893863
0.178313
0.126801
0.103559
0.158839
0.106954
0.11936
0.0821784
0.0783794
0.167019
0.0746185
0.136204
0.139115
0.0972091
0.10343
0.128239
0.130144
0.119677
0.152437
0.172985
0.21722
0.22156
0.193887
0.201143
0.202802
0.230375
0.136659
0.178486
0.10601
0.101295
0.0896531
0.0898997
0.0623676
0.0627941
0.0781818
0.0698817
0.067068
0.0915644
0.0932715
0.0418113
0.0376813
0.0396294
0.133041
0.120157
0.137616
0.12219
0.0756895
0.116977
0.115422
0.0833788
0.0690553
0.0739244
0.0949827
0.114298
0.166649
0.11168
0.107583
0.129627
0.130806
0.113983
0.138486
0.136158
0.134659
0.173101
0.168615
0.0257016
0.0266324
0.026753
0.0262342
0.026749
0.0267627
0.0265962
0.0266717
0.0266674
0.0266737
0.0266706
0.026369
0.0266576
0.0266977
0.0265332
0.0263402
0.0261923
0.026739
0.0266787
0.0261864
0.0266558
0.0267049
0.0265847
0.0265987
0.0266665
0.0267322
0.0264955
0.0265132
0.0267503
0.026692
0.0266031
0.0266001
0.0266039
0.0261878
0.0267553
0.02668
0.026093
0.0265265
0.0264294
0.026675
0.0266035
0.0265512
0.0266814
0.0264744
0.0260618
0.0265953
0.0261681
0.0265222
0.026382
0.0261046
0.0254109
0.026377
0.025917
0.0263164
0.0260694
0.0264408
0.0265239
0.0260829
0.0262848
0.026301
0.0263135
0.0262072
0.0260024
0.0259915
0.0261276
0.0253044
0.0257812
0.0257191
0.0265037
0.0265795
0.026601
0.0262944
0.0263708
0.0265245
0.0264373
0.0266661
0.0266041
0.0258217
0.0256204
0.0260228
0.0254767
0.0256514
0.0264177
0.0264614
0.0264583
0.026514
0.0266188
0.02652
0.0266141
0.0266849
0.0258209
0.0261722
0.0260356
0.0258806
0.0263606
0.0260256
0.0263455
0.0264811
0.0264002
0.0264505
0.0253579
0.0260654
0.0255923
0.0255067
0.0263514
0.0260257
0.026041
0.0257476
0.0258351
0.0254595
0.0250452
0.0251
0.0254922
0.0257027
0.0255804
0.0257381
0.0260563
0.0263812
0.0262744
0.0262211
0.0262049
0.0263868
0.0255521
0.026609
0.0259451
0.0261591
0.026553
0.0260755
0.0259008
0.025918
0.0254661
0.0252861
0.0261594
0.0259471
0.0254475
0.0256789
0.0250642
0.0261404
0.025942
0.0253405
0.0254893
0.0254415
0.0255922
0.0254995
0.0257261
0.0253659
0.0251636
0.0252395
0.0257323
0.0253315
0.0255997
0.025998
0.0253346
0.0250369
0.0249797
0.0250549
0.0259829
0.0249595
0.0246012
0.0249389
0.0253197
0.0256557
0.0257019
0.0266982
0.026544
0.026414
0.026536
0.0266854
0.0266458
0.0263178
0.0264573
0.0265378
0.0261959
0.0263861
0.0255567
0.0255078
0.0258414
0.026204
0.0257208
0.026059
0.0262571
0.0259261
0.025547
0.0251394
0.0250026
0.0254742
0.0252596
0.0253848
0.0259789
0.0248248
0.0254663
0.0243954
0.0883837
0.0817924
0.0911321
0.064079
0.0471785
0.0516218
0.0556833
0.0507726
0.0498617
0.0566179
0.0496857
0.0233674
0.0416683
0.0461828
0.0524248
0.0494266
0.0251554
0.0503229
0.0443647
0.0540088
0.0483969
0.0256783
0.0232397
0.0640223
0.0662172
0.0224796
0.043108
0.0924649
0.0521579
0.0487881
0.0423841
0.0603179
0.022244
0.0452587
0.0621152
0.0599806
0.0460924
0.0507068
0.0489239
0.0397094
0.0527847
0.063489
0.0538653
0.0491799
0.0488254
0.0428542
0.0481764
0.065
0.0590086
0.0539339
0.0580572
0.0595259
0.0526835
0.0423605
0.0542122
0.0671037
0.0458524
0.0442798
0.0852141
0.0744475
0.0855574
0.0577619
0.0803295
0.0627183
0.0650127
0.0600751
0.0583973
0.0631304
0.0656056
0.0786641
0.0541529
0.0436717
0.072982
0.0819567
0.05929
0.0554245
0.061279
0.055656
0.056916
0.0623677
0.0196534
0.0364565
0.0542685
0.0359128
0.0526712
0.042115
0.0283871
0.0268589
0.0276606
0.0404662
0.0419418
0.0522695
0.0563455
0.044195
0.0558119
0.049046
0.0616039
0.0463219
0.0525972
0.053462
0.0696626
0.051155
0.0589768
0.0425759
0.0748057
0.091937
0.0863601
0.0565027
0.0560825
0.0495138
0.0419444
0.0609196
0.0476306
0.050129
0.049244
0.0363741
0.0584433
0.0604598
0.0586427
0.0598368
0.0535447
0.0446636
0.0623384
0.0721968
0.0604175
0.0569935
0.0626356
0.0577083
0.0638025
0.0698877
0.065847
0.061095
0.0546255
0.0397085
0.0341366
0.0655329
0.0651486
0.0660128
0.0599398
0.055732
0.0530151
0.0558498
0.0528375
0.0545759
0.0567738
0.0579592
0.0286281
0.0315588
0.0294401
0.058849
0.0542441
0.0225406
0.0364995
0.05678
0.0598196
0.0273601
0.0507483
0.0695131
0.0492021
0.0528163
0.059595
0.0762415
0.0710519
0.0655289
0.0573463
0.0713691
0.0562913
0.0529051
0.0361336
0.0377996
0.0354159
0.0646192
0.0328739
0.0277638
0.0293228
0.0335961
0.0698998
0.0535578
0.058904
0.0431887
0.0540478
0.0474204
0.0600008
0.0601851
0.0433361
0.0488477
0.0491307
0.0542702
0.068273
0.052122
0.0571716
0.0537131
0.0564339
0.055339
0.0236305
0.0185302
0.0228601
0.0480408
0.0449382
0.018916
0.0474322
0.0273838
0.0533853
0.0515742
0.0660514
0.0605394
0.0499128
0.0343581
0.0480077
0.0526459
0.0497772
0.0438525
0.0363155
0.0264375
0.0664779
0.0509992
0.0498418
0.0631413
0.050228
0.0473493
0.0498324
0.0482907
0.0459233
0.0404937
0.0333789
0.032017
0.042651
0.0499207
0.0195314
0.0203514
0.0271506
0.0388821
0.0197005
0.030446
0.0308308
0.0252259
0.0555667
0.0235993
0.0359169
0.0495338
0.0437759
0.0327924
0.0353936
0.0341015
0.0445635
0.0365573
0.0312669
0.0413813
0.0331957
0.0346568
0.0288773
0.0493289
0.0397179
0.0351356
0.0314907
0.0665913
0.0563573
0.0525106
0.0431271
0.0538986
0.0472745
0.0517718
0.0476149
0.0324613
0.0649074
0.0327187
0.0473408
0.0601181
0.0545837
0.0537413
0.0388273
0.0351145
0.0333699
0.0432893
0.0334476
0.0633138
0.0445876
0.0378653
0.0539198
0.0464038
0.0375343
0.0416502
0.0363348
0.0492894
0.04117
0.0411025
0.0426373
0.0410914
0.0344746
0.0191184
0.0291441
0.0365309
0.0454558
0.0365418
0.0347433
0.0358245
0.0479
0.034427
0.0358115
0.0290423
0.0319593
0.025343
0.0239626
0.0284801
0.0230542
0.0228976
0.0244982
0.0261329
0.0290403
0.0282327
0.0246537
0.022035
0.0237758
0.0204271
0.0220392
0.0224901
0.0242888
0.0225918
0.0256825
0.0268083
0.0295007
0.0278434
0.0299703
0.0302188
0.0264014
0.029288
0.0302136
0.0317498
0.0381195
0.0217408
0.0241006
0.0632726
0.0485119
0.052198
0.0410067
0.0529717
0.0533265
0.0679202
0.0555199
0.0384897
0.0346743
0.0467853
0.0383765
0.0396087
0.042404
0.0212102
0.0723635
0.073864
0.0718601
0.0816538
0.0813967
0.062636
0.0648623
0.0438599
0.0671137
0.0489884
0.0317891
0.0412105
0.0778825
0.0403109
0.0291835
0.029146
0.0408169
0.0266228
0.0391362
0.0280519
0.053375
0.0475014
0.0436866
0.0596606
0.0581695
0.0668521
0.0471345
0.0525033
0.0570701
0.0524513
0.0642613
0.0564008
0.0691764
0.0646624
0.0803266
0.0268447
0.0435639
0.0261066
0.037834
0.0469166
0.0393832
0.0463552
0.0518294
0.0315565
0.0305695
0.0374174
0.0370414
0.0410404
0.0353671
0.0467889
0.0618289
0.0458204
0.037685
0.0372214
0.0465311
0.047974
0.0477163
0.0399114
0.0648587
0.0397971
0.0364162
0.0630117
0.0686862
0.0327246
0.033071
0.0521088
0.0500665
0.0590898
0.0567561
0.0388428
0.0299387
0.0295806
0.0290391
0.0312564
0.0299578
0.0306582
0.027951
0.0247092
0.0252413
0.0286506
0.036927
0.0284019
0.0290474
0.0321289
0.0335967
0.0300504
0.0314301
0.0279881
0.0303593
0.0520683
0.0410641
0.0329619
0.0339196
0.0786167
0.0520632
0.0539111
0.054943
0.0572522
0.0696699
0.0815437
0.0819949
0.0695048
0.066477
0.07061
0.0710147
0.0737685
0.0756744
0.0217395
0.0236584
0.0179368
0.0261388
0.0316206
0.0217249
0.0258667
0.0225504
0.0225754
0.0280316
0.0236552
0.0239008
0.0204056
0.0178204
0.0231968
0.0194301
0.0224127
0.022576
0.0292234
0.0198012
0.020393
0.0169919
0.0229038
0.0223327
0.0216754
0.0279444
0.0336541
0.0321464
0.0378337
0.0317989
0.046581
0.0641795
0.0489853
0.0360115
0.041618
0.0534848
0.0454256
0.0365881
0.0297753
0.0321349
0.0316887
0.0295837
0.0357676
0.039245
0.0347857
0.0555765
0.052664
0.0258019
0.0205178
0.0376396
0.0261534
0.0291696
0.0233681
0.0261629
0.0264759
0.028519
0.0235687
0.021169
0.0217392
0.0205583
0.0242502
0.0290684
0.0251616
0.0240879
0.0277824
0.0268284
0.049649
0.0306592
0.0467683
0.0529137
0.0542077
0.0563654
0.0534931
0.0233616
0.0229733
0.0238734
0.0417976
0.0379594
0.0213597
0.0199516
0.02547
0.0266866
0.0302713
0.0280769
0.0275258
0.0278101
0.0276671
0.0296797
0.0278885
0.0301459
0.0319994
0.0279796
0.0278597
0.0302206
0.0319558
0.0270816
0.0305666
0.0273529
0.0284756
0.0275119
0.0224143
0.0293428
0.025524
0.0240233
0.022253
0.0523065
0.0693098
0.0630583
0.052193
0.0394267
0.0543788
0.0384061
0.0486278
0.0768828
0.0641766
0.0647913
0.0655778
0.0632731
0.0750617
0.0605377
0.0737848
0.0611368
0.0651331
0.0796038
0.0756458
0.0655057
0.0710212
0.0735244
0.0705632
0.0701535
0.0729558
0.0483916
0.0491785
0.050451
0.0448024
0.0366283
0.0557949
0.0368803
0.0250441
0.0257078
0.0276588
0.0321514
0.0323373
0.0331761
0.0284379
0.0260634
0.0332201
0.0313662
0.0373974
0.0248048
0.0371311
0.0435536
0.0326267
0.0365051
0.0292055
0.0278329
0.0278853
0.0416215
0.0369063
0.0289362
0.0316719
0.035426
0.0338681
0.0321214
0.0469079
0.0446116
0.027364
0.030027
0.0364928
0.0309247
0.0404998
0.0424446
0.0362262
0.0369847
0.0368647
0.0341328
0.0367136
0.0587951
0.0303184
0.0426597
0.0333647
0.174373
0.0405347
0.0647276
0.0637042
0.0821638
0.027818
0.0274241
0.0302115
0.0296727
0.0264147
0.0260368
0.0292029
0.0438557
0.0482525
0.18318
0.0442228
0.0467878
0.0447574
0.0323126
0.0546105
0.0266254
0.0468092
0.0493075
0.0479979
0.029143
0.0215437
0.0346264
0.0264254
0.0321418
0.0265502
0.0215202
0.026723
0.0222827
0.0214711
0.0276746
0.0293257
0.0374924
0.0651942
0.0575302
0.0539223
0.0603666
0.0393358
0.0384698
0.0311695
0.0292445
0.0334728
0.0293687
0.0609364
0.0389643
0.0533874
0.0377215
0.0574822
0.0570809
0.0453065
0.0408013
0.081782
0.0426586
0.0408207
0.0655293
0.0738668
0.0389127
0.0739643
0.072911
0.0581321
0.0868361
0.0670171
0.123856
0.0472724
0.0566546
0.0340531
0.0452971
0.0353554
0.0466724
0.0626975
0.0493045
0.038023
0.0549214
0.0588876
0.0331232
0.031895
0.0549998
0.0581384
0.0492345
0.070141
0.0417391
0.0405311
0.065141
0.0512158
0.0581947
0.0633764
0.0544925
0.0525629
0.0435652
0.0196808
0.028731
0.0197085
0.0350496
0.0270973
0.0301233
0.0695623
0.0392514
0.0349952
0.0318478
0.034471
0.0374995
0.0359557
0.0356812
0.0312643
0.0298978
0.0306699
0.0397829
0.0318153
0.0339877
0.0226832
0.0487191
0.0466575
0.0232388
0.025245
0.0220816
0.0264878
0.0363222
0.0219224
0.0251408
0.0266591
0.0524222
0.0643155
0.0230077
0.0340487
0.0549291
0.0241626
0.0273634
0.0202232
0.0254971
0.0259945
0.0309258
0.0341459
0.0330422
0.0357945
0.0500313
0.0313184
0.0423466
0.0306239
0.0542166
0.0565323
0.0656374
0.0334236
0.0323314
0.0437867
0.0510381
0.0611606
0.0542243
0.0588797
0.0389831
0.0359504
0.0553938
0.0526219
0.0303798
0.0317665
0.0497578
0.0431915
0.0383923
0.0359407
0.057915
0.076099
0.0602035
0.0506492
0.112256
0.0621717
0.102226
0.100641
0.0839154
0.118372
0.092712
0.156304
0.0972764
0.0934365
0.207065
0.197508
0.025023
0.0176146
0.0319121
0.0226649
0.0165291
0.0244163
0.0228537
0.0234247
0.0269798
0.0255455
0.0272476
0.0274703
0.0284898
0.0324389
0.0309497
0.0266799
0.0314243
0.0280643
0.0244936
0.0240121
0.0344149
0.0284137
0.0311564
0.033606
0.0262506
0.0317914
0.0368801
0.02596
0.043642
0.0301424
0.0376437
0.0250672
0.0288994
0.0949187
0.0360894
0.0409653
0.0508736
0.042282
0.0631726
0.124864
0.0622941
0.0586705
0.0655778
0.150154
0.0787046
0.0755437
0.0237115
0.0304688
0.0299522
0.0239076
0.124401
0.071131
0.0564432
0.104996
0.0786523
0.0911925
0.0959745
0.0939638
0.102262
0.0663983
0.0604198
0.0433124
0.0882167
0.087006
0.0858933
0.0798929
0.0655742
0.0868877
0.0887119
0.052265
0.0701634
0.0531943
0.0508149
0.045946
0.0631723
0.0784645
0.022359
0.0380213
0.0364861
0.0344911
0.0338354
0.0377824
0.0381306
0.0362919
0.037338
0.0757786
0.088637
0.0875527
0.0897721
0.0606211
0.0441683
0.0490543
0.0862208
0.0893082
0.0812283
0.0880572
0.0863537
0.083683
0.0741773
0.0683055
0.0809662
0.0824545
0.0896312
0.089449
0.0808858
0.0901679
0.086191
0.0819938
0.0652481
0.0647921
0.0617893
0.0643767
0.0872266
0.0841697
0.0859703
0.0772749
0.0846107
0.0890564
0.0539073
0.0772237
0.0778832
0.0787324
0.0789618
0.0813541
0.0761966
0.0786632
0.0760697
0.0781585
0.0631823
0.0642814
0.0829847
0.0869866
0.0771576
0.0850568
0.0837609
0.09004
0.0788744
0.0757936
0.0840945
0.0835381
0.0844449
0.0878439
0.0877648
0.0717125
0.081152
0.0788215
0.0796999
0.0857227
0.081377
0.079389
0.0672799
0.075817
0.0667902
0.0542411
0.0789678
0.0426732
0.0691935
0.0737442
0.0446673
0.0256477
0.0499104
0.0509873
0.0381427
0.0423198
0.0422755
0.0365876
0.0388389
0.038256
0.0532625
0.0470488
0.0678099
0.0443033
0.0429985
0.0434732
0.0436989
0.0727261
0.0337707
0.0402634
0.0334986
0.0337198
0.0320347
0.030891
0.0305942
0.0318324
0.0360558
0.0299769
0.0567292
0.0552304
0.0675807
0.0671229
0.0487341
0.0796781
0.0824461
0.0887949
0.0871865
0.0888456
0.0772627
0.0680188
0.0843838
0.0843749
0.0890548
0.0901069
0.0496597
0.0376119
0.0460217
0.0399736
0.04576
0.0406464
0.0570963
0.0364206
0.0550257
0.0348692
0.0373975
0.0482912
0.0435687
0.0432611
0.036712
0.0365763
0.0337528
0.0371679
0.028433
0.0314305
0.0650748
0.0574524
0.0435403
0.0610984
0.0518663
0.0396103
0.0310669
0.032944
0.0311411
0.0414299
0.052795
0.0503248
0.0431138
0.0550291
0.0420087
0.0304043
0.0266338
0.0298675
0.0305259
0.0425689
0.0313139
0.0298135
0.0309926
0.0298987
0.0293054
0.0323852
0.0333638
0.0740259
0.0919712
0.0827556
0.0859913
0.0839497
0.0907532
0.031477
0.0292453
0.0283602
0.0282701
0.0301848
0.0295987
0.0298671
0.0660445
0.0431126
0.0439553
0.0431506
0.0322788
0.0377684
0.0305239
0.0302947
0.0461406
0.0489802
0.042864
0.0342875
0.0330122
0.0374613
0.0347101
0.040357
0.0436284
0.0377243
0.0393215
0.0422361
0.030766
0.0374321
0.0403483
0.03456
0.0364903
0.0357407
0.0557598
0.0616651
0.0681279
0.0772255
0.0620918
0.0498775
0.0465571
0.0610046
0.0566849
0.0747754
0.0699213
0.0845068
0.0844859
0.0835785
0.0805627
0.0822341
0.0804704
0.0729769
0.0723639
0.0716371
0.0736902
0.0928559
0.0622018
0.0854214
0.080691
0.0892293
0.0629427
0.0614149
0.0585552
0.0537591
0.0555501
0.0504842
0.0440965
0.0409371
0.0461754
0.0402752
0.051675
0.0569921
0.0423676
0.0518606
0.053617
0.0366094
0.0306797
0.0307789
0.0309341
0.0289566
0.0310184
0.0828663
0.068049
0.0731492
0.0707688
0.0836187
0.0886885
0.0571782
0.0453587
0.0708038
0.0868844
0.0821466
0.0851587
0.0664272
0.0771069
0.0618157
0.046827
0.0473807
0.0679891
0.0426122
0.0393839
0.0479628
0.0582891
0.063355
0.0715844
0.0353249
0.0437457
0.0497115
0.0349388
0.0345327
0.0353349
0.0528523
0.0476596
0.0655653
0.0423187
0.036856
0.0529207
0.0542568
0.0347696
0.0356602
0.0868338
0.0766261
0.0564673
0.0926549
0.0900398
0.0770275
0.0908064
0.0825746
0.0864891
0.0860938
0.0899268
0.0854701
0.0842889
0.0800932
0.0876325
0.0828109
0.0941422
0.0236254
0.0834061
0.0621175
0.0784793
0.0776037
0.0797884
0.0776209
0.0796911
0.0788309
0.0678037
0.070501
0.0639666
0.0651907
0.0651047
0.0644427
0.0586675
0.0627767
0.0860255
0.0829186
0.0864234
0.0835401
0.0829205
0.0863357
0.0690294
0.0725544
0.0784832
0.0861163
0.074748
0.0825257
0.063103
0.0570285
0.0943236
0.0735005
0.061615
0.0177879
0.0576085
0.0853851
0.0937121
0.104078
0.101653
0.0955395
0.0951424
0.0952201
0.113091
0.112701
0.0697988
0.0991577
0.101724
0.111008
0.19456
0.161868
0.0746296
0.0955115
0.087233
0.0802893
0.0811653
0.0516132
0.0701775
0.053532
0.0481243
0.049464
0.0479174
0.0461053
0.0537089
0.0541747
0.0674376
0.0520533
0.0848398
0.0729773
0.0903483
0.0736317
0.0747021
0.0579821
0.0745153
0.0567323
0.05558
0.105591
0.0672969
0.0967556
0.0688621
0.0634713
0.0204672
0.016241
0.016712
0.0283672
0.0626603
0.0150135
0.0198794
0.0376343
0.039379
0.0265466
0.0299106
0.0382412
0.0378283
0.0379305
0.0321502
0.0210783
0.0341458
0.0324316
0.0332557
0.0352331
0.0297865
0.0401323
0.0311705
0.0314427
0.0332027
0.0291371
0.0267095
0.0283903
0.0246916
0.0267275
0.0290676
0.0292851
0.0287791
0.0289064
0.0264871
0.0270139
0.0278245
0.0271161
0.0271882
0.029405
0.0273147
0.0285607
0.026591
0.0285133
0.0312553
0.0296789
0.0335922
0.0676116
0.0904224
0.0883151
0.0841695
0.0918794
0.0729991
0.0409314
0.028922
0.0308099
0.019874
0.0334759
0.0330809
0.0321945
0.0279307
0.0327813
0.048257
0.0249709
0.0286323
0.0345782
0.0355103
0.0426045
0.0534436
0.048654
0.0421711
0.0410925
0.0332531
0.0320351
0.0356527
0.0410346
0.0262804
0.0254134
0.0253492
0.0262293
0.0282431
0.0288801
0.026552
0.0332772
0.0279699
0.0280875
0.0344843
0.0399943
0.0262658
0.026754
0.0546823
0.0462842
0.0318209
0.0381228
0.0342466
0.0317821
0.0316263
0.0288874
0.0329166
0.029568
0.027745
0.0290598
0.0308015
0.027617
0.0287113
0.0313415
0.0330758
0.0365819
0.0317864
0.0341322
0.0289072
0.0376572
0.0259278
0.0317146
0.0338458
0.0353202
0.030151
0.0315344
0.0324554
0.0305118
0.0285513
0.0299707
0.026196
0.0317684
0.031475
0.0335127
0.0212261
0.0258307
0.0282264
0.0284802
0.025152
0.0297993
0.0252412
0.0276782
0.0301248
0.028023
0.0298904
0.0259557
0.0277567
0.0297587
0.0269651
0.0297512
0.0298818
0.02941
0.0294952
0.0312646
0.0733211
0.0576348
0.0746385
0.0576399
0.0670779
0.0759614
0.0825848
0.0804982
0.077828
0.0689686
0.0761624
0.0717956
0.0751066
0.0501575
0.0568261
0.0566396
0.0516983
0.0613962
0.0640452
0.0520687
0.072795
0.0451194
0.0607441
0.0379839
0.0325
0.0468376
0.0630377
0.0319546
0.0552139
0.0443127
0.0587425
0.0435115
0.0611059
0.0459066
0.0586322
0.0838407
0.0881732
0.0758379
0.0585867
0.0912873
0.0895218
0.0401259
0.0597499
0.0707525
0.0563055
0.0669699
0.0653404
0.0746877
0.0621536
0.0625664
0.0596323
0.0771829
0.0662796
0.0631328
0.0655551
0.0646091
0.0713301
0.0693702
0.0760276
0.0740089
0.0798258
0.0597045
0.0744889
0.0753318
0.0820481
0.0750449
0.0864348
0.0843745
0.0830424
0.0595301
0.069274
0.0681464
0.0900996
0.0629737
0.0725912
0.0801272
0.088173
0.0931181
0.0461367
0.0438685
0.0543451
0.047631
0.0519771
0.0569741
0.0379291
0.0407776
0.0722546
0.0461255
0.0561212
0.0358969
0.0445987
0.0353553
0.039928
0.0892964
0.0893954
0.0680037
0.091731
0.0363486
0.0328619
0.0397281
0.0341488
0.0266931
0.0274451
0.0396613
0.0215091
0.0199043
0.0233545
0.0212984
0.0202246
0.0242057
0.0225065
0.0325548
0.0298062
0.0333952
0.0325736
0.033357
0.0325239
0.0288631
0.0237566
0.0231216
0.02607
0.0241513
0.023226
0.0229314
0.0314131
0.0259449
0.0218756
0.0210614
0.0215982
0.0372971
0.027375
0.0310839
0.0755861
0.0597676
0.0833299
0.0629722
0.035523
0.0294235
0.0268023
0.0314287
0.0303867
0.0308089
0.0243147
0.0243475
0.0366823
0.0330503
0.0321685
0.0331577
0.0251231
0.0293317
0.0228409
0.0228536
0.022776
0.0267942
0.0220638
0.0277457
0.0287174
0.0292987
0.0262631
0.0290171
0.0287021
0.0270585
0.0290644
0.0319968
0.0325975
0.0348827
0.028221
0.0247515
0.0251356
0.0847862
0.092499
0.0916665
0.0822912
0.0871572
0.0846464
0.0973754
0.0748944
0.0962274
0.0601995
0.0852648
0.0913995
0.0182041
0.0182916
0.0219056
0.072691
0.120249
0.10634
0.103439
0.143101
0.122045
0.131434
0.093342
0.11795
0.128075
0.232059
0.082655
0.0615615
0.0845683
0.0390203
0.0402437
0.0228251
0.0384289
0.0171575
0.111098
0.0964869
0.116811
0.405883
0.247379
0.0499464
0.0388569
0.0713063
0.0386821
0.0647994
0.0735529
0.0959594
0.0794637
0.0807247
0.105489
0.12279
0.10835
0.118516
0.111186
0.0794697
0.0879553
0.0914377
0.0701802
0.0755653
0.0556901
0.0700545
0.0611198
0.0795231
0.051834
0.0530471
0.0738628
0.0657123
0.0629283
0.0727684
0.0752312
0.0620832
0.069123
0.0507832
0.0890762
0.0848935
0.118574
0.132293
0.142656
0.0830702
0.103924
0.0927749
0.116935
0.098408
0.10439
0.135499
0.160224
0.170223
0.14005
0.222651
0.240849
0.0801469
0.0858689
0.0903467
0.0822897
0.0862083
0.0841085
0.068726
0.0150143
0.0168291
0.0661766
0.0183138
0.0154495
0.0181474
0.0164291
0.0179023
0.112937
0.105767
0.219558
0.107412
0.304312
0.146421
0.265647
0.169608
0.247378
0.0717263
0.0281874
0.0210844
0.11508
0.185681
0.192713
0.0178086
0.0208284
0.0215074
0.0286896
0.018696
0.0187857
0.021085
0.067575
0.0193019
0.0219138
0.0219798
0.0216673
0.0238425
0.022564
0.0224963
0.023934
0.0221507
0.0229625
0.0400059
0.0228094
0.0226507
0.0289792
0.0315532
0.104467
0.211275
0.118751
0.299453
0.266974
0.290928
0.342077
0.0588688
0.237422
0.0871934
0.252111
0.0891029
0.0183087
0.0181304
0.0194883
0.0188191
0.0178531
0.0202926
0.0192394
0.0206056
0.0205079
0.0354372
0.0241953
0.0298654
0.0234448
0.022705
0.0246259
0.0271608
0.02217
0.0219467
0.0257186
0.0239454
0.0404611
0.033744
0.0258099
0.023381
0.0183439
0.0192164
0.0185151
0.0573932
0.0983094
0.0405499
0.0299691
0.026084
0.0253918
0.118992
0.189234
0.167191
0.0923258
0.10195
0.0836411
0.231709
0.0293801
0.0478507
0.107367
0.0391381
0.0366463
0.136755
0.157524
0.205766
0.157236
0.160572
0.111113
0.0802588
0.172284
0.189635
0.232669
0.243183
0.176908
0.217068
0.341187
0.301807
0.313284
0.319952
0.151729
0.126734
0.147963
0.0567547
0.162328
0.155214
0.0755304
0.20081
0.296023
0.268067
0.278227
0.266992
0.116282
0.234247
0.327325
0.261285
0.199478
0.17976
0.391737
0.214927
0.253873
0.279165
0.225486
0.192885
0.242761
0.189441
0.273077
0.202775
0.173992
0.212243
0.090095
0.18087
0.189422
0.294303
0.339213
0.285397
0.110529
0.254042
0.193761
0.204897
0.19463
0.253505
0.255915
0.291438
0.293465
0.358442
0.192564
0.207296
0.199894
0.307679
0.234198
0.17633
0.153987
0.180716
0.178168
0.225303
0.261781
0.274873
0.259728
0.256705
0.255726
0.0207323
0.01918
0.018604
0.0197027
0.0169759
0.0172493
0.0160254
0.021679
0.0203976
0.0619803
0.0171034
0.0178435
0.0170042
0.018296
0.0186883
0.0204799
0.194555
0.247048
0.19848
0.223572
0.323529
0.24521
0.0586051
0.30689
0.241927
0.204383
0.265328
0.231163
0.375609
0.260855
0.26357
0.239143
0.273814
0.250135
0.35986
0.266217
0.311074
0.338052
0.364059
0.378522
0.382559
0.393417
0.314527
0.356732
0.34935
0.301093
0.317768
0.351674
0.252454
0.189671
0.142024
0.243978
0.320686
0.249224
0.221072
0.224151
0.317691
0.124989
0.31468
0.0289563
0.103449
0.0597523
0.0521956
0.118213
0.128775
0.017933
0.0177209
0.0186179
0.0424726
0.0209146
0.030692
0.0218609
0.0216384
0.0154802
0.0153906
0.0638561
0.0638835
0.11434
0.104493
0.188087
0.121698
0.11461
0.214553
0.169499
0.0410802
0.0762738
0.022889
0.0388903
0.0638525
0.0154463
0.120584
0.0911875
0.0787648
0.0682799
0.0583508
0.0380131
0.0559957
0.135207
0.0674569
0.0168056
0.0160268
0.0205022
0.0466329
0.0404722
0.0701562
0.0171116
0.0703714
0.0184753
0.0173329
0.0197965
0.0228329
0.0215138
0.0181486
0.0291141
0.0615984
0.0232896
0.021252
0.0246734
0.0169704
0.0191693
0.062522
0.0287811
0.0269075
0.0316764
0.0260235
0.0274579
0.208776
0.186384
0.18089
0.201803
0.226896
0.248917
0.195347
0.173295
0.212645
0.255485
0.200252
0.147651
0.0993065
0.113243
0.241855
0.241401
0.144347
0.16852
0.0948163
0.272543
0.254952
0.114572
0.0527806
0.280741
0.330681
0.372575
0.133876
0.0979554
0.0689832
0.0775235
0.131513
0.0790726
0.123196
0.141932
0.171888
0.096569
0.161273
0.100269
0.148817
0.156258
0.132981
0.118614
0.150959
0.0875279
0.123219
0.15619
0.128024
0.142892
0.131808
0.131907
0.121761
0.106682
0.139918
0.157431
0.144541
0.125741
0.117095
0.18649
0.204204
0.179624
0.156289
0.150945
0.163832
0.162338
0.179969
0.135845
0.108426
0.128632
0.154236
0.169915
0.129178
0.207166
0.303798
0.114016
0.149296
0.162439
0.0230769
0.0243701
0.0241021
0.0238902
0.0284871
0.0280911
0.068059
0.145841
0.12823
0.0819368
0.140558
0.115343
0.0892571
0.0443291
0.0192545
0.0183384
0.0302553
0.0346721
0.0184221
0.0298882
0.0184839
0.0235165
0.0174215
0.0189541
0.0237308
0.030925
0.0309385
0.0270471
0.0355712
0.0248031
0.0273254
0.0387695
0.0233788
0.0228287
0.0266931
0.0268971
0.0329613
0.0308863
0.029534
0.0285408
0.0416226
0.0392511
0.0159728
0.0166076
0.0221224
0.0228208
0.0387679
0.0171979
0.0950569
0.0816029
0.0700748
0.0679046
0.0654274
0.0480318
0.0524443
0.0666776
0.0853262
0.0682355
0.0804384
0.0763319
0.0456523
0.0509279
0.0457979
0.0486305
0.037256
0.0491805
0.0453202
0.0787341
0.0822959
0.0779275
0.075302
0.0829671
0.0656576
0.108745
0.0439074
0.0510555
0.0391954
0.0559038
0.124257
0.122972
0.155552
0.173694
0.0211018
0.0211019
0.0253665
0.0241721
0.0245421
0.0188534
0.0199564
0.019169
0.0250931
0.0250849
0.023234
0.0314916
0.0236825
0.201463
0.189404
0.0708904
0.114327
0.171325
0.235026
0.230299
0.201825
0.222001
0.184648
0.289993
0.106695
0.281862
0.19698
0.212684
0.20433
0.124031
0.103299
0.136016
0.159461
0.161814
0.129466
0.111345
0.155193
0.0797483
0.0798491
0.0839047
0.0624128
0.0444639
0.0849938
0.0780531
0.0598855
0.0606927
0.0657034
0.0605205
0.0632158
0.0566537
0.0519196
0.0785634
0.0605352
0.0237401
0.0898038
0.0872951
0.078697
0.0838882
0.289019
0.215209
0.298261
0.311249
0.201133
0.237924
0.361921
0.30946
0.391932
0.201537
0.307396
0.342054
0.0564969
0.0338365
0.0223344
0.0882035
0.0327221
0.093167
0.0271443
0.0253797
0.0258445
0.0261035
0.0267673
0.0352906
0.0844511
0.0334344
0.0550605
0.0385393
0.0311361
0.0612987
0.0941452
0.096555
0.0952129
0.207446
0.236277
0.28175
0.134923
0.271375
0.228115
0.212294
0.255063
0.257928
0.0671221
0.184374
0.0714934
0.339765
0.266135
0.346968
0.327312
0.314775
0.238749
0.227874
0.148753
0.182136
0.230691
0.348092
0.214303
0.278509
0.152883
0.209314
0.214277
0.0981358
0.121496
0.14923
0.0913863
0.145336
0.146455
0.233209
0.218798
0.212393
0.24183
0.245641
0.214897
0.193134
0.238881
0.250452
0.0844167
0.207809
0.250816
0.20695
0.0852813
0.227091
0.220369
0.127565
0.10517
0.09584
0.114104
0.121731
0.145349
0.0944447
0.175426
0.186943
0.194355
0.181535
0.106056
0.220427
0.186642
0.249117
0.302084
0.339198
0.308263
0.263035
0.324727
0.264169
0.27125
0.0879395
0.0873518
0.0770224
0.0594721
0.070938
0.206939
0.110037
0.27311
0.226207
0.0514664
0.173189
0.180559
0.23486
0.0758907
0.0911785
0.05706
0.0554941
0.111995
0.0192115
0.0182878
0.0434854
0.0479782
0.0422108
0.0187339
0.0260726
0.138854
0.0438206
0.161249
0.135271
0.188844
0.205043
0.234901
0.246145
0.230033
0.184797
0.219701
0.165533
0.162592
0.194058
0.226319
0.207927
0.0278617
0.0528925
0.0357446
0.019725
0.027174
0.0183798
0.100894
0.112598
0.159822
0.162326
0.199437
0.189709
0.191357
0.209998
0.214662
0.147143
0.154483
0.179053
0.169697
0.0294637
0.0292558
0.0267842
0.0301199
0.028355
0.0279857
0.0398746
0.0363096
0.0268161
0.0380487
0.0952589
0.0749891
0.0862424
0.0669409
0.110493
0.0810049
0.0929169
0.11947
0.105299
0.0944491
0.089853
0.125204
0.114037
0.164204
0.188504
0.0962065
0.0896908
0.0819903
0.196152
0.021383
0.0175057
0.0170154
0.0156064
0.0191633
0.0204638
0.0317991
0.027936
0.0290053
0.0305023
0.0598651
0.0381533
0.0575986
0.0812258
0.0859875
0.0247304
0.0831283
0.0835327
0.0868618
0.0885615
0.062642
0.0883013
0.0518292
0.0615352
0.0836309
0.0522261
0.0486684
0.0747423
0.0722975
0.0425331
0.029316
0.0287634
0.027437
0.0296327
0.0386477
0.0288599
0.0291508
0.124847
0.177751
0.25426
0.351052
0.320748
0.276029
0.272624
0.232565
0.320479
0.0205851
0.0799403
0.080205
0.0240065
0.0529094
0.0232427
0.025744
0.0259246
0.0750624
0.092085
0.0790777
0.0736027
0.0280417
0.0307413
0.0445777
0.0521414
0.0550136
0.0408836
0.035568
0.0423473
0.0227811
0.0289158
0.0693165
0.0655503
0.0457034
0.0380075
0.0395212
0.0692418
0.0222273
0.0613113
0.0850965
0.054704
0.0688583
0.0842043
0.0874763
0.0674754
0.0525239
0.075534
0.082535
0.255774
0.182974
0.188532
0.165302
0.158903
0.158853
0.166327
0.178307
0.138347
0.116609
0.134404
0.128683
0.119608
0.159894
0.130878
0.146155
0.139957
0.136774
0.163723
0.175004
0.138028
0.0869107
0.134208
0.12193
0.114452
0.0898868
0.093162
0.170796
0.140807
0.142888
0.097053
0.160347
0.0941445
0.120383
0.126017
0.0791325
0.150147
0.154389
0.0891987
0.0878288
0.0684993
0.15748
0.325941
0.160996
0.225342
0.10327
0.108831
0.207818
0.0593706
0.0676728
0.0914549
0.0623149
0.0655627
0.0988932
0.095317
0.114028
0.115375
0.0634431
0.114496
0.0952391
0.113181
0.128849
0.0734066
0.0777275
0.0696247
0.0639063
0.0603218
0.0543754
0.0523715
0.0604595
0.0500953
0.0443935
0.0413593
0.0375507
0.19527
0.206761
0.176998
0.144124
0.162069
0.105764
0.0964257
0.0705881
0.0619292
0.0680341
0.0876785
0.119645
0.0509352
0.0619134
0.0628247
0.108048
0.0837666
0.137646
0.117705
0.0824239
0.116123
0.138537
0.0773327
0.0682737
0.0688114
0.0924775
0.107279
0.0853429
0.0749929
0.0942225
0.0670219
0.239479
0.0788462
0.0790646
0.113883
0.12764
0.203085
0.101988
0.0855796
0.0827949
0.141611
0.069947
0.120611
0.123953
0.102769
0.147471
0.146851
0.105395
0.090301
0.0923967
0.104642
0.0957106
0.12369
0.10953
0.108102
0.077556
0.0526913
0.0443489
0.0401316
0.0410989
0.0482264
0.0567262
0.0489196
0.0541286
0.0411901
0.0388887
0.030405
0.0281678
0.0263632
0.0271777
0.0282533
0.0310075
0.0294749
0.0277394
0.0404575
0.0313942
0.0298456
0.0333098
0.0697489
0.0806047
0.0934742
0.0940019
0.0955691
0.0518292
0.0414397
0.0292456
0.0387892
0.0273304
0.0277705
0.0361113
0.0836672
0.0851705
0.0649234
0.0767005
0.0898494
0.0584412
0.0779622
0.0644842
0.0616703
0.0751285
0.077715
0.0887541
0.0565026
0.080807
0.0880363
0.0741084
0.0756517
0.0768739
0.0621469
0.083398
0.07139
0.0789492
0.0767219
0.06048
0.053743
0.0633243
0.0630608
0.053849
0.0455844
0.0442204
0.0475294
0.0579972
0.0553225
0.0418657
0.0401511
0.0389356
0.0382233
0.0204184
0.0233077
0.0179447
0.0202037
0.0202666
0.0180371
0.0339812
0.0229258
0.0171228
0.0225893
0.0412024
0.0678639
0.0299304
0.0436125
0.0358636
0.0745919
0.0474142
0.0523428
0.0247155
0.0245378
0.0278465
0.0308744
0.0350729
0.0183839
0.0194072
0.0242216
0.0188579
0.019459
0.0220451
0.0323812
0.0650897
0.0796892
0.0321072
0.0416834
0.0477283
0.0759825
0.0259211
0.0253488
0.196169
0.198753
0.12294
0.106716
0.0914226
0.188959
0.140927
0.13584
0.151966
0.163539
0.121267
0.115289
0.107348
0.155472
0.0565558
0.105705
0.279651
0.241094
0.303816
0.270526
0.284506
0.17034
0.0343211
0.28748
0.230937
0.220646
0.276755
0.0617969
0.037541
0.0377778
0.0508317
0.0461638
0.0967388
0.131216
0.0681135
0.0631515
0.0398391
0.0963643
0.11557
0.105064
0.0830459
0.0824629
0.0965458
0.0792342
0.0799936
0.0956776
0.0752511
0.0802164
0.0900018
0.0693835
0.0803587
0.0761671
0.0626641
0.0707518
0.0749931
0.0214385
0.0887016
0.103112
0.10343
0.0867936
0.106004
0.0746008
0.0985467
0.0653747
0.0772287
0.0858935
0.0916218
0.0667264
0.0703076
0.0860646
0.0607546
0.0708343
0.0197723
0.29364
0.227969
0.200233
0.189016
0.195945
0.264819
0.174867
0.235317
0.0512602
0.0680575
0.140941
0.203567
0.0898788
0.216816
0.158049
0.233787
0.0402885
0.0260073
0.0889669
0.0521652
0.0549976
0.189418
0.172202
0.178929
0.126615
0.132505
0.162838
0.221975
0.0664086
0.059373
0.082554
0.0863009
0.0662496
0.0861231
0.135778
0.134228
0.0756018
0.0731762
0.0507981
0.0285388
0.0257984
0.0424618
0.0252916
0.0436252
0.0832471
0.157959
0.025088
0.0889004
0.0327351
0.0776063
0.105659
0.0929939
0.0781474
0.0794648
0.0685987
0.0878244
0.101494
0.0777301
0.132289
0.0445082
0.0693858
0.0830944
0.0580288
0.0718129
0.0503886
0.0619634
0.052401
0.0590646
0.125795
0.0791467
0.0583255
0.0633155
0.0736313
0.0705505
0.0530904
0.0647554
0.0695924
0.0921852
0.112325
0.0487267
0.0481868
0.329936
0.249146
0.256551
0.218547
0.328342
0.308908
0.224037
0.20024
0.302624
0.224485
0.197524
0.250336
0.230888
0.287288
0.10976
0.139129
0.182086
0.160128
0.219388
0.2002
0.209963
0.281942
0.283977
0.0306343
0.0297428
0.0598197
0.024711
0.0275803
0.0315796
0.0587588
0.0243408
0.0300361
0.0210026
0.0213485
0.0662722
0.0931508
0.113227
0.231809
0.101348
0.114403
0.255639
0.199575
0.0723275
0.0841434
0.104153
0.0997566
0.137039
0.14866
0.14984
0.145813
0.198649
0.081101
0.0802049
0.0906853
0.127235
0.123384
0.111598
0.0745086
0.0883694
0.0862078
0.0903129
0.107128
0.106671
0.104988
0.118923
0.113216
0.0853672
0.111483
0.0833262
0.107486
0.07276
0.0852707
0.0793417
0.0892138
0.098011
0.0822682
0.109914
0.108472
0.064534
0.063881
0.0720015
0.0682181
0.0721527
0.0844231
0.0924497
0.0667959
0.058521
0.0637959
0.0693219
0.123659
0.0881561
0.0594509
0.125215
0.162024
0.0982126
0.0903256
0.115449
0.143139
0.128525
0.187501
0.151124
0.0996851
0.065205
0.0622732
0.0484751
0.0715364
0.0583753
0.0449329
0.0852233
0.0825242
0.0908871
0.0414206
0.0332157
0.0326443
0.0297551
0.0332596
0.0346069
0.04029
0.0402953
0.031263
0.0321839
0.0335217
0.0389698
0.0420833
0.0485691
0.0439006
0.0305075
0.0576027
0.031922
0.0313846
0.0395514
0.0280717
0.0314241
0.101154
0.0940345
0.0704392
0.0832803
0.0825795
0.0924514
0.0919861
0.075648
0.0801961
0.0785164
0.0767336
0.0760402
0.0771638
0.101799
0.0699908
0.0825956
0.0906463
0.0705162
0.0817332
0.080868
0.0849066
0.0874106
0.0782802
0.106497
0.07766
0.0782534
0.084796
0.146607
0.0381139
0.041836
0.146864
0.0839806
0.167296
0.0715247
0.0708397
0.0637744
0.115281
0.11297
0.109317
0.0797286
0.100547
0.113906
0.118032
0.07136
0.0710503
0.0848601
0.0910455
0.105048
0.114145
0.12117
0.0858152
0.10077
0.0960233
0.0643386
0.0647992
0.137159
0.148324
0.126194
0.155332
0.172485
0.0483873
0.0650379
0.0534663
0.0796912
0.0610371
0.0851686
0.0643937
0.0643777
0.0840814
0.0873949
0.118805
0.096601
0.202002
0.18064
0.125591
0.247788
0.213613
0.19156
0.127939
0.150363
0.180197
0.215371
0.192236
0.137192
0.143109
0.134248
0.104004
0.030004
0.0465945
0.04928
0.0458317
0.0495126
0.0656913
0.0424817
0.0639721
0.0525513
0.0553458
0.0548005
0.0796951
0.0700021
0.090254
0.0227596
0.0213492
0.0182977
0.0185644
0.0214788
0.0183704
0.0179988
0.0189486
0.0218697
0.0257566
0.0221479
0.0217988
0.0278685
0.0254942
0.0267769
0.0276986
0.0307734
0.0296335
0.0376639
0.0293432
0.0651669
0.0366996
0.0240054
0.0263017
0.0276483
0.0300694
0.081495
0.071909
0.0858874
0.0832463
0.0850157
0.0676961
0.053072
0.0859854
0.0904526
0.0935393
0.245728
0.182188
0.0858417
0.0832545
0.0992379
0.0798376
0.110317
0.0793887
0.0767032
0.128279
0.100454
0.0943215
0.0856263
0.0757161
0.101548
0.0791135
0.0926105
0.118313
0.07891
0.0803729
0.0756244
0.0747321
0.0866
0.103638
0.0956696
0.0788058
0.0930748
0.0852802
0.096645
0.139788
0.195983
0.193376
0.234422
0.233149
0.0744732
0.0696584
0.0946488
0.0948144
0.0809021
0.130368
0.115193
0.0833035
0.150482
0.164946
0.0794013
0.0898145
0.0798991
0.0835035
0.0734577
0.0841945
0.0637478
0.0588439
0.0533026
0.0635744
0.0711913
0.0912483
0.085578
0.115231
0.093867
0.0804192
0.086526
0.171061
0.0856094
0.113554
0.147235
0.10516
0.105537
0.131668
0.130355
0.210567
0.247609
0.178935
0.165353
0.259415
0.203033
0.214395
0.233743
0.287854
0.252291
0.251688
0.158691
0.138579
0.174719
0.174558
0.203675
0.176316
0.242458
0.191413
0.149326
0.248667
0.0976565
0.11247
0.0877834
0.0702183
0.0757455
0.0372559
0.0286832
0.0242128
0.0255817
0.0357909
0.0319968
0.0340226
0.0293801
0.0734547
0.0762874
0.319923
0.0944697
0.400526
0.136716
0.09497
0.128264
0.0447195
0.0535603
0.0673012
0.0703203
0.0392696
0.0430339
0.0441785
0.0425687
0.0416554
0.0450004
0.0495426
0.0415967
0.0343305
0.0280023
0.0432853
0.0401161
0.0392731
0.0452623
0.0404253
0.0402237
0.0419826
0.044348
0.0430259
0.0417435
0.0418895
0.0422445
0.0345214
0.0327962
0.0412097
0.03917
0.0403887
0.0233818
0.0254112
0.0295823
0.025181
0.0366795
0.0272187
0.0279005
0.0337446
0.0366135
0.0367428
0.0394202
0.0388678
0.0390334
0.0408436
0.0409573
0.037411
0.0375075
0.0392468
0.0421247
0.0396499
0.0461685
0.0440681
0.0462177
0.0431048
0.0533502
0.0495281
0.0443827
0.0428162
0.0728491
0.159212
0.0789257
0.043796
0.0816412
0.256557
0.21075
0.157402
0.175689
0.145188
0.15272
0.168022
0.144829
0.188437
0.0391579
0.0441903
0.0452934
0.0463571
0.0459697
0.0623785
0.0502579
0.146948
0.161985
0.153628
0.215695
0.198303
0.214784
0.181276
0.191269
0.20113
0.152167
0.189676
0.163786
0.160035
0.0753613
0.10288
0.0617383
0.139334
0.15047
0.0782677
0.0421017
0.0510086
0.0429409
0.102087
0.0361207
0.0490126
0.0543281
0.0367523
0.0415482
0.0446948
0.0389586
0.126518
0.163139
0.17764
0.171168
0.133594
0.132748
0.204146
0.124721
0.22073
0.126822
0.139302
0.154532
0.136041
0.154047
0.200458
0.161415
0.170702
0.185588
0.173907
0.216554
0.179503
0.233004
0.199169
0.201672
0.207397
0.167706
0.163781
0.204229
0.180878
0.17752
0.229797
0.0715764
0.0492415
0.0459602
0.0783256
0.0482726
0.036359
0.0457047
0.0430694
0.050177
0.0469747
0.0466977
0.0556912
0.0665342
0.0505801
0.0264045
0.0524899
0.0395804
0.0586337
0.0514626
0.0436385
0.035041
0.233037
0.0489811
0.0375188
0.0357138
0.0421152
0.0422646
0.0414047
0.0441437
0.0383702
0.0367207
0.0307444
0.0346933
0.0376666
0.0387836
0.0621742
0.0482061
0.160615
0.122197
0.0735811
0.158521
0.134204
0.0324313
0.0376048
0.0342426
0.0379605
0.0344803
0.0302032
0.034499
0.0410329
0.0464527
0.036315
0.0409574
0.0324212
0.0401847
0.0306833
0.0378891
0.0302596
0.0362393
0.0354295
0.033068
0.0371418
0.0428537
0.045132
0.0448436
0.0417611
0.0527435
0.0555652
0.0406025
0.0373337
0.0579068
0.0316512
0.0306116
0.02506
0.0381327
0.0428688
0.027869
0.0241584
0.038274
0.0374871
0.0360228
0.025308
0.027791
0.0209822
0.0237146
0.0229766
0.023441
0.0426378
0.0352959
0.0248539
0.0278439
0.0334508
0.027986
0.0280138
0.0272264
0.025255
0.0505665
0.0324858
0.0204701
0.038055
0.0248558
0.0241366
0.0224532
0.0208225
0.0305496
0.0289835
0.0398911
0.0497375
0.0382205
0.0355452
0.0469594
0.0223613
0.0483555
0.0242747
0.0357981
0.0387011
0.0307522
0.0291761
0.0290371
0.0352499
0.0302623
0.0374865
0.0303592
0.0388341
0.0362347
0.0301051
0.0265631
0.0370663
0.0358793
0.0369207
0.044404
0.0370701
0.0384479
0.0393679
0.0316956
0.0267434
0.034777
0.0345957
0.0350558
0.0254131
0.032661
0.0254217
0.0249359
0.0290687
0.0262983
0.0248065
0.031182
0.023917
0.0321152
0.0243266
0.0263986
0.0331871
0.0268725
0.0295762
0.0270297
0.0291665
0.0257076
0.0252356
0.0222096
0.0242752
0.0240332
0.0200519
0.019661
0.0235804
0.0184238
0.022859
0.0268239
0.039872
0.0457332
0.0232442
0.024227
0.0496579
0.0606981
0.0422426
0.0234594
0.0511406
0.0307109
0.0485338
0.0541175
0.0622953
0.0503643
0.0532149
0.0535303
0.0453947
0.0402632
0.0433146
0.0314092
0.0423783
0.0262998
0.0468966
0.0710674
0.0558523
0.0475492
0.0400743
0.0230512
0.0259135
0.0254453
0.0416926
0.284767
0.0635886
0.0543309
0.0463989
0.0584405
0.0401206
0.0321343
0.0343015
0.0493634
0.0587689
0.0516126
0.049077
0.0529954
0.0822051
0.0606366
0.0368234
0.0770314
0.0996877
0.09047
0.0997259
0.0827678
0.0530813
0.204314
0.199161
0.263327
0.171202
0.186283
0.165907
0.208283
0.196968
0.153532
0.241878
0.181041
0.152918
0.169308
0.113893
0.118848
0.075213
0.110859
0.134978
0.0716066
0.126359
0.179958
0.0949725
0.143308
0.106859
0.151565
0.181163
0.112519
0.182125
0.0914726
0.071836
0.138478
0.147249
0.122401
0.0923501
0.166618
0.139059
0.178047
0.114004
0.0990687
0.132189
0.0827244
0.0820251
0.0845601
0.0878123
0.113918
0.184732
0.158817
0.0739557
0.0866125
0.0907381
0.054484
0.0722263
0.0653258
0.0411687
0.054729
0.051792
0.0551334
0.0599523
0.056286
0.0732371
0.064055
0.069868
0.187695
0.0208731
0.0193527
0.0179072
0.0203762
0.0206213
0.0203146
0.0208017
0.0256566
0.0215121
0.0463991
0.0363106
0.0405371
0.0614171
0.0391884
0.0418293
0.0433444
0.0426968
0.0311533
0.0311513
0.0376235
0.0488335
0.0395163
0.0444164
0.0333171
0.0342849
0.0441516
0.0832487
0.0946445
0.0828226
0.0827316
0.112355
0.0827291
0.116818
0.115986
0.0601565
0.0386296
0.0404391
0.0428235
0.0477702
0.0455429
0.0553424
0.0621112
0.0311981
0.0268035
0.0354505
0.0364514
0.0319118
0.037082
0.0267055
0.0775118
0.126644
0.0664947
0.17856
0.119991
0.0459792
0.040961
0.0575226
0.0571151
0.0563164
0.0568959
0.0388997
0.0377464
0.0390156
0.0409399
0.0413575
0.0301982
0.0367707
0.0342312
0.0273328
0.0396108
0.0309994
0.0367389
0.0267066
0.0328828
0.0279777
0.0284886
0.0274002
0.0250169
0.0259056
0.0373406
0.0273968
0.0340956
0.0289142
0.0279091
0.0329037
0.0317305
0.0287133
0.0266534
0.0250679
0.027307
0.0214518
0.0212707
0.0253842
0.0242824
0.0313214
0.0230387
0.0240176
0.0307713
0.0288991
0.0303714
0.0273731
0.0259886
0.019972
0.0236003
0.0243115
0.0246081
0.0261575
0.0278388
0.0225214
0.0345631
0.0384467
0.032953
0.0393623
0.03261
0.0408985
0.0321781
0.0359606
0.0304926
0.0375173
0.0298295
0.0285583
0.0321977
0.0430638
0.0434897
0.0245267
0.0303569
0.0411664
0.0257289
0.0605228
0.0708312
0.0622774
0.0870642
0.0565239
0.0620765
0.0563549
0.0533346
0.054851
0.0535495
0.118737
0.0637633
0.0623607
0.110747
0.129246
0.130418
0.117645
0.0914433
0.0867593
0.118456
0.0946234
0.0804254
0.124322
0.0873041
0.113888
0.116735
0.123516
0.130249
0.0943431
0.0791565
0.0779997
0.0669192
0.0837336
0.0797872
0.0573514
0.0656554
0.0934113
0.111983
0.132013
0.109097
0.0756533
0.10515
0.100993
0.0903245
0.0681985
0.0847267
0.0776351
0.206078
0.0767604
0.103815
0.101226
0.0830878
0.0798942
0.0860343
0.0968758
0.0805277
0.0681805
0.0487089
0.05162
0.0530416
0.104648
0.136318
0.197645
0.140307
0.0793521
0.113728
0.109544
0.190891
0.160617
0.172828
0.190994
0.156312
0.171351
0.122184
0.124605
0.124602
0.130103
0.0956349
0.0895677
0.0921885
0.104827
0.113468
0.139507
0.104643
0.0288822
0.0303922
0.0360649
0.0298466
0.0352388
0.0304618
0.0329089
0.0335777
0.023384
0.0233852
0.0269322
0.0265748
0.0250724
0.0252821
0.0258913
0.0235699
0.023704
0.032585
0.0781658
0.0565204
0.0673012
0.0895703
0.109471
0.0827506
0.0539243
0.0564814
0.0723816
0.0752137
0.0747066
0.0925056
0.115318
0.0950531
0.106465
0.0844163
0.104866
0.0675074
0.0800684
0.0471015
0.0964442
0.0893773
0.0852048
0.0318019
0.0366527
0.0377772
0.0377899
0.03918
0.0431269
0.0465775
0.0424483
0.047564
0.0439522
0.0389733
0.0388789
0.0374228
0.0330461
0.0323513
0.0346261
0.0399902
0.0367173
0.0439111
0.0639806
0.043434
0.0673864
0.0507186
0.0845223
0.0393365
0.0401112
0.0739468
0.0491106
0.0377984
0.0647219
0.0777695
0.0692871
0.0303548
0.0535363
0.066821
0.0371929
0.079767
0.0676739
0.0979662
0.0594844
0.0685056
0.0912744
0.0599211
0.025493
0.026176
0.0258918
0.018852
0.0200042
0.0191631
0.0266428
0.0271125
0.0219109
0.0229991
0.0221413
0.0232412
0.0241428
0.0260159
0.0209939
0.0810183
0.0827322
0.642057
0.0554425
0.427386
0.578198
0.17202
0.644742
0.166441
0.24951
0.307002
0.589489
0.397877
0.230839
0.283885
0.473619
0.435844
0.130022
0.13415
0.173231
0.370726
0.223785
0.206898
0.217731
0.108849
0.0820697
0.382177
0.279289
0.546931
0.517374
0.595042
0.610014
0.63543
0.383007
0.560739
0.155912
0.131466
0.344864
0.430626
0.412301
0.396884
0.248074
0.207139
0.193208
0.116648
0.217843
0.204817
0.19641
0.198767
0.179646
0.143348
0.187438
0.179125
0.130051
0.170291
0.219724
0.166635
0.173849
0.108469
0.201478
0.0981655
0.232352
0.221014
0.167368
0.207914
0.266445
0.190936
0.268411
0.19623
0.422369
0.558788
0.194576
0.262905
0.140507
0.523797
0.273564
0.413794
0.288238
0.23729
0.21284
0.491251
0.430134
0.211096
0.349972
0.35864
0.209956
0.303606
0.529578
0.393511
0.238396
0.610954
0.587751
0.304447
0.296902
0.275253
0.336194
0.253563
0.396002
0.288087
0.483958
0.199147
0.18706
0.294758
0.33315
0.578159
0.425815
0.493543
0.466557
0.403901
0.470529
0.368211
0.49271
0.410585
0.309953
0.417284
0.351672
0.606717
0.538884
0.656932
0.534473
0.455946
0.600554
0.577567
0.429198
0.451184
0.628916
0.545434
0.165797
0.246439
0.256612
0.351271
0.260512
0.336375
0.467998
0.198562
0.451612
0.198931
0.23679
0.216544
0.231078
0.172792
0.147674
0.230415
0.216019
0.115665
0.26496
0.229324
0.240984
0.272113
0.157376
0.160715
0.161336
0.169233
0.181161
0.122591
0.133625
0.243051
0.217293
0.247047
0.195525
0.224777
0.486126
0.557433
0.390419
0.14132
0.106551
0.180876
0.212535
0.218977
0.275126
0.221089
0.170658
0.171896
0.204421
0.177921
0.193216
0.189983
0.130185
0.21261
0.201529
0.18609
0.182602
0.204668
0.114237
0.19925
0.167516
0.197381
0.214662
0.16078
0.202476
0.222427
0.46594
0.126448
0.2328
0.244443
0.177845
0.169988
0.190921
0.180101
0.177413
0.163103
0.169782
0.172202
0.18119
0.187799
0.194264
0.193026
0.219952
0.20125
0.223389
0.199033
0.211464
0.174049
0.21684
0.195374
0.228654
0.209895
0.198347
0.150772
0.172159
0.265801
0.223332
0.2353
0.207353
0.201012
0.213832
0.43551
0.36299
0.439886
0.560724
0.375793
0.525597
0.257232
0.250492
0.534056
0.342465
0.553166
0.16495
0.152031
0.192495
0.19644
0.173722
0.254835
0.230778
0.190601
0.317268
0.317675
0.228279
0.313824
0.127774
0.1664
0.180463
0.166777
0.194817
0.185714
0.188452
0.186095
0.169915
0.285177
0.224596
0.207717
0.193673
0.157195
0.108118
0.21726
0.247981
0.256808
0.237154
0.270615
0.24064
0.212798
0.145498
0.174809
0.224959
0.191759
0.209128
0.156136
0.165675
0.205972
0.166428
0.192263
0.243182
0.18583
0.199352
0.183313
0.189061
0.17714
0.160524
0.183618
0.240046
0.182083
0.189344
0.206166
0.192989
0.159251
0.188527
0.155358
0.173069
0.235554
0.176814
0.157889
0.110618
0.185618
0.107462
0.16923
0.138333
0.185616
0.174608
0.185811
0.142303
0.16654
0.126286
0.14968
0.157517
0.149006
0.118262
0.175066
0.188913
0.152883
0.173119
0.201239
0.188911
0.196993
0.0607853
0.0775942
0.0732734
0.071672
0.0748124
0.0791371
0.0671526
0.0729333
0.0725739
0.078951
0.0686217
0.0755901
0.0702743
0.076403
0.0828031
0.075764
0.0831088
0.0846598
0.0900103
0.0697581
0.18859
0.0885328
0.0805937
0.0796933
0.0882556
0.0845639
0.0750957
0.0820352
0.075206
0.0838622
0.0711778
0.0790568
0.0725821
0.0814134
0.0805098
0.0782397
0.0884909
0.0410157
0.0601555
0.0619641
0.0579961
0.0376429
0.0481812
0.0269445
0.0603236
0.0321511
0.05092
0.0401117
0.0223087
0.0781647
0.0732246
0.0606908
0.0875508
0.0709744
0.069662
0.0817039
0.085235
0.0774931
0.0828116
0.0802792
0.0883074
0.0973527
0.066583
0.0625246
0.0722612
0.0624477
0.0717926
0.0626721
0.0620644
0.0796994
0.0661486
0.0812309
0.0667481
0.0574968
0.0895699
0.0468537
0.0195817
0.0888079
0.0457127
0.0496355
0.0315436
0.0465221
0.0478182
0.0317054
0.0430465
0.0266724
0.0304901
0.0858996
0.0915806
0.0952135
0.103394
0.0965251
0.100092
0.0827075
0.0854666
0.0917041
0.0952921
0.0859847
0.0927657
0.0947438
0.0915702
0.101397
0.084829
0.0973442
0.0867278
0.0932293
0.0940194
0.0867756
0.0905301
0.098321
0.101568
0.0880424
0.0884889
0.18644
0.108622
0.101647
0.104142
0.109906
0.086621
0.0970371
0.12556
0.0865764
0.10361
0.0881689
0.0875824
0.0902829
0.111263
0.0958007
0.141694
0.172236
0.142475
0.137457
0.146233
0.100068
0.11051
0.0879543
0.118304
0.0878688
0.121072
0.181265
0.0880961
0.0738667
0.072912
0.0810805
0.0863498
0.105838
0.101416
0.0910857
0.0912591
0.0808094
0.0856251
0.0905409
0.0613316
0.0839046
0.076248
0.08046
0.0910571
0.0848933
0.0770331
0.0868885
0.0833377
0.0623454
0.072763
0.0825498
0.0719145
0.125808
0.0927927
0.0960432
0.115106
0.0928186
0.101153
0.109177
0.102643
0.077977
0.0953791
0.106417
0.0923822
0.0883726
0.0870446
0.0899196
0.109301
0.0926411
0.104264
0.0983917
0.0995094
0.0791629
0.105
0.0990839
0.0988267
0.078251
0.0889381
0.0874508
0.0731389
0.0913084
0.0632505
0.061537
0.0611531
0.0662684
0.0667989
0.0626374
0.058103
0.0284296
0.0904569
0.0923307
0.318265
0.0555837
0.283191
0.0538788
0.112477
0.0605612
0.0593348
0.0733496
0.0603698
0.0867698
0.0795837
0.0530015
0.107934
0.0570201
0.0605051
0.134902
0.128738
0.0586975
0.0452025
0.0672116
0.0574893
0.0652647
0.0593465
0.0604415
0.0485902
0.0614756
0.0625949
0.0620217
0.0806484
0.0685013
0.0677445
0.0599108
0.0612964
0.0842046
0.0579081
0.0587116
0.0624146
0.0659095
0.0568723
0.0659874
0.0640999
0.0654708
0.0601726
0.0719909
0.0670704
0.0606682
0.0655752
0.0638499
0.0647915
0.0703147
0.0889245
0.155472
0.121717
0.135805
0.0923029
0.0631723
0.0608324
0.300113
0.124125
0.115981
0.0733206
0.118462
0.0678004
0.125842
0.196966
0.212507
0.0290426
0.0293094
0.0226011
0.0303288
0.0318615
0.0309294
0.0438074
0.0353191
0.0471604
0.0509435
0.0366456
0.048402
0.0520661
0.245398
0.267359
0.123518
0.0739439
0.044255
0.0617714
0.0451233
0.055789
0.0579963
0.0625818
0.0548678
0.0738495
0.0832026
0.0742705
0.0701201
0.0690037
0.067401
0.0695923
0.0718537
0.0831121
0.0866914
0.0931407
0.100751
0.105564
0.0925249
0.10915
0.101616
0.152651
0.0885938
0.0876923
0.0909285
0.0973336
0.0779814
0.0887113
0.0964245
0.0874811
0.0963356
0.0733302
0.0929664
0.082515
0.0926742
0.083713
0.0901759
0.0955604
0.0759547
0.0904748
0.0989573
0.0705497
0.095047
0.173851
0.152494
0.170873
0.191469
0.0842252
0.498921
0.397692
0.155264
0.176187
0.156611
0.14039
0.142879
0.148106
0.148989
0.207291
0.268151
0.106231
0.117353
0.116642
0.0990916
0.110784
0.0894004
0.0761393
0.0694836
0.0899345
0.105117
0.0883095
0.0750371
0.0951501
0.0789837
0.088416
0.090758
0.10873
0.0917709
0.0947809
0.12339
0.117787
0.130123
0.126561
0.0562296
0.0861508
0.047339
0.0991703
0.123397
0.0425307
0.123786
0.0554867
0.249433
0.249486
0.215741
0.120339
0.235675
0.133617
0.289849
0.0699234
0.0297103
0.0404565
0.0379658
0.0308305
0.0447286
0.0319712
0.0304187
0.0392343
0.0343542
0.0219881
0.0263594
0.0281402
0.028348
0.0252541
0.0317164
0.0286065
0.0293771
0.0281076
0.0323974
0.0357942
0.0273726
0.027515
0.094832
0.113117
0.101501
0.0906882
0.222082
0.0977292
0.123247
0.0930165
0.12066
0.105015
0.207097
0.0958811
0.0866043
0.0921789
0.0980801
0.0979333
0.12729
0.113298
0.137463
0.135724
0.142601
0.12894
0.136853
0.151752
0.114779
0.159839
0.106585
0.199013
0.181471
0.112467
0.134053
0.111179
0.120875
0.142143
0.146585
0.0882436
0.0906152
0.103653
0.106149
0.115703
0.107117
0.131129
0.115017
0.108209
0.110596
0.120607
0.119779
0.13097
0.144643
0.143343
0.146126
0.122514
0.123124
0.149192
0.135972
0.176221
0.175813
0.131927
0.173808
0.16629
0.160737
0.100505
0.112664
0.110573
0.0988064
0.112263
0.106946
0.112729
0.119649
0.141389
0.150953
0.143733
0.14007
0.136611
0.172931
0.11856
0.115603
0.131554
0.159238
0.169648
0.11886
0.125573
0.125285
0.130717
0.119239
0.121822
0.122641
0.11285
0.0881758
0.0617647
0.0904798
0.0620883
0.084762
0.0763742
0.084898
0.0829218
0.0811608
0.0924418
0.0843596
0.0898647
0.0838992
0.0962495
0.11006
0.124365
0.118079
0.130807
0.11902
0.137943
0.130594
0.119321
0.0992226
0.0906847
0.0912733
0.107215
0.0951458
0.101918
0.105045
0.10459
0.0925653
0.111458
0.118419
0.12409
0.13037
0.116009
0.136133
0.11289
0.129782
0.106094
0.102331
0.107326
0.112435
0.107317
0.0991974
0.0932816
0.120898
0.106651
0.128193
0.108537
0.100057
0.126908
0.0997119
0.101685
0.0870022
0.0920913
0.106001
0.116963
0.132756
0.114081
0.129383
0.109546
0.133971
0.109851
0.104631
0.113069
0.155642
0.123561
0.112318
0.100925
0.111043
0.114733
0.149306
0.157941
0.170976
0.119538
0.152601
0.104183
0.23219
0.123194
0.10803
0.275073
0.162537
0.170696
0.125697
0.155574
0.127887
0.159365
0.134143
0.122963
0.112186
0.0931276
0.133378
0.130937
0.174076
0.131602
0.114356
0.154776
0.155284
0.161722
0.1295
0.20275
0.252957
0.15368
0.16534
0.184316
0.165099
0.11628
0.117733
0.130586
0.133007
0.168608
0.214542
0.147233
0.137446
0.444608
0.146282
0.334365
0.164961
0.158449
0.190713
0.151379
0.169798
0.201351
0.203553
0.178927
0.196147
0.172879
0.2092
0.170465
0.21637
0.152633
0.141699
0.176468
0.127726
0.382695
0.185678
0.21076
0.226933
0.28637
0.18402
0.186274
0.162434
0.161938
0.161756
0.17537
0.155336
0.125875
0.19122
0.195527
0.213473
0.11103
0.197772
0.1526
0.160603
0.123848
0.14162
0.138724
0.177378
0.205929
0.138044
0.154061
0.174125
0.242849
0.20213
0.169807
0.128015
0.125903
0.124587
0.147539
0.171106
0.182362
0.161693
0.14095
0.142113
0.172024
0.101599
0.172887
0.135868
0.150683
0.328824
0.349991
0.222879
0.178819
0.32291
0.447112
0.248848
0.166558
0.201372
0.10407
0.0873748
0.127618
0.148357
0.146236
0.108235
0.233535
0.301788
0.127434
0.125588
0.141832
0.130848
0.133971
0.114104
0.103351
0.131705
0.146879
0.120326
0.105073
0.116842
0.155274
0.130251
0.11988
0.148327
0.183051
0.12679
0.0769078
0.0936373
0.0877082
0.107258
0.090413
0.0886026
0.0875233
0.0775416
0.0806897
0.146474
0.149542
0.199004
0.158037
0.185237
0.15131
0.15064
0.149536
0.133141
0.103161
0.0984703
0.12719
0.0999328
0.0950207
0.107813
0.184343
0.18015
0.16876
0.101429
0.102783
0.107142
0.142732
0.146762
0.127256
0.0755331
0.0545388
0.0465242
0.069566
0.108393
0.104533
0.0719221
0.0506433
0.0735869
0.142609
0.181672
0.165938
0.153747
0.148157
0.178534
0.176944
0.139636
0.113018
0.130776
0.164869
0.136656
0.107295
0.145759
0.196357
0.1748
0.169704
0.169386
0.162534
0.144967
0.158409
0.190344
0.186576
0.160905
0.175781
0.175501
0.153731
0.201649
0.165492
0.158139
0.187899
0.157871
0.167399
0.182054
0.199027
0.0915456
0.0825531
0.114653
0.0888623
0.0999918
0.100634
0.10894
0.0916267
0.115053
0.1029
0.113797
0.100535
0.100021
0.156262
0.179781
0.148907
0.134241
0.124532
0.211431
0.124004
0.198112
0.208926
0.151101
0.150233
0.134071
0.128203
0.093704
0.118078
0.129313
0.103979
0.112255
0.169616
0.11398
0.129175
0.130144
0.165058
0.147719
0.169147
0.197275
0.174151
0.204554
0.18505
0.201598
0.115529
0.136991
0.164514
0.145595
0.132091
0.146976
0.120396
0.122088
0.125168
0.121296
0.115688
0.163122
0.140571
0.157129
0.148311
0.128292
0.14086
0.111678
0.120768
0.131755
0.14939
0.149877
0.179565
0.122414
0.111234
0.164582
0.150668
0.135783
0.172185
0.104378
0.157357
0.177616
0.182044
0.135915
0.0323257
0.0366511
0.0341279
0.0368497
0.0390399
0.0426309
0.0391223
0.0401621
0.0634663
0.0638584
0.0758838
0.0796614
0.0729261
0.150468
0.177575
0.137739
0.139899
0.164928
0.143542
0.128596
0.137004
0.156618
0.149938
0.128926
0.161509
0.146399
0.142571
0.192534
0.128198
0.124159
0.133352
0.132969
0.111575
0.118667
0.118165
0.114979
0.141573
0.107505
0.186215
0.162331
0.141198
0.14621
0.136858
0.13042
0.146139
0.149293
0.169112
0.135936
0.031781
0.0293935
0.0302849
0.0289726
0.0310837
0.243922
0.232942
0.221716
0.169214
0.183498
0.219924
0.172502
0.163394
0.18137
0.171749
0.211863
0.181565
0.20174
0.245136
0.199371
0.184151
0.277563
0.273119
0.254791
0.16768
0.219104
0.183382
0.20815
0.177813
0.173765
0.184172
0.213691
0.172731
0.227316
0.269365
0.238369
0.188179
0.274981
0.223068
0.251454
0.203403
0.270476
0.327471
0.253735
0.287278
0.199374
0.218754
0.303124
0.268557
0.364718
0.310867
0.252081
0.344426
0.196083
0.168944
0.335559
0.331828
0.292166
0.200345
0.262926
0.205697
0.144512
0.117698
0.101217
0.11745
0.0957314
0.207488
0.109779
0.0977944
0.197478
0.149225
0.172597
0.151845
0.131175
0.108425
0.139343
0.133574
0.237983
0.232747
0.202967
0.129765
0.124338
0.194233
0.119428
0.120487
0.134338
0.153112
0.232726
0.270186
0.228453
0.218521
0.279353
0.202278
0.169762
0.227938
0.24464
0.165901
0.207012
0.14644
0.193524
0.180702
0.15792
0.179975
0.140552
0.154758
0.196289
0.10891
0.122602
0.163428
0.11516
0.113061
0.134361
0.126328
0.115633
0.135544
0.158453
0.117333
0.143249
0.161908
0.180675
0.197512
0.179404
0.173399
0.20083
0.193186
0.217018
0.160622
0.196511
0.212113
0.277561
0.295031
0.275552
0.267161
0.200026
0.232536
0.190659
0.214407
0.279185
0.228827
0.266957
0.282155
0.362967
0.293698
0.287714
0.286246
0.317279
0.20757
0.22702
0.293885
0.20792
0.30126
0.409492
0.217493
0.361337
0.287233
0.328104
0.124105
0.139486
0.1188
0.160111
0.149195
0.170759
0.193484
0.164653
0.113005
0.0989098
0.101671
0.0930037
0.0990477
0.103559
0.171144
0.11621
0.139922
0.0967321
0.105957
0.130657
0.138801
0.163818
0.116259
0.146869
0.175867
0.193466
0.107621
0.14752
0.132949
0.11358
0.113431
0.118528
0.118455
0.131185
0.162766
0.210142
0.18359
0.130575
0.137685
0.156971
0.140089
0.14468
0.144549
0.171818
0.180065
0.204293
0.187808
0.188067
0.145587
0.150307
0.147635
0.166051
0.159007
0.175573
0.170042
0.153177
0.164045
0.137837
0.149407
0.178481
0.163209
0.151108
0.154041
0.195937
0.156774
0.189538
0.126817
0.127374
0.127273
0.105678
0.129545
0.0891926
0.0923478
0.100054
0.11507
0.106226
0.101796
0.070411
0.0648444
0.086587
0.0769387
0.0843697
0.086926
0.0871679
0.0996608
0.0767818
0.0906447
0.102808
0.106734
0.152673
0.142013
0.152674
0.159981
0.179738
0.200001
0.0286947
0.0229462
0.0228997
0.0241198
0.0320039
0.0324208
0.0379347
0.0339818
0.0553474
0.0636242
0.0657892
0.0630724
0.0688429
0.0651516
0.0368338
0.0470088
0.0401983
0.0259777
0.0283959
0.0371358
0.0570049
0.0726193
0.0382778
0.073829
0.0611709
0.0512143
0.0751369
0.0316216
0.0244044
0.0284111
0.0336663
0.0476059
0.0243458
0.0448993
0.0561629
0.0582216
0.0704584
0.0700635
0.0803435
0.0870863
0.0790049
0.0880146
0.0749851
0.0718333
0.0703602
0.0570548
0.0611704
0.084153
0.0671091
0.0234824
0.0278621
0.0253347
0.0214518
0.027146
0.0344591
0.02503
0.0334728
0.0257245
0.0225627
0.0442323
0.0422046
0.0486286
0.0259072
0.0237047
0.0241302
0.0399096
0.0301761
0.0914631
0.102955
0.114251
0.0984891
0.0932629
0.0937461
0.0909788
0.0759511
0.0611323
0.0552685
0.0619359
0.0643509
0.0545115
0.0711735
0.0680082
0.0851313
0.0894049
0.0771088
0.0727191
0.0852017
0.0708331
0.0813419
0.0769175
0.0648776
0.0765956
0.0761834
0.0790251
0.0820866
0.0773338
0.0757573
0.0784149
0.0708251
0.0782241
0.0683926
0.075387
0.080357
0.0775211
0.111365
0.117604
0.093351
0.110609
0.108298
0.120271
0.110489
0.126465
0.0955794
0.0892517
0.100644
0.12933
0.122395
0.122041
0.11337
0.10994
0.154388
0.150332
0.15862
0.177928
0.141615
0.150174
0.183222
0.198661
0.178916
0.187885
0.184965
0.155197
0.180748
0.0846237
0.0875064
0.0770557
0.0945407
0.0924595
0.0975868
0.0913431
0.0946232
0.131029
0.0833464
0.126353
0.139331
0.106046
0.102059
0.114393
0.146266
0.118719
0.129584
0.14167
0.116231
0.164756
0.17325
0.0392115
0.0557577
0.0554944
0.0604863
0.0384018
0.063965
0.0514852
0.0396203
0.0493251
0.0528498
0.198738
0.184054
0.1875
0.182102
0.19893
0.314891
0.255722
0.197366
0.372034
0.300864
0.218642
0.178149
0.178495
0.194599
0.179765
0.147791
0.16914
0.14497
0.172943
0.178964
0.127349
0.143828
0.140854
0.140565
0.248582
0.18291
0.193451
0.168183
0.103794
0.20765
0.192316
0.283795
0.324529
0.245777
0.283554
0.332134
0.276859
0.370618
0.239558
0.219578
0.262962
0.349118
0.387589
0.342783
0.288962
0.334575
0.200808
0.217406
0.208103
0.0791776
0.0806195
0.0809065
0.0869372
0.0884253
0.0870918
0.085137
0.0899382
0.106483
0.0994884
0.115182
0.0992399
0.101156
0.134035
0.190123
0.162322
0.162972
0.198538
0.186078
0.169477
0.211572
0.230421
0.220075
0.211324
0.209341
0.207567
0.190253
0.156218
0.20115
0.167784
0.214217
0.199463
0.0266309
0.0263723
0.026478
0.0265903
0.0265693
0.0785806
0.0247136
0.0388021
0.145547
0.0478325
0.04209
0.0266133
0.0504057
0.0531464
0.0273345
0.0257465
0.0257489
0.0258103
0.0259943
0.0248841
0.0412525
0.0245503
0.0292005
0.0255203
0.0263894
0.0255936
0.0260536
0.0274413
0.0369734
0.0264289
0.0259634
0.0514753
0.0332882
0.0306148
0.0253671
0.0921973
0.0255695
0.026112
0.180965
0.188939
0.0254274
0.0433593
0.0255539
0.0663879
0.0249527
0.0434811
0.0250701
0.0442234
0.0365046
0.024782
0.0249021
0.029032
0.0248572
0.0261089
0.0379921
0.0363535
0.0251442
0.0270533
0.0261425
0.024951
0.0259434
0.0247587
0.0387042
0.0357283
0.0254556
0.220807
0.0298176
0.0241218
0.0237664
0.0234312
0.0257443
0.124667
0.0337075
0.025175
0.0269022
0.0252412
0.0265657
0.037538
0.0252375
0.0247942
0.0249814
0.0252635
0.0251972
0.026539
0.0356197
0.0273093
0.0406743
0.0347564
0.0457441
0.0273026
0.0275142
0.0381753
0.0336522
0.0307966
0.0400431
0.0395456
0.0509475
0.0258505
0.0409281
0.025716
0.0384039
0.054651
0.026532
0.0258783
0.0257634
0.0315943
0.0278905
0.0265469
0.0269047
0.0447522
0.0256327
0.0254489
0.0302367
0.0656588
0.0277947
0.0308637
0.0280581
0.0249092
0.0247668
0.0640227
0.0257562
0.0249145
0.024756
0.0234722
0.0298564
0.0292006
0.0284819
0.0288969
0.028815
0.0237853
0.0255742
0.0284422
0.0362194
0.0297278
0.0730958
0.0819817
0.0779349
0.0916217
0.071016
0.125254
0.110206
0.219084
0.211099
0.217489
0.189757
0.18665
0.169521
0.202392
0.200439
0.186189
0.176624
0.0820493
0.124838
0.112854
0.133908
0.12626
0.206608
0.230038
0.240352
0.238762
0.0537655
0.0585985
0.0553553
0.11855
0.114319
0.0892378
0.0488857
0.0692602
0.0515372
0.0959735
0.0729067
0.103156
0.10317
0.062177
0.0891021
0.0994826
0.0751645
0.0887852
0.0836259
0.0820863
0.0676727
0.0694104
0.0534638
0.0814035
0.0590938
0.0871302
0.124778
0.0854789
0.679189
0.349287
0.648998
0.640188
0.303236
0.497224
0.27762
0.0790438
0.0637375
0.0700638
0.149773
0.0789186
0.107912
0.116059
0.123548
0.02497
0.0237505
0.026176
0.0278652
0.0350894
0.118638
0.0258388
0.0249966
0.0253844
0.0264327
0.0952251
0.201684
0.0793475
0.0267874
0.0281998
0.0253017
0.0281091
0.0439174
0.0253664
0.0255845
0.0270554
0.026642
0.0361777
0.0269099
0.028288
0.0248838
0.0277711
0.0253713
0.025587
0.0250289
0.0369459
0.025753
0.0249143
0.0254505
0.043958
0.0268865
0.0279268
0.0267495
0.0249425
0.114211
0.0501088
0.0281667
0.025724
0.0293996
0.0286761
0.0252055
0.0266327
0.0517099
0.0448555
0.0562653
0.048299
0.0689573
0.0686026
0.0673709
0.0681659
0.0226719
0.0221092
0.0245313
0.0213702
0.0216749
0.0227047
0.0227669
0.0632177
0.110762
0.166796
0.0556546
0.0987113
0.0466438
0.0588165
0.0653427
0.0521891
0.0649046
0.119214
0.119207
0.188332
0.13092
0.135553
0.181533
0.179642
0.164811
0.119829
0.117206
0.130515
0.11499
0.125783
0.109117
0.113143
0.146727
0.134465
0.135679
0.118178
0.157179
0.159102
0.167013
0.198717
0.149339
0.113407
0.141986
0.131016
0.118971
0.144703
0.171789
0.125856
0.161419
0.156113
0.136924
0.151888
0.168646
0.096296
0.0930286
0.0854725
0.0932882
0.276214
0.189774
0.229378
0.305244
0.260957
0.243067
0.229473
0.312199
0.235746
0.365017
0.549271
0.585901
0.240147
0.366653
0.263259
0.30679
0.246343
0.261711
0.126849
0.224252
0.104066
0.0501897
0.0868519
0.0847347
0.168838
0.148424
0.144192
0.163385
0.138944
0.151307
0.1681
0.120739
0.0968881
0.123685
0.165776
0.1437
0.153889
0.163831
0.145677
0.155566
0.121362
0.128147
0.180818
0.195329
0.211441
0.175071
0.164326
0.168998
0.15331
0.0661875
0.0281711
0.0411175
0.0404628
0.0293432
0.0335697
0.0462316
0.0268186
0.0507476
0.0574772
0.0509174
0.0451101
0.0340979
0.0495239
0.156101
0.155814
0.236094
0.143374
0.16636
0.173344
0.14862
0.32559
0.128387
0.284538
0.129914
0.102044
0.0986654
0.119422
0.105744
0.251841
0.162099
0.128566
0.224117
0.110652
0.132226
0.149432
0.159792
0.15695
0.159699
0.175495
0.178502
0.169504
0.264062
0.130385
0.128208
0.147479
0.166548
0.144207
0.129959
0.188564
0.115441
0.0977139
0.0899879
0.103939
0.0944832
0.118404
0.153041
0.123609
0.128343
0.111345
0.129046
0.143673
0.236184
0.194954
0.217762
0.132168
0.327221
0.235919
0.149285
0.162602
0.208998
0.153132
0.130926
0.125588
0.213174
0.21169
0.136929
0.13033
0.159232
0.147807
0.14346
0.105821
0.103882
0.150741
0.118485
0.13553
0.109205
0.104787
0.108249
0.103415
0.0959299
0.0765419
0.111196
0.121112
0.150579
0.150114
0.170188
0.169674
0.185619
0.158351
0.144507
0.166019
0.284365
0.336396
0.221281
0.174615
0.217447
0.140409
0.311799
0.326736
0.357718
0.379142
0.329026
0.290836
0.29903
0.363329
0.4766
0.452677
0.271063
0.477569
0.390543
0.135595
0.51159
0.519985
0.142828
0.231745
0.380283
0.395056
0.371171
0.502275
0.489485
0.330162
0.354315
0.395902
0.321246
0.371586
0.347732
0.406847
0.328432
0.0542982
0.0349878
0.0300038
0.0263726
0.0328474
0.0270913
0.0422413
0.0307858
0.0379602
0.0379633
0.0375061
0.0404094
0.0344951
0.0404863
0.03711
0.0807245
0.0680432
0.0745352
0.0926384
0.108468
0.0409682
0.0375784
0.0278043
0.0283981
0.0277963
0.0299072
0.027144
0.0276499
0.0320861
0.0293688
0.036412
0.0277771
0.319221
0.25652
0.0506036
0.0359219
0.0431154
0.0541228
0.0370058
0.181558
0.146988
0.143038
0.117057
0.10518
0.106683
0.124849
0.10654
0.100179
0.105442
0.121928
0.101916
0.110489
0.107908
0.0860862
0.205576
0.116277
0.118252
0.252007
0.111639
0.0386095
0.0632563
0.0715623
0.0643412
0.530258
0.0380363
0.216775
0.0527249
0.0314219
0.0613693
0.125501
0.200716
0.0249368
0.026816
0.0253744
0.0584069
0.0494569
0.0325577
0.0466204
0.0623294
0.0379388
0.03673
0.0439736
0.0418639
0.0266021
0.0415104
0.101551
0.151641
0.243826
0.107173
0.272717
0.218502
0.0531827
0.282507
0.0637668
0.267871
0.28909
0.227856
0.408765
0.167067
0.35828
0.342931
0.191242
0.0423632
0.0210795
0.0569275
0.056987
0.0622401
0.0178176
0.0590572
0.145474
0.129254
0.134451
0.0928854
0.0480218
0.20098
0.116601
0.122626
0.0999173
0.0367023
0.12212
0.079771
0.174886
0.149656
0.106879
0.0988669
0.0973829
0.0881021
0.0840382
0.0878204
0.0998548
0.0977804
0.0877042
0.0703732
0.0636377
0.0614629
0.0776916
0.0682921
0.0912649
0.0554749
0.0755624
0.0682838
0.0665066
0.079501
0.0781619
0.0547837
0.055943
0.0366955
0.0432
0.0371968
0.02989
0.0339013
0.0306556
0.0569859
0.0747269
0.0704341
0.0688299
0.078479
0.0847593
0.0820297
0.0890545
0.0651835
0.060165
0.0423713
0.0767718
0.0573652
0.0400272
0.139055
0.0295898
0.0310262
0.0341357
0.0361402
0.0357557
0.0328025
0.0299787
0.0314053
0.0302885
0.0373073
0.0246922
0.0253242
0.0255381
0.0245077
0.0244159
0.0254737
0.0259448
0.025927
0.0260409
0.0259328
0.025965
0.0259949
0.0260987
0.133841
0.119347
0.152418
0.155024
0.13655
0.137757
0.148766
0.115804
0.149688
0.462259
0.164871
0.46647
0.468695
0.376008
0.366244
0.211319
0.185639
0.233667
0.208354
0.250278
0.164306
0.204883
0.212985
0.163093
0.186154
0.151903
0.167919
0.169487
0.243094
0.188998
0.14085
0.129288
0.138566
0.149206
0.127644
0.124968
0.113556
0.128352
0.114026
0.135613
0.137984
0.359704
0.151059
0.18465
0.323969
0.200381
0.205818
0.127169
0.133609
0.229238
0.107516
0.0968814
0.187904
0.0878476
0.0794887
0.11249
0.0961543
0.101462
0.13835
0.146499
0.14959
0.138969
0.161776
0.174949
0.1517
0.176457
0.0916884
0.0965275
0.1127
0.17263
0.0586462
0.0548721
0.108212
0.0858868
0.0623987
0.0598341
0.0851097
0.119594
0.180554
0.112327
0.0965109
0.200358
0.058101
0.153497
0.398909
0.285334
0.0717798
0.062728
0.0796203
0.0722099
0.0699071
0.0834943
0.0998123
0.10878
0.145288
0.140052
0.114894
0.110886
0.137757
0.124966
0.119947
0.145958
0.0589139
0.062884
0.0579937
0.0569748
0.064188
0.0384974
0.0265564
0.0265362
0.0266371
0.0265288
0.0265359
0.0262386
0.0261622
0.0256079
0.0261047
0.0250042
0.0258035
0.0260123
0.026116
0.0261497
0.0260122
0.0261641
0.0261395
0.0261205
0.026112
0.134608
0.123926
0.139413
0.148134
0.155636
0.1089
0.141053
0.103655
0.153432
0.13501
0.142405
0.125053
0.0255423
0.0267166
0.0235945
0.0247586
0.0264025
0.0251329
0.0238392
0.0203846
0.0255728
0.199649
0.210809
0.2452
0.196088
0.174111
0.132987
0.154132
0.178809
0.162136
0.184664
0.152892
0.134779
0.0476275
0.0632217
0.289097
0.0498266
0.165553
0.0263216
0.0412111
0.0582746
0.0441882
0.0357085
0.0424265
0.0429193
0.151844
0.13373
0.144746
0.167852
0.155908
0.158447
0.21191
0.121487
0.224441
0.223926
0.27311
0.281221
0.215274
0.170254
0.101439
0.131006
0.133499
0.0932526
0.129194
0.0894136
0.314317
0.292153
0.193654
0.162062
0.14178
0.184878
0.167087
0.176765
0.0282264
0.0251673
0.0449169
0.0279761
0.026096
0.0255084
0.0263675
0.0391413
0.0434339
0.026512
0.0268424
0.0506392
0.052447
0.0259349
0.0245796
0.0242627
0.0259092
0.0249998
0.0252816
0.0263841
0.0250235
0.0251493
0.0804201
0.0805745
0.110406
0.0674537
0.0373443
0.124333
0.162344
0.161585
0.104373
0.114915
0.121522
0.0806935
0.0712701
0.064103
0.0861039
0.0615394
0.0538161
0.0542759
0.0608675
0.057983
0.115076
0.111099
0.125929
0.118725
0.121014
0.116067
0.156796
0.12847
0.0467471
0.0321233
0.0485639
0.032007
0.0383459
0.0566188
0.0686504
0.044862
0.0512843
0.028814
0.054671
0.0347909
0.0530357
0.0589666
0.0421246
0.0798775
0.0385039
0.0521628
0.0255523
0.0418402
0.0409551
0.063558
0.105175
0.0519051
0.0852958
0.0957812
0.0825284
0.170231
0.16269
0.148842
0.154832
0.122077
0.175556
0.133865
0.164367
0.165441
0.147237
0.141239
0.143795
0.122078
0.185494
0.142172
0.229886
0.35963
0.314244
0.228234
0.288563
0.286817
0.262843
0.134314
0.125108
0.153349
0.163958
0.252007
0.118486
0.182731
0.191658
0.10122
0.0933449
0.0882191
0.0862407
0.0851939
0.119406
0.101202
0.121463
0.148488
0.150385
0.135856
0.222532
0.105517
0.13904
0.110781
0.115974
0.137486
0.13776
0.15286
0.140286
0.152853
0.156884
0.142272
0.162947
0.151778
0.168245
0.157662
0.29958
0.155078
0.136307
0.185883
0.155153
0.202969
0.193581
0.116689
0.10251
0.12231
0.231007
0.113918
0.130152
0.146176
0.144488
0.144816
0.144411
0.151301
0.145624
0.148464
0.154858
0.0869732
0.0643304
0.093529
0.0732014
0.0823649
0.1016
0.0728095
0.0884687
0.172808
0.176279
0.229511
0.151407
0.181886
0.196419
0.168275
0.142051
0.160202
0.327239
0.436466
0.357827
0.310195
0.302683
0.29417
0.222738
0.29549
0.278228
0.299372
0.214377
0.199174
0.200482
0.194461
0.179151
0.175215
0.160211
0.161129
0.188438
0.184017
0.205475
0.182767
0.24834
0.260865
0.241003
0.16433
0.184118
0.209962
0.198793
0.229532
0.244602
0.183255
0.324333
0.204937
0.219512
0.214923
0.281968
0.323964
0.142534
0.148743
0.152989
0.168305
0.145504
0.16611
0.210995
0.157144
0.140278
0.162136
0.149316
0.164684
0.145769
0.138861
0.119752
0.140685
0.160499
0.105838
0.0865874
0.110713
0.114277
0.12915
0.0806162
0.0766076
0.0871857
0.0875404
0.0917262
0.0913081
0.0916957
0.123813
0.125387
0.151777
0.134628
0.149686
0.138167
0.144395
0.134849
0.156991
0.152543
0.163519
0.130707
0.116095
0.132964
0.146983
0.137785
0.158361
0.148791
0.160386
0.10504
0.124451
0.123962
0.0921932
0.115013
0.103883
0.102356
0.12113
0.115823
0.112088
0.129002
0.0990051
0.167624
0.108018
0.117684
0.0965424
0.105545
0.093607
0.0943628
0.0923791
0.0975568
0.093072
0.0923395
0.0705844
0.140571
0.135723
0.120781
0.125735
0.122933
0.12516
0.0433067
0.314707
0.121852
0.281072
0.365023
0.212746
0.190248
0.212546
0.250506
0.264867
0.344576
0.197353
0.299295
0.127682
0.132801
0.124352
0.12214
0.147992
0.182519
0.135931
0.171364
0.140508
0.137349
0.148999
0.0705102
0.0676627
0.0734091
0.0825718
0.0858364
0.0788671
0.111279
0.127398
0.102598
0.128323
0.0889196
0.0890209
0.107772
0.0271921
0.0314996
0.0259955
0.0274087
0.0281231
0.0812977
0.197449
0.045007
0.300307
0.114786
0.0934051
0.216406
0.257982
0.123517
0.0805107
0.0860754
0.0818657
0.0659459
0.0244516
0.0869805
0.0814178
0.028186
0.0210654
0.0200668
0.0238603
0.0859305
0.0673565
0.0825769
0.0808767
0.0661463
0.0524804
0.0849608
0.0502099
0.0670034
0.0579519
0.0795906
0.0733277
0.0704508
0.0684327
0.0397105
0.0623596
0.061763
0.0580556
0.0698233
0.0561591
0.0623721
0.0632481
0.0652411
0.0783089
0.0711872
0.0766108
0.0700355
0.0709705
0.0676941
0.0599418
0.0451009
0.0620603
0.0435627
0.0432367
0.120372
0.106302
0.113102
0.12067
0.132664
0.142333
0.127235
0.175239
0.125651
0.131784
0.133511
0.129181
0.108676
0.127584
0.119091
0.104385
0.110996
0.136017
0.178316
0.162638
0.141765
0.179728
0.163544
0.152791
0.146705
0.149765
0.153517
0.181447
0.173009
0.1628
0.173979
0.211737
0.230744
0.243254
0.207318
0.240223
0.185077
0.243921
0.211407
0.169461
0.209307
0.187802
0.192918
0.204698
0.0685798
0.100393
0.099307
0.0996896
0.0976396
0.108845
0.118237
0.0637359
0.0540589
0.0664045
0.049394
0.0647996
0.0603095
0.0566536
0.0708226
0.0556975
0.053414
0.0652605
0.0730226
0.0641066
0.0645817
0.0199781
0.046154
0.0748692
0.103773
0.0749546
0.0926247
0.0790664
0.0847489
0.0939722
0.0926309
0.0726191
0.0890773
0.0860086
0.0968549
0.0629233
0.0920952
0.0887336
0.0743052
0.0725412
0.0555708
0.0483346
0.0568615
0.0533907
0.055433
0.0594278
0.0402585
0.0548499
0.0568858
0.0470385
0.0825472
0.0553228
0.0724437
0.0518538
0.0780313
0.0824738
0.0629345
0.0498932
0.0691322
0.0787993
0.0720973
0.0668226
0.0597469
0.0443771
0.0679606
0.0541727
0.0683264
0.138623
0.153991
0.15852
0.164492
0.152604
0.156878
0.213628
0.218073
0.191225
0.182483
0.197066
0.206152
0.16142
0.162103
0.173479
0.171587
0.178846
0.172052
0.16099
0.171403
0.147746
0.164512
0.151756
0.162245
0.166798
0.131362
0.149643
0.164681
0.162644
0.191329
0.208965
0.156375
0.19452
0.166321
0.206916
0.172876
0.18895
0.151527
0.183767
0.160625
0.2167
0.230305
0.181092
0.194564
0.185804
0.173776
0.201721
0.242334
0.192642
0.151284
0.181965
0.183799
0.220478
0.176893
0.226367
0.187062
0.189349
0.178831
0.1987
0.143639
0.157913
0.138975
0.143152
0.190124
0.173524
0.121276
0.111968
0.164885
0.176376
0.157011
0.0960669
0.233728
0.214651
0.157827
0.173709
0.199098
0.21345
0.212376
0.174802
0.169436
0.15545
0.188522
0.205912
0.159251
0.473503
0.401224
0.374346
0.340691
0.459564
0.436874
0.0928646
0.112112
0.294995
0.26933
0.301608
0.421637
0.416816
0.181618
0.230072
0.213797
0.222065
0.207545
0.253565
0.196854
0.323148
0.0705395
0.155488
0.160011
0.0646789
0.11978
0.130882
0.134045
0.0766143
0.161175
0.187544
0.170504
0.140572
0.147639
0.24135
0.143963
0.143965
0.155326
0.152586
0.141261
0.110827
0.230168
0.0821541
0.154139
0.0776659
0.135638
0.139761
0.101188
0.257164
0.323661
0.228539
0.52969
0.386567
0.284223
0.279535
0.275812
0.43984
0.271991
0.273861
0.145679
0.246527
0.202974
0.423116
0.450437
0.386314
0.491182
0.560365
0.443329
0.530856
0.257003
0.262416
0.282037
0.129943
0.32737
0.249609
0.225295
0.579196
0.476972
0.318692
0.209469
0.181081
0.202372
0.199513
0.168381
0.105463
0.177411
0.191079
0.165776
0.224174
0.329377
0.232155
0.299132
0.34704
0.358499
0.396675
0.368078
0.503788
0.48762
0.440298
0.538676
0.457005
0.503084
0.390827
0.335746
0.104849
0.104069
0.260442
0.362311
0.213087
0.221916
0.0261678
0.0262739
0.0255581
0.0275312
0.0336625
0.0363877
0.0344086
0.0254636
0.0346799
0.0377859
0.0414157
0.0317144
0.0375055
0.0371561
0.0263291
0.202116
0.230864
0.194438
0.186836
0.102192
0.120979
0.0256475
0.316767
0.134086
0.0266474
0.0294051
0.0326759
0.0897106
0.0936188
0.0697505
0.0551759
0.0544586
0.059644
0.0701835
0.0463126
0.0263848
0.03812
0.0360267
0.0375124
0.0324262
0.0260554
0.0409419
0.0347849
0.0366658
0.0394975
0.0393128
0.0285646
0.0345057
0.0325893
0.0304493
0.0305948
0.0315288
0.067156
0.0473059
0.0422741
0.0515151
0.034369
0.0368182
0.0447487
0.0420277
0.0684148
0.107518
0.111439
0.0952877
0.180255
0.127717
0.162326
0.124173
0.163918
0.0987663
0.139164
0.142421
0.172127
0.169209
0.140067
0.135054
0.138415
0.128353
0.227214
0.169281
0.206828
0.176806
0.235191
0.169649
0.256112
0.189296
0.171814
0.236462
0.253683
0.0352269
0.03671
0.0427106
0.0311009
0.0333188
0.0340842
0.0221156
0.0278168
0.0210322
0.0300887
0.0349029
0.0444438
0.0300325
0.043344
0.0282969
0.0389567
0.0445786
0.0368287
0.0346941
0.0548089
0.0601039
0.0445187
0.0477836
0.0422432
0.030718
0.0301811
0.0529501
0.0309194
0.0351142
0.0298507
0.0290989
0.0353287
0.0376057
0.0699557
0.0388031
0.0549192
0.0434077
0.0470008
0.0350376
0.0230052
0.0217878
0.0215348
0.0265242
0.0231726
0.0241181
0.0238942
0.0376875
0.0456803
0.047198
0.0494843
0.0554073
0.0336143
0.0429348
0.0371683
0.0426444
0.05666
0.0445419
0.049941
0.0429639
0.0374968
0.0479313
0.0308246
0.0273002
0.0349519
0.0289598
0.03663
0.0281769
0.0284214
0.0298893
0.0317101
0.0308063
0.0299737
0.0340806
0.0538104
0.0306353
0.0336551
0.0333426
0.0410864
0.0328647
0.144732
0.0345902
0.0359609
0.0501705
0.0378063
0.0309816
0.0335906
0.0341345
0.0358696
0.319205
0.2216
0.309045
0.310676
0.254825
0.265678
0.200269
0.203966
0.258248
0.236875
0.263281
0.298178
0.137153
0.179489
0.0779857
0.145412
0.140225
0.0340683
0.037984
0.0540713
0.0425358
0.0368215
0.0324235
0.0393319
0.0436322
0.0314942
0.0380673
0.0393167
0.0334278
0.0360672
0.0338618
0.0481174
0.0416842
0.0385524
0.0369541
0.0348823
0.0376197
0.0397864
0.0327772
0.0611665
0.0463427
0.0364419
0.0401205
0.0436145
0.046538
0.0480862
0.0504304
0.0356345
0.0420037
0.0430002
0.0343574
0.0342353
0.02871
0.0289365
0.0333354
0.0350853
0.0381051
0.0327496
0.0422383
0.0300727
0.0294312
0.0370811
0.0300433
0.0298973
0.0291656
0.0388079
0.030165
0.0303337
0.0405393
0.0295943
0.0352814
0.0413415
0.0341587
0.0384995
0.0321637
0.0301298
0.0316404
0.0373186
0.03486
0.0298548
0.0323533
0.0389584
0.0403531
0.040588
0.0371694
0.0337294
0.0384288
0.0424295
0.0340332
0.0359296
0.0370229
0.0403893
0.039321
0.0389894
0.0385521
0.0337152
0.0406825
0.0383268
0.0366967
0.0340968
0.034103
0.0323315
0.0314255
0.0290836
0.0307878
0.0364297
0.0369683
0.0381217
0.0340966
0.0379342
0.0677961
0.0461349
0.0398289
0.13852
0.289937
0.14316
0.0440791
0.0710194
0.0454788
0.0314061
0.0302516
0.0490316
0.0298866
0.029505
0.0466841
0.0349806
0.252157
0.254178
0.226199
0.241566
0.220489
0.192537
0.264012
0.225457
0.210753
0.221279
0.223482
0.259649
0.303124
0.22267
0.252158
0.331799
0.3685
0.346778
0.347428
0.466861
0.409675
0.445386
0.437085
0.488001
0.139914
0.146048
0.17005
0.168023
0.185924
0.139288
0.143846
0.0925416
0.113782
0.180881
0.226791
0.10785
0.114033
0.106376
0.111065
0.112194
0.061217
0.0821824
0.0980986
0.121951
0.193967
0.113224
0.132582
0.125763
0.135258
0.24618
0.118147
0.113384
0.102763
0.112573
0.116982
0.11127
0.113079
0.107558
0.112233
0.0418107
0.0455305
0.0444089
0.0400008
0.0400679
0.0412052
0.0392083
0.0919934
0.0808207
0.0457948
0.0719361
0.0726905
0.0770913
0.0791753
0.0725825
0.0570496
0.100316
0.100567
0.0993644
0.0868414
0.0921496
0.0921531
0.0886471
0.0965086
0.0832217
0.0807484
0.0789874
0.0867566
0.0814103
0.0495767
0.0456406
0.0905719
0.0926739
0.218187
0.104879
0.0291414
0.0239423
0.0315194
0.0234539
0.0224243
0.0358268
0.0262988
0.0553422
0.0347721
0.0463449
0.065498
0.0785813
0.072811
0.0483903
0.0224917
0.0243412
0.0462511
0.0246476
0.0236545
0.0707393
0.0418375
0.0409073
0.0452756
0.0433517
0.033075
0.0431402
0.0491573
0.0764745
0.0923867
0.0890262
0.0794104
0.0771162
0.093374
0.0878406
0.0923253
0.0884973
0.0758364
0.0992826
0.073557
0.0726185
0.0701757
0.0943892
0.038137
0.0346568
0.0872524
0.042342
0.111902
0.0698552
0.107452
0.0840776
0.12139
0.104876
0.247285
0.152205
0.152206
0.0976329
0.109701
0.139832
0.089112
0.165404
0.0995804
0.191806
0.162635
0.133325
0.0997938
0.240814
0.0911994
0.124538
0.153609
0.26703
0.161834
0.265878
0.152386
0.1561
0.136533
0.114676
0.195219
0.198996
0.0535047
0.223644
0.229779
0.0920752
0.229861
0.124521
0.102263
0.121043
0.106666
0.0930397
0.0796395
0.0782237
0.198876
0.178697
0.140794
0.142501
0.125373
0.160092
0.0490193
0.0253293
0.0295557
0.0692535
0.0267053
0.0222621
0.0246589
0.0324985
0.0634494
0.0479734
0.0470124
0.0350597
0.0403087
0.0421632
0.0564585
0.0629156
0.0413193
0.0441449
0.0625736
0.0460104
0.0429582
0.0290997
0.0651784
0.0715215
0.0343667
0.122026
0.0541634
0.0882609
0.0801886
0.0525039
0.0838924
0.0662993
0.0406129
0.0815411
0.124055
0.102027
0.114271
0.10028
0.101005
0.0452871
0.0434803
0.093516
0.0916749
0.0273143
0.0972592
0.0927952
0.0778111
0.0486214
0.0430783
0.0348691
0.0433255
0.0333718
0.043538
0.0377015
0.0366964
0.035119
0.0335212
0.147735
0.0997153
0.124762
0.0824471
0.262327
0.236058
0.0482367
0.0249687
0.0222242
0.0241251
0.0260873
0.0343744
0.026975
0.0448568
0.0405196
0.0222966
0.0309114
0.0234904
0.0224285
0.0288994
0.0344979
0.0347604
0.0223332
0.0837049
0.109154
0.111668
0.108813
0.11387
0.125098
0.0765562
0.109023
0.107338
0.0607152
0.192333
0.115917
0.159115
0.255923
0.12627
0.107839
0.26404
0.0510443
0.0859716
0.0787379
0.0704141
0.0423126
0.0274183
0.111035
0.162909
0.0562269
0.0363386
0.0346151
0.0311027
0.0248993
0.0290185
0.046618
0.109928
0.0898351
0.0867027
0.0475775
0.0474008
0.0580709
0.0299802
0.0245797
0.0844484
0.0814418
0.0484071
0.0888236
0.105496
0.11688
0.0861021
0.109166
0.0997445
0.0650071
0.0485131
0.0419155
0.0301185
0.053571
0.0936753
0.0317462
0.0528116
0.0321796
0.0565106
0.0930583
0.0892141
0.0552032
0.0576101
0.075233
0.0587848
0.062781
0.0566691
0.050647
0.0546565
0.0332262
0.0348351
0.038969
0.43255
0.034042
0.276287
0.269783
0.0396362
0.0398674
0.0619918
0.0525775
0.0330214
0.0565036
0.13097
0.119776
0.0639501
0.107448
0.0707241
0.0691669
0.104157
0.0363407
0.0858122
0.0792887
0.101747
0.117965
0.0883183
0.113589
0.130602
0.0861302
0.104008
0.0867422
0.090036
0.0801283
0.0657464
0.0240811
0.0263727
0.0302633
0.0401866
0.0415258
0.0272395
0.0389458
0.0302369
0.0397651
0.0325582
0.0279832
0.032975
0.0682374
0.0456172
0.0534716
0.044021
0.0428645
0.0330628
0.0412941
0.0429508
0.0533277
0.066524
0.0373678
0.0305799
0.0537839
0.0428218
0.0450196
0.0418582
0.0211872
0.0240311
0.0334683
0.0393711
0.039689
0.061678
0.0549322
0.0329411
0.0625799
0.0813925
0.0485741
0.101677
0.0765649
0.0910371
0.090769
0.100248
0.0847676
0.0800919
0.0854406
0.0922942
0.0718976
0.0811649
0.134064
0.0715083
0.0343082
0.265929
0.216036
0.126709
0.126098
0.147143
0.196241
0.128328
0.109623
0.113124
0.150055
0.216248
0.157781
0.188847
0.137789
0.223546
0.223794
0.150501
0.22049
0.142799
0.134853
0.186259
0.12558
0.369377
0.276698
0.167829
0.131981
0.151766
0.124336
0.271705
0.135813
0.0831108
0.25166
0.149811
0.192117
0.294032
0.267474
0.431875
0.226383
0.104418
0.243498
0.18936
0.17439
0.21595
0.17479
0.196101
0.160938
0.152577
0.305539
0.227569
0.272262
0.226378
0.22838
0.0407496
0.0405581
0.0371109
0.0447671
0.0519981
0.0494125
0.0483149
0.066522
0.0258302
0.0356362
0.0219456
0.0346611
0.0361575
0.0223739
0.0646466
0.045196
0.0225368
0.0621606
0.0224592
0.0432711
0.0304977
0.0751156
0.0246175
0.0380841
0.0794925
0.0786643
0.0671743
0.0290895
0.0951176
0.109318
0.0644925
0.0642401
0.0489127
0.0855418
0.0687923
0.11432
0.0883957
0.107622
0.0888525
0.0865479
0.0976715
0.0236877
0.022235
0.0256456
0.110951
0.0229795
0.0352031
0.136156
0.39103
0.405731
0.39503
0.391964
0.238579
0.243444
0.381605
0.339055
0.0950058
0.167246
0.0997519
0.0189974
0.0299644
0.0216015
0.0391296
0.0345398
0.0767118
0.0744362
0.020789
0.0208381
0.0775023
0.0545577
0.198821
0.0514999
0.142042
0.0602095
0.0518557
0.0817759
0.13737
0.0817344
0.0715762
0.0959959
0.110558
0.0823938
0.230701
0.209011
0.25907
0.227869
0.36192
0.2464
0.244917
0.0307046
0.0312951
0.0820632
0.0733198
0.06242
0.053423
0.0548066
0.0675677
0.0455623
0.20656
0.207023
0.280952
0.298207
0.0470879
0.422465
0.472544
0.415845
0.268952
0.381968
0.442213
0.356965
0.37692
0.0806272
0.0876045
0.0899805
0.0823887
0.114241
0.0538945
0.052497
0.0891848
0.0340679
0.050842
0.0772158
0.347866
0.212434
0.221682
0.0820884
0.043432
0.145585
0.0390305
0.0509186
0.0386894
0.0391438
0.084217
0.0822835
0.0855859
0.118264
0.117607
0.0841856
0.0860779
0.0885174
0.0411999
0.0891846
0.0964224
0.0945236
0.0789018
0.0750078
0.0968754
0.0761732
0.0663308
0.0490534
0.0937667
0.0317836
0.0545094
0.0897914
0.085571
0.0335391
0.0261076
0.0257447
0.0417911
0.0482785
0.0261645
0.0260449
0.078883
0.0504911
0.0299647
0.0245817
0.0302347
0.0564
0.0354608
0.0247316
0.0327709
0.0264503
0.0332434
0.0713015
0.0716159
0.0383365
0.0204296
0.0223471
0.0243463
0.0215992
0.0251874
0.0207689
0.0200283
0.0282681
0.0928
0.0284582
0.0902095
0.06599
0.0412209
0.0427444
0.0331594
0.0347589
0.0389825
0.0395339
0.0722442
0.0364127
0.0355091
0.0419755
0.0350158
0.0277359
0.0341014
0.0296892
0.0337347
0.0347752
0.0397435
0.0367934
0.165344
0.190702
0.0699679
0.0515108
0.0469556
0.313487
0.35348
0.0237829
0.0369085
0.0222705
0.0222867
0.0741874
0.078082
0.0508956
0.0848223
0.0849532
0.0689535
0.0935284
0.117299
0.0965463
0.0831424
0.119492
0.0985497
0.115803
0.113408
0.0908312
0.0806891
0.0984609
0.107909
0.0827371
0.121273
0.122725
0.115028
0.0639419
0.0655389
0.115423
0.0985031
0.117108
0.0393411
0.0288827
0.0413846
0.0385359
0.0307904
0.0254409
0.032782
0.0288633
0.0293927
0.0288828
0.0572448
0.023058
0.0311638
0.0234684
0.0516933
0.124745
0.0453861
0.0375683
0.079184
0.118509
0.0858706
0.169791
0.35639
0.229545
0.0501377
0.203545
0.239708
0.388244
0.326036
0.331922
0.129042
0.407228
0.211425
0.27252
0.323339
0.417322
0.189238
0.206383
0.195539
0.25523
0.241112
0.360157
0.319173
0.341282
0.364272
0.338572
0.0233633
0.0224904
0.0209274
0.0290063
0.0307982
0.026042
0.0292637
0.024962
0.02744
0.0201371
0.0215393
0.0203322
0.0193629
0.0231382
0.0201801
0.0204759
0.0307904
0.0272892
0.0282517
0.0217333
0.0232807
0.0249319
0.0333863
0.024486
0.0232429
0.0247571
0.0851427
0.0801017
0.0643314
0.0724474
0.0752193
0.0896761
0.0794842
0.0599461
0.140956
0.157593
0.157639
0.129693
0.177001
0.178405
0.143186
0.191793
0.163944
0.161918
0.0457549
0.041818
0.0457373
0.0328654
0.0237827
0.039334
0.0592265
0.0522692
0.0504662
0.0298673
0.0248105
0.018417
0.0201877
0.0399875
0.0237403
0.0743201
0.0876672
0.0713062
0.0755376
0.0831603
0.0679821
0.0603423
0.0635867
0.0578984
0.0743853
0.0422887
0.0737256
0.0804806
0.0745735
0.0627483
0.0631894
0.057958
0.0766614
0.0217707
0.0211995
0.0211835
0.0229949
0.02142
0.0237985
0.025317
0.0341093
0.028689
0.0341231
0.0476322
0.0256169
0.032972
0.0565819
0.0294635
0.0465297
0.0727226
0.0696743
0.0522723
0.0327713
0.0299323
0.0693467
0.0805844
0.0567814
0.0567183
0.0316334
0.0429717
0.0477883
0.0355627
0.0311101
0.0358965
0.0549069
0.0253533
0.0235096
0.0268772
0.0299192
0.0290654
0.030631
0.0310355
0.0408189
0.0472969
0.0471449
0.0571677
0.0476767
0.0442537
0.047807
0.047659
0.0377761
0.0479646
0.0505427
0.0370478
0.0363727
0.0584826
0.0541841
0.0558376
0.052273
0.0504106
0.0486095
0.048563
0.0441929
0.0458491
0.0455711
0.0824836
0.0618396
0.0805484
0.0717739
0.0618429
0.0757018
0.0807066
0.0522665
0.0497047
0.0608961
0.0308253
0.0358364
0.0290013
0.03752
0.0318183
0.0327359
0.0288239
0.0373239
0.0246876
0.0238107
0.026257
0.0292404
0.0226455
0.0245401
0.023693
0.0269257
0.0174258
0.0272666
0.0252254
0.0224545
0.0244874
0.0346443
0.0374323
0.0320451
0.0317636
0.0336432
0.0342647
0.0333253
0.0617093
0.036594
0.0610473
0.0636374
0.0552073
0.0576252
0.0585137
0.0441272
0.0580934
0.0643152
0.0357019
0.0587705
0.063309
0.0361506
0.0282437
0.0375088
0.0644077
0.0653794
0.0639847
0.0609036
0.0543735
0.0215657
0.0748541
0.0687217
0.0643448
0.0662635
0.0785909
0.0643801
0.0339658
0.0439689
0.0490969
0.0596014
0.059162
0.0677201
0.067096
0.0544216
0.0683534
0.04376
0.0514766
0.0744219
0.0334816
0.0715459
0.0421151
0.0662459
0.0291623
0.0675838
0.0592245
0.0674519
0.0784733
0.0735065
0.0648567
0.0414958
0.0451203
0.0583968
0.0716347
0.072606
0.0723385
0.0601462
0.0627277
0.0579174
0.0482627
0.0604387
0.0527888
0.0630822
0.0581036
0.0519667
0.035965
0.0491485
0.0549577
0.0300778
0.0462905
0.0557637
0.0627164
0.051282
0.0475133
0.0410205
0.0819661
0.0746396
0.0666385
0.0555031
0.0753334
0.0635505
0.0762582
0.0688113
0.0485058
0.0686757
0.06761
0.0552444
0.0583492
0.0479063
0.0328119
0.0441758
0.0454884
0.0393266
0.0342379
0.0564122
0.0285635
0.0461962
0.0308248
0.0535619
0.03697
0.0396254
0.0624461
0.0439499
0.0639713
0.0464278
0.0452234
0.0552844
0.0698421
0.0720715
0.065434
0.0663799
0.0741064
0.0411902
0.0355987
0.0481542
0.0494807
0.0391886
0.0353264
0.0644897
0.0582854
0.058047
0.0571615
0.042505
0.04127
0.040971
0.0290414
0.0296424
0.0290537
0.0529745
0.0650376
0.0533151
0.0560509
0.0326165
0.0539596
0.0578799
0.0452608
0.0310445
0.0364772
0.0443098
0.0321556
0.0342003
0.0322377
0.0254324
0.0302008
0.032476
0.0297982
0.0298628
0.0310622
0.0630393
0.0329702
0.0695556
0.0481179
0.063804
0.0624699
0.0701889
0.0627725
0.0484048
0.057025
0.0525564
0.0611527
0.0500903
0.0629042
0.0601276
0.079371
0.0734023
0.064871
0.0799187
0.0655042
0.0613585
0.0572667
0.0810736
0.0779131
0.03771
0.0563856
0.0557776
0.0566969
0.0776645
0.0755368
0.0883234
0.0841029
0.0756492
0.0333686
0.0338082
0.0351748
0.0265613
0.026901
0.0269374
0.0261828
0.035426
0.0468808
0.0344059
0.0508745
0.0510282
0.053234
0.0726273
0.0775199
0.0835386
0.0830251
0.0708447
0.0584499
0.0592285
0.0631363
0.0580365
0.0628058
0.0544551
0.0655982
0.0621294
0.0584676
0.0600753
0.0784735
0.0843847
0.082799
0.0675994
0.0791966
0.0504609
0.0584617
0.0644213
0.0448262
0.0691272
0.0874997
0.082813
0.0567076
0.0690835
0.0815759
0.0652461
0.0501477
0.0567116
0.0516172
0.0479874
0.0509505
0.0492987
0.0572884
0.0572791
0.0514598
0.0587287
0.0660362
0.0479555
0.0667811
0.0544676
0.0630851
0.0696141
0.0477342
0.0622404
0.0587635
0.0605224
0.0513048
0.0595141
0.0743858
0.0797083
0.0770432
0.0729948
0.079527
0.0623705
0.073706
0.0816808
0.0517235
0.0814906
0.0318283
0.0847348
0.0651036
0.0752017
0.0764918
0.0717209
0.0855784
0.0803364
0.0824454
0.0766953
0.0548621
0.0760456
0.060909
0.0487707
0.0234222
0.0441902
0.0815566
0.0313964
0.0321951
0.0431263
0.0475994
0.0286397
0.0263649
0.0290766
0.0297333
0.030957
0.0281684
0.0562937
0.0551487
0.0610912
0.0482877
0.0664026
0.0536726
0.0738694
0.0845556
0.0846383
0.0748737
0.0855017
0.0764947
0.0592429
0.0810995
0.0692223
0.0882801
0.0669664
0.0888509
0.0878447
0.0577346
0.0457088
0.0569256
0.0605316
0.087571
0.0773825
0.055614
0.0499875
0.0570089
0.0524305
0.0563094
0.0527203
0.0537388
0.0505357
0.0606275
0.0733924
0.0767327
0.0883736
0.0871381
0.0796734
0.0896273
0.0792599
0.0858753
0.0739079
0.0662932
0.08326
0.0537088
0.0417537
0.028038
0.0424095
0.0393253
0.0383851
0.0403241
0.0328998
0.0521342
0.0262444
0.031614
0.0456751
0.0376738
0.0340434
0.0261971
0.0327805
0.0264639
0.0354173
0.0434964
0.0606622
0.0576615
0.0500413
0.0641552
0.0834839
0.0565273
0.074469
0.0523877
0.0884189
0.10361
0.102458
0.0461134
0.0351579
0.0350269
0.0431644
0.04185
0.0508127
0.0437088
0.0560824
0.047809
0.243909
0.0698608
0.235978
0.0906141
0.0336642
0.0327487
0.0288203
0.0315749
0.0280921
0.22632
0.138206
0.0376422
0.0451578
0.05882
0.0711899
0.0385834
0.159219
0.038566
0.0332274
0.0534636
0.0424271
0.0928573
0.103554
0.0829911
0.04144
0.0842709
0.0551699
0.0369184
0.0356727
0.0596778
0.0536317
0.0282717
0.0534456
0.0245628
0.0324891
0.0347053
0.049223
0.0475673
0.0421415
0.0468205
0.0459566
0.0384265
0.0438143
0.0355518
0.0576409
0.0753251
0.0749032
0.0729872
0.0699989
0.0636121
0.0573076
0.0586564
0.0438359
0.0535342
0.0471074
0.0280688
0.0266739
0.0408532
0.0392834
0.0504107
0.0295596
0.0291907
0.0280294
0.0411872
0.0279137
0.0383526
0.0353693
0.0536552
0.0321805
0.0325178
0.03324
0.0358025
0.0480862
0.053562
0.0440859
0.0331369
0.0360979
0.0416042
0.0414176
0.0460142
0.0409195
0.036952
0.055416
0.0495486
0.0649832
0.0342371
0.0336259
0.0705146
0.0302301
0.0334278
0.0379847
0.0367355
0.0373559
0.0324081
0.0479768
0.0452555
0.0381119
0.0267612
0.0285659
0.0415854
0.0363069
0.0474981
0.0487514
0.0418565
0.03641
0.0362775
0.0455709
0.0400565
0.0504884
0.0469286
0.0392088
0.0438825
0.0436296
0.0375745
0.0585182
0.0531296
0.04802
0.0523026
0.0595083
0.0532316
0.084015
0.0680141
0.0895226
0.0729335
0.0680328
0.108369
0.106555
0.11905
0.0274868
0.0283054
0.0376567
0.0278298
0.037729
0.0286425
0.0397237
0.034453
0.0256031
0.0260916
0.0276971
0.027163
0.0254721
0.0281407
0.0439814
0.0434658
0.035004
0.0303208
0.0404562
0.0487328
0.0474379
0.0398952
0.0517119
0.0682076
0.076426
0.0715049
0.0619558
0.0678533
0.0645433
0.0605525
0.0537413
0.058779
0.0522193
0.0257454
0.0272481
0.0253102
0.0340181
0.0439324
0.0428437
0.0795779
0.0644795
0.0551615
0.0620225
0.0681128
0.0656047
0.0725311
0.0683217
0.0748628
0.0713934
0.0701959
0.059003
0.0741486
0.0724556
0.0652011
0.034595
0.0391311
0.0365647
0.0318673
0.0330586
0.0325139
0.0520557
0.0349974
0.0597125
0.0742523
0.0728974
0.0717082
0.0661347
0.0614269
0.0729246
0.069622
0.0442558
0.0427694
0.0516848
0.0381497
0.0399528
0.0402738
0.043214
0.0641264
0.0729088
0.0627613
0.069827
0.0677571
0.0699712
0.0473225
0.0552181
0.0548569
0.0605041
0.0593868
0.0594118
0.0473642
0.0612489
0.0588592
0.0642613
0.0631395
0.0683531
0.0675748
0.0682397
0.0648628
0.0636041
0.0643123
0.0659787
0.0618362
0.0628512
0.063274
0.0623273
0.0645167
0.0697681
0.0610499
0.0351848
0.033323
0.0430461
0.0497577
0.0546571
0.0442507
0.0504846
0.0471205
0.0446593
0.0421379
0.0390642
0.0377174
0.0354659
0.0386665
0.0305295
0.0402088
0.0394732
0.0670185
0.0637038
0.049393
0.0434199
0.0433655
0.0652203
0.0840465
0.0845837
0.0646171
0.0293529
0.0460717
0.0626896
0.0496551
0.0447882
0.0615235
0.0312902
0.0601934
0.0651533
0.0578587
0.0681669
0.0514027
0.0584317
0.0667981
0.0464971
0.0504595
0.0486932
0.0496548
0.0351307
0.038815
0.0340087
0.0334956
0.0263308
0.0279305
0.0319944
0.0429927
0.0814367
0.0644031
0.0413528
0.0428133
0.0541882
0.0342399
0.0555761
0.0618776
0.0660848
0.0548377
0.0537758
0.0399166
0.0315733
0.0395421
0.0379321
0.0435197
0.0519584
0.0310269
0.0662032
0.054204
0.0657227
0.0648516
0.0573226
0.0704707
0.0662837
0.0659389
0.0602643
0.0689227
0.0461105
0.0353382
0.0480285
0.0352952
0.041102
0.0403974
0.053538
0.0523001
0.0578265
0.0530159
0.0454345
0.0546498
0.0712241
0.0524857
0.0710656
0.0476336
0.0729993
0.0753219
0.0703062
0.0706587
0.0722463
0.0696173
0.0701264
0.0714482
0.0659179
0.0716676
0.0396342
0.0403111
0.0533775
0.0534081
0.0532013
0.0540764
0.0731028
0.0671421
0.0647371
0.0754095
0.0647583
0.0737376
0.0727077
0.0616377
0.0658961
0.0641353
0.0246697
0.0289001
0.0256842
0.0293131
0.0259266
0.0281347
0.0813986
0.0545191
0.0345503
0.041519
0.0645121
0.061493
0.0521319
0.0648162
0.0648963
0.0633565
0.0750634
0.0647054
0.0638441
0.0699811
0.0700498
0.0741735
0.0696088
0.0672923
0.0666836
0.0658677
0.0623373
0.0647953
0.0626653
0.0675506
0.066111
0.0691092
0.054858
0.0565983
0.0491638
0.0668591
0.0570141
0.0584729
0.0626108
0.0570015
0.0556428
0.068654
0.0602641
0.0590592
0.0661815
0.0703629
0.0665002
0.0781049
0.0667427
0.074116
0.0769131
0.0745656
0.0732002
0.0698323
0.0716013
0.0672862
0.0715261
0.068671
0.0710746
0.069915
0.0717944
0.0654069
0.0638832
0.0688886
0.0517904
0.0685965
0.0523175
0.049466
0.065475
0.0732714
0.0511469
0.0640408
0.0472592
0.0599009
0.0531886
0.0451224
0.0386276
0.0507115
0.0660764
0.0560786
0.0658294
0.0550424
0.0376006
0.0542832
0.0710135
0.0681189
0.0735083
0.0376537
0.0625362
0.0640825
0.0830346
0.0658286
0.0649567
0.0673745
0.0681041
0.0627111
0.0566735
0.0506689
0.0623935
0.0723715
0.0548144
0.0783905
0.0595575
0.0731812
0.0535048
0.0540243
0.0708522
0.0780001
0.0718581
0.0751892
0.0845999
0.0734116
0.0716034
0.0702469
0.0762258
0.0748117
0.052647
0.0721205
0.0705182
0.0704534
0.0744893
0.0715701
0.0699958
0.0657534
0.0796014
0.0699705
0.0685207
0.0665368
0.0659403
0.0701733
0.065463
0.0634805
0.0770139
0.0697149
0.0664779
0.0830069
0.053051
0.0527176
0.075669
0.0609962
0.0792462
0.0753809
0.0745513
0.0717158
0.0775089
0.0734415
0.0724039
0.076456
0.0259805
0.0261588
0.0263579
0.0263373
0.0261099
0.0264151
0.0261961
0.0260941
0.0261381
0.026388
0.0263404
0.026165
0.0261904
0.0262244
0.0262757
0.0262473
0.026137
0.0259099
0.0261295
0.0261796
0.0260693
0.0262479
0.0263363
0.0262763
0.0263259
0.0260944
0.0260617
0.0264367
0.0265155
0.0264469
0.0263129
0.0261154
0.0263744
0.0262702
0.0257347
0.0264524
0.0262696
0.0262435
0.026283
0.0264556
0.0262153
0.0262735
0.026325
0.026483
0.0262427
0.0263123
0.0262259
0.0264463
0.0207073
0.0423393
0.0525473
0.0629836
0.0405036
0.068813
0.072114
0.0527067
0.0326946
0.0499548
0.0502663
0.0476323
0.057577
0.0597073
0.0605253
0.0484703
0.0471211
0.0468864
0.17135
0.128976
0.145377
0.188709
0.175681
0.0650163
0.16934
0.150655
0.184803
0.203757
0.175711
0.196642
0.160233
0.154171
0.158619
0.132828
0.134043
0.165548
0.162419
0.16666
0.153812
0.205749
0.214332
0.194112
0.186925
0.189877
0.16193
0.166636
0.100333
0.115924
0.114045
0.262806
0.279324
0.227601
0.161174
0.169585
0.252955
0.194673
0.356154
0.253111
0.181986
0.220251
0.242984
0.257921
0.256914
0.255986
0.239585
0.403778
0.240297
0.246971
0.375837
0.285799
0.375884
0.481052
0.154832
0.16847
0.147588
0.1242
0.131489
0.140775
0.138274
0.131795
0.129553
0.132309
0.155244
0.155037
0.11282
0.107527
0.157464
0.141247
0.121308
0.132525
0.15706
0.14503
0.154165
0.138473
0.138154
0.158776
0.128761
0.126907
0.166841
0.15302
0.151234
0.172813
0.144688
0.201246
0.192517
0.145758
0.164215
0.149605
0.176183
0.11878
0.135872
0.148478
0.114691
0.119545
0.139971
0.122138
0.117175
0.126751
0.131024
0.129844
0.14425
0.141978
0.133867
0.16336
0.121111
0.124629
0.107614
0.125737
0.133099
0.0967856
0.123054
0.0985095
0.0972934
0.105301
0.10442
0.0904025
0.102381
0.105281
0.108297
0.110064
0.122047
0.129285
0.109866
0.13252
0.127209
0.122101
0.12875
0.10372
0.134073
0.0859188
0.100468
0.114138
0.103402
0.107379
0.116692
0.11504
0.101688
0.106209
0.0979959
0.133416
0.120466
0.115761
0.125119
0.11834
0.12001
0.110343
0.138225
0.133624
0.140989
0.12225
0.139848
0.162007
0.150564
0.138547
0.133959
0.146236
0.126644
0.144454
0.0378585
0.0420139
0.0666013
0.0481142
0.0422339
0.0931567
0.083887
0.0792479
0.0815101
0.0906104
0.0722938
0.0919552
0.0791146
0.0730494
0.0947311
0.0856659
0.0977584
0.102158
0.0918524
0.0961184
0.184256
0.138824
0.16848
0.186495
0.123853
0.120479
0.11466
0.117151
0.125281
0.127709
0.100543
0.112758
0.0940654
0.10014
0.105345
0.10803
0.109776
0.10298
0.0959878
0.101613
0.101122
0.104837
0.0630353
0.0566418
0.0699402
0.0751336
0.043823
0.0848316
0.176225
0.196118
0.200534
0.227224
0.164958
0.170716
0.202163
0.2151
0.210774
0.174341
0.207753
0.219653
0.189377
0.221997
0.19482
0.203456
0.197779
0.245164
0.255185
0.237884
0.224472
0.190523
0.211388
0.199679
0.212283
0.227735
0.16585
0.173592
0.341278
0.356059
0.411613
0.461647
0.512371
0.486109
0.0569832
0.0724267
0.0356926
0.0408992
0.0434777
0.0434951
0.0235836
0.0237434
0.0225774
0.0223381
0.0227618
0.0226423
0.0223334
0.0253685
0.0227279
0.0266858
0.0272391
0.0264131
0.0252665
0.0268948
0.0240164
0.0404228
0.0368933
0.0377918
0.0365155
0.0371175
0.0404695
0.027049
0.0270908
0.022179
0.0252582
0.0351642
0.0225645
0.0205985
0.0211324
0.0324777
0.0265514
0.0648164
0.0299247
0.0287425
0.0256039
0.0503333
0.262078
0.355568
0.307432
0.37632
0.229926
0.287968
0.296942
0.0658464
0.0652642
0.0984031
0.0656732
0.0837301
0.280438
0.106383
0.115512
0.134059
0.107309
0.173893
0.113261
0.116657
0.122883
0.10312
0.123604
0.0914616
0.0863994
0.0820563
0.0998063
0.101543
0.101162
0.0928563
0.0982982
0.113359
0.106757
0.115841
0.059744
0.0156805
0.0169742
0.0236838
0.0741692
0.0236684
0.0210951
0.135607
0.115948
0.145404
0.13236
0.271119
0.206318
0.0213916
0.0971113
0.0642522
0.0248618
0.0948312
0.0999669
0.0970218
0.0926214
0.0743208
0.0998113
0.0757462
0.107732
0.103938
0.117255
0.097928
0.110793
0.0984543
0.103324
0.0988889
0.0786832
0.105105
0.104472
0.0973837
0.0845421
0.10499
0.111992
0.393719
0.299098
0.400503
0.250684
0.271647
0.373059
0.44327
0.0938512
0.0631267
0.0186213
0.284372
0.349397
0.149526
0.181232
0.199832
0.157558
0.254108
0.245343
0.279246
0.16336
0.160807
0.189492
0.203195
0.260653
0.199393
0.163021
0.152645
0.293925
0.207627
0.212268
0.203719
0.195404
0.238885
0.182699
0.236195
0.255571
0.279529
0.0715303
0.0651812
0.0697434
0.140744
0.0807905
0.0648434
0.0678627
0.0613482
0.173727
0.0512704
0.071344
0.0691268
0.0813717
0.0845152
0.0838472
0.0847074
0.0795673
0.0694144
0.052562
0.0471837
0.0376754
0.0455109
0.0374733
0.0348436
0.0524439
0.0329406
0.0272699
0.0274993
0.0223432
0.0299418
0.0274218
0.0243781
0.0294063
0.0255754
0.0259151
0.030136
0.0356274
0.0309353
0.032752
0.0648062
0.059726
0.0510824
0.0602
0.0564961
0.0445368
0.0537847
0.058642
0.0507861
0.0592726
0.0398043
0.0405855
0.0512142
0.0283514
0.0276737
0.0287573
0.0279877
0.0293275
0.0301778
0.0299323
0.0277836
0.0636877
0.0685033
0.070731
0.0620599
0.0665388
0.0677233
0.0691049
0.0685272
0.0619271
0.026052
0.0252308
0.0259541
0.0251176
0.0261891
0.0244796
0.026126
0.0260657
0.0259398
0.0260973
0.0260508
0.0260298
0.0261225
0.0260978
0.0261245
0.0261247
0.0261033
0.133812
0.155641
0.135097
0.118348
0.132996
0.184144
0.169853
0.1887
0.139387
0.268648
0.321525
0.153777
0.249919
0.2507
0.191267
0.229841
0.269038
0.401893
0.370309
0.281226
0.320032
0.350501
0.280146
0.380534
0.291482
0.110077
0.100479
0.114387
0.103216
0.116046
0.0244994
0.0245521
0.0250145
0.0256485
0.0250504
0.025993
0.131584
0.108992
0.21773
0.233681
0.298407
0.200534
0.193257
0.020288
0.0669123
0.0305516
0.0177957
0.0226164
0.0614088
0.0286651
0.0238159
0.0454362
0.104316
0.121407
0.14938
0.142875
0.107097
0.116113
0.146121
0.106588
0.129285
0.0255381
0.163528
0.089436
0.0444796
0.197789
0.160372
0.144044
0.160207
0.200948
0.246369
0.338712
0.282251
0.220189
0.0260861
0.0344769
0.0303888
0.0400919
0.038021
0.0345385
0.0426425
0.0385469
0.0355522
0.0255667
0.0254214
0.0244231
0.0249263
0.0239614
0.0253372
0.0272886
0.0256997
0.0249253
0.0250218
0.0257687
0.026138
0.0254272
0.0261643
0.0252262
0.0253223
0.025368
0.0263099
0.0260279
0.025276
0.1324
0.239357
0.149892
0.0275963
0.0348734
0.0275827
0.0254343
0.0249309
0.024747
0.0440402
0.049908
0.0525733
0.0499363
0.0368386
0.0488099
0.0323206
0.0529733
0.025948
0.0250475
0.0250123
0.0257534
0.0250687
0.0251583
0.0249284
0.0290617
0.0472876
0.035655
0.034012
0.0359425
0.0498983
0.0424381
0.0365321
0.0257031
0.0255574
0.0261606
0.025751
0.0251995
0.0252116
0.0252723
0.0249346
0.0260842
0.0247378
0.025258
0.0251824
0.0255867
0.0245228
0.0260285
0.0259651
0.0253949
0.0244307
0.0251732
0.0241843
0.0258522
0.0258355
0.0258451
0.253884
0.229967
0.365319
0.234453
0.293548
0.197241
0.205657
0.188913
0.222529
0.206625
0.215121
0.191846
0.186621
0.184547
0.177312
0.0290596
0.0358772
0.0322093
0.032185
0.0295833
0.0233467
0.0329445
0.026358
0.084392
0.0796801
0.083232
0.0720399
0.0826748
0.0745258
0.0691348
0.106223
0.14078
0.102565
0.140639
0.128473
0.129672
0.120069
0.117516
0.250305
0.249817
0.197642
0.223651
0.268141
0.305691
0.266543
0.208817
0.246152
0.041476
0.0395896
0.0306004
0.0258467
0.0313605
0.0331829
0.0246236
0.0285488
0.138818
0.135929
0.126988
0.149076
0.115131
0.124117
0.154814
0.118574
0.125608
0.0893494
0.111204
0.115947
0.121422
0.112541
0.111665
0.092161
0.101
0.105452
0.0832389
0.226155
0.206187
0.159661
0.199059
0.163868
0.212929
0.183238
0.213184
0.19182
0.199772
0.191711
0.174293
0.25229
0.265482
0.214248
0.218872
0.263565
0.207789
0.231401
0.277139
0.229026
0.221688
0.295441
0.281836
0.509301
0.449521
0.219463
0.160712
0.289604
0.210421
0.290034
0.250966
0.166188
0.160721
0.103674
0.0793411
0.063205
0.104461
0.125574
0.117497
0.0754305
0.101511
0.136265
0.143094
0.163582
0.189712
0.133078
0.127242
0.174379
0.0531594
0.0536268
0.052207
0.0550642
0.226404
0.102068
0.196075
0.288086
0.227625
0.108706
0.270452
0.44382
0.102458
0.0895975
0.100638
0.122602
0.13372
0.0914391
0.118748
0.0952834
0.109351
0.129059
0.0990377
0.0849837
0.0868829
0.0783909
0.0755407
0.0757654
0.0759819
0.0831613
0.0797565
0.167707
0.0903101
0.143909
0.219931
0.170707
0.0237849
0.0171071
0.0200345
0.0257571
0.0222347
0.0268225
0.0186763
0.0186571
0.0174047
0.0253192
0.0359708
0.0218014
0.0212187
0.0271311
0.0276846
0.0247663
0.0312761
0.0402785
0.0869739
0.0853384
0.0792411
0.0732892
0.0720787
0.0710493
0.0723227
0.0745056
0.0382065
0.0636358
0.0383265
0.0448623
0.0444252
0.0706135
0.0754224
0.380941
0.396609
0.37747
0.408765
0.412313
0.328617
0.367481
0.353425
0.39627
0.13851
0.130641
0.125006
0.138113
0.133151
0.150685
0.0247912
0.0196312
0.0198917
0.01846
0.0303438
0.0186501
0.0265093
0.0271828
0.0268459
0.0310027
0.0873445
0.0814966
0.0955485
0.0957044
0.0692308
0.073239
0.0772146
0.0754192
0.0273777
0.0284096
0.0261057
0.0347636
0.0288608
0.0258545
0.027624
0.0293777
0.052586
0.0464928
0.0411784
0.0365119
0.0670636
0.0722174
0.0802719
0.0715882
0.0773585
0.0802611
0.0724626
0.0640677
0.0674944
0.0659525
0.0295147
0.0340492
0.0328168
0.0264063
0.0311958
0.218742
0.133929
0.155875
0.142542
0.115746
0.0847348
0.098635
0.10377
0.0449913
0.0463175
0.0470273
0.0419246
0.0314062
0.0441232
0.0523035
0.0342913
0.0319624
0.038073
0.0595274
0.0371287
0.0380782
0.0419913
0.040848
0.0524604
0.0539518
0.0314936
0.031384
0.0338982
0.0354763
0.0307989
0.0327301
0.0318731
0.0324364
0.0463397
0.0418353
0.0494758
0.0598025
0.0578858
0.0366299
0.0437266
0.0606975
0.0427341
0.0414211
0.0410498
0.0496264
0.0505377
0.056624
0.0495576
0.0506745
0.0596925
0.0489489
0.0572731
0.05197
0.0458954
0.0262114
0.0258164
0.0260974
0.0259449
0.0262269
0.0259616
0.0474632
0.0488142
0.0415828
0.0464624
0.0516226
0.0350103
0.0477137
0.0696667
0.0857938
0.0710514
0.079362
0.0762591
0.0837086
0.221457
0.16329
0.208818
0.19887
0.192645
0.188148
0.536937
0.355683
0.429314
0.326788
0.275641
0.457747
0.0941041
0.054895
0.03665
0.154048
0.0930857
0.0378004
0.0324427
0.0295287
0.031149
0.0249775
0.0515134
0.0627258
0.0452682
0.0842973
0.0599129
0.0380587
0.0405031
0.0671227
0.104069
0.0245996
0.0344877
0.0401129
0.0231284
0.0380002
0.0565635
0.0327887
0.0279334
0.026036
0.0332688
0.0570484
0.0178328
0.0162026
0.0196121
0.0451946
0.036452
0.0198843
0.0195041
0.0424513
0.0250722
0.0257215
0.0615906
0.0190053
0.0368305
0.0335319
0.0774682
0.0309719
0.043749
0.0579367
0.0656395
0.0566051
0.0362522
0.023474
0.0396005
0.0341796
0.205907
0.18824
0.184201
0.19109
0.158328
0.170996
0.0445063
0.0467937
0.0471747
0.0673435
0.0678138
0.0513644
0.0644158
0.0807775
0.0464258
0.0549918
0.0402875
0.0261027
0.0349556
0.0375345
0.0256392
0.0263772
0.0256976
0.0253067
0.0264179
0.028253
0.0277185
0.0455235
0.0359819
0.0450473
0.0375691
0.0348628
0.0295824
0.028834
0.0283393
0.0393958
0.0326188
0.0279901
0.0321927
0.0337517
0.0353258
0.0444935
0.0371426
0.0439083
0.0527548
0.0370418
0.0440579
0.0636142
0.0544631
0.0535228
0.0293808
0.0430178
0.0590791
0.0386977
0.0463589
0.0567103
0.032348
0.026906
0.030127
0.0385498
0.0413004
0.0394231
0.0454491
0.0500561
0.0462405
0.0426488
0.0552332
0.052845
0.0513384
0.0478753
0.0258011
0.0320164
0.0459087
0.0265233
0.03965
0.0497946
0.0261241
0.0298376
0.0301569
0.0265333
0.0434698
0.0521568
0.0482676
0.0514703
0.043305
0.0512809
0.0663698
0.04657
0.0574386
0.044344
0.0609536
0.0529679
0.0541031
0.0477675
0.0452577
0.0631704
0.0570557
0.026119
0.0253315
0.025399
0.0261047
0.0251062
0.0259689
0.0257992
0.0252156
0.025214
0.0251258
0.343369
0.293882
0.0731108
0.0691944
0.0758608
0.0372591
0.0370539
0.0334211
0.0299763
0.0293384
0.0286177
0.0278101
0.0554223
0.0536957
0.0543737
0.0582215
0.0596121
0.0486168
0.215352
0.26031
0.26888
0.175772
0.404738
0.280811
0.392102
0.0326896
0.0587265
0.0313642
0.0378748
0.0558961
0.0376614
0.0399401
0.0472649
0.0372568
0.0348988
0.0443963
0.0451916
0.0316104
0.0277941
0.0292222
0.0360512
0.0453249
0.0373923
0.0299242
0.0262631
0.0393802
0.0345327
0.0243166
0.0326862
0.0272414
0.0323839
0.0473547
0.0695105
0.141444
0.166078
0.133829
0.151038
0.138672
0.0895611
0.0916978
0.111334
0.0329118
0.0622511
0.0440583
0.0428551
0.0527309
0.0310073
0.0701301
0.05911
0.0185608
0.0191273
0.0190575
0.0201005
0.0788218
0.0685093
0.0641455
0.077365
0.068866
0.0748756
0.0596841
0.0691752
0.0677177
0.120225
0.127168
0.148343
0.339854
0.19605
0.259774
0.0893464
0.0983481
0.050829
0.0695097
0.0910655
0.0528194
0.107039
0.100543
0.101182
0.110495
0.122083
0.0726852
0.061275
0.0589774
0.0855975
0.0801024
0.0755703
0.034345
0.0365856
0.0405581
0.04042
0.039741
0.0436904
0.0800929
0.0556613
0.0821927
0.0811303
0.0895161
0.0590088
0.0189148
0.0211138
0.0255418
0.0246335
0.0260332
0.033199
0.0356664
0.0292203
0.0294781
0.0276255
0.0241426
0.0341781
0.0403874
0.0248209
0.0241477
0.0603976
0.0371087
0.0311798
0.0321724
0.0297462
0.0267917
0.02576
0.112027
0.0353694
0.1241
0.060256
0.0854535
0.111013
0.103481
0.0362733
0.121939
0.0394951
0.0678659
0.0347725
0.113497
0.0988877
0.058367
0.0302765
0.0315946
0.0289356
0.0382004
0.025128
0.024102
0.0330449
0.0348309
0.0302214
0.0252135
0.0244049
0.0461571
0.0375535
0.0538806
0.0278142
0.0345608
0.0267923
0.0248332
0.0249982
0.0610731
0.0593283
0.0563902
0.0480215
0.049052
0.0442343
0.0384913
0.0526896
0.0382619
0.0478028
0.0539114
0.0439482
0.0657586
0.0615896
0.0773192
0.0700668
0.061841
0.0476091
0.0515929
0.0612312
0.051881
0.0644018
0.0254519
0.0247296
0.0247561
0.0242601
0.0242853
0.0247214
0.0251058
0.0878686
0.0826479
0.0811639
0.165889
0.111373
0.102968
0.110151
0.0945259
0.117635
0.110368
0.120311
0.122276
0.19433
0.131948
0.060166
0.0632666
0.0622077
0.0605457
0.0657635
0.0634223
0.0711797
0.0473325
0.0730499
0.0628853
0.0526065
0.0529309
0.0530931
0.0428844
0.0397061
0.0658508
0.0257568
0.0327118
0.0324808
0.0239786
0.036099
0.0380328
0.336437
0.13033
0.22027
0.0867068
0.115748
0.116658
0.123531
0.0956489
0.122729
0.156621
0.184932
0.190241
0.164572
0.280883
0.227542
0.139836
0.139683
0.391013
0.164415
0.0992847
0.1681
0.238338
0.237721
0.202239
0.0460896
0.0457734
0.0407453
0.0393751
0.0203391
0.0816581
0.094228
0.106091
0.107569
0.109742
0.125713
0.173524
0.255755
0.199257
0.114725
0.17275
0.184913
0.135509
0.122056
0.141883
0.125067
0.129531
0.129648
0.170969
0.180067
0.0327168
0.035693
0.0251496
0.0208275
0.0334262
0.0190636
0.0196996
0.0195211
0.0441766
0.0196021
0.0658741
0.0511576
0.088568
0.0909176
0.0885036
0.0943669
0.0627445
0.0752257
0.0904449
0.0663334
0.0901133
0.0739962
0.406705
0.430169
0.316913
0.140604
0.396033
0.283786
0.335297
0.360887
0.24695
0.144466
0.19326
0.188257
0.149089
0.172338
0.0810894
0.0745898
0.116898
0.118044
0.120564
0.141611
0.0637231
0.0518213
0.06691
0.0673722
0.0664695
0.0728696
0.0437456
0.0791551
0.0453753
0.0598739
0.0707725
0.0639543
0.0647794
0.0654793
0.0578762
0.0523027
0.0510097
0.022609
0.0625168
0.0221114
0.0489259
0.0699037
0.0483118
0.0330542
0.0585455
0.0302939
0.0370306
0.0470657
0.028438
0.031952
0.0301518
0.0330401
0.0371817
0.0443315
0.0373954
0.0382416
0.0395481
0.0451527
0.0436991
0.0361814
0.040399
0.0418226
0.0359139
0.0799323
0.0419956
0.111713
0.208911
0.306839
0.356482
0.428343
0.269778
0.0920509
0.313309
0.254575
0.13837
0.141323
0.224682
0.165341
0.143715
0.104851
0.116186
0.12126
0.460017
0.424087
0.345613
0.367486
0.358253
0.130557
0.181747
0.186544
0.169147
0.145391
0.148801
0.145395
0.160325
0.17133
0.175718
0.191325
0.167083
0.169889
0.197062
0.178654
0.0733298
0.0488726
0.0466574
0.057906
0.0516094
0.0442879
0.106053
0.0632051
0.101121
0.107042
0.0347099
0.0730573
0.0618435
0.0842639
0.0430066
0.197868
0.184424
0.188888
0.209321
0.246431
0.128366
0.173449
0.118446
0.126113
0.0778939
0.100996
0.100144
0.0828544
0.0837261
0.0784255
0.0567097
0.0236068
0.0602625
0.0220252
0.0697572
0.0768147
0.163241
0.152367
0.151001
0.188154
0.165544
0.225136
0.15558
0.13605
0.143026
0.205224
0.155671
0.166063
0.198429
0.188936
0.170906
0.159646
0.122419
0.139599
0.134883
0.14408
0.14722
0.123824
0.126703
0.105044
0.123804
0.112
0.0965664
0.130215
0.113761
0.101055
0.126763
0.129591
0.422823
0.261959
0.257918
0.400295
0.184934
0.31707
0.0900001
0.0639327
0.0706849
0.0377727
0.0320735
0.195005
0.191425
0.34297
0.329155
0.0711329
0.0658811
0.0714185
0.0664954
0.0733135
0.06022
0.06835
0.0684133
0.0564531
0.0558187
0.059848
0.059861
0.0590666
0.0567667
0.0592677
0.0629896
0.036768
0.0324191
0.0253591
0.0282081
0.0307389
0.0333539
0.0261983
0.043261
0.0287883
0.0304312
0.0270797
0.0896103
0.108943
0.0918022
0.0962273
0.0850001
0.0896251
0.0283221
0.0270728
0.0355155
0.0275437
0.0287752
0.0283508
0.0373637
0.0412599
0.029549
0.0835623
0.054276
0.0868286
0.0692196
0.0901832
0.0565338
0.0299005
0.0488809
0.0350708
0.130914
0.350922
0.3256
0.143439
0.129945
0.324822
0.0339654
0.0304846
0.0362694
0.0439994
0.0441861
0.140068
0.149521
0.139236
0.162253
0.157718
0.163483
0.16953
0.217213
0.171241
0.191839
0.142009
0.165008
0.14708
0.172981
0.157424
0.0979607
0.143472
0.133561
0.138948
0.0925759
0.10656
0.111226
0.119471
0.110063
0.104324
0.110126
0.106739
0.0838805
0.0673321
0.04558
0.0335031
0.0465697
0.118283
0.125997
0.0942237
0.14531
0.049235
0.0462263
0.0573305
0.0709401
0.0651818
0.0635965
0.0666968
0.0625756
0.188881
0.168656
0.16007
0.205014
0.411533
0.37301
0.149118
0.153669
0.14541
0.14737
0.158473
0.155819
0.286334
0.249899
0.30694
0.388452
0.373352
0.292528
0.399594
0.405638
0.0260642
0.0262853
0.0264062
0.0249219
0.0394001
0.0256225
0.0255714
0.0390559
0.0256854
0.0259468
0.0257699
0.0271748
0.0276682
0.0252362
0.0251718
0.0263016
0.0261726
0.026312
0.0249363
0.0248957
0.0255141
0.0247413
0.02482
0.0761315
0.1114
0.112416
0.118074
0.153116
0.0444744
0.154228
0.0260723
0.0250841
0.0301505
0.0260358
0.103671
0.331398
0.340977
0.226013
0.153739
0.136433
0.180761
0.165664
0.151425
0.154167
0.182993
0.143349
0.0668279
0.0665567
0.0656282
0.0483253
0.0558457
0.0531255
0.0558108
0.0614309
0.0845897
0.0825241
0.0787646
0.147225
0.178304
0.179333
0.0337563
0.046862
0.03038
0.0289325
0.0303537
0.0424676
0.0522583
0.0338991
0.0227276
0.0554883
0.0273986
0.0421269
0.0334291
0.189765
0.224032
0.204977
0.175574
0.199727
0.266381
0.281338
0.168189
0.158591
0.167411
0.189602
0.161036
0.105547
0.11484
0.0926594
0.100748
0.142633
0.0582592
0.0875539
0.0901651
0.106379
0.105471
0.0666281
0.111328
0.101784
0.0879908
0.112591
0.1051
0.133822
0.118624
0.078175
0.125908
0.08383
0.0845582
0.106171
0.125021
0.108178
0.104765
0.129372
0.112359
0.122647
0.12273
0.0461136
0.0707115
0.0624081
0.0391004
0.0420425
0.0773509
0.0760876
0.0741308
0.0810949
0.0830961
0.0798063
0.0739949
0.0814456
0.075959
0.0748262
0.0746834
0.0677977
0.0744051
0.0832954
0.0654814
0.0617309
0.0668464
0.0670235
0.0663959
0.065103
0.0644117
0.057704
0.0626429
0.0627138
0.0639434
0.0652236
0.0699391
0.0688384
0.0764319
0.0645342
0.0663699
0.0447983
0.0666305
0.0652274
0.0593941
0.0707498
0.06569
0.0720562
0.0783713
0.0641272
0.071736
0.0684217
0.0664689
0.0747759
0.075889
0.0366206
0.0410454
0.0328376
0.0481876
0.03808
0.060482
0.0654359
0.0680742
0.0686083
0.0677741
0.0626475
0.064451
0.0779479
0.0633744
0.0684149
0.0612184
0.0536053
0.0644551
0.0626433
0.0674585
0.0598795
0.069991
0.0737715
0.0707568
0.0590474
0.0626042
0.0638262
0.0650604
0.0652937
0.0689634
0.0549345
0.0637135
0.0433333
0.0417264
0.0687412
0.0452861
0.0422715
0.0540337
0.0819953
0.0325377
0.0683018
0.0604587
0.0331669
0.0320231
0.0437781
0.0402855
0.0648382
0.0727481
0.0602621
0.0522337
0.0659997
0.0570183
0.0296537
0.0396582
0.0414451
0.0625462
0.0874504
0.0726487
0.062697
0.056151
0.0620492
0.0492171
0.0485212
0.0460303
0.0463162
0.0853333
0.0817824
0.0801458
0.083101
0.0840212
0.0589681
0.0758721
0.0806103
0.0548379
0.0570503
0.0707724
0.0616184
0.058187
0.0599459
0.0532238
0.0652064
0.0504062
0.0523621
0.0497116
0.0375575
0.0488212
0.0483076
0.0467508
0.0515334
0.0463
0.0522955
0.0424942
0.0464982
0.0409186
0.0376398
0.0471729
0.0464107
0.0442329
0.0416413
0.0812595
0.0836821
0.0702331
0.079522
0.0429402
0.0449953
0.0412878
0.0441953
0.0454777
0.0449209
0.0444311
0.0474694
0.0508347
0.048913
0.0492575
0.0498507
0.0498893
0.058111
0.054455
0.0487213
0.0496165
0.0703275
0.0499352
0.0468274
0.0675241
0.0627184
0.0492098
0.057797
0.0725567
0.0746514
0.092437
0.0700004
0.0616516
0.0663535
0.0833511
0.0844015
0.0785045
0.0808819
0.0737858
0.0844746
0.0703346
0.0542704
0.0369826
0.038714
0.0423165
0.0501501
0.0499269
0.0418214
0.0204027
0.0444026
0.0448005
0.0439813
0.0412324
0.0515146
0.0633719
0.0601362
0.0720175
0.0771074
0.0696477
0.0592429
0.0548652
0.0660127
0.0644298
0.0556121
0.0545024
0.0657488
0.0700266
0.0680057
0.0554413
0.0494789
0.0533911
0.0504172
0.0489621
0.0511397
0.0563886
0.0381041
0.0371896
0.0322117
0.0315247
0.0452896
0.0417615
0.0734421
0.0828634
0.076159
0.068599
0.0683574
0.0435404
0.05719
0.065154
0.0580077
0.0607119
0.0637243
0.0584437
0.0681956
0.0600631
0.0509413
0.0504842
0.0474102
0.0551078
0.052052
0.051599
0.0531141
0.0445941
0.0388895
0.0385813
0.0512805
0.0472736
0.0650417
0.0737501
0.0295728
0.0558092
0.050275
0.0506232
0.0611485
0.0633659
0.0634214
0.0567495
0.0619747
0.0599953
0.060118
0.0510733
0.0502503
0.05651
0.0473985
0.0506769
0.0547152
0.0508589
0.05756
0.0484792
0.0508527
0.0534547
0.0569285
0.0521112
0.0536047
0.0559474
0.0297018
0.0335222
0.0657
0.0335994
0.0391849
0.0428514
0.0534563
0.0637027
0.0653762
0.0501652
0.0239735
0.0426908
0.0215812
0.0382276
0.0466583
0.0595268
0.0369834
0.0376002
0.0400709
0.0445593
0.030108
0.0207682
0.0391701
0.0457552
0.0390593
0.0526273
0.0478417
0.0394952
0.0386642
0.0488843
0.0302552
0.0317715
0.0468252
0.0301709
0.0539046
0.0250498
0.0231236
0.0238707
0.0243662
0.0267605
0.0279839
0.0239724
0.0251987
0.0233706
0.0224269
0.0256321
0.0219731
0.0222952
0.0237256
0.0334895
0.0369653
0.0339029
0.0316275
0.0328985
0.0343307
0.0322386
0.0629553
0.0758067
0.0759074
0.0605135
0.0639449
0.0778895
0.062067
0.0870651
0.0916757
0.0347585
0.0274414
0.033289
0.0400126
0.044313
0.0428748
0.0373711
0.0403397
0.100364
0.0649475
0.023556
0.0850856
0.0934205
0.0847471
0.0536289
0.0233333
0.0307592
0.0230507
0.0319771
0.0299281
0.0232308
0.0393524
0.0335658
0.032116
0.0271782
0.04203
0.0257835
0.0377708
0.0596624
0.0386756
0.0466655
0.0451416
0.0973907
0.0483963
0.0598709
0.0517404
0.0812212
0.0686792
0.0379732
0.0345815
0.0314298
0.0287896
0.0318382
0.0268708
0.0279654
0.0395656
0.0474347
0.0677244
0.0433006
0.0394478
0.0718101
0.0342113
0.0254922
0.0226551
0.022414
0.0450244
0.0260404
0.0408982
0.0328564
0.0835054
0.0343906
0.0659981
0.0846425
0.0858483
0.0424533
0.0328917
0.0562104
0.0499289
0.0451564
0.0628946
0.0800572
0.0985306
0.0634764
0.0368123
0.0359171
0.21877
0.036576
0.302867
0.365198
0.0341062
0.359653
0.224819
0.460213
0.0286252
0.050194
0.0605239
0.0429266
0.0352629
0.135115
0.412187
0.0404466
0.0326995
0.371725
0.0423617
0.0255186
0.0321443
0.0333469
0.0339103
0.0422643
0.0322838
0.0346409
0.0276381
0.028942
0.0289719
0.0993458
0.0263198
0.0600045
0.0261334
0.0359359
0.02786
0.0266153
0.211884
0.031907
0.0534984
0.0447538
0.0868994
0.0779082
0.0829886
0.0685258
0.0333079
0.0778307
0.0585748
0.0620598
0.0648703
0.072793
0.0665224
0.293513
0.115823
0.417489
0.275904
0.415732
0.285178
0.420868
0.131506
0.202582
0.247766
0.251847
0.202483
0.33705
0.315181
0.284396
0.228857
0.255026
0.202817
0.186888
0.38519
0.25476
0.288377
0.289619
0.448762
0.265961
0.266271
0.054781
0.0811824
0.056968
0.0388369
0.05265
0.0796132
0.0225544
0.0358308
0.0472749
0.0446203
0.0478088
0.0468045
0.0491214
0.0478819
0.0515779
0.0588349
0.0499969
0.0482349
0.0478964
0.049285
0.054286
0.0496018
0.0541709
0.021836
0.0499019
0.0438939
0.0216209
0.0321838
0.022214
0.0277539
0.0477874
0.0430943
0.0501085
0.0399093
0.0422321
0.0521119
0.0393018
0.0546136
0.0580529
0.0490133
0.0468779
0.0490523
0.056431
0.06881
0.0526079
0.0539517
0.0482041
0.0804256
0.0613014
0.0877761
0.0420979
0.0667303
0.0951543
0.399505
0.434997
0.255176
0.384836
0.0467752
0.365218
0.0206353
0.0412085
0.0318411
0.0196525
0.0374011
0.0392383
0.0503433
0.214336
0.0493841
0.312164
0.30954
0.0343196
0.0501852
0.0685418
0.0725935
0.0393555
0.0838596
0.0459346
0.0556413
0.0793765
0.0542448
0.0493407
0.0381173
0.0355793
0.0431391
0.0469538
0.0287653
0.0408255
0.0913608
0.0583541
0.0379846
0.0285124
0.026213
0.024894
0.0317977
0.0347073
0.0352947
0.0269808
0.0335922
0.0429061
0.0257873
0.0308195
0.0351783
0.0283897
0.0488209
0.0278603
0.0407694
0.0735286
0.0691104
0.0445331
0.0303839
0.0326447
0.0274232
0.0458039
0.0713877
0.0839681
0.0707353
0.0721508
0.0701272
0.0303809
0.0330272
0.065048
0.0425723
0.0396078
0.0366048
0.0382019
0.0613736
0.0683902
0.0579765
0.0598747
0.0582535
0.0649898
0.0660196
0.0538398
0.0524532
0.0575422
0.0657557
0.046335
0.0316969
0.0505593
0.0609573
0.0705048
0.0697449
0.0591519
0.0632376
0.0624922
0.0615049
0.0615625
0.0535537
0.0568264
0.0654788
0.0555433
0.0584418
0.0501975
0.178827
0.238101
0.435461
0.0321366
0.0343821
0.249469
0.336211
0.198201
0.231378
0.137784
0.259567
0.0378408
0.164012
0.164885
0.0557007
0.0314139
0.0322476
0.041568
0.0370858
0.0263302
0.0296945
0.0294955
0.0256643
0.0301516
0.0337179
0.0339465
0.046668
0.0738726
0.0929181
0.055057
0.0562931
0.0734236
0.0378539
0.0211311
0.0701011
0.0600145
0.0631552
0.0550838
0.0627436
0.0578731
0.0574102
0.0630883
0.0477785
0.0320226
0.0350304
0.0432609
0.0419699
0.0375873
0.0377192
0.0494413
0.0544688
0.047743
0.0516003
0.0605232
0.0599413
0.0545828
0.0508512
0.0544975
0.0425465
0.0492521
0.0539073
0.056913
0.0589029
0.0575089
0.144073
0.134827
0.141597
0.115544
0.109347
0.134849
0.153073
0.145922
0.104117
0.139692
0.149115
0.135616
0.142147
0.12149
0.0498411
0.0387005
0.0313949
0.0293642
0.0325013
0.0387837
0.040274
0.0340049
0.0371209
0.0610416
0.0381655
0.0685588
0.0401454
0.072848
0.112357
0.0428392
0.0475253
0.10717
0.0347798
0.0350362
0.0404265
0.0380563
0.0786962
0.322616
0.0863019
0.0373809
0.0404641
0.0344285
0.0301001
0.0396822
0.0341932
0.0386576
0.0439845
0.0432008
0.0410842
0.0431784
0.0398015
0.0381634
0.0343734
0.0355419
0.0401636
0.04513
0.0357641
0.0322913
0.0315293
0.0397706
0.0320482
0.0314171
0.0396044
0.0406
0.0329731
0.0432581
0.0279768
0.033401
0.0382766
0.0370108
0.0399208
0.0328161
0.0372847
0.0404776
0.0352401
0.0289046
0.0402937
0.0406038
0.0364698
0.0410137
0.0437666
0.0414203
0.0412731
0.387486
0.0432073
0.0345363
0.0342944
0.0601993
0.0585575
0.039599
0.0350014
0.0345406
0.037354
0.0349263
0.0338721
0.0340179
0.326916
0.209655
0.0340757
0.341297
0.419475
0.345242
0.0391619
0.0404994
0.0280677
0.0422136
0.0375004
0.0342722
0.0390951
0.0365504
0.0381549
0.245685
0.0296956
0.0312954
0.033416
0.0306829
0.0285507
0.0299266
0.0306684
0.0352559
0.0299244
0.0700127
0.0708604
0.0561903
0.0657873
0.0648846
0.0547568
0.0649158
0.0488635
0.040701
0.0561032
0.058458
0.0532831
0.0431348
0.0495419
0.0594354
0.041728
0.0651134
0.0424305
0.0351027
0.0408017
0.0304623
0.0501478
0.0301662
0.0522717
0.0280016
0.0370596
0.0326072
0.0296606
0.0280713
0.0283825
0.0313521
0.0435669
0.0323449
0.0683315
0.0642951
0.0649521
0.0581319
0.0644774
0.066476
0.0562559
0.0551591
0.0263713
0.0282072
0.0302463
0.0265418
0.030287
0.0305209
0.0282508
0.0283249
0.031175
0.0356049
0.0338896
0.0449776
0.0384547
0.0290639
0.0343983
0.0302174
0.0233607
0.0254132
0.0270469
0.0226051
0.0260735
0.0250095
0.0241
0.034188
0.0310117
0.0587367
0.0360889
0.0291033
0.0379298
0.0387571
0.0321755
0.0391676
0.0309943
0.0339743
0.0414497
0.0320093
0.0257993
0.0400659
0.0271544
0.0272921
0.0312634
0.0619537
0.0451751
0.0559969
0.0491359
0.0492656
0.0606114
0.0322008
0.0288968
0.0285547
0.0287487
0.0398444
0.0391657
0.0415859
0.0423208
0.0290711
0.0282363
0.0270516
0.0321046
0.027075
0.0306932
0.0403199
0.0658217
0.052021
0.0356819
0.123354
0.0274495
0.0262791
0.0779389
0.0292918
0.0270127
0.0263513
0.0275028
0.0255078
0.0369624
0.0266653
0.0269015
0.036209
0.0267748
0.0345484
0.208179
0.105412
0.16558
0.427096
0.333139
0.34096
0.356113
0.402218
0.184678
0.120428
0.205006
0.189594
0.175597
0.227793
0.182722
0.209971
0.296866
0.15903
0.173857
0.34754
0.265855
0.294488
0.410823
0.161367
0.292653
0.164638
0.424274
0.313796
0.199223
0.174886
0.207726
0.249914
0.397658
0.374683
0.452501
0.40984
0.274707
0.275354
0.119382
0.109629
0.115082
0.158562
0.121197
0.119865
0.116516
0.106548
0.113454
0.083566
0.165072
0.124986
0.11337
0.118155
0.0978851
0.0703377
0.107
0.221984
0.180285
0.157945
0.226646
0.212749
0.322753
0.300998
0.332304
0.317992
0.286577
0.370204
0.174364
0.181282
0.121216
0.196187
0.145451
0.191862
0.184131
0.176716
0.194452
0.186875
0.194644
0.186222
0.230002
0.185872
0.16448
0.17886
0.172841
0.152606
0.130814
0.135873
0.124248
0.144898
0.158374
0.148388
0.158395
0.162443
0.151422
0.163624
0.178097
0.152971
0.154443
0.102221
0.142157
0.147619
0.172355
0.0794221
0.0574938
0.0498963
0.0665303
0.0692921
0.0388648
0.0430514
0.062974
0.0632956
0.0853822
0.0584343
0.0547858
0.0589332
0.0781804
0.0717831
0.0744797
0.076619
0.0938473
0.0650474
0.0538478
0.0756026
0.0856777
0.0517659
0.0545978
0.0537797
0.0532404
0.0358483
0.0395494
0.0422597
0.0455715
0.0423982
0.0546622
0.0377746
0.0413363
0.0329505
0.0486186
0.0253932
0.0438093
0.0348971
0.0366332
0.0276907
0.0256113
0.0268933
0.0468479
0.0871297
0.0982889
0.0994086
0.104474
0.0986497
0.092831
0.110693
0.117784
0.11929
0.165455
0.119697
0.109191
0.113959
0.106406
0.0947464
0.106358
0.215684
0.1766
0.152261
0.143557
0.168796
0.152561
0.18512
0.161916
0.180672
0.0315023
0.0317429
0.0403485
0.0258241
0.0292362
0.0368552
0.0604591
0.0289046
0.0489482
0.0540082
0.0338765
0.0242952
0.0542348
0.0383249
0.229536
0.0815339
0.207916
0.169333
0.064004
0.329583
0.124779
0.221321
0.131126
0.112146
0.175677
0.0760616
0.131713
0.0389214
0.233553
0.0403257
0.294262
0.474902
0.0949931
0.125732
0.110337
0.117449
0.103307
0.12171
0.0969641
0.102063
0.086429
0.107329
0.152605
0.153845
0.125658
0.13142
0.147625
0.120327
0.125999
0.114938
0.0567348
0.0944077
0.106637
0.159853
0.190594
0.166171
0.0602311
0.0725514
0.0550972
0.0430134
0.045168
0.0379276
0.0466953
0.0400077
0.0243949
0.0318055
0.0324021
0.042425
0.0418243
0.0405199
0.0413405
0.106739
0.137341
0.132305
0.11222
0.101632
0.110549
0.112191
0.136567
0.13589
0.133616
0.151715
0.130851
0.025082
0.0257857
0.0260631
0.0257842
0.0238278
0.0274431
0.0263251
0.0261564
0.0260007
0.0252379
0.343595
0.380296
0.244942
0.244618
0.298085
0.357707
0.251644
0.316248
0.282984
0.138371
0.120368
0.155177
0.0979426
0.159296
0.114213
0.129588
0.118779
0.129506
0.100789
0.141788
0.0230341
0.024147
0.0270765
0.0360208
0.0259036
0.0311226
0.0242303
0.027779
0.0253523
0.0266712
0.0333969
0.191945
0.0465723
0.083184
0.0274848
0.22479
0.0403522
0.200822
0.028594
0.0512693
0.0375458
0.179366
0.0359183
0.030337
0.03102
0.0309876
0.0299421
0.0302909
0.0328773
0.0312472
0.0368885
0.131619
0.126099
0.129982
0.132137
0.102011
0.112737
0.108072
0.340933
0.290525
0.295194
0.233747
0.163806
0.155659
0.152353
0.128104
0.133417
0.163085
0.171472
0.120801
0.0738694
0.0687983
0.084848
0.0814398
0.0804938
0.0672349
0.067087
0.318705
0.255508
0.291443
0.26555
0.263671
0.339584
0.265285
0.225496
0.0261292
0.0261374
0.0261509
0.0260346
0.0262282
0.0262193
0.0260262
0.0260354
0.026252
0.0591182
0.0576319
0.0501748
0.0677013
0.0301617
0.0238972
0.0507857
0.0489205
0.035494
0.0391339
0.051829
0.0379238
0.0475736
0.0474642
0.0496109
0.0607352
0.0578918
0.0406131
0.0376737
0.0453297
0.0515952
0.0457458
0.0472048
0.0502495
0.054684
0.0632103
0.0603914
0.058847
0.0611256
0.0572896
0.0436773
0.0523164
0.0561109
0.0621919
0.067993
0.0630566
0.103627
0.0855497
0.0882871
0.0883754
0.0834795
0.0984713
0.0956797
0.0859166
0.111981
0.0496221
0.0370519
0.0438005
0.0293079
0.0553174
0.0834721
0.0790522
0.0480734
0.379673
0.358784
0.467131
0.288641
0.323195
0.285433
0.236419
0.31829
0.239449
0.0900362
0.0283841
0.0332108
0.376372
0.387571
0.344195
0.0263611
0.0252447
0.0249875
0.0254578
0.0255108
0.0268107
0.0253789
0.0260258
0.0702294
0.0903513
0.0394915
0.236549
0.123472
0.110653
0.0359665
0.122858
0.0285967
0.0919399
0.077084
0.0417613
0.0325958
0.0487111
0.0440153
0.0449171
0.0421201
0.0509687
0.0350767
0.0357842
0.0458025
0.0359421
0.0312009
0.0331579
0.0326365
0.0457476
0.0399386
0.0337867
0.0723864
0.0372246
0.0486519
0.0374663
0.0527726
0.342849
0.371625
0.430243
0.442405
0.420199
0.137068
0.175585
0.143582
0.13898
0.176754
0.157001
0.180142
0.159745
0.109839
0.115463
0.11421
0.113382
0.0949552
0.0926658
0.0956554
0.115562
0.0727555
0.10882
0.0718582
0.0791536
0.0757312
0.0811981
0.0702462
0.0572838
0.0562898
0.0837179
0.0771811
0.0766331
0.092555
0.0897235
0.0905076
0.0730181
0.366812
0.324022
0.398412
0.280162
0.242201
0.334409
0.396084
0.427595
0.103042
0.0983563
0.0921968
0.107166
0.101264
0.112492
0.0453601
0.054231
0.0655067
0.0532806
0.0339087
0.0317325
0.0339819
0.260969
0.343458
0.386736
0.180146
0.193085
0.398051
0.343176
0.296813
0.373427
0.099004
0.116129
0.100181
0.125364
0.122074
0.111729
0.105463
0.123997
0.130555
0.0481502
0.0490481
0.0434376
0.0585792
0.0546115
0.0676102
0.0659078
0.065273
0.064199
0.0628351
0.0604255
0.0574735
0.0635398
0.0523736
0.063389
0.0683171
0.0521849
0.0651166
0.0671091
0.061294
0.0579131
0.0595026
0.0612802
0.0631478
0.0337399
0.0615471
0.0592709
0.0447701
0.0702024
0.0654858
0.0687895
0.0699075
0.0640787
0.0672179
0.319178
0.35324
0.382192
0.118404
0.419904
0.325027
0.328289
0.333191
0.415015
0.300169
0.397042
0.237093
0.390641
0.199335
0.403926
0.17885
0.241109
0.19451
0.182224
0.174184
0.219305
0.185597
0.208966
0.189918
0.167391
0.0648409
0.0482336
0.0486111
0.0564459
0.0737563
0.0270156
0.0256543
0.0283061
0.0280132
0.0266938
0.027363
0.0255054
0.0271029
0.0342238
0.0356847
0.0322691
0.0278112
0.0300767
0.0319976
0.0402998
0.0548002
0.0433046
0.0323223
0.0514778
0.054673
0.0431962
0.0287287
0.0522222
0.0390921
0.0633697
0.0574676
0.0629699
0.0387598
0.0592298
0.0432494
0.0426726
0.0263954
0.0312595
0.0462475
0.0287258
0.0360776
0.0443692
0.03667
0.0557172
0.0235071
0.0253216
0.0278623
0.0350869
0.0252603
0.0288279
0.0342863
0.055295
0.0414156
0.0415405
0.0316107
0.0313448
0.0312048
0.0507845
0.0425678
0.0481716
0.0635227
0.0479826
0.0646478
0.0505052
0.0652698
0.042656
0.0421052
0.0412316
0.0535844
0.0453999
0.0626022
0.0271561
0.025934
0.0247459
0.02464
0.0260965
0.0247041
0.024019
0.0254986
0.0253602
0.025381
0.0252032
0.166086
0.223513
0.2363
0.133651
0.187887
0.176936
0.236619
0.0256025
0.0250952
0.0259444
0.0256849
0.0249851
0.0696026
0.0360307
0.0501666
0.0554215
0.0202618
0.0713407
0.0347724
0.0319868
0.021505
0.0954808
0.10376
0.0456386
0.0738091
0.0272657
0.043621
0.0368093
0.0268675
0.0260527
0.0275889
0.0716142
0.0715917
0.0794769
0.0804082
0.0596333
0.0598225
0.0570466
0.0557996
0.0454989
0.0564996
0.0483814
0.0440652
0.0482562
0.0466107
0.0560443
0.0437482
0.0513122
0.0528648
0.0509821
0.0403527
0.0629897
0.0245381
0.0243785
0.0255532
0.0234514
0.0372742
0.130524
0.105527
0.128369
0.101302
0.232179
0.0791265
0.0653381
0.0510222
0.0661841
0.0609865
0.068386
0.0652377
0.0478721
0.0505108
0.0520682
0.0607513
0.0533237
0.0589691
0.0639603
0.0671745
0.058094
0.0566023
0.030456
0.037471
0.0370094
0.0307565
0.0431776
0.0323956
0.0320531
0.0305171
0.174348
0.182465
0.174939
0.151013
0.151016
0.195585
0.16067
0.159915
0.0256106
0.0235811
0.0237002
0.0237647
0.0261196
0.0222128
0.0237795
0.0243748
0.025468
0.0283963
0.0264992
0.0267206
0.026732
0.0256608
0.0257796
0.0255986
0.0261708
0.0263214
0.025682
0.026718
0.0255844
0.0285693
0.0289913
0.0263908
0.0279146
0.0259535
0.472967
0.450608
0.203729
0.265179
0.272206
0.252325
0.0254959
0.0249883
0.0257682
0.0252638
0.0249553
0.024323
0.0242937
0.0266973
0.0264712
0.0372726
0.0250218
0.0247088
0.0254247
0.0256166
0.0237225
0.0245554
0.0217385
0.0181391
0.0244957
0.0198399
0.039673
0.0494425
0.0208668
0.0222822
0.0229521
0.0666988
0.189392
0.181559
0.20268
0.279354
0.410079
0.114337
0.0467247
0.0515043
0.0512128
0.058716
0.0470364
0.0339123
0.0499532
0.0342484
0.0318815
0.0319932
0.021343
0.0247167
0.0827347
0.0679231
0.0279981
0.078182
0.0334938
0.0599356
0.055146
0.086492
0.0852018
0.0816677
0.0843665
0.0860924
0.0804053
0.125935
0.12242
0.117065
0.116335
0.114354
0.368218
0.434157
0.221094
0.258239
0.39336
0.197887
0.20221
0.3633
0.355674
0.296938
0.196732
0.182418
0.149347
0.148499
0.184561
0.149536
0.209577
0.137851
0.13201
0.115645
0.145524
0.115752
0.0848854
0.106015
0.102314
0.109427
0.11839
0.0986823
0.175979
0.172322
0.31399
0.231248
0.119641
0.127885
0.125715
0.143261
0.123447
0.121457
0.113389
0.128261
0.128556
0.109473
0.0636546
0.0683349
0.0665
0.0680072
0.0643468
0.0673848
0.0679523
0.0639856
0.0625182
0.0636551
0.0626136
0.0651679
0.0634586
0.0599279
0.0604767
0.0713581
0.0776668
0.0754903
0.0774269
0.0764644
0.0784679
0.0633721
0.0631776
0.064323
0.0645725
0.0645854
0.063886
0.0504006
0.0589597
0.056955
0.0499094
0.056896
0.0574334
0.0474698
0.0672499
0.0650531
0.0621195
0.0638604
0.0530579
0.0538771
0.0618638
0.0581595
0.0602801
0.0513712
0.0469087
0.0469825
0.0434064
0.0470496
0.045793
0.0610149
0.0677855
0.0518336
0.0494297
0.0622659
0.0479829
0.0381198
0.0475192
0.0349099
0.081954
0.0372106
0.0775256
0.0656361
0.0681488
0.0650477
0.0714541
0.0644513
0.0686994
0.0771812
0.0742607
0.076389
0.0469859
0.0497891
0.0491159
0.0430347
0.0386441
0.0319023
0.0287476
0.0320126
0.0279056
0.0281504
0.045269
0.0354868
0.0300557
0.0521247
0.0335164
0.0346564
0.0363238
0.0407009
0.0471761
0.0486332
0.0352686
0.0405941
0.0356442
0.0315298
0.045979
0.0634921
0.0483253
0.0535523
0.0630256
0.0529476
0.0444443
0.0456757
0.040598
0.0624942
0.0476742
0.0353545
0.0459913
0.0500274
0.0478662
0.0489405
0.0403423
0.049651
0.0417581
0.0403417
0.0495802
0.0477777
0.0362286
0.0584455
0.047174
0.051124
0.0364317
0.0508962
0.0659656
0.0619657
0.0683134
0.0637263
0.0567599
0.0384788
0.0300901
0.0432184
0.0440617
0.046406
0.0452218
0.0491224
0.0442389
0.0652566
0.0334643
0.0355859
0.0841729
0.0842805
0.0675394
0.0878953
0.0777613
0.0890156
0.0665025
0.0258377
0.0298305
0.0338291
0.0243189
0.0396801
0.15714
0.124001
0.157023
0.135245
0.178754
0.161663
0.145107
0.0217583
0.0235731
0.0245237
0.026313
0.0236631
0.02207
0.0233166
0.0243128
0.0224885
0.116936
0.111866
0.114314
0.0877348
0.0750986
0.0751826
0.0752771
0.0914398
0.112191
0.116603
0.118118
0.0801332
0.0904439
0.0688149
0.0543839
0.293007
0.416683
0.191289
0.231173
0.021703
0.038884
0.0510432
0.0255974
0.0242398
0.0414265
0.16466
0.285495
0.17453
0.241219
0.315044
0.217157
0.0868801
0.13321
0.206931
0.10116
0.121009
0.230635
0.206302
0.326011
0.246638
0.141058
0.100513
0.280448
0.25476
0.234634
0.040055
0.0245358
0.0260932
0.030827
0.0499579
0.0229702
0.122271
0.111677
0.115566
0.115254
0.133791
0.146324
0.124924
0.100958
0.0317292
0.148465
0.286426
0.255265
0.151063
0.166319
0.174983
0.145244
0.162457
0.188893
0.135082
0.230022
0.294452
0.179558
0.175446
0.217085
0.266918
0.262952
0.183656
0.175064
0.182591
0.173369
0.195454
0.188347
0.175719
0.206416
0.198953
0.179273
0.183835
0.202709
0.215522
0.189164
0.0852415
0.0590901
0.0495179
0.0442302
0.066804
0.0749624
0.038216
0.0531237
0.0505975
0.0569319
0.0557834
0.0677593
0.0561185
0.0735159
0.069179
0.0792069
0.0746348
0.0729916
0.0672731
0.0537229
0.0790406
0.0433276
0.054153
0.0709763
0.0753464
0.0448315
0.0685759
0.0641044
0.0660152
0.0811358
0.0841658
0.0558628
0.0790568
0.0712363
0.0649201
0.0588431
0.0747062
0.390061
0.38782
0.411636
0.251249
0.398069
0.0486776
0.045251
0.0385284
0.0325392
0.068148
0.0626142
0.0256849
0.0261175
0.0265339
0.0259265
0.0250174
0.0259201
0.025868
0.0251739
0.0258615
0.0532439
0.0244351
0.0248623
0.0250907
0.0675171
0.0720241
0.118258
0.063224
0.0307592
0.0264031
0.0263345
0.0263992
0.0264935
0.0263448
0.0424103
0.0510787
0.0666893
0.0387009
0.06224
0.0412957
0.0355323
0.0528725
0.0464994
0.0457946
0.0590755
0.0476012
0.0510024
0.0476958
0.0496344
0.043157
0.0331343
0.0348807
0.15165
0.163115
0.143068
0.135122
0.147787
0.128123
0.131268
0.256865
0.236238
0.225187
0.128141
0.176131
0.190526
0.122107
0.0258071
0.0325228
0.0331019
0.0309395
0.0277945
0.0261365
0.0262059
0.0309181
0.115014
0.171168
0.134256
0.256566
0.323795
0.0389385
0.0430552
0.0797826
0.083526
0.0794412
0.0878783
0.0778961
0.0900203
0.0528164
0.0633019
0.0474241
0.0563985
0.0524535
0.0689921
0.0519759
0.0481023
0.0292667
0.0321658
0.0301196
0.0859507
0.103048
0.112823
0.109883
0.0886035
0.0997104
0.112655
0.047522
0.0374465
0.0469088
0.0480387
0.0554365
0.0936969
0.0481042
0.0478488
0.0464686
0.0429974
0.0317691
0.0378672
0.0388884
0.0465314
0.0592911
0.0675383
0.0413685
0.0605911
0.0669736
0.0633758
0.0775947
0.0636946
0.064425
0.0638152
0.0666103
0.0668636
0.0617596
0.0661645
0.0734678
0.0646753
0.0621952
0.0632598
0.0632248
0.0645527
0.0722597
0.0603009
0.0625622
0.0399709
0.0260917
0.0420029
0.0350571
0.0395288
0.0243483
0.0267805
0.0619108
0.0350006
0.0416138
0.0566714
0.0424421
0.0317212
0.0360931
0.064947
0.0622691
0.0639919
0.0495608
0.0607559
0.0563917
0.0597848
0.0615643
0.0337779
0.0410875
0.0260375
0.0257427
0.0309376
0.0378895
0.0243248
0.0702634
0.066479
0.0662748
0.0602769
0.0608531
0.0689886
0.0583781
0.0642251
0.0609257
0.0619824
0.0627491
0.0610829
0.0597049
0.0651011
0.0357999
0.0305235
0.0303475
0.036863
0.0343643
0.030468
0.0296043
0.029264
0.0363085
0.01817
0.0215068
0.0246782
0.0215941
0.0225933
0.0272628
0.0289856
0.0520879
0.0495754
0.0332464
0.157756
0.200592
0.185653
0.0834287
0.206979
0.0430976
0.0836009
0.0838325
0.0450046
0.0773632
0.0210601
0.075085
0.0754017
0.0722038
0.115595
0.147177
0.139472
0.154465
0.346293
0.145879
0.281187
0.247119
0.270305
0.166135
0.227395
0.227445
0.347989
0.0882241
0.0779758
0.0761693
0.0525137
0.11214
0.0945503
0.0885024
0.0831848
0.0249175
0.026297
0.0279844
0.0263538
0.0262005
0.0301587
0.0268417
0.0254415
0.0260257
0.0254748
0.0260319
0.0259764
0.0255398
0.0327462
0.0317644
0.170456
0.171431
0.169639
0.135759
0.194864
0.178238
0.127908
0.17821
0.137238
0.0770123
0.102298
0.066595
0.0383
0.0409686
0.0595221
0.0437062
0.379066
0.244248
0.483188
0.457616
0.182389
0.21524
0.345262
0.297138
0.163109
0.187577
0.160626
0.172853
0.183906
0.167224
0.167852
0.15864
0.160972
0.19115
0.202276
0.081085
0.0795407
0.0709797
0.0813604
0.0879667
0.0818066
0.0669342
0.0639224
0.064244
0.0635871
0.0643509
0.0640093
0.0635991
0.0570616
0.0586145
0.0711783
0.0719269
0.052547
0.05188
0.0710683
0.0708603
0.0698706
0.0700805
0.0847721
0.0724523
0.0737773
0.0457678
0.0512244
0.0554894
0.0594682
0.0645926
0.0564521
0.0640578
0.0652395
0.0654653
0.063807
0.068498
0.0673596
0.0819212
0.0322036
0.0325195
0.0463025
0.0308949
0.0455677
0.0558503
0.0247472
0.0229607
0.0267467
0.022513
0.0230961
0.0228378
0.0301909
0.0245995
0.0627893
0.0699883
0.053919
0.0519479
0.0631447
0.0721282
0.0833295
0.0980318
0.0762055
0.179944
0.0442415
0.0468039
0.0390652
0.0390157
0.0470304
0.0423009
0.0554582
0.0600903
0.0605937
0.0467711
0.117898
0.0887783
0.128293
0.137669
0.128981
0.0950147
0.137845
0.113477
0.149867
0.121404
0.13338
0.322474
0.320382
0.2221
0.214234
0.27974
0.263254
0.20187
0.309945
0.234783
0.0501046
0.297093
0.323338
0.321809
0.238446
0.332325
0.0809615
0.332131
0.179503
0.0948136
0.0977478
0.0458628
0.0507954
0.0506766
0.0558094
0.0491902
0.0702812
0.0406227
0.037847
0.0467031
0.0332311
0.0858677
0.0855328
0.0911589
0.0857456
0.080483
0.0922883
0.0637811
0.084513
0.0760762
0.0729878
0.0767659
0.0729573
0.142011
0.107295
0.106495
0.0826317
0.0944153
0.0352368
0.0356738
0.0300643
0.0351173
0.0304142
0.0359395
0.0362449
0.0329166
0.0410335
0.275796
0.307216
0.307656
0.271634
0.269861
0.27652
0.260414
0.206512
0.149023
0.131849
0.189575
0.211265
0.149386
0.18138
0.151246
0.0253781
0.343343
0.246808
0.246168
0.173965
0.164861
0.2212
0.15231
0.0626474
0.0573231
0.0517833
0.0767058
0.0629801
0.0639832
0.0557197
0.0621442
0.0575044
0.06306
0.0620769
0.0496332
0.0588375
0.044495
0.44548
0.420267
0.225321
0.158177
0.0753112
0.292208
0.0432783
0.228664
0.118903
0.113895
0.11659
0.151015
0.146348
0.136022
0.143436
0.102317
0.150634
0.169436
0.0984648
0.0921356
0.0404928
0.0705678
0.107485
0.121394
0.032705
0.0403352
0.0633388
0.0625802
0.0615547
0.063991
0.0679044
0.0640578
0.0705117
0.0681594
0.0653246
0.0815841
0.083142
0.0913009
0.109837
0.0721797
0.0770644
0.0716232
0.0603891
0.109603
0.110195
0.106211
0.109485
0.0859635
0.0997382
0.103572
0.0999196
0.0713956
0.0701714
0.0772976
0.0721735
0.066149
0.0909309
0.0790958
0.10106
0.0987488
0.0716404
0.104405
0.0989282
0.0530041
0.0639816
0.0721401
0.054635
0.0390499
0.0406709
0.0305252
0.0371242
0.0399449
0.041398
0.0389565
0.0419172
0.0245157
0.0291409
0.0279595
0.0285644
0.0261183
0.0243051
0.0271116
0.026515
0.1592
0.0787842
0.0279432
0.0262635
0.075805
0.29956
0.0880561
0.0649604
0.0308991
0.0633683
0.0845847
0.0476859
0.0557271
0.081094
0.0433035
0.0407027
0.0443415
0.0369242
0.0454
0.0441053
0.0467311
0.0364995
0.02545
0.0546038
0.139649
0.133535
0.243676
0.115141
0.110763
0.0903269
0.131949
0.134894
0.209207
0.390359
0.152877
0.163732
0.184183
0.150947
0.144577
0.118829
0.121349
0.0887608
0.198025
0.254758
0.309368
0.0458841
0.0390493
0.0487341
0.0299621
0.0296462
0.0639187
0.0647308
0.0678417
0.0859454
0.0643783
0.075831
0.085021
0.0806126
0.0559749
0.0257019
0.0684743
0.0221979
0.0328251
0.0933122
0.0832343
0.124759
0.0933702
0.150789
0.131503
0.129076
0.0460885
0.0298218
0.0328018
0.0343409
0.0300641
0.038519
0.0328426
0.0326804
0.0244192
0.0423662
0.0358972
0.0396823
0.026448
0.060809
0.0576973
0.0616556
0.0642343
0.0648711
0.0615269
0.0613302
0.0931004
0.0779732
0.204848
0.271509
0.123163
0.197984
0.224135
0.155856
0.216575
0.0259695
0.0261408
0.0258709
0.0262722
0.0258804
0.0262791
0.0253457
0.0264385
0.0268113
0.0275248
0.0263296
0.0252986
0.0285339
0.0264681
0.0246068
0.116951
0.127772
0.123266
0.131044
0.119263
0.0772838
0.0521882
0.0487527
0.0656291
0.084199
0.114092
0.0723958
0.0767062
0.0374091
0.117396
0.0797795
0.0337523
0.038362
0.0509457
0.17067
0.0731523
0.0726034
0.0655315
0.120288
0.126054
0.100318
0.0999825
0.0522716
0.234383
0.288023
0.158285
0.0323744
0.062041
0.108594
0.0567128
0.0462
0.0366682
0.0496354
0.0601843
0.0411087
0.0345646
0.0481349
0.0421669
0.0583674
0.0257518
0.0258872
0.0250957
0.0267986
0.0266516
0.0841791
0.0510969
0.0606094
0.0718133
0.0812683
0.0790201
0.0764893
0.06873
0.0670103
0.121105
0.114043
0.0980117
0.109526
0.317723
0.24128
0.173139
0.339277
0.283674
0.332983
0.109511
0.0746005
0.108299
0.0690996
0.0688951
0.117489
0.0562877
0.0808429
0.0418334
0.111986
0.0799842
0.0740774
0.0790604
0.0831518
0.0253335
0.346962
0.351922
0.258265
0.15491
0.282085
0.225821
0.104099
0.287317
0.288651
0.0317102
0.0410317
0.0431197
0.0393239
0.0450874
0.0389157
0.0323256
0.0373357
0.0562249
0.0639787
0.0721498
0.076862
0.0759412
0.0659955
0.0644433
0.0255938
0.0474548
0.0392725
0.0285251
0.0259753
0.0415215
0.0323063
0.0447923
0.0213642
0.0218149
0.0288155
0.0361079
0.0425742
0.0402003
0.036927
0.0687695
0.0660772
0.0611461
0.0636404
0.0537476
0.0583915
0.0615695
0.0661641
0.0563051
0.0733795
0.0694433
0.0663625
0.0698611
0.0344288
0.0769591
0.0746883
0.0918859
0.051288
0.0554612
0.108097
0.0385587
0.0256621
0.0495468
0.0627072
0.0345891
0.0338132
0.0474822
0.0492535
0.0240512
0.0799749
0.0774728
0.0351862
0.0451036
0.0384365
0.0429765
0.0369556
0.0252416
0.0297375
0.0484764
0.0376538
0.0494558
0.075561
0.0696391
0.0671891
0.0789073
0.0291071
0.0547747
0.0479163
0.0584222
0.041306
0.0477754
0.0610594
0.0657838
0.0338055
0.028261
0.039295
0.0346461
0.0362335
0.0448242
0.0415451
0.0410834
0.0362205
0.0453295
0.0430186
0.0754293
0.0495521
0.0603364
0.119806
0.0485844
0.16511
0.0698896
0.0247646
0.0295408
0.0314753
0.0310329
0.0326094
0.032699
0.0354641
0.0802237
0.115415
0.156004
0.0953246
0.192611
0.0414358
0.282761
0.216176
0.206872
0.0435211
0.078351
0.050152
0.0888111
0.118196
0.0878856
0.105626
0.113008
0.109179
0.109881
0.0617668
0.0519071
0.0666089
0.0350078
0.0853544
0.119332
0.136237
0.141205
0.0703838
0.102932
0.106003
0.120738
0.162896
0.141856
0.153622
0.0622983
0.057983
0.0809212
0.0518602
0.219396
0.160067
0.133535
0.126629
0.129134
0.105533
0.159389
0.150232
0.132888
0.184927
0.185445
0.115695
0.154014
0.138978
0.154871
0.1537
0.385005
0.333836
0.160167
0.232352
0.178844
0.247142
0.365038
0.293477
0.257614
0.186656
0.325387
0.287523
0.149137
0.129813
0.310152
0.284859
0.283582
0.0866953
0.0934048
0.0815038
0.0907513
0.0795225
0.0843412
0.0879224
0.106569
0.0934805
0.0824882
0.0753092
0.103659
0.0760043
0.0924443
0.0869805
0.0982099
0.113975
0.10515
0.302837
0.299748
0.193563
0.157303
0.139519
0.147059
0.192464
0.201751
0.282375
0.29551
0.256116
0.234701
0.197625
0.156844
0.144522
0.204564
0.217613
0.0259417
0.0275922
0.0261666
0.0301274
0.0308927
0.0333348
0.0278343
0.0267437
0.0266211
0.026379
0.0260075
0.0394402
0.0507803
0.0624629
0.0715887
0.0443245
0.0576731
0.0403708
0.0648424
0.037622
0.064416
0.035595
0.0581974
0.0529059
0.0702866
0.0562292
0.0553001
0.0776283
0.0695466
0.0376673
0.0368628
0.0453036
0.0347166
0.0358306
0.035713
0.0314337
0.0289263
0.029372
0.0271166
0.027088
0.0277247
0.0380116
0.0272571
0.0283768
0.0282289
0.0259827
0.0276637
0.0300359
0.0282572
0.0464111
0.0386521
0.0366649
0.030315
0.0312302
0.0331238
0.0425011
0.0304728
0.0366487
0.0368499
0.0302602
0.0388156
0.0405494
0.0463513
0.0432046
0.0738165
0.0521825
0.0441523
0.0431759
0.0608493
0.0524692
0.0778709
0.0511417
0.0723035
0.0780334
0.060836
0.063175
0.080498
0.0644004
0.0570335
0.0552966
0.0723686
0.0533867
0.0542404
0.0312101
0.0295576
0.232916
0.151812
0.028688
0.0372775
0.0517081
0.0553962
0.0531934
0.0520461
0.0532071
0.0243072
0.025549
0.0256454
0.0255633
0.0253699
0.026577
0.0256491
0.0248171
0.0261887
0.0252453
0.0251655
0.0511776
0.030963
0.0506786
0.0299646
0.0274706
0.0327145
0.026792
0.0444013
0.0563532
0.0448614
0.045981
0.0651864
0.0528503
0.0432436
0.0606328
0.0607271
0.0619608
0.0691486
0.0657915
0.072906
0.0754007
0.0728904
0.0695333
0.0743128
0.0754331
0.0514191
0.0584911
0.0522447
0.064415
0.0425907
0.0528427
0.0512084
0.06477
0.0552557
0.0456143
0.0577248
0.0487983
0.0623108
0.0573762
0.0408219
0.0350456
0.0357934
0.0600846
0.0648921
0.0473507
0.0637668
0.04052
0.0543062
0.139361
0.174283
0.255908
0.433075
0.16635
0.304915
0.196985
0.237924
0.050139
0.0345229
0.0384821
0.0419072
0.054661
0.0293861
0.0263995
0.0343125
0.0264639
0.0278979
0.0262753
0.026405
0.0261943
0.0264276
0.0261181
0.0248551
0.0228225
0.0253728
0.0390243
0.0346246
0.0243706
0.0245739
0.0356284
0.0519774
0.0347881
0.0514789
0.0291487
0.0269966
0.0254666
0.027861
0.027288
0.0304814
0.0307161
0.0261344
0.0246939
0.0281571
0.0298283
0.0293501
0.0662393
0.0243619
0.0408804
0.0284173
0.0309018
0.0312003
0.0294924
0.067321
0.0781975
0.0401526
0.0423365
0.0533908
0.0558856
0.0517675
0.0547383
0.0676791
0.0636228
0.0532739
0.045192
0.052492
0.0313664
0.0303358
0.0477025
0.0372893
0.0378688
0.0753684
0.0868667
0.0947373
0.0763806
0.0806653
0.035599
0.0586919
0.0249688
0.0234607
0.0289035
0.028233
0.028676
0.0341041
0.0387631
0.0373263
0.0347821
0.0339186
0.0263868
0.0415068
0.0402818
0.0272889
0.041762
0.0457513
0.0541113
0.0703671
0.0458356
0.030236
0.045409
0.0310004
0.0536932
0.0354937
0.0426289
0.0438162
0.0398627
0.048311
0.0306968
0.056303
0.0509864
0.0521169
0.0676844
0.0493117
0.0624054
0.0588355
0.0532069
0.0582607
0.0565302
0.0330044
0.0433292
0.0347121
0.0372546
0.0326315
0.0446879
0.0398636
0.0396173
0.0361398
0.0485825
0.0520318
0.0485957
0.0475661
0.0512
0.0440782
0.067156
0.0463576
0.0440974
0.0464761
0.0625771
0.0638211
0.0574647
0.0548808
0.064253
0.0739602
0.0707986
0.0625173
0.0881634
0.0620914
0.0664019
0.090888
0.0513599
0.0425997
0.0511008
0.0865212
0.0780429
0.0508551
0.0660189
0.0997385
0.0678541
0.0907592
0.0445853
0.0435668
0.0458971
0.0389246
0.0477152
0.0397324
0.0443279
0.0431463
0.0385078
0.0393217
0.0388047
0.0374835
0.0275093
0.0273515
0.0263022
0.0264488
0.0266975
0.0262425
0.0264527
0.0289836
0.0243355
0.0303769
0.0412486
0.0373162
0.0302164
0.0298917
0.0405526
0.0479607
0.0335309
0.044586
0.0398637
0.0366307
0.0442716
0.0415664
0.0365133
0.0426596
0.0495544
0.0433688
0.0333046
0.0659153
0.0392299
0.055321
0.0541235
0.0558331
0.0589442
0.0484863
0.0622794
0.053479
0.0574551
0.0542263
0.0517617
0.0528962
0.0492814
0.0506628
0.0520029
0.054384
0.0587414
0.0536902
0.049304
0.0539272
0.0594953
0.0571961
0.0610297
0.052837
0.0500825
0.0599042
0.0496447
0.0509457
0.0484592
0.048562
0.0597721
0.0510264
0.0616615
0.043773
0.0735998
0.0821489
0.0649193
0.0788025
0.0857632
0.033346
0.037356
0.0316127
0.0391676
0.0714801
0.0907495
0.0811897
0.0809068
0.0897332
0.0720001
0.0852852
0.0879997
0.100071
0.0863728
0.0785501
0.0825432
0.071132
0.0796784
0.0268449
0.0269194
0.0343291
0.0264101
0.0267632
0.0586472
0.0743481
0.065375
0.0605541
0.0597253
0.0661191
0.0652861
0.0656093
0.0948303
0.132835
0.119631
0.125081
0.140985
0.164228
0.178405
0.0504645
0.0450746
0.0441156
0.0461172
0.0435752
0.149643
0.15171
0.131474
0.0535073
0.0496193
0.099661
0.0748712
0.0646394
0.0440541
0.0391274
0.0333049
0.0318453
0.0820491
0.0370128
0.0642502
0.079257
0.0323177
0.043118
0.0496634
0.0418069
0.053883
0.0662626
0.0776887
0.080212
0.0761275
0.0905979
0.155228
0.0963051
0.09071
0.101778
0.0977788
0.0743957
0.0716156
0.0820138
0.0889342
0.0520617
0.052835
0.050495
0.0853911
0.0767469
0.0829162
0.0917058
0.0640163
0.0861186
0.0942811
0.0835759
0.0775728
0.0545919
0.0598908
0.0436479
0.0506418
0.0528201
0.0549284
0.0479629
0.0733549
0.0510377
0.0557124
0.0534654
0.0367011
0.0462575
0.0387453
0.0400355
0.0380322
0.0406907
0.0432336
0.0507063
0.044933
0.172174
0.162732
0.144935
0.176756
0.160784
0.111786
0.369626
0.280834
0.312645
0.318062
0.210542
0.231483
0.186592
0.172427
0.132714
0.155252
0.187542
0.194319
0.129945
0.196236
0.0615286
0.0946655
0.242455
0.369227
0.362051
0.0361794
0.0375962
0.046981
0.0420582
0.0424914
0.0489603
0.0488337
0.0425128
0.04181
0.0487679
0.0365747
0.0523946
0.0480222
0.0439263
0.0527786
0.0509318
0.0400794
0.0760463
0.0317141
0.0381061
0.383405
0.435704
0.0916715
0.031611
0.0377621
0.081712
0.0301098
0.148233
0.0755458
0.127319
0.110228
0.121875
0.0984361
0.124075
0.122851
0.141078
0.410787
0.309132
0.240975
0.072559
0.394219
0.386451
0.0366171
0.0271222
0.0404993
0.030903
0.0600498
0.0437384
0.0338294
0.0343727
0.0433714
0.0598978
0.0447642
0.0420959
0.0443575
0.0445155
0.0714334
0.0726547
0.0727673
0.107468
0.0668832
0.0748244
0.151639
0.0700381
0.0397225
0.0452062
0.0332345
0.0606813
0.0618552
0.0788277
0.0501857
0.0489718
0.0633974
0.0536062
0.0539906
0.0644854
0.0563901
0.0608762
0.0621677
0.0554588
0.0587957
0.0600188
0.0942514
0.0802788
0.0655214
0.0706801
0.0274098
0.0353646
0.0376857
0.0368254
0.0281859
0.0322314
0.0276315
0.0293529
0.026149
0.0303784
0.0577627
0.0429012
0.0488417
0.0403191
0.0578457
0.0589138
0.138216
0.128364
0.14491
0.137343
0.0597635
0.0622943
0.0823791
0.078525
0.0698122
0.0706119
0.054791
0.051855
0.130592
0.128838
0.133649
0.0996327
0.0538431
0.0350603
0.055711
0.109487
0.0499374
0.0572574
0.0533793
0.0469352
0.0327803
0.0391301
0.04375
0.0368228
0.0465721
0.0477365
0.0373565
0.0809405
0.0798662
0.0603878
0.0593653
0.0448938
0.0613931
0.0433658
0.0564042
0.0493185
0.0382758
0.0567816
0.0506308
0.0625734
0.0636251
0.0732701
0.0682478
0.0709627
0.0995386
0.0642108
0.0612671
0.063315
0.0759801
0.0673235
0.275401
0.201949
0.227593
0.195778
0.286317
0.175235
0.177798
0.0358647
0.0428794
0.0721753
0.0295131
0.0684426
0.0895862
0.0468551
0.0257002
0.0429069
0.0281301
0.0263197
0.0317068
0.0718372
0.0266464
0.0269331
0.0862509
0.0574885
0.0607646
0.0422761
0.0374012
0.0377876
0.0829309
0.154414
0.0968126
0.0848657
0.0725117
0.0949728
0.0432986
0.0980854
0.101415
0.0835384
0.0891865
0.086477
0.112307
0.094627
0.112012
0.0772295
0.0625877
0.0744294
0.0540112
0.0839064
0.0242599
0.0189578
0.020654
0.0261669
0.0260396
0.0215685
0.0226193
0.0345707
0.0283434
0.0219506
0.0242384
0.0371204
0.0495092
0.0532439
0.0665743
0.0705282
0.0333314
0.036179
0.0336722
0.0250748
0.0269755
0.0256395
0.0776942
0.0809041
0.0454933
0.0988252
0.0928355
0.0546134
0.0520484
0.0439616
0.0516381
0.051923
0.0537511
0.0542131
0.058667
0.0564693
0.0419764
0.044567
0.0482631
0.0369602
0.0410518
0.0478485
0.0581755
0.0381252
0.0397932
0.0402903
0.0238425
0.0293282
0.0310021
0.0385521
0.0242343
0.0345884
0.0545271
0.0251356
0.062905
0.0248686
0.0237799
0.0263304
0.024998
0.0279815
0.0240604
0.0241235
0.0280427
0.0806747
0.0874156
0.0700034
0.0728686
0.0694407
0.0688031
0.0716544
0.0758754
0.0751771
0.0730164
0.0710684
0.0595167
0.0806739
0.0628609
0.0676454
0.0672074
0.0627108
0.0774267
0.0675177
0.0462155
0.0565485
0.0475725
0.047527
0.095313
0.0789322
0.0358082
0.0232724
0.0335341
0.0209179
0.0421646
0.0230461
0.0446536
0.0270437
0.0261096
0.0265121
0.0267355
0.0263687
0.0267202
0.0662015
0.0668606
0.0674769
0.0638851
0.0655693
0.0678488
0.0457815
0.0525872
0.0656871
0.104723
0.0368539
0.0386145
0.0582589
0.235926
0.034774
0.0870478
0.291419
0.0301189
0.0814039
0.0713742
0.0607632
0.0595079
0.0681818
0.0594381
0.0604672
0.0583133
0.0548321
0.0632015
0.0592584
0.054467
0.037711
0.0529519
0.0528158
0.0369662
0.04384
0.035145
0.0312975
0.0344565
0.0359287
0.0379673
0.0379516
0.0336368
0.0338839
0.0369438
0.135006
0.124546
0.123079
0.0727646
0.0769922
0.102936
0.0798898
0.0739057
0.0740487
0.0805989
0.1008
0.0358511
0.0819333
0.0748516
0.0479348
0.0700641
0.0414908
0.0266697
0.0515719
0.028992
0.0511495
0.0602288
0.0267572
0.116415
0.108969
0.137732
0.133421
0.119194
0.140261
0.136219
0.0265521
0.0265483
0.0269334
0.0271133
0.0265237
0.0260874
0.025923
0.0261013
0.0259544
0.026172
0.0263456
0.0264156
0.0265685
0.0248197
0.0297373
0.0250488
0.0237516
0.0460044
0.0300625
0.141455
0.0961198
0.123648
0.100458
0.139624
0.116561
0.104588
0.0959626
0.0293664
0.0597587
0.0269972
0.0304064
0.0379329
0.10902
0.0933586
0.0728983
0.0269176
0.0258345
0.0287816
0.028409
0.0296992
0.0460548
0.0431885
0.0584871
0.0471595
0.130516
0.118836
0.123238
0.115111
0.110152
0.132211
0.0459198
0.0463547
0.055648
0.0463051
0.0512037
0.0589465
0.0515147
0.0571525
0.0558544
0.0650674
0.064583
0.0634078
0.0563305
0.0557491
0.0561474
0.0709816
0.0591882
0.0548183
0.313847
0.363353
0.259711
0.214075
0.101172
0.354048
0.352626
0.353397
0.0780569
0.064132
0.0939592
0.0894594
0.0913024
0.0700203
0.0715248
0.414624
0.273078
0.295387
0.177649
0.303502
0.358184
0.0674783
0.099849
0.0374969
0.100299
0.094819
0.0323659
0.0393179
0.0403282
0.0342326
0.0290718
0.0415852
0.0319041
0.0363142
0.0498946
0.0532677
0.0488846
0.0939325
0.0780483
0.0894516
0.0513891
0.0722462
0.0711244
0.0464392
0.0772602
0.0926441
0.0798003
0.0810001
0.0607541
0.0740296
0.0563022
0.061632
0.0264523
0.0284758
0.0276842
0.0316367
0.03194
0.0331831
0.030338
0.0332214
0.0319227
0.0276325
0.0322544
0.0310333
0.0338935
0.0315614
0.0214568
0.0365518
0.032188
0.0439005
0.0382274
0.0365322
0.0469301
0.0417515
0.0385693
0.0381037
0.0298402
0.0515191
0.0379282
0.030895
0.0457897
0.0356376
0.0436857
0.0361397
0.0443186
0.0569487
0.074709
0.0811119
0.0456585
0.0362117
0.0301709
0.0368458
0.0368912
0.0362978
0.0418554
0.0415753
0.0353876
0.0403218
0.0474614
0.0455773
0.0435694
0.0413438
0.0429481
0.0676829
0.0686189
0.0591836
0.0662605
0.0660613
0.049227
0.0636222
0.0653046
0.0462642
0.0341477
0.0249104
0.0270806
0.0477113
0.0267447
0.0275747
0.0307642
0.0708436
0.0776493
0.0687461
0.0713518
0.0501153
0.0791842
0.0917077
0.0747473
0.0777743
0.0793541
0.0835318
0.049181
0.0522202
0.0490332
0.0475037
0.0506123
0.0439831
0.045415
0.0451676
0.0446901
0.0389538
0.0461811
0.047952
0.0488322
0.0480445
0.0484006
0.0499584
0.0681395
0.0625911
0.0680939
0.0560414
0.0682099
0.071003
0.05937
0.0519033
0.0551065
0.0599043
0.0630152
0.0623258
0.0610977
0.0591859
0.0578107
0.0586116
0.059065
0.0689229
0.0684124
0.0757421
0.0659957
0.0759943
0.0569539
0.0784263
0.0569914
0.0662777
0.0653257
0.0688628
0.07064
0.0612777
0.0657808
0.0648819
0.0766622
0.0705112
0.0689166
0.0777053
0.0677946
0.0673457
0.080728
0.0736215
0.0728271
0.083144
0.0631807
0.073449
0.084865
0.0793772
0.0717675
0.090017
0.0663706
0.074996
0.0910383
0.0516236
0.058301
0.0449692
0.0501026
0.0562869
0.0770639
0.0476102
0.0641375
0.116908
0.104449
0.114496
0.117112
0.0962352
0.0965785
0.102254
0.102624
0.112785
0.101969
0.113041
0.113775
0.115807
0.254445
0.186395
0.186156
0.207177
0.312867
0.319304
0.263255
0.231178
0.244033
0.0319082
0.0309675
0.0334878
0.0247256
0.0244189
0.0277831
0.111936
0.097507
0.106889
0.113874
0.166603
0.145984
0.137544
0.126302
0.14811
0.138823
0.167859
0.165297
0.148876
0.135306
0.105824
0.147685
0.175879
0.181428
0.170878
0.170049
0.130558
0.134765
0.15204
0.113936
0.121826
0.125235
0.144523
0.141997
0.135505
0.284472
0.283008
0.143977
0.200289
0.166347
0.375938
0.173633
0.188024
0.427707
0.360594
0.308475
0.0811226
0.0895376
0.0784531
0.0807039
0.0470345
0.0286527
0.0299658
0.0204581
0.0335292
0.02582
0.0231713
0.0229675
0.0617948
0.0630952
0.0592465
0.0611947
0.0600626
0.0653815
0.0638551
0.0666979
0.0608734
0.0270613
0.0258658
0.0317314
0.0346493
0.0283307
0.0244205
0.0239368
0.0606237
0.0563157
0.0552319
0.0493739
0.0519775
0.0454266
0.0447114
0.218091
0.3898
0.230652
0.225476
0.320745
0.381542
0.310309
0.200044
0.217042
0.137079
0.379229
0.386587
0.2621
0.176295
0.055834
0.0652077
0.0629941
0.066243
0.0521738
0.0481015
0.0714602
0.0685973
0.0774018
0.0799409
0.0657586
0.0721526
0.0836265
0.078365
0.0792723
0.0722697
0.071785
0.188804
0.160263
0.247114
0.246273
0.103286
0.120975
0.0687081
0.0976809
0.106332
0.120948
0.0724239
0.102667
0.122995
0.0665039
0.095803
0.260274
0.225495
0.165103
0.105513
0.127478
0.087788
0.077335
0.111548
0.126969
0.110779
0.0809385
0.0749985
0.419228
0.365962
0.17377
0.339362
0.285548
0.268266
0.185896
0.0244455
0.022527
0.0232734
0.0257838
0.0238705
0.0264385
0.0273775
0.0350299
0.0331226
0.0371364
0.0351995
0.0350125
0.0405185
0.0317909
0.0378786
0.0377625
0.0425364
0.0396377
0.0661289
0.0466942
0.0415881
0.0622321
0.0595857
0.0606682
0.0623991
0.0612607
0.0639779
0.033758
0.0391075
0.0295633
0.04801
0.0395591
0.0618627
0.0392271
0.0595816
0.0610251
0.0616766
0.0620817
0.0712603
0.0616573
0.069625
0.0646267
0.0662233
0.0640086
0.0606677
0.0604599
0.0619506
0.0661385
0.0754719
0.0674914
0.0658407
0.0771794
0.0708704
0.0680687
0.0753647
0.197211
0.159196
0.153609
0.164612
0.20843
0.186138
0.171363
0.0244335
0.0249169
0.0249395
0.026389
0.0265266
0.026389
0.0341199
0.0261578
0.0313905
0.0289619
0.0624201
0.100244
0.0486651
0.0972573
0.0397971
0.0409055
0.0408001
0.0422272
0.037943
0.0385779
0.0497204
0.0433662
0.150093
0.1435
0.181415
0.163313
0.153276
0.133253
0.140334
0.239477
0.239947
0.145258
0.234652
0.337677
0.214647
0.131631
0.256409
0.266342
0.074014
0.179027
0.0394422
0.0730703
0.194572
0.123079
0.041433
0.0353829
0.0313543
0.0314453
0.0308022
0.0389425
0.034813
0.0447091
0.0436619
0.0834347
0.0833484
0.0792634
0.0276415
0.0312858
0.0347853
0.0413979
0.0523051
0.0644336
0.0421356
0.0386275
0.0409127
0.0294055
0.0422156
0.0285547
0.0364291
0.0632221
0.0513152
0.048471
0.0493005
0.0596293
0.0633939
0.0314921
0.0458075
0.0504855
0.0561059
0.0555802
0.0739064
0.0349592
0.072044
0.027032
0.0403071
0.0357796
0.0709925
0.0747219
0.0389924
0.0361253
0.0367878
0.0451378
0.044103
0.0324419
0.0419854
0.0622379
0.0653735
0.0599711
0.0568197
0.0548116
0.0599391
0.062837
0.0593916
0.0602355
0.061769
0.0598017
0.0604935
0.067263
0.0392765
0.0282997
0.0233567
0.0339792
0.063542
0.0439672
0.0286346
0.0623275
0.146331
0.151144
0.159259
0.14895
0.135224
0.135633
0.128959
0.131767
0.0687528
0.0427297
0.0391193
0.0758498
0.0398107
0.0576198
0.0612608
0.0569912
0.0606998
0.0600322
0.0384073
0.0349782
0.0357771
0.0255155
0.029629
0.191384
0.372415
0.265803
0.233166
0.220309
0.0400021
0.0433606
0.0760828
0.0589396
0.0531129
0.0397426
0.06615
0.0487212
0.0727522
0.105215
0.0588462
0.0356217
0.0623108
0.0594584
0.124287
0.111107
0.122123
0.240549
0.0907456
0.233617
0.165132
0.175499
0.0871576
0.0995833
0.0700074
0.107035
0.110399
0.0951592
0.139646
0.0385283
0.0629386
0.0716479
0.041816
0.039034
0.0427339
0.0300786
0.0413003
0.0466711
0.0252331
0.0326981
0.0370238
0.0575947
0.0636148
0.0815288
0.0787305
0.0754047
0.085135
0.0423681
0.0928816
0.0731513
0.0825631
0.0916556
0.0276422
0.0470305
0.111979
0.0425018
0.0325079
0.0260733
0.0270817
0.0270104
0.026507
0.0259638
0.0269507
0.0260337
0.0261743
0.026491
0.0258601
0.0277199
0.0405136
0.0235499
0.0232334
0.141853
0.103165
0.11272
0.123994
0.140005
0.127251
0.144786
0.150164
0.0270166
0.036483
0.0406776
0.0377007
0.060936
0.0762581
0.080077
0.0771634
0.0813996
0.0658969
0.0609239
0.065682
0.0835404
0.0702624
0.0729397
0.0803759
0.0698763
0.0711886
0.0349124
0.0470034
0.041548
0.0717173
0.035068
0.0371655
0.0506797
0.0658847
0.0373519
0.0236133
0.0239162
0.0242222
0.0251219
0.0263577
0.0272052
0.0276814
0.0264471
0.0416818
0.0288953
0.0493481
0.0620308
0.0505656
0.0388629
0.0565708
0.0624265
0.0595863
0.0718764
0.0742885
0.064458
0.0287942
0.0263774
0.0250055
0.0280067
0.0382847
0.0285295
0.0421566
0.0258876
0.037563
0.0398832
0.0976243
0.125716
0.108502
0.143288
0.135483
0.117773
0.0673574
0.10297
0.111981
0.133408
0.0997777
0.113424
0.197337
0.270617
0.115474
0.134096
0.114986
0.216132
0.170486
0.282912
0.0828787
0.125495
0.160142
0.132434
0.147054
0.0632845
0.0594654
0.060559
0.0516345
0.070708
0.0665974
0.03633
0.0399229
0.0422273
0.0407456
0.176784
0.154533
0.136037
0.166947
0.228426
0.243959
0.150322
0.202698
0.248512
0.0244328
0.0259438
0.0221842
0.0253208
0.0280857
0.0365864
0.0243616
0.0292414
0.0268571
0.0251124
0.0241415
0.0254029
0.0251388
0.0260053
0.0245768
0.0251829
0.0469972
0.0448046
0.0700166
0.073633
0.0645473
0.0467869
0.069593
0.0657776
0.0577399
0.0734834
0.0817812
0.0650761
0.0298398
0.0708983
0.104313
0.065693
0.108795
0.0739401
0.0738124
0.0576199
0.0645841
0.0651921
0.0622428
0.0603661
0.086272
0.0727139
0.0844742
0.0769686
0.0738234
0.043989
0.0813014
0.0374606
0.0356938
0.0568962
0.0672321
0.0364412
0.0446911
0.0369121
0.03244
0.0377221
0.0248128
0.064961
0.0299644
0.0329869
0.0290698
0.0293004
0.0283888
0.0315292
0.0432766
0.0368067
0.0513479
0.0428683
0.08278
0.16544
0.158746
0.0294139
0.240521
0.0290101
0.289459
0.0394533
0.0413146
0.0437241
0.0542281
0.036241
0.0320307
0.0364881
0.0256464
0.0609165
0.0748467
0.0296551
0.110717
0.130091
0.115816
0.0953113
0.0881826
0.123908
0.056384
0.0639461
0.058261
0.0713416
0.0497885
0.0616084
0.0650243
0.0605482
0.0682329
0.0486781
0.0654896
0.0549778
0.112247
0.0688257
0.0577224
0.0286095
0.0299786
0.128431
0.0486988
0.0475418
0.0462368
0.0468387
0.0482756
0.043894
0.0428895
0.0479265
0.0383389
0.0399161
0.0382079
0.0360438
0.0456365
0.0440372
0.0509153
0.120973
0.052771
0.0597853
0.107496
0.0512769
0.0538822
0.0449179
0.0451514
0.0409231
0.0424012
0.030682
0.0334573
0.030499
0.0368219
0.0381784
0.0376591
0.0394713
0.0247242
0.0317778
0.024568
0.0276568
0.0362468
0.0346004
0.0282539
0.0429154
0.0656372
0.0418243
0.0242564
0.0538091
0.051592
0.0717162
0.0414602
0.0383963
0.0350597
0.0284528
0.0355398
0.0380436
0.0334424
0.025354
0.0279995
0.0269394
0.0317586
0.0274411
0.0271911
0.0273493
0.0262847
0.0250555
0.0274751
0.0739644
0.0481404
0.0453638
0.0909753
0.0386664
0.064444
0.0554786
0.0914233
0.0770942
0.0947052
0.0728528
0.0818088
0.0866805
0.0852821
0.026259
0.0268104
0.0271343
0.0261864
0.0249871
0.0250585
0.027071
0.0273908
0.0261022
0.0266254
0.0261246
0.0260487
0.0263552
0.0266574
0.025995
0.0262018
0.0858291
0.0729764
0.0924696
0.0939397
0.0898334
0.0835831
0.0722023
0.0929735
0.066188
0.153578
0.11922
0.0807158
0.0806479
0.0407402
0.0682071
0.0534526
0.066693
0.0377618
0.076598
0.0640997
0.0687302
0.0989435
0.121337
0.0839766
0.0925541
0.0699316
0.0823603
0.0963472
0.0918865
0.105557
0.0832549
0.104891
0.0990443
0.0932932
0.0909145
0.0999283
0.121388
0.107621
0.104122
0.102584
0.0784062
0.0289119
0.0353354
0.0324454
0.0273031
0.0417145
0.0363505
0.0456627
0.0489676
0.0478676
0.0487705
0.04891
0.0461867
0.0468632
0.043112
0.0360929
0.0442267
0.0397332
0.038678
0.0430759
0.101948
0.0935869
0.0850078
0.0714448
0.0744319
0.0594836
0.0751462
0.0768903
0.0816154
0.0752865
0.0583731
0.0666332
0.043615
0.068885
0.0583326
0.0736655
0.0703229
0.0884949
0.0881122
0.0765683
0.0977409
0.100948
0.0730934
0.0777585
0.0755617
0.107927
0.0964
0.0257584
0.0276726
0.0234874
0.033114
0.0301285
0.0397535
0.0659148
0.0691463
0.0655396
0.0706705
0.067663
0.0277327
0.0416221
0.0352997
0.022842
0.0233653
0.0267137
0.0332527
0.058998
0.0596767
0.0558492
0.0596261
0.0620361
0.064465
0.0525967
0.0558647
0.0677213
0.0718753
0.0474565
0.0756258
0.0490918
0.0480856
0.0338716
0.0496745
0.0494913
0.0353721
0.0417611
0.045886
0.14161
0.110608
0.132822
0.116082
0.121318
0.122978
0.124935
0.117067
0.0770691
0.0611653
0.068926
0.0594376
0.0468644
0.0494662
0.148834
0.102926
0.177119
0.0511727
0.0597456
0.0383699
0.0417849
0.0568947
0.0287552
0.0282197
0.0325784
0.0312794
0.0289794
0.0298793
0.0290585
0.0287702
0.0314007
0.028513
0.0765287
0.0993549
0.0642004
0.126039
0.107429
0.0529431
0.0501551
0.0757943
0.104456
0.105066
0.0650104
0.102696
0.103785
0.0544662
0.0795248
0.0437505
0.0357139
0.0647914
0.0657127
0.043545
0.0554945
0.0806979
0.0708944
0.0590433
0.0460607
0.0348535
0.0576267
0.0925723
0.0413174
0.0296672
0.0527127
0.0403788
0.0504931
0.0556116
0.031027
0.0391095
0.0842013
0.0358125
0.0415267
0.0345616
0.0461837
0.0413852
0.0473486
0.0335257
0.0262705
0.0513127
0.0263186
0.0329701
0.0268628
0.0265169
0.024814
0.0414285
0.0333508
0.0365512
0.0384323
0.0278414
0.0321128
0.0291022
0.0305385
0.0867754
0.0489873
0.206119
0.025882
0.0260267
0.0245481
0.025663
0.0247502
0.0244657
0.0261053
0.0261625
0.0264909
0.0265074
0.0249932
0.0343594
0.0280151
0.0255733
0.025041
0.0284895
0.037467
0.0283248
0.0495509
0.0284116
0.066282
0.0642054
0.0670028
0.0579398
0.111478
0.060671
0.121586
0.145146
0.147677
0.134219
0.119667
0.145129
0.161517
0.156914
0.0644482
0.044772
0.0278677
0.0367467
0.058166
0.0551327
0.0660952
0.050926
0.0486063
0.0468164
0.0478907
0.049189
0.0488997
0.0483517
0.0529306
0.0612858
0.0634918
0.0468339
0.0551397
0.0599821
0.0525901
0.0616027
0.084065
0.0616459
0.0757525
0.0618617
0.0614929
0.0611231
0.032332
0.0432748
0.0477958
0.0457063
0.0432221
0.0533906
0.0443164
0.068496
0.0779554
0.0624946
0.0602024
0.0543756
0.0752718
0.0630376
0.0362729
0.0788871
0.0367944
0.0752753
0.0366855
0.0252746
0.0245127
0.0249869
0.0355775
0.0283734
0.0280975
0.0382259
0.214463
0.196622
0.173879
0.254454
0.179543
0.180234
0.198221
0.239716
0.0699818
0.0714224
0.0615141
0.063579
0.0563151
0.0634562
0.0607885
0.0695867
0.0614463
0.0558545
0.0505068
0.0548407
0.0509239
0.0737996
0.0626986
0.0526644
0.064497
0.0437823
0.0350528
0.0534631
0.0564166
0.0357152
0.0632411
0.0747962
0.0735377
0.0500941
0.0710177
0.0701004
0.0716042
0.0524471
0.0634939
0.0344812
0.0551995
0.0430044
0.0708278
0.0371866
0.0555601
0.0481493
0.0456292
0.0515213
0.066115
0.0826781
0.0664838
0.0610763
0.0659094
0.0658064
0.0677054
0.259689
0.19093
0.298864
0.26507
0.166444
0.319232
0.237988
0.173437
0.156313
0.185176
0.0954127
0.0917744
0.109781
0.0821629
0.0667745
0.0822198
0.0963563
0.0648028
0.040696
0.0433964
0.0464771
0.0409072
0.0394467
0.0416544
0.0410866
0.0372341
0.0743163
0.0712218
0.0808879
0.0769959
0.0748774
0.0820346
0.0768101
0.0778438
0.0745164
0.0669224
0.0733063
0.0796126
0.0568183
0.0612922
0.0470238
0.0454547
0.0445061
0.0527742
0.0417327
0.0636357
0.060292
0.0404689
0.0547867
0.0515123
0.0392124
0.0387343
0.0431431
0.0363002
0.0580601
0.0536845
0.0762975
0.0533566
0.0385619
0.0437561
0.0397701
0.0454978
0.0527369
0.0653055
0.0457053
0.0597781
0.071073
0.062107
0.0707472
0.0664537
0.0691214
0.038386
0.0412906
0.0352527
0.0528782
0.173289
0.102208
0.0996238
0.181071
0.272784
0.150826
0.27435
0.0642192
0.0615002
0.0613212
0.0617922
0.0603478
0.0656883
0.0623602
0.285334
0.225455
0.117028
0.193607
0.315503
0.0622761
0.062149
0.0573898
0.0640988
0.0501991
0.0483909
0.0462442
0.0414643
0.0458201
0.0472109
0.045757
0.0414009
0.049909
0.04907
0.0408487
0.0407422
0.045406
0.0415036
0.0455367
0.0417821
0.0456452
0.0396449
0.0438898
0.0262098
0.0268834
0.18137
0.0980764
0.168384
0.0736632
0.112558
0.0696637
0.0545534
0.0834099
0.0570809
0.0577865
0.0529731
0.0581018
0.0547633
0.0516926
0.0529835
0.0361349
0.0379884
0.0693881
0.066497
0.0476342
0.0471985
0.0565266
0.0645986
0.0434104
0.0429515
0.047921
0.0461308
0.0476475
0.043704
0.0498961
0.0474244
0.0507468
0.050292
0.046613
0.0480592
0.049349
0.0488761
0.047882
0.0490725
0.0485057
0.0571586
0.0663196
0.0594188
0.0586728
0.0512788
0.059095
0.0697047
0.0577416
0.0738341
0.049038
0.0637885
0.0769372
0.0767609
0.0785901
0.0629193
0.050152
0.0462359
0.0319663
0.0329141
0.0366407
0.0342878
0.0416634
0.0476878
0.0487979
0.0505796
0.0544387
0.0393066
0.0457564
0.0478221
0.0482053
0.048633
0.0610405
0.0252186
0.0413995
0.0256884
0.0316763
0.0271079
0.0412142
0.0417904
0.0366685
0.0381917
0.0330251
0.0351821
0.037501
0.0355426
0.0375032
0.0553077
0.0692594
0.0555976
0.117701
0.0774641
0.0319525
0.0408352
0.0269527
0.0274171
0.027262
0.0307067
0.0282008
0.032861
0.0582275
0.0292984
0.0280187
0.0280043
0.0523197
0.0324873
0.031293
0.0303288
0.0605593
0.0560442
0.0483216
0.060654
0.0445989
0.0802461
0.0850616
0.0794248
0.0876018
0.0584789
0.0780017
0.0472012
0.106007
0.0866457
0.0947889
0.0778942
0.0670554
0.084394
0.0699077
0.0682494
0.0677938
0.0664622
0.0783599
0.0386676
0.041948
0.0429067
0.038798
0.0395683
0.0984942
0.118014
0.0760299
0.0801554
0.045203
0.0781816
0.0809914
0.0879707
0.0728671
0.0726168
0.0714552
0.0700572
0.101747
0.0690778
0.0841639
0.118423
0.140308
0.107752
0.15004
0.172861
0.169471
0.192627
0.0773267
0.0439025
0.0605846
0.0500431
0.0644287
0.0785408
0.0566442
0.0660607
0.0479067
0.0709606
0.0877559
0.0588919
0.0282374
0.0293202
0.0410408
0.0351008
0.0337208
0.0275007
0.0281683
0.0278967
0.0305104
0.0491143
0.0280282
0.0411538
0.0331512
0.0286495
0.0493747
0.0359446
0.0278656
0.0261909
0.0260269
0.0293281
0.0274612
0.0326917
0.025677
0.0260187
0.0396425
0.0283104
0.0278198
0.0488549
0.0443194
0.020601
0.0234265
0.0288012
0.0524086
0.0497222
0.0323421
0.0825051
0.0791756
0.0738977
0.0727753
0.0678077
0.0806699
0.0764448
0.0594176
0.0595616
0.0722461
0.0598151
0.0707924
0.0592843
0.042949
0.0547074
0.116172
0.119098
0.137396
0.105038
0.185454
0.0731654
0.103471
0.0554456
0.251065
0.178742
0.232188
0.0682582
0.0683484
0.0608337
0.0729686
0.0609654
0.0670046
0.0685496
0.083446
0.0965145
0.0826987
0.116801
0.0820396
0.0360143
0.0352899
0.0388924
0.0436497
0.0414562
0.0377834
0.0292549
0.0373123
0.0316668
0.028164
0.0283711
0.0270598
0.0337172
0.0342147
0.0270508
0.0267634
0.0255449
0.0251529
0.0287818
0.0288596
0.0268299
0.0247845
0.0299559
0.0328901
0.042366
0.0376257
0.0469134
0.0424359
0.0450698
0.052812
0.0521927
0.0469809
0.05308
0.158703
0.171041
0.17327
0.145837
0.154525
0.162399
0.167004
0.149871
0.0686496
0.081341
0.0895062
0.0834501
0.0754959
0.0521614
0.0582676
0.062695
0.0598509
0.0614244
0.0599246
0.0586545
0.0619038
0.0618077
0.0594279
0.0535588
0.0423363
0.0386659
0.037097
0.0432713
0.0431841
0.04261
0.0349875
0.0347536
0.0467901
0.0320816
0.0497615
0.0458445
0.0497878
0.0335403
0.0357784
0.0383788
0.0309355
0.0553856
0.0587652
0.0543399
0.0609768
0.062299
0.0433726
0.0461343
0.0646539
0.0611999
0.0598449
0.0514298
0.0593325
0.06445
0.065471
0.0636986
0.0641043
0.108193
0.0854528
0.0782931
0.0950701
0.11526
0.184767
0.0292786
0.0438331
0.0267723
0.0467419
0.026257
0.0304444
0.0505998
0.0265541
0.0365584
0.0435611
0.0556626
0.0746141
0.0392324
0.0719198
0.026127
0.0209954
0.0289762
0.0332092
0.023201
0.0626198
0.0680565
0.0650082
0.0670416
0.0664548
0.0637304
0.0656559
0.0659656
0.0614547
0.0766306
0.0757805
0.0650013
0.0617705
0.0775897
0.0527452
0.0555978
0.0592631
0.0557887
0.0575073
0.0555347
0.0323473
0.0312455
0.033451
0.0413032
0.0378158
0.0386963
0.107099
0.12616
0.247674
0.0455471
0.104985
0.14588
0.0597333
0.0680287
0.0670631
0.0433124
0.0499265
0.0486934
0.0493845
0.0810333
0.0619057
0.0910451
0.0850282
0.0793254
0.106982
0.123017
0.118911
0.0794989
0.073985
0.0649389
0.0667473
0.0571505
0.0704998
0.0680686
0.0345568
0.0450955
0.07253
0.030982
0.0438885
0.0682925
0.0555167
0.0315932
0.040043
0.0293796
0.0803018
0.0733464
0.072467
0.110492
0.067902
0.0376901
0.0358373
0.057271
0.0341985
0.0507846
0.0586347
0.0581244
0.0434505
0.0426595
0.0616756
0.0578562
0.054125
0.158298
0.0599942
0.0604725
0.0517808
0.0616901
0.05339
0.0472786
0.0678136
0.0704184
0.139732
0.0888763
0.115654
0.126739
0.105565
0.163272
0.164069
0.11697
0.111455
0.0757803
0.146906
0.0643409
0.0850594
0.0334729
0.0368888
0.0403971
0.0395743
0.032011
0.0361923
0.0340534
0.0541525
0.0567459
0.0490128
0.0601036
0.0791406
0.0695596
0.0729629
0.0559653
0.0968458
0.0638043
0.0838199
0.111091
0.132162
0.137678
0.0521219
0.0272396
0.0292222
0.0313315
0.0279456
0.0332201
0.0700899
0.0986836
0.0992352
0.084666
0.126614
0.125853
0.0787354
0.0764622
0.0702897
0.0792226
0.103812
0.100168
0.0707867
0.0819262
0.0798727
0.0467313
0.0535281
0.0490628
0.0848568
0.0896342
0.110196
0.0766906
0.080364
0.0770367
0.141843
0.116036
0.0950691
0.0851896
0.0697623
0.070433
0.0929695
0.0950498
0.126405
0.110067
0.08776
0.0876116
0.0747951
0.0751717
0.103102
0.0596892
0.0807346
0.073865
0.084955
0.0622451
0.0700335
0.0618313
0.0600967
0.0725154
0.0414096
0.043763
0.0438832
0.0505186
0.0590999
0.0431206
0.0895749
0.0422942
0.0817036
0.0735331
0.063014
0.0876082
0.0777604
0.0754815
0.0995821
0.0829083
0.0773214
0.104143
0.0821391
0.104931
0.0713796
0.0943374
0.089071
0.0529726
0.0554792
0.0552277
0.0360624
0.031711
0.110408
0.105089
0.125008
0.104876
0.0949905
0.100957
0.0988849
0.066523
0.0825867
0.10118
0.0905159
0.122432
0.0999444
0.120895
0.10989
0.100677
0.109965
0.100105
0.0607868
0.0687987
0.0969313
0.0931271
0.0923884
0.0891109
0.105197
0.0746869
0.0745293
0.0757862
0.0548744
0.0384715
0.0788492
0.0615771
0.0322792
0.0265247
0.0642047
0.0501495
0.0555529
0.0863218
0.0858929
0.0662215
0.0574935
0.0551911
0.0412657
0.0425531
0.0297829
0.0427646
0.0356755
0.0303857
0.0818742
0.079036
0.0935061
0.0904256
0.0987403
0.0913705
0.0900833
0.0927441
0.0986143
0.120783
0.0939044
0.127618
0.14345
0.124533
0.109023
0.122399
0.0855431
0.0997976
0.127861
0.0546012
0.0553384
0.0510195
0.0606524
0.0327666
0.0328425
0.0288559
0.0321733
0.0374697
0.0352864
0.0403796
0.028416
0.0277958
0.027574
0.0760285
0.0673778
0.11104
0.0604022
0.080849
0.101345
0.0359698
0.0320587
0.031489
0.0369051
0.0255356
0.0403757
0.0328464
0.0211374
0.0254193
0.0771148
0.0717196
0.0846986
0.147674
0.093257
0.0807358
0.112486
0.0563368
0.0511428
0.0545001
0.0438831
0.0582143
0.0496138
0.0570343
0.0400005
0.0593418
0.0577591
0.066829
0.058782
0.0598694
0.0625147
0.0551518
0.0646804
0.0581864
0.066372
0.0531396
0.0587456
0.0560929
0.0508063
0.0502834
0.0577965
0.0510732
0.0522305
0.0537351
0.0421439
0.0425638
0.0419855
0.0454768
0.0416063
0.0805437
0.0914528
0.0845607
0.21098
0.0599541
0.0958688
0.174001
0.152065
0.157424
0.0583315
0.0689435
0.0735888
0.0845395
0.0795632
0.0555833
0.0666082
0.059096
0.0674146
0.0621498
0.0529148
0.0513739
0.0725669
0.0525513
0.0901683
0.0714422
0.0638301
0.0807571
0.0760548
0.0729076
0.0635995
0.0629807
0.0536937
0.0536187
0.0683856
0.0562008
0.0589011
0.0732457
0.057439
0.051799
0.0369406
0.0534307
0.0560296
0.0303882
0.0293276
0.0318244
0.0720263
0.0259462
0.0355709
0.0279317
0.0290049
0.0256797
0.0259756
0.0277484
0.0269656
0.0281003
0.0272967
0.0780019
0.0767689
0.0852278
0.0520381
0.057201
0.0591759
0.0652988
0.06451
0.0753109
0.0565468
0.0844198
0.0558106
0.0646339
0.0662954
0.0523587
0.0534964
0.0540782
0.0619876
0.0607548
0.0590479
0.0424389
0.0474203
0.0520377
0.045264
0.0459155
0.0516644
0.0428475
0.0275286
0.0263522
0.0280228
0.0325192
0.0302414
0.0284303
0.0261314
0.0263561
0.0245308
0.0259837
0.090854
0.0462886
0.037659
0.0589265
0.092483
0.0356319
0.0434947
0.0768198
0.0622784
0.0441687
0.0376131
0.0461039
0.0474509
0.0488535
0.0401753
0.0415538
0.0426329
0.0531514
0.0700069
0.0888061
0.0651293
0.0806968
0.0996182
0.0807607
0.0689704
0.0787371
0.0831067
0.119253
0.117285
0.160006
0.136197
0.142393
0.115456
0.112875
0.1242
0.185264
0.181996
0.0322653
0.0443579
0.0670468
0.0370328
0.0443837
0.0380458
0.034213
0.0276528
0.0623888
0.0416658
0.0546616
0.0536922
0.0524186
0.0524255
0.0948256
0.105552
0.136802
0.0956464
0.210658
0.10343
0.110567
0.0961797
0.116648
0.109217
0.0272869
0.0272931
0.0291153
0.0295385
0.0349521
0.0579333
0.0391504
0.13629
0.0456075
0.181578
0.0972009
0.0843578
0.117374
0.0758868
0.0580075
0.0461798
0.0492721
0.0393785
0.0417453
0.0306223
0.0470565
0.0398605
0.0325941
0.0411581
0.0452057
0.0993792
0.075897
0.0813545
0.0863033
0.0760617
0.0943516
0.082678
0.103142
0.0860325
0.130955
0.100487
0.140308
0.139408
0.13093
0.112835
0.0882465
0.0966773
0.0850527
0.0279835
0.0300522
0.0346474
0.0274
0.0272737
0.0278051
0.0282541
0.0269802
0.0429389
0.044144
0.046805
0.0369327
0.043478
0.157372
0.13347
0.135041
0.139828
0.101803
0.189791
0.114546
0.0807148
0.0950727
0.0717548
0.0901321
0.117569
0.146192
0.132668
0.0915167
0.154827
0.143074
0.0752648
0.109488
0.102083
0.0877379
0.118074
0.171961
0.105681
0.143693
0.162482
0.0929055
0.101942
0.0841415
0.143907
0.0624871
0.082427
0.0875393
0.0507466
0.0811365
0.123988
0.0754432
0.0740093
0.0585638
0.0904264
0.0806199
0.103165
0.125183
0.0981337
0.0858007
0.0852219
0.0703739
0.0687538
0.0892294
0.104034
0.116753
0.116112
0.0896259
0.0896809
0.0734993
0.0861528
0.0759023
0.0610258
0.0785226
0.083457
0.0954372
0.0893308
0.0920048
0.100266
0.0765141
0.108334
0.102211
0.0642595
0.0591268
0.0313096
0.0254786
0.0360048
0.035406
0.0423494
0.068314
0.0640375
0.0333307
0.0585823
0.0990974
0.0891517
0.0711731
0.104099
0.0983921
0.0765289
0.0538295
0.0545357
0.105474
0.0775955
0.0584426
0.0647472
0.0855709
0.0774191
0.0583376
0.0708771
0.0727796
0.0837079
0.0866517
0.108871
0.0853139
0.0883108
0.0965716
0.0897855
0.0362087
0.0588893
0.0663179
0.255386
0.0567633
0.225687
0.147918
0.0882002
0.0541175
0.0474932
0.0509356
0.271264
0.14885
0.0503435
0.0236575
0.0194138
0.0192858
0.0332105
0.133939
0.0573271
0.0822675
0.0740702
0.0791326
0.0733237
0.0270701
0.0790005
0.080987
0.250111
0.352125
0.138433
0.318885
0.120729
0.124889
0.0530926
0.0584763
0.0526227
0.31276
0.132701
0.09756
0.047339
0.0268334
0.0303429
0.0818066
0.153782
0.153724
0.129222
0.0612169
0.0380375
0.0568016
0.0618977
0.0527997
0.11164
0.0644144
0.0293893
0.0297044
0.0314889
0.0451983
0.0531454
0.183701
0.0368497
0.146095
0.301624
0.0441541
0.0754994
0.0527503
0.0585624
0.0346433
0.028297
0.0272018
0.0270707
0.0797457
0.168347
0.0379222
0.0623204
0.0571723
0.144814
0.0426116
0.0727178
0.0773811
0.486766
0.0898977
0.08775
0.0232051
0.151904
0.169945
0.149962
0.154972
0.15612
0.0437693
0.0740983
0.052619
0.0430027
0.0732306
0.0750388
0.0752004
0.075289
0.0686111
0.0790304
0.0767906
0.0769643
0.107712
0.0800548
0.115715
0.0861876
0.0857825
0.081089
0.0803205
0.0698758
0.0765501
0.0901984
0.112973
0.0922396
0.0740891
0.0711408
0.0744943
0.0788484
0.078278
0.0886808
0.119401
0.12388
0.106145
0.0733086
0.0842496
0.0768314
0.0858451
0.11843
0.105456
0.0978972
0.0983648
0.0895248
)
;

boundaryField
{
    tank_inlet
    {
        type            fixedValue;
        value           uniform 0.027;
    }
    tank_outlet
    {
        type            zeroGradient;
    }
    tank_walls
    {
        type            kqRWallFunction;
        value           nonuniform List<scalar> 
4233
(
0.0501805
0.142318
0.0411294
0.0411294
0.0952559
0.0875575
0.0499719
0.202439
0.014602
0.106918
0.0257309
0.0647034
0.0401904
0.0895272
0.0934506
0.0700896
0.0743214
0.0320308
0.0478874
0.0677842
0.0885664
0.148502
0.101478
0.0859637
0.0629118
0.090475
0.101433
0.145452
0.0288577
0.0145193
0.0496574
0.146936
0.161039
0.0833292
0.028135
0.028135
0.0488008
0.0677766
0.0146205
0.0171353
0.0146067
0.0354431
0.0359933
0.0195466
0.0199581
0.01034
0.01034
0.0150511
0.0398279
0.0172863
0.0288563
0.0440035
0.0440035
0.0471627
0.046977
0.046977
0.0474848
0.0544365
0.0465339
0.0465339
0.0536491
0.0475101
0.0515013
0.0505659
0.10758
0.0519892
0.0519892
0.058186
0.0378933
0.0569945
0.0569945
0.0547813
0.0562319
0.0305338
0.0167165
0.0397657
0.0397657
0.0506604
0.0302203
0.0414567
0.0346786
0.0282549
0.0282549
0.0399544
0.0382447
0.0502595
0.0404399
0.0404399
0.0308751
0.0308974
0.0308974
0.0432934
0.0432934
0.0353216
0.0198273
0.0198273
0.0443633
0.062177
0.0193833
0.0193833
0.0502635
0.0404114
0.0404114
0.0226142
0.0208595
0.0208595
0.0413598
0.0271233
0.0397151
0.0383005
0.0383005
0.0176448
0.0176448
0.0300472
0.0300472
0.088279
0.118026
0.146896
0.0940442
0.0222902
0.043045
0.0487254
0.0399731
0.0399731
0.0526117
0.0526117
0.0642411
0.048925
0.0933902
0.0190194
0.0190194
0.0459562
0.0459562
0.0500858
0.0676739
0.0725023
0.0325446
0.0359031
0.0359031
0.0260386
0.0606128
0.0357195
0.0357195
0.0523376
0.0369925
0.0369925
0.0829044
0.0261304
0.0595048
0.0595048
0.0703729
0.0371959
0.0300228
0.0300228
0.0331369
0.0331369
0.0545744
0.0855804
0.0633317
0.0633317
0.0445663
0.0445663
0.0474856
0.0474856
0.0527654
0.051326
0.0461726
0.0461726
0.0480327
0.0480327
0.0476581
0.0561497
0.051351
0.051351
0.0570786
0.184505
0.168943
0.0540982
0.0643247
0.0568655
0.0568655
0.0484106
0.0466096
0.0466096
0.0443815
0.048578
0.0409735
0.0409735
0.123214
0.108301
0.0452699
0.116769
0.132189
0.116161
0.140732
0.12879
0.131874
0.0756968
0.149708
0.161136
0.153636
0.117132
0.194024
0.163588
0.128966
0.115934
0.0960441
0.111359
0.13028
0.143183
0.108299
0.0550887
0.0756664
0.0622987
0.0676841
0.0776875
0.0567643
0.0949741
0.149315
0.151881
0.120379
0.0644616
0.103704
0.103113
0.0647174
0.0623563
0.0708313
0.21193
0.178102
0.153905
0.202013
0.167394
0.176638
0.202515
0.151067
0.145865
0.177305
0.192262
0.0516107
0.178727
0.0866315
0.0992465
0.12081
0.187486
0.15695
0.120865
0.17648
0.157618
0.148562
0.179131
0.198774
0.157661
0.0920132
0.17613
0.153085
0.172983
0.170212
0.16963
0.179383
0.184074
0.155367
0.204271
0.155803
0.166029
0.199137
0.171252
0.236033
0.1413
0.193892
0.158111
0.153077
0.181285
0.13705
0.0401568
0.159164
0.176821
0.173716
0.15001
0.0456374
0.055249
0.0381469
0.0485241
0.120028
0.192961
0.0342713
0.0342713
0.03637
0.166453
0.166852
0.188831
0.0320771
0.0320771
0.0550718
0.11905
0.179201
0.0279144
0.0632018
0.122502
0.155749
0.189857
0.132694
0.061192
0.142515
0.0939578
0.0202371
0.0202371
0.0225721
0.0259188
0.0259188
0.033205
0.0348936
0.0402888
0.105939
0.142137
0.166587
0.15065
0.156927
0.137844
0.150721
0.129789
0.132317
0.155209
0.112577
0.0708114
0.101952
0.12548
0.113892
0.111373
0.0366822
0.041998
0.0492036
0.0453806
0.0453806
0.0380051
0.0804232
0.0573722
0.0757847
0.0803997
0.100491
0.0747475
0.0681717
0.0791757
0.0388498
0.038051
0.169519
0.171451
0.0992405
0.106997
0.110742
0.0761032
0.162299
0.0490159
0.0655768
0.13831
0.0824192
0.10942
0.130427
0.0590538
0.0557477
0.167346
0.174077
0.196402
0.0680146
0.0649187
0.130275
0.149516
0.0599235
0.065376
0.163435
0.190819
0.0512182
0.159155
0.124576
0.19016
0.141406
0.157331
0.174259
0.108513
0.146219
0.167003
0.145238
0.146887
0.189419
0.102942
0.108049
0.162901
0.0446771
0.050042
0.106177
0.135454
0.11419
0.130471
0.1706
0.129554
0.108403
0.102465
0.0993636
0.0393854
0.0632704
0.139922
0.103088
0.156752
0.0548248
0.12091
0.114603
0.102131
0.112774
0.143071
0.128976
0.154213
0.0909852
0.104059
0.0513204
0.0505074
0.0637738
0.0501278
0.0523279
0.124497
0.161607
0.151314
0.166692
0.138172
0.156725
0.155594
0.192201
0.191609
0.170138
0.0567544
0.0584904
0.0585335
0.153352
0.190726
0.0852081
0.0634
0.0641867
0.123848
0.176039
0.136638
0.137094
0.131187
0.101235
0.118932
0.126649
0.0596194
0.0697719
0.151691
0.0663588
0.068848
0.118931
0.137759
0.138244
0.100256
0.104047
0.145343
0.0614625
0.109553
0.129143
0.10393
0.0988418
0.12782
0.0954228
0.101298
0.0794545
0.0794655
0.122641
0.119212
0.097862
0.0626424
0.129347
0.111456
0.139979
0.110552
0.120088
0.104156
0.105057
0.0929516
0.0973866
0.143159
0.094099
0.0982577
0.0769022
0.0774478
0.0944904
0.0807393
0.112197
0.0812529
0.0935582
0.0982916
0.101141
0.086051
0.0751437
0.118887
0.117749
0.0823595
0.0775324
0.10527
0.123793
0.104596
0.137579
0.0810507
0.0914203
0.0826329
0.127333
0.0975842
0.138842
0.080301
0.0960455
0.0779812
0.0951693
0.10009
0.0988286
0.0644779
0.0858709
0.04918
0.0842944
0.0822844
0.0972453
0.0860534
0.0866545
0.0764146
0.0765844
0.0688937
0.0653728
0.0599877
0.068949
0.118374
0.0934679
0.0780799
0.124624
0.047426
0.0937707
0.0821316
0.0922395
0.0710846
0.0808254
0.0686222
0.0466582
0.0912569
0.0836423
0.0711342
0.129322
0.0987871
0.120515
0.0654066
0.0968694
0.135132
0.106634
0.0737016
0.113652
0.11784
0.100901
0.049542
0.0877125
0.0738501
0.0763976
0.0915275
0.0700748
0.0629442
0.094816
0.105286
0.128782
0.0804057
0.0988035
0.082562
0.0754774
0.132012
0.102993
0.110977
0.0767529
0.0820463
0.0514339
0.0683258
0.0931631
0.0760661
0.0728024
0.0325099
0.026876
0.0395354
0.0462727
0.110972
0.120557
0.0672799
0.0717821
0.0820508
0.109159
0.0497344
0.055591
0.0478829
0.0684148
0.0690469
0.0491826
0.100456
0.117179
0.060957
0.047108
0.046773
0.0758426
0.0630431
0.109638
0.0925525
0.0630291
0.086521
0.102232
0.0935173
0.0534019
0.0676894
0.0604517
0.0569245
0.0810272
0.0823981
0.0761186
0.104172
0.0538321
0.0583774
0.0571856
0.0622351
0.0613063
0.0493368
0.0613428
0.0703981
0.084018
0.0668388
0.0547653
0.067023
0.0501125
0.0398467
0.110514
0.0950847
0.0611091
0.02963
0.0413827
0.0547121
0.0834126
0.0529574
0.0532058
0.0506742
0.0702408
0.081218
0.086285
0.0675469
0.0640101
0.103008
0.0943767
0.0753755
0.0663111
0.0772125
0.0814825
0.046449
0.0521357
0.0582141
0.0543297
0.0469734
0.068588
0.0804572
0.058432
0.071125
0.0500775
0.0660188
0.064819
0.0863136
0.0726221
0.0728907
0.0964106
0.0888204
0.0668589
0.0778067
0.0869063
0.0783952
0.0950026
0.0863405
0.0968724
0.0781268
0.0971184
0.0651112
0.0723135
0.0753161
0.0979713
0.0956101
0.107094
0.0913946
0.118177
0.0798429
0.0958464
0.0976467
0.0650548
0.0791326
0.0614697
0.0522687
0.0560089
0.0578197
0.0579751
0.0563504
0.0496111
0.0634829
0.0591106
0.053059
0.060992
0.0569185
0.0580561
0.0516263
0.0580635
0.0761033
0.0562755
0.0673483
0.0650766
0.0550951
0.0521508
0.0561707
0.0542355
0.0583372
0.0511985
0.0492009
0.0515228
0.0497957
0.0507059
0.0548994
0.0518832
0.0402758
0.0528772
0.0547081
0.0531814
0.050593
0.0550622
0.0576815
0.051762
0.051586
0.0503543
0.0529546
0.0507578
0.0515849
0.0503211
0.0512709
0.0491555
0.0483727
0.050444
0.0497733
0.0496597
0.0495456
0.0498071
0.0170812
0.0303875
0.0364275
0.0378646
0.0119775
0.0119775
0.0293785
0.0293785
0.0398766
0.023389
0.0249447
0.0231728
0.0232793
0.0228286
0.0228286
0.0230008
0.010259
0.0226415
0.0222079
0.0221707
0.0221707
0.0220167
0.022448
0.0290822
0.0139571
0.0181443
0.0157364
0.0220402
0.0220402
0.0184177
0.0184177
0.017805
0.017805
0.0189268
0.0198506
0.0198506
0.0209101
0.0209101
0.0179296
0.0179296
0.0158721
0.0158721
0.0237549
0.0160958
0.0207331
0.0207331
0.0154764
0.0151322
0.0151322
0.0190845
0.0197671
0.0208956
0.0190204
0.0190204
0.0149263
0.0132145
0.0132145
0.0208979
0.0208979
0.0190749
0.0190749
0.018996
0.0188765
0.0188765
0.0216603
0.0281774
0.0206592
0.0209134
0.0209134
0.021331
0.0257471
0.0384819
0.0246224
0.0220798
0.0220798
0.0181008
0.0182979
0.0182979
0.0285281
0.016446
0.0238574
0.0136989
0.0151913
0.01678
0.0133122
0.03361
0.0284208
0.0274097
0.0313366
0.0421215
0.035852
0.0345305
0.0561148
0.0600429
0.0600948
0.0552672
0.0451423
0.0451423
0.036327
0.036327
0.0385535
0.0385535
0.0531085
0.0466345
0.0251561
0.0310856
0.0470912
0.0275928
0.0275928
0.0290131
0.0362324
0.0362324
0.055952
0.0280041
0.0280041
0.0661575
0.044768
0.0298171
0.0368348
0.0309353
0.0295255
0.0295255
0.0252595
0.0252595
0.0371911
0.0318379
0.0734345
0.0376217
0.0376217
0.0274391
0.0410168
0.043783
0.0437786
0.055283
0.055283
0.0265484
0.0265484
0.0686425
0.0518893
0.0487602
0.046545
0.046545
0.0582934
0.0590203
0.0627416
0.0449025
0.0671794
0.0394914
0.046603
0.0184857
0.0309485
0.025803
0.025803
0.0283851
0.0226673
0.0203847
0.0261716
0.0206625
0.0201521
0.0188547
0.0188547
0.0207413
0.0434213
0.0330151
0.0357824
0.039983
0.0373911
0.016778
0.0174661
0.0231195
0.0222547
0.0214509
0.0203266
0.0207228
0.0207228
0.0198684
0.0209389
0.0209091
0.0194192
0.0250428
0.0250428
0.0258028
0.0249314
0.0249314
0.0216319
0.0683948
0.0444059
0.0492188
0.0229828
0.024264
0.081561
0.0584374
0.0656352
0.0571447
0.0203925
0.0302517
0.0242699
0.0206892
0.0206892
0.0264268
0.0295162
0.0267058
0.0320996
0.0242841
0.024437
0.0147787
0.0245226
0.0220013
0.023761
0.014295
0.0156827
0.0331319
0.0633466
0.077183
0.0737985
0.0585559
0.0857016
0.0407221
0.0345833
0.0930577
0.0582577
0.0491248
0.0570392
0.0341484
0.0866923
0.0786021
0.058749
0.0445857
0.0967462
0.0324073
0.0270873
0.0256446
0.0228237
0.0332448
0.0189823
0.0210233
0.0195571
0.0325608
0.022019
0.0282241
0.068379
0.0508384
0.0533287
0.0806291
0.0435646
0.039313
0.0430824
0.0482504
0.0315599
0.0341013
0.0352091
0.0462007
0.0499933
0.0494042
0.0176098
0.0399704
0.0448179
0.0255132
0.0306359
0.0402595
0.0421711
0.0335492
0.0232181
0.0282195
0.0516609
0.0445804
0.0422112
0.0528519
0.0465386
0.0395227
0.0380871
0.042552
0.0479525
0.021855
0.016154
0.0274478
0.0167464
0.0169803
0.0163922
0.0215524
0.0166513
0.0177955
0.0133889
0.0154491
0.0335036
0.0383772
0.032363
0.0361042
0.0437835
0.0270933
0.0300325
0.029246
0.0334399
0.0255447
0.0252107
0.0142049
0.0154745
0.0180493
0.0154372
0.0784878
0.0638941
0.026148
0.0637471
0.0229995
0.0296381
0.0328561
0.0290396
0.0308511
0.02489
0.0654233
0.0376942
0.0320192
0.0352297
0.0367099
0.0442801
0.031227
0.0574464
0.0686249
0.0646777
0.0418658
0.0457767
0.049025
0.0497314
0.0479905
0.0161851
0.0183254
0.00939637
0.0107714
0.0768105
0.0675438
0.0748538
0.0525172
0.0754424
0.046552
0.0322163
0.0550102
0.0485888
0.0363201
0.0404634
0.0408905
0.0509158
0.0499782
0.0848167
0.0406259
0.0398608
0.0387872
0.0683532
0.0268919
0.0511145
0.0473057
0.0477722
0.0554954
0.0533769
0.0324126
0.0468074
0.0681013
0.0441073
0.0203161
0.0613448
0.0515823
0.0319283
0.0203082
0.027092
0.0205256
0.0442571
0.0117513
0.0289456
0.0355277
0.0558833
0.0308404
0.0530522
0.0315667
0.0147392
0.0144706
0.0393583
0.05745
0.0616328
0.0503724
0.047892
0.0105085
0.00895375
0.0265675
0.0125926
0.012784
0.0240448
0.0263882
0.0250734
0.0132305
0.0139038
0.01373
0.0147439
0.0144542
0.0140023
0.042254
0.0837519
0.0352437
0.0293782
0.0333779
0.0334303
0.0372753
0.0432485
0.0363402
0.011089
0.0624316
0.0498731
0.0494673
0.0541711
0.0610244
0.0707557
0.046838
0.0702907
0.048033
0.0508028
0.0556911
0.0485235
0.0612787
0.0551227
0.0480705
0.0650173
0.0565352
0.0468876
0.0596076
0.0548321
0.0620541
0.065189
0.0621769
0.0431445
0.0640145
0.0463961
0.0452238
0.026243
0.051122
0.0125525
0.0240481
0.0114635
0.0408043
0.0424464
0.0523796
0.0379712
0.0396092
0.0312454
0.0353745
0.0129618
0.0111048
0.0276447
0.0285782
0.0138593
0.0117802
0.0119369
0.013624
0.0328984
0.0353672
0.0344196
0.0415874
0.0602252
0.0445089
0.0414323
0.0157888
0.038685
0.0490512
0.0524043
0.0520068
0.0668504
0.0599951
0.0562001
0.0349811
0.0150019
0.0305791
0.0156386
0.0304914
0.0386901
0.018105
0.018105
0.0303965
0.0286362
0.0286362
0.0387947
0.0495135
0.0463098
0.0271258
0.0271258
0.0454997
0.0729713
0.0237151
0.0247472
0.0247472
0.0381019
0.0783693
0.077394
0.0424093
0.0918714
0.0463149
0.0494041
0.0494794
0.0683967
0.0478681
0.0478681
0.061176
0.0543052
0.0470414
0.0456947
0.0456947
0.0497131
0.0454369
0.0466278
0.0520492
0.0527236
0.0451959
0.0443162
0.0444917
0.0468373
0.0511864
0.0462697
0.0502617
0.0487251
0.0521137
0.0531397
0.0605241
0.0572631
0.0780922
0.103689
0.10276
0.0700915
0.108265
0.125812
0.0971832
0.131874
0.140962
0.130953
0.0467081
0.0503778
0.0558286
0.137491
0.15566
0.0890438
0.135738
0.140975
0.129971
0.107336
0.113363
0.129514
0.0677574
0.0673276
0.0967091
0.113459
0.112604
0.134469
0.145036
0.0259527
0.0259527
0.0543888
0.100899
0.116252
0.116536
0.128609
0.0514134
0.0352533
0.0352533
0.0665098
0.0529834
0.0321775
0.0864872
0.182963
0.178248
0.131231
0.173638
0.0183451
0.0213168
0.0950578
0.0832854
0.122417
0.198025
0.144321
0.122338
0.130516
0.0461145
0.145368
0.131588
0.121522
0.111432
0.169156
0.0523941
0.0579708
0.0731037
0.0712061
0.0510534
0.0510534
0.0456353
0.0575037
0.0482295
0.0487119
0.0487119
0.0600592
0.0791229
0.0922634
0.098642
0.0632005
0.0493267
0.0493267
0.0400979
0.0640088
0.089613
0.0451853
0.041807
0.0500032
0.0487458
0.0397976
0.0501915
0.0487678
0.117957
0.0939548
0.134049
0.04571
0.0602207
0.0699945
0.0504812
0.0507427
0.0582863
0.0810621
0.0569338
0.0609796
0.052898
0.054698
0.0604281
0.0794158
0.066084
0.0634598
0.0994581
0.0767977
0.149175
0.0513266
0.0453698
0.0531501
0.0420304
0.0431712
0.0409521
0.0349957
0.0518654
0.050957
0.0601255
0.0560955
0.0520053
0.0485163
0.0508723
0.0511256
0.0530463
0.0150367
0.0150367
0.0189474
0.0222871
0.0222871
0.0215327
0.017562
0.0236506
0.0236506
0.0275575
0.024339
0.031544
0.0254861
0.0228499
0.0286458
0.0327649
0.0255882
0.0305911
0.0335273
0.0335271
0.0265234
0.0274692
0.0335424
0.0357931
0.0420245
0.0417005
0.0458179
0.0276398
0.0143452
0.0139288
0.0139288
0.0142249
0.0435754
0.0330597
0.0318347
0.0371802
0.0371802
0.0277206
0.0277206
0.0111216
0.0111216
0.0523088
0.0130163
0.0130163
0.012645
0.0160444
0.0152017
0.0178602
0.0260922
0.0188526
0.0188526
0.0315202
0.0308948
0.0162087
0.0147374
0.0180025
0.0180025
0.0145842
0.0153722
0.0142427
0.0142427
0.0162737
0.023848
0.0153671
0.0119577
0.0119577
0.0142175
0.015231
0.0140284
0.01485
0.013355
0.0128238
0.0128238
0.012805
0.012805
0.0133354
0.0113503
0.0104248
0.0151303
0.0102255
0.0112456
0.0106792
0.00989786
0.00989786
0.0139249
0.0257703
0.0206773
0.0206773
0.0178728
0.0178728
0.0193302
0.0189628
0.0232994
0.0250208
0.0258914
0.0240347
0.0293632
0.0220564
0.0124947
0.0124947
0.0110157
0.0110157
0.0175243
0.019814
0.0232577
0.0182344
0.0182344
0.0243949
0.0238099
0.0235995
0.0235995
0.0538183
0.077719
0.0337546
0.042885
0.030554
0.038622
0.0338875
0.0310398
0.0442984
0.0382136
0.0539609
0.0355096
0.047807
0.0414917
0.0366295
0.0601002
0.0484117
0.0153809
0.0153809
0.0506022
0.0432824
0.0301143
0.0278323
0.0272551
0.0378309
0.0752531
0.0333476
0.0254966
0.0313188
0.0324542
0.0276517
0.0276517
0.0312945
0.0312945
0.0391945
0.0422701
0.0470849
0.0184116
0.0539265
0.0576708
0.0531134
0.0541933
0.0142038
0.0140434
0.0140434
0.0384378
0.0144248
0.0144248
0.0171123
0.0183109
0.0364946
0.0239655
0.0239655
0.0142651
0.0157523
0.0193398
0.0363824
0.0255015
0.040612
0.0306776
0.0296668
0.0260424
0.0381535
0.0229463
0.0295731
0.0295731
0.0541752
0.015088
0.0520848
0.0463502
0.0482327
0.0491675
0.0165392
0.0151074
0.0559345
0.0333515
0.0333515
0.0461714
0.0522358
0.0155522
0.0552432
0.0623653
0.0539146
0.0565227
0.0673246
0.0568473
0.0167543
0.0136027
0.0729188
0.0585386
0.0156546
0.0606366
0.0133869
0.0734359
0.0122051
0.0697469
0.0953002
0.0119883
0.0744146
0.0916889
0.0199586
0.0894897
0.0835711
0.0125134
0.0132414
0.118376
0.0736262
0.0844624
0.105453
0.0815114
0.0948197
0.0325862
0.036671
0.026144
0.0480975
0.0159763
0.0309766
0.0249984
0.0356668
0.0284026
0.040758
0.0294995
0.04383
0.0418523
0.0527927
0.0847421
0.0785579
0.0831328
0.0342544
0.0331536
0.04375
0.0353219
0.034651
0.0256759
0.0851789
0.0184955
0.0460304
0.04892
0.0600074
0.0463236
0.0502484
0.0597433
0.0481407
0.0528763
0.0617764
0.021879
0.0570365
0.056342
0.0556308
0.0515544
0.0549635
0.0726007
0.0533797
0.0158402
0.00883281
0.0108976
0.0150109
0.0175174
0.01191
0.0188436
0.0105455
0.0243425
0.0413825
0.0430178
0.0502164
0.0441017
0.19192
0.0439162
0.168707
0.0293917
0.0492581
0.0168794
0.0538558
0.0476451
0.0156496
0.0159536
0.0150726
0.0125068
0.015503
0.0230584
0.0639488
0.0673605
0.0775695
0.0697818
0.094155
0.0911159
0.0794119
0.0584008
0.0334891
0.0308802
0.0401779
0.0334683
0.069815
0.0343361
0.0431172
0.0333659
0.0677937
0.060478
0.0455993
0.0329899
0.0651373
0.0486477
0.049333
0.0490445
0.0495915
0.0854841
0.0352466
0.075339
0.04202
0.0651733
0.061661
0.0337082
0.04179
0.0299858
0.0429687
0.0351695
0.0321999
0.0425527
0.0389911
0.0705914
0.0669401
0.0361868
0.0460531
0.0832173
0.0671722
0.0737702
0.0405674
0.039961
0.0582436
0.0582536
0.0544483
0.0755766
0.0725238
0.0521936
0.064333
0.043171
0.085502
0.0751717
0.0824239
0.101136
0.0785283
0.0326742
0.0274196
0.05097
0.0536774
0.0577521
0.053438
0.0442205
0.0507156
0.0521929
0.0493789
0.0635816
0.0833639
0.117094
0.147546
0.0446064
0.0168421
0.024156
0.0221598
0.0970403
0.099041
0.0842203
0.0176571
0.0187736
0.0173126
0.0148593
0.0998822
0.0836035
0.115885
0.0160935
0.0969293
0.084606
0.0421653
0.0185216
0.0570952
0.0508116
0.0103433
0.0588694
0.0268667
0.0660326
0.0749096
0.0634713
0.048507
0.0182499
0.0651668
0.0700856
0.0164749
0.0494502
0.0154329
0.0840103
0.0144185
0.0990149
0.0138532
0.0147288
0.085114
0.0607049
0.0808349
0.0856676
0.0870305
0.108877
0.10556
0.0121554
0.110106
0.0118829
0.133828
0.106738
0.0214646
0.0429015
0.121695
0.0957599
0.074458
0.106314
0.0874297
0.0426229
0.0450551
0.0854056
0.0885748
0.0872477
0.121601
0.0490241
0.0434156
0.0625877
0.0535069
0.0583534
0.0432939
0.0443589
0.0631463
0.0384531
0.0694379
0.0701795
0.0403553
0.0396079
0.0490312
0.0470406
0.0902458
0.0931198
0.0640847
0.124933
0.122649
0.0705143
0.0583287
0.0475544
0.0555578
0.033897
0.0488589
0.0504542
0.043927
0.0146699
0.0897369
0.0532671
0.0418242
0.0398917
0.0495733
0.133042
0.124502
0.0178901
0.0164592
0.0269474
0.0119314
0.128123
0.0681699
0.0174144
0.0117706
0.0143758
0.104654
0.034312
0.0876292
0.0569647
0.0461261
0.0169701
0.0168421
0.0269036
0.0570203
0.0135621
0.0138511
0.0368888
0.0142272
0.0170815
0.01543
0.0159088
0.0169715
0.0116564
0.013126
0.0148126
0.0143378
0.0742616
0.0144613
0.0137155
0.0984504
0.0771184
0.0694031
0.0481983
0.0857587
0.0674617
0.0430569
0.0780181
0.0539985
0.0431192
0.039664
0.0469339
0.0496462
0.0468685
0.0574677
0.0608824
0.0674875
0.0715391
0.0612804
0.067332
0.0823602
0.0554103
0.0421967
0.044186
0.0450852
0.0465321
0.0404164
0.0423715
0.0734972
0.0749554
0.0525172
0.054093
0.0756633
0.0792056
0.0800893
0.0562764
0.0718737
0.0585092
0.0588473
0.0671255
0.0634394
0.0465209
0.0748757
0.0716189
0.0681878
0.0355124
0.0176159
0.0113939
0.0560625
0.011015
0.104812
0.0159707
0.0165533
0.0133715
0.0159779
0.0161805
0.0148815
0.0142177
0.0381753
0.0484385
0.0152109
0.0514802
0.0812887
0.0896153
0.0100797
0.104787
0.0654108
0.0528186
0.11217
0.0992237
0.116649
0.108752
0.082141
0.0946653
0.0517845
0.0112094
0.0119179
0.0509925
0.0660736
0.0557768
0.102186
0.0616705
0.0528174
0.0616577
0.0646574
0.116926
0.0801968
0.072625
0.0580796
0.0999508
0.0764699
0.0635093
0.0678555
0.0577882
0.0803958
0.0603287
0.0670859
0.0576909
0.0695286
0.101584
0.0778278
0.0719174
0.042724
0.0582583
0.0258686
0.0577178
0.0113234
0.0128343
0.0136819
0.0122599
0.057138
0.0504377
0.0133144
0.012528
0.0133876
0.0111031
0.0712014
0.049627
0.0485786
0.0157982
0.0136833
0.0104688
0.0125653
0.0145472
0.0128734
0.0101194
0.0769059
0.0676096
0.0112433
0.0118255
0.0745295
0.101152
0.104749
0.0785441
0.0730291
0.0847546
0.0569432
0.0149637
0.0116876
0.0141935
0.0133298
0.0108032
0.0124972
0.0124165
0.0120438
0.0133691
0.0109237
0.011523
0.0599012
0.0395602
0.0410348
0.0706154
0.0692111
0.0598343
0.0526439
0.0609318
0.0566652
0.0112614
0.0464505
0.0115742
0.0104756
0.0353948
0.01388
0.0121301
0.0111973
0.0120817
0.0113083
0.0816913
0.0642174
0.0221618
0.0327586
0.0193858
0.0193858
0.0384593
0.0365645
0.0298422
0.0235507
0.0221374
0.0254021
0.0325352
0.0207755
0.0449379
0.0407051
0.0446909
0.046219
0.0165543
0.0165543
0.0353148
0.0146887
0.022465
0.022465
0.0251864
0.0429193
0.0429193
0.0497112
0.0978611
0.05832
0.096879
0.103151
0.0799416
0.0872355
0.0194478
0.0323749
0.0266843
0.0443379
0.0443379
0.0503526
0.067195
0.0745531
0.126307
0.0990489
0.140098
0.103969
0.171278
0.217799
0.200083
0.140744
0.0233138
0.0427862
0.0295658
0.0295658
0.0459923
0.0523678
0.0636034
0.0768297
0.0211185
0.0382149
0.0209973
0.0295123
0.0416364
0.0289834
0.044918
0.119665
0.126191
0.131531
0.129872
0.102573
0.0422482
0.0356232
0.033884
0.0441991
0.0427492
0.0437849
0.0467266
0.0808743
0.0490249
0.0505862
0.0534281
0.0606585
0.0727813
0.135993
0.117961
0.0922188
0.0454273
0.0722639
0.0721685
0.0377633
0.0361254
0.0503434
0.0513111
0.0526174
0.0696891
0.0247949
0.127538
0.0563179
0.053552
0.049404
0.0125227
0.0119711
0.0537838
0.0534447
0.0537118
0.0524656
0.0527224
0.0494407
0.0548978
0.0332461
0.0541933
0.0531629
0.0137745
0.0137745
0.0143607
0.0143607
0.0159622
0.0160369
0.0148556
0.0159782
0.0154734
0.0151183
0.0214052
0.0214052
0.0173276
0.0196607
0.0179555
0.0233883
0.0210464
0.0210464
0.0214282
0.0214282
0.0214335
0.0214335
0.0225598
0.0225598
0.016749
0.0222886
0.0153739
0.0229092
0.0229092
0.0222083
0.0149907
0.0190573
0.0170061
0.0227283
0.0227283
0.0240127
0.0226544
0.0226544
0.0245226
0.0229318
0.0191054
0.0249238
0.0259392
0.0270361
0.0267021
0.0269065
0.0280354
0.0166453
0.0171294
0.0181889
0.0168174
0.017607
0.0137086
0.0079805
0.0079805
0.0166089
0.0179099
0.0143579
0.0190246
0.020513
0.0191066
0.0205867
0.0176883
0.0185249
0.0186562
0.0191865
0.0209492
0.0201546
0.0151752
0.0444952
0.0462547
0.0468821
0.0124261
0.0155822
0.0215377
0.00976041
0.00976041
0.0172103
0.0201713
0.0201713
0.0153419
0.0214955
0.0174545
0.0203369
0.0203369
0.023465
0.0249172
0.0199094
0.014222
0.014222
0.0191179
0.0191179
0.0220994
0.0140972
0.0140972
0.0288785
0.0206275
0.0302736
0.0179583
0.0166778
0.035596
0.0177423
0.0177423
0.0342699
0.0302897
0.030343
0.0366936
0.0369778
0.0330109
0.0324
0.0494364
0.0515973
0.0533947
0.0286746
0.0175104
0.0489436
0.0425152
0.017912
0.019211
0.0168636
0.0168636
0.00892943
0.00937295
0.00744758
0.01681
0.0223746
0.0263122
0.0131008
0.0292291
0.0173112
0.013301
0.00785683
0.0110758
0.0156766
0.0229095
0.0296953
0.0268897
0.0234875
0.0210243
0.017507
0.0292595
0.0290854
0.0298282
0.041925
0.0427697
0.0356202
0.0176411
0.0237411
0.0336759
0.0282039
0.0253983
0.02634
0.0268992
0.0316257
0.0164309
0.0164309
0.0192287
0.0496771
0.0442337
0.0186331
0.0216292
0.0158971
0.0227068
0.0205804
0.0248919
0.0130749
0.0176362
0.0229406
0.0243062
0.0262771
0.0260114
0.039044
0.0415709
0.0374072
0.0279734
0.0149005
0.0125503
0.0125503
0.0177925
0.0166661
0.0296623
0.0255445
0.0301572
0.0448002
0.046752
0.0550476
0.0533718
0.0116665
0.0495894
0.0494878
0.0146187
0.0158248
0.015592
0.0136487
0.0162469
0.025264
0.0213953
0.027781
0.026214
0.0531472
0.0282286
0.0476837
0.0217002
0.0302651
0.016947
0.0224462
0.0362738
0.0179235
0.0162519
0.0372523
0.0209483
0.0262067
0.0298026
0.0356186
0.0443802
0.0422747
0.0475694
0.0337914
0.0388813
0.0337939
0.0214472
0.0209143
0.0219794
0.019751
0.0148129
0.0289549
0.0281354
0.0271408
0.0247244
0.0214896
0.0541747
0.053128
0.0188068
0.0109866
0.0305173
0.0278617
0.0494269
0.0388291
0.037839
0.0323158
0.0426051
0.0239117
0.0298369
0.0294102
0.0296909
0.0303703
0.0308093
0.0405765
0.0324095
0.032631
0.0302076
0.0336894
0.0233711
0.0185879
0.0224649
0.0137931
0.0220097
0.0222461
0.0471426
0.0155911
0.0338203
0.0283444
0.0315596
0.01603
0.0389344
0.0358078
0.016465
0.0431169
0.0493775
0.0494564
0.02324
0.0177189
0.0260386
0.0266086
0.025553
0.0183844
0.0229957
0.0119982
0.029886
0.0267042
0.0294643
0.0289627
0.0141533
0.0275185
0.0301761
0.0298969
0.0297897
0.0362808
0.0205645
0.0335917
0.032632
0.0336444
0.0338049
0.0298433
0.033408
0.0334425
0.0361613
0.0465586
0.043224
0.0153688
0.0142826
0.0155908
0.0136863
0.0416639
0.0128762
0.0216075
0.0116222
0.0127343
0.0560651
0.0552182
0.0594479
0.0574901
0.0394295
0.0597694
0.0566264
0.0615114
0.0257941
0.0278719
0.0282139
0.015803
0.0340953
0.0458811
0.0408656
0.042264
0.041244
0.0272588
0.0154533
0.0157063
0.029807
0.0138117
0.0494374
0.0456139
0.052581
0.0549112
0.0581032
0.0564197
0.0590463
0.0595578
0.048119
0.0452879
0.060873
0.0639618
0.057248
0.0366835
0.0125346
0.0643622
0.0457143
0.0494508
0.0136181
0.0504516
0.0464888
0.0515055
0.0116467
0.052617
0.0472287
0.0454232
0.0453664
0.0576509
0.0247791
0.0257216
0.0271921
0.0329111
0.0313096
0.0232833
0.0241585
0.0478631
0.0356395
0.0265654
0.026753
0.0180553
0.0247662
0.0482752
0.0329692
0.0554706
0.0500318
0.0586673
0.147113
0.0379266
0.0388775
0.032087
0.0344486
0.0341497
0.0356159
0.0247784
0.0260081
0.0259665
0.0501551
0.0517785
0.0455316
0.049205
0.0164938
0.052195
0.0130173
0.0498725
0.049371
0.042065
0.0505056
0.0272035
0.0280531
0.0315363
0.0297751
0.031692
0.0270355
0.0288847
0.0351497
0.021139
0.0376254
0.0413329
0.0404526
0.0506613
0.0501546
0.0143385
0.0484042
0.0481733
0.0491311
0.0571618
0.0316367
0.0289165
0.0313596
0.0128857
0.0292972
0.0303326
0.0274724
0.0380532
0.0321607
0.0297766
0.0367638
0.0501677
0.0469726
0.0477078
0.0361395
0.0419321
0.0346014
0.0392741
0.0513566
0.0521333
0.0506618
0.0481182
0.0508025
0.0482131
0.0323775
0.0284691
0.0350015
0.0327804
0.0354844
0.0503092
0.0355171
0.0345932
0.0317861
0.0328249
0.0297375
0.033815
0.0375059
0.0439727
0.0363691
0.0331603
0.0362287
0.0341127
0.050476
0.0486069
0.0405828
0.0520472
0.0414814
0.0356688
0.035089
0.0212551
0.0414301
0.0229836
0.0746888
0.0200432
0.0279287
0.0237326
0.030752
0.0300545
0.0202301
0.0141399
0.0141399
0.0183541
0.0205215
0.0298241
0.0262531
0.0138872
0.0166011
0.0185527
0.0165567
0.0165567
0.0141077
0.0139286
0.0130948
0.0172659
0.0172659
0.015174
0.0144946
0.0163462
0.0147894
0.0110974
0.0110974
0.0209802
0.0155672
0.0334295
0.0262253
0.0323974
0.0211327
0.0428014
0.0274544
0.0274544
0.0471648
0.0143693
0.0143693
0.0217064
0.0259802
0.0259802
0.0335912
0.0335912
0.0482415
0.0501609
0.0337893
0.033257
0.0366422
0.0445261
0.0280468
0.0397082
0.0485035
0.024885
0.0298256
0.0208799
0.0208799
0.0289183
0.0165035
0.0165035
0.0206676
0.0179808
0.0173563
0.0344973
0.0299851
0.0321976
0.0427471
0.047227
0.02375
0.0109217
0.0104193
0.0104193
0.0170513
0.0156834
0.0144106
0.0141137
0.0141137
0.0150767
0.0134926
0.0134926
0.0158163
0.0153309
0.0162455
0.0196148
0.0239889
0.0220694
0.0258252
0.0176307
0.0163977
0.016562
0.0283209
0.0227875
0.0304226
0.0115764
0.0109647
0.0112033
0.0121797
0.0121797
0.00984167
0.0262172
0.0204444
0.0304744
0.0293947
0.0315817
0.0142443
0.0185897
0.0185897
0.0231501
0.0194264
0.0161385
0.0161385
0.0191971
0.0179484
0.0179484
0.0168167
0.0152163
0.0203219
0.0131169
0.0131169
0.0198243
0.0180423
0.0165379
0.0184924
0.0212717
0.0251739
0.0445869
0.028833
0.0669405
0.0372869
0.0384945
0.0708633
0.0440686
0.0461011
0.0248406
0.0380587
0.0425101
0.0372933
0.0333228
0.0170969
0.0277859
0.0315753
0.0294883
0.0353461
0.0366129
0.0526181
0.0315754
0.0274155
0.0266682
0.0209737
0.0209737
0.0272585
0.0356559
0.0177715
0.0321789
0.0255524
0.0150888
0.0232094
0.0400402
0.0684968
0.0529478
0.0340139
0.0667229
0.0341774
0.0341685
0.0273725
0.0659351
0.0373347
0.0282155
0.0339116
0.0206429
0.06057
0.0550238
0.0556096
0.0577391
0.027643
0.0280125
0.0345461
0.029316
0.0401301
0.0177763
0.0177763
0.0212972
0.0213572
0.0223304
0.0222218
0.0118123
0.0237405
0.048207
0.014724
0.0149068
0.0127512
0.0120535
0.0122641
0.0126755
0.0241887
0.0145659
0.0141001
0.0166522
0.0125732
0.0192297
0.0251518
0.0206565
0.020183
0.0443919
0.0125044
0.0132964
0.0109755
0.0113474
0.0133024
0.0141059
0.0203627
0.0128473
0.0248224
0.0156457
0.0207661
0.0204928
0.0210139
0.0212228
0.0266234
0.0258402
0.0328861
0.0292412
0.0412114
0.0283135
0.038561
0.0345615
0.0303141
0.0281144
0.0273639
0.0184697
0.0203454
0.0239224
0.0169607
0.0254787
0.0276964
0.0219081
0.0253868
0.030157
0.0177789
0.0136005
0.0180798
0.051232
0.0178761
0.0161044
0.0569106
0.0210372
0.0218333
0.0214922
0.0338137
0.0212898
0.0336577
0.0208592
0.0174862
0.0324455
0.0290903
0.026316
0.0151098
0.0161766
0.0213199
0.0204846
0.0207479
0.0173028
0.0163331
0.0191429
0.0196533
0.0171219
0.014243
0.0153799
0.0181686
0.0188826
0.0197097
0.0196007
0.0216099
0.0236217
0.0221207
0.0226524
0.0423374
0.044135
0.0363621
0.028156
0.0156962
0.014392
0.012656
0.0180808
0.0219427
0.0221781
0.0221677
0.0200039
0.0193801
0.0216996
0.0342305
0.0317762
0.0279687
0.0290458
0.0194979
0.0277533
0.0254302
0.0211371
0.0218673
0.0235722
0.0234977
0.0178797
0.0222849
0.023134
0.0262491
0.024297
0.021533
0.0208261
0.020285
0.0208631
0.0207372
0.0231163
0.0207025
0.0190605
0.023918
0.0241851
0.0223471
0.0235446
0.0134221
0.0115092
0.0125578
0.0165956
0.0248471
0.0220642
0.0218293
0.024257
0.0239197
0.0235059
0.0280429
0.0238715
0.0252322
0.0239679
0.026905
0.0316307
0.0304608
0.022935
0.0205062
0.0255737
0.0186606
0.0186481
0.0238111
0.0251766
0.0209346
0.0223255
0.0238122
0.0225754
0.02215
0.0216928
0.0174121
0.0144813
0.0199541
0.0183409
0.0334318
0.0229525
0.0232027
0.0220572
0.0182108
0.0208423
0.0190353
0.0239468
0.0210137
0.0219313
0.0229216
0.0310782
0.0240115
0.0295411
0.0267318
0.0229883
0.0221429
0.0252629
0.0256507
0.0251606
0.0241018
0.0349248
0.0363484
0.0185827
0.0345274
0.0215784
0.0175443
0.0178532
0.0176259
0.0176624
0.0167922
0.0203853
0.0413205
0.0258564
0.0476647
0.0274644
0.015359
0.0217226
0.0243803
0.0398449
0.0207733
0.0221533
0.020199
0.0223491
0.0222779
0.0187972
0.0212266
0.0184658
0.0160647
0.0210241
0.0147504
0.020045
0.0221139
0.0232425
0.0218553
0.0186238
0.0188724
0.0205487
0.0203631
0.0165237
0.0165369
0.0211486
0.0255113
0.0144903
0.0220317
0.0242453
0.0259132
0.0238392
0.0242924
0.0253414
0.0189503
0.0184626
0.0201089
0.0263975
0.0436062
0.0230621
0.0246798
0.0248128
0.0239277
0.039349
0.0219805
0.0253683
0.0187706
0.0146957
0.0295263
0.0207696
0.0209637
0.0269683
0.0416068
0.0300942
0.0250213
0.0265588
0.026033
0.0244704
0.0227295
0.0234834
0.0243263
0.0235777
0.023704
0.0219114
0.0267692
0.0220258
0.0167277
0.0169171
0.0218712
0.0240218
0.0210553
0.0496331
0.0245379
0.022818
0.0215923
0.0219204
0.0252379
0.0210964
0.0271158
0.0240197
0.0222021
0.0237738
0.0162107
0.0259956
0.0246108
0.0221607
0.0262079
0.0366015
0.0301729
0.0268117
0.028056
0.0282568
0.025968
0.0259044
0.0230203
0.024286
0.0246103
0.0250701
0.0241507
0.0202556
0.0192362
0.0211583
0.0212997
0.0218117
0.0228657
0.0252565
0.0223182
0.0274021
0.0248998
0.025807
0.0253079
0.0273258
0.0262179
0.024574
0.0242034
0.0245774
0.0253872
0.0271226
0.0252954
0.0255768
0.0269198
0.0249681
0.0251856
0.0268612
0.0517891
0.0268173
0.0284023
0.0294435
0.0285742
0.025294
0.0289861
0.0277815
0.0269555
0.0246418
0.0268713
0.0254454
0.029764
0.0324525
0.0249741
0.0274777
0.0250537
0.0235597
0.0251378
0.0247154
0.0252635
0.0283225
0.0295798
0.0262244
0.0284891
0.0293047
0.0243412
0.0269941
0.0290738
0.0298115
0.0262402
0.0255373
0.0269046
0.0280308
0.0290338
0.02877
0.0278941
0.0270707
0.0300339
0.0280142
0.0265395
0.0303116
0.0291043
0.0286891
0.029764
0.0279486
0.0279477
0.0278423
0.0290221
0.0278422
0.0279148
0.0278273
0.0285411
0.0281225
0.0278457
0.0281366
0.0278623
0.0284803
0.0300954
0.0278885
0.0285911
0.0281455
0.0279087
0.0279404
0.027534
0.0278445
0.0261572
0.0280291
0.0278282
0.0278907
0.0290324
0.0291497
0.0279914
0.0281792
0.027842
0.0268226
0.0285813
0.0273572
0.0280199
0.0277347
0.0269556
0.0276548
0.0279806
0.0268675
0.0278446
0.0278335
0.0266015
0.0268423
0.0269019
0.0294037
0.0276461
0.0278897
0.0286587
0.0280178
0.0274405
0.0301885
0.0258377
0.0277534
0.0280383
0.0277961
0.0264615
0.0274604
0.0276871
0.0280547
0.0278865
0.0273019
0.0271679
0.0266888
0.0276517
0.0291905
0.0278804
0.0276261
0.0289244
0.027882
0.0291038
0.0282641
0.0287189
0.0275209
0.0273649
0.0270828
0.0290309
0.0277047
0.0280361
0.0290596
0.0285641
0.0293765
0.028028
0.0269283
0.0267452
0.0282128
0.0279813
0.0280893
0.0279043
0.0286783
0.0282604
0.0281683
0.0277314
0.0277055
0.0273412
0.0279111
0.027172
0.0281713
0.0279983
0.0280522
0.027321
0.0282832
0.028339
0.0278921
0.0275257
0.0286385
0.0274412
0.0280344
0.0271269
0.0286457
0.0281695
0.0279215
0.027763
0.0285361
0.0287454
0.0285746
0.030421
0.0282089
0.0266251
0.0275386
0.028474
0.0273581
0.0286316
0.0266079
0.0277083
0.0284305
0.0279881
0.0281169
0.028891
0.0279837
0.0283372
0.0276045
0.0277621
0.0279947
0.0284767
0.0280217
0.0272738
0.0275159
0.0281611
0.0273244
0.0292021
0.0294548
0.0283162
0.0287697
0.0292858
0.0278283
0.0284186
0.0291344
0.0278555
0.0288571
0.0282522
0.0280226
0.028663
0.027843
0.0289734
0.0278448
0.0290956
0.0284577
0.0277223
0.0277757
0.0278442
0.0278878
0.0291466
0.0293568
0.0286188
0.0278462
0.0278455
0.0278442
0.0281444
0.0286877
0.030218
0.0278017
0.0283617
0.0288804
0.0286854
0.0287119
0.0287231
0.0287841
0.0284676
0.0283071
0.028076
0.0276638
0.0273845
0.027386
0.0285915
0.0288887
0.0280338
0.0290144
0.0280304
0.0279644
0.0276135
0.0295334
0.0283445
0.027184
0.0286612
0.0284277
0.0279211
0.0289857
0.164343
0.140003
0.157862
0.110857
0.140117
0.0520692
0.071878
0.0550033
0.0185352
0.0272311
0.0272034
0.0278558
0.0600635
0.0549439
0.011249
0.0431693
0.0528105
0.0548395
0.0176058
0.018825
0.0188882
0.0195237
0.0168711
0.0218797
0.0223627
0.0208635
0.0216099
0.08603
0.084622
0.0690127
0.100104
0.0744021
0.0858613
0.0846451
0.102591
0.042792
0.0451336
0.0528412
0.0492393
0.0688453
0.0561954
0.0554377
0.0627006
0.0783738
0.0751451
0.123085
0.126701
0.0529284
0.0686339
0.0516293
0.0589858
0.0482488
0.0509696
0.036709
0.0405925
0.0388621
0.0429796
0.0399047
0.0392848
0.0394855
0.053061
0.0294683
0.0400216
0.0324767
0.0307105
0.0338845
0.0349086
0.0330711
0.0338078
0.035466
0.0332165
0.0395384
0.0345739
0.0422632
0.0326436
0.0333087
0.0300656
0.0294223
0.0326615
0.0191947
0.0172593
0.0258259
0.0216363
0.0234864
0.0168108
0.0201523
0.0198245
0.0121707
0.019821
0.021523
0.0220401
0.0275314
0.0294494
0.0153402
0.0202286
0.0223731
0.0234623
0.0487008
0.0366113
0.0451064
0.0393198
0.0297131
0.0246911
0.0198886
0.0230034
0.026434
0.0295797
0.0279853
0.0277072
0.0548725
0.0472092
0.0814299
0.0501826
0.0491162
0.078078
0.0546003
0.0459561
0.0527699
0.0358164
0.04453
0.0267606
0.0215902
0.0427127
0.0564466
0.0482234
0.0481808
0.0435301
0.044397
0.0493272
0.0484349
0.0425087
0.0364817
0.0612221
0.0684629
0.0622791
0.0432185
0.0649342
0.0534776
0.0566121
0.064916
0.0681337
0.0610373
0.05437
0.0538912
0.0550652
0.130157
0.0885611
0.110446
0.120671
0.121096
0.118855
0.0520905
0.0530497
0.0484777
0.0519818
0.0514162
0.0555692
0.0460781
0.0399776
0.0382926
0.0434181
0.0473379
0.058077
0.0605632
0.0640771
0.0553824
0.150722
0.156216
0.134367
0.04471
0.157515
0.0777017
0.155028
0.155311
0.20855
0.140761
0.199839
0.0384864
0.0322309
0.0295881
0.0297374
0.0271538
0.0452236
0.0496725
0.0509093
0.0412774
0.156804
0.19957
0.161811
0.0485635
0.036883
0.0322836
0.0336973
0.0401797
0.0325676
0.0354549
0.0773033
0.0760176
0.083923
0.041937
0.0516326
0.0651847
0.0577153
0.0583334
0.0602431
0.0783859
0.0438151
0.0417318
0.0829137
0.0884831
0.0942708
0.0848278
0.0815561
0.0606918
0.128183
0.0312464
0.0227287
0.0322075
0.0279305
0.0256667
0.0341788
0.0237841
0.0338161
0.0333778
0.0972059
0.0484885
0.103499
0.166816
0.102656
0.047595
0.153479
0.147833
0.056901
0.0762599
0.0543424
0.0586428
0.0606742
0.0534187
0.0532248
0.0837876
0.0570548
0.103611
0.0517336
0.053181
0.0548039
0.167188
0.15427
0.141056
0.132526
0.110279
0.128819
0.0757398
0.106969
0.117292
0.126273
0.0872204
0.0968492
0.0860642
0.107287
0.0642002
0.0727403
0.0830367
0.0498349
0.0792939
0.0881544
0.0420204
0.0836993
0.0678668
0.0810226
0.0401584
0.056215
0.0280364
0.0319344
0.0981417
0.0977022
0.121762
0.115174
0.0896695
0.0518444
0.0782702
0.0417169
0.0782218
0.082842
0.0627183
0.0493798
0.045908
0.0963518
0.0687881
0.0307208
0.047421
0.0625757
0.0698526
0.0220431
0.0155614
0.0269456
0.115848
0.115628
0.0252414
0.218518
0.119368
0.172606
0.0280942
0.0310134
0.0304094
0.0348658
0.0331113
0.038343
0.0358947
0.0297005
0.026975
0.0299123
0.0229689
0.0277541
0.0273594
0.0280555
0.0275225
0.0222264
0.0235862
0.0260556
0.0174187
0.0160679
0.0163722
0.0210113
0.0174388
0.0167687
0.00613099
0.00613099
0.00613099
0.0196214
0.018456
0.0207546
0.0201577
0.0210005
0.0187054
0.015485
0.0162466
0.0155075
0.0151214
0.0339811
0.0249073
0.0250309
0.0214008
0.0145518
0.0215456
0.0392594
0.0439579
0.0208952
0.04376
0.0338385
0.0489746
0.05221
0.0570509
0.0596246
0.0455185
0.0602883
0.0442762
0.0635229
0.0287944
0.0313423
0.0153741
0.0282411
0.0127859
0.00378493
0.00378493
0.00378493
0.0372361
0.042572
0.0361303
0.0130928
0.0192638
0.0221434
0.00438153
0.00438153
0.00438153
0.0323698
0.0265405
0.0334917
0.0236008
0.0243869
0.0266569
0.0300269
0.018775
0.0215338
0.0190007
0.0291447
0.036418
0.0243831
0.0194432
0.0167959
0.0168118
0.0175796
0.022753
0.0222564
0.0249805
0.0217254
0.0248055
0.0267155
0.0251659
0.0194701
0.0215649
0.0230471
0.0301027
0.032306
0.0388125
0.0242708
0.0648391
0.0199606
0.0394583
0.0416472
0.0229246
0.0284569
0.0226889
0.0516155
0.0281984
0.0697556
0.0416829
0.0239623
0.0237338
0.0480306
0.0504617
0.0479425
0.0592416
0.0555746
0.0527074
0.0483879
0.0657339
0.0538207
0.0266497
0.0185108
0.0561006
0.0517862
0.0556094
0.0589631
0.0289774
0.0277335
0.0250056
0.024232
0.0290877
0.0280145
0.0244203
0.0276224
0.0243804
0.0554412
0.0299099
0.0208465
0.0673779
0.0599307
0.0537582
0.12342
0.154014
0.0975766
0.152814
0.10688
0.118687
0.141521
0.0622728
0.0825231
0.0788092
0.0761839
0.0946855
0.0973167
0.0627768
0.0523128
0.0507762
0.0526467
0.0187401
0.0247905
0.0253417
0.0255465
0.0262981
0.027087
0.0138392
0.017051
0.0183589
0.0204179
0.0440869
0.0400238
0.0169662
0.0305593
0.0327707
0.0366014
0.023473
0.0381606
0.0358986
0.0475244
0.037377
0.0290946
0.0411647
0.0368823
0.0311291
0.0492976
0.0226187
0.0236159
0.0224448
0.0505712
0.0268569
0.0260266
0.0493386
0.0139638
0.014152
0.0271547
0.0502367
0.0128657
0.0510963
0.0232828
0.048471
0.0240422
0.0226429
0.023243
0.0254466
0.0205373
0.0189383
0.0225264
0.0220437
0.0230709
0.0181884
0.0177191
0.0177385
0.01821
0.0193113
0.0190561
0.0150148
0.0169726
0.0147519
0.01817
0.0141593
0.0242683
0.0123904
0.0113351
0.0229756
0.0122599
0.0127842
0.01978
0.0163976
0.0207994
0.0234676
0.0184588
0.0194594
0.0393373
0.0548693
0.0442699
0.0308696
0.0411222
0.021996
0.0323123
0.0421728
0.0186734
0.0499349
0.0537997
0.0477062
0.0599279
0.0550587
0.0330962
0.0367469
0.0297414
0.0366817
0.03131
0.0172022
0.0151585
0.0883459
0.0915099
0.0784916
0.0253925
0.014731
0.0195706
0.0632894
0.023877
0.0801715
0.0935815
0.0228002
0.0217259
0.0202915
0.0543752
0.0372644
0.034811
0.0390375
0.0177133
0.0891717
0.0832961
0.0688259
0.0641678
0.0564139
0.0225936
0.0694066
0.0132161
0.0116297
0.0131776
0.0144197
0.028501
0.0280321
0.0262089
0.0244563
0.0257338
0.0278482
0.189475
0.0252279
0.0190316
0.0167573
0.0379646
0.0547018
0.011014
0.0185483
0.0854119
0.0875448
0.0369797
0.0117267
0.0726486
0.0277665
0.05063
0.0910158
0.0687881
0.031955
0.0110013
0.0790194
0.060391
0.0418246
0.0267618
0.0282471
0.0285179
0.0269838
0.0275108
0.0267942
0.0261614
0.0767919
0.0366084
0.020169
0.0580366
0.0674804
0.0294273
0.0250171
0.0284948
0.0257948
0.0264032
0.0376046
0.0247246
0.0232287
0.021859
0.0181271
0.00775386
0.00775386
0.00775386
0.0298376
0.0420088
0.0448633
0.0394258
0.0231489
0.0341219
0.029317
0.033211
0.0304783
0.0171901
0.0168743
0.0190402
0.0199433
0.0219199
0.0223434
0.0227454
0.0183757
0.0241736
0.0234934
0.0204463
0.0210978
0.0123122
0.0329058
0.0270578
0.0270651
0.0315568
0.0290814
0.0228447
0.0246794
0.0200192
0.0148193
0.0273285
0.0214818
0.0213054
0.0209247
0.0210999
0.0206201
0.0268941
0.0209651
0.0202235
0.0213658
0.0235208
0.0194173
0.0174653
0.023972
0.0265329
0.0266647
0.0260115
0.0253775
0.0302395
0.0261577
0.0389808
0.0362767
0.0229113
0.0187686
0.0172692
0.0235308
0.0201286
0.019592
0.0398371
0.0154001
0.0293433
0.0284435
0.0261059
0.0276395
0.0312742
0.0279111
0.0293397
0.0247727
0.0307459
0.0290985
0.0208205
0.0252416
0.0211691
0.0162614
0.0205163
0.0179273
0.0264775
0.0364445
0.0352191
0.0282567
0.0166222
0.017064
0.0161617
0.0159362
0.0196666
0.0151698
0.0178738
0.00441677
0.00441677
0.00441677
0.0161366
0.0138659
0.0121898
0.0195772
0.0185062
0.020089
0.0209609
0.0213538
0.0207289
0.0115549
0.0195967
0.0180266
0.0173721
0.027916
0.0234367
0.0188448
0.0171004
0.0211663
0.0486133
0.0282915
0.0227521
0.0188982
0.0192286
0.0168593
0.0184957
0.0174452
0.0155417
0.0124219
0.019022
0.0181576
0.0240204
0.0231272
0.025529
0.0238612
0.0265839
0.014986
0.0245694
0.0167412
0.0158545
0.0244177
0.0165996
0.0169072
0.014292
0.0161434
0.0212436
0.025569
0.0255432
0.0285686
0.0279903
0.0339315
0.0274959
0.0148881
0.0218402
0.0225275
0.0162544
0.0280128
0.0301468
0.0280569
0.0270268
0.0277409
0.027249
0.0277746
0.0284986
0.0262088
0.0291484
0.0282855
0.0280089
0.0274443
0.0286117
0.0287145
0.0297694
0.0278769
0.0276155
0.0288481
0.0276599
0.027474
0.0274644
0.0276849
0.0285458
0.0276113
0.0284203
0.0298467
0.0284561
0.0272216
0.0280076
0.0270257
0.027558
0.0268994
0.029313
0.0291873
0.0276381
0.0287833
0.0280815
0.0281092
0.0269986
0.028177
0.0279933
0.0284282
0.0288057
0.0280509
0.0134839
0.0160361
0.0165707
0.0142119
0.0292005
0.0534638
0.0632177
0.047339
0.0752004
0.075289
0.0861876
0.081089
0.0886808
0.0733086
)
;
    }
}


// ************************************************************************* //
