/*--------------------------------*- C++ -*----------------------------------*\
  =========                 |
  \\      /  F ield         | OpenFOAM: The Open Source CFD Toolbox
   \\    /   O peration     | Website:  https://openfoam.org
    \\  /    A nd           | Version:  13
     \\/     M anipulation  |
\*---------------------------------------------------------------------------*/
FoamFile
{
    format      ascii;
    class       volScalarField;
    location    "2721";
    object      nut;
}
// * * * * * * * * * * * * * * * * * * * * * * * * * * * * * * * * * * * * * //

dimensions      [0 2 -1 0 0 0 0];

internalField   nonuniform List<scalar> 
34022
(
0.00031383
0.00411188
0.000647824
9.55966e-05
7.11611e-05
0.000986415
0.000138027
7.03082e-05
0.000122267
0.000491756
0.000304128
0.000260232
0.000441205
0.000102909
0.00051809
0.000630276
0.000758159
0.0026303
0.000544907
0.000746176
7.27004e-05
0.000627643
8.18231e-05
0.000712217
0.00268728
6.74532e-05
7.12861e-05
0.00274588
0.000150194
0.00013375
0.000943994
0.000488246
0.00108879
0.0017147
0.00106302
2.42309e-05
0.000373393
2.65617e-05
6.63474e-05
0.000217071
7.70696e-05
7.29065e-05
7.53937e-05
0.000492487
0.00022446
0.00129238
3.65548e-05
3.69807e-05
6.24535e-05
9.95374e-05
0.000879709
0.000709152
0.000141404
0.000142835
0.000333528
0.000627694
0.000895673
0.000479589
0.000358213
0.000354772
0.000494207
0.000269198
0.00105537
0.000673222
0.000780396
0.00106371
0.000307701
0.00068548
0.000228366
0.000353922
0.000717614
0.000532666
0.00047029
0.00065092
0.000407573
9.37029e-05
0.00076553
0.000523548
0.000430569
0.000309126
0.000547979
0.000465802
0.000388148
0.000560669
0.000826912
0.000395846
0.000315145
0.000540675
0.000254229
0.000881009
0.000555065
0.000691071
0.000264177
0.0008087
0.000497578
0.000920705
0.000759792
0.000613093
0.000690793
0.000614169
0.00057042
0.000659102
0.000119933
0.0010987
0.000728519
0.000440246
0.000767543
0.000528137
0.000755522
0.000776511
0.000633457
0.000384677
0.000781388
0.000656079
0.000745033
8.32923e-05
0.000115478
3.49402e-05
7.13934e-05
0.000729731
0.000687774
0.000948913
0.000695658
0.00051771
0.00126659
0.000795786
0.00222917
0.000490739
0.00330846
0.00104132
0.0010871
0.0013523
0.00110899
0.00155596
0.000766528
0.000989913
0.000601086
0.00098826
0.00094125
0.00107049
0.000843986
0.00131059
0.000533516
0.00123797
0.000980595
0.000659114
0.00090397
0.00095054
0.001288
0.00183205
0.00131551
0.00087145
0.00105357
0.000504542
0.000519052
0.000829171
0.000810156
0.000200709
0.000614239
0.00108796
0.00137376
0.000255709
7.01343e-05
2.78786e-05
0.000827195
0.00154532
0.000871877
0.000469485
0.00113063
0.000659039
0.000404716
0.000983799
9.54738e-05
4.13699e-05
0.000387129
6.83166e-05
7.14914e-05
2.95636e-05
3.75247e-05
3.94162e-05
2.30984e-05
2.41457e-05
5.52811e-05
3.4053e-05
0.000100545
0.000368043
2.64532e-05
6.71551e-05
6.24297e-05
6.82079e-05
3.72927e-05
3.44333e-05
2.68857e-05
8.13132e-05
0.000112156
4.20699e-05
7.31612e-05
4.84049e-05
4.47133e-05
0.00053102
8.5897e-05
0.000171001
0.000206862
0.000190788
0.000451744
7.24437e-05
0.000162898
0.000202939
3.16688e-05
3.6648e-05
7.94219e-05
5.74091e-05
0.000235576
0.000110979
0.000138325
0.000673995
0.000435896
0.000359452
0.000220755
0.000219428
4.6587e-05
3.86983e-05
7.68209e-05
8.03877e-05
7.44175e-05
8.79595e-05
0.000107613
2.53368e-05
4.41669e-05
0.000110991
0.00204132
4.97324e-05
0.000120833
5.15203e-05
0.000389712
4.35779e-05
8.39067e-05
8.7947e-05
8.75766e-05
5.42808e-05
4.43358e-05
0.000303607
3.56073e-05
8.10892e-05
4.16991e-05
5.91739e-05
0.000273799
2.71356e-05
7.08926e-05
4.85639e-05
4.82445e-05
8.69008e-05
9.10239e-05
3.0627e-05
0.000100128
9.58631e-05
0.000188757
8.33286e-05
0.000119048
5.2455e-05
3.64771e-05
3.34115e-05
3.56782e-05
2.95944e-05
0.000114475
3.53114e-05
6.52717e-05
4.09294e-05
7.02621e-05
6.26785e-05
4.40137e-05
7.41408e-05
3.52849e-05
8.07032e-05
4.63551e-05
5.53356e-05
6.53259e-05
0.000104716
8.17932e-05
4.35939e-05
3.62043e-05
6.19222e-05
0.000156102
6.79202e-05
9.19337e-05
3.44163e-05
0.00112097
8.03273e-05
4.57522e-05
8.54582e-05
4.56039e-05
4.53589e-05
0.000105593
0.000296724
0.000500918
0.000949133
0.00149691
5.44662e-05
6.33727e-05
0.000899403
0.000716006
4.88283e-05
0.00010397
9.6833e-05
8.42485e-05
3.45611e-05
3.68196e-05
9.06493e-05
0.000870045
8.46545e-05
0.000418683
6.13091e-05
3.72321e-05
0.000800233
0.00110774
0.0018297
7.31393e-05
0.000101245
4.6776e-05
3.42231e-05
4.82158e-05
0.00022329
8.35569e-05
0.000138907
0.000348705
0.000423092
0.000677667
0.000941116
0.000947492
0.00137958
3.4535e-05
1.84844e-05
0.000278335
5.12272e-05
3.81559e-05
7.47736e-05
4.31203e-05
3.60438e-05
8.9633e-05
0.000102544
3.27534e-05
5.07428e-05
3.13672e-05
4.51428e-05
6.5423e-05
0.000140827
3.23481e-05
4.46756e-05
4.54328e-05
7.26264e-05
0.000760003
0.00106518
0.00230722
0.0012137
0.000789907
0.00172634
0.00354685
0.00223122
0.000650395
0.00203321
0.000994577
0.00211255
0.00396777
0.00235312
0.00195788
0.00179019
0.00099029
0.0013901
0.00231359
0.00101096
0.000763524
7.19831e-05
3.48512e-05
3.93559e-05
3.67177e-05
3.06626e-05
7.5139e-05
0.000288883
5.39153e-05
0.00035125
0.000155929
0.000130306
0.000127978
8.25062e-05
5.15587e-05
0.000333774
0.00038457
6.84511e-05
6.82986e-05
3.84068e-05
6.20185e-05
4.08954e-05
0.000241498
0.000193567
0.000114271
7.50887e-05
0.000305226
0.000190004
7.94346e-05
3.55816e-05
4.09017e-05
0.000581668
2.45752e-05
0.000402064
4.93186e-05
5.30928e-05
2.51351e-05
8.39918e-05
0.000118127
4.45043e-05
4.36362e-05
2.69609e-05
5.52535e-05
1.91344e-05
1.91717e-05
0.000148562
7.83474e-05
4.75888e-05
4.63496e-05
5.10728e-05
0.000416597
0.00120656
5.31076e-05
2.4238e-05
4.89881e-05
2.72102e-05
3.40565e-05
6.3222e-05
3.11868e-05
9.33317e-05
3.50399e-05
3.71286e-05
0.000766266
0.00182148
7.15447e-05
3.6357e-05
3.92315e-05
4.25123e-05
0.00151341
5.44809e-05
5.24396e-05
7.82559e-05
6.92426e-05
2.80913e-05
7.80142e-05
3.92557e-05
9.10577e-05
3.985e-05
0.000600847
0.000272713
0.000166427
0.000405927
0.000839184
0.000107171
8.09106e-05
4.59947e-05
2.98339e-05
3.79076e-05
5.21111e-05
3.50415e-05
2.69626e-05
8.67789e-05
4.30135e-05
5.78552e-05
2.92964e-05
0.000262934
0.000395773
0.000219585
2.92747e-05
5.30518e-05
8.71449e-05
0.000437181
0.000281081
0.000156956
5.10702e-05
2.72534e-05
5.89974e-05
4.33615e-05
4.87314e-05
8.14657e-05
3.65652e-05
5.05643e-05
9.85683e-05
0.000111667
0.00015259
0.000143386
6.78904e-05
0.000292288
0.00012274
0.000404979
0.000174691
8.96897e-05
5.62629e-05
5.91931e-05
6.91046e-05
9.30985e-05
9.8484e-05
0.000239508
0.000141245
6.84474e-05
0.000726057
0.000108572
8.56994e-05
6.32584e-05
0.000138138
0.000222422
0.000101875
0.000102041
0.000112613
0.000123643
0.000139398
4.51428e-05
0.000103379
0.000266387
4.48942e-05
9.49158e-05
0.000123907
0.000185363
5.17979e-05
7.85723e-05
9.86884e-05
8.47561e-05
6.4933e-05
0.000110913
0.000135616
8.05765e-05
0.00018287
0.00010656
0.000420879
0.000221687
0.000124122
0.0001521
0.000142379
0.000150416
8.24139e-05
0.000107147
9.67296e-05
0.000103785
0.00024334
4.59457e-05
4.13934e-05
0.000265706
0.000147705
8.74586e-05
4.33743e-05
0.000101056
0.00013464
0.000150456
0.00010821
0.000135468
0.000155774
4.51463e-05
0.000108622
6.70476e-05
9.93843e-05
0.000155812
5.91447e-05
0.00016795
0.000128006
5.78545e-05
4.08587e-05
9.64667e-05
0.000195067
8.16468e-05
0.000936446
0.000147187
0.000122627
6.68907e-05
3.11101e-05
8.81699e-05
9.25082e-05
5.6707e-05
5.19628e-05
0.000166342
7.47685e-05
0.00028049
0.000134086
9.75609e-05
0.000105933
5.80466e-05
0.000184571
5.70257e-05
0.000298506
8.7313e-05
6.79027e-05
0.000125492
0.000126733
4.98109e-05
0.000200045
0.000691274
9.56226e-05
5.73214e-05
0.000118724
6.64446e-05
0.000114965
4.37256e-05
0.000451352
7.37743e-05
6.04663e-05
0.000119487
0.000136386
9.85603e-05
4.70951e-05
8.79839e-05
0.000540947
0.000110115
0.000248349
0.000125907
9.89086e-05
0.000245486
0.000268307
8.07709e-05
9.98862e-05
6.26395e-05
6.90009e-05
9.62911e-05
0.000106278
0.000208393
0.000115954
0.000154586
0.000196212
9.72053e-05
0.000151607
0.000155795
0.00145354
0.00119374
7.70951e-05
8.77047e-05
8.0696e-05
0.000220575
0.000929684
0.000731701
0.000537568
0.00222233
0.00172747
0.00204267
0.000899144
0.000120201
4.73236e-05
0.000312585
0.000169106
0.00012551
0.00148619
0.000460605
0.000616959
0.000225196
0.000177072
0.000342482
0.000131044
9.74755e-05
0.000193453
0.00117063
0.00150243
0.000127467
0.000185019
0.000150029
0.000352501
0.000270654
0.000376248
0.000110537
0.000297893
0.000186361
7.26447e-05
0.000377943
0.000372519
0.000356967
0.000559777
0.000151667
0.000126847
0.000186908
0.000172603
0.000310097
0.000256961
0.000299884
6.76455e-05
0.000267777
0.000551543
0.000235074
0.000154958
8.66473e-05
7.24482e-05
0.000334948
0.000330636
0.000125569
0.00177083
0.00102383
0.0021783
0.00170077
0.000938966
0.0008594
0.000894333
0.00118913
0.00146598
0.00143088
0.00139647
0.00111159
0.00102382
0.00124702
0.000215813
4.69228e-05
0.000213326
0.00019028
9.58852e-05
5.78705e-05
0.000188184
0.000154763
0.000139932
0.000349102
0.000777672
0.000438818
0.000117897
0.000409073
0.00100383
0.000135196
5.56892e-05
0.000251498
0.000247028
0.000159451
0.00073026
9.53641e-05
0.000198427
4.72117e-05
0.000115181
0.000123717
9.12097e-05
7.19333e-05
0.00078876
0.000456746
0.000117919
0.000173757
0.000171369
6.90853e-05
0.000284721
0.000135432
0.00014952
9.55133e-05
0.000208512
7.18035e-05
0.000145987
6.21214e-05
0.000163209
0.000111522
0.000149558
8.06618e-05
0.000197094
0.000217925
7.70144e-05
0.000152705
9.55443e-05
0.000158805
0.000212826
0.000295955
0.00015583
0.000364047
0.000163987
0.000355785
0.000100601
0.000225578
0.00039638
0.000251095
0.000111793
9.65424e-05
0.00127758
0.000333405
0.00020553
0.000306373
0.000136653
0.000102283
0.000661816
0.00108228
0.000249165
0.000444652
0.000165079
0.000907611
0.000781816
0.00131271
0.000850399
0.00137809
0.000191792
0.000210657
0.000977134
0.00179393
0.000865752
0.000672768
0.0021018
0.000346008
0.000167355
0.000184357
0.000241133
0.000808187
0.000231702
0.00101715
0.00052277
0.000636978
0.000413904
0.000382722
0.00102404
0.000864366
0.000329373
0.0010691
0.000274264
0.00031031
8.31464e-05
0.000152356
8.9648e-05
0.000153243
8.01507e-05
0.000205204
7.04467e-05
0.000605226
0.000189314
0.000238059
0.000245367
0.000236404
0.000158401
0.000229065
9.08553e-05
6.88129e-05
7.50406e-05
0.000139114
0.00014208
7.28164e-05
0.000152146
0.000246839
7.39146e-05
7.50289e-05
0.000231757
7.50834e-05
5.09241e-05
0.000231753
7.65955e-05
0.000319612
7.01684e-05
0.00018001
7.05445e-05
0.00026198
6.77881e-05
0.000219073
8.83271e-05
0.000255088
0.000174938
0.000165773
7.09522e-05
0.000253299
0.000260813
0.000457609
0.000299292
8.25229e-05
8.70808e-05
0.000227489
0.000132433
0.000266421
0.000297024
9.16249e-05
7.87389e-05
8.77903e-05
0.000274676
0.000285969
0.000591381
0.000206584
0.00033994
0.000281354
9.05327e-05
0.000301609
7.15464e-05
7.56926e-05
0.000173138
8.25764e-05
0.000206462
0.000241303
0.000274215
0.000141904
0.000224495
0.000176443
0.000295599
0.000128668
0.000220826
0.000671066
0.000167854
0.00031483
8.02392e-05
9.16242e-05
0.000163174
0.000248459
0.0001417
7.48583e-05
0.000238077
0.000431131
9.9195e-05
0.000167541
0.000555215
0.000158639
0.000388168
8.08988e-05
0.000328678
9.26157e-05
0.000279277
0.00019109
0.000466051
0.000373463
0.000211919
0.000198219
0.000376055
0.000688576
0.000407918
0.000274154
0.000251553
0.000624466
0.000426666
0.000278117
0.000190494
0.00030676
0.000160783
0.000555492
0.000719734
0.000300844
0.000468588
0.000332143
0.000387508
8.05438e-05
0.000284529
0.000130598
0.000606331
0.000226647
0.000355963
0.00015613
0.000180219
0.000257574
0.000351429
8.52375e-05
0.000437215
0.000383123
0.000348823
0.000296403
0.000519444
0.000389953
0.000440003
0.000235089
0.000243006
0.000356116
0.000252047
0.000299834
0.000387231
0.00041104
0.00015668
0.000332998
0.000527513
0.000472519
0.000406531
0.000191614
0.000198013
0.000418335
0.000387123
0.000305385
0.000422793
0.000406541
0.000299583
0.000274457
0.000434253
0.000376177
0.000200463
0.00031852
0.000288315
0.000285633
0.000329835
0.000304637
0.000366994
0.000487293
0.000187074
0.000480743
0.000526684
0.000453247
0.00014715
0.000263772
0.000676801
0.00033357
0.000558015
0.00115061
0.000526866
0.00027221
0.000853148
0.000528104
0.000322774
0.000452966
0.00026091
0.000106935
0.000447853
0.000314427
0.000485767
0.000430181
0.000476102
0.000422705
0.000855763
0.000746002
0.000657242
0.00044516
0.000710243
0.000813614
0.00105407
0.000347451
0.00046132
0.000820446
0.000821427
0.000682342
0.000867556
0.000610718
0.00103096
0.000808446
0.00048429
0.000530559
0.00054539
0.000581347
0.000465049
0.000848619
0.00131934
0.000539655
0.000797258
0.000300461
0.000465362
0.000552371
0.000449218
0.000542634
0.00155802
0.00117949
0.000806239
0.000913398
0.000727718
0.000718574
0.000715308
0.00188559
0.000710151
0.000832433
0.000744545
0.000796923
0.000652418
0.000632228
0.000477266
0.00054934
0.00101396
0.000719725
0.00108152
0.00103492
0.000747572
0.00148817
0.00117814
0.00120355
0.000792857
0.001355
0.000649525
0.000719972
0.00113788
0.00152134
0.0010063
0.00180848
0.00115341
0.00106879
0.00218124
0.00110407
0.00100023
0.00129574
0.00166501
0.00106641
0.00138463
0.0018852
0.00193068
0.00228445
0.00189405
0.0014795
0.00327864
0.0017207
0.00345069
0.00278931
0.00259762
0.00105274
0.000482356
0.000540894
0.00126668
0.0012397
0.000357886
0.000832578
0.0018357
0.000479896
0.000762972
0.000418067
0.000390464
0.000734466
0.000548802
0.00016054
0.000633214
0.000652494
0.000723764
0.000455073
0.000847573
0.000307188
0.000717947
0.000326547
0.00029776
0.000614189
0.000721643
0.000696952
0.000359551
0.00029093
0.000396251
0.000701865
0.000650079
0.000587496
0.000347994
0.000566835
0.00069895
0.000698847
0.000338589
0.000307708
0.000438468
0.000714216
0.000294743
0.000617229
0.00022815
0.000184036
0.000481169
0.000313831
0.000640955
0.000666639
0.000698732
0.000330649
0.000310398
0.00086038
0.000647924
0.000449698
0.000278117
0.00108859
0.00137575
0.000558642
0.00106654
0.000832522
0.000604716
0.000427581
0.000405754
0.000518372
0.000336927
0.000411943
0.000294482
0.000208105
0.000267813
0.000182533
0.00089065
0.000818873
0.000728468
0.00160801
0.00085992
0.0014107
0.000955742
0.00153666
0.000827687
0.00141614
0.00126552
0.000766649
0.00119222
0.00103274
0.000926112
0.000954198
0.00159474
0.00264393
0.00146736
0.000353191
0.000296392
0.000609468
0.00108449
0.000807628
0.000663695
0.000730677
0.000933794
0.00156938
0.000813611
0.00162829
0.0010081
0.000674213
0.000748921
0.000691692
0.000814072
0.000457305
0.000937363
0.0007662
0.00169603
0.000771812
0.00106348
0.00134665
0.00198363
0.00082764
0.000506602
0.000990538
0.00217332
0.000879929
0.00123276
0.00114223
0.00223828
0.000680767
0.000792146
0.00124696
0.00130266
0.000600725
0.00104933
0.00137721
0.00111862
0.00134185
0.0012238
0.00168192
0.000578981
0.000992193
0.00102792
0.00107787
0.000331695
0.00067324
0.000780931
0.000250639
0.000287699
0.000270489
0.000488085
0.000456956
0.000257949
0.000400567
0.000243763
0.00143238
0.00103908
0.00154888
0.00172432
0.00108193
0.00177378
0.00170913
0.000971807
0.00110234
0.000532371
0.00055115
0.000269779
0.000653077
0.00071623
0.000848954
0.000680101
0.000650617
0.000594331
0.000325791
0.000787478
0.000300212
0.000295133
0.00076933
0.000615032
0.000767599
0.00059764
0.000817302
0.00183829
0.000808182
0.00180485
0.000736836
0.000721946
0.000679209
0.00155022
0.00177839
0.00135346
0.00139778
0.00160297
0.00126203
0.00117672
0.000548872
0.000899788
0.000275904
0.00160766
0.000561018
0.000512794
0.000584874
0.00132813
0.00133282
0.000412848
0.000889819
0.000324382
0.000520841
0.000547707
0.000399124
0.000624024
0.000331841
0.000575167
0.000242312
0.000741538
0.00228868
0.00165166
0.00182389
0.00173246
0.00125784
0.00259378
0.000669074
0.000523435
0.00270279
0.00125477
0.00107424
0.00116804
0.00225326
0.0020212
0.000647228
0.00346047
0.00202611
0.00160147
0.00257884
0.00144539
0.00111594
0.00109026
0.00129427
0.000258731
0.00040041
0.000569465
0.000767476
0.000334655
0.000377716
0.000513295
0.000742376
0.000629699
0.000703048
0.000335397
0.00115745
0.00100239
0.00128977
0.00120397
0.00177723
0.00102062
0.000802119
0.000767421
0.00109778
0.000435807
0.000360752
0.000911669
0.00147073
0.00165869
0.000452595
0.000976159
0.00156644
0.001612
0.00052317
0.000556133
0.0010186
0.000357449
0.000868029
0.00141275
0.00211678
0.00155098
0.00087543
0.000355952
0.000481548
0.00131333
0.00142545
0.000886672
0.00106598
0.00140032
0.000827658
0.000804942
0.000648678
0.00127277
0.00226551
0.000621941
0.00014168
0.000683312
0.000209601
0.000630477
0.000442922
0.000455761
0.000412823
0.000216048
0.000197865
0.000421488
0.000943813
0.000829381
0.00102495
0.000959058
0.00194983
0.000446469
0.000665746
0.000578783
0.000915809
0.000725853
0.00037488
0.000447949
0.000328136
0.000634922
0.000328923
0.00140583
0.00166571
0.000260094
0.00121399
0.000505405
0.000840415
0.000770909
0.000471683
0.000963198
0.000539567
0.00117923
0.00103077
0.00087532
0.00321259
0.00122156
0.00124712
0.000650837
0.000749909
0.000968532
0.00118274
0.00122327
0.00072095
0.000767625
0.000967956
0.00100671
0.000542254
0.000275889
0.000507197
0.000431465
0.000174402
0.000776067
0.00113515
0.00114378
0.000957015
0.00134609
0.00087192
0.000593938
0.00121916
0.000944791
0.000810208
0.000741804
0.000907061
0.00113242
0.00112038
0.0017632
0.000877543
0.000961019
0.000947682
0.000831012
0.000798032
0.00138967
0.000974538
0.00171148
0.00109038
0.00102591
0.00111569
0.00061445
0.000781638
0.000645895
0.00057446
0.000221853
0.000831569
0.000847368
0.00092124
0.000404191
0.000705767
0.000482725
0.00139176
0.000347592
0.000816832
0.00100076
0.00115436
0.00084312
0.00153491
0.000983801
0.000509357
0.000511493
0.000907596
0.000879498
0.000600311
0.00108005
0.00109775
0.000389737
0.000358159
0.000839503
0.00054875
0.000352083
0.000507448
0.000705718
0.00070521
0.00025701
0.000380302
0.000510938
0.000581965
0.00055689
0.00056582
0.000815234
0.00141882
0.000950197
0.000615661
0.000993929
0.0007304
0.00104973
0.0010192
0.000770252
0.00018521
0.000501779
0.00104055
0.0012177
0.00107464
0.00110518
0.00129526
0.00104986
0.00128002
0.00109362
0.00104072
0.00116649
0.000836713
0.00115033
0.00102039
0.000572368
0.000699806
0.00129943
0.000805637
0.000742382
0.000493216
0.00123945
0.00064568
0.00307475
0.000580182
0.000602912
0.000472215
0.00104767
0.00064475
0.000443532
0.00229541
0.000237564
0.000550097
0.000155282
0.000724472
0.000520575
0.00114688
0.000507872
0.000897141
0.000735072
0.00102268
0.000179433
0.000403696
0.000603677
0.000363369
0.000305275
0.000292033
0.000395116
0.000554815
0.000411947
0.000932667
0.000913814
0.00100919
0.00101574
0.0010601
0.00105204
0.000580127
0.000697365
0.000677103
0.00106443
0.000816453
0.00117301
0.00102995
0.0011833
0.000900782
0.000360643
0.000799219
0.000263831
0.000720092
0.000849193
0.000700564
0.00101756
0.000628797
0.000822678
0.000627345
0.00111816
0.0010523
0.000858796
0.00106919
0.00269186
0.00167192
0.000996302
0.000551014
0.00134204
0.000820236
0.000579179
0.00121686
0.00204865
0.000699525
0.0014329
0.000837236
0.0023633
0.000603181
0.000478302
0.00178067
0.000732526
0.00182874
0.00114896
0.000497268
0.00111883
0.00189131
0.000526429
0.00052219
0.00040964
0.00166482
0.00144167
0.000457697
0.000454206
0.000360843
0.00118707
0.000247038
0.000503352
0.000306729
0.000586592
0.000318339
0.000466187
0.000514734
0.000313788
0.000326165
0.000256463
0.000102026
0.000171377
8.53878e-05
0.000141859
0.00015764
0.000149656
4.42792e-05
0.000168409
0.000127748
6.56851e-05
6.03469e-05
7.99527e-05
0.000459977
0.00106267
0.000447125
0.000312987
0.000876994
8.00881e-05
6.34926e-05
5.74587e-05
0.000117423
6.25857e-05
0.000117401
5.21828e-05
5.05725e-05
0.000115789
0.000146311
9.36453e-05
0.000356371
0.000735893
0.000283699
0.00027943
0.000120637
9.78294e-05
5.93125e-05
4.78621e-05
0.000738646
0.000646172
0.000882191
0.000121467
6.0373e-05
0.00010019
0.000103377
0.000577841
0.0008041
0.000882865
0.000422021
0.000415127
0.000124429
0.000142025
0.000229062
0.000223958
0.000175586
4.38994e-05
0.000173324
9.49363e-05
6.06065e-05
3.18511e-05
5.22048e-05
5.0891e-05
0.000472266
0.000343554
0.000210396
0.000306816
8.04982e-05
5.53093e-05
4.51419e-05
2.99171e-05
5.48744e-05
0.000122725
0.000224748
0.00266126
0.00356393
0.00121986
0.000578066
0.00225987
0.000690619
0.00107916
0.00073781
0.00096806
0.000336053
9.31849e-05
6.61918e-05
7.68641e-05
9.74142e-05
0.00053358
8.60462e-05
0.000281314
0.000265377
4.64047e-05
3.26381e-05
6.0944e-05
2.7814e-05
0.00112025
0.00142195
0.00129494
0.000205484
0.000914155
0.000575691
0.000535247
0.000373948
0.000722123
0.000538886
0.000224487
0.000574688
9.50081e-05
0.000255197
3.84625e-05
0.000559135
0.000629162
0.00178094
0.00181697
0.000896666
0.000365492
0.00125499
0.00064811
0.00394455
0.000854782
0.000485758
0.00125946
0.00199389
0.00206167
0.00064845
0.00116025
0.00112768
0.00398239
0.000616977
0.000955766
0.000648749
0.00212713
0.00189954
0.000682324
0.000744303
0.000853053
0.000826456
0.000623297
0.000708088
0.000816616
0.000847005
0.000183448
4.78229e-05
6.40429e-05
6.84914e-05
0.000843668
0.000302185
0.000178744
0.000375688
0.000902507
0.000254242
9.14188e-05
0.000127762
0.000179773
0.000214844
0.000315606
0.000238974
7.04212e-05
0.000116844
7.38312e-05
3.55371e-05
5.62865e-05
4.00751e-05
0.00037116
0.00017099
0.000323263
0.000511257
0.000373424
0.000622121
0.000312127
0.000521837
0.000727287
0.00032454
0.000734511
0.000302041
0.000644719
0.000187653
0.000389126
0.000328907
0.000435131
0.000362948
0.000745373
0.000301315
0.00041343
0.000380371
0.000415134
0.000725667
0.00050424
0.000288826
0.000747591
0.000385037
0.000594395
0.000704306
0.000682726
0.000181466
0.000643362
0.000465451
0.000720453
0.000688691
0.000692793
0.000743549
0.000699297
0.000793903
0.000783691
0.000432391
0.000761682
0.000781964
0.000723666
0.000662608
0.00085427
0.00102099
0.000759978
0.00085123
0.00102889
0.000872552
0.00105416
0.000911828
0.00120307
0.000793844
0.000982514
0.000807459
0.000809859
0.000741145
0.000619451
0.000726381
0.000630587
0.000358354
0.000440995
0.000383213
0.000478646
0.000319283
0.000467677
0.00101653
0.000873567
0.000486311
0.000866928
0.000597929
0.000452641
0.000671683
0.000596593
0.000633379
0.000466948
0.000439956
0.000444825
0.000633759
0.000496037
0.000427742
0.000472503
0.00030426
0.000384362
0.000581786
0.00031657
0.000315486
0.000487589
0.000659047
0.000501873
0.000355289
0.000531981
0.000229941
0.000586723
0.000245532
0.000474398
0.000624662
0.000233931
0.000551008
0.000667694
0.000550581
0.000327937
0.000230921
0.000211623
0.000361497
0.000314179
0.000419326
0.000262434
0.000365878
0.0006218
0.000505763
0.000692481
0.000521587
0.000405752
0.000704408
0.000890609
0.00051937
0.000663086
0.000764209
0.0007903
0.000369937
0.000368368
0.000247878
0.000427521
0.000409599
0.000385421
0.000377157
0.000634731
0.000359589
0.000896827
0.000533194
0.000747623
0.000651246
0.000802965
0.00112727
0.00135497
0.000646167
0.00100701
0.000846187
0.000855798
0.00100893
0.00102976
0.000965421
0.00062151
0.00116622
0.00089014
0.00103184
0.0011754
0.000566044
0.00181975
0.00115788
0.00104613
0.000602637
0.00106253
0.00100501
0.00103614
0.000490862
0.000415706
0.000449477
0.000410205
0.00204005
0.00153394
0.00223886
0.000475215
0.000373738
0.000416779
0.000567536
0.000870422
0.000926731
0.000478446
0.000525793
0.000933027
0.000507587
0.000512405
0.000621923
0.000362641
0.000670335
0.000464521
0.000204289
0.000576724
0.000824422
0.000584525
0.000520796
0.000687458
0.000956184
0.000752357
0.000282208
0.000546897
0.000728936
0.000814563
0.000367703
0.000992834
0.000876589
0.000805799
0.000656102
0.000660711
0.000307834
0.00083578
0.00130973
0.00037746
0.00131879
0.00195369
0.00170232
0.000844451
0.000717307
0.00101514
0.000414565
0.000315398
0.00110931
0.00093534
0.00178583
0.000897337
0.00123667
0.000743898
0.000308522
0.00213306
0.00161965
0.00124918
0.000596448
0.00184544
0.00188664
0.00198121
0.00133147
0.00223483
0.000752456
0.000484769
0.000426875
0.001639
0.00138593
0.000765625
0.000396246
0.00184649
0.00195168
0.00135966
0.000837798
0.000306869
0.000531189
0.00220313
0.00295362
0.000340119
0.00229101
0.00134558
0.00165867
0.00191499
0.00165981
0.000317527
0.00151809
0.00173974
0.00127291
0.000570468
0.00221192
0.00170201
0.00198222
0.00191976
0.00196609
0.000487416
0.000259932
0.000962606
0.000714621
0.00290483
0.00187123
0.00243874
0.0011757
0.00121878
0.00220062
0.00218391
0.00114937
0.00263745
0.00221489
0.00162962
0.00251292
0.00377335
0.00194346
0.000899305
0.000693017
0.000473961
0.000592844
0.000484634
0.000792013
0.00090004
0.000945496
0.000808364
0.000645347
0.000739665
0.00121095
0.000750698
0.00121338
0.00150437
0.00167378
0.00143687
0.000572826
0.000580919
0.00100196
0.000980667
0.000966612
0.000560406
0.00156613
0.0020569
0.000399895
0.00124513
0.00105878
0.00122264
0.00118682
0.000376127
0.00122977
0.000451755
0.000634232
0.00124041
0.000403992
0.00123065
0.00107426
0.000544209
0.000371071
0.00106979
0.00137316
0.000973134
0.00038307
0.00024507
0.000534955
0.000622737
0.00066686
0.000319386
0.000555109
0.000209713
0.000718238
0.00104499
0.00091405
0.000947725
0.00105797
3.998e-05
0.000775704
3.61933e-05
9.19654e-05
0.000356282
0.000528773
0.000817057
0.000437303
0.00097385
0.000280491
0.000486291
0.000643061
0.000387062
0.000361522
0.000300474
0.000437472
0.00121296
0.00129414
0.00233164
0.00142533
0.0013662
0.0016117
0.00140902
0.00144812
0.000984407
0.000815596
0.000713639
0.00102111
0.00184305
0.000505405
0.000649725
0.000906068
0.000950493
0.000829921
0.00139533
0.00100148
0.00106619
0.000338228
0.00111626
0.000984525
0.00136506
0.00119982
0.00109205
0.00170603
0.000933057
0.0015578
0.0011324
0.00102336
0.00123283
0.00116283
0.000799379
0.00097313
0.000586827
0.00103488
0.000923201
0.000850947
0.00103526
0.00228463
0.000994432
0.000887762
0.00121158
0.000936996
0.00107643
0.00119406
0.00110416
0.00133563
0.000959536
0.00100684
0.00117808
0.00123422
0.00113976
0.00136217
0.00131126
0.00114695
0.00120805
0.0010031
0.00179602
0.0014445
0.0014891
0.00138635
0.00162297
0.000905077
0.000601248
0.000638892
0.000261541
0.000190053
0.000713241
0.000391032
0.000451438
0.00112519
0.000907698
0.000553936
8.68874e-05
0.000880565
0.00035021
0.000580796
0.000707687
6.15916e-05
0.000106553
0.000129128
3.101e-05
0.000695102
0.000203282
0.000780803
0.000376569
0.0014175
0.00164124
0.00126841
0.000433795
0.000283162
0.000365283
0.000426183
0.00138167
0.00115728
0.00189535
0.000642434
0.00139709
0.00130617
0.00101607
0.00069565
0.00103198
0.000643928
0.000269285
0.00122826
0.000808651
0.00129782
0.00138962
0.00126742
0.00155569
0.000688967
0.00127938
0.00133081
0.000654481
0.00125008
0.000633453
0.00174866
0.000612164
0.00165376
0.000599849
0.000373743
0.00161574
0.00122938
0.00137774
0.00151284
0.0029541
0.00164086
0.00177262
0.0017187
0.000561585
0.00185691
0.000467437
0.00197721
0.00171807
0.000723587
0.00104604
0.00182704
0.00164834
0.00239987
0.00188876
0.00167686
0.00104265
0.00107578
0.00149853
0.0015356
0.00147715
0.00195234
0.0011006
0.00104571
0.00126348
0.00129058
0.00123083
0.00105989
0.00107294
0.00130737
0.000989985
0.000963244
0.000590929
0.00096279
0.000937272
0.00103825
0.000788758
0.00170238
0.00144794
0.00126327
0.00200437
0.00175672
0.00156675
0.000882334
0.000431787
0.00119538
0.000927052
0.00113035
0.00106804
0.00099247
0.000616953
0.00195032
0.00116253
0.00104763
0.00101477
0.00116873
0.0019749
0.00178071
0.000696757
0.000654594
0.000835112
0.000503366
0.00194921
0.00142473
0.000443057
0.000551085
0.000643873
0.00166449
0.000960976
0.00151478
0.00127376
0.000978704
0.00067103
0.000667913
0.000789461
0.00120266
0.000188328
0.000273061
0.000494334
0.000287729
0.000884982
0.000664093
0.000639317
0.000635104
0.000661989
0.000431371
0.000581388
0.00061836
0.000647894
0.0013837
0.000610935
0.000599748
0.00162785
0.00142149
0.00101152
0.0011144
0.00148522
0.00105575
0.00107795
0.00141291
0.00115936
0.00106661
0.00103576
0.00118305
0.00111819
0.00108594
0.00120868
0.00117536
0.00122038
0.00125819
0.0012461
0.00123674
0.00139646
0.00118707
0.000991111
0.00110835
0.00107806
0.00104403
0.000958578
0.00107243
0.00129601
0.00133115
0.00112922
0.00118499
0.00149015
0.00141764
0.00152413
0.0012089
0.00132231
0.00118709
0.00123602
0.00123878
0.00120089
0.00109312
0.00141705
0.00128604
0.00131925
0.000331223
0.000220745
0.000183272
0.000110537
0.000277999
3.15256e-05
0.000657382
0.000275078
0.000434624
0.000213961
0.000227107
0.000573263
0.000160528
0.00040285
0.00068463
0.000291119
0.00111657
0.00155125
0.00152026
0.00142097
0.000338431
0.00186182
0.00121056
0.00119176
0.00161814
0.00179704
0.00196744
0.0019519
0.00182493
0.00149573
0.00174359
0.00116411
0.000365576
0.000494291
0.00115464
0.00133252
0.00121889
0.00175352
0.00122031
0.00121904
0.0012908
0.00133594
0.00187293
0.00156458
0.00133085
0.00126071
0.00181296
0.00136847
0.000762783
0.00127607
0.00113699
0.0015478
0.00126738
0.00137791
0.00126864
0.00117995
0.00208477
0.00148617
0.00142539
0.00108053
0.00128352
0.000844733
0.000784201
0.000559406
0.000586124
0.00060529
0.000498687
0.00117574
0.00114903
0.000602252
0.000548475
0.000597788
0.000314472
0.00143108
0.000486733
0.0010781
0.000641165
0.000591084
0.000184645
0.000456651
0.00060949
0.000571547
0.000194436
0.00148563
0.00137707
0.000222379
0.00040262
0.00130119
0.00172905
0.00184638
0.00156835
0.0015227
0.0015776
0.00127347
0.000629082
0.000356412
0.000612086
0.000587899
0.000228995
0.000543243
0.000590659
0.000459036
0.000584928
0.000292162
0.00033138
0.00132464
0.00105522
0.000701364
0.00153541
0.00125186
0.00121035
0.00118794
0.00120649
0.00122185
0.000329666
0.00116654
0.000490185
0.000318194
0.000945446
0.000601314
0.000503412
0.000390595
0.000520001
0.0004069
0.00154405
0.00124668
0.000407315
0.00057557
0.00154918
0.000965879
0.000561388
0.000602135
0.000494885
0.000503087
0.000406104
0.000351356
0.000552356
0.000846628
0.000595005
0.0008323
0.000474814
0.00035736
0.000890713
0.000497722
0.000735989
0.000911264
0.000335713
0.000652547
0.000337122
0.000656852
0.000681021
0.000477444
0.000258785
0.000120962
0.000181051
0.00010498
8.40252e-05
0.000241447
0.000130916
0.000371251
0.000505951
0.000602965
0.00067207
0.00022231
0.000133122
0.000136107
5.85344e-05
0.000108233
6.59575e-05
6.163e-05
2.8248e-05
2.90232e-05
5.97929e-05
3.80808e-05
8.97165e-05
5.93784e-05
7.45561e-05
0.000324112
0.00106416
0.00133689
0.000484854
0.000733443
0.000463141
0.000220695
0.000308437
0.000136188
0.000362499
0.000830282
0.00106173
0.000367776
0.000331094
0.000713668
0.00121506
0.000382577
0.00097219
0.000662588
0.000983834
0.000988346
0.000828276
0.00082782
7.78475e-05
6.26493e-05
6.01482e-05
5.68641e-05
0.0001501
0.000842364
0.000778042
0.000838678
0.000268851
0.000824167
0.000493313
0.000400151
0.00104092
0.000707922
0.000527896
0.000934604
0.000321214
8.67487e-05
0.000243833
0.000183546
0.000792518
0.000859887
0.00102082
0.000285325
0.000313588
0.000459717
0.000503898
0.000278426
0.000185025
0.000366748
0.000412224
0.000349948
0.00011276
0.000127621
2.92649e-05
0.000135957
5.55585e-05
7.13858e-05
0.000157727
0.0010945
0.000107998
0.000168358
0.000634586
0.000496904
0.000512223
0.000881951
0.000834262
0.00099271
0.00110465
0.000312526
0.000884258
0.000758358
4.10907e-05
0.00111905
0.000913083
0.000939051
0.000229455
0.000561364
0.000424836
0.000302238
0.000234571
0.00026426
0.00101447
0.000772476
0.000674266
0.000478313
0.00112716
0.000969628
0.000234486
0.000263213
0.000810914
0.000328695
0.000369415
0.000303861
0.000562411
0.000580958
0.000622989
0.000717457
0.000448304
0.000263209
0.000263733
0.000681949
0.000705258
0.00071165
0.000711646
0.000730082
0.000332864
0.000182757
0.000144222
0.000735735
0.000186278
0.000118553
0.000746956
0.00017133
0.000259676
0.000732854
0.000329927
0.000731646
0.000470773
0.000331611
0.000794737
0.000287787
0.00115884
0.000420287
0.000486781
0.000443462
0.000852035
0.000582295
0.000496074
0.00054939
0.00075591
0.000823676
0.000183248
0.000162846
0.000482304
0.000382578
0.000273499
0.000585532
0.00023528
0.00026277
0.000385872
0.00027108
0.000244129
0.000360122
0.000458927
0.000503907
0.000250559
0.000453591
0.000138738
0.000242604
0.000205446
0.000161707
0.00079537
0.000756414
0.000836219
0.000786895
0.000732764
0.000497256
0.000748282
0.000476906
0.00115338
0.000438482
0.000649303
0.000452648
0.000511013
0.000818293
0.000430222
0.000586195
0.000697723
0.000690435
0.00035689
0.000395047
0.000626082
0.000693183
0.000537058
0.00038314
0.000748256
0.00059433
0.000460691
0.000671907
0.000434293
0.000268197
0.000325306
0.000496662
0.000871116
0.000410423
0.000480112
0.000679996
0.000546072
0.000730906
0.000700963
0.000425127
0.000813689
0.000890172
0.000753585
0.0004625
0.000901704
0.000592642
0.00085348
0.000847397
0.000788069
0.000800695
0.00072709
0.0007848
0.0017219
0.000694168
0.00082674
0.000780438
0.000850905
0.00167009
0.000607394
0.000307894
0.00102601
0.000696688
0.00100716
0.00152889
0.000615515
0.000920147
0.000205227
0.000599589
0.000349683
0.000630625
0.000736863
0.000760313
0.000795766
0.000859917
0.000980174
0.000328322
0.000251593
0.000193244
0.000193561
0.000417212
0.000886498
0.000494445
0.000853761
0.000398498
0.000201647
0.000246801
0.000402487
0.000608327
0.000378179
0.000709569
0.000657088
0.000698011
0.000549816
0.00033095
0.000854199
0.000475293
0.00147967
0.00102725
0.00103408
0.00117877
0.00104944
0.000541388
0.000960678
0.00103011
0.00158328
0.000492847
0.00104637
0.000956993
0.000206744
0.000564492
0.000564509
0.000489993
0.000564822
0.000538884
0.000603217
0.000577272
0.000622458
0.000381431
0.00111333
0.000657388
0.000217481
0.000302498
0.000239045
0.000361459
0.000354418
0.000691846
0.000500812
0.000663009
0.000742117
0.000741434
0.000783811
0.000885893
0.000665102
0.00110914
0.00110478
0.00142797
0.000965327
0.00082897
0.000416148
0.000944227
0.000654862
0.000467847
0.000587238
0.000486237
0.000997199
0.00115109
0.000554924
0.000636426
0.00060917
0.000529237
0.000691095
0.000751279
0.00108066
0.00112461
0.00111189
0.000409894
0.000325235
0.000363969
0.000382779
0.000306075
0.000311693
0.000340169
0.000407349
0.000483972
0.000384315
0.000653086
0.000555463
0.001179
0.000609829
0.00109133
0.000332803
0.000807514
0.000618878
0.000370472
0.00100039
0.000670012
0.000429516
0.000957658
0.00035516
0.000778741
0.000864643
0.000669972
0.00168328
0.00178577
0.000734361
0.00116123
0.000413461
0.000380949
0.000500245
0.000343285
0.000432888
0.000420043
0.000664177
0.000452612
0.000859004
0.000844925
0.000679479
0.000770378
0.000387623
0.0012002
0.00109798
0.000347251
0.000233324
0.000831004
0.00050192
0.00128936
0.000952706
0.000972415
0.00138473
0.00054339
0.00122814
0.000714969
0.000865745
0.000856409
0.000861095
0.000772533
0.000598435
0.00120227
0.000686857
0.000595254
0.000575916
0.000606545
0.000512666
0.000379211
0.000664107
0.000358177
0.000656392
0.00052997
0.00111238
0.000310608
0.00071262
0.000450398
0.000545342
0.000346772
0.00087689
0.000684885
0.000637071
0.00105782
0.00059464
0.00111773
0.000414535
0.000618253
0.000811331
0.000828553
0.000742872
0.000629915
0.000635608
0.000391749
0.000858101
0.000782939
0.000867292
0.000859133
0.00058162
0.000851838
0.00104085
0.000866631
0.000872101
0.000752899
0.000300723
0.00100308
0.000730707
0.00138146
0.000521341
0.000654005
0.000513572
0.000753902
0.00107747
0.0020722
0.00103772
0.000501411
0.000360769
0.000479839
0.000549806
0.00100946
0.000282114
0.000445064
0.000500598
0.000542542
0.00106783
0.00118351
0.00125249
0.00103156
0.000764936
0.00125587
0.00119949
0.00123046
0.000746348
0.000835178
0.000854624
0.00060393
0.000705192
0.00181694
0.00105076
0.00104734
0.00101072
0.00079469
0.000884769
0.00063959
0.000656146
0.00086473
0.000423114
0.00111511
0.00104715
0.00117259
0.00104035
0.00115182
0.00119321
0.00129824
0.00120942
0.00111023
0.00106205
0.00126549
0.00125464
0.00101993
0.000966552
0.000494736
0.00163444
0.00103502
0.00101323
0.000562425
0.000501308
0.00112113
0.000613944
0.00030961
0.0011529
0.00120577
0.00103175
0.00107861
0.00123157
0.000778142
0.000802989
0.000828524
0.000904626
0.00088939
0.000761644
0.000778389
0.0021011
0.0011388
0.000780894
0.000783648
0.000645429
0.000792446
0.00110172
0.000773755
0.00126876
0.00119516
0.000845574
3.5997e-05
0.00021545
6.6784e-05
0.000979305
0.000784999
0.000902126
0.000875449
0.000859038
0.00106937
0.000796091
0.000812058
0.0007198
0.000791466
0.00113335
0.00103675
0.00109167
0.00110222
0.000673192
0.00116978
0.000576297
0.00110249
0.00123284
0.00103635
0.0011187
0.000846944
0.000852168
0.000899096
0.00087189
0.000902448
0.000733865
0.000838455
0.00118753
0.000505934
0.00101115
0.00105295
0.00104171
0.00136637
0.00113912
0.000620764
0.00111913
0.00107026
0.00110339
0.00102051
0.000900488
0.000899826
0.000896569
0.000568935
0.000905749
0.000909354
0.00090002
0.00085123
0.000897172
0.000859438
0.000999517
0.00107468
0.00110877
0.00111733
0.000976517
0.00105666
0.000921193
0.000964932
0.00110578
0.00111891
0.00101005
0.00118053
0.00102551
0.00105358
0.000905482
0.000850405
0.00111123
0.000911071
0.000946658
0.0011354
0.000916766
0.000928371
0.000966662
0.000893765
0.000900387
0.000912529
0.000747256
0.00105962
0.000948577
0.000907977
0.000937799
0.000921912
0.00111836
0.00120092
0.000983126
0.00115482
0.000993997
0.00093054
0.000911239
0.000522664
0.000985504
0.000208069
0.000846166
0.000395948
0.000688582
0.000803531
0.000746394
0.000357861
0.000575661
0.000726168
0.000784778
0.000232496
0.00092386
0.000519227
0.000702904
0.000446707
0.000324375
0.000696486
0.000313244
0.000236052
0.000364748
0.000293919
0.000624698
0.000430695
0.000286463
0.000227728
0.000257137
0.000637932
0.000131826
0.000411668
0.000425022
0.000143205
0.000263547
0.000514791
0.00050922
0.000253305
0.000527544
0.000391228
0.000758221
0.000610137
0.000838776
0.000454707
0.000809641
0.00053959
0.000329395
0.000539659
0.000711283
0.00104296
0.000720968
0.00104935
0.000470942
0.000569816
0.000708676
0.000498378
0.000910086
0.000623007
0.0010509
0.000772561
0.000544095
0.000690693
0.0010867
0.00036724
0.00118327
0.000837162
0.000269043
0.000634418
0.000569519
0.00121254
0.000265354
0.000614518
0.00125085
0.0010205
0.000724441
0.000491269
0.00115071
0.000702156
0.000676327
0.000862659
0.000886393
0.000624235
0.000587769
0.000388622
0.000250765
0.000683912
0.000872501
0.000802871
0.00104388
0.00110744
0.000767897
0.000238967
0.000489608
0.000424401
0.000523198
0.000367406
0.000578159
0.000338326
0.000565239
0.000378027
0.000457589
0.000313528
0.000688934
0.000690565
0.00072284
0.000571926
0.000471654
0.000618915
0.000465064
0.000657908
0.00051538
0.000626623
0.000603782
0.000721542
0.000546205
0.000599951
0.000856765
0.00052607
0.000407098
0.000784068
0.000813687
0.000771427
0.000477217
0.000874678
0.000920903
0.000749905
0.000512918
0.000234291
0.000439904
0.000367318
0.000368641
0.000562424
0.000441285
0.00036751
0.000703426
0.00055479
0.000780104
0.000697965
0.000753883
0.00056343
0.000601122
0.000320329
0.000363949
0.000846825
0.00066248
0.000771593
0.000412717
0.000312802
0.000616983
0.000330113
0.000650611
0.000218964
0.000235476
0.00026742
0.000274351
0.000350864
0.000526745
0.000434934
0.000731342
0.000247498
0.000223919
0.000154224
0.00033352
0.00058918
0.000653059
0.00106229
0.000455445
0.00124689
0.000958957
0.000774012
0.000680005
0.00106559
0.00108013
0.000511014
0.000962958
0.00105214
0.000203306
0.000527998
0.000873957
0.000564572
0.000260937
0.000787597
0.00080289
0.000676799
0.000877519
0.000893622
0.000708358
0.000794902
0.000669307
0.000684781
0.000734819
0.000344172
0.000703012
0.000587219
0.000518709
0.000632156
0.000209482
0.000627037
0.000697061
0.000931818
0.000419416
0.000581625
0.000233117
0.000230651
0.00022406
0.000803794
0.000509021
0.000281193
0.00110196
0.00110647
0.000762669
0.00087957
0.000602457
0.000838261
0.000364431
0.00109107
0.00110984
0.000902483
0.000496733
0.000706469
0.00102951
0.000697588
0.000438138
0.000621381
0.000946732
0.0011338
0.00104263
0.000396644
0.000440669
0.000370899
0.000334883
0.000527536
0.00064771
0.000456284
0.000329941
0.000627555
0.000425985
0.000443268
0.000641191
0.00058169
0.000486
0.000479241
0.000471333
0.000743527
0.000735779
0.000810072
0.000430168
0.00043439
0.000312342
0.000226006
0.000282285
0.000225955
0.000338122
0.00029796
0.00044803
0.000316323
0.000166381
0.000667015
0.000315268
0.000695244
0.000250452
0.00101541
0.000622571
0.000582589
0.000402358
0.000321192
0.000407466
0.000559858
0.00039996
0.000271055
0.000687172
0.000397656
0.000710382
0.00085648
0.000860912
0.00037986
0.000229744
0.000315586
0.000421067
0.000715084
0.000867155
0.000561705
0.000927684
0.000787487
0.00105915
0.000458291
0.000930485
0.000687562
0.000411857
0.000453411
0.000667371
0.00054632
0.000304912
0.000453858
0.000536073
0.000270711
0.000814288
0.000470097
0.000254409
0.000320242
0.000728717
0.000409315
0.000573361
0.000161487
0.000481302
0.000982658
0.000234857
0.00011121
0.00103983
0.000452094
0.000813724
0.000712223
0.00053212
0.000360583
0.000480099
0.000427483
0.000525292
0.00076079
0.00028062
0.000636247
0.000251725
0.000256393
0.000791034
0.000571113
0.000860192
0.000493421
0.000537979
0.000618074
0.000459511
0.000331037
0.000863134
0.000851795
0.000444142
0.000646893
0.00051749
0.000456338
0.000597109
0.000307017
0.000354715
0.000691037
0.000360832
0.000594403
0.000346915
0.000460179
0.000565827
0.000596251
0.000405855
0.00042371
0.000188027
0.000222077
0.00105143
0.00107351
0.000876326
0.000838369
0.000754244
0.00059389
0.000595623
0.000473737
0.000529282
0.000649314
0.000542032
0.0010465
0.000580894
0.000738823
0.000391388
0.000250512
0.000426621
0.000279796
0.00153688
0.000802038
0.000891223
0.00054002
0.000738394
0.0011935
0.000937006
0.000606661
0.000948801
0.000521619
0.000479511
0.000300688
0.000435874
0.000516065
0.000702041
0.00060077
0.000583535
0.000326982
0.000453682
0.000696577
0.000681985
0.00032841
0.000367218
0.000468788
0.000566867
0.000330017
0.000409789
0.000440655
0.000670984
0.000694684
0.000578423
0.000608682
0.00050208
0.000630848
0.00060696
0.000508589
0.000376846
0.000497156
0.000322189
0.000366503
0.000338006
0.000272005
0.000319052
0.000361911
0.000755638
0.000543422
0.000349554
0.000460888
0.000587753
0.000428531
0.000394576
0.000801788
0.000625736
0.000797506
0.000673259
0.000737299
0.000845964
0.000876892
0.00067551
0.000353399
0.000393222
0.000268695
0.000288594
0.000682821
0.000747121
0.000767315
0.00078703
0.000433555
0.000511346
0.000411598
0.00063603
0.000611397
0.000585183
0.000584267
0.000264898
0.000394339
0.000670502
0.000251747
0.00065627
0.000394451
0.000411263
0.000337271
0.000330455
0.000499319
0.00072697
0.000507956
0.000886105
0.000764213
0.000860869
0.000816908
0.000530679
0.000782426
0.000537559
0.00039803
0.000794364
0.000683139
0.000934551
0.00068429
0.0009534
0.000823087
0.000973966
0.000754573
0.000976013
0.00053052
0.000955186
0.000277586
0.000373938
0.000668609
0.000671576
0.000662041
0.000476792
0.00103653
0.000762585
0.00105685
0.000797376
0.000629703
0.000636877
0.000536338
0.00101788
0.00240056
0.000574863
0.000663482
0.000522552
0.000528916
0.000610538
0.000440582
0.000432397
0.000501847
0.000404333
0.000768954
0.000508537
0.000685174
0.000695278
0.000559034
0.000740848
0.000268701
0.000317294
0.000628338
0.000494525
0.00017084
0.00032581
0.000702344
0.000783264
0.000429624
0.000720828
0.000787436
0.000718462
0.000765473
0.000722869
0.000760127
0.000284408
0.000417144
0.000438415
0.000776596
0.0010575
0.000714778
0.000692735
0.000725169
0.000687338
0.000984224
0.000675651
0.00070229
0.000366954
0.000610422
0.000622334
0.00072485
0.000647879
0.000586696
0.000764377
0.00107865
0.000868896
0.00074698
0.00063525
0.00077677
0.00065758
0.000541737
0.000726035
0.000618706
0.000778772
0.000771905
0.000712294
0.000785679
0.000725421
0.000256135
0.000345269
0.000658242
0.000735499
0.000700804
0.00113827
0.000896933
0.000813326
0.000837841
0.000710626
0.000712457
0.000744067
0.000646209
0.000825553
0.000671188
0.000538418
0.000675956
0.000651208
0.00076858
0.000714158
0.000408827
0.000738182
0.000965506
0.000837402
0.000764119
0.000762599
0.000796624
0.000678048
0.000709701
0.00058323
0.000715761
0.000679328
0.000755198
0.000720762
0.000502095
0.000605968
0.000706836
0.000709194
0.000714218
0.000654601
0.00068929
0.00051333
0.00083171
0.000819311
0.000749564
0.000713261
0.000833136
0.000812949
0.000665826
0.000682056
0.000687301
0.00057305
0.000811516
0.000668471
0.000672194
0.000763671
0.000435294
0.000437203
0.000732537
0.0011627
0.000688485
0.000500527
0.000841087
0.000850699
0.000772567
0.000692403
0.000791583
0.000827818
0.000728107
0.00062856
0.000774884
0.000831675
0.000907399
0.000708474
0.00081176
0.000709608
0.000718756
0.00075708
0.000762537
0.000746359
0.000775814
0.000837228
0.000746738
0.000647293
0.000830324
0.000667461
0.000691646
0.000835757
0.000805111
0.000746967
0.000777294
0.000617252
0.000410602
0.000731008
0.000930572
0.000671054
0.000446755
0.000744529
0.000937624
0.000596532
0.000589691
0.000695871
0.000779767
0.000829794
0.000776791
0.00091333
0.000850611
0.000810577
0.000829022
0.000809781
0.000766502
0.000810986
0.000839363
0.000856507
0.000782407
0.000651727
0.000803808
0.00090856
0.000573244
0.000783007
0.000567406
0.000893145
0.00130328
0.000839953
0.000828573
0.0102333
0.00111205
0.000810613
0.00119232
0.00348775
0.000680156
0.000688267
0.000811023
0.00142456
0.000782841
0.000893945
0.000777791
0.000917678
0.000618146
0.000810508
0.000500073
0.00045743
0.000818666
0.000764905
0.000267179
0.000771377
0.000755086
0.00081988
0.000509119
0.000810547
0.000808632
0.000826854
0.000835261
0.000560082
0.000653051
0.000404894
0.000782402
0.00055331
0.000839545
0.000576594
0.000558864
0.000428254
0.000937819
0.000685957
0.000708211
0.0105091
0.000792379
0.000842879
0.000790898
0.000701447
0.000819819
0.000746616
0.000713583
0.000655625
0.000892955
0.000802984
0.000781472
0.000878692
0.000833078
0.0006155
0.000797138
0.00071892
0.000884773
0.000764281
0.000835527
0.000806834
0.000820026
0.000684411
0.000667759
0.000854128
0.000715426
0.0104295
0.000816124
0.000673266
0.000745599
0.000708657
0.000721882
0.000497235
0.000770635
0.000729707
0.000648893
0.00146224
0.0104141
0.00073012
0.000778921
0.000821233
0.000755953
0.00914827
0.000855261
0.000954966
0.000842939
0.001023
0.00083809
0.000792282
0.000761509
0.000816766
0.000840706
0.000826093
0.000898311
0.000821291
0.00089606
0.000813798
0.00073562
0.00082868
0.0104204
0.000890303
0.000774329
0.000874838
0.000844131
0.0104577
0.00136273
0.00120555
0.000852026
0.000869335
0.000773973
0.000719475
0.000866748
0.000848633
0.000716294
0.000822419
0.000661691
0.0104607
0.000861445
0.00078111
0.000812419
0.000928464
0.000789404
0.00085761
0.000864101
0.000945822
0.000964529
0.00101551
0.000786445
0.000813481
0.000869374
0.000771458
0.000828708
0.000833075
0.000849333
0.000763089
0.000852014
0.000858284
0.000871961
0.000797929
0.000954419
0.000789416
0.000852326
0.000842097
0.000892298
0.000844206
0.000704001
0.000795405
0.000815533
0.000620483
0.000746812
0.00500026
0.000681434
0.00562351
0.000711368
0.000682362
0.000755487
0.00685505
0.00121343
0.000810588
0.000744315
0.00125661
0.0103795
0.000810553
0.000742705
0.010418
0.000959877
0.00118182
0.00135646
0.000945629
0.000884942
0.00091227
0.00081062
0.000782637
0.000697453
0.00114197
0.0105302
0.00139753
0.0103142
0.000682151
0.00054898
0.00128554
0.000810602
0.0104583
0.00081058
0.00112511
0.010465
0.000810592
0.00149943
0.001176
0.000926108
0.00115943
0.00083543
0.000557044
0.00130835
0.000781136
0.00135519
0.000876407
0.00121772
0.000747627
0.000816009
0.0011082
0.00116611
0.00115992
0.000830995
0.001188
0.0104257
0.00123788
0.00693221
0.0104386
0.00120611
0.00125043
0.00574978
0.000863929
0.00101308
0.00110933
0.000754156
0.000771172
0.000796582
0.000852867
0.000912847
0.000904428
0.000884894
0.00084649
0.000891016
0.000815137
0.000769475
0.000817007
0.00576237
0.00091869
0.000774237
0.000809304
0.00624699
0.0104566
0.000829583
0.000778819
0.0104629
0.0104595
0.0104476
0.000758075
0.0104791
0.00078189
0.0105208
0.0104269
0.0104614
0.0103644
0.0104607
0.000882324
0.0104594
0.000811876
0.000863541
0.0104566
0.010459
0.0104607
0.0104608
0.000802753
0.0104606
0.0104608
0.0104609
0.010461
0.0104608
0.0104609
0.0104609
4.31471e-05
3.77084e-05
0.000165314
5.48251e-05
0.000114662
5.71018e-05
0.000184657
0.000274987
0.000889322
0.0021086
0.00134644
0.00136972
0.000706826
0.000634562
0.000588959
0.000645726
0.000663204
0.000696633
0.000608484
0.000441782
0.000897639
0.000756938
0.000811426
0.00085404
0.00149016
0.00141956
0.000924531
0.0105544
0.000836278
0.000905375
0.00126276
0.000251987
0.000460787
0.000966447
0.000796798
7.10943e-05
0.000118575
0.000193107
0.000471222
0.000556256
0.000479647
0.000681534
0.000532955
0.000750052
0.000719814
0.000648362
0.000760426
0.000943351
0.00179944
0.00198353
0.00283414
0.00115603
0.00183399
0.000870208
0.00162647
0.0012985
0.0017087
0.000724461
0.000767422
0.00698503
0.00111158
0.000450566
0.00574337
0.00125558
0.000877446
0.000892966
0.00085319
0.00145678
0.00130542
0.00208297
0.00202598
0.0013289
0.00107017
0.00512958
0.000399763
0.00121402
0.000131859
0.00359383
0.0039478
0.00120501
0.00107132
0.000146624
0.000198229
0.000136454
0.000270199
0.000202845
0.000161455
0.000159851
0.000149141
0.000169707
0.00013283
0.00137061
0.000984172
0.000790046
0.0010251
0.0010476
0.0010081
0.000604561
0.000816274
0.00167716
0.000863388
0.0010403
0.000889021
0.000807259
0.000913436
0.000908897
0.00102503
0.000912377
0.00116084
0.000847098
0.00109813
0.000263873
0.000312094
0.000202796
0.00022733
0.000217057
0.00021466
0.000920833
0.00100331
0.000900863
0.000908868
0.00260395
0.00106997
0.000855458
0.00133297
0.000862713
0.00106816
0.000259421
0.000625807
0.000309209
0.000198224
0.000696198
0.000673897
0.000584617
0.000191496
0.000228721
0.000400523
0.000423696
0.000260832
0.000466468
0.000475795
0.000846444
0.000455607
0.000369291
0.000292996
0.000726902
0.000589712
0.000717268
0.00109275
0.00102705
0.00109139
0.00106557
0.000900014
0.000762176
0.000475187
0.00065656
0.000726268
0.000720712
0.000637741
0.00124289
0.00135575
0.00328379
0.000810175
0.000552717
0.000696224
0.00030974
0.000690427
0.000652327
0.000919076
0.000677011
0.000829728
0.000135059
0.00035533
0.000485072
0.000776381
0.000582168
0.000469769
0.000451117
0.000545636
0.000554015
0.000335312
0.000689041
0.000535063
0.000710581
0.000355797
0.000832561
0.000379733
0.000842252
0.000659642
0.000621814
0.000629182
0.000621865
0.000956233
0.000464021
0.000522603
0.000546005
0.000526423
0.000664659
0.000341511
0.00100492
0.000885226
0.000715117
0.000562431
0.000736049
0.000229754
0.000711975
0.000597479
0.0010097
0.000594938
0.0006725
0.0010453
0.00110933
0.00103578
0.000202677
0.000226224
0.000123622
0.000134563
0.00012947
0.000218869
0.000138567
0.000122918
8.82634e-05
8.69388e-05
8.80336e-05
0.00108997
0.000867208
0.00122979
0.00132442
0.00128875
0.000520691
0.00119356
0.00183599
0.000753976
0.000986876
0.00280075
0.00269647
0.00342777
0.000670771
0.00099691
0.00183179
0.00333575
0.00119656
0.000494875
0.00069996
0.000628301
0.00208081
0.00140992
0.00185198
0.00199417
0.00168128
0.0019852
0.00103682
0.000970622
0.00103774
0.000906948
0.00144369
0.00153209
0.000595712
0.00102514
0.000868746
0.000648439
0.00098678
0.000537674
0.00140624
0.00152762
0.000802219
0.000815798
0.000826329
0.000786359
0.000902129
0.00147094
0.00121932
0.00162776
0.000837912
0.000666659
0.00033527
0.00110266
0.000151568
0.000759831
0.000113849
0.000158878
8.99028e-05
0.000438781
0.000234499
5.80551e-05
0.00018393
6.12651e-05
0.00014465
0.00010098
8.27118e-05
7.62931e-05
6.27597e-05
0.000164426
0.000183675
0.000143347
8.5185e-05
0.000105315
7.90038e-05
6.71147e-05
0.000174395
0.000126312
6.91825e-05
7.29069e-05
0.000133962
0.000107457
8.26949e-05
0.000105425
9.8609e-05
9.92922e-05
9.04524e-05
8.49732e-05
7.98432e-05
5.8959e-05
6.93496e-05
0.000105749
0.000830375
0.000947213
0.00144401
0.000723926
0.000753181
0.000586281
0.000581794
0.000541151
0.000540421
0.000449837
0.000503376
0.000120083
0.000256093
0.000299034
0.000402922
0.000362807
9.00725e-05
0.000132395
0.000142824
0.000109022
0.000539018
0.000516938
0.000530103
0.000754456
0.000419228
0.000366344
0.000612934
0.000394838
0.000404696
0.000833389
0.000470642
0.000472053
0.000431424
0.00018008
0.000476647
0.000350208
0.00110979
0.000115617
0.000119684
0.000146262
0.000108237
9.76687e-05
7.80247e-05
9.20105e-05
0.000184677
0.000141687
6.26761e-05
0.000183735
0.000122875
4.20204e-05
0.000159407
0.00010757
0.000439391
0.000145401
0.000215624
0.000126355
8.82002e-05
0.000113348
7.96844e-05
0.000808256
0.000591
0.000615699
0.000809452
0.000523162
0.000194586
0.000157205
0.000166094
0.000259851
0.000222924
8.98417e-05
8.43631e-05
0.00014393
0.000169327
0.000273816
0.000201187
0.000168878
0.000299104
9.62168e-05
0.000149558
0.000160037
6.87319e-05
6.05365e-05
0.000447409
7.79619e-05
9.67872e-05
5.97122e-05
4.42105e-05
0.000103006
0.000137313
0.00013419
7.926e-05
0.000152373
0.000191238
0.000178174
0.000130431
0.000172618
0.000232395
0.000195862
0.000182898
0.000185687
3.29548e-05
0.000146367
9.47591e-05
0.000154167
0.000207617
0.000239696
0.000141655
6.90474e-05
7.07223e-05
8.57962e-05
0.00015323
9.75765e-05
0.000133287
0.00016111
8.89939e-05
5.35376e-05
7.29869e-05
9.04361e-05
0.000346274
0.00014206
0.000143394
0.000121556
0.000123257
0.000316722
0.000254901
0.000232029
8.46474e-05
6.16598e-05
0.000178246
9.6327e-05
0.000103862
0.000112486
0.000149945
6.92409e-05
8.27937e-05
0.000114715
0.000265372
0.00031757
8.70375e-05
0.0001071
7.50826e-05
9.77571e-05
0.000116475
0.000183956
8.57382e-05
9.90486e-05
8.50896e-05
0.000224968
7.35015e-05
8.37189e-05
0.000136342
7.83666e-05
0.000131645
0.00019031
7.01125e-05
0.000176934
8.98405e-05
0.000172836
7.98174e-05
6.57343e-05
0.000116417
9.29382e-05
9.1948e-05
0.000191906
5.56697e-05
6.36852e-05
0.000108147
8.94145e-05
0.000139549
0.00013944
9.10454e-05
0.000113892
7.26235e-05
0.000170073
0.000111793
9.45775e-05
0.000124621
9.57389e-05
0.000172017
0.000999164
0.000930712
0.000703562
0.000564538
0.000777245
0.000562084
0.000610943
0.000584338
0.00107967
0.000852524
0.000806683
0.000891999
0.000690251
0.000825835
0.000739363
0.000897891
0.00115423
0.0015153
0.00115186
0.00119747
0.000285791
3.93386e-05
0.000110424
7.98738e-05
8.42174e-05
9.55347e-05
8.07249e-05
0.000394054
7.69391e-05
6.60714e-05
6.76136e-05
0.000986332
0.00106876
0.000706922
0.000470089
0.000128792
8.03495e-05
0.000148657
0.000112576
0.000161743
0.000100435
5.76396e-05
0.00137306
0.000784365
0.000754149
0.000664421
0.000131852
0.000142765
0.000109142
0.000106797
8.73789e-05
7.00164e-05
8.80187e-05
0.000178376
8.49573e-05
0.00169702
0.00010642
0.000168758
5.21732e-05
8.57914e-05
7.74897e-05
0.00018558
0.000105163
4.73477e-05
0.000105665
9.5645e-05
0.000671467
0.000613032
0.00129245
0.000183361
0.00030141
0.000839939
0.000179934
0.000401941
0.000167267
9.3061e-05
0.000238102
9.84053e-05
5.05721e-05
0.000126141
7.87431e-05
0.000125677
9.77059e-05
9.39153e-05
0.000190651
7.6403e-05
7.77805e-05
8.27211e-05
7.5126e-05
6.57395e-05
5.3754e-05
0.000222224
0.000189623
0.000187007
9.98472e-05
0.000152393
0.000141773
0.000119268
0.000136239
7.22727e-05
7.36636e-05
0.00010511
7.82622e-05
8.10018e-05
7.61706e-05
0.000113402
8.50116e-05
9.50685e-05
0.00014989
5.19597e-05
9.35576e-05
0.000729707
0.000835103
0.000770972
0.00114504
0.00124282
0.000817096
0.000506623
0.00105641
0.00118987
0.00232386
0.00151879
0.00190275
0.00930121
0.0030459
0.00233888
0.00101637
0.00240613
0.00200261
0.00267063
0.00288498
0.00312255
0.00197412
0.00196211
0.00518826
0.00185195
0.00117301
0.00348738
0.00739812
0.00238764
0.000959138
0.00138057
0.000566886
0.00204116
0.00109004
0.00835823
0.00233058
0.00113303
0.00501722
0.00243185
0.00298156
0.00224087
0.00127747
0.00230089
0.00316454
0.000561602
0.00106055
0.00334475
0.00262473
0.00627491
0.00151887
0.00155041
0.00158031
0.00127123
0.00107122
0.00252881
0.000849785
0.00207175
0.00135246
0.000579347
0.000521062
0.00162482
0.000883434
0.000971618
0.000835934
0.000519341
0.000590949
0.000867368
0.00102977
0.000122784
9.63304e-05
7.31021e-05
8.74057e-05
6.59902e-05
0.000102331
5.6089e-05
7.55803e-05
6.16748e-05
6.49226e-05
0.000153323
0.000265061
6.25207e-05
0.00013322
5.97563e-05
5.54226e-05
3.56658e-05
0.000156731
0.00010589
0.000339815
7.21367e-05
7.56385e-05
0.000119203
6.50829e-05
0.00093027
0.00109976
0.000820922
0.000650454
0.00105077
0.000826841
0.000414272
0.000359332
0.000644405
0.000439451
0.000737023
9.28742e-05
0.000105345
0.000123008
0.000158108
0.000214575
0.000105416
0.000118133
0.00011179
0.000192689
6.23729e-05
8.43043e-05
7.42199e-05
0.000101477
0.000117321
6.83514e-05
0.000132554
3.89165e-05
0.000141731
9.4966e-05
8.92724e-05
0.000109417
6.16698e-05
6.9644e-05
9.18253e-05
0.000427336
0.000485819
0.000355066
0.000318296
0.000140736
8.99618e-05
0.000419121
0.000100108
9.85691e-05
0.000253155
9.59279e-05
0.000122154
0.000122932
0.000120463
9.41103e-05
0.000667189
0.000804972
0.000680538
0.000877342
0.000464829
0.000493859
0.000745468
0.000444113
9.91071e-05
6.62647e-05
6.86037e-05
6.90248e-05
0.00010767
0.000830266
0.000606869
0.000825643
0.000683051
0.000709669
0.00170051
5.10334e-05
6.01469e-05
0.00017674
0.000135451
6.50194e-05
9.36737e-05
7.00565e-05
0.000114406
0.000150414
0.000112522
0.000142654
0.000200275
0.000173018
0.000178582
6.47852e-05
9.66047e-05
0.000135115
8.80332e-05
0.0001568
5.90318e-05
5.72918e-05
6.93909e-05
9.55783e-05
0.000141132
5.28732e-05
0.00012696
9.44704e-05
6.09609e-05
0.000131893
5.43156e-05
8.44673e-05
7.64402e-05
6.53521e-05
0.00011246
7.95958e-05
0.000104769
5.9484e-05
2.24988e-05
0.000109085
0.000103861
9.52505e-05
7.32793e-05
9.34325e-05
9.0994e-05
0.000130948
5.28552e-05
5.6468e-05
5.60393e-05
5.32019e-05
3.38751e-05
8.10442e-05
8.19224e-05
0.00100087
0.00195254
0.00227188
0.00305429
0.00127468
5.90013e-05
0.000121278
0.0015773
0.000525217
0.00142852
0.000377833
0.000547377
0.00124248
0.00065734
0.00158896
0.00090121
0.00148062
0.00109057
9.19788e-05
8.5323e-05
0.000132221
0.000150652
9.58029e-05
0.000127394
7.27626e-05
0.00015802
0.000100386
0.000118718
0.0002297
0.000147865
0.00014872
0.000106109
0.00014649
0.000125616
4.56683e-05
0.000138964
8.48721e-05
0.000106827
0.00014344
8.06613e-05
8.01196e-05
8.19239e-05
6.92273e-05
8.18439e-05
7.10739e-05
0.000124209
0.000134871
0.000154173
0.000146355
0.000147033
0.000133593
0.000178766
0.000453037
0.0013787
0.000617858
0.000972761
0.00111775
0.000111703
0.000134913
0.000107349
8.76543e-05
0.000133177
0.000118864
5.15572e-05
6.60525e-05
0.00010902
7.13854e-05
6.21982e-05
0.000122844
8.4012e-05
9.11025e-05
6.17866e-05
8.68094e-05
7.35484e-05
0.000101637
9.62746e-05
7.14059e-05
7.17985e-05
6.50871e-05
8.64967e-05
8.16537e-05
0.000101605
8.04553e-05
4.52281e-05
0.000263205
7.66542e-05
9.63679e-05
0.000171191
0.000178605
0.000285607
0.000334965
0.000327735
0.000186533
0.00020362
0.000137054
4.70062e-05
7.28637e-05
7.13837e-05
8.39347e-05
0.000163931
0.000124101
9.45342e-05
0.00017053
0.000164228
0.000153176
0.000216513
0.000208952
0.000291085
0.000111497
0.000160641
6.8521e-05
0.000118086
6.52682e-05
0.0001492
0.000381368
0.000160123
0.000666501
0.000375803
0.000299048
0.000142606
0.000183652
0.000148076
0.000175803
0.000329882
0.00017974
0.000159256
0.000152104
0.000202834
0.000115597
0.000108037
0.000139865
0.000165951
0.000189845
0.000298969
0.000143619
0.000175606
0.000243999
0.000635962
0.000476543
0.000504105
0.000747524
0.000115022
0.000115057
0.000176364
9.73468e-05
0.000200926
0.00015785
0.00107676
0.0002428
0.000169192
0.000142636
0.000127625
0.000146999
0.000116808
0.00012049
0.00016107
6.44955e-05
0.000228941
0.000178819
0.00011035
0.00020213
0.000217179
0.000248989
0.000226868
0.000435077
0.000408768
0.000447583
0.000141957
0.000195708
5.60551e-05
0.000147895
0.000200295
0.000188867
0.000207797
0.000279694
0.000626265
0.000825627
0.000661985
0.000565872
0.000713247
0.000601781
0.00011067
0.000122293
0.000115644
0.000174908
0.000135189
0.000187923
0.000146702
0.000550922
0.000141685
0.000252088
0.000258308
0.000159991
0.000734892
0.000172488
0.000484594
0.000308589
0.000569909
0.000283768
0.000305481
0.000311335
0.000288892
0.000436173
0.000424619
0.000287177
0.000157612
0.000354913
0.000121009
0.000302764
0.000566807
0.000568577
0.000242649
0.000226868
0.000329765
0.000203353
0.000355017
0.000239147
0.000191951
0.000250293
0.000203625
0.000218635
0.000223235
0.000381495
0.000506592
0.000274882
0.00050204
0.00019807
0.000155449
0.000116859
9.81024e-05
0.000159498
0.000167134
0.000115491
0.000143671
0.000144901
0.000134642
0.000181901
0.000134461
0.000196461
0.0001781
0.000166887
0.000126398
0.000144443
0.000269036
0.000120867
0.000107861
0.00014703
0.000144211
9.93999e-05
0.000197991
0.000129368
5.32146e-05
0.000115323
0.000132027
0.000104942
0.00019806
0.000251098
0.000144604
0.000264992
0.000293255
0.000334747
0.00016674
0.000291647
0.000184003
0.000225681
0.00021982
0.000150429
5.55859e-05
9.90957e-05
0.000199585
0.000113133
0.000282605
0.000161556
0.000114281
0.000114971
0.000158886
0.000103988
0.000145746
0.000130627
7.06701e-05
0.000243714
0.000146409
0.000106378
0.000159997
0.000118947
0.000127117
0.000173731
0.000150304
0.000155406
0.000123914
0.000151816
0.00021292
0.000176674
0.000195159
0.000316687
0.00026598
0.000272895
0.000449767
0.000298573
0.000311024
0.00024332
0.00021141
0.000425641
0.000188172
0.000209621
0.000262523
0.000101105
0.000229311
0.000119546
8.37004e-05
0.000108558
0.000129649
0.00011243
0.000112303
9.02095e-05
0.000100349
0.000170006
0.000147619
0.000130094
0.000133667
0.00025928
9.18796e-05
0.000125345
0.000233934
0.000152289
0.000164249
0.000135481
0.000159111
0.000277639
0.000372317
0.00023638
0.000232879
0.000181505
0.000154729
0.000128618
0.000106857
0.00127262
0.000245098
0.000202407
0.000200732
0.0015485
0.0010268
0.00180645
0.000934853
0.0011759
0.000420188
0.000131683
0.000184523
0.000240719
0.000216726
0.000207766
0.000149063
0.000193576
0.000294866
0.000163649
0.000219536
0.000324032
0.000229851
0.000106593
0.000171301
8.88063e-05
0.000175118
9.09829e-05
9.30393e-05
0.000875276
0.0004345
0.000559389
0.000473022
0.000373684
0.000256812
0.000433743
0.000267349
0.000126055
9.81927e-05
0.000188441
0.000287988
0.000578083
9.21361e-05
0.000251676
0.000111862
0.000104607
0.000113243
0.000157612
0.000428095
0.000232029
0.000513634
0.000388168
0.000221385
0.000253556
0.000430755
0.000322488
0.000324455
0.000580931
0.000467977
0.000784297
0.000777169
0.000805565
0.000369743
0.000176771
0.000255736
0.000452111
0.000297623
0.000186522
0.000488964
0.000141795
0.000224131
0.000224366
0.000118382
0.000209372
0.00018753
0.000144104
0.00044323
0.000544679
0.000813376
0.000319311
0.000264349
0.000211918
0.000637765
0.000148807
0.000628382
0.000827007
0.0002306
0.000122261
0.000264616
0.000476197
0.000111159
0.000169878
0.000155778
0.000147953
0.000331927
0.000146506
0.000157434
0.000203782
0.000138445
0.00137653
0.00136751
0.00153356
0.00153065
0.00143659
0.00202824
0.00140045
0.00517911
0.00103929
0.000303859
0.000153305
0.000127059
0.000131717
0.000170185
0.000137212
0.000177134
0.000135083
0.000231451
0.000152347
0.000150458
0.000169486
0.000245544
0.000176336
0.000106191
5.07211e-05
0.000194361
0.000187959
0.000335207
0.000495621
0.000264708
0.000242451
0.000170387
0.000119048
0.00237398
0.000747339
0.00118222
0.00163933
0.00124325
0.00244921
0.00228006
0.00240487
0.00249947
0.00259632
0.000796871
0.000825054
0.00478469
0.00205894
0.00203518
0.00707172
0.0035081
0.00221409
0.0020154
0.00388712
0.00195262
0.0014124
0.00105916
0.00253418
0.00161581
0.00320621
0.000692033
0.000850796
0.00180929
0.000296508
0.000107008
0.000544303
0.00029529
0.000551106
0.000322506
0.000488901
0.000386447
0.000164686
0.000345416
0.000163102
0.000302552
0.000314745
0.000227734
0.00247229
0.00141279
0.0025903
0.0025532
0.000468172
0.00138709
0.00155713
0.00233483
0.00290572
0.00225511
0.00140576
0.00169734
0.00213449
0.000278855
0.000338559
0.000223034
0.000237675
0.000233532
0.000595609
0.000474998
0.00116678
0.000641501
0.00041609
0.000354953
0.000562681
0.000445576
0.000414414
0.000376422
0.000174324
6.55959e-05
0.000195115
0.000229832
0.000249972
0.000271417
0.000235247
0.000283052
0.000240989
0.000273964
0.00112876
0.000846693
0.000447433
0.000459047
0.000372339
0.000558887
0.000330377
0.000771802
0.000277242
0.000310596
0.000781063
0.000329514
0.000686702
0.000410404
0.000421913
0.000452427
0.00041484
0.000614957
0.000555607
0.000523649
0.000285571
0.000375817
0.000926872
0.0012044
0.000845232
0.000825582
0.000560192
0.000876169
0.00117484
0.00210733
0.00116762
0.000393647
0.000294457
0.000464929
0.00012423
0.000364487
0.000227096
0.000231671
0.000383948
0.000221512
0.000241875
0.000185175
0.000109512
5.87275e-05
0.00018987
0.000114712
0.000564919
0.00029601
0.000163014
0.000209742
0.000157726
0.000497257
0.000325139
0.000226702
0.000339773
0.000755292
0.000393325
0.000351017
0.000378358
0.000332293
0.000232809
0.000230357
0.000328911
0.00346548
0.00327543
0.00136783
0.00179337
0.00185536
0.0015212
0.00131961
0.00485054
0.0027852
0.00164679
0.0017789
0.000920698
0.00206944
0.00170242
0.00245204
0.00284747
0.00242281
0.00130032
0.00101925
0.000887381
0.00253943
0.00188338
0.000743795
0.00410477
0.00310645
0.00631918
0.00267866
0.00125203
0.00836682
0.00151884
0.0014305
0.000491469
0.000284579
0.00178586
0.00194408
0.00179796
0.0023238
0.0028398
0.00360832
0.00205425
0.0020867
0.00310328
0.0025782
0.00228708
0.00343846
0.00163018
0.000698564
0.00169821
0.00160799
0.00105192
0.000362584
0.000439101
0.00067146
0.000244655
0.00024
0.000161409
5.08276e-05
0.000203302
0.000250273
0.000133309
0.000163026
5.97941e-05
0.000272392
0.000392444
0.000323724
0.000245894
0.000359398
0.000158499
0.000404355
0.000140537
0.000410535
0.00029207
0.000560495
0.000272282
0.000325192
0.000422712
0.000626739
0.000628045
0.000502509
0.000297297
0.00112832
0.000467913
0.000522542
0.000386863
0.000742438
0.000571587
0.000644288
0.000497379
0.000301744
0.000230168
0.000142739
0.000248536
0.000167034
0.000313808
0.000255935
0.000162028
0.000231939
0.000139656
0.00041562
0.000493697
0.000715887
0.00061478
0.000294478
0.000301847
0.000295821
0.000241614
0.000255865
0.00023775
0.000215946
0.000225149
0.000171557
0.000234279
0.000200023
0.00029441
0.000300645
0.000401335
0.000262363
0.000250256
0.000364238
0.000326597
0.00024799
0.000200054
0.000294567
0.000264332
0.000346253
0.00071573
0.000495789
0.000252067
0.000349738
0.000300724
0.000493514
0.000346261
0.000255592
0.000580224
0.000244717
0.000250816
0.000325963
0.000145343
0.000170395
0.000262268
0.000194477
0.000161488
0.000472888
0.000262863
0.000312507
0.000276678
0.000554655
0.000416884
0.000782911
0.000452222
0.000926553
0.000580522
0.000346063
0.000663684
0.000607384
0.000358698
0.000371336
0.000538257
0.000567648
0.000265108
0.000478072
0.000476093
0.000447397
0.000510489
0.000478941
0.000621765
0.000540584
0.000411859
0.000663364
0.000280093
0.00148904
0.00160246
0.0013131
0.00138324
0.0018351
0.00132197
0.0015791
0.0012767
0.00061601
0.000488942
0.000509948
0.000304399
0.000416727
0.000322036
0.000552647
0.000439805
0.000731157
0.00089274
0.00100237
0.00135328
0.00398751
0.0021071
0.00278674
0.00198445
0.00191528
0.00279286
0.000572139
0.000354731
0.000604315
0.00056518
0.000477452
0.00077435
0.000768913
0.00234046
0.000643506
0.000568048
0.000510049
0.000645153
0.00229909
0.00237414
0.00252321
0.00313317
0.00164198
0.00219751
0.00224456
0.00231407
0.00221082
0.00168622
0.00140186
0.00269199
0.00230229
0.00283152
0.00167369
0.00444574
0.00175494
0.00148375
0.00210723
0.00190963
0.00195757
0.00215404
0.00134143
0.00110688
0.00183714
0.00166839
0.0021692
0.00261521
0.0019881
0.0021416
0.0030883
0.00220866
0.00327826
0.00359127
0.00250531
0.00145745
0.0013011
0.00081667
0.00160717
0.000704798
0.000850818
0.000643623
0.000723769
0.000772938
0.00139929
0.000745629
0.00078051
0.000931519
0.000948758
0.000707624
0.00191305
0.00101429
0.000900194
0.0010035
0.00113963
0.00102438
0.00139228
0.00105301
0.0015345
0.00141753
0.00115679
0.0012217
0.000948096
0.00144914
0.00110339
0.00117197
0.00177618
0.000814155
0.0010515
0.000696437
0.00137486
0.00127833
0.00105513
0.00161712
0.00148154
0.00117359
0.00142981
4.98516e-05
0.000144556
6.28766e-05
0.000132191
7.70087e-05
0.000133967
0.000375105
7.58469e-05
7.46364e-05
9.02094e-05
9.66742e-05
0.000372215
0.000267668
0.000613833
0.000283533
0.000281741
0.000143197
0.000502
0.000190112
0.000583924
0.00028411
0.00031286
6.99103e-05
9.11956e-05
6.85353e-05
7.7962e-05
5.14794e-05
0.000142284
9.95522e-05
0.000112657
5.33079e-05
5.10529e-05
0.000116597
5.56339e-05
5.86366e-05
5.36516e-05
0.000191193
0.000136543
6.90645e-05
5.28983e-05
5.75658e-05
0.000131025
0.000139456
6.40814e-05
5.55452e-05
7.61884e-05
5.32473e-05
4.93452e-05
0.000260585
5.25236e-05
5.90759e-05
9.28043e-05
5.36869e-05
0.000124721
5.5125e-05
7.15492e-05
6.50877e-05
0.000232506
4.70377e-05
0.000138589
0.000217965
6.91193e-05
5.36342e-05
6.70983e-05
9.53612e-05
7.00552e-05
0.00018425
9.23866e-05
0.000192286
6.4667e-05
0.000377806
0.000112668
0.0003585
0.000418295
0.000148989
0.000156846
6.4396e-05
6.21388e-05
6.2861e-05
9.54862e-05
0.00015041
0.000163618
0.000104244
6.46313e-05
8.70062e-05
6.97292e-05
9.04476e-05
4.77684e-05
5.15944e-05
0.000215956
7.31371e-05
0.000409122
0.000230644
5.96067e-05
7.99246e-05
5.42525e-05
6.207e-05
5.6384e-05
8.10303e-05
5.59269e-05
0.000134483
0.000151814
0.000207193
0.000195907
0.00018699
0.000150291
5.94555e-05
0.000150842
8.98744e-05
0.000101446
0.000143885
8.2065e-05
5.07161e-05
5.67123e-05
8.26497e-05
0.000108729
5.9287e-05
0.000122849
6.9993e-05
0.000151067
0.000412239
0.000152672
0.000320396
0.000131184
0.000151751
0.000349248
7.89496e-05
0.000219422
5.80162e-05
9.64995e-05
0.000172643
7.97709e-05
6.08532e-05
6.02626e-05
7.44684e-05
5.39037e-05
0.000139868
0.00028351
0.000189297
0.000228465
0.000187224
0.00017347
0.000196666
0.000157923
0.000101535
0.000148916
0.000236175
0.000249195
0.000143294
0.000194853
0.000303922
0.000164655
0.000111388
0.000116571
0.000115383
6.29842e-05
8.0023e-05
5.92987e-05
5.79023e-05
0.000241996
0.000366678
0.000340028
0.000553374
0.000191945
0.000122463
0.000202629
0.000726548
0.000296949
0.000209865
0.000298858
0.000177872
0.000261822
0.000227915
0.000156502
8.46214e-05
0.000179366
0.0003571
0.000222683
0.000210269
0.000169577
0.000257636
0.000207282
0.000259436
7.09939e-05
6.92047e-05
9.52224e-05
0.000259486
0.000160428
0.000141275
0.000689406
0.000576669
0.000300168
0.000241802
0.000214616
0.000118632
0.000225919
0.00019217
0.000181731
0.000154711
9.33933e-05
0.000343618
0.00033947
0.000127999
0.000193015
0.000206775
8.9259e-05
0.000175669
8.01563e-05
0.000224444
0.0001435
0.000404822
0.000192797
0.000160129
0.000233018
0.000170634
0.000183774
6.5354e-05
6.5172e-05
0.000256933
0.000154685
6.89685e-05
0.000134151
0.000122945
0.000408145
0.000329904
0.000140189
0.000269413
0.000476393
0.000258722
0.000267296
0.00039685
0.000152782
0.000311069
0.000323494
0.000153866
0.000181215
0.000172705
0.000610046
0.000172678
0.00023017
0.000529431
0.000223252
0.00011803
6.3525e-05
9.35994e-05
5.98409e-05
0.000169569
0.000101945
0.000152379
0.000220907
0.000117712
8.27323e-05
0.000152335
0.000319828
0.00039631
0.000335701
0.000120515
0.000151816
0.000169471
0.00024431
0.00014332
0.000304946
0.000137321
0.000152028
0.000358501
3.57463e-05
0.000557634
0.000460278
0.000201498
8.49719e-05
9.94037e-05
0.000173347
0.000112853
8.46789e-05
0.000320682
0.000118267
0.000272708
8.23556e-05
7.97076e-05
0.000136965
0.000162085
0.000164044
0.000217301
0.000142297
0.000123149
0.000167041
0.000254449
0.000173401
0.000160614
0.000257804
0.000151592
0.000109476
0.000105501
0.000158167
0.000296509
0.000418678
8.77866e-05
0.000211285
0.000126138
0.000179934
0.000161568
0.000149603
6.44899e-05
6.49258e-05
0.000114141
8.94096e-05
0.000323906
0.00014939
0.00015653
8.79233e-05
0.00015919
0.000113541
0.000281697
0.000113582
7.95828e-05
0.000184398
0.000163705
0.000215301
8.59173e-05
0.00018134
0.000152493
0.000189324
6.91652e-05
8.30939e-05
0.000357613
0.000209325
7.60242e-05
0.000296946
0.000299214
0.000229954
0.000265539
0.000281129
0.000173356
0.000100991
0.00020004
0.000138479
0.00015606
9.32514e-05
0.000137585
0.000160931
0.000247256
0.000170538
0.000457051
0.000168591
6.49656e-05
8.59431e-05
0.000184144
0.000196474
0.000183112
0.000448827
0.000334788
0.000313777
0.000168556
0.000370217
0.000191186
0.000172516
0.00020704
0.000185443
0.000132459
0.000162064
0.000303743
0.000321788
0.000150392
0.000166898
0.000215381
0.00016715
0.000205133
0.000177096
0.000552616
0.000173489
0.000172903
0.000253792
0.000108116
8.90413e-05
0.000541739
0.000205489
0.000280565
0.0001789
0.00018729
0.000202854
0.000283595
0.000161325
0.000235665
0.000224296
0.000104994
0.000344595
0.000193348
0.000166012
0.00037892
0.000996478
0.00195151
0.000422167
0.000565978
0.000202102
0.000253916
0.000270328
0.000153246
0.00015776
0.000329689
0.000658718
0.000189852
0.000906237
0.000435811
0.000193372
0.000190594
0.000183694
0.000259565
0.000255724
0.000261046
0.000201677
0.000216125
0.000564217
0.000233643
0.000200607
0.000163357
0.000270434
9.53246e-05
0.000180031
7.53657e-05
0.000171017
6.38309e-05
0.0002186
0.000401211
0.000252632
0.000565339
0.000358505
0.000368213
0.000237473
0.000354236
0.000231012
0.000200987
0.000781713
0.000433735
0.000601753
0.000432349
0.000202771
0.000197117
0.000196915
0.000133046
0.000207175
0.000287182
0.000338618
0.000239226
0.000261169
0.000160027
0.000175093
0.000235788
0.00100829
0.000179893
0.000345802
0.000380833
0.000445109
0.000452812
0.000673374
0.000390728
0.000304095
0.000384277
0.000432388
0.00014341
7.72658e-05
0.000127017
0.000224003
0.000203332
8.19029e-05
0.000444643
0.000598228
0.000643238
0.000926261
0.000425093
0.000211947
0.000365756
0.000596192
0.000733758
0.000506167
0.00107353
0.000834191
0.000578769
0.00056106
0.000335837
0.000522146
0.000571011
0.000311397
0.000497686
0.000201147
0.00101833
0.000497004
0.0003983
0.000352447
0.000366583
0.000534918
0.000702346
0.000716362
0.000463583
0.000327964
0.00028311
0.00022498
0.000356182
0.000321297
0.000258062
0.000325078
0.000379576
0.000419885
0.000337791
0.000549223
0.000263845
0.000463084
0.000809324
0.000320538
0.000154199
0.000381817
0.000426649
0.00032716
0.000224928
0.000544854
0.000298716
0.000408219
0.000250764
0.000145753
0.000998165
0.00122775
0.00131302
0.00104678
0.00111733
0.000745719
0.000590279
0.000448962
0.000549671
0.000424941
0.00081389
0.000514245
0.000513045
0.000433754
0.000472785
0.000459316
0.000257743
0.000311941
0.000318609
0.000199444
0.000265142
0.000368869
0.00053653
0.000169524
0.000272926
0.000401174
0.00027242
0.000231045
0.000357769
0.000590643
0.000327644
0.000308058
0.000250158
0.000158516
0.000310206
0.000338505
0.000363343
0.000474328
0.000440664
0.000454547
0.000326962
0.000283861
0.000292094
0.000253121
0.000283782
0.000124228
0.000447556
0.000437104
0.000269481
0.000673185
0.000993819
0.000426366
0.00052159
0.000497345
0.000395883
0.000569824
0.000684138
0.000607462
0.00049989
0.000426678
0.00100016
0.00105598
0.000905589
0.000497769
0.000623631
0.000500583
0.000411077
0.000512217
0.000442898
0.000520431
0.000544148
0.00104395
0.00045595
0.000612459
0.00131095
0.000570211
0.00163251
0.0006681
0.00106279
0.000976958
0.00069469
0.000344521
0.000763712
0.000402188
0.000598088
0.000479958
0.000512459
0.000484922
0.000687789
0.00107119
0.000736127
0.0014009
0.000657241
0.0015865
0.000948089
0.000816058
0.0007327
0.00116533
0.00143973
0.000809637
0.000917551
0.0013172
0.000492816
0.000695178
0.000462517
0.000685977
0.000496823
0.000877049
0.000786632
0.000612506
0.0010449
0.000460506
0.000531196
0.00190823
0.000389117
0.000850498
0.000833149
0.000933108
0.00192943
0.000628358
0.000744399
0.000992005
0.00137588
0.00149647
0.000922294
0.000576533
0.000783231
0.00161281
0.00136908
0.0012958
0.000975884
0.00117812
0.00118884
0.000802691
0.00150413
0.000728259
0.000757418
0.00184458
0.000764169
0.00101287
0.00083212
0.00197495
0.00101143
0.00136326
0.00168266
0.00139511
0.00146104
0.000715838
0.00107803
0.00107965
0.000527062
0.00182669
0.00109368
0.000844059
0.00137221
0.00217424
0.00209645
0.00144504
0.00181983
0.00311664
0.00177087
0.00133103
0.00236778
0.00145042
0.00184234
0.0015278
0.00233948
0.0019456
0.00131495
0.0018607
0.00058912
0.000591976
0.00110042
0.00175006
0.00122335
0.000593961
0.000961474
0.000487742
0.00171446
0.00253772
0.0014001
0.00164633
0.000752457
0.00137854
0.000616183
0.00177329
0.0028735
0.000848284
0.00304926
0.00221963
0.001672
0.00210148
0.00184112
0.000720715
0.00119017
0.000811247
0.000865875
0.00073033
0.000772198
0.000778411
0.000833423
0.000839966
0.000843724
0.00135236
0.000653769
0.000773046
0.000626346
0.000811602
0.00536151
0.00115991
0.010437
0.00923489
0.00545167
0.00102381
0.00346625
0.00130637
0.000235492
0.000660288
0.00150529
0.000544482
0.000637072
0.000313399
0.000533239
0.00031639
0.000347184
0.000324535
0.000255536
0.000590953
0.00030832
0.000390488
0.000230746
0.000513928
0.000722274
0.000608983
0.000745937
0.000569241
0.00105052
0.00150492
0.000794374
0.000531152
0.000591387
0.000583587
0.000486117
0.000602032
0.000285341
0.000582669
0.00083366
0.000238775
0.00128297
0.000832664
0.00105692
0.000452664
0.000585406
0.000614325
0.00028991
0.000576556
0.000597854
0.00016156
0.000860063
0.000614402
0.000542818
0.00081117
0.000835953
0.000532971
0.000508736
0.00069867
0.00171086
0.00075031
0.00087445
0.000232465
0.000351279
0.000726323
0.000188346
0.000522618
0.0008829
0.000959003
0.000683985
0.000521944
0.000965936
0.000347318
0.000608505
0.000651744
0.000583921
0.0023479
0.00145038
0.00161067
0.00164679
0.00187728
0.00142644
0.00167432
0.00139499
0.00143438
0.00159864
0.00160627
0.000972918
0.00163192
0.00164594
0.00222697
0.00248676
0.00238802
0.00212166
0.00188704
0.00298806
0.00180627
0.00177359
0.00232059
0.00218099
0.00177246
0.00170846
0.000607222
0.00100369
0.00135479
0.000699869
0.000493346
0.00104436
0.000885267
0.00108502
0.00113627
0.00116656
0.00183271
0.000957233
0.000757513
0.000613391
0.00108913
0.00109631
0.00292143
0.00170376
0.000980088
0.00089017
0.00563855
0.00115119
0.000866351
0.00105303
0.000929211
0.00096519
0.001858
0.00115967
0.00231741
0.00200801
0.00251181
0.00656177
0.00237042
0.00136885
0.000341261
0.0019034
0.0017188
0.00209192
0.0013995
0.000394839
0.000346703
0.000140886
0.00210688
0.00200825
0.00217232
0.000649659
0.000867578
0.00203348
0.00108733
0.00353476
0.00320417
0.0038529
0.00401985
0.00235067
0.00352553
0.00268729
0.00219665
0.000919514
0.00101248
0.00256798
0.000924152
0.000871904
0.000899874
0.000801325
0.000549732
0.000598743
0.000294998
0.000282608
0.000394464
0.000638508
0.000159746
0.000559748
0.000894807
0.000860361
0.000987864
0.000733144
0.00062336
0.000697111
0.000714638
0.000730947
0.000608693
0.000576676
0.000545354
0.0016512
0.000721379
0.00302824
0.000945723
0.000693598
0.000610932
0.000785888
0.000923161
0.000875221
0.000865884
0.000817234
0.000900882
0.000870613
0.000830816
0.000684344
0.000955544
0.000649386
0.00194004
0.000721216
0.000726027
0.000264569
0.000449337
0.000525684
0.000579989
0.000594191
0.000556651
0.000631214
0.000956033
0.000628657
0.000531583
0.000608446
0.000618482
0.000599089
0.000665658
0.00114646
0.000738691
0.000680703
0.000740819
0.00063973
0.000935156
0.000746784
0.000875705
0.000809005
0.000776644
0.000532107
0.000827897
0.000719851
0.00077434
0.0010407
0.000601117
0.000729917
0.000826166
0.000766697
0.000794885
0.000875036
0.000830206
0.000746966
0.000645429
0.00072457
0.000452012
0.000820418
0.0006552
0.000699398
0.000732468
0.0005738
0.000643478
0.00115431
0.000830745
0.000785458
0.000888248
0.00126993
0.000840316
0.000895444
0.000984409
0.000781833
0.000700573
0.0021981
0.00209935
0.00078346
0.00193765
0.00268239
0.00192017
0.0015357
0.00249083
0.00222167
0.00119434
0.00191469
0.00239724
0.00270669
0.00182832
0.00250704
0.00154844
0.000371093
0.000670562
0.000807037
0.000697008
0.00103153
0.000992568
0.0015063
0.000915349
0.000879691
0.00126777
0.00204014
0.00099154
0.00295913
0.000857092
0.000807657
0.000595033
0.000416149
0.00124628
0.0012229
0.00136644
0.00138292
0.00164648
0.00093155
0.000985637
0.00108869
0.00122381
0.00149208
0.00119755
0.000694848
0.000732377
0.000595723
0.000751692
0.000803671
0.000716704
0.000828763
0.000816786
0.00085287
0.000925076
0.000396462
0.000439621
0.00041219
0.000338569
0.00045178
0.000583974
0.00142263
0.000833745
0.00100196
0.000798072
0.003094
0.00293154
0.00183348
0.00153796
0.00169122
0.00541583
0.00372696
0.00071388
0.00768531
0.00675982
0.00740119
0.0023212
0.00119589
0.00219347
0.002093
0.00633041
0.000856659
0.000916815
0.00118842
0.000850227
0.00128777
0.00250479
0.00105922
0.00179804
0.00671952
0.00269812
0.00535969
0.0104888
0.0013568
0.00123624
0.00161769
0.0018902
0.00316269
0.00504922
0.00190558
0.00168671
0.00227266
0.00297145
0.0022862
0.0025049
0.00520084
0.00144765
0.00419242
0.00253341
0.00504325
0.00203768
0.00301512
0.00179826
0.00144961
0.00236135
0.00388528
0.00108999
0.00216336
0.0054061
0.00687101
0.00239886
0.00554271
0.00401203
0.00291681
0.00227005
0.0019919
0.0016184
0.00205068
0.0042497
0.00177852
0.00159507
0.00112114
0.00769397
0.00126871
0.00169118
0.000930388
0.0061073
0.00337702
0.00282832
0.00126942
0.0016555
0.00102861
0.00229513
0.00106931
0.00139583
0.0013374
0.00136681
0.00105604
0.00186218
0.00137456
0.00104772
0.00129048
0.0010111
0.000877924
0.000848448
0.00113934
0.000511487
0.00167185
0.00258954
0.00315197
0.00304374
0.00227108
0.00239348
0.0011865
0.000893841
0.0014559
0.0011708
0.00102738
0.00155877
0.00109344
0.00162687
0.00216643
0.00215392
0.00220814
0.0020384
0.00191573
0.00119027
0.00177667
0.00209248
0.00130062
0.00193626
0.00130813
0.00210035
0.00186671
0.00186354
0.00185414
0.00174072
0.00110503
0.00202141
0.00184714
0.00145734
0.002414
0.00169921
0.00230584
0.00294919
0.00247003
0.00256339
0.00240139
0.00104335
0.000460922
0.000431553
0.000704214
0.00133855
0.000826307
0.000694574
0.000656004
0.000761742
0.000563799
0.000746023
0.00120358
0.000811232
0.000642106
0.000708696
0.000602321
0.000777498
0.000859609
0.000841601
0.000741942
0.00075486
0.000404994
0.000795461
0.000729913
0.00068346
0.00144052
0.000911754
0.000585188
0.000758317
0.00120974
0.00133709
0.00175902
0.00122372
0.0021249
0.0020015
0.00109515
0.00149226
0.0010109
0.00121969
0.00178522
0.00192029
0.00101282
0.00100508
0.00123903
0.00155178
0.00180733
0.00112545
0.00190246
0.00214285
0.00154952
0.000972797
0.00150453
0.00165845
0.00165173
0.000815289
0.00173299
0.000923392
0.00194076
0.000820373
0.00148172
0.00107658
0.000859074
0.000916112
0.000928782
0.00150621
0.0021166
0.00108192
0.000850767
0.000892242
0.00106809
0.00106174
0.00106606
0.00103831
0.000861278
0.00108679
0.00188681
0.00258124
0.000907676
0.000881176
0.00216463
0.00149755
0.000771764
0.000922477
0.00219874
0.0044837
0.00175528
0.00251977
0.00397293
0.00534196
0.00341118
0.00214953
0.00142856
0.00118884
0.000345519
0.00118552
0.00106144
0.000802362
0.00111688
0.00111325
0.00211223
0.00227332
0.0020894
0.00228571
0.00296243
0.00356909
0.00274168
0.00171602
0.00344
0.000623925
0.000910084
0.000838812
0.00102757
0.00107543
0.00124305
0.00167056
0.00231293
0.00132767
0.0013135
0.00121519
0.00133958
0.0025917
0.00106719
0.00153402
0.00243461
0.00130476
0.00146643
0.00121203
0.0012586
0.0010247
0.00249284
0.00130757
0.000976033
0.00110381
0.0024886
0.00105833
0.00213361
0.00225393
0.00259403
0.001569
0.00134016
0.00131045
0.00105116
0.00197872
0.0023545
0.00130818
0.000997195
0.0011182
0.00146695
0.00132723
0.0014077
0.00114625
0.000583743
0.000683458
0.000718409
0.000935921
0.000488205
0.000388816
0.000678498
0.00139903
0.00112557
0.00172192
0.00156683
0.00310659
0.00132202
0.00295407
0.00182175
0.00150221
0.0015906
0.000811218
0.000694637
0.00122773
0.00667372
0.00573108
0.00752957
0.00153948
0.00429981
0.00140648
0.00167609
0.00143009
0.00941819
0.00166297
0.00172576
0.0011517
0.0010985
0.00126688
0.00131766
0.00123743
0.00459484
0.00160286
0.00193028
0.00151266
0.00185387
0.00248151
0.00134632
0.00563538
0.00261255
0.00191816
0.00560732
0.00116469
0.00123325
0.00113337
0.00134154
0.00544287
0.00307371
0.00250697
0.00567036
0.00146987
0.00153173
0.00234947
0.00281295
0.00160165
0.00150135
0.00107813
0.000312544
0.00225637
0.00138667
0.00189806
0.00186754
0.00179103
0.00155035
0.00145815
0.00480243
0.00218498
0.00202452
0.0017268
0.00122346
0.0013175
0.0011345
0.000876412
0.00120942
0.00397899
0.00135958
0.00100024
0.0013368
0.001414
0.00184413
0.0016817
0.00152358
0.00162805
0.00123977
0.00146676
0.00116727
0.0016775
0.00133756
0.000636138
0.000644473
0.000330508
0.000656031
0.00188018
0.00124941
0.000271042
0.00166546
0.0018278
0.00184878
0.00113154
0.00143808
0.00107612
0.00084663
0.000952139
0.000841274
0.000773681
0.0010173
0.00100018
0.00105597
0.00128373
0.00265935
0.00107197
0.00105597
0.001278
0.00162109
0.00232253
0.00329406
0.00286061
0.00314562
0.00232709
0.00208265
0.00113272
0.00173479
0.00363852
0.00164881
0.00175356
0.002418
0.00103149
0.00100102
0.000948116
0.000791238
0.00102917
0.0010833
0.00101845
0.0014598
0.00119498
0.000644968
0.000782264
0.000945822
0.000612818
0.00195019
0.00125382
0.00150425
0.00124811
0.00126497
0.00123979
0.00148283
0.0011668
0.00122302
0.00160821
0.000822319
0.00130209
0.00135397
0.00129471
0.00145959
0.000631899
0.00116412
0.000613296
0.000775084
0.000824161
0.000625867
0.000535424
0.000703287
0.000685237
0.00327877
0.000888475
0.000893382
0.000887971
0.000593834
0.000867941
0.000854972
0.00203997
0.000778058
0.000979223
0.000613848
0.000571782
0.000651086
0.000694372
0.000916368
0.000872671
0.0005769
0.000921647
0.000902494
0.000959015
0.00105007
0.00107459
0.00131516
0.00101794
0.000906738
0.00102977
0.00130994
0.00104184
0.00124223
0.000748685
0.00102612
0.000833288
0.000876574
0.000988996
0.00136096
0.000839798
0.000839668
0.000643312
0.000497747
0.00083379
0.000771562
0.000635728
0.000842887
0.000806133
0.00175467
0.000744705
0.00187587
0.000682626
0.00153854
0.00103586
0.00251435
0.000629352
0.00104326
0.000684176
0.00108815
0.000970018
0.000694641
0.00359282
0.00207596
0.000994468
0.000954354
0.000911076
0.00292632
0.00142191
0.00160122
0.00137061
0.00135264
0.00131606
0.00173374
0.00124721
0.00253743
0.00226722
0.00132577
0.0014572
0.00141472
0.00109738
0.00138288
0.00676671
0.00544496
0.00365733
0.00250387
0.0041255
0.00144176
0.00113156
0.00095462
0.00120259
0.00104446
0.00106906
0.00122743
0.0018104
0.0013975
0.00104545
0.00137062
0.00104356
0.00109924
0.00117011
0.00177716
0.00163185
0.00103927
0.00150913
0.0010337
0.00107499
0.00168126
0.0015287
0.000877989
0.00266754
0.00154074
0.00700477
0.0013119
0.00170228
0.00237501
0.00501783
0.00690269
0.00128025
0.00160727
0.00147618
0.00263934
0.00481068
0.00176692
0.00142938
0.00258958
0.00197643
0.00155277
0.00255685
0.00115409
0.00167253
0.00132981
0.00153677
0.00153627
0.0017798
0.00212782
0.00325667
0.00147432
0.00191662
0.00299236
0.00128659
0.00270917
0.00168294
0.00125977
0.00169355
0.0012555
0.00114024
0.00133097
0.00157956
0.00140897
0.00144643
0.0027186
0.00120954
0.0026758
0.00293697
0.00112056
0.00126744
0.00105563
0.00194285
0.00106669
0.00115563
0.00176219
0.00109136
0.00118848
0.00122168
0.00153026
0.00175123
0.00182194
0.001722
0.00133307
0.00144844
0.0013373
0.0011423
0.00138883
0.00107091
0.00100776
0.000993977
0.00114463
0.000780068
0.000608837
0.000692166
0.00145505
0.00188648
0.00064678
0.00119021
0.000674343
0.000742342
0.00062552
0.000981111
0.000694417
0.000744148
0.00230383
0.000609462
0.00104008
0.000903714
0.00133711
0.00100021
0.00094746
0.00111866
0.00154442
0.00198322
0.00106647
0.00122219
0.00108073
0.00110547
0.00152378
0.00134136
0.00112209
0.00101827
0.00102845
0.00103834
0.00127185
0.00137778
0.00163287
0.00115478
0.00158522
0.00191696
0.00154626
0.00114386
0.00107229
0.00185638
0.00182686
0.00175316
0.00145567
0.00174518
0.00114117
0.00124736
0.0012495
0.00122717
0.00111831
0.00106297
0.00114222
0.00106312
0.0017433
0.00096706
0.000920114
0.000805931
0.000704568
0.000634124
0.000547592
0.000757643
0.00152987
0.00132197
0.00118775
0.00121756
0.00177531
0.00147405
0.00167019
0.00118637
0.00133239
0.00136421
0.00132349
0.00130461
0.00187216
0.00148869
0.00179401
0.00203472
0.00184958
0.00146016
0.00114476
0.00160669
0.000992131
0.00105249
0.00102741
0.00134324
0.00102974
0.000917227
0.00086021
0.000666605
0.00100025
0.000847559
0.000966835
0.00176018
0.00099403
0.00137153
0.00254827
0.0014202
0.00134746
0.00280761
0.00284196
0.00278441
0.00201072
0.000423301
0.00189499
0.0021717
0.00919877
0.00390832
0.00560802
0.00559017
0.00242236
0.00353056
0.00326579
0.00262249
0.00496888
0.00289711
0.00195123
0.002536
0.00066709
0.00221431
0.00119426
0.00149857
0.00191732
0.00230076
0.00339514
0.00203252
0.00178343
0.00155329
0.00164893
0.0014762
0.0010366
0.00246896
0.000702469
0.000574579
0.000503998
0.00049783
0.000327639
0.000438353
0.000445314
0.000376443
0.000947024
0.000879844
0.000633476
0.000278789
0.000910219
0.000478814
0.000307598
0.000251629
0.000208169
0.000236129
0.000198052
0.000218242
0.000194187
0.000155907
0.000170578
0.000130958
0.000157387
0.000460927
0.000261979
0.000110612
0.000172178
0.000152404
0.00036994
0.000432857
0.000401054
0.000420522
0.000599833
0.000525576
0.000148909
0.000157502
0.000178442
0.000178589
0.000168051
0.0001371
0.000105898
7.29405e-05
0.000297519
0.000141778
0.000132798
0.00036841
7.83499e-05
0.00014133
0.000109011
8.66e-05
0.000166397
0.000180466
0.000110781
0.000106979
0.000116914
0.000960286
0.00122307
0.00162371
0.00149996
0.00059154
0.00153353
0.000172798
0.000234934
0.000236016
0.000212556
0.000341753
0.000119799
0.000202629
0.000222816
0.000411914
0.000423832
0.000366053
0.000118755
0.000109217
0.000175339
0.000230283
0.000169036
0.00011365
0.000120045
0.000533186
0.000381666
0.000536886
0.00084232
0.000587787
0.000512796
0.000114266
0.000154687
0.000136175
0.000192638
0.000317909
0.000153128
0.000189392
0.000150654
0.00032725
0.000333702
0.000224506
0.000173881
0.000199066
0.000193
0.000460402
0.00070522
0.000549569
0.000389831
0.000669088
0.000745917
0.000283991
0.000554118
0.000238331
0.000195402
0.000206278
0.000425502
0.00029636
7.92734e-05
0.00011443
0.000191311
0.000196379
0.000191845
9.15469e-05
8.69346e-05
0.000207557
0.000180723
8.02811e-05
7.1444e-05
8.71425e-05
7.05855e-05
0.000186697
0.000138753
0.00051196
8.68432e-05
7.12294e-05
0.000109661
0.000169812
8.83539e-05
9.68009e-05
0.000198109
0.000197238
6.2806e-05
8.73782e-05
0.000198151
9.52069e-05
8.25824e-05
9.64325e-05
0.000131238
0.000180151
8.87952e-05
7.01874e-05
9.26947e-05
0.000157721
0.000182451
0.00011005
9.16708e-05
0.000134808
0.000173175
0.000273576
0.000181439
0.000190419
2.46905e-05
5.71081e-05
8.06898e-05
0.000111174
7.14639e-05
0.000142892
0.000204796
0.000114858
8.96723e-05
9.50917e-05
3.99994e-05
6.08148e-05
6.50154e-05
4.8607e-05
0.000126843
4.83718e-05
0.000136106
0.00013125
0.000436655
0.000270283
0.000174002
0.000298948
0.000334154
0.00030886
0.000334288
0.000408213
0.000203274
0.000413798
0.000605678
0.000692202
0.000493606
0.000359046
0.000137377
6.25667e-05
0.000317215
7.12966e-05
0.000162939
0.000134304
8.36711e-05
7.19775e-05
0.000184588
5.25941e-05
0.000108978
6.73907e-05
0.000147248
0.000457389
0.00101552
0.000367342
0.000245657
0.000954643
0.000597631
0.000871051
0.000813847
0.0006529
0.000603299
0.000964269
0.000230291
0.000765046
0.00178565
0.000447084
0.000427418
0.00055773
0.000279112
0.000461684
0.000741582
0.000593881
0.000951602
0.00105535
0.00115696
7.39415e-05
7.14535e-05
7.73014e-05
0.000105928
5.90885e-05
5.15125e-05
0.000115379
8.39341e-05
0.000149701
0.00017654
8.62258e-05
0.000130143
9.26528e-05
7.27813e-05
0.00073884
0.000733961
0.000500872
0.000461698
0.000540003
0.000822692
5.49576e-05
5.19831e-05
7.97514e-05
7.64012e-05
9.73268e-05
0.000103307
0.000383833
0.000586994
0.000442551
0.000428654
0.000521649
0.000485155
0.000431176
0.000698347
0.000255538
0.000235721
0.000592276
0.000191041
0.000369614
0.000274278
0.000188102
9.40438e-05
0.000302387
0.000288417
0.000311035
0.000371656
0.0005223
0.000329692
0.000326708
0.000379739
0.000281227
0.000289286
0.000938918
0.00266648
0.00386621
0.00288495
0.0015256
0.00482077
0.00184603
0.00147656
0.00128215
0.00487965
0.0043191
0.00285242
0.00554004
0.00250926
0.0025943
0.00357431
0.00227615
0.00637717
0.00322455
0.00486182
0.000651325
0.00061468
0.00063178
0.000717971
0.000822499
0.000436593
0.000748974
0.00102737
0.000545333
0.000872152
0.00134577
0.00139582
0.0012174
0.00118885
0.00201804
0.000756633
0.000700472
0.000397718
0.000498581
0.000161134
0.000434275
0.000212135
0.000226472
0.000118338
0.000205905
0.000166674
0.000370701
8.65661e-05
0.000259385
0.000119539
0.000159794
0.000115647
0.000128054
0.000649954
0.00119277
0.000992263
0.00112011
0.000310599
0.000356982
0.000373495
0.000398297
0.000785979
0.000919136
0.000384244
0.00126723
0.00121866
0.00130005
0.00139028
0.00118852
0.000374486
0.000643212
0.000391388
0.000412814
0.000631769
0.000707873
0.000646996
0.000737861
0.000640752
0.00045905
0.000854878
0.000737968
0.000455298
0.000771126
0.000933157
0.000500194
0.000580789
0.000539197
0.000472467
0.000400017
0.000331916
0.000330672
5.29782e-05
9.43019e-05
5.21057e-05
7.31136e-05
0.000187233
6.29263e-05
7.09826e-05
0.000333697
0.000220946
0.000184241
0.000285302
0.000141916
0.000276113
0.00011688
7.20632e-05
5.05658e-05
7.26896e-05
5.46329e-05
5.57964e-05
8.30387e-05
0.00123426
0.000927134
0.00047802
0.000746036
0.000529514
0.000644204
0.000178321
0.00047966
0.000879467
0.000859352
0.000568273
0.00076213
0.00116534
0.000765879
0.000521334
0.000497956
0.000629397
0.00106596
0.000856012
0.00110243
0.00111979
0.0014645
0.000799072
0.000376626
0.000644781
0.00159261
0.00111623
0.00113229
0.00113601
0.000876396
0.00121519
0.000895857
0.0010625
0.00151393
0.00131897
0.000961138
0.000568868
0.000755519
0.000717431
0.000561022
0.00038596
0.000608409
0.000930705
0.000669755
0.000752887
0.000558042
0.000703799
0.00117098
0.000578193
0.000845647
0.000553428
0.000679477
0.000852667
0.000637089
0.000711868
0.000919519
0.000239522
0.00075754
0.00158422
0.0011327
0.00109983
0.000207017
0.000313609
0.000843064
0.000509061
0.00063907
0.000584234
0.000814187
0.000696343
0.000924356
0.000822209
0.00034095
0.000916685
0.00307458
0.000980705
0.00107961
0.0011196
0.000960713
0.00171192
0.00082327
0.00105411
0.000853501
0.00144474
0.00107641
0.000629246
0.000762898
0.000763534
0.00100207
0.000690895
0.00229974
0.00118577
0.00133503
0.000854191
0.0010297
0.00142673
0.000653488
0.00106168
0.00134704
0.00166856
0.00150992
0.000559153
0.000637228
0.000648215
0.000990318
0.00139179
0.00111668
0.000908553
0.000924651
0.000920864
0.000971411
0.00105305
0.00185326
0.00111029
0.000719129
0.00161728
0.00127656
0.000584144
0.000947607
0.000670408
0.00182973
0.00103218
0.000927404
0.00096308
0.000582248
0.000933429
0.000827911
0.00182194
0.000930529
0.000986331
0.00188082
0.000493978
0.000418113
0.000676839
0.000344351
0.000628538
0.000386875
0.00131189
0.000753906
0.000615181
0.00106209
0.000305211
0.000699317
0.00121501
0.000391446
0.000446508
0.000459149
0.000789447
0.000599117
0.000800404
0.000421952
0.00105239
0.000977573
0.000422001
0.000683319
0.000638382
0.000607822
0.000908486
0.00108958
0.000371808
0.000521511
0.000894522
0.000948353
0.000950217
0.00120417
0.000398845
0.000440079
0.00102434
0.000701427
0.000649809
0.000677431
0.000721803
0.00113166
0.000380474
0.00122888
0.000706281
0.000480074
0.00153009
0.000682769
0.00109727
0.000751
0.000618574
0.00101066
0.000592467
0.000595738
0.00076701
0.00114771
0.000535047
0.00103634
0.000668928
0.00109369
0.000671422
0.000670704
0.000679555
0.000734345
0.00075701
0.000708549
0.000940369
0.000639055
0.00045195
0.000684003
0.000706408
0.000811363
0.000388443
0.0004366
0.000374886
0.00108258
0.00132598
0.000424017
0.000473733
0.000330535
0.000644289
0.000996033
0.000358456
0.000460426
0.00064561
0.000555018
0.000293823
0.000412922
0.000687224
0.000568805
0.000576968
0.000570481
0.00145143
0.000654906
0.000714411
0.000354761
0.000364836
0.000595924
0.000546902
0.000292216
0.000347461
0.000326882
0.000491334
0.000681256
0.000622295
0.000782258
0.0010634
0.000827279
0.000829095
0.00133732
0.00106098
0.000973469
0.00199204
0.00417348
0.00255659
0.000944896
0.00226674
0.00121006
0.00441929
0.00319829
0.00247029
0.00128198
0.00221113
0.00143296
0.0013816
0.000750596
0.00110051
0.000711057
0.00129342
0.00118165
0.00217782
0.00116998
0.00244483
0.00165017
0.00300811
0.00425279
0.00744739
0.00366742
0.00288837
0.00449486
0.00559577
0.00777463
0.00156778
0.0026332
0.0052937
0.0012883
0.000723194
0.00173312
0.000802743
0.000608024
0.000824621
0.00202979
0.00170046
0.00478262
0.00142455
0.00377643
0.00387163
0.00332349
0.00167431
0.00211234
0.000985554
0.0010437
0.00098404
0.00231902
0.00319162
0.00237192
0.00128308
0.00163748
0.00124414
0.000862985
0.00107829
0.00424544
0.00160552
0.00140725
0.00197833
0.00120662
0.00153863
0.00361408
0.00166377
0.00143776
0.00159354
0.00135734
0.00137152
0.00139755
0.00171807
0.00192306
0.0023401
0.00208141
0.00195853
0.0011143
0.00140939
0.00367715
0.00106058
0.00197711
0.0011934
0.00335505
0.00230285
0.00287991
0.00191268
0.00303409
0.00190793
0.00315147
0.00304645
0.00330178
0.00114542
0.00167937
0.00111698
0.00129362
0.00307352
0.00249094
0.000941995
0.00256758
0.00213268
0.00144219
0.00303967
0.00213163
0.00287152
0.00132991
0.0012748
0.00118526
0.00279801
0.00229676
0.00183907
0.00116176
0.00191094
0.0011404
0.0013748
0.000746208
0.000413821
0.00095421
0.000337734
0.000553339
0.000795245
0.00161952
0.00116727
0.00201665
0.00113679
0.00079057
0.00041083
0.00031184
0.00114014
0.00123061
0.00107068
0.00200512
0.00139375
0.00124372
0.0011753
0.00103102
0.00163749
0.00163246
0.000737727
0.000925208
0.00188121
0.00120264
0.000961121
0.000555327
0.000764681
0.000756768
0.00106627
0.000931069
0.000940767
0.000799971
0.000873526
0.00202375
0.00102286
0.00233503
0.00160793
0.00209263
0.00147548
0.00191665
0.0016691
0.00104918
0.00124283
0.000865866
0.00271035
0.000759478
0.000581198
0.000617456
0.00214869
0.000803273
0.0011996
0.000937229
0.00110329
0.00110709
0.00135523
0.00142779
0.000986415
0.000783812
0.00178897
0.000696611
0.00125741
0.00060074
0.00073599
0.000418899
0.000832105
0.000671388
0.000747353
0.000949928
0.0010379
0.000994303
0.00143094
0.00109872
0.00157657
0.00108958
0.00107081
0.000966145
0.000946037
0.00125682
0.00137386
0.00124312
0.00192004
0.00145925
0.00135575
0.00112427
0.00147724
0.00129928
0.0012695
0.00157774
0.00244028
0.00121558
0.00123866
0.00128154
0.00157477
0.00113937
0.00181151
0.00137632
0.0010127
0.00117765
0.00109912
0.00120062
0.00114328
0.000878367
0.000964128
0.000859375
0.000583031
0.000500247
0.00473392
0.00203873
0.00127796
0.00175554
0.00202162
0.00200539
0.00121748
0.00241692
0.00302729
0.00186227
0.00169667
0.0018575
0.00180578
0.00111983
0.00342617
0.00205682
0.0017098
0.00184861
0.00195144
0.00189204
0.00119715
0.00277244
0.00105922
0.00185093
0.00238799
0.00287346
0.00184749
0.00222256
0.00106488
0.00266019
0.00132163
0.000776717
0.0011432
0.00187335
0.00202252
0.00389987
0.00384606
0.00191462
0.000943847
0.000725149
0.000636708
0.000552961
0.000361431
0.00128845
0.00353451
0.00168718
0.00216948
0.00469436
0.00231923
0.00325466
0.00262875
0.0026192
0.00169301
0.00249002
0.00180125
0.00277571
0.00172716
0.00453192
0.001949
0.00212375
0.00229744
0.00130311
0.00210661
0.00264046
0.0022197
0.0021843
0.00202
0.00195948
0.00156677
0.00445317
0.00397964
0.00150153
0.00238504
0.00235191
0.00504015
0.00254488
0.0021844
0.00114301
0.00273614
0.00278056
0.0016068
0.00232592
0.00233747
0.00210933
0.00161107
0.00514182
0.00283277
0.00238387
0.00519563
0.00411173
0.00196254
0.0039178
0.00245942
0.00318792
0.00283941
0.00292759
0.00324005
0.00224088
0.00113456
0.00463399
0.00141214
0.00289039
0.00312305
0.00510513
0.00250582
0.00212295
0.00209858
0.00343342
0.00235607
0.00184216
0.0035471
0.00348203
0.00293675
0.0034626
0.00389491
0.00351176
0.00291923
0.00242927
0.00203214
0.000803895
0.000826876
0.000589153
0.000326319
0.000699008
0.000569042
0.0016446
0.004714
0.00737443
0.00216294
0.00374874
0.00488375
0.00178295
0.00241394
0.00331905
0.00374785
0.00256933
0.000964685
0.00252231
0.00314085
0.00638993
0.00211179
0.00334542
0.00668467
0.00766914
0.00293591
0.00450705
0.00117868
0.000857737
0.000904522
0.000463411
0.000968286
0.00140634
0.000841579
0.00103308
0.00166293
0.00105207
0.00106242
0.00258234
0.00360413
0.00448578
0.00494627
0.00225256
0.00261208
0.00244136
0.00241839
0.00235004
0.00196883
0.00569025
0.00350241
0.00259703
0.00424117
0.00404097
0.00439165
0.00316328
0.0033404
0.00244998
0.00346542
0.00256631
0.00124323
0.00833851
0.00860138
0.00884966
0.00102489
0.00462892
0.00316914
0.00306213
0.00782824
0.00337582
0.0112088
0.00418169
0.00170454
0.000988254
0.00170111
0.000786734
0.000922113
0.00107375
0.00177275
0.00130361
0.00105391
0.000858479
0.00100954
0.00184268
0.000815169
0.00168035
0.00137047
0.000741386
0.00228387
0.00100277
0.00139625
0.00176433
0.00129232
0.000885467
0.000887564
0.000985352
0.00136824
0.00108498
0.000420159
0.000493558
0.00075762
0.000506247
0.00111172
0.00099006
0.00128219
0.000802823
0.00101493
0.00101298
0.000965618
0.00136642
0.0011837
0.00136861
0.000932011
0.00307218
0.00262135
0.00410197
0.00211449
0.00359927
0.00827832
0.00274197
0.00596806
0.00318196
0.00481701
0.00047281
0.00106283
0.000379264
0.00124383
0.00141715
0.00146971
0.00105447
0.000577024
0.00148488
0.00140244
0.00118052
0.00114559
0.0020378
0.00100236
0.00195042
0.00153233
0.00187982
0.00150379
0.000222606
0.00175141
0.00207387
0.00170778
0.00211734
0.0013035
0.00277861
0.00283343
0.0016255
0.00156344
0.00174433
0.00265622
0.00193131
0.00266419
0.00497032
0.00222886
0.00193625
0.00138801
0.00199315
0.000968594
0.00104195
0.000981446
0.000817266
0.00113938
0.000680179
0.00116391
0.000949765
0.00108144
0.00255644
0.00170569
0.00153568
0.00412725
0.00178578
0.00207135
0.000479143
0.000290106
0.00100955
0.00091017
0.000930763
0.00149971
0.00168817
0.00117201
0.00162025
0.00137254
0.00120681
0.00158234
0.0018459
0.00126779
0.0015231
0.00128493
0.00132821
0.00274274
0.00154416
0.00219183
0.000904248
0.000579351
0.0013909
0.00189428
0.00133236
0.00107373
0.00367741
0.000662138
0.000931293
0.00180554
0.00141274
0.00258056
0.00115174
0.0011362
0.000376894
0.000622351
0.000643137
0.00056944
0.000377788
0.000307577
0.000564447
0.00103282
0.00191674
0.000659536
0.000616444
0.000788734
0.00149349
0.000743922
0.00157467
0.000984443
0.000904286
0.00126354
0.000962775
0.0016784
0.000916596
0.00123445
0.00107411
0.00073862
0.00215663
0.00462226
0.00294734
0.00473508
0.00214971
0.0029056
0.00173403
0.00252652
0.000816904
0.000792687
0.000793465
0.00308079
0.000777016
0.000694905
0.000680524
0.000759751
0.00124156
0.00108258
0.00118519
0.00200099
0.00114961
0.00101119
0.00140327
0.00115167
0.000929908
0.00128535
0.00116241
0.000931044
0.00146665
0.0012763
0.000642828
0.000702583
0.00192633
0.00147234
0.00109738
0.00196105
0.000834393
0.00133137
8.79284e-05
0.000116033
7.94766e-05
4.31044e-05
0.000214312
0.000196014
8.67713e-05
7.74423e-05
0.00138989
0.000510492
0.00149577
0.00201568
0.00137591
0.000701653
0.00126873
0.00117265
0.000665407
0.00145082
0.000876073
0.000676853
0.00082159
0.000781295
0.00185137
0.000437559
0.00131324
0.000517107
0.00086758
0.00122496
0.000816114
0.000381817
0.000757979
0.00215125
0.00162162
0.0033441
0.00144203
0.00196758
0.00302961
0.00181116
0.00205576
0.00222591
0.00312908
0.00326218
0.00413729
0.00609186
0.00265922
0.00325386
0.00564253
0.00202319
0.00215355
0.00244354
0.00252094
0.00182425
0.00513502
0.00321242
0.0025282
0.00279649
0.00539034
0.00214819
0.00129492
0.00160234
0.00105156
0.000937068
0.000913155
0.00430945
0.000914905
0.000518271
0.00141
0.00225359
0.00244159
0.00218134
0.00211712
0.00275548
0.00300823
0.00196228
0.00410565
0.00268466
0.00551983
0.00254883
0.00225841
0.00582271
0.00212795
0.00155349
0.00120183
0.00254271
0.0025628
0.00151697
0.00150193
0.00167217
0.00158889
0.00203227
0.000904147
0.00177631
0.000875098
0.00166611
0.00342466
0.00163256
0.00179573
0.00146097
0.00594334
0.00243357
0.00129149
0.00342051
0.00290763
0.00326495
0.00268028
0.00567368
0.00279788
0.00126559
0.00297944
0.00127349
0.00284433
0.00261336
0.00444445
0.00555827
0.00662844
0.00129583
0.00136264
0.00145858
0.00160594
0.00238932
0.00156328
0.00279274
0.00700383
0.00161229
0.0010002
0.00157011
0.00114183
0.0020583
0.00105247
0.00169949
0.00158113
0.00294678
0.00381816
0.00340021
0.00092845
0.00215704
0.00147164
0.00147455
0.000988997
0.00157662
0.00166057
0.0023403
0.0027257
0.0016293
0.00145118
0.000975786
0.00403167
0.00237634
0.00187734
0.0046424
0.000857557
0.00351706
0.00190897
0.00628524
0.00645129
0.00340714
0.002605
0.00449425
0.00399612
0.00515369
0.00522461
0.00153277
0.00302637
0.00171967
0.00146697
0.00138172
0.00113407
0.00123348
0.00241279
0.00295629
0.0014484
0.00112326
0.00281969
0.00110226
0.00351278
0.00127364
0.00454212
0.00118593
0.0017413
0.00184246
0.00159612
0.00418176
0.00118711
0.00393898
0.00150842
0.00150635
0.0028473
0.00244134
0.00176483
0.00617621
0.00720579
0.00409989
0.00500444
0.00201371
0.0026006
0.00254235
0.00264904
0.00526052
0.00219385
0.00234215
0.00303221
0.00177127
0.00147623
0.00245389
0.00387128
0.00738115
0.0022593
0.00228752
0.00181942
0.00282471
0.00634826
0.00706554
0.00168021
0.00221838
0.00281548
0.00252747
0.0027264
0.00112961
0.00245201
0.00214126
0.00345056
0.00169762
0.00203234
0.00485642
0.00605527
0.00377519
0.0019617
0.00350787
0.00250441
0.00273956
0.00248465
0.00309769
0.00315855
0.00780277
0.00608297
0.00529329
0.00269741
0.0028656
0.00269284
0.00500389
0.00409975
0.00112949
0.00104097
0.00156501
0.00217761
0.00170401
0.000993326
0.00119008
0.000549226
0.000726289
0.000953976
0.000617449
0.000467066
0.00121718
0.00134925
0.00156466
0.00134623
0.00142399
0.00160435
0.00164738
0.00128892
0.000997774
0.00108565
0.000712391
0.0010885
0.00115302
0.00166534
0.00146447
0.000943429
0.00121414
0.00139818
0.00142591
0.00115644
0.000153417
0.000194098
0.000370375
0.000241917
0.000160471
8.6638e-05
8.1567e-05
0.00046716
0.000316402
0.000226006
0.000364783
0.000286016
0.000417104
0.000397659
0.000365939
0.00024725
0.000421859
0.000136998
7.73316e-05
0.000104149
0.000109088
0.000100468
0.000135518
8.40091e-05
5.55819e-05
0.000141057
0.000156772
0.000176365
0.000127307
7.46447e-05
9.3907e-05
5.59452e-05
0.000151877
7.11238e-05
8.61699e-05
0.000141656
0.000415728
0.00130675
0.000745342
0.00150501
0.00106505
0.000627884
0.000773423
0.000947417
0.0010022
0.00104399
0.00099662
0.00115453
0.00239503
0.00166428
0.00251023
0.00275206
0.00236973
0.00574918
0.00377783
0.00246442
0.0034008
0.00277991
0.00234198
0.00258143
0.000687709
0.00182692
0.000822158
0.000878139
0.000842474
0.000888575
0.000704722
0.000815747
0.00369682
0.00223872
0.00268659
0.00397223
0.00307131
0.00601473
0.00633969
0.00518629
0.00348266
0.00304977
0.00790484
0.00355452
0.00178517
0.000636808
0.0008733
0.00117008
0.00128573
0.00101436
0.00115352
0.00210587
0.00175534
0.00320525
0.00153034
0.00136128
0.00172211
0.00218889
0.000346833
0.00149008
0.00131466
0.00133376
0.00149151
0.00169156
0.00214391
0.00232751
0.00151609
0.00523148
0.00221002
0.00192433
0.00191489
0.001561
0.00188671
0.0016029
0.00187128
0.00308618
0.000996184
0.00149675
0.00129927
0.00446313
0.00204061
0.00229946
0.00255327
0.00305296
0.00566489
0.00563798
0.00271408
0.00222581
0.00184641
0.00458051
0.00245144
0.00332644
0.00373974
0.00492588
0.00257811
0.00270042
0.00263295
0.00232926
0.00350514
0.00668747
0.00423765
0.000330959
0.000650108
0.000571356
0.000755965
0.00327172
0.00574841
0.00200015
0.00204977
0.00777108
0.00221353
0.00384231
0.00333693
0.00948647
0.00212459
0.00181028
0.00206137
0.00178594
0.00142667
0.00291869
0.0083482
0.00402218
0.00309162
0.0020738
0.0023376
0.00226153
0.00331811
0.0031467
0.00485179
0.0043625
0.00274736
0.00223844
0.00427186
0.0042937
0.000918343
0.00151053
0.000979691
0.00221849
0.00164128
0.00370028
0.00297977
0.00331938
0.00170434
0.00241357
0.0056159
0.00161089
0.00522323
0.00385038
0.00871729
0.00452413
0.00208614
0.00361815
0.00268015
0.00806187
0.00232516
0.00275992
0.00132524
0.00171018
0.00200684
0.00192961
0.00177135
0.00279912
0.0027295
0.00282437
0.00366875
0.00823127
0.00187552
0.00179114
0.00173642
0.00105888
0.00161648
0.00263347
0.00284463
0.00167404
0.00172464
0.00247029
0.00151721
0.0013234
0.00105891
0.00256992
0.00164479
0.00294649
0.00444799
0.00220317
0.0019372
0.0014479
0.00154983
0.00353124
0.0026439
0.00217547
0.00137834
0.00197842
0.00515411
0.00153926
0.00161528
0.00208497
0.00152089
0.00152386
0.00281011
0.0015439
0.00395301
0.00153051
0.00390129
0.00450369
0.00196759
0.00304553
0.0019112
0.00398954
0.00245636
0.00224471
0.00332445
0.00225264
0.00280294
0.00232486
0.00304449
0.00256553
0.0028779
0.00243442
0.00273239
0.00411264
0.0048833
0.00352188
0.00496063
0.00911497
0.00177315
0.0046482
0.00268605
0.00334367
0.00286413
0.00319519
0.00545037
0.00280448
0.00178336
0.00216055
0.00246772
0.00128855
0.00337073
0.000321734
0.00145164
0.00232452
0.00145181
0.00154776
0.00138253
0.00145644
0.000410292
0.00165811
0.00152283
0.00348098
0.00079478
0.000490201
0.00112955
0.00149587
0.00122025
0.00268819
0.00113931
0.00102398
0.00201938
0.00313167
0.00235409
0.00196524
0.00089948
0.000688723
0.00152435
0.000618632
0.000335082
0.00183195
0.00150246
0.00155681
0.00214355
0.00166727
0.00303933
0.00522753
0.00210512
0.00204231
0.00541744
0.00142726
0.00118588
0.0014158
0.00112513
0.000758659
0.00120642
0.00161311
0.00123099
0.00139129
0.00213512
0.0010042
0.00144926
0.00364717
0.00095918
0.0007713
0.000689248
0.000744223
0.000195579
0.00196338
0.000755946
0.002631
0.0028122
0.00325062
0.00359708
0.000709258
0.000805274
0.00120859
0.000909165
0.000705256
0.000766057
0.000824639
0.00205774
0.00104708
0.000756067
0.000733667
0.000619177
0.000844809
0.000518417
0.00237791
0.00335651
0.00219583
0.00150348
0.0015366
0.00209505
0.00081729
0.000792517
0.00087243
0.0010778
0.00240097
0.00281427
0.00239131
0.00239249
0.00143255
0.00137409
0.00197967
0.000503451
0.00182479
0.00130124
0.00107855
0.00155371
0.000557262
0.00169664
0.00080149
0.000452878
0.000763394
0.000881278
0.000971127
0.00192179
0.00079552
0.00196608
0.000817984
0.000798184
0.00204568
0.000752784
0.000748057
0.000917355
0.000789399
0.000780001
0.000711052
0.00078371
0.000679272
0.000592334
0.000570268
0.000303553
0.00030721
0.00166218
0.00208048
0.0019018
0.00342422
0.00272506
0.000639296
0.000675863
0.000808222
0.000707495
0.000639583
0.00114874
0.00129298
0.00166186
0.00183312
0.00437791
0.00443575
0.00756164
0.00190458
0.0017378
0.00209926
0.0015861
0.00272952
0.00575332
0.00206932
0.00208544
0.00802424
0.00222065
0.00192771
0.00262581
0.00399138
0.00116949
0.00129273
0.00120153
0.00217588
0.00194445
0.00123717
0.00249176
0.00111508
0.00176057
0.00119296
0.00216398
0.00182117
0.00736615
0.00556535
0.00419175
0.00577425
0.0018519
0.00128168
0.00216921
0.00569302
0.00684431
0.00709877
0.00204937
0.00209377
0.0064553
0.00215348
0.00207288
0.00239496
0.00494419
0.00214607
0.0025959
0.00206194
0.00472994
0.00234461
0.00310864
0.00142987
0.00494382
0.0019059
0.00777139
0.00133531
0.00192431
0.00620468
0.00130772
0.00225898
0.00139245
0.00148827
0.00143325
0.00172088
0.00236432
0.00184312
0.00537055
0.00110137
0.00177864
0.0012564
0.00210751
0.00111966
0.00182917
0.00197134
0.0047602
0.00108785
0.0012105
0.00137875
0.00133473
0.00549297
0.00616135
0.00228049
0.00211383
0.00303738
0.00143597
0.00564039
0.00195746
0.00110429
0.0019058
0.00152965
0.00714229
0.00685986
0.00176333
0.00224624
0.00199275
0.00244094
0.00745441
0.00232688
0.00777503
0.00284095
0.00582515
0.00192174
0.00591167
0.00187553
0.00175383
0.00202224
0.00197951
0.00317108
0.00196326
0.0027079
0.00146212
0.00181968
0.00266158
0.00179746
0.00670582
0.00142744
0.00499186
0.00644245
0.00699193
0.00215537
0.00150724
0.0020763
0.00139376
0.00157407
0.00125469
0.00150238
0.00193558
0.00576043
0.00223532
0.00161424
0.00220415
0.00749725
0.00526301
0.00587917
0.00164501
0.00211001
0.00144715
0.00606992
0.00720698
0.002367
0.00260868
0.000503167
0.000410823
0.000966444
0.000382186
0.000395531
0.00175382
0.000716077
0.000717434
0.00065561
0.000684167
0.000705141
0.000722648
0.000716657
0.000976383
0.00177698
0.00181616
0.00216318
0.000667746
0.000573445
0.000666894
0.000650506
0.00051644
0.000993724
0.000667667
0.000678234
0.000662221
0.000637095
0.000622144
0.000883121
0.000658686
0.000721566
0.000637622
0.000691493
0.000588349
0.000555957
0.00159165
0.000717503
0.000619062
0.000472506
0.000875875
0.00153082
0.001226
0.000371701
0.00127977
0.00411476
0.00160082
0.001332
0.00173006
0.00171617
0.00173417
0.000607132
0.00174723
0.000574565
0.00123413
0.00113599
0.0010177
0.0036169
0.00176243
0.00193399
0.00148011
0.0032196
0.00148428
0.0043736
0.00182612
0.00203122
0.00491784
0.00165236
0.00198933
0.005484
0.00520159
0.00156634
0.00649994
0.00584367
0.00159434
0.00210002
0.00150912
0.00195865
0.00299002
0.00378577
0.00251236
0.0035239
0.00201346
0.00230024
0.00231224
0.00171429
0.00245528
0.0032816
0.00271458
0.00275372
0.00232043
0.00286668
0.00345137
0.00202525
0.0024009
0.00187303
0.00333967
0.00182732
0.00183506
0.00176229
0.00534218
0.00235311
0.00290575
0.00456439
0.00242871
0.00303925
0.00270573
0.00272421
0.00533555
0.00245353
0.00298684
0.00302939
0.00432569
0.00224178
0.00554335
0.00281131
0.00293025
0.00339522
0.00180306
0.0019221
0.00253154
0.00307691
0.0020753
0.00781323
0.00712367
0.00146029
0.00156819
0.00144093
0.00183814
0.00163073
0.000632823
0.000323633
0.000386503
0.000591252
0.000453531
0.000452695
0.000841283
0.000391108
0.00113065
0.000493492
0.000615342
0.000578731
0.000579015
0.00060188
0.00173664
0.00193512
0.00276846
0.00164217
0.00425937
0.00145856
0.00256139
0.00758496
0.00154046
0.00123787
0.00139899
0.00173148
0.00685056
0.00140501
0.00133095
0.00160854
0.00147313
0.00193558
0.00579083
0.00166667
0.00169845
0.00143745
0.00134063
0.00340916
0.00127175
0.00140637
0.00153509
0.00279391
0.00451265
0.00220376
0.00191594
0.00189104
0.00248097
0.00234033
0.00290332
0.00910219
0.00909676
0.00166328
0.00148112
0.0016433
0.00513347
0.00191563
0.00221018
0.00210879
0.00169126
0.00549924
0.00196678
0.00668949
0.00195205
0.00251545
0.00129249
0.00183257
0.00220823
0.00132941
0.00154568
0.001635
0.00229467
0.00162567
0.00181272
0.00159318
0.00170371
0.00204285
0.00203834
0.00668124
0.00177562
0.00177924
0.00375314
0.00259771
0.0024699
0.00185459
0.00168435
0.00226039
0.0043031
0.00606092
0.00239765
0.00276614
0.00250129
0.00256847
0.0031513
0.00354632
0.00176388
0.00449291
0.00199316
0.00213004
0.00214377
0.00173345
0.0018163
0.00225047
0.00148032
0.0037408
0.00517396
0.00229562
0.00172184
0.00183624
0.000582749
0.00156834
0.00190486
0.000620729
0.00144426
0.00164735
0.000753799
0.00136068
0.000640379
0.000589732
0.000756014
0.000608918
0.000798613
0.00145761
0.00149871
0.000650231
0.000619406
0.000588085
0.000643015
0.000398768
0.000529601
0.00103355
0.00322216
0.000691623
0.000728961
0.00062803
0.000739696
0.000612026
0.00154748
0.00130192
0.00473137
0.00150272
0.00599681
0.00156376
0.00505314
0.00570952
0.000628173
0.000614189
0.000698977
0.000636403
0.000598925
0.000660264
0.00073714
0.00168969
0.000640466
0.000643567
0.000652813
0.000685392
0.000632979
0.00107445
0.000376683
0.000751017
0.000441057
0.00466132
0.00200309
0.00156343
0.00175142
0.000357633
0.0014519
0.000970229
0.00159768
0.0019327
0.000461103
0.000921628
0.00204825
0.00175161
0.00187835
0.00132133
0.00138752
0.000925825
0.00191874
0.000656268
0.000757996
0.000983515
0.000698919
0.000959237
0.000680061
0.000906574
0.00137496
0.00158559
0.00163452
0.000610372
0.000615164
0.000667884
0.000654
0.000642762
0.00128234
0.000710964
0.000639254
0.00155356
0.000615263
0.0037159
0.00227682
0.00190838
0.00215453
0.00161999
0.00283669
0.00265911
0.000610443
0.000589716
0.000355253
0.000404592
0.000621747
0.000646304
0.00325394
0.00207506
0.00387748
0.00303222
0.0030981
0.00455406
0.00264804
0.00393718
0.00288768
0.0027138
0.00245887
0.00241915
0.00258161
0.00223477
0.00216363
0.00567273
0.00458167
0.00529045
0.00222351
0.00201206
0.00229093
0.00275103
0.00310957
0.00257617
0.00221715
0.00240054
0.00237039
0.00298257
0.00252051
0.00409743
0.0052226
0.00248147
0.00172993
0.00201266
0.00199344
0.00139449
0.00245299
0.00189852
0.00204608
0.00255381
0.00224567
0.00255217
0.00377732
0.00245874
0.00350463
0.00129887
0.00176142
0.00213646
0.00174403
0.000480925
0.000491552
0.000924794
0.00110106
0.000447492
0.00066107
0.000567937
0.000618711
0.000625816
0.000589993
0.000671358
0.000582226
0.000627969
0.00121413
0.000619046
0.00139202
0.000653643
0.000686634
0.000630203
0.000651296
0.00122357
0.00205893
0.00180406
0.00170051
0.00202218
0.00187048
0.00330724
0.000832024
0.00312061
0.000288821
0.00158443
0.0016976
0.00148508
0.000697679
0.000675597
0.000587916
0.000823027
0.00103738
0.00151397
0.00166561
0.00156771
0.00187651
0.0017497
0.0016508
0.00237588
0.00233942
0.00261213
0.00474961
0.00193793
0.00209546
0.00153771
0.00167622
0.00135824
0.00142726
0.00139845
0.00169623
0.00574642
0.00158149
0.00659017
0.00139866
0.00165405
0.00512181
0.00522119
0.00040796
0.000436842
0.000660871
0.00113733
0.000812272
0.00159738
0.001686
0.000605184
0.0022111
0.000423287
0.000466656
0.000399042
0.000548454
0.000624063
0.000817627
0.000934571
0.000746919
0.00065441
0.00077627
0.000758273
0.000572381
0.000651586
0.000554976
0.00115047
0.000509197
0.000791318
0.000562095
0.000640002
0.00061551
0.000437365
0.000626879
0.000471457
0.000857976
0.000527605
0.000475631
0.00145345
0.00173155
0.00165799
0.00182294
0.00217382
0.00734733
0.00135004
0.00160367
0.00176452
0.000431804
0.000335358
0.00113
0.00178597
0.00144103
0.0015706
0.00191096
0.00124298
0.00148443
0.000742197
0.000991167
0.000784759
0.000839772
0.000667031
0.00121562
0.00107047
0.000772877
0.000621779
0.0013458
0.00154299
0.000291734
0.00116608
0.00144162
0.000493788
0.000906222
0.000791628
0.000402307
0.00117309
0.000913502
0.0014388
0.0016611
0.00153016
0.00101082
0.00250346
0.0013151
0.00263065
0.00126897
0.00107647
0.00153671
0.00178571
0.000903777
0.00119791
0.000979091
0.00102943
0.000725838
0.00102942
0.00139693
0.00157518
0.00156898
0.00180731
0.00153282
0.00207633
0.00167151
0.00135095
0.00168324
0.000308176
0.000168679
0.00013339
0.000170416
0.000249686
0.00021719
0.000192637
0.000177982
0.000650638
0.000242476
0.000230781
0.000358002
0.000295381
0.000103462
0.000147521
0.000223757
0.000193236
0.000153782
0.000143782
0.000121916
0.000121262
0.000170684
0.000987468
0.0010991
0.00158972
0.000435137
0.00118303
0.00114013
0.0010805
0.00131952
0.000712618
0.000712
0.000548248
0.000286534
0.00102564
0.00085037
0.000748104
0.000394466
0.000628922
0.000495693
0.000557105
0.000439088
0.000328306
0.000876757
0.00153409
0.00104838
0.00131743
0.000376745
0.00123844
0.00129484
0.00114704
0.00157986
0.000742479
0.00143061
0.00137726
0.00193863
0.0013621
0.00118675
0.00276027
0.00173207
0.000245294
0.000149802
0.000101263
0.000111558
0.000135639
0.00018173
0.000201624
9.64354e-05
0.000411512
0.00110964
0.00102407
0.00113819
0.000990991
0.00159638
0.0020856
0.00128566
0.00130564
0.00108599
0.00138674
0.00134428
0.000948431
0.00118897
0.00106889
0.00105465
0.00116184
0.00114415
0.00107849
0.00125565
0.000192368
0.000269256
0.000262753
0.000240906
0.000286587
0.000173055
0.000173646
0.000149661
0.000320028
0.000254288
0.00026812
0.000229237
8.03756e-05
0.000290972
0.000101035
0.000333356
0.000103044
0.000256456
8.97221e-05
7.01445e-05
0.00185669
0.000604642
0.000975304
0.000463786
0.000159911
9.13376e-05
0.000226397
0.00028454
0.0002181
0.00028691
0.000274797
0.000184366
0.000178694
0.000253309
0.000254496
0.00027985
9.74118e-05
0.00100751
0.000540232
0.000881832
0.000655943
0.000516608
0.000507372
0.000477588
0.00019395
0.000276084
0.000142408
0.000251021
0.000223661
0.000121115
0.00011698
0.000367789
0.000153346
0.000213579
0.000131136
0.000180203
0.000126169
5.76836e-05
0.000198846
0.000244215
0.0001932
0.000103943
7.96372e-05
5.63842e-05
6.19473e-05
9.97503e-05
7.78502e-05
0.000176238
0.00010692
0.000115638
0.000223152
7.96869e-05
0.000110004
0.000101923
0.000335576
0.000275345
0.000152909
0.000169153
0.000167689
0.000100744
0.000545688
0.000895008
0.00024703
0.000644386
0.000454139
0.000296475
0.000539462
0.00111664
0.000927962
0.00139241
0.00121457
0.00207613
0.00143573
0.0010633
0.00138405
0.001837
0.000907339
0.00137103
0.00103485
0.00083308
0.000644232
0.000921981
0.00174366
0.000989943
0.000950461
0.00106351
0.00128783
0.00119918
0.00174338
0.00113707
0.000646938
0.000610542
0.00203279
0.000399874
0.000523378
0.000650612
0.00035404
0.00175686
0.00104182
0.00154497
0.000749367
0.00109836
0.000954345
0.000795813
0.00072193
0.000920495
0.000722772
0.00128902
0.000462465
0.000545645
0.000372944
0.0010094
0.00102887
0.000790025
0.00104508
0.000431792
0.000697471
0.000556477
0.000112446
0.000118543
0.000123381
9.85597e-05
8.93333e-05
0.000139468
8.69903e-05
0.00159965
0.00156513
0.00149107
0.00156281
0.00119688
0.00155123
0.00131086
0.00120972
0.000520095
0.00143714
0.00170066
0.00158241
0.0011556
0.00144847
0.000515013
0.000153488
0.000491267
0.000317444
0.000564998
0.000961548
0.000463586
0.000643769
0.000571036
0.000411885
0.000603432
0.000745793
0.00103036
0.000920163
0.000717209
0.0007273
0.000351611
0.00152413
0.00119283
0.00112164
0.00133579
0.00107585
0.00155353
0.00134402
0.00190188
0.00143736
0.00141989
0.00140953
0.00140011
0.000885539
0.000750345
0.00136718
0.00159169
0.000550917
0.0014666
0.000576882
0.00172403
0.000412498
0.000760415
0.000619175
0.00125737
0.000481022
0.000828608
0.000570461
0.00167265
0.00115685
0.000226769
0.000373272
0.00129447
0.00219917
0.00127641
0.000331616
0.00113169
0.00122895
0.000512244
0.00180885
0.00102089
0.000414051
0.00210299
0.000776008
0.000233155
0.000838575
0.000808282
0.000715644
0.00094807
0.000820464
0.000638915
0.000725558
0.000319304
0.000793323
0.000499464
0.000469689
0.000525389
0.000464542
0.000589157
0.00076739
0.000767002
0.000787162
0.000779086
0.000938421
0.000527378
0.000776698
0.00113841
0.00113403
0.00116536
0.000571224
0.000429131
0.000681343
0.000738005
0.000586818
0.000681488
0.000996183
0.00111315
0.000811837
0.000909602
0.00101166
0.00107146
0.000665453
0.000335792
0.00100287
0.000694843
0.000412148
0.000631547
0.000666105
0.00047559
0.000513839
0.000729674
0.000709854
0.000828555
0.00087347
0.0010592
0.00129603
0.000732603
0.000827208
0.000682518
0.00076938
0.000769589
0.000967055
0.000818693
0.00109054
0.000788494
0.000772341
0.000906571
0.00108387
0.00117628
0.000864901
0.00082783
0.000786664
0.00149414
0.0012326
0.00100544
0.000943062
0.000902922
0.00161282
0.000916237
0.00139703
0.000550748
0.000653723
0.000672187
0.000644727
0.000721933
0.00114154
0.0010594
0.000725671
0.000707221
0.000803529
0.000752603
0.000756913
0.000669286
0.000879672
0.00193305
0.00132126
0.00153974
0.000816028
0.00124417
0.00076624
0.000834598
0.00153626
0.000806282
0.00107946
0.000980691
0.00130103
0.000857682
0.000489164
0.000787945
0.000487233
0.000695756
0.000601347
0.0010852
0.000726771
0.000654302
0.000730662
0.000708588
0.000656943
0.000348633
0.000496376
0.000815079
0.000691413
0.000837333
0.000549168
0.000673705
0.00057044
0.00081741
0.000719385
0.000962777
0.000650171
0.000709894
0.000801015
0.000947151
0.000853764
0.000827406
0.000834419
0.000648637
0.000757819
0.00124094
0.000849174
0.00129287
0.00136096
0.00239027
0.00271612
0.00146619
0.00147775
0.000189675
0.000653263
0.000586807
0.000832739
0.000679242
0.00052585
0.00207021
0.000918098
0.000793386
0.000690075
0.000796422
0.00087011
0.000598285
0.000575994
0.000821951
0.000704061
0.000945168
0.000838753
0.000782861
0.000773978
0.00132181
0.000780004
0.000868539
0.000926412
0.00102642
0.00106249
0.000750404
0.00111847
0.00128457
0.00108206
0.00110302
0.00118406
0.00230015
0.00223547
0.000951546
0.000770964
0.000725433
0.000712881
0.00069545
0.000772735
0.000668009
0.00201299
0.00111926
0.00165143
0.00119603
0.00215351
0.00186855
0.000877949
0.00120712
0.00166365
0.0012815
0.00136866
0.0012676
0.00121193
0.00126392
0.000948703
0.00244837
0.00176783
0.000431254
0.000950369
0.00123382
0.00140315
0.00130973
0.0011372
0.00118023
0.000651182
0.0012442
0.00119295
0.00135786
0.00122888
0.00111405
0.00109127
0.00124798
0.00217001
0.00141939
0.00118309
0.00153251
0.00117251
0.00136099
0.00144532
0.00236966
0.00101341
0.00119873
0.00136481
0.00124186
0.0012064
0.00142378
0.00127885
0.00117396
0.00150665
0.00147074
0.000862326
0.00127386
0.00148537
0.00115317
0.000835778
0.0020362
0.00157235
0.000807271
0.000623029
0.000604472
0.0003768
0.000944345
0.000532519
0.000261255
0.000254574
0.000629182
0.000680163
0.000364045
0.000656699
0.00158689
0.00106682
0.000674145
0.000887719
0.000820484
0.000640369
0.000795882
0.00110017
0.000590345
0.00118899
0.00100873
0.00133213
0.000636776
0.00111876
0.00123615
0.00051364
0.000451401
0.000714819
0.000801463
0.000648192
0.000801398
0.000766816
0.000756497
0.000896436
0.000963611
0.000620182
0.000743712
0.000810316
0.000970692
0.000634555
0.000944234
0.000785241
0.00265834
0.00075821
0.000681528
0.0016589
0.00116063
0.00117158
0.00103536
0.00137793
0.000655876
0.00110233
0.00111724
0.000820168
0.000650367
0.00132398
0.00126446
0.0012061
0.00090611
0.00105257
0.00117592
0.0012417
0.00113885
0.000777622
0.000911168
0.0010276
0.000902185
0.000817439
0.000783165
0.000764519
0.000723386
0.00224114
0.00182572
0.00203006
0.00230041
0.00235644
0.00192889
0.00211267
0.00368358
0.0021146
0.00165835
0.00211081
0.00120993
0.00152645
0.00123157
0.00148557
0.00128908
0.00145263
0.0014006
0.00114592
0.00121056
0.00136994
0.000473261
0.00123386
0.00127027
0.00117543
0.00153666
0.00135329
0.00138444
0.000767753
0.00145328
0.00130427
0.0013275
0.00140584
0.00140704
0.000956397
0.00107175
0.00093008
0.00100579
0.00117655
0.00133946
0.00153246
0.00124025
0.0013757
0.00105355
0.000905132
0.00094295
0.0020844
0.000990844
0.00129462
0.00109089
0.00135635
0.00122532
0.00101511
0.00170614
0.0011913
0.000845608
0.00179343
0.000536334
0.000377531
0.000459273
0.000257199
0.00128061
0.000348177
0.0011423
0.00088952
0.000696373
0.000821224
0.00120213
0.000649109
0.000966084
0.00188005
0.00215531
0.000695428
0.0010416
0.00332547
0.000776686
0.000743979
0.00126602
0.000760681
0.000791476
0.00106221
0.00116994
0.000763071
0.000731489
0.000720591
0.00102045
0.00134355
0.00120085
0.000710172
0.000807482
0.00117885
0.0011708
0.000781804
0.000783732
0.000898507
0.00123235
0.00110393
0.000957431
0.00111882
0.00111889
0.000839497
0.00112876
0.00119454
0.0013438
0.00193395
0.00133
0.00225287
0.00145551
0.00136137
0.00179191
0.00280255
0.00177348
0.00167984
0.000672912
0.00065571
0.00103332
0.000975743
0.000701972
0.0006415
0.00314242
0.00124282
0.00202349
0.000835488
0.000972446
0.000968443
0.00105908
0.000965597
0.00084484
0.0012533
0.00107112
0.000611425
0.00106557
0.000630766
0.000685679
0.000922988
0.000411169
0.000420612
0.00142797
0.00244061
0.00127573
0.00183702
0.00351688
0.000904771
0.00283322
0.00131545
0.00245708
0.000989888
0.00149606
0.00141251
0.00125563
0.00228298
0.0011582
0.00119035
0.00155572
0.00159384
0.00154548
0.00105067
0.00133144
0.000745184
0.000847546
0.000801666
0.000828896
0.000849972
0.000692587
0.00106464
0.00101891
0.00146696
0.000633319
0.00125999
0.000681386
0.000691977
0.000609971
0.000819542
0.000728914
0.000583195
0.000637506
0.00085819
0.0010422
0.000759542
0.000768476
0.000983163
0.000759013
0.00098702
0.00148376
0.00152221
0.00106635
0.00113537
0.00210201
0.00114798
0.00203149
0.00231425
0.00233988
0.00158719
0.00121423
0.00146588
0.00140604
0.00117229
0.00105947
0.00111928
0.00144005
0.000747542
0.000937272
0.000971604
0.00128512
0.00109469
0.00132079
0.000697069
0.00132817
0.00166813
0.00116894
0.0010054
0.00102784
0.00108626
0.000832401
0.000810624
0.000967364
0.000756395
0.000915843
0.00149587
0.00134707
0.000684487
0.000815343
0.000788656
0.000867964
0.00167374
0.00191433
0.00123008
0.00101033
0.00158157
0.000312055
0.00027871
0.000311472
0.000416541
0.000399668
0.000270975
0.000546744
0.000460765
0.00073908
0.000809744
0.000774852
0.0036357
0.0008109
0.000516147
0.00106107
0.00216841
0.00134715
0.00244402
0.00149276
0.00119835
0.000338228
0.00144022
0.00291161
0.00219129
0.00215758
0.00268961
0.00177703
0.00316783
0.00347239
0.0044095
0.00329031
0.00238647
0.00117958
0.00142428
0.00171161
0.00125353
0.00118867
0.00116797
0.000418304
0.00253656
0.00141827
0.00181701
0.00187459
0.00261237
0.000440264
0.000681149
0.000734767
0.000352079
0.000359007
0.000519727
0.00241974
0.00125997
0.00163231
0.0010405
0.00102315
0.00162432
0.00248801
0.00152186
0.00130816
0.000724844
0.00123319
0.00133704
0.000950827
0.00344415
0.00112297
0.000987734
0.0020782
0.00115309
0.000925673
0.00126955
0.00117209
0.00117048
0.00141509
0.00126904
0.00152464
0.00110218
0.00145524
0.00119639
0.00138325
0.00139481
0.00130853
0.00133662
0.0019003
0.0012019
0.00128258
0.00194794
0.00080158
0.000851099
0.000980394
0.000766823
0.000978478
0.00146409
0.00113733
0.00159222
0.00111012
0.00117682
0.00153546
0.00236198
0.000420594
0.00144225
0.000892154
0.000383616
0.00105309
0.00132621
0.00163901
0.00118497
0.00185372
0.0013771
0.00221292
0.00170637
0.00154379
0.000633386
0.00176734
0.00175669
0.00122674
0.00141528
0.000965019
0.00143332
0.00135189
0.001164
0.000915084
0.00128009
0.00175539
0.00184549
0.00128459
0.000950187
0.00144457
0.00135403
0.000969748
0.00142817
0.00137389
0.00140209
0.00137584
0.00149573
0.00171422
0.00100525
0.000960675
0.00120669
0.00123634
0.000970196
0.00225342
0.00124244
0.00165497
0.000791738
0.000877729
0.000225393
0.000840263
0.000782672
0.00163839
0.000768623
0.000754377
0.000718678
0.000736705
0.000969116
0.000844182
0.00121966
0.00110588
0.000867633
0.0010139
0.00106315
0.00175096
0.00126005
0.00117461
0.00161027
0.00144007
0.00168225
0.00135825
0.00127811
0.00117744
0.000793113
0.000673398
0.000880205
0.000760891
0.00139845
0.0016504
0.00202391
0.00211376
0.00304472
0.00122186
0.00116965
0.0015321
0.00145442
0.00172356
0.000976864
0.00132159
0.00120337
0.00076448
0.000711153
0.000953869
0.000942552
0.000843671
0.000969343
0.000773276
0.000978453
0.0015389
0.00155929
0.00153619
0.00131412
0.000987232
0.000824707
0.000899128
0.000731008
0.000812163
0.00169163
0.00244504
0.00113631
0.00156896
0.00112282
0.00110126
0.00114606
0.00123072
0.00119241
0.00135335
0.00169851
0.00123533
0.00135871
0.00189793
0.00145866
0.00088461
0.00112627
0.000917124
0.00138575
0.00120191
0.00112681
0.00204706
0.00203262
0.00111068
0.00160322
0.0020492
0.000861552
0.00112653
0.00106292
0.00229903
0.00125998
0.00128595
0.00318694
0.0012135
0.00156635
0.00194737
0.00136522
0.00177983
0.00130704
0.00152747
0.00195303
0.00160552
0.00196952
0.00215047
0.00172325
0.00197148
0.00146837
0.00117635
0.00139121
0.00152252
0.00187922
0.00164703
0.00111801
0.00132192
0.00108978
0.00169646
0.00169394
0.00187376
0.00130656
0.00203038
0.00176216
0.00135648
0.00154313
0.00161439
0.00193145
0.00144242
0.00245494
0.00153944
0.00299982
0.00128034
0.00188016
0.00103072
0.00382463
0.00179505
0.00391684
0.00326046
0.00293098
0.00353841
0.00302763
0.00250945
0.00229305
0.00135779
0.00125821
0.0028052
0.00163646
0.00321337
0.00119766
0.00115656
0.00124579
0.000722663
0.000716393
0.00158504
0.00312563
0.000700215
0.000706606
0.000733666
0.00131515
0.00074343
0.000593998
0.000465684
0.000779528
0.00036794
0.000622305
0.000482795
0.000680173
0.000727571
0.000654723
0.000581958
0.000633338
0.00107985
0.000989995
0.00138484
0.00133268
0.00124427
0.0016162
0.00067956
0.000836864
0.00157088
0.00154745
0.00131806
0.00139092
0.00175852
0.00092981
0.00109504
0.000837288
0.00109412
0.0011346
0.00135218
0.00179464
0.00177972
0.00166332
0.00127825
0.00137832
0.00120319
0.0016065
0.00143275
0.00182088
0.00122299
0.00189203
0.00125265
0.00184937
0.00339753
0.00419467
0.000771608
0.00223058
0.000895296
0.00147039
0.0020099
0.00133538
0.00329594
0.00165492
0.000738934
0.000694229
0.00174004
0.000675149
0.000647857
0.000669332
0.00068315
0.000683017
0.000585134
0.0006278
0.00160572
0.000672347
0.00100057
0.00186475
0.00237741
0.00136142
0.00154104
0.00163643
0.00119547
0.00178836
0.000723917
0.00132734
0.00186859
0.00139702
0.00117824
0.00144628
0.00100557
0.00101443
0.000503923
0.00171126
0.00176689
0.00125575
0.00165042
0.00172647
0.00158608
0.0014016
0.001282
0.00117856
0.00195222
0.00119078
0.00114585
0.00280227
0.00332205
0.00137514
0.00195792
0.000691527
0.00129823
0.000708661
0.00207486
0.00109519
0.00150528
0.00168641
0.00285197
0.00158761
0.00281804
0.00164351
0.00103803
0.000950434
0.00104328
0.000740261
0.000680117
0.00274311
0.000832035
0.000776242
0.000836137
0.000689031
0.00176054
0.0017234
0.00183794
0.0015998
0.00146317
0.00138002
0.00133879
0.0012889
0.00115478
0.0016075
0.00141525
0.00150635
0.0015156
0.00148544
0.00103111
0.00180976
0.00161008
0.00185097
0.00136548
0.00122686
0.00132462
0.00303752
0.0017838
0.00189022
0.00151584
0.00237857
0.0021403
0.00188574
0.00151812
0.00170051
0.00153512
0.00130695
0.00141895
0.00126288
0.00196649
0.0010777
0.00155129
0.00137342
0.00153251
0.00199898
0.00239946
0.00177726
0.0012657
0.00138514
0.00149084
0.00124045
0.000822852
0.000784148
0.000818243
0.00205105
0.00132143
0.00119916
0.000781465
0.00189623
0.00194639
0.00202819
0.00103777
0.000853308
0.00234178
0.000811832
0.00259068
0.0041895
0.000741105
0.000777654
0.000829796
0.000768883
0.000760698
0.000832729
0.000844087
0.000819321
0.000808297
0.000786381
0.00128105
0.00144857
0.00262511
0.00344531
0.00155948
0.00225529
0.0016524
0.00136167
0.00388991
0.00186474
0.00369195
0.00103447
0.00411937
0.00328081
0.000944542
0.000991144
0.000937196
0.00138222
0.00207158
0.00218333
0.00205972
0.00150189
0.00141795
0.00169981
0.00148501
0.00171066
0.00143322
0.00192942
0.00124273
0.0016694
0.00174576
0.00179734
0.00198568
0.000650085
0.00154012
0.00192084
0.00150899
0.0013199
0.00116203
0.00128608
0.00196454
0.00204732
0.00191093
0.00147197
0.00134248
0.00178229
5.40581e-05
5.74973e-05
7.56756e-05
9.21355e-05
7.57409e-05
0.000110403
0.000140563
7.29519e-05
5.42574e-05
0.000133408
8.11319e-05
6.77273e-05
8.87855e-05
8.26919e-05
0.00130455
0.00138092
0.000905835
0.00202823
0.00299593
0.00264707
0.00213444
0.0024842
0.00131408
0.00241549
0.00120765
0.00188393
0.00158667
0.00299961
0.000927165
0.00235358
0.00102581
0.0030243
0.000853525
0.000830354
0.000857537
0.00116094
0.0016522
0.00124147
0.00144563
0.000975882
0.00176913
0.00106209
0.0012685
0.00180799
0.00159052
0.0014088
0.00217765
0.00107286
0.000844715
0.000837369
0.000805182
0.000980437
0.000828627
0.000824769
0.000872772
0.000823424
0.000831676
0.000892248
0.000901646
0.00078871
0.000865805
0.000948789
0.000967739
0.000643012
0.00127448
0.000554545
0.000645581
0.000583818
0.00118183
0.000678209
0.0027711
0.00165718
0.00165134
0.00130232
0.000604974
0.00106807
0.00146428
0.00168601
0.00151492
0.00166994
0.00150878
0.00131283
0.00192099
0.000916203
0.0016936
0.00102811
0.000952311
0.00100415
0.000844849
0.00203489
0.0014818
0.000993946
0.000864108
0.001079
0.000936259
0.000896366
0.000892704
0.000902054
0.00118589
0.00113963
0.000950233
0.00197629
0.00150654
0.00111094
0.00101331
0.00105467
0.00304096
0.00159096
0.00314543
0.00191868
0.00137162
0.00135716
0.00129356
0.00124603
0.00235834
0.00135268
0.00136401
0.00123485
0.000971271
0.000938391
0.00112566
0.00175815
0.00103142
0.000926488
0.00123084
0.000786058
0.00132947
0.00230232
0.00196092
0.0025323
0.00139606
0.00112041
0.00117674
0.00105483
0.00101682
0.000809408
0.000891237
0.00086864
0.00202125
0.0008316
0.00163507
0.0012633
0.0014136
0.0018479
0.00164654
0.00147836
0.00165046
0.0011433
0.00104978
0.000931324
0.00191082
0.0021383
0.00122415
0.00143102
0.00164384
0.00158357
0.00204463
0.00154015
0.000750381
0.00066053
0.00067887
0.0014109
0.000616246
0.00206775
0.00202996
0.00125282
0.00169632
0.00250703
0.00169863
0.00171286
0.0017816
0.0021432
0.00123099
0.00221362
0.00142888
0.00148533
0.000847354
0.0010214
0.0010332
0.00191049
0.000968004
0.000925439
0.00104674
0.00114002
0.0010591
0.00124907
0.00235683
0.0011062
0.00123057
0.00120101
0.00177686
0.00197162
0.0025138
0.00099236
0.000993204
0.00100506
0.00104616
0.00174494
0.00172616
0.0017004
0.00194003
0.00126178
0.00152555
0.0019618
0.00156757
0.00280139
0.00177105
0.0037075
0.00247311
0.00100375
0.0020945
0.00158439
0.00129923
0.00095146
0.00122275
0.0028205
0.00181836
0.002531
0.00175996
0.0016192
0.00194086
0.00118757
0.0013233
0.00141036
0.00312579
0.00187738
0.00224912
0.00120778
0.00172936
0.00223359
0.00253956
0.00116974
0.00104153
0.00199459
0.00204732
0.00128866
0.00469923
0.00243022
0.00143175
0.00225451
0.00179639
0.00158986
0.00183466
0.00176753
0.0026901
0.002836
0.00138584
0.0010826
0.00159863
0.00264856
0.00136177
0.00149215
0.00142611
0.00241289
0.00103893
0.000988925
0.000977201
0.00116926
0.00138539
0.00224471
0.00257497
0.00143681
0.00139912
0.0011162
0.000914928
0.0011474
0.000956552
0.000900995
0.000937148
0.00276054
0.00103722
0.00292745
0.00209591
0.00211914
0.00221784
0.00192365
0.00258014
0.00300833
0.00236653
0.000979372
0.00287175
0.00102409
0.00142948
0.00190423
0.00216333
0.00130091
0.00105384
0.00142428
0.00106029
0.00132762
0.00121692
0.0011383
0.000943196
0.00116441
0.00114672
0.00138301
0.0026367
0.00135722
0.00243501
0.00201361
0.0013156
0.00242462
0.00182178
0.0021264
0.00167951
0.00170634
0.00424939
0.00119578
0.00165941
0.00205587
0.00107811
0.00117967
0.00242541
0.00243377
0.00220325
0.00263456
0.00190725
0.00163691
0.00118688
0.00100527
0.00151933
0.00151373
0.00141717
0.00112954
0.00128522
0.00123311
0.00114872
0.00110353
0.00190853
0.00193492
0.00146998
0.00132436
0.00247634
0.00208798
0.00105964
0.00154661
0.0021763
0.00166939
0.00101978
0.00154879
0.00247702
0.00141365
0.00118269
0.0010148
0.00117191
0.000831832
0.00147211
0.00137597
0.00131909
0.00122825
0.00235695
0.00162017
0.00270024
0.00153612
0.0023819
0.00184453
0.00142917
0.00178798
0.00205214
0.00250468
0.00215187
0.0014068
0.00141025
0.00162447
0.00207769
0.0012369
0.00144628
0.00192236
0.00291096
0.00275301
0.000978754
0.00107886
0.00160027
0.00116554
0.000965538
0.00170159
0.000991577
0.00259045
0.00160219
0.00168851
0.000972829
0.00212292
0.00240661
0.00139613
0.00150037
0.00165373
0.000957511
0.00132869
0.00120197
0.00179733
0.00172338
0.00190413
0.00243517
0.00103859
0.00104774
0.00164045
0.00165592
0.000746925
0.000778681
0.000497646
0.00097497
0.00160097
0.00171832
0.000876848
0.000904908
0.000987703
0.00114495
0.000657481
0.00107448
0.00136799
0.000518281
0.000816905
0.000862991
0.000936408
0.000651945
0.000804177
0.000632639
0.000365517
0.00137475
0.00100585
0.000621324
0.00029144
0.000730204
0.000571507
0.00039433
0.000675634
0.000575193
0.000776354
0.00155416
0.00165853
0.00142255
0.000937493
0.000980953
0.000803483
0.00155741
0.000356588
0.000342679
0.000504035
0.000602602
0.000457688
0.000758326
0.000580964
0.000418782
0.000742943
0.000792604
0.00155623
0.000700907
0.00378642
0.00211008
0.00134409
0.00143812
0.000706694
0.000701615
0.000929549
0.000584364
0.000432405
0.000949991
0.000654194
0.000848633
0.000785373
0.0010549
0.000728668
0.000775383
0.000458405
0.000681147
0.00109855
0.000779931
0.0010077
0.00104651
0.00140435
0.000841827
0.00195676
0.00129528
0.000439872
0.00160956
0.00131387
0.00130431
0.00149381
0.000450899
0.00113283
0.00104537
0.00138644
0.00137286
0.00115321
0.0012935
0.00138051
0.00167752
0.00174299
0.00190682
0.00158022
0.0023021
0.00130041
0.0019028
0.00243328
0.000874195
0.000866286
0.0013131
0.00125832
0.000798683
0.000980508
0.000714131
0.000958777
0.00165098
0.000754099
0.0013301
0.000978769
0.00116727
0.00117961
0.000888308
0.00107136
0.00138222
0.00272953
0.00169623
0.00187143
0.00223832
0.00100182
0.00180746
0.00208429
0.00127936
0.00271869
0.00129417
0.00132939
0.0016098
0.00170808
0.00209227
0.00213543
0.00196604
0.00180293
0.00394789
0.0026028
0.000767191
0.00100839
0.00097071
0.00115696
0.000834523
0.000879823
0.00106462
0.00129405
0.000342086
0.000662236
0.000902843
0.000573257
0.000916648
0.000653938
0.000812428
0.000352104
0.000811095
0.000826144
0.000749785
0.000346995
0.000959844
0.00119729
0.000930286
0.000914245
0.000683052
0.000673504
0.000961449
0.00045321
0.000544445
0.000823142
0.000975319
0.000607162
0.000678108
0.000794843
0.001192
0.00100949
0.00075421
0.000772747
0.000916103
0.00059563
0.000731939
0.000256415
0.000535717
0.000296794
0.000625164
0.000665764
0.000605582
0.000915623
0.000108092
0.000933947
0.000569786
0.000489791
0.000336124
0.00087737
0.000751234
0.00074662
0.000596424
0.00055746
0.000679915
0.00033204
0.000771064
0.000449388
0.000575532
0.000880105
0.000360917
0.000334649
0.0010267
0.000431974
0.00124999
0.00115182
0.0008497
0.000505141
0.000962003
0.000566125
0.000435705
0.00076776
0.00100219
0.000687794
0.00100327
0.00098413
0.00036244
0.0013814
0.00077419
0.00187113
0.00114534
0.000967618
0.000996653
0.000918837
0.000311024
0.000588506
0.00047697
0.000290741
0.000848943
0.00124211
0.00225555
0.000309055
0.000926648
0.00068525
0.00073174
0.000720621
0.000707401
0.000291957
0.000839835
0.000231732
0.000555761
0.000657488
0.000820877
0.000677473
0.000793701
0.000614918
0.000753284
0.000815876
0.00094036
0.000379974
0.00073511
0.000949404
0.00101383
0.000579763
0.000602038
0.000603159
0.00126588
0.00119644
0.00521174
0.00134212
0.00482053
0.00153568
0.00500234
0.000741226
0.00165164
0.00194791
0.00275135
0.000298278
0.00113272
0.00152597
0.00149978
0.00181691
0.00172872
0.00167419
0.00192256
0.00197684
0.00365177
0.00120308
0.00171732
0.00152819
0.00122882
0.00512424
0.00165638
0.00149085
0.0018082
0.00157535
0.00175758
0.00202595
0.00519862
0.00320315
0.00351678
0.00418512
0.00163025
0.000926591
0.000860623
0.00125841
0.00178469
0.00103386
0.000800868
0.00114609
0.000562512
0.000480326
0.00141992
0.00087636
0.000257951
0.00104857
0.00101955
0.00148425
0.00110519
0.00126738
0.00114992
0.00296822
0.00302992
0.00123408
0.0014246
0.00159273
0.00153927
0.00455673
0.00160828
0.0024007
0.000364553
0.00123773
0.000196456
0.00133735
0.000992749
0.000808258
0.001498
0.00109816
0.000986612
0.00105085
0.00167416
0.000887545
0.00129023
0.00129599
0.00120981
0.00139775
0.00286097
0.00114419
0.0010905
0.00108638
0.00184694
0.00506028
0.00288642
0.00223407
0.002108
0.00146963
0.000984166
0.00082125
0.000382895
0.00102168
0.000965773
0.000773519
0.00123296
0.000489996
0.000605519
0.00103406
0.000816696
0.00110119
0.0012718
0.00116054
0.00108274
0.00266446
0.000958266
0.000957584
0.00108275
0.000693629
0.000804936
0.000367268
0.00100992
0.000795469
0.000666118
0.000794385
0.00132014
0.00145516
0.00146366
0.00134392
0.00193784
0.00138682
0.00132485
0.00105927
0.00111707
0.00104636
0.00060789
0.00117706
0.00114392
0.00140483
0.000984215
0.000443626
0.000835979
0.00111932
0.000330317
0.00225277
0.00125844
0.00139415
0.00111758
0.00126238
0.001238
0.00213119
0.00309267
0.000754722
0.00223355
0.00381187
0.000936483
0.000857268
0.000188071
0.000781015
0.00115414
0.00112716
0.000181662
0.000902185
0.000427591
0.00328074
0.000577147
0.00453345
0.00481104
0.00517045
0.00434928
0.000208185
0.0018203
0.00110329
0.00122785
0.00165127
0.00155651
0.000746027
0.0015918
0.000981487
0.000642924
0.000465569
0.000249354
0.00028415
0.000808161
0.00077599
0.000413421
0.000626918
0.00151794
0.00155698
0.00157288
0.000800273
0.00169214
0.000924642
0.000341522
0.000795349
0.00164687
0.000709879
0.00137233
0.00121922
0.000671047
0.000442465
0.000255469
0.00084798
0.000791112
0.00028822
0.000787061
0.000515882
0.000595775
0.00044433
0.000684886
0.000905278
0.000654359
0.0012402
0.000599808
0.000326382
0.00085783
0.00079253
0.00075475
0.00115644
0.000675082
0.000255468
0.000525546
0.000831023
0.00135295
0.000399772
0.000570478
0.00052368
0.000790127
0.000347951
0.000790254
0.000724342
0.000846836
0.000738659
0.00138498
0.00122081
0.000951711
0.000515848
0.000719092
0.000668587
0.000991521
0.000853657
0.00080895
0.000968456
0.00245044
0.000625019
0.000880812
0.000824836
0.00026532
0.000507493
0.000967633
0.000728142
0.000642309
0.000674142
0.000221749
0.000566957
0.0008247
0.000769544
0.000707627
0.000596169
0.000619599
0.000571643
0.000675083
0.00096752
0.000628119
0.000702822
0.00111565
0.00074208
0.000899305
0.000591998
0.000787834
0.00119056
0.00118733
0.00255405
0.0010791
0.00112033
0.00181215
0.00131695
0.00223032
0.000912758
0.000555161
0.000612238
0.000678813
0.000816605
0.000705033
0.00122971
0.000679506
0.00097441
0.000641277
0.00144393
0.000655279
0.00109893
0.00108577
0.00114104
0.000632858
0.000989758
0.000659945
0.000811137
0.000504047
0.00108243
0.00103142
0.00111443
0.000983417
0.00125107
0.0011351
0.000889911
0.00202503
0.00114782
0.000683988
0.00159454
0.00123178
0.000323533
0.000190787
0.00149931
0.00144884
0.000932978
0.00202406
0.000545903
0.00110203
0.000521878
0.000641397
0.000501533
0.000692594
0.00102782
0.000617827
0.000678714
0.000650134
0.0011608
0.000689514
0.00092001
0.000848568
0.000893189
0.000491414
0.000557711
0.000790205
0.000708276
0.000691973
0.000728701
0.000832432
0.000661369
0.000952162
0.000909643
0.000844203
0.000762013
0.000861732
0.000816564
0.000941493
0.000899099
0.00051233
0.000791189
0.00072321
0.00121646
0.000507453
0.000761986
0.000733086
0.000579104
0.000918258
0.000384505
0.000576489
0.00047384
0.00159498
0.000901291
0.000691815
0.00121049
0.000429637
0.00092276
0.00235218
0.00218844
0.00034417
0.0033602
0.00110673
0.00260993
0.00120886
0.00124725
0.000930928
0.000852204
0.00260622
0.0012158
0.00127304
0.00237498
0.000527037
0.00192912
0.00118101
0.00304232
0.00386971
0.000676828
0.000261136
0.0013325
0.000981761
0.00150373
0.00250881
0.000860704
0.00121563
0.00102714
0.0019224
0.00204645
0.00102573
0.000801685
0.000891877
0.00104992
0.000956793
0.00138329
0.00232482
0.00228169
0.0015278
0.000972325
0.00155426
0.00106975
0.000901728
0.0017511
0.000682972
0.000194878
0.00142383
0.000918894
0.00115701
0.00203516
0.000962976
0.000238483
0.000785444
0.000903984
0.000853576
0.000860891
0.00174787
0.000735121
0.00172705
0.000961951
0.00101848
0.000748408
0.000897936
0.00118138
0.00076749
0.000654173
0.000934802
0.00099789
0.00118333
0.00113142
0.00195452
0.00128292
0.000306411
0.00105429
0.00134598
0.000863016
0.000745719
0.00124595
0.000169785
0.0010985
0.00226834
0.00140962
0.000790414
0.000682095
0.00150128
0.000655095
0.000466281
0.000691857
0.000634011
0.000582684
0.000895905
0.00078169
0.00113712
0.000542869
0.00115897
0.000628216
0.000459902
0.000666632
0.00139793
0.00109134
0.00128177
0.00121109
0.00140566
0.00130587
0.00143317
0.00167647
0.000498488
0.00025558
0.000274006
0.000695048
0.00192832
0.00188291
0.00167714
0.0016966
0.00156302
0.0015065
0.00146043
0.00133518
0.00141906
0.000777854
0.000778577
0.000406901
0.000743571
0.00077411
0.000597853
0.000620076
0.000708815
0.000514077
0.000186405
0.000442297
0.000891003
0.000664533
0.00066581
0.000749062
0.000595365
0.000218123
0.000192028
0.000503698
0.000671312
0.00141008
0.000422933
0.00150971
0.0005543
0.000217742
0.000747397
0.00069779
0.000933498
0.000585028
0.000771365
0.000518975
0.000763815
0.000301102
0.000632204
0.000492091
0.000484282
0.000779453
0.000697169
0.000807759
0.000526801
0.000667681
0.000266543
0.000628436
0.00110261
0.000645434
0.00077068
0.000269575
0.000763786
0.000567707
0.000692431
0.000740198
0.000549309
0.000739631
0.000732553
0.00281436
0.00199397
0.00035153
0.000403664
0.000987839
0.00145249
0.00103586
0.000904535
0.00276438
0.000915302
0.00394946
0.000488856
0.000218948
0.000376357
0.00321007
0.00380413
0.000984413
0.00175682
0.00111355
0.000963252
0.000637697
0.000759337
0.000498398
0.000650715
0.000950128
0.00135355
0.000702393
0.000733614
0.000788802
0.000617122
0.000748349
0.00132184
0.000345533
0.000770777
0.000429872
0.000741386
0.000646193
0.000969493
0.000886166
0.00103738
0.00117785
0.000872084
0.00103964
0.00131499
0.00102896
0.00106061
0.0011841
0.000675032
0.000720043
0.00119986
0.000827152
0.00110402
0.00119337
0.0008072
0.000823491
0.000744296
0.000970625
0.00131054
0.000593484
0.000897624
0.00162153
0.000857217
0.000953192
0.00114755
0.00147036
0.000994956
0.000717106
0.000765628
0.000534155
0.000967137
0.000571917
0.00074741
0.000618395
0.000704827
0.00123334
0.000665233
0.00159937
0.00132144
0.000756078
0.000723821
0.000659613
0.00129406
0.000949414
0.000707531
0.000956664
0.00155127
0.000913528
0.000818379
0.00145148
0.00176164
0.000629528
0.000663903
0.00122038
0.000543154
0.000906143
0.000721996
0.000629443
0.000627049
0.000762227
0.000766169
0.000779408
0.000953457
0.000517868
0.000750248
0.0008093
0.00116367
0.000801039
0.000802048
0.000768457
0.000904711
0.000708647
0.000347204
0.000537807
0.00233724
0.00195233
0.00110784
0.00173389
0.00171833
0.000835141
0.00193869
0.000879809
0.00140163
0.00123202
0.000760478
0.000763348
0.000802668
0.000797875
0.000873796
0.00165491
0.00127113
0.00316825
0.00211839
0.00122369
0.000724833
0.000985618
0.000874977
0.00338297
0.00131799
0.0022314
0.00123104
0.00147279
0.00118967
0.001157
0.000605084
0.000670856
0.000606145
0.000959617
0.00075069
0.00114993
0.000873347
0.00103561
0.000642648
0.00162914
0.00065052
0.00126566
0.00114548
0.000870944
0.000700678
0.00099459
0.000727481
0.00153471
0.000863785
0.0013183
0.00061929
0.000639622
0.000726057
0.000751521
0.00143648
0.000776652
0.000747196
0.000764205
0.000773506
0.000832246
0.000624328
0.000727495
0.000629251
0.0011819
0.000642226
0.00107517
0.000799652
0.000729073
0.000859233
0.000727435
0.000599997
0.000656831
0.000801896
0.00108439
0.00130848
0.00193793
0.00148904
0.00119018
0.00175734
0.00111152
0.00116678
0.000648015
0.000798564
0.00167191
0.000995584
0.00118247
0.00203079
0.000979862
0.000719511
0.000889618
0.000951873
0.00120262
0.0016807
0.00114965
0.00111676
0.0012388
0.00133557
0.00131872
0.00266368
0.000862588
0.00079356
0.000411941
0.000457222
0.000627998
0.000979529
0.000653774
0.00142242
0.000698367
0.000567049
0.000466258
0.000582875
0.000509414
0.000287874
0.000345655
0.000389903
0.000392696
0.000666033
0.000537512
0.00085468
0.00136539
0.00126466
0.000435066
0.000300008
0.000604512
0.000739419
0.000437608
0.000879869
0.000770812
0.00039486
0.000739839
0.000768628
0.000778816
0.000929886
0.000771036
0.000602245
0.000549927
0.000767497
0.000921161
0.000898814
0.000374655
0.00077078
0.00168492
0.000817104
0.00222984
0.000588671
0.00120444
0.000603501
0.000722626
0.00096945
0.00070181
0.000699761
0.000644895
0.000589399
0.000591105
0.00121271
0.00122956
0.000732779
0.000735486
0.000719356
0.000621578
0.000616379
0.000873006
0.000773239
0.000779681
0.000804569
0.00189213
0.003451
0.0014491
0.00108799
0.000919235
0.000947311
0.000818473
0.000930076
0.000930422
0.000863997
0.00117202
0.00113575
0.00255989
0.00179673
0.00104509
0.0010185
0.000759552
0.000595558
0.000835423
0.000571106
0.000721656
0.000860813
0.000618621
0.000751048
0.000664275
0.000663508
0.000755907
0.000780121
0.000633652
0.000506943
0.000604546
0.000676672
0.000695446
0.00057766
0.0006083
0.000562296
0.000437899
0.000591636
0.00106213
0.000713739
0.00166325
0.000611803
0.000633929
0.000712216
0.000754472
0.00053118
0.000620032
0.000812452
0.000845087
0.000808627
0.000508945
0.00083547
0.000914949
0.000873657
0.000782547
0.000406033
0.000537878
0.000741326
0.00244438
0.00092039
0.000879241
0.00100616
0.000794252
0.000923482
0.00180551
0.000786064
0.00090988
0.0010616
0.00159876
0.00100496
0.00101565
0.00221538
0.000747856
0.000873096
0.00100184
0.00140588
0.00114173
0.000899371
0.00232801
0.00106734
0.00218745
0.000939791
0.000755
0.000988643
0.000796645
0.000818841
0.00103117
0.00107301
0.000784955
0.00146411
0.00217765
0.00258975
0.00271681
0.00098366
0.00133233
0.00124483
0.00082784
0.000940408
0.001354
0.000844612
0.000950521
0.000762388
0.000818639
0.00095256
0.00134734
0.000854949
0.00132006
0.000732537
0.00137035
0.000692073
0.000649067
0.000386721
0.000274623
0.00089345
0.000889553
0.000782262
0.000892174
0.00102211
0.000954635
0.00080874
0.000969691
0.00127571
0.000637451
0.000812395
0.000842833
0.000755295
0.0014302
0.000814951
0.0016154
0.000799922
0.00101533
0.000762996
0.000835238
0.000856649
0.000808724
0.00154373
0.000846653
0.000975365
0.00130456
0.0012516
0.00190392
0.00103931
0.000561033
0.00057224
0.000463198
0.000462551
0.000649193
0.000873086
0.00157821
0.00119923
0.00063582
0.000630456
0.00101444
0.0015939
0.000781014
0.000949112
0.000969482
0.00107006
0.00147054
0.000955702
0.00136219
0.00142913
0.000946624
0.000974108
0.00127869
0.000767057
0.00073749
0.000732637
0.00125983
0.00069645
0.000753541
0.00134647
0.00168847
0.000692192
0.00081639
0.00118041
0.000807351
0.00142826
0.000822594
0.000807181
0.000857319
0.00142289
0.00118134
0.0020319
0.00107112
0.00238966
0.000999162
0.00198751
0.00180096
0.00106668
0.000773404
0.000836681
0.00100296
0.00207678
0.00151761
0.00096476
0.00194973
0.00133463
0.00102197
0.00149377
0.0015578
0.000816942
0.00102314
0.00114297
0.00112673
0.000940236
0.000794339
0.0008124
0.000856547
0.000859512
0.000878186
0.00205428
0.00228786
0.00125321
0.00117629
0.00129736
0.00119973
0.00113521
0.00116651
0.00245347
0.00137936
0.00205166
0.0018488
0.00154979
0.00281682
0.00208852
0.00217811
0.00124493
0.000873217
0.00118292
0.00102649
0.000920055
0.000755636
0.0022088
0.00104592
0.0019507
0.000884143
0.00113001
0.000884519
0.00180135
0.00158028
0.00271744
0.00119945
0.000923581
0.00093056
0.00161195
0.00124555
0.000646098
0.000650314
0.000332466
0.000715834
0.000680359
0.000699807
0.000936375
0.000630219
0.00118171
0.000808689
0.00120015
0.000701604
0.000805941
0.000779402
0.00065274
0.000993639
0.000536838
0.000683891
0.000971474
0.00078409
0.00113658
0.00148967
0.00212138
0.00113402
0.00189754
0.00142877
0.00104121
0.000945194
0.000883315
0.000983471
0.00081095
0.00191222
0.000698939
0.000776157
0.000761662
0.00103708
0.00117226
0.000748195
0.000832785
0.000764689
0.00199372
0.00197274
0.0011521
0.000857733
0.00146444
0.00195452
0.000589449
0.000790369
0.0020908
0.000745652
0.00170167
0.000742808
0.000949342
0.000936604
0.00131058
0.00141805
0.00106648
0.00132483
0.00333196
0.00164952
0.00145767
0.00154599
0.00167433
0.00175053
0.00433707
0.00307014
0.00358505
0.00135676
0.000886377
0.000981243
0.00121298
0.00092343
0.00132852
0.00216533
0.000899714
0.000752418
0.000770295
0.00074155
0.000703356
0.000730236
0.00186178
0.00100603
0.000986045
0.00138571
0.00100255
0.00119029
0.000876863
0.000808459
0.000755713
0.000645513
0.000661756
0.000731009
0.000689944
0.00143839
0.000750566
0.000957805
0.00099142
0.000718778
0.00135097
0.00102591
0.0006043
0.000655577
0.00219869
0.00303368
0.000829563
0.00120789
0.00271359
0.00109736
0.00136045
0.00101824
0.00270008
0.00262455
0.00131875
0.000906276
0.00114605
0.000809239
0.000745478
0.000712286
0.000794429
0.000877967
0.000786534
0.00072509
0.000839154
0.0012052
0.000803241
0.0015094
0.000833086
0.000425013
0.000794436
0.000450419
0.000896309
0.000462752
0.000567043
0.00154843
0.00121902
0.000779307
0.00100001
0.0011369
0.00089859
0.000799247
0.00063226
0.000880919
0.000820592
0.00102558
0.00144696
0.00184678
0.00103719
0.000778274
0.00165611
0.00185423
0.00172821
0.00197372
0.00216979
0.000732092
0.00068662
0.0013425
0.00199823
0.00258079
0.00077123
0.00132715
0.00169624
0.0016685
0.00111181
0.00179832
0.000886527
0.000851729
0.00112887
0.00112448
0.00116666
0.000927125
0.00098449
0.000888714
0.000877794
0.000805028
0.00123711
0.00096033
0.000431673
0.000770589
0.00266722
0.00236038
0.00150606
0.00261907
0.00101715
0.00112694
0.0006585
0.000793773
0.000987103
0.000651725
0.00106245
0.000592331
0.000781209
0.000664611
0.000817599
0.000765576
0.000874089
0.000725225
0.000661113
0.000748754
0.000858778
0.000765587
0.00116757
0.000705285
0.000592708
0.000674761
0.000857235
0.00131602
0.000754936
0.000593273
0.000901826
0.000707881
0.000838081
0.000493006
0.000512361
0.000328822
0.000811752
0.000526463
0.000427023
0.000652857
0.00111268
0.00193395
0.00195894
0.00114448
0.00115212
0.00113387
0.000862231
0.000909297
0.000929818
0.000945207
0.00252974
0.00138913
0.00154832
0.00186823
0.00375781
0.00113984
0.000938225
0.000697468
0.000909961
0.00105499
0.00198649
0.000807808
0.000683449
0.000904866
0.00264579
0.0013773
0.00093167
0.000904446
0.00185175
0.00122235
0.00167433
0.00113489
0.000849781
0.000426896
0.000549632
0.000472909
0.000645457
0.000631796
0.000377818
0.000579515
0.00065551
0.000806379
0.000708542
0.00068267
0.000418867
0.000642254
0.000575911
0.00119825
0.00109366
0.00215517
0.00102141
0.00099996
0.000840819
0.000767752
0.000711767
0.00192527
0.000729135
0.00172899
0.00112105
0.000861948
0.000801934
0.000938479
0.000929218
0.00212203
0.00197695
0.00181463
0.000928894
0.00172881
0.00094751
0.000825797
0.000792016
0.000688153
0.000797195
0.00201602
0.00105349
0.000673841
0.000750664
0.000769195
0.000718791
0.000582246
0.000525364
0.000425234
0.000747498
0.000758494
0.000714128
0.000674683
0.000789239
0.000687291
0.00114562
0.00119587
0.00203131
0.000718604
0.000846377
0.000711545
0.000740442
0.000550168
0.000672723
0.000673278
0.00129103
0.00174723
0.00116298
0.00149642
0.00141147
0.00250569
0.00129329
0.0029131
0.00254074
0.0010132
0.000917012
0.00102512
0.000887347
0.00283652
0.00110917
0.00329983
0.000813675
0.00124344
0.00110213
0.00212332
0.00145154
0.00143496
0.00335948
0.00342371
0.00329559
0.00319668
0.00145263
0.00153603
0.00120402
0.00084776
0.000886209
0.000705401
0.000930564
0.000686442
0.00163515
0.00154581
0.0015563
0.000784983
0.00252092
0.00172666
0.000874984
0.000692111
0.000691507
0.000714133
0.000768059
0.00191928
0.0017773
0.000779498
0.000793623
0.00101449
0.000791278
0.000985486
0.00134447
0.00299507
0.00184505
0.00127937
0.00107493
0.00102218
0.00143813
0.000901105
0.000889032
0.00179201
0.00101145
0.00114803
0.00120034
0.00127243
0.00109899
0.00269257
0.00117191
0.000908991
0.000808089
0.000879764
0.00082404
0.00148887
0.00134896
0.00124056
0.00173088
0.00131495
0.00127909
0.00101955
0.000865074
0.00321508
0.00129972
0.00108194
0.00113654
0.00104219
0.00144055
0.00134778
0.00128204
0.000785561
0.0010411
0.00158848
0.00157508
0.00198951
0.00233876
0.00194368
0.00055574
0.000488827
0.000669963
0.000622382
0.000708974
0.000509264
0.000677678
0.000703411
0.000615935
0.000388189
0.00057804
0.000810953
0.000707173
0.000780984
0.000774962
0.000670208
0.000662714
0.000558131
0.00140634
0.00102784
0.00116578
0.00121334
0.00071668
0.00211469
0.000889663
0.00142809
0.00324911
0.00133374
0.00275013
0.00247478
0.00340727
0.000831728
0.00137667
0.000900084
0.000916913
0.0010049
0.000940978
0.00279155
0.00106996
0.000855202
0.000802514
0.0012465
0.00113246
0.00192599
0.000871736
0.00105973
0.000762733
0.00115348
0.000730564
0.00230886
0.00130312
0.00120153
0.00123832
0.00114323
0.000945488
0.00108028
0.000883425
0.000807461
0.000779144
0.000805517
0.000900094
0.000890501
0.00198591
0.00103157
0.000664475
0.000679391
0.000709216
0.000849802
0.00261524
0.000764969
0.00113035
0.000941686
0.000970855
0.00109563
0.00122245
0.000815628
0.000843425
0.00406489
0.000900836
0.00107634
0.000882945
0.000916687
0.000763904
0.000794166
0.000758295
0.00177566
0.0015518
0.000756972
0.00227255
0.00204908
0.00203005
0.00123288
0.00104983
0.000872739
0.000786227
0.00109526
0.00358865
0.0029331
0.00208708
0.00079534
0.00153523
0.000918432
0.00109538
0.00115416
0.00116218
0.0024308
0.00114924
0.0012776
0.00126431
0.0027524
0.0013532
0.00431448
0.00127319
0.000868955
0.00184812
0.00292683
0.00312161
0.00322102
0.00123195
0.00105652
0.00128886
0.00113399
0.000684669
0.00121548
0.00307142
0.00120631
0.000814928
0.000912363
0.00197556
0.00121361
0.00118394
0.00104351
0.000935173
0.00083317
0.00221521
0.00275659
0.000912237
0.000861093
0.000698365
0.000915095
0.00077388
0.000858285
0.000782021
0.000663306
0.000600878
0.000642335
0.00142096
0.000884553
0.000858958
0.000769738
0.000853456
0.000881034
0.00188085
0.00103501
0.00110532
0.00085239
0.00109516
0.000907006
0.00129887
0.00124599
0.000691636
0.000677085
0.000711363
0.00160848
0.00228594
0.00153337
0.00107436
0.000902191
0.000851817
0.000950611
0.000748084
0.00097916
0.0013799
0.00196161
0.000793414
0.00229139
0.000859142
0.000838235
0.000778565
0.00176303
0.000811879
0.000773408
0.000732349
0.000745756
0.000805196
0.0015535
0.00237034
0.000969448
0.000807149
0.000977435
0.000943244
0.000930409
0.00143586
0.00148629
0.00209814
0.00208703
0.00102827
0.001234
0.00105952
0.00112276
0.000911373
0.000868564
0.000920301
0.000879059
0.000903971
0.000923226
0.00111112
0.00100839
0.000913797
0.000963236
0.0015697
0.000927087
0.000941814
0.000764061
0.000852677
0.000902602
0.00116755
0.00112626
0.00121155
0.000825422
0.00111002
0.00100112
0.000993287
0.000749988
0.00206751
0.000584484
0.000618207
0.000744865
0.00106823
0.00299217
0.000995455
0.00224102
0.00120963
0.00115279
0.000651478
0.00263978
0.000826674
0.00337683
0.00270202
0.00118232
0.00283398
0.00104998
0.00101128
0.000810723
0.00105006
0.00209272
0.00239766
0.00222727
0.00153947
0.00161016
0.00180644
0.00316106
0.0024286
0.00242213
0.00242917
0.0025622
0.00374132
0.00120123
0.00103412
0.000989072
0.00228949
0.00327492
0.00130832
0.0018028
0.00110384
0.00194058
0.00168169
0.000990601
0.00100254
0.00166043
0.00117546
0.00196949
0.00122422
0.00119851
0.000908417
0.00280199
0.000862151
0.00222826
0.000631722
0.000796055
0.00209965
0.00106322
0.00246106
0.00206109
0.00236478
0.000829633
0.000877026
0.00131449
0.00161091
0.00277789
0.00192319
0.00183396
0.00103444
0.000812769
0.000748575
0.00102458
0.00172635
0.00106317
0.00170437
0.00370705
0.00165096
0.00112887
0.00147165
0.000909113
0.0012605
0.0011204
0.000959931
0.00179081
0.00100196
0.000916293
0.00179101
0.00109883
0.00135971
0.00149722
0.00227483
0.0016609
0.00126937
0.00235089
0.00119721
0.00099153
0.00220761
0.0011713
0.00215651
0.00205074
0.00133683
0.00112556
0.00122644
0.00118457
0.000847669
0.00280265
0.0011165
0.00115069
0.000833173
0.000917876
0.00239434
0.00121358
0.00225581
0.00220732
0.000942859
0.000836602
0.00134268
0.00123793
0.00181154
0.000874756
0.000997625
0.0010113
0.000973084
0.00157195
0.00122064
0.00297415
0.00205065
0.00163019
0.00152144
0.000307127
0.000712797
0.000299451
0.000302548
0.00069849
0.000355942
0.000746552
0.000820705
0.000825722
0.000336016
0.000282047
0.000291835
0.000331177
0.000847173
0.000789313
0.000303936
0.000855771
0.000994077
0.000879033
0.000367334
0.00087597
0.000682271
0.000802006
0.000756617
0.000701765
0.000950206
0.000925768
0.000740343
0.000759417
0.000782402
0.000765596
0.0104608
0.000931652
0.000738863
0.000801682
0.000311557
0.00275311
0.000980434
0.000949771
0.00100334
0.00136108
0.0014116
0.000875407
0.0104606
0.0104609
0.000942366
0.000953454
0.0104606
0.000906003
0.0104633
0.000889894
0.0007626
0.00429479
0.0104604
0.00294976
0.00686289
0.000787263
0.000825507
0.000859459
0.000836124
0.00105213
0.00104425
0.00105908
0.0047986
0.00240548
0.00118805
0.0104346
0.000869322
0.010274
0.0102561
0.0103091
0.00176914
0.00081189
0.00355487
0.00123933
0.000989329
0.0087618
0.00110441
0.00144472
0.00122714
0.00104647
0.0041253
0.00926389
0.00133919
0.00944964
0.0104944
0.000601671
0.00169725
0.00409559
0.00151349
0.00119846
0.000595185
0.00146545
0.00133724
0.000833848
0.000878334
0.000875372
0.00125674
0.000846004
0.000735996
0.000749164
0.00128833
0.000872384
0.000939311
0.000750341
0.000831744
0.0008333
0.000904569
0.00278532
0.00084881
0.000856596
0.000706127
0.00270412
0.000817474
0.000823951
0.000862421
0.000880373
0.000888606
0.0103
0.0105369
0.00127766
0.00320523
0.00125033
0.00093659
0.000759279
0.00394064
0.00266612
0.000757088
0.0011467
0.00361979
0.0104031
0.00138815
0.000926358
0.000857841
0.000895022
0.000830589
0.000910237
0.000836025
0.000865347
0.000900756
0.000813044
0.000780909
0.000860291
0.00293086
0.000883237
0.000818752
0.00170745
0.000787544
0.000833285
0.00318866
0.000835558
0.000932386
0.000858157
0.000945924
0.000894781
0.000860296
0.00439474
0.000741693
0.000979782
0.000864942
0.00087142
0.000801518
0.000777019
0.000753142
0.00233156
0.00256835
0.00091719
0.0038294
0.000771218
0.000965551
0.00190508
0.000921988
0.00110439
0.000789355
0.000914977
0.000852511
0.00250095
0.00490786
0.000831474
0.00415534
0.00104304
0.00100182
0.00524804
0.00108165
0.00350358
0.000891976
0.000838277
0.000835518
0.000908416
0.00287358
0.00399536
0.002756
0.00078275
0.00127203
0.00112173
0.000921678
0.00141326
0.00119887
0.00425595
0.0013797
0.0014707
0.000687052
0.00146529
0.000930464
0.00329075
0.00438328
0.00267228
0.0099674
0.000866941
0.00235719
0.00086608
0.00474545
0.00521554
0.0011357
0.00129529
0.00131192
0.00336877
0.00124463
0.00815238
0.000936275
0.00318776
0.00476277
0.00124409
0.000809266
0.000899033
0.000853946
0.00123879
0.000726657
0.00265273
0.00387755
0.00071556
0.00255353
0.000792849
0.000791855
0.000841633
0.000805907
0.00331219
0.000868662
0.00510866
0.000921692
0.000843435
0.000777631
0.000758302
0.000781431
0.00268469
0.000831346
0.000939869
0.00570612
0.00296568
0.000983221
0.000667087
0.000786244
0.000932728
0.0010337
0.00105435
0.00293171
0.00147102
0.00343776
0.00105708
0.00113646
0.000968106
0.00105364
0.00536007
0.00342468
0.000752385
0.000940383
0.000702867
0.00091173
0.00076587
0.000946732
0.000761025
0.00380045
0.000906772
0.000836752
0.000860647
0.00090898
0.00215775
0.000863611
0.000987687
0.00073812
0.00116094
0.000846528
0.0014688
0.00289438
0.000941234
0.000855172
0.000892163
0.000922917
0.000881553
0.000840902
0.00089428
0.00086683
0.000891476
0.00305819
0.000895196
0.00084697
0.00102151
0.000877141
0.000921129
0.000785664
0.00143254
0.000957658
0.000895383
0.000859951
0.00365961
0.000939042
0.00360429
0.000846142
0.000945049
0.00336086
0.000764712
0.00101942
0.00086926
0.0011425
0.00416059
0.00471808
0.0104566
0.00080596
0.000810441
0.00535241
0.00505019
0.000893258
0.0092655
0.006258
0.00920292
0.00593953
0.00157837
0.00518469
0.000823417
0.000999227
0.000879439
0.000852669
0.000846464
0.000859116
0.000853529
0.000968764
0.000903966
0.000844604
0.000920451
0.00357985
0.000923319
0.00078962
0.00085496
0.00425909
0.000896711
0.000869155
0.00262737
0.0009892
0.010286
0.00109517
0.00587596
0.000866084
0.00588829
0.000856597
0.000809074
0.000870398
0.000837589
0.000859047
0.00447045
0.00083947
0.000848848
0.000890359
0.000857709
0.00086063
0.000793047
0.000812722
0.0041825
0.000992175
0.00102339
0.00653285
0.000990034
0.000867787
0.00101154
0.000899867
0.00307482
0.00346749
0.00101438
0.000945655
0.000929962
0.000967723
0.000860039
0.00114997
0.000922567
0.0010445
0.000932097
0.000941539
0.00388919
0.000825313
0.00550932
0.000743878
0.000872559
0.000928742
0.000818646
0.000892267
0.000997644
0.000994638
0.000894774
0.00343437
0.0010067
0.00309188
0.000908362
0.000974128
0.00101027
0.000935553
0.000839607
0.00105574
0.0041665
0.00103355
0.000857786
0.000800254
0.00105618
0.000965725
0.00464349
0.00207788
0.000675663
0.0101711
0.00111999
0.0089125
0.0103889
0.00773364
0.00191207
0.00139442
0.00119822
0.000839523
0.0052592
0.00239155
0.00252338
0.000964076
0.000960962
0.000923721
0.000832379
0.00605504
0.00097284
0.00800299
0.00133469
0.0104068
0.000972219
0.0103756
0.000911154
0.000917268
0.000940723
0.00117858
0.00117926
0.00109219
0.000794481
0.00541362
0.00104948
0.00132713
0.00113549
0.00114068
0.00139097
0.00104621
0.0010323
0.00895834
0.003905
0.00914504
0.00142163
0.010253
0.00118808
0.0050469
0.000880275
0.00502531
0.00348228
0.00074857
0.00082507
0.0011568
0.000809573
0.00390417
0.00355153
0.0104155
0.0102409
0.00100589
0.000834825
0.00114406
0.000987298
0.000993438
0.000941437
0.000976424
0.00119643
0.00120462
0.00127844
0.000896042
0.00121776
0.00343443
0.010412
0.00108169
0.000870852
0.00120867
0.00107269
0.00390194
0.00150475
0.00492652
0.00398769
0.00387851
0.000982456
0.000720027
0.00080149
0.00480958
0.00495411
0.00100247
0.000925248
0.000988203
0.00336398
0.000854064
0.000933063
0.0037437
0.000973945
0.000968918
0.00101599
0.000948495
0.00116235
0.00100229
0.00081732
0.000897228
0.00092843
0.000921042
0.000933093
0.00482119
0.0046188
0.01039
0.0072604
0.00295623
0.00594679
0.0100301
0.00120024
0.00314676
0.00622958
0.0104333
0.00485307
0.00967097
0.00987259
0.0103975
0.0103876
0.00418023
0.0104534
0.0104529
0.00431948
0.00467165
0.00682388
0.00473928
0.00456531
0.0104022
0.0103637
0.00397183
0.00481026
0.00328079
0.0062892
0.0101628
0.00915764
0.0102379
0.010435
0.00774413
0.00777816
0.00340113
0.00972332
0.00983479
0.0100162
0.0103969
0.010458
0.0104539
0.0104662
0.00736871
0.0104091
0.00920063
0.00141113
0.00905247
0.00430035
0.00132834
0.00123534
0.00313801
0.00412914
0.00655774
0.00809984
0.00767259
0.0104569
0.00975371
0.00695288
0.0104592
0.0102027
0.000936703
0.000966639
0.000971877
0.00797921
0.0010909
0.00378423
0.00989554
0.0105128
0.0104514
0.00452144
0.0102956
0.0104437
0.0104567
0.00927549
0.00964838
0.00940911
0.00471517
0.00726933
0.00958348
0.00894229
0.0104242
0.00933795
0.00637278
0.00916314
0.00678504
0.00355054
0.0104567
0.010383
0.0103173
0.00945981
0.00441121
0.00857657
0.00540843
0.0103953
0.0104297
0.010454
0.0104576
0.0104487
0.010419
0.0104466
0.00475998
0.0104402
0.0104543
0.0104521
0.0104565
0.0104433
0.010457
0.0103706
0.0104549
0.0104337
0.0104529
0.00941956
0.0104568
0.0104303
0.0104553
0.0104049
0.0104487
0.0104457
0.0104547
0.0104567
0.010453
0.0104392
0.0104483
0.0104559
0.0104535
0.0104529
0.0104565
0.0104568
0.0104478
0.0104534
5.92852e-05
7.18282e-05
0.000124123
5.62254e-05
5.96661e-05
7.99484e-05
7.33476e-05
6.24337e-05
0.000130509
9.08361e-05
6.72317e-05
0.00021399
0.00011484
5.50797e-05
6.71261e-05
0.000593419
0.000624296
0.000426555
0.000804417
0.00064752
0.000757921
0.000941881
0.000650581
0.000693367
0.000378441
0.000692039
0.00100259
0.00122483
0.000657703
0.000725708
0.00035859
0.00110869
0.000733671
0.000916216
0.00115449
0.000612321
0.000577599
0.000705185
0.00101582
0.00112
0.000714017
0.000858815
0.00090935
0.00077087
0.000903997
0.000932197
0.000861296
0.00306445
0.00543237
0.00663467
0.0103907
0.00957539
0.0102187
0.00977469
0.00147636
0.000970428
0.00205363
0.000809594
0.000646413
0.000713875
0.00126015
0.000714734
0.00172397
0.000302529
0.000568434
0.000285958
0.000166724
0.000252738
0.000362817
0.000207369
0.000359065
0.000171475
0.000146667
0.000170966
0.000518041
0.000667328
0.000362948
0.000217459
0.000276666
0.000505812
0.000236451
0.000409952
0.000124845
0.000727407
0.00106714
0.000404287
0.000595938
0.000556732
0.000902005
0.00013918
0.000193994
0.00062211
0.000941683
0.00069994
0.00116504
0.000176237
0.00113186
0.000797743
0.000291568
0.00017361
0.000162502
0.000398811
0.000599753
0.00118188
0.000776877
0.000190223
0.00015236
0.000223736
0.000191221
0.000306203
0.000116226
0.000143481
0.000924784
0.00055548
0.000960162
0.000721955
0.000471758
0.000677403
0.000604996
0.00102329
0.00206145
0.000399031
0.000194571
0.00394619
0.00165077
0.00239799
0.00272906
0.00256615
0.00240067
0.00178585
0.00196157
0.00260859
0.00191867
0.00273085
0.00296884
0.00184089
0.000913183
0.00103466
0.000680964
0.0010332
0.000926788
0.000987957
0.00107126
0.00177404
0.00081923
0.00468239
0.0103303
0.0104037
0.00924822
0.010417
0.0104372
0.00594706
0.00665089
0.00478781
0.00528997
0.00548194
0.0103652
0.0104231
0.00742088
0.00923434
0.00571967
0.00622649
0.00970702
0.0103113
0.00378449
0.00619673
0.00445309
0.00486591
0.00624306
0.00094825
0.00377206
0.00350338
0.0104461
0.0102123
0.00384718
0.00399234
0.00267634
0.00129651
0.00274365
0.00604278
0.00739337
0.00296597
0.00510494
0.00208797
0.00354308
0.00285128
0.00478271
0.00533721
0.00280841
0.00391147
0.00284784
0.00462907
0.0104478
0.00999176
0.00855185
0.00374053
0.00568493
0.00909039
0.00950418
0.00847675
0.00827872
0.00240627
0.00239095
0.0040169
0.00378746
0.00323226
0.00507598
0.000837684
0.0025336
0.000857037
0.00168919
0.000451532
0.00318429
0.00427796
0.00231834
0.000645582
0.000870856
0.0017853
0.00245017
0.00397967
0.00490204
0.00664371
0.00356646
0.00308602
0.00470826
0.00217981
0.00351146
0.00689569
0.00501768
0.00685239
0.00863564
0.00316795
0.00518026
0.00503443
0.00523037
0.00420041
0.00455743
0.0050824
0.00735366
0.00544699
0.00458972
0.00460634
0.00472692
0.005675
0.00381297
0.00309719
0.000931475
0.00226247
0.00286714
0.00234585
0.00249808
0.00194696
0.00279116
0.00245406
0.00176615
0.000916911
0.0021723
0.0016729
0.00154839
0.00202949
0.00257475
0.000787312
0.00125884
0.00165917
0.00209586
0.0014759
0.00115621
0.00118193
0.00144546
0.00124435
0.00139077
0.00118456
0.00186281
0.000763184
0.000980931
0.00164785
0.00164572
0.00371583
0.00171374
0.00184056
0.00224923
0.00486717
0.0013847
0.00179368
0.00120651
0.00208355
0.00253038
0.00220818
0.00108125
0.00146195
0.00176189
0.00202672
0.00139916
0.00184689
0.00167213
0.0013954
0.00177051
0.00214836
0.00249241
0.00185092
0.00162194
0.00139259
0.00133377
0.00272308
0.00179333
0.000962175
0.00275761
0.00106143
0.00127087
0.00135395
0.00122721
0.00230017
0.0016611
0.00187277
0.0010149
0.00104156
0.000974563
0.00100407
0.00132976
0.0017652
0.00220946
0.00195161
0.000980603
0.00125438
0.00142212
0.000949185
0.00166783
0.000315215
0.00138281
0.00101199
0.00140334
0.00201744
0.00133172
0.00161885
0.00203734
0.00197999
0.00232283
0.00257785
0.00279851
0.00162716
0.00173347
0.000446659
0.00149306
0.00125304
0.000300363
0.000135716
0.00011517
0.00149873
0.00208293
0.00239836
0.00332341
0.00251743
0.00360516
0.000916114
0.000427162
0.000868008
0.000750466
9.84184e-05
0.000215409
0.000252745
0.000165233
0.000228196
0.000155141
0.00467624
0.00689446
0.00781965
0.00781073
0.00810341
0.0061934
0.00621938
0.00671609
0.00356038
0.00719878
0.00471468
0.00597413
0.00582293
0.00178731
0.00149342
0.00109226
0.00186238
0.00150048
0.000959288
0.00100285
0.00910245
0.00705859
0.00885526
0.00971933
0.00476344
0.00958388
0.00665698
0.00678782
0.00676596
0.00367564
0.00396841
0.00292909
0.00224955
0.000911118
0.0021551
0.00276663
0.00328627
0.000941233
0.00320529
0.00376056
0.00626106
0.00285189
0.00400367
0.00490332
0.00149657
0.00479137
0.00126491
0.00211373
0.00454251
0.00141748
0.00320466
0.00377457
0.00228529
0.00116363
0.00185778
0.00335885
0.00191984
0.000810119
0.000534731
0.00132031
0.00387909
0.00272222
0.00490458
0.00639869
0.00679292
0.00830454
0.00442076
0.00542142
0.00294014
0.00346557
0.00655606
0.00052119
0.00268787
0.00158298
0.000940226
0.00155749
0.00152751
0.00153057
0.00107269
0.00139183
0.00121687
0.0015849
0.0017439
0.00179415
0.00141229
0.00232728
0.000705507
0.000363491
0.000440946
0.000382584
0.00172601
0.00171426
0.00220106
0.00201958
0.00207797
0.00230532
0.000824716
0.00104496
0.0016774
0.000949086
0.000350657
0.0010002
0.00207205
0.00499836
0.00413102
0.00398404
0.00290176
0.00281931
0.00229819
0.00178236
0.00173942
0.00315706
0.00420333
0.00341039
0.00181097
0.000955036
0.000841049
0.000918615
0.00114765
0.00276936
0.00321645
0.00300815
0.00136944
0.00185036
0.00238688
0.00121343
0.000401347
0.0017027
0.000699195
0.000823601
0.000807738
0.000347399
0.00164404
0.00223877
0.000452978
0.00103656
0.00136483
0.00226946
0.0016856
0.000917771
0.00229835
0.000331335
0.000330333
0.00158403
0.000538474
0.000750909
0.00095209
0.000232461
0.000146365
0.000311464
0.00014294
0.000226984
0.000264011
0.00175949
0.00167311
0.00140024
0.0019509
0.00201639
0.00673356
0.00739711
0.00765302
0.0100809
0.0103374
0.00188334
0.00113384
0.0039419
0.00114004
0.00147094
0.00112333
0.00119573
0.00109197
0.00225029
0.00172852
0.00173602
0.00182367
0.0016913
0.00176458
0.00188473
0.00164342
0.0123659
0.00245465
0.00270145
0.00191772
0.00194276
0.00116227
0.00112216
0.00117769
0.00103323
0.00130037
0.00174832
0.00120294
0.00163885
0.0012547
0.00133615
0.00232774
0.00122969
0.00196332
0.00126649
0.00182491
0.00238194
0.00274831
0.00178735
0.00310474
0.00224215
0.00350386
0.0022986
0.00121929
0.00129438
0.00101006
0.00190053
0.00118016
0.00167416
0.00132466
0.00150945
0.00133646
0.00132578
0.00205414
0.00190329
0.00222079
0.00186786
0.0019479
0.00118529
0.00113205
0.00153998
0.00140778
0.00111909
0.0011365
0.00127029
0.00173572
0.00162296
0.00257737
0.00189365
0.000806214
0.000833489
0.00117587
0.00142835
0.00113172
0.00130556
0.00203237
0.00146792
0.000315142
0.000252936
0.000165414
0.000179314
0.000176665
0.000179708
0.000269733
0.000174325
0.000177215
0.000235564
0.000202653
0.000336157
0.000239012
0.000887992
9.59585e-05
0.000519194
0.000358456
0.000342124
0.000160108
0.00199597
0.000788108
0.000717955
0.00025479
9.04091e-05
0.000116234
0.000223653
0.00014627
0.000166462
0.000170358
0.000135184
0.000159882
0.000703406
0.000282394
0.000171123
0.0002119
0.000200838
0.000398137
0.000160648
0.000188465
0.000148867
0.000109092
0.000110566
0.000122491
0.000118033
7.52843e-05
8.90754e-05
8.77592e-05
0.00013285
0.000112302
0.000131572
0.000369045
0.000385504
0.00012533
0.000146375
0.000360483
9.41105e-05
0.000122786
0.000345972
0.000409364
0.000800644
0.000168331
0.000459931
0.000194799
0.000219872
0.000274855
0.000175075
0.000273872
0.000374618
0.000277162
0.000141997
0.000232762
9.98582e-05
0.000262024
0.000278962
0.000205472
0.000167023
0.00016817
0.000143238
0.000210955
0.000247814
0.000124367
0.000123502
0.000121638
0.000144901
0.000391809
0.000149419
0.000148303
0.000113679
0.000142795
0.000132945
0.000208047
0.000232014
0.000144432
0.000176903
0.000300815
0.000158372
0.0002691
0.00219549
0.00150149
0.00136095
0.00117622
0.00185981
0.00523326
0.0039026
0.00225015
0.00255785
0.00197758
0.00262008
0.00212355
0.000921954
0.00136343
0.00173831
0.000646903
0.0011574
0.00105392
0.000877771
0.000907331
0.000242428
0.000201492
0.00128013
0.00132485
0.000997936
0.00195802
0.00114049
0.000809422
0.000201183
0.000805306
0.00231596
0.00248478
0.00356259
0.0041295
0.00309056
0.00205255
0.00148586
0.0017499
0.000642468
0.00090227
0.000692175
0.00113465
0.000842422
0.000317824
0.000220093
0.000206398
0.000221819
0.000395325
0.000472031
0.000373876
0.000155076
0.000172371
0.000142142
0.000326032
0.000528337
0.000284217
0.000205546
0.000190097
0.000455346
0.000669788
0.000129875
0.000285939
0.000444477
0.000353208
0.000161813
0.000811874
0.00123018
0.000434223
0.000811873
0.000430263
0.000746328
0.000353837
0.000295441
0.000333226
0.000110769
0.000182679
0.00010712
9.34122e-05
0.000317881
0.000169476
8.50761e-05
7.2092e-05
0.000173172
0.000134723
0.00033575
0.000532507
0.000153294
8.24306e-05
0.000236839
0.00020818
0.000415558
0.000509456
0.000437594
0.000388515
0.000369756
0.000175968
0.000251401
0.000268544
0.000558588
0.0007924
0.000191419
0.000236799
0.000283383
0.000330574
0.000380563
0.000322321
0.000339088
0.000193626
0.000418775
0.000147024
0.000300674
0.000257639
0.000466877
0.000400541
0.0002306
0.000135856
0.000117817
8.36214e-05
0.000207269
0.00017568
0.000197051
0.000174421
0.000136732
0.0001707
0.000102961
0.000319699
0.000703602
0.000703629
0.00043438
0.000497986
0.000393118
0.000223825
0.000439912
0.000334063
0.00034572
0.000770269
0.000386773
0.000458989
0.000890151
0.00195373
0.000717015
0.00251914
0.00298085
0.0027087
0.000191308
0.00013474
0.00032143
0.000137072
0.00136103
0.000759685
0.000713644
0.00130986
0.000377781
0.000315658
0.00070877
0.000483582
0.000286122
0.000430446
0.000225033
0.000235572
0.00023889
0.000185
0.00028074
0.000248235
0.000378132
0.000233129
0.000369882
0.000191208
0.000784878
0.00096288
0.000572715
0.00159778
0.00148225
0.000710202
0.000303543
0.000202787
0.000202446
0.000164148
0.000195061
0.00028995
0.00031272
0.0002297
0.000258786
0.000227663
0.000436767
0.000686274
0.000223987
0.000435736
0.000218315
0.00077119
0.000143865
0.000193922
0.000165607
0.000831806
0.000144676
0.000306545
0.000189297
0.0001731
0.000204699
0.000624302
0.000849408
0.0010067
0.000876875
0.00151786
0.000188895
0.000263908
0.000276589
0.000220146
0.000171912
0.000160515
0.000466699
0.000126266
0.000305956
8.42573e-05
0.000185568
0.000174095
8.40048e-05
0.000169842
0.000150464
0.000283684
0.000201981
6.63934e-05
0.000125699
0.000170765
0.000259595
0.000539818
0.000282148
0.000175723
0.000227786
0.000175905
0.000232134
0.000245378
0.000262351
0.000218957
0.00243024
0.00121357
0.00132298
0.000734248
0.0012627
0.00206557
0.000613605
0.000326602
0.000156882
0.000184359
0.000114408
0.000240782
0.000157237
0.000168021
0.000254932
0.000245918
0.000254996
0.000911495
0.00111882
0.00113038
0.00142099
0.000690264
0.00114821
0.00189212
0.00067745
0.00130189
0.00141271
0.000803173
0.00108326
0.00130627
0.00129258
0.00123831
0.00117525
0.00155019
0.000129631
0.000290061
0.000256546
0.000220885
0.000145277
0.000178395
0.000154516
0.000124876
0.000251822
0.000591136
0.000342125
0.000297355
0.000452914
0.000404429
0.00043762
0.000211601
0.000285173
0.000176278
0.000333362
0.00168
0.00228756
0.00307955
0.00169393
0.00300903
0.00488477
0.00307945
0.00211744
0.0053403
0.00453469
0.0051525
0.00720617
0.00391706
0.00745265
0.00448746
0.00308643
0.00520046
0.00552601
0.00244469
0.00231781
0.00154156
0.000505332
0.000147543
0.000209772
0.000214678
0.000126152
0.000128145
0.000195578
0.000131559
0.000208627
0.00012243
0.000128756
0.000187897
0.000130954
0.00378134
0.00956154
0.0104191
0.00927101
0.0101503
0.0103821
0.0103452
0.0104426
0.0103869
0.0104267
0.010416
0.00800311
0.0104384
0.00959778
0.00769283
0.00422742
0.00555781
0.00843105
0.0102491
0.00937775
0.0104426
0.00642236
0.00971138
0.0104318
0.0104328
0.0102968
0.0095502
0.0104105
0.0101895
0.0102042
0.0104107
0.0085718
0.0102749
0.00458651
0.00918002
0.00704077
0.00489
0.0100895
0.00533018
0.00657886
0.0102505
0.0052868
0.0102149
0.00695863
0.00452659
0.00731632
0.00502962
0.0103944
0.00746389
0.00408294
0.00327991
0.0102114
0.00413849
0.00596026
0.00410498
0.00769822
0.00998205
0.00612812
0.00740851
0.00948269
0.00674002
0.00610837
0.00788792
0.00571433
0.0058059
0.00315641
0.00470529
0.00468046
0.0104272
0.010433
0.0100433
0.00928302
0.0102398
0.0103276
0.0096624
0.0104044
0.0103796
0.00531274
0.00493217
0.00768195
0.00414837
0.00493924
0.00690141
0.0100924
0.00726987
0.00677926
0.0103368
0.0100954
0.00756263
0.0102809
0.00518704
0.00461934
0.00402753
0.00494496
0.00733148
0.00584404
0.00779942
0.0103316
0.0100739
0.00994602
0.00202789
0.00725991
0.00413719
0.00340611
0.00967835
0.00718637
0.00524406
0.0051736
0.00445226
0.00401509
0.00165716
0.00359821
0.00450335
0.0045235
0.00448358
0.00431351
0.00850887
0.00977251
0.00952556
0.00964301
0.00400973
0.0068268
0.00384299
0.0102381
0.00551991
0.00755916
0.0100098
0.00443227
0.00426352
0.00391874
0.00492324
0.00378813
0.00897818
0.0075043
0.00398945
0.00480816
0.00320467
0.00919449
0.0083206
0.00439003
0.00463209
0.00429467
0.00460422
0.00383611
0.00533137
0.00371698
0.00359012
0.00352902
0.00671688
0.00360065
0.00455166
0.00552565
0.00401943
0.00342763
0.00300938
0.00337631
0.00767879
0.0030514
0.00282433
0.0025896
0.00415742
0.00548193
0.00626477
0.00922377
0.00685979
0.00576215
0.00996308
0.0104014
0.0102889
0.00605483
0.00962675
0.00920988
0.0057703
0.00980981
0.00443005
0.00312095
0.00516745
0.00936742
0.0048116
0.00531031
0.00930762
0.00777212
0.00542261
0.0029261
0.00275715
0.00325006
0.00251595
0.00400314
0.0084355
0.00249798
0.00518611
0.00101997
0.00342731
0.00355143
0.00245747
0.00383532
0.00176071
0.00199019
0.00220788
0.00208786
0.00281003
0.00236823
0.00212639
0.00164972
0.00251918
0.00234841
0.002431
0.00188404
0.00186202
0.00228503
0.00249453
0.00195174
0.00230737
0.00192013
0.00166072
0.00469468
0.00261296
0.00159394
0.00221909
0.00247361
0.00177258
0.00201919
0.00187241
0.00401205
0.00156715
0.00218937
0.00264359
0.00354066
0.00249815
0.00208336
0.00326298
0.00250916
0.00342689
0.00237021
0.00286794
0.00212573
0.00510118
0.00186891
0.00318774
0.00457381
0.0048209
0.00405929
0.00454508
0.00308198
0.00392906
0.00248731
0.00376045
0.00268834
0.00255141
0.00258121
0.00304653
0.0030268
0.00252683
0.00371629
0.00243422
0.00450369
0.00346923
0.00270475
0.00404932
0.00447586
0.00247645
0.00261451
0.00179915
0.00214784
0.00413651
0.00236329
0.00307019
0.00235619
0.00470704
0.00433534
0.00233964
0.00471117
0.00126788
0.00152473
0.00211275
0.001381
0.00304176
0.00160602
0.00114673
0.00105502
0.00107426
0.00171614
0.00218154
0.00353671
0.00270581
0.0027671
0.00267977
0.00254569
0.00288599
0.00253963
0.00356657
0.00371105
0.00340662
0.00365961
0.00209553
0.00298951
0.00213654
0.0022963
0.00265747
0.00363134
0.00395979
0.00171354
0.00175611
0.0029659
0.00225594
0.00293129
0.00284631
0.00192122
0.00453529
0.00336114
0.00471755
0.0025837
0.00354853
0.00237335
0.0038684
0.00343121
0.00281922
0.00308189
0.00290718
0.00394485
0.00289052
0.00360918
0.00274995
0.00280668
0.00393382
0.00191835
0.00126985
0.00393418
0.00374038
0.00381528
0.00321572
0.00396716
0.00365401
0.0039788
0.00354532
0.00373114
0.00387384
0.00366342
0.00154138
0.00258149
0.00150165
0.00433465
0.00354708
0.000838086
0.00122459
0.00338548
0.00363308
0.00101656
0.00284165
0.00339011
0.00320337
0.0033381
0.00296345
0.0030642
0.00405871
0.00251347
0.00396552
0.00320981
0.00385469
0.00355388
0.00248775
0.00187837
0.0023604
0.00648444
0.00195388
0.00191714
0.00213627
0.0024027
0.00508598
0.00328093
0.00259842
0.0022054
0.00292724
0.0027922
0.00261757
0.00305489
0.00215368
0.00272755
0.00217917
0.00292876
0.00252707
0.00340279
0.00225908
0.00288386
0.00279052
0.00376521
0.00111276
0.00117756
0.00090386
0.00221277
0.00237669
0.00118403
0.00270749
0.00121032
0.00259432
0.00268404
0.00308935
0.00352119
0.00185493
0.00161603
0.00168829
0.00283432
0.00281301
0.00213005
0.00161991
0.0017299
0.00395944
0.00337015
0.00334511
0.00290961
0.00277566
0.00288257
0.00180572
0.00243664
0.00298455
0.00165915
0.00172237
0.00148603
0.00245287
0.00165387
0.000757165
0.000809733
0.00111599
0.00178135
0.000826128
0.00136679
0.00153844
0.000997325
0.0030518
0.000877503
0.000976225
0.00255103
0.00223685
0.00226967
0.00152859
0.00152378
0.00537525
0.00175684
0.00207743
0.00249037
0.00227945
0.00243632
0.00159232
0.00236756
0.00175591
0.000871264
0.00139879
0.00583865
0.00316659
0.00321935
0.00286735
0.00405575
0.00340864
0.00362599
0.00333669
0.000600525
0.00477902
0.00146956
0.00330039
0.00346304
0.0038406
0.00359
0.00276971
0.00186895
0.00226052
0.00188829
0.00234494
0.00682228
0.00591404
0.00272279
0.00307975
0.0027248
0.00264714
0.00293921
0.00202463
0.00460979
0.00306407
0.00168886
0.00203081
0.00300596
0.00250452
0.000638665
0.000477169
0.00194335
0.00368672
0.00252324
0.00247128
0.00180671
0.00378883
0.00244453
0.00205744
0.00214343
0.00209783
0.00118509
0.00113339
0.00134025
0.000743373
0.000780066
0.00088718
0.00151578
0.00219828
0.0020094
0.00121766
0.00121389
0.00117229
0.00118981
0.00105203
0.00133732
0.00160791
0.00142852
0.00169448
0.00189669
0.00218462
0.0017206
0.00231231
0.00225695
0.00201918
0.00213733
0.00217561
0.00152763
0.00184852
0.000967037
0.00125397
0.00422758
0.00287361
0.00324477
0.0019103
0.00342336
0.0035392
0.00280572
0.00244143
0.00185711
0.00168569
0.00245927
0.00189885
0.00213278
0.00200045
0.00100297
0.00265815
0.00306895
0.00247405
0.00511691
0.00263841
0.00354999
0.00364427
0.00212308
0.00535172
0.00229676
0.00174053
0.00226369
0.00455847
0.00188241
0.00159874
0.00148442
0.00243967
0.00123193
0.0024034
0.00125737
0.00346906
0.00178192
0.00217286
0.00244865
0.00225511
0.00318076
0.00276418
0.00334034
0.0022286
0.00279639
0.0037594
0.00348062
0.00591513
0.00245047
0.0040313
0.0010293
0.00245759
0.00113822
0.00223938
0.00243194
0.00235225
0.00263519
0.00278555
0.00194311
0.00205866
0.00171199
0.00188049
0.00238563
0.00182232
0.0029041
0.00298777
0.00275173
0.00170188
0.00170935
0.00270995
0.00217246
0.00269851
0.0018957
0.0039811
0.00189428
0.00175705
0.00313773
0.00355099
0.00159753
0.00169668
0.00341994
0.00263178
0.00432734
0.00314499
0.00278011
0.00195545
0.00193275
0.00118818
0.00206812
0.00114368
0.00154313
0.00146956
0.00105871
0.00120758
0.00136915
0.00192475
0.00171953
0.00194858
0.00214289
0.00144323
0.00123254
0.00149432
0.00183991
0.0021304
0.00175243
0.00308559
0.00161667
0.00213766
0.00301342
0.0036382
0.00339572
0.00371652
0.00240144
0.00329485
0.00530838
0.00480467
0.0042529
0.00398353
0.0033192
0.00306227
0.00290907
0.00328556
0.00122695
0.000906883
0.000870105
0.00103191
0.00166887
0.000869306
0.0010781
0.000973143
0.000940927
0.0013655
0.000965485
0.00135065
0.00118382
0.000741229
0.00110703
0.00102755
0.00100192
0.000938852
0.00133416
0.000867903
0.000906214
0.000852538
0.00113339
0.000965355
0.001
0.00129288
0.00169843
0.00149232
0.00188078
0.00155274
0.00251843
0.00445716
0.00176906
0.00186368
0.00235128
0.00346481
0.00204043
0.00129465
0.00161835
0.00217228
0.00179895
0.00194679
0.000586088
0.000526799
0.000897817
0.00400342
0.00357216
0.00130568
0.00119387
0.00226368
0.00108587
0.00222272
0.000903882
0.00178528
0.00158991
0.00207919
0.000993332
0.00143553
0.00126025
0.0011226
0.00135711
0.0016539
0.00203036
0.00145899
0.00206663
0.00143418
0.00296103
0.000842215
0.00298729
0.00441113
0.0042051
0.00355092
0.0039375
0.000551998
0.000961763
0.00100796
0.000859508
0.00113753
0.000795383
0.00072371
0.00132287
0.00134998
0.00177556
0.00109716
0.00106697
0.0017928
0.00168688
0.00120165
0.0012873
0.00198432
0.001607
0.0018162
0.00157194
0.00215283
0.00160069
0.00160803
0.00223434
0.00171413
0.00188556
0.00194424
0.00148219
0.00235896
0.0020139
0.00153751
0.00140838
0.00274673
0.00417697
0.00436915
0.00248984
0.00183048
0.00260331
0.00170292
0.00286557
0.00487842
0.00375139
0.00451763
0.00299282
0.00307793
0.00478783
0.00412929
0.0048194
0.00353242
0.00421168
0.00480391
0.00495902
0.00275079
0.00452504
0.00271465
0.00288738
0.00277009
0.00303071
0.0025315
0.00256758
0.00288491
0.00212584
0.00180256
0.00352658
0.00156632
0.000898194
0.00128104
0.00122099
0.00155169
0.00227566
0.00243546
0.00151082
0.00136543
0.00177107
0.00165176
0.00191417
0.00115575
0.00243556
0.00206066
0.00191264
0.0019064
0.00106435
0.00127957
0.00155324
0.00231647
0.00171896
0.00158007
0.00154351
0.00187496
0.00183661
0.00158102
0.00241247
0.00261893
0.00137159
0.00159061
0.00185661
0.00168399
0.00197728
0.00285934
0.0018714
0.00210344
0.000632223
0.00110884
0.00105542
0.00213943
0.00107879
0.00243327
0.00146965
0.00348545
0.00173743
0.00126576
0.000993178
0.00134734
0.00121912
0.00147043
0.000869021
0.00124872
0.00147265
0.00143661
0.00130585
0.00155913
0.00163588
0.0046677
0.00149254
0.00157876
0.000971337
0.00182603
0.0037921
0.0013294
0.00165503
0.0017624
0.00175811
0.00163254
0.00118587
0.00156363
0.00121769
0.000983985
0.00140362
0.00119301
0.000822894
0.000862021
0.00102184
0.00149239
0.00106357
0.00277631
0.00186313
0.00169201
0.00213649
0.00164649
0.00169021
0.00198222
0.00146105
0.00120793
0.00132069
0.00117036
0.00172469
0.00205798
0.00262661
0.00183731
0.00296851
0.00284861
0.00196004
0.00160819
0.0034746
0.00189641
0.00194059
0.00347146
0.00285784
0.00173187
0.0035473
0.00304668
0.00265559
0.0043756
0.00269507
0.00408778
0.00250689
0.00162123
0.00109212
0.00167793
0.000918074
0.0029396
0.00490406
0.00093612
0.00122301
0.00127685
0.00138098
0.00084002
0.000810358
0.00321808
0.0025667
0.00266153
0.0034663
0.00192013
0.00206335
0.00238656
0.00284508
0.00400683
0.00283395
0.00326848
0.00301968
0.00224127
0.00135619
0.00158357
0.00136489
0.00176648
0.00134042
0.00146056
0.00432732
0.00155851
0.00156624
0.00130472
0.0011961
0.00174561
0.00168407
0.00171069
0.00107228
0.00123886
0.00256959
0.00313278
0.00271059
0.00268258
0.00167635
0.003919
0.00449607
0.00114228
0.00143785
0.000750039
0.00217524
0.00195984
0.00106695
0.00168677
0.00167014
0.00238983
0.00433765
0.00105719
0.00203792
0.00187171
0.00134498
0.00170582
0.00101272
0.00130531
0.00156019
0.00161084
0.00190822
0.00173614
0.00174902
0.00332671
0.00169935
0.00199554
0.00122514
0.00242227
0.00247137
0.0037943
0.000856896
0.00112311
0.00134542
0.00130587
0.00283373
0.00233759
0.00288887
0.00179764
0.00151865
0.00250292
0.00203299
0.000970394
0.0012975
0.0023757
0.00206454
0.00179415
0.00176873
0.00108892
0.00206355
0.00158811
0.00160159
0.00317247
0.00205875
0.00135389
0.00163211
0.00115427
0.00532597
0.00409101
0.00671281
0.0039527
0.00163933
0.00460351
0.00511467
0.00162954
0.000907093
0.00174101
0.00101602
0.000867941
0.00128609
0.00134236
0.00128966
0.00110733
0.0011919
0.00130926
0.00123551
0.00131924
0.00140767
0.00155067
0.00140691
0.00156846
0.00145823
0.00106015
0.001214
0.0018755
0.00157906
0.00118717
0.00198212
0.00139927
0.00149114
0.00221343
0.000908731
0.00279106
0.00198766
0.00190821
0.00107173
0.00130927
0.00306369
0.00191989
0.00183283
0.00197033
0.00239443
0.00193627
0.00300595
0.00194637
0.0020701
0.00177203
0.00354192
0.00141996
0.00171589
0.00127571
0.00215845
0.00259824
0.00181519
0.00529908
0.00333988
0.00240491
0.00124227
0.00107981
0.00420033
0.00168044
0.00211541
0.00268268
0.00181305
0.00163146
0.0010429
0.00505437
0.00496512
0.00419108
0.00362022
0.00400367
0.00448542
0.00258929
0.00357725
0.00317013
0.00209003
0.00342397
0.00321138
0.00408971
0.0030914
0.00142611
0.00201
0.0021576
0.00335448
0.00193891
0.00238063
0.00286709
0.00258241
0.00194798
0.00391741
0.00338943
0.00486854
0.00426849
0.00455376
0.00302916
0.0031561
0.00446501
0.00488475
0.00362674
0.00570767
0.00267825
0.0032115
0.00159086
0.00283307
0.00285155
0.0024128
0.00409102
0.00234556
0.00490259
0.00427512
0.00403717
0.00265003
0.00273466
0.00209864
0.0021767
0.00295318
0.00370903
0.0046885
0.0044728
0.0025968
0.0039584
0.0029289
0.0025405
0.00306485
0.00282512
0.00445202
0.00341669
0.00505217
0.00516881
0.00501974
0.00277583
0.00479574
0.0037497
0.00426378
0.00242212
0.00282802
0.00477034
0.00256177
0.00268522
0.00503202
0.00490002
0.00197177
0.00252776
0.00340619
0.00273274
0.00261453
0.00480813
0.00270872
0.00317847
0.00314866
0.00501315
0.00465118
0.00530475
0.00367697
0.00254087
0.00577344
0.00382099
0.00350167
0.00386328
0.00282119
0.00420455
0.00263765
0.00201827
0.00163047
0.00243681
0.00227868
0.00285067
0.00210699
0.00276383
0.00275134
0.00252282
0.00178164
0.00250105
0.00329318
0.00257115
0.00308024
0.00309136
0.00216467
0.00248611
0.00301043
0.00256661
0.00551851
0.00250985
0.00226513
0.00161649
0.00223979
0.00225733
0.00217952
0.00221393
0.00179373
0.00228196
0.00355939
0.00184113
0.00281751
0.00424662
0.00232301
0.00248461
0.00454179
0.00373167
0.00451621
0.00491846
0.00463023
0.00270746
0.00484954
0.00269449
0.00302061
0.00290921
0.00342854
0.00249334
0.00299103
0.00259793
0.00299321
0.00277888
0.00233897
0.00218337
0.00259813
0.00299635
0.00239254
0.0024223
0.00301513
0.00220243
0.00252437
0.00249982
0.00187833
0.00184814
0.00202391
0.00316828
0.0044013
0.00313549
0.00291965
0.00389377
0.00316532
0.00228917
0.00193543
0.00215604
0.00276735
0.00361382
0.00195603
0.00209668
0.00250725
0.00299743
0.00209694
0.00148336
0.00172205
0.00150223
0.00591532
0.00182552
0.0019854
0.00214513
0.00210231
0.0020045
0.00242493
0.00257096
0.00314936
0.00327133
0.00243182
0.00385531
0.00251539
0.00401807
0.00177525
0.00196483
0.00181888
0.00164298
0.00220868
0.00214023
0.0016021
0.00409479
0.00314166
0.00263259
0.00305874
0.00209929
0.00194334
0.00163342
0.00191957
0.003951
0.00405363
0.00244879
0.00239648
0.00212642
0.00204061
0.00236205
0.00143035
0.00246632
0.00253072
0.00270068
0.00220896
0.00149018
0.00268878
0.0022271
0.00196954
0.00275595
0.00276889
0.00427195
0.00346412
0.00308376
0.00588052
0.00290776
0.00372402
0.00269711
0.00342291
0.00322937
0.00263564
0.00334825
0.00490612
0.00496013
0.00381414
0.00481319
0.00369305
0.00321038
0.00297515
0.00319894
0.00379826
0.0032275
0.00319463
0.00229355
0.00389669
0.00307548
0.00330233
0.00194643
0.00432403
0.00421458
0.00399752
0.00385468
0.00373204
0.00305949
0.00243344
0.00258554
0.00297419
0.00368346
0.00490715
0.00166261
0.00215609
0.00250498
0.00196339
0.00223884
0.00218881
0.0022283
0.00181662
0.00219625
0.00471892
0.00415217
0.00240237
0.00249644
0.00315658
0.00342445
0.00367333
0.00291092
0.00434117
0.00342156
0.00617703
0.00337355
0.002319
0.0042987
0.00386137
0.00311119
0.00357672
0.00306863
0.00287905
0.00237266
0.00246831
0.00276086
0.00305492
0.00551405
0.00197826
0.00297667
0.0027936
0.00249399
0.00243208
0.00212202
0.00368292
0.00313711
0.00490883
0.00284947
0.00211578
0.00423841
0.00296345
0.00214087
0.00222298
0.00307579
0.00220221
0.00295243
0.00165346
0.00340294
0.00211173
0.00213532
0.00216365
0.00249258
0.00366913
0.00390087
0.00249588
0.00385594
0.00469451
0.00280469
0.00406901
0.00235366
0.00126775
0.00421287
0.00367638
0.00399983
0.00357952
0.00529605
0.00490903
0.0050084
0.00346346
0.00377781
0.00351881
0.00292593
0.00242865
0.00269305
0.00263299
0.00411249
0.00485443
0.00503106
0.00475794
0.00268998
0.00313536
0.00281169
0.00236818
0.00415926
0.00443578
0.00281759
0.0022095
0.00258382
0.00232632
0.00213809
0.00195317
0.000740231
0.00266194
0.00245704
0.00112962
0.00158958
0.00275831
0.00196181
0.00258482
0.00264375
0.00184431
0.00354895
0.00410885
0.00200824
0.00266013
0.00135893
0.00134805
0.00235877
0.000792585
0.00049949
0.000395635
0.00216732
0.00191541
0.00438696
0.00447044
0.0025568
0.00296082
0.00200322
0.00288432
0.00307118
0.00308125
0.0031084
0.00288614
0.00352327
0.00285729
0.00573464
0.00354121
0.00355414
0.00376009
0.00258501
0.00331183
0.0024755
0.00415124
0.00265163
0.00140786
0.00168591
0.0017157
0.00232893
0.00144429
0.00279817
0.00293052
0.00142482
0.00106314
0.000940407
0.00218129
0.00221708
0.000953999
0.00115704
0.00188213
0.00235377
0.00146825
0.00196122
0.00175685
0.0026887
0.00225693
0.00202318
0.00148338
0.00226635
0.00220333
0.00143671
0.00230715
0.00190999
0.0046529
0.00213229
0.00186953
0.00245281
0.00132997
0.00113817
0.00176248
0.00129094
0.00147802
0.00180967
0.00201607
0.00179991
0.00145853
0.00147337
0.00154538
0.00151213
0.00158422
0.00101262
0.00204624
0.000839587
0.00184547
0.00122269
0.00191571
0.002208
0.00140649
0.00273924
0.00129881
0.00257403
0.00351128
0.00162888
0.00374832
0.00171196
0.00312847
0.00168663
0.00235214
0.00105474
0.00210129
0.00205886
0.00144665
0.00175357
0.0015263
0.00274478
0.0015428
0.00139005
0.00240797
0.00199993
0.00186676
0.00267814
0.00236275
0.00192523
0.00203296
0.00137291
0.0014257
0.00158158
0.00193487
0.00125303
0.00127152
0.00138155
0.00145555
0.00177333
0.00142082
0.00148168
0.00247188
0.00111296
0.00184336
0.00264344
0.00205047
0.00173526
0.00199258
0.00235812
0.00210687
0.00143514
0.00261344
0.00231453
0.0015954
0.00194879
0.00129066
0.00176358
0.00153339
0.00138226
0.00124594
0.00118343
0.00127638
0.000751001
0.00146601
0.0015212
0.00177436
0.00169312
0.00183274
0.0013198
0.00213567
0.00139087
0.00196886
0.00162653
0.00206611
0.00176155
0.0020078
0.00213321
0.00171936
0.00145746
0.00178468
0.00146401
0.00183167
0.00176083
0.00197401
0.00122127
0.00188341
0.00153571
0.00163814
0.00173164
0.00127347
0.00114883
0.00154833
0.00131122
0.00157377
0.00196011
0.00123523
0.0015305
0.00160364
0.00155651
0.00128193
0.00190994
0.00110493
0.00180786
0.00235239
0.00321549
0.00201981
0.00356604
0.00195888
0.00189084
0.00317362
0.00366279
0.00299852
0.00477657
0.00441521
0.00339955
0.0036002
0.00436867
0.00320411
0.00415981
0.00231366
0.00289285
0.00262322
0.00496727
0.00264165
0.003844
0.00201662
0.00449532
0.00239216
0.00115035
0.0027278
0.00394721
0.00167543
0.00258086
0.00186308
0.00252966
0.00186828
0.00308579
0.00211195
0.00344892
0.00273984
0.00429023
0.00425612
0.00256885
0.00220229
0.00389593
0.00165956
0.00400496
0.00491029
0.00276072
0.00483047
0.00409575
0.00466464
0.00379503
0.00426671
0.0038078
0.00496711
0.00403239
0.00379886
0.00479161
0.00483455
0.00425176
0.00445258
0.00485631
0.00471839
0.00108934
0.00168675
0.00171049
0.0024522
0.00140754
0.0017852
0.00223757
0.00150105
0.00199615
0.00167453
0.00266794
0.00171682
0.00422659
0.00211441
0.00299197
0.00272859
0.00405611
0.00266669
0.00219328
0.00237762
0.00362281
0.0025738
0.00242646
0.00399142
0.00164851
0.00214894
0.00485595
0.00191623
0.00263505
0.00149333
0.00186493
0.00173605
0.00152947
0.00197546
0.00415273
0.00248362
0.00329526
0.00461954
0.00159083
0.00475004
0.00431101
0.00160596
0.00151568
0.00288429
0.000932417
0.000992956
0.00112979
0.0010298
0.00116888
0.00169513
0.00112173
0.0016995
0.00154233
0.00262639
0.0027671
0.00310198
0.0038038
0.00163857
0.00113629
0.00115114
0.0013583
0.000825712
0.00110225
0.00110547
0.0017728
0.00123029
0.00112324
0.00106004
0.00122903
0.00158319
0.001564
0.00151986
0.0019817
0.00258241
0.00205577
0.00156924
0.00201614
0.00139624
0.00144435
0.000997895
0.00190665
0.00146276
0.0012007
0.00121133
0.00142591
0.0011569
0.00176854
0.00133009
0.0012536
0.00137
0.00114694
0.00113934
0.00113681
0.00147349
0.00113048
0.000877404
0.00101967
0.00120524
0.000714314
0.00138957
0.00165819
0.00149415
0.00125677
0.00125628
0.00252478
0.00273125
0.000648344
0.00131188
0.000889574
0.00237898
0.0032946
0.00247772
0.00252878
0.00246616
0.00273922
0.00206952
0.00300232
0.00249606
0.00127101
0.00191307
0.00173873
0.00125396
0.00119475
0.00132468
0.00266183
0.00129095
0.00179036
0.00186967
0.00042988
0.00242309
0.00125662
0.00146309
0.00106477
0.00102285
0.000384244
0.00191827
0.00136271
0.00296778
0.00135514
0.00146049
0.000866811
0.00123577
0.000873349
0.00184292
0.00191339
0.00239334
0.000557462
0.000398975
0.00164134
0.00131103
0.00225225
0.0014802
0.00216651
0.00118093
0.00166325
0.00210657
0.00143778
0.00171909
0.000999737
0.00133145
0.000968414
0.00103373
0.000822023
0.00111829
0.000877091
0.00407602
0.0029151
0.00225047
0.00281147
0.00250225
0.00192986
0.00254347
0.00178314
0.00318149
0.0038578
0.00280226
0.00269919
0.00396931
0.00381268
0.00498604
0.00351836
0.00162686
0.00169388
0.00166882
0.00202761
0.00156843
0.00135867
0.00120284
0.00159845
0.0012788
0.000995291
0.00106069
0.000882735
0.000470959
0.000502563
0.00064201
0.000266246
0.000305578
0.00263699
0.00297793
0.002658
0.00356096
0.00301298
0.00521149
0.0022002
0.000743501
0.0012061
0.00242131
0.00129593
0.00103325
0.00117494
0.00109695
0.00124104
0.00478489
0.00446467
0.00396844
0.00509503
0.00966286
0.00433678
0.00419157
0.00683413
0.00474301
0.00235447
0.00107231
0.00119689
0.00331757
0.00368673
0.00360971
0.00126191
0.00155589
0.00159243
0.00191865
0.0013526
0.00138041
0.00171084
0.0034697
0.0013551
0.00151072
0.00127372
0.00163206
0.00186052
0.00166971
0.0016217
0.00144191
0.00162486
0.00168565
0.00112545
0.00109202
0.00179944
0.00128643
0.00139374
0.00427835
0.00423004
0.00374098
0.0041009
0.00374485
0.00343235
0.0121139
0.00175075
0.00331443
0.00305134
0.00386858
0.00269395
0.00124326
0.00119049
0.00135914
0.00128534
0.00123551
0.00158883
0.00133445
0.00153754
0.00146038
0.00265528
0.00187513
0.00252409
0.00176147
0.00168963
0.00153049
0.00227128
0.00161285
0.00160607
0.00175881
0.00177401
0.00340479
0.00244174
0.00203093
0.00175872
0.00133021
0.00137562
0.00137028
0.00227871
0.00366075
0.00156469
0.00174146
0.00159434
0.00161349
0.00327763
0.00357611
0.00494488
0.00315469
0.00363059
0.00264894
0.0036137
0.00120177
0.00214752
0.0036231
0.00161566
0.00139926
0.00343018
0.00503547
0.00284933
0.00495122
0.00474464
0.00400967
0.00279281
0.00513438
0.00523283
0.00569224
0.00393015
0.0050811
0.00809755
0.0118774
0.0049031
0.00409267
0.004129
0.00505306
0.00365888
0.00460834
0.00207393
0.00485193
0.00471829
0.00254265
0.00401946
0.00664178
0.00362122
0.00628513
0.00491042
0.00351245
0.00640133
0.00430512
0.00596747
0.00789856
0.00694429
0.00801118
0.00785162
0.00684543
0.00381119
0.00444669
0.00697248
0.0100118
0.00735656
0.0109362
0.00913289
0.00709024
0.0103843
0.00325354
0.00540946
0.00539906
0.00444732
0.00783871
0.0069891
0.00388072
0.00603452
0.00526584
0.00401917
0.00303448
0.00336216
0.00628295
0.00404193
0.00678812
0.00548931
0.00680849
0.00536504
0.00709761
0.00906876
0.00363853
0.00627927
0.00647912
0.00573387
0.00662415
0.00523498
0.00597562
0.00334029
0.00613595
0.00575076
0.0026377
0.00151172
0.00135674
0.00105706
0.00099817
0.00102211
0.00113174
0.00101275
0.00167439
0.0015038
0.00225642
0.00103973
0.00112036
0.001074
0.00110893
0.000714901
0.00148148
0.00592801
0.00630918
0.0070284
0.0043369
0.00785342
0.00357126
0.00142924
0.00350496
0.00619035
0.00633285
0.00338635
0.00308391
0.00831584
0.0103567
0.00695915
0.0096608
0.00923876
0.010836
0.00527102
0.00430257
0.00761028
0.0110152
0.00970993
0.00740989
0.00991813
0.0116597
0.00535439
0.00877116
0.0098372
0.00668247
0.00444102
0.00572552
0.00621898
0.00562529
0.00467518
0.0049573
0.00827543
0.0062293
0.00457689
0.00605868
0.0077196
0.00455325
0.00562737
0.00126259
0.00342675
0.00191506
0.00200471
0.00376226
0.0041461
0.00104851
0.00133269
0.00114287
0.00134013
0.0010576
0.0013966
0.00146114
0.0011242
0.00106308
0.000887561
0.00206899
0.00223093
0.00393902
0.00379381
0.00537127
0.00395519
0.0043683
0.00615528
0.0053814
0.00156322
0.00295852
0.00146225
0.00188606
0.00183065
0.000580622
0.00381669
0.00304064
0.00227417
0.00223882
0.00193345
0.00129055
0.00168624
0.00413041
0.0023647
0.00094363
0.000785497
0.000901806
0.00160309
0.00122198
0.001948
0.000874831
0.00221623
0.00102538
0.00110383
0.00149105
0.00150722
0.00151768
0.00110766
0.00213427
0.00617594
0.00104647
0.00132044
0.00116195
0.000996465
0.00110265
0.00336895
0.00226788
0.00194842
0.00249884
0.00175153
0.00179498
0.00770783
0.00671732
0.00878051
0.00848205
0.00935308
0.0125631
0.00351195
0.00637578
0.00593591
0.00288918
0.0077599
0.00762451
0.00434196
0.00545624
0.0114408
0.00703431
0.00691912
0.00680443
0.00435965
0.0103324
0.00937095
0.00197234
0.00252496
0.00758289
0.00583216
0.00609442
0.00683855
0.00490758
0.00330322
0.00374627
0.00667968
0.00359356
0.00571961
0.00621234
0.00761212
0.00426079
0.00667843
0.00481737
0.00662025
0.0069953
0.0062959
0.0059651
0.00726684
0.00421843
0.00633985
0.00800532
0.00638442
0.00737965
0.00690872
0.00687666
0.00636985
0.00539426
0.00622778
0.00627896
0.00253723
0.00492875
0.00550406
0.00810286
0.00297717
0.00982747
0.00838051
0.00700472
0.00728801
0.00868388
0.0078586
0.00536574
0.00531902
0.00600871
0.0069942
0.0061701
0.0055877
0.00909261
0.00698882
0.00269137
0.00672177
0.00626061
0.00171937
0.0018177
0.00158667
0.00183385
0.00203786
0.00207966
0.00242185
0.00526655
0.00489309
0.00264349
0.00438413
0.00387652
0.00330759
0.00163321
0.00136516
0.0012819
0.00170325
0.00152276
0.00139076
0.00197433
0.00135283
0.00192278
0.00118591
0.00139348
0.00178003
0.000991655
0.00225183
0.00205245
0.00283132
0.00182705
0.00195827
0.00302912
0.00167275
0.00163036
0.00194709
0.00201049
0.00191489
0.00218283
0.0020244
0.00213469
0.00338845
0.0031141
0.000975217
0.000957962
0.00104775
0.000947296
0.00128375
0.00100161
0.00147936
0.00186395
0.00105417
0.00143255
0.00166176
0.00124102
0.00161207
0.00167815
0.00348769
0.00346383
0.0041086
0.0015218
0.00286267
0.00248383
0.00241236
0.0032305
0.0029129
0.00314174
0.00286318
0.00242844
0.00478043
0.00317328
0.00502423
0.0043763
0.00278057
0.00405922
0.00212564
0.00213213
0.00141126
0.00257077
0.00342878
0.00478954
0.00489969
0.00504916
0.00144779
0.00145936
0.00174762
0.00168489
0.00174766
0.00106309
0.00125775
0.00107168
0.0015815
0.00146371
0.00122856
0.00172824
0.00147486
0.00516203
0.00440366
0.00234632
0.00419468
0.0049724
0.00547648
0.00354373
0.00516384
0.00358784
0.00506028
0.00718691
0.00366447
0.00592465
0.00614532
0.0047468
0.00495619
0.00439537
0.00427207
0.00453121
0.00468493
0.00493652
0.00455096
0.00377942
0.00484108
0.00459609
0.00354563
0.00442707
0.0026168
0.00254099
0.00311417
0.00408109
0.00277436
0.00212866
0.00401587
0.00307003
0.00419509
0.0025763
0.00367527
0.00209109
0.00229203
0.00117525
0.00289245
0.00234426
0.00170013
0.00357653
0.00507001
0.0080944
0.00718683
0.00550301
0.00766265
0.00858014
0.00945638
0.00717672
0.00733241
0.00557601
0.00398912
0.00486344
0.00251371
0.00180948
0.00106602
0.00342882
0.00185044
0.00421201
0.00208677
0.00195968
0.00197159
0.00202444
0.00213501
0.00283629
0.00284778
0.00139696
0.0020186
0.00105648
0.0012275
0.00187346
0.00291348
0.00422701
0.00225439
0.0051249
0.00541152
0.00344017
0.00409338
0.00580478
0.00586541
0.00522703
0.00441749
0.00418075
0.00209182
0.00462649
0.00220029
0.00629169
0.00654478
0.00609425
0.00899325
0.00802902
0.00479471
0.00456168
0.00578708
0.00736006
0.00973572
0.012959
0.00982744
0.00860116
0.0062979
0.00638742
0.00875813
0.00431517
0.00292079
0.00702094
0.00202676
0.00179537
0.00236787
0.00576891
0.00569499
0.00271244
0.00287691
0.00247288
0.00553153
0.00530669
0.00276644
0.00287702
0.00195344
0.00505627
0.00427426
0.00319302
0.0022243
0.00283528
0.00523189
0.00503909
0.0052184
0.0048284
0.005949
0.00496164
0.00653368
0.00274404
0.00488376
0.0047936
0.0041695
0.00469859
0.00268523
0.00800823
0.0070933
0.00614072
0.00989767
0.00756499
0.00884633
0.00677548
0.00883053
0.00606539
0.00647419
0.00317738
0.00335769
0.00290544
0.0026625
0.00288854
0.0058725
0.00435177
0.00390518
0.00581322
0.00306632
0.0051115
0.00551987
0.00678732
0.00328782
0.00342836
0.00270945
0.00251466
0.00392285
0.00117031
0.00121721
0.00200006
0.00190227
0.00164983
0.00126111
0.00165545
0.00554222
0.00283872
0.00542473
0.00408622
0.00504868
0.00707724
0.00758433
0.00701106
0.00500948
0.00932924
0.00834673
0.00560662
0.0084449
0.010224
0.00932692
0.0092529
0.00155087
0.00240026
0.00210859
0.00118008
0.0011217
0.00117072
0.00383911
0.00490285
0.0053763
0.00343797
0.00504053
0.00598209
0.00663645
0.00458905
0.00663927
0.00476273
0.00532132
0.00582112
0.00489458
0.00174066
0.00207201
0.00175544
0.00160555
0.00183162
0.00197859
0.00323675
0.00234483
0.00181496
0.00284099
0.00368046
0.00220065
0.00218997
0.00180604
0.00434608
0.00288592
0.00386247
0.00480812
0.00416881
0.00517325
0.00470378
0.00449561
0.00324345
0.00467576
0.0046518
0.00255129
0.00288674
0.00301401
0.00259232
0.00165042
0.000936974
0.00091038
0.00110173
0.00113851
0.000959331
0.00238693
0.00199322
0.0020336
0.00211764
0.00268763
0.00321902
0.00317868
0.00264908
0.00264051
0.00139442
0.0024676
0.00330903
0.00428075
0.00252165
0.00258738
0.00291327
0.00184661
0.00232714
0.00374645
0.00189814
0.00212769
0.00347787
0.00339278
0.00314499
0.00177197
0.00194415
0.00174502
0.00189653
0.00250922
0.00167852
0.00196265
0.00546782
0.00529067
0.00493959
0.00554294
0.00818212
0.00699395
0.00859884
0.00673095
0.00886352
0.00115214
0.00323122
0.00391525
0.00155837
0.00223393
0.00119966
0.00149603
0.00136143
0.00445365
0.00423828
0.00286969
0.00377813
0.00167319
0.00145099
0.0021265
0.00151174
0.00266524
0.00185099
0.00182138
0.00229286
0.00102984
0.00146938
0.00239535
0.00194704
0.00217181
0.00181634
0.00150587
0.00276815
0.000740474
0.00190978
0.00341611
0.00239057
0.00402103
0.0034347
0.00378045
0.00235672
0.00239626
0.00294926
0.00243703
0.0118098
0.00879759
0.00986556
0.00838605
0.00804496
0.00835175
0.00754516
0.00815237
0.00351998
0.00500594
0.00691195
0.00679723
0.00613836
0.00794335
0.00648348
0.00694838
0.00733985
0.00715859
0.00876742
0.00813412
0.00640764
0.0038078
0.00702944
0.00446094
0.00586132
0.00367034
0.0035589
0.00904813
0.00761204
0.00636595
0.00489363
0.00547476
0.00464784
0.00606139
0.00567097
0.00258223
0.00520248
0.00427464
0.00238438
0.00176659
0.00224126
0.005121
0.00529969
0.0055069
0.00954248
0.00325755
0.00419593
0.00549599
0.00285811
0.00329546
0.00450982
0.00258312
0.00321861
0.00414388
0.00334077
0.0045325
0.00524017
0.0030688
0.00435058
0.0047576
0.00465244
0.00630332
0.00298609
0.00366356
0.0030552
0.00310157
0.00294962
0.00253466
0.00251912
0.00300831
0.00175034
0.00196057
0.00193666
0.00166837
0.00773328
0.00693793
0.00692705
0.00529482
0.00579605
0.00330372
0.00484931
0.00325782
0.0027459
0.00325245
0.00441808
0.0040619
0.00164806
0.00267539
0.00268104
0.00536057
0.00385744
0.00588772
0.00455529
0.00375322
0.00584654
0.00576905
0.00353569
0.0030478
0.00317794
0.00230327
0.0053887
0.00257996
0.00368324
0.00321732
0.00142622
0.00475966
0.00178275
0.00141736
0.0015873
0.00452477
0.0052248
0.00172267
0.00286486
0.00468627
0.00579674
0.00452945
0.00557188
0.00501927
0.00504397
0.00578013
0.00510398
0.00288805
0.00318266
0.00400669
0.00497151
0.00431698
0.00495582
0.00447198
0.00546185
0.00401263
0.00294237
0.00159573
0.00197003
0.00126978
0.00272377
0.00335584
0.00273182
0.00207829
0.00218851
0.00270268
0.00191004
0.00169619
0.00138373
0.0015404
0.00177241
0.0018248
0.00167773
0.00153342
0.00282761
0.00209791
0.00150019
0.00226913
0.0015663
0.00183102
0.00239305
0.00202188
0.00308326
0.0028251
0.00224789
0.00173887
0.00203077
0.00120152
0.00141241
0.00212267
0.00369525
0.00348947
0.00216034
0.00247169
0.00314826
0.00204013
0.00334388
0.00195527
0.00227777
0.00329695
0.0028205
0.00304783
0.00213346
0.00215589
0.00250064
0.0018944
0.00196962
0.0016991
0.0018864
0.00280285
0.00197116
0.00258767
0.00314158
0.00234181
0.00199459
0.00222251
0.00238529
0.00298364
0.0026797
0.00254172
0.00281919
0.00283891
0.00433672
0.00214373
0.00239428
0.00148858
0.00231131
0.00154193
0.00132813
0.00131296
0.00124854
0.00094199
0.000895084
0.00142912
0.00132668
0.000807954
0.00120069
0.00192024
0.00320716
0.0015765
0.00191495
0.00170054
0.00262589
0.00243097
0.00253192
0.00119373
0.000828606
0.00136585
0.00171217
0.00190895
0.000975548
0.00122309
0.00110236
0.00116864
0.000985024
0.00131324
0.00175036
0.00263615
0.00326658
0.00180986
0.00209591
0.0024686
0.0033934
0.00125159
0.00107011
0.00483158
0.00324262
0.00315432
0.00262158
0.00222684
0.00334518
0.00291013
0.0044674
0.00434513
0.00481622
0.00433811
0.0036965
0.00426357
0.00469347
0.00143309
0.00409253
0.00377333
0.00662379
0.00340282
0.00347683
0.00268837
0.00261571
0.00154945
0.00686719
0.00547943
0.00243131
0.00277493
0.0018727
0.001187
0.00120019
0.00216947
0.00214622
0.00258406
0.00439286
0.00217985
0.00204582
0.00153928
0.00385838
0.00411359
0.00543125
0.00100037
0.0012548
0.00117254
0.00194281
0.00114809
0.00325265
0.00384621
0.00117054
0.00141153
0.00215798
0.00188562
0.00161767
0.00402369
0.00264819
0.00153255
0.00117157
0.00169027
0.00372261
0.00352838
0.00469882
0.00479736
0.00260864
0.002572
0.00391736
0.00178547
0.0050119
0.00496906
0.0026452
0.00238091
0.00511394
0.00391661
0.00161874
0.00143603
0.0085833
0.007026
0.0106723
0.0101597
0.0105735
0.0109744
0.0080907
0.0104706
0.00153927
0.00105288
0.00324414
0.00333762
0.00189823
0.00443678
0.0044501
0.0030797
0.000763561
0.00132157
0.00219623
0.00129708
0.00122273
0.00428779
0.00334194
0.00428043
0.00205713
0.00302296
0.00408726
0.00254981
0.00136075
0.0015173
0.00204851
0.00172022
0.00131782
0.00175109
0.00227679
0.00301985
0.00206253
0.00152765
0.00124102
0.000785153
0.000604349
0.000582691
0.00434735
0.000989063
0.00169724
0.00362239
0.003487
0.00166046
0.000855766
0.00323455
0.00183857
0.00410138
0.00388021
0.00370088
0.0029991
0.00436829
0.00376055
0.00397629
0.00627908
0.00172511
0.00223351
0.00366687
0.00171095
0.00274258
0.00225105
0.00188938
0.00226393
0.00234511
0.00315506
0.00291574
0.00272554
0.00295596
0.00351543
0.00322718
0.00198167
0.00297572
0.00312174
0.00283483
0.00563496
0.00175282
0.00123548
0.00843207
0.00805509
0.0100369
0.00907931
0.00417742
0.00603359
0.00661697
0.0069539
0.0116693
0.0103625
0.00884938
0.00841988
0.0105024
0.00870107
0.00508387
0.00394402
0.00588897
0.00534158
0.00894078
0.00569867
0.00718705
0.00698464
0.0075976
0.00151019
0.00138112
0.0028532
0.00099583
0.00165568
0.00151221
0.00294727
0.00113236
0.00128118
0.000865084
0.000937905
0.00320674
0.00355651
0.004563
0.00702582
0.00511247
0.00407254
0.00878968
0.00607867
0.00426608
0.00469791
0.00500917
0.00500888
0.00451754
0.00545598
0.00578895
0.00484068
0.00370215
0.00473657
0.00467916
0.00499029
0.0054133
0.00447753
0.00550678
0.00455972
0.00504699
0.00296575
0.00500195
0.00546659
0.00505413
0.0048908
0.0052647
0.00456914
0.00504673
0.00513816
0.00434181
0.00516818
0.0043985
0.00426077
0.00455045
0.00502616
0.00459493
0.0046548
0.00474683
0.00484712
0.00454411
0.0040361
0.00425661
0.00453948
0.00364245
0.00280427
0.00501335
0.0037083
0.00393528
0.00267096
0.00457262
0.00393224
0.00305322
0.00238458
0.0040919
0.00420845
0.00319648
0.00217654
0.00314573
0.00354724
0.0035465
0.00300697
0.00414896
0.00282606
0.00301664
0.00271549
0.00210644
0.00333026
0.00319925
0.0021741
0.00382397
0.00378899
0.00377797
0.00279289
0.00208426
0.00229698
0.00169097
0.00220147
0.00224591
0.0032517
0.00280924
0.00192752
0.00214204
0.00207861
0.00255447
0.00327449
0.00306623
0.00315056
0.00204138
0.00380997
0.00202933
0.00186847
0.00264833
0.00162526
0.00182539
0.00178592
0.00257053
0.00248601
0.00112849
0.00364157
0.00381829
0.0022827
0.00193274
0.0022227
0.00129295
0.00137908
0.00114784
0.00183879
0.00198215
0.00208724
0.00336203
0.0015704
0.00246954
0.00160807
0.0022227
0.00166546
0.00224287
0.00235017
0.00223083
0.00216595
0.00230658
0.00260333
0.00237334
0.000450664
0.000930557
0.0019586
0.003188
0.00265066
0.00302327
0.00302585
0.00236642
0.00453368
0.00578699
0.00562554
0.00355929
0.0044696
0.00583246
0.00614502
0.00286192
0.00295645
0.00380926
0.00245833
0.0052705
0.00586205
0.00565786
0.00401119
0.00445631
0.00422536
0.00265215
0.00262655
0.00707401
0.00791827
0.00633267
0.00755529
0.00924865
0.00179047
0.00283752
0.00193035
0.00295675
0.00277507
0.0018257
0.00286585
0.00283092
0.00323261
0.00276214
0.00513469
0.00243146
0.00718983
0.00677502
0.00426617
0.00755621
0.00701556
0.00814928
0.00658616
0.00744048
0.00453028
0.00865468
0.00830274
0.0068071
0.00608328
0.00447733
0.00429084
0.00110663
0.00221942
0.00231649
0.00208153
0.00241559
0.00328565
0.00212619
0.00218744
0.00254875
0.00302643
0.00301864
0.00367121
0.00282067
0.00400211
0.00148577
0.00141737
0.001255
0.00117762
0.00130905
0.00128828
0.00117472
0.00125726
0.00137483
0.00169998
0.00131265
0.00133158
0.00164487
0.00187336
0.0020984
0.00201701
0.0024624
0.00216321
0.00319348
0.00216909
0.00267676
0.00314555
0.00179816
0.00192504
0.0020284
0.00234235
0.00342763
0.00229518
0.00275577
0.00361276
0.003008
0.00283179
0.00225806
0.000866207
0.00130196
0.00131895
0.000471154
0.000238806
0.0008835
0.000809251
0.00082262
0.000986906
0.00109244
0.00133399
0.00146465
0.00215506
0.00119368
0.0019143
0.000936702
0.00204473
0.00273094
0.00144689
0.00160267
0.00115975
0.00174029
0.000864075
0.00140652
0.00172289
0.000878545
0.000521424
0.00166894
0.00154737
0.00159306
0.0010787
0.0016398
0.000350146
0.000236447
0.00020827
0.000235564
0.000256155
0.00115055
0.000852807
0.00129213
0.000859863
0.000594844
0.00171287
0.00200879
0.00215331
0.00130767
0.00233639
0.00200887
0.00155643
0.00178363
0.00183784
0.00293279
0.00275584
0.00225234
0.00148594
0.0018772
0.00221736
0.00246732
0.00240448
0.00136224
0.00221377
0.00209033
0.00216304
0.00185972
0.00150106
0.00222216
0.00213873
0.00175036
0.00164757
0.00115831
0.00111917
0.00112075
0.000316687
0.000239481
0.000234239
0.00036836
0.000273741
0.000217157
0.000263226
0.000214252
0.0002632
0.000392639
0.000314675
0.000206729
0.000226487
0.00027426
0.000515563
0.000289339
0.000276763
0.000199466
0.000277033
0.000431942
0.000300938
0.00160768
0.00142504
0.000874585
0.00194362
0.00226075
0.00222023
0.00157735
0.00173162
0.00184349
0.00165751
0.00165764
0.00131762
0.0011707
0.00163481
0.00307097
0.00765484
0.0034702
0.00786407
0.00292043
0.00260752
0.00357868
0.00171689
0.00170254
0.00259676
0.0033185
0.00158358
0.00173515
0.00179642
0.00170662
0.0017888
0.00229246
0.00209547
0.00178475
0.0016831
0.00146016
0.00177851
0.00206754
0.00172232
0.00195777
0.00206794
0.00179558
0.0017468
0.00174144
0.00171051
0.00174295
0.0017427
0.00150809
0.00178339
0.00131924
0.00176438
0.00178056
0.00175465
0.00112023
0.00110102
0.00115269
0.00176717
0.00151454
0.00114127
0.00112629
0.00140683
0.00152036
0.00212814
0.00188174
0.00176216
0.00185878
0.00182721
0.00181564
0.00172299
0.00197658
0.00183004
0.00200837
0.0018289
0.00204964
0.00168093
0.00176473
0.00173578
0.00219496
0.00204613
0.0016834
0.00179525
0.0051213
0.00624689
0.00351287
0.0022695
0.00322646
0.0126974
0.00959029
0.00715085
0.0079147
0.00707441
0.00749856
0.00688182
0.00593105
0.00609037
0.00169585
0.0017841
0.00165569
0.00181969
0.00166294
0.0023439
0.00242707
0.00748626
0.00834757
0.00755768
0.00769238
0.00743412
0.00793484
0.00845482
0.00862517
0.0106976
0.00734484
0.00672511
0.00629006
0.00768071
0.0023421
0.0030742
0.0019111
0.00493195
0.00452966
0.00280125
0.0019666
0.00246764
0.00199895
0.00386446
0.00188805
0.00247735
0.00187875
0.00198802
0.00202106
0.0022838
0.00185234
0.00290646
0.0070197
0.00643294
0.00677062
0.00507764
0.00487876
0.00829521
0.00545228
0.0105158
0.00471912
0.00283591
0.00757947
0.00492143
0.00688274
0.0064688
0.00615306
0.00585821
0.00745053
0.00677553
0.00836628
0.00784268
0.00612354
0.0089095
0.00737544
0.00643124
0.00571545
0.00623125
0.00843377
0.00749485
0.00706099
0.00706333
0.00214559
0.00174781
0.00182367
0.00252567
0.00183325
0.00162868
0.00171644
0.00153373
0.0017498
0.00162203
0.00162697
0.00171894
0.00155615
0.00174843
0.001126
0.00173153
0.00168371
0.00180389
0.00159618
0.00170839
0.00157032
0.0054569
0.00162833
0.00206232
0.00169662
0.00207819
0.00201406
0.00201416
0.00311396
0.0018605
0.00187389
0.00139735
0.00172259
0.00190863
0.00188035
0.00270639
0.00323674
0.00683026
0.00489898
0.00271233
0.00652095
0.00486556
0.00258426
0.00402582
0.003282
0.00411006
0.00334025
0.00161109
0.00300832
0.00429559
0.00577167
0.00366482
0.00503387
0.00264352
0.00311099
0.00148459
0.0040672
0.00158772
0.00374225
0.00341986
0.00299177
0.00395599
0.00465257
0.00361868
0.00192102
0.00507206
0.00487032
0.00262689
0.002819
0.00380825
0.00336866
0.00242996
0.00274873
0.00105987
0.00448014
0.00316176
0.00206953
0.00108596
0.00234679
0.00217335
0.00239289
0.0010831
0.00152056
0.001193
0.00107063
0.0010533
0.00134463
0.00333803
0.00467494
0.00142885
0.00131411
0.00276943
0.00298944
0.00263693
0.00207926
0.00259442
0.00664549
0.00185798
0.00115111
0.00450883
0.00145962
0.00187969
0.00116364
0.00110279
0.00201283
0.00160367
0.00175217
0.00176858
0.00140218
0.0015492
0.00177994
0.00115044
0.00176401
0.00133196
0.00281261
0.00241252
0.0023783
0.00220436
0.00187107
0.00318312
0.00144484
0.00380264
0.00242206
0.00425369
0.00356193
0.00262804
0.00172316
0.00310018
0.00327894
0.00375314
0.0049393
0.00378485
0.00354451
0.00294691
0.00274278
0.00124366
0.00165292
0.00169139
0.00174281
0.00113977
0.00175016
0.00113997
0.00114741
0.00134322
0.00116507
0.00110511
0.00140453
0.00116159
0.00140467
0.00114696
0.00149402
0.00146696
0.00132315
0.00186186
0.00136698
0.00155863
0.00127219
0.00116681
0.00110708
0.00114952
0.00137344
0.00105669
0.00141236
0.00238092
0.000646894
0.00240506
0.00268951
0.00252896
0.00378473
0.00130192
0.00133512
0.00380116
0.00233482
0.00147372
0.00106482
0.00169798
0.00147235
0.00177489
0.00176157
0.001882
0.00166984
0.00166764
0.00165807
0.00157617
0.00146356
0.00168491
0.00117177
0.0014161
0.00115059
0.00157926
0.00165941
0.00164225
0.00158289
0.000951631
0.000992943
0.00110675
0.00122462
0.00204123
0.00398597
0.0024045
0.0014009
0.00155273
0.00200321
0.00136425
0.00136214
0.00150761
0.00173705
0.0017781
0.00157605
0.00157461
0.00166389
0.00412676
0.00236699
0.00217
0.00312225
0.00429679
0.00269028
0.00381675
0.0031163
0.00260946
0.00853061
0.0080988
0.00470349
0.00809168
0.00861744
0.00731688
0.00917645
0.00584912
0.00707185
0.00951278
0.00750422
0.00611288
0.00746895
0.00482068
0.00522269
0.00258336
0.00559883
0.00393693
0.00219277
0.00310682
0.0034224
0.00232251
0.00568992
0.00501689
0.00685686
0.0081144
0.0045963
0.00833669
0.00287642
0.00262273
0.00613966
0.00669865
0.00588027
0.00361474
0.00545003
0.00583111
0.00774523
0.00511161
0.00378181
0.00460803
0.00288329
0.00287344
0.00329204
0.003556
0.00613827
0.00867695
0.0077453
0.00151263
0.00218505
0.00388659
0.00213306
0.00328288
0.00144079
0.000821149
0.0013039
0.0016214
0.0015706
0.00155414
0.00163418
0.00176563
0.00155924
0.00176901
0.0041416
0.000884697
0.00075267
0.00096178
0.00117803
0.0010513
0.000785412
0.0012132
0.00147162
0.00126482
0.00224777
0.00202727
0.00190389
0.00136711
0.00207119
0.00209887
0.00228571
0.00281823
0.00182625
0.00180084
0.00184346
0.00149573
0.00206067
0.00144142
0.00169656
0.00169877
0.00215984
0.00336647
0.00383641
0.00233253
0.00446325
0.0033808
0.00317854
0.00483254
0.00427566
0.00271694
0.0020917
0.00238646
0.00300371
0.00228587
0.00277583
0.001868
0.00212513
0.00175554
0.00143223
0.00152743
0.00174119
0.00142002
0.00172601
0.00126631
0.0043576
0.00527512
0.00328907
0.00842672
0.00257563
0.00124015
0.00143106
0.00146765
0.00166212
0.00154718
0.00157612
0.00283166
0.00334827
0.00452459
0.00327095
0.00532441
0.00249719
0.00350963
0.00318766
0.00202128
0.00267659
0.00242195
0.00319839
0.00212886
0.00186714
0.00169921
0.0015671
0.00136625
0.00130391
0.00130606
0.00172451
0.00165059
0.00186036
0.00132218
0.00138522
0.00167732
0.00172247
0.0022073
0.00184174
0.00166886
0.00225702
0.00131319
0.0014519
0.00166925
0.00147868
0.00114931
0.00119271
0.00150719
0.00167856
0.0018588
0.00179791
0.00148517
0.000808221
0.00109599
0.00118954
0.000665028
0.00111273
0.00154418
0.00168186
0.00113224
0.00153142
0.00180971
0.00216562
0.00172286
0.00156822
0.00160575
0.0018155
0.0021602
0.00154656
0.00170639
0.00117771
0.00131635
0.00152507
0.00178729
0.00178291
0.00100204
0.000892715
0.00130827
0.00107289
0.00146186
0.00183738
0.00143588
0.0013396
0.00184781
0.00158526
0.00174736
0.00144388
0.00135497
0.00129668
0.00485811
0.0024178
0.00201518
0.00463111
0.00525138
0.00646088
0.00557622
0.00329813
0.00403138
0.00606882
0.00455316
0.00250424
0.00473061
0.0036953
0.00492517
0.00531534
0.00510169
0.00345213
0.00310673
0.00257492
0.00243961
0.00246979
0.00327641
0.00330392
0.00226806
0.00212326
0.00380824
0.00252307
0.0051588
0.00513774
0.00199305
0.00252358
0.00192964
0.00250716
0.00305759
0.00409025
0.00429325
0.00849615
0.0012961
0.00201744
0.00150559
0.00223135
0.00277338
0.004289
0.00431691
0.0042171
0.00327386
0.00222632
0.00222653
0.00279461
0.00522943
0.00370759
0.00695211
0.00558217
0.00440103
0.0048748
0.0025893
0.01028
0.00793523
0.00870445
0.00771466
0.00640918
0.00489562
0.00458945
0.00539341
0.00549482
0.00566738
0.00430935
0.00373167
0.00371906
0.00531838
0.00495455
0.00540413
0.00481176
0.00156516
0.00184181
0.00190218
0.00157458
0.00179875
0.00122631
0.00160004
0.00116927
0.00109067
0.00115981
0.00162006
0.00144889
0.00142384
0.00120214
0.00152204
0.00120785
0.00118308
0.00118511
0.0035389
0.00148842
0.00230754
0.00219304
0.00463796
0.0033683
0.00170604
0.00111329
0.00254314
0.00283966
0.00339172
0.00391012
0.00446515
0.00257352
0.00340531
0.00409711
0.00364111
0.00109794
0.00161955
0.000735292
0.00107833
0.00132139
0.00119934
0.00175998
0.00201199
0.00213424
0.00243376
0.00239221
0.00221642
0.00242136
0.00290001
0.0021984
0.0030062
0.00241667
0.00244746
0.00209759
0.00133623
0.00180955
0.00149147
0.00174646
0.00201705
0.0020002
0.00140319
0.00113109
0.00174102
0.000988789
0.00095805
0.00148169
0.00137671
0.00187255
0.00113452
0.0011547
0.00173071
0.00158691
0.00184026
0.00103521
0.00171203
0.00174223
0.00116872
0.00165859
0.00195011
0.00226445
0.000718581
0.00136114
0.000905904
0.00219096
0.00151127
0.00156047
0.00158812
0.00140408
0.00110812
0.00124723
0.000767101
0.00100786
0.00109308
0.00111371
0.000699013
0.00150582
0.00115761
0.00148661
0.00108759
0.00199928
0.00108641
0.00192109
0.00208721
0.0017149
0.00194277
0.00263184
0.00165359
0.0002326
0.00043621
0.000683247
0.000704998
0.00083624
0.000186128
0.000462442
0.0009386
0.000790864
0.00032536
0.000234249
0.000196606
0.000946186
0.000301269
0.000668838
0.000330142
0.00111794
0.00173454
0.00138633
0.000435969
0.00162084
0.00141996
0.00142496
0.000879616
0.00170575
0.0011947
0.00106845
0.000251009
0.000434137
0.000583273
0.00070777
0.000688843
0.000549956
0.00030879
0.000225592
0.000221588
0.000529663
0.000479209
0.000329476
0.00030335
0.000589699
0.00021039
0.000232226
0.000357685
0.000422249
0.000330279
0.000226126
0.000542987
0.000355975
0.000451473
0.000515614
0.000196802
0.000938554
0.000389016
0.000438873
0.00028857
0.000248657
0.000796612
0.000469739
0.000945681
0.000570711
0.00125408
0.00156596
0.000420538
0.000683369
0.000327114
0.00137515
0.000406921
0.000990632
0.000524043
0.000318538
0.000429318
0.00135276
0.00094331
0.000416257
0.00051479
0.000440918
0.000775373
0.000479095
0.00159555
0.000884554
0.00067489
0.00148671
0.00144776
0.000577789
0.000344263
0.000254569
0.00046632
0.000484616
0.000834774
0.000279324
0.00089224
0.000379759
0.000619444
0.000266761
0.000380215
0.00111447
0.000423031
0.000706064
0.000626188
0.000685762
0.00109543
0.000334474
0.000883558
0.000401291
0.000399233
0.000818247
0.000445678
0.00128771
0.000507213
0.00120133
0.00068777
0.000426557
0.000931293
0.00124656
0.000970156
0.000820127
0.00121218
0.000866044
0.000274478
0.00026276
0.000233384
0.000263277
0.000242203
0.00024617
0.000347968
0.000178854
0.000384248
0.000205951
0.000453394
0.000193397
0.000315917
0.000218168
0.000293642
0.000375787
0.000211566
0.000396387
0.000613174
0.000275977
0.000400568
0.000437642
0.000262103
0.000160618
9.70026e-05
0.000154928
0.000124466
0.000162154
0.000187335
0.000563375
0.000240648
0.000431789
0.000191913
0.00045233
0.000574082
0.00104191
0.000734106
0.000248723
0.00090062
0.000282501
0.000292897
0.000535674
0.000779372
0.00049426
0.000195401
0.000210392
0.000200808
0.000158433
0.000221935
0.000215738
0.000234744
0.000411786
0.000383005
0.00020416
0.000344293
0.00024998
0.000386421
0.00044349
0.000178869
0.000278604
0.000288859
0.00011225
0.000187509
0.000248959
0.00147661
0.00054554
0.000482294
0.00059604
0.000302395
0.00023621
0.000238786
0.000252089
0.000144736
0.000214897
0.00032219
0.000145892
0.000150145
0.000195716
0.000251371
0.00031159
0.000316121
0.000192594
0.000111351
0.000191068
0.000323506
0.000276852
0.000352744
0.000288185
0.000355849
0.000260779
0.000212358
0.000200271
0.000256081
0.000199926
0.000292343
0.000268151
0.000166634
0.000194302
0.000186338
0.000465377
0.000278897
0.000417935
0.000596206
0.000355347
0.000541676
0.000284521
0.000238014
0.000607652
0.000477421
0.00076704
0.000118009
0.000195555
0.000248256
0.000191105
0.000122393
0.000321471
0.000464171
0.000291623
0.000297725
0.000499867
0.000417961
0.000263865
0.000253592
0.000225069
0.000360072
0.000228287
0.000242863
0.000191969
0.00032253
0.000199689
0.000148266
0.000407803
0.000170537
0.000231875
0.000200926
0.000300156
0.000310129
0.000251255
0.000328106
0.000360974
0.000231318
0.000398572
0.000389124
0.000201505
0.000309173
0.000109975
0.000338428
0.000220986
0.000244334
0.000112585
0.000128754
0.000210607
0.000145748
0.000273006
0.000239111
0.000198851
0.00016968
0.00016718
0.000160301
0.000197207
0.000134396
0.000185306
0.000169571
0.000138904
0.000352115
0.000180797
0.000154952
0.000138799
0.000228233
0.000154648
0.000160863
0.000390328
0.000171515
0.000144695
0.000131924
0.000186103
0.000144824
0.000152184
8.66788e-05
0.000281826
0.000163663
0.00016508
0.000126784
0.000112539
0.000119228
0.000210397
9.81875e-05
0.000200217
0.00012126
0.000226579
0.000167329
0.000362304
0.00014104
0.000160565
0.000156839
0.000254006
0.00172537
0.00131024
0.00204942
0.001839
0.00197748
0.00169319
0.00273384
0.00239191
0.00327566
0.00128011
0.00169678
0.00177468
0.00192067
0.00196161
0.00205581
0.0012678
0.00114889
0.0012821
0.000763557
0.00135119
0.000471822
0.00116997
0.00200621
0.00148418
0.00104424
0.000991173
0.00164865
0.00111006
0.00233951
0.00103082
0.001696
0.00184199
0.00164121
0.0011763
0.00139902
0.00097045
0.00112245
0.00323626
0.00506523
0.00310299
0.00308291
0.00332793
0.0040474
0.00114478
0.00399719
0.00158522
0.00298891
0.00376007
0.00122637
0.00267926
0.003861
0.00426738
0.00335136
0.0046398
0.00244947
0.00237336
0.00108878
0.0015251
0.0011275
0.00115679
0.000872901
0.000831233
0.00318643
0.00321919
0.0020962
0.00170508
0.00226612
0.00222929
0.00445244
0.00333929
0.00222568
0.00231117
0.00306953
0.00274811
0.00261051
0.00178815
0.00141108
0.0059059
0.00314297
0.00212113
0.00173164
0.00326541
0.00386385
0.00157777
0.00355549
0.00161358
0.00173484
0.000827623
0.00106351
0.000906784
0.00065348
0.000678673
0.000751555
0.000870821
0.000897564
0.00045338
0.000627006
0.0010553
0.00063527
0.000295802
0.000680042
0.000602029
0.00131003
0.000470675
0.00104076
0.000896435
0.000816595
0.000821037
0.000648932
0.000517961
0.000314886
0.000784666
0.000933266
0.000235109
0.00203724
0.00132066
0.00115622
0.000917696
0.000816567
0.000997016
0.000600289
0.000879478
0.00057669
0.000688992
0.000580498
0.000722386
0.000559757
0.000644248
0.000600672
0.000727478
0.000573396
0.000415535
0.000398534
0.000331244
0.000282648
0.000563141
0.000508388
0.000666132
0.000255941
0.000195579
0.00210454
0.00202201
0.00199542
0.0011489
0.000932247
0.00148087
0.00131825
0.0011557
0.000679857
0.000970103
0.000943729
0.00177164
0.00227137
0.00280528
0.00262427
0.00300299
0.00383435
0.00207834
0.00337815
0.00226728
0.00263054
0.00254583
0.00328154
0.00286612
0.00291991
0.000550647
0.000722787
0.000790905
0.000517199
0.000567049
0.000390687
0.000255111
0.000349151
0.000844795
0.000625928
0.00218223
0.000583951
0.00104502
0.000956562
0.000531676
0.0010438
0.000637731
0.00386678
0.00321278
0.00234318
0.0026259
0.00425322
0.00160148
0.00478413
0.00239046
0.00335037
0.00440194
0.00205358
0.00344317
0.00201008
0.00383694
0.00445356
0.0020733
0.00374045
0.0028993
0.00322784
0.00130596
0.00313334
0.00347556
0.00619083
0.00292793
0.00781817
0.00361578
0.00433332
0.00429107
0.00335092
0.00544169
0.00396003
0.00404623
0.00279841
0.00375401
0.00475675
0.00399759
0.00313265
0.00487164
0.00489861
0.00417184
0.00219338
0.00313065
0.00396521
0.00326209
0.00432724
0.00451792
0.00342001
0.00337658
0.00433208
0.00467795
0.00243876
0.00509393
0.00525215
0.00271865
0.00448096
0.00462396
0.00376696
0.00408564
0.00465304
0.00505045
0.00486726
0.00508564
0.00460234
0.00304136
0.0051093
0.00475133
0.00393103
0.0050799
0.00521516
0.00287767
0.00550406
0.00485418
0.00371956
0.00542621
0.00397921
0.00527987
0.00323041
0.00422639
0.0028453
0.00776356
0.00643832
0.00497389
0.00252037
0.00454142
0.00323808
0.0062589
0.00691712
0.00550149
0.0016241
0.00156556
0.00112621
0.00138706
0.00138775
0.00136733
0.0026048
0.00174513
0.00224033
0.00365219
0.00188414
0.00318898
0.00359265
0.00777533
0.00763067
0.00524034
0.00368742
0.00302377
0.00219836
0.0025008
0.00313637
0.00333323
0.00324634
0.00413482
0.00390265
0.00250263
0.00370273
0.00377085
0.00505254
0.00421706
0.00487536
0.00360027
0.00302074
0.0033106
0.00074969
0.000396452
0.000506584
0.000647814
0.000381231
0.000481744
0.000312237
0.000835998
0.000713845
0.00123215
0.000601555
0.0011461
0.000895484
0.00047059
0.000793866
0.000704235
0.00218586
0.00088998
0.00138783
0.000794254
0.000791659
0.00107648
0.000847588
0.00222006
0.00120005
0.00146079
0.00137291
0.000938301
0.00036655
0.00119067
0.000491377
0.00116301
0.00047784
0.000934145
0.00059192
0.000351334
0.000325617
0.00108558
0.000434668
0.000431243
0.000532838
0.000370779
0.000507231
0.000989721
0.000189694
0.000165856
0.000152126
0.000335854
0.000312147
0.000435308
0.00181707
0.00286028
0.00295121
0.00201834
0.00397742
0.00179839
0.00314359
0.00200959
0.000649926
0.000266347
0.000305319
0.000250134
0.000249613
0.000762956
0.000519549
0.000389264
0.000455016
0.00219145
0.00437618
0.00279928
0.00493859
0.00544652
0.00272924
0.00512569
0.00366978
0.00932964
0.0108029
0.00854567
0.00656398
0.0113245
0.00462496
0.00890613
0.0047564
0.00173221
0.00273624
0.00203134
0.00187728
0.00336147
0.00263472
0.00218063
0.00339446
0.00246594
0.00120882
0.00156456
0.00176325
0.00172632
0.0016152
0.00185857
0.00138151
0.00149444
0.00169762
0.00146847
0.00195788
0.00131252
0.0013217
0.00039096
0.000633217
0.000316673
0.000594795
0.000464594
0.000366061
0.00053765
0.000732894
0.000421841
0.000550774
0.000302709
0.000373698
0.000291706
0.00496218
0.00478235
0.00448336
0.00496294
0.00548093
0.00516356
0.00519155
0.00534822
0.000828105
0.00083142
0.000488999
0.000402121
0.000248801
0.000765981
0.000325563
0.000332971
0.000629452
0.00041898
0.000642725
0.000597126
0.000402841
0.000652738
0.00101691
0.000958585
0.000790517
0.000605066
0.000579585
0.000670126
0.000522613
0.000654331
0.00143305
0.000637601
0.000508315
0.000572264
0.000431579
0.000325545
0.00034913
0.000275452
0.0004803
0.000561113
0.000247256
0.000292055
0.000295011
0.000135754
0.000352359
0.000278744
0.000212136
0.000210952
0.000630372
0.000550217
0.000542697
0.000919139
0.000488747
0.000755537
0.000702124
0.00028162
0.000283925
0.000191577
0.000407716
0.000418893
0.000306419
0.000200834
0.000272344
0.000382815
0.000194735
0.000257778
0.000282859
0.000282761
0.000305238
0.000298969
0.000290224
0.000358256
0.000400356
0.00039838
0.000431125
0.00244084
0.0023929
0.00246968
0.00190393
0.00110334
0.00228888
0.00139032
0.00161461
0.00190181
0.00133646
0.00106564
0.00154241
0.00173956
0.000497971
0.000230248
0.000195705
0.000216225
0.000295401
0.000291547
0.000197818
0.000216053
0.000258737
0.000581038
0.000477086
0.000853385
0.000521878
0.000277162
0.000380428
0.000477175
0.000365515
0.000819023
0.000328326
0.000405585
0.000242052
0.000246717
0.000430157
0.000220893
0.000276407
0.000173761
0.000254094
0.000394824
0.000439889
0.000314846
0.000508469
0.000232441
0.000326879
0.000176739
0.000194396
0.000464737
0.000367136
0.000440922
0.00064481
0.000631442
0.000501174
0.000632774
0.000593793
0.000364483
0.000252639
0.000151186
0.000316627
0.00018518
0.000352229
0.000261247
0.000347782
0.000456972
0.000222397
0.000199486
0.000205908
0.000244092
0.000385894
0.000342452
0.000286819
0.000265169
0.000354953
0.000273132
0.000267695
0.000173553
0.000374577
0.000407131
0.000238813
0.000387744
0.000332405
0.000406705
0.000192376
0.000242321
0.000229527
0.000255567
0.000219708
0.00021696
0.000278075
0.000271358
0.000476672
0.000360407
0.000355096
0.000674917
0.000441294
0.000409271
0.000747557
0.000750721
0.00059887
0.000630966
0.000730945
0.000388431
0.000401555
0.000367444
0.000323929
0.000339298
0.000354607
0.00122099
0.00232661
0.000908417
0.000568301
0.000753893
0.000733929
0.000412597
0.000679581
0.000232954
0.000497613
0.00098605
0.000626475
0.00102842
0.000402277
0.000730357
0.000392312
0.000487977
0.000617252
0.00062349
0.000331056
0.000453518
0.000683501
0.000529502
0.000435745
0.000210698
0.000201149
0.000234585
0.00052252
0.000197156
0.000421403
0.000208548
0.000304396
0.000221157
0.000283866
0.000372097
0.000614332
0.000341255
0.000244364
0.000282618
0.000618568
0.000236511
0.000186289
0.000222388
0.000623791
0.000478452
0.000294492
0.000399397
0.00068666
0.000256926
0.000660793
0.000478735
0.000289517
0.000252699
0.000309653
0.000291158
0.000320806
0.000178103
0.000462649
0.000463601
0.000530222
0.000615088
0.00030641
0.000269576
0.000305887
0.000281814
0.00058525
0.000329243
0.000471143
0.000227959
0.00030691
0.000425585
0.000286976
0.00060409
0.000259246
0.000230491
0.000255969
0.000290317
0.000446952
0.000630457
0.000263674
0.000351977
0.00110677
0.000583375
0.000440956
0.000546178
0.000911065
0.00053026
0.00181467
0.000932008
0.000276817
0.000285288
0.000469009
0.000228929
0.000294087
0.000193324
0.000216627
0.000175594
0.000315226
0.00026171
0.000254695
0.000216629
0.000203052
0.000140086
0.000129157
0.000211226
0.000138535
0.000325874
0.000941307
0.000721786
0.000588227
0.00100301
0.00100794
0.00075036
0.000727596
0.000913352
0.000470973
0.000115008
0.000118163
0.000232194
0.000118887
0.00019599
0.000172481
0.00011799
0.000133598
0.000129651
0.000147725
0.000245123
0.000112685
0.000221304
0.000264317
0.000134954
0.000279647
0.000159585
0.00012474
0.000157312
0.000208708
0.000157153
0.000174983
0.000212917
0.000267198
0.00469638
0.00368852
0.00298998
0.00375227
0.00403385
0.00410927
0.00455814
0.00322058
0.00423067
0.000273346
0.000191561
0.000134471
0.000146066
0.000122337
0.000149457
0.000153886
0.000137326
0.000260648
0.000209681
0.000167035
9.35752e-05
0.000130998
0.000252747
9.5627e-05
8.67129e-05
0.000212897
0.000197864
0.00022898
0.000378047
0.000309657
0.00014478
0.000241655
0.000252909
0.000226998
0.000177981
0.00039444
0.000159299
0.000197078
0.000274991
0.000187498
0.000177034
0.000187095
0.000160384
0.00015662
0.00058149
0.000797064
0.000440311
0.000525197
0.00103897
0.000964648
0.00173967
0.000491836
0.00119311
0.000420356
0.00024605
0.000469663
0.000465456
9.95705e-05
0.000153464
0.00014621
0.000164322
0.00045048
0.000264339
0.000180961
0.000159292
0.000191038
0.000170604
0.00016251
0.000382289
0.000650868
0.000719209
0.00049169
0.00075883
0.000538913
0.000535948
0.000290386
0.00122626
0.000221089
0.000298016
0.000230395
0.000545539
0.000242549
0.000174588
0.000230955
0.000182727
0.000292822
0.000150255
0.000530367
0.000388681
0.000719994
0.000460025
0.00042478
0.000747955
0.000585414
0.000583232
0.000491794
0.000544314
0.000681492
0.000513699
0.000829586
0.000117993
0.000208038
0.0001157
0.000100482
0.000135219
0.000161351
0.000130623
9.99424e-05
0.000119722
0.000255452
0.000114274
0.000125311
0.000117126
0.000184625
0.000117084
0.000154793
0.000210935
0.000144402
0.000200807
0.000179238
0.000214027
0.00232543
0.00256987
0.00237543
0.00213968
0.00267386
0.00180859
0.00240489
0.00257441
0.00460609
0.00286701
0.00267482
0.00270213
0.00399615
0.000170302
0.00015623
0.000203494
0.000190507
0.000168543
0.000192361
0.000189133
0.000259133
0.000141854
0.000136038
0.000129416
0.000145071
0.000134163
0.000121946
0.00015817
0.000197054
0.00010883
8.74919e-05
0.00011557
0.000107788
0.000122622
0.00014848
0.000139919
0.000158469
0.000229991
0.000215256
0.000223388
0.000270915
0.000182874
0.000204134
0.000279281
0.000192832
0.000301287
0.000138674
0.000231238
0.00158617
0.00138748
0.00150275
0.0015596
0.00149981
0.000271537
0.000285522
0.000358037
0.000391683
0.000206381
0.000233699
0.000233323
0.000229889
0.000234129
0.000208452
0.000386837
0.000233396
0.000196558
0.000312551
0.000215484
0.000301448
0.000228514
0.000310069
0.000230289
0.000180874
0.000250427
0.00022967
0.000273013
0.000222609
0.000328761
0.000297634
0.000486949
0.00024034
0.000221675
0.000404058
0.00013204
0.000273906
0.000285792
0.000151747
0.000287705
0.000170676
0.000244664
0.00024773
0.000275458
0.000234111
0.000256818
0.000276814
0.000607069
0.000301576
0.000606165
0.000639159
0.000304791
0.000375137
0.000175547
0.000190488
0.000355439
0.000305155
0.000247674
0.00023031
0.000192912
0.000176908
0.000352724
0.000550031
0.000787382
0.000257934
0.000670857
0.00107214
0.000434753
0.000418173
0.000143508
0.000279798
0.000154134
0.000111577
0.000205426
0.000241097
0.000155772
0.000271533
0.000345055
0.000402326
0.00019853
0.000315897
0.000299991
0.000219563
0.000203715
0.000155983
0.000138802
0.000145853
0.000381001
0.000546541
0.00022522
0.000256579
0.000484414
0.000228691
0.000203588
0.000253993
0.000276192
0.000280934
0.000248167
0.000142644
0.000180875
0.000172518
0.000171167
0.00012304
0.000141771
8.33213e-05
0.000218044
0.000232894
0.000136716
0.000181952
0.000168483
0.000173041
0.000162136
0.000174697
0.000225699
0.000153568
0.00024774
0.000500167
0.000154335
0.000227064
0.000225957
0.000139022
0.000277102
0.000257992
0.00021083
0.000246694
0.000200959
0.000285126
0.000309997
0.000528579
0.000679797
0.000915447
0.000840979
0.00053239
0.000505139
0.000450574
0.000303506
0.000514416
0.000901262
0.000515442
0.000853226
0.000675849
0.000789679
0.00108429
0.000838394
0.00065711
0.000938223
0.000510521
0.000210793
0.000274057
0.000240441
0.000254576
0.00060028
0.000280863
0.000545795
0.00039268
0.000514408
0.000239219
0.000159853
0.000231104
0.000244797
0.000164243
0.000182785
0.000297235
0.00032359
0.000596251
0.000422608
0.000364904
0.000514889
0.000500046
0.00116336
0.000273526
0.000151595
0.000301429
0.000201851
0.000186635
0.000255163
0.000242305
0.000157312
0.000162769
0.000197614
0.00015162
0.000191235
0.000154649
0.000141556
0.000132729
0.000180434
0.00024605
0.000114291
0.000175021
0.000117728
0.000127646
0.000251625
0.000214622
0.000122447
0.000103891
0.000179436
0.000206489
0.000157679
0.00014192
0.000143072
0.000157036
0.000300823
0.00020921
0.000162333
0.000106313
0.000158574
0.000155937
0.000223978
0.00012354
0.000175148
0.00020118
0.000214956
0.000153151
0.000250282
0.000168332
0.000167641
0.000135048
0.000298949
0.000290867
0.000163258
0.000207678
0.000272054
0.000149418
9.70921e-05
0.000137271
0.000147082
0.000123986
0.0015291
0.00197127
0.000750366
0.000794201
0.00129695
0.00150339
0.00195058
0.00222304
0.00174951
0.00140133
0.00221357
0.00154231
0.00208197
0.00104929
0.00170028
0.00164542
0.0008057
0.000768819
0.000284871
0.0002398
0.000258082
0.000534389
0.000196771
0.000208789
0.00186307
0.00114351
0.00117722
0.00125001
0.00231423
0.00119361
0.00141517
0.00155385
0.00366309
0.0029752
0.00467797
0.00471286
0.00399493
0.00382034
0.00134769
0.00195805
0.00198265
0.000864828
0.0011917
0.00174778
0.00140417
0.00168633
0.00128184
0.00182174
0.00177442
0.00166854
0.00180746
0.00112772
0.000958607
0.000945701
0.00136064
0.00133827
0.000931186
0.00161144
0.00182855
0.00180916
0.00417341
0.00412589
0.00292283
0.00282608
0.00374096
0.00507261
0.00250485
0.00284321
0.00446577
0.00407761
0.0036583
0.00436888
0.00253619
0.0016974
0.0022017
0.00190326
0.00155634
0.00212778
0.00278874
0.00182127
0.00131519
0.00154574
0.00117598
0.0015833
0.00158078
0.00317654
0.00149384
0.00138358
0.000812148
0.00168613
0.00154902
0.000415685
0.00037971
0.000510989
0.00039913
0.000512919
0.000689499
0.000641799
0.00360227
0.00309304
0.00339792
0.00303536
0.00368004
0.00305935
0.00215733
0.00384826
0.00214069
0.0027499
0.00291279
0.00450105
0.00249575
0.00500914
0.00130295
0.0026575
0.00191387
0.00114574
0.00282727
0.002605
0.00126193
0.00241743
0.00175774
0.00160937
0.00138095
0.00168048
0.00184813
0.00240667
0.00186131
0.00109013
0.000177073
0.000238738
0.000333239
0.000304218
0.000307578
0.000506587
0.000116684
0.000128594
0.000268426
0.000401427
0.000204717
0.000357703
0.000171759
0.000204584
0.000153132
0.000161637
0.000215361
0.000185272
0.000184525
0.000158922
0.000147192
0.000239392
0.000135531
0.000248154
0.000190281
0.000222939
0.000246096
0.000199504
0.000157961
0.000679345
0.000556401
0.000914242
0.000459549
0.000974296
0.000294509
0.000441521
0.000505848
0.000420398
0.000554601
0.000318543
0.000221605
0.000198247
0.000202284
0.000143302
0.00423732
0.00398161
0.00441654
0.00447199
0.0044036
0.00440536
0.0047186
0.00192519
0.00314286
0.00289921
0.00301293
0.00180249
0.00208814
0.00160008
0.00175434
0.00199509
0.002249
0.00987723
0.00913898
0.00864764
0.00884609
0.00852306
0.0114883
0.0107565
0.0102049
0.0124589
0.012741
0.0104348
0.00722327
0.00576643
0.00759032
0.00902096
0.000175399
0.000146516
0.00018206
0.000244034
0.000193393
0.000116731
0.000127691
0.000160632
0.000181405
0.0006576
0.000489876
0.000524969
0.000306816
0.00059371
0.000418239
0.000353252
0.00075694
0.000957823
0.000284329
0.000290837
0.000507757
0.000396774
0.000553362
0.000255348
0.000213548
0.000347009
0.000636457
0.000555532
0.000515851
0.000278763
0.000352371
0.000133359
0.000149806
0.000218293
0.00169487
0.00112314
0.00179534
0.00089999
0.00113605
0.00116769
0.000995504
0.00136501
0.000154891
0.000254685
0.000435519
0.00034273
0.000229633
0.000202272
0.000144336
0.000127519
0.000290056
0.000240236
0.000199181
0.000155919
0.000198549
0.000252481
0.000438818
0.000225111
0.000191951
0.000273124
0.000166936
0.000320348
0.000215806
0.000225301
0.000170657
0.00013118
0.00582103
0.00581651
0.00627711
0.00114674
0.00714028
0.00178605
0.00102048
0.000845533
0.00245221
0.000883877
0.000952717
0.000841273
0.00115437
0.00105029
0.000787394
0.000936714
0.00549225
0.00489337
0.00635184
0.00285002
0.000890031
0.00143693
0.000657075
0.00088473
0.000682065
0.00386409
0.00426841
0.000803198
0.000906151
0.00078155
0.000808855
0.00083688
0.000764012
0.000234609
0.000875079
0.00152613
0.00291102
0.00433796
0.00333615
0.00252332
0.00403489
0.00113356
0.000945294
0.00108243
0.000913368
0.001019
0.0024394
0.000345879
0.000839725
0.000828017
0.00224467
0.000815302
0.000883358
0.000906535
0.00129105
0.000729024
0.00157593
0.000729187
0.0007692
0.000854466
0.000673978
0.00382516
0.000887378
0.000799665
0.0037465
0.00300421
0.000752376
0.00216242
0.00122539
0.00122125
0.0051732
0.00274118
0.000850172
0.000802174
0.000765985
0.00402562
0.00070875
0.00131817
0.000802912
0.00106854
0.00100067
0.00431935
0.000906139
0.00106568
0.00189618
0.00114329
0.00243562
0.00196786
0.00238208
0.00112556
0.00112681
0.00173383
0.00148411
0.00137151
0.00201783
0.00219418
0.0040201
0.00106096
0.0029499
0.00111112
0.00218254
0.0039497
0.000784638
0.000760218
0.000858341
0.000779173
0.00087094
0.000894755
0.000749662
0.00137329
0.00284587
0.002716
0.000971669
0.00142129
0.000878235
0.000843445
0.000368526
0.000886898
0.00126499
0.0013461
0.000818521
0.000913106
0.00155025
0.000922961
0.00151864
0.00187352
0.00174238
0.00150329
0.00188175
0.000726512
0.000926741
0.00120435
0.00181201
0.00135392
0.00125082
0.00108008
0.0013845
0.00205299
0.00133724
0.00191505
0.0026002
0.00042999
0.000362232
0.000379601
0.000397259
0.00030939
0.000301664
0.000187541
0.000191369
0.00021764
0.000280879
0.000538563
0.000889318
0.000662043
0.00155491
0.00123467
5.42078e-05
7.82455e-05
0.000121801
0.000120972
0.000970056
0.00115826
0.00104285
0.00122969
0.00170509
0.00173878
0.00156107
0.00286914
0.00162034
0.00390933
0.00297899
0.0044712
0.00492372
0.00275337
0.002411
0.00295369
0.00291866
0.0023643
0.00376266
0.0033206
0.00190327
0.00114822
0.000647163
0.0024705
0.0016178
0.00232593
0.00395865
0.00237335
0.00177638
0.00106665
0.00159815
0.00172925
0.000758741
0.00152444
0.000793641
0.000421874
0.000758693
0.000567018
0.00105562
0.000616275
0.0010376
0.000630693
0.000745781
0.000871565
0.00234845
0.000752948
0.000678964
0.000839851
0.00328903
0.000613571
0.00163794
0.000812842
0.000773173
0.00199148
0.00312649
0.00221774
0.000877419
0.00073192
0.00107168
0.000904467
0.00105184
0.00152629
0.000881143
0.000768116
0.00097285
0.00100338
0.000750553
0.000893522
0.00118479
0.000969126
0.00332584
0.000938069
0.00157752
0.000408864
0.000889683
0.001334
0.00158935
0.00133989
0.000871064
0.000679898
0.000972175
0.00112887
0.00281881
0.00143362
0.00045621
0.0015084
0.000784002
0.000651397
0.000916122
0.000973771
0.00211583
0.00270316
0.00179336
0.00120004
0.00237644
0.00208133
0.00233999
0.0021534
0.000815772
0.000774317
0.000752626
0.000595513
0.000506263
0.000875513
0.00110036
0.00110707
0.00484128
0.00543234
0.00224926
0.0036903
0.00138115
0.00190532
0.00238862
0.00120151
0.00239427
0.000647175
0.000512675
0.000191282
0.000511357
0.000755364
0.000225423
0.000244154
0.000179344
0.000351216
0.000574892
0.000485795
0.00039575
0.00034947
0.000720163
0.000529507
0.000185707
0.000310148
0.00030602
0.000409791
0.000133765
0.000145698
0.000160811
0.000226584
0.000188021
0.000307851
0.000229036
0.000323409
0.000263545
0.000222818
0.000206153
0.000186225
0.000186546
0.000168479
0.00023835
0.00021948
0.000180519
0.00171945
0.00194573
0.00253924
0.00120714
0.000744857
0.000657018
0.00110129
0.000473615
0.000377405
0.000262988
0.000801666
0.00036052
0.000440645
0.000347566
0.00130084
0.00123378
0.000947326
0.000269048
0.000421062
0.000302397
0.000549472
0.000217979
0.00378616
0.00728135
0.00478023
0.00309437
0.00499278
0.00427013
0.000306154
0.000200669
0.000140492
0.000147038
0.000198736
0.00015669
0.000157498
0.000500178
0.000775404
0.000411028
0.000185052
0.000232673
0.00025231
0.000170542
0.0002796
0.000213437
0.000998374
0.000838395
0.000301848
0.000400747
0.000265095
0.000351895
0.000262721
0.000375432
0.000267888
0.00513611
0.00181007
0.00177627
0.00369345
0.0017086
0.00153041
0.00176051
0.00141561
0.0044141
0.00320759
0.00601405
0.00287562
0.00133871
0.00654865
0.00019801
0.000184775
0.000395057
0.000431889
0.000282608
0.000236754
0.000197501
0.000742252
0.000306338
0.000537532
0.000407188
0.000916238
0.000401624
0.000502986
0.000700797
0.000435466
0.000327216
0.000376474
0.000271748
0.000752591
0.000312106
0.000272185
0.000252625
0.000320054
0.000286915
0.000240679
0.000273089
0.000280082
0.000577482
0.000821742
0.000992377
0.000669524
0.000515803
0.000596111
0.00105988
0.000411886
0.00136529
0.00178567
0.00111814
0.001027
0.000723201
0.000753752
0.000224559
0.000352226
0.000250576
0.000473786
0.000303112
0.000237284
0.000700623
0.000244999
0.000576456
0.000792218
0.00080509
0.000330019
0.000290024
0.000194045
0.000239166
0.00025842
0.000448922
0.000637389
0.000277031
0.000235973
0.0002305
0.000314182
0.00019263
0.000273066
0.000214386
0.000782982
0.000457868
0.000237937
0.000636781
0.000493523
0.000697285
0.0010946
0.00102646
0.00191891
0.00183485
0.00161877
0.000642305
0.000708194
0.000287774
0.000338993
0.000174579
0.000274415
0.000220314
0.000240091
0.000385519
0.000171775
0.000728922
0.000785233
0.000314534
0.000183039
0.000248122
0.000377668
0.000681174
0.000543642
0.00113951
0.000369369
0.00037738
0.000494369
0.000512521
0.000665171
0.000949855
0.00070753
0.000459514
0.00107078
0.000647683
0.000494354
0.000789094
0.00087729
0.000405324
0.000880857
0.000847364
0.000544324
0.000488012
0.000674669
0.000853585
0.000463831
0.000477581
0.000825345
0.000499818
0.000953531
0.000552905
0.000603608
0.000583605
0.00358658
0.00264956
0.00186379
0.00141379
0.00194308
0.00155841
0.00316945
0.00203939
0.00222074
0.001931
0.00214409
0.00181185
0.00237494
0.00262589
0.00215425
0.00262217
0.00254385
0.00210242
0.00393336
0.00510487
0.00248816
0.00221291
0.00179927
0.00177953
0.00165116
0.00171096
0.00177155
0.00204532
0.0022007
0.001689
0.00247672
0.00169857
0.0038448
0.00340482
0.003297
0.00189801
0.00150607
0.00214782
0.00149021
0.00550459
0.00480045
0.00433679
0.00112458
0.00125372
0.000700525
0.000568474
0.00140094
0.00179166
0.00131923
0.00149554
0.00148433
0.0018845
0.00119111
0.00235004
0.0091019
0.00522813
0.0055111
0.00969839
0.00409992
0.00152261
0.0022245
0.00291493
0.00298855
0.001566
0.00241878
0.00418486
0.00307612
0.00223168
0.003322
0.00695991
0.00913763
0.00189943
0.000886405
0.00158236
0.0013173
0.00150803
0.000973538
0.00118699
0.00192124
0.000783518
0.0014646
0.00147479
0.00141131
0.00109754
0.00153333
0.00211639
0.00048987
0.00072122
0.00422525
0.00825522
0.00948098
0.00207858
0.00382476
0.00206538
0.00719513
0.00754063
0.0101229
0.00691217
0.00706405
0.0116775
0.00743866
0.00969513
0.00172978
0.00106185
0.00219288
0.00206948
0.00287425
0.00113011
0.00290117
0.0050916
0.00523982
0.00606257
0.00443699
0.00269584
0.0061076
0.00392316
0.00438528
0.00323899
0.00175518
0.0045528
0.00248866
0.00429348
0.00415226
0.000586113
0.00127054
0.00147684
0.00210507
0.00153968
0.0017832
0.00167418
0.00117077
0.00093593
0.00253386
0.00156803
0.00199357
0.00121902
0.00150601
0.00148257
0.0020737
0.00399509
0.00370788
0.00373723
0.00422573
0.00593002
0.0026198
0.00320881
0.00333152
0.00403991
0.00328972
0.00236105
0.00252523
0.00234951
0.00325576
0.00384144
0.00619409
0.00568407
0.00391451
0.00380113
0.00669124
0.00327675
0.00553405
0.00497482
0.00240745
0.00338665
0.00499462
0.00372123
0.000266873
0.00196909
0.00167048
0.00194
0.00273678
0.00233872
0.00156956
0.00163052
0.00193878
0.00151519
0.00356576
0.00268094
0.0030115
0.00578539
0.00169867
0.00193701
0.00201621
0.00860112
0.0074926
0.00460396
0.00584758
0.00825362
0.00934874
0.00807195
0.000273935
0.00044663
0.000199924
0.000176173
0.000210244
0.000318142
0.000226667
0.000575853
0.000262461
0.000907862
0.000339364
0.00074047
0.00062536
0.000598405
0.000521401
0.000658943
0.000392667
0.000439828
0.00106712
0.000388824
0.000472464
0.00026216
0.000457764
0.000374723
0.000489157
0.000804908
0.000445655
0.000568026
0.000443725
0.000387553
0.000633822
0.000428896
0.000339146
0.000356115
0.000668469
0.000538631
0.000415244
0.000414269
0.000399854
0.000270606
0.00046459
0.000698875
0.000514717
0.000220952
0.000500678
0.000315494
0.000357764
0.000325665
0.000396677
0.000898841
0.00169571
0.001975
0.00208538
0.00158616
0.0019719
0.000588068
0.00162057
0.00117422
0.000398207
0.000289236
0.000302719
0.000249757
0.000223864
0.000215241
0.000206401
0.000236932
0.00240294
0.00202638
0.00093156
0.00285057
0.00246413
0.00289681
0.0034407
0.00461197
0.00311937
0.003214
0.00181997
0.00356755
0.00599286
0.00254092
0.00459806
0.00614707
0.00287557
0.00651548
0.012083
0.0104897
0.00519608
0.00519989
0.00693156
0.00583525
0.00609095
0.00519735
0.00122883
0.000876004
0.000492923
0.000716825
0.00151861
0.00150331
0.000573657
0.000581994
0.000533625
0.000384652
0.00417362
0.0043007
0.00365641
0.003621
0.00371171
0.00256792
0.0103763
0.0103617
0.0104368
0.0101426
0.0101725
0.00920186
0.00911953
0.00225136
0.00433451
0.00206633
0.00669089
0.0070903
0.00887921
0.00972448
0.00845526
0.00585179
0.00931952
0.00996444
0.00861554
0.00102288
0.0013106
0.000895681
0.000587445
0.000784062
0.00128376
0.000925534
0.00105788
0.000452661
0.000602908
0.00066452
0.000984182
0.00153763
0.00197025
0.00155134
0.00163657
0.00165575
0.00151162
0.00149
0.00139718
0.00152272
0.000177981
0.000138772
0.00020076
0.000279273
0.000274108
0.000389867
0.000333309
0.000199553
0.00027488
0.000211504
0.000275889
0.00712265
0.00216916
0.00272265
0.0104399
0.0010067
0.00678446
0.00284017
0.0011859
0.00305673
0.00236615
0.00180555
0.00253439
0.00248102
0.00233405
0.00234468
0.000931444
0.00170766
0.00158108
0.00233587
0.00124343
0.0012551
0.000299125
0.000331439
0.00033802
0.000561496
0.000354452
0.00201305
0.00153835
0.000995584
0.00239772
0.00279646
0.00167075
0.00270682
0.000806344
0.000720833
0.00792672
0.00736198
0.00487988
0.00893206
0.00795753
0.00759697
0.0014239
0.00148621
0.00128202
0.00151293
0.00715425
0.00147933
0.00416785
0.00131984
0.00113921
0.000796312
0.00132556
0.000965848
0.00102532
0.00907871
0.00251418
0.00189333
0.00838237
0.0034123
0.00257577
0.00349768
0.00278634
0.00310186
0.00336847
0.00313563
0.00339398
0.00253077
0.00185915
0.000597238
0.000297982
0.000317438
0.00110239
0.000612661
0.000380003
0.00356535
0.00328978
0.00158889
0.00134805
0.00127012
0.00204064
0.00112546
0.00116912
0.00197765
0.000551522
0.000695599
0.000386613
0.000270142
0.000256203
0.000396965
0.000382154
0.000317053
0.00611948
0.00257192
0.00428737
0.00227284
0.00220901
0.00267512
0.00567516
0.00316392
0.00165308
0.00118719
0.00154292
0.00139749
0.00174931
0.00148662
0.0016318
0.00145473
0.0018648
0.00284279
0.00117099
0.00218058
0.00226056
0.0031005
0.00430811
0.0024723
0.00255466
0.00124176
0.00200018
0.000221604
0.000240193
0.000202434
0.000222446
0.00023185
0.000230095
0.000227502
0.000261085
0.000267173
0.000277307
0.000364527
0.000325167
0.000523277
0.000319039
0.000633543
0.00043119
0.000549461
0.000318317
0.000411173
0.000506855
0.000544417
0.000768102
0.00138728
0.000554919
0.000644342
0.000471739
0.00112745
0.000460467
0.000251654
0.000374329
0.000469146
0.000890005
0.000757931
0.00043276
0.000505304
0.000481347
0.000783737
0.000852614
0.000297931
0.00056814
0.000741721
0.000591524
0.000524074
0.000709158
0.000669216
0.000448427
0.000279311
0.000275115
0.000216967
0.000242239
0.000259246
0.000203299
0.000243025
0.000262139
0.000235661
0.000215285
0.00073828
0.000594094
0.000394455
0.000285397
0.000372965
0.000532679
0.000388735
0.000295223
0.000614657
0.000718096
0.000456289
0.000869184
0.000429848
0.000483596
0.000541465
0.000227396
0.00024902
0.000214721
0.000283996
0.000349373
0.000233668
0.000224033
0.00386854
0.00363301
0.00411091
0.00410448
0.0040852
0.0048504
0.00435148
0.0033218
0.000180721
0.000274385
0.000395438
0.000381406
0.00033734
0.00022547
0.000224778
0.00027037
0.000243568
0.000731022
0.000940184
0.000780204
0.00113143
0.000489668
0.000765194
0.000898328
0.000566697
0.000419252
0.000378412
0.000281474
0.000448649
0.000316187
0.000299411
0.000321611
0.000631174
0.000659048
0.000570448
0.0005618
0.000522235
0.000410056
0.000588719
0.000310412
0.000380597
0.000682952
0.000770714
0.000493728
0.000532492
0.00058082
0.000318272
0.000456559
0.00120263
0.000779248
0.00130298
0.00095746
0.000851407
0.000893217
0.000587007
0.000465775
0.000353313
0.000223249
0.000249329
0.000273861
0.000277118
0.000301926
0.000400141
0.00028916
0.00044036
0.000241001
0.000228364
0.00024331
0.000249196
0.000481508
0.000326076
0.000216529
0.000475276
0.000709559
0.000529301
0.00043641
0.000211227
0.00308172
0.00165954
0.00205975
0.00225842
0.00156564
0.00101771
0.00142286
0.000397688
0.000417644
0.000199401
0.000385253
0.000230857
0.000267543
0.000232388
0.000345782
0.000242644
0.000242296
0.00022298
0.000497943
0.000507887
0.00037891
0.000234636
0.000399272
0.000196991
0.0002288
0.000275449
0.000628464
0.000354969
0.000531038
0.000917674
0.00070781
0.000592789
0.00150582
0.000720977
0.000755978
0.000542035
0.000572689
0.000796937
0.000604088
0.000721459
0.000794457
0.000885086
0.000864845
0.00206153
0.00123142
0.00233272
0.00170877
0.000682757
0.00493212
0.00448928
0.000318502
0.000355149
0.000676405
0.000382789
0.000619874
0.000368184
0.00296393
0.0127093
0.00649427
0.00886281
0.00774386
0.0010467
0.000864813
0.000563485
0.000761207
0.00061818
0.000692726
0.000651347
0.00081884
0.00069707
0.000364588
0.000382627
0.000410124
0.000271088
0.000313051
0.000318804
0.000233575
0.000227509
0.000308594
0.000257122
0.00177037
0.0020673
0.0017567
0.00147777
0.00147473
0.00107797
0.000505123
0.000371125
0.000649308
0.000293509
0.000753482
0.00102129
0.000467515
0.00211475
0.0021964
0.00150437
0.00167731
0.00163649
0.00537142
0.00919208
0.00214905
0.011101
0.00692302
0.00620954
0.0046489
0.00965085
0.00678847
0.0024042
0.0029677
0.00614759
0.00467717
0.00201486
0.00267663
0.0035108
0.00229192
0.00169661
0.00157546
0.00187774
0.00512021
0.00187263
0.00266214
0.00489983
0.00543283
0.00465015
0.00593709
0.00358378
0.00388776
0.00416998
0.00401601
0.00381794
0.00460674
0.00445106
0.00253177
0.00366587
0.00232294
0.00361819
0.00436126
0.00345507
0.00450994
0.00409054
0.00444395
0.00471593
0.00438282
0.00450845
0.00544968
0.00438052
0.00488642
0.00415513
0.00299851
0.00408017
0.00290738
0.00252076
0.00076436
0.00111764
0.000791728
0.000885765
0.000279416
0.000516345
0.000286507
0.000448659
0.000436767
0.0004577
0.000553146
0.000546711
0.000624464
0.000629182
0.000836961
0.0006141
0.000500775
0.000364799
0.000287084
0.000471223
0.000293234
0.000425537
0.000308688
0.000245264
0.000375251
0.00145198
0.000739432
0.00065466
0.00074461
0.00118586
0.000850319
0.00172675
0.00145747
0.000564352
0.000682873
0.000451743
0.000703683
0.00111099
0.000587104
0.000945543
0.00137563
0.00116477
0.00231241
0.000609159
0.000647666
0.000769621
0.00060572
0.000636357
0.000751313
0.00051899
0.000470883
0.00360312
0.00434137
0.00448158
0.00381581
0.00428848
0.00298633
0.00444815
0.0033457
0.00286878
0.00453277
0.00150581
0.00179914
0.00181642
0.00162175
0.00143629
0.00301465
0.00141667
0.000672327
0.00117834
0.000632214
0.00170644
0.00131351
0.00109386
0.00125208
0.0011862
0.00100679
0.000812093
0.000621906
0.00395021
0.00145874
0.00176264
0.00249992
0.00123285
0.00241054
0.00203277
0.00260512
0.00222329
0.00179084
0.00193543
0.00204524
0.00257555
0.00211343
0.0016987
0.00123686
0.00149467
0.00120107
0.00172218
0.00121955
0.00100065
0.00118669
0.00103843
0.00132154
0.00108338
0.00089465
0.0020389
0.00231025
0.00226103
0.00134069
0.0010082
0.0012109
0.00026062
0.000174391
0.00019842
0.000202136
0.000258019
0.000269241
0.000283334
0.000256196
0.000265218
0.000392517
0.000179474
0.000280622
0.000300408
0.000173505
0.000226855
0.000213367
0.000247362
0.000364884
0.000295122
0.000298462
0.000186048
0.000157023
0.000256173
0.000206275
0.0002597
0.000259972
0.00034586
0.000338888
0.000354637
0.000259198
0.000498622
0.00030684
0.000474514
0.000325568
0.000328276
0.000210005
0.000279736
0.000515871
0.000201024
0.00043602
0.000342253
0.000461054
0.000379861
0.00026194
0.000188999
0.000220843
0.000349219
0.0003696
0.000404772
0.000636397
0.000297301
0.000339411
0.000317076
0.000282514
0.00039947
0.000445184
0.000343684
0.000342237
0.000265745
0.000335086
0.000335525
0.000376926
0.000483391
0.000282102
0.000447175
0.00056399
0.00226381
0.000279162
0.000350296
0.000406677
0.000483187
0.000349589
0.000268121
0.000349599
0.000241055
0.000303885
0.000358923
0.000219435
0.000295237
0.000342847
0.000417508
0.000282815
0.000435811
0.000664913
0.00126136
0.000626516
0.000603464
0.00112279
0.000845004
0.000576784
0.00264715
0.00161323
0.000699124
0.000626245
0.000978672
0.00100155
0.000892753
0.000300323
0.00049007
0.000372375
0.000391067
0.00038902
0.000837898
0.000560786
0.00137403
0.000996147
0.000448221
0.000405286
0.00103378
0.000339763
0.000287687
0.000290157
0.00073641
0.000611328
0.00058506
0.000642356
0.000272235
0.000292276
0.00096936
0.000398669
0.000342793
0.000305689
0.000266309
0.000214533
0.000436145
0.000807203
0.000557435
0.000445472
0.000743142
0.000413426
0.000357021
0.000468694
0.000573651
0.000583955
0.000510548
0.00172984
0.00060306
0.000936815
0.000641216
0.000726666
0.00140729
0.000521245
0.000627713
0.000538455
0.000533515
0.000328018
0.00109188
0.00102077
0.000982705
0.000958779
0.000820649
0.000907575
0.000891341
0.000857878
0.00114356
0.00106949
0.000588793
0.00119958
0.00057327
0.000527527
0.00220593
0.00127913
0.00100959
0.000658047
0.000407067
0.000422175
0.000695085
0.000757745
0.000514665
0.000617955
0.000546332
0.000694521
0.000900055
0.000648645
0.000475553
0.000618432
0.000744614
0.00138715
0.00115154
0.00109516
0.00160981
0.00115736
0.00129982
0.0014951
0.000994222
0.00136961
0.00117606
0.000876892
0.00260794
0.00291655
0.00107693
0.000764313
0.000698966
0.000497272
0.00122094
0.00115223
0.00125681
0.000876117
0.00209997
0.00290502
0.00127072
0.00126438
0.002992
0.00256647
0.00128248
0.00143177
0.00094243
0.000975571
0.00120345
0.00661988
0.0103174
0.00935166
0.00755833
0.00483911
0.00316736
0.00119079
0.00616555
0.00330105
0.00146041
0.000855883
0.00134706
0.00209195
0.00272239
0.000755061
0.0029156
0.00189596
0.00100355
0.00139771
0.000916411
0.0012542
0.00100328
0.000891694
0.000869713
0.000763087
0.00148204
0.00156711
0.00333938
0.00349316
0.00384573
0.00388387
0.00231474
0.0028161
0.00201804
0.00180519
0.00125559
0.00119341
0.00174237
0.00171143
0.00149436
0.00177028
0.00140263
0.00139341
0.00140942
0.00109529
0.00179249
0.00486841
0.00441404
0.00325847
0.00575011
0.00411801
0.00769075
0.00417255
0.00288596
0.00310364
0.00279103
0.00638252
0.00356697
0.00779827
0.00582663
0.00597882
0.00689161
0.00601166
0.0106251
0.00891938
0.0108965
0.00944651
0.0108258
0.00596329
0.0103438
0.00883999
0.00797031
0.00968417
0.00859538
0.00126581
0.00128824
0.00155446
0.00136824
0.00118387
0.00127049
0.00136871
0.00225834
0.00120578
0.00163257
0.00248447
0.00289662
0.00233264
0.00274581
0.00194754
0.00331444
0.00452658
0.00365519
0.00316404
0.00625892
0.00451482
0.00516136
0.00447052
0.00503899
0.00164306
0.00193747
0.00243869
0.00152778
0.00153388
0.00192709
0.0012954
0.00124749
0.00123857
0.00847524
0.00332147
0.00403461
0.0030569
0.00263948
0.00203872
0.00162447
0.00164917
0.00126261
0.0016185
0.00137849
0.0017076
0.00153948
0.00367755
0.00563283
0.00375671
0.00644602
0.00489223
0.00278443
0.00584359
0.0046583
0.00545877
0.00697334
0.00577246
0.00647601
0.00516821
0.00454558
0.00644233
0.0015454
0.00166749
0.00263672
0.00202777
0.00200169
0.0016853
0.00165724
0.00182154
0.00191749
0.00192525
0.00178128
0.00149075
0.00156129
0.00181019
0.00141563
0.00142291
0.0012564
0.00150735
0.00354451
0.00150474
0.00160325
0.00240401
0.00229396
0.00217957
0.00184761
0.00153087
0.00155237
0.00917949
0.0065517
0.0114982
0.0107886
0.00912264
0.0098155
0.00814518
0.00606403
0.00986316
0.00667387
0.00905731
0.00800076
0.00566156
0.00688112
0.00382798
0.00722835
0.00695842
0.00198363
0.00246341
0.00389644
0.00306824
0.00229679
0.00191363
0.00186682
0.00299599
0.00188872
0.00222879
0.00231565
0.00186108
0.0017911
0.00191258
0.0016858
0.00144351
0.00163806
0.0015874
0.00156774
0.00160893
0.00164398
0.00161033
0.00182456
0.00143424
0.00135508
0.00167408
0.00176339
0.00167529
0.00180587
0.00178835
0.00181335
0.0017543
0.00170918
0.00174154
0.00177033
0.0017312
0.00151995
0.00154854
0.00167664
0.00165631
0.00188123
0.00176529
0.00172608
0.00163373
0.00194154
0.00177566
0.00196458
0.00167322
0.00282604
0.00163612
0.00169392
0.00212745
0.0016718
0.00162472
0.00180132
0.00189154
0.00197927
0.0017703
0.00153179
0.00166845
0.001778
0.00176147
0.00148156
0.00216299
0.00214727
0.00221262
0.0017556
0.00203971
0.0018335
0.00190803
0.00175554
0.00164034
0.00178665
0.00195865
0.00208065
0.00170654
0.00189162
0.00192067
0.00167084
0.00178049
0.00190078
0.00175536
0.00181326
0.00165462
0.00176474
0.001668
0.00168241
0.00202028
0.00193555
0.0019235
0.00226273
0.00181066
0.00192728
0.00359858
0.00236164
0.00265891
0.00733495
0.0100647
0.00355688
0.00225142
0.00312403
0.00230587
0.00211842
0.00148992
0.00355509
0.00164896
0.00174753
0.00395067
0.00241522
0.000734622
0.00102647
0.000489004
0.000772706
0.00063892
0.000676218
0.000646559
0.000555036
0.000412341
0.000474346
0.000501276
0.000436625
0.000365116
0.000347316
0.000245398
0.000532895
0.000380306
0.000487801
0.000394482
0.000622076
0.000762684
0.000801241
0.000601419
0.000761952
0.000336008
0.000254227
0.000269086
0.000293555
0.000457534
0.00288067
0.00202955
0.00211078
0.00203368
0.00178763
0.0016231
0.00175424
0.00164385
0.00137388
0.00108342
0.00257428
0.00208475
0.00250087
0.00180792
0.00234165
0.000558643
0.000790507
0.000631476
0.000865717
0.00067728
0.000509202
0.000992248
0.00297255
0.00133754
0.00134384
0.00106643
0.00179335
0.00197746
0.00236067
0.00176726
0.00326676
0.00289775
0.00309243
0.00278752
0.00338463
0.00315004
0.00196843
0.00262689
0.001838
0.00289704
0.00464323
0.00324319
0.00391698
0.00341842
0.00274942
0.00264036
0.00144192
0.0016478
0.00186579
0.00278832
0.00201947
0.00212978
0.00225328
0.0029656
0.00323367
0.00397718
0.00303532
0.00224255
0.00320438
0.00153393
0.00127268
0.00230879
0.00235161
0.00504374
0.00276595
0.00147112
0.00120689
0.00187799
0.00122692
0.00105647
0.00234335
0.00173429
0.00336188
0.00241272
0.00174125
0.00229196
0.0034626
0.00370169
0.00217126
0.00122827
0.00168713
0.00197977
0.00189701
0.00194017
0.00399347
0.00282226
0.00326592
0.00334318
0.0026092
0.00170609
0.0019676
0.00307413
0.0047672
0.00465197
0.0049655
0.00490785
0.00385778
0.00371267
0.00329015
0.00331019
0.00478827
0.00435537
0.00505999
0.00461081
0.00452536
0.00446945
0.00481992
0.00171349
0.0019074
0.00312264
0.00153496
0.0032609
0.00211958
0.00516352
0.00429329
0.00482118
0.00476726
0.00912613
0.00750585
0.00768196
0.00458374
0.00415203
0.00601465
0.00276594
0.00640328
0.00472987
0.00671636
0.00759009
0.00355648
0.00509029
0.00957667
0.00437365
0.00620592
0.00597202
0.00911126
0.0072477
0.00671105
0.00722424
0.00707349
0.0071916
0.00358752
0.00361053
0.00540654
0.00313471
0.0063298
0.00780815
0.00305281
0.00653823
0.00401273
0.00451413
0.00432739
0.00414469
0.00425468
0.0037444
0.00295471
0.00495975
0.00410183
0.00469625
0.00686508
0.0061965
0.00442765
0.00262578
0.00136376
0.00138256
0.00433331
0.00123977
0.00165186
0.0011518
0.00141522
0.0048775
0.00304585
0.00355627
0.00277001
0.00259759
0.00282169
0.00397616
0.00332016
0.00308685
0.00332487
0.00418367
0.00367414
0.00322457
0.00233813
0.00255735
0.00290982
0.00301944
0.00305975
0.00199771
0.00231738
0.00313256
0.00200604
0.00290473
0.0027971
0.00145593
0.00297538
0.00402196
0.00372716
0.00338594
0.00386199
0.00315408
0.00206224
0.00195403
0.00412711
0.0040045
0.00143136
0.00266326
0.004759
0.0044023
0.00273011
0.00344255
0.00258721
0.00273549
0.00258843
0.0029198
0.00232677
0.00200423
0.00194531
0.00257046
0.00694099
0.00428493
0.00510165
0.00397146
0.00961844
0.00693686
0.00272585
0.00169419
0.00123406
0.00168226
0.00156554
0.00179781
0.00190822
0.00220128
0.00210835
0.00125957
0.00169871
0.00125719
0.00128523
0.00148549
0.00178182
0.00172464
0.00109248
0.0031916
0.00408729
0.0044372
0.00439511
0.00449299
0.00438843
0.00340859
0.00419894
0.00411081
0.00307585
0.00934923
0.00546447
0.00625881
0.00626759
0.00624209
0.00512076
0.00703374
0.00162093
0.00221558
0.00192131
0.00160161
0.00134608
0.00133454
0.00266389
0.00366808
0.00155187
0.00109583
0.00109352
0.00122938
0.00141645
0.00168518
0.00126127
0.00248532
0.00239053
0.00189832
0.00141989
0.00146011
0.00174908
0.00122662
0.00141837
0.00226358
0.00199065
0.00151754
0.00216309
0.00312883
0.00359702
0.00216586
0.0030732
0.00215953
0.00301732
0.00241203
0.0023748
0.00169661
0.00256039
0.00418801
0.00175108
0.00288524
0.00151959
0.00207995
0.00401068
0.00376415
0.00284475
0.0030956
0.0035326
0.00181741
0.00192776
0.00174322
0.0015891
0.00180525
0.00168143
0.00172489
0.00257154
0.00761661
0.00207973
0.00703842
0.00952903
0.00215576
0.00221203
0.00357573
0.00182435
0.00156737
0.00297781
0.0047303
0.00434433
0.0034609
0.00441045
0.00355361
0.00207412
0.0043704
0.00200058
0.00238949
0.00358915
0.00392742
0.00394015
0.00247579
0.00454842
0.00423616
0.00238719
0.00327386
0.0024774
0.00319609
0.00279092
0.00333881
0.00176561
0.00150243
0.00248008
0.00235648
0.0024267
0.00172525
0.00313839
0.00230962
0.00287082
0.00213822
0.00193522
0.00231984
0.0045888
0.00350539
0.00450599
0.00352449
0.00316488
0.00249327
0.00354313
0.00357088
0.00363573
0.00304784
0.00325598
0.00265574
0.00458756
0.00328888
0.00358837
0.00321037
0.00150807
0.00176649
0.00209783
0.00218934
0.00248868
0.00266176
0.00265257
0.00176689
0.00346623
0.00309648
0.00193524
0.00479774
0.0041531
0.00430516
0.00460477
0.00488408
0.00483203
0.00467257
0.00477815
0.00377378
0.00332587
0.00341524
0.00527557
0.00341402
0.00237335
0.0078918
0.00752927
0.00524653
0.00554486
0.00570653
0.00858048
0.00627196
0.00485286
0.00420603
0.00764903
0.00942917
0.00820049
0.00900266
0.00678601
0.00578918
0.00768938
0.00720415
0.0104235
0.00548357
0.00479507
0.00934834
0.00608905
0.00808552
0.00709968
0.00543291
0.00548269
0.00784379
0.00607026
0.00904664
0.00282268
0.00454127
0.0110752
0.00321621
0.00707263
0.00624164
0.00895429
0.00614989
0.00750086
0.00312408
0.00677245
0.00968859
0.0059562
0.0084874
0.00619044
0.00840024
0.00618028
0.0078338
0.0116715
0.00835766
0.0110737
0.0108326
0.008669
0.00317828
0.00338177
0.00206203
0.00368204
0.00476883
0.0031607
0.00442973
0.00281493
0.00213929
0.00315557
0.00124704
0.00281787
0.00290336
0.00173693
0.00318931
0.00203709
0.0017004
0.00234567
0.00182215
0.00186363
0.00151639
0.00271229
0.00132415
0.00162149
0.00318496
0.00343779
0.0035003
0.00152318
0.00384378
0.00455881
0.00343579
0.00291892
0.00258222
0.00412972
0.00363177
0.00484913
0.00364896
0.00424186
0.0041072
0.00364512
0.00435919
0.00181126
0.00149532
0.00190532
0.00387613
0.00149716
0.00236636
0.00384101
0.0128243
0.0068066
0.0119309
0.0103654
0.00654942
0.00832983
0.00717984
0.00830644
0.00254124
0.00413211
0.00264321
0.00122743
0.00192159
0.00125801
0.00366781
0.00207538
0.00167747
0.00178951
0.0015775
0.00158361
0.00291373
0.00280728
0.00385319
0.0017132
0.0035749
0.00191481
0.00168059
0.0027209
0.00324911
0.00225226
0.00252445
0.00287362
0.00351184
0.00303874
0.00351615
0.00426569
0.00627966
0.00552828
0.00554481
0.00551728
0.00520688
0.00231767
0.00234343
0.00248182
0.00223541
0.00195567
0.00174184
0.00186502
0.00252604
0.00154537
0.00510835
0.00501976
0.00640216
0.00724029
0.00289011
0.0099188
0.00633457
0.00906837
0.0115414
0.0104542
0.00768682
0.01105
0.011327
0.00325724
0.00355938
0.00362623
0.00462444
0.00450512
0.00277313
0.00217445
0.00360433
0.00190078
0.00222929
0.00299181
0.00791175
0.00586966
0.00355149
0.00302189
0.00165079
0.0043234
0.00174715
0.00229125
0.00167521
0.00172334
0.00295941
0.00302895
0.00274992
0.00395637
0.0043636
0.00383166
0.00255366
0.00265317
0.00176509
0.00428035
0.00336201
0.00303256
0.00270225
0.00231792
0.00440384
0.00315007
0.0033281
0.00285722
0.0042897
0.00181529
0.00305975
0.00408819
0.00418714
0.00223076
0.00185341
0.00168813
0.00228334
0.00286179
0.00166447
0.00190071
0.00440251
0.00267723
0.00219987
0.00175687
0.00203341
0.00269514
0.00268274
0.00199678
0.00223398
0.00181829
0.00247558
0.00405838
0.00253838
0.00284817
0.00165745
0.00180207
0.00209416
0.00167646
0.00226443
0.0016873
0.00145055
0.00151045
0.00293403
0.00147362
0.00367396
0.00224011
0.00349995
0.00340517
0.002742
0.0027857
0.00336377
0.00278237
0.00252174
0.00326698
0.00302759
0.00354743
0.00285998
0.00220593
0.00257715
0.00242287
0.00292205
0.00294736
0.00281034
0.00309601
0.00395498
0.00469277
0.00224699
0.00203032
0.00227037
0.00719422
0.00531316
0.00199388
0.00235763
0.00171056
0.00172761
0.00243883
0.00247724
0.0018877
0.00266478
0.00259155
0.0024209
0.00453104
0.00483459
0.00348836
0.0030537
0.00477188
0.00346085
0.00417801
0.00468535
0.00384795
0.00318498
0.00464904
0.00386538
0.00320719
0.00447855
0.00490284
0.0046194
0.00322287
0.0031252
0.00473652
0.00467366
0.00424029
0.00294249
0.00190317
0.00354254
0.00340534
0.00264562
0.00220387
0.00287835
0.00249232
0.00259555
0.00253067
0.00310121
0.00156552
0.00193606
0.00145302
0.00208867
0.00496357
0.00205635
0.00190993
0.00334801
0.00482199
0.00473152
0.00409414
0.00861441
0.00426208
0.00239066
0.00516589
0.00612183
0.00898864
0.0062337
0.00455746
0.00273523
0.00853674
0.00613705
0.0106385
0.00806398
0.0100845
0.00880814
0.00648174
0.00376543
0.00460656
0.00434553
0.00891348
0.00537699
0.00381635
0.00855159
0.00679707
0.00196046
0.00183389
0.00166551
0.00250489
0.00265425
0.00220943
0.00269204
0.00220264
0.00250755
0.00151276
0.00185538
0.00146948
0.00130304
0.00205718
0.00159097
0.00164694
0.00277166
0.00235756
0.00251811
0.00183917
0.00195975
0.00200846
0.00254221
0.00202401
0.00199035
0.00218217
0.00170819
0.0014005
0.00123328
0.00185515
0.00122818
0.00179358
0.00238788
0.00168484
0.000906339
0.000857135
0.00114803
0.00207836
0.000576601
0.000965697
0.00212241
0.000736891
0.00109928
0.00152318
0.00189248
0.00174237
0.00185038
0.00162881
0.00129087
0.00146984
0.00205527
0.0018876
0.00117269
0.00168208
0.00124881
0.00118223
0.00139685
0.00143833
0.00130005
0.0006009
0.000818129
0.00110406
0.0012511
0.00106667
0.00218643
0.00121159
0.00174686
0.00237388
0.00156486
0.00184562
0.00213537
0.00212196
0.00162053
0.0017652
0.00219281
0.00316263
0.00263228
0.00168988
0.00124634
0.00151325
0.00172211
0.00139155
0.00152251
0.00218066
0.00237006
0.0016501
0.00442224
0.00657283
0.00162834
0.00272234
0.00314565
0.00195459
0.00197812
0.00408451
0.00374418
0.0027816
0.00196445
0.00177253
0.00466907
0.00369493
0.0030062
0.00311633
0.00196392
0.00199335
0.00250699
0.00153683
0.00176834
0.00240784
0.0037521
0.00186157
0.001076
0.00127658
0.00209609
0.00247296
0.00122801
0.00282866
0.00190981
0.00246631
0.00246033
0.0038936
0.00278227
0.00318859
0.00316363
0.00277536
0.00281812
0.0037731
0.00334703
0.00285161
0.00221498
0.00492295
0.00385205
0.00316635
0.00458083
0.00359974
0.00346357
0.00379133
0.00360949
0.00293379
0.00362534
0.00482814
0.0034546
0.0030711
0.00458583
0.00240035
0.00644458
0.00328927
0.00373925
0.00461679
0.00328745
0.00219038
0.00257085
0.00180172
0.00189436
0.00164347
0.0026677
0.00189824
0.00323275
0.00171422
0.00154378
0.00149885
0.00136232
0.00145289
0.00221434
0.00206302
0.00232455
0.00107466
0.001905
0.00187073
0.00151759
0.0020231
0.00312861
0.00262282
0.0022323
0.00283782
0.00300703
0.00249363
0.00176477
0.00320281
0.00179355
0.00300797
0.00279191
0.00141612
0.00232293
0.00271636
0.002004
0.00262999
0.00283609
0.00174954
0.000818294
0.000878522
0.00477441
0.00246409
0.00392304
0.00315644
0.00430347
0.00347508
0.00458211
0.00417926
0.00132475
0.00237943
0.00410834
0.00300194
0.00164247
0.000777403
0.00148634
0.00171983
0.00224196
0.00234349
0.00379669
0.00284863
0.00175375
0.00288337
0.00193695
0.0029304
0.004083
0.00593284
0.00345769
0.00313275
0.00369196
0.00367522
0.00434731
0.00166972
0.0041715
0.00425067
0.00492465
0.00328103
0.00424272
0.00496604
0.00237087
0.00258007
0.00427868
0.00505695
0.00445227
0.00298417
0.00327597
0.00251823
0.00178641
0.00224775
0.00169642
0.00281683
0.00305653
0.0017845
0.00199332
0.00151359
0.00212415
0.00392856
0.00162687
0.00207694
0.00324887
0.00516545
0.00455307
0.00206568
0.00259137
0.00617022
0.00495703
0.0030087
0.00345088
0.00481756
0.00300083
0.00606571
0.00601812
0.00355499
0.00507883
0.00511691
0.00514685
0.00675677
0.00346169
0.00266293
0.00563524
0.00419067
0.00416479
0.00283278
0.00243386
0.00256527
0.00172177
0.00219937
0.0031984
0.00220876
0.00164015
0.00200804
0.00188696
0.0043643
0.00334853
0.00327461
0.00414665
0.00623242
0.00474888
0.00561204
0.00619735
0.00405515
0.00194432
0.00307425
0.00338551
0.00420593
0.00345756
0.00235671
0.00400745
0.00597933
0.00451325
0.00496167
0.00356233
0.00209352
0.00355285
0.00149119
0.00136493
0.00176261
0.0041078
0.00323687
0.00311312
0.00237866
0.00279108
0.00183625
0.00257233
0.00219564
0.00258264
0.00320834
0.00385586
0.00313254
0.00276728
0.00130636
0.00183543
0.00266588
0.00162915
0.00107481
0.00183531
0.00135407
0.00683909
0.00261322
0.00406547
0.00417495
0.00526004
0.00292689
0.00388501
0.00283695
0.00460815
0.00386087
0.00300853
0.00256938
0.0026529
0.00277607
0.0039692
0.00508524
0.00470944
0.00343234
0.00612985
0.00331094
0.00507914
0.00380029
0.00458885
0.00584862
0.00352876
0.00378581
0.00464145
0.00265583
0.00407647
0.00578118
0.00511733
0.00623648
0.00574301
0.00237869
0.00295357
0.00173188
0.00208723
0.00171806
0.00203911
0.00194897
0.00260482
0.0027611
0.00307208
0.00297569
0.00429997
0.00270998
0.00489072
0.00674171
0.0039993
0.00390692
0.00313421
0.00638353
0.00531832
0.00505206
0.0041234
0.00616725
0.00384385
0.00242216
0.00583344
0.00604961
0.00401479
0.00376913
0.00495049
0.00466934
0.00269984
0.00647963
0.00372968
0.00252766
0.00473956
0.00295093
0.00358656
0.00370483
0.00411354
0.00407876
0.00359113
0.00537488
0.00355113
0.00283997
0.00314603
0.002452
0.00190451
0.00280926
0.00250342
0.00274958
0.00235798
0.00217226
0.00250944
0.00453353
0.00323113
0.00441217
0.00259109
0.00322498
0.00477075
0.00292937
0.00419841
0.00322194
0.00359964
0.00299526
0.00263296
0.00345534
0.003996
0.00609121
0.0042387
0.00466736
0.00282933
0.00320259
0.00387094
0.00484371
0.00524506
0.00274656
0.00487362
0.00350132
0.00429886
0.00572092
0.003172
0.00511958
0.00366649
0.00495016
0.00397497
0.00302535
0.0032644
0.00290674
0.00275811
0.00177463
0.00329069
0.00545566
0.00256899
0.00271978
0.00386233
0.00207126
0.00241268
0.00210654
0.00236465
0.0024182
0.00274282
0.00265557
0.00324955
0.00220897
0.00426277
0.00282963
0.00295204
0.00283704
0.00294438
0.00656428
0.00368823
0.00403551
0.00526793
0.00443012
0.00304233
0.00384742
0.0037933
0.00343967
0.00323035
0.00477223
0.00483035
0.00505606
0.00364507
0.00296671
0.00354256
0.00385281
0.00727533
0.00329521
0.00274136
0.00279392
0.00202764
0.00234047
0.00231092
0.00285405
0.00410753
0.00335957
0.00301342
0.00559814
0.00354262
0.0049824
0.00455544
0.00309465
0.00415899
0.00427558
0.00382305
0.00311851
0.00343279
0.00285142
0.00143957
0.00172233
0.00146699
0.0012871
0.00147065
0.00162002
0.00155211
0.00123295
0.00196004
0.00112682
0.00103732
0.00085158
0.000984229
0.00146149
0.000946442
0.00109701
0.000943183
0.00116244
0.00170619
0.00158065
0.00132869
0.00205212
0.00288999
0.00213038
0.00212942
0.00187324
0.00284526
0.0029837
0.00308849
0.00305593
0.00180888
0.00185337
0.00266296
0.00273646
0.00238245
0.00213249
0.0026368
0.0021497
0.00489062
0.0018458
0.005612
0.00227525
0.0016634
0.00183157
0.00189456
0.00204064
0.00186327
0.00504294
0.00344077
0.00192952
0.00208929
0.00216239
0.00307911
0.001734
0.00498778
0.00223816
0.00152256
0.00177713
0.00234321
0.00344296
0.00319712
0.00276463
0.00141959
0.00407642
0.00154637
0.00172951
0.000861082
0.00147568
0.00104439
0.000961196
0.0014057
0.00186718
0.00158796
0.00147351
0.00171488
0.00156647
0.00144311
0.0017448
0.00167844
0.00152098
0.00176611
0.00160157
0.00455981
0.00456565
0.00633043
0.00648215
0.00469251
0.00464928
0.00455239
0.00267986
0.00264512
0.00384864
0.00295532
0.00167057
0.00147046
0.00178262
0.00275831
0.00396194
0.00191262
0.0013512
0.00148512
0.00395257
0.0017896
0.00300499
0.00190468
0.00300062
0.0016364
0.0024706
0.00154458
0.00162126
0.005458
0.00613858
0.00362936
0.00266196
0.00318733
0.00324633
0.00241963
0.00443974
0.00389204
0.00251156
0.00371059
0.00565078
0.00338476
0.00174049
0.00153319
0.00285756
0.00162125
0.00190707
0.00213387
0.00246971
0.00211011
0.00185837
0.00303008
0.00304647
0.00277148
0.00164501
0.00160016
0.003193
0.00264267
0.00366341
0.00421065
0.00341653
0.00288583
0.00267272
0.00283444
0.00245726
0.00334617
0.00334941
0.00257541
0.00273049
0.00315062
0.0023473
0.00281548
0.00273831
0.00276847
0.00305628
0.00172128
0.0032878
0.00439188
0.0035094
0.00468205
0.0036333
0.00353901
0.00375026
0.00523593
0.00534506
0.00153216
0.00185541
0.00214502
0.00158142
0.00232573
0.00138497
0.00219588
0.00179379
0.00121063
0.00140534
0.00143126
0.00137824
0.00117286
0.00120095
0.00154913
0.00158435
0.00143803
0.00134906
0.00267356
0.00348508
0.00361813
0.00269763
0.00353251
0.00639011
0.00391501
0.00587869
0.00456913
0.00573359
0.00694869
0.0017491
0.00278974
0.00253041
0.00276344
0.00123021
0.0013583
0.00128034
0.0019691
0.00227958
0.00207658
0.00370979
0.00322774
0.00391324
0.0039672
0.00548928
0.00369336
0.00495635
0.00610658
0.00613973
0.00494128
0.0037787
0.00396194
0.00607774
0.00352191
0.00518748
0.00243058
0.00325064
0.00234293
0.00118127
0.00214181
0.00200623
0.00393085
0.00203124
0.00285855
0.00621447
0.00354066
0.00582786
0.00332236
0.00508678
0.00574693
0.00609427
0.00258758
0.00357257
0.00403903
0.00339548
0.00301244
0.00340842
0.00366128
0.0050359
0.00466107
0.0045561
0.00415815
0.00390677
0.00604747
0.00331379
0.0032269
0.00401204
0.00492187
0.00446755
0.00366202
0.00315179
0.00339803
0.00528144
0.00568389
0.00559209
0.00617731
0.00617971
0.00401379
0.00536779
0.00496512
0.00498358
0.00535425
0.00665368
0.00461631
0.00507901
0.00503861
0.00464209
0.00569507
0.00527614
0.00197801
0.00184846
0.00414716
0.00618267
0.00437945
0.00253693
0.00397347
0.0036042
0.00416057
0.0038399
0.00388521
0.00220165
0.00257585
0.00270798
0.00172963
0.00347644
0.00266914
0.00671324
0.00347175
0.00477345
0.00394623
0.00308468
0.00405754
0.00379481
0.00638508
0.00430908
0.00189394
0.00281573
0.00574069
0.00366351
0.00264792
0.00654423
0.00203753
0.00441176
0.00811944
0.00426092
0.00638815
0.00411282
0.00552377
0.0072642
0.00447961
0.00415107
0.00278962
0.0048285
0.00175056
0.00204667
0.0018806
0.00162465
0.00115427
0.00129599
0.0016274
0.0017265
0.0041153
0.00343882
0.00224634
0.00237536
0.00303507
0.00182403
0.00450716
0.00492166
0.00536174
0.00399131
0.00419842
0.00281019
0.00160103
0.00225813
0.00198326
0.00245097
0.00329178
0.00152594
0.00420707
0.00501494
0.00344175
0.00538878
0.0037914
0.00358441
0.00456887
0.0058615
0.00371315
0.00457272
0.00369113
0.00304464
0.0031442
0.00243517
0.00426678
0.00364251
0.00339938
0.00277899
0.00704159
0.00357734
0.00468516
0.00673573
0.00377542
0.00541463
0.00434027
0.00424601
0.0034849
0.00344428
0.00594149
0.00568824
0.0051166
0.00393932
0.00589061
0.00358705
0.00699033
0.00610188
0.00236981
0.00259604
0.00447115
0.00475472
0.00526717
0.00609195
0.0034241
0.00341623
0.00432741
0.00264988
0.00498423
0.00587653
0.00591468
0.00416977
0.00398608
0.00419566
0.00105752
0.0015854
0.00118582
0.00132842
0.000950326
0.00103617
0.00522749
0.00286615
0.00248848
0.00340198
0.003455
0.00459505
0.00345076
0.00426732
0.00487658
0.0061052
0.00286978
0.00593568
0.0070374
0.00414823
0.00617639
0.00545039
0.00325342
0.00518027
0.00537602
0.00686744
0.00663193
0.00612302
0.00569598
0.00585921
0.00649541
0.00556406
0.00410518
0.0031218
0.00417831
0.00482107
0.00586633
0.00271568
0.00369604
0.0039131
0.00407214
0.0059311
0.00426045
0.00300203
0.00379856
0.00530364
0.00689567
0.00376401
0.00547143
0.00276223
0.00305291
0.0028013
0.00287181
0.00609709
0.00383297
0.00557699
0.00281976
0.00374203
0.00427055
0.00380559
0.00559071
0.00495439
0.00492757
0.00420629
0.00487487
0.00581552
0.00426299
0.00381704
0.00352962
0.00550294
0.00386365
0.00504403
0.00312486
0.00394481
0.00286286
0.00262249
0.00216936
0.00317754
0.00400088
0.00356707
0.00242246
0.00350047
0.00240341
0.00279377
0.00377994
0.00361032
0.00353033
0.00256974
0.00608509
0.00690676
0.00476756
0.00657535
0.00699158
0.00684296
0.00426627
0.00504589
0.00484429
0.00429631
0.00494564
0.00522077
0.00372754
0.00299696
0.00277929
0.00442268
0.00356605
0.00226127
0.00234694
0.00289515
0.00373498
0.00356812
0.00316912
0.00413516
0.0030924
0.00589799
0.00554598
0.00652747
0.00436072
0.00653854
0.00634562
0.00471499
0.00645913
0.00690117
0.00661589
0.00717195
0.00299408
0.00711697
0.00474616
0.00503033
0.00547003
0.00436592
0.00665946
0.00680335
0.00358758
0.00411808
0.00690002
0.00323862
0.00315194
0.00368235
0.00352952
0.00703235
0.00279155
0.00562711
0.0060805
0.00389854
0.00393791
0.00359797
0.00399883
0.00411229
0.00889384
0.00997242
0.00968732
0.00954113
0.00713759
0.0103016
0.00930434
0.00893249
0.00941335
0.00996207
0.0102539
0.00862632
0.00973742
0.0100118
0.00994583
0.00884333
0.00999654
0.00810487
0.00992801
0.0102813
0.00952491
0.00994722
0.0103767
0.0103273
0.00908074
0.00815752
0.00855971
0.0103959
0.0101832
0.0100942
0.00981262
0.0096527
0.00850883
0.00657294
0.00416396
0.010064
0.0058487
0.00867482
0.010028
0.010174
0.0100224
0.0103499
0.00873797
0.0104238
0.00999654
0.010023
0.0103267
0.0103339
0.00157152
0.00205978
0.00392314
0.00316577
0.00252427
0.00234953
0.00300038
0.00511422
0.00310002
0.00624041
0.00672857
0.00401757
0.00274226
0.00316472
0.00209988
0.00205208
0.00335836
0.00291469
0.000642448
0.000353161
0.000337282
0.000631357
0.00036257
0.00141339
0.000283619
0.000263132
0.000459529
0.000369371
0.000363492
0.000274239
0.000302669
0.000177068
0.000209587
0.000254245
0.000439223
0.000183659
0.000232312
0.000188444
0.000272633
0.000284741
0.00031956
0.000297222
0.000262922
0.000380904
0.000316106
0.000278087
0.00141204
0.000605828
0.000895877
0.00148356
0.00128829
0.0013431
0.00221156
0.00238048
0.00147753
0.00130313
0.00102482
0.000441487
0.000293319
0.000432885
0.00035662
0.000496793
0.000779538
0.000324468
0.00082458
0.000814833
0.000419506
0.000498422
0.00104286
0.000549499
0.000595362
0.000899752
0.00040561
0.000461916
0.000412674
0.000516811
0.000509694
0.00040808
0.000289373
0.000263989
0.000338736
0.000254295
0.000243994
0.000426018
0.000394491
0.00045703
0.000295504
0.00031986
0.000267212
0.000260713
0.000204097
0.000288967
0.000231459
0.00028809
0.000290624
0.000249603
0.000352152
0.000689515
0.000302494
0.000530419
0.0004384
0.000385776
0.000262917
0.00033411
0.000275286
0.000387453
0.000266983
0.000371673
0.000295537
0.000418078
0.000257769
0.000217772
0.000325282
0.000410787
0.000299266
0.000351338
0.000318521
0.00075387
0.000479202
0.000505031
0.000242526
0.000307456
0.0002523
0.000245055
0.000431093
0.000295336
0.000540052
0.000259886
0.00034991
0.000729533
0.000343118
0.000861375
0.000645432
0.000622849
0.00100961
0.000797641
0.000662422
0.000616054
0.000597029
0.000629879
0.000412519
0.000340351
0.000399573
0.000249386
0.00039354
0.000318593
0.000291254
0.000465338
0.000379601
0.000493732
0.000363567
0.000495869
0.000613981
0.000411394
0.000507866
0.000371431
0.000850447
0.000763862
0.000760837
0.000389586
0.000428298
0.000535635
0.00045859
0.000595966
0.000458668
0.000591796
0.000313367
0.000228009
0.000315917
0.000283893
0.00034492
0.000253404
0.000196314
0.00033048
0.000346315
0.000325243
0.000388607
0.000309189
0.00226955
0.00271278
0.00491557
0.00319124
0.00261575
0.000785534
0.00122555
0.00130208
0.000741537
0.000896754
0.00125827
0.00044976
0.000678452
0.000677757
0.000683821
0.000868179
0.000684315
0.000816971
0.000896099
0.000584754
0.000848863
0.00266917
0.00192861
0.00155929
0.000685589
0.000471872
0.000742715
0.000605974
0.00073838
0.000650634
0.000809837
0.000802496
0.00122152
0.000843304
0.000709584
0.00068619
0.00074201
0.00133882
0.00118777
0.00117377
0.00109541
0.000932815
0.00557718
0.00347573
0.00586403
0.00433524
0.00259042
0.00582892
0.000194367
0.00029225
0.000459747
0.000451702
0.000309565
0.000433739
0.00044498
0.000366591
0.000298346
0.000357602
0.000383513
0.000560856
0.000351191
0.000428718
0.000378492
0.000350057
0.000469502
0.000481304
0.000365259
0.000386432
0.000647796
0.000551
0.000342162
0.000472637
0.000447572
0.000524543
0.000577109
0.00056774
0.00114208
0.00133928
0.00122293
0.00199036
0.00133529
0.00143961
0.00426534
0.00473559
0.00213282
0.00298133
0.00297238
0.00232923
0.0012813
0.00130958
0.00133693
0.00150238
0.00167436
0.0013481
0.00167137
0.00168
0.00147608
0.00179388
0.00211784
0.00255422
0.00156135
0.00189306
0.00143113
0.00277764
0.00210417
0.00205448
0.00202411
0.00198212
0.00254379
0.00189607
0.00227573
0.00146462
0.00192932
0.00450402
0.0015175
0.00143033
0.00140774
0.00303157
0.0018948
0.00495413
0.00205145
0.0020087
0.0016775
0.00491182
0.0126897
0.0138903
0.0113089
0.0119149
0.00759633
0.0108251
0.00821525
0.00233581
0.00239806
0.00257464
0.00158014
0.00299039
0.00133471
0.00168708
0.000782676
0.000585364
0.000899553
0.000588027
0.000878404
0.000583656
0.000518492
0.000883984
0.000555134
0.00251021
0.0020469
0.0014909
0.00127606
0.00119079
0.00123855
0.00123797
0.00156292
0.000653597
0.000884446
0.00106771
0.00145978
0.000853343
0.000684044
0.000812804
0.00182518
0.00118361
0.00151904
0.00560078
0.00587319
0.00583935
0.00536681
0.0100518
0.00835039
0.00168611
0.00332333
0.00217046
0.00227284
0.00275955
0.00234139
0.00294422
0.00491999
0.00319633
0.00480768
0.00388127
0.00485127
0.00418516
0.00481784
0.00326925
0.00479829
0.00467963
0.0043858
0.00437482
0.00431296
0.00495646
0.00486504
0.00484918
0.00415618
0.00446471
0.00486213
0.00806919
0.0113359
0.00622216
0.0121262
0.00972359
0.01204
0.00662583
0.00198098
0.00216408
0.00116467
0.012786
0.0137712
0.00771298
0.00763219
0.0106571
0.00827113
0.0125125
0.0123165
0.0117088
0.00753991
0.00815618
0.0102611
0.00680083
0.0124179
0.0090589
0.00854538
0.00648784
0.0113885
0.0109404
0.0112609
0.0102259
0.0103782
0.00913782
0.00827031
0.0104805
0.0116165
0.0116249
0.00137428
0.00243971
0.00245972
0.000560871
0.000790269
0.00143664
0.00138678
0.00264707
0.000626077
0.001618
0.00137552
0.00092203
0.00265915
0.00111182
0.00148899
0.0016595
0.00147063
0.0011412
0.00348051
0.00341779
0.00254738
0.00369125
0.0022286
0.0014524
0.00241327
0.00259478
0.00174144
0.00171228
0.00141651
0.00185674
0.00171065
0.0016014
0.0021877
0.00181637
0.00178976
0.00237725
0.00319803
0.00228109
0.00252991
0.00599214
0.00458341
0.00585163
0.00612708
0.00728807
0.00383495
0.00389909
0.00389389
0.00328962
0.00625614
0.00239751
0.00241464
0.00450299
0.00192209
0.00175815
0.00184661
0.00161461
0.00193267
0.00212747
0.00222373
0.00140676
0.00472412
0.00565673
0.00293488
0.00678963
0.00454344
0.00598159
0.00604254
0.00401991
0.00682378
0.0086153
0.00463267
0.00607134
0.00374771
0.00997957
0.0027523
0.00916057
0.00917529
0.00902214
0.00990276
0.00703446
0.00667855
0.0101341
0.00911379
0.00800075
0.00938502
0.00992935
0.000581309
0.000471109
0.000283391
0.000395715
0.000431037
0.00151869
0.00251003
0.00148941
0.000878787
0.00138182
0.00153795
0.00207356
0.00125595
0.00172006
0.00207966
0.00282216
0.00114715
0.000722748
0.000639723
0.00047633
0.000411667
0.000571417
0.00039592
0.000591561
0.00038766
0.00109941
0.00100601
0.0016076
0.00179031
0.000966196
0.00125826
0.00125119
0.00248753
0.00297785
0.00147857
0.00395493
0.00158311
0.00134127
0.00220863
0.00214279
0.00158119
0.00189023
0.00175206
0.00146242
0.00174327
0.00110682
0.000931992
0.00112047
0.00148536
0.000897633
0.000971551
0.00134264
0.000176558
0.000141601
0.000254912
0.000199249
0.000220822
0.000145713
0.000286512
0.000341106
0.000496911
0.00158998
0.00184798
0.00206833
0.00118505
0.00299826
0.00779892
0.00530909
0.00809483
0.00869979
0.0116004
0.00960752
0.012538
0.0114692
0.000872898
0.00073339
0.000731656
0.00129713
0.00133194
0.00145371
0.00106123
0.00154793
0.00190176
0.00211813
0.00116194
0.00182816
0.00356698
0.00164881
0.00549214
0.00120942
0.00723952
0.00166542
0.00167538
0.00528001
0.00929417
0.0019025
0.00491722
0.00232671
0.00304593
0.00143003
0.00261612
0.00373011
0.00180668
0.0049878
0.00887325
0.00621615
0.000583001
0.000928793
0.000825253
0.00122459
0.00117715
0.00157411
0.00119541
0.00119007
0.00315346
0.00245919
0.00183456
0.00319173
0.00102729
0.00369342
0.00933314
0.00203359
0.00179463
0.00660588
0.0012844
0.00284816
0.00199501
0.00113273
0.00303945
0.00195234
0.00171465
0.0015051
0.00325692
0.00222844
0.00146404
0.00222387
0.00348298
0.00276184
0.00475656
0.00195314
0.0023303
0.00235694
0.00259297
0.00401199
0.0026269
0.00442747
0.00365077
0.00502082
0.00273998
0.00947001
0.00851055
0.00372818
0.00314393
0.00483118
0.00143894
0.00800303
0.00806471
0.00424804
0.0123487
0.0119021
0.0115726
0.011533
0.00866385
0.010281
0.0109828
0.0100246
0.000396536
0.000331479
0.000603695
0.000359111
0.000271955
0.00021438
0.000400569
0.00194913
0.00256551
0.0020597
0.00228283
0.0023384
0.00163157
0.00161095
0.00158746
0.0050103
0.00497975
0.00453543
0.00238608
0.0037474
0.00378899
0.00338293
0.00034132
0.000338062
0.000470486
0.000449424
0.000656705
0.000744388
0.000458199
0.000651933
0.00107787
0.00150326
0.000752737
0.00114322
0.00130956
0.00110908
0.00111674
0.000676758
0.000642494
0.00389383
0.00230264
0.00247898
0.00190529
0.00262066
0.00269779
0.00189289
0.00230754
0.00102281
0.00115925
0.00147633
0.00159566
0.00129541
0.00198268
0.00101022
0.0016608
0.00282923
0.000592523
0.000620723
0.000443775
0.000517864
0.00030823
0.000315462
0.000679287
0.000821692
0.000668896
0.000410156
0.000282374
0.000218007
0.000264514
0.000285924
0.00024951
0.000421774
0.000417254
0.000552544
0.000328695
0.000307927
0.000275114
0.000302264
0.000432436
0.000255257
0.000247243
0.00051737
0.000436484
0.00035325
0.000587708
0.000428134
0.000486878
0.000293991
0.00118181
0.0010139
0.00204069
0.00169287
0.0109828
0.00789378
0.0118896
0.0112115
0.0116813
0.0119561
0.00850658
0.0084023
0.00486707
0.00241364
0.00127429
0.00469318
0.00664741
0.00583415
0.00179894
0.00399891
0.00598237
0.00399393
0.00784682
0.00860357
0.00647317
0.00620745
0.00870502
0.00126937
0.00172088
0.00172183
0.00194646
0.0021012
0.00176043
0.00143199
0.00166662
0.00256131
0.00117121
0.00224493
0.00152297
0.00258369
0.00178692
0.00218537
0.00166962
0.00147423
0.00106101
0.00136041
0.0013198
0.001355
0.00128778
0.00106112
0.00219461
0.00182092
0.00203067
0.00202677
0.00373235
0.00235656
0.00415846
0.00381147
0.00541126
0.0033262
0.006374
0.00773721
0.00524772
0.00117593
0.000941136
0.00108173
0.00148898
0.00135753
0.00133231
0.00115591
0.00122555
0.0010285
0.00138097
0.00208365
0.00133816
0.00128899
0.00197471
0.0014536
0.00154214
0.00173624
0.00252385
0.00338599
0.00258338
0.00441403
0.00386863
0.00354683
0.00287221
0.00431281
0.00498198
0.00214642
0.00275963
0.00185618
0.00203782
0.00183461
0.00308673
0.0031473
0.00733897
0.00818718
0.0100354
0.00646397
0.00762509
0.00777268
0.00918476
0.0061997
0.00885137
0.00163427
0.00142102
0.00150695
0.00219316
0.00140617
0.0013618
0.00193336
0.0012368
0.00116662
0.00100945
0.00226336
0.00104017
0.00155922
0.00167483
0.00157456
0.00213987
0.00306525
0.00294631
0.00212348
0.00158343
0.00263067
0.00239728
0.00293792
0.00181949
0.0015524
0.00120965
0.00127128
0.00330017
0.00117321
0.0012753
0.00149673
0.00179287
0.00203628
0.00163771
0.00211243
0.00126842
0.0021848
0.00182896
0.00365683
0.00290062
0.00336279
0.00463073
0.003805
0.00526745
0.00530885
0.00393828
0.00222463
0.00208557
0.00237969
0.00215229
0.00164273
0.00416823
0.00452252
0.00269667
0.00565609
0.0024464
0.00352903
0.00433219
0.0026851
0.00277526
0.00311702
0.00222157
0.0008791
0.00152334
0.00208175
0.00293298
0.00145719
0.00134815
0.00107489
0.00534896
0.00169285
0.00130417
0.00308189
0.00268018
0.00277722
0.00409303
0.0016351
0.00196674
0.00177818
0.00288518
0.0019308
0.0010411
0.00192132
0.00231706
0.00230774
0.00244275
0.00332339
0.00286547
0.00449638
0.00191894
0.00272257
0.00591394
0.00135325
0.00222992
0.00162127
0.00314542
0.00245298
0.00292742
0.00301968
0.00257939
0.00414217
0.00185826
0.00432205
0.00182782
0.00271833
0.0071635
0.00476672
0.00606632
0.00662239
0.00896051
0.00467579
0.00302504
0.00275837
0.0027698
0.00229541
0.00419674
0.00309054
0.00227106
0.00340559
0.00200137
0.00250941
0.00209955
0.00289165
0.00162557
0.000539984
0.000374924
0.000445589
0.000301085
0.000453924
0.00037319
0.00126339
0.000690084
0.00169334
0.000768677
0.000725346
0.00147761
0.00194338
0.000729535
0.000941303
0.0034662
0.00150173
0.00090542
0.00261694
0.00250906
0.00252912
0.00191771
0.0025365
0.00245332
0.00285027
0.00372327
0.00257949
0.00224538
0.00223705
0.0039863
0.00484873
0.00196626
0.00336394
0.00531489
0.00200072
0.00322103
0.0069842
0.00326345
0.00313109
0.00249094
0.000739761
0.00136323
0.000908389
0.000821662
0.000784777
0.00139048
0.00138915
0.00100213
0.000910878
0.00111624
0.000583794
0.00128709
0.00170544
0.000955964
0.00102475
0.00109955
0.00185804
0.00102643
0.00128046
0.0013138
0.00160832
0.00150837
0.001185
0.000784345
0.00118181
0.000972085
0.000347028
0.000453996
0.000300403
0.000328901
0.000308483
0.000263492
0.00221458
0.00225819
0.00362022
0.00692973
0.00398186
0.00252491
0.00642707
0.00287567
0.0015494
0.00138588
0.0012367
0.00104379
0.00145128
0.00120577
0.00120663
0.00119727
0.00140932
0.00125094
0.00143576
0.00176158
0.00171834
0.00353691
0.00250447
0.00245642
0.00218872
0.00183026
0.00205308
0.00118603
0.00178229
0.00201919
0.00187471
0.00170679
0.00136056
0.00210746
0.00241813
0.00201744
0.00212913
0.00295589
0.00243698
0.00262653
0.00294149
0.00199138
0.00152115
0.00166556
0.00122862
0.00147668
0.00204062
0.00161253
0.00252486
0.00304789
0.00169899
0.0014519
0.00186118
0.00236093
0.00265821
0.00226089
0.00203923
0.00373212
0.00166392
0.00306558
0.00223869
0.00467873
0.0022999
0.00321069
0.00112402
0.000775231
0.00113454
0.000780933
0.000962062
0.00116328
0.00134663
0.00136388
0.00084735
0.00130451
0.0023235
0.00354997
0.00291791
0.00289113
0.0022386
0.00298047
0.00659586
0.0016983
0.00256791
0.00308138
0.00354557
0.00264325
0.00240945
0.00328328
0.00227603
0.00341467
0.00296101
0.00272105
0.00349135
0.00305059
0.00530968
0.00348796
0.00708482
0.0044502
0.00287139
0.00246882
0.00214006
0.000833609
0.000739086
0.00267202
0.00410137
0.00306369
0.00263256
0.00236268
0.00258379
0.00206719
0.00182146
0.00203067
0.00202289
0.00284688
0.00361517
0.00354909
0.00372899
0.00306171
0.00331491
0.000645839
0.00098115
0.000828436
0.00063987
0.00116909
0.000839323
0.00119151
0.00151506
0.00303717
0.00143932
0.00180241
0.0030299
0.00185213
0.00205804
0.00225844
0.00245494
0.00217626
0.00214549
0.00121559
0.00194998
0.0011749
0.00175287
0.000916611
0.000941447
0.000964432
0.000816939
0.00230098
0.00125777
0.000896481
0.00160419
0.00284636
0.00223827
0.00266534
0.00449518
0.00257906
0.00712204
0.00816267
0.00646614
0.00757945
0.00673614
0.00394392
0.00394335
0.00539544
0.00106479
0.0028327
0.00173374
0.00178006
0.00164852
0.00113236
0.00331194
0.00239491
0.000854657
0.000927965
0.000815202
0.000946707
0.00280781
0.00372107
0.00388215
0.00442998
0.00252675
0.00503524
0.00645352
0.00552879
0.00574526
0.00440258
0.00536419
0.00688047
0.00613551
0.00662507
0.00464779
0.00176372
0.00176082
0.00236803
0.00216328
0.00143226
0.00158428
0.00257301
0.00165767
0.0017313
0.00176658
0.00108085
0.00121079
0.00136066
0.00195923
0.00380712
0.00307279
0.00197987
0.0024591
0.00249749
0.00230524
0.00195501
0.0033253
0.0036362
0.00279486
0.00301518
0.00307144
0.00311449
0.00225228
0.00305649
0.000777719
0.00103345
0.00117786
0.00121083
0.000889133
0.000971922
0.000812344
0.00114525
0.00159138
0.000971585
0.00284161
0.000801067
0.000953693
0.00121476
0.00271848
0.00152013
0.00104645
0.000731846
0.000725708
0.000707616
0.00105002
0.00141883
0.00306058
0.000806742
0.00240892
0.000858576
0.00201197
0.00227088
0.00125582
0.000923818
0.00189353
0.000851467
0.00221068
0.000929387
0.00267277
0.00125223
0.00220368
0.000814808
0.000721897
0.000754058
0.000978325
0.00295533
0.00177322
0.000784742
0.000868677
0.00078811
0.00129407
0.00139223
0.00213431
0.00101318
0.00148699
0.000891814
0.000823767
0.000881299
0.00139201
0.00221525
0.00564269
0.00491156
0.00430069
0.0029538
0.00296261
0.00245357
0.00202919
0.00371111
0.00224242
0.00368403
0.00325675
0.0032188
0.00421599
0.00324738
0.00437389
0.00497077
0.0039442
0.00226027
0.00290203
0.00334516
0.00281305
0.00440686
0.00561129
0.00281613
0.00294035
0.00272104
0.000856098
0.00353676
0.00459193
0.00196873
0.00187711
0.00101106
0.000426288
0.000778565
0.000827404
0.00104408
0.000997025
0.00105317
0.00226512
0.00106205
0.00133252
0.000542463
0.00104287
0.00472334
0.00406894
0.00477655
0.00279886
0.00393989
0.00331985
0.00391379
0.0023086
0.00363903
0.00304722
0.00275115
0.00254081
0.00263045
0.00345877
0.00360772
0.0036484
0.00223363
0.00236041
0.00312255
0.00172647
0.00271779
0.00271693
0.0019016
0.000488473
0.00124001
0.000615472
0.000432987
0.000315538
0.000331032
0.000542473
0.000369369
0.00159472
0.000845279
0.00172207
0.00273728
0.00104305
0.000697546
0.0012239
0.00204166
0.00130816
0.00122302
0.0018936
0.000808724
0.000317685
0.000739407
0.000533551
0.00217876
0.00269639
0.00343201
0.0033215
0.00162308
0.00135317
0.00126235
0.00172101
0.00198494
0.00237974
0.000922135
0.000917571
0.00092027
0.000518306
0.00075667
0.000535738
0.000599543
0.000481516
0.000470536
0.000417302
0.000465933
0.000264877
0.000331404
0.000462136
0.000420578
0.00119855
0.00121007
0.00136648
0.00107006
0.00110521
0.00115444
0.00123283
0.00116907
0.00157668
0.00134929
0.00216171
0.00263184
0.00289245
0.00144424
0.00337341
0.00317232
0.00263717
0.00192213
0.00280115
0.00250183
0.00259242
0.000895487
0.00741664
0.00870693
0.00980487
0.00690487
0.0099481
0.00792534
0.012894
0.00997434
0.0110865
0.000873303
0.000618688
0.000567156
0.000844278
0.000546731
0.00100437
0.000734678
0.000649185
0.000935848
0.00031585
0.000283832
0.00632116
0.00355631
0.00611879
0.00638815
0.00481089
0.00384138
0.00404312
0.00379579
0.00415265
0.00544297
0.00299125
0.00432423
0.0058304
0.00591746
0.00512408
0.00419677
0.00313952
0.00184211
0.00647672
0.00189225
0.002965
0.0043237
0.00299769
0.00201236
0.00426576
0.00163019
0.00195069
0.00390147
0.00167636
0.00209091
0.00203553
0.00156902
0.00169541
0.00239799
0.00198786
0.00101548
0.00229052
0.00286273
0.00258266
0.00264236
0.00221323
0.00289846
0.00212126
0.00503842
0.00320258
0.00186452
0.00191879
0.00134854
0.00145542
0.000785249
0.00141286
0.00227993
0.00149935
0.00159119
0.000527555
0.00051821
0.000766856
0.00060924
0.000425697
0.000373074
0.000395435
0.000403791
0.00074509
0.00106819
0.00094742
0.00117947
0.0010377
0.00093144
0.000347925
0.00034389
0.000421726
0.000481798
0.000695342
0.000516423
0.00061774
0.000289515
0.000328547
0.000396494
0.000438495
0.00034393
0.000354637
0.000381292
0.000917262
0.00154309
0.00159115
0.00121706
0.00176656
0.00145654
0.000703188
0.000962165
0.000853023
0.000733191
0.00302635
0.00313784
0.00398965
0.00467626
0.00257624
0.000931019
0.00194765
0.00136249
0.00134779
0.00105344
0.000980855
0.000515124
0.00178847
0.00126877
0.00464205
0.00479638
0.00483395
0.00364293
0.00403619
0.00364031
0.00259049
0.00173992
0.00354046
0.00153653
0.00384845
0.00379307
0.000407653
0.000351211
0.000713172
0.000323942
0.000461989
0.000987101
0.000537761
0.000613801
0.000728594
0.000335145
0.000492749
0.000345681
0.00035318
0.000349601
0.000465383
0.000484
0.000782081
0.000772296
0.000660602
0.000964124
0.000576713
0.000253036
0.000433094
0.000350195
0.000263525
0.000288863
0.000420127
0.000270412
0.000371067
0.000475454
0.000287376
0.000283796
0.001161
0.00142445
0.00167702
0.000815232
0.00113677
0.000638702
0.00447429
0.00241035
0.00388129
0.00206723
0.00156555
0.00912811
0.00736066
0.00782898
0.0135316
0.00459243
0.00600165
0.00522212
0.00651919
0.00366069
0.00573563
0.00560228
0.00724552
0.00433813
0.00361828
0.00495959
0.0048458
0.00280159
0.00489831
0.0046595
0.00512251
0.00315694
0.00248346
0.00153379
0.00221247
0.00229282
0.00255175
0.0023269
0.00300061
0.00263864
0.00267887
0.00259521
0.000441698
0.000462118
0.000454894
0.000305151
0.000596799
0.000457757
0.00139594
0.00122362
0.00227798
0.00143387
0.00118141
0.0010748
0.00273936
0.00317553
0.00157677
0.00211561
0.00153181
0.00191488
0.0018997
0.00346839
0.00200264
0.002255
0.00225244
0.000894976
0.00180773
0.00207586
0.00151273
0.00273601
0.00283124
0.00227982
0.00248439
0.00201369
0.00231335
0.00254559
0.00256242
0.00095223
0.000715326
0.000878663
0.00148073
0.000623104
0.000322722
0.000336979
0.000656023
0.000432616
0.000338172
0.000454059
0.000336619
0.000243552
0.000317882
0.000381778
0.000597069
0.000327494
0.00048595
0.000323849
0.000588284
0.000437343
0.000549978
0.000340924
0.000439795
0.000430789
0.000387312
0.000290337
0.00454739
0.00342413
0.00232081
0.00238835
0.00240443
0.0017996
0.00246313
0.00222709
0.000781858
0.00181531
0.00188515
0.00126134
0.000872799
0.00355932
0.00337983
0.00711851
0.0019384
0.000601934
0.000466374
0.000851493
0.000691594
0.00142566
0.0011527
0.000771983
0.000315602
0.000334005
0.000415283
0.000405592
0.000264324
0.00129606
0.00130715
0.000932901
0.00125957
0.000974143
0.00159171
0.00123019
0.000803069
0.00521572
0.00326337
0.00449697
0.00130101
0.00167698
0.00261272
0.0015712
0.00183884
0.00218352
0.00738516
0.00503974
0.000726838
0.00213397
0.00478609
0.00444309
0.00267826
0.00536494
0.00577787
0.00361091
0.00164477
0.0015573
0.00160731
0.00172403
0.00110302
0.00135682
0.00237696
0.000989915
0.000719296
0.00118662
0.00269784
0.00205029
0.00195804
0.00104973
0.00286231
0.00186938
0.00314781
0.00157279
0.00193251
0.000412855
0.000319876
0.00036751
0.00050639
0.000433019
0.000329803
0.000258
0.000333825
0.00688852
0.00319617
0.00489534
0.00273004
0.00378276
0.00264547
0.00668596
0.00402251
0.0022002
0.00225312
0.00249027
0.00281238
0.00334684
0.00324392
0.00262271
0.006192
0.00350106
0.00329614
0.00305648
0.00447354
0.00454438
0.00286447
0.00161639
0.00524661
0.0021214
0.00352857
0.00331162
0.000889337
0.00058537
0.000554602
0.000639044
0.000848458
0.000736152
0.00134396
0.000467403
0.00101698
0.000505989
0.000543998
0.000496989
0.00165535
0.000985511
0.000884032
0.000826134
0.000555853
0.00109369
0.00116252
0.000596238
0.0003308
0.000311435
0.000644328
0.000461915
0.00053175
0.00053976
0.000388535
0.00033649
0.000353336
0.000317893
0.000654511
0.000675539
0.000839311
0.000540015
0.00043514
0.000295711
0.000411579
0.000355345
0.000280457
0.000295496
0.00040152
0.000362837
0.00594367
0.00583812
0.00706272
0.00496184
0.00368652
0.00643008
0.00222173
0.00197368
0.00262383
0.00291907
0.00304531
0.00585519
0.0049063
0.0060004
0.00392414
0.00271276
0.00411272
0.00382945
0.00429851
0.00709993
0.00614283
0.00570961
0.00765611
0.00644019
0.00570658
0.00515229
0.00697659
0.00449512
0.00561458
0.00461607
0.00791632
0.00520447
0.0076617
0.00654928
0.00765247
0.00776946
0.00356446
0.00581858
0.00353509
0.00455952
0.00723252
0.00711228
0.00728056
0.00657614
0.00440533
0.00716373
0.00595724
0.00463976
0.00439911
0.00706813
0.00253367
0.00446108
0.00243253
0.00310266
0.00321048
0.00590317
0.00545486
0.00423808
0.00403469
0.00386433
0.0062849
0.00436013
0.00532527
0.00597679
0.00541456
0.00517542
0.00665581
0.0066002
0.00653192
0.0045847
0.00513512
0.00451548
0.00539983
0.00664106
0.00551219
0.00699685
0.0049366
0.00632858
0.00382034
0.00435622
0.00378465
0.00464103
0.00258236
0.00282782
0.00550581
0.00281993
0.00300786
0.00353626
0.00955511
0.00191118
0.00576036
0.00331569
0.00134673
0.00192731
0.0012908
0.00307541
0.00789347
0.00634402
0.00579291
0.00316096
0.00376476
0.00335187
0.00166528
0.00109847
0.00381983
0.00358456
0.00522959
0.00667288
0.00755279
0.00685874
0.00703564
0.00323914
0.00273079
0.00322032
0.00450586
0.00626188
0.00702484
0.00625907
0.00581909
0.00752525
0.00363742
0.00469456
0.00574965
0.00278989
0.00400514
0.00424058
0.00479936
0.00665628
0.00713938
0.0053113
0.00565492
0.00381706
0.0049549
0.00466139
0.00360506
0.00483506
0.00271035
0.00246233
0.00346941
0.0041128
0.00391863
0.00340882
0.00337004
0.00340779
0.00283129
0.00477773
0.00340818
0.00372322
0.00404411
0.00745321
0.00773363
0.00666701
0.00717117
0.00309956
0.00252771
0.00435376
0.0029735
0.00350281
0.00471594
0.00408963
0.00432382
0.00403479
0.00589649
0.00297797
0.00338473
0.0038777
0.00410514
0.00398058
0.00421912
0.00319849
0.00385679
0.00297128
0.00277284
0.0029025
0.00434483
0.00397003
0.00625023
0.00678726
0.00521761
0.00789551
0.00598427
0.0039656
0.00333871
0.00562009
0.00564553
0.00614362
0.00739768
0.00720963
0.00785492
0.00689085
0.0069306
0.00405411
0.00381979
0.00275793
0.00327727
0.00199042
0.00297744
0.00139471
0.00294101
0.00280743
0.00259945
0.00128832
0.00464604
0.00605734
0.00621729
0.00691285
0.00734888
0.00745998
0.00358525
0.00681342
0.00531948
0.0069246
0.00692149
0.00682397
0.00629245
0.00693108
0.00692909
0.00567241
0.0060912
0.00487846
0.00453607
0.00485576
0.00652814
0.00465113
0.00310919
0.00202082
0.00249643
0.00256293
0.0041237
0.00205106
0.0070384
0.00762747
0.00748988
0.00682478
0.00700272
0.0042423
0.00713135
0.00538899
0.00422595
0.00524536
0.00711221
0.00498163
0.0043888
0.00578511
0.00452566
0.00379211
0.00295987
0.00335144
0.00375394
0.00208505
0.00143018
0.00297266
0.00280347
0.00244785
0.00306983
0.00314044
0.00377001
0.00520897
0.00205015
0.00322122
0.0062992
0.00656155
0.00454765
0.00618229
0.00522713
0.0058552
0.00635927
0.00639972
0.00493397
0.00424202
0.00455065
0.00520551
0.00474228
0.00288288
0.0040511
0.0047849
0.00605533
0.00603273
0.00622175
0.00369987
0.00532957
0.0035998
0.00667785
0.00641612
0.00150124
0.00215255
0.0020899
0.00213496
0.00266566
0.0041817
0.0011802
0.00118372
0.000849069
0.00081335
0.00152812
0.00169018
0.00157854
0.00185221
0.00196215
0.00208338
0.00347921
0.00343347
0.00302751
0.00489986
0.00218787
0.0017643
0.00436385
0.0034411
0.00513359
0.00518889
0.00660198
0.00294839
0.00434716
0.00663038
0.00220393
0.00331356
0.00603524
0.00283388
0.00711517
0.00187537
0.00185499
0.00192581
0.00192451
0.00215073
0.00213687
0.0017668
0.00222653
0.00151864
0.00132126
0.00144158
0.00142838
0.00150887
0.00164227
0.00265078
0.00287451
0.00272672
0.00219404
0.00243541
0.00272995
0.00230684
0.00103264
0.000952721
0.00101491
0.00128459
0.00140543
0.000691958
0.000706646
0.000564933
0.000486164
0.00197856
0.00256189
0.002989
0.00322688
0.00335185
0.0041514
0.00236449
0.00337188
0.00473023
0.00388778
0.00200674
0.00467256
0.00478283
0.00404314
0.00453198
0.00178228
0.00256953
0.00176335
0.00240011
0.00230056
0.00181022
0.00254447
0.00233258
0.0025664
0.00228764
0.00371329
0.00225263
0.00350375
0.00608805
0.00353596
0.00542565
0.00342556
0.00474301
0.00203861
0.00314707
0.0032349
0.004336
0.00362185
0.00326741
0.00331485
0.00283332
0.00263985
0.00291111
0.00252953
0.00268695
0.00351427
0.0045958
0.00557291
0.0041468
0.00338453
0.00431852
0.0025052
0.00236998
0.00207128
0.00193349
0.00301606
0.00245798
0.00266685
0.00326418
0.0033258
0.002302
0.00366766
0.00435232
0.00456886
0.0028412
0.00208895
0.0029837
0.00198334
0.00200179
0.00322086
0.00395084
0.0044907
0.00292578
0.00190253
0.00202465
0.00407693
0.0019379
0.00533635
0.0114536
0.003323
0.0105343
0.00793532
0.00546672
0.00201483
0.00194888
0.0027964
0.00218354
0.00183554
0.00466172
0.00781999
0.00285225
0.0020887
0.0100244
0.00445826
0.00240099
0.00302517
0.00324586
0.00334271
0.00365064
0.00312367
0.00321758
0.00255941
0.00267072
0.00269135
0.00338393
0.00179413
0.00267996
0.00120321
0.00260871
0.00304355
0.000998302
0.00453207
0.00286103
0.00309642
0.00288248
0.00438229
0.0041487
0.00455227
0.00391077
0.00196927
0.0039937
0.00355891
0.00382347
0.0038202
0.0041542
0.00363664
0.00991539
0.00549928
0.00896933
0.00779652
0.0107554
0.00776188
0.0126128
0.00506218
0.00342342
0.00596637
0.00739158
0.00555326
0.00755119
0.0111884
0.00615667
0.00652862
0.00900784
0.00975349
0.00896428
0.00919748
0.00921011
0.0113649
0.0111913
0.0120892
0.00791413
0.00854032
0.00298067
0.00360959
0.00271719
0.00206119
0.00298939
0.00418095
0.00204902
0.00189723
0.00332917
0.00438076
0.00445139
0.00435633
0.00456217
0.00585384
0.00413781
0.00557101
0.00435695
0.00446891
0.00354854
0.00437959
0.00542857
0.00480802
0.00376969
0.00171472
0.00239072
0.00206947
0.00167681
0.00167581
0.00197937
0.00186851
0.00344274
0.00358028
0.00406335
0.00289131
0.00344048
0.00444253
0.00335914
0.00487997
0.00328393
0.0033782
0.00375403
0.00293703
0.0036417
0.00667196
0.00445411
0.00293371
0.00216222
0.00350294
0.00339319
0.00359823
0.0021559
0.00272363
0.00294692
0.00727322
0.00881748
0.00563773
0.00894433
0.00232494
0.00854031
0.00134945
0.00263819
0.00213279
0.00120645
0.00222637
0.00279027
0.00257921
0.00552742
0.00260868
0.00882013
0.00896467
0.00295676
0.00254446
0.00379675
0.00371765
0.00193904
0.00399318
0.00235473
0.00301133
0.00372175
0.0041478
0.00173791
0.00166677
0.00164464
0.0016142
0.00111945
0.00185574
0.000987026
0.00314421
0.00213287
0.000951857
0.00168512
0.00188567
0.00122489
0.00176065
0.0019123
0.0019727
0.00224664
0.00188759
0.00108672
0.00201168
0.00138538
0.00102841
0.00167004
0.00177557
0.00130004
0.00104813
0.00232862
0.0020235
0.00149971
0.00119811
0.00139213
0.00178705
0.00148417
0.00233634
0.00321801
0.00225284
0.00359361
0.0037489
0.00177963
0.00194188
0.00356327
0.00276763
0.00233666
0.00207857
0.00247636
0.00349364
0.00581608
0.00494267
0.00449865
0.00489216
0.00287088
0.00435495
0.00388469
0.00427451
0.00449308
0.00245607
0.00119781
0.00116373
0.00158298
0.00170686
0.00304379
0.00307084
0.00171947
0.00544575
0.00571229
0.00567931
0.00380598
0.00468812
0.00405848
0.00480735
0.00391401
0.00527617
0.00643691
0.00457784
0.00706866
0.0129591
0.00262342
0.0019846
0.00700861
0.00666258
0.00436362
0.00765586
0.00631357
0.0047904
0.00219294
0.0072671
0.00256598
0.00261
0.00190426
0.00176878
0.00320903
0.00194541
0.00209269
0.00133692
0.00138999
0.00248043
0.00182673
0.00143936
0.00142363
0.00229601
0.00370553
0.00422958
0.00234741
0.00227508
0.00326484
0.00261861
0.00165555
0.0038968
0.00455028
0.00424705
0.00488659
0.00578319
0.00511311
0.00466845
0.00508855
0.00380882
0.00212627
0.00240581
0.00338759
0.0028287
0.00246871
0.00247175
0.00375929
0.00394941
0.00329464
0.0037977
0.0043284
0.00508485
0.00443128
0.00467619
0.00662359
0.0040065
0.00456075
0.00510835
0.00577549
0.00559246
0.00593984
0.000288936
0.000267278
0.000308458
0.000356793
0.000407734
0.000291725
0.000281262
0.00035494
0.000286441
0.000382625
0.000406729
0.000337593
0.000275692
0.000418564
0.00413356
0.00175534
0.00188707
0.00212368
0.00258326
0.00375704
0.00413172
0.00262862
0.00324018
0.00494068
0.00246422
0.00392664
0.00266916
0.00398778
0.00501612
0.00298013
0.00302562
0.00592843
0.00274366
0.00319859
0.00261618
0.00223905
0.00424538
0.0102613
0.00361046
0.00200064
0.00229435
0.00247619
0.00163383
0.00203521
0.00219829
0.00185722
0.00244577
0.00236115
0.00203322
0.00213491
0.0022237
0.00278179
0.0020706
0.00257907
0.00267257
0.00257472
0.00270866
0.00209057
0.00212101
0.00172863
0.00214822
0.00197261
0.00223805
0.00272714
0.00178701
0.00328807
0.002366
0.00195564
0.00164191
0.0018024
0.00160632
0.00169782
0.00151612
0.0016519
0.00191036
0.0035404
0.00192976
0.00196968
0.00174566
0.00192357
0.00215134
0.00204132
0.00196136
0.00926873
0.00325766
0.00273082
0.00226147
0.00419097
0.00409617
0.00226562
0.0027298
0.00222001
0.0022394
0.00312356
0.00332705
0.00226421
0.00884746
0.00827335
0.00305721
0.0117287
0.0112194
0.0116761
0.00158668
0.00167872
0.00236051
0.00183681
0.00152918
0.00223494
0.00146454
0.00160695
0.00148341
0.00709959
0.00213908
0.00200264
0.00192021
0.00217568
0.00291233
0.00247521
0.00231038
0.0019002
0.00225556
0.00870712
0.00783237
0.00642379
0.00701654
0.00818276
0.00499731
0.00628775
0.00606902
0.00443636
0.00458403
0.00742015
0.00580524
0.00489354
0.00663837
0.00543647
0.00302385
0.00351953
0.00173112
0.00248337
0.00299334
0.00182107
0.00179595
0.00187948
0.00375338
0.00164992
0.00147937
0.00153427
0.00164991
0.00171676
0.00173046
0.00208939
0.00326299
0.00205343
0.00755467
0.00558802
0.00624417
0.00479036
0.00725501
0.00446522
0.00612339
0.00534266
0.00357295
0.00204573
0.00212955
0.00146192
0.00167564
0.00173167
0.00277688
0.00263908
0.00219042
0.00235533
0.00110512
0.00116523
0.00146194
0.00186028
0.00145553
0.00163135
0.00168726
0.00199025
0.00225854
0.00155052
0.00173425
0.00195508
0.00193662
0.0024946
0.00227524
0.00344405
0.00263988
0.00226142
0.00121885
0.00127157
0.00127327
0.00132403
0.00117179
0.00140573
0.00141138
0.00131857
0.0013652
0.00146273
0.00219273
0.00184093
0.00193991
0.00766036
0.00524156
0.00715851
0.0054511
0.00487026
0.00504761
0.00161084
0.00174099
0.00153716
0.00136337
0.00126369
0.00142073
0.00137865
0.00135077
0.0013394
0.00133052
0.00203598
0.00180023
0.00147959
0.00114989
0.000830707
0.00146827
0.0011943
0.00131066
0.00246474
0.00231852
0.00200913
0.00221573
0.0012125
0.00205512
0.00186179
0.00194203
0.00195682
0.00117071
0.00153523
0.00157367
0.00119338
0.00153528
0.00123235
0.000858212
0.00152731
0.00232204
0.00146564
0.00169468
0.00109834
0.0012471
0.00170052
0.000522587
0.00134553
0.00117535
0.000829142
0.000700821
0.00115301
0.000444807
0.000629628
0.000839817
0.00043389
0.000547621
0.0006311
0.000898558
0.000927981
0.00110973
0.000467627
0.0014168
0.000765552
0.00104232
0.0020747
0.000635842
0.000495367
0.000527006
0.000692188
0.0010004
0.000940955
0.00112714
0.00139089
0.00135344
0.00176434
0.000301467
0.000268574
0.000334676
0.000566314
0.000387323
0.00057963
0.000329155
0.000342577
0.000481647
0.00116842
0.000778032
0.000391226
0.000442324
0.00071015
0.00046154
0.000586915
0.000509051
0.000823788
0.000771054
0.000909147
0.000699127
0.000649912
0.00125196
0.00144671
0.000982009
0.00112308
0.000976964
0.00103078
0.00032307
0.000448348
0.00156655
0.000430426
0.000655396
0.000457168
0.000343295
0.000376604
0.000438928
0.000452815
0.000426461
0.000531549
0.000539236
0.000633138
0.000818615
0.000408775
0.000479447
0.000367174
0.000252458
0.000466642
0.000265342
0.000417543
0.000330884
0.000419101
0.000354956
0.000400902
0.000357744
0.000343322
0.000319175
0.000365725
0.000313287
0.000822614
0.000305607
0.00035901
0.000470709
0.00125349
0.00143597
0.000947061
0.000988288
0.0017506
0.00210518
0.00164648
0.0011461
0.000774491
0.00115141
0.00204634
0.00120988
0.00183502
0.0014024
0.00171591
0.000693017
0.00170712
0.00053991
0.000749215
0.00143685
0.00475384
0.00780784
0.00430488
0.00441397
0.00366026
0.00400834
0.00166056
0.00414379
0.00304685
0.00237639
0.00260052
0.00241499
0.00207514
0.0016422
0.00298687
0.00151578
0.00255091
0.00393669
0.00269965
0.00268872
0.00194496
0.00182641
0.00261617
0.00369468
0.000845476
0.00042945
0.000447968
0.000427046
0.000367207
0.000443815
0.000471597
0.0004048
0.000346383
0.000590582
0.00070523
0.00110228
0.00132317
0.00108697
0.000857424
0.000731256
0.000711995
0.000542523
0.000588064
0.000546577
0.000412255
0.000611022
0.000431616
0.000501122
0.000436827
0.00277179
0.00271844
0.00218417
0.00252599
0.00254694
0.00223108
0.0033088
0.00272099
0.00317997
0.00311785
0.00205973
0.00209291
0.00314857
0.00236839
0.00999772
0.00480141
0.00864654
0.00450014
0.0047658
0.00767439
0.00639283
0.00872732
0.00654301
0.00605756
0.00783021
0.00531862
0.00658481
0.00236869
0.00604926
0.0034595
0.0100698
0.00697015
0.000627723
0.000687947
0.00126972
0.000346171
0.000645496
0.000464697
0.000802442
0.00119712
0.00102677
0.00117703
0.000579361
0.000628115
0.000417994
0.000352993
0.0006187
0.000579566
0.000570028
0.00059568
0.0013476
0.000786896
0.000938152
0.00102032
0.000807942
0.000743982
0.00414908
0.00562518
0.00445985
0.00308294
0.00349088
0.00271795
0.00301809
0.0012695
0.0010851
0.00172112
0.00188828
0.00118304
0.00120274
0.00124664
0.00135135
0.000428743
0.000289711
0.000357364
0.000412054
0.000483002
0.000823488
0.000866988
0.00031742
0.000349234
0.000345878
0.000385981
0.000545321
0.00429216
0.0077762
0.0023187
0.00473803
0.00184861
0.00178156
0.00313597
0.00287688
0.00478295
0.00283552
0.00846951
0.0124082
0.0117825
0.0103095
0.0122505
0.00864626
0.0108428
0.0113692
0.0111271
0.000555977
0.000614958
0.000529649
0.00104047
0.000362602
0.000592628
0.000668974
0.00102714
0.000813599
0.000919481
0.000773185
0.00171558
0.00205121
0.00229927
0.00254017
0.00172451
0.00248473
0.00212254
0.00153348
0.00325649
0.00184467
0.00185739
0.00428553
0.00226941
0.00292352
0.00185121
0.00323256
0.00105854
0.00433459
0.00160698
0.00142545
0.000987285
0.0046436
0.00317589
0.0020921
0.00206332
0.00209273
0.00205
0.00224285
0.00262312
0.0023083
0.00301337
0.000524187
0.00107068
0.000415493
0.00054311
0.000509697
0.000443789
0.000871309
0.00982782
0.00875543
0.00755936
0.006981
0.000375165
0.000341947
0.000368148
0.000354495
0.000447463
0.000281287
0.000301227
0.000333402
0.000848856
0.000997307
0.000595816
0.000589326
0.000871413
0.000735648
0.000816446
0.000880899
0.000602088
0.00103926
0.00049904
0.00115371
0.00087376
0.00143144
0.000808319
0.00508652
0.00499013
0.00376638
0.00610809
0.00410105
0.0041842
0.00686508
0.00396913
0.00470285
0.00382935
0.00371709
0.00381778
0.00355757
0.00233526
0.0016391
0.00320801
0.00379267
0.00242252
0.00252383
0.00140434
0.00276809
0.00127861
0.00114841
0.00146248
0.00177138
0.00139459
0.00154263
0.00247708
0.0014919
0.00144601
0.00128916
0.00231582
0.00103555
0.00141212
0.000862034
0.000998418
0.000699279
0.000880122
0.00111061
0.00106499
0.00128651
0.000805718
0.00127608
0.000765315
0.00104142
0.00116396
0.001662
0.00127516
0.00154829
0.000694948
0.00102608
0.000868936
0.000829428
0.0010257
0.00279547
0.00213528
0.00208425
0.00204772
0.0027641
0.00394386
0.00403427
0.002611
0.00948964
0.00575126
0.00805632
0.00816257
0.00497715
0.0106948
0.00789222
0.00743415
0.00757735
0.00330512
0.00212558
0.00310389
0.00839938
0.00628805
0.0107841
0.00113872
0.00172723
0.00230971
0.00203115
0.00195139
0.0025026
0.00173102
0.00184677
0.00484747
0.0041782
0.00384204
0.00839767
0.00497688
0.00520274
0.00210734
0.00535572
0.00206926
0.00435886
0.00397104
0.00266318
0.00284875
0.0026477
0.0024317
0.00213017
0.00235654
0.00261236
0.00214855
0.00218271
0.00305579
0.00184256
0.00226645
0.00198877
0.00228379
0.00302585
0.00359484
0.00304073
0.00429545
0.0029945
0.00431385
0.00309608
0.00602065
0.00145898
0.00146407
0.00150131
0.000906503
0.00101246
0.000705327
0.000516551
0.000551163
0.00065525
0.000386179
0.000488015
0.00032845
0.000547187
0.00150773
0.00159189
0.00216605
0.00182015
0.00250267
0.00208969
0.00100598
0.000828299
0.00182402
0.00127672
0.000674751
0.000672745
0.000619127
0.000635779
0.000750653
0.00165054
0.000844927
0.000450439
0.000464571
0.00050538
0.000370577
0.000405677
0.000496299
0.000555815
0.00113575
0.00124699
0.0011596
0.00203171
0.00297937
0.00123801
0.000942597
0.00130238
0.000788979
0.0010429
0.00116817
0.000773294
0.000747811
0.000671442
0.00370603
0.00445566
0.00586419
0.00431527
0.00238121
0.0021851
0.00232773
0.00113855
0.00112517
0.00127911
0.00129827
0.00117163
0.00201987
0.00128116
0.00257125
0.0017103
0.000341711
0.000405036
0.000356817
0.000258911
0.000297187
0.000300837
0.00035238
0.000258726
0.000306517
0.00211231
0.00239947
0.00232428
0.00238757
0.0025892
0.00366784
0.00410307
0.00606565
0.00414866
0.00328912
0.00344869
0.00585593
0.00524528
0.00405587
0.0059058
0.00442507
0.00228308
0.00354766
0.00321101
0.0027807
0.00339699
0.00147878
0.0044126
0.00614495
0.00198372
0.00223771
0.00203989
0.00163957
0.00607552
0.00378671
0.00581181
0.00465903
0.00557723
0.00563417
0.00749086
0.00745228
0.00725008
0.00388402
0.00503497
0.00525647
0.00779897
0.0102735
0.00753828
0.00869598
0.00556929
0.0105217
0.0110926
0.00878525
0.0123586
0.00771737
0.0100824
0.000657703
0.000481066
0.000557156
0.000440173
0.000473359
0.000415549
0.00034367
0.000404141
0.00175691
0.00131048
0.00150772
0.00146902
0.00187862
0.000989835
0.00372661
0.00138171
0.00136257
0.00221102
0.00126592
0.00130802
0.00113792
0.00173938
0.00127397
0.00160698
0.0023495
0.00153752
0.00190767
0.00123986
0.00445031
0.00121193
0.00106822
0.00355163
0.00157567
0.00172979
0.0015081
0.00248909
0.00217907
0.00419025
0.00431573
0.00482506
0.00192461
0.00316292
0.00167332
0.00186811
0.00191822
0.00261842
0.0025994
0.0017067
0.00316837
0.00275438
0.00311542
0.00287835
0.00159974
0.00184853
0.0018231
0.00322849
0.00200589
0.00238254
0.00257623
0.0032355
0.00423448
0.00313956
0.00230676
0.00229066
0.00144534
0.00281494
0.00317058
0.00244913
0.00399051
0.00410262
0.00500413
0.00320092
0.00496165
0.00148848
0.00293641
0.00359898
0.00488206
0.00235305
0.00630518
0.00101008
0.00126335
0.0040366
0.00369113
0.00138842
0.00389535
0.00177375
0.00382674
0.0032466
0.00377449
0.00252749
0.00720552
0.00631893
0.00795924
0.00619732
0.00499048
0.00711763
0.00669795
0.0057684
0.00402558
0.00737643
0.00729719
0.00402503
0.00176778
0.00118302
0.00174119
0.00190195
0.00102412
0.00236482
0.00150163
0.00126172
0.00108726
0.00147087
0.001254
0.00118219
0.00625241
0.00230103
0.00423124
0.00310306
0.00215873
0.00232812
0.00231939
0.00380732
0.00486762
0.00602989
0.0045797
0.00375026
0.00240819
0.00404676
0.0012776
0.00190031
0.00393794
0.00391534
0.00220245
0.00224971
0.00199647
0.00550837
0.00395186
0.00207955
0.00334872
0.00470026
0.00348112
0.00631774
0.00150867
0.00140661
0.006043
0.00179242
0.00111567
0.00302708
0.00481818
0.0060129
0.00488916
0.00622597
0.00511907
0.00701414
0.00295805
0.00681517
0.00164804
0.00638037
0.0070978
0.00162991
0.00146887
0.00141672
0.00147884
0.00232379
0.00562048
0.00560033
0.00510137
0.00497919
0.00540789
0.00221389
0.00354136
0.00169553
0.00169416
0.00534912
0.00191954
0.00233065
0.00215942
0.000316675
0.000291048
0.000374409
0.000316879
0.000410548
0.000261165
0.000300312
0.000343144
0.00209219
0.00183109
0.00192442
0.00205002
0.00238891
0.00155443
0.00168062
0.00199248
0.00140874
0.00145921
0.00136982
0.00176623
0.00250435
0.00155734
0.00157868
0.00256996
0.00449121
0.00352882
0.00214379
0.00155961
0.00170654
0.00117501
0.00102156
0.00294422
0.00088087
0.00172155
0.00174312
0.00145658
0.000934343
0.000955788
0.00114309
0.00100899
0.00138683
0.0022687
0.00146853
0.00121339
0.00325728
0.00155615
0.00186147
0.00128949
0.0011029
0.00114672
0.00165451
0.00200977
0.00368405
0.00348956
0.00177923
0.00370673
0.00120658
0.00116505
0.00103003
0.00132906
0.00133986
0.00168611
0.00135265
0.00157354
0.00141141
0.0017926
0.00847076
0.00970261
0.00983796
0.0122484
0.00986697
0.00223676
0.00147692
0.00161047
0.00153892
0.00143276
0.00158838
0.00140979
0.00146338
0.00128252
0.00128404
0.00137117
0.00121213
0.00122882
0.00284158
0.00230011
0.00184531
0.00354034
0.0034422
0.00197027
0.00190279
0.00192943
0.00164186
0.0019357
0.00190314
0.00134691
0.00159112
0.0013653
0.00130963
0.00105837
0.00105866
0.000977652
0.0118946
0.00753712
0.0076272
0.00872451
0.00749709
0.0104545
0.00971687
0.00845843
0.013571
0.0122612
0.000501922
0.000476987
0.00066994
0.000420599
0.000455857
0.000538393
0.00041968
0.000312034
0.000326864
0.000286841
0.000291415
0.000415757
0.000634544
0.00071747
0.000656531
0.000739377
0.000537308
0.000390959
0.000369316
0.000675424
0.000761972
0.000697953
0.00044518
0.000511912
0.000421807
0.000282885
0.000415413
0.000462935
0.000444412
0.000614476
0.000426485
0.000421346
0.00667382
0.00775172
0.00486333
0.00445402
0.00500776
0.00756391
0.00612816
0.00456388
0.00793423
0.0070398
0.00617189
0.00293006
0.00641027
0.00386116
0.00720752
0.0065943
0.00365647
0.00684139
0.00408417
0.00524178
0.0030682
0.00590446
0.00460928
0.00360716
0.0062856
0.00736856
0.00435824
0.0027232
0.0046232
0.00391364
0.00314938
0.00461446
0.00366639
0.00299049
0.00418729
0.00634311
0.00425905
0.00570269
0.00377461
0.00359416
0.00429181
0.0037785
0.00525131
0.00137234
0.00134223
0.00117769
0.00126765
0.00442004
0.0031817
0.00316499
0.00464985
0.00308119
0.00191277
0.00451993
0.00302343
0.00365649
0.00275964
0.00226379
0.00775021
0.00286833
0.00564674
0.00653923
0.0065696
0.00528982
0.00721254
0.00494961
0.00430818
0.00622648
0.00732009
0.00539346
0.0021739
0.00184541
0.00224232
0.00308512
0.00210588
0.00195585
0.0024244
0.0024144
0.00200892
0.00154186
0.00339657
0.0029572
0.00208993
0.0047509
0.00279832
0.00220126
0.00285197
0.00300269
0.00217908
0.00294675
0.00291331
0.00334297
0.00280854
0.00226702
0.00146624
0.00514443
0.00190368
0.0021489
0.00275064
0.00314497
0.00169118
0.00146336
0.00217547
0.00119676
0.00153924
0.00189065
0.00143064
0.00154119
0.00227782
0.00305945
0.00322036
0.0023296
0.00382715
0.00224055
0.00609649
0.00408453
0.00304665
0.00293701
0.00305031
0.00248039
0.00281232
0.00409618
0.0048666
0.00454924
0.00514245
0.00413538
0.00663675
0.00266993
0.00154362
0.00174959
0.001739
0.00193899
0.00174622
0.00169825
0.00143154
0.00134214
0.00201359
0.0016811
0.0013382
0.00174953
0.00121361
0.00141374
0.00117857
0.000879173
0.000695335
0.00202702
0.00237938
0.0030765
0.00187109
0.00299158
0.00132144
0.000640142
0.000806853
0.00084294
0.000620542
0.000730748
0.00075474
0.00159814
0.00162594
0.00179437
0.00206039
0.00142162
0.00162763
0.00151732
0.00193277
0.00154982
0.00405643
0.00454529
0.00403667
0.00368716
0.003461
0.00408218
0.00367792
0.00403281
0.00478775
0.00472099
0.00470772
0.0045531
0.00478134
0.00229618
0.0021514
0.00717839
0.00739566
0.00449361
0.00333921
0.00137084
0.00258546
0.00330877
0.00143568
0.00151611
0.00250889
0.00611551
0.00475359
0.00576854
0.00405351
0.00471378
0.0047947
0.00341791
0.0032304
0.00505713
0.00275419
0.00504035
0.00320544
0.00458492
0.00592858
0.00705536
0.00436694
0.0031933
0.00926283
0.00585542
0.00593977
0.00273357
0.00192733
0.00195947
0.00252931
0.00320731
0.00172486
0.00110675
0.000777041
0.00116617
0.000748361
0.00138304
0.000672438
0.000776664
0.00315041
0.00210947
0.00446671
0.00680815
0.0076381
0.000323931
0.000593521
0.000491388
0.000526501
0.000491656
0.000787613
0.000310697
0.000991005
0.000956677
0.000604294
0.000616695
0.000477363
0.000696764
0.000849527
0.000575114
0.000443341
0.000334173
0.000351668
0.000385678
0.00035511
0.000387783
0.000294161
0.000258636
0.000237382
0.000333034
0.000362649
0.000396873
0.000545781
0.00620385
0.00381683
0.00316744
0.00237983
0.00437075
0.00466254
0.00259432
0.00325786
0.00301401
0.00394535
0.00429741
0.00382662
0.0032477
0.00515952
0.00444792
0.0070815
0.00461313
0.00537315
0.00434545
0.00438117
0.00656995
0.0038098
0.00483204
0.00430584
0.00440924
0.00339428
0.00458379
0.00443687
0.0044872
0.00739186
0.00655426
0.00540162
0.00404011
0.00614699
0.0039654
0.00414073
0.00455051
0.00145313
0.0014943
0.00143112
0.00104361
0.00134231
0.0020292
0.00190939
0.0019967
0.0013264
0.00343485
0.00291608
0.00172262
0.0020198
0.00154439
0.0022964
0.00207863
0.00257154
0.00196233
0.00152254
0.00140439
0.00135924
0.0014044
0.0014163
0.0016701
0.00138237
0.0015778
0.00244697
0.00120584
0.00161862
0.0103861
0.0103744
0.0103828
0.0102756
0.0101914
0.00185876
0.00204167
0.00275544
0.00146673
0.0028466
0.00191998
0.00123461
0.00148089
0.00143744
0.0044315
0.00348445
0.00416456
0.00263367
0.00492851
0.00518282
0.00399032
0.00260921
0.00283533
0.000306766
0.000517122
0.000445852
0.000602704
0.000768796
0.000652351
0.000473561
0.00185331
0.00282334
0.0018637
0.00251163
0.00290933
0.000691632
0.00216834
0.00130041
0.00121901
0.00114843
0.00109553
0.00184839
0.00158993
0.00274101
0.00107759
0.00203019
0.00196502
0.00277059
0.0014941
0.00145011
0.00366099
0.00394001
0.00501231
0.00427094
0.00695302
0.00697012
0.00678703
0.00799363
0.00241478
0.00219031
0.00283179
0.00269841
0.00320971
0.0028881
0.00219305
0.00570787
0.00214402
0.00264019
0.00246228
0.000694081
0.000902701
0.000637975
0.000541629
0.000629122
0.00056555
0.000852949
0.00396474
0.0032969
0.00423022
0.00447626
0.00488141
0.00782106
0.00267023
0.00320287
0.00287121
0.00256582
0.00212191
0.0025369
0.00283744
0.00538884
0.00285342
0.00805763
0.00384812
0.00650801
0.00495227
0.00376606
0.0037912
0.00439673
0.00388982
0.00497283
0.00686622
0.00408535
0.00615144
0.00676302
0.0069119
0.00590283
0.00621193
0.00656857
0.00650105
0.00701279
0.00259347
0.00521875
0.00630705
0.00128964
0.00129864
0.0010634
0.00146901
0.00102075
0.00149754
0.00106343
0.00213613
0.00177601
0.00144281
0.00507939
0.00154957
0.00189906
0.00157282
0.00665857
0.00603667
0.00279042
0.00150317
0.00242485
0.00209656
0.00189518
0.00498027
0.00314483
0.00264847
0.00206628
0.00202226
0.00268954
0.00374964
0.00181542
0.00261568
0.00580787
0.00344045
0.00593963
0.00436041
0.00359472
0.00632061
0.00437024
0.00409479
0.00391496
0.00614739
0.00456806
0.00313209
0.00568001
0.00195032
0.00184324
0.00184514
0.00290737
0.00186687
0.00200725
0.00162191
0.00179197
0.00149613
0.0010795
0.00161565
0.00131561
0.00172267
0.00179105
0.00191104
0.00189235
0.00475881
0.00451158
0.00237814
0.0050166
0.00442431
0.00593534
0.00330556
0.00517095
0.0017137
0.00325016
0.00346893
0.00178665
0.00368468
0.00158697
0.00366048
0.00316542
0.00322151
0.00146246
0.0026051
0.00235486
0.0022139
0.00159645
0.00221766
0.0105857
0.00833854
0.0112835
0.00807137
0.00730677
0.0104464
0.00891726
0.00627441
0.00610145
0.00448894
0.00431202
0.00737722
0.00759612
0.0075162
0.00657786
0.00201956
0.00234616
0.00167864
0.00226992
0.00274966
0.00126364
0.00121676
0.00316064
0.00795448
0.00409214
0.00888142
0.00422453
0.0030446
0.00155518
0.00124217
0.0025789
0.00122736
0.00091596
0.00104109
0.00141605
0.00157061
0.00119959
0.00141566
0.00124511
0.00266197
0.00230558
0.00274394
0.0014709
0.00178219
0.00210354
0.00187207
0.000847556
0.000851276
0.00142006
0.00213302
0.000668916
0.000706889
0.00218062
0.00196147
0.00103444
0.00094866
0.000449654
0.000387863
0.000451607
0.000341804
0.000408263
0.000375355
0.000382314
0.000399364
0.000371421
0.00329353
0.00598595
0.00565829
0.00393668
0.00320712
0.00314235
0.00492095
0.00819626
0.00612864
0.00689328
0.00651969
0.00305204
0.00412832
0.0040727
0.00441538
0.00496848
0.00378684
0.00355958
0.00434689
0.00535792
0.00353541
0.00557803
0.00289836
0.00342022
0.00276337
0.0056601
0.0034764
0.00292798
0.00359897
0.0047009
0.00647878
0.00479006
0.0071324
0.00565549
0.00397184
0.00513822
0.00606266
0.00672335
0.00642799
0.00154854
0.00280835
0.00251979
0.00194158
0.00359245
0.00501287
0.00186132
0.00146773
0.00171849
0.00157031
0.00178393
0.00159384
0.00200727
0.00186355
0.00436426
0.00377168
0.00502419
0.004442
0.00413195
0.00423649
0.00130553
0.00110746
0.00153199
0.00103968
0.00267399
0.003122
0.00279515
0.00268749
0.00285766
0.00304546
0.00444566
0.00484683
0.00324836
0.00409663
0.00119099
0.00148088
0.00114536
0.000863159
0.000876612
0.00119805
0.000842613
0.000823153
0.000607339
0.000625425
0.000499744
0.00587166
0.00554133
0.00819583
0.00509292
0.00411416
0.0047538
0.00713505
0.00651323
0.00517089
0.00239346
0.00569127
0.00997317
0.00831045
0.00618748
0.00828013
0.00304002
0.00565506
0.00630901
0.00596764
0.00650922
0.00310857
0.00314417
0.00346783
0.00314398
0.00284397
0.00402319
0.00251581
0.00238243
0.00294579
0.00234288
0.00601529
0.00669129
0.0068502
0.00547132
0.00558975
0.00726389
0.00564963
0.00491532
0.00309501
0.00378413
0.00543691
0.0059416
0.000711212
0.00262265
0.00224852
0.00229541
0.00234587
0.00313303
0.0015317
0.00209978
0.00155412
0.00187957
0.00295462
0.00143928
0.00140658
0.00113435
0.0103276
0.00916447
0.00691137
0.00954559
0.00958899
0.00634511
0.0109661
0.00240561
0.00219146
0.00181911
0.00188759
0.0019451
0.00191195
0.00203664
0.00160928
0.00116666
0.00184346
0.000841606
0.00323033
0.00120907
0.00175719
0.00251382
0.00121653
0.00616099
0.00661117
0.00530295
0.00476982
0.00554566
0.00529471
0.00650457
0.00502468
0.00391191
0.0041255
0.00610642
0.00382313
0.00532524
0.00359951
0.0127132
0.0120302
0.00799328
0.00717178
0.00517099
0.00597935
0.00358773
0.00805127
0.000484846
0.000591096
0.000873944
0.000542111
0.000890913
0.000758819
0.00075361
0.00085229
0.00120987
0.00209892
0.00142989
0.00114768
0.00399403
0.00607666
0.00803721
0.00750897
0.0022056
0.00374764
0.00553823
0.00402488
0.00819944
0.00537342
0.00377368
0.00602968
0.00693822
0.00512047
0.00643437
0.000966211
0.000658961
0.000794503
0.000672734
0.00075972
0.00142888
0.000935773
0.000807755
0.000466301
0.000704644
0.000702148
0.000807144
0.000681006
0.000497592
0.000992796
0.000904476
0.000961322
0.000913898
0.000652953
0.000536687
0.000908689
0.000461876
0.000794421
0.000427795
0.000342585
0.000534879
0.00035406
0.000348514
0.00175987
0.008311
0.00612845
0.00269868
0.00204118
0.00256291
0.00345661
0.0011674
0.00392941
0.00349191
0.00214807
0.00351188
0.0031255
0.00276545
0.00214393
0.00124066
0.0015535
0.00298836
0.00427716
0.00372099
0.00486535
0.00265109
0.00163225
0.00872612
0.00253582
0.0061735
0.00541783
0.00494571
0.00261176
0.0050417
0.00694427
0.00438615
0.00323552
0.00529283
0.00169615
0.00193108
0.00142469
0.00200169
0.00159108
0.00162906
0.00334867
0.001315
0.0014018
0.00444794
0.00278934
0.00234447
0.00275903
0.0027037
0.0015071
0.00233367
0.00302856
0.00280511
0.00310562
0.00188483
0.00186601
0.00305683
0.00289032
0.0023144
0.00196565
0.00161079
0.00171459
0.00231804
0.00348714
0.0023289
0.00132422
0.00305865
0.00239943
0.00269607
0.00224332
0.00211701
0.00345078
0.00339406
0.000743916
0.000399069
0.000746468
0.00060905
0.000423877
0.000433044
0.00377719
0.0017865
0.0042247
0.00205275
0.00322808
0.000420679
0.000452527
0.000353623
0.00038185
0.000575178
0.000569227
0.000423262
0.0023985
0.00305041
0.00311048
0.00235914
0.0024287
0.00202882
0.00228728
0.00194458
0.00196094
0.00233762
0.00228704
0.0017132
0.00254851
0.0078192
0.00402874
0.007608
0.0074467
0.00739413
0.0070189
0.0069262
0.0057
0.00533568
0.0084318
0.00882349
0.00628901
0.00772191
0.00752248
0.00637747
0.0076381
0.00650495
0.00848988
0.00760552
0.00382126
0.00614325
0.0062513
0.00412736
0.00380802
0.0027372
0.0021852
0.00235822
0.00301928
0.00151953
0.00282653
0.00385918
0.000438435
0.000494475
0.000541581
0.000333271
0.000505829
0.000418089
0.00478502
0.00432916
0.00605302
0.00493232
0.00803943
0.00375585
0.00426636
0.00238405
0.00677753
0.00442524
0.00300117
0.00394484
0.00298962
0.00276309
0.00160463
0.00138411
0.00157945
0.00115744
0.00094704
0.00143131
0.00092839
0.00308504
0.0073251
0.00613156
0.00511596
0.00276228
0.00267829
0.00337788
0.00450665
0.0034598
0.00266858
0.00578736
0.0036458
0.00372386
0.0029367
0.00345306
0.00289245
0.00568266
0.00268999
0.00335949
0.00199107
0.00184315
0.00283983
0.00350032
0.00479411
0.00644409
0.00670493
0.00478646
0.00594252
0.00352657
0.00517676
0.00375048
0.0074919
0.00911374
0.00821111
0.00414789
0.00580108
0.005725
0.00578832
0.00836825
0.00769023
0.00614794
0.00373671
0.00278136
0.0090869
0.00601402
0.00564491
0.00841183
0.00388133
0.004646
0.00242764
0.00813467
0.00521407
0.0019073
0.00361537
0.0019157
0.00135582
0.00814882
0.00446864
0.00669497
0.00464635
0.00385426
0.00707345
0.00395883
0.00629545
0.00771706
0.00208304
0.00349975
0.00197668
0.00285609
0.00209284
0.00211006
0.00180175
0.00280029
0.00430714
0.00514033
0.00310302
0.00386884
0.0061486
0.00298469
0.00477766
0.00186419
0.00381584
0.00305065
0.00239054
0.00205855
0.0026346
0.00273849
0.0044621
0.00174214
0.00168145
0.00226263
0.00164459
0.00197175
0.00234102
0.00199406
0.00314297
0.00218539
0.0070232
0.00633628
0.00150877
0.00387711
0.00209897
0.00695141
0.0038726
0.00903321
0.00862741
0.00765142
0.00434513
0.00224942
0.00241887
0.0072642
0.00775632
0.0048968
0.00516993
0.00902035
0.00425099
0.00131478
0.00195324
0.00178561
0.00173464
0.00155131
0.00187357
0.00103886
0.00137782
0.00257747
0.000667322
0.00281393
0.00404226
0.0034941
0.00229813
0.0035115
0.00194782
0.00253869
0.00456188
0.00367629
0.00480319
0.00302688
0.00331353
0.00289874
0.0037351
0.00151509
0.00192353
0.00223323
0.00155411
0.00218252
0.00246281
0.00568733
0.006168
0.00313487
0.00243858
0.0026313
0.00253924
0.00276355
0.00435196
0.0019383
0.00266006
0.00295085
0.00265938
0.00234577
0.00410902
0.0038274
0.00361944
0.00124433
0.00166639
0.000539131
0.00239011
0.00131764
0.0021399
0.00298343
0.00237744
0.00205763
0.0020392
0.00294155
0.00217046
0.00314002
0.00255398
0.00254583
0.00517589
0.00217763
0.00691391
0.00476474
0.00535584
0.00147536
0.00271454
0.00166419
0.00131956
0.000563344
0.00059197
0.000819997
0.000570969
0.000465453
0.000543291
0.00509771
0.00411776
0.00379257
0.00203552
0.00128417
0.00090039
0.00100454
0.000670614
0.000507687
0.000721746
0.000868566
0.000952368
0.000588973
0.000723089
0.000403607
0.000663377
0.000938105
0.000839408
0.000803723
0.00317321
0.000371879
0.000469512
0.000449877
0.000408581
0.00056362
0.000304945
0.000423517
0.000418335
0.000553357
0.000550863
0.00105958
0.000529375
0.00086385
0.000456414
0.00059821
0.00142877
0.00178643
0.0024268
0.0015479
0.00263865
0.00181127
0.00128013
0.0014462
0.00167786
0.00149078
0.00157626
0.00158321
0.00103874
0.00102566
0.0011645
0.00159532
0.00136919
0.00037306
0.000613338
0.000676034
0.000410169
0.000461582
0.000455497
0.000715605
0.000557361
0.000296316
0.000736904
0.00106566
0.000565317
0.0007063
0.00101759
0.000480875
0.000509116
0.000511779
0.000630218
0.00163529
0.00163646
0.000777911
0.000967795
0.00139959
0.000792656
0.000984331
0.00138808
0.00143547
0.00131281
0.00108279
0.00133186
0.00242487
0.000895524
0.00181284
0.00171772
0.000909451
0.00237677
0.00234961
0.00140673
0.00116081
0.00130985
0.00137037
0.00221936
0.00366509
0.00224664
0.00171209
0.00438209
0.00199058
0.00389481
0.00397498
0.00509713
0.00202612
0.00340016
0.00223357
0.00309206
0.00268731
0.00393928
0.00237382
0.00724983
0.00669025
0.00517025
0.00624872
0.00464272
0.00558561
0.00538142
0.00353124
0.00328984
0.00548652
0.00272886
0.00331025
0.00320292
0.00237007
0.00234404
0.00196163
0.00197128
0.00301384
0.00201569
0.00279449
0.00261733
0.00314309
0.00201018
0.00394194
0.00215697
0.00168377
0.00296448
0.00369127
0.00196149
0.00207746
0.00315523
0.00235375
0.00312672
0.00242852
0.00306298
0.00215735
0.00361521
0.00267355
0.0023407
0.00397262
0.00326316
0.00235752
0.00452041
0.00325639
0.00241271
0.00249992
0.00516129
0.00416143
0.00504093
0.00365983
0.00374086
0.00552862
0.00345422
0.00522371
0.00608906
0.00462779
0.00323539
0.00441861
0.00821682
0.00300686
0.00348364
0.00328196
0.00303839
0.00762672
0.00539767
0.00226547
0.0026695
0.0048501
0.00547598
0.00533981
0.00476323
0.00470046
0.00309835
0.00307017
0.00351801
0.00317297
0.00252497
0.00339196
0.00334051
0.00344928
0.00471718
0.00144929
0.00447772
0.00155312
0.0014023
0.00190917
0.00138004
0.00126257
0.0021994
0.00152432
0.00222455
0.00159656
0.00151741
0.00165179
0.00225048
0.00225179
0.00243874
0.00294855
0.00227694
0.00452351
0.00579355
0.00400219
0.00644646
0.00470265
0.00611632
0.00327397
0.00513165
0.00386116
0.00346787
0.00461313
0.00425704
0.00490665
0.00318614
0.0042183
0.0043312
0.00522652
0.00447795
0.00337824
0.00558355
0.00448294
0.00526907
0.00498802
0.0030044
0.00236764
0.00232264
0.0039231
0.00425329
0.00268693
0.00382053
0.00246881
0.00348417
0.00583906
0.00591406
0.00630798
0.00784571
0.0055811
0.00832131
0.00624266
0.00709029
0.00325106
0.00211247
0.00232466
0.00225932
0.00409363
0.00334585
0.0033637
0.00171934
0.00302287
0.00185628
0.00223257
0.00373003
0.00270209
0.0032902
0.00261017
0.00200046
0.00185241
0.00240066
0.00358694
0.00282749
0.00233828
0.00210384
0.0033467
0.00248016
0.00148363
0.00187539
0.00204511
0.00231421
0.00306018
0.00183091
0.00280784
0.00250501
0.00183393
0.00307679
0.00267786
0.00189481
0.00211872
0.00207789
0.0034585
0.00223778
0.00177735
0.00198323
0.00277791
0.00206605
0.0020409
0.00753264
0.00447936
0.00263553
0.00281998
0.00499629
0.00510362
0.0054406
0.00532853
0.00383053
0.00388539
0.0034588
0.00260091
0.00321798
0.00295133
0.00259222
0.00535415
0.00367344
0.00378732
0.00407502
0.00460962
0.0046956
0.00458907
0.00375267
0.00178782
0.00343977
0.00206054
0.0019939
0.00273164
0.00256118
0.00254363
0.0034501
0.00367473
0.00371243
0.00369635
0.00276104
0.00272451
0.00300657
0.00275778
0.0025769
0.00429483
0.00437898
0.0062484
0.00635692
0.00468642
0.00272063
0.00479443
0.00302604
0.00564437
0.00363393
0.00423944
0.00326393
0.00407548
0.00588176
0.0032362
0.00477421
0.00430777
0.00573043
0.00299961
0.00590077
0.00532672
0.00647545
0.00555646
0.00454648
0.00667497
0.00348128
0.00426469
0.00379115
0.00371861
0.00342627
0.00462122
0.00435405
0.00426716
0.00310841
0.0057404
0.00519501
0.00527117
0.0050569
0.00621309
0.00476408
0.0041588
0.00505077
0.00483629
0.00440991
0.00420435
0.00667572
0.00564362
0.00623571
0.00668436
0.00478448
0.00690917
0.00734847
0.00831648
0.0035574
0.00621252
0.00677517
0.00502282
0.00407556
0.00396418
0.00545967
0.0062698
0.00499674
0.00611928
0.00828481
0.00587978
0.0080936
0.00421566
0.00476821
0.00522355
0.00405732
0.00441342
0.00411584
0.00425687
0.00459289
0.003743
0.00423674
0.00336884
0.00400024
0.00249121
0.00187533
0.00313479
0.00295731
0.00230013
0.00331914
0.00376155
0.00258189
0.00297205
0.00214367
0.00181128
0.00159255
0.00170383
0.00253984
0.00195917
0.00228383
0.00178672
0.0018048
0.00178713
0.00186208
0.00158565
0.00168511
0.00177542
0.00163991
0.00390762
0.00161286
0.00207547
0.00261882
0.00165872
0.00575851
0.00458
0.00433221
0.00554994
0.00560496
0.00563691
0.00671358
0.00688097
0.00605146
0.00639664
0.00420361
0.00600161
0.00631673
0.00636817
0.00589436
0.00655278
0.00653398
0.00611868
0.00538932
0.00618999
0.00590485
0.00654093
0.00428241
0.00536784
0.00686518
0.00571418
0.00627198
0.00585326
0.00538955
0.00596261
0.00612726
0.00770074
0.00456181
0.00900405
0.00500936
0.00816338
0.00415183
0.00742565
0.0033465
0.00295078
0.003279
0.00311741
0.00068394
0.000627398
0.000598367
0.000733675
0.000841761
0.00170959
0.00117382
0.00179774
0.00179704
0.0062323
0.00565629
0.0075275
0.00889484
0.0091318
0.0027723
0.00630465
0.00198165
0.00279039
0.00405314
0.00200702
0.00405987
0.00326067
0.00257131
0.00216523
0.00782255
0.00689504
0.00656344
0.00517211
0.00101386
0.00132805
0.0013532
0.000763717
0.000840398
0.000556712
0.00219733
0.00186478
0.00378701
0.00281216
0.0022976
0.000780268
0.000755969
0.000871719
0.0050591
0.00407085
0.00890025
0.004957
0.00472691
0.00465699
0.00498014
0.00231801
0.00227254
0.00489705
0.00291704
0.0040322
0.00493538
0.00238144
0.00435702
0.00266801
0.00207251
0.00268887
0.0034863
0.00430777
0.0045656
0.00445603
0.0010942
0.000846971
0.000914286
0.00102465
0.000930894
0.00112011
0.00120177
0.00112155
0.000994313
0.000962457
0.0019597
0.00153568
0.00111157
0.00108495
0.00102885
0.000610238
0.000585236
0.000616862
0.000805818
0.000761967
0.00065627
0.00117754
0.000925888
0.00108257
0.00207803
0.00148207
0.000940316
0.00080057
0.00135981
0.00177765
0.000836395
0.00107812
0.000820826
0.00171016
0.00101316
0.00144831
0.0017505
0.00162121
0.00252065
0.00240968
0.00126605
0.0015973
0.000325959
0.000554218
0.000385038
0.000344733
0.000664187
0.000888025
0.00144819
0.00255424
0.00229904
0.00133885
0.00181462
0.00182054
0.00077631
0.000581708
0.0011089
0.000761241
0.000582767
0.000514371
0.00110542
0.00666607
0.00335779
0.00313999
0.00632496
0.00538669
0.00680997
0.00352244
0.00380645
0.00544975
0.0039332
0.00380854
0.00497477
0.00545252
0.00404708
0.00404104
0.00485888
0.00342872
0.00577959
0.00480478
0.00321191
0.00600786
0.00603847
0.00339039
0.00484379
0.00297192
0.00335804
0.00591045
0.00809545
0.00612217
0.0029428
0.00367691
0.00548041
0.00263808
0.000535171
0.00110492
0.000414006
0.000462162
0.000592638
0.000574941
0.000423662
0.000381172
0.000650725
0.00161157
0.00124651
0.0012873
0.000579815
0.00147613
0.00136627
0.00267061
0.001751
0.00131385
0.00241586
0.0022086
0.0014882
0.00170566
0.00185114
0.00213162
0.00284651
0.00208866
0.00188192
0.00221729
0.0021965
0.00745921
0.00570281
0.00784604
0.00864817
0.00280666
0.00304071
0.00487803
0.00264423
0.00249292
0.00265045
0.00175642
0.00657749
0.00701956
0.00519241
0.00339126
0.00426385
0.00579046
0.00454165
0.003721
0.00636505
0.00486773
0.00768862
0.00597828
0.00267228
0.00445456
0.0047195
0.00447739
0.00423428
0.00685271
0.00428441
0.0023325
0.00237341
0.0025007
0.00332014
0.00303268
0.00311195
0.00298183
0.0032031
0.00261038
0.00321223
0.00390498
0.00275599
0.00381306
0.00257982
0.00409837
0.00499816
0.000477948
0.000686674
0.000346473
0.000384487
0.00566038
0.00431583
0.00382105
0.00912596
0.00452922
0.00851089
0.00295021
0.00366965
0.000932941
0.000993423
0.000871099
0.00788709
0.00311734
0.00231968
0.00310101
0.00665321
0.00439463
0.00325316
0.00379217
0.00360708
0.00283856
0.00350566
0.00393627
0.00297893
0.00455189
0.00446471
0.00309028
0.00736229
0.00417104
0.00583598
0.00378925
0.00436183
0.00233279
0.00243705
0.00363206
0.00214899
0.00206824
0.00293422
0.00213803
0.00728657
0.00822284
0.0064213
0.00841667
0.00544959
0.0070051
0.00511585
0.00824885
0.0084777
0.00875391
0.00717149
0.000869089
0.000656153
0.000644286
0.000456663
0.00193836
0.00055861
0.000476615
0.00170327
0.00188911
0.00295417
0.00174912
0.00330953
0.00244601
0.0014609
0.00156748
0.00121101
0.0020245
0.00180365
0.00165361
0.00202553
0.00185242
0.00279814
0.0027196
0.00391399
0.00285578
0.00269856
0.00265957
0.0022818
0.00259269
0.00280217
0.00274646
0.00206027
0.00107419
0.00225324
0.00123309
0.00826235
0.00801221
0.00712577
0.00778976
0.0055581
0.00732648
0.00634324
0.0068828
0.00456422
0.00333657
0.00212758
0.00172666
0.00206651
0.00204457
0.00125375
0.00131418
0.00252095
0.00231296
0.00172219
0.0016016
0.00340397
0.0026594
0.00176499
0.0023766
0.00431801
0.00594729
0.00696071
0.00418756
0.00851998
0.0025731
0.00336066
0.00295613
0.00191986
0.00216617
0.00201179
0.00143582
0.0016606
0.00140394
0.000472486
0.000804343
0.00500752
0.00544514
0.00400647
0.00571398
0.00619533
0.00635242
0.00574193
0.00417214
0.00506658
0.00160575
0.00219034
0.00160864
0.0017256
0.00150805
0.00224978
0.00190434
0.00161802
0.00114496
0.00133006
0.00208762
0.00115141
0.00133046
0.00122331
0.00151026
0.00129445
0.00163924
0.00276583
0.00215376
0.00257448
0.00177374
0.00121852
0.00258078
0.00118023
0.00160589
0.00221239
0.00125079
0.00639609
0.0092492
0.00637569
0.00548916
0.00818879
0.00861445
0.00843238
0.005867
0.00757014
0.00808104
0.00612676
0.00589593
0.00583392
0.00511491
0.00566393
0.00648845
0.00571748
0.00604172
0.00518916
0.00165175
0.00197079
0.00134052
0.00196181
0.00253836
0.00272273
0.0016613
0.0016959
0.00148642
0.00150488
0.00183458
0.00174233
0.00181479
0.00290076
0.00248111
0.00226979
0.00172076
0.00135231
0.00337384
0.00684466
0.00778284
0.00377228
0.00446237
0.00493966
0.00735251
0.00402426
0.00282168
0.0080416
0.002786
0.00131025
0.00125435
0.00177235
0.00480409
0.00191483
0.00235384
0.00653718
0.00180492
0.00354637
0.00277548
0.00438111
0.00561777
0.00287323
0.00461258
0.00422016
0.00528318
0.00414281
0.00398352
0.00338231
0.00403708
0.00197885
0.00373096
0.00278718
0.00298682
0.00501411
0.00184688
0.00239515
0.00316256
0.00342959
0.00360379
0.00396818
0.00348945
0.00326276
0.00342161
0.00031015
0.000304231
0.00028964
0.00278972
0.00231009
0.00199172
0.00144011
0.00302698
0.00247221
0.00228707
0.00190774
0.00170553
0.00331876
0.00382188
0.00197751
0.00348496
0.0023583
0.00215929
0.00197741
0.00268051
0.00171788
0.00195448
0.00258595
0.000721613
0.00078341
0.00043838
0.000482347
0.00068524
0.000800154
0.000472594
0.00238936
0.00244746
0.00216723
0.00178424
0.00285081
0.00597856
0.00255022
0.0047874
0.00393351
0.0047115
0.00440496
0.00357314
0.00285279
0.00192217
0.00244958
0.00239673
0.0020347
0.00361208
0.00311287
0.000554709
0.000548031
0.000348463
0.000510239
0.000352281
0.000367004
0.000453879
0.000468067
0.00292839
0.00271885
0.00250174
0.00194941
0.00213006
0.00345223
0.00279745
0.00242193
0.00252643
0.00247027
0.0024539
0.00250836
0.00315316
0.00448059
0.00491588
0.00575349
0.00388899
0.000425536
0.000393243
0.000473952
0.000415483
0.000399302
0.000447619
0.00368934
0.00368146
0.00534927
0.0039972
0.00479255
0.00496764
0.00379681
0.00461499
0.00504716
0.00576663
0.00592493
0.00505495
0.00486129
0.00512786
0.00536121
0.00558012
0.0047779
0.00459293
0.00796694
0.00488927
0.00675033
0.00599538
0.00382525
0.00787361
0.00747117
0.00807518
0.00432976
0.00391096
0.00480891
0.0042564
0.00434266
0.00367208
0.00407862
0.0119837
0.00919625
0.00805338
0.00681853
0.00601501
0.00881045
0.00302876
0.00403387
0.00206778
0.0045378
0.00454556
0.00299358
0.00344347
0.00365663
0.00299942
0.00225438
0.00302845
0.00239082
0.0024538
0.00432766
0.00470434
0.00461791
0.0048371
0.00328296
0.00482736
0.00257237
0.00351054
0.00434409
0.00209735
0.00381671
0.00438857
0.00399845
0.00441199
0.00286822
0.00407124
0.00299552
0.00298044
0.00230727
0.0025128
0.00225998
0.00245353
0.00250189
0.00268509
0.00265685
0.00282184
0.00272835
0.00206408
0.00226942
0.00264247
0.00249622
0.00272198
0.00158
0.00150326
0.00136497
0.00558692
0.00422382
0.00422099
0.00513555
0.00465007
0.00303737
0.00215604
0.00215128
0.00393951
0.00311228
0.00230351
0.00337373
0.00263511
0.00413043
0.0027271
0.00151012
0.00122153
0.00272433
0.00187446
0.0023346
0.00175892
0.00224235
0.00262951
0.00299132
0.0032841
0.00191368
0.00253965
0.00278935
0.0016528
0.00243807
0.00278919
0.00169845
0.00354601
0.00204638
0.00761502
0.00773852
0.00345038
0.00725731
0.00817074
0.00477477
0.00474614
0.00769964
0.00479829
0.00345202
0.00182346
0.00225326
0.0041311
0.00243366
0.00239922
0.00247341
0.00702538
0.00366607
0.00467404
0.0078106
0.00615014
0.00816117
0.00865651
0.00713659
0.00746161
0.00762046
0.00789342
0.00612003
0.00389656
0.00472233
0.00352772
0.00284966
0.00351555
0.00436012
0.00342584
0.00455478
0.00354641
0.00518216
0.00582642
0.0050282
0.00548426
0.00502856
0.00331133
0.00621931
0.00455578
0.00430843
0.00491795
0.00538631
0.0059256
0.00516376
0.00441221
0.0042918
0.00649493
0.00526566
0.00495689
0.00444321
0.005168
0.00546669
0.00558294
0.00394097
0.0037143
0.00553629
0.00651133
0.00625575
0.00649688
0.00598836
0.00671798
0.0061688
0.00776031
0.00553458
0.00657235
0.00728015
0.00634933
0.00621875
0.00662884
0.00442065
0.00456842
0.00579401
0.00631738
0.00674357
0.00610561
0.00378481
0.00340677
0.00392438
0.00271423
0.00682855
0.00358339
0.00761178
0.00642614
0.00384381
0.00867584
0.00603775
0.00445344
0.00358298
0.00664813
0.00708126
0.00599371
0.00636663
0.00738144
0.0080666
0.00624458
0.00714344
0.000505086
0.000388462
0.000473075
0.000394835
0.000478395
0.000683334
0.000393675
0.000520779
0.000503493
0.000429016
0.000391871
0.000317658
0.000413947
0.00180578
0.001864
0.00151563
0.00245343
0.00219127
0.00149996
0.00183412
0.00212056
0.00224004
0.00277436
0.00274278
0.00245747
0.00172742
0.00213016
0.00197116
0.000543243
0.00058263
0.000504425
0.000453537
0.000438871
0.000472454
0.00049344
0.000469364
0.000629131
0.000540015
0.000804604
0.000409825
0.000503959
0.000535068
0.00093036
0.00051774
0.000506806
0.000482159
0.000466136
0.000529257
0.000920089
0.00104511
0.000658609
0.001391
0.00101501
0.000968097
0.000508456
0.000694365
0.000782131
0.00167295
0.0022651
0.000886791
0.000751887
0.000730269
0.00192212
0.000815136
0.00121611
0.00167847
0.00159186
0.0019256
0.00280417
0.00342291
0.00323479
0.00250459
0.0020352
0.00193708
0.00251466
0.00138385
0.00223721
0.0014618
0.00183418
0.00180981
0.0038593
0.00533988
0.00631821
0.00563559
0.00600863
0.0086541
0.00820076
0.0086305
0.00776597
0.00127439
0.00205488
0.00102525
0.0010741
0.00114382
0.00312994
0.0022117
0.00307097
0.0030608
0.00447798
0.00289199
0.00440072
0.00335085
0.0042011
0.000675058
0.00124576
0.000852918
0.000870643
0.00117199
0.0013622
0.00199942
0.00100376
0.000930071
0.000650917
0.00231559
0.00150595
0.000824902
0.000528047
0.00222047
0.00177095
0.00238907
0.00173432
0.00186924
0.00193459
0.00494403
0.00459306
0.00306496
0.00250419
0.00446728
0.00506455
0.00412217
0.00551734
0.00612978
0.00578414
0.00579177
0.00772349
0.00717635
0.00987834
0.0097676
0.00215656
0.00141208
0.00230071
0.00225084
0.00208544
0.00150048
0.00261331
0.00113693
0.00147826
0.00207634
0.00194785
0.0013511
0.0010041
0.00125777
0.000582486
0.000594864
0.00146293
0.000661395
0.00147284
0.00142055
0.00143448
0.00208722
0.00229445
0.00835614
0.00927384
0.00681125
0.00650987
0.00841517
0.00788878
0.00719338
0.00198802
0.00172983
0.00171472
0.00209544
0.00178145
0.00217739
0.00227299
0.00328212
0.0027693
0.00363305
0.00247857
0.00263466
0.00282055
0.00244448
0.00281957
0.00276131
0.00346777
0.00284353
0.00774265
0.00258564
0.00264245
0.00597629
0.0040881
0.0035583
0.00352943
0.00283114
0.00630683
0.00369483
0.004034
0.00183951
0.00477063
0.00397832
0.0068996
0.0023908
0.00520627
0.00850847
0.00680156
0.00795546
0.00703617
0.0079978
0.00765575
0.00652206
0.00574451
0.00670308
0.006886
0.00526261
0.00747407
0.00480607
0.0064939
0.00493748
0.00649937
0.00345996
0.00591573
0.0052511
0.0066754
0.000569783
0.000710257
0.000892216
0.000630041
0.000522387
0.000546764
0.000523759
0.00349105
0.00228736
0.00135636
0.00129636
0.00127038
0.00288108
0.000989173
0.00104852
0.00114103
0.00111999
0.00539587
0.00772495
0.00400648
0.0078921
0.00396275
0.00414853
0.00389858
0.00395209
0.0036672
0.00392028
0.00483933
0.0041759
0.000473009
0.000421707
0.000364016
0.000412236
0.000439539
0.000437564
0.000546809
0.00150661
0.0012989
0.000861424
0.00106573
0.00235282
0.00106159
0.00115902
0.00204818
0.00191809
0.00415569
0.00699857
0.00358184
0.00477661
0.00748691
0.0062719
0.00387305
0.00265352
0.00250798
0.00238137
0.00249294
0.00274438
0.00268631
0.00220432
0.00213755
0.00417078
0.00357386
0.00384042
0.00240965
0.00297791
0.00357914
0.00479888
0.00556681
0.00626791
0.00204253
0.00181562
0.00203577
0.00220133
0.00219723
0.00175182
0.00158006
0.0046662
0.00440445
0.00367991
0.00315424
0.00484135
0.00560239
0.00251371
0.00427994
0.0042039
0.00581589
0.00338565
0.00700967
0.003412
0.00703315
0.00244683
0.00388069
0.00344149
0.0064893
0.00558658
0.00258365
0.00316258
0.00416494
0.00510685
0.00413746
0.00273034
0.00315314
0.00669831
0.00683971
0.00478963
0.00570489
0.00488787
0.00775777
0.00774635
0.00791168
0.00818547
0.00809687
0.00834672
0.00323925
0.0028057
0.0023157
0.00188473
0.00180782
0.00211505
0.00341448
0.00207888
0.00248154
0.00309672
0.000590211
0.000583585
0.000565983
0.000590624
0.00059183
0.000948455
0.000925568
0.000796524
0.00297956
0.00194824
0.00210298
0.00342292
0.0021065
0.00301324
0.00319775
0.00308734
0.0021358
0.0018395
0.00178482
0.00194622
0.00149567
0.00158762
0.00189207
0.000172926
0.000368687
0.000295349
0.000232224
0.000191563
0.00101235
0.00468893
0.00800759
0.00688531
0.0061032
0.00389489
0.00650429
0.00492825
0.00223041
0.00118535
0.00109245
0.00162487
0.00198758
0.00219455
0.000539977
0.000599949
0.000641961
0.00122955
0.000715169
0.00161428
0.000874799
0.00104302
0.00114288
0.00136656
0.00163864
0.000983615
0.00104107
0.00146593
0.00107017
0.00394183
0.00532379
0.00567158
0.00436231
0.00330473
0.0046247
0.0026942
0.00385916
0.00508617
0.00246385
0.00315141
0.00395128
0.00227952
0.00313986
0.00476882
0.00447849
0.00380477
0.00473646
0.00204565
0.00631944
0.00515463
0.00380964
0.00416826
0.00178014
0.00207563
0.00861632
0.00235485
0.00217458
0.00235977
0.00245376
0.00352653
0.00257737
0.00409602
0.00317155
0.00318596
0.0036331
0.00275686
0.00216728
0.00230064
0.00216984
0.00173155
0.00178179
0.000801011
0.000734781
0.000547111
0.000568898
0.000458802
0.000477594
0.000430307
0.000493921
0.00152162
0.00205587
0.00142359
0.00203132
0.00198771
0.00840226
0.00938711
0.0041893
0.00940359
0.00876529
0.00549146
0.00572363
0.00363947
0.00625951
0.00676499
0.00472836
0.00649199
0.00257925
0.0020099
0.00184835
0.00217125
0.00249105
0.00236293
0.00205704
0.00120466
0.00178097
0.00182967
0.00208634
0.0020063
0.00298883
0.00197569
0.00128004
0.00234474
0.00414365
0.00392807
0.00142736
0.00280767
0.00232903
0.00347079
0.00235524
0.00223573
0.0025385
0.00670021
0.0058954
0.00680267
0.00560828
0.0060914
0.00232837
0.00234095
0.0017782
0.00208225
0.00398762
0.00254006
0.00194005
0.00216754
0.00237067
0.00286484
0.000807019
0.000749431
0.000687008
0.000903187
0.00062025
0.000715085
0.0023868
0.00068559
0.00199714
0.000948351
0.00119396
0.00135624
0.00186676
0.00368644
0.000989978
0.00118759
0.00103754
0.00174059
0.000900701
0.00257766
0.00058614
0.00107299
0.00110285
0.000698259
0.000609516
0.00579349
0.00561374
0.00635114
0.00612524
0.00664651
0.00647961
0.00297029
0.00211284
0.00257414
0.00248454
0.0011877
0.000772574
0.000629553
0.00124552
0.00141938
0.00101111
0.00118663
0.00101749
0.00153554
0.00244611
0.00224099
0.0018474
0.00241581
0.00249078
0.00384082
0.00189995
0.00287567
0.00246412
0.00325899
0.00303752
0.00530358
0.00439562
0.00431757
0.00353748
0.00448087
0.0055798
0.00501569
0.00816924
0.00724757
0.00801864
0.00584511
0.00790287
0.00792668
0.00628784
0.00215985
0.00234314
0.00194222
0.00163815
0.00197817
0.00288404
0.002136
0.00246891
0.00169361
0.0087978
0.00769383
0.00842207
0.00682325
0.00649416
0.00822775
0.00858396
0.00756627
0.00861405
0.00804876
0.00805071
0.0048122
0.00825581
0.00392579
0.00363102
0.00649736
0.00780814
0.00380092
0.00477888
0.00165524
0.00242237
0.00170947
0.00143924
0.00225049
0.00212429
0.00187172
0.00230825
0.00222413
0.00184077
0.0014974
0.00189137
0.0015745
0.00203887
0.00353546
0.00540883
0.00595336
0.00634825
0.00351943
0.00737343
0.00342433
0.00738253
0.00390076
0.00422298
0.00451629
0.00579533
0.00232483
0.00172796
0.00212735
0.00253146
0.00319332
0.0035271
0.0032657
0.000914919
0.00104507
0.00110784
0.00105545
0.00131007
0.00127994
0.00694822
0.00802872
0.00707163
0.00844724
0.00568028
0.00710382
0.00641854
0.00701403
0.00337926
0.00233718
0.00700203
0.00191663
0.00620249
0.00303211
0.00234495
0.00135275
0.00175784
0.00774328
0.005694
0.0058182
0.00501541
0.00533763
0.00438768
0.0036522
0.00450334
0.00468154
0.00406348
0.0038191
0.00362645
0.00312984
0.00448889
0.00472989
0.00588638
0.00798263
0.0053229
0.00721569
0.00866348
0.00612438
0.00665906
0.00473565
0.00469741
0.00403942
0.0043505
0.00306065
0.00361471
0.00291965
0.00354811
0.003935
0.003798
0.00400403
0.00269006
0.00175086
0.00183874
0.00266799
0.00174554
0.00150133
0.00132714
0.00150002
0.00227924
0.0017103
0.00293914
0.00184235
0.00234002
0.00402697
0.00222149
0.00218879
0.00241551
0.00192842
0.00200437
0.00186929
0.00207542
0.00376707
0.00308619
0.00239567
0.00169972
0.00235067
0.00283871
0.00271047
0.00598829
0.00293318
0.00183346
0.00558498
0.00223866
0.00175605
0.00397827
0.00174962
0.00320206
0.00245577
0.00696637
0.00479721
0.00585223
0.00546737
0.00339365
0.0039539
0.00949636
0.00321934
0.00171397
0.00341773
0.00204431
0.00223773
0.00349763
0.00221212
0.00338938
0.00400347
0.00340438
0.00332348
0.00366563
0.00398791
0.0029358
0.00310183
0.0031932
0.000680307
0.000566001
0.000626459
0.000537542
0.000387911
0.0008167
0.000822359
0.000730757
0.000892246
0.00226251
0.000863531
0.000787694
0.0011555
0.00169568
0.00178225
0.0011685
0.000873437
0.001771
0.00160164
0.00165187
0.000853809
0.00800433
0.00726351
0.00629296
0.00455328
0.00498791
0.00581405
0.00540518
0.00827785
0.00567245
0.00905177
0.00516307
0.00871545
0.0047436
0.000604027
0.000632987
0.000531735
0.00049158
0.000501456
0.00045875
0.000470369
0.00252867
0.00292986
0.00275253
0.00231977
0.00324704
0.00334922
0.00433838
0.00403374
0.00471409
0.00572116
0.00498081
0.0046872
0.00498731
0.00421739
0.00338538
0.00469213
0.00390256
0.00364005
0.00318443
0.00907562
0.00855461
0.00785442
0.00472007
0.00692969
0.00652366
0.00819454
0.00731715
0.00927631
0.00810319
0.0065732
0.00687605
0.00490068
0.00728903
0.00702846
0.00695359
0.00796923
0.00851832
0.00867288
0.00726252
0.00709735
0.00829194
0.00726502
0.00803919
0.00756861
0.00909781
0.00934606
0.00241322
0.00150634
0.00190165
0.00182447
0.0019267
0.002193
0.00405859
0.00343461
0.00482017
0.00365096
0.00435433
0.00238299
0.00427262
0.00370682
0.00170135
0.00180944
0.00216552
0.00330321
0.00423895
0.00690056
0.00370684
0.00527001
0.00445003
0.00799425
0.00550852
0.00673149
0.00723722
0.00893889
0.00133774
0.00284647
0.00207951
0.00213536
0.00189314
0.00210862
0.00213694
0.00195118
0.00168268
0.00189792
0.000623992
0.000746428
0.000851434
0.000620433
0.000586017
0.000564242
0.000554343
0.00726877
0.00499033
0.00539459
0.00487581
0.00460108
0.00394519
0.00362401
0.00615604
0.0039327
0.00581323
0.00315327
0.00288398
0.00188229
0.00222166
0.00247459
0.00192334
0.00293083
0.00198171
0.0018938
0.00210965
0.00325706
0.00221903
0.00210543
0.00192859
0.00274332
0.00507785
0.00524851
0.00570104
0.00968483
0.00752095
0.00364592
0.00384565
0.00373851
0.00811082
0.00914072
0.00559044
0.0061454
0.00773255
0.00545659
0.00791014
0.00348355
0.00272571
0.00384085
0.00423881
0.00395107
0.0061473
0.00123657
0.00239875
0.00205546
0.00171739
0.00198138
0.00232437
0.00113744
0.00375914
0.00280426
0.00374491
0.00325415
0.00398342
0.00374859
0.00288303
0.0038513
0.00465439
0.00263509
0.00138292
0.00109905
0.00167938
0.00158744
0.00232414
0.00182702
0.00173067
0.00254782
0.00185089
0.00169269
0.00238947
0.00290205
0.00172459
0.00145633
0.00151357
0.00172284
0.00169772
0.0030414
0.00230889
0.00267354
0.00254376
0.00351822
0.00337112
0.0059596
0.00288602
0.00275805
0.00181524
0.00170647
0.00194446
0.0022444
0.00478265
0.00274332
0.00487568
0.00321442
0.0019368
0.00364992
0.0029159
0.00267637
0.00253388
0.00282889
0.0039182
0.00268832
0.0034367
0.0027198
0.00565956
0.00592104
0.00648569
0.0048969
0.0076728
0.00489822
0.00969222
0.000788732
0.000758151
0.000766771
0.00099408
0.000619608
0.000801062
0.0008185
0.00329641
0.00164567
0.0017308
0.00185584
0.00180258
0.0021879
0.00353278
0.00176625
0.0047336
0.00522396
0.00505926
0.0053653
0.00499116
0.00487827
0.00511538
0.00701545
0.00586334
0.00361033
0.00490516
0.00574484
0.00391308
0.00505365
0.00425513
0.00615426
0.0053252
0.0086099
0.00664004
0.00646312
0.00278512
0.00368421
0.00381386
0.00334156
0.00393512
0.0042887
0.005
0.00853691
0.00537362
0.00717305
0.00662178
0.00606641
0.00370081
0.00313298
0.0017692
0.00413744
0.00194492
0.00413633
0.00189423
0.002323
0.00179951
0.00273474
0.00164125
0.00132709
0.00139449
0.00126488
0.00101489
0.00138856
0.00145381
0.00108899
0.00073644
0.000717157
0.000707038
0.00157206
0.00470582
0.00404203
0.00615097
0.00460866
0.00411984
0.00446116
0.00572168
0.005354
0.00741673
0.0051593
0.00556713
0.00627818
0.00301493
0.00799857
0.00627041
0.00628066
0.00642224
0.00451998
0.00344806
0.00324707
0.00604637
0.00270237
0.00656332
0.00737764
0.00754125
0.00540203
0.00510889
0.00454111
0.00450458
0.00397099
0.00464787
0.00315939
0.00408336
0.00317449
0.00543639
0.00173699
0.00237548
0.00170917
0.00179186
0.00193552
0.00799038
0.00662722
0.00681015
0.00808588
0.00799374
0.00596536
0.00537715
0.00239602
0.00187395
0.00218094
0.00262772
0.0013789
0.00198922
0.00121181
0.0018531
0.00174108
0.000746951
0.00799865
0.00869983
0.00835387
0.00840277
0.00745044
0.00856102
0.0077899
0.00778651
0.00378027
0.0045094
0.00414346
0.00407326
0.00428915
0.00408935
0.00288026
0.00365708
0.00519585
0.00718121
0.00841931
0.00831351
0.00505489
0.00887198
0.00903259
0.00869557
0.00828807
0.00738573
0.00812504
0.00691145
0.0067876
0.00722188
0.00166593
0.00179194
0.00144941
0.00115708
0.00152121
0.000723873
0.00125146
0.00353402
0.00511102
0.00473243
0.00303379
0.00305608
0.00334852
0.00283719
0.000585574
0.0012337
0.00064175
0.00106152
0.00245506
0.00240725
0.00246798
0.00270693
0.00312996
0.00253661
0.00170782
0.00235068
0.0064801
0.0084528
0.00858412
0.00149144
0.00113324
0.0015772
0.00206088
0.00249728
0.00200382
0.00286621
0.00261611
0.00225783
0.00196093
0.00363552
0.00205224
0.00255336
0.00825737
0.00816758
0.00836335
0.00616553
0.00780976
0.00618099
0.00724534
0.00188548
0.0018692
0.00186737
0.001114
0.00219008
0.00663647
0.00654218
0.00599906
0.00385461
0.00557713
0.00535746
0.00487341
0.00401366
0.00345311
0.00501286
0.00426172
0.00406224
0.00524481
0.00525788
0.00396554
0.0039681
0.00479347
0.00405833
0.00333108
0.00422504
0.00461129
0.0037331
0.00448972
0.00289531
0.00333078
0.00103593
0.000760354
0.00307833
0.000962045
0.000760878
0.000945982
0.00109816
0.000681039
0.00653878
0.00638151
0.00630847
0.00674424
0.00514056
0.00591067
0.00517128
0.00179322
0.00179775
0.0051448
0.00291616
0.00254977
0.00233076
0.0031543
0.00431554
0.00306657
0.00462423
0.00505805
0.00394533
0.00497743
0.00440697
0.00527739
0.0048645
0.00570222
0.00548834
0.00510552
0.00496495
0.00512161
0.00563382
0.00567499
0.00554213
0.00516162
0.00668227
0.00438904
0.00509225
0.00750877
0.00578474
0.00798791
0.00721195
0.00807756
0.0040352
0.0036512
0.00400621
0.00446203
0.00491221
0.0046996
0.00648293
0.00523475
0.00465316
0.0027862
0.00277585
0.00294849
0.00293677
0.00350936
0.00362408
0.00473082
0.00313162
0.00426131
0.00259114
0.00270273
0.0029207
0.00401164
0.00364513
0.00506415
0.00273998
0.00379191
0.00272087
0.00371531
0.00417303
0.00325639
0.00358007
0.00301101
0.00327094
0.0023108
0.00277601
0.00271167
0.00281446
0.00282131
0.00453267
0.00562326
0.003516
0.00937631
0.00473043
0.00228387
0.00222046
0.00232016
0.002915
0.00286541
0.00292436
0.00240939
0.00260797
0.00345977
0.00232419
0.00323185
0.00511302
0.00343472
0.0030667
0.00276518
0.00325239
0.000672097
0.00115623
0.000947206
0.000849873
0.00108634
0.00131577
0.00092195
0.00185912
0.000601727
0.000614368
0.001046
0.00137149
0.00104893
0.000822993
0.000544873
0.000589202
0.000572168
0.000769995
0.00832279
0.00866329
0.00871085
0.00820846
0.00876814
0.00136548
0.00129751
0.00147645
0.0013493
0.00130443
0.00567922
0.00654176
0.0043401
0.00449639
0.00226269
0.00556797
0.00924663
0.00450801
0.00900258
0.00333526
0.0067286
0.00867509
0.00305434
0.00257127
0.00181661
0.00170437
0.00284678
0.00188274
0.00136248
0.00162618
0.00146726
0.0022742
0.00420918
0.00226661
0.00318857
0.00260088
0.00323849
0.0044098
0.00117733
0.000981637
0.00112999
0.00080584
0.000900372
0.0032637
0.00219126
0.00350092
0.00288068
0.00326605
0.00332612
0.00235615
0.00279281
0.00241862
0.00355547
0.00365668
0.0035061
0.0034917
0.00404809
0.00291903
0.003402
0.00307732
0.00543454
0.00458411
0.00293953
0.00224434
0.00218491
0.00278018
0.00268466
0.00333336
0.00362815
0.00306179
0.00212353
0.00201703
0.00190892
0.00128091
0.00170159
0.00171242
0.0021951
0.0020696
0.00190141
0.00834028
0.00723533
0.00566437
0.00702855
0.00855798
0.00817234
0.00789763
0.00403399
0.00711041
0.00787254
0.00675317
0.00795096
0.00712068
0.00167389
0.00200126
0.0025302
0.00265765
0.00292206
0.00311406
0.003721
0.00232104
0.0028529
0.0018988
0.00531765
0.00457707
0.00606824
0.00746135
0.00732585
0.00701528
0.00782875
0.00750758
0.00744811
0.00814643
0.00709625
0.00871573
0.00880208
0.0098001
0.00758996
0.00175392
0.00313464
0.00280802
0.00313214
0.00271754
0.00271695
0.00253826
0.00221451
0.00243647
0.00253402
0.00266105
0.00274627
0.00350287
0.00360518
0.00238337
0.0025891
0.00233866
0.00253575
0.00297672
0.00289476
0.00279421
0.0024591
0.00299183
0.00340204
0.00443066
0.00418404
0.0056575
0.0036825
0.00508171
0.00618269
0.00611252
0.00589157
0.00630004
0.000672941
0.00124069
0.000892287
0.000714288
0.00069621
0.000433768
0.000606803
0.000935639
0.00152443
0.00170096
0.00104965
0.000933324
0.00161569
0.00570896
0.00780126
0.00744401
0.00820041
0.00754539
0.00757116
0.00818694
0.00553172
0.00660448
0.00683612
0.0062155
0.00353443
0.00405591
0.00361557
0.00467047
0.00457017
0.00452012
0.00329649
0.00346574
0.0034365
0.00247831
0.00343994
0.00323832
0.00355406
0.00274416
0.00298754
0.00353585
0.00252573
0.00240891
0.00257669
0.00213415
0.00307797
0.00320749
0.00155291
0.00162708
0.00235806
0.00341571
0.00228162
0.00227474
0.00312445
0.00307192
0.00355622
0.00256946
0.00293584
0.000683848
0.000591172
0.000707334
0.000854053
0.000973277
0.00168445
0.00126668
0.00168689
0.00222586
0.00212435
0.00174418
0.00122245
0.00163983
0.00172875
0.00116208
0.00170001
0.00233869
0.00633759
0.00133539
0.00257204
0.00135498
0.00136198
0.00154238
0.00134023
0.00169706
0.00482278
0.00485129
0.00527495
0.00825109
0.00654564
0.0043998
0.00814917
0.00815067
0.00765772
0.00631698
0.00313242
0.00623829
0.00828846
0.00281649
0.00668301
0.00497287
0.0075093
0.00383484
0.00733729
0.00712732
0.00241499
0.00321082
0.00352362
0.0024887
0.0037558
0.00290987
0.000189228
0.000441077
0.000369737
0.00209345
0.00018737
0.00627858
0.00358723
0.00547482
0.00525208
0.00394295
0.00401557
0.00410095
0.00361246
0.0042929
0.00382995
0.000677338
0.000864636
0.000825319
0.00063834
0.000682448
0.00125709
0.00836039
0.00855485
0.00772899
0.00823232
0.00686192
0.00867065
0.00770925
0.00186099
0.00172856
0.00375121
0.00189132
0.00162567
0.00342644
0.00256026
0.0016037
0.00167796
0.00180264
0.00847558
0.00783224
0.00825708
0.00466135
0.00787913
0.00353186
0.00324618
0.00617325
0.00294493
0.00385977
0.00607855
0.00615872
0.004074
0.00371955
0.00733021
0.00564763
0.00490255
0.0106547
0.00813305
0.00820504
0.00398399
0.0062349
0.00402354
0.00409201
0.00635152
0.0041091
0.00759153
0.00419228
0.0024
0.00202574
0.00278388
0.00180311
0.00100505
0.00108105
0.00309567
0.00233142
0.00326135
0.00113847
0.000949228
0.00316436
0.00366943
0.00268225
0.00334598
0.00334852
0.00341403
0.00356245
0.00131603
0.000949858
0.00104836
0.00151948
0.000677107
0.000715287
0.00226736
0.00195699
0.00292672
0.00220844
0.00197077
0.00288897
0.0023876
0.00243592
0.00182659
0.0012806
0.00136898
0.00122819
0.00137663
0.00137989
0.00274741
0.00754644
0.00640154
0.00453513
0.00731989
0.008361
0.00893221
0.00868325
0.00851643
0.00937483
0.00642594
0.00984842
0.00853225
0.00887836
0.00925079
0.00495222
0.00589634
0.0056313
0.00779595
0.00899626
0.00676782
0.00913771
0.00893397
0.00880405
0.0105232
0.0101415
0.00981017
0.00927641
0.00867136
0.00819525
0.00855864
0.00915499
0.010299
0.00995617
0.00913193
0.00907404
0.00743357
0.00820427
0.00979064
0.0077347
0.00842265
0.00885679
0.00782002
0.00777561
0.00843121
0.00797299
0.00729255
0.00739149
0.00379549
0.00439068
0.00347732
0.0040836
0.00481874
0.00350615
0.00455754
0.00231208
0.00502393
0.00457198
0.00284732
0.00436393
0.00384339
0.00391118
0.00910574
0.00831436
0.0081924
0.00961454
0.00786664
0.00753912
0.00730945
0.0094221
0.00931593
0.00253602
0.00249143
0.00261226
0.00172693
0.00162749
0.00950835
0.0099445
0.00778621
0.00688159
0.00742145
0.00944488
0.00975829
0.000804877
0.000927072
0.000942817
0.000684907
0.00891136
0.009121
0.00610834
0.0101658
0.0101039
0.00936172
0.00614887
0.00272774
0.00749098
0.00529593
0.00485029
0.00298181
0.00444451
0.0095496
0.00693846
0.00350771
0.00363155
0.00241415
0.00170401
0.00360638
0.00239536
0.00139623
0.0018614
0.00576127
0.00493089
0.0051641
0.00731838
0.00775954
0.00623242
0.00531037
0.00468691
0.00376401
0.00371505
0.0023468
0.00316469
0.00249275
0.00160726
0.0087614
0.00938349
0.0097943
0.00315315
0.00485655
0.00729578
0.00917517
0.00532499
0.00508555
0.00905864
0.00687205
0.0104502
0.00812509
0.0104138
0.00928688
0.00639705
0.007046
0.00918388
0.00697662
0.00262338
0.0024724
0.00175828
0.00303044
0.00369001
0.00369917
0.00285735
0.00396443
0.00365606
0.00339144
0.00381256
0.00353407
0.00476157
0.00430817
0.00726755
0.00772733
0.00987582
0.00634622
0.00828801
0.00760181
0.00169848
0.00180112
0.00171305
0.00177581
0.00166604
0.00148881
0.00230196
0.00143923
0.00143943
0.00480254
0.00348129
0.00430789
0.0081903
0.00664116
0.00762408
0.0060988
0.00550177
0.0043154
0.00444211
0.00363814
0.00398136
0.00516073
0.00403901
0.00359511
0.00455163
0.0075497
0.00841608
0.0082057
0.0067528
0.00636669
0.00724801
0.00626506
0.00754821
0.00737304
0.00639582
0.00433591
0.0063902
0.00546211
0.00556435
0.00644502
0.0051088
0.00519867
0.00519568
0.00392623
0.00405887
0.00410722
0.0041309
0.00410459
0.00084762
0.00171644
0.00158317
0.00127468
0.00194753
0.000921107
0.0015857
0.00283797
0.00180511
0.00229898
0.00494959
0.00391344
0.00393404
0.00384279
0.00337344
0.00489399
0.00326244
0.00248591
0.00292105
0.00202897
0.00210542
0.00462653
0.00246296
0.00500513
0.00495601
0.00741457
0.00486861
0.00492992
0.00874855
0.00859829
0.00771314
0.00606337
0.00555748
0.00719872
0.00523377
0.00524707
0.0076096
0.00739333
0.00207883
0.00177813
0.00260096
0.00258307
0.00171693
0.00178053
0.00190448
0.00318475
0.00235192
0.00359813
0.00404854
0.00320555
0.00319572
0.0034016
0.00296427
0.00328004
0.00267549
0.00460989
0.00418332
0.00549577
0.00619678
0.00404346
0.00445381
0.00449097
0.00322074
0.003377
0.00401514
0.0024213
0.00422958
0.00483735
0.00688279
0.00741402
0.00634259
0.00670065
0.00632257
0.00769317
0.00759473
0.00719978
0.00429226
0.00527871
0.00529844
0.00450689
0.00491927
0.00550263
0.0040782
0.00243901
0.00172852
0.00160979
0.00223918
0.00211558
0.00248228
0.00201093
0.00154842
0.00177212
0.00194582
0.00417064
0.00164081
0.00160668
0.00233359
0.00426453
0.0016892
0.00171407
0.00341332
0.00244546
0.00414734
0.00334475
0.00417954
0.00485212
0.00492053
0.00371565
0.00363181
0.00384931
0.00563008
0.0089964
0.00909066
0.00859414
0.00445055
0.00488091
0.00598411
0.0087929
0.000987926
0.00107202
0.00193591
0.000986497
0.00158393
0.000888165
0.000762022
0.00106594
0.00104385
0.000747628
0.00146406
0.00116666
0.00227145
0.00209579
0.00231553
0.00207983
0.00158529
0.00191166
0.00217973
0.00180073
0.00614808
0.00360667
0.00513911
0.00512787
0.00528553
0.00528774
0.00111386
0.000809692
0.00171608
0.00171174
0.00186682
0.000647022
0.000557052
0.000589593
0.000554883
0.00055417
0.00183273
0.00223608
0.00265533
0.00184933
0.00193899
0.00363356
0.00339559
0.00551646
0.00325288
0.00773007
0.00610566
0.00446837
0.00614449
0.00522841
0.00273961
0.00222226
0.00185343
0.00169327
0.00164274
0.00140547
0.00392283
0.00274956
0.00238486
0.00342896
0.00379035
0.0086892
0.00916817
0.00696106
0.00949297
0.00887549
0.00981524
0.00939829
0.00197472
0.0029825
0.00226404
0.00890782
0.0103063
0.0104829
0.00906014
0.0098642
0.00776348
0.00785271
0.00737679
0.00406691
0.00336116
0.00377878
0.00306335
0.00311889
0.00344655
0.00264903
0.00284872
0.00443143
0.00456921
0.00463848
0.00388311
0.00458228
0.00129506
0.000962716
0.000774882
0.000701516
0.000963708
0.0005869
0.00885887
0.00855391
0.00675502
0.00861161
0.00888606
0.00930347
0.0066473
0.00731007
0.00707663
0.0108358
0.0102026
0.00674719
0.00699945
0.00917657
0.00482375
0.0093948
0.0107192
0.00595843
0.00941286
0.0105787
0.005228
0.00848384
0.00800405
0.0105788
0.00271098
0.00394491
0.00414062
0.00234069
0.00522649
0.00515619
0.00340243
0.00334715
0.00244812
0.0051764
0.00907813
0.008901
0.010106
0.00971942
0.00846149
0.00890333
0.00679732
0.00634968
0.00856857
0.00928557
0.009502
0.00815764
0.00651092
0.00529785
0.00883975
0.00916002
0.00807972
0.00796299
0.00874078
0.00964819
0.00472262
0.00686236
0.00654131
0.0068504
0.0031669
0.00605452
0.00590914
0.00277461
0.00242075
0.00168853
0.00170978
0.001587
0.00154181
0.00166138
0.00322244
0.00291122
0.00171024
0.002593
0.00514692
0.00504853
0.00335022
0.00529372
0.00486499
0.00654245
0.00441995
0.00429057
0.0064529
0.00526723
0.00585723
0.00454295
0.00582315
0.00760784
0.00238491
0.00317319
0.00268568
0.00530306
0.00599663
0.00689023
0.00469167
0.00621289
0.00444871
0.0041289
0.0035593
0.00349474
0.0051558
0.000154235
0.00176045
0.000187373
0.000216893
0.000221413
0.00225333
0.00223039
0.000735372
0.000174124
0.00731052
0.00167531
0.000940226
0.000899052
0.000837624
0.00114366
0.000167027
0.00384695
0.00361691
0.0047221
0.00487523
0.00404805
0.000560718
0.00122336
0.00143786
0.000232749
0.000555003
0.000564551
0.00102985
0.00192171
0.000387027
0.00263336
0.00216097
0.00314216
0.000795713
0.00113576
0.00409527
0.000233324
0.00160558
0.00111527
0.00192789
0.000535208
0.000421622
0.000473607
0.00476939
0.00163826
0.00340114
0.00241275
0.00314551
0.0020573
0.00538131
0.00101247
0.00170684
0.00236498
0.00156123
0.00418379
0.000636973
0.00317377
0.00044413
0.00766518
0.00282271
0.00450958
0.00523701
0.00298338
0.00199178
0.00205799
0.00241676
0.00367029
0.000656751
0.00603735
0.00354388
0.00254574
0.00196196
0.000434822
0.00134882
0.000840731
0.0040292
0.000630003
0.0020913
0.00185453
0.000767176
0.000480215
0.000382414
0.000427245
0.000557524
0.000308871
0.00198522
0.00154466
0.00161326
0.00250492
0.000367386
0.000276099
7.75629e-05
0.00014808
0.000392278
0.000226548
0.000309869
0.000510159
0.000345492
0.000238864
0.00047172
0.00014491
0.000223937
0.000119023
0.000246427
0.000277059
0.00029314
0.000184363
0.000388287
0.000343627
0.000358979
0.000552502
0.000910657
0.000529688
0.000265244
0.000118657
0.000418575
0.000345064
0.0002871
0.00020406
0.000244006
0.000256858
0.000242292
0.000353497
0.000208101
0.000247601
0.000441874
0.000627031
)
;

boundaryField
{
    tank_inlet
    {
        type            calculated;
        value           nonuniform List<scalar> 
96
(
0.00201558
0.0104651
0.0104651
0.0104651
0.00182834
0.0021116
0.00188909
0.0104651
0.00197434
0.00342607
0.0104651
0.001867
0.00216206
0.00201207
0.00188076
0.0104651
0.00195164
0.0104651
0.0104651
0.0104651
0.0104651
0.0104651
0.00186916
0.0104651
0.0104651
0.00196724
0.00202415
0.0104651
0.00189515
0.00185589
0.0104651
0.0104651
0.00195306
0.0104651
0.00193266
0.0104651
0.00192086
0.0104651
0.0104651
0.0104651
0.0104651
0.0104651
0.0104651
0.0104651
0.0104651
0.0104651
0.0104651
0.0104651
0.0104651
0.0104651
0.0104651
0.0104651
0.0104651
0.0104651
0.0104651
0.0104651
0.0104651
0.0104651
0.0104651
0.0104651
0.0104651
0.0104651
0.00323897
0.0104651
0.00335804
0.0104651
0.0104651
0.0104651
0.0104651
0.0104651
0.0104651
0.0104651
0.0104651
0.0104651
0.0104651
0.0035965
0.00421603
0.00418223
0.0104651
0.0104651
0.00313826
0.00349177
0.00340733
0.00331974
0.00314881
0.0089968
0.00897121
0.0104651
0.0104651
0.0038993
0.00337784
0.00401375
0.00345831
0.0104651
0.00332315
0.0037858
)
;
    }
    tank_outlet
    {
        type            calculated;
        value           nonuniform List<scalar> 
385
(
0.000347812
0.000105745
0.000161411
0.00036677
0.000363614
0.000444563
0.000799221
8.21699e-05
7.18961e-05
0.000373393
6.44634e-05
0.000326595
7.23157e-05
0.000368043
7.88507e-05
0.000220093
0.000359452
7.69194e-05
0.000110598
0.00204132
0.000103843
8.85859e-05
0.000328269
0.000101849
0.000121012
8.9642e-05
8.19351e-05
8.19084e-05
0.000200111
9.60271e-05
0.000112364
0.000102958
8.44307e-05
9.38205e-05
8.75853e-05
7.49207e-05
0.000278335
8.41936e-05
0.000104435
8.21222e-05
8.25994e-05
0.000402064
9.95169e-05
0.000166455
8.7779e-05
9.8905e-05
8.86481e-05
8.53845e-05
0.000178631
0.000101856
0.000159077
9.68382e-05
0.000213035
7.08953e-05
0.000672217
0.000193152
0.000284166
0.000251364
0.000297692
0.000182155
0.000240547
0.000103273
8.12917e-05
0.000161247
0.000148446
7.34292e-05
0.00015824
0.000322961
9.02827e-05
0.000284662
9.56872e-05
0.000287842
8.37716e-05
0.000346062
7.76534e-05
0.000182766
7.76741e-05
0.00026198
7.53838e-05
0.000254311
9.92575e-05
0.000255088
0.000197786
0.000182001
7.90139e-05
0.000255044
0.000470355
0.00039058
8.25087e-05
9.69394e-05
0.00025213
0.00014728
0.00032395
0.000364013
0.000117974
9.34619e-05
8.94986e-05
0.00029634
0.00070699
0.00023976
0.000424882
0.00028929
0.000119694
0.000301609
9.96487e-05
7.78611e-05
0.000179662
0.000102984
0.000239439
0.000295979
0.000306938
0.000150183
0.000279329
0.000185896
0.000371475
0.00013609
0.00026022
0.000681574
0.000199197
0.000366888
8.05906e-05
9.19598e-05
0.00016412
0.000271825
0.00014858
0.000266444
0.000431131
0.000193366
0.000678464
0.000165668
8.2386e-05
0.000387179
0.000102291
0.00034022
0.000229171
0.000466051
0.000405902
0.000263671
0.000204637
0.000411291
0.000717151
0.000407918
0.000350832
0.000331441
0.000642218
0.000426666
0.000359849
0.000226633
0.00039182
0.000181183
0.000696471
0.00100784
0.000349382
0.000486904
0.000377669
0.000387508
8.74858e-05
0.000345771
0.000151424
0.000606331
0.000307916
0.000355963
0.000159694
0.000188611
0.000297206
0.000351429
0.000457396
0.000383123
0.000348823
0.000353304
0.000664713
0.000389953
0.000440003
0.000259339
0.00031715
0.000356116
0.00032098
0.000367565
0.000387231
0.00041104
0.000176796
0.000332998
0.000656798
0.000580753
0.000406531
0.000237217
0.00020892
0.000418335
0.000387123
0.00034144
0.000422793
0.000406541
0.000383946
0.000316473
0.000434253
0.000213425
0.000352038
0.000346481
0.0003607
0.000404647
0.000487293
0.000200457
0.000658113
0.000593098
0.000455813
0.000441395
0.000801706
0.000354542
0.000558015
0.00123124
0.000526866
0.000313832
0.00103333
0.000528104
0.000364322
0.000452966
0.000268329
0.000447853
0.000432385
0.000487635
0.000490816
0.000476102
0.000459445
0.000855763
0.000746002
0.000694439
0.000468298
0.000813614
0.00105407
0.000347451
0.000631461
0.000820446
0.00102464
0.000708159
0.000867556
0.000724423
0.00106055
0.000836611
0.000621809
0.000705834
0.000666472
0.000723209
0.000574034
0.000848619
0.000592042
0.000797258
0.000508869
0.00058213
0.000523596
0.000561821
0.00155802
0.00123039
0.000806239
0.0012139
0.00099957
0.000741515
0.000715308
0.00229135
0.000710151
0.00104319
0.000920917
0.000818992
0.00073991
0.000652581
0.000628979
0.000563627
0.00101396
0.00101609
0.00108152
0.00115941
0.000946419
0.00149086
0.00140877
0.0012249
0.00100015
0.00166449
0.000748144
0.00115164
0.0015259
0.0010064
0.00180848
0.00117492
0.00109395
0.00218223
0.00112144
0.00100887
0.0015182
0.00205644
0.00107581
0.00138581
0.00189671
0.00268608
0.00228445
0.00249681
0.00186652
0.00327864
0.0017207
0.00345069
0.00279191
0.00263351
0.000236089
0.000247188
0.000179277
0.000193003
9.68897e-05
0.000129871
0.000308429
0.00266126
0.00356393
0.00171411
0.000670257
0.00225987
0.000701374
0.00111323
0.000905406
0.00096806
0.000417399
9.60883e-05
0.000760356
0.000108076
0.00160668
0.00143969
0.00130877
0.000213087
0.00106103
0.000641058
0.000535247
0.000422243
0.000722123
0.000682045
0.000268543
0.0006844
0.000109856
0.000327932
0.00037116
0.000184021
9.91542e-05
0.000433433
0.00116628
0.000386135
0.000652065
0.000733521
0.000143
0.000285005
0.000187473
0.000441896
0.000459717
0.000503898
0.000301478
0.000192017
0.000412224
0.000384421
0.000149778
7.45913e-05
0.000558271
0.000232679
8.66676e-05
0.000171632
0.000212103
0.000346562
0.000112722
0.000163489
0.000412239
0.000219152
9.09987e-05
0.000178471
0.000610046
0.000321861
0.000256882
0.000185468
0.000541739
0.000358118
0.000461577
0.000244845
0.000926261
0.000656398
0.000379702
0.000124677
0.000309712
0.00094852
0.000369141
0.000244215
8.00142e-05
0.000367904
0.00206663
)
;
    }
    tank_walls
    {
        type            nutkWallFunction;
        Cmu             0.09;
        kappa           0.41;
        E               9.8;
        value           nonuniform List<scalar> 
4233
(
0.000105763
3.16752e-05
0.000109016
0.000109016
3.29928e-05
3.54777e-05
8.99113e-05
3.68695e-05
6.02438e-05
0.000266896
8.7764e-05
0.000172683
8.09507e-05
0.00027206
0.00027742
4.57029e-05
0.000128632
9.76609e-05
0.000122183
0.000180807
0.000211927
2.57406e-05
2.60421e-05
3.51662e-05
5.82012e-05
3.66981e-05
3.87719e-05
3.71049e-05
9.61634e-05
5.80078e-05
0.00013978
3.46652e-05
3.70352e-05
4.01797e-05
9.828e-05
9.828e-05
0.000128389
4.33574e-05
6.02792e-05
7.64605e-05
7.20044e-05
9.99137e-05
0.000101577
6.38276e-05
9.87737e-05
5.76722e-05
5.76722e-05
5.31082e-05
0.000116006
7.6771e-05
8.80244e-05
0.000116983
0.000116983
7.13133e-05
7.81433e-05
7.81433e-05
6.41357e-05
7.5655e-05
8.15372e-05
8.15372e-05
6.78744e-05
7.10392e-05
7.45276e-05
6.83797e-05
4.3043e-05
8.65342e-05
8.65342e-05
0.000105674
9.73656e-05
9.96476e-05
9.96476e-05
9.91717e-05
0.000100368
8.67509e-05
6.56666e-05
9.28472e-05
9.28472e-05
7.83896e-05
0.000105292
7.93055e-05
9.19827e-05
9.84118e-05
9.84118e-05
0.000139191
7.86732e-05
9.05792e-05
9.09447e-05
9.09447e-05
0.000102443
0.000102477
0.000102477
8.55521e-05
8.55521e-05
0.000128499
8.35316e-05
8.35316e-05
8.67079e-05
5.63512e-05
8.26299e-05
8.26299e-05
7.11412e-05
8.66933e-05
8.66933e-05
8.86796e-05
8.5443e-05
8.5443e-05
8.76241e-05
0.000118971
8.88889e-05
0.000104912
0.000104912
7.50577e-05
7.50577e-05
0.000101356
0.000101356
3.62455e-05
4.07528e-05
3.35186e-05
3.73839e-05
9.91997e-05
0.000129228
0.000117812
0.000107601
0.000107601
0.000122022
0.000122022
0.000175853
0.000126232
0.000229539
7.82469e-05
7.82469e-05
0.000114699
0.000114699
0.000119306
0.000145622
0.000206324
0.00011323
0.000109465
0.000109465
9.04323e-05
0.000173279
0.000109031
0.000109031
0.00013011
0.000111075
0.000111075
0.000206701
9.4521e-05
0.000138131
0.000138131
0.000188785
0.000111187
0.000100786
0.000100786
0.000105482
0.000105482
0.00013933
0.000200736
0.000142071
0.000142071
0.000121473
0.000121473
0.000124918
0.000124918
8.71098e-05
9.14391e-05
9.30948e-05
9.30948e-05
9.11389e-05
9.11389e-05
7.48607e-05
8.07486e-05
0.000129404
0.000129404
0.000164375
3.95202e-05
3.38021e-05
0.000132522
0.000196183
0.000135514
0.000135514
8.51827e-05
0.000123687
0.000123687
9.35476e-05
7.6885e-05
0.000108827
0.000108827
3.95433e-05
3.71816e-05
0.000104352
3.53191e-05
3.15444e-05
2.78317e-05
3.19138e-05
2.9152e-05
2.7584e-05
3.36635e-05
2.93496e-05
2.4431e-05
3.87817e-05
3.61006e-05
2.93504e-05
3.30861e-05
2.94818e-05
3.69527e-05
4.11207e-05
3.17066e-05
3.42025e-05
3.82874e-05
3.64014e-05
8.00411e-05
4.62538e-05
5.94668e-05
5.94007e-05
4.75871e-05
8.1155e-05
3.55254e-05
3.46113e-05
3.98958e-05
3.82619e-05
6.042e-05
4.23008e-05
3.69534e-05
0.000110953
7.48276e-05
5.817e-05
3.97835e-05
4.00239e-05
4.90887e-05
4.2492e-05
3.87213e-05
2.95035e-05
3.15305e-05
4.11559e-05
3.63086e-05
3.89043e-05
4.82715e-05
7.18818e-05
3.92749e-05
3.9151e-05
4.06721e-05
3.60687e-05
3.7776e-05
3.46904e-05
3.11223e-05
3.88079e-05
2.65083e-05
3.02622e-05
4.02899e-05
4.30532e-05
4.48296e-05
4.35309e-05
4.03968e-05
4.42095e-05
4.03044e-05
4.64804e-05
4.44612e-05
3.61799e-05
3.71959e-05
3.83624e-05
3.84992e-05
3.62936e-05
3.78664e-05
4.13482e-05
3.84828e-05
3.3952e-05
3.63458e-05
3.93947e-05
3.67113e-05
3.69243e-05
2.9425e-05
3.15065e-05
0.00012519
3.71096e-05
3.59684e-05
4.90121e-05
4.18998e-05
8.53518e-05
9.44751e-05
0.000105319
0.000159649
3.43781e-05
4.26939e-05
0.000100269
0.000100269
0.000122789
4.80369e-05
3.99845e-05
3.10091e-05
9.72692e-05
9.72692e-05
6.61875e-05
4.00403e-05
4.11319e-05
0.000100042
0.000140198
3.97877e-05
3.84746e-05
3.26337e-05
3.46962e-05
5.67515e-05
4.17527e-05
4.28144e-05
8.00899e-05
8.00899e-05
8.42252e-05
9.28769e-05
9.28769e-05
0.000152796
0.00015447
0.000148232
2.86836e-05
2.61157e-05
3.36041e-05
3.13453e-05
3.58242e-05
3.04529e-05
2.88916e-05
2.56819e-05
3.27263e-05
3.57218e-05
3.95756e-05
4.62877e-05
3.30856e-05
3.03823e-05
3.39624e-05
3.47148e-05
0.000124951
0.000117136
0.000131968
0.000114039
0.000114039
0.000120288
0.000252276
0.000175176
0.000218654
0.00020403
0.000237323
0.000247055
0.00015883
0.000237458
0.00011165
0.000159635
3.05941e-05
3.13501e-05
3.2838e-05
2.33325e-05
3.68394e-05
4.94694e-05
4.72466e-05
7.07442e-05
5.11848e-05
4.68883e-05
4.975e-05
3.9573e-05
3.52154e-05
5.58163e-05
7.50841e-05
4.17777e-05
3.78271e-05
3.48726e-05
5.97287e-05
5.82564e-05
4.19799e-05
3.30618e-05
7.80131e-05
5.86371e-05
3.03474e-05
3.3593e-05
7.17636e-05
3.07698e-05
3.30322e-05
3.35371e-05
3.10435e-05
4.65041e-05
3.75647e-05
3.75514e-05
3.45341e-05
3.68083e-05
2.63952e-05
2.77433e-05
3.14048e-05
3.79221e-05
2.89612e-05
3.77721e-05
0.000105955
0.000131271
2.91371e-05
2.97668e-05
2.98715e-05
2.80857e-05
3.20024e-05
3.2624e-05
3.63208e-05
2.41096e-05
3.02554e-05
0.000138283
0.000203038
3.3985e-05
3.01539e-05
3.45469e-05
0.000161383
3.25778e-05
2.90694e-05
3.15384e-05
3.70075e-05
3.30596e-05
3.60541e-05
3.52314e-05
3.72206e-05
3.25146e-05
0.000117334
9.07656e-05
5.37542e-05
0.000105712
0.000107814
3.89093e-05
3.51814e-05
3.15953e-05
3.31093e-05
3.3016e-05
4.24674e-05
3.21287e-05
3.02943e-05
3.55195e-05
2.85455e-05
7.60797e-05
6.79157e-05
7.71722e-05
3.09446e-05
3.89154e-05
5.14277e-05
5.87307e-05
5.7028e-05
3.99802e-05
3.82695e-05
3.38914e-05
3.39458e-05
4.06387e-05
3.83122e-05
3.16939e-05
4.04079e-05
6.73637e-05
5.11465e-05
4.44928e-05
5.79208e-05
5.74042e-05
4.75115e-05
3.93892e-05
3.59668e-05
4.11219e-05
4.12175e-05
4.39356e-05
7.09068e-05
4.22387e-05
4.15421e-05
4.09976e-05
4.00305e-05
3.96473e-05
4.01671e-05
4.26762e-05
5.04812e-05
5.15067e-05
4.44449e-05
3.81571e-05
4.19836e-05
7.59249e-05
3.48363e-05
4.06763e-05
3.44744e-05
4.0519e-05
4.40048e-05
4.28547e-05
3.95478e-05
5.0966e-05
5.20926e-05
3.68908e-05
5.61784e-05
5.23105e-05
6.67137e-05
6.94342e-05
5.48193e-05
6.76835e-05
4.42094e-05
5.18421e-05
3.68949e-05
3.7776e-05
4.18016e-05
4.0549e-05
5.29565e-05
3.16881e-05
3.85999e-05
5.2172e-05
4.67619e-05
3.97714e-05
3.01716e-05
4.27946e-05
3.94666e-05
4.77769e-05
3.91124e-05
5.31635e-05
3.0588e-05
3.85738e-05
3.85502e-05
4.75415e-05
3.80697e-05
5.17392e-05
3.90373e-05
3.44369e-05
3.88077e-05
6.25032e-05
3.84239e-05
0.000115069
4.14055e-05
4.20788e-05
2.79116e-05
4.41157e-05
3.77271e-05
3.8555e-05
3.55599e-05
4.67098e-05
4.55678e-05
5.49932e-05
4.84492e-05
4.14793e-05
4.12877e-05
3.9925e-05
3.10447e-05
8.10562e-05
3.5918e-05
4.31523e-05
4.33159e-05
5.22208e-05
3.85278e-05
5.04543e-05
9.75642e-05
4.52835e-05
3.39982e-05
4.44507e-05
3.02367e-05
4.70097e-05
2.92154e-05
5.51249e-05
4.31047e-05
3.43528e-05
4.51083e-05
4.52018e-05
4.23941e-05
3.21567e-05
4.57208e-05
0.000117611
4.44436e-05
5.18778e-05
4.98085e-05
4.19609e-05
5.44589e-05
6.34022e-05
4.43966e-05
3.94671e-05
3.69731e-05
3.9761e-05
3.8289e-05
3.9842e-05
5.46703e-05
4.58688e-05
3.84471e-05
4.24982e-05
5.51005e-05
0.000155579
0.000141522
3.95442e-05
4.26339e-05
4.16146e-05
4.63866e-05
0.000103373
8.29458e-05
0.00010764
0.000228872
0.000182133
0.000294531
0.000208797
4.60788e-05
3.50174e-05
3.95278e-05
0.000236754
7.38247e-05
0.000105118
5.99415e-05
6.01989e-05
7.40663e-05
5.79197e-05
4.34972e-05
5.86429e-05
0.000127697
0.000160385
4.95806e-05
5.4184e-05
6.03299e-05
4.19765e-05
7.51997e-05
5.3769e-05
4.20149e-05
4.05795e-05
8.82481e-05
7.86911e-05
7.69896e-05
9.38739e-05
5.28355e-05
5.34948e-05
6.63974e-05
7.52566e-05
6.54916e-05
6.3902e-05
6.32922e-05
4.32052e-05
5.87994e-05
8.2546e-05
6.10701e-05
5.38213e-05
3.77879e-05
4.5043e-05
7.33965e-05
5.07992e-05
0.000186302
0.000112953
0.00022523
0.000311995
0.000258323
0.000100499
0.000118081
0.000225274
0.000156822
0.00019285
0.000199552
0.000212067
0.000234374
0.000290407
2.90555e-05
5.61864e-05
5.91292e-05
4.04549e-05
3.5418e-05
4.69144e-05
4.93201e-05
4.99994e-05
5.12791e-05
0.000110384
8.46719e-05
5.33065e-05
7.31342e-05
0.000110953
4.65452e-05
3.04017e-05
5.94818e-05
4.7349e-05
9.34975e-05
4.47745e-05
5.62227e-05
2.90602e-05
4.68354e-05
4.6917e-05
4.11714e-05
4.16793e-05
6.03412e-05
5.20768e-05
5.45969e-05
5.20241e-05
3.89259e-05
4.92197e-05
4.02064e-05
4.93743e-05
3.93367e-05
5.94645e-05
4.76101e-05
4.6897e-05
4.48422e-05
5.11278e-05
4.3246e-05
5.00567e-05
3.97787e-05
7.04208e-05
7.32798e-05
4.15628e-05
5.85508e-05
4.72506e-05
5.48455e-05
7.44553e-05
6.63222e-05
5.94104e-05
6.73925e-05
5.84843e-05
0.000101392
4.66003e-05
5.90985e-05
7.11731e-05
5.44824e-05
5.80661e-05
4.85252e-05
0.00013833
6.05847e-05
4.58915e-05
6.64875e-05
5.34566e-05
4.26165e-05
7.62489e-05
0.000220629
5.90595e-05
6.87115e-05
5.74456e-05
0.000213063
0.000139191
0.000188672
0.000171701
0.000154299
5.84324e-05
6.73132e-05
0.00010823
0.000188472
0.000191416
0.00021678
0.000217605
6.70818e-05
5.7151e-05
7.03621e-05
7.02511e-05
9.09152e-05
6.79543e-05
0.000122543
8.8639e-05
8.60292e-05
8.53591e-05
8.51057e-05
0.000112975
0.000102169
0.000101544
0.000117522
9.02408e-05
8.56234e-05
7.39397e-05
0.000120055
0.00015753
0.000187842
6.61106e-05
6.61106e-05
9.34207e-05
9.34207e-05
0.000192323
8.37197e-05
8.62402e-05
7.71781e-05
6.37458e-05
8.32564e-05
8.32564e-05
7.5852e-05
5.69237e-05
7.26048e-05
7.46459e-05
8.21417e-05
8.21417e-05
9.49915e-05
9.5842e-05
8.15137e-05
6.5619e-05
7.44642e-05
7.05588e-05
8.19185e-05
8.19185e-05
7.93268e-05
7.93268e-05
7.54655e-05
7.54655e-05
7.33336e-05
7.6252e-05
7.6252e-05
7.98574e-05
7.98574e-05
7.43858e-05
7.43858e-05
7.03061e-05
7.03061e-05
8.21517e-05
6.55144e-05
7.95449e-05
7.95449e-05
6.45622e-05
6.87681e-05
6.87681e-05
8.17172e-05
8.11623e-05
8.32665e-05
7.09286e-05
7.09286e-05
6.29264e-05
6.4577e-05
6.4577e-05
7.9836e-05
7.9836e-05
7.59963e-05
7.59963e-05
7.34505e-05
7.61728e-05
7.61728e-05
6.31835e-05
9.28925e-05
9.63176e-05
7.98633e-05
7.98633e-05
6.87709e-05
6.59227e-05
0.00016152
9.8017e-05
8.19864e-05
8.19864e-05
6.7933e-05
7.34392e-05
7.34392e-05
8.48919e-05
7.30612e-05
7.81735e-05
6.24528e-05
6.82502e-05
6.10823e-05
6.16263e-05
9.93762e-05
9.20083e-05
0.000102961
9.62315e-05
0.000151271
0.000106031
9.29106e-05
0.000229149
0.000136954
0.000236406
0.000172218
0.000113765
0.000113765
0.000102985
0.000102985
0.000105832
0.000105832
0.000169119
0.000156783
7.42278e-05
7.47026e-05
0.00011907
9.08482e-05
9.08482e-05
7.58086e-05
0.000101983
0.000101983
0.000176607
9.14684e-05
9.14684e-05
0.000190612
0.000127883
8.30938e-05
9.15848e-05
8.58282e-05
9.79749e-05
9.79749e-05
8.76443e-05
8.76443e-05
0.00011346
0.000105662
0.000179062
0.000105314
0.000105314
8.16588e-05
0.000109567
9.82937e-05
0.000133843
0.000124817
0.000124817
8.925e-05
8.925e-05
0.000159776
0.000140742
0.000117851
0.00011537
0.00011537
0.000147885
0.000122393
0.00015293
0.000131747
0.000136442
0.000113402
0.000118417
7.71182e-05
7.68634e-05
8.80882e-05
8.80882e-05
8.32703e-05
7.46706e-05
7.58858e-05
8.83083e-05
6.43509e-05
6.78708e-05
7.44515e-05
7.44515e-05
7.16655e-05
0.000153383
0.000114462
0.000118758
0.000107613
0.000121171
6.1804e-05
6.38294e-05
7.60326e-05
7.47187e-05
9.51325e-05
7.85872e-05
7.96226e-05
7.96226e-05
7.77645e-05
8.87913e-05
6.03835e-05
7.66896e-05
8.6884e-05
8.6884e-05
7.06635e-05
8.67057e-05
8.67057e-05
7.84385e-05
0.000145343
0.000112911
0.000137387
8.19477e-05
7.74571e-05
0.000188421
0.000149972
0.000136598
0.000128222
8.47149e-05
0.000100377
8.5294e-05
7.95631e-05
7.95631e-05
8.19509e-05
0.000101854
8.5341e-05
0.000112623
6.50097e-05
8.62596e-05
6.36037e-05
8.55651e-05
7.16474e-05
6.43554e-05
6.63517e-05
6.92648e-05
0.00010556
0.000174764
0.00019122
0.000210409
0.000136313
0.000263472
0.000118269
8.22092e-05
0.000273529
0.000135995
0.00012316
0.000135083
8.1731e-05
0.000260113
0.00017256
0.000122135
0.000119648
0.000273426
8.70379e-05
8.41903e-05
6.58006e-05
8.67214e-05
9.85454e-05
6.60136e-05
7.6975e-05
8.41209e-05
9.27085e-05
9.69083e-05
9.2161e-05
0.000130911
0.000140768
0.000130996
0.00018685
0.000112624
0.0001076
0.000115897
0.000120402
9.64021e-05
0.000100029
0.000101518
0.000157129
0.000118024
0.000108041
7.30832e-05
0.000106578
0.000112317
8.41552e-05
0.000117412
0.000151509
0.00021894
0.00010212
8.42505e-05
9.26413e-05
0.000141769
0.000152782
9.88875e-05
0.000117179
0.000103416
9.5944e-05
9.27698e-05
0.000149571
0.000232856
7.14264e-05
7.03031e-05
7.78897e-05
6.11321e-05
7.31281e-05
7.48446e-05
8.16505e-05
7.47099e-05
7.77393e-05
6.43645e-05
6.49284e-05
0.00010481
9.30938e-05
0.000113045
0.000106372
0.00022271
9.09227e-05
9.53302e-05
8.31121e-05
0.000101968
0.000103346
9.62644e-05
6.7553e-05
6.91735e-05
7.26766e-05
6.99214e-05
0.000150876
0.000232781
8.51134e-05
0.000131955
7.89926e-05
9.4255e-05
8.70339e-05
9.31187e-05
0.00010681
8.57374e-05
0.000273333
0.000113589
9.77435e-05
0.000132704
0.000135222
9.52765e-05
8.46229e-05
0.000107364
0.000128897
0.000243096
0.000132969
0.000109716
0.000112526
0.00011124
0.000111432
7.52154e-05
7.43169e-05
5.46343e-05
5.82334e-05
0.000130404
0.000144155
0.000124988
0.000106271
0.000251059
9.74913e-05
9.37455e-05
0.000132478
0.000122544
9.11416e-05
0.000110137
0.000105947
0.000123902
0.000122771
0.000293687
9.81381e-05
0.000106586
0.00010526
0.000137008
8.98865e-05
0.000149338
0.000129617
0.000119649
0.000113224
0.000122257
8.60878e-05
0.000120451
0.000137615
0.000117221
7.42457e-05
0.00012966
0.000119781
0.000102521
7.84722e-05
8.02314e-05
7.94018e-05
0.000217272
5.55487e-05
9.17503e-05
0.000110551
0.000245426
9.44635e-05
0.000239689
0.000108816
6.84381e-05
6.93901e-05
0.000107325
0.00012583
0.000130349
0.000118645
0.000120442
5.82721e-05
5.40595e-05
9.40032e-05
6.34709e-05
6.37154e-05
7.85655e-05
9.74932e-05
8.0099e-05
6.66612e-05
6.52643e-05
6.7817e-05
6.70661e-05
6.44429e-05
6.53502e-05
0.000104032
0.000292004
0.000105414
0.000100106
0.000109836
0.000102891
0.000115487
0.000120488
0.000106905
5.97513e-05
0.000132259
0.000118193
0.00013229
0.000118036
0.000124646
0.000140062
0.000118644
0.000138595
0.000119947
0.000114619
0.000139396
0.000120578
0.000125663
0.000127817
0.000138879
0.000138682
0.000140357
0.000120545
0.000133913
0.000124843
0.000134613
0.000161897
0.000164197
0.000111535
0.000138347
0.000115308
0.000115852
9.34738e-05
0.000235681
6.31766e-05
9.10742e-05
5.50493e-05
0.000113153
0.000115215
0.000125272
0.000106852
0.000111623
9.66516e-05
0.000112753
5.83e-05
6.12837e-05
8.57954e-05
9.27695e-05
6.64337e-05
6.29905e-05
5.61005e-05
6.73915e-05
0.000100232
0.000103615
0.00011004
0.000111399
0.000137034
0.000116547
0.000115732
6.93166e-05
0.000112153
0.000113507
0.000116996
0.000116589
0.000127876
0.000133351
0.000132772
0.000100342
6.892e-05
8.98728e-05
6.90102e-05
8.57258e-05
9.51284e-05
7.9821e-05
7.9821e-05
0.000107548
9.24118e-05
9.24118e-05
9.52464e-05
0.000126626
0.000115819
9.61584e-05
9.61584e-05
0.000121804
0.000188563
9.72006e-05
9.22048e-05
9.22048e-05
0.000112393
0.000132287
0.000212548
0.000118101
0.000221992
0.000122996
0.0001272
0.000127112
0.000187146
0.000125152
0.000125152
0.00019175
0.000138487
0.000124446
0.000122804
0.000122804
0.000137176
0.000122552
0.00013242
0.000176043
0.000177079
0.000130782
0.000121229
0.000126818
7.10851e-05
9.60313e-05
7.92341e-05
0.000105842
8.39719e-05
9.20817e-05
9.29106e-05
6.78358e-05
6.7251e-05
5.08859e-05
3.94858e-05
3.68926e-05
5.61821e-05
4.15069e-05
2.79037e-05
4.46714e-05
4.19688e-05
3.35258e-05
3.96331e-05
7.98868e-05
9.98177e-05
6.6464e-05
4.20158e-05
3.60821e-05
4.94475e-05
4.13028e-05
4.25174e-05
3.45533e-05
4.32923e-05
4.44261e-05
3.962e-05
9.15865e-05
9.13189e-05
5.54175e-05
3.90139e-05
3.88734e-05
3.5123e-05
3.6421e-05
8.36342e-05
8.36342e-05
9.88449e-05
5.80387e-05
4.23364e-05
4.23854e-05
4.44109e-05
0.000117504
9.04646e-05
9.04646e-05
0.000102873
7.24365e-05
8.72712e-05
5.89697e-05
3.96619e-05
4.08831e-05
3.9945e-05
4.6885e-05
6.49597e-05
6.92942e-05
4.08959e-05
4.34425e-05
2.32908e-05
2.70511e-05
2.52776e-05
4.04291e-05
4.16915e-05
0.000109392
3.75018e-05
3.57551e-05
3.37081e-05
2.2219e-05
4.0106e-05
0.000130428
0.000100692
0.000187137
0.000190609
0.000128842
0.000128842
0.000127215
0.000136039
0.000136348
0.000125946
0.000125946
9.53729e-05
0.000157167
0.000207468
0.000213878
0.000110259
0.000126634
0.000126634
0.000123418
0.000150329
0.000186494
0.000127428
0.000127126
0.000114932
9.52391e-05
0.000109833
9.72193e-05
9.48833e-05
3.40913e-05
4.62524e-05
3.62512e-05
0.000101669
6.58771e-05
5.71283e-05
0.000103069
0.000100631
6.48859e-05
3.79292e-05
5.89843e-05
5.78066e-05
6.45856e-05
7.60351e-05
5.83973e-05
3.44501e-05
4.44497e-05
4.48685e-05
2.79226e-05
3.33084e-05
3.34428e-05
0.000117112
0.000119106
0.00011253
0.000103751
0.000104189
0.000110664
0.000111358
0.000103229
0.000103257
0.000128678
9.51195e-05
0.000104241
0.000108503
0.000104084
0.000110172
0.000105565
6.60002e-05
6.60002e-05
6.59572e-05
8.23409e-05
8.23409e-05
7.29183e-05
6.36715e-05
8.46252e-05
8.46252e-05
9.04296e-05
8.01384e-05
7.75429e-05
8.28228e-05
7.83272e-05
8.17055e-05
7.89143e-05
8.41976e-05
8.95985e-05
8.84097e-05
8.84094e-05
8.60863e-05
8.8193e-05
9.84781e-05
8.35225e-05
0.000112698
0.000110391
0.000113506
7.23292e-05
6.54388e-05
6.67435e-05
6.67435e-05
5.48848e-05
0.000109705
9.14311e-05
8.84249e-05
0.000112079
0.000112079
9.75212e-05
9.75212e-05
6.39718e-05
6.39718e-05
0.000119552
6.88171e-05
6.88171e-05
7.1095e-05
8.48824e-05
5.16714e-05
8.29812e-05
9.3417e-05
8.16708e-05
8.16708e-05
9.30981e-05
9.51862e-05
8.69063e-05
6.95406e-05
7.12353e-05
7.12353e-05
6.92041e-05
8.32436e-05
6.69396e-05
6.69396e-05
7.53291e-05
8.69889e-05
5.96692e-05
6.17124e-05
6.17124e-05
5.79298e-05
6.75898e-05
5.69202e-05
6.48601e-05
5.41981e-05
6.37568e-05
6.37568e-05
6.37138e-05
6.37138e-05
7.57505e-05
4.65356e-05
4.72424e-05
6.13587e-05
4.6845e-05
4.94659e-05
4.82423e-05
5.65091e-05
5.65091e-05
7.14194e-05
0.000127796
7.88665e-05
7.88665e-05
7.50618e-05
7.50618e-05
8.36698e-05
8.29331e-05
9.94558e-05
6.91444e-05
8.93917e-05
8.63822e-05
9.53884e-05
9.69837e-05
6.2988e-05
6.2988e-05
5.808e-05
5.808e-05
6.27777e-05
7.68451e-05
8.26141e-05
7.27688e-05
7.27688e-05
8.79114e-05
8.5447e-05
9.03978e-05
9.03978e-05
0.000123437
0.00014601
7.39857e-05
0.000111253
9.49785e-05
9.58849e-05
0.000111504
0.000113578
0.000117383
0.000106211
0.000127269
0.000101904
0.00011381
0.000128206
0.000105467
0.000145415
0.000116411
6.93731e-05
6.93731e-05
0.000111063
0.00011423
0.000137653
8.2262e-05
9.16573e-05
0.000114324
0.00016339
9.55403e-05
8.63488e-05
9.46121e-05
9.63168e-05
9.74098e-05
9.74098e-05
0.000103102
0.000103102
0.000104796
0.000107
0.000103681
5.89089e-05
0.000107327
8.4813e-05
9.09307e-05
7.75537e-05
5.47535e-05
6.6508e-05
6.6508e-05
9.80055e-05
6.73394e-05
6.73394e-05
7.00433e-05
7.82843e-05
0.000105873
8.51407e-05
8.51407e-05
5.32139e-05
6.33069e-05
0.000101964
9.67408e-05
9.08516e-05
0.000109641
9.77664e-05
9.05401e-05
9.05846e-05
0.000151001
6.61779e-05
9.37849e-05
9.37849e-05
0.000141511
6.51181e-05
0.000142337
0.000113619
0.000115709
0.000115055
7.34666e-05
5.90157e-05
0.000121587
0.000103995
0.000103995
0.000113418
0.000142525
6.81836e-05
0.000171675
0.000135487
0.00010014
0.000197267
0.00014361
0.000116349
6.76964e-05
7.64279e-05
0.000148955
0.000117269
7.20037e-05
0.000120503
5.77559e-05
0.000113669
6.26735e-05
0.000212248
0.000175478
6.27612e-05
0.000161803
0.000270271
8.82359e-05
0.000179681
0.000263864
6.56524e-05
5.76613e-05
0.000292096
0.000128163
0.000156212
0.000227079
0.000125582
0.000172713
0.000100315
7.89322e-05
9.04806e-05
0.000110986
5.67841e-05
9.24928e-05
0.000100412
0.000105039
9.32029e-05
0.000162047
8.38426e-05
0.00016075
0.000119827
0.000131983
0.000160611
0.000176918
0.000155925
9.97264e-05
7.89553e-05
0.000110797
0.000108655
0.00010722
9.04662e-05
0.000166589
7.29054e-05
0.000135046
0.00011646
0.000132861
0.000135438
8.45708e-05
0.000133567
9.18176e-05
8.65796e-05
0.000134643
8.00899e-05
0.000133756
0.000118045
8.99241e-05
8.86149e-05
0.000117599
0.000147763
0.000118787
5.70774e-05
4.34879e-05
6.21225e-05
7.14372e-05
7.61195e-05
6.33015e-05
7.80374e-05
6.64802e-05
8.14547e-05
0.000114969
0.000102183
0.000122865
0.000116314
4.20445e-05
0.000100232
3.95453e-05
9.53088e-05
0.00011631
7.15231e-05
0.000107905
9.90804e-05
6.60831e-05
7.36028e-05
7.10703e-05
6.41762e-05
6.2741e-05
6.72661e-05
0.000138053
0.000139951
0.000152827
0.000147023
0.00017095
0.00017023
0.000155034
0.000200225
0.000100405
9.70196e-05
0.000112758
0.00011377
0.000117345
0.000101048
0.000105564
9.92517e-05
0.000154697
0.00013726
0.000117243
9.47733e-05
0.000150323
0.000108968
0.00014694
0.000130602
0.000119846
0.00018003
0.000103805
0.000123863
0.000112937
0.000133939
0.000126935
9.00713e-05
0.000107883
9.12022e-05
0.000114097
0.000102784
9.53789e-05
0.000114161
0.00011003
0.000134056
0.00013179
0.000104193
0.000118304
0.000145561
0.00013665
0.000146912
0.0001065
0.000111289
0.000128421
0.000133989
0.000124636
0.000146712
0.00014165
0.000125347
0.000131426
0.000110941
0.00018869
0.0001547
0.000159098
0.000181518
0.000251876
0.000100637
9.34062e-05
0.000122777
7.53359e-05
5.40246e-05
0.000124816
0.000113412
0.000120622
0.000123175
0.000101183
4.66344e-05
3.70351e-05
3.27616e-05
3.52465e-05
0.000106332
6.73547e-05
8.76685e-05
8.46003e-05
0.000158266
0.000173821
0.000137392
7.64978e-05
7.86804e-05
7.57529e-05
7.22269e-05
0.000148614
0.000139365
0.00019824
7.35386e-05
0.000150094
0.000141146
0.000112101
7.91502e-05
0.000130648
0.00014128
6.22465e-05
0.000133438
9.09702e-05
0.000140341
0.000149332
0.000137313
0.000165454
7.84553e-05
0.000138526
0.000143561
7.48286e-05
0.000166913
7.2603e-05
0.00018413
7.03554e-05
0.000175013
6.90622e-05
7.046e-05
0.000171359
0.000133466
0.000148185
0.000161425
0.000173802
0.000186492
0.000181255
6.50018e-05
0.000194521
6.43206e-05
0.000206013
0.000181244
8.20348e-05
0.000115238
0.000191708
0.000174529
0.000279151
0.000197591
0.000177323
0.000114891
0.000118255
0.000159987
0.000163609
0.000157998
0.000203653
0.000120757
0.000115215
0.000136952
0.000139663
0.000133733
0.000116675
0.000117975
0.000141376
0.000109603
0.00014358
0.000139634
0.000106744
0.000105833
0.000114488
0.000109863
0.000179761
0.000155095
0.00013681
0.000208588
0.000184966
0.000166671
0.000131502
0.000113347
0.000130179
0.000103118
0.000123735
0.000117466
0.000109933
7.08613e-05
0.000203587
0.000126864
0.00011528
0.000112032
0.00012749
0.00020577
0.000187273
7.9277e-05
7.48495e-05
9.35795e-05
6.36923e-05
0.000203336
0.000152862
7.65309e-05
6.38258e-05
7.37319e-05
0.000176061
0.000106433
0.000161572
0.000213061
0.000108318
7.6572e-05
7.62607e-05
8.8868e-05
0.000130874
6.11707e-05
6.37344e-05
0.000106705
6.87177e-05
7.58492e-05
7.32338e-05
7.27853e-05
7.56245e-05
6.74732e-05
6.71373e-05
7.10129e-05
7.41702e-05
0.000148782
7.02262e-05
6.90387e-05
0.000172525
0.000152483
0.000144551
0.00012216
0.000158647
0.000132475
0.000118475
0.000151659
0.000126544
0.000117352
0.000114231
0.000129019
0.000122479
0.000119258
0.000131549
0.000128157
0.000132698
0.000136448
0.000135259
0.00013433
0.000149974
0.000129396
0.000109712
0.000121538
0.00011849
0.000115057
0.000106413
0.000117921
0.000140091
0.000149198
0.000123634
0.00012919
0.00015924
0.000152111
0.000162517
0.000131571
0.000142675
0.000129406
0.000134266
0.000134408
0.000130766
0.000120025
0.000152105
0.00013921
0.000142455
0.000102386
6.92098e-05
6.69564e-05
5.32788e-05
5.71524e-05
2.43826e-05
7.51341e-05
7.12611e-05
6.63693e-05
7.19417e-05
7.45926e-05
7.18286e-05
6.90215e-05
0.000110664
0.000113045
7.85266e-05
0.000122404
0.000162136
0.00015247
6.52024e-05
0.00019503
0.000131738
0.000129919
0.000171669
0.000188891
0.000205157
0.00020367
0.000159799
0.000183773
0.000127145
6.60876e-05
6.44323e-05
0.000126195
0.000143821
0.000132611
0.000184741
0.000132713
0.000132587
0.000139724
0.000144206
0.000196138
0.000166489
0.000143649
0.000136776
0.000190443
0.000147356
0.000124914
0.000138243
0.000124424
0.00016487
0.000137422
0.000148348
0.000137439
0.000154097
0.000216328
0.0001589
0.000152907
0.000118628
0.00013886
9.42492e-05
0.000141526
6.46934e-05
6.76427e-05
6.96482e-05
6.67628e-05
0.000128281
0.000125619
6.9338e-05
6.35472e-05
6.8834e-05
6.21299e-05
0.000153567
0.000120932
0.000146098
7.34276e-05
6.81098e-05
6.08225e-05
6.5884e-05
7.00688e-05
6.60205e-05
5.9007e-05
0.000158883
0.000148258
6.26012e-05
6.34742e-05
0.000140749
0.000182382
0.000193638
0.000166823
0.000162426
0.000167784
0.000144837
7.21464e-05
6.21281e-05
7.03435e-05
6.7766e-05
6.15574e-05
6.29742e-05
6.80985e-05
6.76259e-05
6.74487e-05
5.72691e-05
6.66188e-05
0.000143042
0.000116021
0.000121098
0.000163709
0.000135839
0.000131728
0.000129508
0.000131345
0.000132877
6.81789e-05
0.000127358
6.3298e-05
5.94844e-05
0.000104989
7.05525e-05
6.28611e-05
6.22057e-05
6.23526e-05
5.78465e-05
0.00016457
0.000135337
8.78885e-05
0.000117053
8.25856e-05
8.25856e-05
0.000136788
9.44208e-05
0.000100912
7.46072e-05
8.78079e-05
7.72621e-05
0.000138222
8.52383e-05
0.000106238
9.37754e-05
9.38468e-05
9.94092e-05
7.67716e-05
7.67716e-05
0.000143493
7.3117e-05
8.26426e-05
8.26426e-05
7.69584e-05
7.76371e-05
7.76371e-05
8.28342e-05
3.94848e-05
6.38727e-05
3.92955e-05
4.04867e-05
5.08806e-05
4.26792e-05
9.3041e-05
0.000129
8.3461e-05
7.66892e-05
7.66892e-05
6.46442e-05
5.2364e-05
5.49745e-05
3.66311e-05
4.38978e-05
3.84914e-05
4.10049e-05
3.40263e-05
3.32263e-05
3.18914e-05
4.32718e-05
9.79022e-05
7.84369e-05
9.49924e-05
9.49924e-05
0.000105387
7.6246e-05
6.89427e-05
5.06977e-05
9.39211e-05
0.000127311
9.24206e-05
0.00010659
0.000138419
0.000109096
0.000143297
3.95779e-05
4.11649e-05
4.13982e-05
4.17309e-05
4.60768e-05
9.44346e-05
9.28163e-05
9.80855e-05
0.000103405
0.000114584
0.000102873
8.16906e-05
4.57056e-05
0.000117047
7.95786e-05
6.61506e-05
4.95363e-05
4.68905e-05
3.34404e-05
3.06692e-05
4.44129e-05
0.000119958
4.82794e-05
6.04075e-05
0.000107252
0.000106373
0.000115319
0.000115878
0.000117219
7.42494e-05
9.39241e-05
2.6867e-05
0.000122531
0.000118167
0.000104338
6.67376e-05
6.48647e-05
8.03789e-05
7.25806e-05
7.27399e-05
6.55946e-05
0.000125218
0.000117501
0.000124086
0.000100478
0.000123356
0.000107463
6.55818e-05
6.55818e-05
6.88607e-05
6.88607e-05
6.78543e-05
7.53619e-05
7.30367e-05
6.49947e-05
6.69714e-05
7.14436e-05
8.13758e-05
8.13758e-05
6.71645e-05
7.72778e-05
6.31473e-05
0.000109957
8.01006e-05
8.01006e-05
8.07677e-05
8.07677e-05
8.08708e-05
8.08708e-05
8.28032e-05
8.28032e-05
7.3533e-05
7.47712e-05
6.94652e-05
8.33918e-05
8.33918e-05
7.19586e-05
6.40261e-05
5.89494e-05
5.58978e-05
8.30876e-05
8.30876e-05
6.46712e-05
8.2963e-05
8.2963e-05
7.92218e-05
8.34596e-05
5.90187e-05
8.08758e-05
8.23788e-05
9.20431e-05
9.15187e-05
8.99757e-05
8.72716e-05
6.096e-05
6.48522e-05
6.66846e-05
7.08054e-05
6.9575e-05
6.82778e-05
5.10307e-05
5.10307e-05
6.08353e-05
6.93175e-05
4.94588e-05
7.62985e-05
8.42123e-05
7.61168e-05
8.21822e-05
5.45414e-05
7.50371e-05
7.14654e-05
6.50567e-05
9.45626e-05
7.82796e-05
7.22211e-05
0.000125991
9.71759e-05
0.000127416
6.4777e-05
7.13553e-05
0.000107301
6.02015e-05
6.02015e-05
8.7768e-05
7.85462e-05
7.85462e-05
6.33883e-05
0.000103769
7.18005e-05
7.88432e-05
7.88432e-05
9.83255e-05
8.89291e-05
8.00367e-05
6.68177e-05
6.68177e-05
7.66247e-05
7.66247e-05
9.95812e-05
7.14078e-05
7.14078e-05
7.36198e-05
8.18521e-05
9.7173e-05
7.7035e-05
8.65044e-05
9.87028e-05
7.94158e-05
7.94158e-05
9.86067e-05
9.31706e-05
9.3166e-05
0.000100349
0.000104288
9.55927e-05
9.47758e-05
0.000121931
0.000114814
0.000129757
9.44936e-05
6.70954e-05
9.97296e-05
0.000102434
5.45051e-05
9.46842e-05
7.23062e-05
7.23062e-05
5.33463e-05
4.99634e-05
4.89914e-05
7.03925e-05
8.38648e-05
9.89943e-05
6.92688e-05
9.56153e-05
7.13567e-05
7.02856e-05
4.59801e-05
5.97047e-05
6.97504e-05
9.21224e-05
9.63663e-05
9.18908e-05
0.000100028
8.02861e-05
7.98045e-05
9.56609e-05
0.000104894
9.64874e-05
0.000189208
0.000213918
0.000119536
5.40305e-05
8.50072e-05
0.000106947
9.40373e-05
8.7619e-05
9.09459e-05
9.43225e-05
9.82633e-05
7.14414e-05
7.14414e-05
0.000101459
0.000121937
0.000100041
6.31634e-05
7.78963e-05
6.89832e-05
8.36383e-05
8.11732e-05
7.8795e-05
6.55608e-05
7.56917e-05
8.40454e-05
8.83993e-05
9.89337e-05
7.59798e-05
0.000107025
0.000141735
9.54144e-05
9.34916e-05
7.17113e-05
6.76635e-05
6.76635e-05
7.78398e-05
7.28876e-05
8.89443e-05
8.18221e-05
9.67073e-05
0.000127087
0.000121771
0.000128876
0.00012897
6.47333e-05
8.95941e-05
8.46259e-05
7.17467e-05
7.31696e-05
6.93103e-05
6.69399e-05
7.40748e-05
8.99553e-05
8.36004e-05
9.3376e-05
9.09167e-05
0.000128448
9.51947e-05
0.000119674
8.33418e-05
9.07371e-05
7.10371e-05
8.66408e-05
0.000110446
7.64471e-05
7.20807e-05
0.000106125
7.64414e-05
8.77917e-05
9.66625e-05
9.32905e-05
0.000192026
0.000112911
0.000161625
0.000100969
9.96164e-05
0.000100972
7.41494e-05
8.42807e-05
8.92083e-05
7.57682e-05
6.98221e-05
9.61524e-05
9.47084e-05
7.74863e-05
8.69944e-05
8.86475e-05
0.00013062
0.000120405
8.87232e-05
6.12791e-05
9.66668e-05
0.000102846
0.000139483
0.000105751
0.000107601
9.89212e-05
0.000155465
8.11687e-05
9.68403e-05
9.58869e-05
9.63598e-05
0.000114988
9.70903e-05
0.000208853
0.000105085
9.98998e-05
9.57664e-05
0.000116526
8.54481e-05
7.30819e-05
8.46825e-05
6.78648e-05
7.50422e-05
7.89143e-05
0.00012177
7.25214e-05
9.70589e-05
8.58389e-05
9.40229e-05
7.26595e-05
0.000107993
9.6985e-05
7.29722e-05
0.000116399
8.4539e-05
0.000122421
7.69628e-05
7.09949e-05
9.12438e-05
9.3019e-05
8.41257e-05
7.22169e-05
8.58375e-05
6.20596e-05
9.69133e-05
8.82911e-05
9.69879e-05
9.61643e-05
6.701e-05
9.54042e-05
0.000114651
9.69295e-05
9.74784e-05
0.000128116
8.47453e-05
0.000110824
8.28355e-05
0.000148495
0.000107135
0.000106138
8.37375e-05
0.000109573
0.000118328
0.000214864
0.00011438
7.17624e-05
7.17779e-05
7.20719e-05
6.8604e-05
0.000111398
6.57249e-05
9.45153e-05
5.83165e-05
6.54873e-05
0.000129308
0.000128967
0.000135823
0.000125212
0.0001092
0.000136158
0.000130552
0.000133647
8.44906e-05
9.37047e-05
9.56944e-05
6.93935e-05
0.000110548
0.000194957
0.00011568
0.00011534
0.000111642
8.94058e-05
7.32691e-05
7.5004e-05
9.66692e-05
6.78384e-05
0.000122081
0.000117233
0.000127821
0.000127568
0.00012582
0.000129953
0.000140372
0.000134252
0.000121678
0.000116849
0.000137117
0.000136053
0.000129929
0.000107128
6.54923e-05
0.00017318
0.000114013
0.000111827
6.75791e-05
0.000121512
0.00012276
0.000148179
6.43752e-05
0.000125938
0.0001312
0.00011368
0.000118386
0.000133753
8.77809e-05
9.03371e-05
9.29769e-05
0.000100809
9.91975e-05
8.6079e-05
8.78092e-05
0.000217583
0.000124491
8.80796e-05
8.83653e-05
7.38084e-05
8.92696e-05
0.00012076
9.58645e-05
0.000137451
0.000130142
0.000132293
3.11012e-05
0.000108407
0.000111686
0.000100539
9.78164e-05
9.61382e-05
0.000117508
8.96506e-05
9.13013e-05
8.17061e-05
0.000124006
0.000114207
0.000119736
0.00012076
7.68076e-05
0.000127627
6.65194e-05
0.000120872
0.000133886
0.000114221
0.000122506
9.49009e-05
9.54435e-05
0.00010024
9.74565e-05
0.000100581
8.31723e-05
9.40287e-05
0.000129359
8.58276e-05
0.000111666
0.000115903
0.000114766
0.000147066
0.000124514
7.12646e-05
0.000122507
0.000117643
0.000120969
0.000127217
0.000100386
0.000100324
9.99818e-05
6.56713e-05
0.000100928
0.000101294
0.000100343
0.000112245
0.000100053
9.61807e-05
0.000110487
0.000118087
0.000121455
0.000122321
0.000108156
0.000116273
0.000102522
0.000106988
0.000121176
0.000122487
0.000118618
0.000128638
0.000113127
0.000115959
0.000100891
9.52501e-05
0.00012174
0.000101465
0.00010511
0.000124158
0.000102076
0.000103259
0.000107134
9.97188e-05
0.000100378
0.000101633
0.000102541
0.000116564
0.000105858
0.000101159
0.000104219
0.000102599
0.000122473
0.000130692
0.000108822
0.000126101
0.000109919
0.000103478
0.000101509
6.07672e-05
0.000109012
6.30187e-05
0.000142249
6.70564e-05
0.000106796
7.25649e-05
0.00010228
0.000101172
6.73719e-05
6.29024e-05
6.29024e-05
6.60941e-05
7.34715e-05
9.56789e-05
8.60252e-05
6.86493e-05
6.30165e-05
6.40032e-05
7.16942e-05
7.16942e-05
6.59467e-05
6.55568e-05
6.37036e-05
7.30993e-05
7.30993e-05
5.89779e-05
7.593e-05
6.18924e-05
6.88279e-05
5.95378e-05
5.95378e-05
7.68081e-05
8.56879e-05
0.000105229
9.06097e-05
9.11209e-05
8.76101e-05
0.000109297
9.6907e-05
9.6907e-05
0.000115589
6.55974e-05
6.55974e-05
8.05527e-05
8.85831e-05
8.85831e-05
0.000101419
0.000101419
0.000126433
0.000119337
9.70488e-05
7.97682e-05
8.36814e-05
0.000107918
7.29705e-05
8.78075e-05
0.000112645
0.000106964
8.69157e-05
7.98967e-05
7.98967e-05
0.000114525
7.16721e-05
7.16721e-05
0.000105179
6.82717e-05
6.54017e-05
9.41579e-05
9.75872e-05
9.03986e-05
0.00011504
0.000121409
8.67584e-05
4.57396e-05
5.78763e-05
5.78763e-05
7.5877e-05
9.18368e-05
8.8425e-05
6.66592e-05
6.66592e-05
5.96527e-05
6.52803e-05
6.52803e-05
6.53666e-05
6.46365e-05
6.3959e-05
9.95007e-05
9.21556e-05
0.000106312
0.000114248
7.76235e-05
8.19383e-05
6.57707e-05
8.80074e-05
0.000100035
9.70972e-05
6.18147e-05
4.60688e-05
6.28567e-05
6.22444e-05
6.22444e-05
4.37883e-05
9.07459e-05
9.56872e-05
9.72426e-05
9.56449e-05
9.88981e-05
5.31761e-05
7.56391e-05
7.56391e-05
8.01791e-05
5.65216e-05
7.085e-05
7.085e-05
5.62996e-05
7.44215e-05
7.44215e-05
6.02192e-05
5.55965e-05
8.07014e-05
6.43548e-05
6.43548e-05
9.83128e-05
6.67024e-05
5.43433e-05
5.72559e-05
7.6488e-05
9.10517e-05
0.000116915
9.36044e-05
0.00013531
0.000106448
0.000109216
0.000139142
0.000117253
0.000118712
8.30793e-05
0.000106856
0.000115893
0.000114116
9.64312e-05
5.86094e-05
8.88259e-05
9.04192e-05
8.67722e-05
9.81189e-05
9.97716e-05
0.000121568
9.40744e-05
8.33312e-05
8.58413e-05
7.99695e-05
7.99695e-05
6.76908e-05
0.0001056
5.90834e-05
0.000103675
8.59165e-05
5.73583e-05
6.34956e-05
9.81135e-05
0.000123752
0.000121165
0.000100454
0.000122276
9.40362e-05
9.40249e-05
9.13562e-05
0.000121613
0.00010785
8.16407e-05
0.000100315
8.56689e-05
0.000129317
0.000123372
0.000123971
0.000126119
9.14632e-05
9.1419e-05
0.00010066
8.30935e-05
0.000106773
7.40909e-05
7.40909e-05
9.01117e-05
7.67534e-05
7.88564e-05
9.18901e-05
6.17916e-05
8.11159e-05
0.000116128
6.74899e-05
6.78771e-05
6.87014e-05
6.19956e-05
6.1791e-05
6.27469e-05
8.4616e-05
6.72598e-05
6.6253e-05
7.24139e-05
6.25109e-05
7.61178e-05
8.61515e-05
7.90904e-05
7.30573e-05
0.000112022
7.14653e-05
6.71963e-05
6.14689e-05
6.34878e-05
5.85176e-05
6.90649e-05
7.27376e-05
5.68727e-05
7.82292e-05
6.60616e-05
7.62659e-05
8.01474e-05
8.24357e-05
8.14518e-05
9.38803e-05
0.000106603
0.00010319
9.84458e-05
0.000116594
8.34701e-05
0.000103547
0.000103731
8.5679e-05
9.59124e-05
8.55703e-05
6.01541e-05
6.35538e-05
7.93731e-05
5.58408e-05
7.95066e-05
9.796e-05
7.36491e-05
8.26641e-05
9.36524e-05
7.9089e-05
6.4835e-05
7.3979e-05
0.000119656
6.2794e-05
6.91991e-05
0.000126085
8.83164e-05
8.39019e-05
8.29091e-05
0.000102356
6.91256e-05
0.000105164
6.5784e-05
6.309e-05
9.36858e-05
8.90996e-05
9.61608e-05
6.60509e-05
7.30495e-05
7.92595e-05
8.09498e-05
7.82708e-05
6.90444e-05
7.39927e-05
7.41571e-05
7.34157e-05
7.55451e-05
5.59502e-05
7.20604e-05
7.8668e-05
6.42142e-05
6.64017e-05
6.62309e-05
7.76817e-05
8.32504e-05
7.76193e-05
7.84663e-05
0.000115613
0.000117834
0.000105655
9.39531e-05
7.25643e-05
6.76858e-05
6.52085e-05
7.43045e-05
7.84156e-05
8.41181e-05
7.92337e-05
7.51438e-05
8.23311e-05
7.19294e-05
9.02946e-05
9.94786e-05
8.22246e-05
8.36692e-05
6.9781e-05
0.000105331
8.21394e-05
7.95152e-05
7.64636e-05
7.91606e-05
7.98042e-05
6.59238e-05
7.78848e-05
7.92318e-05
7.76829e-05
8.72451e-05
7.42864e-05
8.16187e-05
7.80152e-05
7.87865e-05
8.14578e-05
8.58047e-05
7.91005e-05
7.56725e-05
8.49346e-05
8.80123e-05
8.26698e-05
8.33051e-05
6.1448e-05
6.33301e-05
6.11603e-05
6.79394e-05
8.53974e-05
7.84316e-05
6.55777e-05
8.54869e-05
8.51817e-05
8.3062e-05
9.01807e-05
8.52654e-05
8.97917e-05
8.74491e-05
8.88606e-05
9.96631e-05
9.79538e-05
7.9979e-05
7.81616e-05
8.78447e-05
6.40604e-05
8.08501e-05
7.78306e-05
8.45648e-05
8.66889e-05
8.8737e-05
7.03504e-05
8.91926e-05
7.26165e-05
8.05295e-05
7.02561e-05
6.74476e-05
7.26727e-05
8.0233e-05
9.81935e-05
8.55135e-05
8.26023e-05
8.68328e-05
7.23841e-05
7.81793e-05
7.2174e-05
8.24569e-05
7.90486e-05
8.94812e-05
9.41223e-05
9.88603e-05
8.77211e-05
9.62721e-05
9.17381e-05
8.5575e-05
9.2639e-05
8.36247e-05
8.42137e-05
8.94254e-05
8.55995e-05
0.000103778
0.000105697
8.53814e-05
0.000107977
7.85059e-05
6.94988e-05
7.02788e-05
7.63196e-05
7.663e-05
7.56246e-05
6.74481e-05
0.000114136
8.60854e-05
0.000116214
8.97059e-05
7.2196e-05
7.88868e-05
8.3026e-05
0.000112251
7.53213e-05
7.57076e-05
7.41826e-05
8.98242e-05
8.96924e-05
7.1755e-05
7.47979e-05
5.84341e-05
6.47933e-05
8.68595e-05
6.69482e-05
7.8098e-05
7.91448e-05
8.26676e-05
8.48498e-05
6.56479e-05
6.90721e-05
7.8947e-05
7.26023e-05
6.65672e-05
6.65918e-05
7.99081e-05
8.8286e-05
6.95326e-05
8.18141e-05
8.8758e-05
8.15625e-05
8.64846e-05
8.20368e-05
8.59152e-05
7.85973e-05
7.05035e-05
7.29838e-05
8.75264e-05
0.000116261
8.10949e-05
7.8782e-05
8.21765e-05
7.82128e-05
0.000108822
7.69884e-05
7.97887e-05
7.06938e-05
7.01634e-05
8.21575e-05
7.40832e-05
7.43681e-05
8.62753e-05
0.000118349
9.70957e-05
8.45065e-05
8.81902e-05
8.75988e-05
7.51031e-05
7.64594e-05
8.23688e-05
7.10497e-05
8.78656e-05
8.71384e-05
8.0955e-05
8.85109e-05
8.23116e-05
6.81432e-05
6.73448e-05
7.51816e-05
8.32976e-05
7.97453e-05
0.0001244
9.14243e-05
9.39265e-05
8.07551e-05
8.09703e-05
8.42195e-05
7.45681e-05
9.26327e-05
7.6528e-05
7.63672e-05
7.70322e-05
7.44911e-05
8.6741e-05
8.42327e-05
7.50837e-05
8.35631e-05
0.000107019
9.3841e-05
8.62738e-05
8.61003e-05
8.9617e-05
7.72499e-05
8.05623e-05
6.72146e-05
8.20361e-05
7.73914e-05
8.54069e-05
8.18159e-05
7.13726e-05
6.96859e-05
8.03448e-05
8.0592e-05
8.11324e-05
7.48514e-05
7.84357e-05
7.58879e-05
9.33064e-05
9.20417e-05
8.66384e-05
8.09937e-05
9.3473e-05
9.13883e-05
7.59747e-05
7.76719e-05
7.82237e-05
7.7126e-05
9.11914e-05
7.62533e-05
7.66439e-05
8.62037e-05
5.11581e-05
5.13667e-05
8.29699e-05
0.000126842
7.83483e-05
9.15227e-05
9.42321e-05
9.52659e-05
8.71693e-05
9.28072e-05
9.17005e-05
9.29286e-05
8.25787e-05
7.20328e-05
8.7409e-05
9.32545e-05
0.000101062
8.04992e-05
9.1238e-05
8.06174e-05
8.15904e-05
8.55966e-05
8.61629e-05
8.57934e-05
8.74974e-05
9.38352e-05
8.44697e-05
7.40076e-05
9.3106e-05
7.75254e-05
7.8693e-05
9.36865e-05
9.05084e-05
8.44931e-05
8.76567e-05
9.53501e-05
8.41988e-05
8.28805e-05
0.000103474
9.65188e-05
9.41436e-05
8.42924e-05
8.30876e-05
0.00010076
7.91986e-05
8.79594e-05
9.31369e-05
8.76503e-05
0.000101713
9.52819e-05
9.11518e-05
9.30571e-05
9.10694e-05
8.65806e-05
9.1194e-05
9.41235e-05
9.58884e-05
8.82332e-05
7.45457e-05
9.04514e-05
0.000101226
6.61906e-05
8.82955e-05
6.55646e-05
9.96483e-05
9.41842e-05
9.30108e-05
0.000121814
9.11555e-05
8.70634e-05
7.83992e-05
9.11979e-05
8.82782e-05
9.97305e-05
0.000111216
0.000102158
7.09844e-05
9.11446e-05
9.63914e-05
9.13652e-05
9.19879e-05
8.64148e-05
8.27908e-05
8.70868e-05
8.53909e-05
9.21122e-05
8.95232e-05
9.11486e-05
9.09506e-05
9.28314e-05
9.36999e-05
9.18793e-05
7.46858e-05
8.5799e-05
8.82327e-05
6.405e-05
9.41406e-05
8.89721e-05
6.46472e-05
8.86016e-05
0.000104212
7.81563e-05
8.04938e-05
8.92679e-05
9.4486e-05
8.91144e-05
7.97843e-05
8.451e-05
8.10571e-05
8.59615e-05
9.96287e-05
9.03662e-05
8.81362e-05
9.8167e-05
9.34755e-05
7.0703e-05
8.97607e-05
8.16156e-05
9.87908e-05
9.21892e-05
9.37275e-05
9.07633e-05
9.2127e-05
7.79938e-05
7.62392e-05
9.56437e-05
8.12497e-05
9.17253e-05
7.68198e-05
8.44036e-05
8.05404e-05
8.19257e-05
7.9583e-05
8.70105e-05
8.27441e-05
7.4246e-05
8.27872e-05
8.78713e-05
9.2253e-05
8.54828e-05
9.57597e-05
9.44913e-05
9.39922e-05
8.92566e-05
8.60612e-05
9.17914e-05
9.42612e-05
9.27543e-05
0.000100177
9.2259e-05
9.99468e-05
9.14846e-05
8.33619e-05
9.30218e-05
9.93572e-05
8.73946e-05
9.77716e-05
9.46147e-05
9.54278e-05
9.7207e-05
8.73576e-05
8.16737e-05
9.50779e-05
8.13407e-05
9.23758e-05
7.55989e-05
9.63962e-05
8.80986e-05
9.13424e-05
8.89592e-05
9.6002e-05
9.6669e-05
0.000105027
0.00010693
8.86521e-05
9.14519e-05
9.72104e-05
8.70961e-05
9.30248e-05
9.34753e-05
9.51504e-05
8.62255e-05
9.54261e-05
9.60709e-05
9.7476e-05
8.98425e-05
0.000105902
8.89602e-05
9.54583e-05
9.44052e-05
9.95616e-05
8.00521e-05
8.95812e-05
9.16641e-05
7.12329e-05
8.45301e-05
9.09039e-05
8.08246e-05
7.7778e-05
8.54341e-05
9.11529e-05
8.42696e-05
9.11493e-05
8.41016e-05
0.000105008
9.88079e-05
0.000101605
9.11562e-05
8.8257e-05
7.93646e-05
7.77557e-05
6.3584e-05
9.11543e-05
9.11521e-05
9.11533e-05
0.000103018
9.37181e-05
6.44516e-05
8.81013e-05
9.79326e-05
8.4615e-05
9.17134e-05
9.32607e-05
9.66514e-05
8.52955e-05
8.70662e-05
8.97031e-05
9.55138e-05
0.000101664
0.000100803
9.88025e-05
9.48571e-05
9.94302e-05
9.16229e-05
8.68898e-05
9.18163e-05
8.73848e-05
9.10202e-05
8.78608e-05
8.57037e-05
8.81795e-05
9.85396e-05
9.12861e-05
9.66116e-05
9.03424e-05
3.43943e-05
3.28226e-05
4.48238e-05
3.85846e-05
4.28524e-05
0.000140965
0.000185119
0.000124528
7.32694e-05
8.55855e-05
9.12395e-05
9.38055e-05
0.000127743
0.000136854
6.12932e-05
0.000112748
0.000107136
0.000129419
5.51547e-05
6.43799e-05
7.53557e-05
7.77069e-05
7.26584e-05
8.48934e-05
8.17196e-05
7.8898e-05
8.5966e-05
0.000176033
0.000189027
0.000175959
0.000192385
0.000161443
0.000172473
0.000182858
0.000180337
9.78166e-05
0.000120318
0.000125834
0.000111588
0.000136206
0.000129424
0.000137413
0.000112314
0.000155948
0.000141109
0.000216057
0.000210645
0.000143381
0.00011761
0.000132025
0.000131112
0.000117727
0.000147473
0.000108934
0.00011083
0.000113078
0.000115351
0.000111364
0.000106318
0.000106567
0.000193022
9.65901e-05
0.00011461
9.9232e-05
9.08022e-05
0.000101728
0.00010127
0.000113046
0.000101623
0.000126792
9.49224e-05
0.000125651
0.000102485
0.000110863
0.000100432
0.000101259
9.57787e-05
9.65208e-05
8.73339e-05
6.65745e-05
6.7926e-05
7.92565e-05
7.69167e-05
7.98859e-05
6.19446e-05
6.61846e-05
7.28649e-05
4.99785e-05
8.52425e-05
6.82361e-05
6.74866e-05
9.48763e-05
9.78567e-05
6.43541e-05
7.31336e-05
8.24401e-05
8.14347e-05
0.000119846
0.000113195
0.000119698
0.000117087
0.00010034
8.61238e-05
7.18144e-05
7.50594e-05
8.23811e-05
8.5618e-05
7.30649e-05
9.111e-05
9.37084e-05
8.95104e-05
5.2263e-05
6.81389e-05
7.86901e-05
0.000125079
7.59796e-05
0.00012343
0.000128303
9.16803e-05
0.000103672
8.01641e-05
7.05936e-05
8.40431e-05
7.43479e-05
0.00010546
0.000113025
9.57404e-05
7.67364e-05
0.000115113
0.000114155
0.000119541
0.000107095
0.000186393
0.000165804
0.000139378
0.000137534
0.00014206
0.000184544
0.000142659
0.000152142
0.000144408
0.000130281
0.000103347
9.11455e-05
9.31234e-05
0.000215755
0.000151341
0.000194026
0.000207593
0.000177757
0.000206795
0.000114271
0.000107582
0.000114375
0.000112977
0.000113088
0.000123369
0.000117126
0.000106106
0.000132903
0.000103427
0.00010521
7.29092e-05
0.000111539
8.31709e-05
0.000121596
3.6828e-05
4.66215e-05
4.22707e-05
6.72567e-05
3.78941e-05
5.37933e-05
3.80129e-05
4.45124e-05
3.88819e-05
3.45669e-05
3.78897e-05
9.49342e-05
0.000109859
9.26811e-05
8.37528e-05
0.000100084
0.000155604
0.000178442
0.000180452
0.000153245
3.39504e-05
4.35316e-05
2.87628e-05
7.0441e-05
0.000114599
9.3688e-05
0.000116539
0.00016954
9.18294e-05
9.30931e-05
0.000286213
0.000164134
0.000205591
0.000127697
0.000106314
0.000211345
0.00011188
0.000119639
0.000164128
0.000311955
0.000115712
0.00012032
0.000161932
0.000165012
0.000167929
0.00019609
0.00016754
0.000219297
0.000214924
9.79312e-05
8.65868e-05
9.86274e-05
0.000107664
9.37748e-05
0.000104437
9.05475e-05
9.69876e-05
0.000113524
3.46056e-05
0.000103447
3.91464e-05
3.22326e-05
4.0389e-05
6.97868e-05
2.83463e-05
2.98526e-05
0.000115442
0.000153119
9.94869e-05
0.000116936
0.000134869
0.000126947
0.000133121
0.000158224
0.000119681
3.83009e-05
9.57794e-05
0.00013156
0.000127275
3.65412e-05
3.59273e-05
3.66304e-05
3.4675e-05
4.98758e-05
3.47678e-05
6.62438e-05
4.02987e-05
3.04974e-05
3.1609e-05
3.99517e-05
4.29794e-05
5.07716e-05
3.92035e-05
0.000153925
0.000147229
0.00016343
0.000171762
0.000153904
0.000150429
0.00011481
4.35446e-05
4.53624e-05
3.52081e-05
9.50549e-05
0.000248696
0.000107851
0.000100934
0.000213849
0.000211645
0.000209659
0.000203661
0.000151622
0.00015587
5.11417e-05
0.000109286
3.8748e-05
3.08362e-05
5.03196e-05
0.000147192
0.000118209
0.000179838
0.000140643
9.90419e-05
0.000122469
0.000135866
0.000153436
9.04708e-05
7.57434e-05
9.35265e-05
3.73817e-05
3.7533e-05
9.14907e-05
3.26669e-05
2.82055e-05
4.23956e-05
9.32626e-05
0.000104192
0.000103256
0.000103651
9.11351e-05
0.000148175
9.45796e-05
9.50246e-05
9.44445e-05
9.68468e-05
0.000108753
9.35225e-05
9.42113e-05
9.45847e-05
0.000145688
7.47787e-05
7.18705e-05
9.12711e-05
6.5129e-05
6.9005e-05
5.29718e-05
6.24526e-05
7.32139e-05
7.18985e-05
5.16702e-05
5.16702e-05
5.16702e-05
7.23099e-05
7.23965e-05
8.19821e-05
6.5774e-05
6.92788e-05
5.91618e-05
6.25216e-05
5.31193e-05
5.16414e-05
5.10417e-05
9.37876e-05
7.86787e-05
7.88587e-05
9.77721e-05
5.01298e-05
6.06824e-05
0.000149781
0.000153603
7.60564e-05
0.000115054
9.88761e-05
0.000119128
0.000124332
0.000127312
0.000213247
0.000120363
0.000121137
0.000129708
0.000124289
0.000108516
0.000111121
7.09159e-05
9.55093e-05
7.30186e-05
4.07149e-05
4.07149e-05
4.07149e-05
9.39796e-05
9.7036e-05
0.000111837
6.67994e-05
7.18128e-05
7.5764e-05
4.41168e-05
4.41168e-05
4.41168e-05
9.98802e-05
9.63166e-05
0.000109351
8.31444e-05
8.23305e-05
8.39423e-05
9.50853e-05
7.09634e-05
9.73658e-05
0.000103821
9.18666e-05
0.000106062
8.23705e-05
6.25567e-05
5.81258e-05
6.10809e-05
6.17205e-05
0.000103963
7.04095e-05
8.7408e-05
6.91865e-05
8.71257e-05
9.31905e-05
8.45482e-05
7.421e-05
6.42387e-05
6.62638e-05
8.85752e-05
9.99186e-05
0.000108994
7.97034e-05
0.000161744
7.24252e-05
0.000109822
0.00011272
0.00010438
9.23237e-05
0.00010429
0.000137235
0.000116509
0.000175468
0.000116279
8.53783e-05
8.27725e-05
0.000116812
0.000122389
0.000122034
0.000131022
0.000127251
0.000122607
0.00012328
0.000134408
0.000134008
9.00107e-05
7.63822e-05
0.000129264
0.000127402
0.000133
0.000135715
9.41673e-05
9.41518e-05
7.36237e-05
8.42347e-05
9.34801e-05
8.70582e-05
7.28215e-05
9.06383e-05
8.43166e-05
0.000131667
0.000109938
9.1891e-05
0.000201869
0.000119461
0.000159944
4.09159e-05
4.48137e-05
4.70847e-05
2.37947e-05
3.16806e-05
3.98503e-05
4.33227e-05
0.000104338
0.000193488
0.000193342
0.000161483
0.000194367
0.000255712
0.000106033
0.000146206
0.000123831
0.000122626
0.00010355
8.50499e-05
0.000110748
6.46852e-05
6.73636e-05
6.71596e-05
4.92659e-05
5.84011e-05
7.20181e-05
7.95491e-05
0.000146102
8.32487e-05
5.75023e-05
8.88638e-05
9.31152e-05
8.21104e-05
6.68809e-05
0.000101905
9.70978e-05
0.000119491
8.37472e-05
7.38536e-05
0.000105508
8.04726e-05
7.69704e-05
0.00012151
8.02037e-05
8.18156e-05
7.77352e-05
0.000120325
8.49036e-05
7.09756e-05
0.000111622
6.82543e-05
6.86053e-05
8.65493e-05
0.000125415
6.7098e-05
0.000125065
7.6293e-05
0.000119933
7.65611e-05
7.6476e-05
7.74057e-05
8.31375e-05
8.10459e-05
8.10314e-05
7.78656e-05
8.02277e-05
9.11468e-05
7.2632e-05
6.94764e-05
6.95117e-05
7.2463e-05
8.09546e-05
7.40013e-05
8.02639e-05
7.00623e-05
6.42081e-05
6.99837e-05
6.10988e-05
7.83017e-05
6.48238e-05
6.5748e-05
7.63471e-05
6.33743e-05
6.89147e-05
7.23955e-05
6.75624e-05
7.4098e-05
7.75962e-05
7.13729e-05
9.29389e-05
0.000125227
0.000139872
0.000129637
7.41233e-05
8.63344e-05
6.3994e-05
7.54191e-05
8.63819e-05
6.73974e-05
0.000119592
0.000128447
0.00012058
0.000130755
0.000125031
9.81643e-05
0.000106916
9.62131e-05
9.32119e-05
8.66642e-05
7.64825e-05
6.64848e-05
0.000219428
0.000204007
0.000192987
8.94698e-05
6.58125e-05
8.74421e-05
0.000112001
8.69716e-05
0.000190534
0.0001458
7.98153e-05
0.000106954
7.56075e-05
0.000129079
0.000103655
0.000100467
0.000120531
5.73106e-05
0.000178527
0.000171975
0.000147795
0.000131399
9.05041e-05
8.55808e-05
0.000151601
6.25761e-05
5.89585e-05
6.25469e-05
6.52209e-05
9.16981e-05
8.92883e-05
8.75685e-05
7.90056e-05
8.68342e-05
8.58061e-05
4.24741e-05
5.14072e-05
7.21677e-05
7.55622e-05
9.60784e-05
0.000123635
6.75621e-05
8.02161e-05
0.000152987
0.000170998
0.000112761
6.78439e-05
0.000153143
8.569e-05
0.000131218
0.000171174
0.000149596
0.000106251
6.61065e-05
0.000160566
0.000147859
0.000118353
8.61999e-05
8.95148e-05
9.18211e-05
8.50881e-05
8.84335e-05
8.8854e-05
8.78821e-05
0.000155043
0.000104335
0.000102264
0.000130156
0.000164467
0.00010388
8.45001e-05
9.10913e-05
8.75568e-05
8.5666e-05
0.000122537
9.23708e-05
0.000103989
8.72573e-05
6.79788e-05
5.76182e-05
5.76182e-05
5.76182e-05
0.000100966
0.000157854
0.000103921
0.000123991
8.73201e-05
9.14675e-05
8.74933e-05
7.7372e-05
9.74602e-05
6.48571e-05
7.066e-05
7.32426e-05
7.48291e-05
0.000104299
0.000110169
9.75118e-05
6.51179e-05
8.57242e-05
8.13853e-05
5.97571e-05
6.86868e-05
5.01458e-05
7.79026e-05
9.21545e-05
9.37442e-05
9.90156e-05
9.53704e-05
9.26993e-05
8.47913e-05
8.35714e-05
6.5504e-05
9.41623e-05
7.22497e-05
7.80457e-05
6.72803e-05
8.00884e-05
7.9243e-05
9.33007e-05
7.92119e-05
7.79059e-05
7.84327e-05
8.45244e-05
7.45721e-05
6.57037e-05
8.12631e-05
8.82929e-05
8.84946e-05
9.10568e-05
8.74038e-05
9.11036e-05
8.65459e-05
9.72372e-05
0.00010431
8.04936e-05
6.13128e-05
6.7234e-05
8.47026e-05
6.67031e-05
6.49525e-05
0.000126084
5.59094e-05
9.64017e-05
8.37651e-05
7.74868e-05
9.33064e-05
8.75061e-05
9.37266e-05
9.40792e-05
8.3937e-05
9.55171e-05
9.31304e-05
9.68538e-05
7.56409e-05
6.94428e-05
9.34202e-05
5.99535e-05
6.21558e-05
9.53076e-05
0.0001168
0.00012705
0.000106139
8.46606e-05
8.49333e-05
7.45652e-05
6.26136e-05
7.43472e-05
6.31416e-05
8.52585e-05
4.42927e-05
4.42927e-05
4.42927e-05
6.81594e-05
6.40451e-05
6.93106e-05
6.49297e-05
6.19113e-05
6.66422e-05
6.73342e-05
7.205e-05
6.69875e-05
6.59522e-05
6.58792e-05
7.39301e-05
6.55406e-05
9.22242e-05
8.08805e-05
7.30655e-05
8.07889e-05
7.42157e-05
0.000116575
8.74632e-05
8.64446e-05
7.41093e-05
6.3024e-05
7.09626e-05
6.1895e-05
7.14163e-05
6.69823e-05
6.95721e-05
6.40676e-05
6.13659e-05
7.79131e-05
7.92211e-05
8.25583e-05
8.13712e-05
7.87837e-05
7.32082e-05
7.87302e-05
5.55018e-05
5.66742e-05
8.47144e-05
6.60113e-05
7.57736e-05
6.50025e-05
6.81575e-05
8.03396e-05
8.60828e-05
8.64909e-05
9.09544e-05
9.01029e-05
8.9931e-05
9.17662e-05
7.15396e-05
7.89441e-05
9.1879e-05
7.58998e-05
8.09743e-05
7.94738e-05
9.21984e-05
9.27171e-05
9.49283e-05
8.89498e-05
9.58127e-05
0.000109929
9.7888e-05
7.77686e-05
9.02651e-05
8.55522e-05
7.98174e-05
0.000105474
0.000102983
8.3855e-05
8.58435e-05
8.82328e-05
8.64865e-05
8.3701e-05
9.78298e-05
0.000104676
9.93153e-05
8.61748e-05
8.87373e-05
9.12875e-05
6.92299e-05
6.85378e-05
8.4898e-05
0.000100817
8.39779e-05
8.56015e-05
8.51903e-05
9.54774e-05
8.12638e-05
7.61682e-05
9.46631e-05
9.58978e-05
9.51005e-05
8.42239e-05
9.00834e-05
7.70725e-05
9.414e-05
9.26493e-05
8.17315e-05
7.30334e-05
8.24247e-05
8.53532e-05
5.34045e-05
8.0871e-05
0.000108026
0.000121371
8.05433e-05
4.1389e-05
5.12795e-05
3.63314e-05
3.52841e-05
4.12199e-05
5.45434e-05
)
;
    }
}


// ************************************************************************* //
