/*--------------------------------*- C++ -*----------------------------------*\
  =========                 |
  \\      /  F ield         | OpenFOAM: The Open Source CFD Toolbox
   \\    /   O peration     | Website:  https://openfoam.org
    \\  /    A nd           | Version:  13
     \\/     M anipulation  |
\*---------------------------------------------------------------------------*/
FoamFile
{
    format      ascii;
    class       surfaceScalarField;
    location    "2721";
    object      phi;
}
// * * * * * * * * * * * * * * * * * * * * * * * * * * * * * * * * * * * * * //

dimensions      [0 3 -1 0 0 0 0];

internalField   nonuniform List<scalar> 
65687
(
0.000702859
-0.000856482
-0.00124533
-0.00895709
0.00170004
0.00355024
0.00370686
0.00804978
-0.00972082
0.00167104
0.0012271
-0.00151853
-0.000230811
-0.000702681
0.000683702
1.89784e-05
-0.00423457
0.00423461
-0.000908435
-0.000498393
0.000735123
-0.000344761
0.000873968
-0.000529207
-0.000142602
-0.00086794
0.00101054
0.000307359
0.0035793
-0.00388666
0.00139733
-0.00178593
-0.000849706
0.00157252
-0.00127954
-0.00151501
-0.000919145
-0.00177665
0.000415227
-0.000800365
0.000898617
-9.82514e-05
0.000619478
0.00384061
-0.00446011
0.00647992
-0.00611657
-0.00591846
0.00555512
-0.00770511
0.00665894
-0.00498079
0.00602696
0.0083539
-0.0164978
0.00814402
-0.00126185
0.000339294
0.000922459
-0.00651353
0.00946207
-0.00294853
-0.000879654
0.0015313
-0.000365739
-0.000285911
0.00427558
-0.00486841
-0.0054431
8.02837e-05
0.000835537
-0.00138605
-0.000394924
0.00564684
-0.00525191
-0.0189231
0.0200275
-0.00110423
0.000359508
0.000864792
-0.000162923
-0.00106138
0.000777253
0.000262236
-0.00157409
0.00217901
-0.021102
0.00103995
0.000646091
-0.00159672
-8.93209e-05
-0.000876091
-0.000651198
0.00152729
0.00288404
-0.004574
0.00168997
0.00445679
-0.00283011
-0.00162668
-0.000408784
-0.00290107
0.00330985
-0.00734646
0.00451883
0.00282758
0.00361076
-0.000463319
-0.00314735
0.000150085
-0.000691723
0.000541638
-0.00211433
-0.000477405
0.000457799
0.000427746
-0.000749833
0.000322088
-0.00111064
0.000968042
0.00322806
-0.00102677
-0.0022013
-0.000941924
-7.84162e-05
0.00102034
0.000441933
0.000685176
-0.00112711
0.000179197
0.000739031
-0.000918228
0.00108038
0.00282011
-0.00390048
0.00203114
0.000803561
-0.00283469
-0.00484581
0.00862922
-0.0037834
-0.000430005
-0.000662691
0.0010927
0.000892842
-0.000869445
-2.33959e-05
0.000144984
0.000637578
-0.00136015
-0.000561855
-0.000583984
0.00114584
-0.00675281
0.00675282
0.00932303
-0.0116769
0.00235392
0.00190925
-0.00110082
-0.000808424
0.00340309
-0.00278363
-0.00588265
0.0011629
0.00471974
-0.00142993
-0.00373144
0.00516136
-0.000363427
-0.00667684
0.00704026
0.00129085
-0.00295434
0.00166348
-0.00331552
0.00215623
0.00115928
-0.00427292
-0.00300676
0.00727967
0.00135893
-0.00135894
-0.000621164
0.000966068
-0.00034492
-0.00731045
0.00239348
0.00491699
-0.00401244
-0.00187023
0.00316321
-0.0100998
0.00693659
-0.00992979
0.00992979
-0.00551857
0.000440782
0.00507779
0.00600206
-0.00600207
0.000773858
-0.003878
0.00310412
-0.00122378
-0.00166146
0.00288516
0.00541848
-0.00541851
-0.00244173
0.00321559
-0.00437645
0.00315264
-0.00453481
0.000908153
0.00362651
0.00270194
-0.00410928
0.00140724
-0.00118281
0.000418181
0.000764631
-0.00535677
0.00535665
0.00259274
0.00321688
-0.00580969
0.00272485
-0.00339945
0.000674556
-0.00333764
0.0033375
0.00300688
-0.000827044
-0.00218009
0.00378392
-0.000777044
4.11833e-05
-0.00346947
0.00342819
-0.000195132
0.000236675
-0.00847957
0.00847958
0.00020988
0.00306174
-0.00327161
0.00802636
-0.000341856
-0.0076845
-0.000773677
0.00618112
-0.00540743
-0.00302803
-0.000441575
0.0055516
-0.00555159
0.00207124
-0.00692017
0.00484886
0.000328802
-0.00372193
0.00339333
-0.000643953
-0.00203097
0.00267498
0.00507961
-0.00507959
-0.00439802
0.00554533
-0.00114731
-0.00439803
-0.00552831
-0.00353746
0.00445722
0.0046086
-0.0055283
-0.0061166
0.00411149
-0.00352316
0.00597249
-0.00320074
-0.00277177
-0.0036791
0.00367908
-0.00626055
0.00014396
0.000240723
-0.00149984
0.00125914
-0.000357216
-0.00520428
0.00302685
0.0025346
0.00310619
-0.00310623
0.00558182
-0.00356173
-0.00202009
0.00791495
-0.00791494
-0.002616
0.00346344
-0.000847484
-0.00261602
0.000805949
0.007109
-0.00238504
0.00265795
-0.000272951
-0.00210512
0.00717924
-0.00507411
-0.00854966
0.00854967
0.000868334
-0.000868343
0.00802636
-0.000600131
-0.00039024
0.000990371
-0.000290748
0.00119689
-0.000906142
0.00111438
-0.00075487
-0.00107218
0.000995266
7.69133e-05
-0.00322777
0.00136148
0.0018663
0.00680796
-0.00649696
-0.000311026
0.00556668
-0.00430917
-0.00125754
-0.00113149
0.00113149
0.00387973
-0.00387973
0.00341222
-0.00956811
0.00615585
0.000754119
-0.000198228
-0.000555754
0.00278147
-0.0135655
0.0107841
-0.00106124
0.00106132
0.00247606
0.00631496
-0.00600953
-0.00528542
0.00528545
-0.000426623
-0.00485875
0.00310111
0.00256498
-0.00566607
0.00265182
-0.00234567
-0.000156816
-0.000149342
-0.000190536
-0.00542477
0.00561542
-0.00182111
0.000930553
0.000890749
0.00147454
-0.00147447
-0.000873028
-0.000188136
-0.00169374
0.00214798
-0.000454033
0.00159955
-0.00159949
-0.00160098
0.00238503
-0.000783943
0.000754167
0.0005304
0.00453625
-0.00506661
-0.00157625
0.0016608
-8.44565e-05
0.00354089
-0.00354088
0.00559662
-0.00114382
-0.00445278
-0.00135396
-0.000467067
-0.00135391
0.00144473
-0.00144458
0.00316145
0.000379429
0.00673266
0.00680331
-0.0135359
0.00230363
-0.00230363
-0.00968474
0.00968474
-0.00826451
0.0082645
-0.000182258
-0.00435896
0.00454121
-0.00590752
0.00582912
7.84026e-05
0.00839706
-0.00839706
0.00812762
-0.00812763
0.00149471
-0.00541673
0.00392201
-0.00447971
0.00301982
0.00145986
-0.00764611
0.0076461
0.0115451
-0.0155014
0.0039563
0.00256988
-0.00177459
-0.00213956
-6.42499e-05
0.000957092
-1.6362e-05
-0.000784003
-0.00662816
-0.00101794
0.00818633
-0.0129501
0.0047638
0.0068548
-0.00685479
-0.00473722
0.00396355
-0.00603617
0.00603617
0.00450346
-0.00660858
0.00420667
-0.00399679
0.00680795
-4.88609e-05
0.000982104
-0.000933242
0.000824674
-0.000873535
-0.00240426
-0.00632184
0.00872608
0.000589296
-0.00132026
0.000319061
-0.000144575
0.000951526
-0.000806951
0.000448784
-0.000961501
0.000512718
-0.000348708
0.000776454
0.000472086
-0.000952114
0.000480028
0.000490134
-0.000920438
0.000430303
0.000493163
-0.000862458
0.000369295
0.00042675
-0.00102688
0.000442852
-0.000868625
0.000425772
-0.00109169
0.000965771
-0.000164833
-0.000929926
-0.00210712
0.00083648
0.000216423
0.000432708
-0.00064913
-0.000362623
0.00126276
-0.000900132
0.00102646
-0.000141959
-0.000884504
0.00040438
-0.00111848
0.000249373
-0.000613887
0.000763972
-0.00023216
-0.000735176
0.000967337
0.000637942
-0.000870102
-0.000895325
0.000993052
-9.77269e-05
-0.000911101
0.00108522
-0.000174118
0.000810082
5.94116e-05
-0.000869493
0.000892724
-8.26423e-05
-0.000909711
-0.000329418
0.00123913
0.000964777
1.2577e-05
-0.000977354
-0.002985
0.000329646
0.00165271
-0.00198236
0.00379408
-0.00237323
-0.00142086
-0.00362753
0.00130086
0.00232667
-0.00221842
0.00142598
0.000792432
-0.00595431
0.00296932
-0.000365049
-0.000640241
0.00100529
0.00104214
-0.000883373
0.000881189
-0.000324128
0.000836274
-0.00122693
0.000121635
-0.000843212
0.000721577
0.000107287
-0.00102176
0.000914471
0.00129473
-6.0199e-05
-0.00147779
0.000243267
-0.000126652
-0.000813114
0.000939766
0.00205625
0.00173783
0.000506206
0.000793146
-0.00129935
0.000390969
-0.00115109
0.000760118
-0.000992922
0.00177682
-0.00397051
0.00318655
-0.0032039
0.00579663
-0.00116549
-0.000183766
0.000765701
0.00386428
-0.00330862
-0.000555694
-0.00230443
0.000974811
0.00132962
-0.000889534
-0.000100865
0.000990399
0.000972399
-0.000977108
4.70952e-06
-0.000106616
0.000762579
-0.00125964
0.000178449
0.0010652
-0.00124365
-0.000143896
0.0011163
0.000793813
-0.000936532
0.000142722
0.000894249
6.05221e-05
-0.00137153
7.12827e-05
-0.000628245
0.000556963
0.00069796
-0.000685799
-1.21598e-05
-0.000928745
8.77984e-05
0.000840951
-0.000652418
-0.00551558
-0.0053192
-0.000806483
0.000666976
0.000139506
0.000793726
-0.000884944
9.12178e-05
-0.000276918
-0.00103282
0.00130974
-0.000259067
-0.00265257
0.00291165
0.000778031
0.000198856
-0.000976888
-0.00195394
0.00104284
-0.00126147
0.000398464
0.000863006
0.00113961
-0.00141455
-0.000219891
0.00094103
-0.000907379
-3.3651e-05
-0.000165184
-0.000859722
0.00102491
0.00219641
-0.000188236
-0.000929751
-0.00107843
-0.000917966
0.000752782
0.000253614
-0.00148595
0.000747574
0.000840155
-0.000732741
-0.000107413
-0.000186022
-0.000918762
0.00110478
-0.000224349
-0.00175903
9.91877e-05
-0.000713075
-0.00096867
-8.38527e-05
0.000866501
-0.000722284
0.000651573
7.07103e-05
-0.000203139
0.00114369
-0.000940546
-0.000233772
0.00110391
-0.00136215
-0.00102393
-0.000141563
-2.12327e-05
-0.00104665
0.00106789
0.00131298
-0.000480771
-0.00083221
0.00157946
-0.00262245
0.000809223
0.00101995
0.0013887
-0.00306681
0.000658166
0.00113348
-0.000931627
-0.00020185
-0.000249223
0.000589923
0.00100439
-0.00102562
1.40972e-06
-0.00102534
0.00112624
-0.000121848
-0.000979533
-0.00014942
0.00112895
0.000812128
-0.000804886
-7.24124e-06
0.000467696
0.00100778
0.00043259
-0.00190806
-0.000866332
-2.32003e-05
0.000233402
0.000742989
-0.000976391
-0.000101071
0.000913201
0.000376206
0.000284748
-0.00115858
-6.98055e-05
0.000782812
-0.000712998
0.000496465
0.000444748
-0.000941211
-0.000352351
0.00113038
-0.000968531
0.000616182
-0.00132511
0.000311128
0.000462939
0.000769243
-0.000386252
-0.000437346
0.000823599
-0.000764462
-0.000560649
0.00133749
-0.00167722
0.000769957
-0.000430232
0.000781314
-0.000215797
-0.00125988
0.000784663
-0.000848913
-0.000327689
-0.00080846
0.00113615
0.00043982
0.00123075
-0.000122663
-0.0015479
0.00059354
-0.0012011
-0.000601281
-0.000227858
0.000829139
0.000951201
-0.000799396
0.000237219
-0.000389024
0.000558953
0.000392247
-0.000146644
0.00695457
0.000834605
-0.00138538
3.40463e-05
0.000597378
0.000344622
-0.000941998
0.000371159
0.000455764
-0.00129039
-0.000158889
-0.000738069
0.000896958
-0.000920382
-0.000423261
0.00134364
0.00099209
-0.000780242
-0.000211845
0.00192228
-0.0015933
-0.00167001
4.88375e-05
0.00162123
-0.00748478
-0.000409602
0.00789434
0.00959185
0.00249888
-0.0120908
0.000811342
-0.00068828
-0.000123063
-0.000897772
0.00114775
-0.000249982
0.00769436
-0.00769436
0.0046871
-0.00855378
0.00386669
-0.000236234
-0.00109557
0.00133181
0.000988053
-0.00108834
-5.86016e-05
0.00038496
-0.001331
0.000493387
-8.41938e-05
0.000702595
-0.00124543
4.37639e-05
-0.000893547
0.000849784
0.000615405
6.80005e-05
-0.000683404
0.000994077
-0.00126959
-0.000265839
0.0072321
-0.00723211
0.000221824
0.000774346
-0.00147462
-0.00382128
0.00180302
0.00201827
-0.000206233
0.000991975
-0.000785743
-0.000871052
0.00102892
-0.000157865
0.00502302
-0.00781639
0.00279335
0.00365151
-0.0096845
0.00603302
0.00931109
-0.0114403
0.00198252
7.11729e-06
0.000710097
-0.00127784
-9.88562e-06
-0.000961928
0.000971814
4.452e-05
-0.000915572
-0.000657483
0.000799063
-0.000141579
-0.000190209
-0.000616275
-0.00309857
0.00158742
0.00151115
0.000165044
-0.000981145
0.000816101
-0.000656065
-0.000573207
0.00122927
-0.0033738
0.00337378
-0.00376174
0.000387912
0.00487501
-0.00487502
0.00160807
-0.00991063
0.00830258
-0.0117601
0.0115417
0.000218504
-0.0126379
-0.00281766
0.0154556
0.000676616
1.29013e-05
-0.000689518
0.000152368
-0.000753648
-0.000273734
-0.00119661
0.000662978
-0.000193322
0.000934664
-0.000741341
-0.000329214
-0.000661287
0.000990501
0.000595223
-0.00146179
0.000434401
-0.000361551
-0.000751177
0.00111273
-0.000913001
0.000177826
0.00104516
-0.00144875
-7.59147e-05
0.000302814
-0.00104254
-0.000265324
0.00100505
0.000395564
-0.000846124
0.00045056
-0.000383767
-0.000323296
0.000707064
0.000392363
0.000621398
-0.00101376
-0.000469016
-0.00068042
0.00114944
-0.000140011
0.001082
-0.000941986
-0.000264335
-0.00181635
0.00208068
-0.00086469
0.000720115
-0.000469817
0.000824644
-0.000354827
0.000678858
0.000285673
-0.000964531
-0.000509141
-0.000531237
0.00104038
-0.0115727
0.00430616
0.00726651
0.00801442
-0.00202024
-0.00599418
0.00139499
0.00158432
-4.6063e-05
-0.00293307
-0.000895508
-0.00277437
0.0036699
-0.00107294
0.00107309
-0.000326867
0.00238261
-0.0053493
0.000568355
0.00658183
-0.00180081
-0.000596127
-0.00439818
0.00325767
0.00173674
-0.00194997
0.00498519
-0.00239122
-0.00259379
0.0168052
-0.00952184
-0.00728333
-0.00264284
0.00774804
-0.00510518
-0.00190582
-0.00510701
0.00682239
0.00620271
-0.00690151
0.0037243
-0.00302546
0.00290708
-0.0112959
0.00838884
-0.00686376
-0.0067017
0.00566711
0.00701321
-0.0126803
0.00962578
-0.00208543
-0.0075403
0.00101341
-0.0141175
0.0131041
-0.00757379
0.00649139
0.00108239
0.013328
0.00142855
-0.0147565
0.000635037
-0.00136188
0.000261621
-0.000513212
0.000908776
0.000936016
0.000475063
-0.000984203
-0.000697747
0.000313979
-0.000622236
-0.00048598
0.00110822
-0.000143342
-0.00114033
0.00128367
6.65081e-05
0.000986069
-0.00105258
0.00121082
0.00299227
-0.00420309
0.00158419
-0.00274429
0.00116009
0.000222645
-0.00114171
0.000919062
0.000698276
0.00137864
-0.00207691
-0.00118525
0.000542344
0.000642901
0.000812705
-0.000633508
-0.00197144
-0.00112713
-0.00251368
0.0037245
0.000157558
-0.0010188
-1.67761e-05
0.000878018
-2.65518e-05
0.000963414
-0.00114
-0.00103259
0.00113988
0.00106974
-0.000912184
-0.000101926
-0.000777727
-0.00329547
0.00111961
0.00217586
-0.00112773
-0.0024998
0.00101518
-0.00111521
0.000100032
6.96942e-05
-0.000810645
0.000740952
0.00128114
-0.00429842
0.00301729
-0.000157782
-0.00313768
0.000688419
-0.00125247
0.000106124
5.20339e-05
-0.000709517
-0.000657694
0.000895282
-0.000237588
0.00339943
0.00218239
0.00014886
-0.000806552
-0.000843109
-0.00130298
0.000952829
9.57939e-05
0.000726909
-0.000822702
0.000889743
-0.000740883
-0.00081604
0.000622717
0.000882071
-0.00120392
-0.000214698
0.000980797
0.000174754
-0.00115555
-0.00075056
-0.00026313
0.00101369
0.000874241
-0.000884126
0.00015766
-0.00090822
-0.000871851
0.00102951
-0.00073176
0.000503902
0.000230693
-0.000754691
0.000523999
-0.000672194
0.000575447
0.000851119
-0.000620425
0.000865587
-0.0010056
6.50327e-05
0.000630687
-0.00069572
-0.000920327
-0.00458516
-0.00275259
0.00733778
0.00378984
0.00586361
-0.00965345
0.000184473
-0.000799563
0.00061509
-0.000868835
0.000539621
-0.000514456
0.000836046
-0.00032159
0.000331778
0.000518096
-0.000849873
-0.000591185
0.000922964
0.000441007
-0.000255057
0.000813787
-0.000999735
-0.000987038
0.000557034
0.00107811
-0.000283342
-0.000794769
0.000200544
-0.000661648
0.000461104
0.00063358
-0.000918689
0.000285109
0.0153773
-0.0133061
-0.0209021
0.0102886
0.0106134
0.000512015
0.00027865
-0.00121426
-0.00105099
0.000581974
0.000559174
-0.000895981
0.000336807
-0.000435597
-0.000695122
0.00113072
0.0159806
-0.0044356
0.000922274
-0.000363101
-0.000799513
0.000329696
-0.000218274
-0.000598383
0.000816656
-0.000780496
0.00108331
-0.0010179
0.000582304
-0.000312401
0.000991259
-0.00071905
0.00111141
0.00102018
-0.000823931
-0.000196253
-0.000949938
0.000637537
-0.00155248
0.010749
-0.00919649
0.000444416
-0.00635194
-0.000580683
-0.00223814
0.00281883
0.000116679
0.0079331
0.0073243
-0.00720763
0.001012
-4.72258e-05
0.000573457
0.00109796
0.00012352
-0.00179494
8.83023e-05
-0.000948023
0.000175351
-0.000832184
0.000656833
-0.000770182
0.000945533
0.000791326
-0.000826389
3.50636e-05
-0.000216829
-0.00104218
0.00125901
0.000118212
-0.000816766
0.000698555
0.000341177
0.000607222
-0.00136418
-0.000114271
-0.000680179
0.000794451
-0.000826888
0.000945101
-0.000715452
0.000601181
0.00542919
-0.00414806
-0.00244653
-0.0011428
0.00358932
-3.46906e-05
-0.00426373
-0.000775296
0.000673371
-0.000860073
0.000981707
0.00077796
9.31102e-05
-0.0013207
-0.000936555
-3.27351e-05
0.000969291
0.00334602
-0.00170482
-0.00164122
0.00186555
-0.00247492
0.000609354
0.0011255
-0.000957264
-0.000168228
-0.000794351
-6.23522e-05
0.000856704
7.7961e-05
-0.00085984
0.000781879
-0.000768313
0.000747045
2.12703e-05
-0.000985032
0.000916031
6.90005e-05
-0.00113877
0.000414022
0.00072475
-0.000690351
-9.98737e-05
0.00100522
-0.000905337
-0.000844407
0.0010836
-0.00121872
-0.00080795
0.00105094
0.00117157
-0.00141457
0.00377956
-0.000291224
-0.00348835
0.00201232
-0.00177162
-0.000240692
-0.00108304
0.000895844
0.000187194
0.00173554
0.000129992
-0.00247534
0.000170908
0.00130528
0.00182162
-0.00215209
0.000901975
0.00020822
-0.000931745
0.000790016
0.000425094
-0.0012151
-0.000163209
-0.00076553
-0.000347121
-0.000505112
0.000852235
-0.001152
0.00070634
0.000445658
0.00109925
-0.000471096
-0.000628155
0.00015821
0.000886
-0.00104421
-0.0013726
0.00341224
-0.00203964
0.00066846
0.000430791
0.000968781
-0.000810572
-0.000776577
0.00135063
0.000442971
0.000674954
-0.00111792
0.00107066
-0.000627687
-0.000709144
0.000874188
0.000985453
-0.00122243
-0.000744169
0.000850542
0.000264016
-0.000982193
-0.000132364
-0.000407433
-0.000744568
-0.0016623
0.000783046
0.00087925
0.000769047
-0.000912393
0.000419871
-0.00144662
0.00102675
-0.000898702
0.000808018
9.07014e-05
0.000140498
0.000658875
-0.000799372
-0.000459162
-0.00120313
-0.000656052
-0.00115545
0.00181147
-0.000733373
-0.000235861
-0.000546498
0.000782356
0.000970105
-0.000903919
2.16221e-05
0.00120386
-0.00144432
-4.6511e-05
0.000286962
0.000621753
-0.000691552
-0.000559091
0.000809343
-0.00025025
0.000184515
0.000794093
-0.000978574
-0.000713436
-0.000115682
0.000829115
-0.000794953
-0.000772768
-0.0002165
0.000989255
0.000811424
-0.0015842
-0.000682868
0.00091627
-0.000662283
-0.00128456
0.00194684
0.000736685
7.47244e-05
-0.00263642
3.95451e-05
0.00259694
-0.00209257
0.00164285
0.000449703
0.00103783
-0.00196502
0.000927183
0.00135815
0.00114319
-0.00250131
0.000623687
-0.00141131
0.00078762
0.000997507
-0.00181019
0.000812679
-0.000753261
-0.000385512
0.00107858
-0.000664554
-0.000676607
0.000922537
0.000556537
-0.00147908
-0.000763862
0.00277619
-0.00072859
-0.00013125
-0.000140283
-0.000844748
-0.000905776
0.00190328
0.00262701
-0.000695328
-0.00193168
-0.00113436
0.000303911
0.000830454
0.000754179
-0.000684485
0.000259387
-0.00128101
0.00102162
-0.00101374
0.000999141
1.45983e-05
0.000634422
-0.00167246
0.00103803
-0.000344374
-0.000917095
-0.00251958
0.00074066
0.00177892
-0.000918398
-0.000204903
0.000357228
0.000766074
-0.000721385
-8.92595e-05
0.00066437
-0.00090448
-0.000773627
0.000321133
-0.00123953
0.00092892
1.21098e-05
0.00165525
0.000971759
-0.000284634
-0.00084973
0.000582728
-0.00055933
-0.000985003
0.000961606
-0.000270198
-0.00224938
0.000383367
-0.00145978
0.00107642
4.91359e-05
-0.00094446
0.00145863
-0.0011375
-0.0040085
3.72808e-05
0.00397122
0.00111519
-0.000725102
-0.00039009
0.00977393
0.000139223
-0.00991315
-0.00152527
0.00142387
-0.000840518
-0.000158155
0.00113153
-0.000973372
0.000995646
0.00114612
-0.00214177
0.00060708
-0.000753955
0.000146876
-0.00186374
0.00103521
0.000828527
-0.000968464
-4.22695e-05
0.00101073
-0.00158348
0.00102163
0.00074641
-0.00171487
-0.000435142
0.00208734
-0.00165219
0.0016378
-0.00207294
-0.000749207
-0.00146988
0.00221908
-0.000502528
-0.00128991
0.00179244
0.00112882
-0.000986319
-0.000142505
-0.000137996
-0.000849941
0.000987939
-0.00199647
0.00183831
0.000333176
-0.000323956
0.00102892
-0.00103814
0.000741649
0.00347814
0.00138116
-0.00485929
-0.000439358
0.000772534
-0.00190627
4.25308e-05
0.000954066
-0.00106412
0.000110057
-0.00190051
0.00166461
0.000235904
0.00123433
-0.00137232
0.0018493
-0.00148203
-0.00036727
-0.00408674
-0.00155069
0.00563743
0.00107981
-0.00200519
0.000925378
0.000783641
-0.001223
-0.000281173
0.00166084
-0.00137966
3.93767e-05
-0.000734513
0.000695136
0.000987147
9.26645e-05
-0.000663304
-0.00252836
0.00109357
0.00143479
0.000879308
-0.00140549
0.000526183
-0.000799925
0.000754563
4.53624e-05
-0.000199076
0.00107838
0.00146521
-0.00174638
-0.000721082
0.000994203
-0.000273122
-0.000704131
-0.0010963
0.00028589
0.000810411
0.0101336
-0.00862917
-0.00150439
-0.000280658
-0.00172453
-0.00141982
-0.000595419
0.00201524
0.00113392
0.00124054
-0.00237446
-0.000126427
-0.00127906
-0.0022827
-0.000273697
0.0025564
0.000536243
0.00238329
-0.00291953
-0.0012826
0.000186298
-0.00109273
0.000423634
0.0006691
-0.000135457
-0.00072922
0.000864676
-0.00151453
0.000858467
-0.000650802
-0.0012905
0.000552281
0.000738217
0.00225877
-0.000674571
0.00110474
-0.000882094
0.000802079
-1.28076e-05
-0.00097948
0.00115406
-0.00118713
-0.0010175
0.00105057
-0.000452803
-0.000732445
0.000682964
0.00178637
0.000472394
-0.0034435
-0.00416392
0.00760741
-0.0141137
0.00299813
0.0111156
0.00119605
-0.00269089
0.00149484
-0.00122393
0.000120746
0.00110319
0.00119012
5.92348e-06
0.000177392
-0.00150833
0.00133094
-0.00620842
0.00609528
0.000113106
0.00854459
-0.00730119
-0.0012434
0.00176076
0.00552284
-0.00728361
0.00222304
-0.0377556
0.0355325
0.00120861
-0.00568664
0.00447805
0.0115962
-0.0174056
0.00580944
-0.0103767
-0.0105254
-0.00126067
0.00143806
-0.0011506
-0.00195794
0.00175568
-0.000472314
0.00111124
-0.00104562
-0.00137315
0.00130753
0.00065844
0.0329172
-0.00495079
-0.0279665
-0.00320071
0.00142913
0.0017716
-0.00766162
0.00742044
0.000241192
0.000423491
-0.00127889
0.000855393
0.00067667
0.000300922
-0.000977602
-0.0023272
0.00121832
0.00110897
-0.00147849
0.000816216
-0.000714183
0.00111167
0.00148265
-0.00259432
-0.00537486
0.00916471
-0.0135609
-0.00286675
0.0164276
-0.000260449
0.00183911
-0.00157866
-0.00181505
-0.000713313
-0.000820017
0.00134205
-0.000522005
0.000810086
0.000112445
0.00287135
-0.0013264
-0.000562133
0.00188852
-0.000859252
0.00127743
0.00137192
-0.00178897
0.000561319
-0.000144292
-0.0012332
0.000965786
-0.000956513
0.00122558
-0.000966191
0.000936293
0.00566311
-0.0065994
0.00174323
-0.00239931
0.000987879
-4.39618e-05
-0.000943723
-0.00189122
-0.00337551
0.00526673
0.00172697
-0.00287466
0.0011477
-0.00195205
0.00126994
0.000682108
0.00073483
-0.00337125
0.00161329
0.00128704
-0.00290032
-0.00280368
-0.0010176
-0.00359278
0.000879572
0.00271321
-0.00205816
-0.00153462
-0.00188883
0.00101274
-0.00163471
0.00274638
-0.00165744
0.00513558
-0.00284907
-0.00115943
-0.000321513
0.0024373
-0.00211578
-0.0005763
0.00112594
-0.000549639
-0.00198312
0.00171878
-0.00389459
0.002664
0.0012306
-0.00199377
0.00231818
-0.00230752
4.77135e-05
-0.00194823
-0.0176652
0.0183051
-0.000639884
-0.00104292
-0.00653087
0.0147093
-0.00682132
-0.00788792
0.00503209
0.0117549
-0.0167869
0.0239909
0.00449159
-0.0284824
0.0043951
-0.00784487
0.00344976
-0.00684286
0.00382265
0.0030202
0.000514117
0.00178546
-0.00229899
-0.0026336
-0.00426194
0.00689553
-0.0123228
0.0190694
-0.00674664
-0.0244852
0.00185918
0.0226259
-0.0143911
-0.00949942
0.0238904
0.0166061
0.00366025
-0.0202665
0.00747035
0.00737278
-0.014843
-0.00138294
0.000893858
0.00104559
-0.000556517
-0.000815785
0.000597511
-0.000714567
-0.00190877
0.00262333
0.00231331
-0.00481985
0.00250654
-0.00122897
0.000400307
0.00082866
0.00107202
-0.000681049
-0.00103811
-0.00118031
0.000445159
-0.00186498
0.00111361
-0.00204542
0.000931815
0.000853157
0.00414236
0.00465974
-0.0088021
-0.00395212
0.00229469
-1.16246e-06
0.00214153
-0.00214036
-0.00375877
0.00279709
0.000961685
-0.0043026
0.00844496
0.000449755
0.00132795
-0.0017777
0.000519877
-0.000864639
-0.00217839
0.00337603
-0.00119764
-0.00128255
-0.0029673
0.00274152
-0.000933181
-0.00258601
0.00566458
-0.00307858
0.00114442
0.00152533
-0.00266975
-0.00338897
0.00132803
0.00206094
0.000228061
-0.000826444
-0.000143312
0.00128773
0.00125141
-0.00139473
0.000243174
0.00103215
-0.00127532
0.00119983
-0.00107908
0.000172025
0.00544634
-0.00585172
0.000233357
0.00291047
-0.000597158
0.00120879
-0.00316084
0.000243602
0.00148337
-0.000768939
-0.00210573
-0.000421395
-0.000807573
0.000964068
-0.000840298
0.00123876
-0.0018776
0.000941049
-0.000786282
0.00118659
0.0020843
0.00126172
0.00179631
-0.00182904
-0.00186994
0.000831839
0.00086596
0.000447017
-0.00113214
0.000366609
0.000765532
0.00125135
-0.000627664
-0.00180221
0.000670074
0.000537421
0.000659031
-0.00119645
-0.00153714
-0.000555439
-0.00134031
0.00269847
0.000442073
-0.00115551
0.00110016
-0.00080438
0.000587874
-0.000898081
-0.00249089
0.00105246
-0.00484352
0.00379105
0.0038573
-0.00108544
-0.00277187
0.000743728
-0.0035928
0.00288297
0.000974329
0.00175247
-0.00393086
-0.00726324
0.00305516
0.00420809
-0.00200821
0.00150568
-7.08125e-05
0.00231727
-0.00224645
-0.000644956
-0.00329347
0.00393842
0.00226606
-0.00226723
-0.00233314
0.00226233
0.00217167
-0.0001757
-0.00199597
-0.00398025
-0.00699306
0.0109733
0.0025906
-0.000755034
-0.00183556
0.00159087
6.99695e-05
0.00302281
-0.00200322
-0.00101959
-0.00118881
-0.00109389
0.000826408
-0.00220607
-0.00522508
0.00391956
0.00130552
0.0301253
0.00547493
-0.0356002
-0.000868534
0.00310011
-0.00223158
-0.00227314
-0.00200702
0.00428015
0.00128782
-0.00329869
0.00201087
-0.0266253
0.0122342
0.00844209
-0.0132879
-0.0194373
0.00177209
0.0127051
-0.0222912
0.00958617
-0.0165081
0.005738
0.0107701
0.00223117
-0.00309971
0.00246874
-0.00474188
0.00747155
-0.0058647
-0.00160686
-0.0256733
0.00498738
0.0206858
-0.0132842
-0.0123891
-0.017704
-0.00892135
-0.00856306
0.0386884
-0.00231772
0.00256304
-0.000245314
-0.00231873
0.000684023
0.00337977
-0.00402472
0.00148086
-0.00477433
-0.00146506
0.00592584
-0.00446078
0.00234855
-0.00435557
-0.00639704
-0.00102729
0.00742433
-0.00221141
0.00525751
-0.00304611
-0.00263719
-0.00298453
0.00562172
-0.00461776
0.000362679
0.00425508
0.00256649
-0.00520368
-0.00665506
0.00651272
0.000142334
0.000452627
-0.00576868
0.00531606
-0.00681061
0.0022131
0.00715034
-0.00936344
0.00456072
-0.00602578
0.0037121
-0.00669663
0.000485105
-0.000103742
-0.00113015
-0.000232336
0.000509003
0.00030023
-0.00146807
0.000591736
0.000759692
0.000355173
-0.00118227
0.000301309
0.000484342
-0.00127246
0.000536127
-0.00137865
0.000405939
-0.0024204
-0.0010376
0.00048255
0.00148635
-0.0013561
-0.0013008
-0.000643401
0.000593791
0.00163314
-0.00165149
-0.00133623
-0.000126736
0.000377556
-0.00111168
0.00123138
-0.00139011
0.000936041
-0.00148248
5.85115e-05
0.000585305
-0.000921664
0.000286243
5.01166e-05
0.000260128
0.000750889
-0.00151123
0.000854299
-0.000832358
-0.000779553
0.000723901
0.000331976
0.000528493
-0.00137301
0.0008844
0.00228826
-0.00187746
-0.00166708
0.00058888
-0.00121931
0.000213764
0.000888243
0.000991458
-0.00161957
0.0019618
-0.00125033
-0.00181479
0.000763505
-0.0012209
-2.36504e-05
-0.000270156
0.00152155
-0.000808633
-0.000442757
0.00194935
-0.00173382
-0.00144125
-0.00132158
8.00553e-05
0.00121767
-0.00180921
-0.0006558
0.000430806
-0.00120747
0.000312009
-0.000744246
0.000723853
0.000915471
-0.00141353
2.13337e-05
-0.000837138
-0.000686831
0.000820718
0.00100517
-0.00151121
0.000108092
0.00155761
-0.00157796
-0.00103773
0.000772189
-0.000110816
-0.00114207
-0.000528925
0.000755714
-0.000896076
0.000790248
-0.000512108
0.00049114
0.000453727
-0.00139658
0.000536865
0.000805716
-0.00134988
-0.00169378
0.000334873
0.000515802
0.000437973
-0.00042948
-0.00239398
0.000396023
-0.00136008
-0.000444824
0.000154874
0.000667458
-0.00130603
0.00023845
-0.00127555
0.000547216
0.00253401
-0.00198349
-0.0017645
-0.00118294
-0.000361504
0.000852927
0.00134879
-0.00178139
-0.000657218
0.00116518
-0.000566997
-0.00185006
0.00144604
-0.000306677
-0.00169855
0.000646844
-0.00147435
0.000221224
-0.00170653
0.000939839
0.000544076
6.76245e-06
-0.00176549
0.000553871
0.00374577
-0.00253415
0.00139313
-0.0029043
-0.00162636
-0.00126582
0.000801059
0.00094614
-0.00188697
-0.00025248
0.000439668
-0.00128572
-0.000164862
0.000939547
-0.00129131
-0.000684018
0.000552602
0.000670284
0.000242272
-0.00138288
5.09542e-05
-0.00138999
0.000789232
-0.000377984
-0.000947145
0.00061383
0.000878411
-0.000196554
-0.0011716
0.00028781
-0.000652488
-0.00066737
0.000388837
-0.000469675
0.00133987
-0.000691598
-0.0017636
-0.000687707
0.000636925
0.00184933
-0.00143026
-0.0015915
-0.00128985
0.000826483
0.000958018
-0.000600053
-0.00168525
0.000640095
0.000514226
-0.000615445
-0.00262313
-0.000564202
-0.000916743
0.000711029
0.000945677
-0.00167583
-0.000445502
3.03334e-05
-0.00137234
0.00013339
0.000470274
-0.00116874
0.000796783
0.0010833
-0.00174272
-0.000456132
0.000877655
0.000859873
0.000722637
-0.00150223
0.000803067
-0.00100952
-0.000470301
-0.00112039
0.000656525
-0.00201404
0.00138341
0.00127748
0.000696763
0.00230733
-0.00276958
0.000827406
0.000387798
0.000662017
-0.00167487
0.000625055
0.000157902
0.000939578
-0.00159678
0.000637477
-0.00172786
-0.000164881
-0.00138635
0.000570992
0.0019366
-0.00162821
-0.0017407
0.000519444
-0.00142188
-0.00142904
-8.96573e-05
0.000246702
0.000731151
-0.00156551
-0.00161167
0.000650249
-0.00116756
-0.00155557
-0.000524881
-0.00251963
-0.000355161
-0.00361971
-0.0014861
0.000283721
-0.000738321
-0.00155483
0.0024194
-0.00186555
-0.00181737
-0.00100017
-0.00289491
-0.000943601
-0.000230889
0.00103485
-0.00027559
-0.00185209
-0.00102486
0.000589745
0.0016748
-0.00183234
-0.00108862
-0.00146382
0.000801214
0.00162488
-0.00302984
-0.00137562
0.00521325
-0.0063169
-0.00531583
0.00134285
-0.000561887
-0.00192458
0.00111201
-0.00205814
-0.00222779
0.000881475
-0.00105306
0.000380482
0.000281916
-0.00160074
0.000777893
-0.000834567
0.00098761
-0.00131942
-0.000609422
0.000696795
0.000986863
-0.00100786
-0.00320595
0.00170325
-0.000977111
-0.00180822
0.000773687
0.000971195
-0.00152611
0.000972652
0.000635065
-0.00158226
-0.00030241
0.000764447
-0.00103183
4.97956e-05
-0.00193246
0.000582507
-0.00109568
0.000533022
-0.00121224
-0.00106483
0.000356029
0.00106096
-0.000643996
-0.00163631
0.00227785
-0.00202414
-0.0028723
-0.00148849
0.000561594
0.00118603
-0.000532446
-0.00182493
-0.0015605
0.000989235
-0.00170469
-0.00161073
-0.00167468
0.000542242
0.00180689
-0.00182035
-0.00125096
0.00160347
-0.00108259
-0.00162315
0.00103371
-0.000494609
-0.00168851
-0.00162238
0.00159166
-0.000718616
0.000956091
-0.00167851
-4.71288e-05
0.00168512
-0.00116375
-0.00357497
0.00253804
-0.00270294
-0.00234515
-0.000339222
0.000396398
-0.000577188
0.000591598
0.000506279
-0.00112448
-0.000611283
0.000395307
0.000842289
-0.00152515
0.00136704
-0.000896259
0.000716435
0.00142178
-0.00186439
-0.000798132
-0.000468919
-0.00148453
-0.00178093
-0.00102102
4.54723e-05
0.00106509
0.00101836
-0.00243716
0.000353712
-0.00106994
0.000693987
0.00141664
-0.00170744
0.000242328
4.84759e-05
-0.00166333
-0.000473522
0.00125148
-0.000794751
-0.00163926
0.00185848
-0.00185101
0.00168337
-0.00138471
-0.00146611
-0.000607336
0.00462248
-0.00108114
-0.002934
-0.000836659
0.000364609
-0.000905616
0.000668265
0.00205921
-0.00182053
-0.00297192
0.00112534
-0.00163336
-0.00283263
0.00032256
0.000781094
0.00112616
-0.0015361
0.000865763
-0.0012468
-0.000914069
0.00168704
-0.00203411
-0.00282787
0.000620003
-0.00138898
0.000515241
-0.000977039
0.00126072
-0.00467952
-0.00290727
-0.000226846
-0.000136441
0.00114061
-0.00105782
-0.00120139
0.00105989
-0.00255621
-0.00103587
-0.000755449
0.000801681
-0.000696718
-0.000447746
-9.50206e-05
-0.00127635
0.000678399
-0.00143914
0.000668031
0.000996849
0.000703494
-0.0018652
-0.000178
0.000730635
-0.000545983
-0.00148937
-3.6897e-05
-0.00217377
-0.000192419
0.000885825
-0.00241146
-0.000947156
0.000160243
-0.00173047
-0.000917792
-0.00221854
0.000147755
-0.000833653
-0.00245423
-0.000374153
-0.00275887
0.000236151
-0.000808564
-0.0017225
0.000248376
-0.00158244
-0.00176389
-0.00105246
0.00482872
-0.00201237
-0.00263204
-0.0018375
-0.000571159
-0.003577
-0.000274841
0.000266519
0.00379391
-0.00366499
-0.00338147
-0.00277234
-0.000661027
0.00209607
-0.00238391
-0.00254041
-0.00170902
-0.00158072
-0.000659374
-0.00222455
0.00278287
-0.00298773
-0.0025467
-0.000424663
-0.000565545
0.00262773
-0.00309201
-0.0021257
0.00115908
-0.00284565
-0.00190999
0.00158352
-0.000948341
-0.00340044
0.00146445
-0.00164202
-0.00259121
0.00273742
-0.00284706
-0.00270954
-0.00319325
0.000284374
-0.00355808
0.00640926
-0.00953872
0.00668755
-0.0024814
-0.00198652
-0.000394791
-0.00154142
0.00386071
-0.00154559
-0.000969716
-0.00118875
-0.00172842
-0.000278479
-0.00407749
-0.00228704
-0.00260713
-0.00168212
-0.00126357
-0.00402788
-0.000405615
-2.55173e-05
-0.00221088
-0.0014954
-0.000416276
0.00364387
-0.0040403
-0.00414553
0.00327713
-0.00454266
-0.00437745
-0.00190413
-0.000342261
9.70343e-05
0.00139594
-0.00664734
-0.00986336
-0.00272431
-5.68423e-05
0.00268641
-0.00422823
-0.00440568
0.00295424
-0.0054438
-0.00394941
-0.00112485
0.000493401
-0.00173745
-0.00275663
-0.0018514
-0.000191069
-0.00324729
-0.00368059
-0.00232939
-0.00172066
-0.00302048
-0.00071774
-0.00239125
-0.00466835
0.00509154
-0.00687301
-0.00459009
-0.00169659
-0.00415244
-0.00127903
9.25214e-05
-0.00301781
-0.00221154
0.00431326
-0.00486152
-0.0051881
-0.00293074
-0.000631164
-0.0011339
0.00276056
-0.00520989
-0.00395205
-0.00534569
-0.000368171
-0.00529191
-0.00550304
0.00544357
-0.00582078
-0.00515184
0.00322151
-0.00707353
-0.0022391
0.00609113
-0.00318657
-0.00428989
-0.00176918
-0.00357922
-0.00452675
-0.00375464
-0.00661809
-0.00207107
-0.0019085
-0.00493909
-0.00214874
-0.00220058
-0.00243645
-0.00398202
-0.00235643
-0.000199745
-0.0010053
-0.00246505
-0.00479514
-0.000786082
-0.00585406
-0.00722545
-0.00550634
-0.00523225
-0.00374341
-0.00271806
-0.00132524
-0.00392911
-0.00454661
-0.00165282
-0.00686886
-0.00567156
-0.00297324
-0.00553321
-0.00157441
0.00722185
-0.00744237
-0.00872883
0.00269336
-0.0058842
-0.00671857
-0.00208385
-0.00617249
-0.00456925
-0.00524155
-0.00336673
-0.00203963
-0.00696297
-0.00503517
-0.00222832
-0.0027191
-0.00322204
-0.00378225
-0.00285582
-0.00606506
-0.000544319
0.00126203
-0.00747688
0.00675917
0.00124405
-0.00037572
0.00381086
-0.00474483
0.000933981
-0.0136031
0.00184294
-0.016195
0.0179895
-0.00179446
0.000836931
-0.000836923
0.00659544
-0.00659543
0.00840446
-0.0245994
-0.00200383
0.00636998
-0.00436615
0.00398449
-0.00598831
-0.00169362
-0.00495515
0.00664878
-0.00125858
0.00591526
-0.00465666
-0.00816611
0.00816613
-0.00120781
0.00754033
-0.00633249
-0.00255965
0.00184322
0.000716484
-0.000814698
-0.00646565
0.00728037
-0.000408636
0.00732533
-0.00691669
-0.00853764
0.00853765
-0.000275918
-0.00232443
0.00260057
4.78065e-16
-0.00013786
0.00923358
-0.0090957
0.0078809
-0.00801874
-0.00996596
0.00504141
0.00492455
-0.00481538
0.0033533
0.00146204
-0.00378836
0.00351246
0.00490761
-0.00495886
5.12291e-05
-0.00819746
0.00819747
-0.00562266
0.00562266
-0.00342936
0.00342937
-0.00311243
0.00500098
-0.00188855
0.00398937
-0.00398938
-0.00844788
0.00844787
-0.00585722
0.00585721
-0.00523202
0.00523199
-0.00279949
0.00248187
0.000317618
0.00494495
0.000488349
-0.00543332
-0.005627
0.00745349
-0.0102744
-0.00835528
0.00835527
0.00376406
0.000956713
-0.0047208
-0.00374241
0.0037424
0.00412822
-0.000647471
-0.00348083
-0.000232324
0.00714409
-0.00691178
0.00610025
-0.00633258
0.00574707
-0.00574707
0.00154294
-0.00320853
0.00166557
-0.0010424
0.00104241
-0.00504767
0.0050477
-0.00236559
0.00236561
-0.000105424
-0.00554016
0.00564557
0.00610397
-0.00610398
0.0107155
-0.00736049
0.00509286
-0.000274857
0.00443929
-0.0041644
0.00446502
0.00238552
-0.00685048
0.00913241
0.00158309
0.00647993
-0.000600803
-0.00551576
-0.00513304
0.00452586
0.000607177
-0.00771934
-0.000654576
0.00145833
0.00691561
-0.0157632
0.00216015
0.00111326
0.00555094
0.00239021
-0.00682791
0.00252752
-0.0023815
0.00403191
-0.0040319
0.00131652
0.000664982
-0.00198146
0.0023793
-0.0023793
0.00357682
0.000148413
-0.00372522
-0.00281932
0.002901
-8.16709e-05
-0.00190106
-0.00174117
0.00364224
0.0039591
-0.00126219
-0.00269696
0.00279899
-0.00245697
-0.000342092
-0.00204815
0.00150822
0.000539903
0.00168805
0.00227103
0.00763028
6.40634e-05
0.00541934
0.0011761
-0.00181127
2.42795e-05
-0.0105761
0.012363
-1.78891e-05
0.00725
-0.0143599
0.00172198
-0.00536189
0.00708636
-0.00172449
-0.00671019
-0.00102704
0.00377482
-0.00583233
0.00205751
-0.0240549
0.00423389
0.0198209
0.00486602
-0.00121452
-0.0073487
-0.0167063
0.0137221
0.00308307
0.00556667
0.00780346
-0.00780348
-0.00748479
0.00304954
0.0106725
-0.0205468
0.00446272
-0.00431755
0.0204015
0.0159103
-0.00631856
-0.00563845
0.00503765
-0.0038778
0.00360296
0.00452854
-0.00457459
0.000493026
-0.000446987
-0.00806969
0.00731433
0.000755349
-0.00725425
0.00725426
-0.00104166
0.00562762
-0.00458596
0.00272551
-0.00272548
-0.00410738
0.0037833
0.000324163
0.00244265
-0.000879023
-0.000517396
-0.00104615
-0.00665626
0.00665626
0.00237646
-0.00648381
-0.00373795
-0.000701047
0.00443904
-0.0010939
0.00556494
-0.00447104
0.00407565
-0.00516954
-0.000938505
0.00485801
-0.0039195
-0.00488853
0.00488853
-0.00287328
0.00287326
0.00167068
-0.0047281
0.00305742
0.00490216
-0.00323147
0.00794837
0.00140918
-0.00935753
0.00431198
-0.00431196
0.00185726
-0.00316467
-0.00342069
-0.00308138
0.00365542
0.00469072
-0.00301529
0.000476766
0.00307993
-0.000904888
-0.00263404
0.00256838
6.56021e-05
-0.0048182
0.000506263
-0.00238885
0.00385343
0.00352779
-0.00195033
-0.00157744
0.000467242
0.00501831
-0.00501827
-0.00688658
0.00936706
0.00770511
-0.00712215
0.0047003
-0.00528326
0.00661958
-0.0041435
0.000159575
-0.00289496
0.00447837
-0.00158331
-0.00289491
-0.00583876
0.00397403
0.00186471
0.00262803
-0.00526683
0.00263881
0.00392304
-0.00232172
0.00378704
-0.0002438
-0.00589435
0.00241556
0.00372263
0.00143968
-0.00251256
0.000812551
0.0077432
-0.00855575
0.00839927
-0.000903928
-0.00749535
-0.00297414
0.000154827
-0.00422649
0.0043581
-0.000131668
0.00795155
-0.00795155
-0.000192142
0.00504632
-0.0048542
0.00113823
0.0023544
-0.00349259
0.00482978
-0.00493522
0.00275728
-0.00444816
0.00169086
-0.00120193
-0.000840946
0.00204288
0.00365903
-0.00291991
-0.000739107
-0.00293821
0.00293823
-0.00193447
0.00307272
-0.0161712
0.000398159
-0.014149
0.0123879
0.00215928
0.014115
-0.0120257
0.00767008
0.000133363
0.000530228
0.0118303
-9.08579e-05
0.00195435
0.0122514
0.000112972
0.00506933
-0.00518231
-0.00025281
0.00527542
-0.00502263
-0.00679601
0.00558821
-0.00582892
0.00607757
-0.000248639
0.0061361
-0.00709835
0.00663121
-0.00566895
-0.00886152
0.00842317
0.000438349
0.00583251
-0.00534164
-0.000490865
-0.0061361
0.00592716
-0.00386131
0.00407025
-0.00465032
0.00550255
-0.000852226
-0.00694512
0.00647505
0.000470075
-0.000426677
0.00409348
-0.0036668
0.00315594
0.00203467
-0.00519061
0.00801974
-0.00801975
-0.000279672
0.00581673
-0.00553708
-0.00766349
0.00766348
0.00451432
0.00102447
-0.00553879
-0.00241411
-0.00727033
0.000930289
0.0132637
-0.0111109
0.000429439
-0.00761694
0.00539296
0.00179447
-0.00646993
0.000689927
0.00577999
0.00609349
-0.00628564
-0.00145049
0.00284552
-0.00264489
-0.00394004
-0.00103201
-0.00165862
0.00144158
0.0042261
-0.00566774
0.00754763
0.00176164
0.00193893
-0.00370059
-0.00188648
0.00364812
0.00318913
0.00171665
-0.00490576
-0.00518338
0.0041724
0.00101094
-0.0013858
0.00414307
0.00724748
-0.010274
0.00181607
0.00121042
-0.00498132
0.00498133
0.00167576
-0.0028365
0.00563425
-0.00279776
0.00754691
0.00887853
0.00498351
-0.00342097
-0.00156254
-0.00492785
0.0077535
-0.00282565
0.0042441
-0.00550267
0.00281099
0.00354999
-0.00636098
-0.00282812
0.00329766
-0.000469497
0.00666926
-0.00268477
-0.00550462
-0.000687113
0.00619177
0.00573184
-0.00148772
0.00277511
-0.00450026
0.00172512
-0.00122561
0.00402459
-0.00571441
-0.000337518
0.00605194
7.25638e-05
-0.00439035
0.00306555
0.00125225
-0.00235128
0.00137349
0.000977791
0.00114022
-0.00336845
0.00222823
-0.0123481
0.00756551
0.00478271
-0.00260312
0.00570424
-0.0192865
0.0022597
0.0170269
0.00518508
-0.00212765
0.004135
-0.00517665
-0.017817
-0.00146947
0.0032396
-0.00584272
2.41041e-05
-0.00382831
0.00380422
0.00388544
-0.00528735
0.00140193
0.00589682
0.00304988
-0.00847944
0.00781227
0.00542858
-0.00129358
0.000508962
-0.00077083
0.00657689
-0.0157442
0.0140505
0.00169381
0.00515941
-0.00302087
-0.00213852
0.00116108
0.00291135
-0.0028587
-0.00121373
-0.00350361
-0.00273372
0.00536177
-0.000864454
0.0024772
-0.00161279
-0.0108212
-0.00492281
-0.00529962
0.0045341
0.000765515
0.00223622
-0.00184544
-0.000390761
-0.000604505
-0.000611655
0.00671189
0.00449366
0.000384717
-0.0048784
-0.00244103
0.00333386
-0.000892844
0.00525842
-0.000428649
-0.00460635
0.00526976
-0.000663458
0.00114407
-0.000265594
-0.000878583
0.00317681
-0.00392756
0.000750762
0.00436753
-1.78741e-05
-0.00434967
-0.000586022
0.0125479
-0.0118813
-8.05324e-05
-0.00453741
0.0018037
0.00303523
-0.00485364
0.00181846
0.00533983
-0.00145438
-0.00731526
-0.00204223
-0.00570973
0.00310973
0.00260001
0.0033772
0.0025055
-0.00588268
-0.000489018
0.00421185
-0.00372278
-0.000841802
-0.0072279
0.000369236
0.00137373
-0.00174301
-0.00198171
-0.00118101
0.00316274
0.00774458
-0.00946412
0.00171948
0.00205469
-0.0124974
0.00414156
-0.00534446
0.00120289
-0.00400144
-0.00106533
0.00506677
0.000312429
0.00961623
-0.00319522
-0.0067335
0.00195364
-0.00407109
0.00211744
0.00254331
-0.00164203
-0.000901305
0.00335734
0.000619149
-0.00397652
-0.000986147
-0.00155155
0.00253769
-0.0103916
0.00790371
0.00248785
-0.0315912
0.00231889
0.0292724
0.00306517
0.00261256
-0.00517233
-0.00210762
0.00727993
0.00679998
-0.00398898
-0.00132001
-0.00344752
0.00476753
-0.00400397
0.00544552
0.00713389
-0.00624835
-0.000885594
0.0042711
-0.00349023
-0.000780921
-0.000109024
0.00337419
-0.0032652
-0.00679659
0.00431091
-6.06539e-05
0.00254623
6.94991e-05
0.00390844
-0.00397799
0.00434058
-0.00444112
0.00562319
-0.00118211
0.000337284
0.027553
0.00536423
0.00631932
-0.0010737
-0.00524559
0.00154909
0.0033793
-0.00492838
-0.00104115
-0.00670256
0.00774372
-0.00224869
-0.00150885
0.00375752
0.00502145
-0.00429053
-0.000730963
-0.00287455
0.000905161
0.00196939
0.000493926
-0.00625964
0.00576573
0.0010817
-0.00220857
0.00112684
-0.000557567
-0.00231702
-0.00368752
0.00250005
0.00118743
0.00373946
-0.002913
-0.000826428
-0.00607505
-0.000133396
-0.00526778
0.000826638
-0.00811443
0.00318657
0.00153067
-0.00689259
-0.028144
-0.00344721
-0.00608067
0.00476066
0.00301685
-0.00646437
-0.00484999
0.00554072
-0.000690736
-0.00696631
0.00179397
-0.00169773
0.00716504
-0.00546728
-0.000475057
0.00533781
-0.00486276
-0.00377797
0.00284724
0.000930706
0.0031068
-0.0012235
-0.00188334
-0.00020133
0.000899176
-0.000697711
0.00302496
-0.00145723
-0.0015678
0.000649909
0.00224339
-0.00289331
-0.00902425
0.00860174
0.000422638
-0.00337353
0.00238746
0.00449114
-0.00136356
-0.0031276
-0.00108253
-0.000234805
0.00131723
-0.000212899
0.00458042
0.00106113
6.49748e-06
-0.00106766
0.00354615
-0.00285431
-0.00069187
0.00159444
-0.00247768
0.000883174
0.000433272
-0.00375367
0.00332037
-0.00161754
-0.0245772
0.0261946
-0.00166415
0.00665266
-0.00498855
0.00497898
0.00180702
-0.006786
0.00160195
-0.0405208
0.0339681
-0.00722093
0.00796846
-0.00074756
-0.00771969
0.000498736
-0.00122644
-0.00066251
0.00188894
-0.000646913
-0.000149993
0.000796918
-0.00255389
0.00132745
0.00104842
0.000453279
-0.00150166
-0.00725146
0.00776557
-0.00716649
0.00264078
0.0045257
0.00357778
-0.00368683
-0.00215184
-0.00203923
0.00419106
0.000147615
0.00090077
0.00246114
-0.004613
0.00114301
0.00351265
-0.00465562
-7.46226e-05
-0.00124768
0.00132233
9.00403e-05
0.000178209
-0.000268015
-0.000755584
-0.00180399
0.00424234
-0.00307717
-0.00116516
0.00254238
-0.00567858
0.00313618
0.0010139
0.000506146
-0.00152009
-0.000733108
0.00174699
-0.00984401
0.000819854
0.000473353
-0.00113593
-0.00120561
-0.00111511
0.00232071
0.003765
0.00193925
-0.00469741
0.00472152
0.00162684
-0.000565732
0.00341723
-0.00337308
-4.4097e-05
-0.00251548
0.00125616
0.00125939
0.00822363
-0.000663153
-0.00756047
0.0027272
-0.00207731
-0.0124025
0.0176037
-0.00520074
-0.00118045
-0.000308101
0.00148856
0.000853548
-0.00179604
0.000942444
-0.00115897
0.00201251
-0.00093314
0.00358097
-0.00264784
0.00164899
0.00189714
0.00380799
-0.0036377
-0.000170244
0.00242058
-0.00331605
-0.00182994
0.00282602
-0.00279873
0.00180268
-0.0033324
0.00232597
0.00100653
0.000812467
-0.00199289
-0.00223318
0.00175827
0.000474929
-0.000247188
-0.000399728
-0.00403878
-0.00121667
0.00525542
0.00541396
-0.00420736
-0.00120662
-0.00544343
0.00140463
0.00141211
0.000308767
-0.00172082
0.00611771
-0.0033606
-0.00275713
0.00369514
-0.00515642
0.00146125
-0.000570027
0.00666528
-0.00526984
0.00404451
0.00122531
-0.000512974
0.00531542
-0.00480244
-0.006319
0.00246446
0.00385456
0.0400907
-0.00729226
-0.0327985
0.0010725
0.00118494
-0.00225738
-0.00650651
0.00533882
0.00116766
-0.00676604
0.00510189
0.0364247
-0.00151875
-0.034906
0.00494531
-0.00638188
0.00143656
0.0380267
0.00281027
0.00493165
-0.00774192
-0.00177584
-0.000754792
0.00253053
-0.00132403
0.00197658
-0.000652582
-0.00568355
0.00526377
0.000419754
0.00362651
0.00249119
0.00361749
0.00196399
-0.0055815
0.00117096
-0.00232993
0.00831211
-0.000704891
-0.00760722
0.000885925
0.000843838
-0.00172971
-0.0008814
0.000610855
0.0002706
0.00588742
-0.00617344
0.000286029
0.00149863
-0.00188854
0.000389933
0.00456735
-0.00243025
-0.00213712
-0.00418451
0.00491429
-0.00072976
0.0073652
-0.00234219
0.00155747
-0.00574197
-0.00441826
0.00284055
0.0015777
-0.00226708
-0.000377922
0.00264503
-0.00248867
-0.00192958
-0.00236738
0.000100329
-0.000363433
0.0021292
-0.00176575
-0.00188704
0.00169489
0.000192139
-0.00243963
0.000562281
0.00187736
-0.0155422
0.00313993
0.0038785
-0.00704069
0.00316218
-0.0037639
0.00815899
0.00369975
0.00440836
-0.00810812
0.007355
-0.00347651
0.00318957
0.00491675
-0.00810633
-0.0046213
-0.00222159
-0.00318872
-0.00385197
-0.00125191
0.00213787
0.000681927
0.00473202
-0.00460655
0.00682022
-0.00221369
0.0036631
-0.00124249
-0.00336294
0.00239178
0.000971202
-0.000155652
-0.00320727
-0.00203363
-0.00114771
0.00318133
-0.00234398
-0.000624216
0.00296821
0.00466331
-0.00705625
0.00239294
0.00104741
-0.00271829
0.00167094
0.00258112
-0.000189325
-0.00155796
0.00301566
-0.0014577
-0.00270296
0.000359004
-0.00198502
-6.55354e-05
0.0020505
-0.00324712
0.00054417
0.0061505
-0.00651842
0.000367908
-0.00350675
0.00018614
0.0033206
0.00289663
-0.0044546
-0.00060377
-0.00483967
-0.00601166
0.00433366
0.00167799
0.00753338
-0.00177987
-0.00575353
0.000615985
-0.00603872
0.00542273
-0.00482676
0.00234883
0.00247793
-0.00503453
0.014965
0.0189567
-0.028887
0.00540969
-0.00156179
-0.00384792
-0.00178088
-0.00444916
0.00623002
-0.00518769
-0.000823985
-0.0070644
0.00528351
-0.00164174
0.00733444
-0.00569273
-0.00243371
0.00832112
0.00183033
0.0361963
0.00238745
0.00217986
0.00450012
-0.00762951
0.0031294
-0.00368908
0.00200436
0.00168473
-0.00675346
0.00192964
0.0048238
-0.00135469
-0.00539878
-0.000435263
-0.00702481
0.00746005
-0.00170376
-0.00488486
0.0065886
0.00746882
-0.00553919
0.00764046
-0.00266148
-0.00508419
0.00827375
0.00254032
0.000681467
-0.00322177
-0.00249125
0.00176749
0.000723752
-0.00433593
-0.00101071
0.00534664
0.00653162
-0.00472461
-0.00216418
-0.00192196
0.00408614
-7.15104e-05
-0.0024197
-0.00114876
-0.00247279
0.00240128
-0.000731178
-0.00484303
0.0055742
0.00510529
-0.00583647
-0.00296426
0.00792193
-0.00495768
-0.00726481
0.00556104
0.00102972
0.00637358
-0.00740332
-0.000980116
0.00732377
-0.00634366
0.000943641
0.00607277
-0.00701641
0.0049927
-0.00401733
-0.000975373
0.00648839
-0.00554475
-0.00180862
-0.00334085
0.00514947
0.00489108
-0.00669971
0.00238606
-0.00572691
0.00234741
0.00260234
-0.00494974
0.00616545
-0.00308506
-0.0030804
-0.00659242
0.000826852
0.00576557
0.00034145
0.00534342
-0.00568488
0.00158368
-0.00374786
-6.81964e-06
-0.0043291
0.000912076
0.00408063
-0.00215726
0.00347349
-0.00441199
-0.000876137
0.000876206
-0.00177742
0.000726534
-0.00580063
0.00580063
0.00513434
-0.00166084
0.00296956
0.00237028
-0.00316578
-0.00254394
-0.0015762
-0.00124062
-0.00035881
0.0024383
-0.00150631
0.00527075
-0.0035493
0.000662576
0.00470296
-0.00181609
-0.00524301
0.000784695
-0.00362599
0.00268077
0.00173
0.000930629
0.00159325
-0.00221125
0.0050953
-0.0147278
0.00930314
-0.000505189
0.00370723
-0.00561299
-0.000622676
0.00209729
0.00693087
-0.00121026
-0.00634321
-0.00756477
-0.000699741
-0.00489451
-0.00114167
-0.0149561
0.00426808
0.010688
-0.00487159
0.00487159
0.0167474
-0.00856107
0.000226636
0.00909311
-0.00835303
-0.000740089
0.00909311
-0.00363328
-0.0108671
-0.000476171
0.0149765
8.13214e-05
-0.00916335
-0.000521401
-8.85281e-05
-0.0178357
0.00433657
0.0134991
-0.00361714
-0.0142186
-7.02456e-05
-0.0098951
-3.46959e-05
-0.000210356
0.00527582
0.00697952
-0.00232555
-0.000242758
0.00668606
0.00163863
-0.00832469
0.0066632
0.000316317
0.00666387
0.00126923
-0.00584699
0.00566473
0.00105797
0.00477115
0.00510319
-0.00465877
0.00102478
0.00275476
-0.00511859
0.00267206
0.00190078
0.0016383
-0.0021131
0.000892333
-0.00270252
0.000876166
-0.0011608
0.000706969
0.00212829
-0.00270898
0.000966095
-0.00184876
-0.000134774
0.00087871
0.00110482
-0.000625423
-9.68614e-05
0.00073099
-0.001591
0.00100735
-0.000147334
0.000880022
-0.00136079
0.00105381
-0.0011033
4.94925e-05
0.000776478
6.36775e-05
0.000934396
-0.00102215
8.77498e-05
0.00710398
0.0106957
-0.00814562
0.00863245
-0.000458979
-0.00817344
-0.00380461
-0.00131398
-0.0019255
-0.00515426
0.00387582
-0.000684692
0.00116782
-0.00152978
-1.24721e-05
-0.00134607
0.00171267
-0.000577902
0.000411621
0.00146101
0.000954
-0.00109428
3.89627e-05
0.000966254
0.000896308
-0.000204195
-0.000692112
-0.000505743
0.00119972
-0.000693982
0.000745605
0.000887216
-0.00101387
0.00320135
0.00167365
-0.00487499
-0.00329771
0.00433968
0.00346859
-0.000267217
-0.00106419
0.00210203
-0.000752895
0.00129031
0.000510987
0.000645205
-0.0011562
-0.00015449
-0.00065346
0.000741818
0.00239952
-0.00239977
-0.00522322
0.0025683
0.00191686
0.00186705
-0.00229851
3.84597e-05
-0.00106172
0.00102328
0.000772918
0.000720327
-0.00149324
0.000811379
0.00761387
-0.00452062
-0.00309329
0.00441824
-0.00441827
-0.000267664
-0.00140208
0.00102027
-3.23503e-05
0.00263514
-0.00466508
0.00202987
-0.00108708
0.00147481
-0.000387737
-0.000294643
0.00107411
-0.000895155
0.000737198
-0.000515142
-0.000808819
0.000563633
0.000534715
0.00109384
-0.00103908
0.000799997
-7.12274e-06
-0.00146207
-0.000942959
-0.00121188
0.000895197
0.000850879
-0.000992442
-0.000797966
0.000938465
-0.000917196
-0.000488913
0.00140611
0.00604473
-0.00616556
-0.000888377
0.00246028
0.00131857
0.000752575
-0.00207146
-0.000620033
0.00193846
-0.00103783
0.00105463
0.000135492
0.000102438
-0.000616128
0.00051369
-0.000504882
0.000721305
-0.00051202
0.000614458
-0.000497807
0.000865108
-0.00162869
-0.00111432
-0.00816273
-0.00780294
-0.00857582
-0.0122685
-0.00607297
-0.00683187
0.00115443
-0.00161733
-0.00246641
-0.00505758
-0.00501226
-0.000935741
-0.000516473
-0.00221676
-0.00360213
-0.00538899
-0.00479609
-0.00392354
-0.00181758
-0.00181204
-0.00190629
-3.25064e-05
-0.000859782
0.000892288
0.000946183
-0.00097869
-0.000109413
-0.00103185
0.00134436
-0.000203097
-0.00336473
-0.00389038
-0.00128735
0.000361709
0.00298245
0.00197185
-0.00495456
0.000295795
0.000163037
-0.00187403
0.0014152
-0.000411755
-0.000826555
0.00123831
-0.00112896
0.000717203
0.000935953
-0.0007268
-0.000209154
-0.000596049
8.40288e-05
-0.00787993
-0.00627435
0.00025108
-0.00467687
-0.00429017
-0.00424011
-0.000797205
0.000572086
-0.00274799
-0.00545857
-0.00195812
-0.00286447
-0.000363987
-0.00158586
-0.0001972
-0.00130671
-0.00272263
0.000224782
-0.00279199
-0.00291555
-0.00282566
-0.0015979
-0.000669942
-0.00265067
-0.00351578
-0.00129658
-0.000125943
-0.0015721
-0.000761335
-0.000992828
9.50554e-05
-0.00393297
-0.000938629
-0.00542498
0.00338654
0.00203844
0.0042128
-0.0115593
-0.00975979
-0.00519639
-0.00418448
0.00418446
-2.29376e-05
-0.00102301
0.000251497
0.00307095
-0.00736406
-0.000871615
0.00516482
-0.000770111
0.000770248
-0.00293473
0.00260787
0.00194427
-0.00271434
-0.0107634
0.00411016
0.00665329
0.00394591
-0.00223332
-0.000527471
0.00276082
-0.00160095
0.000572051
-0.00705484
-0.00273617
0.00444178
0.000343352
0.0035427
-0.00297432
0.000910592
-0.000652713
0.00119614
0.00357324
-0.00411651
-0.00337365
0.00358147
0.000702821
0.00633695
-0.00421291
-0.00639436
0.00910524
0.00337644
0.00423729
-0.00494971
0.00540697
-0.000457624
0.00621657
-0.000594362
-0.00562218
0.00659625
-0.00361539
-0.0029812
0.0016465
-0.000940458
-0.000809073
0.000889748
-5.05161e-05
-0.000673527
0.000724042
-7.20305e-05
0.00116164
-0.00108961
0.000760825
-0.00512419
0.00699452
-0.00187043
-0.00332838
0.00208301
0.00124536
-0.0027566
0.00204204
0.00826764
-0.00854442
0.00027681
0.00822635
0.000406121
0.000488384
-0.00381676
-0.000165005
-0.00178893
0.00240106
-0.00356049
-0.00255474
-0.00226511
-0.00350721
0.00242178
0.00423155
-0.00317909
-0.00197122
0.00325904
0.000798335
-0.00118857
0.00130569
-0.00195689
0.00180125
-0.00273443
-0.000811589
0.000297133
-0.00151219
0.000401546
0.00106278
-0.000613998
0.000820091
0.000689015
-0.00103439
0.00171224
-0.00800083
0.00628868
0.000174692
0.00426336
-0.00443787
0.00670199
-0.00287795
-0.00382393
-0.00462506
0.00573523
-0.00111004
-0.00678207
0.00215704
-0.00698625
0.00305778
0.00392852
0.000917592
0.00201278
-0.00293017
0.00707698
0.000465842
-0.00754279
-0.000194861
0.00727189
-0.000826622
0.000835635
-9.54054e-06
0.00411107
-0.00331931
-0.00161848
0.000710475
-0.000128501
7.70561e-05
-0.00410487
0.00686555
-0.00276072
0.00665928
-0.00798838
0.00132906
-9.80995e-05
0.00105747
0.00202303
-0.00408293
0.00398478
0.00846864
-0.00020095
0.00261904
-0.00106466
0.00772389
-0.00273207
0.00273208
0.00121801
0.00625484
-0.00625484
-0.00056645
0.00292087
0.00364723
-0.00242922
-0.00717631
0.0071763
-0.000986526
-0.00346166
0.00384368
-0.00359275
0.000131238
0.00210499
0.00345244
-0.00384726
-0.00212057
0.0025154
-0.00450615
6.15258e-05
-0.000750108
0.000128502
0.000621514
-0.000576706
0.000583125
0.00570286
-0.00678568
-0.00411743
-0.00038873
-0.00687373
0.00726888
-0.000395148
0.00463591
0.00120962
-0.00014268
-8.27196e-05
-0.00066747
-0.00453089
-0.000768724
0.000965683
-0.00549658
-0.000623975
0.00728292
-0.000821555
-0.00630059
0.00502297
0.00138798
-0.00641092
-0.00373878
-0.00143785
0.00726685
-0.00889347
-0.00660396
-0.000714986
0.00731895
-0.00292666
0.0060364
-0.00729641
0.0062051
-0.00575083
-0.000492362
0.00624319
0.00530395
-0.00624657
-0.00188995
0.00469195
-0.000944751
0.00624876
-0.00121836
0.000273555
-0.00539251
-0.00105376
0.00629782
0.000148478
-0.00219486
0.00475871
-0.00474507
0.0080462
-0.00989298
0.00569118
0.000169484
0.00218552
-0.00485963
0.00593745
0.00394868
-0.00441567
0.00534228
0.00524997
-0.000116148
-0.00513383
-0.00179787
0.00263341
-0.000835564
-0.00249059
0.00249058
-0.00203928
0.00280173
-0.000762436
0.00718685
-0.0010487
-0.00613812
0.00320391
-0.00359514
0.000391214
-0.00131184
0.00451592
0.00308702
-0.00308701
-0.00176984
0.00176978
0.00172626
-0.00172633
-0.00274095
-0.00295028
0.00569117
0.000737176
-0.000737253
-0.00239851
0.000510655
0.00188779
-0.00263288
0.00386404
-0.00123113
-0.00158141
0.00124414
-0.00215332
0.00235116
-0.00165847
0.00271108
-0.0017021
-0.00100891
1.83257e-15
-0.000552749
-0.00195984
0.00251257
-0.00167325
-0.000496195
0.00216935
-0.000688071
-0.0015715
0.00225948
0.00064259
-0.000642816
0.00169548
-0.00302659
0.00133102
-0.00155205
-0.000550632
0.00210263
-0.00293032
0.00221591
0.000714405
0.0011752
-0.00341022
0.00223499
0.00306052
-0.00306052
-0.00191787
0.00309302
-0.00399921
0.00136636
0.0021918
-0.00219177
-0.00585056
0.00128459
0.00456597
0.00227972
0.000423131
-0.00270291
-0.000881037
0.00291218
-0.00147504
0.00147503
0.002072
0.000763996
-0.00283599
-0.00382864
0.0038156
1.3051e-05
0.00193623
0.000865188
-0.00280142
-0.00026865
-0.00382102
0.00408969
0.00263074
-0.00217157
0.0013684
-0.00182757
0.00182368
0.000807055
0.00214309
-0.00214309
-0.0024569
0.00396259
0.000637391
-0.00182033
0.00182033
0.00233263
0.000873916
-0.00320656
0.00146874
0.0003076
-0.00177636
0.0014523
0.000254954
-0.00170728
0.00133581
-0.000937893
-0.000397974
0.00170505
-0.00025276
-0.00145049
0.00205277
-0.000602298
-0.00197217
0.000521658
-0.0011779
0.00117785
0.00316548
0.00172386
-0.00488933
0.00629936
-0.00346164
-0.00283772
-0.00278938
0.00278939
-0.00459296
0.00459295
0.000171003
-0.00477739
0.00554669
-0.00537571
0.0042107
-0.00103388
1.46633e-05
0.00430455
-0.00431921
0.00234322
-0.00249284
0.000149601
-0.000165875
0.00250905
4.50293e-05
-0.00430172
0.00425667
0.000401934
0.00380876
0.000408747
-0.000408672
0.000331369
-0.000331337
-0.00159124
0.00176018
-0.00174574
0.000691429
0.00105435
-0.00183013
0.00180641
2.37277e-05
-0.000378356
-0.00145177
-0.00194891
0.00194891
-0.00114884
0.00323272
-0.00208388
0.0017739
-0.000413769
-0.00330905
-0.00490521
0.00495024
-0.00012204
0.00185833
0.00171615
0.00178013
0.00194151
-0.00385275
0.00385275
-0.00160128
0.00234035
-0.00073908
-0.00133318
0.00244124
-0.00110806
-0.000348593
-0.0055459
0.00589449
0.000566798
-0.00216809
-0.000892614
0.00116399
-0.0014721
0.00211147
-0.000517045
0.0088147
-0.00953054
0.000715835
0.00385522
-0.00434423
0.00578058
-0.00240336
0.00774732
-0.00715603
-0.000591296
-0.00121782
-0.00076389
-0.00184138
-0.000674064
0.000780056
0.0081936
-0.00897365
0.00289492
-0.0053065
0.00241159
0.00480317
-0.00163832
0.000654571
-0.00502665
0.00437207
-0.00568086
-6.99706e-05
-0.00144088
0.00144087
0.0015209
0.00177554
-0.00152253
0.00523951
-0.0010663
-0.00417321
-0.00695301
0.000349053
-0.00346682
-0.0041594
0.00762623
-0.00356255
0.00318682
0.000375725
0.00435377
-0.000559477
-0.00379428
-0.00314621
-0.00285402
0.00600023
0.00739802
-0.00224958
-0.00392337
-0.000441358
0.00436475
0.00189873
-0.00310335
0.00120454
-0.00138537
-0.000639416
0.00202477
0.00178956
-0.00305573
0.0012661
-5.04972e-05
-0.00220098
0.00225145
-0.00186645
0.0018663
-0.00244552
0.00244546
-0.00431901
0.00150352
0.00281546
0.00433837
0.00284839
-0.00417172
-0.000952489
-0.000416514
-1.92462e-05
0.000435734
-0.00709385
0.00838437
-0.00129051
0.00297218
0.00294475
-0.00591693
-0.00640189
0.00451067
0.00930253
0.00243801
-0.00666275
0.00439037
-0.00421834
0.000682067
-0.00272133
-0.00219212
0.00219212
0.00417455
-0.00144967
-0.00223102
0.00223103
-0.00406667
0.00379802
-0.00492245
0.00430064
0.000621813
0.00157377
-0.00426713
0.00269341
0.00289427
-0.00289428
0.000443747
-0.00151259
0.00106881
-0.000235439
-0.00326735
0.00350281
-0.000831697
0.00336944
-0.00253776
0.00281677
-0.00270299
-0.000113797
-0.00210404
0.00318446
-0.00203625
0.00410884
-0.00207264
0.00257679
-0.00404094
0.00146413
0.0035942
-0.00118148
0.00346119
-0.00348409
0.00725989
-0.00377579
0.000892702
-0.00157132
0.000678572
0.00335616
-0.00335616
-0.0043363
0.00340898
0.000927317
-0.00388284
6.18308e-05
-0.0129872
-0.00112656
0.0112928
0.0022324
-0.0137355
0.00192969
0.00833563
-0.0103356
0.00802533
-0.0114649
0.00343951
-0.0009595
0.00898483
0.00822145
0.00419703
-2.26701e-05
-0.00417435
-0.000918892
0.00285513
-0.000551961
-0.00343507
0.00398702
-0.00400502
0.00400502
0.00737312
0.00211075
-0.0095724
-0.000318665
-0.0111462
0.00359975
-0.0165869
-0.00198166
0.00241953
-0.00289477
-7.29872e-06
-0.00382133
-0.0093777
0.00226538
0.00719363
0.0185087
-0.0042792
-0.0142295
-0.0057936
-0.00333152
0.00912511
0.00534575
-0.00739982
0.00205406
0.00250838
0.00697944
-0.00926119
-0.0225637
0.0081665
0.0143971
-0.00332179
-0.00707385
-0.00517888
-0.00357806
0.00875694
-0.0136406
0.00860998
0.00170243
0.00332816
0.00564526
-0.00789846
0.00225319
-0.00330903
0.00102952
0.00227952
-0.000652919
0.00298556
-0.00590234
-0.00444927
-0.00375044
0.0081997
0.00475399
0.00250731
-0.00726131
0.00383164
-0.00359041
-0.000241229
0.00430239
-0.00773996
0.00341462
0.00767955
0.00599382
0.00278567
0.00411299
-0.00689867
0.00308472
-0.000455544
-0.00262917
0.00319425
-0.00534223
0.00214799
0.00446579
-0.00737499
0.00316069
-0.00598278
0.0179251
-0.00692488
-0.00501742
0.00325444
-0.000537105
-0.00271736
0.00189421
0.00335931
-0.00487406
0.00989387
-0.0202706
-0.00198887
-0.00433414
0.00632301
0.00462027
-0.00374906
0.00311955
-0.000390034
-0.00272953
-0.0046546
0.000899856
0.00375477
-0.00177491
0.00134356
0.0135871
-0.0149307
0.00312895
-0.00116443
-0.00196454
-0.000948732
-0.00570277
0.005407
0.00029581
0.00170515
0.00770662
0.00834851
-0.0160551
-0.00593169
0.0011667
0.000312244
0.00215229
-0.00112848
-0.00102383
0.000330723
0.00100506
-0.00321634
0.00316115
0.00153136
-0.00147618
-0.00240871
0.00108054
0.00123057
9.75629e-05
-0.00643797
0.0180343
-0.00198942
-0.00104955
0.00361108
8.17792e-05
-0.00300796
0.00153405
0.00139213
0.00369368
0.00116897
-0.00486264
0.00325021
-0.00509346
0.00184327
-0.00671493
0.00413123
0.00258372
0.0010656
-0.000608095
-0.00264568
0.0032538
0.00061489
-0.00440421
0.00413272
0.00196214
-0.00572602
0.00367435
0.00320859
-0.00688295
-0.00200866
0.00246148
-0.00182301
0.00137024
0.00366115
-0.00510603
0.00271071
-0.00126582
0.00778254
-0.00850988
0.000727348
-0.000394657
-0.00561143
0.00600609
-0.00330506
0.00312378
0.000181276
0.00294486
-0.00210131
-0.000843577
-0.00231443
9.69858e-05
0.00221744
0.00546716
0.000270886
-0.00573806
0.00463019
-0.000276348
-0.00435384
-0.00737768
-0.00017573
0.00755341
0.000394192
-0.00369925
0.00380898
0.00338643
-0.0071954
-3.19818e-05
-0.00353056
-0.0068294
0.00334531
-0.00529045
0.00214424
0.00472085
-0.00553412
0.000813268
-0.0036364
-0.0038453
0.00748169
0.00377114
-0.0061492
0.00237807
-0.00263339
0.00588361
0.00612529
-0.00289528
-0.00323002
0.0013174
-0.00223918
0.000921763
0.00423075
-0.00463392
0.000403181
0.00461371
0.000442592
-0.0050563
0.00473947
-0.000125755
-0.00187341
-0.000354541
0.00222793
0.00377215
-0.0076047
0.00383254
0.00156248
-1.70454e-05
0.00315762
0.00254093
-0.000279331
-0.00226157
-0.0149694
0.00218804
0.0127813
-0.00534717
0.00878667
-0.00659412
-0.00285962
0.00945373
0.00156339
-0.0165327
-0.00683342
0.00221565
-0.00957089
0.00297676
0.00505434
-0.00764035
0.00433822
-0.00397555
-0.00531075
-0.0031268
0.00843754
0.000171541
-0.00258027
-0.00128104
0.00522195
-0.00394094
0.0089555
-0.00665285
-0.00230265
-0.00484199
0.00577828
0.00353554
-0.00574694
0.00660465
0.00235084
-0.000264427
-0.00396845
0.00423287
0.00423904
-0.00391543
-0.000323618
0.000819666
-0.000817874
-1.89969e-06
-0.000385151
0.000350375
3.45879e-05
-0.00314916
0.000318288
0.00283083
-0.00395579
0.00377374
0.000182059
-0.00561127
-0.000313954
0.00592521
-0.00273963
0.00352735
-0.000787722
-0.0040101
0.000298578
0.00371152
-0.00178117
0.00239382
-0.000612595
-0.00475256
0.000581658
0.00417092
-0.00411539
0.00614549
-0.00203007
-0.00450653
-0.000477987
0.00498449
-0.00387258
0.00540904
-0.00153647
0.00498472
0.00133994
-0.00632468
-0.000852754
0.00106261
-0.00020986
0.00539048
0.00160401
-0.000900918
4.81645e-05
-0.000137764
-0.00106028
4.48817e-05
-0.00162673
0.00230352
0.0021533
-0.003607
0.00546348
-0.00185653
0.00170634
-0.00387013
0.00216381
-0.00842196
0.00132811
-0.00631129
0.000600164
0.00571117
-0.00359118
0.00410517
-0.000513968
0.000845506
-0.00507376
0.00422826
0.000337533
0.00349412
-0.00269681
0.00366503
-0.000968227
-0.00045929
0.00362825
-0.00316895
-0.000478577
0.00311384
-0.00263525
-0.00910737
0.00331376
-0.00461273
-0.00361707
0.00822979
0.00376976
-0.00649021
0.00550611
0.00409851
0.00391355
-0.00801208
0.0035947
-0.00877359
0.00277837
0.00423348
-0.00701186
0.0030562
-0.00710178
0.00404557
0.00375677
0.00389606
-0.00765284
-0.00640724
-0.0161565
-0.00349552
-0.000660902
0.00415643
-0.00109052
0.00403339
-0.00294286
0.0038573
0.00158784
-0.00544515
0.00412363
-0.00270421
-0.00141939
-0.00458604
0.00107412
0.00187073
-0.000693259
0.00234223
0.00476815
-0.00411357
0.00402051
0.00123618
-0.00525665
0.00752891
0.00087036
0.00176396
-0.00296957
-0.00188077
-0.00314588
-0.000122093
0.00536161
-0.00189635
0.00570437
0.00756414
-0.00822553
0.000661381
0.00661717
-0.00639373
-0.000223435
0.00206654
-0.00573369
0.00366717
-0.00205637
0.00502156
-0.00296519
-0.000396942
0.00199515
0.000513242
-0.00145943
0.00457051
-0.00311105
-0.00761069
-0.000761854
0.00837253
-0.000632683
-0.00160049
-0.00282078
0.000428316
0.00239241
0.00127839
0.000210163
0.00668467
-0.000128373
-0.0065563
0.000760979
0.00470618
-0.00844883
0.000838151
-0.00712885
0.00710859
2.02303e-05
-0.00414467
0.00490565
-0.00752946
-0.000489138
0.00801859
0.00207599
0.00107616
-0.0014997
-0.00165247
-0.00734145
0.00743027
-8.88385e-05
9.09582e-05
-0.000260724
-0.00256008
-0.000249724
-0.00687913
-0.00758411
-0.00068485
0.00826895
-0.00383037
0.00356964
-0.00041308
-0.00297563
0.00338867
-0.000757126
-0.00274965
0.00572801
0.00095666
0.000482144
-0.0078236
0.0027748
-0.00589797
0.00312317
-0.00143303
0.00545354
0.000379037
-0.00712567
0.00674661
0.00599715
-0.00561812
0.0014452
-0.00347884
0.00743999
0.000307327
0.00126484
-0.00309475
0.000184567
0.00157371
0.00346252
0.00415906
-0.00762154
-0.00666098
0.00291478
0.00374621
0.00787963
-0.00397461
-0.00390505
-0.00636178
0.00437292
-0.0135715
0.014915
0.0040961
-0.00243776
-0.00165829
0.00278287
-0.00383003
0.0010472
0.0045858
-0.0109828
-0.00213061
-0.00309447
0.00220941
-0.00295862
-0.00631516
-0.00188928
0.00820442
0.000839487
-0.0054242
0.00458472
-0.00689145
-0.00058357
0.00747501
0.000975592
-0.00786703
-0.000505853
-0.00580541
0.00547319
0.00105111
-0.00586338
-0.000660865
-0.00199544
0.000705528
-0.00310783
-0.00630379
0.00199272
-0.00266245
-0.00274639
-0.00262639
-0.00140116
0.00104421
-0.00108648
0.000933406
-0.000299826
0.000792232
-0.000772805
0.00113498
-0.000693973
-0.00154536
-0.00523664
0.000620401
-0.00296012
0.00233992
-0.0032231
0.00386621
-0.000643113
0.00363241
-0.00358361
-4.87788e-05
0.00038954
-0.00493475
0.00454524
0.00175853
-0.00639172
0.00463321
0.00492915
-0.00123546
-0.00413944
0.00315649
0.000982967
-0.00307737
-0.00106204
-0.00477657
0.00120622
0.00357033
0.00664456
-0.0022945
-0.00435006
-0.00345295
0.00462192
0.00232277
0.00248279
-0.00480555
0.00256473
-0.00669008
0.00412538
0.000559849
0.00453846
-0.0050983
-0.0025878
0.00491058
0.00517707
-0.00269428
0.00496892
0.000518594
-0.0054875
0.00528951
-0.00472966
-0.00608813
-0.00244269
0.0085308
0.0116197
-0.00943165
0.000435679
-0.00221616
0.00178054
-0.00859729
0.00250914
0.00153623
-0.00177367
0.000237386
0.00379621
0.000531009
-0.00432722
-0.00394142
0.00803993
-0.00845737
0.0031466
-0.0202528
0.00136437
0.0188884
-0.000874352
0.00513515
-0.0042608
-0.00364066
-0.00339732
0.00703795
-0.00819577
0.00358303
-0.00108607
0.00501954
-0.00393345
0.00099519
-0.021248
-0.00349947
0.00491836
-0.00141888
-0.00316758
0.00693876
-0.00314437
0.0047556
-0.00161121
-0.00189107
-0.0045876
0.00647866
-0.00294284
0.00449898
-0.00155614
-0.000951425
0.00125364
-0.000302319
0.00388733
-0.00722043
0.00333312
-0.00310666
0.0036801
-0.000573435
-0.00632433
0.00294418
0.00338017
-0.00743236
0.00379596
0.00686458
0.00318008
-0.00658213
-0.0037386
0.00762593
0.000149379
-0.00562456
0.0054752
0.00446591
-0.00635699
-0.00124598
0.00404971
-0.00280375
0.00103791
-0.00618898
0.0051511
-0.00215546
0.00338714
-0.00123171
0.00538855
-0.00523917
0.00345608
-0.00649568
0.0030396
-5.16351e-05
-0.000790895
0.000842404
-0.00290099
0.00260237
0.000298593
-0.00447158
0.00623011
0.00718713
-0.00351278
0.0125025
0.00390771
-0.00787518
0.00396748
-0.00417722
-0.00421778
0.00839502
-0.00385143
0.00344265
-0.00405207
0.00372819
0.000323885
0.00395507
-0.00691534
0.00296029
0.0072148
-0.00325973
0.00328143
0.00348173
-0.00676317
-0.00422051
0.00678525
-0.00738088
-0.00044699
0.00782785
-0.00818065
0.000651181
0.00434773
-0.00461216
0.00527764
-0.00464162
-0.000636018
0.000293747
-0.00485012
0.00455636
0.0012845
0.00412146
-0.00540595
0.00469471
-0.00517936
0.000484644
0.00421539
0.00225304
-0.00646846
0.0051418
-0.00408217
-0.00110553
0.0033495
0.000189203
-0.00353871
0.00186603
0.000646342
-0.00251241
0.00177741
8.86008e-05
-0.000177973
0.00210869
-0.00193074
-0.00121301
0.00228711
-0.00814787
0.00397065
0.00354
-0.00678785
0.00324787
0.00259231
-0.00569898
0.00302642
-0.00723362
0.00420724
0.00214308
-0.00633857
0.00419551
0.00436948
0.000318987
-0.00468848
-0.00424175
-0.00266339
0.0069051
-0.00486938
0.00528344
-0.000414072
0.00486883
-0.00663302
0.00176415
-0.00224939
0.00224585
3.50354e-06
-6.38226e-05
-0.00398825
-0.00543076
0.000561362
0.00540236
-0.000118945
0.00150181
0.00378991
-0.00529172
-0.00696045
-0.00231826
0.00927868
-0.00522226
0.00697593
-0.0017537
0.0011087
0.00534716
-0.00645585
0.00023952
-0.00248892
-0.00295209
0.0028838
6.82876e-05
0.00113711
-0.00583166
0.00469455
-0.00399083
0.00613392
0.000575041
-0.00542587
0.00485083
0.000704969
0.004784
-0.00548896
0.00163223
0.000411317
-0.0020436
0.0027154
0.00139997
-0.00411536
-0.00479966
0.00593677
0.00362797
0.000145756
-0.00377373
-0.00147555
-0.000936552
0.00241202
-0.00147745
0.00419285
0.00327637
-0.00518948
0.00191312
0.00596501
-0.00475641
-0.00197871
0.00242952
-0.000450824
-0.00669068
0.00405708
-0.0217118
0.00272943
0.0189822
-0.00377584
0.0059778
-0.00220194
0.00540829
-0.00470332
0.00584795
-0.00106395
-0.00512839
0.0054072
-0.000278781
-0.00215405
0.00681274
-0.00465871
0.000932909
-0.000312248
-0.000934273
-0.000450163
0.00138463
-0.00511632
0.00395083
0.00116554
-0.00271655
0.000384976
0.00233172
0.00166587
0.0034003
-0.00322748
-0.00183861
-0.00124881
0.00548625
-0.00423744
-0.00161314
0.00551442
-0.00390127
-0.00509522
0.00142335
0.00367188
-0.00397584
0.00537574
-0.0013999
-0.00400136
0.00147116
0.00253023
-0.00309148
0.00449147
-0.00164407
0.00526297
-0.0036189
-0.00195795
0.00523432
-0.00317406
-0.00389263
0.00706667
-0.00336933
0.00515079
-0.00178145
0.00319226
-0.00517356
0.00198131
0.00204488
-0.00634887
0.00430399
-0.00701826
0.0038442
-0.00261154
-0.00310799
0.00571951
0.00408628
-0.0054506
0.00136431
0.00225871
-0.0053646
0.00310589
0.00267952
-0.0028575
0.00199794
0.00583021
-0.00782816
-0.00382338
0.00614172
-0.00231834
-0.00228499
0.0036546
0.00253277
-0.00618738
-0.00288269
-0.0034472
0.00632987
-0.00310961
-0.00367579
0.00678538
0.00755384
0.000669791
0.000728006
0.00816996
-0.000570553
-0.0075994
0.00241609
-0.00115122
-0.00681875
-0.000332448
0.00715121
-0.000876128
-0.00594262
-0.00784949
0.00755862
0.000290885
0.00787007
-0.000254454
-0.0076156
-0.00375043
0.00333735
0.00741261
0.000757337
0.00241609
-0.00586846
0.00345236
-0.00470738
0.00670531
0.000584542
0.00719051
-0.00777507
-0.00723828
-0.000362087
0.00760035
0.00724221
-0.00482613
0.00668012
-0.000849914
-8.89288e-05
-0.00380096
0.00388989
-0.00258615
0.00484487
0.000370877
0.00554652
-0.00591741
-0.00720789
0.00746335
-0.000255479
-0.00594853
0.00855137
-0.00260285
-0.00716905
0.00334568
-0.0038677
0.00763984
-0.00774109
0.000533196
0.000691463
0.00380276
-0.00449422
-0.00697595
-0.000393468
0.0073694
-0.00711486
-0.000626238
0.00302525
-0.00311418
0.00112948
0.0067406
-0.00222632
-0.00374795
0.00597426
-0.00362127
-0.00404267
0.00766394
-0.00329883
0.00796214
-0.00698739
0.00334671
0.00204912
0.00342409
-0.000962891
-0.00199719
-0.00113494
0.00359849
-0.00246348
0.00179807
-0.00326795
-0.00150763
0.00303765
-0.00152997
0.00048313
-0.000654745
0.000171615
0.00629262
-0.00533099
-0.000961627
-0.0017651
0.00343096
-0.00513787
0.00406866
0.00106923
-0.000111406
-0.00260513
0.00503017
-0.00187367
-0.00697387
0.00297663
0.00399723
-0.0002816
0.0027473
-0.00246575
-0.00353071
0.000377461
0.00315323
-0.0119127
0.00525761
0.00356373
-0.00249454
-0.00106917
0.00297903
0.00117754
-0.00415658
-0.00342749
0.00263496
-0.00173985
0.00253236
-0.00228778
-0.00381783
0.00610559
-0.00335541
0.00689542
-0.000432777
-0.000212169
0.000644974
-0.000833294
-0.00499449
0.0058278
-0.00323212
-0.00258549
0.00581761
-0.00396676
-0.000172289
0.00413903
-0.00151118
-0.003772
0.00528318
0.00374035
-0.00782688
0.00408653
-0.00253407
-0.00415149
0.00668557
-0.00321521
-0.00413572
0.00735092
0.00434215
0.00346709
-0.00478399
-0.0077113
0.00409003
-0.00404106
0.00778141
-0.00176733
-0.0038905
0.00565782
-0.00394466
0.00280974
0.00216425
0.00243665
-0.00460089
0.00388311
-0.00610944
0.0045028
-0.000597284
-0.00390554
-0.00568758
0.00392024
0.00164878
-0.00593896
0.00429017
-0.00635997
0.00101861
-0.00765565
0.00663703
0.00382108
-0.00510213
-0.00406841
0.00509128
-0.00102289
0.00066413
-0.00476719
0.00410304
-0.0038877
-0.004232
0.00811971
0.00317215
-0.00712769
0.00395554
0.000452102
-0.00441888
-0.000591845
-0.00402428
0.00461614
-0.00380149
0.00708293
0.00360568
-0.00125826
-0.00371072
0.00688286
-0.000338734
-0.0037013
0.00403999
-0.00137245
-0.00356805
0.00494049
0.00567103
-0.00145566
-0.00409647
0.00468563
-0.000589183
0.000154169
-0.00310625
-0.00185449
-0.00272815
0.00458264
-0.00498668
0.00736725
-0.00238059
0.00430941
-0.00544476
0.00113532
0.000371992
0.00331177
-0.00368377
0.000432567
-0.00241128
0.000436817
0.00264562
-0.00308243
0.000183128
0.00134661
-0.00152984
-0.00176771
0.00339883
-0.00163114
0.0023124
-0.00405535
0.00174296
0.0029352
-0.00464786
0.00171266
0.00306978
-0.00505025
0.00198046
-0.00151326
0.00444845
-0.00839795
0.00257572
0.00582222
0.00832664
-0.00271322
-0.00561343
-0.00181164
0.00488143
0.00206415
-0.00468334
0.00261919
-0.00195468
0.00514693
0.00105479
0.0024879
-0.00354264
0.000902554
-0.00499905
-0.00109494
0.00407393
0.00714797
-0.0157382
0.00859018
-0.00537142
0.00375828
-0.00337835
0.00520546
-0.0018271
-0.00158218
0.00263704
-0.00361716
-0.000928886
0.00454607
-0.00177452
0.00529415
-0.00351963
-0.00503255
0.00309214
0.00194042
-0.00072029
0.00182788
-0.00110752
-0.00398471
0.00564025
-0.00165557
-0.00540926
0.00134083
-0.00156426
0.00344893
-0.00188463
0.00239162
-0.00395588
0.00327635
-0.00361509
0.00482009
-0.00415598
0.00389523
-0.00448709
0.000948024
0.0029686
-0.00391664
-0.00280607
0.00375408
0.00305517
-0.00442763
-0.000992249
-0.0020096
0.00300188
0.00532801
-0.00382621
-0.00304525
-0.00112263
0.0041679
-0.00166488
0.0054548
0.0035983
-0.00511212
0.00151384
-0.00101483
0.00296288
-0.001948
0.00293722
-0.00449501
0.0015578
0.00192537
-0.00468661
0.00276122
0.0044702
-0.00254481
-0.00321603
-0.00176098
0.00497702
-0.00185832
-0.00145966
0.00331801
-0.00164975
-0.00226406
0.00391382
0.00199577
-0.00376348
0.000285065
-0.00088128
0.000596286
-0.00139751
-0.000405897
0.00180334
0.0074335
-0.00351173
-0.00392179
-0.00696466
0.00373254
-0.00317012
-0.00522783
0.00376959
0.00279907
-0.00656868
-0.00842292
0.0035476
0.00487531
-0.00248598
0.00739123
-0.00490526
0.00141654
-0.00319772
-0.0020718
0.000674287
0.00300772
0.00130965
-0.00431735
0.00210837
-0.00282862
0.00776887
-0.000473991
-0.00729489
-0.00470211
-0.00118976
0.00589187
-0.00434859
0.00130335
0.0019929
-0.00091156
0.00384879
0.00137357
-0.00323188
-0.00736365
0.00337893
-0.00498535
-0.00343758
0.00391288
-0.000806704
0.00305344
0.00163363
0.00642333
-0.00164917
0.0060432
0.00111198
-0.00328852
-0.0012797
0.00127968
0.00925939
0.00611793
-0.00219724
0.00615867
-0.00396145
0.00675768
-0.00120609
-0.00174653
-0.0028977
0.00464423
0.00203067
-0.00119378
0.00281181
-0.00455834
-0.00581374
0.00537593
0.000437811
-0.000161077
-0.00241255
0.00257365
0.00342173
-0.00800689
-0.00141656
0.00758818
-0.00617162
0.00595343
-0.00144997
-0.0065489
0.00513234
-0.00152225
0.00152219
-0.0110693
0.00525553
-0.000407123
-0.00316174
0.00308743
0.000481451
0.00532047
-0.00532045
-0.00238696
0.00519877
0.00107391
0.00330631
-0.000980783
-0.00613984
0.00613985
0.00157931
0.00355627
0.000636431
-0.000514522
-0.000772711
-0.000400253
-0.000708332
0.00110858
0.000910825
-0.00296898
0.00112133
-0.000828604
-0.00029273
-0.000655362
0.00178928
-0.00156371
0.000281107
0.000508419
0.00108095
-0.003466
0.00546369
-0.00141802
-0.00404567
-0.00576652
0.00576654
-0.00352214
0.00214954
-0.00283767
0.00146503
0.00137264
0.00065324
-0.00173927
0.00108602
0.00095141
-0.000757752
-0.000193659
0.000722732
-0.00129594
0.000815953
0.000397673
0.000672983
0.000690272
-0.000788522
0.000766102
-0.000150697
-0.00103663
-0.00103145
0.00082264
-0.000682667
0.000750668
-0.00114405
0.000301188
0.000909371
0.000905152
6.36279e-05
-7.672e-05
-0.000995497
0.000421881
0.000650337
-0.000224376
-0.00239166
-3.29352e-05
0.00141116
0.00299832
0.00282049
-0.000348212
0.00480546
0.00191345
-0.00191362
-0.000202003
-0.00430453
-0.00205819
-0.000268974
0.00170814
-8.71588e-05
-0.00162096
0.00112275
-0.000702881
-8.18261e-05
-0.0114909
-0.00210862
0.00368308
0.00023377
-6.2699e-06
0.00360696
0.00507023
-0.00867721
-0.0115282
0.00893744
0.00224893
4.86988e-06
-0.0116014
0.00381148
0.00779479
-0.00738002
0.010987
0.0093782
-0.0102696
0.00809268
-0.0094631
-0.00926583
0.00753201
0.00821331
-0.00854597
0.00113863
0.000996971
-0.000818778
-0.000178193
0.000852957
-0.00105919
0.000886028
0.000110943
0.000856396
0.000135579
-0.00067289
0.000859188
0.000969161
-0.00365867
0.00501638
-0.00178099
-0.00184522
0.00273755
0.00251602
-0.00382782
-0.00225538
0.00364543
0.000953196
0.00246768
-0.00342097
-0.00343483
0.00295681
-0.00113343
0.00611814
0.00333864
0.00237264
-0.00571131
0.00461972
-0.0049679
-0.0013507
0.00214218
-0.00191079
0.00111917
-4.98713e-05
3.00939e-05
0.00139368
-0.0013739
-0.00120017
0.00106508
0.000135096
-0.00142988
-0.0019361
0.000618175
0.00168541
-0.00126025
-0.000174423
0.000667584
-0.00834054
0.0101949
-0.0018543
0.00359728
-0.00354198
-5.5303e-05
-0.00119978
-0.000885075
0.000210669
-0.000935794
-0.0013443
-0.00266954
0.000853235
-0.000695628
-0.000466083
0.000391345
0.000308275
-0.00123938
-0.00404825
0.00173054
0.000366242
-0.000180966
-0.000868932
0.00168647
0.000485202
-0.000230112
0.0019489
-0.000990469
0.000628918
-0.0010447
0.000920877
0.000791553
-0.0016198
7.12285e-05
0.00123058
-0.000234929
-0.00586106
0.00174568
0.000791218
-0.00193154
-0.001111
0.00135172
0.0074522
-0.00123556
0.00358887
0.0038634
-0.00104541
-0.00201644
0.00777396
-0.00535095
-0.00242291
-0.0081178
0.00386536
0.0042525
-0.00893235
0.00081457
4.77273e-05
0.0103771
-0.000926996
-0.00949778
-0.00225074
-0.000393716
0.00264446
0.00259473
-0.00357338
0.000699429
0.000279339
0.000907503
0.00168731
0.000683674
0.00787597
0.00235896
-0.0102349
-0.00707303
-0.00185929
-0.00795581
0.00865282
-0.000696997
-0.00165339
0.00355947
-0.00190605
0.00276344
-0.00441681
0.00302921
-0.0041065
0.00107728
-0.00133904
-0.00241972
-0.00262972
-0.00126487
-0.00301749
-0.00103076
0.0033988
0.00685585
-0.0102546
0.00179302
0.0100973
-0.00777843
-0.00231888
-0.00142303
-0.00250788
0.00393098
0.00842485
0.00167246
0.00848424
0.000477669
-0.0089619
0.000983725
-0.000983715
0.00197567
-0.00197567
-0.00279692
0.00184939
0.00216311
-0.00121559
0.00375439
-0.00373536
-1.90274e-05
0.00112968
0.00204604
-0.000916366
-0.00184482
0.00338266
-0.00153785
0.00244117
0.00131322
-0.00278628
0.00211673
0.000669536
0.00494325
-0.00494324
0.00112061
-0.00185063
0.00073004
-0.00361491
-0.000173444
0.0017773
-0.00402597
0.00768372
-0.00198075
-0.00570298
0.00551184
-0.00551183
-0.00530851
0.00530851
-0.00740365
0.00740365
0.00868991
-0.00868991
6.27792e-05
0.0019116
-0.00197439
-0.00623755
0.000447256
-0.00331676
0.00286951
-0.00860021
0.00860023
0.000911355
0.00837799
-0.00734187
0.00255405
-0.00455872
0.00200469
-0.0014633
0.00401735
0.00741892
-0.0074189
-0.00176931
-0.00373334
-0.00643037
0.00643037
-0.0062273
0.00453369
-0.00658382
0.00331767
0.00326617
-0.0103357
0.00927584
-0.00228231
-0.00227639
-0.0120887
0.00749326
0.00225284
0.00234261
-0.00210598
-0.00379345
0.00589942
0.00335771
0.00595251
-0.00130174
-0.00465075
0.00734119
-0.00740157
-0.00494493
0.00639379
-0.00144885
0.00444641
-0.00366881
-0.000777585
-0.00493966
0.00151869
0.00402894
-0.00339081
-0.00515883
0.00629305
-0.00318618
0.00167733
0.000555621
-0.00413759
0.00358194
0.00518396
-0.00462834
0.00344165
-0.00211258
-0.00132909
-0.00328467
0.00146822
0.00181643
-0.000992358
0.00207407
-0.000311289
0.000311423
-0.00183054
0.00143482
0.000395719
0.00203404
-0.00195093
0.00152786
-0.00385227
-0.00123841
0.000667664
0.000570827
3.98869e-05
-0.00460824
0.00456838
0.00146784
0.00445931
0.00258774
-0.0022133
0.00490421
-0.00174827
0.00249489
-0.00505413
0.00255924
-0.000348704
-0.000889692
0.00399775
-0.00196308
-0.00177731
-0.00150736
-0.000133912
-0.00169661
0.00975762
-0.0109699
-0.01017
0.0123046
0.0084026
0.00314072
-0.00178569
-0.00803628
0.000937921
-0.00746125
0.0067972
0.0011822
0.000646683
0.000270062
0.00126008
-0.000354887
0.0098853
-0.0059093
-0.00397601
-0.00721567
0.00312894
-0.0132803
0.0079054
0.00171545
0.00121298
-0.00292848
-0.0016827
-0.00172755
-0.000414967
0.00421837
-0.00380343
4.57483e-05
-4.59143e-05
0.00508068
-0.00194057
-0.00314013
-0.000806415
-0.00210807
0.000782782
0.00213168
0.00436417
-0.00436416
0.00181381
-0.00365865
0.000404148
0.00355912
-0.00396325
0.0044991
-0.00279277
0.00543026
-0.00543026
0.00722931
-0.0019184
-0.0053109
-0.000236997
-0.000435309
-0.00369294
0.000469877
-0.00338454
-0.000625543
-0.0018963
0.00189627
-0.00519881
0.00519883
0.00767837
-0.0025624
-0.00511595
-6.24617e-05
6.26777e-05
0.00159567
-0.00194891
0.000353239
0.00352187
0.000110565
0.00415058
-0.00361299
-0.0011636
0.00153117
0.00354951
-0.00410417
0.00352695
0.000577246
5.88897e-05
-0.000994946
-0.000429092
0.00167867
-0.00119075
0.000444313
-0.000444389
0.00214952
-0.00303007
0.000880587
0.00393908
0.000171587
0.000867489
0.00141094
-0.00245
-0.00127624
0.000466029
0.00238657
-0.00285271
0.00237737
-0.00455335
0.00217604
-0.00511283
0.00228273
0.00206678
-0.00411939
0.00205266
0.00444414
0.00219972
0.00294578
-0.00514555
0.000392161
1.62355e-06
0.000280426
0.00170736
-0.00159564
0.000110176
-0.00141404
0.00254291
-0.00410459
0.00175912
-0.000197442
0.00291967
0.00216699
-0.00508669
-0.00491712
0.00753444
-0.00261731
0.000646014
-0.00155933
0.00119122
-0.00210933
-0.00324475
0.00416287
0.00224371
-0.00539531
-0.000776529
0.00392807
-0.00572996
0.00242258
0.00330736
-0.00265479
0.00241937
-0.000564025
-5.85861e-05
0.00192889
-0.00130631
-0.00120638
-0.0006219
-0.00255341
0.00475378
-0.00618064
0.0040204
-0.00557109
-0.00776664
0.0050449
0.00272173
-0.0019669
0.0030447
-0.00107781
0.00200263
-0.0022027
-0.00282542
0.00302548
0.00409615
-0.0031173
-0.000978878
0.00231848
-0.00231849
0.0074611
-0.00971194
0.00927894
-0.00085497
-0.00096285
-0.00719145
0.00866668
-0.00130523
0.00145497
0.0144676
-0.00836541
-0.00442143
-0.00168072
0.000625297
-0.000462701
-0.000162531
-0.000668109
0.00174069
0.000715354
-0.00468972
0.00387898
0.000810791
-0.00529261
0.00503173
0.000260915
-0.00899718
-0.00104459
0.0100418
0.000560116
0.000142067
-0.000702015
-0.00766231
-0.00177785
0.00944018
-0.00113003
-0.00355968
-0.000981525
0.00317267
-0.0021911
-0.000838051
0.000170038
-0.000270456
-0.000610928
0.000853532
0.000482138
-0.00133562
0.00626782
-0.00674285
0.00890207
-0.00196092
-0.00694112
0.00679936
-0.00817803
0.00137867
-0.00655766
-0.00191318
0.00847087
-0.00231965
-0.00399934
0.00288605
-0.00386755
0.00938624
-0.0018321
-0.00755411
0.00512068
-0.000931241
-0.00418941
-0.00187655
0.0012603
-0.00310618
0.0037224
-0.00620444
0.0048363
-0.00202228
-0.000273407
-0.00310554
0.00320452
0.00431676
-0.00117178
-0.00314496
0.021341
-0.0187932
-0.00254789
-0.00798561
0.00462016
0.0035992
0.016347
0.0237436
0.00499219
-0.00465892
-0.000333277
-0.00448616
-0.00187223
-0.001554
0.0034262
-0.00650552
0.0053118
0.00119371
0.00069923
0.00335433
-0.00405356
0.00198265
0.0023341
0.0010907
0.0033557
0.00100759
0.00619217
-0.00742951
0.00123733
0.00681516
-0.00167359
-0.00514154
-0.00332427
0.00332425
-0.00383556
-0.00345055
0.0072861
0.00458228
0.00210243
-0.00668472
0.00295723
-0.00415359
0.00119636
0.00216545
0.000327329
-0.00249279
-0.00388208
0.00515693
-0.00127484
0.000800879
0.00264075
-0.00495305
0.00544698
0.00033313
0.00375652
-0.00408966
-0.000502673
0.00769822
-0.00719553
0.000192128
-0.000129243
0.0011938
-0.00110529
-8.84684e-05
0.000742151
-0.00767652
0.00693437
0.00571716
0.00229792
-0.00863608
0.000621003
0.00100946
-0.00878568
0.00777623
-0.0102718
0.00127463
0.00662419
-0.00766533
-0.00233354
0.00344372
0.00350996
-0.00548504
-0.00900039
0.00401105
0.0104743
0.00773725
0.00374292
-0.0114865
-0.00556308
0.00732383
0.00318437
-0.0164905
0.00382792
-0.00591957
0.00209162
0.00292407
0.00339141
-0.00631548
-0.00114715
-0.000112704
0.00125985
-0.00289932
0.00289929
0.00164823
-0.00165915
-0.00158535
-9.64869e-05
-4.07795e-05
-0.00125046
0.000103296
0.00574129
-0.00291414
-0.00282717
-0.00328117
0.00296519
0.000315964
-0.00177949
0.00171149
6.79809e-05
-0.00293308
-0.00279687
0.00379981
0.00114387
-0.00494372
0.00377957
-0.00527388
0.0014943
-0.00454119
0.00655765
-0.00201649
0.00513168
-0.00869167
0.00356003
0.00455868
-0.00179522
-0.00442116
0.00472852
-0.00581277
0.00238255
0.00343022
0.00341414
0.00323041
-0.00533307
0.00304116
0.00229193
-0.004323
0.00255791
-0.00185167
-0.00328618
-0.0032067
-0.00212637
0.00345381
-0.000670906
0.00360357
-0.00262056
-0.00726069
0.00527313
0.00198757
-0.00683947
0.00525839
0.00158108
-0.00588652
-0.000763661
0.00665017
-0.00355494
0.00145093
0.00494799
0.00124673
-0.00619471
0.000166457
0.00532081
-0.0054873
0.00245519
-0.00456602
0.00211084
0.00316875
0.00133036
-0.0010728
-0.000177678
0.00657468
-0.0023229
-0.00425178
-0.0042876
-0.00132367
0.00377818
0.0019631
-0.00678571
0.00349561
0.0032901
-0.00432434
-0.000697694
0.00502201
-0.00166132
-0.00497621
0.00663754
0.00745195
-0.00691331
-0.00053865
-0.00203707
0.00586499
0.00784363
-0.00133817
-0.00870272
-0.0285073
0.0238507
0.00465656
0.00800088
-0.0029389
-0.00506198
-0.0161369
0.00257605
0.00389649
0.000625105
-0.00452162
0.00269363
0.00245416
-0.00514781
0.00474598
-0.000849501
-0.00102943
0.00502534
-0.00399592
0.00410148
0.0011166
-0.00521808
0.0056703
-0.000811177
-0.00485912
0.0010518
-0.00125312
0.00119531
-1.51329e-06
-0.00769118
0.00967175
-0.00198055
0.0081002
-0.00973008
0.00162989
-0.00789393
0.00119138
-0.00774047
0.00203439
0.00570609
-0.00571924
0.00575645
-3.72252e-05
0.00251717
-0.00743429
-0.00634796
-0.00115963
0.00141073
-0.000250924
-4.96014e-05
0.000434785
-0.0054707
-0.00187814
0.00734884
0.00464559
0.000475086
0.0122515
-0.0038094
-0.00794723
0.00398163
0.0039656
0.00697268
-0.00527193
-0.00170074
-0.00458567
0.00373377
0.00194258
0.000292935
0.00445303
0.0082349
-0.00604073
-0.00219419
-0.00615881
0.000957757
0.00520107
-0.00713826
-0.00220452
0.00934282
0.00172394
0.007132
0.00177008
0.0102866
-0.00740007
-0.00288656
0.00134447
-0.00808826
0.0244353
-0.0028002
0.00349943
0.00503792
-0.00102221
-0.0040157
0.00821345
-0.00619352
-0.0020199
-0.00482285
-0.000693457
0.00551628
-0.000555653
0.00648945
-0.0059338
0.0041278
0.000186085
-0.00431389
-0.00615784
0.0058295
0.000328322
0.00270141
-0.0022895
-0.000411927
0.00458467
-0.0056141
0.0013433
-0.00522538
0.00617558
-0.00506687
0.00200776
-0.00509549
0.00308772
0.00407237
-0.00151647
-0.00255592
-0.000541261
0.00178499
-0.00124374
0.00203261
0.00203976
-0.00143516
0.00521333
-0.00577228
0.00375516
0.00201713
-0.000460119
-0.00289447
0.00335461
0.002064
0.00396828
-0.00603228
0.0087223
-0.00478477
-0.00393753
-0.00219934
-0.00361343
0.00456386
0.00488357
-0.00944742
-0.00301855
0.00609235
-0.0030738
0.000710504
0.000879582
-0.0015901
0.00794689
-0.00919707
0.00125022
-0.0079142
-0.00135922
0.00927343
-0.00708384
-0.00110614
0.00819
0.00134571
-0.000635203
-0.00101168
0.00671134
-0.00569966
0.0018556
-0.000356968
0.00923997
-0.0022243
-0.00701564
0.00725738
0.00200961
-0.009267
-0.00717235
-0.00236708
0.00953944
-0.00972138
0.00203021
-0.00019893
-0.00168958
0.00792442
-0.00971061
0.00178619
0.00764424
0.00264241
0.00210171
-0.00959944
0.00242711
0.00777674
-0.00708828
-0.000688469
-0.00606895
0.00433239
0.0017366
-0.0059586
-0.00054831
0.00650691
-0.00660549
0.0030502
0.00355529
0.00118611
-0.00918518
0.00799905
0.00480133
-0.001447
-0.00115617
0.00580175
-0.00122197
-0.00538352
0.00613407
0.000510944
-0.00664504
0.00111117
-0.00783604
0.00672485
-0.037868
0.00709946
0.0307685
0.000215791
-0.00609184
0.00587606
-0.00613998
0.00458942
0.00155056
0.00575658
-0.00234245
-0.00413221
0.00106069
-0.00513272
0.00407205
-0.00539296
-0.000379311
-0.000771708
0.0048404
-0.00225434
0.00109482
-0.0024419
0.00381599
0.00148535
-0.0053013
-0.000852447
0.00698775
-0.00613532
-0.00737631
0.00442601
0.00433125
-0.00875727
-0.00949776
-0.000743573
0.0102413
-0.00296801
-0.00214828
0.00811312
-0.00368713
0.00341018
-0.0079514
-0.0115302
0.00836879
0.00316136
-0.0082596
0.00117577
0.0079038
-0.00971343
0.00180964
0.00781072
0.00203604
-0.00984675
-0.00180748
0.00173287
-0.000825262
0.00695931
-0.0272282
-0.00127912
0.00590939
0.00210502
0.00360686
0.00511543
0.00504259
0.00295829
-0.00709223
0.00196385
-0.00143251
0.00547244
-0.00532525
0.00128533
-0.005604
0.00417406
-0.0010186
0.0073112
0.00645608
0.000995877
0.00575875
-0.00469805
-0.00643714
-0.000615392
0.00705252
0.00572487
-0.00550907
0.00116628
-0.00705281
-0.00595902
0.00935783
0.000363807
-0.00986156
0.00278418
-0.00974721
0.00696302
-0.00286466
0.00840908
-0.00554439
0.0101628
-0.00208957
-0.00807322
-0.00712332
0.000641189
0.00648211
9.97595e-05
-0.00619161
-0.00252265
-0.00551851
0.00804115
-0.00689245
-0.0046377
0.00531167
0.0042637
-0.00957536
0.00765249
-0.00720938
-0.000443124
-0.00123633
0.00505233
0.00559909
-0.0106704
0.00507133
-0.0070956
0.0056089
0.00148669
-0.00716158
0.00338574
0.000110505
0.00564825
0.00226832
-0.0111995
0.00893121
-0.00548997
0.00887079
-0.00338082
0.0098551
0.000263227
-0.0101183
0.0040968
-0.00193256
-0.0041927
0.00875656
0.0062078
0.00347183
-0.00967962
0.00119899
0.00595515
-0.00715413
0.00747981
-0.00548162
-0.0019982
0.00577415
-0.0082968
0.00648378
-0.00703944
0.000225925
-0.00704895
0.00682301
-0.00681146
0.00733127
-0.000519809
-0.00723582
0.00736742
-0.000131615
-0.00744923
0.00715593
0.000293309
0.00217023
0.00557049
-0.00774073
0.00616932
-0.00718101
0.0031141
-0.0409821
-0.00800113
0.0083481
-0.000346989
0.0089427
-0.00168532
0.00278618
0.0061565
-0.000334273
-0.00147321
-0.00151442
0.00760082
-0.0060864
-0.00728959
0.00162888
-0.00716445
0.00553557
0.00421718
0.00555225
-0.00976944
-0.00920584
0.00634117
-0.00660908
0.00939327
0.00101716
-0.000527024
0.000894571
-0.000730747
-0.000859629
-0.00122734
6.50259e-05
-0.00693652
-0.000538314
0.00747484
0.00645681
-0.00749974
0.00735259
-0.00753112
0.000178514
0.0077674
-0.00613853
-0.000406819
-0.00600125
0.00640806
-0.00562421
0.00673536
0.00195414
0.00622331
-0.00817746
-0.00788123
0.00636681
0.00722816
-0.00458114
-0.00264702
-0.0067702
0.00754204
0.00645632
-0.000389127
-0.0067342
-0.00383969
-0.00332188
-0.00949568
0.00393963
0.00555606
-0.0010329
-0.00396478
0.00499768
0.00464258
-0.00406754
0.00735379
-0.00070724
-0.00664656
0.00169839
-0.00531554
0.00860671
-0.00633839
-0.00314028
0.00934807
0.00665303
0.001801
-0.00845405
0.00514811
0.00352134
-0.00866946
-0.00230721
0.0102316
-0.00204225
0.00985298
0.0107504
-0.00809816
-0.00265223
-0.00245495
-0.00714447
-0.00905885
0.00676976
0.0022891
0.00293235
0.00561224
-0.00694706
0.00826925
-0.00132218
0.000595373
-0.00951023
0.00891486
-0.00156883
-0.000312833
0.00741863
-0.0071058
0.00850212
-0.00565498
-0.00284715
0.00601571
0.00248641
-0.00339075
0.0132458
0.00902687
-0.00118785
-0.00783902
0.00036301
-0.00506512
0.00573558
0.00329129
0.000981592
0.00653223
-0.00751385
-0.00848855
0.0028664
0.00562212
-0.00626768
0.00724927
-0.00408692
-0.00453423
0.00862113
-0.00749305
-0.00239309
0.00988614
0.00666346
0.000343753
-0.00276344
-0.0101431
0.00265003
0.00762597
-0.00917758
0.0015516
0.00890859
-0.00213769
-0.0067709
-0.00757959
0.00726675
-0.000401707
-0.00624004
0.00664175
-0.000660974
0.00766222
-0.00700125
0.00716577
0.000252847
0.00743102
-0.000995213
-0.00643583
-0.00742769
-0.00206799
9.58087e-05
-0.00752349
-0.00779498
0.00688805
0.000906916
-0.00627131
-0.00215561
0.00842691
0.00785349
-0.00744489
-0.000408629
0.00621273
0.00125882
0.00198098
0.00562026
-0.00760123
-0.000914056
0.00732938
-0.00641533
-0.00147252
0.00591255
-0.00444005
-0.00135075
-0.00674147
0.00809222
-0.00278577
-0.00305772
0.00584348
0.0059585
-0.00695689
0.00742546
-0.00046858
0.0010231
-0.00792487
0.00690177
-0.00848978
0.00839284
9.69285e-05
0.000598381
-0.00755528
0.00709644
0.00067242
-0.00875311
0.0039271
0.004826
0.00722871
9.21928e-05
-0.00732091
0.00786588
-0.000541557
-0.00732433
0.00649876
0.00438335
-0.0108821
0.00804501
-0.000716566
-0.00732846
0.0104609
-0.00283494
-0.00705101
0.00723027
-0.000179283
-0.00692273
0.0065593
0.00829382
-0.00164079
-0.00752494
0.00712323
-0.000169802
0.0073018
-0.00713201
0.00697676
-0.00717618
0.000199412
0.000573011
0.00729287
-0.00334044
-0.00631268
-0.00186921
0.00818186
0.00703378
0.00095995
-0.00799376
-0.003293
-0.00546012
-0.008558
0.00256379
0.00599419
-0.000238728
0.00721548
0.00754322
-0.000314519
-0.000385634
-0.00524137
0.00525379
-0.00076013
-0.00496022
0.0038636
-0.00297267
-0.000890933
-0.00176973
0.000570184
0.00119958
0.00245504
0.0020324
-0.00448743
0.00891275
-0.010124
-0.00813566
0.00869946
-0.000754942
-0.00101477
-0.002718
-0.00191554
0.00463353
-0.00247768
0.00484689
-0.00236921
0.00666495
-0.00722225
-0.00107897
-0.000666744
-0.000534663
0.0027213
0.00180797
-0.00399457
0.00087372
-0.000873683
0.00442381
-0.00536954
0.000160522
0.00105928
-0.00121977
0.000836417
-0.00377483
0.00293843
0.00053596
0.00377875
-0.00431471
-0.000749955
-0.00204957
-0.000733043
0.00255636
-0.00182328
-0.00174421
0.00190475
-0.00060142
-0.00144672
-0.0059347
0.00593468
-0.000765755
-0.00404964
-0.0017486
-0.00193896
0.00336098
-0.00287946
-0.000481545
-0.00162595
0.00212649
-0.00613253
0.00613253
-0.00415221
0.00426517
-0.00435781
0.00260071
0.00175707
0.00326326
-0.00324163
0.00412284
-0.00437568
-0.00330511
-0.000472875
-0.00380971
0.00296097
0.00067986
0.000168841
-0.00409679
-0.000634051
0.000634025
0.00419772
-0.0050631
0.00351131
0.00164562
0.00393923
-0.00376771
-0.000171532
-0.000306974
0.00504644
0.00232097
0.00298088
-0.00258669
0.00138035
-0.004213
0.00283265
0.00414083
-0.00499795
0.00233243
0.00333788
0.0051884
-0.000957657
0.00466684
-0.00466684
0.00425874
-0.00181212
0.00053876
-0.000876615
-0.000114579
-0.00451934
-0.000647929
0.000648034
0.00399907
-0.00467234
0.00101238
0.00483093
-0.00584332
0.00435377
0.00415268
-0.00415268
0.00582238
-0.00110153
-0.00494257
0.0053285
0.00283585
-0.00351968
-0.00325988
0.00357682
-0.00157567
0.000349833
0.00506276
-0.00465958
-0.0034818
0.00787697
-0.00439517
0.0030741
-0.00568333
-0.00087256
0.0063236
-0.0020763
-0.00133501
0.00341131
0.000881337
-0.00295764
-0.00368708
-0.000545826
0.0042329
-0.00484845
0.00634821
-0.00150951
0.00282691
-0.00179621
0.00267754
-0.00211107
0.00536594
-0.00144209
0.00401195
-0.00256987
-0.00244831
0.00270412
-0.00025582
-0.00341376
0.00608377
-0.0026374
0.00263739
0.00152308
-0.00296518
-0.00261193
0.00445857
-0.00184179
-0.00214933
0.00214931
-0.00226373
0.00143202
0.00183148
-0.000597526
-0.00123397
-0.000454076
-0.000483837
-0.000368456
-0.00200194
0.00237038
0.000410859
-0.0022843
0.00498845
-0.00358609
-0.000265341
-0.0037931
0.00178537
0.00200772
0.00171439
-0.000245654
-0.00122533
0.00122532
0.00437308
-0.00403555
-0.00262142
-0.00126991
0.00389132
0.00134117
-0.00221476
0.00221477
-0.000842385
0.00291439
-0.00217157
0.00372464
-8.0964e-05
-0.00364367
0.000133467
-0.00344788
0.000180548
-0.0035709
0.00215972
0.00196969
-0.00351864
-0.00466327
0.00506742
0.00181335
0.0019824
-0.00182604
-0.00228566
0.0042538
-0.00196814
-0.00162769
-0.00519324
0.00682094
-0.00543017
0.00380249
-0.00272256
0.000699027
0.00162416
0.0018601
-0.00235362
-0.00113061
0.000842845
0.00247999
-0.00332281
-0.00392279
0.00222069
-0.00109486
0.000354612
-0.00243218
0.00142328
-0.000232995
-0.0017136
-0.00221642
-0.00167536
-0.00258979
0.00321813
-0.00228824
0.00474343
-0.00458487
0.00428578
-0.00560179
0.00535181
-0.000750231
0.00195724
-0.00579187
-0.00537201
-0.00231207
0.00768409
0.00627256
-0.00353207
0.00345555
-0.00301371
0.00273854
-0.00567163
0.000379927
0.00144063
-0.000340402
-0.00110028
-0.00283337
-0.000315816
0.00106748
-0.00106752
0.00034611
0.00109451
-0.000817821
0.00020457
-0.00423716
0.00683582
-0.00259865
0.00735457
-0.0027295
-0.00462506
0.00666809
-0.00374401
0.00319851
0.00346958
0.00540928
-0.00348848
0.00159381
-0.00224573
0.00606119
-0.0052175
0.00527575
-0.0054222
-0.00196683
0.00217154
-0.00334511
0.00634427
-0.00299915
2.02364e-05
0.000706815
0.00107031
-0.000626567
0.00331645
-0.00209635
0.00478175
-0.00478176
-0.00317408
-0.00603439
0.00319301
0.00284138
-0.00338023
0.00150798
0.00378484
-0.00378485
0.00111494
-0.00308185
0.0028406
-0.00284061
0.00233849
-0.000173045
-0.00261985
0.00273125
-0.000111426
-7.18339e-05
0.00364962
-0.0035778
-0.00128391
0.00128392
-0.00129508
0.00473865
-0.00344359
0.0017097
-0.00198928
0.00221915
0.00103325
-0.00154272
0.00332253
-0.00229914
0.00342518
-0.00239515
-0.00103005
-0.00212794
0.00174096
0.000386999
-0.00201974
-0.000108197
-0.0026093
0.00393163
-0.00132232
0.00120597
-0.000326004
-0.00337872
0.000274902
0.00310376
-0.00390807
0.00542674
-0.00151867
0.00604214
-0.00282598
-0.00321616
0.00257083
0.00129278
-0.00330607
-0.00162158
0.00492766
0.00596282
-0.00396837
-0.00199444
0.00306896
0.0015307
-0.00459967
-0.00582251
0.00191444
-0.00108501
0.00517128
-0.00431155
0.00615166
-0.00184011
-0.00536245
0.00564092
-0.00198632
-0.00120126
0.00420079
-0.00808373
0.00508421
0.00463783
-0.00583908
-0.00261391
0.00496419
0.00223688
-0.00458716
0.00186712
0.00600985
0.00141368
-0.00182746
0.00220611
0.00136196
-0.00356807
0.00241833
-0.00445868
0.00204034
0.00379868
-0.00243476
0.00509478
-0.00266003
-0.0053927
0.00295794
-0.00303259
0.00209944
0.00265581
-0.00705098
0.000798646
-0.000433113
0.000946945
-0.000167821
-0.0023225
0.0015434
0.00129489
0.0025038
-0.000960608
-0.00335094
-0.00755791
0.00755791
0.00502692
-0.00050105
-0.00876421
-0.0015293
0.0102935
0.000434313
5.09559e-06
0.00190564
-0.00234505
0.00148694
0.000199447
-0.0016864
0.00145712
-0.000463629
0.00144258
-0.00519568
-0.000633656
0.00283976
0.00411638
-0.00472474
0.000653887
-0.000212905
0.000615319
-0.00112359
0.00050828
-0.00130589
-0.00153276
0.00283869
-0.00166387
0.00175032
-0.00230737
0.00358027
0.00104116
-0.00504261
0.00135721
0.00288513
-0.000945801
0.00508736
0.0066372
0.00409823
-0.0107354
-0.00263121
0.00398842
0.0096826
-0.00584074
-0.00384185
0.00780232
0.00188028
-0.00539263
0.012308
-0.00691533
-0.00323819
0.00448604
-0.00013182
-0.00111604
-0.00110352
0.00398864
-0.00878023
1.60136e-05
-0.00491134
-0.00189242
0.00680382
0.00114034
0.00549688
-0.00481836
0.00316593
0.000255446
0.001397
-0.00727454
0.00105192
0.000762429
0.0054602
-0.00446954
0.00201333
0.00245621
0.00582309
-0.00220561
0.00620677
-0.00258029
-0.00295118
0.00544235
0.00225905
0.00223208
-0.00624149
0.0126113
-0.00636981
-0.00176803
0.000341995
0.00142623
0.00217465
-0.00394266
0.000686413
-0.00559774
-0.00013038
0.00348771
0.00427579
-0.0042758
0.0020989
0.00395746
-0.00605636
-0.00121571
0.00546673
-0.00425103
0.0039894
0.00217159
0.00324486
-0.00541645
0.00692951
-0.00483062
-0.00464856
0.00459784
0.000751359
-0.00185534
0.00135608
-0.00142255
0.000557627
-0.0038628
0.00503868
-0.00288291
-0.00438962
0.00439249
-0.00170443
0.00539957
-0.0051764
0.00261672
0.00255967
-0.00270646
-0.00246996
0.00364628
-0.000625377
-0.00302092
0.00111687
-0.00354714
-0.00385729
0.000769247
0.00308801
0.00310884
-0.000281402
-0.00282749
-0.00441651
0.00364588
0.000770586
0.00238212
0.000724665
-0.000487978
0.00287008
0.0029788
-0.000729219
-0.0022496
-0.000748466
0.00143117
-0.00482323
0.00339203
-0.00298534
-0.00170119
-0.00356866
-0.00459271
0.0053142
-0.000721497
0.00455929
-0.00522971
0.000670405
-0.0044669
0.00124431
0.00322258
-0.0043151
0.00137226
-0.00340145
-0.00118342
0.0034467
-0.00226333
-0.00262543
0.00346524
-0.000839823
-0.00449021
0.00134585
-0.0024437
0.00305101
-0.000607322
0.00433995
-0.00429345
-4.64733e-05
-0.00101229
-0.000434521
0.00144679
-0.00148182
0.00211852
2.8982e-05
0.00180564
-0.00188079
0.0016659
-0.00523393
0.00544881
-0.0040949
0.0028961
0.0011988
-0.00497994
0.00215412
0.00282582
-0.00413974
0.0046972
-0.00055744
-0.0040214
-0.000958539
-0.00524723
0.0115841
-0.00633691
0.00841486
0.00103982
-0.00784244
-0.00161225
0.0028738
-0.00757763
0.00470384
0.00139239
0.00584266
-0.00723505
0.00152816
-0.0045138
0.00298564
-0.00335669
0.00595944
-0.00260277
-0.00259456
0.00589952
-0.00330495
0.00420776
0.00303444
-0.00176972
-0.00390442
0.00567412
0.00330617
-0.00490621
0.00160004
-0.00347927
0.00500743
0.00025381
-0.00271599
0.0019986
0.00351844
-0.00220955
-0.00130887
-0.000298164
0.00178511
0.000900745
-0.00215031
0.00124956
0.000101521
-0.00276018
0.00265868
-0.00120455
-0.00112661
0.00233116
-0.0013456
-0.000125118
0.00723581
-0.00315967
-0.00407613
0.000440566
0.0018286
-0.00226917
-0.0012303
0.00235081
-0.0011205
0.00276518
0.000753279
-0.00323716
0.000251782
-0.00605102
0.00324615
0.00280485
0.0042836
-0.000922621
0.00523002
-0.00245493
0.00203375
-0.00664031
-0.00440962
0.00113081
0.00327879
-0.00175974
0.00151123
0.000248503
-0.0067443
0.00505068
0.00169361
-0.00532828
0.000654584
0.00467369
0.00205732
-0.000279672
0.00179051
-0.00593025
0.000869012
-0.000426833
-0.00171218
-0.00408479
0.00579696
0.000346003
0.000111048
8.79897e-05
0.000268442
0.000338627
0.000462135
-0.00213413
-0.00342834
0.00556248
0.000468013
0.000463362
-0.000931413
0.00186859
0.00296965
-0.00483823
-0.00174095
-0.00157456
0.00168177
-0.00121377
-0.00254075
-0.00202526
-0.00152163
0.00363248
-0.00342646
0.00114081
-0.000249603
0.00433931
0.00423644
-3.9395e-05
-0.00077418
-0.00389283
0.00466702
0.000765038
-0.00452464
0.00375962
0.00352431
-0.00429848
0.00273808
0.00132721
0.00223514
-0.00156436
0.00401219
-0.00387872
0.00461688
-0.000380426
0.00379419
-0.000774922
-0.00301926
0.000593318
0.00356057
-0.00415387
-0.00472295
0.00384861
0.00261067
-0.000786985
-0.000116409
-0.00383937
0.00531331
-0.0044678
-0.00340689
0.00144773
0.00195915
-0.00256298
0.00224078
0.00355015
-0.00322793
0.000444117
0.00302772
-0.00347183
-0.00367273
0.00299743
0.00067531
-0.00597568
0.0044412
-0.00560724
0.00116603
-0.00235516
0.00575151
-0.00339633
-0.00450025
-0.00159301
0.00609328
0.00235513
-0.00798225
0.00778124
-0.00202953
0.00483528
0.0045318
-0.00733758
-0.00727594
0.00579167
0.00148427
-0.00623313
-0.00104281
0.00472876
0.00224392
-0.00590271
-0.00135797
-0.00587084
0.00669985
-0.00207987
0.0022551
-0.00208479
0.00190957
-0.00458553
0.0012491
0.00137737
0.000121521
0.00595716
-0.0060787
0.0041578
-7.87237e-05
6.17377e-05
-0.00332217
0.00341064
0.00204321
-0.00213166
0.00436571
-0.00564055
-0.0066686
0.00495642
0.005514
-0.00522881
-0.000285193
-0.00257851
0.00435239
-0.00177386
-0.00131031
-0.00274951
0.00405982
0.00184696
-0.00430891
0.00246197
0.00373327
-0.00838873
-0.000167683
0.00482314
-0.0041479
0.0016472
0.0025007
0.00317018
-0.00530431
-0.00152181
0.00385818
-0.00233638
-0.00482871
0.00330689
-0.00475047
0.00270217
0.00521848
0.00308877
-0.00247345
-0.000829388
0.000214056
-0.00285366
0.00162336
-0.00672931
-0.00663805
0.0133674
0.000596841
0.00363764
-0.00423447
0.00452082
-0.00256719
-0.00273143
0.00145496
0.00127648
-0.00291292
0.000181514
0.00122645
0.00160438
0.000432405
0.00696083
-0.000844463
-0.00611636
0.00257932
-0.00288482
0.000385542
0.00342021
0.00408138
-0.00349328
-0.000588126
0.00301578
-0.00537094
0.00551491
0.00144593
-0.00244219
-0.00191208
0.00435428
0.00630945
-0.00456174
-0.00174772
-0.00036004
0.00494471
-0.00473629
0.00466445
0.00415534
-0.00362303
-0.00458833
0.00123454
0.00335378
0.00507003
-0.00063999
-0.00443005
-0.00457267
0.00490579
-0.00614637
0.00631282
-0.00593222
0.00605373
0.00539933
-0.00517645
-0.000222907
-0.00397278
0.00369535
-0.00608403
0.00427057
0.00181346
-0.00587018
0.00610828
0.00273751
-0.002274
0.00675775
-0.00421603
-0.0025417
0.000578556
0.00524784
-0.0058264
-0.00201531
-0.00241222
-0.000221039
-0.000219689
0.00460429
-0.00438463
-0.00121404
0.00123902
0.000130977
-0.000156015
-0.00195188
0.00149851
0.000453338
0.00096886
0.00174397
-0.000762535
-0.000981448
-0.00168985
0.00254314
-0.000853279
0.00635176
-0.00541536
-0.000936385
-0.00250629
-0.00346939
-0.00246649
-0.000926405
0.00339291
-0.00394671
-0.00213733
-0.00554911
0.00605602
-0.00143509
0.00564772
-0.00421266
0.00576873
-0.00132753
-0.00751912
0.00563221
0.00188691
-0.00446972
-0.00138099
0.00585071
-0.00113229
0.00743945
-0.00630716
0.00661812
-0.0063922
8.78164e-05
0.00581874
-0.00590654
6.89852e-05
0.0069752
-0.00704418
-0.00738971
0.00700014
0.000389563
0.000571552
-0.00571658
0.00514502
0.00485034
0.00435799
-0.00579309
-0.00205243
-0.00235719
0.00192281
0.00395814
-0.00588096
0.00470571
-0.00772427
-0.00701198
-0.00166587
0.00867785
0.00729199
-3.52e-05
-0.0072568
-0.00607833
-0.000473531
0.00655185
-0.00360158
-0.00147142
0.005073
-0.00572917
-0.000349166
-0.00235206
0.00419901
0.00476769
-0.00375532
0.00201093
-0.00237439
0.000268726
-0.00254704
0.00227826
0.00175803
0.00301237
-0.0047704
0.00297657
0.00712871
-0.00495848
0.00161612
0.00333995
-0.00495609
0.00401921
-0.00456815
0.00054893
-0.000619301
-0.00221701
0.00283633
-0.00361851
0.00322179
0.00039674
-0.00317122
0.00294014
0.000231101
-0.000450359
0.00293222
0.00516381
-0.000313471
0.00088603
-0.00660527
-0.00581989
0.006703
-0.000883106
-0.00738025
0.00448571
0.00227205
-0.00698665
0.00642314
0.000563496
-0.00590782
-0.000931656
0.00693113
-0.00136064
-0.006471
0.000651109
-0.00556715
0.0052384
0.000328748
-0.0049956
0.000158086
0.0065501
-0.00670819
-0.00592697
-0.00683037
0.00431065
0.00251974
0.00527129
0.00208728
-0.00187995
-0.0054786
-0.00203116
-0.0047992
0.00404971
-0.00316326
-0.00166548
0.000679101
0.00226123
-0.00127484
0.0019652
0.00116374
0.00283129
0.00374339
0.00350363
-0.00613924
0.00263562
-0.00517421
0.00599435
-0.00268412
-6.75991e-05
0.00275171
-0.000897587
-0.00175693
0.00265452
-0.00522465
-0.0053695
0.00109304
0.00427645
0.00532998
-0.000791517
-0.00322861
0.00729257
-0.00573741
-0.00155517
-0.00656666
0.00249098
0.00407568
-0.00589661
-0.00492251
-0.00201513
0.00693765
-0.00517818
0.000405062
0.00477312
0.000830401
-0.0050915
0.00426112
0.00505759
-0.00216481
-0.00289276
0.0053402
0.00195238
0.00140033
0.00533448
-0.00265829
-0.00407649
0.00437454
-0.00378121
0.00037569
0.00411397
-0.00448964
5.04332e-05
-0.00322165
0.000145743
-0.00477085
0.00462513
-0.00476783
0.00448372
0.000284133
0.000341781
-0.00302589
-0.0035132
0.00358827
-7.50696e-05
-0.000286283
-0.000334908
0.00153698
0.00029449
0.00671453
0.000577443
-0.00204092
0.000153865
-0.00594865
0.00565544
0.000293192
-0.000774818
0.00628883
0.00523092
-0.0036148
0.00770777
-0.0073548
-0.000352965
-0.004063
0.00240072
0.00166229
-0.00367238
-0.00206772
0.00574012
0.00507847
0.00107975
-0.00615824
0.000953012
-0.00489357
0.00394055
-0.00258271
0.00324545
-0.000662738
-0.00309672
0.000514002
0.00602924
-0.00573635
-0.000292932
0.00330761
-0.00683724
0.00352962
-0.00317096
0.000682286
0.00080839
-0.00668471
0.00587632
0.00814355
-0.0061894
-0.00438002
0.00731237
0.00155015
0.00475929
0.00750055
-0.00299117
-0.00450939
0.00508985
0.00198587
-0.00707572
-0.00111813
-0.000566861
0.00168499
-0.00225205
0.00246118
-0.000209129
-0.000973903
-0.00203335
0.00300726
0.00634035
-0.00423231
-0.00210802
0.00532861
0.00215121
0.00500159
-0.00417118
0.00122944
-0.00536803
0.00413861
-0.00609094
0.00133839
-0.00380531
-0.00134638
0.0051517
-0.00203522
-0.00475047
-0.00534801
0.00121919
0.00412882
-0.00505162
0.000613216
0.00443844
-0.00184246
0.00271041
-0.00086791
-0.00501339
-0.00168013
0.000655167
0.00382531
-0.00393405
0.000108747
-0.00281637
0.000363058
0.00288754
-0.00325059
0.00671041
-0.00680653
9.61476e-05
-0.00527123
-0.00203922
-0.00682857
0.00630409
-0.00582236
-0.000481723
0.0056742
-0.00705176
0.00137758
-0.000922679
-0.00578792
0.00671062
8.46052e-05
0.00415157
-0.00423617
-0.00387944
0.00401184
-0.000132391
0.00111274
-0.00623659
0.00512384
-0.00657676
0.00297518
-0.00180638
-0.00458304
0.00638941
0.00149622
-0.0073498
0.00585359
0.00643066
-0.0056956
-0.000735096
-0.0014192
0.00709342
0.00148457
-0.00190138
0.000889104
0.00173582
-0.0017054
-3.0419e-05
0.000831463
-0.00327516
-0.00691833
0.00279879
0.00411955
0.00535969
0.000669535
-0.00759044
0.00604457
0.00154586
-0.00144185
0.00044844
-0.00427792
0.00527131
0.00538612
0.00154667
-0.00693278
0.00579799
0.000905016
-0.00563799
0.00627095
-0.000632976
0.000537372
0.00589327
-0.00267978
0.00649221
-0.00381244
0.00283468
0.00295974
-0.00579443
0.00799428
-0.0010697
-0.00692457
6.20413e-05
-0.00427141
0.00420939
-0.00369521
0.000182022
-0.00464689
0.000306329
0.00434057
-0.00549877
0.00406626
0.00680153
-0.00111614
-0.00568538
-0.0018584
-0.00505993
-0.000351583
-0.00328543
0.00363702
0.00576671
-0.00447257
-0.00129413
0.00702666
0.00062581
0.00685749
-0.00599086
-0.00086662
0.00697585
-0.00580215
-0.00117369
0.00727689
-0.00556653
-0.00171035
-0.00516903
0.00690055
-0.0017315
0.004173
-0.00414833
-2.46527e-05
-0.00382217
-0.00294506
0.0017646
0.00383467
-0.00559926
0.00425605
-0.004194
-0.00446806
-0.00208417
0.00655223
0.0038202
0.00368034
-0.00115462
-0.00390046
0.00505509
-0.004827
-0.00668023
0.00181071
0.00486953
-0.00107131
-0.00560892
-0.00599488
0.000356879
-0.00545073
0.00594569
-0.000494975
0.00398981
-0.00395753
-3.22666e-05
0.00324363
-0.00241217
-0.00762154
0.000810078
-0.0015418
0.00692792
0.00162869
0.00514843
-0.00677713
-0.00463646
-0.00166838
0.00630485
0.00784255
-0.00681946
0.00663305
-0.00776534
0.000185364
-0.0036131
0.00342775
-0.000506403
-0.00414047
0.00459256
-0.00428622
-0.00343252
0.00361789
-0.0068653
0.000820991
0.00604432
-0.00471452
0.00433739
0.000377146
9.77276e-06
-0.00472428
-0.0088587
0.00423542
0.00462329
-0.00296829
0.000141424
0.00282687
-0.000244902
-0.00272338
0.00513348
4.71511e-05
-0.00518062
-0.00630232
-0.00128813
0.00401565
-0.00393104
-0.000165705
-0.00610828
0.00627399
0.0071901
-0.000605341
-0.00658475
0.00760737
-0.00700899
-0.000454819
0.00695724
-0.00650242
0.00621285
-0.00666766
0.00740958
-0.00587311
-0.00153648
-0.00164429
-0.00634554
0.00798984
-0.00247121
0.00629141
-0.00188533
-0.00195385
0.00383919
0.00665922
0.000298032
0.000865381
0.00599212
0.00741489
-6.23167e-05
-0.00811836
0.00348189
0.00133423
0.00607535
-0.00156109
-0.00655726
0.00762346
-0.000908171
-0.0067153
-0.00671854
0.00661323
0.000105308
0.00641041
0.000391117
-0.00680153
0.007033
-0.00110574
-0.00592727
-0.00227054
0.00835933
-0.00608879
-0.00756704
0.00713767
0.000429381
0.00348955
-0.00537487
-0.00608118
0.00682383
-0.000742647
0.000332017
0.00400794
-0.00670665
0.00426446
0.00678114
0.000408969
-0.00717715
0.00129299
0.00588417
-0.00635602
-0.00121102
-0.00768136
0.00673204
0.000949323
-0.00560545
-0.00690983
0.0125153
-0.00501515
-0.00451411
0.00952927
0.0113801
-0.0110517
-0.000328422
-0.0141643
0.0141841
-1.98002e-05
-0.00522367
-0.00667794
0.0119016
-0.00555352
-0.0067252
0.0122787
6.2219e-05
0.0113179
-0.00984853
-2.46242e-05
0.00993538
-0.00445404
0.00980103
-0.00534698
-0.00698925
-0.00521924
0.0122085
-0.01115
0.0111673
-1.73553e-05
-0.00966735
0.00947835
0.000189005
-0.0055413
-0.00552442
0.0110657
-0.000642521
-0.00940885
0.0100514
0.0140197
-0.0140469
2.72202e-05
3.0497e-05
-0.0105105
0.01048
0.00573637
0.00576869
-0.0130157
-0.000508523
0.0135242
1.65063e-05
0.0123213
-9.27306e-07
3.20008e-06
0.011501
0.0128117
-0.0127812
0.00138326
0.0105913
-0.0119746
0.0050503
0.00605491
0.00878784
-0.00419868
-0.00458916
0.00577372
0.00563164
0.00631352
-0.0127118
0.00639827
-0.00799644
0.00402586
0.00397058
0.00555701
0.0055472
-0.00397641
-0.00402003
-0.00628765
-0.00615004
0.0124377
0.0058556
-0.00576426
0.00413204
-0.00422338
-0.00592203
0.0117776
-0.00585552
-0.00587471
0.0117303
0.00316111
0.00295943
0.00305306
-0.00793096
-0.00794719
0.0158781
0.005732
0.00577263
-0.00322261
0.00476851
0.0041861
0.00262726
0.00329206
-0.00512152
-0.00510689
0.0102284
-0.00502187
0.00991909
-0.00489722
-6.20632e-06
0.0115115
-0.00576853
0.00619134
-0.00544468
0.0055308
0.00557055
-0.0126528
0.000222348
0.0124305
-0.0159067
0.0159607
-5.39907e-05
-0.0141182
-4.60608e-05
0.00888995
-0.0044332
-0.00445675
0.0057638
0.00574015
-0.00651497
0.0124972
-0.00598224
-0.006419
-0.00594632
0.0123653
-0.00534325
0.0113039
-0.00596062
-0.0096994
3.20528e-05
-0.00410641
-0.00475434
0.00886075
-0.0103861
0.00537099
-0.010136
0.00562191
-0.00543057
-0.0057518
0.0111824
-0.00504095
-0.00480746
0.00984841
0.00576337
0.00574086
0.0115903
-0.00579962
-0.00579068
-0.0117622
0.00633497
-0.0117655
0.00570404
-0.012123
0.00447981
0.00441014
-0.00453353
-0.00490291
0.00943644
0.00553409
0.00556174
0.00777751
-0.00388373
-0.00389378
0.00639911
-0.0123454
-0.0116341
-0.00775815
0.00388479
0.00387337
-0.00481184
-0.00560777
0.0104196
0.00639514
-0.013111
0.00671589
0.0099298
-0.0049215
-0.0050083
0.00493476
-0.0116165
0.0066817
-6.37709e-05
0.00422288
0.00469386
0.00601999
-0.0105535
-0.00531198
0.011286
-0.00597401
-0.0108795
0.00325924
0.00762028
-0.00124151
-0.00874842
0.00998992
-0.0105969
-0.00507052
0.0108556
0.0103749
-0.00544012
-0.0101324
0.00567833
-0.00470411
0.0104722
-0.00576809
0.00753682
-0.0127605
0.0101967
3.3383e-05
-0.01023
0.00048835
0.0118329
0.0146567
4.06951e-07
-0.0146571
-0.0105849
0.0105892
-4.24108e-06
0.000984907
0.00750418
-0.00848908
0.00553196
0.00577405
0.00486273
0.00505636
-0.00182951
-0.0108233
-0.00580916
-0.00586055
0.0116697
-0.00607579
-0.00610511
0.0121809
-0.00581812
0.0117236
-0.00590548
-0.00543331
-0.0062959
0.0117292
-0.00845773
0.00827827
0.00017946
3.52442e-05
-0.00849297
-0.0105211
1.71474e-05
0.010504
0.00482379
0.00510601
-0.00358137
0.00710298
0.00641211
0.0102356
-3.89449e-05
0.00597814
0.00280971
-0.000227716
-0.00918712
0.00941484
0.00697373
-0.0097212
0.00274747
0.00475576
0.00511188
-0.00986764
-0.00430656
0.00906233
0.00102764
-0.0101522
0.00912455
-0.000203281
0.00918438
-0.0089811
-2.36223e-05
0.00821764
-0.00819401
-0.00378494
0.00950556
-0.000952101
-0.00430768
0.00641216
0.00734201
0.00622373
-0.0116472
0.00542346
-0.00537562
0.0105248
-0.00514919
0.00576819
0.00572747
-0.0114957
-0.00109204
0.0100511
-0.00895909
-0.00597462
0.00389105
0.00471083
-0.00566877
0.0116106
-0.00594187
0.0125885
-0.0113184
-0.00127892
8.83752e-06
0.00587609
-0.0116279
-0.00547147
0.0050675
-0.00588368
0.00558056
0.00608974
-0.0116703
-0.0112514
-0.00540013
0.0106983
-0.0052982
0.00553135
0.00582635
-0.0113577
-0.0118817
0.00607258
0.00601678
-0.0118773
0.00652124
0.00598877
-0.01251
-0.00580607
-0.00526609
0.0110722
0.00611363
-0.0124867
0.00637307
0.0054358
-0.0115116
0.00508139
0.00496356
-0.0100449
0.0118365
-0.00640068
-0.00443075
0.00627534
0.00758749
0.00595377
0.00640613
-0.0123599
-0.0049285
-0.0054917
0.0104202
-0.0057908
-0.00609396
0.0118848
0.00576562
0.00583829
-0.0116039
0.00490943
-0.00869852
0.00580956
0.00344564
-0.00055667
-0.00472749
-0.00614344
-0.00577211
0.016643
-0.00560099
-0.00556869
0.0111697
-0.0117234
0.00612238
-0.0109841
0.00561074
0.00537334
0.00892886
-0.0077539
-0.00117496
0.011012
0.00550128
-0.0112715
-0.00524179
-0.00584295
-0.00565261
0.0114956
-0.00916348
0.00864932
0.000514159
0.00577408
-0.0110861
-0.0077645
-0.00385196
-0.0058855
0.00736602
0.0110681
-0.00561453
0.0118372
-0.00622271
0.00531735
0.00544807
-0.0107654
0.00535464
0.00447599
-0.00983063
0.00594322
-0.00861616
0.0079903
-0.000178184
0.00917723
-0.00899904
-0.0118375
0.00626882
-0.00591782
0.0119199
-0.00600207
-0.00632353
-0.00667191
0.0129954
0.00707998
-0.0134035
0.00557893
0.00902023
-0.00807792
0.00561368
0.00542117
-0.0110348
0.0111119
0.00586887
0.00624518
-0.012114
-0.00510505
0.0105631
-0.00545804
-0.0114588
0.00591748
-0.0115323
0.00613995
-0.0116644
0.0104493
-0.0053679
-0.00610809
0.0118763
0.00592735
-0.0121484
0.00622108
0.00624005
0.00600471
-0.0122447
-0.00575494
-0.00536743
0.0111224
-0.0133548
0.00668292
-0.00528863
0.0106297
-0.0053411
0.0127134
9.83578e-05
0.00776238
-0.00637912
0.014738
-8.12573e-05
-0.000171382
0.00149959
0.00643417
-0.00939119
0.00615218
0.00514095
-0.00765389
0.0108171
-0.00464653
0.00563143
-0.00483999
-0.00525982
0.0098833
-0.00568556
0.0126221
-0.00515268
0.00529639
0.0097396
0.00938897
-0.00959225
-0.00489925
-0.00506671
0.00692362
-0.0119218
0.00499819
0.0101877
0.00536959
-0.00386394
0.00573672
-0.00524483
0.0102862
0.00388375
-0.00358278
0.0108613
-0.00612866
-0.00558327
0.000850644
0.00575538
0.00574918
-0.00512937
0.00999209
-0.000948249
0.00412455
0.00620507
-0.00575076
-0.0146339
0.0146297
-0.00311029
0.00394776
-0.00504328
0.00967344
-0.00522241
0.000592241
-0.0065923
0.0129058
-0.00631588
-0.00639591
-0.0127185
0.00656849
0.00573494
0.005771
0.00553373
0.00556603
0.00940982
-0.00493001
-0.00574115
0.00454175
-0.002777
-3.13798e-05
0.00467256
0.00409473
-0.00352084
0.00865567
-0.00062193
-0.0045129
0.000905479
0.00322764
0.00449507
0.00914898
-0.00473884
-0.00387175
-0.0038864
0.00353347
-0.00429233
-0.0038601
0.00586503
0.00721922
0.00574127
0.00576361
0.00396062
-0.00263002
-0.00516431
0.00496423
0.00945893
0.00575026
0.0057547
0.00504879
-0.00602784
0.00495572
-0.00308732
-0.00645685
0.012852
0.00674382
0.00217253
0.00579951
0.00388205
0.00389547
-0.00422022
0.00332344
0.0112968
-0.00558744
-0.00570932
0.00469401
-0.00473893
0.0120061
-0.00620663
-0.00470132
0.000769986
0.00797061
-0.00403927
0.0101244
-0.00530056
0.00550896
0.0057878
0.00260808
-0.00243215
0.00485336
-0.00299623
0.00660784
0.000853605
-0.0057624
0.0112714
0.00398298
-0.00316811
-0.00377796
0.00837372
0.00579358
0.00439988
-0.00354826
0.00978293
-0.00331642
0.0060734
0.00605767
0.00356145
-0.00388566
-0.00773846
0.00633842
0.00122866
0.00447808
0.00524619
5.86616e-05
-0.0130585
0.0130919
0.00352978
-0.00753488
0.0083235
0.0139494
0.0080838
0.00412487
-0.0122087
-0.010743
0.00572424
-0.0110129
-0.00611284
0.0118403
-0.0126765
0.00683353
0.0128235
-0.00658347
0.0124788
-0.00647412
0.0117962
0.0121024
0.0114779
-0.0058642
0.00133551
0.0091893
-0.00603421
0.0114554
-0.00102368
-0.0039702
0.0111492
-0.00615529
0.0157441
-0.0139478
-0.00346585
0.00166951
0.00522809
0.00536813
-0.0105962
0.0110531
-0.00582499
0.00966269
0.00242656
-0.0133146
0.00122534
0.00238902
0.00328196
0.00600982
-0.00761411
0.00459716
-0.000577022
0.00866082
0.00420945
0.00600658
0.00299512
-0.00131785
0.0062497
0.00539743
0.00484033
0.00688482
0.0104058
-0.00544224
-0.00470147
0.00688315
0.00893378
-0.00575955
-0.0057361
0.00428679
-0.00403552
0.00652458
-0.00578623
0.00329717
0.00364898
0.00328933
0.00454563
9.97117e-05
0.00393285
0.0053137
0.00142613
0.00637289
-0.00601042
0.0119642
0.00502364
-0.00439715
0.00984522
-0.00620919
0.0119748
0.0042436
0.00717184
0.00334378
0.00507469
-0.00340759
0.00640626
0.00875376
-0.00365479
0.00733298
0.00812305
-0.00532755
0.0106957
0.0021507
0.00689005
0.00238313
0.00490971
0.0064278
0.00677626
0.00714182
0.00800551
-0.00750647
0.00972833
0.00706885
0.000858891
0.00775471
0.00538425
0.00541213
0.00103104
-0.000546683
0.00115074
-0.000604055
0.000813818
-0.000759109
-0.000736877
-0.00122465
0.000307451
-0.000685468
-0.000827411
-0.000255629
0.000421439
-0.00143655
-0.00200808
-0.00210291
0.000308209
0.00298767
-0.000514984
-0.00121103
0.00186781
-0.00102703
0.00162928
-0.0022304
0.001061
-0.00197874
-0.00178291
-0.00113806
0.0013152
0.00160576
0.00210602
-0.0034124
0.00219886
-0.00362697
-0.0023154
-0.00291441
0.00204105
0.00318878
-0.000811545
-0.00287963
0.00369119
0.0137755
0.00171117
-0.00297358
-0.0125131
0.005399
-0.0103275
-0.0112702
0.00546414
-0.0168049
-0.00584707
0.0156628
-0.00594327
0.00508861
-0.0052757
-0.0034988
0.00255782
0.00755563
0.00748034
0.00557905
0.00604178
-0.0116208
0.00669404
-0.00633023
0.00909297
-0.00487579
0.00287578
-0.00315738
-0.00159489
-0.00539143
0.00700649
0.00147776
0.0109607
-0.00129381
-0.00966692
-0.00107385
0.000375432
0.00046773
-0.0015885
0.00109279
-0.000484779
0.000818472
-0.00142649
-9.86423e-05
0.00432878
-0.00423016
-4.49082e-05
-0.00513581
0.0051807
0.000751788
0.00464752
0.00621685
-0.00624154
2.46755e-05
-0.00566346
0.00521921
0.000444225
0.00590138
0.00592213
-0.00538478
0.00563482
-0.00488305
-0.00683071
0.00692639
-9.56902e-05
-0.000350145
0.0081425
-0.00398341
-0.00363341
-0.00762971
0.00796427
-0.000393006
0.00133974
-0.00630954
0.00536286
0.00246091
0.00112057
-0.00415128
0.00805899
0.00281631
-0.00805918
0.00417149
-0.00396329
-0.00218589
-0.00372822
0.00693679
0.00133382
-0.00158102
0.000785183
-0.00164965
0.0168343
-0.0210932
-0.00601341
0.00538629
0.000627113
-0.000102799
-0.00233683
-0.0045909
-0.0133281
0.0114447
0.00647448
0.00525556
-0.00784104
0.000152044
0.00454128
-0.00136345
-0.00317779
0.00266421
0.00572731
0.00215232
-0.00598696
0.00511083
-0.00731371
0.00409851
-0.00403426
0.0070607
-0.00288106
0.0059163
-0.00191191
0.00457614
0.00495995
0.00238091
-0.00972968
-0.003521
0.00330224
-0.00923481
2.89581e-05
0.00116112
-0.00131067
0.00260623
-0.00397029
0.00502519
0.00167279
-0.00163144
-0.00441011
0.00436877
0.000722895
0.0076459
0.00692436
-0.00039214
-0.000892737
0.00167769
-0.000935961
0.000151008
-0.000495681
-0.00152699
0.00145739
0.000353929
8.16985e-05
-0.000843598
-0.000303313
0.00157717
-0.000430258
0.000244069
-0.000118553
-0.000154375
0.000942464
0.000541
-0.00132909
0.00140036
-0.000983136
-0.00132069
0.000903466
0.00149525
0.000312723
0.000313542
0.000868987
0.0117477
-0.0114845
-0.00682778
-0.000967206
0.00515547
-0.00809438
0.00717377
0.000799016
-0.0079728
0.00252777
0.00576603
-0.00670924
-0.000888885
0.00759812
0.00386904
0.00394143
-0.00781047
-0.0040782
-0.0238466
0.0115238
0.0100556
-0.000982259
-0.00907336
-0.00117614
0.00834989
0.00148787
0.00655713
-0.0017359
-0.00645339
0.00818929
0.000419817
-0.00747084
0.000384029
0.00715918
-0.00979279
-0.0011183
0.0109111
0.00724538
-0.00682557
0.000257411
0.00751932
-0.00619331
-0.000649647
0.00684295
-0.00146044
-0.00639236
0.00785279
-0.000146977
-0.000885976
0.0019443
-0.000911344
-0.00217482
0.00249539
0.00109463
-0.000885675
0.00166052
-0.0017486
-0.000275259
-0.00119483
0.00062649
0.000889579
0.00706552
0.000787956
-0.00152422
-0.00740563
0.006869
-0.00752998
-0.00473425
0.000998759
-0.000725597
0.00446106
0.00140256
-0.00119135
-0.00627924
0.00776711
-0.000385245
-0.00571525
0.00750304
0.00385715
0.00619846
-0.000915419
-0.000408593
-0.00440468
0.00509111
0.00101196
0.000797048
-0.00106353
-0.00299947
-0.00162439
-0.00147235
0.00283788
0.00102029
-0.0030402
0.00150749
0.00153271
-0.00191354
-0.00112666
0.00219084
-0.000509099
-0.00163688
-0.00177001
0.00108099
-0.00333304
0.000434494
-0.00187607
-0.000153473
0.00204472
-0.00368161
0.0012859
-0.00302684
-0.0002423
-0.00313645
0.00141893
-0.00166123
0.00181261
-7.67765e-05
0.00674335
-0.00493264
-0.00296746
0.00348986
-0.00199121
0.00146878
0.00494368
-0.00801834
0.00637659
0.00544678
-0.00841105
6.75314e-05
0.00679634
-0.00686388
-0.0022382
-0.00619501
0.00843319
0.00634541
0.00411551
0.00693924
-0.000528839
-0.00430508
0.00525809
-0.000571025
-0.0048797
0.00427237
-0.00885351
0.00795127
-0.00750708
0.00748345
0.00822967
-0.00477113
0.000717929
-0.0112936
0.00564098
0.00281595
-0.00345265
-0.00649788
0.00418345
0.0022435
-0.00634841
-0.000160935
-0.00665407
0.00155976
0.000881393
-0.0079061
0.000742837
0.000768886
0.00592461
-0.00579831
-0.00217846
0.00205211
0.0015967
0.00367468
-0.00316311
-0.00210839
-0.00193697
0.000610571
0.000297588
-1.7767e-05
-0.000835649
0.00172136
0.00284667
0.00224225
-0.00546482
0.00156138
-0.000631453
-0.00320115
-0.00112514
0.000230505
0.0013728
-0.00160359
0.00151284
0.00251487
-0.00152114
-0.00188514
0.000891284
0.00070391
0.00224005
0.00310068
0.00751257
-0.00595823
-0.00186132
0.00432147
0.00205695
-0.0054482
0.00113578
-0.00311909
0.0082508
0.00058803
0.00120168
0.00232113
0.00524588
0.000677484
-0.00335522
0.000101345
0.00540732
-0.0074118
-0.00101971
0.00200626
-4.06314e-05
-0.000150906
0.00109578
0.000938164
-0.00188268
-0.00131169
0.00465033
0.00183479
0.00757824
0.00245269
-0.00065272
0.000595235
-0.00160798
0.00910542
-0.00396465
0.00369055
-5.28348e-06
3.72364e-05
-0.00314728
-5.3428e-05
0.000545627
-0.00820725
0.000521468
0.00725258
-0.000191327
-0.000169305
-0.00223957
0.00260026
0.0057188
0.000421066
-0.00903925
-0.00103072
0.01007
0.00427623
0.00497932
0.00112153
-0.0104876
0.00144836
0.000323206
-0.00260308
0.00045114
0.00182873
0.000602011
0.0007707
0.00042902
-3.86005e-05
-0.000940726
0.000747018
0.000857502
-0.000147132
0.000455487
-0.000606613
0.00117147
0.000547488
0.000891633
-0.000443854
0.000990009
-0.00119517
-0.000743122
0.000811053
0.000249707
0.000399296
-0.00074885
9.98466e-05
0.00660805
-0.00278541
0.00687366
-0.00371148
-0.0042583
0.00605272
-0.00132389
0.00346772
-0.00214386
-0.00231902
0.00320316
-0.000884124
0.000800834
0.00142294
-0.00222381
-0.00299353
0.000674458
0.00151232
0.00821362
-0.00670135
-0.00353443
-0.00054939
0.00408391
0.000708794
0.00504481
-0.00518952
0.00257926
-0.00136284
0.00382841
-0.000376774
-0.00492216
0.00348914
0.00585336
0.00243547
-0.00209469
-0.00142204
0.00675641
-0.00398159
0.00215272
0.00268966
-0.000445
0.00313467
0.000263526
-0.00537993
0.00511645
-0.00434125
0.0047308
-0.00507285
0.00611076
-0.00556851
0.00583206
-0.00542279
0.00391161
-0.00696528
0.00443122
-0.010451
0.00171098
0.00874006
0.000752354
0.00763203
0.010369
0.000326701
0.00210758
0.00292377
-0.013177
0.00806415
-0.00959496
0.0036384
-0.00872932
-0.00172171
0.00185932
-0.0105886
-0.00208675
0.00958146
-0.00749472
-0.00473856
0.00465372
0.00333596
0.000905464
-0.0121931
-0.00682424
0.00554375
-0.000441226
0.00129312
-0.00320492
0.00290334
-0.000991525
-0.00390528
-0.00188296
0.0054974
0.000290839
-0.00443582
-0.0106504
0.00138457
0.000105739
-0.00537379
0.00772075
-0.00240938
0.00435841
-0.00677091
-0.00108045
0.00844659
-0.00220344
-0.0109607
0.00149762
-0.0029956
-0.00477105
-0.00800846
0.000119227
0.000343145
-0.00118694
0.000724571
0.0107112
0.00240316
-0.00566163
-0.00745276
-0.000714767
-0.000530932
0.0011903
5.54005e-05
0.000495934
-0.000161685
-0.000345191
0.000219737
-0.00475572
0.000744912
-0.00289981
0.00110996
-0.000925787
-0.000391233
0.000951434
0.000365586
-0.000588693
-0.000312929
0.000796849
-0.000766957
0.000293449
-0.00032334
-8.87115e-05
0.000416946
-0.000244352
-0.00104657
0.000873975
0.000629718
-0.000397816
-0.000656778
0.000424876
0.000427303
-0.00031384
-0.00119756
-0.00023794
-0.000758198
-0.000682368
-0.00119936
-0.000178798
-0.00151401
-0.00120701
-0.000727565
-0.000869819
0.00146834
0.000129049
-0.000604615
0.00114084
-8.38236e-05
0.000956047
-0.00106018
0.000965504
0.00161967
-0.00162543
-0.000959747
0.000931724
0.000273116
-0.000248792
0.000993264
-0.00122349
0.00103648
0.000171572
-0.0012194
1.13415e-05
-0.000943659
2.52047e-05
0.000908134
0.000100566
-0.00118841
0.000179713
0.000812523
-0.000492244
0.000406658
0.000348094
-0.00180051
0.00104576
0.000449298
-0.000269649
0.000677437
0.000733357
0.000644103
-0.000384196
-9.67579e-05
0.000392307
0.000613483
-0.00139702
-0.00873413
0.000371104
0.00135767
-0.00679897
0.00618414
0.00524247
-0.00576761
-9.42141e-05
0.000574487
0.00213783
-0.00254491
0.00417638
0.00050631
0.00381933
-0.000555659
-0.00365052
0.000386812
-0.00378682
0.0043829
0.00194849
0.000278313
0.00189057
-0.00411736
0.00356425
-0.00313033
0.000893419
0.00134947
-0.00168168
-0.00056121
-0.00158559
0.00151195
-7.71966e-05
-0.00158324
0.00144449
0.00021594
9.94664e-05
0.000213209
-0.000424792
-0.00165475
0.00194762
0.000131912
0.000975561
0.000216495
-0.00169045
0.000479009
0.00138997
0.00136554
-0.00133026
0.000523661
-0.000561212
-0.00173482
0.00177237
-0.00278989
0.000641979
0.00081367
0.00387889
0.00118826
-0.000890776
-0.00865962
0.00610077
0.00246468
0.00250576
-0.00262576
0.00193385
0.000295858
0.000276049
-0.00133469
0.00494153
0.00318404
-0.00479284
0.00377566
-0.00287906
-0.00143833
-0.00101935
-0.00242532
-0.00102388
0.00150357
0.00194565
-0.00101588
0.00156767
-0.00023395
-0.000317851
-0.00223498
0.00206596
-0.000730559
0.000899572
-0.00416049
0.00868061
-0.000804615
0.0004699
0.00105765
-0.00126896
-0.000258584
3.1677e-05
5.64191e-05
0.000346557
-6.45751e-05
0.000172591
0.00110313
-1.17366e-05
-0.00105971
0.00100697
0.000669197
0.000547856
-0.00021008
0.00154449
-0.00137751
-0.000178717
0.000883116
7.5279e-05
-0.000728311
-1.02157e-05
1.89215e-05
-0.000940449
-0.00077151
0.00136251
-0.00138896
-0.00115662
0.000753905
0.000293176
-1.1125e-05
-0.00103595
0.00073342
-0.00180949
-0.00415128
0.00114038
0.0007839
-0.00161742
-0.000306861
0.000253234
-0.00110538
0.000723558
0.000128593
0.000592674
7.61704e-05
0.000942588
-5.03003e-05
-0.000208302
-0.00080538
0.00120464
-0.000190954
-0.00116939
0.00109133
0.00253546
-0.00524349
0.00193146
-0.00321906
0.00261722
-0.00271198
-0.000296934
0.00314642
-0.000137499
0.00378222
-0.000202435
0.000671524
-0.00171712
0.00162903
0.00132773
-0.000424519
-0.000245909
-0.000657299
-0.00139187
0.00137467
0.001397
-0.00127323
0.000781642
-0.000622543
0.000958821
-0.000314617
0.00016832
0.000946441
0.00141201
-0.00126049
0.000982115
-0.000784898
0.00011094
-0.000308156
0.00214963
1.83409e-05
-0.000742358
-0.00142562
-0.00061805
-0.000331608
-0.000311021
-0.00209452
0.000703656
-0.000117654
-0.000599178
0.000886181
-0.000169349
0.00136392
-0.00140438
-0.00134618
0.000275611
0.00231073
-0.00124016
-0.000530128
0.00206243
-0.000885856
-0.000646441
-1.16317e-05
-0.000217023
0.00047851
-6.93161e-06
-0.00266963
0.00219805
-2.44635e-05
-0.000908837
-3.53685e-05
-0.00117771
-0.000878481
-0.0010244
0.000236378
0.00103629
-0.00119514
-7.75269e-05
0.00117115
0.000280978
-0.00106234
-0.000389779
0.000853171
-0.000734817
0.000755792
-0.000874144
0.000950201
0.00152131
-0.00162063
0.00164908
7.66575e-05
-0.00165586
-6.98793e-05
-0.00153291
0.0013688
0.000170299
-0.000779034
-0.0010546
9.90736e-05
-0.000112557
0.00137902
-0.0013319
0.000355742
-0.000556752
0.00161027
-6.50307e-05
0.000355535
0.000874441
-0.00119654
0.00134873
-0.00012076
0.0014677
-0.00124787
-0.000991826
2.4815e-05
0.000240372
-0.000316168
0.00102508
-0.00192319
0.0023483
-0.00145019
0.00165944
-0.000516492
0.000506836
-0.0022599
0.00173256
-0.000932138
0.000482061
-0.000776321
0.000221951
-0.00280091
-0.000597871
-0.00201888
0.00185364
-0.00185836
0.000868855
-0.000575708
-0.00122809
-0.000215078
-0.00143379
0.000808287
4.97911e-05
0.00102314
-0.000127376
0.0016372
-0.000486686
0.000595206
-0.00169284
-0.000760725
-0.000985171
-0.000656185
0.00164689
-5.53948e-06
0.00127459
-0.00123713
-0.000442135
-0.000271022
-0.000769517
0.000106841
-1.58844e-05
0.000201544
0.000105008
0.00114999
-0.00145655
-2.25441e-05
-0.000927831
0.000940158
-0.000433719
0.00106899
-0.000906294
0.000933376
-6.33529e-05
0.0018662
-0.00171507
-8.77755e-05
0.000927419
-0.00151173
0.00101504
-6.89515e-05
-0.000125122
0.000500989
-0.00164357
0.000238672
-0.000691371
0.000819496
-0.000795934
-0.000223306
0.000155051
8.03464e-05
0.000698505
-0.000933896
-0.00238224
0.00083204
0.00104201
-0.0018272
0.0011302
-0.000218497
-9.22065e-05
0.000981924
0.00108741
-3.17021e-05
0.000951085
0.000243375
-0.00111829
0.000931353
0.00072878
-0.000578186
8.3472e-05
0.0012235
-0.000252277
-0.000861534
0.00101709
-0.00113299
0.00196621
-0.000528682
-0.000420442
0.000924493
-0.000243981
-0.000720181
3.9683e-05
0.00024728
0.000231969
0.00167244
-0.000811617
0.000622016
-0.00138393
0.000872949
-0.00141029
-7.72139e-05
-0.000189719
-0.00223577
0.000767852
0.0010126
0.000542023
0.000750528
-0.00109508
-0.00189121
0.000250644
0.000827072
-0.000958488
0.000705645
-0.000744587
-0.000576535
-0.000368133
-0.000831006
-0.000464823
0.000374167
-0.00100633
0.000349537
-2.11859e-05
-0.00144422
0.00129705
0.00104279
-0.000556812
0.000477308
0.0012698
0.000561932
-0.00158471
0.00133817
-0.000315395
0.00117032
-0.00131461
0.00150392
8.66576e-05
-0.000362764
-0.00122782
0.000766005
-0.000906882
-0.000268169
0.000963207
5.29988e-05
-0.000127704
-0.00122378
0.00447595
-0.00312311
0.00444646
-0.00517765
-0.00214146
0.00205814
0.00208959
0.00197864
-0.00136183
-0.00487559
0.00385066
0.000140829
-0.00323661
-0.000462383
-1.85154e-05
0.00605597
-0.00509128
-0.000946235
-0.00161599
0.00305057
-0.0045346
0.00764849
-0.00483821
-0.00156121
-0.00536297
-0.00595947
0.00707611
-0.00111664
0.00969892
-0.00721964
0.00920211
0.000993951
-0.00833691
0.000549652
0.000101736
-0.00139357
0.000742184
-0.000790754
5.26843e-05
-0.000139342
0.000142353
-0.000356381
6.56381e-05
0.00126498
-0.000342562
-0.000887581
-0.000854661
-0.000159014
0.00227865
0.000194951
0.000371746
0.000728824
-0.00129552
-0.000950351
0.000219235
-0.00030551
-0.000987684
-0.000196342
-0.000368555
0.00498801
-0.0045539
0.000634694
-0.0014152
-0.00379859
0.000226377
5.00701e-05
0.00114431
-0.000172929
-0.00061799
-0.000353392
-0.00165172
0.00046412
0.00111089
0.000390896
-0.000303074
0.000714257
0.00143356
0.000911089
-0.000993216
-0.00135143
-0.00100438
0.00178555
-0.000654778
-0.000545943
-0.000757637
-0.00885898
0.0102249
-0.000608324
0.00283826
-0.00243644
-0.0016249
-0.000100816
0.00267525
-0.00419933
-0.00146505
0.00115967
0.000225131
8.0241e-05
0.00153409
-0.0012662
-0.00171324
0.00144535
0.00029507
-0.000311558
0.000302553
-7.81622e-05
-0.00102957
-0.00092354
0.000433933
0.00151145
-1.61426e-05
-0.000749527
-0.000745785
-0.00145614
0.000637504
0.00101334
0.00256442
0.00108098
-0.00374622
0.00104867
-0.00118592
0.000239883
-0.00157323
-0.000131702
-0.000494922
-0.00143423
-0.000873241
-0.00161549
-0.000278583
0.000207444
0.00100052
-0.000929383
8.55966e-05
-0.000589566
0.000923347
-0.000419378
-0.000696212
0.000674331
-0.000306869
0.00305563
-0.00284467
-0.000806314
1.86603e-06
-0.00566847
0.00354013
0.00212648
7.47053e-05
0.000968107
-0.0010033
-3.95155e-05
0.0024845
0.00015516
-0.00159324
-0.00104642
-0.00828569
0.00790044
-0.00124399
0.00118098
-0.000167109
-0.00288599
0.000219951
0.00283315
-0.000889707
0.00081713
0.0006651
6.73449e-05
0.000316227
0.00164861
-0.00117952
0.000671293
0.000820875
-0.00102041
0.000576431
0.00038081
-0.00104787
0.000734401
0.00118876
-0.000313665
-5.4219e-05
-0.000929324
0.00125535
0.000813958
-0.00113999
0.000862938
-0.000635525
0.00108692
-0.000431819
0.000323083
-0.000978187
0.000628889
-0.00122085
0.000519147
7.28124e-05
0.00114911
-0.000192816
-0.000410986
0.000333704
0.000392383
-0.00078744
-1.59292e-05
0.000969564
0.000806601
-0.00101816
0.000342
0.000877336
-0.000412735
0.00025319
-0.0012505
0.000215261
0.000782053
6.6448e-05
8.00686e-06
0.000464898
-3.67069e-05
-0.000187671
0.000166192
5.79037e-05
0.000161307
0.0010079
0.000519788
-0.000156266
-0.00137142
0.00112421
-0.000953692
0.00118036
-6.95853e-05
1.34411e-05
0.00105147
-0.000654406
0.000170283
0.000660024
-0.000653623
0.000569432
-9.70789e-05
0.000209674
-0.000338389
0.00115591
-0.000234819
-0.000711421
-0.000435187
-0.000151529
-0.00094033
0.000723072
0.000295268
-0.000505612
0.00121209
-0.000651078
-0.00049585
0.001451
-0.000469753
-0.000485398
0.000254935
0.00056623
-9.80928e-05
-0.00626971
0.00678063
-0.00660014
0.000169341
-0.00349435
0.00709352
-0.00387912
0.000325929
0.00634514
-0.00279197
0.00500226
-0.00230864
0.00412159
0.000678254
-0.00101465
-0.00190871
0.00195339
0.00113576
0.00716679
-0.00840769
0.000105085
-0.000886699
0.00773053
0.00139105
-0.00618177
0.00394824
0.00336928
-0.00216433
-0.00872304
0.00447084
0.00641656
0.00464253
-0.00190158
0.00546037
0.00415605
0.00745688
-0.00230394
0.00118878
0.00591794
0.00316263
-0.000406411
0.00376975
-0.00772115
0.00142085
0.00253053
-0.00191645
0.0030775
-0.00747514
0.00364244
-0.00218664
-0.00513584
0.00368007
-0.00217792
-0.00158849
-0.0171641
0.0034249
0.0144481
-0.00936983
-0.0026152
0.00447972
-0.00186449
-0.00461809
0.00766797
-0.00406582
0.00145064
0.00190825
0.00282267
-0.00442204
0.00335575
0.0197378
-0.007985
-0.0139306
-2.81311e-06
0.00404736
-0.00163179
0.00423822
0.00026897
-0.00527798
0.00113011
0.00339578
0.00305045
0.0130376
-0.0194836
-0.00549851
0.017916
-0.00333574
-0.00908182
-0.0110927
0.0145561
-0.00346332
-0.00919563
0.00654829
0.0039761
-0.00123853
-0.00928584
-0.00655358
0.00557346
0.00595733
-0.00819554
0.0132256
-0.00813112
0.00154185
-0.00663628
0.00709661
0.000678112
-0.00676127
0.000899751
0.0028363
-0.00744545
0.00370942
-0.00422147
0.00727767
-0.00445487
0.00723323
-0.00446634
0.00651123
0.00365834
-0.00707019
0.00341183
-0.00129528
-0.00819419
0.00543948
-0.00510571
0.00025145
0.00491174
-0.00516315
0.00465225
0.00856097
-0.00438826
-0.00882499
0.00514541
-0.000107479
-0.000464385
-0.00247659
0.00294098
0.0045771
-0.00563574
-0.00263717
-0.00423801
0.00687519
0.00557239
-0.00727012
-0.000141627
-0.00584331
0.00598498
-0.00325351
0.00278912
-0.00510239
0.00496079
0.000730318
0.00703708
-0.00824717
-0.00154563
0.0012279
-2.67605e-05
-0.000888435
-0.000312708
0.000166581
-0.00068022
-0.000188522
0.000702161
0.000999701
-0.000666928
9.33738e-05
0.000769842
0.000224867
-0.000558212
-0.000460132
0.000793478
-0.000800234
0.000702538
0.000507839
-0.000410143
0.000744151
-0.000887673
0.00117919
-0.00137126
-0.00214718
-7.32854e-05
0.000633798
0.00158667
3.96614e-05
0.00115232
-0.000447826
-0.00107006
0.000915626
-0.000415773
0.00160895
-0.000671025
-0.000522155
-0.00111548
-0.000142588
0.00169865
-0.000940334
-0.00067272
-0.000171725
0.00161885
-0.00145184
4.72146e-06
0.00123175
-0.000928353
-0.000668644
0.000828959
0.000529957
-0.000114041
0.000887478
0.000683223
-0.000338947
-0.0088828
-0.00105038
0.00986433
0.000505948
-0.000173033
0.00430256
-0.00242928
0.00381846
-0.00156222
0.000896785
-0.00337631
0.000984315
0.00484752
-0.00245552
-0.00197309
-0.00130552
0.00132068
0.00153806
-0.000504609
-0.000397019
0.0032059
-0.00222569
-0.000989826
-0.000621985
-0.000918569
-0.000100685
-0.00187667
0.00108765
0.000243354
-6.94733e-05
-0.000906325
0.000789833
0.000351306
0.000637941
-0.000197251
-0.000791996
0.00100865
-0.00107641
0.00044767
0.00171197
0.000590431
-0.00275008
-0.00115177
0.000747164
0.00012603
0.000876849
-0.00105839
0.00186782
-0.000285763
-0.000118832
0.000556179
-0.000738606
0.000301257
9.21353e-05
0.000747717
0.000202287
0.000863113
-0.00110193
0.000629019
0.000225303
-0.000973154
-0.000804279
-0.00130477
-4.94479e-06
-0.000731414
0.000746326
-9.96653e-06
0.000197879
-0.00022568
0.000970886
0.000195797
-0.000809753
-0.00035693
-0.000225925
-0.000574568
0.00100023
-0.000255271
-0.00211187
0.00228612
0.000271541
-0.00223292
-0.00135076
0.00331215
0.00194036
-0.00323053
0.00161806
0.000220605
-0.000236001
-0.000248837
-0.000677961
0.00087637
-0.000177522
0.002736
-0.00160966
-0.000948809
-0.000882799
0.000855935
-0.000149293
0.000176157
-0.0017676
0.00123543
0.000179507
0.000352662
-0.000801624
4.38564e-05
-0.00018111
4.16887e-05
7.72695e-06
-0.000804402
0.000754987
0.000668989
-0.00103002
-0.000126626
0.00207333
-0.00440721
0.0026122
0.00454883
0.00321106
-0.000606492
-0.00715341
-0.000424275
-0.000993595
-0.00141632
0.00283419
0.00494199
0.00240805
-0.00430984
-5.67268e-05
0.000886079
-0.000797608
2.70643e-05
-0.000115534
-0.000619104
3.97705e-05
0.00078902
-0.000421547
0.000715645
0.000696514
0.00125036
-0.00086911
-0.00107776
0.00306283
0.000337573
-0.00284576
0.00362996
-0.00103939
0.000255184
0.00924915
-0.0100622
0.00115066
-0.0013205
0.00102797
-0.000762291
-0.000606339
-0.000818712
-0.000376179
0.000449107
9.93726e-05
0.00114903
-0.000975074
-0.000273324
-0.000947845
-0.000173208
-0.000675264
-0.00104514
0.000156833
-0.00043219
-0.000276025
0.000819986
-0.000999839
0.00126042
-0.00108057
-0.0010896
0.000291872
0.000162574
-0.000605379
0.000747311
-0.00156051
0.00161892
-0.000151883
-0.000805227
0.00125511
-0.000531424
-0.000150458
-0.000573228
-0.000463615
-0.000976862
0.00116221
0.000278272
0.000683416
-0.000467783
0.000767325
-0.000982958
0.00142868
-0.000487846
-0.000412395
-0.000528442
0.000939626
0.000480095
0.000849207
-0.000389676
0.00116673
-0.000847993
0.000987721
-0.00128654
0.000298775
0.000139773
0.000640704
-0.000830936
0.00077213
0.00146658
-0.00115179
-0.00109174
0.00127959
9.83909e-05
2.2996e-05
0.000487947
0.00089377
-0.00140471
-0.000887492
0.000495968
0.000743088
0.000204245
-0.000205683
0.00110483
7.43314e-05
-0.00113403
-0.0010286
0.00107089
0.00122976
-5.69673e-05
-0.00012132
0.000813334
-0.000765705
-0.0012169
-0.000838867
0.00107759
0.00101517
0.000349752
-0.000963596
-0.000258406
0.000876811
0.000516396
-0.000570028
0.000188557
0.000529143
0.00056925
-0.00128695
0.00101873
-0.000731467
0.000105118
-0.000203949
-0.000172305
0.000875542
-0.00055623
0.00055587
0.000875903
-0.000846242
-0.000503228
-0.000949372
-0.000252542
0.000457327
0.00273347
-0.00972494
0.0046579
0.000479254
-0.0220423
0.0123244
0.00923852
0.000525042
0.00841034
0.00688702
-0.0158224
0.0061758
0.00103691
-0.00208923
-0.00512349
0.00391663
-0.00535813
0.00104277
0.000208198
-0.000902063
1.36458e-05
-0.00303615
0.00966917
0.00775601
0.00371573
-0.008165
0.00727545
0.00701937
-0.0068555
0.00261371
-0.00164913
0.00651794
-0.00269338
0.0105076
0.00875603
-0.0109903
0.0022343
0.00412498
-0.00756848
0.00232387
-0.00897674
0.000614794
-0.000641437
0.00115768
-0.000408375
-0.000134509
-0.000474551
0.000689864
-0.00045013
0.000784701
0.000162281
-0.000889078
0.000797119
-0.000815139
-0.00072814
0.000816989
-2.24017e-05
-0.00129184
-0.00050629
0.000272855
-0.00123678
0.00115935
-0.000806066
0.000876311
0.00103677
-0.000997672
0.00105111
-0.000785971
-0.000542983
0.000277845
-0.000933364
-0.00139597
0.000295604
-0.000941884
-0.000159787
0.000163888
-0.000135987
0.000147729
-0.000304351
-0.00111267
0.000969706
-7.2467e-05
-0.000193504
-0.000620681
0.000690231
-0.000112903
0.000374835
0.00102093
-5.93499e-05
-0.00125749
0.00073894
-0.000410368
-0.000432601
0.000708461
0.000540784
0.000274676
-0.00087481
0.0011683
0.000470221
-0.0012846
0.000918421
-0.000810677
5.45371e-05
-0.00107842
-0.000578917
0.00167737
-0.00124575
0.000147295
-0.00165649
0.00834255
-0.00232214
0.0135802
0.0109884
-0.000169726
0.000481659
-0.0083486
0.00203341
-0.00100204
0.000931974
-0.000334258
-0.000816642
0.000148862
0.000170082
-0.000228751
0.00108693
0.000112841
-0.000971016
4.49994e-05
-0.00120916
0.000935407
0.00111175
-0.00101007
-0.000730277
-0.000490807
0.00057766
0.000643424
0.000750927
-0.00065419
0.000958399
5.58384e-05
0.00112923
-0.000226664
-0.000304302
0.00128362
-0.000228393
-0.00030475
-0.000970568
-0.000898275
-0.000546342
-0.000137144
0.00158176
0.000928539
-0.000573678
0.000869163
4.88962e-05
0.000648956
0.000660475
0.000911298
0.000154584
-0.000416925
-0.00129017
0.000872528
-0.000336592
0.000681945
-0.00136941
-0.000326202
0.0021575
-0.000446628
-0.00138467
-0.00066922
-0.000597661
-0.00047798
0.00155865
-0.00174989
-0.000378232
0.000112502
0.00166273
0.000295373
-0.00208157
0.00185667
0.00216105
0.000150675
0.00117667
-0.000388466
0.000561262
-0.00104575
0.000569385
-0.00162685
0.000369677
0.00068779
0.00100328
-0.0012176
-0.000907401
0.000878846
-2.90208e-05
-0.00160407
0.000901046
-0.00100069
0.000124461
-0.00167673
-0.000228771
-0.00155267
0.000935446
-0.000385545
0.00131605
-0.00117697
-0.000939189
-0.00278181
0.00130932
0.00100127
0.000471195
-0.00163636
0.00155986
-0.000915945
2.53941e-06
-0.000587954
-0.000383613
0.000693046
-0.00122547
-0.000265916
-0.00130419
-0.00200581
0.00246768
-0.000164315
-0.00146417
-0.000163159
7.46604e-05
-0.0018618
-0.000269714
0.000665715
-0.00292905
0.00253781
0.000603714
0.00087902
-0.00102198
0.000317663
0.00126834
-0.000508202
0.00189336
-0.00114736
-0.000137223
-0.000608771
0.00107867
-0.00117459
0.000794426
0.00122904
-0.00101737
0.000101992
-7.195e-05
-0.000755147
0.000831416
-4.32049e-06
0.000172665
-0.000212695
-0.000991825
-0.000861342
-8.49888e-05
-0.000192546
0.00113888
-0.000311833
-0.00081693
-9.36684e-05
0.00103395
-0.000121624
-0.00122416
0.000244584
0.00133773
-0.000251054
-0.00133126
0.00021689
0.00178215
-0.000753133
0.000604663
-0.000686445
-0.000389769
0.000233796
-0.000761367
0.000917337
-0.00551842
0.00640927
-0.00066447
-0.00330952
0.00347951
0.000555884
-0.00072587
-0.000433929
-0.00055485
-0.00381255
-0.000876261
-0.000596885
-0.00023868
-0.000316337
0.0011519
0.000932671
-0.000942433
4.905e-05
0.00111894
-0.00138068
-5.38903e-05
-0.00518061
0.00428731
0.00307578
-0.00218248
-0.000764116
0.000788594
3.7141e-05
-0.000174677
0.00107021
0.00099976
-0.000100448
0.0011439
0.000973874
-0.00101124
0.000429238
0.000275136
0.0005776
-0.000494107
-0.000768651
-0.00114117
-8.65154e-05
-0.000157197
0.000748795
-0.00136025
-5.11537e-05
-0.0016554
0.000876094
-0.00112186
0.00026795
0.00170471
-5.94402e-06
-0.000774765
-0.000924003
0.000108439
0.000435911
0.000716685
-0.00126101
0.00187421
-0.00219398
-0.00101249
-0.000339556
-0.00156717
0.000462406
-0.000705514
0.00105497
0.000321251
0.0015484
-2.27762e-05
-0.00195916
0.00043355
0.000222498
0.00172357
-0.00144692
-5.41492e-05
-0.00142987
-0.000148256
0.000350449
0.00185581
0.000553365
0.00179237
-0.00155746
-0.00348785
0.00197332
0.00307187
0.00262784
0.000457621
-0.000254932
-0.00283054
-3.03307e-05
0.000106302
-0.000149369
0.000982607
-0.000678425
0.000553248
-0.000857432
0.00117443
0.000822862
-0.000787197
0.00127509
-0.000383898
-0.00104959
0.000158402
-0.00155129
0.00157466
-0.00107735
0.00105394
4.49322e-05
-0.000762112
0.00166078
-7.58095e-05
0.00140175
-0.000442738
-0.00153806
0.000579049
-0.000359123
-0.00131036
0.00209089
-2.82881e-05
-0.000752335
0.000340705
-0.00134519
-0.00170981
0.00206811
0.00102774
-0.00302935
0.000656405
-0.000579319
0.000875088
-0.00150898
0.000775209
-5.34277e-05
-0.00275468
0.00244493
-0.00258039
0.00252713
-0.000661775
0.0003119
-0.00114777
0.00149767
-0.00152853
0.00151208
-0.000435377
-1.27198e-05
0.00222151
-0.000852493
-0.00135631
0.000873908
0.000391562
0.00161549
0.00148437
0.000119595
0.00162264
-0.00205606
-0.000756089
0.000972512
-0.000968812
-0.00250856
0.00014394
0.00248336
-0.000118746
-0.000381216
0.00136391
-0.00136825
0.00106504
-0.00118511
-0.00307824
-0.00165251
-0.000637425
0.00237233
-8.24005e-05
0.00352881
-0.00406073
-0.00309166
-4.3577e-06
-0.000563759
0.000126601
0.000639273
0.00324441
-0.0040103
0.000256163
-0.000317982
-0.0013671
0.000354822
0.00131677
-0.000216996
0.000976577
-0.000921786
0.000189464
-7.52219e-05
0.00101877
0.000163366
-0.00138704
-0.00123554
0.000907111
2.36833e-05
0.000420264
-0.000175553
0.000616975
-0.000145887
-0.00137557
-8.53097e-05
-0.000429539
0.00115215
-0.000637303
0.00095193
-0.000899299
0.000738564
0.000517963
-0.00047497
-0.000104001
-0.0010853
0.00166427
-0.000971351
0.000835241
0.000154298
-0.000877269
0.000954268
0.000261151
-0.00106112
-0.00172227
0.00027712
0.000841723
-0.00124547
0.00115238
-0.000960703
0.00106204
-0.000121941
0.000258089
-0.00101255
0.0008764
0.00114136
2.46765e-05
-6.03144e-05
0.00106049
9.1681e-05
-0.00154715
-0.00115229
-0.000358094
0.000952547
0.00138773
-0.0016175
-0.000352361
0.000582135
0.00122352
-0.00322844
0.000282651
0.0014677
-0.000235726
-0.000396942
-0.00225537
0.00053787
0.00211444
0.00155637
-0.00157033
0.00214032
-0.00216692
0.00231921
-0.00213771
9.41102e-05
0.000163157
-0.001421
0.000879201
0.000382015
-0.00104653
0.000356198
0.00056091
0.000735179
-0.00036293
-0.000933161
-0.000843813
0.00101432
-0.000863988
-0.00113129
1.75261e-05
0.00100774
0.000106026
0.000473591
-0.00127386
0.000244044
0.000624815
-0.00023265
-0.000541469
0.00101135
0.00103691
-0.000348994
-0.000171522
-0.0024316
-0.000267383
0.000657787
0.0020412
-0.00146878
0.00144737
0.00105583
-0.000162594
0.00129609
-0.000963212
-0.000211577
0.000950365
-0.000901382
0.0015819
-0.00163577
7.44145e-05
-2.05473e-05
0.00135494
0.00167101
-0.00173586
0.00112709
0.000382233
0.000973751
-0.000745936
-7.03659e-05
-0.000157449
0.00224689
-0.00242543
-0.000788201
-0.0012633
0.00134655
-0.00422341
0.000702044
0.000560749
0.000186044
0.00155633
-0.00133269
-0.00238
0.00307608
0.00198231
0.000134774
0.00198376
-0.00167471
0.00235306
-0.00249957
0.00187941
0.000488685
0.00197274
-0.00227538
5.77749e-05
0.000301554
-0.00208824
0.00150381
0.000887169
1.1298e-05
0.00118013
-0.00126084
6.94121e-05
-0.000982329
-0.000361331
-0.000818211
0.00112077
-0.000725984
-0.000204125
-0.000190657
0.00100993
-3.1655e-05
-0.000458485
0.000880325
-0.000158971
0.00109029
-0.00108407
-0.000165188
-0.000914202
-1.91353e-05
-0.000252586
-0.00064917
-0.000833671
-0.000260788
-0.000928525
0.00117018
0.000910371
0.00111013
-0.00173421
0.00093401
-0.000309927
-0.00124529
0.000829647
-0.000208148
0.000237631
0.000142121
2.60851e-05
0.00214874
-0.000111405
-0.00206342
0.00203783
-0.00029473
-0.000446528
-0.00129657
-5.28094e-05
-0.00153218
0.000116209
0.000381244
-0.00171706
0.000297675
-0.000477671
0.000980468
-0.000534451
0.00138908
-0.000302762
-0.00023267
-0.00173356
0.00375475
-0.00178851
0.00234309
-0.00252549
0.000239481
-0.001492
-0.000638931
0.00452927
0.00210296
-0.0059933
0.0016593
-0.00689619
0.00459797
0.00271106
-0.00123988
-0.00912393
0.00765276
-0.00836793
0.00829913
-0.00906116
0.00943752
0.000257646
-0.000678285
0.00159565
-0.00117501
0.000933458
0.000622305
-0.000982108
-0.000573655
0.000122095
0.0017513
-0.000672203
-0.00120119
0.0016398
-0.000448143
0.00151779
0.000172831
-0.00139185
0.0014692
-0.00107127
-0.000440781
0.000980624
-2.86755e-05
0.00130256
0.000107916
0.000893838
-0.00230431
-0.000581805
0.00140549
0.00119473
0.000533173
0.00169474
-0.000639183
0.000112256
0.000334271
-0.000786312
0.000213301
-0.0037967
0.00115413
0.000103668
-0.00158522
0.00134004
0.000141514
0.000998592
-0.000836166
0.000965029
0.000157471
0.00316625
-0.000380362
-0.00313536
0.000349472
-0.00127315
0.00141798
-0.00101062
0.0016976
-0.00124649
-0.0018182
0.00147556
-0.000239168
0.00226594
6.41479e-05
-0.000128162
0.00130985
-0.000244513
-0.00178363
0.000718296
0.000754907
0.000134601
-0.0003835
0.000910823
0.00199778
-0.00158483
-0.00012318
0.00175241
-4.44041e-05
-0.00219363
0.00155096
0.000750592
0.00202193
-0.00238433
-0.00162335
-0.00256354
0.000148218
0.001473
0.000942327
0.00183987
-0.00195899
-0.000137945
0.00175179
0.000226024
0.00253722
0.000501539
0.00285642
-0.0030268
-0.000331152
0.00222323
-0.00262087
0.000461792
0.00248803
-0.00244334
0.0027636
-0.00294667
0.000147547
-0.00113275
-6.97145e-05
0.00105492
0.000102396
0.00156697
-0.00188128
-0.000490239
0.000460058
0.00160571
0.00239268
0.000227707
-0.00174179
-0.000878605
0.00075701
0.00161435
4.52643e-05
-0.000960386
0.000912547
0.000153702
-0.00118787
-0.000682213
-0.0004227
-0.0006015
-0.000520357
0.00111134
0.000733874
-0.00119013
-0.000655087
-0.00146395
0.00203851
0.00146935
-0.000849593
0.00285976
-0.00269428
-0.000223837
0.00145417
0.000496696
-8.20045e-07
-0.00177939
-1.41815e-05
0.000606439
-0.00357383
-0.000317864
-0.00104124
-0.00279715
0.00352052
4.72123e-05
-0.00112609
0.000689105
-0.000475155
0.000412767
-0.0014437
0.000322469
0.000708465
-0.00326524
0.000899492
0.00517642
-0.00281067
-0.000265939
0.000127419
0.000709537
-0.00121534
-0.000470344
-0.000411337
-0.00207174
2.37678e-05
0.00226486
0.00119041
-2.14705e-05
0.000138588
0.00243344
-0.00586094
-0.00559886
0.00298731
-0.00593598
0.0036482
-0.00441197
0.017117
0.00752653
-0.00792294
0.0066798
-0.00135426
-0.00395716
0.00531141
0.0157552
0.00226791
-0.00180961
-0.0162134
-0.000411792
-0.00311893
0.00262994
0.00102552
-0.000144466
-0.00351099
0.00176938
-0.00184487
0.000281743
-0.00199039
0.000102284
0.000668709
3.09553e-05
0.00215858
0.000649533
-0.00252509
-0.000283027
-0.00109771
0.00233835
0.000878041
-0.00228755
-0.000928845
-5.9118e-05
-0.000187878
-0.000973915
0.00122091
-0.00145923
7.27369e-05
-0.000365337
-0.0019307
-0.00267728
0.000359014
-0.0013098
0.00186692
-0.00154711
0.00032973
-0.00382943
0.00367508
0.000844941
-0.000452861
-0.00195572
0.00202308
-0.00075744
-0.00245856
0.000248698
-0.000309605
0.00111634
-0.000464353
-0.00522745
0.00463637
-0.000956882
-7.81331e-05
0.00653587
-0.000973482
-0.00548429
-0.00608271
0.00120376
0.00382663
0.00105229
0.0331866
-0.00919562
0.0064022
0.0017512
-0.00588132
-0.00227209
0.000220434
0.00494601
0.00123574
0.0210789
-0.0215777
0.00430666
0.0165066
-0.0194472
-0.0013662
-0.00969505
0.0151647
-0.00212684
-0.00334291
0.00813566
-0.00256327
-0.00651939
-0.00253945
-0.00745701
0.0119316
0.00201345
-0.00648788
0.00282355
-0.00781026
-0.00268741
-0.00427307
0.00551839
-0.00201209
0.00656901
-0.0143652
-0.00494518
0.00519664
0.0122322
-0.0221435
-0.00505695
0.00422368
-0.00498127
0.00362701
-0.00627871
-0.0102294
-0.00545392
-0.0132639
-0.000973722
0.0208065
0.0133954
-0.0176191
-0.00123373
0.00178209
-0.00229543
0.00138431
-0.00237787
0.00328899
0.000537683
-0.00126609
-0.00018053
-0.00207188
7.23611e-05
0.00127587
0.000723644
-0.0028576
-0.00184066
0.000833131
-0.00104853
-0.000330352
-0.00138219
0.00202447
-0.000772847
0.00114664
5.2438e-05
-0.000426216
-0.00035612
0.000556587
-0.00173262
0.000972677
0.00020336
-0.00117543
0.000119825
-0.0110584
0.00422986
0.00735363
-0.00885366
0.00577737
0.000666916
-0.0192005
0.0111518
0.00314575
0.00490287
-0.0188829
-0.00781848
0.00374027
-0.0074112
0.00807992
-0.00211239
0.0193817
9.85446e-05
-0.0173679
-0.00783937
0.00673537
-0.0177789
0.000629478
0.00404857
0.00149775
-0.00246097
0.00303552
0.0100343
0.0163787
0.00480747
-0.00136833
0.000803271
0.00125589
0.00142547
0.000140205
-0.00282003
0.00290727
-0.000227473
-0.00305857
-0.00327316
0.00213171
0.0012118
-7.03791e-05
-0.00196191
-0.00105168
0.00204197
0.000455278
-0.000763506
-0.00251183
0.00153711
-0.00264916
0.00105413
-4.48464e-05
0.00141336
-0.00126606
-0.00030506
0.000157759
0.000239057
-0.000241962
-0.00184197
-0.00143066
-0.000137542
0.00180726
-0.000434253
0.00229463
-0.000157156
-0.00170322
-9.85898e-06
-0.000697812
0.00240388
0.000351939
-0.00313181
0.00338317
-0.00352461
0.00335809
0.00127482
7.21346e-05
-0.00470502
-0.00047544
0.00313047
0.000573001
-0.000477332
-0.000503802
-0.00134441
-0.000734164
0.00157478
0.00113952
-1.88795e-05
-0.00114318
-0.0031039
0.00274907
-0.00143415
-0.000931219
-1.89594e-05
0.00033206
0.00283908
-0.00060672
0.000472388
0.00279276
0.000266075
0.0011663
-0.00111247
0.00351891
-0.00322744
-0.000136483
-0.00164389
-0.00230369
0.00198624
-0.00198995
0.00272733
-0.00194919
0.00121347
-0.00685406
0.00194397
-3.68899e-05
0.00276339
0.000572009
9.97687e-05
-0.00343516
0.00237422
7.42072e-06
-0.00333816
0.000956517
0.00749977
-0.00534092
-0.000945369
-0.00023693
2.5702e-05
0.00397038
-0.00375915
-0.000301902
0.00203304
0.000978975
-0.00271011
0.00321071
-0.00349494
-3.1086e-05
0.00131141
0.00031713
-0.000859937
0.000429904
-0.000654529
-0.00280802
0.000759309
0.00270324
-0.00122833
0.000362622
-0.00296373
0.00115007
-0.000249045
-0.000340113
0.000938561
0.000767048
-0.00097043
0.000401399
-0.00120278
0.000762782
-0.0011124
0.000554176
0.000364651
-1.78151e-05
8.65361e-05
0.00108135
-0.00105634
-0.000743389
0.00116883
-0.000226037
0.00156439
-0.00149291
0.00015456
-0.000856638
0.000899267
0.00234739
0.0036319
0.000110358
-0.00358747
-0.000154786
6.63656e-06
-0.00210026
-0.00033181
-0.00216947
0.00266528
-0.00227874
0.000627864
-0.00101439
0.00432505
-0.0049348
0.000762731
-0.000152972
0.00183498
7.80517e-05
0.000371762
-0.00228479
0.00263733
4.57238e-05
0.000968501
-0.00234005
0.00132583
0.00170361
0.0016195
-0.000132017
-0.00137128
0.000135035
-0.0135503
0.00235686
0.0332331
-0.033426
0.0145689
-0.00742091
5.57683e-05
0.00597927
-0.00691714
0.00769443
-0.00107774
-0.0142489
0.0137813
0.00154529
0.0141557
-0.00541207
-0.00200832
-0.00651459
-0.00164303
0.00124048
-0.0155005
0.00454314
0.0327615
-0.021804
-0.000922472
-0.00563111
0.00373964
-0.0166332
0.00421742
-0.00622554
0.00200813
-0.0263134
-0.00258726
0.0236563
0.00524445
-0.00466274
0.0251384
-0.0383508
0.00195854
-0.00694389
-0.00969957
-0.00100419
0.00277228
0.00793145
0.00944373
-0.00278026
0.00680896
0.00953729
-0.00389633
-0.01245
-0.00362258
-0.0195101
-0.0031807
-0.00606005
0.00612758
-0.0214983
0.00583268
0.0187162
0.0108964
-0.00346178
-0.000886293
-0.00973421
-0.00180007
-0.00955883
-0.00430947
-0.0140346
0.00368874
-0.00685888
0.0112973
-0.0124233
-0.00860815
0.0206067
-0.0113444
-0.0225263
0.00275818
-0.00461268
0.00145921
-0.000867324
-0.000591878
-0.000708233
0.00114395
-0.00342648
0.00738172
-0.00396382
8.56309e-06
-0.0070348
0.00689783
0.00731212
-0.00729121
-0.00369367
-0.000414213
-0.00292693
0.00663655
-0.00508895
-0.00193286
-0.0373229
0.0305902
-0.005147
0.0215184
-0.0148063
-0.00156513
-0.0055149
-0.0269022
-0.00248651
0.0238738
0.0195754
-0.0249875
-0.00647673
0.000978374
0.00823435
-0.000895236
-0.0083175
-0.0171003
0.0245807
-0.0139572
0.00347917
-0.00134751
-0.00213163
-0.00840936
0.00774533
-0.00802187
0.00844234
0.00579938
-0.00876559
0.00327509
-0.000308885
0.00178641
-0.00163255
0.0042337
-0.00394626
0.000733471
-0.00102091
0.00408001
0.000882972
0.00152376
-0.00239673
-9.99484e-06
-0.00171226
-0.000323816
7.08353e-05
0.000899072
-0.000140956
0.00149643
-0.00136295
0.00167943
0.000891273
0.000135089
-0.000202267
0.0015555
-0.000169988
-0.000843881
0.000225773
-0.000707955
0.00224797
-0.00176579
0.00168873
-0.000181193
-0.00154486
-0.000376102
-0.00116994
-0.000213098
-0.00125538
0.000224487
-0.00277529
0.000272996
0.00272224
-0.0001595
-0.00105954
0.00146451
-0.000245472
-0.00170114
-0.000502566
0.00221034
-0.00190713
-0.0017551
0.000196655
-0.00284537
0.000741583
-0.000472335
0.00026502
0.000268739
-0.00184879
-0.000564703
0.00214476
-0.000631476
0.00190156
-0.00100134
-0.00276421
0.00265576
0.00104561
-0.000593702
0.00137354
-0.00182544
-1.99723e-06
0.00129678
-0.00306723
-0.00228424
0.000779761
-5.43062e-05
-0.000216121
-0.0019232
-0.00250291
0.00232125
-0.000290668
-0.00106959
-0.00146714
0.00240025
0.00557407
-0.00622382
0.000270018
0.000779463
-0.00320699
0.00215751
-0.00176443
0.00272537
0.00137902
0.00210016
-0.00275871
0.00124132
-0.000444776
-9.3211e-05
0.0018555
-0.0012139
-0.00251904
0.000822994
0.000443332
0.00030945
-0.000797065
0.00190778
0.000433262
-0.00310098
0.000759933
-0.000589584
-0.00311639
0.000348531
-0.00409443
0.000356328
0.00338957
0.000528667
-0.00301506
0.000473817
0.00266064
-0.000163748
0.000218824
0.000511114
0.00274819
-0.00134922
-0.00167235
0.000273371
0.00249582
-0.00161888
-0.000100452
0.000459254
-0.00254311
0.000395544
-0.00450857
0.00116559
0.00168626
0.00165672
8.27231e-05
0.000139655
0.00196236
0.000176653
0.000115492
0.000695685
0.00164927
-0.00222946
0.000280169
0.00129152
-0.00148896
0.00150081
0.00145579
-3.48693e-05
0.00143876
-0.00310638
0.00170244
0.00155814
-0.00202903
1.53853e-05
-3.40987e-06
-0.00194019
0.00209426
-0.00238113
0.000489251
0.00182683
0.00114044
0.000200869
0.00137618
-0.001832
-0.00123751
-0.000771808
0.00189953
0.00123115
-0.00057612
0.00182118
-0.00122253
0.00172556
-0.000406603
-0.00145618
-0.00135647
0.00166689
-0.000916273
0.0012074
0.000754526
-0.000628725
0.00108161
-0.00252832
0.00232974
-0.00112878
0.00187664
0.00241751
-0.00246995
0.00251172
-0.00571581
0.00338172
-0.000177634
-0.000856241
-0.00287557
0.000247391
-0.000685907
0.00209164
-0.00252
0.00111427
-0.00309567
0.000654663
-0.00285027
0.00318352
-0.00017613
0.00161223
-0.00297329
0.00153719
-0.00295245
0.00359856
-0.000535754
0.000225778
0.002917
0.000892652
-0.000958248
-0.0017093
-0.00158799
0.00425554
-0.000880473
-0.00111575
-0.000288016
-0.00264228
0.000107491
-0.00290166
0.000396747
-0.00122819
-0.00185711
0.00173382
0.000201343
-0.00104767
3.27036e-06
-0.0102872
0.00795386
0.00766262
-0.00873807
-0.00767755
-0.00121177
-0.00511235
-0.00396304
0.0101249
-0.000278768
-0.0071351
0.00236228
-0.00443471
-0.00359604
-0.000644984
0.00435857
-0.00360784
-0.000347728
0.00168847
-0.00399817
0.00265743
0.00040659
-0.00208664
-0.000177052
-0.000101792
0.000346099
-0.00269588
0.00208381
4.73716e-05
0.00187493
0.00242782
-0.000147285
0.00111984
-0.00233672
-0.00480347
-0.000249616
-0.000898459
-0.00812498
0.00592732
0.00309609
0.00584189
0.0120852
0.0074322
-0.0253593
0.0370676
0.000669278
-0.0125984
-0.011706
0.0303618
-0.0341563
0.0267154
-0.00406356
0.00190284
-0.0245547
0.0108387
0.0115672
-0.00938325
-0.00271237
-0.00395436
0.000442913
-7.32162e-06
-0.0021942
-0.00131948
0.00328192
-0.00191891
-0.00137033
0.00273323
-0.00327392
0.000533291
-0.00095364
-0.00159743
-0.00178423
0.00433529
0.00373717
-0.00324326
-0.00144755
-0.00708102
0.00144118
0.00215552
0.00348433
-0.0052113
0.00458556
0.00385414
-0.0018449
-0.00261359
0.000428369
0.00296468
-0.00572561
0.000136281
-0.0125738
0.0112825
-0.0169405
0.00990087
0.0124063
-0.0053668
0.0155366
-0.0281402
0.0184454
-0.0311274
0.0198997
0.0123759
0.0181483
0.00692012
-0.00510151
-0.0166096
0.013562
0.0115
0.00113689
0.000765408
0.0222815
-0.00828833
-0.0024932
0.000443398
0.00567519
-0.00573719
-0.000381415
0.00449383
-0.00311497
-0.00450225
-0.00462221
0.00877499
0.00034946
-0.0113565
0.0107133
-0.00164886
-0.00774813
0.00341122
0.00563652
-0.00129961
-0.0118394
0.0140114
-0.00207347
-0.00113107
-0.00491938
-0.0010818
0.00713224
-0.00162759
0.00641519
-0.00933831
-0.0350544
0.0134008
0.00018806
-0.00121299
0.00934722
0.0234527
-0.00472746
-0.0280725
0.00732602
-0.00378568
-0.0305348
-0.00732513
-0.00174433
0.0108765
-0.0010469
-0.00358779
-0.00624179
-0.000223843
0.000255423
-0.00280432
0.00277274
-0.00156086
0.00930619
-0.00403261
-0.000392239
0.00213531
0.00228955
0.00347752
-0.00259768
-0.00336901
0.00328325
-0.00425048
-0.00465869
0.00025598
-0.0116219
0.0108605
-0.00342017
-0.00234133
-0.000657534
0.00497752
-0.00343731
-0.00088267
0.00180844
-0.00434648
-0.00149457
-0.0018518
0.000118027
0.00980008
-0.0112129
0.00116809
0.000244766
-0.00656924
0.00582056
-0.0055469
0.000607886
-0.00602652
0.00398125
-0.00267221
0.00229432
-0.00409122
0.00240478
-0.00237245
-0.00923867
-1.0756e-05
0.00278922
-0.00789004
0.000821104
0.00427972
-0.00213098
-0.00553169
0.00258435
0.00507831
-0.00184605
0.00074395
0.00670654
-0.00479646
-0.000520236
0.00984446
0.00011118
0.00863698
-0.00984495
0.00675546
-0.00563089
-0.00057418
0.00434067
-0.00695707
0.00319059
0.00117194
0.00590419
-0.00696346
0.00195391
0.00618149
-0.000195153
0.00116337
-0.00373242
0.00628076
-0.00612617
0.00363049
-0.000540998
-0.00272412
-0.00369835
-0.0127683
0.0133165
0.0087193
0.00125064
0.000688439
-0.000393052
0.000965429
-0.000630567
-0.000200422
0.0011208
-0.00174531
0.00158725
-0.000962736
-0.00151843
0.000899333
-8.67592e-05
0.000705854
0.00184609
0.0021655
-0.000371345
-0.00245601
0.000380605
-0.00196131
0.00109016
-0.000322922
0.0037417
-0.00450893
-0.00166537
-0.000998228
-0.00129796
-0.000911769
-4.92282e-05
-0.000514488
0.00171127
-0.00114755
9.91788e-05
-0.00110954
-0.00155318
0.000683162
0.000476463
0.00156557
-0.00158586
0.00112498
0.000247781
-6.17929e-05
0.00129955
0.00115493
-0.000626246
0.00166747
-0.000400514
-0.00187877
0.000830203
-0.000811032
0.00173994
-0.000809366
0.000863999
0.000926759
-0.00098139
0.000420629
-0.00169304
0.00117602
9.6393e-05
0.000499444
-0.00075692
7.42544e-05
0.000406112
0.000493386
3.6508e-06
-0.000797602
-0.000925224
0.00171918
0.000404614
0.000783723
-0.000507684
0.00052583
0.00068679
-0.000442777
0.000249434
0.000308391
-0.000591684
-0.0010027
0.00104471
0.000121139
-0.0007663
0.000465659
0.00114974
-0.000849095
0.000586959
0.00055243
-9.6621e-05
0.000515493
-0.00134182
-0.000566553
-0.000450508
0.000275288
-0.00221815
0.00116653
0.00151088
-0.000568362
0.000472304
-0.000119754
0.000572325
-0.000333581
-4.40112e-05
0.001109
-0.000731405
0.000452981
-0.000455356
0.000867168
-0.000767736
0.000750612
0.000815537
-0.000798413
5.61527e-05
-0.00127533
0.000760525
0.000480717
-0.000251233
-0.00302017
0.000765441
0.000941127
-0.000826376
-0.000822494
0.00288511
-0.00110176
-0.000817853
0.000685412
-0.00129403
-0.000556694
0.000115828
0.00137259
0.000197383
0.00111252
-0.000381359
-0.00089171
0.00132902
-0.000192256
0.000481638
-0.00159888
-0.0010188
0.00102979
-0.000557327
-0.00161516
0.000162124
0.00155452
-0.000239669
0.00248787
-0.000888942
-0.00168134
0.00180653
-0.000563539
-0.00147176
-0.000641233
-0.00221426
0.00109001
-0.00384176
0.000117107
0.00117967
7.10352e-05
-0.000959681
0.000203836
0.000989085
0.000123643
-0.000452252
0.000658632
0.00111123
0.000463168
-0.000663113
-0.000911281
-0.000307026
0.000956822
-0.000888477
-0.00146007
0.000638292
-0.000540574
0.000306603
0.0010765
0.000652044
-0.00114707
-0.000581479
0.000587945
-0.00072754
0.00122211
-0.000532633
-0.000649815
-0.000706033
0.00124393
-0.000427702
0.000993227
-0.00266194
0.000713451
-0.000917449
-0.00115825
-0.0031038
0.00111165
0.000109488
-0.000723843
0.00191423
-0.00129988
-0.0022132
0.00135775
-0.000119357
-0.000931251
0.000468889
-0.00154847
0.00083799
-0.000346187
0.000794822
0.000870759
-0.000827591
-0.0013863
0.00108129
0.000303994
-0.000976561
0.000804918
-0.000132354
0.00165076
0.000125588
-0.00148938
-0.00130287
0.000923437
0.00118903
-0.000809602
0.00205814
-4.89463e-05
-0.000520315
-0.00148888
-0.000392564
0.000413296
0.000979437
0.000764147
-0.00170954
0.00142885
-0.000956894
0.000928796
-0.00148591
0.000867518
-0.00103191
0.000793988
-0.00145564
0.000695493
-0.000383629
-0.00083736
0.00113717
-0.000241394
0.00171343
0.000193175
-0.00121111
0.000770803
-0.000733496
0.00194859
0.00123802
-0.000365391
-0.00180238
0.000344396
-0.00138359
-0.000571971
0.000864399
0.00156273
-0.000389991
0.00134592
-0.00251865
0.00107646
-0.00142341
-0.000143853
0.000592179
-0.00262279
-0.000416796
-0.000830402
-0.000452846
0.000542789
-0.00143151
0.000850111
-0.000494536
0.000521365
0.00128561
-0.000956867
-2.72177e-05
0.000129701
0.00202182
-0.0021243
0.000270047
0.00206401
-0.000724487
-0.00160957
0.000153675
0.000613726
0.00083943
-0.0015672
-0.000168309
-0.00131847
-0.00126033
0.000160999
0.000669093
-0.000637856
0.000812866
0.00132878
-0.00104054
-0.000366406
-8.0273e-05
0.00236124
-0.00215127
0.000443349
6.14411e-05
0.000636006
0.00167371
-7.07636e-05
-0.000482146
-0.00197313
0.000756754
-0.000496128
0.000815832
-0.00115869
-0.00124768
-0.00200675
-0.000108834
-0.000102047
-0.00187838
-0.000351036
-0.000125186
-0.00292743
-0.000420055
-0.00364678
-0.00309375
-0.00225541
-0.00560802
0.000127486
-6.98879e-05
-0.00109171
0.00103412
-1.8328e-05
0.000304762
0.00366025
-0.00212865
-0.00167517
0.000143569
-0.0045151
-0.00543589
0.000441307
-0.000325642
-0.000922745
0.0012597
0.00113189
-0.00201098
0.00144789
-0.000962266
6.73655e-06
-0.00107171
-0.00184898
0.0012232
0.00112499
-0.00176632
-0.000581867
0.00029055
0.0030016
-0.0013436
-0.00295596
0.00261452
-0.00141055
0.000633094
-0.00183706
0.000101692
0.00204569
-0.00164304
0.00164689
-0.00204954
0.00172282
0.000233358
-8.69237e-05
-0.00186925
0.00141607
-0.000602854
-0.000623733
0.000697465
-0.00220238
0.000844207
-4.10989e-05
0.00166171
-0.000923149
0.00210885
-0.0014058
-0.00852727
-0.00119864
0.000342998
0.00325203
0.00104672
-0.00464175
0.00363975
-0.00152044
-0.00378467
0.00141199
-0.000659006
0.00132127
-0.00207425
0.000713448
0.000310414
-0.000199551
0.000429916
-0.00121907
0.000581008
0.000788885
-0.00112443
0.00102814
0.00179934
0.00143716
-0.00223662
-0.000999882
0.000922158
0.000449673
-0.000357514
-0.00169155
-0.00243445
-0.00220838
0.00245039
0.00100382
-0.00134536
0.000450359
0.00130162
6.22016e-05
-0.00181418
-0.00075109
0.000700088
-0.000880249
-0.000513049
0.000782914
-0.00140116
-0.000992579
-0.000171246
0.00353676
-0.00064135
-0.00118272
-0.00171268
0.00120342
0.00119184
-0.00103751
-0.00058925
0.000438402
-0.0011531
0.00198384
-0.00119887
0.000611035
-0.00302845
-0.00159742
0.000689363
0.00220914
-0.00130109
0.00223055
-0.0021449
-0.000858935
0.000773289
0.0021843
0.000590053
-0.000906532
-0.000624753
-0.00119903
0.00189802
-0.00131579
-0.00045889
-0.00012334
-8.6147e-05
0.000894444
-0.00137429
0.00056599
-0.000415996
0.0021114
0.00158652
0.000830076
-0.00124286
-0.000106657
0.00151561
-0.0014295
0.00462109
-0.00091958
-0.000500464
-0.00320104
-0.00114162
0.00174166
-0.00214146
0.00109068
-0.00189281
0.000859908
0.00212311
-0.00149965
-1.4184e-05
0.00317736
-0.00186558
-0.0012976
0.000644197
-0.00153762
0.00338175
-0.00248833
-0.0018837
-0.0019675
0.000687558
4.38169e-06
-0.000924379
-0.000518497
-0.000396138
-0.000522329
-5.82809e-06
-0.00105166
-0.00304917
-0.00335009
-0.00329814
0.0016763
-3.1385e-05
-0.00115774
0.0012682
0.000563064
-0.000892282
0.000918114
0.000549661
0.000944548
-0.00192803
7.60763e-05
-0.00132373
0.00374318
-0.00226367
-0.0030251
0.000428869
-0.000654992
-0.00131446
-0.000445262
0.000684944
-0.000667382
-0.00114995
-0.00124506
0.00178738
0.00060763
-0.00103618
-0.000135116
-0.0029067
0.000809646
-0.0012827
-0.00161961
0.00218943
-0.00299536
0.00257039
-0.00176445
0.00157563
-0.00122307
-0.00123501
-0.00105192
-0.00126987
-0.00023457
0.00320327
-0.00631878
-0.0058008
4.34407e-05
-0.000771869
0.000859538
-0.000654223
0.000870309
-0.00142493
-0.000595327
-0.000574087
0.00100967
0.000246795
-0.00142881
-0.00244456
-0.000439693
0.00147977
0.00140449
0.000365914
0.00102538
-0.000629807
-0.000761482
-0.00178009
-0.000568555
-9.59065e-05
0.000686884
0.000546214
-0.00132972
0.00113185
-0.000791152
0.00110353
-0.00111042
-0.0017732
-0.000639957
-8.70504e-05
-0.0022967
0.000510605
0.000951996
-0.000777188
0.000198831
-0.000408264
0.00065349
0.00153278
-0.001778
-0.000252978
-0.000201859
0.00183882
0.00285131
-0.001935
-0.00275513
-3.52092e-05
0.000663361
-0.000961734
0.000403185
-0.000301352
0.000690927
-0.00079276
0.0013101
0.00234046
-0.000115316
-0.005167
0.00158201
-0.000495681
0.000826126
-0.00239658
-0.000873305
0.00150376
-0.000832315
0.00030101
-0.00140977
0.00126499
-0.00257626
0.00243859
-0.00112731
-3.68635e-05
0.00215502
-0.000387295
0.00167595
-0.000902603
-0.00116064
-0.00223159
0.000371761
-0.00141725
0.0015612
0.00137986
-0.0015238
0.00115976
0.000338992
-4.81888e-05
-0.00145056
0.000759177
-0.000149388
0.00135594
-0.0011395
-0.000191761
0.00124721
-0.000256802
-0.00121707
0.0023703
0.000340184
-0.0021183
0.000398604
0.00173568
-0.000424267
-0.00171001
-0.00010709
0.000684033
-0.000446055
0.000121292
-0.00163234
-0.000538841
0.000518814
0.000951381
0.000835252
0.00111442
-0.00102225
7.82731e-05
0.00061193
0.00117389
0.000616754
0.00122606
0.000312201
0.00176721
-0.00113027
0.000196188
5.23669e-05
-0.000994453
-0.000584471
0.000523045
0.000994803
0.00115496
0.000138327
-0.00118828
0.00042594
0.000293645
-0.000755666
-0.00223197
0.000532064
-0.00053554
0.00198227
0.000692239
-0.00213897
-0.0013947
0.000162523
0.000996454
-0.000355577
0.0005119
-0.0010745
0.000878445
-4.8414e-05
0.000780693
-0.00161072
0.00212572
0.00100543
-0.000252759
0.000676474
-0.000260929
-0.00126498
-0.00455295
0.000901669
-0.00150673
0.000724096
0.000647862
0.00141911
-0.00102926
-0.00119832
-0.00132592
-0.00432581
-8.57953e-05
0.00166009
0.000851576
-0.0019796
0.00237951
-0.000579536
-0.000589805
-0.00121017
0.00164548
-0.00220522
-0.000299194
0.00289032
5.9562e-05
-0.000329949
0.000874252
-0.00103099
0.00064235
-0.000505681
0.000737242
0.00136644
0.000234596
-0.0019061
0.00100825
0.00162526
-0.00212667
0.000106256
0.00172607
-0.000963465
8.95052e-05
-0.00194796
0.00057886
0.000818825
-0.00134616
0.000585274
5.52318e-06
-0.00462661
0.00074619
-0.000968089
0.00359361
-0.00260929
-5.74607e-05
-0.000657653
7.29454e-05
-0.00186403
0.000202718
0.00052942
-0.00166309
0.0016765
0.000647666
-0.00128215
0.00111934
0.00058442
-0.00113831
-0.000379847
-0.000189285
0.00114197
-0.00189027
-0.00136799
0.000908397
0.000219994
0.000322137
0.0017543
-0.000885955
-0.00119048
0.00346884
-6.03584e-05
-0.00157739
-0.00183109
-0.00507793
-0.00396827
-0.00425086
-0.00543121
0.00030543
0.00142026
0.00398306
0.000771632
9.97334e-05
-0.00485442
-0.000986605
0.00162618
-8.63262e-05
-0.000938173
0.00116392
-0.00100183
0.00077609
-0.000893887
0.000196445
-0.000440869
0.00157899
0.00060106
-0.000696665
-0.00148339
-0.000469637
0.00105906
0.000596502
-0.00222749
5.47217e-05
-0.00447273
-0.00124155
-0.000632327
0.00487558
0.000302717
-0.00454596
0.00141727
0.000800581
-0.00119948
-0.000707393
-0.000764757
0.000856869
0.000768423
0.000309195
0.00189157
-0.00119577
-0.00149367
0.00280504
0.000437618
-0.00205362
0.00126297
0.000164435
-0.00223701
-0.000593661
-0.000300546
-0.000435706
-0.00208826
0.000456874
-0.00133442
-0.00150469
-0.00107971
0.000460417
0.00185326
-0.00123397
0.00310666
-0.00152338
0.000736313
-0.00231959
-0.00215714
0.00120527
0.00119995
-0.00140837
-0.000492696
0.000912367
-0.00105586
0.000719321
-0.000643016
0.00186562
0.00238128
-0.00141424
-0.00347661
0.0057438
-0.00331964
1.49625e-06
0.000569101
0.000901185
-0.00147178
-0.00170738
-0.00173322
0.000112553
-0.00290366
0.000451384
0.00247968
-0.000963016
-0.00499328
-0.0026557
-0.000884384
0.00576681
0.00231013
-0.00519867
-0.00287827
0.00195075
-0.00233566
0.000547948
-0.00103192
-0.00175918
-0.000433123
0.00150737
0.0017008
-0.000802606
-0.000521643
-0.000376552
-0.00113876
0.00234687
-0.00109113
0.00113104
-0.000214582
-0.00183259
0.000690303
3.49454e-05
-0.00098016
1.44693e-05
0.000930744
-0.00163716
9.61754e-05
0.000630783
-0.00118317
-0.00108477
-0.00119592
0.000757958
-0.00172504
0.000300583
0.000666496
-0.00124704
-0.00440561
0.00712965
-0.00147702
-0.000463723
0.000539569
-0.00148023
-0.00139569
-0.00111808
-0.00208641
0.0011913
-0.00216985
0.00358062
0.000679884
-0.00193733
-0.00232318
0.000431963
-0.000824195
0.00107762
-0.00186828
-0.00332239
0.00172493
-0.00153558
0.00219917
-0.0011848
0.000216281
0.00136849
-0.000855423
-0.000729352
0.00255403
-0.00107527
-0.00156581
0.000846363
0.000650514
0.00057672
-0.00134699
0.000624107
-0.00574026
-0.000532171
-0.00159743
-0.00119004
-0.000355542
0.00062229
0.00130115
-0.0010914
0.00122512
-0.00182544
-0.00223501
0.00201671
0.0012458
-0.000728198
-0.00253431
0.00133261
0.000649884
-0.00193401
-0.00132707
-0.0035442
0.000203348
0.00259859
-0.0018185
-0.00193372
0.00115363
-0.000623706
-0.000207582
-0.00125423
0.00200195
-0.000540143
0.0017413
0.000842761
-0.0020052
0.00201832
-0.000941049
-0.000895461
0.00115671
0.0006798
-0.00180969
-0.00403661
0.00276069
-0.000791015
0.000322467
-0.00229213
-0.000486985
0.00154845
-0.00343152
-0.00195868
-0.0012192
-0.00205379
-0.00100638
-0.00356609
0.00335327
-0.00513934
0.00268361
0.00246126
-0.00396645
-0.00208
0.000575881
0.00234833
0.00253108
-0.00227935
-0.00233173
-7.89511e-05
0.00147775
0.000353903
-8.71452e-05
-0.000481639
0.00244842
-0.000316758
-0.00386873
-0.00262134
0.007971
-0.00148092
0.00188666
0.00130569
-0.000880937
-0.00231141
-0.000214682
-0.000301094
-0.00878865
-0.00330289
0.00109827
0.000688704
-0.00132812
-0.0006865
0.00033036
-0.00110217
-0.000930908
-0.0018937
-0.000624231
-0.00489281
0.00363898
0.000905522
-0.00236293
-0.0034354
-0.000548247
-0.00234368
0.00124479
-0.00114527
0.0001004
-0.000199921
0.00408133
-0.00357526
-0.000221393
-0.000302428
0.00483235
-0.00585698
-0.00527663
0.00352166
0.0116963
-0.00544095
-0.0113333
-7.0636e-05
0.00318666
-0.00333742
-0.00260849
0.00331739
0.00133023
0.00202697
-0.00362949
5.61845e-05
-0.000342046
-0.00232262
0.00178177
-0.00310491
-0.00189541
-0.00153861
0.000220636
-0.000810377
-0.00181092
-0.00151189
-0.0030286
0.00229291
0.00037204
-0.00152913
0.000748467
0.00176383
0.00326649
-0.00577878
0.00123791
0.000731294
0.00153676
0.00191156
-0.000398034
-0.00259329
0.000812868
0.00277365
0.00324521
-0.00304947
-0.00278904
0.00360382
0.00182164
-0.00554077
0.00120569
0.00248597
-0.00181067
-0.001881
-0.00111179
0.003617
-0.0022501
-0.000488861
0.000694963
0.000809019
-0.00147303
0.00435477
-0.00374149
-0.00174294
-0.00448496
0.000607741
-0.00183239
0.00111918
0.000105475
-0.00287778
0.00288623
0.00201906
-0.0017572
-0.00314808
-0.00176944
0.00425184
0.00258253
-0.00166377
-0.0051706
-0.00220997
0.00120109
0.00262112
0.000798279
-0.00239562
0.00276969
-0.00845391
-0.00284304
0.00205773
0.00134044
0.00635139
-0.00974956
0.00583669
-0.0031243
-0.00180687
-0.00245669
0.00564495
-0.000500703
-0.00110018
-0.00404407
0.00030081
-0.00142558
-0.00401457
0.00265856
0.00192886
-0.00467321
-0.00230038
0.00195919
-0.00363396
-0.00503267
-0.0019504
-0.00355427
-0.00111719
0.00176265
-0.00531516
-0.00148015
-0.0018095
-0.000712046
-0.00104455
0.00153215
0.00465292
-0.00722541
0.0033174
-0.00222425
-0.00566648
0.00402199
0.00442483
-0.0040006
-0.00304557
-0.00163723
0.00206751
-0.00742918
-0.00171186
-0.00329828
0.00622232
-0.00434588
-0.00264434
-0.00231421
0.00100972
0.0040264
-0.0027218
0.00200438
-0.00491216
-0.00554613
0.00353607
0.00545449
-0.0111716
0.00218102
-0.00269712
-0.00500948
-0.00825386
0.00864628
-0.00336807
-0.00287504
0.00172938
-0.00181839
-0.00227393
0.00201174
-0.00217303
-0.00471038
0.00287161
0.00245489
0.00530376
-0.00128523
-0.00396898
-0.00531959
0.00639434
0.000269679
-0.00400099
-0.00266302
0.00427193
-0.00311052
-0.000860602
0.00118174
0.00491017
-2.7537e-05
-0.00299412
-0.00225497
0.00522566
-0.00032196
-0.00205857
-0.00284512
-0.00295094
0.00437571
0.00982519
-0.000168386
-0.00417055
-0.00548626
-0.00550719
-0.00371359
0.00547519
0.000418834
-0.009863
-0.00317048
-0.0104591
-0.00024569
0.0103034
-0.000228778
-0.00537219
-0.00470246
2.08708e-06
-0.00734017
-0.000208321
-0.0027424
-0.00427469
-0.00564127
-0.0103357
0.000883256
-0.00876124
-0.00485831
-0.00742471
-0.00391019
-0.00332618
0.00791276
-0.00136878
0.00573144
-0.0122754
0.00202587
0.000995532
-0.00258815
0.000265875
-0.00362162
-0.00195942
-0.0067937
0.00548917
-0.00351405
-0.00200266
-0.00222069
-0.00787021
-0.00224981
0.00605989
-0.000248586
-0.00634483
0.00214735
0.0039489
-0.0031639
0.00737258
-0.00383079
0.00522977
-0.00189968
-0.00878459
0.000840127
-0.0029691
-0.00421585
-0.0028766
-0.0041202
-0.00547394
-0.00151838
-0.00368969
0.00284961
7.58185e-05
-0.00689369
-0.000831786
-0.00178132
-0.00324387
-0.00549477
0.00947344
-0.0033687
-0.00428618
-0.00181856
0.00436944
-0.00655863
-0.00246967
0.00506719
-0.00229289
-0.00415489
-0.00309095
0.00738362
1.87276e-05
-0.0128433
-0.00381329
-0.00911861
-0.00502545
-0.00455606
-0.00731039
-0.00449507
0.00952981
0.0097872
-0.00370328
-0.00407954
0.0102075
0.00171762
-0.00791254
-0.0040126
0.00617155
0.000772611
-0.00640863
0.00649762
-0.00690857
-0.0109223
-0.00445192
-0.00501737
-0.00170228
0.00668474
-0.0118141
0.00852099
-0.00118235
-0.00243392
-0.00490473
0.00649177
-0.00315942
-0.00778427
0.000676851
-0.00739261
0.00402072
-0.0099025
0.00804227
-0.00649369
0.00347312
-0.0050217
0.00789181
-0.00422709
-0.00339504
-0.00781213
0.00804152
-0.00246846
-0.00473293
0.0084085
0.00102949
-0.00369162
-0.00574637
0.00299602
0.00730721
-0.00513641
0.00411421
0.0027535
-0.00559
0.00287435
-0.00254395
-0.00133257
0.00100219
0.00679232
0.000127854
-0.002278
-0.00251742
0.00534047
-0.000545008
0.00514372
-0.00236993
0.00235727
0.00229992
-0.0034717
0.00789818
0.00891488
-0.0100208
-0.0241914
0.0245075
0.00460556
0.0021212
0.0021518
0.000739644
0.00435685
-0.000490935
0.00503684
0.00734012
-0.010063
0.00272286
-0.004374
0.00811722
-0.00347515
0.00325607
-0.0226685
-0.00547125
0.00394837
0.00557628
0.00412171
-0.0347419
0.00795162
-0.0165816
0.0166301
0.00640619
-0.0101713
0.00588636
-0.00586051
-0.000229932
0.0172195
-0.011129
0.00642823
0.000717624
-0.00158428
0.00777644
-0.000541741
-0.00191232
-0.00292868
0.00538274
0.00735719
-0.00213971
-0.00501529
-0.000202169
0.00639639
-0.00816423
0.00176785
-0.00831151
0.000909954
0.00758493
0.00181124
-0.00228842
-0.00710773
-0.00166659
0.0095704
-0.00946091
0.00807895
0.00138199
0.00961632
-0.00151611
0.0119899
0.00247771
-0.00784454
-0.000376696
0.00661662
-0.00623993
0.00895635
-0.0011475
0.00486658
0.00470058
-0.00841965
-0.00483618
0.00654114
0.00136007
-0.00306503
0.007146
0.00370741
-0.00672663
0.00373714
0.00115036
-0.010572
0.0130495
-0.00362787
0.00891244
0.00451507
0.00145747
0.00273447
0.00134691
-0.00341005
0.00245532
0.00393713
0.000896363
-0.0015812
-0.00325232
-0.00154997
0.00134092
0.0046611
-0.00511747
0.000394886
6.14555e-05
-0.00455398
0.00357565
0.000978313
0.00369408
0.0007028
-0.000199176
-0.000230523
0.0037
-0.0034695
-0.000152801
0.0040025
-0.0038497
0.000649662
0.00185564
0.00182949
0.00100994
-0.00239458
-0.000444876
-0.00126453
-0.00307288
0.000494408
-0.00181239
-0.00106311
-0.00019734
0.00608039
-0.00617201
9.16111e-05
0.00445062
-0.00369524
-0.00321257
0.00327618
-3.5729e-05
-0.00503171
0.00506744
0.00397926
-0.000523168
-0.0035629
0.000106785
-0.00010958
0.00333926
0.000340497
-0.0035702
-0.000320347
0.00158516
0.000996532
-0.00226133
0.00366546
-0.00379902
0.00237199
-0.00207602
-0.00342402
0.00280234
0.00129754
-0.00205119
-0.00451765
-0.000369522
0.00488716
0.0041991
-0.000323759
0.000123724
-0.00283667
0.00367716
0.000762338
-0.00256936
0.00180702
-0.00427494
0.00468053
-0.00245732
0.00322446
0.00283029
-0.00134312
-0.000579558
-0.000907591
-0.00419544
-0.00497919
-0.00054358
-0.00347216
7.80737e-05
0.00429712
-0.00051231
-0.00202797
0.00254029
0.00362168
-0.0030675
-0.00047613
0.00336901
0.000762864
0.000636922
-0.00476883
0.00332641
0.00749457
-0.000823605
0.00224178
0.00814153
-0.000339217
-0.00464125
0.00503593
-0.00039467
-0.00854245
0.0074555
-0.000928064
0.002015
0.00725015
0.00221199
-0.000834328
0.00213826
0.00314994
-0.000724786
-0.00203964
0.00251503
0.00142338
0.000305786
-0.00304411
0.00163083
-0.00570004
0.00328082
-0.00724232
0.00372279
0.000238715
-0.00107637
0.00028495
0.00112464
0.000287629
-0.00178098
-0.00232122
0.00384522
0.000256927
-0.0126246
-0.00981755
-0.0060313
0.00260598
0.00724194
-0.00381661
0.00404579
0.00859928
-0.00890692
0.00896876
0.00426151
-0.000833954
-0.0123964
0.00379975
0.00773238
0.00196652
-0.00944061
-0.000614828
-0.00830749
-0.00265449
0.00334909
0.00290436
0.0074098
-0.00189944
-0.013085
-0.0107304
0.00326852
-0.0259515
0.0169851
-0.0165378
0.00396003
-0.00732603
0.000396689
0.0161344
-0.00554445
0.0030444
-0.0079064
0.00543111
-0.00386499
-0.00794618
-5.99303e-05
0.011871
0.00284898
0.00258691
0.000440397
0.00736117
-0.00794708
0.00134834
-0.00446877
0.000831311
-0.000637483
0.00750235
0.0015839
-0.000834487
-0.00761435
-0.00134544
0.00636841
-0.000479755
0.00709693
0.00776728
-0.000507933
-0.00725936
-0.00721053
8.48754e-05
0.00354469
0.00125847
-0.00158109
0.00175379
0.00335508
-0.00270191
0.00358697
-0.000885074
0.000575221
0.00186742
-0.000781339
-0.00461117
0.00335628
-0.00278105
0.0069843
0.000368026
-0.00745137
9.90361e-05
0.0047626
-0.00634956
-0.00409388
-0.00757835
0.000281944
-0.00187826
0.00728745
0.000795917
-0.000224824
0.00612347
-0.00450354
-0.00139509
0.00162432
-0.000851235
0.00532927
-0.00433374
-0.000411338
-0.00419032
0.00503311
6.01649e-05
-0.00341866
-0.00335729
0.00424492
-0.00917499
0.00712189
-0.0022837
0.0136713
-0.0170218
0.00106687
7.93675e-05
0.00111835
-0.00540961
0.00421193
-0.000913771
-0.000497088
0.000904534
-0.00195685
-0.00238278
0.00238029
-0.0015337
0.00418652
0.00502251
-2.1825e-15
-0.0023681
0.00274639
0.0017051
-0.00273969
0.00512032
-0.00138087
-0.00128061
-0.00482889
0.00589741
-0.00241757
0.00230547
-0.00191456
-0.00336104
-0.000544066
0.00581972
-0.00950806
0.0125841
-0.0151715
0.00519127
-0.00260375
-0.00616115
0.00606976
-0.0053027
0.00564441
0.000861723
0.00819643
-0.00905816
0.00692256
0.00650903
-0.00594259
0.00472451
0.0025593
-1.69476e-05
-0.00116317
-0.00176311
-0.000109941
0.00303622
0.00196387
-0.000892493
-0.00323497
0.00216361
0.000965114
0.00338952
0.000240665
-0.00363015
-9.3456e-05
-0.0037538
-0.00426766
0.00404984
2.05037e-07
-0.00661776
0.00484803
-0.00685496
0.00659134
0.000263616
0.00720994
-0.00758373
0.000373774
-0.00339839
0.0011247
0.0022737
-0.00211853
-0.00156737
0.00368591
0.00410091
-0.00446224
-0.00244896
0.00260177
0.00315467
0.000276668
-0.00148983
0.00371067
-0.00311382
-0.00105003
-0.0039241
0.00497413
0.00349104
3.43417e-05
-0.00176502
-0.00611756
0.00784821
0.00681412
-0.00705202
-0.00152712
0.00386445
-0.00640614
-0.000121383
-0.00132215
-0.00528047
0.00381762
0.00146285
-0.00794394
0.000755522
0.00654216
-0.00223973
0.0035554
-0.00369247
0.00672429
-0.00716604
0.000441743
-0.00303079
0.00259558
0.00352098
-0.00381759
0.00398588
-0.00594487
0.000885061
0.00107393
-0.000937764
0.00158824
-0.00779679
0.000419103
0.00361063
0.00087132
-0.000533251
-1.24475e-05
-0.00198564
0.00428923
-0.00229118
-0.00111904
0.00156238
0.00282782
0.00332385
-0.00510801
-0.00386463
-0.000411778
-0.00405957
-0.00339047
-0.000754615
0.00432208
-0.000132124
-0.00503368
-0.00372489
-4.90945e-05
-0.00456092
0.00553647
-0.00445545
-0.00356403
0.00340415
0.000110764
-0.0061161
0.00545705
-0.000256196
0.000915231
-0.00407983
-0.000343985
-0.000137153
0.00461181
-0.00429854
0.00404754
-0.00151278
0.000267586
-0.0111126
0.000776894
0.00110659
-0.00937487
-0.00200349
0.00986293
-0.000158962
-0.0101503
0.000446373
-0.00891567
0.00782821
0.00575662
-0.000284537
-0.00547209
0.00645711
-0.00552133
-0.0064205
0.00744002
0.00699832
-0.00826346
0.00126516
-0.000198996
-0.00668123
-0.000468065
0.0073483
0.0069048
-0.00119955
0.00813142
-0.00537596
-0.0015559
0.00166495
-0.000531545
-0.00901025
0.0019679
-0.00187331
-0.00964417
0.00172997
-0.00588103
-0.00113096
0.0025175
0.00183489
0.000601675
0.00658611
0.000252228
-0.00440101
0.00290683
0.00025632
0.00368495
-0.00475129
0.00090646
0.000159879
-0.00580948
0.00420448
0.00522613
3.48011e-05
-0.00326971
-0.000691626
0.00392652
-0.000283338
-0.00666665
0.00694998
0.000282353
0.00114268
-0.00524266
-0.00448286
0.00149547
0.00579906
-0.00420861
-0.000563882
0.00834641
-0.00757489
0.00805546
-0.000480577
0.00706902
0.00298251
-0.000304998
-0.000460316
-0.00495151
0.00263212
0.00690111
-0.00715821
-0.0039098
0.00301051
-0.00659169
-0.000328691
0.000171083
-0.00112002
-0.00513382
-0.0011201
0.00448525
0.00306369
-0.00642887
0.00297302
-0.00320593
-0.00409204
-0.00385406
0.000224993
0.00183541
-0.00119501
-0.000945327
0.00417485
0.00216119
-0.0118805
0.00496356
-0.00208642
-0.000245064
-0.0036862
-0.000489498
0.00338523
-0.00272538
-0.000664105
0.00289999
-0.00828764
0.000712743
-0.00230522
0.00661546
0.000358349
-0.00466861
0.0018534
-0.000477647
-0.00385463
0.00457712
-0.00120015
-0.000165294
-0.00162649
-0.00253751
0.00432922
-0.00570144
0.00545171
-0.00308296
0.00187263
-0.00351651
-0.00218405
-0.00390618
0.000122757
-0.000794463
0.000500065
0.000917885
-0.00378789
-0.00237516
0.00318461
0.00174733
0.00757607
0.00104415
0.00119417
0.00191856
-0.00908772
0.00930681
0.00570955
0.00398152
-0.00137753
-0.00208349
-0.0108601
0.00334189
-0.0029743
-0.00167373
0.00130617
0.00202701
-0.00614361
0.00468761
-0.000570977
0.0103472
0.000635259
-0.000863275
-0.00707447
0.00475456
0.00145663
-0.00620924
0.00618635
-0.0052156
-0.000741131
-0.00291197
-0.000431113
0.00408415
-0.00377032
0.00114579
0.00136315
0.00126137
0.00183973
0.000940645
0.00188086
0.000462942
-0.00148233
0.00176494
0.0032268
-0.000545546
0.0030312
0.00549512
-0.000641313
-0.00809198
0.00348409
-0.005801
-0.00137581
-0.00569293
0.00517634
0.00347004
0.00283432
-0.00362282
-0.0026815
0.000624499
0.00699407
-0.00193301
-0.00128966
0.00193893
-0.00163812
-0.00185303
0.000285187
0.0138887
-0.00161736
0.00213139
-0.00387696
-0.0131476
-0.0124364
0.0127745
-0.00421498
-0.00515489
0.00607975
-0.00515118
-0.00307293
0.000799905
0.00358231
-0.0089598
0.00799576
0.00334496
-0.00416785
0.00318552
-0.00154138
-0.00329813
0.00501204
0.00935775
0.00293589
-0.00620734
0.0017301
-0.000371332
0.000391755
0.00690214
0.000464285
0.00745057
-0.00131055
-0.00534409
-0.00444824
0.00490553
-0.00941706
0.000289183
0.00438963
-0.0076731
-0.000340351
0.00584913
0.00215991
-0.00222321
0.00268006
0.00212186
0.00127785
-0.00595145
0.00631001
-0.00221623
-0.00363912
-9.60822e-05
0.00214281
0.00159244
-1.09253e-05
0.00245972
0.00446367
-0.00482823
0.0054495
0.00406719
-0.00293927
0.000276065
0.000174812
-0.00119444
-0.000215895
-0.00128879
-0.00285053
0.00403244
0.00244531
-0.00323241
-0.00507968
0.00298919
-0.00107988
0.00317037
0.00269718
-0.00534728
-0.000422819
-0.00298069
-0.00501172
0.00291274
-0.00251853
0.00476613
-0.00318577
0.000938203
0.00781365
-0.00189652
0.00671706
-0.00924433
0.0029954
-0.00377287
-0.0029468
0.00961751
-0.00791325
0.00124261
-0.00744884
-0.00728717
-0.00240027
-0.0124567
-0.0052984
-0.00924996
-0.0100135
0.00530905
-0.0052089
-0.00123215
0.00113199
0.000197771
-0.00266461
0.00553073
-0.00306386
0.000426574
0.00580052
0.00500373
0.00587547
0.00629142
0.00400355
-0.00231935
-0.00203276
0.00925767
-0.00180943
0.00244788
0.00297238
0.00101872
-0.00125355
0.00219055
-0.00377932
-0.00222733
0.00381614
0.00438998
0.00247471
-0.00265275
-0.00726873
0.00498561
0.00521724
-0.00293411
0.00107495
-0.00283378
-0.00444849
-0.00134715
-0.0017323
-0.00149821
0.00457765
-0.00221151
0.0026856
-0.00473601
-0.00145777
0.00483951
0.00308311
-0.00856393
-0.00601378
0.00645043
-0.00728163
-0.000369951
-0.00623937
0.00521735
-0.00145649
-0.0046363
0.00087547
-0.000320252
-0.00057716
0.00111053
0.00517244
-0.00267663
0.000728186
-0.00322401
0.00105928
-0.000624079
0.00318349
-0.00567902
0.00311973
0.00046742
-0.00309589
0.00315201
-0.00244452
0.00238843
-0.00220373
0.00124371
-0.00140765
0.00236768
0.0114561
0.000890911
-0.0124252
0.00511458
0.0219225
-0.0229153
0.035966
-0.00329418
-0.0378993
0.00235449
-0.00236075
0.00198514
-0.00871212
-0.00539132
0.00693568
-0.000422981
-0.00482647
0.00902649
-0.00377705
-0.00178968
0.00502943
0.00111709
-0.00107161
-0.000415243
0.00997644
0.00511633
0.00153598
6.49162e-05
0.00386023
0.000946297
-0.00487144
0.00140457
0.00332243
0.0028249
0.00638367
-0.00570037
0.00336044
0.013081
0.00206424
-0.0109704
-0.00534854
0.00323736
-0.00386717
0.00530208
-0.00383458
0.0115221
-0.00917154
0.00880166
-0.00130637
0.0107552
-0.00891002
0.000741641
0.00682952
0.0075921
-0.00281154
0.0017445
0.00170466
0.0051261
-0.00825983
0.00142904
0.0116078
-0.00565693
0.00550529
0.0095024
-0.0153467
0.00487703
-0.0154649
-0.029933
-0.000434701
-0.00110589
0.00139488
0.00539504
-0.00568402
-0.00405598
0.00453137
0.00372181
-0.00562664
-2.76616e-05
-0.00597105
0.00225889
0.00373983
-0.0095816
0.00259034
-0.00178786
0.00274763
-0.00355009
5.37214e-05
0.000757856
0.000364203
-0.00362141
0.00331092
-0.00473704
0.0046258
-0.00176944
-0.00338342
0.000415842
0.00358588
0.000773368
-0.00399506
0.0058564
-0.000388316
-0.000856284
-0.00343406
0.00316733
-0.00360259
0.00268552
-0.00306561
0.000943792
-0.000309687
0.00377916
0.00236094
-0.0061678
-0.00369167
0.00489437
0.000462241
-0.00411627
-0.00823019
0.0038736
0.00435658
0.00851133
-1.54537e-05
-0.00916652
0.000670653
0.00514066
-0.00402793
-0.00260779
-0.000276734
0.00250279
0.00171103
0.00189225
-0.00186669
-0.00115399
-0.0046926
0.00180804
-0.000278802
-0.00360659
0.00146578
0.00241955
0.00409049
0.00658453
-0.00812881
0.0123711
-0.00834051
0.00104616
0.000847228
0.0111083
-0.012162
0.00942381
-0.00749651
-0.00149618
0.00665048
0.00234218
-0.00857537
0.00919061
0.00837903
-0.00632404
-0.0064738
-0.00357192
-0.00974153
0.0128982
-0.0145601
0.0194447
0.00658057
-0.00038885
0.00218731
-0.00105666
0.00117672
0.000747556
-0.0103796
-0.00818773
0.0101975
-0.00126219
0.0145283
0.000599887
-0.00224288
-0.00837651
0.00533441
-0.00586229
0.000150616
-0.0114867
0.0155976
-0.000193869
0.0130101
0.00108357
-0.00270007
0.000970645
0.00454004
0.00370553
0.00594126
-0.00496603
0.00647846
-0.000367284
0.00145442
-0.00834839
0.00670337
-0.00134232
0.00298734
0.0129422
-0.00299568
0.00695733
-0.016904
0.0094268
-0.00557067
0.00650112
-0.00710805
-0.000334745
0.000941722
0.0071085
-0.0100501
0.00265444
-0.00761204
-0.000658702
-0.0065088
-0.00178155
0.00116089
0.00131839
0.0108111
-0.0183327
-0.00432866
0.0193672
-0.00345429
-0.000809127
0.000675232
0.00074127
0.00241766
-0.00238995
-0.000769009
0.000400171
0.00331286
0.000226048
-0.00393911
-0.00387594
-0.00453173
0.0045879
0.000830401
-0.0123028
0.0144642
-0.0217142
0.00263905
-0.010704
-0.0031068
-0.00266742
-0.00300986
-0.00224277
0.000336602
0.00491601
-0.0087694
-0.00656409
-0.00391583
-0.00282749
-0.00110626
0.0078496
-0.00151644
0.000674076
-0.00686741
-0.000615253
0.0032532
-0.00229868
-0.000339338
0.000386407
0.00473984
0.00358679
-0.0115385
0.00134796
0.00907035
0.031631
-0.0301757
-0.0188331
0.02972
-0.0404344
0.00234338
-0.0062747
-0.000682135
0.00104756
-0.00519015
0.00482472
0.0168386
-0.0109474
-0.0156046
0.00971325
0.00387067
-0.00296541
-0.00401561
0.00381118
0.00400958
-0.0036514
-0.00945709
0.00454301
-0.00820206
0.00626316
0.00298504
-0.00418252
0.00963135
-0.00208843
-0.00264069
0.00258654
0.0232187
-0.00236994
-0.0113464
0.00479105
-0.0072928
0.00675314
-0.0043395
-0.00279907
0.000385395
-0.00880165
-0.0165351
-0.000174746
-0.00296677
-0.00511834
0.000179807
-0.00102183
-0.00718704
-0.00713785
0.00282918
-0.00060507
0.00227014
0.00392681
-0.00577065
0.000684421
0.0031492
0.00193699
-0.00264002
-6.69576e-05
-0.0045651
-0.0083373
-0.00500906
0.00483048
-0.00165323
0.00183177
0.00267704
-0.000235843
-0.000771972
-0.0231762
-0.00246739
0.00681058
-0.00895007
0.00562141
-0.00841324
0.00665201
-0.00305995
-0.00288655
0.00273625
0.000517284
-0.00329372
-0.00348284
0.00625929
0.00132318
0.00175298
-0.00141351
-0.00166264
0.00222429
-0.00156985
-0.00354102
-0.00161889
-0.000326448
5.53515e-05
0.0018899
0.00213579
0.000364597
-0.00258683
0.000270466
-8.16475e-05
-0.00277558
-0.00358156
0.00379775
-0.0029976
0.00266295
0.000605141
0.00625151
-0.000722129
-0.00552942
0.000379206
0.0058723
0.00584127
0.0016921
0.00312312
0.00294679
-0.00669475
0.00229469
-0.0030391
0.000421255
0.00298396
0.00364761
-0.00709596
-0.0160352
0.00135029
-0.00333287
0.000363687
-0.00121068
0.0027582
-0.00089955
-0.00207455
0.00134791
-0.00373736
0.00415587
0.00329663
-0.00269162
-0.00140228
-0.00368222
-0.0133669
-0.0063566
-0.001666
-0.00581819
0.00974528
0.00136322
-0.00422581
-0.000749911
0.00336666
0.00160908
0.000655671
-1.07356e-05
-0.00578075
-0.00122959
0.000917247
0.00300692
-0.0117942
-0.00563938
0.00944863
-0.00125927
-0.00133015
0.00598169
-0.00339226
-0.0057454
0.00245168
0.00254384
-0.00425769
0.00527159
0.000906887
-0.00647701
0.00374396
0.00104067
0.00632472
-0.00519524
-0.000337683
-0.001869
-0.00347056
0.00567728
-0.00201768
0.00204312
-0.00520638
0.00314594
-0.00319309
0.00015544
-0.000345793
0.00201881
-0.00161892
0.00547916
-0.00558967
-0.00506337
0.00517394
-0.00294239
-0.0146964
0.0048229
-0.000896589
0.00116797
0.00703293
-0.00601433
-0.000757135
0.0009204
0.000130865
-0.00216261
0.00127455
0.00056549
0.000353135
-0.00117897
0.00026029
0.00139217
-0.00227318
0.00144648
-0.00284975
0.00268754
-0.000531704
-0.00163818
0.00126823
0.00090163
0.00180423
-0.00126381
0.00122295
-0.000163777
0.000677475
-0.000160639
-0.00096153
-0.000132171
-0.000367501
0.00146121
-0.00114552
0.000941334
0.00118401
-0.00158474
0.00105738
-0.000776865
0.00257704
-0.00362704
0.00158505
0.000852784
-0.00250899
7.1118e-05
-0.00541269
-9.40219e-05
0.000588465
0.00177984
0.000457715
-0.00279945
0.00296042
0.00297853
0.000322866
-0.00445489
0.00409719
0.00127498
0.00347064
-0.000352299
0.00644684
-0.00475904
-0.0013355
0.00207493
0.00162254
-0.00223608
-0.00146142
0.00196838
-0.00178858
0.00236308
-0.00118633
0.00122469
0.00597467
0.00120987
-0.0049603
-0.00701493
0.0065991
-0.0160786
-0.00177197
0.000451687
-0.000515497
0.000192906
-0.00159592
0.0019185
-0.00173826
0.00190082
-0.00246513
-0.00687104
0.00119915
0.00813701
0.00124231
-0.000832085
0.00754783
-0.00795809
0.000600727
0.00132443
0.00730583
-0.00923101
0.00230461
0.00626963
-0.0110394
0.00310085
-0.00289837
-0.00515646
0.000579345
-0.00528966
0.00215664
0.00090142
-0.00248803
-0.00409078
0.00216158
0.00441719
0.00591297
0.00258395
0.00139139
-0.00397535
0.00701264
0.00330404
0.00204865
0.00474419
0.000341329
-0.000827011
-0.00058118
-0.00181433
0.00322257
0.00225936
0.00682013
-0.0076871
0.00298243
0.000786806
-0.00990301
0.00613377
-0.000532951
-0.00241031
0.00336451
0.000858729
0.00362866
-0.00502035
-0.00579085
0.00590097
0.00472029
-0.00541244
-0.000712717
-0.00128257
0.00666171
-0.00466645
0.00659035
-0.000285282
-0.00714714
-0.000374196
0.00165904
-0.00459298
0.00514429
-0.00853182
0.000262425
-0.00595852
0.000341478
0.00764955
-0.00203251
0.00760959
-0.0068899
0.0020526
-0.00719214
-0.0267249
0.0184521
-0.00585091
-0.000472997
-0.00682166
0.0075399
-0.00119126
0.000784038
-0.008781
0.0401552
-0.000676158
-0.00803528
-0.0136241
-0.0233707
-0.00506877
0.0148153
0.00589652
0.000302617
0.00042361
-0.00662276
-0.00566421
0.0107924
-0.00478672
-0.0105924
0.0252642
0.00188867
-0.000572265
0.00512553
-0.00644194
-0.00376954
-0.0119726
0.0183287
0.000321399
-0.0249289
0.00487347
-0.00808863
0.00302129
0.00485896
0.000805643
-0.00744616
-0.00477932
0.00459124
0.00791322
0.00270971
0.00751306
-0.00996034
-0.00841882
0.00786363
0.000742592
-0.00393152
0.00788151
-2.31818e-05
-0.00715539
0.00672012
0.00547819
-0.00397383
0.00449068
-0.0039903
-0.00160683
0.00163889
0.000270206
0.00527016
-0.00481529
-0.000725113
-0.0031895
0.00347542
0.00180099
-0.00450177
-0.0017535
0.000464417
0.00346727
-0.00159007
-0.00669493
0.00481771
0.00604868
-0.00571937
0.00264904
0.00692516
-0.00315558
0.00390402
0.00324249
-0.00714653
0.000421398
-0.00762693
0.00561546
-0.00556271
-0.00205205
0.00113083
0.00238271
-0.0013196
0.00495792
-0.00602105
-0.00226683
-0.00128672
-0.00314139
0.00402456
-0.000902347
0.000144953
0.000357643
0.000399897
-0.000855757
0.000690671
-0.00216908
0.00233422
-0.00299442
0.00304934
-0.0041408
0.0047072
0.000942007
-0.000822508
0.000796521
-0.000648321
-0.000156007
0.000161859
-0.00589657
0.00273339
0.00211413
0.00104911
-0.00380463
-0.00268294
0.00059101
-0.000227917
-0.00327541
0.000713664
0.00278965
0.00694334
0.000877419
-0.00795939
0.00155423
-0.00068683
0.00709198
0.00144214
-0.00082341
0.00119937
0.000492839
-0.00534361
-0.00030413
-0.000358714
2.5558e-05
0.000637334
-0.000627296
-0.00362394
0.0012806
0.00297064
-0.000666688
0.00122974
0.000378996
0.00054079
0.00225012
-0.0034182
0.00342231
-0.00290511
0.0026
-0.00234974
-0.00290159
0.00112053
-0.00121333
0.00450264
0.00164186
-0.00459028
0.00167464
0.0024036
-0.00773256
0.00365434
-0.00336909
-0.0065329
0.00137939
-0.00609207
-0.00329787
0.00206476
-0.000616168
-0.00212876
-0.00654145
0.00928638
-0.00754392
-0.00034424
-0.00736032
0.0060372
-0.00202375
-0.000746671
0.00727306
-0.00137318
0.000942952
0.00803981
0.00118553
-0.00583418
0.00127956
0.00621402
0.00187713
-0.00281909
-0.000675422
-0.00161989
0.00511436
0.00115949
-0.00810655
-0.00842516
0.00678087
-0.00286565
0.00585783
-0.00299219
-0.00284478
-0.00276247
0.000650394
-0.00672431
0.00607391
0.00138291
0.00565009
0.00290848
-0.00577414
-0.00230043
-9.40156e-05
-0.000543559
0.00293804
0.00562323
-0.00646307
0.000839843
-0.00012438
0.000696233
-0.00357114
0.00299924
-0.00698894
0.00252087
0.0013948
-0.00102432
-0.000534246
0.000163762
0.000704984
-0.000897154
-0.00250267
0.00264752
-0.00136642
-0.0027235
0.00528929
-0.000325802
0.000893071
-0.00338638
0.00206526
-0.00136284
-0.00383871
0.00303736
0.000573461
0.00534689
0.00353435
-1.14632e-05
-0.0028179
-0.000302404
6.42205e-05
-0.00246164
0.00315093
-0.000700766
-0.00237047
0.00213653
0.00254041
-0.0027597
-0.0035727
-0.00318506
0.00450191
-0.00760272
-0.0017938
0.000619529
-0.000941782
0.00218889
-0.00811815
-0.00191177
-0.00024619
0.00168081
-0.00292623
-0.0020527
-0.000465771
0.0102981
-0.0152833
0.0112548
-0.000541289
-0.00953826
-0.000619009
0.0106986
-0.000232891
0.00107219
-0.000639191
0.00599623
0.000156274
-0.00669381
-0.00859267
-0.0106363
0.00916315
-0.0148137
-0.0120085
-0.0310776
-0.00118242
-0.00276798
-0.00464156
0.00859196
-0.00410005
-0.00241943
0.00869572
0.00543183
0.000632258
-0.00848354
0.00871086
-0.00834827
0.00119159
0.00610163
-0.0105743
-0.00144303
-0.00296639
0.00885355
-0.00444416
-0.00686215
0.00452801
-0.0075517
-0.00359267
0.00465743
0.000954261
-0.00864699
0.002725
-0.0086382
0.00686745
-0.000840335
-0.00410689
0.00767222
0.00134253
-0.00456962
-0.00519175
-0.0014671
-0.00669798
0.00745411
0.000710963
0.0037346
-0.00356898
0.00562881
-0.0071525
-0.00150024
0.00036183
0.00309566
-0.00785449
-0.00677404
0.0115329
0.00348015
-0.00393639
0.00101453
-0.00386007
4.6087e-05
-0.0167071
-0.00572337
-0.000642558
0.000505424
0.00151907
-0.00143249
0.00236436
-0.00478931
0.000407313
0.00146776
-0.00162216
0.000742887
-8.66702e-05
-0.000985384
0.00238023
-0.00130816
0.00236643
-0.00347863
-7.02301e-05
0.000783561
-0.00104151
0.00436086
-0.00391199
0.000592695
0.000165998
-0.00586821
0.00212201
0.00358023
0.00138935
-0.000222695
-0.00312041
0.00329011
-0.0047736
-0.00060411
-0.0030973
0.0105311
-0.0199064
-0.0217022
-0.00529844
-0.000247716
-0.00252354
-0.000775215
4.25318e-05
-0.00258211
0.00135305
-0.00482844
0.00431662
-0.0088485
0.00730237
-0.00456931
-0.00346404
0.00742926
0.00231438
-0.00752242
-0.0033616
0.00856961
-0.00159387
-0.0107124
-0.0035936
-0.00835792
-0.00432267
0.00629974
-0.00707018
-0.00135624
0.0002241
0.00673077
-0.00813145
0.000435892
0.001111
-0.00199768
0.005847
-0.00227025
0.00798185
0.000562897
-0.001814
0.0067983
0.00711329
0.00092731
0.00588068
-0.00495598
-0.00169993
0.00618693
-0.00228291
0.0049613
0.00172822
0.00509669
-0.00186361
-0.00555619
0.00562581
0.006555
0.00506614
-0.00451968
0.00516531
-0.00432413
-0.000405291
-0.00593595
-0.000151446
-0.00846166
0.00267715
-0.00768477
0.000554906
-0.000380236
0.00804352
-0.00709856
-0.000390058
-0.00999553
0.000694826
0.0100117
0.000301772
-0.00969187
0.00923865
0.00166578
-0.00155411
0.00872522
-0.0088369
0.000873261
-0.0074074
-7.58545e-05
-0.00210364
0.00802648
0.00687295
-0.00765477
-0.0019437
0.00201363
0.00472704
-0.00479696
-0.00489377
0.00405581
0.00146484
-0.00720808
0.00168741
0.00340512
-0.00486667
-0.0044865
0.00505947
-0.00147445
-0.00405288
0.00303106
0.00249627
0.000162247
-0.00275995
9.5086e-05
0.000455065
0.0030143
0.00350532
-0.00302601
-0.00311193
0.00528943
0.0012276
0.00103824
0.0015879
0.00109402
-0.00245228
-0.00415899
0.00174461
-0.000616681
-0.00196901
0.00232928
0.00639764
-0.00632332
0.00548212
0.00206135
-0.000660848
0.00619491
-0.00406922
-0.00706047
-0.00452513
0.00472158
0.00149096
0.00790924
-0.00803148
-0.000638402
0.000627564
-0.00586795
0.00587878
0.000859439
-0.00160402
0.00989161
-0.00914703
-0.0057258
-0.00197307
0.00679509
-0.00796407
0.00595824
-0.00593611
0.000287113
0.00267431
0.00382674
-0.0052527
-0.00124833
-0.00119204
0.00243069
0.00355566
-0.00479432
0.00574001
-0.00135602
-0.000238022
-0.0056795
-0.0050739
0.00611893
0.00797032
-0.00810572
0.00112874
-0.00099335
0.00720557
-0.00226207
0.00560889
-0.00630789
-0.00247183
0.00269905
-0.00895603
0.00872881
-0.0109296
0.00893548
0.00105986
-0.00353482
-0.00583469
0.00830962
-0.000303936
-0.000177709
-0.0107794
0.00604546
0.00543477
-0.00636946
0.00722136
-0.00554271
-0.000751359
0.000550967
0.00140295
-0.00819765
0.00624373
0.00635176
-0.00657184
0.00681213
-0.00010008
-0.0083218
6.30792e-08
-0.00550755
-0.000270219
0.000703857
0.00549127
0.000258521
-0.000124001
-0.0064538
0.00708143
0.00328003
-0.000386893
0.00159756
-0.00116957
0.00430139
-0.00254119
-0.000590631
-0.00178541
0.0025096
-0.00145264
0.000810776
-0.00394556
0.00172762
0.0030287
0.00614756
0.00155059
-0.00114317
-0.00566027
-0.000653068
0.00170442
0.00204623
0.00761022
-0.0113609
-0.00176522
-0.00885595
0.00926555
-0.00535362
0.00533321
0.00207039
-0.000530663
-0.00872127
0.00900228
-0.00189065
0.000669579
-0.00735687
-0.00259231
0.00364129
0.00223687
0.00294884
0.0062905
-0.0114762
-0.00483417
-0.00210905
-0.000413654
0.00695712
-0.00542611
-0.00454883
0.00545255
0.00133208
0.00644316
-0.00309746
-0.00212982
-0.00456388
0.00241678
0.00427695
0.00139331
0.00432828
0.0062983
-0.000737856
0.00577402
5.17446e-05
0.000829927
-0.00653196
0.00472464
-0.00463256
0.00279873
-0.00559278
-0.00379785
-0.00123745
0.00596345
-0.000928141
-0.00497509
0.00435279
0.00070325
-0.00775111
0.0032547
0.00379322
-0.00362594
0.00594816
-0.00674998
0.00145186
0.00524388
-0.00464526
0.002564
0.00245815
0.00342243
-0.0113439
0.00546337
0.00443608
-0.00299969
0.0020213
0.000356284
-0.00400904
0.0065183
-0.00122164
-0.00650866
0.00184316
0.00588717
0.00550969
-0.00713768
-0.00529191
0.0065379
0.0134873
0.000381894
-0.0191611
0.00662137
0.00225946
-0.00936215
-0.0033784
0.00440654
0.0118231
0.00415754
0.011907
-0.0127273
-0.0155863
0.0126492
0.00602874
-0.00309172
0.000882398
-0.00997307
-0.000265304
0.00935597
-0.00134154
-0.00894575
0.00187792
0.00950508
-0.00973251
0.00688481
-0.00822499
0.00339309
-0.00333252
-0.0116778
0.0110267
0.00672179
0.00239605
-0.00611012
0.00788612
-0.00417205
-0.00253665
-0.0015142
-0.000258995
-0.00263151
0.00260102
-0.000133848
-0.000915493
-0.000815829
-3.13626e-05
-0.00331632
0.00012474
0.00322293
-0.00112564
-0.00183126
-0.00274958
-0.00686567
0.00662539
0.00298985
-0.00343998
0.00124673
-0.00317156
-0.000242089
-0.00578065
0.00242458
6.44291e-05
-0.00294718
-0.000986921
0.00386967
-0.000314513
0.00154424
-0.00095062
-0.000279108
-0.0013165
0.00163564
0.00135746
0.000102379
9.2734e-05
-0.000316842
-0.00143873
0.000263936
0.00172261
-0.000923582
0.000817438
-0.00262921
-0.0022852
-0.00222476
-0.00077553
0.00051608
-0.00133806
-0.000254427
-0.0013804
0.00061118
-0.000879301
-0.00174968
0.000894159
-0.000961828
-0.0021453
-0.00215012
-0.000100067
-0.0030995
0.000766512
-0.00332842
-0.00100131
0.00297897
-0.00141625
0.000279997
-0.00150063
-0.00019355
0.000827991
-0.00105258
-3.19497e-05
0.000856765
-0.00257967
0.000789334
-0.00139765
0.00220583
-2.95849e-05
-0.000790135
-1.90264e-05
-0.00073866
0.00106758
0.000821794
0.000907441
-0.000701166
-2.64284e-05
0.000716038
-0.00103411
0.00599706
-0.00469612
0.000797246
0.000685966
0.00793187
-0.0040661
0.00388616
-0.00945722
0.000245502
-0.000383226
-0.00237311
0.00243787
0.000766108
-0.000830867
-0.000788905
-0.000219586
0.000393157
-0.0012291
0.00061635
0.00187562
7.69643e-05
-0.000627514
0.00195475
-0.00133278
-0.00201592
-0.000713189
-0.00123734
-0.000844807
-0.000346389
-0.00174281
-0.000171381
0.00122332
0.000786848
0.000320315
0.00129311
-0.000982083
-0.000631342
-0.00149257
-0.00271704
-6.39056e-05
0.000798432
0.00194885
0.00101269
-0.002421
-0.00219646
0.000995941
-0.000903795
-0.000260868
-0.00188698
-0.00213414
-0.00212482
0.000427423
0.000756346
0.000831558
0.00110023
-0.001882
-0.000952833
-0.000251743
0.00120029
0.000777003
0.00114466
0.00102175
-0.00122468
-1.22752e-05
0.00132451
-0.000268004
-0.00146311
-0.00141762
-0.000683311
0.00136952
0.000731374
0.000209596
-0.000478576
0.00113696
0.00140714
-0.000357258
0.00220956
0.00118331
0.000466989
0.00138344
0.000570945
-0.000984925
0.000569268
-0.00170798
-0.00161473
0.000903033
0.00129292
-0.00163202
-0.00105615
0.00139525
-0.00133363
-0.00138743
0.000729002
0.000277045
8.52853e-05
-0.00183119
0.000391977
0.000157063
-0.000700802
-0.000144473
-0.000415184
2.39538e-05
0.000785677
0.000407088
-0.00110748
0.000805156
-0.00239603
-0.00022763
0.000173914
-0.000291527
-0.000817719
0.000342362
0.00149004
-0.000777434
-3.99626e-05
0.000113855
-0.00112447
-0.000891424
-0.000206316
-2.58191e-05
-0.00104012
-0.000172327
-0.000354156
0.000409122
0.0011674
-0.00161649
-0.000381289
0.000867001
-7.69049e-05
0.000231137
0.000592536
0.000127422
0.00154281
-0.00133425
-0.000380886
0.001427
0.000186488
0.00229118
-0.000419535
-0.000986506
0.00133527
-0.000190361
0.000164275
-0.000919645
0.000281803
0.00052742
-0.0010947
0.000169469
-0.000667805
-0.00123438
0.000517855
0.000334488
0.000596073
-0.00119545
-0.000309028
0.00104912
0.00103566
-0.00080541
0.000186694
-0.00102759
0.000364624
0.000312641
-0.000127318
-0.00127732
-0.000817983
0.00125452
-0.0016835
-0.000348212
-0.000554184
0.0011458
-0.00145107
0.000785604
-0.000480333
-0.00661226
0.00440322
0.000828452
-0.00238036
0.00189436
-0.00173495
-1.91952e-05
-0.00014022
0.00273327
-0.00142971
-0.00241534
0.0028011
-0.00304677
-0.00301956
0.00102413
-0.00136982
-0.00141349
-0.00319829
-0.00297099
6.28054e-05
0.00151522
0.000439056
-0.00201708
-0.000516745
0.000569996
-0.000467589
-8.04842e-05
0.00234828
-0.00180021
-0.000476252
-0.00254783
-0.000697803
0.00194805
-0.0012179
0.00041032
-0.000821811
-0.000328124
0.000940935
0.00161721
0.0012452
-0.00152954
-0.00212984
-0.00130245
-0.00147074
0.00154604
-0.00336104
0.00194469
-4.56194e-05
-0.000762141
-0.00216754
-0.00241601
0.00392792
-0.00326539
0.00235595
-0.00301853
-0.00215155
-0.00238807
0.00352023
-0.00018004
-0.000846707
0.00305052
-0.00150834
-0.000451163
0.00209516
-0.0066069
-0.00114221
-0.00359193
-0.000457511
-0.00190824
-0.000387778
-0.00159962
0.00141693
0.00241737
-0.0028839
0.000742574
-0.00190472
-0.00549628
0.00235179
-0.00490359
0.0024237
0.000128165
0.000692687
-0.0026291
0.00428815
-0.00452674
-0.00408731
-0.0004818
4.21409e-05
0.00110153
-0.000130099
0.00106386
0.000727815
-0.000204627
-0.000239515
-0.000885887
0.000174
-8.65259e-05
-0.000700552
0.00044488
0.000783092
0.000138605
0.00060279
-0.00154516
0.00115763
-5.25527e-05
-0.000434957
-0.00070794
-0.00145638
0.000845997
0.00879536
-0.00388487
-0.00300226
-0.00190823
0.00325798
0.00672426
0.00251597
-0.00412473
-0.00511551
0.000144572
-0.00450259
0.00121387
-0.000260852
0.000950213
-0.000560551
0.000976286
0.00114807
-0.000755868
0.00404853
-0.00083553
-0.00154701
-0.00166599
0.00227391
-0.00651078
0.00111596
0.00327813
-0.00396522
-0.00491249
-0.00285796
-0.00367173
-0.00571856
0.00159259
0.00135053
-0.00224612
-0.000697004
0.0021413
-0.00257696
-0.0017156
0.000930274
-0.00315067
0.00281622
-0.00110062
-0.00311128
-0.000454707
-0.00125873
0.00329529
-0.000845511
-0.000889853
-0.00155992
-0.000809038
-0.000917402
-0.000609213
-0.00210349
0.00024067
-9.60509e-05
-0.00736018
0.00446767
0.000431979
-0.00165443
0.00144053
-0.00131081
-0.00276483
-0.0010555
-0.000720989
-0.00124861
0.00523269
-0.0124389
0.00792015
0.00292677
0.00159202
0.00118392
-0.00544855
-0.000639542
0.00490416
-0.00371045
0.0120972
-0.0138406
0.00707296
0.00452469
0.00752008
0.00041236
0.00632035
0.00160243
-0.00579747
0.0018342
0.0111689
-0.0121808
-0.0076383
0.00607438
0.004913
-0.000285456
0.00215714
-0.00572784
-0.00438824
0.00455011
0.005566
-0.00816991
-0.00308933
0.00306378
0.00253803
-0.00251244
-0.0053434
0.00647925
-0.00648243
-0.0048914
-0.00396503
-0.00224014
0.00131375
0.00396183
0.000917964
0.00172187
-0.000493663
-0.00385862
0.000654459
0.00508982
-0.0018859
0.00430245
0.00259865
-0.00690113
-0.00133364
0.00158847
-0.00156266
0.0022475
0.00163615
0.00323672
0.00468221
-0.00828339
0.000364293
-0.000453557
0.00232512
-0.00595892
-0.00654844
0.00558372
0.000511111
-2.94213e-05
0.00173884
-0.00475648
0.000401188
0.00261632
-0.000229758
0.00145128
-0.0019231
0.00113262
0.000737057
-0.000934938
0.00013851
-0.00177185
-0.00254155
0.00117662
-0.00153943
3.46891e-05
-0.000824978
0.000406502
-0.00135114
0.000609341
4.45608e-05
0.00149677
-0.000570262
-0.00097107
-0.00105126
-0.00139582
0.00218752
0.00367733
-0.00586489
0.00241032
0.00232418
-0.0061829
-0.0032923
0.0024805
0.000667323
-4.80454e-05
-0.00167654
-0.00223095
-0.00362761
8.74838e-05
0.000409795
0.001116
0.00135647
-0.00591244
0.00387301
-0.00398179
-0.00777427
0.00775761
0.000732721
9.87872e-05
-0.00721387
0.0062306
-0.00588239
0.00683205
0.00463018
-0.00606693
0.00231813
0.00180541
-0.00271743
0.00119467
-0.00310078
-0.000715668
0.000128587
0.00290993
-0.00220286
0.00369623
0.000979581
-0.00355982
-0.000142657
-0.000444469
0.00239192
-0.00180479
-0.00153859
-0.00289475
0.00516681
0.00397887
0.00195368
-0.000486216
0.00373787
-0.00449519
0.000321281
-0.00408923
0.000980628
0.00336457
0.00524028
-0.00441921
-0.000613767
0.00361214
-0.00275099
-6.33818e-06
0.00119066
-0.00379791
0.0032914
-0.000837336
0.000366369
0.000759116
-0.000288149
6.156e-05
-0.000706314
0.000311014
-0.00088805
0.000354831
0.000222206
0.000930522
3.21387e-05
-0.000651647
-0.000987308
-0.000554079
-0.000213493
-0.00109942
-0.00133864
0.00021286
0.00222272
-0.000943279
-0.00281706
-0.00115698
0.0012413
0.000659818
0.00116717
-0.00306829
-0.00109749
-0.00139813
0.000554261
0.0014594
-0.00108314
8.60529e-05
-0.00181282
-0.00027868
0.00126471
-0.000899974
0.000733772
-0.00105778
-0.0069023
-0.00714832
0.00565618
-0.00411451
0.00208434
0.00215875
-0.00182009
-0.00152025
-0.00640432
0.00241756
0.00176251
-0.000229972
-0.00101534
0.00189891
-0.0026471
0.00218692
0.00294001
-0.0029895
0.0057057
0.00904904
-0.00708682
0.00243852
-0.00105301
0.00362407
0.00112245
0.00141474
0.000402857
-0.00184503
0.00255068
-0.00714407
0.00643855
-0.000547641
0.00179685
-0.00198916
-0.00304298
0.0030083
-0.00630983
0.00847551
0.000384979
-0.00236773
0.0026354
-0.00394472
0.00367714
-0.00336038
-0.000771434
0.00268436
0.00144759
-0.00109084
0.00711852
-0.00602771
-0.000624199
-0.00543367
0.000829049
0.00522882
-0.00470952
-0.00289522
0.00480481
0.00280004
0.00262861
-0.00183394
-0.00206984
0.00331908
-0.00251604
0.00314251
0.00346342
-0.00408986
-0.00202897
-0.00326892
0.00820488
-0.00685236
0.000458719
0.00144629
0.000270211
0.000339116
-0.00114463
-0.00280658
0.0049308
0.00183632
-0.00669984
-0.00666604
-8.28054e-05
0.00708799
-0.000244734
-0.00540968
0.00326634
0.00185702
0.00284891
-0.00587455
0.00116853
0.00137379
1.9015e-05
0.000802974
0.00296375
0.00374578
-0.00183898
0.00153057
-0.00131749
0.00133958
0.00512574
-0.00319479
0.00405007
-0.000934954
-0.0015846
0.00443637
0.00307812
-0.00455083
0.00496975
0.00186934
0.00189244
-0.00345435
0.00359689
-0.000989537
0.00439596
-0.00515668
0.000646989
0.00810654
0.00148416
0.00125987
0.00498549
-0.000987637
0.000438486
-0.00111874
0.00207219
0.00091577
0.00147745
0.00283913
0.00421037
-0.00501458
0.00520008
-0.00386522
-0.000365144
0.00160229
-0.00339171
-0.00452349
-0.000846034
-0.00140261
-0.00422063
0.000755943
-0.00176263
0.00257039
-0.000859135
0.00299411
0.000111044
-0.00143453
-0.001455
-0.000356629
-0.00139424
-0.00133215
-0.00160957
-0.000701891
0.00381243
-0.00212435
0.00503343
-0.00167573
-9.63746e-05
0.00115551
-0.00819806
0.00149765
0.0057675
0.0009329
-0.000298108
0.000554574
-0.00143048
5.38887e-05
0.00107843
0.00605001
-0.00818575
0.0016894
0.00792787
-0.00483798
0.000766518
-0.00385642
0.0104105
0.000517544
-0.00496368
-0.00028542
0.000389472
-6.74973e-05
0.00176363
0.00361293
0.00241748
-0.000214641
0.00199199
-0.000255276
0.00208824
-0.00117029
9.76646e-06
-0.00264416
0.00313397
-0.000809451
-0.00518172
0.00410233
-0.00273791
-0.00170379
0.00360532
0.00220068
0.00558885
-0.000242917
0.000659606
-0.00364025
0.00832528
-0.00391851
-0.00111312
-0.00412745
0.00160033
0.00059522
0.0021756
0.00138505
0.00521245
-0.00484209
0.00146704
0.00261879
0.00133744
-0.000388399
0.00553533
-0.000793055
-0.00435387
0.0068541
-0.00682687
-0.000960549
-0.0076671
0.00120079
0.00742687
-0.000668891
-0.00106292
0.00466287
-0.00413455
0.000534554
0.0056323
-0.00510821
0.00127256
-0.00528485
0.00425681
0.000516899
0.00788114
-0.00523061
-0.00567818
0.000731934
-0.00534597
-0.00726278
0.00479642
-0.00747797
-0.00179841
0.00153248
0.000677429
-0.00114721
-0.000828636
0.000331895
0.000496672
-0.00421553
0.00332913
0.000886398
0.00371572
-0.00312744
-0.000588273
-0.00480514
-0.00490162
0.00116126
-0.00108477
0.00102615
0.00167338
-0.000218694
-0.00145475
0.00157937
0.00188885
0.00454935
0.000655691
0.00158963
-0.000376763
-0.00232074
-0.00374127
0.00104804
0.000345828
0.00154047
-0.00185374
0.000313243
0.00174144
-0.00149574
0.00143292
-0.00289533
0.00155368
0.00238969
0.000600696
-0.00431507
0.000210918
-0.0039458
0.000204562
0.000547084
0.00103097
-0.000500009
0.00544799
0.00198269
-0.0018955
-8.7234e-05
0.000334043
0.000594871
-0.000167307
0.00166545
-0.00209312
-0.00477925
0.000464197
0.000324756
0.00162131
0.00207962
-0.00180581
-0.000273813
0.00136075
0.00566281
-0.00441609
-0.00232979
0.00229965
0.00229166
-0.00220541
0.000923815
-4.09796e-05
0.00235323
-0.00450336
0.00269724
0.00135646
0.000854725
-0.000678753
0.00330481
-0.00329665
-0.00485007
0.00446758
0.000382515
0.000207522
0.00111927
0.00422126
-0.00359795
-0.00174263
-0.000243624
-0.00510437
0.00701198
-0.005031
-0.00688922
-0.000183649
0.00707289
0.00388428
-0.00583813
0.00430885
-0.00709463
-0.00508544
0.0018694
-0.00515287
-0.00214829
0.00668594
0.000667832
0.00494781
-0.00134949
0.00653846
-0.00589727
0.00449757
-0.000156996
0.00546099
-0.00649388
0.00415365
0.000102407
-0.00457001
0.00411383
0.000456191
-0.00419431
-0.00509327
0.00567494
-0.00387296
0.00381677
-0.000681107
0.000522132
0.00346464
-0.00190862
-0.00310006
0.00154405
0.00490869
-0.00414365
-0.000926583
-0.00336864
0.00429524
0.00514413
-0.00392493
-0.000135308
-0.00348319
-0.00462209
-0.00337452
-0.000671849
-0.00263717
-0.00298724
0.00317566
0.000864067
-0.00470269
0.00193002
0.00260506
0.00118914
0.00391005
-0.00306719
-0.00318388
0.00240897
-0.00331769
0.00112599
0.00368053
-0.00285349
-0.00195302
-0.00194928
0.00192163
0.00372144
-0.00174904
-0.000325271
-0.00164712
-0.00122634
-0.000725546
-0.0024531
0.00142182
0.0010313
5.3897e-05
0.00148305
-0.000958025
-0.0015807
0.00310829
-0.000569597
0.00032261
-6.77563e-05
-0.000920554
0.00145209
-0.000308198
-0.000885652
0.00073974
-0.000300106
0.000900263
-0.00160523
0.00100501
-0.00339588
0.0030443
0.00161947
0.00143915
-0.00103884
-0.00201977
-0.00319006
0.0017145
-0.00402986
0.00238012
-0.00369618
0.000410755
-0.00276478
0.00482893
0.00342678
-0.00111437
-0.00296228
0.00332533
-0.00212534
0.00149716
0.000628192
0.000521341
-0.00348361
-0.0040313
0.00015187
-0.00258743
0.0057594
-0.0053982
0.00605615
-0.00101107
-0.00636201
-6.17634e-05
0.0049425
-0.00520404
-0.00135628
0.000968421
0.00366089
-0.00462911
0.000871507
-0.00412157
0.000317979
0.00293207
0.00375553
0.00489134
0.00130008
0.00233465
-0.00204969
0.00218753
-0.0013546
0.0019341
-0.000374422
-0.00295395
0.000746425
0.000701194
-0.0015225
7.48036e-05
-0.00131845
-0.00391433
-0.00141668
0.00445603
0.00357176
-0.00218787
0.00338432
0.00104896
-0.00351802
0.000805471
-0.00430738
0.00361293
0.00422642
-0.00428009
0.00120682
-0.00393048
0.00514376
-0.00543022
-0.00227212
0.00145691
-0.00092162
0.000574244
-0.00192477
-0.00263757
0.000338558
0.0038501
-0.00155111
0.00380043
-0.00349208
0.0012991
-0.00160746
-0.00109682
-0.000296024
-0.00111955
-0.00134037
0.000671311
0.00152163
-6.81687e-06
-0.00263437
-0.00111253
0.00260626
-0.00259057
0.000546314
-0.0034774
0.00181853
-0.000892025
-0.000652751
-0.000156108
0.00148015
0.00106364
0.00102474
0.00112533
-0.00164134
-0.00364108
-0.000479748
0.00524617
0.0031525
0.00219956
0.00363588
-0.00563412
-0.000201318
0.00180891
-0.000916362
-0.00149077
-0.000609838
0.000112668
-0.00170653
0.00230762
0.000897888
-0.00133289
0.00217083
-0.000982015
-0.00136139
0.000789324
-0.00138504
0.00120051
0.00827894
0.00235508
0.00149194
-0.00074867
-0.00112806
0.00015759
0.00171911
-0.00257335
0.00220341
-0.00135603
0.00172602
-0.00374844
0.00161263
0.00279401
-0.00290967
0.000324029
0.000984457
-0.000174653
7.17629e-05
0.00719999
-0.0017535
-0.00551826
0.00118493
0.00221608
-0.0022776
-0.00140974
-0.00302373
0.00317422
0.00165035
0.000855092
0.001333
0.000989847
-0.00239988
0.00253103
-0.00279283
0.0029765
0.00104106
-0.00104972
-0.00443327
-0.00157753
0.00773812
0.000104017
0.00719987
0.000288787
0.00540515
-0.00543808
0.0032811
-0.00132871
-0.00140647
-0.00157161
0.0043068
0.00535899
0.00486463
-0.00467077
-0.00647429
0.00628043
-0.00165385
-0.00250209
0.00242361
-0.000856235
0.00611261
-0.00577635
0.00435535
-0.00328889
0.00151586
-0.00258227
0.00278948
0.00487705
-0.00173462
-0.00210175
-0.00243847
0.00116002
-0.00679523
0.00554731
-0.0052485
0.00649644
0.00346774
0.00396103
-0.0025517
0.0055636
-0.000959386
0.000249565
5.89762e-05
0.0043131
0.00528005
-0.0058517
-0.00251834
0.00309
-0.00751759
0.00102172
0.00527984
-0.00146378
0.000278132
6.79858e-05
-0.00508799
0.000858308
0.00531362
-0.00108395
0.00635971
-0.0059544
-0.000127152
0.000207879
0.000704268
-0.000173807
0.00251817
0.00440975
-0.00171067
-0.00358911
0.00413272
-0.000739876
-0.00149819
-0.000156499
-0.00177628
-0.000369716
0.00225378
0.00217915
0.00172525
-0.00249346
-0.000803377
-0.000329266
0.0014807
0.00171459
-0.00106343
-0.000651215
-0.000414926
-0.000846146
-0.00664602
0.0040283
-0.00309054
-0.00418254
0.00072101
-0.00527413
0.00377658
0.00245227
-0.00341945
-0.0016326
0.000690561
-0.00043246
0.00156499
-0.00113261
0.00608504
0.00121399
-0.00313618
0.000776768
0.000359746
-0.00198193
-0.00315417
-0.00261754
-0.00251627
-0.00130731
-0.00730239
0.00152288
0.00195675
-0.000782262
0.000871507
-0.0082886
0.000604046
0.00640553
-7.53225e-05
0.00215455
-0.00848475
-0.00101783
-0.00153337
-0.00156331
0.00499694
-0.0047851
0.00563504
-0.0122695
0.00542241
0.00121208
0.00584739
0.00532979
-0.00576055
-0.00208969
-0.000408151
0.000917575
-0.00379432
0.00328489
0.000461929
0.00454142
0.00606054
0.000491528
-0.00113024
0.00288887
-0.00456522
0.00210986
-0.001147
-0.00629605
-0.00228946
-0.00096588
0.00688306
0.00104731
-0.00696447
-0.00081213
-0.00890387
-3.75062e-06
0.00959358
-0.00867008
-0.0129802
0.0083983
-0.000911174
-0.00699559
0.0015098
-0.00969822
0.00714776
-0.00612129
0.0004576
-0.0017447
0.00799266
0.0012525
-0.00750047
0.00411413
0.00075509
-0.00400722
-4.708e-05
0.00202686
0.00202741
0.0016301
-0.00236609
-0.00597164
0.00505587
-0.00138534
0.000606721
0.00167779
-0.00135578
0.00240774
-0.00109786
0.00217217
-0.00380151
0.00130007
-0.000335645
0.00104224
0.00295579
-0.00366236
-0.003654
-0.00108345
0.000144163
0.0045933
-0.00456425
0.0010823
0.00459415
-0.00368083
-0.00199559
-0.000501078
1.96615e-05
0.000228755
0.00402922
0.00019642
-0.00127752
0.00292501
-0.00348887
-0.000146926
0.00305603
-0.00290911
0.000506534
-0.0015464
0.000233452
0.00391927
-0.0019095
0.0044112
-0.00420077
0.00147341
-0.00168382
-0.00117572
0.00512483
-0.00102409
-0.00466147
0.00204235
0.000304799
0.0023144
-0.00346806
0.00188005
-0.00333908
-0.000593345
0.00205239
-0.0031075
-0.00240385
0.0020433
0.0017736
-0.000128629
-0.00262713
0.000982187
-0.000179615
-0.00733425
-0.00130651
0.000305759
0.000646808
0.00183935
-0.00129815
0.00500751
-0.00461859
-0.00179666
0.00215559
-0.000221888
0.000697679
-0.00227243
0.000685864
0.000814413
-0.00381643
0.0023162
0.000672764
0.00120166
-0.00224723
0.00037285
0.00140995
0.00119169
0.00138847
-0.00326071
-0.000757882
0.00227823
0.00174035
-0.00409242
-0.00160751
0.00102292
-0.00285231
0.00239873
-0.00313785
-1.8739e-05
-0.000641172
0.00312939
0.000816605
-0.00345532
0.000995501
0.0024209
3.89383e-05
-0.000897085
-0.000658133
-0.00179926
0.00210388
-0.00330579
0.00163206
0.0024812
-0.00378849
-0.000507359
0.00325141
-7.37048e-05
-0.00317772
0.0030541
0.000197304
0.000620033
-0.00432687
0.00370681
0.00462185
-0.00400183
0.00109922
0.00502607
0.00438206
0.00158076
0.00222173
0.00238157
-0.00460331
-0.00125414
-0.00289376
0.00382841
-0.00218121
-0.00867764
0.00635583
0.00243566
-0.000113873
-0.0164221
-0.00125548
0.000892951
0.018678
-0.0165704
-0.000808551
-0.00129915
0.0120302
0.0114221
0.00134986
-0.000741714
0.00132221
0.000260496
-0.00440271
0.0110729
-0.00693068
-0.000761116
-0.00574671
0.0143881
-0.0127449
0.00281717
0.00843749
-0.000894071
-0.00772257
0.0101513
-0.0015347
0.0157247
-0.0034544
-0.00186504
-0.00856482
0.00602714
-0.00165612
0.00944202
-0.00690351
-0.00974573
-0.00668232
0.00584072
-0.00679782
0.00875107
0.0122816
-0.0137268
8.89926e-05
-0.0185056
0.00344943
-0.00806671
0.00912091
-0.00194828
-0.00305979
-0.00676334
-0.00171197
0.0115351
0.00145177
-0.00686526
-0.0103101
-0.000460725
1.50148e-05
-0.0020484
-0.000437066
-0.00129993
0.00282055
-0.00196634
-0.00802493
-0.00242432
0.00924582
-0.00613478
-0.000851591
0.00397418
-0.0053605
0.00294684
-0.00219663
-0.00255902
0.00052637
-0.00223342
0.00170706
-0.00307019
0.00219109
0.00235114
0.0085971
-0.00745161
-0.00794853
0.00101142
-0.00174054
-0.00392931
0.000994465
0.0133432
0.00806904
-0.00348724
0.0124679
0.0208276
-0.012489
0.0129487
-0.00200758
4.59295e-05
0.000737361
-0.0145101
-0.0112274
0.0103429
0.000930423
0.00816456
-0.0139674
0.00324699
0.0111023
-0.00970959
0.00838472
0.0104476
-0.00516736
-0.00283235
0.00219241
0.00985944
-0.0085399
-0.00580694
-0.00603787
-0.000594132
0.00792196
-0.00826869
-0.00358232
0.00183978
0.0066431
-0.00689087
0.00755447
0.000706972
-0.00021461
-0.00804684
-0.00328194
0.0029315
-0.00737523
0.00383487
0.00451873
-0.00389075
0.00122857
0.000784836
-0.0113743
0.00936087
0.00180073
-0.00124766
-0.000418312
-0.00454881
-0.000169092
0.00814506
-0.00342717
0.00451502
-0.000693454
0.00782343
-0.00275105
-0.00388846
-0.00225548
-0.00465304
-0.00344273
0.00286884
-0.00387793
0.00697996
-0.00369616
0.00193029
-0.00142197
-0.00682686
0.00302047
0.00280076
-0.00426671
-0.00155452
-0.00281808
-0.000147601
0.00718853
-0.00721002
-0.00182272
0.00336763
0.00972836
0.00227004
0.00104086
-0.00390951
0.00242982
-0.00624751
0.00532519
0.00418202
0.00110852
0.00167414
-0.00226062
0.00607159
-0.00279004
0.00104978
-0.00105004
0.00372204
0.000164322
-0.00528149
-0.00320826
0.00676451
-0.00130282
-0.00225341
-0.000364333
0.00483924
0.00180689
-0.00221019
-0.00170167
0.00210497
-8.63035e-05
-0.00760193
0.000242799
0.0012789
0.00349295
-0.00128919
-0.000968953
0.00174127
0.00326077
-0.00157136
0.00174005
-0.00132225
-0.000417828
-0.00151326
0.000703004
0.000830485
-0.00169007
-0.00354485
0.000372289
-0.00219513
0.00245537
0.00180406
-0.00206429
-0.000479279
-0.00681366
0.0052958
0.00199721
0.00307772
-0.00496059
-0.00900802
0.00244427
-0.00354023
0.00495823
-0.000771418
-0.000646569
0.00925284
-0.0138815
-0.005187
0.00981574
0.00183566
-0.00239294
0.00229936
-0.00306798
0.00118431
-0.00351971
0.0022491
0.01218
-0.014313
-0.00807985
-0.0187114
-0.00110762
-0.00208021
-0.00271991
0.00682436
0.00109197
-0.0106402
-0.00173016
-0.000203954
-0.00226598
0.00420009
0.00135219
-0.00124372
-0.00309837
-0.00341316
0.00155654
-0.00293287
0.000407359
9.79091e-05
0.00255753
-0.00109894
-0.00283277
0.00400128
-0.00179401
-0.00327777
0.00261753
0.00245425
-0.00162637
-0.0019915
0.000785095
-0.00130922
-0.00129578
0.000953849
0.00165114
-0.00366711
0.00262387
-0.00226219
-0.00166075
0.00592923
-0.0020063
-0.00247946
0.00115502
0.0036962
0.00329965
0.00417012
-0.00324283
-0.00149118
2.86179e-05
0.0031527
0.00508717
0.00123291
0.00162604
-0.00416286
0.00322321
0.00258449
0.00439537
-0.00223531
-0.00182005
0.00629414
-0.00223876
-0.00461805
-0.00408177
0.00287688
0.00336609
-0.00216118
-0.000724361
0.00612147
-0.00747724
0.00667966
0.00461278
-0.0124
0.00445992
-0.000292679
-0.00234406
0.002726
-0.00149063
-0.00472433
0.00540262
0.00434707
-0.00245417
-0.00594661
0.0051822
0.000161632
0.00198652
-0.0041786
0.00203038
0.00256887
0.000437457
-0.00100907
0.000113424
0.00803163
-0.0073058
-0.00083927
0.00653391
-0.000294487
0.00164173
0.00427461
-0.00428035
-0.00107071
-0.000977526
0.000935847
-0.00127841
-0.000390765
-0.00102874
3.9088e-05
-4.95168e-05
-0.00454991
0.00495437
-0.000277446
-0.000133356
-0.00409446
0.00450522
-0.00367274
0.00506304
-0.000911914
-0.0026687
-0.00148244
0.00412636
-0.000363798
-0.00522296
0.0053093
0.000601455
-0.000342795
0.00124833
-0.00411425
0.00357701
0.00555144
0.00434334
-0.00368211
-0.00103158
0.00242231
0.00075872
-0.00214945
-0.00290792
0.000789397
-0.000814447
-0.00249461
-0.00120104
-0.000533208
-0.00141128
0.0019445
0.00126098
-0.00209235
0.00299772
-0.00210071
-0.0020605
-0.00249601
0.00496305
-0.000406533
0.00057121
-0.00270939
0.00370056
-0.00325977
0.00340907
-0.00314739
-0.000675975
0.000563599
0.000692895
-0.00166547
0.00467961
-0.000731777
-0.00510862
0.00402359
0.0037851
-7.0458e-05
-0.00632855
-0.00575533
0.00286005
0.00288537
0.00557042
-0.00182741
-0.00396806
-0.00496982
0.002915
0.00329464
-0.00123978
0.00690366
-0.00281589
-0.00150327
0.000234937
0.000115072
0.00410994
0.000890794
0.00517202
-2.17454e-05
0.000691201
0.00534109
0.00277808
0.00568545
0.0019474
-0.00475858
0.00558925
0.00572155
-0.00424641
-0.00253481
-0.00360861
0.00614342
0.00442335
-0.000558492
-0.00538843
0.00152357
0.00395199
-0.00214166
0.00203961
0.00276464
-0.00298606
-0.00546191
0.00508189
0.000359567
-0.00551192
0.00505386
0.00521109
0.000182221
0.000490927
-0.00588423
0.00445281
-0.00467112
0.00497075
-0.00405445
0.0041232
-0.0004328
0.00768812
-0.00459951
0.0093359
-0.00690713
-0.00657302
0.00352198
0.00135024
-0.00296742
-0.00123588
0.0159622
-0.00055549
-0.000763326
0.0159704
-0.00860183
-0.0068003
-0.00365266
0.00968961
-0.0097917
-0.00171024
0.00343523
0.00302742
-0.00157815
0.0018003
-0.00100915
0.00507262
-0.00920141
0.00402816
0.000100617
-0.00139545
-0.011542
0.0129525
-0.0025884
0.00890555
-0.00568336
-0.000633805
-0.00303417
-0.00160186
-0.0040848
0.00380844
-0.00028309
-0.00101364
0.00358188
0.00212233
-0.00189577
-0.00646959
0.00224843
0.00181424
-0.00290164
0.00836141
0.000478641
-0.0069096
0.00749849
-0.0118197
3.67843e-05
0.00875551
0.00834731
-0.00846614
0.000629781
0.00770951
-0.00860789
0.00830458
-0.00504661
-0.000331218
0.000508257
-0.00444254
0.00448772
-0.00127361
-0.00256593
0.00211084
0.00172868
0.00018309
-0.000443662
-0.00267231
0.00442042
-0.00464869
0.00427752
-0.00597407
0.00169651
0.00043992
-0.000448009
0.0054207
-0.0011432
-0.00404224
0.00386994
0.000615495
-0.00431683
0.00201811
-0.00540251
-0.00541078
0.00879517
0.00276795
0.0064527
-0.000465151
0.00213736
0.0090691
-0.00651647
-0.000415267
-0.00232333
0.00250552
-0.00186655
0.00234353
0.000364734
-0.0109679
-0.000729297
0.0113325
0.00954937
0.000160142
-0.00881656
-0.00601164
0.00704446
-0.00114089
0.00861435
-0.00342941
-0.00404404
0.000670286
6.93688e-05
0.00330468
7.87407e-05
0.000965769
-0.00434921
0.00121211
0.000420066
0.00050076
0.00028244
-0.00119351
-0.00295423
0.00183414
0.0023136
0.00327051
-0.00289851
-0.0010693
-0.00087376
-0.000268004
0.00221103
0.0015054
-0.000497374
0.00151062
-0.00251868
0.000674313
0.000860057
0.00134097
0.000399062
-0.00124351
0.000303977
-0.00124613
0.000596051
0.000306641
-0.000364825
-7.63604e-05
0.00141732
-0.00110929
0.00202274
-0.000913466
0.000939181
-0.00204846
-0.000941847
0.00106852
0.00384751
-0.000129367
-0.00446755
0.00351348
-0.000824417
-0.000102706
-0.00304367
0.000393544
-0.00253585
-0.00307614
0.00521841
-0.00530692
0.00593576
0.00576811
-0.00275844
-0.00418538
0.000192648
0.000763754
-0.00164192
-0.00228517
-8.19091e-05
0.00400902
-0.000544815
0.00267146
-0.00376852
0.000862935
0.00378513
0.00112006
-0.00217752
-0.00117235
0.00185415
-0.000299675
0.00408788
-0.00551973
0.00173157
0.00302244
-0.00742682
0.00686801
0.00853405
-0.00923511
-0.0113963
0.0109036
-0.00538891
0.0104732
-0.0104598
0.00537561
-0.00368359
0.00290481
-0.00178556
-0.00338953
-0.00177416
0.00699955
-0.00451442
-0.00248512
0.00498649
-0.00475049
-0.0072229
0.00205389
0.00498366
0.000177385
-0.00137978
-0.00378124
0.00289204
0.00391715
-0.00680918
0.00213789
-0.00594318
-0.00340442
0.00629647
0.00200063
0.00527627
-0.00683098
0.00781393
0.00134129
0.00282688
-0.00179426
0.000972644
-0.00142465
-0.00111099
-0.00381984
0.00462397
0.000306908
-0.00429395
0.00534111
-0.00191025
0.00153148
1.07348e-05
0.0048165
-0.0038546
0.000969796
0.000369525
0.00343659
-0.00477593
-0.00256383
0.00071058
-0.00488269
0.00431173
-0.00013966
-0.00027511
-0.00568362
0.00607105
0.00272485
0.000969867
0.00186763
-0.002147
0.000685915
0.00206169
-0.00210165
-0.000792203
0.00405649
-0.00325357
-0.000835515
-0.00391727
0.00332815
0.000431585
0.000849126
0.0032047
-0.00448545
0.000949952
-0.00436604
0.0025806
-0.00128854
0.000275657
-0.00477918
0.00102407
-0.000218724
-0.000244042
-0.000204569
0.00105435
-0.00157446
0.000811977
-0.000415952
-0.00022148
-0.0081538
0.00899443
-0.000361998
-0.00168231
0.00232184
0.00742878
-0.00721674
-0.00246337
0.00640258
0.000710627
-0.00464984
0.00817332
-0.000832743
-0.00290676
-0.00477239
0.00424016
0.00343904
0.001774
-0.00323948
0.00245598
-0.00699718
-0.000291017
0.00881106
-0.00442614
-0.000202156
0.000755351
-0.0013603
0.00136462
-0.00394441
0.00359454
0.00077674
-0.000683394
0.00408027
-0.00417361
0.00285637
-0.00271494
-0.0041579
0.00030934
0.00290672
0.00266594
-0.00273353
0.00136944
-0.00384321
-0.000445011
0.00506497
0.0035857
-0.00196746
0.00249382
-0.00344204
0.00148188
0.000404329
0.00155586
-0.00308418
0.00729448
0.000250542
-0.00446086
0.000690536
0.00713282
5.89295e-05
-0.00788229
-0.00331176
-0.011024
0.0113856
-0.00332903
0.00318959
-0.00356477
-0.00327521
-0.000962027
-0.00214623
-0.00168506
-0.00178456
-0.00744528
0.00813403
-0.00438491
0.00729348
0.0037416
-0.00717319
-0.00386189
0.00687933
-0.00264731
-0.00132722
0.00104937
-0.00571033
-0.000787597
-0.00958064
0.000350799
-0.00417551
0.00379166
-0.00656044
0.00632757
0.0063373
0.00402892
-0.00553391
-0.000109234
0.00522891
0.00558977
-0.00258477
-0.000455085
-0.0057574
-0.00373813
-0.0106844
0.00580943
0.00365332
-0.00137048
5.01068e-05
0.000348256
0.00281326
-0.00588376
0.00257891
0.000491597
-0.00112378
0.000213414
0.00286149
-0.00195112
-0.00111868
0.00175478
-0.0017558
-0.00246313
0.00378614
-0.000359613
-0.00194113
-0.00275998
0.00506072
0.00211348
-0.00268016
0.00406634
-0.00145634
0.00104527
-0.00163392
0.00270211
0.00371354
-0.00637887
0.00570316
-0.00393855
0.00230594
-0.00334281
0.00262934
0.00749382
-0.00149593
0.00599244
-0.0008253
-0.00694373
0.00784078
-0.000934765
-0.000165658
0.00237494
-0.00100633
-0.000265334
0.000132856
0.000117301
-0.00507485
0.00065291
-0.00502428
0.000466334
0.00811116
0.000384681
0.000505095
0.00768899
-0.000418437
-0.0043748
-0.00377346
0.00151742
0.00105888
-0.00207359
-0.00233841
0.00227201
0.00214001
-0.00470081
0.000116458
0.00530214
-0.00358936
-0.00182921
-0.00711628
0.00746825
-0.000167004
-0.000287128
0.00158818
-0.00540834
-0.00105726
0.00487742
-0.00601969
0.00474919
0.000908105
-0.00229286
-0.00336442
-0.00637657
0.00624586
0.0031705
0.000599045
-0.00749531
0.00372578
0.00337143
-0.00623229
0.00319888
-0.000337993
-0.000774813
0.000365397
-0.000813385
-0.00134265
0.000214058
-0.00111648
0.00580001
-0.00228209
-0.00652067
-0.00240788
0.00451846
0.00716414
0.00753426
-0.0102623
-0.00531714
0.0016523
-0.00478264
0.00649329
-0.00690661
-0.00435948
-0.000879223
0.00743824
-0.00186125
0.00631081
7.50509e-05
-0.00452462
0.00807665
-0.000306443
-0.00539791
0.000441546
0.00526279
-0.00138789
0.00826689
0.000284557
0.000266578
0.00647504
-0.00740339
-0.000958559
0.000873117
-9.64434e-05
0.000782904
-0.000698023
0.000274866
0.0077722
-0.00726417
7.28176e-05
0.00127712
-0.00696555
0.00576124
-7.60284e-05
0.00746626
-0.00167513
-0.00571512
0.00703865
-0.00548667
-7.92371e-05
0.000570066
-0.00183032
0.000261784
-0.00358211
0.00515062
-0.000119673
0.00674105
0.00135221
0.000514454
0.00732694
-0.00723995
-0.000329532
-0.00490039
0.00113544
-0.000317688
-0.00506878
0.000163487
-0.000520699
0.00080776
0.00641128
-0.00669835
-0.000483241
-0.000513568
-0.00330375
-0.000195236
-0.00177255
-0.0029882
-0.000836197
-0.00092215
0.00283281
0.000288614
0.0013662
-0.000171033
-0.000838656
0.00378976
-0.00387328
0.0013954
0.0010554
0.00134961
-0.00334033
-0.00193224
0.00700079
-0.00192652
-0.000744432
0.00384427
-0.00117337
-0.00462735
0.00413163
0.00626443
-0.00708445
0.00755601
-0.00623381
0.00632518
-0.00597142
0.00665843
0.00185691
-0.00636463
0.00585992
-0.00829673
0.000665432
0.0014996
0.00613171
-0.00684039
0.00603144
0.000729702
-0.00361287
0.00573155
-0.00086386
-0.000334796
-0.00457875
0.00577738
0.00656328
0.00226269
0.000830908
-0.00437203
-0.0028978
0.00116434
0.00243623
-0.00159023
-0.00583022
0.00585678
0.00101111
-0.00200016
0.00294429
-0.00195527
-0.00621481
0.000779517
0.000926475
-0.00713903
0.000241127
0.0079958
0.000606149
-0.00492675
0.00524707
0.000200874
0.000395053
0.00551646
-0.0047182
-1.87545e-05
0.0076572
0.000839328
-0.000343116
-0.00232218
0.00568557
0.00148317
-0.000809015
-0.00964531
0.00860003
-0.00213185
0.00143851
0.00773419
-0.00313122
-0.00604149
-0.00657883
-0.00641819
-0.000819835
4.2035e-06
0.00723383
-0.00101065
-0.00618957
0.00741428
-0.0052952
0.00591109
-0.00162653
-0.00505973
0.00594832
-0.00106238
-0.00632812
-0.00058124
0.00295531
0.00103873
-0.000546807
-0.00601473
0.00849197
-0.00253788
0.00680736
-0.00576539
-0.00136634
-0.00132765
-0.0043416
0.000198077
-0.00017911
0.000499698
-0.00454874
-0.00170802
0.00575708
-0.00186952
0.00120992
0.00606357
-0.00600904
-0.00685153
0.00704619
-0.000406723
0.00320655
-0.00242696
-0.00079357
1.40175e-05
-0.00302653
-1.59042e-05
0.00148246
-0.00225546
-0.00285893
0.000774095
0.00434488
0.00691108
-0.00250389
0.00113798
0.00186797
-0.00462505
-0.00656024
0.00358059
0.00607363
-0.00184651
0.00527921
0.00578008
-0.00663153
-0.00730092
0.00625402
-0.000761074
-0.00300484
-0.000288974
-0.00350856
0.00535631
-0.00155877
0.00569598
-0.00142416
-0.00666477
0.00534904
0.0079453
-0.0140186
0.00173205
-0.0233275
0.00728248
0.0039164
-0.0223202
-0.0092187
-0.0158008
0.00211995
-0.0026741
0.00249383
-0.000101661
-0.0131224
-0.00633716
-0.00224292
0.00688501
0.00169506
0.00356925
-0.00487913
-0.0059571
0.00129593
0.00234841
1.43882e-05
0.00128349
0.000109463
-0.00376908
0.00237616
0.00245629
0.0016389
0.003353
0.00343108
-0.000527197
-0.00625009
0.00334622
0.00132396
0.0005284
-0.0070096
0.0085466
-0.00154778
-0.00605491
-3.09386e-05
-0.00122851
0.00752104
0.00274933
-0.00904187
-0.00442369
0.00490699
-0.00137058
0.00623575
0.00497436
-0.00517299
0.00698807
-0.00652621
0.00814552
-0.00204802
0.000926125
-0.00521529
-0.00581258
0.00179186
0.00114241
0.00166135
-0.00575457
0.00186485
0.00401171
-0.00636277
-0.000130311
-0.00178164
-0.00117049
0.00119621
-0.00070191
0.00144428
-0.00169275
-0.00153317
-0.000608282
-0.000560464
0.00127033
-0.00109865
-0.00123994
-0.00459212
0.000356087
0.00152527
0.00233967
-0.000131685
-0.000763704
-0.00199297
-0.00237308
0.0039284
0.000437657
0.00156763
-0.00306542
-0.00300409
-0.00123763
-0.00531843
-0.000112873
-0.00065223
0.000945155
-0.000180051
-0.00093555
0.000264012
-0.000692985
-0.000725204
0.000856401
-0.000972031
0.000444252
0.000369215
3.65105e-05
-0.000315386
-0.00179432
-0.000880113
0.000808856
-0.00100488
-0.00126502
-0.000949641
-0.00125578
-0.000101443
-0.000305503
-0.000592788
-0.000527172
-0.000910875
0.000779675
0.000660343
-0.000953913
0.00126341
0.0017891
-0.00557343
0.00543795
-0.00362081
-2.80207e-05
-0.00336218
-0.000157839
-0.00125232
-0.00412195
0.00206216
-0.00132144
-0.0023576
0.00529966
0.00126235
0.00129361
-0.0041402
0.000991824
-0.000580536
0.00372893
-0.00337174
0.000521421
-4.28698e-05
-0.000684968
0.00312662
-0.000888049
0.00466989
-0.00278997
-0.00382588
-0.0020567
-0.000677862
0.00606458
0.00387892
0.000829281
-0.00034895
-0.00193137
0.00145107
0.00515025
0.00149592
-0.00124354
0.0030821
0.00395332
-0.00222128
-0.00469728
0.00425418
-0.0041203
0.00340653
-0.00154421
-0.000100295
-0.00019311
-0.00165667
-0.00231687
0.00416675
0.0034031
0.00345466
-0.00325414
0.00350472
0.00359146
0.00250169
-0.00269278
0.000482003
0.00295917
-0.00464601
0.0012048
0.000585504
-0.000302889
0.00516795
-0.00324584
0.00474436
-0.00506056
0.00277981
-0.00200351
0.00345308
-0.0036214
-0.00497957
0.00382893
0.00190277
-0.000752117
-0.00532577
0.00111115
-0.00221505
0.00104641
-0.00484562
0.00346357
-0.000610113
-0.00488807
0.00497918
-0.00478364
0.00461394
0.000495225
-0.00423244
0.000723452
0.00462258
-0.00376187
0.000292344
0.00492661
0.000970722
-0.00618966
-0.000508199
-0.0021577
0.00318736
-0.00015058
-0.00166422
0.00303002
-0.00121524
-0.00260819
0.00703294
-0.00509372
0.000668938
0.000330097
-0.00036196
-0.0122663
-0.00122807
0.000795306
-0.00438415
0.00474529
-0.000561762
0.000703857
0.00116479
-0.000732498
0.00746273
-0.000433449
0.0034302
0.00384261
0.0034986
-0.000881113
-0.00340962
0.0034889
-0.00993491
0.00803766
0.000475269
0.000827534
-0.00925086
0.00991343
-0.00149012
0.0120798
-0.00163281
0.000141935
0.00105653
-0.00401801
0.00756742
-6.13145e-05
-0.0144405
0.000635514
0.0112202
0.00342758
-0.00170195
0.000653655
-0.0023792
0.00777769
-0.0021143
0.00238636
-0.00576374
0.00639527
-0.000380997
-0.00435908
0.00547487
-0.00576536
-0.00129699
-0.00537178
0.00514846
0.000818299
-0.000594957
0.00756021
-0.00725014
-0.000506112
-0.00151432
-0.000757337
-0.00381591
0.00812394
4.85253e-05
-0.00435655
-0.00399537
0.000594722
-0.00514395
-0.000984683
-0.00168365
0.00980133
-0.00472811
-0.000725061
-0.000357457
0.00581061
0.00442415
-0.00234309
0.00145279
-0.00353385
0.00578919
-0.00121314
-0.00116951
0.0045281
-0.00111083
0.00428187
-0.00355557
-0.00168188
0.00448012
0.00110909
0.00303238
-0.0036154
0.00438581
-0.00231464
-0.0013428
0.0015259
-0.000216262
-0.00038484
-0.00185321
0.00189843
0.000366566
0.0041436
-0.00614747
0.00233371
-0.000329852
0.00098173
-0.00126687
0.00352604
-0.00324089
0.00202928
-0.00440073
0.00459429
0.00518734
0.00260712
0.00293842
0.00669996
0.00288429
-0.000644764
0.00271595
0.00656932
0.000258161
0.00380767
-0.00863513
-0.00536268
0.00661829
-0.00101918
-0.0049136
-0.000685533
-0.00105711
-0.00177202
0.00640971
-0.00460255
-0.00132205
0.00486748
-0.00127125
-0.000893551
-0.00494998
0.00401691
-0.00639696
-0.000326797
0.000365989
0.00635775
0.00438283
-0.00498879
-0.00124398
0.000929526
0.00106026
0.00215073
0.00524061
-0.00297145
0.00203303
0.00416378
0.00216461
-0.00114619
-0.00169929
0.000633325
-0.000483082
0.00345215
-0.00329912
0.000220901
0.000251235
-0.00339414
-0.00145227
0.00412875
0.000717657
0.000830695
-0.00042123
0.000223824
-0.00334134
-0.00246062
0.00530984
-0.0316806
-0.014345
-0.0190627
0.0058662
-0.0115185
0.00884715
-0.00796871
0.00369658
-0.00142743
0.000437305
-0.00364797
0.00549757
-0.00228692
-0.00479911
-0.0266869
0.00454287
-0.0118955
-0.00646022
0.00371542
0.00051336
0.00265971
-7.92993e-05
-0.00309375
-0.00312847
-0.00390815
0.000217918
-0.0023918
0.00280066
0.000533128
0.000527208
0.00476212
-0.00436109
0.00319817
-0.00294799
0.000602904
-0.00669868
0.00677208
0.00774875
-0.00271715
-0.00137475
-0.00268069
0.0044567
-0.00315073
0.00795638
-0.00715929
-0.000587951
0.000407805
-0.0069589
0.00810967
-0.000392968
0.000362878
0.000837548
-0.0038303
-0.000915395
0.00421776
-0.00417782
0.000797602
0.00369762
-0.00379197
0.000478259
-0.00529323
0.006193
-0.00145826
-0.00505955
0.000940522
-0.000623616
0.00070912
-0.00410186
0.00414121
0.000451575
2.00589e-05
-0.0053148
0.00626997
9.60544e-05
-0.00669334
0.000327311
0.000265939
-0.0009833
-0.00338451
0.00227832
-0.000549324
-0.00925142
-0.00520975
-0.00178396
0.00529376
-0.00381151
0.00392484
0.00346708
-0.00329117
0.000554239
-0.00439368
0.00440641
-0.000566984
-0.00357514
5.47488e-05
-0.00714329
0.00710954
0.00542933
-0.00379838
-0.000449227
-0.00118172
0.00128792
0.00142983
-0.00511143
0.00239367
0.00490917
0.00508655
-0.00610398
0.000299776
-0.000727717
0.000207107
-0.000360454
0.00121109
0.0017103
-0.00569439
-0.0010395
0.00271012
-0.00146353
-0.00215012
-0.00222606
0.00467595
0.00260534
-0.00140999
-0.00223487
-0.00384741
-0.00732692
0.00594191
0.00141247
-2.7471e-05
-0.000895066
-0.00731343
0.00641
-0.000737537
0.00733054
-0.00671529
0.00527368
0.00191263
-0.000776296
0.0020825
0.00540056
-0.000152506
-0.000364671
0.00372047
-0.00320495
-0.0183962
-0.000718912
-0.00723794
0.00560994
0.00214139
0.00994589
-0.0128271
-0.0114637
-0.00730473
-0.00144354
-0.00279425
-0.00145768
0.00280837
-0.0309814
-0.00390409
-0.00423418
0.000647133
-0.00453745
0.00385209
-0.00641735
0.00532385
-0.000420362
0.00151391
-0.00620093
-0.000582741
0.000649595
0.000556962
-0.00178928
0.00290444
-0.00388611
-0.000748251
-0.000708408
0.00378232
-0.00392751
-0.000133091
0.000283868
0.00424574
-0.00379009
-0.000400898
0.000457463
-0.00284835
0.000832566
0.00155842
0.00789294
-0.00187425
0.00636396
0.000421207
-0.00491098
0.00034292
0.000569662
-0.00290474
0.00308718
-0.00634982
0.00587907
0.00285704
-0.00210699
0.000236343
0.00232816
0.00020182
-0.00536595
0.0066354
0.00181768
0.00598524
0.000578889
-0.0059945
0.000321119
0.00605308
-0.00342469
-0.000206109
0.00129327
0.00280328
0.00455747
-0.00606752
0.00737206
0.000783733
-0.00113424
0.0015554
-0.000921681
0.00264889
-0.00172722
-0.00240974
0.0021117
0.000831158
-0.000896687
0.00103156
0.00142258
-0.00155751
0.00197292
-0.000200613
-0.00250149
0.000729174
0.00101943
0.00404145
0.000411561
0.00126673
-0.0058513
-0.00052532
0.00439265
-0.00333639
-0.00053096
0.00151239
-0.00131531
0.00138393
-0.00239269
0.00100886
0.0013495
-0.000609665
-0.00166183
0.000921957
0.00176428
0.000850922
-0.00159349
0.00514696
-0.00379038
0.000236875
-0.0013625
-0.00764396
-0.000446873
0.00146482
0.00662595
4.59577e-05
-0.00290469
0.00336167
-0.000502924
-0.00360344
0.00529178
-0.00403558
0.00234723
-0.0108949
0.00469912
0.00721666
-0.0061475
-0.00300141
0.00488619
-0.000576817
0.00337775
-0.00259513
0.00730902
0.00038172
-0.0066087
-0.00108203
-0.00299484
0.0034955
0.00138219
-0.00694871
0.00245356
-0.00201675
-5.15301e-05
-0.0035504
0.00360191
0.000194261
-0.00409027
0.00403871
-8.37744e-06
-0.00341085
0.000471245
-0.000223769
0.00044188
-0.000484617
0.00401608
-0.000226779
0.000391957
-0.00131357
0.000852086
-0.00069516
-0.000882263
0.00072529
0.000335589
0.000914417
0.000319809
-0.000898708
-0.00127483
0.00265878
-0.00193447
0.00200703
0.000841815
-0.0014186
0.00226557
-0.000300736
-0.000546242
0.0049851
-0.00558925
0.00597461
-0.00132068
-0.000801818
0.00490365
0.000404358
-0.000322897
-0.000939259
-0.00501019
0.00508749
0.00497139
-0.00510774
-0.000264868
0.00419771
-0.00463525
-0.000939764
0.000937151
-0.0057366
0.000276624
0.000449781
0.00558909
-9.55682e-05
-0.000660265
-0.00165691
-0.00353526
0.00585244
0.00420539
-0.00517522
3.0067e-05
-0.00425658
0.0043306
0.00387771
-0.00364068
-0.00265888
-0.0015505
-4.72064e-05
0.000617677
0.00136056
0.00189946
-0.00419285
-0.000766525
-0.00361722
0.000918884
0.00346486
0.00282613
-0.0025262
-0.0044626
0.000372297
-0.000445126
0.000650661
0.0019885
-0.00127948
-0.00224287
0.00153384
-0.00487231
0.00463824
-0.00164652
-0.00256016
-0.000665626
0.000629686
0.00252882
0.000926508
-0.00408501
0.00529389
-0.000234351
0.00741282
-0.00188457
-0.000269025
0.00684917
-0.00278848
-0.000665192
-0.000196165
0.00303732
-0.0022235
0.00239653
-0.00338877
-0.00248849
0.00102091
0.00138903
-0.00198763
2.58444e-05
0.000208495
0.00206102
-0.00177593
-0.00410671
0.00606629
0.001468
-0.000950964
0.00132105
0.00795204
-0.0057842
-0.00252367
-0.00227543
0.0037087
0.00109042
-0.0023258
-0.00114881
0.00153403
0.00544183
0.00541095
-0.00509701
0.00650901
-0.00175831
-0.00477134
0.00457648
9.93035e-05
-0.00536771
-0.00171729
0.00708502
0.0042787
-6.24543e-05
-0.00448111
-0.00480565
-0.00231872
0.00712438
0.00125224
-0.00100282
0.000464783
0.00348037
-0.0041473
-0.00150665
-0.00538256
0.00178278
-0.00715048
0.000206455
0.00529097
-0.00424516
0.00300369
-0.00703963
0.00403594
-0.00373221
0.00673591
0.00159183
-0.000230595
-0.00399566
0.00390617
-0.00385589
0.00289862
-0.00317406
0.00370731
0.00196843
-0.0012217
0.00106345
0.000463059
-0.00191716
0.00312154
0.00371989
-0.000362405
0.000574001
0.00797017
-0.00482429
0.00557819
0.000432078
-0.00468925
-0.00196845
-0.0164902
0.0017443
-0.00176707
-0.00149387
0.00167796
0.00320754
-6.31567e-05
-0.00135387
0.00375442
-0.00286408
0.00046352
0.00337748
-0.00326738
-0.0021532
0.0027502
-0.00485663
0.00566828
0.00654615
-0.00643941
-0.00709606
0.00731851
0.000252987
0.000348191
-0.00581967
0.00713883
-0.000911368
0.000706018
-0.00396689
0.00187106
0.0013898
0.00235196
0.000636819
-0.00268443
0.000777664
-0.00472604
0.000532
0.00460137
0.00636321
-0.0069402
0.00582118
-0.00121897
-0.00542205
-0.00290817
0.00274933
0.00692867
-0.00104774
0.00214346
-0.00194769
0.00785063
-0.00781818
-0.00342832
0.00389425
-0.000582351
-0.000116772
-0.0068088
0.00750792
-0.00699382
-0.000702829
-8.6112e-05
-0.000642259
0.000730552
0.000203237
-0.000785379
0.000731999
6.15803e-05
0.00665268
-0.0064979
-6.8024e-05
0.00643148
-0.00512529
-0.00123816
-0.0018279
-0.00044149
0.00290623
-0.000215081
-0.00134561
-0.000116202
-0.00567493
0.0012424
0.00690355
-2.95355e-05
-0.000668746
0.000237975
-8.56937e-05
0.00719078
-0.00534687
-0.00175822
0.00156757
-0.00341138
0.000667109
0.00550563
-0.00129887
-0.00487387
-0.00696486
0.00761116
-0.00668013
0.0073177
0.00719357
-0.00535105
-0.00195929
-0.000573994
-0.00686562
0.00520582
-5.00496e-05
-0.00244188
-0.00108563
0.00357754
-0.00418852
0.0075597
-0.00282536
-0.000995122
-0.000521118
-0.00191592
0.00182576
-0.000379297
-0.0002651
0.00698643
-0.0053088
-0.00141254
-0.00671365
0.0071791
-0.00163731
-0.00350296
-0.00177599
0.00140172
-0.00649358
-1.31215e-05
0.001773
0.00543368
-0.00062918
0.000588399
0.00823133
-0.00830134
0.00538075
0.000697368
0.000677992
0.00374431
0.000971087
0.000718432
0.0014328
-0.00559515
-0.00153205
-0.000875337
-0.00636517
0.000801085
-0.000297068
0.0020405
0.00544734
0.00738328
-0.00082051
0.000973758
-0.000199335
0.00025211
0.000225045
0.000290621
0.00753708
-0.00685395
0.00591282
0.00129865
0.00633476
-0.0085945
0.00859965
0.000613056
0.000968027
0.00172529
0.0056846
-0.000193239
-0.000260678
-0.00171966
0.00466034
-0.00268001
-0.00560346
0.00495892
-0.00526558
-0.000611363
-0.00714936
-5.74665e-05
0.00443533
-0.00640237
0.00305509
-0.00108806
-0.00711551
0.000271552
-0.000839173
0.00011416
0.000256792
-0.000539216
0.00113589
0.00522451
-0.00372206
0.0031914
0.000151396
-0.00751783
-0.000860949
0.00779653
-0.0077601
-0.00632796
0.00516074
0.000409797
-0.00649398
0.000545767
-0.00198588
-0.00365762
0.00509774
0.00710712
-0.0052423
-0.00157421
-0.00766801
0.00075336
-0.000829072
0.00554239
0.000792327
0.00784491
0.000869797
-0.00831968
0.0083053
7.96321e-05
-0.00672285
-0.0012761
-0.000834521
-0.00416764
0.00370404
-0.00102319
0.00181447
-0.00605562
-0.00133302
-0.00669098
-0.00392159
0.0034297
-0.00100176
-0.00562075
0.00857433
-0.0027929
-0.000160715
0.00543062
-0.00546587
0.00117355
0.00375581
-0.0059311
-0.000762281
-0.00499744
0.00013897
-0.00338301
-0.000193541
0.00127147
-0.0003357
-0.00609638
0.00593356
-0.00284762
-0.00329883
-0.0037776
0.00038092
0.00662563
0.00343753
0.000214234
-0.00354301
-0.000108778
0.00833887
0.000369258
0.00767609
0.00121806
-0.00674149
0.00564351
-0.00591792
5.38961e-05
-0.000423195
0.0062872
0.00434738
-0.000354172
-0.00498831
0.00498399
-0.000815708
-0.0099506
0.0100109
-0.0069514
-0.00325731
-0.00010039
0.00337174
-0.00074495
-0.00480698
-0.00127863
0.00396125
-0.00150004
-0.00527219
0.00204987
0.0025615
0.00099633
4.41756e-05
0.00323861
0.00554558
-0.00609997
0.000830985
0.00466497
0.000604001
-0.00116832
0.00561848
-0.00549875
0.00104856
-0.00596286
0.00658674
0.0035611
-0.00281444
-0.00583399
0.000190645
-0.005283
0.00579336
0.00100615
-0.00205922
-0.00456808
0.00562121
-0.0042681
-0.000218435
0.00467717
-0.00417212
0.00018064
5.22005e-06
0.0030018
0.000992033
-0.00399902
-0.0036097
0.00456756
0.000444585
0.000262595
0.0015358
-0.000709937
-0.0016133
-0.000499656
0.004842
-0.00272903
0.00017569
-0.00355851
0.000792674
0.00204679
0.000719131
0.00537721
-0.00490369
-0.00368719
-0.00298094
0.00332566
-0.000511932
0.00175383
0.00239198
-0.00685897
0.00491161
0.000717804
-0.00304617
0.00472038
0.00540638
0.00427766
-0.000465794
-0.0047592
0.000947351
-0.00550223
-0.000926252
0.00152548
-0.00232215
-0.00932361
0.00221234
0.00474365
0.00242196
0.00395224
0.00295233
-0.00310534
0.00257503
0.00297512
-0.00364347
0.00162422
0.00815415
-0.000690895
-0.00386197
0.00588952
0.00582228
-0.00565563
0.000407327
0.00377911
-0.00352334
0.00167322
-0.000346191
-0.00179625
0.00146866
0.00870636
0.00256871
-0.0031776
0.00180942
-0.00042805
0.00149805
-0.00225562
0.00113312
-0.00135984
0.00109096
2.80887e-05
-0.000290233
-2.33377e-05
0.00613582
0.00263192
0.00836318
0.00249049
-0.000777979
0.00264693
-0.00193979
7.08453e-05
-0.00318643
-0.0016009
0.00287608
0.00191129
0.00443645
-0.00567024
0.000964753
-0.00332056
0.00497123
-0.00349327
0.00184259
0.007196
-0.00556065
0.000881053
-0.00281383
-0.000899667
0.00146458
-0.00467312
0.00410819
0.00223507
-0.0068247
0.00356644
-0.00303683
0.0037361
2.65905e-05
0.00447241
0.00407533
-0.000580736
-0.00600386
0.00379169
0.00695243
-0.000120097
0.00434671
0.0044678
-0.00276926
-0.000599755
0.00449822
-0.00112922
0.00370136
-0.00546597
0.00153027
-0.00449868
0.00435348
0.000657659
-0.00188143
0.00566021
-0.00287253
0.00561157
-0.00300818
0.000269123
0.00689638
0.00349711
0.00541763
-0.000391382
-0.0022628
-0.00237405
0.00502822
-0.00592791
-0.000455331
-0.00442296
0.00613445
-0.00283947
0.00112796
0.00575813
-0.00138461
-2.0029e-05
-0.000531475
-0.00143741
-0.00357643
0.000331795
-0.00075083
-0.000300014
0.000912164
0.00340394
-0.003427
0.00377179
-0.00377405
-0.0033308
0.000676925
-0.0036437
0.0021055
0.00086129
0.0044925
-0.00382677
0.00514879
-0.000645091
0.000763377
-0.00269666
0.0034715
-0.00153818
-0.00486033
-0.00573409
0.000301556
-0.000158181
0.00559072
0.00535694
0.00219022
-0.00199683
-0.000613658
-0.00507486
-0.000177981
0.00771005
-0.00757394
-0.00296415
0.000395209
0.00116197
0.00140691
0.0055058
0.000359244
0.00126613
0.00103437
0.00717712
-0.0072301
0.00101213
0.00646696
-0.000301984
0.00423681
0.0081969
-0.00769315
-0.0070539
0.00626255
0.00432118
0.000855161
-0.00532882
-0.00293812
-0.000472909
0.00382683
-0.00384339
0.00512257
-0.00514327
0.00558465
-0.00559205
0.00122727
8.37726e-05
0.00179547
0.00371528
7.3893e-05
-0.0049913
0.00114552
8.83415e-05
0.00375745
-0.00317126
0.00266756
0.00180752
-0.000689907
0.00317272
-0.00207473
-0.00269304
-0.00376773
0.00351576
-0.00265276
-0.00108976
0.00166783
0.0026955
-0.00370305
0.00495982
-0.00265514
-0.00146562
0.00142774
-0.00171571
0.00260838
-0.00199433
-3.88073e-05
-0.00152261
0.00391263
-0.00235122
0.00444765
-0.00453213
0.000987055
0.000169419
0.00379039
-0.00380126
0.00449198
-0.00147534
-0.00376748
0.000318011
-5.12847e-05
0.00425384
-0.00422755
0.0003377
0.00562076
-0.00252095
0.00709215
-0.0014057
0.00111943
-0.00457164
0.00435053
0.00632747
-0.002323
-0.00412457
-0.00671275
0.00679859
-0.00721627
0.00550088
-0.00684068
-6.59163e-05
0.00856453
0.0038818
0.00310648
0.000638184
-0.00762647
-0.000618931
0.00697036
-0.00548164
-0.000108108
-0.0037574
-0.00187494
4.02726e-05
0.0044855
-0.00439577
-0.00367992
-0.00838138
0.00111526
-0.00261721
0.00640614
-0.0059419
-0.000785726
0.000479116
-0.00367085
6.13336e-05
0.000198118
-0.00428815
0.00555055
-0.0014605
-0.000635685
-0.000106074
-0.00125518
-6.12677e-05
0.00622277
-0.00309619
0.000609515
-0.00721829
0.000952927
0.00435661
0.00190877
-0.00708786
-0.000938419
-0.00059341
0.00397617
0.00533036
0.000404764
-0.00576259
0.00643632
-0.0033135
-0.00335119
0.000228353
0.00652323
0.000226093
0.00305134
-0.00381048
0.000985216
0.00503213
-2.43137e-05
-0.00875071
0.00352182
0.00470417
0.000524688
0.00519307
-0.00420104
-0.00472583
-7.708e-05
0.00355438
0.0012485
-0.00911044
0.000795467
-0.0039622
0.00411965
0.00537485
0.00253229
-0.000238175
0.000586547
0.0052779
-0.00362937
-0.00688768
-0.00442086
0.00242743
0.00664578
-0.00227233
-2.29487e-05
-0.00634088
0.00237116
0.00363301
0.000336699
0.00624459
-0.00618682
0.000915017
-0.00265174
0.000251509
0.00010595
0.000639121
-0.000157018
-0.00273257
-0.000517818
0.00340737
0.000428508
-0.00341831
0.000446986
-0.00578987
7.15345e-05
-0.00581974
-0.00443989
0.00647055
0.00149114
-0.000819423
-0.00313328
0.00019589
0.0037568
0.00347367
-0.00148988
-0.00200813
-0.0045839
0.00446355
-0.0010158
-0.00377926
0.00021112
-0.000856141
-0.00362753
0.000256077
0.00252486
0.00356279
0.00162237
-0.000552794
-0.000594163
0.00269099
0.000959442
-0.00334887
0.000301857
-0.00273976
0.00306559
-0.00360504
0.00103251
-0.000493062
0.00265817
-0.000121008
-0.00150285
0.00123397
-0.000453408
-0.00418453
0.00161067
0.00302728
-0.0062007
9.99375e-05
0.00322073
0.00288001
0.00235443
-0.00383209
0.00125509
0.000222591
0.00254251
-0.00189916
-0.0021307
0.00211271
-9.79392e-05
-0.00141528
0.00157888
0.00099619
-0.00331164
0.000736594
-0.000197938
0.00123203
0.00230522
0.00101087
0.00297384
0.00143988
-8.30995e-05
-0.00190203
-0.000477477
0.000654911
0.00172462
0.00281745
0.00239061
0.000897865
0.00280215
-0.000679211
-0.0011947
0.00467791
-3.04846e-05
-0.000205399
-0.00242336
0.00481469
-0.00218593
-0.00027826
-0.00113378
0.00388071
-0.00246868
0.00403724
0.00426694
-0.000935274
0.00268581
0.000645861
0.000721598
0.00140951
0.00244522
-0.00196545
0.000241833
-0.00344558
-0.00131493
0.00491097
-0.000150451
-0.0049136
0.00493939
0.00457893
-0.00159322
0.00178804
-0.00344104
-0.00134079
0.00180438
0.000562524
0.00344349
-0.0035325
0.00252889
0.00258443
0.00695192
0.000235866
3.27448e-05
-0.00426763
0.00179299
0.00556282
0.00135339
-0.00635369
-0.00407607
0.00540622
-0.00085104
0.00081992
-0.00233638
-0.00155126
0.00306775
0.0022248
-0.00175595
0.00311821
0.000480388
0.000823888
-0.00470792
0.0029578
-0.00164692
0.00181984
0.00425157
0.000121639
0.00188042
-0.000182575
0.00279199
-0.00448983
-0.00309242
0.00330113
0.00444263
-0.0031448
0.000506562
0.00499439
0.000127397
-0.0037266
0.0049738
-0.00172172
0.00047452
0.0051486
-0.000487005
-0.00244292
0.00374985
0.0021221
-0.00194333
0.00316773
-0.00126321
-0.00169837
-0.000246274
0.00345155
-0.000762707
-0.00244261
-0.00318142
-0.000286781
0.00123098
-0.000809561
0.00112367
-0.000944888
-0.00061235
0.00241664
0.00802067
-0.00311255
0.00340559
0.00426439
0.00539118
-0.00440276
0.00186856
0.00215465
0.00313056
-0.0139639
0.0142875
-0.00287067
0.00612975
-0.00290964
-3.83517e-05
-0.00104046
0.00424651
-9.63687e-05
0.00140458
0.00313775
-0.00444596
-0.0035039
0.00501642
0.000193854
-0.00363344
-0.00157683
-0.00115155
3.16848e-05
0.00525507
0.000342639
0.00125793
0.00033686
0.00298089
0.00321108
0.00760608
0.000996167
0.00121702
-0.0121007
0.00476999
-0.00456457
0.00496267
-0.00517832
0.00129571
0.00332311
0.000559491
0.000356879
0.00268539
0.00206144
-0.00392293
0.000440928
0.000362273
0.0047587
-0.00252501
0.00439344
-0.00150615
0.00493814
-0.0011856
-0.00211074
0.00195874
0.00133756
-0.00157675
0.00296991
-0.00275737
-0.00179233
-0.00460955
0.000387842
-0.00461743
0.00422333
-0.00376425
0.00416587
-0.0035626
0.00141786
-0.00436251
0.00473699
0.00517944
-0.00471738
-0.00620145
0.00361462
0.00101007
0.00493494
-0.000281476
-0.00291458
0.00104928
0.00214672
-0.00657391
0.000194896
-0.00163922
-0.001159
0.00299308
0.000228166
0.00341987
0.00125245
-0.00428448
0.0053471
-0.00538805
-0.00483844
0.00374738
0.00557824
-0.00470424
-0.000414387
-0.00136711
-4.91773e-05
-0.003138
-0.00301355
0.00379805
-0.0051248
-0.00293963
0.00426639
-0.00374518
0.000276965
-0.003762
-0.0042069
0.00455172
0.0039497
0.00283978
-0.00216654
0.000322988
-0.00400102
0.00595753
-0.00438506
-0.000191435
-6.70712e-05
0.0029708
0.00164798
-0.00331889
0.00647256
-0.00700862
0.00509143
-0.00127438
0.00319157
-0.00265607
-7.3411e-05
-0.00293185
-0.00405156
0.00430064
-0.000218308
0.00231355
0.000349967
-0.0029152
0.000511631
0.00619341
-0.00272668
0.000537827
0.0019842
0.00177861
-0.00398496
0.00234365
0.00552061
-0.00292046
-0.00206232
-0.0021268
0.00270731
-0.0025267
0.00194622
-0.000672745
-0.00435535
0.00180585
0.00322227
-0.00121798
-0.00377165
0.00452023
-0.0023495
-0.00118306
0.00185079
-0.00385309
-0.000128395
0.000936597
-0.00138447
0.00229866
-0.00117004
-0.00141229
0.00293259
-0.000350276
-0.00274779
0.00303565
-0.00209992
0.00128907
0.00163839
0.00134406
0.00293824
0.00065585
0.00182607
0.00399193
-0.00372904
-0.0033971
0.00364805
0.000843291
0.00103968
0.00288704
-0.00395884
0.00431513
-0.00449961
-0.000649579
-0.00225878
0.00482516
-0.0019168
0.00457251
0.000333736
0.00464689
0.000554568
-0.00190728
-0.00137849
0.00374929
-0.00291328
0.000920239
0.00653162
-0.00258548
0.00101265
0.0017792
0.0017284
0.00132176
0.00339708
-0.000347768
-0.00175722
0.001475
0.00312202
0.00130231
0.00330948
-0.00219499
-0.0022386
-0.000400054
-0.00160252
0.00306604
0.00122133
0.000878021
0.000513553
0.00242216
0.00146995
0.000733874
0.00240775
0.0063274
-0.00172342
0.00254259
-0.00351206
0.00214058
-0.00303149
-0.00246914
0.0041537
0.00134694
-0.00278896
0.00160006
0.00345922
0.00626714
-0.00996454
-0.000755038
0.00347535
-0.00269152
-2.88235e-05
0.00633775
-0.0072915
0.00754266
-0.00983769
0.000582283
0.00530876
-0.00389519
0.00391916
0.00496781
-0.00398344
-0.00100733
-4.34256e-05
0.00473873
-0.00181383
-0.00296833
0.00432998
-0.00279107
-0.00132212
0.00434154
-0.00394183
0.00144672
0.00389423
0.0020315
0.00096859
0.00188305
-0.00321422
0.00229976
0.000811422
0.00274036
0.00133727
0.004957
-0.00191414
0.00258717
0.00149062
-0.00143633
0.00223312
0.00127915
-0.000662225
0.000839845
-0.00125214
0.00050762
0.00307269
0.00752329
0.00123933
-0.00876262
0.00028787
0.00601622
0.00560495
-0.00702414
-0.00647262
0.00630692
-0.00710507
0.00130294
-0.00211878
-0.00260443
0.0011606
-0.00374212
0.000905099
-0.0014935
0.00441611
-0.000890867
-0.00133736
0.000802577
-0.00178734
0.00346705
1.20396e-05
0.00126071
0.00364998
0.00112639
0.000817187
-0.000774307
-0.00160348
0.00318036
-0.00129796
0.000973029
0.00251019
0.00303435
0.00011253
-0.0030044
-0.000292104
0.00310981
-0.00232883
0.0026366
-0.00341762
-0.00620405
0.00474472
-0.00830052
0.00543126
-8.18112e-05
-0.0147099
-0.0149135
0.0199284
0.00407226
-0.00169308
-0.0103662
0.00677961
0.00382315
-0.00572443
0.00190068
0.00799957
0.00569027
0.00574906
-0.00853212
-0.00290722
-0.00292925
-0.00435733
0.00445798
-0.00569151
-0.00309698
-0.00353525
0.000601547
-0.00188151
-0.00431027
0.00598962
-0.00151088
0.000477356
0.000114991
0.00310973
-0.00185685
-3.96517e-05
1.71674e-07
0.000931684
-0.00903818
-0.00207278
0.00300176
0.00979761
-0.00598614
0.00666597
-0.00741264
0.0169041
-0.00745993
0.00275719
-0.00134357
0.00508557
-0.00208739
-0.00420996
0.00427806
0.0130234
-0.0076694
0.0080645
0.000445505
-0.00084062
-0.00340723
0.00213028
0.000800504
0.001217
0.00548227
0.00617267
0.0114835
0.00573353
0.00121391
-0.0047137
0.00559862
-0.00951409
-0.00321351
0.00572299
0.00658665
0.000822089
-0.000372518
0.00766766
0.00725816
-0.0031752
0.0117849
0.00860971
-0.0043847
0.00561939
-0.000412619
0.00571734
0.00418549
-0.000843295
-0.000132712
-0.00117037
-0.000282783
-0.001023
0.00101616
0.00013918
-0.000977692
0.00225473
-0.00144274
-0.00251732
0.000245918
-2.70956e-05
-0.000911013
0.00248576
0.000729073
0.000104699
-0.000121266
0.00100955
0.00137427
0.00011834
-0.000810091
-0.000311547
-0.000540528
-0.00101394
-0.000438367
0.00505558
-0.00600917
0.00408567
0.00317326
-0.00220336
0.00131665
-0.00250954
0.0050968
0.00704951
-0.00156498
0.00168377
0.00497798
0.00118389
7.14964e-05
-0.0010033
0.000527784
0.00184938
-0.000673473
8.00629e-06
7.33446e-05
0.00666386
-0.00197277
-0.000992351
0.000186495
-0.000302062
-0.00119844
-0.000422603
-0.00112084
-0.00188601
0.000528346
0.00207434
-0.00149325
0.000305581
0.00204453
-0.00177277
-0.00593008
0.0019686
-0.00630602
0.00342354
-0.00937861
0.00150025
-0.00242809
-0.00538944
-0.0030761
-0.00441726
0.00595931
-0.00769694
0.00645355
-0.00618734
0.0126347
-0.00494716
-0.00391362
0.00173732
0.00703372
-0.00471687
-0.00167111
0.0119088
-0.00543018
0.00472727
4.69551e-06
0.00123544
0.00122172
-6.63822e-05
-0.000922086
-3.68357e-06
-2.47931e-06
-0.00170192
5.63684e-06
-0.00159165
-0.00192774
-0.00182695
0.000883977
-5.02033e-05
-0.00266076
-0.00119933
-0.000556231
0.00133824
-0.00629813
0.00416766
-0.00582136
0.00542873
-0.00253951
0.00368874
0.00127874
0.000461146
0.00497673
-0.00431439
0.00727729
-0.00428655
-0.00133608
0.00406864
-0.00103156
0.00318942
-0.0017505
0.000170071
0.00164906
-0.000179454
0.00190158
0.00132682
0.000610738
-0.00134825
0.000623043
-9.97757e-05
3.57574e-05
-0.00116341
7.83269e-05
-7.18913e-05
0.0032892
-0.00230622
-0.000590266
-0.000724396
0.00134068
-0.000760108
-0.00189904
0.00210336
-0.000887786
-0.00213298
-0.00167844
8.58411e-05
0.00147626
-0.000722674
0.0023642
0.000248919
-0.00277548
0.000162365
0.00148765
0.000307436
0.00329049
9.36386e-05
-0.00267851
0.000178147
0.00260013
-0.00197878
-0.00011296
-0.00140119
-0.000555116
0.00101028
-0.00046698
-7.78548e-05
-0.000617243
-5.47959e-05
-0.00133894
-0.00138348
0.00156088
0.000258307
-0.00227301
-0.000862898
-0.000285127
6.65348e-05
-2.16968e-05
-0.00272334
0.0026133
-0.00205149
-0.00276496
0.00302253
-0.00332314
-0.000697967
-0.00108749
0.00229455
-0.0013789
-0.000674995
-0.00169262
0.00263205
-0.000264433
0.00120788
-0.000485469
-0.000776626
0.000350418
6.58793e-06
4.25358e-05
-0.000643784
-0.000495688
-0.000934778
-0.00219858
-0.00142996
-0.000238803
0.00104573
0.000635342
-0.00144227
0.000289377
-0.000392546
-0.000371702
0.000570017
0.000923906
-0.000992046
8.56669e-05
0.000387153
-0.00157965
-0.00114123
-0.00149678
0.000651133
0.000593104
-0.000214992
0.00177205
-0.000227126
-0.000301749
-0.000781798
-0.000413232
-0.000779715
0.00153322
-0.00204295
-0.0044582
0.00173774
3.69409e-05
-0.000139398
0.0011102
-0.00149691
0.0017734
-0.000246395
-0.00202252
0.00259416
-0.00246542
0.00189378
0.00152523
-0.000154174
-0.00241262
0.000119486
0.000520367
6.19885e-06
-0.00148721
-0.00675207
0.00663204
0.00146132
0.00222166
0.000806462
-0.00371266
0.00418488
-0.000957101
0.00120677
-0.00787708
0.00893285
0.00181967
-0.00567421
-0.00205506
0.00590977
-9.84003e-05
-0.00164408
0.000139545
-0.00865649
0.00486331
0.00365362
0.00168083
0.00190868
0.00130924
-0.00146139
0.000341279
0.000828305
0.000183787
0.00291475
0.00350445
-0.00605492
0.00156629
-0.000902802
-0.00822131
0.00557556
-0.00413311
0.00245108
-0.000964857
-0.0052197
0.00538447
0.00156511
-0.00464606
-0.00485931
-0.00237427
0.0013163
0.00580886
-0.000182976
-0.000821977
-0.00164392
-0.00224185
0.000751138
-0.00188927
0.00180111
-6.59989e-05
0.000937416
-0.0011301
0.00059919
0.00096934
0.00717931
0.00030014
-0.00844876
0.00935706
-0.00071449
0.00113991
-0.00711575
-0.000268918
-0.000630135
-0.00291138
0.00371825
-0.00120189
-0.00283883
-0.0025879
0.00072118
0.00164288
-0.000263202
-0.00095278
-0.000973891
-0.000315174
0.00153971
-0.000578817
0.0015995
0.000782097
0.000560309
-0.000468307
-0.00111656
-0.000221332
0.00180644
-0.00229114
-0.00212166
0.00314478
0.00126818
0.00176924
0.00264667
0.00102665
-0.000687161
-0.000526596
0.0010841
0.000129656
0.000728191
-0.000586553
-0.000213591
-0.0037829
-0.00176242
0.00294664
-0.0108102
-0.000327901
0.00819146
-0.00276667
0.00579479
-0.00104914
-0.00532033
-0.00174585
0.0081153
-0.00767898
0.00956545
-0.00293557
-0.0086367
0.00516222
0.00377462
-5.0303e-05
-0.0064562
-0.00100949
0.00751602
0.00189659
0.00106453
0.00955697
-0.00877621
-0.0118438
0.0115779
-0.00202637
-0.00965882
0.0102018
0.00148338
0.00106674
-0.0024926
0.00356022
-0.00226951
-0.00250061
0.00120452
0.00136846
-0.00181878
0.00226937
-0.000224562
0.00101076
-0.00329066
-0.00343867
0.000190588
-0.00195947
0.00379689
-0.00374888
0.00109751
-0.0048663
0.00140636
0.00375136
-0.000768844
-0.000740121
-0.00422487
-0.0026657
-0.000629784
0.00506477
0.00254718
-0.000243337
-0.00302356
0.000719722
0.00719552
-0.000423966
-0.00690226
-0.00265401
0.00112783
0.000870986
-0.00140214
0.00649414
-0.000641984
-0.00445001
-0.00279718
0.00309841
-0.000839175
-0.000701617
-0.00725102
0.00465065
-0.000921731
-0.00443054
-0.00918127
0.00825868
-0.00566427
-0.010748
0.000370055
0.00288507
-0.00261328
-0.00204767
-0.000433292
0.00236801
0.00210581
0.00489235
-0.00645042
-0.000547757
-0.00938484
0.00209225
-0.00099137
-0.000279979
-0.00423964
0.00082882
0.00369081
0.00135009
-0.00193419
0.000444271
-0.00488683
0.00389552
0.000547032
-0.00226596
0.00134851
0.00042074
0.00223393
-0.000596096
0.00274833
-0.0034242
-0.00317948
0.00162867
0.00497511
0.000357598
0.00272068
-0.00544541
-0.00950427
0.00255344
-0.000370425
0.00179902
0.000914102
-0.00229441
-0.00526372
0.00664402
0.00549117
0.0025546
-0.00077954
-0.00726624
-0.00433957
-0.000949098
0.00784211
-0.00088394
0.000790715
-0.00148
-0.00039272
-0.00115058
-0.00764108
0.00918438
-0.00163478
-0.00518754
-0.00502653
-0.00322536
0.00275023
-0.00113302
-0.00168949
-0.00234809
-0.0020426
0.00586334
-0.00611515
-0.00255995
0.00549502
-0.000643447
0.00281078
-0.00295771
0.00199571
-0.00157952
0.00244851
-0.00266212
-0.00304741
-0.000778694
0.00382284
-0.000595618
0.00369588
-7.59937e-05
-0.0027087
0.00130265
-0.00131652
-0.00195119
-0.000997277
0.00286641
-0.00185852
-0.00104683
0.000632492
-0.0025363
-0.00167923
0.0027796
-0.00531588
0.00550111
-0.00527685
0.00161065
-0.000476971
0.00223951
-0.00337318
0.0116362
-0.00015501
0.0027651
-0.00179458
0.000900459
0.000666235
-0.000969568
0.00680029
-0.00422006
0.00195553
0.00119893
0.00445706
-0.00699242
0.00238035
-0.00223594
0.00775055
-0.00292426
0.00517734
-0.00497876
-0.000178268
-2.02918e-05
-0.00145196
-0.00661382
-0.000204728
0.000317636
0.0115598
0.000744731
-0.00684431
0.00913967
-0.000211809
0.00853646
-0.00787826
-0.00458456
-0.00723297
-0.00815811
1.23072e-05
0.000139066
-0.00245178
-0.00019735
0.00523802
-0.00513218
-0.00171504
-0.00124873
-0.0021224
-0.0012366
0.00309444
0.000264582
0.00200598
-0.000406558
0.00109496
-0.000443369
-0.000831244
-0.00309358
0.00464197
0.00148807
-0.00720856
0.00262694
-0.00163417
-0.00580566
0.00660862
-0.00189755
0.00941781
-0.00570902
-0.000742592
0.00703873
-0.00484117
-0.00681105
0.00209143
0.00113808
0.00787785
0.000788844
0.00267
-0.00550149
0.00238815
-0.00134374
-0.00347558
0.00976757
-0.00494821
-0.00267511
0.00983741
-0.00192602
-0.00523625
-0.00365978
0.00124626
0.00399681
0.00169261
-0.000354577
0.00111357
0.00287045
-0.00645066
0.000160121
-0.000927797
-0.00596968
-0.000665686
0.00756316
0.000851071
0.00189417
0.00228419
0.0040395
0.00122815
-0.00415273
0.000708425
0.0079474
0.0015381
0.0053031
0.00630378
-0.00612515
-0.00548175
-0.00504186
-0.00379371
3.58707e-05
-0.0045023
-0.00506742
0.00366029
0.000372143
-0.00399658
-4.74106e-05
-0.00448118
0.00318287
0.00134571
-0.000832545
-0.000984257
0.00309635
-0.000761597
-0.00243555
0.00204339
0.00316625
8.85486e-05
0.000179184
-0.000227495
-0.00113799
-0.000305808
0.000760844
-0.00201526
0.00156022
0.00245447
0.00055838
-0.00377448
0.00295181
0.000302341
-0.000730921
-0.00252326
-0.00049493
0.000203248
0.00369671
-0.000605781
0.00204466
-0.00185258
0.000219184
-0.00533307
0.00571556
0.000419623
0.00254244
-1.02701e-05
6.38673e-05
0.0032759
-0.00239598
-0.00246401
0.00135446
0.00215474
-0.0010452
-0.000547268
-0.000816235
0.00154269
0.00266626
-0.00596328
-0.00226691
-0.00578283
0.00500801
0.00305985
0.000869177
0.00315518
-0.00445522
0.000430881
-0.000288843
-0.00225995
0.00198863
0.00078128
0.0050449
-0.00532534
0.00284102
0.00364357
0.00411349
0.00277831
0.000190548
0.000434566
-0.00145531
-0.00150657
0.00295107
-0.00335523
0.00521414
-0.00595349
0.000888153
-0.00422487
-0.0016118
-0.00322361
0.00572357
0.0016128
-0.00130087
0.00745142
-0.00248039
-2.30816e-05
0.00649088
-0.000529861
-0.00574183
0.00280556
0.000236229
0.00538558
0.000987672
0.00580125
-0.00267556
-0.00149802
0.00415048
0.00027552
0.00274854
-0.00355169
-0.00402915
0.00161291
0.00617452
-0.00511107
-0.00267637
0.00169582
0.00636408
0.00206501
-0.00938896
-0.00132727
-6.27276e-05
0.00169787
0.000121848
-0.00188248
-0.0011254
0.00296569
-0.000985599
0.00129341
-0.00106448
-0.000907712
0.000535125
0.00346549
-0.0009721
-0.00302848
-0.00335727
0.00427804
-0.000525688
-0.000395126
-0.00406771
-0.000335145
0.00322072
-0.000602571
-0.00183537
0.000674524
-0.000386945
0.0029961
-0.000829997
-0.000265707
-0.00218353
0.00184668
0.000464513
-0.0012437
0.00170297
-0.00475554
0.00497876
0.00344944
0.000514202
-0.00241448
0.0010703
0.00232129
-0.00421145
0.00178988
0.00152053
-0.00119994
0.00281485
0.00149959
0.00277849
-0.00233119
0.00139212
0.0039723
-0.00395713
0.00421281
0.00406169
-0.00324065
0.00113247
0.00262635
0.000473864
0.0027653
-0.00257797
0.000286561
-0.00112562
-0.00275956
0.0042787
0.00305934
0.00141135
0.00143083
-0.000691357
0.00396495
0.00244798
-0.00219337
-0.00335136
0.00563833
0.000161022
0.00375867
-0.00146095
0.0016513
0.00138916
0.00252257
0.000274363
-0.00407011
0.00267018
0.00370467
-0.00120818
0.00234346
0.00146757
-0.00260279
-0.00414565
-0.00389848
-0.00446756
-0.00225946
-0.00160139
0.000426969
0.00279129
-0.00363646
0.000418193
-0.00328981
0.00201155
-0.000866951
-0.00347925
0.000745437
0.00360086
0.000300497
-0.00191791
-0.00276156
-0.00174198
-0.00229152
0.00215658
-7.08391e-06
-0.00241983
0.000135359
0.00260744
0.000319373
-0.00255527
0.000317984
-0.00516312
0.00530911
-0.00030348
-0.00472892
-0.00433452
0.000211714
0.00421438
-0.00356788
0.00279242
-0.00230429
0.00155531
0.00231393
-0.00315054
0.00172791
-0.00295874
0.00167534
-0.00215594
-0.0032405
0.00138918
-0.00245311
-0.00321248
0.0106989
0.00175869
-0.00644217
0.00690203
-0.0036504
0.00260661
0.0023649
-0.00246144
-0.00517662
0.00275537
-7.84551e-05
0.00104905
0.00208291
-0.004294
-0.00120227
0.00541779
0.00110046
-0.00461552
0.000461709
0.000612095
-0.00198628
-0.000270624
-0.00270348
-2.34543e-05
0.000682647
0.000471549
-0.00136874
0.00125769
-0.0002647
0.000507334
0.00168757
-0.00159691
0.00127182
-0.00111595
0.000315738
-0.000295235
-0.000198009
0.000189184
0.00020522
-0.0012924
0.00150253
0.0057683
0.00186558
-3.13058e-06
-0.00077347
-0.0042658
0.000855767
0.00718296
-0.00450475
0.00246403
0.00142585
-0.0049082
0.00981006
-0.0056843
0.000782443
-0.00157865
0.00421197
0.00504563
-0.00767894
-0.0018292
0.00336561
0.00129592
0.0085885
0.000132105
0.000222057
-0.000712718
0.000452416
0.000113201
0.00205775
-0.000649213
0.00461533
-0.000736797
0.00557679
-0.00548832
0.000449091
-0.00441661
0.00215446
-0.00071832
-0.00640213
-0.00195622
-0.00639317
0.00459396
0.00375548
0.00268018
0.00257898
0.000908779
-0.00578636
-0.00117113
0.00240021
-0.00378384
0.00255478
-0.000903431
-0.000679524
-0.00043618
0.000470399
-0.000819112
0.000553952
0.000205542
3.26032e-05
-0.000200411
0.000212987
-4.5122e-05
0.00973645
-0.00473706
-0.00823266
0.00323329
0.00676974
-0.00604035
-0.00474636
0.00520851
0.00499287
-0.00620767
0.00991784
-0.00870301
-0.00166213
-0.00153643
0.00869985
-0.00259144
-0.00111552
0.00156605
0.00848702
-0.00803506
0.00679455
-0.00526104
-0.00427467
0.00498871
-0.00196141
0.00629471
-0.00347749
-0.0061097
0.00377222
0.00624329
0.00652885
-0.000310312
-0.00406406
-0.00709114
0.00467412
0.00204556
0.00608346
-0.00145382
-0.000843347
-0.00378631
0.000649058
0.00232274
-0.00261762
0.000670786
0.00843162
-0.0108719
0.00834423
-0.00590393
0.00546185
-0.00925204
0.0132667
0.00593496
-0.0099498
-0.00273721
-0.00975951
0.00523471
0.000844752
-0.00703172
0.000876787
0.00531017
-0.00448488
0.0360481
0.008592
-0.0094542
-0.00131681
0.00920602
-0.00242825
0.00259587
0.00151615
0.0029284
0.00026275
0.000598277
-0.00195566
-0.00466025
0.00601767
0.00282123
0.00650612
-0.00451439
0.000604147
0.000714111
0.00490056
-0.0018809
0.000446973
-0.00533541
0.00723679
0.00235035
-0.00355425
0.00235572
0.000145637
0.00386381
-0.00165373
-0.00326331
0.000647332
-0.00464872
0.00292733
-0.00555008
-0.0029933
0.00610478
-0.00501046
0.00427667
0.00803916
-0.00443341
0.00269803
-0.0035835
0.00210395
0.00972382
0.00201962
-0.00545072
-0.00141007
0.000983892
-0.00239711
0.00110207
-0.00202483
0.00731324
-0.00358601
-0.00359656
-0.00122659
0.0082296
-0.00597904
-0.00102397
0.00802735
0.000367083
-0.00162818
-0.00109391
-0.000109937
-0.00326516
-0.00126505
0.00464015
-0.00187864
0.00345723
-0.000860741
-0.000277384
-0.00193535
0.000302197
0.00168762
-0.00506787
0.00301051
-0.00232434
-0.000297749
0.0030976
-0.00265093
-0.000946198
-0.00144103
-0.00310066
0.0012765
-0.00266977
-0.00205028
-0.0013203
0.0030373
-0.00104348
-0.000673445
-0.000970316
-0.00363452
0.00460482
-0.00184737
-0.00514158
0.00212683
-0.00343715
0.00226416
-0.00470348
0.00150427
-0.00185358
0.000349307
-0.00478101
0.00355851
-0.00558415
0.00614712
0.00438362
-0.0052133
0.00574542
0.0051815
-0.00169065
-8.02334e-05
0.00648256
0.00170067
-0.00301669
-0.00313344
0.000792336
0.00179381
0.000671782
0.000989631
-0.00196724
-0.00295287
-0.000449832
-0.0022764
0.000461299
-0.000949994
0.00102069
-0.000531996
0.000241852
-4.46203e-05
-0.00107949
0.00520684
-0.0036651
0.000126717
0.00518488
0.00137459
-0.00668619
0.00845351
0.000491931
-0.00122221
-0.00772323
0.00506864
-0.00516047
-0.00603013
0.00773999
0.00305097
-0.00717379
-0.000514544
0.0106684
-0.00836375
-0.00179005
-0.00273056
-0.00369032
-0.00708255
0.000190161
0.00086226
0.00067744
-0.00775575
-0.00554944
0.00332526
-0.00763021
-0.0031858
-0.00122029
0.00986245
-0.00753556
-0.00485652
-0.00791365
0.00800557
-0.000112194
0.00747642
0.00765509
-0.00129324
-0.00624196
0.00712915
-0.00210746
-0.00789121
0.00705249
0.00746033
-0.00733864
-0.0010084
-0.00752263
0.00625729
-0.00255829
0.00066654
0.00580838
0.00307743
-0.00502114
-0.00838344
0.00494163
-0.000587342
-0.00265144
-0.00857799
0.00550119
0.00572825
0.00757755
-0.0065731
-0.000558967
-0.00179971
0.00154073
-0.00125316
0.00223352
-0.00236277
0.000684075
0.00117435
0.00139859
-0.00325702
-0.000483433
0.00133614
0.00192358
0.00185818
-0.00379383
1.20987e-05
-0.00465637
0.0068572
0.00117694
-0.000670959
-0.00364189
0.00293747
0.00137539
-0.000531498
-0.00186146
0.00266141
-0.00153022
0.000708168
0.00214767
0.00230023
-0.00101686
0.00149467
-0.00228667
0.00324153
-0.00198376
-0.00347753
0.0054613
0.00563828
-0.00213465
-0.00667561
0.00636045
-0.00524924
0.00295862
0.00229063
-0.00589531
0.00374713
0.0021482
-0.00168016
0.00303595
-0.000990251
-0.000365495
0.00489079
0.00274425
0.00139309
-0.00279391
0.00118707
-0.000893964
0.00250082
0.00226551
-0.0038017
0.00139669
0.000139549
-0.00105765
0.000997291
-0.00252056
-0.000152738
-0.00107438
-0.00404744
0.00161954
0.00262987
-0.00096032
-0.00111179
-0.00462383
0.00247775
-0.00473566
0.0053124
-0.00107824
0.00174696
0.0042968
0.000905717
0.0011262
0.000529945
-0.00309354
5.28908e-05
-0.00516417
-0.00242264
0.00320801
-0.00384037
-0.000197599
-0.00249887
0.00121941
-0.00021716
0.000456512
-0.00122496
0.00454408
-0.0039153
0.000596162
0.00625266
-0.000888308
0.00117812
0.00248493
-0.00055421
0.00553736
-0.00204624
-0.00355119
0.00161006
0.00169563
-0.00133201
0.00145647
-0.0021951
-0.00216535
0.00597052
0.00351679
-0.00634443
0.00149564
-0.00449662
-0.00119451
0.000408134
-0.00261074
-0.00153614
-0.00223588
0.00148689
-0.00310209
0.000513846
0.00338098
0.000681696
0.000432253
0.0033761
-0.00511224
0.00444014
0.00246199
-9.71507e-05
-0.00171957
-0.00142004
0.00323679
-0.000597303
0.00138325
0.00235226
-0.00313813
0.000553373
0.000548929
0.00612408
-0.00603068
-0.000190555
-0.00629027
0.00206233
-0.00402395
0.00264569
0.00139115
-0.00377506
0.00185244
-0.00197811
-0.00176675
-0.00412029
0.00786516
0.00367202
-0.00202964
-0.00223798
0.00411014
-0.00235427
-0.00372196
0.0019661
-0.00425079
0.00526992
0.00096683
0.002086
0.000854324
-0.00390713
-0.00209072
0.00289675
0.00213308
-0.00651046
0.00576387
-0.00201672
-0.00395991
0.00431817
-0.00170594
0.00400864
-0.000973445
-0.00132924
0.00154917
-0.00149179
0.00327467
-0.00230913
0.00305997
-0.00211345
-0.00392974
-0.00318319
0.00711294
-0.00334467
-0.00473865
-0.000149034
-0.00022005
-0.00459589
-0.000919327
0.00132217
0.00143053
-0.00117586
0.00435583
-0.00432518
0.00114522
-0.00394318
0.00406103
0.00160952
0.00233186
0.00165079
-0.00114381
-4.92048e-06
0.00279475
-0.00164599
-0.00174823
0.00444821
-0.00195311
-0.000746829
-0.00405969
-0.00462773
0.00513872
-0.0090768
0.00105723
-0.00160053
-0.0029878
0.00422187
-0.00298734
0.00225619
-0.00519596
0.00293978
0.00456479
0.00108291
-0.000557027
0.00468482
0.000528754
0.00289643
-0.00499048
-0.00116834
0.00580276
-0.00571493
0.0060242
-0.000205449
0.0074736
-0.000840552
-0.000851308
-0.00683004
0.000636932
-0.000373475
0.00489023
-0.00515371
-0.00594207
-0.00123507
-0.00383253
-0.00273412
-0.000512616
0.000602757
0.00645739
-0.00658168
-0.000388337
0.00395096
0.0124266
0.00146923
-0.00648325
0.00245571
-0.00815353
0.00703299
0.00380358
-0.0188009
-0.0066688
0.00421584
0.000809937
0.000368851
-0.00319872
-0.00383894
-0.0199336
0.0120927
0.00774512
-0.0105994
-0.0207199
0.0154805
-0.0202282
0.00226117
0.0178799
0.00559369
0.00368342
-0.00629023
0.00407603
0.0019676
-0.00257999
-0.00503783
-0.00255748
0.000516455
-0.00337698
-0.00114465
-0.00897752
0.0112762
0.00164957
-0.00549307
0.00450624
0.00120437
0.0126435
-0.00437169
0.00455776
0.000182884
0.00130869
-0.00912143
0.00940235
0.000379754
-0.00292
0.00254023
-0.000608077
0.00246646
-0.00185841
-0.00551691
0.00104718
0.000699183
-0.00078954
-6.51928e-05
0.000155618
-0.000438246
0.00454852
-0.00853122
0.000191248
0.00379145
-0.0001936
-0.000500168
-6.31537e-05
-0.00102368
0.000100595
-0.000552644
-0.000337514
0.000279302
0.00193517
-0.00139786
0.000282904
-0.000603753
-0.000870389
-0.000173316
0.00933486
-0.000532774
-0.000318924
0.000788562
-0.00084892
0.00320163
0.0105594
-0.000585893
0.00143532
4.39556e-05
-0.000759971
-0.00484209
0.00480041
0.00952199
0.00962098
-0.00268431
-0.00395711
-0.00121336
-0.0108919
-0.00866225
0.00252532
-0.00771952
-0.00212418
0.00652248
0.000260381
-0.00463605
-0.00214684
-0.00319539
-0.00347908
0.000232267
0.00676837
0.00162306
-0.00252106
0.00406748
-0.000422281
-0.00185954
-0.000854238
-0.00096561
0.00367952
0.000170658
-0.00323374
0.00332349
0.00123497
0.00142226
0.000610847
0.00136617
-0.000474381
-0.00334753
0.00531604
-0.00149412
-0.00163165
-0.00510535
0.00413343
0.000644281
-0.00517216
0.000606146
-0.000166959
0.00454449
-0.00522112
0.00287621
0.00234491
0.00399323
0.000766379
0.0027179
-0.0074775
0.00148612
-0.000932751
-0.00491596
0.00262436
0.00229161
0.0048672
0.00332425
0.00119472
0.00493076
-0.00280124
0.00472097
0.00106587
-0.0106538
0.0107923
0.0013182
0.00108961
-0.00889107
0.00102189
-0.00453739
0.0038037
0.0024173
0.00166864
0.00676881
-0.00805739
-0.00306605
0.00349171
-0.00662738
0.0101522
-0.00520556
-0.000617501
0.00192031
-0.00238811
0.0104283
-0.0072433
-0.000796857
-0.002678
-0.000691565
0.00114997
-0.00689264
0.000832023
0.00491065
0.00089604
0.00806885
-0.00652155
-0.00244333
-0.00720963
-0.00207464
0.00165254
2.02073e-05
-0.0074171
0.00677629
-0.00216994
0.0016252
0.00279236
-0.000740144
-0.00477651
-0.00165669
-0.00736914
0.0107073
-0.00171295
-0.0054425
0.00564366
-0.00930433
-0.00178182
-0.00261054
0.000786752
-0.00223396
0.00141857
-0.00143671
-0.000449816
0.00409518
-0.00382035
0.00461634
-0.00330169
-0.000342692
-0.0055936
0.00424011
0.00169618
-0.0020335
0.000254653
0.00512792
-0.00334908
-0.00224011
-0.00625603
0.00678202
0.000841077
-0.000292695
-0.0013378
0.00538054
-0.00375006
0.00517692
-0.00418047
-0.00563668
-0.00436184
0.000877088
0.00461783
-0.00492079
-0.000736236
0.00460728
0.000746783
0.00121149
-0.00429041
0.00419573
-0.00111681
-0.00575697
-0.00133763
0.000838568
-0.000642008
0.00304318
-0.00457379
0.0021726
-0.00313443
-0.00197354
0.00217958
-0.0024657
0.00326173
-0.00240024
-0.000971697
0.00223345
0.00318649
0.00146213
0.000671806
0.00208933
-0.00445977
0.00362007
0.00230187
0.00404294
-0.0017016
0.000267777
-0.00138432
0.00281818
0.00418223
-0.000200683
0.000532107
-0.000307747
2.02993e-05
0.00465114
0.000798077
0.00540443
0.00140605
-0.00627836
0.00459692
-0.000664874
-0.00391173
-0.000737173
-0.00254564
0.0013288
0.00298466
0.00186104
0.000952566
-0.00333512
-0.00469848
-0.00428605
-0.00149448
-0.0042459
-0.00303669
0.00823515
-0.00526529
-0.001784
0.00965492
-0.00983383
0.000856357
-0.00679698
0.00167653
0.00524716
-0.000971481
-0.00857359
0.0047682
0.00477686
-0.00441005
0.00487015
-0.00981394
0.00214247
0.00208732
-0.00136124
0.00128747
-0.00039014
0.0037557
-7.28686e-05
0.00900783
-0.00764749
-0.00258615
-0.00115105
0.00828882
0.00087649
-0.00955545
-0.00050273
-0.000137654
0.00629906
-0.00565869
-0.00103694
0.00339252
0.00381663
-0.00617223
-0.00038231
0.00110786
0.000631517
-0.00769096
0.000700192
0.000220554
-0.000256944
0.00018611
0.000440525
-0.000504878
-0.000458044
-0.000784215
-3.62554e-05
-0.00181707
-0.000517147
-0.000852852
-0.0068325
-0.0012133
0.00797294
-0.0100776
-0.000448738
-0.00937741
0.00889684
-0.00682882
-0.00402491
0.00911132
-0.00581545
0.00072905
-0.00142408
-0.00528823
0.00813089
0.0210144
0.00485633
-0.00728304
-0.00848784
0.00179712
0.000818019
0.00386844
-0.00648354
0.00746296
-0.00584503
-0.003042
-0.00332216
-0.00339631
-0.00252456
0.00214602
2.79472e-05
-0.000871018
-0.000764573
-0.0068994
0.00981
-0.00980904
0.00338841
0.00644858
-0.00583599
0.00852965
-0.00345823
-0.00947313
0.00469159
0.00550346
-0.000721908
0.00279813
-0.00232078
0.000794966
0.0024066
-0.00903755
-0.00431396
0.00817111
-0.00725262
0.00838699
-0.00161337
0.000582378
-0.0010642
0.00449842
0.00560183
6.59649e-05
-0.0027809
-0.00437288
0.00110804
-0.00649926
0.00639565
-0.00100446
0.00596366
0.000918774
-0.00841089
0.00860012
-0.00296749
-0.000122009
0.00461749
-0.006261
0.00512336
0.00499307
0.00293734
0.00829012
-0.00219518
-0.00874229
0.00264734
0.00437683
-0.00187505
-0.00653513
-0.00739447
0.00620664
-0.000620701
-0.000953274
0.00962372
-0.00804977
-0.00199749
0.00559314
0.00297076
-0.00405767
0.00782222
0.000412663
-0.00385806
0.00773769
-0.00802696
-0.00302602
0.0115505
-0.000874103
0.00873187
-0.00614986
0.00805539
-0.00239629
0.000412975
-0.00786233
0.00634858
0.00978473
-0.00804545
0.00699004
0.00656033
0.000832881
-0.00978949
-0.00454494
0.00238209
0.00435667
-0.00877907
0.00172932
-0.00183419
0.00888392
-0.000734819
0.00763994
-0.000344793
-0.00432674
0.00705826
-0.000571873
-0.00215968
0.00132832
0.00835812
-0.00790369
-0.00178279
0.000215508
0.00746138
0.000574676
0.0250026
-0.0335476
0.00406012
0.00579106
-0.0108563
0.0171504
0.000631786
0.0137057
0.00114293
0.00527229
-0.000115089
-0.00629833
0.00648761
-0.000366967
-0.00611542
-0.00288462
-0.000771128
-0.00662209
0.00595819
0.00607084
-0.00712155
0.00132996
-0.000279238
0.00408677
-0.00276139
-0.000354613
-0.00533875
-0.00510139
0.00643952
-0.00447814
0.00144653
-0.0062672
0.00503295
-0.00135653
-0.00326829
0.000510806
-0.00377098
-0.00567827
0.00056487
0.00276435
0.00343819
0.00147527
0.00392644
0.00280505
0.00232134
0.00296553
0.00017846
-0.000338875
0.00376278
6.74545e-05
0.000687489
0.00105158
-0.00309351
-0.00170374
0.00103301
0.00155209
-0.00110064
0.00108468
-0.00101902
0.00213002
-0.00338567
0.00227465
-0.000507082
0.00538866
0.00425262
-0.00417128
-0.00185563
-0.00724078
-0.000125884
-0.00246601
0.00511876
0.00147708
0.00745175
-0.00765016
-0.00756823
-0.00426397
-0.00235411
-0.000950156
-0.00331737
0.0107225
-0.0112483
0.00305706
0.00632796
0.00248208
0.00221844
0.00129935
-0.000717612
0.00152103
-0.00151958
-0.00641303
0.0062748
0.00165783
0.00730695
-0.00760607
0.000160087
0.000138998
0.00344041
0.00133896
-0.00454711
0.00780762
0.00197043
0.00082073
-0.0070367
0.00662701
8.17603e-05
0.000354842
0.00264841
-0.0100399
-0.000371697
0.000843618
-0.000200894
0.0109928
-0.0109122
-0.0106802
0.00853965
-0.000656663
-0.000168323
0.00100944
-0.000422347
-0.00112134
0.00217384
-0.00176126
-0.000580861
-0.000459309
-0.00166016
-0.00103695
-0.000276252
0.00645823
-0.00846628
-0.000772855
-0.0126843
0.00774636
0.00731997
-0.000542855
0.00540246
-0.00505461
-0.00540036
0.00146193
0.000434532
0.00370381
0.00127262
-0.000622352
-0.0043541
0.00567217
-0.00403347
0.00449678
0.00061794
0.00501238
0.000750386
0.000118853
0.00436683
0.000891544
-0.00397331
0.00519398
-0.00454045
-0.0027264
0.00207288
-0.000747601
0.005376
-0.00368105
7.64595e-05
-0.000512214
-0.00618633
-0.000264907
3.34476e-05
0.00828502
-0.00088329
-0.00524959
-0.00215215
0.0076976
-0.000188701
0.00117693
-0.00183723
0.00539052
-0.00473022
0.00159661
-0.00324238
0.00305216
0.00591251
0.003529
0.00479577
0.0032343
-0.00681065
-0.00663118
0.00504541
0.000656076
-0.00114561
0.00288698
-0.00308529
0.000928819
-0.00502351
-0.00231394
0.00597266
-0.008234
0.00448661
-0.0076798
-0.00307883
-0.012785
0.00181221
-0.00805819
-0.00595518
0.00556581
-0.000502232
0.00137742
-0.00486424
-0.00567958
0.0100416
4.13526e-05
0.00555128
0.00734264
-0.00834718
0.00427597
-0.0013768
-0.00341136
0.00109914
0.0040439
-0.00205379
0.00404232
-0.00287182
-0.0011243
0.00414869
0.00288042
-0.00117297
0.00375787
0.00187523
0.00503876
-0.0134249
0.000735976
-0.00717342
-0.00257882
-0.000927913
0.00752108
-0.00757434
0.00414107
0.0027766
-0.00134453
-0.00046534
-0.00377962
0.0055895
0.00536765
-0.00104591
-0.00359124
0.000146156
0.00444664
-0.00100153
-0.000397901
-0.00573488
0.00693774
-0.000804994
-0.000510849
-0.000330542
0.000166834
-0.00713197
0.00674607
-0.00026614
-0.0039298
0.00419595
0.00440243
-0.00631451
-0.000378638
-0.00121185
0.00534623
-0.00375574
-0.00803415
0.00703483
0.000999327
-0.00438141
0.00411528
-0.00702507
-0.00100908
0.00582153
-0.00642687
0.00487387
-0.0027996
-0.00547238
-0.00729552
-0.00301608
-0.00288773
0.0066137
-0.00719273
-0.00667789
0.000256109
-0.00562447
0.00459448
0.00252563
0.00108378
-0.00381618
0.00827689
-0.00655032
0.000671807
-0.000735987
-0.00728325
0.00499243
0.000605392
0.000193764
0.0076355
-0.00492502
-0.00375737
-0.00321586
0.00766772
0.00840696
-0.00912783
0.0024679
-0.00272351
-0.00505918
0.00755939
-0.000546833
0.00552161
-0.00368207
-0.00333403
0.00362984
-0.00109798
0.0122968
-0.000826253
0.000764148
-0.0105682
0.00859106
1.78474e-05
0.00876595
-0.00128013
-0.00750367
0.0115824
-0.0105482
0.0094914
0.0042613
0.00541504
-0.000341835
0.000199988
-0.00325884
-0.00195022
0.000224022
0.00519118
-0.0010466
-0.00436858
-0.00102322
0.000894674
-0.00660105
-0.00362644
0.00372638
0.00564382
-0.00892238
-0.000347862
0.000147148
-0.00193414
-0.00218394
0.00397097
0.00780717
-0.00773369
0.00128283
-0.00621043
-0.0014854
-0.00563816
-0.00498009
0.00534075
0.000579025
-0.00667308
0.000753296
0.00567236
-0.00603625
0.00650799
0.000286914
0.00615309
-0.00586098
-0.00420399
-0.00119224
0.0062642
-0.000867949
-0.00490755
-0.00426534
-0.00252661
0.00588118
0.000910767
0.00683456
0.000607772
-0.00668033
-0.000762022
-0.00655746
0.00668353
0.00622895
0.000274321
-0.00703331
0.00658879
0.000170179
0.00735027
-0.0072587
0.000733897
-0.000597748
-0.00592212
0.00578596
0.000702411
-0.000716275
0.00568621
0.00503189
-0.0031922
-0.00173546
-0.000104206
-0.00154523
0.00144381
-0.000415723
0.00587616
-0.00913014
0.000358249
0.000516406
-0.00772986
0.00145648
-0.00938292
0.00183343
0.00759428
-0.00630445
0.000541081
-0.00183092
0.00643756
-0.0063157
0.000399093
-0.000520956
0.00563995
-0.00553388
0.00714176
-0.00779076
0.00697186
-0.016194
0.0201667
0.00129965
0.00955006
-0.0201504
0.00730658
-0.00970882
-0.00132589
-0.0016266
0.00777186
-0.00020715
0.00212242
0.000146518
0.000841394
-0.00475868
-0.00431543
0.00823273
0.00987707
-0.000385053
-0.00179327
-0.000211271
0.00013475
-0.00081838
0.00905248
0.00964445
0.00874998
0.000934012
-0.00131901
0.0074821
-0.000707987
-0.00545511
0.000630929
0.00395072
-0.00442933
-0.000152296
-0.00298833
0.00410684
-0.00243753
0.00215245
-0.000996144
0.00712093
0.000871337
-0.00500378
0.00207865
0.00128649
-0.00630797
0.00203316
0.00914172
-0.00178914
-0.0076944
0.00224225
-0.00566747
0.000936219
0.00248906
-0.00234852
-0.00259101
-0.00505947
0.00495322
-0.00786103
-0.00338905
0.00163638
-0.00389712
0.00441627
0.000917746
-0.00263802
0.00313819
0.00670559
0.00329305
-0.00159167
-0.00264738
-0.00367537
0.00453362
0.00569271
-0.00197508
-0.0013404
0.00828362
-0.000963918
0.00276092
0.00293736
-0.00654865
0.000483501
0.00441485
-0.00687342
0.00251301
-0.00569064
-0.00437399
-0.00412827
-0.000994585
-0.000303131
-0.000763072
0.000950851
0.000473718
0.000769392
-0.00144842
-0.000566037
-0.000785281
-0.000592414
0.001473
-0.000929901
-0.00104613
0.000927027
-0.000265108
0.000304001
-0.000361976
1.64011e-05
0.000998948
-0.000120905
0.00677622
-0.00705421
-0.0023126
0.00246054
0.000516943
-0.00574604
0.000148875
0.00486981
0.000727345
-2.33813e-05
0.0249109
-0.00644544
0.00405553
0.0100298
-0.00711577
0.00769014
0.00275836
-0.00333274
0.00171523
0.000192566
0.00645032
-0.00849547
-0.00113052
0.00862346
0.00100252
-0.00811241
-0.000659061
0.0064592
-0.000130867
-0.00709315
0.0007648
8.73804e-05
-5.27528e-05
0.00617809
-0.00709873
0.00684524
0.000430841
-0.000749236
0.00584587
-0.00552749
0.00385935
-0.0061299
0.000550181
0.00780916
0.00039072
-0.000634644
-0.00701674
0.00657441
0.00622337
-0.00238373
0.000448246
-0.00536675
-0.00101527
0.00593378
0.00501092
-0.00564573
0.00565404
-0.00646906
0.0027624
-0.0019474
-0.000732123
-0.00516299
0.00618202
-0.00622902
0.0052452
0.00765509
0.00864397
0.0003952
-0.0081204
0.00920035
-0.00898377
-0.00134712
-0.0023922
0.00812813
-0.00700118
-0.00415299
0.00678435
-0.00607678
0.000397936
0.00702317
-0.00134432
0.00590164
0.00561736
-0.011775
0.000256013
0.00856647
-0.00929977
-0.00605726
-0.00582577
-0.00785227
0.00798918
-0.00465378
0.000888218
-0.0120883
-0.0075518
0.0037002
-0.00924808
0.00451094
0.000975663
-0.00888152
0.00877387
0.00880333
-0.00910093
-0.00160845
0.00121576
-0.00848883
0.000985293
-0.00096546
-0.00431691
-0.000298513
0.00558089
0.00111355
0.00533646
0.00280622
0.00214374
-0.00396464
0.000644147
-0.00105107
0.000913718
0.00610625
-0.00601817
-0.00100183
-0.000132862
0.00720756
0.00512592
0.00350717
0.00677533
-0.00110857
0.00369415
0.00485322
-0.00645277
0.00285019
0.00288524
-0.00811746
-0.00161728
0.00684948
-0.00793386
0.00621717
-0.00090148
0.00261815
-0.00928831
-0.00207641
0.00512022
0.00104577
-0.00157696
-0.00458904
-0.001287
0.0045776
-0.0010212
-0.00763729
0.0011409
0.00751759
-0.0103161
0.00995904
0.000230332
-0.00229154
-0.00697342
0.000164045
-0.00775093
-0.00553885
0.0056525
-0.00418071
0.00815265
-0.00435698
0.00170557
0.000291405
-0.00519614
-0.00427854
0.00121203
0.00039537
-0.00664038
0.00671759
-0.00628897
0.00639757
-0.00719614
0.000599036
-0.00050164
0.00743662
-0.00784587
-0.00295089
-0.00413021
-0.000771171
-0.00438987
0.00582617
0.00136579
0.00294348
-0.00631885
0.00200957
0.00642934
-0.00104881
1.80575e-07
-0.0053807
0.00594429
0.00585483
-0.00608169
0.000907464
0.00442306
6.73037e-05
-0.00539783
0.00557611
-0.00603146
-0.00537165
-0.000731257
0.000356867
0.000936768
-0.00817905
0.00758585
-0.000343573
-0.0102809
0.00975795
0.00959437
0.00265367
-0.000862602
0.00893913
5.15916e-05
0.00571249
-0.000391036
0.00543568
-0.00281888
-0.00202576
0.00227897
0.000668248
-0.00070016
0.00988467
-0.00690553
-0.00785915
0.00936178
-0.000286877
-0.000673385
0.00499529
0.00483572
-0.00105714
-0.00879276
0.00870886
-0.00902526
0.00144453
0.000240709
-0.00557919
-0.00361522
0.00895368
0.00340545
-0.00140252
0.00719742
0.00728802
0.000550985
-9.10851e-05
-0.0077062
0.00796492
-0.00599949
0.00404285
0.00323621
0.00570967
-0.00466118
0.00694535
0.00868095
-0.00697452
0.00862329
0.00770133
-0.00795953
0.0062575
0.00662918
-0.0076001
6.68004e-05
-0.00194779
0.00873369
-0.0066779
-0.000224243
0.00756838
-0.000666248
-0.000878213
0.00808337
-0.00765085
0.000445685
-0.00745915
-0.00709084
0.00682818
0.000827979
0.00610542
-0.00604047
-0.000892923
0.000980288
-0.00625938
0.00337205
0.00190703
-0.00474211
-0.000907452
-0.00580131
0.00214935
0.00207265
0.00527349
-0.00335673
0.000739677
0.000854667
-0.00131601
-0.00417297
0.00147348
-0.00458613
0.00403429
-0.000921641
0.000534518
-0.00772292
-0.00115879
0.000486258
-0.000249524
-0.00561323
0.000207476
-0.00386634
0.00340936
0.00766976
-0.0012526
0.00107322
-0.00732268
0.00660787
-0.000168599
0.00141401
-0.00494069
0.00369528
0.00650264
0.000284162
-0.000440073
0.00822966
-0.00770762
-0.00342233
0.0099768
-0.00631377
0.000261185
0.0031194
0.00654141
-0.00992199
-0.00643379
0.00573446
-0.0032468
-0.00953151
-0.00118081
-0.0105265
0.0103756
0.000511633
0.00545614
-0.00780195
-0.00726867
0.00274794
0.00373686
-0.00135522
0.00059381
0.00815935
-0.000259845
-0.00849332
0.000879428
-0.006449
-0.00263807
0.00820764
0.000276053
0.00628851
-0.00673174
0.000167172
-0.0096253
0.00153184
-0.00912279
0.00893787
-0.0025089
-0.00730342
0.00097611
-0.000627579
-0.00613123
0.00736156
0.00167511
-0.00689716
0.00615173
-0.00092968
0.00715994
-0.00797818
0.00272752
-0.00265307
0.0088245
-0.0101638
-0.00581617
0.0143007
-0.0108967
-0.00496917
0.00664568
-0.0036136
-0.00393955
0.00332888
0.00169952
0.000378387
0.000528561
0.00632682
-0.00596733
-0.000888072
-0.00615674
0.00744883
-0.00603108
0.00738942
-0.000584781
-0.000773577
0.000231928
-0.000407304
-0.00669866
0.0064836
-0.0060148
-0.00162759
-0.00668608
0.00616606
-0.00842208
-0.000943769
0.00114901
-0.00689131
0.00190611
-0.00822091
-0.00210729
0.0011636
0.00121804
0.0035404
0.00159084
-0.00427658
0.00336004
0.00116414
-0.000246999
-0.00427716
-0.000639376
-0.00112306
-0.00101421
0.0034305
-0.00540994
0.00459726
-0.00939574
0.00130295
-0.00602052
0.00454896
-0.000288187
7.24453e-05
-0.000920067
0.0047593
-0.00426909
0.00307952
-6.30272e-05
-0.000814216
0.00525971
-0.00311387
0.00219453
-0.00264241
0.00356173
-0.00641322
-0.00757922
-0.00689302
0.00489655
-0.00562577
-0.00412628
0.00393495
-0.00802034
0.00427089
-0.000856338
-0.00496308
0.00101199
-0.00119952
0.00515059
-5.03493e-05
-0.00450912
-0.000140324
-0.000452031
-0.00143098
-0.00672969
-0.00239663
-0.00505487
-0.0050119
-0.00670988
0.00619692
-0.00599189
-0.00117002
-0.000128636
0.00744407
-0.00137572
-0.00593971
0.000260607
-0.00804479
1.63408e-05
0.00138806
0.00744291
0.00809928
0.00814568
-0.00107923
-0.000939027
-0.00612743
0.00056708
-0.00127579
0.00598389
-0.00527518
-0.00915546
0.00103378
0.00041547
-0.00664796
0.000505707
-0.00046997
0.00715284
-0.00686231
0.00747683
-0.000108827
-0.00687648
-0.00780431
0.00769708
0.000118163
0.00581256
0.000907669
-0.00683841
-0.000377097
-0.00103597
-0.00601273
0.00667159
0.00634895
-0.00714565
-0.00735644
0.00651465
-0.00684054
0.00604842
0.00701233
0.00417723
-0.00449362
0.00807897
-0.0081411
0.00147969
-0.0029634
0.00481256
-0.00306535
0.00116909
0.00243217
0.00393369
-0.00753496
-0.00865722
0.00857643
0.0011963
0.000417309
0.00844545
-0.000707617
-0.00815514
0.00759477
0.00159836
-0.00836283
0.00939334
-0.00171135
0.000680838
0.00122526
0.00331451
-0.00069042
-0.00105258
0.00920903
-0.00132778
-0.00292709
0.00288902
0.0103155
-0.0105139
0.00789771
-0.00472489
-0.00254745
-0.000625369
-0.00179549
0.00815382
-0.0014618
0.00150716
0.00390186
0.000697219
-0.00254277
0.000515708
-0.0010073
-0.00192663
0.00137997
0.000841105
0.0037735
-0.00565225
0.00103762
0.00186176
0.00611157
0.0073905
-0.00829977
-0.00183463
-0.000161837
-0.00721902
0.00325456
0.00134
0.00308387
-0.0045857
-0.000141027
-0.00110385
0.00589535
-0.00130734
-0.0012119
0.00156803
0.000607968
0.0048897
0.000448806
-0.0059465
0.00149728
0.00235607
-0.000675932
-0.00317747
-0.00749696
-0.0014821
0.00415173
0.00610585
9.20402e-05
0.00572955
0.000524022
0.00591791
0.00741623
-0.00786086
-0.000859936
0.000775814
0.00750034
0.000591384
-0.00620256
-0.000937981
0.00683617
-0.000306751
-0.00781486
-0.00918724
-0.000576164
0.00945666
0.00132735
-0.00942589
-0.000856041
0.00895458
0.00394036
0.0116161
-0.00524097
2.24824e-05
0.000621309
-0.00697429
0.00507718
0.00042344
0.00614141
-0.00555041
-0.00101444
-0.00125299
0.00759434
-0.00719506
0.0076845
-0.000391081
-0.00618159
-0.00111183
0.00724983
-0.0062201
-0.000253934
-0.0014541
-0.000581263
0.0011131
-0.000660112
0.00568843
-0.0087
-0.00466663
0.00434137
-0.000793777
-0.000426826
-0.00466034
0.000861581
0.00494949
0.00221256
-0.000582184
0.00238053
0.00299878
-0.00623567
-0.00569911
-0.00111548
-0.000586832
0.00679355
0.000730999
-0.00587078
0.00636176
0.000486468
0.00485364
-0.00416444
-0.00117572
-0.00102175
-0.00968927
-0.00714316
-0.00260121
-0.000200177
-0.00434179
-0.000836471
-0.00526585
0.003153
0.00127636
-0.00266494
0.00380477
-0.0012418
-0.0008364
0.00177818
0.00214354
-0.00494347
-0.0027341
-0.000758253
-0.00293911
-0.000656075
0.00510907
-0.00248164
-0.00408925
0.000524078
0.00614374
0.000171307
-0.00683914
-0.00719807
-0.00698327
0.000829358
0.000865438
-0.000314159
-0.00565623
-0.000436552
0.000722255
-0.00699785
0.00703266
-0.000757082
-0.00539451
-0.00077112
0.00539204
0.00064129
0.00598262
-0.000357159
-0.00626678
0.000479602
-0.00644474
-0.000642905
-0.00729994
0.000882566
-0.000430544
0.00636209
0.000148425
0.00677463
0.000532448
-3.86249e-05
-0.00403379
0.00514887
-0.00335787
0.0027471
0.00604549
-0.000724103
-0.0080685
-0.00325207
0.0106085
0.000334085
0.0108027
-0.00849807
-6.28057e-05
0.00745435
0.000861748
-0.0063011
0.000313855
0.00105728
-0.00142057
0.00240417
-0.00241937
0.00303627
0.000879097
-0.00165866
0.00125627
-0.00163486
-0.00142527
-0.000897615
0.00220463
0.000118296
0.00192279
-0.00300173
-0.000781745
0.00204549
-0.00304322
0.00180813
-0.0048911
0.00566849
0.000899495
0.000864039
-0.00036101
-0.00184866
0.00151046
-0.00341056
0.000319735
0.00158039
0.00112055
0.00235662
0.00227439
0.00181281
-0.0031709
-0.00284723
0.000417594
0.00118194
0.00124772
-0.00367066
0.00452343
-0.00350903
0.00200279
0.00197368
-0.00110419
0.00206538
-6.9183e-05
-0.000891998
-0.00145587
-0.00204176
0.00432895
0.000443094
-0.00244337
0.00305958
-0.00104071
0.00311465
-0.0034788
0.00289608
0.00239553
0.00534007
0.000613044
-0.00327174
-0.000995832
0.0037039
-0.00454567
0.00183761
-0.00133648
0.000642339
-0.00268559
0.000570005
0.00388052
-0.00182807
-0.00066068
0.00329608
-0.000745421
0.000671214
-0.00246979
-0.00145979
0.00348648
0.000443041
0.00284972
-0.00031961
0.000322834
0.00243087
-0.000558223
-0.00219547
0.00273531
-0.000465529
-0.00220592
0.000431189
-6.55015e-05
0.00393112
-0.00429685
-0.000402278
0.00323031
0.000484816
6.38629e-05
0.000240242
-0.00148548
0.000938527
-0.00228016
0.00168027
-0.00286004
-0.00219785
-0.00180358
0.00686148
0.00389315
-0.00238143
0.00243411
0.000806095
0.00452606
-0.00120451
-0.000595715
-0.00272583
-0.00202211
0.000331345
0.00279598
0.00302197
0.00032506
0.00209309
-0.00274411
0.00268524
0.00360004
-0.00140145
0.000567107
-0.0040737
0.00403076
-0.000524144
0.00524515
-0.00155404
-0.00136274
-0.00232838
0.00339718
-0.00208071
-0.00789815
0.0030832
0.00562103
0.000605313
-0.00675003
0.00566388
0.000480829
0.0067803
-0.00196421
0.00294784
-0.00133107
-0.00348003
-0.00070575
-0.00618438
0.000569476
0.00632065
0.00273961
0.00262497
0.00528585
0.00265496
-0.0058915
-0.00606596
0.00693156
-0.00357002
0.00322074
-0.000277001
-0.00426893
0.000788787
-0.00579022
0.00114002
0.00591873
-0.002798
0.00441076
-0.00153031
-0.00252375
0.00437503
-0.000320979
0.00515093
-6.15442e-05
-0.00461113
-0.000805363
-0.00304322
-0.00110757
0.00376602
-0.00392095
0.00304056
0.00254082
0.00191774
0.00379279
-0.0045677
-0.00181139
0.00347551
-0.00186809
-0.00188744
-0.00242608
0.0030265
-0.00133159
0.00104486
-0.00332954
-7.79385e-05
0.00445233
-0.00211966
0.000962164
0.000660119
-0.00246426
0.00173386
-0.00190543
0.00261786
-9.1768e-05
9.14322e-05
-0.0016636
-0.000505549
0.000644278
0.000476786
0.00150806
-0.00193309
0.00312019
0.00040335
-0.0042264
0.0041706
-0.00470738
0.000588351
-0.00485876
-0.00413821
-0.000280637
-0.00114632
0.000377026
-0.00191393
0.00268322
0.000102034
-0.00480692
0.00302679
-0.00308991
0.00334863
-0.001319
0.00274434
-0.00367053
0.00178995
-0.000260322
-0.00457328
-0.00386759
0.00149965
-0.00137874
-0.00219216
0.00194783
0.00198065
-0.00172962
-0.00434359
0.00347854
0.00133057
0.003114
-0.00218806
-0.00165239
0.00513738
0.00317903
0.0032748
-0.00452496
-0.00347667
0.00011649
0.00170781
-0.00226854
0.00499379
-0.00240522
-0.000320012
-0.00297548
-0.0018951
0.00257778
-0.00461346
-0.000703099
0.00272677
0.00343141
0.00226707
-0.0064487
0.00260655
0.00134911
-0.000977681
0.00142516
-0.00290646
-0.0027554
0.00228547
0.00397542
-0.00316881
0.000407871
0.000592066
0.0010054
0.00360941
-0.00290852
0.000648233
-0.000320609
-0.000964089
-0.000704656
0.000371466
0.000232158
0.00179044
-0.0020226
-0.000272306
-0.000508306
0.00200588
-0.0010667
0.00131553
0.000775528
-0.00341278
0.0013217
0.00234445
-0.00281388
0.00179833
-0.000679537
-0.000823319
-0.000295496
0.00241647
-0.00187029
0.00134019
-0.00233253
-0.00166572
-0.001746
0.00151478
-0.000784082
0.000879818
-0.00185627
-0.00183493
0.00287091
-0.00200302
-0.00291294
-0.00457836
0.0020746
0.00250378
-0.00213237
0.00311713
-0.00203084
-0.00319027
0.00364473
0.00141846
-0.00719555
0.00275564
0.00143326
-0.00630234
0.00416508
-0.00196942
-0.00327982
0.00342828
0.00512205
0.00209127
-0.00217463
-0.00547223
0.00364232
-0.00317188
0.00156838
-0.00184752
-0.00290477
0.00632068
-0.0065341
0.00310316
0.00155099
0.00330634
-0.00156976
0.00192108
0.00417072
-0.00452203
0.00222019
-0.00448061
0.0036937
-0.00501174
0.00695743
0.00117146
0.00115793
0.00135723
0.00100822
-0.000470134
-0.00109942
0.00056129
-0.000208545
0.000915318
0.00154505
0.00260393
-0.000871935
-0.000186957
-0.00292832
0.00122256
-0.00148644
0.00208638
-0.00462628
0.00402634
-0.00504345
0.0032399
0.00322203
-0.00520492
0.00176793
0.0037654
0.00361041
-0.00319318
0.00177613
0.00166365
0.00436988
-0.000510132
-0.00552343
0.000927379
-0.0039764
0.00233691
-0.000563217
-0.000952797
-0.000629851
-0.000527821
0.000660594
-0.00310528
0.00280836
-0.00157404
-0.00246891
0.00123458
0.0027861
-0.00243742
0.000554264
-0.000902965
0.00450773
-0.00570475
0.000684288
0.00149427
-0.00209054
-0.00164146
-0.0017972
0.00409785
-0.00289635
-0.00502409
-0.000257635
0.00348457
-0.0026439
0.00143449
0.00194722
0.000255208
-0.00051758
-0.00413132
-0.0048415
-0.0031273
0.00153174
0.000362932
0.0015181
0.00405252
0.00289756
0.000554735
-0.00308937
0.000314211
0.00122117
0.00134927
-0.00200683
-0.00361971
0.00251598
0.00250252
0.00228678
-0.00279312
0.00579348
-0.00556114
-0.00217347
0.00441104
-0.00545786
0.00435735
-0.00554846
-0.00205577
0.000391742
-0.00280636
-0.00042438
-0.00434146
0.00412279
0.000643044
-0.00445998
-0.0023307
0.0031673
-0.00418601
-0.00113972
-0.00203136
0.00263951
0.00444421
-0.00129026
-7.3883e-05
-0.0002448
0.00321623
0.00200484
0.00717702
-0.00708959
-0.00209228
-0.00481974
9.21499e-05
-0.00509726
0.0049429
5.25154e-05
0.00109107
-0.00313178
0.00209322
-0.0034884
0.00341959
-0.000211836
0.00459631
0.000277614
0.000219389
0.00347861
-0.00470306
-0.00173276
0.000230218
-0.000508461
-0.00157466
0.00682981
-0.000201297
-0.00826148
0.00217377
0.000588286
0.000544687
0.00185553
-0.0029885
-0.00354098
0.00302094
-0.000736854
0.00244752
0.00567773
0.0120527
-0.0117715
-0.00595884
-0.000505545
0.00365223
-0.00137037
0.00171198
-0.00424598
0.00505454
-0.00351077
0.00444794
0.00381455
0.00127432
-0.00625986
0.000895199
0.00440892
-0.00161351
-0.00442936
-0.000772552
0.003922
4.36061e-05
-0.00319306
0.0021161
-0.00592585
0.00585397
0.00076668
-0.00630943
0.002065
0.00494179
0.000128676
0.00451677
-0.000697348
-0.00140389
0.00119331
0.00480468
0.00386225
-0.00683833
0.00225586
0.0056764
-0.0057585
0.00356084
-0.00268384
-0.00203949
0.00116249
0.000401676
-5.65255e-05
-0.000688986
0.00275272
-0.00204994
-1.37981e-05
0.00599398
-0.00678496
0.00690976
-0.000858764
0.00140092
2.52888e-06
0.000511594
0.00235074
0.00359279
0.000462212
0.00626711
0.000931042
-0.0048536
-0.000572272
0.00240813
0.00301776
-0.000961289
-0.00168176
-0.0028216
0.00546461
-0.00626392
0.00123372
0.00418894
-0.00198942
-0.00045472
-0.00508804
0.00356441
-0.00122276
0.00332089
-0.000463182
0.00146645
0.0018444
0.00167709
0.00105045
-0.000899177
0.00322096
-0.00127133
-0.000158071
0.00160065
0.00257966
-0.00130219
0.00172361
-0.00417723
0.00234038
-0.00126506
0.00162687
0.00161838
0.00160926
0.00618457
-0.00446577
-0.000485089
-0.00168003
0.000890892
-0.00674814
0.00610055
-0.00378502
-0.00370676
0.00299501
-0.00202555
-0.00018327
0.000621156
-0.0022446
0.00490712
-0.00395678
0.00193251
-0.000912288
0.00372397
0.00032546
-0.00276588
0.00437291
-0.00287981
0.000450494
0.00166863
0.00532929
-0.000321139
-0.00667678
-0.00429677
-0.00359953
0.00799634
-0.00860057
-0.00299529
0.00421709
-0.00407629
-0.00242971
0.0126017
0.000426301
-0.001065
-0.0069239
-0.000436141
0.00767389
-0.00716784
0.00600139
-0.00205755
0.0010629
0.0107975
-0.0100104
0.00122996
0.00114437
0.00763609
-0.00379943
-0.00234652
-0.00159627
-0.00554978
-0.00524492
0.00178839
-0.00185296
0.00901589
-0.00678633
-0.000376575
-0.000417927
-0.00691985
0.00765385
-0.00031608
-0.00400393
4.33885e-05
-0.00366767
-0.00183154
0.00118367
0.000977844
-0.0112696
0.00910807
-2.6842e-05
0.00817984
0.000657501
0.00762233
-0.00709616
0.00393715
0.000717434
0.00895085
-0.0102645
0.00319389
0.00349525
0.00199558
-0.00635112
0.00435555
0.000205921
0.00422975
-0.00109257
0.00142215
-0.0028698
-0.000128831
-0.00293376
0.00276284
-0.00223623
0.00341107
0.00230081
-0.00330671
0.00109804
0.00402347
-0.00899775
0.00638639
0.00219253
0.00056873
-0.000547289
-0.00140494
0.00273188
0.00150335
-0.00108472
0.00309782
0.00101078
-0.00302391
0.0022011
0.000610217
-0.000870827
-0.000562309
0.00154207
0.00123083
0.000346859
-0.00407255
0.00342819
0.00218646
0.00481501
0.0050579
-0.009964
0.00708078
-0.00604616
0.00951458
-0.000647565
-0.00719051
0.00409951
0.0065192
0.00108748
-0.0143989
0.0043642
0.0100508
0.00564176
-0.000760529
0.00614332
-0.00741416
0.000887568
0.000571748
-0.00292783
-0.0035441
0.00385049
-0.00250455
0.000817459
0.00555544
-0.00386831
-0.000617353
0.00247637
-0.00333194
0.00174629
0.000592577
-0.00462154
-0.00507464
0.00910359
-0.000306135
0.0019479
-0.00254978
0.00480597
0.0024284
-0.00467834
0.00224995
0.00700341
-0.00638029
0.00324754
0.00127883
0.000650535
0.00237396
0.00161542
-0.00523944
-0.00130009
-0.00213783
0.00447117
0.00176155
0.00170345
0.00349199
-0.00240981
0.00470582
0.00378426
-0.000504087
-0.00420696
0.00609323
-0.00138218
-0.00393194
0.00334231
-0.00214996
-0.000497961
0.00101327
-0.0061546
0.00189609
0.000326558
-0.00209282
-0.000113982
-0.00050075
-0.00891822
0.00689237
-0.000720784
0.00204806
-0.00505836
0.00280082
-0.0021321
0.00243765
-0.00607323
-0.00127198
-0.00155075
0.00026335
-0.000745313
-0.000144665
0.00321961
-0.00157989
-0.00178439
-0.00159199
0.00263131
-0.00236976
-0.00170759
-0.00136407
0.00128728
-0.0012398
0.00262499
0.000712816
0.00243421
0.000651495
-0.00379849
-0.00122391
0.000878727
0.00348611
-0.00314094
-0.00116729
0.00170445
-0.0015267
0.000989575
0.00147715
0.000964873
-0.000812757
-0.00411323
0.00435596
0.00533506
-0.00382201
0.00138559
-0.00733375
0.00658938
0.00155153
-0.00208666
0.00659371
-0.00465144
-0.000390731
-0.00113601
-0.00242806
-0.00147935
0.00152536
-0.00210174
0.00571348
-0.00488594
0.00472924
0.00261151
-0.00260033
-0.00474043
0.00238429
-0.00282109
0.00292845
0.00183726
0.00224252
0.00177319
0.00123396
-0.00286238
-0.00108645
0.00572204
0.00126994
-0.00148661
-0.000779019
0.000878161
-0.00237939
0.00285899
-0.00549172
0.000979768
-0.00102565
0.00483011
-0.0016676
-0.00213688
-0.00274334
0.00288721
-0.00410871
0.000950282
-0.00278782
0.000480916
0.00291373
-0.00247049
-0.00158608
-0.000206581
5.57336e-05
-3.62062e-05
-0.000402502
0.00299864
0.00325379
-0.00183731
0.000198984
0.00194642
-0.00303137
0.000885906
-0.000521564
-0.000345942
-0.00245058
-0.000303103
-0.00477225
-0.000207394
0.000516369
0.00446326
0.00268925
-0.000241194
-0.00212526
4.7443e-05
-0.00276953
0.00231956
0.00162604
-0.00124451
-0.000891618
0.000564152
0.000404526
0.00314099
-0.00273421
-0.00100585
-0.00277744
0.0041878
0.00558277
-0.00466072
0.00406604
-0.00235303
0.00082686
0.00269536
-0.00476675
0.00332144
-0.00260518
-0.00279992
0.00365838
0.00128085
-0.00329352
0.000671308
0.00070996
0.00142343
0.00135942
-0.00548568
0.00144506
-0.00384063
0.00150062
0.00163322
0.00503255
-0.00516518
0.00491305
-0.00127961
-0.00200026
0.00283884
0.00297103
-0.00513836
0.00305308
0.00344469
0.00372418
0.00162269
0.00186322
0.000691954
0.00331215
0.00226091
-0.00626503
-0.00429483
-0.0012328
0.00697267
0.00461177
-0.00618042
0.00156864
-0.00398682
3.59792e-05
0.0045849
-0.000634076
0.00248144
-0.00534471
0.00251754
-0.00833889
0.00840528
0.000969479
-0.00323044
0.00321124
-0.00403251
0.00196949
0.00368569
-0.00117563
-0.00306592
-0.00234518
0.00658672
0.00273347
-0.00272225
-0.00509435
-0.000792579
0.00531063
0.000576305
0.000485004
0.00281017
-0.00251967
0.00187372
-0.00165993
-0.000733232
0.00051941
-0.000300134
0.00606685
0.00421853
-0.00245392
-0.00360502
0.000172503
0.00149082
-0.00395455
0.00250649
-0.00257216
-0.00203688
0.000378195
-0.000185802
0.000724891
-0.00331982
0.00278071
-0.00215837
0.00172451
0.00437789
-0.00144894
0.00406606
0.00253897
-0.00251706
0.000528496
0.00388963
-0.000988177
0.00430846
-0.00201167
0.00129493
0.000331833
-0.00105703
0.000206746
0.00272401
0.00135243
-0.00144744
0.00437755
-0.00290277
-0.0041386
-0.000579932
0.00377358
-0.00344841
0.000630516
0.00331785
-0.00360004
-0.00126505
-0.00479328
0.00389915
-0.000723385
-0.000279592
-0.00116874
-0.00145779
-0.00163535
0.00349012
-0.00324875
-0.00141009
-0.00151198
-7.93215e-05
0.00072224
0.000999982
0.000978419
-0.00127541
0.000606527
0.00145786
-0.00141016
-0.00419296
-0.00224472
0.0089552
-0.00121617
0.00168585
0.00244779
-0.00291748
7.662e-05
0.00175234
0.000411411
0.0057823
-0.00794607
-0.00567875
0.00431351
0.00628319
-0.00167141
0.00597656
0.000157256
-0.0012581
-0.00487572
0.00123188
0.00625432
-0.00679782
0.00168787
-0.00465332
0.00110612
0.00348542
-0.00185215
-0.00382991
-0.0030088
0.0108946
-0.0051925
0.00142802
0.00465968
0.00645403
-0.0066868
-0.00141464
0.00164743
0.00187859
-0.00711517
-0.000161626
0.00743844
-0.00150741
-0.00513496
0.00563465
-0.00563343
0.000219099
0.00470781
0.00779929
0.00187529
-0.00335339
0.000566658
0.000911448
0.00160947
-0.00110978
0.00287461
0.000163172
-0.00151312
-0.00389795
-0.00022235
0.00313574
-0.0039384
-0.00146031
-0.00280115
-0.00121272
0.00128065
-0.00520442
0.00386562
0.00258185
0.00226097
0.00313119
-0.00221606
0.00178013
0.00263347
3.30968e-05
-0.00284353
-0.00106388
-0.000946191
-0.00536954
0.00409779
0.00216267
-0.0056721
0.00180216
-7.03558e-05
0.00189408
-0.00198887
0.00289788
0.00232394
-0.00365597
0.00126169
-0.00125183
-0.00325594
-0.00341736
-0.00297294
0.00402303
0.00236727
0.000301377
0.00127141
0.00155842
0.00205055
0.00184213
-0.00165926
-0.00284052
-0.000930439
0.00181104
-0.0022537
-0.00256291
0.00207644
0.00111333
-0.00518997
0.00302836
0.00104828
0.00201911
0.00120156
-0.00121312
0.000611114
-0.000663044
0.000811868
0.000815504
0.00266053
0.00128891
-0.00033773
0.000825545
-0.00177673
0.000313357
-0.00117522
0.00507547
-0.00908723
0.00636257
-0.00114401
2.12064e-05
-0.00220782
-0.00017717
0.000262919
0.00307159
-0.000902049
0.00116497
-0.00250176
0.000673756
0.000869985
-0.00482247
0.00421712
-0.000191279
0.00111116
-0.0012779
-0.00018782
-0.00197407
0.00333192
-0.00378706
-0.00218096
-0.00141433
0.00606333
-0.00444862
0.000463795
-0.00207852
-0.00488155
0.00566211
0.00385451
-0.00189031
-0.00246974
-0.00182416
-0.000689974
-0.00134319
0.000706968
0.00219139
-0.00127361
-0.00619839
0.000475986
0.00732245
0.00444044
0.00264636
-0.0027546
0.0021088
-0.00974306
-0.000261764
0.00706787
0.00293697
-0.00311829
0.00321635
0.000466066
-0.00176441
0.00171789
0.00152165
0.000594452
-0.00241243
-0.000959484
-0.00264419
-0.000762488
0.000240135
0.00316652
-0.00422015
0.00404114
-0.000696188
-0.00335602
-0.000167955
-0.0037901
0.00111542
-0.00493447
0.00233244
0.00157862
-0.00157247
-0.000881447
0.00113899
-0.00184185
0.00194916
0.00680922
-0.00733083
-0.000294792
-0.000731178
-0.000371673
0.00630749
-0.00725544
0.000148754
0.00133764
-0.00832302
0.00564128
0.0021187
-0.00386117
0.0048211
0.00460369
0.00498814
0.000641571
0.00123392
0.000661254
0.00592183
-0.00781702
0.0007229
0.00685141
-0.00967797
0.00648821
0.000200611
-0.00901953
-0.00194682
0.00690772
-0.0022988
0.00328071
0.0043441
-0.00481411
-0.000722922
0.00119293
0.00117437
-0.00219952
0.00137116
-0.00337385
0.00179545
-0.00380258
0.00172578
0.0029615
-0.000884709
0.00274325
-0.00298509
0.00160177
0.00345732
-0.00163455
0.00118099
-0.00251979
0.00160239
-0.00236794
0.00427219
-0.00462467
-0.000403791
0.00429841
0.00205335
0.000536272
-0.00620068
0.00443076
0.00123368
0.00444362
0.00523982
-0.00789293
0.0022525
-0.00841782
0.0081609
0.00076394
0.0048297
-0.00193348
0.0060121
-0.000314006
0.00357476
-0.00219546
-0.00293735
0.00715531
0.00228524
0.000311748
0.00129695
0.00235704
-0.000234039
0.00168688
-0.000774115
0.00243277
0.000979876
0.00195955
-0.00199633
0.00300473
0.0020706
0.0023822
-0.00419564
0.00292169
0.00210216
0.00294118
-0.00107306
-0.00458649
0.0030788
-0.00116349
0.000514072
0.00303161
0.00154395
-0.00205929
0.00210121
0.00285291
-0.00357293
-0.000884038
0.000522473
-0.00241616
-0.000165588
0.00099101
-1.77435e-05
0.00218194
-0.00139143
-0.00280092
0.00137638
0.00179184
-0.000150567
-0.00236976
0.00255422
0.00321341
-0.000417627
0.00217581
-0.000131221
0.00544518
0.000754239
-0.00131731
-0.00389668
0.00445974
0.00602141
-0.0124753
0.00832252
0.000726558
-0.0004118
0.00305847
0.000186047
-0.00398776
0.000743207
-0.00510747
0.0060612
-0.00439206
0.00330574
0.00219887
-0.00111253
0.00303411
0.000415766
-0.00284699
-0.00215405
-0.00194208
0.00126891
0.00282724
-0.0007807
0.00325092
0.00140831
-0.000142868
-0.0125621
0.0068522
0.00772317
-0.00134397
0.0142325
-0.00686713
0.00259487
-0.00419056
0.00262249
0.000938833
-0.00263388
0.00160868
-0.000248431
0.000786831
-0.003167
0.0025518
-0.000171661
0.000137084
0.00350491
0.000243737
0.00192858
0.00237861
-0.00400146
0.00170456
-0.00269304
-0.0034711
-0.000917002
0.000905523
0.00348259
-0.000580955
-0.00417608
0.00128595
0.00367036
-0.0032002
-0.00423223
0.00459174
-0.00335041
-0.00267385
0.00179204
-0.00206932
0.00266175
0.000508474
-0.00516698
0.0018456
-0.00107065
-0.00465729
0.00197858
0.00226689
0.00279959
-0.00271018
0.00272993
-0.00160383
0.00219349
-0.000472659
0.00385887
-0.0045456
0.00230972
0.00257867
0.00434375
-0.000446062
-0.00616622
0.00387072
-0.00423809
-0.000862791
0.000281887
-0.0019335
-0.00212819
-0.00146666
-0.00374365
-0.000919316
-0.00292618
0.00193602
-0.00414287
0.00222192
0.00418802
0.00464594
0.000499454
0.000637658
0.00808782
-0.00142411
-0.000315991
-0.00240276
0.00333509
0.00461435
-0.00189698
0.00654327
-0.00200254
-5.53013e-05
-0.00187848
-0.00169655
0.003644
-6.89627e-05
-0.00391474
0.000578973
-0.00017869
0.000347791
0.000859087
0.00292656
-0.00399001
0.000204376
-0.000755825
0.00116874
0.000837562
-0.0015971
0.00200741
-0.00178118
-0.00350118
-6.93765e-05
0.00328027
0.000726502
-0.000196008
-0.00286946
0.0045389
-0.000989048
-0.00376024
0.00318164
0.00156767
-0.00302122
0.00109087
0.00278946
0.00615855
-0.00601616
0.00318912
0.00382182
0.000536047
0.00295116
0.00165338
-0.00374047
-0.000803714
-0.00366736
0.0035917
-0.00503243
0.00126066
-0.0002239
0.00278965
-0.00427675
-0.00102655
0.00458035
0.00357274
-0.00216507
0.000168233
0.00111874
0.00279993
-0.00408688
0.00107281
-0.000742573
0.00112488
0.00213917
-0.0043525
-0.00147059
0.0011138
-0.00145936
-0.00440066
0.00268344
0.000504041
0.0012132
-0.00179208
0.00546563
0.00133591
-0.00657923
0.00116389
0.00334897
-0.00283947
0.00199896
0.00148216
-0.00547283
0.00199171
7.91807e-05
-0.00517345
0.00238411
-0.00555932
-0.0035486
-0.00397052
-0.00679553
0.00312424
0.00249254
0.00117872
0.00679949
-0.00116727
0.0036096
-0.00318558
-0.00523422
-0.00511927
0.00288229
-0.00306101
-0.00211608
-0.00517501
0.00954359
-0.00590002
0.00713284
0.00570374
-0.00685596
0.00124138
-8.91771e-05
0.00565681
-0.000933997
0.00145374
-0.0067643
0.00517383
0.000656479
-0.00173871
0.00313429
-0.00574289
0.00292154
-0.00796338
0.00240265
0.00546066
0.00450733
0.00460049
-0.00468532
0.00110137
0.00520642
-0.00318482
-0.00029709
-0.000460251
-0.00326097
0.00345223
3.03816e-05
0.00274976
-0.00285606
7.59224e-05
0.000647184
0.00171808
0.000370039
-0.00249567
0.00189474
-0.00053808
-0.00236384
0.0013688
-0.00155925
0.000502474
-0.00191781
-0.000185862
0.0016012
-0.000686338
-0.00156136
0.00145581
-0.00074731
0.00128106
0.00297944
-0.00524227
0.00434426
0.000133253
0.000160944
0.00322561
0.000552878
-0.00506669
0.00481172
0.00101782
-0.00333859
-0.000362612
0.00712372
-0.00634142
-2.54992e-05
0.00428294
0.000250525
0.0046359
-0.00445525
0.00125282
-0.000358555
-0.00433842
0.00344412
0.00461051
-0.005572
0.00457155
-0.00533809
0.00650384
0.000414931
0.00108229
0.000938491
-0.000787836
0.00330058
-0.00373312
0.00122035
-0.00121452
0.00482827
-0.00257032
0.00418696
0.000310593
0.00248518
0.00423522
-0.00438558
-0.00331092
0.00547105
0.00123254
0.00643154
-0.00372425
0.00117547
-0.00182037
0.00264614
0.000825678
-0.00316124
0.00109033
0.00387306
-0.000238244
-0.00312075
0.00264396
-0.000685405
0.00237059
-0.00271501
0.000685383
-0.00171519
-0.00100404
-0.00520287
0.000511239
-0.0037397
-0.000949905
0.00199657
-0.00211919
0.00602501
-0.00372562
-0.00035469
-0.00393662
-0.000417031
0.000951499
0.0020697
0.00131562
0.00301544
0.00170181
-0.00433892
0.000250586
0.00214625
0.00582511
-9.54034e-05
0.000135165
-0.0024488
0.0024967
-0.00183886
0.00344723
-0.000256189
-0.00174469
-0.00381733
0.00105785
-0.00275594
-0.00125978
-0.000994067
-0.00158958
-0.00312193
-0.00306208
-0.00327542
-0.00162734
-0.00233669
0.00378451
-0.00198399
0.000536183
-0.00465975
0.00173621
0.00403896
-0.00363485
0.00280906
0.00234745
0.00373965
0.00100945
-0.00026898
-0.00269081
0.000303327
0.00336817
-0.000980665
-0.00211567
-0.00285003
0.00407491
0.000890823
0.00102694
-0.00171674
0.00172501
-0.000150828
0.00223355
-0.00144039
0.00190619
0.00303419
0.00157039
-0.000460323
-0.00222265
0.00164923
0.00196363
0.00271227
0.00119701
0.00340736
0.0012998
-0.00453596
-0.000171215
-0.00140332
-0.00194636
0.00133408
0.00329789
-0.00305563
-0.000594689
0.0020231
-0.00369628
0.00494242
-0.0021867
0.000940575
0.00395411
0.00106266
0.00516548
-0.00442424
0.00130953
0.000552986
-0.00580316
0.00590823
-0.00301912
0.000671936
-0.00627513
0.00209353
0.00134214
0.00204273
-0.00945342
0.00113558
-0.00590164
0.00184735
0.000993286
0.00680793
-0.00301716
-0.00740977
0.003619
0.00103063
-0.00789593
-0.000528909
-0.00182157
0.00399447
-0.00164397
-0.00366348
-0.00400644
0.000895516
0.00570316
0.00130602
0.00501643
-0.00251177
0.00309925
-0.00259157
-0.00236123
0.00507917
-0.00370823
0.0054138
-0.00113605
-0.00126072
0.000299599
0.00481489
0.000747618
-0.00515779
0.0060284
0.000590507
0.00397778
-0.0056171
-0.00506848
0.00438044
-0.00172609
0.00618856
-0.00473299
0.00310458
-0.00364265
0.00236487
-0.0039497
-0.00279869
0.00605388
0.00173202
-0.00643836
0.00474161
-0.00372779
0.0069769
-0.000864799
0.00418987
-0.00211047
0.00409461
-0.00321835
0.0017315
-0.00260774
0.00358584
-0.00211889
0.00206505
-0.0032424
0.00301462
-0.00144487
0.00143941
-0.00102553
-0.00129417
-9.85118e-05
-0.00031492
-0.00114211
-0.00102989
-0.000386997
-0.000439373
-0.00204389
-0.00183575
-0.00101303
-0.0027451
0.00207872
-0.00111469
-0.00243117
0.00146713
0.00135933
-0.000375299
-0.00114006
-0.00108139
0.00145628
-0.00166907
-0.00119952
0.00125185
0.00280246
-0.000656021
0.00069553
-0.000104298
0.00317143
0.000330026
0.000676294
-0.000801253
0.000335862
-0.000639591
0.000192143
0.00130747
0.00119334
-5.09666e-05
-0.00124666
0.000523867
0.00233475
-0.00122341
-0.00163525
-0.00134306
0.00217355
-0.000925572
-0.00207893
0.00166142
0.00167641
-0.00114223
-0.00135749
8.98812e-05
0.00183893
0.00190334
-0.000589064
0.00121285
-0.00147041
0.0014509
0.00137286
-0.00143101
-0.00133607
0.00139419
0.00199807
0.00166542
0.000622893
0.00108671
0.000547788
0.000106977
0.000282545
-0.00561764
0.000597984
0.00473712
0.00894388
-0.00316319
-0.00625824
0.000477578
-0.00598962
0.00611375
-0.00100756
0.00088344
0.00292256
0.00614285
-0.00444655
0.00122626
0.00786763
-0.00107425
-0.00642614
-0.000367216
2.43982e-05
-0.000450098
0.00460829
0.00432503
-0.0023821
0.00312737
-0.00126663
0.0035968
-0.00137029
0.00669911
-0.00153818
-0.00295946
-0.00124526
0.0016238
0.00555155
-0.00238815
-0.00765785
0.00365484
0.000970391
0.000665461
-0.00400818
-0.00449713
-0.00155172
0.00391387
-0.00505762
0.00479861
-0.00022176
-0.00418641
0.00440742
7.76261e-07
0.00299636
-0.00693382
0.000751888
-0.00366938
0.00669272
0.00096022
-0.00398356
5.18868e-05
0.000168394
-0.006041
0.00216265
0.0061241
-0.00377903
-0.000428174
-0.00015578
-0.00101857
-0.00495416
-0.000636819
0.00660955
-0.00038443
-0.00540767
0.00619118
-0.00047244
-5.5789e-05
-0.0053939
-0.00570067
0.000391088
0.000644034
0.00466557
-0.00688668
-0.00691297
0.00717042
-0.000170079
-0.000230106
0.000558538
-0.000276226
-0.0071726
-0.00492753
0.00550825
-0.00246333
0.00188262
0.00220963
-0.00140762
-0.00373282
0.00544003
-0.00127899
-0.00352642
0.00409707
-2.32455e-05
0.00108651
0.00316008
-0.00422333
-0.00265001
0.00121591
0.00296029
7.52847e-05
0.00174941
-0.00568587
0.00408357
-0.00292129
0.00458879
-0.00298784
0.00115884
0.000744768
0.000462267
0.00179229
0.000198298
0.00434202
-0.00379558
-0.000796216
-0.00920327
0.00630342
-0.00631396
-0.00527333
0.0048914
0.00136369
-0.001969
-0.00146036
0.00206569
-0.00105114
-0.00627947
-0.00112675
0.00147486
0.00678482
0.00148182
0.000233985
0.00652795
-0.00231105
-0.00445089
0.00496519
-0.00283487
-0.00393389
0.000493658
-3.57073e-05
0.00378236
-0.00424031
-4.69751e-05
-0.000231879
0.000187366
-0.00125334
0.00374304
0.00113491
-0.00179915
-0.00306982
0.00282073
0.00384401
-0.000107541
0.00184268
-0.000964557
0.00411019
-0.00498832
-0.00159787
-0.00266252
0.003952
0.00119358
0.0011091
0.00222139
-0.00197587
0.00254208
-0.0022006
-0.00324562
0.0016158
-0.00204786
0.00267194
-0.00282471
-0.00132012
0.00552829
-0.00147629
-0.00116227
0.00405541
-0.00138981
-0.00127441
0.00423676
0.00149715
-0.00510221
-0.00489183
0.00332304
0.00525259
-0.00151666
-0.00263494
-0.00110098
0.000494061
0.00517759
-0.00139947
-0.00332575
0.000228254
0.00204279
-0.000736597
-0.00313992
0.00183371
-0.00581357
0.00459178
-0.00815031
0.00425197
0.00425659
-0.00417811
0.00653657
-0.00112593
-0.00424727
0.00154684
0.00354242
-0.00019991
0.00280035
-0.00245418
-0.00271891
-0.00463392
0.002363
0.00100588
0.000481177
0.000479051
-0.00398485
0.00226941
-0.00215083
0.00215387
-0.00249853
0.00249549
-0.00477972
0.00333136
0.00282767
-0.00204341
-0.00182684
0.0021226
4.10312e-06
-0.000299878
0.00514588
-0.000707676
-0.00126835
-0.00316986
0.00566111
0.00491979
-0.00605221
0.0025889
-0.00595221
0.00126985
0.000376468
0.00559132
0.00534808
-0.000332492
-0.00683122
0.00181563
0.00712637
0.00621239
0.00681859
-0.00015541
0.000276297
-0.00693949
-0.000126631
-0.000456346
0.00551454
0.00068861
-0.0071359
0.00237728
0.00541721
0.000913188
0.000177586
0.00573764
0.00208741
-0.00407473
0.0051147
0.00586388
-0.00425198
-0.00298215
-0.0053799
0.000915735
-0.00533607
-0.00159555
0.00582506
-0.00125872
0.00138959
-0.00608985
0.00223693
0.00173648
0.00313952
-0.00348642
0.00582873
0.00506721
0.00498547
0.00588511
-0.00132781
0.00519213
-0.00252051
-0.00532163
0.00590362
0.00139636
0.00607263
-0.00581058
0.000486524
0.000694864
0.000916736
0.00578241
0.00532431
-0.00371521
-0.00112258
0.00564601
-0.000823924
-0.00608081
-0.00479898
-0.00593319
0.00692158
0.00419007
0.0011624
0.00147641
0.00445239
-0.00187307
-0.00140784
-0.00296238
0.00577827
-0.00165795
0.00296643
-0.00478102
0.00708128
-0.00484401
0.00454749
0.00266264
-0.00489668
0.00300043
-0.00121186
0.0053407
-0.00321884
0.00202367
0.00406599
-0.00230221
0.00158546
-0.00167813
0.00316401
0.00434635
-0.00145646
0.00337379
-0.00277868
-0.00117641
0.000354798
0.00140688
-0.000585277
-3.56514e-05
0.000810435
-0.00343969
0.00259358
0.00210072
-0.00153453
-0.00131263
0.00202861
0.00151032
0.00476561
-0.00383135
0.00586944
-0.002292
0.00314003
0.00548403
-0.00215125
-0.00647279
-0.00323731
-0.000491296
0.0072817
-0.00355307
0.00423742
0.00414365
-0.00251162
0.000137023
0.000339743
0.00301337
-0.000944157
-0.000323787
-0.000523338
-0.00058776
-0.00218552
0.00312859
-0.00118469
-0.00143006
-0.00166607
0.000435576
0.00266056
-0.000347169
-0.00117788
-0.000600804
0.00350239
-0.00172369
0.00479148
-0.00388247
-0.00306914
-0.00249626
0.000559059
3.33232e-06
0.00197786
-0.00566672
0.000915877
0.000734913
0.00402341
0.00362374
-0.00132646
0.00145219
0.00352014
0.000479286
0.0044082
-0.00244632
-0.00244115
0.00639148
0.00373351
-0.00257386
-0.00492205
0.00513316
-0.00355046
-0.00264585
0.00457107
-0.00459798
0.00562267
-5.91137e-05
0.00506665
-0.00314984
0.00420947
-0.00400575
0.00399324
-0.00509011
-0.00514613
-0.000193063
-0.00518731
0.00522632
-0.000109885
6.90138e-05
-0.0037308
-0.000794861
0.00455734
0.00455042
-0.00161502
0.00346531
0.000574725
-0.00242499
0.00385488
-0.0034077
0.00270728
-0.00286809
-0.00192362
0.00208445
0.00110819
-0.00483886
0.00350676
0.000697582
-0.000337314
-0.00354473
0.00454303
-0.00418507
0.000897804
-0.00464052
-0.00106788
-0.00272805
0.00245479
-0.00364506
0.00618255
0.000213222
-0.00656983
0.000174085
-0.0060041
-0.000251103
-0.00145529
0.00199629
0.000667317
0.00100912
0.000406331
-0.00500667
-0.00583408
0.00727094
-0.000542197
0.00563733
-0.00531662
-0.00634559
-0.000175507
-0.000604884
-0.00839378
0.000878173
-0.00555215
0.00458479
-0.00527508
0.00475183
0.000715818
0.00399803
-0.00496497
0.00494828
-0.00107024
-0.00164812
0.00123392
0.00263006
-0.00336002
0.00740419
-0.00469519
-0.00064631
0.00517912
-0.000386474
-0.00407348
-0.000719153
-9.378e-05
0.00628393
-0.0062313
0.00324964
0.00122509
-0.00420873
0.00300667
-0.0045473
0.000327122
0.00121353
0.00359838
0.00034947
-0.00413799
4.45688e-05
0.00117719
0.00339609
-0.00501933
-0.00691078
0.0042465
-0.00274412
-0.00528297
0.00512748
8.13857e-05
7.41159e-05
-0.00140729
0.000377633
-0.00497098
0.000966632
0.00351497
-0.00336686
0.00236196
0.000815693
-0.00421615
0.00390938
0.00324111
-0.00258355
0.00030909
-0.00482358
-0.000283591
0.000891038
-0.00265384
0.00175522
0.00033108
0.000567537
0.00313599
-0.00309412
0.00179925
0.00180754
-0.00467221
0.00232253
0.00176974
-0.0016344
0.00290809
-0.000576622
-0.00069705
-0.000620023
-0.00274508
0.00539382
0.00184075
0.0036197
-0.00479313
-0.000904796
0.00099883
0.00682378
-0.0073597
-0.00147025
0.000759301
0.00537481
-0.00466383
-0.000217849
-0.00457797
0.0063813
0.00484014
-0.00122325
0.00680323
0.00410382
-0.00331254
0.00078868
0.00330132
-0.00683505
0.0046398
-0.00218302
0.00208452
-0.0072203
0.006871
-0.00311508
-0.00312335
-0.00239352
-0.00253153
0.00176484
-0.000502768
-0.00351633
0.00187349
0.0036517
-0.00342968
0.00539556
-0.00454137
0.00307165
-0.00129043
-0.00274864
0.000967433
0.00398594
-0.00212276
0.00351792
-0.000989719
-0.00242435
0.00281328
0.00172927
-0.000823898
-0.000397144
0.00201076
0.00182934
0.00583891
-0.00417301
-0.00398003
0.0027788
0.000824536
0.00198724
-0.000374001
0.0015365
4.61225e-05
0.00221223
-0.0015821
-0.00103734
0.000875354
-0.00256901
0.00294515
-0.000271212
0.00314948
0.00196328
0.000493222
-0.00181708
0.00143082
0.000567157
0.000753391
0.00145472
-0.00124895
0.000122945
0.000385018
-0.000439155
0.00469003
0.0034536
-0.00191235
-0.00109823
0.000574892
0.000244485
-0.000619226
-0.000785171
0.00101275
0.00159846
-0.000161243
-0.00222241
0.000539956
-0.000383061
0.000496103
-1.71275e-05
-0.00284605
-0.000364274
0.00376329
-0.000435645
-0.00028003
-0.00483714
0.00555277
0.00249181
-0.000891353
0.00552603
0.000443645
-0.00192264
0.000921424
0.00472881
-0.00568595
-0.00301076
-0.00425133
-0.0058457
0.00653525
0.000660464
4.31257e-05
-0.00728451
0.0065809
-0.00483512
0.00640396
-0.000114131
-0.00413595
0.00358404
0.00648006
0.00481833
0.000766872
0.00339176
-0.0041665
-0.00168464
-0.00631916
0.0053639
-0.00531933
0.00416592
0.00240021
-0.00307291
-0.00349323
0.00339332
-0.000205671
-0.00228325
-0.000388077
-0.00276202
0.00582206
0.000747464
-0.00499731
0.000263023
-0.00239471
-0.000142313
-0.000453734
-0.00573057
0.00574864
-5.12483e-05
0.00328193
0.00582567
-0.00592546
0.00553522
-0.00546969
0.000430553
-0.00516979
0.00225722
0.00595099
-0.00498192
9.35433e-05
0.00696054
-0.00122842
-0.00476135
0.00345695
-0.00233033
0.000182875
-0.00276291
0.00304629
0.00484537
0.000663516
-0.000127512
0.00128175
0.00492362
-0.000419972
0.000833576
-0.00533725
0.00601185
0.00102074
-0.00498312
0.00119947
0.00196182
0.005697
0.00165994
-0.00432317
-0.000242179
0.00290538
0.00355542
0.000896435
0.00124513
-0.00118697
-0.00263439
-0.000936516
0.00475785
-0.00352811
0.00307515
0.00171432
0.00125101
0.00336566
0.00313792
0.00154628
0.00171082
0.00231598
-0.000569879
-0.0014641
-0.00393247
-0.000316285
0.00571284
-0.00154183
-0.00386459
0.0024613
0.00294511
0.00360179
-0.000690851
0.00107299
-0.00331825
-0.00145355
0.00438371
-0.00436521
0.00128936
0.0013432
0.000970099
0.000984599
0.0017351
0.00388441
-0.0038521
-0.00176742
-0.000305583
-0.00633874
0.00148133
0.00672546
-0.000979449
-0.00672115
-0.00203256
0.00559094
0.00316276
-0.00361955
0.0058487
-0.00745103
0.00421845
-0.00566483
0.00548491
-0.00194946
-0.0034296
-0.000285776
6.67846e-05
-0.000933108
0.0062407
-0.0053744
0.00196889
-0.0010924
-0.00156284
0.00160285
0.00467155
-0.000709212
-0.0055652
-0.0090463
0.00478462
0.0045177
-0.00559544
-0.00424707
-0.000333873
-0.00377721
-0.000891832
-0.0021265
0.00145571
-0.00177831
0.00430233
-0.00494244
0.000465989
0.00576638
0.0057766
-0.0051263
-0.000556768
-0.00106406
0.00540118
0.00161386
-0.000273032
0.00508072
-0.00507229
-0.000283236
-0.00442224
0.00151224
-0.00031175
-0.00426803
0.00306754
-0.00715411
0.00644466
-0.00122288
0.0078481
-0.00585285
-0.00145417
-0.00492977
0.00412958
0.0011158
0.00231352
-0.00165494
0.00142279
-0.000952935
-0.00178354
0.00181592
0.00115328
-0.000555369
0.00131231
-0.000727211
-9.32136e-05
0.000679478
0.00207349
-0.00149405
-0.000607892
0.00136366
-0.0021831
0.00263536
0.00116723
-0.0013466
-0.000902877
6.63893e-05
0.00214325
-0.00197285
0.00114193
0.00101027
0.00278712
0.00124153
-0.0013413
-0.0013465
0.00179947
0.000888319
-0.000420586
-0.00311003
0.00393978
-0.000623281
-0.00623713
0.000137311
0.00681591
0.00470611
0.000170531
-0.00421453
-0.000822483
-0.0041689
-0.000514878
-0.00519177
0.000406718
0.00529996
-0.00228518
-0.00075427
0.00728597
-0.00193188
0.000183411
0.00467477
-0.00471086
-0.00138633
-0.00332947
0.00396154
-0.00431295
-0.00352797
0.0031386
-0.00101578
0.00140517
0.000272072
0.00418212
0.00116755
-0.00012872
-1.1065e-05
-0.00537348
-0.00124429
0.00486852
-4.92802e-05
-0.00527332
0.000454105
0.000360069
-0.00525891
0.00298106
0.0019178
-0.00200695
-0.00461253
0.00297442
0.00121235
0.00538047
0.000882352
-0.000849078
0.000995261
-0.00252068
0.00145201
-9.1574e-05
0.0053381
0.000129982
0.00497381
-2.96879e-05
0.00502679
-0.000124931
0.00682895
-0.00548441
-0.000536655
-0.00037149
0.00639257
0.0013469
-0.00532899
0.000964932
-0.00144612
0.00150696
-0.00424711
0.004279
0.00237942
-0.00228789
0.00106176
0.00155302
0.00144903
-0.00293334
-0.00137045
0.00318245
-0.000788183
-0.0010238
0.00606594
-0.000286796
0.00338311
0.00597911
0.000497907
0.00191016
0.00341014
-0.00426304
0.00119084
-0.00342009
0.00575875
-0.00498678
0.00420171
0.000922401
0.00661363
-0.00693341
0.000730701
0.000490997
0.00569921
-0.00498575
1.7228e-05
8.4271e-05
0.00561222
-0.00580313
0.000275163
0.000194547
-0.000680741
-0.00605393
-0.00114249
-0.00543705
0.0050123
-0.00558074
-0.000998802
0.00623511
-0.00102965
0.00687758
-0.000142092
0.000130044
0.00565234
-0.00522163
0.00522503
-0.000513053
-0.00542789
0.00577084
0.00563397
-0.00101788
0.0014548
-0.00121541
0.000256088
-0.00660113
-0.000671689
0.00569317
-0.00613342
0.00156576
-0.00110731
0.000323116
0.00384093
-5.19861e-05
-0.00411204
-0.000762193
0.00489095
-0.00197155
0.00253945
-0.00432104
0.00165667
0.00466692
-0.00242456
0.00502344
-0.00436899
0.000911345
0.00340524
-0.000208626
-0.00261356
-0.000583037
0.00429056
-0.00152031
0.00100919
-0.00578698
0.00449637
0.000281439
0.00112946
0.000413118
-0.000119484
0.003354
-0.00296757
-0.00255783
9.87286e-05
0.00278174
-0.00255734
0.00142342
0.00465982
-0.00135443
0.00578095
-0.00585371
-1.95005e-05
0.00634039
-0.00396582
0.00422677
-0.00459455
0.00412425
-0.00389436
0.000290428
-0.00014243
0.00374633
-9.88536e-05
1.87934e-06
-0.0049573
0.00106104
0.00177387
-0.00454321
0.00245758
0.00514276
0.004426
-0.00173783
0.000553777
-0.00333647
0.00452048
-0.0059134
-0.00626099
0.00124616
0.000409549
0.0022287
0.00807662
-0.00856197
-0.00759668
0.00516582
0.00379665
-0.00813418
0.000998051
0.00547692
-0.00222616
-0.00424882
-0.00178279
0.00720683
-0.00316937
-0.00160827
-0.000219673
0.00216508
0.00717709
-0.000635374
0.00639372
0.00212936
0.00174744
-0.00590936
0.00670533
0.000614003
0.00344186
-0.00579372
-0.00625667
0.00716162
0.0046823
0.00237635
-0.00422248
0.00492514
-0.00532045
-0.000987207
-0.000824307
0.00558922
-0.00589751
-0.000936686
0.00674993
-0.00656412
-0.000730512
0.00197309
0.00532156
0.00720166
-0.00101946
5.69808e-05
0.000730091
0.0020022
-0.00146625
-0.0019533
0.000867551
0.00181579
-0.000592637
0.00120082
0.000611123
0.00220307
-0.00318782
0.00288305
0.00154193
0.00188871
0.00173236
-0.0017199
0.00135123
-0.00268688
0.00389089
-0.00349606
-0.00186062
0.00122915
-0.0056476
-0.0024608
0.00297314
-0.00245104
-0.000882835
0.00036073
0.00344682
0.00117154
-0.00393839
0.00274001
0.00242754
0.00352039
-0.0026411
-0.00546945
0.0059651
-0.00585169
-0.000820406
0.000659688
0.00412275
-0.00451942
0.00116763
0.0050866
-0.0045431
0.000290037
0.00397746
-0.00617821
0.00518579
-0.000545026
-0.00163098
0.000511064
0.00522744
-0.0041075
-0.00596446
0.00139453
0.00396504
-0.00457423
0.00474784
-0.0012945
0.00128287
-0.00176026
0.00628
-0.000521968
0.0064955
0.00549132
-0.00247265
-0.00205845
0.000112583
-0.000608654
0.00512584
0.00614301
-0.00600935
-9.6677e-05
0.00028715
0.00537254
1.6582e-05
-0.00567629
-0.00412224
-0.000123102
0.000100833
-0.00688001
0.00344972
-0.000115151
-0.000340554
0.00141743
-0.00444595
0.00336908
-0.0006373
0.00760243
0.005843
-0.00601286
0.00470199
0.000769055
0.00228668
-0.00775772
0.00651396
-0.00665059
0.0023744
-0.00678473
0.0024034
-0.00548959
0.00187176
-0.00682851
0.00714967
0.00628938
-0.00596935
0.00626856
0.000716494
-0.00441724
0.000729862
-0.00413003
-0.00523537
0.00012249
0.000448765
-0.000373068
0.000615983
-0.00342664
0.00318374
0.00425159
-0.00589075
0.00129862
1.89272e-06
0.00090704
0.00652274
-0.00677145
0.00170433
0.00590564
0.000989232
-0.00270607
0.000225838
0.00149101
-0.00477508
0.000155841
-0.000853582
0.00443021
-0.00661825
0.00172572
0.000462337
0.00182272
0.00202226
-0.00501547
-0.00462767
0.000897912
-0.0043493
0.00133585
-0.00316421
0.00272628
-0.000597051
0.00385018
0.000152129
0.00453324
-0.0036124
-0.0006651
-0.00481955
0.0041908
0.00129386
-0.00049782
0.00453215
-0.000655362
-0.00337896
-0.000533758
0.00393211
-0.00256383
-0.0008345
0.00536996
-0.00704261
-0.00541174
0.000212418
0.00219332
-0.00558824
0.00461883
-0.000131636
0.00487277
-0.00512948
0.000745365
-0.00543768
-0.00100834
8.52718e-05
0.00629842
-0.00104537
-0.000886637
-0.00569806
-0.0051757
-0.00132728
0.00665258
-0.000149573
-0.00535202
0.000445949
-0.00641672
0.00126643
0.00470436
0.00711347
-0.000509033
0.00669911
0.000279908
0.00129218
-0.00525252
0.00368045
0.00162701
0.000303642
-0.00424849
-0.00201963
-0.00176331
-0.000271181
0.00151712
-0.004367
0.00328441
0.00367712
-0.00504785
0.00108394
0.00383993
-0.00601592
0.00503086
-0.00400985
-0.00680416
0.00553238
-0.00616037
0.00601273
0.00723539
0.000245757
-0.000194168
0.00462895
-0.00561659
0.000793488
-0.00649474
0.00426305
0.000473387
0.00524306
-0.00519189
-0.00192478
0.000339334
0.00474359
-0.00321652
0.00667737
-2.92025e-05
0.00725735
-0.00121541
0.00467631
0.00263668
-0.00216171
-0.000586993
0.00368978
-0.00537026
0.00226748
-0.00480463
0.00362112
0.000743166
0.00530589
0.00026574
0.000194853
0.00593856
0.00261236
0.00234566
0.000504751
-0.00546276
-0.000822961
-0.0014307
-0.000953343
0.00478169
-0.00301689
-0.00107806
-0.00169202
0.00475066
0.000894712
0.000988747
0.0029331
-0.00302711
-0.00333088
0.00348369
-0.000871419
-0.00393972
-0.00110879
0.00524569
0.00235561
0.00202176
-0.00548617
-0.00528047
0.00120321
0.00582664
-0.0039865
0.000100116
-0.00376675
0.000783458
0.00138117
0.00361197
-0.000995235
-0.00429869
-4.83074e-05
0.00534221
0.00112735
-0.00622624
0.00498372
0.00697158
0.000961024
-0.00498774
-0.000219287
-0.00452665
0.00446267
0.000118874
-0.00469407
0.00455567
-0.00637695
0.000319358
0.0041547
-0.00461651
-0.000981884
-0.00184541
-0.00111109
0.000462874
-0.000242571
-0.00355427
-0.00364612
0.00391104
-0.00462968
0.00233631
0.00588492
-0.00722678
0.0013582
-0.00734659
-8.67943e-05
0.000938765
0.007657
0.00325267
-0.0042945
0.00192391
-0.00393982
0.00414525
-0.00349712
0.00733202
-0.00460607
-0.00996288
0.00579239
0.00711679
-0.00784146
-0.00208069
0.00771664
0.00761531
4.10471e-05
0.00031505
0.00758483
0.000325434
0.00681673
-0.0069279
-0.00721056
0.00568995
-0.00515252
-7.19211e-05
-0.00377523
0.00222443
0.00205555
0.0039471
0.000356711
-0.00408734
0.000538176
-0.00467026
0.0012704
-0.00204976
0.000347093
0.000154011
-0.00707387
0.00661498
-0.000706032
0.000186168
0.00244519
-0.00384999
-0.000519973
-0.00498907
4.29522e-05
-0.00500395
0.000882213
-0.000473003
0.0035107
-0.00423655
-0.00439669
-0.0020876
-0.00283799
0.00371775
0.00176507
0.000552838
-0.00603564
0.00124273
-0.00166123
0.00458101
-0.00416249
-0.0045462
0.00448971
0.00126801
-0.000216133
-0.00558095
0.00544446
0.00171374
-0.000163826
0.00440868
-0.00483172
0.00542958
-0.000796987
-0.00526019
0.000267665
0.00375579
0.00140612
0.00111977
-4.8126e-05
0.00580567
-0.00120592
0.00450866
0.000386927
0.000883157
-0.00239548
0.00695679
0.00510632
-0.000865403
-0.00335774
0.0056296
0.00546372
-0.00139882
-0.00421446
0.00106157
0.00435404
0.00402463
0.000950416
1.21705e-05
0.00633208
-0.00114805
-0.00519619
0.000647236
-0.00410767
0.00360744
-0.000147002
0.000830705
0.00521117
-0.006272
0.00624916
0.000602591
-0.00697303
0.00579884
0.000881767
-0.00596958
0.00463311
0.000454701
0.00653444
-0.00593768
-0.000207365
0.00612968
-0.00639173
0.00589618
0.00556109
0.0069399
-0.00722536
0.00699609
-0.00726335
-0.00524769
0.00675774
-0.00090746
-0.00545841
0.00104698
-0.000531013
-0.0014333
-3.82286e-05
-0.00309977
0.0045713
0.000519101
-0.000352954
-0.00682258
-4.05424e-05
-0.00265834
-0.00180804
0.00185283
-0.000733667
0.00345604
-0.000992469
-0.00452877
0.00206522
-0.00116072
-0.00044815
0.00487783
0.000676649
-0.00603228
0.00434293
0.00245841
0.00570901
-0.00537437
-0.000971934
0.000712424
-0.00551503
-0.000110602
0.00491321
0.00121681
-0.000840787
-0.000990074
0.00110034
-0.00747898
0.00565711
0.000566235
-0.0057889
-0.000271175
0.00462678
6.16283e-05
-0.00115489
-0.00469563
-0.00831665
0.000573945
-0.00174103
-0.00146964
0.00152559
-0.00121031
0.00144663
0.00117697
0.0030064
-0.00563001
-0.00130891
0.000682661
0.00465313
-0.00388916
-0.00122153
-0.00452706
0.00367503
0.00207355
0.00594433
0.0018422
-0.000434542
-0.00116083
-0.00531661
0.00482215
-0.000474838
0.00427474
-0.00593081
0.00327315
0.00116458
-0.00356244
0.00534133
-0.00561043
0.00683942
0.00557087
-0.000137133
-0.00043456
0.00085535
0.00432591
-0.000758202
0.00644682
0.00609387
0.000431649
-0.000726456
-0.00532282
0.000703617
0.00507586
-0.00454407
-0.0012354
0.000603245
-0.00523333
-0.000884937
-0.0051773
-0.000432339
-0.000901828
0.00560206
-0.00124418
-0.00568835
0.00393081
0.00266485
0.000233294
0.000304789
0.00453639
-0.000883243
0.00423938
4.42975e-05
0.000707792
0.00495692
6.3137e-05
-0.000962241
-0.00513317
0.00310984
0.00680594
0.00659425
-0.000885295
-0.00161953
0.00142801
0.00404942
0.000122404
-0.00411169
-0.00340083
-0.000899096
0.000452943
0.00550282
0.000376314
-0.00624543
-0.00248438
0.0065587
-0.0055036
0.011649
-0.00901067
-0.00413664
0.00977591
-0.00522468
0.00909351
0.00823924
3.90316e-05
-0.00459353
0.00906737
0.00378697
-0.0089712
-0.00382644
-0.011159
-0.0025588
-0.00497227
0.0112632
0.00948844
-0.00348468
-0.00379489
0.0106087
0.0114667
-0.00569267
0.010703
-0.00530404
0.00798765
-0.0118558
0.00658974
-0.0164728
0.000566008
0.0117918
-0.00852941
0.00621596
-0.00261019
0.00884655
-0.00853236
0.00670285
5.87203e-05
-0.0112087
-0.0107357
0.0109247
0.00990968
-0.00322799
0.00965118
-0.00947172
-1.92695e-05
0.0157634
0.0140499
-3.01492e-05
0.00783682
-0.00947575
0.00929756
0.00862063
-0.00926315
5.14254e-05
-0.00946027
0.00420083
0.00329956
0.00430606
-0.000329668
0.0034621
0.00580364
-0.00704514
-0.00249801
-0.00280741
-0.000150825
0.00820284
-0.00319711
0.00331682
-0.0112289
0.0111092
0.00549727
0.00633915
-0.0154742
0.00363778
-0.011772
0.00852084
0.00180893
0.00158975
-0.0108665
0.0111041
-0.0143933
-0.0118972
0.00764857
0.00699908
0.00712118
0.00927684
-0.00542197
0.00535362
0.00722471
0.00669901
-0.00122567
-0.00341403
-0.0121652
0.00204392
0.00509475
0.00480967
-0.0124213
0.00641085
0.00535736
-0.0104624
0.0130866
0.00266747
-0.00759185
-0.0081622
0.00433304
0.00444887
-0.000936852
0.00882355
0.00523935
-0.013126
2.40335e-05
0.00384849
-0.0102505
0.00637802
-0.00562943
0.00701818
-0.00770253
0.00654556
0.000772814
-0.000300195
0.00418068
-0.00364446
0.0137892
-0.00881693
-0.000791589
0.0137911
-0.00016027
5.84406e-05
-0.0127385
0.00772802
0.00495208
0.00341835
-0.00237025
0.00980192
-0.01085
0.0103387
-0.0102579
0.00595016
0.00818188
0.00270257
-0.00304776
0.00789224
0.00405137
-6.74282e-05
0.00536615
0.00550237
0.0077268
-0.00221697
0.0112882
-0.00398263
-0.00564986
0.0112289
0.00384556
0.00571375
-0.00526724
-0.00584663
0.000314593
0.00426798
0.00669039
-0.011273
-0.00873465
0.00901688
0.0076987
0.000975085
0.0111709
-0.000389693
0.00481707
0.00798349
0.0106524
0.00679345
0.00397622
-0.00839737
0.00419804
0.00419933
0.0159032
-0.00205714
0.00615882
0.00421126
0.00368923
0.00466882
0.00898716
0.00115194
-0.00945476
0.00438779
0.00336067
0.00170629
-0.011238
0.00920529
0.00137108
0.000661654
-0.0100135
-0.0160052
0.0161735
-0.00854311
0.0140599
-0.00172981
-0.00164223
-0.000941846
-0.002598
0.00287625
-0.00768426
0.00740601
0.0026085
0.0103045
-0.00389589
0.000379817
0.0112268
-0.00771074
-0.00283053
0.0118697
-0.00856632
-0.00047285
-0.00995347
-0.00284953
0.00563053
-0.0106244
0.00499385
0.00707187
-0.0027093
0.0104296
-0.0147921
0.0136991
-0.00496461
0.000489765
0.0049905
0.00821888
-0.00971894
-0.00685056
0.0106487
-0.00315454
0.00574094
0.0105118
-0.002997
0.00553021
-0.0154603
0.0151821
0.0147527
-0.0147136
0.0046727
0.00110616
0.00593069
0.011431
-0.00428003
0.00535702
0.00210882
-0.00496209
0.00839437
0.00010118
-0.00986876
0.00361121
0.00856217
-0.00230462
0.0138136
-0.0115677
-0.000126041
0.0119766
0.00416378
-0.0160144
0.0120695
-0.000765688
-5.43577e-05
-0.0112495
-0.00971037
-0.00306101
0.00296253
0.0104767
0.00500002
0.000692841
0.00960002
-0.00630988
0.0148275
-0.00446772
-0.00923991
-0.0011199
-0.00755657
0.00576891
0.0148568
-0.00299747
0.00504097
-0.0160521
0.0166736
-0.0101629
0.0105752
-0.0102839
0.0110164
0.00151428
-0.0140137
0.00221551
0.00824006
-0.00738393
0.00595458
-0.00571207
0.00033725
-0.0105564
-0.000377729
0.000470172
-0.00532141
-0.0069705
0.0118217
0.00484093
-0.00955123
0.00534878
-0.000638479
0.00659077
0.0136774
-0.0107726
-0.00119364
0.00359165
0.0116271
-0.0127332
0.00136939
0.010977
-0.00527455
-0.00951998
0.0021231
-0.00203215
0.0115361
-0.000507101
0.00213441
-0.00691429
-0.00479932
0.013551
0.00433496
-0.0099653
-0.000386937
0.0109156
0.00950718
-0.0179286
-0.000343877
0.0137561
-0.0104175
-0.00813058
0.0135818
-0.000118422
0.0108852
0.0123377
-0.0123252
-0.000990671
0.00422675
0.00888822
-0.0121243
0.00296308
-0.00377403
-0.0104473
0.0117402
0.00977194
-0.0159697
0.00625623
-0.00858357
0.00782035
-0.00895523
0.00897121
-2.64515e-06
-0.0139451
-0.0125602
0.0125773
-0.00293445
0.000689843
-0.0104939
0.00560981
-0.00191998
0.0071711
-0.0087987
-0.000323237
0.00282413
0.00629781
-0.00358994
-0.00426031
0.00900219
-0.00221306
0.00148417
0.0142734
-0.0143617
-0.00514342
0.00733881
-0.00773823
-0.00651209
-0.00160944
-0.000496878
0.00604207
-0.0126473
0.0071021
0.000989108
-0.0160719
0.00359131
0.0114915
0.0157881
-0.00494419
-0.0101017
-0.00900566
-0.0113332
0.00433368
-0.0114357
0.008225
0.0113956
-0.00818491
0.00229849
-0.0120669
0.000813201
-0.00427348
-0.0126178
-0.00797305
0.0126051
0.000721532
0.00450579
-0.0118591
0.00719306
0.0152594
-0.0152349
0.0131095
-0.00131595
0.00202316
0.00386118
0.00127531
-0.011414
-0.0150812
0.0107656
4.2169e-05
-0.000705859
0.00210042
-0.00934398
0.00794942
-0.0166186
-0.00128127
0.00533962
0.0105985
0.00620721
-0.0104049
0.00216416
0.0077537
-0.00915426
0.000335744
-0.00602123
0.00886293
-0.00317744
-0.000209813
-0.0113678
0.00864316
0.001391
-0.00523007
0.00128988
-0.00475833
-0.00446464
0.00147934
0.000222862
0.00611889
-0.00591591
0.00824419
-0.00844717
0.00548107
0.0054345
0.00371585
0.00179117
0.00802845
-0.00362582
-0.00311275
0.0026496
0.00677417
-0.00938733
0.00586688
0.00311271
0.00040775
-0.00931065
-0.00243332
-0.0017225
-0.00938067
-0.000575184
0.00147201
-0.0123848
0.011488
-0.0016379
-0.011491
0.000264484
0.0128645
-0.000478296
-0.00862479
0.0103682
-0.0012651
-0.00942144
0.004131
0.00321851
0.00207193
-0.00941645
-0.00852366
-0.000118787
0.000819125
-0.000443351
-0.00674758
0.00929136
0.00678715
0.000856368
0.000110181
-0.0142013
0.00158243
0.0113029
-0.00918232
-0.00121509
0.00873453
-0.00711705
-0.0104003
0.0109798
0.00015956
-8.23744e-05
0.00865735
0.00286401
0.00930373
-0.0113545
-0.00708743
-0.00105097
0.0152991
-0.00874682
0.00633624
-0.009032
0.00237253
-0.00931974
7.20352e-05
0.00940727
-0.0117239
0.0171387
-0.00334566
-0.00206911
-0.00406538
-0.00758181
0.00236732
-0.0118067
0.0116557
0.00828903
0.000504623
2.24298e-05
-0.0088391
0.00967304
0.00463672
-0.00794654
0.019213
0.01475
-0.00271261
-0.00740064
-0.0118486
0.00734121
0.00389197
0.000615402
-0.00801368
0.00884607
-0.0149713
0.0149529
-0.00321829
-0.00302048
-0.000713517
0.00825802
0.00643982
-0.0139843
0.00152459
-0.00778267
-0.00705965
0.0133177
0.000114994
0.0115634
0.000207322
0.00718171
-0.00119548
0.0129813
-0.00445821
0.00102392
-0.0108258
0.0168096
-0.00703477
0.0152333
-0.00495195
0.00478074
0.0124442
0.00158845
0.00887512
0.00153032
0.00111411
0.00470615
0.00246466
0.00850465
0.00870997
0.0130927
-0.0134813
0.00740797
-0.0094547
0.00654507
0.00846419
-0.00775091
-0.00563774
0.00523331
-0.0089134
0.00864126
-0.00459435
0.00450885
0.0133727
-0.0132056
0.0125184
-0.00808579
0.000491092
-0.00423906
-0.0028561
-0.00744964
-0.00381348
0.0141192
0.0102233
-0.0111473
-0.00118537
-0.00464336
0.000751291
-1.71652e-06
0.00593225
0.00823494
0.00751446
-0.00637484
0.00409659
-0.00853343
0.00813397
-0.00108384
0.016218
-0.00665676
-0.00847742
0.0154785
-0.0152895
-0.0116817
-0.0058278
0.0163241
9.21459e-05
-0.00209486
-0.0147489
0.00787267
0.00897113
-0.00392691
0.00303094
0.00494002
-0.0136338
0.00888914
-0.000195384
-0.0107861
0.00770918
-0.00588977
-0.00339121
0.0144258
-0.00514484
-0.000401686
0.0130519
-0.00741108
-0.00523918
-0.00520562
0.0116067
-0.00925722
0.0115743
-0.00660973
0.00155998
-0.00378739
0.00314633
-0.00995303
0.0103105
-0.00650089
0.00842396
0.00258421
-0.00328015
-0.00965961
0.00184858
-0.000459478
0.00502301
-0.0036471
-0.00478596
0.00912591
0.00543918
0.0037987
-0.00374387
-0.00106589
0.0108087
-0.00818856
-0.00329172
0.0124379
-0.000957642
0.00584705
-0.00674273
-0.0107162
0.0098644
0.00381478
-0.00243618
-0.00348816
0.00959941
-0.0103838
0.00788465
-0.000429686
-0.00887915
0.000163306
-0.00641273
-0.0123754
0.0138562
-0.00401429
0.0116448
0.00031169
-0.00794217
-0.00774265
0.00791328
0.00132908
0.00706257
-0.00869184
-0.0137189
0.000475769
0.0107374
0.00292757
-0.0114495
-0.00653391
0.0139055
-0.00537764
-0.00851359
0.00348426
0.010407
-0.0100873
0.0063239
0.0110391
0.00310822
-0.00934021
0.00130519
0.000651091
0.00882441
9.86033e-05
-0.00903553
0.000112518
0.0117815
-0.00711861
-0.00126344
-0.00875184
0.00623635
0.011582
-0.00839592
-0.00765965
-0.00907117
0.00625445
0.0122698
0.00648527
-8.82663e-05
-0.00016065
-0.00942613
0.0059522
0.000138777
-0.00153897
-0.00687364
0.00855139
-0.0101297
0.0100669
-0.0061911
-0.00128903
0.0130538
-0.00640156
0.00365823
-0.00885887
-0.0103552
0.014885
-0.0138392
0.00698006
-0.00633038
0.000281049
-0.00791655
-0.00469015
0.0123257
-0.001162
0.00548957
0.00951706
-0.0138446
0.00486414
-0.0139592
0.000831372
-0.00480794
-0.00141976
0.00545591
0.00783157
-0.00746114
-0.0117549
0.000600028
0.00036884
0.00387627
-0.00517738
-0.00652688
-0.00575948
-0.0135782
-0.0068834
0.0011267
-0.0055008
0.0112575
-0.00469794
0.00403859
0.00277806
-0.0122344
-0.00421469
0.013671
0.00532755
-0.0038178
-0.014539
0.0144563
0.0120195
0.000288069
-0.0148001
-0.00526017
0.00556
0.00742146
-0.0117628
-0.00254201
0.0189087
-0.0185493
-0.00583991
-0.00760556
0.0136088
-0.00484063
0.00562204
0.000417477
0.00227865
0.00841575
-0.0152125
0.00195617
0.0110919
0.00624144
-0.00325668
-0.0101886
0.0154065
-0.00847454
-0.00410801
-0.00035641
-0.00209462
0.000223043
-0.00692922
0.0111708
-0.00459509
-0.000416622
-0.00295702
-0.0115461
-0.000595086
0.00622529
-0.0050687
-0.00441424
-0.00424707
0.00824469
0.00663654
0.00348823
-0.000655135
-0.00237553
0.0211961
-0.00627954
-0.00857686
-0.0103873
-0.00525773
0.00453308
-0.00277449
-0.0063159
-0.00766744
-0.00169466
-0.00848265
0.00103221
0.0102222
-0.00740596
0.00256097
0.00265192
-0.00558342
0.000395868
0.0085996
-0.00813078
0.000366335
-0.00690592
-0.00591058
0.00743345
0.0160468
-0.00524242
0.00323029
0.000813476
0.00101988
-0.0110873
-0.000808522
0.00323998
-0.000995838
0.0116331
0.000455603
-0.0110929
-0.0102867
-0.00478643
-0.000143215
-0.00094273
-0.0145233
-0.00100921
0.00215749
0.00491556
0.00561631
0.00360944
-0.00280771
0.0050633
0.00288472
0.0054968
-0.00343491
0.00746924
0.00582794
0.00245376
0.00420696
0.00191236
-0.00293937
0.00481658
0.00311432
0.00487275
-0.0080665
-0.00513318
-0.00202627
0.0152259
-0.0126699
-0.00597469
0.00969262
0.000806292
-0.00960182
0.00918669
0.00294521
-0.00268887
-0.0127264
0.000723538
-8.98824e-05
0.0139366
-0.0134274
0.00332029
0.00101454
-0.00426821
-0.00149213
0.0029145
0.00231548
-0.0129115
-0.000120217
0.00198294
0.00223942
-0.000309322
-0.0125814
0.00205119
0.01041
-0.00625051
0.00271184
-0.00782951
-0.0040302
0.0105707
-0.00357238
-0.00886385
0.0107416
-2.30459e-05
-0.0046199
-0.00905367
0.0131235
-0.0155749
0.00822722
0.0052422
-0.00170036
-0.0135182
-0.00240939
0.0180811
0.000894315
-0.00320588
0.0028155
-7.2545e-06
0.013998
-0.001304
-0.00371144
0.0128475
-0.00709239
0.00710273
0.00293222
0.0109102
-0.00334918
-0.00788987
0.0137966
0.00239777
-0.0117435
0.0105711
-0.00848383
-0.0128419
-0.0112613
0.0127355
-0.00691104
-0.00370639
0.0135497
-0.00869353
0.00353922
-0.0038263
0.0113873
0.00712566
0.00221609
-0.0104789
0.00416511
0.00487809
0.00577177
0.00632349
0.0108762
-0.00948997
-0.0130993
0.0117851
0.00289659
-0.00509623
-0.00775571
0.00294481
-0.0156414
0.00567581
-0.0146437
0.00101525
0.00971232
0.00391613
0.0028681
-0.0147762
0.00937522
-0.0105669
0.00388227
0.00490558
-0.0117939
-0.0083749
-0.00138503
0.000724398
0.0117039
0.00574192
0.0139147
0.00973335
-0.00245245
-0.0017841
0.00349398
0.00695288
-0.00775967
-0.00595708
0.0138034
-8.66184e-05
0.00865846
0.0124123
-0.00426403
0.0123472
0.00407652
0.010775
-0.00460498
0.00617715
-0.00553814
-0.00185737
0.0113717
0.00964468
-0.00788416
-0.00877373
0.014341
0.0023169
0.00382139
0.00944544
-0.00413442
0.00446618
0.0127932
-0.0131249
-0.00211607
0.0128903
0.00955866
0.000326511
0.00285342
0.00513366
-0.000327561
-0.00835991
0.0113993
-0.00798765
-0.00067591
0.000152377
0.00718344
-0.00614996
-0.0128999
0.00103434
-0.0046291
0.00940145
0.0085832
0.00483308
-0.00175734
0.00282024
0.0105114
0.00554709
0.013543
0.00932489
-0.0117736
0.00381237
-0.0112907
0.0144374
0.000835105
-0.00252124
-0.00902953
0.0123859
-0.00686522
0.00603478
0.00478698
-0.00563364
-0.00895997
0.0145037
0.0132436
-0.0159914
-0.00498403
0.0103465
0.0106289
0.0128974
0.00187238
0.0107137
0.00473608
0.00164335
-0.00217769
0.00752266
0.00536876
0.00597634
-0.00405449
-0.00307908
0.0120117
0.0040726
0.00840198
-0.00468737
0.00684135
-0.0141082
0.0105909
0.00811709
0.00545254
0.0104594
0.00466093
0.0121754
0.0088512
-0.01114
0.00379459
-0.0137533
0.00619795
-0.00276015
-0.00599311
0.0095153
0.00444407
0.010791
0.00203721
0.00200673
0.00674709
-0.00276927
0.00800374
0.00910652
-0.00980758
-0.00602962
-0.007032
0.0152777
-0.0074966
0.0176018
-0.00919934
-0.000905897
0.00772606
0.00815172
0.0152151
0.00561119
0.00780645
-0.00293911
0.00964062
-0.0144309
-0.0075935
0.00754518
0.0144793
-0.00856558
0.00476
-0.00206624
-0.00545211
-0.0150316
-0.00307976
0.00861277
0.00949859
-0.00877187
-0.0030027
0.00872987
0.0118747
0.0057326
0.0083018
-0.00776225
0.0153672
-0.00495184
0.0115743
0.00534892
-0.0172238
0.00887221
-0.00215064
0.0154096
-0.00688251
0.0173511
0.00982792
0.0118198
0.00889631
-0.0011084
0.00104155
-0.000160766
-0.00164073
-4.52871e-05
0.000370227
-0.00124237
-2.46701e-05
0.000991922
-5.31862e-05
-0.00081817
-0.000460216
-0.000751811
0.00117359
1.12442e-06
-0.00162372
-0.00219662
0.000724836
-0.00110168
-0.000374972
-0.000347813
0.000663542
0.00117777
0.00165204
0.00164834
0.00115918
-0.000574685
-0.00206238
-0.00119387
0.0014205
0.00137136
-0.000679609
-0.00306591
0.000831124
0.000975613
-0.00242643
0.00175492
0.000713124
-0.00446756
0.00229508
0.00138618
0.00136273
0.000677929
0.0021857
0.00114093
-0.00105416
-0.00302416
0.00015808
0.00392026
-0.00510341
0.000295229
0.0032111
0.00360416
0.00164072
-0.00229186
-0.00386413
0.00104657
-0.0121796
0.0125004
0.000699546
0.000686863
0.00207215
-0.0110758
0.00113223
-0.00244122
-3.00551e-05
0.00353593
0.00954365
-0.00383063
0.00351905
0.00183376
0.00680968
0.00293083
0.00974141
-0.00755804
0.00752895
0.0088936
0.00353867
-0.0037037
0.000938826
0.00441055
-0.00318056
0.000626084
0.00153078
0.00292971
0.00100443
0.000487753
-0.00191013
0.00146565
-0.00155798
-0.00159341
0.00263498
-0.000472705
-0.00145731
0.000452319
0.00147769
0.00208113
-0.00418778
0.000276987
0.00182966
-0.00123287
-0.00136062
-0.00144171
0.00030144
-0.000307303
0.000668639
0.00166526
-0.0020266
0.000923306
-0.00120031
-0.000281826
0.000368128
-0.00248836
0.00189276
-0.00173999
0.00167096
0.00136547
-0.00101531
-0.000611034
0.00104406
-0.00198203
-0.000894063
-0.00352644
0.000984502
-0.000206979
0.000427453
-0.00234299
0.000654955
0.00126058
0.00146991
-0.00322598
-0.00026695
0.00202298
0.00250144
-8.16824e-05
0.00314065
-0.000864675
-0.00219432
0.00438913
-0.00444732
-0.000497507
0.00268384
0.0025149
-0.00271182
0.00011521
0.000717766
0.000320917
-0.00215711
0.000794922
1.60267e-05
0.000824371
0.00212021
0.000865516
-0.00222139
-0.00114474
0.0017804
-0.00258089
0.00344832
-0.00264782
0.00128119
0.000129066
-0.00583147
0.00288886
-0.00128093
-0.00263183
-5.14865e-05
-0.00100084
-0.000900368
0.00319005
-0.00145627
-0.000833412
0.00202741
0.00221839
-0.00143862
0.0020948
-0.00478683
-0.00144178
-0.00158772
-0.00151787
-0.00109917
0.000715814
0.00152728
-0.000290639
0.0016753
-0.00291193
-0.000586871
-0.000491428
-0.000603378
0.00176063
-0.000795634
0.000843151
-8.28844e-05
-0.000819857
0.00357097
-0.00263215
0.000400703
0.00436271
-0.00225041
0.000106063
-0.00105497
0.00226537
-0.00394949
0.00273905
0.00313774
8.00068e-05
0.000635011
-0.00385278
-0.00230974
0.00197695
-0.0017245
0.00225319
0.002624
-0.00315271
-0.00652859
0.000595261
-0.00153521
0.0020124
-0.0105413
0.00571996
0.000355767
0.00446556
0.00641862
0.00623033
-0.00585698
0.00241698
0.00363256
-0.00537531
-0.00158963
0.00691575
0.000477126
0.00100344
-0.00602981
-0.00895119
0.00442796
-0.00761045
0.00240964
0.000608809
0.00406539
-7.08392e-05
0.00322903
0.000224616
0.000914257
-0.0009704
0.000781401
0.000767112
-0.00123177
0.00193595
0.000511433
-0.0019189
0.00110255
0.00064527
-0.000325016
-0.00108431
0.00235647
0.00110645
-0.00424745
0.00312312
0.00163281
-0.00138201
0.00186692
-0.000640962
0.00213304
-0.00258992
0.00346826
-0.00153643
0.00262686
0.000260807
-0.00961666
-0.00777852
0.00140933
0.0161106
0.00708913
-0.00183891
-0.0046624
0.00392537
-0.00798523
-0.00559516
-0.00274062
0.016321
0.00788873
-0.00921619
0.014013
0.0033598
-0.0128321
0.00946508
0.00904205
0.00533487
-0.00987111
0.00645225
0.00963164
0.007188
0.00705975
0.000231511
0.00639802
-0.0122673
0.0120466
-0.0023062
-0.000932222
0.0120841
-0.0112257
7.38213e-05
0.0124093
-0.00953767
0.00431638
0.00868365
-0.00957152
-0.000464049
0.000489968
-0.0017297
0.00950562
-0.0106202
-0.00443826
0.0145856
0.00807049
0.00651138
-0.00625803
0.00181961
-0.0106525
0.0150909
0.00685856
-0.0181198
-0.00198215
-0.0120398
0.00984197
0.00417995
-0.0118003
-0.00274504
-0.0119767
0.00488225
-0.00136797
0.0118409
-0.0161054
0.00432108
0.0117543
0.0126407
-0.00493707
-0.0071444
0.00400221
0.00801521
-0.00674407
0.00133736
-0.0102182
-0.0130378
0.0151255
0.0131833
-0.00570161
0.00515907
-0.00858852
-8.62441e-05
0.0087468
0.00624834
0.00349778
0.00471418
-0.0144603
0.00670061
-0.000704242
0.0111402
-0.000954082
-0.00544456
0.00587966
0.00618071
0.00334926
0.00588527
0.00918276
-0.0119698
-0.0160008
0.0171949
-0.00925692
0.0143714
0.00406833
-9.82525e-05
0.00337299
0.00880937
0.0125113
0.00238977
-0.0109112
-0.00179474
0.0103162
0.0107721
0.000441057
-0.0101401
0.0140324
0.00374088
-0.00970077
0.00605799
-0.014606
-0.0052337
0.00524911
0.00288863
0.00402442
0.00366211
-0.00134624
0.0106343
0.00148408
0.0010717
0.00819829
0.0063928
-0.0029574
0.0104391
0.000533559
0.00472803
0.000568741
0.0108517
-0.000443396
-0.0109105
0.000465022
-1.10125e-05
0.0104565
0.000785568
0.00326343
-0.00446693
0.00575168
-0.00562226
0.00250789
0.000270846
-0.0138009
-0.0054103
0.00601242
0.0131988
0.00576589
-0.000578301
-0.0109346
0.0126685
0.0219499
-0.0222244
-0.00441258
0.0145014
0.00322242
-0.0133112
0.00462847
0.0142187
-0.00171158
-0.0136356
0.012342
0.00443521
0.0027339
0.00630707
-0.00368276
0.0118771
0.0134706
0.00607201
-0.00127522
-0.00636341
-0.00550188
0.00318436
-0.00389295
-0.00687755
0.00710665
-0.010838
0.00814133
0.000757196
-0.00586399
-0.00548108
0.0105879
-0.00188976
0.000274736
0.0150856
-0.00216066
-0.0111171
0.0165002
-0.00193684
0.0124554
-0.00147652
0.00947494
-0.0100042
-0.00103045
0.0123365
-0.00738882
-0.00391718
-0.012578
0.0127744
-0.00210819
-0.00728548
0.00490122
-0.00302172
-0.012542
0.00809603
0.00367683
-0.00415453
0.00396754
0.00492628
-0.00346542
0.00232649
-0.00378732
0.00399329
0.00299929
-0.00150853
-0.00641133
0.00225797
0.00373278
0.00471663
-0.00161563
-0.00645104
0.0030545
0.00217331
-0.00165587
-0.00410567
-0.00587436
0.00295898
0.00227458
0.000640824
0.00384777
0.00445688
-0.00223652
-0.000265996
0.00287047
-0.00914008
-0.000481136
-0.00403783
0.00440482
0.000765747
-0.00614064
0.00469148
-0.00446003
0.000193035
-0.00333068
-0.000837969
0.0039756
-0.00475757
0.00334788
0.000316766
0.00489728
-0.00509112
0.00455751
-0.00513533
-0.00302111
0.00638998
-0.00245509
-0.000913789
0.00379455
0.00449722
-0.00420596
0.00494449
-0.0010897
0.00274196
0.00162017
0.00448609
-0.00462702
0.00108403
0.000228881
-0.00279189
-0.00409896
0.00358053
0.00331031
-0.0055738
0.00445927
-0.00374825
-0.000291396
0.000166909
0.0017229
-0.00826398
-0.00902326
0.00354268
-0.0107299
0.00310011
0.000831364
-0.000795613
0.000974072
-0.00100984
-0.00187062
-0.000467331
-0.000607017
0.00942939
-0.00835505
-0.000693485
0.00705957
-0.00432051
0.000230328
-0.00667077
0.00713568
0.00504086
0.000150926
-0.0048146
0.00531274
-0.00301052
-0.00851146
-0.00386266
-0.000922841
0.00329139
-0.0114497
0.00420192
0.00546598
0.00585267
0.000534217
-0.0078236
-0.00142121
-0.0039053
-0.0108461
-0.00450582
-0.00380266
0.000852446
-0.00382204
0.00896257
-0.00754338
0.0195952
-0.0119548
0.00279766
0.00278728
-0.0065953
0.00808912
-0.00414682
0.00440479
-0.00213886
-0.00640538
0.00634637
0.00524165
-0.000923443
-0.00285611
0.00298503
-0.00609932
0.00486171
0.00495416
-0.000779829
0.0026672
0.00412125
-0.00313275
0.00269205
0.000552685
-0.00646163
0.00136902
0.00201214
0.00259334
0.00360554
0.00392424
-0.00590209
-0.00162771
-2.58699e-06
-0.00293189
0.000965473
0.00159158
0.00254096
-0.00283888
-0.00110156
0.000171088
0.00491238
-0.0044517
-0.00180855
-0.00159787
0.00594738
0.00358251
-0.00631807
0.000144123
0.00259143
-0.00352565
0.00650344
-0.00130135
-0.00167645
-0.00370673
-0.000601084
0.00307637
0.00131112
0.0052706
0.000994682
-0.000909568
-0.00294194
-0.00079024
0.00326312
-0.00790711
-0.00394884
0.00265026
0.00110612
0.00473638
-0.00542584
0.00187548
0.00230403
0.00107499
-0.00694703
-0.000511867
0.00466743
-0.00574723
-0.00452969
0.00288691
0.00481669
-0.00519433
-0.0047738
0.00323528
0.00264185
-0.00373316
-0.0035144
0.00460571
0.00729997
-0.005444
-0.000109016
0.00317492
0.000805371
-0.0042299
-0.00207834
-0.00435301
0.00247448
0.000705331
-0.00670344
0.000718758
0.00368925
0.000125824
-0.000912915
-0.000627151
-0.000447675
-0.00128235
-0.00465088
0.00492676
0.000567714
0.00511731
-0.00201701
-0.00199991
-0.0109895
-0.00926061
0.00523974
0.00149822
-0.00421796
-0.00258826
-0.00268624
0.00173337
0.00160865
-0.000655773
-0.000343522
0.00260307
-0.00277141
0.00113
-3.13899e-05
0.00126367
-0.000785098
-0.000459256
-0.00144123
0.00115177
-0.00340883
-0.00128541
-0.00128366
-0.00152928
-0.00146227
-0.000194169
-0.0011533
0.0011688
-0.00616595
0.000918636
-0.00583243
0.00637504
-0.000675426
-0.00586357
0.00794656
-0.006357
-0.00150994
0.00426722
-0.00614008
0.00521244
-0.00350196
0.0048063
-0.00613608
0.000975621
0.00443722
0.00224923
-0.00349477
0.0021118
0.00528818
0.00246483
0.0052195
-0.00154335
-0.000492875
-0.00386317
0.00340591
0.00783961
-0.00633518
-0.00170534
0.00421066
0.000983934
-0.00064512
0.00469802
-0.0028915
-0.00116134
0.00398703
0.00399158
-0.0054952
0.00345894
0.00459782
-0.000914131
-0.00200601
-0.00434413
-0.00143265
0.00541209
-0.00597904
0.000739861
0.00415189
0.00277805
-0.00665256
-0.000277388
0.00454283
0.00238798
0.00238488
-0.00427441
-0.00266167
0.00459999
-0.00223044
0.000328373
0.0045735
-0.000223236
-0.00171797
0.000423399
-0.000911796
0.0036296
0.000971324
0.0143193
-0.00433163
-0.023945
0.00152557
0.00358948
0.00177673
-0.000637236
0.00391916
-0.02031
0.000672077
-0.00147036
-0.00599307
0.000171271
0.00324498
0.00159782
0.00374124
0.00269962
-0.000299327
0.0056121
-0.00461435
0.000393596
0.00201186
0.00613502
-0.0016139
-0.0035954
-0.00184647
-0.00322413
0.00461527
-0.00203477
0.00196251
0.00305311
-0.00508426
0.00280143
0.00233871
-0.00867827
0.00558031
0.00518114
-0.00652994
0.00698438
-0.00086971
0.00527204
-0.00384426
0.00015746
-0.00671835
0.0065729
8.12665e-05
0.0011794
-0.00157382
0.00519543
-0.00494754
0.000869779
0.00649433
0.00734271
2.4263e-06
-0.00781029
0.000589669
0.00156708
-0.000902915
0.00188384
-0.00134233
0.00340837
0.00361871
-0.00525285
0.00299866
-0.00136452
0.000280226
0.00739257
-0.00652615
0.00752458
-1.77368e-05
-0.000980701
0.00636731
-0.0017117
0.00396153
0.00315148
-0.00328474
0.00534662
-0.0008238
-0.0042855
-0.000237307
-0.0039303
-0.00664028
0.00135091
0.00448037
-0.00214383
0.00441715
-0.000664226
0.00321636
-0.00281634
-0.00383177
-0.00300927
-0.00285125
0.00312996
0.00673077
-0.00700944
0.000412973
6.37629e-05
0.00336721
0.00851775
-0.00676422
-0.00319102
0.00160955
-0.00083391
-0.000462152
0.00107959
-0.00179547
0.00631234
0.000695629
0.000642022
-0.00381427
0.00321683
-0.00365146
0.00456556
-0.00488951
0.00465996
0.000218492
0.000107794
0.00765802
-0.00262244
0.00376116
0.00328939
-0.00211784
-0.00376896
-0.00114223
-0.000573939
0.00198954
0.00217098
-0.00259405
0.00050263
-7.95546e-05
-0.00263253
0.000751206
0.00142331
-0.00101722
-0.000286884
-0.00336274
0.0035542
0.000923462
-0.00217937
0.00281717
-0.00156128
-0.00201215
0.00141007
0.00110262
-0.000500581
-0.000998978
-0.000811006
-0.000982561
-7.51726e-06
0.00198533
-0.000564484
0.00138802
-0.000234946
-0.00194759
0.000794507
0.000913413
-0.0106806
0.00875807
-0.00665275
0.00741243
-0.00142741
-0.00461586
-0.000686024
0.00672928
0.00519283
-0.00721629
0.00575551
-0.000117376
0.00517336
0.0031321
0.00670096
-0.00275172
-0.00524181
-6.33952e-05
0.00700027
-0.00607955
-0.00811193
-0.0013483
0.00388468
0.00557554
0.0070903
0.000396794
-0.00073413
-0.00012022
0.00206179
0.00177264
-0.00216703
-0.00566912
0.00111053
-0.00543651
0.00583141
-0.00142618
0.00068905
0.0036401
-0.002903
0.0043742
0.00365892
-0.00291854
0.000912486
-0.0090407
0.000164541
0.00404248
0.00483367
-0.000529624
-0.00432827
0.00247663
0.00238127
-0.00426467
0.00370492
0.00307742
-0.00251763
-0.000180396
-0.00533234
0.00332905
0.00218364
-0.00476088
0.00396788
0.00167895
-0.000886024
0.00108282
-0.00350095
0.000693557
-0.00290736
-0.000734503
-9.96181e-05
0.000482795
0.000822858
0.00290504
-0.00442819
0.00589268
0.00523647
0.00205635
0.00154371
-0.000134908
-0.000726617
-0.000263137
-0.00294187
0.00393161
0.00540991
0.000347194
-0.00262713
0.00730349
-0.00633536
-0.00468588
-0.00154066
0.0048176
0.00140893
-0.00509141
0.0067662
0.00373514
-0.00220468
-0.00250764
-0.00276469
0.00233613
0.00193043
-0.00432981
0.00684277
-0.00444338
-0.00164926
-0.000661206
-0.000516702
0.00282717
-0.00291385
0.00297519
-0.00300264
0.00317869
-0.00221516
-0.0028105
0.00107596
-0.000232132
0.00106137
-0.00118511
0.000962492
0.000402332
-0.000710318
-0.00216315
0.00129223
0.00110479
0.00379675
0.00103126
0.00467163
1.99585e-05
0.0038051
0.000416692
0.000889987
-0.00370867
0.0022412
0.00616551
-0.00571767
0.00593793
-0.000306047
0.00546121
-0.00543512
0.000279964
-7.89748e-05
-0.00565062
0.00563219
-0.00270663
-0.00283855
-0.000105446
-0.00774569
-0.000999349
-0.00470507
0.00747432
-0.00189184
0.000943322
-0.000789925
0.00825165
-0.00385761
0.00228909
-0.00382272
0.00465282
0.00539341
-0.00428153
0.00713976
-0.00152587
0.0055402
-0.0100964
-0.0310266
-0.00787302
0.00894973
-0.00777875
0.00836764
0.00515095
0.00441653
-0.0100982
0.00378279
-0.00846078
0.00140288
0.0097966
-0.00975018
-0.00285224
-0.0051263
0.00732545
-0.00123003
0.000302486
0.00380781
-0.00288026
0.00586417
-0.00898332
0.0050959
-0.0103554
0.00530558
-0.0057759
0.00874835
0.00414296
-0.0104176
1.53409e-05
0.00625927
-0.00557607
-0.000539395
0.0077745
-0.00651487
0.00760754
0.00257066
0.00279959
-0.00530997
-6.0283e-05
0.00447527
0.00226061
0.00466043
-0.00244575
0.00564124
0.0015566
-0.00206394
0.00530119
-0.00895097
-0.00202855
0.00567835
-0.0077966
0.00350908
0.00291444
0.00137309
-0.00732596
0.00685504
-0.00709602
0.00454124
0.00900873
0.00282292
-0.00573006
-0.00319088
-0.0074066
-0.00748106
-0.00385308
-0.00831573
-0.004041
-0.00366244
0.000680888
-0.0194389
0.00793655
-0.020294
0.0317963
-0.00211176
0.00614792
-0.00351058
0.0083838
0.00097385
0.00120544
-0.00654539
0.00768384
-0.00162952
0.00178492
0.000888753
-0.00248911
-0.00457063
0.00382073
-0.00449363
-0.00165448
0.00110635
-0.00267865
0.00322677
0.000468554
-0.0010105
-0.000384174
-0.00641372
0.0065784
0.00266035
0.00111778
-0.00388377
0.000105611
0.0134615
-0.00829157
-0.00343854
0.00383277
-0.00766829
0.00727397
-0.0104331
0.00966539
-0.0113744
-0.0119761
0.0113779
0.000327804
-0.00580068
-0.00283035
0.00932911
0.0100859
-0.00509151
-0.00806318
0.00538756
-0.00891157
0.00333175
-0.00248335
9.46634e-05
-0.000543085
0.00154231
-0.000169573
0.000310573
0.0025966
0.000935336
-0.0038425
0.00187826
-0.00102594
-0.00463297
-0.00176843
0.00455122
-0.00516729
0.000890818
-0.00445481
-0.00521194
-0.000170711
0.00283201
0.00255067
-0.00531618
-0.00156195
-0.00219281
-0.00174477
-0.0017122
-0.00035876
0.000575856
-0.00153135
0.000711454
-0.00152055
-0.000529372
0.00113864
-0.000220877
0.000207617
-0.002009
0.00072069
0.00161826
-0.000329952
-0.000493541
0.000938718
-0.000142991
0.000647112
0.000417724
-0.000691822
0.00147744
-0.00118011
-0.000863916
-0.000256158
0.000363001
-0.00096513
-0.000218429
0.00230774
-0.00112417
-0.00105212
-0.00100121
-0.00272298
-0.000648732
0.00248972
-0.0013037
-0.00423279
-0.000901181
-0.00771077
0.00110979
0.00536189
0.00123912
-0.00641222
-0.00466525
-0.000499891
0.0034062
-0.0067371
-0.000617207
-0.000673687
-0.000856488
0.000491155
-0.00117756
-0.000103274
0.00070909
0.000849069
-0.00145489
0.000387556
-0.000275744
0.000160676
0.00172088
-0.00160581
0.000841578
-0.00215497
-0.00128036
0.000323758
0.000601028
-0.00147058
-0.00272516
-0.00420307
0.00191385
-0.000672164
0.00128993
-0.00104006
0.000785444
0.000644591
-0.000521011
-0.00150625
0.00040899
0.0014795
-0.000145011
-0.000980329
0.00063484
0.000490501
0.000390573
-0.00128535
0.000343863
0.000194869
-0.00103655
0.000739465
-0.000804588
2.05781e-05
-0.000551826
-0.000397616
-0.000533059
-0.000916787
0.000927692
0.000292721
0.000663267
-0.000674947
-0.0011957
-0.0018544
0.000327707
-0.000317264
-0.00128833
-0.00238191
-0.00125647
0.0044992
-0.00334234
-0.000605949
-0.00182345
0.000743041
-0.00055193
0.0040614
-0.0010416
-0.00430813
0.00122316
-0.000828763
-0.00118998
0.000494696
-0.000662686
-0.000329422
0.00147172
-0.00210742
-0.00120098
-0.00155536
0.000680466
-0.00159391
0.00151265
-0.00121798
-0.000483269
0.00227818
-0.000707715
-0.0012108
0.00193761
-0.00202396
-0.00202522
0.00211157
-0.000366507
-0.00228794
0.000214205
-0.0013112
-0.00239402
-0.00322456
-5.35892e-05
0.00221008
-0.00153242
0.000269558
-0.000947216
0.000390905
0.00172258
-0.000500456
-0.00161302
-0.000226981
-0.00157906
-0.000495413
-0.00111317
-0.00258814
-0.000863401
-0.000140489
0.000256848
-0.000100257
0.000288986
0.000537766
-0.000955502
5.73419e-05
0.000246917
0.00105803
0.000992097
-0.000912601
-0.00113753
0.00221489
-0.00136741
-0.000139933
-0.00259033
-0.000568572
-0.000952312
-0.00248317
-0.00019781
0.00125698
0.00336473
-0.00108108
-0.00132544
-0.000958197
-0.00129065
-0.000698493
-0.00224549
-0.000595023
0.000432154
0.00158964
-0.000671968
-0.00134982
-7.15542e-05
0.000241348
0.00014377
0.00181176
-0.000663508
-0.00129202
0.00178869
-0.00385246
-0.00604817
-0.00504491
-0.000760023
0.00590129
-9.63619e-05
0.00173812
0.000879476
-0.0045219
0.00135067
0.00490935
0.00415809
-0.000289947
-0.000253224
0.00188545
-0.00104625
0.0111188
-0.011958
0.00319733
-0.0085085
0.00352717
0.00312307
-0.00504859
0.00061816
-0.00506063
0.000257486
0.00544886
-0.0138981
-0.00629789
0.00209939
0.00361115
-0.00318389
0.00369398
0.000610281
0.00121597
0.00476489
-0.00177093
-0.00420993
-0.00234993
0.00474098
-0.000268715
-0.00292182
-0.00277084
0.000420227
0.00527243
0.00478459
0.000986939
-0.000829362
-9.04872e-05
0.00297931
0.000649364
0.00203273
-0.000340742
-0.000845633
-0.00342374
-0.00112784
0.00212314
0.0024283
0.00375831
0.000161836
-0.00326577
-0.000562369
0.00105807
0.00342347
-0.00391917
0.000737392
-0.00216637
-0.000133731
-0.00150136
-0.00150172
0.00194296
0.00106013
0.00173572
0.00317858
-0.00329084
-0.00162346
0.00138192
-0.0020795
-0.00649124
-0.00424759
-0.019326
0.00463272
-0.00271865
0.00173906
-0.0018841
0.00115508
-0.012727
-0.023258
-0.00507073
0.00774156
0.000145042
-0.0028159
0.00632129
-0.00318676
0.00382036
-0.00679662
0.00101861
-0.000940808
-0.000350811
0.000614221
-0.0028566
5.03216e-05
-0.00291929
-0.000282371
0.00315134
-0.00257796
0.0022365
-9.34766e-06
0.00141554
-0.00264969
-0.000800718
0.00040343
-0.00090043
-0.00187612
-0.000270255
0.000565772
-0.000421096
-0.00288808
0.00027897
0.000100534
0.00154247
-0.002572
0.00241577
-0.00138623
0.000637745
-0.00027734
-0.00177656
0.000472243
-0.00173097
-0.00225949
0.00207966
0.00036876
0.00119522
-0.00155928
-0.0017913
0.00107726
-0.000169896
-0.00192414
4.12331e-05
0.00026867
0.00146253
-0.00163624
-0.000539167
-0.00285811
-0.0015778
0.00105428
0.000631394
-0.00010788
-0.00124006
0.00149445
-0.000421122
0.000662032
-0.000384965
0.000455684
0.000564623
0.000737613
-0.000922695
0.00120748
-0.00373094
-0.000847651
0.0033711
0.0014791
-0.00313573
0.000725429
0.000931201
-0.0036024
-0.000167639
0.00342624
0.000343788
0.000162529
-0.00160141
-2.78945e-05
0.00146678
0.00165608
-0.000792624
-0.00182275
0.00160469
-0.00220663
0.00217928
-0.00206089
-0.000244082
0.000474387
-0.00136969
-0.000913692
0.000406938
-0.00118242
0.000887095
-0.000111611
-3.52327e-05
0.000530171
8.89735e-05
-0.00251011
0.000799572
0.00162157
0.000580133
0.00123585
-0.000718464
0.00115828
-0.00102236
0.00059537
-0.000724767
-0.00318675
0.00281831
-0.0010674
0.000708974
0.000463715
-0.0012755
-0.0013007
0.000820928
-0.000330909
-0.000663838
0.00171361
-0.00138962
0.000740417
-0.00350603
0.00224094
0.000524665
0.000452311
0.00115495
-0.00258356
0.000976293
-0.0018997
0.00164658
0.0024031
0.00116911
-0.0022083
0.000978824
-0.0014431
0.00133472
0.000293378
0.000141033
0.00117493
-0.00111648
-0.00168307
0.00143023
0.00136932
-0.000860895
0.000271431
0.00139438
0.00270788
-0.000642732
0.000206216
-0.00227137
0.00127011
0.00197056
0.000245677
0.00115299
-0.000441577
-0.000898465
0.00120709
-0.00157655
0.00192998
0.000799549
-0.00129361
0.000240538
0.00223206
-0.00207706
-0.000421953
0.000266948
0.00108721
0.000641492
-0.00125868
-0.000470021
-1.41006e-05
0.000575797
-0.00049507
0.00188364
-0.000249971
-0.00113859
0.000152635
0.000773331
0.0013061
0.00136032
-0.00178395
0.00141156
-0.000287408
-0.000138281
-0.000289067
-0.00197451
0.00063501
0.0013254
-0.00131011
0.0012852
-0.00130927
-0.000167654
0.000191725
-0.0010157
0.000861384
-0.00124304
0.000451428
-0.000700444
0.000661821
0.00054057
-0.00289998
0.00355699
0.000301939
-0.00341604
0.0033797
-0.000920427
-0.00190945
-0.000549823
0.00358643
0.00281993
-0.0035412
-0.00286516
-0.000140945
0.000643712
-0.00195461
-0.000494892
0.00172642
-0.00342435
-0.000732377
-1.8685e-05
0.000687697
-0.00115596
0.00137979
-0.00181847
-0.00554429
0.00383858
0.00162847
-0.00207672
0.00175087
0.00110988
0.000889647
0.00156069
-0.00331291
0.000438356
0.00769125
0.000942703
-0.00239934
0.0052751
-0.0167885
-0.00202661
-0.0143208
-0.0107835
0.0106631
-0.0170492
0.0151693
-0.00878317
-0.00140754
-0.000800832
-0.000735014
0.000362354
0.00125795
-0.00174401
-0.0011891
-0.000451477
-0.00224497
0.00175875
0.00196629
-0.00237014
-0.00312262
0.00164177
0.000162972
0.000786877
0.000518763
-0.000565524
0.00190043
-0.00185367
-0.00142886
0.000989964
-0.00163637
-0.00196295
0.00341143
0.000187889
0.00165696
-0.000257629
0.000485729
-5.749e-06
-0.00264528
0.0023075
-0.00203573
0.0016222
0.000413535
-0.00112753
-0.000401209
0.0011152
-0.00135673
0.0018678
-9.75352e-05
-0.000928071
-0.000832271
-0.00110732
0.00179485
0.000144738
-9.53022e-05
0.0021188
0.000164342
-0.00179032
0.00192696
-0.00223021
-0.00163101
-0.00133652
0.000235657
0.00192908
0.00233481
-0.00314059
0.00168009
-0.000874298
-0.000445369
0.000785092
-0.00230838
0.00565388
0.00351625
-0.00309005
0.00217041
-0.00254302
-0.00175442
-0.00112461
-0.00118735
-0.00154919
-0.00111531
-0.00216817
-0.00109558
-0.000201597
-0.000870992
-0.000998896
0.00161353
-0.00110994
0.000938372
-0.000230908
0.00040248
-0.000450293
0.00280448
-0.00201182
-0.000851109
-0.000709576
-0.00231554
-0.00117583
0.000569726
-0.00186223
-0.000378214
0.00157114
-0.000421647
-0.000771282
-0.000810538
0.000183017
0.00227312
0.0012272
-0.00368336
-0.000600643
-0.00248861
0.00370382
-0.00154148
-0.0005867
-0.00174358
-0.00198755
0.000168487
0.00356264
0.00476135
0.000383059
-0.00344007
-0.00170435
-0.000449262
-0.000257334
-0.00140776
0.000422054
-0.000996751
-0.000261654
-0.000250059
0.00150846
-0.000703748
0.00172025
-0.000956757
0.00283239
-0.00636177
0.00522555
0.00129919
-0.00760491
0.0048163
-0.000544753
0.00333335
0.000683853
-0.000912305
-0.00191996
0.000380545
0.000294668
0.00184809
-0.000549146
-0.00159361
0.00213014
-0.00196299
-0.00403237
-0.000679404
-6.89587e-05
-0.00215681
0.00100981
-0.00168504
-0.00240482
-0.00231446
-0.000226759
0.000271784
-0.00225043
0.000174943
-5.17233e-05
-0.00122897
0.00145276
-0.00203673
-0.00166647
-0.000968678
0.00075942
-0.00179749
0.000342836
0.00109421
0.000674981
-0.000244546
0.000875949
-4.33559e-05
0.00157389
-0.00188709
0.000356554
-0.00150096
-0.00139924
-0.00136218
0.00165587
0.00142148
0.00175325
-0.000549231
-0.0020724
0.000868378
0.000279236
0.00116039
9.52934e-05
-0.00153492
-0.000554711
-0.00055772
-0.000405998
-0.00288411
0.000600009
-6.74776e-05
0.00191057
-0.00155237
0.00824477
-0.00223047
-0.00865563
0.00264132
0.00453331
-0.00885391
0.00112581
-0.000836271
-0.00193852
-0.00300587
-0.005514
0.00706961
-0.00213605
-0.000598508
-0.000593866
-0.000436281
0.00133591
-0.00240397
0.00150434
0.000116252
-0.000942227
-0.00126182
-0.000237796
-0.000235329
0.00144751
0.000215083
-0.000816599
-0.000516767
0.000732792
-0.00156134
-0.000574232
0.000125938
-0.000588258
0.000388934
-5.0469e-06
-0.000509883
0.00215604
0.000107096
0.000847318
-0.00157313
0.00047293
0.000252881
0.00767886
-0.00672988
0.00598058
-0.00255383
0.00330313
0.00134525
0.0038725
-0.000407025
-0.00318807
0.00319239
0.00177467
-0.001779
0.000126298
-0.000615879
-0.00234097
0.00109719
-0.00126369
0.00224807
0.00106293
0.000279833
0.00136495
0.00182109
-0.00338103
0.00402329
0.00141071
-0.00505884
0.00540688
-0.000654079
-0.00116908
0.00107409
-0.00210849
0.000502011
-0.0010232
0.00262957
0.000569644
-0.001183
-0.000569062
-0.000635813
0.000956706
0.00156875
-0.000195784
-0.000835093
-0.000537874
-0.000423637
-0.000821077
0.00141394
-0.000169225
-0.000725683
-0.00115083
0.000786943
-0.00111565
-0.00171787
0.0031061
-0.000614101
-0.00313473
0.00254333
-0.00684535
0.00404372
0.000258299
-0.00255025
-0.00152472
-0.0022344
0.000298785
-0.00149978
-0.00122847
-0.00268607
-0.00152161
-0.00246311
0.00010049
0.00169072
0.000671898
0.000954428
-0.00168239
-0.000104311
-0.00227434
-0.00134174
0.000251376
0.00185741
0.00076922
-0.0018401
0.00304203
-0.00200368
-0.00556027
0.0140484
-0.00979158
-0.00675012
0.00578777
-0.0126885
0.00839299
-0.00149231
-0.00559937
-0.0011026
0.000366591
3.34572e-05
0.000644958
-0.0114811
0.00152714
-0.00177937
-0.00432289
0.0040408
-0.0015391
0.000304397
-0.000426416
-0.00143211
0.00155415
-1.30536e-05
-0.000453443
0.00118066
-0.000740272
-0.000774986
-0.00499526
0.00321495
-0.00588299
0.00528899
-9.65087e-05
0.00499274
-0.00157474
0.000494014
-0.00633602
-0.00374198
0.000612115
0.00574886
-0.00692119
-0.000445227
0.00629762
-0.000103532
-6.80474e-05
0.000649595
0.00178805
-0.000621833
-7.93318e-06
0.00151306
-0.00181539
0.000258978
0.000414378
-0.00168128
-0.00082585
0.00118999
0.00115325
0.000313075
-0.00202534
0.000559022
-0.00016289
-0.00102494
0.000456059
-0.000281003
0.000978191
0.000954624
-0.00118499
0.00163786
0.00052693
-0.000251786
-0.000294099
0.01222
-0.0056931
0.00207099
-0.0101187
0.0188227
0.00395403
-0.00458844
0.0114032
-0.00892293
0.00360459
0.0039562
-0.000313612
0.00836907
0.00546569
0.00676664
0.00598978
0.0117213
0.00486748
0.00878833
0.00989602
-0.00861606
0.00575043
0.0107092
0.00764105
0.0156447
-0.0144009
-0.00445611
0.0177722
-0.0108873
-0.0107942
0.00390929
0.000472583
-0.00798991
-0.00624707
0.0137644
0.0127361
0.00335256
0.0183331
0.000473431
-0.0114507
0.0194193
0.00535892
0.00294328
-4.57343e-06
0.0153944
0.00211576
0.00653385
0.0107696
0.00212282
0.0104462
-0.000594822
0.0161498
-0.000946719
0.0133594
0.0138168
0.00710653
0.00808679
0.00377499
0.000853385
0.00205395
-0.0143973
0.00473852
-0.00345314
0.0131119
0.00805698
-0.00836851
-0.0066236
0.00214726
0.00293139
-0.0118418
0.0105864
0.00966473
0.000780454
-0.00525103
0.00628299
0.000695826
0.00917098
0.00512593
0.0144838
-0.00719743
-0.0189743
0.0104271
-0.000775891
-0.00652339
0.0186585
-0.0113592
0.0109449
0.00221347
-0.000176872
-0.000509621
0.0020611
0.0140932
-0.0176315
0.0153102
0.00181164
-0.0112482
0.00047769
-0.00126634
-0.0140101
-0.000442204
0.00816572
-0.0139817
0.0062582
0.0105434
0.00086111
-0.0109145
-0.00750051
-0.00614957
0.0144073
0.00112328
0.0170074
-0.0165922
0.00570315
0.0128451
-0.0105307
-0.00951498
0.0105546
0.00674718
0.0116896
0.00581825
-0.00470038
0.0116182
-0.00757335
-0.0124836
0.00855929
0.00504763
-0.00438268
0.0188708
-0.0136283
-0.000859826
-0.0198306
0.00319506
0.016631
-0.0108487
0.0117836
0.00828026
0.0128283
0.00503323
0.00328105
-0.0157785
-0.00441192
-0.0123019
-0.000342256
-0.00222807
0.0167521
-0.0157904
0.0122562
-0.0132557
0.00650247
0.0156258
0.00121834
-0.00374941
-0.00931853
-0.00476449
0.00149066
0.000106704
-0.0094208
-0.00164711
-0.0026758
-0.0166371
0.0156274
0.00173353
0.00253493
0.0158295
0.000910475
0.00582269
0.00645009
0.0228609
-0.00509199
-0.0137667
0.0163876
0.00527102
-0.0134933
0.019407
-0.00556305
-7.15667e-05
-0.0137724
0.00281523
0.0109376
-0.0111962
0.0133575
-0.00287401
-0.00948343
-0.00100003
-0.00202221
-0.000877513
-0.0162266
0.0156382
-0.0138012
-0.0028526
0.0101451
0.00650866
-0.0100935
-0.00245751
-0.0016348
0.0141858
-0.0139383
0.00827853
0.00427282
0.00138699
0.000950068
-0.0045178
0.00245434
-0.0137605
0.0100274
0.00127879
0.00140176
-0.00420105
-0.0096879
0.0124872
-0.0110377
0.0169822
-0.00672038
0.0175418
0.00299578
-0.00113064
0.022874
-0.0104241
0.00701392
-0.00571503
-0.00875146
0.0117703
0.0132213
-0.00579143
0.00311333
-0.00165916
-0.010879
0.00143595
0.00598988
0.0138741
-0.00173425
-0.00557954
-0.00397744
0.00439771
0.0111677
-0.011588
0.00245561
0.017203
-0.0140906
-0.00556798
0.000691907
-0.00731797
-0.00297207
0.00959813
-0.0134331
0.0162546
0.00324974
-0.00228825
0.0116486
-0.0199505
-0.00440784
-0.00826885
0.0116462
0.0108028
0.00411233
0.000563292
-0.00649708
0.0108846
0.000437646
0.00191934
-0.00695289
0.0139524
0.00932464
-0.00806219
0.0120038
-0.000225757
0.0142352
-0.00961175
0.00427027
0.00379793
0.0190093
0.00192662
-0.00374025
0.0120141
-0.010132
-0.0110694
0.000663521
0.0153071
0.00137801
0.0124344
-0.0136853
-0.000127075
0.0101083
0.00313209
-0.0177418
-0.00942808
0.0133823
0.0111114
0.0110125
0.00678205
-0.00435626
0.0107955
0.00705642
0.0086682
0.0116271
-0.00962204
-0.00290598
-0.01082
0.00902483
0.00565637
-0.00140689
0.00216642
-0.0116124
-0.000562905
0.0100089
-0.000135783
-0.0121007
0.0124962
-0.0151405
0.00577636
0.00765968
0.000215546
0.00458018
0.00805692
0.00398314
-0.000899858
0.0084755
0.00117014
0.00703549
-0.0120175
0.00381185
0.00484922
-0.00869376
-0.00389389
0.00252308
0.0149526
-0.00104317
-0.0147756
0.00922895
0.00133942
0.00420718
-0.00523456
0.00405606
-0.00581273
0.00440442
0.000650333
0.00327361
-0.00658444
0.00504681
0.00232738
-0.00578347
0.0036894
0.00444293
-0.00301425
-0.000545233
-0.00429181
-0.000341573
0.00342721
0.00213433
-0.00657417
0.000822044
8.09077e-05
0.004642
-0.0041209
0.00517905
-0.00188245
-0.00179959
0.00448537
-0.00221127
0.00738174
-0.000647545
0.00436142
-0.00039449
0.000380643
-0.00492288
-0.00155765
-0.00544157
0.00503165
-0.00306577
0.00439076
-0.00523093
-0.000983079
0.00690904
0.000212501
0.00388326
0.00451696
-0.000440243
0.00346442
-0.00358382
-0.00388367
0.00422106
-0.00466132
-0.000659113
-0.000528794
0.00540897
0.00194779
0.00295319
-0.0043415
0.00461097
-0.00230851
0.00301035
0.00144261
-0.00135739
-0.00189203
0.00337184
0.00399294
-0.00302024
0.000954893
0.00393753
0.00282854
-0.00282091
0.00266867
0.00247377
-0.00478555
0.000634182
0.00295457
-0.00305057
0.00434183
0.000465726
-0.001979
0.00288308
0.000135367
-0.00367685
0.00329796
-0.000186054
6.16919e-05
-0.00362017
0.00374455
-0.0043511
0.00615789
-0.00145144
0.00541848
-0.00448901
0.000265314
0.00558405
-0.000361848
-0.00548751
-0.00456633
0.00304297
-0.000381533
0.00552074
-0.00230508
-0.00283413
0.00122807
-0.00016498
-0.00148951
0.00334282
0.00290039
-0.00496279
0.00207349
0.00623212
0.00135399
-0.00367921
7.01078e-05
0.00225511
-0.00510782
0.00446228
-0.000126109
-0.000810521
-0.00507162
0.00429737
0.00151771
-0.00545041
-0.00113891
0.000203202
-0.00111061
0.00390647
0.000119758
0.000461816
-0.000943759
-0.00524038
0.00152283
0.00108459
-0.00520374
0.00507938
-0.0023448
-0.00385005
-0.000646408
-0.00338849
0.00108046
0.00295444
0.00347676
-0.00575874
0.00554165
1.32802e-05
0.00205332
-0.00315354
0.00108693
-0.00402891
0.00362634
0.001443
0.00221307
-0.00299199
-0.000664116
0.0045427
0.00186316
-0.00562384
-0.000782011
0.00409429
0.00466578
-0.00517271
0.00185815
0.00552114
-0.00606877
-9.52876e-05
-0.000594021
0.0060715
-0.000839317
-0.00717393
0.00758642
-0.00106391
-0.00533718
0.000826047
0.00557505
-0.000258246
0.00501735
-0.00353102
0.00469206
-0.00128714
0.00047137
-0.00450376
0.00450152
-0.00456296
-0.00108575
-0.00327401
0.00433952
-0.00470377
0.00189892
-0.00440528
0.0024432
0.00352842
-0.00122512
-0.00223346
-0.00406727
0.00447957
0.00182118
0.00295941
-0.000374243
0.00225483
-0.00106107
0.00324803
0.00211209
0.00126701
-0.00163188
0.00265558
-0.000326805
0.00252851
0.00210298
-0.00236189
0.004262
-0.00456358
0.000302782
0.00471492
0.00269141
-0.00225599
-0.00262467
-0.00248424
0.00429502
0.000813902
-0.00430075
-0.00522154
0.00495872
0.00400475
-0.00503965
-0.000447531
0.00148244
0.00501881
-0.00495367
-0.00458565
-0.000198441
0.00536048
0.00103359
0.000550087
-0.00178774
0.000405075
-0.00120964
-0.000408181
0.00279732
-0.0047254
0.00233628
0.000121252
-0.00180029
0.00659343
-0.00251422
-0.00395795
-0.00282275
-1.93189e-05
0.00524485
0.000432643
-0.00471653
-0.000638242
0.00459458
0.00214773
-0.000819046
-0.000401956
0.000847272
0.00165936
0.00333514
-0.00245793
-0.00203308
0.00571728
0.00404522
-0.00482542
0.000378253
0.00462161
-0.00131833
0.00164996
-0.00260803
0.00297989
-0.00122042
0.00408931
-0.00213902
0.00417502
0.00484084
0.00381793
-0.000740896
-0.00158635
0.00614517
-0.0021755
-0.00381875
0.00103147
0.0026577
0.00641735
-0.00793946
0.00319891
0.00154232
0.000528356
-0.00366228
0.000186987
0.00294693
0.00105027
0.00408955
-0.00299208
0.00291966
0.000357329
0.00482946
-0.000835367
0.00501078
0.000151112
-0.000660366
0.00399788
-0.000479733
-0.00316082
0.000258499
-0.000674244
0.00296222
-0.004078
0.00403226
-0.00033684
-0.00275483
0.00480633
-0.00362477
-0.00192246
5.1786e-05
0.00363984
-0.000268635
-0.00342298
7.44681e-05
-0.00334553
0.000116182
0.00315488
-0.000311355
-0.00285405
0.00361612
0.0042251
-0.000982119
-0.000173118
0.00341903
0.00132916
0.00392126
-0.0043107
0.00584946
-0.0015393
-0.00246289
-0.00184723
-0.00468298
0.0049926
0.000120901
0.00203639
-0.00281159
0.00109303
-0.000317864
0.00265507
-0.00476853
0.00273951
0.000308235
0.00394126
0.00026971
-0.00336903
-0.00154883
0.0055898
0.00529344
0.000421849
-0.00544556
0.00132463
-0.00346541
0.00249189
-0.000351097
-0.00149458
2.59344e-05
0.00115869
-0.000424551
-0.00105997
0.00177176
0.0032861
0.000714064
0.00377393
-0.00333732
-0.00115067
-0.000166354
0.000978202
0.000920852
0.000554153
-0.00101323
-0.00257843
0.00303752
-0.000929994
0.00132065
0.00316136
-0.003552
0.00176224
-0.000127956
-0.00566319
-0.00209802
0.000395444
0.000242242
0.00125202
-0.00369298
0.00219874
0.00132256
-0.00145075
-0.00080942
0.00179185
-0.00481271
0.00219296
-0.000905913
0.0103916
-0.00862839
-0.00281995
-0.00149895
0.000639698
0.000678333
0.00501648
-0.00463655
-0.00105829
-0.00593867
0.00554263
0.00489085
-0.00606392
-0.00454107
0.00400171
0.000484837
-0.00277107
-0.00149045
0.0037767
-0.00357691
0.000630398
-0.00453143
0.0031744
0.000726635
-0.00223439
0.00285357
-0.000958383
0.00256007
-0.000963458
-0.000638212
-0.000952045
0.000540385
0.00220012
-0.00178843
-7.7995e-05
0.000763971
-0.00280741
0.00359373
6.35097e-05
-0.00409937
0.00251861
0.00164427
0.00370596
-0.00348518
0.00535199
-0.000603802
0.000605764
-0.0037887
-0.00520764
0.00032699
0.00303903
-0.00405602
0.00283914
-0.000108021
0.00295442
-0.00186006
-0.00256369
0.00150692
0.00291685
-0.000750891
0.00435306
-0.00248463
0.00156862
-0.00342805
0.00110855
0.00206935
-0.000117445
-0.00168051
0.00435164
0.000676051
-0.00334717
0.000340424
-0.001295
-0.000876676
0.0031119
-0.00017595
-0.00205928
-0.00265121
0.00421054
0.0021784
-0.000226569
0.00439066
-0.00236914
0.00272003
-0.000592941
-0.000620147
0.00241859
0.0020391
-0.000984961
-0.00347272
0.00168056
-0.00536664
0.0017428
0.0019433
0.00322944
-0.00284888
0.0005018
0.00350088
0.00100226
-0.00162915
0.0044207
-0.00218577
0.00160629
-0.00149481
0.00113683
-0.000968476
0.00366633
-0.00221299
-0.00435124
-0.000268703
-0.000244901
0.00486486
0.00157516
0.00463074
-0.00223178
-0.00304141
0.000642473
0.00534024
-0.00398698
-1.23712e-05
0.000531848
0.00380354
-0.00344433
0.00322255
-0.000842628
0.00587389
-0.00216375
0.0016872
0.000793325
-0.000316746
-0.000467097
-0.000829238
0.00274833
0.00203864
0.00211564
0.00120674
-7.78501e-05
-0.00207372
-0.00151677
0.00130023
0.00229025
-0.00143432
0.00172252
0.000953337
-0.00154649
0.00354146
0.000300451
0.000916861
0.00111742
0.00171239
1.16129e-05
0.000236622
-0.00205406
0.00249317
-0.000675726
0.00306452
0.000250526
-0.00132861
-0.00158447
0.00359219
-0.0010463
0.000812773
0.00347531
-0.00324179
0.0030913
-0.00127395
0.0040159
-0.00461187
0.000384194
-0.000689753
0.00432143
-0.00113148
-0.00280207
0.00135638
0.000846811
-0.00218918
-1.40114e-05
0.000617823
-0.00375845
0.00200913
-9.42016e-05
0.00395487
-0.00274487
-0.00378287
0.00295413
0.000194909
0.000633818
0.00228121
0.00235863
-0.00332773
0.00388463
0.000107157
-0.00219656
0.00461688
5.26246e-05
0.00430558
-0.000720111
-0.00363811
0.00134569
-0.00340822
0.00689222
0.00574514
-0.00328614
-0.000435898
0.000651719
0.00280478
-0.00454001
0.00108352
-0.00507296
0.00218713
0.00353754
-0.000199147
-0.0038595
0.00151294
0.0025457
-0.00100507
0.00201845
-0.00407171
0.0030583
-0.00591183
-0.000118774
-0.000773712
0.00109682
0.00115503
-0.00243271
0.0042098
-0.000251639
-0.00390363
0.000282887
0.00387239
-0.002357
-0.00185305
-6.79117e-05
-0.00192822
-0.00307717
0.00253273
-0.00420369
0.00377893
0.00219209
-0.00431988
0.00402038
-0.00410975
1.70605e-05
-0.000448397
0.00273886
-0.00282237
-0.000606253
0.00158187
0.0026505
-9.5211e-05
-0.00413716
0.000720292
0.000437641
6.25181e-05
-0.00122049
0.00109954
0.00426708
0.0052726
-0.00453952
-0.000851854
-0.00387089
-0.000749611
0.00390038
0.00354562
-0.00431872
0.00021508
-0.000756488
-0.000444785
0.000122825
0.00432365
-0.000600795
-0.00354023
0.00369625
-0.00474368
-0.000585253
0.00538745
-5.85237e-05
-0.00065143
0.00478408
-0.000548629
0.00435267
-0.00231622
0.00430679
-0.00308636
0.00431381
0.000420213
0.00211049
-0.000647861
-0.00188287
-0.000420677
-0.0049804
0.00489996
-0.000384015
-0.000243719
-0.000321545
-0.00268943
0.00319214
-0.00018117
-0.00415774
0.00323774
0.00245076
0.00529463
-0.00528615
-0.00154046
0.00472987
0.00702858
-0.00356816
0.00258914
0.00157289
-0.00102144
0.00317928
-0.00444291
-0.00117899
-0.00310527
0.00429197
-7.73174e-06
0.00472777
0.000182817
0.000365461
0.000923422
0.00537063
-0.00387438
0.00446602
-0.00438666
-0.00253664
0.00460805
0.00013762
-0.000477518
-0.00210849
0.00199093
-0.000273794
-0.000674895
-0.00376281
0.00447727
-0.000593568
-8.65967e-05
-0.00638955
0.00118999
0.00142079
-0.00527021
0.00279894
-0.002742
0.00136382
0.00510094
-0.000709865
-0.00327437
0.00350671
-0.00646206
0.000414662
-1.6531e-05
-0.000837573
0.0026739
0.00278463
0.00200993
5.5958e-05
-0.00144575
-0.00176767
0.000440956
-0.0019772
-0.00172922
0.00326548
0.00297578
0.0052091
-0.00179235
0.00402891
-0.00109514
0.00183186
0.00504328
-0.00520956
3.2569e-05
0.00420493
-0.00279269
-0.0014448
-0.00356587
-0.000321115
-0.00219503
0.00217805
0.00280162
0.00252209
-0.00189017
0.000492542
0.00219774
-0.0024075
-0.00249487
0.00129943
0.00360294
0.000859786
-0.00108922
0.00016236
0.00172734
0.00265577
-0.00408148
0.000978181
-0.00147726
0.00352924
-0.00303946
0.00173731
-0.00440074
0.00393405
-0.000584905
-0.00404704
0.00389598
0.00521471
-0.00376392
-0.000932795
0.00267944
-0.00475416
-0.00115786
0.00248748
-0.0011413
-0.000188309
-0.000579296
-0.00128828
-0.00142638
0.00329398
0.0049364
-0.0040745
-0.000484252
-0.00148943
0.00158468
-0.00267271
0.00181706
0.000693419
0.000162257
0.00545887
-0.00367566
0.00236044
0.00275963
-0.00272924
0.00162301
0.00424684
0.00191467
0.000708082
0.00115797
0.00143017
-0.000140046
0.00142959
-0.00527827
0.00398874
0.00331738
-0.00235027
7.94776e-05
-0.00420697
-0.00322121
0.00169985
0.0030938
-0.0055192
-0.00354334
-0.00142576
0.000523722
0.000601745
0.00165947
-0.00278492
0.00186886
-0.00336942
0.00422942
-0.00583873
-0.00151685
-0.00210938
0.0041823
-0.00529125
0.0022005
-0.00326985
-0.00242042
0.0034898
-0.00266095
-0.000977264
-0.0002383
-0.000880879
-0.00195511
0.0030743
0.0019317
0.00274133
0.000439938
-0.00511295
-0.00380855
-0.00103868
0.000446479
-0.00227896
0.00297482
0.000201942
0.00221445
0.00208012
-0.00358647
0.00315255
0.000980522
-0.0032481
-0.000901093
0.00277356
0.00137565
0.00467239
-0.000174767
0.00260217
0.00154139
-0.00206342
-0.00145041
0.00280626
0.00277867
-0.0041345
0.00265261
-0.00416436
-0.00296026
0.00551201
-0.0023131
-0.000238643
0.00708203
-0.00107608
0.0052117
-0.000725845
-0.00340978
-0.00206469
0.0020175
-0.00170361
-0.00426197
-0.00327808
-0.00136583
0.00414903
0.000494882
-0.00313209
0.00295611
0.00209959
-0.00501354
0.00024604
0.0062844
-0.0051967
-0.000235056
-0.000365551
0.00743906
0.00165123
0.00242052
-0.00500452
0.00307552
0.000569368
-0.00594859
0.00114683
0.00172027
-0.0047781
0.00191102
-0.00676104
0.00235666
0.00473095
-0.00469922
-0.00470274
-0.00278616
-0.00322938
0.0060893
-7.37416e-05
-0.000584811
0.00237719
0.00463055
-0.00158153
0.00271691
-0.00576595
-0.00323445
0.00541084
0.00173185
-0.00390825
-0.00143856
-0.00279416
-0.00135862
0.00174534
-0.00443125
0.0027315
0.00187082
-0.00019365
-0.00222926
0.00247886
0.00262246
-0.00229557
-0.00125731
0.00358262
-0.00137461
-0.00433084
0.00264582
0.000847451
-0.000143695
-0.00197425
-0.00276839
-0.00243205
-0.00164128
-0.00182876
0.00263171
-0.0052809
-0.000676605
0.00315688
0.000138281
-0.00261857
0.00509908
-0.000231355
0.00656113
-0.00665075
0.000306661
0.00154744
0.00353333
-0.00188212
0.00230081
0.00431117
0.00068097
-0.00440825
0.00259195
0.00113531
-0.00639136
-0.00123575
0.00656319
0.0019331
-4.1282e-05
-0.00646677
-0.000139212
-0.000825122
-0.00550244
0.00380569
-0.00407923
-8.83085e-05
-0.00473718
-0.00485871
0.00416068
0.00574574
-0.00596246
0.00122802
-0.000161344
0.00283453
-0.00311344
0.000981065
0.00544564
0.00135281
-0.00347296
0.0019922
-0.00362521
4.99023e-05
0.00263157
0.000235474
0.0021878
-0.000506684
0.00389029
-0.000590303
0.00117384
-0.000986572
0.00207021
-0.000264096
0.000935314
0.00198381
-0.000384513
0.00241563
-0.00309212
0.00283987
0.00232247
0.00168541
-0.00115308
-0.00256521
0.00344762
-0.00155188
0.000669469
-0.00103695
-0.00052359
0.00082751
-0.00357414
0.00292524
0.000283148
0.000365743
0.000441699
0.00234588
-0.00216828
0.000545654
0.000974458
0.00168908
0.00239805
-0.000129145
0.000380342
0.00147131
-0.000888273
-0.00138511
0.00214851
0.000124872
0.00199502
-0.000839632
-0.00160266
0.000964383
0.00234445
-0.00170617
0.00292606
0.00252973
0.0012287
-0.00275019
0.00136737
0.0011662
0.000216633
-0.00230554
0.000189311
0.000136381
0.00150889
0.00330588
0.00281961
-0.000240117
-0.00588535
0.00266312
0.00343063
-0.00595736
0.00653776
-0.00288903
0.00112491
-0.00248782
0.00146715
-0.00159019
-0.00465703
0.00259065
-0.00211259
-0.00336803
0.00155142
-0.00203247
-0.00333225
0.000500915
0.00486379
0.00404026
0.00292118
-8.76427e-05
-0.00687381
0.00165653
0.00292282
0.00199731
-0.00368644
-0.000256903
0.000450978
0.00260861
0.000556537
-0.00270668
0.0040427
-0.000654224
0.0026545
0.00017336
0.000554174
-0.00155356
0.000879478
-0.00302225
0.0036963
-0.0043077
0.00410781
0.00353966
-0.0019425
0.00103437
0.00474268
-0.00105544
0.00161184
0.00335061
-0.00500434
0.00249194
-4.1408e-05
0.0038747
0.00324763
0.000320374
-0.00339465
-0.00357686
-0.00208925
0.00287724
-0.00247001
0.00168199
-0.00289969
-0.0030345
0.0011767
0.0047575
-0.00358577
0.00599427
0.00245602
-0.00386823
0.00604056
-0.00462835
-0.00170781
0.00461195
-0.00181185
-0.0010923
0.00546414
-9.07875e-05
-0.00183581
0.000715906
0.00187086
-0.00283423
-0.000666093
0.00488653
-0.00181145
0.000505423
-0.00208564
0.00243706
0.0045351
0.00509844
0.00269736
0.00348513
0.00348502
0.000366041
0.000662467
-0.00475306
0.00628219
-0.000785775
0.00155516
-0.00360425
-0.0042255
0.00258917
-0.00215869
0.00336824
0.00175759
-0.00296714
0.00029204
0.00266397
-0.00511473
-0.00459686
-0.00288141
-0.000333807
-0.0044337
0.000554482
0.00432633
-0.00307862
-0.000558184
-0.00446709
0.000428408
-0.00160885
-0.00206391
0.000460405
0.00321234
0.00103015
0.00302943
-0.00343863
-0.000620977
-0.00443793
0.00158355
0.00265103
0.000203341
0.00376002
-0.00465246
-0.00186019
0.00254628
-0.000756586
0.00103912
-0.000227389
0.00129747
0.00323551
-0.00417674
-0.000894867
-0.000375602
0.00327343
-0.00200302
0.00440015
-0.0041224
0.00227743
-0.00356209
0.0037052
-0.00212079
-0.00390059
-0.00580376
-0.00489812
0.00511652
-0.00107038
0.00302278
-0.00237726
0.00327137
-0.00511658
0.00122248
-0.00455982
0.00107409
0.00468721
-0.00443017
-0.00114722
0.0036999
-0.00291822
0.00248089
0.00168681
0.000519507
0.00383243
0.00186866
-0.00639225
0.00645667
-0.00459443
0.00424555
-0.00325921
-0.00140926
0.00204606
-0.00548719
0.00102072
0.00251464
-0.000555119
-0.00284039
0.00421743
-9.36168e-06
-0.00233943
0.00329828
-0.00236738
0.00109846
-0.00206928
0.00222024
-0.00124946
0.00407241
-0.00232416
-0.00207893
-0.00177664
-0.00204859
-0.00224447
0.0068371
0.00526923
-0.00556028
0.00179994
0.000119552
-0.000507548
0.00120301
0.000138863
0.000733426
0.00468815
-0.000517019
-0.00329798
-0.000873151
0.00396731
0.00130384
-0.00454884
-0.000722296
0.000802479
0.000423149
0.0003189
-0.00135844
0.00155399
-0.00176662
0.00238221
0.00190531
-0.00252087
0.000324996
0.00365283
-0.0017993
-0.000245826
0.00412959
0.0031623
0.00211473
-6.53326e-05
0.00307909
0.0032179
-0.00201728
-0.00421777
0.00304247
-0.000423898
-0.0041365
0.00163052
0.00292988
0.00204002
0.00229788
-0.00160013
-0.00160635
-0.00101126
-0.00231123
-0.000227571
0.00154527
0.000993575
0.00417081
-0.00303691
0.000258866
-0.00290594
0.0029234
-0.00027629
-0.000993857
0.00234832
-0.00272731
0.00137287
-0.00108136
-0.00244888
0.00410924
-0.00209161
0.00372105
-0.00028178
-0.00134765
0.00132928
-0.00277698
0.00485726
-0.00270215
-0.0016997
0.00316335
0.00123852
-0.0014403
-0.00184114
-8.3968e-05
0.00082177
-0.00219505
0.00337763
-0.00144569
0.00311861
-0.00300155
0.00166761
-0.00393574
-0.0050047
0.00812483
0.000815616
-0.00102492
0.00353668
0.0060494
-0.00463601
0.0029539
-0.00128126
-0.00306258
-8.33915e-05
-0.000714352
-0.00180036
-0.000810367
0.00332503
-0.00119658
0.00927974
-0.0044901
-0.00359306
0.00362794
0.00147738
-0.00340352
0.00634704
-0.00263692
-0.0043954
-0.00234446
-0.00308803
0.00117209
-0.00183267
0.00327513
0.0054438
-0.00489402
-0.00225047
-0.0024464
-0.000430965
0.00245594
0.00128077
0.00765183
-0.00893741
0.00320333
-0.000111717
0.000553595
0.00320544
0.00229038
-0.00229437
0.00461525
-0.00168724
-0.00358229
0.0114105
-0.00614098
-0.00416477
-0.00338144
0.00396041
-0.00196994
0.00623257
-0.00180662
-0.00213371
0.0064451
-0.00981322
-0.0072658
0.00568234
0.00659826
-0.00565081
-0.000549489
-0.00564625
0.00931198
-0.00311626
-0.00683125
0.00206501
0.00227839
0.00248783
-0.00101004
0.00409936
-0.000349831
-0.00214033
0.000205984
0.00591751
-0.00398318
0.00253282
0.000307464
0.0050617
0.00521305
-0.001555
-0.00203961
0.00379236
-0.0051353
0.000957454
0.00268171
0.000652799
0.00279686
-0.0021604
-0.00307683
0.00470918
0.000668444
0.00463571
-0.00373093
7.36651e-05
-0.000978464
-0.00128882
0.00120045
-0.00205775
0.00214615
-0.00340841
-0.000188071
0.00681086
-0.0022587
-0.00512441
0.0051725
-0.00039303
0.00473205
0.00116965
0.00224599
-0.00529517
-0.00381851
0.00216417
-0.00265038
0.00189229
0.00384813
0.00433077
-0.00249944
-0.00103488
0.00701974
-0.00360121
-0.00286566
-0.00141811
0.00474756
0.00205273
-0.00387011
0.00190441
-2.26668e-05
-0.00558027
0.00403299
3.61086e-05
0.00140816
0.000494252
-0.00110707
-0.0025091
0.003622
-0.000646051
-0.00439405
0.00145466
-0.00321935
0.00233136
0.000716355
0.00180578
-0.00141255
-0.00143074
0.0043893
-0.00154597
0.00277867
-0.00035977
0.00120312
0.00231222
0.00165867
-0.0018082
0.00145652
6.84505e-05
0.00350175
-0.00502672
-0.00224088
0.00252011
0.00348409
-0.000297938
-0.00339091
-0.00285958
0.00321331
-0.00232371
-0.000119009
0.00210418
-0.00140374
-0.000232261
0.00351393
0.000846962
-0.00264306
0.00240778
-0.000611668
0.00513015
-0.00515993
0.0020271
0.00245696
-0.00177911
0.00910813
0.00103716
-0.00929175
0.00550471
0.00274989
-0.00182423
-0.00213359
0.00237335
0.00487497
-0.0045249
0.00272044
0.00012396
-0.00369907
0.0038006
0.00321464
-0.00227226
0.00332657
-0.000877032
-0.00139924
-0.00252659
-0.00253306
0.00360285
0.00145681
0.00251309
-0.0012143
-0.00106464
0.00261937
0.00411314
-0.00295044
0.00266565
0.00220138
-0.000974568
-0.00273166
-0.00165021
0.00488844
-0.00122233
-0.000971393
0.0048162
0.00200069
-0.00425196
0.000833356
0.00148553
0.000203211
0.00143049
0.00057575
0.000523485
0.000889992
0.00234142
-0.00350248
0.000306111
0.000647518
0.00254884
-0.0011609
0.001941
0.001733
0.00016663
0.000932369
0.0011682
0.00286134
0.000858009
-0.00221639
0.00404174
-0.00298573
0.00261971
0.000377651
-0.0028606
0.00377883
-0.00163611
0.00175866
0.00211782
-0.00265433
0.00380107
-0.00223066
0.000310015
-0.00324316
-0.00336894
0.00356857
0.000110391
-0.00522471
-0.00205093
0.00320366
-0.00365647
0.000597318
0.00226057
0.000345768
0.00344246
0.000506238
-0.00362831
0.00149035
-0.00459265
-0.00423063
0.00544958
0.000829075
-0.00392478
0.0051607
0.00166021
-0.00182057
0.00102161
-0.00358104
0.00236029
0.00372674
-0.000145475
0.000816761
0.00213776
0.00145262
-0.00440715
0.00321792
0.00400724
-0.001366
-0.00210917
-0.000532054
-0.00170289
-0.00155065
0.00151032
0.0015584
-0.00230669
0.00180402
-0.00186016
0.00705547
-0.00568312
0.00470007
-0.00772131
-0.0051239
0.00605786
0.00494112
0.00466472
0.00180918
-0.00764553
0.00248035
0.0064502
0.000457142
-0.00420494
-0.00270239
0.00276186
-0.00504175
0.00324733
-0.000967442
-0.00675381
0.00156739
-0.0013963
0.00403833
-0.00264329
1.28355e-06
0.00222907
-0.00522426
0.000761579
0.00223111
0.00223164
0.00280408
-0.00143424
-0.00237929
0.0043078
0.00298687
-0.00160686
0.00343449
-0.00153246
-0.000342316
-0.00174971
0.00269646
-0.00543215
0.00271306
0.00261918
-0.00214139
0.00113749
-0.00604175
0.00468654
0.00607719
0.00363635
-0.00745768
-0.00197567
-0.00362046
0.00427881
0.00501636
-0.0014189
-0.000780799
0.00410875
0.00062218
-0.00395014
0.00247069
0.00120775
-0.00292725
-0.00373112
0.00278512
0.00693413
-0.00160624
0.00103159
-0.0063595
-0.00442593
-7.23215e-05
-0.000897018
-0.00424464
-0.00229506
0.0075077
-0.0030672
0.00222456
-0.00323344
8.27328e-05
0.00129149
0.00259881
-0.00397303
0.00380123
-0.00191094
-0.00374586
0.00129243
0.00239215
-0.00330405
-0.000370278
0.00212358
-0.0039052
0.00164108
0.000140542
0.00199452
0.000316175
-0.000315684
-2.83987e-05
0.00275832
-0.000541566
0.00317408
-0.000310051
-0.00016642
0.00416671
-0.00031194
-0.00318226
0.00199615
0.00338877
0.00324469
-0.00329305
0.00272526
0.000168204
-0.00188925
0.0025093
-0.000254875
0.00441195
-0.00325928
0.00198822
0.00140797
0.003228
0.00379874
0.00203919
-0.00223134
0.00324775
0.00189951
-0.00281255
0.00348485
0.00122724
0.000414963
-0.00405352
0.00155261
0.0042955
-0.00439252
-0.00145557
-0.00371885
-0.00391018
-0.00214434
0.00355049
0.00169375
0.00248187
-0.000839386
0.00352569
0.00112677
0.00238838
0.00053542
0.000384701
-4.84039e-05
0.00105079
-0.00138714
-0.00177363
0.00428057
-0.000116651
0.00443368
0.00150367
-0.00582071
-0.00152207
0.00181649
-0.00231682
-0.00301392
0.00546758
-0.00420563
-0.000364198
0.00205675
0.00382038
-0.0017655
0.00115176
-0.00243199
0.00324093
-0.00263625
0.00574333
-0.00385943
0.00315269
-0.000464156
0.00102794
0.000824208
0.000462251
0.000591784
-0.00484969
0.00132348
-0.0039607
0.00455224
0.00363116
-0.0042227
-0.000149466
-0.00242335
0.00462326
-0.0095811
0.00672829
0.00643925
-0.0101989
0.00484218
0.002226
-0.00971465
0.00264647
-0.00457697
0.00324425
-0.00191955
0.000765439
-0.00694042
0.000560285
-0.00162408
0.00464723
-0.00358346
0.00486763
-0.00512526
0.00316229
-0.00438114
0.000468522
0.00371936
-0.00102561
-0.00694946
0.00628142
0.00169438
-0.000584445
0.00149721
-0.0026072
-0.000474108
-0.00655586
8.04932e-05
0.000613174
-0.00120346
-0.00702188
0.00568038
-0.011355
0.00937231
0.0062096
-0.0042269
-0.00337268
0.00524738
-0.00201391
0.00041831
0.00539337
-0.00301209
-0.00520185
0.00435825
-0.00928749
0.00698501
0.000694496
-0.00210695
0.00368597
-0.00227348
2.4944e-05
-0.0073328
-0.00190401
0.00921188
0.00386871
-0.00593072
-0.00718211
0.00566597
-0.000805004
-0.00110248
0.0047788
0.000947351
-0.00462367
0.00376869
-0.00526543
0.00409044
0.00181487
-0.00417977
-0.00172557
0.000114216
-0.0012427
0.00275987
-0.0144911
0.00511165
-0.00670735
-6.34255e-05
0.00249413
-0.00427857
-0.00182112
0.000884878
0.00423184
-3.87627e-05
-0.00169898
0.00138642
-0.00428433
0.00227108
0.00062681
0.00456847
-0.00153123
-0.000731865
0.000117197
0.00354652
-0.00293183
0.00196056
-0.00148934
-0.0017785
0.00130724
-0.00180562
-0.00192551
0.00461598
0.00445804
-0.000880247
-0.00173631
-0.00184148
-0.00542201
0.00398539
0.00359384
0.00189363
0.00318706
-0.00466208
0.000615049
-0.00518783
0.00339155
0.00407168
-0.00149607
-0.00213678
-0.00154868
0.00187981
0.00189047
-0.000481126
-0.00354612
0.00248272
0.000595029
-0.00259369
-0.000484088
0.00180677
0.00065887
-0.00381129
0.0013456
0.0026831
0.00249405
0.00193505
-0.00263244
0.00213999
0.00472205
0.000254719
0.00166283
-0.0041618
0.00387898
0.00350941
-0.00131082
-0.00160356
0.00433578
-0.000163848
-0.0025091
0.00385512
-0.0011028
-0.00140574
-0.00134658
0.00268335
0.00431276
0.00187036
-0.00392852
-0.00225463
0.00261829
-0.00306572
-0.000783638
-0.000828702
0.00467809
0.00310297
0.00168315
-0.00210272
-0.00342457
0.000673702
0.000773447
-5.50101e-05
-0.00139205
0.000927325
-0.00104195
-0.0015226
0.00150382
0.00378746
0.0034397
-0.0013201
-0.00364223
0.000308642
-0.00169213
-0.00448883
0.000892279
0.00498296
-0.00486577
0.00360567
-0.00544002
-0.00021847
-0.00448629
0.00464132
-0.0043278
0.00119692
-0.00153121
-0.000468545
-0.00318008
0.00195647
-0.000758555
-0.00180653
0.00436403
-0.00179899
0.00165542
0.00323339
-0.00141993
-0.00155518
0.00116853
0.000721363
0.0037364
-0.00276164
-4.79102e-05
0.00425251
-0.00442309
0.0038139
-0.0041012
-0.00178892
-0.0023973
4.50512e-05
-0.000156876
0.000147992
0.00194768
-0.00546835
0.000202751
0.00165581
0.0029013
-0.00475985
-0.000991948
0.000384083
-0.00114432
0.0038898
-0.00312959
0.00119991
-0.00104493
0.00486599
-0.00529214
-0.000712392
2.91942e-05
-0.00542949
0.00660021
-0.00211146
-0.00298153
0.0057875
0.00214234
0.00780507
-0.0025175
-0.00742992
0.00171052
-0.00657606
-0.00169033
-0.00717803
-0.000225023
0.00803333
-0.00764326
0.00667579
0.000815655
0.000749303
-0.00632261
-0.00166041
-0.00108355
0.00597115
-0.00566381
0.000776218
-0.00131919
0.00493283
-0.00400473
-0.0067831
0.00705099
-0.00639167
-0.00159154
0.00136979
-0.00616992
0.00249751
-0.00122724
0.00440444
-0.00567474
0.00626889
-0.00526904
-0.000212686
-0.000137216
0.000888352
-0.000538463
-0.00949375
0.00593376
-0.00798272
0.0114335
-0.00375104
-0.0017487
0.0091325
-0.00962831
0.00300084
0.00469129
0.00144037
0.0102182
-0.00458437
0.00195158
-0.00936931
0.00473986
0.00556643
0.00134037
-0.000625389
0.00466364
0.00663182
-0.00107591
0.000299063
0.0057516
-0.00216596
-0.00388472
-0.00329257
0.0037301
0.00485621
-0.00529377
0.00189432
0.00259304
-0.00230603
-0.00218132
0.00264807
0.00235975
-0.00544938
0.00145712
-0.00186796
0.005106
-0.00204114
-0.000327395
-0.00127378
-0.00457332
-0.00153516
0.0041395
0.00890041
0.00287615
-0.00779875
0.00527834
-0.00521301
0.000240359
0.00338111
0.00225406
0.00479733
-0.00845391
0.000112167
-0.00246615
0.0093978
-0.00180684
0.00625813
-0.00433913
0.00137824
-0.0074561
-0.0015654
0.00622489
-0.00505143
0.00327469
0.00572802
-0.00273382
-0.0070577
0.00659501
-0.00244657
0.00290925
-0.00538245
0.00533099
-0.000625045
0.00332737
-0.00829242
0.00401742
0.00503169
-0.00773069
5.76451e-05
-0.00451969
-0.00714124
-0.0011179
0.000528481
0.00118821
0.00602471
-0.0024386
-0.00477429
-0.00424464
-0.00320437
0.00232139
0.00494231
-0.00205431
-0.00579416
0.00144483
0.00640366
-0.00380612
-0.000928045
-0.00109728
0.00665587
0.0046511
-0.000700595
0.00199003
-0.00148923
-0.00149717
0.000923324
0.00639939
-0.000868223
0.00807102
-0.000851639
-0.00629606
0.00766203
-0.00894683
0.00586399
0.00962427
0.00901945
-0.00837892
0.00532723
-0.00784863
0.0012436
0.00127781
-0.00354215
-0.00424935
-0.00115531
0.000645342
-0.000778268
-0.000320527
0.00773696
-0.00289257
0.00449112
-0.00524942
0.00347286
0.000612563
-0.00510688
0.00403865
-0.00861825
0.0101683
0.00176087
-0.00112973
0.00167534
-0.00241361
-0.00510179
0.00290419
-0.00168856
0.00389549
-0.000445238
-0.0017617
0.00318021
0.0025131
-0.00164943
-0.00588934
0.00731345
0.000565916
0.00553703
-0.00414759
0.00422145
-0.000103935
-0.0054447
0.000772664
0.00477597
0.00699461
0.00116954
0.0084972
-0.00692494
-0.00265476
0.0010825
0.00556985
-0.00359298
0.00283443
-0.000601894
-0.00658269
0.00066782
0.00510545
-0.00552277
0.00501654
0.00713866
-0.00149757
-0.00388022
0.00422996
-0.00459891
0.00161256
0.00955255
0.000475606
-0.000578917
0.00451743
0.0021816
-0.00612011
0.000217078
-0.00299283
-0.00341452
0.00619026
-0.00151165
-0.00161861
-0.000643232
0.00377347
-0.00792073
0.00585258
-0.000603877
0.00806805
0.000838898
0.00133429
-0.00456985
-0.00197746
-0.00735733
8.23348e-05
-0.0047533
-0.00655003
0.00611797
-0.000685785
-0.00923708
0.00727462
-0.00446118
-0.0107261
0.00791265
0.00529433
-0.00163327
0.00449806
-0.00134915
-0.00528001
0.0060157
0.000613467
0.0015624
-0.00448479
-0.00202343
0.00193362
0.00549509
-0.005378
-0.0010777
-0.000823369
0.00641849
-0.00509028
0.00176758
0.00399052
0.00273012
-0.00244643
0.000403355
-0.000687047
0.000643802
0.0026466
0.000391844
0.00194346
-0.003374
-0.00207769
-0.000899432
0.00453815
-0.00386514
0.000399567
-0.00107261
0.00482192
-0.00533257
-0.000524364
0.000751841
0.00094977
-0.0037815
0.00230734
0.000772319
-0.00038561
0.00281472
-0.00320147
0.00136218
0.00239982
-0.00469198
0.000276403
-0.0034451
-0.00045651
0.000703129
-0.000310642
-0.00223398
-0.00494836
0.00285953
-0.0020355
0.000507847
-0.00281435
0.00521627
-0.0029098
0.0042672
-0.00547964
0.0090657
-0.00601033
-0.00288674
-0.000168643
0.000896896
-0.00184424
-0.00074469
0.00135954
0.00445187
-0.00506672
-0.00556462
0.00682008
0.00398429
-0.000687227
-0.00252118
-0.00917457
0.00321708
0.00343632
-0.00600177
0.00534897
0.00243776
-0.00119206
0.00200284
-0.00324855
0.00126707
-0.00467843
0.000520024
0.00289133
-0.00144368
-0.00767492
0.00465483
0.00401491
0.00230662
-0.00815421
0.00387085
-0.00466624
-0.00630093
0.00582024
-0.000280561
-0.00115276
-0.000463853
-0.0046522
0.00163571
0.00255263
0.000587054
0.00208273
-0.00429389
0.000422355
0.00112498
-0.00560911
0.00324837
0.000719544
0.000573968
-0.00154527
0.00123157
0.00173077
0.000889484
-0.00385186
0.00325739
-0.00230639
-0.00574167
-0.000475156
-0.000348777
-0.00107797
-0.00612719
-0.00224314
-0.00518465
0.00439218
-0.00681165
-0.0031346
-0.00025415
-0.0032127
-0.00573723
0.00543268
-0.00374879
0.00550381
-0.00355279
0.00484009
-0.00711582
0.00225078
2.49498e-05
0.000165448
-0.00790288
-0.00033998
0.00365834
0.00198594
-0.0053043
-0.00695629
0.00525769
-0.00656672
-0.00693652
-0.00124864
0.00204043
0.00420084
-0.00116035
0.00835733
-0.00353864
4.90351e-05
-0.00582677
0.00396376
0.000853385
-0.00346605
-0.00233059
0.00664559
-0.00346161
-0.00172751
-0.000163051
-0.0025946
0.00683677
-0.00293851
-0.00130366
0.00533786
-0.00747166
-0.00426789
-0.00271597
0.00243861
-0.00206244
-0.000718826
0.000342649
-0.00178188
-0.00217526
-0.000310756
0.0026527
0.00121563
-0.00402649
0.000158168
0.00374771
0.00354692
-0.00485604
-0.003205
-0.00182378
-0.00479707
0.00440751
-0.000346265
0.00360418
0.00210415
0.00327425
0.00103518
-0.0018616
-0.00228755
0.000672792
-0.0026533
0.0032166
-0.00118059
-0.00281961
-0.0029189
-0.000782827
0.00353241
-0.0013576
-0.00355922
0.00369657
-0.000574024
-0.00212204
0.00167484
-0.0001268
-0.00037974
-0.00224275
-0.000886902
0.00350939
-0.00393746
-0.000992208
0.00564763
-0.00450216
-0.00464081
0.00477215
-0.00552146
-0.00143534
-0.000798954
-0.00107664
-0.00352751
0.00165975
-0.0035533
0.000348241
-0.00401961
0.00207631
-0.00267875
0.00417598
0.00199051
-0.00330695
0.000437593
0.00539695
-0.000345337
-0.00272761
-0.00232398
0.000150902
-0.0037181
0.00332043
0.000246792
-0.000950234
0.00173465
-0.00254535
0.00176094
0.00237065
-0.00213757
-0.00387522
-0.00474794
-0.00112482
0.00263236
0.00324041
0.00264714
-0.000414544
-0.00214935
-8.32476e-05
-0.00448546
0.00453025
-0.00522152
0.00265351
-0.0022058
-0.00957888
0.0026613
0.00674149
0.000176119
-0.00793996
0.0020808
-0.00389276
0.00612267
-0.00380865
0.00154061
0.00159729
0.00715529
-0.000995658
-0.00775693
-0.00133333
-0.00362261
-0.00127879
0.00440771
-0.00212327
-0.00342482
0.00114039
0.00250049
-0.00192716
0.00272478
0.0030399
-0.00168184
-0.00408281
-0.00440411
0.00249583
0.0031078
-0.00349253
-0.0050366
0.00325674
-0.00225965
0.00290629
-0.000727286
-0.00286939
0.000690478
-0.00101387
-0.000572042
-0.00501293
-0.000270567
0.00345515
-0.00433811
0.00562934
-0.00500728
0.00567374
-0.00764897
0.000195653
0.00522097
-0.000234248
0.00121647
-0.00175938
-0.0015697
0.00211263
0.00175672
0.00159286
-0.00282618
-0.000692374
0.00891502
-0.00635626
-0.00374364
-0.00511174
0.00695658
0.0011935
-0.00245069
0.00807979
-0.0020523
-0.00483395
0.00271383
-0.00137752
0.000957941
-0.00229421
0.00576
-0.00587111
0.00475778
0.000326704
-0.00507702
0.0099096
-0.00208344
0.00112223
-0.000827747
0.000660198
0.00145562
0.000622644
-0.00273846
0.00234874
-0.00395167
0.00368661
0.00185667
-0.00441688
-0.00287723
0.00292011
0.0027594
-0.00670684
0.000663817
0.00328362
0.000131898
0.000987733
-0.00288135
-0.00253735
0.00190691
-0.00285363
-0.00039773
0.00461096
-0.00135964
-0.00108424
0.00209662
-0.00502303
-0.00654283
0.00591955
-0.0012526
0.00187592
-0.000112203
0.00789609
-0.00961302
0.00182916
0.0107744
-0.00347773
-0.000691154
-0.00506819
0.00334626
-0.00223135
-0.0116639
0.00451146
-0.000107542
-0.00214327
-0.00789582
0.00673625
-0.0104164
0.00240836
-0.00411999
-0.00380509
-0.00409681
0.00398549
0.000236027
0.00019662
-0.00523141
-0.00137801
-0.00706208
0.00107289
0.00160975
-0.00454284
0.000945313
-0.00641864
0.00536941
0.00937307
-0.00649767
0.00730354
-0.00202446
0.00844743
-0.00309772
0.00671595
-0.0092185
-0.00766743
0.00733063
0.000729347
0.00853359
-0.00176153
-0.000760159
-0.000971553
-0.000522367
0.0104183
-0.00916659
0.00349981
-0.00263823
0.00653612
-0.00357679
-0.000404197
-0.00419074
0.000448222
0.00782022
-0.00173233
-0.00288181
0.00354564
0.00360766
0.0013803
0.00129494
0.00764865
0.00503879
-0.0023032
-0.00144066
-0.00122569
0.003812
-0.00202371
-0.000373448
-0.00204079
0.00841081
-0.000560162
0.00303112
0.00168276
-0.00476594
5.20497e-05
-0.00581362
-9.81127e-06
0.0031447
0.000193282
-0.00178962
0.00446107
-0.00550643
-0.00301136
-0.0024698
-0.00521735
0.00606508
0.00190182
0.000162894
-0.00447527
0.00320156
0.00111083
0.00129475
0.00229703
-0.000344022
-0.000747314
-0.00400416
0.000498367
0.0042531
0.00386464
0.00217637
0.00212203
0.0046099
-0.00486544
-0.00186647
-0.000371228
0.00437646
-0.00194557
0.00439985
-0.00365866
0.0038394
0.000265872
-0.00245447
-0.00320485
0.000714461
0.00392
-0.00229961
0.00370745
0.00415616
-0.000934321
0.0011517
0.00174009
-0.00195745
0.0039934
-0.000549016
-0.000425348
-0.00284036
0.000908804
0.00235691
-0.00292847
0.0023335
0.0008539
0.0013048
0.0025645
-0.00363857
-0.000230719
0.00322226
-0.00246304
-0.000880161
0.00327426
0.00169117
0.00216062
0.000115072
-0.00254971
-0.0020556
0.00260544
-0.00261377
-0.000832198
0.00260707
-0.00288626
-0.00167048
0.0038398
-0.00170893
-0.00223222
0.00243308
0.00483793
-0.000693518
-0.00473343
0.00528849
0.000138474
0.00211017
0.000361712
0.000349764
-0.00282169
0.000536737
-0.00120863
0.00281403
-0.0032545
-0.00441212
0.0010649
-0.00325508
-0.00120279
-0.00318182
0.00112951
-0.00224399
-0.00102685
5.81227e-05
-0.00488748
0.0030571
0.00348902
-0.00558789
0.00547212
0.00598229
-0.00205335
0.00294206
0.0027158
-0.00298264
0.00406332
-0.00344442
0.00439754
0.00119434
-0.00450676
0.00389255
-0.00287119
-0.0033246
-0.00699196
-0.00343446
0.00755525
-0.00688851
0.00471002
0.00146862
-0.000179993
0.00657745
-0.00786607
-0.00326425
-0.00264354
-0.000635007
0.00748185
0.00487339
-0.00738727
-0.00437462
0.000979416
-0.0030304
-0.0056032
0.00821617
-0.0101178
0.00889618
-0.00790916
0.00576203
-0.00179049
0.00176632
-0.00250168
0.00086933
-0.00698994
0.00967385
0.00123564
-0.00391954
-0.00209435
-0.000541593
0.00216731
0.00845612
-0.00924612
-0.00137731
-0.00250393
0.00190252
0.0051129
0.000609139
0.00341094
-0.00702153
0.00300147
0.00779938
-0.0058781
-0.000864411
-0.00105688
-0.00654106
0.0059624
-0.00192301
0.00191997
-0.000729566
-0.00669881
0.00550842
0.00855133
-0.00154578
0.00366715
0.00700751
-0.00647703
-0.00773703
0.000350807
-0.00230063
-0.00349694
0.00544678
-0.00249659
0.00235272
-0.00611054
0.00625443
0.00924
-0.00333113
0.0021286
-0.00117842
0.00136644
0.00690949
-0.00374808
0.00157072
0.00546132
-0.00221494
-0.00090524
-0.00234114
-0.00339247
0.00290773
-0.0105138
0.00131633
0.002306
0.00395759
0.00805803
0.00130501
0.00336946
0.00290307
-0.00590957
0.00338292
-0.000865843
0.00397707
-0.00521279
0.00528149
-0.000589476
0.00495437
-0.00625919
9.40068e-05
0.00417837
-0.00332262
0.000548292
0.00563409
0.00363394
-0.00549379
0.00400493
-0.00601276
-0.00361854
-0.00359628
0.00398544
-0.00335605
-0.00343127
0.00441554
-0.000435988
0.00080697
0.000228659
0.00541575
-0.00094432
-0.00234624
0.00300735
-0.00350294
0.00303302
-0.00253738
0.00193289
0.000263366
0.00267938
-0.000443591
0.00260545
-0.00273403
-0.000438982
0.00105641
0.00211667
-0.00118065
0.0013112
0.00257803
-5.67893e-05
0.00120295
0.0026589
-0.000605078
0.00138545
0.00112672
0.000648092
0.000338727
-0.00211344
-0.00135203
0.0007967
-0.000943869
0.00149922
0.00184176
-0.00235949
0.00199771
0.00067962
-0.00238955
-0.00243995
0.00366691
-0.00157019
0.00415915
0.00162847
-0.00354233
0.00227749
0.00359516
-0.0023303
0.00472513
0.00646314
0.00240065
-0.00524765
-0.003468
0.00382007
-0.00158129
-0.00394851
0.00196678
0.0015297
-0.00644096
0.00351886
-0.00664099
-0.00315214
-0.00377052
0.00237193
0.00391323
0.000759449
-0.0010098
-0.00224987
0.00578497
0.00546265
-0.00473646
-0.00462702
0.00390078
-0.00282605
0.00461593
-0.00379133
-0.00208515
0.00122953
-0.0017284
-0.00110968
0.00916533
-0.00632721
-0.00178877
-0.00251108
9.12964e-05
-0.000985507
-0.00291956
0.000631101
0.00327402
-0.00572798
0.00650135
-0.00188305
0.00280549
-0.0002253
0.0018907
0.00256609
-0.00131415
0.00182703
0.0018408
-0.0016143
-0.00142119
0.000219654
0.00157402
-0.00168921
0.000112615
0.00340363
0.00516808
-0.00122295
-0.00339548
0.00090266
0.00206893
-0.000575269
-0.000772757
0.00391253
0.00242375
0.00146558
-0.00364328
0.00366124
0.00266025
-0.00133722
-0.000387651
-0.00305274
-0.00304055
0.00498699
-0.00309232
0.0045034
0.00308061
-0.000278802
-0.00206171
0.00372598
-0.00207407
-0.000910893
-0.00161818
0.00203874
0.00100825
-0.000497074
-0.000343192
-0.000376822
0.00121711
-0.00157836
-0.000724158
0.00153027
0.00600828
-0.00375264
-0.00721825
0.00238611
-0.000805596
0.000658532
-0.00100628
0.00115332
0.00179741
0.00306105
0.00415741
-0.00901582
-0.00236971
0.00389764
0.00950115
-0.00765405
0.000667868
0.00125797
0.00282435
0.00942182
-0.00754562
-0.00241776
0.00674871
0.00401042
-0.00781425
-0.000520121
0.000489577
-0.000258523
0.00191647
-0.00094009
-0.00131959
-7.16812e-05
-0.000439854
0.000903352
-0.000391827
-0.00766731
-0.00882508
0.00385965
0.00730806
0.00724345
0.00549513
-0.00407572
-0.00866284
0.00181474
-0.00236453
0.00246003
-0.00204879
-0.000795349
0.000384123
-0.00744778
0.006033
0.00587184
-0.00395416
0.0043822
-0.00873929
0.000827051
0.00353008
0.00782739
-0.00853016
0.00563279
0.00469483
-0.005119
-0.000518996
-0.00331297
-0.00334087
0.00133179
-0.00800115
0.0100102
-0.00751278
0.00268314
-0.00512177
-0.000865543
0.00455994
-0.000785372
0.000983336
-0.00475791
-0.00611224
0.00624878
-0.00989505
-0.00370391
0.000178519
0.00726905
-0.00374365
0.00203865
-0.00310903
-0.00674386
0.00230373
-0.0113242
-0.00566865
0.00747948
-0.00704471
0.00887445
-0.00348644
-0.00670812
0.00209773
-0.00473241
0.00934279
-0.00249746
0.00363032
-0.00422575
0.00517868
0.00377569
-0.00169334
0.00309636
0.0002917
0.00145617
0.00156622
-0.00064726
0.00338376
-0.00430272
0.00934336
-0.00899171
-0.000816456
0.00608367
-0.00249372
-0.000258187
-0.00472233
0.000127758
-0.00224844
0.00174387
-0.00727202
0.00415494
0.00121393
-0.00443015
0.00334397
0.000301633
7.84842e-05
-0.000925762
0.00114892
0.00503491
0.00136762
0.0020449
-0.00344792
-0.00764599
0.000691003
0.00486758
0.00377018
-0.0063091
0.0031053
-0.00593314
-0.00106492
-0.00660238
0.00112929
-0.0021729
-0.00201653
0.000215072
-0.00341589
0.00081603
-0.000618689
0.00436259
-0.00612842
0.00400754
-0.00150173
0.00196968
-0.00680785
0.00479388
4.42976e-05
0.0022706
0.00121892
-0.00291557
-0.00179871
-0.00466743
0.00728215
-0.00425861
0.00589528
0.00404252
-0.0024154
-0.00550659
0.00102272
0.00239551
0.00208836
0.00130956
0.000656872
-0.00224517
5.8366e-05
-0.00436877
0.00381205
0.00176349
-0.0070065
0.00143096
0.00261555
0.000692828
-0.00331413
0.0085015
-0.00202802
0.000298297
0.00284605
-0.00111633
0.00146589
-0.00208428
-0.00191147
0.00423991
-0.000244148
-0.000614725
0.00257513
-0.00100435
-0.000956055
0.00579114
0.00270353
-0.00807801
0.00252113
0.00655232
-0.000993618
0.00352527
-0.00418913
0.00557998
-0.001332
-0.000417286
-0.00383058
-0.00300159
0.00512328
0.00345832
0.00132521
0.00188707
0.00298106
0.00157876
0.00107402
0.00470111
0.0029304
0.000163319
-0.000171014
0.00376598
0.00160117
-0.00142845
0.000213977
-0.000386692
0.000310406
0.000356959
-0.00124416
0.000576802
0.00168451
-0.00440165
0.00474548
-0.00442705
-0.00062395
0.00673562
0.000790389
-0.000634682
0.00411634
-0.00427201
0.00306289
0.00698434
-0.00568866
0.00412312
0.00549742
0.000384448
-7.29957e-05
0.00262343
0.0036634
-0.00274831
-0.00219388
0.00199789
0.00458981
-0.00238743
-0.00020449
0.00460716
0.00508586
0.00309657
0.000386721
-0.0105906
0.0101534
5.04814e-05
0.00666796
0.00221285
-0.00733813
-0.00154267
0.00342746
-0.00417022
0.00698959
-0.00624685
-0.00569935
0.0042925
-0.00325927
-0.000659963
0.0038321
0.000884728
0.00688136
-0.0066745
-0.00109159
-0.00100502
-0.00942699
-0.00403568
-0.00287892
-0.000922185
-0.00526042
0.0021469
-0.00183377
-0.00328979
0.011659
-0.000167134
0.00252766
-0.00210484
-0.0024854
0.00206261
-0.000631981
0.00457042
0.000321415
0.00231702
0.00547684
0.00160337
0.00353485
-0.00331114
-0.00182708
0.00337756
0.000886892
0.00164487
0.000942257
-0.00097814
-0.000433192
0.00202919
0.00238572
0.00139562
-0.000744863
0.00164773
0.00116258
0.000578102
0.000252138
-0.00199281
-0.0010663
-0.00155742
0.000489889
0.00096993
0.0024995
-0.00184539
-0.00492953
-0.00132912
-0.00313712
0.00177096
3.70181e-05
0.00591289
-0.00127872
-0.00331005
0.000171251
-0.00217429
0.00193037
0.0020596
-0.00394794
0.00298479
-0.000838084
-0.00367797
-0.00243195
0.00476638
-0.00109092
0.00426304
-0.00129546
-0.00311297
0.00241221
0.00199624
-0.000146195
-0.00254378
0.00408266
0.00566578
0.00149274
-0.00640518
0.00404015
-0.00499443
0.00106843
0.0017518
0.00196041
0.00660438
-0.000667049
-0.000366306
0.000789859
0.00225381
0.00366197
6.89575e-07
-0.00210279
0.00156553
0.000635019
-0.000942212
0.0016987
0.000585476
-0.000588247
0.0019595
-0.00322094
0.00275541
0.000902389
0.00337482
-0.00578364
-0.00298492
-0.00114783
0.00276078
-0.00401764
-0.00129892
0.00253472
0.00111294
-0.00421426
-0.00157713
-0.0026158
0.00500538
-0.000812478
0.00427577
-0.00330996
0.0015858
0.00250223
0.00123919
-0.00215562
-0.000797639
-0.00172834
0.00322453
0.00258645
-0.00242288
-0.00275013
0.00569243
-0.000519433
-0.00498411
0.00111583
0.00213993
-0.00373689
-0.00229817
-0.00300509
0.00156636
-0.00414272
-0.00164868
-0.0030422
-0.00404221
-0.000158278
0.00115827
-0.000557604
0.00107906
-0.00459468
0.00121745
0.00181122
-0.00110954
-0.000119067
0.00166718
0.00170556
0.00199335
-0.00499783
-0.00269929
0.00169092
0.00299217
0.00018712
-0.000266707
-0.00207651
-0.00109453
0.00384716
-0.000676091
-0.00370362
0.00264532
-0.000498218
-0.000947361
0.00486982
-0.00119388
-0.0028199
0.000578532
-8.75085e-05
-0.00122805
-0.000663606
3.80814e-05
0.00185357
-0.0157893
-0.0270875
0.00121634
-0.00507599
-0.00396228
0.00200368
0.0140424
-0.0120838
-0.00367628
0.00481689
-0.0010793
0.000953127
-0.00935218
0.00672476
0.00167429
-0.00227668
7.29498e-05
-0.00185525
0.004059
-0.00485764
0.000215124
0.00207277
0.00256972
0.00298988
-0.00263897
0.0052219
-0.000133241
-0.00198128
0.00120605
-0.000280367
-0.00177643
0.00399427
-0.00193745
0.00495529
-0.00405341
-0.00139259
0.00124088
-0.0025493
0.00270099
0.0035583
-0.00174671
-0.00244884
0.000637252
-0.00155829
0.00436553
0.00614695
-0.0051285
-0.00130494
0.00163689
-0.00183615
-0.00230497
0.00214308
-0.00250454
-0.00197095
0.00233241
-0.000748671
0.001777
-0.00330164
0.0022733
-0.00335644
-0.00174669
0.00104971
-0.00481494
0.00236092
0.00114907
0.00504469
-0.00471586
0.000376877
0.000552722
0.000927962
0.00372186
0.000394862
-0.000569819
-0.000231555
-0.000165621
-0.00167595
-0.00165356
0.00349515
0.00280285
0.00305588
-0.00204184
-0.00272159
0.00170753
0.0046651
0.00247588
0.00207015
-0.00290419
0.0029943
0.000930797
-0.00293359
-0.000803957
0.00257935
-0.0028358
0.00179604
0.000456621
0.00398472
-0.00103458
0.00138668
0.00215107
0.00327848
-0.00060788
0.00256537
0.00157919
-0.0011303
-0.000113576
-0.000797164
0.00204105
0.00103891
0.000774297
-0.00117979
0.00108194
0.00290071
-0.00265916
0.000484149
0.00158976
0.00216453
-0.00456888
0.000814598
0.0020331
-0.00264549
0.00533666
-0.000111797
0.000991558
-0.0116943
0.00191248
0.00879023
0.00109708
-0.0108367
0.00577735
-0.00700576
0.00516152
-0.00829155
-0.00193382
-0.00220715
0.00100296
-0.00592919
0.00599903
0.00324302
-0.00577075
0.00125336
-0.0040124
0.000693664
0.00465524
-0.00133652
0.00255597
0.00455405
-0.00180037
-0.00530959
-0.000797365
0.000871992
-0.00151837
0.00238346
-0.00113702
0.000271886
-0.00366186
0.00361789
-0.000753418
0.00220517
0.0026333
0.00354279
-0.00142079
0.00447606
0.00345214
0.00483059
-0.00539028
0.0028657
-0.00129528
0.00181213
0.000647737
0.010156
-0.0126159
-0.00792755
0.00461488
-0.00308701
-0.00562411
0.000277359
0.000266981
0.00209223
0.000856136
-0.00182574
-0.00954692
0.0105165
-0.000580309
-6.40581e-05
-0.000639496
-0.00177261
0.00115008
0.00247601
-0.000350306
-0.00422851
-0.00181817
0.00154447
-0.000534578
-0.00202561
0.000336084
0.00222403
-0.00232253
0.00512338
0.00184251
-0.00167546
-0.000928504
0.0028934
-0.000122395
-0.000935517
0.000363277
0.00304824
-0.00379921
0.00381317
-0.00229474
-0.00145874
0.000571142
0.00347417
-0.00258659
-0.00293696
0.00463886
-0.00126637
0.00214073
0.00146519
0.000179236
0.00187497
0.0153095
-0.0173637
-0.0059756
0.00697638
0.00585044
-0.0044637
0.00181543
-0.00250697
-0.000512543
0.00169772
-0.00201561
-0.00126646
-0.00533466
-0.00509314
0.00513218
-0.00636643
0.00118869
-0.00819636
0.00670565
0.00030202
-0.00542269
0.0046032
-0.000754876
-0.00330612
0.000956146
0.00199964
0.00256016
-0.00133424
-0.000862666
0.00467945
-0.000889363
0.00128826
0.00266212
0.000729051
0.00317284
-0.000522597
0.000784366
-0.000195956
-6.58249e-05
0.000154762
0.00047934
0.00253872
-0.00377821
0.00387822
0.00242684
0.000974985
-0.000628549
0.000685813
-0.0079051
-0.00330804
0.00279089
-0.00287424
-0.00240371
0.0013823
-0.00165122
-0.0012495
0.00323005
0.00215531
0.00458465
0.000235109
0.00285011
0.00281006
0.000402934
0.00247519
0.00170651
-0.00245461
0.00525864
0.00252422
0.00238137
0.000635898
0.0040196
-0.00218033
0.00157476
0.00365747
-0.00238217
-0.00431135
0.00115531
0.00304384
0.00296256
-0.00362504
-0.000197365
-0.00150677
-0.00268954
0.00470343
0.00264473
0.000418551
0.000295721
0.00398921
-0.004778
0.00120263
0.00125338
0.00232198
-0.000475759
0.000102913
-0.000818624
-0.00308682
0.00298639
0.000261117
0.00243979
0.00421322
-0.00430328
-0.00234976
-0.000580814
-0.000451236
-0.00386437
0.00489641
0.00677739
-0.00226048
0.00476283
0.0033019
-0.00278691
-0.000412084
-0.00311807
0.00327399
-0.00221781
0.00248737
0.000348045
-0.00577876
0.00126886
0.00416185
0.000645429
0.000123152
-0.000130678
-0.00232839
0.000908704
0.0015504
-0.00621567
0.0011884
-0.00406005
0.00324934
-0.00501188
0.00603594
-0.000977684
-0.00518892
-0.000494725
0.00700913
0.00409461
-0.00409855
0.00165214
-0.00223433
0.00199266
-0.00189843
0.00368292
-0.00377718
0.000346271
0.000939598
-0.00478147
0.000545089
0.00349968
0.000736764
-0.00253257
-0.00190261
0.00060123
-0.00320509
0.00047768
-0.00216695
0.002941
-0.0018981
0.00164908
-0.0017516
0.000293679
0.000416153
-0.00168166
0.00474742
-0.000124747
-0.0056629
0.00521136
-0.00146717
0.00134201
0.0038836
0.00345815
-0.00717049
4.03995e-05
-0.00312122
0.00358597
-4.15362e-05
0.0106471
-0.00873065
-0.00537134
0.00494864
-0.00203747
0.00140587
-0.0058297
-0.00669907
0.0111229
-0.00239102
0.000873442
-0.00432768
0.00584529
0.00541825
-0.00410436
0.00182689
0.00239615
-0.000820869
-0.00132351
0.00559652
-0.00399262
0.0052352
0.00166237
-0.00211221
-0.00457737
0.00196129
-0.000588036
0.00320412
-0.00360869
0.00146303
0.00266341
-9.62176e-07
0.00303349
0.00274816
-0.00313926
-0.00302946
0.00486248
0.00130625
-0.00118742
0.00340005
0.000779529
0.00130923
0.00157243
0.00417726
-0.000353196
0.00635733
-0.00567936
0.00390535
-0.00237341
0.000240262
0.0100385
-0.00790535
-0.00344067
0.00448393
0.000522763
-0.00428912
0.00542869
-0.00444746
0.00359678
0.00224042
0.00110939
0.00211294
-0.000645779
-0.00138207
-0.00011146
-0.00371031
0.00196436
0.0018574
0.00242108
0.00207243
0.00265615
-9.21031e-05
0.000575446
-0.00613738
-0.00262116
0.00394323
0.00409614
0.0019078
-0.00299265
0.00453903
0.00118773
-0.00273414
0.00696737
-0.00103887
-0.00605014
0.00604696
0.001042
0.00575128
0.000193164
-0.00600576
-0.000518362
0.000814617
0.00424276
-0.00322346
0.0011619
-0.00138543
-3.75961e-05
-0.00113008
0.00382375
-0.00380875
0.00483283
0.000217661
-0.00124174
0.00516625
0.0027793
-0.00710183
-0.00084373
0.00330707
-0.00174229
0.00556905
-0.00429915
0.00355104
0.00249433
0.00529729
7.19389e-06
0.00106994
-0.000735761
0.00702888
-0.00412572
-0.00479734
0.00331328
0.0012815
0.000202549
0.00106612
0.00248171
-0.000331196
0.00161138
0.00209711
0.00286872
-0.00599592
0.00130084
0.00182637
0.00462192
0.00241559
-0.00542606
0.00582819
-0.00325362
0.00279963
-0.00672564
0.00151062
0.0011766
-0.00192212
-0.00429928
-0.000342953
-0.000788814
-0.00202816
0.00408206
-0.00126509
-0.00116592
0.00139851
-0.00501986
0.00109052
-0.00412074
0.00517094
0.00441344
-0.0041301
-0.00441363
0.00141363
-0.00256142
0.00229997
-0.00422192
0.00448339
-0.00113359
-0.00309457
0.000449939
-0.00184079
0.00147185
0.00115237
-0.000505788
-0.000404294
0.00538853
-0.00177681
-0.00320741
-0.00101508
0.00130196
0.00139892
0.00496181
0.00107559
0.00442877
-0.00106093
0.00460845
-0.00324503
-0.000829806
0.000152969
0.00319947
-0.00252264
-0.00481627
0.00531861
-0.000609609
-0.0030604
0.000436552
0.00544738
-0.000624047
-8.07128e-06
-0.00267402
0.0048477
-0.00318605
-0.00297645
0.00709721
-0.0122407
0.0108078
-0.00752317
0.00127642
0.00394501
-0.000105383
0.00167609
-0.00219479
0.00120762
0.00161949
-0.00536406
0.000785299
0.000538568
0.00404018
-0.00543948
0.00432117
-0.000464653
0.00158295
0.00589836
0.00150316
0.0017489
0.0059206
-0.00449026
-0.000300151
0.00642966
0.00186996
0.000874195
-0.00580424
0.00306008
0.000819312
-0.000803051
-0.00450654
-0.00030552
0.00388283
-0.00275801
-0.00783084
0.00255218
0.00174423
0.00353442
0.00496711
-0.00154876
-0.00108803
-0.00233033
0.00246764
-0.00347122
0.00381577
0.00144843
-0.00246779
0.0014234
-0.00131562
0.000501006
-0.000101119
0.00532083
-0.00471104
0.00172768
0.0055339
0.000735231
0.00516143
-0.00599779
0.00639251
-0.00224636
0.00229223
-0.00624199
0.000639826
0.00109561
0.00466365
0.00024968
-0.00715971
-0.00513856
0.00540161
0.00512994
-0.00113596
0.0012745
-0.00590483
-0.000549346
0.00178562
0.00263973
-0.00417568
-0.00127917
0.00380629
0.000713808
-0.00034131
0.0048472
-0.00461338
-0.00315337
0.00306565
-0.000974636
0.00106233
0.0029561
0.00736667
-0.00183578
-0.00756363
0.00561282
-0.00702121
0.00408768
-0.00532428
0.00022154
-0.00453745
0.000196103
-0.00272602
0.0033152
-0.000477269
0.00590902
-0.000584556
0.00314142
-0.00153148
0.00115523
0.000726335
-0.00438738
0.00129658
-0.000575385
-0.00426873
-0.00244925
0.00337168
0.000948505
-0.00074206
-0.00100599
0.00392588
0.00235803
-0.00339883
0.00382853
0.0052266
-0.00645909
-0.00384732
-0.00273947
-0.00185904
0.000751197
0.00216082
-0.00306111
0.000683207
0.00473881
-0.0056272
0.00247196
0.00234854
0.000806682
-0.000720236
-0.00137815
-0.00352881
-0.00192826
-0.000349929
0.000271579
-0.00554654
-0.000198405
0.00547333
0.00617389
-0.000414059
0.00532606
-0.00184556
0.000426548
0.00155738
-0.00143585
0.00523933
0.00013972
0.00105697
0.00379754
-2.16239e-05
-0.00384292
-0.00151888
0.000645935
-0.0035075
0.00282557
-0.00225693
0.00121337
-0.00119531
0.00130848
-0.00162132
-0.00446088
0.00149112
0.00459107
-0.00397747
-0.000918946
0.00178345
-0.00224171
-0.000544921
0.00399269
-0.00204322
0.0055578
-0.00462379
0.000454459
0.00382443
0.000344898
0.00313599
-0.00116894
0.0020154
0.00229513
-0.00314158
-0.00174928
5.77366e-05
0.0042192
-0.00264006
-0.00184039
0.00369002
-0.0017919
-0.00175364
-0.00325882
-0.00258991
0.00455736
0.00163914
0.00458245
-0.000295902
-0.00213266
0.00586892
-0.00641266
-0.000720187
-0.00330576
0.00350893
0.00539886
-0.000642623
-0.00261315
0.00538494
0.00229666
0.00196352
0.00047889
0.00319704
0.00311327
-0.0012352
-0.00138829
0.0056046
0.00327716
-0.0047377
0.000955832
-0.00247106
-0.00277597
0.00627841
0.00154591
0.00139523
0.00314041
-0.000594548
0.00192208
0.00288802
-0.000978986
-0.00383107
0.00422918
0.00182783
0.00225093
0.00333614
-0.00433451
-0.00655069
-0.000415292
-0.00285428
-0.000467307
0.0040538
-0.00271163
-0.000874865
-7.45881e-05
0.00444815
-0.00156316
-0.00155076
-0.00272733
-0.0034935
0.00319766
-0.0015346
-0.00215507
-0.000666219
0.00435588
-0.000458838
0.0017746
0.00206003
-0.0016669
0.00121712
-0.00274235
-0.0028578
0.004383
0.000438668
-0.00149692
0.00441422
0.00020132
-0.00267559
0.00138341
0.00173084
-7.3234e-05
0.00526156
-0.00466559
-0.00074131
-0.0075146
0.00588248
0.00264514
0.0027447
0.0026961
-0.00486438
0.00064939
0.00439538
-0.00251492
0.00476014
0.000416587
-0.00305761
0.00210857
0.00101478
-0.00143413
-0.00283196
0.000997562
-0.00122323
-0.00115949
-0.0037046
-0.00375187
0.00511578
0.00234067
-0.00197627
-0.00100827
0.00295614
-0.00507555
0.000355736
-0.00056943
0.00528923
0.00306233
0.00164647
0.00320221
-0.00458911
-0.000259562
-0.00229053
-0.00760142
0.0135241
-0.00363218
-0.00115835
0.000869199
-0.00197917
0.00226829
0.00370585
0.00202155
-0.00228065
-0.00128035
0.00199136
0.00320467
-0.00468754
-0.000797777
-0.000717053
-0.00551031
0.00451813
-0.00138217
0.00153907
-0.00862897
0.00847211
0.00115279
0.00862609
-0.00346758
-0.00631124
-0.0061198
0.00603619
-0.00568615
0.00324148
-0.00338991
0.00251065
0.00102336
-0.00120336
0.00224003
0.00233295
-0.00124546
0.00146992
-0.00189606
0.00648891
-0.00312293
0.000801366
0.00208337
-0.00436185
0.00103301
-0.00375452
0.00311685
-0.000951713
0.00160472
0.00281481
-0.00265026
-0.00079872
-0.00415925
-0.000562538
-0.000899707
0.00562151
0.000608983
0.00109184
0.001114
0.000335802
-0.000387083
0.00186835
0.00310739
-0.00155233
0.000466701
-0.00231068
0.00140502
-0.00165105
-1.13416e-06
-0.000793737
-0.00233721
0.00345982
-0.000541179
-0.00133184
0.000425182
-0.00229819
0.000707577
-0.00125594
0.00185795
0.00217501
-0.00316263
-0.000389868
8.11659e-05
0.000348288
0.00419249
-0.0010071
0.00317618
-0.000171338
0.00432955
0.00254503
0.000257694
-0.00424609
0.00133414
0.00283367
0.0108595
-0.0053945
-0.00459306
-0.000759873
0.00143668
-0.00401147
0.000644267
0.0026073
0.00285363
-0.00280971
-0.000163541
-0.00455929
0.00103588
0.0037953
-0.000919525
0.00300971
-0.00219418
0.00193305
-0.000128736
0.00218503
9.58521e-06
0.000743198
-0.00184649
0.000108375
-0.00010782
0.00184593
0.00372719
0.00104793
-0.00267889
0.00480034
-0.00671275
0.00335504
0.000678819
-0.00125632
0.00689268
-0.00323082
-0.00240554
-0.000242835
-0.00495633
0.00345683
-0.00389391
0.0057255
-0.000774602
0.00752114
0.000397255
-0.00412084
0.00428653
0.00369969
0.0051106
0.00100002
0.001393
-0.00190876
0.00509151
-0.000654906
-0.00252788
7.46065e-05
0.00822134
-0.00124361
-0.00705235
0.00265633
-0.00480107
0.00336786
-0.00046002
-0.00455908
0.00450601
-0.00364513
0.00315622
0.00106828
-0.000963932
0.0013586
-0.00121585
0.000101973
-0.00231887
0.00328517
0.00879239
0.000510918
-0.00813983
-0.00116348
0.00102706
-0.000959134
0.000497237
0.00783514
-0.0011687
0.00221885
-0.000847048
-0.000203046
0.00250042
-0.00644089
0.00213116
-0.00050493
0.0029091
-0.0165765
0.0107353
0.00533631
0.00119535
-0.00135531
0.00279223
-4.04001e-05
-0.000894428
0.0014576
-0.00330066
-0.00048531
-0.00297165
-0.000626684
-0.00454219
0.00281369
0.00312684
-0.00102041
-0.00140484
0.00252539
0.00151935
-0.00209103
0.00284693
-0.00227528
-0.000641689
-0.00146939
-2.51407e-05
0.000307845
-0.00313202
0.00284928
0.00690422
-0.00243043
-0.00517152
0.00529414
0.00098582
-0.00110844
-0.00757622
6.43825e-05
0.00761381
-0.00324382
0.00382427
-0.00277456
0.00295385
-0.00206874
-0.000813658
0.00269105
0.000191343
-0.00032773
8.84312e-05
-0.00272224
0.00325836
-0.000624559
-0.000716758
-0.00215418
0.000173368
-8.178e-05
0.000397858
-0.00850241
0.00746478
0.000639766
0.0022474
-0.00350336
-0.000169039
0.000210383
-0.00452875
0.00341394
-0.000101047
0.000880765
-0.000317015
0.00409704
-0.0046608
-0.000114923
0.00161031
0.00406028
-0.00555568
0.00569533
-0.00694622
0.00130396
-0.00121083
0.00579302
0.000406656
-0.00312743
0.00514437
-0.000147629
0.00116433
-0.0069
0.0058833
0.00331714
0.00171154
-0.00137018
-0.000221242
-0.00534076
0.00382295
0.00625944
-0.005064
-0.00141668
0.00362074
-0.0199383
0.0141929
-0.00520895
-0.00642789
0.000192307
-0.000807095
-0.00308684
0.00173115
-0.00282294
0.00216216
0.00332196
-0.00345433
0.00167385
-0.000566932
0.0027261
0.00188059
-0.00156302
-0.00304368
0.000102173
0.00241245
0.00021146
0.0028831
0.00198192
-0.000890564
0.000726861
0.000444996
0.00171124
0.000741427
0.000748201
0.00790816
0.00598167
0.00154161
-0.00300512
0.0286994
0.00480689
-0.0275865
-0.00591979
-0.00448405
0.00426326
-0.000366131
0.00163164
-0.00110007
0.00225464
-0.000479257
0.0012604
0.00120076
-0.00148255
0.00194654
-0.00156408
-0.00402809
0.00354135
0.000802901
0.00439523
-0.00493086
0.00107919
-0.000653062
0.00111336
-0.00153951
-0.00237203
0.00156125
0.00539073
1.92848e-05
0.000111548
0.0037844
0.000460125
-0.00435609
-0.00050165
0.00418028
-0.0324801
0.0266733
0.00162648
0.00546461
-0.00629291
-0.00209551
-0.0012035
0.00588185
-0.00258286
-0.0033499
-0.00793849
0.00637543
-0.00507509
-0.000362957
0.00122128
-0.0026836
0.00579389
-0.00433151
0.00675694
-0.00284428
0.00320936
0.00183588
0.00304028
-0.0092884
0.00336557
0.00288259
0.0043719
-0.0044718
-0.000929582
-0.000592755
-0.000359742
0.00027937
-0.00214973
0.00298369
0.000375768
0.00128692
-0.00127799
0.00317095
-0.0032896
0.00277993
0.0116641
-0.00307374
-0.00979388
0.000368761
0.00508016
-0.00652091
0.00107195
0.00565017
-0.0025367
-0.00225864
0.00642626
-0.0017748
0.00531907
0.00454421
0.00457912
0.00402752
-0.00632156
-0.00456706
0.00305413
-0.00178469
0.00446462
-0.00493592
0.00287654
6.79963e-05
0.00292437
-0.0042759
0.00441226
0.00175651
0.00192873
-0.00120336
-0.0004893
-0.00222819
-0.0045215
0.00208495
0.00166032
0.000758846
0.00181523
-0.00423438
6.11906e-05
-0.00355563
-0.00147503
0.00135708
-0.00583476
0.00595265
0.000616539
0.00359194
0.00448541
-0.00593146
0.0054157
0.0035503
-0.000476748
0.00667092
-0.00436144
-0.000952424
-0.00530622
-0.0046472
-0.00507695
0.000951465
0.0104331
0.00782851
-0.00447168
-0.000232964
0.00125157
0.00345306
0.00393229
-0.00359991
-0.00476994
0.000328944
-0.000964454
-0.00596283
0.00659833
0.00321005
-0.0028417
-0.000945456
0.000375555
0.00259848
-0.0020286
-0.00129658
-0.000984772
0.00369728
0.00169022
-0.00342621
-0.00433116
0.000799494
-0.00236631
-0.00377789
0.0047091
-0.00359811
0.00127468
-0.00470988
-0.00136659
0.00289178
-0.00088269
0.00392686
-0.00340693
-2.15724e-05
-0.00539601
0.00349138
0.0021003
0.000263042
0.00129106
0.000214296
-0.00176833
0.000305556
0.00307436
0.00147541
0.00117804
0.00206818
-0.00472163
0.00207438
-0.000727975
-0.00193606
0.00304905
0.000185544
-0.00209683
0.00135969
-0.00161037
0.00124836
0.0023132
-0.000434587
0.00431877
0.00326758
-0.000472106
0.00152329
0.00238333
0.00146778
-0.00250657
0.000595224
0.000103837
-0.00350313
-0.00107596
0.000704158
-0.000998255
0.000871666
0.000725776
-0.00538269
0.00177914
-0.00202443
-0.00167523
0.000286309
0.0142799
0.003242
-0.0190512
0.00152928
0.00283351
-0.00811677
0.0152319
-0.00994857
-0.00206577
0.000498059
-0.000604303
-0.00478136
0.0037037
0.00936697
-0.00444451
-0.0117874
-0.000689981
0.00314494
-0.00197899
0.000750899
0.0013407
0.00125065
-0.00149863
0.00149641
0.00281621
-0.00497488
0.00216587
-0.00206041
0.0023499
0.00317603
0.00345283
0.00376615
-0.00218954
-0.00473668
0.00543485
0.00275468
0.00179323
-0.00169782
0.00138024
0.000405211
4.68728e-05
-0.00136221
0.00256602
-0.00161389
-0.00109471
0.00093495
0.00177367
-0.00575704
0.00263499
0.00130922
0.00181284
-0.00304166
0.000401326
0.00173371
-0.00445178
-0.00121984
0.00298564
-0.00329784
0.00153208
0.000248975
0.00205914
0.00235661
-0.00185917
0.00087785
0.00304051
0.00114532
0.00236318
-5.12037e-05
-0.00266018
0.0016254
0.00216997
-0.00113511
-0.000297329
0.00298921
-0.00367732
0.00490482
-0.00317863
-0.00108833
0.00478083
-0.000596683
-0.00337167
0.00293018
0.00249905
0.00269198
-0.00176263
0.00423496
-0.00280982
-0.00125436
-0.00241289
0.00266303
-0.00098412
0.0024383
0.000610716
-0.00279239
0.00468073
0.00197584
0.000996007
0.00126326
0.0039991
0.000868141
0.00561514
-0.00546926
-0.001014
0.0039754
0.00343949
-0.00420552
0.00484306
0.00117179
-0.0030696
-0.00294521
-0.000889543
0.0021045
-0.00431305
0.0022089
-0.00090913
0.0018286
-0.00163132
-0.00319276
0.00205558
0.00523773
-0.000232314
-0.00706101
-0.00698866
-0.00443176
0.00379933
0.00214238
0.000693351
-0.00261919
-0.00323829
0.00516415
0.000384262
0.00470587
-0.00289374
0.00239016
-0.00298586
0.00253043
-0.00252654
0.00058071
0.00453216
-0.00392454
-0.00118834
-0.00671687
-0.000700764
0.00430558
-0.000169858
-0.00521967
-0.00776621
0.00420551
-0.00251867
0.00352325
-0.0050613
0.00405674
0.0030245
-0.00374041
0.00437603
-0.00206063
-0.00126495
0.00760019
0.00103146
-0.000545953
-0.000751184
0.00463629
-0.00333918
-0.0032274
0.00268792
-0.0068417
0.00786501
-0.00563284
0.0068293
-0.00916259
-0.0046754
0.000429479
0.00763777
-0.00339186
0.00518249
-0.00312657
-0.00269762
-0.00833532
0.00622495
-0.00290048
-0.000518753
-0.00854985
0.00616811
0.00267641
0.000532414
0.00238671
-0.00690909
-0.000146572
-0.00288483
0.000582137
0.00529542
0.00144916
-0.00726334
0.000938756
0.00370428
-0.00832115
0.00367812
-0.00143283
0.000971456
-0.00303072
-0.00431833
0.00492335
-0.00400649
0.00469053
0.00485003
-0.00483203
-0.00536051
0.000941746
0.00173911
0.00267964
0.000475968
0.00156635
-0.0015322
-0.0021655
-0.000116511
-0.00326617
0.00554816
-0.00655103
0.00179215
0.000459461
0.00142742
0.00573486
-0.00712409
0.000178392
-0.000320295
0.00224384
0.00292324
-0.00484678
-0.00435637
0.00492732
0.000995389
-0.00138303
0.00534784
0.00177851
-0.000539055
-0.000384184
-0.003196
0.00292353
0.000229259
0.00177054
0.00465072
-0.00395854
-0.00335789
-0.00049877
0.00491116
-0.00105455
-0.0016524
0.00236653
0.00056808
0.00309299
0.00110347
-0.00261542
-0.000724432
0.00536678
-0.00241561
-0.00222675
-0.000263642
0.00381945
-0.0017702
0.00181599
-0.0029561
-0.0027403
-0.00265815
0.00603168
0.00523789
-0.00700946
-0.00430821
-0.0015268
0.00621969
-0.00179219
0.00145675
0.00632664
-0.000549686
-0.00369473
0.00567992
-0.00143553
-0.000163469
0.000323825
-0.000751908
-0.00588019
0.00579282
-0.00602204
0.00164947
-0.00224265
0.00191238
-0.00455603
9.24627e-05
0.00334709
-0.00370469
-0.00259062
-0.00365935
0.00140479
-0.000264092
-0.00106384
0.00217996
-0.0023713
-0.00651118
0.00449234
0.00611318
-0.00476799
0.00632532
-0.00539565
-1.17933e-05
0.00240619
-0.00346264
0.00106823
0.00520718
0.00108347
-0.0037985
0.00186349
0.000851522
0.0016421
-0.00120818
-0.00911826
-0.0028862
0.0009756
0.00225459
-0.0036727
0.000442475
-0.00963547
0.00673788
0.000599875
-0.00771946
-0.00251589
-0.0019681
-0.000684596
0.00179394
-0.0021738
-0.00266508
0.0001539
-0.0160157
0.0081436
-0.00742912
0.00653227
-0.0150131
0.0119104
-0.00817366
0.00697908
0.000463674
-0.0056148
-0.000155104
-0.00627249
0.0010631
0.0083686
-0.00315926
-0.0113128
0.0092254
-0.00451704
0.00141907
-0.00411024
0.00655765
-0.00223946
0.00673229
0.00217806
0.00103843
-0.00549775
0.00587837
-0.00106164
0.00179169
0.000293144
-0.000256633
-0.000604883
-0.00705259
0.00740083
0.000815197
0.00821304
-0.00267243
0.00311374
0.000710607
0.00356707
0.00172562
0.00447878
0.00242903
0.00222343
-0.000659213
-0.00180594
0.00288954
0.00201003
-0.00351962
0.0025092
0.00211899
0.000309848
-9.3591e-05
0.00369164
-0.00252061
0.00286284
-0.000711306
-0.00365701
-0.00195534
-0.00105183
0.00194191
-0.00332536
-0.00456022
0.00197452
0.00187441
-0.0039318
-0.00131606
-0.000992877
-0.000210901
0.000772619
0.00372338
0.00707519
-0.00255379
0.00111236
-0.00226084
0.00311788
-0.00291114
0.00205414
-0.00123935
-0.00127774
-0.000912858
0.00342999
-0.00327429
0.00194638
0.000815363
0.00252229
-0.00134144
-0.00175415
0.00255662
-0.00263825
0.00130955
0.00330465
0.000162861
0.00137714
-0.00279425
0.00408011
-0.0014789
-0.00234435
-0.00295014
0.000655826
0.0046387
0.00296977
0.00341108
-0.00301649
0.00236367
0.000441063
-0.00171225
-0.00109233
-0.00142457
-0.0016417
0.00354811
-0.00244417
0.00430151
0.00320303
-0.000914353
7.50588e-05
0.00854309
-0.00586621
0.00172626
-0.00392449
0.000357999
0.00166766
-0.0028368
-0.000595476
0.00489677
0.00117262
0.00202281
-0.00483708
0.00394298
-0.000787825
0.00293174
0.00105917
0.000179105
0.00229265
0.0034291
0.000853712
-0.000348214
0.00234127
-0.00332488
0.00203525
0.00115829
-0.00116219
-0.00307551
0.00319859
-0.0020195
0.00507214
-0.00262945
-0.00467204
-0.00267635
0.00564903
0.000724602
0.00231759
0.00426958
0.0026828
0.00183699
-0.00248153
0.00241256
0.00611591
-0.00437315
0.000917911
0.00422013
-0.000764974
0.00446122
0.00233588
-5.31026e-05
0.00257732
-0.00202956
0.00189394
0.00296713
-0.00283147
0.00122725
-0.00201582
0.0011244
0.00158242
0.00357988
-0.00342857
-0.000562472
0.00295927
-0.000102085
-0.00159912
0.000490738
-0.00231643
-0.00349863
0.00167502
-0.00460438
-0.00396683
0.000317467
0.000241912
-0.000161532
-0.00329408
-0.00114878
0.00463236
-0.00505401
0.000739086
-0.000837631
0.000792005
0.000411148
0.00120723
0.00177521
0.000287798
0.00108041
0.000512889
0.00149198
0.000268735
1.4485e-05
-0.00156595
-0.00216838
0.00123292
0.00250141
-0.00282645
0.00253205
0.000481522
-0.00160806
0.00131273
0.00451504
-0.0013941
0.00373103
-0.00526614
0.00284784
0.00758282
-0.00119749
-0.00737011
-0.00594113
0.00473092
0.0016466
0.000214853
0.000923656
0.00308501
0.00125256
-0.000446858
0.000207842
0.00221947
0.000188984
-0.00350597
0.00265865
0.000977569
-0.00013024
0.000618214
0.00286723
0.00587426
-0.00154779
-0.000288144
0.00111436
-0.00106907
0.00190124
-0.00161766
-0.00209966
-0.000328939
-3.66999e-05
-0.000476857
-0.00864024
0.000846741
0.00738141
0.00939378
0.00286591
0.00284721
-0.0151069
0.00470794
-0.00421223
-0.0014085
0.000891942
-0.00108759
0.008969
-0.0094518
0.000693174
7.18325e-05
0.00330682
0.00246583
-0.00232105
-0.000752572
0.00136412
0.00185427
0.00288645
-0.00143791
0.00228248
0.00136917
-0.00395397
0.00320302
-0.00178914
-0.00127833
0.000888087
-0.000692141
-0.00573376
0.00599903
0.00546019
-0.000397054
3.7131e-06
-0.000213934
-0.00641018
0.00662782
0.00369337
-0.0048487
0.000444394
0.000710931
-0.00507251
-0.000280065
-0.000259301
0.00633794
-0.00472798
-0.00873977
0.00853791
-0.00544994
-0.00427672
-0.00178035
0.00709547
0.0102951
-0.0102387
0.00240532
-0.00369718
0.00576473
-0.00321984
0.00498326
0.00452127
0.00203448
0.00157587
-0.00813162
0.00463283
-0.00347621
-0.00900205
0.00656641
0.00143105
-0.00111898
-0.00591145
0.00434394
-0.00201332
0.000616011
-0.00385556
-0.00128262
0.00118966
-0.00533467
0.00542763
-0.00513837
-0.00944529
0.00899622
-0.00541406
0.000793878
-0.00749965
0.00453419
0.00217153
0.00744938
-0.000510313
-0.00068889
-0.00168391
-0.00906919
-0.000478599
-0.0093722
-0.000829853
-0.00569318
0.00719289
-0.00171367
0.00257332
-0.00818631
0.00640685
0.00129937
-0.00487911
-0.0026243
0.00097724
0.00316313
0.00660874
-0.00066633
-0.00610969
0.00317692
0.00294634
-1.35818e-05
-0.00277634
0.00329678
-0.000625881
0.02017
-0.0103034
-0.00574815
-0.00411836
-0.00667396
-0.00731408
-0.00270278
-0.00670296
-0.00825
-0.00229257
0.0105173
-0.00854178
0.0016267
0.00249221
-0.00713283
-0.00139908
-0.00419583
0.000423398
0.0061808
-0.000267272
-0.0047706
-8.29581e-05
0.000434292
-0.0120484
0.00592862
0.00759714
-0.00483649
0.00616995
-0.0113182
0.00998475
-0.0016534
-0.00210908
-0.00791811
0.00637249
0.00581125
-0.00426563
7.18846e-08
0.00978461
-0.00370749
-0.00449568
0.00402479
-0.000488253
-0.00495812
-0.00440535
-0.000898543
0.00670993
-0.00140605
0.000320112
-0.00119213
-0.00117214
0.00820186
-0.00339338
0.00137306
-0.00816502
0.00559984
-8.98177e-05
0.0016129
0.000721025
-0.00829695
0.000242583
0.00733333
0.00511414
0.00423831
-0.00150114
0.00713356
-0.00974315
0.0037784
0.00519868
0.00672033
0.00658791
0.00843984
-0.00215561
0.0111408
0.000230742
-0.0116121
0.00970632
0.00439802
-0.00304566
0.00214384
-0.000868389
0.0121
-0.000774371
-0.000881924
0.00119214
-0.0155588
-0.00280706
0.00733321
0.0110326
-0.00387143
0.00481435
0.00567557
-0.0045838
0.00113001
0.00172378
0.00520204
-0.00783221
-0.00427228
0.00430688
0.0010954
0.00117012
-0.00448196
-0.000365005
0.00367683
3.00723e-05
-0.00259659
0.00254136
-0.00731929
0.00600566
-0.00047858
0.00108788
-0.00136358
0.000892209
-0.000616565
0.000952994
0.0010573
-0.00272068
0.00120379
-0.00241781
-0.00227226
0.00179188
0.000617518
0.000587558
0.00139375
-0.000886243
0.00291424
-0.00327651
0.00510535
0.00439801
-0.00527189
-0.000730987
-0.00479387
0.000129212
-0.00156524
0.00309221
0.000222867
0.000677861
-0.00650846
0.00600979
-0.00357067
0.00173262
-0.000265361
-0.00241543
0.000196495
-0.0105356
0.00155751
0.00145622
0.00355306
0.00385917
0.00587474
0.0039938
0.000546952
-0.00280811
0.00550587
-0.00730181
-0.00304884
0.00124456
0.0175384
0.0152156
-0.018474
-0.00206806
-0.00200461
0.000958639
0.00919817
-0.00268633
-0.00373566
-0.00431903
-0.00828458
0.00626751
0.00268148
-0.00600658
-0.00140086
0.00259871
0.000459538
0.00119858
6.40374e-05
-0.00134882
8.61713e-05
-0.000260996
-0.000492707
0.000612159
-0.00130412
-0.000638351
0.00245533
0.000433712
0.00244212
0.00192103
0.00138862
-0.0148624
0.00767737
0.00688959
0.00849719
-0.0183919
-0.00638933
-0.010312
0.00132446
-0.0048772
-0.0196212
0.00654125
-0.00561825
-0.000386663
0.00600335
-0.0118892
0.00407549
-0.00212724
-0.00475622
-0.00140962
-0.00761777
-0.0147692
0.00739197
-0.000240565
0.00770726
-0.00179589
-0.00651628
-0.00246189
-0.00683754
-0.00379802
-0.00768126
0.00928644
-0.00613266
7.0185e-05
1.25339e-05
0.00258218
-0.00461547
0.00202072
4.8091e-05
-0.00841901
0.00598222
0.00238866
-0.00673225
-0.0011715
0.000773637
4.226e-05
-0.000148157
-0.00778134
-0.00717794
-0.00149372
-0.000651379
1.7195e-05
-0.00266043
-0.00795404
0.0114296
-0.00181823
0.00203127
-0.00608262
0.00252469
0.00402158
-0.0143841
0.00917152
-0.00917573
-0.00178048
-0.00478903
0.00944351
0.00639504
0.00487768
-0.00293014
-0.00834258
-0.0100384
-0.00087874
0.0111596
0.0068634
-0.00770536
0.00755469
-0.00335173
-0.00234467
-0.00681781
0.00258334
0.00578948
-0.00223054
0.00118447
-0.0023349
-0.00993406
-0.00766219
-0.00229795
0.00762519
-0.00157
0.00199991
-0.0032052
0.00277528
0.000524444
0.00241748
0.00409949
0.000493003
-0.00338563
0.00605901
-0.00316638
-8.65e-05
0.00102166
-0.000313698
0.00460582
0.000515317
-0.00151993
0.000171686
0.00299484
-0.000343954
0.000464365
0.000642616
-0.000831965
-0.00134185
0.0028402
-0.00229499
0.00236881
-0.000790402
-0.00170517
0.004035
-0.000550664
-0.00276231
-0.00169794
-0.00333116
-0.000513517
-0.00404957
-0.00134834
0.000448464
-0.00423478
0.00306402
-0.00198014
0.00421046
0.00379001
-0.00463225
-0.000801994
-0.00219961
-0.0035163
0.00010154
0.00121517
-0.00333807
0.00279366
0.00214128
-0.00236004
-0.000588486
0.000807279
-0.00130867
-0.00183548
0.00116402
-0.00373438
0.00265074
0.000337034
0.000471566
-0.00345931
0.000187087
-0.000666181
-0.00229047
-0.00646358
0.00207613
0.00811084
-0.00740688
0.00228065
0.000730134
0.00446559
0.00728664
0.00233559
-0.00597388
-0.00219413
0.00865139
-0.00347568
0.00503129
-0.00917622
0.00190226
0.00379828
-0.00813447
0.00111281
0.00389333
0.00443781
-0.00548985
0.00275472
0.000581468
0.00326938
-0.00660571
0.00194671
0.00027957
0.00494013
-0.00319686
0.00555766
0.000554829
-0.00252237
0.00410248
8.74679e-05
-0.00558839
0.00560126
0.00282801
-0.00284087
0.00340559
-0.000457426
0.00503617
-0.00120717
0.00111107
0.00398683
-0.000662821
0.0011138
0.004178
-0.00260008
0.00117671
-0.00291455
-0.00312994
0.00665429
-0.000609731
-0.000587546
0.00450362
0.000631962
-0.00454802
0.00515583
0.00172736
-0.00803923
0.00165889
0.00333468
0.0005384
-5.79417e-05
0.00473783
0.00351305
-0.00125693
0.0068059
-0.00453871
0.00122156
-0.00348874
0.00252267
0.000456908
0.00562228
-0.00264269
-0.00371452
0.0059253
0.000846756
-0.00305753
-0.0054102
-0.00140869
0.00200083
0.00203353
-0.00864574
-0.00175207
0.00808469
0.00530858
-0.00285514
-0.00590724
-0.00101393
0.00439356
0.00404014
-0.00284791
-0.00383491
-0.00642264
-0.00532004
-0.00163882
0.00539708
-0.00634889
0.00213451
-0.00480678
-0.00238992
-0.00413539
-0.00251523
-0.00510013
0.000801271
0.00204566
-4.88213e-05
0.00492922
-0.00393009
-0.00104797
0.000721544
0.00189209
0.00353622
-0.00228303
-0.00351911
0.00761813
0.00361177
-0.00418458
0.00291566
-0.00437913
0.00123221
0.000231229
-0.000914403
-0.00615458
0.00465336
0.00274521
-0.00487302
-0.00095378
0.000122607
0.00105397
-0.00300089
-0.00216845
0.00555358
-0.00541957
0.00811933
-0.00498277
0.00343411
0.00174967
-0.000208282
0.00405204
-0.00334792
-0.00244932
0.00391575
0.000897772
-0.00312441
-0.000740869
0.00291199
0.00153218
-0.000134754
0.000893657
-0.00234669
0.00298523
-0.00225745
0.00292879
0.00326212
-0.00513005
0.00122188
-0.000165984
0.00424112
0.000938552
-0.00294931
0.00373452
0.0046071
-0.00342137
0.000455349
0.00574524
-0.000648455
0.00442593
-0.00109165
0.000855676
0.00456554
-0.00474396
0.00543748
-0.00538081
-3.73915e-05
0.00509697
-0.00099226
-0.00146801
-0.00353592
0.00401167
0.00140778
-0.00425677
0.00391892
-0.0063141
0.000587639
0.00302584
-0.00240688
0.0041309
0.00277017
0.0032925
0.00275682
0.00230473
-0.00054146
-0.000224825
0.00469315
-0.00341533
-0.00347074
0.000895409
0.000824696
-0.00145247
-0.00325716
0.000580211
-0.000559581
-0.00525806
0.00518299
-0.00291412
0.00140562
-0.000835747
0.00871206
-0.0038547
-0.00211159
0.0032205
0.00146362
-0.000703949
-0.00113789
4.53354e-05
0.00298392
-0.00186016
-0.00128952
0.00187334
-0.000309874
0.00380575
0.00521614
0.0032458
-0.00411032
0.000753063
0.00237275
0.000984534
0.0017658
0.00169517
0.00227576
0.00412815
0.00397762
-0.00633998
-0.00417174
-0.00379328
0.00706894
0.00137156
0.00448126
-0.00312575
-0.00404704
0.000224797
-0.00630448
0.00568797
-0.00687554
0.00322206
-0.0031625
-0.00448966
0.00355213
0.00410003
-0.00143431
-0.000237329
-0.00409623
-0.000282333
0.000689703
0.00368886
-0.00692465
0.00485253
-0.00156074
0.00124429
-0.000900308
-0.00199323
-0.00111982
0.00386773
0.00576985
-7.84865e-05
0.00258049
0.00101165
0.00480459
-0.00349682
-0.00138626
-0.00127606
0.00190453
0.00114493
-0.000323898
-0.000777182
-0.000529934
-0.0011792
0.00173984
-0.000712462
0.000151813
-0.000338262
-0.000597527
-0.00462266
-0.00287559
0.00198933
0.00198329
0.00260693
-0.0018885
0.00403964
-5.62003e-05
0.00541072
0.00031501
0.00221846
0.00258374
-0.00221268
-0.00076421
0.00347891
-0.00330445
0.00441064
-0.000594995
-0.000511234
0.00757371
0.00426013
-0.00434672
0.00639051
-0.00284784
-0.0012861
0.0074347
-0.00330083
-0.00187808
0.00406641
-0.00317856
0.00436662
0.00166348
-0.00031206
-0.00220457
-0.00091497
0.00606698
0.00150239
0.0060891
0.00410148
0.000391455
-0.00288094
-0.00306223
0.00547782
0.000465302
0.00148887
0.0036517
-0.00253364
0.00406449
-0.00112679
0.0033408
-0.00306706
-0.000490235
-0.0016097
0.00516686
-0.000419431
0.00608585
-0.00153833
8.89657e-05
-0.00306462
0.00590608
0.00625805
-0.00164538
0.00170231
0.00374878
0.00213001
0.00209469
-0.00382353
0.000597928
0.000835104
0.000422989
-0.00185602
-0.00151043
0.000570244
-0.00065372
-0.00118036
-0.000111914
0.000313815
0.000962013
0.00086938
-0.0018447
-0.00088053
0.000209175
-0.0011947
0.000742021
-0.000427855
-0.000867457
0.00199012
-0.000913489
0.000543686
0.00157201
-0.00174156
-0.000374135
-0.000786179
-0.0002423
0.00203339
-0.0010049
0.000781104
-0.00197587
0.00156129
-0.00036653
-0.000984982
0.00127484
0.00072346
-1.69283e-05
0.00130432
-0.00109496
0.000860678
-0.000559193
0.00086109
0.000842369
-0.00140744
-0.0017509
0.00166079
-1.38436e-05
0.00146856
0.000405603
8.05899e-05
-0.000392249
0.00200235
-0.000868084
0.00478049
-0.00217009
0.00307758
0.00432909
-0.00703828
-0.0016792
0.00438841
0.000437748
0.00267868
0.00136483
0.00432649
-0.00889463
-0.00197624
-0.00150901
0.00638869
-0.00290343
-0.00129838
-0.0014196
0.00241165
-0.00135018
-0.00127249
-0.00252981
-0.00278445
0.00658674
-0.0024051
-0.0024138
-0.00176141
0.0065803
0.00687418
-0.00484439
-0.000585972
0.0030765
0.00773768
-0.00356652
-0.00882315
0.00859487
-0.000385221
0.000613508
-0.00405356
-0.000669292
0.00665364
-0.00682379
-0.00204075
-0.00273662
0.00468981
0.00281113
-0.00482847
0.0021617
0.00348595
-0.00158642
-0.000623783
-0.00637935
0.00800385
-0.00391397
0.00228948
0.00451844
-0.000131305
-0.0104088
0.00602164
0.0038979
0.0107807
-0.00737592
0.00140506
-0.00480984
-0.00470439
0.00515774
0.00689517
-0.00626157
0.00910958
-0.00979333
-0.00811311
0.0067696
-0.00929197
0.00804625
-0.00493409
-0.00243806
0.00988207
-0.00250991
-0.0104015
-0.0052344
-0.00194575
-0.00211184
-0.000483971
0.00360923
0.00334258
-0.00646783
-0.00214099
-0.00110824
-0.00334749
0.0065967
-0.00828568
-0.0113973
0.00568601
0.00557998
0.0023747
-0.0082951
0.0026291
0.0032913
-0.00601731
-0.0031986
-0.00118561
0.0014088
-0.00545
-0.0073561
0.00167959
0.00424309
0.00341585
-0.00933853
0.00170681
-0.00617741
-0.00135666
-0.00668243
-0.000366861
-0.00106384
0.00650344
0.00563124
0.000508227
0.00211048
-0.00670501
0.00408629
0.00106033
0.0033154
0.00344418
-0.00781992
0.00235184
0.00251498
0.00200736
0.00751826
-0.000180208
-0.00730819
0.00706567
0.00130286
-0.00522518
-0.00338097
0.00775629
0.000849862
0.00244112
-0.000705351
0.00406932
0.00286131
-0.00112865
0.0059263
0.00174643
0.00473142
0.00177902
0.00666075
-0.00451474
0.00581588
0.00773587
-0.000785944
0.00202419
0.0110053
-0.0122435
-0.00843058
0.00397802
0.011691
-0.00723844
0.00636835
0.000473303
-0.00747741
0.00789867
-0.000894566
0.00723092
0.00282735
-0.00201202
0.00556692
-0.0017596
0.00742361
0.000704346
0.000993439
0.0085056
-0.00902574
0.0082338
-0.00136403
-0.00849839
0.00839447
0.00622678
-0.00759539
-0.00637577
0.00125792
0.00388841
0.00407434
-0.00922068
-0.00628128
-0.00271871
0.00173045
-0.00806794
0.0508953
-0.0126159
-0.0174894
-0.02079
0.00174962
-0.00263384
0.00994681
0.00589135
0.00997492
-0.0101803
0.011519
-0.00181185
-0.0126836
-0.00362819
0.000345639
0.00304525
-0.00124825
0.0017372
-0.00387958
0.00534859
-0.00489231
0.000351595
0.00269211
-0.00212107
-0.00421341
0.00150894
-0.00591564
-0.00655395
-0.00958094
-0.0079269
-0.0016614
-0.00681476
-0.00110481
0.00941382
-0.0118758
0.00608081
0.00108755
-0.0139986
0.00683024
-0.00407158
0.00351023
-0.00757652
-5.29218e-06
0.00106834
0.0025983
-0.00802342
5.5428e-06
0.00481768
0.00104032
0.00634254
-0.00635091
-0.00103193
0.00595763
0.000333758
0.00441165
0.00125687
0.00346099
0.000487151
-0.00068299
0.00096194
-0.00305072
0.00422009
-0.00671463
-0.00181717
0.0114754
-0.00242128
-0.00691765
0.00837384
0.00364674
-0.00518467
0.0126434
-0.00654892
-0.00728004
-0.00541203
-0.00145102
-0.00842024
-0.0101361
0.00652247
0.00330646
0.000307062
0.00256261
0.00607256
0.00605958
-0.0146947
0.00995789
0.0092643
0.00765574
-0.00225936
-0.00503955
0.00148932
-0.000335548
0.000269665
-0.00593137
0.00501529
0.00631372
-0.00342653
0.00353112
0.00620914
0.000227766
-0.00476508
0.00968017
-0.00639807
-0.00554147
-0.00374206
0.00219532
-0.00065712
0.00220385
0.00183511
0.00441854
0.00704111
0.00120141
-0.00762295
-0.00274577
-0.00319522
-0.000268211
0.00620923
0.0059462
0.00141781
-0.00539041
0.00203117
0.00265847
-0.00386083
0.00214348
0.003557
-0.00183962
-0.0029613
0.00830368
-0.00181124
-0.00297043
-0.00385985
-0.000599409
0.00148884
0.00302349
-0.00154784
-0.000372178
0.000585293
0.00322662
-0.00271632
0.000101207
-0.0014466
0.000353916
0.000991438
-0.00652939
0.00278203
-0.0018631
0.00351673
-0.00525347
-0.00279202
0.00305896
-0.0021895
-0.000599785
-0.00412247
-0.0014784
0.000522402
0.00264516
-0.00376698
0.000234591
-0.00313898
0.00868716
-0.0113259
-0.0087814
-0.00186421
-0.00270305
-0.0113278
-0.0110242
0.00324435
-0.00398181
-0.00662948
0.00894987
0.00239127
-0.00935232
0.00207783
0.0048832
-0.00637921
0.00567453
0.00897614
0.00110074
-0.00768563
0.00133017
0.00109632
-0.00661328
-0.000870759
-0.00336654
0.00495227
-0.00734219
-0.000318773
-0.00316911
-0.00348038
0.00696827
0.00758327
-0.0100196
-0.00959838
0.00707244
-0.00268366
-0.00754342
0.0116931
-0.00498295
-0.000916558
-0.00536799
-0.00977164
-0.000100494
0.00995189
-0.00885796
0.00830457
-0.00728594
-0.0118004
0.00935603
-0.00739941
0.00818008
0.0156938
-0.0221054
0.00216413
0.00690588
0.00054312
0.0018153
-0.00649507
0.00292868
-0.000965034
-0.00232544
-0.00721741
-0.00107622
0.00597433
0.00231928
-0.0146346
-0.00822088
0.0109761
0.0118794
-0.0173641
0.00500184
-0.00227241
-0.00596191
-0.00110621
0.000521033
0.00654713
0.00328302
0.00575284
-0.00527902
-0.0185208
-0.00327148
-0.00142836
0.000692645
0.00209878
-0.0013631
-0.000908124
0.000985948
4.76179e-06
5.87751e-05
0.000369468
-0.000795294
0.00463642
-0.00328159
0.00375256
-0.0051074
0.000422945
-0.000779388
0.00225607
0.000734871
-0.00221153
-0.000519097
0.0010961
-0.00269262
0.00288492
-0.00197726
-0.00261789
0.00103318
0.00399633
0.00177377
-0.00478028
-0.00141609
0.00736592
-0.00151347
-0.00683474
0.00349485
0.00184019
-0.00287387
-0.00260312
0.00134947
-0.000905975
0.00252237
-0.00107969
0.000140594
-0.0008626
0.000968256
-0.00125782
0.00268837
-0.00397474
0.000959297
-0.00150441
0.000242938
0.000302155
0.00288281
-0.00413504
2.43704e-05
0.00215776
-0.00229294
0.00011079
-0.000631028
-0.000287822
-0.00357266
0.000176689
0.00333745
0.000735487
0.00291293
0.000130387
0.00174336
-0.00401472
0.00156602
-0.00197141
0.00210421
-0.000250355
-3.09077e-05
0.00241593
0.000801263
-0.00318625
0.00288035
0.000306094
0.0028123
-0.00744585
-0.000671128
0.00655158
-0.00269817
0.00150625
-0.00625385
-0.00464096
-0.00474966
-0.00108417
0.00242717
0.00340668
0.00228699
-0.00106301
-0.00223314
0.00484446
0.00350007
-0.0021146
0.00432191
0.00138383
-0.000672552
0.00450072
-0.00287374
-0.000954462
0.00263416
0.00499716
-0.000620665
-0.00127592
-0.00114217
0.00303881
0.000159386
0.002225
0.000515364
-0.000915947
-0.0024126
0.00377432
-0.000445717
-0.00022807
0.000290428
0.000453067
-0.00130353
3.95506e-05
-0.000127666
0.00139164
-0.00537593
0.00377802
-0.00513444
0.00115268
0.000161594
0.00197978
0.000869676
0.00388628
-0.0026449
0.00154932
-0.00132178
-0.00317785
0.00295033
-0.00142131
2.51732e-05
0.00290189
0.00387851
-0.00680559
0.00668592
0.00426144
-0.00261261
0.0038864
-0.00494505
-0.00671746
-0.0050469
0.00678513
-0.00470139
0.0013013
0.00281413
-0.00146806
0.000235259
-0.00119087
0.00105702
-0.00133425
0.00207407
-0.000286748
-0.00299014
0.00200156
-0.00365633
-0.00222902
0.00320949
-0.000633988
0.000500944
-0.00307647
-0.00261847
0.00229119
0.00167522
0.000378438
0.000148905
-0.0022026
0.000454264
0.000624106
0.000475463
-0.00302393
0.0012957
0.00330623
0.00156453
-0.00166129
0.000996998
-0.00251875
0.000482071
0.00103964
0.000750538
-0.00179374
-0.00114599
-0.00175388
-0.00181341
0.00316326
-0.00121159
-0.00521178
-0.00558625
0.00639631
0.000844852
0.00187346
-0.000446643
-0.00543518
0.0122781
0.00469089
-0.00180684
0.00865392
0.00401789
0.00623338
-0.00445883
0.0021654
0.00688666
-0.00620716
0.00764987
-0.000160638
-0.00841554
0.000453549
0.00730327
-0.0104034
-5.846e-05
0.00280782
-0.00835935
-0.0088365
-0.00291721
-0.00862236
0.00558765
0.00595196
-0.000511885
0.00277668
-0.00997541
-0.0107229
0.00342063
0.0102121
-0.00290989
0.00894548
-0.00107654
0.00218517
-0.0100541
0.0184721
-0.00662768
-0.00289898
0.00850455
-0.005509
0.00314772
-0.00457315
0.0107635
-0.00304258
-0.000718371
-0.00087795
0.00173739
-0.000919497
0.00146597
-0.000465116
0.00101135
0.000498023
-0.000879101
-0.00221248
0.0029841
0.0035663
0.00922427
-0.0103387
-0.0024519
0.00548806
-0.00423988
0.00155967
-0.00207699
0.0046607
0.000306708
0.00601145
-0.00115214
-0.00453757
-0.001358
0.00352307
0.00370195
-0.0021323
-0.00220389
-0.00181376
0.00614993
0.000664717
-0.00452491
-0.00352914
0.00738932
-0.00558117
0.000997425
0.00341307
0.000225182
-0.0006736
0.00219894
-0.0070907
-0.00189654
-0.00631292
0.00111873
-0.00288697
0.00205133
0.000924944
-0.00402857
0.00243
-0.0062108
0.0033406
0.00432282
-0.00120154
0.00239273
0.00456579
0.00389325
-0.0103556
0.00066821
-0.00778606
-0.00631368
-0.00233924
-0.00458145
0.000220002
0.00803826
-0.00286891
0.00309477
-0.0022041
-0.00286733
0.00527739
0.00202596
0.00303506
0.0156901
-0.00616132
-0.0125639
-0.00397581
0.00318239
-0.00110303
0.00743353
-0.00298924
0.00400964
0.00275987
-0.00811583
0.00157468
0.00378127
0.00459254
0.0115319
-0.0140567
-0.00206778
0.00289637
-0.00511457
-0.00940284
0.011621
-0.000995968
-0.000486175
-0.00280512
-0.00604749
-0.00068494
-0.00286595
0.00351862
0.00468331
0.0168703
-0.0119166
-0.00963701
0.0111977
0.00151187
-0.0134955
0.00671542
-0.00204763
-0.0146818
0.0142114
0.00516946
0.000671832
0.00837016
0.00692023
-0.00471849
0.00123466
-0.000115894
0.00230855
0.00124215
-0.000491719
-0.00276839
0.00132176
-0.00256923
0.00208947
-0.00102787
0.00312606
-0.00212363
-0.00121747
-0.000325931
-0.000969403
0.00195043
-0.000655086
-0.000364724
-0.00226891
0.00114414
-0.000386066
0.0031981
-0.00304043
-0.00459461
-0.00316708
0.00721178
-0.00287153
-0.000694121
-0.00364608
-0.00433252
0.00683866
-0.000569481
-0.0056715
0.00293947
-0.00169581
0.00226939
-0.0012228
0.00743937
0.00202929
-0.0110749
-0.000453481
-0.000804978
0.0034141
0.00112278
-0.00373194
-0.00523899
-0.00171803
-0.00216238
0.00117321
0.000439782
-0.0018596
0.002161
0.000526701
-0.0015896
0.00328038
-0.00118249
0.00173975
-0.000883195
-0.000693363
0.0022422
0.00328182
-0.00051724
-0.00284903
0.00435574
-0.000989449
-0.000611072
-0.00217157
0.00347912
-0.00310484
0.00179727
0.0011187
0.000741658
0.00152641
-0.00163727
0.00323693
0.000949559
-0.00256599
0.00397258
-0.00192381
0.00120572
0.0018205
-0.000203912
-0.0058155
-0.00399143
0.00366211
-0.00381235
0.000712048
-0.00036234
0.000165543
0.000342634
0.00016969
-0.00087803
0.000506844
0.000898979
-0.000527779
-0.00197297
0.000708873
0.0034041
0.000498703
0.00096571
0.000141438
-0.00563545
-0.000367422
-0.00569015
0.00839656
-0.0069652
-0.00288785
-0.005679
0.00815473
0.00247249
-0.0049482
0.00219604
0.00716399
-0.00645267
-0.00290737
0.00174765
-0.0057362
-0.00424327
0.0082318
0.00893325
-0.00298018
-0.00761517
0.00563
-0.000773909
-0.0025079
-9.12728e-05
-0.00315429
-0.00580243
0.00552456
0.00417164
0.00256039
-0.00191126
6.14108e-07
0.00165408
0.0021066
0.00270922
0.00319143
0.000834934
-0.00124176
-0.00457918
0.00564627
-0.00727809
-0.00259393
-0.000112788
-0.00140121
-0.00160628
0.00312033
0.00470482
-0.00918316
0.00340211
0.017947
-0.00820029
-0.0143852
0.0125423
-0.00304952
-0.00057078
0.0199111
0.00529361
-0.00889546
-0.0163092
-0.00711565
0.0106
-0.00393101
-0.00440164
0.00609026
0.00604722
-0.00773583
0.00282637
-0.00600774
-0.00270994
-0.0120194
0.00529232
0.0189663
0.00271027
-0.0204419
0.00631509
-0.00546878
0.00063438
0.00932126
0.0109292
-0.00128189
-0.00127706
-0.00562996
-0.00934026
0.0100188
-0.00557299
0.00337367
-0.00350723
0.0122273
-0.00488729
-0.00130474
-0.0151328
-0.00566788
-0.00514336
0.00589
0.0163828
-0.00765475
0.00138394
-0.00395072
-0.00336988
0.0082594
-0.000938782
0.00146154
-0.00934931
0.0026065
0.0033566
-0.00447162
-0.0040557
-0.00255619
0.000853891
0.00131388
-0.00260419
-0.000451394
-0.000324727
0.00167242
-0.000896335
0.00264085
-0.000250875
-0.00419714
0.00180718
0.00256991
-0.00646782
0.00880115
-0.00490325
-0.00280969
0.00157799
-0.00465173
-0.000393528
-0.00537021
0.00770082
-0.00275577
-0.00115452
0.000521055
-0.000557448
0.000139775
0.000598998
6.63819e-06
-0.00141124
-0.00113464
-0.000384973
-3.84676e-05
-0.000176622
0.000793565
0.00131619
0.00309164
0.00187467
0.00171048
-0.00296111
-0.000576485
0.00393147
-0.000692988
-0.0114468
-0.00929145
-0.0170679
0.0117992
0.00581864
0.00336197
0.00575246
-0.000588793
-0.00910566
0.00442374
0.00740062
-0.00520017
-0.00602249
0.00975476
-0.00978121
0.00221158
-0.00174897
-0.00911538
-0.000510093
0.00496705
-0.00976123
0.00104049
0.00396604
0.000441428
-0.00451249
0.000776519
0.00522631
0.00311767
-3.37309e-05
0.00128286
0.00307482
0.00180627
-0.00174486
-0.00638483
0.00392311
0.00207638
0.00366318
-0.00405053
-0.000170854
-0.00258984
0.00301058
-0.00272394
0.00573593
-0.000651299
0.00234413
0.00382627
-0.00199292
-0.00768108
0.00502851
0.00391113
0.00379368
0.00328086
0.00374323
-0.00751119
-0.00225452
0.00403881
0.00568417
0.00579594
0.00679251
-0.00898999
0.00369352
0.00335823
0.00684766
-2.52586e-05
0.00581459
-0.000161796
0.00258777
0.00457827
0.00148726
-0.000430914
0.00611161
-0.00855931
-0.00472929
-0.00267065
0.00503761
-0.00247385
-0.00369874
0.00149051
-0.00332945
-0.00122639
0.00243098
0.00212488
-0.00312622
-0.00980048
-0.00744415
-0.00602401
0.00292875
-0.00515012
0.00198903
0.00454208
0.0015501
0.00399345
-0.00141083
0.000614648
0.00197237
0.00563828
-0.00323075
0.000637171
-0.0030447
0.00182789
0.000995287
-0.0030203
0.00258096
0.00336374
0.00483672
-0.0017107
0.00115425
-0.00156045
0.00325052
0.000839375
0.00234618
-0.00176649
0.00200127
0.00107004
-0.00250943
0.0049185
0.00151728
0.000110094
0.000344985
-0.00141938
0.00066451
0.000858967
-0.000104098
0.00128332
0.00192458
-0.00659574
0.00159014
-0.000684549
-0.00282752
0.00185601
0.00225481
-0.00102281
0.00565319
-0.00210843
0.00499498
-0.00303125
0.000718392
-0.00274053
0.00174529
-0.00427145
0.0104077
-0.00367331
-0.00126412
-0.00547031
0.005867
-0.00811241
0.00231976
-0.00281227
-0.00170261
0.00424985
0.00269933
-0.00213457
-0.00116903
-0.000300607
-0.00258606
-0.00278216
-0.00079177
0.00124001
0.00863042
-0.0088926
-0.00284178
0.00884867
-0.00128272
-0.00177288
0.00425381
-0.0023866
0.00198972
-0.00047886
-0.00332812
0.00181723
0.000655807
-0.000560687
0.0038268
-0.00233798
0.00371404
0.00135817
-0.00500377
0.00857127
-0.0104031
0.000725679
0.0156431
0.00455919
-0.0309857
-0.00139187
-0.00346313
0.00444089
-0.00350426
-0.00760323
-0.000940766
0.00124331
0.0168057
-0.0119165
-0.0124924
-0.00527688
-0.000967176
0.00223746
-0.00416555
0.00182093
-0.00533658
0.00179053
0.0025768
0.00158589
0.00319214
0.00527589
-0.00376097
-0.000668149
-0.000639574
-0.00265391
-0.00225743
-0.00385845
0.00744764
-0.00403819
0.00394628
0.00849307
0.00604994
0.00229208
-0.00337133
0.00368631
0.00312087
-0.00337996
-0.000261508
0.00535123
-0.0049228
0.000433826
0.00722275
-0.00224547
0.000224137
-0.000597169
0.00525463
-0.000427958
0.00411396
-0.00109722
-0.00258592
0.00202249
0.000922818
0.00319547
7.19743e-05
0.00237886
0.0068714
-0.000484782
0.00241964
-0.0041606
0.00467719
-0.00293624
0.00453962
-0.000497458
-0.00121938
0.00416468
0.00140892
-0.000330122
0.0014797
0.00226143
0.00276907
-0.0114935
0.00194618
0.00622141
0.0010023
-0.00650626
-0.00402705
0.00396516
0.00758554
0.00200537
-0.00705363
0.00835492
-0.0031089
0.00325957
0.0147799
-0.012785
-0.0199
0.0190224
-0.0104689
-0.0169577
0.0139134
-0.00933217
0.0123765
-0.0146664
0.00166645
0.0110354
0.0157909
0.00628437
-0.000769246
0.000813009
-0.0124771
-0.00675589
0.0114053
0.00570346
0.00174051
-0.00395456
0.0062286
0.00847678
-0.010034
-0.00467139
0.00710565
0.00711065
0.00205989
-0.00816825
-0.00401644
0.00657979
0.00486427
-0.00298291
0.007523
-0.00940434
0.00293041
-7.93795e-05
0.00148375
0.00127706
-0.00192926
-0.00336933
-0.000599648
0.00268018
-0.00250641
0.00369067
0.00406833
0.00578401
-0.00265057
-0.0030598
0.0048989
-0.00616882
-0.00629722
-0.00128787
-0.00119712
0.000290758
0.000308626
-0.00127538
-0.000759425
-0.00515232
0.00158322
-0.000684588
-0.00165836
-0.00205635
-0.00237709
0.00358216
-0.00248043
0.000366801
0.00140313
0.00264302
-0.00443775
0.00216154
-0.0052278
0.00101846
0.00201319
-0.00175383
0.00627346
-0.00443062
0.00463591
-0.00499705
-0.00714001
-0.00304528
-0.00293352
-0.00265163
0.00040862
0.00517657
0.00499334
-0.000292908
0.00348741
-0.00818784
0.00264901
0.000630928
-0.0104199
0.00425872
0.0002082
0.00161893
-0.00548768
0.00566823
-0.00174453
0.00276868
0.000397385
0.00177573
-0.000709507
0.000742079
0.000614733
-0.00194254
0.000585727
-0.000587041
-0.00330115
-0.00571882
-0.00132686
-0.00407824
-0.00212164
-0.00220319
-0.00357912
-0.00172312
-0.00217009
-9.90764e-05
-0.000953825
0.00238881
0.000319462
0.000444561
0.000804728
0.00129449
-0.00121688
-0.00133944
-0.00556126
-0.00447012
-0.00228917
-0.00206361
0.00538716
-0.00790963
-0.000202691
0.00139389
0.00133065
-0.00304393
0.00031939
-0.00375239
0.00434083
0.00238608
-0.00297452
-0.00534301
0.00400417
0.00538132
-0.00110604
-0.0044901
-0.00231639
-0.00375567
-0.00521389
0.00640041
0.00296972
-0.0038997
-0.00547043
-0.00396694
-0.00600651
0.00123784
-0.000325118
-0.000781229
-0.00415841
-0.00501347
0.00175042
0.00350749
-0.00922484
0.00533243
-0.00141181
-0.00205994
-0.00186068
-0.000506332
-0.00165784
0.00190252
0.00227603
-0.000195582
-0.00165178
-0.000428664
0.00251889
-9.35132e-05
-0.0042473
0.00182193
0.00459232
0.000240504
-0.00221234
-0.00262049
-0.00181478
-0.00211608
-0.00257183
-0.000213845
0.00231567
-0.000582779
0.000610168
-0.00234307
0.000868282
0.000128087
-0.000372822
-0.00229858
0.00268823
-1.6828e-05
-0.00382868
-0.00241334
-0.00213632
0.00192832
-0.00439525
0.00182303
0.000639974
-0.00666607
-0.000288935
-0.00121057
-0.00108863
0.0010921
-0.00215526
-0.00167418
0.00273734
-0.00130328
-0.00273265
0.000760172
-0.00454039
0.00293799
0.000842225
-9.40051e-05
0.000376122
0.00141028
-0.0016924
0.000440118
0.00123737
-0.00298076
-0.00211432
0.00218825
0.00374835
0.00120244
-0.00713904
0.00713415
-0.0010275
-0.00297757
-0.00312908
0.000178069
0.00219467
-0.000276997
-0.00209574
-0.00126846
0.00298504
-0.00184827
0.00346189
0.000258764
-0.00328229
-0.00470932
-0.0014393
-0.00305706
-0.00258928
0.00113062
0.00116016
-0.00263063
0.00033984
-0.00346781
0.00261727
0.00171008
-0.000859543
0.00798503
-0.00389778
-0.000875209
-0.00321204
0.00485971
0.000160129
0.00269267
0.00277879
-0.00711996
0.0016485
0.00202143
-0.00534022
0.00319865
-0.0028533
-0.00410824
-0.00480597
0.00206338
-0.00151782
-0.00031979
0.00128913
0.00528786
-0.00690211
-0.00208495
-0.00638912
-0.00386493
0.00150792
-0.00299878
0.000257572
0.00156658
-0.000963471
-0.000783365
0.00259982
-0.00401964
-0.00301691
-0.00239449
-0.000775936
0.00144533
-0.000411827
-0.00103824
0.00265325
-0.00274149
0.00112648
-0.00179637
-0.000463741
0.00095955
-0.0021669
0.00178546
-0.00176844
-0.00288167
0.0028389
-0.00821448
-0.0048456
-0.00142047
0.000201572
0.00217847
-0.00352524
0.00280497
-0.000489131
-0.00584108
0.00194959
0.000366594
-0.00408462
-0.00157232
0.00179516
-0.00178199
-0.00141262
-0.00568518
-0.00375101
0.00102316
-0.00253472
0.000479575
1.84972e-05
-0.00120409
0.000706022
0.000615313
0.000735232
-0.000793954
0.000282541
-0.00220041
0.00094049
-0.00113611
-0.00212177
-0.000735141
-0.000623774
-0.0016822
0.00266014
-0.000262141
0.00152016
-0.00391815
0.00265392
0.00155312
-0.00292719
-0.00127984
-0.00127466
-0.00226389
-0.00048109
0.00050014
-0.00174657
0.000188255
-0.000388202
4.24581e-05
0.00116241
-0.00185862
0.000653739
0.00135477
0.00199179
-0.00166875
-0.00167781
-0.00136414
0.00168309
-0.00233037
-0.00341353
0.00291555
-0.00331433
-0.000743234
-0.000505653
-0.00132312
-0.00218454
-0.00479545
0.00127302
0.00326775
-0.000683202
-0.00385757
0.0028672
-8.96584e-05
-0.00555891
-0.00231747
0.00031343
0.000916951
0.00108709
0.00183192
-0.000681294
0.000546165
-0.0016968
-0.00170186
0.00126931
-0.00168018
-0.000301265
-0.000928628
-0.000471971
-0.00192839
4.08803e-05
-0.000250775
-0.00290518
5.74833e-05
-0.00141624
-6.40519e-05
0.00106184
-0.00165898
-0.00169288
-0.000467996
-0.00174143
0.00110802
0.00110141
-0.000169557
0.00162465
0.000279683
-0.00173477
-0.0023676
-0.00284635
0.00353941
0.00125082
-0.00187214
-0.00291808
0.0030135
-0.00214419
-0.000761408
-0.000107897
-0.00550866
0.000395396
-0.0058611
0.00133256
-0.00209623
0.000491075
-0.00116586
-0.000528702
0.00120349
0.00013909
-0.000228351
0.000554254
0.00110329
-0.00105651
0.000827669
-0.00165565
-0.000378135
0.000346546
-0.000720573
-9.94352e-05
-0.00468866
-0.00180432
-0.00160628
-0.00308382
-0.0005238
-0.0015883
7.75056e-05
-0.00193007
0.00114861
-0.00222577
-0.002502
-0.00162283
-0.00419062
-0.00105069
0.000575325
0.0018621
-0.00138673
-0.000319727
-0.00401008
0.00242234
0.00190747
0.000691849
0.00449937
-0.00227209
-0.00291912
-0.00263235
0.000439691
-0.00343434
-0.00109009
-0.000847756
-0.00616229
0.00278327
0.000753248
-0.000890083
-0.00264644
0.000955251
0.00125512
-0.00197423
-0.000236143
0.00139496
0.00120064
-0.00164036
0.00101535
0.00170835
-0.00149099
-0.00123271
-0.000902147
-0.00054335
-0.000934993
-0.00150685
0.00263278
-0.00103051
-0.00253726
0.00186168
-0.00209538
0.000512931
-0.00454253
0.00100536
-3.63948e-05
-0.0044033
-0.00198695
-0.000383294
-0.00171338
-0.00199002
-0.000724817
-0.0012953
-0.000700974
-7.6122e-05
0.00177987
0.000712854
0.00104379
-0.00132087
-0.00043577
0.000349447
-0.00183365
-0.00114814
0.000802896
-0.00208671
0.000463684
0.00113627
-0.000840902
-0.00428251
-0.00343043
-0.00169092
-0.000467367
-0.00511972
-0.00386893
-0.00635498
-0.000527881
-0.00128045
0.00336856
-0.000959108
-0.00112901
0.00189609
-0.00186841
-0.00257792
-0.00087965
0.00269847
-0.00229848
-0.00127964
-0.00209796
0.00220462
-0.0011088
0.00100214
0.00401976
-0.00119193
0.0012886
0.000862747
0.00272089
-0.00118119
0.000289687
-0.00182939
0.00148323
-0.000989147
-0.00161981
-0.000858849
0.00172313
0.000750319
0.0011867
-0.00366014
-0.000478879
-0.00152317
0.000121383
0.00110371
-0.000485642
-0.00122344
0.00140359
0.00267429
-0.00187351
-0.00220436
0.00107361
-0.000287427
-0.00214292
0.00239004
-0.00455603
0.00409425
0.000410351
-0.00275986
-0.00174474
-0.0018706
0.00133763
0.000869574
-0.000339397
-0.000745435
0.000899189
0.000954422
0.000471322
0.000235921
-0.00295336
0.000361319
-0.00146167
0.00192279
-0.00188489
0.00129973
-0.00256308
-0.0011957
-0.00178445
-0.00437558
-0.00125594
0.00176941
-0.00101425
-0.0014984
0.00113063
-0.00353694
-0.00196928
0.000674042
-0.00140979
0.000376904
-0.00215234
0.00407448
-0.00256079
-0.00137537
0.00162966
-0.000646544
-0.00158429
0.00224801
-0.00225201
-0.000667642
-0.000627743
-0.000741343
-0.00102999
-0.00183981
0.000602877
0.00232199
-0.00108507
-2.79163e-05
0.000663112
-0.00106426
0.000429063
-0.000928029
-0.00050195
0.00128624
0.000143734
-0.000838812
0.000356779
-0.00229526
0.000142111
-0.000656359
0.00111905
-0.00124886
-0.00213865
0.000122542
0.00142258
-0.00169006
0.000144945
0.00263379
0.0041725
-0.00570271
-0.000954433
-0.0013261
0.000182569
-0.00156122
-0.00270103
-0.00146671
0.00114017
-0.000584471
0.000911013
-0.00199941
-0.000875604
-0.00199858
0.00221089
-0.0020404
5.96873e-05
-0.00185411
-0.000523056
-0.000540141
0.00230786
-0.00152027
-0.000247447
0.000934732
0.00160231
-0.000542418
-0.00199462
0.0033993
0.00139037
-0.000861674
-0.00392799
-0.00100301
-0.000310408
-0.00218184
-0.0036825
-0.00349526
7.48368e-06
-0.00016522
-0.00125636
0.0014141
0.00453697
-0.00159229
-0.00151086
-0.00143382
-0.00019683
0.00045785
-0.00192
-0.000816643
0.00118619
0.00101926
-0.0010345
-0.00117095
-0.000530989
-4.54695e-05
-0.00282544
0.00279302
-0.00176036
-0.00193666
0.00090401
-0.00174544
0.00105579
-0.000220531
-0.00225251
-0.00168723
0.000394779
-0.000404423
-0.000812287
-0.00149407
0.00177011
0.00063529
-0.00140841
0.00354961
-0.00254376
0.00141891
-0.00129318
-0.00050303
-0.00295985
-0.00188422
-0.000587767
0.00069688
-0.00139277
0.00193074
-0.00101415
-0.00198159
0.000757103
0.000117221
-0.00138334
0.00159002
0.00167064
0.000194379
-0.0010505
-0.00142019
0.00126227
-0.000136047
-0.000609881
0.000531997
-0.00240417
-0.00179188
0.000198565
-0.000781138
-0.000731458
-0.000686008
0.000976825
-0.00103817
0.000547911
0.000896756
-0.000358244
0.000561922
-0.00128067
0.001077
-0.000200929
0.000944089
0.000923022
-0.00190707
0.000298039
-0.000785949
0.00166264
-0.00137295
0.000496262
0.00139006
-0.00173218
0.000961136
2.02455e-05
0.000750797
0.00029803
-0.000761841
0.000708999
0.000540454
-0.00187049
0.00176117
-0.00267319
-0.00561023
-0.00159156
0.00300747
0.000827999
-0.00113575
0.00124347
0.000653376
-0.00627512
0.00437827
-0.000148025
0.000517616
0.000166322
-0.00930936
0.00917649
0.00163296
-0.0041814
-0.00425944
0.000847757
-0.00438462
0.00519628
-0.0042515
0.00183869
0.000396256
-0.00509901
0.00556549
-0.00436992
0.00627316
-0.00107524
0.00640534
-0.00487591
0.00511514
-0.00423936
0.00400009
0.00617849
0.00127146
0.00355632
0.00025053
0.00368123
-0.00304876
0.00204357
-0.00182718
-0.00109545
-0.00502025
0.0012766
0.00483911
-0.00509586
-0.00384127
0.00142097
-0.00381615
0.00366663
-0.00402521
0.00397159
0.000788579
0.00312532
0.000312576
-0.00124931
0.00385375
-0.000561536
-0.00204291
0.000759198
-0.00695367
-0.00228967
0.00501194
0.00234031
-0.00235766
0.00567778
-0.00580219
-0.00117924
-0.00309598
-0.0017361
0.000447471
-0.00052929
0.00143536
0.00352016
-0.00442623
-0.00273397
0.00322975
-0.0033001
0.000463265
0.0032657
-0.000890389
0.00315692
0.00158722
0.0188729
-0.0233861
-0.00607932
-0.00649153
0.00897361
-0.00560169
0.00311959
0.00371224
0.000608877
-0.0123098
0.0275877
-0.0278763
-0.00297814
-0.0156475
0.0186022
-0.00173105
0.000935616
-0.000147626
-0.0325369
-0.00634124
0.00387016
0.00393262
0.00388746
-0.00610887
0.0069299
0.00333253
-0.0041536
0.00753672
0.00196178
-0.00246108
-0.00153118
-0.00355159
0.000983422
-0.00189108
0.00171891
-0.00461263
0.00166647
-0.00609365
0.00823303
-0.00502613
-0.00247824
0.00454959
-0.00108793
-0.00190994
-0.00135325
0.000982707
0.0023378
-0.00424542
0.00182367
0.00406065
0.00109985
0.00422266
-0.00170184
9.81376e-05
-0.00251546
-0.00118507
-0.0044907
-0.00706666
-0.0011311
-3.55507e-05
-0.000237295
0.00541941
-0.00521767
-0.00352024
0.000276501
0.000511047
0.00133548
-0.00402179
-0.00391541
0.00158178
-0.000499502
-0.00103807
-0.0053753
-0.000584702
0.000440865
0.00172169
-0.00565964
0.000175096
8.669e-05
0.00539786
-0.00267349
-0.00020171
0.00134398
-0.00326269
0.00693859
0.00329148
-0.00192275
0.0181677
-0.00908402
-0.00557449
-0.00350923
0.0240886
0.00313606
-0.0209404
-0.0293976
-0.00250282
0.00819785
-0.00345579
-0.00403772
0.00341524
-0.00489098
-0.00339248
-0.0019205
0.0173646
-0.00338262
-0.00330456
0.00481661
-0.00449357
-0.00235064
-0.00058341
0.00902432
4.21452e-05
0.00248919
0.00160063
-0.00413196
0.00303295
-0.00121228
-0.00136293
-0.000457729
-0.000944183
0.00279953
0.000381159
0.00255614
-0.000436611
0.000255978
-0.00347471
0.000710096
0.00250864
-0.000466416
0.00382149
-0.0029769
-0.000378173
0.00348306
-0.000971447
0.00159672
-0.00301031
0.000361382
0.00167748
0.00100548
-0.000752739
0.00269796
0.00126625
-0.00230813
-0.00290709
0.000641631
0.0013035
0.000961963
-0.00295329
0.00167412
0.00164055
-0.00107279
0.00206819
0.000219806
0.00233667
-0.000959754
0.000358845
0.00311065
-0.000676095
-0.00214596
0.00440928
0.00560055
0.000291982
0.00514093
0.00214817
0.001503
-0.000922748
-0.0024789
0.003871
-0.00129623
-0.000200443
0.00359806
-0.00210138
-0.0050553
0.0027305
-0.00254864
0.00487342
0.00105102
0.00361428
-0.00422091
-5.47149e-05
-0.00264665
-0.000154285
0.00302493
-0.00403942
0.00116878
0.0038349
-0.00559167
0.00170209
0.00379909
-0.00044812
0.000492918
-0.00307227
0.00302747
0.00422503
-0.00366175
0.00314558
0.00164245
-0.0015074
0.00192122
-0.000183362
0.00264787
0.000235967
-0.00270048
0.00084066
-0.00462865
0.00184796
0.00194003
0.000526971
-0.00179625
-0.00169462
0.00265838
0.000832504
-0.000718488
-0.000874631
0.00100758
0.000585549
0.000839303
-0.00109582
0.00099357
0.00143918
0.00220173
0.000849047
0.00175939
-0.00261537
-0.00230013
0.000135438
0.00139839
-0.00224178
0.00112797
0.000761192
-0.000989648
-0.000899509
0.000151899
0.00179557
-0.0052636
0.00331614
0.00546359
-0.00462315
0.00280092
0.00228268
0.00601658
0.000731692
0.00273694
-0.00126603
0.00214338
-0.00029035
0.00143958
0.00227701
-8.71755e-05
0.00257442
0.00173541
-0.0030234
0.00284372
0.00650289
-0.000494284
-0.00584229
-0.0033182
0.00583862
-0.00249609
-0.000434802
0.000530481
-0.00474684
-0.00215341
0.00571468
-0.00099888
-0.00569442
0.00495878
0.00214013
-0.0014045
0.000797861
-0.00110375
0.00680877
0.00408066
-0.00269237
-0.000154573
0.00307041
-0.00124223
-0.00167361
-0.00246174
-0.00432711
0.00328785
-0.00248723
0.00106993
-0.00424066
0.00325072
-0.000557194
0.00313091
-0.00149732
0.00199196
-0.00115413
0.00114545
0.00150119
-0.00352813
-0.00232557
0.00212267
0.00122823
-0.000633518
0.00822191
-0.00131232
-0.00250771
0.00202216
-0.000193553
0.000679099
0.00161504
0.00127579
0.00228641
-0.000775103
-5.84411e-05
-0.00233657
0.00317012
-0.00269131
0.000937766
-0.000263551
0.0012918
-0.00134288
0.00167777
-0.00717731
0.000508766
0.00667209
-3.53972e-06
0.00246834
-0.00540645
-0.00717667
0.00618959
0.00387385
-0.00871493
-0.00769259
-0.00110262
-0.00112717
-0.00137576
-0.00228447
-0.00534185
0.0117343
-0.00634434
-0.00138722
-0.00400278
0.00904205
0.000390332
-0.000925758
-0.000248659
-0.00720253
0.00413951
0.000101065
-0.00106067
-0.0301625
-0.0133003
-0.0015217
0.00486254
0.0198662
0.00777257
0.000591557
0.020183
-0.0186859
-0.0202119
0.0187148
-0.0027089
0.00232509
-0.00619396
-0.00419257
-0.00262774
0.00543309
0.0228522
-0.0107547
-0.01549
0.0136875
-0.0307248
-0.00344686
0.000702262
0.00252612
-0.00136268
-0.00280005
-0.00209093
0.00790644
-0.00302472
0.00929796
-0.0145955
-0.00272704
0.00107514
-0.00798473
0.00915001
-0.00427711
0.00881036
0.00880403
-0.0146765
-0.0337898
-0.00427059
-0.0116932
0.00130397
-0.0068145
0.00532614
-0.0131072
-0.00149048
-0.00508271
0.00428871
-0.00273179
-0.00841484
-0.00263518
-0.00335548
-0.0109166
-0.0112968
-0.003142
0.00762424
-0.0144739
-0.00402002
0.00510189
-0.00391976
-0.00110165
0.0124747
-0.0122973
0.00517508
-0.00535252
0.016056
-0.00408669
0.00252022
-0.0213717
-0.00248576
0.00169669
-0.0013315
0.0143031
-0.0121137
-0.013106
-0.00571919
0.00264141
0.000986805
-0.0056958
0.00914508
-0.000690441
0.0063573
-0.00142491
-0.0115333
0.00617195
0.00566808
-0.00350641
0.0138432
0.012048
-0.003197
-0.00126006
0.00934
0.00157611
0.00322456
-0.0015836
-0.00702249
0.00658859
-0.000612344
-0.00821597
0.00755295
-0.00253399
0.00119692
0.000388791
0.00185397
-0.000757832
0.000249525
0.000656781
0.000789779
0.00290735
0.00785194
-0.0160722
-0.00307655
0.0169272
-0.00461388
-0.0316393
-0.00219478
-0.000905454
5.15209e-05
-0.017669
0.0233019
-0.00690993
0.00454515
-0.0128929
-0.0187096
0.00474534
-0.0129959
0.023111
0.0126297
-0.0227447
0.00552139
-0.00468746
0.00309895
0.00176519
-0.00169609
-0.0051532
0.00823322
-0.00114219
0.00605008
-0.00248071
-0.00681355
0.00847405
0.0056093
0.0259877
-0.0127438
0.014514
-0.0277579
-0.00361201
0.00704104
-0.0141842
-0.00417506
0.00676691
-0.00481553
0.0171081
-0.0216957
-0.0163527
0.0109559
-0.0217249
-0.0127424
0.00802051
0.0063384
-0.00161645
-0.0148046
-0.00432716
0.00834503
0.00568674
-0.0267587
0.0230235
0.0232335
-0.04477
0.00879279
0.0158889
0.029932
-0.0326143
-0.0132065
0.00539175
-0.00396245
0.00627876
-0.00141941
-0.0055343
0.00190299
0.00182818
-0.000471208
-0.00325997
0.00103247
0.00109196
0.00226545
-0.00438987
-0.00955058
-0.00290798
0.00849206
0.00133319
0.00132303
0.0015127
-0.0036118
0.00123325
0.0028275
-0.0024553
0.000269484
-0.000288288
-0.00181547
0.00180069
-0.00142053
-0.00320397
0.00210278
0.00252173
-0.00169307
0.00214062
-0.00216078
0.00127176
-0.00396218
-0.00444862
0.00344148
-9.56875e-05
7.89701e-05
0.00318729
0.000555225
0.00262341
-0.00169862
-0.000258962
0.00280929
-0.00133405
0.000801567
-0.000215873
0.00175556
-0.00111154
0.00180514
-0.00244916
-0.0099631
0.00223891
0.000437912
0.00728628
-0.000789001
0.000957115
0.000939062
-0.00246366
-0.00271504
-0.00223594
0.00291523
-0.000774978
0.00219205
-0.000104481
-0.00280739
-0.00329662
0.000309711
0.00498813
-0.00200121
0.00514964
-0.00422821
0.00238999
-0.0026817
0.00100734
0.00030713
1.00292e-05
0.000435799
0.00271518
-0.00408742
0.000936428
-0.000900875
0.000820727
-0.000918727
-0.000910908
-7.84038e-05
0.00228785
-0.00129852
-0.00275635
-0.00172263
-0.00175737
0.000165663
-0.000162649
-0.00185061
0.000682145
0.00133111
-0.00126928
-7.60181e-05
0.00109898
0.00230599
-0.0022626
-0.00155778
0.00132162
-0.00215303
0.000848578
-0.000253346
0.000432225
-0.000404049
0.000971986
-0.00203194
0.00149218
0.00168485
0.000294996
-0.00100788
-0.00180959
0.00171864
0.000627862
-0.000592065
-2.77081e-05
0.00116299
0.000220661
-4.568e-06
0.000253486
0.0019575
-0.00157679
0.000125064
0.00147316
-0.00191946
0.000321232
0.00418117
0.000725891
0.00312967
0.00826876
0.000469201
-0.00570994
0.00643041
0.00346901
-0.00108041
-0.00829103
-0.00186168
0.00324278
0.0012089
0.000136725
-0.00122056
-0.000710814
-0.00194785
0.000849078
0.001302
0.000174851
0.000797325
0.00032982
-0.00117264
-0.00112781
0.00314034
-0.000839887
0.00157448
-0.00197662
8.62813e-05
-0.00230454
-0.000565368
-0.000505425
-0.00211887
-0.0188411
0.0105001
0.0086107
-0.0242867
-0.012706
-0.0225591
-0.0196406
-0.00513437
-0.00770522
0.017782
-0.020841
-0.0013627
0.00948308
-0.00543038
-0.00367864
0.0072856
0.0116662
-0.0319476
-0.00266711
0.00738516
0.0123099
-0.00772669
-0.00325307
-0.00133011
0.0071128
-0.013968
0.00442398
-0.0168543
0.0133274
-0.0114493
0.0024119
-0.0116706
0.00702734
-0.00480899
0.00652603
-0.000127508
0.00336817
0.00769864
0.00369614
-0.00727355
-0.000381204
0.00200834
0.0130966
-0.011064
-0.00404096
-0.0130407
-0.00573187
0.00431706
0.00599405
-0.00707837
-0.0032327
-0.0012113
-0.0077958
0.00200531
-0.00255641
0.000725213
-0.000376913
-0.000928289
0.00260198
-0.00129678
-0.00300097
0.000411302
-0.00173308
-0.0041379
-0.000484
0.000466942
0.00354415
-0.00258429
0.000172124
-0.000575736
-0.00115804
-0.000453781
0.00174854
0.00339345
-0.00284935
0.00021521
-0.00120117
-0.00201487
0.00356548
0.000445312
-0.00102401
-0.00259327
0.00135101
-0.00707936
-0.00269068
0.0034131
0.0080757
-0.0071702
-0.00431865
-0.000691542
-0.00197799
-0.00551657
0.000548759
-0.00549067
0.000232169
0.00187617
-0.00248845
0.000923639
-0.00308484
0.00403737
0.000216695
0.00220324
-0.00190117
0.000928569
-0.000732111
0.000289268
0.00168114
0.00245148
-0.00177396
-0.00237172
0.00171876
-0.00120286
-0.000593204
0.00229771
-0.000360274
0.00210853
-0.000148565
3.60397e-05
-0.00199601
-0.000676713
0.000968739
0.0009701
0.00192299
-0.00394641
0.00201165
1.17816e-05
0.00193153
-0.000951355
0.00127312
0.00110681
0.00318646
-0.000617107
0.00209595
-0.00290234
0.000775005
0.00304142
-0.00143831
-0.00185652
0.00183516
-0.0026367
-0.000149817
-0.00128839
0.00124338
0.00178247
0.000115595
-0.000126476
-0.00225035
-0.000620867
0.000636259
0.000143633
-0.000816932
-0.00105888
-4.25474e-05
-0.000964916
0.00174481
0.0010317
-0.000982799
-0.002124
0.000146953
-0.00120026
0.00103138
-0.00087696
-0.00300497
-0.000521593
-0.00170369
-0.00359975
0.000858294
-0.000812201
0.000499373
0.000241303
-0.00255875
0.00121301
-0.000290502
0.000139511
0.000103109
0.000971228
0.00112034
0.00230825
-0.00128169
-0.00164367
-0.000744511
0.000720166
-7.9447e-05
0.00174222
0.000797858
-0.00103794
-0.00165935
0.000264633
0.000769494
0.000625227
-0.000842732
-0.000896069
0.000826973
-0.00177758
-0.000810176
-0.00148589
0.0010958
0.000363977
0.00111888
0.000454932
-0.00153179
0.00118621
-3.93841e-05
0.00260525
-0.00320173
-0.00238428
-0.00182569
0.000226017
0.00013265
8.17975e-05
0.00131093
-0.000371497
-0.00102123
-0.00182331
0.000359187
0.00169014
-0.00219317
0.00141021
-9.39986e-05
0.002835
-0.000127539
-0.00180077
0.00111165
0.00113208
-0.00131633
-0.00515893
0.00468563
-0.00297591
0.00322775
-0.00373389
-0.000664069
-0.00363196
-0.00335816
0.00547439
-0.00277652
0.00295384
0.00113101
-0.000164415
-0.00392042
0.00433411
-0.00561686
-0.00043829
-0.00333738
-0.000159959
0.00393563
-0.00378301
0.00104864
-0.00311373
0.00419411
0.00259214
0.000405415
-0.000281302
-7.4907e-06
-0.00122938
0.00192822
-0.00159165
2.26147e-05
-0.000453406
-0.00131098
0.000450833
-0.000229218
0.00108937
-0.00143938
-0.00106621
0.00160294
0.00397921
-0.000957407
-0.00148188
-0.000604161
-0.000671328
-0.000633249
0.000780173
0.00190971
4.919e-05
-0.000908404
-0.000134166
0.00142351
-6.6519e-06
0.000296204
0.00140696
0.000200176
0.000572212
-0.00143168
0.00099898
0.0005168
-0.00165273
0.000704077
0.000431857
-0.0013744
0.00149783
0.00013827
0.000649616
-0.000211572
0.000669015
-0.00222123
-0.00134565
0.00157987
0.00012295
-0.00121419
0.001341
-0.00167148
-7.08307e-05
-0.00330355
-0.000116192
0.00349057
0.000421581
-0.000290971
0.00332754
-0.000750156
0.0027681
-0.00123242
-0.00182665
-0.000514443
0.00300794
-0.00227412
0.00303698
0.000224445
0.00022952
0.000987366
-0.00223259
-9.49481e-05
0.000438994
0.00153387
-1.53556e-05
-0.000609411
0.000601845
0.000858352
0.00122966
0.00127589
0.000476509
0.00158458
0.000377814
-0.0024389
-0.00262627
0.00152489
0.000818116
0.000130661
-0.00182573
0.00113207
0.000562998
0.00149039
-0.00164605
-0.00155345
0.00184604
0.0016916
0.000342476
-0.000293468
-0.00117265
0.00261387
0.000763592
-0.000784406
-0.00259306
-0.00176007
0.00101882
0.00105468
-0.00017396
0.000415198
-0.00197075
0.00292975
-0.00109237
0.000500108
-0.00210729
-0.00188808
0.000416165
0.00172236
-0.00239566
0.000257125
-0.000124076
-0.00189917
-0.00128322
-0.000485921
0.00133972
-0.00120694
0.000646043
-0.00169945
0.000272588
0.00166414
-0.00129069
0.00268671
-0.00165054
-0.00236649
0.00201342
0.000539509
0.00341331
-0.000173276
-0.00212665
0.000971946
-0.000288413
-0.00239112
0.000104603
-0.00108967
0.00349993
0.00088977
0.000186801
0.00242173
-0.00349831
-0.00313562
-0.00106531
0.0016227
0.00210061
-0.000315404
-0.00111919
0.00118787
-0.000262391
0.00185929
0.000880291
-0.00247722
0.00174689
0.000155049
-0.00150442
-0.000604448
0.000364378
0.00130466
-0.00151946
0.00157615
-0.00357683
1.6366e-05
0.00134777
0.00133913
0.0014817
0.00113194
-0.00218693
-0.000426677
0.000875383
0.00172979
0.000259423
-0.000823621
-0.00145984
-0.000251255
-0.000155779
-0.00336215
0.00012351
0.00102176
-0.000170575
0.0013054
0.00211458
-0.000823654
0.00121437
0.00193803
-0.00036424
-0.00211854
0.000544736
0.000665292
0.00101034
0.00119142
0.0012759
-0.00116191
0.000351632
0.00166053
0.00179315
-0.000316536
-0.000861291
-2.45073e-05
0.00193443
0.00114535
-0.00158762
0.000711156
-0.00172688
0.000440865
-0.000941856
0.00196188
0.00120158
-0.000750824
0.000898655
0.00164533
2.00839e-05
-0.00120112
0.000634441
0.00121012
-0.000643443
-0.000700666
-0.00137395
-4.59137e-06
0.000906848
0.0013341
-0.00223635
0.000494231
-0.00186198
0.000172685
0.00166398
-0.000671282
0.00011864
0.00229496
-0.00112888
-0.00175081
0.000584731
0.00133947
-0.00151538
0.000773839
-0.0008965
0.00310459
-0.000518817
0.00108518
-0.00240928
0.00131951
-0.000106976
0.000257855
0.00119835
-0.0015279
0.00209456
0.000278238
0.00115341
-0.000147553
-0.0012841
-0.00255615
-0.000632408
0.00337645
-0.00207523
0.00150821
-0.000104263
-0.00130808
0.00117325
2.29175e-05
0.00028513
-0.000300073
0.000665634
-0.00127898
0.00447299
-0.00155156
-0.000983825
0.00201065
-5.11781e-05
-0.00129384
-0.00027262
-0.00275117
0.000948555
-0.000980748
-0.000117971
-0.00236786
0.000905109
0.00150727
0.000694609
0.00088441
-0.000694639
-0.00153136
0.00196923
-0.00113251
0.000884483
-0.00144942
-0.00018243
-0.00218945
-0.00132542
0.00124096
0.000256662
-0.00313914
0.00191346
0.000969016
-0.000117354
1.79381e-05
0.0012262
0.000132146
0.000757682
-0.00143726
0.00142165
-0.00172174
0.00052684
-0.000733483
0.00130824
-0.00117619
-9.11685e-05
0.000505452
0.000436077
-0.00151733
-0.00182392
-0.000373237
-0.00012616
0.00243381
-0.00313107
0.00375457
0.00264282
-0.000109636
0.000198808
0.000737457
-0.000220495
0.0034915
0.00126483
-0.00137319
0.00144614
0.000100705
-0.0038273
0.00228039
0.000374195
0.00188158
-0.00247629
-0.00057265
-0.00215002
0.0022382
0.000801578
0.000198442
0.00168431
-0.00144375
0.00155335
0.000483926
0.00101164
-9.49422e-05
-0.000841115
-0.00088967
-0.000922877
-9.81577e-05
0.00124231
0.00043572
-0.00141145
0.00161524
-0.00182359
-6.73988e-05
-0.000976877
-0.00110495
0.000421253
-0.00130404
0.000784627
-0.00303264
-0.000408826
-0.00384601
-0.000328187
0.00175953
0.00241467
-0.0044168
0.00345868
0.000675793
-0.00262416
0.000330027
0.00307835
-0.00125045
0.00215524
-0.00078445
-0.000279855
-0.00109094
0.000978802
-0.00123355
-0.00144034
-0.000225185
0.000174531
-0.00121121
0.00117026
0.00132921
0.00099809
-0.000172055
-0.000116621
-0.000547285
0.00091971
0.00138726
-0.0011491
-0.00115787
-0.000379576
0.000522225
-0.00123636
-0.00142298
-0.000812292
0.00166992
-0.000611211
-0.00073859
0.000314128
-0.000995731
-0.000717842
0.00252267
-0.00310107
-0.00121593
-0.00169459
0.0016993
-0.000940642
0.00143305
0.000754203
6.897e-05
0.00209013
-0.000701572
-0.00107443
0.000825015
0.000946014
0.000319098
0.00204831
-0.00119907
-0.000597863
-0.00388407
-0.00165118
-0.00423509
0.00977028
0.0174622
-0.0150756
0.0152352
-0.000151137
-0.0176343
0.00255021
-0.00250751
0.002629
-0.0115052
0.00221838
-0.0120272
0.00105537
0.000111508
0.000870036
-0.00176268
-0.000836421
0.00132043
0.000362405
-0.000846416
-0.00132642
-0.000537392
-0.00135285
0.00130909
0.000564494
0.000172939
-0.00184192
0.000824199
0.00113525
-0.000566799
-0.00160662
-0.000103783
-0.000789321
-0.000968916
0.000754119
-0.00095547
0.00032874
0.0019521
0.000337803
-0.00261864
-0.00167521
7.90851e-05
-0.000603556
0.00163709
-0.000235671
-0.00018789
0.00189486
-0.000952852
-0.000508979
-0.0021896
0.00245597
0.000242617
0.000893418
0.00161295
-0.00137684
0.00168051
-0.000907263
-0.00126077
0.000683537
0.000923453
-0.00130634
0.000804065
-0.00010128
0.000490749
0.00118207
7.47955e-05
0.00215981
-0.000319999
-0.000595529
-0.00114624
0.00214877
1.24848e-05
0.00323137
0.00442107
-0.00171185
-0.000835885
0.00263887
0.00446322
0.000856793
0.00200733
0.00241553
-0.000175415
-0.00424745
-0.00201089
0.000105078
-0.00176503
0.000902258
0.00141178
-0.000870688
-0.00127833
0.00209923
-0.00149762
0.00153446
-0.00247964
-0.00116211
0.00201947
0.0012281
-0.00236628
0.000749717
-0.00123513
0.000481139
-0.00127044
-0.00105823
-0.000760828
0.00362352
-0.00193905
-0.00281848
0.000261057
-0.00138089
0.00306464
-0.000803453
-0.00119539
0.000703989
-0.00238291
-0.000957404
-0.000389806
0.000159338
0.000293245
-7.00751e-05
0.00151253
0.000912565
2.05859e-05
0.000629285
-0.000641331
-0.000362328
-0.000516431
-0.000209888
0.0011243
-0.000126279
-0.00132088
-0.00108079
0.00157489
0.000500203
-0.00165631
0.00105333
0.00109398
0.00103134
0.000944222
0.000860534
0.000940313
-0.00424443
0.00015079
0.00315332
0.00199998
-0.000693235
0.000146953
-0.000514835
-0.00135624
9.20384e-05
-0.00195609
-0.000598315
-0.00266175
0.00308325
-6.79845e-05
-0.000717164
7.27298e-05
-0.000152715
0.000988895
-0.00090891
-0.000959416
0.000479338
0.000670421
-0.000754775
0.00092606
-0.000182908
-0.00130477
0.000807969
-0.00104428
0.00109149
-0.000855173
-0.00121786
0.00141549
-0.00104937
0.0013243
-0.000444094
-0.00146487
0.000178896
0.000885807
-0.000910031
-0.00141612
7.83151e-05
0.00163065
0.00455862
0.00529592
-0.013289
-0.00639966
0.00276379
-0.00653266
0.01031
-0.000730025
-0.00434468
-0.0029224
0.00230527
-0.00236074
5.02088e-05
-0.00142386
0.000749396
-0.000498346
-0.000675734
0.000262899
0.000981666
0.000196076
0.000635831
-0.00137971
-0.00072283
-0.00025397
-0.000888592
0.00140546
0.000525723
0.00140738
-0.000124106
0.00064495
0.00135647
-0.0012284
0.000814952
0.000106367
-0.00151759
0.000687203
-0.00081753
0.000860929
-0.000415018
0.0016024
-7.81599e-05
-0.000557169
-0.00121525
-0.000806786
0.00158559
-0.00128716
0.000223803
-0.00131089
0.000671792
0.000304571
-0.00213423
-0.00153706
-0.00149818
0.000103096
0.000482481
0.00170445
-0.000551049
-0.000161233
-0.00182416
0.00118403
0.000801369
0.00217168
-4.13079e-05
0.00111263
-0.000558706
0.000455104
0.000314837
-0.0015036
0.000603549
0.000585211
-0.000814581
-0.000864955
0.00587036
0.0030374
-0.00866555
0.00124709
0.00383256
-0.00416503
-0.00324727
-0.00101147
-0.000240369
-0.00199543
-0.00334711
0.00166111
-0.00115515
-0.000594721
0.000863486
-0.00120739
0.00232153
-5.91775e-05
0.000786239
0.00157217
0.00130081
-0.00178781
-0.000563941
0.0010109
-0.000577027
-0.00214906
-0.000765838
0.000373565
-0.00140793
-0.0018852
-0.000608887
0.00149454
0.000999544
-0.000351485
0.000243013
-0.000415807
0.00217833
0.000903164
-0.000756129
0.00104001
0.00173786
-0.000108433
0.00148666
0.000511986
0.00138643
-0.00144528
0.00102347
-0.000438169
0.00124461
-0.000813404
-0.000450948
0.00022972
-0.000867949
-0.00115061
0.00149285
0.00011774
-0.00113018
-0.000642177
0.0016546
0.00137904
-0.00188261
0.000355551
0.00149274
-0.000522414
-0.00132588
0.00222204
-0.00129505
-0.000383304
-0.000559952
-0.00133849
-0.00300237
0.000417204
0.00209346
-0.000476166
-0.0025199
0.00177831
-3.14289e-05
0.00238139
-0.000925352
-0.00142462
-0.00331532
0.00183885
0.00136359
0.000112884
-0.00100863
-0.00228312
0.00273454
-0.000780506
0.000973204
-0.000152039
0.000528218
-0.0021126
0.00312759
-0.00154323
0.0019944
-0.0024411
0.000582143
-0.000348317
-0.000499312
-0.000867506
0.00183651
9.00341e-06
-0.0016122
0.000729764
0.00171792
-0.00317352
-0.00105756
0.0020231
0.000313217
-0.00148724
0.000833709
-0.0011093
0.000450444
0.00227048
0.00105262
-0.00269502
-0.000628089
0.000660287
-2.9813e-05
0.000955169
0.00223731
-0.000742347
-0.000539797
0.00394215
-0.00450337
-0.00374691
0.00336937
-0.00595421
-0.00126574
-0.0026164
0.00217809
-0.000479415
-0.000937482
-0.00154673
2.83773e-05
-0.000468257
-0.00272408
-0.00243968
0.00133126
-0.000378252
0.00148668
0.00123912
-0.00325946
-0.00111439
0.00102401
-0.000760906
0.000460752
0.00144109
0.000285142
-0.00159951
0.000110159
-0.00202518
0.000894094
-3.98645e-05
5.90726e-05
-0.000291869
0.00122522
-4.04382e-05
-0.000485725
0.000545662
0.00171923
-6.17313e-05
0.00029406
0.000722019
-0.000276483
0.0008568
-0.000866335
0.00135472
-0.00089509
0.000437693
-0.000369794
-0.00225125
0.000113576
0.0015654
-0.00173374
-0.00160561
0.000195518
-0.00345444
-0.0070322
0.00401791
-0.00743831
0.0104526
0.00452248
-0.000645684
0.00351288
-0.00806949
0.00314399
-0.000338389
-0.00453706
-0.00292325
-0.00383617
-0.00247348
0.00523875
-0.00292494
0.000159668
0.00662554
-0.00338478
-0.00304525
0.00751497
-0.00279483
-0.00256475
-0.0021554
0.00396059
-0.0127429
-0.000406075
0.00611673
-0.00390098
-0.00581709
0.00365323
-3.92483e-05
-0.00648935
0.00712545
-0.00453389
-0.0023254
-0.00571051
0.00380229
-0.00332034
-0.00456149
0.00174392
5.17098e-05
-0.000702357
-0.00113634
-0.000305073
0.00164626
-0.00235805
-0.000405834
-0.000199992
-0.00258008
0.00237423
-0.00156813
0.00089926
-0.00190717
3.39696e-05
0.000973934
-0.00137478
-0.00148518
5.87319e-05
-0.00061395
0.000930355
-0.000159907
-0.00408215
0.000926724
-0.002327
0.000811264
-0.000613627
-0.00201929
0.00395313
0.00122698
-0.00195679
0.000488905
0.000240905
-0.000199441
-0.000106974
-0.00125849
0.00184627
-0.000480806
0.00113156
-0.000104205
0.00115076
-0.000195028
0.00114634
0.00112015
-0.00196579
0.00160239
-0.000182238
-0.00103189
-0.00114063
-0.00124021
-0.000254494
-0.000471084
0.00121276
-8.61835e-05
0.00143561
-0.000605752
-0.000680036
0.00281892
-0.000286905
-0.00185198
-0.00137364
-0.000346208
0.000579222
-0.000697562
-0.000591557
4.74055e-05
0.00167473
-0.0012407
-0.000481443
0.00123272
-0.000184795
-0.0016625
-0.00103514
-0.00209825
-0.00208256
-0.00120708
0.00117706
-0.00205254
0.00222291
-0.000708383
-0.00058934
-0.00134623
0.00142205
-0.00110075
-9.89584e-05
-0.000222348
-0.00226387
0.000943716
0.00115892
0.000590411
-0.000521622
-0.00105084
0.000903307
-0.000705669
0.0014845
-0.000667345
-0.000285162
-0.000664306
-0.00380766
-0.00147263
0.00648496
-0.00120466
-0.00314337
-0.000234621
-0.000828453
0.00268978
-0.00272184
0.00544697
-0.00241542
-0.00163393
-0.0018338
0.00132277
0.00420998
-0.00238514
0.00442394
-0.000753416
-0.00104224
0.00599451
-0.00508019
0.00136742
-0.00228174
0.00210043
8.64193e-05
0.00258625
0.00102293
0.00414469
-0.000604507
0.00229935
0.00320682
-0.000370689
0.00184028
-0.000328831
0.00150431
-0.00318914
0.000945784
0.00243016
0.000303142
-0.000707441
-0.00199025
-0.000915891
0.00129141
-0.00487758
0.00184638
0.00432261
0.00215204
2.36794e-05
0.00410603
-0.00186402
0.00333463
-0.00400042
-0.00315285
0.00275297
-0.00375981
0.000932259
0.00299064
0.00233515
-0.00180691
0.00213602
0.00254888
0.0014644
0.00013873
0.00231958
0.00113388
-4.71344e-05
-0.00295631
0.00257249
-6.71226e-05
0.00229597
-0.00351012
-2.85221e-05
-0.00405691
0.000825796
0.00216048
0.000915649
0.00675718
-0.00280856
0.00477527
0.0013008
0.00464619
-0.0013687
-0.00347888
-0.00164394
-0.00177819
-0.00247243
0.00639673
-0.00641543
0.00385276
-0.00117899
0.00635653
-0.00359956
-0.00164903
-0.00397861
0.00444863
-0.00440568
-0.00448274
-0.000271499
-0.00060325
-0.0010702
-0.00413674
-0.000459303
0.00327684
0.00100918
-0.00325575
-0.00203776
-0.00370732
-0.000630795
-0.000591881
0.000505224
-0.00107639
-0.00618479
0.00200247
0.00312617
-0.00269935
-0.00242932
-0.000902321
-0.0042868
-0.00106354
0.00156711
0.00478549
0.00208513
-6.68056e-05
-0.00298913
0.00433743
0.00249356
0.00276212
0.00133728
0.00246444
0.00434437
0.00583329
-0.00117075
0.0043617
0.00460222
-0.00434167
0.00353157
0.00240702
-0.00348354
-0.00275787
-0.00118256
0.006434
-0.00235408
-0.00148937
0.000936355
-0.00237421
0.00213965
-0.00128199
-0.000796776
0.00041084
-0.00306833
0.00159407
0.000514509
-0.00259417
0.00100305
-0.00486621
-0.000273584
0.00520141
-0.00116234
0.0029675
-0.0108221
-0.0051467
0.00150942
0.0026384
-0.00386805
0.00239131
-0.00380499
0.00550254
0.00226004
-0.00513036
-0.00118256
-0.00312029
-0.00141045
-0.00178668
0.0041362
-0.00409292
0.00635791
0.00344969
-0.00203764
0.00528953
-0.00478681
0.00153491
-0.000785195
0.00336695
-0.00189535
-0.00653881
0.000136583
0.000123566
-0.00247537
0.0043582
-0.00495147
0.00549854
0.00668953
0.00230076
-0.00855237
0.000439463
0.00135519
-0.00362849
0.00151611
0.000635064
-0.00138991
0.000245089
0.000509754
-0.00180759
0.000243891
0.00135213
0.00141954
-0.00185903
3.65445e-05
0.00226714
0.000457636
-0.00116142
0.00169623
-0.00303539
0.00139613
0.000295057
-0.00039729
-0.00127169
-0.000229059
-0.00102388
-7.85361e-05
-0.000348495
0.00117932
-0.000332564
0.00149084
0.000505525
-0.00178935
0.000951259
-0.00131585
0.000219762
-6.5048e-05
-0.000395572
-0.00163658
-0.00029072
0.000190427
-0.00409951
-0.00013326
8.24135e-05
-0.000453334
0.00013786
7.68007e-05
0.000648343
0.00106786
0.00052984
-0.00224604
0.00198196
-0.00091324
-0.00202255
0.00138507
-0.00141818
0.00165979
-0.00162667
0.00114151
-0.00160312
-0.000609308
-3.00891e-05
0.00254972
-0.00357599
0.0017858
-0.000245113
0.00314527
0.000773457
0.000996497
0.000413869
-0.00368426
0.000425347
0.00284516
0.00162167
-0.000369354
0.00158796
0.00334514
-0.00403584
0.00381366
-0.00367863
-0.00143745
0.00143191
0.00259019
-0.00105341
-0.00382283
-0.00196057
0.00118582
-0.000951609
-0.0134715
0.00480978
-0.00581407
-0.012665
-0.021002
0.00740409
0.000200023
0.00628143
-0.00999498
-0.005055
0.00233595
-0.0018707
-0.00913961
0.00485963
0.00632296
-0.00204295
0.0058385
-0.0174541
-0.0156929
-0.0257262
-0.0146233
-0.0157543
0.000740593
-0.0013768
-0.00134371
-0.00111323
-0.00111022
-0.000352203
0.000525698
0.00138411
0.00668983
-0.0043813
-0.00318374
0.0068991
-0.00285487
-0.00218191
-0.00186232
-0.00264296
-0.00317788
0.000484008
-0.00243739
0.00219469
0.00463256
-0.00305248
0.00208669
-0.0014392
0.00010745
-0.00166048
-0.00121515
-0.00274994
-0.00387664
-0.000884681
-0.00199931
-0.0024408
-0.00217827
-0.000154645
-0.000718486
-0.00187681
-0.00191174
-0.00172439
-0.00203145
0.000388428
-0.0025476
-0.0010831
-0.00329134
0.00536265
0.000248328
-0.00276765
-0.000674776
0.00204441
0.000857401
-0.00279519
0.000699892
-0.000466443
4.8301e-06
-0.0016188
-0.000275124
0.0020908
-0.000369672
-0.00144601
0.00230246
-0.00140213
0.00105193
-0.00195226
0.0015061
0.00108212
-0.00240586
-0.000182355
-0.00141567
-0.00144992
0.000737949
-0.00245439
-0.000411955
-0.00177946
-0.00133498
0.0035264
-0.0001411
0.0009699
-0.000777536
-9.08003e-05
-0.00127814
0.00789379
-0.0147324
0.0187628
-0.00694712
0.000565675
-0.00426383
-0.00484686
0.00598549
0.00210265
-0.00371226
0.00501927
0.00430077
-0.000105797
-0.00591048
-0.00242813
0.0105677
-0.00796609
0.00498608
0.00580726
-0.017918
-0.00083412
0.0071397
-0.0127798
0.0106021
-0.00234011
0.00892121
0.00690246
-0.00943531
0.0105035
-0.00742771
0.00615318
0.0131409
0.0109105
0.010496
0.00189771
-0.00650352
0.0157466
0.0107342
0.000527607
-0.0107968
-0.00696098
0.00470432
0.00734087
0.00382948
-0.0104223
0.00662253
0.000806522
0.000320121
0.00483824
0.00752591
0.00483625
-0.00359854
0.00572507
-0.000332573
0.0102379
0.00657903
-0.00137268
7.6896e-05
0.0120299
0.000890087
0.00454887
-0.00433581
-0.00127528
0.0029837
0.00467877
0.00821074
-0.00105904
0.00269156
0.00738336
0.010302
0.00337411
-0.00662044
0.00071433
0.0115423
-0.00160788
-0.00393099
0.0052109
0.00442295
-0.00532708
0.00184489
0.00551238
-0.000313957
0.00990341
-0.00581981
-0.00997978
0.00331642
0.0124832
0.00933255
0.00852147
0.00299331
0.0103694
-0.00547268
-0.00802291
-0.00150686
0.0088468
0.00657944
0.00680774
0.00521107
0.00367143
-0.00161705
0.0149947
0.00627731
-0.00359114
0.0079265
0.00407205
-0.00840742
0.00853154
-0.0104573
0.00102738
0.00330113
-0.0063434
0.0108453
0.0108218
-0.0153237
0.000133707
0.00506312
0.00192207
0.00205821
-0.00334089
-0.0117994
0.00133939
0.0144224
0.00898463
2.74652e-05
-0.00174687
0.0162466
0.00720433
-0.00645583
0.00872508
-0.00502104
-0.00456693
0.00931338
0.00076593
-0.00158907
0.0141396
-0.00749066
0.0113024
0.00665125
-0.011232
0.00160055
0.00200516
0.0120715
0.0109767
0.00301693
-0.00569543
0.00401825
0.0137771
0.00239808
0.0104649
-0.00392222
-0.000407715
0.00132412
-0.00178368
-0.00295892
-0.00269005
0.000467272
-0.00268216
0.00366661
-0.000984386
0.00193877
0.001076
0.00235453
0.0038064
0.00405893
-0.000920684
0.000701691
-0.00987012
0.0107529
0.010818
0.00140104
-0.00136133
0.00267084
0.00154367
0.0115201
-0.000710263
0.0128755
-0.012142
0.00904281
0.000583319
-0.00987536
-0.00943137
0.00504372
0.014263
-0.00620151
-0.00583149
0.0146391
-0.00260611
0.00319433
-0.0063116
-0.00305155
-0.00433738
0.010424
-0.00919977
0.00311316
-0.00215325
0.00403069
0.0103507
-0.00392191
0.00129842
0.0088313
-0.00108416
0.00787364
0.00370655
0.00241972
-0.00175269
0.00609614
0.00616003
-0.000499776
0.00883959
-0.00257101
0.00681706
0.00270085
0.000969716
0.00389041
0.00258054
0.000762884
0.00613682
-0.00434512
-0.00836982
0.00289611
-0.000220655
0.00314968
-0.000514609
-0.00295197
0.00295515
-0.000650264
-0.00112817
-0.000315628
-0.00213304
-0.00334032
-0.00302352
0.000848816
0.00131861
-0.00337451
-0.00083114
-0.00180937
0.000826815
0.000367272
0.00424532
0.00171259
-0.00484451
0.00383725
-0.00030179
0.00178931
-0.00154667
-0.0035836
0.00566289
0.000139992
0.0016497
0.00294811
-0.000963785
-0.00403149
-0.00324023
0.00372096
0.00382879
0.010668
-0.00920506
-0.00759159
-0.00371474
0.0106825
0.00202402
-0.00104157
0.00448923
-0.0066581
-0.00418621
0.0040951
2.935e-06
-0.00513184
-0.00287581
-0.00355357
-0.00706498
-0.00460019
-0.00448694
-0.000755556
-0.00622844
0.00543272
-0.00815714
-0.00172252
-0.00293837
-0.00147434
0.000160746
-0.00291813
-0.00294234
0.0033721
-0.00196768
-0.000997182
0.0106063
-0.00456501
0.00424238
-0.0102837
-0.0112917
0.0109427
0.00533834
-0.00498937
0.00808424
0.000798263
0.0106905
-0.00678398
-0.000169585
0.00982981
-0.00171233
0.00110947
0.00284671
0.0142084
0.014728
0.00400673
0.0103025
0.00264443
-0.000267214
-0.00113154
-0.0026239
0.00464552
0.00845686
-0.00242047
0.0125261
-0.00682999
0.0100535
-0.00455121
-0.00250894
0.00329215
0.00873154
0.000502391
-0.00326699
-0.00684647
0.00722561
-0.0101272
0.0108794
0.00930125
-0.013795
0.00489833
0.00659886
0.00229777
0.0123522
-0.00664839
0.0117717
0.00582999
0.00338721
-0.000814553
0.00546193
0.0114173
0.0181663
0.00202362
-0.00821494
0.0148661
-0.00276828
-0.00617941
0.016689
-0.00940532
0.0133336
-0.0062845
0.0147241
0.00391253
-0.00776708
0.000109081
0.00726606
-0.00570859
-0.00523078
-0.00833437
0.0113774
-0.0109887
-0.00874569
0.0148484
0.004886
-0.0135151
0.00336972
0.00439337
0.00575199
0.00351129
0.000405653
0.00435674
0.000274016
0.00305526
-0.00234015
-0.00780353
-0.0021225
-0.000607141
0.00613989
0.00540596
-0.00705512
0.006835
0.00153429
0.00303823
0.00210043
-0.00140571
-0.00483451
-0.000211025
0.000976343
-9.35724e-06
0.00366137
-0.00491565
0.00700199
-0.00201188
0.00274569
-0.00147221
-0.00131602
-0.00010877
0.0027706
-0.00035357
-0.00124598
-0.00194753
-0.000342152
-0.00274267
-0.000445826
-0.00340939
0.000770377
-7.48362e-05
-0.00159887
0.000484486
0.00174899
-0.00193963
0.00227705
-0.00192016
0.00254082
0.00292172
-0.00210385
0.0019713
0.000838519
-0.0018813
0.00184235
0.00218062
-0.00258425
0.00247896
-0.000160475
0.00241118
-0.000942109
-0.001477
0.000678424
0.00151705
-0.00103346
0.000540195
-0.00192772
0.00211273
-6.7469e-05
-0.00187559
-0.000756402
-0.000812631
0.00239768
-0.00118476
6.7081e-05
0.000632461
-0.0012686
0.000960663
0.00180131
-0.00209296
-0.000573337
5.13407e-05
-0.00157158
0.00143899
0.000245861
-0.00138979
0.000968137
0.00139573
-0.00152999
-0.00131378
-0.000581526
-0.00189644
-0.000479963
0.0003604
-0.00163564
0.000686981
0.00179121
0.00114577
-0.000377802
-0.00208215
-0.000575343
-0.00367344
0.00523168
-2.02211e-05
-0.00634655
0.00774025
0.0024573
0.00508569
-0.00488905
-0.00265393
-0.000840731
-0.00170354
0.000134988
-0.00135488
0.00141612
0.000252495
-0.00133763
-0.000141734
0.00113022
-0.00163193
-0.00116094
0.00281857
-0.00133975
-0.00112717
-0.00262856
-0.00118388
-0.000691046
-0.000150637
0.0010925
-0.00157446
-0.00272745
-0.00153918
-0.00303635
-0.00393436
0.00239396
0.00156813
-0.00133925
0.000462792
-0.00220513
-0.00116231
-0.00869029
0.00204757
0.00528629
2.97907e-05
0.000628171
0.0042284
-0.0199322
-0.0101476
-0.0203856
-0.00233037
-0.00240652
-0.000685856
0.000540118
-0.000419064
0.00124293
-0.00122122
0.000962758
-0.00164283
0.000749038
-0.00125169
0.00110677
-0.00229801
0.00138818
-0.00082262
-0.000782943
0.00270446
-0.00150861
-0.00132338
0.0013097
-0.00215852
0.000120731
-0.00168524
-0.0014133
-0.00160802
-0.000524345
-0.00178083
-0.00125277
0.000433328
0.00354548
0.00663982
-0.00685195
0.000365512
0.00285206
-0.001792
0.00176632
-0.000673692
-0.00204938
0.000956753
-0.000684256
-0.00144036
-0.00152004
-0.00179706
0.00169729
0.00295005
0.000642629
-0.00101771
-0.00257496
-0.000341015
0.00279822
-0.00122397
-0.00123325
-0.00197549
0.0015944
-0.00152805
0.00424204
0.00394703
-0.00389077
-0.0057038
0.00754185
-0.00182053
-0.00232398
0.00146818
0.00267634
-0.00260185
0.0068584
-0.00182105
0.00707378
-0.00320141
0.00362964
-0.00848221
0.00537511
-0.00449139
0.00644245
0.0016178
-0.0114428
0.00391606
0.00188818
-0.00171765
-0.000458358
-0.00219223
0.00230883
1.37632e-05
-0.00266466
-0.000325811
-0.000166283
-0.00174874
0.00240089
-0.000945471
-0.00243
0.000631232
-0.00150216
-0.00198211
0.00166291
-0.000493427
-0.00152222
0.000251094
0.00162768
-0.000896901
0.000919587
-0.000394866
-0.00137823
-0.00247421
0.000431635
0.00201007
-0.000558897
-0.00300172
-0.00317648
0.00171155
0.00123479
0.00337383
-0.00190974
-0.00160727
0.00142934
-0.00257096
0.000204833
0.00103757
-0.00243122
0.00118882
0.000999062
-0.00227303
-0.000523731
-0.00208284
-0.000392207
-0.00110085
-0.00174355
0.00225053
0.00083059
0.00177987
0.00154491
-0.000174572
-0.00158267
0.000212325
-0.00058895
-0.00132193
0.00151817
0.000887265
-0.00157749
6.74844e-05
-0.0027209
-0.00123166
-0.000802758
-0.00130803
0.00174403
0.00143126
6.52871e-05
-0.0026695
0.002932
-0.00330334
0.00208598
0.00154786
-0.00138749
0.00134784
-0.00704199
0.00268114
0.00328967
0.00107118
0.00796943
-0.00232269
-0.00505218
0.00248195
0.00247964
0.0026025
0.0021269
-0.00231388
0.00050507
-0.000985274
0.00125415
-0.00180489
0.000689209
-0.00062855
-0.00129597
0.00263571
0.00133837
-0.0023097
0.00120478
0.00133775
-0.0025448
0.00243424
-0.00233292
-0.00092115
0.000261138
-0.000949988
0.00143257
-0.00060341
0.00105241
-0.00275357
0.00228922
-0.000118435
0.00117199
2.35488e-05
-0.00190434
-0.000555015
0.000363126
0.00251782
-0.00240082
0.00281686
-0.00102112
-0.00239127
0.000978392
-0.000794923
-0.00216174
0.00157968
-0.00142032
0.00268951
0.000546603
-0.000632559
0.00149629
0.000271208
-0.00113494
-0.000218498
-0.00286407
0.00177382
0.00130875
0.00376866
-0.000714904
-0.00318702
0.00351514
-0.00200545
-0.000322872
0.000770227
0.00350577
-0.00162144
-0.00265736
0.00103013
-0.00086854
-0.00434921
0.00519753
0.000627527
0.00778434
-0.00104069
-0.00737118
-0.00500881
0.00378857
0.00200883
0.00216239
-0.00255894
-0.00225396
-0.00132935
0.00282763
0.000755679
-0.00173432
-0.00250075
0.00166011
0.00192134
-0.00332526
0.0018492
-0.000445286
0.00169323
-0.00142381
0.00147957
-0.00207144
0.00180318
0.000308468
-0.00205535
0.00315816
-0.000173383
-0.000929427
-0.00153652
0.00176981
5.38194e-06
0.00192078
-0.00369598
-0.00427479
0.00646686
-0.00258693
-0.00178423
-0.00192961
-0.00172275
-0.00067341
0.000960343
0.00108149
-0.000650406
-0.00336303
0.00293195
-0.0014075
-0.00358378
-0.00205888
-0.00358217
-0.000515675
-0.000153192
-0.00221792
0.00118778
-0.00242991
-0.0020794
-0.00182075
-0.002501
0.00249936
-0.00109852
-0.00214145
-0.00181959
-0.000810644
-0.00452974
-0.00525919
-0.000835976
-0.000896901
0.00200888
0.000294098
-0.00164184
-0.0014098
0.00227865
-0.000494284
-0.00342621
0.00128024
0.000440231
-0.00279982
0.000156506
9.85227e-05
-0.00196143
0.00368824
-0.000609551
-0.00111727
-0.00170432
9.43794e-05
-0.00237319
-0.00150975
-0.00253285
-0.000599965
-0.0031267
-4.8198e-05
0.000283281
-0.00167166
-0.00290641
0.000825565
0.000982324
-0.00228862
-0.00147441
-0.00227584
0.000843839
0.0011344
-0.0026887
-0.000626147
-0.000874775
0.00795054
-0.0125674
0.0236527
-0.0121159
-0.00136255
0.0075548
0.0044798
0.0051527
-0.00264017
0.000977317
-0.00229998
-0.0092028
0.000299114
-0.00111679
-0.00963018
0.01156
0.0108458
-0.008543
-0.00589836
-0.00808379
0.0115609
0.0104632
-0.00690053
-0.00629932
-0.0102358
0.0111933
-0.00293543
0.00197788
-0.00413192
-0.0118392
0.00226447
-0.00529684
-0.00144992
-2.8613e-06
-0.0020727
0.00402639
0.00129295
-0.0111463
0.00680645
0.00169967
-0.0102377
0.00508552
-0.00572726
0.00897644
0.00319304
0.00714663
-0.00326879
-0.00704871
-0.000800654
0.00176678
0.00608267
0.0056747
-0.00262351
0.000895845
0.00578163
-0.0043744
0.00241951
-0.00334623
-0.00904988
0.00216031
0.00414405
-0.00806803
-0.00180328
0.00057546
0.00401007
-0.00764282
0.0080392
-0.00736505
-0.0114118
-0.00291882
0.00407273
0.00465666
-0.00712577
-0.0120204
0.00037662
0.00807723
-0.0108191
0.00631435
0.00151554
0.00477309
0.000554213
-0.00870121
0.00596963
-0.00306214
-0.00903093
-0.000209968
0.000881678
-0.00292567
-0.00158354
-0.00331186
0.00288681
0.000120474
0.000926499
0.00116063
-0.00220761
-0.00196468
-0.00101715
0.0019311
0.00371564
0.00244412
-0.00595038
0.00396991
0.00158893
0.000391541
0.00398536
-0.00234683
-0.00179389
-0.00362955
0.00455489
-0.00319607
0.000939472
0.00155253
-0.000518986
-0.00418085
0.00287729
-0.00180128
-0.000417182
0.0037502
-0.00347205
0.00250169
0.000478649
-0.000388387
0.00412245
-0.000563884
0.000829323
0.00308145
0.00352392
-0.00354304
0.00310654
-0.00644473
0.0150159
0.0233748
-0.00440696
-0.0339838
-0.0104601
0.00788091
-0.0227182
-0.00126232
0.00639907
0.00897038
-0.0141071
0.0038705
-0.0202258
-0.00636283
0.00559856
0.0168188
0.00142645
-0.0238437
-0.00798138
-0.00540454
-0.0123402
-0.0103498
0.0100108
0.0106896
-0.000698782
-0.00776793
0.00705038
0.00141633
-0.00545771
-0.000895264
-0.00335956
0.00971253
-0.00102982
-0.0122553
0.0109926
0.00922381
-0.00420122
0.00250332
0.00101431
-0.00462675
-0.000737264
0.00861867
-0.000168818
-0.00489981
-0.00872445
-0.0104811
0.00141635
0.00617851
0.0115628
-0.00488875
0.00135462
0.00119964
0.00256908
0.000454962
-0.00150881
0.00203125
0.000578834
-0.00110128
-0.00706837
-0.00178466
0.00445227
-0.00680379
0.00375499
0.00107168
-1.40772e-06
-0.00482528
0.00107306
-0.000103683
-0.00173271
0.00076331
-0.00456375
-0.0101597
0.00423556
-0.00355015
-0.000235479
-0.00354091
-0.00154629
0.00201707
-0.000800194
0.000329384
-0.00112379
-0.00146568
0.000246133
0.00234331
-0.00487147
0.000310112
-0.010062
0.00603105
-0.00087875
-0.00218858
-0.0029637
0.0125518
-0.0242153
0.0156796
-0.00401619
-5.4612e-05
-0.00319453
-0.00543986
-0.00460972
0.00591148
-0.00218282
0.00339755
-0.00451546
0.00247254
0.00013502
0.00314316
0.00210328
-0.00371494
-0.00193815
0.00339819
-0.00102636
-0.0030596
0.00422095
0.00270751
-0.0177548
0.016392
-0.0116842
-0.0166207
0.0246
0.00435122
-0.0206777
-0.00827362
-0.00854549
-0.0235704
0.01189
0.00634685
-0.00601168
-0.00624496
0.00560226
-0.0112977
-0.000110261
0.00750779
-0.0075771
0.00362947
0.00180935
0.015657
-0.0210959
-0.00563399
0.00743467
-0.00910865
-0.00149302
-0.00060262
-0.00792268
-0.0024735
0.0188385
0.000835636
-0.0172006
0.0025322
-0.000251398
-0.00189964
0.00143907
0.000801286
-0.00289612
-0.00223266
0.000125053
-0.00707925
0.00135511
-0.00256407
-0.00198536
0.00319432
0.00181835
-0.00256948
-0.000873474
0.00458181
-0.00491298
0.00229057
-0.00315226
0.00135337
-0.00329116
0.00509135
-0.00424992
0.00382805
-0.00285637
-0.00354855
0.00359309
-0.00364836
-0.00125464
-0.00512401
0.00350004
-0.000236884
-0.00513207
0.00440049
0.00415613
-0.00692847
0.000304444
-0.00898708
-0.000943399
-0.00269557
0.00123067
4.01109e-06
0.00588602
-0.00114219
-0.00474784
0.00943352
-0.00517697
-0.00538766
0.00228156
-0.0138923
-0.0125731
-0.00126032
0.00844364
0.00538977
-0.00130103
-0.00336696
0.00847028
-0.0148449
-0.0215663
-0.0031127
0.0109637
0.0137152
-0.0024034
0.00400166
0.00686899
-0.00260911
-0.00327309
0.00871892
-0.00896813
-0.0105138
0.00390405
0.0053403
0.0022602
-0.00244244
-0.00251333
0.000317898
-0.00397572
0.00306591
0.00827377
-0.00105003
-0.0107302
-0.00292751
0.0026146
0.00307669
-0.00761158
0.00489034
-0.000355433
0.00274476
-0.00523859
0.00760469
-0.00337297
-0.00274756
0.00472955
0.000762778
0.001521
0.0031952
-0.0015223
0.00308951
-0.00822475
0.00342683
0.00335425
-0.00622434
0.000846717
0.00332426
-0.00177559
0.00343252
-0.00284568
0.00294625
-0.00177475
-0.00239268
0.00149203
0.00562535
-0.00472472
0.000495184
-0.00123045
-0.00706583
0.0167693
-0.00536979
-0.0214415
0.00474831
-0.00292759
-0.00723936
0.0108305
-0.0048844
0.0114873
-0.00580464
0.0106439
-0.00309392
0.00648958
-0.0165905
-2.63127e-05
0.0107154
-0.00690936
0.0105806
-0.0116261
0.00847637
-0.0122393
0.0067466
0.0065555
0.000460059
0.00258257
-0.00839644
0.00954896
-0.00423059
0.0170059
-0.010045
-0.00273027
-0.00656717
0.0102968
0.00605009
-0.00977971
-0.00172082
0.00207378
-4.77985e-05
0.00123354
-0.00188671
-0.00107935
0.00039988
0.00220047
-0.0017305
0.0021048
-7.72139e-05
-0.00121972
-0.000360312
0.00266579
-0.00108576
-0.00232825
0.00207267
-0.000823762
-0.00259319
0.00241321
-0.000703536
0.000883518
-0.000257568
0.0023622
-0.00315323
0.00153301
-0.000741978
0.000417244
-0.000881538
-0.000540381
0.00149278
-0.00267779
0.00145132
-0.00296273
7.06464e-05
-0.00248722
-0.000540727
0.00023515
8.25756e-05
-4.27064e-05
0.000337047
0.00199353
0.00165435
0.00192561
0.000134226
0.00196328
-0.00402311
0.00310864
-0.00202658
0.00104024
-8.33058e-05
-0.00268235
0.00172541
-0.000816272
0.000573691
-0.000225505
-0.00108135
0.00323247
-0.00213795
0.00316878
0.00312029
-0.00294143
-0.00280498
0.00267333
-0.000166338
0.000297983
-0.00313437
-0.00357587
0.00245276
0.00425749
0.000367343
-0.00154328
-0.000432649
0.00377991
-0.00361395
0.000266683
0.00137495
-0.000416145
-0.000175456
0.00265749
3.57895e-05
0.00246457
-0.0023264
-0.00275954
0.0026092
0.00275962
-0.00162845
0.00130877
0.00127737
-0.00233855
0.00101338
-0.00299596
0.000317107
0.00298098
0.00133034
-0.00138777
-0.00292355
-0.000898012
-0.000944757
-0.00106751
0.00291029
-0.000271678
-0.0028027
-0.000417996
-0.000432831
-0.00123119
-7.98138e-06
0.0020511
-0.00247596
0.00275739
-0.000783633
-0.000634291
-0.00133946
0.00158429
2.26673e-05
-0.00123794
-0.000369017
-0.000426386
-0.00194339
0.00330618
-0.00282356
0.00174056
0.000254268
0.00119756
0.00321006
-0.00347449
-0.003301
-0.00106846
0.00461779
0.000960011
0.00400423
-0.000354108
-0.00352507
0.00312513
0.000786248
0.00153945
-0.00179586
-0.00160083
-0.00209304
0.000527617
0.00316626
0.000728557
0.00134042
-0.000164342
-0.00190464
0.000308029
-0.00171332
0.00027921
-0.00105815
-0.00169678
0.000490856
-0.00030505
-0.000481659
-0.000907881
0.00496648
-0.00225165
-0.00583139
0.00311652
0.00710957
0.00355513
-0.000651267
-0.00446197
0.00237268
0.0049068
-0.00193719
0.0050625
0.00367981
0.00326337
-0.00344143
0.000260689
0.00126639
-0.00411314
-0.00154629
-0.00437366
0.00229637
0.0024374
0.00101303
0.00310138
-0.00394288
0.00199058
-0.00114909
0.0027632
0.00135268
-0.00312697
-0.000988947
-0.00434221
-0.000214695
-0.00259062
-0.0107341
0.00731305
-0.0233583
0.0151368
0.00563086
-0.0119084
0.00386987
-0.0161768
0.00506906
-0.0078008
-0.00562043
-0.00908526
0.00304897
0.00212451
0.00571523
-0.00195373
-0.000843729
0.00389027
0.00353976
-0.00332484
0.00290939
0.000732768
-0.00401285
-0.00194617
0.000224127
-0.00370477
0.00193112
-0.000175229
-9.74805e-05
-0.00175052
0.00166008
0.00022949
0.000581325
-0.00256133
0.00137724
-0.00258328
-0.000528285
-0.000519303
0.000575947
-0.000249626
-0.00297276
0.0027031
0.00308602
-0.00100665
0.00334434
0.00168728
-0.00451945
0.00355797
-0.00442744
0.0113025
0.00586336
0.00897203
0.0119605
0.00254142
0.00872599
0.00445521
0.00226693
-0.00523971
0.00952828
-0.0122753
-0.00615311
0.00921858
0.00920983
0.00583157
0.0141872
-0.00970214
-0.0103166
0.0149066
-0.0141483
-0.00718152
-0.0164585
0.0174905
-0.0104122
-0.0060118
0.000996799
0.0154272
-0.013531
-0.012608
-0.00250151
0.00469732
-0.0154258
0.0173865
0.0160868
-0.0177884
-0.00431026
0.000348517
0.00471803
-0.0151986
-0.00101487
0.0043162
0.00235893
5.57759e-05
-0.00198254
0.002834
-0.000721702
0.00107005
0.00458805
0.00523277
-0.00169461
-0.00552071
0.00109143
0.0028398
-0.00282
-0.00275385
0.00302013
-0.000441514
0.00133605
0.00531474
-0.00588042
-0.00360598
0.00105183
-0.00289348
0.00529631
-0.00153245
0.0129939
-0.00945309
-0.00871341
0.00807031
-0.00472088
0.00536398
0.00400203
-0.00266214
0.0133131
-0.00624876
0.00423097
-0.0033661
-0.00647859
0.00736406
-0.000868712
0.000733819
-0.00150868
4.09678e-06
0.00033638
-0.0036877
1.76062e-05
0.00180874
0.000931039
0.00260847
-0.000357844
0.000547815
-0.00279844
0.000827827
-0.0026818
0.000739934
0.00183046
0.000494631
-0.00306503
-0.00294884
-0.00200295
-0.00252422
0.0227633
-0.0242579
-0.00337695
-0.00612241
0.0124046
0.0140933
-0.00318339
-0.00645543
-0.00445439
0.0050181
-0.00238803
0.00324597
0.000159352
-0.00101731
-0.00994697
-0.00858744
0.00156898
0.0169654
-0.00801243
0.00899477
0.00333983
-0.00234619
0.000529679
0.00249942
-0.0016318
-0.00429872
0.00127163
0.00168567
-0.000680687
0.00332659
0.00130654
-0.00395243
-0.00198962
0.00310123
0.00298983
0.00151194
-0.00167196
0.0017361
0.00241782
-0.000971138
0.00243163
-0.00209885
0.00341303
0.00578574
0.00284997
-0.00199589
-0.00331465
-0.000332202
-0.00140083
-0.000497169
0.0013083
0.000934489
-0.00289319
0.00100386
0.000664132
0.0016586
0.00307206
0.00176786
0.00420548
0.0039455
0.00536094
-0.00603717
-0.000528789
0.00369726
0.00212222
0.00596342
0.00179329
0.00100302
-0.00275384
0.0009544
-0.000962666
0.00214762
-0.00213933
-0.00388162
0.00407426
-0.00338783
0.0016929
0.000197283
0.00239198
0.000519345
0.00245342
0.00110149
-0.00276683
0.000437722
0.00252639
0.0104288
0.00217081
-0.00468878
-0.00791079
0.00881516
-0.0127941
-0.00679668
0.0107756
0.00951022
-0.00625386
0.00380852
-0.00706488
0.000818752
-0.0192472
0.0120601
0.0063683
-0.00532692
-0.00497814
0.0111683
-0.000863236
-0.00846486
0.011585
0.00336946
-0.0144087
0.00618287
0.0114627
-0.00323688
-0.00433053
-0.0116248
0.00248631
0.00377582
0.00561577
0.00319817
0.0139675
-0.0109131
-0.00625261
0.00817915
0.00223704
-0.0116605
-0.00544812
0.00564114
0.0114675
-0.000774029
0.00971899
0.00600767
-0.0132695
0.0101773
-0.000880841
0.003973
9.57348e-05
0.00492424
0.0148372
-0.0105262
-0.00690701
0.0116151
-0.0050964
0.000388273
-0.00995579
0.00369823
0.0037888
0.00475826
0.00169508
0.000619942
9.74345e-05
0.000818647
0.00199129
0.000764619
-0.00355178
0.0039515
-0.00262607
-0.00230316
0.0034093
0.000724669
-0.00199287
-0.000740401
-0.00262074
0.00340201
-4.08716e-05
0.00137464
-1.39718e-06
-0.00200265
0.000629412
0.00137013
-0.00291778
0.000489512
0.00250521
-0.00287633
7.37125e-05
0.000945713
-0.00209415
0.00264539
-0.00231137
-0.000444043
-0.00224817
-0.00494823
0.000245773
0.00242638
0.00227608
0.00263564
-0.00512285
-0.000817291
0.00392459
-0.00421105
0.00279914
-0.00519862
0.00264524
-0.00108493
0.00644606
-0.000949617
-0.0044115
-0.00318201
-0.0038453
-0.00211258
0.0023627
-0.00207764
9.89705e-05
-0.000614529
-0.000651763
0.00134732
0.00173077
-0.00105965
0.00141968
-0.00223795
-0.000211486
0.00291581
-0.00053971
-0.00470647
-0.00170701
-0.000549776
0.000655438
0.00611442
-0.00342225
-0.00529397
-0.00290233
0.00413859
0.00260705
0.00174587
0.00366167
0.00287311
0.000730795
-0.00233962
-0.00129352
-0.000359095
-0.00239614
0.00348604
-0.000227214
0.00462612
-0.00465034
0.00817972
0.00187269
-0.00290663
-0.00102379
0.00335537
0.00543114
0.0027024
0.00330679
0.00252427
0.00258896
-0.00165371
-0.00306659
-0.00186049
0.00237946
-0.00228071
0.0017618
0.00233078
0.00253345
-0.0020029
0.00392687
-0.00223685
-0.000128793
0.00380517
-4.02064e-05
-0.00230193
0.00196228
0.00230399
-0.00260698
0.000504957
0.00367907
-0.00157705
-0.0014102
0.001666
0.00147505
0.00160091
-0.00117912
0.0009651
-0.000230782
0.000527357
-0.00126169
0.0049677
-0.00455191
-0.00471364
0.000826309
0.00397376
-0.00572857
0.00445653
-0.000489833
-0.00105672
-0.00172423
0.00119582
-0.00113889
-0.000140762
-0.000656278
0.00176518
-0.00130293
-0.00137635
-0.00296952
0.000219842
-0.000931652
0.00108425
-0.00175043
0.00141656
-0.0023717
-2.84988e-05
0.000983639
0.0025137
-0.000610373
-0.00159011
-0.0010392
0.00269478
-0.00239598
0.000143878
-0.00219444
0.000216908
0.00131465
-0.00366824
0.000844781
0.00140194
-0.000447658
-0.000645036
-5.73873e-05
-0.00167078
-0.00111307
-0.00157683
0.00144333
-0.000446422
-0.000540163
-0.000871469
-0.00346929
-0.0075528
-0.00679003
0.00446712
-0.00189808
-0.000522622
0.000343331
0.00207737
0.0041442
0.000366878
-0.00470292
-6.33064e-05
-0.00974352
-0.00737203
0.00437268
0.00110773
-0.00277632
-0.00160404
-0.00201467
-0.00105666
0.000553482
0.00370451
-0.00320133
-0.00100542
-0.000870416
0.000597639
-0.0017928
-0.000846499
0.00144312
0.00071778
0.00352494
-0.00347248
0.00200924
-0.00304255
-3.13891e-05
-0.00452885
0.00478971
0.000456911
-0.00113544
-0.00125666
0.00319368
0.001736
-0.00248707
-0.001699
5.05352e-05
0.0012527
0.000395767
6.6786e-05
0.001875
-0.00149931
-0.000442472
0.000287348
-0.00251603
0.000880189
0.00134849
-0.00176158
0.0016094
-0.000164169
0.00154368
0.00152978
-0.00230655
-0.000766909
0.00103514
0.00125951
-0.000114361
-0.00132866
0.000857994
-0.00201
0.00099736
0.000141178
-0.000136997
-0.00149571
-0.00250145
0.00247988
0.00293286
-0.00160567
-0.00104261
-0.000284585
-0.000815711
0.00220025
-0.00228255
-0.00310157
0.00267945
-0.00284816
0.000604027
0.00295929
-0.000676504
-0.000314344
0.000800752
4.61493e-05
-0.00143879
-0.00475004
-0.000879541
0.000257952
0.00025803
0.0004962
0.00354175
0.00396073
0.00179862
-0.00224833
-0.00351102
0.000855393
-0.000940286
0.00209582
-0.00134628
-0.00225314
0.000799692
0.00145734
0.00174307
-0.00134297
-0.000233467
-0.000166635
-0.00209773
-0.00301881
-0.000837346
0.0188925
-0.00597264
-0.0077123
-0.00520755
0.00306324
0.0146877
-0.0025158
0.0187607
-0.0115888
0.0100617
-0.0172926
0.00120523
-0.00365092
-0.0157638
0.00792086
0.00326807
0.00487859
-0.00204326
-0.00168172
0.000397727
0.0017729
-0.00358588
-0.00396027
-0.00115994
0.000897513
0.00114906
-0.00286366
-0.000698443
-0.00100121
-0.000237004
-0.00184761
0.00163962
-0.00153023
-0.00151001
0.00173421
0.000154892
-0.000379089
0.0021476
-0.00184769
-0.000840066
0.00316593
-0.00060207
6.67844e-05
-0.00263066
0.0014034
-0.00108452
0.000523893
-0.00157181
-0.000669827
0.00171771
0.0018355
-0.00203005
0.000525529
0.00105689
-0.000501329
-0.00112896
-0.00101178
0.00100109
-0.00330397
-0.0023456
0.001009
0.00266223
-0.00132564
0.00188352
0.00302357
1.84072e-06
-0.000548992
0.00122867
-0.00302528
0.00108709
-0.000325501
0.00145727
0.00201789
-0.00407101
-0.00128119
0.00296688
-0.000710662
0.00127516
0.000937705
-0.00150219
-0.00202673
0.00304921
-0.00016448
-0.00147472
0.00160301
-0.00136436
0.00190794
-0.00366265
0.00174411
0.000854242
0.00106429
-0.00159965
0.00204833
-0.00160962
-0.000219059
-0.00419649
0.00188118
-0.00255978
-0.00250758
0.00286404
-0.00298325
0.00237811
-0.00306593
0.00162562
0.00149444
-0.00074196
0.000940641
-0.00175528
0.000935109
0.0019634
-0.00174619
-0.000280039
6.28322e-05
0.00164916
-0.000444509
0.00168428
-0.000107704
-0.000769624
-0.000536784
-0.000999917
-0.00105938
0.00064902
0.00106402
0.000245278
-0.00195831
-0.00156404
-0.00252408
-0.000106207
0.00235025
-0.00148054
0.000619548
0.00159983
1.89538e-05
-0.00032039
0.00209265
-0.000503052
0.00200389
-0.00097821
-0.0020969
0.00107123
0.000916073
-0.000280895
0.00265369
-0.00328886
0.00153298
0.000830971
-0.000208521
-0.00215543
0.00229499
0.000150704
-0.000935072
-0.00151062
-0.0037456
0.00403769
0.00521628
-0.00426453
4.92181e-05
0.00165267
0.0018428
-0.00154018
-0.000408039
-0.000569664
0.0023743
-0.00139659
-0.000611504
0.00115931
0.00188777
-0.000280406
-0.00397258
-0.000192245
0.00124704
-0.000345909
-0.00109338
-0.000368023
-0.00121194
0.000952178
-0.00179559
-0.000352942
-0.00151925
0.00273777
-0.00130487
0.0017277
-0.00107666
0.00029857
-0.00094961
0.00181221
-0.00236081
-0.0017102
0.00164472
0.00274503
-0.00110625
-0.00181216
-0.00165869
0.000166996
-0.00110513
-0.00338454
0.00254216
-0.00233346
1.44369e-05
0.000608825
0.00225043
0.000870762
8.88634e-05
0.00119269
-0.00325471
-0.000499313
-0.00217734
0.00240995
0.00179981
-0.000542838
-0.00208884
-0.00399416
0.00134688
0.00346924
-0.00178517
-0.00303094
0.00660966
0.00099516
-0.00351775
-0.00408707
-0.000912093
-0.00173518
0.00249114
-0.00212634
-0.00120469
0.00250566
0.00165414
-0.00339539
0.00386759
-0.00032117
0.000296143
0.00071491
-0.00037142
0.00329581
-0.00200832
-0.00433001
-0.00440055
0.00584505
-6.72722e-05
0.0020593
-0.00244238
-0.000999506
0.00107018
-0.00305963
0.0006559
0.00329955
0.00373742
-0.0032266
-0.00358309
-0.00160074
-0.0240887
-0.0332971
-0.00436078
-0.00889721
-0.0216725
0.00485025
-0.0166672
-0.0014376
0.000473226
-0.000390495
-0.00228539
-0.00123081
0.00214755
0.000544856
0.00154413
-0.00206303
3.82654e-05
-0.00257477
0.000963454
0.000419779
0.000713467
0.00260417
0.00210446
0.00024132
0.000397923
0.000915345
-0.00197806
-0.00185201
0.00195895
-0.00110907
0.00127884
-0.00212872
-0.00172937
-1.71556e-05
-0.000767053
-0.00188237
0.000620013
0.00386937
0.000522043
0.00395133
0.000816154
-0.000422379
0.00115209
0.0022119
-0.00390278
-0.000878598
-0.00428578
-0.00376663
0.00316785
0.000176408
-0.00161371
0.00110514
-0.00160401
-0.00047046
-0.00160595
0.00209908
0.000779773
0.00173489
0.000302481
-0.00159142
-0.000445944
-0.000786233
0.00115611
-0.00263354
0.000970154
0.000831383
0.00115992
-0.00296145
-0.0032533
-0.00658414
0.00830502
-0.0036868
-0.00823676
0.00850305
0.00342049
-0.0025292
0.00538195
0.00321454
0.00874199
-0.00784512
0.00943228
-0.0255062
-0.0112757
0.00226208
-0.020773
0.0137253
0.00478566
-0.00280287
-0.0214847
0.00697352
-0.0270317
0.000485179
-0.002063
-0.000316839
-0.0158878
0.00963743
-0.0175933
0.00143333
-0.00119756
0.00285507
-0.00186271
-0.012446
-0.00549646
0.00718778
0.00230959
0.00260858
0.00426612
-0.00225945
-0.00302377
-0.00180152
0.00374935
0.00145273
-0.00241868
0.00207784
0.00325699
-0.00200641
0.000532875
0.0043295
0.000923737
-0.00117423
0.00513232
-0.0018028
0.00405084
-0.00195325
-0.00484512
-0.00657491
0.000455302
0.00519383
0.00286017
-0.00149705
0.00334258
0.00148799
0.000884668
0.00248636
-0.00839275
-0.00226997
0.00833823
-0.0035819
0.00864523
-0.00292349
0.00872779
-0.00770072
-0.000851971
0.000183462
-0.000523343
-0.00443425
0.00670275
-0.00785212
0.0055836
-0.000412646
0.00351327
0.00272365
-0.00582432
-0.00915171
0.00541562
0.00143811
-0.0125999
0.00451078
0.00494704
-0.00789889
-0.00528637
-0.00456777
0.0177531
-0.00218559
0.0037271
0.00389085
0.000358714
0.00210774
0.0245489
-0.00478854
-0.0271255
0.0104921
-0.00977113
-0.00861987
0.00618716
0.00195101
-0.00694186
-0.00119638
0.00442333
-0.0079605
-0.00135172
-0.0026687
-0.00140033
0.00955425
-0.002812
-0.00908109
0.00233879
-0.00523744
-0.006583
0.00449685
0.00439734
-0.00516711
-0.00862007
0.00375382
-0.0035265
0.0068427
-0.00570506
0.000615847
-0.00720803
0.0018935
-0.0274726
-0.00296365
-0.00378562
-0.0116373
-0.0183668
-0.0301167
-0.00251572
-0.000609975
0.00189328
-0.00600265
0.0024784
-0.00122305
0.00228932
0.00142851
-0.00376316
0.0016279
0.000706741
-0.00218106
0.00159566
-0.00132785
-0.000418216
-0.00135298
0.00309904
-0.000991975
-0.000354559
0.00307829
-0.00172717
-0.00148811
0.00207126
0.00103117
-0.00200808
0.00314014
-0.00216322
-0.000521665
3.45355e-05
0.00441713
0.0011376
-0.00443088
0.00128519
0.00127273
0.00137734
-0.00220918
-0.00137894
0.00198245
0.000359868
0.00260853
-0.000768144
-0.000825063
0.00039403
0.00156738
-0.00257602
-0.00124026
-0.00147669
-0.000492523
0.00298692
-0.00284692
0.00051637
-0.000656371
-0.00171964
-0.00181279
0.00120323
-0.000238303
0.000321441
-0.00321372
0.00109601
-0.00320919
0.00151194
0.00145894
0.00242804
-0.000590319
-0.00136449
-0.00173289
0.000451717
0.0037092
3.55623e-05
-0.00165958
-0.000368044
0.00199207
-0.00134296
0.00176657
0.00132199
-0.0017456
-0.00150918
0.00177989
0.00150608
-0.000138888
0.00125466
0.000680201
-0.00179595
0.000177394
0.00170166
-0.000739681
-0.00177401
0.00114918
0.00202289
-0.00388905
0.00287
-0.00284621
-0.000384178
0.00357899
-0.00285925
-0.000335553
-0.00075995
0.0012503
0.00203273
-0.0016749
-0.00279521
0.000548234
0.000831366
-0.0034765
-0.00321819
0.00173317
-0.000630018
0.00943318
-0.00464635
0.00555708
-0.00887525
-0.0207489
0.00187224
0.00732467
-0.00363984
0.00565443
0.0063643
-0.00400506
0.00329514
0.000102791
0.000180049
-0.00202861
0.00526834
-0.00578119
-0.00483835
-0.000112004
-0.00163161
-0.00178724
0.0011567
0.00661759
-0.000634149
-0.00444008
-0.00154339
-0.0019116
0.00231077
-0.000558514
-0.00793658
0.00374256
0.00440838
-0.000214399
-0.00285923
0.00357429
0.00250973
-0.00130875
-0.00322337
-0.000960714
0.00169885
-0.000229842
0.0019755
0.00287105
-0.0021815
-0.00450572
-0.00179589
0.00234145
-0.000470709
-0.00402308
0.000279243
0.000520467
-0.00379132
0.00421978
-0.00328428
0.00326495
-0.00151301
0.00167037
0.00407809
-0.000225497
0.00613857
0.00146706
0.00307602
-0.00654677
-0.00431913
0.00123006
0.00848943
-0.00141426
-0.0044668
-0.0026084
0.000836336
-0.00248881
-0.00260482
0.00425733
0.00652106
-0.00117794
-0.00386746
-0.000817627
0.00573748
-0.00238681
-0.00253307
-0.00186934
0.00415069
-0.000353376
-0.00497526
-0.00341697
-0.00181789
0.00120112
-0.000217598
-0.00220322
-0.00355193
0.00393725
-0.00435982
0.00575681
-0.00162249
0.00135645
0.00181805
0.00380806
-0.00698256
0.00258321
-0.00450727
-0.000257427
0.00461142
0.00185061
-0.00647181
0.00289019
0.00107438
-0.00326058
0.00204508
-0.000696115
9.83017e-05
-0.000515227
0.00310114
-0.00268422
-0.0036102
0.000569257
-0.0013493
0.00480639
-0.00238272
0.00493806
0.000424882
-0.0046502
0.0019966
-0.00721944
0.00312618
0.00209664
0.00111735
-0.00205241
-0.00308926
0.00402431
0.00117287
0.0010977
-0.000535682
0.00219908
-0.00152926
-0.000856611
-0.00135745
0.000513521
0.00190337
-0.000848315
5.12407e-05
-0.00167516
-0.00157291
0.00124355
0.000230565
0.00330055
-0.00273554
-0.000487289
-7.77219e-05
-0.00141992
-0.000492261
0.00181968
-0.000637477
0.000347568
-0.00120836
-0.000612733
0.0023701
0.000358365
0.00153551
-0.000856307
-0.000468569
-0.000412775
0.000879532
-0.000733631
-0.00102571
-0.00105576
-0.00227921
0.00201552
0.00222132
-0.00116836
-0.00152153
0.00102915
-0.00179625
-2.77645e-05
0.000262255
0.00236468
-0.00233507
-0.00355207
0.00352245
-0.000704157
-0.000508009
-0.00170403
-0.00123863
-0.00223643
0.00107024
0.000220045
0.0021607
-0.000602211
-0.0025597
0.00108226
-0.000397333
0.00211268
-0.00129706
0.00053017
-0.000338335
0.000167236
0.00164296
0.000787008
-0.0025972
0.000120687
0.00187021
0.000455682
-0.00244658
0.0046473
-0.00266743
-0.00375932
0.00228968
-0.000213337
0.000986206
0.00165495
-0.0015058
-0.0022884
0.000699579
-0.00239359
-0.000882011
-0.00172487
0.00143742
-0.00129473
-0.00261865
-0.00161991
0.00102055
0.00373951
0.00165158
-0.00154305
0.000363192
-0.00145677
-0.00093361
0.00252427
-0.00134607
-0.00278224
-0.00126449
-0.000825281
-0.000650411
-0.00200756
-0.00259134
0.00103573
-0.00094514
-0.000183892
0.000215487
-0.00261487
-0.000157192
0.00446969
-0.00308226
-0.00123024
-0.000660836
-0.0016352
-0.00226871
0.00183455
0.00206936
-0.00395615
0.00350665
0.004514
0.00213813
-0.00275004
-0.000556457
-0.000771875
0.00128158
-0.00105653
0.00054682
0.00214665
-0.000532658
-0.00103867
-0.0014783
0.00125963
0.00243469
-0.00221601
-0.000159768
-0.00241938
0.00222112
-0.000581612
0.000751691
-0.00202945
0.00125404
0.00316011
-0.00225345
0.0035689
0.00338425
-0.00198952
-0.00496363
-0.00163085
-0.00179738
0.000458894
0.000139074
0.00226817
-0.00286613
-0.000607905
0.00187754
0.000108846
0.00120373
-0.00319011
0.00163056
0.000638408
0.000180699
-0.00244967
-0.00376785
0.00159012
0.00157775
0.00234398
-0.000997968
0.00154717
-0.00282204
0.000632669
-0.00246178
0.00200787
-0.00150754
-0.000296915
0.000336146
-0.0040878
0.00823346
0.00220179
-0.00148633
0.00519063
0.000163604
-0.000352834
-0.00198503
0.000327869
-0.0010461
0.0020539
-0.00357258
-0.00166983
0.000585778
-0.00159389
0.0020523
-0.00104419
0.00288163
0.00183666
-0.00493162
0.00132668
-0.00415388
-0.00398156
0.00312695
0.00288678
-0.00203217
-0.00340994
-0.0037662
-0.00246684
-0.00414173
-0.0011999
0.00481332
-0.0100826
0.0064692
-0.0035834
0.00415572
-3.05633e-06
-0.0026082
0.00294894
-0.00504366
-0.00374946
-0.00370264
0.000336389
-0.000328129
0.00179305
-0.00152533
0.000399738
-0.00139044
0.000324237
0.000624466
-0.000933434
-0.00011222
-0.00194058
0.00298624
0.00675839
-0.00139818
-0.00325896
-0.00210126
-0.00438356
-0.00168335
0.00270118
-0.00142763
-0.00565711
0.00192493
-1.59601e-05
-0.00275728
-0.000138797
0.000706271
-0.000950234
0.00664498
-0.00188236
-0.00381239
-0.00413256
-0.00201153
-0.00489842
-0.00267928
-0.00185629
-0.00334572
-0.00250766
0.000612782
0.000304529
-0.00233507
0.00141776
0.0045289
-0.00599824
-0.000315312
-0.00123266
-0.00024221
0.00349553
-0.00202065
0.00255998
-0.00563946
0.00253977
0.00018938
-0.00341159
0.00184549
0.00137672
-0.00643836
-0.00259262
0.000358108
-0.00324018
-0.00027806
-0.00139754
0.00245125
-0.000775644
-0.00353908
0.00305053
-0.00209187
-0.00376136
0.00272614
-0.00215634
-0.00202658
-0.00569494
-0.00175528
-0.00122147
0.00439488
-0.00603675
0.0028845
-0.00124262
-0.000678309
-0.00226574
-0.0030927
0.00851682
-0.00206075
-0.00474244
-0.00171364
0.000876137
-0.00220266
-0.00236946
-0.0023668
0.0038903
-0.002591
0.00302095
0.00164285
-0.00193766
0.000527166
-0.00187876
-0.00240773
-0.00395002
-0.0026386
-0.00377876
-0.00059116
0.00288159
-0.00400178
-0.000700573
0.00213043
-0.00246205
-0.00179883
-0.0047384
0.00556969
-0.00162281
3.9941e-05
-0.00398682
0.0018528
-0.00646263
-0.0037764
0.000974626
0.0061891
-0.00338733
-0.000656672
-0.0047391
-0.00166921
-0.00305905
0.00282269
-0.00294013
-0.00297847
-0.00282101
0.00348502
-0.00309751
-0.00527447
-0.00325421
-0.00269533
-0.00202108
-0.00380509
-0.00362843
0.00174595
0.00296136
-0.00107888
0.00664261
-0.000955392
-0.0027381
-0.00294911
0.000589581
0.00383142
-0.000276799
0.00258104
0.000388886
0.000820301
0.00253514
0.000582672
0.0024776
-0.00257186
-0.000801802
0.00151427
0.000165686
-0.00220829
0.000528364
-0.00118523
0.00219241
0.00145013
0.00289207
-0.00132737
-0.0018875
0.000322802
-0.00265141
0.000285742
0.000818046
-0.0036731
-0.00211577
-0.000480172
-0.00140585
0.00077082
0.00396167
-0.00143156
-0.00330093
0.0083098
-0.00845906
-0.00380077
-0.00653517
0.00360545
-0.000969985
0.00496868
-0.000763776
-0.00343408
-0.00264432
-0.00408439
-0.00138916
-0.00351459
0.00163074
-0.00495253
0.00313428
-0.00404734
-0.000735996
0.000269018
0.00451441
-0.00859708
-0.00232575
0.0060167
0.00490607
-0.00310013
0.00394717
0.00066724
0.00388943
-0.00236282
-0.00510249
0.000736397
0.00586143
-0.00418361
-0.00656937
-0.00032265
0.00224167
0.00389631
0.00393031
-0.00136884
-0.00204511
-0.00139903
0.00341039
0.00377198
-0.00154331
0.00241751
-0.0039456
0.000990903
0.00577588
-0.00282117
0.00292684
-0.00259564
0.0027142
0.00315071
-0.010237
0.00903077
0.0045181
-0.00201696
-0.000637782
0.0113641
-0.0066268
0.0110743
-0.00540361
0.0174359
-0.00324005
-0.00549162
0.000403333
0.00313562
-0.00576223
-0.000761172
-0.00176777
0.00208209
-0.00115929
0.000844961
-0.0144439
-0.0120497
0.00833293
-0.0157726
0.00893048
-0.0108645
0.0100621
0.0114739
-0.00214673
0.00281911
0.000312732
-0.000985151
0.00201511
0.00501636
-0.00522429
-0.00500206
0.0162477
0.0027218
0.00620643
0.00147239
0.00369862
0.000393445
0.00664242
0.00768315
-0.014719
0.000188688
0.00739965
-0.00557323
-5.53241e-05
-0.00443652
-0.00255689
-0.00766547
0.00168035
0.00687428
0.0100779
0.00357093
0.00118122
-0.00717147
0.00241932
0.00311855
-0.00560509
0.00086508
0.00162145
0.000922553
-0.00190725
-0.00228227
0.00320842
-0.00207445
0.00149152
-0.00356402
0.00355161
0.00478838
0.000796578
-0.00198685
0.00217623
-0.00229609
0.00256996
0.000781359
-0.000768129
-0.000917026
-0.00612845
-0.000133435
0.0071789
0.00301113
0.00680644
-0.0128163
0.00299868
0.0034916
-0.00415402
0.00416723
0.00441948
0.000409565
-0.00284727
0.00660494
0.00823686
-0.00833026
0.00610437
-0.00601098
-0.0045506
0.00744478
-0.0024846
-0.01097
0.0083845
0.000612359
-0.00501155
-0.00330303
0.00317671
-0.00191995
0.00451857
0.000868734
0.000981097
0.000544973
-0.000533391
0.00157525
-0.00037736
0.00150651
-0.000711035
4.65097e-05
0.00402301
0.0120207
-0.0140144
0.00766416
-0.00260128
-0.000347264
-0.00272821
-0.00522334
0.0026932
0.0036396
-0.00249265
-0.00312188
0.00210837
-0.00129738
-0.000138644
0.00154844
-0.00011244
0.000651884
-0.00191797
-0.00759472
0.0054186
-0.0064686
0.00777262
-0.00423365
-0.0025783
-0.000890615
0.00278704
0.00068187
0.000431414
0.00118499
-0.00172626
0.000109845
0.000620374
0.00203408
0.00269948
-0.00134101
-0.00178994
-0.00176689
0.00625633
0.00462666
-0.0104974
0.00626418
0.00376404
-0.00938266
0.00725808
0.00322818
-0.00767375
-0.0096111
0.00842627
0.00509111
-0.00664312
0.0134838
-0.00444515
-0.0021612
0.00458595
-0.00158978
0.00758048
0.00428393
-0.00339409
-0.00288326
0.00273527
0.00164184
-0.00190654
0.0119831
-0.0271547
-0.00394086
0.00149488
-0.00227788
0.0047239
0.019537
-0.0107857
0.0166352
-0.0253865
-0.00777502
0.000635267
-0.00223336
-0.000204815
-0.00126967
-0.000262379
0.00173684
-0.002828
-0.000479986
7.52421e-05
-0.000250947
-0.00256866
-0.00179464
0.000482937
0.001942
-0.00119382
-0.00201783
-0.00161788
0.00614159
-0.00398952
-0.00473565
0.00757645
-0.00409847
0.00222719
0.00041968
0.0014516
-0.00494508
0.00701771
0.0049463
-0.00342676
-0.00569014
0.00421937
0.00158892
-0.000118167
-0.00367386
0.00592097
0.0129981
0.000628642
-0.00259789
-0.000697741
0.00266699
-0.00328154
0.00412837
-0.00130326
-0.00189973
-0.00148774
0.00469071
-0.000276341
-0.000643512
7.85903e-05
-0.00322823
-0.00363547
0.00212805
0.00113826
0.00920952
-0.00227745
0.00259605
0.00210996
-0.00392205
-0.000783907
0.00245185
0.000297698
0.00873749
-0.00983383
-0.00155754
0.00180272
-0.000972807
0.00157652
-0.00814928
0.00913524
-0.000177191
-0.00153023
-0.00134718
0.000444116
-0.00140498
0.000335234
-0.0014041
-0.000913271
0.000364584
0.000883936
-0.00378954
-0.0039596
-0.000347771
-0.000468972
0.00108366
7.83216e-05
-0.000546074
-0.000615932
0.000451943
-0.00168289
0.00123758
-0.00187486
0.00165984
4.72863e-05
-0.00100296
-0.000912698
-0.00134312
8.21441e-05
-0.00023776
0.000985867
-6.60648e-05
-0.000682043
-0.00392706
-0.00228922
0.00696994
-0.000753665
0.00399984
0.00105534
-0.00893435
0.00607505
-0.000486941
0.00210892
-0.00573989
0.000987053
0.000605588
-0.011679
0.00322831
0.0010609
0.0115047
-0.0120336
0.012826
0.000877781
-0.00745498
-0.00624883
-0.00837749
0.00483759
0.00378375
0.00496244
-0.00730685
-0.00143937
0.00373501
0.00462748
0.00446354
-0.0136726
0.0103733
0.0048283
0.00573085
-0.00157387
-0.00754322
0.00264235
-0.00401036
0.00467921
0.00893059
-0.00723907
0.0104726
0.00070479
-0.00454792
-0.00662946
0.00371647
-0.00618722
-0.00973747
0.0122082
0.0140629
-0.017377
0.00188614
-0.00537202
-0.00203497
0.0113097
-0.00443712
0.00324819
-0.000694298
0.000604898
-0.0031588
0.00110075
0.00518542
-0.00372715
0.00064267
0.000339374
-0.000272356
-0.000709718
-0.000353699
0.000883588
0.00292775
-0.000714489
-0.0046075
0.00239424
0.00664862
-0.00612595
-0.0055934
0.00507075
0.00238901
-0.00868844
5.9594e-05
0.00250293
-0.000104997
0.00159348
0.0179989
-0.0178545
0.00439502
-0.00453947
-0.00844575
-0.0145612
-0.0206282
-0.0155221
0.00907517
0.00404854
-0.0161626
0.00303887
0.00294672
-0.0103363
0.013464
-0.00607443
-0.0222632
0.0207818
-0.0193086
0.00416821
-0.0149272
-0.00437381
-0.0013158
-0.000727499
0.0125158
0.0090412
-0.0121084
-4.16839e-05
0.00187989
0.022717
0.0101312
-0.017849
-0.0149992
0.015115
-0.00222978
0.00423779
-0.0187457
0.00457409
0.00993383
0.0085336
0.00426696
-0.00806953
0.0140644
-0.00335252
-0.0117744
-0.00861027
0.0079786
-0.00537947
-0.00306824
0.00673876
0.00127579
-0.00911239
0.00620727
-0.00317474
0.00234718
0.0120807
-0.00679464
-0.00763325
0.0112618
-0.00270735
-0.01192
0.00503804
0.00370722
-0.00117925
0.0129827
-0.00751955
0.00647201
0.000779412
0.00726098
-0.00711172
-0.00445365
-0.00227456
0.00400457
0.000325802
0.00469492
-0.00861473
0.00906673
-0.0106962
0.00620121
-0.012631
0.0104254
0.000581792
-0.00229119
-0.00420155
-0.000892777
0.0073855
-0.00366534
-0.00153661
-0.00645548
0.00754954
0.00382245
0.0013797
-0.00174981
-0.0116744
-0.000112964
0.00422191
0.00315202
0.00717109
0.00455233
-0.00681117
-0.00318866
0.00301613
0.000960691
0.00359963
-0.0041608
-0.00034712
0.00457662
-0.00460343
0.00304295
-0.00368396
-0.00620043
0.00309919
-0.000582709
0.00218205
-0.0109922
0.00418842
0.00462173
-0.00143718
0.00752509
-0.0045404
-0.00154751
-0.00832574
0.00538152
0.00283125
-0.00673015
0.00372213
-0.00641732
-0.0092168
0.00458769
-0.00701085
0.000414452
0.00457796
0.00202529
-0.00477834
0.00796517
-0.00816133
-0.00452556
0.00374669
0.00256397
0.00381991
-0.00202768
0.0035233
-0.00531548
0.00840127
-0.010451
-0.00415911
0.0170807
0.00487872
-0.00254213
0.0133026
-0.016101
0.00107331
-0.00814885
0.00443708
0.00263847
-0.00451291
-0.00176078
0.0102517
-0.000273081
-0.0033147
0.00546845
0.0134322
-0.00982551
-0.00726188
-0.0054911
0.00378062
0.00474556
0.0029609
-0.000156912
0.00308205
0.0138855
-0.000333722
-0.00276401
-0.00571855
0.00307982
-0.000164975
0.00116708
-0.00286558
0.00234783
0.00502036
0.00714373
-0.00215673
-0.00585917
-0.0108391
0.00741194
0.000919658
0.00614949
-0.0139697
-0.00419201
-0.0104005
-0.00690402
-0.01088
0.000314459
-0.01392
0.0113043
0.00632676
-0.00371108
-0.015223
-0.0147639
0.00572904
0.00384551
-0.0076516
0.00309161
0.0107634
-0.00312399
-0.00318712
0.0114058
0.00179174
-0.000130863
-0.013912
0.00365022
0.000466148
0.00171973
0.00195272
0.00217408
0.00249929
-0.00477191
0.00462559
-0.00235295
0.00020929
0.00654142
-0.00101333
-3.39847e-05
0.000417592
0.0011281
0.000362242
0.000407019
-0.00126657
-0.0010701
-0.000913824
-0.00231589
0.000578315
0.000524578
9.53566e-06
-0.00154404
0.00247869
-0.00137804
-0.000727077
-0.00201101
0.00278036
-0.00213265
-0.000185564
-0.00024083
-0.00164082
0.0025754
-0.000867806
-0.000990548
-7.75772e-05
0.000297687
-0.00337335
-0.0003787
-0.000372276
-0.000945818
-0.00101016
0.00184289
-0.00251513
-9.55439e-05
-0.0019025
-0.000274049
0.00411967
-0.00167061
0.0017504
-0.00419946
0.00287998
-0.0013126
0.00280164
0.00512381
0.00127455
0.00208764
0.000515964
0.00285432
0.00528137
0.00110786
0.000376984
-0.00158467
0.00265525
0.00267969
-0.00375028
0.00477351
0.00362063
-0.00146828
-0.00298823
0.00638103
-0.00603228
0.00493263
0.000401861
0.00557027
-0.00211737
-0.00385476
0.00100133
-0.00232401
0.00501588
0.00246267
-0.00250482
0.00401981
0.00409993
-0.00154643
-0.000417815
-0.00213568
-0.0037987
-0.00246237
0.00267752
-0.00309885
0.00288369
-0.00139273
-9.43145e-05
-0.00122552
0.000901221
0.00237782
0.00106029
0.00211993
0.000672322
-0.00207233
-0.00471022
0.00309285
0.0083158
-0.00100362
-0.00237955
0.00539663
0.00529699
-0.00362685
-0.00112144
0.00361907
0.00187495
-0.00380681
-0.00218833
0.00241755
-0.00193438
0.000505717
0.00183134
0.00382487
-0.00370481
0.00245797
-0.00398016
0.000268715
-0.00170977
-0.00218566
-0.00274344
0.00663884
-0.00524289
-0.000752018
-0.00324068
-0.00870099
-0.00274489
0.0028704
-0.00409448
-0.000277811
0.00373812
0.00117734
0.00347326
-0.00862375
0.00397309
-0.00802891
0.00646135
-0.0064026
0.00343214
-0.00231118
0.00528164
-0.00627653
-0.001781
0.00457796
0.00347954
0.00333844
0.00265362
0.0011175
-0.00207357
-0.00669604
0.00772891
0.0016046
0.00707511
0.000293749
-0.000554538
-0.00367517
0.00393597
0.008949
0.000924364
0.00489209
-0.00549343
0.00698106
-0.00153369
-0.0040224
0.00524083
0.000315202
0.00333591
-0.00507912
0.00521644
-0.00231101
0.00163523
0.00520994
-0.00591437
0.00599632
0.00174724
-0.00182924
0.00119672
0.00338756
-0.00689532
-0.00117711
0.00224264
0.0116499
0.00278812
-0.0136193
0.00651732
-0.00231778
0.00975893
-0.0076113
0.000170147
0.00789515
-0.00703862
-0.00472091
0.000702689
0.00672088
0.000940895
-0.00383567
0.00120818
0.00113867
-0.00373973
-0.00115082
0.00349446
-7.84804e-05
0.0033809
-0.00209771
0.00463417
-0.000394417
-0.000660268
-0.000849315
0.00108775
-0.00354236
0.00259517
-0.000792878
0.00267425
-9.61259e-05
-1.20734e-05
-0.00357342
0.000481366
0.000950225
-2.05748e-06
0.00245187
0.00199917
-0.00234583
0.00124255
0.0053042
-0.00069055
0.00575898
-0.00342066
-0.00164779
-0.00450386
0.0042555
0.00314346
-0.00777044
-0.000610503
-0.00289616
-0.00271587
-0.00250962
-0.00225052
-0.00211117
-0.000430892
0.00415261
-0.00161055
0.00275003
-0.0012783
0.00284111
0.000534495
-0.00483118
0.000233858
-0.00181188
-0.00567981
0.0072578
0.00454555
-0.00454977
0.00124695
-0.00178103
0.00691435
-0.00543356
-0.00442519
-0.00165684
0.00203191
0.00639123
-0.00615257
0.00545128
-0.000252717
0.00377946
-0.00630732
0.0045403
-0.000865165
-0.0111177
-0.00516292
0.00745293
-0.000172998
0.00824697
-0.00277856
0.00279946
-0.0108975
-0.00128463
0.00255766
0.0113811
-0.00500829
0.000181412
0.000477374
-0.00348244
0.00117856
0.00290392
-0.000368475
-0.000763453
-0.00292183
-0.00423947
0.00381631
-0.0022136
0.00365564
-0.00236728
-0.00345783
-0.00204684
0.00380204
8.85688e-05
-0.00338642
0.00400988
0.00122852
-0.000797357
5.78764e-05
-0.00271445
-0.00291843
-0.000575263
0.00020153
0.00329215
-0.000975029
-0.00320817
0.00179658
-0.00267368
0.00367908
-0.000780662
0.00175053
-0.000382537
0.00372444
-0.00626037
-0.00230018
-0.00186133
-0.00230513
0.00396817
-0.00176456
-0.00082493
-0.000699285
-0.00309064
0.00148972
-0.00304822
-0.000149178
0.00228688
-0.0019559
-0.00457046
-0.000264157
-0.0018008
0.00174019
0.000223451
-0.00411034
-3.52893e-05
-0.00109232
-0.000725466
0.008403
-0.0027768
-0.00306857
0.00506779
0.00253023
0.00963437
0.00915306
-0.0189183
0.00955516
-0.00448975
-0.00277854
-0.00463279
0.00381045
0.00649405
-0.00567173
0.00782134
-0.0105069
0.00509147
0.000825656
-0.00508128
-0.00367166
-0.00198322
0.00384944
0.00180542
-0.00499691
-0.000597077
0.00737249
0.00542743
0.0033071
-0.000391506
-0.00155691
0.00115674
0.0018789
0.00245361
0.00220377
-0.000932947
0.00291009
-0.00416959
0.00277632
-0.00326742
0.00131673
0.00230087
-0.00222699
0.00118713
0.000655595
0.00359212
0.00349137
0.00225709
0.00183934
-0.00234436
0.0042168
-0.00287967
0.00292916
-0.000766306
-0.00195883
0.00040857
-0.00273554
0.00259294
-0.00026595
0.000146398
0.00417783
-0.000397814
-0.00136246
0.00376035
0.00118886
0.000305981
0.00255615
0.00290183
-0.00105225
-0.00170317
0.00383001
0.000465432
0.00286139
-0.00460197
0.00127516
0.00267109
0.00186722
0.000512399
-0.000971149
0.00321134
-0.00146852
0.00452615
0.00162804
-0.00143529
-0.00174346
-0.000250526
0.000926863
0.00358311
0.00398838
0.0035943
-0.00413332
0.00365348
0.00557436
-0.00684341
0.00180676
-0.00206776
0.00107964
0.00156346
-0.00305077
0.000680868
0.000314651
-0.00156793
0.00306005
0.00116435
0.00451159
-0.00322
-0.000740152
-0.00363078
-0.00155284
-0.00294049
0.00470117
0.00304946
0.00444704
0.000838754
-5.92017e-05
0.0022699
0.0020677
0.000184155
-0.00299204
0.00482027
-0.00961969
-0.0111205
0.0159199
-0.00771114
-0.000481203
0.00516413
0.00302821
0.00500992
-0.00674347
-0.000285086
0.00691778
0.00214616
0.00120688
0.00437429
-0.0095755
0.00240298
0.00526675
-0.00405147
0.00159099
0.00350229
-0.00355395
-0.00145062
0.00451396
0.0029257
0.000496431
-0.000925358
-0.00249675
0.00440766
-0.00136134
0.00078265
-0.00321153
-0.00173248
-0.000697858
-0.000514081
0.00129976
-0.0026543
0.000936884
-0.00351204
0.00255047
-0.00390353
-0.00654779
-0.009122
-0.00945872
-0.000141526
0.0102137
-0.0111896
-0.00595627
0.00172622
0.00150971
0.00316036
0.0050842
0.00120895
0.0028009
3.80683e-05
0.00569205
-0.00580865
0.00366358
0.00221604
-7.09973e-05
-0.00245268
0.00389172
9.78113e-07
-0.00144004
-0.00451043
0.001631
-0.00221133
0.00210731
0.000729165
-0.00309955
0.00394032
-3.78805e-05
0.000497029
-0.00166279
2.4982e-05
0.000236941
-0.00334349
-0.000861454
0.003968
-0.00415364
0.00517208
0.0034961
-0.00928844
-0.00212361
0.00222355
-0.0132416
-0.00853379
0.000477548
0.0033428
0.00128244
0.0044975
-0.00474694
0.00343505
-0.000877865
-0.00171844
-0.00238192
0.00142145
0.00136973
9.75481e-05
0.000464172
-0.000663112
-0.00105968
0.00125856
0.00185577
-0.0020874
-7.01435e-05
0.00119498
0.000421308
0.00174254
-0.00193265
-0.00399349
0.00367517
0.00100321
0.00256921
-0.00364258
-0.0017666
-0.0100358
0.00810101
0.00619192
-0.000406807
-0.00537635
-0.000408756
0.00583469
0.0097995
0.00334508
-0.0106184
0.0100823
0.00471504
-0.00417888
-0.00135224
-0.00907977
-0.00209265
0.00152989
-0.00205331
0.00226637
0.0107079
-0.00316863
-0.0016568
-0.000235418
0.00709068
-0.0123572
0.00550189
-0.00308282
0.00719784
0.00632404
0.000823438
0.000851124
-0.0113358
0.00966122
0.00800847
-0.000342185
0.00714032
-0.0041952
0.00949365
0.0102407
-0.00307836
-0.0113575
-0.000312791
-0.00589825
0.0130049
-0.00679382
0.00580346
-0.000312134
0.00958004
0.00616076
-0.000804879
0.00472337
0.000190266
0.00453467
0.000877285
0.000501494
0.000395841
-0.00155446
-0.000892873
0.0036607
0.0066643
-0.00572403
-0.000151058
-0.00028647
-0.00556801
0.00600554
0.00136387
-0.00217332
-0.00128073
0.00166158
0.00179246
0.00178216
-0.00426054
-0.00121407
-0.000259023
0.00573365
0.00156877
0.000214342
-0.000257608
0.00186925
0.00124727
0.00390441
-0.00156858
-0.00164281
-0.000693043
0.00187436
0.00032981
0.0108926
-0.010135
0.000313189
-6.70682e-05
0.0106465
0.00160125
-0.000767863
-0.00840773
0.00766137
0.0144064
-0.00852997
-0.00427514
0.01098
0.00373951
-0.0057292
-0.00332238
-0.00578896
0.0042924
0.00481886
0.0148231
-0.00527089
-0.00593512
-0.0116109
0.0026122
-0.00254542
0.00331625
0.00156516
0.00337225
8.06235e-05
-0.00167391
0.00342943
-0.00167484
-0.0047091
-0.000809497
0.00250166
0.00301695
0.00121036
0.00195931
0.00073473
0.00224884
0.00505467
-9.12499e-05
0.00362527
-0.000470544
-0.00122769
-0.00230242
0.00400062
0.00068541
0.000274419
0.001444
0.000718795
0.00198906
-0.00779403
0.00508617
0.00226661
0.00107744
-0.00434576
-0.000425752
0.00462046
0.000441133
-0.00198048
0.00637262
-0.00483328
-0.00142324
0.00280218
-0.00315895
0.00178
-0.00153526
0.00219286
-0.000952835
-0.00543971
0.00513804
0.00402659
0.000218759
-0.00147102
0.00732785
-0.00248839
0.00397263
-0.00126548
0.00311484
-0.00807634
0.0045355
0.000425998
-0.00174614
0.00299785
-0.000575653
0.000193279
-0.00512169
0.00532326
-0.00654368
0.0025097
-0.00283966
0.00147902
0.00329407
0.000962031
-0.00254857
0.00136431
0.00331371
0.00198627
0.00127272
-0.00118918
0.00173762
-0.00114911
0.00429605
0.00207804
-0.00194202
0.00324904
-0.00187162
-0.0014361
5.86911e-05
-0.00221084
0.00233458
-0.00394238
0.000662546
0.001069
0.0010144
0.00341522
-0.000545618
-0.003884
-0.00138762
0.00543973
-0.00326945
-0.00287346
0.00161563
0.000286684
0.00269924
-0.00165556
0.00448227
0.00403547
-0.00282375
0.000974885
0.000556451
0.00267222
-0.00178219
-0.00217957
0.00128955
0.00118254
-0.00032707
0.00470424
-0.00300022
-0.00413545
0.00431598
-0.00279631
5.4414e-06
0.00279452
0.00106908
-0.00386903
-0.00161523
0.00341045
-0.00211356
0.000318333
0.00189123
0.00389785
0.000986188
0.00345321
0.00439785
-0.00261073
-0.00524034
0.000903334
-0.000838427
-0.00389625
-0.00351309
0.00170286
0.00570647
-0.00229572
0.00374614
0.0014503
-9.15996e-05
0.00375212
-0.000100621
0.000963611
-0.00209067
0.00103544
0.00191395
0.000981416
0.00469942
0.0023789
-0.00434054
0.00500121
0.00724574
0.00223152
0.0034061
-0.00191244
0.00103691
0.000276776
-0.00826825
-0.00770234
-0.00795631
-0.00107634
-4.84673e-05
-0.00796937
0.000115882
0.00242329
-0.00113324
-0.0034098
0.00420202
-0.00234332
0.00155107
-0.00481192
0.00434082
0.00289436
-0.00128249
-0.0119166
0.0130576
0.00784027
0.00637444
0.00774376
-0.0219585
0.00759518
-0.00336342
0.00705322
-0.00978891
0.00848053
0.00924638
-0.00793801
0.00555295
-0.00337664
-0.000320553
0.00154845
0.00475599
-0.00439045
0.00187783
-0.00123789
5.86487e-05
0.000197915
-0.000731948
0.00395709
-0.0044448
-0.00216631
0.0033231
0.00537353
-0.00333625
0.00102336
-0.000964273
0.00039052
-0.00115898
0.00308557
0.00323943
-0.000951472
0.0023769
-0.000867784
-0.000366823
-0.00114231
0.00245922
0.000986421
0.00131033
-0.00204846
-0.00286764
5.01725e-07
0.00160582
-0.00289347
0.00128711
0.00241004
-0.00115866
0.00153354
-0.00278496
-0.000104253
-0.00395456
-0.00193399
0.00367952
0.000745029
-0.00562962
-0.00225052
-0.00443172
0.0114621
0.00646268
-0.013493
0.001296
-0.000685393
0.00176627
0.00470426
-0.00201527
-0.00106346
0.00121366
-0.00134809
0.00119787
-0.0103252
0.00190144
0.00666721
0.00175649
-0.00122012
0.00392913
-0.00298015
0.000271075
-0.0043379
0.0115347
-0.0058246
-0.00137226
-0.00537894
0.0118262
-0.000915329
-8.63688e-05
0.00229768
0.00239982
-0.00129671
0.00110777
0.00283543
-0.00375568
0.000264603
0.00063994
0.00326633
0.0013996
0.00103067
-0.000614129
0.00139885
-0.00375903
0.00234127
-0.000455615
0.00296202
0.00237118
-0.0068582
0.00095537
8.64015e-05
-0.000429309
0.00403916
-0.000562773
-0.000157931
0.00294356
0.00191963
0.000147485
-0.00222506
0.000396403
-0.00229785
0.00404273
0.00230585
-0.000898819
-0.000972052
-0.000434982
-0.00356326
0.00228606
-0.002965
0.00387911
0.00434505
-0.00323844
0.00523666
-0.00250398
-0.00147658
-0.00125608
0.0008185
0.00053497
-0.0030339
0.00182425
-0.00706598
-0.00126519
0.00192054
0.00641061
-0.00492549
0.00663341
0.00101571
-0.00713787
-0.00682018
0.00422904
0.00972903
-0.00556885
0.00595209
-0.00394182
0.00157312
0.00335488
-0.00342181
0.000410082
-0.00350871
0.00822731
0.00219918
-0.00460733
0.0048601
-0.000537753
-0.0060652
0.00595286
-0.00338591
0.00349818
5.3154e-05
0.000889756
0.0072844
-0.000877074
0.00208439
5.50453e-05
-0.00250082
-0.00133916
0.00211511
0.00172486
-0.00122587
0.00458773
-0.00273859
-0.000623268
0.00182817
-0.00237995
0.00452977
-0.0197841
0.00284432
-0.0041037
-0.00794028
-0.00269656
0.001429
0.00401833
-0.0144
0.00574329
0.000716409
0.00308171
5.09616e-05
0.00235281
-0.00251657
-0.000742375
0.00363257
0.00548636
-0.00468759
0.00155404
-0.00360901
0.00529341
0.00575468
-0.00386376
-0.00130177
-0.0015848
-0.00231801
-0.00317829
0.0106291
0.000693175
-0.00696554
-0.00435666
-0.0146022
-0.00549125
0.0024039
0.0184046
-0.0153173
0.0023923
-0.00208483
-4.31099e-05
-0.000264399
-0.00292304
0.0039755
-0.000123514
0.011027
-0.00252809
-0.00837537
0.00855738
-0.00886238
0.00825126
-0.00101739
-0.00411685
0.00410786
0.00194215
-0.00534866
0.00392023
-0.000513724
0.00456756
-0.00294164
0.00178847
0.00251837
-0.00136521
0.000982498
0.00433192
0.00500385
-0.0043629
-0.00411934
0.00642676
0.00488493
-0.00142484
0.00381202
0.00227553
-0.0041675
-0.00292114
-0.000535568
0.00931397
-0.000221024
0.00118868
-0.00858626
0.00938664
-3.51532e-06
-0.00944812
0.000589258
0.00121385
-0.000735015
0.00922511
8.97551e-05
0.00772888
-0.010551
-0.00200605
-0.0076629
0.00698222
0.00070584
0.000113464
0.00391636
0.000740977
-0.0116605
0.0121032
-0.00128955
0.00130265
0.000962475
0.00266944
-0.00367524
0.00393498
-0.00321244
0.000187821
0.00204997
0.000551689
0.000738488
0.00201219
-0.00238198
-0.00192486
0.00229463
-0.00508075
0.001282
0.0137252
-0.00700771
-0.01007
0.00328771
0.00527458
-0.00889761
-0.000595106
0.0101344
-0.000641671
-0.00921435
0.000697105
-0.00143899
0.00914508
-4.47184e-05
0.0166889
-0.00413972
-0.010434
0.0019375
-0.00846784
0.00844068
0.00655375
-0.00749091
-0.000585949
0.00550057
0.00114014
-0.00345835
0.00312436
-0.00751547
0.0182291
-0.013838
-0.0011745
-0.0038276
0.00828456
-0.00328246
0.00183638
-0.00105166
-0.00130637
0.000521634
-0.000790637
-0.00121448
0.000703377
-0.00277077
0.00278418
-0.00127208
0.000445422
0.0024526
-0.00162596
-0.00166685
0.00227359
0.000523857
-0.000826137
0.000493415
0.0138741
-0.00364725
-0.0107368
0.000509938
0.00452525
0.000349883
0.00828242
0.00319215
-0.0138546
0.00737869
-0.000408834
-0.00412848
0.00486119
-0.000323854
0.00157217
0.00717825
-0.00637152
0.00528334
0.00161809
-0.0053293
-0.00123546
-0.00572476
0.00226501
0.00469521
0.00342689
0.00327014
-0.0127762
-0.000159518
0.00253979
-0.00171967
0.00297515
-0.00128615
-0.0123735
-0.000942581
-0.00190278
-0.00558879
-0.0160975
0.00263665
0.00602864
-0.0101043
0.00275165
-0.0137203
-0.00170093
0.0126696
-0.00969943
0.00149897
0.00565833
0.000290254
-0.010913
0.0129097
-0.00228704
0.00529452
-0.0103691
0.00585402
-0.00467799
0.0151216
-0.00656282
0.00738714
0.00417888
-0.00213976
0.00351433
0.00166866
0.00211109
0.00727681
0.000164504
0.00124975
-0.00895426
0.0103412
-0.000931776
0.00763547
0.000804928
-0.00750863
0.00854708
-0.00728425
0.00425709
-0.0088749
0.00134294
-0.00301908
0.00826454
0.00189644
0.00203388
-0.000414499
-0.00315578
-0.0100649
0.0136352
0.000637375
-0.0043826
0.00399468
0.00370162
-0.00236167
0.000862332
-0.00154486
0.00304422
0.00334123
0.000274199
0.00280801
-0.000456464
-0.00161066
0.00499152
-0.00292443
0.00837777
-0.00670872
-0.00447983
0.00490256
-0.00317127
0.00534225
-0.000959381
0.00178279
-0.000377098
0.00708632
0.00166853
-0.0040633
0.00125688
0.00687474
-0.00406832
0.000152747
0.00254603
-0.00132716
-0.00373543
0.00019326
0.00127603
0.000969205
-0.00048296
0.00434962
-0.00386739
0.00227498
-0.00161789
-0.00516095
0.000528409
0.00427409
0.000742289
-0.00247034
0.00127546
0.000815081
0.00170356
-0.00379409
0.00327185
-0.00121034
-0.000519186
0.00184172
-0.00313191
0.00195272
-0.00236627
0.00493356
-0.00169632
0.0051574
0.00384598
-0.0044126
-0.00112973
0.00338319
0.00495111
0.00490685
-0.00152015
0.000459269
0.0019417
-0.00454299
-2.50951e-05
0.00262639
0.00469742
-0.00745654
0.000689525
-0.00667312
0.00173472
0.00190334
0.00303502
-0.0044029
-0.00405059
0.0030615
-0.00161222
0.000883134
-0.00127167
0.0039655
-0.00232317
-0.000370657
-0.00127653
0.00284452
0.00586315
-0.00467401
0.00438106
0.0014733
0.00130622
0.00160154
0.0018095
-0.0015851
0.00507881
-0.00315128
0.0026856
-0.00554059
-0.000261791
0.00153672
0.00426565
0.00219554
0.00239107
-0.00214978
-0.00668631
0.00642038
0.0024157
-0.00499744
0.002582
0.00160377
0.00081166
-0.00205633
0.00421855
-0.00387325
0.00165687
0.00519376
-0.000472662
-0.00306424
0.00117802
0.00341875
-0.00201478
-0.00113638
-0.00131823
0.00223587
0.00218599
-0.0140416
0.00198095
-0.0101216
-0.00511012
0.0132508
0.000655882
-0.000699371
0.00417674
0.000454618
-0.0014606
0.0025027
-0.000365528
0.00393197
-0.000621718
0.0038394
-0.00133227
-0.00865848
0.00956675
0.0100659
-0.0076549
0.0100514
0.00276149
-0.00464359
0.00118539
0.000696707
-0.00595236
0.0051884
0.00196731
-0.00120333
0.00509276
0.00369625
-0.000241938
-0.00379477
-0.00102019
-0.00200696
0.000374264
-0.00353422
0.00254492
0.00153671
0.00447083
-0.00491703
0.00082046
-0.0078237
0.011628
0.000249557
-0.00405386
-0.00248861
-0.00420607
0.00707316
-0.000378467
0.00420537
-0.000757216
0.00362606
0.00723818
-0.00576062
-0.00203192
0.00558333
0.00368673
-0.00367651
0.0033463
0.00632586
0.000522736
-0.00362298
0.00177792
-0.00179936
-0.00117782
0.00273601
0.00135169
-5.22243e-05
0.00348113
0.00522434
-0.00276103
0.00274463
0.00309165
-0.00105127
0.00265157
0.00309186
-0.00265179
-0.00404954
0.00217533
0.00184811
2.61007e-05
-0.00285122
0.00268296
0.00502947
0.000910348
0.00334055
0.000929475
0.00368779
0.000810804
0.00483853
0.00126289
0.00335991
0.002303
0.00479633
0.00913861
0.00307858
-0.00764328
0.00987764
0.00471506
0.000250397
-0.0167646
0.00689338
0.00745677
-0.00988711
0.000635345
-0.0017525
0.00810205
-0.00783748
-0.00542822
0.00441429
-0.000600814
-0.000995761
-0.00281774
0.000983489
-0.00237601
0.00313324
0.000226236
-0.00136013
0.000226963
-0.000332543
0.0010335
-0.000268148
0.00364892
-0.00222758
0.0086013
-0.00194533
-0.0059545
-0.000701483
0.00493153
-0.0108268
0.00644691
0.00029902
0.00154722
-0.00242163
0.00232304
-0.00950418
0.00592833
0.00125278
0.000611333
0.00220229
-0.00106533
-0.00150018
0.00807557
-0.00164387
-0.000714488
0.00296358
-0.00171873
-0.00251663
0.00219516
-0.00123067
-0.00292169
-0.00513554
0.00445407
0.00360316
0.00446554
-0.00194139
-0.00246121
-6.29492e-05
0.00311118
0.000652547
0.00472975
0.00284695
-0.00370782
-0.00582047
0.00531481
0.0042135
0.00243248
-0.00482385
0.000423425
0.00373626
-0.0032412
0.00114604
0.00452764
0.00402709
0.00314019
-0.00160969
0.00184364
0.00395418
-0.00126806
-0.00266092
0.00186317
0.0053549
0.00075986
-0.00383979
0.00438888
-0.00101569
0.00216583
-0.00235489
0.00127952
-0.000131587
-0.00398791
0.000743692
0.00384012
-0.00416153
-0.000422277
0.000645808
-0.000390391
-0.00390993
-0.000574225
0.00487456
-0.000180215
-0.00340823
-0.000912631
0.00435758
4.59996e-05
0.00108042
0.00113022
-0.00135312
0.000461055
0.00212891
0.00332289
0.000894999
0.000747979
-0.00188297
0.00264694
0.00521661
-0.00345519
-0.00194982
0.000188416
0.000430659
0.00165862
0.00132079
0.00190279
0.00199304
-0.000289257
-0.000869903
0.00455672
0.00101265
-0.00255509
-0.000240592
0.00453034
-0.00173462
0.00304737
0.0032892
-0.00420607
0.00420981
-0.00138631
0.00138259
-0.00448958
0.00269022
0.00299901
-0.00549373
-0.00223891
0.00479913
0.00452104
-0.00478769
0.00203915
0.00337176
-0.00565429
-0.000691109
0.00297367
0.00224351
0.0012892
-0.00581964
0.000413564
0.00478651
0.000977474
-0.00165611
0.00194034
-0.00297158
-0.00146682
0.00114486
0.0045318
-0.000358307
-0.00279815
0.0019238
-0.00294809
0.00162907
0.00335195
7.62174e-05
0.00308138
-0.00104565
-0.00430123
0.00516667
-0.000665878
0.00396739
-0.00322529
-0.00212873
-0.00347571
-0.00456266
0.00169871
-0.000948437
0.00428476
0.000814364
-0.00495124
0.00108223
-0.00724465
-0.00470768
0.00122259
-0.00320447
0.0057067
-0.00294629
0.000891433
0.00217366
0.00178858
-0.00136613
-0.00200815
0.00512762
0.00473466
0.00492346
-0.00172433
0.00212818
-0.00532729
-0.00364262
0.00750696
0.00759885
0.00597724
-0.000263017
-0.00227383
0.004362
-0.0027088
-0.000337909
0.00218119
-0.00187385
0.000507227
0.00050877
-0.00147446
0.00045848
0.000455237
-0.000940751
-0.000811206
0.00383834
0.00312127
0.00226232
0.000730849
0.000219293
0.0025581
-0.00110225
-0.00249872
0.00475268
-0.00268086
-0.000190364
7.70187e-05
0.00123813
0.000341446
0.00295885
0.00628712
-0.00254111
-0.00218084
0.00216379
-0.00249102
0.00239542
0.000317406
0.000503845
0.0013841
-0.00220529
0.00418361
0.00176627
6.24756e-05
0.00087599
-0.00453051
0.00516049
-0.00161117
-0.00449363
-0.000564004
-0.00221618
-0.000615044
0.000867828
-0.000454246
-0.00396199
0.00219345
-0.000475457
-0.000374891
0.00249374
-0.00439264
-0.00222888
0.000591383
-0.000981972
-0.000829981
-0.005587
0.00739898
-0.00018167
-0.000628346
0.00280513
-0.00283499
-0.00259941
-3.45986e-05
0.000840199
0.00266656
0.00208834
0.00216492
-0.00160251
-0.00305275
0.00137083
-0.00182119
-0.00417567
0.00241128
0.00303606
-0.000179572
0.000937425
0.00372661
-0.000937014
0.00369933
-0.00423082
0.000246085
0.000446622
-0.00211723
0.00331314
-0.00229813
-0.00175487
1.36427e-05
0.00144659
0.00029466
-0.00370123
0.000604912
0.0017978
0.00129854
-0.00245583
-0.00010775
0.0016266
-0.000770141
0.00327616
-0.00264027
0.000134263
0.000185611
0.00294951
-0.00387241
0.000737334
-0.00280854
-5.85819e-05
-0.00141457
-0.0015508
0.00318216
-0.00021678
-0.00368872
0.00387395
0.00356084
0.0015359
-0.00342294
-0.00453016
0.000818318
0.00361268
9.91917e-05
-0.00214794
-0.00242276
0.00100038
-0.00244205
0.00107689
0.000998433
0.000366689
0.00482387
-0.00328386
0.00624611
0.00366343
-0.00302593
0.00318053
-0.00220504
-0.000258929
-0.000716564
0.00411622
-0.00190702
-0.00364987
-0.00183644
-0.00113218
0.00358897
-0.000620387
0.000616764
0.000110881
-0.00435021
0.00345325
0.000786014
0.00279164
0.00214278
0.00181814
0.00160907
-0.00557
0.00312599
-0.000213188
9.77637e-05
0.00220019
-0.00185556
-0.00187492
0.00568399
-0.00738563
0.00565131
-0.00705058
0.00762291
-0.000470462
-0.00146845
0.00113466
-0.00449628
0.000437375
0.00292421
-0.00411664
-0.000392359
0.00632627
-0.00181722
0.0005434
-2.16447e-05
-0.00441044
0.00388877
-0.00188465
-0.00896831
0.00612303
0.00472996
0.00601125
0.00425979
-0.00313502
-0.000327402
-0.00182509
0.00528753
0.00423731
-0.00450361
-0.00171476
9.19516e-05
0.00546225
0.00250422
0.00274309
0.00435606
-6.33731e-05
-0.0046316
0.00231227
-0.0037084
0.00589743
0.00220791
-0.00157124
-0.00428009
0.00509679
-0.00192238
-0.000220022
-0.00165174
-0.00320492
0.00314514
0.00524273
0.0062519
-0.0058151
0.00734709
-0.00281204
-0.00164702
0.00692514
-0.00167673
0.00316722
0.00681086
-0.00305297
0.00110618
0.00646316
0.00399224
-0.00359843
0.000126658
0.00350277
0.000312016
-0.00220846
-0.000207726
0.00173171
0.000600005
0.00130147
-0.00139272
-0.00424929
0.00228584
-0.00230313
-0.00150393
0.00278584
-0.000975551
-0.000306341
-0.000887449
-0.00136762
0.00265149
-0.00163622
0.0042797
-0.00109848
0.00144747
-0.0017138
-0.00254644
0.00199151
-0.00063006
0.00673802
-0.00829761
0.00408074
0.000682562
-0.000861984
-0.00336453
0.00354396
0.00469098
0.000402924
-0.00548429
-0.00299266
-0.00455296
0.00291227
0.00463338
-0.00369885
0.00451424
-0.003767
-0.00319888
-0.000244249
-0.000963068
-0.00374242
0.000582755
-0.00300351
-0.00118274
0.00165142
0.00323196
-0.000704772
0.00423583
-0.00175315
0.00217557
-0.00145155
-0.000102882
-0.000621148
-0.00149174
-0.00143583
0.00368514
0.00286933
-0.00306697
-0.000846554
-0.00163213
0.00430293
0.000626161
-0.00145536
0.000578707
-0.000838545
9.92556e-07
-0.000552119
0.00341551
-0.00120202
-0.00109161
-0.00112182
-0.0011567
0.00233088
0.00270712
-0.00108286
-0.000510222
0.00142781
-0.00191602
0.00122603
-0.00255031
0.00475229
-0.001399
0.00180755
0.00196351
0.00176941
-0.000318519
0.00215255
0.000796177
0.000613713
-0.00166193
-0.000387034
-0.00590267
0.00369855
-0.00597548
0.0040636
-0.00122092
-0.00491738
0.0020747
-0.00253967
0.00682097
0.00361859
-0.00553046
-0.00224806
-0.00121827
0.0055347
-0.00127528
-0.00679909
0.000587343
-0.00325623
-0.000147159
0.00281607
-0.00228577
-0.00152547
-0.00262333
0.00326729
-0.00686202
0.00376232
-0.000236988
-0.0063816
0.00285627
-0.00639979
0.00184725
-0.00019528
0.00474781
0.000306153
-0.00520413
0.00109713
0.00380085
-0.00408631
0.00683382
-0.00315852
0.0017637
-0.0023983
0.000878169
-0.00175234
-0.00174669
0.0011007
0.00623243
-0.00543265
0.00284788
-0.00360714
-0.000753729
0.00151296
-0.00687541
-0.00152238
0.00232942
0.00191421
-0.00288102
-0.000362486
0.000992467
0.00224054
0.000547526
0.00378554
-0.0065736
0.00215753
-0.00322435
0.00388644
0.00109066
-0.00104004
-0.000963321
0.000305541
-0.000128146
0.0076214
0.00204039
-0.00404065
-0.00562114
-0.00353935
0.00346718
-0.000264532
-0.00165612
0.000211937
-0.00181957
-0.000581829
0.000966257
-0.00363589
0.00318965
-0.00142582
0.00397086
0.00106462
-0.00477434
-0.00212664
0.00223756
-0.00336714
0.00113157
-0.00416907
0.0019992
-0.0071706
0.00481802
0.000501282
-0.00252967
-0.00286869
0.00489705
0.000485119
-0.0029771
-0.00337776
0.000936397
0.000180235
-0.000807477
0.00208269
-0.00145547
0.0024049
0.00125263
0.00299374
-0.00209698
0.00214966
0.00186725
-0.00184131
0.00249231
-0.00305426
-0.00427644
0.0033065
0.00172941
-0.0028748
0.00229153
0.000279189
-0.000559446
-0.000378025
-0.00261817
0.00317641
-0.00165227
-0.000375683
-0.00175493
-0.00286621
-0.00501964
0.00611025
0.00851006
-0.000780669
0.00518906
-0.00280814
-0.00160026
-0.00652547
0.00586597
-0.00236152
0.00545386
-0.00535287
-0.000800907
0.00819416
-0.00485771
0.00220615
0.00501525
-0.0023637
0.000203816
-0.00246533
-0.0035658
0.00582733
0.00107263
-0.00598818
0.00450695
0.000408588
-0.00365179
-0.00266986
0.00297278
0.00276918
0.000123999
0.000683054
2.10886e-05
-0.00131136
-0.00115179
0.00037098
-0.00221589
-0.00285842
-0.000191692
0.00156577
-0.00407558
-0.00124289
0.00576512
-0.00143036
-0.00283313
-0.00391231
-0.00147307
-0.000517286
0.000757922
0.00184192
0.00191597
-0.00451582
-0.00461689
0.00505732
-0.00394973
0.00478991
-0.00533131
-0.00218054
-0.00342187
0.00243332
0.00316911
-0.00327264
0.00635318
-0.00286382
-0.000216721
-0.00182965
-0.0036344
0.00581639
-0.000352291
0.00610979
0.00145622
-0.00125053
-0.00642953
0.00504033
-0.000440422
-0.00699691
-0.00163383
-0.00588524
0.00431471
0.00051863
0.00179445
-0.00937075
-0.000277507
-0.00400273
0.00237892
-0.00230876
0.00359344
-0.00311387
-0.00248884
0.000257688
-0.000171214
-0.00194876
9.73187e-05
0.00165962
2.7367e-05
-0.00178435
-0.000296678
0.00309385
-0.00194696
-0.000850208
0.000988344
-0.00337512
0.00314941
-0.000681585
-0.00198271
-0.00127616
-0.00108708
-0.0037452
-0.00318881
-0.00160307
-0.000538478
-0.00106483
0.00154225
0.00154238
-0.00201983
0.000355583
-0.00347491
0.00583325
-0.00271393
-0.000430475
-0.00366231
0.00483499
-0.000742206
-0.00340772
0.0021907
-0.0049947
0.00461649
0.00682445
-0.00454441
-0.00192446
0.00649876
0.00504397
-0.00309553
-0.00359668
0.00181996
-0.0013818
-0.00329101
0.00246989
0.00453882
-0.00533375
-0.00241521
0.00321014
0.00188851
-2.10065e-05
-0.00215132
0.000283778
-0.00517399
-0.00579767
0.00140448
-0.000780794
-0.00454772
-0.000667766
-0.00389838
0.00318515
0.00280549
-0.00398022
-0.00382035
-0.00489922
0.00275409
-0.00126221
-0.000891892
0.000538949
-0.0055366
-0.000687574
0.00524226
-0.00203994
0.00618757
0.00660114
-0.00573415
-0.00133744
0.0056921
-0.0065361
0.00095873
0.00162765
-0.000188705
-0.00500091
0.00349431
-0.00454421
-0.00668611
-9.95151e-05
-0.0021832
0.00238357
0.00076508
0.0033677
-0.00270564
-0.00142714
-0.00243679
0.00419996
-0.00111412
-0.00228817
0.00360013
-0.000197859
-0.000931904
0.00177432
-0.000283374
-0.000559019
0.000842287
-0.000988012
0.0021095
-0.00175344
-0.000144941
-0.000976415
0.00259491
0.00062391
-0.001712
-0.00150684
0.00234999
0.00113958
-0.00250126
-0.00187262
0.00122803
0.00245133
-0.000496667
0.000224248
-9.22983e-05
-0.0010285
0.000853376
-0.00381035
0.000250007
-0.00163105
0.00283333
0.00192386
0.00121266
0.0013055
0.00373927
-0.00193947
-0.00177869
-0.0025642
-0.000135451
0.00153843
-0.00271367
0.00372644
-0.00197664
-0.00128557
-0.000464231
0.000753123
0.00310482
0.000555191
-0.00441315
-0.000912492
-0.000959432
-0.00194844
-4.85384e-05
-0.00276866
-0.00263915
0.000776941
-0.00190929
0.000420773
-0.00220279
-0.00225154
0.00265568
-0.000595851
-0.00212639
0.000137006
-0.00264832
-1.1842e-05
0.000533754
0.000757744
-0.000331429
-0.00267787
0.00230078
-0.000470172
-0.00135128
-0.000479361
0.000316575
0.000138484
-0.00420028
-0.00135453
0.00116645
-0.00342872
0.000668691
0.00209565
-0.000394198
0.000837494
-0.00253899
-0.00207935
0.000361318
0.00260461
-0.00113967
-0.00370792
0.00224298
0.00324384
-0.00131942
0.00172184
-0.00194014
-0.00315683
-0.000458922
-0.00206652
-0.000878474
-0.000597048
-0.00127272
-0.000350372
-0.00290863
0.000525878
0.00267346
0.0022888
-0.00230525
-0.00265703
0.000694093
-0.00222209
0.00418411
-0.00070485
-0.00224186
0.00305682
-0.00151981
-0.000268734
0.00286178
0.00203392
-0.00340835
0.000620661
-0.00537904
0.00200751
-0.000526868
0.00449159
-0.00220754
-0.00495611
0.00595781
-0.00318491
0.00288015
-0.00714363
0.00349575
0.00230719
0.00134069
0.000393723
0.0034044
-0.000917984
0.00156961
-0.00232026
0.00103413
-0.00256789
-0.00255322
0.000764568
-0.00171579
-0.00109494
0.00169658
0.00157228
-0.00083768
0.00122497
0.00239422
-0.00320375
-5.45619e-05
0.00138451
-0.00211992
-0.000980388
-0.00168872
-0.00198521
-0.00580002
-0.000964819
0.00790311
-0.0106327
0.000725733
0.00575334
0.00268275
-0.000113599
-0.00625662
0.00368749
-0.00447997
-0.00115737
-0.00162782
-0.00637528
0.00771443
-0.000391795
-0.00679356
-0.00118737
-0.0063294
0.00532453
0.00219226
0.00101942
0.00357309
-0.000237372
-0.00435513
0.00590862
-0.00782859
-0.0078974
-0.00042967
0.0064954
0.00183167
0.00220898
-0.00199106
-0.000238966
0.000783124
0.00262154
0.000964186
-0.00188613
-0.00169964
-0.00138322
0.00134464
-0.00155216
-0.00266912
-0.00105044
-0.00149085
0.00352378
-0.000623524
-0.00140943
0.00179983
0.0021891
0.00059176
-0.00273716
0.0030492
-0.00177034
-0.00276974
-0.00112462
-0.000589468
-0.00329119
-0.000743228
0.00260536
0.00385283
-0.00184169
-0.00297058
0.00220596
-0.00166917
-0.00519981
-0.00482888
0.008118
-0.000192317
-0.00309681
-0.00181338
0.00295578
0.00481539
0.00201026
0.00460332
-0.00224172
-0.00256712
-0.00657243
0.00599222
0.00314735
-0.00298033
0.00026522
0.00331122
0.00115273
-0.00271445
-0.00174949
-0.00272195
-0.00312195
0.000220549
-0.00269086
0.000647269
0.00159162
-0.000730733
-0.00127337
-0.00169809
-0.00153065
-0.000812113
0.00197795
0.000577636
-0.0012255
-0.00161026
-0.00125809
-0.00167237
-0.00208922
0.0127346
0.00835039
-0.0090507
-0.00697344
0.00197216
-0.00188346
0.0111137
0.0144382
-0.0056058
-0.00502385
0.00229337
-0.0105589
-0.0126483
-0.00196436
0.0096106
-0.00636943
-0.00942108
-0.00771528
0.000411293
0.00999555
-0.00670055
-0.00288179
0.00186705
-0.0140924
-0.00367389
-0.00729407
-0.0126498
0.00839129
-0.00401445
0.00540551
-0.00661354
0.00522251
0.00552258
0.000713805
-0.000525239
-0.00320828
-0.000921858
0.000661174
-0.000247308
-0.00270262
-0.000542011
-0.00127254
0.00263775
-0.00292357
0.00318146
-0.000798447
-0.00188656
0.00198588
0.000858774
0.00145872
0.000887905
-0.00365866
-0.00149598
0.000721486
0.00333458
0.00373449
0.00159842
0.00256222
0.00678393
0.00187062
-0.00887308
-0.0111765
0.00661306
0.0134366
0.00918734
0.00352103
-0.013993
-0.0137773
0.0043053
0.0129333
-0.00562941
-0.000558975
-0.00486789
0.000977132
-0.000219738
-0.0141964
0.00245801
0.0115186
0.00296629
-0.00416457
-0.00416861
-0.000811707
-0.00548585
-0.00273339
-0.00181521
-0.011443
0.00846158
0.00479666
-0.000635608
-0.00135563
-0.00271786
-0.000729524
0.00497215
0.00202351
-0.0029086
0.0031755
0.00253545
0.00210235
-0.00389682
-0.0042786
-0.00537639
-0.00451757
0.0108404
0.00172077
-0.00188827
0.00195995
-0.0103538
0.00542747
0.013254
-0.0015769
0.0048077
-0.00664329
0.0103671
0.00680441
0.0035845
0.00396627
-0.00390707
0.00372899
0.00698249
-0.00312694
0.00662154
0.0079927
-0.00820508
-0.00815203
0.00297609
0.00413865
-0.0153198
-0.00385732
-0.000748398
-0.00598113
-0.00461068
0.00351778
-0.00108573
0.00977604
-0.00506181
-0.00546263
0.00022852
-0.0046676
-0.00342963
0.00582061
-0.00366235
0.00262443
0.00156521
-0.000527293
-0.00116986
0.000353708
-0.00284619
0.00160819
0.00315974
-0.0021435
-0.00216216
-0.000850346
0.00408592
-0.00107342
-0.00501641
0.00453796
0.000115977
0.00323287
-0.000456591
-0.00169044
-0.00499777
0.00412138
-0.00322946
0.00161704
-0.00552887
-0.00382194
0.00134052
-0.00369741
0.0019901
0.00143925
-0.00685613
0.00396134
0.0031965
-0.00516775
-0.00244891
-0.000859145
2.65035e-05
0.00603258
0.000956483
-0.00236397
-0.00461556
0.000919097
0.00465391
-0.00237706
-0.000488409
-0.000944784
-0.00504644
0.00510695
-0.000920479
0.000859983
-0.00376369
-0.000523927
-0.000831042
-0.00141886
0.0027328
-0.00151899
0.000256964
0.00203787
-0.000775856
-0.000565658
-0.00330732
0.000608044
-0.00110883
0.00266683
0.00186586
-0.00166373
0.000471017
-0.00460211
0.00134043
-0.00284097
-0.00118107
0.00268158
-0.00119862
0.000600073
-0.00142228
0.00202081
-0.00218087
-0.00100577
0.00147462
-0.00327897
0.00430773
-0.00225461
0.00194599
0.00150454
0.00251067
-0.00376932
0.000107822
0.00124687
-0.00263246
-0.00106656
0.00154382
0.00171523
-0.00187668
0.00138929
0.00243028
0.00352559
-0.000718659
-0.00123988
-0.00156705
0.0048229
-0.00197824
0.00341235
0.000380924
0.00370351
0.00407007
0.00299481
-0.00152945
-0.00108443
-0.000902118
0.0015748
0.00192951
-0.00260219
0.00141323
0.00200272
0.000607736
-0.00175066
0.00373515
-0.00152213
0.00313275
-0.00100288
0.000467165
0.00112915
-0.00313154
0.00153522
-0.00284561
0.00417669
0.000121105
0.00237028
-0.00319514
0.000115259
0.000104792
-0.000590486
0.00147995
0.00180511
-0.000985426
0.00117163
0.00386337
0.00396567
0.00156746
0.00292869
-0.000233857
-0.00222882
-0.00505708
0.000880356
0.00118436
-0.0054695
0.00191098
0.00336419
0.00172362
-0.00390042
0.00481769
0.000671637
-0.000729731
0.00616269
-0.00147256
-0.00794174
-0.00168538
0.00568629
0.00394083
-0.00186859
-0.00273937
0.000707527
-0.000459047
0.00186203
-0.00120994
0.00575368
-0.00245279
-0.00724228
0.00574946
0.0020694
0.00421625
0.00322963
0.00229447
0.00435385
-0.00188807
-0.00169597
-0.00172045
0.000259346
-0.00032481
0.00267219
-0.00456555
0.00169881
-0.000390165
0.000529276
0.0022337
-0.00217494
-0.000383557
-0.00287065
0.00133989
-0.000195545
0.0026586
-0.000229343
0.00387602
0.00444649
0.00147073
-0.000377068
-0.0024903
0.0030817
0.00407909
-0.000709882
0.00043595
-0.000704433
-0.000653292
-0.000242697
-0.00065627
0.00226789
-0.00231363
0.0017549
0.000942436
0.000306599
0.00141824
-0.00266733
0.000893067
0.00144563
-0.00303926
0.000700558
-0.00271431
-0.00071799
0.00347394
-0.000232999
-0.00132676
0.00300535
-0.00328215
-0.00213486
0.00366466
-0.00117608
0.00516453
0.000362522
0.000818187
0.00188264
-0.00175842
-0.00401283
-0.000865234
-0.00701827
0.00288746
-0.00206799
0.00510041
0.00514106
-6.01497e-06
0.00370387
-0.00273161
0.00543852
0.000770171
-0.00248129
0.00471547
-0.0026052
0.00475935
0.00167431
0.00320091
0.000296631
-0.0026986
0.0046664
-0.00226441
0.000353339
0.00274754
-0.00142658
-0.00153148
-0.000805973
0.00439339
0.00220784
-0.00541842
-0.00274769
-0.000198223
0.00011894
0.00335543
0.00141358
-0.0044137
0.00194846
-0.00324642
0.000778879
0.00160477
0.00300593
0.00384843
0.00166055
0.00041833
-0.000198594
-3.06487e-05
-6.36453e-05
-0.000861267
-0.00272011
0.00304021
-0.000392033
0.00171617
0.00122661
-0.00255072
-0.00270096
-0.00016641
0.000431854
0.00191955
-0.00218495
0.000503583
-0.000171706
-0.0019231
0.00159122
0.00252811
0.000507528
-0.00328525
0.000992563
0.00182734
-0.000291775
0.00290467
-0.00223566
0.000265162
-0.00113102
-0.00212315
0.0013801
-0.000387112
0.00113017
-0.00199826
0.00135724
-0.00168662
0.0023283
-0.00153031
0.00218235
-0.00169112
0.00103908
-0.00481689
0.00285683
0.00183442
-0.00239163
0.00113848
0.0014545
-0.000201331
-0.00374928
-0.00326716
-0.00526024
-0.00355816
0.00341147
0.000839356
-0.000302351
-0.00224725
-0.00183315
0.00266153
-0.00131233
-0.00161057
-0.00108233
-0.000669478
0.00257266
-0.000820854
-0.00206774
-0.00139176
9.05566e-05
0.00190404
-0.000156302
0.00381191
-0.000954272
-0.00201934
0.00507879
0.00481477
0.00172652
-0.00477101
0.000867589
0.0047634
-0.00285005
0.00559107
0.0046869
-0.00160755
-0.000386679
0.0017433
-0.0048374
0.0010829
0.00392052
-0.00477237
-0.00216188
0.000926011
-0.00296022
-0.00143502
-0.000959364
0.00186206
-0.00388007
0.000508151
0.00270416
0.0016828
-0.00570552
0.00349586
0.00347306
-0.000233063
-0.00391423
-0.00470555
0.00292331
0.0014217
0.00245038
-0.00479278
-0.00344903
0.00284747
0.004294
0.00239554
-0.00285144
-0.00051079
0.000402962
0.00295926
-0.00395973
-0.0014576
0.00732828
-0.00135577
0.000111193
-0.00160688
0.000519835
-0.000121488
-0.00113642
0.000738105
-0.00304818
0.00307631
-0.000593784
0.00385506
0.000491628
-0.00337405
-0.000972645
-0.00216446
0.00449312
0.000614801
-0.000271404
0.00334862
0.00250659
2.21681e-05
0.000374953
0.00295967
-0.00436047
-0.00529394
0.00490454
-0.00266954
0.00305895
-0.00269888
-0.00191874
0.00056215
0.00405548
-0.0024384
0.00311806
-0.000686167
-0.00316164
-0.0048238
0.00307839
-0.000833537
-0.00130029
-0.00184953
-0.00100365
0.00415347
-0.00179279
-0.00207266
0.00303192
0.00103786
-0.00107588
-0.00133408
-0.00165094
0.00191979
0.00304604
-0.00294572
-0.00235398
0.00198071
0.00328746
-0.00209963
-0.00345252
-0.000759109
0.00251944
0.00180729
0.00084013
0.0031627
-0.000288746
-0.0020338
0.00106881
0.000844314
0.00113294
0.000887919
-0.00204762
-0.00386003
0.000175161
-0.00436688
-0.000438843
-0.00246066
-0.000516951
0.00445476
-0.00376065
-0.00344458
-0.00168694
-5.3119e-05
0.00127058
-0.00279606
-0.00323391
-0.00317222
0.00487466
-0.00230787
-0.00166314
0.00245937
-0.00342548
-0.00179261
0.00316782
0.00110915
-0.00208142
-0.00245321
0.000892217
-0.00318701
-1.31005e-05
-0.00185725
-0.000100039
-0.00217774
-0.00444977
0.000994006
0.00316634
-0.000694665
-0.00212808
-0.000343599
-0.00213291
-0.00171345
-0.00349578
0.00134769
-0.00121768
-0.000190223
0.000900945
-0.000357889
-0.001539
0.000995908
-0.000829558
0.000959093
-0.00184155
0.000910074
-0.00192217
0.00321995
0.00368349
-0.00122555
-0.000894076
0.0028556
-0.0029576
-0.000693509
0.00312232
-0.00243988
0.00158143
-0.00120959
0.000426382
0.000827817
0.00148348
0.000553989
0.000853002
-0.00289045
0.00257368
0.00161728
0.00108944
0.00202038
-0.00233199
0.0043089
0.00315935
0.000415123
0.00315486
0.00217405
-0.0027708
0.000781345
0.000870038
0.00134917
-0.00136621
-0.00126734
-0.00174231
-0.000536617
-0.00226103
0.00322156
-0.000770083
0.000650704
-0.00284864
0.00201518
0.00309614
0.00414818
-0.00103577
-0.00208095
0.00067257
0.00136274
-0.00274387
0.00230197
-0.00682192
-0.00302533
0.00339991
0.00644735
-0.00490325
-0.00364816
0.00455973
0.00677821
-1.78974e-05
-0.00226262
-0.00054087
0.00217613
0.000627361
0.00199117
0.000666949
-0.00270669
0.00721989
-0.00484978
-0.000161854
-0.00101504
0.0010869
0.00233592
0.000123895
0.002362
-0.00183225
-0.000653622
-0.000228569
0.00197474
0.00141654
0.000563461
-0.000110664
0.00156998
-0.00202275
0.00281566
0.000648011
5.08292e-05
-0.00351449
-0.000425793
-0.00107045
0.00228309
-0.000786854
0.000613054
0.000899379
-0.00151212
-3.28309e-07
0.00169723
0.00258978
-0.00140598
-0.00288104
0.00282992
-0.00251597
-0.00145266
0.0028177
0.00115094
-0.00162123
0.000861407
-0.00283127
0.000348636
0.000229166
0.00251324
-0.000698084
-0.00194977
0.000134614
-0.00105315
0.0012609
0.000781484
0.00345777
-0.000152876
-0.0031887
-0.00151481
0.0027016
0.00210414
0.000734639
0.000618999
-0.00103001
0.00100621
0.00126121
0.00247876
0.00186319
-0.00122694
-0.003115
-0.000229562
-0.00210842
0.00290886
-0.001035
-0.00138677
0.000958786
-0.00251228
0.00345318
0.00283069
-0.00246896
0.00113163
-0.00215181
0.00232801
0.00091711
-0.00197651
0.00196988
-0.0019324
-0.000394932
0.000357456
0.000505256
-0.00243017
0.00105913
0.000865796
-0.000877549
0.000823155
0.00066744
-1.4372e-05
-0.00178769
0.000907976
0.000901178
-0.00174741
-3.13029e-05
-0.00043903
0.00328257
-0.00220089
0.003239
-0.000864258
-0.000404846
-0.00384186
-0.00227946
-0.00633921
-0.00159189
5.95171e-05
-0.00046705
-0.00182317
0.00223071
-0.0028478
-0.00100677
-0.0012915
0.00178129
0.00157423
-0.00103038
0.00200696
-0.00154933
0.0012031
-0.000255521
0.00118304
0.0014356
-0.00183841
0.00298396
-0.000827213
-0.00354004
-0.000889701
0.00116029
0.00084566
0.00310006
-0.00305844
0.0016957
-0.00230947
-0.000437049
0.000455154
0.00257486
0.000405218
-0.00039272
0.00259929
-0.00133741
0.00212687
4.19696e-05
-0.00344644
0.00273751
0.00213366
-0.000607598
-0.001972
0.00413905
-0.000464194
0.00269348
0.000894363
-0.000415196
-0.00241967
0.00194051
-0.00119869
-0.00209331
0.00154586
0.00282627
-0.00250233
0.000690467
6.88117e-05
0.00430737
-0.00475047
0.000374271
0.00229508
-0.000874655
-0.00105893
-0.000361485
-0.00278674
0.00216965
0.00427333
-0.00485826
-0.00158473
0.000799992
0.00101478
-0.0021927
0.00107358
-0.00268257
-0.000340772
-0.00505311
0.000289353
0.00296216
0.00290548
-0.00177985
-0.00408779
-0.00148794
-0.00153469
0.00405374
0.000627357
-0.00133303
0.00152412
0.000661873
0.00214166
0.000962091
-7.3177e-05
0.000460233
-0.00305996
0.000219129
0.000361718
-0.000788931
0.00124152
-0.000814326
0.000736651
0.00352658
-0.00219927
-0.00190488
0.00280742
-0.00248071
0.00157819
0.00169074
-0.00265407
0.000103176
-0.000326669
0.00219372
0.000179024
0.00130641
-0.000907386
-0.000578055
0.00020992
-0.000535949
0.00179256
-0.00229908
0.00085969
-0.00343258
-0.000361965
-0.00289798
0.00235316
-0.00186749
0.00382135
-0.0023587
-0.000997731
-0.00142007
-0.000774916
0.00132417
-0.00154698
0.0043871
-0.000957743
-0.00370686
-0.00506494
-0.00404547
0.00295914
0.00189263
-0.0052656
-0.00126932
-1.21372e-05
0.00198685
-0.00236965
-0.000859067
0.000374362
-5.61718e-05
-0.00202311
-0.00034271
-0.00318213
0.000376026
-0.000562219
9.08506e-05
-0.000699354
0.00117074
-0.000955198
0.0033321
0.00281221
-0.00112081
0.00269634
0.000481872
0.000311315
-0.00126392
0.000470715
-0.00146109
0.00178113
0.00054137
-0.000909724
-0.0111248
0.00443099
-0.0167288
0.000320448
-5.01584e-05
-0.000231631
-8.53931e-05
-0.000345194
-0.00919603
0.0135363
0.00382459
1.69942e-05
-0.00383497
0.00592542
-0.0127457
0.00203789
0.0137873
-0.000336362
-0.00417037
-0.0120282
-0.00982219
-0.0125879
-0.00412399
-0.00492918
-0.0105356
0.0175027
-0.00370569
0.00659012
-8.31833e-05
-0.014022
-0.000164451
0.0142697
-0.0143548
0.0145921
-0.0146344
0.00253225
0.0012492
0.0156654
-0.0147482
0.0190853
-0.0194808
0.000407687
-1.21475e-05
-0.00104768
0.0121131
-0.0151894
-0.0109237
0.00139165
0.0138531
0.0118401
-0.00405478
-0.000788887
0.00650678
0.00589655
-0.00033057
-0.0136381
-0.00329354
-0.00370647
0.00428058
0.010609
-0.014818
0.0148238
-0.00173331
-0.00286908
0.0127773
0.00343889
0.0111544
0.0121533
-0.0147048
-0.00799133
-0.00624501
0.0103463
0.00389005
-0.00335563
-0.00527809
-0.00571495
-0.00251614
0.0051153
-0.0101631
0.00180709
0.00879409
-0.00262858
0.00497761
0.00598798
0.00217486
-0.000611283
-0.00656448
-0.00135555
-0.00166733
0.000377372
-0.000850485
0.000535628
-0.000456691
-0.00322864
0.00792344
0.00546893
-0.00148731
-0.00728322
0.00244028
0.000321828
-0.00180807
-0.00163572
-0.00313392
0.00070283
0.00216353
-0.00216851
0.00186668
-0.0018617
0.00101986
-0.00171495
-0.0015383
0.00223339
-0.00708763
0.00173981
-0.00278579
-0.0014275
-0.00519144
0.00455728
0.0037715
-0.00313735
-0.003524
0.00213124
0.00142864
0.00237817
-0.00146951
-0.0023373
-0.00176013
-0.00186659
-0.000102141
0.00110442
0.00126298
-0.000904857
-0.00251392
-0.00117009
0.00174788
0.000534003
8.52481e-05
-0.000881165
0.00225189
-0.00188521
-0.00194959
0.000418618
-0.00175775
0.000947315
-0.00206323
0.00208312
-0.000771755
3.12115e-05
0.00104446
0.000686067
-0.00343058
0.00169995
-0.000537417
-0.00190772
-0.00151163
0.00119377
0.00186214
-0.00211054
0.00367782
-0.000373507
0.00238821
-0.00259733
0.00113652
0.00137407
-0.00389792
-0.00242868
-0.00249089
-0.00170668
0.0029615
-0.00179609
-0.000748168
-0.00209949
0.00190983
0.00262307
0.00195573
-0.000886789
-0.000416183
0.00127276
0.00125058
-0.00236683
-0.00237086
-0.00181913
-0.00230365
-0.001538
0.00261767
-0.00164999
0.00322845
-0.00315334
0.0021892
0.00190593
-0.000593033
-0.00332948
-0.0014759
0.000704667
-0.00104093
0.00209126
-0.00438319
0.000990851
-0.00317428
-0.00214507
0.00218819
-0.00161239
-0.000122798
-0.000409874
-0.00179567
-0.00378831
0.00192933
0.00138003
-0.00236356
0.0023012
-0.00131767
0.00138035
0.00242137
-0.00135236
-0.00244936
0.0013245
-0.000819681
0.000434372
0.00134393
0.000210688
-0.0022714
-0.000611839
0.00155421
0.00399143
-0.00267856
-0.000451775
-0.00124285
-0.00127867
0.00143299
-0.00191475
0.000113102
0.0014649
-0.00119321
-0.00178633
0.00192363
-0.00225538
3.61739e-06
0.00153253
-0.00130852
0.000270868
-0.000494874
0.00122556
0.000123643
0.00111468
-0.00158424
0.00225385
-0.00133313
-0.000881844
-3.88784e-05
0.000640751
-0.00153122
-0.000706492
0.00120353
0.000507407
0.00119655
0.00170048
0.000138253
-0.00194132
0.00339796
-0.00125243
-0.00313878
-0.00204714
-0.00119951
0.00166056
0.00394823
0.003035
-1.47385e-05
0.00234201
-0.00305998
0.00123248
-0.000610909
0.00299179
-0.000627032
-0.00124545
0.000655659
0.0013134
0.000372955
0.00195024
-0.00186228
-0.00178437
0.00142921
0.000405703
-0.00144482
-0.000374884
-0.00167137
-0.000305571
0.00144835
-0.000991203
0.0012334
-0.00309201
0.00240685
0.00163805
-0.00241906
0.000315546
-0.00124427
-0.000426149
-0.000469978
0.00159361
-0.00148879
0.00229577
0.00127145
0.000535579
7.17324e-05
-0.00225619
-0.00285921
0.00252018
-0.00240361
-0.00313443
0.00301787
0.001721
-0.000110625
0.000959129
0.00192706
0.00210298
-0.00245987
-6.14818e-05
-0.00251421
0.0016061
-0.000247432
-3.63235e-05
0.00222209
-0.000652781
-0.00115289
-0.000881665
-0.00166683
0.00143493
-0.000944853
-0.000758302
0.000844029
-0.00210383
-0.00206546
-0.00103897
0.00244006
0.00210452
-0.0277447
0.0100982
-0.0143342
-0.00179673
-0.000738887
1.95824e-05
0.000825453
0.000622677
0.0034346
0.00352265
-0.00294367
0.00238126
0.000398002
-0.000641825
-0.00146169
0.000311009
0.00214666
-0.00331964
-0.00010288
0.00274844
0.00267297
0.0011616
0.00204398
-0.000854482
0.0015071
-0.00149516
-0.00195872
0.002977
0.000476875
-0.00131544
0.00285936
-0.00129788
0.000860857
-0.00298414
0.000162803
0.000676212
0.00218137
-0.000317119
0.0034019
-0.00355149
0.000466707
-0.00268248
0.000728462
0.00289178
0.00245852
0.000237591
0.000195668
0.00182047
-0.000324507
-0.000501775
-0.00330489
0.00338553
0.002726
0.000738162
0.00135023
0.000470609
0.00242951
0.0022293
-0.00117944
-0.000563508
0.00672511
-0.00393231
-0.00335933
0.0035919
0.000341486
-0.00558609
0.0016527
-0.00186792
0.000919126
-0.000725526
-0.00191704
-0.00133899
-0.00128308
-0.000589463
-0.000275556
-0.00190779
0.00189275
-0.00302254
0.000136261
0.00117417
-0.00198651
-0.00291263
0.000986437
-0.00532857
0.00109464
-0.000548141
-0.00162331
0.00393144
-0.000490061
-0.00216254
0.00233834
0.000356338
-9.07948e-06
-0.00268561
0.00055325
0.00211977
-0.00135185
5.34271e-05
-0.0018513
0.00239533
0.00387026
-0.00219597
-0.00300166
-0.00302741
0.00533723
-0.00265868
-0.00363393
0.00141541
0.00505107
-0.0104305
-0.00298872
-0.00146759
-0.00400274
0.00275657
0.00215743
-0.00561457
0.00641202
-0.00242856
-0.0012919
-0.00269155
-0.00259289
-0.00473822
-0.00662636
-0.00668927
-0.0162487
0.00458127
-0.0124727
0.00736813
0.00052335
-0.0234982
-0.0022147
-0.0209804
-0.0190825
0.00706728
-0.00533563
0.00367086
0.00281699
0.00221539
0.00459831
0.00374595
-0.00511771
0.00784127
0.00177623
-0.00449975
0.000984563
0.00326859
-0.00282681
0.00266646
0.00117981
0.00160273
0.00325212
-0.00504595
0.000191112
0.00349959
0.000602315
-0.00676403
0.00731713
-0.00391422
-0.00190801
-0.00668675
-0.00827187
-0.00324141
0.0114057
0.000587479
-0.00406403
0.0123086
0.00652081
-0.0147654
0.00124966
-0.00375997
-0.000316486
-0.00029591
-0.00567679
0.00651617
0.00600138
0.0068931
-0.00245039
-0.000836837
-0.000647689
1.01132e-05
-0.00217524
0.00332358
0.00215283
-0.00809712
0.00259917
0.0033451
0.00466614
0.000167211
-0.00109036
-4.75127e-05
0.00097066
0.00548609
0.00077967
-0.00028489
-0.00163048
-0.00115624
-0.0026825
-0.00050936
-0.000601808
0.00289824
0.000330921
0.00346542
0.0038906
0.00202927
-0.0100173
-0.0108021
0.0187901
0.000118365
-0.00414691
0.00125776
-0.00458621
-0.00442084
0.00543614
0.00357097
0.00245234
0.00721622
0.00730243
-0.00594978
0.0106108
-0.00764975
-0.00320136
-0.000177932
0.00137127
-0.00273812
0.00154479
-0.00276235
0.004479
0.00117264
-0.0035024
-0.00214924
-0.000406467
0.00493593
-0.00234207
0.00110867
0.00442162
-0.000522039
-0.00500827
-0.00291486
0.00285839
0.000174665
-0.0025698
0.00198977
-0.00545966
0.00364454
0.00363562
0.000696338
-0.00305554
-7.48236e-05
-0.00586132
0.00633809
0.00421195
0.00314955
0.00365317
0.000896593
-0.00106747
0.00386503
-0.00401052
0.00400377
0.00467639
-0.000457979
-0.00332186
0.000269797
-0.00378324
0.00252374
-0.00135951
0.00126578
0.000673397
0.00193525
-0.00103049
0.00142149
0.00114685
-0.00211031
0.00198676
0.00258527
-0.000759963
-0.00113522
-0.00630322
0.00536487
-0.00448518
-7.05593e-05
-0.000386256
0.00494194
0.0020041
0.00274251
0.000160236
-0.0059208
0.00342374
0.00359542
0.0051148
-0.00594972
0.00564031
-0.0037759
0.00408525
0.00563284
-0.00720334
-0.00449476
0.00897678
-0.00743193
0.00453925
0.0103555
-0.000896495
-0.00377289
0.00160387
0.00606357
-0.00645931
0.00115743
0.000921103
0.00118014
-0.00974455
-0.00652389
-0.00120687
0.00865184
0.00092426
0.00147678
-0.00206113
0.0019572
-0.00467547
-0.00457633
-0.00557257
-0.000381007
0.00347513
0.00157398
-0.000475276
0.00122547
0.00347076
0.000715397
0.00151951
-0.00090597
-0.0013289
-0.000208695
-0.000471921
0.00135142
-0.00067084
-0.0039887
0.00020271
0.000897503
0.00093385
0.00109828
-0.00171621
0.00207316
-0.000695276
-0.00259886
-0.000907637
-0.00340355
0.00404911
0.0004657
-0.00122845
-0.00319091
0.00354862
0.00139419
-0.0032672
0.00470855
-0.00154723
-0.0050793
0.00291164
0.00560146
0.00734453
-0.00905059
-0.00389542
0.00106979
-0.00374798
-0.000512714
0.0061138
-0.0026157
0.00377173
0.00269176
-0.00269056
-0.00245368
0.00330679
6.08686e-05
-0.000913956
0.00119678
-0.00090794
-0.002326
0.00203717
0.00165992
-0.00181959
0.00731497
-0.00823563
0.000857122
0.00238145
0.00208769
0.00340094
-5.24282e-05
0.00317642
0.00037879
-0.00628706
0.00273185
-0.000348199
-0.00261738
0.000698226
0.00226736
-0.00462591
-0.00154735
-0.00433535
-0.00415046
-0.000690849
0.00529719
-0.00555595
0.0013477
-0.00299265
0.000671654
0.00151845
-0.00425134
0.00401363
0.000585628
-0.000347907
-0.00379002
0.000262697
0.00320616
0.00374962
0.000749575
0.000191798
0.00338968
0.00306371
-0.00142683
0.00741872
0.00243781
-0.00479375
0.00527584
0.000415825
0.000723742
0.00172969
-0.00569104
0.00729758
0.00931451
0.00341199
0.00224489
-0.00741552
-0.00615362
0.00427427
0.000251345
0.00716075
0.00739586
0.00158996
-0.00408672
-8.78262e-06
-0.00348608
-0.00135945
0.000896805
-0.000252163
-0.00225219
-0.00127977
0.00085253
0.000116012
-0.000662971
-0.00125052
0.00159327
-0.000698589
-0.00109325
-0.00117752
0.00149491
-0.00325778
0.000411541
0.00339283
3.7797e-05
-0.00308416
0.000340063
0.000139188
-0.00356341
7.28032e-05
0.00418626
0.00207227
-0.0023517
0.00116212
0.00230229
-0.00364808
0.00250318
0.0026649
-0.000808527
-0.0014384
0.00131027
-0.000906409
-0.00508224
0.0161335
-0.00411681
-0.00228183
-0.00639312
0.0127918
0.0110738
-0.000215427
-0.00951138
-0.000407048
0.011167
0.00572357
-0.010606
-7.22293e-05
-0.00742686
-0.000183203
0.013108
-0.000933779
0.00167444
-0.000582015
-0.000778459
-0.00116361
-0.0016239
0.000809875
0.000932895
0.000194133
0.00385027
0.00465374
0.004213
-0.0053043
0.00447688
-0.0013402
0.00365035
0.000817428
-0.000989756
0.00439636
-0.00235573
-0.00105083
-0.00105874
0.000939486
0.0015151
-0.00333166
0.000304858
0.00417638
0.00137071
-0.00376149
0.00277488
0.00178653
-0.00079996
-0.00274252
-0.000418168
-0.00188271
-0.00205003
0.00186729
-0.00256189
0.00665488
-0.000631104
0.00499295
-0.00364276
-0.00647715
0.00188896
-0.00120556
-0.0135573
0.00706166
0.00229446
-0.00256791
-0.0104308
-0.00104123
0.0157343
0.00747019
0.00682622
0.010942
-0.00379019
0.00223467
0.00304119
-0.00136183
0.0016921
0.00132737
-0.000975495
3.87446e-05
0.00308451
-0.00514633
0.00224629
0.00488683
-0.00432033
0.00387247
0.00327989
-0.00454689
0.00250809
0.00540608
0.00338471
0.00223203
-0.000478812
0.00314672
-2.72255e-06
-0.000512493
0.000229423
0.00320329
-0.00426803
0.00437481
0.000809749
-0.00210267
-0.00120425
0.000227206
-0.000270585
0.000862624
0.000418744
0.00385136
0.00685915
0.0041556
0.00179936
0.00123235
-5.53051e-05
-0.00120138
0.00872279
-0.00182682
0.00268559
-0.000792157
-6.66254e-05
0.00219181
-0.000548175
0.00903153
0.00312996
-0.00626833
0.00203737
0.002188
-0.00218253
-0.00224089
-0.00272972
-0.00813944
-0.00345959
0.00709137
0.00450767
0.00424017
0.00141898
0.00178889
-0.0100872
0.00151431
-0.009538
0.0054522
0.00264643
0.00158421
0.00513697
0.0021256
0.00191607
0.00535442
-0.00694469
-0.00278797
0.00744603
0.00675247
0.0034609
0.0052294
-0.0136875
0.00363494
-0.00910311
0.0133735
-0.0121808
0.0079104
0.00360702
0.0161778
-0.0150495
-0.00556436
0.00636996
0.0142439
-0.0135106
0.0104746
-0.00633982
0.00937581
-0.0036044
0.0120066
-0.0014344
-0.0069678
-0.0131818
0.012857
-0.00142209
0.00637558
-0.00667977
-0.00396475
0.0126497
0.0155516
-0.00089406
0.00989325
0.00499178
-0.00476293
0.014688
0.0125636
0.0157033
-0.00873388
-0.00181034
-0.00895429
0.00951788
0.00595552
-0.0144645
-0.00100887
0.00608939
0.0165113
0.00144463
-0.0100846
0.0121512
-0.00588393
0.00688857
0.00128812
-0.00890743
0.00698173
-0.00124294
0.00907097
-0.00597673
-0.00290755
0.000968748
-0.00303619
0.0039061
-0.0022903
0.000102693
0.00262494
0.00115636
0.0111507
-0.00506811
0.0129778
-0.00492993
-0.00470101
0.0164485
0.0165504
-0.00748724
0.0119975
-0.00134995
0.00268144
0.00311981
0.00153125
-0.00380654
-0.00392498
-0.00311791
-0.000695351
0.00145549
-0.00111846
-0.0133172
-0.000243857
-0.0186418
0.00949729
0.00695236
0.00219219
0.00217426
0.0159902
0.00612722
-0.0150468
0.0125545
0.0148557
-0.0112938
-0.00153936
0.00213944
0.0106937
0.0091095
0.0106655
-0.0149734
-0.00480161
0.00431968
-0.00689504
-0.00656391
-0.00959791
0.0047561
0.00942969
0.00565303
-0.00068316
-0.00528674
0.00647317
0.00437357
0.0106032
-0.000163236
0.00932195
-0.000488748
0.00317617
0.0128641
0.00319347
-0.00302492
0.00194871
0.00110949
-6.76455e-05
-0.00299055
-0.000892875
0.000808163
-0.00113235
-0.00325761
-0.00101353
-0.00144544
-0.00214663
0.00165936
-0.00191321
-0.00184625
0.00213092
-3.35731e-05
0.00232759
0.000134655
-0.00137969
-0.00108255
0.0121527
-0.00313143
-0.00818896
0.0160212
0.005459
0.0109113
-0.00472808
0.000607413
0.00451504
-0.000273127
0.0069144
0.00714227
-0.00319896
-0.00245203
-0.00190598
-0.000912526
0.000944145
0.000439468
0.000179899
0.00157667
-6.53029e-05
0.00272806
-0.000769473
-0.00278925
0.00270294
0.000617649
0.00154353
0.000693135
0.0027393
0.00235543
0.00251637
-0.00307014
-0.00216995
0.00204498
-0.00330471
-0.00862899
0.00653248
-0.00405322
-0.0159327
0.0198584
0.0129427
-0.0105333
-0.00449757
0.0103542
-0.0132221
-0.00532098
-0.00332119
-0.00285762
-0.00110564
0.00133194
-0.00273611
0.00341665
-0.000164163
-0.00087786
0.00331413
-0.00414187
-0.00020313
0.00474737
-0.000402347
0.00248126
0.00514514
-0.00192219
-0.00312462
0.0027262
0.000873508
-0.000475089
-0.00210342
0.000896805
0.000472243
-0.00197975
0.00286349
-0.00135599
0.002722
0.000354083
0.00368695
-0.000356015
0.000773788
0.00166771
0.000792369
0.00075289
0.00188868
-0.00209015
0.00313358
-0.000824065
-0.00398012
-0.00283685
0.000456604
0.000443658
-0.000745229
-0.0027995
0.00141487
-0.00227803
-0.00184016
0.00276891
-0.000409571
-0.00180586
-0.000745823
0.00301544
-0.000477191
0.000150953
0.00227447
-0.00481498
0.00213389
0.00354652
-0.00638812
0.00255895
-0.00673078
-0.0023738
0.00481807
-0.00180855
0.00317635
0.00136617
-0.00518138
0.00224279
0.00177056
-1.86062e-05
0.000152993
-0.00317424
-0.00200823
0.00132413
0.00184999
0.00121431
0.000327248
-0.00207121
-0.00129009
0.000474967
-0.000505734
0.000169847
-0.00499848
-0.00754895
0.0022609
0.000652547
-0.000373247
-0.00351123
0.00231505
0.0031067
-0.00191045
0.00202751
5.63361e-05
0.00380475
-0.00507161
0.00121053
-0.00413228
0.00142547
-0.00273955
0.00193632
0.00618457
0.0038936
0.0024778
-0.0013555
-0.00304995
-0.00410606
0.00139116
0.00135913
0.00517335
0.000950108
0.00265771
-0.00262327
-0.00248876
0.00085542
0.00681889
-0.000860539
-0.0068138
-0.00292697
0.00537544
-0.000143389
-0.00230511
-0.00806252
-0.004665
-0.00363294
-0.00326123
-0.00307161
0.00136326
-0.00197734
0.00176092
-0.00187389
-0.00209963
0.00522617
-0.00241781
0.00357995
0.00236178
0.00386533
-0.00292073
-0.000627213
0.00590974
0.00288005
-0.00348317
-0.0039335
0.00159702
0.000149148
0.00558873
0.00273776
0.00280034
0.00210066
-0.0049608
5.98259e-05
-0.00096285
-0.00526961
0.00620154
-0.00345115
0.000162032
0.000262082
0.00105963
-0.000683276
0.00217983
-0.00124919
-0.00197949
-0.00143007
0.0029972
-0.00325203
0.0017001
0.000631081
0.00187871
0.000210012
0.000127101
0.00126476
0.000478192
-0.00575159
0.00397145
-0.00589324
-0.00125655
0.00565111
0.00390886
0.00254049
-0.00317035
0.00234828
-0.0027688
-0.00347708
-0.00108975
0.00509105
-0.00418374
0.00248561
0.00515976
-0.000689458
0.00235365
0.00269075
0.00324446
-0.000356068
-0.002772
-0.00337634
0.00237392
0.0037744
-0.00574048
0.00307816
0.00842496
0.00190981
-0.00742854
-0.00702718
0.0027361
0.0010344
0.00299775
2.88095e-05
-0.00108943
0.00185721
0.00211963
-0.000322618
-0.00579911
0.000816713
0.00462632
-0.000192997
-0.000869404
-0.00262221
-0.00357377
0.00405845
-0.00241971
0.00271708
-0.00367512
0.000388565
0.00457758
-0.00215003
-0.000316
-0.00150383
0.00131463
-0.00100445
0.00131411
-0.000129507
-0.00215746
0.00302197
0.00220127
0.000287373
-0.00132068
-0.000882698
0.00404505
0.00231045
0.00869587
0.00498595
-0.00213743
-0.0020753
0.000281109
-0.00505337
-0.00315585
-0.000481112
0.00612127
-0.0061201
0.00123118
0.0009855
0.00374933
0.00438233
0.00882681
0.00715319
-0.00128891
0.00158196
0.0016232
0.000888879
-0.00176261
0.00267142
-0.00163305
-0.0018266
-0.00128379
-0.000305456
0.00341585
0.00604281
-0.00140299
-0.0056754
0.00315655
0.00454061
-0.00165991
0.00223057
-0.00342773
-6.27258e-05
0.00125986
-0.00217821
-0.00181196
0.00432641
0.000674225
-0.0033839
-0.000136015
-0.00225992
-0.000815136
-0.00323745
-0.0011195
-0.00471626
0.00207445
-0.00254137
0.00227921
0.00181101
-0.000177561
0.00245106
-0.00307871
0.00170972
0.00160217
0.00456851
0.001338
0.000848404
0.00214534
0.000267393
0.000212214
0.000143766
-0.00290496
-0.00200749
0.0047687
0.00218306
0.00690782
0.00405373
0.0027403
-0.00212606
0.00126575
-0.0122459
0.00465023
-0.0186693
-0.0174089
-0.000192268
0.0221309
-0.0227767
-0.0124744
-5.00898e-05
-0.0170651
0.0182825
-0.0413066
-0.010273
0.000163101
-0.0109224
0.0105998
-7.85377e-05
0.000255605
-0.00433284
-0.000184347
-0.00456688
-0.00500886
-0.00406664
-0.000170959
0.00357607
-0.00181086
-0.00456777
-0.00258867
-0.000160184
0.000602232
-0.00384005
0.00229994
-0.00259779
-0.00330137
-0.00240327
-0.00232781
-0.0045573
-0.00370265
0.00184943
-0.00328178
-0.00349797
0.00493032
0.00149752
0.00550478
-0.00795547
0.00180496
0.00664237
-0.000491866
0.00618296
-0.00431108
0.00577787
-0.0216907
0.00360012
0.00563675
-0.0109225
0.00448517
-0.000131375
0.0107966
-0.0186035
-0.00576529
0.0037642
-0.00256575
-0.00498093
-0.0152209
0.00665201
-0.00262073
-0.002762
0.00146772
0.00247832
-0.00241719
0.00109154
0.00066475
-0.000613222
0.000235061
0.00335295
-0.00278673
0.00169939
0.00249039
-0.000683888
-0.00244403
0.00442955
0.00417384
-0.00228186
-0.00268481
0.00102153
0.00394519
0.00159125
0.0052054
-0.00224919
0.00357887
-0.00249844
0.00116878
-0.00351706
-0.000371071
0.0058285
-0.00235181
0.00335406
-0.00073958
-0.000262623
0.000681208
0.00394834
-0.00501915
0.000826329
0.00272603
0.00145142
0.00431309
-0.00189203
0.00025894
0.00250421
0.00118207
0.00342322
0.0029013
0.00143297
-0.00206952
0.00385046
0.00170895
9.81237e-05
-0.00182257
0.00561134
0.00367325
-0.00165687
-0.000783682
-0.00299003
-0.00243976
-0.00209018
-0.00219846
-0.00196913
-0.00150781
0.00516745
0.00423353
-0.00485102
-0.00296799
-0.00164534
7.33164e-05
0.0012346
-0.00398215
-0.000220448
-0.00106248
0.0028088
-0.000429697
0.00635449
-0.00125476
0.000317542
0.00384322
-0.00476382
0.00158374
-0.00297453
0.00615459
0.00327136
0.00375579
0.000989762
0.00277745
0.00579661
-0.0023433
-6.14018e-05
0.00180721
-0.00561671
0.00349284
-0.00208158
0.000354969
-0.004838
0.00389233
0.000772977
-0.000220678
0.000247278
-0.00420809
0.0041815
-0.00605059
0.00276093
-0.00336097
0.00241906
-0.00483559
-0.00329858
0.00112499
0.00487248
0.00135802
-0.00403755
-0.00186697
-0.00596067
0.00408107
0.00308104
-0.00150753
-0.00161931
4.58091e-05
0.000430224
0.00266992
-0.00406298
-0.00267867
-0.00292665
0.00217307
0.00260546
0.00358954
0.00258012
-0.00192321
0.00530461
-0.0047782
0.0089674
-0.00884895
0.00330992
-0.00316929
0.00870823
-0.00129367
5.9444e-05
-0.00132874
-0.00113926
0.00345283
-0.0029064
0.00429148
-0.00618603
-0.000482061
0.00237661
0.00484586
-0.00707038
-0.00220825
-0.00262743
0.00271534
-0.00167561
0.00500232
-0.00246299
-0.00375162
-0.000635777
-0.000139672
0.00030881
-0.000337058
0.0038291
-0.00866225
0.00586301
0.00657506
0.000938152
0.00468322
-0.00700301
-0.00393365
0.00911406
0.00693404
0.00482213
0.000224036
0.00568138
0.00323575
-0.01492
0.00600288
0.00970313
-0.00734185
0.000921456
0.0121048
-0.00223604
0.00229689
-0.00249484
-0.00326497
0.000529357
0.00105395
0.00201291
0.00295413
-0.00213622
0.001612
-0.00242991
0.00299923
-0.00222246
-0.00158004
0.00345849
-0.00583584
0.00319607
-0.00478169
-0.00227826
0.00386388
0.00545094
-0.000679091
0.00519298
-0.00407759
0.000991353
0.00155883
-0.00327391
0.000723728
-0.00569354
0.00526446
0.0131991
0.00747924
-0.00743052
0.0143948
0.00117108
0.0143833
0.013749
0.0154887
-0.00414929
-0.00777949
-0.000675854
-0.00491757
-0.00549954
-0.000908314
-0.00353755
0.0092891
0.011291
-0.00443867
-0.00755697
-0.0236267
-0.0123889
-0.00142159
-0.00981619
-0.0198153
-0.0112595
-0.00663583
-0.0130584
0.0155192
-0.0293506
0.00376832
-0.00521849
0.0018808
-0.00216885
-0.00480937
-0.00740627
0.00602175
0.000752954
-0.00120501
-0.00370092
0.00505002
-0.00311283
-0.00234519
0.00191903
-0.000259287
-0.00212571
0.00034762
-0.00204603
-0.00139895
-0.000335235
0.000163672
-0.00338563
-0.00610273
0.0107457
0.00765447
0.00367219
-0.0033245
-0.0134012
0.0101785
0.00654723
-0.00465097
-0.00580889
-0.00161962
0.00708859
0.00325611
0.00237817
0.00104714
0.00250386
-0.000398321
0.000211672
-0.00164646
0.00214847
0.000280035
0.00147378
0.000651416
-0.00120075
0.00341049
-0.000919703
0.00520017
-0.00311611
0.00141947
0.00507424
0.00146686
-0.00119077
0.00433812
-0.00249676
0.00126194
0.000733641
-0.00190572
-0.00219857
-0.00186988
0.000405856
0.00148175
-0.00158843
-0.000541553
0.000272011
0.000783978
-0.00142411
-0.000429436
-0.000104647
-4.83296e-06
0.00150178
0.00176276
0.0014687
0.00100843
-0.00169278
0.00176905
0.00119418
-0.00120048
-0.0016837
0.000759982
0.00122273
0.007421
0.0001951
0.00254937
-0.00539542
0.0058779
-0.00303185
0.00188296
-0.00267471
0.00287463
0.000786685
0.00134779
0.00316026
-0.00502455
-0.00237403
0.00423834
0.00275633
-0.00375943
-0.00286649
0.00642143
0.00698728
-0.000770073
-0.00704719
0.0013061
0.00392151
0.00344969
-0.00231106
-0.0018659
0.00328642
0.000174612
0.00325221
0.00388822
-0.00312794
0.00128487
0.00359223
-0.00445619
-0.00301626
-0.00674825
-0.000923907
-0.00171256
-0.00246424
0.00276426
-0.000784168
-0.000633531
-0.000241749
-0.000993891
-0.00185778
0.00217658
0.00161169
0.00927151
0.00412557
-0.00324512
-0.00294351
-0.00404095
-0.00430794
0.0112924
0.00929686
-0.00141563
0.00611385
-0.00168558
0.00617498
0.0051397
-0.00895249
0.0115104
0.00517601
0.0101672
-0.00196969
-0.0200071
0.00315112
0.0118663
-0.0121072
0.00477563
0.00233159
0.00553307
0.00570427
0.00364823
0.00484347
0.00351999
-0.013617
0.0116113
0.0129655
-0.00446444
0.00490798
-0.00271454
-0.00679344
0.000345579
-0.000687801
-0.000584701
0.00236863
0.00968548
-0.00272382
0.00423753
-0.0047401
0.00322639
0.00465991
0.00359997
-0.0100987
-0.00417362
0.00980792
0.00887112
0.00261932
0.00359893
-0.00123261
-0.0027731
0.000855027
-0.00869784
0.00509577
0.00507169
0.00405437
0.00593621
0.00132023
0.0116713
0.00236211
-0.00880316
0.0100682
0.00144393
0.0130763
-0.0019921
-0.00964023
-0.00652388
-0.00174441
0.0139948
-0.0106775
-0.00272805
-0.00191788
0.00502492
-0.00333864
0.00485111
0.00403338
0.00447272
0.0042441
0.00852317
-0.00349218
0.0116458
0.00016331
-0.00831692
0.00357086
-0.00330188
0.00197632
-0.000698287
-0.000693543
-0.00172993
-0.000126155
-0.000445717
0.0051304
0.000703267
0.00219667
0.00379471
-0.0030871
0.00289313
-0.0016861
0.000130921
0.00447486
-0.000450061
0.00211131
0.00286121
0.00203354
-0.0022151
0.000545887
-0.00232944
0.0023745
-0.0045005
-0.0105041
0.0155149
-0.000510266
-0.0105329
0.00909389
-0.0141579
-0.0130054
0.00370118
0.00150691
0.00485873
0.000788517
0.00635409
-0.000510529
-0.00330121
-0.00280985
0.000923091
-0.000157644
0.00392749
-0.00307351
-0.00354709
0.00595709
0.00317218
-0.00399767
-0.00223484
-0.00553273
-0.00131646
0.00195865
0.00866115
-0.0029891
-0.0008204
0.00168399
-0.00158912
0.000246079
0.0027305
0.000643004
0.00056289
-0.00144458
-0.000218209
0.00190888
-0.00193603
0.00140001
-0.00105309
0.00268202
-0.00044586
0.001701
0.000208732
-0.00129814
-0.00061157
-0.00134426
-0.00173803
-0.00272743
0.0020495
-0.000163901
0.00568414
-0.00814543
0.00809808
-0.00210271
-0.00394429
0.0023437
-0.00525823
0.00110116
-0.00298742
0.00824204
-0.00735734
-0.00757237
0.00256393
0.00409272
-0.000422473
0.00709446
0.00355232
-0.00222528
-0.00889939
-0.00120051
0.00611932
0.000201853
0.00446761
-0.00629227
-0.000745563
0.0006365
-0.00366733
-0.00429904
0.00735231
0.00357189
-0.00662515
0.00149528
0.00384156
-0.00312752
-0.00220932
0.00145331
-0.0015802
-0.00210436
0.00247021
-0.00161829
-0.00280555
0.000336314
0.00240776
-0.00290184
2.35528e-05
-0.00150491
0.000392756
-0.00405761
0.00405959
-0.000735011
0.000733
-0.000891019
-0.00147496
-0.00119858
-0.00221551
-0.00848603
-0.00561052
0.00434624
-0.000212936
-0.00227056
0.00121928
0.00243835
-4.77622e-06
0.00675189
0.00281167
-0.00347536
-0.000627054
0.00235607
-0.00496062
-0.00303041
-0.0047201
-0.00220692
-0.00167155
-0.0097255
0.002191
0.00430586
-0.00951449
-0.00385086
-0.00283645
0.000804935
0.00238127
-0.00527404
-0.00266183
0.000333879
-0.00313171
0.00409112
-0.00660317
-0.00264615
-0.000170836
-0.00271575
-0.00603022
-0.00441295
0.00454164
0.00146024
-0.00132947
-0.00290762
-9.82509e-05
-0.00110627
0.00127528
-0.00336019
-0.00112451
-0.00354019
0.00259316
-0.00387445
-0.00279764
-0.00081431
0.00378123
-0.00178313
-0.00118379
-0.00180295
0.00382459
-0.00283594
0.00120025
-0.00357639
-0.00141218
0.00012848
0.004108
-0.00435865
-0.00186219
-0.00164139
0.00585917
0.00118832
-0.00100036
-0.00190067
0.00733059
-0.00208375
0.00189166
-0.00314492
0.00333703
0.000462769
0.00310127
0.00428308
-0.0028884
0.00488199
0.000238442
0.0023542
0.00326102
0.0022595
0.00194784
-0.00635172
0.00476749
-0.000363655
-0.00225341
-0.00191541
-0.00210776
0.000711679
-0.00431379
-0.00449851
-0.000717795
-0.00108692
0.00152995
-0.000293081
0.010248
-0.000247527
-0.00667133
0.000814689
0.00610421
0.00759628
-0.00359877
0.00017973
-0.00281007
-0.00352959
0.00615996
-0.00121411
0.00289288
0.00312762
-0.00704526
0.00441163
-0.00797892
-0.0113211
-0.0130811
0.00241194
0.000549756
-0.00210598
-0.000855774
-0.00127691
-0.0103329
-0.00483266
-0.0032698
-0.0050338
0.000137278
0.00318559
-0.00362052
-0.00267369
-0.000562432
0.00324686
-1.07394e-05
-0.00425963
0.00292462
-0.00086095
-0.000776042
0.00490544
-0.00164546
-0.00248393
-0.00306605
-0.00297386
-9.50699e-05
-0.00118241
0.00186804
-0.00285131
-0.00215025
0.00148806
0.00129041
-0.00462232
0.00184416
-0.000206461
-0.00201258
-0.00238405
0.000136022
-0.00156594
0.00238106
0.000274308
-0.002338
-0.00122197
0.00025098
-0.00111623
-0.000882146
-0.00229197
0.000641745
0.000292201
0.00116086
-0.00123393
-0.00384756
0.000917555
0.00434359
-0.00072549
-0.000166943
0.00118463
-0.00274566
0.000787993
-0.00222195
-0.000383319
0.0018173
0.00229413
-1.28439e-05
0.000740313
0.00161721
-0.0018316
0.000658975
-0.00027285
-0.00125783
0.00104245
0.000488244
-0.000231461
-0.00195993
-3.07231e-05
-0.000785898
-0.000940785
0.00488523
0.000390201
0.000271269
-0.000418385
0.0011359
-0.000988819
0.0054552
-0.00168278
0.00559392
-0.00116804
-0.000724261
-0.00157937
0.00180109
0.00564901
0.0017277
0.00498367
-0.00460805
-0.00252956
0.000281764
-0.00043277
0.00268058
0.0188416
-0.0040519
-0.00840341
-0.00638626
-0.0232321
0.00231908
-0.0048342
0.00734061
-0.0033718
-0.00413379
0.00275467
0.00380636
0.00329232
-0.00658023
-0.0110921
0.0014962
-0.00707989
0.00672038
0.00688386
0.00235638
-0.00318178
-0.0105503
0.00768813
0.00604396
-0.0132997
-0.00868743
-0.0219314
-0.00342428
-0.0184125
0.0121862
0.00965059
-0.013862
0.0117493
-0.00281801
-0.0064758
0.0147096
-0.0054158
-0.0123943
-0.00840691
-0.00878084
-0.0137455
0.0186836
0.00384278
-0.00533758
-0.0184424
0.00699251
-0.000711246
-0.00380345
-0.00120013
0.00599786
-0.00256306
-0.000854298
0.00270921
-0.0045575
0.00270259
-0.00430491
0.00469509
-0.00245092
0.000788174
-0.00188631
-0.00241647
0.00224619
-0.000695326
-0.00536462
0.00468324
0.0081474
-0.00746599
0.00367519
-0.00140832
0.000805593
0.00282664
-0.00343038
0.00523916
-0.00209747
-0.00216706
-0.0040822
-0.000935188
-0.00282296
-0.00586085
-0.00112896
-0.000661343
-0.00384916
0.00196539
-0.000271064
0.00152399
-0.00321831
-0.00213006
-0.00439605
-0.00263349
0.00172181
0.000543383
0.000368295
-0.00201259
0.000903543
0.00212574
-5.97816e-05
0.00197646
-0.00404243
0.000686158
-0.00278525
0.00101457
-0.00251596
-0.0049891
0.0052718
0.00223326
-0.000646417
0.000424179
-0.0019675
0.000736622
0.00269005
-0.00146455
-0.00164371
-0.00138704
-0.00125428
0.000395039
0.00224628
0.00168581
0.00214847
-0.00480059
0.000966313
-0.0016532
0.00129821
-0.000701542
0.000198572
-0.000761934
0.00270149
-0.00354372
-0.00139585
0.00305853
-0.00234396
-0.000494522
0.0026165
-0.00254292
0.00254475
-0.000903667
0.000901834
-0.00015864
-0.00022141
0.000965534
-0.0044355
0.00316429
-0.00116023
-0.000116515
0.00410389
-0.00835715
0.00586359
0.00158532
-0.00497127
-0.000989526
0.00226406
0.00261797
-0.00389251
-0.00430427
-0.00269753
0.00461909
0.00297475
0.000435027
0.00283083
0.00477899
-0.00786607
-0.000371249
-0.00359249
0.00112435
-0.00339379
0.00306755
0.00794751
-0.00680028
-0.00227899
0.00123229
0.000171973
0.00145888
2.77648e-05
-0.001011
0.000875156
0.00336422
-0.000733247
-0.00087133
0.000169749
-0.00228265
0.00298424
0.00373423
0.00104825
-0.00296588
-0.00181661
0.00561018
0.00434546
-0.00129449
0.00831242
0.00456787
-0.00968815
-0.00259845
-0.00467742
0.00634409
-0.00102566
0.0102115
-0.00953845
0.00471573
0.013021
-0.0170204
-0.00121373
-0.00483219
0.00684474
0.00114342
0.00615694
-0.00308074
0.00509476
-0.00691445
0.00490037
-0.000268154
0.00469392
0.00058539
-0.00304805
-0.000292998
0.00263098
0.000948666
-0.00328665
0.00275787
-0.0021601
-0.00256528
-0.00314988
0.00264634
0.000524857
-0.000626606
0.00410744
-0.00400566
0.0022948
-0.00205806
0.000259458
0.00115268
-0.0036658
0.00245697
0.000915828
0.00013939
-0.00291677
-0.00218625
0.00328726
-0.00143474
8.53887e-05
0.000513887
0.00169552
-0.0016786
-0.000924391
0.00314817
-0.00205403
0.000253677
0.00262815
-0.000151937
-0.00222253
-0.00107105
0.0028681
-0.00163268
0.00244605
-0.000173911
-0.000476314
-0.00186399
-0.000138965
-0.00190147
0.000669517
0.00172542
-0.000493472
-0.0018623
-0.0029836
-0.0012135
-0.00103296
0.00223828
8.17746e-06
-0.00315564
0.000618281
0.00186997
0.000484882
-0.00297314
0.000135598
0.00169259
-0.00395824
0.000101628
0.00416851
-0.00174997
-0.00229965
-0.00169206
0.00250676
-0.000557919
0.00176036
0.000164466
0.00263813
-0.00218494
-0.000875851
-0.00185289
0.00403378
-0.000516919
-0.000705179
-0.00260167
-0.000785691
0.00163764
-0.00113837
0.000911213
-0.0052704
0.00241954
0.00193964
-0.000539486
0.00421542
-0.00195108
0.00306955
0.00150694
0.00097534
0.000586908
-0.00276164
0.00122324
-0.00522746
0.00155992
-0.00229982
0.000549525
-0.00239014
0.00163064
-0.00137537
-0.00408221
0.000485234
-0.00146796
0.00202641
-0.00335713
-0.00520987
-0.00361004
0.000805156
0.00253613
0.00199715
-0.000878888
-0.000718894
-0.000399368
0.000709672
-0.00275391
-0.000534633
-0.000620028
0.00228709
0.00135401
-0.00321726
-0.000441707
0.000172494
0.0034865
0.00164005
-0.00308187
-0.000225685
-0.00199964
0.000452444
0.00263038
-0.0053607
-0.00683573
0.00422242
-0.0072655
-0.000193865
-0.00335128
0.00187269
0.00167255
-0.00187154
0.00207536
0.0019925
-0.00315893
0.001612
0.000149393
0.000305965
-0.0028556
0.000294254
0.00204001
-0.00278263
-0.000155041
0.000897662
0.00349171
0.00185618
-0.00330789
0.000978798
0.00175813
-0.00397335
0.00123642
-0.00131538
-0.000130326
0.00294099
-0.000753069
0.00627456
-0.00272004
0.00328909
-0.0019408
0.0032713
0.00499152
-0.00198828
0.00162879
0.00399157
-0.00234909
-0.00366859
0.00658074
-0.000617689
-0.00535984
-0.00691139
0.00358931
-0.00433281
0.0242081
-0.0186761
-0.00567917
0.000147217
0.00286085
0.00409844
0.0053505
-0.00657335
0.00257212
0.00125789
0.00274335
0.00134749
-0.00398608
-0.00393476
0.00481918
-0.00171791
0.00254089
0.000980228
-0.000703282
-0.00281782
-0.00709793
0.00519974
-0.00500864
0.0118441
-0.0163542
-0.0139024
0.0179657
0.00381231
0.00343958
0.00153146
-0.00446699
-0.000504051
1.49629e-05
0.000795083
0.00350052
0.00150286
-0.00408755
0.00496561
-0.00350802
-0.000501308
0.0027717
0.000187072
8.8514e-05
-0.00218338
0.00137399
-0.00189311
-0.00371682
-0.000482657
-0.000660631
0.00333469
-0.00224367
-0.00113759
4.65734e-05
-0.00175327
-0.000844308
-0.00170947
0.000381762
0.00220723
-0.000227505
-0.00229533
-0.00298792
0.00338144
0.000877924
-0.00105002
-0.00576507
0.00299936
0.000397807
0.00236791
0.00228741
0.000469804
-0.00484418
-0.000297437
-0.00283494
0.00218254
0.00182105
-0.0040052
0.00159195
0.00214219
-0.000693672
0.00133021
-0.0027409
-0.0101645
-0.0119707
0.0202677
-0.0056733
-0.0147047
0.0197995
-0.037413
0.00318846
0.00521296
-0.00637538
0.00300709
0.00447811
0.00232426
0.00355456
-0.00135585
-0.000422849
-0.00430154
-0.00397719
-0.00335589
0.00691024
0.00622004
-0.00591008
0.00318786
0.00235097
-0.00327495
0.00401696
-0.00232205
-0.00658438
0.00271599
0.00185004
-0.00232547
-0.00670226
0.0031736
0.0062184
-0.00268974
-0.000799847
0.00437425
-0.00497109
0.00337616
-0.000165691
-0.0022618
-0.000295657
0.00141711
-0.00517262
0.000441536
0.000841669
-0.0027867
-0.00322759
0.00464612
-0.000334336
-0.00361421
-0.000697571
-0.00111812
0.00012576
-0.000663166
-0.00269758
0.00175991
0.00173258
0.000735612
0.000866494
0.00471787
-0.00307399
0.00129427
-0.00293814
-0.00104963
0.0010614
0.000878618
0.00247737
-0.00147848
-0.00460946
0.00299596
-0.00147292
-0.002233
-0.00105118
0.00206511
0.00149286
-0.00121435
0.0038033
-0.00428102
-0.00965384
0.0203045
-0.00653357
0.0156168
-0.00101099
-0.00140833
0.0140345
0.00131077
0.00128788
0.0104776
0.0074357
0.0141929
-0.00199817
0.00353956
-0.00579943
0.010768
-0.00657824
0.0141841
0.00973661
0.00830768
0.0122888
0.0164894
0.00186418
0.0147214
-0.0105742
-0.00470613
0.00703206
0.0116339
-0.00942944
0.0160841
0.00382001
-0.00905304
0.00642111
0.00911694
-0.00345027
0.00550162
0.00880245
-0.0233624
0.00380156
0.0107584
0.0114966
0.00880912
-0.00553342
0.00343539
0.0137879
0.00409224
0.00426171
-0.00326794
0.00158781
0.00242451
-0.000564747
0.00384347
0.000649594
-0.00392833
-0.00363332
0.00478441
0.00286779
-0.000709125
0.00102869
-0.00318734
-0.0078305
-0.00454302
0.000758649
0.0116149
-0.000947168
-0.00067724
-0.010238
0.0151517
0.00121348
0.0100613
0.000207277
0.00612873
-0.00446228
-0.00130812
0.00476884
0.00100158
0.00111108
0.00177775
0.00146881
0.00485169
-0.00635246
-0.00153583
0.00352963
0.0036905
-0.00158745
-0.00439379
-0.00218088
-0.00181772
0.0021732
-0.00581714
0.00404399
-0.000400053
-0.00237863
0.00336006
-0.00136343
0.00244606
-0.00066751
-0.00361112
-0.00324751
0.00478086
0.0020778
0.000573477
-0.00321013
-3.57533e-05
0.00210379
0.00132478
0.000869693
-0.00104913
0.00212983
-0.00250297
-0.00416489
-0.00208662
-0.000208693
0.00646026
0.00172661
0.00679999
0.00313597
-0.00441832
-0.00205207
0.00333443
0.00180969
-0.00496105
0.00628733
0.00632352
-0.00460788
9.40502e-05
0.00187761
0.0020213
-0.000807124
0.00104833
-0.000789802
0.000837135
0.00303303
-0.00108217
-0.00269157
-0.000746105
0.0018508
-0.00114518
4.04769e-05
0.00381108
0.00299455
0.00502376
0.000890958
-0.0025911
0.00183452
0.00379279
-0.0032836
0.00578883
0.00528652
-0.00342267
0.00168846
0.000782725
-0.00174577
-0.00457354
0.000338911
-0.00130949
-0.00140259
0.00266981
0.00170288
-0.00327467
-0.000801973
0.00193333
-0.00233195
0.00207981
0.000439211
-0.00621881
-0.000753147
0.00332096
0.00365101
0.000452252
0.00136246
-0.00361803
9.54781e-05
-0.00119778
-0.000913753
-0.00022042
0.00574526
-0.00520122
0.00138827
0.000760621
0.00380819
0.00272342
-0.00241436
-0.000997022
0.000484862
0.00323558
-0.00340182
0.00250758
-0.000492798
0.00193745
-0.00637772
0.000136008
-0.00029565
0.00205478
-0.00313978
0.00261253
-0.002697
-9.28785e-05
0.000177352
0.00182546
-0.000365735
0.000148009
-0.00160773
0.00468207
-0.000679035
-0.00288958
-0.00111346
-0.000517674
0.00218387
0.000679904
-0.00419671
-0.00391167
0.00234331
0.000206217
4.27586e-05
0.00271798
-4.54023e-05
-0.00267377
1.19928e-06
-0.000858753
-0.00236334
0.00112905
-0.00255561
0.00240296
0.000537093
-0.00266875
0.000816277
0.00486389
-0.0041267
0.00248299
-0.00322017
0.00181661
0.000359956
-0.00170228
-0.0023472
0.00237564
-0.000296461
-0.00254006
-0.00245764
0.000349327
0.00231454
0.00216838
1.73933e-05
-0.00214301
0.00092267
-0.00163468
-0.00204205
-0.000777105
-0.000370416
-0.000309969
0.00145751
0.000771538
-0.0012797
0.000318557
-0.00162422
-0.000563097
0.00168327
-0.00111003
0.00253997
-0.00314146
-0.000714153
0.00133533
0.000150371
0.00376288
0.00213347
0.00295309
-0.00691581
0.00208546
0.000566063
0.00115999
-0.00184384
0.00172781
-0.000188326
0.00149078
0.000783004
0.00098681
-0.00176876
0.000441182
0.000835534
0.000819483
-0.000323153
0.000521878
-0.000577315
0.000378565
0.00647541
-0.00273675
-0.00301286
-0.000725832
7.9953e-05
0.00214477
-0.000863179
-0.00136155
-0.00050327
0.00101533
5.86935e-05
-0.00057076
-0.00105752
-0.000435663
0.00155709
0.00312576
-0.00131902
-0.00172678
0.000623372
-0.00290525
0.00169152
0.000590359
0.000689998
-0.00041852
-0.00108667
0.000815181
0.00216062
-0.00136179
-0.000963472
0.00016463
0.00189967
0.00113005
-0.0019043
0.00151946
0.000846028
-0.00129061
-0.000126713
-0.000301718
0.000578654
0.000452996
0.00032156
-0.000400218
0.000495013
8.92831e-06
-0.00115312
0.00101624
-0.00389249
-0.00153164
0.00556822
-0.000144109
-0.000248393
7.5419e-05
-0.000137003
-0.0001868
0.00124959
0.00088384
0.000989155
-0.000280341
4.92084e-05
0.000909972
0.000311928
-0.000119951
0.000627486
0.000967126
5.1925e-05
0.00148163
0.000111608
-0.00134224
-0.000905497
-4.55523e-06
8.41129e-05
0.000236784
-0.00130644
0.000175171
-0.00103729
-0.000106164
-0.000384623
0.000434607
0.0025168
-0.00253512
-0.00153382
0.00222352
0.000202534
0.00378253
-0.0021538
-5.79926e-05
-0.00108599
0.001009
-0.00181256
0.00167871
0.0033002
0.000178283
0.00342252
-0.00156691
-0.00120334
-0.00216491
0.00252966
-0.000360558
-0.000669
-0.0015001
-0.00153862
-0.000295875
-0.000325658
-0.000103972
-0.000410394
0.000314339
0.000367343
0.00108077
-0.000835202
-0.000541453
-0.000544399
0.000163574
0.00107522
-0.000672903
-0.000820611
0.000418336
0.00116898
-0.000712036
-0.000858
0.00114836
0.000878626
5.32735e-05
-0.00117569
-0.0012642
0.00267857
0.00158173
0.00027534
0.00118394
-0.000532753
-0.000664033
0.000655115
-0.00244296
0.000642008
-0.000738425
-0.00110692
4.31686e-05
-0.00177942
0.00156606
-0.00205347
0.00110598
0.00111369
-0.000166187
0.000506274
-8.01756e-05
0.00314553
0.00135644
-0.00144302
0.00367742
-0.00276857
-0.00218114
0.0012723
0.00330451
0.00118967
-0.000402088
0.000492832
0.00358669
0.000786611
0.00332342
-0.000122256
-0.00137994
0.000741435
0.000760789
0.00721561
-0.00116715
-0.000414045
-0.00197309
0.00234974
3.7402e-05
0.000285196
-0.00562633
0.00269717
0.00789093
0.00469005
0.00572096
-0.00222818
0.000583299
0.000595757
-0.00223067
0.00208442
-0.00220203
0.00234829
0.00116282
0.00183671
0.00338479
-0.00281902
0.00668413
-0.00306083
-0.00542844
0.00180512
0.00817817
0.00493177
-0.00217387
-0.00311376
0.00766735
-0.00237971
-0.00576039
0.00172969
-0.000733837
-0.000969207
-0.000521556
0.00021359
-0.000262809
2.63296e-05
0.000691622
0.00125406
-0.00197195
0.00100105
-0.00153694
0.00116674
0.00258615
8.30565e-05
-0.00383597
-0.00232874
-0.0011716
0.0021089
-0.000412936
-0.00402468
0.00138391
0.00109879
-0.00365432
-0.00333565
0.00223346
-0.00486263
0.00399068
0.0012358
0.00249441
-0.0044343
0.00070406
0.0027548
-0.00441892
0.00367338
-0.00501899
-0.0028264
0.00179317
-0.00255819
0.00200081
0.000603913
-0.00136659
0.00129201
-0.00336581
0.00344039
0.00249031
-0.00463191
-0.000887022
-0.00174883
-0.00133774
0.00397359
0.00146634
-0.00213906
-0.00223252
0.000814695
-0.00197133
-0.000458909
-0.000678503
0.00223838
-0.000498852
0.00114048
-0.00288002
0.0038505
0.00528961
-0.00266469
-0.000811392
0.000714274
-0.001926
-0.00283237
0.000831966
0.00054126
-0.000674004
-0.00220524
0.00270812
0.00690547
-0.00182289
-0.00779073
-0.0025756
-0.00100304
-0.00183334
-0.00261945
-0.00061798
-0.00401935
0.00664221
-0.00944426
-0.00275611
0.00555813
-0.0015739
0.00400343
-0.0018157
-0.000613864
-0.00418463
0.00162121
-5.60371e-05
0.00127456
0.00143254
-0.0033251
0.00174669
-0.00326886
-0.00266247
-0.00168561
0.00188549
0.0029105
-0.00311031
-0.00158755
-0.00183556
-0.00203902
0.00416611
-0.00256298
-0.000658556
-0.000944561
0.00232127
-0.000532057
0.00194221
-0.00373145
0.00169582
-0.00104079
-0.00526304
0.00479787
0.00396104
-0.00180201
0.00124878
-0.00374673
0.00207166
-0.00015828
0.0024842
-0.00468517
0.000365397
-0.000244672
-0.000860861
-0.00264121
-0.00189019
0.00171415
0.00364732
-0.00239774
-0.00282348
0.00276532
-0.00395702
0.000537745
-0.00270717
0.000484068
0.00168534
0.00284768
-2.78566e-05
-0.000118989
-0.00270087
-0.00165729
-0.000123179
-0.000145079
-0.00262274
0.000591735
0.00217604
0.00301289
0.00199722
-0.00251979
-0.00277498
0.00084381
0.00113604
-0.00126009
-0.00389531
-0.00234398
-0.00290249
-0.00106534
-0.00308129
0.00280891
-0.00337695
0.000604998
0.00264876
-0.00184205
-2.39283e-05
0.00296193
-0.00116347
-0.00211889
0.00390164
-0.000619276
0.00537558
0.000756428
-0.00425139
-0.00188062
0.00187207
0.00232321
-0.00340615
-0.000789123
-0.00329326
-0.00119873
0.002343
0.00353358
-0.00467415
0.000230228
-0.0029356
-0.00245253
-0.00193422
0.00524701
-0.00466398
0.00130959
-0.0021199
-0.000909677
-0.000958973
0.00110473
0.00114106
-0.00233006
8.42631e-05
0.00336987
-6.8207e-05
-0.00310885
-0.000192818
0.00484153
-0.00131479
-0.00377142
-0.00168245
-0.00181006
-0.00333069
0.00536574
0.000311135
-0.00362868
-0.00527943
0.00221224
-0.00142287
0.00449009
-0.0019748
0.00289164
-0.00179535
0.0037014
-0.00597388
0.00498024
-0.00269657
-0.00247663
-0.00239698
0.00499686
0.000894435
0.00235775
-0.00502029
-0.00312003
0.000435532
0.00289895
-0.00206669
-0.0007887
0.00135635
-0.000594002
8.44246e-05
0.00346861
-0.00295905
-0.00238834
0.00141874
-0.00084275
-0.00016936
0.0027027
0.000467616
-0.00133047
-0.0015801
0.00158572
-0.000803242
-0.00080446
-0.000335001
0.000109266
0.000369305
-0.00335228
0.00287366
-0.00183659
-0.00341557
-0.0038296
-0.000397353
-9.6835e-05
0.00133421
-0.00307397
0.000341329
-0.00200578
0.00337881
-0.00278616
-0.00627339
0.00190556
-0.00402602
-0.00280753
-0.00140044
0.00285435
-0.00310619
0.00222323
-0.00543909
0.00134889
0.000929593
-0.000254231
0.000298879
-0.000974224
-0.00179508
-7.62852e-05
0.00540496
0.00407392
-0.00548789
0.000625278
-0.00547644
0.005728
0.00121493
0.00210318
-0.00115571
0.00217809
-0.00312558
0.000887409
0.00130662
-0.00150404
0.0023458
-0.00118979
0.00159089
-0.00107162
0.000150978
-0.00289926
-0.000934839
0.00308575
0.000748313
-0.00395356
-0.00231153
-0.000601605
-0.00295599
-0.00189423
-0.000393681
0.00760485
-0.00451328
0.00180306
-0.00489463
0.00381894
-0.00527841
0.000825262
0.000634216
-0.00288495
-0.00113232
0.00102775
-0.00372093
0.00244563
0.00230305
-0.00226012
0.00125255
0.000855184
0.00193501
0.00149965
-0.000171513
0.00112162
-0.00068047
0.000938758
0.00406002
-0.00316035
-0.000816276
-0.000527924
0.00140416
-0.00134774
0.00139809
0.00118445
0.000666617
0.000350215
6.93282e-05
0.00213341
-0.000353075
0.00126514
-0.00177006
-0.000674247
0.00237231
-0.00162134
0.000995421
0.00218488
-0.000835751
-0.00285947
0.00151031
0.000384603
-0.00138899
0.00175351
-0.00220659
-0.000512402
-0.00289242
-0.00256368
0.00317966
0.000367357
-0.000438437
-0.00328122
0.00222085
0.00107652
-0.00275966
0.00302887
-0.00189111
-0.00144203
0.00109787
-0.0028754
0.00894077
-0.00495914
-0.00544107
-0.00142988
-0.00315453
0.00476416
-0.002784
0.0013809
-0.00402956
-0.00300823
-8.87614e-05
0.00112219
0.0055689
-0.00637626
-0.00150827
-0.00544533
0.00225433
0.00469927
0.00323911
-0.00044276
0.00128708
-0.00408344
0.000361582
-0.00188745
0.0040432
-0.00251733
-0.000568385
-0.00305367
-0.00254633
0.00616842
0.00314923
-0.00606179
0.000487927
0.00608156
-0.00178294
-0.000228355
0.000601303
-0.00186418
0.00478439
-0.00235414
-0.000970641
0.00553275
-0.00101371
0.00680507
-0.00327296
-0.00399186
-0.0025958
-0.00251713
-0.00123181
0.00497572
-0.00122676
0.000950189
-0.000646461
0.00130029
0.000482141
0.000362288
-0.00214471
-0.000366342
0.000101343
-0.000671623
-0.000280197
-0.000874097
-0.000186919
-0.000585835
0.00209563
-0.00182176
0.00297823
-0.000231941
-0.000379666
4.85239e-05
0.00412796
-0.000381196
-0.000724902
-0.00185339
0.00476055
0.00264751
-0.0055546
-0.00739259
0.00877056
0.00354551
-0.000359579
-0.0070394
-0.000714441
0.00553843
-0.00117025
-0.00241188
0.000184036
-0.00178469
-0.00783935
-0.00127579
0.00162725
0.00648118
0.00747608
-0.00643113
0.00543625
-0.000114166
-0.00545972
0.00730361
0.00406354
-0.00287495
-0.00254806
0.00027804
-0.000682818
-0.00308135
-0.00514524
0.00366678
-0.00235516
-0.00366333
0.00381619
-0.00287569
0.00090189
-0.000180036
-0.000769429
0.00213436
-0.000134199
0.00128909
0.00397973
-0.00399907
-0.000745429
0.000485805
-0.0027882
0.00304782
0.00234668
-0.00123855
0.000385311
-0.00330718
-0.000217914
0.00277056
-0.0024431
5.78492e-05
0.00320441
-0.00739379
-0.00136743
0.00555677
0.00269992
0.000509675
0.000862108
0.00191708
-0.000848809
-0.00364074
-0.00061241
-0.000966012
0.00165371
-0.00227601
0.00302017
-0.0023979
0.00430547
-0.00141518
0.000797507
-0.00324185
0.000819219
-0.00709189
-0.00308517
0.0063388
0.00381954
-0.00768688
-0.000959675
0.00481977
0.00382675
0.00175794
-0.00690693
0.0062924
-0.00266205
-0.0109182
0.00341577
-0.00935588
0.00291792
0.00115679
0.000230583
-0.00498396
-0.00137
0.000935006
-0.00298563
0.00342062
0.00541997
0.00248774
0.00192649
0.00252719
-0.000141253
0.00499403
-0.00236505
-0.00344068
0.00149196
-0.00433023
-0.00105425
0.000541497
0.00155769
-0.00484734
0.00384526
0.00209715
-0.00141988
0.00215168
-0.00282895
-5.54093e-05
-0.00143091
-0.00247073
-0.00205602
-0.00123481
-0.00443432
0.0144268
-0.0153966
-7.20526e-05
-0.00424319
0.00658026
-0.00105594
0.00598807
-0.00500418
0.000835131
-0.00476714
0.00235094
0.00158109
0.00133021
0.00204741
-0.000304018
0.00304098
0.00448965
0.00162842
0.00392478
-0.00363611
0.00475158
-0.00524925
0.00646382
0.00271021
0.00448953
0.00154167
-0.00127964
0.00328291
0.00321544
-0.00200884
-0.00115125
-0.00438046
0.00379577
-0.000946963
-0.00057911
5.27501e-05
0.00133703
-0.000810674
0.000303204
0.00256743
-0.00254429
-0.00359248
0.0059955
0.00121535
0.00155032
0.00565116
-0.0038168
0.00538552
0.0053388
0.00260154
0.00694499
-0.0031734
0.000298526
0.00417067
0.00386804
-0.00777954
0.00102953
-0.00365319
-0.00107368
-0.001327
0.00605384
-0.00561768
0.00500769
0.00415988
-0.000600803
0.0038061
-0.000522307
0.00390617
-0.00218324
0.0057035
-0.00299751
-0.00450752
0.000877723
0.000861223
0.00650768
-0.00269206
0.00550768
-0.00134572
0.0080421
-0.00800871
-0.0135425
0.0135092
0.00136815
0.0166881
0.00693646
0.00891247
-0.00781109
-0.00803785
0.00913319
-0.00132116
-0.0081905
-0.00226448
0.000216916
-0.00259603
0.0199013
-0.0151942
-0.00564971
0.00764075
-0.01577
-0.0181163
0.00348498
-0.00402378
0.0186551
-0.00161413
0.0153618
-0.00896141
0.00702381
-0.00363494
0.0204015
0.0210279
-0.0093915
-0.0320379
0.00194917
-0.000373004
-0.0164301
-0.00708923
0.00372414
0.000991185
0.0213325
-0.0163661
-0.012848
0.00788156
0.0109722
-0.0159531
0.00644562
-0.00146478
0.00461472
-0.00846957
-0.0138322
0.00958168
0.00234789
-0.000114964
-0.00200599
-0.00569698
0.017983
-0.0117523
-0.000533749
0.00694946
0.00565077
-0.00266596
-0.0100301
6.24593e-05
0.00363372
-0.00251836
-0.00117782
0.00110934
0.00506542
0.00381633
0.00052298
0.00134614
-0.00434064
-0.000157858
-0.00193672
0.00643519
-0.000676819
-0.00226897
0.000821826
-0.00414288
0.000890029
0.00377585
-0.00525196
0.00300948
0.00498499
-0.00777964
0.00319477
-0.000472365
0.00505724
0.00621634
-0.00114387
0.0150306
-0.0152406
-0.0147064
-0.0148061
0.0164629
0.00351915
0.00333933
-0.0075671
-0.0103125
0.0093478
-0.0163346
0.0172993
-0.0114063
0.0001183
0.00430028
0.00698774
-0.00587622
-0.00290937
0.0080841
-0.00287958
0.000293162
-0.00266283
0.000169465
0.00344483
0.00527621
0.00229927
0.000171548
0.00176846
0.00399115
0.0039385
-0.000447334
-0.00328631
-0.00415645
0.000977742
0.00646502
0.00629245
-0.00509273
-1.43276e-05
-0.00207478
0.00799596
-0.00466429
-0.00276167
0.00437481
-0.00544057
0.00382743
-0.00493556
0.00234335
0.00187765
0.00364194
-0.000333217
-0.00657336
-0.015208
0.00283826
-0.00584344
-0.00215494
-0.00096305
0.00176723
0.000497984
0.00140438
0.0014044
0.000803933
0.00041446
0.00119352
-0.0167696
0.00152637
0.0135423
0.00194961
-1.1421e-06
0.00225235
0.00140033
0.00128408
-0.00128484
0.00052176
-0.000696832
-0.00197046
-0.00228985
0.00586612
-0.000289952
0.00193638
-0.000544105
0.00110978
-0.00191379
-6.24366e-05
0.00265683
0.00483233
-0.000857083
0.000384305
-0.000996586
-0.000366233
0.0046662
-0.000664296
-0.00433511
0.00222665
-0.00145697
-0.00113653
0.000587912
-0.000213464
-0.000237205
8.68642e-05
0.000665625
-0.000418943
0.00580168
-0.00509007
-0.000292668
-0.00959745
0.000193394
-0.000921101
-0.00579118
-0.00511119
0.00817517
-0.00190721
0.00111551
0.00285416
-0.00042963
0.00713219
-0.00670068
-0.00379898
0.00875664
0.00174298
0.00111605
-0.00739432
-0.00513151
-0.00403818
0.00559192
0.00332241
-0.00159207
0.00206543
-0.00261043
-0.00281716
0.00251325
-0.00230651
-0.00255682
-0.000403515
-0.000869275
0.00143228
0.00191869
-0.00141282
0.0014805
-0.00115829
0.00109061
0.00439703
-0.00262938
-0.00123066
0.00113181
-0.000480058
0.00429921
-0.00212902
-0.000429361
-0.00138071
-0.0025581
0.00436817
-0.00243875
0.00452263
0.00323433
-0.00256903
-0.00250371
-0.00834469
0.00538935
-0.000227905
0.00318321
0.00689617
0.00562297
0.000575866
0.00353018
-0.00284584
0.00291829
0.00847139
-0.00540932
-0.000207924
-0.00335178
-0.000299447
0.00324915
-0.0020944
0.00170699
-0.00545866
0.00584606
0.00182872
0.000224366
-0.00310197
0.0012177
-0.00103314
-0.00281394
-0.00223347
0.00013149
0.00331966
0.00173807
0.00139057
0.000406432
0.000497074
0.000174554
-0.000405852
0.000759604
-0.00369098
-0.000721972
-0.000986376
0.000488292
0.00122004
-0.000651368
-0.00223216
-0.00461188
0.00173255
0.00511149
0.00115258
-0.00078318
-0.00191081
-0.00414843
0.00448032
0.00157891
-0.000468652
0.00426083
-0.00168982
0.00178559
-0.00157099
0.000762583
-0.00549554
0.00436261
0.000370342
-0.0018396
0.000555839
0.000544805
-0.000146252
-0.00303346
0.00247042
0.0138138
0.00480426
0.000452948
0.00440463
-0.00294803
-0.00208662
-0.00271933
0.0033626
0.00269892
-0.000838624
-0.00207124
-0.00172445
0.00463433
-0.0145523
0.000171212
0.0113476
0.0250854
-0.0178627
0.0130871
-0.00202679
0.0172778
0.00923736
-0.0131288
-0.0133864
0.00675089
0.0078609
0.0111157
-0.00433907
-0.0212812
0.0145045
-0.00369034
0.00096997
0.00472394
-0.00373395
0.00400049
-0.00212209
0.00371607
-0.00639961
0.00321693
5.94609e-05
0.00312322
-1.29285e-05
0.00137218
-0.000712853
-0.00126892
0.00288553
-0.000903767
0.00945207
-0.00289461
-0.000587433
-0.00597004
0.0051249
0.0118946
-0.0250283
0.00743425
-0.00527234
-0.00762903
-0.00466914
0.0080114
0.00722543
-0.0123332
-0.000777486
0.000717773
0.0123929
0.00258115
0.00426014
-0.000240699
-0.000583637
-0.00802156
-0.00193167
0.0133511
0.00446204
-0.00180175
-0.00130945
0.0187974
-0.0156862
0.0112019
0.00319782
-0.000325928
-0.0140738
0.00622032
0.000235706
-0.0117996
0.00534361
0.0174009
-0.0134043
0.00343772
0.0159252
-0.0159952
0.014187
-6.36114e-05
0.000978184
-0.0174915
0.00518422
0.0113291
-0.000486447
-0.0114379
-0.00407091
0.00624759
-0.0152506
0.00155418
0.0172246
-0.00352818
-0.0052506
2.2535e-06
0.0179897
-0.0127414
-0.0102555
0.00372936
-0.00420426
0.00216533
0.000762292
0.00760341
0.00108636
0.00484278
0.0107432
0.00915322
0.00135452
-0.00732775
-0.0022528
0.0103363
-0.000755748
-0.00874917
0.00304681
-0.00264043
-0.00905026
0.00693381
-0.0119923
0.0142295
0.000809651
-0.0084193
0.00115874
0.00802285
-0.0100461
0.00613927
-0.00217699
0.000896905
-0.00439928
0.00405535
-0.00055299
0.00213122
0.000158096
0.00243462
-0.00188882
0.000194671
0.00131805
0.00338152
0.00283357
0.000451081
0.00458852
-0.00233848
0.00010083
0.00393215
-0.000140027
0.00131407
4.13292e-05
-0.000917457
-0.00193867
0.000622648
0.00164822
-0.00211245
0.00122387
0.00127121
-0.00188417
-0.00174458
0.00235757
0.00181365
0.00248949
-0.000628906
0.00218407
0.00041891
0.00346704
-0.00158906
-0.000501898
0.00322035
-0.000721843
0.00180883
0.00238587
-0.0147748
-0.000460662
0.00764828
0.00416692
-0.0113546
0.0118503
-0.0112561
0.00533074
-0.00481622
0.00291377
0.000239978
0.000589276
0.00144378
-0.00171586
-0.000317183
-0.00251566
0.00189631
-0.000644826
-0.0012649
0.00152377
0.000324245
-0.000583113
0.0017886
-0.002091
0.00328594
-0.0011188
-0.00203288
0.00226773
-0.00200132
-0.000942361
0.00253994
0.000670138
0.00110233
-0.000425078
-0.00149683
-0.000140058
-0.000335714
-0.00938113
-0.00839466
0.00238721
0.00555638
0.00119439
-0.00620102
-0.00453863
-0.00421104
0.012089
-0.0155412
0.0142016
0.00317081
-0.000699447
-0.00213464
0.00367392
-0.00154044
0.00265425
-0.000248958
0.00522794
0.000725159
-0.00332942
-0.0026237
0.000554454
-0.00148609
-0.00181189
-0.00151949
0.00172893
0.00160242
0.00400185
-0.0119239
0.0072169
-0.01661
-0.00569175
0.00405995
0.0124583
-0.0151845
0.0145928
-0.0107656
-0.000633963
0.00201352
-0.0153921
0.0130526
-0.0145901
0.00168872
0.00759364
0.000241178
0.00319452
-0.00830546
0.00526384
0.00361744
-0.00260611
0.00332388
-0.00267592
0.00559114
-0.00364924
0.0055704
-0.0062921
0.00611099
-0.000206336
0.000541895
0.00121476
0.00220689
0.0022352
0.000492902
-0.00026383
0.00202794
0.000182713
0.00189607
-0.00271355
0.000992032
0.00423435
0.000326633
0.00194667
0.0044491
0.00347814
-0.00530802
-0.00636553
0.00862671
0.00304683
-0.00353584
-0.00288046
0.000391267
0.00287469
-0.00274114
0.000272872
-0.00249793
-0.00177063
2.77006e-05
-0.000278074
-0.00246897
2.45143e-05
0.00272255
0.00266566
-0.00238498
0.000110584
-0.000332596
1.34032e-05
-0.000531972
0.000587922
-0.00140656
0.00339601
0.000798561
0.00463247
0.00161402
0.00191272
0.000281205
0.00111176
-0.0011194
-0.000987537
0.000995178
-0.0011045
8.17776e-05
0.00293544
-0.00136235
0.00132877
-0.00108454
0.00235046
-0.0019156
-0.00138067
-0.00230505
-0.00166791
-0.000574023
-0.00228085
0.00269941
0.000155456
0.00122113
-0.000424513
-0.0035539
0.000614747
-0.00305026
-0.000246991
-0.00384474
0.00183401
0.000964027
-0.000655418
-5.09663e-05
-0.000149044
-0.0030526
0.000746247
0.00265634
-0.00218146
-0.00180426
-0.00112024
0.000816986
0.000879397
0.000453154
-0.00214954
-0.00274644
-0.00242046
0.00539802
-0.000231107
0.0047422
0.00313039
-0.00231751
-0.00314544
0.00160283
-0.00145982
-0.00329053
0.00252985
-3.7407e-05
0.00180931
-0.00227703
0.0128241
-0.0054964
0.0133802
-0.0134706
-0.014021
-0.00343748
0.0186315
-0.0118583
-0.0105072
0.003734
0.000872556
-0.00622095
-0.0188457
0.0077023
-0.0269018
0.00866493
-0.000253479
-0.00104793
-0.00988667
0.0039551
-0.0147561
0.0137927
-0.00944425
0.0114479
-0.00242264
-0.000612453
-0.000763485
-0.000284045
0.00176857
-0.00971403
0.000865557
-0.00247973
-0.0069516
0.00233339
0.00908367
-0.00651159
0.00368679
-0.00793379
0.00666875
-0.00756331
-0.00207055
-0.011629
0.00961052
-0.0110388
-0.00508331
-0.00396357
-0.00206368
0.00705076
-0.00472796
-0.0046969
0.00667826
0.00312719
-3.96654e-05
0.00746376
-0.00477828
-0.00264582
-0.00832127
0.0163052
-0.0100545
0.00365068
0.000802309
0.00418481
-0.00767229
-0.00120942
0.00385737
0.00563487
-0.00493134
0.00884369
-0.00631531
-0.00251222
-0.00909458
-0.00538067
0.00366766
0.0108076
0.00297159
0.00328274
-0.0032104
-0.000248185
-0.0215329
0.00710253
0.00873858
-0.00290939
0.00711622
0.00423195
-0.00843879
-0.00367832
0.0053899
-0.00901672
-0.00212747
-0.00544794
0.0054792
0.00630431
-0.00502058
0.00042689
-0.00836271
0.00248787
-0.00506766
0.0110799
-0.000533061
0.00571785
-0.0175905
-0.00366856
0.0144543
-0.00740919
0.00155068
-0.00281936
0.00292245
0.012473
-0.00599189
-0.00355864
-0.0103139
0.00228383
0.00294679
-0.00821714
-0.00491616
0.00212836
-0.00236665
-0.0116646
-0.00590523
0.011831
-0.0142187
-0.00927699
-0.013872
0.01425
-0.000631558
-0.0147469
-0.0132789
0.00499467
-0.00680607
-0.0144386
-0.0110706
0.0120293
-0.0171815
-0.00188672
0.00484949
-0.00830356
0.0248603
0.00339407
-0.0199508
-0.00127025
-0.0114607
0.0032867
0.0189973
-0.0157023
0.0117586
-0.0150536
-0.0171215
-0.000691478
-0.00529464
0.00697
0.00043231
-0.00160063
-0.00957979
0.00653254
-0.00663291
0.00247026
-0.0120946
-0.00600059
0.00593481
-0.00945643
0.00688202
-0.011731
-0.00178392
0.0155102
-0.0114071
-0.00629429
0.00219115
0.0126542
-0.00494586
-0.00748039
-0.000227946
0.0042868
-0.00644838
-0.00128454
0.0101513
-0.00241837
0.00598566
-0.00836589
0.00543112
-0.00791113
0.0120805
-0.00236259
0.00736131
0.00520046
-0.01337
0.000808229
0.0027062
0.00799041
-0.0175615
0.00686484
0.00122921
0.0123025
-0.00133707
-0.0121946
-0.00900151
0.0170073
-0.0137025
0.00208508
-0.0142064
0.000196455
-0.000546548
0.00125698
-0.000556205
-0.00128824
0.000587499
-0.000507704
-0.00471395
0.00202396
0.0031977
-0.000823949
-0.000165923
-0.0035615
0.00191488
-0.00230977
0.000358492
-2.89037e-05
-0.00115352
0.000617419
-0.00242329
-0.00303327
0.00061983
0.000879602
-0.00151541
0.00175163
0.000900789
-0.000363297
-0.00205289
-0.000561331
0.00267154
-0.00450719
0.000606478
-0.00178046
-0.000148537
-0.00120511
-0.000584667
0.00734322
-0.00305897
-0.00142145
-0.0028628
0.00298242
-0.00104894
-0.0024814
0.000547888
0.00667599
0.0037643
-0.0100134
-0.00145738
0.0023124
-0.000958225
0.00352318
0.00603491
-0.00411244
-0.00262104
0.00385912
0.0039079
0.000669621
0.00100366
-0.00368778
-0.0018748
0.0045589
0.00706577
-0.00532688
-0.00847091
0.00115369
-0.000953661
0.00259099
0.003705
0.00166907
0.00499961
-0.00560559
0.00227503
0.00649053
0.00140944
-0.00530898
0.001029
0.000271719
-0.00169129
-0.00190032
-0.00163108
-0.000710585
0.00142248
-0.00180511
-0.000603018
0.000322804
-0.00218591
-0.0160147
0.0104085
0.0133973
-0.00603367
-0.00218711
0.00708219
0.0107039
0.00972216
0.00728296
-0.0160041
-0.00100105
-0.0129213
-0.008438
-0.000268389
0.0216277
0.00693337
-0.00190201
0.0038128
0.0138958
-0.00162148
0.00051156
0.01384
-0.00669711
0.00151425
0.00188857
0.00571122
-0.00486684
-0.00399464
0.000390571
0.0145698
-0.00221424
-0.00868524
-0.00367028
0.00180425
0.00449341
-0.00322132
0.00348849
-0.00288412
0.00613941
0.00123818
0.00115924
0.00245846
0.0038584
-0.00531625
0.000576822
0.00817108
-0.00932513
0.00136874
-0.00478004
-0.0019049
0.000556448
-0.000527367
0.0275023
-0.011741
-0.0285951
0.0128338
0.0064734
0.00242702
0.00581472
0.00338431
-0.00183173
0.00426751
-0.00633486
-0.00436676
-0.000850519
-0.0106245
-0.00723014
-0.000873475
0.00391576
0.00273359
-0.0131794
0.00745176
0.00487709
0.0104713
-0.0145684
0.00856958
-0.00447244
-0.00957299
-0.00398014
0.00290501
-0.000485959
-0.00132848
-0.00194172
-0.00241262
-0.00195238
-0.00129382
-0.00599578
0.00255539
0.00473422
-0.00268433
0.00126536
-0.00127135
-0.00693192
-0.000957575
-0.0107325
0.00767099
0.00401913
0.000406284
-0.00704931
-0.00653636
-0.00595071
-0.00578889
-0.00485244
0.00244763
0.00830511
-0.00107341
-0.0162824
-0.00440765
-0.00348099
0.00263116
0.00188094
0.01418
0.00374181
-0.00193167
0.00317851
-0.0127567
0.00261804
-0.00330235
0.00298605
-0.00667675
-0.00273944
-0.0126517
-0.0047105
0.0201017
-0.00102411
-0.0116759
-0.0165055
0.00905002
-0.0168174
0.00109061
0.00384504
0.0105483
-0.0163577
-0.0138412
0.015161
-0.00180629
0.0126994
0.00265482
-0.000857947
0.0142837
-0.00436215
-0.0111264
0.0146306
0.0110471
-0.00251786
-0.00700911
-0.00547252
0.000655111
0.000968239
0.00512855
-0.00423843
-0.00179836
0.000497796
0.00553904
-0.00630259
0.0022848
0.00213184
-0.000965727
-0.00345091
-0.00281168
-0.00292196
0.00256013
-0.00118677
-0.00654738
-0.00315208
0.00111609
0.00528099
0.00270631
0.00171586
-0.00752341
0.00310127
-0.00425911
0.000984803
0.00241336
-0.00484391
0.00366093
0.000681665
0.00309694
-0.00262336
0.0046015
-0.00507507
0.000240506
0.00290973
0.000249277
-0.00213848
-0.00288263
-0.00143581
0.00103883
-7.56216e-06
-0.00218333
0.00283689
-0.000646001
0.00146084
-0.00519777
0.00109652
0.00116642
-0.00369876
-0.00225356
0.00448261
0.00232944
-0.000935688
-0.000774817
-0.000514528
-0.00208317
-0.00113692
-0.000153247
-0.00242277
0.0014308
-0.00347032
0.00398251
-0.00227701
0.00206667
-0.00192767
0.00022194
-0.00333477
0.00225913
-9.43596e-05
0.000854241
-0.003019
-0.00336408
-8.53987e-05
0.0033
-0.00734284
0.00141949
-0.00220941
0.00114004
-0.000250551
-0.000763339
-0.00367691
-0.00327621
-0.0034586
-0.00237531
-0.00300114
0.00023046
-0.00443702
0.00588221
-0.0039369
0.00393674
-0.00588205
0.000478196
-0.00548457
-0.00312206
-0.0018384
-0.000287812
-0.00168333
-0.00130506
-0.000573525
-0.00493622
-0.00170427
0.00202986
0.000303465
0.00256056
0.00181804
0.00197601
-0.00393788
0.00320369
-0.00116093
-0.00395882
0.00191585
-0.00108753
-0.00478712
0.00404625
-0.00384839
0.00518709
0.000735798
-0.00389354
-0.00202938
-0.00157655
0.00445777
-0.000816085
-0.0057596
-0.000671808
-0.00586498
0.000533312
0.00213907
0.000686521
-0.000842608
-0.00128956
0.00586641
-0.00122067
-0.00231145
0.000615355
0.00150079
-0.00217484
0.00411364
6.34548e-05
0.00303303
0.00151194
-0.00244418
-0.00210078
-0.00255338
-0.00149947
-0.000741019
-0.00169361
-0.000781236
0.000596077
-0.00351711
-0.00280173
0.000565868
0.000293337
0.00348942
-0.0025102
-0.00175404
-0.00147719
0.000513875
0.0014913
-0.0020946
0.00239124
-0.00322678
0.00125568
0.00223628
-0.00237389
-0.00111808
-0.00140922
0.00291615
-0.00203959
0.00272091
-0.00230032
-0.00138136
-0.00159187
0.00191427
-0.00302389
0.00204526
-0.00189695
0.00268252
0.0024797
-0.00272703
-0.000596986
0.000731308
-0.000645299
-0.00346023
0.00170778
0.00239773
0.00225912
0.00344031
-0.00431397
0.00227248
-0.00139882
0.00186917
-0.00116456
0.00318079
-0.00514615
-0.00297749
0.00631522
-0.00188665
-0.00370908
-0.00457745
0.0020786
0.00558022
-0.00303973
-0.00335531
0.0025246
-0.00329399
-0.000688829
-0.000608615
0.00189258
0.00619051
0.00109972
-0.00490898
0.000615263
0.00180413
0.00225293
-0.00467234
-0.00284391
0.00519907
-0.00106569
0.00222841
0.00238694
0.00037537
-0.00501679
0.00442001
-0.000544494
0.00574266
-0.00137923
-0.00416984
-0.00320007
0.000137528
-0.00395869
0.00530721
-0.00242166
-0.00344904
-0.00116243
-0.000349994
0.00674391
-0.00288268
-0.0063909
0.00254527
0.00213798
-0.00284028
0.00189754
-0.00273953
0.00213939
0.00319293
-0.00452667
0.00167523
-0.00444167
-0.00574731
0.00495903
-0.00101042
0.00288665
-0.00385496
-0.00389733
-0.0069929
0.00784202
0.0045658
-0.00612019
-0.00628765
0.00736616
-0.000602501
-0.00368145
-0.00402023
0.000231099
-0.000388097
0.00222951
0.00662994
-0.0100264
0.00605125
0.00260772
0.00607728
-0.00363221
-0.00201946
0.00157037
-0.00192191
-0.00157882
-0.00260162
0.00253158
0.000690597
-0.00492644
-0.00282939
0.000323485
0.00203044
-0.00155895
0.00145047
0.00190839
0.000228637
-0.0035875
0.00368619
0.00213972
-0.00551855
0.00413944
0.000120616
-0.00107997
0.00383468
-0.00226985
0.00377645
0.00188864
-0.00583953
-0.00490875
-0.000551737
0.0040336
-0.00504444
0.00117839
-0.00432084
0.00232241
0.00243759
0.000269632
-0.00391946
-0.00364808
-0.00798473
0.00218443
-0.00384293
0.00925212
0.00419057
-0.00601617
0.00326686
-0.0014413
-0.0081085
-0.0031181
-0.00897742
0.000420178
-0.00145008
0.0100073
0.00717322
-0.00445729
0.00125713
-0.0075632
0.002341
0.00136724
0.00746439
-0.00279928
0.00215458
-0.000893868
-0.00123623
0.000898869
0.00628841
0.000980393
-0.00816771
-0.00312663
0.000270119
-0.00730661
-0.00773003
-0.018295
-0.0115363
0.000958131
-0.015237
-0.0104149
-0.0199671
0.00763241
0.00192766
0.00509601
-0.0174386
0.0210384
-0.00247072
-0.00795104
-0.0106166
-0.0127098
-0.0194078
-0.010593
-0.00333649
0.0116651
0.00629303
-0.0174382
0.0073988
-0.00487369
0.0190187
-0.0224486
0.00379581
-0.00221705
0.000967454
0.00267619
0.00318783
-0.00517744
-0.000686571
-0.00417086
0.00259477
0.00335252
-0.00328375
0.00223929
-0.00418868
0.00172128
0.00409351
-0.00328184
0.000415429
-0.00122709
0.00294138
-0.00516813
0.00168392
-0.00167349
0.00347006
0.00336576
-0.00607694
-0.00159127
0.00143206
-0.00580694
0.0012228
0.00466157
-0.00432566
-0.0046589
0.0040032
-0.00262432
-0.00140619
2.73158e-05
-0.00497094
-0.00197903
0.000651579
0.0006097
0.0062281
-0.000955589
0.00463273
-0.0082531
0.00516372
-0.00154336
0.0066574
-0.00956688
-0.00174941
0.00332369
-0.00380055
-0.00305615
0.00353301
-0.000565929
0.00455199
-0.000531362
0.000502472
0.00162156
-0.00410277
-0.00224672
0.00299415
0.00242514
0.00566928
-0.0085782
0.00785718
0.00504471
0.00252947
-0.00560482
0.00510252
-0.00202716
0.00272133
0.0073454
0.00857237
-0.000434133
0.00382128
0.00505132
0.00283538
-0.00142378
-0.00164269
-0.00263959
-0.000875479
0.00123423
0.00166241
0.00186276
-0.00334947
-0.00121087
-0.0014623
-0.00162504
-0.0019808
0.000932308
0.00247189
0.00446145
0.0139215
-0.00229889
0.00327635
0.00457104
-0.000911159
0.00720623
0.00472142
-0.0110165
0.00644049
0.00453357
-0.00690146
0.0133106
0.0084222
0.00318401
-0.0155863
-0.00716664
0.000117264
-0.0110751
0.0181245
-0.0167856
0.0059169
0.00754423
-0.000281686
0.0157466
0.00518627
0.000196126
-0.00120906
0.000850161
-0.00197338
-0.00192706
-0.00240487
0.00224536
0.00188423
-0.00224224
0.00107347
-0.00276665
-0.00209002
0.0037832
0.00319742
-0.00283393
-0.00174485
0.000724076
-0.00284827
0.00438826
-0.00196532
0.00475876
-0.0014014
0.00342709
-0.00337411
0.00270136
0.000793355
0.00123904
0.00226547
-0.00496905
0.00101295
-0.00370448
0.00649527
-0.00250189
0.00366646
-0.004369
0.00486243
0.00886729
0.00254125
0.00361609
-0.00654544
0.00580847
-0.00950933
-9.81163e-05
0.0145291
-0.00784912
0.00374877
-0.00856033
-0.0133077
0.00661745
0.0109412
-0.000114878
0.00489359
-0.000522522
-0.00653349
0.0152481
-0.0041567
-0.00455792
-0.015749
0.00897209
0.0109777
-0.00663382
-0.000264045
0.00845794
0.0011902
0.00433076
-0.00569053
0.00909252
-0.001306
0.0024382
0.00211375
-0.00309062
-0.000208829
-0.00312963
0.00183788
-0.00179888
-0.00579076
-0.000364352
-0.00514706
-0.00286478
0.000900656
-0.000583972
-0.00239215
-0.00187511
0.00510548
-0.000838216
0.00275963
-0.00183825
-0.00720843
0.000457583
0.00389098
-0.00198065
0.00058688
-0.000782167
0.00181309
-0.00172128
0.00268779
-0.00277962
0.0033686
0.00169945
0.000241322
-0.00317699
-0.00205831
0.00136775
-0.000429683
-0.00159352
-0.00192472
0.000844663
-0.00302187
0.00173006
-0.00290898
-0.00345991
0.00258029
0.00126939
-0.00305207
0.00353682
-0.00355859
0.00389469
0.00144873
0.00118985
-0.00295754
-0.00260075
-0.00323331
0.0215454
0.0134436
0.0108076
0.00420427
-0.00259645
-0.011852
0.0141667
-0.00566817
0.0142481
0.00981233
-0.00276236
-0.00566312
-0.014937
0.00214343
-0.000456312
0.000246294
-0.00253112
-0.0018824
0.00203306
3.20953e-05
0.0044385
0.00244389
-0.00270739
0.00631749
0.00342728
-0.000823555
0.00294486
-0.00212389
-0.00217301
-0.00396104
0.00329853
0.00160128
0.00238965
-0.00370225
0.00365577
-0.00273592
0.00548946
-0.00485759
0.00210406
-0.000281671
0.00164161
-0.0050622
0.00419357
0.00332508
-0.00780032
-0.000172152
-0.00503671
-6.954e-05
-0.000948836
-0.00043156
0.00527675
-0.00521917
0.00327316
-0.00333073
0.00415535
0.00405853
-0.00339586
0.00294302
0.00201762
0.00358199
-0.0037577
0.000380239
0.00431182
-0.0010876
-0.00389889
0.00462006
-0.00429363
0.00357246
0.00160183
0.0055909
-0.00596123
0.000745694
-0.00489318
0.00199048
0.00513729
-0.00181404
0.00455725
-0.0010409
-0.00125616
0.000411542
-0.00246514
0.00142681
-0.000604718
0.00513047
-0.00113579
0.00452463
-0.00303692
-0.00298568
0.000455373
0.000856824
0.00212304
0.000170256
-0.0162322
-0.00298689
-0.0132335
0.0162747
-0.000361978
-0.00267915
-0.0229575
0.020743
-0.00785694
0.00440003
0.000718379
-0.00752725
0.00191353
0.000352708
0.00686695
0.0118595
-0.00706818
-0.00685504
0.00267678
8.99869e-05
0.00441243
-0.00411513
-0.00164334
0.00134605
0.000997129
0.00566387
-0.00185928
-0.00577506
0.000344742
0.000668081
0.0113532
-0.00941593
0.000933852
0.00117715
-0.0103444
0.0101837
-0.0130668
0.00604676
-0.00596196
0.00854208
0.0058798
-0.00845994
0.00873798
0.00672948
0.000897574
-0.016365
-0.00158906
0.00196718
-0.00281638
-0.00127327
0.0148483
-0.00701621
0.0153408
0.000566656
-0.00828747
-0.00351773
-0.0172829
0.00332686
0.0103543
-0.0135529
-0.00808346
-0.0111297
-0.0105362
0.0116653
-0.0149838
0.0138548
0.016532
-0.0155562
-0.0224362
-0.00201418
-0.017791
-0.00329946
-0.0261671
-0.00190903
-0.00523505
0.00403941
-0.0106059
0.000104181
0.00646234
-0.00643397
0.0213439
-0.0305451
0.0156352
0.00458089
0.0175635
-0.0241586
0.0109651
-0.0057763
0.00667073
-0.0291258
0.013273
-0.00155607
-0.0126543
0.0154572
0.0106358
-0.019418
-0.0174742
0.00305421
-0.0220554
0.000392798
-0.00229172
0.01734
-0.00295244
0.0107667
-0.00523591
-0.0202358
0.014705
0.0154826
-0.00310658
0.00113463
0.00230356
-0.000331604
0.00849029
-0.00382216
0.00320507
0.00260222
-0.000594138
0.000600532
-0.000848117
0.000841757
0.0015723
0.00162625
-0.00250214
-0.000696374
-0.00350011
0.00329363
0.00440874
-0.00110413
-0.00438597
0.00672389
-0.0056821
-0.000242669
-0.000799117
0.0046
0.00442343
-0.00629159
0.00366269
0.00351846
-0.00318972
0.00405392
-0.00517827
-0.00388757
-0.00199937
-0.00511418
-0.00028393
0.000510635
-0.00481974
0.00654963
-0.00396475
0.000520681
-0.00465666
0.00107714
-0.00251633
-0.00280308
-0.00192001
-0.00383787
0.00379916
0.00297026
-0.00661075
0.00425574
-0.00677231
0.000544933
0.0015635
0.00466386
0.00352003
0.00201545
-0.00212122
0.00123468
-0.00180588
-0.000723227
-0.000762499
0.000853564
0.00314408
-0.00354667
-0.00367565
0.00305347
0.0018586
-0.00205575
-0.00218789
0.00460359
-0.00156504
0.00195875
-0.00137971
-0.00203551
0.00387284
-0.00229056
0.00261905
0.000922103
-0.00150832
0.00146396
0.00263378
0.000985094
-0.00204656
-0.00334195
0.00146042
-0.00248223
-7.12014e-05
-0.00148898
-0.00350928
0.00269348
-0.00121599
0.000868337
0.00305157
-0.000238941
0.00259492
0.00125964
0.00536077
-0.00377302
-0.00228279
0.000695046
0.00237199
-0.00161705
-0.00173094
0.00496956
-0.00308547
-0.00163816
-0.00420961
0.00548319
0.00115155
-0.00287682
-0.00254632
-0.000199954
0.00538012
-8.58145e-05
0.00217997
-0.00242319
-0.00325687
0.00219648
-0.00489854
0.000247998
0.00224865
-0.00301992
0.00169483
-0.00111502
-0.00218755
0.000233696
-0.00175718
-0.0016345
-0.00191532
-0.00250936
-0.000933124
0.00241671
-0.0023338
0.00208996
-0.000902487
0.000980103
-0.00216759
-0.000366746
-0.00065183
-0.00170711
5.8109e-05
0.00713323
-0.00292101
-0.00100043
0.00306959
-0.0040787
-0.000143663
-9.36417e-05
0.00331716
-0.00307986
-0.00233587
-0.000445355
0.00204963
0.00156083
-0.0046186
0.00104944
0.00129123
0.00429772
0.00251934
-0.000270394
-0.00436105
-0.00133683
-0.000107214
-0.00263735
-0.00203714
0.00500212
-0.0018491
0.00207109
0.00701812
0.000825619
0.00319641
0.00439579
-0.00121693
-0.00184015
0.0101358
-0.00777161
0.000331707
0.00379445
0.00364545
0.00546172
-0.00343776
0.00579586
-0.0102104
0.00490724
-0.000492658
-0.00296898
-0.000620623
-0.00233315
-0.0061821
-0.00406699
-0.00133301
0.00313111
-0.00041899
-0.00113501
-1.03999e-05
-0.0071775
-0.00182703
0.00163054
0.000176768
-5.55012e-05
0.000812572
0.00357546
-0.0032053
0.00592766
-0.00688106
-0.00110558
0.000780645
3.74613e-05
-0.00366427
-0.000963518
-0.000364198
-0.00333194
-0.00411673
0.00125952
0.001708
-0.00131848
-0.000765261
-0.000901271
-0.000876391
-0.000250226
0.000263372
0.00221267
0.000721376
-0.00892229
0.00251733
-2.26567e-05
-0.00726831
0.0120503
-0.00475936
0.00821792
0.00414067
0.00985994
-0.00359082
0.000780808
0.00643353
0.0123668
-0.015612
0.00655546
0.00653871
0.00140664
-0.0143639
-0.0164008
0.0158837
-0.0120872
0.00862585
0.002552
0.0114887
0.0133787
-0.0060977
-0.00750898
0.0143695
-0.0102416
-0.00101867
-0.0192509
0.00793736
-0.0163212
0.00914516
0.00886476
-0.00327467
0.00709542
0.00128786
-0.00322245
0.00618994
0.00603561
0.00106681
-0.00500046
-0.00769911
0.0116328
-0.00278255
0.00147007
-0.0057696
0.00708208
0.00575394
0.00373882
-0.0107489
0.0116719
0.00575294
-0.00412875
0.0186905
-0.0137521
-0.00371198
0.0011661
0.00031374
0.0021794
0.00200524
-0.00386272
-0.000321923
-0.00187881
-0.00206057
0.00119982
0.00273957
0.00236446
-0.00137494
0.00139139
0.00277222
-0.00217397
0.00205919
-0.00296979
0.00735711
0.00173893
-0.000924941
0.00212148
-0.000815586
-0.00217877
0.00423509
-0.0017333
0.00811392
0.000180364
0.000334822
-0.000143344
-0.000828368
-0.00358219
0.00455392
0.00263438
-0.00352891
-0.0013409
-0.00423233
0.00152191
0.00243826
0.000516654
0.00419544
-0.000437546
-0.00390122
0.00249614
0.00352778
-0.003392
-0.00263193
0.000228987
-0.00132333
-0.00209269
0.000347616
-0.0010436
-0.00233731
-0.00409305
0.00377505
-0.00186685
-0.00419742
-0.000172761
-0.00109859
-0.00323073
0.00422928
-0.00155413
-0.00258084
-0.00308732
0.00254384
-0.00219855
0.00274202
-0.00312833
0.00476308
0.00366138
-0.00232225
0.00294382
-0.00115419
0.00312012
0.00141287
-0.0010818
0.00336663
0.00162679
-0.00117293
-0.00279693
0.00234306
0.00862428
0.00243882
0.00359749
0.0118922
-0.00640101
0.0153368
0.00965404
-0.0125188
-0.000529106
0.0168827
-0.00437702
-0.0107546
0.0146025
0.0114346
0.0132962
-0.0108093
0.0147858
-0.0131727
0.00646327
-0.00400937
0.0107188
0.002803
-0.0156195
0.0105117
0.00230482
-0.000535917
-0.00143897
0.00304022
-0.00427493
-0.000367095
0.00156056
0.00328642
-0.000396901
0.00327495
0.00362971
-0.00365806
0.0145546
0.00485206
0.00275022
-0.00155694
0.00366328
0.000719086
-9.92706e-05
-0.00474295
0.000916859
0.00158721
-0.00419867
-0.00517296
0.00301597
0.00635566
0.00284328
0.003015
0.00372958
-0.00284507
-0.00269189
-0.00207618
0.00474199
2.60857e-05
-0.00180242
0.00576093
0.00248093
0.0049471
-0.00037794
-0.00373391
-0.000835264
-0.00131458
0.00710914
-0.00410752
-0.00369044
0.00105903
-0.00985867
0.00753932
-0.0074592
0.00451981
-4.80127e-05
-0.00210735
0.00448773
-0.00312676
0.00703695
0.000312319
0.00493153
0.00295093
0.00788436
-0.00182412
-0.000507476
0.00131423
0.00101734
-0.00118331
-0.00217114
-0.00155379
0.000821982
0.00290298
-0.00405518
0.00480953
0.00470739
-0.00272044
0.00152075
-0.000971457
-4.04942e-05
0.00406848
0.000473102
-0.0039614
0.00317937
-0.00252126
-0.00298036
-0.00234054
0.00504784
0.000931756
-0.000597219
-0.0010331
-0.00116349
-0.00172465
0.00424429
-0.00462914
-0.00109552
0.0131992
0.0176064
-0.0123735
-0.00686385
0.00764341
0.00767837
0.00351356
0.00285253
0.00116272
0.00172132
-0.00209835
0.000414454
1.98184e-05
0.00341763
0.00329435
0.00376797
0.00306777
-0.00227476
0.00607717
0.00182617
-0.000828057
-0.000267081
0.00250521
-0.00141008
0.00252193
-0.000282223
-0.00453921
0.0114317
-0.00818356
0.0107031
-0.00499619
0.0107096
-4.33144e-05
-0.00292199
-0.00291259
0.00224866
0.00146519
0.00351596
-0.00390968
-0.00096539
0.00195532
0.0040253
-0.00214817
0.00197816
-0.00321393
-0.000920647
-0.000377625
-0.00156654
0.00675373
-0.000823026
-0.00524765
0.00121223
-0.00101451
0.00141761
-0.00161532
0.000110604
-0.00126586
0.00193685
-0.00354587
0.00189257
-0.00191917
-0.00178426
0.0014667
-0.00291461
-0.0004768
-0.00069202
-0.00286923
0.00512753
0.00105125
0.00349183
-0.00223526
-0.00318756
-0.00520114
-0.00128135
-0.00419062
0.00535316
0.0074012
-0.0069592
-0.0131987
-0.00495287
0.0093222
-0.0102564
0.00588704
-0.00222253
-0.0127085
-0.00188637
-0.0132544
-0.00447572
0.0155075
-0.014282
-0.00871146
0.020254
0.0140919
0.0115995
0.0181379
-0.00518363
0.0119815
-0.00127636
-0.00539545
-0.0103806
-0.00755561
0.00644567
0.00293633
-0.00604669
-0.00519484
-0.00300517
-0.00323667
-0.00672674
0.000602866
0.00318691
0.000451205
-0.00424098
-0.00148552
-0.0134393
-0.013726
0.0175416
0.00480872
0.00643032
-0.00941311
-0.0110794
0.0148261
-0.00186578
0.0156348
-0.00837807
-0.00793677
0.01101
0.00340278
0.00065794
0.00259695
-0.000863354
0.00558616
0.0128836
0.00265043
0.0119709
0.00896664
0.00349924
0.00287095
0.000529096
0.00416402
-0.00221217
0.00372631
0.00246187
0.000693173
1.56588e-05
0.00261737
0.000434915
0.00551422
-0.000858455
-0.00249077
-0.00167554
0.00502479
-0.00264904
0.00560265
-0.00440453
0.00145095
0.00113718
0.00592613
0.00652113
0.00582762
0.00245714
-0.0046094
0.0054823
-0.00388853
-0.00543514
0.00314321
0.00359186
-0.00129992
0.00169468
0.00821439
-0.00442675
0.00542266
-0.00529902
0.00156218
0.00557426
-0.00325551
0.00399147
-0.00240233
0.00166642
0.00575636
-0.000272147
-0.00464707
0.00453291
-0.00287046
-0.00143903
0.00987984
0.00392062
0.00153689
-0.00797386
-0.00635065
-0.00137444
0.000474775
0.00725027
0.0054343
-0.00345911
-0.00024462
0.00686726
-0.00448603
0.000883914
-0.00108098
-0.00146571
0.0049313
-6.64516e-05
-0.00488139
0.00214475
0.00276874
-0.00248061
0.000537354
-0.00481874
0.00236137
0.000333161
0.00147587
-0.000739121
-0.00029432
0.00144055
-0.00346898
0.000367012
-0.000702793
0.000306832
-0.000697942
0.00440389
0.00091176
0.00134544
-0.000113085
0.00336764
-0.000945475
0.004915
0.00170126
-0.00219128
-0.000564168
-0.00273542
-0.00235791
0.0012019
0.00195066
-0.00210681
-0.00124233
-0.00314111
0.00125881
-0.0035757
-0.000159617
0.00111458
-0.00192022
0.000817283
0.00333135
-0.000578982
0.000251671
-0.00058811
-0.00308361
0.0011194
-0.00191175
0.00120269
-0.000915971
0.000945002
0.0018006
0.00152143
-0.0025908
-0.000731231
0.00102037
-0.0023115
0.000470047
0.00133845
0.000428375
0.00206236
0.000514333
-0.00170319
0.000179396
0.00477852
0.00195231
-0.00422709
-0.00250375
0.00274365
-0.00209864
0.00252133
-0.00206804
-0.00374764
-0.00122971
0.000493153
0.000104642
0.000176659
-0.00199499
-0.00236954
0.00345426
-0.00254966
-0.0007252
-0.000193539
-0.00326773
0.00242814
-0.000403785
-0.00297018
-0.001261
0.00463493
0.000568757
-0.000446404
-0.00144409
0.000302744
0.000268116
-0.000463277
-0.000107606
0.000481896
0.000545672
0.00114715
-0.000268313
-0.00123344
-0.00116384
0.000366392
0.000139533
-0.00331594
0.00226671
0.000909699
0.00370725
-0.00288096
0.00343438
0.00160917
-0.000433729
0.0049336
-0.000489024
0.00376737
-0.0013203
-0.00277653
0.00245498
-0.00221311
0.00102311
0.000488155
0.00255305
7.87022e-05
0.00201123
0.00299097
0.00218857
0.00319423
-0.00242892
0.000484283
0.00195603
0.00661735
-0.00230468
0.00617141
0.00479765
-0.00603664
-0.0151733
0.00813842
0.0130715
0.00123575
-0.00396298
0.00118015
-0.00220203
-0.000791914
0.000954402
0.000728418
-0.00220229
0.00188422
-0.00121225
-0.000990459
-0.0003346
0.000138893
0.00313998
-0.00502463
0.000377657
-0.00582321
0.00344694
-0.000583273
0.00455303
6.89178e-05
0.00166399
0.00560227
0.00251148
0.000668836
0.00419661
0.00257231
-0.00252549
-0.000228876
-0.00244156
-0.000181924
-0.000702608
0.00451824
0.000202403
-0.00327872
0.00503311
-0.00195677
0.000954092
-0.000247983
0.00836901
0.000101894
0.00557737
-2.09575e-05
-0.0056583
-0.00460625
-0.00335259
0.00158713
-0.00231428
-0.000746354
0.00214862
0.00290938
-0.000914261
-0.00376995
0.00177479
-0.00192364
-0.000482126
-0.00246186
0.00300881
-0.00102908
-0.000761699
-0.0025406
0.0042193
0.00433156
-0.0025358
0.000155159
-0.00188438
0.00252265
-0.00203626
-0.00250288
0.000938421
-0.00231534
0.000743377
0.00157851
-0.00342747
0.00151756
0.00217605
0.000260665
-0.00266557
-0.00740074
-0.000829909
0.00219879
0.00310943
-0.00409652
-0.00121166
-0.00117344
0.0036866
-0.00827209
0.00372617
0.00294134
-0.00356899
0.000938788
-0.0052268
0.00603874
-0.00106903
-0.0008159
-0.00137625
0.001571
0.00246518
0.000274227
-0.00093528
-0.00180417
-0.00456084
0.00155804
-0.000319681
0.0033225
0.00140617
-0.0012742
0.000235367
-0.00249359
0.000221943
-0.000608302
-0.0016627
0.002216
-0.00305686
0.00414199
-0.00161845
0.00127192
-0.00189588
0.000963484
0.00156722
0.00167828
0.00350156
0.000886283
-0.00150692
0.0028945
-0.00688106
-0.000361824
-0.000157844
-0.00163857
-0.000575875
-0.00339521
-0.000801558
0.00635047
-0.00458491
0.00178181
-0.00346905
-0.00308526
0.00592321
3.4881e-05
0.00647048
-0.000977628
-0.00323852
0.00462148
-0.00669648
0.00179751
0.000277497
-0.0036295
0.00182205
0.00313009
0.0027356
0.00185151
-0.00414502
0.00381543
-0.00426511
0.00262018
-0.00441247
-0.00204568
0.00557737
-0.000200828
-0.00708095
0.00170441
0.00637768
0.00394501
-0.00114861
0.00352108
0.00508752
0.00255442
-0.00137552
0.00390866
-0.00204179
-0.00420426
0.00498996
0.00545899
0.0034254
-0.00503758
-0.00110007
0.00598985
-0.00479779
-0.00050977
0.00438815
-0.00357999
0.00333503
0.0017446
-0.00214863
0.00108439
0.0038732
0.0025646
-0.00613552
0.00155063
0.00183973
-0.00357491
0.0015476
-0.00469618
0.00672351
0.0129378
-0.00604366
-0.00934471
0.00688796
-0.00910871
0.00509647
-0.00287573
-0.000914823
0.00198943
0.00448574
0.000478628
0.00145894
0.00141624
0.00317002
0.00315784
0.000141161
0.00374221
0.00292151
0.0025031
0.00833701
-0.00342009
-0.00331451
0.00174581
-0.000321489
-0.00361741
-0.00368076
-0.00316759
0.00366048
0.00318785
-0.000915729
0.00238327
0.00260588
-0.0066088
0.00424424
0.00184699
0.00279239
-0.00293994
0.00123376
-0.00280226
-0.00738966
0.0061412
0.00349166
0.00126567
0.00535342
-0.00016316
-0.00378147
0.00368799
-0.00231154
0.00563624
0.00447234
-0.00213187
0.00414027
-0.00364684
-0.00113451
0.00168251
0.00166506
-0.00288288
0.00347169
0.00291172
0.00235248
-0.00245186
-0.00566726
-0.010572
0.0127582
0.0033189
0.00123031
0.00186116
-0.00462818
0.00153669
-0.000691366
-0.00275968
0.000887967
0.00357849
0.00207099
-0.00262328
0.000614868
-0.00360595
0.00240876
0.0029641
0.000552826
-0.00592567
0.0028456
-0.00129269
-0.00141577
0.00360563
-0.000897161
0.00447887
-0.000322456
-0.00470815
-0.00345788
-0.00384619
-0.00177245
-0.00382834
0.00161236
-0.00272465
-0.000566446
-0.00425396
-0.00324467
0.00127681
-0.00199738
0.00202661
-0.00010899
0.00993226
-0.00334091
-0.00651316
-7.81707e-05
-0.00107684
0.0199822
-0.0462314
5.82938e-05
-0.0185483
-0.00222979
0.00629579
-0.0093524
-0.00150719
0.00758487
0.0153416
-0.0182953
-0.00463126
-0.0102079
-0.0174295
0.00256925
0.00627291
-0.0100386
-0.00383608
0.00440345
0.0156963
-0.0155319
-0.0167235
-0.000139783
0.00665536
0.0127725
-0.00457116
-0.0154094
-0.0105651
-0.0116054
-0.000560323
-0.00283088
-0.000778623
-0.00277481
0.00829369
-0.016084
-0.0012001
0.00433098
-0.00332712
0.000130789
0.00286923
0.00298847
-0.00505538
0.00678298
-0.010367
-0.00743857
-0.00118649
0.000640186
-0.00543765
0.000975314
-0.00923649
-0.00693668
-0.00394065
0.00660168
-0.0118975
0.000790562
0.0100438
-0.00826513
0.000448996
-0.0075755
0.00489671
-0.00633393
-0.00340264
0.00108764
0.00426307
-0.00657223
0.00395461
-0.00450421
-0.000961925
0.00463952
0.000178389
0.00225485
0.00244218
-0.00562338
0.00482557
-0.00797369
-0.00204671
0.00145104
-0.00314584
-0.0039102
0.000666874
-0.00472492
-0.00230631
-0.000227046
0.00591618
-0.00168865
0.00118092
-0.000217585
0.00218331
-0.00394734
0.000573265
-0.00476733
0.00505496
0.0102313
0.00274496
0.00712281
0.0158074
-0.0127568
0.00341274
-0.0076938
0.0130357
0.0116437
0.0167201
0.00354948
0.00160261
0.00984435
0.00337734
0.00694462
-0.00694865
0.0073011
0.00206708
-0.000957085
0.0128973
-0.0151181
-0.00102969
0.002432
-0.00260573
0.00421412
-0.0012476
-0.00378193
0.00266236
-0.00121446
0.00269473
0.000329047
0.00181413
-0.000611209
0.00133125
-4.18416e-05
-0.000203162
0.00235288
0.00165472
-0.00316576
0.000822124
-0.00164591
-0.00169189
-0.00139496
0.000126524
-0.00310856
-0.00021683
-0.000109525
0.000802982
0.000816923
0.00481988
0.0021299
0.00028612
-0.00513765
0.00272162
0.00124674
0.00347547
-0.00289737
-0.00128334
-0.00338354
-0.00159073
0.00418044
0.00691806
-0.0112767
0.00730015
-0.00224313
0.00621966
0.00483495
-0.013594
0.0018952
-0.0115709
0.0114515
0.00495432
0.0104053
0.000913399
-0.0015821
0.00828928
-0.00945487
0.00211042
0.00411357
0.00121794
0.00280128
0.00272277
-0.00626518
0.00565283
0.00560843
-0.00299811
-0.00209548
-0.000514855
-0.000206136
-0.0017356
0.00808986
-0.00238063
-0.00223642
-0.00163955
-0.00488274
-0.00420596
0.00334837
-0.00457836
-0.00135529
-0.000615
-0.00161743
-0.00234592
-0.00230176
0.00149839
-0.00259645
-0.00285004
-0.000486439
-0.00208732
0.00191638
0.000647562
0.00102629
-0.00248974
0.00207678
0.00272821
-0.00484379
0.00185455
0.00311232
-0.00318912
0.000511832
8.95596e-05
0.000131968
0.00349012
-0.000874782
0.00209015
0.000637526
-0.0047009
0.00298995
-0.000432543
0.00379413
0.00319484
0.00629231
0.00356088
-0.00347977
-0.00217934
-0.00199283
0.00586063
-0.003254
0.00421852
-0.00157952
0.00350938
-0.0280377
0.0202749
-0.00655788
-0.0167039
0.00369336
0.01472
0.0043432
-0.0227566
0.000512366
-0.000518631
0.00016639
0.00024044
-0.000179049
-0.000108893
0.00115959
-0.00252959
-0.00316006
0.00199271
0.000366547
0.00146609
-0.000308518
-8.64722e-05
-3.32394e-05
-0.00114151
0.00181693
-0.00117731
-0.00317691
0.00195603
-0.0005783
-0.000986617
-0.00133984
-0.00205061
0.00319131
-0.00037137
-0.000862707
-0.00195724
0.0025501
-0.00263651
-0.000986539
0.00107295
0.00328844
0.000271191
-0.00109852
0.000744663
-0.00199742
0.00235126
-0.00357445
-0.0013342
0.00305955
0.000713405
0.0014765
-0.00627083
-0.00714998
0.0175615
-0.0140877
-0.00459879
0.0042907
0.0143958
0.0111048
-0.0158714
0.0159096
0.00298205
0.011505
0.00403048
-0.00126048
-0.00277231
0.00561153
0.00598328
0.00550573
0.00435671
-0.000458477
0.0119998
-0.000979916
-0.00189132
0.01245
-0.00155856
-0.00105108
0.00325604
-0.000646412
-0.00286629
-0.00637663
0.00241922
-2.72568e-05
0.00398466
0.0125048
-0.00308041
0.00313948
-0.00305406
0.0072077
-0.00115897
-0.00898702
-0.00592389
-0.000165757
0.000159877
0.00252532
-0.00573924
0.00648418
-0.00382198
-0.00129341
0.00148786
-0.00145806
0.00160165
-8.50347e-05
-0.000510182
0.00121377
-0.000618535
-0.000380386
-0.000780891
0.000476572
0.000883058
0.000164617
0.000792803
0.000183539
-0.000853379
0.00222465
-0.000967166
-0.00185136
0.00106917
-0.00201381
-0.000844381
0.00536013
0.00347165
0.00557149
0.00131904
-0.00519862
0.000721114
0.00498406
0.00683109
-0.00285026
-0.00713898
0.00347844
0.00651074
-0.00233298
-0.000443517
0.00536179
-0.000798661
0.00223441
0.000718932
-0.00136408
-0.000892575
-0.000410862
0.00266754
0.0025597
0.000398089
-0.0029789
-0.000346345
0.00833472
-0.01106
-0.00725901
0.0026718
0.00529726
0.0035151
-0.00285655
0.00120386
-0.00405303
0.00235364
-0.000675562
-0.00177212
0.00596274
0.00560181
0.0024481
0.000373204
0.00526556
0.00525447
-0.00187469
-0.00300655
-0.0024253
0.006609
-0.00818918
0.00400551
-0.000919415
0.00417132
-0.00376688
0.00051499
0.00622227
0.00322374
-0.00204037
0.000848735
-0.000929667
0.000164436
9.74232e-05
0.00770739
-0.011831
0.0060536
0.00581129
-0.0198456
-0.0117937
0.00475247
-0.00554242
0.0043322
-0.00354223
0.00469522
0.000768583
-0.00493888
-0.000524908
0.00250025
-0.00715559
0.00054237
0.00718876
0.0135614
-0.00987287
-0.00768183
-0.00519114
0.017748
0.0213452
0.0141267
-0.0016468
-0.00997867
-0.0128083
0.00278828
0.00174432
-0.00163071
-0.00261938
0.00627296
-0.00472417
-2.6294e-05
0.00395613
0.000794338
0.00518868
0.000305006
-0.00357783
0.00192363
0.00319319
-0.00333014
-0.000420083
0.0012914
0.0044757
-0.00298549
0.0047912
-0.000895441
-0.000166183
0.00136796
2.66517e-05
-0.00133885
0.00730918
-0.0025382
-0.00126077
0.00560225
-0.00395521
0.00319712
-0.00132627
-0.00465745
0.00464486
0.002455
0.00191474
-0.00609749
-0.00243248
-0.00300124
0.001159
0.00257885
-0.00532453
0.00193808
-0.00458724
0.00339656
-0.00808844
0.00475685
-0.0073346
-0.00935476
0.00710249
0.00048128
-0.00412342
0.000831041
-0.000751111
0.000586542
0.00414043
0.00256876
-0.000213595
0.00247238
0.000553614
-0.000664331
-0.000592709
0.000440733
0.00317877
0.000100613
0.000904427
0.00312936
-0.00159028
0.00140583
-0.00130867
0.00165625
-0.000307288
-0.00176378
0.00231842
0.00176364
0.000579567
0.000989653
0.00266803
0.000701494
-0.00108116
-0.000400596
0.00153828
-5.64963e-05
-1.17559e-05
-0.000345408
0.000797889
-0.000644565
-3.35185e-05
-0.000403057
0.00277247
-0.000477068
0.00135958
0.00238188
-0.000864993
0.00239148
0.00136852
0.00118412
-0.000571474
-0.00280183
0.00473291
0.00308986
-0.00207983
-0.00158151
0.00134471
0.00298431
-0.0030665
-0.00126254
8.7328e-05
0.00183511
-0.00064514
0.00320771
-0.00563414
0.00376711
-0.00578505
0.00752145
0.00804453
-0.000983491
0.00276579
0.0054233
-0.00053298
0.00145311
-0.00175201
-0.000189091
0.000146932
-0.00170983
-4.15893e-05
-0.00147913
0.000308508
0.00660227
-0.00224764
0.00208568
-0.0091928
0.00457594
-0.00368288
-0.000487166
0.00307845
0.00435038
-0.0028208
7.17115e-05
0.0024557
0.000749938
0.00118842
-0.00134675
0.0014272
0.00267088
-0.00296648
0.00356876
-0.00160966
0.00276075
0.00193953
0.00304422
0.00746758
-0.00099425
0.00121451
0.00228116
-0.000989534
-0.00204195
-0.00164743
-0.00313544
-0.000396522
0.00498702
-0.000381042
-0.000847819
0.000933163
-0.00179586
0.00113585
-0.00344968
-0.00340148
-0.00225756
-0.00349728
0.00203405
0.0020946
0.00749623
0.00800174
-0.000249858
0.00200452
0.00269347
0.00141908
-5.73989e-05
0.00201242
-0.00408966
0.000375337
-0.00447206
-4.51128e-05
0.00176026
0.00510493
-0.00837765
-0.0060197
-0.00606794
-0.0452205
-0.00636954
-0.019458
-0.020404
-0.00291721
-0.00771972
0.0129703
-0.0125123
0.0016925
-0.0103505
-0.0218871
0.0322231
-0.0115124
-0.00484129
-0.00277379
-0.00222198
-0.00163976
0.00509005
-0.00397531
0.00126084
-0.00600647
0.00133947
-0.00340058
-0.00224596
0.00297443
0.00521499
-0.00427716
-0.00261232
0.00218562
-0.0025874
0.0014149
-0.00143984
0.00593814
-0.000142685
0.00222373
-0.00253886
-0.00111289
0.000335609
0.000524491
0.000325533
0.00553105
0.00457219
0.00106867
-0.000874274
-0.0025436
0.00336765
0.0053511
0.000622076
0.00436723
-0.00339787
0.00214238
0.00247341
-0.00121823
0.00263262
0.00366552
0.00252283
-0.00237963
0.00372918
-0.000623977
0.000288946
-0.00284602
0.00426075
0.00519429
-0.00119865
0.000103002
-0.00221665
0.00158572
-0.00196173
-0.00191548
-0.000768129
0.000815991
0.000318683
0.00179722
-0.00107645
-0.000294382
-0.000109072
0.000610723
-0.00220006
0.00117192
-0.000107704
-0.000805647
0.00149756
0.000330482
0.00202893
-0.00314543
0.000629346
-0.000978113
0.00095211
0.000818667
-0.00333852
-0.00142159
-0.00344974
0.00904361
0.0127299
-0.0150226
-0.00912943
0.00421684
0.0170524
-0.016365
-0.00490429
-0.000869666
-0.0168811
0.00171545
0.00845495
-0.0104447
0.00112006
-0.00021872
-0.0049624
-0.0013223
-0.00182591
0.00219694
-0.00993792
0.00369219
0.0040767
-0.0022991
-0.0087324
0.00257133
-0.00316742
0.00932852
-0.000587397
0.00528887
0.00297357
0.00534781
-0.0104287
0.0015237
-0.00599575
0.00324886
-0.00411788
0.00545854
-0.0014188
-0.00612472
0.00794092
0.00501096
0.00405825
-0.00140186
-0.00399581
0.00240497
0.000361139
-0.00134112
-0.0039877
0.00179711
-0.00242152
-0.00127989
-0.00205518
0.000847126
-0.003187
0.00192962
0.00408194
-0.00282456
-0.000905573
0.00236484
0.000118629
-0.00442542
0.00324147
0.000159097
0.00280505
-0.00436832
0.0011942
-0.00524882
0.000834197
-0.00481931
0.00558377
-0.00199156
-0.000334513
-0.00439837
-0.000301457
0.00503434
-0.00590346
0.00493732
-0.0030796
0.00181147
-0.00403914
0.00287905
-0.00342509
-0.00282553
1.53585e-05
-0.00466632
0.00431644
-7.11307e-05
-0.00239119
-0.000663655
-0.00594129
-0.00149065
0.00514978
0.00313217
-0.00106161
-0.000862745
0.00105994
0.00199964
0.00175543
0.00261068
0.00421552
-0.0011042
-0.00459219
0.000629795
0.00204886
0.000379691
-0.00534738
0.00497753
-0.00177463
0.00964846
0.00527558
0.00223256
-0.00222845
-0.00207058
-0.00184034
0.000825466
0.00305708
-0.00784144
-0.005537
-0.00257017
0.00608908
0.0178469
-0.0198761
0.00791272
0.00427115
0.00345093
0.0305207
-0.00234389
-0.02396
0.0183209
8.53741e-05
0.00411559
-0.0122394
0.000748298
0.00349572
-0.0171168
-0.00383362
0.0174547
0.0117158
-0.00793639
-0.015783
0.00791907
-0.00800263
-0.013132
0.000987732
0.0201469
0.0110336
0.0101876
0.00142944
-0.0134465
0.00404703
0.000701876
-0.0181955
0.00243971
-0.00830173
-0.001397
-0.0108372
0.0103878
0.000872658
-0.000423295
-2.09513e-05
0.0114576
-0.0132429
-0.00578606
-0.012991
-0.0142543
-0.00159116
0.00215289
-0.00591447
0.00626466
0.0126
-0.0015634
-0.00488289
-0.0061537
0.00859214
-0.00232042
-0.0108429
0.00809221
0.00343544
-0.00396161
-0.00756603
0.00230952
-0.00298899
-0.0016377
0.00516906
-0.00266706
-0.000409037
-0.00409933
-0.00150178
-0.00428129
0.00335911
-0.00534547
0.000392455
-0.00838114
0.0103053
0.00538151
-0.00475982
0.0135552
-0.0074262
0.0012323
0.00882812
-0.0065718
0.00312519
0.00398141
0.00475151
0.00326687
0.00270159
0.0019645
-0.00723627
0.00178004
0.00782966
0.00423095
0.00378221
-0.00157414
-0.00402226
0.00181418
-0.00382913
0.00583826
0.00210446
-0.00325805
0.0043094
0.00267784
0.00658387
0.00358786
-0.00920347
0.000650881
0.00299932
-0.00240134
-0.00533315
0.000900016
0.00683449
0.00279324
-0.0017477
0.00420894
-0.00540557
-0.00321803
0.00441629
0.00420733
0.000306646
-0.00469221
0.00350614
-0.0075463
0.00237629
0.000652314
0.000305849
-0.00217219
0.00200071
0.0067334
-0.0017416
0.000734865
0.00371396
-0.00467959
-0.00297456
0.00694292
0.00233076
0.000774732
0.00984067
-0.00111498
0.00460082
-0.0013209
-0.00195937
-0.00132056
-0.0240878
-0.0244189
-0.0206531
-0.0016993
-0.0215762
0.00262243
-0.0150714
-0.00183332
0.00137281
0.000648265
-0.000707009
-0.0150127
-0.00704233
0.0012522
-0.0025517
-0.00300367
0.00277274
-0.00191901
-0.00623678
0.00413338
-1.85908e-05
-0.000411621
0.00318145
0.00112082
-0.00389065
0.000672183
0.00372159
0.00107037
-0.00595921
0.00552363
0.00300509
0.00230199
0.00882597
-0.0100614
-0.0010666
-0.000833026
0.00108349
-0.00420871
-0.00429077
-0.000733234
-0.000671978
-0.00486797
-0.000356378
0.00229197
0.00054654
0.000427188
-0.0032657
-0.00237297
-0.0103058
0.0174784
0.000709937
-0.012732
0.0106849
0.0219226
0.00108469
-0.00752472
0.00591881
-0.012913
-0.00226434
-0.0165376
0.0138857
0.0055736
0.00628609
0.00804321
-0.0047981
0.00654132
0.00355399
0.00721129
-0.00225287
6.97209e-05
-0.00227401
0.00171132
-0.00181038
0.00120379
0.00284525
-0.00523582
-0.00312501
-0.00345989
0.000864104
-0.00341732
-0.00277933
0.00274063
-0.00536954
-0.0201249
0.00257601
0.00297042
-0.0170071
-0.00443501
-0.0105375
-0.0121257
0.00153593
-5.0882e-05
0.0142238
-0.0157088
0.0104184
0.0147422
0.0147602
0.0118454
0.00710115
0.00991309
0.0114033
0.0105227
-0.0108949
-0.000287745
-0.00646523
0.0176478
-0.0142491
0.00967248
-0.00325907
-0.0164276
0.0172586
0.00242798
0.0152791
-0.0134466
-0.00813184
0.00877986
0.00990983
-0.0105579
0.0036528
0.00892202
0.00556303
0.0124853
0.00789667
0.002443
-0.00170932
0.000149832
-0.0034225
0.000590962
-0.00242146
0.00565
-0.00213256
-0.000680884
0.00308207
-0.000904409
0.00598901
-0.0104931
0.00339654
-0.000651542
-0.000591698
0.00581485
-0.00513836
-0.00202019
0.00134369
0.0142183
-0.0249697
-0.000989527
-0.0237385
-0.0176066
0.0117115
-0.00174613
-0.0111436
0.00117815
0.00118334
0.00722253
-0.00436647
-0.0296761
-0.0286956
0.0160538
-0.0293843
0.00796089
-0.00915598
7.38714e-05
-0.019513
-0.000822616
-0.00289706
0.00722583
-0.00310644
-0.00383315
0.00596197
-0.00387939
0.00673912
-0.0036298
-0.00633425
0.00771485
-0.00190153
0.00184841
-0.0125475
-0.00512183
-0.00605137
-0.0046193
0.00530807
-0.00863331
-0.00746509
0.00948319
-0.00187794
-0.0125557
0.0157701
-0.00133642
-0.000401392
0.00137446
-0.00359315
0.00116029
0.00248122
-4.835e-05
0.00283289
0.00407721
0.000683679
0.000122603
-0.00326657
0.00246029
-0.000126913
0.000105179
-0.00127641
0.00173178
0.00116463
0.00309364
0.00108207
-0.0026473
0.00186502
-4.04988e-05
-0.00169741
-0.000127114
0.0167226
-0.00790193
0.0181624
-0.000360217
-0.0117796
-0.00545348
0.0201106
0.00157657
-0.0155043
0.00105579
0.00142236
-0.0020324
0.00136742
-0.000830307
-0.00128022
0.000743078
-4.27178e-05
0.000365178
-1.0576e-05
-0.000311914
0.00147616
0.00119512
0.000621956
0.000452398
-0.00121686
0.000142516
0.00152302
-0.00162857
-0.0198799
0.0136941
0.000208347
-0.0103942
0.00143534
-0.00141916
0.00119306
-0.00120918
0.00379478
-0.000831686
-0.00386747
0.0112669
-0.0123254
-0.00141485
0.0024733
0.0042069
4.05839e-05
0.00129584
0.0011267
0.01344
0.00531137
-0.00748444
0.00125319
-0.00353815
-0.00573842
0.00261472
0.00556342
-0.0119378
-0.00304673
0.0050294
0.00181218
0.00308047
-0.00465053
0.00383538
-0.00451486
-0.00308477
0.00834869
-0.00444845
-0.00081547
0.000547343
-0.00958723
0.00303042
-0.000396022
-0.0263729
0.00492573
-0.00695275
0.00143536
-0.00950953
0.00239385
0.00396801
-0.00325824
-0.00344779
0.00155271
0.00213345
0.00359739
-0.00244436
0.00509582
-0.00869137
-0.0129468
0.00974091
0.000739432
0.00112535
-0.00671052
-0.0107087
0.0116441
0.00172388
-0.0133087
-0.0007406
-0.00828058
0.00776771
0.00151995
-0.00100709
0.00806651
0.0059459
0.00654157
0.00347956
-0.00605883
-0.0039623
-0.0018683
0.00234521
-0.00331719
-0.00221131
-0.00236061
-0.000115232
0.000525637
-0.00308829
-0.00059158
0.00125869
-0.00333266
0.000288214
0.0051552
-0.00301746
-0.00242594
0.000893743
0.0022119
-0.00400811
0.00221976
0.000161377
-4.28406e-05
0.000300726
0.0018004
-0.00205827
0.00216378
0.000882735
0.00122969
6.32442e-05
-0.000509927
-0.000362516
0.000410125
0.000919511
7.45845e-06
-0.000121818
0.00111053
0.000887008
0.00152359
-0.0015847
0.000948498
0.000377907
0.00105192
-0.00316029
0.00454648
-0.00475646
0.000155631
0.00621425
0.00525308
-0.00242627
-0.0032728
0.0017072
-0.000198223
0.00802215
-0.00171297
-0.00297174
0.00562282
0.00336926
0.00269881
-0.00971729
0.00511396
0.00729235
-0.00216401
0.00460924
-0.00215702
-0.000605227
-0.00444668
0.00915812
-0.00410626
-0.00170947
-0.00152405
0.00252302
0.000466025
-0.0013292
0.00276285
-0.00144927
0.00130789
-0.00754008
0.00433284
0.00590881
-0.00224305
0.00435079
-0.00445822
0.00235049
0.00168248
-0.00171925
-0.00140976
0.00144653
0.00261477
-0.00488508
-0.00215972
-0.000488923
0.000417978
0.00244031
-0.000428651
0.000484262
0.00216976
-0.0014699
-0.00031749
-0.00141139
-0.00471148
0.00653934
0.000878849
0.00224516
-0.00209979
-0.0010242
-0.00435141
0.00120682
0.00057748
-0.00148934
0.00289641
-0.00527449
0.00218865
-0.000196367
8.56043e-05
0.00228378
-0.00243407
-0.00138243
-0.000353
0.00337412
-0.00163866
0.00497934
-0.00187201
-0.00276141
-0.00353901
0.00392006
0.00238035
0.00319762
0.00587173
0.00294453
0.000324018
0.00367717
-0.0043242
0.00414863
0.000595076
-0.00409904
0.00289534
0.00260424
0.00464091
0.00450063
-0.00202205
5.69509e-05
0.00399025
0.00376538
0.000117948
0.00148348
-4.20364e-05
-0.00303493
1.95372e-05
0.00406731
-0.000334851
-0.00278222
0.00623082
-0.00524122
-0.00114745
0.00337655
-0.00115001
0.0012304
-0.00345693
0.00547461
0.00394549
-0.00492235
-0.00449772
-0.000529141
0.00244531
-0.00457739
0.000527108
0.00160498
-0.000427394
-0.00282324
-0.00457491
0.00188661
0.00196907
0.000719221
0.000154421
0.00364805
0.0026957
0.00119018
-0.00164072
-0.00216664
0.00453591
0.00657055
0.00687236
-0.00376846
-0.00488642
0.0120582
-0.00340331
0.00701185
0.00267311
0.000174977
-0.00769114
0.0138793
-0.0164939
0.00765574
-0.000335454
-0.00365264
0.00326802
0.000470714
0.00126128
0.000295655
-0.00168967
0.00383934
0.00552354
0.00108572
-0.00206275
0.00252405
4.05152e-05
-0.00274648
0.000377781
-0.0032156
-0.00322866
-0.000458576
1.21431e-05
-0.00170206
0.00609611
-0.00553598
0.00432422
0.0186902
-0.0048925
-0.00422639
-0.0158508
-0.00356204
0.00698772
0.00105001
-0.0010736
6.30494e-05
-0.00141571
-0.00145806
0.00231384
0.00103613
0.002039
-0.00747445
0.00439933
0.00141176
0.000676084
-0.00285035
-0.0204354
0.0183254
-0.0143148
-0.0319521
0.00501391
-0.018871
0.000467843
-0.0143696
-0.00486342
0.0154539
4.43838e-06
-0.00692467
0.0101466
0.00824699
-0.00959259
-0.00173149
0.00125949
0.00398555
0.0112874
-0.00408884
-0.00277148
-2.03932e-05
0.00688071
-0.00208743
-0.0157967
0.0160062
-0.00477499
0.00314709
0.00292373
-0.00476817
0.00509028
-0.000826776
-0.00518693
0.0107497
0.00267355
0.0120319
-0.0129926
0.00418355
0.0016599
-0.00364267
0.0025277
-0.0029148
0.00214264
0.000427261
0.000344899
0.00253753
0.00435992
-0.00491245
-0.00198499
0.000813583
-0.00291023
0.00111001
0.00274823
-0.00230097
0.00078696
0.00254339
-0.00187923
-0.00458489
0.00430877
0.00248968
-0.00221355
0.00163209
0.00191401
0.00118679
0.00309174
-0.00139474
-0.0010754
-0.000300255
0.0035204
0.00462934
0.00324649
0.000223751
0.00226474
-0.00573498
0.000357064
0.00369241
-0.00258257
0.00144819
0.00528747
0.00209689
0.000225735
0.00147654
-0.00340135
0.00244335
0.00215685
-0.00119885
0.00320198
-0.00271839
0.00268769
-0.000364454
-0.00139093
-0.00815096
0.00202237
0.00208945
0.00202479
0.000865813
-0.00515645
0.0051113
-0.00350152
0.00458262
-0.0011979
0.000926938
0.00105921
-0.00105731
0.00316002
0.000516138
-0.00261884
0.0024129
-0.00334702
-0.000309517
0.00124364
0.00161709
0.001864
-0.000433839
0.00281107
-0.00171861
0.000460223
-0.000529692
-0.00115936
-0.00371901
-0.00337561
0.000917571
-0.00464498
0.00289925
0.000828169
-0.00299305
-0.00349944
0.0021414
-0.00457163
-0.000179766
0.00261001
0.0035946
-0.000609449
0.00193967
-0.000531197
-0.00385814
0.00222302
0.00112946
-0.00404884
0.00128543
0.00252387
0.00402834
0.00221833
-0.002551
0.00284268
0.00355856
-0.000793537
-0.00297117
0.00078677
0.00274929
0.000303591
-0.000228878
-0.0016397
-0.00399641
-0.00554102
0.0040287
0.000381867
-0.00280344
-0.00145319
0.0036772
-0.00181042
-0.000160726
-0.00364874
0.00519645
-0.000487771
0.00132893
0.00299514
0.00200707
0.00540191
-0.0052937
0.000862595
-0.000970799
4.18329e-05
-0.00380252
-0.00428876
-0.0013317
0.00219272
-0.00354498
-0.00330361
0.000928375
-0.00628233
0.00486277
-0.000845107
-0.00377187
-0.00532518
0.00953706
-0.00572442
-0.00349349
-0.0042588
-0.00566263
0.00197468
0.00391984
-0.00448635
-0.00462526
-0.00134402
0.00327706
-0.00380793
0.00282483
0.00290431
0.00255314
0.00276063
0.00551541
0.0130949
-0.0131308
0.00435112
-0.000902844
0.00303561
0.00604991
-0.0124017
0.00784876
-0.00837887
-0.00120564
0.00195345
0.0193628
-0.0189133
-0.000442164
-0.000343962
0.0196994
-0.00782311
-0.00351338
-0.00530843
0.000440665
0.0064795
-0.00233497
-0.00194406
-0.00326105
0.00161673
-0.00704585
-0.00225961
-0.000305217
-0.00496074
0.00157815
0.0102901
-0.000244593
-0.00591667
-4.72973e-05
-0.00273931
0.0010919
0.00352199
0.00192544
-0.000613567
0.00145811
-0.000706726
-0.000137778
-0.00115467
0.000103083
0.000320047
-0.00334765
-0.00262614
-0.00133827
-0.00100293
0.000242867
0.00139553
-0.00048384
-0.00280556
-0.00239849
0.00116279
-0.00305029
-0.0025079
0.00543771
-0.000601071
-0.0109406
-0.00843218
0.0161692
0.00320356
-0.00910092
-0.0164086
-0.00929737
0.00410978
0.0134373
-0.00824975
0.00431058
-0.00911592
-0.0123347
0.00486537
0.0154711
0.00328317
-0.0186833
0.0061028
-0.0150798
-0.00848369
0.00600199
0.00596601
0.0139085
-0.0133183
-0.00655621
-0.00787373
0.0171261
-0.000707788
0.000383459
0.0176834
-0.017649
-0.00464801
-0.0111648
0.0136976
0.00948475
-0.0120176
0.0151502
-0.0222548
-0.0248475
0.00549087
-0.0124413
0.00867982
0.016442
-0.00444057
-0.00981026
-0.025275
0.0190796
0.000659346
0.0300939
-0.00348265
-0.019301
-0.00731022
0.0294218
-0.000613103
-0.0136585
0.0101044
0.00206997
-0.00788964
-0.00363693
0.00945662
-0.00622097
-0.00276861
0.0110596
0.000472609
-0.00302521
3.19769e-05
0.00651592
-0.00352267
0.00610101
0.00690638
-0.00123551
-0.00318117
-0.00304791
-0.00219736
-0.000985187
0.00433411
-0.00261106
0.00239011
0.000861165
0.00173017
-0.00213619
-0.00137278
0.00177883
0.00514011
0.000359838
0.0035066
0.00303995
-0.00564551
0.000404746
0.000806514
0.0121253
-0.0115331
0.00341294
0.00017039
-0.000624424
0.0044327
-0.00397866
-0.0165855
0.0110822
0.00237423
0.00300681
0.00841193
-0.013793
-0.00970488
0.006196
0.00490261
-0.0052789
0.00164372
0.0126693
-0.00903419
-0.00666103
0.00298249
0.00605277
0.0145939
-4.98243e-05
-0.0154147
0.000961503
0.00280757
0.00472585
-0.00111972
-0.000784886
-0.00148643
-0.00321971
0.00348893
0.0122161
-0.0169804
-0.000399681
0.0208758
0.00950548
-0.00609057
-0.0191122
-0.000669825
0.00467822
-0.00839979
0.000213967
-0.00286868
-0.0140342
-0.00143241
0.0188611
0.00666858
-0.00164578
0.0197605
-0.000911249
0.000259827
0.0156178
0.00146063
0.0037145
0.00412888
-0.00337176
0.00311817
-0.0189673
-0.000221027
0.0158166
-0.0201142
0.00365379
0.0118124
-0.00489411
0.001562
0.00660859
0.00811688
0.000165794
0.00729217
-0.00246593
-0.00539657
9.75367e-05
0.00748873
-0.00218969
-0.000998527
-0.00585599
0.00688874
-3.42298e-05
-0.000840273
0.00536022
0.00192434
-0.00161616
9.86818e-05
1.32682e-05
-0.0016655
0.0016094
-3.87232e-05
-0.000533197
-0.00048614
-2.53664e-05
0.00104472
-0.000142957
0.00140894
-0.00118573
-8.02327e-05
0.000845849
-1.29971e-05
-0.000975806
0.000386202
-0.00141767
-0.000874887
0.00190637
-0.000290676
0.000227611
-0.00248206
0.00716251
-0.000305638
0.000234177
0.00286715
-0.00217587
-0.000580691
0.000327108
-0.000448833
-0.00304273
-0.000958939
-1.19767e-05
0.00401364
-0.000199138
0.00350272
-0.00281075
0.00148186
0.00131035
7.492e-05
0.00250673
-0.00136848
-0.000751069
0.0018834
-0.00251305
0.00582065
-0.00269132
0.00171854
0.000408973
0.00333084
-0.000287422
0.00268961
0.00118449
-0.00616313
0.00434997
0.00152572
-0.00387378
0.00229918
0.000425906
0.00365533
-0.000648524
0.000561514
0.00237008
-0.00511246
0.00569285
-0.00387342
-0.000219453
0.00375529
0.00058818
0.00100071
-0.0073525
-0.0047734
0.0205571
-0.00843121
6.84202e-05
-0.00340788
-0.000833399
-0.000649157
-0.00485709
-0.00154156
-0.0056004
-0.00193279
0.000593344
0.00433043
0.00332484
0.000507756
0.00128225
-0.00392131
0.00156109
0.00191262
-0.0161782
-0.00459444
-0.015682
0.0135152
-0.0183968
-0.00338479
-0.00606294
0.0137583
-0.00421308
0.00301551
-0.0164134
0.00691447
0.00787701
-0.00500851
0.0105589
0.00848412
0.00104922
-0.000111542
0.00513957
-0.00624556
0.00813857
-0.00162289
-0.00207999
-0.00601193
0.00078117
0.00731075
0.0118324
-0.00502329
-0.00261858
0.00487266
0.000876432
-0.00752991
-0.00146444
0.00228666
0.00670762
0.00671875
-0.00214656
0.0029929
-0.00206388
0.00530181
-0.009483
0.00291024
-0.000714415
0.00728717
0.00212016
0.0116228
-0.0115759
0.00328114
-0.0017154
0.0100101
0.019583
-0.000737128
-0.010346
-0.00849983
-0.0106883
0.00299714
0.012227
0.00657084
0.00361665
-0.0026225
0.0090423
-0.0186038
0.012184
-0.00803614
-0.0221567
0.00844758
0.0217452
-0.0153716
0.0100008
0.0104957
0.00906907
-0.0116302
-0.000914609
0.0155419
0.00133579
-0.0154251
-0.00748689
0.00176997
0.00323129
-0.00021858
0.00392373
0.00712414
0.00244711
0.0105372
-0.0201084
0.00594131
-0.00110223
0.0116246
-0.0164637
0.000758912
-0.00653303
-0.0162898
-0.0192953
-0.0104994
0.000791973
0.00500673
0.00341864
0.00640254
-0.00311056
-0.000992806
-0.00190045
0.00145973
0.00684325
0.000536174
0.00245418
0.00191482
0.000564873
0.00224619
-0.00271631
-0.00211446
-0.00584358
0.00027117
-0.00224676
-0.00306382
0.009138
-0.0016057
0.00547929
0.00106649
0.00437192
0.00145033
0.000685568
-0.00645943
0.0025928
0.00186218
0.00456009
0.00607336
-0.00481797
0.00345976
0.0042898
-0.00293161
0.0067023
-0.00315666
0.00223352
0.000664161
0.00380461
-0.00512634
0.00613705
-0.00561319
-0.00412169
-0.00849422
0.00308234
-0.00431399
0.00486717
0.0099683
0.00978171
-0.0193973
-0.000352745
-0.000122976
0.00513606
0.000560463
0.00805494
-0.00439157
0.00473151
-0.00947442
0.00498474
-0.00706089
-0.00291172
0.00365843
-0.00532408
0.00165908
-0.00561099
0.00595819
-0.00200628
-0.00406736
-0.00126768
0.00672332
0.00205138
-0.00321444
-0.00556025
-0.00193665
-0.00591956
0.000370827
0.00748536
0.00197537
0.000584942
-0.0044286
0.00449195
-0.00363626
-0.00056433
-0.000291334
-0.00336258
-0.00291085
-0.000860417
-0.00073127
-0.000919845
-0.000989059
0.00264015
-0.00184206
-0.00175936
-0.000824007
0.000323461
-0.00359214
0.00490514
0.00987915
-0.00979956
-0.00441934
-0.000394649
0.00721831
-0.000827731
-0.00270784
-0.000643187
-0.00651555
-0.00276627
0.00143542
0.00784638
-0.00456095
0.0012885
0.00393661
-0.000339986
-0.00446674
0.00414819
-0.00454193
0.000802774
0.00518209
-0.0014429
-0.00220749
0.00491342
-0.00297558
0.000269662
0.00763141
0.00187847
-0.00272725
-0.00678266
-0.00334651
-0.00120339
0.00362954
-0.00118451
-0.00308823
0.00129201
0.00242187
-0.00111784
-0.00386223
0.0026564
-0.00307346
0.000226531
0.000190498
-0.00143156
0.000286683
0.00325889
0.00302408
-0.00166828
-0.00284563
0.0019845
0.00700402
9.75165e-05
-0.00908606
0.00222862
0.00518419
-0.0107754
0.00522533
0.000438697
-0.00587895
0.000214922
-0.00218427
0.00401765
-0.011097
0.00926356
0.00137979
-0.00578658
-0.00103051
-0.0025479
-0.00166553
0.000952693
-0.00577661
3.63266e-05
-0.00296576
0.000222241
0.00281665
0.000666913
-0.00240706
-0.00323218
-0.00409323
0.00233435
0.0023982
-0.00144539
-0.00328715
0.00369913
0.000210971
-0.00633639
-5.84852e-05
-0.000702257
0.000239172
0.00120021
-0.00137541
-0.00391803
0.00116452
0.000842694
-0.00559937
0.00765036
-0.000712023
-0.00433596
-0.00260238
0.00417908
-0.00117681
-0.00241553
0.000777246
0.0023858
-0.00182508
-0.00113344
0.00414289
-0.000200541
0.00420824
-0.00292126
-0.0016337
0.00382912
0.00400718
-0.000426669
-0.00616727
0.00282388
0.00372105
-0.000491637
0.00593832
0.00054233
0.00320535
-0.00122325
0.00291221
0.00428874
-0.00185313
0.00408966
0.0022993
-0.00163681
-0.00184314
-0.00143711
-0.00281422
0.00609447
-0.00073346
0.00153556
-0.00407612
0.000961029
0.000642209
-0.00426219
-0.00103056
-0.000758127
-0.000287909
0.000848334
-0.00419899
-0.00315881
0.00764924
-0.00579616
0.000205368
-0.00205847
0.0029488
-0.000703093
0.00109015
-0.00333586
0.000744603
-0.00647895
-0.0057542
0.00584681
0.00194346
-0.00548829
-0.00555862
-0.00678545
0.000410775
-0.00521173
-0.0137065
-0.0171563
-0.0068818
0.0159945
0.0109889
0.0104769
0.0101413
0.00943051
0.0172549
-0.0120199
-0.00365842
0.00927859
0.00665256
-0.00320121
-0.0127299
-0.0177939
0.0097804
0.00841071
-0.00567948
-0.0112032
-0.0054027
0.00186469
0.00630909
-0.00638847
0.0168084
-0.00737362
0.00373282
0.0088967
0.00765702
-0.0128209
0.00349477
-0.00861955
-0.00579979
0.00796145
0.0102884
-0.00652509
0.00264218
-0.00625074
0.0101336
0.00162854
-0.00357134
-0.00354927
0.00416938
0.00129389
-0.00112094
0.000253685
-0.00248323
-0.00172857
-3.69907e-05
-0.000692022
-0.00040084
-0.000533642
-0.00186018
0.00306073
-0.000105119
0.00184897
0.000355571
-0.00209942
-0.000442852
-0.00014785
-0.00247023
0.00306091
0.0012822
-0.00171798
-0.000114471
-0.00187283
0.00184552
0.0016548
0.000755483
0.000229467
-0.000617587
0.000641848
-0.000832626
0.00145733
-0.000703489
-0.00204356
0.00128969
0.00112227
-0.00147591
0.0020203
-0.000616831
-0.000914532
-0.000639975
-0.00108508
0.00263959
-0.00185579
-0.00631136
0.00508238
-0.00302269
-0.000508397
-0.00187959
0.00171134
6.31321e-05
-0.00298558
-0.00181644
-0.002295
-0.000235443
-0.00380454
0.00259458
-0.000426161
-0.00196486
9.60124e-05
-0.000528279
-0.000208056
0.000811767
0.000630494
0.0014113
0.00336848
-0.00541026
-0.00166473
-0.00317627
0.00226058
0.000671111
0.00102374
-0.00343764
0.00221393
0.000327161
-0.00258839
-0.00188704
-0.00069046
0.00119756
0.00520181
-0.000141056
0.00205569
-0.000591542
-0.00424264
0.0027785
-0.00936895
0.00552865
0.00522009
-0.00347849
0.00360414
-8.51108e-05
-0.000549218
-0.000456338
0.00361623
-0.00174422
0.00234561
0.00113392
-0.00354393
0.00257105
-0.00153074
-3.14677e-05
-0.000358013
-0.00137936
-0.00294309
-0.000586548
0.00225147
-0.00367616
0.000739924
0.000684756
0.00232634
-0.000526752
-0.00325283
9.28957e-05
-0.00175709
0.00192714
-0.000262928
0.00189833
7.37851e-05
0.00111775
-0.00060402
-0.000259528
-0.000155747
-0.0186399
-0.00334271
0.0135828
0.0121235
-0.0106038
-0.0150404
0.0135207
0.00985708
-0.00686785
-0.0187859
-0.0174842
0.0210687
-0.00947048
0.00588594
0.000504446
-0.0199003
0.0181902
-0.000576445
0.00959629
-0.00365961
0.0014167
-0.00206767
0.00646583
-0.00542634
0.00182884
0.00552184
0.00493023
0.00104541
-0.00410422
-0.000764348
0.00643058
0.005207
0.000618496
-0.00104698
0.00482455
-0.00122312
0.00116163
0.00139926
-0.00450338
-0.000784876
0.00215927
0.000437214
-0.0018116
-0.00204962
0.00456516
-0.00177923
0.00394748
0.00610693
-0.00501962
0.00228844
-0.00047802
-0.00328686
-0.00737421
0.00348475
0.00113207
0.00156846
-0.00513028
0.00127152
-0.00351545
0.00347857
0.000949489
-0.00285212
0.000444565
-0.00481791
0.00226253
-0.00201624
0.00326925
0.00200149
0.000488217
0.00132252
0.000220773
0.000740555
-0.000373253
-0.00054779
0.00115451
-0.000233408
0.00212486
-0.000486556
0.00721824
0.00156625
0.00702666
0.0105457
-0.00734254
-0.000532369
-0.00267079
-0.0064955
0.00173539
-0.00276983
0.000116774
-0.0115763
0.00447714
0.00698237
0.00705407
0.00543924
-0.00325482
-0.0043749
-0.0232218
0.0102105
0.00159045
-0.014024
0.00222298
0.00843608
0.00660713
-0.00483266
0.00226802
-0.0103866
0.00847129
0.00426873
0.00396928
0.00105107
-0.00428351
-0.00315965
-0.00436319
0.00210373
0.00176389
0.000495567
-0.00210223
-0.000349625
-0.00305327
0.00182134
0.000153366
0.00382001
-0.000190187
9.55338e-05
-0.00176689
-0.00273677
0.00337886
-0.00126528
-0.00271114
0.00120705
0.00338264
-0.00416692
0.00580005
-0.00160397
-0.000813443
0.00167428
0.00582402
-0.00508851
-0.00240979
0.00133493
-0.00116902
-0.000255699
-0.00172928
0.00195351
-0.00454854
-0.00048541
0.00245138
-0.00225731
0.00431737
-0.00054811
-0.00151195
-0.000284408
0.00211885
-0.0019618
-0.00311213
0.00191305
0.00188384
-0.00411465
0.00219663
-0.00494637
0.001401
0.000808604
0.0010166
0.00251449
-0.00627062
-0.00205048
0.00473135
-0.00281824
0.00324062
-0.00515372
-0.00494906
0.0019094
-0.00706318
0.00294561
0.00117649
0.00294108
-0.00573928
-0.00221311
0.00962667
-0.000913217
0.00425919
-0.00254982
0.00471819
-0.000600138
-0.00234968
-0.00176837
-0.0050016
0.00690869
0.00134432
-0.00353481
0.00233406
-0.00349704
0.000514322
0.00289682
0.00150408
-0.0040794
-0.00218366
-0.00549337
0.00407711
-0.0039338
-0.000593361
0.00171896
-0.0012262
0.000629426
-0.00145064
-0.00268118
-0.00137433
-0.00204887
0.00305874
-0.000249977
0.00209973
0.00418054
-0.00119748
-0.00341008
0.000427008
-0.00138179
0.00506121
-0.00290048
0.00258052
-0.00214328
-0.00508984
0.0041506
0.00206023
-0.00505183
-0.00317269
-0.00244615
0.00420308
0.00382355
-0.00114398
0.0015011
-0.00418065
-0.00124634
0.0035457
0.00108607
0.00427348
0.00750851
-0.00988467
0.00684386
0.00292583
0.00324725
-0.00216147
-0.000152778
-0.0013937
0.010046
0.00123527
-0.00571306
0.0073935
-0.00211358
-0.00542405
-0.0039903
0.00120924
0.00502728
0.000312744
-0.00266782
0.00578323
0.00243987
-0.00435621
0.00637908
0.00376036
0.00331534
0.000260314
0.00182552
-0.001505
0.00293835
-0.00473027
0.00207523
-0.000405149
0.00306018
-0.00103201
-0.00261445
0.00452287
0.00395773
-0.0212266
0.00451106
0.00704358
0.00967195
-0.00424892
0.0195222
0.00241011
0.012001
0.00186786
0.00609383
-0.0153195
-0.00129961
-0.00475956
0.0140116
0.0010984
-0.000901283
-0.00250705
-0.000286592
-0.00338783
0.00512261
-0.00409068
0.000516474
-0.00352376
0.00146144
0.00217574
-0.000113426
-0.0018624
0.0014431
-0.00324803
-0.00340011
0.000361776
-0.00063061
-0.00131399
-0.00286243
-0.00175794
-0.00198699
0.00170682
-0.00618601
0.00431
-0.00577372
-0.00482855
0.00151299
-0.00776153
0.00549175
0.00136638
-0.00560593
0.00337655
0.00164624
-0.00627751
0.00125474
0.00236641
0.00330536
-0.0051733
-0.000498463
-0.000671036
-0.0076613
-0.00566974
-0.00032522
0.00658575
0.00147314
-0.00583298
-0.00222592
0.00211803
-0.0024208
-0.00212572
0.0024285
0.00398292
-0.000570335
0.00282675
2.15723e-05
-0.00401798
0.00228494
-0.00283358
-0.0024322
-0.0021516
0.00206492
-0.00286015
0.00289006
0.000285823
-0.000315675
0.012469
-0.00776331
0.00280284
0.00103791
-0.000480903
0.00996968
0.00166278
-0.00990859
-0.00847986
-0.00330744
0.00121534
-0.00110945
0.000516395
-0.000255044
0.000373596
-0.00112354
0.00063736
-0.00588885
0.00382647
-0.00623783
-0.00342599
-0.00155882
0.00168193
-0.00456309
-0.000529303
-0.000259063
0.00535144
3.89058e-05
-9.27569e-05
-0.000842069
0.00089593
0.000420511
0.000215779
0.00515048
-0.00179313
-0.00207511
0.000760368
0.000230715
0.000338801
-5.309e-05
0.000197701
-0.00165281
0.000461105
-2.304e-05
0.000897287
-0.00200106
-0.00129841
-0.0126148
-0.0103771
-0.0296602
-0.00483371
-0.00924302
-0.0268748
-0.0223671
-0.00645183
-0.026956
0.0192202
-0.0241191
-0.00648991
0.0113888
-0.0151847
-0.00284207
0.00773238
0.0102944
-0.00367133
-0.0017223
0.000830533
0.0051005
-0.000436464
-0.00519335
0.0006072
-0.00452288
0.00279117
0.00112451
0.000532161
-0.00138284
0.00241177
0.00268391
-0.0010396
-0.00342245
-0.00151187
0.0032787
-0.00284211
0.0023827
-0.00210175
0.00219349
0.000235425
-0.000778437
-0.00123044
-0.00132146
0.00184987
-0.000652787
-0.00154472
-0.00178724
0.00220686
0.00180919
0.00387512
0.00336702
-0.00284781
-0.00384544
0.00806696
-0.0293487
-0.00837845
-0.0163385
-0.00302809
0.00619531
-0.00202218
-0.00114501
0.000408285
-0.00527064
-0.00637751
0.000373769
0.0035038
-0.00364613
0.0061861
0.00399566
-0.00458696
0.00175594
0.0049954
0.00476738
-0.00424424
0.00347254
0.00260317
-0.00567091
-0.00149306
1.88146e-05
-0.00243102
-0.00245075
0.00235255
-0.00461404
-0.00177623
0.00403772
0.00466812
0.0026594
-0.00680406
0.00763008
0.00253442
-0.000364926
0.00200056
0.00153572
-0.00317134
0.00543351
0.00400011
0.00481041
0.00380758
-0.0034675
0.00309429
-0.00436198
-0.00189649
0.00103801
0.000135611
0.000647667
0.00146829
0.000630475
-0.00312296
0.000892996
0.00124125
0.00123025
-0.00336449
0.00197607
-0.00175342
-0.00234224
0.000919331
0.00102968
0.000777595
-1.01604e-05
0.00035845
-0.00537462
0.00250791
0.00213386
0.00073285
-0.00181401
-8.69089e-05
-0.000167144
-0.00415373
-0.0021917
0.00402201
0.00316516
-0.00362887
-0.00172799
0.00411461
-0.00466724
-0.000366779
-0.000646233
0.00426817
-0.00719562
0.00160114
-0.000774885
0.00554406
0.00661172
0.00367189
-0.00536435
0.0064956
0.0031369
-0.00835882
0.00566868
0.000922905
-0.000235201
0.00841015
0.00775448
0.0065854
0.00262853
0.0140072
0.00626486
-0.000279708
0.0208182
0.00075495
-0.018082
0.00204904
0.00128744
0.0147455
-0.00570411
-0.00962308
0.00390404
0.00572082
-0.00264641
0.00628181
0.000692843
-0.00614583
8.84522e-05
-0.00033095
0.00638834
0.000492574
-0.00313888
-0.000465831
0.0031636
-0.00381685
-0.00508602
-0.0035153
0.00427223
-0.00246497
0.00302465
0.000143448
0.00294702
-0.00879778
0.00339884
-0.0110457
0.00288757
-0.0231635
-0.00272471
0.00714603
-0.00124771
0.00672881
-0.003416
-0.00591647
0.0046689
0.00466358
0.00333444
0.00136787
0.00465187
0.000212455
0.00526577
-0.00373971
0.0047478
-0.00131332
0.000305221
0.00590041
0.0021396
0.00387571
0.00329982
0.000953172
0.00724152
-0.00287564
0.000695675
-0.00559964
0.00756973
-0.000808682
-0.00168374
0.000692822
-0.00023137
-0.000726577
0.000580791
0.000273276
-0.00182829
-0.00172304
0.000846012
0.00421585
0.00514655
-0.00110234
0.00627828
0.00237789
0.00288664
-0.00324658
-0.00187234
-0.00157756
0.00265459
-0.00102833
0.00630996
-0.00208096
0.0048972
-0.00596038
-0.00274358
0.00647799
-0.00294221
0.00133045
0.000344638
-0.000535412
0.00126671
-0.00216673
-0.0043077
-0.00791934
0.00558005
0.00418381
-0.00557222
0.000558501
0.00699806
-0.00174857
-0.0103393
-0.0042139
0.0031727
-0.0145035
0.0155447
-0.0185315
0.0207937
0.00127293
-0.00353507
0.00284745
0.0128528
-0.0140754
-0.00542837
-0.000448931
-0.00360543
-0.0155725
0.00725566
0.0119223
0.00848155
-0.00170717
0.00129058
0.0116046
-0.0218594
0.00676695
0.00742915
-0.0104332
-8.24251e-05
-0.00820577
0.0225862
-0.0133927
0.00264021
-0.000523052
-0.000736787
-0.000819606
-0.000200699
0.0018867
-0.00223416
-0.00179474
-0.00192428
-0.00134422
-0.002585
-0.00135928
-0.000425436
0.00465886
-0.00287415
-0.00095
0.000250024
-0.000336699
-7.1595e-05
0.000507888
0.000409559
0.00277026
0.000645247
-0.00153212
0.000387368
0.000359904
-0.00185546
0.00113963
-0.000355408
-6.4669e-05
0.000431584
-0.000843254
-0.000659425
-0.00111291
0.00306392
-0.000647905
0.00176958
-0.00199893
-0.00444601
0.00467537
-0.0015723
0.00423865
-0.000573593
-0.00548472
0.0056172
0.000441111
-0.000769141
-0.00287251
0.006585
0.00541554
0.000973196
0.00161584
0.000447404
0.00698608
-0.0174586
0.000395805
-9.34755e-05
0.00610067
0.00708145
-0.00148139
-0.00338836
-0.00332829
0.00154055
-0.00619763
0.00672821
0.00467642
-0.00122752
0.00430084
-0.0011437
-0.00203823
0.00327716
0.000374462
0.00187671
0.000391224
0.00177687
-0.00100593
-0.00610146
0.00146861
0.00131759
0.00331525
0.00283851
0.0129804
0.00922991
0.00357515
-0.00524753
0.00588675
0.00859069
-0.00138383
-0.00540428
0.0159346
0.00368912
-0.0142195
-0.00486234
0.0147943
-0.00429732
0.00731436
-0.0018302
-0.00118686
0.00187115
-0.00135083
0.00139111
0.00322775
-0.0011835
-0.00171423
0.0019832
0.00214583
-0.00109356
-0.00378607
0.0039336
0.00226424
0.00404193
0.00454173
-0.00170617
-0.00466575
0.00113681
0.0052351
-0.0020929
0.00191561
-0.000532227
-0.00329901
0.0013646
0.00194194
-0.000421507
-0.00288505
-0.00294404
0.00145911
0.00421315
0.000154891
-0.00375195
0.00477064
-0.00117361
-0.00256304
0.00197436
-0.00172234
0.00231101
-0.00309774
0.00344691
-0.00422306
0.00400836
-0.00139757
-0.00555483
0.00267796
0.000995866
-0.000504719
-0.00166356
0.00491139
-0.00205864
-0.00244716
-0.000405597
0.00551819
-0.00513317
0.00452636
-0.00212709
-0.00446895
0.000494398
0.00123663
0.00560684
-0.000231755
-0.0031563
0.00517732
0.0181462
-0.00786452
-0.00952273
-0.0016485
0.00461096
-0.0076185
0.00278894
-0.0226018
-0.00200114
0.000568403
-0.0112837
-0.00586556
0.0104147
-0.00173954
0.000511167
0.00248321
0.00118616
-0.00179877
0.00176151
0.00245016
0.00112708
-0.0034537
0.00027775
0.0015524
-0.00340964
0.000559913
0.000290161
-0.00346128
0.00997439
0.0133483
-0.00411627
0.00565428
0.0101394
0.00267332
-0.000884184
-0.00292468
-0.00101433
-0.00455121
-0.00246062
-0.00254786
-0.000693204
-0.00497172
0.000966989
-0.00222276
-0.00105321
-0.000247793
-0.00247311
0.00220386
-0.00911579
-0.00302897
0.0102579
0.00188687
-0.00239996
0.0124597
-0.0103324
0.000272685
0.00239986
-0.0148445
0.0137321
0.00170704
0.00323109
0.0086791
-0.0036632
-0.00261452
-0.00278441
-0.00143455
2.78325e-06
0.00478647
-0.00571415
0.00472359
0.00403421
0.000881794
0.00416059
-0.00154472
-0.0050666
0.00315798
0.0011631
0.00309738
-0.00198234
-0.00227814
-0.00317424
0.00177325
0.00334652
-0.00381431
-0.0025726
0.000859014
-0.0030451
0.00291931
-0.00194146
0.0019011
-0.00105345
-0.00234955
0.00213397
0.00195347
0.00159213
0.0003393
0.000133428
0.0013404
0.000442209
0.000351167
-0.000356715
-0.00223684
-0.00766598
-0.00178271
0.00172002
0.00980358
0.01486
-0.000871053
0.00221465
0.00808436
0.00835078
0.000963103
0.00438966
-0.000757295
0.0127374
-0.00467224
-0.0154074
0.0101468
0.00681651
0.0264526
0.0074915
-0.0152282
0.0147802
0.00118006
0.00366418
-0.002875
0.00455543
-0.000324903
-0.00542967
-0.00457901
-0.00221052
0.00258669
-0.000168094
0.00748778
0.000890239
0.00325965
-0.00248126
0.00399996
-0.000208361
-0.000670411
0.00570287
0.000788165
-0.00370343
0.00051182
0.00949073
0.00363262
0.00226279
-0.0102636
-0.00299095
-0.000714611
0.00874196
-0.0050364
0.00723852
-0.0055784
0.0045457
-0.00172554
0.00205508
0.00636272
-0.00218405
0.00159374
-0.00360697
0.00343189
0.00244501
0.000524947
0.00528478
0.00333229
0.000847823
0.00152583
0.00279924
-0.00356498
0.00672298
-0.00358045
0.00170245
-0.00327473
0.00515274
-0.00474125
0.00233632
0.00298401
0.00504573
-0.00435251
0.00262059
0.000520285
-0.00283497
-0.00473312
-0.00351649
0.00285837
0.00280869
-0.000169037
0.00672894
0.00201534
0.000139843
-0.000708072
-0.00371359
0.00219436
-0.00218857
-0.000465255
6.98528e-05
-0.00304309
-0.0014733
0.00242719
0.00281698
0.00352222
0.000138808
7.63321e-05
-0.0058064
-0.00197085
-0.000228295
0.0075315
-0.00602784
0.00516937
0.000934803
-0.00543712
0.00291123
-0.00287774
-0.000442765
-0.00236791
-0.00222899
0.00406281
0.00112778
0.00493476
-0.00106145
4.093e-05
-0.00396519
-0.00390203
-0.00303038
-0.00585947
0.00242904
0.00312872
-0.00077755
-0.00303381
0.000682612
0.00140398
-0.000650972
-0.0040813
0.00189738
-0.00468751
0.00419412
0.00111748
0.00032216
-0.00167414
-0.00485412
0.00314832
0.00105353
-0.00252924
0.00471364
-0.00509097
0.000380155
0.00319999
-0.00273732
0.00339303
0.000637113
0.00649372
-0.00579034
0.000955229
0.00300234
0.0022091
-0.000615597
-0.00428865
0.00222222
-0.0018364
-0.000756205
-0.000601582
0.00483858
-0.00134145
-0.00289554
0.00425649
0.00462209
-0.0048714
-0.00395856
-0.00599271
-0.000673506
-0.00423171
-0.00262221
-0.00123375
0.00167127
0.000371524
0.00137292
-0.00341571
-0.00221462
-0.000937728
-0.00372347
-0.0031715
0.00318005
-0.00104575
-0.00375275
0.00378765
-0.001822
-0.00089391
-0.00107178
0.00310457
-0.00459912
0.000737211
-0.00402602
-0.00396404
-0.00050079
0.000926008
-0.00248368
-0.0030155
-0.00192787
0.00196566
-0.00149069
0.00173197
0.000673488
0.00146623
0.000646205
-0.00076821
0.00278024
0.00015197
-0.000459191
0.00183807
-0.000896348
-0.000152015
0.000188986
4.78666e-05
-0.000474946
0.00119024
0.000979711
-0.000589703
-0.000372953
-1.7074e-05
-7.78904e-05
0.000366184
0.000434955
0.000314747
-0.000489128
-0.000171038
-0.000113181
0.0029889
-0.000920429
-0.00545089
0.00242859
0.00545133
-0.000846688
-0.0030584
0.00263458
-0.00373509
0.000253828
-0.00182299
0.00397289
-0.00154623
0.000876542
0.00117759
0.000260641
0.000374133
0.00122078
0.000235964
-0.00138756
0.00153781
0.000211842
4.01752e-05
-0.00153412
-5.05943e-05
0.00129405
-0.000670478
9.79673e-05
-0.000533736
0.00047594
-0.000384605
-0.00169611
4.41194e-05
-0.000143889
0.000138696
-0.000153655
0.00023473
-0.000219715
0.0016701
-0.00028022
0.00144612
-0.00291931
-0.000324337
0.00259593
-0.000492805
-0.000262884
0.000505343
0.00140784
0.000200826
-0.00102487
0.00179796
-0.000739428
-3.36168e-05
0.00151774
0.00400051
-0.00106347
-0.00445477
0.00089619
0.000874043
-0.00249353
-0.00142562
-0.000450659
-0.00248961
0.00272616
0.000466676
-0.00271821
0.00213272
0.000268095
-0.00470767
0.00370657
-0.0041875
-0.000698519
0.00198239
0.00191617
0.000542239
0.00228285
0.00194245
-0.00278726
-0.000983816
0.00182863
-0.00175944
-0.00106463
0.00123829
0.00158579
0.00327463
-0.00241242
0.00155772
-0.00167673
0.00340897
-0.00328996
-0.00124281
-0.00473157
-0.00337693
-0.000844558
-0.0027966
-0.00308737
0.00359184
-0.00512743
-0.0023793
0.0039149
-0.00293422
-0.00415622
-0.00174354
0.00305405
0.0011727
0.00193081
-0.00442332
0.00222058
-0.000568596
-0.000427662
-0.00248299
-0.0028509
0.00153218
-0.0037677
0.00205576
-0.00562131
0.00278731
0.00392007
-0.00298937
0.00186322
-6.71301e-05
0.00286778
0.00401194
0.00362726
0.00274605
0.00359349
0.00331468
-0.00413086
-0.000927357
0.00178236
-0.00427701
0.00101219
-0.00227664
-0.00403191
0.00619264
0.000615466
0.0029422
0.00026589
0.0038533
0.000584182
-0.00233223
-0.00210525
0.00231106
-0.00396679
-0.000424002
0.00207973
0.00260977
0.00152187
-0.00335762
-0.00148912
0.00332486
0.00373852
0.00143573
-0.00455877
0.0026887
-0.00665993
-0.0028794
-0.00789386
0.00122914
-0.00988226
0.00327584
-0.00449099
0.00508956
-0.00462815
-0.000123532
0.00451992
0.00248032
-0.00341598
-0.0036492
0.000152112
0.00230845
-0.00158666
-0.00137013
-0.00835793
0.00704342
-0.000322028
0.00163655
-0.00387971
0.00225074
0.00100713
0.000376499
-0.000753384
0.000203605
0.000446454
-0.00236933
-0.00144176
0.00260173
0.000380572
-0.00114584
-0.00295535
0.00133249
0.00318082
0.0146809
0.013376
0.000316542
-0.000146096
0.0178228
0.00728101
0.00729503
-0.015473
-0.00147057
0.00175018
0.00173858
-0.00211584
-0.00277406
0.00406194
0.000487781
-0.00256327
-0.00180414
0.00153494
0.00117547
0.00140421
0.000385653
-0.000780636
-0.00385622
0.00291641
-0.00470519
-0.00250146
0.00429023
0.00328574
0.000858968
-0.00245444
-0.00121152
0.00592366
0.0014529
0.00484242
-0.00526712
-0.00684608
0.00234429
-0.00114837
0.00292392
0.000739812
0.00074542
-0.000571021
0.000776145
0.00144909
-0.000640443
3.37881e-05
-0.00107701
0.00139574
0.000265192
0.00145522
0.00159464
-0.00188264
-0.00458796
0.00470273
-0.00142935
0.0039753
0.000439299
0.00661488
0.002819
0.00638283
-0.00241076
0.00438717
-0.00276074
0.00785401
-0.0024083
0.00616256
-0.00504789
-0.0063209
-0.00487101
0.0100135
-0.00822924
-0.00764195
-0.000206859
-0.00342088
0.000892451
0.00458071
-0.0012672
-0.000411697
-0.00136551
-0.00293938
1.47395e-05
0.01704
-0.0163792
-0.000675493
-0.0119311
-0.00645653
0.000118568
0.00459332
0.00557479
-0.000994881
0.00553927
0.000462928
0.00223446
0.00563889
-0.00367896
0.00487595
0.0013115
0.000159922
-7.13736e-05
-0.000636413
-0.000757326
-0.000847531
0.00477407
-0.00316922
0.000803138
0.00237186
0.00447568
0.00294792
0.00120311
0.00371191
0.00415362
-0.001476
0.00427295
-0.00517456
0.00537729
-0.00198173
0.00339576
-0.00588279
4.95367e-06
0.00223888
-0.000479824
-0.00124446
0.00129886
-0.00299159
-0.00192925
0.00112253
-0.00452974
-0.00450915
0.00357361
0.00106581
0.00364016
0.00185622
-0.000498387
0.00336579
0.00178577
-0.00495111
0.00246686
0.0016869
-0.000620127
-0.00111983
0.000928124
0.00110794
0.00197229
0.00324353
-0.000293374
0.000651653
-0.00360182
-0.00121869
0.00203524
-0.000458114
1.99185e-05
7.98914e-05
-0.0015197
-0.00149021
0.000774917
0.000724233
-0.00121963
-0.000159044
8.78216e-06
0.0013699
0.000892048
-1.21752e-06
-0.00198301
0.00107926
0.000810043
0.000873559
0.00102157
0.000366164
0.000195319
0.00170965
0.000695511
0.00129953
0.000398632
0.00154805
-0.00205109
-0.00453309
0.00188437
0.00189558
-0.00230086
0.0018814
-0.00316972
-0.00425729
-0.0101656
-0.00105012
0.0128712
0.00478871
-0.0153551
0.0111151
0.0044204
0.018264
-0.0157857
0.00401798
0.00729526
0.0055084
-0.00930174
-0.0036642
0.00164151
-0.00381262
0.00411288
-0.00165213
-0.0106432
0.00123979
0.00412471
-0.00250515
-0.00487439
-0.000955095
-0.00772076
0.0107813
0.00328711
0.000863332
-0.00229865
-0.0025022
-0.00133698
0.00105536
-0.00222888
0.00471255
-0.00980432
-0.00410721
-0.00338971
-0.00151387
0.00280383
-0.00363833
-0.00722977
0.00433019
0.00350437
0.00356753
-0.00357504
-0.00349684
0.0129453
-0.0272111
-0.0128865
0.0163334
0.0116427
0.00159972
-0.00140051
0.00309484
0.00399035
0.00620524
0.00428771
-0.00131318
-0.0143685
-0.00401347
0.000454869
-0.00138824
-0.00107605
0.00186115
-0.00187137
0.00376781
-0.00143828
-0.000150502
-0.00217898
-0.00467871
0.000879412
0.00783356
-0.000211022
-0.00371995
-0.00291511
-0.0031062
0.0075006
-0.00485168
-0.000575959
-0.000600195
-0.00340551
0.00564419
-0.00176758
-0.000471064
-0.00629705
-0.00118467
0.0032831
0.00093225
0.00295891
-0.000229798
0.00478293
0.00132274
-0.00334299
-0.00114748
0.000624336
0.00157271
-0.00261856
-0.000603908
0.00222523
-0.00173451
0.0014176
-0.000157967
-0.00305333
0.000873626
0.00552484
-0.00515755
0.00530901
-0.00118641
0.001035
0.00298624
-0.000507189
0.00178916
0.00757446
0.00449808
0.00204353
0.000288684
-0.000428635
-0.00385807
0.00189918
0.00269486
0.00363527
-0.00555087
0.00340589
-0.000644173
0.00278916
-0.000569538
-0.00385879
-0.00196765
0.00235282
-0.00209267
0.00618195
-0.000683381
-0.00238411
-0.00176118
0.000625329
-0.00122266
-7.81763e-05
0.000885671
0.000393065
0.00109297
-0.0023717
-0.00280602
0.000879909
0.00158228
-0.00157652
0.00206124
-0.00340972
-0.0037207
0.00328522
0.00287391
0.00506181
-0.00400124
0.00711615
-0.00372015
-0.00229408
0.00480798
-0.00529
-0.00315686
-0.00314073
-0.00256749
0.0011103
-0.00288274
-0.000177511
-0.00415305
0.00180455
0.000826794
-0.00269852
0.00612303
0.00368065
0.00145198
0.00104749
0.00461664
0.00729141
0.00425183
0.00331683
0.000290237
0.00449462
-0.00123516
-0.00561013
-0.00234775
-0.00155261
0.00354015
-0.00197578
-0.0035884
0.00499465
-0.000764934
0.0019453
0.000506573
0.00250724
0.00049565
6.32414e-05
-0.0018684
-0.000851664
0.00265688
0.000334536
0.00652895
-0.00255347
0.00286179
0.00381542
-0.00527622
0.000508102
0.00133285
-0.00438264
0.00254166
0.00417068
0.00255582
0.00664291
-0.00644439
-0.000774479
5.47686e-05
-0.000908918
-0.00411237
-0.00134913
0.0013348
0.000864914
-0.00284269
0.00251894
-0.000541169
0.00252128
-0.00427075
0.00292494
0.00216664
-0.00515798
-0.00225968
4.86622e-05
0.00330643
-0.000631823
-0.00493429
-0.000254048
-0.00490866
0.000799518
-0.00174181
0.00618979
-0.00289767
-0.00155031
-0.0065897
0.00414269
0.000829386
0.00161763
0.00094691
-0.00411649
0.00501229
-0.00184271
-0.000588696
-0.00308207
0.00461767
-0.00119404
-0.00466425
-0.00460759
0.00138853
0.00229171
-0.0026695
-0.0054053
-0.00883649
-0.000944037
-0.00188762
-0.00292255
0.000540945
-0.00852596
0.00203228
0.00595271
-0.00423048
-0.00231292
0.00775225
-0.00868691
0.000693472
-5.37852e-06
-0.00437641
-0.000436191
0.00090115
-0.00801332
-0.00323459
0.00167065
0.00160218
-0.00781478
0.00200037
-0.0108947
0.00779215
0.00926435
-0.00817234
0.000739163
9.06385e-05
0.00639031
0.00395683
-0.00261361
0.00113981
-0.00913214
-0.000589764
-0.0101929
0.000881719
0.000878493
0.00016694
0.00540146
-0.0029186
-0.000668677
0.000290041
0.00618878
0.000835538
0.00112159
0.00195364
0.015851
-0.0256199
0.0122161
0.0103992
-0.0047863
-0.00517221
0.0035532
-0.00296084
-0.00362042
-0.00412345
0.00857702
-0.0270553
-0.00998517
0.00175817
0.0113845
-0.019444
0.00630132
-0.00390684
-0.0044615
0.0204919
-0.0155968
0.0150612
0.0120993
-0.0108962
-0.00541624
-0.00270874
0.0196328
-0.00141027
0.00302625
0.00826093
-0.00308983
-0.0040545
-0.00111656
0.00706487
-0.000859337
0.00158968
0.00453709
-0.00745366
0.00320265
0.000831888
0.000527651
-0.000665647
0.00228665
-0.00230794
-0.00413492
-0.00372193
0.00151115
-0.00692373
0.00422792
-0.0045811
-0.00312437
0.000174251
0.00753123
-0.00630638
0.00311489
0.00106576
0.00153177
-0.00309689
-0.00474126
-0.00315736
0.00657816
0.00118974
-0.00154605
0.000986791
0.00120941
-0.00166786
-3.04499e-05
-0.0063608
0.00390145
0.00434595
-0.002174
-0.000735468
0.00102244
0.000408364
-0.00167326
-0.000144874
0.00323122
0.000466397
0.00193815
-0.000787018
-0.000348335
0.00148283
-0.000639978
0.00045374
0.000977123
0.00387567
-0.00330433
-0.00154843
-0.00239907
-0.00128687
0.00555973
-0.00291733
0.00417319
-0.00118627
-0.00200979
-0.00435624
0.00365082
-0.00782627
0.00145855
0.00545449
-0.000334895
0.00465317
-0.00349393
-0.00469405
0.0181054
0.00303309
-0.000344785
-0.0115483
0.0100779
0.0135941
-0.00313501
0.0111155
0.00489072
0.0105302
-0.00858787
-0.0155791
0.0238986
-0.00850721
-0.0182672
0.0181865
0.0161649
-0.00797239
-0.00245054
0.0162183
-0.00562931
0.0119984
-0.0127852
-0.00806034
0.00690763
0.0169653
0.00916732
-0.02566
0.00466413
-0.00549053
0.00626806
-0.00544168
-0.000284084
-0.00040441
0.00300229
0.00463285
0.00256667
-0.00512209
-0.00207742
-0.00588648
0.000950138
0.00652604
-0.00519669
0.00494025
0.00311962
0.000966765
-0.00563898
-0.00236803
-0.00120214
0.00437294
0.00454376
0.00304866
-0.00822431
0.000631868
-0.00496125
-0.00142631
-0.00137169
0.00306678
0.000735346
-0.00401159
-0.00486756
-0.000155143
-0.000960256
-0.00167186
-0.000389091
0.00405985
-0.00256045
-0.00319213
0.00323253
-0.00252276
0.00552455
-0.000895015
-0.000259023
-0.00295833
-0.00123853
-0.00185743
0.00776487
-0.00352843
-0.00207177
0.00554344
0.00330128
-0.00856722
-0.0065702
0.00194662
-0.00200156
0.00489034
-0.0036702
-0.000483905
-0.000736223
-0.00207785
0.00501001
0.00208014
-0.000251567
-0.00379102
0.00558684
-0.00154425
-0.000880848
-0.00258086
-0.00122147
-0.000630084
-0.00144395
-0.001865
0.00619664
0.00226123
0.0017727
0.00110162
-0.00356753
0.000761401
0.00681035
-0.00719445
-0.000377307
0.00420016
-0.00162347
-0.0074477
-0.000625124
-0.00345146
0.000109378
0.00223609
0.0011045
-0.00146695
0.00119917
-0.00138572
0.00165349
-0.000548793
-0.00316453
0.000823092
-0.00327619
0.00117952
-0.00312013
-0.00450359
0.00266247
-0.00396505
0.00188928
-0.00536914
0.00366011
-0.00416419
0.00189261
-0.00132629
-0.000445918
-0.00219284
0.00318909
-0.00285603
0.000666005
0.0022499
-0.00405987
0.00124984
0.00123703
0.00125164
0.00316396
-0.00506205
0.00889994
-0.00466856
-0.00121417
0.00447998
-0.00423123
-0.00312439
0.00360061
-0.00429801
-0.00271284
-0.00833513
0.0100852
-0.00436867
0.00354455
-0.00353062
-0.0119183
0.0139983
-0.00221143
0.00919833
-0.00528723
0.0132521
-0.00838267
0.002532
-0.00367484
2.38834e-05
-0.000207082
0.0019409
-0.00288197
0.0010798
-0.0012361
-0.000737221
0.000308595
-0.00127944
0.00035066
-0.00112162
0.00519511
-0.00429297
0.00284357
-0.00250284
0.000859082
-0.00119981
-0.00142129
0.00570751
0.0056092
0.000698971
0.00534307
-0.00383287
0.00281296
0.00345556
-0.00493568
0.00507032
-0.00118985
0.00427838
0.000990929
0.00143243
-0.00670175
0.00086404
-0.00665686
0.00155347
0.00423935
-9.14322e-05
-0.000142422
0.00437654
-0.00172748
0.0005639
-0.000691794
0.00185538
-7.71108e-05
0.000670773
-0.00297778
0.00145539
-0.00250409
-0.000879378
-0.00320751
0.00393903
0.000533384
4.57938e-05
0.000198431
0.00360414
0.00345968
-0.00285491
-0.0042089
0.00128362
-0.00157761
0.0035872
-0.00329317
0.00309327
0.000808912
-0.000298046
0.00478457
0.000679286
-0.000235056
0.000730977
-0.00262752
0.00206138
-0.00461478
0.00211548
-0.00254337
0.00050095
-0.00161505
-0.00128938
0.000510201
-0.00444703
0.00264747
0.00696066
0.00538827
-0.00536554
0.00337776
-0.0026879
0.00107347
0.00721708
-0.00204439
-0.003627
0.00215801
0.00184961
-0.00623556
0.00529764
-0.00489829
0.00734178
0.0021973
-0.00464079
0.00276421
0.00339107
-0.00152243
-0.00325266
0.00564201
-0.00209515
-0.0037032
0.00163255
0.00363034
-0.0144052
-0.0090719
-0.0131215
0.0190959
-0.0115063
-0.00373984
-0.014035
0.0149097
0.0163366
-0.00496686
-0.0238393
-0.00430463
0.014109
0.00364097
-0.00801061
-0.000504757
-0.00262155
-0.00100994
-0.00536008
0.00636464
-0.00205153
0.000734791
0.00277493
-0.00145823
-0.0216265
-0.0115543
0.0091782
0.0163663
-0.0139903
0.00683711
-0.0182328
-0.00606413
-0.0285164
0.0193958
-0.00676291
-0.000124669
-0.00827453
-0.000943217
0.00934241
-0.00695078
-0.024693
0.00476871
-8.24639e-05
0.00351903
0.000387478
-0.000933675
-0.00158938
-0.00296834
-0.000906053
-0.00128461
0.00095953
-0.00192235
0.0036825
-0.000470352
-0.00257431
-0.000637816
-0.00184333
-0.00148475
0.00477709
-0.00144897
-0.00221649
0.00226996
0.00488808
0.000673519
0.00329219
0.0069946
-0.0154968
0.00520998
0.00201362
-0.00236454
0.00143019
-0.00917025
0.000437021
0.00323498
0.00549824
-0.000652693
0.00935365
-0.0080756
-0.000625351
-0.00328542
-0.00120368
0.00590579
-0.00500097
-0.00113099
0.00433883
0.00502636
-0.0182932
0.015387
0.0083538
-0.00784893
0.0153461
0.00497889
0.00811675
-0.007731
-0.0053646
-0.00056685
-0.00256195
-0.000675771
0.000512636
-0.00121598
-0.00389577
-0.00251048
-0.0033277
-0.00310708
0.00126058
0.000671346
-0.00520473
-0.00403516
-0.00458645
0.000188349
-0.0033391
-0.00306331
0.00117113
-0.00611842
0.000419373
0.00432636
-0.00602938
0.00128365
0.00199082
0.00752036
-0.00662716
-0.00288404
0.00111695
0.00391186
-0.00286248
-0.00317223
-0.000609069
0.00389788
-0.00206013
0.00314117
-7.8139e-05
-0.00377677
-0.000419948
-0.000385007
-0.00129796
0.00210291
0.00462624
-0.000151588
-0.00323484
-0.00150082
-0.00159183
0.00305564
0.00051874
-0.00302225
0.000545908
0.00195759
-0.00633198
-0.00238007
-0.00466393
0.00479218
-0.00317956
-0.00445911
0.0108859
0.00301073
0.000621456
0.00449227
-0.0124894
0.00737566
0.00676278
-0.00920463
-0.00676641
-0.00579979
-0.0062194
-0.000590329
-0.0247093
0.0181304
0.0171161
0.00445476
-0.0142508
0.0222171
-0.0172131
0.00275355
0.0104274
-0.0142658
0.00108483
0.00436392
-0.00628554
0.0174202
-0.0154986
-0.00120373
-0.00520661
-0.0155469
0.0167326
0.00402092
0.00249957
0.00777024
-0.00504243
0.0140918
-0.00577458
-0.00327477
0.00269385
-0.00505024
-0.00888363
0.00357683
-0.00110668
0.0200867
-0.00970948
-0.00354016
0.0135064
-0.00821412
9.40882e-05
-0.0265877
0.00996889
0.0105547
-0.0146811
0.00999955
-0.00377849
0.01396
-0.0118994
0.00771982
-0.00699227
0.0147879
-0.0045921
0.0176475
0.0004648
-0.0225538
0.00444153
0.00456982
-0.00604794
0.00960409
-0.00812598
-0.0127044
0.00609561
-0.0152223
-0.00669387
-0.000240518
-0.0136561
0.014139
-0.0065018
-0.00424752
-0.0105317
-0.0032489
0.00538932
-0.00487295
0.00608564
-0.0113646
0.00107906
0.00100885
0.00857492
0.00336794
0.00152257
-0.00194842
0.00477664
0.010568
-0.00232701
-0.000812685
-0.000208297
-0.00653718
0.00373315
-0.000444877
-0.00099518
3.85922e-05
-0.00333216
-0.00612361
0.0014209
-0.00363147
-0.00107818
0.00357814
-0.00075876
-0.0022001
-0.0158395
0.00184884
-0.00573009
0.0172572
-0.00163402
0.00236694
0.00256548
0.00922141
-0.00808367
0.0151983
-0.0101561
-0.00842705
-0.0106946
-0.00401162
-0.00237267
0.0139884
-0.00541483
0.0118453
-0.00975664
-0.0103991
0.0141349
0.00602091
0.0149619
-0.0099555
0.0149411
-0.0199475
0.00556448
-0.0044847
0.00358054
-0.00472326
-0.00224511
-0.00348114
0.000624757
0.00179175
0.000446778
-0.00277972
-0.000536938
-0.00427998
-0.00575558
0.00312536
0.000405772
0.00222444
0.000598795
-6.02919e-06
-0.0028752
-0.00313224
0.000401519
-0.00480128
-0.00164945
0.00619916
-0.00809167
-0.00817942
-0.00288122
0.00657595
-0.00172735
-0.00358092
-0.00287115
-0.00019913
-0.000233707
-0.000372123
0.00311714
-0.00592114
0.00656983
-0.00509002
0.00831762
-0.00495495
0.00408238
0.00046553
-0.000333125
-0.00421478
-0.00548165
0.00178046
0.00456523
-0.005907
0.000333912
-2.71133e-05
0.00269677
0.00369991
-0.00893836
-0.000753
-0.000702775
0.00420872
-0.000144732
0.00132533
0.00513405
-0.00296292
0.00156202
0.00693636
0.0051544
-0.00575139
0.0100643
-0.00652986
-0.00193615
-0.00159829
-0.000207618
-0.000316203
0.000199507
-0.00270062
0.000213645
-0.000384327
0.000952845
0.000471723
-0.00125763
-0.00195607
-1.56925e-07
0.00184441
0.00201311
-0.00324306
-0.00411164
-0.00233557
0.00208798
-0.000379657
-0.00436817
-0.000102811
-0.00488622
0.00489194
0.00382746
-0.00146429
0.00185272
-3.73551e-05
-0.00173085
-0.00105504
0.00212685
-0.00174104
-0.00254729
-0.00145874
-0.00554288
0.00601224
-0.000647441
0.00181126
-0.00414851
0.00298465
-0.00133819
0.00126658
0.00453163
-0.00445998
-0.00263168
0.00259359
0.000812925
-0.00318216
-0.00124742
0.00359203
-0.00315877
0.00236542
-0.000817527
0.000133288
0.000882007
0.00101965
-7.64821e-05
-0.00131641
0.00477876
-0.00258288
0.00162408
0.00415795
-0.00302482
-1.57815e-06
0.00193181
0.00109271
-0.00302292
0.00200764
-0.000380478
-0.000159604
0.0031241
0.00152953
0.000990197
0.00024542
0.000926224
-0.000267856
-0.000577433
0.000728076
-0.000218108
0.000631305
-0.00496644
0.00378987
-0.000982123
0.00333763
-0.00369184
-0.00365024
0.00375369
-0.00532546
0.0060787
0.00258442
-2.32892e-05
0.00366742
-0.00102776
0.000434507
-0.00365121
0.0042445
0.00647912
0.00285132
0.00209672
0.00134526
-0.0014661
0.00177638
0.0023172
0.00476184
-0.0011918
0.0011611
0.000421776
0.00259577
0.00267989
-0.00470901
0.00110571
0.000923395
-0.00562253
0.00126027
0.000745908
0.00361636
0.00489171
-0.00033251
0.00673845
0.00668993
-0.00203275
-0.00396151
0.00062833
-0.00451894
-0.00336758
-0.0029186
-0.00252869
-0.000176526
5.17556e-05
-0.00359698
0.00328206
0.000588284
-0.00404687
0.00504048
0.00267104
-0.00226019
0.00282771
-0.00198786
-0.00545473
-0.00318498
0.000191358
2.53721e-05
-0.00140984
-0.00322337
0.00460784
0.00104866
-0.00113415
-0.00391586
0.00507538
0.00554292
-0.00240927
-0.000592009
0.000192755
0.00532462
-0.00592266
-8.44838e-05
0.000682522
0.00429389
0.00154613
-0.000443281
0.00410387
0.000259605
0.000726839
0.000295227
-0.00318976
-0.00242716
0.00910692
-0.00693573
-0.00403247
-0.00328668
0.00588204
-0.00254471
-0.000734265
0.0123859
-0.00199819
0.0088688
-0.00941532
0.00566701
-0.00712426
0.010989
0.00245615
0.0105069
-0.01504
0.00195
0.0155462
0.0146585
-0.0123675
-0.00115118
-0.00276487
0.0149535
-0.0223815
-0.0136893
0.00174812
0.00569725
-0.0188763
0.0104141
-0.0090557
-0.0175461
-0.00874212
-0.000584914
0.0154787
-0.00805317
0.0159816
-0.0234071
0.0199841
-0.0121576
-0.0123946
-0.00247089
0.0223569
-0.00854249
0.0205434
-0.00100922
-0.0245872
0.000816498
-0.00274031
0.00499062
0.00886812
-0.0148483
-0.00541291
0.00130761
-0.00230628
-0.00207833
0.0068545
-0.00335541
0.00904866
-0.0124562
0.000487957
0.000316804
0.00455467
-0.00668805
0.00189468
0.000159594
-0.00463276
0.00276523
-0.0040974
-0.00289298
0.00628998
-0.000910818
-0.00248619
4.34488e-05
0.00732434
-0.000608483
0.0027195
-0.00126994
0.000666975
-0.00110268
0.00596917
-0.00698009
-0.00176656
0.00452434
-0.00317774
0.00337827
-0.00302812
-0.00106369
-0.00222452
0.000552503
-0.00514784
0.00305911
0.00153621
-0.00520052
-0.00269277
-0.000353443
-0.00184878
0.00390939
-0.00866066
0.00420396
0.000960781
0.00349589
0.00355278
-0.00537114
-0.00934517
-0.00764907
0.00615091
-0.00343799
0.000339159
-0.00223219
0.00951362
-0.0158181
-0.00186781
-0.000538207
0.00295811
0.00244252
0.00613915
0.00704855
0.0150454
0.0185156
-0.00400587
-0.000694915
-0.0138148
0.0118173
0.0108084
-0.00692284
-0.00905774
0.00445225
0.0157587
-0.00279433
-0.0184562
0.0100491
0.011004
-0.00259695
-0.00891916
-0.0232916
0.01796
0.00254535
0.0147403
-0.0161399
-0.00213546
-0.000562904
0.0125673
-0.0054259
-0.0114951
0.00139378
0.0155272
-0.0152395
-0.0165275
0.00914779
-0.00245668
0.00578076
-0.0128038
0.00208958
0.00493347
-0.0119309
0.00859584
0.0151832
-0.0109248
-0.0126377
0.00557418
0.0172801
-0.00348843
0.00114934
0.0175536
0.0041681
0.0110682
0.0166862
-0.00553731
-0.0197004
-0.00945414
0.0128943
0.0162602
-0.0235336
-0.0151587
0.0190019
-0.0075411
-0.00638546
-0.0172226
-0.000538328
-0.0103948
0.00160148
-0.0238375
0.00200044
-0.0188294
0.0204592
0.0173627
-0.00914278
-0.0197395
-0.0227663
0.0246283
-0.00726204
0.0102204
-0.0049396
-0.00509437
-0.00120414
0.00226607
-0.00416448
-0.000431206
-0.00373642
0.00277891
-0.00799851
0.000343969
0.0040025
-0.00313221
0.00421661
-0.00168551
-0.000718876
-0.00391213
-0.00332202
-0.00103061
0.000525928
-0.000703718
-0.00235424
0.00137421
-0.0033758
0.00280145
0.0153479
-0.00401593
-0.0198602
0.00852825
0.0175863
0.00714891
0.00418615
-0.0113208
-0.0114676
0.0154766
0.00731167
-0.00623168
0.000874579
-0.00326306
0.00481287
-0.00279496
0.00107943
-0.000831747
-0.00257999
-6.37924e-05
0.00479546
0.00201822
-0.00203109
-0.000446262
0.00677041
-0.000210183
0.0013794
0.00320382
0.00283463
0.00280743
-0.00266712
0.00187791
0.00510638
-0.000937787
0.000415552
-0.000401015
0.00143172
6.95884e-05
0.00143461
0.00189995
-0.000450144
-0.00374262
-0.00345701
-0.00208706
0.00180145
-0.00276431
-0.000324602
-0.00053281
-0.00315052
0.00122407
-8.4041e-05
-0.00297322
0.0018332
-0.000157911
0.000957412
-0.00342348
-0.0261217
0.010402
-0.0116414
-0.0149459
0.00172444
-0.000122703
-0.0123407
-0.00559512
-0.00177138
-0.00623307
-0.000384563
-0.0136053
0.0109069
-0.0212872
0.0032093
0.00862375
-0.00972809
0.012101
0.00376621
0.00285175
-0.00466997
-0.0041613
0.000877506
0.00215914
-0.00237063
-0.00136493
-0.00180549
-0.00455092
-0.0011895
0.00367276
-0.00285501
-0.000352215
-0.00177133
0.0016402
-0.003574
0.00201957
-0.000400945
-0.00238708
0.00242629
-0.00246864
-0.00209361
0.00213596
7.88361e-05
0.00165629
-0.00492798
0.00293707
0.00184271
0.00315036
-0.00299192
-0.00172741
0.00149741
-0.00385759
-0.0010633
0.00614878
0.00138564
0.00191815
-0.00229548
-0.00240031
0.000894345
0.00560208
-1.34357e-05
0.00449002
-0.00716394
0.000813735
-0.00324071
0.0086498
-0.0043958
-0.00101329
-0.00561793
0.000693675
-0.00449106
-0.000895701
0.00867493
-0.0124198
-0.00365506
0.012247
-0.0150792
0.000456349
0.00568467
0.00893821
0.00649439
0.0138569
-0.00500337
0.00148812
-0.00169435
0.00226749
-0.00130992
-0.0025872
0.00546508
-0.00203499
-0.000295845
-0.00215227
0.00796104
-0.00819172
0.00192399
0.00411547
0.00512112
-0.00120512
-0.00266263
-0.00291073
0.00528934
-0.00169531
0.00131017
-0.000778988
-0.00602397
0.00549281
0.000503027
0.00313375
-0.00387576
0.000473624
0.00141167
-0.00216958
-0.00218957
0.00294752
0.00234335
-0.000317535
0.00145814
0.00283665
-0.00276524
-0.000486728
-0.000363698
0.000686006
-0.00279506
-0.00244269
-0.00240858
0.00373307
0.00505704
0.00123959
-0.000147734
0.00185856
-0.00328734
0.000933792
0.00248525
-0.000131701
-0.00117932
0.0038132
0.000636887
0.00501903
0.000175415
-0.00236561
0.00511312
-0.00111323
-0.00336299
-0.00183967
0.000366991
-0.000550846
-0.00465338
0.000491001
-0.00226811
0.00314883
-0.000625533
0.000155255
-0.00323552
-0.00230953
0.00145746
0.0040876
0.00138366
-0.00365824
-0.00395832
0.00482358
-0.00141644
-0.00236105
-0.00431653
0.00564926
-0.00172478
0.00133825
-0.00402209
0.00696223
0.000743221
-0.00250309
0.00558468
0.000651359
0.00302251
-0.00140324
0.00408829
0.00146855
-0.00268532
0.00307546
0.00405514
-0.00239223
0.00242538
0.00425861
0.00184758
0.000259829
0.00205045
-0.00329727
0.00561875
0.00661914
0.00701123
0.00333996
0.0111597
-0.00524536
0.00281247
0.0119755
-0.00954257
0.00259689
0.00101164
-0.000782226
0.000361148
-0.000590556
0.000313543
0.00064315
-0.0013577
0.005252
-0.00270546
-0.00120829
-0.00203834
0.00243693
0.00485341
-0.0052536
-0.000433282
-0.00511101
0.00530119
0.00317122
-0.00245819
0.00489616
0.0040933
-0.00145217
-0.00383302
-0.000472856
0.000195566
0.000935819
-0.000658523
0.000584585
0.00124286
0.00203251
0.000175093
-0.00035024
0.00103812
0.00282322
-0.00275009
0.00312297
-0.00319609
-0.00654982
-0.00396253
0.00207975
-0.00953271
0.000903148
-0.00244928
0.0055437
-0.0113292
-0.0012707
-0.000650842
-5.9905e-05
-0.00426848
-0.00157157
0.000287895
-0.00508903
0.00172801
0.00307306
0.00206372
-0.00385813
0.00208229
-0.00264868
0.00394857
0.00135118
-0.00051918
-0.00179353
0.00022489
-0.00376799
-0.000605411
0.000898502
0.00158578
0.00464031
0.00169909
0.00135865
-0.00180739
0.00363277
0.00025055
-0.00248558
-1.11965e-05
-0.00127119
0.000366796
-0.000725387
0.00465762
0.00541467
-0.00470541
-0.00425862
-0.00172742
0.0028236
-0.00698879
0.00589262
-0.00648871
0.0018534
-0.00751146
-0.00441815
0.00173375
-0.00481133
-0.00488902
-0.00367963
0.00319397
-0.000805364
-0.00122079
0.00197653
-0.00366782
0.00108221
0.00242811
-0.00312455
-0.000606836
-0.00103394
-0.00476447
0.00512799
0.00468987
0.00701404
0.00353898
-0.00419627
-0.00297419
-0.000956102
-0.0059535
0.00605939
-0.00499886
-0.000725316
-0.00438399
-0.00502701
0.00401326
0.00126458
-0.005683
-0.00452501
-0.001533
0.00503177
0.00522209
0.00191848
0.00113459
-0.00116403
-0.000952196
0.00304145
0.000142455
0.000478853
-0.00191751
-0.000237792
0.000304553
0.000624025
-0.000690794
-0.00378271
0.00067791
-0.00237884
0.00335596
-0.000264581
0.00114871
-0.000203335
-0.000680784
-0.00170712
0.0102874
-0.00779813
-0.00661044
0.0108384
-0.0046809
-0.00787275
0.00780513
-0.0070869
0.00879541
0.00165306
-0.00158199
0.00273636
0.00342403
-0.00115607
-0.00464804
-0.0027983
0.00347058
-0.00453042
-0.008469
0.00418248
0.00717404
-0.00177086
0.00511383
0.000750654
-0.00810826
0.00505661
0.00230097
0.0048605
-0.00164003
0.00107125
0.00718791
0.00545029
0.00152818
0.00352008
0.00708126
-0.00645563
-0.00160154
-0.0219567
0.0204443
-0.00773388
0.00668542
-0.00643726
0.0207487
-0.00943495
-0.00487648
0.00229928
0.0113696
-0.0228503
0.00918142
0.00894956
0.00073618
0.00232261
0.00494838
0.000204638
-0.00747564
0.00402657
0.00137661
0.0010781
0.00527107
0.00482064
0.00542622
-0.00243337
-0.00340151
0.00397667
0.00485106
0.00143757
-0.000588595
0.00119609
0.00114797
0.00551261
-0.00542732
0.00248059
-0.00832132
0.0164386
0.00573425
-0.00817261
0.00737183
0.00226939
0.0105756
-0.000194709
0.00755508
-0.00375395
0.00494828
0.0141004
-0.0152947
-0.00958175
-0.014369
0.0121357
0.0118151
-0.0144649
0.0190932
-0.0161346
-0.00235082
0.00997194
-0.00734665
-0.000260202
-0.0042379
0.0019092
0.00136697
0.00450942
-0.00196833
0.000741764
-0.00431332
0.00622218
0.00172605
-0.00181815
-0.00268762
0.00281999
-0.0036514
0.00468667
0.00028756
-0.000107982
-0.00610072
0.000799122
0.00478899
0.00270891
-0.00829701
-0.00338794
0.00167069
-0.00124482
-0.000272195
-0.00263113
-0.00198559
-0.00104421
0.00260437
-0.00104339
-0.00268745
-0.00052946
-0.00239204
0.000334298
-0.000528362
0.00505328
-0.0135779
-0.00509159
0.0140384
-0.0126449
0.00148344
-0.00302842
-0.00497329
-0.0145355
0.0156422
-0.00639931
-0.00209401
0.00472215
-0.00152595
0.00232293
-0.00551914
-0.000647206
0.00306492
0.000277993
6.46538e-05
-0.0023216
-0.00218475
-0.000320234
0.00220899
0.000475501
0.00341975
0.00546155
-7.81152e-05
-0.000541006
-0.00755171
-0.000591685
0.00569412
-0.00527201
-0.00309103
0.00546598
-0.00220215
-0.00632851
0.000978958
0.00291599
-0.00560153
-0.0117707
0.0153655
-0.0188128
-0.00610817
0.0024259
-0.0135738
-0.00467027
0.00319911
0.00474765
-0.00171203
0.00694988
-0.00449609
-0.00895194
0.00906636
-0.0152237
0.0117272
-0.00559395
0.0114994
0.00582177
-0.0189297
-0.00832326
0.00812863
-0.00302956
0.0176038
-0.00416044
-0.0104138
0.00364729
0.0199182
-0.0162535
-0.010102
0.00746933
0.00674921
0.00750789
0.00695849
-0.0197023
0.0139884
0.00278268
0.00431977
0.0136424
0.00674458
-0.0139863
0.0119093
-0.0193119
-0.0147557
-0.00788577
-0.00403904
-0.0016326
0.000111867
-0.0050192
-0.00122298
0.00613033
-0.0018948
0.0012843
-0.00408269
-0.00319683
-0.00157136
0.00194932
-0.000750073
-0.00143037
0.00058945
4.10112e-06
0.000375907
-0.00246254
0.00341597
-0.000554814
0.00335143
-0.00116618
-0.000766363
-2.85474e-05
0.00263114
-0.00183626
0.00412053
-0.00335683
0.00254168
-0.00239771
0.000253681
-0.00640625
0.00607474
-1.62131e-06
0.00769258
-0.0021208
0.00622971
0.00701661
-0.000612115
-0.00732735
0.00136474
0.00261119
-0.00017755
0.000574462
-3.35794e-05
0.00063361
-0.000788209
-0.00365488
-0.000269862
0.00365557
0.00317751
-0.00106272
-0.00153359
-0.00334064
0.000220863
0.00451014
0.002455
-0.000407994
0.000903536
-0.00507641
0.00458088
0.00259055
-0.00544789
-0.000762519
-0.00275085
-0.000774609
0.00756449
0.00905651
-0.00494659
-0.000976722
0.00761461
-0.00359315
-0.00312304
-0.00100584
-0.00995036
-0.00775176
0.00335648
0.00601772
-0.00286297
0.00602435
0.00283137
0.00203021
0.001829
-0.000420452
0.00252383
-0.000705394
0.00110934
-0.00129689
0.00286262
0.00474766
0.00309647
-0.00429562
-0.00201293
-0.000673222
-0.00153059
0.000484514
-0.000843194
-0.00100839
0.00271
-0.00308251
-0.000393862
-0.00033213
0.000180327
0.0006874
0.000738401
-0.00120743
-0.00181614
-0.00252774
-0.000183592
-0.000956497
-0.00411638
0.00499285
0.00807308
0.00138879
-0.0041401
0.0032383
0.00490349
-0.00408387
0.00115834
0.0040605
0.00238786
0.000793142
-0.00981732
0.00261791
-0.00730376
0.000618047
0.00820652
0.00066041
0.00482242
0.00103156
-0.00100293
-0.00237773
-0.00205194
0.00629827
0.00265765
0.0044032
-0.000667879
-0.00756922
-0.00656101
0.00309032
0.0059157
-0.00292752
0.00198062
0.0107447
0.00260152
0.00338631
-0.00180088
0.00634955
-0.00186473
-0.00508416
-0.00384079
0.00337379
-0.000767559
-0.00198588
-0.00408879
-0.00217432
0.00165404
0.00579889
-0.00588746
-0.0031962
-0.00215809
-0.00619261
-0.00957167
0.0002995
0.01052
-0.00124783
-0.00578042
-0.00962194
-0.00357564
0.000577286
0.00292258
0.00724098
0.0147844
-0.00307472
0.00330004
0.00224258
0.000777586
0.00338379
-0.00110216
0.00645463
0.00642395
9.30167e-05
0.00113742
0.00380635
0.00454269
0.00357485
-0.00268715
-0.000101236
0.00346784
0.00124772
-0.000950089
-0.00232372
1.61671e-05
0.00380534
-0.00149778
0.00224929
0.00106682
-0.000940434
0.00131037
-0.00158151
-0.00203788
-0.000819686
0.00311123
0.00203537
-0.000799601
-0.00126433
0.0028041
-0.00442402
-0.00111149
-0.00792424
-0.000302351
-0.00250842
-0.00446908
-0.00598532
-0.00296553
-0.00959862
0.002164
0.00430222
-0.00445057
-0.01385
-0.00493263
-0.00286526
0.00245467
-0.00664023
0.0013203
0.000815113
-0.00393029
0.00253427
-0.00276817
0.000375998
-0.00242302
-0.00079694
0.000282849
-0.0014715
-0.00265246
-0.00177155
-0.00252892
0.00114996
0.00331949
0.00994905
-0.0129874
-0.00275967
0.00657047
0.0036058
-0.00371044
0.00776033
-0.00726667
0.00198272
-0.0135289
-0.0083527
0.0217717
-0.0117826
0.0105267
-0.00639992
0.00765588
-0.0162917
-0.000483729
0.000558986
0.000338233
0.000129903
0.00065332
0.000490957
-0.000366686
-0.00536602
-0.00349946
-0.00427863
0.00184681
0.00122439
0.00585342
-0.00519262
-0.00087488
-0.00032305
-0.00308071
0.0038895
-0.000791495
0.00177035
0.000812543
-0.00107239
-0.00344937
-0.000538903
0.00564133
0.00561777
-0.00295011
-0.00527005
-0.000401822
0.00211807
-0.000408584
0.000101363
0.000274527
-0.00127364
0.00110195
-0.000350182
0.000521878
-5.34482e-06
-0.00383202
0.0065349
0.0056458
0.000384898
-0.000412174
0.00283313
0.00815406
0.000656524
0.000473946
0.00508095
-0.00621141
0.00720845
0.00046366
-0.00256573
0.00333313
0.00481923
-0.00602217
-0.00210437
0.00790054
-0.00782039
0.00107232
-0.00279543
-0.000855261
-0.00603969
0.0020073
0.00254556
-0.00640727
0.00412246
0.00194139
0.000343417
0.0029336
-0.00604409
0.00360606
-0.00555163
0.00332419
0.00555055
0.000923738
-0.00319128
-5.26924e-05
0.00119195
0.00678016
-0.00245674
0.00823977
-0.00485929
0.00699728
0.00570981
-0.00209107
0.00054385
0.00725703
-0.011652
0.0068437
-0.00483881
-0.0121882
0.00877878
0.0106504
0.0167205
-0.00860603
0.00874665
-0.00702654
-0.0127863
-0.0179128
-0.000347683
-0.00931946
-0.00148684
-0.00364326
-0.00281825
0.00225737
0.00107921
-0.00188188
0.000984709
-0.000182051
0.0028892
-0.00345279
0.00105456
-0.000130247
0.00347028
-0.00349081
0.00247793
-0.000925054
-0.0018229
0.000270026
0.00211913
0.00353595
-0.00357279
-0.00157041
-0.000295399
0.00329486
-0.00355427
-0.00382641
0.00323297
0.00106782
0.000483097
0.00147087
-0.00196615
0.00122636
0.000772439
0.00340549
0.0016837
0.000545513
-0.00103309
0.000691793
0.000589675
0.000418634
0.000658981
-0.00318056
0.00246617
0.00232194
-0.00162005
-3.12106e-05
0.00414725
-0.0029533
-0.00116242
-3.15128e-05
-0.00507227
0.00167678
0.000352167
-0.0024845
0.000455604
-0.00238818
0.00493052
-0.00113064
-0.001069
-0.00332722
0.00090543
-0.00166361
0.00319989
-0.0040964
-0.000282803
-0.003163
-0.000182052
-0.00124879
0.000878472
-0.00190922
0.00227955
0.000929604
0.000498289
0.000196418
-0.00162432
-0.00320876
0.000235919
-0.00053072
-0.0020268
0.00379288
-0.00308763
0.00065476
0.002163
0.00279899
-0.00206487
-4.45804e-05
0.000835809
0.000559681
-0.00202275
-0.00193927
0.00266979
0.00129222
-0.0047398
0.0078886
0.00595045
-0.00909926
-0.00504555
-0.00502864
0.00540371
-6.99413e-05
0.000772737
-0.00451795
0.00561446
-0.00776551
0.00415486
-0.00200384
0.00482064
-0.0222165
0.00216357
-0.0131677
-0.00314545
-0.0029185
-0.00102295
-0.00379089
0.0105474
0.00381142
0.00505711
-0.00995146
-0.0173222
0.0179598
-0.0166851
0.00219258
-0.0038468
-0.000465659
-0.000746324
-0.00171614
-0.0090654
-0.0144467
0.0227824
0.00072962
-0.00820619
0.0216214
-0.0181802
0.00476494
-0.00988918
0.00781838
0.00670685
-0.0201551
0.00559936
0.0131362
0.00909191
0.00290562
0.00127859
-0.000489968
0.000569455
0.00532096
0.00288503
0.000816973
-0.00272279
-0.00097919
0.00226331
0.0024917
-0.00247785
0.00235172
0.00677167
-0.000277624
0.000653742
0.00037089
-4.93158e-06
-0.000856809
0.000490847
-0.000209528
-0.00171992
0.00251912
0.0016854
-0.0016556
-0.00246234
0.0009991
0.00624985
0.00659509
-0.0163408
-0.000143445
0.00136626
-0.00121886
0.000788411
0.00770332
-0.00135115
-0.00871117
0.00235901
-3.19863e-05
0.00528187
0.00168451
-0.0087986
0.00627172
0.00780874
-0.000865934
-0.000691923
-0.00117436
0.0126137
-0.00478365
0.00158231
0.00724052
0.00211632
-0.00522883
0.00981936
-0.0101613
-0.00164018
0.00843462
0.000687006
-0.00267912
0.00173451
-0.00295653
0.00349195
0.00214149
-0.000475006
-0.00461978
0.000821314
-0.00685627
-0.00869631
-0.000788475
-0.00310293
0.00562464
-0.00624666
-0.00139996
0.00069377
0.000934124
-0.00165834
0.00056575
0.00174975
0.000766173
-0.00151682
0.00200743
-0.000742638
0.000110932
0.00104013
-0.00228159
0.00338094
-0.000153458
0.0038454
-0.000863242
9.05774e-06
0.000809332
4.48601e-05
-0.00348498
0.00358818
-0.00595065
0.00222984
-0.00879483
0.000963641
-0.000389393
-0.00287417
0.00206394
0.00319547
-0.0108279
0.00979601
-0.00288684
0.0021964
-0.00398483
-0.00111895
-2.52368e-05
0.000849918
-0.00161375
0.000789075
0.00219243
0.00685426
0.00418865
-0.00941674
0.0297753
-0.0239375
0.00718392
0.00316221
0.0165285
0.0081931
0.0206024
-0.00166566
-0.0114208
0.00443152
-0.00244566
0.00594165
-0.00818963
0.0163484
0.0153531
-0.00275181
0.000594051
0.00226231
-0.000104549
-0.000851514
-9.40586e-05
-0.00168523
-0.00131722
0.000149447
0.000434672
0.000603344
9.80121e-05
-0.00242732
0.00677476
0.00353841
-0.0057141
-0.00684291
0.0056519
-0.00199396
0.00867178
-0.0160023
-0.00935456
-0.0054695
0.00831828
-0.00233408
-0.000514665
-0.0039754
0.000433547
-1.02406e-05
-0.00244606
-0.00859406
-0.00163526
-0.00932743
-0.00295605
0.00126691
0.00468672
0.00991233
0.000565917
-0.0062981
0.000721172
0.000928874
0.00157425
-0.000578718
-0.00423102
0.00101695
-0.00140132
-0.00129994
-0.00061997
0.00039997
-0.0022166
-0.000135241
-0.00353188
0.00170263
-0.00184753
-0.00249706
-0.000929758
-0.00352232
0.00106712
-0.00324554
-0.00131596
-0.00304453
-0.00193763
0.00329998
0.000703975
-0.000943427
-0.00475538
0.00537574
-0.00402127
0.00880694
0.00488553
-0.00136694
-0.000110775
-0.00340784
0.00276815
-0.00860219
-0.00413845
-0.00119879
0.0054215
-0.00366217
0.00401949
0.00758113
-0.00555698
-0.00600406
-3.19713e-05
-0.00598521
0.000258865
-0.00508523
0.00362675
-0.00080724
-0.00833792
0.00984561
0.00349776
-0.00500546
-0.00622503
0.00833823
-0.0181155
-0.00219317
-0.00313546
0.00696821
0.0170965
0.00406485
0.00556555
-0.00275427
-0.0160578
-0.00978791
0.00221173
0.00334219
0.00310253
-0.000879182
0.00206031
0.000938932
0.00116561
-0.00162405
-0.000233349
0.000935536
-0.000344065
-0.000503169
0.00159023
0.00428901
-0.00292229
-0.00107617
0.00398308
-0.00261388
-0.00330684
0.00128166
-0.000177311
0.00063051
0.0043106
-0.00391419
0.0206542
0.00378383
0.0149172
-0.00268683
-0.00518513
0.0151836
-0.0119757
-0.00843822
0.00240819
-0.0175163
0.0235556
0.0212236
-0.00454394
0.0103039
-0.0167787
-0.0114832
-0.000506195
-0.0070168
0.00327299
0.0017787
-0.00555789
0.00836772
-0.0100481
0.00229488
0.00844908
-0.00450644
-0.000783907
0.00303229
-0.0047388
-0.00787426
0.00572142
-0.000449405
0.00233901
0.000888247
-8.60612e-05
-0.000169326
0.000796008
0.0029992
0.000241276
0.000212991
-0.00345349
-0.00502953
-0.00376866
-0.00482479
-0.00355444
0.00591221
0.00198814
-0.00347433
-0.00694965
0.00196026
0.00533952
-0.00119294
0.0040096
0.0048472
-0.00164835
0.00425069
-0.0144906
0.00570396
-0.0078458
0.0133016
-0.00117725
0.00370122
-2.43639e-05
0.000316084
0.00694612
-0.0136621
-0.00684985
0.00368942
0.00447541
-0.00471486
-0.00147731
0.00876231
-0.00830661
-0.00411469
0.000536152
0.00221719
-0.0011384
0.00176848
0.00321532
-3.36386e-05
-0.000266162
0.000942951
0.0030696
0.000813022
-0.00526375
0.00329471
0.00187269
0.000964741
0.00450216
-0.0026162
0.00219244
-0.00571173
-0.00221281
0.00256472
-0.00159863
-0.00019759
-0.00266051
-0.000996908
0.00609058
0.000704783
-0.00183727
0.00288066
0.00380704
-0.0134646
7.82852e-05
0.00956007
-0.00956904
0.0180952
0.0030539
-0.00431409
0.00371645
0.000710888
-0.00178205
0.00202209
-0.00138014
0.00165876
-0.000259539
0.000351165
-0.00117688
0.00160206
0.001381
0.00783019
0.0167902
-0.0139488
0.0170916
-0.00610291
0.00114201
-0.00131437
0.00098936
-0.00041995
-0.00139304
0.00170845
-0.0034252
-0.00219935
-0.00226686
0.00184118
-0.00280843
0.00291139
-0.000136597
-0.00103994
0.000657655
-0.00435259
0.000738545
-0.00649782
-0.00105442
0.000116795
-0.00369147
-0.00621324
0.000423544
0.000429918
-8.57778e-05
-0.000767666
0.000152283
-0.00170689
-0.00454984
0.00769207
0.000140693
-0.00541477
-0.000392338
0.000232282
0.000313569
-0.000153507
-0.000490457
0.000408957
-0.015529
-0.00656798
0.0147306
0.00736643
0.00390023
0.0075277
-0.0082091
0.00633578
-0.00257514
-0.00065811
-0.00312358
0.00330232
0.000671189
-0.0132338
0.0168576
0.00748381
-0.00478483
0.00214823
-0.003076
0.000364855
0.000229126
0.000370394
-0.000397669
-7.37433e-05
-0.000184428
-0.000371949
0.00128906
-3.78625e-05
0.000864697
5.91687e-05
0.00283368
0.000968118
-0.00381204
0.00234883
0.00306697
0.00206802
0.000675332
0.00166489
0.00182778
0.00677346
-0.00132291
0.00608919
0.00303311
-0.012312
-0.00161618
-0.0112299
0.00811613
-0.00631345
-0.00138765
-0.00716016
0.00757354
-0.00676872
-7.8423e-05
-0.00406039
-0.00574487
-0.000587799
0.000714702
0.00240213
0.000209474
0.00280263
-0.0136171
0.00478543
0.00266142
-0.00215133
0.003286
0.00192456
0.00049253
0.0123901
0.00233325
-0.000957432
0.00504642
0.00386276
0.00295574
0.000397135
-0.00248673
-0.000674112
-0.00267876
0.000695376
0.00108213
0.00105565
0.00083499
0.0011056
0.000320468
0.0013959
-0.00107544
-0.00107803
0.00149137
-0.000962309
0.000886435
-0.000289394
-0.0014027
0.00117726
0.000140826
-0.00198879
0.00371181
0.000241254
0.0012121
0.000136719
0.00131687
-0.000481438
-0.000366623
0.000897274
-0.000796869
)
;

boundaryField
{
    tank_inlet
    {
        type            calculated;
        value           nonuniform List<scalar> 
96
(
-0.0115051
-0.0130322
-0.0123203
-0.0115042
-0.0111052
-0.0114054
-0.0111042
-0.0091736
-0.0115046
-0.00914194
-0.0115053
-0.0111013
-0.011504
-0.0115042
-0.0110958
-0.00885296
-0.011306
-0.00993372
-0.00944649
-0.00943209
-0.0129215
-0.0125486
-0.0112931
-0.00990347
-0.0101774
-0.0115053
-0.0115046
-0.00938137
-0.0115059
-0.0110998
-0.00873592
-0.00862819
-0.0115054
-0.00922415
-0.0115049
-0.00925884
-0.011505
-0.0103893
-0.00978066
-0.00881464
-0.0116808
-0.0132112
-0.0103293
-0.013043
-0.0111155
-0.0128484
-0.0114839
-0.00934626
-0.0129633
-0.012118
-0.0123637
-0.0127261
-0.0117524
-0.0118012
-0.0149262
-0.0107004
-0.0108209
-0.0114984
-0.00929071
-0.0161201
-0.0099375
-0.0118749
-0.00907184
-0.00977684
-0.00908282
-0.0118065
-0.012497
-0.0121972
-0.0106242
-0.0119483
-0.0124367
-0.00992259
-0.0106559
-0.00935009
-0.00994721
-0.00902155
-0.00907182
-0.00914266
-0.00981438
-0.012689
-0.00901887
-0.00901977
-0.00914191
-0.00911209
-0.00905528
-0.00902179
-0.00907684
-0.00873074
-0.00934253
-0.00900316
-0.00901963
-0.0091419
-0.00914102
-0.00923285
-0.00907091
-0.00914214
)
;
    }
    tank_outlet
    {
        type            calculated;
        value           nonuniform List<scalar> 
385
(
0.00139895
0.000522244
0.000671705
0.00123831
0.00122203
0.00228057
0.00603594
0.000470229
0.000534597
0.00213394
0.000577586
0.00134427
0.000411903
0.00220057
0.000464724
0.000714784
0.000583556
0.000603683
0.000416758
0.0114872
0.000494828
0.000484766
0.00105346
0.000492016
0.000763206
0.000497631
0.000551047
0.000694362
0.000752546
0.000516729
0.000463467
0.000452652
0.000627034
0.000541353
0.000478448
0.000560631
0.000807364
0.000432167
0.000479505
0.000465223
0.000457931
0.00119326
0.00053655
0.000734326
0.000423597
0.000415779
0.000449627
0.000748784
0.000621948
0.00057611
0.000767634
0.000525793
0.00079524
0.000568786
0.00305206
0.000754695
0.00117055
0.00073803
0.00135459
0.000600299
0.00127041
0.000487934
0.000500219
0.000755312
0.000644948
0.000512543
0.000646863
0.00125629
0.000416667
0.00110332
0.000481049
0.00122571
0.000461973
0.00124733
0.000464657
0.00065543
0.000476727
0.000703251
0.000397944
0.00105808
0.0004807
0.000669289
0.000637331
0.00068543
0.000405984
0.000765984
0.00238549
0.00140888
0.000483697
0.000489889
0.00121398
0.000691518
0.00108981
0.00125188
0.000559182
0.000503378
0.000545466
0.000582639
0.00313753
0.000718376
0.00119331
0.000761856
0.000516628
0.000834012
0.000470327
0.000549802
0.0007113
0.000489744
0.000849782
0.000748208
0.00111533
0.000639662
0.00117243
0.000725607
0.00132728
0.000635425
0.000811317
0.00359327
0.000741841
0.00117566
0.000433572
0.000565074
0.000708107
0.00111555
0.000621236
0.000676751
0.0018612
0.000712231
0.00265867
0.00065338
0.000499305
0.00125527
0.000566139
0.00143232
0.000795825
0.001272
0.00278487
0.00106285
0.000672188
0.00278331
0.0064945
0.00164035
0.00118147
0.00126351
0.00483869
0.00211327
0.00109283
0.000673565
0.00124616
0.000692941
0.00278058
0.00641949
0.00114362
0.00317392
0.00259099
0.00242687
0.000540938
0.00116638
0.000690587
0.00322694
0.00108208
0.00252446
0.000756764
0.000774685
0.00124961
0.00215648
0.00236991
0.00190252
0.00192104
0.00121935
0.0026186
0.0020102
0.00117135
0.000729165
0.0012083
0.0021934
0.00126442
0.00110226
0.00114941
0.00121676
0.000702103
0.00124823
0.0030536
0.00251005
0.00247683
0.000748171
0.000751586
0.00181945
0.00199945
0.00119182
0.00185463
0.00124075
0.00111888
0.00127025
0.00196316
0.000687079
0.00121771
0.00118252
0.00105762
0.00116744
0.00204457
0.00070029
0.00273324
0.00334065
0.00225151
0.00129511
0.00317494
0.00115678
0.00187844
0.00632607
0.00204666
0.0011186
0.00253219
0.00181225
0.00123949
0.00184943
0.000822064
0.00218437
0.00130472
0.00240309
0.00247279
0.00230086
0.00386749
0.00314013
0.00289688
0.0034169
0.00195407
0.00270564
0.00442301
0.00192615
0.00325255
0.00305922
0.00282824
0.00394911
0.00271329
0.00275156
0.00489457
0.0037501
0.00258998
0.00359656
0.00276526
0.00276877
0.00281918
0.0044924
0.00275891
0.00439729
0.00388689
0.00534284
0.00291175
0.00540126
0.00569707
0.00433248
0.00421901
0.00454196
0.00564298
0.00363952
0.005382
0.0151148
0.00505901
0.00594751
0.00643898
0.00502134
0.00400068
0.00528976
0.00349035
0.00523454
0.00777734
0.00637157
0.00712805
0.00513683
0.00573636
0.0046958
0.00640138
0.0100271
0.00544926
0.00552905
0.00712129
0.00987516
0.0117687
0.00825515
0.00834854
0.00816413
0.006511
0.00799975
0.00826551
0.0110909
0.0122934
0.0103704
0.00941571
0.00772967
0.0101285
0.00861132
0.0100809
0.00894936
0.00990942
0.0128256
0.0106479
0.0142265
0.013163
0.0127031
0.000672194
0.000715461
0.000719902
0.000706776
0.000430114
0.000637872
0.00106833
0.0153133
0.0187605
0.0111357
0.00292931
0.0127632
0.0047179
0.00633537
0.00644168
0.00522465
0.00130687
0.000698593
0.00333157
0.000547657
0.0103996
0.00871596
0.0077127
0.000655926
0.00720126
0.00297119
0.00214705
0.00123852
0.00528984
0.0030169
0.00105561
0.00344383
0.000475381
0.00126861
0.00230689
0.000677355
0.000530677
0.00154496
0.00771503
0.00266139
0.00341611
0.00602027
0.000731462
0.00119221
0.000760863
0.00122838
0.00206942
0.00251193
0.000856052
0.000827364
0.00221257
0.00228128
0.000709124
0.000503881
0.00394333
0.000695806
0.000474609
0.000682168
0.000799315
0.00144145
0.000520869
0.000705717
0.0019123
0.000707727
0.000495099
0.000729178
0.00337518
0.00127149
0.000736326
0.000694465
0.00191036
0.00104877
0.00138347
0.000773405
0.00459966
0.00249162
0.00108465
0.00053417
0.00068892
0.0077867
0.00119892
0.000589879
0.000471012
0.0011921
0.0108373
)
;
    }
    tank_walls
    {
        type            calculated;
        value           uniform 0;
    }
}


// ************************************************************************* //
